timestamp,pod,pod_uid,app,phase,pod_ready,ready_containers,total_containers,restart_count,container_restarts,container_states,api_pod_count,node,all_nodes_ready,node_states
2026-09-17T17:40:57.186Z,api-5446dc8d87-6l9mv,9246cf39-f267-4f44-bc84-2767b1b72c59,api,Running,True,1,1,0,"{""api"": 0}","{""api"": ""running""}",1,desktop-control-plane,True,"{""desktop-control-plane"": true}"
2026-09-17T17:40:57.186Z,jaeger-7cc9b664cc-8zts5,66d6c19f-d2b0-40bb-bf1f-41667edf8656,jaeger,Running,True,1,1,0,"{""jaeger"": 0}","{""jaeger"": ""running""}",1,desktop-control-plane,True,"{""desktop-control-plane"": true}"
2026-09-17T17:40:57.186Z,otel-collector-7c765745bf-d64nd,e1d10cbf-afc3-415e-b996-9a271df63bf2,otel-collector,Running,True,1,1,0,"{""otel-collector"": 0}","{""otel-collector"": ""running""}",1,desktop-control-plane,True,"{""desktop-control-plane"": true}"
2026-09-17T17:40:57.186Z,postgres-676cc4986c-v8qxn,1bf14322-2c6f-423c-b80e-860c302c8460,postgres,Running,True,1,1,0,"{""postgres"": 0}","{""postgres"": ""running""}",1,desktop-control-plane,True,"{""desktop-control-plane"": true}"
2026-09-17T17:40:57.186Z,prometheus-59f5cf7468-7zcq5,e2dfb979-47ef-4b38-9873-7fc3eee70142,prometheus,Running,True,1,1,0,"{""prometheus"": 0}","{""prometheus"": ""running""}",1,desktop-control-plane,True,"{""desktop-control-plane"": true}"
2026-09-17T17:40:57.186Z,rabbitmq-5cdf8f76b7-bkvlg,6390bb39-0727-4ae9-88b4-23eb06cf28be,rabbitmq,Running,True,1,1,0,"{""rabbitmq"": 0}","{""rabbitmq"": ""running""}",1,desktop-control-plane,True,"{""desktop-control-plane"": true}"
2026-09-17T17:40:57.186Z,worker-57dcf48f69-tpt7l,05eef36a-55a7-4727-a795-7740fdc24f97,worker,Running,True,1,1,0,"{""worker"": 0}","{""worker"": ""running""}",1,desktop-control-plane,True,"{""desktop-control-plane"": true}"
2026-09-17T17:41:02.186Z,api-5446dc8d87-6l9mv,9246cf39-f267-4f44-bc84-2767b1b72c59,api,Running,True,1,1,0,"{""api"": 0}","{""api"": ""running""}",1,desktop-control-plane,True,"{""desktop-control-plane"": true}"
2026-09-17T17:41:02.186Z,jaeger-7cc9b664cc-8zts5,66d6c19f-d2b0-40bb-bf1f-41667edf8656,jaeger,Running,True,1,1,0,"{""jaeger"": 0}","{""jaeger"": ""running""}",1,desktop-control-plane,True,"{""desktop-control-plane"": true}"
2026-09-17T17:41:02.186Z,otel-collector-7c765745bf-d64nd,e1d10cbf-afc3-415e-b996-9a271df63bf2,otel-collector,Running,True,1,1,0,"{""otel-collector"": 0}","{""otel-collector"": ""running""}",1,desktop-control-plane,True,"{""desktop-control-plane"": true}"
2026-09-17T17:41:02.186Z,postgres-676cc4986c-v8qxn,1bf14322-2c6f-423c-b80e-860c302c8460,postgres,Running,True,1,1,0,"{""postgres"": 0}","{""postgres"": ""running""}",1,desktop-control-plane,True,"{""desktop-control-plane"": true}"
2026-09-17T17:41:02.186Z,prometheus-59f5cf7468-7zcq5,e2dfb979-47ef-4b38-9873-7fc3eee70142,prometheus,Running,True,1,1,0,"{""prometheus"": 0}","{""prometheus"": ""running""}",1,desktop-control-plane,True,"{""desktop-control-plane"": true}"
2026-09-17T17:41:02.186Z,rabbitmq-5cdf8f76b7-bkvlg,6390bb39-0727-4ae9-88b4-23eb06cf28be,rabbitmq,Running,True,1,1,0,"{""rabbitmq"": 0}","{""rabbitmq"": ""running""}",1,desktop-control-plane,True,"{""desktop-control-plane"": true}"
2026-09-17T17:41:02.186Z,worker-57dcf48f69-tpt7l,05eef36a-55a7-4727-a795-7740fdc24f97,worker,Running,True,1,1,0,"{""worker"": 0}","{""worker"": ""running""}",1,desktop-control-plane,True,"{""desktop-control-plane"": true}"
2026-09-17T17:41:07.186Z,api-5446dc8d87-6l9mv,9246cf39-f267-4f44-bc84-2767b1b72c59,api,Running,True,1,1,0,"{""api"": 0}","{""api"": ""running""}",1,desktop-control-plane,True,"{""desktop-control-plane"": true}"
2026-09-17T17:41:07.186Z,jaeger-7cc9b664cc-8zts5,66d6c19f-d2b0-40bb-bf1f-41667edf8656,jaeger,Running,True,1,1,0,"{""jaeger"": 0}","{""jaeger"": ""running""}",1,desktop-control-plane,True,"{""desktop-control-plane"": true}"
2026-09-17T17:41:07.186Z,otel-collector-7c765745bf-d64nd,e1d10cbf-afc3-415e-b996-9a271df63bf2,otel-collector,Running,True,1,1,0,"{""otel-collector"": 0}","{""otel-collector"": ""running""}",1,desktop-control-plane,True,"{""desktop-control-plane"": true}"
2026-09-17T17:41:07.186Z,postgres-676cc4986c-v8qxn,1bf14322-2c6f-423c-b80e-860c302c8460,postgres,Running,True,1,1,0,"{""postgres"": 0}","{""postgres"": ""running""}",1,desktop-control-plane,True,"{""desktop-control-plane"": true}"
2026-09-17T17:41:07.186Z,prometheus-59f5cf7468-7zcq5,e2dfb979-47ef-4b38-9873-7fc3eee70142,prometheus,Running,True,1,1,0,"{""prometheus"": 0}","{""prometheus"": ""running""}",1,desktop-control-plane,True,"{""desktop-control-plane"": true}"
2026-09-17T17:41:07.186Z,rabbitmq-5cdf8f76b7-bkvlg,6390bb39-0727-4ae9-88b4-23eb06cf28be,rabbitmq,Running,True,1,1,0,"{""rabbitmq"": 0}","{""rabbitmq"": ""running""}",1,desktop-control-plane,True,"{""desktop-control-plane"": true}"
2026-09-17T17:41:07.186Z,worker-57dcf48f69-tpt7l,05eef36a-55a7-4727-a795-7740fdc24f97,worker,Running,True,1,1,0,"{""worker"": 0}","{""worker"": ""running""}",1,desktop-control-plane,True,"{""desktop-control-plane"": true}"
2026-09-17T17:41:12.187Z,api-5446dc8d87-6l9mv,9246cf39-f267-4f44-bc84-2767b1b72c59,api,Running,True,1,1,0,"{""api"": 0}","{""api"": ""running""}",1,desktop-control-plane,True,"{""desktop-control-plane"": true}"
2026-09-17T17:41:12.187Z,jaeger-7cc9b664cc-8zts5,66d6c19f-d2b0-40bb-bf1f-41667edf8656,jaeger,Running,True,1,1,0,"{""jaeger"": 0}","{""jaeger"": ""running""}",1,desktop-control-plane,True,"{""desktop-control-plane"": true}"
2026-09-17T17:41:12.187Z,otel-collector-7c765745bf-d64nd,e1d10cbf-afc3-415e-b996-9a271df63bf2,otel-collector,Running,True,1,1,0,"{""otel-collector"": 0}","{""otel-collector"": ""running""}",1,desktop-control-plane,True,"{""desktop-control-plane"": true}"
2026-09-17T17:41:12.187Z,postgres-676cc4986c-v8qxn,1bf14322-2c6f-423c-b80e-860c302c8460,postgres,Running,True,1,1,0,"{""postgres"": 0}","{""postgres"": ""running""}",1,desktop-control-plane,True,"{""desktop-control-plane"": true}"
2026-09-17T17:41:12.187Z,prometheus-59f5cf7468-7zcq5,e2dfb979-47ef-4b38-9873-7fc3eee70142,prometheus,Running,True,1,1,0,"{""prometheus"": 0}","{""prometheus"": ""running""}",1,desktop-control-plane,True,"{""desktop-control-plane"": true}"
2026-09-17T17:41:12.187Z,rabbitmq-5cdf8f76b7-bkvlg,6390bb39-0727-4ae9-88b4-23eb06cf28be,rabbitmq,Running,True,1,1,0,"{""rabbitmq"": 0}","{""rabbitmq"": ""running""}",1,desktop-control-plane,True,"{""desktop-control-plane"": true}"
2026-09-17T17:41:12.187Z,worker-57dcf48f69-tpt7l,05eef36a-55a7-4727-a795-7740fdc24f97,worker,Running,True,1,1,0,"{""worker"": 0}","{""worker"": ""running""}",1,desktop-control-plane,True,"{""desktop-control-plane"": true}"
2026-09-17T17:41:17.187Z,api-5446dc8d87-6l9mv,9246cf39-f267-4f44-bc84-2767b1b72c59,api,Running,True,1,1,0,"{""api"": 0}","{""api"": ""running""}",1,desktop-control-plane,True,"{""desktop-control-plane"": true}"
2026-09-17T17:41:17.187Z,jaeger-7cc9b664cc-8zts5,66d6c19f-d2b0-40bb-bf1f-41667edf8656,jaeger,Running,True,1,1,0,"{""jaeger"": 0}","{""jaeger"": ""running""}",1,desktop-control-plane,True,"{""desktop-control-plane"": true}"
2026-09-17T17:41:17.187Z,otel-collector-7c765745bf-d64nd,e1d10cbf-afc3-415e-b996-9a271df63bf2,otel-collector,Running,True,1,1,0,"{""otel-collector"": 0}","{""otel-collector"": ""running""}",1,desktop-control-plane,True,"{""desktop-control-plane"": true}"
2026-09-17T17:41:17.187Z,postgres-676cc4986c-v8qxn,1bf14322-2c6f-423c-b80e-860c302c8460,postgres,Running,True,1,1,0,"{""postgres"": 0}","{""postgres"": ""running""}",1,desktop-control-plane,True,"{""desktop-control-plane"": true}"
2026-09-17T17:41:17.187Z,prometheus-59f5cf7468-7zcq5,e2dfb979-47ef-4b38-9873-7fc3eee70142,prometheus,Running,True,1,1,0,"{""prometheus"": 0}","{""prometheus"": ""running""}",1,desktop-control-plane,True,"{""desktop-control-plane"": true}"
2026-09-17T17:41:17.187Z,rabbitmq-5cdf8f76b7-bkvlg,6390bb39-0727-4ae9-88b4-23eb06cf28be,rabbitmq,Running,True,1,1,0,"{""rabbitmq"": 0}","{""rabbitmq"": ""running""}",1,desktop-control-plane,True,"{""desktop-control-plane"": true}"
2026-09-17T17:41:17.187Z,worker-57dcf48f69-tpt7l,05eef36a-55a7-4727-a795-7740fdc24f97,worker,Running,True,1,1,0,"{""worker"": 0}","{""worker"": ""running""}",1,desktop-control-plane,True,"{""desktop-control-plane"": true}"
2026-09-17T17:41:22.187Z,api-5446dc8d87-6l9mv,9246cf39-f267-4f44-bc84-2767b1b72c59,api,Running,True,1,1,0,"{""api"": 0}","{""api"": ""running""}",1,desktop-control-plane,True,"{""desktop-control-plane"": true}"
2026-09-17T17:41:22.187Z,jaeger-7cc9b664cc-8zts5,66d6c19f-d2b0-40bb-bf1f-41667edf8656,jaeger,Running,True,1,1,0,"{""jaeger"": 0}","{""jaeger"": ""running""}",1,desktop-control-plane,True,"{""desktop-control-plane"": true}"
2026-09-17T17:41:22.187Z,otel-collector-7c765745bf-d64nd,e1d10cbf-afc3-415e-b996-9a271df63bf2,otel-collector,Running,True,1,1,0,"{""otel-collector"": 0}","{""otel-collector"": ""running""}",1,desktop-control-plane,True,"{""desktop-control-plane"": true}"
2026-09-17T17:41:22.187Z,postgres-676cc4986c-v8qxn,1bf14322-2c6f-423c-b80e-860c302c8460,postgres,Running,True,1,1,0,"{""postgres"": 0}","{""postgres"": ""running""}",1,desktop-control-plane,True,"{""desktop-control-plane"": true}"
2026-09-17T17:41:22.187Z,prometheus-59f5cf7468-7zcq5,e2dfb979-47ef-4b38-9873-7fc3eee70142,prometheus,Running,True,1,1,0,"{""prometheus"": 0}","{""prometheus"": ""running""}",1,desktop-control-plane,True,"{""desktop-control-plane"": true}"
2026-09-17T17:41:22.187Z,rabbitmq-5cdf8f76b7-bkvlg,6390bb39-0727-4ae9-88b4-23eb06cf28be,rabbitmq,Running,True,1,1,0,"{""rabbitmq"": 0}","{""rabbitmq"": ""running""}",1,desktop-control-plane,True,"{""desktop-control-plane"": true}"
2026-09-17T17:41:22.187Z,worker-57dcf48f69-tpt7l,05eef36a-55a7-4727-a795-7740fdc24f97,worker,Running,True,1,1,0,"{""worker"": 0}","{""worker"": ""running""}",1,desktop-control-plane,True,"{""desktop-control-plane"": true}"
2026-09-17T17:41:27.188Z,api-5446dc8d87-6l9mv,9246cf39-f267-4f44-bc84-2767b1b72c59,api,Running,True,1,1,0,"{""api"": 0}","{""api"": ""running""}",1,desktop-control-plane,True,"{""desktop-control-plane"": true}"
2026-09-17T17:41:27.188Z,jaeger-7cc9b664cc-8zts5,66d6c19f-d2b0-40bb-bf1f-41667edf8656,jaeger,Running,True,1,1,0,"{""jaeger"": 0}","{""jaeger"": ""running""}",1,desktop-control-plane,True,"{""desktop-control-plane"": true}"
2026-09-17T17:41:27.188Z,otel-collector-7c765745bf-d64nd,e1d10cbf-afc3-415e-b996-9a271df63bf2,otel-collector,Running,True,1,1,0,"{""otel-collector"": 0}","{""otel-collector"": ""running""}",1,desktop-control-plane,True,"{""desktop-control-plane"": true}"
2026-09-17T17:41:27.188Z,postgres-676cc4986c-v8qxn,1bf14322-2c6f-423c-b80e-860c302c8460,postgres,Running,True,1,1,0,"{""postgres"": 0}","{""postgres"": ""running""}",1,desktop-control-plane,True,"{""desktop-control-plane"": true}"
2026-09-17T17:41:27.188Z,prometheus-59f5cf7468-7zcq5,e2dfb979-47ef-4b38-9873-7fc3eee70142,prometheus,Running,True,1,1,0,"{""prometheus"": 0}","{""prometheus"": ""running""}",1,desktop-control-plane,True,"{""desktop-control-plane"": true}"
2026-09-17T17:41:27.188Z,rabbitmq-5cdf8f76b7-bkvlg,6390bb39-0727-4ae9-88b4-23eb06cf28be,rabbitmq,Running,True,1,1,0,"{""rabbitmq"": 0}","{""rabbitmq"": ""running""}",1,desktop-control-plane,True,"{""desktop-control-plane"": true}"
2026-09-17T17:41:27.188Z,worker-57dcf48f69-tpt7l,05eef36a-55a7-4727-a795-7740fdc24f97,worker,Running,True,1,1,0,"{""worker"": 0}","{""worker"": ""running""}",1,desktop-control-plane,True,"{""desktop-control-plane"": true}"
2026-09-17T17:41:32.188Z,api-5446dc8d87-6l9mv,9246cf39-f267-4f44-bc84-2767b1b72c59,api,Running,True,1,1,0,"{""api"": 0}","{""api"": ""running""}",1,desktop-control-plane,True,"{""desktop-control-plane"": true}"
2026-09-17T17:41:32.188Z,jaeger-7cc9b664cc-8zts5,66d6c19f-d2b0-40bb-bf1f-41667edf8656,jaeger,Running,True,1,1,0,"{""jaeger"": 0}","{""jaeger"": ""running""}",1,desktop-control-plane,True,"{""desktop-control-plane"": true}"
2026-09-17T17:41:32.188Z,otel-collector-7c765745bf-d64nd,e1d10cbf-afc3-415e-b996-9a271df63bf2,otel-collector,Running,True,1,1,0,"{""otel-collector"": 0}","{""otel-collector"": ""running""}",1,desktop-control-plane,True,"{""desktop-control-plane"": true}"
2026-09-17T17:41:32.188Z,postgres-676cc4986c-v8qxn,1bf14322-2c6f-423c-b80e-860c302c8460,postgres,Running,True,1,1,0,"{""postgres"": 0}","{""postgres"": ""running""}",1,desktop-control-plane,True,"{""desktop-control-plane"": true}"
2026-09-17T17:41:32.188Z,prometheus-59f5cf7468-7zcq5,e2dfb979-47ef-4b38-9873-7fc3eee70142,prometheus,Running,True,1,1,0,"{""prometheus"": 0}","{""prometheus"": ""running""}",1,desktop-control-plane,True,"{""desktop-control-plane"": true}"
2026-09-17T17:41:32.188Z,rabbitmq-5cdf8f76b7-bkvlg,6390bb39-0727-4ae9-88b4-23eb06cf28be,rabbitmq,Running,True,1,1,0,"{""rabbitmq"": 0}","{""rabbitmq"": ""running""}",1,desktop-control-plane,True,"{""desktop-control-plane"": true}"
2026-09-17T17:41:32.188Z,worker-57dcf48f69-tpt7l,05eef36a-55a7-4727-a795-7740fdc24f97,worker,Running,True,1,1,0,"{""worker"": 0}","{""worker"": ""running""}",1,desktop-control-plane,True,"{""desktop-control-plane"": true}"
2026-09-17T17:41:37.188Z,api-5446dc8d87-6l9mv,9246cf39-f267-4f44-bc84-2767b1b72c59,api,Running,True,1,1,0,"{""api"": 0}","{""api"": ""running""}",1,desktop-control-plane,True,"{""desktop-control-plane"": true}"
2026-09-17T17:41:37.188Z,jaeger-7cc9b664cc-8zts5,66d6c19f-d2b0-40bb-bf1f-41667edf8656,jaeger,Running,True,1,1,0,"{""jaeger"": 0}","{""jaeger"": ""running""}",1,desktop-control-plane,True,"{""desktop-control-plane"": true}"
2026-09-17T17:41:37.188Z,otel-collector-7c765745bf-d64nd,e1d10cbf-afc3-415e-b996-9a271df63bf2,otel-collector,Running,True,1,1,0,"{""otel-collector"": 0}","{""otel-collector"": ""running""}",1,desktop-control-plane,True,"{""desktop-control-plane"": true}"
2026-09-17T17:41:37.188Z,postgres-676cc4986c-v8qxn,1bf14322-2c6f-423c-b80e-860c302c8460,postgres,Running,True,1,1,0,"{""postgres"": 0}","{""postgres"": ""running""}",1,desktop-control-plane,True,"{""desktop-control-plane"": true}"
2026-09-17T17:41:37.188Z,prometheus-59f5cf7468-7zcq5,e2dfb979-47ef-4b38-9873-7fc3eee70142,prometheus,Running,True,1,1,0,"{""prometheus"": 0}","{""prometheus"": ""running""}",1,desktop-control-plane,True,"{""desktop-control-plane"": true}"
2026-09-17T17:41:37.188Z,rabbitmq-5cdf8f76b7-bkvlg,6390bb39-0727-4ae9-88b4-23eb06cf28be,rabbitmq,Running,True,1,1,0,"{""rabbitmq"": 0}","{""rabbitmq"": ""running""}",1,desktop-control-plane,True,"{""desktop-control-plane"": true}"
2026-09-17T17:41:37.188Z,worker-57dcf48f69-tpt7l,05eef36a-55a7-4727-a795-7740fdc24f97,worker,Running,True,1,1,0,"{""worker"": 0}","{""worker"": ""running""}",1,desktop-control-plane,True,"{""desktop-control-plane"": true}"
2026-09-17T17:41:42.189Z,api-5446dc8d87-6l9mv,9246cf39-f267-4f44-bc84-2767b1b72c59,api,Running,True,1,1,0,"{""api"": 0}","{""api"": ""running""}",1,desktop-control-plane,True,"{""desktop-control-plane"": true}"
2026-09-17T17:41:42.189Z,jaeger-7cc9b664cc-8zts5,66d6c19f-d2b0-40bb-bf1f-41667edf8656,jaeger,Running,True,1,1,0,"{""jaeger"": 0}","{""jaeger"": ""running""}",1,desktop-control-plane,True,"{""desktop-control-plane"": true}"
2026-09-17T17:41:42.189Z,otel-collector-7c765745bf-d64nd,e1d10cbf-afc3-415e-b996-9a271df63bf2,otel-collector,Running,True,1,1,0,"{""otel-collector"": 0}","{""otel-collector"": ""running""}",1,desktop-control-plane,True,"{""desktop-control-plane"": true}"
2026-09-17T17:41:42.189Z,postgres-676cc4986c-v8qxn,1bf14322-2c6f-423c-b80e-860c302c8460,postgres,Running,True,1,1,0,"{""postgres"": 0}","{""postgres"": ""running""}",1,desktop-control-plane,True,"{""desktop-control-plane"": true}"
2026-09-17T17:41:42.189Z,prometheus-59f5cf7468-7zcq5,e2dfb979-47ef-4b38-9873-7fc3eee70142,prometheus,Running,True,1,1,0,"{""prometheus"": 0}","{""prometheus"": ""running""}",1,desktop-control-plane,True,"{""desktop-control-plane"": true}"
2026-09-17T17:41:42.189Z,rabbitmq-5cdf8f76b7-bkvlg,6390bb39-0727-4ae9-88b4-23eb06cf28be,rabbitmq,Running,True,1,1,0,"{""rabbitmq"": 0}","{""rabbitmq"": ""running""}",1,desktop-control-plane,True,"{""desktop-control-plane"": true}"
2026-09-17T17:41:42.189Z,worker-57dcf48f69-tpt7l,05eef36a-55a7-4727-a795-7740fdc24f97,worker,Running,True,1,1,0,"{""worker"": 0}","{""worker"": ""running""}",1,desktop-control-plane,True,"{""desktop-control-plane"": true}"
2026-09-17T17:41:47.189Z,api-5446dc8d87-6l9mv,9246cf39-f267-4f44-bc84-2767b1b72c59,api,Running,True,1,1,0,"{""api"": 0}","{""api"": ""running""}",1,desktop-control-plane,True,"{""desktop-control-plane"": true}"
2026-09-17T17:41:47.189Z,jaeger-7cc9b664cc-8zts5,66d6c19f-d2b0-40bb-bf1f-41667edf8656,jaeger,Running,True,1,1,0,"{""jaeger"": 0}","{""jaeger"": ""running""}",1,desktop-control-plane,True,"{""desktop-control-plane"": true}"
2026-09-17T17:41:47.189Z,otel-collector-7c765745bf-d64nd,e1d10cbf-afc3-415e-b996-9a271df63bf2,otel-collector,Running,True,1,1,0,"{""otel-collector"": 0}","{""otel-collector"": ""running""}",1,desktop-control-plane,True,"{""desktop-control-plane"": true}"
2026-09-17T17:41:47.189Z,postgres-676cc4986c-v8qxn,1bf14322-2c6f-423c-b80e-860c302c8460,postgres,Running,True,1,1,0,"{""postgres"": 0}","{""postgres"": ""running""}",1,desktop-control-plane,True,"{""desktop-control-plane"": true}"
2026-09-17T17:41:47.189Z,prometheus-59f5cf7468-7zcq5,e2dfb979-47ef-4b38-9873-7fc3eee70142,prometheus,Running,True,1,1,0,"{""prometheus"": 0}","{""prometheus"": ""running""}",1,desktop-control-plane,True,"{""desktop-control-plane"": true}"
2026-09-17T17:41:47.189Z,rabbitmq-5cdf8f76b7-bkvlg,6390bb39-0727-4ae9-88b4-23eb06cf28be,rabbitmq,Running,True,1,1,0,"{""rabbitmq"": 0}","{""rabbitmq"": ""running""}",1,desktop-control-plane,True,"{""desktop-control-plane"": true}"
2026-09-17T17:41:47.189Z,worker-57dcf48f69-tpt7l,05eef36a-55a7-4727-a795-7740fdc24f97,worker,Running,True,1,1,0,"{""worker"": 0}","{""worker"": ""running""}",1,desktop-control-plane,True,"{""desktop-control-plane"": true}"
2026-09-17T17:41:52.189Z,api-5446dc8d87-6l9mv,9246cf39-f267-4f44-bc84-2767b1b72c59,api,Running,True,1,1,0,"{""api"": 0}","{""api"": ""running""}",1,desktop-control-plane,True,"{""desktop-control-plane"": true}"
2026-09-17T17:41:52.189Z,jaeger-7cc9b664cc-8zts5,66d6c19f-d2b0-40bb-bf1f-41667edf8656,jaeger,Running,True,1,1,0,"{""jaeger"": 0}","{""jaeger"": ""running""}",1,desktop-control-plane,True,"{""desktop-control-plane"": true}"
2026-09-17T17:41:52.189Z,otel-collector-7c765745bf-d64nd,e1d10cbf-afc3-415e-b996-9a271df63bf2,otel-collector,Running,True,1,1,0,"{""otel-collector"": 0}","{""otel-collector"": ""running""}",1,desktop-control-plane,True,"{""desktop-control-plane"": true}"
2026-09-17T17:41:52.189Z,postgres-676cc4986c-v8qxn,1bf14322-2c6f-423c-b80e-860c302c8460,postgres,Running,True,1,1,0,"{""postgres"": 0}","{""postgres"": ""running""}",1,desktop-control-plane,True,"{""desktop-control-plane"": true}"
2026-09-17T17:41:52.189Z,prometheus-59f5cf7468-7zcq5,e2dfb979-47ef-4b38-9873-7fc3eee70142,prometheus,Running,True,1,1,0,"{""prometheus"": 0}","{""prometheus"": ""running""}",1,desktop-control-plane,True,"{""desktop-control-plane"": true}"
2026-09-17T17:41:52.189Z,rabbitmq-5cdf8f76b7-bkvlg,6390bb39-0727-4ae9-88b4-23eb06cf28be,rabbitmq,Running,True,1,1,0,"{""rabbitmq"": 0}","{""rabbitmq"": ""running""}",1,desktop-control-plane,True,"{""desktop-control-plane"": true}"
2026-09-17T17:41:52.189Z,worker-57dcf48f69-tpt7l,05eef36a-55a7-4727-a795-7740fdc24f97,worker,Running,True,1,1,0,"{""worker"": 0}","{""worker"": ""running""}",1,desktop-control-plane,True,"{""desktop-control-plane"": true}"
2026-09-17T17:41:57.189Z,api-5446dc8d87-6l9mv,9246cf39-f267-4f44-bc84-2767b1b72c59,api,Running,True,1,1,0,"{""api"": 0}","{""api"": ""running""}",1,desktop-control-plane,True,"{""desktop-control-plane"": true}"
2026-09-17T17:41:57.189Z,jaeger-7cc9b664cc-8zts5,66d6c19f-d2b0-40bb-bf1f-41667edf8656,jaeger,Running,True,1,1,0,"{""jaeger"": 0}","{""jaeger"": ""running""}",1,desktop-control-plane,True,"{""desktop-control-plane"": true}"
2026-09-17T17:41:57.189Z,otel-collector-7c765745bf-d64nd,e1d10cbf-afc3-415e-b996-9a271df63bf2,otel-collector,Running,True,1,1,0,"{""otel-collector"": 0}","{""otel-collector"": ""running""}",1,desktop-control-plane,True,"{""desktop-control-plane"": true}"
2026-09-17T17:41:57.189Z,postgres-676cc4986c-v8qxn,1bf14322-2c6f-423c-b80e-860c302c8460,postgres,Running,True,1,1,0,"{""postgres"": 0}","{""postgres"": ""running""}",1,desktop-control-plane,True,"{""desktop-control-plane"": true}"
2026-09-17T17:41:57.189Z,prometheus-59f5cf7468-7zcq5,e2dfb979-47ef-4b38-9873-7fc3eee70142,prometheus,Running,True,1,1,0,"{""prometheus"": 0}","{""prometheus"": ""running""}",1,desktop-control-plane,True,"{""desktop-control-plane"": true}"
2026-09-17T17:41:57.189Z,rabbitmq-5cdf8f76b7-bkvlg,6390bb39-0727-4ae9-88b4-23eb06cf28be,rabbitmq,Running,True,1,1,0,"{""rabbitmq"": 0}","{""rabbitmq"": ""running""}",1,desktop-control-plane,True,"{""desktop-control-plane"": true}"
2026-09-17T17:41:57.189Z,worker-57dcf48f69-tpt7l,05eef36a-55a7-4727-a795-7740fdc24f97,worker,Running,True,1,1,0,"{""worker"": 0}","{""worker"": ""running""}",1,desktop-control-plane,True,"{""desktop-control-plane"": true}"
2026-09-17T17:42:02.190Z,api-5446dc8d87-6l9mv,9246cf39-f267-4f44-bc84-2767b1b72c59,api,Running,True,1,1,0,"{""api"": 0}","{""api"": ""running""}",1,desktop-control-plane,True,"{""desktop-control-plane"": true}"
2026-09-17T17:42:02.190Z,jaeger-7cc9b664cc-8zts5,66d6c19f-d2b0-40bb-bf1f-41667edf8656,jaeger,Running,True,1,1,0,"{""jaeger"": 0}","{""jaeger"": ""running""}",1,desktop-control-plane,True,"{""desktop-control-plane"": true}"
2026-09-17T17:42:02.190Z,k6-c2-run-2-bz4sj,fe122c5e-449c-4b09-9066-4400969bf097,k6,Running,True,1,1,0,"{""k6"": 0}","{""k6"": ""running""}",1,desktop-control-plane,True,"{""desktop-control-plane"": true}"
2026-09-17T17:42:02.190Z,otel-collector-7c765745bf-d64nd,e1d10cbf-afc3-415e-b996-9a271df63bf2,otel-collector,Running,True,1,1,0,"{""otel-collector"": 0}","{""otel-collector"": ""running""}",1,desktop-control-plane,True,"{""desktop-control-plane"": true}"
2026-09-17T17:42:02.190Z,postgres-676cc4986c-v8qxn,1bf14322-2c6f-423c-b80e-860c302c8460,postgres,Running,True,1,1,0,"{""postgres"": 0}","{""postgres"": ""running""}",1,desktop-control-plane,True,"{""desktop-control-plane"": true}"
2026-09-17T17:42:02.190Z,prometheus-59f5cf7468-7zcq5,e2dfb979-47ef-4b38-9873-7fc3eee70142,prometheus,Running,True,1,1,0,"{""prometheus"": 0}","{""prometheus"": ""running""}",1,desktop-control-plane,True,"{""desktop-control-plane"": true}"
2026-09-17T17:42:02.190Z,rabbitmq-5cdf8f76b7-bkvlg,6390bb39-0727-4ae9-88b4-23eb06cf28be,rabbitmq,Running,True,1,1,0,"{""rabbitmq"": 0}","{""rabbitmq"": ""running""}",1,desktop-control-plane,True,"{""desktop-control-plane"": true}"
2026-09-17T17:42:02.190Z,worker-57dcf48f69-tpt7l,05eef36a-55a7-4727-a795-7740fdc24f97,worker,Running,True,1,1,0,"{""worker"": 0}","{""worker"": ""running""}",1,desktop-control-plane,True,"{""desktop-control-plane"": true}"
2026-09-17T17:42:07.191Z,api-5446dc8d87-6l9mv,9246cf39-f267-4f44-bc84-2767b1b72c59,api,Running,True,1,1,0,"{""api"": 0}","{""api"": ""running""}",1,desktop-control-plane,True,"{""desktop-control-plane"": true}"
2026-09-17T17:42:07.191Z,jaeger-7cc9b664cc-8zts5,66d6c19f-d2b0-40bb-bf1f-41667edf8656,jaeger,Running,True,1,1,0,"{""jaeger"": 0}","{""jaeger"": ""running""}",1,desktop-control-plane,True,"{""desktop-control-plane"": true}"
2026-09-17T17:42:07.191Z,k6-c2-run-2-bz4sj,fe122c5e-449c-4b09-9066-4400969bf097,k6,Running,True,1,1,0,"{""k6"": 0}","{""k6"": ""running""}",1,desktop-control-plane,True,"{""desktop-control-plane"": true}"
2026-09-17T17:42:07.191Z,otel-collector-7c765745bf-d64nd,e1d10cbf-afc3-415e-b996-9a271df63bf2,otel-collector,Running,True,1,1,0,"{""otel-collector"": 0}","{""otel-collector"": ""running""}",1,desktop-control-plane,True,"{""desktop-control-plane"": true}"
2026-09-17T17:42:07.191Z,postgres-676cc4986c-v8qxn,1bf14322-2c6f-423c-b80e-860c302c8460,postgres,Running,True,1,1,0,"{""postgres"": 0}","{""postgres"": ""running""}",1,desktop-control-plane,True,"{""desktop-control-plane"": true}"
2026-09-17T17:42:07.191Z,prometheus-59f5cf7468-7zcq5,e2dfb979-47ef-4b38-9873-7fc3eee70142,prometheus,Running,True,1,1,0,"{""prometheus"": 0}","{""prometheus"": ""running""}",1,desktop-control-plane,True,"{""desktop-control-plane"": true}"
2026-09-17T17:42:07.191Z,rabbitmq-5cdf8f76b7-bkvlg,6390bb39-0727-4ae9-88b4-23eb06cf28be,rabbitmq,Running,True,1,1,0,"{""rabbitmq"": 0}","{""rabbitmq"": ""running""}",1,desktop-control-plane,True,"{""desktop-control-plane"": true}"
2026-09-17T17:42:07.191Z,worker-57dcf48f69-tpt7l,05eef36a-55a7-4727-a795-7740fdc24f97,worker,Running,True,1,1,0,"{""worker"": 0}","{""worker"": ""running""}",1,desktop-control-plane,True,"{""desktop-control-plane"": true}"
2026-09-17T17:42:12.191Z,api-5446dc8d87-6l9mv,9246cf39-f267-4f44-bc84-2767b1b72c59,api,Running,True,1,1,0,"{""api"": 0}","{""api"": ""running""}",1,desktop-control-plane,True,"{""desktop-control-plane"": true}"
2026-09-17T17:42:12.191Z,jaeger-7cc9b664cc-8zts5,66d6c19f-d2b0-40bb-bf1f-41667edf8656,jaeger,Running,True,1,1,0,"{""jaeger"": 0}","{""jaeger"": ""running""}",1,desktop-control-plane,True,"{""desktop-control-plane"": true}"
2026-09-17T17:42:12.191Z,k6-c2-run-2-bz4sj,fe122c5e-449c-4b09-9066-4400969bf097,k6,Running,True,1,1,0,"{""k6"": 0}","{""k6"": ""running""}",1,desktop-control-plane,True,"{""desktop-control-plane"": true}"
2026-09-17T17:42:12.191Z,otel-collector-7c765745bf-d64nd,e1d10cbf-afc3-415e-b996-9a271df63bf2,otel-collector,Running,True,1,1,0,"{""otel-collector"": 0}","{""otel-collector"": ""running""}",1,desktop-control-plane,True,"{""desktop-control-plane"": true}"
2026-09-17T17:42:12.191Z,postgres-676cc4986c-v8qxn,1bf14322-2c6f-423c-b80e-860c302c8460,postgres,Running,True,1,1,0,"{""postgres"": 0}","{""postgres"": ""running""}",1,desktop-control-plane,True,"{""desktop-control-plane"": true}"
2026-09-17T17:42:12.191Z,prometheus-59f5cf7468-7zcq5,e2dfb979-47ef-4b38-9873-7fc3eee70142,prometheus,Running,True,1,1,0,"{""prometheus"": 0}","{""prometheus"": ""running""}",1,desktop-control-plane,True,"{""desktop-control-plane"": true}"
2026-09-17T17:42:12.191Z,rabbitmq-5cdf8f76b7-bkvlg,6390bb39-0727-4ae9-88b4-23eb06cf28be,rabbitmq,Running,True,1,1,0,"{""rabbitmq"": 0}","{""rabbitmq"": ""running""}",1,desktop-control-plane,True,"{""desktop-control-plane"": true}"
2026-09-17T17:42:12.191Z,worker-57dcf48f69-tpt7l,05eef36a-55a7-4727-a795-7740fdc24f97,worker,Running,True,1,1,0,"{""worker"": 0}","{""worker"": ""running""}",1,desktop-control-plane,True,"{""desktop-control-plane"": true}"
2026-09-17T17:42:17.192Z,api-5446dc8d87-6l9mv,9246cf39-f267-4f44-bc84-2767b1b72c59,api,Running,True,1,1,0,"{""api"": 0}","{""api"": ""running""}",1,desktop-control-plane,True,"{""desktop-control-plane"": true}"
2026-09-17T17:42:17.192Z,jaeger-7cc9b664cc-8zts5,66d6c19f-d2b0-40bb-bf1f-41667edf8656,jaeger,Running,True,1,1,0,"{""jaeger"": 0}","{""jaeger"": ""running""}",1,desktop-control-plane,True,"{""desktop-control-plane"": true}"
2026-09-17T17:42:17.192Z,k6-c2-run-2-bz4sj,fe122c5e-449c-4b09-9066-4400969bf097,k6,Running,True,1,1,0,"{""k6"": 0}","{""k6"": ""running""}",1,desktop-control-plane,True,"{""desktop-control-plane"": true}"
2026-09-17T17:42:17.192Z,otel-collector-7c765745bf-d64nd,e1d10cbf-afc3-415e-b996-9a271df63bf2,otel-collector,Running,True,1,1,0,"{""otel-collector"": 0}","{""otel-collector"": ""running""}",1,desktop-control-plane,True,"{""desktop-control-plane"": true}"
2026-09-17T17:42:17.192Z,postgres-676cc4986c-v8qxn,1bf14322-2c6f-423c-b80e-860c302c8460,postgres,Running,True,1,1,0,"{""postgres"": 0}","{""postgres"": ""running""}",1,desktop-control-plane,True,"{""desktop-control-plane"": true}"
2026-09-17T17:42:17.192Z,prometheus-59f5cf7468-7zcq5,e2dfb979-47ef-4b38-9873-7fc3eee70142,prometheus,Running,True,1,1,0,"{""prometheus"": 0}","{""prometheus"": ""running""}",1,desktop-control-plane,True,"{""desktop-control-plane"": true}"
2026-09-17T17:42:17.192Z,rabbitmq-5cdf8f76b7-bkvlg,6390bb39-0727-4ae9-88b4-23eb06cf28be,rabbitmq,Running,True,1,1,0,"{""rabbitmq"": 0}","{""rabbitmq"": ""running""}",1,desktop-control-plane,True,"{""desktop-control-plane"": true}"
2026-09-17T17:42:17.192Z,worker-57dcf48f69-tpt7l,05eef36a-55a7-4727-a795-7740fdc24f97,worker,Running,True,1,1,0,"{""worker"": 0}","{""worker"": ""running""}",1,desktop-control-plane,True,"{""desktop-control-plane"": true}"
2026-09-17T17:42:22.192Z,api-5446dc8d87-229dc,3962ec21-8947-4e1e-842e-8eb609338903,api,Pending,False,0,1,0,"{""api"": 0}","{""api"": ""waiting""}",4,desktop-control-plane,True,"{""desktop-control-plane"": true}"
2026-09-17T17:42:22.192Z,api-5446dc8d87-6l9mv,9246cf39-f267-4f44-bc84-2767b1b72c59,api,Running,True,1,1,0,"{""api"": 0}","{""api"": ""running""}",4,desktop-control-plane,True,"{""desktop-control-plane"": true}"
2026-09-17T17:42:22.192Z,api-5446dc8d87-8n9lr,55e7ddf5-b6d4-42fd-9a85-0bdf844f2ffb,api,Pending,False,0,1,0,"{""api"": 0}","{""api"": ""waiting""}",4,desktop-control-plane,True,"{""desktop-control-plane"": true}"
2026-09-17T17:42:22.192Z,api-5446dc8d87-kqzcx,a07f6b92-26dc-4a85-bd5f-42a6c17cbddf,api,Pending,False,0,1,0,"{""api"": 0}","{""api"": ""waiting""}",4,desktop-control-plane,True,"{""desktop-control-plane"": true}"
2026-09-17T17:42:22.192Z,jaeger-7cc9b664cc-8zts5,66d6c19f-d2b0-40bb-bf1f-41667edf8656,jaeger,Running,True,1,1,0,"{""jaeger"": 0}","{""jaeger"": ""running""}",4,desktop-control-plane,True,"{""desktop-control-plane"": true}"
2026-09-17T17:42:22.192Z,k6-c2-run-2-bz4sj,fe122c5e-449c-4b09-9066-4400969bf097,k6,Running,True,1,1,0,"{""k6"": 0}","{""k6"": ""running""}",4,desktop-control-plane,True,"{""desktop-control-plane"": true}"
2026-09-17T17:42:22.192Z,otel-collector-7c765745bf-d64nd,e1d10cbf-afc3-415e-b996-9a271df63bf2,otel-collector,Running,True,1,1,0,"{""otel-collector"": 0}","{""otel-collector"": ""running""}",4,desktop-control-plane,True,"{""desktop-control-plane"": true}"
2026-09-17T17:42:22.192Z,postgres-676cc4986c-v8qxn,1bf14322-2c6f-423c-b80e-860c302c8460,postgres,Running,True,1,1,0,"{""postgres"": 0}","{""postgres"": ""running""}",4,desktop-control-plane,True,"{""desktop-control-plane"": true}"
2026-09-17T17:42:22.192Z,prometheus-59f5cf7468-7zcq5,e2dfb979-47ef-4b38-9873-7fc3eee70142,prometheus,Running,True,1,1,0,"{""prometheus"": 0}","{""prometheus"": ""running""}",4,desktop-control-plane,True,"{""desktop-control-plane"": true}"
2026-09-17T17:42:22.192Z,rabbitmq-5cdf8f76b7-bkvlg,6390bb39-0727-4ae9-88b4-23eb06cf28be,rabbitmq,Running,True,1,1,0,"{""rabbitmq"": 0}","{""rabbitmq"": ""running""}",4,desktop-control-plane,True,"{""desktop-control-plane"": true}"
2026-09-17T17:42:22.192Z,worker-57dcf48f69-tpt7l,05eef36a-55a7-4727-a795-7740fdc24f97,worker,Running,True,1,1,0,"{""worker"": 0}","{""worker"": ""running""}",4,desktop-control-plane,True,"{""desktop-control-plane"": true}"
2026-09-17T17:42:27.192Z,api-5446dc8d87-229dc,3962ec21-8947-4e1e-842e-8eb609338903,api,Running,False,0,1,0,"{""api"": 0}","{""api"": ""running""}",4,desktop-control-plane,True,"{""desktop-control-plane"": true}"
2026-09-17T17:42:27.192Z,api-5446dc8d87-6l9mv,9246cf39-f267-4f44-bc84-2767b1b72c59,api,Running,True,1,1,0,"{""api"": 0}","{""api"": ""running""}",4,desktop-control-plane,True,"{""desktop-control-plane"": true}"
2026-09-17T17:42:27.192Z,api-5446dc8d87-8n9lr,55e7ddf5-b6d4-42fd-9a85-0bdf844f2ffb,api,Running,False,0,1,0,"{""api"": 0}","{""api"": ""running""}",4,desktop-control-plane,True,"{""desktop-control-plane"": true}"
2026-09-17T17:42:27.192Z,api-5446dc8d87-kqzcx,a07f6b92-26dc-4a85-bd5f-42a6c17cbddf,api,Running,False,0,1,0,"{""api"": 0}","{""api"": ""running""}",4,desktop-control-plane,True,"{""desktop-control-plane"": true}"
2026-09-17T17:42:27.192Z,jaeger-7cc9b664cc-8zts5,66d6c19f-d2b0-40bb-bf1f-41667edf8656,jaeger,Running,True,1,1,0,"{""jaeger"": 0}","{""jaeger"": ""running""}",4,desktop-control-plane,True,"{""desktop-control-plane"": true}"
2026-09-17T17:42:27.192Z,k6-c2-run-2-bz4sj,fe122c5e-449c-4b09-9066-4400969bf097,k6,Running,True,1,1,0,"{""k6"": 0}","{""k6"": ""running""}",4,desktop-control-plane,True,"{""desktop-control-plane"": true}"
2026-09-17T17:42:27.192Z,otel-collector-7c765745bf-d64nd,e1d10cbf-afc3-415e-b996-9a271df63bf2,otel-collector,Running,True,1,1,0,"{""otel-collector"": 0}","{""otel-collector"": ""running""}",4,desktop-control-plane,True,"{""desktop-control-plane"": true}"
2026-09-17T17:42:27.192Z,postgres-676cc4986c-v8qxn,1bf14322-2c6f-423c-b80e-860c302c8460,postgres,Running,True,1,1,0,"{""postgres"": 0}","{""postgres"": ""running""}",4,desktop-control-plane,True,"{""desktop-control-plane"": true}"
2026-09-17T17:42:27.192Z,prometheus-59f5cf7468-7zcq5,e2dfb979-47ef-4b38-9873-7fc3eee70142,prometheus,Running,True,1,1,0,"{""prometheus"": 0}","{""prometheus"": ""running""}",4,desktop-control-plane,True,"{""desktop-control-plane"": true}"
2026-09-17T17:42:27.192Z,rabbitmq-5cdf8f76b7-bkvlg,6390bb39-0727-4ae9-88b4-23eb06cf28be,rabbitmq,Running,True,1,1,0,"{""rabbitmq"": 0}","{""rabbitmq"": ""running""}",4,desktop-control-plane,True,"{""desktop-control-plane"": true}"
2026-09-17T17:42:27.192Z,worker-57dcf48f69-tpt7l,05eef36a-55a7-4727-a795-7740fdc24f97,worker,Running,True,1,1,0,"{""worker"": 0}","{""worker"": ""running""}",4,desktop-control-plane,True,"{""desktop-control-plane"": true}"
2026-09-17T17:42:32.193Z,api-5446dc8d87-229dc,3962ec21-8947-4e1e-842e-8eb609338903,api,Running,False,0,1,0,"{""api"": 0}","{""api"": ""running""}",4,desktop-control-plane,True,"{""desktop-control-plane"": true}"
2026-09-17T17:42:32.193Z,api-5446dc8d87-6l9mv,9246cf39-f267-4f44-bc84-2767b1b72c59,api,Running,True,1,1,0,"{""api"": 0}","{""api"": ""running""}",4,desktop-control-plane,True,"{""desktop-control-plane"": true}"
2026-09-17T17:42:32.193Z,api-5446dc8d87-8n9lr,55e7ddf5-b6d4-42fd-9a85-0bdf844f2ffb,api,Running,False,0,1,0,"{""api"": 0}","{""api"": ""running""}",4,desktop-control-plane,True,"{""desktop-control-plane"": true}"
2026-09-17T17:42:32.193Z,api-5446dc8d87-kqzcx,a07f6b92-26dc-4a85-bd5f-42a6c17cbddf,api,Running,False,0,1,0,"{""api"": 0}","{""api"": ""running""}",4,desktop-control-plane,True,"{""desktop-control-plane"": true}"
2026-09-17T17:42:32.193Z,jaeger-7cc9b664cc-8zts5,66d6c19f-d2b0-40bb-bf1f-41667edf8656,jaeger,Running,True,1,1,0,"{""jaeger"": 0}","{""jaeger"": ""running""}",4,desktop-control-plane,True,"{""desktop-control-plane"": true}"
2026-09-17T17:42:32.193Z,k6-c2-run-2-bz4sj,fe122c5e-449c-4b09-9066-4400969bf097,k6,Running,True,1,1,0,"{""k6"": 0}","{""k6"": ""running""}",4,desktop-control-plane,True,"{""desktop-control-plane"": true}"
2026-09-17T17:42:32.193Z,otel-collector-7c765745bf-d64nd,e1d10cbf-afc3-415e-b996-9a271df63bf2,otel-collector,Running,True,1,1,0,"{""otel-collector"": 0}","{""otel-collector"": ""running""}",4,desktop-control-plane,True,"{""desktop-control-plane"": true}"
2026-09-17T17:42:32.193Z,postgres-676cc4986c-v8qxn,1bf14322-2c6f-423c-b80e-860c302c8460,postgres,Running,True,1,1,0,"{""postgres"": 0}","{""postgres"": ""running""}",4,desktop-control-plane,True,"{""desktop-control-plane"": true}"
2026-09-17T17:42:32.193Z,prometheus-59f5cf7468-7zcq5,e2dfb979-47ef-4b38-9873-7fc3eee70142,prometheus,Running,True,1,1,0,"{""prometheus"": 0}","{""prometheus"": ""running""}",4,desktop-control-plane,True,"{""desktop-control-plane"": true}"
2026-09-17T17:42:32.193Z,rabbitmq-5cdf8f76b7-bkvlg,6390bb39-0727-4ae9-88b4-23eb06cf28be,rabbitmq,Running,True,1,1,0,"{""rabbitmq"": 0}","{""rabbitmq"": ""running""}",4,desktop-control-plane,True,"{""desktop-control-plane"": true}"
2026-09-17T17:42:32.193Z,worker-57dcf48f69-tpt7l,05eef36a-55a7-4727-a795-7740fdc24f97,worker,Running,True,1,1,0,"{""worker"": 0}","{""worker"": ""running""}",4,desktop-control-plane,True,"{""desktop-control-plane"": true}"
2026-09-17T17:42:37.193Z,api-5446dc8d87-229dc,3962ec21-8947-4e1e-842e-8eb609338903,api,Running,True,1,1,0,"{""api"": 0}","{""api"": ""running""}",5,desktop-control-plane,True,"{""desktop-control-plane"": true}"
2026-09-17T17:42:37.193Z,api-5446dc8d87-6l9mv,9246cf39-f267-4f44-bc84-2767b1b72c59,api,Running,True,1,1,0,"{""api"": 0}","{""api"": ""running""}",5,desktop-control-plane,True,"{""desktop-control-plane"": true}"
2026-09-17T17:42:37.193Z,api-5446dc8d87-8n9lr,55e7ddf5-b6d4-42fd-9a85-0bdf844f2ffb,api,Running,True,1,1,0,"{""api"": 0}","{""api"": ""running""}",5,desktop-control-plane,True,"{""desktop-control-plane"": true}"
2026-09-17T17:42:37.193Z,api-5446dc8d87-kqzcx,a07f6b92-26dc-4a85-bd5f-42a6c17cbddf,api,Running,True,1,1,0,"{""api"": 0}","{""api"": ""running""}",5,desktop-control-plane,True,"{""desktop-control-plane"": true}"
2026-09-17T17:42:37.193Z,api-5446dc8d87-m55dp,88a42c71-bac3-4075-959d-407f50765036,api,Pending,False,0,1,0,"{""api"": 0}","{""api"": ""waiting""}",5,desktop-control-plane,True,"{""desktop-control-plane"": true}"
2026-09-17T17:42:37.193Z,jaeger-7cc9b664cc-8zts5,66d6c19f-d2b0-40bb-bf1f-41667edf8656,jaeger,Running,True,1,1,0,"{""jaeger"": 0}","{""jaeger"": ""running""}",5,desktop-control-plane,True,"{""desktop-control-plane"": true}"
2026-09-17T17:42:37.193Z,k6-c2-run-2-bz4sj,fe122c5e-449c-4b09-9066-4400969bf097,k6,Running,True,1,1,0,"{""k6"": 0}","{""k6"": ""running""}",5,desktop-control-plane,True,"{""desktop-control-plane"": true}"
2026-09-17T17:42:37.193Z,otel-collector-7c765745bf-d64nd,e1d10cbf-afc3-415e-b996-9a271df63bf2,otel-collector,Running,True,1,1,0,"{""otel-collector"": 0}","{""otel-collector"": ""running""}",5,desktop-control-plane,True,"{""desktop-control-plane"": true}"
2026-09-17T17:42:37.193Z,postgres-676cc4986c-v8qxn,1bf14322-2c6f-423c-b80e-860c302c8460,postgres,Running,True,1,1,0,"{""postgres"": 0}","{""postgres"": ""running""}",5,desktop-control-plane,True,"{""desktop-control-plane"": true}"
2026-09-17T17:42:37.193Z,prometheus-59f5cf7468-7zcq5,e2dfb979-47ef-4b38-9873-7fc3eee70142,prometheus,Running,True,1,1,0,"{""prometheus"": 0}","{""prometheus"": ""running""}",5,desktop-control-plane,True,"{""desktop-control-plane"": true}"
2026-09-17T17:42:37.193Z,rabbitmq-5cdf8f76b7-bkvlg,6390bb39-0727-4ae9-88b4-23eb06cf28be,rabbitmq,Running,True,1,1,0,"{""rabbitmq"": 0}","{""rabbitmq"": ""running""}",5,desktop-control-plane,True,"{""desktop-control-plane"": true}"
2026-09-17T17:42:37.193Z,worker-57dcf48f69-tpt7l,05eef36a-55a7-4727-a795-7740fdc24f97,worker,Running,True,1,1,0,"{""worker"": 0}","{""worker"": ""running""}",5,desktop-control-plane,True,"{""desktop-control-plane"": true}"
2026-09-17T17:42:42.193Z,api-5446dc8d87-229dc,3962ec21-8947-4e1e-842e-8eb609338903,api,Running,True,1,1,0,"{""api"": 0}","{""api"": ""running""}",5,desktop-control-plane,True,"{""desktop-control-plane"": true}"
2026-09-17T17:42:42.193Z,api-5446dc8d87-6l9mv,9246cf39-f267-4f44-bc84-2767b1b72c59,api,Running,True,1,1,0,"{""api"": 0}","{""api"": ""running""}",5,desktop-control-plane,True,"{""desktop-control-plane"": true}"
2026-09-17T17:42:42.193Z,api-5446dc8d87-8n9lr,55e7ddf5-b6d4-42fd-9a85-0bdf844f2ffb,api,Running,True,1,1,0,"{""api"": 0}","{""api"": ""running""}",5,desktop-control-plane,True,"{""desktop-control-plane"": true}"
2026-09-17T17:42:42.193Z,api-5446dc8d87-kqzcx,a07f6b92-26dc-4a85-bd5f-42a6c17cbddf,api,Running,True,1,1,0,"{""api"": 0}","{""api"": ""running""}",5,desktop-control-plane,True,"{""desktop-control-plane"": true}"
2026-09-17T17:42:42.193Z,api-5446dc8d87-m55dp,88a42c71-bac3-4075-959d-407f50765036,api,Running,False,0,1,0,"{""api"": 0}","{""api"": ""running""}",5,desktop-control-plane,True,"{""desktop-control-plane"": true}"
2026-09-17T17:42:42.193Z,jaeger-7cc9b664cc-8zts5,66d6c19f-d2b0-40bb-bf1f-41667edf8656,jaeger,Running,True,1,1,0,"{""jaeger"": 0}","{""jaeger"": ""running""}",5,desktop-control-plane,True,"{""desktop-control-plane"": true}"
2026-09-17T17:42:42.193Z,k6-c2-run-2-bz4sj,fe122c5e-449c-4b09-9066-4400969bf097,k6,Running,True,1,1,0,"{""k6"": 0}","{""k6"": ""running""}",5,desktop-control-plane,True,"{""desktop-control-plane"": true}"
2026-09-17T17:42:42.193Z,otel-collector-7c765745bf-d64nd,e1d10cbf-afc3-415e-b996-9a271df63bf2,otel-collector,Running,True,1,1,0,"{""otel-collector"": 0}","{""otel-collector"": ""running""}",5,desktop-control-plane,True,"{""desktop-control-plane"": true}"
2026-09-17T17:42:42.193Z,postgres-676cc4986c-v8qxn,1bf14322-2c6f-423c-b80e-860c302c8460,postgres,Running,True,1,1,0,"{""postgres"": 0}","{""postgres"": ""running""}",5,desktop-control-plane,True,"{""desktop-control-plane"": true}"
2026-09-17T17:42:42.193Z,prometheus-59f5cf7468-7zcq5,e2dfb979-47ef-4b38-9873-7fc3eee70142,prometheus,Running,True,1,1,0,"{""prometheus"": 0}","{""prometheus"": ""running""}",5,desktop-control-plane,True,"{""desktop-control-plane"": true}"
2026-09-17T17:42:42.193Z,rabbitmq-5cdf8f76b7-bkvlg,6390bb39-0727-4ae9-88b4-23eb06cf28be,rabbitmq,Running,True,1,1,0,"{""rabbitmq"": 0}","{""rabbitmq"": ""running""}",5,desktop-control-plane,True,"{""desktop-control-plane"": true}"
2026-09-17T17:42:42.193Z,worker-57dcf48f69-tpt7l,05eef36a-55a7-4727-a795-7740fdc24f97,worker,Running,True,1,1,0,"{""worker"": 0}","{""worker"": ""running""}",5,desktop-control-plane,True,"{""desktop-control-plane"": true}"
2026-09-17T17:42:47.193Z,api-5446dc8d87-229dc,3962ec21-8947-4e1e-842e-8eb609338903,api,Running,True,1,1,0,"{""api"": 0}","{""api"": ""running""}",5,desktop-control-plane,True,"{""desktop-control-plane"": true}"
2026-09-17T17:42:47.193Z,api-5446dc8d87-6l9mv,9246cf39-f267-4f44-bc84-2767b1b72c59,api,Running,True,1,1,0,"{""api"": 0}","{""api"": ""running""}",5,desktop-control-plane,True,"{""desktop-control-plane"": true}"
2026-09-17T17:42:47.193Z,api-5446dc8d87-8n9lr,55e7ddf5-b6d4-42fd-9a85-0bdf844f2ffb,api,Running,True,1,1,0,"{""api"": 0}","{""api"": ""running""}",5,desktop-control-plane,True,"{""desktop-control-plane"": true}"
2026-09-17T17:42:47.193Z,api-5446dc8d87-kqzcx,a07f6b92-26dc-4a85-bd5f-42a6c17cbddf,api,Running,True,1,1,0,"{""api"": 0}","{""api"": ""running""}",5,desktop-control-plane,True,"{""desktop-control-plane"": true}"
2026-09-17T17:42:47.193Z,api-5446dc8d87-m55dp,88a42c71-bac3-4075-959d-407f50765036,api,Running,False,0,1,0,"{""api"": 0}","{""api"": ""running""}",5,desktop-control-plane,True,"{""desktop-control-plane"": true}"
2026-09-17T17:42:47.193Z,jaeger-7cc9b664cc-8zts5,66d6c19f-d2b0-40bb-bf1f-41667edf8656,jaeger,Running,True,1,1,0,"{""jaeger"": 0}","{""jaeger"": ""running""}",5,desktop-control-plane,True,"{""desktop-control-plane"": true}"
2026-09-17T17:42:47.193Z,k6-c2-run-2-bz4sj,fe122c5e-449c-4b09-9066-4400969bf097,k6,Running,True,1,1,0,"{""k6"": 0}","{""k6"": ""running""}",5,desktop-control-plane,True,"{""desktop-control-plane"": true}"
2026-09-17T17:42:47.193Z,otel-collector-7c765745bf-d64nd,e1d10cbf-afc3-415e-b996-9a271df63bf2,otel-collector,Running,True,1,1,0,"{""otel-collector"": 0}","{""otel-collector"": ""running""}",5,desktop-control-plane,True,"{""desktop-control-plane"": true}"
2026-09-17T17:42:47.193Z,postgres-676cc4986c-v8qxn,1bf14322-2c6f-423c-b80e-860c302c8460,postgres,Running,True,1,1,0,"{""postgres"": 0}","{""postgres"": ""running""}",5,desktop-control-plane,True,"{""desktop-control-plane"": true}"
2026-09-17T17:42:47.193Z,prometheus-59f5cf7468-7zcq5,e2dfb979-47ef-4b38-9873-7fc3eee70142,prometheus,Running,True,1,1,0,"{""prometheus"": 0}","{""prometheus"": ""running""}",5,desktop-control-plane,True,"{""desktop-control-plane"": true}"
2026-09-17T17:42:47.193Z,rabbitmq-5cdf8f76b7-bkvlg,6390bb39-0727-4ae9-88b4-23eb06cf28be,rabbitmq,Running,True,1,1,0,"{""rabbitmq"": 0}","{""rabbitmq"": ""running""}",5,desktop-control-plane,True,"{""desktop-control-plane"": true}"
2026-09-17T17:42:47.193Z,worker-57dcf48f69-tpt7l,05eef36a-55a7-4727-a795-7740fdc24f97,worker,Running,True,1,1,0,"{""worker"": 0}","{""worker"": ""running""}",5,desktop-control-plane,True,"{""desktop-control-plane"": true}"
2026-09-17T17:42:52.194Z,api-5446dc8d87-229dc,3962ec21-8947-4e1e-842e-8eb609338903,api,Running,True,1,1,0,"{""api"": 0}","{""api"": ""running""}",5,desktop-control-plane,True,"{""desktop-control-plane"": true}"
2026-09-17T17:42:52.194Z,api-5446dc8d87-6l9mv,9246cf39-f267-4f44-bc84-2767b1b72c59,api,Running,True,1,1,0,"{""api"": 0}","{""api"": ""running""}",5,desktop-control-plane,True,"{""desktop-control-plane"": true}"
2026-09-17T17:42:52.194Z,api-5446dc8d87-8n9lr,55e7ddf5-b6d4-42fd-9a85-0bdf844f2ffb,api,Running,True,1,1,0,"{""api"": 0}","{""api"": ""running""}",5,desktop-control-plane,True,"{""desktop-control-plane"": true}"
2026-09-17T17:42:52.194Z,api-5446dc8d87-kqzcx,a07f6b92-26dc-4a85-bd5f-42a6c17cbddf,api,Running,True,1,1,0,"{""api"": 0}","{""api"": ""running""}",5,desktop-control-plane,True,"{""desktop-control-plane"": true}"
2026-09-17T17:42:52.194Z,api-5446dc8d87-m55dp,88a42c71-bac3-4075-959d-407f50765036,api,Running,True,1,1,0,"{""api"": 0}","{""api"": ""running""}",5,desktop-control-plane,True,"{""desktop-control-plane"": true}"
2026-09-17T17:42:52.194Z,jaeger-7cc9b664cc-8zts5,66d6c19f-d2b0-40bb-bf1f-41667edf8656,jaeger,Running,True,1,1,0,"{""jaeger"": 0}","{""jaeger"": ""running""}",5,desktop-control-plane,True,"{""desktop-control-plane"": true}"
2026-09-17T17:42:52.194Z,k6-c2-run-2-bz4sj,fe122c5e-449c-4b09-9066-4400969bf097,k6,Running,True,1,1,0,"{""k6"": 0}","{""k6"": ""running""}",5,desktop-control-plane,True,"{""desktop-control-plane"": true}"
2026-09-17T17:42:52.194Z,otel-collector-7c765745bf-d64nd,e1d10cbf-afc3-415e-b996-9a271df63bf2,otel-collector,Running,True,1,1,0,"{""otel-collector"": 0}","{""otel-collector"": ""running""}",5,desktop-control-plane,True,"{""desktop-control-plane"": true}"
2026-09-17T17:42:52.194Z,postgres-676cc4986c-v8qxn,1bf14322-2c6f-423c-b80e-860c302c8460,postgres,Running,True,1,1,0,"{""postgres"": 0}","{""postgres"": ""running""}",5,desktop-control-plane,True,"{""desktop-control-plane"": true}"
2026-09-17T17:42:52.194Z,prometheus-59f5cf7468-7zcq5,e2dfb979-47ef-4b38-9873-7fc3eee70142,prometheus,Running,True,1,1,0,"{""prometheus"": 0}","{""prometheus"": ""running""}",5,desktop-control-plane,True,"{""desktop-control-plane"": true}"
2026-09-17T17:42:52.194Z,rabbitmq-5cdf8f76b7-bkvlg,6390bb39-0727-4ae9-88b4-23eb06cf28be,rabbitmq,Running,True,1,1,0,"{""rabbitmq"": 0}","{""rabbitmq"": ""running""}",5,desktop-control-plane,True,"{""desktop-control-plane"": true}"
2026-09-17T17:42:52.194Z,worker-57dcf48f69-tpt7l,05eef36a-55a7-4727-a795-7740fdc24f97,worker,Running,True,1,1,0,"{""worker"": 0}","{""worker"": ""running""}",5,desktop-control-plane,True,"{""desktop-control-plane"": true}"
2026-09-17T17:42:57.194Z,api-5446dc8d87-229dc,3962ec21-8947-4e1e-842e-8eb609338903,api,Running,True,1,1,0,"{""api"": 0}","{""api"": ""running""}",5,desktop-control-plane,True,"{""desktop-control-plane"": true}"
2026-09-17T17:42:57.194Z,api-5446dc8d87-6l9mv,9246cf39-f267-4f44-bc84-2767b1b72c59,api,Running,True,1,1,0,"{""api"": 0}","{""api"": ""running""}",5,desktop-control-plane,True,"{""desktop-control-plane"": true}"
2026-09-17T17:42:57.194Z,api-5446dc8d87-8n9lr,55e7ddf5-b6d4-42fd-9a85-0bdf844f2ffb,api,Running,True,1,1,0,"{""api"": 0}","{""api"": ""running""}",5,desktop-control-plane,True,"{""desktop-control-plane"": true}"
2026-09-17T17:42:57.194Z,api-5446dc8d87-kqzcx,a07f6b92-26dc-4a85-bd5f-42a6c17cbddf,api,Running,True,1,1,0,"{""api"": 0}","{""api"": ""running""}",5,desktop-control-plane,True,"{""desktop-control-plane"": true}"
2026-09-17T17:42:57.194Z,api-5446dc8d87-m55dp,88a42c71-bac3-4075-959d-407f50765036,api,Running,True,1,1,0,"{""api"": 0}","{""api"": ""running""}",5,desktop-control-plane,True,"{""desktop-control-plane"": true}"
2026-09-17T17:42:57.194Z,jaeger-7cc9b664cc-8zts5,66d6c19f-d2b0-40bb-bf1f-41667edf8656,jaeger,Running,True,1,1,0,"{""jaeger"": 0}","{""jaeger"": ""running""}",5,desktop-control-plane,True,"{""desktop-control-plane"": true}"
2026-09-17T17:42:57.194Z,k6-c2-run-2-bz4sj,fe122c5e-449c-4b09-9066-4400969bf097,k6,Running,True,1,1,0,"{""k6"": 0}","{""k6"": ""running""}",5,desktop-control-plane,True,"{""desktop-control-plane"": true}"
2026-09-17T17:42:57.194Z,otel-collector-7c765745bf-d64nd,e1d10cbf-afc3-415e-b996-9a271df63bf2,otel-collector,Running,True,1,1,0,"{""otel-collector"": 0}","{""otel-collector"": ""running""}",5,desktop-control-plane,True,"{""desktop-control-plane"": true}"
2026-09-17T17:42:57.194Z,postgres-676cc4986c-v8qxn,1bf14322-2c6f-423c-b80e-860c302c8460,postgres,Running,True,1,1,0,"{""postgres"": 0}","{""postgres"": ""running""}",5,desktop-control-plane,True,"{""desktop-control-plane"": true}"
2026-09-17T17:42:57.194Z,prometheus-59f5cf7468-7zcq5,e2dfb979-47ef-4b38-9873-7fc3eee70142,prometheus,Running,True,1,1,0,"{""prometheus"": 0}","{""prometheus"": ""running""}",5,desktop-control-plane,True,"{""desktop-control-plane"": true}"
2026-09-17T17:42:57.194Z,rabbitmq-5cdf8f76b7-bkvlg,6390bb39-0727-4ae9-88b4-23eb06cf28be,rabbitmq,Running,True,1,1,0,"{""rabbitmq"": 0}","{""rabbitmq"": ""running""}",5,desktop-control-plane,True,"{""desktop-control-plane"": true}"
2026-09-17T17:42:57.194Z,worker-57dcf48f69-tpt7l,05eef36a-55a7-4727-a795-7740fdc24f97,worker,Running,True,1,1,0,"{""worker"": 0}","{""worker"": ""running""}",5,desktop-control-plane,True,"{""desktop-control-plane"": true}"
2026-09-17T17:43:02.194Z,api-5446dc8d87-229dc,3962ec21-8947-4e1e-842e-8eb609338903,api,Running,True,1,1,0,"{""api"": 0}","{""api"": ""running""}",5,desktop-control-plane,True,"{""desktop-control-plane"": true}"
2026-09-17T17:43:02.194Z,api-5446dc8d87-6l9mv,9246cf39-f267-4f44-bc84-2767b1b72c59,api,Running,True,1,1,0,"{""api"": 0}","{""api"": ""running""}",5,desktop-control-plane,True,"{""desktop-control-plane"": true}"
2026-09-17T17:43:02.194Z,api-5446dc8d87-8n9lr,55e7ddf5-b6d4-42fd-9a85-0bdf844f2ffb,api,Running,True,1,1,0,"{""api"": 0}","{""api"": ""running""}",5,desktop-control-plane,True,"{""desktop-control-plane"": true}"
2026-09-17T17:43:02.194Z,api-5446dc8d87-kqzcx,a07f6b92-26dc-4a85-bd5f-42a6c17cbddf,api,Running,True,1,1,0,"{""api"": 0}","{""api"": ""running""}",5,desktop-control-plane,True,"{""desktop-control-plane"": true}"
2026-09-17T17:43:02.194Z,api-5446dc8d87-m55dp,88a42c71-bac3-4075-959d-407f50765036,api,Running,True,1,1,0,"{""api"": 0}","{""api"": ""running""}",5,desktop-control-plane,True,"{""desktop-control-plane"": true}"
2026-09-17T17:43:02.194Z,jaeger-7cc9b664cc-8zts5,66d6c19f-d2b0-40bb-bf1f-41667edf8656,jaeger,Running,True,1,1,0,"{""jaeger"": 0}","{""jaeger"": ""running""}",5,desktop-control-plane,True,"{""desktop-control-plane"": true}"
2026-09-17T17:43:02.194Z,k6-c2-run-2-bz4sj,fe122c5e-449c-4b09-9066-4400969bf097,k6,Running,True,1,1,0,"{""k6"": 0}","{""k6"": ""running""}",5,desktop-control-plane,True,"{""desktop-control-plane"": true}"
2026-09-17T17:43:02.194Z,otel-collector-7c765745bf-d64nd,e1d10cbf-afc3-415e-b996-9a271df63bf2,otel-collector,Running,True,1,1,0,"{""otel-collector"": 0}","{""otel-collector"": ""running""}",5,desktop-control-plane,True,"{""desktop-control-plane"": true}"
2026-09-17T17:43:02.194Z,postgres-676cc4986c-v8qxn,1bf14322-2c6f-423c-b80e-860c302c8460,postgres,Running,True,1,1,0,"{""postgres"": 0}","{""postgres"": ""running""}",5,desktop-control-plane,True,"{""desktop-control-plane"": true}"
2026-09-17T17:43:02.194Z,prometheus-59f5cf7468-7zcq5,e2dfb979-47ef-4b38-9873-7fc3eee70142,prometheus,Running,True,1,1,0,"{""prometheus"": 0}","{""prometheus"": ""running""}",5,desktop-control-plane,True,"{""desktop-control-plane"": true}"
2026-09-17T17:43:02.194Z,rabbitmq-5cdf8f76b7-bkvlg,6390bb39-0727-4ae9-88b4-23eb06cf28be,rabbitmq,Running,True,1,1,0,"{""rabbitmq"": 0}","{""rabbitmq"": ""running""}",5,desktop-control-plane,True,"{""desktop-control-plane"": true}"
2026-09-17T17:43:02.194Z,worker-57dcf48f69-tpt7l,05eef36a-55a7-4727-a795-7740fdc24f97,worker,Running,True,1,1,0,"{""worker"": 0}","{""worker"": ""running""}",5,desktop-control-plane,True,"{""desktop-control-plane"": true}"
2026-09-17T17:43:07.195Z,api-5446dc8d87-229dc,3962ec21-8947-4e1e-842e-8eb609338903,api,Running,True,1,1,0,"{""api"": 0}","{""api"": ""running""}",5,desktop-control-plane,True,"{""desktop-control-plane"": true}"
2026-09-17T17:43:07.195Z,api-5446dc8d87-6l9mv,9246cf39-f267-4f44-bc84-2767b1b72c59,api,Running,True,1,1,0,"{""api"": 0}","{""api"": ""running""}",5,desktop-control-plane,True,"{""desktop-control-plane"": true}"
2026-09-17T17:43:07.195Z,api-5446dc8d87-8n9lr,55e7ddf5-b6d4-42fd-9a85-0bdf844f2ffb,api,Running,True,1,1,0,"{""api"": 0}","{""api"": ""running""}",5,desktop-control-plane,True,"{""desktop-control-plane"": true}"
2026-09-17T17:43:07.195Z,api-5446dc8d87-kqzcx,a07f6b92-26dc-4a85-bd5f-42a6c17cbddf,api,Running,True,1,1,0,"{""api"": 0}","{""api"": ""running""}",5,desktop-control-plane,True,"{""desktop-control-plane"": true}"
2026-09-17T17:43:07.195Z,api-5446dc8d87-m55dp,88a42c71-bac3-4075-959d-407f50765036,api,Running,True,1,1,0,"{""api"": 0}","{""api"": ""running""}",5,desktop-control-plane,True,"{""desktop-control-plane"": true}"
2026-09-17T17:43:07.195Z,jaeger-7cc9b664cc-8zts5,66d6c19f-d2b0-40bb-bf1f-41667edf8656,jaeger,Running,True,1,1,0,"{""jaeger"": 0}","{""jaeger"": ""running""}",5,desktop-control-plane,True,"{""desktop-control-plane"": true}"
2026-09-17T17:43:07.195Z,k6-c2-run-2-bz4sj,fe122c5e-449c-4b09-9066-4400969bf097,k6,Running,True,1,1,0,"{""k6"": 0}","{""k6"": ""running""}",5,desktop-control-plane,True,"{""desktop-control-plane"": true}"
2026-09-17T17:43:07.195Z,otel-collector-7c765745bf-d64nd,e1d10cbf-afc3-415e-b996-9a271df63bf2,otel-collector,Running,True,1,1,0,"{""otel-collector"": 0}","{""otel-collector"": ""running""}",5,desktop-control-plane,True,"{""desktop-control-plane"": true}"
2026-09-17T17:43:07.195Z,postgres-676cc4986c-v8qxn,1bf14322-2c6f-423c-b80e-860c302c8460,postgres,Running,True,1,1,0,"{""postgres"": 0}","{""postgres"": ""running""}",5,desktop-control-plane,True,"{""desktop-control-plane"": true}"
2026-09-17T17:43:07.195Z,prometheus-59f5cf7468-7zcq5,e2dfb979-47ef-4b38-9873-7fc3eee70142,prometheus,Running,True,1,1,0,"{""prometheus"": 0}","{""prometheus"": ""running""}",5,desktop-control-plane,True,"{""desktop-control-plane"": true}"
2026-09-17T17:43:07.195Z,rabbitmq-5cdf8f76b7-bkvlg,6390bb39-0727-4ae9-88b4-23eb06cf28be,rabbitmq,Running,True,1,1,0,"{""rabbitmq"": 0}","{""rabbitmq"": ""running""}",5,desktop-control-plane,True,"{""desktop-control-plane"": true}"
2026-09-17T17:43:07.195Z,worker-57dcf48f69-tpt7l,05eef36a-55a7-4727-a795-7740fdc24f97,worker,Running,True,1,1,0,"{""worker"": 0}","{""worker"": ""running""}",5,desktop-control-plane,True,"{""desktop-control-plane"": true}"
2026-09-17T17:43:12.195Z,api-5446dc8d87-229dc,3962ec21-8947-4e1e-842e-8eb609338903,api,Running,True,1,1,0,"{""api"": 0}","{""api"": ""running""}",5,desktop-control-plane,True,"{""desktop-control-plane"": true}"
2026-09-17T17:43:12.195Z,api-5446dc8d87-6l9mv,9246cf39-f267-4f44-bc84-2767b1b72c59,api,Running,False,0,1,0,"{""api"": 0}","{""api"": ""running""}",5,desktop-control-plane,True,"{""desktop-control-plane"": true}"
2026-09-17T17:43:12.195Z,api-5446dc8d87-8n9lr,55e7ddf5-b6d4-42fd-9a85-0bdf844f2ffb,api,Running,True,1,1,0,"{""api"": 0}","{""api"": ""running""}",5,desktop-control-plane,True,"{""desktop-control-plane"": true}"
2026-09-17T17:43:12.195Z,api-5446dc8d87-kqzcx,a07f6b92-26dc-4a85-bd5f-42a6c17cbddf,api,Running,True,1,1,0,"{""api"": 0}","{""api"": ""running""}",5,desktop-control-plane,True,"{""desktop-control-plane"": true}"
2026-09-17T17:43:12.195Z,api-5446dc8d87-m55dp,88a42c71-bac3-4075-959d-407f50765036,api,Running,True,1,1,0,"{""api"": 0}","{""api"": ""running""}",5,desktop-control-plane,True,"{""desktop-control-plane"": true}"
2026-09-17T17:43:12.195Z,jaeger-7cc9b664cc-8zts5,66d6c19f-d2b0-40bb-bf1f-41667edf8656,jaeger,Running,True,1,1,0,"{""jaeger"": 0}","{""jaeger"": ""running""}",5,desktop-control-plane,True,"{""desktop-control-plane"": true}"
2026-09-17T17:43:12.195Z,k6-c2-run-2-bz4sj,fe122c5e-449c-4b09-9066-4400969bf097,k6,Running,True,1,1,0,"{""k6"": 0}","{""k6"": ""running""}",5,desktop-control-plane,True,"{""desktop-control-plane"": true}"
2026-09-17T17:43:12.195Z,otel-collector-7c765745bf-d64nd,e1d10cbf-afc3-415e-b996-9a271df63bf2,otel-collector,Running,True,1,1,0,"{""otel-collector"": 0}","{""otel-collector"": ""running""}",5,desktop-control-plane,True,"{""desktop-control-plane"": true}"
2026-09-17T17:43:12.195Z,postgres-676cc4986c-v8qxn,1bf14322-2c6f-423c-b80e-860c302c8460,postgres,Running,True,1,1,0,"{""postgres"": 0}","{""postgres"": ""running""}",5,desktop-control-plane,True,"{""desktop-control-plane"": true}"
2026-09-17T17:43:12.195Z,prometheus-59f5cf7468-7zcq5,e2dfb979-47ef-4b38-9873-7fc3eee70142,prometheus,Running,True,1,1,0,"{""prometheus"": 0}","{""prometheus"": ""running""}",5,desktop-control-plane,True,"{""desktop-control-plane"": true}"
2026-09-17T17:43:12.195Z,rabbitmq-5cdf8f76b7-bkvlg,6390bb39-0727-4ae9-88b4-23eb06cf28be,rabbitmq,Running,True,1,1,0,"{""rabbitmq"": 0}","{""rabbitmq"": ""running""}",5,desktop-control-plane,True,"{""desktop-control-plane"": true}"
2026-09-17T17:43:12.195Z,worker-57dcf48f69-tpt7l,05eef36a-55a7-4727-a795-7740fdc24f97,worker,Running,True,1,1,0,"{""worker"": 0}","{""worker"": ""running""}",5,desktop-control-plane,True,"{""desktop-control-plane"": true}"
2026-09-17T17:43:17.195Z,api-5446dc8d87-229dc,3962ec21-8947-4e1e-842e-8eb609338903,api,Running,True,1,1,0,"{""api"": 0}","{""api"": ""running""}",5,desktop-control-plane,True,"{""desktop-control-plane"": true}"
2026-09-17T17:43:17.195Z,api-5446dc8d87-6l9mv,9246cf39-f267-4f44-bc84-2767b1b72c59,api,Running,False,0,1,0,"{""api"": 0}","{""api"": ""running""}",5,desktop-control-plane,True,"{""desktop-control-plane"": true}"
2026-09-17T17:43:17.195Z,api-5446dc8d87-8n9lr,55e7ddf5-b6d4-42fd-9a85-0bdf844f2ffb,api,Running,True,1,1,0,"{""api"": 0}","{""api"": ""running""}",5,desktop-control-plane,True,"{""desktop-control-plane"": true}"
2026-09-17T17:43:17.195Z,api-5446dc8d87-kqzcx,a07f6b92-26dc-4a85-bd5f-42a6c17cbddf,api,Running,True,1,1,0,"{""api"": 0}","{""api"": ""running""}",5,desktop-control-plane,True,"{""desktop-control-plane"": true}"
2026-09-17T17:43:17.195Z,api-5446dc8d87-m55dp,88a42c71-bac3-4075-959d-407f50765036,api,Running,True,1,1,0,"{""api"": 0}","{""api"": ""running""}",5,desktop-control-plane,True,"{""desktop-control-plane"": true}"
2026-09-17T17:43:17.195Z,jaeger-7cc9b664cc-8zts5,66d6c19f-d2b0-40bb-bf1f-41667edf8656,jaeger,Running,True,1,1,0,"{""jaeger"": 0}","{""jaeger"": ""running""}",5,desktop-control-plane,True,"{""desktop-control-plane"": true}"
2026-09-17T17:43:17.195Z,k6-c2-run-2-bz4sj,fe122c5e-449c-4b09-9066-4400969bf097,k6,Running,True,1,1,0,"{""k6"": 0}","{""k6"": ""running""}",5,desktop-control-plane,True,"{""desktop-control-plane"": true}"
2026-09-17T17:43:17.195Z,otel-collector-7c765745bf-d64nd,e1d10cbf-afc3-415e-b996-9a271df63bf2,otel-collector,Running,True,1,1,0,"{""otel-collector"": 0}","{""otel-collector"": ""running""}",5,desktop-control-plane,True,"{""desktop-control-plane"": true}"
2026-09-17T17:43:17.195Z,postgres-676cc4986c-v8qxn,1bf14322-2c6f-423c-b80e-860c302c8460,postgres,Running,True,1,1,0,"{""postgres"": 0}","{""postgres"": ""running""}",5,desktop-control-plane,True,"{""desktop-control-plane"": true}"
2026-09-17T17:43:17.195Z,prometheus-59f5cf7468-7zcq5,e2dfb979-47ef-4b38-9873-7fc3eee70142,prometheus,Running,True,1,1,0,"{""prometheus"": 0}","{""prometheus"": ""running""}",5,desktop-control-plane,True,"{""desktop-control-plane"": true}"
2026-09-17T17:43:17.195Z,rabbitmq-5cdf8f76b7-bkvlg,6390bb39-0727-4ae9-88b4-23eb06cf28be,rabbitmq,Running,True,1,1,0,"{""rabbitmq"": 0}","{""rabbitmq"": ""running""}",5,desktop-control-plane,True,"{""desktop-control-plane"": true}"
2026-09-17T17:43:17.195Z,worker-57dcf48f69-tpt7l,05eef36a-55a7-4727-a795-7740fdc24f97,worker,Running,True,1,1,0,"{""worker"": 0}","{""worker"": ""running""}",5,desktop-control-plane,True,"{""desktop-control-plane"": true}"
2026-09-17T17:43:22.195Z,api-5446dc8d87-229dc,3962ec21-8947-4e1e-842e-8eb609338903,api,Running,True,1,1,0,"{""api"": 0}","{""api"": ""running""}",5,desktop-control-plane,True,"{""desktop-control-plane"": true}"
2026-09-17T17:43:22.195Z,api-5446dc8d87-6l9mv,9246cf39-f267-4f44-bc84-2767b1b72c59,api,Running,False,0,1,0,"{""api"": 0}","{""api"": ""running""}",5,desktop-control-plane,True,"{""desktop-control-plane"": true}"
2026-09-17T17:43:22.195Z,api-5446dc8d87-8n9lr,55e7ddf5-b6d4-42fd-9a85-0bdf844f2ffb,api,Running,True,1,1,0,"{""api"": 0}","{""api"": ""running""}",5,desktop-control-plane,True,"{""desktop-control-plane"": true}"
2026-09-17T17:43:22.195Z,api-5446dc8d87-kqzcx,a07f6b92-26dc-4a85-bd5f-42a6c17cbddf,api,Running,True,1,1,0,"{""api"": 0}","{""api"": ""running""}",5,desktop-control-plane,True,"{""desktop-control-plane"": true}"
2026-09-17T17:43:22.195Z,api-5446dc8d87-m55dp,88a42c71-bac3-4075-959d-407f50765036,api,Running,True,1,1,0,"{""api"": 0}","{""api"": ""running""}",5,desktop-control-plane,True,"{""desktop-control-plane"": true}"
2026-09-17T17:43:22.195Z,jaeger-7cc9b664cc-8zts5,66d6c19f-d2b0-40bb-bf1f-41667edf8656,jaeger,Running,True,1,1,0,"{""jaeger"": 0}","{""jaeger"": ""running""}",5,desktop-control-plane,True,"{""desktop-control-plane"": true}"
2026-09-17T17:43:22.195Z,k6-c2-run-2-bz4sj,fe122c5e-449c-4b09-9066-4400969bf097,k6,Running,True,1,1,0,"{""k6"": 0}","{""k6"": ""running""}",5,desktop-control-plane,True,"{""desktop-control-plane"": true}"
2026-09-17T17:43:22.195Z,otel-collector-7c765745bf-d64nd,e1d10cbf-afc3-415e-b996-9a271df63bf2,otel-collector,Running,True,1,1,0,"{""otel-collector"": 0}","{""otel-collector"": ""running""}",5,desktop-control-plane,True,"{""desktop-control-plane"": true}"
2026-09-17T17:43:22.195Z,postgres-676cc4986c-v8qxn,1bf14322-2c6f-423c-b80e-860c302c8460,postgres,Running,True,1,1,0,"{""postgres"": 0}","{""postgres"": ""running""}",5,desktop-control-plane,True,"{""desktop-control-plane"": true}"
2026-09-17T17:43:22.195Z,prometheus-59f5cf7468-7zcq5,e2dfb979-47ef-4b38-9873-7fc3eee70142,prometheus,Running,True,1,1,0,"{""prometheus"": 0}","{""prometheus"": ""running""}",5,desktop-control-plane,True,"{""desktop-control-plane"": true}"
2026-09-17T17:43:22.195Z,rabbitmq-5cdf8f76b7-bkvlg,6390bb39-0727-4ae9-88b4-23eb06cf28be,rabbitmq,Running,True,1,1,0,"{""rabbitmq"": 0}","{""rabbitmq"": ""running""}",5,desktop-control-plane,True,"{""desktop-control-plane"": true}"
2026-09-17T17:43:22.195Z,worker-57dcf48f69-tpt7l,05eef36a-55a7-4727-a795-7740fdc24f97,worker,Running,True,1,1,0,"{""worker"": 0}","{""worker"": ""running""}",5,desktop-control-plane,True,"{""desktop-control-plane"": true}"
2026-09-17T17:43:27.196Z,api-5446dc8d87-229dc,3962ec21-8947-4e1e-842e-8eb609338903,api,Running,True,1,1,0,"{""api"": 0}","{""api"": ""running""}",5,desktop-control-plane,True,"{""desktop-control-plane"": true}"
2026-09-17T17:43:27.196Z,api-5446dc8d87-6l9mv,9246cf39-f267-4f44-bc84-2767b1b72c59,api,Running,False,0,1,0,"{""api"": 0}","{""api"": ""running""}",5,desktop-control-plane,True,"{""desktop-control-plane"": true}"
2026-09-17T17:43:27.196Z,api-5446dc8d87-8n9lr,55e7ddf5-b6d4-42fd-9a85-0bdf844f2ffb,api,Running,True,1,1,0,"{""api"": 0}","{""api"": ""running""}",5,desktop-control-plane,True,"{""desktop-control-plane"": true}"
2026-09-17T17:43:27.196Z,api-5446dc8d87-kqzcx,a07f6b92-26dc-4a85-bd5f-42a6c17cbddf,api,Running,True,1,1,0,"{""api"": 0}","{""api"": ""running""}",5,desktop-control-plane,True,"{""desktop-control-plane"": true}"
2026-09-17T17:43:27.196Z,api-5446dc8d87-m55dp,88a42c71-bac3-4075-959d-407f50765036,api,Running,True,1,1,0,"{""api"": 0}","{""api"": ""running""}",5,desktop-control-plane,True,"{""desktop-control-plane"": true}"
2026-09-17T17:43:27.196Z,jaeger-7cc9b664cc-8zts5,66d6c19f-d2b0-40bb-bf1f-41667edf8656,jaeger,Running,True,1,1,0,"{""jaeger"": 0}","{""jaeger"": ""running""}",5,desktop-control-plane,True,"{""desktop-control-plane"": true}"
2026-09-17T17:43:27.196Z,k6-c2-run-2-bz4sj,fe122c5e-449c-4b09-9066-4400969bf097,k6,Running,True,1,1,0,"{""k6"": 0}","{""k6"": ""running""}",5,desktop-control-plane,True,"{""desktop-control-plane"": true}"
2026-09-17T17:43:27.196Z,otel-collector-7c765745bf-d64nd,e1d10cbf-afc3-415e-b996-9a271df63bf2,otel-collector,Running,True,1,1,0,"{""otel-collector"": 0}","{""otel-collector"": ""running""}",5,desktop-control-plane,True,"{""desktop-control-plane"": true}"
2026-09-17T17:43:27.196Z,postgres-676cc4986c-v8qxn,1bf14322-2c6f-423c-b80e-860c302c8460,postgres,Running,True,1,1,0,"{""postgres"": 0}","{""postgres"": ""running""}",5,desktop-control-plane,True,"{""desktop-control-plane"": true}"
2026-09-17T17:43:27.196Z,prometheus-59f5cf7468-7zcq5,e2dfb979-47ef-4b38-9873-7fc3eee70142,prometheus,Running,True,1,1,0,"{""prometheus"": 0}","{""prometheus"": ""running""}",5,desktop-control-plane,True,"{""desktop-control-plane"": true}"
2026-09-17T17:43:27.196Z,rabbitmq-5cdf8f76b7-bkvlg,6390bb39-0727-4ae9-88b4-23eb06cf28be,rabbitmq,Running,True,1,1,0,"{""rabbitmq"": 0}","{""rabbitmq"": ""running""}",5,desktop-control-plane,True,"{""desktop-control-plane"": true}"
2026-09-17T17:43:27.196Z,worker-57dcf48f69-tpt7l,05eef36a-55a7-4727-a795-7740fdc24f97,worker,Running,True,1,1,0,"{""worker"": 0}","{""worker"": ""running""}",5,desktop-control-plane,True,"{""desktop-control-plane"": true}"
2026-09-17T17:43:32.196Z,api-5446dc8d87-229dc,3962ec21-8947-4e1e-842e-8eb609338903,api,Running,True,1,1,0,"{""api"": 0}","{""api"": ""running""}",5,desktop-control-plane,True,"{""desktop-control-plane"": true}"
2026-09-17T17:43:32.196Z,api-5446dc8d87-6l9mv,9246cf39-f267-4f44-bc84-2767b1b72c59,api,Running,False,0,1,0,"{""api"": 0}","{""api"": ""running""}",5,desktop-control-plane,True,"{""desktop-control-plane"": true}"
2026-09-17T17:43:32.196Z,api-5446dc8d87-8n9lr,55e7ddf5-b6d4-42fd-9a85-0bdf844f2ffb,api,Running,True,1,1,0,"{""api"": 0}","{""api"": ""running""}",5,desktop-control-plane,True,"{""desktop-control-plane"": true}"
2026-09-17T17:43:32.196Z,api-5446dc8d87-kqzcx,a07f6b92-26dc-4a85-bd5f-42a6c17cbddf,api,Running,True,1,1,0,"{""api"": 0}","{""api"": ""running""}",5,desktop-control-plane,True,"{""desktop-control-plane"": true}"
2026-09-17T17:43:32.196Z,api-5446dc8d87-m55dp,88a42c71-bac3-4075-959d-407f50765036,api,Running,True,1,1,0,"{""api"": 0}","{""api"": ""running""}",5,desktop-control-plane,True,"{""desktop-control-plane"": true}"
2026-09-17T17:43:32.196Z,jaeger-7cc9b664cc-8zts5,66d6c19f-d2b0-40bb-bf1f-41667edf8656,jaeger,Running,True,1,1,0,"{""jaeger"": 0}","{""jaeger"": ""running""}",5,desktop-control-plane,True,"{""desktop-control-plane"": true}"
2026-09-17T17:43:32.196Z,k6-c2-run-2-bz4sj,fe122c5e-449c-4b09-9066-4400969bf097,k6,Running,True,1,1,0,"{""k6"": 0}","{""k6"": ""running""}",5,desktop-control-plane,True,"{""desktop-control-plane"": true}"
2026-09-17T17:43:32.196Z,otel-collector-7c765745bf-d64nd,e1d10cbf-afc3-415e-b996-9a271df63bf2,otel-collector,Running,True,1,1,0,"{""otel-collector"": 0}","{""otel-collector"": ""running""}",5,desktop-control-plane,True,"{""desktop-control-plane"": true}"
2026-09-17T17:43:32.196Z,postgres-676cc4986c-v8qxn,1bf14322-2c6f-423c-b80e-860c302c8460,postgres,Running,True,1,1,0,"{""postgres"": 0}","{""postgres"": ""running""}",5,desktop-control-plane,True,"{""desktop-control-plane"": true}"
2026-09-17T17:43:32.196Z,prometheus-59f5cf7468-7zcq5,e2dfb979-47ef-4b38-9873-7fc3eee70142,prometheus,Running,True,1,1,0,"{""prometheus"": 0}","{""prometheus"": ""running""}",5,desktop-control-plane,True,"{""desktop-control-plane"": true}"
2026-09-17T17:43:32.196Z,rabbitmq-5cdf8f76b7-bkvlg,6390bb39-0727-4ae9-88b4-23eb06cf28be,rabbitmq,Running,True,1,1,0,"{""rabbitmq"": 0}","{""rabbitmq"": ""running""}",5,desktop-control-plane,True,"{""desktop-control-plane"": true}"
2026-09-17T17:43:32.196Z,worker-57dcf48f69-tpt7l,05eef36a-55a7-4727-a795-7740fdc24f97,worker,Running,True,1,1,0,"{""worker"": 0}","{""worker"": ""running""}",5,desktop-control-plane,True,"{""desktop-control-plane"": true}"
2026-09-17T17:43:37.197Z,api-5446dc8d87-229dc,3962ec21-8947-4e1e-842e-8eb609338903,api,Running,True,1,1,0,"{""api"": 0}","{""api"": ""running""}",5,desktop-control-plane,True,"{""desktop-control-plane"": true}"
2026-09-17T17:43:37.197Z,api-5446dc8d87-6l9mv,9246cf39-f267-4f44-bc84-2767b1b72c59,api,Running,False,0,1,0,"{""api"": 0}","{""api"": ""running""}",5,desktop-control-plane,True,"{""desktop-control-plane"": true}"
2026-09-17T17:43:37.197Z,api-5446dc8d87-8n9lr,55e7ddf5-b6d4-42fd-9a85-0bdf844f2ffb,api,Running,True,1,1,0,"{""api"": 0}","{""api"": ""running""}",5,desktop-control-plane,True,"{""desktop-control-plane"": true}"
2026-09-17T17:43:37.197Z,api-5446dc8d87-kqzcx,a07f6b92-26dc-4a85-bd5f-42a6c17cbddf,api,Running,True,1,1,0,"{""api"": 0}","{""api"": ""running""}",5,desktop-control-plane,True,"{""desktop-control-plane"": true}"
2026-09-17T17:43:37.197Z,api-5446dc8d87-m55dp,88a42c71-bac3-4075-959d-407f50765036,api,Running,True,1,1,0,"{""api"": 0}","{""api"": ""running""}",5,desktop-control-plane,True,"{""desktop-control-plane"": true}"
2026-09-17T17:43:37.197Z,jaeger-7cc9b664cc-8zts5,66d6c19f-d2b0-40bb-bf1f-41667edf8656,jaeger,Running,True,1,1,0,"{""jaeger"": 0}","{""jaeger"": ""running""}",5,desktop-control-plane,True,"{""desktop-control-plane"": true}"
2026-09-17T17:43:37.197Z,k6-c2-run-2-bz4sj,fe122c5e-449c-4b09-9066-4400969bf097,k6,Running,True,1,1,0,"{""k6"": 0}","{""k6"": ""running""}",5,desktop-control-plane,True,"{""desktop-control-plane"": true}"
2026-09-17T17:43:37.197Z,otel-collector-7c765745bf-d64nd,e1d10cbf-afc3-415e-b996-9a271df63bf2,otel-collector,Running,True,1,1,0,"{""otel-collector"": 0}","{""otel-collector"": ""running""}",5,desktop-control-plane,True,"{""desktop-control-plane"": true}"
2026-09-17T17:43:37.197Z,postgres-676cc4986c-v8qxn,1bf14322-2c6f-423c-b80e-860c302c8460,postgres,Running,True,1,1,0,"{""postgres"": 0}","{""postgres"": ""running""}",5,desktop-control-plane,True,"{""desktop-control-plane"": true}"
2026-09-17T17:43:37.197Z,prometheus-59f5cf7468-7zcq5,e2dfb979-47ef-4b38-9873-7fc3eee70142,prometheus,Running,True,1,1,0,"{""prometheus"": 0}","{""prometheus"": ""running""}",5,desktop-control-plane,True,"{""desktop-control-plane"": true}"
2026-09-17T17:43:37.197Z,rabbitmq-5cdf8f76b7-bkvlg,6390bb39-0727-4ae9-88b4-23eb06cf28be,rabbitmq,Running,True,1,1,0,"{""rabbitmq"": 0}","{""rabbitmq"": ""running""}",5,desktop-control-plane,True,"{""desktop-control-plane"": true}"
2026-09-17T17:43:37.197Z,worker-57dcf48f69-tpt7l,05eef36a-55a7-4727-a795-7740fdc24f97,worker,Running,True,1,1,0,"{""worker"": 0}","{""worker"": ""running""}",5,desktop-control-plane,True,"{""desktop-control-plane"": true}"
2026-09-17T17:43:42.197Z,api-5446dc8d87-229dc,3962ec21-8947-4e1e-842e-8eb609338903,api,Running,True,1,1,0,"{""api"": 0}","{""api"": ""running""}",5,desktop-control-plane,True,"{""desktop-control-plane"": true}"
2026-09-17T17:43:42.197Z,api-5446dc8d87-6l9mv,9246cf39-f267-4f44-bc84-2767b1b72c59,api,Running,False,0,1,0,"{""api"": 0}","{""api"": ""running""}",5,desktop-control-plane,True,"{""desktop-control-plane"": true}"
2026-09-17T17:43:42.197Z,api-5446dc8d87-8n9lr,55e7ddf5-b6d4-42fd-9a85-0bdf844f2ffb,api,Running,True,1,1,0,"{""api"": 0}","{""api"": ""running""}",5,desktop-control-plane,True,"{""desktop-control-plane"": true}"
2026-09-17T17:43:42.197Z,api-5446dc8d87-kqzcx,a07f6b92-26dc-4a85-bd5f-42a6c17cbddf,api,Running,True,1,1,0,"{""api"": 0}","{""api"": ""running""}",5,desktop-control-plane,True,"{""desktop-control-plane"": true}"
2026-09-17T17:43:42.197Z,api-5446dc8d87-m55dp,88a42c71-bac3-4075-959d-407f50765036,api,Running,True,1,1,0,"{""api"": 0}","{""api"": ""running""}",5,desktop-control-plane,True,"{""desktop-control-plane"": true}"
2026-09-17T17:43:42.197Z,jaeger-7cc9b664cc-8zts5,66d6c19f-d2b0-40bb-bf1f-41667edf8656,jaeger,Running,True,1,1,0,"{""jaeger"": 0}","{""jaeger"": ""running""}",5,desktop-control-plane,True,"{""desktop-control-plane"": true}"
2026-09-17T17:43:42.197Z,k6-c2-run-2-bz4sj,fe122c5e-449c-4b09-9066-4400969bf097,k6,Running,True,1,1,0,"{""k6"": 0}","{""k6"": ""running""}",5,desktop-control-plane,True,"{""desktop-control-plane"": true}"
2026-09-17T17:43:42.197Z,otel-collector-7c765745bf-d64nd,e1d10cbf-afc3-415e-b996-9a271df63bf2,otel-collector,Running,True,1,1,0,"{""otel-collector"": 0}","{""otel-collector"": ""running""}",5,desktop-control-plane,True,"{""desktop-control-plane"": true}"
2026-09-17T17:43:42.197Z,postgres-676cc4986c-v8qxn,1bf14322-2c6f-423c-b80e-860c302c8460,postgres,Running,True,1,1,0,"{""postgres"": 0}","{""postgres"": ""running""}",5,desktop-control-plane,True,"{""desktop-control-plane"": true}"
2026-09-17T17:43:42.197Z,prometheus-59f5cf7468-7zcq5,e2dfb979-47ef-4b38-9873-7fc3eee70142,prometheus,Running,True,1,1,0,"{""prometheus"": 0}","{""prometheus"": ""running""}",5,desktop-control-plane,True,"{""desktop-control-plane"": true}"
2026-09-17T17:43:42.197Z,rabbitmq-5cdf8f76b7-bkvlg,6390bb39-0727-4ae9-88b4-23eb06cf28be,rabbitmq,Running,True,1,1,0,"{""rabbitmq"": 0}","{""rabbitmq"": ""running""}",5,desktop-control-plane,True,"{""desktop-control-plane"": true}"
2026-09-17T17:43:42.197Z,worker-57dcf48f69-tpt7l,05eef36a-55a7-4727-a795-7740fdc24f97,worker,Running,True,1,1,0,"{""worker"": 0}","{""worker"": ""running""}",5,desktop-control-plane,True,"{""desktop-control-plane"": true}"
2026-09-17T17:43:47.197Z,api-5446dc8d87-229dc,3962ec21-8947-4e1e-842e-8eb609338903,api,Running,True,1,1,0,"{""api"": 0}","{""api"": ""running""}",5,desktop-control-plane,True,"{""desktop-control-plane"": true}"
2026-09-17T17:43:47.197Z,api-5446dc8d87-6l9mv,9246cf39-f267-4f44-bc84-2767b1b72c59,api,Running,False,0,1,0,"{""api"": 0}","{""api"": ""running""}",5,desktop-control-plane,True,"{""desktop-control-plane"": true}"
2026-09-17T17:43:47.197Z,api-5446dc8d87-8n9lr,55e7ddf5-b6d4-42fd-9a85-0bdf844f2ffb,api,Running,True,1,1,0,"{""api"": 0}","{""api"": ""running""}",5,desktop-control-plane,True,"{""desktop-control-plane"": true}"
2026-09-17T17:43:47.197Z,api-5446dc8d87-kqzcx,a07f6b92-26dc-4a85-bd5f-42a6c17cbddf,api,Running,True,1,1,0,"{""api"": 0}","{""api"": ""running""}",5,desktop-control-plane,True,"{""desktop-control-plane"": true}"
2026-09-17T17:43:47.197Z,api-5446dc8d87-m55dp,88a42c71-bac3-4075-959d-407f50765036,api,Running,True,1,1,0,"{""api"": 0}","{""api"": ""running""}",5,desktop-control-plane,True,"{""desktop-control-plane"": true}"
2026-09-17T17:43:47.197Z,jaeger-7cc9b664cc-8zts5,66d6c19f-d2b0-40bb-bf1f-41667edf8656,jaeger,Running,True,1,1,0,"{""jaeger"": 0}","{""jaeger"": ""running""}",5,desktop-control-plane,True,"{""desktop-control-plane"": true}"
2026-09-17T17:43:47.197Z,k6-c2-run-2-bz4sj,fe122c5e-449c-4b09-9066-4400969bf097,k6,Running,True,1,1,0,"{""k6"": 0}","{""k6"": ""running""}",5,desktop-control-plane,True,"{""desktop-control-plane"": true}"
2026-09-17T17:43:47.197Z,otel-collector-7c765745bf-d64nd,e1d10cbf-afc3-415e-b996-9a271df63bf2,otel-collector,Running,True,1,1,0,"{""otel-collector"": 0}","{""otel-collector"": ""running""}",5,desktop-control-plane,True,"{""desktop-control-plane"": true}"
2026-09-17T17:43:47.197Z,postgres-676cc4986c-v8qxn,1bf14322-2c6f-423c-b80e-860c302c8460,postgres,Running,True,1,1,0,"{""postgres"": 0}","{""postgres"": ""running""}",5,desktop-control-plane,True,"{""desktop-control-plane"": true}"
2026-09-17T17:43:47.197Z,prometheus-59f5cf7468-7zcq5,e2dfb979-47ef-4b38-9873-7fc3eee70142,prometheus,Running,True,1,1,0,"{""prometheus"": 0}","{""prometheus"": ""running""}",5,desktop-control-plane,True,"{""desktop-control-plane"": true}"
2026-09-17T17:43:47.197Z,rabbitmq-5cdf8f76b7-bkvlg,6390bb39-0727-4ae9-88b4-23eb06cf28be,rabbitmq,Running,True,1,1,0,"{""rabbitmq"": 0}","{""rabbitmq"": ""running""}",5,desktop-control-plane,True,"{""desktop-control-plane"": true}"
2026-09-17T17:43:47.197Z,worker-57dcf48f69-tpt7l,05eef36a-55a7-4727-a795-7740fdc24f97,worker,Running,True,1,1,0,"{""worker"": 0}","{""worker"": ""running""}",5,desktop-control-plane,True,"{""desktop-control-plane"": true}"
2026-09-17T17:43:52.198Z,api-5446dc8d87-229dc,3962ec21-8947-4e1e-842e-8eb609338903,api,Running,True,1,1,0,"{""api"": 0}","{""api"": ""running""}",5,desktop-control-plane,True,"{""desktop-control-plane"": true}"
2026-09-17T17:43:52.198Z,api-5446dc8d87-6l9mv,9246cf39-f267-4f44-bc84-2767b1b72c59,api,Running,False,0,1,1,"{""api"": 1}","{""api"": ""running""}",5,desktop-control-plane,True,"{""desktop-control-plane"": true}"
2026-09-17T17:43:52.198Z,api-5446dc8d87-8n9lr,55e7ddf5-b6d4-42fd-9a85-0bdf844f2ffb,api,Running,True,1,1,0,"{""api"": 0}","{""api"": ""running""}",5,desktop-control-plane,True,"{""desktop-control-plane"": true}"
2026-09-17T17:43:52.198Z,api-5446dc8d87-kqzcx,a07f6b92-26dc-4a85-bd5f-42a6c17cbddf,api,Running,True,1,1,0,"{""api"": 0}","{""api"": ""running""}",5,desktop-control-plane,True,"{""desktop-control-plane"": true}"
2026-09-17T17:43:52.198Z,api-5446dc8d87-m55dp,88a42c71-bac3-4075-959d-407f50765036,api,Running,True,1,1,0,"{""api"": 0}","{""api"": ""running""}",5,desktop-control-plane,True,"{""desktop-control-plane"": true}"
2026-09-17T17:43:52.198Z,jaeger-7cc9b664cc-8zts5,66d6c19f-d2b0-40bb-bf1f-41667edf8656,jaeger,Running,True,1,1,0,"{""jaeger"": 0}","{""jaeger"": ""running""}",5,desktop-control-plane,True,"{""desktop-control-plane"": true}"
2026-09-17T17:43:52.198Z,k6-c2-run-2-bz4sj,fe122c5e-449c-4b09-9066-4400969bf097,k6,Running,True,1,1,0,"{""k6"": 0}","{""k6"": ""running""}",5,desktop-control-plane,True,"{""desktop-control-plane"": true}"
2026-09-17T17:43:52.198Z,otel-collector-7c765745bf-d64nd,e1d10cbf-afc3-415e-b996-9a271df63bf2,otel-collector,Running,True,1,1,0,"{""otel-collector"": 0}","{""otel-collector"": ""running""}",5,desktop-control-plane,True,"{""desktop-control-plane"": true}"
2026-09-17T17:43:52.198Z,postgres-676cc4986c-v8qxn,1bf14322-2c6f-423c-b80e-860c302c8460,postgres,Running,True,1,1,0,"{""postgres"": 0}","{""postgres"": ""running""}",5,desktop-control-plane,True,"{""desktop-control-plane"": true}"
2026-09-17T17:43:52.198Z,prometheus-59f5cf7468-7zcq5,e2dfb979-47ef-4b38-9873-7fc3eee70142,prometheus,Running,True,1,1,0,"{""prometheus"": 0}","{""prometheus"": ""running""}",5,desktop-control-plane,True,"{""desktop-control-plane"": true}"
2026-09-17T17:43:52.198Z,rabbitmq-5cdf8f76b7-bkvlg,6390bb39-0727-4ae9-88b4-23eb06cf28be,rabbitmq,Running,True,1,1,0,"{""rabbitmq"": 0}","{""rabbitmq"": ""running""}",5,desktop-control-plane,True,"{""desktop-control-plane"": true}"
2026-09-17T17:43:52.198Z,worker-57dcf48f69-tpt7l,05eef36a-55a7-4727-a795-7740fdc24f97,worker,Running,True,1,1,0,"{""worker"": 0}","{""worker"": ""running""}",5,desktop-control-plane,True,"{""desktop-control-plane"": true}"
2026-09-17T17:43:57.198Z,api-5446dc8d87-229dc,3962ec21-8947-4e1e-842e-8eb609338903,api,Running,True,1,1,0,"{""api"": 0}","{""api"": ""running""}",5,desktop-control-plane,True,"{""desktop-control-plane"": true}"
2026-09-17T17:43:57.198Z,api-5446dc8d87-6l9mv,9246cf39-f267-4f44-bc84-2767b1b72c59,api,Running,False,0,1,1,"{""api"": 1}","{""api"": ""running""}",5,desktop-control-plane,True,"{""desktop-control-plane"": true}"
2026-09-17T17:43:57.198Z,api-5446dc8d87-8n9lr,55e7ddf5-b6d4-42fd-9a85-0bdf844f2ffb,api,Running,True,1,1,0,"{""api"": 0}","{""api"": ""running""}",5,desktop-control-plane,True,"{""desktop-control-plane"": true}"
2026-09-17T17:43:57.198Z,api-5446dc8d87-kqzcx,a07f6b92-26dc-4a85-bd5f-42a6c17cbddf,api,Running,True,1,1,0,"{""api"": 0}","{""api"": ""running""}",5,desktop-control-plane,True,"{""desktop-control-plane"": true}"
2026-09-17T17:43:57.198Z,api-5446dc8d87-m55dp,88a42c71-bac3-4075-959d-407f50765036,api,Running,True,1,1,0,"{""api"": 0}","{""api"": ""running""}",5,desktop-control-plane,True,"{""desktop-control-plane"": true}"
2026-09-17T17:43:57.198Z,jaeger-7cc9b664cc-8zts5,66d6c19f-d2b0-40bb-bf1f-41667edf8656,jaeger,Running,True,1,1,0,"{""jaeger"": 0}","{""jaeger"": ""running""}",5,desktop-control-plane,True,"{""desktop-control-plane"": true}"
2026-09-17T17:43:57.198Z,otel-collector-7c765745bf-d64nd,e1d10cbf-afc3-415e-b996-9a271df63bf2,otel-collector,Running,True,1,1,0,"{""otel-collector"": 0}","{""otel-collector"": ""running""}",5,desktop-control-plane,True,"{""desktop-control-plane"": true}"
2026-09-17T17:43:57.198Z,postgres-676cc4986c-v8qxn,1bf14322-2c6f-423c-b80e-860c302c8460,postgres,Running,True,1,1,0,"{""postgres"": 0}","{""postgres"": ""running""}",5,desktop-control-plane,True,"{""desktop-control-plane"": true}"
2026-09-17T17:43:57.198Z,prometheus-59f5cf7468-7zcq5,e2dfb979-47ef-4b38-9873-7fc3eee70142,prometheus,Running,True,1,1,0,"{""prometheus"": 0}","{""prometheus"": ""running""}",5,desktop-control-plane,True,"{""desktop-control-plane"": true}"
2026-09-17T17:43:57.198Z,rabbitmq-5cdf8f76b7-bkvlg,6390bb39-0727-4ae9-88b4-23eb06cf28be,rabbitmq,Running,True,1,1,0,"{""rabbitmq"": 0}","{""rabbitmq"": ""running""}",5,desktop-control-plane,True,"{""desktop-control-plane"": true}"
2026-09-17T17:43:57.198Z,worker-57dcf48f69-tpt7l,05eef36a-55a7-4727-a795-7740fdc24f97,worker,Running,True,1,1,0,"{""worker"": 0}","{""worker"": ""running""}",5,desktop-control-plane,True,"{""desktop-control-plane"": true}"
2026-09-17T17:44:02.199Z,api-5446dc8d87-229dc,3962ec21-8947-4e1e-842e-8eb609338903,api,Running,True,1,1,0,"{""api"": 0}","{""api"": ""running""}",5,desktop-control-plane,True,"{""desktop-control-plane"": true}"
2026-09-17T17:44:02.199Z,api-5446dc8d87-6l9mv,9246cf39-f267-4f44-bc84-2767b1b72c59,api,Running,True,1,1,1,"{""api"": 1}","{""api"": ""running""}",5,desktop-control-plane,True,"{""desktop-control-plane"": true}"
2026-09-17T17:44:02.199Z,api-5446dc8d87-8n9lr,55e7ddf5-b6d4-42fd-9a85-0bdf844f2ffb,api,Running,True,1,1,0,"{""api"": 0}","{""api"": ""running""}",5,desktop-control-plane,True,"{""desktop-control-plane"": true}"
2026-09-17T17:44:02.199Z,api-5446dc8d87-kqzcx,a07f6b92-26dc-4a85-bd5f-42a6c17cbddf,api,Running,True,1,1,0,"{""api"": 0}","{""api"": ""running""}",5,desktop-control-plane,True,"{""desktop-control-plane"": true}"
2026-09-17T17:44:02.199Z,api-5446dc8d87-m55dp,88a42c71-bac3-4075-959d-407f50765036,api,Running,True,1,1,0,"{""api"": 0}","{""api"": ""running""}",5,desktop-control-plane,True,"{""desktop-control-plane"": true}"
2026-09-17T17:44:02.199Z,jaeger-7cc9b664cc-8zts5,66d6c19f-d2b0-40bb-bf1f-41667edf8656,jaeger,Running,True,1,1,0,"{""jaeger"": 0}","{""jaeger"": ""running""}",5,desktop-control-plane,True,"{""desktop-control-plane"": true}"
2026-09-17T17:44:02.199Z,otel-collector-7c765745bf-d64nd,e1d10cbf-afc3-415e-b996-9a271df63bf2,otel-collector,Running,True,1,1,0,"{""otel-collector"": 0}","{""otel-collector"": ""running""}",5,desktop-control-plane,True,"{""desktop-control-plane"": true}"
2026-09-17T17:44:02.199Z,postgres-676cc4986c-v8qxn,1bf14322-2c6f-423c-b80e-860c302c8460,postgres,Running,True,1,1,0,"{""postgres"": 0}","{""postgres"": ""running""}",5,desktop-control-plane,True,"{""desktop-control-plane"": true}"
2026-09-17T17:44:02.199Z,prometheus-59f5cf7468-7zcq5,e2dfb979-47ef-4b38-9873-7fc3eee70142,prometheus,Running,True,1,1,0,"{""prometheus"": 0}","{""prometheus"": ""running""}",5,desktop-control-plane,True,"{""desktop-control-plane"": true}"
2026-09-17T17:44:02.199Z,rabbitmq-5cdf8f76b7-bkvlg,6390bb39-0727-4ae9-88b4-23eb06cf28be,rabbitmq,Running,True,1,1,0,"{""rabbitmq"": 0}","{""rabbitmq"": ""running""}",5,desktop-control-plane,True,"{""desktop-control-plane"": true}"
2026-09-17T17:44:02.199Z,worker-57dcf48f69-tpt7l,05eef36a-55a7-4727-a795-7740fdc24f97,worker,Running,True,1,1,0,"{""worker"": 0}","{""worker"": ""running""}",5,desktop-control-plane,True,"{""desktop-control-plane"": true}"
2026-09-17T17:44:07.199Z,api-5446dc8d87-229dc,3962ec21-8947-4e1e-842e-8eb609338903,api,Running,True,1,1,0,"{""api"": 0}","{""api"": ""running""}",5,desktop-control-plane,True,"{""desktop-control-plane"": true}"
2026-09-17T17:44:07.199Z,api-5446dc8d87-6l9mv,9246cf39-f267-4f44-bc84-2767b1b72c59,api,Running,True,1,1,1,"{""api"": 1}","{""api"": ""running""}",5,desktop-control-plane,True,"{""desktop-control-plane"": true}"
2026-09-17T17:44:07.199Z,api-5446dc8d87-8n9lr,55e7ddf5-b6d4-42fd-9a85-0bdf844f2ffb,api,Running,True,1,1,0,"{""api"": 0}","{""api"": ""running""}",5,desktop-control-plane,True,"{""desktop-control-plane"": true}"
2026-09-17T17:44:07.199Z,api-5446dc8d87-kqzcx,a07f6b92-26dc-4a85-bd5f-42a6c17cbddf,api,Running,True,1,1,0,"{""api"": 0}","{""api"": ""running""}",5,desktop-control-plane,True,"{""desktop-control-plane"": true}"
2026-09-17T17:44:07.199Z,api-5446dc8d87-m55dp,88a42c71-bac3-4075-959d-407f50765036,api,Running,True,1,1,0,"{""api"": 0}","{""api"": ""running""}",5,desktop-control-plane,True,"{""desktop-control-plane"": true}"
2026-09-17T17:44:07.199Z,jaeger-7cc9b664cc-8zts5,66d6c19f-d2b0-40bb-bf1f-41667edf8656,jaeger,Running,True,1,1,0,"{""jaeger"": 0}","{""jaeger"": ""running""}",5,desktop-control-plane,True,"{""desktop-control-plane"": true}"
2026-09-17T17:44:07.199Z,otel-collector-7c765745bf-d64nd,e1d10cbf-afc3-415e-b996-9a271df63bf2,otel-collector,Running,True,1,1,0,"{""otel-collector"": 0}","{""otel-collector"": ""running""}",5,desktop-control-plane,True,"{""desktop-control-plane"": true}"
2026-09-17T17:44:07.199Z,postgres-676cc4986c-v8qxn,1bf14322-2c6f-423c-b80e-860c302c8460,postgres,Running,True,1,1,0,"{""postgres"": 0}","{""postgres"": ""running""}",5,desktop-control-plane,True,"{""desktop-control-plane"": true}"
2026-09-17T17:44:07.199Z,prometheus-59f5cf7468-7zcq5,e2dfb979-47ef-4b38-9873-7fc3eee70142,prometheus,Running,True,1,1,0,"{""prometheus"": 0}","{""prometheus"": ""running""}",5,desktop-control-plane,True,"{""desktop-control-plane"": true}"
2026-09-17T17:44:07.199Z,rabbitmq-5cdf8f76b7-bkvlg,6390bb39-0727-4ae9-88b4-23eb06cf28be,rabbitmq,Running,True,1,1,0,"{""rabbitmq"": 0}","{""rabbitmq"": ""running""}",5,desktop-control-plane,True,"{""desktop-control-plane"": true}"
2026-09-17T17:44:07.199Z,worker-57dcf48f69-tpt7l,05eef36a-55a7-4727-a795-7740fdc24f97,worker,Running,True,1,1,0,"{""worker"": 0}","{""worker"": ""running""}",5,desktop-control-plane,True,"{""desktop-control-plane"": true}"
2026-09-17T17:44:12.199Z,api-5446dc8d87-229dc,3962ec21-8947-4e1e-842e-8eb609338903,api,Running,True,1,1,0,"{""api"": 0}","{""api"": ""running""}",5,desktop-control-plane,True,"{""desktop-control-plane"": true}"
2026-09-17T17:44:12.199Z,api-5446dc8d87-6l9mv,9246cf39-f267-4f44-bc84-2767b1b72c59,api,Running,True,1,1,1,"{""api"": 1}","{""api"": ""running""}",5,desktop-control-plane,True,"{""desktop-control-plane"": true}"
2026-09-17T17:44:12.199Z,api-5446dc8d87-8n9lr,55e7ddf5-b6d4-42fd-9a85-0bdf844f2ffb,api,Running,True,1,1,0,"{""api"": 0}","{""api"": ""running""}",5,desktop-control-plane,True,"{""desktop-control-plane"": true}"
2026-09-17T17:44:12.199Z,api-5446dc8d87-kqzcx,a07f6b92-26dc-4a85-bd5f-42a6c17cbddf,api,Running,True,1,1,0,"{""api"": 0}","{""api"": ""running""}",5,desktop-control-plane,True,"{""desktop-control-plane"": true}"
2026-09-17T17:44:12.199Z,api-5446dc8d87-m55dp,88a42c71-bac3-4075-959d-407f50765036,api,Running,True,1,1,0,"{""api"": 0}","{""api"": ""running""}",5,desktop-control-plane,True,"{""desktop-control-plane"": true}"
2026-09-17T17:44:12.199Z,jaeger-7cc9b664cc-8zts5,66d6c19f-d2b0-40bb-bf1f-41667edf8656,jaeger,Running,True,1,1,0,"{""jaeger"": 0}","{""jaeger"": ""running""}",5,desktop-control-plane,True,"{""desktop-control-plane"": true}"
2026-09-17T17:44:12.199Z,otel-collector-7c765745bf-d64nd,e1d10cbf-afc3-415e-b996-9a271df63bf2,otel-collector,Running,True,1,1,0,"{""otel-collector"": 0}","{""otel-collector"": ""running""}",5,desktop-control-plane,True,"{""desktop-control-plane"": true}"
2026-09-17T17:44:12.199Z,postgres-676cc4986c-v8qxn,1bf14322-2c6f-423c-b80e-860c302c8460,postgres,Running,True,1,1,0,"{""postgres"": 0}","{""postgres"": ""running""}",5,desktop-control-plane,True,"{""desktop-control-plane"": true}"
2026-09-17T17:44:12.199Z,prometheus-59f5cf7468-7zcq5,e2dfb979-47ef-4b38-9873-7fc3eee70142,prometheus,Running,True,1,1,0,"{""prometheus"": 0}","{""prometheus"": ""running""}",5,desktop-control-plane,True,"{""desktop-control-plane"": true}"
2026-09-17T17:44:12.199Z,rabbitmq-5cdf8f76b7-bkvlg,6390bb39-0727-4ae9-88b4-23eb06cf28be,rabbitmq,Running,True,1,1,0,"{""rabbitmq"": 0}","{""rabbitmq"": ""running""}",5,desktop-control-plane,True,"{""desktop-control-plane"": true}"
2026-09-17T17:44:12.199Z,worker-57dcf48f69-tpt7l,05eef36a-55a7-4727-a795-7740fdc24f97,worker,Running,True,1,1,0,"{""worker"": 0}","{""worker"": ""running""}",5,desktop-control-plane,True,"{""desktop-control-plane"": true}"
2026-09-17T17:44:17.200Z,api-5446dc8d87-229dc,3962ec21-8947-4e1e-842e-8eb609338903,api,Running,True,1,1,0,"{""api"": 0}","{""api"": ""running""}",5,desktop-control-plane,True,"{""desktop-control-plane"": true}"
2026-09-17T17:44:17.200Z,api-5446dc8d87-6l9mv,9246cf39-f267-4f44-bc84-2767b1b72c59,api,Running,True,1,1,1,"{""api"": 1}","{""api"": ""running""}",5,desktop-control-plane,True,"{""desktop-control-plane"": true}"
2026-09-17T17:44:17.200Z,api-5446dc8d87-8n9lr,55e7ddf5-b6d4-42fd-9a85-0bdf844f2ffb,api,Running,True,1,1,0,"{""api"": 0}","{""api"": ""running""}",5,desktop-control-plane,True,"{""desktop-control-plane"": true}"
2026-09-17T17:44:17.200Z,api-5446dc8d87-kqzcx,a07f6b92-26dc-4a85-bd5f-42a6c17cbddf,api,Running,True,1,1,0,"{""api"": 0}","{""api"": ""running""}",5,desktop-control-plane,True,"{""desktop-control-plane"": true}"
2026-09-17T17:44:17.200Z,api-5446dc8d87-m55dp,88a42c71-bac3-4075-959d-407f50765036,api,Running,True,1,1,0,"{""api"": 0}","{""api"": ""running""}",5,desktop-control-plane,True,"{""desktop-control-plane"": true}"
2026-09-17T17:44:17.200Z,jaeger-7cc9b664cc-8zts5,66d6c19f-d2b0-40bb-bf1f-41667edf8656,jaeger,Running,True,1,1,0,"{""jaeger"": 0}","{""jaeger"": ""running""}",5,desktop-control-plane,True,"{""desktop-control-plane"": true}"
2026-09-17T17:44:17.200Z,otel-collector-7c765745bf-d64nd,e1d10cbf-afc3-415e-b996-9a271df63bf2,otel-collector,Running,True,1,1,0,"{""otel-collector"": 0}","{""otel-collector"": ""running""}",5,desktop-control-plane,True,"{""desktop-control-plane"": true}"
2026-09-17T17:44:17.200Z,postgres-676cc4986c-v8qxn,1bf14322-2c6f-423c-b80e-860c302c8460,postgres,Running,True,1,1,0,"{""postgres"": 0}","{""postgres"": ""running""}",5,desktop-control-plane,True,"{""desktop-control-plane"": true}"
2026-09-17T17:44:17.200Z,prometheus-59f5cf7468-7zcq5,e2dfb979-47ef-4b38-9873-7fc3eee70142,prometheus,Running,True,1,1,0,"{""prometheus"": 0}","{""prometheus"": ""running""}",5,desktop-control-plane,True,"{""desktop-control-plane"": true}"
2026-09-17T17:44:17.200Z,rabbitmq-5cdf8f76b7-bkvlg,6390bb39-0727-4ae9-88b4-23eb06cf28be,rabbitmq,Running,True,1,1,0,"{""rabbitmq"": 0}","{""rabbitmq"": ""running""}",5,desktop-control-plane,True,"{""desktop-control-plane"": true}"
2026-09-17T17:44:17.200Z,worker-57dcf48f69-tpt7l,05eef36a-55a7-4727-a795-7740fdc24f97,worker,Running,True,1,1,0,"{""worker"": 0}","{""worker"": ""running""}",5,desktop-control-plane,True,"{""desktop-control-plane"": true}"
2026-09-17T17:44:22.200Z,api-5446dc8d87-229dc,3962ec21-8947-4e1e-842e-8eb609338903,api,Running,True,1,1,0,"{""api"": 0}","{""api"": ""running""}",5,desktop-control-plane,True,"{""desktop-control-plane"": true}"
2026-09-17T17:44:22.200Z,api-5446dc8d87-6l9mv,9246cf39-f267-4f44-bc84-2767b1b72c59,api,Running,True,1,1,1,"{""api"": 1}","{""api"": ""running""}",5,desktop-control-plane,True,"{""desktop-control-plane"": true}"
2026-09-17T17:44:22.200Z,api-5446dc8d87-8n9lr,55e7ddf5-b6d4-42fd-9a85-0bdf844f2ffb,api,Running,True,1,1,0,"{""api"": 0}","{""api"": ""running""}",5,desktop-control-plane,True,"{""desktop-control-plane"": true}"
2026-09-17T17:44:22.200Z,api-5446dc8d87-kqzcx,a07f6b92-26dc-4a85-bd5f-42a6c17cbddf,api,Running,True,1,1,0,"{""api"": 0}","{""api"": ""running""}",5,desktop-control-plane,True,"{""desktop-control-plane"": true}"
2026-09-17T17:44:22.200Z,api-5446dc8d87-m55dp,88a42c71-bac3-4075-959d-407f50765036,api,Running,True,1,1,0,"{""api"": 0}","{""api"": ""running""}",5,desktop-control-plane,True,"{""desktop-control-plane"": true}"
2026-09-17T17:44:22.200Z,jaeger-7cc9b664cc-8zts5,66d6c19f-d2b0-40bb-bf1f-41667edf8656,jaeger,Running,True,1,1,0,"{""jaeger"": 0}","{""jaeger"": ""running""}",5,desktop-control-plane,True,"{""desktop-control-plane"": true}"
2026-09-17T17:44:22.200Z,otel-collector-7c765745bf-d64nd,e1d10cbf-afc3-415e-b996-9a271df63bf2,otel-collector,Running,True,1,1,0,"{""otel-collector"": 0}","{""otel-collector"": ""running""}",5,desktop-control-plane,True,"{""desktop-control-plane"": true}"
2026-09-17T17:44:22.200Z,postgres-676cc4986c-v8qxn,1bf14322-2c6f-423c-b80e-860c302c8460,postgres,Running,True,1,1,0,"{""postgres"": 0}","{""postgres"": ""running""}",5,desktop-control-plane,True,"{""desktop-control-plane"": true}"
2026-09-17T17:44:22.200Z,prometheus-59f5cf7468-7zcq5,e2dfb979-47ef-4b38-9873-7fc3eee70142,prometheus,Running,True,1,1,0,"{""prometheus"": 0}","{""prometheus"": ""running""}",5,desktop-control-plane,True,"{""desktop-control-plane"": true}"
2026-09-17T17:44:22.200Z,rabbitmq-5cdf8f76b7-bkvlg,6390bb39-0727-4ae9-88b4-23eb06cf28be,rabbitmq,Running,True,1,1,0,"{""rabbitmq"": 0}","{""rabbitmq"": ""running""}",5,desktop-control-plane,True,"{""desktop-control-plane"": true}"
2026-09-17T17:44:22.200Z,worker-57dcf48f69-tpt7l,05eef36a-55a7-4727-a795-7740fdc24f97,worker,Running,True,1,1,0,"{""worker"": 0}","{""worker"": ""running""}",5,desktop-control-plane,True,"{""desktop-control-plane"": true}"
2026-09-17T17:44:27.200Z,api-5446dc8d87-229dc,3962ec21-8947-4e1e-842e-8eb609338903,api,Running,True,1,1,0,"{""api"": 0}","{""api"": ""running""}",5,desktop-control-plane,True,"{""desktop-control-plane"": true}"
2026-09-17T17:44:27.200Z,api-5446dc8d87-6l9mv,9246cf39-f267-4f44-bc84-2767b1b72c59,api,Running,True,1,1,1,"{""api"": 1}","{""api"": ""running""}",5,desktop-control-plane,True,"{""desktop-control-plane"": true}"
2026-09-17T17:44:27.200Z,api-5446dc8d87-8n9lr,55e7ddf5-b6d4-42fd-9a85-0bdf844f2ffb,api,Running,True,1,1,0,"{""api"": 0}","{""api"": ""running""}",5,desktop-control-plane,True,"{""desktop-control-plane"": true}"
2026-09-17T17:44:27.200Z,api-5446dc8d87-kqzcx,a07f6b92-26dc-4a85-bd5f-42a6c17cbddf,api,Running,True,1,1,0,"{""api"": 0}","{""api"": ""running""}",5,desktop-control-plane,True,"{""desktop-control-plane"": true}"
2026-09-17T17:44:27.200Z,api-5446dc8d87-m55dp,88a42c71-bac3-4075-959d-407f50765036,api,Running,True,1,1,0,"{""api"": 0}","{""api"": ""running""}",5,desktop-control-plane,True,"{""desktop-control-plane"": true}"
2026-09-17T17:44:27.200Z,jaeger-7cc9b664cc-8zts5,66d6c19f-d2b0-40bb-bf1f-41667edf8656,jaeger,Running,True,1,1,0,"{""jaeger"": 0}","{""jaeger"": ""running""}",5,desktop-control-plane,True,"{""desktop-control-plane"": true}"
2026-09-17T17:44:27.200Z,otel-collector-7c765745bf-d64nd,e1d10cbf-afc3-415e-b996-9a271df63bf2,otel-collector,Running,True,1,1,0,"{""otel-collector"": 0}","{""otel-collector"": ""running""}",5,desktop-control-plane,True,"{""desktop-control-plane"": true}"
2026-09-17T17:44:27.200Z,postgres-676cc4986c-v8qxn,1bf14322-2c6f-423c-b80e-860c302c8460,postgres,Running,True,1,1,0,"{""postgres"": 0}","{""postgres"": ""running""}",5,desktop-control-plane,True,"{""desktop-control-plane"": true}"
2026-09-17T17:44:27.200Z,prometheus-59f5cf7468-7zcq5,e2dfb979-47ef-4b38-9873-7fc3eee70142,prometheus,Running,True,1,1,0,"{""prometheus"": 0}","{""prometheus"": ""running""}",5,desktop-control-plane,True,"{""desktop-control-plane"": true}"
2026-09-17T17:44:27.200Z,rabbitmq-5cdf8f76b7-bkvlg,6390bb39-0727-4ae9-88b4-23eb06cf28be,rabbitmq,Running,True,1,1,0,"{""rabbitmq"": 0}","{""rabbitmq"": ""running""}",5,desktop-control-plane,True,"{""desktop-control-plane"": true}"
2026-09-17T17:44:27.200Z,worker-57dcf48f69-tpt7l,05eef36a-55a7-4727-a795-7740fdc24f97,worker,Running,True,1,1,0,"{""worker"": 0}","{""worker"": ""running""}",5,desktop-control-plane,True,"{""desktop-control-plane"": true}"
2026-09-17T17:44:32.200Z,api-5446dc8d87-229dc,3962ec21-8947-4e1e-842e-8eb609338903,api,Running,True,1,1,0,"{""api"": 0}","{""api"": ""running""}",5,desktop-control-plane,True,"{""desktop-control-plane"": true}"
2026-09-17T17:44:32.200Z,api-5446dc8d87-6l9mv,9246cf39-f267-4f44-bc84-2767b1b72c59,api,Running,True,1,1,1,"{""api"": 1}","{""api"": ""running""}",5,desktop-control-plane,True,"{""desktop-control-plane"": true}"
2026-09-17T17:44:32.200Z,api-5446dc8d87-8n9lr,55e7ddf5-b6d4-42fd-9a85-0bdf844f2ffb,api,Running,True,1,1,0,"{""api"": 0}","{""api"": ""running""}",5,desktop-control-plane,True,"{""desktop-control-plane"": true}"
2026-09-17T17:44:32.200Z,api-5446dc8d87-kqzcx,a07f6b92-26dc-4a85-bd5f-42a6c17cbddf,api,Running,True,1,1,0,"{""api"": 0}","{""api"": ""running""}",5,desktop-control-plane,True,"{""desktop-control-plane"": true}"
2026-09-17T17:44:32.200Z,api-5446dc8d87-m55dp,88a42c71-bac3-4075-959d-407f50765036,api,Running,True,1,1,0,"{""api"": 0}","{""api"": ""running""}",5,desktop-control-plane,True,"{""desktop-control-plane"": true}"
2026-09-17T17:44:32.200Z,jaeger-7cc9b664cc-8zts5,66d6c19f-d2b0-40bb-bf1f-41667edf8656,jaeger,Running,True,1,1,0,"{""jaeger"": 0}","{""jaeger"": ""running""}",5,desktop-control-plane,True,"{""desktop-control-plane"": true}"
2026-09-17T17:44:32.200Z,otel-collector-7c765745bf-d64nd,e1d10cbf-afc3-415e-b996-9a271df63bf2,otel-collector,Running,True,1,1,0,"{""otel-collector"": 0}","{""otel-collector"": ""running""}",5,desktop-control-plane,True,"{""desktop-control-plane"": true}"
2026-09-17T17:44:32.200Z,postgres-676cc4986c-v8qxn,1bf14322-2c6f-423c-b80e-860c302c8460,postgres,Running,True,1,1,0,"{""postgres"": 0}","{""postgres"": ""running""}",5,desktop-control-plane,True,"{""desktop-control-plane"": true}"
2026-09-17T17:44:32.200Z,prometheus-59f5cf7468-7zcq5,e2dfb979-47ef-4b38-9873-7fc3eee70142,prometheus,Running,True,1,1,0,"{""prometheus"": 0}","{""prometheus"": ""running""}",5,desktop-control-plane,True,"{""desktop-control-plane"": true}"
2026-09-17T17:44:32.200Z,rabbitmq-5cdf8f76b7-bkvlg,6390bb39-0727-4ae9-88b4-23eb06cf28be,rabbitmq,Running,True,1,1,0,"{""rabbitmq"": 0}","{""rabbitmq"": ""running""}",5,desktop-control-plane,True,"{""desktop-control-plane"": true}"
2026-09-17T17:44:32.200Z,worker-57dcf48f69-tpt7l,05eef36a-55a7-4727-a795-7740fdc24f97,worker,Running,True,1,1,0,"{""worker"": 0}","{""worker"": ""running""}",5,desktop-control-plane,True,"{""desktop-control-plane"": true}"
2026-09-17T17:44:37.201Z,api-5446dc8d87-229dc,3962ec21-8947-4e1e-842e-8eb609338903,api,Running,True,1,1,0,"{""api"": 0}","{""api"": ""running""}",5,desktop-control-plane,True,"{""desktop-control-plane"": true}"
2026-09-17T17:44:37.201Z,api-5446dc8d87-6l9mv,9246cf39-f267-4f44-bc84-2767b1b72c59,api,Running,True,1,1,1,"{""api"": 1}","{""api"": ""running""}",5,desktop-control-plane,True,"{""desktop-control-plane"": true}"
2026-09-17T17:44:37.201Z,api-5446dc8d87-8n9lr,55e7ddf5-b6d4-42fd-9a85-0bdf844f2ffb,api,Running,True,1,1,0,"{""api"": 0}","{""api"": ""running""}",5,desktop-control-plane,True,"{""desktop-control-plane"": true}"
2026-09-17T17:44:37.201Z,api-5446dc8d87-kqzcx,a07f6b92-26dc-4a85-bd5f-42a6c17cbddf,api,Running,True,1,1,0,"{""api"": 0}","{""api"": ""running""}",5,desktop-control-plane,True,"{""desktop-control-plane"": true}"
2026-09-17T17:44:37.201Z,api-5446dc8d87-m55dp,88a42c71-bac3-4075-959d-407f50765036,api,Running,True,1,1,0,"{""api"": 0}","{""api"": ""running""}",5,desktop-control-plane,True,"{""desktop-control-plane"": true}"
2026-09-17T17:44:37.201Z,jaeger-7cc9b664cc-8zts5,66d6c19f-d2b0-40bb-bf1f-41667edf8656,jaeger,Running,True,1,1,0,"{""jaeger"": 0}","{""jaeger"": ""running""}",5,desktop-control-plane,True,"{""desktop-control-plane"": true}"
2026-09-17T17:44:37.201Z,otel-collector-7c765745bf-d64nd,e1d10cbf-afc3-415e-b996-9a271df63bf2,otel-collector,Running,True,1,1,0,"{""otel-collector"": 0}","{""otel-collector"": ""running""}",5,desktop-control-plane,True,"{""desktop-control-plane"": true}"
2026-09-17T17:44:37.201Z,postgres-676cc4986c-v8qxn,1bf14322-2c6f-423c-b80e-860c302c8460,postgres,Running,True,1,1,0,"{""postgres"": 0}","{""postgres"": ""running""}",5,desktop-control-plane,True,"{""desktop-control-plane"": true}"
2026-09-17T17:44:37.201Z,prometheus-59f5cf7468-7zcq5,e2dfb979-47ef-4b38-9873-7fc3eee70142,prometheus,Running,True,1,1,0,"{""prometheus"": 0}","{""prometheus"": ""running""}",5,desktop-control-plane,True,"{""desktop-control-plane"": true}"
2026-09-17T17:44:37.201Z,rabbitmq-5cdf8f76b7-bkvlg,6390bb39-0727-4ae9-88b4-23eb06cf28be,rabbitmq,Running,True,1,1,0,"{""rabbitmq"": 0}","{""rabbitmq"": ""running""}",5,desktop-control-plane,True,"{""desktop-control-plane"": true}"
2026-09-17T17:44:37.201Z,worker-57dcf48f69-tpt7l,05eef36a-55a7-4727-a795-7740fdc24f97,worker,Running,True,1,1,0,"{""worker"": 0}","{""worker"": ""running""}",5,desktop-control-plane,True,"{""desktop-control-plane"": true}"
2026-09-17T17:44:42.201Z,api-5446dc8d87-229dc,3962ec21-8947-4e1e-842e-8eb609338903,api,Running,True,1,1,0,"{""api"": 0}","{""api"": ""running""}",5,desktop-control-plane,True,"{""desktop-control-plane"": true}"
2026-09-17T17:44:42.201Z,api-5446dc8d87-6l9mv,9246cf39-f267-4f44-bc84-2767b1b72c59,api,Running,True,1,1,1,"{""api"": 1}","{""api"": ""running""}",5,desktop-control-plane,True,"{""desktop-control-plane"": true}"
2026-09-17T17:44:42.201Z,api-5446dc8d87-8n9lr,55e7ddf5-b6d4-42fd-9a85-0bdf844f2ffb,api,Running,True,1,1,0,"{""api"": 0}","{""api"": ""running""}",5,desktop-control-plane,True,"{""desktop-control-plane"": true}"
2026-09-17T17:44:42.201Z,api-5446dc8d87-kqzcx,a07f6b92-26dc-4a85-bd5f-42a6c17cbddf,api,Running,True,1,1,0,"{""api"": 0}","{""api"": ""running""}",5,desktop-control-plane,True,"{""desktop-control-plane"": true}"
2026-09-17T17:44:42.201Z,api-5446dc8d87-m55dp,88a42c71-bac3-4075-959d-407f50765036,api,Running,True,1,1,0,"{""api"": 0}","{""api"": ""running""}",5,desktop-control-plane,True,"{""desktop-control-plane"": true}"
2026-09-17T17:44:42.201Z,jaeger-7cc9b664cc-8zts5,66d6c19f-d2b0-40bb-bf1f-41667edf8656,jaeger,Running,True,1,1,0,"{""jaeger"": 0}","{""jaeger"": ""running""}",5,desktop-control-plane,True,"{""desktop-control-plane"": true}"
2026-09-17T17:44:42.201Z,otel-collector-7c765745bf-d64nd,e1d10cbf-afc3-415e-b996-9a271df63bf2,otel-collector,Running,True,1,1,0,"{""otel-collector"": 0}","{""otel-collector"": ""running""}",5,desktop-control-plane,True,"{""desktop-control-plane"": true}"
2026-09-17T17:44:42.201Z,postgres-676cc4986c-v8qxn,1bf14322-2c6f-423c-b80e-860c302c8460,postgres,Running,True,1,1,0,"{""postgres"": 0}","{""postgres"": ""running""}",5,desktop-control-plane,True,"{""desktop-control-plane"": true}"
2026-09-17T17:44:42.201Z,prometheus-59f5cf7468-7zcq5,e2dfb979-47ef-4b38-9873-7fc3eee70142,prometheus,Running,True,1,1,0,"{""prometheus"": 0}","{""prometheus"": ""running""}",5,desktop-control-plane,True,"{""desktop-control-plane"": true}"
2026-09-17T17:44:42.201Z,rabbitmq-5cdf8f76b7-bkvlg,6390bb39-0727-4ae9-88b4-23eb06cf28be,rabbitmq,Running,True,1,1,0,"{""rabbitmq"": 0}","{""rabbitmq"": ""running""}",5,desktop-control-plane,True,"{""desktop-control-plane"": true}"
2026-09-17T17:44:42.201Z,worker-57dcf48f69-tpt7l,05eef36a-55a7-4727-a795-7740fdc24f97,worker,Running,True,1,1,0,"{""worker"": 0}","{""worker"": ""running""}",5,desktop-control-plane,True,"{""desktop-control-plane"": true}"
2026-09-17T17:44:47.201Z,api-5446dc8d87-229dc,3962ec21-8947-4e1e-842e-8eb609338903,api,Running,True,1,1,0,"{""api"": 0}","{""api"": ""running""}",5,desktop-control-plane,True,"{""desktop-control-plane"": true}"
2026-09-17T17:44:47.201Z,api-5446dc8d87-6l9mv,9246cf39-f267-4f44-bc84-2767b1b72c59,api,Running,True,1,1,1,"{""api"": 1}","{""api"": ""running""}",5,desktop-control-plane,True,"{""desktop-control-plane"": true}"
2026-09-17T17:44:47.201Z,api-5446dc8d87-8n9lr,55e7ddf5-b6d4-42fd-9a85-0bdf844f2ffb,api,Running,True,1,1,0,"{""api"": 0}","{""api"": ""running""}",5,desktop-control-plane,True,"{""desktop-control-plane"": true}"
2026-09-17T17:44:47.201Z,api-5446dc8d87-kqzcx,a07f6b92-26dc-4a85-bd5f-42a6c17cbddf,api,Running,True,1,1,0,"{""api"": 0}","{""api"": ""running""}",5,desktop-control-plane,True,"{""desktop-control-plane"": true}"
2026-09-17T17:44:47.201Z,api-5446dc8d87-m55dp,88a42c71-bac3-4075-959d-407f50765036,api,Running,True,1,1,0,"{""api"": 0}","{""api"": ""running""}",5,desktop-control-plane,True,"{""desktop-control-plane"": true}"
2026-09-17T17:44:47.201Z,jaeger-7cc9b664cc-8zts5,66d6c19f-d2b0-40bb-bf1f-41667edf8656,jaeger,Running,True,1,1,0,"{""jaeger"": 0}","{""jaeger"": ""running""}",5,desktop-control-plane,True,"{""desktop-control-plane"": true}"
2026-09-17T17:44:47.201Z,otel-collector-7c765745bf-d64nd,e1d10cbf-afc3-415e-b996-9a271df63bf2,otel-collector,Running,True,1,1,0,"{""otel-collector"": 0}","{""otel-collector"": ""running""}",5,desktop-control-plane,True,"{""desktop-control-plane"": true}"
2026-09-17T17:44:47.201Z,postgres-676cc4986c-v8qxn,1bf14322-2c6f-423c-b80e-860c302c8460,postgres,Running,True,1,1,0,"{""postgres"": 0}","{""postgres"": ""running""}",5,desktop-control-plane,True,"{""desktop-control-plane"": true}"
2026-09-17T17:44:47.201Z,prometheus-59f5cf7468-7zcq5,e2dfb979-47ef-4b38-9873-7fc3eee70142,prometheus,Running,True,1,1,0,"{""prometheus"": 0}","{""prometheus"": ""running""}",5,desktop-control-plane,True,"{""desktop-control-plane"": true}"
2026-09-17T17:44:47.201Z,rabbitmq-5cdf8f76b7-bkvlg,6390bb39-0727-4ae9-88b4-23eb06cf28be,rabbitmq,Running,True,1,1,0,"{""rabbitmq"": 0}","{""rabbitmq"": ""running""}",5,desktop-control-plane,True,"{""desktop-control-plane"": true}"
2026-09-17T17:44:47.201Z,worker-57dcf48f69-tpt7l,05eef36a-55a7-4727-a795-7740fdc24f97,worker,Running,True,1,1,0,"{""worker"": 0}","{""worker"": ""running""}",5,desktop-control-plane,True,"{""desktop-control-plane"": true}"
2026-09-17T17:44:52.201Z,api-5446dc8d87-229dc,3962ec21-8947-4e1e-842e-8eb609338903,api,Running,True,1,1,0,"{""api"": 0}","{""api"": ""running""}",5,desktop-control-plane,True,"{""desktop-control-plane"": true}"
2026-09-17T17:44:52.201Z,api-5446dc8d87-6l9mv,9246cf39-f267-4f44-bc84-2767b1b72c59,api,Running,True,1,1,1,"{""api"": 1}","{""api"": ""running""}",5,desktop-control-plane,True,"{""desktop-control-plane"": true}"
2026-09-17T17:44:52.201Z,api-5446dc8d87-8n9lr,55e7ddf5-b6d4-42fd-9a85-0bdf844f2ffb,api,Running,True,1,1,0,"{""api"": 0}","{""api"": ""running""}",5,desktop-control-plane,True,"{""desktop-control-plane"": true}"
2026-09-17T17:44:52.201Z,api-5446dc8d87-kqzcx,a07f6b92-26dc-4a85-bd5f-42a6c17cbddf,api,Running,True,1,1,0,"{""api"": 0}","{""api"": ""running""}",5,desktop-control-plane,True,"{""desktop-control-plane"": true}"
2026-09-17T17:44:52.201Z,api-5446dc8d87-m55dp,88a42c71-bac3-4075-959d-407f50765036,api,Running,True,1,1,0,"{""api"": 0}","{""api"": ""running""}",5,desktop-control-plane,True,"{""desktop-control-plane"": true}"
2026-09-17T17:44:52.201Z,jaeger-7cc9b664cc-8zts5,66d6c19f-d2b0-40bb-bf1f-41667edf8656,jaeger,Running,True,1,1,0,"{""jaeger"": 0}","{""jaeger"": ""running""}",5,desktop-control-plane,True,"{""desktop-control-plane"": true}"
2026-09-17T17:44:52.201Z,otel-collector-7c765745bf-d64nd,e1d10cbf-afc3-415e-b996-9a271df63bf2,otel-collector,Running,True,1,1,0,"{""otel-collector"": 0}","{""otel-collector"": ""running""}",5,desktop-control-plane,True,"{""desktop-control-plane"": true}"
2026-09-17T17:44:52.201Z,postgres-676cc4986c-v8qxn,1bf14322-2c6f-423c-b80e-860c302c8460,postgres,Running,True,1,1,0,"{""postgres"": 0}","{""postgres"": ""running""}",5,desktop-control-plane,True,"{""desktop-control-plane"": true}"
2026-09-17T17:44:52.201Z,prometheus-59f5cf7468-7zcq5,e2dfb979-47ef-4b38-9873-7fc3eee70142,prometheus,Running,True,1,1,0,"{""prometheus"": 0}","{""prometheus"": ""running""}",5,desktop-control-plane,True,"{""desktop-control-plane"": true}"
2026-09-17T17:44:52.201Z,rabbitmq-5cdf8f76b7-bkvlg,6390bb39-0727-4ae9-88b4-23eb06cf28be,rabbitmq,Running,True,1,1,0,"{""rabbitmq"": 0}","{""rabbitmq"": ""running""}",5,desktop-control-plane,True,"{""desktop-control-plane"": true}"
2026-09-17T17:44:52.201Z,worker-57dcf48f69-tpt7l,05eef36a-55a7-4727-a795-7740fdc24f97,worker,Running,True,1,1,0,"{""worker"": 0}","{""worker"": ""running""}",5,desktop-control-plane,True,"{""desktop-control-plane"": true}"
2026-09-17T17:44:57.202Z,api-5446dc8d87-229dc,3962ec21-8947-4e1e-842e-8eb609338903,api,Running,True,1,1,0,"{""api"": 0}","{""api"": ""running""}",5,desktop-control-plane,True,"{""desktop-control-plane"": true}"
2026-09-17T17:44:57.202Z,api-5446dc8d87-6l9mv,9246cf39-f267-4f44-bc84-2767b1b72c59,api,Running,True,1,1,1,"{""api"": 1}","{""api"": ""running""}",5,desktop-control-plane,True,"{""desktop-control-plane"": true}"
2026-09-17T17:44:57.202Z,api-5446dc8d87-8n9lr,55e7ddf5-b6d4-42fd-9a85-0bdf844f2ffb,api,Running,True,1,1,0,"{""api"": 0}","{""api"": ""running""}",5,desktop-control-plane,True,"{""desktop-control-plane"": true}"
2026-09-17T17:44:57.202Z,api-5446dc8d87-kqzcx,a07f6b92-26dc-4a85-bd5f-42a6c17cbddf,api,Running,True,1,1,0,"{""api"": 0}","{""api"": ""running""}",5,desktop-control-plane,True,"{""desktop-control-plane"": true}"
2026-09-17T17:44:57.202Z,api-5446dc8d87-m55dp,88a42c71-bac3-4075-959d-407f50765036,api,Running,True,1,1,0,"{""api"": 0}","{""api"": ""running""}",5,desktop-control-plane,True,"{""desktop-control-plane"": true}"
2026-09-17T17:44:57.202Z,jaeger-7cc9b664cc-8zts5,66d6c19f-d2b0-40bb-bf1f-41667edf8656,jaeger,Running,True,1,1,0,"{""jaeger"": 0}","{""jaeger"": ""running""}",5,desktop-control-plane,True,"{""desktop-control-plane"": true}"
2026-09-17T17:44:57.202Z,otel-collector-7c765745bf-d64nd,e1d10cbf-afc3-415e-b996-9a271df63bf2,otel-collector,Running,True,1,1,0,"{""otel-collector"": 0}","{""otel-collector"": ""running""}",5,desktop-control-plane,True,"{""desktop-control-plane"": true}"
2026-09-17T17:44:57.202Z,postgres-676cc4986c-v8qxn,1bf14322-2c6f-423c-b80e-860c302c8460,postgres,Running,True,1,1,0,"{""postgres"": 0}","{""postgres"": ""running""}",5,desktop-control-plane,True,"{""desktop-control-plane"": true}"
2026-09-17T17:44:57.202Z,prometheus-59f5cf7468-7zcq5,e2dfb979-47ef-4b38-9873-7fc3eee70142,prometheus,Running,True,1,1,0,"{""prometheus"": 0}","{""prometheus"": ""running""}",5,desktop-control-plane,True,"{""desktop-control-plane"": true}"
2026-09-17T17:44:57.202Z,rabbitmq-5cdf8f76b7-bkvlg,6390bb39-0727-4ae9-88b4-23eb06cf28be,rabbitmq,Running,True,1,1,0,"{""rabbitmq"": 0}","{""rabbitmq"": ""running""}",5,desktop-control-plane,True,"{""desktop-control-plane"": true}"
2026-09-17T17:44:57.202Z,worker-57dcf48f69-tpt7l,05eef36a-55a7-4727-a795-7740fdc24f97,worker,Running,True,1,1,0,"{""worker"": 0}","{""worker"": ""running""}",5,desktop-control-plane,True,"{""desktop-control-plane"": true}"
2026-09-17T17:45:02.202Z,api-5446dc8d87-229dc,3962ec21-8947-4e1e-842e-8eb609338903,api,Running,True,1,1,0,"{""api"": 0}","{""api"": ""running""}",5,desktop-control-plane,True,"{""desktop-control-plane"": true}"
2026-09-17T17:45:02.202Z,api-5446dc8d87-6l9mv,9246cf39-f267-4f44-bc84-2767b1b72c59,api,Running,True,1,1,1,"{""api"": 1}","{""api"": ""running""}",5,desktop-control-plane,True,"{""desktop-control-plane"": true}"
2026-09-17T17:45:02.202Z,api-5446dc8d87-8n9lr,55e7ddf5-b6d4-42fd-9a85-0bdf844f2ffb,api,Running,True,1,1,0,"{""api"": 0}","{""api"": ""running""}",5,desktop-control-plane,True,"{""desktop-control-plane"": true}"
2026-09-17T17:45:02.202Z,api-5446dc8d87-kqzcx,a07f6b92-26dc-4a85-bd5f-42a6c17cbddf,api,Running,True,1,1,0,"{""api"": 0}","{""api"": ""running""}",5,desktop-control-plane,True,"{""desktop-control-plane"": true}"
2026-09-17T17:45:02.202Z,api-5446dc8d87-m55dp,88a42c71-bac3-4075-959d-407f50765036,api,Running,True,1,1,0,"{""api"": 0}","{""api"": ""running""}",5,desktop-control-plane,True,"{""desktop-control-plane"": true}"
2026-09-17T17:45:02.202Z,jaeger-7cc9b664cc-8zts5,66d6c19f-d2b0-40bb-bf1f-41667edf8656,jaeger,Running,True,1,1,0,"{""jaeger"": 0}","{""jaeger"": ""running""}",5,desktop-control-plane,True,"{""desktop-control-plane"": true}"
2026-09-17T17:45:02.202Z,otel-collector-7c765745bf-d64nd,e1d10cbf-afc3-415e-b996-9a271df63bf2,otel-collector,Running,True,1,1,0,"{""otel-collector"": 0}","{""otel-collector"": ""running""}",5,desktop-control-plane,True,"{""desktop-control-plane"": true}"
2026-09-17T17:45:02.202Z,postgres-676cc4986c-v8qxn,1bf14322-2c6f-423c-b80e-860c302c8460,postgres,Running,True,1,1,0,"{""postgres"": 0}","{""postgres"": ""running""}",5,desktop-control-plane,True,"{""desktop-control-plane"": true}"
2026-09-17T17:45:02.202Z,prometheus-59f5cf7468-7zcq5,e2dfb979-47ef-4b38-9873-7fc3eee70142,prometheus,Running,True,1,1,0,"{""prometheus"": 0}","{""prometheus"": ""running""}",5,desktop-control-plane,True,"{""desktop-control-plane"": true}"
2026-09-17T17:45:02.202Z,rabbitmq-5cdf8f76b7-bkvlg,6390bb39-0727-4ae9-88b4-23eb06cf28be,rabbitmq,Running,True,1,1,0,"{""rabbitmq"": 0}","{""rabbitmq"": ""running""}",5,desktop-control-plane,True,"{""desktop-control-plane"": true}"
2026-09-17T17:45:02.202Z,worker-57dcf48f69-tpt7l,05eef36a-55a7-4727-a795-7740fdc24f97,worker,Running,True,1,1,0,"{""worker"": 0}","{""worker"": ""running""}",5,desktop-control-plane,True,"{""desktop-control-plane"": true}"
