timestamp,pod,pod_uid,app,phase,pod_ready,ready_containers,total_containers,restart_count,container_restarts,container_states,api_pod_count,worker_pod_count,gateway_pod_count,node,all_nodes_ready,node_states
2026-09-21T23:11:41.503Z,api-5b87c4c9d-nfcrm,16a10e06-1c63-4416-be9b-df9e5b73aa2d,api,Running,True,1,1,0,"{""api"": 0}","{""api"": ""running""}",1,1,1,desktop-control-plane,True,"{""desktop-control-plane"": true}"
2026-09-21T23:11:41.503Z,gateway-856744bb66-hzcvr,cc510c63-0609-4870-b9ca-abd3e21ac480,gateway,Running,True,1,1,0,"{""gateway"": 0}","{""gateway"": ""running""}",1,1,1,desktop-control-plane,True,"{""desktop-control-plane"": true}"
2026-09-21T23:11:41.503Z,jaeger-7cc9b664cc-jt9fj,21942cdb-b601-447a-bf38-ba3b861fe91b,jaeger,Running,True,1,1,0,"{""jaeger"": 0}","{""jaeger"": ""running""}",1,1,1,desktop-control-plane,True,"{""desktop-control-plane"": true}"
2026-09-21T23:11:41.503Z,otel-collector-7c765745bf-q69jh,9ea6d084-d3d7-4c16-a0d5-9b1cc10530b3,otel-collector,Running,True,1,1,0,"{""otel-collector"": 0}","{""otel-collector"": ""running""}",1,1,1,desktop-control-plane,True,"{""desktop-control-plane"": true}"
2026-09-21T23:11:41.503Z,postgres-676cc4986c-65g8j,208c1990-5e96-493e-951b-3925c343082b,postgres,Running,True,1,1,0,"{""postgres"": 0}","{""postgres"": ""running""}",1,1,1,desktop-control-plane,True,"{""desktop-control-plane"": true}"
2026-09-21T23:11:41.503Z,prometheus-59f5cf7468-mtx8z,59cbbbaf-6dcc-47ec-97ed-1794e4b0c8e8,prometheus,Running,True,1,1,0,"{""prometheus"": 0}","{""prometheus"": ""running""}",1,1,1,desktop-control-plane,True,"{""desktop-control-plane"": true}"
2026-09-21T23:11:41.503Z,rabbitmq-5cdf8f76b7-bwghx,0ac06c65-14a9-4bd2-b5d4-7f2a22c1c4a6,rabbitmq,Running,True,1,1,0,"{""rabbitmq"": 0}","{""rabbitmq"": ""running""}",1,1,1,desktop-control-plane,True,"{""desktop-control-plane"": true}"
2026-09-21T23:11:41.503Z,worker-5b55666b44-rqchq,2dd0ad98-71ab-4a3b-b534-291680e82fe2,worker,Running,True,1,1,0,"{""worker"": 0}","{""worker"": ""running""}",1,1,1,desktop-control-plane,True,"{""desktop-control-plane"": true}"
2026-09-21T23:11:46.503Z,api-5b87c4c9d-nfcrm,16a10e06-1c63-4416-be9b-df9e5b73aa2d,api,Running,True,1,1,0,"{""api"": 0}","{""api"": ""running""}",1,1,1,desktop-control-plane,True,"{""desktop-control-plane"": true}"
2026-09-21T23:11:46.503Z,gateway-856744bb66-hzcvr,cc510c63-0609-4870-b9ca-abd3e21ac480,gateway,Running,True,1,1,0,"{""gateway"": 0}","{""gateway"": ""running""}",1,1,1,desktop-control-plane,True,"{""desktop-control-plane"": true}"
2026-09-21T23:11:46.503Z,jaeger-7cc9b664cc-jt9fj,21942cdb-b601-447a-bf38-ba3b861fe91b,jaeger,Running,True,1,1,0,"{""jaeger"": 0}","{""jaeger"": ""running""}",1,1,1,desktop-control-plane,True,"{""desktop-control-plane"": true}"
2026-09-21T23:11:46.503Z,otel-collector-7c765745bf-q69jh,9ea6d084-d3d7-4c16-a0d5-9b1cc10530b3,otel-collector,Running,True,1,1,0,"{""otel-collector"": 0}","{""otel-collector"": ""running""}",1,1,1,desktop-control-plane,True,"{""desktop-control-plane"": true}"
2026-09-21T23:11:46.503Z,postgres-676cc4986c-65g8j,208c1990-5e96-493e-951b-3925c343082b,postgres,Running,True,1,1,0,"{""postgres"": 0}","{""postgres"": ""running""}",1,1,1,desktop-control-plane,True,"{""desktop-control-plane"": true}"
2026-09-21T23:11:46.503Z,prometheus-59f5cf7468-mtx8z,59cbbbaf-6dcc-47ec-97ed-1794e4b0c8e8,prometheus,Running,True,1,1,0,"{""prometheus"": 0}","{""prometheus"": ""running""}",1,1,1,desktop-control-plane,True,"{""desktop-control-plane"": true}"
2026-09-21T23:11:46.503Z,rabbitmq-5cdf8f76b7-bwghx,0ac06c65-14a9-4bd2-b5d4-7f2a22c1c4a6,rabbitmq,Running,True,1,1,0,"{""rabbitmq"": 0}","{""rabbitmq"": ""running""}",1,1,1,desktop-control-plane,True,"{""desktop-control-plane"": true}"
2026-09-21T23:11:46.503Z,worker-5b55666b44-rqchq,2dd0ad98-71ab-4a3b-b534-291680e82fe2,worker,Running,True,1,1,0,"{""worker"": 0}","{""worker"": ""running""}",1,1,1,desktop-control-plane,True,"{""desktop-control-plane"": true}"
2026-09-21T23:11:51.503Z,api-5b87c4c9d-nfcrm,16a10e06-1c63-4416-be9b-df9e5b73aa2d,api,Running,True,1,1,0,"{""api"": 0}","{""api"": ""running""}",1,1,1,desktop-control-plane,True,"{""desktop-control-plane"": true}"
2026-09-21T23:11:51.503Z,gateway-856744bb66-hzcvr,cc510c63-0609-4870-b9ca-abd3e21ac480,gateway,Running,True,1,1,0,"{""gateway"": 0}","{""gateway"": ""running""}",1,1,1,desktop-control-plane,True,"{""desktop-control-plane"": true}"
2026-09-21T23:11:51.503Z,jaeger-7cc9b664cc-jt9fj,21942cdb-b601-447a-bf38-ba3b861fe91b,jaeger,Running,True,1,1,0,"{""jaeger"": 0}","{""jaeger"": ""running""}",1,1,1,desktop-control-plane,True,"{""desktop-control-plane"": true}"
2026-09-21T23:11:51.503Z,otel-collector-7c765745bf-q69jh,9ea6d084-d3d7-4c16-a0d5-9b1cc10530b3,otel-collector,Running,True,1,1,0,"{""otel-collector"": 0}","{""otel-collector"": ""running""}",1,1,1,desktop-control-plane,True,"{""desktop-control-plane"": true}"
2026-09-21T23:11:51.503Z,postgres-676cc4986c-65g8j,208c1990-5e96-493e-951b-3925c343082b,postgres,Running,True,1,1,0,"{""postgres"": 0}","{""postgres"": ""running""}",1,1,1,desktop-control-plane,True,"{""desktop-control-plane"": true}"
2026-09-21T23:11:51.503Z,prometheus-59f5cf7468-mtx8z,59cbbbaf-6dcc-47ec-97ed-1794e4b0c8e8,prometheus,Running,True,1,1,0,"{""prometheus"": 0}","{""prometheus"": ""running""}",1,1,1,desktop-control-plane,True,"{""desktop-control-plane"": true}"
2026-09-21T23:11:51.503Z,rabbitmq-5cdf8f76b7-bwghx,0ac06c65-14a9-4bd2-b5d4-7f2a22c1c4a6,rabbitmq,Running,True,1,1,0,"{""rabbitmq"": 0}","{""rabbitmq"": ""running""}",1,1,1,desktop-control-plane,True,"{""desktop-control-plane"": true}"
2026-09-21T23:11:51.503Z,worker-5b55666b44-rqchq,2dd0ad98-71ab-4a3b-b534-291680e82fe2,worker,Running,True,1,1,0,"{""worker"": 0}","{""worker"": ""running""}",1,1,1,desktop-control-plane,True,"{""desktop-control-plane"": true}"
2026-09-21T23:11:56.504Z,api-5b87c4c9d-nfcrm,16a10e06-1c63-4416-be9b-df9e5b73aa2d,api,Running,True,1,1,0,"{""api"": 0}","{""api"": ""running""}",1,1,1,desktop-control-plane,True,"{""desktop-control-plane"": true}"
2026-09-21T23:11:56.504Z,gateway-856744bb66-hzcvr,cc510c63-0609-4870-b9ca-abd3e21ac480,gateway,Running,True,1,1,0,"{""gateway"": 0}","{""gateway"": ""running""}",1,1,1,desktop-control-plane,True,"{""desktop-control-plane"": true}"
2026-09-21T23:11:56.504Z,jaeger-7cc9b664cc-jt9fj,21942cdb-b601-447a-bf38-ba3b861fe91b,jaeger,Running,True,1,1,0,"{""jaeger"": 0}","{""jaeger"": ""running""}",1,1,1,desktop-control-plane,True,"{""desktop-control-plane"": true}"
2026-09-21T23:11:56.504Z,otel-collector-7c765745bf-q69jh,9ea6d084-d3d7-4c16-a0d5-9b1cc10530b3,otel-collector,Running,True,1,1,0,"{""otel-collector"": 0}","{""otel-collector"": ""running""}",1,1,1,desktop-control-plane,True,"{""desktop-control-plane"": true}"
2026-09-21T23:11:56.504Z,postgres-676cc4986c-65g8j,208c1990-5e96-493e-951b-3925c343082b,postgres,Running,True,1,1,0,"{""postgres"": 0}","{""postgres"": ""running""}",1,1,1,desktop-control-plane,True,"{""desktop-control-plane"": true}"
2026-09-21T23:11:56.504Z,prometheus-59f5cf7468-mtx8z,59cbbbaf-6dcc-47ec-97ed-1794e4b0c8e8,prometheus,Running,True,1,1,0,"{""prometheus"": 0}","{""prometheus"": ""running""}",1,1,1,desktop-control-plane,True,"{""desktop-control-plane"": true}"
2026-09-21T23:11:56.504Z,rabbitmq-5cdf8f76b7-bwghx,0ac06c65-14a9-4bd2-b5d4-7f2a22c1c4a6,rabbitmq,Running,True,1,1,0,"{""rabbitmq"": 0}","{""rabbitmq"": ""running""}",1,1,1,desktop-control-plane,True,"{""desktop-control-plane"": true}"
2026-09-21T23:11:56.504Z,worker-5b55666b44-rqchq,2dd0ad98-71ab-4a3b-b534-291680e82fe2,worker,Running,True,1,1,0,"{""worker"": 0}","{""worker"": ""running""}",1,1,1,desktop-control-plane,True,"{""desktop-control-plane"": true}"
2026-09-21T23:12:01.504Z,api-5b87c4c9d-nfcrm,16a10e06-1c63-4416-be9b-df9e5b73aa2d,api,Running,True,1,1,0,"{""api"": 0}","{""api"": ""running""}",1,1,1,desktop-control-plane,True,"{""desktop-control-plane"": true}"
2026-09-21T23:12:01.504Z,gateway-856744bb66-hzcvr,cc510c63-0609-4870-b9ca-abd3e21ac480,gateway,Running,True,1,1,0,"{""gateway"": 0}","{""gateway"": ""running""}",1,1,1,desktop-control-plane,True,"{""desktop-control-plane"": true}"
2026-09-21T23:12:01.504Z,jaeger-7cc9b664cc-jt9fj,21942cdb-b601-447a-bf38-ba3b861fe91b,jaeger,Running,True,1,1,0,"{""jaeger"": 0}","{""jaeger"": ""running""}",1,1,1,desktop-control-plane,True,"{""desktop-control-plane"": true}"
2026-09-21T23:12:01.504Z,otel-collector-7c765745bf-q69jh,9ea6d084-d3d7-4c16-a0d5-9b1cc10530b3,otel-collector,Running,True,1,1,0,"{""otel-collector"": 0}","{""otel-collector"": ""running""}",1,1,1,desktop-control-plane,True,"{""desktop-control-plane"": true}"
2026-09-21T23:12:01.504Z,postgres-676cc4986c-65g8j,208c1990-5e96-493e-951b-3925c343082b,postgres,Running,True,1,1,0,"{""postgres"": 0}","{""postgres"": ""running""}",1,1,1,desktop-control-plane,True,"{""desktop-control-plane"": true}"
2026-09-21T23:12:01.504Z,prometheus-59f5cf7468-mtx8z,59cbbbaf-6dcc-47ec-97ed-1794e4b0c8e8,prometheus,Running,True,1,1,0,"{""prometheus"": 0}","{""prometheus"": ""running""}",1,1,1,desktop-control-plane,True,"{""desktop-control-plane"": true}"
2026-09-21T23:12:01.504Z,rabbitmq-5cdf8f76b7-bwghx,0ac06c65-14a9-4bd2-b5d4-7f2a22c1c4a6,rabbitmq,Running,True,1,1,0,"{""rabbitmq"": 0}","{""rabbitmq"": ""running""}",1,1,1,desktop-control-plane,True,"{""desktop-control-plane"": true}"
2026-09-21T23:12:01.504Z,worker-5b55666b44-rqchq,2dd0ad98-71ab-4a3b-b534-291680e82fe2,worker,Running,True,1,1,0,"{""worker"": 0}","{""worker"": ""running""}",1,1,1,desktop-control-plane,True,"{""desktop-control-plane"": true}"
2026-09-21T23:12:06.504Z,api-5b87c4c9d-nfcrm,16a10e06-1c63-4416-be9b-df9e5b73aa2d,api,Running,True,1,1,0,"{""api"": 0}","{""api"": ""running""}",1,1,1,desktop-control-plane,True,"{""desktop-control-plane"": true}"
2026-09-21T23:12:06.504Z,gateway-856744bb66-hzcvr,cc510c63-0609-4870-b9ca-abd3e21ac480,gateway,Running,True,1,1,0,"{""gateway"": 0}","{""gateway"": ""running""}",1,1,1,desktop-control-plane,True,"{""desktop-control-plane"": true}"
2026-09-21T23:12:06.504Z,jaeger-7cc9b664cc-jt9fj,21942cdb-b601-447a-bf38-ba3b861fe91b,jaeger,Running,True,1,1,0,"{""jaeger"": 0}","{""jaeger"": ""running""}",1,1,1,desktop-control-plane,True,"{""desktop-control-plane"": true}"
2026-09-21T23:12:06.504Z,otel-collector-7c765745bf-q69jh,9ea6d084-d3d7-4c16-a0d5-9b1cc10530b3,otel-collector,Running,True,1,1,0,"{""otel-collector"": 0}","{""otel-collector"": ""running""}",1,1,1,desktop-control-plane,True,"{""desktop-control-plane"": true}"
2026-09-21T23:12:06.504Z,postgres-676cc4986c-65g8j,208c1990-5e96-493e-951b-3925c343082b,postgres,Running,True,1,1,0,"{""postgres"": 0}","{""postgres"": ""running""}",1,1,1,desktop-control-plane,True,"{""desktop-control-plane"": true}"
2026-09-21T23:12:06.504Z,prometheus-59f5cf7468-mtx8z,59cbbbaf-6dcc-47ec-97ed-1794e4b0c8e8,prometheus,Running,True,1,1,0,"{""prometheus"": 0}","{""prometheus"": ""running""}",1,1,1,desktop-control-plane,True,"{""desktop-control-plane"": true}"
2026-09-21T23:12:06.504Z,rabbitmq-5cdf8f76b7-bwghx,0ac06c65-14a9-4bd2-b5d4-7f2a22c1c4a6,rabbitmq,Running,True,1,1,0,"{""rabbitmq"": 0}","{""rabbitmq"": ""running""}",1,1,1,desktop-control-plane,True,"{""desktop-control-plane"": true}"
2026-09-21T23:12:06.504Z,worker-5b55666b44-rqchq,2dd0ad98-71ab-4a3b-b534-291680e82fe2,worker,Running,True,1,1,0,"{""worker"": 0}","{""worker"": ""running""}",1,1,1,desktop-control-plane,True,"{""desktop-control-plane"": true}"
2026-09-21T23:12:11.505Z,api-5b87c4c9d-nfcrm,16a10e06-1c63-4416-be9b-df9e5b73aa2d,api,Running,True,1,1,0,"{""api"": 0}","{""api"": ""running""}",1,1,1,desktop-control-plane,True,"{""desktop-control-plane"": true}"
2026-09-21T23:12:11.505Z,gateway-856744bb66-hzcvr,cc510c63-0609-4870-b9ca-abd3e21ac480,gateway,Running,True,1,1,0,"{""gateway"": 0}","{""gateway"": ""running""}",1,1,1,desktop-control-plane,True,"{""desktop-control-plane"": true}"
2026-09-21T23:12:11.505Z,jaeger-7cc9b664cc-jt9fj,21942cdb-b601-447a-bf38-ba3b861fe91b,jaeger,Running,True,1,1,0,"{""jaeger"": 0}","{""jaeger"": ""running""}",1,1,1,desktop-control-plane,True,"{""desktop-control-plane"": true}"
2026-09-21T23:12:11.505Z,otel-collector-7c765745bf-q69jh,9ea6d084-d3d7-4c16-a0d5-9b1cc10530b3,otel-collector,Running,True,1,1,0,"{""otel-collector"": 0}","{""otel-collector"": ""running""}",1,1,1,desktop-control-plane,True,"{""desktop-control-plane"": true}"
2026-09-21T23:12:11.505Z,postgres-676cc4986c-65g8j,208c1990-5e96-493e-951b-3925c343082b,postgres,Running,True,1,1,0,"{""postgres"": 0}","{""postgres"": ""running""}",1,1,1,desktop-control-plane,True,"{""desktop-control-plane"": true}"
2026-09-21T23:12:11.505Z,prometheus-59f5cf7468-mtx8z,59cbbbaf-6dcc-47ec-97ed-1794e4b0c8e8,prometheus,Running,True,1,1,0,"{""prometheus"": 0}","{""prometheus"": ""running""}",1,1,1,desktop-control-plane,True,"{""desktop-control-plane"": true}"
2026-09-21T23:12:11.505Z,rabbitmq-5cdf8f76b7-bwghx,0ac06c65-14a9-4bd2-b5d4-7f2a22c1c4a6,rabbitmq,Running,True,1,1,0,"{""rabbitmq"": 0}","{""rabbitmq"": ""running""}",1,1,1,desktop-control-plane,True,"{""desktop-control-plane"": true}"
2026-09-21T23:12:11.505Z,worker-5b55666b44-rqchq,2dd0ad98-71ab-4a3b-b534-291680e82fe2,worker,Running,True,1,1,0,"{""worker"": 0}","{""worker"": ""running""}",1,1,1,desktop-control-plane,True,"{""desktop-control-plane"": true}"
2026-09-21T23:12:16.505Z,api-5b87c4c9d-nfcrm,16a10e06-1c63-4416-be9b-df9e5b73aa2d,api,Running,True,1,1,0,"{""api"": 0}","{""api"": ""running""}",1,1,1,desktop-control-plane,True,"{""desktop-control-plane"": true}"
2026-09-21T23:12:16.505Z,gateway-856744bb66-hzcvr,cc510c63-0609-4870-b9ca-abd3e21ac480,gateway,Running,True,1,1,0,"{""gateway"": 0}","{""gateway"": ""running""}",1,1,1,desktop-control-plane,True,"{""desktop-control-plane"": true}"
2026-09-21T23:12:16.505Z,jaeger-7cc9b664cc-jt9fj,21942cdb-b601-447a-bf38-ba3b861fe91b,jaeger,Running,True,1,1,0,"{""jaeger"": 0}","{""jaeger"": ""running""}",1,1,1,desktop-control-plane,True,"{""desktop-control-plane"": true}"
2026-09-21T23:12:16.505Z,otel-collector-7c765745bf-q69jh,9ea6d084-d3d7-4c16-a0d5-9b1cc10530b3,otel-collector,Running,True,1,1,0,"{""otel-collector"": 0}","{""otel-collector"": ""running""}",1,1,1,desktop-control-plane,True,"{""desktop-control-plane"": true}"
2026-09-21T23:12:16.505Z,postgres-676cc4986c-65g8j,208c1990-5e96-493e-951b-3925c343082b,postgres,Running,True,1,1,0,"{""postgres"": 0}","{""postgres"": ""running""}",1,1,1,desktop-control-plane,True,"{""desktop-control-plane"": true}"
2026-09-21T23:12:16.505Z,prometheus-59f5cf7468-mtx8z,59cbbbaf-6dcc-47ec-97ed-1794e4b0c8e8,prometheus,Running,True,1,1,0,"{""prometheus"": 0}","{""prometheus"": ""running""}",1,1,1,desktop-control-plane,True,"{""desktop-control-plane"": true}"
2026-09-21T23:12:16.505Z,rabbitmq-5cdf8f76b7-bwghx,0ac06c65-14a9-4bd2-b5d4-7f2a22c1c4a6,rabbitmq,Running,True,1,1,0,"{""rabbitmq"": 0}","{""rabbitmq"": ""running""}",1,1,1,desktop-control-plane,True,"{""desktop-control-plane"": true}"
2026-09-21T23:12:16.505Z,worker-5b55666b44-rqchq,2dd0ad98-71ab-4a3b-b534-291680e82fe2,worker,Running,True,1,1,0,"{""worker"": 0}","{""worker"": ""running""}",1,1,1,desktop-control-plane,True,"{""desktop-control-plane"": true}"
2026-09-21T23:12:21.505Z,api-5b87c4c9d-nfcrm,16a10e06-1c63-4416-be9b-df9e5b73aa2d,api,Running,True,1,1,0,"{""api"": 0}","{""api"": ""running""}",1,1,1,desktop-control-plane,True,"{""desktop-control-plane"": true}"
2026-09-21T23:12:21.505Z,gateway-856744bb66-hzcvr,cc510c63-0609-4870-b9ca-abd3e21ac480,gateway,Running,True,1,1,0,"{""gateway"": 0}","{""gateway"": ""running""}",1,1,1,desktop-control-plane,True,"{""desktop-control-plane"": true}"
2026-09-21T23:12:21.505Z,jaeger-7cc9b664cc-jt9fj,21942cdb-b601-447a-bf38-ba3b861fe91b,jaeger,Running,True,1,1,0,"{""jaeger"": 0}","{""jaeger"": ""running""}",1,1,1,desktop-control-plane,True,"{""desktop-control-plane"": true}"
2026-09-21T23:12:21.505Z,otel-collector-7c765745bf-q69jh,9ea6d084-d3d7-4c16-a0d5-9b1cc10530b3,otel-collector,Running,True,1,1,0,"{""otel-collector"": 0}","{""otel-collector"": ""running""}",1,1,1,desktop-control-plane,True,"{""desktop-control-plane"": true}"
2026-09-21T23:12:21.505Z,postgres-676cc4986c-65g8j,208c1990-5e96-493e-951b-3925c343082b,postgres,Running,True,1,1,0,"{""postgres"": 0}","{""postgres"": ""running""}",1,1,1,desktop-control-plane,True,"{""desktop-control-plane"": true}"
2026-09-21T23:12:21.505Z,prometheus-59f5cf7468-mtx8z,59cbbbaf-6dcc-47ec-97ed-1794e4b0c8e8,prometheus,Running,True,1,1,0,"{""prometheus"": 0}","{""prometheus"": ""running""}",1,1,1,desktop-control-plane,True,"{""desktop-control-plane"": true}"
2026-09-21T23:12:21.505Z,rabbitmq-5cdf8f76b7-bwghx,0ac06c65-14a9-4bd2-b5d4-7f2a22c1c4a6,rabbitmq,Running,True,1,1,0,"{""rabbitmq"": 0}","{""rabbitmq"": ""running""}",1,1,1,desktop-control-plane,True,"{""desktop-control-plane"": true}"
2026-09-21T23:12:21.505Z,worker-5b55666b44-rqchq,2dd0ad98-71ab-4a3b-b534-291680e82fe2,worker,Running,True,1,1,0,"{""worker"": 0}","{""worker"": ""running""}",1,1,1,desktop-control-plane,True,"{""desktop-control-plane"": true}"
2026-09-21T23:12:26.506Z,api-5b87c4c9d-nfcrm,16a10e06-1c63-4416-be9b-df9e5b73aa2d,api,Running,True,1,1,0,"{""api"": 0}","{""api"": ""running""}",1,1,1,desktop-control-plane,True,"{""desktop-control-plane"": true}"
2026-09-21T23:12:26.506Z,gateway-856744bb66-hzcvr,cc510c63-0609-4870-b9ca-abd3e21ac480,gateway,Running,True,1,1,0,"{""gateway"": 0}","{""gateway"": ""running""}",1,1,1,desktop-control-plane,True,"{""desktop-control-plane"": true}"
2026-09-21T23:12:26.506Z,jaeger-7cc9b664cc-jt9fj,21942cdb-b601-447a-bf38-ba3b861fe91b,jaeger,Running,True,1,1,0,"{""jaeger"": 0}","{""jaeger"": ""running""}",1,1,1,desktop-control-plane,True,"{""desktop-control-plane"": true}"
2026-09-21T23:12:26.506Z,otel-collector-7c765745bf-q69jh,9ea6d084-d3d7-4c16-a0d5-9b1cc10530b3,otel-collector,Running,True,1,1,0,"{""otel-collector"": 0}","{""otel-collector"": ""running""}",1,1,1,desktop-control-plane,True,"{""desktop-control-plane"": true}"
2026-09-21T23:12:26.506Z,postgres-676cc4986c-65g8j,208c1990-5e96-493e-951b-3925c343082b,postgres,Running,True,1,1,0,"{""postgres"": 0}","{""postgres"": ""running""}",1,1,1,desktop-control-plane,True,"{""desktop-control-plane"": true}"
2026-09-21T23:12:26.506Z,prometheus-59f5cf7468-mtx8z,59cbbbaf-6dcc-47ec-97ed-1794e4b0c8e8,prometheus,Running,True,1,1,0,"{""prometheus"": 0}","{""prometheus"": ""running""}",1,1,1,desktop-control-plane,True,"{""desktop-control-plane"": true}"
2026-09-21T23:12:26.506Z,rabbitmq-5cdf8f76b7-bwghx,0ac06c65-14a9-4bd2-b5d4-7f2a22c1c4a6,rabbitmq,Running,True,1,1,0,"{""rabbitmq"": 0}","{""rabbitmq"": ""running""}",1,1,1,desktop-control-plane,True,"{""desktop-control-plane"": true}"
2026-09-21T23:12:26.506Z,worker-5b55666b44-rqchq,2dd0ad98-71ab-4a3b-b534-291680e82fe2,worker,Running,True,1,1,0,"{""worker"": 0}","{""worker"": ""running""}",1,1,1,desktop-control-plane,True,"{""desktop-control-plane"": true}"
2026-09-21T23:12:31.506Z,api-5b87c4c9d-nfcrm,16a10e06-1c63-4416-be9b-df9e5b73aa2d,api,Running,True,1,1,0,"{""api"": 0}","{""api"": ""running""}",1,1,1,desktop-control-plane,True,"{""desktop-control-plane"": true}"
2026-09-21T23:12:31.506Z,gateway-856744bb66-hzcvr,cc510c63-0609-4870-b9ca-abd3e21ac480,gateway,Running,True,1,1,0,"{""gateway"": 0}","{""gateway"": ""running""}",1,1,1,desktop-control-plane,True,"{""desktop-control-plane"": true}"
2026-09-21T23:12:31.506Z,jaeger-7cc9b664cc-jt9fj,21942cdb-b601-447a-bf38-ba3b861fe91b,jaeger,Running,True,1,1,0,"{""jaeger"": 0}","{""jaeger"": ""running""}",1,1,1,desktop-control-plane,True,"{""desktop-control-plane"": true}"
2026-09-21T23:12:31.506Z,otel-collector-7c765745bf-q69jh,9ea6d084-d3d7-4c16-a0d5-9b1cc10530b3,otel-collector,Running,True,1,1,0,"{""otel-collector"": 0}","{""otel-collector"": ""running""}",1,1,1,desktop-control-plane,True,"{""desktop-control-plane"": true}"
2026-09-21T23:12:31.506Z,postgres-676cc4986c-65g8j,208c1990-5e96-493e-951b-3925c343082b,postgres,Running,True,1,1,0,"{""postgres"": 0}","{""postgres"": ""running""}",1,1,1,desktop-control-plane,True,"{""desktop-control-plane"": true}"
2026-09-21T23:12:31.506Z,prometheus-59f5cf7468-mtx8z,59cbbbaf-6dcc-47ec-97ed-1794e4b0c8e8,prometheus,Running,True,1,1,0,"{""prometheus"": 0}","{""prometheus"": ""running""}",1,1,1,desktop-control-plane,True,"{""desktop-control-plane"": true}"
2026-09-21T23:12:31.506Z,rabbitmq-5cdf8f76b7-bwghx,0ac06c65-14a9-4bd2-b5d4-7f2a22c1c4a6,rabbitmq,Running,True,1,1,0,"{""rabbitmq"": 0}","{""rabbitmq"": ""running""}",1,1,1,desktop-control-plane,True,"{""desktop-control-plane"": true}"
2026-09-21T23:12:31.506Z,worker-5b55666b44-rqchq,2dd0ad98-71ab-4a3b-b534-291680e82fe2,worker,Running,True,1,1,0,"{""worker"": 0}","{""worker"": ""running""}",1,1,1,desktop-control-plane,True,"{""desktop-control-plane"": true}"
2026-09-21T23:12:36.506Z,api-5b87c4c9d-nfcrm,16a10e06-1c63-4416-be9b-df9e5b73aa2d,api,Running,True,1,1,0,"{""api"": 0}","{""api"": ""running""}",1,1,1,desktop-control-plane,True,"{""desktop-control-plane"": true}"
2026-09-21T23:12:36.506Z,gateway-856744bb66-hzcvr,cc510c63-0609-4870-b9ca-abd3e21ac480,gateway,Running,True,1,1,0,"{""gateway"": 0}","{""gateway"": ""running""}",1,1,1,desktop-control-plane,True,"{""desktop-control-plane"": true}"
2026-09-21T23:12:36.506Z,jaeger-7cc9b664cc-jt9fj,21942cdb-b601-447a-bf38-ba3b861fe91b,jaeger,Running,True,1,1,0,"{""jaeger"": 0}","{""jaeger"": ""running""}",1,1,1,desktop-control-plane,True,"{""desktop-control-plane"": true}"
2026-09-21T23:12:36.506Z,otel-collector-7c765745bf-q69jh,9ea6d084-d3d7-4c16-a0d5-9b1cc10530b3,otel-collector,Running,True,1,1,0,"{""otel-collector"": 0}","{""otel-collector"": ""running""}",1,1,1,desktop-control-plane,True,"{""desktop-control-plane"": true}"
2026-09-21T23:12:36.506Z,postgres-676cc4986c-65g8j,208c1990-5e96-493e-951b-3925c343082b,postgres,Running,True,1,1,0,"{""postgres"": 0}","{""postgres"": ""running""}",1,1,1,desktop-control-plane,True,"{""desktop-control-plane"": true}"
2026-09-21T23:12:36.506Z,prometheus-59f5cf7468-mtx8z,59cbbbaf-6dcc-47ec-97ed-1794e4b0c8e8,prometheus,Running,True,1,1,0,"{""prometheus"": 0}","{""prometheus"": ""running""}",1,1,1,desktop-control-plane,True,"{""desktop-control-plane"": true}"
2026-09-21T23:12:36.506Z,rabbitmq-5cdf8f76b7-bwghx,0ac06c65-14a9-4bd2-b5d4-7f2a22c1c4a6,rabbitmq,Running,True,1,1,0,"{""rabbitmq"": 0}","{""rabbitmq"": ""running""}",1,1,1,desktop-control-plane,True,"{""desktop-control-plane"": true}"
2026-09-21T23:12:36.506Z,worker-5b55666b44-rqchq,2dd0ad98-71ab-4a3b-b534-291680e82fe2,worker,Running,True,1,1,0,"{""worker"": 0}","{""worker"": ""running""}",1,1,1,desktop-control-plane,True,"{""desktop-control-plane"": true}"
2026-09-21T23:12:41.507Z,api-5b87c4c9d-nfcrm,16a10e06-1c63-4416-be9b-df9e5b73aa2d,api,Running,True,1,1,0,"{""api"": 0}","{""api"": ""running""}",1,1,1,desktop-control-plane,True,"{""desktop-control-plane"": true}"
2026-09-21T23:12:41.507Z,gateway-856744bb66-hzcvr,cc510c63-0609-4870-b9ca-abd3e21ac480,gateway,Running,True,1,1,0,"{""gateway"": 0}","{""gateway"": ""running""}",1,1,1,desktop-control-plane,True,"{""desktop-control-plane"": true}"
2026-09-21T23:12:41.507Z,jaeger-7cc9b664cc-jt9fj,21942cdb-b601-447a-bf38-ba3b861fe91b,jaeger,Running,True,1,1,0,"{""jaeger"": 0}","{""jaeger"": ""running""}",1,1,1,desktop-control-plane,True,"{""desktop-control-plane"": true}"
2026-09-21T23:12:41.507Z,otel-collector-7c765745bf-q69jh,9ea6d084-d3d7-4c16-a0d5-9b1cc10530b3,otel-collector,Running,True,1,1,0,"{""otel-collector"": 0}","{""otel-collector"": ""running""}",1,1,1,desktop-control-plane,True,"{""desktop-control-plane"": true}"
2026-09-21T23:12:41.507Z,postgres-676cc4986c-65g8j,208c1990-5e96-493e-951b-3925c343082b,postgres,Running,True,1,1,0,"{""postgres"": 0}","{""postgres"": ""running""}",1,1,1,desktop-control-plane,True,"{""desktop-control-plane"": true}"
2026-09-21T23:12:41.507Z,prometheus-59f5cf7468-mtx8z,59cbbbaf-6dcc-47ec-97ed-1794e4b0c8e8,prometheus,Running,True,1,1,0,"{""prometheus"": 0}","{""prometheus"": ""running""}",1,1,1,desktop-control-plane,True,"{""desktop-control-plane"": true}"
2026-09-21T23:12:41.507Z,rabbitmq-5cdf8f76b7-bwghx,0ac06c65-14a9-4bd2-b5d4-7f2a22c1c4a6,rabbitmq,Running,True,1,1,0,"{""rabbitmq"": 0}","{""rabbitmq"": ""running""}",1,1,1,desktop-control-plane,True,"{""desktop-control-plane"": true}"
2026-09-21T23:12:41.507Z,worker-5b55666b44-rqchq,2dd0ad98-71ab-4a3b-b534-291680e82fe2,worker,Running,True,1,1,0,"{""worker"": 0}","{""worker"": ""running""}",1,1,1,desktop-control-plane,True,"{""desktop-control-plane"": true}"
2026-09-21T23:12:46.507Z,api-5b87c4c9d-nfcrm,16a10e06-1c63-4416-be9b-df9e5b73aa2d,api,Running,True,1,1,0,"{""api"": 0}","{""api"": ""running""}",1,1,1,desktop-control-plane,True,"{""desktop-control-plane"": true}"
2026-09-21T23:12:46.507Z,gateway-856744bb66-hzcvr,cc510c63-0609-4870-b9ca-abd3e21ac480,gateway,Running,True,1,1,0,"{""gateway"": 0}","{""gateway"": ""running""}",1,1,1,desktop-control-plane,True,"{""desktop-control-plane"": true}"
2026-09-21T23:12:46.507Z,jaeger-7cc9b664cc-jt9fj,21942cdb-b601-447a-bf38-ba3b861fe91b,jaeger,Running,True,1,1,0,"{""jaeger"": 0}","{""jaeger"": ""running""}",1,1,1,desktop-control-plane,True,"{""desktop-control-plane"": true}"
2026-09-21T23:12:46.507Z,k6-c4-exploratory-001-jc9cq,821a057d-b145-4387-a65e-f0600cdac5fa,k6,Running,True,1,1,0,"{""k6"": 0}","{""k6"": ""running""}",1,1,1,desktop-control-plane,True,"{""desktop-control-plane"": true}"
2026-09-21T23:12:46.507Z,otel-collector-7c765745bf-q69jh,9ea6d084-d3d7-4c16-a0d5-9b1cc10530b3,otel-collector,Running,True,1,1,0,"{""otel-collector"": 0}","{""otel-collector"": ""running""}",1,1,1,desktop-control-plane,True,"{""desktop-control-plane"": true}"
2026-09-21T23:12:46.507Z,postgres-676cc4986c-65g8j,208c1990-5e96-493e-951b-3925c343082b,postgres,Running,True,1,1,0,"{""postgres"": 0}","{""postgres"": ""running""}",1,1,1,desktop-control-plane,True,"{""desktop-control-plane"": true}"
2026-09-21T23:12:46.507Z,prometheus-59f5cf7468-mtx8z,59cbbbaf-6dcc-47ec-97ed-1794e4b0c8e8,prometheus,Running,True,1,1,0,"{""prometheus"": 0}","{""prometheus"": ""running""}",1,1,1,desktop-control-plane,True,"{""desktop-control-plane"": true}"
2026-09-21T23:12:46.507Z,rabbitmq-5cdf8f76b7-bwghx,0ac06c65-14a9-4bd2-b5d4-7f2a22c1c4a6,rabbitmq,Running,True,1,1,0,"{""rabbitmq"": 0}","{""rabbitmq"": ""running""}",1,1,1,desktop-control-plane,True,"{""desktop-control-plane"": true}"
2026-09-21T23:12:46.507Z,worker-5b55666b44-rqchq,2dd0ad98-71ab-4a3b-b534-291680e82fe2,worker,Running,True,1,1,0,"{""worker"": 0}","{""worker"": ""running""}",1,1,1,desktop-control-plane,True,"{""desktop-control-plane"": true}"
2026-09-21T23:12:51.508Z,api-5b87c4c9d-nfcrm,16a10e06-1c63-4416-be9b-df9e5b73aa2d,api,Running,True,1,1,0,"{""api"": 0}","{""api"": ""running""}",1,1,1,desktop-control-plane,True,"{""desktop-control-plane"": true}"
2026-09-21T23:12:51.508Z,gateway-856744bb66-hzcvr,cc510c63-0609-4870-b9ca-abd3e21ac480,gateway,Running,True,1,1,0,"{""gateway"": 0}","{""gateway"": ""running""}",1,1,1,desktop-control-plane,True,"{""desktop-control-plane"": true}"
2026-09-21T23:12:51.508Z,jaeger-7cc9b664cc-jt9fj,21942cdb-b601-447a-bf38-ba3b861fe91b,jaeger,Running,True,1,1,0,"{""jaeger"": 0}","{""jaeger"": ""running""}",1,1,1,desktop-control-plane,True,"{""desktop-control-plane"": true}"
2026-09-21T23:12:51.508Z,k6-c4-exploratory-001-jc9cq,821a057d-b145-4387-a65e-f0600cdac5fa,k6,Running,True,1,1,0,"{""k6"": 0}","{""k6"": ""running""}",1,1,1,desktop-control-plane,True,"{""desktop-control-plane"": true}"
2026-09-21T23:12:51.508Z,otel-collector-7c765745bf-q69jh,9ea6d084-d3d7-4c16-a0d5-9b1cc10530b3,otel-collector,Running,True,1,1,0,"{""otel-collector"": 0}","{""otel-collector"": ""running""}",1,1,1,desktop-control-plane,True,"{""desktop-control-plane"": true}"
2026-09-21T23:12:51.508Z,postgres-676cc4986c-65g8j,208c1990-5e96-493e-951b-3925c343082b,postgres,Running,True,1,1,0,"{""postgres"": 0}","{""postgres"": ""running""}",1,1,1,desktop-control-plane,True,"{""desktop-control-plane"": true}"
2026-09-21T23:12:51.508Z,prometheus-59f5cf7468-mtx8z,59cbbbaf-6dcc-47ec-97ed-1794e4b0c8e8,prometheus,Running,True,1,1,0,"{""prometheus"": 0}","{""prometheus"": ""running""}",1,1,1,desktop-control-plane,True,"{""desktop-control-plane"": true}"
2026-09-21T23:12:51.508Z,rabbitmq-5cdf8f76b7-bwghx,0ac06c65-14a9-4bd2-b5d4-7f2a22c1c4a6,rabbitmq,Running,True,1,1,0,"{""rabbitmq"": 0}","{""rabbitmq"": ""running""}",1,1,1,desktop-control-plane,True,"{""desktop-control-plane"": true}"
2026-09-21T23:12:51.508Z,worker-5b55666b44-rqchq,2dd0ad98-71ab-4a3b-b534-291680e82fe2,worker,Running,True,1,1,0,"{""worker"": 0}","{""worker"": ""running""}",1,1,1,desktop-control-plane,True,"{""desktop-control-plane"": true}"
2026-09-21T23:12:56.508Z,api-5b87c4c9d-nfcrm,16a10e06-1c63-4416-be9b-df9e5b73aa2d,api,Running,True,1,1,0,"{""api"": 0}","{""api"": ""running""}",1,1,1,desktop-control-plane,True,"{""desktop-control-plane"": true}"
2026-09-21T23:12:56.508Z,gateway-856744bb66-hzcvr,cc510c63-0609-4870-b9ca-abd3e21ac480,gateway,Running,True,1,1,0,"{""gateway"": 0}","{""gateway"": ""running""}",1,1,1,desktop-control-plane,True,"{""desktop-control-plane"": true}"
2026-09-21T23:12:56.508Z,jaeger-7cc9b664cc-jt9fj,21942cdb-b601-447a-bf38-ba3b861fe91b,jaeger,Running,True,1,1,0,"{""jaeger"": 0}","{""jaeger"": ""running""}",1,1,1,desktop-control-plane,True,"{""desktop-control-plane"": true}"
2026-09-21T23:12:56.508Z,k6-c4-exploratory-001-jc9cq,821a057d-b145-4387-a65e-f0600cdac5fa,k6,Running,True,1,1,0,"{""k6"": 0}","{""k6"": ""running""}",1,1,1,desktop-control-plane,True,"{""desktop-control-plane"": true}"
2026-09-21T23:12:56.508Z,otel-collector-7c765745bf-q69jh,9ea6d084-d3d7-4c16-a0d5-9b1cc10530b3,otel-collector,Running,True,1,1,0,"{""otel-collector"": 0}","{""otel-collector"": ""running""}",1,1,1,desktop-control-plane,True,"{""desktop-control-plane"": true}"
2026-09-21T23:12:56.508Z,postgres-676cc4986c-65g8j,208c1990-5e96-493e-951b-3925c343082b,postgres,Running,True,1,1,0,"{""postgres"": 0}","{""postgres"": ""running""}",1,1,1,desktop-control-plane,True,"{""desktop-control-plane"": true}"
2026-09-21T23:12:56.508Z,prometheus-59f5cf7468-mtx8z,59cbbbaf-6dcc-47ec-97ed-1794e4b0c8e8,prometheus,Running,True,1,1,0,"{""prometheus"": 0}","{""prometheus"": ""running""}",1,1,1,desktop-control-plane,True,"{""desktop-control-plane"": true}"
2026-09-21T23:12:56.508Z,rabbitmq-5cdf8f76b7-bwghx,0ac06c65-14a9-4bd2-b5d4-7f2a22c1c4a6,rabbitmq,Running,True,1,1,0,"{""rabbitmq"": 0}","{""rabbitmq"": ""running""}",1,1,1,desktop-control-plane,True,"{""desktop-control-plane"": true}"
2026-09-21T23:12:56.508Z,worker-5b55666b44-rqchq,2dd0ad98-71ab-4a3b-b534-291680e82fe2,worker,Running,True,1,1,0,"{""worker"": 0}","{""worker"": ""running""}",1,1,1,desktop-control-plane,True,"{""desktop-control-plane"": true}"
2026-09-21T23:13:01.508Z,api-5b87c4c9d-nfcrm,16a10e06-1c63-4416-be9b-df9e5b73aa2d,api,Running,True,1,1,0,"{""api"": 0}","{""api"": ""running""}",1,1,1,desktop-control-plane,True,"{""desktop-control-plane"": true}"
2026-09-21T23:13:01.508Z,gateway-856744bb66-hzcvr,cc510c63-0609-4870-b9ca-abd3e21ac480,gateway,Running,True,1,1,0,"{""gateway"": 0}","{""gateway"": ""running""}",1,1,1,desktop-control-plane,True,"{""desktop-control-plane"": true}"
2026-09-21T23:13:01.508Z,jaeger-7cc9b664cc-jt9fj,21942cdb-b601-447a-bf38-ba3b861fe91b,jaeger,Running,True,1,1,0,"{""jaeger"": 0}","{""jaeger"": ""running""}",1,1,1,desktop-control-plane,True,"{""desktop-control-plane"": true}"
2026-09-21T23:13:01.508Z,k6-c4-exploratory-001-jc9cq,821a057d-b145-4387-a65e-f0600cdac5fa,k6,Running,True,1,1,0,"{""k6"": 0}","{""k6"": ""running""}",1,1,1,desktop-control-plane,True,"{""desktop-control-plane"": true}"
2026-09-21T23:13:01.508Z,otel-collector-7c765745bf-q69jh,9ea6d084-d3d7-4c16-a0d5-9b1cc10530b3,otel-collector,Running,True,1,1,0,"{""otel-collector"": 0}","{""otel-collector"": ""running""}",1,1,1,desktop-control-plane,True,"{""desktop-control-plane"": true}"
2026-09-21T23:13:01.508Z,postgres-676cc4986c-65g8j,208c1990-5e96-493e-951b-3925c343082b,postgres,Running,True,1,1,0,"{""postgres"": 0}","{""postgres"": ""running""}",1,1,1,desktop-control-plane,True,"{""desktop-control-plane"": true}"
2026-09-21T23:13:01.508Z,prometheus-59f5cf7468-mtx8z,59cbbbaf-6dcc-47ec-97ed-1794e4b0c8e8,prometheus,Running,True,1,1,0,"{""prometheus"": 0}","{""prometheus"": ""running""}",1,1,1,desktop-control-plane,True,"{""desktop-control-plane"": true}"
2026-09-21T23:13:01.508Z,rabbitmq-5cdf8f76b7-bwghx,0ac06c65-14a9-4bd2-b5d4-7f2a22c1c4a6,rabbitmq,Running,True,1,1,0,"{""rabbitmq"": 0}","{""rabbitmq"": ""running""}",1,1,1,desktop-control-plane,True,"{""desktop-control-plane"": true}"
2026-09-21T23:13:01.508Z,worker-5b55666b44-rqchq,2dd0ad98-71ab-4a3b-b534-291680e82fe2,worker,Running,True,1,1,0,"{""worker"": 0}","{""worker"": ""running""}",1,1,1,desktop-control-plane,True,"{""desktop-control-plane"": true}"
2026-09-21T23:13:06.508Z,api-5b87c4c9d-nfcrm,16a10e06-1c63-4416-be9b-df9e5b73aa2d,api,Running,True,1,1,0,"{""api"": 0}","{""api"": ""running""}",1,1,1,desktop-control-plane,True,"{""desktop-control-plane"": true}"
2026-09-21T23:13:06.508Z,gateway-856744bb66-hzcvr,cc510c63-0609-4870-b9ca-abd3e21ac480,gateway,Running,True,1,1,0,"{""gateway"": 0}","{""gateway"": ""running""}",1,1,1,desktop-control-plane,True,"{""desktop-control-plane"": true}"
2026-09-21T23:13:06.508Z,jaeger-7cc9b664cc-jt9fj,21942cdb-b601-447a-bf38-ba3b861fe91b,jaeger,Running,True,1,1,0,"{""jaeger"": 0}","{""jaeger"": ""running""}",1,1,1,desktop-control-plane,True,"{""desktop-control-plane"": true}"
2026-09-21T23:13:06.508Z,k6-c4-exploratory-001-jc9cq,821a057d-b145-4387-a65e-f0600cdac5fa,k6,Running,True,1,1,0,"{""k6"": 0}","{""k6"": ""running""}",1,1,1,desktop-control-plane,True,"{""desktop-control-plane"": true}"
2026-09-21T23:13:06.508Z,otel-collector-7c765745bf-q69jh,9ea6d084-d3d7-4c16-a0d5-9b1cc10530b3,otel-collector,Running,True,1,1,0,"{""otel-collector"": 0}","{""otel-collector"": ""running""}",1,1,1,desktop-control-plane,True,"{""desktop-control-plane"": true}"
2026-09-21T23:13:06.508Z,postgres-676cc4986c-65g8j,208c1990-5e96-493e-951b-3925c343082b,postgres,Running,True,1,1,0,"{""postgres"": 0}","{""postgres"": ""running""}",1,1,1,desktop-control-plane,True,"{""desktop-control-plane"": true}"
2026-09-21T23:13:06.508Z,prometheus-59f5cf7468-mtx8z,59cbbbaf-6dcc-47ec-97ed-1794e4b0c8e8,prometheus,Running,True,1,1,0,"{""prometheus"": 0}","{""prometheus"": ""running""}",1,1,1,desktop-control-plane,True,"{""desktop-control-plane"": true}"
2026-09-21T23:13:06.508Z,rabbitmq-5cdf8f76b7-bwghx,0ac06c65-14a9-4bd2-b5d4-7f2a22c1c4a6,rabbitmq,Running,True,1,1,0,"{""rabbitmq"": 0}","{""rabbitmq"": ""running""}",1,1,1,desktop-control-plane,True,"{""desktop-control-plane"": true}"
2026-09-21T23:13:06.508Z,worker-5b55666b44-rqchq,2dd0ad98-71ab-4a3b-b534-291680e82fe2,worker,Running,True,1,1,0,"{""worker"": 0}","{""worker"": ""running""}",1,1,1,desktop-control-plane,True,"{""desktop-control-plane"": true}"
2026-09-21T23:13:11.508Z,api-5b87c4c9d-nfcrm,16a10e06-1c63-4416-be9b-df9e5b73aa2d,api,Running,True,1,1,0,"{""api"": 0}","{""api"": ""running""}",1,1,1,desktop-control-plane,True,"{""desktop-control-plane"": true}"
2026-09-21T23:13:11.508Z,gateway-856744bb66-hzcvr,cc510c63-0609-4870-b9ca-abd3e21ac480,gateway,Running,True,1,1,0,"{""gateway"": 0}","{""gateway"": ""running""}",1,1,1,desktop-control-plane,True,"{""desktop-control-plane"": true}"
2026-09-21T23:13:11.508Z,jaeger-7cc9b664cc-jt9fj,21942cdb-b601-447a-bf38-ba3b861fe91b,jaeger,Running,True,1,1,0,"{""jaeger"": 0}","{""jaeger"": ""running""}",1,1,1,desktop-control-plane,True,"{""desktop-control-plane"": true}"
2026-09-21T23:13:11.508Z,k6-c4-exploratory-001-jc9cq,821a057d-b145-4387-a65e-f0600cdac5fa,k6,Running,True,1,1,0,"{""k6"": 0}","{""k6"": ""running""}",1,1,1,desktop-control-plane,True,"{""desktop-control-plane"": true}"
2026-09-21T23:13:11.508Z,otel-collector-7c765745bf-q69jh,9ea6d084-d3d7-4c16-a0d5-9b1cc10530b3,otel-collector,Running,True,1,1,0,"{""otel-collector"": 0}","{""otel-collector"": ""running""}",1,1,1,desktop-control-plane,True,"{""desktop-control-plane"": true}"
2026-09-21T23:13:11.508Z,postgres-676cc4986c-65g8j,208c1990-5e96-493e-951b-3925c343082b,postgres,Running,True,1,1,0,"{""postgres"": 0}","{""postgres"": ""running""}",1,1,1,desktop-control-plane,True,"{""desktop-control-plane"": true}"
2026-09-21T23:13:11.508Z,prometheus-59f5cf7468-mtx8z,59cbbbaf-6dcc-47ec-97ed-1794e4b0c8e8,prometheus,Running,True,1,1,0,"{""prometheus"": 0}","{""prometheus"": ""running""}",1,1,1,desktop-control-plane,True,"{""desktop-control-plane"": true}"
2026-09-21T23:13:11.508Z,rabbitmq-5cdf8f76b7-bwghx,0ac06c65-14a9-4bd2-b5d4-7f2a22c1c4a6,rabbitmq,Running,True,1,1,0,"{""rabbitmq"": 0}","{""rabbitmq"": ""running""}",1,1,1,desktop-control-plane,True,"{""desktop-control-plane"": true}"
2026-09-21T23:13:11.508Z,worker-5b55666b44-rqchq,2dd0ad98-71ab-4a3b-b534-291680e82fe2,worker,Running,True,1,1,0,"{""worker"": 0}","{""worker"": ""running""}",1,1,1,desktop-control-plane,True,"{""desktop-control-plane"": true}"
2026-09-21T23:13:16.509Z,api-5b87c4c9d-nfcrm,16a10e06-1c63-4416-be9b-df9e5b73aa2d,api,Running,True,1,1,0,"{""api"": 0}","{""api"": ""running""}",1,1,1,desktop-control-plane,True,"{""desktop-control-plane"": true}"
2026-09-21T23:13:16.509Z,gateway-856744bb66-hzcvr,cc510c63-0609-4870-b9ca-abd3e21ac480,gateway,Running,True,1,1,0,"{""gateway"": 0}","{""gateway"": ""running""}",1,1,1,desktop-control-plane,True,"{""desktop-control-plane"": true}"
2026-09-21T23:13:16.509Z,jaeger-7cc9b664cc-jt9fj,21942cdb-b601-447a-bf38-ba3b861fe91b,jaeger,Running,True,1,1,0,"{""jaeger"": 0}","{""jaeger"": ""running""}",1,1,1,desktop-control-plane,True,"{""desktop-control-plane"": true}"
2026-09-21T23:13:16.509Z,k6-c4-exploratory-001-jc9cq,821a057d-b145-4387-a65e-f0600cdac5fa,k6,Running,True,1,1,0,"{""k6"": 0}","{""k6"": ""running""}",1,1,1,desktop-control-plane,True,"{""desktop-control-plane"": true}"
2026-09-21T23:13:16.509Z,otel-collector-7c765745bf-q69jh,9ea6d084-d3d7-4c16-a0d5-9b1cc10530b3,otel-collector,Running,True,1,1,0,"{""otel-collector"": 0}","{""otel-collector"": ""running""}",1,1,1,desktop-control-plane,True,"{""desktop-control-plane"": true}"
2026-09-21T23:13:16.509Z,postgres-676cc4986c-65g8j,208c1990-5e96-493e-951b-3925c343082b,postgres,Running,True,1,1,0,"{""postgres"": 0}","{""postgres"": ""running""}",1,1,1,desktop-control-plane,True,"{""desktop-control-plane"": true}"
2026-09-21T23:13:16.509Z,prometheus-59f5cf7468-mtx8z,59cbbbaf-6dcc-47ec-97ed-1794e4b0c8e8,prometheus,Running,True,1,1,0,"{""prometheus"": 0}","{""prometheus"": ""running""}",1,1,1,desktop-control-plane,True,"{""desktop-control-plane"": true}"
2026-09-21T23:13:16.509Z,rabbitmq-5cdf8f76b7-bwghx,0ac06c65-14a9-4bd2-b5d4-7f2a22c1c4a6,rabbitmq,Running,True,1,1,0,"{""rabbitmq"": 0}","{""rabbitmq"": ""running""}",1,1,1,desktop-control-plane,True,"{""desktop-control-plane"": true}"
2026-09-21T23:13:16.509Z,worker-5b55666b44-rqchq,2dd0ad98-71ab-4a3b-b534-291680e82fe2,worker,Running,True,1,1,0,"{""worker"": 0}","{""worker"": ""running""}",1,1,1,desktop-control-plane,True,"{""desktop-control-plane"": true}"
2026-09-21T23:13:21.509Z,api-5b87c4c9d-9nxjl,133aacdc-d1ff-4b99-86ed-7f2739ce6e1e,api,Pending,False,0,1,0,"{""api"": 0}","{""api"": ""waiting""}",3,1,1,desktop-control-plane,True,"{""desktop-control-plane"": true}"
2026-09-21T23:13:21.509Z,api-5b87c4c9d-jhqjk,e14fb1e4-7695-47ee-abee-3c85a59f77f9,api,Pending,False,0,1,0,"{""api"": 0}","{""api"": ""waiting""}",3,1,1,desktop-control-plane,True,"{""desktop-control-plane"": true}"
2026-09-21T23:13:21.509Z,api-5b87c4c9d-nfcrm,16a10e06-1c63-4416-be9b-df9e5b73aa2d,api,Running,True,1,1,0,"{""api"": 0}","{""api"": ""running""}",3,1,1,desktop-control-plane,True,"{""desktop-control-plane"": true}"
2026-09-21T23:13:21.509Z,gateway-856744bb66-hzcvr,cc510c63-0609-4870-b9ca-abd3e21ac480,gateway,Running,True,1,1,0,"{""gateway"": 0}","{""gateway"": ""running""}",3,1,1,desktop-control-plane,True,"{""desktop-control-plane"": true}"
2026-09-21T23:13:21.509Z,jaeger-7cc9b664cc-jt9fj,21942cdb-b601-447a-bf38-ba3b861fe91b,jaeger,Running,True,1,1,0,"{""jaeger"": 0}","{""jaeger"": ""running""}",3,1,1,desktop-control-plane,True,"{""desktop-control-plane"": true}"
2026-09-21T23:13:21.509Z,k6-c4-exploratory-001-jc9cq,821a057d-b145-4387-a65e-f0600cdac5fa,k6,Running,True,1,1,0,"{""k6"": 0}","{""k6"": ""running""}",3,1,1,desktop-control-plane,True,"{""desktop-control-plane"": true}"
2026-09-21T23:13:21.509Z,otel-collector-7c765745bf-q69jh,9ea6d084-d3d7-4c16-a0d5-9b1cc10530b3,otel-collector,Running,True,1,1,0,"{""otel-collector"": 0}","{""otel-collector"": ""running""}",3,1,1,desktop-control-plane,True,"{""desktop-control-plane"": true}"
2026-09-21T23:13:21.509Z,postgres-676cc4986c-65g8j,208c1990-5e96-493e-951b-3925c343082b,postgres,Running,True,1,1,0,"{""postgres"": 0}","{""postgres"": ""running""}",3,1,1,desktop-control-plane,True,"{""desktop-control-plane"": true}"
2026-09-21T23:13:21.509Z,prometheus-59f5cf7468-mtx8z,59cbbbaf-6dcc-47ec-97ed-1794e4b0c8e8,prometheus,Running,True,1,1,0,"{""prometheus"": 0}","{""prometheus"": ""running""}",3,1,1,desktop-control-plane,True,"{""desktop-control-plane"": true}"
2026-09-21T23:13:21.509Z,rabbitmq-5cdf8f76b7-bwghx,0ac06c65-14a9-4bd2-b5d4-7f2a22c1c4a6,rabbitmq,Running,True,1,1,0,"{""rabbitmq"": 0}","{""rabbitmq"": ""running""}",3,1,1,desktop-control-plane,True,"{""desktop-control-plane"": true}"
2026-09-21T23:13:21.509Z,worker-5b55666b44-rqchq,2dd0ad98-71ab-4a3b-b534-291680e82fe2,worker,Running,True,1,1,0,"{""worker"": 0}","{""worker"": ""running""}",3,1,1,desktop-control-plane,True,"{""desktop-control-plane"": true}"
2026-09-21T23:13:26.510Z,api-5b87c4c9d-9nxjl,133aacdc-d1ff-4b99-86ed-7f2739ce6e1e,api,Running,False,0,1,0,"{""api"": 0}","{""api"": ""running""}",3,1,1,desktop-control-plane,True,"{""desktop-control-plane"": true}"
2026-09-21T23:13:26.510Z,api-5b87c4c9d-jhqjk,e14fb1e4-7695-47ee-abee-3c85a59f77f9,api,Running,False,0,1,0,"{""api"": 0}","{""api"": ""running""}",3,1,1,desktop-control-plane,True,"{""desktop-control-plane"": true}"
2026-09-21T23:13:26.510Z,api-5b87c4c9d-nfcrm,16a10e06-1c63-4416-be9b-df9e5b73aa2d,api,Running,True,1,1,0,"{""api"": 0}","{""api"": ""running""}",3,1,1,desktop-control-plane,True,"{""desktop-control-plane"": true}"
2026-09-21T23:13:26.510Z,gateway-856744bb66-hzcvr,cc510c63-0609-4870-b9ca-abd3e21ac480,gateway,Running,True,1,1,0,"{""gateway"": 0}","{""gateway"": ""running""}",3,1,1,desktop-control-plane,True,"{""desktop-control-plane"": true}"
2026-09-21T23:13:26.510Z,jaeger-7cc9b664cc-jt9fj,21942cdb-b601-447a-bf38-ba3b861fe91b,jaeger,Running,True,1,1,0,"{""jaeger"": 0}","{""jaeger"": ""running""}",3,1,1,desktop-control-plane,True,"{""desktop-control-plane"": true}"
2026-09-21T23:13:26.510Z,k6-c4-exploratory-001-jc9cq,821a057d-b145-4387-a65e-f0600cdac5fa,k6,Running,True,1,1,0,"{""k6"": 0}","{""k6"": ""running""}",3,1,1,desktop-control-plane,True,"{""desktop-control-plane"": true}"
2026-09-21T23:13:26.510Z,otel-collector-7c765745bf-q69jh,9ea6d084-d3d7-4c16-a0d5-9b1cc10530b3,otel-collector,Running,True,1,1,0,"{""otel-collector"": 0}","{""otel-collector"": ""running""}",3,1,1,desktop-control-plane,True,"{""desktop-control-plane"": true}"
2026-09-21T23:13:26.510Z,postgres-676cc4986c-65g8j,208c1990-5e96-493e-951b-3925c343082b,postgres,Running,True,1,1,0,"{""postgres"": 0}","{""postgres"": ""running""}",3,1,1,desktop-control-plane,True,"{""desktop-control-plane"": true}"
2026-09-21T23:13:26.510Z,prometheus-59f5cf7468-mtx8z,59cbbbaf-6dcc-47ec-97ed-1794e4b0c8e8,prometheus,Running,True,1,1,0,"{""prometheus"": 0}","{""prometheus"": ""running""}",3,1,1,desktop-control-plane,True,"{""desktop-control-plane"": true}"
2026-09-21T23:13:26.510Z,rabbitmq-5cdf8f76b7-bwghx,0ac06c65-14a9-4bd2-b5d4-7f2a22c1c4a6,rabbitmq,Running,True,1,1,0,"{""rabbitmq"": 0}","{""rabbitmq"": ""running""}",3,1,1,desktop-control-plane,True,"{""desktop-control-plane"": true}"
2026-09-21T23:13:26.510Z,worker-5b55666b44-rqchq,2dd0ad98-71ab-4a3b-b534-291680e82fe2,worker,Running,True,1,1,0,"{""worker"": 0}","{""worker"": ""running""}",3,1,1,desktop-control-plane,True,"{""desktop-control-plane"": true}"
2026-09-21T23:13:31.510Z,api-5b87c4c9d-9nxjl,133aacdc-d1ff-4b99-86ed-7f2739ce6e1e,api,Running,False,0,1,0,"{""api"": 0}","{""api"": ""running""}",3,1,1,desktop-control-plane,True,"{""desktop-control-plane"": true}"
2026-09-21T23:13:31.510Z,api-5b87c4c9d-jhqjk,e14fb1e4-7695-47ee-abee-3c85a59f77f9,api,Running,False,0,1,0,"{""api"": 0}","{""api"": ""running""}",3,1,1,desktop-control-plane,True,"{""desktop-control-plane"": true}"
2026-09-21T23:13:31.510Z,api-5b87c4c9d-nfcrm,16a10e06-1c63-4416-be9b-df9e5b73aa2d,api,Running,True,1,1,0,"{""api"": 0}","{""api"": ""running""}",3,1,1,desktop-control-plane,True,"{""desktop-control-plane"": true}"
2026-09-21T23:13:31.510Z,gateway-856744bb66-hzcvr,cc510c63-0609-4870-b9ca-abd3e21ac480,gateway,Running,True,1,1,0,"{""gateway"": 0}","{""gateway"": ""running""}",3,1,1,desktop-control-plane,True,"{""desktop-control-plane"": true}"
2026-09-21T23:13:31.510Z,jaeger-7cc9b664cc-jt9fj,21942cdb-b601-447a-bf38-ba3b861fe91b,jaeger,Running,True,1,1,0,"{""jaeger"": 0}","{""jaeger"": ""running""}",3,1,1,desktop-control-plane,True,"{""desktop-control-plane"": true}"
2026-09-21T23:13:31.510Z,k6-c4-exploratory-001-jc9cq,821a057d-b145-4387-a65e-f0600cdac5fa,k6,Running,True,1,1,0,"{""k6"": 0}","{""k6"": ""running""}",3,1,1,desktop-control-plane,True,"{""desktop-control-plane"": true}"
2026-09-21T23:13:31.510Z,otel-collector-7c765745bf-q69jh,9ea6d084-d3d7-4c16-a0d5-9b1cc10530b3,otel-collector,Running,True,1,1,0,"{""otel-collector"": 0}","{""otel-collector"": ""running""}",3,1,1,desktop-control-plane,True,"{""desktop-control-plane"": true}"
2026-09-21T23:13:31.510Z,postgres-676cc4986c-65g8j,208c1990-5e96-493e-951b-3925c343082b,postgres,Running,True,1,1,0,"{""postgres"": 0}","{""postgres"": ""running""}",3,1,1,desktop-control-plane,True,"{""desktop-control-plane"": true}"
2026-09-21T23:13:31.510Z,prometheus-59f5cf7468-mtx8z,59cbbbaf-6dcc-47ec-97ed-1794e4b0c8e8,prometheus,Running,True,1,1,0,"{""prometheus"": 0}","{""prometheus"": ""running""}",3,1,1,desktop-control-plane,True,"{""desktop-control-plane"": true}"
2026-09-21T23:13:31.510Z,rabbitmq-5cdf8f76b7-bwghx,0ac06c65-14a9-4bd2-b5d4-7f2a22c1c4a6,rabbitmq,Running,True,1,1,0,"{""rabbitmq"": 0}","{""rabbitmq"": ""running""}",3,1,1,desktop-control-plane,True,"{""desktop-control-plane"": true}"
2026-09-21T23:13:31.510Z,worker-5b55666b44-rqchq,2dd0ad98-71ab-4a3b-b534-291680e82fe2,worker,Running,True,1,1,0,"{""worker"": 0}","{""worker"": ""running""}",3,1,1,desktop-control-plane,True,"{""desktop-control-plane"": true}"
2026-09-21T23:13:36.510Z,api-5b87c4c9d-9nxjl,133aacdc-d1ff-4b99-86ed-7f2739ce6e1e,api,Running,True,1,1,0,"{""api"": 0}","{""api"": ""running""}",5,1,1,desktop-control-plane,True,"{""desktop-control-plane"": true}"
2026-09-21T23:13:36.510Z,api-5b87c4c9d-jhqjk,e14fb1e4-7695-47ee-abee-3c85a59f77f9,api,Running,True,1,1,0,"{""api"": 0}","{""api"": ""running""}",5,1,1,desktop-control-plane,True,"{""desktop-control-plane"": true}"
2026-09-21T23:13:36.510Z,api-5b87c4c9d-mkgv6,8f965bb6-b46d-44fa-91e3-ff2129afd303,api,Pending,False,0,1,0,"{""api"": 0}","{""api"": ""waiting""}",5,1,1,desktop-control-plane,True,"{""desktop-control-plane"": true}"
2026-09-21T23:13:36.510Z,api-5b87c4c9d-nfcrm,16a10e06-1c63-4416-be9b-df9e5b73aa2d,api,Running,True,1,1,0,"{""api"": 0}","{""api"": ""running""}",5,1,1,desktop-control-plane,True,"{""desktop-control-plane"": true}"
2026-09-21T23:13:36.510Z,api-5b87c4c9d-wvk6s,9f59e79d-d198-43c8-81d3-82f17fd2d63e,api,Pending,False,0,1,0,"{""api"": 0}","{""api"": ""waiting""}",5,1,1,desktop-control-plane,True,"{""desktop-control-plane"": true}"
2026-09-21T23:13:36.510Z,gateway-856744bb66-hzcvr,cc510c63-0609-4870-b9ca-abd3e21ac480,gateway,Running,True,1,1,0,"{""gateway"": 0}","{""gateway"": ""running""}",5,1,1,desktop-control-plane,True,"{""desktop-control-plane"": true}"
2026-09-21T23:13:36.510Z,jaeger-7cc9b664cc-jt9fj,21942cdb-b601-447a-bf38-ba3b861fe91b,jaeger,Running,True,1,1,0,"{""jaeger"": 0}","{""jaeger"": ""running""}",5,1,1,desktop-control-plane,True,"{""desktop-control-plane"": true}"
2026-09-21T23:13:36.510Z,k6-c4-exploratory-001-jc9cq,821a057d-b145-4387-a65e-f0600cdac5fa,k6,Running,True,1,1,0,"{""k6"": 0}","{""k6"": ""running""}",5,1,1,desktop-control-plane,True,"{""desktop-control-plane"": true}"
2026-09-21T23:13:36.510Z,otel-collector-7c765745bf-q69jh,9ea6d084-d3d7-4c16-a0d5-9b1cc10530b3,otel-collector,Running,True,1,1,0,"{""otel-collector"": 0}","{""otel-collector"": ""running""}",5,1,1,desktop-control-plane,True,"{""desktop-control-plane"": true}"
2026-09-21T23:13:36.510Z,postgres-676cc4986c-65g8j,208c1990-5e96-493e-951b-3925c343082b,postgres,Running,True,1,1,0,"{""postgres"": 0}","{""postgres"": ""running""}",5,1,1,desktop-control-plane,True,"{""desktop-control-plane"": true}"
2026-09-21T23:13:36.510Z,prometheus-59f5cf7468-mtx8z,59cbbbaf-6dcc-47ec-97ed-1794e4b0c8e8,prometheus,Running,True,1,1,0,"{""prometheus"": 0}","{""prometheus"": ""running""}",5,1,1,desktop-control-plane,True,"{""desktop-control-plane"": true}"
2026-09-21T23:13:36.510Z,rabbitmq-5cdf8f76b7-bwghx,0ac06c65-14a9-4bd2-b5d4-7f2a22c1c4a6,rabbitmq,Running,True,1,1,0,"{""rabbitmq"": 0}","{""rabbitmq"": ""running""}",5,1,1,desktop-control-plane,True,"{""desktop-control-plane"": true}"
2026-09-21T23:13:36.510Z,worker-5b55666b44-rqchq,2dd0ad98-71ab-4a3b-b534-291680e82fe2,worker,Running,True,1,1,0,"{""worker"": 0}","{""worker"": ""running""}",5,1,1,desktop-control-plane,True,"{""desktop-control-plane"": true}"
2026-09-21T23:13:41.510Z,api-5b87c4c9d-9nxjl,133aacdc-d1ff-4b99-86ed-7f2739ce6e1e,api,Running,True,1,1,0,"{""api"": 0}","{""api"": ""running""}",5,1,1,desktop-control-plane,True,"{""desktop-control-plane"": true}"
2026-09-21T23:13:41.510Z,api-5b87c4c9d-jhqjk,e14fb1e4-7695-47ee-abee-3c85a59f77f9,api,Running,True,1,1,0,"{""api"": 0}","{""api"": ""running""}",5,1,1,desktop-control-plane,True,"{""desktop-control-plane"": true}"
2026-09-21T23:13:41.510Z,api-5b87c4c9d-mkgv6,8f965bb6-b46d-44fa-91e3-ff2129afd303,api,Running,False,0,1,0,"{""api"": 0}","{""api"": ""running""}",5,1,1,desktop-control-plane,True,"{""desktop-control-plane"": true}"
2026-09-21T23:13:41.510Z,api-5b87c4c9d-nfcrm,16a10e06-1c63-4416-be9b-df9e5b73aa2d,api,Running,True,1,1,0,"{""api"": 0}","{""api"": ""running""}",5,1,1,desktop-control-plane,True,"{""desktop-control-plane"": true}"
2026-09-21T23:13:41.510Z,api-5b87c4c9d-wvk6s,9f59e79d-d198-43c8-81d3-82f17fd2d63e,api,Running,False,0,1,0,"{""api"": 0}","{""api"": ""running""}",5,1,1,desktop-control-plane,True,"{""desktop-control-plane"": true}"
2026-09-21T23:13:41.510Z,gateway-856744bb66-hzcvr,cc510c63-0609-4870-b9ca-abd3e21ac480,gateway,Running,True,1,1,0,"{""gateway"": 0}","{""gateway"": ""running""}",5,1,1,desktop-control-plane,True,"{""desktop-control-plane"": true}"
2026-09-21T23:13:41.510Z,jaeger-7cc9b664cc-jt9fj,21942cdb-b601-447a-bf38-ba3b861fe91b,jaeger,Running,True,1,1,0,"{""jaeger"": 0}","{""jaeger"": ""running""}",5,1,1,desktop-control-plane,True,"{""desktop-control-plane"": true}"
2026-09-21T23:13:41.510Z,k6-c4-exploratory-001-jc9cq,821a057d-b145-4387-a65e-f0600cdac5fa,k6,Running,True,1,1,0,"{""k6"": 0}","{""k6"": ""running""}",5,1,1,desktop-control-plane,True,"{""desktop-control-plane"": true}"
2026-09-21T23:13:41.510Z,otel-collector-7c765745bf-q69jh,9ea6d084-d3d7-4c16-a0d5-9b1cc10530b3,otel-collector,Running,True,1,1,0,"{""otel-collector"": 0}","{""otel-collector"": ""running""}",5,1,1,desktop-control-plane,True,"{""desktop-control-plane"": true}"
2026-09-21T23:13:41.510Z,postgres-676cc4986c-65g8j,208c1990-5e96-493e-951b-3925c343082b,postgres,Running,True,1,1,0,"{""postgres"": 0}","{""postgres"": ""running""}",5,1,1,desktop-control-plane,True,"{""desktop-control-plane"": true}"
2026-09-21T23:13:41.510Z,prometheus-59f5cf7468-mtx8z,59cbbbaf-6dcc-47ec-97ed-1794e4b0c8e8,prometheus,Running,True,1,1,0,"{""prometheus"": 0}","{""prometheus"": ""running""}",5,1,1,desktop-control-plane,True,"{""desktop-control-plane"": true}"
2026-09-21T23:13:41.510Z,rabbitmq-5cdf8f76b7-bwghx,0ac06c65-14a9-4bd2-b5d4-7f2a22c1c4a6,rabbitmq,Running,True,1,1,0,"{""rabbitmq"": 0}","{""rabbitmq"": ""running""}",5,1,1,desktop-control-plane,True,"{""desktop-control-plane"": true}"
2026-09-21T23:13:41.510Z,worker-5b55666b44-rqchq,2dd0ad98-71ab-4a3b-b534-291680e82fe2,worker,Running,True,1,1,0,"{""worker"": 0}","{""worker"": ""running""}",5,1,1,desktop-control-plane,True,"{""desktop-control-plane"": true}"
2026-09-21T23:13:46.511Z,api-5b87c4c9d-9nxjl,133aacdc-d1ff-4b99-86ed-7f2739ce6e1e,api,Running,True,1,1,0,"{""api"": 0}","{""api"": ""running""}",5,1,1,desktop-control-plane,True,"{""desktop-control-plane"": true}"
2026-09-21T23:13:46.511Z,api-5b87c4c9d-jhqjk,e14fb1e4-7695-47ee-abee-3c85a59f77f9,api,Running,True,1,1,0,"{""api"": 0}","{""api"": ""running""}",5,1,1,desktop-control-plane,True,"{""desktop-control-plane"": true}"
2026-09-21T23:13:46.511Z,api-5b87c4c9d-mkgv6,8f965bb6-b46d-44fa-91e3-ff2129afd303,api,Running,False,0,1,0,"{""api"": 0}","{""api"": ""running""}",5,1,1,desktop-control-plane,True,"{""desktop-control-plane"": true}"
2026-09-21T23:13:46.511Z,api-5b87c4c9d-nfcrm,16a10e06-1c63-4416-be9b-df9e5b73aa2d,api,Running,True,1,1,0,"{""api"": 0}","{""api"": ""running""}",5,1,1,desktop-control-plane,True,"{""desktop-control-plane"": true}"
2026-09-21T23:13:46.511Z,api-5b87c4c9d-wvk6s,9f59e79d-d198-43c8-81d3-82f17fd2d63e,api,Running,False,0,1,0,"{""api"": 0}","{""api"": ""running""}",5,1,1,desktop-control-plane,True,"{""desktop-control-plane"": true}"
2026-09-21T23:13:46.511Z,gateway-856744bb66-hzcvr,cc510c63-0609-4870-b9ca-abd3e21ac480,gateway,Running,True,1,1,0,"{""gateway"": 0}","{""gateway"": ""running""}",5,1,1,desktop-control-plane,True,"{""desktop-control-plane"": true}"
2026-09-21T23:13:46.511Z,jaeger-7cc9b664cc-jt9fj,21942cdb-b601-447a-bf38-ba3b861fe91b,jaeger,Running,True,1,1,0,"{""jaeger"": 0}","{""jaeger"": ""running""}",5,1,1,desktop-control-plane,True,"{""desktop-control-plane"": true}"
2026-09-21T23:13:46.511Z,k6-c4-exploratory-001-jc9cq,821a057d-b145-4387-a65e-f0600cdac5fa,k6,Running,True,1,1,0,"{""k6"": 0}","{""k6"": ""running""}",5,1,1,desktop-control-plane,True,"{""desktop-control-plane"": true}"
2026-09-21T23:13:46.511Z,otel-collector-7c765745bf-q69jh,9ea6d084-d3d7-4c16-a0d5-9b1cc10530b3,otel-collector,Running,True,1,1,0,"{""otel-collector"": 0}","{""otel-collector"": ""running""}",5,1,1,desktop-control-plane,True,"{""desktop-control-plane"": true}"
2026-09-21T23:13:46.511Z,postgres-676cc4986c-65g8j,208c1990-5e96-493e-951b-3925c343082b,postgres,Running,True,1,1,0,"{""postgres"": 0}","{""postgres"": ""running""}",5,1,1,desktop-control-plane,True,"{""desktop-control-plane"": true}"
2026-09-21T23:13:46.511Z,prometheus-59f5cf7468-mtx8z,59cbbbaf-6dcc-47ec-97ed-1794e4b0c8e8,prometheus,Running,True,1,1,0,"{""prometheus"": 0}","{""prometheus"": ""running""}",5,1,1,desktop-control-plane,True,"{""desktop-control-plane"": true}"
2026-09-21T23:13:46.511Z,rabbitmq-5cdf8f76b7-bwghx,0ac06c65-14a9-4bd2-b5d4-7f2a22c1c4a6,rabbitmq,Running,True,1,1,0,"{""rabbitmq"": 0}","{""rabbitmq"": ""running""}",5,1,1,desktop-control-plane,True,"{""desktop-control-plane"": true}"
2026-09-21T23:13:46.511Z,worker-5b55666b44-rqchq,2dd0ad98-71ab-4a3b-b534-291680e82fe2,worker,Running,True,1,1,0,"{""worker"": 0}","{""worker"": ""running""}",5,1,1,desktop-control-plane,True,"{""desktop-control-plane"": true}"
2026-09-21T23:13:51.511Z,api-5b87c4c9d-9nxjl,133aacdc-d1ff-4b99-86ed-7f2739ce6e1e,api,Running,True,1,1,0,"{""api"": 0}","{""api"": ""running""}",5,1,1,desktop-control-plane,True,"{""desktop-control-plane"": true}"
2026-09-21T23:13:51.511Z,api-5b87c4c9d-jhqjk,e14fb1e4-7695-47ee-abee-3c85a59f77f9,api,Running,True,1,1,0,"{""api"": 0}","{""api"": ""running""}",5,1,1,desktop-control-plane,True,"{""desktop-control-plane"": true}"
2026-09-21T23:13:51.511Z,api-5b87c4c9d-mkgv6,8f965bb6-b46d-44fa-91e3-ff2129afd303,api,Running,True,1,1,0,"{""api"": 0}","{""api"": ""running""}",5,1,1,desktop-control-plane,True,"{""desktop-control-plane"": true}"
2026-09-21T23:13:51.511Z,api-5b87c4c9d-nfcrm,16a10e06-1c63-4416-be9b-df9e5b73aa2d,api,Running,True,1,1,0,"{""api"": 0}","{""api"": ""running""}",5,1,1,desktop-control-plane,True,"{""desktop-control-plane"": true}"
2026-09-21T23:13:51.511Z,api-5b87c4c9d-wvk6s,9f59e79d-d198-43c8-81d3-82f17fd2d63e,api,Running,True,1,1,0,"{""api"": 0}","{""api"": ""running""}",5,1,1,desktop-control-plane,True,"{""desktop-control-plane"": true}"
2026-09-21T23:13:51.511Z,gateway-856744bb66-hzcvr,cc510c63-0609-4870-b9ca-abd3e21ac480,gateway,Running,True,1,1,0,"{""gateway"": 0}","{""gateway"": ""running""}",5,1,1,desktop-control-plane,True,"{""desktop-control-plane"": true}"
2026-09-21T23:13:51.511Z,jaeger-7cc9b664cc-jt9fj,21942cdb-b601-447a-bf38-ba3b861fe91b,jaeger,Running,True,1,1,0,"{""jaeger"": 0}","{""jaeger"": ""running""}",5,1,1,desktop-control-plane,True,"{""desktop-control-plane"": true}"
2026-09-21T23:13:51.511Z,k6-c4-exploratory-001-jc9cq,821a057d-b145-4387-a65e-f0600cdac5fa,k6,Running,True,1,1,0,"{""k6"": 0}","{""k6"": ""running""}",5,1,1,desktop-control-plane,True,"{""desktop-control-plane"": true}"
2026-09-21T23:13:51.511Z,otel-collector-7c765745bf-q69jh,9ea6d084-d3d7-4c16-a0d5-9b1cc10530b3,otel-collector,Running,True,1,1,0,"{""otel-collector"": 0}","{""otel-collector"": ""running""}",5,1,1,desktop-control-plane,True,"{""desktop-control-plane"": true}"
2026-09-21T23:13:51.511Z,postgres-676cc4986c-65g8j,208c1990-5e96-493e-951b-3925c343082b,postgres,Running,True,1,1,0,"{""postgres"": 0}","{""postgres"": ""running""}",5,1,1,desktop-control-plane,True,"{""desktop-control-plane"": true}"
2026-09-21T23:13:51.511Z,prometheus-59f5cf7468-mtx8z,59cbbbaf-6dcc-47ec-97ed-1794e4b0c8e8,prometheus,Running,True,1,1,0,"{""prometheus"": 0}","{""prometheus"": ""running""}",5,1,1,desktop-control-plane,True,"{""desktop-control-plane"": true}"
2026-09-21T23:13:51.511Z,rabbitmq-5cdf8f76b7-bwghx,0ac06c65-14a9-4bd2-b5d4-7f2a22c1c4a6,rabbitmq,Running,True,1,1,0,"{""rabbitmq"": 0}","{""rabbitmq"": ""running""}",5,1,1,desktop-control-plane,True,"{""desktop-control-plane"": true}"
2026-09-21T23:13:51.511Z,worker-5b55666b44-rqchq,2dd0ad98-71ab-4a3b-b534-291680e82fe2,worker,Running,True,1,1,0,"{""worker"": 0}","{""worker"": ""running""}",5,1,1,desktop-control-plane,True,"{""desktop-control-plane"": true}"
2026-09-21T23:13:56.511Z,api-5b87c4c9d-9nxjl,133aacdc-d1ff-4b99-86ed-7f2739ce6e1e,api,Running,True,1,1,0,"{""api"": 0}","{""api"": ""running""}",5,1,1,desktop-control-plane,True,"{""desktop-control-plane"": true}"
2026-09-21T23:13:56.511Z,api-5b87c4c9d-jhqjk,e14fb1e4-7695-47ee-abee-3c85a59f77f9,api,Running,True,1,1,0,"{""api"": 0}","{""api"": ""running""}",5,1,1,desktop-control-plane,True,"{""desktop-control-plane"": true}"
2026-09-21T23:13:56.511Z,api-5b87c4c9d-mkgv6,8f965bb6-b46d-44fa-91e3-ff2129afd303,api,Running,True,1,1,0,"{""api"": 0}","{""api"": ""running""}",5,1,1,desktop-control-plane,True,"{""desktop-control-plane"": true}"
2026-09-21T23:13:56.511Z,api-5b87c4c9d-nfcrm,16a10e06-1c63-4416-be9b-df9e5b73aa2d,api,Running,True,1,1,0,"{""api"": 0}","{""api"": ""running""}",5,1,1,desktop-control-plane,True,"{""desktop-control-plane"": true}"
2026-09-21T23:13:56.511Z,api-5b87c4c9d-wvk6s,9f59e79d-d198-43c8-81d3-82f17fd2d63e,api,Running,True,1,1,0,"{""api"": 0}","{""api"": ""running""}",5,1,1,desktop-control-plane,True,"{""desktop-control-plane"": true}"
2026-09-21T23:13:56.511Z,gateway-856744bb66-hzcvr,cc510c63-0609-4870-b9ca-abd3e21ac480,gateway,Running,True,1,1,0,"{""gateway"": 0}","{""gateway"": ""running""}",5,1,1,desktop-control-plane,True,"{""desktop-control-plane"": true}"
2026-09-21T23:13:56.511Z,jaeger-7cc9b664cc-jt9fj,21942cdb-b601-447a-bf38-ba3b861fe91b,jaeger,Running,True,1,1,0,"{""jaeger"": 0}","{""jaeger"": ""running""}",5,1,1,desktop-control-plane,True,"{""desktop-control-plane"": true}"
2026-09-21T23:13:56.511Z,k6-c4-exploratory-001-jc9cq,821a057d-b145-4387-a65e-f0600cdac5fa,k6,Running,True,1,1,0,"{""k6"": 0}","{""k6"": ""running""}",5,1,1,desktop-control-plane,True,"{""desktop-control-plane"": true}"
2026-09-21T23:13:56.511Z,otel-collector-7c765745bf-q69jh,9ea6d084-d3d7-4c16-a0d5-9b1cc10530b3,otel-collector,Running,True,1,1,0,"{""otel-collector"": 0}","{""otel-collector"": ""running""}",5,1,1,desktop-control-plane,True,"{""desktop-control-plane"": true}"
2026-09-21T23:13:56.511Z,postgres-676cc4986c-65g8j,208c1990-5e96-493e-951b-3925c343082b,postgres,Running,True,1,1,0,"{""postgres"": 0}","{""postgres"": ""running""}",5,1,1,desktop-control-plane,True,"{""desktop-control-plane"": true}"
2026-09-21T23:13:56.511Z,prometheus-59f5cf7468-mtx8z,59cbbbaf-6dcc-47ec-97ed-1794e4b0c8e8,prometheus,Running,True,1,1,0,"{""prometheus"": 0}","{""prometheus"": ""running""}",5,1,1,desktop-control-plane,True,"{""desktop-control-plane"": true}"
2026-09-21T23:13:56.511Z,rabbitmq-5cdf8f76b7-bwghx,0ac06c65-14a9-4bd2-b5d4-7f2a22c1c4a6,rabbitmq,Running,True,1,1,0,"{""rabbitmq"": 0}","{""rabbitmq"": ""running""}",5,1,1,desktop-control-plane,True,"{""desktop-control-plane"": true}"
2026-09-21T23:13:56.511Z,worker-5b55666b44-rqchq,2dd0ad98-71ab-4a3b-b534-291680e82fe2,worker,Running,True,1,1,0,"{""worker"": 0}","{""worker"": ""running""}",5,1,1,desktop-control-plane,True,"{""desktop-control-plane"": true}"
2026-09-21T23:14:01.512Z,api-5b87c4c9d-9nxjl,133aacdc-d1ff-4b99-86ed-7f2739ce6e1e,api,Running,True,1,1,0,"{""api"": 0}","{""api"": ""running""}",5,1,1,desktop-control-plane,True,"{""desktop-control-plane"": true}"
2026-09-21T23:14:01.512Z,api-5b87c4c9d-jhqjk,e14fb1e4-7695-47ee-abee-3c85a59f77f9,api,Running,True,1,1,0,"{""api"": 0}","{""api"": ""running""}",5,1,1,desktop-control-plane,True,"{""desktop-control-plane"": true}"
2026-09-21T23:14:01.512Z,api-5b87c4c9d-mkgv6,8f965bb6-b46d-44fa-91e3-ff2129afd303,api,Running,True,1,1,0,"{""api"": 0}","{""api"": ""running""}",5,1,1,desktop-control-plane,True,"{""desktop-control-plane"": true}"
2026-09-21T23:14:01.512Z,api-5b87c4c9d-nfcrm,16a10e06-1c63-4416-be9b-df9e5b73aa2d,api,Running,True,1,1,0,"{""api"": 0}","{""api"": ""running""}",5,1,1,desktop-control-plane,True,"{""desktop-control-plane"": true}"
2026-09-21T23:14:01.512Z,api-5b87c4c9d-wvk6s,9f59e79d-d198-43c8-81d3-82f17fd2d63e,api,Running,True,1,1,0,"{""api"": 0}","{""api"": ""running""}",5,1,1,desktop-control-plane,True,"{""desktop-control-plane"": true}"
2026-09-21T23:14:01.512Z,gateway-856744bb66-hzcvr,cc510c63-0609-4870-b9ca-abd3e21ac480,gateway,Running,True,1,1,0,"{""gateway"": 0}","{""gateway"": ""running""}",5,1,1,desktop-control-plane,True,"{""desktop-control-plane"": true}"
2026-09-21T23:14:01.512Z,jaeger-7cc9b664cc-jt9fj,21942cdb-b601-447a-bf38-ba3b861fe91b,jaeger,Running,True,1,1,0,"{""jaeger"": 0}","{""jaeger"": ""running""}",5,1,1,desktop-control-plane,True,"{""desktop-control-plane"": true}"
2026-09-21T23:14:01.512Z,k6-c4-exploratory-001-jc9cq,821a057d-b145-4387-a65e-f0600cdac5fa,k6,Running,True,1,1,0,"{""k6"": 0}","{""k6"": ""running""}",5,1,1,desktop-control-plane,True,"{""desktop-control-plane"": true}"
2026-09-21T23:14:01.512Z,otel-collector-7c765745bf-q69jh,9ea6d084-d3d7-4c16-a0d5-9b1cc10530b3,otel-collector,Running,True,1,1,0,"{""otel-collector"": 0}","{""otel-collector"": ""running""}",5,1,1,desktop-control-plane,True,"{""desktop-control-plane"": true}"
2026-09-21T23:14:01.512Z,postgres-676cc4986c-65g8j,208c1990-5e96-493e-951b-3925c343082b,postgres,Running,True,1,1,0,"{""postgres"": 0}","{""postgres"": ""running""}",5,1,1,desktop-control-plane,True,"{""desktop-control-plane"": true}"
2026-09-21T23:14:01.512Z,prometheus-59f5cf7468-mtx8z,59cbbbaf-6dcc-47ec-97ed-1794e4b0c8e8,prometheus,Running,True,1,1,0,"{""prometheus"": 0}","{""prometheus"": ""running""}",5,1,1,desktop-control-plane,True,"{""desktop-control-plane"": true}"
2026-09-21T23:14:01.512Z,rabbitmq-5cdf8f76b7-bwghx,0ac06c65-14a9-4bd2-b5d4-7f2a22c1c4a6,rabbitmq,Running,True,1,1,0,"{""rabbitmq"": 0}","{""rabbitmq"": ""running""}",5,1,1,desktop-control-plane,True,"{""desktop-control-plane"": true}"
2026-09-21T23:14:01.512Z,worker-5b55666b44-rqchq,2dd0ad98-71ab-4a3b-b534-291680e82fe2,worker,Running,True,1,1,0,"{""worker"": 0}","{""worker"": ""running""}",5,1,1,desktop-control-plane,True,"{""desktop-control-plane"": true}"
2026-09-21T23:14:06.512Z,api-5b87c4c9d-9nxjl,133aacdc-d1ff-4b99-86ed-7f2739ce6e1e,api,Running,True,1,1,0,"{""api"": 0}","{""api"": ""running""}",5,1,1,desktop-control-plane,True,"{""desktop-control-plane"": true}"
2026-09-21T23:14:06.512Z,api-5b87c4c9d-jhqjk,e14fb1e4-7695-47ee-abee-3c85a59f77f9,api,Running,True,1,1,0,"{""api"": 0}","{""api"": ""running""}",5,1,1,desktop-control-plane,True,"{""desktop-control-plane"": true}"
2026-09-21T23:14:06.512Z,api-5b87c4c9d-mkgv6,8f965bb6-b46d-44fa-91e3-ff2129afd303,api,Running,True,1,1,0,"{""api"": 0}","{""api"": ""running""}",5,1,1,desktop-control-plane,True,"{""desktop-control-plane"": true}"
2026-09-21T23:14:06.512Z,api-5b87c4c9d-nfcrm,16a10e06-1c63-4416-be9b-df9e5b73aa2d,api,Running,True,1,1,0,"{""api"": 0}","{""api"": ""running""}",5,1,1,desktop-control-plane,True,"{""desktop-control-plane"": true}"
2026-09-21T23:14:06.512Z,api-5b87c4c9d-wvk6s,9f59e79d-d198-43c8-81d3-82f17fd2d63e,api,Running,True,1,1,0,"{""api"": 0}","{""api"": ""running""}",5,1,1,desktop-control-plane,True,"{""desktop-control-plane"": true}"
2026-09-21T23:14:06.512Z,gateway-856744bb66-hzcvr,cc510c63-0609-4870-b9ca-abd3e21ac480,gateway,Running,True,1,1,0,"{""gateway"": 0}","{""gateway"": ""running""}",5,1,1,desktop-control-plane,True,"{""desktop-control-plane"": true}"
2026-09-21T23:14:06.512Z,jaeger-7cc9b664cc-jt9fj,21942cdb-b601-447a-bf38-ba3b861fe91b,jaeger,Running,True,1,1,0,"{""jaeger"": 0}","{""jaeger"": ""running""}",5,1,1,desktop-control-plane,True,"{""desktop-control-plane"": true}"
2026-09-21T23:14:06.512Z,k6-c4-exploratory-001-jc9cq,821a057d-b145-4387-a65e-f0600cdac5fa,k6,Running,True,1,1,0,"{""k6"": 0}","{""k6"": ""running""}",5,1,1,desktop-control-plane,True,"{""desktop-control-plane"": true}"
2026-09-21T23:14:06.512Z,otel-collector-7c765745bf-q69jh,9ea6d084-d3d7-4c16-a0d5-9b1cc10530b3,otel-collector,Running,True,1,1,0,"{""otel-collector"": 0}","{""otel-collector"": ""running""}",5,1,1,desktop-control-plane,True,"{""desktop-control-plane"": true}"
2026-09-21T23:14:06.512Z,postgres-676cc4986c-65g8j,208c1990-5e96-493e-951b-3925c343082b,postgres,Running,True,1,1,0,"{""postgres"": 0}","{""postgres"": ""running""}",5,1,1,desktop-control-plane,True,"{""desktop-control-plane"": true}"
2026-09-21T23:14:06.512Z,prometheus-59f5cf7468-mtx8z,59cbbbaf-6dcc-47ec-97ed-1794e4b0c8e8,prometheus,Running,True,1,1,0,"{""prometheus"": 0}","{""prometheus"": ""running""}",5,1,1,desktop-control-plane,True,"{""desktop-control-plane"": true}"
2026-09-21T23:14:06.512Z,rabbitmq-5cdf8f76b7-bwghx,0ac06c65-14a9-4bd2-b5d4-7f2a22c1c4a6,rabbitmq,Running,True,1,1,0,"{""rabbitmq"": 0}","{""rabbitmq"": ""running""}",5,1,1,desktop-control-plane,True,"{""desktop-control-plane"": true}"
2026-09-21T23:14:06.512Z,worker-5b55666b44-rqchq,2dd0ad98-71ab-4a3b-b534-291680e82fe2,worker,Running,True,1,1,0,"{""worker"": 0}","{""worker"": ""running""}",5,1,1,desktop-control-plane,True,"{""desktop-control-plane"": true}"
2026-09-21T23:14:11.513Z,api-5b87c4c9d-9nxjl,133aacdc-d1ff-4b99-86ed-7f2739ce6e1e,api,Running,True,1,1,0,"{""api"": 0}","{""api"": ""running""}",5,1,1,desktop-control-plane,True,"{""desktop-control-plane"": true}"
2026-09-21T23:14:11.513Z,api-5b87c4c9d-jhqjk,e14fb1e4-7695-47ee-abee-3c85a59f77f9,api,Running,True,1,1,0,"{""api"": 0}","{""api"": ""running""}",5,1,1,desktop-control-plane,True,"{""desktop-control-plane"": true}"
2026-09-21T23:14:11.513Z,api-5b87c4c9d-mkgv6,8f965bb6-b46d-44fa-91e3-ff2129afd303,api,Running,True,1,1,0,"{""api"": 0}","{""api"": ""running""}",5,1,1,desktop-control-plane,True,"{""desktop-control-plane"": true}"
2026-09-21T23:14:11.513Z,api-5b87c4c9d-nfcrm,16a10e06-1c63-4416-be9b-df9e5b73aa2d,api,Running,True,1,1,0,"{""api"": 0}","{""api"": ""running""}",5,1,1,desktop-control-plane,True,"{""desktop-control-plane"": true}"
2026-09-21T23:14:11.513Z,api-5b87c4c9d-wvk6s,9f59e79d-d198-43c8-81d3-82f17fd2d63e,api,Running,True,1,1,0,"{""api"": 0}","{""api"": ""running""}",5,1,1,desktop-control-plane,True,"{""desktop-control-plane"": true}"
2026-09-21T23:14:11.513Z,gateway-856744bb66-hzcvr,cc510c63-0609-4870-b9ca-abd3e21ac480,gateway,Running,True,1,1,0,"{""gateway"": 0}","{""gateway"": ""running""}",5,1,1,desktop-control-plane,True,"{""desktop-control-plane"": true}"
2026-09-21T23:14:11.513Z,jaeger-7cc9b664cc-jt9fj,21942cdb-b601-447a-bf38-ba3b861fe91b,jaeger,Running,True,1,1,0,"{""jaeger"": 0}","{""jaeger"": ""running""}",5,1,1,desktop-control-plane,True,"{""desktop-control-plane"": true}"
2026-09-21T23:14:11.513Z,k6-c4-exploratory-001-jc9cq,821a057d-b145-4387-a65e-f0600cdac5fa,k6,Running,True,1,1,0,"{""k6"": 0}","{""k6"": ""running""}",5,1,1,desktop-control-plane,True,"{""desktop-control-plane"": true}"
2026-09-21T23:14:11.513Z,otel-collector-7c765745bf-q69jh,9ea6d084-d3d7-4c16-a0d5-9b1cc10530b3,otel-collector,Running,True,1,1,0,"{""otel-collector"": 0}","{""otel-collector"": ""running""}",5,1,1,desktop-control-plane,True,"{""desktop-control-plane"": true}"
2026-09-21T23:14:11.513Z,postgres-676cc4986c-65g8j,208c1990-5e96-493e-951b-3925c343082b,postgres,Running,True,1,1,0,"{""postgres"": 0}","{""postgres"": ""running""}",5,1,1,desktop-control-plane,True,"{""desktop-control-plane"": true}"
2026-09-21T23:14:11.513Z,prometheus-59f5cf7468-mtx8z,59cbbbaf-6dcc-47ec-97ed-1794e4b0c8e8,prometheus,Running,True,1,1,0,"{""prometheus"": 0}","{""prometheus"": ""running""}",5,1,1,desktop-control-plane,True,"{""desktop-control-plane"": true}"
2026-09-21T23:14:11.513Z,rabbitmq-5cdf8f76b7-bwghx,0ac06c65-14a9-4bd2-b5d4-7f2a22c1c4a6,rabbitmq,Running,True,1,1,0,"{""rabbitmq"": 0}","{""rabbitmq"": ""running""}",5,1,1,desktop-control-plane,True,"{""desktop-control-plane"": true}"
2026-09-21T23:14:11.513Z,worker-5b55666b44-rqchq,2dd0ad98-71ab-4a3b-b534-291680e82fe2,worker,Running,True,1,1,0,"{""worker"": 0}","{""worker"": ""running""}",5,1,1,desktop-control-plane,True,"{""desktop-control-plane"": true}"
2026-09-21T23:14:16.513Z,api-5b87c4c9d-9nxjl,133aacdc-d1ff-4b99-86ed-7f2739ce6e1e,api,Running,True,1,1,0,"{""api"": 0}","{""api"": ""running""}",5,1,1,desktop-control-plane,True,"{""desktop-control-plane"": true}"
2026-09-21T23:14:16.513Z,api-5b87c4c9d-jhqjk,e14fb1e4-7695-47ee-abee-3c85a59f77f9,api,Running,True,1,1,0,"{""api"": 0}","{""api"": ""running""}",5,1,1,desktop-control-plane,True,"{""desktop-control-plane"": true}"
2026-09-21T23:14:16.513Z,api-5b87c4c9d-mkgv6,8f965bb6-b46d-44fa-91e3-ff2129afd303,api,Running,True,1,1,0,"{""api"": 0}","{""api"": ""running""}",5,1,1,desktop-control-plane,True,"{""desktop-control-plane"": true}"
2026-09-21T23:14:16.513Z,api-5b87c4c9d-nfcrm,16a10e06-1c63-4416-be9b-df9e5b73aa2d,api,Running,True,1,1,0,"{""api"": 0}","{""api"": ""running""}",5,1,1,desktop-control-plane,True,"{""desktop-control-plane"": true}"
2026-09-21T23:14:16.513Z,api-5b87c4c9d-wvk6s,9f59e79d-d198-43c8-81d3-82f17fd2d63e,api,Running,True,1,1,0,"{""api"": 0}","{""api"": ""running""}",5,1,1,desktop-control-plane,True,"{""desktop-control-plane"": true}"
2026-09-21T23:14:16.513Z,gateway-856744bb66-hzcvr,cc510c63-0609-4870-b9ca-abd3e21ac480,gateway,Running,True,1,1,0,"{""gateway"": 0}","{""gateway"": ""running""}",5,1,1,desktop-control-plane,True,"{""desktop-control-plane"": true}"
2026-09-21T23:14:16.513Z,jaeger-7cc9b664cc-jt9fj,21942cdb-b601-447a-bf38-ba3b861fe91b,jaeger,Running,True,1,1,0,"{""jaeger"": 0}","{""jaeger"": ""running""}",5,1,1,desktop-control-plane,True,"{""desktop-control-plane"": true}"
2026-09-21T23:14:16.513Z,k6-c4-exploratory-001-jc9cq,821a057d-b145-4387-a65e-f0600cdac5fa,k6,Running,True,1,1,0,"{""k6"": 0}","{""k6"": ""running""}",5,1,1,desktop-control-plane,True,"{""desktop-control-plane"": true}"
2026-09-21T23:14:16.513Z,otel-collector-7c765745bf-q69jh,9ea6d084-d3d7-4c16-a0d5-9b1cc10530b3,otel-collector,Running,True,1,1,0,"{""otel-collector"": 0}","{""otel-collector"": ""running""}",5,1,1,desktop-control-plane,True,"{""desktop-control-plane"": true}"
2026-09-21T23:14:16.513Z,postgres-676cc4986c-65g8j,208c1990-5e96-493e-951b-3925c343082b,postgres,Running,True,1,1,0,"{""postgres"": 0}","{""postgres"": ""running""}",5,1,1,desktop-control-plane,True,"{""desktop-control-plane"": true}"
2026-09-21T23:14:16.513Z,prometheus-59f5cf7468-mtx8z,59cbbbaf-6dcc-47ec-97ed-1794e4b0c8e8,prometheus,Running,True,1,1,0,"{""prometheus"": 0}","{""prometheus"": ""running""}",5,1,1,desktop-control-plane,True,"{""desktop-control-plane"": true}"
2026-09-21T23:14:16.513Z,rabbitmq-5cdf8f76b7-bwghx,0ac06c65-14a9-4bd2-b5d4-7f2a22c1c4a6,rabbitmq,Running,True,1,1,0,"{""rabbitmq"": 0}","{""rabbitmq"": ""running""}",5,1,1,desktop-control-plane,True,"{""desktop-control-plane"": true}"
2026-09-21T23:14:16.513Z,worker-5b55666b44-rqchq,2dd0ad98-71ab-4a3b-b534-291680e82fe2,worker,Running,True,1,1,0,"{""worker"": 0}","{""worker"": ""running""}",5,1,1,desktop-control-plane,True,"{""desktop-control-plane"": true}"
2026-09-21T23:14:21.513Z,api-5b87c4c9d-9nxjl,133aacdc-d1ff-4b99-86ed-7f2739ce6e1e,api,Running,True,1,1,0,"{""api"": 0}","{""api"": ""running""}",5,1,1,desktop-control-plane,True,"{""desktop-control-plane"": true}"
2026-09-21T23:14:21.513Z,api-5b87c4c9d-jhqjk,e14fb1e4-7695-47ee-abee-3c85a59f77f9,api,Running,True,1,1,0,"{""api"": 0}","{""api"": ""running""}",5,1,1,desktop-control-plane,True,"{""desktop-control-plane"": true}"
2026-09-21T23:14:21.513Z,api-5b87c4c9d-mkgv6,8f965bb6-b46d-44fa-91e3-ff2129afd303,api,Running,True,1,1,0,"{""api"": 0}","{""api"": ""running""}",5,1,1,desktop-control-plane,True,"{""desktop-control-plane"": true}"
2026-09-21T23:14:21.513Z,api-5b87c4c9d-nfcrm,16a10e06-1c63-4416-be9b-df9e5b73aa2d,api,Running,True,1,1,0,"{""api"": 0}","{""api"": ""running""}",5,1,1,desktop-control-plane,True,"{""desktop-control-plane"": true}"
2026-09-21T23:14:21.513Z,api-5b87c4c9d-wvk6s,9f59e79d-d198-43c8-81d3-82f17fd2d63e,api,Running,True,1,1,0,"{""api"": 0}","{""api"": ""running""}",5,1,1,desktop-control-plane,True,"{""desktop-control-plane"": true}"
2026-09-21T23:14:21.513Z,gateway-856744bb66-hzcvr,cc510c63-0609-4870-b9ca-abd3e21ac480,gateway,Running,True,1,1,0,"{""gateway"": 0}","{""gateway"": ""running""}",5,1,1,desktop-control-plane,True,"{""desktop-control-plane"": true}"
2026-09-21T23:14:21.513Z,jaeger-7cc9b664cc-jt9fj,21942cdb-b601-447a-bf38-ba3b861fe91b,jaeger,Running,True,1,1,0,"{""jaeger"": 0}","{""jaeger"": ""running""}",5,1,1,desktop-control-plane,True,"{""desktop-control-plane"": true}"
2026-09-21T23:14:21.513Z,k6-c4-exploratory-001-jc9cq,821a057d-b145-4387-a65e-f0600cdac5fa,k6,Running,True,1,1,0,"{""k6"": 0}","{""k6"": ""running""}",5,1,1,desktop-control-plane,True,"{""desktop-control-plane"": true}"
2026-09-21T23:14:21.513Z,otel-collector-7c765745bf-q69jh,9ea6d084-d3d7-4c16-a0d5-9b1cc10530b3,otel-collector,Running,True,1,1,0,"{""otel-collector"": 0}","{""otel-collector"": ""running""}",5,1,1,desktop-control-plane,True,"{""desktop-control-plane"": true}"
2026-09-21T23:14:21.513Z,postgres-676cc4986c-65g8j,208c1990-5e96-493e-951b-3925c343082b,postgres,Running,True,1,1,0,"{""postgres"": 0}","{""postgres"": ""running""}",5,1,1,desktop-control-plane,True,"{""desktop-control-plane"": true}"
2026-09-21T23:14:21.513Z,prometheus-59f5cf7468-mtx8z,59cbbbaf-6dcc-47ec-97ed-1794e4b0c8e8,prometheus,Running,True,1,1,0,"{""prometheus"": 0}","{""prometheus"": ""running""}",5,1,1,desktop-control-plane,True,"{""desktop-control-plane"": true}"
2026-09-21T23:14:21.513Z,rabbitmq-5cdf8f76b7-bwghx,0ac06c65-14a9-4bd2-b5d4-7f2a22c1c4a6,rabbitmq,Running,True,1,1,0,"{""rabbitmq"": 0}","{""rabbitmq"": ""running""}",5,1,1,desktop-control-plane,True,"{""desktop-control-plane"": true}"
2026-09-21T23:14:21.513Z,worker-5b55666b44-rqchq,2dd0ad98-71ab-4a3b-b534-291680e82fe2,worker,Running,True,1,1,0,"{""worker"": 0}","{""worker"": ""running""}",5,1,1,desktop-control-plane,True,"{""desktop-control-plane"": true}"
2026-09-21T23:14:26.514Z,api-5b87c4c9d-9nxjl,133aacdc-d1ff-4b99-86ed-7f2739ce6e1e,api,Running,True,1,1,0,"{""api"": 0}","{""api"": ""running""}",5,1,1,desktop-control-plane,True,"{""desktop-control-plane"": true}"
2026-09-21T23:14:26.514Z,api-5b87c4c9d-jhqjk,e14fb1e4-7695-47ee-abee-3c85a59f77f9,api,Running,True,1,1,0,"{""api"": 0}","{""api"": ""running""}",5,1,1,desktop-control-plane,True,"{""desktop-control-plane"": true}"
2026-09-21T23:14:26.514Z,api-5b87c4c9d-mkgv6,8f965bb6-b46d-44fa-91e3-ff2129afd303,api,Running,True,1,1,0,"{""api"": 0}","{""api"": ""running""}",5,1,1,desktop-control-plane,True,"{""desktop-control-plane"": true}"
2026-09-21T23:14:26.514Z,api-5b87c4c9d-nfcrm,16a10e06-1c63-4416-be9b-df9e5b73aa2d,api,Running,True,1,1,0,"{""api"": 0}","{""api"": ""running""}",5,1,1,desktop-control-plane,True,"{""desktop-control-plane"": true}"
2026-09-21T23:14:26.514Z,api-5b87c4c9d-wvk6s,9f59e79d-d198-43c8-81d3-82f17fd2d63e,api,Running,True,1,1,0,"{""api"": 0}","{""api"": ""running""}",5,1,1,desktop-control-plane,True,"{""desktop-control-plane"": true}"
2026-09-21T23:14:26.514Z,gateway-856744bb66-hzcvr,cc510c63-0609-4870-b9ca-abd3e21ac480,gateway,Running,True,1,1,0,"{""gateway"": 0}","{""gateway"": ""running""}",5,1,1,desktop-control-plane,True,"{""desktop-control-plane"": true}"
2026-09-21T23:14:26.514Z,jaeger-7cc9b664cc-jt9fj,21942cdb-b601-447a-bf38-ba3b861fe91b,jaeger,Running,True,1,1,0,"{""jaeger"": 0}","{""jaeger"": ""running""}",5,1,1,desktop-control-plane,True,"{""desktop-control-plane"": true}"
2026-09-21T23:14:26.514Z,otel-collector-7c765745bf-q69jh,9ea6d084-d3d7-4c16-a0d5-9b1cc10530b3,otel-collector,Running,True,1,1,0,"{""otel-collector"": 0}","{""otel-collector"": ""running""}",5,1,1,desktop-control-plane,True,"{""desktop-control-plane"": true}"
2026-09-21T23:14:26.514Z,postgres-676cc4986c-65g8j,208c1990-5e96-493e-951b-3925c343082b,postgres,Running,True,1,1,0,"{""postgres"": 0}","{""postgres"": ""running""}",5,1,1,desktop-control-plane,True,"{""desktop-control-plane"": true}"
2026-09-21T23:14:26.514Z,prometheus-59f5cf7468-mtx8z,59cbbbaf-6dcc-47ec-97ed-1794e4b0c8e8,prometheus,Running,True,1,1,0,"{""prometheus"": 0}","{""prometheus"": ""running""}",5,1,1,desktop-control-plane,True,"{""desktop-control-plane"": true}"
2026-09-21T23:14:26.514Z,rabbitmq-5cdf8f76b7-bwghx,0ac06c65-14a9-4bd2-b5d4-7f2a22c1c4a6,rabbitmq,Running,True,1,1,0,"{""rabbitmq"": 0}","{""rabbitmq"": ""running""}",5,1,1,desktop-control-plane,True,"{""desktop-control-plane"": true}"
2026-09-21T23:14:26.514Z,worker-5b55666b44-rqchq,2dd0ad98-71ab-4a3b-b534-291680e82fe2,worker,Running,True,1,1,0,"{""worker"": 0}","{""worker"": ""running""}",5,1,1,desktop-control-plane,True,"{""desktop-control-plane"": true}"
2026-09-21T23:14:31.514Z,api-5b87c4c9d-9nxjl,133aacdc-d1ff-4b99-86ed-7f2739ce6e1e,api,Running,True,1,1,0,"{""api"": 0}","{""api"": ""running""}",5,1,1,desktop-control-plane,True,"{""desktop-control-plane"": true}"
2026-09-21T23:14:31.514Z,api-5b87c4c9d-jhqjk,e14fb1e4-7695-47ee-abee-3c85a59f77f9,api,Running,True,1,1,0,"{""api"": 0}","{""api"": ""running""}",5,1,1,desktop-control-plane,True,"{""desktop-control-plane"": true}"
2026-09-21T23:14:31.514Z,api-5b87c4c9d-mkgv6,8f965bb6-b46d-44fa-91e3-ff2129afd303,api,Running,True,1,1,0,"{""api"": 0}","{""api"": ""running""}",5,1,1,desktop-control-plane,True,"{""desktop-control-plane"": true}"
2026-09-21T23:14:31.514Z,api-5b87c4c9d-nfcrm,16a10e06-1c63-4416-be9b-df9e5b73aa2d,api,Running,True,1,1,0,"{""api"": 0}","{""api"": ""running""}",5,1,1,desktop-control-plane,True,"{""desktop-control-plane"": true}"
2026-09-21T23:14:31.514Z,api-5b87c4c9d-wvk6s,9f59e79d-d198-43c8-81d3-82f17fd2d63e,api,Running,True,1,1,0,"{""api"": 0}","{""api"": ""running""}",5,1,1,desktop-control-plane,True,"{""desktop-control-plane"": true}"
2026-09-21T23:14:31.514Z,gateway-856744bb66-hzcvr,cc510c63-0609-4870-b9ca-abd3e21ac480,gateway,Running,True,1,1,0,"{""gateway"": 0}","{""gateway"": ""running""}",5,1,1,desktop-control-plane,True,"{""desktop-control-plane"": true}"
2026-09-21T23:14:31.514Z,jaeger-7cc9b664cc-jt9fj,21942cdb-b601-447a-bf38-ba3b861fe91b,jaeger,Running,True,1,1,0,"{""jaeger"": 0}","{""jaeger"": ""running""}",5,1,1,desktop-control-plane,True,"{""desktop-control-plane"": true}"
2026-09-21T23:14:31.514Z,otel-collector-7c765745bf-q69jh,9ea6d084-d3d7-4c16-a0d5-9b1cc10530b3,otel-collector,Running,True,1,1,0,"{""otel-collector"": 0}","{""otel-collector"": ""running""}",5,1,1,desktop-control-plane,True,"{""desktop-control-plane"": true}"
2026-09-21T23:14:31.514Z,postgres-676cc4986c-65g8j,208c1990-5e96-493e-951b-3925c343082b,postgres,Running,True,1,1,0,"{""postgres"": 0}","{""postgres"": ""running""}",5,1,1,desktop-control-plane,True,"{""desktop-control-plane"": true}"
2026-09-21T23:14:31.514Z,prometheus-59f5cf7468-mtx8z,59cbbbaf-6dcc-47ec-97ed-1794e4b0c8e8,prometheus,Running,True,1,1,0,"{""prometheus"": 0}","{""prometheus"": ""running""}",5,1,1,desktop-control-plane,True,"{""desktop-control-plane"": true}"
2026-09-21T23:14:31.514Z,rabbitmq-5cdf8f76b7-bwghx,0ac06c65-14a9-4bd2-b5d4-7f2a22c1c4a6,rabbitmq,Running,True,1,1,0,"{""rabbitmq"": 0}","{""rabbitmq"": ""running""}",5,1,1,desktop-control-plane,True,"{""desktop-control-plane"": true}"
2026-09-21T23:14:31.514Z,worker-5b55666b44-rqchq,2dd0ad98-71ab-4a3b-b534-291680e82fe2,worker,Running,True,1,1,0,"{""worker"": 0}","{""worker"": ""running""}",5,1,1,desktop-control-plane,True,"{""desktop-control-plane"": true}"
2026-09-21T23:14:36.515Z,api-5b87c4c9d-9nxjl,133aacdc-d1ff-4b99-86ed-7f2739ce6e1e,api,Running,True,1,1,0,"{""api"": 0}","{""api"": ""running""}",5,1,1,desktop-control-plane,True,"{""desktop-control-plane"": true}"
2026-09-21T23:14:36.515Z,api-5b87c4c9d-jhqjk,e14fb1e4-7695-47ee-abee-3c85a59f77f9,api,Running,True,1,1,0,"{""api"": 0}","{""api"": ""running""}",5,1,1,desktop-control-plane,True,"{""desktop-control-plane"": true}"
2026-09-21T23:14:36.515Z,api-5b87c4c9d-mkgv6,8f965bb6-b46d-44fa-91e3-ff2129afd303,api,Running,True,1,1,0,"{""api"": 0}","{""api"": ""running""}",5,1,1,desktop-control-plane,True,"{""desktop-control-plane"": true}"
2026-09-21T23:14:36.515Z,api-5b87c4c9d-nfcrm,16a10e06-1c63-4416-be9b-df9e5b73aa2d,api,Running,True,1,1,0,"{""api"": 0}","{""api"": ""running""}",5,1,1,desktop-control-plane,True,"{""desktop-control-plane"": true}"
2026-09-21T23:14:36.515Z,api-5b87c4c9d-wvk6s,9f59e79d-d198-43c8-81d3-82f17fd2d63e,api,Running,True,1,1,0,"{""api"": 0}","{""api"": ""running""}",5,1,1,desktop-control-plane,True,"{""desktop-control-plane"": true}"
2026-09-21T23:14:36.515Z,gateway-856744bb66-hzcvr,cc510c63-0609-4870-b9ca-abd3e21ac480,gateway,Running,True,1,1,0,"{""gateway"": 0}","{""gateway"": ""running""}",5,1,1,desktop-control-plane,True,"{""desktop-control-plane"": true}"
2026-09-21T23:14:36.515Z,jaeger-7cc9b664cc-jt9fj,21942cdb-b601-447a-bf38-ba3b861fe91b,jaeger,Running,True,1,1,0,"{""jaeger"": 0}","{""jaeger"": ""running""}",5,1,1,desktop-control-plane,True,"{""desktop-control-plane"": true}"
2026-09-21T23:14:36.515Z,otel-collector-7c765745bf-q69jh,9ea6d084-d3d7-4c16-a0d5-9b1cc10530b3,otel-collector,Running,True,1,1,0,"{""otel-collector"": 0}","{""otel-collector"": ""running""}",5,1,1,desktop-control-plane,True,"{""desktop-control-plane"": true}"
2026-09-21T23:14:36.515Z,postgres-676cc4986c-65g8j,208c1990-5e96-493e-951b-3925c343082b,postgres,Running,True,1,1,0,"{""postgres"": 0}","{""postgres"": ""running""}",5,1,1,desktop-control-plane,True,"{""desktop-control-plane"": true}"
2026-09-21T23:14:36.515Z,prometheus-59f5cf7468-mtx8z,59cbbbaf-6dcc-47ec-97ed-1794e4b0c8e8,prometheus,Running,True,1,1,0,"{""prometheus"": 0}","{""prometheus"": ""running""}",5,1,1,desktop-control-plane,True,"{""desktop-control-plane"": true}"
2026-09-21T23:14:36.515Z,rabbitmq-5cdf8f76b7-bwghx,0ac06c65-14a9-4bd2-b5d4-7f2a22c1c4a6,rabbitmq,Running,False,0,1,1,"{""rabbitmq"": 1}","{""rabbitmq"": ""running""}",5,1,1,desktop-control-plane,True,"{""desktop-control-plane"": true}"
2026-09-21T23:14:36.515Z,worker-5b55666b44-rqchq,2dd0ad98-71ab-4a3b-b534-291680e82fe2,worker,Running,True,1,1,1,"{""worker"": 1}","{""worker"": ""running""}",5,1,1,desktop-control-plane,True,"{""desktop-control-plane"": true}"
2026-09-21T23:14:41.515Z,api-5b87c4c9d-9nxjl,133aacdc-d1ff-4b99-86ed-7f2739ce6e1e,api,Running,True,1,1,0,"{""api"": 0}","{""api"": ""running""}",5,1,1,desktop-control-plane,True,"{""desktop-control-plane"": true}"
2026-09-21T23:14:41.515Z,api-5b87c4c9d-jhqjk,e14fb1e4-7695-47ee-abee-3c85a59f77f9,api,Running,True,1,1,0,"{""api"": 0}","{""api"": ""running""}",5,1,1,desktop-control-plane,True,"{""desktop-control-plane"": true}"
2026-09-21T23:14:41.515Z,api-5b87c4c9d-mkgv6,8f965bb6-b46d-44fa-91e3-ff2129afd303,api,Running,True,1,1,0,"{""api"": 0}","{""api"": ""running""}",5,1,1,desktop-control-plane,True,"{""desktop-control-plane"": true}"
2026-09-21T23:14:41.515Z,api-5b87c4c9d-nfcrm,16a10e06-1c63-4416-be9b-df9e5b73aa2d,api,Running,True,1,1,0,"{""api"": 0}","{""api"": ""running""}",5,1,1,desktop-control-plane,True,"{""desktop-control-plane"": true}"
2026-09-21T23:14:41.515Z,api-5b87c4c9d-wvk6s,9f59e79d-d198-43c8-81d3-82f17fd2d63e,api,Running,True,1,1,0,"{""api"": 0}","{""api"": ""running""}",5,1,1,desktop-control-plane,True,"{""desktop-control-plane"": true}"
2026-09-21T23:14:41.515Z,gateway-856744bb66-hzcvr,cc510c63-0609-4870-b9ca-abd3e21ac480,gateway,Running,True,1,1,0,"{""gateway"": 0}","{""gateway"": ""running""}",5,1,1,desktop-control-plane,True,"{""desktop-control-plane"": true}"
2026-09-21T23:14:41.515Z,jaeger-7cc9b664cc-jt9fj,21942cdb-b601-447a-bf38-ba3b861fe91b,jaeger,Running,True,1,1,0,"{""jaeger"": 0}","{""jaeger"": ""running""}",5,1,1,desktop-control-plane,True,"{""desktop-control-plane"": true}"
2026-09-21T23:14:41.515Z,otel-collector-7c765745bf-q69jh,9ea6d084-d3d7-4c16-a0d5-9b1cc10530b3,otel-collector,Running,True,1,1,0,"{""otel-collector"": 0}","{""otel-collector"": ""running""}",5,1,1,desktop-control-plane,True,"{""desktop-control-plane"": true}"
2026-09-21T23:14:41.515Z,postgres-676cc4986c-65g8j,208c1990-5e96-493e-951b-3925c343082b,postgres,Running,True,1,1,0,"{""postgres"": 0}","{""postgres"": ""running""}",5,1,1,desktop-control-plane,True,"{""desktop-control-plane"": true}"
2026-09-21T23:14:41.515Z,prometheus-59f5cf7468-mtx8z,59cbbbaf-6dcc-47ec-97ed-1794e4b0c8e8,prometheus,Running,True,1,1,0,"{""prometheus"": 0}","{""prometheus"": ""running""}",5,1,1,desktop-control-plane,True,"{""desktop-control-plane"": true}"
2026-09-21T23:14:41.515Z,rabbitmq-5cdf8f76b7-bwghx,0ac06c65-14a9-4bd2-b5d4-7f2a22c1c4a6,rabbitmq,Running,False,0,1,1,"{""rabbitmq"": 1}","{""rabbitmq"": ""running""}",5,1,1,desktop-control-plane,True,"{""desktop-control-plane"": true}"
2026-09-21T23:14:41.515Z,worker-5b55666b44-rqchq,2dd0ad98-71ab-4a3b-b534-291680e82fe2,worker,Running,True,1,1,1,"{""worker"": 1}","{""worker"": ""running""}",5,1,1,desktop-control-plane,True,"{""desktop-control-plane"": true}"
2026-09-21T23:14:46.515Z,api-5b87c4c9d-9nxjl,133aacdc-d1ff-4b99-86ed-7f2739ce6e1e,api,Running,True,1,1,0,"{""api"": 0}","{""api"": ""running""}",5,1,1,desktop-control-plane,True,"{""desktop-control-plane"": true}"
2026-09-21T23:14:46.515Z,api-5b87c4c9d-jhqjk,e14fb1e4-7695-47ee-abee-3c85a59f77f9,api,Running,True,1,1,0,"{""api"": 0}","{""api"": ""running""}",5,1,1,desktop-control-plane,True,"{""desktop-control-plane"": true}"
2026-09-21T23:14:46.515Z,api-5b87c4c9d-mkgv6,8f965bb6-b46d-44fa-91e3-ff2129afd303,api,Running,True,1,1,0,"{""api"": 0}","{""api"": ""running""}",5,1,1,desktop-control-plane,True,"{""desktop-control-plane"": true}"
2026-09-21T23:14:46.515Z,api-5b87c4c9d-nfcrm,16a10e06-1c63-4416-be9b-df9e5b73aa2d,api,Running,True,1,1,0,"{""api"": 0}","{""api"": ""running""}",5,1,1,desktop-control-plane,True,"{""desktop-control-plane"": true}"
2026-09-21T23:14:46.515Z,api-5b87c4c9d-wvk6s,9f59e79d-d198-43c8-81d3-82f17fd2d63e,api,Running,True,1,1,0,"{""api"": 0}","{""api"": ""running""}",5,1,1,desktop-control-plane,True,"{""desktop-control-plane"": true}"
2026-09-21T23:14:46.515Z,gateway-856744bb66-hzcvr,cc510c63-0609-4870-b9ca-abd3e21ac480,gateway,Running,True,1,1,0,"{""gateway"": 0}","{""gateway"": ""running""}",5,1,1,desktop-control-plane,True,"{""desktop-control-plane"": true}"
2026-09-21T23:14:46.515Z,jaeger-7cc9b664cc-jt9fj,21942cdb-b601-447a-bf38-ba3b861fe91b,jaeger,Running,True,1,1,0,"{""jaeger"": 0}","{""jaeger"": ""running""}",5,1,1,desktop-control-plane,True,"{""desktop-control-plane"": true}"
2026-09-21T23:14:46.515Z,otel-collector-7c765745bf-q69jh,9ea6d084-d3d7-4c16-a0d5-9b1cc10530b3,otel-collector,Running,True,1,1,0,"{""otel-collector"": 0}","{""otel-collector"": ""running""}",5,1,1,desktop-control-plane,True,"{""desktop-control-plane"": true}"
2026-09-21T23:14:46.515Z,postgres-676cc4986c-65g8j,208c1990-5e96-493e-951b-3925c343082b,postgres,Running,True,1,1,0,"{""postgres"": 0}","{""postgres"": ""running""}",5,1,1,desktop-control-plane,True,"{""desktop-control-plane"": true}"
2026-09-21T23:14:46.515Z,prometheus-59f5cf7468-mtx8z,59cbbbaf-6dcc-47ec-97ed-1794e4b0c8e8,prometheus,Running,True,1,1,0,"{""prometheus"": 0}","{""prometheus"": ""running""}",5,1,1,desktop-control-plane,True,"{""desktop-control-plane"": true}"
2026-09-21T23:14:46.515Z,rabbitmq-5cdf8f76b7-bwghx,0ac06c65-14a9-4bd2-b5d4-7f2a22c1c4a6,rabbitmq,Running,False,0,1,1,"{""rabbitmq"": 1}","{""rabbitmq"": ""running""}",5,1,1,desktop-control-plane,True,"{""desktop-control-plane"": true}"
2026-09-21T23:14:46.515Z,worker-5b55666b44-rqchq,2dd0ad98-71ab-4a3b-b534-291680e82fe2,worker,Running,True,1,1,1,"{""worker"": 1}","{""worker"": ""running""}",5,1,1,desktop-control-plane,True,"{""desktop-control-plane"": true}"
2026-09-21T23:14:51.516Z,api-5b87c4c9d-9nxjl,133aacdc-d1ff-4b99-86ed-7f2739ce6e1e,api,Running,True,1,1,0,"{""api"": 0}","{""api"": ""running""}",5,1,1,desktop-control-plane,True,"{""desktop-control-plane"": true}"
2026-09-21T23:14:51.516Z,api-5b87c4c9d-jhqjk,e14fb1e4-7695-47ee-abee-3c85a59f77f9,api,Running,True,1,1,0,"{""api"": 0}","{""api"": ""running""}",5,1,1,desktop-control-plane,True,"{""desktop-control-plane"": true}"
2026-09-21T23:14:51.516Z,api-5b87c4c9d-mkgv6,8f965bb6-b46d-44fa-91e3-ff2129afd303,api,Running,True,1,1,0,"{""api"": 0}","{""api"": ""running""}",5,1,1,desktop-control-plane,True,"{""desktop-control-plane"": true}"
2026-09-21T23:14:51.516Z,api-5b87c4c9d-nfcrm,16a10e06-1c63-4416-be9b-df9e5b73aa2d,api,Running,True,1,1,0,"{""api"": 0}","{""api"": ""running""}",5,1,1,desktop-control-plane,True,"{""desktop-control-plane"": true}"
2026-09-21T23:14:51.516Z,api-5b87c4c9d-wvk6s,9f59e79d-d198-43c8-81d3-82f17fd2d63e,api,Running,True,1,1,0,"{""api"": 0}","{""api"": ""running""}",5,1,1,desktop-control-plane,True,"{""desktop-control-plane"": true}"
2026-09-21T23:14:51.516Z,gateway-856744bb66-hzcvr,cc510c63-0609-4870-b9ca-abd3e21ac480,gateway,Running,True,1,1,0,"{""gateway"": 0}","{""gateway"": ""running""}",5,1,1,desktop-control-plane,True,"{""desktop-control-plane"": true}"
2026-09-21T23:14:51.516Z,jaeger-7cc9b664cc-jt9fj,21942cdb-b601-447a-bf38-ba3b861fe91b,jaeger,Running,True,1,1,0,"{""jaeger"": 0}","{""jaeger"": ""running""}",5,1,1,desktop-control-plane,True,"{""desktop-control-plane"": true}"
2026-09-21T23:14:51.516Z,otel-collector-7c765745bf-q69jh,9ea6d084-d3d7-4c16-a0d5-9b1cc10530b3,otel-collector,Running,True,1,1,0,"{""otel-collector"": 0}","{""otel-collector"": ""running""}",5,1,1,desktop-control-plane,True,"{""desktop-control-plane"": true}"
2026-09-21T23:14:51.516Z,postgres-676cc4986c-65g8j,208c1990-5e96-493e-951b-3925c343082b,postgres,Running,True,1,1,0,"{""postgres"": 0}","{""postgres"": ""running""}",5,1,1,desktop-control-plane,True,"{""desktop-control-plane"": true}"
2026-09-21T23:14:51.516Z,prometheus-59f5cf7468-mtx8z,59cbbbaf-6dcc-47ec-97ed-1794e4b0c8e8,prometheus,Running,True,1,1,0,"{""prometheus"": 0}","{""prometheus"": ""running""}",5,1,1,desktop-control-plane,True,"{""desktop-control-plane"": true}"
2026-09-21T23:14:51.516Z,rabbitmq-5cdf8f76b7-bwghx,0ac06c65-14a9-4bd2-b5d4-7f2a22c1c4a6,rabbitmq,Running,False,0,1,1,"{""rabbitmq"": 1}","{""rabbitmq"": ""running""}",5,1,1,desktop-control-plane,True,"{""desktop-control-plane"": true}"
2026-09-21T23:14:51.516Z,worker-5b55666b44-rqchq,2dd0ad98-71ab-4a3b-b534-291680e82fe2,worker,Running,True,1,1,1,"{""worker"": 1}","{""worker"": ""running""}",5,1,1,desktop-control-plane,True,"{""desktop-control-plane"": true}"
2026-09-21T23:14:56.516Z,api-5b87c4c9d-9nxjl,133aacdc-d1ff-4b99-86ed-7f2739ce6e1e,api,Running,True,1,1,0,"{""api"": 0}","{""api"": ""running""}",5,1,1,desktop-control-plane,True,"{""desktop-control-plane"": true}"
2026-09-21T23:14:56.516Z,api-5b87c4c9d-jhqjk,e14fb1e4-7695-47ee-abee-3c85a59f77f9,api,Running,True,1,1,0,"{""api"": 0}","{""api"": ""running""}",5,1,1,desktop-control-plane,True,"{""desktop-control-plane"": true}"
2026-09-21T23:14:56.516Z,api-5b87c4c9d-mkgv6,8f965bb6-b46d-44fa-91e3-ff2129afd303,api,Running,True,1,1,0,"{""api"": 0}","{""api"": ""running""}",5,1,1,desktop-control-plane,True,"{""desktop-control-plane"": true}"
2026-09-21T23:14:56.516Z,api-5b87c4c9d-nfcrm,16a10e06-1c63-4416-be9b-df9e5b73aa2d,api,Running,True,1,1,0,"{""api"": 0}","{""api"": ""running""}",5,1,1,desktop-control-plane,True,"{""desktop-control-plane"": true}"
2026-09-21T23:14:56.516Z,api-5b87c4c9d-wvk6s,9f59e79d-d198-43c8-81d3-82f17fd2d63e,api,Running,True,1,1,0,"{""api"": 0}","{""api"": ""running""}",5,1,1,desktop-control-plane,True,"{""desktop-control-plane"": true}"
2026-09-21T23:14:56.516Z,gateway-856744bb66-hzcvr,cc510c63-0609-4870-b9ca-abd3e21ac480,gateway,Running,True,1,1,0,"{""gateway"": 0}","{""gateway"": ""running""}",5,1,1,desktop-control-plane,True,"{""desktop-control-plane"": true}"
2026-09-21T23:14:56.516Z,jaeger-7cc9b664cc-jt9fj,21942cdb-b601-447a-bf38-ba3b861fe91b,jaeger,Running,True,1,1,0,"{""jaeger"": 0}","{""jaeger"": ""running""}",5,1,1,desktop-control-plane,True,"{""desktop-control-plane"": true}"
2026-09-21T23:14:56.516Z,otel-collector-7c765745bf-q69jh,9ea6d084-d3d7-4c16-a0d5-9b1cc10530b3,otel-collector,Running,True,1,1,0,"{""otel-collector"": 0}","{""otel-collector"": ""running""}",5,1,1,desktop-control-plane,True,"{""desktop-control-plane"": true}"
2026-09-21T23:14:56.516Z,postgres-676cc4986c-65g8j,208c1990-5e96-493e-951b-3925c343082b,postgres,Running,True,1,1,0,"{""postgres"": 0}","{""postgres"": ""running""}",5,1,1,desktop-control-plane,True,"{""desktop-control-plane"": true}"
2026-09-21T23:14:56.516Z,prometheus-59f5cf7468-mtx8z,59cbbbaf-6dcc-47ec-97ed-1794e4b0c8e8,prometheus,Running,True,1,1,0,"{""prometheus"": 0}","{""prometheus"": ""running""}",5,1,1,desktop-control-plane,True,"{""desktop-control-plane"": true}"
2026-09-21T23:14:56.516Z,rabbitmq-5cdf8f76b7-bwghx,0ac06c65-14a9-4bd2-b5d4-7f2a22c1c4a6,rabbitmq,Running,False,0,1,1,"{""rabbitmq"": 1}","{""rabbitmq"": ""running""}",5,1,1,desktop-control-plane,True,"{""desktop-control-plane"": true}"
2026-09-21T23:14:56.516Z,worker-5b55666b44-rqchq,2dd0ad98-71ab-4a3b-b534-291680e82fe2,worker,Running,True,1,1,1,"{""worker"": 1}","{""worker"": ""running""}",5,1,1,desktop-control-plane,True,"{""desktop-control-plane"": true}"
2026-09-21T23:15:01.516Z,api-5b87c4c9d-9nxjl,133aacdc-d1ff-4b99-86ed-7f2739ce6e1e,api,Running,True,1,1,0,"{""api"": 0}","{""api"": ""running""}",5,1,1,desktop-control-plane,True,"{""desktop-control-plane"": true}"
2026-09-21T23:15:01.516Z,api-5b87c4c9d-jhqjk,e14fb1e4-7695-47ee-abee-3c85a59f77f9,api,Running,True,1,1,0,"{""api"": 0}","{""api"": ""running""}",5,1,1,desktop-control-plane,True,"{""desktop-control-plane"": true}"
2026-09-21T23:15:01.516Z,api-5b87c4c9d-mkgv6,8f965bb6-b46d-44fa-91e3-ff2129afd303,api,Running,True,1,1,0,"{""api"": 0}","{""api"": ""running""}",5,1,1,desktop-control-plane,True,"{""desktop-control-plane"": true}"
2026-09-21T23:15:01.516Z,api-5b87c4c9d-nfcrm,16a10e06-1c63-4416-be9b-df9e5b73aa2d,api,Running,True,1,1,0,"{""api"": 0}","{""api"": ""running""}",5,1,1,desktop-control-plane,True,"{""desktop-control-plane"": true}"
2026-09-21T23:15:01.516Z,api-5b87c4c9d-wvk6s,9f59e79d-d198-43c8-81d3-82f17fd2d63e,api,Running,True,1,1,0,"{""api"": 0}","{""api"": ""running""}",5,1,1,desktop-control-plane,True,"{""desktop-control-plane"": true}"
2026-09-21T23:15:01.516Z,gateway-856744bb66-hzcvr,cc510c63-0609-4870-b9ca-abd3e21ac480,gateway,Running,True,1,1,0,"{""gateway"": 0}","{""gateway"": ""running""}",5,1,1,desktop-control-plane,True,"{""desktop-control-plane"": true}"
2026-09-21T23:15:01.516Z,jaeger-7cc9b664cc-jt9fj,21942cdb-b601-447a-bf38-ba3b861fe91b,jaeger,Running,True,1,1,0,"{""jaeger"": 0}","{""jaeger"": ""running""}",5,1,1,desktop-control-plane,True,"{""desktop-control-plane"": true}"
2026-09-21T23:15:01.516Z,otel-collector-7c765745bf-q69jh,9ea6d084-d3d7-4c16-a0d5-9b1cc10530b3,otel-collector,Running,True,1,1,0,"{""otel-collector"": 0}","{""otel-collector"": ""running""}",5,1,1,desktop-control-plane,True,"{""desktop-control-plane"": true}"
2026-09-21T23:15:01.516Z,postgres-676cc4986c-65g8j,208c1990-5e96-493e-951b-3925c343082b,postgres,Running,True,1,1,0,"{""postgres"": 0}","{""postgres"": ""running""}",5,1,1,desktop-control-plane,True,"{""desktop-control-plane"": true}"
2026-09-21T23:15:01.516Z,prometheus-59f5cf7468-mtx8z,59cbbbaf-6dcc-47ec-97ed-1794e4b0c8e8,prometheus,Running,True,1,1,0,"{""prometheus"": 0}","{""prometheus"": ""running""}",5,1,1,desktop-control-plane,True,"{""desktop-control-plane"": true}"
2026-09-21T23:15:01.516Z,rabbitmq-5cdf8f76b7-bwghx,0ac06c65-14a9-4bd2-b5d4-7f2a22c1c4a6,rabbitmq,Running,False,0,1,1,"{""rabbitmq"": 1}","{""rabbitmq"": ""running""}",5,1,1,desktop-control-plane,True,"{""desktop-control-plane"": true}"
2026-09-21T23:15:01.516Z,worker-5b55666b44-rqchq,2dd0ad98-71ab-4a3b-b534-291680e82fe2,worker,Running,True,1,1,1,"{""worker"": 1}","{""worker"": ""running""}",5,1,1,desktop-control-plane,True,"{""desktop-control-plane"": true}"
2026-09-21T23:15:06.517Z,api-5b87c4c9d-9nxjl,133aacdc-d1ff-4b99-86ed-7f2739ce6e1e,api,Running,True,1,1,0,"{""api"": 0}","{""api"": ""running""}",5,1,1,desktop-control-plane,True,"{""desktop-control-plane"": true}"
2026-09-21T23:15:06.517Z,api-5b87c4c9d-jhqjk,e14fb1e4-7695-47ee-abee-3c85a59f77f9,api,Running,True,1,1,0,"{""api"": 0}","{""api"": ""running""}",5,1,1,desktop-control-plane,True,"{""desktop-control-plane"": true}"
2026-09-21T23:15:06.517Z,api-5b87c4c9d-mkgv6,8f965bb6-b46d-44fa-91e3-ff2129afd303,api,Running,True,1,1,0,"{""api"": 0}","{""api"": ""running""}",5,1,1,desktop-control-plane,True,"{""desktop-control-plane"": true}"
2026-09-21T23:15:06.517Z,api-5b87c4c9d-nfcrm,16a10e06-1c63-4416-be9b-df9e5b73aa2d,api,Running,True,1,1,0,"{""api"": 0}","{""api"": ""running""}",5,1,1,desktop-control-plane,True,"{""desktop-control-plane"": true}"
2026-09-21T23:15:06.517Z,api-5b87c4c9d-wvk6s,9f59e79d-d198-43c8-81d3-82f17fd2d63e,api,Running,True,1,1,0,"{""api"": 0}","{""api"": ""running""}",5,1,1,desktop-control-plane,True,"{""desktop-control-plane"": true}"
2026-09-21T23:15:06.517Z,gateway-856744bb66-hzcvr,cc510c63-0609-4870-b9ca-abd3e21ac480,gateway,Running,True,1,1,0,"{""gateway"": 0}","{""gateway"": ""running""}",5,1,1,desktop-control-plane,True,"{""desktop-control-plane"": true}"
2026-09-21T23:15:06.517Z,jaeger-7cc9b664cc-jt9fj,21942cdb-b601-447a-bf38-ba3b861fe91b,jaeger,Running,True,1,1,0,"{""jaeger"": 0}","{""jaeger"": ""running""}",5,1,1,desktop-control-plane,True,"{""desktop-control-plane"": true}"
2026-09-21T23:15:06.517Z,otel-collector-7c765745bf-q69jh,9ea6d084-d3d7-4c16-a0d5-9b1cc10530b3,otel-collector,Running,True,1,1,0,"{""otel-collector"": 0}","{""otel-collector"": ""running""}",5,1,1,desktop-control-plane,True,"{""desktop-control-plane"": true}"
2026-09-21T23:15:06.517Z,postgres-676cc4986c-65g8j,208c1990-5e96-493e-951b-3925c343082b,postgres,Running,True,1,1,0,"{""postgres"": 0}","{""postgres"": ""running""}",5,1,1,desktop-control-plane,True,"{""desktop-control-plane"": true}"
2026-09-21T23:15:06.517Z,prometheus-59f5cf7468-mtx8z,59cbbbaf-6dcc-47ec-97ed-1794e4b0c8e8,prometheus,Running,True,1,1,0,"{""prometheus"": 0}","{""prometheus"": ""running""}",5,1,1,desktop-control-plane,True,"{""desktop-control-plane"": true}"
2026-09-21T23:15:06.517Z,rabbitmq-5cdf8f76b7-bwghx,0ac06c65-14a9-4bd2-b5d4-7f2a22c1c4a6,rabbitmq,Running,True,1,1,1,"{""rabbitmq"": 1}","{""rabbitmq"": ""running""}",5,1,1,desktop-control-plane,True,"{""desktop-control-plane"": true}"
2026-09-21T23:15:06.517Z,worker-5b55666b44-rqchq,2dd0ad98-71ab-4a3b-b534-291680e82fe2,worker,Running,True,1,1,1,"{""worker"": 1}","{""worker"": ""running""}",5,1,1,desktop-control-plane,True,"{""desktop-control-plane"": true}"
2026-09-21T23:15:11.517Z,api-5b87c4c9d-9nxjl,133aacdc-d1ff-4b99-86ed-7f2739ce6e1e,api,Running,True,1,1,0,"{""api"": 0}","{""api"": ""running""}",5,1,1,desktop-control-plane,True,"{""desktop-control-plane"": true}"
2026-09-21T23:15:11.517Z,api-5b87c4c9d-jhqjk,e14fb1e4-7695-47ee-abee-3c85a59f77f9,api,Running,True,1,1,0,"{""api"": 0}","{""api"": ""running""}",5,1,1,desktop-control-plane,True,"{""desktop-control-plane"": true}"
2026-09-21T23:15:11.517Z,api-5b87c4c9d-mkgv6,8f965bb6-b46d-44fa-91e3-ff2129afd303,api,Running,True,1,1,0,"{""api"": 0}","{""api"": ""running""}",5,1,1,desktop-control-plane,True,"{""desktop-control-plane"": true}"
2026-09-21T23:15:11.517Z,api-5b87c4c9d-nfcrm,16a10e06-1c63-4416-be9b-df9e5b73aa2d,api,Running,True,1,1,0,"{""api"": 0}","{""api"": ""running""}",5,1,1,desktop-control-plane,True,"{""desktop-control-plane"": true}"
2026-09-21T23:15:11.517Z,api-5b87c4c9d-wvk6s,9f59e79d-d198-43c8-81d3-82f17fd2d63e,api,Running,True,1,1,0,"{""api"": 0}","{""api"": ""running""}",5,1,1,desktop-control-plane,True,"{""desktop-control-plane"": true}"
2026-09-21T23:15:11.517Z,gateway-856744bb66-hzcvr,cc510c63-0609-4870-b9ca-abd3e21ac480,gateway,Running,True,1,1,0,"{""gateway"": 0}","{""gateway"": ""running""}",5,1,1,desktop-control-plane,True,"{""desktop-control-plane"": true}"
2026-09-21T23:15:11.517Z,jaeger-7cc9b664cc-jt9fj,21942cdb-b601-447a-bf38-ba3b861fe91b,jaeger,Running,True,1,1,0,"{""jaeger"": 0}","{""jaeger"": ""running""}",5,1,1,desktop-control-plane,True,"{""desktop-control-plane"": true}"
2026-09-21T23:15:11.517Z,otel-collector-7c765745bf-q69jh,9ea6d084-d3d7-4c16-a0d5-9b1cc10530b3,otel-collector,Running,True,1,1,0,"{""otel-collector"": 0}","{""otel-collector"": ""running""}",5,1,1,desktop-control-plane,True,"{""desktop-control-plane"": true}"
2026-09-21T23:15:11.517Z,postgres-676cc4986c-65g8j,208c1990-5e96-493e-951b-3925c343082b,postgres,Running,True,1,1,0,"{""postgres"": 0}","{""postgres"": ""running""}",5,1,1,desktop-control-plane,True,"{""desktop-control-plane"": true}"
2026-09-21T23:15:11.517Z,prometheus-59f5cf7468-mtx8z,59cbbbaf-6dcc-47ec-97ed-1794e4b0c8e8,prometheus,Running,True,1,1,0,"{""prometheus"": 0}","{""prometheus"": ""running""}",5,1,1,desktop-control-plane,True,"{""desktop-control-plane"": true}"
2026-09-21T23:15:11.517Z,rabbitmq-5cdf8f76b7-bwghx,0ac06c65-14a9-4bd2-b5d4-7f2a22c1c4a6,rabbitmq,Running,True,1,1,1,"{""rabbitmq"": 1}","{""rabbitmq"": ""running""}",5,1,1,desktop-control-plane,True,"{""desktop-control-plane"": true}"
2026-09-21T23:15:11.517Z,worker-5b55666b44-rqchq,2dd0ad98-71ab-4a3b-b534-291680e82fe2,worker,Running,True,1,1,1,"{""worker"": 1}","{""worker"": ""running""}",5,1,1,desktop-control-plane,True,"{""desktop-control-plane"": true}"
2026-09-21T23:15:16.518Z,api-5b87c4c9d-9nxjl,133aacdc-d1ff-4b99-86ed-7f2739ce6e1e,api,Running,True,1,1,0,"{""api"": 0}","{""api"": ""running""}",5,1,1,desktop-control-plane,True,"{""desktop-control-plane"": true}"
2026-09-21T23:15:16.518Z,api-5b87c4c9d-jhqjk,e14fb1e4-7695-47ee-abee-3c85a59f77f9,api,Running,True,1,1,0,"{""api"": 0}","{""api"": ""running""}",5,1,1,desktop-control-plane,True,"{""desktop-control-plane"": true}"
2026-09-21T23:15:16.518Z,api-5b87c4c9d-mkgv6,8f965bb6-b46d-44fa-91e3-ff2129afd303,api,Running,True,1,1,0,"{""api"": 0}","{""api"": ""running""}",5,1,1,desktop-control-plane,True,"{""desktop-control-plane"": true}"
2026-09-21T23:15:16.518Z,api-5b87c4c9d-nfcrm,16a10e06-1c63-4416-be9b-df9e5b73aa2d,api,Running,True,1,1,0,"{""api"": 0}","{""api"": ""running""}",5,1,1,desktop-control-plane,True,"{""desktop-control-plane"": true}"
2026-09-21T23:15:16.518Z,api-5b87c4c9d-wvk6s,9f59e79d-d198-43c8-81d3-82f17fd2d63e,api,Running,True,1,1,0,"{""api"": 0}","{""api"": ""running""}",5,1,1,desktop-control-plane,True,"{""desktop-control-plane"": true}"
2026-09-21T23:15:16.518Z,gateway-856744bb66-hzcvr,cc510c63-0609-4870-b9ca-abd3e21ac480,gateway,Running,True,1,1,0,"{""gateway"": 0}","{""gateway"": ""running""}",5,1,1,desktop-control-plane,True,"{""desktop-control-plane"": true}"
2026-09-21T23:15:16.518Z,jaeger-7cc9b664cc-jt9fj,21942cdb-b601-447a-bf38-ba3b861fe91b,jaeger,Running,True,1,1,0,"{""jaeger"": 0}","{""jaeger"": ""running""}",5,1,1,desktop-control-plane,True,"{""desktop-control-plane"": true}"
2026-09-21T23:15:16.518Z,otel-collector-7c765745bf-q69jh,9ea6d084-d3d7-4c16-a0d5-9b1cc10530b3,otel-collector,Running,True,1,1,0,"{""otel-collector"": 0}","{""otel-collector"": ""running""}",5,1,1,desktop-control-plane,True,"{""desktop-control-plane"": true}"
2026-09-21T23:15:16.518Z,postgres-676cc4986c-65g8j,208c1990-5e96-493e-951b-3925c343082b,postgres,Running,True,1,1,0,"{""postgres"": 0}","{""postgres"": ""running""}",5,1,1,desktop-control-plane,True,"{""desktop-control-plane"": true}"
2026-09-21T23:15:16.518Z,prometheus-59f5cf7468-mtx8z,59cbbbaf-6dcc-47ec-97ed-1794e4b0c8e8,prometheus,Running,True,1,1,0,"{""prometheus"": 0}","{""prometheus"": ""running""}",5,1,1,desktop-control-plane,True,"{""desktop-control-plane"": true}"
2026-09-21T23:15:16.518Z,rabbitmq-5cdf8f76b7-bwghx,0ac06c65-14a9-4bd2-b5d4-7f2a22c1c4a6,rabbitmq,Running,True,1,1,1,"{""rabbitmq"": 1}","{""rabbitmq"": ""running""}",5,1,1,desktop-control-plane,True,"{""desktop-control-plane"": true}"
2026-09-21T23:15:16.518Z,worker-5b55666b44-rqchq,2dd0ad98-71ab-4a3b-b534-291680e82fe2,worker,Running,True,1,1,1,"{""worker"": 1}","{""worker"": ""running""}",5,1,1,desktop-control-plane,True,"{""desktop-control-plane"": true}"
2026-09-21T23:15:21.518Z,api-5b87c4c9d-9nxjl,133aacdc-d1ff-4b99-86ed-7f2739ce6e1e,api,Running,True,1,1,0,"{""api"": 0}","{""api"": ""running""}",5,1,1,desktop-control-plane,True,"{""desktop-control-plane"": true}"
2026-09-21T23:15:21.518Z,api-5b87c4c9d-jhqjk,e14fb1e4-7695-47ee-abee-3c85a59f77f9,api,Running,True,1,1,0,"{""api"": 0}","{""api"": ""running""}",5,1,1,desktop-control-plane,True,"{""desktop-control-plane"": true}"
2026-09-21T23:15:21.518Z,api-5b87c4c9d-mkgv6,8f965bb6-b46d-44fa-91e3-ff2129afd303,api,Running,True,1,1,0,"{""api"": 0}","{""api"": ""running""}",5,1,1,desktop-control-plane,True,"{""desktop-control-plane"": true}"
2026-09-21T23:15:21.518Z,api-5b87c4c9d-nfcrm,16a10e06-1c63-4416-be9b-df9e5b73aa2d,api,Running,True,1,1,0,"{""api"": 0}","{""api"": ""running""}",5,1,1,desktop-control-plane,True,"{""desktop-control-plane"": true}"
2026-09-21T23:15:21.518Z,api-5b87c4c9d-wvk6s,9f59e79d-d198-43c8-81d3-82f17fd2d63e,api,Running,True,1,1,0,"{""api"": 0}","{""api"": ""running""}",5,1,1,desktop-control-plane,True,"{""desktop-control-plane"": true}"
2026-09-21T23:15:21.518Z,gateway-856744bb66-hzcvr,cc510c63-0609-4870-b9ca-abd3e21ac480,gateway,Running,True,1,1,0,"{""gateway"": 0}","{""gateway"": ""running""}",5,1,1,desktop-control-plane,True,"{""desktop-control-plane"": true}"
2026-09-21T23:15:21.518Z,jaeger-7cc9b664cc-jt9fj,21942cdb-b601-447a-bf38-ba3b861fe91b,jaeger,Running,True,1,1,0,"{""jaeger"": 0}","{""jaeger"": ""running""}",5,1,1,desktop-control-plane,True,"{""desktop-control-plane"": true}"
2026-09-21T23:15:21.518Z,otel-collector-7c765745bf-q69jh,9ea6d084-d3d7-4c16-a0d5-9b1cc10530b3,otel-collector,Running,True,1,1,0,"{""otel-collector"": 0}","{""otel-collector"": ""running""}",5,1,1,desktop-control-plane,True,"{""desktop-control-plane"": true}"
2026-09-21T23:15:21.518Z,postgres-676cc4986c-65g8j,208c1990-5e96-493e-951b-3925c343082b,postgres,Running,True,1,1,0,"{""postgres"": 0}","{""postgres"": ""running""}",5,1,1,desktop-control-plane,True,"{""desktop-control-plane"": true}"
2026-09-21T23:15:21.518Z,prometheus-59f5cf7468-mtx8z,59cbbbaf-6dcc-47ec-97ed-1794e4b0c8e8,prometheus,Running,True,1,1,0,"{""prometheus"": 0}","{""prometheus"": ""running""}",5,1,1,desktop-control-plane,True,"{""desktop-control-plane"": true}"
2026-09-21T23:15:21.518Z,rabbitmq-5cdf8f76b7-bwghx,0ac06c65-14a9-4bd2-b5d4-7f2a22c1c4a6,rabbitmq,Running,True,1,1,1,"{""rabbitmq"": 1}","{""rabbitmq"": ""running""}",5,1,1,desktop-control-plane,True,"{""desktop-control-plane"": true}"
2026-09-21T23:15:21.518Z,worker-5b55666b44-rqchq,2dd0ad98-71ab-4a3b-b534-291680e82fe2,worker,Running,True,1,1,1,"{""worker"": 1}","{""worker"": ""running""}",5,1,1,desktop-control-plane,True,"{""desktop-control-plane"": true}"
2026-09-21T23:15:26.518Z,api-5b87c4c9d-9nxjl,133aacdc-d1ff-4b99-86ed-7f2739ce6e1e,api,Running,True,1,1,0,"{""api"": 0}","{""api"": ""running""}",5,1,1,desktop-control-plane,True,"{""desktop-control-plane"": true}"
2026-09-21T23:15:26.518Z,api-5b87c4c9d-jhqjk,e14fb1e4-7695-47ee-abee-3c85a59f77f9,api,Running,True,1,1,0,"{""api"": 0}","{""api"": ""running""}",5,1,1,desktop-control-plane,True,"{""desktop-control-plane"": true}"
2026-09-21T23:15:26.518Z,api-5b87c4c9d-mkgv6,8f965bb6-b46d-44fa-91e3-ff2129afd303,api,Running,True,1,1,0,"{""api"": 0}","{""api"": ""running""}",5,1,1,desktop-control-plane,True,"{""desktop-control-plane"": true}"
2026-09-21T23:15:26.518Z,api-5b87c4c9d-nfcrm,16a10e06-1c63-4416-be9b-df9e5b73aa2d,api,Running,True,1,1,0,"{""api"": 0}","{""api"": ""running""}",5,1,1,desktop-control-plane,True,"{""desktop-control-plane"": true}"
2026-09-21T23:15:26.518Z,api-5b87c4c9d-wvk6s,9f59e79d-d198-43c8-81d3-82f17fd2d63e,api,Running,True,1,1,0,"{""api"": 0}","{""api"": ""running""}",5,1,1,desktop-control-plane,True,"{""desktop-control-plane"": true}"
2026-09-21T23:15:26.518Z,gateway-856744bb66-hzcvr,cc510c63-0609-4870-b9ca-abd3e21ac480,gateway,Running,True,1,1,0,"{""gateway"": 0}","{""gateway"": ""running""}",5,1,1,desktop-control-plane,True,"{""desktop-control-plane"": true}"
2026-09-21T23:15:26.518Z,jaeger-7cc9b664cc-jt9fj,21942cdb-b601-447a-bf38-ba3b861fe91b,jaeger,Running,True,1,1,0,"{""jaeger"": 0}","{""jaeger"": ""running""}",5,1,1,desktop-control-plane,True,"{""desktop-control-plane"": true}"
2026-09-21T23:15:26.518Z,otel-collector-7c765745bf-q69jh,9ea6d084-d3d7-4c16-a0d5-9b1cc10530b3,otel-collector,Running,True,1,1,0,"{""otel-collector"": 0}","{""otel-collector"": ""running""}",5,1,1,desktop-control-plane,True,"{""desktop-control-plane"": true}"
2026-09-21T23:15:26.518Z,postgres-676cc4986c-65g8j,208c1990-5e96-493e-951b-3925c343082b,postgres,Running,True,1,1,0,"{""postgres"": 0}","{""postgres"": ""running""}",5,1,1,desktop-control-plane,True,"{""desktop-control-plane"": true}"
2026-09-21T23:15:26.518Z,prometheus-59f5cf7468-mtx8z,59cbbbaf-6dcc-47ec-97ed-1794e4b0c8e8,prometheus,Running,True,1,1,0,"{""prometheus"": 0}","{""prometheus"": ""running""}",5,1,1,desktop-control-plane,True,"{""desktop-control-plane"": true}"
2026-09-21T23:15:26.518Z,rabbitmq-5cdf8f76b7-bwghx,0ac06c65-14a9-4bd2-b5d4-7f2a22c1c4a6,rabbitmq,Running,True,1,1,1,"{""rabbitmq"": 1}","{""rabbitmq"": ""running""}",5,1,1,desktop-control-plane,True,"{""desktop-control-plane"": true}"
2026-09-21T23:15:26.518Z,worker-5b55666b44-rqchq,2dd0ad98-71ab-4a3b-b534-291680e82fe2,worker,Running,True,1,1,1,"{""worker"": 1}","{""worker"": ""running""}",5,1,1,desktop-control-plane,True,"{""desktop-control-plane"": true}"
2026-09-21T23:15:31.519Z,api-5b87c4c9d-9nxjl,133aacdc-d1ff-4b99-86ed-7f2739ce6e1e,api,Running,True,1,1,0,"{""api"": 0}","{""api"": ""running""}",5,1,1,desktop-control-plane,True,"{""desktop-control-plane"": true}"
2026-09-21T23:15:31.519Z,api-5b87c4c9d-jhqjk,e14fb1e4-7695-47ee-abee-3c85a59f77f9,api,Running,True,1,1,0,"{""api"": 0}","{""api"": ""running""}",5,1,1,desktop-control-plane,True,"{""desktop-control-plane"": true}"
2026-09-21T23:15:31.519Z,api-5b87c4c9d-mkgv6,8f965bb6-b46d-44fa-91e3-ff2129afd303,api,Running,True,1,1,0,"{""api"": 0}","{""api"": ""running""}",5,1,1,desktop-control-plane,True,"{""desktop-control-plane"": true}"
2026-09-21T23:15:31.519Z,api-5b87c4c9d-nfcrm,16a10e06-1c63-4416-be9b-df9e5b73aa2d,api,Running,True,1,1,0,"{""api"": 0}","{""api"": ""running""}",5,1,1,desktop-control-plane,True,"{""desktop-control-plane"": true}"
2026-09-21T23:15:31.519Z,api-5b87c4c9d-wvk6s,9f59e79d-d198-43c8-81d3-82f17fd2d63e,api,Running,True,1,1,0,"{""api"": 0}","{""api"": ""running""}",5,1,1,desktop-control-plane,True,"{""desktop-control-plane"": true}"
2026-09-21T23:15:31.519Z,gateway-856744bb66-hzcvr,cc510c63-0609-4870-b9ca-abd3e21ac480,gateway,Running,True,1,1,0,"{""gateway"": 0}","{""gateway"": ""running""}",5,1,1,desktop-control-plane,True,"{""desktop-control-plane"": true}"
2026-09-21T23:15:31.519Z,jaeger-7cc9b664cc-jt9fj,21942cdb-b601-447a-bf38-ba3b861fe91b,jaeger,Running,True,1,1,0,"{""jaeger"": 0}","{""jaeger"": ""running""}",5,1,1,desktop-control-plane,True,"{""desktop-control-plane"": true}"
2026-09-21T23:15:31.519Z,otel-collector-7c765745bf-q69jh,9ea6d084-d3d7-4c16-a0d5-9b1cc10530b3,otel-collector,Running,True,1,1,0,"{""otel-collector"": 0}","{""otel-collector"": ""running""}",5,1,1,desktop-control-plane,True,"{""desktop-control-plane"": true}"
2026-09-21T23:15:31.519Z,postgres-676cc4986c-65g8j,208c1990-5e96-493e-951b-3925c343082b,postgres,Running,True,1,1,0,"{""postgres"": 0}","{""postgres"": ""running""}",5,1,1,desktop-control-plane,True,"{""desktop-control-plane"": true}"
2026-09-21T23:15:31.519Z,prometheus-59f5cf7468-mtx8z,59cbbbaf-6dcc-47ec-97ed-1794e4b0c8e8,prometheus,Running,True,1,1,0,"{""prometheus"": 0}","{""prometheus"": ""running""}",5,1,1,desktop-control-plane,True,"{""desktop-control-plane"": true}"
2026-09-21T23:15:31.519Z,rabbitmq-5cdf8f76b7-bwghx,0ac06c65-14a9-4bd2-b5d4-7f2a22c1c4a6,rabbitmq,Running,True,1,1,1,"{""rabbitmq"": 1}","{""rabbitmq"": ""running""}",5,1,1,desktop-control-plane,True,"{""desktop-control-plane"": true}"
2026-09-21T23:15:31.519Z,worker-5b55666b44-rqchq,2dd0ad98-71ab-4a3b-b534-291680e82fe2,worker,Running,True,1,1,1,"{""worker"": 1}","{""worker"": ""running""}",5,1,1,desktop-control-plane,True,"{""desktop-control-plane"": true}"
