2026-09-21T00:26:11.376818688Z ERROR:    Exception in ASGI application
2026-09-21T00:26:11.376968012Z Traceback (most recent call last):
2026-09-21T00:26:11.376975227Z   File "/usr/local/lib/python3.13/site-packages/uvicorn/protocols/http/httptools_impl.py", line 421, in run_asgi
2026-09-21T00:26:11.376980377Z     result = await app(  # type: ignore[func-returns-value]
2026-09-21T00:26:11.376983824Z              ^^^^^^^^^^^^^^^^^^^^^^^^^^^^^^^^^^^^^^^^^^^^^^
2026-09-21T00:26:11.376987210Z         self.scope, self.receive, self.send
2026-09-21T00:26:11.376990557Z         ^^^^^^^^^^^^^^^^^^^^^^^^^^^^^^^^^^^
2026-09-21T00:26:11.376994224Z     )
2026-09-21T00:26:11.376997611Z     ^
2026-09-21T00:26:11.377000978Z   File "/usr/local/lib/python3.13/site-packages/uvicorn/middleware/proxy_headers.py", line 63, in __call__
2026-09-21T00:26:11.377004344Z     return await self.app(scope, receive, send)
2026-09-21T00:26:11.377007651Z            ^^^^^^^^^^^^^^^^^^^^^^^^^^^^^^^^^^^^
2026-09-21T00:26:11.377013081Z   File "/usr/local/lib/python3.13/site-packages/fastapi/applications.py", line 1159, in __call__
2026-09-21T00:26:11.377016448Z     await super().__call__(scope, receive, send)
2026-09-21T00:26:11.377019815Z   File "/usr/local/lib/python3.13/site-packages/starlette/applications.py", line 107, in __call__
2026-09-21T00:26:11.377023161Z     await self.middleware_stack(scope, receive, send)
2026-09-21T00:26:11.377026528Z   File "/usr/local/lib/python3.13/site-packages/starlette/middleware/errors.py", line 186, in __call__
2026-09-21T00:26:11.377029895Z     raise exc
2026-09-21T00:26:11.377033271Z   File "/usr/local/lib/python3.13/site-packages/starlette/middleware/errors.py", line 164, in __call__
2026-09-21T00:26:11.377036608Z     await self.app(scope, receive, _send)
2026-09-21T00:26:11.377040265Z   File "/usr/local/lib/python3.13/site-packages/opentelemetry/instrumentation/asgi/__init__.py", line 806, in __call__
2026-09-21T00:26:11.377043592Z     await self.app(scope, otel_receive, otel_send)
2026-09-21T00:26:11.377046928Z   File "/usr/local/lib/python3.13/site-packages/starlette/middleware/errors.py", line 186, in __call__
2026-09-21T00:26:11.377050445Z     raise exc
2026-09-21T00:26:11.377053982Z   File "/usr/local/lib/python3.13/site-packages/starlette/middleware/errors.py", line 164, in __call__
2026-09-21T00:26:11.377057319Z     await self.app(scope, receive, _send)
2026-09-21T00:26:11.377060705Z   File "/usr/local/lib/python3.13/site-packages/opentelemetry/instrumentation/fastapi/__init__.py", line 305, in __call__
2026-09-21T00:26:11.377064012Z     await self.app(scope, receive, send)
2026-09-21T00:26:11.377067329Z   File "/usr/local/lib/python3.13/site-packages/prometheus_fastapi_instrumentator/middleware.py", line 177, in __call__
2026-09-21T00:26:11.377070645Z     raise exc
2026-09-21T00:26:11.377073942Z   File "/usr/local/lib/python3.13/site-packages/prometheus_fastapi_instrumentator/middleware.py", line 175, in __call__
2026-09-21T00:26:11.377094222Z     await self.app(scope, receive, send_wrapper)
2026-09-21T00:26:11.377096256Z   File "/usr/local/lib/python3.13/site-packages/starlette/middleware/exceptions.py", line 63, in __call__
2026-09-21T00:26:11.377098690Z     await wrap_app_handling_exceptions(self.app, conn)(scope, receive, send)
2026-09-21T00:26:11.377100674Z   File "/usr/local/lib/python3.13/site-packages/starlette/_exception_handler.py", line 53, in wrapped_app
2026-09-21T00:26:11.377102588Z     raise exc
2026-09-21T00:26:11.377104482Z   File "/usr/local/lib/python3.13/site-packages/starlette/_exception_handler.py", line 42, in wrapped_app
2026-09-21T00:26:11.377106366Z     await app(scope, receive, sender)
2026-09-21T00:26:11.377108259Z   File "/usr/local/lib/python3.13/site-packages/fastapi/middleware/asyncexitstack.py", line 18, in __call__
2026-09-21T00:26:11.377110153Z     await self.app(scope, receive, send)
2026-09-21T00:26:11.377112047Z   File "/usr/local/lib/python3.13/site-packages/starlette/routing.py", line 716, in __call__
2026-09-21T00:26:11.377114061Z     await self.middleware_stack(scope, receive, send)
2026-09-21T00:26:11.377115975Z   File "/usr/local/lib/python3.13/site-packages/starlette/routing.py", line 736, in app
2026-09-21T00:26:11.377117848Z     await route.handle(scope, receive, send)
2026-09-21T00:26:11.377119752Z   File "/usr/local/lib/python3.13/site-packages/starlette/routing.py", line 290, in handle
2026-09-21T00:26:11.377121696Z     await self.app(scope, receive, send)
2026-09-21T00:26:11.377123660Z   File "/usr/local/lib/python3.13/site-packages/fastapi/routing.py", line 134, in app
2026-09-21T00:26:11.377125563Z     await wrap_app_handling_exceptions(app, request)(scope, receive, send)
2026-09-21T00:26:11.377127447Z   File "/usr/local/lib/python3.13/site-packages/starlette/_exception_handler.py", line 53, in wrapped_app
2026-09-21T00:26:11.377129351Z     raise exc
2026-09-21T00:26:11.377131255Z   File "/usr/local/lib/python3.13/site-packages/starlette/_exception_handler.py", line 42, in wrapped_app
2026-09-21T00:26:11.377133158Z     await app(scope, receive, sender)
2026-09-21T00:26:11.377135082Z   File "/usr/local/lib/python3.13/site-packages/fastapi/routing.py", line 120, in app
2026-09-21T00:26:11.377137487Z     response = await f(request)
2026-09-21T00:26:11.377139521Z                ^^^^^^^^^^^^^^^^
2026-09-21T00:26:11.377141385Z   File "/usr/local/lib/python3.13/site-packages/fastapi/routing.py", line 674, in app
2026-09-21T00:26:11.377143288Z     raw_response = await run_endpoint_function(
2026-09-21T00:26:11.377145192Z                    ^^^^^^^^^^^^^^^^^^^^^^^^^^^^
2026-09-21T00:26:11.377147497Z     ...<3 lines>...
2026-09-21T00:26:11.377149401Z     )
2026-09-21T00:26:11.377151294Z     ^
2026-09-21T00:26:11.377153178Z   File "/usr/local/lib/python3.13/site-packages/fastapi/routing.py", line 330, in run_endpoint_function
2026-09-21T00:26:11.377155062Z     return await run_in_threadpool(dependant.call, **values)
2026-09-21T00:26:11.377156945Z            ^^^^^^^^^^^^^^^^^^^^^^^^^^^^^^^^^^^^^^^^^^^^^^^^^
2026-09-21T00:26:11.377171133Z   File "/usr/local/lib/python3.13/site-packages/starlette/concurrency.py", line 32, in run_in_threadpool
2026-09-21T00:26:11.377173348Z     return await anyio.to_thread.run_sync(func)
2026-09-21T00:26:11.377175262Z            ^^^^^^^^^^^^^^^^^^^^^^^^^^^^^^^^^^^^
2026-09-21T00:26:11.377177155Z   File "/usr/local/lib/python3.13/site-packages/anyio/to_thread.py", line 63, in run_sync
2026-09-21T00:26:11.377179049Z     return await get_async_backend().run_sync_in_worker_thread(
2026-09-21T00:26:11.377180933Z            ^^^^^^^^^^^^^^^^^^^^^^^^^^^^^^^^^^^^^^^^^^^^^^^^^^^^
2026-09-21T00:26:11.377182817Z         func, args, abandon_on_cancel=abandon_on_cancel, limiter=limiter
2026-09-21T00:26:11.377189780Z         ^^^^^^^^^^^^^^^^^^^^^^^^^^^^^^^^^^^^^^^^^^^^^^^^^^^^^^^^^^^^^^^^
2026-09-21T00:26:11.377191764Z     )
2026-09-21T00:26:11.377193678Z     ^
2026-09-21T00:26:11.377195582Z   File "/usr/local/lib/python3.13/site-packages/anyio/_backends/_asyncio.py", line 2518, in run_sync_in_worker_thread
2026-09-21T00:26:11.377197496Z     return await future
2026-09-21T00:26:11.377199389Z            ^^^^^^^^^^^^
2026-09-21T00:26:11.377201273Z   File "/usr/local/lib/python3.13/site-packages/anyio/_backends/_asyncio.py", line 1002, in run
2026-09-21T00:26:11.377203247Z     result = context.run(func, *args)
2026-09-21T00:26:11.377205141Z   File "/app/app/routers/orders.py", line 36, in checkout
2026-09-21T00:26:11.377207034Z     return create_order(
2026-09-21T00:26:11.377208968Z         db=db,
2026-09-21T00:26:11.377210892Z     ...<2 lines>...
2026-09-21T00:26:11.377212806Z         correlation_id=correlation_id,
2026-09-21T00:26:11.377214780Z     )
2026-09-21T00:26:11.377216723Z   File "/app/app/services/order_service.py", line 42, in create_order
2026-09-21T00:26:11.377218657Z     result = db.execute(
2026-09-21T00:26:11.377220571Z         select(ProductModel).where(ProductModel.id == product_id)
2026-09-21T00:26:11.377222455Z     )
2026-09-21T00:26:11.377224369Z   File "/usr/local/lib/python3.13/site-packages/sqlalchemy/orm/session.py", line 2372, in execute
2026-09-21T00:26:11.377226252Z     return self._execute_internal(
2026-09-21T00:26:11.377228136Z            ~~~~~~~~~~~~~~~~~~~~~~^
2026-09-21T00:26:11.377230030Z         statement,
2026-09-21T00:26:11.377231913Z         ^^^^^^^^^^
2026-09-21T00:26:11.377233817Z     ...<4 lines>...
2026-09-21T00:26:11.377235701Z         _add_event=_add_event,
2026-09-21T00:26:11.377237585Z         ^^^^^^^^^^^^^^^^^^^^^^
2026-09-21T00:26:11.377239518Z     )
2026-09-21T00:26:11.377241402Z     ^
2026-09-21T00:26:11.377243296Z   File "/usr/local/lib/python3.13/site-packages/sqlalchemy/orm/session.py", line 2260, in _execute_internal
2026-09-21T00:26:11.377245180Z     conn = self._connection_for_bind(bind)
2026-09-21T00:26:11.377247083Z   File "/usr/local/lib/python3.13/site-packages/sqlalchemy/orm/session.py", line 2112, in _connection_for_bind
2026-09-21T00:26:11.377248977Z     return trans._connection_for_bind(engine, execution_options)
2026-09-21T00:26:11.377250871Z            ~~~~~~~~~~~~~~~~~~~~~~~~~~^^^^^^^^^^^^^^^^^^^^^^^^^^^
2026-09-21T00:26:11.377252775Z   File "<string>", line 2, in _connection_for_bind
2026-09-21T00:26:11.377254719Z   File "/usr/local/lib/python3.13/site-packages/sqlalchemy/orm/state_changes.py", line 137, in _go
2026-09-21T00:26:11.377256612Z     ret_value = fn(self, *arg, **kw)
2026-09-21T00:26:11.377258546Z   File "/usr/local/lib/python3.13/site-packages/sqlalchemy/orm/session.py", line 1191, in _connection_for_bind
2026-09-21T00:26:11.377260450Z     conn = bind.connect()
2026-09-21T00:26:11.377262935Z   File "/usr/local/lib/python3.13/site-packages/opentelemetry/instrumentation/sqlalchemy/engine.py", line 200, in _wrap_connect_internal
2026-09-21T00:26:11.377264879Z     return func(*args, **kwargs)
2026-09-21T00:26:11.377266812Z   File "/usr/local/lib/python3.13/site-packages/sqlalchemy/engine/base.py", line 3295, in connect
2026-09-21T00:26:11.377268716Z     return self._connection_cls(self)
2026-09-21T00:26:11.377270620Z            ~~~~~~~~~~~~~~~~~~~~^^^^^^
2026-09-21T00:26:11.377272514Z   File "/usr/local/lib/python3.13/site-packages/sqlalchemy/engine/base.py", line 144, in __init__
2026-09-21T00:26:11.377274407Z     self._dbapi_connection = engine.raw_connection()
2026-09-21T00:26:11.377280870Z                              ~~~~~~~~~~~~~~~~~~~~~^^
2026-09-21T00:26:11.377282814Z   File "/usr/local/lib/python3.13/site-packages/sqlalchemy/engine/base.py", line 3319, in raw_connection
2026-09-21T00:26:11.377284708Z     return self.pool.connect()
2026-09-21T00:26:11.377286601Z            ~~~~~~~~~~~~~~~~~^^
2026-09-21T00:26:11.377288495Z   File "/usr/local/lib/python3.13/site-packages/sqlalchemy/pool/base.py", line 448, in connect
2026-09-21T00:26:11.377290589Z     return _ConnectionFairy._checkout(self)
2026-09-21T00:26:11.377292473Z            ~~~~~~~~~~~~~~~~~~~~~~~~~~^^^^^^
2026-09-21T00:26:11.377294367Z   File "/usr/local/lib/python3.13/site-packages/sqlalchemy/pool/base.py", line 1272, in _checkout
2026-09-21T00:26:11.377296251Z     fairy = _ConnectionRecord.checkout(pool)
2026-09-21T00:26:11.377298134Z   File "/usr/local/lib/python3.13/site-packages/sqlalchemy/pool/base.py", line 712, in checkout
2026-09-21T00:26:11.377300018Z     rec = pool._do_get()
2026-09-21T00:26:11.377301912Z   File "/usr/local/lib/python3.13/site-packages/sqlalchemy/pool/impl.py", line 167, in _do_get
2026-09-21T00:26:11.377303805Z     raise exc.TimeoutError(
2026-09-21T00:26:11.377305719Z     ...<4 lines>...
2026-09-21T00:26:11.377307653Z     )
2026-09-21T00:26:11.377310960Z sqlalchemy.exc.TimeoutError: QueuePool limit of size 5 overflow 10 reached, connection timed out, timeout 30.00 (Background on this error at: https://sqlalche.me/e/20/3o7r)
2026-09-21T00:26:11.682849807Z ERROR:    Exception in ASGI application
2026-09-21T00:26:11.682902972Z Traceback (most recent call last):
2026-09-21T00:26:11.682909916Z   File "/usr/local/lib/python3.13/site-packages/uvicorn/protocols/http/httptools_impl.py", line 421, in run_asgi
2026-09-21T00:26:11.682916599Z     result = await app(  # type: ignore[func-returns-value]
2026-09-21T00:26:11.682922581Z              ^^^^^^^^^^^^^^^^^^^^^^^^^^^^^^^^^^^^^^^^^^^^^^
2026-09-21T00:26:11.682928072Z         self.scope, self.receive, self.send
2026-09-21T00:26:11.682933543Z         ^^^^^^^^^^^^^^^^^^^^^^^^^^^^^^^^^^^
2026-09-21T00:26:11.682939034Z     )
2026-09-21T00:26:11.682944635Z     ^
2026-09-21T00:26:11.682950196Z   File "/usr/local/lib/python3.13/site-packages/uvicorn/middleware/proxy_headers.py", line 63, in __call__
2026-09-21T00:26:11.682955737Z     return await self.app(scope, receive, send)
2026-09-21T00:26:11.682961207Z            ^^^^^^^^^^^^^^^^^^^^^^^^^^^^^^^^^^^^
2026-09-21T00:26:11.682967951Z   File "/usr/local/lib/python3.13/site-packages/fastapi/applications.py", line 1159, in __call__
2026-09-21T00:26:11.682973482Z     await super().__call__(scope, receive, send)
2026-09-21T00:26:11.682979093Z   File "/usr/local/lib/python3.13/site-packages/starlette/applications.py", line 107, in __call__
2026-09-21T00:26:11.682984644Z     await self.middleware_stack(scope, receive, send)
2026-09-21T00:26:11.682990154Z   File "/usr/local/lib/python3.13/site-packages/starlette/middleware/errors.py", line 186, in __call__
2026-09-21T00:26:11.682995786Z     raise exc
2026-09-21T00:26:11.683001367Z   File "/usr/local/lib/python3.13/site-packages/starlette/middleware/errors.py", line 164, in __call__
2026-09-21T00:26:11.683007168Z     await self.app(scope, receive, _send)
2026-09-21T00:26:11.683013531Z   File "/usr/local/lib/python3.13/site-packages/opentelemetry/instrumentation/asgi/__init__.py", line 806, in __call__
2026-09-21T00:26:11.683051125Z     await self.app(scope, otel_receive, otel_send)
2026-09-21T00:26:11.683053429Z   File "/usr/local/lib/python3.13/site-packages/starlette/middleware/errors.py", line 186, in __call__
2026-09-21T00:26:11.683055403Z     raise exc
2026-09-21T00:26:11.683057538Z   File "/usr/local/lib/python3.13/site-packages/starlette/middleware/errors.py", line 164, in __call__
2026-09-21T00:26:11.683082276Z     await self.app(scope, receive, _send)
2026-09-21T00:26:11.683084421Z   File "/usr/local/lib/python3.13/site-packages/opentelemetry/instrumentation/fastapi/__init__.py", line 305, in __call__
2026-09-21T00:26:11.683086384Z     await self.app(scope, receive, send)
2026-09-21T00:26:11.683088308Z   File "/usr/local/lib/python3.13/site-packages/prometheus_fastapi_instrumentator/middleware.py", line 177, in __call__
2026-09-21T00:26:11.683090192Z     raise exc
2026-09-21T00:26:11.683092076Z   File "/usr/local/lib/python3.13/site-packages/prometheus_fastapi_instrumentator/middleware.py", line 175, in __call__
2026-09-21T00:26:11.683096434Z     await self.app(scope, receive, send_wrapper)
2026-09-21T00:26:11.683098388Z   File "/usr/local/lib/python3.13/site-packages/starlette/middleware/exceptions.py", line 63, in __call__
2026-09-21T00:26:11.683100773Z     await wrap_app_handling_exceptions(self.app, conn)(scope, receive, send)
2026-09-21T00:26:11.683102697Z   File "/usr/local/lib/python3.13/site-packages/starlette/_exception_handler.py", line 53, in wrapped_app
2026-09-21T00:26:11.683104620Z     raise exc
2026-09-21T00:26:11.683106544Z   File "/usr/local/lib/python3.13/site-packages/starlette/_exception_handler.py", line 42, in wrapped_app
2026-09-21T00:26:11.683108448Z     await app(scope, receive, sender)
2026-09-21T00:26:11.683110332Z   File "/usr/local/lib/python3.13/site-packages/fastapi/middleware/asyncexitstack.py", line 18, in __call__
2026-09-21T00:26:11.683112236Z     await self.app(scope, receive, send)
2026-09-21T00:26:11.683114149Z   File "/usr/local/lib/python3.13/site-packages/starlette/routing.py", line 716, in __call__
2026-09-21T00:26:11.683116023Z     await self.middleware_stack(scope, receive, send)
2026-09-21T00:26:11.683117887Z   File "/usr/local/lib/python3.13/site-packages/starlette/routing.py", line 736, in app
2026-09-21T00:26:11.683119820Z     await route.handle(scope, receive, send)
2026-09-21T00:26:11.683121764Z   File "/usr/local/lib/python3.13/site-packages/starlette/routing.py", line 290, in handle
2026-09-21T00:26:11.683123658Z     await self.app(scope, receive, send)
2026-09-21T00:26:11.683125522Z   File "/usr/local/lib/python3.13/site-packages/fastapi/routing.py", line 134, in app
2026-09-21T00:26:11.683127385Z     await wrap_app_handling_exceptions(app, request)(scope, receive, send)
2026-09-21T00:26:11.683129279Z   File "/usr/local/lib/python3.13/site-packages/starlette/_exception_handler.py", line 53, in wrapped_app
2026-09-21T00:26:11.683131173Z     raise exc
2026-09-21T00:26:11.683133067Z   File "/usr/local/lib/python3.13/site-packages/starlette/_exception_handler.py", line 42, in wrapped_app
2026-09-21T00:26:11.683134940Z     await app(scope, receive, sender)
2026-09-21T00:26:11.683136834Z   File "/usr/local/lib/python3.13/site-packages/fastapi/routing.py", line 120, in app
2026-09-21T00:26:11.683139199Z     response = await f(request)
2026-09-21T00:26:11.683141092Z                ^^^^^^^^^^^^^^^^
2026-09-21T00:26:11.683142946Z   File "/usr/local/lib/python3.13/site-packages/fastapi/routing.py", line 674, in app
2026-09-21T00:26:11.683144830Z     raw_response = await run_endpoint_function(
2026-09-21T00:26:11.683146714Z                    ^^^^^^^^^^^^^^^^^^^^^^^^^^^^
2026-09-21T00:26:11.683149178Z     ...<3 lines>...
2026-09-21T00:26:11.683151192Z     )
2026-09-21T00:26:11.683153106Z     ^
2026-09-21T00:26:11.683154990Z   File "/usr/local/lib/python3.13/site-packages/fastapi/routing.py", line 330, in run_endpoint_function
2026-09-21T00:26:11.683156874Z     return await run_in_threadpool(dependant.call, **values)
2026-09-21T00:26:11.683164068Z            ^^^^^^^^^^^^^^^^^^^^^^^^^^^^^^^^^^^^^^^^^^^^^^^^^
2026-09-21T00:26:11.683198215Z   File "/usr/local/lib/python3.13/site-packages/starlette/concurrency.py", line 32, in run_in_threadpool
2026-09-21T00:26:11.683203967Z     return await anyio.to_thread.run_sync(func)
2026-09-21T00:26:11.683206001Z            ^^^^^^^^^^^^^^^^^^^^^^^^^^^^^^^^^^^^
2026-09-21T00:26:11.683207944Z   File "/usr/local/lib/python3.13/site-packages/anyio/to_thread.py", line 63, in run_sync
2026-09-21T00:26:11.683209858Z     return await get_async_backend().run_sync_in_worker_thread(
2026-09-21T00:26:11.683211772Z            ^^^^^^^^^^^^^^^^^^^^^^^^^^^^^^^^^^^^^^^^^^^^^^^^^^^^
2026-09-21T00:26:11.683214167Z         func, args, abandon_on_cancel=abandon_on_cancel, limiter=limiter
2026-09-21T00:26:11.683216071Z         ^^^^^^^^^^^^^^^^^^^^^^^^^^^^^^^^^^^^^^^^^^^^^^^^^^^^^^^^^^^^^^^^
2026-09-21T00:26:11.683217974Z     )
2026-09-21T00:26:11.683219868Z     ^
2026-09-21T00:26:11.683221902Z   File "/usr/local/lib/python3.13/site-packages/anyio/_backends/_asyncio.py", line 2518, in run_sync_in_worker_thread
2026-09-21T00:26:11.683223906Z     return await future
2026-09-21T00:26:11.683225790Z            ^^^^^^^^^^^^
2026-09-21T00:26:11.683227683Z   File "/usr/local/lib/python3.13/site-packages/anyio/_backends/_asyncio.py", line 1002, in run
2026-09-21T00:26:11.683229577Z     result = context.run(func, *args)
2026-09-21T00:26:11.683231461Z   File "/app/app/routers/orders.py", line 36, in checkout
2026-09-21T00:26:11.683233355Z     return create_order(
2026-09-21T00:26:11.683235329Z         db=db,
2026-09-21T00:26:11.683237242Z     ...<2 lines>...
2026-09-21T00:26:11.683239196Z         correlation_id=correlation_id,
2026-09-21T00:26:11.683241130Z     )
2026-09-21T00:26:11.683243054Z   File "/app/app/services/order_service.py", line 42, in create_order
2026-09-21T00:26:11.683244948Z     result = db.execute(
2026-09-21T00:26:11.683246871Z         select(ProductModel).where(ProductModel.id == product_id)
2026-09-21T00:26:11.683248775Z     )
2026-09-21T00:26:11.683250679Z   File "/usr/local/lib/python3.13/site-packages/sqlalchemy/orm/session.py", line 2372, in execute
2026-09-21T00:26:11.683252623Z     return self._execute_internal(
2026-09-21T00:26:11.683254577Z            ~~~~~~~~~~~~~~~~~~~~~~^
2026-09-21T00:26:11.683256490Z         statement,
2026-09-21T00:26:11.683258404Z         ^^^^^^^^^^
2026-09-21T00:26:11.683260308Z     ...<4 lines>...
2026-09-21T00:26:11.683262202Z         _add_event=_add_event,
2026-09-21T00:26:11.683264115Z         ^^^^^^^^^^^^^^^^^^^^^^
2026-09-21T00:26:11.683265999Z     )
2026-09-21T00:26:11.683267893Z     ^
2026-09-21T00:26:11.683271590Z   File "/usr/local/lib/python3.13/site-packages/sqlalchemy/orm/session.py", line 2260, in _execute_internal
2026-09-21T00:26:11.683273574Z     conn = self._connection_for_bind(bind)
2026-09-21T00:26:11.683275508Z   File "/usr/local/lib/python3.13/site-packages/sqlalchemy/orm/session.py", line 2112, in _connection_for_bind
2026-09-21T00:26:11.683277502Z     return trans._connection_for_bind(engine, execution_options)
2026-09-21T00:26:11.683279396Z            ~~~~~~~~~~~~~~~~~~~~~~~~~~^^^^^^^^^^^^^^^^^^^^^^^^^^^
2026-09-21T00:26:11.683281289Z   File "<string>", line 2, in _connection_for_bind
2026-09-21T00:26:11.683283163Z   File "/usr/local/lib/python3.13/site-packages/sqlalchemy/orm/state_changes.py", line 137, in _go
2026-09-21T00:26:11.683285057Z     ret_value = fn(self, *arg, **kw)
2026-09-21T00:26:11.683287041Z   File "/usr/local/lib/python3.13/site-packages/sqlalchemy/orm/session.py", line 1191, in _connection_for_bind
2026-09-21T00:26:11.683288944Z     conn = bind.connect()
2026-09-21T00:26:11.683300056Z   File "/usr/local/lib/python3.13/site-packages/opentelemetry/instrumentation/sqlalchemy/engine.py", line 200, in _wrap_connect_internal
2026-09-21T00:26:11.683302050Z     return func(*args, **kwargs)
2026-09-21T00:26:11.683304054Z   File "/usr/local/lib/python3.13/site-packages/sqlalchemy/engine/base.py", line 3295, in connect
2026-09-21T00:26:11.683305948Z     return self._connection_cls(self)
2026-09-21T00:26:11.683307822Z            ~~~~~~~~~~~~~~~~~~~~^^^^^^
2026-09-21T00:26:11.683309695Z   File "/usr/local/lib/python3.13/site-packages/sqlalchemy/engine/base.py", line 144, in __init__
2026-09-21T00:26:11.683311609Z     self._dbapi_connection = engine.raw_connection()
2026-09-21T00:26:11.683313483Z                              ~~~~~~~~~~~~~~~~~~~~~^^
2026-09-21T00:26:11.683315347Z   File "/usr/local/lib/python3.13/site-packages/sqlalchemy/engine/base.py", line 3319, in raw_connection
2026-09-21T00:26:11.683317230Z     return self.pool.connect()
2026-09-21T00:26:11.683319114Z            ~~~~~~~~~~~~~~~~~^^
2026-09-21T00:26:11.683321028Z   File "/usr/local/lib/python3.13/site-packages/sqlalchemy/pool/base.py", line 448, in connect
2026-09-21T00:26:11.683322932Z     return _ConnectionFairy._checkout(self)
2026-09-21T00:26:11.683324795Z            ~~~~~~~~~~~~~~~~~~~~~~~~~~^^^^^^
2026-09-21T00:26:11.683326699Z   File "/usr/local/lib/python3.13/site-packages/sqlalchemy/pool/base.py", line 1272, in _checkout
2026-09-21T00:26:11.683328583Z     fairy = _ConnectionRecord.checkout(pool)
2026-09-21T00:26:11.683330466Z   File "/usr/local/lib/python3.13/site-packages/sqlalchemy/pool/base.py", line 712, in checkout
2026-09-21T00:26:11.683332360Z     rec = pool._do_get()
2026-09-21T00:26:11.683334244Z   File "/usr/local/lib/python3.13/site-packages/sqlalchemy/pool/impl.py", line 167, in _do_get
2026-09-21T00:26:11.683336158Z     raise exc.TimeoutError(
2026-09-21T00:26:11.683338132Z     ...<4 lines>...
2026-09-21T00:26:11.683340025Z     )
2026-09-21T00:26:11.683343562Z sqlalchemy.exc.TimeoutError: QueuePool limit of size 5 overflow 10 reached, connection timed out, timeout 30.00 (Background on this error at: https://sqlalche.me/e/20/3o7r)
2026-09-21T00:26:11.690041683Z ERROR:    Exception in ASGI application
2026-09-21T00:26:11.690071311Z Traceback (most recent call last):
2026-09-21T00:26:11.690074137Z   File "/usr/local/lib/python3.13/site-packages/uvicorn/protocols/http/httptools_impl.py", line 421, in run_asgi
2026-09-21T00:26:11.690076652Z     result = await app(  # type: ignore[func-returns-value]
2026-09-21T00:26:11.690079027Z              ^^^^^^^^^^^^^^^^^^^^^^^^^^^^^^^^^^^^^^^^^^^^^^
2026-09-21T00:26:11.690081381Z         self.scope, self.receive, self.send
2026-09-21T00:26:11.690083986Z         ^^^^^^^^^^^^^^^^^^^^^^^^^^^^^^^^^^^
2026-09-21T00:26:11.690086040Z     )
2026-09-21T00:26:11.690088004Z     ^
2026-09-21T00:26:11.690089938Z   File "/usr/local/lib/python3.13/site-packages/uvicorn/middleware/proxy_headers.py", line 63, in __call__
2026-09-21T00:26:11.690092193Z     return await self.app(scope, receive, send)
2026-09-21T00:26:11.690094537Z            ^^^^^^^^^^^^^^^^^^^^^^^^^^^^^^^^^^^^
2026-09-21T00:26:11.690097543Z   File "/usr/local/lib/python3.13/site-packages/fastapi/applications.py", line 1159, in __call__
2026-09-21T00:26:11.690099667Z     await super().__call__(scope, receive, send)
2026-09-21T00:26:11.690101711Z   File "/usr/local/lib/python3.13/site-packages/starlette/applications.py", line 107, in __call__
2026-09-21T00:26:11.690103595Z     await self.middleware_stack(scope, receive, send)
2026-09-21T00:26:11.690105469Z   File "/usr/local/lib/python3.13/site-packages/starlette/middleware/errors.py", line 186, in __call__
2026-09-21T00:26:11.690125408Z     raise exc
2026-09-21T00:26:11.690127462Z   File "/usr/local/lib/python3.13/site-packages/starlette/middleware/errors.py", line 164, in __call__
2026-09-21T00:26:11.690129366Z     await self.app(scope, receive, _send)
2026-09-21T00:26:11.690135268Z   File "/usr/local/lib/python3.13/site-packages/opentelemetry/instrumentation/asgi/__init__.py", line 806, in __call__
2026-09-21T00:26:11.690137231Z     await self.app(scope, otel_receive, otel_send)
2026-09-21T00:26:11.690139336Z   File "/usr/local/lib/python3.13/site-packages/starlette/middleware/errors.py", line 186, in __call__
2026-09-21T00:26:11.690141279Z     raise exc
2026-09-21T00:26:11.690143163Z   File "/usr/local/lib/python3.13/site-packages/starlette/middleware/errors.py", line 164, in __call__
2026-09-21T00:26:11.690145037Z     await self.app(scope, receive, _send)
2026-09-21T00:26:11.690146911Z   File "/usr/local/lib/python3.13/site-packages/opentelemetry/instrumentation/fastapi/__init__.py", line 305, in __call__
2026-09-21T00:26:11.690148774Z     await self.app(scope, receive, send)
2026-09-21T00:26:11.690150668Z   File "/usr/local/lib/python3.13/site-packages/prometheus_fastapi_instrumentator/middleware.py", line 177, in __call__
2026-09-21T00:26:11.690152582Z     raise exc
2026-09-21T00:26:11.690154475Z   File "/usr/local/lib/python3.13/site-packages/prometheus_fastapi_instrumentator/middleware.py", line 175, in __call__
2026-09-21T00:26:11.690156339Z     await self.app(scope, receive, send_wrapper)
2026-09-21T00:26:11.690158213Z   File "/usr/local/lib/python3.13/site-packages/starlette/middleware/exceptions.py", line 63, in __call__
2026-09-21T00:26:11.690160708Z     await wrap_app_handling_exceptions(self.app, conn)(scope, receive, send)
2026-09-21T00:26:11.690162581Z   File "/usr/local/lib/python3.13/site-packages/starlette/_exception_handler.py", line 53, in wrapped_app
2026-09-21T00:26:11.690164505Z     raise exc
2026-09-21T00:26:11.690166379Z   File "/usr/local/lib/python3.13/site-packages/starlette/_exception_handler.py", line 42, in wrapped_app
2026-09-21T00:26:11.690168273Z     await app(scope, receive, sender)
2026-09-21T00:26:11.690172481Z   File "/usr/local/lib/python3.13/site-packages/fastapi/middleware/asyncexitstack.py", line 18, in __call__
2026-09-21T00:26:11.690174465Z     await self.app(scope, receive, send)
2026-09-21T00:26:11.690176369Z   File "/usr/local/lib/python3.13/site-packages/starlette/routing.py", line 716, in __call__
2026-09-21T00:26:11.690178262Z     await self.middleware_stack(scope, receive, send)
2026-09-21T00:26:11.690180156Z   File "/usr/local/lib/python3.13/site-packages/starlette/routing.py", line 736, in app
2026-09-21T00:26:11.690182050Z     await route.handle(scope, receive, send)
2026-09-21T00:26:11.690183974Z   File "/usr/local/lib/python3.13/site-packages/starlette/routing.py", line 290, in handle
2026-09-21T00:26:11.690185867Z     await self.app(scope, receive, send)
2026-09-21T00:26:11.690187781Z   File "/usr/local/lib/python3.13/site-packages/fastapi/routing.py", line 134, in app
2026-09-21T00:26:11.690189665Z     await wrap_app_handling_exceptions(app, request)(scope, receive, send)
2026-09-21T00:26:11.690191549Z   File "/usr/local/lib/python3.13/site-packages/starlette/_exception_handler.py", line 53, in wrapped_app
2026-09-21T00:26:11.690193452Z     raise exc
2026-09-21T00:26:11.690195577Z   File "/usr/local/lib/python3.13/site-packages/starlette/_exception_handler.py", line 42, in wrapped_app
2026-09-21T00:26:11.690197490Z     await app(scope, receive, sender)
2026-09-21T00:26:11.690199364Z   File "/usr/local/lib/python3.13/site-packages/fastapi/routing.py", line 120, in app
2026-09-21T00:26:11.690201749Z     response = await f(request)
2026-09-21T00:26:11.690208442Z                ^^^^^^^^^^^^^^^^
2026-09-21T00:26:11.690210426Z   File "/usr/local/lib/python3.13/site-packages/fastapi/routing.py", line 674, in app
2026-09-21T00:26:11.690212320Z     raw_response = await run_endpoint_function(
2026-09-21T00:26:11.690214444Z                    ^^^^^^^^^^^^^^^^^^^^^^^^^^^^
2026-09-21T00:26:11.690216969Z     ...<3 lines>...
2026-09-21T00:26:11.690218873Z     )
2026-09-21T00:26:11.690220776Z     ^
2026-09-21T00:26:11.690222670Z   File "/usr/local/lib/python3.13/site-packages/fastapi/routing.py", line 330, in run_endpoint_function
2026-09-21T00:26:11.690224614Z     return await run_in_threadpool(dependant.call, **values)
2026-09-21T00:26:11.690226518Z            ^^^^^^^^^^^^^^^^^^^^^^^^^^^^^^^^^^^^^^^^^^^^^^^^^
2026-09-21T00:26:11.690259423Z   File "/usr/local/lib/python3.13/site-packages/starlette/concurrency.py", line 32, in run_in_threadpool
2026-09-21T00:26:11.690264152Z     return await anyio.to_thread.run_sync(func)
2026-09-21T00:26:11.690266096Z            ^^^^^^^^^^^^^^^^^^^^^^^^^^^^^^^^^^^^
2026-09-21T00:26:11.690267980Z   File "/usr/local/lib/python3.13/site-packages/anyio/to_thread.py", line 63, in run_sync
2026-09-21T00:26:11.690269903Z     return await get_async_backend().run_sync_in_worker_thread(
2026-09-21T00:26:11.690271867Z            ^^^^^^^^^^^^^^^^^^^^^^^^^^^^^^^^^^^^^^^^^^^^^^^^^^^^
2026-09-21T00:26:11.690273771Z         func, args, abandon_on_cancel=abandon_on_cancel, limiter=limiter
2026-09-21T00:26:11.690275675Z         ^^^^^^^^^^^^^^^^^^^^^^^^^^^^^^^^^^^^^^^^^^^^^^^^^^^^^^^^^^^^^^^^
2026-09-21T00:26:11.690277548Z     )
2026-09-21T00:26:11.690279452Z     ^
2026-09-21T00:26:11.690281326Z   File "/usr/local/lib/python3.13/site-packages/anyio/_backends/_asyncio.py", line 2518, in run_sync_in_worker_thread
2026-09-21T00:26:11.690283230Z     return await future
2026-09-21T00:26:11.690285133Z            ^^^^^^^^^^^^
2026-09-21T00:26:11.690287047Z   File "/usr/local/lib/python3.13/site-packages/anyio/_backends/_asyncio.py", line 1002, in run
2026-09-21T00:26:11.690288931Z     result = context.run(func, *args)
2026-09-21T00:26:11.690290815Z   File "/app/app/routers/orders.py", line 36, in checkout
2026-09-21T00:26:11.690292869Z     return create_order(
2026-09-21T00:26:11.690294903Z         db=db,
2026-09-21T00:26:11.690296807Z     ...<2 lines>...
2026-09-21T00:26:11.690298750Z         correlation_id=correlation_id,
2026-09-21T00:26:11.690300654Z     )
2026-09-21T00:26:11.690302708Z   File "/app/app/services/order_service.py", line 42, in create_order
2026-09-21T00:26:11.690304612Z     result = db.execute(
2026-09-21T00:26:11.690306506Z         select(ProductModel).where(ProductModel.id == product_id)
2026-09-21T00:26:11.690308379Z     )
2026-09-21T00:26:11.690310273Z   File "/usr/local/lib/python3.13/site-packages/sqlalchemy/orm/session.py", line 2372, in execute
2026-09-21T00:26:11.690312157Z     return self._execute_internal(
2026-09-21T00:26:11.690314031Z            ~~~~~~~~~~~~~~~~~~~~~~^
2026-09-21T00:26:11.690315934Z         statement,
2026-09-21T00:26:11.690317868Z         ^^^^^^^^^^
2026-09-21T00:26:11.690319752Z     ...<4 lines>...
2026-09-21T00:26:11.690321636Z         _add_event=_add_event,
2026-09-21T00:26:11.690323579Z         ^^^^^^^^^^^^^^^^^^^^^^
2026-09-21T00:26:11.690325463Z     )
2026-09-21T00:26:11.690327357Z     ^
2026-09-21T00:26:11.690329261Z   File "/usr/local/lib/python3.13/site-packages/sqlalchemy/orm/session.py", line 2260, in _execute_internal
2026-09-21T00:26:11.690331154Z     conn = self._connection_for_bind(bind)
2026-09-21T00:26:11.690333098Z   File "/usr/local/lib/python3.13/site-packages/sqlalchemy/orm/session.py", line 2112, in _connection_for_bind
2026-09-21T00:26:11.690342817Z     return trans._connection_for_bind(engine, execution_options)
2026-09-21T00:26:11.690344801Z            ~~~~~~~~~~~~~~~~~~~~~~~~~~^^^^^^^^^^^^^^^^^^^^^^^^^^^
2026-09-21T00:26:11.690346675Z   File "<string>", line 2, in _connection_for_bind
2026-09-21T00:26:11.690348559Z   File "/usr/local/lib/python3.13/site-packages/sqlalchemy/orm/state_changes.py", line 137, in _go
2026-09-21T00:26:11.690350442Z     ret_value = fn(self, *arg, **kw)
2026-09-21T00:26:11.690352336Z   File "/usr/local/lib/python3.13/site-packages/sqlalchemy/orm/session.py", line 1191, in _connection_for_bind
2026-09-21T00:26:11.690354220Z     conn = bind.connect()
2026-09-21T00:26:11.690356775Z   File "/usr/local/lib/python3.13/site-packages/opentelemetry/instrumentation/sqlalchemy/engine.py", line 200, in _wrap_connect_internal
2026-09-21T00:26:11.690358659Z     return func(*args, **kwargs)
2026-09-21T00:26:11.690360532Z   File "/usr/local/lib/python3.13/site-packages/sqlalchemy/engine/base.py", line 3295, in connect
2026-09-21T00:26:11.690362446Z     return self._connection_cls(self)
2026-09-21T00:26:11.690364340Z            ~~~~~~~~~~~~~~~~~~~~^^^^^^
2026-09-21T00:26:11.690366244Z   File "/usr/local/lib/python3.13/site-packages/sqlalchemy/engine/base.py", line 144, in __init__
2026-09-21T00:26:11.690368127Z     self._dbapi_connection = engine.raw_connection()
2026-09-21T00:26:11.690370001Z                              ~~~~~~~~~~~~~~~~~~~~~^^
2026-09-21T00:26:11.690371905Z   File "/usr/local/lib/python3.13/site-packages/sqlalchemy/engine/base.py", line 3319, in raw_connection
2026-09-21T00:26:11.690373778Z     return self.pool.connect()
2026-09-21T00:26:11.690375662Z            ~~~~~~~~~~~~~~~~~^^
2026-09-21T00:26:11.690377556Z   File "/usr/local/lib/python3.13/site-packages/sqlalchemy/pool/base.py", line 448, in connect
2026-09-21T00:26:11.690379420Z     return _ConnectionFairy._checkout(self)
2026-09-21T00:26:11.690381363Z            ~~~~~~~~~~~~~~~~~~~~~~~~~~^^^^^^
2026-09-21T00:26:11.690383317Z   File "/usr/local/lib/python3.13/site-packages/sqlalchemy/pool/base.py", line 1272, in _checkout
2026-09-21T00:26:11.690385201Z     fairy = _ConnectionRecord.checkout(pool)
2026-09-21T00:26:11.690387125Z   File "/usr/local/lib/python3.13/site-packages/sqlalchemy/pool/base.py", line 712, in checkout
2026-09-21T00:26:11.690388989Z     rec = pool._do_get()
2026-09-21T00:26:11.690390942Z   File "/usr/local/lib/python3.13/site-packages/sqlalchemy/pool/impl.py", line 167, in _do_get
2026-09-21T00:26:11.690392876Z     raise exc.TimeoutError(
2026-09-21T00:26:11.690394760Z     ...<4 lines>...
2026-09-21T00:26:11.690396634Z     )
2026-09-21T00:26:11.690402405Z sqlalchemy.exc.TimeoutError: QueuePool limit of size 5 overflow 10 reached, connection timed out, timeout 30.00 (Background on this error at: https://sqlalche.me/e/20/3o7r)
2026-09-21T00:26:12.495118623Z ERROR:    Exception in ASGI application
2026-09-21T00:26:12.495153883Z Traceback (most recent call last):
2026-09-21T00:26:12.495156699Z   File "/usr/local/lib/python3.13/site-packages/uvicorn/protocols/http/httptools_impl.py", line 421, in run_asgi
2026-09-21T00:26:12.495159274Z     result = await app(  # type: ignore[func-returns-value]
2026-09-21T00:26:12.495161177Z              ^^^^^^^^^^^^^^^^^^^^^^^^^^^^^^^^^^^^^^^^^^^^^^
2026-09-21T00:26:12.495163071Z         self.scope, self.receive, self.send
2026-09-21T00:26:12.495164995Z         ^^^^^^^^^^^^^^^^^^^^^^^^^^^^^^^^^^^
2026-09-21T00:26:12.495166939Z     )
2026-09-21T00:26:12.495168943Z     ^
2026-09-21T00:26:12.495170887Z   File "/usr/local/lib/python3.13/site-packages/uvicorn/middleware/proxy_headers.py", line 63, in __call__
2026-09-21T00:26:12.495190084Z     return await self.app(scope, receive, send)
2026-09-21T00:26:12.495192128Z            ^^^^^^^^^^^^^^^^^^^^^^^^^^^^^^^^^^^^
2026-09-21T00:26:12.495194663Z   File "/usr/local/lib/python3.13/site-packages/fastapi/applications.py", line 1159, in __call__
2026-09-21T00:26:12.495196627Z     await super().__call__(scope, receive, send)
2026-09-21T00:26:12.495198521Z   File "/usr/local/lib/python3.13/site-packages/starlette/applications.py", line 107, in __call__
2026-09-21T00:26:12.495200435Z     await self.middleware_stack(scope, receive, send)
2026-09-21T00:26:12.495205926Z   File "/usr/local/lib/python3.13/site-packages/starlette/middleware/errors.py", line 186, in __call__
2026-09-21T00:26:12.495207900Z     raise exc
2026-09-21T00:26:12.495209954Z   File "/usr/local/lib/python3.13/site-packages/starlette/middleware/errors.py", line 164, in __call__
2026-09-21T00:26:12.495211877Z     await self.app(scope, receive, _send)
2026-09-21T00:26:12.495214513Z   File "/usr/local/lib/python3.13/site-packages/opentelemetry/instrumentation/asgi/__init__.py", line 806, in __call__
2026-09-21T00:26:12.495216426Z     await self.app(scope, otel_receive, otel_send)
2026-09-21T00:26:12.495218380Z   File "/usr/local/lib/python3.13/site-packages/starlette/middleware/errors.py", line 186, in __call__
2026-09-21T00:26:12.495220314Z     raise exc
2026-09-21T00:26:12.495222328Z   File "/usr/local/lib/python3.13/site-packages/starlette/middleware/errors.py", line 164, in __call__
2026-09-21T00:26:12.495224252Z     await self.app(scope, receive, _send)
2026-09-21T00:26:12.495226156Z   File "/usr/local/lib/python3.13/site-packages/opentelemetry/instrumentation/fastapi/__init__.py", line 305, in __call__
2026-09-21T00:26:12.495228049Z     await self.app(scope, receive, send)
2026-09-21T00:26:12.495229963Z   File "/usr/local/lib/python3.13/site-packages/prometheus_fastapi_instrumentator/middleware.py", line 177, in __call__
2026-09-21T00:26:12.495231887Z     raise exc
2026-09-21T00:26:12.495233771Z   File "/usr/local/lib/python3.13/site-packages/prometheus_fastapi_instrumentator/middleware.py", line 175, in __call__
2026-09-21T00:26:12.495235654Z     await self.app(scope, receive, send_wrapper)
2026-09-21T00:26:12.495237568Z   File "/usr/local/lib/python3.13/site-packages/starlette/middleware/exceptions.py", line 63, in __call__
2026-09-21T00:26:12.495240043Z     await wrap_app_handling_exceptions(self.app, conn)(scope, receive, send)
2026-09-21T00:26:12.495241937Z   File "/usr/local/lib/python3.13/site-packages/starlette/_exception_handler.py", line 53, in wrapped_app
2026-09-21T00:26:12.495243831Z     raise exc
2026-09-21T00:26:12.495245734Z   File "/usr/local/lib/python3.13/site-packages/starlette/_exception_handler.py", line 42, in wrapped_app
2026-09-21T00:26:12.495247818Z     await app(scope, receive, sender)
2026-09-21T00:26:12.495249732Z   File "/usr/local/lib/python3.13/site-packages/fastapi/middleware/asyncexitstack.py", line 18, in __call__
2026-09-21T00:26:12.495251636Z     await self.app(scope, receive, send)
2026-09-21T00:26:12.495253570Z   File "/usr/local/lib/python3.13/site-packages/starlette/routing.py", line 716, in __call__
2026-09-21T00:26:12.495255464Z     await self.middleware_stack(scope, receive, send)
2026-09-21T00:26:12.495257367Z   File "/usr/local/lib/python3.13/site-packages/starlette/routing.py", line 736, in app
2026-09-21T00:26:12.495259301Z     await route.handle(scope, receive, send)
2026-09-21T00:26:12.495261205Z   File "/usr/local/lib/python3.13/site-packages/starlette/routing.py", line 290, in handle
2026-09-21T00:26:12.495263099Z     await self.app(scope, receive, send)
2026-09-21T00:26:12.495265093Z   File "/usr/local/lib/python3.13/site-packages/fastapi/routing.py", line 134, in app
2026-09-21T00:26:12.495271515Z     await wrap_app_handling_exceptions(app, request)(scope, receive, send)
2026-09-21T00:26:12.495273489Z   File "/usr/local/lib/python3.13/site-packages/starlette/_exception_handler.py", line 53, in wrapped_app
2026-09-21T00:26:12.495275623Z     raise exc
2026-09-21T00:26:12.495277557Z   File "/usr/local/lib/python3.13/site-packages/starlette/_exception_handler.py", line 42, in wrapped_app
2026-09-21T00:26:12.495279471Z     await app(scope, receive, sender)
2026-09-21T00:26:12.495281415Z   File "/usr/local/lib/python3.13/site-packages/fastapi/routing.py", line 120, in app
2026-09-21T00:26:12.495283900Z     response = await f(request)
2026-09-21T00:26:12.495285854Z                ^^^^^^^^^^^^^^^^
2026-09-21T00:26:12.495287747Z   File "/usr/local/lib/python3.13/site-packages/fastapi/routing.py", line 674, in app
2026-09-21T00:26:12.495289691Z     raw_response = await run_endpoint_function(
2026-09-21T00:26:12.495291695Z                    ^^^^^^^^^^^^^^^^^^^^^^^^^^^^
2026-09-21T00:26:12.495294491Z     ...<3 lines>...
2026-09-21T00:26:12.495296424Z     )
2026-09-21T00:26:12.495298318Z     ^
2026-09-21T00:26:12.495300232Z   File "/usr/local/lib/python3.13/site-packages/fastapi/routing.py", line 330, in run_endpoint_function
2026-09-21T00:26:12.495302126Z     return await run_in_threadpool(dependant.call, **values)
2026-09-21T00:26:12.495304039Z            ^^^^^^^^^^^^^^^^^^^^^^^^^^^^^^^^^^^^^^^^^^^^^^^^^
2026-09-21T00:26:12.495308198Z   File "/usr/local/lib/python3.13/site-packages/starlette/concurrency.py", line 32, in run_in_threadpool
2026-09-21T00:26:12.495310202Z     return await anyio.to_thread.run_sync(func)
2026-09-21T00:26:12.495312125Z            ^^^^^^^^^^^^^^^^^^^^^^^^^^^^^^^^^^^^
2026-09-21T00:26:12.495314059Z   File "/usr/local/lib/python3.13/site-packages/anyio/to_thread.py", line 63, in run_sync
2026-09-21T00:26:12.495315973Z     return await get_async_backend().run_sync_in_worker_thread(
2026-09-21T00:26:12.495317877Z            ^^^^^^^^^^^^^^^^^^^^^^^^^^^^^^^^^^^^^^^^^^^^^^^^^^^^
2026-09-21T00:26:12.495319781Z         func, args, abandon_on_cancel=abandon_on_cancel, limiter=limiter
2026-09-21T00:26:12.495321704Z         ^^^^^^^^^^^^^^^^^^^^^^^^^^^^^^^^^^^^^^^^^^^^^^^^^^^^^^^^^^^^^^^^
2026-09-21T00:26:12.495323618Z     )
2026-09-21T00:26:12.495325512Z     ^
2026-09-21T00:26:12.495327476Z   File "/usr/local/lib/python3.13/site-packages/anyio/_backends/_asyncio.py", line 2518, in run_sync_in_worker_thread
2026-09-21T00:26:12.495329420Z     return await future
2026-09-21T00:26:12.495331424Z            ^^^^^^^^^^^^
2026-09-21T00:26:12.495333327Z   File "/usr/local/lib/python3.13/site-packages/anyio/_backends/_asyncio.py", line 1002, in run
2026-09-21T00:26:12.495335231Z     result = context.run(func, *args)
2026-09-21T00:26:12.495337275Z   File "/app/app/routers/orders.py", line 36, in checkout
2026-09-21T00:26:12.495339289Z     return create_order(
2026-09-21T00:26:12.495341283Z         db=db,
2026-09-21T00:26:12.495343207Z     ...<2 lines>...
2026-09-21T00:26:12.495345131Z         correlation_id=correlation_id,
2026-09-21T00:26:12.495347054Z     )
2026-09-21T00:26:12.495348998Z   File "/app/app/services/order_service.py", line 42, in create_order
2026-09-21T00:26:12.495350952Z     result = db.execute(
2026-09-21T00:26:12.495352896Z         select(ProductModel).where(ProductModel.id == product_id)
2026-09-21T00:26:12.495354820Z     )
2026-09-21T00:26:12.495356774Z   File "/usr/local/lib/python3.13/site-packages/sqlalchemy/orm/session.py", line 2372, in execute
2026-09-21T00:26:12.495358677Z     return self._execute_internal(
2026-09-21T00:26:12.495360591Z            ~~~~~~~~~~~~~~~~~~~~~~^
2026-09-21T00:26:12.495366894Z         statement,
2026-09-21T00:26:12.495368847Z         ^^^^^^^^^^
2026-09-21T00:26:12.495370751Z     ...<4 lines>...
2026-09-21T00:26:12.495372675Z         _add_event=_add_event,
2026-09-21T00:26:12.495374569Z         ^^^^^^^^^^^^^^^^^^^^^^
2026-09-21T00:26:12.495376472Z     )
2026-09-21T00:26:12.495378376Z     ^
2026-09-21T00:26:12.495380310Z   File "/usr/local/lib/python3.13/site-packages/sqlalchemy/orm/session.py", line 2260, in _execute_internal
2026-09-21T00:26:12.495382244Z     conn = self._connection_for_bind(bind)
2026-09-21T00:26:12.495384178Z   File "/usr/local/lib/python3.13/site-packages/sqlalchemy/orm/session.py", line 2112, in _connection_for_bind
2026-09-21T00:26:12.495386132Z     return trans._connection_for_bind(engine, execution_options)
2026-09-21T00:26:12.495388055Z            ~~~~~~~~~~~~~~~~~~~~~~~~~~^^^^^^^^^^^^^^^^^^^^^^^^^^^
2026-09-21T00:26:12.495389999Z   File "<string>", line 2, in _connection_for_bind
2026-09-21T00:26:12.495391953Z   File "/usr/local/lib/python3.13/site-packages/sqlalchemy/orm/state_changes.py", line 137, in _go
2026-09-21T00:26:12.495393897Z     ret_value = fn(self, *arg, **kw)
2026-09-21T00:26:12.495396262Z   File "/usr/local/lib/python3.13/site-packages/sqlalchemy/orm/session.py", line 1191, in _connection_for_bind
2026-09-21T00:26:12.495398185Z     conn = bind.connect()
2026-09-21T00:26:12.495400770Z   File "/usr/local/lib/python3.13/site-packages/opentelemetry/instrumentation/sqlalchemy/engine.py", line 200, in _wrap_connect_internal
2026-09-21T00:26:12.495402704Z     return func(*args, **kwargs)
2026-09-21T00:26:12.495404668Z   File "/usr/local/lib/python3.13/site-packages/sqlalchemy/engine/base.py", line 3295, in connect
2026-09-21T00:26:12.495406602Z     return self._connection_cls(self)
2026-09-21T00:26:12.495408506Z            ~~~~~~~~~~~~~~~~~~~~^^^^^^
2026-09-21T00:26:12.495410419Z   File "/usr/local/lib/python3.13/site-packages/sqlalchemy/engine/base.py", line 144, in __init__
2026-09-21T00:26:12.495412343Z     self._dbapi_connection = engine.raw_connection()
2026-09-21T00:26:12.495414247Z                              ~~~~~~~~~~~~~~~~~~~~~^^
2026-09-21T00:26:12.495416161Z   File "/usr/local/lib/python3.13/site-packages/sqlalchemy/engine/base.py", line 3319, in raw_connection
2026-09-21T00:26:12.495418075Z     return self.pool.connect()
2026-09-21T00:26:12.495420008Z            ~~~~~~~~~~~~~~~~~^^
2026-09-21T00:26:12.495421942Z   File "/usr/local/lib/python3.13/site-packages/sqlalchemy/pool/base.py", line 448, in connect
2026-09-21T00:26:12.495423856Z     return _ConnectionFairy._checkout(self)
2026-09-21T00:26:12.495425760Z            ~~~~~~~~~~~~~~~~~~~~~~~~~~^^^^^^
2026-09-21T00:26:12.495427754Z   File "/usr/local/lib/python3.13/site-packages/sqlalchemy/pool/base.py", line 1272, in _checkout
2026-09-21T00:26:12.495429677Z     fairy = _ConnectionRecord.checkout(pool)
2026-09-21T00:26:12.495431591Z   File "/usr/local/lib/python3.13/site-packages/sqlalchemy/pool/base.py", line 712, in checkout
2026-09-21T00:26:12.495433515Z     rec = pool._do_get()
2026-09-21T00:26:12.495435449Z   File "/usr/local/lib/python3.13/site-packages/sqlalchemy/pool/impl.py", line 167, in _do_get
2026-09-21T00:26:12.495437383Z     raise exc.TimeoutError(
2026-09-21T00:26:12.495439296Z     ...<4 lines>...
2026-09-21T00:26:12.495441210Z     )
2026-09-21T00:26:12.495443805Z sqlalchemy.exc.TimeoutError: QueuePool limit of size 5 overflow 10 reached, connection timed out, timeout 30.00 (Background on this error at: https://sqlalche.me/e/20/3o7r)
2026-09-21T00:26:12.668797515Z ERROR:    Exception in ASGI application
2026-09-21T00:26:12.668829588Z Traceback (most recent call last):
2026-09-21T00:26:12.668855630Z   File "/usr/local/lib/python3.13/site-packages/uvicorn/protocols/http/httptools_impl.py", line 421, in run_asgi
2026-09-21T00:26:12.668859096Z     result = await app(  # type: ignore[func-returns-value]
2026-09-21T00:26:12.668861952Z              ^^^^^^^^^^^^^^^^^^^^^^^^^^^^^^^^^^^^^^^^^^^^^^
2026-09-21T00:26:12.668864657Z         self.scope, self.receive, self.send
2026-09-21T00:26:12.668867353Z         ^^^^^^^^^^^^^^^^^^^^^^^^^^^^^^^^^^^
2026-09-21T00:26:12.668870108Z     )
2026-09-21T00:26:12.668872844Z     ^
2026-09-21T00:26:12.668875559Z   File "/usr/local/lib/python3.13/site-packages/uvicorn/middleware/proxy_headers.py", line 63, in __call__
2026-09-21T00:26:12.668878324Z     return await self.app(scope, receive, send)
2026-09-21T00:26:12.668881030Z            ^^^^^^^^^^^^^^^^^^^^^^^^^^^^^^^^^^^^
2026-09-21T00:26:12.668884587Z   File "/usr/local/lib/python3.13/site-packages/fastapi/applications.py", line 1159, in __call__
2026-09-21T00:26:12.668887332Z     await super().__call__(scope, receive, send)
2026-09-21T00:26:12.668890007Z   File "/usr/local/lib/python3.13/site-packages/starlette/applications.py", line 107, in __call__
2026-09-21T00:26:12.668892723Z     await self.middleware_stack(scope, receive, send)
2026-09-21T00:26:12.668895418Z   File "/usr/local/lib/python3.13/site-packages/starlette/middleware/errors.py", line 186, in __call__
2026-09-21T00:26:12.668898164Z     raise exc
2026-09-21T00:26:12.668900979Z   File "/usr/local/lib/python3.13/site-packages/starlette/middleware/errors.py", line 164, in __call__
2026-09-21T00:26:12.668903705Z     await self.app(scope, receive, _send)
2026-09-21T00:26:12.668906961Z   File "/usr/local/lib/python3.13/site-packages/opentelemetry/instrumentation/asgi/__init__.py", line 806, in __call__
2026-09-21T00:26:12.668909686Z     await self.app(scope, otel_receive, otel_send)
2026-09-21T00:26:12.668912392Z   File "/usr/local/lib/python3.13/site-packages/starlette/middleware/errors.py", line 186, in __call__
2026-09-21T00:26:12.668915698Z     raise exc
2026-09-21T00:26:12.668918404Z   File "/usr/local/lib/python3.13/site-packages/starlette/middleware/errors.py", line 164, in __call__
2026-09-21T00:26:12.668921129Z     await self.app(scope, receive, _send)
2026-09-21T00:26:12.668923864Z   File "/usr/local/lib/python3.13/site-packages/opentelemetry/instrumentation/fastapi/__init__.py", line 305, in __call__
2026-09-21T00:26:12.668926560Z     await self.app(scope, receive, send)
2026-09-21T00:26:12.668929275Z   File "/usr/local/lib/python3.13/site-packages/prometheus_fastapi_instrumentator/middleware.py", line 177, in __call__
2026-09-21T00:26:12.668931970Z     raise exc
2026-09-21T00:26:12.668934686Z   File "/usr/local/lib/python3.13/site-packages/prometheus_fastapi_instrumentator/middleware.py", line 175, in __call__
2026-09-21T00:26:12.668937371Z     await self.app(scope, receive, send_wrapper)
2026-09-21T00:26:12.668940076Z   File "/usr/local/lib/python3.13/site-packages/starlette/middleware/exceptions.py", line 63, in __call__
2026-09-21T00:26:12.668943473Z     await wrap_app_handling_exceptions(self.app, conn)(scope, receive, send)
2026-09-21T00:26:12.668946208Z   File "/usr/local/lib/python3.13/site-packages/starlette/_exception_handler.py", line 53, in wrapped_app
2026-09-21T00:26:12.668949194Z     raise exc
2026-09-21T00:26:12.668951930Z   File "/usr/local/lib/python3.13/site-packages/starlette/_exception_handler.py", line 42, in wrapped_app
2026-09-21T00:26:12.668954645Z     await app(scope, receive, sender)
2026-09-21T00:26:12.668957882Z   File "/usr/local/lib/python3.13/site-packages/fastapi/middleware/asyncexitstack.py", line 18, in __call__
2026-09-21T00:26:12.668960617Z     await self.app(scope, receive, send)
2026-09-21T00:26:12.668969514Z   File "/usr/local/lib/python3.13/site-packages/starlette/routing.py", line 716, in __call__
2026-09-21T00:26:12.668972290Z     await self.middleware_stack(scope, receive, send)
2026-09-21T00:26:12.668975045Z   File "/usr/local/lib/python3.13/site-packages/starlette/routing.py", line 736, in app
2026-09-21T00:26:12.668977751Z     await route.handle(scope, receive, send)
2026-09-21T00:26:12.668980446Z   File "/usr/local/lib/python3.13/site-packages/starlette/routing.py", line 290, in handle
2026-09-21T00:26:12.668983141Z     await self.app(scope, receive, send)
2026-09-21T00:26:12.668985847Z   File "/usr/local/lib/python3.13/site-packages/fastapi/routing.py", line 134, in app
2026-09-21T00:26:12.668988542Z     await wrap_app_handling_exceptions(app, request)(scope, receive, send)
2026-09-21T00:26:12.668991257Z   File "/usr/local/lib/python3.13/site-packages/starlette/_exception_handler.py", line 53, in wrapped_app
2026-09-21T00:26:12.668993973Z     raise exc
2026-09-21T00:26:12.668996728Z   File "/usr/local/lib/python3.13/site-packages/starlette/_exception_handler.py", line 42, in wrapped_app
2026-09-21T00:26:12.668999444Z     await app(scope, receive, sender)
2026-09-21T00:26:12.669002169Z   File "/usr/local/lib/python3.13/site-packages/fastapi/routing.py", line 120, in app
2026-09-21T00:26:12.669005375Z     response = await f(request)
2026-09-21T00:26:12.669008081Z                ^^^^^^^^^^^^^^^^
2026-09-21T00:26:12.669014032Z   File "/usr/local/lib/python3.13/site-packages/fastapi/routing.py", line 674, in app
2026-09-21T00:26:12.669016968Z     raw_response = await run_endpoint_function(
2026-09-21T00:26:12.669019714Z                    ^^^^^^^^^^^^^^^^^^^^^^^^^^^^
2026-09-21T00:26:12.669023010Z     ...<3 lines>...
2026-09-21T00:26:12.669025735Z     )
2026-09-21T00:26:12.669028461Z     ^
2026-09-21T00:26:12.669031196Z   File "/usr/local/lib/python3.13/site-packages/fastapi/routing.py", line 330, in run_endpoint_function
2026-09-21T00:26:12.669033912Z     return await run_in_threadpool(dependant.call, **values)
2026-09-21T00:26:12.669036627Z            ^^^^^^^^^^^^^^^^^^^^^^^^^^^^^^^^^^^^^^^^^^^^^^^^^
2026-09-21T00:26:12.669084942Z   File "/usr/local/lib/python3.13/site-packages/starlette/concurrency.py", line 32, in run_in_threadpool
2026-09-21T00:26:12.669091666Z     return await anyio.to_thread.run_sync(func)
2026-09-21T00:26:12.669094461Z            ^^^^^^^^^^^^^^^^^^^^^^^^^^^^^^^^^^^^
2026-09-21T00:26:12.669097126Z   File "/usr/local/lib/python3.13/site-packages/anyio/to_thread.py", line 63, in run_sync
2026-09-21T00:26:12.669099812Z     return await get_async_backend().run_sync_in_worker_thread(
2026-09-21T00:26:12.669102557Z            ^^^^^^^^^^^^^^^^^^^^^^^^^^^^^^^^^^^^^^^^^^^^^^^^^^^^
2026-09-21T00:26:12.669105262Z         func, args, abandon_on_cancel=abandon_on_cancel, limiter=limiter
2026-09-21T00:26:12.669107928Z         ^^^^^^^^^^^^^^^^^^^^^^^^^^^^^^^^^^^^^^^^^^^^^^^^^^^^^^^^^^^^^^^^
2026-09-21T00:26:12.669110603Z     )
2026-09-21T00:26:12.669113308Z     ^
2026-09-21T00:26:12.669116004Z   File "/usr/local/lib/python3.13/site-packages/anyio/_backends/_asyncio.py", line 2518, in run_sync_in_worker_thread
2026-09-21T00:26:12.669118669Z     return await future
2026-09-21T00:26:12.669121354Z            ^^^^^^^^^^^^
2026-09-21T00:26:12.669124110Z   File "/usr/local/lib/python3.13/site-packages/anyio/_backends/_asyncio.py", line 1002, in run
2026-09-21T00:26:12.669128669Z     result = context.run(func, *args)
2026-09-21T00:26:12.669133488Z   File "/app/app/routers/orders.py", line 36, in checkout
2026-09-21T00:26:12.669136364Z     return create_order(
2026-09-21T00:26:12.669139139Z         db=db,
2026-09-21T00:26:12.669152586Z     ...<2 lines>...
2026-09-21T00:26:12.669155602Z         correlation_id=correlation_id,
2026-09-21T00:26:12.669158297Z     )
2026-09-21T00:26:12.669161063Z   File "/app/app/services/order_service.py", line 42, in create_order
2026-09-21T00:26:12.669163748Z     result = db.execute(
2026-09-21T00:26:12.669166423Z         select(ProductModel).where(ProductModel.id == product_id)
2026-09-21T00:26:12.669169099Z     )
2026-09-21T00:26:12.669171824Z   File "/usr/local/lib/python3.13/site-packages/sqlalchemy/orm/session.py", line 2372, in execute
2026-09-21T00:26:12.669174509Z     return self._execute_internal(
2026-09-21T00:26:12.669177185Z            ~~~~~~~~~~~~~~~~~~~~~~^
2026-09-21T00:26:12.669179860Z         statement,
2026-09-21T00:26:12.669182565Z         ^^^^^^^^^^
2026-09-21T00:26:12.669185401Z     ...<4 lines>...
2026-09-21T00:26:12.669188086Z         _add_event=_add_event,
2026-09-21T00:26:12.669190741Z         ^^^^^^^^^^^^^^^^^^^^^^
2026-09-21T00:26:12.669193447Z     )
2026-09-21T00:26:12.669196132Z     ^
2026-09-21T00:26:12.669198877Z   File "/usr/local/lib/python3.13/site-packages/sqlalchemy/orm/session.py", line 2260, in _execute_internal
2026-09-21T00:26:12.669201573Z     conn = self._connection_for_bind(bind)
2026-09-21T00:26:12.669204258Z   File "/usr/local/lib/python3.13/site-packages/sqlalchemy/orm/session.py", line 2112, in _connection_for_bind
2026-09-21T00:26:12.669206973Z     return trans._connection_for_bind(engine, execution_options)
2026-09-21T00:26:12.669209639Z            ~~~~~~~~~~~~~~~~~~~~~~~~~~^^^^^^^^^^^^^^^^^^^^^^^^^^^
2026-09-21T00:26:12.669212645Z   File "<string>", line 2, in _connection_for_bind
2026-09-21T00:26:12.669215340Z   File "/usr/local/lib/python3.13/site-packages/sqlalchemy/orm/state_changes.py", line 137, in _go
2026-09-21T00:26:12.669218075Z     ret_value = fn(self, *arg, **kw)
2026-09-21T00:26:12.669220741Z   File "/usr/local/lib/python3.13/site-packages/sqlalchemy/orm/session.py", line 1191, in _connection_for_bind
2026-09-21T00:26:12.669223426Z     conn = bind.connect()
2026-09-21T00:26:12.669226792Z   File "/usr/local/lib/python3.13/site-packages/opentelemetry/instrumentation/sqlalchemy/engine.py", line 200, in _wrap_connect_internal
2026-09-21T00:26:12.669229498Z     return func(*args, **kwargs)
2026-09-21T00:26:12.669234007Z   File "/usr/local/lib/python3.13/site-packages/sqlalchemy/engine/base.py", line 3295, in connect
2026-09-21T00:26:12.669236882Z     return self._connection_cls(self)
2026-09-21T00:26:12.669241011Z            ~~~~~~~~~~~~~~~~~~~~^^^^^^
2026-09-21T00:26:12.669243756Z   File "/usr/local/lib/python3.13/site-packages/sqlalchemy/engine/base.py", line 144, in __init__
2026-09-21T00:26:12.669246521Z     self._dbapi_connection = engine.raw_connection()
2026-09-21T00:26:12.669251321Z                              ~~~~~~~~~~~~~~~~~~~~~^^
2026-09-21T00:26:12.669254046Z   File "/usr/local/lib/python3.13/site-packages/sqlalchemy/engine/base.py", line 3319, in raw_connection
2026-09-21T00:26:12.669256772Z     return self.pool.connect()
2026-09-21T00:26:12.669259437Z            ~~~~~~~~~~~~~~~~~^^
2026-09-21T00:26:12.669262162Z   File "/usr/local/lib/python3.13/site-packages/sqlalchemy/pool/base.py", line 448, in connect
2026-09-21T00:26:12.669264928Z     return _ConnectionFairy._checkout(self)
2026-09-21T00:26:12.669267613Z            ~~~~~~~~~~~~~~~~~~~~~~~~~~^^^^^^
2026-09-21T00:26:12.669270278Z   File "/usr/local/lib/python3.13/site-packages/sqlalchemy/pool/base.py", line 1272, in _checkout
2026-09-21T00:26:12.669272954Z     fairy = _ConnectionRecord.checkout(pool)
2026-09-21T00:26:12.669275649Z   File "/usr/local/lib/python3.13/site-packages/sqlalchemy/pool/base.py", line 712, in checkout
2026-09-21T00:26:12.669284416Z     rec = pool._do_get()
2026-09-21T00:26:12.669287152Z   File "/usr/local/lib/python3.13/site-packages/sqlalchemy/pool/impl.py", line 167, in _do_get
2026-09-21T00:26:12.669289847Z     raise exc.TimeoutError(
2026-09-21T00:26:12.669292562Z     ...<4 lines>...
2026-09-21T00:26:12.669295258Z     )
2026-09-21T00:26:12.669299025Z sqlalchemy.exc.TimeoutError: QueuePool limit of size 5 overflow 10 reached, connection timed out, timeout 30.00 (Background on this error at: https://sqlalche.me/e/20/3o7r)
2026-09-21T00:26:13.297548915Z ERROR:    Exception in ASGI application
2026-09-21T00:26:13.297632450Z Traceback (most recent call last):
2026-09-21T00:26:13.297639284Z   File "/usr/local/lib/python3.13/site-packages/uvicorn/protocols/http/httptools_impl.py", line 421, in run_asgi
2026-09-21T00:26:13.297644654Z     result = await app(  # type: ignore[func-returns-value]
2026-09-21T00:26:13.297649223Z              ^^^^^^^^^^^^^^^^^^^^^^^^^^^^^^^^^^^^^^^^^^^^^^
2026-09-21T00:26:13.297653592Z         self.scope, self.receive, self.send
2026-09-21T00:26:13.297657941Z         ^^^^^^^^^^^^^^^^^^^^^^^^^^^^^^^^^^^
2026-09-21T00:26:13.297662199Z     )
2026-09-21T00:26:13.297666618Z     ^
2026-09-21T00:26:13.297671006Z   File "/usr/local/lib/python3.13/site-packages/uvicorn/middleware/proxy_headers.py", line 63, in __call__
2026-09-21T00:26:13.297675375Z     return await self.app(scope, receive, send)
2026-09-21T00:26:13.297679894Z            ^^^^^^^^^^^^^^^^^^^^^^^^^^^^^^^^^^^^
2026-09-21T00:26:13.297685104Z   File "/usr/local/lib/python3.13/site-packages/fastapi/applications.py", line 1159, in __call__
2026-09-21T00:26:13.297689353Z     await super().__call__(scope, receive, send)
2026-09-21T00:26:13.297693832Z   File "/usr/local/lib/python3.13/site-packages/starlette/applications.py", line 107, in __call__
2026-09-21T00:26:13.297698100Z     await self.middleware_stack(scope, receive, send)
2026-09-21T00:26:13.297702899Z   File "/usr/local/lib/python3.13/site-packages/starlette/middleware/errors.py", line 186, in __call__
2026-09-21T00:26:13.297707328Z     raise exc
2026-09-21T00:26:13.297711707Z   File "/usr/local/lib/python3.13/site-packages/starlette/middleware/errors.py", line 164, in __call__
2026-09-21T00:26:13.297715995Z     await self.app(scope, receive, _send)
2026-09-21T00:26:13.297721226Z   File "/usr/local/lib/python3.13/site-packages/opentelemetry/instrumentation/asgi/__init__.py", line 806, in __call__
2026-09-21T00:26:13.297725875Z     await self.app(scope, otel_receive, otel_send)
2026-09-21T00:26:13.297730193Z   File "/usr/local/lib/python3.13/site-packages/starlette/middleware/errors.py", line 186, in __call__
2026-09-21T00:26:13.297734522Z     raise exc
2026-09-21T00:26:13.297738941Z   File "/usr/local/lib/python3.13/site-packages/starlette/middleware/errors.py", line 164, in __call__
2026-09-21T00:26:13.297743399Z     await self.app(scope, receive, _send)
2026-09-21T00:26:13.297747898Z   File "/usr/local/lib/python3.13/site-packages/opentelemetry/instrumentation/fastapi/__init__.py", line 305, in __call__
2026-09-21T00:26:13.297752157Z     await self.app(scope, receive, send)
2026-09-21T00:26:13.297756475Z   File "/usr/local/lib/python3.13/site-packages/prometheus_fastapi_instrumentator/middleware.py", line 177, in __call__
2026-09-21T00:26:13.297760764Z     raise exc
2026-09-21T00:26:13.297765012Z   File "/usr/local/lib/python3.13/site-packages/prometheus_fastapi_instrumentator/middleware.py", line 175, in __call__
2026-09-21T00:26:13.297769260Z     await self.app(scope, receive, send_wrapper)
2026-09-21T00:26:13.297773659Z   File "/usr/local/lib/python3.13/site-packages/starlette/middleware/exceptions.py", line 63, in __call__
2026-09-21T00:26:13.297992551Z     await wrap_app_handling_exceptions(self.app, conn)(scope, receive, send)
2026-09-21T00:26:13.298011689Z   File "/usr/local/lib/python3.13/site-packages/starlette/_exception_handler.py", line 53, in wrapped_app
2026-09-21T00:26:13.298016248Z     raise exc
2026-09-21T00:26:13.298020807Z   File "/usr/local/lib/python3.13/site-packages/starlette/_exception_handler.py", line 42, in wrapped_app
2026-09-21T00:26:13.298025126Z     await app(scope, receive, sender)
2026-09-21T00:26:13.298029965Z   File "/usr/local/lib/python3.13/site-packages/fastapi/middleware/asyncexitstack.py", line 18, in __call__
2026-09-21T00:26:13.298034214Z     await self.app(scope, receive, send)
2026-09-21T00:26:13.298038512Z   File "/usr/local/lib/python3.13/site-packages/starlette/routing.py", line 716, in __call__
2026-09-21T00:26:13.298043612Z     await self.middleware_stack(scope, receive, send)
2026-09-21T00:26:13.298047941Z   File "/usr/local/lib/python3.13/site-packages/starlette/routing.py", line 736, in app
2026-09-21T00:26:13.298052169Z     await route.handle(scope, receive, send)
2026-09-21T00:26:13.298056508Z   File "/usr/local/lib/python3.13/site-packages/starlette/routing.py", line 290, in handle
2026-09-21T00:26:13.298060996Z     await self.app(scope, receive, send)
2026-09-21T00:26:13.298065335Z   File "/usr/local/lib/python3.13/site-packages/fastapi/routing.py", line 134, in app
2026-09-21T00:26:13.298069603Z     await wrap_app_handling_exceptions(app, request)(scope, receive, send)
2026-09-21T00:26:13.298073942Z   File "/usr/local/lib/python3.13/site-packages/starlette/_exception_handler.py", line 53, in wrapped_app
2026-09-21T00:26:13.298078241Z     raise exc
2026-09-21T00:26:13.298082479Z   File "/usr/local/lib/python3.13/site-packages/starlette/_exception_handler.py", line 42, in wrapped_app
2026-09-21T00:26:13.298086727Z     await app(scope, receive, sender)
2026-09-21T00:26:13.298091046Z   File "/usr/local/lib/python3.13/site-packages/fastapi/routing.py", line 120, in app
2026-09-21T00:26:13.298096116Z     response = await f(request)
2026-09-21T00:26:13.298100374Z                ^^^^^^^^^^^^^^^^
2026-09-21T00:26:13.298104713Z   File "/usr/local/lib/python3.13/site-packages/fastapi/routing.py", line 674, in app
2026-09-21T00:26:13.298108961Z     raw_response = await run_endpoint_function(
2026-09-21T00:26:13.298113300Z                    ^^^^^^^^^^^^^^^^^^^^^^^^^^^^
2026-09-21T00:26:13.298118881Z     ...<3 lines>...
2026-09-21T00:26:13.298123310Z     )
2026-09-21T00:26:13.298127738Z     ^
2026-09-21T00:26:13.298131997Z   File "/usr/local/lib/python3.13/site-packages/fastapi/routing.py", line 330, in run_endpoint_function
2026-09-21T00:26:13.298136275Z     return await run_in_threadpool(dependant.call, **values)
2026-09-21T00:26:13.298140564Z            ^^^^^^^^^^^^^^^^^^^^^^^^^^^^^^^^^^^^^^^^^^^^^^^^^
2026-09-21T00:26:13.298206925Z   File "/usr/local/lib/python3.13/site-packages/starlette/concurrency.py", line 32, in run_in_threadpool
2026-09-21T00:26:13.298216744Z     return await anyio.to_thread.run_sync(func)
2026-09-21T00:26:13.298221193Z            ^^^^^^^^^^^^^^^^^^^^^^^^^^^^^^^^^^^^
2026-09-21T00:26:13.298225672Z   File "/usr/local/lib/python3.13/site-packages/anyio/to_thread.py", line 63, in run_sync
2026-09-21T00:26:13.298229920Z     return await get_async_backend().run_sync_in_worker_thread(
2026-09-21T00:26:13.298234279Z            ^^^^^^^^^^^^^^^^^^^^^^^^^^^^^^^^^^^^^^^^^^^^^^^^^^^^
2026-09-21T00:26:13.298238567Z         func, args, abandon_on_cancel=abandon_on_cancel, limiter=limiter
2026-09-21T00:26:13.298243016Z         ^^^^^^^^^^^^^^^^^^^^^^^^^^^^^^^^^^^^^^^^^^^^^^^^^^^^^^^^^^^^^^^^
2026-09-21T00:26:13.298257244Z     )
2026-09-21T00:26:13.298259779Z     ^
2026-09-21T00:26:13.298262224Z   File "/usr/local/lib/python3.13/site-packages/anyio/_backends/_asyncio.py", line 2518, in run_sync_in_worker_thread
2026-09-21T00:26:13.298264639Z     return await future
2026-09-21T00:26:13.298266602Z            ^^^^^^^^^^^^
2026-09-21T00:26:13.298268586Z   File "/usr/local/lib/python3.13/site-packages/anyio/_backends/_asyncio.py", line 1002, in run
2026-09-21T00:26:13.298270610Z     result = context.run(func, *args)
2026-09-21T00:26:13.298273015Z   File "/app/app/routers/orders.py", line 36, in checkout
2026-09-21T00:26:13.298275390Z     return create_order(
2026-09-21T00:26:13.298277805Z         db=db,
2026-09-21T00:26:13.298279829Z     ...<2 lines>...
2026-09-21T00:26:13.298281853Z         correlation_id=correlation_id,
2026-09-21T00:26:13.298283746Z     )
2026-09-21T00:26:13.298285730Z   File "/app/app/services/order_service.py", line 42, in create_order
2026-09-21T00:26:13.298287664Z     result = db.execute(
2026-09-21T00:26:13.298289738Z         select(ProductModel).where(ProductModel.id == product_id)
2026-09-21T00:26:13.298291752Z     )
2026-09-21T00:26:13.298293716Z   File "/usr/local/lib/python3.13/site-packages/sqlalchemy/orm/session.py", line 2372, in execute
2026-09-21T00:26:13.298295680Z     return self._execute_internal(
2026-09-21T00:26:13.298297624Z            ~~~~~~~~~~~~~~~~~~~~~~^
2026-09-21T00:26:13.298299568Z         statement,
2026-09-21T00:26:13.298301451Z         ^^^^^^^^^^
2026-09-21T00:26:13.298303345Z     ...<4 lines>...
2026-09-21T00:26:13.298305219Z         _add_event=_add_event,
2026-09-21T00:26:13.298307092Z         ^^^^^^^^^^^^^^^^^^^^^^
2026-09-21T00:26:13.298308956Z     )
2026-09-21T00:26:13.298310920Z     ^
2026-09-21T00:26:13.298312844Z   File "/usr/local/lib/python3.13/site-packages/sqlalchemy/orm/session.py", line 2260, in _execute_internal
2026-09-21T00:26:13.298314737Z     conn = self._connection_for_bind(bind)
2026-09-21T00:26:13.298316691Z   File "/usr/local/lib/python3.13/site-packages/sqlalchemy/orm/session.py", line 2112, in _connection_for_bind
2026-09-21T00:26:13.298318665Z     return trans._connection_for_bind(engine, execution_options)
2026-09-21T00:26:13.298320549Z            ~~~~~~~~~~~~~~~~~~~~~~~~~~^^^^^^^^^^^^^^^^^^^^^^^^^^^
2026-09-21T00:26:13.298322463Z   File "<string>", line 2, in _connection_for_bind
2026-09-21T00:26:13.298324417Z   File "/usr/local/lib/python3.13/site-packages/sqlalchemy/orm/state_changes.py", line 137, in _go
2026-09-21T00:26:13.298326340Z     ret_value = fn(self, *arg, **kw)
2026-09-21T00:26:13.298328284Z   File "/usr/local/lib/python3.13/site-packages/sqlalchemy/orm/session.py", line 1191, in _connection_for_bind
2026-09-21T00:26:13.298330178Z     conn = bind.connect()
2026-09-21T00:26:13.298332813Z   File "/usr/local/lib/python3.13/site-packages/opentelemetry/instrumentation/sqlalchemy/engine.py", line 200, in _wrap_connect_internal
2026-09-21T00:26:13.298334697Z     return func(*args, **kwargs)
2026-09-21T00:26:13.298336651Z   File "/usr/local/lib/python3.13/site-packages/sqlalchemy/engine/base.py", line 3295, in connect
2026-09-21T00:26:13.298338554Z     return self._connection_cls(self)
2026-09-21T00:26:13.298340428Z            ~~~~~~~~~~~~~~~~~~~~^^^^^^
2026-09-21T00:26:13.298342302Z   File "/usr/local/lib/python3.13/site-packages/sqlalchemy/engine/base.py", line 144, in __init__
2026-09-21T00:26:13.298344406Z     self._dbapi_connection = engine.raw_connection()
2026-09-21T00:26:13.298346290Z                              ~~~~~~~~~~~~~~~~~~~~~^^
2026-09-21T00:26:13.298348214Z   File "/usr/local/lib/python3.13/site-packages/sqlalchemy/engine/base.py", line 3319, in raw_connection
2026-09-21T00:26:13.298354907Z     return self.pool.connect()
2026-09-21T00:26:13.298356831Z            ~~~~~~~~~~~~~~~~~^^
2026-09-21T00:26:13.298358774Z   File "/usr/local/lib/python3.13/site-packages/sqlalchemy/pool/base.py", line 448, in connect
2026-09-21T00:26:13.298360758Z     return _ConnectionFairy._checkout(self)
2026-09-21T00:26:13.298362632Z            ~~~~~~~~~~~~~~~~~~~~~~~~~~^^^^^^
2026-09-21T00:26:13.298364586Z   File "/usr/local/lib/python3.13/site-packages/sqlalchemy/pool/base.py", line 1272, in _checkout
2026-09-21T00:26:13.298366460Z     fairy = _ConnectionRecord.checkout(pool)
2026-09-21T00:26:13.298368353Z   File "/usr/local/lib/python3.13/site-packages/sqlalchemy/pool/base.py", line 712, in checkout
2026-09-21T00:26:13.298370287Z     rec = pool._do_get()
2026-09-21T00:26:13.298372211Z   File "/usr/local/lib/python3.13/site-packages/sqlalchemy/pool/impl.py", line 167, in _do_get
2026-09-21T00:26:13.298374085Z     raise exc.TimeoutError(
2026-09-21T00:26:13.298375968Z     ...<4 lines>...
2026-09-21T00:26:13.298377862Z     )
2026-09-21T00:26:13.298382391Z sqlalchemy.exc.TimeoutError: QueuePool limit of size 5 overflow 10 reached, connection timed out, timeout 30.00 (Background on this error at: https://sqlalche.me/e/20/3o7r)
2026-09-21T00:26:13.796186336Z ERROR:    Exception in ASGI application
2026-09-21T00:26:13.796216485Z Traceback (most recent call last):
2026-09-21T00:26:13.796219421Z   File "/usr/local/lib/python3.13/site-packages/uvicorn/protocols/http/httptools_impl.py", line 421, in run_asgi
2026-09-21T00:26:13.796221986Z     result = await app(  # type: ignore[func-returns-value]
2026-09-21T00:26:13.796223890Z              ^^^^^^^^^^^^^^^^^^^^^^^^^^^^^^^^^^^^^^^^^^^^^^
2026-09-21T00:26:13.796225794Z         self.scope, self.receive, self.send
2026-09-21T00:26:13.796227817Z         ^^^^^^^^^^^^^^^^^^^^^^^^^^^^^^^^^^^
2026-09-21T00:26:13.796229751Z     )
2026-09-21T00:26:13.796231725Z     ^
2026-09-21T00:26:13.796234190Z   File "/usr/local/lib/python3.13/site-packages/uvicorn/middleware/proxy_headers.py", line 63, in __call__
2026-09-21T00:26:13.796236154Z     return await self.app(scope, receive, send)
2026-09-21T00:26:13.796238078Z            ^^^^^^^^^^^^^^^^^^^^^^^^^^^^^^^^^^^^
2026-09-21T00:26:13.796240743Z   File "/usr/local/lib/python3.13/site-packages/fastapi/applications.py", line 1159, in __call__
2026-09-21T00:26:13.796242657Z     await super().__call__(scope, receive, send)
2026-09-21T00:26:13.796244591Z   File "/usr/local/lib/python3.13/site-packages/starlette/applications.py", line 107, in __call__
2026-09-21T00:26:13.796246554Z     await self.middleware_stack(scope, receive, send)
2026-09-21T00:26:13.796248438Z   File "/usr/local/lib/python3.13/site-packages/starlette/middleware/errors.py", line 186, in __call__
2026-09-21T00:26:13.796250412Z     raise exc
2026-09-21T00:26:13.796252326Z   File "/usr/local/lib/python3.13/site-packages/starlette/middleware/errors.py", line 164, in __call__
2026-09-21T00:26:13.796254230Z     await self.app(scope, receive, _send)
2026-09-21T00:26:13.796256735Z   File "/usr/local/lib/python3.13/site-packages/opentelemetry/instrumentation/asgi/__init__.py", line 806, in __call__
2026-09-21T00:26:13.796258628Z     await self.app(scope, otel_receive, otel_send)
2026-09-21T00:26:13.796260562Z   File "/usr/local/lib/python3.13/site-packages/starlette/middleware/errors.py", line 186, in __call__
2026-09-21T00:26:13.796262466Z     raise exc
2026-09-21T00:26:13.796264360Z   File "/usr/local/lib/python3.13/site-packages/starlette/middleware/errors.py", line 164, in __call__
2026-09-21T00:26:13.796266253Z     await self.app(scope, receive, _send)
2026-09-21T00:26:13.796268147Z   File "/usr/local/lib/python3.13/site-packages/opentelemetry/instrumentation/fastapi/__init__.py", line 305, in __call__
2026-09-21T00:26:13.796286594Z     await self.app(scope, receive, send)
2026-09-21T00:26:13.796288678Z   File "/usr/local/lib/python3.13/site-packages/prometheus_fastapi_instrumentator/middleware.py", line 177, in __call__
2026-09-21T00:26:13.796290561Z     raise exc
2026-09-21T00:26:13.796292465Z   File "/usr/local/lib/python3.13/site-packages/prometheus_fastapi_instrumentator/middleware.py", line 175, in __call__
2026-09-21T00:26:13.796294339Z     await self.app(scope, receive, send_wrapper)
2026-09-21T00:26:13.796296423Z   File "/usr/local/lib/python3.13/site-packages/starlette/middleware/exceptions.py", line 63, in __call__
2026-09-21T00:26:13.796298788Z     await wrap_app_handling_exceptions(self.app, conn)(scope, receive, send)
2026-09-21T00:26:13.796300671Z   File "/usr/local/lib/python3.13/site-packages/starlette/_exception_handler.py", line 53, in wrapped_app
2026-09-21T00:26:13.796302555Z     raise exc
2026-09-21T00:26:13.796304439Z   File "/usr/local/lib/python3.13/site-packages/starlette/_exception_handler.py", line 42, in wrapped_app
2026-09-21T00:26:13.796306343Z     await app(scope, receive, sender)
2026-09-21T00:26:13.796311022Z   File "/usr/local/lib/python3.13/site-packages/fastapi/middleware/asyncexitstack.py", line 18, in __call__
2026-09-21T00:26:13.796312976Z     await self.app(scope, receive, send)
2026-09-21T00:26:13.796314879Z   File "/usr/local/lib/python3.13/site-packages/starlette/routing.py", line 716, in __call__
2026-09-21T00:26:13.796316763Z     await self.middleware_stack(scope, receive, send)
2026-09-21T00:26:13.796318657Z   File "/usr/local/lib/python3.13/site-packages/starlette/routing.py", line 736, in app
2026-09-21T00:26:13.796320541Z     await route.handle(scope, receive, send)
2026-09-21T00:26:13.796322434Z   File "/usr/local/lib/python3.13/site-packages/starlette/routing.py", line 290, in handle
2026-09-21T00:26:13.796324318Z     await self.app(scope, receive, send)
2026-09-21T00:26:13.796326232Z   File "/usr/local/lib/python3.13/site-packages/fastapi/routing.py", line 134, in app
2026-09-21T00:26:13.796328126Z     await wrap_app_handling_exceptions(app, request)(scope, receive, send)
2026-09-21T00:26:13.796330009Z   File "/usr/local/lib/python3.13/site-packages/starlette/_exception_handler.py", line 53, in wrapped_app
2026-09-21T00:26:13.796333807Z     raise exc
2026-09-21T00:26:13.796335751Z   File "/usr/local/lib/python3.13/site-packages/starlette/_exception_handler.py", line 42, in wrapped_app
2026-09-21T00:26:13.796337654Z     await app(scope, receive, sender)
2026-09-21T00:26:13.796339558Z   File "/usr/local/lib/python3.13/site-packages/fastapi/routing.py", line 120, in app
2026-09-21T00:26:13.796341953Z     response = await f(request)
2026-09-21T00:26:13.796343877Z                ^^^^^^^^^^^^^^^^
2026-09-21T00:26:13.796345810Z   File "/usr/local/lib/python3.13/site-packages/fastapi/routing.py", line 674, in app
2026-09-21T00:26:13.796347704Z     raw_response = await run_endpoint_function(
2026-09-21T00:26:13.796349638Z                    ^^^^^^^^^^^^^^^^^^^^^^^^^^^^
2026-09-21T00:26:13.796352023Z     ...<3 lines>...
2026-09-21T00:26:13.796354197Z     )
2026-09-21T00:26:13.796356101Z     ^
2026-09-21T00:26:13.796358005Z   File "/usr/local/lib/python3.13/site-packages/fastapi/routing.py", line 330, in run_endpoint_function
2026-09-21T00:26:13.796359918Z     return await run_in_threadpool(dependant.call, **values)
2026-09-21T00:26:13.796361812Z            ^^^^^^^^^^^^^^^^^^^^^^^^^^^^^^^^^^^^^^^^^^^^^^^^^
2026-09-21T00:26:13.796392573Z   File "/usr/local/lib/python3.13/site-packages/starlette/concurrency.py", line 32, in run_in_threadpool
2026-09-21T00:26:13.796405057Z     return await anyio.to_thread.run_sync(func)
2026-09-21T00:26:13.796407172Z            ^^^^^^^^^^^^^^^^^^^^^^^^^^^^^^^^^^^^
2026-09-21T00:26:13.796409055Z   File "/usr/local/lib/python3.13/site-packages/anyio/to_thread.py", line 63, in run_sync
2026-09-21T00:26:13.796411250Z     return await get_async_backend().run_sync_in_worker_thread(
2026-09-21T00:26:13.796413504Z            ^^^^^^^^^^^^^^^^^^^^^^^^^^^^^^^^^^^^^^^^^^^^^^^^^^^^
2026-09-21T00:26:13.796415418Z         func, args, abandon_on_cancel=abandon_on_cancel, limiter=limiter
2026-09-21T00:26:13.796417302Z         ^^^^^^^^^^^^^^^^^^^^^^^^^^^^^^^^^^^^^^^^^^^^^^^^^^^^^^^^^^^^^^^^
2026-09-21T00:26:13.796419185Z     )
2026-09-21T00:26:13.796421099Z     ^
2026-09-21T00:26:13.796422993Z   File "/usr/local/lib/python3.13/site-packages/anyio/_backends/_asyncio.py", line 2518, in run_sync_in_worker_thread
2026-09-21T00:26:13.796424867Z     return await future
2026-09-21T00:26:13.796426760Z            ^^^^^^^^^^^^
2026-09-21T00:26:13.796428734Z   File "/usr/local/lib/python3.13/site-packages/anyio/_backends/_asyncio.py", line 1002, in run
2026-09-21T00:26:13.796430618Z     result = context.run(func, *args)
2026-09-21T00:26:13.796432592Z   File "/app/app/routers/orders.py", line 36, in checkout
2026-09-21T00:26:13.796434496Z     return create_order(
2026-09-21T00:26:13.796436409Z         db=db,
2026-09-21T00:26:13.796438423Z     ...<2 lines>...
2026-09-21T00:26:13.796440337Z         correlation_id=correlation_id,
2026-09-21T00:26:13.796442231Z     )
2026-09-21T00:26:13.796444175Z   File "/app/app/services/order_service.py", line 42, in create_order
2026-09-21T00:26:13.796446078Z     result = db.execute(
2026-09-21T00:26:13.796447962Z         select(ProductModel).where(ProductModel.id == product_id)
2026-09-21T00:26:13.796449836Z     )
2026-09-21T00:26:13.796451760Z   File "/usr/local/lib/python3.13/site-packages/sqlalchemy/orm/session.py", line 2372, in execute
2026-09-21T00:26:13.796453663Z     return self._execute_internal(
2026-09-21T00:26:13.796455557Z            ~~~~~~~~~~~~~~~~~~~~~~^
2026-09-21T00:26:13.796457471Z         statement,
2026-09-21T00:26:13.796459385Z         ^^^^^^^^^^
2026-09-21T00:26:13.796461268Z     ...<4 lines>...
2026-09-21T00:26:13.796463142Z         _add_event=_add_event,
2026-09-21T00:26:13.796465026Z         ^^^^^^^^^^^^^^^^^^^^^^
2026-09-21T00:26:13.796466890Z     )
2026-09-21T00:26:13.796468763Z     ^
2026-09-21T00:26:13.796470657Z   File "/usr/local/lib/python3.13/site-packages/sqlalchemy/orm/session.py", line 2260, in _execute_internal
2026-09-21T00:26:13.796472561Z     conn = self._connection_for_bind(bind)
2026-09-21T00:26:13.796474464Z   File "/usr/local/lib/python3.13/site-packages/sqlalchemy/orm/session.py", line 2112, in _connection_for_bind
2026-09-21T00:26:13.796476509Z     return trans._connection_for_bind(engine, execution_options)
2026-09-21T00:26:13.796478392Z            ~~~~~~~~~~~~~~~~~~~~~~~~~~^^^^^^^^^^^^^^^^^^^^^^^^^^^
2026-09-21T00:26:13.796480356Z   File "<string>", line 2, in _connection_for_bind
2026-09-21T00:26:13.796482250Z   File "/usr/local/lib/python3.13/site-packages/sqlalchemy/orm/state_changes.py", line 137, in _go
2026-09-21T00:26:13.796484144Z     ret_value = fn(self, *arg, **kw)
2026-09-21T00:26:13.796486097Z   File "/usr/local/lib/python3.13/site-packages/sqlalchemy/orm/session.py", line 1191, in _connection_for_bind
2026-09-21T00:26:13.796488011Z     conn = bind.connect()
2026-09-21T00:26:13.796491047Z   File "/usr/local/lib/python3.13/site-packages/opentelemetry/instrumentation/sqlalchemy/engine.py", line 200, in _wrap_connect_internal
2026-09-21T00:26:13.796497470Z     return func(*args, **kwargs)
2026-09-21T00:26:13.796499424Z   File "/usr/local/lib/python3.13/site-packages/sqlalchemy/engine/base.py", line 3295, in connect
2026-09-21T00:26:13.796501328Z     return self._connection_cls(self)
2026-09-21T00:26:13.796503251Z            ~~~~~~~~~~~~~~~~~~~~^^^^^^
2026-09-21T00:26:13.796505125Z   File "/usr/local/lib/python3.13/site-packages/sqlalchemy/engine/base.py", line 144, in __init__
2026-09-21T00:26:13.796506999Z     self._dbapi_connection = engine.raw_connection()
2026-09-21T00:26:13.796508882Z                              ~~~~~~~~~~~~~~~~~~~~~^^
2026-09-21T00:26:13.796510786Z   File "/usr/local/lib/python3.13/site-packages/sqlalchemy/engine/base.py", line 3319, in raw_connection
2026-09-21T00:26:13.796512660Z     return self.pool.connect()
2026-09-21T00:26:13.796514554Z            ~~~~~~~~~~~~~~~~~^^
2026-09-21T00:26:13.796516467Z   File "/usr/local/lib/python3.13/site-packages/sqlalchemy/pool/base.py", line 448, in connect
2026-09-21T00:26:13.796518351Z     return _ConnectionFairy._checkout(self)
2026-09-21T00:26:13.796520215Z            ~~~~~~~~~~~~~~~~~~~~~~~~~~^^^^^^
2026-09-21T00:26:13.796522089Z   File "/usr/local/lib/python3.13/site-packages/sqlalchemy/pool/base.py", line 1272, in _checkout
2026-09-21T00:26:13.796523972Z     fairy = _ConnectionRecord.checkout(pool)
2026-09-21T00:26:13.796525896Z   File "/usr/local/lib/python3.13/site-packages/sqlalchemy/pool/base.py", line 712, in checkout
2026-09-21T00:26:13.796527790Z     rec = pool._do_get()
2026-09-21T00:26:13.796529684Z   File "/usr/local/lib/python3.13/site-packages/sqlalchemy/pool/impl.py", line 167, in _do_get
2026-09-21T00:26:13.796531587Z     raise exc.TimeoutError(
2026-09-21T00:26:13.796533471Z     ...<4 lines>...
2026-09-21T00:26:13.796535365Z     )
2026-09-21T00:26:13.796538381Z sqlalchemy.exc.TimeoutError: QueuePool limit of size 5 overflow 10 reached, connection timed out, timeout 30.00 (Background on this error at: https://sqlalche.me/e/20/3o7r)
2026-09-21T00:26:14.996875417Z ERROR:    Exception in ASGI application
2026-09-21T00:26:14.996907440Z Traceback (most recent call last):
2026-09-21T00:26:14.996910326Z   File "/usr/local/lib/python3.13/site-packages/uvicorn/protocols/http/httptools_impl.py", line 421, in run_asgi
2026-09-21T00:26:14.996913021Z     result = await app(  # type: ignore[func-returns-value]
2026-09-21T00:26:14.996915135Z              ^^^^^^^^^^^^^^^^^^^^^^^^^^^^^^^^^^^^^^^^^^^^^^
2026-09-21T00:26:14.996917119Z         self.scope, self.receive, self.send
2026-09-21T00:26:14.996919023Z         ^^^^^^^^^^^^^^^^^^^^^^^^^^^^^^^^^^^
2026-09-21T00:26:14.996920937Z     )
2026-09-21T00:26:14.996922991Z     ^
2026-09-21T00:26:14.996924944Z   File "/usr/local/lib/python3.13/site-packages/uvicorn/middleware/proxy_headers.py", line 63, in __call__
2026-09-21T00:26:14.996926868Z     return await self.app(scope, receive, send)
2026-09-21T00:26:14.996928842Z            ^^^^^^^^^^^^^^^^^^^^^^^^^^^^^^^^^^^^
2026-09-21T00:26:14.996932259Z   File "/usr/local/lib/python3.13/site-packages/fastapi/applications.py", line 1159, in __call__
2026-09-21T00:26:14.996943481Z     await super().__call__(scope, receive, send)
2026-09-21T00:26:14.996949393Z   File "/usr/local/lib/python3.13/site-packages/starlette/applications.py", line 107, in __call__
2026-09-21T00:26:14.996951507Z     await self.middleware_stack(scope, receive, send)
2026-09-21T00:26:14.996953561Z   File "/usr/local/lib/python3.13/site-packages/starlette/middleware/errors.py", line 186, in __call__
2026-09-21T00:26:14.996955535Z     raise exc
2026-09-21T00:26:14.996957449Z   File "/usr/local/lib/python3.13/site-packages/starlette/middleware/errors.py", line 164, in __call__
2026-09-21T00:26:14.996972669Z     await self.app(scope, receive, _send)
2026-09-21T00:26:14.996975635Z   File "/usr/local/lib/python3.13/site-packages/opentelemetry/instrumentation/asgi/__init__.py", line 806, in __call__
2026-09-21T00:26:14.996977558Z     await self.app(scope, otel_receive, otel_send)
2026-09-21T00:26:14.996982648Z   File "/usr/local/lib/python3.13/site-packages/starlette/middleware/errors.py", line 186, in __call__
2026-09-21T00:26:14.996984843Z     raise exc
2026-09-21T00:26:14.996986777Z   File "/usr/local/lib/python3.13/site-packages/starlette/middleware/errors.py", line 164, in __call__
2026-09-21T00:26:14.996988680Z     await self.app(scope, receive, _send)
2026-09-21T00:26:14.996990584Z   File "/usr/local/lib/python3.13/site-packages/opentelemetry/instrumentation/fastapi/__init__.py", line 305, in __call__
2026-09-21T00:26:14.996992698Z     await self.app(scope, receive, send)
2026-09-21T00:26:14.996994602Z   File "/usr/local/lib/python3.13/site-packages/prometheus_fastapi_instrumentator/middleware.py", line 177, in __call__
2026-09-21T00:26:14.996996526Z     raise exc
2026-09-21T00:26:14.996998400Z   File "/usr/local/lib/python3.13/site-packages/prometheus_fastapi_instrumentator/middleware.py", line 175, in __call__
2026-09-21T00:26:14.997000273Z     await self.app(scope, receive, send_wrapper)
2026-09-21T00:26:14.997002177Z   File "/usr/local/lib/python3.13/site-packages/starlette/middleware/exceptions.py", line 63, in __call__
2026-09-21T00:26:14.997004902Z     await wrap_app_handling_exceptions(self.app, conn)(scope, receive, send)
2026-09-21T00:26:14.997006776Z   File "/usr/local/lib/python3.13/site-packages/starlette/_exception_handler.py", line 53, in wrapped_app
2026-09-21T00:26:14.997008650Z     raise exc
2026-09-21T00:26:14.997010533Z   File "/usr/local/lib/python3.13/site-packages/starlette/_exception_handler.py", line 42, in wrapped_app
2026-09-21T00:26:14.997012407Z     await app(scope, receive, sender)
2026-09-21T00:26:14.997014271Z   File "/usr/local/lib/python3.13/site-packages/fastapi/middleware/asyncexitstack.py", line 18, in __call__
2026-09-21T00:26:14.997016155Z     await self.app(scope, receive, send)
2026-09-21T00:26:14.997018108Z   File "/usr/local/lib/python3.13/site-packages/starlette/routing.py", line 716, in __call__
2026-09-21T00:26:14.997019992Z     await self.middleware_stack(scope, receive, send)
2026-09-21T00:26:14.997021876Z   File "/usr/local/lib/python3.13/site-packages/starlette/routing.py", line 736, in app
2026-09-21T00:26:14.997023750Z     await route.handle(scope, receive, send)
2026-09-21T00:26:14.997025633Z   File "/usr/local/lib/python3.13/site-packages/starlette/routing.py", line 290, in handle
2026-09-21T00:26:14.997027507Z     await self.app(scope, receive, send)
2026-09-21T00:26:14.997029381Z   File "/usr/local/lib/python3.13/site-packages/fastapi/routing.py", line 134, in app
2026-09-21T00:26:14.997031254Z     await wrap_app_handling_exceptions(app, request)(scope, receive, send)
2026-09-21T00:26:14.997033138Z   File "/usr/local/lib/python3.13/site-packages/starlette/_exception_handler.py", line 53, in wrapped_app
2026-09-21T00:26:14.997035032Z     raise exc
2026-09-21T00:26:14.997036926Z   File "/usr/local/lib/python3.13/site-packages/starlette/_exception_handler.py", line 42, in wrapped_app
2026-09-21T00:26:14.997038799Z     await app(scope, receive, sender)
2026-09-21T00:26:14.997040673Z   File "/usr/local/lib/python3.13/site-packages/fastapi/routing.py", line 120, in app
2026-09-21T00:26:14.997043048Z     response = await f(request)
2026-09-21T00:26:14.997044941Z                ^^^^^^^^^^^^^^^^
2026-09-21T00:26:14.997046795Z   File "/usr/local/lib/python3.13/site-packages/fastapi/routing.py", line 674, in app
2026-09-21T00:26:14.997053528Z     raw_response = await run_endpoint_function(
2026-09-21T00:26:14.997055482Z                    ^^^^^^^^^^^^^^^^^^^^^^^^^^^^
2026-09-21T00:26:14.997057907Z     ...<3 lines>...
2026-09-21T00:26:14.997059801Z     )
2026-09-21T00:26:14.997061695Z     ^
2026-09-21T00:26:14.997063628Z   File "/usr/local/lib/python3.13/site-packages/fastapi/routing.py", line 330, in run_endpoint_function
2026-09-21T00:26:14.997065502Z     return await run_in_threadpool(dependant.call, **values)
2026-09-21T00:26:14.997067386Z            ^^^^^^^^^^^^^^^^^^^^^^^^^^^^^^^^^^^^^^^^^^^^^^^^^
2026-09-21T00:26:14.997084730Z   File "/usr/local/lib/python3.13/site-packages/starlette/concurrency.py", line 32, in run_in_threadpool
2026-09-21T00:26:14.997086884Z     return await anyio.to_thread.run_sync(func)
2026-09-21T00:26:14.997088798Z            ^^^^^^^^^^^^^^^^^^^^^^^^^^^^^^^^^^^^
2026-09-21T00:26:14.997090682Z   File "/usr/local/lib/python3.13/site-packages/anyio/to_thread.py", line 63, in run_sync
2026-09-21T00:26:14.997092575Z     return await get_async_backend().run_sync_in_worker_thread(
2026-09-21T00:26:14.997094469Z            ^^^^^^^^^^^^^^^^^^^^^^^^^^^^^^^^^^^^^^^^^^^^^^^^^^^^
2026-09-21T00:26:14.997096343Z         func, args, abandon_on_cancel=abandon_on_cancel, limiter=limiter
2026-09-21T00:26:14.997098387Z         ^^^^^^^^^^^^^^^^^^^^^^^^^^^^^^^^^^^^^^^^^^^^^^^^^^^^^^^^^^^^^^^^
2026-09-21T00:26:14.997100311Z     )
2026-09-21T00:26:14.997102204Z     ^
2026-09-21T00:26:14.997104228Z   File "/usr/local/lib/python3.13/site-packages/anyio/_backends/_asyncio.py", line 2518, in run_sync_in_worker_thread
2026-09-21T00:26:14.997106122Z     return await future
2026-09-21T00:26:14.997108006Z            ^^^^^^^^^^^^
2026-09-21T00:26:14.997109890Z   File "/usr/local/lib/python3.13/site-packages/anyio/_backends/_asyncio.py", line 1002, in run
2026-09-21T00:26:14.997111793Z     result = context.run(func, *args)
2026-09-21T00:26:14.997113767Z   File "/app/app/routers/orders.py", line 36, in checkout
2026-09-21T00:26:14.997115671Z     return create_order(
2026-09-21T00:26:14.997117575Z         db=db,
2026-09-21T00:26:14.997119479Z     ...<2 lines>...
2026-09-21T00:26:14.997121362Z         correlation_id=correlation_id,
2026-09-21T00:26:14.997123266Z     )
2026-09-21T00:26:14.997125180Z   File "/app/app/services/order_service.py", line 42, in create_order
2026-09-21T00:26:14.997127144Z     result = db.execute(
2026-09-21T00:26:14.997129068Z         select(ProductModel).where(ProductModel.id == product_id)
2026-09-21T00:26:14.997130941Z     )
2026-09-21T00:26:14.997132825Z   File "/usr/local/lib/python3.13/site-packages/sqlalchemy/orm/session.py", line 2372, in execute
2026-09-21T00:26:14.997134709Z     return self._execute_internal(
2026-09-21T00:26:14.997136632Z            ~~~~~~~~~~~~~~~~~~~~~~^
2026-09-21T00:26:14.997138526Z         statement,
2026-09-21T00:26:14.997140420Z         ^^^^^^^^^^
2026-09-21T00:26:14.997142334Z     ...<4 lines>...
2026-09-21T00:26:14.997144258Z         _add_event=_add_event,
2026-09-21T00:26:14.997146151Z         ^^^^^^^^^^^^^^^^^^^^^^
2026-09-21T00:26:14.997148035Z     )
2026-09-21T00:26:14.997149899Z     ^
2026-09-21T00:26:14.997151792Z   File "/usr/local/lib/python3.13/site-packages/sqlalchemy/orm/session.py", line 2260, in _execute_internal
2026-09-21T00:26:14.997153726Z     conn = self._connection_for_bind(bind)
2026-09-21T00:26:14.997155620Z   File "/usr/local/lib/python3.13/site-packages/sqlalchemy/orm/session.py", line 2112, in _connection_for_bind
2026-09-21T00:26:14.997157544Z     return trans._connection_for_bind(engine, execution_options)
2026-09-21T00:26:14.997159458Z            ~~~~~~~~~~~~~~~~~~~~~~~~~~^^^^^^^^^^^^^^^^^^^^^^^^^^^
2026-09-21T00:26:14.997165990Z   File "<string>", line 2, in _connection_for_bind
2026-09-21T00:26:14.997167934Z   File "/usr/local/lib/python3.13/site-packages/sqlalchemy/orm/state_changes.py", line 137, in _go
2026-09-21T00:26:14.997169828Z     ret_value = fn(self, *arg, **kw)
2026-09-21T00:26:14.997171712Z   File "/usr/local/lib/python3.13/site-packages/sqlalchemy/orm/session.py", line 1191, in _connection_for_bind
2026-09-21T00:26:14.997173605Z     conn = bind.connect()
2026-09-21T00:26:14.997176090Z   File "/usr/local/lib/python3.13/site-packages/opentelemetry/instrumentation/sqlalchemy/engine.py", line 200, in _wrap_connect_internal
2026-09-21T00:26:14.997178004Z     return func(*args, **kwargs)
2026-09-21T00:26:14.997179928Z   File "/usr/local/lib/python3.13/site-packages/sqlalchemy/engine/base.py", line 3295, in connect
2026-09-21T00:26:14.997181822Z     return self._connection_cls(self)
2026-09-21T00:26:14.997183685Z            ~~~~~~~~~~~~~~~~~~~~^^^^^^
2026-09-21T00:26:14.997185609Z   File "/usr/local/lib/python3.13/site-packages/sqlalchemy/engine/base.py", line 144, in __init__
2026-09-21T00:26:14.997187493Z     self._dbapi_connection = engine.raw_connection()
2026-09-21T00:26:14.997189357Z                              ~~~~~~~~~~~~~~~~~~~~~^^
2026-09-21T00:26:14.997191230Z   File "/usr/local/lib/python3.13/site-packages/sqlalchemy/engine/base.py", line 3319, in raw_connection
2026-09-21T00:26:14.997193114Z     return self.pool.connect()
2026-09-21T00:26:14.997195038Z            ~~~~~~~~~~~~~~~~~^^
2026-09-21T00:26:14.997196942Z   File "/usr/local/lib/python3.13/site-packages/sqlalchemy/pool/base.py", line 448, in connect
2026-09-21T00:26:14.997198855Z     return _ConnectionFairy._checkout(self)
2026-09-21T00:26:14.997200739Z            ~~~~~~~~~~~~~~~~~~~~~~~~~~^^^^^^
2026-09-21T00:26:14.997202613Z   File "/usr/local/lib/python3.13/site-packages/sqlalchemy/pool/base.py", line 1272, in _checkout
2026-09-21T00:26:14.997204587Z     fairy = _ConnectionRecord.checkout(pool)
2026-09-21T00:26:14.997206480Z   File "/usr/local/lib/python3.13/site-packages/sqlalchemy/pool/base.py", line 712, in checkout
2026-09-21T00:26:14.997208374Z     rec = pool._do_get()
2026-09-21T00:26:14.997210278Z   File "/usr/local/lib/python3.13/site-packages/sqlalchemy/pool/impl.py", line 167, in _do_get
2026-09-21T00:26:14.997212182Z     raise exc.TimeoutError(
2026-09-21T00:26:14.997214055Z     ...<4 lines>...
2026-09-21T00:26:14.997215949Z     )
2026-09-21T00:26:14.997218464Z sqlalchemy.exc.TimeoutError: QueuePool limit of size 5 overflow 10 reached, connection timed out, timeout 30.00 (Background on this error at: https://sqlalche.me/e/20/3o7r)
2026-09-21T00:26:15.002703955Z ERROR:    Exception in ASGI application
2026-09-21T00:26:15.002735848Z Traceback (most recent call last):
2026-09-21T00:26:15.002738984Z   File "/usr/local/lib/python3.13/site-packages/uvicorn/protocols/http/httptools_impl.py", line 421, in run_asgi
2026-09-21T00:26:15.002741459Z     result = await app(  # type: ignore[func-returns-value]
2026-09-21T00:26:15.002743363Z              ^^^^^^^^^^^^^^^^^^^^^^^^^^^^^^^^^^^^^^^^^^^^^^
2026-09-21T00:26:15.002745266Z         self.scope, self.receive, self.send
2026-09-21T00:26:15.002747160Z         ^^^^^^^^^^^^^^^^^^^^^^^^^^^^^^^^^^^
2026-09-21T00:26:15.002749084Z     )
2026-09-21T00:26:15.002751018Z     ^
2026-09-21T00:26:15.002752931Z   File "/usr/local/lib/python3.13/site-packages/uvicorn/middleware/proxy_headers.py", line 63, in __call__
2026-09-21T00:26:15.002754865Z     return await self.app(scope, receive, send)
2026-09-21T00:26:15.002756749Z            ^^^^^^^^^^^^^^^^^^^^^^^^^^^^^^^^^^^^
2026-09-21T00:26:15.002774895Z   File "/usr/local/lib/python3.13/site-packages/fastapi/applications.py", line 1159, in __call__
2026-09-21T00:26:15.002776959Z     await super().__call__(scope, receive, send)
2026-09-21T00:26:15.002778853Z   File "/usr/local/lib/python3.13/site-packages/starlette/applications.py", line 107, in __call__
2026-09-21T00:26:15.002781167Z     await self.middleware_stack(scope, receive, send)
2026-09-21T00:26:15.002783061Z   File "/usr/local/lib/python3.13/site-packages/starlette/middleware/errors.py", line 186, in __call__
2026-09-21T00:26:15.002784995Z     raise exc
2026-09-21T00:26:15.002786929Z   File "/usr/local/lib/python3.13/site-packages/starlette/middleware/errors.py", line 164, in __call__
2026-09-21T00:26:15.002788832Z     await self.app(scope, receive, _send)
2026-09-21T00:26:15.002791558Z   File "/usr/local/lib/python3.13/site-packages/opentelemetry/instrumentation/asgi/__init__.py", line 806, in __call__
2026-09-21T00:26:15.002793441Z     await self.app(scope, otel_receive, otel_send)
2026-09-21T00:26:15.002795345Z   File "/usr/local/lib/python3.13/site-packages/starlette/middleware/errors.py", line 186, in __call__
2026-09-21T00:26:15.002797229Z     raise exc
2026-09-21T00:26:15.002799113Z   File "/usr/local/lib/python3.13/site-packages/starlette/middleware/errors.py", line 164, in __call__
2026-09-21T00:26:15.002800996Z     await self.app(scope, receive, _send)
2026-09-21T00:26:15.002802900Z   File "/usr/local/lib/python3.13/site-packages/opentelemetry/instrumentation/fastapi/__init__.py", line 305, in __call__
2026-09-21T00:26:15.002804834Z     await self.app(scope, receive, send)
2026-09-21T00:26:15.002806738Z   File "/usr/local/lib/python3.13/site-packages/prometheus_fastapi_instrumentator/middleware.py", line 177, in __call__
2026-09-21T00:26:15.002808621Z     raise exc
2026-09-21T00:26:15.002810505Z   File "/usr/local/lib/python3.13/site-packages/prometheus_fastapi_instrumentator/middleware.py", line 175, in __call__
2026-09-21T00:26:15.002812379Z     await self.app(scope, receive, send_wrapper)
2026-09-21T00:26:15.002814353Z   File "/usr/local/lib/python3.13/site-packages/starlette/middleware/exceptions.py", line 63, in __call__
2026-09-21T00:26:15.002816918Z     await wrap_app_handling_exceptions(self.app, conn)(scope, receive, send)
2026-09-21T00:26:15.002818832Z   File "/usr/local/lib/python3.13/site-packages/starlette/_exception_handler.py", line 53, in wrapped_app
2026-09-21T00:26:15.002820715Z     raise exc
2026-09-21T00:26:15.002822609Z   File "/usr/local/lib/python3.13/site-packages/starlette/_exception_handler.py", line 42, in wrapped_app
2026-09-21T00:26:15.002824503Z     await app(scope, receive, sender)
2026-09-21T00:26:15.002826477Z   File "/usr/local/lib/python3.13/site-packages/fastapi/middleware/asyncexitstack.py", line 18, in __call__
2026-09-21T00:26:15.002828380Z     await self.app(scope, receive, send)
2026-09-21T00:26:15.002830324Z   File "/usr/local/lib/python3.13/site-packages/starlette/routing.py", line 716, in __call__
2026-09-21T00:26:15.002832238Z     await self.middleware_stack(scope, receive, send)
2026-09-21T00:26:15.002834222Z   File "/usr/local/lib/python3.13/site-packages/starlette/routing.py", line 736, in app
2026-09-21T00:26:15.002836096Z     await route.handle(scope, receive, send)
2026-09-21T00:26:15.002837999Z   File "/usr/local/lib/python3.13/site-packages/starlette/routing.py", line 290, in handle
2026-09-21T00:26:15.002839863Z     await self.app(scope, receive, send)
2026-09-21T00:26:15.002841747Z   File "/usr/local/lib/python3.13/site-packages/fastapi/routing.py", line 134, in app
2026-09-21T00:26:15.002843621Z     await wrap_app_handling_exceptions(app, request)(scope, receive, send)
2026-09-21T00:26:15.002845504Z   File "/usr/local/lib/python3.13/site-packages/starlette/_exception_handler.py", line 53, in wrapped_app
2026-09-21T00:26:15.002852388Z     raise exc
2026-09-21T00:26:15.002854382Z   File "/usr/local/lib/python3.13/site-packages/starlette/_exception_handler.py", line 42, in wrapped_app
2026-09-21T00:26:15.002856306Z     await app(scope, receive, sender)
2026-09-21T00:26:15.002858179Z   File "/usr/local/lib/python3.13/site-packages/fastapi/routing.py", line 120, in app
2026-09-21T00:26:15.002860594Z     response = await f(request)
2026-09-21T00:26:15.002862488Z                ^^^^^^^^^^^^^^^^
2026-09-21T00:26:15.002864392Z   File "/usr/local/lib/python3.13/site-packages/fastapi/routing.py", line 674, in app
2026-09-21T00:26:15.002866285Z     raw_response = await run_endpoint_function(
2026-09-21T00:26:15.002868169Z                    ^^^^^^^^^^^^^^^^^^^^^^^^^^^^
2026-09-21T00:26:15.002870734Z     ...<3 lines>...
2026-09-21T00:26:15.002872628Z     )
2026-09-21T00:26:15.002874542Z     ^
2026-09-21T00:26:15.002876435Z   File "/usr/local/lib/python3.13/site-packages/fastapi/routing.py", line 330, in run_endpoint_function
2026-09-21T00:26:15.002878319Z     return await run_in_threadpool(dependant.call, **values)
2026-09-21T00:26:15.002880233Z            ^^^^^^^^^^^^^^^^^^^^^^^^^^^^^^^^^^^^^^^^^^^^^^^^^
2026-09-21T00:26:15.002888289Z   File "/usr/local/lib/python3.13/site-packages/starlette/concurrency.py", line 32, in run_in_threadpool
2026-09-21T00:26:15.002890383Z     return await anyio.to_thread.run_sync(func)
2026-09-21T00:26:15.002892297Z            ^^^^^^^^^^^^^^^^^^^^^^^^^^^^^^^^^^^^
2026-09-21T00:26:15.002894190Z   File "/usr/local/lib/python3.13/site-packages/anyio/to_thread.py", line 63, in run_sync
2026-09-21T00:26:15.002896114Z     return await get_async_backend().run_sync_in_worker_thread(
2026-09-21T00:26:15.002897998Z            ^^^^^^^^^^^^^^^^^^^^^^^^^^^^^^^^^^^^^^^^^^^^^^^^^^^^
2026-09-21T00:26:15.002899892Z         func, args, abandon_on_cancel=abandon_on_cancel, limiter=limiter
2026-09-21T00:26:15.002901775Z         ^^^^^^^^^^^^^^^^^^^^^^^^^^^^^^^^^^^^^^^^^^^^^^^^^^^^^^^^^^^^^^^^
2026-09-21T00:26:15.002903679Z     )
2026-09-21T00:26:15.002905593Z     ^
2026-09-21T00:26:15.002907517Z   File "/usr/local/lib/python3.13/site-packages/anyio/_backends/_asyncio.py", line 2518, in run_sync_in_worker_thread
2026-09-21T00:26:15.002909430Z     return await future
2026-09-21T00:26:15.002911344Z            ^^^^^^^^^^^^
2026-09-21T00:26:15.002913218Z   File "/usr/local/lib/python3.13/site-packages/anyio/_backends/_asyncio.py", line 1002, in run
2026-09-21T00:26:15.002915122Z     result = context.run(func, *args)
2026-09-21T00:26:15.002916995Z   File "/app/app/routers/orders.py", line 36, in checkout
2026-09-21T00:26:15.002918889Z     return create_order(
2026-09-21T00:26:15.002920833Z         db=db,
2026-09-21T00:26:15.002922757Z     ...<2 lines>...
2026-09-21T00:26:15.002924651Z         correlation_id=correlation_id,
2026-09-21T00:26:15.002926554Z     )
2026-09-21T00:26:15.002928478Z   File "/app/app/services/order_service.py", line 42, in create_order
2026-09-21T00:26:15.002930372Z     result = db.execute(
2026-09-21T00:26:15.002932266Z         select(ProductModel).where(ProductModel.id == product_id)
2026-09-21T00:26:15.002934169Z     )
2026-09-21T00:26:15.002936093Z   File "/usr/local/lib/python3.13/site-packages/sqlalchemy/orm/session.py", line 2372, in execute
2026-09-21T00:26:15.002937997Z     return self._execute_internal(
2026-09-21T00:26:15.002939881Z            ~~~~~~~~~~~~~~~~~~~~~~^
2026-09-21T00:26:15.002941754Z         statement,
2026-09-21T00:26:15.002943648Z         ^^^^^^^^^^
2026-09-21T00:26:15.002945532Z     ...<4 lines>...
2026-09-21T00:26:15.002953347Z         _add_event=_add_event,
2026-09-21T00:26:15.002955521Z         ^^^^^^^^^^^^^^^^^^^^^^
2026-09-21T00:26:15.002957415Z     )
2026-09-21T00:26:15.002959319Z     ^
2026-09-21T00:26:15.002961243Z   File "/usr/local/lib/python3.13/site-packages/sqlalchemy/orm/session.py", line 2260, in _execute_internal
2026-09-21T00:26:15.002963136Z     conn = self._connection_for_bind(bind)
2026-09-21T00:26:15.002965040Z   File "/usr/local/lib/python3.13/site-packages/sqlalchemy/orm/session.py", line 2112, in _connection_for_bind
2026-09-21T00:26:15.002967124Z     return trans._connection_for_bind(engine, execution_options)
2026-09-21T00:26:15.002969008Z            ~~~~~~~~~~~~~~~~~~~~~~~~~~^^^^^^^^^^^^^^^^^^^^^^^^^^^
2026-09-21T00:26:15.002970932Z   File "<string>", line 2, in _connection_for_bind
2026-09-21T00:26:15.002973036Z   File "/usr/local/lib/python3.13/site-packages/sqlalchemy/orm/state_changes.py", line 137, in _go
2026-09-21T00:26:15.002974940Z     ret_value = fn(self, *arg, **kw)
2026-09-21T00:26:15.002976874Z   File "/usr/local/lib/python3.13/site-packages/sqlalchemy/orm/session.py", line 1191, in _connection_for_bind
2026-09-21T00:26:15.002978767Z     conn = bind.connect()
2026-09-21T00:26:15.002981212Z   File "/usr/local/lib/python3.13/site-packages/opentelemetry/instrumentation/sqlalchemy/engine.py", line 200, in _wrap_connect_internal
2026-09-21T00:26:15.002983116Z     return func(*args, **kwargs)
2026-09-21T00:26:15.002985030Z   File "/usr/local/lib/python3.13/site-packages/sqlalchemy/engine/base.py", line 3295, in connect
2026-09-21T00:26:15.002986933Z     return self._connection_cls(self)
2026-09-21T00:26:15.002988847Z            ~~~~~~~~~~~~~~~~~~~~^^^^^^
2026-09-21T00:26:15.002990741Z   File "/usr/local/lib/python3.13/site-packages/sqlalchemy/engine/base.py", line 144, in __init__
2026-09-21T00:26:15.002992635Z     self._dbapi_connection = engine.raw_connection()
2026-09-21T00:26:15.002994498Z                              ~~~~~~~~~~~~~~~~~~~~~^^
2026-09-21T00:26:15.002996392Z   File "/usr/local/lib/python3.13/site-packages/sqlalchemy/engine/base.py", line 3319, in raw_connection
2026-09-21T00:26:15.002998276Z     return self.pool.connect()
2026-09-21T00:26:15.003000150Z            ~~~~~~~~~~~~~~~~~^^
2026-09-21T00:26:15.003002053Z   File "/usr/local/lib/python3.13/site-packages/sqlalchemy/pool/base.py", line 448, in connect
2026-09-21T00:26:15.003003967Z     return _ConnectionFairy._checkout(self)
2026-09-21T00:26:15.003005921Z            ~~~~~~~~~~~~~~~~~~~~~~~~~~^^^^^^
2026-09-21T00:26:15.003010720Z   File "/usr/local/lib/python3.13/site-packages/sqlalchemy/pool/base.py", line 1272, in _checkout
2026-09-21T00:26:15.003012684Z     fairy = _ConnectionRecord.checkout(pool)
2026-09-21T00:26:15.003014608Z   File "/usr/local/lib/python3.13/site-packages/sqlalchemy/pool/base.py", line 712, in checkout
2026-09-21T00:26:15.003016522Z     rec = pool._do_get()
2026-09-21T00:26:15.003018416Z   File "/usr/local/lib/python3.13/site-packages/sqlalchemy/pool/impl.py", line 167, in _do_get
2026-09-21T00:26:15.003020309Z     raise exc.TimeoutError(
2026-09-21T00:26:15.003022223Z     ...<4 lines>...
2026-09-21T00:26:15.003024107Z     )
2026-09-21T00:26:15.003026572Z sqlalchemy.exc.TimeoutError: QueuePool limit of size 5 overflow 10 reached, connection timed out, timeout 30.00 (Background on this error at: https://sqlalche.me/e/20/3o7r)
2026-09-21T00:26:15.220046283Z ERROR:    Exception in ASGI application
2026-09-21T00:26:15.220082594Z Traceback (most recent call last):
2026-09-21T00:26:15.220088265Z   File "/usr/local/lib/python3.13/site-packages/uvicorn/protocols/http/httptools_impl.py", line 421, in run_asgi
2026-09-21T00:26:15.220123375Z     result = await app(  # type: ignore[func-returns-value]
2026-09-21T00:26:15.220128295Z              ^^^^^^^^^^^^^^^^^^^^^^^^^^^^^^^^^^^^^^^^^^^^^^
2026-09-21T00:26:15.220132543Z         self.scope, self.receive, self.send
2026-09-21T00:26:15.220136781Z         ^^^^^^^^^^^^^^^^^^^^^^^^^^^^^^^^^^^
2026-09-21T00:26:15.220141020Z     )
2026-09-21T00:26:15.220145378Z     ^
2026-09-21T00:26:15.220149707Z   File "/usr/local/lib/python3.13/site-packages/uvicorn/middleware/proxy_headers.py", line 63, in __call__
2026-09-21T00:26:15.220153955Z     return await self.app(scope, receive, send)
2026-09-21T00:26:15.220158174Z            ^^^^^^^^^^^^^^^^^^^^^^^^^^^^^^^^^^^^
2026-09-21T00:26:15.220163374Z   File "/usr/local/lib/python3.13/site-packages/fastapi/applications.py", line 1159, in __call__
2026-09-21T00:26:15.220167642Z     await super().__call__(scope, receive, send)
2026-09-21T00:26:15.220171851Z   File "/usr/local/lib/python3.13/site-packages/starlette/applications.py", line 107, in __call__
2026-09-21T00:26:15.220176109Z     await self.middleware_stack(scope, receive, send)
2026-09-21T00:26:15.220180327Z   File "/usr/local/lib/python3.13/site-packages/starlette/middleware/errors.py", line 186, in __call__
2026-09-21T00:26:15.220184676Z     raise exc
2026-09-21T00:26:15.220188974Z   File "/usr/local/lib/python3.13/site-packages/starlette/middleware/errors.py", line 164, in __call__
2026-09-21T00:26:15.220193233Z     await self.app(scope, receive, _send)
2026-09-21T00:26:15.220198223Z   File "/usr/local/lib/python3.13/site-packages/opentelemetry/instrumentation/asgi/__init__.py", line 806, in __call__
2026-09-21T00:26:15.220202471Z     await self.app(scope, otel_receive, otel_send)
2026-09-21T00:26:15.220206709Z   File "/usr/local/lib/python3.13/site-packages/starlette/middleware/errors.py", line 186, in __call__
2026-09-21T00:26:15.220210938Z     raise exc
2026-09-21T00:26:15.220215386Z   File "/usr/local/lib/python3.13/site-packages/starlette/middleware/errors.py", line 164, in __call__
2026-09-21T00:26:15.220219625Z     await self.app(scope, receive, _send)
2026-09-21T00:26:15.220223893Z   File "/usr/local/lib/python3.13/site-packages/opentelemetry/instrumentation/fastapi/__init__.py", line 305, in __call__
2026-09-21T00:26:15.220228112Z     await self.app(scope, receive, send)
2026-09-21T00:26:15.220232420Z   File "/usr/local/lib/python3.13/site-packages/prometheus_fastapi_instrumentator/middleware.py", line 177, in __call__
2026-09-21T00:26:15.220236709Z     raise exc
2026-09-21T00:26:15.220240947Z   File "/usr/local/lib/python3.13/site-packages/prometheus_fastapi_instrumentator/middleware.py", line 175, in __call__
2026-09-21T00:26:15.220245145Z     await self.app(scope, receive, send_wrapper)
2026-09-21T00:26:15.220249384Z   File "/usr/local/lib/python3.13/site-packages/starlette/middleware/exceptions.py", line 63, in __call__
2026-09-21T00:26:15.220254143Z     await wrap_app_handling_exceptions(self.app, conn)(scope, receive, send)
2026-09-21T00:26:15.220258411Z   File "/usr/local/lib/python3.13/site-packages/starlette/_exception_handler.py", line 53, in wrapped_app
2026-09-21T00:26:15.220262670Z     raise exc
2026-09-21T00:26:15.220266978Z   File "/usr/local/lib/python3.13/site-packages/starlette/_exception_handler.py", line 42, in wrapped_app
2026-09-21T00:26:15.220271197Z     await app(scope, receive, sender)
2026-09-21T00:26:15.220275435Z   File "/usr/local/lib/python3.13/site-packages/fastapi/middleware/asyncexitstack.py", line 18, in __call__
2026-09-21T00:26:15.220279613Z     await self.app(scope, receive, send)
2026-09-21T00:26:15.220283872Z   File "/usr/local/lib/python3.13/site-packages/starlette/routing.py", line 716, in __call__
2026-09-21T00:26:15.220288120Z     await self.middleware_stack(scope, receive, send)
2026-09-21T00:26:15.220302709Z   File "/usr/local/lib/python3.13/site-packages/starlette/routing.py", line 736, in app
2026-09-21T00:26:15.220307078Z     await route.handle(scope, receive, send)
2026-09-21T00:26:15.220311386Z   File "/usr/local/lib/python3.13/site-packages/starlette/routing.py", line 290, in handle
2026-09-21T00:26:15.220315624Z     await self.app(scope, receive, send)
2026-09-21T00:26:15.220319853Z   File "/usr/local/lib/python3.13/site-packages/fastapi/routing.py", line 134, in app
2026-09-21T00:26:15.220324051Z     await wrap_app_handling_exceptions(app, request)(scope, receive, send)
2026-09-21T00:26:15.220328259Z   File "/usr/local/lib/python3.13/site-packages/starlette/_exception_handler.py", line 53, in wrapped_app
2026-09-21T00:26:15.220332488Z     raise exc
2026-09-21T00:26:15.220336716Z   File "/usr/local/lib/python3.13/site-packages/starlette/_exception_handler.py", line 42, in wrapped_app
2026-09-21T00:26:15.220340924Z     await app(scope, receive, sender)
2026-09-21T00:26:15.220345203Z   File "/usr/local/lib/python3.13/site-packages/fastapi/routing.py", line 120, in app
2026-09-21T00:26:15.220349922Z     response = await f(request)
2026-09-21T00:26:15.220354150Z                ^^^^^^^^^^^^^^^^
2026-09-21T00:26:15.220358509Z   File "/usr/local/lib/python3.13/site-packages/fastapi/routing.py", line 674, in app
2026-09-21T00:26:15.220362737Z     raw_response = await run_endpoint_function(
2026-09-21T00:26:15.220366986Z                    ^^^^^^^^^^^^^^^^^^^^^^^^^^^^
2026-09-21T00:26:15.220372216Z     ...<3 lines>...
2026-09-21T00:26:15.220376444Z     )
2026-09-21T00:26:15.220380773Z     ^
2026-09-21T00:26:15.220385031Z   File "/usr/local/lib/python3.13/site-packages/fastapi/routing.py", line 330, in run_endpoint_function
2026-09-21T00:26:15.220389260Z     return await run_in_threadpool(dependant.call, **values)
2026-09-21T00:26:15.220393538Z            ^^^^^^^^^^^^^^^^^^^^^^^^^^^^^^^^^^^^^^^^^^^^^^^^^
2026-09-21T00:26:15.220459909Z   File "/usr/local/lib/python3.13/site-packages/starlette/concurrency.py", line 32, in run_in_threadpool
2026-09-21T00:26:15.220469799Z     return await anyio.to_thread.run_sync(func)
2026-09-21T00:26:15.220474177Z            ^^^^^^^^^^^^^^^^^^^^^^^^^^^^^^^^^^^^
2026-09-21T00:26:15.220478516Z   File "/usr/local/lib/python3.13/site-packages/anyio/to_thread.py", line 63, in run_sync
2026-09-21T00:26:15.220482825Z     return await get_async_backend().run_sync_in_worker_thread(
2026-09-21T00:26:15.220487103Z            ^^^^^^^^^^^^^^^^^^^^^^^^^^^^^^^^^^^^^^^^^^^^^^^^^^^^
2026-09-21T00:26:15.220491381Z         func, args, abandon_on_cancel=abandon_on_cancel, limiter=limiter
2026-09-21T00:26:15.220495620Z         ^^^^^^^^^^^^^^^^^^^^^^^^^^^^^^^^^^^^^^^^^^^^^^^^^^^^^^^^^^^^^^^^
2026-09-21T00:26:15.220499918Z     )
2026-09-21T00:26:15.220504197Z     ^
2026-09-21T00:26:15.220508465Z   File "/usr/local/lib/python3.13/site-packages/anyio/_backends/_asyncio.py", line 2518, in run_sync_in_worker_thread
2026-09-21T00:26:15.220512784Z     return await future
2026-09-21T00:26:15.220517152Z            ^^^^^^^^^^^^
2026-09-21T00:26:15.220521371Z   File "/usr/local/lib/python3.13/site-packages/anyio/_backends/_asyncio.py", line 1002, in run
2026-09-21T00:26:15.220525599Z     result = context.run(func, *args)
2026-09-21T00:26:15.220529847Z   File "/app/app/routers/orders.py", line 36, in checkout
2026-09-21T00:26:15.220534126Z     return create_order(
2026-09-21T00:26:15.220538484Z         db=db,
2026-09-21T00:26:15.220542793Z     ...<2 lines>...
2026-09-21T00:26:15.220547172Z         correlation_id=correlation_id,
2026-09-21T00:26:15.220551420Z     )
2026-09-21T00:26:15.220572441Z   File "/app/app/services/order_service.py", line 42, in create_order
2026-09-21T00:26:15.220576960Z     result = db.execute(
2026-09-21T00:26:15.220581259Z         select(ProductModel).where(ProductModel.id == product_id)
2026-09-21T00:26:15.220585497Z     )
2026-09-21T00:26:15.220589926Z   File "/usr/local/lib/python3.13/site-packages/sqlalchemy/orm/session.py", line 2372, in execute
2026-09-21T00:26:15.220594124Z     return self._execute_internal(
2026-09-21T00:26:15.220598423Z            ~~~~~~~~~~~~~~~~~~~~~~^
2026-09-21T00:26:15.220602681Z         statement,
2026-09-21T00:26:15.220606930Z         ^^^^^^^^^^
2026-09-21T00:26:15.220611168Z     ...<4 lines>...
2026-09-21T00:26:15.220615406Z         _add_event=_add_event,
2026-09-21T00:26:15.220619595Z         ^^^^^^^^^^^^^^^^^^^^^^
2026-09-21T00:26:15.220623833Z     )
2026-09-21T00:26:15.220628111Z     ^
2026-09-21T00:26:15.220632410Z   File "/usr/local/lib/python3.13/site-packages/sqlalchemy/orm/session.py", line 2260, in _execute_internal
2026-09-21T00:26:15.220636708Z     conn = self._connection_for_bind(bind)
2026-09-21T00:26:15.220640987Z   File "/usr/local/lib/python3.13/site-packages/sqlalchemy/orm/session.py", line 2112, in _connection_for_bind
2026-09-21T00:26:15.220645285Z     return trans._connection_for_bind(engine, execution_options)
2026-09-21T00:26:15.220649534Z            ~~~~~~~~~~~~~~~~~~~~~~~~~~^^^^^^^^^^^^^^^^^^^^^^^^^^^
2026-09-21T00:26:15.220653792Z   File "<string>", line 2, in _connection_for_bind
2026-09-21T00:26:15.220658040Z   File "/usr/local/lib/python3.13/site-packages/sqlalchemy/orm/state_changes.py", line 137, in _go
2026-09-21T00:26:15.220662429Z     ret_value = fn(self, *arg, **kw)
2026-09-21T00:26:15.220666758Z   File "/usr/local/lib/python3.13/site-packages/sqlalchemy/orm/session.py", line 1191, in _connection_for_bind
2026-09-21T00:26:15.220671036Z     conn = bind.connect()
2026-09-21T00:26:15.220675856Z   File "/usr/local/lib/python3.13/site-packages/opentelemetry/instrumentation/sqlalchemy/engine.py", line 200, in _wrap_connect_internal
2026-09-21T00:26:15.220680154Z     return func(*args, **kwargs)
2026-09-21T00:26:15.220684382Z   File "/usr/local/lib/python3.13/site-packages/sqlalchemy/engine/base.py", line 3295, in connect
2026-09-21T00:26:15.220688611Z     return self._connection_cls(self)
2026-09-21T00:26:15.220692839Z            ~~~~~~~~~~~~~~~~~~~~^^^^^^
2026-09-21T00:26:15.220697088Z   File "/usr/local/lib/python3.13/site-packages/sqlalchemy/engine/base.py", line 144, in __init__
2026-09-21T00:26:15.220701366Z     self._dbapi_connection = engine.raw_connection()
2026-09-21T00:26:15.220705624Z                              ~~~~~~~~~~~~~~~~~~~~~^^
2026-09-21T00:26:15.220709823Z   File "/usr/local/lib/python3.13/site-packages/sqlalchemy/engine/base.py", line 3319, in raw_connection
2026-09-21T00:26:15.220714061Z     return self.pool.connect()
2026-09-21T00:26:15.220718299Z            ~~~~~~~~~~~~~~~~~^^
2026-09-21T00:26:15.220722558Z   File "/usr/local/lib/python3.13/site-packages/sqlalchemy/pool/base.py", line 448, in connect
2026-09-21T00:26:15.220726816Z     return _ConnectionFairy._checkout(self)
2026-09-21T00:26:15.220731015Z            ~~~~~~~~~~~~~~~~~~~~~~~~~~^^^^^^
2026-09-21T00:26:15.220735253Z   File "/usr/local/lib/python3.13/site-packages/sqlalchemy/pool/base.py", line 1272, in _checkout
2026-09-21T00:26:15.220739491Z     fairy = _ConnectionRecord.checkout(pool)
2026-09-21T00:26:15.220743700Z   File "/usr/local/lib/python3.13/site-packages/sqlalchemy/pool/base.py", line 712, in checkout
2026-09-21T00:26:15.220747978Z     rec = pool._do_get()
2026-09-21T00:26:15.220752206Z   File "/usr/local/lib/python3.13/site-packages/sqlalchemy/pool/impl.py", line 167, in _do_get
2026-09-21T00:26:15.220766344Z     raise exc.TimeoutError(
2026-09-21T00:26:15.220770683Z     ...<4 lines>...
2026-09-21T00:26:15.220774881Z     )
2026-09-21T00:26:15.220782035Z sqlalchemy.exc.TimeoutError: QueuePool limit of size 5 overflow 10 reached, connection timed out, timeout 30.00 (Background on this error at: https://sqlalche.me/e/20/3o7r)
2026-09-21T00:26:15.380661881Z ERROR:    Exception in ASGI application
2026-09-21T00:26:15.380699996Z Traceback (most recent call last):
2026-09-21T00:26:15.380703463Z   File "/usr/local/lib/python3.13/site-packages/uvicorn/protocols/http/httptools_impl.py", line 421, in run_asgi
2026-09-21T00:26:15.380706238Z     result = await app(  # type: ignore[func-returns-value]
2026-09-21T00:26:15.380708192Z              ^^^^^^^^^^^^^^^^^^^^^^^^^^^^^^^^^^^^^^^^^^^^^^
2026-09-21T00:26:15.380710086Z         self.scope, self.receive, self.send
2026-09-21T00:26:15.380712190Z         ^^^^^^^^^^^^^^^^^^^^^^^^^^^^^^^^^^^
2026-09-21T00:26:15.380714124Z     )
2026-09-21T00:26:15.380716088Z     ^
2026-09-21T00:26:15.380718112Z   File "/usr/local/lib/python3.13/site-packages/uvicorn/middleware/proxy_headers.py", line 63, in __call__
2026-09-21T00:26:15.380720035Z     return await self.app(scope, receive, send)
2026-09-21T00:26:15.380721999Z            ^^^^^^^^^^^^^^^^^^^^^^^^^^^^^^^^^^^^
2026-09-21T00:26:15.380724404Z   File "/usr/local/lib/python3.13/site-packages/fastapi/applications.py", line 1159, in __call__
2026-09-21T00:26:15.380726298Z     await super().__call__(scope, receive, send)
2026-09-21T00:26:15.380728222Z   File "/usr/local/lib/python3.13/site-packages/starlette/applications.py", line 107, in __call__
2026-09-21T00:26:15.380730296Z     await self.middleware_stack(scope, receive, send)
2026-09-21T00:26:15.380732179Z   File "/usr/local/lib/python3.13/site-packages/starlette/middleware/errors.py", line 186, in __call__
2026-09-21T00:26:15.380734113Z     raise exc
2026-09-21T00:26:15.380736027Z   File "/usr/local/lib/python3.13/site-packages/starlette/middleware/errors.py", line 164, in __call__
2026-09-21T00:26:15.380737931Z     await self.app(scope, receive, _send)
2026-09-21T00:26:15.380740365Z   File "/usr/local/lib/python3.13/site-packages/opentelemetry/instrumentation/asgi/__init__.py", line 806, in __call__
2026-09-21T00:26:15.380742289Z     await self.app(scope, otel_receive, otel_send)
2026-09-21T00:26:15.380744213Z   File "/usr/local/lib/python3.13/site-packages/starlette/middleware/errors.py", line 186, in __call__
2026-09-21T00:26:15.380746127Z     raise exc
2026-09-21T00:26:15.380748081Z   File "/usr/local/lib/python3.13/site-packages/starlette/middleware/errors.py", line 164, in __call__
2026-09-21T00:26:15.380749974Z     await self.app(scope, receive, _send)
2026-09-21T00:26:15.380751858Z   File "/usr/local/lib/python3.13/site-packages/opentelemetry/instrumentation/fastapi/__init__.py", line 305, in __call__
2026-09-21T00:26:15.380753742Z     await self.app(scope, receive, send)
2026-09-21T00:26:15.380755636Z   File "/usr/local/lib/python3.13/site-packages/prometheus_fastapi_instrumentator/middleware.py", line 177, in __call__
2026-09-21T00:26:15.380757539Z     raise exc
2026-09-21T00:26:15.380759443Z   File "/usr/local/lib/python3.13/site-packages/prometheus_fastapi_instrumentator/middleware.py", line 175, in __call__
2026-09-21T00:26:15.380761337Z     await self.app(scope, receive, send_wrapper)
2026-09-21T00:26:15.380763231Z   File "/usr/local/lib/python3.13/site-packages/starlette/middleware/exceptions.py", line 63, in __call__
2026-09-21T00:26:15.380766106Z     await wrap_app_handling_exceptions(self.app, conn)(scope, receive, send)
2026-09-21T00:26:15.380768090Z   File "/usr/local/lib/python3.13/site-packages/starlette/_exception_handler.py", line 53, in wrapped_app
2026-09-21T00:26:15.380794813Z     raise exc
2026-09-21T00:26:15.380796877Z   File "/usr/local/lib/python3.13/site-packages/starlette/_exception_handler.py", line 42, in wrapped_app
2026-09-21T00:26:15.380798781Z     await app(scope, receive, sender)
2026-09-21T00:26:15.380800695Z   File "/usr/local/lib/python3.13/site-packages/fastapi/middleware/asyncexitstack.py", line 18, in __call__
2026-09-21T00:26:15.380802598Z     await self.app(scope, receive, send)
2026-09-21T00:26:15.380804512Z   File "/usr/local/lib/python3.13/site-packages/starlette/routing.py", line 716, in __call__
2026-09-21T00:26:15.380806446Z     await self.middleware_stack(scope, receive, send)
2026-09-21T00:26:15.380808340Z   File "/usr/local/lib/python3.13/site-packages/starlette/routing.py", line 736, in app
2026-09-21T00:26:15.380810243Z     await route.handle(scope, receive, send)
2026-09-21T00:26:15.380812137Z   File "/usr/local/lib/python3.13/site-packages/starlette/routing.py", line 290, in handle
2026-09-21T00:26:15.380814181Z     await self.app(scope, receive, send)
2026-09-21T00:26:15.380816115Z   File "/usr/local/lib/python3.13/site-packages/fastapi/routing.py", line 134, in app
2026-09-21T00:26:15.380818029Z     await wrap_app_handling_exceptions(app, request)(scope, receive, send)
2026-09-21T00:26:15.380819913Z   File "/usr/local/lib/python3.13/site-packages/starlette/_exception_handler.py", line 53, in wrapped_app
2026-09-21T00:26:15.380821826Z     raise exc
2026-09-21T00:26:15.380823730Z   File "/usr/local/lib/python3.13/site-packages/starlette/_exception_handler.py", line 42, in wrapped_app
2026-09-21T00:26:15.380825634Z     await app(scope, receive, sender)
2026-09-21T00:26:15.380827518Z   File "/usr/local/lib/python3.13/site-packages/fastapi/routing.py", line 120, in app
2026-09-21T00:26:15.380830173Z     response = await f(request)
2026-09-21T00:26:15.380832097Z                ^^^^^^^^^^^^^^^^
2026-09-21T00:26:15.380833990Z   File "/usr/local/lib/python3.13/site-packages/fastapi/routing.py", line 674, in app
2026-09-21T00:26:15.380836014Z     raw_response = await run_endpoint_function(
2026-09-21T00:26:15.380837898Z                    ^^^^^^^^^^^^^^^^^^^^^^^^^^^^
2026-09-21T00:26:15.380840643Z     ...<3 lines>...
2026-09-21T00:26:15.380842557Z     )
2026-09-21T00:26:15.380849501Z     ^
2026-09-21T00:26:15.380851455Z   File "/usr/local/lib/python3.13/site-packages/fastapi/routing.py", line 330, in run_endpoint_function
2026-09-21T00:26:15.380856024Z     return await run_in_threadpool(dependant.call, **values)
2026-09-21T00:26:15.380857978Z            ^^^^^^^^^^^^^^^^^^^^^^^^^^^^^^^^^^^^^^^^^^^^^^^^^
2026-09-21T00:26:15.380899700Z   File "/usr/local/lib/python3.13/site-packages/starlette/concurrency.py", line 32, in run_in_threadpool
2026-09-21T00:26:15.380904419Z     return await anyio.to_thread.run_sync(func)
2026-09-21T00:26:15.380906393Z            ^^^^^^^^^^^^^^^^^^^^^^^^^^^^^^^^^^^^
2026-09-21T00:26:15.380908287Z   File "/usr/local/lib/python3.13/site-packages/anyio/to_thread.py", line 63, in run_sync
2026-09-21T00:26:15.380910161Z     return await get_async_backend().run_sync_in_worker_thread(
2026-09-21T00:26:15.380912105Z            ^^^^^^^^^^^^^^^^^^^^^^^^^^^^^^^^^^^^^^^^^^^^^^^^^^^^
2026-09-21T00:26:15.380913988Z         func, args, abandon_on_cancel=abandon_on_cancel, limiter=limiter
2026-09-21T00:26:15.380915882Z         ^^^^^^^^^^^^^^^^^^^^^^^^^^^^^^^^^^^^^^^^^^^^^^^^^^^^^^^^^^^^^^^^
2026-09-21T00:26:15.380917756Z     )
2026-09-21T00:26:15.380919670Z     ^
2026-09-21T00:26:15.380921583Z   File "/usr/local/lib/python3.13/site-packages/anyio/_backends/_asyncio.py", line 2518, in run_sync_in_worker_thread
2026-09-21T00:26:15.380931353Z     return await future
2026-09-21T00:26:15.380933326Z            ^^^^^^^^^^^^
2026-09-21T00:26:15.380935250Z   File "/usr/local/lib/python3.13/site-packages/anyio/_backends/_asyncio.py", line 1002, in run
2026-09-21T00:26:15.380937154Z     result = context.run(func, *args)
2026-09-21T00:26:15.380939068Z   File "/app/app/routers/orders.py", line 36, in checkout
2026-09-21T00:26:15.380940962Z     return create_order(
2026-09-21T00:26:15.380942885Z         db=db,
2026-09-21T00:26:15.380944829Z     ...<2 lines>...
2026-09-21T00:26:15.380946733Z         correlation_id=correlation_id,
2026-09-21T00:26:15.380948627Z     )
2026-09-21T00:26:15.380950591Z   File "/app/app/services/order_service.py", line 42, in create_order
2026-09-21T00:26:15.380952494Z     result = db.execute(
2026-09-21T00:26:15.380954398Z         select(ProductModel).where(ProductModel.id == product_id)
2026-09-21T00:26:15.380956302Z     )
2026-09-21T00:26:15.380958196Z   File "/usr/local/lib/python3.13/site-packages/sqlalchemy/orm/session.py", line 2372, in execute
2026-09-21T00:26:15.380960089Z     return self._execute_internal(
2026-09-21T00:26:15.380961973Z            ~~~~~~~~~~~~~~~~~~~~~~^
2026-09-21T00:26:15.380963877Z         statement,
2026-09-21T00:26:15.380965811Z         ^^^^^^^^^^
2026-09-21T00:26:15.380967704Z     ...<4 lines>...
2026-09-21T00:26:15.380969608Z         _add_event=_add_event,
2026-09-21T00:26:15.380971502Z         ^^^^^^^^^^^^^^^^^^^^^^
2026-09-21T00:26:15.380973376Z     )
2026-09-21T00:26:15.380975259Z     ^
2026-09-21T00:26:15.380977173Z   File "/usr/local/lib/python3.13/site-packages/sqlalchemy/orm/session.py", line 2260, in _execute_internal
2026-09-21T00:26:15.380979057Z     conn = self._connection_for_bind(bind)
2026-09-21T00:26:15.380980971Z   File "/usr/local/lib/python3.13/site-packages/sqlalchemy/orm/session.py", line 2112, in _connection_for_bind
2026-09-21T00:26:15.380982884Z     return trans._connection_for_bind(engine, execution_options)
2026-09-21T00:26:15.380984808Z            ~~~~~~~~~~~~~~~~~~~~~~~~~~^^^^^^^^^^^^^^^^^^^^^^^^^^^
2026-09-21T00:26:15.380986712Z   File "<string>", line 2, in _connection_for_bind
2026-09-21T00:26:15.380991321Z   File "/usr/local/lib/python3.13/site-packages/sqlalchemy/orm/state_changes.py", line 137, in _go
2026-09-21T00:26:15.380993295Z     ret_value = fn(self, *arg, **kw)
2026-09-21T00:26:15.380995209Z   File "/usr/local/lib/python3.13/site-packages/sqlalchemy/orm/session.py", line 1191, in _connection_for_bind
2026-09-21T00:26:15.380997112Z     conn = bind.connect()
2026-09-21T00:26:15.380999978Z   File "/usr/local/lib/python3.13/site-packages/opentelemetry/instrumentation/sqlalchemy/engine.py", line 200, in _wrap_connect_internal
2026-09-21T00:26:15.381001902Z     return func(*args, **kwargs)
2026-09-21T00:26:15.381003826Z   File "/usr/local/lib/python3.13/site-packages/sqlalchemy/engine/base.py", line 3295, in connect
2026-09-21T00:26:15.381005739Z     return self._connection_cls(self)
2026-09-21T00:26:15.381007633Z            ~~~~~~~~~~~~~~~~~~~~^^^^^^
2026-09-21T00:26:15.381009537Z   File "/usr/local/lib/python3.13/site-packages/sqlalchemy/engine/base.py", line 144, in __init__
2026-09-21T00:26:15.381011441Z     self._dbapi_connection = engine.raw_connection()
2026-09-21T00:26:15.381013314Z                              ~~~~~~~~~~~~~~~~~~~~~^^
2026-09-21T00:26:15.381015228Z   File "/usr/local/lib/python3.13/site-packages/sqlalchemy/engine/base.py", line 3319, in raw_connection
2026-09-21T00:26:15.381017132Z     return self.pool.connect()
2026-09-21T00:26:15.381019066Z            ~~~~~~~~~~~~~~~~~^^
2026-09-21T00:26:15.381026260Z   File "/usr/local/lib/python3.13/site-packages/sqlalchemy/pool/base.py", line 448, in connect
2026-09-21T00:26:15.381028224Z     return _ConnectionFairy._checkout(self)
2026-09-21T00:26:15.381030148Z            ~~~~~~~~~~~~~~~~~~~~~~~~~~^^^^^^
2026-09-21T00:26:15.381032081Z   File "/usr/local/lib/python3.13/site-packages/sqlalchemy/pool/base.py", line 1272, in _checkout
2026-09-21T00:26:15.381033975Z     fairy = _ConnectionRecord.checkout(pool)
2026-09-21T00:26:15.381035939Z   File "/usr/local/lib/python3.13/site-packages/sqlalchemy/pool/base.py", line 712, in checkout
2026-09-21T00:26:15.381037853Z     rec = pool._do_get()
2026-09-21T00:26:15.381039747Z   File "/usr/local/lib/python3.13/site-packages/sqlalchemy/pool/impl.py", line 167, in _do_get
2026-09-21T00:26:15.381041640Z     raise exc.TimeoutError(
2026-09-21T00:26:15.381043534Z     ...<4 lines>...
2026-09-21T00:26:15.381045488Z     )
2026-09-21T00:26:15.381047943Z sqlalchemy.exc.TimeoutError: QueuePool limit of size 5 overflow 10 reached, connection timed out, timeout 30.00 (Background on this error at: https://sqlalche.me/e/20/3o7r)
2026-09-21T00:26:15.514161135Z ERROR:    Exception in ASGI application
2026-09-21T00:26:15.514206936Z Traceback (most recent call last):
2026-09-21T00:26:15.514210713Z   File "/usr/local/lib/python3.13/site-packages/uvicorn/protocols/http/httptools_impl.py", line 421, in run_asgi
2026-09-21T00:26:15.514213619Z     result = await app(  # type: ignore[func-returns-value]
2026-09-21T00:26:15.514216404Z              ^^^^^^^^^^^^^^^^^^^^^^^^^^^^^^^^^^^^^^^^^^^^^^
2026-09-21T00:26:15.514218889Z         self.scope, self.receive, self.send
2026-09-21T00:26:15.514221374Z         ^^^^^^^^^^^^^^^^^^^^^^^^^^^^^^^^^^^
2026-09-21T00:26:15.514224250Z     )
2026-09-21T00:26:15.514226765Z     ^
2026-09-21T00:26:15.514229370Z   File "/usr/local/lib/python3.13/site-packages/uvicorn/middleware/proxy_headers.py", line 63, in __call__
2026-09-21T00:26:15.514232216Z     return await self.app(scope, receive, send)
2026-09-21T00:26:15.514234410Z            ^^^^^^^^^^^^^^^^^^^^^^^^^^^^^^^^^^^^
2026-09-21T00:26:15.514237566Z   File "/usr/local/lib/python3.13/site-packages/fastapi/applications.py", line 1159, in __call__
2026-09-21T00:26:15.514239971Z     await super().__call__(scope, receive, send)
2026-09-21T00:26:15.514242436Z   File "/usr/local/lib/python3.13/site-packages/starlette/applications.py", line 107, in __call__
2026-09-21T00:26:15.514244841Z     await self.middleware_stack(scope, receive, send)
2026-09-21T00:26:15.514247596Z   File "/usr/local/lib/python3.13/site-packages/starlette/middleware/errors.py", line 186, in __call__
2026-09-21T00:26:15.514250091Z     raise exc
2026-09-21T00:26:15.514252596Z   File "/usr/local/lib/python3.13/site-packages/starlette/middleware/errors.py", line 164, in __call__
2026-09-21T00:26:15.514255231Z     await self.app(scope, receive, _send)
2026-09-21T00:26:15.514258317Z   File "/usr/local/lib/python3.13/site-packages/opentelemetry/instrumentation/asgi/__init__.py", line 806, in __call__
2026-09-21T00:26:15.514260852Z     await self.app(scope, otel_receive, otel_send)
2026-09-21T00:26:15.514263287Z   File "/usr/local/lib/python3.13/site-packages/starlette/middleware/errors.py", line 186, in __call__
2026-09-21T00:26:15.514265592Z     raise exc
2026-09-21T00:26:15.514268137Z   File "/usr/local/lib/python3.13/site-packages/starlette/middleware/errors.py", line 164, in __call__
2026-09-21T00:26:15.514270571Z     await self.app(scope, receive, _send)
2026-09-21T00:26:15.514273006Z   File "/usr/local/lib/python3.13/site-packages/opentelemetry/instrumentation/fastapi/__init__.py", line 305, in __call__
2026-09-21T00:26:15.514275291Z     await self.app(scope, receive, send)
2026-09-21T00:26:15.514305561Z   File "/usr/local/lib/python3.13/site-packages/prometheus_fastapi_instrumentator/middleware.py", line 177, in __call__
2026-09-21T00:26:15.514310360Z     raise exc
2026-09-21T00:26:15.514313055Z   File "/usr/local/lib/python3.13/site-packages/prometheus_fastapi_instrumentator/middleware.py", line 175, in __call__
2026-09-21T00:26:15.514315310Z     await self.app(scope, receive, send_wrapper)
2026-09-21T00:26:15.514317835Z   File "/usr/local/lib/python3.13/site-packages/starlette/middleware/exceptions.py", line 63, in __call__
2026-09-21T00:26:15.514321492Z     await wrap_app_handling_exceptions(self.app, conn)(scope, receive, send)
2026-09-21T00:26:15.514325029Z   File "/usr/local/lib/python3.13/site-packages/starlette/_exception_handler.py", line 53, in wrapped_app
2026-09-21T00:26:15.514327554Z     raise exc
2026-09-21T00:26:15.514330019Z   File "/usr/local/lib/python3.13/site-packages/starlette/_exception_handler.py", line 42, in wrapped_app
2026-09-21T00:26:15.514332975Z     await app(scope, receive, sender)
2026-09-21T00:26:15.514335440Z   File "/usr/local/lib/python3.13/site-packages/fastapi/middleware/asyncexitstack.py", line 18, in __call__
2026-09-21T00:26:15.514337774Z     await self.app(scope, receive, send)
2026-09-21T00:26:15.514340219Z   File "/usr/local/lib/python3.13/site-packages/starlette/routing.py", line 716, in __call__
2026-09-21T00:26:15.514342654Z     await self.middleware_stack(scope, receive, send)
2026-09-21T00:26:15.514345219Z   File "/usr/local/lib/python3.13/site-packages/starlette/routing.py", line 736, in app
2026-09-21T00:26:15.514347634Z     await route.handle(scope, receive, send)
2026-09-21T00:26:15.514350028Z   File "/usr/local/lib/python3.13/site-packages/starlette/routing.py", line 290, in handle
2026-09-21T00:26:15.514352453Z     await self.app(scope, receive, send)
2026-09-21T00:26:15.514354928Z   File "/usr/local/lib/python3.13/site-packages/fastapi/routing.py", line 134, in app
2026-09-21T00:26:15.514357273Z     await wrap_app_handling_exceptions(app, request)(scope, receive, send)
2026-09-21T00:26:15.514359667Z   File "/usr/local/lib/python3.13/site-packages/starlette/_exception_handler.py", line 53, in wrapped_app
2026-09-21T00:26:15.514362002Z     raise exc
2026-09-21T00:26:15.514364367Z   File "/usr/local/lib/python3.13/site-packages/starlette/_exception_handler.py", line 42, in wrapped_app
2026-09-21T00:26:15.514366731Z     await app(scope, receive, sender)
2026-09-21T00:26:15.514369116Z   File "/usr/local/lib/python3.13/site-packages/fastapi/routing.py", line 120, in app
2026-09-21T00:26:15.514372352Z     response = await f(request)
2026-09-21T00:26:15.514377022Z                ^^^^^^^^^^^^^^^^
2026-09-21T00:26:15.514380849Z   File "/usr/local/lib/python3.13/site-packages/fastapi/routing.py", line 674, in app
2026-09-21T00:26:15.514383695Z     raw_response = await run_endpoint_function(
2026-09-21T00:26:15.514385929Z                    ^^^^^^^^^^^^^^^^^^^^^^^^^^^^
2026-09-21T00:26:15.514388574Z     ...<3 lines>...
2026-09-21T00:26:15.514390578Z     )
2026-09-21T00:26:15.514392472Z     ^
2026-09-21T00:26:15.514394476Z   File "/usr/local/lib/python3.13/site-packages/fastapi/routing.py", line 330, in run_endpoint_function
2026-09-21T00:26:15.514396390Z     return await run_in_threadpool(dependant.call, **values)
2026-09-21T00:26:15.514398314Z            ^^^^^^^^^^^^^^^^^^^^^^^^^^^^^^^^^^^^^^^^^^^^^^^^^
2026-09-21T00:26:15.514435076Z   File "/usr/local/lib/python3.13/site-packages/starlette/concurrency.py", line 32, in run_in_threadpool
2026-09-21T00:26:15.514439705Z     return await anyio.to_thread.run_sync(func)
2026-09-21T00:26:15.514441699Z            ^^^^^^^^^^^^^^^^^^^^^^^^^^^^^^^^^^^^
2026-09-21T00:26:15.514452831Z   File "/usr/local/lib/python3.13/site-packages/anyio/to_thread.py", line 63, in run_sync
2026-09-21T00:26:15.514454945Z     return await get_async_backend().run_sync_in_worker_thread(
2026-09-21T00:26:15.514456869Z            ^^^^^^^^^^^^^^^^^^^^^^^^^^^^^^^^^^^^^^^^^^^^^^^^^^^^
2026-09-21T00:26:15.514459184Z         func, args, abandon_on_cancel=abandon_on_cancel, limiter=limiter
2026-09-21T00:26:15.514461388Z         ^^^^^^^^^^^^^^^^^^^^^^^^^^^^^^^^^^^^^^^^^^^^^^^^^^^^^^^^^^^^^^^^
2026-09-21T00:26:15.514463292Z     )
2026-09-21T00:26:15.514465176Z     ^
2026-09-21T00:26:15.514467109Z   File "/usr/local/lib/python3.13/site-packages/anyio/_backends/_asyncio.py", line 2518, in run_sync_in_worker_thread
2026-09-21T00:26:15.514469023Z     return await future
2026-09-21T00:26:15.514471027Z            ^^^^^^^^^^^^
2026-09-21T00:26:15.514472991Z   File "/usr/local/lib/python3.13/site-packages/anyio/_backends/_asyncio.py", line 1002, in run
2026-09-21T00:26:15.514474895Z     result = context.run(func, *args)
2026-09-21T00:26:15.514477079Z   File "/app/app/routers/orders.py", line 36, in checkout
2026-09-21T00:26:15.514478973Z     return create_order(
2026-09-21T00:26:15.514480877Z         db=db,
2026-09-21T00:26:15.514482780Z     ...<2 lines>...
2026-09-21T00:26:15.514484704Z         correlation_id=correlation_id,
2026-09-21T00:26:15.514486588Z     )
2026-09-21T00:26:15.514488862Z   File "/app/app/services/order_service.py", line 42, in create_order
2026-09-21T00:26:15.514490786Z     result = db.execute(
2026-09-21T00:26:15.514492890Z         select(ProductModel).where(ProductModel.id == product_id)
2026-09-21T00:26:15.514494934Z     )
2026-09-21T00:26:15.514496888Z   File "/usr/local/lib/python3.13/site-packages/sqlalchemy/orm/session.py", line 2372, in execute
2026-09-21T00:26:15.514498812Z     return self._execute_internal(
2026-09-21T00:26:15.514500726Z            ~~~~~~~~~~~~~~~~~~~~~~^
2026-09-21T00:26:15.514502680Z         statement,
2026-09-21T00:26:15.514504593Z         ^^^^^^^^^^
2026-09-21T00:26:15.514506527Z     ...<4 lines>...
2026-09-21T00:26:15.514508581Z         _add_event=_add_event,
2026-09-21T00:26:15.514510465Z         ^^^^^^^^^^^^^^^^^^^^^^
2026-09-21T00:26:15.514512339Z     )
2026-09-21T00:26:15.514514253Z     ^
2026-09-21T00:26:15.514516196Z   File "/usr/local/lib/python3.13/site-packages/sqlalchemy/orm/session.py", line 2260, in _execute_internal
2026-09-21T00:26:15.514518130Z     conn = self._connection_for_bind(bind)
2026-09-21T00:26:15.514520074Z   File "/usr/local/lib/python3.13/site-packages/sqlalchemy/orm/session.py", line 2112, in _connection_for_bind
2026-09-21T00:26:15.514522038Z     return trans._connection_for_bind(engine, execution_options)
2026-09-21T00:26:15.514523952Z            ~~~~~~~~~~~~~~~~~~~~~~~~~~^^^^^^^^^^^^^^^^^^^^^^^^^^^
2026-09-21T00:26:15.514525835Z   File "<string>", line 2, in _connection_for_bind
2026-09-21T00:26:15.514527709Z   File "/usr/local/lib/python3.13/site-packages/sqlalchemy/orm/state_changes.py", line 137, in _go
2026-09-21T00:26:15.514529583Z     ret_value = fn(self, *arg, **kw)
2026-09-21T00:26:15.514531517Z   File "/usr/local/lib/python3.13/site-packages/sqlalchemy/orm/session.py", line 1191, in _connection_for_bind
2026-09-21T00:26:15.514533390Z     conn = bind.connect()
2026-09-21T00:26:15.514535805Z   File "/usr/local/lib/python3.13/site-packages/opentelemetry/instrumentation/sqlalchemy/engine.py", line 200, in _wrap_connect_internal
2026-09-21T00:26:15.514537709Z     return func(*args, **kwargs)
2026-09-21T00:26:15.514539723Z   File "/usr/local/lib/python3.13/site-packages/sqlalchemy/engine/base.py", line 3295, in connect
2026-09-21T00:26:15.514546386Z     return self._connection_cls(self)
2026-09-21T00:26:15.514548360Z            ~~~~~~~~~~~~~~~~~~~~^^^^^^
2026-09-21T00:26:15.514567468Z   File "/usr/local/lib/python3.13/site-packages/sqlalchemy/engine/base.py", line 144, in __init__
2026-09-21T00:26:15.514571405Z     self._dbapi_connection = engine.raw_connection()
2026-09-21T00:26:15.514573419Z                              ~~~~~~~~~~~~~~~~~~~~~^^
2026-09-21T00:26:15.514575323Z   File "/usr/local/lib/python3.13/site-packages/sqlalchemy/engine/base.py", line 3319, in raw_connection
2026-09-21T00:26:15.514577217Z     return self.pool.connect()
2026-09-21T00:26:15.514579171Z            ~~~~~~~~~~~~~~~~~^^
2026-09-21T00:26:15.514581095Z   File "/usr/local/lib/python3.13/site-packages/sqlalchemy/pool/base.py", line 448, in connect
2026-09-21T00:26:15.514582968Z     return _ConnectionFairy._checkout(self)
2026-09-21T00:26:15.514584832Z            ~~~~~~~~~~~~~~~~~~~~~~~~~~^^^^^^
2026-09-21T00:26:15.514586706Z   File "/usr/local/lib/python3.13/site-packages/sqlalchemy/pool/base.py", line 1272, in _checkout
2026-09-21T00:26:15.514588559Z     fairy = _ConnectionRecord.checkout(pool)
2026-09-21T00:26:15.514590453Z   File "/usr/local/lib/python3.13/site-packages/sqlalchemy/pool/base.py", line 712, in checkout
2026-09-21T00:26:15.514592327Z     rec = pool._do_get()
2026-09-21T00:26:15.514594551Z   File "/usr/local/lib/python3.13/site-packages/sqlalchemy/pool/impl.py", line 167, in _do_get
2026-09-21T00:26:15.514597006Z     raise exc.TimeoutError(
2026-09-21T00:26:15.514599481Z     ...<4 lines>...
2026-09-21T00:26:15.514601775Z     )
2026-09-21T00:26:15.514604831Z sqlalchemy.exc.TimeoutError: QueuePool limit of size 5 overflow 10 reached, connection timed out, timeout 30.00 (Background on this error at: https://sqlalche.me/e/20/3o7r)
2026-09-21T00:26:15.678210212Z ERROR:    Exception in ASGI application
2026-09-21T00:26:15.678254410Z Traceback (most recent call last):
2026-09-21T00:26:15.678258157Z   File "/usr/local/lib/python3.13/site-packages/uvicorn/protocols/http/httptools_impl.py", line 421, in run_asgi
2026-09-21T00:26:15.678261724Z     result = await app(  # type: ignore[func-returns-value]
2026-09-21T00:26:15.678264420Z              ^^^^^^^^^^^^^^^^^^^^^^^^^^^^^^^^^^^^^^^^^^^^^^
2026-09-21T00:26:15.678267105Z         self.scope, self.receive, self.send
2026-09-21T00:26:15.678271794Z         ^^^^^^^^^^^^^^^^^^^^^^^^^^^^^^^^^^^
2026-09-21T00:26:15.678276453Z     )
2026-09-21T00:26:15.678279139Z     ^
2026-09-21T00:26:15.678281864Z   File "/usr/local/lib/python3.13/site-packages/uvicorn/middleware/proxy_headers.py", line 63, in __call__
2026-09-21T00:26:15.678284599Z     return await self.app(scope, receive, send)
2026-09-21T00:26:15.678287665Z            ^^^^^^^^^^^^^^^^^^^^^^^^^^^^^^^^^^^^
2026-09-21T00:26:15.678290782Z   File "/usr/local/lib/python3.13/site-packages/fastapi/applications.py", line 1159, in __call__
2026-09-21T00:26:15.678293266Z     await super().__call__(scope, receive, send)
2026-09-21T00:26:15.678295501Z   File "/usr/local/lib/python3.13/site-packages/starlette/applications.py", line 107, in __call__
2026-09-21T00:26:15.678297825Z     await self.middleware_stack(scope, receive, send)
2026-09-21T00:26:15.678300270Z   File "/usr/local/lib/python3.13/site-packages/starlette/middleware/errors.py", line 186, in __call__
2026-09-21T00:26:15.678302665Z     raise exc
2026-09-21T00:26:15.678304930Z   File "/usr/local/lib/python3.13/site-packages/starlette/middleware/errors.py", line 164, in __call__
2026-09-21T00:26:15.678307194Z     await self.app(scope, receive, _send)
2026-09-21T00:26:15.678310320Z   File "/usr/local/lib/python3.13/site-packages/opentelemetry/instrumentation/asgi/__init__.py", line 806, in __call__
2026-09-21T00:26:15.678336181Z     await self.app(scope, otel_receive, otel_send)
2026-09-21T00:26:15.678338887Z   File "/usr/local/lib/python3.13/site-packages/starlette/middleware/errors.py", line 186, in __call__
2026-09-21T00:26:15.678341161Z     raise exc
2026-09-21T00:26:15.678343516Z   File "/usr/local/lib/python3.13/site-packages/starlette/middleware/errors.py", line 164, in __call__
2026-09-21T00:26:15.678346111Z     await self.app(scope, receive, _send)
2026-09-21T00:26:15.678348486Z   File "/usr/local/lib/python3.13/site-packages/opentelemetry/instrumentation/fastapi/__init__.py", line 305, in __call__
2026-09-21T00:26:15.678350720Z     await self.app(scope, receive, send)
2026-09-21T00:26:15.678353065Z   File "/usr/local/lib/python3.13/site-packages/prometheus_fastapi_instrumentator/middleware.py", line 177, in __call__
2026-09-21T00:26:15.678355359Z     raise exc
2026-09-21T00:26:15.678357624Z   File "/usr/local/lib/python3.13/site-packages/prometheus_fastapi_instrumentator/middleware.py", line 175, in __call__
2026-09-21T00:26:15.678359928Z     await self.app(scope, receive, send_wrapper)
2026-09-21T00:26:15.678362533Z   File "/usr/local/lib/python3.13/site-packages/starlette/middleware/exceptions.py", line 63, in __call__
2026-09-21T00:26:15.678365409Z     await wrap_app_handling_exceptions(self.app, conn)(scope, receive, send)
2026-09-21T00:26:15.678367924Z   File "/usr/local/lib/python3.13/site-packages/starlette/_exception_handler.py", line 53, in wrapped_app
2026-09-21T00:26:15.678370188Z     raise exc
2026-09-21T00:26:15.678372623Z   File "/usr/local/lib/python3.13/site-packages/starlette/_exception_handler.py", line 42, in wrapped_app
2026-09-21T00:26:15.678375078Z     await app(scope, receive, sender)
2026-09-21T00:26:15.678394556Z   File "/usr/local/lib/python3.13/site-packages/fastapi/middleware/asyncexitstack.py", line 18, in __call__
2026-09-21T00:26:15.678398444Z     await self.app(scope, receive, send)
2026-09-21T00:26:15.678401190Z   File "/usr/local/lib/python3.13/site-packages/starlette/routing.py", line 716, in __call__
2026-09-21T00:26:15.678403695Z     await self.middleware_stack(scope, receive, send)
2026-09-21T00:26:15.678406560Z   File "/usr/local/lib/python3.13/site-packages/starlette/routing.py", line 736, in app
2026-09-21T00:26:15.678408995Z     await route.handle(scope, receive, send)
2026-09-21T00:26:15.678411099Z   File "/usr/local/lib/python3.13/site-packages/starlette/routing.py", line 290, in handle
2026-09-21T00:26:15.678413434Z     await self.app(scope, receive, send)
2026-09-21T00:26:15.678415307Z   File "/usr/local/lib/python3.13/site-packages/fastapi/routing.py", line 134, in app
2026-09-21T00:26:15.678417201Z     await wrap_app_handling_exceptions(app, request)(scope, receive, send)
2026-09-21T00:26:15.678419265Z   File "/usr/local/lib/python3.13/site-packages/starlette/_exception_handler.py", line 53, in wrapped_app
2026-09-21T00:26:15.678421179Z     raise exc
2026-09-21T00:26:15.678423153Z   File "/usr/local/lib/python3.13/site-packages/starlette/_exception_handler.py", line 42, in wrapped_app
2026-09-21T00:26:15.678425257Z     await app(scope, receive, sender)
2026-09-21T00:26:15.678427191Z   File "/usr/local/lib/python3.13/site-packages/fastapi/routing.py", line 120, in app
2026-09-21T00:26:15.678429626Z     response = await f(request)
2026-09-21T00:26:15.678431519Z                ^^^^^^^^^^^^^^^^
2026-09-21T00:26:15.678433654Z   File "/usr/local/lib/python3.13/site-packages/fastapi/routing.py", line 674, in app
2026-09-21T00:26:15.678435557Z     raw_response = await run_endpoint_function(
2026-09-21T00:26:15.678437461Z                    ^^^^^^^^^^^^^^^^^^^^^^^^^^^^
2026-09-21T00:26:15.678439966Z     ...<3 lines>...
2026-09-21T00:26:15.678450297Z     )
2026-09-21T00:26:15.678452321Z     ^
2026-09-21T00:26:15.678454254Z   File "/usr/local/lib/python3.13/site-packages/fastapi/routing.py", line 330, in run_endpoint_function
2026-09-21T00:26:15.678456158Z     return await run_in_threadpool(dependant.call, **values)
2026-09-21T00:26:15.678458082Z            ^^^^^^^^^^^^^^^^^^^^^^^^^^^^^^^^^^^^^^^^^^^^^^^^^
2026-09-21T00:26:15.678501438Z   File "/usr/local/lib/python3.13/site-packages/starlette/concurrency.py", line 32, in run_in_threadpool
2026-09-21T00:26:15.678506868Z     return await anyio.to_thread.run_sync(func)
2026-09-21T00:26:15.678509293Z            ^^^^^^^^^^^^^^^^^^^^^^^^^^^^^^^^^^^^
2026-09-21T00:26:15.678511828Z   File "/usr/local/lib/python3.13/site-packages/anyio/to_thread.py", line 63, in run_sync
2026-09-21T00:26:15.678514213Z     return await get_async_backend().run_sync_in_worker_thread(
2026-09-21T00:26:15.678516628Z            ^^^^^^^^^^^^^^^^^^^^^^^^^^^^^^^^^^^^^^^^^^^^^^^^^^^^
2026-09-21T00:26:15.678521036Z         func, args, abandon_on_cancel=abandon_on_cancel, limiter=limiter
2026-09-21T00:26:15.678525154Z         ^^^^^^^^^^^^^^^^^^^^^^^^^^^^^^^^^^^^^^^^^^^^^^^^^^^^^^^^^^^^^^^^
2026-09-21T00:26:15.678527699Z     )
2026-09-21T00:26:15.678530034Z     ^
2026-09-21T00:26:15.678532118Z   File "/usr/local/lib/python3.13/site-packages/anyio/_backends/_asyncio.py", line 2518, in run_sync_in_worker_thread
2026-09-21T00:26:15.678534022Z     return await future
2026-09-21T00:26:15.678540986Z            ^^^^^^^^^^^^
2026-09-21T00:26:15.678543020Z   File "/usr/local/lib/python3.13/site-packages/anyio/_backends/_asyncio.py", line 1002, in run
2026-09-21T00:26:15.678545024Z     result = context.run(func, *args)
2026-09-21T00:26:15.678547018Z   File "/app/app/routers/orders.py", line 36, in checkout
2026-09-21T00:26:15.678548921Z     return create_order(
2026-09-21T00:26:15.678550965Z         db=db,
2026-09-21T00:26:15.678552879Z     ...<2 lines>...
2026-09-21T00:26:15.678555013Z         correlation_id=correlation_id,
2026-09-21T00:26:15.678556877Z     )
2026-09-21T00:26:15.678558831Z   File "/app/app/services/order_service.py", line 42, in create_order
2026-09-21T00:26:15.678560725Z     result = db.execute(
2026-09-21T00:26:15.678562618Z         select(ProductModel).where(ProductModel.id == product_id)
2026-09-21T00:26:15.678564572Z     )
2026-09-21T00:26:15.678566646Z   File "/usr/local/lib/python3.13/site-packages/sqlalchemy/orm/session.py", line 2372, in execute
2026-09-21T00:26:15.678568540Z     return self._execute_internal(
2026-09-21T00:26:15.678570464Z            ~~~~~~~~~~~~~~~~~~~~~~^
2026-09-21T00:26:15.678572358Z         statement,
2026-09-21T00:26:15.678574261Z         ^^^^^^^^^^
2026-09-21T00:26:15.678576145Z     ...<4 lines>...
2026-09-21T00:26:15.678578039Z         _add_event=_add_event,
2026-09-21T00:26:15.678579902Z         ^^^^^^^^^^^^^^^^^^^^^^
2026-09-21T00:26:15.678581796Z     )
2026-09-21T00:26:15.678583760Z     ^
2026-09-21T00:26:15.678585674Z   File "/usr/local/lib/python3.13/site-packages/sqlalchemy/orm/session.py", line 2260, in _execute_internal
2026-09-21T00:26:15.678587558Z     conn = self._connection_for_bind(bind)
2026-09-21T00:26:15.678589501Z   File "/usr/local/lib/python3.13/site-packages/sqlalchemy/orm/session.py", line 2112, in _connection_for_bind
2026-09-21T00:26:15.678591385Z     return trans._connection_for_bind(engine, execution_options)
2026-09-21T00:26:15.678593339Z            ~~~~~~~~~~~~~~~~~~~~~~~~~~^^^^^^^^^^^^^^^^^^^^^^^^^^^
2026-09-21T00:26:15.678595213Z   File "<string>", line 2, in _connection_for_bind
2026-09-21T00:26:15.678597237Z   File "/usr/local/lib/python3.13/site-packages/sqlalchemy/orm/state_changes.py", line 137, in _go
2026-09-21T00:26:15.678610413Z     ret_value = fn(self, *arg, **kw)
2026-09-21T00:26:15.678612377Z   File "/usr/local/lib/python3.13/site-packages/sqlalchemy/orm/session.py", line 1191, in _connection_for_bind
2026-09-21T00:26:15.678614260Z     conn = bind.connect()
2026-09-21T00:26:15.678616695Z   File "/usr/local/lib/python3.13/site-packages/opentelemetry/instrumentation/sqlalchemy/engine.py", line 200, in _wrap_connect_internal
2026-09-21T00:26:15.678618619Z     return func(*args, **kwargs)
2026-09-21T00:26:15.678620503Z   File "/usr/local/lib/python3.13/site-packages/sqlalchemy/engine/base.py", line 3295, in connect
2026-09-21T00:26:15.678622386Z     return self._connection_cls(self)
2026-09-21T00:26:15.678624300Z            ~~~~~~~~~~~~~~~~~~~~^^^^^^
2026-09-21T00:26:15.678626184Z   File "/usr/local/lib/python3.13/site-packages/sqlalchemy/engine/base.py", line 144, in __init__
2026-09-21T00:26:15.678628068Z     self._dbapi_connection = engine.raw_connection()
2026-09-21T00:26:15.678629991Z                              ~~~~~~~~~~~~~~~~~~~~~^^
2026-09-21T00:26:15.678631885Z   File "/usr/local/lib/python3.13/site-packages/sqlalchemy/engine/base.py", line 3319, in raw_connection
2026-09-21T00:26:15.678633769Z     return self.pool.connect()
2026-09-21T00:26:15.678635673Z            ~~~~~~~~~~~~~~~~~^^
2026-09-21T00:26:15.678640141Z   File "/usr/local/lib/python3.13/site-packages/sqlalchemy/pool/base.py", line 448, in connect
2026-09-21T00:26:15.678642135Z     return _ConnectionFairy._checkout(self)
2026-09-21T00:26:15.678644189Z            ~~~~~~~~~~~~~~~~~~~~~~~~~~^^^^^^
2026-09-21T00:26:15.678646093Z   File "/usr/local/lib/python3.13/site-packages/sqlalchemy/pool/base.py", line 1272, in _checkout
2026-09-21T00:26:15.678647967Z     fairy = _ConnectionRecord.checkout(pool)
2026-09-21T00:26:15.678649871Z   File "/usr/local/lib/python3.13/site-packages/sqlalchemy/pool/base.py", line 712, in checkout
2026-09-21T00:26:15.678651764Z     rec = pool._do_get()
2026-09-21T00:26:15.678653658Z   File "/usr/local/lib/python3.13/site-packages/sqlalchemy/pool/impl.py", line 167, in _do_get
2026-09-21T00:26:15.678655532Z     raise exc.TimeoutError(
2026-09-21T00:26:15.678657446Z     ...<4 lines>...
2026-09-21T00:26:15.678659329Z     )
2026-09-21T00:26:15.678661964Z sqlalchemy.exc.TimeoutError: QueuePool limit of size 5 overflow 10 reached, connection timed out, timeout 30.00 (Background on this error at: https://sqlalche.me/e/20/3o7r)
2026-09-21T00:26:15.707630960Z ERROR:    Exception in ASGI application
2026-09-21T00:26:15.707680328Z Traceback (most recent call last):
2026-09-21T00:26:15.707684296Z   File "/usr/local/lib/python3.13/site-packages/uvicorn/protocols/http/httptools_impl.py", line 421, in run_asgi
2026-09-21T00:26:15.707687622Z     result = await app(  # type: ignore[func-returns-value]
2026-09-21T00:26:15.707690718Z              ^^^^^^^^^^^^^^^^^^^^^^^^^^^^^^^^^^^^^^^^^^^^^^
2026-09-21T00:26:15.707693424Z         self.scope, self.receive, self.send
2026-09-21T00:26:15.707701409Z         ^^^^^^^^^^^^^^^^^^^^^^^^^^^^^^^^^^^
2026-09-21T00:26:15.707704526Z     )
2026-09-21T00:26:15.707707151Z     ^
2026-09-21T00:26:15.707709876Z   File "/usr/local/lib/python3.13/site-packages/uvicorn/middleware/proxy_headers.py", line 63, in __call__
2026-09-21T00:26:15.707712602Z     return await self.app(scope, receive, send)
2026-09-21T00:26:15.707715297Z            ^^^^^^^^^^^^^^^^^^^^^^^^^^^^^^^^^^^^
2026-09-21T00:26:15.707719305Z   File "/usr/local/lib/python3.13/site-packages/fastapi/applications.py", line 1159, in __call__
2026-09-21T00:26:15.707722451Z     await super().__call__(scope, receive, send)
2026-09-21T00:26:15.707753582Z   File "/usr/local/lib/python3.13/site-packages/starlette/applications.py", line 107, in __call__
2026-09-21T00:26:15.707756328Z     await self.middleware_stack(scope, receive, send)
2026-09-21T00:26:15.707758993Z   File "/usr/local/lib/python3.13/site-packages/starlette/middleware/errors.py", line 186, in __call__
2026-09-21T00:26:15.707761879Z     raise exc
2026-09-21T00:26:15.707764574Z   File "/usr/local/lib/python3.13/site-packages/starlette/middleware/errors.py", line 164, in __call__
2026-09-21T00:26:15.707767149Z     await self.app(scope, receive, _send)
2026-09-21T00:26:15.707770576Z   File "/usr/local/lib/python3.13/site-packages/opentelemetry/instrumentation/asgi/__init__.py", line 806, in __call__
2026-09-21T00:26:15.707773261Z     await self.app(scope, otel_receive, otel_send)
2026-09-21T00:26:15.707775977Z   File "/usr/local/lib/python3.13/site-packages/starlette/middleware/errors.py", line 186, in __call__
2026-09-21T00:26:15.707778512Z     raise exc
2026-09-21T00:26:15.707781187Z   File "/usr/local/lib/python3.13/site-packages/starlette/middleware/errors.py", line 164, in __call__
2026-09-21T00:26:15.707784063Z     await self.app(scope, receive, _send)
2026-09-21T00:26:15.707786808Z   File "/usr/local/lib/python3.13/site-packages/opentelemetry/instrumentation/fastapi/__init__.py", line 305, in __call__
2026-09-21T00:26:15.707789273Z     await self.app(scope, receive, send)
2026-09-21T00:26:15.707791938Z   File "/usr/local/lib/python3.13/site-packages/prometheus_fastapi_instrumentator/middleware.py", line 177, in __call__
2026-09-21T00:26:15.707794543Z     raise exc
2026-09-21T00:26:15.707797479Z   File "/usr/local/lib/python3.13/site-packages/prometheus_fastapi_instrumentator/middleware.py", line 175, in __call__
2026-09-21T00:26:15.707800014Z     await self.app(scope, receive, send_wrapper)
2026-09-21T00:26:15.707802599Z   File "/usr/local/lib/python3.13/site-packages/starlette/middleware/exceptions.py", line 63, in __call__
2026-09-21T00:26:15.707805745Z     await wrap_app_handling_exceptions(self.app, conn)(scope, receive, send)
2026-09-21T00:26:15.707810876Z   File "/usr/local/lib/python3.13/site-packages/starlette/_exception_handler.py", line 53, in wrapped_app
2026-09-21T00:26:15.707813711Z     raise exc
2026-09-21T00:26:15.707816417Z   File "/usr/local/lib/python3.13/site-packages/starlette/_exception_handler.py", line 42, in wrapped_app
2026-09-21T00:26:15.707819052Z     await app(scope, receive, sender)
2026-09-21T00:26:15.707821687Z   File "/usr/local/lib/python3.13/site-packages/fastapi/middleware/asyncexitstack.py", line 18, in __call__
2026-09-21T00:26:15.707824322Z     await self.app(scope, receive, send)
2026-09-21T00:26:15.707827017Z   File "/usr/local/lib/python3.13/site-packages/starlette/routing.py", line 716, in __call__
2026-09-21T00:26:15.707829572Z     await self.middleware_stack(scope, receive, send)
2026-09-21T00:26:15.707832228Z   File "/usr/local/lib/python3.13/site-packages/starlette/routing.py", line 736, in app
2026-09-21T00:26:15.707834773Z     await route.handle(scope, receive, send)
2026-09-21T00:26:15.707837428Z   File "/usr/local/lib/python3.13/site-packages/starlette/routing.py", line 290, in handle
2026-09-21T00:26:15.707839943Z     await self.app(scope, receive, send)
2026-09-21T00:26:15.707842598Z   File "/usr/local/lib/python3.13/site-packages/fastapi/routing.py", line 134, in app
2026-09-21T00:26:15.707845284Z     await wrap_app_handling_exceptions(app, request)(scope, receive, send)
2026-09-21T00:26:15.707847999Z   File "/usr/local/lib/python3.13/site-packages/starlette/_exception_handler.py", line 53, in wrapped_app
2026-09-21T00:26:15.707850624Z     raise exc
2026-09-21T00:26:15.707853229Z   File "/usr/local/lib/python3.13/site-packages/starlette/_exception_handler.py", line 42, in wrapped_app
2026-09-21T00:26:15.707863600Z     await app(scope, receive, sender)
2026-09-21T00:26:15.707866385Z   File "/usr/local/lib/python3.13/site-packages/fastapi/routing.py", line 120, in app
2026-09-21T00:26:15.707869812Z     response = await f(request)
2026-09-21T00:26:15.707872477Z                ^^^^^^^^^^^^^^^^
2026-09-21T00:26:15.707875303Z   File "/usr/local/lib/python3.13/site-packages/fastapi/routing.py", line 674, in app
2026-09-21T00:26:15.707878038Z     raw_response = await run_endpoint_function(
2026-09-21T00:26:15.707880964Z                    ^^^^^^^^^^^^^^^^^^^^^^^^^^^^
2026-09-21T00:26:15.707884020Z     ...<3 lines>...
2026-09-21T00:26:15.707886695Z     )
2026-09-21T00:26:15.707889561Z     ^
2026-09-21T00:26:15.707892637Z   File "/usr/local/lib/python3.13/site-packages/fastapi/routing.py", line 330, in run_endpoint_function
2026-09-21T00:26:15.707895252Z     return await run_in_threadpool(dependant.call, **values)
2026-09-21T00:26:15.707897867Z            ^^^^^^^^^^^^^^^^^^^^^^^^^^^^^^^^^^^^^^^^^^^^^^^^^
2026-09-21T00:26:15.707952325Z   File "/usr/local/lib/python3.13/site-packages/starlette/concurrency.py", line 32, in run_in_threadpool
2026-09-21T00:26:15.707958828Z     return await anyio.to_thread.run_sync(func)
2026-09-21T00:26:15.707961623Z            ^^^^^^^^^^^^^^^^^^^^^^^^^^^^^^^^^^^^
2026-09-21T00:26:15.707964439Z   File "/usr/local/lib/python3.13/site-packages/anyio/to_thread.py", line 63, in run_sync
2026-09-21T00:26:15.707967214Z     return await get_async_backend().run_sync_in_worker_thread(
2026-09-21T00:26:15.707970000Z            ^^^^^^^^^^^^^^^^^^^^^^^^^^^^^^^^^^^^^^^^^^^^^^^^^^^^
2026-09-21T00:26:15.707972685Z         func, args, abandon_on_cancel=abandon_on_cancel, limiter=limiter
2026-09-21T00:26:15.707975350Z         ^^^^^^^^^^^^^^^^^^^^^^^^^^^^^^^^^^^^^^^^^^^^^^^^^^^^^^^^^^^^^^^^
2026-09-21T00:26:15.707978056Z     )
2026-09-21T00:26:15.707997103Z     ^
2026-09-21T00:26:15.708003245Z   File "/usr/local/lib/python3.13/site-packages/anyio/_backends/_asyncio.py", line 2518, in run_sync_in_worker_thread
2026-09-21T00:26:15.708006382Z     return await future
2026-09-21T00:26:15.708009047Z            ^^^^^^^^^^^^
2026-09-21T00:26:15.708011762Z   File "/usr/local/lib/python3.13/site-packages/anyio/_backends/_asyncio.py", line 1002, in run
2026-09-21T00:26:15.708014538Z     result = context.run(func, *args)
2026-09-21T00:26:15.708017183Z   File "/app/app/routers/orders.py", line 36, in checkout
2026-09-21T00:26:15.708019728Z     return create_order(
2026-09-21T00:26:15.708022483Z         db=db,
2026-09-21T00:26:15.708025199Z     ...<2 lines>...
2026-09-21T00:26:15.708027924Z         correlation_id=correlation_id,
2026-09-21T00:26:15.708030629Z     )
2026-09-21T00:26:15.708033425Z   File "/app/app/services/order_service.py", line 42, in create_order
2026-09-21T00:26:15.708036020Z     result = db.execute(
2026-09-21T00:26:15.708038685Z         select(ProductModel).where(ProductModel.id == product_id)
2026-09-21T00:26:15.708041381Z     )
2026-09-21T00:26:15.708044026Z   File "/usr/local/lib/python3.13/site-packages/sqlalchemy/orm/session.py", line 2372, in execute
2026-09-21T00:26:15.708046721Z     return self._execute_internal(
2026-09-21T00:26:15.708049376Z            ~~~~~~~~~~~~~~~~~~~~~~^
2026-09-21T00:26:15.708052102Z         statement,
2026-09-21T00:26:15.708054817Z         ^^^^^^^^^^
2026-09-21T00:26:15.708057573Z     ...<4 lines>...
2026-09-21T00:26:15.708060298Z         _add_event=_add_event,
2026-09-21T00:26:15.708062983Z         ^^^^^^^^^^^^^^^^^^^^^^
2026-09-21T00:26:15.708065639Z     )
2026-09-21T00:26:15.708081490Z     ^
2026-09-21T00:26:15.708084315Z   File "/usr/local/lib/python3.13/site-packages/sqlalchemy/orm/session.py", line 2260, in _execute_internal
2026-09-21T00:26:15.708087021Z     conn = self._connection_for_bind(bind)
2026-09-21T00:26:15.708089646Z   File "/usr/local/lib/python3.13/site-packages/sqlalchemy/orm/session.py", line 2112, in _connection_for_bind
2026-09-21T00:26:15.708092291Z     return trans._connection_for_bind(engine, execution_options)
2026-09-21T00:26:15.708094916Z            ~~~~~~~~~~~~~~~~~~~~~~~~~~^^^^^^^^^^^^^^^^^^^^^^^^^^^
2026-09-21T00:26:15.708097612Z   File "<string>", line 2, in _connection_for_bind
2026-09-21T00:26:15.708100357Z   File "/usr/local/lib/python3.13/site-packages/sqlalchemy/orm/state_changes.py", line 137, in _go
2026-09-21T00:26:15.708103002Z     ret_value = fn(self, *arg, **kw)
2026-09-21T00:26:15.708105618Z   File "/usr/local/lib/python3.13/site-packages/sqlalchemy/orm/session.py", line 1191, in _connection_for_bind
2026-09-21T00:26:15.708108193Z     conn = bind.connect()
2026-09-21T00:26:15.708111609Z   File "/usr/local/lib/python3.13/site-packages/opentelemetry/instrumentation/sqlalchemy/engine.py", line 200, in _wrap_connect_internal
2026-09-21T00:26:15.708114385Z     return func(*args, **kwargs)
2026-09-21T00:26:15.708117321Z   File "/usr/local/lib/python3.13/site-packages/sqlalchemy/engine/base.py", line 3295, in connect
2026-09-21T00:26:15.708119826Z     return self._connection_cls(self)
2026-09-21T00:26:15.708122431Z            ~~~~~~~~~~~~~~~~~~~~^^^^^^
2026-09-21T00:26:15.708125176Z   File "/usr/local/lib/python3.13/site-packages/sqlalchemy/engine/base.py", line 144, in __init__
2026-09-21T00:26:15.708128453Z     self._dbapi_connection = engine.raw_connection()
2026-09-21T00:26:15.708131489Z                              ~~~~~~~~~~~~~~~~~~~~~^^
2026-09-21T00:26:15.708134404Z   File "/usr/local/lib/python3.13/site-packages/sqlalchemy/engine/base.py", line 3319, in raw_connection
2026-09-21T00:26:15.708136889Z     return self.pool.connect()
2026-09-21T00:26:15.708139334Z            ~~~~~~~~~~~~~~~~~^^
2026-09-21T00:26:15.708141889Z   File "/usr/local/lib/python3.13/site-packages/sqlalchemy/pool/base.py", line 448, in connect
2026-09-21T00:26:15.708144314Z     return _ConnectionFairy._checkout(self)
2026-09-21T00:26:15.708146598Z            ~~~~~~~~~~~~~~~~~~~~~~~~~~^^^^^^
2026-09-21T00:26:15.708148893Z   File "/usr/local/lib/python3.13/site-packages/sqlalchemy/pool/base.py", line 1272, in _checkout
2026-09-21T00:26:15.708151268Z     fairy = _ConnectionRecord.checkout(pool)
2026-09-21T00:26:15.708153662Z   File "/usr/local/lib/python3.13/site-packages/sqlalchemy/pool/base.py", line 712, in checkout
2026-09-21T00:26:15.708156007Z     rec = pool._do_get()
2026-09-21T00:26:15.708158322Z   File "/usr/local/lib/python3.13/site-packages/sqlalchemy/pool/impl.py", line 167, in _do_get
2026-09-21T00:26:15.708160626Z     raise exc.TimeoutError(
2026-09-21T00:26:15.708163021Z     ...<4 lines>...
2026-09-21T00:26:15.708165335Z     )
2026-09-21T00:26:15.708168752Z sqlalchemy.exc.TimeoutError: QueuePool limit of size 5 overflow 10 reached, connection timed out, timeout 30.00 (Background on this error at: https://sqlalche.me/e/20/3o7r)
2026-09-21T00:26:15.715192741Z ERROR:    Exception in ASGI application
2026-09-21T00:26:15.715247569Z Traceback (most recent call last):
2026-09-21T00:26:15.715250465Z   File "/usr/local/lib/python3.13/site-packages/uvicorn/protocols/http/httptools_impl.py", line 421, in run_asgi
2026-09-21T00:26:15.715253511Z     result = await app(  # type: ignore[func-returns-value]
2026-09-21T00:26:15.715255494Z              ^^^^^^^^^^^^^^^^^^^^^^^^^^^^^^^^^^^^^^^^^^^^^^
2026-09-21T00:26:15.715257458Z         self.scope, self.receive, self.send
2026-09-21T00:26:15.715302618Z         ^^^^^^^^^^^^^^^^^^^^^^^^^^^^^^^^^^^
2026-09-21T00:26:15.715310423Z     )
2026-09-21T00:26:15.715312417Z     ^
2026-09-21T00:26:15.715314501Z   File "/usr/local/lib/python3.13/site-packages/uvicorn/middleware/proxy_headers.py", line 63, in __call__
2026-09-21T00:26:15.715316495Z     return await self.app(scope, receive, send)
2026-09-21T00:26:15.715318509Z            ^^^^^^^^^^^^^^^^^^^^^^^^^^^^^^^^^^^^
2026-09-21T00:26:15.715320994Z   File "/usr/local/lib/python3.13/site-packages/fastapi/applications.py", line 1159, in __call__
2026-09-21T00:26:15.715322878Z     await super().__call__(scope, receive, send)
2026-09-21T00:26:15.715324891Z   File "/usr/local/lib/python3.13/site-packages/starlette/applications.py", line 107, in __call__
2026-09-21T00:26:15.715326825Z     await self.middleware_stack(scope, receive, send)
2026-09-21T00:26:15.715328719Z   File "/usr/local/lib/python3.13/site-packages/starlette/middleware/errors.py", line 186, in __call__
2026-09-21T00:26:15.715330623Z     raise exc
2026-09-21T00:26:15.715332527Z   File "/usr/local/lib/python3.13/site-packages/starlette/middleware/errors.py", line 164, in __call__
2026-09-21T00:26:15.715334420Z     await self.app(scope, receive, _send)
2026-09-21T00:26:15.715336705Z   File "/usr/local/lib/python3.13/site-packages/opentelemetry/instrumentation/asgi/__init__.py", line 806, in __call__
2026-09-21T00:26:15.715338589Z     await self.app(scope, otel_receive, otel_send)
2026-09-21T00:26:15.715340572Z   File "/usr/local/lib/python3.13/site-packages/starlette/middleware/errors.py", line 186, in __call__
2026-09-21T00:26:15.715342476Z     raise exc
2026-09-21T00:26:15.715344350Z   File "/usr/local/lib/python3.13/site-packages/starlette/middleware/errors.py", line 164, in __call__
2026-09-21T00:26:15.715346214Z     await self.app(scope, receive, _send)
2026-09-21T00:26:15.715348107Z   File "/usr/local/lib/python3.13/site-packages/opentelemetry/instrumentation/fastapi/__init__.py", line 305, in __call__
2026-09-21T00:26:15.715350021Z     await self.app(scope, receive, send)
2026-09-21T00:26:15.715351895Z   File "/usr/local/lib/python3.13/site-packages/prometheus_fastapi_instrumentator/middleware.py", line 177, in __call__
2026-09-21T00:26:15.715353799Z     raise exc
2026-09-21T00:26:15.715355682Z   File "/usr/local/lib/python3.13/site-packages/prometheus_fastapi_instrumentator/middleware.py", line 175, in __call__
2026-09-21T00:26:15.715357556Z     await self.app(scope, receive, send_wrapper)
2026-09-21T00:26:15.715359480Z   File "/usr/local/lib/python3.13/site-packages/starlette/middleware/exceptions.py", line 63, in __call__
2026-09-21T00:26:15.715362456Z     await wrap_app_handling_exceptions(self.app, conn)(scope, receive, send)
2026-09-21T00:26:15.715364329Z   File "/usr/local/lib/python3.13/site-packages/starlette/_exception_handler.py", line 53, in wrapped_app
2026-09-21T00:26:15.715366203Z     raise exc
2026-09-21T00:26:15.715368077Z   File "/usr/local/lib/python3.13/site-packages/starlette/_exception_handler.py", line 42, in wrapped_app
2026-09-21T00:26:15.715369950Z     await app(scope, receive, sender)
2026-09-21T00:26:15.715371854Z   File "/usr/local/lib/python3.13/site-packages/fastapi/middleware/asyncexitstack.py", line 18, in __call__
2026-09-21T00:26:15.715373888Z     await self.app(scope, receive, send)
2026-09-21T00:26:15.715375762Z   File "/usr/local/lib/python3.13/site-packages/starlette/routing.py", line 716, in __call__
2026-09-21T00:26:15.715377636Z     await self.middleware_stack(scope, receive, send)
2026-09-21T00:26:15.715379559Z   File "/usr/local/lib/python3.13/site-packages/starlette/routing.py", line 736, in app
2026-09-21T00:26:15.715388096Z     await route.handle(scope, receive, send)
2026-09-21T00:26:15.715390060Z   File "/usr/local/lib/python3.13/site-packages/starlette/routing.py", line 290, in handle
2026-09-21T00:26:15.715391944Z     await self.app(scope, receive, send)
2026-09-21T00:26:15.715393928Z   File "/usr/local/lib/python3.13/site-packages/fastapi/routing.py", line 134, in app
2026-09-21T00:26:15.715395812Z     await wrap_app_handling_exceptions(app, request)(scope, receive, send)
2026-09-21T00:26:15.715397876Z   File "/usr/local/lib/python3.13/site-packages/starlette/_exception_handler.py", line 53, in wrapped_app
2026-09-21T00:26:15.715399769Z     raise exc
2026-09-21T00:26:15.715401673Z   File "/usr/local/lib/python3.13/site-packages/starlette/_exception_handler.py", line 42, in wrapped_app
2026-09-21T00:26:15.715403557Z     await app(scope, receive, sender)
2026-09-21T00:26:15.715405430Z   File "/usr/local/lib/python3.13/site-packages/fastapi/routing.py", line 120, in app
2026-09-21T00:26:15.715408056Z     response = await f(request)
2026-09-21T00:26:15.715409979Z                ^^^^^^^^^^^^^^^^
2026-09-21T00:26:15.715411843Z   File "/usr/local/lib/python3.13/site-packages/fastapi/routing.py", line 674, in app
2026-09-21T00:26:15.715413737Z     raw_response = await run_endpoint_function(
2026-09-21T00:26:15.715415611Z                    ^^^^^^^^^^^^^^^^^^^^^^^^^^^^
2026-09-21T00:26:15.715418236Z     ...<3 lines>...
2026-09-21T00:26:15.715420140Z     )
2026-09-21T00:26:15.715422053Z     ^
2026-09-21T00:26:15.715423957Z   File "/usr/local/lib/python3.13/site-packages/fastapi/routing.py", line 330, in run_endpoint_function
2026-09-21T00:26:15.715425871Z     return await run_in_threadpool(dependant.call, **values)
2026-09-21T00:26:15.715427805Z            ^^^^^^^^^^^^^^^^^^^^^^^^^^^^^^^^^^^^^^^^^^^^^^^^^
2026-09-21T00:26:15.715465068Z   File "/usr/local/lib/python3.13/site-packages/starlette/concurrency.py", line 32, in run_in_threadpool
2026-09-21T00:26:15.715472814Z     return await anyio.to_thread.run_sync(func)
2026-09-21T00:26:15.715474838Z            ^^^^^^^^^^^^^^^^^^^^^^^^^^^^^^^^^^^^
2026-09-21T00:26:15.715476721Z   File "/usr/local/lib/python3.13/site-packages/anyio/to_thread.py", line 63, in run_sync
2026-09-21T00:26:15.715478625Z     return await get_async_backend().run_sync_in_worker_thread(
2026-09-21T00:26:15.715480579Z            ^^^^^^^^^^^^^^^^^^^^^^^^^^^^^^^^^^^^^^^^^^^^^^^^^^^^
2026-09-21T00:26:15.715482623Z         func, args, abandon_on_cancel=abandon_on_cancel, limiter=limiter
2026-09-21T00:26:15.715484577Z         ^^^^^^^^^^^^^^^^^^^^^^^^^^^^^^^^^^^^^^^^^^^^^^^^^^^^^^^^^^^^^^^^
2026-09-21T00:26:15.715486501Z     )
2026-09-21T00:26:15.715488424Z     ^
2026-09-21T00:26:15.715490348Z   File "/usr/local/lib/python3.13/site-packages/anyio/_backends/_asyncio.py", line 2518, in run_sync_in_worker_thread
2026-09-21T00:26:15.715492242Z     return await future
2026-09-21T00:26:15.715494136Z            ^^^^^^^^^^^^
2026-09-21T00:26:15.715496049Z   File "/usr/local/lib/python3.13/site-packages/anyio/_backends/_asyncio.py", line 1002, in run
2026-09-21T00:26:15.715497943Z     result = context.run(func, *args)
2026-09-21T00:26:15.715499837Z   File "/app/app/routers/orders.py", line 36, in checkout
2026-09-21T00:26:15.715501711Z     return create_order(
2026-09-21T00:26:15.715503604Z         db=db,
2026-09-21T00:26:15.715505688Z     ...<2 lines>...
2026-09-21T00:26:15.715507582Z         correlation_id=correlation_id,
2026-09-21T00:26:15.715509466Z     )
2026-09-21T00:26:15.715511410Z   File "/app/app/services/order_service.py", line 42, in create_order
2026-09-21T00:26:15.715513334Z     result = db.execute(
2026-09-21T00:26:15.715515227Z         select(ProductModel).where(ProductModel.id == product_id)
2026-09-21T00:26:15.715524926Z     )
2026-09-21T00:26:15.715526920Z   File "/usr/local/lib/python3.13/site-packages/sqlalchemy/orm/session.py", line 2372, in execute
2026-09-21T00:26:15.715528814Z     return self._execute_internal(
2026-09-21T00:26:15.715530688Z            ~~~~~~~~~~~~~~~~~~~~~~^
2026-09-21T00:26:15.715532562Z         statement,
2026-09-21T00:26:15.715534475Z         ^^^^^^^^^^
2026-09-21T00:26:15.715536339Z     ...<4 lines>...
2026-09-21T00:26:15.715538213Z         _add_event=_add_event,
2026-09-21T00:26:15.715540086Z         ^^^^^^^^^^^^^^^^^^^^^^
2026-09-21T00:26:15.715541940Z     )
2026-09-21T00:26:15.715543814Z     ^
2026-09-21T00:26:15.715545728Z   File "/usr/local/lib/python3.13/site-packages/sqlalchemy/orm/session.py", line 2260, in _execute_internal
2026-09-21T00:26:15.715547601Z     conn = self._connection_for_bind(bind)
2026-09-21T00:26:15.715549525Z   File "/usr/local/lib/python3.13/site-packages/sqlalchemy/orm/session.py", line 2112, in _connection_for_bind
2026-09-21T00:26:15.715551439Z     return trans._connection_for_bind(engine, execution_options)
2026-09-21T00:26:15.715553323Z            ~~~~~~~~~~~~~~~~~~~~~~~~~~^^^^^^^^^^^^^^^^^^^^^^^^^^^
2026-09-21T00:26:15.715555206Z   File "<string>", line 2, in _connection_for_bind
2026-09-21T00:26:15.715557090Z   File "/usr/local/lib/python3.13/site-packages/sqlalchemy/orm/state_changes.py", line 137, in _go
2026-09-21T00:26:15.715558984Z     ret_value = fn(self, *arg, **kw)
2026-09-21T00:26:15.715560867Z   File "/usr/local/lib/python3.13/site-packages/sqlalchemy/orm/session.py", line 1191, in _connection_for_bind
2026-09-21T00:26:15.715562751Z     conn = bind.connect()
2026-09-21T00:26:15.715565196Z   File "/usr/local/lib/python3.13/site-packages/opentelemetry/instrumentation/sqlalchemy/engine.py", line 200, in _wrap_connect_internal
2026-09-21T00:26:15.715567080Z     return func(*args, **kwargs)
2026-09-21T00:26:15.715569274Z   File "/usr/local/lib/python3.13/site-packages/sqlalchemy/engine/base.py", line 3295, in connect
2026-09-21T00:26:15.715571278Z     return self._connection_cls(self)
2026-09-21T00:26:15.715573162Z            ~~~~~~~~~~~~~~~~~~~~^^^^^^
2026-09-21T00:26:15.715575045Z   File "/usr/local/lib/python3.13/site-packages/sqlalchemy/engine/base.py", line 144, in __init__
2026-09-21T00:26:15.715576929Z     self._dbapi_connection = engine.raw_connection()
2026-09-21T00:26:15.715578803Z                              ~~~~~~~~~~~~~~~~~~~~~^^
2026-09-21T00:26:15.715580697Z   File "/usr/local/lib/python3.13/site-packages/sqlalchemy/engine/base.py", line 3319, in raw_connection
2026-09-21T00:26:15.715582610Z     return self.pool.connect()
2026-09-21T00:26:15.715584514Z            ~~~~~~~~~~~~~~~~~^^
2026-09-21T00:26:15.715586428Z   File "/usr/local/lib/python3.13/site-packages/sqlalchemy/pool/base.py", line 448, in connect
2026-09-21T00:26:15.715588322Z     return _ConnectionFairy._checkout(self)
2026-09-21T00:26:15.715590185Z            ~~~~~~~~~~~~~~~~~~~~~~~~~~^^^^^^
2026-09-21T00:26:15.715592079Z   File "/usr/local/lib/python3.13/site-packages/sqlalchemy/pool/base.py", line 1272, in _checkout
2026-09-21T00:26:15.715593953Z     fairy = _ConnectionRecord.checkout(pool)
2026-09-21T00:26:15.715595887Z   File "/usr/local/lib/python3.13/site-packages/sqlalchemy/pool/base.py", line 712, in checkout
2026-09-21T00:26:15.715597780Z     rec = pool._do_get()
2026-09-21T00:26:15.715599804Z   File "/usr/local/lib/python3.13/site-packages/sqlalchemy/pool/impl.py", line 167, in _do_get
2026-09-21T00:26:15.715601668Z     raise exc.TimeoutError(
2026-09-21T00:26:15.715603552Z     ...<4 lines>...
2026-09-21T00:26:15.715610075Z     )
2026-09-21T00:26:15.715619764Z sqlalchemy.exc.TimeoutError: QueuePool limit of size 5 overflow 10 reached, connection timed out, timeout 30.00 (Background on this error at: https://sqlalche.me/e/20/3o7r)
2026-09-21T00:26:15.903733636Z ERROR:    Exception in ASGI application
2026-09-21T00:26:15.903766902Z Traceback (most recent call last):
2026-09-21T00:26:15.903769587Z   File "/usr/local/lib/python3.13/site-packages/uvicorn/protocols/http/httptools_impl.py", line 421, in run_asgi
2026-09-21T00:26:15.903772202Z     result = await app(  # type: ignore[func-returns-value]
2026-09-21T00:26:15.903774106Z              ^^^^^^^^^^^^^^^^^^^^^^^^^^^^^^^^^^^^^^^^^^^^^^
2026-09-21T00:26:15.903776020Z         self.scope, self.receive, self.send
2026-09-21T00:26:15.903777903Z         ^^^^^^^^^^^^^^^^^^^^^^^^^^^^^^^^^^^
2026-09-21T00:26:15.903779817Z     )
2026-09-21T00:26:15.903781791Z     ^
2026-09-21T00:26:15.903783715Z   File "/usr/local/lib/python3.13/site-packages/uvicorn/middleware/proxy_headers.py", line 63, in __call__
2026-09-21T00:26:15.903785629Z     return await self.app(scope, receive, send)
2026-09-21T00:26:15.903787522Z            ^^^^^^^^^^^^^^^^^^^^^^^^^^^^^^^^^^^^
2026-09-21T00:26:15.903790067Z   File "/usr/local/lib/python3.13/site-packages/fastapi/applications.py", line 1159, in __call__
2026-09-21T00:26:15.903792001Z     await super().__call__(scope, receive, send)
2026-09-21T00:26:15.903793895Z   File "/usr/local/lib/python3.13/site-packages/starlette/applications.py", line 107, in __call__
2026-09-21T00:26:15.903795849Z     await self.middleware_stack(scope, receive, send)
2026-09-21T00:26:15.903797783Z   File "/usr/local/lib/python3.13/site-packages/starlette/middleware/errors.py", line 186, in __call__
2026-09-21T00:26:15.903799706Z     raise exc
2026-09-21T00:26:15.903801630Z   File "/usr/local/lib/python3.13/site-packages/starlette/middleware/errors.py", line 164, in __call__
2026-09-21T00:26:15.903804165Z     await self.app(scope, receive, _send)
2026-09-21T00:26:15.903807051Z   File "/usr/local/lib/python3.13/site-packages/opentelemetry/instrumentation/asgi/__init__.py", line 806, in __call__
2026-09-21T00:26:15.903808955Z     await self.app(scope, otel_receive, otel_send)
2026-09-21T00:26:15.903810848Z   File "/usr/local/lib/python3.13/site-packages/starlette/middleware/errors.py", line 186, in __call__
2026-09-21T00:26:15.903812742Z     raise exc
2026-09-21T00:26:15.903814956Z   File "/usr/local/lib/python3.13/site-packages/starlette/middleware/errors.py", line 164, in __call__
2026-09-21T00:26:15.903816850Z     await self.app(scope, receive, _send)
2026-09-21T00:26:15.903818754Z   File "/usr/local/lib/python3.13/site-packages/opentelemetry/instrumentation/fastapi/__init__.py", line 305, in __call__
2026-09-21T00:26:15.903820718Z     await self.app(scope, receive, send)
2026-09-21T00:26:15.903825898Z   File "/usr/local/lib/python3.13/site-packages/prometheus_fastapi_instrumentator/middleware.py", line 177, in __call__
2026-09-21T00:26:15.903843904Z     raise exc
2026-09-21T00:26:15.903849485Z   File "/usr/local/lib/python3.13/site-packages/prometheus_fastapi_instrumentator/middleware.py", line 175, in __call__
2026-09-21T00:26:15.903851549Z     await self.app(scope, receive, send_wrapper)
2026-09-21T00:26:15.903853513Z   File "/usr/local/lib/python3.13/site-packages/starlette/middleware/exceptions.py", line 63, in __call__
2026-09-21T00:26:15.903856038Z     await wrap_app_handling_exceptions(self.app, conn)(scope, receive, send)
2026-09-21T00:26:15.903857991Z   File "/usr/local/lib/python3.13/site-packages/starlette/_exception_handler.py", line 53, in wrapped_app
2026-09-21T00:26:15.903859875Z     raise exc
2026-09-21T00:26:15.903861839Z   File "/usr/local/lib/python3.13/site-packages/starlette/_exception_handler.py", line 42, in wrapped_app
2026-09-21T00:26:15.903884133Z     await app(scope, receive, sender)
2026-09-21T00:26:15.903886107Z   File "/usr/local/lib/python3.13/site-packages/fastapi/middleware/asyncexitstack.py", line 18, in __call__
2026-09-21T00:26:15.903888281Z     await self.app(scope, receive, send)
2026-09-21T00:26:15.903890295Z   File "/usr/local/lib/python3.13/site-packages/starlette/routing.py", line 716, in __call__
2026-09-21T00:26:15.903892239Z     await self.middleware_stack(scope, receive, send)
2026-09-21T00:26:15.903894123Z   File "/usr/local/lib/python3.13/site-packages/starlette/routing.py", line 736, in app
2026-09-21T00:26:15.903895996Z     await route.handle(scope, receive, send)
2026-09-21T00:26:15.903897870Z   File "/usr/local/lib/python3.13/site-packages/starlette/routing.py", line 290, in handle
2026-09-21T00:26:15.903899754Z     await self.app(scope, receive, send)
2026-09-21T00:26:15.903901658Z   File "/usr/local/lib/python3.13/site-packages/fastapi/routing.py", line 134, in app
2026-09-21T00:26:15.903903511Z     await wrap_app_handling_exceptions(app, request)(scope, receive, send)
2026-09-21T00:26:15.903905445Z   File "/usr/local/lib/python3.13/site-packages/starlette/_exception_handler.py", line 53, in wrapped_app
2026-09-21T00:26:15.903907469Z     raise exc
2026-09-21T00:26:15.903909804Z   File "/usr/local/lib/python3.13/site-packages/starlette/_exception_handler.py", line 42, in wrapped_app
2026-09-21T00:26:15.903911667Z     await app(scope, receive, sender)
2026-09-21T00:26:15.903923741Z   File "/usr/local/lib/python3.13/site-packages/fastapi/routing.py", line 120, in app
2026-09-21T00:26:15.903929302Z     response = await f(request)
2026-09-21T00:26:15.903931236Z                ^^^^^^^^^^^^^^^^
2026-09-21T00:26:15.903933190Z   File "/usr/local/lib/python3.13/site-packages/fastapi/routing.py", line 674, in app
2026-09-21T00:26:15.903935174Z     raw_response = await run_endpoint_function(
2026-09-21T00:26:15.903937188Z                    ^^^^^^^^^^^^^^^^^^^^^^^^^^^^
2026-09-21T00:26:15.903939312Z     ...<3 lines>...
2026-09-21T00:26:15.903941236Z     )
2026-09-21T00:26:15.903943140Z     ^
2026-09-21T00:26:15.903945083Z   File "/usr/local/lib/python3.13/site-packages/fastapi/routing.py", line 330, in run_endpoint_function
2026-09-21T00:26:15.903946977Z     return await run_in_threadpool(dependant.call, **values)
2026-09-21T00:26:15.903948871Z            ^^^^^^^^^^^^^^^^^^^^^^^^^^^^^^^^^^^^^^^^^^^^^^^^^
2026-09-21T00:26:15.903983970Z   File "/usr/local/lib/python3.13/site-packages/starlette/concurrency.py", line 32, in run_in_threadpool
2026-09-21T00:26:15.903988439Z     return await anyio.to_thread.run_sync(func)
2026-09-21T00:26:15.903990423Z            ^^^^^^^^^^^^^^^^^^^^^^^^^^^^^^^^^^^^
2026-09-21T00:26:15.903992307Z   File "/usr/local/lib/python3.13/site-packages/anyio/to_thread.py", line 63, in run_sync
2026-09-21T00:26:15.903994301Z     return await get_async_backend().run_sync_in_worker_thread(
2026-09-21T00:26:15.903996204Z            ^^^^^^^^^^^^^^^^^^^^^^^^^^^^^^^^^^^^^^^^^^^^^^^^^^^^
2026-09-21T00:26:15.903998098Z         func, args, abandon_on_cancel=abandon_on_cancel, limiter=limiter
2026-09-21T00:26:15.904000112Z         ^^^^^^^^^^^^^^^^^^^^^^^^^^^^^^^^^^^^^^^^^^^^^^^^^^^^^^^^^^^^^^^^
2026-09-21T00:26:15.904002006Z     )
2026-09-21T00:26:15.904003910Z     ^
2026-09-21T00:26:15.904005813Z   File "/usr/local/lib/python3.13/site-packages/anyio/_backends/_asyncio.py", line 2518, in run_sync_in_worker_thread
2026-09-21T00:26:15.904007717Z     return await future
2026-09-21T00:26:15.904009601Z            ^^^^^^^^^^^^
2026-09-21T00:26:15.904011575Z   File "/usr/local/lib/python3.13/site-packages/anyio/_backends/_asyncio.py", line 1002, in run
2026-09-21T00:26:15.904022045Z     result = context.run(func, *args)
2026-09-21T00:26:15.904024039Z   File "/app/app/routers/orders.py", line 36, in checkout
2026-09-21T00:26:15.904025953Z     return create_order(
2026-09-21T00:26:15.904027947Z         db=db,
2026-09-21T00:26:15.904029881Z     ...<2 lines>...
2026-09-21T00:26:15.904031825Z         correlation_id=correlation_id,
2026-09-21T00:26:15.904033718Z     )
2026-09-21T00:26:15.904035652Z   File "/app/app/services/order_service.py", line 42, in create_order
2026-09-21T00:26:15.904037546Z     result = db.execute(
2026-09-21T00:26:15.904039510Z         select(ProductModel).where(ProductModel.id == product_id)
2026-09-21T00:26:15.904041484Z     )
2026-09-21T00:26:15.904043468Z   File "/usr/local/lib/python3.13/site-packages/sqlalchemy/orm/session.py", line 2372, in execute
2026-09-21T00:26:15.904045391Z     return self._execute_internal(
2026-09-21T00:26:15.904047265Z            ~~~~~~~~~~~~~~~~~~~~~~^
2026-09-21T00:26:15.904049159Z         statement,
2026-09-21T00:26:15.904051053Z         ^^^^^^^^^^
2026-09-21T00:26:15.904053016Z     ...<4 lines>...
2026-09-21T00:26:15.904055131Z         _add_event=_add_event,
2026-09-21T00:26:15.904057014Z         ^^^^^^^^^^^^^^^^^^^^^^
2026-09-21T00:26:15.904059008Z     )
2026-09-21T00:26:15.904063086Z     ^
2026-09-21T00:26:15.904065050Z   File "/usr/local/lib/python3.13/site-packages/sqlalchemy/orm/session.py", line 2260, in _execute_internal
2026-09-21T00:26:15.904066964Z     conn = self._connection_for_bind(bind)
2026-09-21T00:26:15.904068918Z   File "/usr/local/lib/python3.13/site-packages/sqlalchemy/orm/session.py", line 2112, in _connection_for_bind
2026-09-21T00:26:15.904070832Z     return trans._connection_for_bind(engine, execution_options)
2026-09-21T00:26:15.904072765Z            ~~~~~~~~~~~~~~~~~~~~~~~~~~^^^^^^^^^^^^^^^^^^^^^^^^^^^
2026-09-21T00:26:15.904074639Z   File "<string>", line 2, in _connection_for_bind
2026-09-21T00:26:15.904078557Z   File "/usr/local/lib/python3.13/site-packages/sqlalchemy/orm/state_changes.py", line 137, in _go
2026-09-21T00:26:15.904080481Z     ret_value = fn(self, *arg, **kw)
2026-09-21T00:26:15.904082354Z   File "/usr/local/lib/python3.13/site-packages/sqlalchemy/orm/session.py", line 1191, in _connection_for_bind
2026-09-21T00:26:15.904084278Z     conn = bind.connect()
2026-09-21T00:26:15.904086853Z   File "/usr/local/lib/python3.13/site-packages/opentelemetry/instrumentation/sqlalchemy/engine.py", line 200, in _wrap_connect_internal
2026-09-21T00:26:15.904088797Z     return func(*args, **kwargs)
2026-09-21T00:26:15.904090721Z   File "/usr/local/lib/python3.13/site-packages/sqlalchemy/engine/base.py", line 3295, in connect
2026-09-21T00:26:15.904092605Z     return self._connection_cls(self)
2026-09-21T00:26:15.904094478Z            ~~~~~~~~~~~~~~~~~~~~^^^^^^
2026-09-21T00:26:15.904096362Z   File "/usr/local/lib/python3.13/site-packages/sqlalchemy/engine/base.py", line 144, in __init__
2026-09-21T00:26:15.904098276Z     self._dbapi_connection = engine.raw_connection()
2026-09-21T00:26:15.904100140Z                              ~~~~~~~~~~~~~~~~~~~~~^^
2026-09-21T00:26:15.904102023Z   File "/usr/local/lib/python3.13/site-packages/sqlalchemy/engine/base.py", line 3319, in raw_connection
2026-09-21T00:26:15.904103897Z     return self.pool.connect()
2026-09-21T00:26:15.904105791Z            ~~~~~~~~~~~~~~~~~^^
2026-09-21T00:26:15.904107745Z   File "/usr/local/lib/python3.13/site-packages/sqlalchemy/pool/base.py", line 448, in connect
2026-09-21T00:26:15.904109628Z     return _ConnectionFairy._checkout(self)
2026-09-21T00:26:15.904116752Z            ~~~~~~~~~~~~~~~~~~~~~~~~~~^^^^^^
2026-09-21T00:26:15.904118776Z   File "/usr/local/lib/python3.13/site-packages/sqlalchemy/pool/base.py", line 1272, in _checkout
2026-09-21T00:26:15.904120650Z     fairy = _ConnectionRecord.checkout(pool)
2026-09-21T00:26:15.904122524Z   File "/usr/local/lib/python3.13/site-packages/sqlalchemy/pool/base.py", line 712, in checkout
2026-09-21T00:26:15.904124397Z     rec = pool._do_get()
2026-09-21T00:26:15.904126301Z   File "/usr/local/lib/python3.13/site-packages/sqlalchemy/pool/impl.py", line 167, in _do_get
2026-09-21T00:26:15.904128165Z     raise exc.TimeoutError(
2026-09-21T00:26:15.904130039Z     ...<4 lines>...
2026-09-21T00:26:15.904131892Z     )
2026-09-21T00:26:15.904134908Z sqlalchemy.exc.TimeoutError: QueuePool limit of size 5 overflow 10 reached, connection timed out, timeout 30.00 (Background on this error at: https://sqlalche.me/e/20/3o7r)
2026-09-21T00:26:15.919044389Z ERROR:    Exception in ASGI application
2026-09-21T00:26:15.919077294Z Traceback (most recent call last):
2026-09-21T00:26:15.919080059Z   File "/usr/local/lib/python3.13/site-packages/uvicorn/protocols/http/httptools_impl.py", line 421, in run_asgi
2026-09-21T00:26:15.919082734Z     result = await app(  # type: ignore[func-returns-value]
2026-09-21T00:26:15.919084638Z              ^^^^^^^^^^^^^^^^^^^^^^^^^^^^^^^^^^^^^^^^^^^^^^
2026-09-21T00:26:15.919086532Z         self.scope, self.receive, self.send
2026-09-21T00:26:15.919088536Z         ^^^^^^^^^^^^^^^^^^^^^^^^^^^^^^^^^^^
2026-09-21T00:26:15.919090490Z     )
2026-09-21T00:26:15.919092443Z     ^
2026-09-21T00:26:15.919094798Z   File "/usr/local/lib/python3.13/site-packages/uvicorn/middleware/proxy_headers.py", line 63, in __call__
2026-09-21T00:26:15.919096742Z     return await self.app(scope, receive, send)
2026-09-21T00:26:15.919098616Z            ^^^^^^^^^^^^^^^^^^^^^^^^^^^^^^^^^^^^
2026-09-21T00:26:15.919101111Z   File "/usr/local/lib/python3.13/site-packages/fastapi/applications.py", line 1159, in __call__
2026-09-21T00:26:15.919103004Z     await super().__call__(scope, receive, send)
2026-09-21T00:26:15.919104878Z   File "/usr/local/lib/python3.13/site-packages/starlette/applications.py", line 107, in __call__
2026-09-21T00:26:15.919106862Z     await self.middleware_stack(scope, receive, send)
2026-09-21T00:26:15.919108776Z   File "/usr/local/lib/python3.13/site-packages/starlette/middleware/errors.py", line 186, in __call__
2026-09-21T00:26:15.919110710Z     raise exc
2026-09-21T00:26:15.919112643Z   File "/usr/local/lib/python3.13/site-packages/starlette/middleware/errors.py", line 164, in __call__
2026-09-21T00:26:15.919114557Z     await self.app(scope, receive, _send)
2026-09-21T00:26:15.919117553Z   File "/usr/local/lib/python3.13/site-packages/opentelemetry/instrumentation/asgi/__init__.py", line 806, in __call__
2026-09-21T00:26:15.919119457Z     await self.app(scope, otel_receive, otel_send)
2026-09-21T00:26:15.919121351Z   File "/usr/local/lib/python3.13/site-packages/starlette/middleware/errors.py", line 186, in __call__
2026-09-21T00:26:15.919123224Z     raise exc
2026-09-21T00:26:15.919125128Z   File "/usr/local/lib/python3.13/site-packages/starlette/middleware/errors.py", line 164, in __call__
2026-09-21T00:26:15.919127252Z     await self.app(scope, receive, _send)
2026-09-21T00:26:15.919132052Z   File "/usr/local/lib/python3.13/site-packages/opentelemetry/instrumentation/fastapi/__init__.py", line 305, in __call__
2026-09-21T00:26:15.919134036Z     await self.app(scope, receive, send)
2026-09-21T00:26:15.919135949Z   File "/usr/local/lib/python3.13/site-packages/prometheus_fastapi_instrumentator/middleware.py", line 177, in __call__
2026-09-21T00:26:15.919137873Z     raise exc
2026-09-21T00:26:15.919158414Z   File "/usr/local/lib/python3.13/site-packages/prometheus_fastapi_instrumentator/middleware.py", line 175, in __call__
2026-09-21T00:26:15.919160468Z     await self.app(scope, receive, send_wrapper)
2026-09-21T00:26:15.919162432Z   File "/usr/local/lib/python3.13/site-packages/starlette/middleware/exceptions.py", line 63, in __call__
2026-09-21T00:26:15.919164917Z     await wrap_app_handling_exceptions(self.app, conn)(scope, receive, send)
2026-09-21T00:26:15.919166830Z   File "/usr/local/lib/python3.13/site-packages/starlette/_exception_handler.py", line 53, in wrapped_app
2026-09-21T00:26:15.919168724Z     raise exc
2026-09-21T00:26:15.919170648Z   File "/usr/local/lib/python3.13/site-packages/starlette/_exception_handler.py", line 42, in wrapped_app
2026-09-21T00:26:15.919172592Z     await app(scope, receive, sender)
2026-09-21T00:26:15.919174475Z   File "/usr/local/lib/python3.13/site-packages/fastapi/middleware/asyncexitstack.py", line 18, in __call__
2026-09-21T00:26:15.919176359Z     await self.app(scope, receive, send)
2026-09-21T00:26:15.919178243Z   File "/usr/local/lib/python3.13/site-packages/starlette/routing.py", line 716, in __call__
2026-09-21T00:26:15.919180117Z     await self.middleware_stack(scope, receive, send)
2026-09-21T00:26:15.919182050Z   File "/usr/local/lib/python3.13/site-packages/starlette/routing.py", line 736, in app
2026-09-21T00:26:15.919183944Z     await route.handle(scope, receive, send)
2026-09-21T00:26:15.919185928Z   File "/usr/local/lib/python3.13/site-packages/starlette/routing.py", line 290, in handle
2026-09-21T00:26:15.919189996Z     await self.app(scope, receive, send)
2026-09-21T00:26:15.919191940Z   File "/usr/local/lib/python3.13/site-packages/fastapi/routing.py", line 134, in app
2026-09-21T00:26:15.919193804Z     await wrap_app_handling_exceptions(app, request)(scope, receive, send)
2026-09-21T00:26:15.919195697Z   File "/usr/local/lib/python3.13/site-packages/starlette/_exception_handler.py", line 53, in wrapped_app
2026-09-21T00:26:15.919197591Z     raise exc
2026-09-21T00:26:15.919199515Z   File "/usr/local/lib/python3.13/site-packages/starlette/_exception_handler.py", line 42, in wrapped_app
2026-09-21T00:26:15.919201389Z     await app(scope, receive, sender)
2026-09-21T00:26:15.919203262Z   File "/usr/local/lib/python3.13/site-packages/fastapi/routing.py", line 120, in app
2026-09-21T00:26:15.919205817Z     response = await f(request)
2026-09-21T00:26:15.919207811Z                ^^^^^^^^^^^^^^^^
2026-09-21T00:26:15.919209765Z   File "/usr/local/lib/python3.13/site-packages/fastapi/routing.py", line 674, in app
2026-09-21T00:26:15.919211629Z     raw_response = await run_endpoint_function(
2026-09-21T00:26:15.919213502Z                    ^^^^^^^^^^^^^^^^^^^^^^^^^^^^
2026-09-21T00:26:15.919215967Z     ...<3 lines>...
2026-09-21T00:26:15.919217861Z     )
2026-09-21T00:26:15.919219735Z     ^
2026-09-21T00:26:15.919221629Z   File "/usr/local/lib/python3.13/site-packages/fastapi/routing.py", line 330, in run_endpoint_function
2026-09-21T00:26:15.919223512Z     return await run_in_threadpool(dependant.call, **values)
2026-09-21T00:26:15.919225386Z            ^^^^^^^^^^^^^^^^^^^^^^^^^^^^^^^^^^^^^^^^^^^^^^^^^
2026-09-21T00:26:15.919264002Z   File "/usr/local/lib/python3.13/site-packages/starlette/concurrency.py", line 32, in run_in_threadpool
2026-09-21T00:26:15.919268882Z     return await anyio.to_thread.run_sync(func)
2026-09-21T00:26:15.919270926Z            ^^^^^^^^^^^^^^^^^^^^^^^^^^^^^^^^^^^^
2026-09-21T00:26:15.919272810Z   File "/usr/local/lib/python3.13/site-packages/anyio/to_thread.py", line 63, in run_sync
2026-09-21T00:26:15.919274713Z     return await get_async_backend().run_sync_in_worker_thread(
2026-09-21T00:26:15.919284443Z            ^^^^^^^^^^^^^^^^^^^^^^^^^^^^^^^^^^^^^^^^^^^^^^^^^^^^
2026-09-21T00:26:15.919286436Z         func, args, abandon_on_cancel=abandon_on_cancel, limiter=limiter
2026-09-21T00:26:15.919288310Z         ^^^^^^^^^^^^^^^^^^^^^^^^^^^^^^^^^^^^^^^^^^^^^^^^^^^^^^^^^^^^^^^^
2026-09-21T00:26:15.919290204Z     )
2026-09-21T00:26:15.919292118Z     ^
2026-09-21T00:26:15.919294011Z   File "/usr/local/lib/python3.13/site-packages/anyio/_backends/_asyncio.py", line 2518, in run_sync_in_worker_thread
2026-09-21T00:26:15.919295895Z     return await future
2026-09-21T00:26:15.919297819Z            ^^^^^^^^^^^^
2026-09-21T00:26:15.919299703Z   File "/usr/local/lib/python3.13/site-packages/anyio/_backends/_asyncio.py", line 1002, in run
2026-09-21T00:26:15.919301586Z     result = context.run(func, *args)
2026-09-21T00:26:15.919303470Z   File "/app/app/routers/orders.py", line 36, in checkout
2026-09-21T00:26:15.919305354Z     return create_order(
2026-09-21T00:26:15.919307358Z         db=db,
2026-09-21T00:26:15.919309312Z     ...<2 lines>...
2026-09-21T00:26:15.919311556Z         correlation_id=correlation_id,
2026-09-21T00:26:15.919313470Z     )
2026-09-21T00:26:15.919315414Z   File "/app/app/services/order_service.py", line 42, in create_order
2026-09-21T00:26:15.919317307Z     result = db.execute(
2026-09-21T00:26:15.919319191Z         select(ProductModel).where(ProductModel.id == product_id)
2026-09-21T00:26:15.919321055Z     )
2026-09-21T00:26:15.919323089Z   File "/usr/local/lib/python3.13/site-packages/sqlalchemy/orm/session.py", line 2372, in execute
2026-09-21T00:26:15.919325003Z     return self._execute_internal(
2026-09-21T00:26:15.919326906Z            ~~~~~~~~~~~~~~~~~~~~~~^
2026-09-21T00:26:15.919328800Z         statement,
2026-09-21T00:26:15.919330684Z         ^^^^^^^^^^
2026-09-21T00:26:15.919332568Z     ...<4 lines>...
2026-09-21T00:26:15.919334441Z         _add_event=_add_event,
2026-09-21T00:26:15.919336305Z         ^^^^^^^^^^^^^^^^^^^^^^
2026-09-21T00:26:15.919338219Z     )
2026-09-21T00:26:15.919340112Z     ^
2026-09-21T00:26:15.919342016Z   File "/usr/local/lib/python3.13/site-packages/sqlalchemy/orm/session.py", line 2260, in _execute_internal
2026-09-21T00:26:15.919343940Z     conn = self._connection_for_bind(bind)
2026-09-21T00:26:15.919345884Z   File "/usr/local/lib/python3.13/site-packages/sqlalchemy/orm/session.py", line 2112, in _connection_for_bind
2026-09-21T00:26:15.919347778Z     return trans._connection_for_bind(engine, execution_options)
2026-09-21T00:26:15.919349651Z            ~~~~~~~~~~~~~~~~~~~~~~~~~~^^^^^^^^^^^^^^^^^^^^^^^^^^^
2026-09-21T00:26:15.919351575Z   File "<string>", line 2, in _connection_for_bind
2026-09-21T00:26:15.919353529Z   File "/usr/local/lib/python3.13/site-packages/sqlalchemy/orm/state_changes.py", line 137, in _go
2026-09-21T00:26:15.919355413Z     ret_value = fn(self, *arg, **kw)
2026-09-21T00:26:15.919357306Z   File "/usr/local/lib/python3.13/site-packages/sqlalchemy/orm/session.py", line 1191, in _connection_for_bind
2026-09-21T00:26:15.919359180Z     conn = bind.connect()
2026-09-21T00:26:15.919361745Z   File "/usr/local/lib/python3.13/site-packages/opentelemetry/instrumentation/sqlalchemy/engine.py", line 200, in _wrap_connect_internal
2026-09-21T00:26:15.919363659Z     return func(*args, **kwargs)
2026-09-21T00:26:15.919365553Z   File "/usr/local/lib/python3.13/site-packages/sqlalchemy/engine/base.py", line 3295, in connect
2026-09-21T00:26:15.919367446Z     return self._connection_cls(self)
2026-09-21T00:26:15.919369350Z            ~~~~~~~~~~~~~~~~~~~~^^^^^^
2026-09-21T00:26:15.919371324Z   File "/usr/local/lib/python3.13/site-packages/sqlalchemy/engine/base.py", line 144, in __init__
2026-09-21T00:26:15.919379691Z     self._dbapi_connection = engine.raw_connection()
2026-09-21T00:26:15.919381665Z                              ~~~~~~~~~~~~~~~~~~~~~^^
2026-09-21T00:26:15.919383538Z   File "/usr/local/lib/python3.13/site-packages/sqlalchemy/engine/base.py", line 3319, in raw_connection
2026-09-21T00:26:15.919385412Z     return self.pool.connect()
2026-09-21T00:26:15.919387296Z            ~~~~~~~~~~~~~~~~~^^
2026-09-21T00:26:15.919389199Z   File "/usr/local/lib/python3.13/site-packages/sqlalchemy/pool/base.py", line 448, in connect
2026-09-21T00:26:15.919391113Z     return _ConnectionFairy._checkout(self)
2026-09-21T00:26:15.919393007Z            ~~~~~~~~~~~~~~~~~~~~~~~~~~^^^^^^
2026-09-21T00:26:15.919394891Z   File "/usr/local/lib/python3.13/site-packages/sqlalchemy/pool/base.py", line 1272, in _checkout
2026-09-21T00:26:15.919396764Z     fairy = _ConnectionRecord.checkout(pool)
2026-09-21T00:26:15.919398658Z   File "/usr/local/lib/python3.13/site-packages/sqlalchemy/pool/base.py", line 712, in checkout
2026-09-21T00:26:15.919400562Z     rec = pool._do_get()
2026-09-21T00:26:15.919402726Z   File "/usr/local/lib/python3.13/site-packages/sqlalchemy/pool/impl.py", line 167, in _do_get
2026-09-21T00:26:15.919404760Z     raise exc.TimeoutError(
2026-09-21T00:26:15.919406684Z     ...<4 lines>...
2026-09-21T00:26:15.919408568Z     )
2026-09-21T00:26:15.919411263Z sqlalchemy.exc.TimeoutError: QueuePool limit of size 5 overflow 10 reached, connection timed out, timeout 30.00 (Background on this error at: https://sqlalche.me/e/20/3o7r)
2026-09-21T00:26:16.041095240Z ERROR:    Exception in ASGI application
2026-09-21T00:26:16.041138596Z Traceback (most recent call last):
2026-09-21T00:26:16.041144017Z   File "/usr/local/lib/python3.13/site-packages/uvicorn/protocols/http/httptools_impl.py", line 421, in run_asgi
2026-09-21T00:26:16.041148986Z     result = await app(  # type: ignore[func-returns-value]
2026-09-21T00:26:16.041153666Z              ^^^^^^^^^^^^^^^^^^^^^^^^^^^^^^^^^^^^^^^^^^^^^^
2026-09-21T00:26:16.041158034Z         self.scope, self.receive, self.send
2026-09-21T00:26:16.041162353Z         ^^^^^^^^^^^^^^^^^^^^^^^^^^^^^^^^^^^
2026-09-21T00:26:16.041166711Z     )
2026-09-21T00:26:16.041171180Z     ^
2026-09-21T00:26:16.041176120Z   File "/usr/local/lib/python3.13/site-packages/uvicorn/middleware/proxy_headers.py", line 63, in __call__
2026-09-21T00:26:16.041180569Z     return await self.app(scope, receive, send)
2026-09-21T00:26:16.041184947Z            ^^^^^^^^^^^^^^^^^^^^^^^^^^^^^^^^^^^^
2026-09-21T00:26:16.041189887Z   File "/usr/local/lib/python3.13/site-packages/fastapi/applications.py", line 1159, in __call__
2026-09-21T00:26:16.041194236Z     await super().__call__(scope, receive, send)
2026-09-21T00:26:16.041198574Z   File "/usr/local/lib/python3.13/site-packages/starlette/applications.py", line 107, in __call__
2026-09-21T00:26:16.041202883Z     await self.middleware_stack(scope, receive, send)
2026-09-21T00:26:16.041207241Z   File "/usr/local/lib/python3.13/site-packages/starlette/middleware/errors.py", line 186, in __call__
2026-09-21T00:26:16.041211680Z     raise exc
2026-09-21T00:26:16.041216099Z   File "/usr/local/lib/python3.13/site-packages/starlette/middleware/errors.py", line 164, in __call__
2026-09-21T00:26:16.041220498Z     await self.app(scope, receive, _send)
2026-09-21T00:26:16.041225387Z   File "/usr/local/lib/python3.13/site-packages/opentelemetry/instrumentation/asgi/__init__.py", line 806, in __call__
2026-09-21T00:26:16.041229736Z     await self.app(scope, otel_receive, otel_send)
2026-09-21T00:26:16.041234114Z   File "/usr/local/lib/python3.13/site-packages/starlette/middleware/errors.py", line 186, in __call__
2026-09-21T00:26:16.041266338Z     raise exc
2026-09-21T00:26:16.041270977Z   File "/usr/local/lib/python3.13/site-packages/starlette/middleware/errors.py", line 164, in __call__
2026-09-21T00:26:16.041275316Z     await self.app(scope, receive, _send)
2026-09-21T00:26:16.041279664Z   File "/usr/local/lib/python3.13/site-packages/opentelemetry/instrumentation/fastapi/__init__.py", line 305, in __call__
2026-09-21T00:26:16.041283973Z     await self.app(scope, receive, send)
2026-09-21T00:26:16.041288332Z   File "/usr/local/lib/python3.13/site-packages/prometheus_fastapi_instrumentator/middleware.py", line 177, in __call__
2026-09-21T00:26:16.041292650Z     raise exc
2026-09-21T00:26:16.041297069Z   File "/usr/local/lib/python3.13/site-packages/prometheus_fastapi_instrumentator/middleware.py", line 175, in __call__
2026-09-21T00:26:16.041301397Z     await self.app(scope, receive, send_wrapper)
2026-09-21T00:26:16.041305736Z   File "/usr/local/lib/python3.13/site-packages/starlette/middleware/exceptions.py", line 63, in __call__
2026-09-21T00:26:16.041310746Z     await wrap_app_handling_exceptions(self.app, conn)(scope, receive, send)
2026-09-21T00:26:16.041315064Z   File "/usr/local/lib/python3.13/site-packages/starlette/_exception_handler.py", line 53, in wrapped_app
2026-09-21T00:26:16.041319383Z     raise exc
2026-09-21T00:26:16.041323761Z   File "/usr/local/lib/python3.13/site-packages/starlette/_exception_handler.py", line 42, in wrapped_app
2026-09-21T00:26:16.041328481Z     await app(scope, receive, sender)
2026-09-21T00:26:16.041332859Z   File "/usr/local/lib/python3.13/site-packages/fastapi/middleware/asyncexitstack.py", line 18, in __call__
2026-09-21T00:26:16.041337168Z     await self.app(scope, receive, send)
2026-09-21T00:26:16.041341507Z   File "/usr/local/lib/python3.13/site-packages/starlette/routing.py", line 716, in __call__
2026-09-21T00:26:16.041345815Z     await self.middleware_stack(scope, receive, send)
2026-09-21T00:26:16.041350144Z   File "/usr/local/lib/python3.13/site-packages/starlette/routing.py", line 736, in app
2026-09-21T00:26:16.041354462Z     await route.handle(scope, receive, send)
2026-09-21T00:26:16.041358841Z   File "/usr/local/lib/python3.13/site-packages/starlette/routing.py", line 290, in handle
2026-09-21T00:26:16.041363149Z     await self.app(scope, receive, send)
2026-09-21T00:26:16.041367508Z   File "/usr/local/lib/python3.13/site-packages/fastapi/routing.py", line 134, in app
2026-09-21T00:26:16.041371826Z     await wrap_app_handling_exceptions(app, request)(scope, receive, send)
2026-09-21T00:26:16.041380894Z   File "/usr/local/lib/python3.13/site-packages/starlette/_exception_handler.py", line 53, in wrapped_app
2026-09-21T00:26:16.041385553Z     raise exc
2026-09-21T00:26:16.041389992Z   File "/usr/local/lib/python3.13/site-packages/starlette/_exception_handler.py", line 42, in wrapped_app
2026-09-21T00:26:16.041394341Z     await app(scope, receive, sender)
2026-09-21T00:26:16.041398719Z   File "/usr/local/lib/python3.13/site-packages/fastapi/routing.py", line 120, in app
2026-09-21T00:26:16.041403870Z     response = await f(request)
2026-09-21T00:26:16.041408258Z                ^^^^^^^^^^^^^^^^
2026-09-21T00:26:16.041412587Z   File "/usr/local/lib/python3.13/site-packages/fastapi/routing.py", line 674, in app
2026-09-21T00:26:16.041416945Z     raw_response = await run_endpoint_function(
2026-09-21T00:26:16.041421294Z                    ^^^^^^^^^^^^^^^^^^^^^^^^^^^^
2026-09-21T00:26:16.041426484Z     ...<3 lines>...
2026-09-21T00:26:16.041430823Z     )
2026-09-21T00:26:16.041435272Z     ^
2026-09-21T00:26:16.041439620Z   File "/usr/local/lib/python3.13/site-packages/fastapi/routing.py", line 330, in run_endpoint_function
2026-09-21T00:26:16.041454309Z     return await run_in_threadpool(dependant.call, **values)
2026-09-21T00:26:16.041458768Z            ^^^^^^^^^^^^^^^^^^^^^^^^^^^^^^^^^^^^^^^^^^^^^^^^^
2026-09-21T00:26:16.041483647Z   File "/usr/local/lib/python3.13/site-packages/starlette/concurrency.py", line 32, in run_in_threadpool
2026-09-21T00:26:16.041488306Z     return await anyio.to_thread.run_sync(func)
2026-09-21T00:26:16.041495030Z            ^^^^^^^^^^^^^^^^^^^^^^^^^^^^^^^^^^^^
2026-09-21T00:26:16.041499649Z   File "/usr/local/lib/python3.13/site-packages/anyio/to_thread.py", line 63, in run_sync
2026-09-21T00:26:16.041504098Z     return await get_async_backend().run_sync_in_worker_thread(
2026-09-21T00:26:16.041508426Z            ^^^^^^^^^^^^^^^^^^^^^^^^^^^^^^^^^^^^^^^^^^^^^^^^^^^^
2026-09-21T00:26:16.041512785Z         func, args, abandon_on_cancel=abandon_on_cancel, limiter=limiter
2026-09-21T00:26:16.041517153Z         ^^^^^^^^^^^^^^^^^^^^^^^^^^^^^^^^^^^^^^^^^^^^^^^^^^^^^^^^^^^^^^^^
2026-09-21T00:26:16.041521522Z     )
2026-09-21T00:26:16.041530339Z     ^
2026-09-21T00:26:16.041534728Z   File "/usr/local/lib/python3.13/site-packages/anyio/_backends/_asyncio.py", line 2518, in run_sync_in_worker_thread
2026-09-21T00:26:16.041539247Z     return await future
2026-09-21T00:26:16.041543616Z            ^^^^^^^^^^^^
2026-09-21T00:26:16.041547894Z   File "/usr/local/lib/python3.13/site-packages/anyio/_backends/_asyncio.py", line 1002, in run
2026-09-21T00:26:16.041552233Z     result = context.run(func, *args)
2026-09-21T00:26:16.041556561Z   File "/app/app/routers/orders.py", line 36, in checkout
2026-09-21T00:26:16.041560870Z     return create_order(
2026-09-21T00:26:16.041565248Z         db=db,
2026-09-21T00:26:16.041569657Z     ...<2 lines>...
2026-09-21T00:26:16.041574076Z         correlation_id=correlation_id,
2026-09-21T00:26:16.041578424Z     )
2026-09-21T00:26:16.041582943Z   File "/app/app/services/order_service.py", line 42, in create_order
2026-09-21T00:26:16.041587252Z     result = db.execute(
2026-09-21T00:26:16.041591600Z         select(ProductModel).where(ProductModel.id == product_id)
2026-09-21T00:26:16.041595969Z     )
2026-09-21T00:26:16.041600287Z   File "/usr/local/lib/python3.13/site-packages/sqlalchemy/orm/session.py", line 2372, in execute
2026-09-21T00:26:16.041604606Z     return self._execute_internal(
2026-09-21T00:26:16.041608945Z            ~~~~~~~~~~~~~~~~~~~~~~^
2026-09-21T00:26:16.041613273Z         statement,
2026-09-21T00:26:16.041617642Z         ^^^^^^^^^^
2026-09-21T00:26:16.041621940Z     ...<4 lines>...
2026-09-21T00:26:16.041626279Z         _add_event=_add_event,
2026-09-21T00:26:16.041630647Z         ^^^^^^^^^^^^^^^^^^^^^^
2026-09-21T00:26:16.041634956Z     )
2026-09-21T00:26:16.041639244Z     ^
2026-09-21T00:26:16.041643593Z   File "/usr/local/lib/python3.13/site-packages/sqlalchemy/orm/session.py", line 2260, in _execute_internal
2026-09-21T00:26:16.041647952Z     conn = self._connection_for_bind(bind)
2026-09-21T00:26:16.041652290Z   File "/usr/local/lib/python3.13/site-packages/sqlalchemy/orm/session.py", line 2112, in _connection_for_bind
2026-09-21T00:26:16.041656679Z     return trans._connection_for_bind(engine, execution_options)
2026-09-21T00:26:16.041660957Z            ~~~~~~~~~~~~~~~~~~~~~~~~~~^^^^^^^^^^^^^^^^^^^^^^^^^^^
2026-09-21T00:26:16.041665306Z   File "<string>", line 2, in _connection_for_bind
2026-09-21T00:26:16.041669604Z   File "/usr/local/lib/python3.13/site-packages/sqlalchemy/orm/state_changes.py", line 137, in _go
2026-09-21T00:26:16.041673923Z     ret_value = fn(self, *arg, **kw)
2026-09-21T00:26:16.041678281Z   File "/usr/local/lib/python3.13/site-packages/sqlalchemy/orm/session.py", line 1191, in _connection_for_bind
2026-09-21T00:26:16.041693562Z     conn = bind.connect()
2026-09-21T00:26:16.041698822Z   File "/usr/local/lib/python3.13/site-packages/opentelemetry/instrumentation/sqlalchemy/engine.py", line 200, in _wrap_connect_internal
2026-09-21T00:26:16.041703191Z     return func(*args, **kwargs)
2026-09-21T00:26:16.041707499Z   File "/usr/local/lib/python3.13/site-packages/sqlalchemy/engine/base.py", line 3295, in connect
2026-09-21T00:26:16.041711818Z     return self._connection_cls(self)
2026-09-21T00:26:16.041716076Z            ~~~~~~~~~~~~~~~~~~~~^^^^^^
2026-09-21T00:26:16.041720334Z   File "/usr/local/lib/python3.13/site-packages/sqlalchemy/engine/base.py", line 144, in __init__
2026-09-21T00:26:16.041724683Z     self._dbapi_connection = engine.raw_connection()
2026-09-21T00:26:16.041767638Z                              ~~~~~~~~~~~~~~~~~~~~~^^
2026-09-21T00:26:16.041778349Z   File "/usr/local/lib/python3.13/site-packages/sqlalchemy/engine/base.py", line 3319, in raw_connection
2026-09-21T00:26:16.041785333Z     return self.pool.connect()
2026-09-21T00:26:16.041787287Z            ~~~~~~~~~~~~~~~~~^^
2026-09-21T00:26:16.041789180Z   File "/usr/local/lib/python3.13/site-packages/sqlalchemy/pool/base.py", line 448, in connect
2026-09-21T00:26:16.041791094Z     return _ConnectionFairy._checkout(self)
2026-09-21T00:26:16.041792978Z            ~~~~~~~~~~~~~~~~~~~~~~~~~~^^^^^^
2026-09-21T00:26:16.041794902Z   File "/usr/local/lib/python3.13/site-packages/sqlalchemy/pool/base.py", line 1272, in _checkout
2026-09-21T00:26:16.041796805Z     fairy = _ConnectionRecord.checkout(pool)
2026-09-21T00:26:16.041798709Z   File "/usr/local/lib/python3.13/site-packages/sqlalchemy/pool/base.py", line 712, in checkout
2026-09-21T00:26:16.041800603Z     rec = pool._do_get()
2026-09-21T00:26:16.041802867Z   File "/usr/local/lib/python3.13/site-packages/sqlalchemy/pool/impl.py", line 167, in _do_get
2026-09-21T00:26:16.041832526Z     raise exc.TimeoutError(
2026-09-21T00:26:16.041841874Z     ...<4 lines>...
2026-09-21T00:26:16.041843868Z     )
2026-09-21T00:26:16.041846874Z sqlalchemy.exc.TimeoutError: QueuePool limit of size 5 overflow 10 reached, connection timed out, timeout 30.00 (Background on this error at: https://sqlalche.me/e/20/3o7r)
2026-09-21T00:26:16.048410399Z ERROR:    Exception in ASGI application
2026-09-21T00:26:16.048466038Z Traceback (most recent call last):
2026-09-21T00:26:16.048469856Z   File "/usr/local/lib/python3.13/site-packages/uvicorn/protocols/http/httptools_impl.py", line 421, in run_asgi
2026-09-21T00:26:16.048472621Z     result = await app(  # type: ignore[func-returns-value]
2026-09-21T00:26:16.048474595Z              ^^^^^^^^^^^^^^^^^^^^^^^^^^^^^^^^^^^^^^^^^^^^^^
2026-09-21T00:26:16.048476760Z         self.scope, self.receive, self.send
2026-09-21T00:26:16.048479255Z         ^^^^^^^^^^^^^^^^^^^^^^^^^^^^^^^^^^^
2026-09-21T00:26:16.048481309Z     )
2026-09-21T00:26:16.048483272Z     ^
2026-09-21T00:26:16.048486018Z   File "/usr/local/lib/python3.13/site-packages/uvicorn/middleware/proxy_headers.py", line 63, in __call__
2026-09-21T00:26:16.048487982Z     return await self.app(scope, receive, send)
2026-09-21T00:26:16.048489885Z            ^^^^^^^^^^^^^^^^^^^^^^^^^^^^^^^^^^^^
2026-09-21T00:26:16.048492711Z   File "/usr/local/lib/python3.13/site-packages/fastapi/applications.py", line 1159, in __call__
2026-09-21T00:26:16.048494725Z     await super().__call__(scope, receive, send)
2026-09-21T00:26:16.048496719Z   File "/usr/local/lib/python3.13/site-packages/starlette/applications.py", line 107, in __call__
2026-09-21T00:26:16.048498803Z     await self.middleware_stack(scope, receive, send)
2026-09-21T00:26:16.048526688Z   File "/usr/local/lib/python3.13/site-packages/starlette/middleware/errors.py", line 186, in __call__
2026-09-21T00:26:16.048528762Z     raise exc
2026-09-21T00:26:16.048530866Z   File "/usr/local/lib/python3.13/site-packages/starlette/middleware/errors.py", line 164, in __call__
2026-09-21T00:26:16.048532820Z     await self.app(scope, receive, _send)
2026-09-21T00:26:16.048535155Z   File "/usr/local/lib/python3.13/site-packages/opentelemetry/instrumentation/asgi/__init__.py", line 806, in __call__
2026-09-21T00:26:16.048537099Z     await self.app(scope, otel_receive, otel_send)
2026-09-21T00:26:16.048539033Z   File "/usr/local/lib/python3.13/site-packages/starlette/middleware/errors.py", line 186, in __call__
2026-09-21T00:26:16.048540966Z     raise exc
2026-09-21T00:26:16.048542960Z   File "/usr/local/lib/python3.13/site-packages/starlette/middleware/errors.py", line 164, in __call__
2026-09-21T00:26:16.048544884Z     await self.app(scope, receive, _send)
2026-09-21T00:26:16.048546808Z   File "/usr/local/lib/python3.13/site-packages/opentelemetry/instrumentation/fastapi/__init__.py", line 305, in __call__
2026-09-21T00:26:16.048548722Z     await self.app(scope, receive, send)
2026-09-21T00:26:16.048550696Z   File "/usr/local/lib/python3.13/site-packages/prometheus_fastapi_instrumentator/middleware.py", line 177, in __call__
2026-09-21T00:26:16.048552609Z     raise exc
2026-09-21T00:26:16.048554884Z   File "/usr/local/lib/python3.13/site-packages/prometheus_fastapi_instrumentator/middleware.py", line 175, in __call__
2026-09-21T00:26:16.048556818Z     await self.app(scope, receive, send_wrapper)
2026-09-21T00:26:16.048558782Z   File "/usr/local/lib/python3.13/site-packages/starlette/middleware/exceptions.py", line 63, in __call__
2026-09-21T00:26:16.048561437Z     await wrap_app_handling_exceptions(self.app, conn)(scope, receive, send)
2026-09-21T00:26:16.048563421Z   File "/usr/local/lib/python3.13/site-packages/starlette/_exception_handler.py", line 53, in wrapped_app
2026-09-21T00:26:16.048565324Z     raise exc
2026-09-21T00:26:16.048567358Z   File "/usr/local/lib/python3.13/site-packages/starlette/_exception_handler.py", line 42, in wrapped_app
2026-09-21T00:26:16.048569272Z     await app(scope, receive, sender)
2026-09-21T00:26:16.048571306Z   File "/usr/local/lib/python3.13/site-packages/fastapi/middleware/asyncexitstack.py", line 18, in __call__
2026-09-21T00:26:16.048573230Z     await self.app(scope, receive, send)
2026-09-21T00:26:16.048575224Z   File "/usr/local/lib/python3.13/site-packages/starlette/routing.py", line 716, in __call__
2026-09-21T00:26:16.048577448Z     await self.middleware_stack(scope, receive, send)
2026-09-21T00:26:16.048579553Z   File "/usr/local/lib/python3.13/site-packages/starlette/routing.py", line 736, in app
2026-09-21T00:26:16.048581546Z     await route.handle(scope, receive, send)
2026-09-21T00:26:16.048583751Z   File "/usr/local/lib/python3.13/site-packages/starlette/routing.py", line 290, in handle
2026-09-21T00:26:16.048586005Z     await self.app(scope, receive, send)
2026-09-21T00:26:16.048588069Z   File "/usr/local/lib/python3.13/site-packages/fastapi/routing.py", line 134, in app
2026-09-21T00:26:16.048590053Z     await wrap_app_handling_exceptions(app, request)(scope, receive, send)
2026-09-21T00:26:16.048592147Z   File "/usr/local/lib/python3.13/site-packages/starlette/_exception_handler.py", line 53, in wrapped_app
2026-09-21T00:26:16.048594111Z     raise exc
2026-09-21T00:26:16.048596065Z   File "/usr/local/lib/python3.13/site-packages/starlette/_exception_handler.py", line 42, in wrapped_app
2026-09-21T00:26:16.048597979Z     await app(scope, receive, sender)
2026-09-21T00:26:16.048600053Z   File "/usr/local/lib/python3.13/site-packages/fastapi/routing.py", line 120, in app
2026-09-21T00:26:16.048608229Z     response = await f(request)
2026-09-21T00:26:16.048610223Z                ^^^^^^^^^^^^^^^^
2026-09-21T00:26:16.048612187Z   File "/usr/local/lib/python3.13/site-packages/fastapi/routing.py", line 674, in app
2026-09-21T00:26:16.048614111Z     raw_response = await run_endpoint_function(
2026-09-21T00:26:16.048616165Z                    ^^^^^^^^^^^^^^^^^^^^^^^^^^^^
2026-09-21T00:26:16.048618720Z     ...<3 lines>...
2026-09-21T00:26:16.048620644Z     )
2026-09-21T00:26:16.048622557Z     ^
2026-09-21T00:26:16.048624531Z   File "/usr/local/lib/python3.13/site-packages/fastapi/routing.py", line 330, in run_endpoint_function
2026-09-21T00:26:16.048626545Z     return await run_in_threadpool(dependant.call, **values)
2026-09-21T00:26:16.048628519Z            ^^^^^^^^^^^^^^^^^^^^^^^^^^^^^^^^^^^^^^^^^^^^^^^^^
2026-09-21T00:26:16.048636435Z   File "/usr/local/lib/python3.13/site-packages/starlette/concurrency.py", line 32, in run_in_threadpool
2026-09-21T00:26:16.048638529Z     return await anyio.to_thread.run_sync(func)
2026-09-21T00:26:16.048640463Z            ^^^^^^^^^^^^^^^^^^^^^^^^^^^^^^^^^^^^
2026-09-21T00:26:16.048642467Z   File "/usr/local/lib/python3.13/site-packages/anyio/to_thread.py", line 63, in run_sync
2026-09-21T00:26:16.048644531Z     return await get_async_backend().run_sync_in_worker_thread(
2026-09-21T00:26:16.048646505Z            ^^^^^^^^^^^^^^^^^^^^^^^^^^^^^^^^^^^^^^^^^^^^^^^^^^^^
2026-09-21T00:26:16.048648449Z         func, args, abandon_on_cancel=abandon_on_cancel, limiter=limiter
2026-09-21T00:26:16.048650392Z         ^^^^^^^^^^^^^^^^^^^^^^^^^^^^^^^^^^^^^^^^^^^^^^^^^^^^^^^^^^^^^^^^
2026-09-21T00:26:16.048652306Z     )
2026-09-21T00:26:16.048654210Z     ^
2026-09-21T00:26:16.048656204Z   File "/usr/local/lib/python3.13/site-packages/anyio/_backends/_asyncio.py", line 2518, in run_sync_in_worker_thread
2026-09-21T00:26:16.048658138Z     return await future
2026-09-21T00:26:16.048660072Z            ^^^^^^^^^^^^
2026-09-21T00:26:16.048662065Z   File "/usr/local/lib/python3.13/site-packages/anyio/_backends/_asyncio.py", line 1002, in run
2026-09-21T00:26:16.048664240Z     result = context.run(func, *args)
2026-09-21T00:26:16.048666214Z   File "/app/app/routers/orders.py", line 36, in checkout
2026-09-21T00:26:16.048668168Z     return create_order(
2026-09-21T00:26:16.048670192Z         db=db,
2026-09-21T00:26:16.048672276Z     ...<2 lines>...
2026-09-21T00:26:16.048674290Z         correlation_id=correlation_id,
2026-09-21T00:26:16.048676233Z     )
2026-09-21T00:26:16.048678257Z   File "/app/app/services/order_service.py", line 42, in create_order
2026-09-21T00:26:16.048680181Z     result = db.execute(
2026-09-21T00:26:16.048682145Z         select(ProductModel).where(ProductModel.id == product_id)
2026-09-21T00:26:16.048684039Z     )
2026-09-21T00:26:16.048686063Z   File "/usr/local/lib/python3.13/site-packages/sqlalchemy/orm/session.py", line 2372, in execute
2026-09-21T00:26:16.048688007Z     return self._execute_internal(
2026-09-21T00:26:16.048689920Z            ~~~~~~~~~~~~~~~~~~~~~~^
2026-09-21T00:26:16.048691844Z         statement,
2026-09-21T00:26:16.048693868Z         ^^^^^^^^^^
2026-09-21T00:26:16.048695802Z     ...<4 lines>...
2026-09-21T00:26:16.048697776Z         _add_event=_add_event,
2026-09-21T00:26:16.048699700Z         ^^^^^^^^^^^^^^^^^^^^^^
2026-09-21T00:26:16.048701724Z     )
2026-09-21T00:26:16.048703617Z     ^
2026-09-21T00:26:16.048705631Z   File "/usr/local/lib/python3.13/site-packages/sqlalchemy/orm/session.py", line 2260, in _execute_internal
2026-09-21T00:26:16.048713667Z     conn = self._connection_for_bind(bind)
2026-09-21T00:26:16.048716182Z   File "/usr/local/lib/python3.13/site-packages/sqlalchemy/orm/session.py", line 2112, in _connection_for_bind
2026-09-21T00:26:16.048718998Z     return trans._connection_for_bind(engine, execution_options)
2026-09-21T00:26:16.048743576Z            ~~~~~~~~~~~~~~~~~~~~~~~~~~^^^^^^^^^^^^^^^^^^^^^^^^^^^
2026-09-21T00:26:16.048746212Z   File "<string>", line 2, in _connection_for_bind
2026-09-21T00:26:16.048748526Z   File "/usr/local/lib/python3.13/site-packages/sqlalchemy/orm/state_changes.py", line 137, in _go
2026-09-21T00:26:16.048750961Z     ret_value = fn(self, *arg, **kw)
2026-09-21T00:26:16.048753366Z   File "/usr/local/lib/python3.13/site-packages/sqlalchemy/orm/session.py", line 1191, in _connection_for_bind
2026-09-21T00:26:16.048760159Z     conn = bind.connect()
2026-09-21T00:26:16.048763716Z   File "/usr/local/lib/python3.13/site-packages/opentelemetry/instrumentation/sqlalchemy/engine.py", line 200, in _wrap_connect_internal
2026-09-21T00:26:16.048768215Z     return func(*args, **kwargs)
2026-09-21T00:26:16.048772894Z   File "/usr/local/lib/python3.13/site-packages/sqlalchemy/engine/base.py", line 3295, in connect
2026-09-21T00:26:16.048775469Z     return self._connection_cls(self)
2026-09-21T00:26:16.048777884Z            ~~~~~~~~~~~~~~~~~~~~^^^^^^
2026-09-21T00:26:16.048780309Z   File "/usr/local/lib/python3.13/site-packages/sqlalchemy/engine/base.py", line 144, in __init__
2026-09-21T00:26:16.048782463Z     self._dbapi_connection = engine.raw_connection()
2026-09-21T00:26:16.048784497Z                              ~~~~~~~~~~~~~~~~~~~~~^^
2026-09-21T00:26:16.048786551Z   File "/usr/local/lib/python3.13/site-packages/sqlalchemy/engine/base.py", line 3319, in raw_connection
2026-09-21T00:26:16.048788565Z     return self.pool.connect()
2026-09-21T00:26:16.048790469Z            ~~~~~~~~~~~~~~~~~^^
2026-09-21T00:26:16.048792553Z   File "/usr/local/lib/python3.13/site-packages/sqlalchemy/pool/base.py", line 448, in connect
2026-09-21T00:26:16.048794727Z     return _ConnectionFairy._checkout(self)
2026-09-21T00:26:16.048797202Z            ~~~~~~~~~~~~~~~~~~~~~~~~~~^^^^^^
2026-09-21T00:26:16.048799627Z   File "/usr/local/lib/python3.13/site-packages/sqlalchemy/pool/base.py", line 1272, in _checkout
2026-09-21T00:26:16.048802242Z     fairy = _ConnectionRecord.checkout(pool)
2026-09-21T00:26:16.048804407Z   File "/usr/local/lib/python3.13/site-packages/sqlalchemy/pool/base.py", line 712, in checkout
2026-09-21T00:26:16.048806300Z     rec = pool._do_get()
2026-09-21T00:26:16.048808434Z   File "/usr/local/lib/python3.13/site-packages/sqlalchemy/pool/impl.py", line 167, in _do_get
2026-09-21T00:26:16.048810829Z     raise exc.TimeoutError(
2026-09-21T00:26:16.048813184Z     ...<4 lines>...
2026-09-21T00:26:16.048815569Z     )
2026-09-21T00:26:16.048818825Z sqlalchemy.exc.TimeoutError: QueuePool limit of size 5 overflow 10 reached, connection timed out, timeout 30.00 (Background on this error at: https://sqlalche.me/e/20/3o7r)
2026-09-21T00:26:18.004225780Z INFO:     Shutting down
2026-09-21T00:26:18.105045680Z INFO:     Waiting for connections to close. (CTRL+C to force quit)
2026-09-21T00:26:26.437972585Z INFO:     Waiting for background tasks to complete. (CTRL+C to force quit)
2026-09-21T00:26:41.351040576Z ERROR:    Exception in ASGI application
2026-09-21T00:26:41.351084192Z Traceback (most recent call last):
2026-09-21T00:26:41.351090946Z   File "/usr/local/lib/python3.13/site-packages/uvicorn/protocols/http/httptools_impl.py", line 421, in run_asgi
2026-09-21T00:26:41.351095955Z     result = await app(  # type: ignore[func-returns-value]
2026-09-21T00:26:41.351099372Z              ^^^^^^^^^^^^^^^^^^^^^^^^^^^^^^^^^^^^^^^^^^^^^^
2026-09-21T00:26:41.351118169Z         self.scope, self.receive, self.send
2026-09-21T00:26:41.351120173Z         ^^^^^^^^^^^^^^^^^^^^^^^^^^^^^^^^^^^
2026-09-21T00:26:41.351122077Z     )
2026-09-21T00:26:41.351124011Z     ^
2026-09-21T00:26:41.351125944Z   File "/usr/local/lib/python3.13/site-packages/uvicorn/middleware/proxy_headers.py", line 63, in __call__
2026-09-21T00:26:41.351128189Z     return await self.app(scope, receive, send)
2026-09-21T00:26:41.351130123Z            ^^^^^^^^^^^^^^^^^^^^^^^^^^^^^^^^^^^^
2026-09-21T00:26:41.351133549Z   File "/usr/local/lib/python3.13/site-packages/fastapi/applications.py", line 1159, in __call__
2026-09-21T00:26:41.351135533Z     await super().__call__(scope, receive, send)
2026-09-21T00:26:41.351137457Z   File "/usr/local/lib/python3.13/site-packages/starlette/applications.py", line 107, in __call__
2026-09-21T00:26:41.351139681Z     await self.middleware_stack(scope, receive, send)
2026-09-21T00:26:41.351142106Z   File "/usr/local/lib/python3.13/site-packages/starlette/middleware/errors.py", line 186, in __call__
2026-09-21T00:26:41.351144571Z     raise exc
2026-09-21T00:26:41.351146885Z   File "/usr/local/lib/python3.13/site-packages/starlette/middleware/errors.py", line 164, in __call__
2026-09-21T00:26:41.351148819Z     await self.app(scope, receive, _send)
2026-09-21T00:26:41.351152126Z   File "/usr/local/lib/python3.13/site-packages/opentelemetry/instrumentation/asgi/__init__.py", line 806, in __call__
2026-09-21T00:26:41.351154510Z     await self.app(scope, otel_receive, otel_send)
2026-09-21T00:26:41.351156915Z   File "/usr/local/lib/python3.13/site-packages/starlette/middleware/errors.py", line 186, in __call__
2026-09-21T00:26:41.351159320Z     raise exc
2026-09-21T00:26:41.351161444Z   File "/usr/local/lib/python3.13/site-packages/starlette/middleware/errors.py", line 164, in __call__
2026-09-21T00:26:41.351163438Z     await self.app(scope, receive, _send)
2026-09-21T00:26:41.351165362Z   File "/usr/local/lib/python3.13/site-packages/opentelemetry/instrumentation/fastapi/__init__.py", line 305, in __call__
2026-09-21T00:26:41.351167276Z     await self.app(scope, receive, send)
2026-09-21T00:26:41.351169179Z   File "/usr/local/lib/python3.13/site-packages/prometheus_fastapi_instrumentator/middleware.py", line 177, in __call__
2026-09-21T00:26:41.351171073Z     raise exc
2026-09-21T00:26:41.351172977Z   File "/usr/local/lib/python3.13/site-packages/prometheus_fastapi_instrumentator/middleware.py", line 175, in __call__
2026-09-21T00:26:41.351174870Z     await self.app(scope, receive, send_wrapper)
2026-09-21T00:26:41.351176774Z   File "/usr/local/lib/python3.13/site-packages/starlette/middleware/exceptions.py", line 63, in __call__
2026-09-21T00:26:41.351180381Z     await wrap_app_handling_exceptions(self.app, conn)(scope, receive, send)
2026-09-21T00:26:41.351182305Z   File "/usr/local/lib/python3.13/site-packages/starlette/_exception_handler.py", line 53, in wrapped_app
2026-09-21T00:26:41.351184229Z     raise exc
2026-09-21T00:26:41.351186143Z   File "/usr/local/lib/python3.13/site-packages/starlette/_exception_handler.py", line 42, in wrapped_app
2026-09-21T00:26:41.351188026Z     await app(scope, receive, sender)
2026-09-21T00:26:41.351189920Z   File "/usr/local/lib/python3.13/site-packages/fastapi/middleware/asyncexitstack.py", line 18, in __call__
2026-09-21T00:26:41.351191814Z     await self.app(scope, receive, send)
2026-09-21T00:26:41.351193748Z   File "/usr/local/lib/python3.13/site-packages/starlette/routing.py", line 716, in __call__
2026-09-21T00:26:41.351195641Z     await self.middleware_stack(scope, receive, send)
2026-09-21T00:26:41.351197595Z   File "/usr/local/lib/python3.13/site-packages/starlette/routing.py", line 736, in app
2026-09-21T00:26:41.351204399Z     await route.handle(scope, receive, send)
2026-09-21T00:26:41.351206362Z   File "/usr/local/lib/python3.13/site-packages/starlette/routing.py", line 290, in handle
2026-09-21T00:26:41.351208266Z     await self.app(scope, receive, send)
2026-09-21T00:26:41.351210180Z   File "/usr/local/lib/python3.13/site-packages/fastapi/routing.py", line 134, in app
2026-09-21T00:26:41.351212094Z     await wrap_app_handling_exceptions(app, request)(scope, receive, send)
2026-09-21T00:26:41.351214017Z   File "/usr/local/lib/python3.13/site-packages/starlette/_exception_handler.py", line 53, in wrapped_app
2026-09-21T00:26:41.351215911Z     raise exc
2026-09-21T00:26:41.351217835Z   File "/usr/local/lib/python3.13/site-packages/starlette/_exception_handler.py", line 42, in wrapped_app
2026-09-21T00:26:41.351219739Z     await app(scope, receive, sender)
2026-09-21T00:26:41.351221963Z   File "/usr/local/lib/python3.13/site-packages/fastapi/routing.py", line 120, in app
2026-09-21T00:26:41.351225019Z     response = await f(request)
2026-09-21T00:26:41.351227123Z                ^^^^^^^^^^^^^^^^
2026-09-21T00:26:41.351229077Z   File "/usr/local/lib/python3.13/site-packages/fastapi/routing.py", line 674, in app
2026-09-21T00:26:41.351230971Z     raw_response = await run_endpoint_function(
2026-09-21T00:26:41.351232875Z                    ^^^^^^^^^^^^^^^^^^^^^^^^^^^^
2026-09-21T00:26:41.351235540Z     ...<3 lines>...
2026-09-21T00:26:41.351237443Z     )
2026-09-21T00:26:41.351239367Z     ^
2026-09-21T00:26:41.351241351Z   File "/usr/local/lib/python3.13/site-packages/fastapi/routing.py", line 330, in run_endpoint_function
2026-09-21T00:26:41.351243265Z     return await run_in_threadpool(dependant.call, **values)
2026-09-21T00:26:41.351245149Z            ^^^^^^^^^^^^^^^^^^^^^^^^^^^^^^^^^^^^^^^^^^^^^^^^^
2026-09-21T00:26:41.351253365Z   File "/usr/local/lib/python3.13/site-packages/starlette/concurrency.py", line 32, in run_in_threadpool
2026-09-21T00:26:41.351255439Z     return await anyio.to_thread.run_sync(func)
2026-09-21T00:26:41.351257403Z            ^^^^^^^^^^^^^^^^^^^^^^^^^^^^^^^^^^^^
2026-09-21T00:26:41.351259306Z   File "/usr/local/lib/python3.13/site-packages/anyio/to_thread.py", line 63, in run_sync
2026-09-21T00:26:41.351261220Z     return await get_async_backend().run_sync_in_worker_thread(
2026-09-21T00:26:41.351263124Z            ^^^^^^^^^^^^^^^^^^^^^^^^^^^^^^^^^^^^^^^^^^^^^^^^^^^^
2026-09-21T00:26:41.351265018Z         func, args, abandon_on_cancel=abandon_on_cancel, limiter=limiter
2026-09-21T00:26:41.351266921Z         ^^^^^^^^^^^^^^^^^^^^^^^^^^^^^^^^^^^^^^^^^^^^^^^^^^^^^^^^^^^^^^^^
2026-09-21T00:26:41.351268825Z     )
2026-09-21T00:26:41.351270759Z     ^
2026-09-21T00:26:41.351272673Z   File "/usr/local/lib/python3.13/site-packages/anyio/_backends/_asyncio.py", line 2518, in run_sync_in_worker_thread
2026-09-21T00:26:41.351274587Z     return await future
2026-09-21T00:26:41.351276500Z            ^^^^^^^^^^^^
2026-09-21T00:26:41.351278414Z   File "/usr/local/lib/python3.13/site-packages/anyio/_backends/_asyncio.py", line 1002, in run
2026-09-21T00:26:41.351280318Z     result = context.run(func, *args)
2026-09-21T00:26:41.351282222Z   File "/app/app/routers/orders.py", line 36, in checkout
2026-09-21T00:26:41.351284125Z     return create_order(
2026-09-21T00:26:41.351286069Z         db=db,
2026-09-21T00:26:41.351288023Z     ...<2 lines>...
2026-09-21T00:26:41.351289927Z         correlation_id=correlation_id,
2026-09-21T00:26:41.351291830Z     )
2026-09-21T00:26:41.351293794Z   File "/app/app/services/order_service.py", line 42, in create_order
2026-09-21T00:26:41.351300798Z     result = db.execute(
2026-09-21T00:26:41.351302762Z         select(ProductModel).where(ProductModel.id == product_id)
2026-09-21T00:26:41.351304696Z     )
2026-09-21T00:26:41.351306670Z   File "/usr/local/lib/python3.13/site-packages/sqlalchemy/orm/session.py", line 2372, in execute
2026-09-21T00:26:41.351308754Z     return self._execute_internal(
2026-09-21T00:26:41.351310718Z            ~~~~~~~~~~~~~~~~~~~~~~^
2026-09-21T00:26:41.351312731Z         statement,
2026-09-21T00:26:41.351314735Z         ^^^^^^^^^^
2026-09-21T00:26:41.351316639Z     ...<4 lines>...
2026-09-21T00:26:41.351318553Z         _add_event=_add_event,
2026-09-21T00:26:41.351320467Z         ^^^^^^^^^^^^^^^^^^^^^^
2026-09-21T00:26:41.351322370Z     )
2026-09-21T00:26:41.351324284Z     ^
2026-09-21T00:26:41.351326228Z   File "/usr/local/lib/python3.13/site-packages/sqlalchemy/orm/session.py", line 2260, in _execute_internal
2026-09-21T00:26:41.351328152Z     conn = self._connection_for_bind(bind)
2026-09-21T00:26:41.351330136Z   File "/usr/local/lib/python3.13/site-packages/sqlalchemy/orm/session.py", line 2112, in _connection_for_bind
2026-09-21T00:26:41.351332059Z     return trans._connection_for_bind(engine, execution_options)
2026-09-21T00:26:41.351334003Z            ~~~~~~~~~~~~~~~~~~~~~~~~~~^^^^^^^^^^^^^^^^^^^^^^^^^^^
2026-09-21T00:26:41.351335907Z   File "<string>", line 2, in _connection_for_bind
2026-09-21T00:26:41.351337841Z   File "/usr/local/lib/python3.13/site-packages/sqlalchemy/orm/state_changes.py", line 137, in _go
2026-09-21T00:26:41.351339755Z     ret_value = fn(self, *arg, **kw)
2026-09-21T00:26:41.351341668Z   File "/usr/local/lib/python3.13/site-packages/sqlalchemy/orm/session.py", line 1191, in _connection_for_bind
2026-09-21T00:26:41.351343582Z     conn = bind.connect()
2026-09-21T00:26:41.351346598Z   File "/usr/local/lib/python3.13/site-packages/opentelemetry/instrumentation/sqlalchemy/engine.py", line 200, in _wrap_connect_internal
2026-09-21T00:26:41.351348522Z     return func(*args, **kwargs)
2026-09-21T00:26:41.351350446Z   File "/usr/local/lib/python3.13/site-packages/sqlalchemy/engine/base.py", line 3295, in connect
2026-09-21T00:26:41.351352339Z     return self._connection_cls(self)
2026-09-21T00:26:41.351354273Z            ~~~~~~~~~~~~~~~~~~~~^^^^^^
2026-09-21T00:26:41.351356227Z   File "/usr/local/lib/python3.13/site-packages/sqlalchemy/engine/base.py", line 144, in __init__
2026-09-21T00:26:41.351358121Z     self._dbapi_connection = engine.raw_connection()
2026-09-21T00:26:41.351360014Z                              ~~~~~~~~~~~~~~~~~~~~~^^
2026-09-21T00:26:41.351361908Z   File "/usr/local/lib/python3.13/site-packages/sqlalchemy/engine/base.py", line 3319, in raw_connection
2026-09-21T00:26:41.351363842Z     return self.pool.connect()
2026-09-21T00:26:41.351365736Z            ~~~~~~~~~~~~~~~~~^^
2026-09-21T00:26:41.351367659Z   File "/usr/local/lib/python3.13/site-packages/sqlalchemy/pool/base.py", line 448, in connect
2026-09-21T00:26:41.351369603Z     return _ConnectionFairy._checkout(self)
2026-09-21T00:26:41.351371507Z            ~~~~~~~~~~~~~~~~~~~~~~~~~~^^^^^^
2026-09-21T00:26:41.351373391Z   File "/usr/local/lib/python3.13/site-packages/sqlalchemy/pool/base.py", line 1272, in _checkout
2026-09-21T00:26:41.351375304Z     fairy = _ConnectionRecord.checkout(pool)
2026-09-21T00:26:41.351377218Z   File "/usr/local/lib/python3.13/site-packages/sqlalchemy/pool/base.py", line 712, in checkout
2026-09-21T00:26:41.351379132Z     rec = pool._do_get()
2026-09-21T00:26:41.351381046Z   File "/usr/local/lib/python3.13/site-packages/sqlalchemy/pool/impl.py", line 167, in _do_get
2026-09-21T00:26:41.351382990Z     raise exc.TimeoutError(
2026-09-21T00:26:41.351392308Z     ...<4 lines>...
2026-09-21T00:26:41.351394332Z     )
2026-09-21T00:26:41.351397428Z sqlalchemy.exc.TimeoutError: QueuePool limit of size 5 overflow 10 reached, connection timed out, timeout 30.00 (Background on this error at: https://sqlalche.me/e/20/3o7r)
2026-09-21T00:26:41.720142289Z ERROR:    Exception in ASGI application
2026-09-21T00:26:41.720222045Z Traceback (most recent call last):
2026-09-21T00:26:41.720231975Z   File "/usr/local/lib/python3.13/site-packages/uvicorn/protocols/http/httptools_impl.py", line 421, in run_asgi
2026-09-21T00:26:41.720237345Z     result = await app(  # type: ignore[func-returns-value]
2026-09-21T00:26:41.720241844Z              ^^^^^^^^^^^^^^^^^^^^^^^^^^^^^^^^^^^^^^^^^^^^^^
2026-09-21T00:26:41.720246183Z         self.scope, self.receive, self.send
2026-09-21T00:26:41.720250481Z         ^^^^^^^^^^^^^^^^^^^^^^^^^^^^^^^^^^^
2026-09-21T00:26:41.720254840Z     )
2026-09-21T00:26:41.720259238Z     ^
2026-09-21T00:26:41.720263677Z   File "/usr/local/lib/python3.13/site-packages/uvicorn/middleware/proxy_headers.py", line 63, in __call__
2026-09-21T00:26:41.720268066Z     return await self.app(scope, receive, send)
2026-09-21T00:26:41.720272384Z            ^^^^^^^^^^^^^^^^^^^^^^^^^^^^^^^^^^^^
2026-09-21T00:26:41.720277314Z   File "/usr/local/lib/python3.13/site-packages/fastapi/applications.py", line 1159, in __call__
2026-09-21T00:26:41.720281652Z     await super().__call__(scope, receive, send)
2026-09-21T00:26:41.720285921Z   File "/usr/local/lib/python3.13/site-packages/starlette/applications.py", line 107, in __call__
2026-09-21T00:26:41.720290219Z     await self.middleware_stack(scope, receive, send)
2026-09-21T00:26:41.720294508Z   File "/usr/local/lib/python3.13/site-packages/starlette/middleware/errors.py", line 186, in __call__
2026-09-21T00:26:41.720298856Z     raise exc
2026-09-21T00:26:41.720303235Z   File "/usr/local/lib/python3.13/site-packages/starlette/middleware/errors.py", line 164, in __call__
2026-09-21T00:26:41.720307573Z     await self.app(scope, receive, _send)
2026-09-21T00:26:41.720312603Z   File "/usr/local/lib/python3.13/site-packages/opentelemetry/instrumentation/asgi/__init__.py", line 806, in __call__
2026-09-21T00:26:41.720316932Z     await self.app(scope, otel_receive, otel_send)
2026-09-21T00:26:41.720321250Z   File "/usr/local/lib/python3.13/site-packages/starlette/middleware/errors.py", line 186, in __call__
2026-09-21T00:26:41.720325609Z     raise exc
2026-09-21T00:26:41.720359455Z   File "/usr/local/lib/python3.13/site-packages/starlette/middleware/errors.py", line 164, in __call__
2026-09-21T00:26:41.720365998Z     await self.app(scope, receive, _send)
2026-09-21T00:26:41.720370377Z   File "/usr/local/lib/python3.13/site-packages/opentelemetry/instrumentation/fastapi/__init__.py", line 305, in __call__
2026-09-21T00:26:41.720374645Z     await self.app(scope, receive, send)
2026-09-21T00:26:41.720379044Z   File "/usr/local/lib/python3.13/site-packages/prometheus_fastapi_instrumentator/middleware.py", line 177, in __call__
2026-09-21T00:26:41.720383332Z     raise exc
2026-09-21T00:26:41.720387651Z   File "/usr/local/lib/python3.13/site-packages/prometheus_fastapi_instrumentator/middleware.py", line 175, in __call__
2026-09-21T00:26:41.720391919Z     await self.app(scope, receive, send_wrapper)
2026-09-21T00:26:41.720396238Z   File "/usr/local/lib/python3.13/site-packages/starlette/middleware/exceptions.py", line 63, in __call__
2026-09-21T00:26:41.720401318Z     await wrap_app_handling_exceptions(self.app, conn)(scope, receive, send)
2026-09-21T00:26:41.720405616Z   File "/usr/local/lib/python3.13/site-packages/starlette/_exception_handler.py", line 53, in wrapped_app
2026-09-21T00:26:41.720441166Z     raise exc
2026-09-21T00:26:41.720445765Z   File "/usr/local/lib/python3.13/site-packages/starlette/_exception_handler.py", line 42, in wrapped_app
2026-09-21T00:26:41.720450013Z     await app(scope, receive, sender)
2026-09-21T00:26:41.720454282Z   File "/usr/local/lib/python3.13/site-packages/fastapi/middleware/asyncexitstack.py", line 18, in __call__
2026-09-21T00:26:41.720458560Z     await self.app(scope, receive, send)
2026-09-21T00:26:41.720462879Z   File "/usr/local/lib/python3.13/site-packages/starlette/routing.py", line 716, in __call__
2026-09-21T00:26:41.720467137Z     await self.middleware_stack(scope, receive, send)
2026-09-21T00:26:41.720471385Z   File "/usr/local/lib/python3.13/site-packages/starlette/routing.py", line 736, in app
2026-09-21T00:26:41.720475634Z     await route.handle(scope, receive, send)
2026-09-21T00:26:41.720479942Z   File "/usr/local/lib/python3.13/site-packages/starlette/routing.py", line 290, in handle
2026-09-21T00:26:41.720484191Z     await self.app(scope, receive, send)
2026-09-21T00:26:41.720488469Z   File "/usr/local/lib/python3.13/site-packages/fastapi/routing.py", line 134, in app
2026-09-21T00:26:41.720492767Z     await wrap_app_handling_exceptions(app, request)(scope, receive, send)
2026-09-21T00:26:41.720497527Z   File "/usr/local/lib/python3.13/site-packages/starlette/_exception_handler.py", line 53, in wrapped_app
2026-09-21T00:26:41.720501835Z     raise exc
2026-09-21T00:26:41.720506124Z   File "/usr/local/lib/python3.13/site-packages/starlette/_exception_handler.py", line 42, in wrapped_app
2026-09-21T00:26:41.720510432Z     await app(scope, receive, sender)
2026-09-21T00:26:41.720515192Z   File "/usr/local/lib/python3.13/site-packages/fastapi/routing.py", line 120, in app
2026-09-21T00:26:41.720520282Z     response = await f(request)
2026-09-21T00:26:41.720524570Z                ^^^^^^^^^^^^^^^^
2026-09-21T00:26:41.720528828Z   File "/usr/local/lib/python3.13/site-packages/fastapi/routing.py", line 674, in app
2026-09-21T00:26:41.720533097Z     raw_response = await run_endpoint_function(
2026-09-21T00:26:41.720537355Z                    ^^^^^^^^^^^^^^^^^^^^^^^^^^^^
2026-09-21T00:26:41.720542034Z     ...<3 lines>...
2026-09-21T00:26:41.720546323Z     )
2026-09-21T00:26:41.720550661Z     ^
2026-09-21T00:26:41.720554930Z   File "/usr/local/lib/python3.13/site-packages/fastapi/routing.py", line 330, in run_endpoint_function
2026-09-21T00:26:41.720559439Z     return await run_in_threadpool(dependant.call, **values)
2026-09-21T00:26:41.720563927Z            ^^^^^^^^^^^^^^^^^^^^^^^^^^^^^^^^^^^^^^^^^^^^^^^^^
2026-09-21T00:26:41.720629787Z   File "/usr/local/lib/python3.13/site-packages/starlette/concurrency.py", line 32, in run_in_threadpool
2026-09-21T00:26:41.720640057Z     return await anyio.to_thread.run_sync(func)
2026-09-21T00:26:41.720644516Z            ^^^^^^^^^^^^^^^^^^^^^^^^^^^^^^^^^^^^
2026-09-21T00:26:41.720648934Z   File "/usr/local/lib/python3.13/site-packages/anyio/to_thread.py", line 63, in run_sync
2026-09-21T00:26:41.720653213Z     return await get_async_backend().run_sync_in_worker_thread(
2026-09-21T00:26:41.720657481Z            ^^^^^^^^^^^^^^^^^^^^^^^^^^^^^^^^^^^^^^^^^^^^^^^^^^^^
2026-09-21T00:26:41.720661780Z         func, args, abandon_on_cancel=abandon_on_cancel, limiter=limiter
2026-09-21T00:26:41.720666098Z         ^^^^^^^^^^^^^^^^^^^^^^^^^^^^^^^^^^^^^^^^^^^^^^^^^^^^^^^^^^^^^^^^
2026-09-21T00:26:41.720670397Z     )
2026-09-21T00:26:41.720674685Z     ^
2026-09-21T00:26:41.720678953Z   File "/usr/local/lib/python3.13/site-packages/anyio/_backends/_asyncio.py", line 2518, in run_sync_in_worker_thread
2026-09-21T00:26:41.720683312Z     return await future
2026-09-21T00:26:41.720687651Z            ^^^^^^^^^^^^
2026-09-21T00:26:41.720714263Z   File "/usr/local/lib/python3.13/site-packages/anyio/_backends/_asyncio.py", line 1002, in run
2026-09-21T00:26:41.720718812Z     result = context.run(func, *args)
2026-09-21T00:26:41.720723080Z   File "/app/app/routers/orders.py", line 36, in checkout
2026-09-21T00:26:41.720727389Z     return create_order(
2026-09-21T00:26:41.720731707Z         db=db,
2026-09-21T00:26:41.720736026Z     ...<2 lines>...
2026-09-21T00:26:41.720740394Z         correlation_id=correlation_id,
2026-09-21T00:26:41.720744683Z     )
2026-09-21T00:26:41.720749031Z   File "/app/app/services/order_service.py", line 42, in create_order
2026-09-21T00:26:41.720753300Z     result = db.execute(
2026-09-21T00:26:41.720757668Z         select(ProductModel).where(ProductModel.id == product_id)
2026-09-21T00:26:41.720761927Z     )
2026-09-21T00:26:41.720766205Z   File "/usr/local/lib/python3.13/site-packages/sqlalchemy/orm/session.py", line 2372, in execute
2026-09-21T00:26:41.720770473Z     return self._execute_internal(
2026-09-21T00:26:41.720774802Z            ~~~~~~~~~~~~~~~~~~~~~~^
2026-09-21T00:26:41.720779080Z         statement,
2026-09-21T00:26:41.720783339Z         ^^^^^^^^^^
2026-09-21T00:26:41.720787587Z     ...<4 lines>...
2026-09-21T00:26:41.720791815Z         _add_event=_add_event,
2026-09-21T00:26:41.720796054Z         ^^^^^^^^^^^^^^^^^^^^^^
2026-09-21T00:26:41.720800312Z     )
2026-09-21T00:26:41.720804570Z     ^
2026-09-21T00:26:41.720808929Z   File "/usr/local/lib/python3.13/site-packages/sqlalchemy/orm/session.py", line 2260, in _execute_internal
2026-09-21T00:26:41.720813207Z     conn = self._connection_for_bind(bind)
2026-09-21T00:26:41.720817496Z   File "/usr/local/lib/python3.13/site-packages/sqlalchemy/orm/session.py", line 2112, in _connection_for_bind
2026-09-21T00:26:41.720821804Z     return trans._connection_for_bind(engine, execution_options)
2026-09-21T00:26:41.720826043Z            ~~~~~~~~~~~~~~~~~~~~~~~~~~^^^^^^^^^^^^^^^^^^^^^^^^^^^
2026-09-21T00:26:41.720830331Z   File "<string>", line 2, in _connection_for_bind
2026-09-21T00:26:41.720834609Z   File "/usr/local/lib/python3.13/site-packages/sqlalchemy/orm/state_changes.py", line 137, in _go
2026-09-21T00:26:41.720838858Z     ret_value = fn(self, *arg, **kw)
2026-09-21T00:26:41.720843176Z   File "/usr/local/lib/python3.13/site-packages/sqlalchemy/orm/session.py", line 1191, in _connection_for_bind
2026-09-21T00:26:41.720847515Z     conn = bind.connect()
2026-09-21T00:26:41.720852304Z   File "/usr/local/lib/python3.13/site-packages/opentelemetry/instrumentation/sqlalchemy/engine.py", line 200, in _wrap_connect_internal
2026-09-21T00:26:41.720856623Z     return func(*args, **kwargs)
2026-09-21T00:26:41.720860971Z   File "/usr/local/lib/python3.13/site-packages/sqlalchemy/engine/base.py", line 3295, in connect
2026-09-21T00:26:41.720865230Z     return self._connection_cls(self)
2026-09-21T00:26:41.720869628Z            ~~~~~~~~~~~~~~~~~~~~^^^^^^
2026-09-21T00:26:41.720872023Z   File "/usr/local/lib/python3.13/site-packages/sqlalchemy/engine/base.py", line 144, in __init__
2026-09-21T00:26:41.720873927Z     self._dbapi_connection = engine.raw_connection()
2026-09-21T00:26:41.720875820Z                              ~~~~~~~~~~~~~~~~~~~~~^^
2026-09-21T00:26:41.720877724Z   File "/usr/local/lib/python3.13/site-packages/sqlalchemy/engine/base.py", line 3319, in raw_connection
2026-09-21T00:26:41.720879608Z     return self.pool.connect()
2026-09-21T00:26:41.720881492Z            ~~~~~~~~~~~~~~~~~^^
2026-09-21T00:26:41.720883405Z   File "/usr/local/lib/python3.13/site-packages/sqlalchemy/pool/base.py", line 448, in connect
2026-09-21T00:26:41.720897333Z     return _ConnectionFairy._checkout(self)
2026-09-21T00:26:41.720899277Z            ~~~~~~~~~~~~~~~~~~~~~~~~~~^^^^^^
2026-09-21T00:26:41.720901210Z   File "/usr/local/lib/python3.13/site-packages/sqlalchemy/pool/base.py", line 1272, in _checkout
2026-09-21T00:26:41.720903114Z     fairy = _ConnectionRecord.checkout(pool)
2026-09-21T00:26:41.720905018Z   File "/usr/local/lib/python3.13/site-packages/sqlalchemy/pool/base.py", line 712, in checkout
2026-09-21T00:26:41.720906932Z     rec = pool._do_get()
2026-09-21T00:26:41.720908825Z   File "/usr/local/lib/python3.13/site-packages/sqlalchemy/pool/impl.py", line 167, in _do_get
2026-09-21T00:26:41.720910729Z     raise exc.TimeoutError(
2026-09-21T00:26:41.720912643Z     ...<4 lines>...
2026-09-21T00:26:41.720914557Z     )
2026-09-21T00:26:41.720917092Z sqlalchemy.exc.TimeoutError: QueuePool limit of size 5 overflow 10 reached, connection timed out, timeout 30.00 (Background on this error at: https://sqlalche.me/e/20/3o7r)
2026-09-21T00:26:41.980484752Z ERROR:    Exception in ASGI application
2026-09-21T00:26:41.980544290Z Traceback (most recent call last):
2026-09-21T00:26:41.980547726Z   File "/usr/local/lib/python3.13/site-packages/uvicorn/protocols/http/httptools_impl.py", line 421, in run_asgi
2026-09-21T00:26:41.980550943Z     result = await app(  # type: ignore[func-returns-value]
2026-09-21T00:26:41.980559179Z              ^^^^^^^^^^^^^^^^^^^^^^^^^^^^^^^^^^^^^^^^^^^^^^
2026-09-21T00:26:41.980561904Z         self.scope, self.receive, self.send
2026-09-21T00:26:41.980564820Z         ^^^^^^^^^^^^^^^^^^^^^^^^^^^^^^^^^^^
2026-09-21T00:26:41.980567545Z     )
2026-09-21T00:26:41.980569890Z     ^
2026-09-21T00:26:41.980572345Z   File "/usr/local/lib/python3.13/site-packages/uvicorn/middleware/proxy_headers.py", line 63, in __call__
2026-09-21T00:26:41.980574759Z     return await self.app(scope, receive, send)
2026-09-21T00:26:41.980577094Z            ^^^^^^^^^^^^^^^^^^^^^^^^^^^^^^^^^^^^
2026-09-21T00:26:41.980580130Z   File "/usr/local/lib/python3.13/site-packages/fastapi/applications.py", line 1159, in __call__
2026-09-21T00:26:41.980582344Z     await super().__call__(scope, receive, send)
2026-09-21T00:26:41.980585000Z   File "/usr/local/lib/python3.13/site-packages/starlette/applications.py", line 107, in __call__
2026-09-21T00:26:41.980587785Z     await self.middleware_stack(scope, receive, send)
2026-09-21T00:26:41.980590460Z   File "/usr/local/lib/python3.13/site-packages/starlette/middleware/errors.py", line 186, in __call__
2026-09-21T00:26:41.980592835Z     raise exc
2026-09-21T00:26:41.980595089Z   File "/usr/local/lib/python3.13/site-packages/starlette/middleware/errors.py", line 164, in __call__
2026-09-21T00:26:41.980597534Z     await self.app(scope, receive, _send)
2026-09-21T00:26:41.980600590Z   File "/usr/local/lib/python3.13/site-packages/opentelemetry/instrumentation/asgi/__init__.py", line 806, in __call__
2026-09-21T00:26:41.980602935Z     await self.app(scope, otel_receive, otel_send)
2026-09-21T00:26:41.980605380Z   File "/usr/local/lib/python3.13/site-packages/starlette/middleware/errors.py", line 186, in __call__
2026-09-21T00:26:41.980607864Z     raise exc
2026-09-21T00:26:41.980610219Z   File "/usr/local/lib/python3.13/site-packages/starlette/middleware/errors.py", line 164, in __call__
2026-09-21T00:26:41.980612454Z     await self.app(scope, receive, _send)
2026-09-21T00:26:41.980614688Z   File "/usr/local/lib/python3.13/site-packages/opentelemetry/instrumentation/fastapi/__init__.py", line 305, in __call__
2026-09-21T00:26:41.980617023Z     await self.app(scope, receive, send)
2026-09-21T00:26:41.980619507Z   File "/usr/local/lib/python3.13/site-packages/prometheus_fastapi_instrumentator/middleware.py", line 177, in __call__
2026-09-21T00:26:41.980649226Z     raise exc
2026-09-21T00:26:41.980651901Z   File "/usr/local/lib/python3.13/site-packages/prometheus_fastapi_instrumentator/middleware.py", line 175, in __call__
2026-09-21T00:26:41.980654155Z     await self.app(scope, receive, send_wrapper)
2026-09-21T00:26:41.980656500Z   File "/usr/local/lib/python3.13/site-packages/starlette/middleware/exceptions.py", line 63, in __call__
2026-09-21T00:26:41.980659716Z     await wrap_app_handling_exceptions(self.app, conn)(scope, receive, send)
2026-09-21T00:26:41.980662542Z   File "/usr/local/lib/python3.13/site-packages/starlette/_exception_handler.py", line 53, in wrapped_app
2026-09-21T00:26:41.980664907Z     raise exc
2026-09-21T00:26:41.980667351Z   File "/usr/local/lib/python3.13/site-packages/starlette/_exception_handler.py", line 42, in wrapped_app
2026-09-21T00:26:41.980669656Z     await app(scope, receive, sender)
2026-09-21T00:26:41.980672221Z   File "/usr/local/lib/python3.13/site-packages/fastapi/middleware/asyncexitstack.py", line 18, in __call__
2026-09-21T00:26:41.980674405Z     await self.app(scope, receive, send)
2026-09-21T00:26:41.980676870Z   File "/usr/local/lib/python3.13/site-packages/starlette/routing.py", line 716, in __call__
2026-09-21T00:26:41.980679095Z     await self.middleware_stack(scope, receive, send)
2026-09-21T00:26:41.980681389Z   File "/usr/local/lib/python3.13/site-packages/starlette/routing.py", line 736, in app
2026-09-21T00:26:41.980683643Z     await route.handle(scope, receive, send)
2026-09-21T00:26:41.980685928Z   File "/usr/local/lib/python3.13/site-packages/starlette/routing.py", line 290, in handle
2026-09-21T00:26:41.980688192Z     await self.app(scope, receive, send)
2026-09-21T00:26:41.980690767Z   File "/usr/local/lib/python3.13/site-packages/fastapi/routing.py", line 134, in app
2026-09-21T00:26:41.980693152Z     await wrap_app_handling_exceptions(app, request)(scope, receive, send)
2026-09-21T00:26:41.980695617Z   File "/usr/local/lib/python3.13/site-packages/starlette/_exception_handler.py", line 53, in wrapped_app
2026-09-21T00:26:41.980697962Z     raise exc
2026-09-21T00:26:41.980700286Z   File "/usr/local/lib/python3.13/site-packages/starlette/_exception_handler.py", line 42, in wrapped_app
2026-09-21T00:26:41.980702691Z     await app(scope, receive, sender)
2026-09-21T00:26:41.980705116Z   File "/usr/local/lib/python3.13/site-packages/fastapi/routing.py", line 120, in app
2026-09-21T00:26:41.980707901Z     response = await f(request)
2026-09-21T00:26:41.980710206Z                ^^^^^^^^^^^^^^^^
2026-09-21T00:26:41.980712540Z   File "/usr/local/lib/python3.13/site-packages/fastapi/routing.py", line 674, in app
2026-09-21T00:26:41.980714855Z     raw_response = await run_endpoint_function(
2026-09-21T00:26:41.980717179Z                    ^^^^^^^^^^^^^^^^^^^^^^^^^^^^
2026-09-21T00:26:41.980720235Z     ...<3 lines>...
2026-09-21T00:26:41.980722520Z     )
2026-09-21T00:26:41.980724804Z     ^
2026-09-21T00:26:41.980727249Z   File "/usr/local/lib/python3.13/site-packages/fastapi/routing.py", line 330, in run_endpoint_function
2026-09-21T00:26:41.980729684Z     return await run_in_threadpool(dependant.call, **values)
2026-09-21T00:26:41.980732640Z            ^^^^^^^^^^^^^^^^^^^^^^^^^^^^^^^^^^^^^^^^^^^^^^^^^
2026-09-21T00:26:41.980787618Z   File "/usr/local/lib/python3.13/site-packages/starlette/concurrency.py", line 32, in run_in_threadpool
2026-09-21T00:26:41.980793299Z     return await anyio.to_thread.run_sync(func)
2026-09-21T00:26:41.980795854Z            ^^^^^^^^^^^^^^^^^^^^^^^^^^^^^^^^^^^^
2026-09-21T00:26:41.980798409Z   File "/usr/local/lib/python3.13/site-packages/anyio/to_thread.py", line 63, in run_sync
2026-09-21T00:26:41.980811294Z     return await get_async_backend().run_sync_in_worker_thread(
2026-09-21T00:26:41.980813809Z            ^^^^^^^^^^^^^^^^^^^^^^^^^^^^^^^^^^^^^^^^^^^^^^^^^^^^
2026-09-21T00:26:41.980816174Z         func, args, abandon_on_cancel=abandon_on_cancel, limiter=limiter
2026-09-21T00:26:41.980818428Z         ^^^^^^^^^^^^^^^^^^^^^^^^^^^^^^^^^^^^^^^^^^^^^^^^^^^^^^^^^^^^^^^^
2026-09-21T00:26:41.980820713Z     )
2026-09-21T00:26:41.980822937Z     ^
2026-09-21T00:26:41.980825582Z   File "/usr/local/lib/python3.13/site-packages/anyio/_backends/_asyncio.py", line 2518, in run_sync_in_worker_thread
2026-09-21T00:26:41.980828298Z     return await future
2026-09-21T00:26:41.980830612Z            ^^^^^^^^^^^^
2026-09-21T00:26:41.980833017Z   File "/usr/local/lib/python3.13/site-packages/anyio/_backends/_asyncio.py", line 1002, in run
2026-09-21T00:26:41.980835432Z     result = context.run(func, *args)
2026-09-21T00:26:41.980837877Z   File "/app/app/routers/orders.py", line 36, in checkout
2026-09-21T00:26:41.980840211Z     return create_order(
2026-09-21T00:26:41.980842576Z         db=db,
2026-09-21T00:26:41.980844890Z     ...<2 lines>...
2026-09-21T00:26:41.980847305Z         correlation_id=correlation_id,
2026-09-21T00:26:41.980849650Z     )
2026-09-21T00:26:41.980851974Z   File "/app/app/services/order_service.py", line 42, in create_order
2026-09-21T00:26:41.980854329Z     result = db.execute(
2026-09-21T00:26:41.980856714Z         select(ProductModel).where(ProductModel.id == product_id)
2026-09-21T00:26:41.980859008Z     )
2026-09-21T00:26:41.980861383Z   File "/usr/local/lib/python3.13/site-packages/sqlalchemy/orm/session.py", line 2372, in execute
2026-09-21T00:26:41.980863537Z     return self._execute_internal(
2026-09-21T00:26:41.980865952Z            ~~~~~~~~~~~~~~~~~~~~~~^
2026-09-21T00:26:41.980868236Z         statement,
2026-09-21T00:26:41.980870350Z         ^^^^^^^^^^
2026-09-21T00:26:41.980872405Z     ...<4 lines>...
2026-09-21T00:26:41.980874589Z         _add_event=_add_event,
2026-09-21T00:26:41.980876853Z         ^^^^^^^^^^^^^^^^^^^^^^
2026-09-21T00:26:41.980879158Z     )
2026-09-21T00:26:41.980881563Z     ^
2026-09-21T00:26:41.980883927Z   File "/usr/local/lib/python3.13/site-packages/sqlalchemy/orm/session.py", line 2260, in _execute_internal
2026-09-21T00:26:41.980886292Z     conn = self._connection_for_bind(bind)
2026-09-21T00:26:41.980888907Z   File "/usr/local/lib/python3.13/site-packages/sqlalchemy/orm/session.py", line 2112, in _connection_for_bind
2026-09-21T00:26:41.980891282Z     return trans._connection_for_bind(engine, execution_options)
2026-09-21T00:26:41.980893746Z            ~~~~~~~~~~~~~~~~~~~~~~~~~~^^^^^^^^^^^^^^^^^^^^^^^^^^^
2026-09-21T00:26:41.980896221Z   File "<string>", line 2, in _connection_for_bind
2026-09-21T00:26:41.980898656Z   File "/usr/local/lib/python3.13/site-packages/sqlalchemy/orm/state_changes.py", line 137, in _go
2026-09-21T00:26:41.980901141Z     ret_value = fn(self, *arg, **kw)
2026-09-21T00:26:41.980903496Z   File "/usr/local/lib/python3.13/site-packages/sqlalchemy/orm/session.py", line 1191, in _connection_for_bind
2026-09-21T00:26:41.980905920Z     conn = bind.connect()
2026-09-21T00:26:41.980908956Z   File "/usr/local/lib/python3.13/site-packages/opentelemetry/instrumentation/sqlalchemy/engine.py", line 200, in _wrap_connect_internal
2026-09-21T00:26:41.980911471Z     return func(*args, **kwargs)
2026-09-21T00:26:41.980913676Z   File "/usr/local/lib/python3.13/site-packages/sqlalchemy/engine/base.py", line 3295, in connect
2026-09-21T00:26:41.980915950Z     return self._connection_cls(self)
2026-09-21T00:26:41.980918285Z            ~~~~~~~~~~~~~~~~~~~~^^^^^^
2026-09-21T00:26:41.980927373Z   File "/usr/local/lib/python3.13/site-packages/sqlalchemy/engine/base.py", line 144, in __init__
2026-09-21T00:26:41.980929697Z     self._dbapi_connection = engine.raw_connection()
2026-09-21T00:26:41.980932112Z                              ~~~~~~~~~~~~~~~~~~~~~^^
2026-09-21T00:26:41.980934577Z   File "/usr/local/lib/python3.13/site-packages/sqlalchemy/engine/base.py", line 3319, in raw_connection
2026-09-21T00:26:41.980936931Z     return self.pool.connect()
2026-09-21T00:26:41.980939066Z            ~~~~~~~~~~~~~~~~~^^
2026-09-21T00:26:41.980941180Z   File "/usr/local/lib/python3.13/site-packages/sqlalchemy/pool/base.py", line 448, in connect
2026-09-21T00:26:41.980943464Z     return _ConnectionFairy._checkout(self)
2026-09-21T00:26:41.980945679Z            ~~~~~~~~~~~~~~~~~~~~~~~~~~^^^^^^
2026-09-21T00:26:41.980947823Z   File "/usr/local/lib/python3.13/site-packages/sqlalchemy/pool/base.py", line 1272, in _checkout
2026-09-21T00:26:41.980950047Z     fairy = _ConnectionRecord.checkout(pool)
2026-09-21T00:26:41.980952302Z   File "/usr/local/lib/python3.13/site-packages/sqlalchemy/pool/base.py", line 712, in checkout
2026-09-21T00:26:41.980954726Z     rec = pool._do_get()
2026-09-21T00:26:41.980957041Z   File "/usr/local/lib/python3.13/site-packages/sqlalchemy/pool/impl.py", line 167, in _do_get
2026-09-21T00:26:41.980959255Z     raise exc.TimeoutError(
2026-09-21T00:26:41.980962021Z     ...<4 lines>...
2026-09-21T00:26:41.980964435Z     )
2026-09-21T00:26:41.980967762Z sqlalchemy.exc.TimeoutError: QueuePool limit of size 5 overflow 10 reached, connection timed out, timeout 30.00 (Background on this error at: https://sqlalche.me/e/20/3o7r)
2026-09-21T00:26:42.009769099Z ERROR:    Exception in ASGI application
2026-09-21T00:26:42.009808797Z Traceback (most recent call last):
2026-09-21T00:26:42.009811703Z   File "/usr/local/lib/python3.13/site-packages/uvicorn/protocols/http/httptools_impl.py", line 421, in run_asgi
2026-09-21T00:26:42.009814348Z     result = await app(  # type: ignore[func-returns-value]
2026-09-21T00:26:42.009816302Z              ^^^^^^^^^^^^^^^^^^^^^^^^^^^^^^^^^^^^^^^^^^^^^^
2026-09-21T00:26:42.009818236Z         self.scope, self.receive, self.send
2026-09-21T00:26:42.009820150Z         ^^^^^^^^^^^^^^^^^^^^^^^^^^^^^^^^^^^
2026-09-21T00:26:42.009822063Z     )
2026-09-21T00:26:42.009824107Z     ^
2026-09-21T00:26:42.009826131Z   File "/usr/local/lib/python3.13/site-packages/uvicorn/middleware/proxy_headers.py", line 63, in __call__
2026-09-21T00:26:42.009828045Z     return await self.app(scope, receive, send)
2026-09-21T00:26:42.009829939Z            ^^^^^^^^^^^^^^^^^^^^^^^^^^^^^^^^^^^^
2026-09-21T00:26:42.009832404Z   File "/usr/local/lib/python3.13/site-packages/fastapi/applications.py", line 1159, in __call__
2026-09-21T00:26:42.009834468Z     await super().__call__(scope, receive, send)
2026-09-21T00:26:42.009836362Z   File "/usr/local/lib/python3.13/site-packages/starlette/applications.py", line 107, in __call__
2026-09-21T00:26:42.009838285Z     await self.middleware_stack(scope, receive, send)
2026-09-21T00:26:42.009840259Z   File "/usr/local/lib/python3.13/site-packages/starlette/middleware/errors.py", line 186, in __call__
2026-09-21T00:26:42.009842203Z     raise exc
2026-09-21T00:26:42.009844127Z   File "/usr/local/lib/python3.13/site-packages/starlette/middleware/errors.py", line 164, in __call__
2026-09-21T00:26:42.009846041Z     await self.app(scope, receive, _send)
2026-09-21T00:26:42.009848455Z   File "/usr/local/lib/python3.13/site-packages/opentelemetry/instrumentation/asgi/__init__.py", line 806, in __call__
2026-09-21T00:26:42.009850459Z     await self.app(scope, otel_receive, otel_send)
2026-09-21T00:26:42.009870869Z   File "/usr/local/lib/python3.13/site-packages/starlette/middleware/errors.py", line 186, in __call__
2026-09-21T00:26:42.009872954Z     raise exc
2026-09-21T00:26:42.009874877Z   File "/usr/local/lib/python3.13/site-packages/starlette/middleware/errors.py", line 164, in __call__
2026-09-21T00:26:42.009876781Z     await self.app(scope, receive, _send)
2026-09-21T00:26:42.009878685Z   File "/usr/local/lib/python3.13/site-packages/opentelemetry/instrumentation/fastapi/__init__.py", line 305, in __call__
2026-09-21T00:26:42.009880579Z     await self.app(scope, receive, send)
2026-09-21T00:26:42.009882522Z   File "/usr/local/lib/python3.13/site-packages/prometheus_fastapi_instrumentator/middleware.py", line 177, in __call__
2026-09-21T00:26:42.009884426Z     raise exc
2026-09-21T00:26:42.009891861Z   File "/usr/local/lib/python3.13/site-packages/prometheus_fastapi_instrumentator/middleware.py", line 175, in __call__
2026-09-21T00:26:42.009893815Z     await self.app(scope, receive, send_wrapper)
2026-09-21T00:26:42.009895738Z   File "/usr/local/lib/python3.13/site-packages/starlette/middleware/exceptions.py", line 63, in __call__
2026-09-21T00:26:42.009898273Z     await wrap_app_handling_exceptions(self.app, conn)(scope, receive, send)
2026-09-21T00:26:42.009900167Z   File "/usr/local/lib/python3.13/site-packages/starlette/_exception_handler.py", line 53, in wrapped_app
2026-09-21T00:26:42.009902061Z     raise exc
2026-09-21T00:26:42.009903954Z   File "/usr/local/lib/python3.13/site-packages/starlette/_exception_handler.py", line 42, in wrapped_app
2026-09-21T00:26:42.009905848Z     await app(scope, receive, sender)
2026-09-21T00:26:42.009907732Z   File "/usr/local/lib/python3.13/site-packages/fastapi/middleware/asyncexitstack.py", line 18, in __call__
2026-09-21T00:26:42.009909626Z     await self.app(scope, receive, send)
2026-09-21T00:26:42.009911559Z   File "/usr/local/lib/python3.13/site-packages/starlette/routing.py", line 716, in __call__
2026-09-21T00:26:42.009913443Z     await self.middleware_stack(scope, receive, send)
2026-09-21T00:26:42.009915347Z   File "/usr/local/lib/python3.13/site-packages/starlette/routing.py", line 736, in app
2026-09-21T00:26:42.009917381Z     await route.handle(scope, receive, send)
2026-09-21T00:26:42.009919275Z   File "/usr/local/lib/python3.13/site-packages/starlette/routing.py", line 290, in handle
2026-09-21T00:26:42.009921279Z     await self.app(scope, receive, send)
2026-09-21T00:26:42.009923222Z   File "/usr/local/lib/python3.13/site-packages/fastapi/routing.py", line 134, in app
2026-09-21T00:26:42.009925116Z     await wrap_app_handling_exceptions(app, request)(scope, receive, send)
2026-09-21T00:26:42.009927050Z   File "/usr/local/lib/python3.13/site-packages/starlette/_exception_handler.py", line 53, in wrapped_app
2026-09-21T00:26:42.009928964Z     raise exc
2026-09-21T00:26:42.009930867Z   File "/usr/local/lib/python3.13/site-packages/starlette/_exception_handler.py", line 42, in wrapped_app
2026-09-21T00:26:42.009932861Z     await app(scope, receive, sender)
2026-09-21T00:26:42.009934745Z   File "/usr/local/lib/python3.13/site-packages/fastapi/routing.py", line 120, in app
2026-09-21T00:26:42.009937130Z     response = await f(request)
2026-09-21T00:26:42.009939033Z                ^^^^^^^^^^^^^^^^
2026-09-21T00:26:42.009940937Z   File "/usr/local/lib/python3.13/site-packages/fastapi/routing.py", line 674, in app
2026-09-21T00:26:42.009942851Z     raw_response = await run_endpoint_function(
2026-09-21T00:26:42.009945075Z                    ^^^^^^^^^^^^^^^^^^^^^^^^^^^^
2026-09-21T00:26:42.009947570Z     ...<3 lines>...
2026-09-21T00:26:42.009949494Z     )
2026-09-21T00:26:42.009951418Z     ^
2026-09-21T00:26:42.009953342Z   File "/usr/local/lib/python3.13/site-packages/fastapi/routing.py", line 330, in run_endpoint_function
2026-09-21T00:26:42.009960235Z     return await run_in_threadpool(dependant.call, **values)
2026-09-21T00:26:42.009962199Z            ^^^^^^^^^^^^^^^^^^^^^^^^^^^^^^^^^^^^^^^^^^^^^^^^^
2026-09-21T00:26:42.009998400Z   File "/usr/local/lib/python3.13/site-packages/starlette/concurrency.py", line 32, in run_in_threadpool
2026-09-21T00:26:42.010003049Z     return await anyio.to_thread.run_sync(func)
2026-09-21T00:26:42.010005053Z            ^^^^^^^^^^^^^^^^^^^^^^^^^^^^^^^^^^^^
2026-09-21T00:26:42.010006967Z   File "/usr/local/lib/python3.13/site-packages/anyio/to_thread.py", line 63, in run_sync
2026-09-21T00:26:42.010008871Z     return await get_async_backend().run_sync_in_worker_thread(
2026-09-21T00:26:42.010010794Z            ^^^^^^^^^^^^^^^^^^^^^^^^^^^^^^^^^^^^^^^^^^^^^^^^^^^^
2026-09-21T00:26:42.010012678Z         func, args, abandon_on_cancel=abandon_on_cancel, limiter=limiter
2026-09-21T00:26:42.010014792Z         ^^^^^^^^^^^^^^^^^^^^^^^^^^^^^^^^^^^^^^^^^^^^^^^^^^^^^^^^^^^^^^^^
2026-09-21T00:26:42.010017067Z     )
2026-09-21T00:26:42.010018981Z     ^
2026-09-21T00:26:42.010020874Z   File "/usr/local/lib/python3.13/site-packages/anyio/_backends/_asyncio.py", line 2518, in run_sync_in_worker_thread
2026-09-21T00:26:42.010022778Z     return await future
2026-09-21T00:26:42.010024682Z            ^^^^^^^^^^^^
2026-09-21T00:26:42.010026555Z   File "/usr/local/lib/python3.13/site-packages/anyio/_backends/_asyncio.py", line 1002, in run
2026-09-21T00:26:42.010028459Z     result = context.run(func, *args)
2026-09-21T00:26:42.010030383Z   File "/app/app/routers/orders.py", line 36, in checkout
2026-09-21T00:26:42.010032287Z     return create_order(
2026-09-21T00:26:42.010034281Z         db=db,
2026-09-21T00:26:42.010036214Z     ...<2 lines>...
2026-09-21T00:26:42.010038118Z         correlation_id=correlation_id,
2026-09-21T00:26:42.010040002Z     )
2026-09-21T00:26:42.010041936Z   File "/app/app/services/order_service.py", line 42, in create_order
2026-09-21T00:26:42.010043859Z     result = db.execute(
2026-09-21T00:26:42.010048449Z         select(ProductModel).where(ProductModel.id == product_id)
2026-09-21T00:26:42.010050412Z     )
2026-09-21T00:26:42.010052336Z   File "/usr/local/lib/python3.13/site-packages/sqlalchemy/orm/session.py", line 2372, in execute
2026-09-21T00:26:42.010054250Z     return self._execute_internal(
2026-09-21T00:26:42.010056164Z            ~~~~~~~~~~~~~~~~~~~~~~^
2026-09-21T00:26:42.010058087Z         statement,
2026-09-21T00:26:42.010059981Z         ^^^^^^^^^^
2026-09-21T00:26:42.010061875Z     ...<4 lines>...
2026-09-21T00:26:42.010063779Z         _add_event=_add_event,
2026-09-21T00:26:42.010065662Z         ^^^^^^^^^^^^^^^^^^^^^^
2026-09-21T00:26:42.010067556Z     )
2026-09-21T00:26:42.010069460Z     ^
2026-09-21T00:26:42.010071504Z   File "/usr/local/lib/python3.13/site-packages/sqlalchemy/orm/session.py", line 2260, in _execute_internal
2026-09-21T00:26:42.010073418Z     conn = self._connection_for_bind(bind)
2026-09-21T00:26:42.010075351Z   File "/usr/local/lib/python3.13/site-packages/sqlalchemy/orm/session.py", line 2112, in _connection_for_bind
2026-09-21T00:26:42.010077245Z     return trans._connection_for_bind(engine, execution_options)
2026-09-21T00:26:42.010079169Z            ~~~~~~~~~~~~~~~~~~~~~~~~~~^^^^^^^^^^^^^^^^^^^^^^^^^^^
2026-09-21T00:26:42.010081083Z   File "<string>", line 2, in _connection_for_bind
2026-09-21T00:26:42.010082966Z   File "/usr/local/lib/python3.13/site-packages/sqlalchemy/orm/state_changes.py", line 137, in _go
2026-09-21T00:26:42.010084870Z     ret_value = fn(self, *arg, **kw)
2026-09-21T00:26:42.010094619Z   File "/usr/local/lib/python3.13/site-packages/sqlalchemy/orm/session.py", line 1191, in _connection_for_bind
2026-09-21T00:26:42.010096623Z     conn = bind.connect()
2026-09-21T00:26:42.010099008Z   File "/usr/local/lib/python3.13/site-packages/opentelemetry/instrumentation/sqlalchemy/engine.py", line 200, in _wrap_connect_internal
2026-09-21T00:26:42.010100902Z     return func(*args, **kwargs)
2026-09-21T00:26:42.010102865Z   File "/usr/local/lib/python3.13/site-packages/sqlalchemy/engine/base.py", line 3295, in connect
2026-09-21T00:26:42.010104769Z     return self._connection_cls(self)
2026-09-21T00:26:42.010106653Z            ~~~~~~~~~~~~~~~~~~~~^^^^^^
2026-09-21T00:26:42.010108547Z   File "/usr/local/lib/python3.13/site-packages/sqlalchemy/engine/base.py", line 144, in __init__
2026-09-21T00:26:42.010110490Z     self._dbapi_connection = engine.raw_connection()
2026-09-21T00:26:42.010114649Z                              ~~~~~~~~~~~~~~~~~~~~~^^
2026-09-21T00:26:42.010119188Z   File "/usr/local/lib/python3.13/site-packages/sqlalchemy/engine/base.py", line 3319, in raw_connection
2026-09-21T00:26:42.010121121Z     return self.pool.connect()
2026-09-21T00:26:42.010123065Z            ~~~~~~~~~~~~~~~~~^^
2026-09-21T00:26:42.010124989Z   File "/usr/local/lib/python3.13/site-packages/sqlalchemy/pool/base.py", line 448, in connect
2026-09-21T00:26:42.010126883Z     return _ConnectionFairy._checkout(self)
2026-09-21T00:26:42.010128786Z            ~~~~~~~~~~~~~~~~~~~~~~~~~~^^^^^^
2026-09-21T00:26:42.010130700Z   File "/usr/local/lib/python3.13/site-packages/sqlalchemy/pool/base.py", line 1272, in _checkout
2026-09-21T00:26:42.010132614Z     fairy = _ConnectionRecord.checkout(pool)
2026-09-21T00:26:42.010134548Z   File "/usr/local/lib/python3.13/site-packages/sqlalchemy/pool/base.py", line 712, in checkout
2026-09-21T00:26:42.010136462Z     rec = pool._do_get()
2026-09-21T00:26:42.010138405Z   File "/usr/local/lib/python3.13/site-packages/sqlalchemy/pool/impl.py", line 167, in _do_get
2026-09-21T00:26:42.010140299Z     raise exc.TimeoutError(
2026-09-21T00:26:42.010142253Z     ...<4 lines>...
2026-09-21T00:26:42.010144147Z     )
2026-09-21T00:26:42.010146471Z sqlalchemy.exc.TimeoutError: QueuePool limit of size 5 overflow 10 reached, connection timed out, timeout 30.00 (Background on this error at: https://sqlalche.me/e/20/3o7r)
2026-09-21T00:26:42.512384337Z ERROR:    Exception in ASGI application
2026-09-21T00:26:42.512434235Z Traceback (most recent call last):
2026-09-21T00:26:42.512440257Z   File "/usr/local/lib/python3.13/site-packages/uvicorn/protocols/http/httptools_impl.py", line 421, in run_asgi
2026-09-21T00:26:42.512445708Z     result = await app(  # type: ignore[func-returns-value]
2026-09-21T00:26:42.512450036Z              ^^^^^^^^^^^^^^^^^^^^^^^^^^^^^^^^^^^^^^^^^^^^^^
2026-09-21T00:26:42.512454274Z         self.scope, self.receive, self.send
2026-09-21T00:26:42.512458663Z         ^^^^^^^^^^^^^^^^^^^^^^^^^^^^^^^^^^^
2026-09-21T00:26:42.512462961Z     )
2026-09-21T00:26:42.512467631Z     ^
2026-09-21T00:26:42.512472320Z   File "/usr/local/lib/python3.13/site-packages/uvicorn/middleware/proxy_headers.py", line 63, in __call__
2026-09-21T00:26:42.512476789Z     return await self.app(scope, receive, send)
2026-09-21T00:26:42.512481067Z            ^^^^^^^^^^^^^^^^^^^^^^^^^^^^^^^^^^^^
2026-09-21T00:26:42.512485876Z   File "/usr/local/lib/python3.13/site-packages/fastapi/applications.py", line 1159, in __call__
2026-09-21T00:26:42.512490155Z     await super().__call__(scope, receive, send)
2026-09-21T00:26:42.512494393Z   File "/usr/local/lib/python3.13/site-packages/starlette/applications.py", line 107, in __call__
2026-09-21T00:26:42.512523160Z     await self.middleware_stack(scope, receive, send)
2026-09-21T00:26:42.512525244Z   File "/usr/local/lib/python3.13/site-packages/starlette/middleware/errors.py", line 186, in __call__
2026-09-21T00:26:42.512527178Z     raise exc
2026-09-21T00:26:42.512529121Z   File "/usr/local/lib/python3.13/site-packages/starlette/middleware/errors.py", line 164, in __call__
2026-09-21T00:26:42.512531035Z     await self.app(scope, receive, _send)
2026-09-21T00:26:42.512533330Z   File "/usr/local/lib/python3.13/site-packages/opentelemetry/instrumentation/asgi/__init__.py", line 806, in __call__
2026-09-21T00:26:42.512535244Z     await self.app(scope, otel_receive, otel_send)
2026-09-21T00:26:42.512537137Z   File "/usr/local/lib/python3.13/site-packages/starlette/middleware/errors.py", line 186, in __call__
2026-09-21T00:26:42.512539041Z     raise exc
2026-09-21T00:26:42.512540925Z   File "/usr/local/lib/python3.13/site-packages/starlette/middleware/errors.py", line 164, in __call__
2026-09-21T00:26:42.512542798Z     await self.app(scope, receive, _send)
2026-09-21T00:26:42.512544722Z   File "/usr/local/lib/python3.13/site-packages/opentelemetry/instrumentation/fastapi/__init__.py", line 305, in __call__
2026-09-21T00:26:42.512546606Z     await self.app(scope, receive, send)
2026-09-21T00:26:42.512548490Z   File "/usr/local/lib/python3.13/site-packages/prometheus_fastapi_instrumentator/middleware.py", line 177, in __call__
2026-09-21T00:26:42.512550433Z     raise exc
2026-09-21T00:26:42.512552317Z   File "/usr/local/lib/python3.13/site-packages/prometheus_fastapi_instrumentator/middleware.py", line 175, in __call__
2026-09-21T00:26:42.512554201Z     await self.app(scope, receive, send_wrapper)
2026-09-21T00:26:42.512556084Z   File "/usr/local/lib/python3.13/site-packages/starlette/middleware/exceptions.py", line 63, in __call__
2026-09-21T00:26:42.512558609Z     await wrap_app_handling_exceptions(self.app, conn)(scope, receive, send)
2026-09-21T00:26:42.512560513Z   File "/usr/local/lib/python3.13/site-packages/starlette/_exception_handler.py", line 53, in wrapped_app
2026-09-21T00:26:42.512562387Z     raise exc
2026-09-21T00:26:42.512564271Z   File "/usr/local/lib/python3.13/site-packages/starlette/_exception_handler.py", line 42, in wrapped_app
2026-09-21T00:26:42.512566144Z     await app(scope, receive, sender)
2026-09-21T00:26:42.512568038Z   File "/usr/local/lib/python3.13/site-packages/fastapi/middleware/asyncexitstack.py", line 18, in __call__
2026-09-21T00:26:42.512569922Z     await self.app(scope, receive, send)
2026-09-21T00:26:42.512571815Z   File "/usr/local/lib/python3.13/site-packages/starlette/routing.py", line 716, in __call__
2026-09-21T00:26:42.512573699Z     await self.middleware_stack(scope, receive, send)
2026-09-21T00:26:42.512575613Z   File "/usr/local/lib/python3.13/site-packages/starlette/routing.py", line 736, in app
2026-09-21T00:26:42.512577497Z     await route.handle(scope, receive, send)
2026-09-21T00:26:42.512579370Z   File "/usr/local/lib/python3.13/site-packages/starlette/routing.py", line 290, in handle
2026-09-21T00:26:42.512581254Z     await self.app(scope, receive, send)
2026-09-21T00:26:42.512583148Z   File "/usr/local/lib/python3.13/site-packages/fastapi/routing.py", line 134, in app
2026-09-21T00:26:42.512585021Z     await wrap_app_handling_exceptions(app, request)(scope, receive, send)
2026-09-21T00:26:42.512586905Z   File "/usr/local/lib/python3.13/site-packages/starlette/_exception_handler.py", line 53, in wrapped_app
2026-09-21T00:26:42.512588779Z     raise exc
2026-09-21T00:26:42.512590853Z   File "/usr/local/lib/python3.13/site-packages/starlette/_exception_handler.py", line 42, in wrapped_app
2026-09-21T00:26:42.512592777Z     await app(scope, receive, sender)
2026-09-21T00:26:42.512600301Z   File "/usr/local/lib/python3.13/site-packages/fastapi/routing.py", line 120, in app
2026-09-21T00:26:42.512603007Z     response = await f(request)
2026-09-21T00:26:42.512604900Z                ^^^^^^^^^^^^^^^^
2026-09-21T00:26:42.512606985Z   File "/usr/local/lib/python3.13/site-packages/fastapi/routing.py", line 674, in app
2026-09-21T00:26:42.512608888Z     raw_response = await run_endpoint_function(
2026-09-21T00:26:42.512610802Z                    ^^^^^^^^^^^^^^^^^^^^^^^^^^^^
2026-09-21T00:26:42.512613477Z     ...<3 lines>...
2026-09-21T00:26:42.512615391Z     )
2026-09-21T00:26:42.512617295Z     ^
2026-09-21T00:26:42.512619199Z   File "/usr/local/lib/python3.13/site-packages/fastapi/routing.py", line 330, in run_endpoint_function
2026-09-21T00:26:42.512621233Z     return await run_in_threadpool(dependant.call, **values)
2026-09-21T00:26:42.512623166Z            ^^^^^^^^^^^^^^^^^^^^^^^^^^^^^^^^^^^^^^^^^^^^^^^^^
2026-09-21T00:26:42.512660189Z   File "/usr/local/lib/python3.13/site-packages/starlette/concurrency.py", line 32, in run_in_threadpool
2026-09-21T00:26:42.512664989Z     return await anyio.to_thread.run_sync(func)
2026-09-21T00:26:42.512667013Z            ^^^^^^^^^^^^^^^^^^^^^^^^^^^^^^^^^^^^
2026-09-21T00:26:42.512668926Z   File "/usr/local/lib/python3.13/site-packages/anyio/to_thread.py", line 63, in run_sync
2026-09-21T00:26:42.512670840Z     return await get_async_backend().run_sync_in_worker_thread(
2026-09-21T00:26:42.512672764Z            ^^^^^^^^^^^^^^^^^^^^^^^^^^^^^^^^^^^^^^^^^^^^^^^^^^^^
2026-09-21T00:26:42.512674688Z         func, args, abandon_on_cancel=abandon_on_cancel, limiter=limiter
2026-09-21T00:26:42.512676591Z         ^^^^^^^^^^^^^^^^^^^^^^^^^^^^^^^^^^^^^^^^^^^^^^^^^^^^^^^^^^^^^^^^
2026-09-21T00:26:42.512678515Z     )
2026-09-21T00:26:42.512680459Z     ^
2026-09-21T00:26:42.512682363Z   File "/usr/local/lib/python3.13/site-packages/anyio/_backends/_asyncio.py", line 2518, in run_sync_in_worker_thread
2026-09-21T00:26:42.512684287Z     return await future
2026-09-21T00:26:42.512686190Z            ^^^^^^^^^^^^
2026-09-21T00:26:42.512688124Z   File "/usr/local/lib/python3.13/site-packages/anyio/_backends/_asyncio.py", line 1002, in run
2026-09-21T00:26:42.512690008Z     result = context.run(func, *args)
2026-09-21T00:26:42.512691912Z   File "/app/app/routers/orders.py", line 36, in checkout
2026-09-21T00:26:42.512693815Z     return create_order(
2026-09-21T00:26:42.512695759Z         db=db,
2026-09-21T00:26:42.512697693Z     ...<2 lines>...
2026-09-21T00:26:42.512699617Z         correlation_id=correlation_id,
2026-09-21T00:26:42.512701530Z     )
2026-09-21T00:26:42.512703504Z   File "/app/app/services/order_service.py", line 42, in create_order
2026-09-21T00:26:42.512705428Z     result = db.execute(
2026-09-21T00:26:42.512707342Z         select(ProductModel).where(ProductModel.id == product_id)
2026-09-21T00:26:42.512709246Z     )
2026-09-21T00:26:42.512711199Z   File "/usr/local/lib/python3.13/site-packages/sqlalchemy/orm/session.py", line 2372, in execute
2026-09-21T00:26:42.512713103Z     return self._execute_internal(
2026-09-21T00:26:42.512714997Z            ~~~~~~~~~~~~~~~~~~~~~~^
2026-09-21T00:26:42.512716901Z         statement,
2026-09-21T00:26:42.512718814Z         ^^^^^^^^^^
2026-09-21T00:26:42.512720898Z     ...<4 lines>...
2026-09-21T00:26:42.512722812Z         _add_event=_add_event,
2026-09-21T00:26:42.512724696Z         ^^^^^^^^^^^^^^^^^^^^^^
2026-09-21T00:26:42.512726620Z     )
2026-09-21T00:26:42.512728534Z     ^
2026-09-21T00:26:42.512730467Z   File "/usr/local/lib/python3.13/site-packages/sqlalchemy/orm/session.py", line 2260, in _execute_internal
2026-09-21T00:26:42.512740768Z     conn = self._connection_for_bind(bind)
2026-09-21T00:26:42.512742802Z   File "/usr/local/lib/python3.13/site-packages/sqlalchemy/orm/session.py", line 2112, in _connection_for_bind
2026-09-21T00:26:42.512744745Z     return trans._connection_for_bind(engine, execution_options)
2026-09-21T00:26:42.512746649Z            ~~~~~~~~~~~~~~~~~~~~~~~~~~^^^^^^^^^^^^^^^^^^^^^^^^^^^
2026-09-21T00:26:42.512748924Z   File "<string>", line 2, in _connection_for_bind
2026-09-21T00:26:42.512750847Z   File "/usr/local/lib/python3.13/site-packages/sqlalchemy/orm/state_changes.py", line 137, in _go
2026-09-21T00:26:42.512752761Z     ret_value = fn(self, *arg, **kw)
2026-09-21T00:26:42.512754675Z   File "/usr/local/lib/python3.13/site-packages/sqlalchemy/orm/session.py", line 1191, in _connection_for_bind
2026-09-21T00:26:42.512756589Z     conn = bind.connect()
2026-09-21T00:26:42.512759234Z   File "/usr/local/lib/python3.13/site-packages/opentelemetry/instrumentation/sqlalchemy/engine.py", line 200, in _wrap_connect_internal
2026-09-21T00:26:42.512761158Z     return func(*args, **kwargs)
2026-09-21T00:26:42.512763101Z   File "/usr/local/lib/python3.13/site-packages/sqlalchemy/engine/base.py", line 3295, in connect
2026-09-21T00:26:42.512765025Z     return self._connection_cls(self)
2026-09-21T00:26:42.512766949Z            ~~~~~~~~~~~~~~~~~~~~^^^^^^
2026-09-21T00:26:42.512768853Z   File "/usr/local/lib/python3.13/site-packages/sqlalchemy/engine/base.py", line 144, in __init__
2026-09-21T00:26:42.512773782Z     self._dbapi_connection = engine.raw_connection()
2026-09-21T00:26:42.512775736Z                              ~~~~~~~~~~~~~~~~~~~~~^^
2026-09-21T00:26:42.512777650Z   File "/usr/local/lib/python3.13/site-packages/sqlalchemy/engine/base.py", line 3319, in raw_connection
2026-09-21T00:26:42.512779544Z     return self.pool.connect()
2026-09-21T00:26:42.512781448Z            ~~~~~~~~~~~~~~~~~^^
2026-09-21T00:26:42.512783351Z   File "/usr/local/lib/python3.13/site-packages/sqlalchemy/pool/base.py", line 448, in connect
2026-09-21T00:26:42.512785325Z     return _ConnectionFairy._checkout(self)
2026-09-21T00:26:42.512787229Z            ~~~~~~~~~~~~~~~~~~~~~~~~~~^^^^^^
2026-09-21T00:26:42.512789133Z   File "/usr/local/lib/python3.13/site-packages/sqlalchemy/pool/base.py", line 1272, in _checkout
2026-09-21T00:26:42.512791036Z     fairy = _ConnectionRecord.checkout(pool)
2026-09-21T00:26:42.512792960Z   File "/usr/local/lib/python3.13/site-packages/sqlalchemy/pool/base.py", line 712, in checkout
2026-09-21T00:26:42.512794854Z     rec = pool._do_get()
2026-09-21T00:26:42.512796768Z   File "/usr/local/lib/python3.13/site-packages/sqlalchemy/pool/impl.py", line 167, in _do_get
2026-09-21T00:26:42.512798661Z     raise exc.TimeoutError(
2026-09-21T00:26:42.512800585Z     ...<4 lines>...
2026-09-21T00:26:42.512802479Z     )
2026-09-21T00:26:42.512804874Z sqlalchemy.exc.TimeoutError: QueuePool limit of size 5 overflow 10 reached, connection timed out, timeout 30.00 (Background on this error at: https://sqlalche.me/e/20/3o7r)
2026-09-21T00:26:42.526980365Z ERROR:    Exception in ASGI application
2026-09-21T00:26:42.527009062Z Traceback (most recent call last):
2026-09-21T00:26:42.527012168Z   File "/usr/local/lib/python3.13/site-packages/uvicorn/protocols/http/httptools_impl.py", line 421, in run_asgi
2026-09-21T00:26:42.527014362Z     result = await app(  # type: ignore[func-returns-value]
2026-09-21T00:26:42.527016496Z              ^^^^^^^^^^^^^^^^^^^^^^^^^^^^^^^^^^^^^^^^^^^^^^
2026-09-21T00:26:42.527018470Z         self.scope, self.receive, self.send
2026-09-21T00:26:42.527020394Z         ^^^^^^^^^^^^^^^^^^^^^^^^^^^^^^^^^^^
2026-09-21T00:26:42.527039071Z     )
2026-09-21T00:26:42.527041135Z     ^
2026-09-21T00:26:42.527043049Z   File "/usr/local/lib/python3.13/site-packages/uvicorn/middleware/proxy_headers.py", line 63, in __call__
2026-09-21T00:26:42.527045002Z     return await self.app(scope, receive, send)
2026-09-21T00:26:42.527046926Z            ^^^^^^^^^^^^^^^^^^^^^^^^^^^^^^^^^^^^
2026-09-21T00:26:42.527051215Z   File "/usr/local/lib/python3.13/site-packages/fastapi/applications.py", line 1159, in __call__
2026-09-21T00:26:42.527053178Z     await super().__call__(scope, receive, send)
2026-09-21T00:26:42.527055072Z   File "/usr/local/lib/python3.13/site-packages/starlette/applications.py", line 107, in __call__
2026-09-21T00:26:42.527056956Z     await self.middleware_stack(scope, receive, send)
2026-09-21T00:26:42.527058910Z   File "/usr/local/lib/python3.13/site-packages/starlette/middleware/errors.py", line 186, in __call__
2026-09-21T00:26:42.527060844Z     raise exc
2026-09-21T00:26:42.527062777Z   File "/usr/local/lib/python3.13/site-packages/starlette/middleware/errors.py", line 164, in __call__
2026-09-21T00:26:42.527064691Z     await self.app(scope, receive, _send)
2026-09-21T00:26:42.527067487Z   File "/usr/local/lib/python3.13/site-packages/opentelemetry/instrumentation/asgi/__init__.py", line 806, in __call__
2026-09-21T00:26:42.527069430Z     await self.app(scope, otel_receive, otel_send)
2026-09-21T00:26:42.527071384Z   File "/usr/local/lib/python3.13/site-packages/starlette/middleware/errors.py", line 186, in __call__
2026-09-21T00:26:42.527073328Z     raise exc
2026-09-21T00:26:42.527075232Z   File "/usr/local/lib/python3.13/site-packages/starlette/middleware/errors.py", line 164, in __call__
2026-09-21T00:26:42.527077136Z     await self.app(scope, receive, _send)
2026-09-21T00:26:42.527079059Z   File "/usr/local/lib/python3.13/site-packages/opentelemetry/instrumentation/fastapi/__init__.py", line 305, in __call__
2026-09-21T00:26:42.527081174Z     await self.app(scope, receive, send)
2026-09-21T00:26:42.527083137Z   File "/usr/local/lib/python3.13/site-packages/prometheus_fastapi_instrumentator/middleware.py", line 177, in __call__
2026-09-21T00:26:42.527085031Z     raise exc
2026-09-21T00:26:42.527086945Z   File "/usr/local/lib/python3.13/site-packages/prometheus_fastapi_instrumentator/middleware.py", line 175, in __call__
2026-09-21T00:26:42.527088869Z     await self.app(scope, receive, send_wrapper)
2026-09-21T00:26:42.527090782Z   File "/usr/local/lib/python3.13/site-packages/starlette/middleware/exceptions.py", line 63, in __call__
2026-09-21T00:26:42.527093718Z     await wrap_app_handling_exceptions(self.app, conn)(scope, receive, send)
2026-09-21T00:26:42.527095632Z   File "/usr/local/lib/python3.13/site-packages/starlette/_exception_handler.py", line 53, in wrapped_app
2026-09-21T00:26:42.527097536Z     raise exc
2026-09-21T00:26:42.527099459Z   File "/usr/local/lib/python3.13/site-packages/starlette/_exception_handler.py", line 42, in wrapped_app
2026-09-21T00:26:42.527101353Z     await app(scope, receive, sender)
2026-09-21T00:26:42.527103247Z   File "/usr/local/lib/python3.13/site-packages/fastapi/middleware/asyncexitstack.py", line 18, in __call__
2026-09-21T00:26:42.527105151Z     await self.app(scope, receive, send)
2026-09-21T00:26:42.527107255Z   File "/usr/local/lib/python3.13/site-packages/starlette/routing.py", line 716, in __call__
2026-09-21T00:26:42.527109179Z     await self.middleware_stack(scope, receive, send)
2026-09-21T00:26:42.527111072Z   File "/usr/local/lib/python3.13/site-packages/starlette/routing.py", line 736, in app
2026-09-21T00:26:42.527112976Z     await route.handle(scope, receive, send)
2026-09-21T00:26:42.527114910Z   File "/usr/local/lib/python3.13/site-packages/starlette/routing.py", line 290, in handle
2026-09-21T00:26:42.527121753Z     await self.app(scope, receive, send)
2026-09-21T00:26:42.527123707Z   File "/usr/local/lib/python3.13/site-packages/fastapi/routing.py", line 134, in app
2026-09-21T00:26:42.527125701Z     await wrap_app_handling_exceptions(app, request)(scope, receive, send)
2026-09-21T00:26:42.527127625Z   File "/usr/local/lib/python3.13/site-packages/starlette/_exception_handler.py", line 53, in wrapped_app
2026-09-21T00:26:42.527129539Z     raise exc
2026-09-21T00:26:42.527131462Z   File "/usr/local/lib/python3.13/site-packages/starlette/_exception_handler.py", line 42, in wrapped_app
2026-09-21T00:26:42.527133366Z     await app(scope, receive, sender)
2026-09-21T00:26:42.527135290Z   File "/usr/local/lib/python3.13/site-packages/fastapi/routing.py", line 120, in app
2026-09-21T00:26:42.527137765Z     response = await f(request)
2026-09-21T00:26:42.527139679Z                ^^^^^^^^^^^^^^^^
2026-09-21T00:26:42.527141572Z   File "/usr/local/lib/python3.13/site-packages/fastapi/routing.py", line 674, in app
2026-09-21T00:26:42.527143476Z     raw_response = await run_endpoint_function(
2026-09-21T00:26:42.527145390Z                    ^^^^^^^^^^^^^^^^^^^^^^^^^^^^
2026-09-21T00:26:42.527147764Z     ...<3 lines>...
2026-09-21T00:26:42.527149668Z     )
2026-09-21T00:26:42.527151622Z     ^
2026-09-21T00:26:42.527153526Z   File "/usr/local/lib/python3.13/site-packages/fastapi/routing.py", line 330, in run_endpoint_function
2026-09-21T00:26:42.527155439Z     return await run_in_threadpool(dependant.call, **values)
2026-09-21T00:26:42.527157403Z            ^^^^^^^^^^^^^^^^^^^^^^^^^^^^^^^^^^^^^^^^^^^^^^^^^
2026-09-21T00:26:42.527203053Z   File "/usr/local/lib/python3.13/site-packages/starlette/concurrency.py", line 32, in run_in_threadpool
2026-09-21T00:26:42.527207772Z     return await anyio.to_thread.run_sync(func)
2026-09-21T00:26:42.527209726Z            ^^^^^^^^^^^^^^^^^^^^^^^^^^^^^^^^^^^^
2026-09-21T00:26:42.527211700Z   File "/usr/local/lib/python3.13/site-packages/anyio/to_thread.py", line 63, in run_sync
2026-09-21T00:26:42.527213614Z     return await get_async_backend().run_sync_in_worker_thread(
2026-09-21T00:26:42.527215518Z            ^^^^^^^^^^^^^^^^^^^^^^^^^^^^^^^^^^^^^^^^^^^^^^^^^^^^
2026-09-21T00:26:42.527217431Z         func, args, abandon_on_cancel=abandon_on_cancel, limiter=limiter
2026-09-21T00:26:42.527219335Z         ^^^^^^^^^^^^^^^^^^^^^^^^^^^^^^^^^^^^^^^^^^^^^^^^^^^^^^^^^^^^^^^^
2026-09-21T00:26:42.527221239Z     )
2026-09-21T00:26:42.527223173Z     ^
2026-09-21T00:26:42.527225076Z   File "/usr/local/lib/python3.13/site-packages/anyio/_backends/_asyncio.py", line 2518, in run_sync_in_worker_thread
2026-09-21T00:26:42.527227000Z     return await future
2026-09-21T00:26:42.527228934Z            ^^^^^^^^^^^^
2026-09-21T00:26:42.527230828Z   File "/usr/local/lib/python3.13/site-packages/anyio/_backends/_asyncio.py", line 1002, in run
2026-09-21T00:26:42.527232782Z     result = context.run(func, *args)
2026-09-21T00:26:42.527234775Z   File "/app/app/routers/orders.py", line 36, in checkout
2026-09-21T00:26:42.527236679Z     return create_order(
2026-09-21T00:26:42.527238623Z         db=db,
2026-09-21T00:26:42.527240537Z     ...<2 lines>...
2026-09-21T00:26:42.527242481Z         correlation_id=correlation_id,
2026-09-21T00:26:42.527244374Z     )
2026-09-21T00:26:42.527246318Z   File "/app/app/services/order_service.py", line 42, in create_order
2026-09-21T00:26:42.527248222Z     result = db.execute(
2026-09-21T00:26:42.527250126Z         select(ProductModel).where(ProductModel.id == product_id)
2026-09-21T00:26:42.527252039Z     )
2026-09-21T00:26:42.527263692Z   File "/usr/local/lib/python3.13/site-packages/sqlalchemy/orm/session.py", line 2372, in execute
2026-09-21T00:26:42.527265696Z     return self._execute_internal(
2026-09-21T00:26:42.527267620Z            ~~~~~~~~~~~~~~~~~~~~~~^
2026-09-21T00:26:42.527269524Z         statement,
2026-09-21T00:26:42.527271448Z         ^^^^^^^^^^
2026-09-21T00:26:42.527273341Z     ...<4 lines>...
2026-09-21T00:26:42.527275315Z         _add_event=_add_event,
2026-09-21T00:26:42.527277189Z         ^^^^^^^^^^^^^^^^^^^^^^
2026-09-21T00:26:42.527279063Z     )
2026-09-21T00:26:42.527280986Z     ^
2026-09-21T00:26:42.527282910Z   File "/usr/local/lib/python3.13/site-packages/sqlalchemy/orm/session.py", line 2260, in _execute_internal
2026-09-21T00:26:42.527284804Z     conn = self._connection_for_bind(bind)
2026-09-21T00:26:42.527286728Z   File "/usr/local/lib/python3.13/site-packages/sqlalchemy/orm/session.py", line 2112, in _connection_for_bind
2026-09-21T00:26:42.527288641Z     return trans._connection_for_bind(engine, execution_options)
2026-09-21T00:26:42.527290595Z            ~~~~~~~~~~~~~~~~~~~~~~~~~~^^^^^^^^^^^^^^^^^^^^^^^^^^^
2026-09-21T00:26:42.527292479Z   File "<string>", line 2, in _connection_for_bind
2026-09-21T00:26:42.527294353Z   File "/usr/local/lib/python3.13/site-packages/sqlalchemy/orm/state_changes.py", line 137, in _go
2026-09-21T00:26:42.527296357Z     ret_value = fn(self, *arg, **kw)
2026-09-21T00:26:42.527298270Z   File "/usr/local/lib/python3.13/site-packages/sqlalchemy/orm/session.py", line 1191, in _connection_for_bind
2026-09-21T00:26:42.527300174Z     conn = bind.connect()
2026-09-21T00:26:42.527303030Z   File "/usr/local/lib/python3.13/site-packages/opentelemetry/instrumentation/sqlalchemy/engine.py", line 200, in _wrap_connect_internal
2026-09-21T00:26:42.527305144Z     return func(*args, **kwargs)
2026-09-21T00:26:42.527307068Z   File "/usr/local/lib/python3.13/site-packages/sqlalchemy/engine/base.py", line 3295, in connect
2026-09-21T00:26:42.527309011Z     return self._connection_cls(self)
2026-09-21T00:26:42.527310925Z            ~~~~~~~~~~~~~~~~~~~~^^^^^^
2026-09-21T00:26:42.527312829Z   File "/usr/local/lib/python3.13/site-packages/sqlalchemy/engine/base.py", line 144, in __init__
2026-09-21T00:26:42.527314753Z     self._dbapi_connection = engine.raw_connection()
2026-09-21T00:26:42.527316656Z                              ~~~~~~~~~~~~~~~~~~~~~^^
2026-09-21T00:26:42.527318560Z   File "/usr/local/lib/python3.13/site-packages/sqlalchemy/engine/base.py", line 3319, in raw_connection
2026-09-21T00:26:42.527320454Z     return self.pool.connect()
2026-09-21T00:26:42.527322358Z            ~~~~~~~~~~~~~~~~~^^
2026-09-21T00:26:42.527324271Z   File "/usr/local/lib/python3.13/site-packages/sqlalchemy/pool/base.py", line 448, in connect
2026-09-21T00:26:42.527326175Z     return _ConnectionFairy._checkout(self)
2026-09-21T00:26:42.527328069Z            ~~~~~~~~~~~~~~~~~~~~~~~~~~^^^^^^
2026-09-21T00:26:42.527330073Z   File "/usr/local/lib/python3.13/site-packages/sqlalchemy/pool/base.py", line 1272, in _checkout
2026-09-21T00:26:42.527331977Z     fairy = _ConnectionRecord.checkout(pool)
2026-09-21T00:26:42.527333870Z   File "/usr/local/lib/python3.13/site-packages/sqlalchemy/pool/base.py", line 712, in checkout
2026-09-21T00:26:42.527335764Z     rec = pool._do_get()
2026-09-21T00:26:42.527337658Z   File "/usr/local/lib/python3.13/site-packages/sqlalchemy/pool/impl.py", line 167, in _do_get
2026-09-21T00:26:42.527339561Z     raise exc.TimeoutError(
2026-09-21T00:26:42.527341465Z     ...<4 lines>...
2026-09-21T00:26:42.527343349Z     )
2026-09-21T00:26:42.527346645Z sqlalchemy.exc.TimeoutError: QueuePool limit of size 5 overflow 10 reached, connection timed out, timeout 30.00 (Background on this error at: https://sqlalche.me/e/20/3o7r)
2026-09-21T00:26:42.531582637Z ERROR:    Exception in ASGI application
2026-09-21T00:26:42.531626553Z Traceback (most recent call last):
2026-09-21T00:26:42.531631914Z   File "/usr/local/lib/python3.13/site-packages/uvicorn/protocols/http/httptools_impl.py", line 421, in run_asgi
2026-09-21T00:26:42.531636873Z     result = await app(  # type: ignore[func-returns-value]
2026-09-21T00:26:42.531641152Z              ^^^^^^^^^^^^^^^^^^^^^^^^^^^^^^^^^^^^^^^^^^^^^^
2026-09-21T00:26:42.531645430Z         self.scope, self.receive, self.send
2026-09-21T00:26:42.531649979Z         ^^^^^^^^^^^^^^^^^^^^^^^^^^^^^^^^^^^
2026-09-21T00:26:42.531654338Z     )
2026-09-21T00:26:42.531658706Z     ^
2026-09-21T00:26:42.531663035Z   File "/usr/local/lib/python3.13/site-packages/uvicorn/middleware/proxy_headers.py", line 63, in __call__
2026-09-21T00:26:42.531667363Z     return await self.app(scope, receive, send)
2026-09-21T00:26:42.531671652Z            ^^^^^^^^^^^^^^^^^^^^^^^^^^^^^^^^^^^^
2026-09-21T00:26:42.531676471Z   File "/usr/local/lib/python3.13/site-packages/fastapi/applications.py", line 1159, in __call__
2026-09-21T00:26:42.531680760Z     await super().__call__(scope, receive, send)
2026-09-21T00:26:42.531685118Z   File "/usr/local/lib/python3.13/site-packages/starlette/applications.py", line 107, in __call__
2026-09-21T00:26:42.531689377Z     await self.middleware_stack(scope, receive, send)
2026-09-21T00:26:42.531693655Z   File "/usr/local/lib/python3.13/site-packages/starlette/middleware/errors.py", line 186, in __call__
2026-09-21T00:26:42.531698004Z     raise exc
2026-09-21T00:26:42.531702332Z   File "/usr/local/lib/python3.13/site-packages/starlette/middleware/errors.py", line 164, in __call__
2026-09-21T00:26:42.531706611Z     await self.app(scope, receive, _send)
2026-09-21T00:26:42.531711711Z   File "/usr/local/lib/python3.13/site-packages/opentelemetry/instrumentation/asgi/__init__.py", line 806, in __call__
2026-09-21T00:26:42.531715999Z     await self.app(scope, otel_receive, otel_send)
2026-09-21T00:26:42.531720368Z   File "/usr/local/lib/python3.13/site-packages/starlette/middleware/errors.py", line 186, in __call__
2026-09-21T00:26:42.531724666Z     raise exc
2026-09-21T00:26:42.531728944Z   File "/usr/local/lib/python3.13/site-packages/starlette/middleware/errors.py", line 164, in __call__
2026-09-21T00:26:42.531733203Z     await self.app(scope, receive, _send)
2026-09-21T00:26:42.531737471Z   File "/usr/local/lib/python3.13/site-packages/opentelemetry/instrumentation/fastapi/__init__.py", line 305, in __call__
2026-09-21T00:26:42.531741720Z     await self.app(scope, receive, send)
2026-09-21T00:26:42.531746018Z   File "/usr/local/lib/python3.13/site-packages/prometheus_fastapi_instrumentator/middleware.py", line 177, in __call__
2026-09-21T00:26:42.531750276Z     raise exc
2026-09-21T00:26:42.531754595Z   File "/usr/local/lib/python3.13/site-packages/prometheus_fastapi_instrumentator/middleware.py", line 175, in __call__
2026-09-21T00:26:42.531759434Z     await self.app(scope, receive, send_wrapper)
2026-09-21T00:26:42.531763773Z   File "/usr/local/lib/python3.13/site-packages/starlette/middleware/exceptions.py", line 63, in __call__
2026-09-21T00:26:42.531769013Z     await wrap_app_handling_exceptions(self.app, conn)(scope, receive, send)
2026-09-21T00:26:42.531773242Z   File "/usr/local/lib/python3.13/site-packages/starlette/_exception_handler.py", line 53, in wrapped_app
2026-09-21T00:26:42.531777500Z     raise exc
2026-09-21T00:26:42.531781828Z   File "/usr/local/lib/python3.13/site-packages/starlette/_exception_handler.py", line 42, in wrapped_app
2026-09-21T00:26:42.531786107Z     await app(scope, receive, sender)
2026-09-21T00:26:42.531815725Z   File "/usr/local/lib/python3.13/site-packages/fastapi/middleware/asyncexitstack.py", line 18, in __call__
2026-09-21T00:26:42.531820254Z     await self.app(scope, receive, send)
2026-09-21T00:26:42.531824512Z   File "/usr/local/lib/python3.13/site-packages/starlette/routing.py", line 716, in __call__
2026-09-21T00:26:42.531828921Z     await self.middleware_stack(scope, receive, send)
2026-09-21T00:26:42.531833229Z   File "/usr/local/lib/python3.13/site-packages/starlette/routing.py", line 736, in app
2026-09-21T00:26:42.531837488Z     await route.handle(scope, receive, send)
2026-09-21T00:26:42.531841746Z   File "/usr/local/lib/python3.13/site-packages/starlette/routing.py", line 290, in handle
2026-09-21T00:26:42.531846005Z     await self.app(scope, receive, send)
2026-09-21T00:26:42.531850303Z   File "/usr/local/lib/python3.13/site-packages/fastapi/routing.py", line 134, in app
2026-09-21T00:26:42.531854561Z     await wrap_app_handling_exceptions(app, request)(scope, receive, send)
2026-09-21T00:26:42.531858830Z   File "/usr/local/lib/python3.13/site-packages/starlette/_exception_handler.py", line 53, in wrapped_app
2026-09-21T00:26:42.531863128Z     raise exc
2026-09-21T00:26:42.531867437Z   File "/usr/local/lib/python3.13/site-packages/starlette/_exception_handler.py", line 42, in wrapped_app
2026-09-21T00:26:42.531871715Z     await app(scope, receive, sender)
2026-09-21T00:26:42.531875983Z   File "/usr/local/lib/python3.13/site-packages/fastapi/routing.py", line 120, in app
2026-09-21T00:26:42.531880883Z     response = await f(request)
2026-09-21T00:26:42.531885212Z                ^^^^^^^^^^^^^^^^
2026-09-21T00:26:42.531889470Z   File "/usr/local/lib/python3.13/site-packages/fastapi/routing.py", line 674, in app
2026-09-21T00:26:42.531893758Z     raw_response = await run_endpoint_function(
2026-09-21T00:26:42.531898017Z                    ^^^^^^^^^^^^^^^^^^^^^^^^^^^^
2026-09-21T00:26:42.531902896Z     ...<3 lines>...
2026-09-21T00:26:42.531907175Z     )
2026-09-21T00:26:42.531911443Z     ^
2026-09-21T00:26:42.531915712Z   File "/usr/local/lib/python3.13/site-packages/fastapi/routing.py", line 330, in run_endpoint_function
2026-09-21T00:26:42.531920050Z     return await run_in_threadpool(dependant.call, **values)
2026-09-21T00:26:42.531924339Z            ^^^^^^^^^^^^^^^^^^^^^^^^^^^^^^^^^^^^^^^^^^^^^^^^^
2026-09-21T00:26:42.531985569Z   File "/usr/local/lib/python3.13/site-packages/starlette/concurrency.py", line 32, in run_in_threadpool
2026-09-21T00:26:42.531995589Z     return await anyio.to_thread.run_sync(func)
2026-09-21T00:26:42.531999997Z            ^^^^^^^^^^^^^^^^^^^^^^^^^^^^^^^^^^^^
2026-09-21T00:26:42.532004246Z   File "/usr/local/lib/python3.13/site-packages/anyio/to_thread.py", line 63, in run_sync
2026-09-21T00:26:42.532008554Z     return await get_async_backend().run_sync_in_worker_thread(
2026-09-21T00:26:42.532012963Z            ^^^^^^^^^^^^^^^^^^^^^^^^^^^^^^^^^^^^^^^^^^^^^^^^^^^^
2026-09-21T00:26:42.532017241Z         func, args, abandon_on_cancel=abandon_on_cancel, limiter=limiter
2026-09-21T00:26:42.532021500Z         ^^^^^^^^^^^^^^^^^^^^^^^^^^^^^^^^^^^^^^^^^^^^^^^^^^^^^^^^^^^^^^^^
2026-09-21T00:26:42.532025828Z     )
2026-09-21T00:26:42.532030167Z     ^
2026-09-21T00:26:42.532034465Z   File "/usr/local/lib/python3.13/site-packages/anyio/_backends/_asyncio.py", line 2518, in run_sync_in_worker_thread
2026-09-21T00:26:42.532038743Z     return await future
2026-09-21T00:26:42.532043022Z            ^^^^^^^^^^^^
2026-09-21T00:26:42.532047350Z   File "/usr/local/lib/python3.13/site-packages/anyio/_backends/_asyncio.py", line 1002, in run
2026-09-21T00:26:42.532051659Z     result = context.run(func, *args)
2026-09-21T00:26:42.532072961Z   File "/app/app/routers/orders.py", line 36, in checkout
2026-09-21T00:26:42.532077429Z     return create_order(
2026-09-21T00:26:42.532081788Z         db=db,
2026-09-21T00:26:42.532086127Z     ...<2 lines>...
2026-09-21T00:26:42.532090595Z         correlation_id=correlation_id,
2026-09-21T00:26:42.532094894Z     )
2026-09-21T00:26:42.532099312Z   File "/app/app/services/order_service.py", line 42, in create_order
2026-09-21T00:26:42.532103601Z     result = db.execute(
2026-09-21T00:26:42.532107909Z         select(ProductModel).where(ProductModel.id == product_id)
2026-09-21T00:26:42.532112178Z     )
2026-09-21T00:26:42.532116466Z   File "/usr/local/lib/python3.13/site-packages/sqlalchemy/orm/session.py", line 2372, in execute
2026-09-21T00:26:42.532124151Z     return self._execute_internal(
2026-09-21T00:26:42.532128550Z            ~~~~~~~~~~~~~~~~~~~~~~^
2026-09-21T00:26:42.532132909Z         statement,
2026-09-21T00:26:42.532137287Z         ^^^^^^^^^^
2026-09-21T00:26:42.532141576Z     ...<4 lines>...
2026-09-21T00:26:42.532145844Z         _add_event=_add_event,
2026-09-21T00:26:42.532150102Z         ^^^^^^^^^^^^^^^^^^^^^^
2026-09-21T00:26:42.532154461Z     )
2026-09-21T00:26:42.532158819Z     ^
2026-09-21T00:26:42.532163168Z   File "/usr/local/lib/python3.13/site-packages/sqlalchemy/orm/session.py", line 2260, in _execute_internal
2026-09-21T00:26:42.532167497Z     conn = self._connection_for_bind(bind)
2026-09-21T00:26:42.532171895Z   File "/usr/local/lib/python3.13/site-packages/sqlalchemy/orm/session.py", line 2112, in _connection_for_bind
2026-09-21T00:26:42.532221603Z     return trans._connection_for_bind(engine, execution_options)
2026-09-21T00:26:42.532233236Z            ~~~~~~~~~~~~~~~~~~~~~~~~~~^^^^^^^^^^^^^^^^^^^^^^^^^^^
2026-09-21T00:26:42.532237604Z   File "<string>", line 2, in _connection_for_bind
2026-09-21T00:26:42.532242143Z   File "/usr/local/lib/python3.13/site-packages/sqlalchemy/orm/state_changes.py", line 137, in _go
2026-09-21T00:26:42.532246432Z     ret_value = fn(self, *arg, **kw)
2026-09-21T00:26:42.532250780Z   File "/usr/local/lib/python3.13/site-packages/sqlalchemy/orm/session.py", line 1191, in _connection_for_bind
2026-09-21T00:26:42.532255119Z     conn = bind.connect()
2026-09-21T00:26:42.532260038Z   File "/usr/local/lib/python3.13/site-packages/opentelemetry/instrumentation/sqlalchemy/engine.py", line 200, in _wrap_connect_internal
2026-09-21T00:26:42.532264327Z     return func(*args, **kwargs)
2026-09-21T00:26:42.532268655Z   File "/usr/local/lib/python3.13/site-packages/sqlalchemy/engine/base.py", line 3295, in connect
2026-09-21T00:26:42.532272924Z     return self._connection_cls(self)
2026-09-21T00:26:42.532277202Z            ~~~~~~~~~~~~~~~~~~~~^^^^^^
2026-09-21T00:26:42.532281481Z   File "/usr/local/lib/python3.13/site-packages/sqlalchemy/engine/base.py", line 144, in __init__
2026-09-21T00:26:42.532285729Z     self._dbapi_connection = engine.raw_connection()
2026-09-21T00:26:42.532289987Z                              ~~~~~~~~~~~~~~~~~~~~~^^
2026-09-21T00:26:42.532294286Z   File "/usr/local/lib/python3.13/site-packages/sqlalchemy/engine/base.py", line 3319, in raw_connection
2026-09-21T00:26:42.532298574Z     return self.pool.connect()
2026-09-21T00:26:42.532302813Z            ~~~~~~~~~~~~~~~~~^^
2026-09-21T00:26:42.532307111Z   File "/usr/local/lib/python3.13/site-packages/sqlalchemy/pool/base.py", line 448, in connect
2026-09-21T00:26:42.532311359Z     return _ConnectionFairy._checkout(self)
2026-09-21T00:26:42.532315618Z            ~~~~~~~~~~~~~~~~~~~~~~~~~~^^^^^^
2026-09-21T00:26:42.532319896Z   File "/usr/local/lib/python3.13/site-packages/sqlalchemy/pool/base.py", line 1272, in _checkout
2026-09-21T00:26:42.532335246Z     fairy = _ConnectionRecord.checkout(pool)
2026-09-21T00:26:42.532339705Z   File "/usr/local/lib/python3.13/site-packages/sqlalchemy/pool/base.py", line 712, in checkout
2026-09-21T00:26:42.532343983Z     rec = pool._do_get()
2026-09-21T00:26:42.532348292Z   File "/usr/local/lib/python3.13/site-packages/sqlalchemy/pool/impl.py", line 167, in _do_get
2026-09-21T00:26:42.532352550Z     raise exc.TimeoutError(
2026-09-21T00:26:42.532356829Z     ...<4 lines>...
2026-09-21T00:26:42.532361087Z     )
2026-09-21T00:26:42.532366077Z sqlalchemy.exc.TimeoutError: QueuePool limit of size 5 overflow 10 reached, connection timed out, timeout 30.00 (Background on this error at: https://sqlalche.me/e/20/3o7r)
2026-09-21T00:26:42.535933169Z ERROR:    Exception in ASGI application
2026-09-21T00:26:42.535952858Z Traceback (most recent call last):
2026-09-21T00:26:42.535955643Z   File "/usr/local/lib/python3.13/site-packages/uvicorn/protocols/http/httptools_impl.py", line 421, in run_asgi
2026-09-21T00:26:42.535958318Z     result = await app(  # type: ignore[func-returns-value]
2026-09-21T00:26:42.535960382Z              ^^^^^^^^^^^^^^^^^^^^^^^^^^^^^^^^^^^^^^^^^^^^^^
2026-09-21T00:26:42.535962276Z         self.scope, self.receive, self.send
2026-09-21T00:26:42.535964170Z         ^^^^^^^^^^^^^^^^^^^^^^^^^^^^^^^^^^^
2026-09-21T00:26:42.535966094Z     )
2026-09-21T00:26:42.535968078Z     ^
2026-09-21T00:26:42.535970011Z   File "/usr/local/lib/python3.13/site-packages/uvicorn/middleware/proxy_headers.py", line 63, in __call__
2026-09-21T00:26:42.535971935Z     return await self.app(scope, receive, send)
2026-09-21T00:26:42.535973839Z            ^^^^^^^^^^^^^^^^^^^^^^^^^^^^^^^^^^^^
2026-09-21T00:26:42.535976344Z   File "/usr/local/lib/python3.13/site-packages/fastapi/applications.py", line 1159, in __call__
2026-09-21T00:26:42.535978228Z     await super().__call__(scope, receive, send)
2026-09-21T00:26:42.535980111Z   File "/usr/local/lib/python3.13/site-packages/starlette/applications.py", line 107, in __call__
2026-09-21T00:26:42.535982005Z     await self.middleware_stack(scope, receive, send)
2026-09-21T00:26:42.535983939Z   File "/usr/local/lib/python3.13/site-packages/starlette/middleware/errors.py", line 186, in __call__
2026-09-21T00:26:42.535985853Z     raise exc
2026-09-21T00:26:42.535987756Z   File "/usr/local/lib/python3.13/site-packages/starlette/middleware/errors.py", line 164, in __call__
2026-09-21T00:26:42.535989660Z     await self.app(scope, receive, _send)
2026-09-21T00:26:42.535992315Z   File "/usr/local/lib/python3.13/site-packages/opentelemetry/instrumentation/asgi/__init__.py", line 806, in __call__
2026-09-21T00:26:42.535994600Z     await self.app(scope, otel_receive, otel_send)
2026-09-21T00:26:42.535996534Z   File "/usr/local/lib/python3.13/site-packages/starlette/middleware/errors.py", line 186, in __call__
2026-09-21T00:26:42.535998447Z     raise exc
2026-09-21T00:26:42.536000571Z   File "/usr/local/lib/python3.13/site-packages/starlette/middleware/errors.py", line 164, in __call__
2026-09-21T00:26:42.536002515Z     await self.app(scope, receive, _send)
2026-09-21T00:26:42.536004419Z   File "/usr/local/lib/python3.13/site-packages/opentelemetry/instrumentation/fastapi/__init__.py", line 305, in __call__
2026-09-21T00:26:42.536009689Z     await self.app(scope, receive, send)
2026-09-21T00:26:42.536011653Z   File "/usr/local/lib/python3.13/site-packages/prometheus_fastapi_instrumentator/middleware.py", line 177, in __call__
2026-09-21T00:26:42.536013557Z     raise exc
2026-09-21T00:26:42.536015461Z   File "/usr/local/lib/python3.13/site-packages/prometheus_fastapi_instrumentator/middleware.py", line 175, in __call__
2026-09-21T00:26:42.536035380Z     await self.app(scope, receive, send_wrapper)
2026-09-21T00:26:42.536037434Z   File "/usr/local/lib/python3.13/site-packages/starlette/middleware/exceptions.py", line 63, in __call__
2026-09-21T00:26:42.536039769Z     await wrap_app_handling_exceptions(self.app, conn)(scope, receive, send)
2026-09-21T00:26:42.536041662Z   File "/usr/local/lib/python3.13/site-packages/starlette/_exception_handler.py", line 53, in wrapped_app
2026-09-21T00:26:42.536043546Z     raise exc
2026-09-21T00:26:42.536045440Z   File "/usr/local/lib/python3.13/site-packages/starlette/_exception_handler.py", line 42, in wrapped_app
2026-09-21T00:26:42.536047343Z     await app(scope, receive, sender)
2026-09-21T00:26:42.536049237Z   File "/usr/local/lib/python3.13/site-packages/fastapi/middleware/asyncexitstack.py", line 18, in __call__
2026-09-21T00:26:42.536051131Z     await self.app(scope, receive, send)
2026-09-21T00:26:42.536055479Z   File "/usr/local/lib/python3.13/site-packages/starlette/routing.py", line 716, in __call__
2026-09-21T00:26:42.536057423Z     await self.middleware_stack(scope, receive, send)
2026-09-21T00:26:42.536059317Z   File "/usr/local/lib/python3.13/site-packages/starlette/routing.py", line 736, in app
2026-09-21T00:26:42.536061201Z     await route.handle(scope, receive, send)
2026-09-21T00:26:42.536063094Z   File "/usr/local/lib/python3.13/site-packages/starlette/routing.py", line 290, in handle
2026-09-21T00:26:42.536064968Z     await self.app(scope, receive, send)
2026-09-21T00:26:42.536066862Z   File "/usr/local/lib/python3.13/site-packages/fastapi/routing.py", line 134, in app
2026-09-21T00:26:42.536068735Z     await wrap_app_handling_exceptions(app, request)(scope, receive, send)
2026-09-21T00:26:42.536070870Z   File "/usr/local/lib/python3.13/site-packages/starlette/_exception_handler.py", line 53, in wrapped_app
2026-09-21T00:26:42.536073044Z     raise exc
2026-09-21T00:26:42.536075358Z   File "/usr/local/lib/python3.13/site-packages/starlette/_exception_handler.py", line 42, in wrapped_app
2026-09-21T00:26:42.536077252Z     await app(scope, receive, sender)
2026-09-21T00:26:42.536079146Z   File "/usr/local/lib/python3.13/site-packages/fastapi/routing.py", line 120, in app
2026-09-21T00:26:42.536081911Z     response = await f(request)
2026-09-21T00:26:42.536083815Z                ^^^^^^^^^^^^^^^^
2026-09-21T00:26:42.536085709Z   File "/usr/local/lib/python3.13/site-packages/fastapi/routing.py", line 674, in app
2026-09-21T00:26:42.536087653Z     raw_response = await run_endpoint_function(
2026-09-21T00:26:42.536089556Z                    ^^^^^^^^^^^^^^^^^^^^^^^^^^^^
2026-09-21T00:26:42.536092172Z     ...<3 lines>...
2026-09-21T00:26:42.536094095Z     )
2026-09-21T00:26:42.536095999Z     ^
2026-09-21T00:26:42.536099807Z   File "/usr/local/lib/python3.13/site-packages/fastapi/routing.py", line 330, in run_endpoint_function
2026-09-21T00:26:42.536101710Z     return await run_in_threadpool(dependant.call, **values)
2026-09-21T00:26:42.536103634Z            ^^^^^^^^^^^^^^^^^^^^^^^^^^^^^^^^^^^^^^^^^^^^^^^^^
2026-09-21T00:26:42.536136659Z   File "/usr/local/lib/python3.13/site-packages/starlette/concurrency.py", line 32, in run_in_threadpool
2026-09-21T00:26:42.536141488Z     return await anyio.to_thread.run_sync(func)
2026-09-21T00:26:42.536143482Z            ^^^^^^^^^^^^^^^^^^^^^^^^^^^^^^^^^^^^
2026-09-21T00:26:42.536145436Z   File "/usr/local/lib/python3.13/site-packages/anyio/to_thread.py", line 63, in run_sync
2026-09-21T00:26:42.536147350Z     return await get_async_backend().run_sync_in_worker_thread(
2026-09-21T00:26:42.536149274Z            ^^^^^^^^^^^^^^^^^^^^^^^^^^^^^^^^^^^^^^^^^^^^^^^^^^^^
2026-09-21T00:26:42.536159424Z         func, args, abandon_on_cancel=abandon_on_cancel, limiter=limiter
2026-09-21T00:26:42.536161548Z         ^^^^^^^^^^^^^^^^^^^^^^^^^^^^^^^^^^^^^^^^^^^^^^^^^^^^^^^^^^^^^^^^
2026-09-21T00:26:42.536163492Z     )
2026-09-21T00:26:42.536165506Z     ^
2026-09-21T00:26:42.536167429Z   File "/usr/local/lib/python3.13/site-packages/anyio/_backends/_asyncio.py", line 2518, in run_sync_in_worker_thread
2026-09-21T00:26:42.536169353Z     return await future
2026-09-21T00:26:42.536171287Z            ^^^^^^^^^^^^
2026-09-21T00:26:42.536173201Z   File "/usr/local/lib/python3.13/site-packages/anyio/_backends/_asyncio.py", line 1002, in run
2026-09-21T00:26:42.536223500Z     result = context.run(func, *args)
2026-09-21T00:26:42.536246655Z   File "/app/app/routers/orders.py", line 36, in checkout
2026-09-21T00:26:42.536248699Z     return create_order(
2026-09-21T00:26:42.536250623Z         db=db,
2026-09-21T00:26:42.536252547Z     ...<2 lines>...
2026-09-21T00:26:42.536254451Z         correlation_id=correlation_id,
2026-09-21T00:26:42.536256354Z     )
2026-09-21T00:26:42.536258348Z   File "/app/app/services/order_service.py", line 42, in create_order
2026-09-21T00:26:42.536260262Z     result = db.execute(
2026-09-21T00:26:42.536262216Z         select(ProductModel).where(ProductModel.id == product_id)
2026-09-21T00:26:42.536264090Z     )
2026-09-21T00:26:42.536266003Z   File "/usr/local/lib/python3.13/site-packages/sqlalchemy/orm/session.py", line 2372, in execute
2026-09-21T00:26:42.536267897Z     return self._execute_internal(
2026-09-21T00:26:42.536269811Z            ~~~~~~~~~~~~~~~~~~~~~~^
2026-09-21T00:26:42.536271694Z         statement,
2026-09-21T00:26:42.536273578Z         ^^^^^^^^^^
2026-09-21T00:26:42.536275452Z     ...<4 lines>...
2026-09-21T00:26:42.536277366Z         _add_event=_add_event,
2026-09-21T00:26:42.536279239Z         ^^^^^^^^^^^^^^^^^^^^^^
2026-09-21T00:26:42.536281123Z     )
2026-09-21T00:26:42.536283007Z     ^
2026-09-21T00:26:42.536284940Z   File "/usr/local/lib/python3.13/site-packages/sqlalchemy/orm/session.py", line 2260, in _execute_internal
2026-09-21T00:26:42.536286864Z     conn = self._connection_for_bind(bind)
2026-09-21T00:26:42.536288778Z   File "/usr/local/lib/python3.13/site-packages/sqlalchemy/orm/session.py", line 2112, in _connection_for_bind
2026-09-21T00:26:42.536290692Z     return trans._connection_for_bind(engine, execution_options)
2026-09-21T00:26:42.536292616Z            ~~~~~~~~~~~~~~~~~~~~~~~~~~^^^^^^^^^^^^^^^^^^^^^^^^^^^
2026-09-21T00:26:42.536294499Z   File "<string>", line 2, in _connection_for_bind
2026-09-21T00:26:42.536296393Z   File "/usr/local/lib/python3.13/site-packages/sqlalchemy/orm/state_changes.py", line 137, in _go
2026-09-21T00:26:42.536298327Z     ret_value = fn(self, *arg, **kw)
2026-09-21T00:26:42.536300231Z   File "/usr/local/lib/python3.13/site-packages/sqlalchemy/orm/session.py", line 1191, in _connection_for_bind
2026-09-21T00:26:42.536302124Z     conn = bind.connect()
2026-09-21T00:26:42.536304599Z   File "/usr/local/lib/python3.13/site-packages/opentelemetry/instrumentation/sqlalchemy/engine.py", line 200, in _wrap_connect_internal
2026-09-21T00:26:42.536306573Z     return func(*args, **kwargs)
2026-09-21T00:26:42.536308497Z   File "/usr/local/lib/python3.13/site-packages/sqlalchemy/engine/base.py", line 3295, in connect
2026-09-21T00:26:42.536310381Z     return self._connection_cls(self)
2026-09-21T00:26:42.536312254Z            ~~~~~~~~~~~~~~~~~~~~^^^^^^
2026-09-21T00:26:42.536314138Z   File "/usr/local/lib/python3.13/site-packages/sqlalchemy/engine/base.py", line 144, in __init__
2026-09-21T00:26:42.536316022Z     self._dbapi_connection = engine.raw_connection()
2026-09-21T00:26:42.536325580Z                              ~~~~~~~~~~~~~~~~~~~~~^^
2026-09-21T00:26:42.536327554Z   File "/usr/local/lib/python3.13/site-packages/sqlalchemy/engine/base.py", line 3319, in raw_connection
2026-09-21T00:26:42.536329458Z     return self.pool.connect()
2026-09-21T00:26:42.536331372Z            ~~~~~~~~~~~~~~~~~^^
2026-09-21T00:26:42.536333306Z   File "/usr/local/lib/python3.13/site-packages/sqlalchemy/pool/base.py", line 448, in connect
2026-09-21T00:26:42.536335199Z     return _ConnectionFairy._checkout(self)
2026-09-21T00:26:42.536337073Z            ~~~~~~~~~~~~~~~~~~~~~~~~~~^^^^^^
2026-09-21T00:26:42.536338957Z   File "/usr/local/lib/python3.13/site-packages/sqlalchemy/pool/base.py", line 1272, in _checkout
2026-09-21T00:26:42.536340850Z     fairy = _ConnectionRecord.checkout(pool)
2026-09-21T00:26:42.536342754Z   File "/usr/local/lib/python3.13/site-packages/sqlalchemy/pool/base.py", line 712, in checkout
2026-09-21T00:26:42.536344648Z     rec = pool._do_get()
2026-09-21T00:26:42.536346592Z   File "/usr/local/lib/python3.13/site-packages/sqlalchemy/pool/impl.py", line 167, in _do_get
2026-09-21T00:26:42.536348485Z     raise exc.TimeoutError(
2026-09-21T00:26:42.536350379Z     ...<4 lines>...
2026-09-21T00:26:42.536352273Z     )
2026-09-21T00:26:42.536354688Z sqlalchemy.exc.TimeoutError: QueuePool limit of size 5 overflow 10 reached, connection timed out, timeout 30.00 (Background on this error at: https://sqlalche.me/e/20/3o7r)
2026-09-21T00:26:42.540560355Z ERROR:    Exception in ASGI application
2026-09-21T00:26:42.540596997Z Traceback (most recent call last):
2026-09-21T00:26:42.540602669Z   File "/usr/local/lib/python3.13/site-packages/uvicorn/protocols/http/httptools_impl.py", line 421, in run_asgi
2026-09-21T00:26:42.540607648Z     result = await app(  # type: ignore[func-returns-value]
2026-09-21T00:26:42.540611987Z              ^^^^^^^^^^^^^^^^^^^^^^^^^^^^^^^^^^^^^^^^^^^^^^
2026-09-21T00:26:42.540616285Z         self.scope, self.receive, self.send
2026-09-21T00:26:42.540620594Z         ^^^^^^^^^^^^^^^^^^^^^^^^^^^^^^^^^^^
2026-09-21T00:26:42.540625023Z     )
2026-09-21T00:26:42.540629441Z     ^
2026-09-21T00:26:42.540633820Z   File "/usr/local/lib/python3.13/site-packages/uvicorn/middleware/proxy_headers.py", line 63, in __call__
2026-09-21T00:26:42.540638329Z     return await self.app(scope, receive, send)
2026-09-21T00:26:42.540642657Z            ^^^^^^^^^^^^^^^^^^^^^^^^^^^^^^^^^^^^
2026-09-21T00:26:42.540647557Z   File "/usr/local/lib/python3.13/site-packages/fastapi/applications.py", line 1159, in __call__
2026-09-21T00:26:42.540651925Z     await super().__call__(scope, receive, send)
2026-09-21T00:26:42.540656254Z   File "/usr/local/lib/python3.13/site-packages/starlette/applications.py", line 107, in __call__
2026-09-21T00:26:42.540660582Z     await self.middleware_stack(scope, receive, send)
2026-09-21T00:26:42.540664891Z   File "/usr/local/lib/python3.13/site-packages/starlette/middleware/errors.py", line 186, in __call__
2026-09-21T00:26:42.540669680Z     raise exc
2026-09-21T00:26:42.540674199Z   File "/usr/local/lib/python3.13/site-packages/starlette/middleware/errors.py", line 164, in __call__
2026-09-21T00:26:42.540678568Z     await self.app(scope, receive, _send)
2026-09-21T00:26:42.540687215Z   File "/usr/local/lib/python3.13/site-packages/opentelemetry/instrumentation/asgi/__init__.py", line 806, in __call__
2026-09-21T00:26:42.540691794Z     await self.app(scope, otel_receive, otel_send)
2026-09-21T00:26:42.540696142Z   File "/usr/local/lib/python3.13/site-packages/starlette/middleware/errors.py", line 186, in __call__
2026-09-21T00:26:42.540700551Z     raise exc
2026-09-21T00:26:42.540704890Z   File "/usr/local/lib/python3.13/site-packages/starlette/middleware/errors.py", line 164, in __call__
2026-09-21T00:26:42.540731472Z     await self.app(scope, receive, _send)
2026-09-21T00:26:42.540736081Z   File "/usr/local/lib/python3.13/site-packages/opentelemetry/instrumentation/fastapi/__init__.py", line 305, in __call__
2026-09-21T00:26:42.540740409Z     await self.app(scope, receive, send)
2026-09-21T00:26:42.540744678Z   File "/usr/local/lib/python3.13/site-packages/prometheus_fastapi_instrumentator/middleware.py", line 177, in __call__
2026-09-21T00:26:42.540748936Z     raise exc
2026-09-21T00:26:42.540753205Z   File "/usr/local/lib/python3.13/site-packages/prometheus_fastapi_instrumentator/middleware.py", line 175, in __call__
2026-09-21T00:26:42.540757733Z     await self.app(scope, receive, send_wrapper)
2026-09-21T00:26:42.540762052Z   File "/usr/local/lib/python3.13/site-packages/starlette/middleware/exceptions.py", line 63, in __call__
2026-09-21T00:26:42.540766992Z     await wrap_app_handling_exceptions(self.app, conn)(scope, receive, send)
2026-09-21T00:26:42.540775158Z   File "/usr/local/lib/python3.13/site-packages/starlette/_exception_handler.py", line 53, in wrapped_app
2026-09-21T00:26:42.540779606Z     raise exc
2026-09-21T00:26:42.540783925Z   File "/usr/local/lib/python3.13/site-packages/starlette/_exception_handler.py", line 42, in wrapped_app
2026-09-21T00:26:42.540788233Z     await app(scope, receive, sender)
2026-09-21T00:26:42.540792532Z   File "/usr/local/lib/python3.13/site-packages/fastapi/middleware/asyncexitstack.py", line 18, in __call__
2026-09-21T00:26:42.540796800Z     await self.app(scope, receive, send)
2026-09-21T00:26:42.540801149Z   File "/usr/local/lib/python3.13/site-packages/starlette/routing.py", line 716, in __call__
2026-09-21T00:26:42.540805437Z     await self.middleware_stack(scope, receive, send)
2026-09-21T00:26:42.540809826Z   File "/usr/local/lib/python3.13/site-packages/starlette/routing.py", line 736, in app
2026-09-21T00:26:42.540814114Z     await route.handle(scope, receive, send)
2026-09-21T00:26:42.540818413Z   File "/usr/local/lib/python3.13/site-packages/starlette/routing.py", line 290, in handle
2026-09-21T00:26:42.540822721Z     await self.app(scope, receive, send)
2026-09-21T00:26:42.540827010Z   File "/usr/local/lib/python3.13/site-packages/fastapi/routing.py", line 134, in app
2026-09-21T00:26:42.540831549Z     await wrap_app_handling_exceptions(app, request)(scope, receive, send)
2026-09-21T00:26:42.540835857Z   File "/usr/local/lib/python3.13/site-packages/starlette/_exception_handler.py", line 53, in wrapped_app
2026-09-21T00:26:42.540840145Z     raise exc
2026-09-21T00:26:42.540844454Z   File "/usr/local/lib/python3.13/site-packages/starlette/_exception_handler.py", line 42, in wrapped_app
2026-09-21T00:26:42.540848722Z     await app(scope, receive, sender)
2026-09-21T00:26:42.540852971Z   File "/usr/local/lib/python3.13/site-packages/fastapi/routing.py", line 120, in app
2026-09-21T00:26:42.540857800Z     response = await f(request)
2026-09-21T00:26:42.540862109Z                ^^^^^^^^^^^^^^^^
2026-09-21T00:26:42.540866407Z   File "/usr/local/lib/python3.13/site-packages/fastapi/routing.py", line 674, in app
2026-09-21T00:26:42.540870685Z     raw_response = await run_endpoint_function(
2026-09-21T00:26:42.540874954Z                    ^^^^^^^^^^^^^^^^^^^^^^^^^^^^
2026-09-21T00:26:42.540879813Z     ...<3 lines>...
2026-09-21T00:26:42.540884152Z     )
2026-09-21T00:26:42.540888470Z     ^
2026-09-21T00:26:42.540892769Z   File "/usr/local/lib/python3.13/site-packages/fastapi/routing.py", line 330, in run_endpoint_function
2026-09-21T00:26:42.540897027Z     return await run_in_threadpool(dependant.call, **values)
2026-09-21T00:26:42.540913440Z            ^^^^^^^^^^^^^^^^^^^^^^^^^^^^^^^^^^^^^^^^^^^^^^^^^
2026-09-21T00:26:42.541001553Z   File "/usr/local/lib/python3.13/site-packages/starlette/concurrency.py", line 32, in run_in_threadpool
2026-09-21T00:26:42.541011713Z     return await anyio.to_thread.run_sync(func)
2026-09-21T00:26:42.541016151Z            ^^^^^^^^^^^^^^^^^^^^^^^^^^^^^^^^^^^^
2026-09-21T00:26:42.541020460Z   File "/usr/local/lib/python3.13/site-packages/anyio/to_thread.py", line 63, in run_sync
2026-09-21T00:26:42.541024768Z     return await get_async_backend().run_sync_in_worker_thread(
2026-09-21T00:26:42.541029037Z            ^^^^^^^^^^^^^^^^^^^^^^^^^^^^^^^^^^^^^^^^^^^^^^^^^^^^
2026-09-21T00:26:42.541033315Z         func, args, abandon_on_cancel=abandon_on_cancel, limiter=limiter
2026-09-21T00:26:42.541037634Z         ^^^^^^^^^^^^^^^^^^^^^^^^^^^^^^^^^^^^^^^^^^^^^^^^^^^^^^^^^^^^^^^^
2026-09-21T00:26:42.541041912Z     )
2026-09-21T00:26:42.541046271Z     ^
2026-09-21T00:26:42.541050529Z   File "/usr/local/lib/python3.13/site-packages/anyio/_backends/_asyncio.py", line 2518, in run_sync_in_worker_thread
2026-09-21T00:26:42.541054827Z     return await future
2026-09-21T00:26:42.541059106Z            ^^^^^^^^^^^^
2026-09-21T00:26:42.541063374Z   File "/usr/local/lib/python3.13/site-packages/anyio/_backends/_asyncio.py", line 1002, in run
2026-09-21T00:26:42.541067643Z     result = context.run(func, *args)
2026-09-21T00:26:42.541071941Z   File "/app/app/routers/orders.py", line 36, in checkout
2026-09-21T00:26:42.541076199Z     return create_order(
2026-09-21T00:26:42.541080618Z         db=db,
2026-09-21T00:26:42.541084927Z     ...<2 lines>...
2026-09-21T00:26:42.541089225Z         correlation_id=correlation_id,
2026-09-21T00:26:42.541093503Z     )
2026-09-21T00:26:42.541097872Z   File "/app/app/services/order_service.py", line 42, in create_order
2026-09-21T00:26:42.541102140Z     result = db.execute(
2026-09-21T00:26:42.541106479Z         select(ProductModel).where(ProductModel.id == product_id)
2026-09-21T00:26:42.541110767Z     )
2026-09-21T00:26:42.541115066Z   File "/usr/local/lib/python3.13/site-packages/sqlalchemy/orm/session.py", line 2372, in execute
2026-09-21T00:26:42.541119314Z     return self._execute_internal(
2026-09-21T00:26:42.541123913Z            ~~~~~~~~~~~~~~~~~~~~~~^
2026-09-21T00:26:42.541128152Z         statement,
2026-09-21T00:26:42.541132430Z         ^^^^^^^^^^
2026-09-21T00:26:42.541136708Z     ...<4 lines>...
2026-09-21T00:26:42.541141007Z         _add_event=_add_event,
2026-09-21T00:26:42.541145606Z         ^^^^^^^^^^^^^^^^^^^^^^
2026-09-21T00:26:42.541149914Z     )
2026-09-21T00:26:42.541154243Z     ^
2026-09-21T00:26:42.541158581Z   File "/usr/local/lib/python3.13/site-packages/sqlalchemy/orm/session.py", line 2260, in _execute_internal
2026-09-21T00:26:42.541162860Z     conn = self._connection_for_bind(bind)
2026-09-21T00:26:42.541167188Z   File "/usr/local/lib/python3.13/site-packages/sqlalchemy/orm/session.py", line 2112, in _connection_for_bind
2026-09-21T00:26:42.541171487Z     return trans._connection_for_bind(engine, execution_options)
2026-09-21T00:26:42.541175785Z            ~~~~~~~~~~~~~~~~~~~~~~~~~~^^^^^^^^^^^^^^^^^^^^^^^^^^^
2026-09-21T00:26:42.541180084Z   File "<string>", line 2, in _connection_for_bind
2026-09-21T00:26:42.541184492Z   File "/usr/local/lib/python3.13/site-packages/sqlalchemy/orm/state_changes.py", line 137, in _go
2026-09-21T00:26:42.541188781Z     ret_value = fn(self, *arg, **kw)
2026-09-21T00:26:42.541193049Z   File "/usr/local/lib/python3.13/site-packages/sqlalchemy/orm/session.py", line 1191, in _connection_for_bind
2026-09-21T00:26:42.541197338Z     conn = bind.connect()
2026-09-21T00:26:42.541222687Z   File "/usr/local/lib/python3.13/site-packages/opentelemetry/instrumentation/sqlalchemy/engine.py", line 200, in _wrap_connect_internal
2026-09-21T00:26:42.541227266Z     return func(*args, **kwargs)
2026-09-21T00:26:42.541231575Z   File "/usr/local/lib/python3.13/site-packages/sqlalchemy/engine/base.py", line 3295, in connect
2026-09-21T00:26:42.541235823Z     return self._connection_cls(self)
2026-09-21T00:26:42.541240132Z            ~~~~~~~~~~~~~~~~~~~~^^^^^^
2026-09-21T00:26:42.541244380Z   File "/usr/local/lib/python3.13/site-packages/sqlalchemy/engine/base.py", line 144, in __init__
2026-09-21T00:26:42.541248658Z     self._dbapi_connection = engine.raw_connection()
2026-09-21T00:26:42.541252917Z                              ~~~~~~~~~~~~~~~~~~~~~^^
2026-09-21T00:26:42.541257205Z   File "/usr/local/lib/python3.13/site-packages/sqlalchemy/engine/base.py", line 3319, in raw_connection
2026-09-21T00:26:42.541261494Z     return self.pool.connect()
2026-09-21T00:26:42.541265742Z            ~~~~~~~~~~~~~~~~~^^
2026-09-21T00:26:42.541270051Z   File "/usr/local/lib/python3.13/site-packages/sqlalchemy/pool/base.py", line 448, in connect
2026-09-21T00:26:42.541274359Z     return _ConnectionFairy._checkout(self)
2026-09-21T00:26:42.541278657Z            ~~~~~~~~~~~~~~~~~~~~~~~~~~^^^^^^
2026-09-21T00:26:42.541282896Z   File "/usr/local/lib/python3.13/site-packages/sqlalchemy/pool/base.py", line 1272, in _checkout
2026-09-21T00:26:42.541287184Z     fairy = _ConnectionRecord.checkout(pool)
2026-09-21T00:26:42.541291443Z   File "/usr/local/lib/python3.13/site-packages/sqlalchemy/pool/base.py", line 712, in checkout
2026-09-21T00:26:42.541295711Z     rec = pool._do_get()
2026-09-21T00:26:42.541299959Z   File "/usr/local/lib/python3.13/site-packages/sqlalchemy/pool/impl.py", line 167, in _do_get
2026-09-21T00:26:42.541304188Z     raise exc.TimeoutError(
2026-09-21T00:26:42.541308496Z     ...<4 lines>...
2026-09-21T00:26:42.541312805Z     )
2026-09-21T00:26:42.541317744Z sqlalchemy.exc.TimeoutError: QueuePool limit of size 5 overflow 10 reached, connection timed out, timeout 30.00 (Background on this error at: https://sqlalche.me/e/20/3o7r)
2026-09-21T00:26:42.545150560Z ERROR:    Exception in ASGI application
2026-09-21T00:26:42.545194947Z Traceback (most recent call last):
2026-09-21T00:26:42.545202011Z   File "/usr/local/lib/python3.13/site-packages/uvicorn/protocols/http/httptools_impl.py", line 421, in run_asgi
2026-09-21T00:26:42.545208253Z     result = await app(  # type: ignore[func-returns-value]
2026-09-21T00:26:42.545214005Z              ^^^^^^^^^^^^^^^^^^^^^^^^^^^^^^^^^^^^^^^^^^^^^^
2026-09-21T00:26:42.545219525Z         self.scope, self.receive, self.send
2026-09-21T00:26:42.545225046Z         ^^^^^^^^^^^^^^^^^^^^^^^^^^^^^^^^^^^
2026-09-21T00:26:42.545230627Z     )
2026-09-21T00:26:42.545236278Z     ^
2026-09-21T00:26:42.545241919Z   File "/usr/local/lib/python3.13/site-packages/uvicorn/middleware/proxy_headers.py", line 63, in __call__
2026-09-21T00:26:42.545247480Z     return await self.app(scope, receive, send)
2026-09-21T00:26:42.545253041Z            ^^^^^^^^^^^^^^^^^^^^^^^^^^^^^^^^^^^^
2026-09-21T00:26:42.545259264Z   File "/usr/local/lib/python3.13/site-packages/fastapi/applications.py", line 1159, in __call__
2026-09-21T00:26:42.545264804Z     await super().__call__(scope, receive, send)
2026-09-21T00:26:42.545270315Z   File "/usr/local/lib/python3.13/site-packages/starlette/applications.py", line 107, in __call__
2026-09-21T00:26:42.545275816Z     await self.middleware_stack(scope, receive, send)
2026-09-21T00:26:42.545281327Z   File "/usr/local/lib/python3.13/site-packages/starlette/middleware/errors.py", line 186, in __call__
2026-09-21T00:26:42.545319853Z     raise exc
2026-09-21T00:26:42.545325714Z   File "/usr/local/lib/python3.13/site-packages/starlette/middleware/errors.py", line 164, in __call__
2026-09-21T00:26:42.545331295Z     await self.app(scope, receive, _send)
2026-09-21T00:26:42.545337628Z   File "/usr/local/lib/python3.13/site-packages/opentelemetry/instrumentation/asgi/__init__.py", line 806, in __call__
2026-09-21T00:26:42.545343168Z     await self.app(scope, otel_receive, otel_send)
2026-09-21T00:26:42.545348679Z   File "/usr/local/lib/python3.13/site-packages/starlette/middleware/errors.py", line 186, in __call__
2026-09-21T00:26:42.545354200Z     raise exc
2026-09-21T00:26:42.545359861Z   File "/usr/local/lib/python3.13/site-packages/starlette/middleware/errors.py", line 164, in __call__
2026-09-21T00:26:42.545365372Z     await self.app(scope, receive, _send)
2026-09-21T00:26:42.545370983Z   File "/usr/local/lib/python3.13/site-packages/opentelemetry/instrumentation/fastapi/__init__.py", line 305, in __call__
2026-09-21T00:26:42.545377065Z     await self.app(scope, receive, send)
2026-09-21T00:26:42.545382716Z   File "/usr/local/lib/python3.13/site-packages/prometheus_fastapi_instrumentator/middleware.py", line 177, in __call__
2026-09-21T00:26:42.545388207Z     raise exc
2026-09-21T00:26:42.545393698Z   File "/usr/local/lib/python3.13/site-packages/prometheus_fastapi_instrumentator/middleware.py", line 175, in __call__
2026-09-21T00:26:42.545399179Z     await self.app(scope, receive, send_wrapper)
2026-09-21T00:26:42.545404709Z   File "/usr/local/lib/python3.13/site-packages/starlette/middleware/exceptions.py", line 63, in __call__
2026-09-21T00:26:42.545410591Z     await wrap_app_handling_exceptions(self.app, conn)(scope, receive, send)
2026-09-21T00:26:42.545416062Z   File "/usr/local/lib/python3.13/site-packages/starlette/_exception_handler.py", line 53, in wrapped_app
2026-09-21T00:26:42.545421553Z     raise exc
2026-09-21T00:26:42.545427224Z   File "/usr/local/lib/python3.13/site-packages/starlette/_exception_handler.py", line 42, in wrapped_app
2026-09-21T00:26:42.545432704Z     await app(scope, receive, sender)
2026-09-21T00:26:42.545438185Z   File "/usr/local/lib/python3.13/site-packages/fastapi/middleware/asyncexitstack.py", line 18, in __call__
2026-09-21T00:26:42.545443656Z     await self.app(scope, receive, send)
2026-09-21T00:26:42.545449177Z   File "/usr/local/lib/python3.13/site-packages/starlette/routing.py", line 716, in __call__
2026-09-21T00:26:42.545454688Z     await self.middleware_stack(scope, receive, send)
2026-09-21T00:26:42.545460209Z   File "/usr/local/lib/python3.13/site-packages/starlette/routing.py", line 736, in app
2026-09-21T00:26:42.545465739Z     await route.handle(scope, receive, send)
2026-09-21T00:26:42.545471340Z   File "/usr/local/lib/python3.13/site-packages/starlette/routing.py", line 290, in handle
2026-09-21T00:26:42.545476901Z     await self.app(scope, receive, send)
2026-09-21T00:26:42.545482442Z   File "/usr/local/lib/python3.13/site-packages/fastapi/routing.py", line 134, in app
2026-09-21T00:26:42.545487943Z     await wrap_app_handling_exceptions(app, request)(scope, receive, send)
2026-09-21T00:26:42.545493484Z   File "/usr/local/lib/python3.13/site-packages/starlette/_exception_handler.py", line 53, in wrapped_app
2026-09-21T00:26:42.545498975Z     raise exc
2026-09-21T00:26:42.545504486Z   File "/usr/local/lib/python3.13/site-packages/starlette/_exception_handler.py", line 42, in wrapped_app
2026-09-21T00:26:42.545509956Z     await app(scope, receive, sender)
2026-09-21T00:26:42.545515798Z   File "/usr/local/lib/python3.13/site-packages/fastapi/routing.py", line 120, in app
2026-09-21T00:26:42.545521950Z     response = await f(request)
2026-09-21T00:26:42.545541639Z                ^^^^^^^^^^^^^^^^
2026-09-21T00:26:42.545547340Z   File "/usr/local/lib/python3.13/site-packages/fastapi/routing.py", line 674, in app
2026-09-21T00:26:42.545552891Z     raw_response = await run_endpoint_function(
2026-09-21T00:26:42.545558392Z                    ^^^^^^^^^^^^^^^^^^^^^^^^^^^^
2026-09-21T00:26:42.545564484Z     ...<3 lines>...
2026-09-21T00:26:42.545570034Z     )
2026-09-21T00:26:42.545577409Z     ^
2026-09-21T00:26:42.545584783Z   File "/usr/local/lib/python3.13/site-packages/fastapi/routing.py", line 330, in run_endpoint_function
2026-09-21T00:26:42.545589503Z     return await run_in_threadpool(dependant.call, **values)
2026-09-21T00:26:42.545593841Z            ^^^^^^^^^^^^^^^^^^^^^^^^^^^^^^^^^^^^^^^^^^^^^^^^^
2026-09-21T00:26:42.545659631Z   File "/usr/local/lib/python3.13/site-packages/starlette/concurrency.py", line 32, in run_in_threadpool
2026-09-21T00:26:42.545669921Z     return await anyio.to_thread.run_sync(func)
2026-09-21T00:26:42.545674400Z            ^^^^^^^^^^^^^^^^^^^^^^^^^^^^^^^^^^^^
2026-09-21T00:26:42.545678878Z   File "/usr/local/lib/python3.13/site-packages/anyio/to_thread.py", line 63, in run_sync
2026-09-21T00:26:42.545683177Z     return await get_async_backend().run_sync_in_worker_thread(
2026-09-21T00:26:42.545687465Z            ^^^^^^^^^^^^^^^^^^^^^^^^^^^^^^^^^^^^^^^^^^^^^^^^^^^^
2026-09-21T00:26:42.545691794Z         func, args, abandon_on_cancel=abandon_on_cancel, limiter=limiter
2026-09-21T00:26:42.545696102Z         ^^^^^^^^^^^^^^^^^^^^^^^^^^^^^^^^^^^^^^^^^^^^^^^^^^^^^^^^^^^^^^^^
2026-09-21T00:26:42.545700441Z     )
2026-09-21T00:26:42.545708537Z     ^
2026-09-21T00:26:42.545712985Z   File "/usr/local/lib/python3.13/site-packages/anyio/_backends/_asyncio.py", line 2518, in run_sync_in_worker_thread
2026-09-21T00:26:42.545717384Z     return await future
2026-09-21T00:26:42.545721703Z            ^^^^^^^^^^^^
2026-09-21T00:26:42.545725991Z   File "/usr/local/lib/python3.13/site-packages/anyio/_backends/_asyncio.py", line 1002, in run
2026-09-21T00:26:42.545730249Z     result = context.run(func, *args)
2026-09-21T00:26:42.545734528Z   File "/app/app/routers/orders.py", line 36, in checkout
2026-09-21T00:26:42.545738826Z     return create_order(
2026-09-21T00:26:42.545743225Z         db=db,
2026-09-21T00:26:42.545747864Z     ...<2 lines>...
2026-09-21T00:26:42.545752313Z         correlation_id=correlation_id,
2026-09-21T00:26:42.545756621Z     )
2026-09-21T00:26:42.545761040Z   File "/app/app/services/order_service.py", line 42, in create_order
2026-09-21T00:26:42.545765409Z     result = db.execute(
2026-09-21T00:26:42.545769737Z         select(ProductModel).where(ProductModel.id == product_id)
2026-09-21T00:26:42.545774025Z     )
2026-09-21T00:26:42.545778354Z   File "/usr/local/lib/python3.13/site-packages/sqlalchemy/orm/session.py", line 2372, in execute
2026-09-21T00:26:42.545782672Z     return self._execute_internal(
2026-09-21T00:26:42.545787251Z            ~~~~~~~~~~~~~~~~~~~~~~^
2026-09-21T00:26:42.545791580Z         statement,
2026-09-21T00:26:42.545795908Z         ^^^^^^^^^^
2026-09-21T00:26:42.545800197Z     ...<4 lines>...
2026-09-21T00:26:42.545804455Z         _add_event=_add_event,
2026-09-21T00:26:42.545808714Z         ^^^^^^^^^^^^^^^^^^^^^^
2026-09-21T00:26:42.545812952Z     )
2026-09-21T00:26:42.545817230Z     ^
2026-09-21T00:26:42.545821569Z   File "/usr/local/lib/python3.13/site-packages/sqlalchemy/orm/session.py", line 2260, in _execute_internal
2026-09-21T00:26:42.545825857Z     conn = self._connection_for_bind(bind)
2026-09-21T00:26:42.545830276Z   File "/usr/local/lib/python3.13/site-packages/sqlalchemy/orm/session.py", line 2112, in _connection_for_bind
2026-09-21T00:26:42.545853151Z     return trans._connection_for_bind(engine, execution_options)
2026-09-21T00:26:42.545857650Z            ~~~~~~~~~~~~~~~~~~~~~~~~~~^^^^^^^^^^^^^^^^^^^^^^^^^^^
2026-09-21T00:26:42.545861928Z   File "<string>", line 2, in _connection_for_bind
2026-09-21T00:26:42.545866217Z   File "/usr/local/lib/python3.13/site-packages/sqlalchemy/orm/state_changes.py", line 137, in _go
2026-09-21T00:26:42.545870485Z     ret_value = fn(self, *arg, **kw)
2026-09-21T00:26:42.545874804Z   File "/usr/local/lib/python3.13/site-packages/sqlalchemy/orm/session.py", line 1191, in _connection_for_bind
2026-09-21T00:26:42.545879072Z     conn = bind.connect()
2026-09-21T00:26:42.545883921Z   File "/usr/local/lib/python3.13/site-packages/opentelemetry/instrumentation/sqlalchemy/engine.py", line 200, in _wrap_connect_internal
2026-09-21T00:26:42.545888230Z     return func(*args, **kwargs)
2026-09-21T00:26:42.545892528Z   File "/usr/local/lib/python3.13/site-packages/sqlalchemy/engine/base.py", line 3295, in connect
2026-09-21T00:26:42.545896807Z     return self._connection_cls(self)
2026-09-21T00:26:42.545901065Z            ~~~~~~~~~~~~~~~~~~~~^^^^^^
2026-09-21T00:26:42.545905354Z   File "/usr/local/lib/python3.13/site-packages/sqlalchemy/engine/base.py", line 144, in __init__
2026-09-21T00:26:42.545909672Z     self._dbapi_connection = engine.raw_connection()
2026-09-21T00:26:42.545913940Z                              ~~~~~~~~~~~~~~~~~~~~~^^
2026-09-21T00:26:42.545918249Z   File "/usr/local/lib/python3.13/site-packages/sqlalchemy/engine/base.py", line 3319, in raw_connection
2026-09-21T00:26:42.545922688Z     return self.pool.connect()
2026-09-21T00:26:42.545926976Z            ~~~~~~~~~~~~~~~~~^^
2026-09-21T00:26:42.545931275Z   File "/usr/local/lib/python3.13/site-packages/sqlalchemy/pool/base.py", line 448, in connect
2026-09-21T00:26:42.545935543Z     return _ConnectionFairy._checkout(self)
2026-09-21T00:26:42.545939791Z            ~~~~~~~~~~~~~~~~~~~~~~~~~~^^^^^^
2026-09-21T00:26:42.545944170Z   File "/usr/local/lib/python3.13/site-packages/sqlalchemy/pool/base.py", line 1272, in _checkout
2026-09-21T00:26:42.545948458Z     fairy = _ConnectionRecord.checkout(pool)
2026-09-21T00:26:42.545952747Z   File "/usr/local/lib/python3.13/site-packages/sqlalchemy/pool/base.py", line 712, in checkout
2026-09-21T00:26:42.545957055Z     rec = pool._do_get()
2026-09-21T00:26:42.545961344Z   File "/usr/local/lib/python3.13/site-packages/sqlalchemy/pool/impl.py", line 167, in _do_get
2026-09-21T00:26:42.545965612Z     raise exc.TimeoutError(
2026-09-21T00:26:42.545969890Z     ...<4 lines>...
2026-09-21T00:26:42.545974199Z     )
2026-09-21T00:26:42.545979219Z sqlalchemy.exc.TimeoutError: QueuePool limit of size 5 overflow 10 reached, connection timed out, timeout 30.00 (Background on this error at: https://sqlalche.me/e/20/3o7r)
2026-09-21T00:26:42.552099198Z ERROR:    Exception in ASGI application
2026-09-21T00:26:42.552128907Z Traceback (most recent call last):
2026-09-21T00:26:42.552131712Z   File "/usr/local/lib/python3.13/site-packages/uvicorn/protocols/http/httptools_impl.py", line 421, in run_asgi
2026-09-21T00:26:42.552134227Z     result = await app(  # type: ignore[func-returns-value]
2026-09-21T00:26:42.552136421Z              ^^^^^^^^^^^^^^^^^^^^^^^^^^^^^^^^^^^^^^^^^^^^^^
2026-09-21T00:26:42.552138365Z         self.scope, self.receive, self.send
2026-09-21T00:26:42.552140469Z         ^^^^^^^^^^^^^^^^^^^^^^^^^^^^^^^^^^^
2026-09-21T00:26:42.552142383Z     )
2026-09-21T00:26:42.552144317Z     ^
2026-09-21T00:26:42.552146211Z   File "/usr/local/lib/python3.13/site-packages/uvicorn/middleware/proxy_headers.py", line 63, in __call__
2026-09-21T00:26:42.552167182Z     return await self.app(scope, receive, send)
2026-09-21T00:26:42.552169186Z            ^^^^^^^^^^^^^^^^^^^^^^^^^^^^^^^^^^^^
2026-09-21T00:26:42.552171631Z   File "/usr/local/lib/python3.13/site-packages/fastapi/applications.py", line 1159, in __call__
2026-09-21T00:26:42.552205918Z     await super().__call__(scope, receive, send)
2026-09-21T00:26:42.552229905Z   File "/usr/local/lib/python3.13/site-packages/starlette/applications.py", line 107, in __call__
2026-09-21T00:26:42.552233683Z     await self.middleware_stack(scope, receive, send)
2026-09-21T00:26:42.552239203Z   File "/usr/local/lib/python3.13/site-packages/starlette/middleware/errors.py", line 186, in __call__
2026-09-21T00:26:42.552241187Z     raise exc
2026-09-21T00:26:42.552243171Z   File "/usr/local/lib/python3.13/site-packages/starlette/middleware/errors.py", line 164, in __call__
2026-09-21T00:26:42.552245125Z     await self.app(scope, receive, _send)
2026-09-21T00:26:42.552247620Z   File "/usr/local/lib/python3.13/site-packages/opentelemetry/instrumentation/asgi/__init__.py", line 806, in __call__
2026-09-21T00:26:42.552249644Z     await self.app(scope, otel_receive, otel_send)
2026-09-21T00:26:42.552251578Z   File "/usr/local/lib/python3.13/site-packages/starlette/middleware/errors.py", line 186, in __call__
2026-09-21T00:26:42.552253502Z     raise exc
2026-09-21T00:26:42.552255405Z   File "/usr/local/lib/python3.13/site-packages/starlette/middleware/errors.py", line 164, in __call__
2026-09-21T00:26:42.552257319Z     await self.app(scope, receive, _send)
2026-09-21T00:26:42.552259213Z   File "/usr/local/lib/python3.13/site-packages/opentelemetry/instrumentation/fastapi/__init__.py", line 305, in __call__
2026-09-21T00:26:42.552261116Z     await self.app(scope, receive, send)
2026-09-21T00:26:42.552263010Z   File "/usr/local/lib/python3.13/site-packages/prometheus_fastapi_instrumentator/middleware.py", line 177, in __call__
2026-09-21T00:26:42.552264924Z     raise exc
2026-09-21T00:26:42.552266928Z   File "/usr/local/lib/python3.13/site-packages/prometheus_fastapi_instrumentator/middleware.py", line 175, in __call__
2026-09-21T00:26:42.552268832Z     await self.app(scope, receive, send_wrapper)
2026-09-21T00:26:42.552270725Z   File "/usr/local/lib/python3.13/site-packages/starlette/middleware/exceptions.py", line 63, in __call__
2026-09-21T00:26:42.552273371Z     await wrap_app_handling_exceptions(self.app, conn)(scope, receive, send)
2026-09-21T00:26:42.552275354Z   File "/usr/local/lib/python3.13/site-packages/starlette/_exception_handler.py", line 53, in wrapped_app
2026-09-21T00:26:42.552277248Z     raise exc
2026-09-21T00:26:42.552279152Z   File "/usr/local/lib/python3.13/site-packages/starlette/_exception_handler.py", line 42, in wrapped_app
2026-09-21T00:26:42.552281036Z     await app(scope, receive, sender)
2026-09-21T00:26:42.552282949Z   File "/usr/local/lib/python3.13/site-packages/fastapi/middleware/asyncexitstack.py", line 18, in __call__
2026-09-21T00:26:42.552284833Z     await self.app(scope, receive, send)
2026-09-21T00:26:42.552286727Z   File "/usr/local/lib/python3.13/site-packages/starlette/routing.py", line 716, in __call__
2026-09-21T00:26:42.552288621Z     await self.middleware_stack(scope, receive, send)
2026-09-21T00:26:42.552290524Z   File "/usr/local/lib/python3.13/site-packages/starlette/routing.py", line 736, in app
2026-09-21T00:26:42.552292418Z     await route.handle(scope, receive, send)
2026-09-21T00:26:42.552294312Z   File "/usr/local/lib/python3.13/site-packages/starlette/routing.py", line 290, in handle
2026-09-21T00:26:42.552296195Z     await self.app(scope, receive, send)
2026-09-21T00:26:42.552298119Z   File "/usr/local/lib/python3.13/site-packages/fastapi/routing.py", line 134, in app
2026-09-21T00:26:42.552307878Z     await wrap_app_handling_exceptions(app, request)(scope, receive, send)
2026-09-21T00:26:42.552309832Z   File "/usr/local/lib/python3.13/site-packages/starlette/_exception_handler.py", line 53, in wrapped_app
2026-09-21T00:26:42.552311956Z     raise exc
2026-09-21T00:26:42.552313880Z   File "/usr/local/lib/python3.13/site-packages/starlette/_exception_handler.py", line 42, in wrapped_app
2026-09-21T00:26:42.552315774Z     await app(scope, receive, sender)
2026-09-21T00:26:42.552317678Z   File "/usr/local/lib/python3.13/site-packages/fastapi/routing.py", line 120, in app
2026-09-21T00:26:42.552320102Z     response = await f(request)
2026-09-21T00:26:42.552322036Z                ^^^^^^^^^^^^^^^^
2026-09-21T00:26:42.552323920Z   File "/usr/local/lib/python3.13/site-packages/fastapi/routing.py", line 674, in app
2026-09-21T00:26:42.552325854Z     raw_response = await run_endpoint_function(
2026-09-21T00:26:42.552328068Z                    ^^^^^^^^^^^^^^^^^^^^^^^^^^^^
2026-09-21T00:26:42.552330523Z     ...<3 lines>...
2026-09-21T00:26:42.552334481Z     )
2026-09-21T00:26:42.552336455Z     ^
2026-09-21T00:26:42.552338418Z   File "/usr/local/lib/python3.13/site-packages/fastapi/routing.py", line 330, in run_endpoint_function
2026-09-21T00:26:42.552340412Z     return await run_in_threadpool(dependant.call, **values)
2026-09-21T00:26:42.552342386Z            ^^^^^^^^^^^^^^^^^^^^^^^^^^^^^^^^^^^^^^^^^^^^^^^^^
2026-09-21T00:26:42.552376483Z   File "/usr/local/lib/python3.13/site-packages/starlette/concurrency.py", line 32, in run_in_threadpool
2026-09-21T00:26:42.552381132Z     return await anyio.to_thread.run_sync(func)
2026-09-21T00:26:42.552383267Z            ^^^^^^^^^^^^^^^^^^^^^^^^^^^^^^^^^^^^
2026-09-21T00:26:42.552385281Z   File "/usr/local/lib/python3.13/site-packages/anyio/to_thread.py", line 63, in run_sync
2026-09-21T00:26:42.552387184Z     return await get_async_backend().run_sync_in_worker_thread(
2026-09-21T00:26:42.552389198Z            ^^^^^^^^^^^^^^^^^^^^^^^^^^^^^^^^^^^^^^^^^^^^^^^^^^^^
2026-09-21T00:26:42.552391092Z         func, args, abandon_on_cancel=abandon_on_cancel, limiter=limiter
2026-09-21T00:26:42.552392976Z         ^^^^^^^^^^^^^^^^^^^^^^^^^^^^^^^^^^^^^^^^^^^^^^^^^^^^^^^^^^^^^^^^
2026-09-21T00:26:42.552394899Z     )
2026-09-21T00:26:42.552396833Z     ^
2026-09-21T00:26:42.552398737Z   File "/usr/local/lib/python3.13/site-packages/anyio/_backends/_asyncio.py", line 2518, in run_sync_in_worker_thread
2026-09-21T00:26:42.552400651Z     return await future
2026-09-21T00:26:42.552402575Z            ^^^^^^^^^^^^
2026-09-21T00:26:42.552404488Z   File "/usr/local/lib/python3.13/site-packages/anyio/_backends/_asyncio.py", line 1002, in run
2026-09-21T00:26:42.552406402Z     result = context.run(func, *args)
2026-09-21T00:26:42.552408356Z   File "/app/app/routers/orders.py", line 36, in checkout
2026-09-21T00:26:42.552410260Z     return create_order(
2026-09-21T00:26:42.552412204Z         db=db,
2026-09-21T00:26:42.552414137Z     ...<2 lines>...
2026-09-21T00:26:42.552416051Z         correlation_id=correlation_id,
2026-09-21T00:26:42.552417965Z     )
2026-09-21T00:26:42.552419939Z   File "/app/app/services/order_service.py", line 42, in create_order
2026-09-21T00:26:42.552421852Z     result = db.execute(
2026-09-21T00:26:42.552423776Z         select(ProductModel).where(ProductModel.id == product_id)
2026-09-21T00:26:42.552425680Z     )
2026-09-21T00:26:42.552427644Z   File "/usr/local/lib/python3.13/site-packages/sqlalchemy/orm/session.py", line 2372, in execute
2026-09-21T00:26:42.552429538Z     return self._execute_internal(
2026-09-21T00:26:42.552439056Z            ~~~~~~~~~~~~~~~~~~~~~~^
2026-09-21T00:26:42.552441060Z         statement,
2026-09-21T00:26:42.552443014Z         ^^^^^^^^^^
2026-09-21T00:26:42.552444908Z     ...<4 lines>...
2026-09-21T00:26:42.552446791Z         _add_event=_add_event,
2026-09-21T00:26:42.552448665Z         ^^^^^^^^^^^^^^^^^^^^^^
2026-09-21T00:26:42.552450539Z     )
2026-09-21T00:26:42.552452433Z     ^
2026-09-21T00:26:42.552454346Z   File "/usr/local/lib/python3.13/site-packages/sqlalchemy/orm/session.py", line 2260, in _execute_internal
2026-09-21T00:26:42.552456260Z     conn = self._connection_for_bind(bind)
2026-09-21T00:26:42.552458184Z   File "/usr/local/lib/python3.13/site-packages/sqlalchemy/orm/session.py", line 2112, in _connection_for_bind
2026-09-21T00:26:42.552460098Z     return trans._connection_for_bind(engine, execution_options)
2026-09-21T00:26:42.552461991Z            ~~~~~~~~~~~~~~~~~~~~~~~~~~^^^^^^^^^^^^^^^^^^^^^^^^^^^
2026-09-21T00:26:42.552463875Z   File "<string>", line 2, in _connection_for_bind
2026-09-21T00:26:42.552465749Z   File "/usr/local/lib/python3.13/site-packages/sqlalchemy/orm/state_changes.py", line 137, in _go
2026-09-21T00:26:42.552467713Z     ret_value = fn(self, *arg, **kw)
2026-09-21T00:26:42.552469646Z   File "/usr/local/lib/python3.13/site-packages/sqlalchemy/orm/session.py", line 1191, in _connection_for_bind
2026-09-21T00:26:42.552471540Z     conn = bind.connect()
2026-09-21T00:26:42.552474336Z   File "/usr/local/lib/python3.13/site-packages/opentelemetry/instrumentation/sqlalchemy/engine.py", line 200, in _wrap_connect_internal
2026-09-21T00:26:42.552476269Z     return func(*args, **kwargs)
2026-09-21T00:26:42.552478163Z   File "/usr/local/lib/python3.13/site-packages/sqlalchemy/engine/base.py", line 3295, in connect
2026-09-21T00:26:42.552480047Z     return self._connection_cls(self)
2026-09-21T00:26:42.552481931Z            ~~~~~~~~~~~~~~~~~~~~^^^^^^
2026-09-21T00:26:42.552483814Z   File "/usr/local/lib/python3.13/site-packages/sqlalchemy/engine/base.py", line 144, in __init__
2026-09-21T00:26:42.552485698Z     self._dbapi_connection = engine.raw_connection()
2026-09-21T00:26:42.552487622Z                              ~~~~~~~~~~~~~~~~~~~~~^^
2026-09-21T00:26:42.552489515Z   File "/usr/local/lib/python3.13/site-packages/sqlalchemy/engine/base.py", line 3319, in raw_connection
2026-09-21T00:26:42.552491439Z     return self.pool.connect()
2026-09-21T00:26:42.552493343Z            ~~~~~~~~~~~~~~~~~^^
2026-09-21T00:26:42.552495267Z   File "/usr/local/lib/python3.13/site-packages/sqlalchemy/pool/base.py", line 448, in connect
2026-09-21T00:26:42.552497161Z     return _ConnectionFairy._checkout(self)
2026-09-21T00:26:42.552499064Z            ~~~~~~~~~~~~~~~~~~~~~~~~~~^^^^^^
2026-09-21T00:26:42.552500948Z   File "/usr/local/lib/python3.13/site-packages/sqlalchemy/pool/base.py", line 1272, in _checkout
2026-09-21T00:26:42.552502822Z     fairy = _ConnectionRecord.checkout(pool)
2026-09-21T00:26:42.552504735Z   File "/usr/local/lib/python3.13/site-packages/sqlalchemy/pool/base.py", line 712, in checkout
2026-09-21T00:26:42.552506629Z     rec = pool._do_get()
2026-09-21T00:26:42.552508523Z   File "/usr/local/lib/python3.13/site-packages/sqlalchemy/pool/impl.py", line 167, in _do_get
2026-09-21T00:26:42.552510417Z     raise exc.TimeoutError(
2026-09-21T00:26:42.552512310Z     ...<4 lines>...
2026-09-21T00:26:42.552514204Z     )
2026-09-21T00:26:42.552516649Z sqlalchemy.exc.TimeoutError: QueuePool limit of size 5 overflow 10 reached, connection timed out, timeout 30.00 (Background on this error at: https://sqlalche.me/e/20/3o7r)
2026-09-21T00:26:42.589481054Z ERROR:    Exception in ASGI application
2026-09-21T00:26:42.589522536Z Traceback (most recent call last):
2026-09-21T00:26:42.589577424Z   File "/usr/local/lib/python3.13/site-packages/uvicorn/protocols/http/httptools_impl.py", line 421, in run_asgi
2026-09-21T00:26:42.589582213Z     result = await app(  # type: ignore[func-returns-value]
2026-09-21T00:26:42.589586141Z              ^^^^^^^^^^^^^^^^^^^^^^^^^^^^^^^^^^^^^^^^^^^^^^
2026-09-21T00:26:42.589590028Z         self.scope, self.receive, self.send
2026-09-21T00:26:42.589593896Z         ^^^^^^^^^^^^^^^^^^^^^^^^^^^^^^^^^^^
2026-09-21T00:26:42.589597794Z     )
2026-09-21T00:26:42.589601932Z     ^
2026-09-21T00:26:42.589606020Z   File "/usr/local/lib/python3.13/site-packages/uvicorn/middleware/proxy_headers.py", line 63, in __call__
2026-09-21T00:26:42.589610569Z     return await self.app(scope, receive, send)
2026-09-21T00:26:42.589616080Z            ^^^^^^^^^^^^^^^^^^^^^^^^^^^^^^^^^^^^
2026-09-21T00:26:42.589621580Z   File "/usr/local/lib/python3.13/site-packages/fastapi/applications.py", line 1159, in __call__
2026-09-21T00:26:42.589627051Z     await super().__call__(scope, receive, send)
2026-09-21T00:26:42.589632582Z   File "/usr/local/lib/python3.13/site-packages/starlette/applications.py", line 107, in __call__
2026-09-21T00:26:42.589638143Z     await self.middleware_stack(scope, receive, send)
2026-09-21T00:26:42.589643814Z   File "/usr/local/lib/python3.13/site-packages/starlette/middleware/errors.py", line 186, in __call__
2026-09-21T00:26:42.589649435Z     raise exc
2026-09-21T00:26:42.589655006Z   File "/usr/local/lib/python3.13/site-packages/starlette/middleware/errors.py", line 164, in __call__
2026-09-21T00:26:42.589660577Z     await self.app(scope, receive, _send)
2026-09-21T00:26:42.589666879Z   File "/usr/local/lib/python3.13/site-packages/opentelemetry/instrumentation/asgi/__init__.py", line 806, in __call__
2026-09-21T00:26:42.589672420Z     await self.app(scope, otel_receive, otel_send)
2026-09-21T00:26:42.589677981Z   File "/usr/local/lib/python3.13/site-packages/starlette/middleware/errors.py", line 186, in __call__
2026-09-21T00:26:42.589683452Z     raise exc
2026-09-21T00:26:42.589689043Z   File "/usr/local/lib/python3.13/site-packages/starlette/middleware/errors.py", line 164, in __call__
2026-09-21T00:26:42.589694915Z     await self.app(scope, receive, _send)
2026-09-21T00:26:42.589700566Z   File "/usr/local/lib/python3.13/site-packages/opentelemetry/instrumentation/fastapi/__init__.py", line 305, in __call__
2026-09-21T00:26:42.589706137Z     await self.app(scope, receive, send)
2026-09-21T00:26:42.589716016Z   File "/usr/local/lib/python3.13/site-packages/prometheus_fastapi_instrumentator/middleware.py", line 177, in __call__
2026-09-21T00:26:42.589721687Z     raise exc
2026-09-21T00:26:42.589727278Z   File "/usr/local/lib/python3.13/site-packages/prometheus_fastapi_instrumentator/middleware.py", line 175, in __call__
2026-09-21T00:26:42.589732799Z     await self.app(scope, receive, send_wrapper)
2026-09-21T00:26:42.589738350Z   File "/usr/local/lib/python3.13/site-packages/starlette/middleware/exceptions.py", line 63, in __call__
2026-09-21T00:26:42.589744773Z     await wrap_app_handling_exceptions(self.app, conn)(scope, receive, send)
2026-09-21T00:26:42.589750303Z   File "/usr/local/lib/python3.13/site-packages/starlette/_exception_handler.py", line 53, in wrapped_app
2026-09-21T00:26:42.589755824Z     raise exc
2026-09-21T00:26:42.589761566Z   File "/usr/local/lib/python3.13/site-packages/starlette/_exception_handler.py", line 42, in wrapped_app
2026-09-21T00:26:42.589767127Z     await app(scope, receive, sender)
2026-09-21T00:26:42.589772647Z   File "/usr/local/lib/python3.13/site-packages/fastapi/middleware/asyncexitstack.py", line 18, in __call__
2026-09-21T00:26:42.589778128Z     await self.app(scope, receive, send)
2026-09-21T00:26:42.589801725Z   File "/usr/local/lib/python3.13/site-packages/starlette/routing.py", line 716, in __call__
2026-09-21T00:26:42.589807476Z     await self.middleware_stack(scope, receive, send)
2026-09-21T00:26:42.589813047Z   File "/usr/local/lib/python3.13/site-packages/starlette/routing.py", line 736, in app
2026-09-21T00:26:42.589818578Z     await route.handle(scope, receive, send)
2026-09-21T00:26:42.589824159Z   File "/usr/local/lib/python3.13/site-packages/starlette/routing.py", line 290, in handle
2026-09-21T00:26:42.589829690Z     await self.app(scope, receive, send)
2026-09-21T00:26:42.589835230Z   File "/usr/local/lib/python3.13/site-packages/fastapi/routing.py", line 134, in app
2026-09-21T00:26:42.589840801Z     await wrap_app_handling_exceptions(app, request)(scope, receive, send)
2026-09-21T00:26:42.589846442Z   File "/usr/local/lib/python3.13/site-packages/starlette/_exception_handler.py", line 53, in wrapped_app
2026-09-21T00:26:42.589851993Z     raise exc
2026-09-21T00:26:42.589857544Z   File "/usr/local/lib/python3.13/site-packages/starlette/_exception_handler.py", line 42, in wrapped_app
2026-09-21T00:26:42.589863075Z     await app(scope, receive, sender)
2026-09-21T00:26:42.589868576Z   File "/usr/local/lib/python3.13/site-packages/fastapi/routing.py", line 120, in app
2026-09-21T00:26:42.589874848Z     response = await f(request)
2026-09-21T00:26:42.589880419Z                ^^^^^^^^^^^^^^^^
2026-09-21T00:26:42.589885950Z   File "/usr/local/lib/python3.13/site-packages/fastapi/routing.py", line 674, in app
2026-09-21T00:26:42.589891561Z     raw_response = await run_endpoint_function(
2026-09-21T00:26:42.589897112Z                    ^^^^^^^^^^^^^^^^^^^^^^^^^^^^
2026-09-21T00:26:42.589903384Z     ...<3 lines>...
2026-09-21T00:26:42.589908915Z     )
2026-09-21T00:26:42.589914496Z     ^
2026-09-21T00:26:42.589920007Z   File "/usr/local/lib/python3.13/site-packages/fastapi/routing.py", line 330, in run_endpoint_function
2026-09-21T00:26:42.589925538Z     return await run_in_threadpool(dependant.call, **values)
2026-09-21T00:26:42.589931109Z            ^^^^^^^^^^^^^^^^^^^^^^^^^^^^^^^^^^^^^^^^^^^^^^^^^
2026-09-21T00:26:42.590023040Z   File "/usr/local/lib/python3.13/site-packages/starlette/concurrency.py", line 32, in run_in_threadpool
2026-09-21T00:26:42.590036626Z     return await anyio.to_thread.run_sync(func)
2026-09-21T00:26:42.590042498Z            ^^^^^^^^^^^^^^^^^^^^^^^^^^^^^^^^^^^^
2026-09-21T00:26:42.590052447Z   File "/usr/local/lib/python3.13/site-packages/anyio/to_thread.py", line 63, in run_sync
2026-09-21T00:26:42.590058289Z     return await get_async_backend().run_sync_in_worker_thread(
2026-09-21T00:26:42.590063980Z            ^^^^^^^^^^^^^^^^^^^^^^^^^^^^^^^^^^^^^^^^^^^^^^^^^^^^
2026-09-21T00:26:42.590069671Z         func, args, abandon_on_cancel=abandon_on_cancel, limiter=limiter
2026-09-21T00:26:42.590075453Z         ^^^^^^^^^^^^^^^^^^^^^^^^^^^^^^^^^^^^^^^^^^^^^^^^^^^^^^^^^^^^^^^^
2026-09-21T00:26:42.590081034Z     )
2026-09-21T00:26:42.590086615Z     ^
2026-09-21T00:26:42.590092236Z   File "/usr/local/lib/python3.13/site-packages/anyio/_backends/_asyncio.py", line 2518, in run_sync_in_worker_thread
2026-09-21T00:26:42.590097847Z     return await future
2026-09-21T00:26:42.590103338Z            ^^^^^^^^^^^^
2026-09-21T00:26:42.590108858Z   File "/usr/local/lib/python3.13/site-packages/anyio/_backends/_asyncio.py", line 1002, in run
2026-09-21T00:26:42.590114359Z     result = context.run(func, *args)
2026-09-21T00:26:42.590120060Z   File "/app/app/routers/orders.py", line 36, in checkout
2026-09-21T00:26:42.590125812Z     return create_order(
2026-09-21T00:26:42.590154578Z         db=db,
2026-09-21T00:26:42.590160450Z     ...<2 lines>...
2026-09-21T00:26:42.590166061Z         correlation_id=correlation_id,
2026-09-21T00:26:42.590171672Z     )
2026-09-21T00:26:42.590177373Z   File "/app/app/services/order_service.py", line 42, in create_order
2026-09-21T00:26:42.590182924Z     result = db.execute(
2026-09-21T00:26:42.590188505Z         select(ProductModel).where(ProductModel.id == product_id)
2026-09-21T00:26:42.590194036Z     )
2026-09-21T00:26:42.590199617Z   File "/usr/local/lib/python3.13/site-packages/sqlalchemy/orm/session.py", line 2372, in execute
2026-09-21T00:26:42.590205158Z     return self._execute_internal(
2026-09-21T00:26:42.590210658Z            ~~~~~~~~~~~~~~~~~~~~~~^
2026-09-21T00:26:42.590216189Z         statement,
2026-09-21T00:26:42.590221760Z         ^^^^^^^^^^
2026-09-21T00:26:42.590227301Z     ...<4 lines>...
2026-09-21T00:26:42.590232902Z         _add_event=_add_event,
2026-09-21T00:26:42.590238373Z         ^^^^^^^^^^^^^^^^^^^^^^
2026-09-21T00:26:42.590243824Z     )
2026-09-21T00:26:42.590249284Z     ^
2026-09-21T00:26:42.590254905Z   File "/usr/local/lib/python3.13/site-packages/sqlalchemy/orm/session.py", line 2260, in _execute_internal
2026-09-21T00:26:42.590260517Z     conn = self._connection_for_bind(bind)
2026-09-21T00:26:42.590266067Z   File "/usr/local/lib/python3.13/site-packages/sqlalchemy/orm/session.py", line 2112, in _connection_for_bind
2026-09-21T00:26:42.590271578Z     return trans._connection_for_bind(engine, execution_options)
2026-09-21T00:26:42.590277199Z            ~~~~~~~~~~~~~~~~~~~~~~~~~~^^^^^^^^^^^^^^^^^^^^^^^^^^^
2026-09-21T00:26:42.590282700Z   File "<string>", line 2, in _connection_for_bind
2026-09-21T00:26:42.590288261Z   File "/usr/local/lib/python3.13/site-packages/sqlalchemy/orm/state_changes.py", line 137, in _go
2026-09-21T00:26:42.590293812Z     ret_value = fn(self, *arg, **kw)
2026-09-21T00:26:42.590299333Z   File "/usr/local/lib/python3.13/site-packages/sqlalchemy/orm/session.py", line 1191, in _connection_for_bind
2026-09-21T00:26:42.590304824Z     conn = bind.connect()
2026-09-21T00:26:42.590310946Z   File "/usr/local/lib/python3.13/site-packages/opentelemetry/instrumentation/sqlalchemy/engine.py", line 200, in _wrap_connect_internal
2026-09-21T00:26:42.590316497Z     return func(*args, **kwargs)
2026-09-21T00:26:42.590322288Z   File "/usr/local/lib/python3.13/site-packages/sqlalchemy/engine/base.py", line 3295, in connect
2026-09-21T00:26:42.590327829Z     return self._connection_cls(self)
2026-09-21T00:26:42.590333350Z            ~~~~~~~~~~~~~~~~~~~~^^^^^^
2026-09-21T00:26:42.590338911Z   File "/usr/local/lib/python3.13/site-packages/sqlalchemy/engine/base.py", line 144, in __init__
2026-09-21T00:26:42.590344411Z     self._dbapi_connection = engine.raw_connection()
2026-09-21T00:26:42.590352948Z                              ~~~~~~~~~~~~~~~~~~~~~^^
2026-09-21T00:26:42.590358569Z   File "/usr/local/lib/python3.13/site-packages/sqlalchemy/engine/base.py", line 3319, in raw_connection
2026-09-21T00:26:42.590364110Z     return self.pool.connect()
2026-09-21T00:26:42.590369731Z            ~~~~~~~~~~~~~~~~~^^
2026-09-21T00:26:42.590375292Z   File "/usr/local/lib/python3.13/site-packages/sqlalchemy/pool/base.py", line 448, in connect
2026-09-21T00:26:42.590380853Z     return _ConnectionFairy._checkout(self)
2026-09-21T00:26:42.590386444Z            ~~~~~~~~~~~~~~~~~~~~~~~~~~^^^^^^
2026-09-21T00:26:42.590391985Z   File "/usr/local/lib/python3.13/site-packages/sqlalchemy/pool/base.py", line 1272, in _checkout
2026-09-21T00:26:42.590397546Z     fairy = _ConnectionRecord.checkout(pool)
2026-09-21T00:26:42.590403097Z   File "/usr/local/lib/python3.13/site-packages/sqlalchemy/pool/base.py", line 712, in checkout
2026-09-21T00:26:42.590421453Z     rec = pool._do_get()
2026-09-21T00:26:42.590427204Z   File "/usr/local/lib/python3.13/site-packages/sqlalchemy/pool/impl.py", line 167, in _do_get
2026-09-21T00:26:42.590432755Z     raise exc.TimeoutError(
2026-09-21T00:26:42.590438266Z     ...<4 lines>...
2026-09-21T00:26:42.590443887Z     )
2026-09-21T00:26:42.590450490Z sqlalchemy.exc.TimeoutError: QueuePool limit of size 5 overflow 10 reached, connection timed out, timeout 30.00 (Background on this error at: https://sqlalche.me/e/20/3o7r)
2026-09-21T00:26:42.594178118Z ERROR:    Exception in ASGI application
2026-09-21T00:26:42.594206874Z Traceback (most recent call last):
2026-09-21T00:26:42.594211894Z   File "/usr/local/lib/python3.13/site-packages/uvicorn/protocols/http/httptools_impl.py", line 421, in run_asgi
2026-09-21T00:26:42.594216213Z     result = await app(  # type: ignore[func-returns-value]
2026-09-21T00:26:42.594220160Z              ^^^^^^^^^^^^^^^^^^^^^^^^^^^^^^^^^^^^^^^^^^^^^^
2026-09-21T00:26:42.594224068Z         self.scope, self.receive, self.send
2026-09-21T00:26:42.594227966Z         ^^^^^^^^^^^^^^^^^^^^^^^^^^^^^^^^^^^
2026-09-21T00:26:42.594231914Z     )
2026-09-21T00:26:42.594235911Z     ^
2026-09-21T00:26:42.594239909Z   File "/usr/local/lib/python3.13/site-packages/uvicorn/middleware/proxy_headers.py", line 63, in __call__
2026-09-21T00:26:42.594243947Z     return await self.app(scope, receive, send)
2026-09-21T00:26:42.594247835Z            ^^^^^^^^^^^^^^^^^^^^^^^^^^^^^^^^^^^^
2026-09-21T00:26:42.594252544Z   File "/usr/local/lib/python3.13/site-packages/fastapi/applications.py", line 1159, in __call__
2026-09-21T00:26:42.594256452Z     await super().__call__(scope, receive, send)
2026-09-21T00:26:42.594260360Z   File "/usr/local/lib/python3.13/site-packages/starlette/applications.py", line 107, in __call__
2026-09-21T00:26:42.594264277Z     await self.middleware_stack(scope, receive, send)
2026-09-21T00:26:42.594268225Z   File "/usr/local/lib/python3.13/site-packages/starlette/middleware/errors.py", line 186, in __call__
2026-09-21T00:26:42.594272193Z     raise exc
2026-09-21T00:26:42.594276191Z   File "/usr/local/lib/python3.13/site-packages/starlette/middleware/errors.py", line 164, in __call__
2026-09-21T00:26:42.594280118Z     await self.app(scope, receive, _send)
2026-09-21T00:26:42.594284737Z   File "/usr/local/lib/python3.13/site-packages/opentelemetry/instrumentation/asgi/__init__.py", line 806, in __call__
2026-09-21T00:26:42.594288635Z     await self.app(scope, otel_receive, otel_send)
2026-09-21T00:26:42.594292533Z   File "/usr/local/lib/python3.13/site-packages/starlette/middleware/errors.py", line 186, in __call__
2026-09-21T00:26:42.594296430Z     raise exc
2026-09-21T00:26:42.594300408Z   File "/usr/local/lib/python3.13/site-packages/starlette/middleware/errors.py", line 164, in __call__
2026-09-21T00:26:42.594304286Z     await self.app(scope, receive, _send)
2026-09-21T00:26:42.594308705Z   File "/usr/local/lib/python3.13/site-packages/opentelemetry/instrumentation/fastapi/__init__.py", line 305, in __call__
2026-09-21T00:26:42.594312672Z     await self.app(scope, receive, send)
2026-09-21T00:26:42.594316580Z   File "/usr/local/lib/python3.13/site-packages/prometheus_fastapi_instrumentator/middleware.py", line 177, in __call__
2026-09-21T00:26:42.594320538Z     raise exc
2026-09-21T00:26:42.594324405Z   File "/usr/local/lib/python3.13/site-packages/prometheus_fastapi_instrumentator/middleware.py", line 175, in __call__
2026-09-21T00:26:42.594328303Z     await self.app(scope, receive, send_wrapper)
2026-09-21T00:26:42.594332191Z   File "/usr/local/lib/python3.13/site-packages/starlette/middleware/exceptions.py", line 63, in __call__
2026-09-21T00:26:42.594353132Z     await wrap_app_handling_exceptions(self.app, conn)(scope, receive, send)
2026-09-21T00:26:42.594357290Z   File "/usr/local/lib/python3.13/site-packages/starlette/_exception_handler.py", line 53, in wrapped_app
2026-09-21T00:26:42.594361218Z     raise exc
2026-09-21T00:26:42.594370256Z   File "/usr/local/lib/python3.13/site-packages/starlette/_exception_handler.py", line 42, in wrapped_app
2026-09-21T00:26:42.594374654Z     await app(scope, receive, sender)
2026-09-21T00:26:42.594378632Z   File "/usr/local/lib/python3.13/site-packages/fastapi/middleware/asyncexitstack.py", line 18, in __call__
2026-09-21T00:26:42.594382550Z     await self.app(scope, receive, send)
2026-09-21T00:26:42.594386497Z   File "/usr/local/lib/python3.13/site-packages/starlette/routing.py", line 716, in __call__
2026-09-21T00:26:42.594390425Z     await self.middleware_stack(scope, receive, send)
2026-09-21T00:26:42.594394383Z   File "/usr/local/lib/python3.13/site-packages/starlette/routing.py", line 736, in app
2026-09-21T00:26:42.594398301Z     await route.handle(scope, receive, send)
2026-09-21T00:26:42.594402208Z   File "/usr/local/lib/python3.13/site-packages/starlette/routing.py", line 290, in handle
2026-09-21T00:26:42.594406086Z     await self.app(scope, receive, send)
2026-09-21T00:26:42.594409994Z   File "/usr/local/lib/python3.13/site-packages/fastapi/routing.py", line 134, in app
2026-09-21T00:26:42.594413891Z     await wrap_app_handling_exceptions(app, request)(scope, receive, send)
2026-09-21T00:26:42.594417809Z   File "/usr/local/lib/python3.13/site-packages/starlette/_exception_handler.py", line 53, in wrapped_app
2026-09-21T00:26:42.594421697Z     raise exc
2026-09-21T00:26:42.594425654Z   File "/usr/local/lib/python3.13/site-packages/starlette/_exception_handler.py", line 42, in wrapped_app
2026-09-21T00:26:42.594429552Z     await app(scope, receive, sender)
2026-09-21T00:26:42.594433440Z   File "/usr/local/lib/python3.13/site-packages/fastapi/routing.py", line 120, in app
2026-09-21T00:26:42.594438169Z     response = await f(request)
2026-09-21T00:26:42.594442107Z                ^^^^^^^^^^^^^^^^
2026-09-21T00:26:42.594446014Z   File "/usr/local/lib/python3.13/site-packages/fastapi/routing.py", line 674, in app
2026-09-21T00:26:42.594449912Z     raw_response = await run_endpoint_function(
2026-09-21T00:26:42.594453820Z                    ^^^^^^^^^^^^^^^^^^^^^^^^^^^^
2026-09-21T00:26:42.594458259Z     ...<3 lines>...
2026-09-21T00:26:42.594462477Z     )
2026-09-21T00:26:42.594466385Z     ^
2026-09-21T00:26:42.594470292Z   File "/usr/local/lib/python3.13/site-packages/fastapi/routing.py", line 330, in run_endpoint_function
2026-09-21T00:26:42.594474180Z     return await run_in_threadpool(dependant.call, **values)
2026-09-21T00:26:42.594478088Z            ^^^^^^^^^^^^^^^^^^^^^^^^^^^^^^^^^^^^^^^^^^^^^^^^^
2026-09-21T00:26:42.594491724Z   File "/usr/local/lib/python3.13/site-packages/starlette/concurrency.py", line 32, in run_in_threadpool
2026-09-21T00:26:42.594496083Z     return await anyio.to_thread.run_sync(func)
2026-09-21T00:26:42.594500041Z            ^^^^^^^^^^^^^^^^^^^^^^^^^^^^^^^^^^^^
2026-09-21T00:26:42.594503978Z   File "/usr/local/lib/python3.13/site-packages/anyio/to_thread.py", line 63, in run_sync
2026-09-21T00:26:42.594507886Z     return await get_async_backend().run_sync_in_worker_thread(
2026-09-21T00:26:42.594511784Z            ^^^^^^^^^^^^^^^^^^^^^^^^^^^^^^^^^^^^^^^^^^^^^^^^^^^^
2026-09-21T00:26:42.594515681Z         func, args, abandon_on_cancel=abandon_on_cancel, limiter=limiter
2026-09-21T00:26:42.594519599Z         ^^^^^^^^^^^^^^^^^^^^^^^^^^^^^^^^^^^^^^^^^^^^^^^^^^^^^^^^^^^^^^^^
2026-09-21T00:26:42.594534138Z     )
2026-09-21T00:26:42.594538256Z     ^
2026-09-21T00:26:42.594542234Z   File "/usr/local/lib/python3.13/site-packages/anyio/_backends/_asyncio.py", line 2518, in run_sync_in_worker_thread
2026-09-21T00:26:42.594546181Z     return await future
2026-09-21T00:26:42.594550099Z            ^^^^^^^^^^^^
2026-09-21T00:26:42.594553997Z   File "/usr/local/lib/python3.13/site-packages/anyio/_backends/_asyncio.py", line 1002, in run
2026-09-21T00:26:42.594557914Z     result = context.run(func, *args)
2026-09-21T00:26:42.594561822Z   File "/app/app/routers/orders.py", line 36, in checkout
2026-09-21T00:26:42.594565710Z     return create_order(
2026-09-21T00:26:42.594569728Z         db=db,
2026-09-21T00:26:42.594573685Z     ...<2 lines>...
2026-09-21T00:26:42.594577653Z         correlation_id=correlation_id,
2026-09-21T00:26:42.594581691Z     )
2026-09-21T00:26:42.594585679Z   File "/app/app/services/order_service.py", line 42, in create_order
2026-09-21T00:26:42.594589627Z     result = db.execute(
2026-09-21T00:26:42.594593585Z         select(ProductModel).where(ProductModel.id == product_id)
2026-09-21T00:26:42.594597512Z     )
2026-09-21T00:26:42.594601490Z   File "/usr/local/lib/python3.13/site-packages/sqlalchemy/orm/session.py", line 2372, in execute
2026-09-21T00:26:42.594605458Z     return self._execute_internal(
2026-09-21T00:26:42.594609987Z            ~~~~~~~~~~~~~~~~~~~~~~^
2026-09-21T00:26:42.594615758Z         statement,
2026-09-21T00:26:42.594622051Z         ^^^^^^^^^^
2026-09-21T00:26:42.594628343Z     ...<4 lines>...
2026-09-21T00:26:42.594634615Z         _add_event=_add_event,
2026-09-21T00:26:42.594640898Z         ^^^^^^^^^^^^^^^^^^^^^^
2026-09-21T00:26:42.594647230Z     )
2026-09-21T00:26:42.594653572Z     ^
2026-09-21T00:26:42.594659945Z   File "/usr/local/lib/python3.13/site-packages/sqlalchemy/orm/session.py", line 2260, in _execute_internal
2026-09-21T00:26:42.594669013Z     conn = self._connection_for_bind(bind)
2026-09-21T00:26:42.594675506Z   File "/usr/local/lib/python3.13/site-packages/sqlalchemy/orm/session.py", line 2112, in _connection_for_bind
2026-09-21T00:26:42.594681898Z     return trans._connection_for_bind(engine, execution_options)
2026-09-21T00:26:42.594688201Z            ~~~~~~~~~~~~~~~~~~~~~~~~~~^^^^^^^^^^^^^^^^^^^^^^^^^^^
2026-09-21T00:26:42.594694403Z   File "<string>", line 2, in _connection_for_bind
2026-09-21T00:26:42.594700765Z   File "/usr/local/lib/python3.13/site-packages/sqlalchemy/orm/state_changes.py", line 137, in _go
2026-09-21T00:26:42.594707048Z     ret_value = fn(self, *arg, **kw)
2026-09-21T00:26:42.594713370Z   File "/usr/local/lib/python3.13/site-packages/sqlalchemy/orm/session.py", line 1191, in _connection_for_bind
2026-09-21T00:26:42.594719733Z     conn = bind.connect()
2026-09-21T00:26:42.594726977Z   File "/usr/local/lib/python3.13/site-packages/opentelemetry/instrumentation/sqlalchemy/engine.py", line 200, in _wrap_connect_internal
2026-09-21T00:26:42.594733339Z     return func(*args, **kwargs)
2026-09-21T00:26:42.594739732Z   File "/usr/local/lib/python3.13/site-packages/sqlalchemy/engine/base.py", line 3295, in connect
2026-09-21T00:26:42.594746014Z     return self._connection_cls(self)
2026-09-21T00:26:42.594752367Z            ~~~~~~~~~~~~~~~~~~~~^^^^^^
2026-09-21T00:26:42.594758639Z   File "/usr/local/lib/python3.13/site-packages/sqlalchemy/engine/base.py", line 144, in __init__
2026-09-21T00:26:42.594764961Z     self._dbapi_connection = engine.raw_connection()
2026-09-21T00:26:42.594771224Z                              ~~~~~~~~~~~~~~~~~~~~~^^
2026-09-21T00:26:42.594777466Z   File "/usr/local/lib/python3.13/site-packages/sqlalchemy/engine/base.py", line 3319, in raw_connection
2026-09-21T00:26:42.594797996Z     return self.pool.connect()
2026-09-21T00:26:42.594804730Z            ~~~~~~~~~~~~~~~~~^^
2026-09-21T00:26:42.594811162Z   File "/usr/local/lib/python3.13/site-packages/sqlalchemy/pool/base.py", line 448, in connect
2026-09-21T00:26:42.594817555Z     return _ConnectionFairy._checkout(self)
2026-09-21T00:26:42.594823807Z            ~~~~~~~~~~~~~~~~~~~~~~~~~~^^^^^^
2026-09-21T00:26:42.594830079Z   File "/usr/local/lib/python3.13/site-packages/sqlalchemy/pool/base.py", line 1272, in _checkout
2026-09-21T00:26:42.594836352Z     fairy = _ConnectionRecord.checkout(pool)
2026-09-21T00:26:42.594842644Z   File "/usr/local/lib/python3.13/site-packages/sqlalchemy/pool/base.py", line 712, in checkout
2026-09-21T00:26:42.594848866Z     rec = pool._do_get()
2026-09-21T00:26:42.594855169Z   File "/usr/local/lib/python3.13/site-packages/sqlalchemy/pool/impl.py", line 167, in _do_get
2026-09-21T00:26:42.594861441Z     raise exc.TimeoutError(
2026-09-21T00:26:42.594867814Z     ...<4 lines>...
2026-09-21T00:26:42.594874096Z     )
2026-09-21T00:26:42.594881080Z sqlalchemy.exc.TimeoutError: QueuePool limit of size 5 overflow 10 reached, connection timed out, timeout 30.00 (Background on this error at: https://sqlalche.me/e/20/3o7r)
2026-09-21T00:26:42.600714175Z ERROR:    Exception in ASGI application
2026-09-21T00:26:42.600789313Z Traceback (most recent call last):
2026-09-21T00:26:42.600797148Z   File "/usr/local/lib/python3.13/site-packages/uvicorn/protocols/http/httptools_impl.py", line 421, in run_asgi
2026-09-21T00:26:42.600804393Z     result = await app(  # type: ignore[func-returns-value]
2026-09-21T00:26:42.600811086Z              ^^^^^^^^^^^^^^^^^^^^^^^^^^^^^^^^^^^^^^^^^^^^^^
2026-09-21T00:26:42.600817318Z         self.scope, self.receive, self.send
2026-09-21T00:26:42.600823520Z         ^^^^^^^^^^^^^^^^^^^^^^^^^^^^^^^^^^^
2026-09-21T00:26:42.600830454Z     )
2026-09-21T00:26:42.600836957Z     ^
2026-09-21T00:26:42.600843299Z   File "/usr/local/lib/python3.13/site-packages/uvicorn/middleware/proxy_headers.py", line 63, in __call__
2026-09-21T00:26:42.600849672Z     return await self.app(scope, receive, send)
2026-09-21T00:26:42.600855884Z            ^^^^^^^^^^^^^^^^^^^^^^^^^^^^^^^^^^^^
2026-09-21T00:26:42.600863048Z   File "/usr/local/lib/python3.13/site-packages/fastapi/applications.py", line 1159, in __call__
2026-09-21T00:26:42.600869290Z     await super().__call__(scope, receive, send)
2026-09-21T00:26:42.600875512Z   File "/usr/local/lib/python3.13/site-packages/starlette/applications.py", line 107, in __call__
2026-09-21T00:26:42.600881745Z     await self.middleware_stack(scope, receive, send)
2026-09-21T00:26:42.600887987Z   File "/usr/local/lib/python3.13/site-packages/starlette/middleware/errors.py", line 186, in __call__
2026-09-21T00:26:42.600894389Z     raise exc
2026-09-21T00:26:42.600900662Z   File "/usr/local/lib/python3.13/site-packages/starlette/middleware/errors.py", line 164, in __call__
2026-09-21T00:26:42.600906934Z     await self.app(scope, receive, _send)
2026-09-21T00:26:42.600914008Z   File "/usr/local/lib/python3.13/site-packages/opentelemetry/instrumentation/asgi/__init__.py", line 806, in __call__
2026-09-21T00:26:42.600920300Z     await self.app(scope, otel_receive, otel_send)
2026-09-21T00:26:42.600926643Z   File "/usr/local/lib/python3.13/site-packages/starlette/middleware/errors.py", line 186, in __call__
2026-09-21T00:26:42.600932935Z     raise exc
2026-09-21T00:26:42.600939198Z   File "/usr/local/lib/python3.13/site-packages/starlette/middleware/errors.py", line 164, in __call__
2026-09-21T00:26:42.600949738Z     await self.app(scope, receive, _send)
2026-09-21T00:26:42.600995448Z   File "/usr/local/lib/python3.13/site-packages/opentelemetry/instrumentation/fastapi/__init__.py", line 305, in __call__
2026-09-21T00:26:42.601002111Z     await self.app(scope, receive, send)
2026-09-21T00:26:42.601008414Z   File "/usr/local/lib/python3.13/site-packages/prometheus_fastapi_instrumentator/middleware.py", line 177, in __call__
2026-09-21T00:26:42.601014696Z     raise exc
2026-09-21T00:26:42.601020988Z   File "/usr/local/lib/python3.13/site-packages/prometheus_fastapi_instrumentator/middleware.py", line 175, in __call__
2026-09-21T00:26:42.601027221Z     await self.app(scope, receive, send_wrapper)
2026-09-21T00:26:42.601033483Z   File "/usr/local/lib/python3.13/site-packages/starlette/middleware/exceptions.py", line 63, in __call__
2026-09-21T00:26:42.601040727Z     await wrap_app_handling_exceptions(self.app, conn)(scope, receive, send)
2026-09-21T00:26:42.601046969Z   File "/usr/local/lib/python3.13/site-packages/starlette/_exception_handler.py", line 53, in wrapped_app
2026-09-21T00:26:42.601053202Z     raise exc
2026-09-21T00:26:42.601059494Z   File "/usr/local/lib/python3.13/site-packages/starlette/_exception_handler.py", line 42, in wrapped_app
2026-09-21T00:26:42.601065706Z     await app(scope, receive, sender)
2026-09-21T00:26:42.601071938Z   File "/usr/local/lib/python3.13/site-packages/fastapi/middleware/asyncexitstack.py", line 18, in __call__
2026-09-21T00:26:42.601078181Z     await self.app(scope, receive, send)
2026-09-21T00:26:42.601084403Z   File "/usr/local/lib/python3.13/site-packages/starlette/routing.py", line 716, in __call__
2026-09-21T00:26:42.601090595Z     await self.middleware_stack(scope, receive, send)
2026-09-21T00:26:42.601096827Z   File "/usr/local/lib/python3.13/site-packages/starlette/routing.py", line 736, in app
2026-09-21T00:26:42.601103060Z     await route.handle(scope, receive, send)
2026-09-21T00:26:42.601109422Z   File "/usr/local/lib/python3.13/site-packages/starlette/routing.py", line 290, in handle
2026-09-21T00:26:42.601115654Z     await self.app(scope, receive, send)
2026-09-21T00:26:42.601121927Z   File "/usr/local/lib/python3.13/site-packages/fastapi/routing.py", line 134, in app
2026-09-21T00:26:42.601128119Z     await wrap_app_handling_exceptions(app, request)(scope, receive, send)
2026-09-21T00:26:42.601134391Z   File "/usr/local/lib/python3.13/site-packages/starlette/_exception_handler.py", line 53, in wrapped_app
2026-09-21T00:26:42.601140603Z     raise exc
2026-09-21T00:26:42.601146886Z   File "/usr/local/lib/python3.13/site-packages/starlette/_exception_handler.py", line 42, in wrapped_app
2026-09-21T00:26:42.601153098Z     await app(scope, receive, sender)
2026-09-21T00:26:42.601159360Z   File "/usr/local/lib/python3.13/site-packages/fastapi/routing.py", line 120, in app
2026-09-21T00:26:42.601166444Z     response = await f(request)
2026-09-21T00:26:42.601172877Z                ^^^^^^^^^^^^^^^^
2026-09-21T00:26:42.601179109Z   File "/usr/local/lib/python3.13/site-packages/fastapi/routing.py", line 674, in app
2026-09-21T00:26:42.601185331Z     raw_response = await run_endpoint_function(
2026-09-21T00:26:42.601191574Z                    ^^^^^^^^^^^^^^^^^^^^^^^^^^^^
2026-09-21T00:26:42.601198287Z     ...<3 lines>...
2026-09-21T00:26:42.601204509Z     )
2026-09-21T00:26:42.601210862Z     ^
2026-09-21T00:26:42.601217134Z   File "/usr/local/lib/python3.13/site-packages/fastapi/routing.py", line 330, in run_endpoint_function
2026-09-21T00:26:42.601223356Z     return await run_in_threadpool(dependant.call, **values)
2026-09-21T00:26:42.601229608Z            ^^^^^^^^^^^^^^^^^^^^^^^^^^^^^^^^^^^^^^^^^^^^^^^^^
2026-09-21T00:26:42.601322331Z   File "/usr/local/lib/python3.13/site-packages/starlette/concurrency.py", line 32, in run_in_threadpool
2026-09-21T00:26:42.601361518Z     return await anyio.to_thread.run_sync(func)
2026-09-21T00:26:42.601368351Z            ^^^^^^^^^^^^^^^^^^^^^^^^^^^^^^^^^^^^
2026-09-21T00:26:42.601374894Z   File "/usr/local/lib/python3.13/site-packages/anyio/to_thread.py", line 63, in run_sync
2026-09-21T00:26:42.601381176Z     return await get_async_backend().run_sync_in_worker_thread(
2026-09-21T00:26:42.601387479Z            ^^^^^^^^^^^^^^^^^^^^^^^^^^^^^^^^^^^^^^^^^^^^^^^^^^^^
2026-09-21T00:26:42.601393791Z         func, args, abandon_on_cancel=abandon_on_cancel, limiter=limiter
2026-09-21T00:26:42.601400033Z         ^^^^^^^^^^^^^^^^^^^^^^^^^^^^^^^^^^^^^^^^^^^^^^^^^^^^^^^^^^^^^^^^
2026-09-21T00:26:42.601406256Z     )
2026-09-21T00:26:42.601412548Z     ^
2026-09-21T00:26:42.601418780Z   File "/usr/local/lib/python3.13/site-packages/anyio/_backends/_asyncio.py", line 2518, in run_sync_in_worker_thread
2026-09-21T00:26:42.601425143Z     return await future
2026-09-21T00:26:42.601431435Z            ^^^^^^^^^^^^
2026-09-21T00:26:42.601437647Z   File "/usr/local/lib/python3.13/site-packages/anyio/_backends/_asyncio.py", line 1002, in run
2026-09-21T00:26:42.601443900Z     result = context.run(func, *args)
2026-09-21T00:26:42.601450322Z   File "/app/app/routers/orders.py", line 36, in checkout
2026-09-21T00:26:42.601456645Z     return create_order(
2026-09-21T00:26:42.601463017Z         db=db,
2026-09-21T00:26:42.601469400Z     ...<2 lines>...
2026-09-21T00:26:42.601475852Z         correlation_id=correlation_id,
2026-09-21T00:26:42.601482085Z     )
2026-09-21T00:26:42.601488537Z   File "/app/app/services/order_service.py", line 42, in create_order
2026-09-21T00:26:42.601494920Z     result = db.execute(
2026-09-21T00:26:42.601501242Z         select(ProductModel).where(ProductModel.id == product_id)
2026-09-21T00:26:42.601507475Z     )
2026-09-21T00:26:42.601513777Z   File "/usr/local/lib/python3.13/site-packages/sqlalchemy/orm/session.py", line 2372, in execute
2026-09-21T00:26:42.601519999Z     return self._execute_internal(
2026-09-21T00:26:42.601526332Z            ~~~~~~~~~~~~~~~~~~~~~~^
2026-09-21T00:26:42.601532624Z         statement,
2026-09-21T00:26:42.601538866Z         ^^^^^^^^^^
2026-09-21T00:26:42.601545099Z     ...<4 lines>...
2026-09-21T00:26:42.601551351Z         _add_event=_add_event,
2026-09-21T00:26:42.601557593Z         ^^^^^^^^^^^^^^^^^^^^^^
2026-09-21T00:26:42.601563825Z     )
2026-09-21T00:26:42.601570048Z     ^
2026-09-21T00:26:42.601576350Z   File "/usr/local/lib/python3.13/site-packages/sqlalchemy/orm/session.py", line 2260, in _execute_internal
2026-09-21T00:26:42.601582652Z     conn = self._connection_for_bind(bind)
2026-09-21T00:26:42.601588945Z   File "/usr/local/lib/python3.13/site-packages/sqlalchemy/orm/session.py", line 2112, in _connection_for_bind
2026-09-21T00:26:42.601595267Z     return trans._connection_for_bind(engine, execution_options)
2026-09-21T00:26:42.601601529Z            ~~~~~~~~~~~~~~~~~~~~~~~~~~^^^^^^^^^^^^^^^^^^^^^^^^^^^
2026-09-21T00:26:42.601607802Z   File "<string>", line 2, in _connection_for_bind
2026-09-21T00:26:42.601614014Z   File "/usr/local/lib/python3.13/site-packages/sqlalchemy/orm/state_changes.py", line 137, in _go
2026-09-21T00:26:42.601620306Z     ret_value = fn(self, *arg, **kw)
2026-09-21T00:26:42.601626619Z   File "/usr/local/lib/python3.13/site-packages/sqlalchemy/orm/session.py", line 1191, in _connection_for_bind
2026-09-21T00:26:42.601633061Z     conn = bind.connect()
2026-09-21T00:26:42.601640346Z   File "/usr/local/lib/python3.13/site-packages/opentelemetry/instrumentation/sqlalchemy/engine.py", line 200, in _wrap_connect_internal
2026-09-21T00:26:42.601661748Z     return func(*args, **kwargs)
2026-09-21T00:26:42.601666587Z   File "/usr/local/lib/python3.13/site-packages/sqlalchemy/engine/base.py", line 3295, in connect
2026-09-21T00:26:42.601670926Z     return self._connection_cls(self)
2026-09-21T00:26:42.601675194Z            ~~~~~~~~~~~~~~~~~~~~^^^^^^
2026-09-21T00:26:42.601679453Z   File "/usr/local/lib/python3.13/site-packages/sqlalchemy/engine/base.py", line 144, in __init__
2026-09-21T00:26:42.601683781Z     self._dbapi_connection = engine.raw_connection()
2026-09-21T00:26:42.601688040Z                              ~~~~~~~~~~~~~~~~~~~~~^^
2026-09-21T00:26:42.601692418Z   File "/usr/local/lib/python3.13/site-packages/sqlalchemy/engine/base.py", line 3319, in raw_connection
2026-09-21T00:26:42.601696727Z     return self.pool.connect()
2026-09-21T00:26:42.601700995Z            ~~~~~~~~~~~~~~~~~^^
2026-09-21T00:26:42.601705293Z   File "/usr/local/lib/python3.13/site-packages/sqlalchemy/pool/base.py", line 448, in connect
2026-09-21T00:26:42.601709582Z     return _ConnectionFairy._checkout(self)
2026-09-21T00:26:42.601713900Z            ~~~~~~~~~~~~~~~~~~~~~~~~~~^^^^^^
2026-09-21T00:26:42.601718259Z   File "/usr/local/lib/python3.13/site-packages/sqlalchemy/pool/base.py", line 1272, in _checkout
2026-09-21T00:26:42.601722557Z     fairy = _ConnectionRecord.checkout(pool)
2026-09-21T00:26:42.601726796Z   File "/usr/local/lib/python3.13/site-packages/sqlalchemy/pool/base.py", line 712, in checkout
2026-09-21T00:26:42.601731074Z     rec = pool._do_get()
2026-09-21T00:26:42.601735312Z   File "/usr/local/lib/python3.13/site-packages/sqlalchemy/pool/impl.py", line 167, in _do_get
2026-09-21T00:26:42.601739561Z     raise exc.TimeoutError(
2026-09-21T00:26:42.601743809Z     ...<4 lines>...
2026-09-21T00:26:42.601748088Z     )
2026-09-21T00:26:42.601753017Z sqlalchemy.exc.TimeoutError: QueuePool limit of size 5 overflow 10 reached, connection timed out, timeout 30.00 (Background on this error at: https://sqlalche.me/e/20/3o7r)
2026-09-21T00:26:42.604983208Z ERROR:    Exception in ASGI application
2026-09-21T00:26:42.605028547Z Traceback (most recent call last):
2026-09-21T00:26:42.605035952Z   File "/usr/local/lib/python3.13/site-packages/uvicorn/protocols/http/httptools_impl.py", line 421, in run_asgi
2026-09-21T00:26:42.605042415Z     result = await app(  # type: ignore[func-returns-value]
2026-09-21T00:26:42.605047986Z              ^^^^^^^^^^^^^^^^^^^^^^^^^^^^^^^^^^^^^^^^^^^^^^
2026-09-21T00:26:42.605053496Z         self.scope, self.receive, self.send
2026-09-21T00:26:42.605059318Z         ^^^^^^^^^^^^^^^^^^^^^^^^^^^^^^^^^^^
2026-09-21T00:26:42.605064919Z     )
2026-09-21T00:26:42.605070560Z     ^
2026-09-21T00:26:42.605076171Z   File "/usr/local/lib/python3.13/site-packages/uvicorn/middleware/proxy_headers.py", line 63, in __call__
2026-09-21T00:26:42.605082213Z     return await self.app(scope, receive, send)
2026-09-21T00:26:42.605087744Z            ^^^^^^^^^^^^^^^^^^^^^^^^^^^^^^^^^^^^
2026-09-21T00:26:42.605093756Z   File "/usr/local/lib/python3.13/site-packages/fastapi/applications.py", line 1159, in __call__
2026-09-21T00:26:42.605099367Z     await super().__call__(scope, receive, send)
2026-09-21T00:26:42.605104978Z   File "/usr/local/lib/python3.13/site-packages/starlette/applications.py", line 107, in __call__
2026-09-21T00:26:42.605110488Z     await self.middleware_stack(scope, receive, send)
2026-09-21T00:26:42.605120648Z   File "/usr/local/lib/python3.13/site-packages/starlette/middleware/errors.py", line 186, in __call__
2026-09-21T00:26:42.605126490Z     raise exc
2026-09-21T00:26:42.605132161Z   File "/usr/local/lib/python3.13/site-packages/starlette/middleware/errors.py", line 164, in __call__
2026-09-21T00:26:42.605163433Z     await self.app(scope, receive, _send)
2026-09-21T00:26:42.605169825Z   File "/usr/local/lib/python3.13/site-packages/opentelemetry/instrumentation/asgi/__init__.py", line 806, in __call__
2026-09-21T00:26:42.605175336Z     await self.app(scope, otel_receive, otel_send)
2026-09-21T00:26:42.605180957Z   File "/usr/local/lib/python3.13/site-packages/starlette/middleware/errors.py", line 186, in __call__
2026-09-21T00:26:42.605186618Z     raise exc
2026-09-21T00:26:42.605192189Z   File "/usr/local/lib/python3.13/site-packages/starlette/middleware/errors.py", line 164, in __call__
2026-09-21T00:26:42.605197690Z     await self.app(scope, receive, _send)
2026-09-21T00:26:42.605203251Z   File "/usr/local/lib/python3.13/site-packages/opentelemetry/instrumentation/fastapi/__init__.py", line 305, in __call__
2026-09-21T00:26:42.605208722Z     await self.app(scope, receive, send)
2026-09-21T00:26:42.605214232Z   File "/usr/local/lib/python3.13/site-packages/prometheus_fastapi_instrumentator/middleware.py", line 177, in __call__
2026-09-21T00:26:42.605219703Z     raise exc
2026-09-21T00:26:42.605225234Z   File "/usr/local/lib/python3.13/site-packages/prometheus_fastapi_instrumentator/middleware.py", line 175, in __call__
2026-09-21T00:26:42.605230725Z     await self.app(scope, receive, send_wrapper)
2026-09-21T00:26:42.605236236Z   File "/usr/local/lib/python3.13/site-packages/starlette/middleware/exceptions.py", line 63, in __call__
2026-09-21T00:26:42.605242708Z     await wrap_app_handling_exceptions(self.app, conn)(scope, receive, send)
2026-09-21T00:26:42.605248209Z   File "/usr/local/lib/python3.13/site-packages/starlette/_exception_handler.py", line 53, in wrapped_app
2026-09-21T00:26:42.605253690Z     raise exc
2026-09-21T00:26:42.605259331Z   File "/usr/local/lib/python3.13/site-packages/starlette/_exception_handler.py", line 42, in wrapped_app
2026-09-21T00:26:42.605264832Z     await app(scope, receive, sender)
2026-09-21T00:26:42.605270403Z   File "/usr/local/lib/python3.13/site-packages/fastapi/middleware/asyncexitstack.py", line 18, in __call__
2026-09-21T00:26:42.605275894Z     await self.app(scope, receive, send)
2026-09-21T00:26:42.605281404Z   File "/usr/local/lib/python3.13/site-packages/starlette/routing.py", line 716, in __call__
2026-09-21T00:26:42.605286885Z     await self.middleware_stack(scope, receive, send)
2026-09-21T00:26:42.605292386Z   File "/usr/local/lib/python3.13/site-packages/starlette/routing.py", line 736, in app
2026-09-21T00:26:42.605297867Z     await route.handle(scope, receive, send)
2026-09-21T00:26:42.605303338Z   File "/usr/local/lib/python3.13/site-packages/starlette/routing.py", line 290, in handle
2026-09-21T00:26:42.605308818Z     await self.app(scope, receive, send)
2026-09-21T00:26:42.605314359Z   File "/usr/local/lib/python3.13/site-packages/fastapi/routing.py", line 134, in app
2026-09-21T00:26:42.605319840Z     await wrap_app_handling_exceptions(app, request)(scope, receive, send)
2026-09-21T00:26:42.605325381Z   File "/usr/local/lib/python3.13/site-packages/starlette/_exception_handler.py", line 53, in wrapped_app
2026-09-21T00:26:42.605334158Z     raise exc
2026-09-21T00:26:42.605339789Z   File "/usr/local/lib/python3.13/site-packages/starlette/_exception_handler.py", line 42, in wrapped_app
2026-09-21T00:26:42.605345490Z     await app(scope, receive, sender)
2026-09-21T00:26:42.605351172Z   File "/usr/local/lib/python3.13/site-packages/fastapi/routing.py", line 120, in app
2026-09-21T00:26:42.605357183Z     response = await f(request)
2026-09-21T00:26:42.605362855Z                ^^^^^^^^^^^^^^^^
2026-09-21T00:26:42.605368395Z   File "/usr/local/lib/python3.13/site-packages/fastapi/routing.py", line 674, in app
2026-09-21T00:26:42.605386711Z     raw_response = await run_endpoint_function(
2026-09-21T00:26:42.605392393Z                    ^^^^^^^^^^^^^^^^^^^^^^^^^^^^
2026-09-21T00:26:42.605398414Z     ...<3 lines>...
2026-09-21T00:26:42.605404176Z     )
2026-09-21T00:26:42.605409847Z     ^
2026-09-21T00:26:42.605415418Z   File "/usr/local/lib/python3.13/site-packages/fastapi/routing.py", line 330, in run_endpoint_function
2026-09-21T00:26:42.605421059Z     return await run_in_threadpool(dependant.call, **values)
2026-09-21T00:26:42.605426690Z            ^^^^^^^^^^^^^^^^^^^^^^^^^^^^^^^^^^^^^^^^^^^^^^^^^
2026-09-21T00:26:42.605512529Z   File "/usr/local/lib/python3.13/site-packages/starlette/concurrency.py", line 32, in run_in_threadpool
2026-09-21T00:26:42.605526346Z     return await anyio.to_thread.run_sync(func)
2026-09-21T00:26:42.605532157Z            ^^^^^^^^^^^^^^^^^^^^^^^^^^^^^^^^^^^^
2026-09-21T00:26:42.605537648Z   File "/usr/local/lib/python3.13/site-packages/anyio/to_thread.py", line 63, in run_sync
2026-09-21T00:26:42.605543249Z     return await get_async_backend().run_sync_in_worker_thread(
2026-09-21T00:26:42.605549020Z            ^^^^^^^^^^^^^^^^^^^^^^^^^^^^^^^^^^^^^^^^^^^^^^^^^^^^
2026-09-21T00:26:42.605554601Z         func, args, abandon_on_cancel=abandon_on_cancel, limiter=limiter
2026-09-21T00:26:42.605560152Z         ^^^^^^^^^^^^^^^^^^^^^^^^^^^^^^^^^^^^^^^^^^^^^^^^^^^^^^^^^^^^^^^^
2026-09-21T00:26:42.605565753Z     )
2026-09-21T00:26:42.605571334Z     ^
2026-09-21T00:26:42.605577096Z   File "/usr/local/lib/python3.13/site-packages/anyio/_backends/_asyncio.py", line 2518, in run_sync_in_worker_thread
2026-09-21T00:26:42.605582777Z     return await future
2026-09-21T00:26:42.605588298Z            ^^^^^^^^^^^^
2026-09-21T00:26:42.605593899Z   File "/usr/local/lib/python3.13/site-packages/anyio/_backends/_asyncio.py", line 1002, in run
2026-09-21T00:26:42.605599430Z     result = context.run(func, *args)
2026-09-21T00:26:42.605604960Z   File "/app/app/routers/orders.py", line 36, in checkout
2026-09-21T00:26:42.605610481Z     return create_order(
2026-09-21T00:26:42.605616152Z         db=db,
2026-09-21T00:26:42.605621814Z     ...<2 lines>...
2026-09-21T00:26:42.605627405Z         correlation_id=correlation_id,
2026-09-21T00:26:42.605632996Z     )
2026-09-21T00:26:42.605638787Z   File "/app/app/services/order_service.py", line 42, in create_order
2026-09-21T00:26:42.605645670Z     result = db.execute(
2026-09-21T00:26:42.605651322Z         select(ProductModel).where(ProductModel.id == product_id)
2026-09-21T00:26:42.605656862Z     )
2026-09-21T00:26:42.605662343Z   File "/usr/local/lib/python3.13/site-packages/sqlalchemy/orm/session.py", line 2372, in execute
2026-09-21T00:26:42.605667814Z     return self._execute_internal(
2026-09-21T00:26:42.605673325Z            ~~~~~~~~~~~~~~~~~~~~~~^
2026-09-21T00:26:42.605678836Z         statement,
2026-09-21T00:26:42.605684417Z         ^^^^^^^^^^
2026-09-21T00:26:42.605689937Z     ...<4 lines>...
2026-09-21T00:26:42.605695408Z         _add_event=_add_event,
2026-09-21T00:26:42.605700869Z         ^^^^^^^^^^^^^^^^^^^^^^
2026-09-21T00:26:42.605706320Z     )
2026-09-21T00:26:42.605711831Z     ^
2026-09-21T00:26:42.605717371Z   File "/usr/local/lib/python3.13/site-packages/sqlalchemy/orm/session.py", line 2260, in _execute_internal
2026-09-21T00:26:42.605722882Z     conn = self._connection_for_bind(bind)
2026-09-21T00:26:42.605728463Z   File "/usr/local/lib/python3.13/site-packages/sqlalchemy/orm/session.py", line 2112, in _connection_for_bind
2026-09-21T00:26:42.605734024Z     return trans._connection_for_bind(engine, execution_options)
2026-09-21T00:26:42.605739735Z            ~~~~~~~~~~~~~~~~~~~~~~~~~~^^^^^^^^^^^^^^^^^^^^^^^^^^^
2026-09-21T00:26:42.605767280Z   File "<string>", line 2, in _connection_for_bind
2026-09-21T00:26:42.605773482Z   File "/usr/local/lib/python3.13/site-packages/sqlalchemy/orm/state_changes.py", line 137, in _go
2026-09-21T00:26:42.605779073Z     ret_value = fn(self, *arg, **kw)
2026-09-21T00:26:42.605783311Z   File "/usr/local/lib/python3.13/site-packages/sqlalchemy/orm/session.py", line 1191, in _connection_for_bind
2026-09-21T00:26:42.605786998Z     conn = bind.connect()
2026-09-21T00:26:42.605791587Z   File "/usr/local/lib/python3.13/site-packages/opentelemetry/instrumentation/sqlalchemy/engine.py", line 200, in _wrap_connect_internal
2026-09-21T00:26:42.605794543Z     return func(*args, **kwargs)
2026-09-21T00:26:42.605796928Z   File "/usr/local/lib/python3.13/site-packages/sqlalchemy/engine/base.py", line 3295, in connect
2026-09-21T00:26:42.605799302Z     return self._connection_cls(self)
2026-09-21T00:26:42.605801296Z            ~~~~~~~~~~~~~~~~~~~~^^^^^^
2026-09-21T00:26:42.605803180Z   File "/usr/local/lib/python3.13/site-packages/sqlalchemy/engine/base.py", line 144, in __init__
2026-09-21T00:26:42.605805094Z     self._dbapi_connection = engine.raw_connection()
2026-09-21T00:26:42.605806968Z                              ~~~~~~~~~~~~~~~~~~~~~^^
2026-09-21T00:26:42.605808971Z   File "/usr/local/lib/python3.13/site-packages/sqlalchemy/engine/base.py", line 3319, in raw_connection
2026-09-21T00:26:42.605811016Z     return self.pool.connect()
2026-09-21T00:26:42.605812929Z            ~~~~~~~~~~~~~~~~~^^
2026-09-21T00:26:42.605814843Z   File "/usr/local/lib/python3.13/site-packages/sqlalchemy/pool/base.py", line 448, in connect
2026-09-21T00:26:42.605816807Z     return _ConnectionFairy._checkout(self)
2026-09-21T00:26:42.605818701Z            ~~~~~~~~~~~~~~~~~~~~~~~~~~^^^^^^
2026-09-21T00:26:42.605820594Z   File "/usr/local/lib/python3.13/site-packages/sqlalchemy/pool/base.py", line 1272, in _checkout
2026-09-21T00:26:42.605822488Z     fairy = _ConnectionRecord.checkout(pool)
2026-09-21T00:26:42.605824392Z   File "/usr/local/lib/python3.13/site-packages/sqlalchemy/pool/base.py", line 712, in checkout
2026-09-21T00:26:42.605826356Z     rec = pool._do_get()
2026-09-21T00:26:42.605828249Z   File "/usr/local/lib/python3.13/site-packages/sqlalchemy/pool/impl.py", line 167, in _do_get
2026-09-21T00:26:42.605830133Z     raise exc.TimeoutError(
2026-09-21T00:26:42.605832017Z     ...<4 lines>...
2026-09-21T00:26:42.605833921Z     )
2026-09-21T00:26:42.605836355Z sqlalchemy.exc.TimeoutError: QueuePool limit of size 5 overflow 10 reached, connection timed out, timeout 30.00 (Background on this error at: https://sqlalche.me/e/20/3o7r)
2026-09-21T00:26:42.681471549Z ERROR:    Exception in ASGI application
2026-09-21T00:26:42.681517248Z Traceback (most recent call last):
2026-09-21T00:26:42.681522619Z   File "/usr/local/lib/python3.13/site-packages/uvicorn/protocols/http/httptools_impl.py", line 421, in run_asgi
2026-09-21T00:26:42.681527879Z     result = await app(  # type: ignore[func-returns-value]
2026-09-21T00:26:42.681531937Z              ^^^^^^^^^^^^^^^^^^^^^^^^^^^^^^^^^^^^^^^^^^^^^^
2026-09-21T00:26:42.681535945Z         self.scope, self.receive, self.send
2026-09-21T00:26:42.681539963Z         ^^^^^^^^^^^^^^^^^^^^^^^^^^^^^^^^^^^
2026-09-21T00:26:42.681543991Z     )
2026-09-21T00:26:42.681548219Z     ^
2026-09-21T00:26:42.681552327Z   File "/usr/local/lib/python3.13/site-packages/uvicorn/middleware/proxy_headers.py", line 63, in __call__
2026-09-21T00:26:42.681556385Z     return await self.app(scope, receive, send)
2026-09-21T00:26:42.681560403Z            ^^^^^^^^^^^^^^^^^^^^^^^^^^^^^^^^^^^^
2026-09-21T00:26:42.681593047Z   File "/usr/local/lib/python3.13/site-packages/fastapi/applications.py", line 1159, in __call__
2026-09-21T00:26:42.681597356Z     await super().__call__(scope, receive, send)
2026-09-21T00:26:42.681601805Z   File "/usr/local/lib/python3.13/site-packages/starlette/applications.py", line 107, in __call__
2026-09-21T00:26:42.681605923Z     await self.middleware_stack(scope, receive, send)
2026-09-21T00:26:42.681610051Z   File "/usr/local/lib/python3.13/site-packages/starlette/middleware/errors.py", line 186, in __call__
2026-09-21T00:26:42.681614169Z     raise exc
2026-09-21T00:26:42.681618297Z   File "/usr/local/lib/python3.13/site-packages/starlette/middleware/errors.py", line 164, in __call__
2026-09-21T00:26:42.681622355Z     await self.app(scope, receive, _send)
2026-09-21T00:26:42.681626994Z   File "/usr/local/lib/python3.13/site-packages/opentelemetry/instrumentation/asgi/__init__.py", line 806, in __call__
2026-09-21T00:26:42.681631082Z     await self.app(scope, otel_receive, otel_send)
2026-09-21T00:26:42.681635120Z   File "/usr/local/lib/python3.13/site-packages/starlette/middleware/errors.py", line 186, in __call__
2026-09-21T00:26:42.681639188Z     raise exc
2026-09-21T00:26:42.681643286Z   File "/usr/local/lib/python3.13/site-packages/starlette/middleware/errors.py", line 164, in __call__
2026-09-21T00:26:42.681647504Z     await self.app(scope, receive, _send)
2026-09-21T00:26:42.681651522Z   File "/usr/local/lib/python3.13/site-packages/opentelemetry/instrumentation/fastapi/__init__.py", line 305, in __call__
2026-09-21T00:26:42.681655540Z     await self.app(scope, receive, send)
2026-09-21T00:26:42.681659568Z   File "/usr/local/lib/python3.13/site-packages/prometheus_fastapi_instrumentator/middleware.py", line 177, in __call__
2026-09-21T00:26:42.681663586Z     raise exc
2026-09-21T00:26:42.681667594Z   File "/usr/local/lib/python3.13/site-packages/prometheus_fastapi_instrumentator/middleware.py", line 175, in __call__
2026-09-21T00:26:42.681671572Z     await self.app(scope, receive, send_wrapper)
2026-09-21T00:26:42.681675630Z   File "/usr/local/lib/python3.13/site-packages/starlette/middleware/exceptions.py", line 63, in __call__
2026-09-21T00:26:42.681680279Z     await wrap_app_handling_exceptions(self.app, conn)(scope, receive, send)
2026-09-21T00:26:42.681684247Z   File "/usr/local/lib/python3.13/site-packages/starlette/_exception_handler.py", line 53, in wrapped_app
2026-09-21T00:26:42.681688204Z     raise exc
2026-09-21T00:26:42.681692172Z   File "/usr/local/lib/python3.13/site-packages/starlette/_exception_handler.py", line 42, in wrapped_app
2026-09-21T00:26:42.681696180Z     await app(scope, receive, sender)
2026-09-21T00:26:42.681700178Z   File "/usr/local/lib/python3.13/site-packages/fastapi/middleware/asyncexitstack.py", line 18, in __call__
2026-09-21T00:26:42.681704176Z     await self.app(scope, receive, send)
2026-09-21T00:26:42.681708214Z   File "/usr/local/lib/python3.13/site-packages/starlette/routing.py", line 716, in __call__
2026-09-21T00:26:42.681712192Z     await self.middleware_stack(scope, receive, send)
2026-09-21T00:26:42.681716199Z   File "/usr/local/lib/python3.13/site-packages/starlette/routing.py", line 736, in app
2026-09-21T00:26:42.681720197Z     await route.handle(scope, receive, send)
2026-09-21T00:26:42.681724335Z   File "/usr/local/lib/python3.13/site-packages/starlette/routing.py", line 290, in handle
2026-09-21T00:26:42.681728343Z     await self.app(scope, receive, send)
2026-09-21T00:26:42.681732361Z   File "/usr/local/lib/python3.13/site-packages/fastapi/routing.py", line 134, in app
2026-09-21T00:26:42.681736339Z     await wrap_app_handling_exceptions(app, request)(scope, receive, send)
2026-09-21T00:26:42.681740387Z   File "/usr/local/lib/python3.13/site-packages/starlette/_exception_handler.py", line 53, in wrapped_app
2026-09-21T00:26:42.681753914Z     raise exc
2026-09-21T00:26:42.681758062Z   File "/usr/local/lib/python3.13/site-packages/starlette/_exception_handler.py", line 42, in wrapped_app
2026-09-21T00:26:42.681762080Z     await app(scope, receive, sender)
2026-09-21T00:26:42.681766178Z   File "/usr/local/lib/python3.13/site-packages/fastapi/routing.py", line 120, in app
2026-09-21T00:26:42.681771248Z     response = await f(request)
2026-09-21T00:26:42.681775296Z                ^^^^^^^^^^^^^^^^
2026-09-21T00:26:42.681779293Z   File "/usr/local/lib/python3.13/site-packages/fastapi/routing.py", line 674, in app
2026-09-21T00:26:42.681783371Z     raw_response = await run_endpoint_function(
2026-09-21T00:26:42.681787409Z                    ^^^^^^^^^^^^^^^^^^^^^^^^^^^^
2026-09-21T00:26:42.681791848Z     ...<3 lines>...
2026-09-21T00:26:42.681795906Z     )
2026-09-21T00:26:42.681799964Z     ^
2026-09-21T00:26:42.681804002Z   File "/usr/local/lib/python3.13/site-packages/fastapi/routing.py", line 330, in run_endpoint_function
2026-09-21T00:26:42.681808020Z     return await run_in_threadpool(dependant.call, **values)
2026-09-21T00:26:42.681812058Z            ^^^^^^^^^^^^^^^^^^^^^^^^^^^^^^^^^^^^^^^^^^^^^^^^^
2026-09-21T00:26:42.681860443Z   File "/usr/local/lib/python3.13/site-packages/starlette/concurrency.py", line 32, in run_in_threadpool
2026-09-21T00:26:42.681866956Z     return await anyio.to_thread.run_sync(func)
2026-09-21T00:26:42.681869731Z            ^^^^^^^^^^^^^^^^^^^^^^^^^^^^^^^^^^^^
2026-09-21T00:26:42.681872366Z   File "/usr/local/lib/python3.13/site-packages/anyio/to_thread.py", line 63, in run_sync
2026-09-21T00:26:42.681875032Z     return await get_async_backend().run_sync_in_worker_thread(
2026-09-21T00:26:42.681877707Z            ^^^^^^^^^^^^^^^^^^^^^^^^^^^^^^^^^^^^^^^^^^^^^^^^^^^^
2026-09-21T00:26:42.681880362Z         func, args, abandon_on_cancel=abandon_on_cancel, limiter=limiter
2026-09-21T00:26:42.681883087Z         ^^^^^^^^^^^^^^^^^^^^^^^^^^^^^^^^^^^^^^^^^^^^^^^^^^^^^^^^^^^^^^^^
2026-09-21T00:26:42.681886023Z     )
2026-09-21T00:26:42.681888729Z     ^
2026-09-21T00:26:42.681891404Z   File "/usr/local/lib/python3.13/site-packages/anyio/_backends/_asyncio.py", line 2518, in run_sync_in_worker_thread
2026-09-21T00:26:42.681894179Z     return await future
2026-09-21T00:26:42.681896835Z            ^^^^^^^^^^^^
2026-09-21T00:26:42.681899570Z   File "/usr/local/lib/python3.13/site-packages/anyio/_backends/_asyncio.py", line 1002, in run
2026-09-21T00:26:42.681902245Z     result = context.run(func, *args)
2026-09-21T00:26:42.681904981Z   File "/app/app/routers/orders.py", line 36, in checkout
2026-09-21T00:26:42.681907636Z     return create_order(
2026-09-21T00:26:42.681910331Z         db=db,
2026-09-21T00:26:42.681913016Z     ...<2 lines>...
2026-09-21T00:26:42.681915712Z         correlation_id=correlation_id,
2026-09-21T00:26:42.681918367Z     )
2026-09-21T00:26:42.681921092Z   File "/app/app/services/order_service.py", line 42, in create_order
2026-09-21T00:26:42.681923767Z     result = db.execute(
2026-09-21T00:26:42.681926463Z         select(ProductModel).where(ProductModel.id == product_id)
2026-09-21T00:26:42.681929158Z     )
2026-09-21T00:26:42.681931813Z   File "/usr/local/lib/python3.13/site-packages/sqlalchemy/orm/session.py", line 2372, in execute
2026-09-21T00:26:42.681934469Z     return self._execute_internal(
2026-09-21T00:26:42.681937114Z            ~~~~~~~~~~~~~~~~~~~~~~^
2026-09-21T00:26:42.681939769Z         statement,
2026-09-21T00:26:42.681942414Z         ^^^^^^^^^^
2026-09-21T00:26:42.681945089Z     ...<4 lines>...
2026-09-21T00:26:42.681958245Z         _add_event=_add_event,
2026-09-21T00:26:42.681961021Z         ^^^^^^^^^^^^^^^^^^^^^^
2026-09-21T00:26:42.681963606Z     )
2026-09-21T00:26:42.681966241Z     ^
2026-09-21T00:26:42.681968876Z   File "/usr/local/lib/python3.13/site-packages/sqlalchemy/orm/session.py", line 2260, in _execute_internal
2026-09-21T00:26:42.681971511Z     conn = self._connection_for_bind(bind)
2026-09-21T00:26:42.681974177Z   File "/usr/local/lib/python3.13/site-packages/sqlalchemy/orm/session.py", line 2112, in _connection_for_bind
2026-09-21T00:26:42.681999607Z     return trans._connection_for_bind(engine, execution_options)
2026-09-21T00:26:42.682003334Z            ~~~~~~~~~~~~~~~~~~~~~~~~~~^^^^^^^^^^^^^^^^^^^^^^^^^^^
2026-09-21T00:26:42.682005999Z   File "<string>", line 2, in _connection_for_bind
2026-09-21T00:26:42.682008654Z   File "/usr/local/lib/python3.13/site-packages/sqlalchemy/orm/state_changes.py", line 137, in _go
2026-09-21T00:26:42.682011310Z     ret_value = fn(self, *arg, **kw)
2026-09-21T00:26:42.682013955Z   File "/usr/local/lib/python3.13/site-packages/sqlalchemy/orm/session.py", line 1191, in _connection_for_bind
2026-09-21T00:26:42.682016620Z     conn = bind.connect()
2026-09-21T00:26:42.682020327Z   File "/usr/local/lib/python3.13/site-packages/opentelemetry/instrumentation/sqlalchemy/engine.py", line 200, in _wrap_connect_internal
2026-09-21T00:26:42.682022962Z     return func(*args, **kwargs)
2026-09-21T00:26:42.682025668Z   File "/usr/local/lib/python3.13/site-packages/sqlalchemy/engine/base.py", line 3295, in connect
2026-09-21T00:26:42.682028303Z     return self._connection_cls(self)
2026-09-21T00:26:42.682031018Z            ~~~~~~~~~~~~~~~~~~~~^^^^^^
2026-09-21T00:26:42.682033663Z   File "/usr/local/lib/python3.13/site-packages/sqlalchemy/engine/base.py", line 144, in __init__
2026-09-21T00:26:42.682036299Z     self._dbapi_connection = engine.raw_connection()
2026-09-21T00:26:42.682038914Z                              ~~~~~~~~~~~~~~~~~~~~~^^
2026-09-21T00:26:42.682041609Z   File "/usr/local/lib/python3.13/site-packages/sqlalchemy/engine/base.py", line 3319, in raw_connection
2026-09-21T00:26:42.682044234Z     return self.pool.connect()
2026-09-21T00:26:42.682046920Z            ~~~~~~~~~~~~~~~~~^^
2026-09-21T00:26:42.682049565Z   File "/usr/local/lib/python3.13/site-packages/sqlalchemy/pool/base.py", line 448, in connect
2026-09-21T00:26:42.682052180Z     return _ConnectionFairy._checkout(self)
2026-09-21T00:26:42.682054805Z            ~~~~~~~~~~~~~~~~~~~~~~~~~~^^^^^^
2026-09-21T00:26:42.682057430Z   File "/usr/local/lib/python3.13/site-packages/sqlalchemy/pool/base.py", line 1272, in _checkout
2026-09-21T00:26:42.682060065Z     fairy = _ConnectionRecord.checkout(pool)
2026-09-21T00:26:42.682062701Z   File "/usr/local/lib/python3.13/site-packages/sqlalchemy/pool/base.py", line 712, in checkout
2026-09-21T00:26:42.682065296Z     rec = pool._do_get()
2026-09-21T00:26:42.682067951Z   File "/usr/local/lib/python3.13/site-packages/sqlalchemy/pool/impl.py", line 167, in _do_get
2026-09-21T00:26:42.682070556Z     raise exc.TimeoutError(
2026-09-21T00:26:42.682073181Z     ...<4 lines>...
2026-09-21T00:26:42.682075836Z     )
2026-09-21T00:26:42.682079113Z sqlalchemy.exc.TimeoutError: QueuePool limit of size 5 overflow 10 reached, connection timed out, timeout 30.00 (Background on this error at: https://sqlalche.me/e/20/3o7r)
2026-09-21T00:26:42.780639772Z ERROR:    Exception in ASGI application
2026-09-21T00:26:42.780675131Z Traceback (most recent call last):
2026-09-21T00:26:42.780678147Z   File "/usr/local/lib/python3.13/site-packages/uvicorn/protocols/http/httptools_impl.py", line 421, in run_asgi
2026-09-21T00:26:42.780701082Z     result = await app(  # type: ignore[func-returns-value]
2026-09-21T00:26:42.780703156Z              ^^^^^^^^^^^^^^^^^^^^^^^^^^^^^^^^^^^^^^^^^^^^^^
2026-09-21T00:26:42.780705160Z         self.scope, self.receive, self.send
2026-09-21T00:26:42.780707174Z         ^^^^^^^^^^^^^^^^^^^^^^^^^^^^^^^^^^^
2026-09-21T00:26:42.780709198Z     )
2026-09-21T00:26:42.780711282Z     ^
2026-09-21T00:26:42.780713226Z   File "/usr/local/lib/python3.13/site-packages/uvicorn/middleware/proxy_headers.py", line 63, in __call__
2026-09-21T00:26:42.780715180Z     return await self.app(scope, receive, send)
2026-09-21T00:26:42.780717104Z            ^^^^^^^^^^^^^^^^^^^^^^^^^^^^^^^^^^^^
2026-09-21T00:26:42.780719659Z   File "/usr/local/lib/python3.13/site-packages/fastapi/applications.py", line 1159, in __call__
2026-09-21T00:26:42.780721553Z     await super().__call__(scope, receive, send)
2026-09-21T00:26:42.780723446Z   File "/usr/local/lib/python3.13/site-packages/starlette/applications.py", line 107, in __call__
2026-09-21T00:26:42.780725340Z     await self.middleware_stack(scope, receive, send)
2026-09-21T00:26:42.780727234Z   File "/usr/local/lib/python3.13/site-packages/starlette/middleware/errors.py", line 186, in __call__
2026-09-21T00:26:42.780729148Z     raise exc
2026-09-21T00:26:42.780731081Z   File "/usr/local/lib/python3.13/site-packages/starlette/middleware/errors.py", line 164, in __call__
2026-09-21T00:26:42.780732995Z     await self.app(scope, receive, _send)
2026-09-21T00:26:42.780735741Z   File "/usr/local/lib/python3.13/site-packages/opentelemetry/instrumentation/asgi/__init__.py", line 806, in __call__
2026-09-21T00:26:42.780737634Z     await self.app(scope, otel_receive, otel_send)
2026-09-21T00:26:42.780739528Z   File "/usr/local/lib/python3.13/site-packages/starlette/middleware/errors.py", line 186, in __call__
2026-09-21T00:26:42.780741432Z     raise exc
2026-09-21T00:26:42.780743325Z   File "/usr/local/lib/python3.13/site-packages/starlette/middleware/errors.py", line 164, in __call__
2026-09-21T00:26:42.780745229Z     await self.app(scope, receive, _send)
2026-09-21T00:26:42.780747153Z   File "/usr/local/lib/python3.13/site-packages/opentelemetry/instrumentation/fastapi/__init__.py", line 305, in __call__
2026-09-21T00:26:42.780749037Z     await self.app(scope, receive, send)
2026-09-21T00:26:42.780750940Z   File "/usr/local/lib/python3.13/site-packages/prometheus_fastapi_instrumentator/middleware.py", line 177, in __call__
2026-09-21T00:26:42.780752854Z     raise exc
2026-09-21T00:26:42.780754718Z   File "/usr/local/lib/python3.13/site-packages/prometheus_fastapi_instrumentator/middleware.py", line 175, in __call__
2026-09-21T00:26:42.780756612Z     await self.app(scope, receive, send_wrapper)
2026-09-21T00:26:42.780758505Z   File "/usr/local/lib/python3.13/site-packages/starlette/middleware/exceptions.py", line 63, in __call__
2026-09-21T00:26:42.780761682Z     await wrap_app_handling_exceptions(self.app, conn)(scope, receive, send)
2026-09-21T00:26:42.780763886Z   File "/usr/local/lib/python3.13/site-packages/starlette/_exception_handler.py", line 53, in wrapped_app
2026-09-21T00:26:42.780765780Z     raise exc
2026-09-21T00:26:42.780767683Z   File "/usr/local/lib/python3.13/site-packages/starlette/_exception_handler.py", line 42, in wrapped_app
2026-09-21T00:26:42.780769617Z     await app(scope, receive, sender)
2026-09-21T00:26:42.780771511Z   File "/usr/local/lib/python3.13/site-packages/fastapi/middleware/asyncexitstack.py", line 18, in __call__
2026-09-21T00:26:42.780773395Z     await self.app(scope, receive, send)
2026-09-21T00:26:42.780775298Z   File "/usr/local/lib/python3.13/site-packages/starlette/routing.py", line 716, in __call__
2026-09-21T00:26:42.780777172Z     await self.middleware_stack(scope, receive, send)
2026-09-21T00:26:42.780784166Z   File "/usr/local/lib/python3.13/site-packages/starlette/routing.py", line 736, in app
2026-09-21T00:26:42.780786100Z     await route.handle(scope, receive, send)
2026-09-21T00:26:42.780788023Z   File "/usr/local/lib/python3.13/site-packages/starlette/routing.py", line 290, in handle
2026-09-21T00:26:42.780789917Z     await self.app(scope, receive, send)
2026-09-21T00:26:42.780791801Z   File "/usr/local/lib/python3.13/site-packages/fastapi/routing.py", line 134, in app
2026-09-21T00:26:42.780793785Z     await wrap_app_handling_exceptions(app, request)(scope, receive, send)
2026-09-21T00:26:42.780799065Z   File "/usr/local/lib/python3.13/site-packages/starlette/_exception_handler.py", line 53, in wrapped_app
2026-09-21T00:26:42.780800989Z     raise exc
2026-09-21T00:26:42.780802943Z   File "/usr/local/lib/python3.13/site-packages/starlette/_exception_handler.py", line 42, in wrapped_app
2026-09-21T00:26:42.780804896Z     await app(scope, receive, sender)
2026-09-21T00:26:42.780806810Z   File "/usr/local/lib/python3.13/site-packages/fastapi/routing.py", line 120, in app
2026-09-21T00:26:42.780809335Z     response = await f(request)
2026-09-21T00:26:42.780811259Z                ^^^^^^^^^^^^^^^^
2026-09-21T00:26:42.780813213Z   File "/usr/local/lib/python3.13/site-packages/fastapi/routing.py", line 674, in app
2026-09-21T00:26:42.780815117Z     raw_response = await run_endpoint_function(
2026-09-21T00:26:42.780817030Z                    ^^^^^^^^^^^^^^^^^^^^^^^^^^^^
2026-09-21T00:26:42.780819395Z     ...<3 lines>...
2026-09-21T00:26:42.780821309Z     )
2026-09-21T00:26:42.780823212Z     ^
2026-09-21T00:26:42.780825116Z   File "/usr/local/lib/python3.13/site-packages/fastapi/routing.py", line 330, in run_endpoint_function
2026-09-21T00:26:42.780827010Z     return await run_in_threadpool(dependant.call, **values)
2026-09-21T00:26:42.780829024Z            ^^^^^^^^^^^^^^^^^^^^^^^^^^^^^^^^^^^^^^^^^^^^^^^^^
2026-09-21T00:26:42.780864664Z   File "/usr/local/lib/python3.13/site-packages/starlette/concurrency.py", line 32, in run_in_threadpool
2026-09-21T00:26:42.780869473Z     return await anyio.to_thread.run_sync(func)
2026-09-21T00:26:42.780871467Z            ^^^^^^^^^^^^^^^^^^^^^^^^^^^^^^^^^^^^
2026-09-21T00:26:42.780873411Z   File "/usr/local/lib/python3.13/site-packages/anyio/to_thread.py", line 63, in run_sync
2026-09-21T00:26:42.780875315Z     return await get_async_backend().run_sync_in_worker_thread(
2026-09-21T00:26:42.780877229Z            ^^^^^^^^^^^^^^^^^^^^^^^^^^^^^^^^^^^^^^^^^^^^^^^^^^^^
2026-09-21T00:26:42.780879142Z         func, args, abandon_on_cancel=abandon_on_cancel, limiter=limiter
2026-09-21T00:26:42.780881046Z         ^^^^^^^^^^^^^^^^^^^^^^^^^^^^^^^^^^^^^^^^^^^^^^^^^^^^^^^^^^^^^^^^
2026-09-21T00:26:42.780882950Z     )
2026-09-21T00:26:42.780884924Z     ^
2026-09-21T00:26:42.780886838Z   File "/usr/local/lib/python3.13/site-packages/anyio/_backends/_asyncio.py", line 2518, in run_sync_in_worker_thread
2026-09-21T00:26:42.780888761Z     return await future
2026-09-21T00:26:42.780890675Z            ^^^^^^^^^^^^
2026-09-21T00:26:42.780892579Z   File "/usr/local/lib/python3.13/site-packages/anyio/_backends/_asyncio.py", line 1002, in run
2026-09-21T00:26:42.780894473Z     result = context.run(func, *args)
2026-09-21T00:26:42.780896386Z   File "/app/app/routers/orders.py", line 36, in checkout
2026-09-21T00:26:42.780898340Z     return create_order(
2026-09-21T00:26:42.780900304Z         db=db,
2026-09-21T00:26:42.780902228Z     ...<2 lines>...
2026-09-21T00:26:42.780904142Z         correlation_id=correlation_id,
2026-09-21T00:26:42.780906055Z     )
2026-09-21T00:26:42.780918029Z   File "/app/app/services/order_service.py", line 42, in create_order
2026-09-21T00:26:42.780920043Z     result = db.execute(
2026-09-21T00:26:42.780921957Z         select(ProductModel).where(ProductModel.id == product_id)
2026-09-21T00:26:42.780923860Z     )
2026-09-21T00:26:42.780925995Z   File "/usr/local/lib/python3.13/site-packages/sqlalchemy/orm/session.py", line 2372, in execute
2026-09-21T00:26:42.780927918Z     return self._execute_internal(
2026-09-21T00:26:42.780929802Z            ~~~~~~~~~~~~~~~~~~~~~~^
2026-09-21T00:26:42.780931696Z         statement,
2026-09-21T00:26:42.780933619Z         ^^^^^^^^^^
2026-09-21T00:26:42.780935523Z     ...<4 lines>...
2026-09-21T00:26:42.780937427Z         _add_event=_add_event,
2026-09-21T00:26:42.780939311Z         ^^^^^^^^^^^^^^^^^^^^^^
2026-09-21T00:26:42.780941224Z     )
2026-09-21T00:26:42.780943118Z     ^
2026-09-21T00:26:42.780945042Z   File "/usr/local/lib/python3.13/site-packages/sqlalchemy/orm/session.py", line 2260, in _execute_internal
2026-09-21T00:26:42.780947006Z     conn = self._connection_for_bind(bind)
2026-09-21T00:26:42.780948910Z   File "/usr/local/lib/python3.13/site-packages/sqlalchemy/orm/session.py", line 2112, in _connection_for_bind
2026-09-21T00:26:42.780950823Z     return trans._connection_for_bind(engine, execution_options)
2026-09-21T00:26:42.780952737Z            ~~~~~~~~~~~~~~~~~~~~~~~~~~^^^^^^^^^^^^^^^^^^^^^^^^^^^
2026-09-21T00:26:42.780954661Z   File "<string>", line 2, in _connection_for_bind
2026-09-21T00:26:42.780956585Z   File "/usr/local/lib/python3.13/site-packages/sqlalchemy/orm/state_changes.py", line 137, in _go
2026-09-21T00:26:42.780958599Z     ret_value = fn(self, *arg, **kw)
2026-09-21T00:26:42.780960512Z   File "/usr/local/lib/python3.13/site-packages/sqlalchemy/orm/session.py", line 1191, in _connection_for_bind
2026-09-21T00:26:42.780962436Z     conn = bind.connect()
2026-09-21T00:26:42.780964881Z   File "/usr/local/lib/python3.13/site-packages/opentelemetry/instrumentation/sqlalchemy/engine.py", line 200, in _wrap_connect_internal
2026-09-21T00:26:42.780966795Z     return func(*args, **kwargs)
2026-09-21T00:26:42.780968698Z   File "/usr/local/lib/python3.13/site-packages/sqlalchemy/engine/base.py", line 3295, in connect
2026-09-21T00:26:42.780970612Z     return self._connection_cls(self)
2026-09-21T00:26:42.780972546Z            ~~~~~~~~~~~~~~~~~~~~^^^^^^
2026-09-21T00:26:42.780974460Z   File "/usr/local/lib/python3.13/site-packages/sqlalchemy/engine/base.py", line 144, in __init__
2026-09-21T00:26:42.780976343Z     self._dbapi_connection = engine.raw_connection()
2026-09-21T00:26:42.780978237Z                              ~~~~~~~~~~~~~~~~~~~~~^^
2026-09-21T00:26:42.780980121Z   File "/usr/local/lib/python3.13/site-packages/sqlalchemy/engine/base.py", line 3319, in raw_connection
2026-09-21T00:26:42.780982085Z     return self.pool.connect()
2026-09-21T00:26:42.780983978Z            ~~~~~~~~~~~~~~~~~^^
2026-09-21T00:26:42.780985892Z   File "/usr/local/lib/python3.13/site-packages/sqlalchemy/pool/base.py", line 448, in connect
2026-09-21T00:26:42.780987826Z     return _ConnectionFairy._checkout(self)
2026-09-21T00:26:42.780989730Z            ~~~~~~~~~~~~~~~~~~~~~~~~~~^^^^^^
2026-09-21T00:26:42.780991613Z   File "/usr/local/lib/python3.13/site-packages/sqlalchemy/pool/base.py", line 1272, in _checkout
2026-09-21T00:26:42.780993517Z     fairy = _ConnectionRecord.checkout(pool)
2026-09-21T00:26:42.780995431Z   File "/usr/local/lib/python3.13/site-packages/sqlalchemy/pool/base.py", line 712, in checkout
2026-09-21T00:26:42.780997315Z     rec = pool._do_get()
2026-09-21T00:26:42.780999208Z   File "/usr/local/lib/python3.13/site-packages/sqlalchemy/pool/impl.py", line 167, in _do_get
2026-09-21T00:26:42.781014088Z     raise exc.TimeoutError(
2026-09-21T00:26:42.781016092Z     ...<4 lines>...
2026-09-21T00:26:42.781018025Z     )
2026-09-21T00:26:42.781020731Z sqlalchemy.exc.TimeoutError: QueuePool limit of size 5 overflow 10 reached, connection timed out, timeout 30.00 (Background on this error at: https://sqlalche.me/e/20/3o7r)
2026-09-21T00:26:42.798591201Z ERROR:    Exception in ASGI application
2026-09-21T00:26:42.798629847Z Traceback (most recent call last):
2026-09-21T00:26:42.798635388Z   File "/usr/local/lib/python3.13/site-packages/uvicorn/protocols/http/httptools_impl.py", line 421, in run_asgi
2026-09-21T00:26:42.798640347Z     result = await app(  # type: ignore[func-returns-value]
2026-09-21T00:26:42.798644836Z              ^^^^^^^^^^^^^^^^^^^^^^^^^^^^^^^^^^^^^^^^^^^^^^
2026-09-21T00:26:42.798649115Z         self.scope, self.receive, self.send
2026-09-21T00:26:42.798653343Z         ^^^^^^^^^^^^^^^^^^^^^^^^^^^^^^^^^^^
2026-09-21T00:26:42.798657601Z     )
2026-09-21T00:26:42.798661940Z     ^
2026-09-21T00:26:42.798666298Z   File "/usr/local/lib/python3.13/site-packages/uvicorn/middleware/proxy_headers.py", line 63, in __call__
2026-09-21T00:26:42.798670637Z     return await self.app(scope, receive, send)
2026-09-21T00:26:42.798674855Z            ^^^^^^^^^^^^^^^^^^^^^^^^^^^^^^^^^^^^
2026-09-21T00:26:42.798679735Z   File "/usr/local/lib/python3.13/site-packages/fastapi/applications.py", line 1159, in __call__
2026-09-21T00:26:42.798684023Z     await super().__call__(scope, receive, send)
2026-09-21T00:26:42.798688272Z   File "/usr/local/lib/python3.13/site-packages/starlette/applications.py", line 107, in __call__
2026-09-21T00:26:42.798692570Z     await self.middleware_stack(scope, receive, send)
2026-09-21T00:26:42.798696818Z   File "/usr/local/lib/python3.13/site-packages/starlette/middleware/errors.py", line 186, in __call__
2026-09-21T00:26:42.798701187Z     raise exc
2026-09-21T00:26:42.798705515Z   File "/usr/local/lib/python3.13/site-packages/starlette/middleware/errors.py", line 164, in __call__
2026-09-21T00:26:42.798709824Z     await self.app(scope, receive, _send)
2026-09-21T00:26:42.798715004Z   File "/usr/local/lib/python3.13/site-packages/opentelemetry/instrumentation/asgi/__init__.py", line 806, in __call__
2026-09-21T00:26:42.798719303Z     await self.app(scope, otel_receive, otel_send)
2026-09-21T00:26:42.798723601Z   File "/usr/local/lib/python3.13/site-packages/starlette/middleware/errors.py", line 186, in __call__
2026-09-21T00:26:42.798727849Z     raise exc
2026-09-21T00:26:42.798732088Z   File "/usr/local/lib/python3.13/site-packages/starlette/middleware/errors.py", line 164, in __call__
2026-09-21T00:26:42.798736346Z     await self.app(scope, receive, _send)
2026-09-21T00:26:42.798740665Z   File "/usr/local/lib/python3.13/site-packages/opentelemetry/instrumentation/fastapi/__init__.py", line 305, in __call__
2026-09-21T00:26:42.798744933Z     await self.app(scope, receive, send)
2026-09-21T00:26:42.798749251Z   File "/usr/local/lib/python3.13/site-packages/prometheus_fastapi_instrumentator/middleware.py", line 177, in __call__
2026-09-21T00:26:42.798753500Z     raise exc
2026-09-21T00:26:42.798757798Z   File "/usr/local/lib/python3.13/site-packages/prometheus_fastapi_instrumentator/middleware.py", line 175, in __call__
2026-09-21T00:26:42.798765383Z     await self.app(scope, receive, send_wrapper)
2026-09-21T00:26:42.798769842Z   File "/usr/local/lib/python3.13/site-packages/starlette/middleware/exceptions.py", line 63, in __call__
2026-09-21T00:26:42.798774952Z     await wrap_app_handling_exceptions(self.app, conn)(scope, receive, send)
2026-09-21T00:26:42.798779230Z   File "/usr/local/lib/python3.13/site-packages/starlette/_exception_handler.py", line 53, in wrapped_app
2026-09-21T00:26:42.798813638Z     raise exc
2026-09-21T00:26:42.798818257Z   File "/usr/local/lib/python3.13/site-packages/starlette/_exception_handler.py", line 42, in wrapped_app
2026-09-21T00:26:42.798822525Z     await app(scope, receive, sender)
2026-09-21T00:26:42.798826794Z   File "/usr/local/lib/python3.13/site-packages/fastapi/middleware/asyncexitstack.py", line 18, in __call__
2026-09-21T00:26:42.798831032Z     await self.app(scope, receive, send)
2026-09-21T00:26:42.798835451Z   File "/usr/local/lib/python3.13/site-packages/starlette/routing.py", line 716, in __call__
2026-09-21T00:26:42.798839739Z     await self.middleware_stack(scope, receive, send)
2026-09-21T00:26:42.798844028Z   File "/usr/local/lib/python3.13/site-packages/starlette/routing.py", line 736, in app
2026-09-21T00:26:42.798848276Z     await route.handle(scope, receive, send)
2026-09-21T00:26:42.798852605Z   File "/usr/local/lib/python3.13/site-packages/starlette/routing.py", line 290, in handle
2026-09-21T00:26:42.798856873Z     await self.app(scope, receive, send)
2026-09-21T00:26:42.798861202Z   File "/usr/local/lib/python3.13/site-packages/fastapi/routing.py", line 134, in app
2026-09-21T00:26:42.798865470Z     await wrap_app_handling_exceptions(app, request)(scope, receive, send)
2026-09-21T00:26:42.798869748Z   File "/usr/local/lib/python3.13/site-packages/starlette/_exception_handler.py", line 53, in wrapped_app
2026-09-21T00:26:42.798873977Z     raise exc
2026-09-21T00:26:42.798878716Z   File "/usr/local/lib/python3.13/site-packages/starlette/_exception_handler.py", line 42, in wrapped_app
2026-09-21T00:26:42.798883014Z     await app(scope, receive, sender)
2026-09-21T00:26:42.798887333Z   File "/usr/local/lib/python3.13/site-packages/fastapi/routing.py", line 120, in app
2026-09-21T00:26:42.798892373Z     response = await f(request)
2026-09-21T00:26:42.798896671Z                ^^^^^^^^^^^^^^^^
2026-09-21T00:26:42.798900940Z   File "/usr/local/lib/python3.13/site-packages/fastapi/routing.py", line 674, in app
2026-09-21T00:26:42.798905248Z     raw_response = await run_endpoint_function(
2026-09-21T00:26:42.798909547Z                    ^^^^^^^^^^^^^^^^^^^^^^^^^^^^
2026-09-21T00:26:42.798914196Z     ...<3 lines>...
2026-09-21T00:26:42.798918474Z     )
2026-09-21T00:26:42.798922863Z     ^
2026-09-21T00:26:42.798927151Z   File "/usr/local/lib/python3.13/site-packages/fastapi/routing.py", line 330, in run_endpoint_function
2026-09-21T00:26:42.798931410Z     return await run_in_threadpool(dependant.call, **values)
2026-09-21T00:26:42.798935718Z            ^^^^^^^^^^^^^^^^^^^^^^^^^^^^^^^^^^^^^^^^^^^^^^^^^
2026-09-21T00:26:42.798984434Z   File "/usr/local/lib/python3.13/site-packages/starlette/concurrency.py", line 32, in run_in_threadpool
2026-09-21T00:26:42.798994263Z     return await anyio.to_thread.run_sync(func)
2026-09-21T00:26:42.798998722Z            ^^^^^^^^^^^^^^^^^^^^^^^^^^^^^^^^^^^^
2026-09-21T00:26:42.799003121Z   File "/usr/local/lib/python3.13/site-packages/anyio/to_thread.py", line 63, in run_sync
2026-09-21T00:26:42.799007449Z     return await get_async_backend().run_sync_in_worker_thread(
2026-09-21T00:26:42.799011717Z            ^^^^^^^^^^^^^^^^^^^^^^^^^^^^^^^^^^^^^^^^^^^^^^^^^^^^
2026-09-21T00:26:42.799016006Z         func, args, abandon_on_cancel=abandon_on_cancel, limiter=limiter
2026-09-21T00:26:42.799020274Z         ^^^^^^^^^^^^^^^^^^^^^^^^^^^^^^^^^^^^^^^^^^^^^^^^^^^^^^^^^^^^^^^^
2026-09-21T00:26:42.799024513Z     )
2026-09-21T00:26:42.799028771Z     ^
2026-09-21T00:26:42.799033079Z   File "/usr/local/lib/python3.13/site-packages/anyio/_backends/_asyncio.py", line 2518, in run_sync_in_worker_thread
2026-09-21T00:26:42.799054892Z     return await future
2026-09-21T00:26:42.799059401Z            ^^^^^^^^^^^^
2026-09-21T00:26:42.799063639Z   File "/usr/local/lib/python3.13/site-packages/anyio/_backends/_asyncio.py", line 1002, in run
2026-09-21T00:26:42.799067898Z     result = context.run(func, *args)
2026-09-21T00:26:42.799072166Z   File "/app/app/routers/orders.py", line 36, in checkout
2026-09-21T00:26:42.799076405Z     return create_order(
2026-09-21T00:26:42.799080773Z         db=db,
2026-09-21T00:26:42.799085412Z     ...<2 lines>...
2026-09-21T00:26:42.799089761Z         correlation_id=correlation_id,
2026-09-21T00:26:42.799094049Z     )
2026-09-21T00:26:42.799098378Z   File "/app/app/services/order_service.py", line 42, in create_order
2026-09-21T00:26:42.799102706Z     result = db.execute(
2026-09-21T00:26:42.799106995Z         select(ProductModel).where(ProductModel.id == product_id)
2026-09-21T00:26:42.799111283Z     )
2026-09-21T00:26:42.799115612Z   File "/usr/local/lib/python3.13/site-packages/sqlalchemy/orm/session.py", line 2372, in execute
2026-09-21T00:26:42.799117515Z     return self._execute_internal(
2026-09-21T00:26:42.799119409Z            ~~~~~~~~~~~~~~~~~~~~~~^
2026-09-21T00:26:42.799121293Z         statement,
2026-09-21T00:26:42.799123177Z         ^^^^^^^^^^
2026-09-21T00:26:42.799125130Z     ...<4 lines>...
2026-09-21T00:26:42.799127505Z         _add_event=_add_event,
2026-09-21T00:26:42.799129880Z         ^^^^^^^^^^^^^^^^^^^^^^
2026-09-21T00:26:42.799132234Z     )
2026-09-21T00:26:42.799134248Z     ^
2026-09-21T00:26:42.799136162Z   File "/usr/local/lib/python3.13/site-packages/sqlalchemy/orm/session.py", line 2260, in _execute_internal
2026-09-21T00:26:42.799138046Z     conn = self._connection_for_bind(bind)
2026-09-21T00:26:42.799140250Z   File "/usr/local/lib/python3.13/site-packages/sqlalchemy/orm/session.py", line 2112, in _connection_for_bind
2026-09-21T00:26:42.799142635Z     return trans._connection_for_bind(engine, execution_options)
2026-09-21T00:26:42.799145050Z            ~~~~~~~~~~~~~~~~~~~~~~~~~~^^^^^^^^^^^^^^^^^^^^^^^^^^^
2026-09-21T00:26:42.799147454Z   File "<string>", line 2, in _connection_for_bind
2026-09-21T00:26:42.799149348Z   File "/usr/local/lib/python3.13/site-packages/sqlalchemy/orm/state_changes.py", line 137, in _go
2026-09-21T00:26:42.799151232Z     ret_value = fn(self, *arg, **kw)
2026-09-21T00:26:42.799153125Z   File "/usr/local/lib/python3.13/site-packages/sqlalchemy/orm/session.py", line 1191, in _connection_for_bind
2026-09-21T00:26:42.799155009Z     conn = bind.connect()
2026-09-21T00:26:42.799157324Z   File "/usr/local/lib/python3.13/site-packages/opentelemetry/instrumentation/sqlalchemy/engine.py", line 200, in _wrap_connect_internal
2026-09-21T00:26:42.799159277Z     return func(*args, **kwargs)
2026-09-21T00:26:42.799161161Z   File "/usr/local/lib/python3.13/site-packages/sqlalchemy/engine/base.py", line 3295, in connect
2026-09-21T00:26:42.799163055Z     return self._connection_cls(self)
2026-09-21T00:26:42.799164929Z            ~~~~~~~~~~~~~~~~~~~~^^^^^^
2026-09-21T00:26:42.799166812Z   File "/usr/local/lib/python3.13/site-packages/sqlalchemy/engine/base.py", line 144, in __init__
2026-09-21T00:26:42.799168726Z     self._dbapi_connection = engine.raw_connection()
2026-09-21T00:26:42.799170610Z                              ~~~~~~~~~~~~~~~~~~~~~^^
2026-09-21T00:26:42.799172534Z   File "/usr/local/lib/python3.13/site-packages/sqlalchemy/engine/base.py", line 3319, in raw_connection
2026-09-21T00:26:42.799174417Z     return self.pool.connect()
2026-09-21T00:26:42.799176301Z            ~~~~~~~~~~~~~~~~~^^
2026-09-21T00:26:42.799178185Z   File "/usr/local/lib/python3.13/site-packages/sqlalchemy/pool/base.py", line 448, in connect
2026-09-21T00:26:42.799184116Z     return _ConnectionFairy._checkout(self)
2026-09-21T00:26:42.799186060Z            ~~~~~~~~~~~~~~~~~~~~~~~~~~^^^^^^
2026-09-21T00:26:42.799187964Z   File "/usr/local/lib/python3.13/site-packages/sqlalchemy/pool/base.py", line 1272, in _checkout
2026-09-21T00:26:42.799189828Z     fairy = _ConnectionRecord.checkout(pool)
2026-09-21T00:26:42.799191731Z   File "/usr/local/lib/python3.13/site-packages/sqlalchemy/pool/base.py", line 712, in checkout
2026-09-21T00:26:42.799193615Z     rec = pool._do_get()
2026-09-21T00:26:42.799195509Z   File "/usr/local/lib/python3.13/site-packages/sqlalchemy/pool/impl.py", line 167, in _do_get
2026-09-21T00:26:42.799197392Z     raise exc.TimeoutError(
2026-09-21T00:26:42.799199276Z     ...<4 lines>...
2026-09-21T00:26:42.799201150Z     )
2026-09-21T00:26:42.799203845Z sqlalchemy.exc.TimeoutError: QueuePool limit of size 5 overflow 10 reached, connection timed out, timeout 30.00 (Background on this error at: https://sqlalche.me/e/20/3o7r)
2026-09-21T00:26:42.814887626Z ERROR:    Exception in ASGI application
2026-09-21T00:26:42.814925811Z Traceback (most recent call last):
2026-09-21T00:26:42.814931533Z   File "/usr/local/lib/python3.13/site-packages/uvicorn/protocols/http/httptools_impl.py", line 421, in run_asgi
2026-09-21T00:26:42.814936432Z     result = await app(  # type: ignore[func-returns-value]
2026-09-21T00:26:42.814940811Z              ^^^^^^^^^^^^^^^^^^^^^^^^^^^^^^^^^^^^^^^^^^^^^^
2026-09-21T00:26:42.814945119Z         self.scope, self.receive, self.send
2026-09-21T00:26:42.814949668Z         ^^^^^^^^^^^^^^^^^^^^^^^^^^^^^^^^^^^
2026-09-21T00:26:42.814954047Z     )
2026-09-21T00:26:42.814958415Z     ^
2026-09-21T00:26:42.814963365Z   File "/usr/local/lib/python3.13/site-packages/uvicorn/middleware/proxy_headers.py", line 63, in __call__
2026-09-21T00:26:42.814967754Z     return await self.app(scope, receive, send)
2026-09-21T00:26:42.814972042Z            ^^^^^^^^^^^^^^^^^^^^^^^^^^^^^^^^^^^^
2026-09-21T00:26:42.814977263Z   File "/usr/local/lib/python3.13/site-packages/fastapi/applications.py", line 1159, in __call__
2026-09-21T00:26:42.814981551Z     await super().__call__(scope, receive, send)
2026-09-21T00:26:42.814985950Z   File "/usr/local/lib/python3.13/site-packages/starlette/applications.py", line 107, in __call__
2026-09-21T00:26:42.814990318Z     await self.middleware_stack(scope, receive, send)
2026-09-21T00:26:42.814994697Z   File "/usr/local/lib/python3.13/site-packages/starlette/middleware/errors.py", line 186, in __call__
2026-09-21T00:26:42.814999015Z     raise exc
2026-09-21T00:26:42.815003725Z   File "/usr/local/lib/python3.13/site-packages/starlette/middleware/errors.py", line 164, in __call__
2026-09-21T00:26:42.815008083Z     await self.app(scope, receive, _send)
2026-09-21T00:26:42.815013103Z   File "/usr/local/lib/python3.13/site-packages/opentelemetry/instrumentation/asgi/__init__.py", line 806, in __call__
2026-09-21T00:26:42.815017421Z     await self.app(scope, otel_receive, otel_send)
2026-09-21T00:26:42.815021910Z   File "/usr/local/lib/python3.13/site-packages/starlette/middleware/errors.py", line 186, in __call__
2026-09-21T00:26:42.815026259Z     raise exc
2026-09-21T00:26:42.815030547Z   File "/usr/local/lib/python3.13/site-packages/starlette/middleware/errors.py", line 164, in __call__
2026-09-21T00:26:42.815034876Z     await self.app(scope, receive, _send)
2026-09-21T00:26:42.815039415Z   File "/usr/local/lib/python3.13/site-packages/opentelemetry/instrumentation/fastapi/__init__.py", line 305, in __call__
2026-09-21T00:26:42.815043683Z     await self.app(scope, receive, send)
2026-09-21T00:26:42.815077329Z   File "/usr/local/lib/python3.13/site-packages/prometheus_fastapi_instrumentator/middleware.py", line 177, in __call__
2026-09-21T00:26:42.815081638Z     raise exc
2026-09-21T00:26:42.815083652Z   File "/usr/local/lib/python3.13/site-packages/prometheus_fastapi_instrumentator/middleware.py", line 175, in __call__
2026-09-21T00:26:42.815086137Z     await self.app(scope, receive, send_wrapper)
2026-09-21T00:26:42.815088050Z   File "/usr/local/lib/python3.13/site-packages/starlette/middleware/exceptions.py", line 63, in __call__
2026-09-21T00:26:42.815090766Z     await wrap_app_handling_exceptions(self.app, conn)(scope, receive, send)
2026-09-21T00:26:42.815092910Z   File "/usr/local/lib/python3.13/site-packages/starlette/_exception_handler.py", line 53, in wrapped_app
2026-09-21T00:26:42.815094834Z     raise exc
2026-09-21T00:26:42.815097188Z   File "/usr/local/lib/python3.13/site-packages/starlette/_exception_handler.py", line 42, in wrapped_app
2026-09-21T00:26:42.815099583Z     await app(scope, receive, sender)
2026-09-21T00:26:42.815101998Z   File "/usr/local/lib/python3.13/site-packages/fastapi/middleware/asyncexitstack.py", line 18, in __call__
2026-09-21T00:26:42.815104192Z     await self.app(scope, receive, send)
2026-09-21T00:26:42.815106136Z   File "/usr/local/lib/python3.13/site-packages/starlette/routing.py", line 716, in __call__
2026-09-21T00:26:42.815108080Z     await self.middleware_stack(scope, receive, send)
2026-09-21T00:26:42.815110294Z   File "/usr/local/lib/python3.13/site-packages/starlette/routing.py", line 736, in app
2026-09-21T00:26:42.815112669Z     await route.handle(scope, receive, send)
2026-09-21T00:26:42.815115103Z   File "/usr/local/lib/python3.13/site-packages/starlette/routing.py", line 290, in handle
2026-09-21T00:26:42.815117388Z     await self.app(scope, receive, send)
2026-09-21T00:26:42.815119302Z   File "/usr/local/lib/python3.13/site-packages/fastapi/routing.py", line 134, in app
2026-09-21T00:26:42.815121195Z     await wrap_app_handling_exceptions(app, request)(scope, receive, send)
2026-09-21T00:26:42.815126786Z   File "/usr/local/lib/python3.13/site-packages/starlette/_exception_handler.py", line 53, in wrapped_app
2026-09-21T00:26:42.815128720Z     raise exc
2026-09-21T00:26:42.815130674Z   File "/usr/local/lib/python3.13/site-packages/starlette/_exception_handler.py", line 42, in wrapped_app
2026-09-21T00:26:42.815134892Z     await app(scope, receive, sender)
2026-09-21T00:26:42.815136866Z   File "/usr/local/lib/python3.13/site-packages/fastapi/routing.py", line 120, in app
2026-09-21T00:26:42.815139481Z     response = await f(request)
2026-09-21T00:26:42.815141415Z                ^^^^^^^^^^^^^^^^
2026-09-21T00:26:42.815143319Z   File "/usr/local/lib/python3.13/site-packages/fastapi/routing.py", line 674, in app
2026-09-21T00:26:42.815145263Z     raw_response = await run_endpoint_function(
2026-09-21T00:26:42.815147247Z                    ^^^^^^^^^^^^^^^^^^^^^^^^^^^^
2026-09-21T00:26:42.815149581Z     ...<3 lines>...
2026-09-21T00:26:42.815151525Z     )
2026-09-21T00:26:42.815153459Z     ^
2026-09-21T00:26:42.815155373Z   File "/usr/local/lib/python3.13/site-packages/fastapi/routing.py", line 330, in run_endpoint_function
2026-09-21T00:26:42.815157316Z     return await run_in_threadpool(dependant.call, **values)
2026-09-21T00:26:42.815159230Z            ^^^^^^^^^^^^^^^^^^^^^^^^^^^^^^^^^^^^^^^^^^^^^^^^^
2026-09-21T00:26:42.815191373Z   File "/usr/local/lib/python3.13/site-packages/starlette/concurrency.py", line 32, in run_in_threadpool
2026-09-21T00:26:42.815196073Z     return await anyio.to_thread.run_sync(func)
2026-09-21T00:26:42.815198047Z            ^^^^^^^^^^^^^^^^^^^^^^^^^^^^^^^^^^^^
2026-09-21T00:26:42.815208136Z   File "/usr/local/lib/python3.13/site-packages/anyio/to_thread.py", line 63, in run_sync
2026-09-21T00:26:42.815210140Z     return await get_async_backend().run_sync_in_worker_thread(
2026-09-21T00:26:42.815212124Z            ^^^^^^^^^^^^^^^^^^^^^^^^^^^^^^^^^^^^^^^^^^^^^^^^^^^^
2026-09-21T00:26:42.815214038Z         func, args, abandon_on_cancel=abandon_on_cancel, limiter=limiter
2026-09-21T00:26:42.815215952Z         ^^^^^^^^^^^^^^^^^^^^^^^^^^^^^^^^^^^^^^^^^^^^^^^^^^^^^^^^^^^^^^^^
2026-09-21T00:26:42.815217865Z     )
2026-09-21T00:26:42.815219779Z     ^
2026-09-21T00:26:42.815221663Z   File "/usr/local/lib/python3.13/site-packages/anyio/_backends/_asyncio.py", line 2518, in run_sync_in_worker_thread
2026-09-21T00:26:42.815223587Z     return await future
2026-09-21T00:26:42.815225500Z            ^^^^^^^^^^^^
2026-09-21T00:26:42.815227444Z   File "/usr/local/lib/python3.13/site-packages/anyio/_backends/_asyncio.py", line 1002, in run
2026-09-21T00:26:42.815229358Z     result = context.run(func, *args)
2026-09-21T00:26:42.815231252Z   File "/app/app/routers/orders.py", line 36, in checkout
2026-09-21T00:26:42.815233186Z     return create_order(
2026-09-21T00:26:42.815235099Z         db=db,
2026-09-21T00:26:42.815237033Z     ...<2 lines>...
2026-09-21T00:26:42.815238987Z         correlation_id=correlation_id,
2026-09-21T00:26:42.815240911Z     )
2026-09-21T00:26:42.815242875Z   File "/app/app/services/order_service.py", line 42, in create_order
2026-09-21T00:26:42.815244788Z     result = db.execute(
2026-09-21T00:26:42.815246702Z         select(ProductModel).where(ProductModel.id == product_id)
2026-09-21T00:26:42.815248576Z     )
2026-09-21T00:26:42.815250480Z   File "/usr/local/lib/python3.13/site-packages/sqlalchemy/orm/session.py", line 2372, in execute
2026-09-21T00:26:42.815254798Z     return self._execute_internal(
2026-09-21T00:26:42.815256762Z            ~~~~~~~~~~~~~~~~~~~~~~^
2026-09-21T00:26:42.815258686Z         statement,
2026-09-21T00:26:42.815260640Z         ^^^^^^^^^^
2026-09-21T00:26:42.815262573Z     ...<4 lines>...
2026-09-21T00:26:42.815264467Z         _add_event=_add_event,
2026-09-21T00:26:42.815266351Z         ^^^^^^^^^^^^^^^^^^^^^^
2026-09-21T00:26:42.815268245Z     )
2026-09-21T00:26:42.815270148Z     ^
2026-09-21T00:26:42.815272052Z   File "/usr/local/lib/python3.13/site-packages/sqlalchemy/orm/session.py", line 2260, in _execute_internal
2026-09-21T00:26:42.815273966Z     conn = self._connection_for_bind(bind)
2026-09-21T00:26:42.815275890Z   File "/usr/local/lib/python3.13/site-packages/sqlalchemy/orm/session.py", line 2112, in _connection_for_bind
2026-09-21T00:26:42.815277803Z     return trans._connection_for_bind(engine, execution_options)
2026-09-21T00:26:42.815279677Z            ~~~~~~~~~~~~~~~~~~~~~~~~~~^^^^^^^^^^^^^^^^^^^^^^^^^^^
2026-09-21T00:26:42.815283404Z   File "<string>", line 2, in _connection_for_bind
2026-09-21T00:26:42.815285328Z   File "/usr/local/lib/python3.13/site-packages/sqlalchemy/orm/state_changes.py", line 137, in _go
2026-09-21T00:26:42.815287242Z     ret_value = fn(self, *arg, **kw)
2026-09-21T00:26:42.815289146Z   File "/usr/local/lib/python3.13/site-packages/sqlalchemy/orm/session.py", line 1191, in _connection_for_bind
2026-09-21T00:26:42.815291059Z     conn = bind.connect()
2026-09-21T00:26:42.815293534Z   File "/usr/local/lib/python3.13/site-packages/opentelemetry/instrumentation/sqlalchemy/engine.py", line 200, in _wrap_connect_internal
2026-09-21T00:26:42.815295538Z     return func(*args, **kwargs)
2026-09-21T00:26:42.815297462Z   File "/usr/local/lib/python3.13/site-packages/sqlalchemy/engine/base.py", line 3295, in connect
2026-09-21T00:26:42.815303975Z     return self._connection_cls(self)
2026-09-21T00:26:42.815305919Z            ~~~~~~~~~~~~~~~~~~~~^^^^^^
2026-09-21T00:26:42.815307923Z   File "/usr/local/lib/python3.13/site-packages/sqlalchemy/engine/base.py", line 144, in __init__
2026-09-21T00:26:42.815309836Z     self._dbapi_connection = engine.raw_connection()
2026-09-21T00:26:42.815311730Z                              ~~~~~~~~~~~~~~~~~~~~~^^
2026-09-21T00:26:42.815313684Z   File "/usr/local/lib/python3.13/site-packages/sqlalchemy/engine/base.py", line 3319, in raw_connection
2026-09-21T00:26:42.815315608Z     return self.pool.connect()
2026-09-21T00:26:42.815317511Z            ~~~~~~~~~~~~~~~~~^^
2026-09-21T00:26:42.815319475Z   File "/usr/local/lib/python3.13/site-packages/sqlalchemy/pool/base.py", line 448, in connect
2026-09-21T00:26:42.815321379Z     return _ConnectionFairy._checkout(self)
2026-09-21T00:26:42.815323273Z            ~~~~~~~~~~~~~~~~~~~~~~~~~~^^^^^^
2026-09-21T00:26:42.815325176Z   File "/usr/local/lib/python3.13/site-packages/sqlalchemy/pool/base.py", line 1272, in _checkout
2026-09-21T00:26:42.815327060Z     fairy = _ConnectionRecord.checkout(pool)
2026-09-21T00:26:42.815329024Z   File "/usr/local/lib/python3.13/site-packages/sqlalchemy/pool/base.py", line 712, in checkout
2026-09-21T00:26:42.815330918Z     rec = pool._do_get()
2026-09-21T00:26:42.815332852Z   File "/usr/local/lib/python3.13/site-packages/sqlalchemy/pool/impl.py", line 167, in _do_get
2026-09-21T00:26:42.815334745Z     raise exc.TimeoutError(
2026-09-21T00:26:42.815336649Z     ...<4 lines>...
2026-09-21T00:26:42.815338563Z     )
2026-09-21T00:26:42.815341098Z sqlalchemy.exc.TimeoutError: QueuePool limit of size 5 overflow 10 reached, connection timed out, timeout 30.00 (Background on this error at: https://sqlalche.me/e/20/3o7r)
2026-09-21T00:26:42.821209794Z ERROR:    Exception in ASGI application
2026-09-21T00:26:42.821250324Z Traceback (most recent call last):
2026-09-21T00:26:42.821255955Z   File "/usr/local/lib/python3.13/site-packages/uvicorn/protocols/http/httptools_impl.py", line 421, in run_asgi
2026-09-21T00:26:42.821260975Z     result = await app(  # type: ignore[func-returns-value]
2026-09-21T00:26:42.821265343Z              ^^^^^^^^^^^^^^^^^^^^^^^^^^^^^^^^^^^^^^^^^^^^^^
2026-09-21T00:26:42.821269732Z         self.scope, self.receive, self.send
2026-09-21T00:26:42.821273980Z         ^^^^^^^^^^^^^^^^^^^^^^^^^^^^^^^^^^^
2026-09-21T00:26:42.821278339Z     )
2026-09-21T00:26:42.821282858Z     ^
2026-09-21T00:26:42.821287206Z   File "/usr/local/lib/python3.13/site-packages/uvicorn/middleware/proxy_headers.py", line 63, in __call__
2026-09-21T00:26:42.821291535Z     return await self.app(scope, receive, send)
2026-09-21T00:26:42.821295773Z            ^^^^^^^^^^^^^^^^^^^^^^^^^^^^^^^^^^^^
2026-09-21T00:26:42.821300723Z   File "/usr/local/lib/python3.13/site-packages/fastapi/applications.py", line 1159, in __call__
2026-09-21T00:26:42.821305142Z     await super().__call__(scope, receive, send)
2026-09-21T00:26:42.821309390Z   File "/usr/local/lib/python3.13/site-packages/starlette/applications.py", line 107, in __call__
2026-09-21T00:26:42.821313658Z     await self.middleware_stack(scope, receive, send)
2026-09-21T00:26:42.821318247Z   File "/usr/local/lib/python3.13/site-packages/starlette/middleware/errors.py", line 186, in __call__
2026-09-21T00:26:42.821322857Z     raise exc
2026-09-21T00:26:42.821327195Z   File "/usr/local/lib/python3.13/site-packages/starlette/middleware/errors.py", line 164, in __call__
2026-09-21T00:26:42.821331483Z     await self.app(scope, receive, _send)
2026-09-21T00:26:42.821336253Z   File "/usr/local/lib/python3.13/site-packages/opentelemetry/instrumentation/asgi/__init__.py", line 806, in __call__
2026-09-21T00:26:42.821369268Z     await self.app(scope, otel_receive, otel_send)
2026-09-21T00:26:42.821373857Z   File "/usr/local/lib/python3.13/site-packages/starlette/middleware/errors.py", line 186, in __call__
2026-09-21T00:26:42.821378165Z     raise exc
2026-09-21T00:26:42.821382474Z   File "/usr/local/lib/python3.13/site-packages/starlette/middleware/errors.py", line 164, in __call__
2026-09-21T00:26:42.821386732Z     await self.app(scope, receive, _send)
2026-09-21T00:26:42.821391011Z   File "/usr/local/lib/python3.13/site-packages/opentelemetry/instrumentation/fastapi/__init__.py", line 305, in __call__
2026-09-21T00:26:42.821395219Z     await self.app(scope, receive, send)
2026-09-21T00:26:42.821399487Z   File "/usr/local/lib/python3.13/site-packages/prometheus_fastapi_instrumentator/middleware.py", line 177, in __call__
2026-09-21T00:26:42.821403705Z     raise exc
2026-09-21T00:26:42.821407934Z   File "/usr/local/lib/python3.13/site-packages/prometheus_fastapi_instrumentator/middleware.py", line 175, in __call__
2026-09-21T00:26:42.821412393Z     await self.app(scope, receive, send_wrapper)
2026-09-21T00:26:42.821416761Z   File "/usr/local/lib/python3.13/site-packages/starlette/middleware/exceptions.py", line 63, in __call__
2026-09-21T00:26:42.821434887Z     await wrap_app_handling_exceptions(self.app, conn)(scope, receive, send)
2026-09-21T00:26:42.821439526Z   File "/usr/local/lib/python3.13/site-packages/starlette/_exception_handler.py", line 53, in wrapped_app
2026-09-21T00:26:42.821443814Z     raise exc
2026-09-21T00:26:42.821448093Z   File "/usr/local/lib/python3.13/site-packages/starlette/_exception_handler.py", line 42, in wrapped_app
2026-09-21T00:26:42.821452321Z     await app(scope, receive, sender)
2026-09-21T00:26:42.821456589Z   File "/usr/local/lib/python3.13/site-packages/fastapi/middleware/asyncexitstack.py", line 18, in __call__
2026-09-21T00:26:42.821460858Z     await self.app(scope, receive, send)
2026-09-21T00:26:42.821465176Z   File "/usr/local/lib/python3.13/site-packages/starlette/routing.py", line 716, in __call__
2026-09-21T00:26:42.821469425Z     await self.middleware_stack(scope, receive, send)
2026-09-21T00:26:42.821473683Z   File "/usr/local/lib/python3.13/site-packages/starlette/routing.py", line 736, in app
2026-09-21T00:26:42.821477911Z     await route.handle(scope, receive, send)
2026-09-21T00:26:42.821482170Z   File "/usr/local/lib/python3.13/site-packages/starlette/routing.py", line 290, in handle
2026-09-21T00:26:42.821486468Z     await self.app(scope, receive, send)
2026-09-21T00:26:42.821490957Z   File "/usr/local/lib/python3.13/site-packages/fastapi/routing.py", line 134, in app
2026-09-21T00:26:42.821495265Z     await wrap_app_handling_exceptions(app, request)(scope, receive, send)
2026-09-21T00:26:42.821499594Z   File "/usr/local/lib/python3.13/site-packages/starlette/_exception_handler.py", line 53, in wrapped_app
2026-09-21T00:26:42.821503872Z     raise exc
2026-09-21T00:26:42.821508181Z   File "/usr/local/lib/python3.13/site-packages/starlette/_exception_handler.py", line 42, in wrapped_app
2026-09-21T00:26:42.821512439Z     await app(scope, receive, sender)
2026-09-21T00:26:42.821516718Z   File "/usr/local/lib/python3.13/site-packages/fastapi/routing.py", line 120, in app
2026-09-21T00:26:42.821522088Z     response = await f(request)
2026-09-21T00:26:42.821526387Z                ^^^^^^^^^^^^^^^^
2026-09-21T00:26:42.821530635Z   File "/usr/local/lib/python3.13/site-packages/fastapi/routing.py", line 674, in app
2026-09-21T00:26:42.821534953Z     raw_response = await run_endpoint_function(
2026-09-21T00:26:42.821539212Z                    ^^^^^^^^^^^^^^^^^^^^^^^^^^^^
2026-09-21T00:26:42.821543991Z     ...<3 lines>...
2026-09-21T00:26:42.821572207Z     )
2026-09-21T00:26:42.821576675Z     ^
2026-09-21T00:26:42.821580944Z   File "/usr/local/lib/python3.13/site-packages/fastapi/routing.py", line 330, in run_endpoint_function
2026-09-21T00:26:42.821585202Z     return await run_in_threadpool(dependant.call, **values)
2026-09-21T00:26:42.821589491Z            ^^^^^^^^^^^^^^^^^^^^^^^^^^^^^^^^^^^^^^^^^^^^^^^^^
2026-09-21T00:26:42.821659849Z   File "/usr/local/lib/python3.13/site-packages/starlette/concurrency.py", line 32, in run_in_threadpool
2026-09-21T00:26:42.821670009Z     return await anyio.to_thread.run_sync(func)
2026-09-21T00:26:42.821674458Z            ^^^^^^^^^^^^^^^^^^^^^^^^^^^^^^^^^^^^
2026-09-21T00:26:42.821678736Z   File "/usr/local/lib/python3.13/site-packages/anyio/to_thread.py", line 63, in run_sync
2026-09-21T00:26:42.821683095Z     return await get_async_backend().run_sync_in_worker_thread(
2026-09-21T00:26:42.821687383Z            ^^^^^^^^^^^^^^^^^^^^^^^^^^^^^^^^^^^^^^^^^^^^^^^^^^^^
2026-09-21T00:26:42.821691662Z         func, args, abandon_on_cancel=abandon_on_cancel, limiter=limiter
2026-09-21T00:26:42.821696060Z         ^^^^^^^^^^^^^^^^^^^^^^^^^^^^^^^^^^^^^^^^^^^^^^^^^^^^^^^^^^^^^^^^
2026-09-21T00:26:42.821700399Z     )
2026-09-21T00:26:42.821704697Z     ^
2026-09-21T00:26:42.821708986Z   File "/usr/local/lib/python3.13/site-packages/anyio/_backends/_asyncio.py", line 2518, in run_sync_in_worker_thread
2026-09-21T00:26:42.821713344Z     return await future
2026-09-21T00:26:42.821717643Z            ^^^^^^^^^^^^
2026-09-21T00:26:42.821721911Z   File "/usr/local/lib/python3.13/site-packages/anyio/_backends/_asyncio.py", line 1002, in run
2026-09-21T00:26:42.821726189Z     result = context.run(func, *args)
2026-09-21T00:26:42.821730518Z   File "/app/app/routers/orders.py", line 36, in checkout
2026-09-21T00:26:42.821734816Z     return create_order(
2026-09-21T00:26:42.821739135Z         db=db,
2026-09-21T00:26:42.821743503Z     ...<2 lines>...
2026-09-21T00:26:42.821747912Z         correlation_id=correlation_id,
2026-09-21T00:26:42.821752160Z     )
2026-09-21T00:26:42.821756529Z   File "/app/app/services/order_service.py", line 42, in create_order
2026-09-21T00:26:42.821760807Z     result = db.execute(
2026-09-21T00:26:42.821765136Z         select(ProductModel).where(ProductModel.id == product_id)
2026-09-21T00:26:42.821769464Z     )
2026-09-21T00:26:42.821773773Z   File "/usr/local/lib/python3.13/site-packages/sqlalchemy/orm/session.py", line 2372, in execute
2026-09-21T00:26:42.821778071Z     return self._execute_internal(
2026-09-21T00:26:42.821782340Z            ~~~~~~~~~~~~~~~~~~~~~~^
2026-09-21T00:26:42.821786628Z         statement,
2026-09-21T00:26:42.821790897Z         ^^^^^^^^^^
2026-09-21T00:26:42.821795165Z     ...<4 lines>...
2026-09-21T00:26:42.821799473Z         _add_event=_add_event,
2026-09-21T00:26:42.821803752Z         ^^^^^^^^^^^^^^^^^^^^^^
2026-09-21T00:26:42.821807980Z     )
2026-09-21T00:26:42.821812279Z     ^
2026-09-21T00:26:42.821816617Z   File "/usr/local/lib/python3.13/site-packages/sqlalchemy/orm/session.py", line 2260, in _execute_internal
2026-09-21T00:26:42.821820926Z     conn = self._connection_for_bind(bind)
2026-09-21T00:26:42.821825234Z   File "/usr/local/lib/python3.13/site-packages/sqlalchemy/orm/session.py", line 2112, in _connection_for_bind
2026-09-21T00:26:42.821829573Z     return trans._connection_for_bind(engine, execution_options)
2026-09-21T00:26:42.821833911Z            ~~~~~~~~~~~~~~~~~~~~~~~~~~^^^^^^^^^^^^^^^^^^^^^^^^^^^
2026-09-21T00:26:42.821838210Z   File "<string>", line 2, in _connection_for_bind
2026-09-21T00:26:42.821842508Z   File "/usr/local/lib/python3.13/site-packages/sqlalchemy/orm/state_changes.py", line 137, in _go
2026-09-21T00:26:42.821868219Z     ret_value = fn(self, *arg, **kw)
2026-09-21T00:26:42.821872697Z   File "/usr/local/lib/python3.13/site-packages/sqlalchemy/orm/session.py", line 1191, in _connection_for_bind
2026-09-21T00:26:42.821876936Z     conn = bind.connect()
2026-09-21T00:26:42.821882166Z   File "/usr/local/lib/python3.13/site-packages/opentelemetry/instrumentation/sqlalchemy/engine.py", line 200, in _wrap_connect_internal
2026-09-21T00:26:42.821886434Z     return func(*args, **kwargs)
2026-09-21T00:26:42.821891074Z   File "/usr/local/lib/python3.13/site-packages/sqlalchemy/engine/base.py", line 3295, in connect
2026-09-21T00:26:42.821895322Z     return self._connection_cls(self)
2026-09-21T00:26:42.821899520Z            ~~~~~~~~~~~~~~~~~~~~^^^^^^
2026-09-21T00:26:42.821903718Z   File "/usr/local/lib/python3.13/site-packages/sqlalchemy/engine/base.py", line 144, in __init__
2026-09-21T00:26:42.821907937Z     self._dbapi_connection = engine.raw_connection()
2026-09-21T00:26:42.821912175Z                              ~~~~~~~~~~~~~~~~~~~~~^^
2026-09-21T00:26:42.821916413Z   File "/usr/local/lib/python3.13/site-packages/sqlalchemy/engine/base.py", line 3319, in raw_connection
2026-09-21T00:26:42.821920622Z     return self.pool.connect()
2026-09-21T00:26:42.821924890Z            ~~~~~~~~~~~~~~~~~^^
2026-09-21T00:26:42.821929138Z   File "/usr/local/lib/python3.13/site-packages/sqlalchemy/pool/base.py", line 448, in connect
2026-09-21T00:26:42.821933357Z     return _ConnectionFairy._checkout(self)
2026-09-21T00:26:42.821937595Z            ~~~~~~~~~~~~~~~~~~~~~~~~~~^^^^^^
2026-09-21T00:26:42.821941833Z   File "/usr/local/lib/python3.13/site-packages/sqlalchemy/pool/base.py", line 1272, in _checkout
2026-09-21T00:26:42.821946042Z     fairy = _ConnectionRecord.checkout(pool)
2026-09-21T00:26:42.821950540Z   File "/usr/local/lib/python3.13/site-packages/sqlalchemy/pool/base.py", line 712, in checkout
2026-09-21T00:26:42.821954779Z     rec = pool._do_get()
2026-09-21T00:26:42.821959047Z   File "/usr/local/lib/python3.13/site-packages/sqlalchemy/pool/impl.py", line 167, in _do_get
2026-09-21T00:26:42.821963255Z     raise exc.TimeoutError(
2026-09-21T00:26:42.821967684Z     ...<4 lines>...
2026-09-21T00:26:42.821971953Z     )
2026-09-21T00:26:42.821977113Z sqlalchemy.exc.TimeoutError: QueuePool limit of size 5 overflow 10 reached, connection timed out, timeout 30.00 (Background on this error at: https://sqlalche.me/e/20/3o7r)
2026-09-21T00:26:42.876605172Z ERROR:    Exception in ASGI application
2026-09-21T00:26:42.876644570Z Traceback (most recent call last):
2026-09-21T00:26:42.876649890Z   File "/usr/local/lib/python3.13/site-packages/uvicorn/protocols/http/httptools_impl.py", line 421, in run_asgi
2026-09-21T00:26:42.876654379Z     result = await app(  # type: ignore[func-returns-value]
2026-09-21T00:26:42.876658377Z              ^^^^^^^^^^^^^^^^^^^^^^^^^^^^^^^^^^^^^^^^^^^^^^
2026-09-21T00:26:42.876662274Z         self.scope, self.receive, self.send
2026-09-21T00:26:42.876666132Z         ^^^^^^^^^^^^^^^^^^^^^^^^^^^^^^^^^^^
2026-09-21T00:26:42.876670120Z     )
2026-09-21T00:26:42.876674128Z     ^
2026-09-21T00:26:42.876678126Z   File "/usr/local/lib/python3.13/site-packages/uvicorn/middleware/proxy_headers.py", line 63, in __call__
2026-09-21T00:26:42.876682224Z     return await self.app(scope, receive, send)
2026-09-21T00:26:42.876686161Z            ^^^^^^^^^^^^^^^^^^^^^^^^^^^^^^^^^^^^
2026-09-21T00:26:42.876690771Z   File "/usr/local/lib/python3.13/site-packages/fastapi/applications.py", line 1159, in __call__
2026-09-21T00:26:42.876694788Z     await super().__call__(scope, receive, send)
2026-09-21T00:26:42.876725870Z   File "/usr/local/lib/python3.13/site-packages/starlette/applications.py", line 107, in __call__
2026-09-21T00:26:42.876730038Z     await self.middleware_stack(scope, receive, send)
2026-09-21T00:26:42.876733905Z   File "/usr/local/lib/python3.13/site-packages/starlette/middleware/errors.py", line 186, in __call__
2026-09-21T00:26:42.876737813Z     raise exc
2026-09-21T00:26:42.876741821Z   File "/usr/local/lib/python3.13/site-packages/starlette/middleware/errors.py", line 164, in __call__
2026-09-21T00:26:42.876745749Z     await self.app(scope, receive, _send)
2026-09-21T00:26:42.876750758Z   File "/usr/local/lib/python3.13/site-packages/opentelemetry/instrumentation/asgi/__init__.py", line 806, in __call__
2026-09-21T00:26:42.876754706Z     await self.app(scope, otel_receive, otel_send)
2026-09-21T00:26:42.876758624Z   File "/usr/local/lib/python3.13/site-packages/starlette/middleware/errors.py", line 186, in __call__
2026-09-21T00:26:42.876762522Z     raise exc
2026-09-21T00:26:42.876766539Z   File "/usr/local/lib/python3.13/site-packages/starlette/middleware/errors.py", line 164, in __call__
2026-09-21T00:26:42.876770427Z     await self.app(scope, receive, _send)
2026-09-21T00:26:42.876774355Z   File "/usr/local/lib/python3.13/site-packages/opentelemetry/instrumentation/fastapi/__init__.py", line 305, in __call__
2026-09-21T00:26:42.876778232Z     await self.app(scope, receive, send)
2026-09-21T00:26:42.876782240Z   File "/usr/local/lib/python3.13/site-packages/prometheus_fastapi_instrumentator/middleware.py", line 177, in __call__
2026-09-21T00:26:42.876786178Z     raise exc
2026-09-21T00:26:42.876790066Z   File "/usr/local/lib/python3.13/site-packages/prometheus_fastapi_instrumentator/middleware.py", line 175, in __call__
2026-09-21T00:26:42.876793953Z     await self.app(scope, receive, send_wrapper)
2026-09-21T00:26:42.876797851Z   File "/usr/local/lib/python3.13/site-packages/starlette/middleware/exceptions.py", line 63, in __call__
2026-09-21T00:26:42.876802670Z     await wrap_app_handling_exceptions(self.app, conn)(scope, receive, send)
2026-09-21T00:26:42.876806628Z   File "/usr/local/lib/python3.13/site-packages/starlette/_exception_handler.py", line 53, in wrapped_app
2026-09-21T00:26:42.876810526Z     raise exc
2026-09-21T00:26:42.876814404Z   File "/usr/local/lib/python3.13/site-packages/starlette/_exception_handler.py", line 42, in wrapped_app
2026-09-21T00:26:42.876818291Z     await app(scope, receive, sender)
2026-09-21T00:26:42.876822159Z   File "/usr/local/lib/python3.13/site-packages/fastapi/middleware/asyncexitstack.py", line 18, in __call__
2026-09-21T00:26:42.876826036Z     await self.app(scope, receive, send)
2026-09-21T00:26:42.876829934Z   File "/usr/local/lib/python3.13/site-packages/starlette/routing.py", line 716, in __call__
2026-09-21T00:26:42.876834122Z     await self.middleware_stack(scope, receive, send)
2026-09-21T00:26:42.876838090Z   File "/usr/local/lib/python3.13/site-packages/starlette/routing.py", line 736, in app
2026-09-21T00:26:42.876842008Z     await route.handle(scope, receive, send)
2026-09-21T00:26:42.876845905Z   File "/usr/local/lib/python3.13/site-packages/starlette/routing.py", line 290, in handle
2026-09-21T00:26:42.876849813Z     await self.app(scope, receive, send)
2026-09-21T00:26:42.876853671Z   File "/usr/local/lib/python3.13/site-packages/fastapi/routing.py", line 134, in app
2026-09-21T00:26:42.876857598Z     await wrap_app_handling_exceptions(app, request)(scope, receive, send)
2026-09-21T00:26:42.876861476Z   File "/usr/local/lib/python3.13/site-packages/starlette/_exception_handler.py", line 53, in wrapped_app
2026-09-21T00:26:42.876865344Z     raise exc
2026-09-21T00:26:42.876869281Z   File "/usr/local/lib/python3.13/site-packages/starlette/_exception_handler.py", line 42, in wrapped_app
2026-09-21T00:26:42.876883048Z     await app(scope, receive, sender)
2026-09-21T00:26:42.876887046Z   File "/usr/local/lib/python3.13/site-packages/fastapi/routing.py", line 120, in app
2026-09-21T00:26:42.876892106Z     response = await f(request)
2026-09-21T00:26:42.876896305Z                ^^^^^^^^^^^^^^^^
2026-09-21T00:26:42.876900212Z   File "/usr/local/lib/python3.13/site-packages/fastapi/routing.py", line 674, in app
2026-09-21T00:26:42.876904110Z     raw_response = await run_endpoint_function(
2026-09-21T00:26:42.876907988Z                    ^^^^^^^^^^^^^^^^^^^^^^^^^^^^
2026-09-21T00:26:42.876912426Z     ...<3 lines>...
2026-09-21T00:26:42.876916324Z     )
2026-09-21T00:26:42.876920202Z     ^
2026-09-21T00:26:42.876924089Z   File "/usr/local/lib/python3.13/site-packages/fastapi/routing.py", line 330, in run_endpoint_function
2026-09-21T00:26:42.876927957Z     return await run_in_threadpool(dependant.call, **values)
2026-09-21T00:26:42.876931894Z            ^^^^^^^^^^^^^^^^^^^^^^^^^^^^^^^^^^^^^^^^^^^^^^^^^
2026-09-21T00:26:42.876991341Z   File "/usr/local/lib/python3.13/site-packages/starlette/concurrency.py", line 32, in run_in_threadpool
2026-09-21T00:26:42.877001060Z     return await anyio.to_thread.run_sync(func)
2026-09-21T00:26:42.877005189Z            ^^^^^^^^^^^^^^^^^^^^^^^^^^^^^^^^^^^^
2026-09-21T00:26:42.877009427Z   File "/usr/local/lib/python3.13/site-packages/anyio/to_thread.py", line 63, in run_sync
2026-09-21T00:26:42.877013335Z     return await get_async_backend().run_sync_in_worker_thread(
2026-09-21T00:26:42.877017252Z            ^^^^^^^^^^^^^^^^^^^^^^^^^^^^^^^^^^^^^^^^^^^^^^^^^^^^
2026-09-21T00:26:42.877021180Z         func, args, abandon_on_cancel=abandon_on_cancel, limiter=limiter
2026-09-21T00:26:42.877025088Z         ^^^^^^^^^^^^^^^^^^^^^^^^^^^^^^^^^^^^^^^^^^^^^^^^^^^^^^^^^^^^^^^^
2026-09-21T00:26:42.877029025Z     )
2026-09-21T00:26:42.877033023Z     ^
2026-09-21T00:26:42.877036931Z   File "/usr/local/lib/python3.13/site-packages/anyio/_backends/_asyncio.py", line 2518, in run_sync_in_worker_thread
2026-09-21T00:26:42.877040849Z     return await future
2026-09-21T00:26:42.877044766Z            ^^^^^^^^^^^^
2026-09-21T00:26:42.877048704Z   File "/usr/local/lib/python3.13/site-packages/anyio/_backends/_asyncio.py", line 1002, in run
2026-09-21T00:26:42.877052612Z     result = context.run(func, *args)
2026-09-21T00:26:42.877056509Z   File "/app/app/routers/orders.py", line 36, in checkout
2026-09-21T00:26:42.877060427Z     return create_order(
2026-09-21T00:26:42.877064445Z         db=db,
2026-09-21T00:26:42.877068413Z     ...<2 lines>...
2026-09-21T00:26:42.877072411Z         correlation_id=correlation_id,
2026-09-21T00:26:42.877076389Z     )
2026-09-21T00:26:42.877080557Z   File "/app/app/services/order_service.py", line 42, in create_order
2026-09-21T00:26:42.877084525Z     result = db.execute(
2026-09-21T00:26:42.877088442Z         select(ProductModel).where(ProductModel.id == product_id)
2026-09-21T00:26:42.877092340Z     )
2026-09-21T00:26:42.877096308Z   File "/usr/local/lib/python3.13/site-packages/sqlalchemy/orm/session.py", line 2372, in execute
2026-09-21T00:26:42.877100195Z     return self._execute_internal(
2026-09-21T00:26:42.877104083Z            ~~~~~~~~~~~~~~~~~~~~~~^
2026-09-21T00:26:42.877107971Z         statement,
2026-09-21T00:26:42.877111878Z         ^^^^^^^^^^
2026-09-21T00:26:42.877115766Z     ...<4 lines>...
2026-09-21T00:26:42.877119654Z         _add_event=_add_event,
2026-09-21T00:26:42.877123511Z         ^^^^^^^^^^^^^^^^^^^^^^
2026-09-21T00:26:42.877127439Z     )
2026-09-21T00:26:42.877151266Z     ^
2026-09-21T00:26:42.877155514Z   File "/usr/local/lib/python3.13/site-packages/sqlalchemy/orm/session.py", line 2260, in _execute_internal
2026-09-21T00:26:42.877159432Z     conn = self._connection_for_bind(bind)
2026-09-21T00:26:42.877163410Z   File "/usr/local/lib/python3.13/site-packages/sqlalchemy/orm/session.py", line 2112, in _connection_for_bind
2026-09-21T00:26:42.877167347Z     return trans._connection_for_bind(engine, execution_options)
2026-09-21T00:26:42.877171245Z            ~~~~~~~~~~~~~~~~~~~~~~~~~~^^^^^^^^^^^^^^^^^^^^^^^^^^^
2026-09-21T00:26:42.877175203Z   File "<string>", line 2, in _connection_for_bind
2026-09-21T00:26:42.877179201Z   File "/usr/local/lib/python3.13/site-packages/sqlalchemy/orm/state_changes.py", line 137, in _go
2026-09-21T00:26:42.877183108Z     ret_value = fn(self, *arg, **kw)
2026-09-21T00:26:42.877186976Z   File "/usr/local/lib/python3.13/site-packages/sqlalchemy/orm/session.py", line 1191, in _connection_for_bind
2026-09-21T00:26:42.877190874Z     conn = bind.connect()
2026-09-21T00:26:42.877195222Z   File "/usr/local/lib/python3.13/site-packages/opentelemetry/instrumentation/sqlalchemy/engine.py", line 200, in _wrap_connect_internal
2026-09-21T00:26:42.877199130Z     return func(*args, **kwargs)
2026-09-21T00:26:42.877203048Z   File "/usr/local/lib/python3.13/site-packages/sqlalchemy/engine/base.py", line 3295, in connect
2026-09-21T00:26:42.877206925Z     return self._connection_cls(self)
2026-09-21T00:26:42.877210903Z            ~~~~~~~~~~~~~~~~~~~~^^^^^^
2026-09-21T00:26:42.877214801Z   File "/usr/local/lib/python3.13/site-packages/sqlalchemy/engine/base.py", line 144, in __init__
2026-09-21T00:26:42.877218698Z     self._dbapi_connection = engine.raw_connection()
2026-09-21T00:26:42.877222576Z                              ~~~~~~~~~~~~~~~~~~~~~^^
2026-09-21T00:26:42.877226564Z   File "/usr/local/lib/python3.13/site-packages/sqlalchemy/engine/base.py", line 3319, in raw_connection
2026-09-21T00:26:42.877230461Z     return self.pool.connect()
2026-09-21T00:26:42.877234329Z            ~~~~~~~~~~~~~~~~~^^
2026-09-21T00:26:42.877268667Z   File "/usr/local/lib/python3.13/site-packages/sqlalchemy/pool/base.py", line 448, in connect
2026-09-21T00:26:42.877278616Z     return _ConnectionFairy._checkout(self)
2026-09-21T00:26:42.877286622Z            ~~~~~~~~~~~~~~~~~~~~~~~~~~^^^^^^
2026-09-21T00:26:42.877290079Z   File "/usr/local/lib/python3.13/site-packages/sqlalchemy/pool/base.py", line 1272, in _checkout
2026-09-21T00:26:42.877293255Z     fairy = _ConnectionRecord.checkout(pool)
2026-09-21T00:26:42.877296461Z   File "/usr/local/lib/python3.13/site-packages/sqlalchemy/pool/base.py", line 712, in checkout
2026-09-21T00:26:42.877299677Z     rec = pool._do_get()
2026-09-21T00:26:42.877302393Z   File "/usr/local/lib/python3.13/site-packages/sqlalchemy/pool/impl.py", line 167, in _do_get
2026-09-21T00:26:42.877304767Z     raise exc.TimeoutError(
2026-09-21T00:26:42.877307162Z     ...<4 lines>...
2026-09-21T00:26:42.877309176Z     )
2026-09-21T00:26:42.877311841Z sqlalchemy.exc.TimeoutError: QueuePool limit of size 5 overflow 10 reached, connection timed out, timeout 30.00 (Background on this error at: https://sqlalche.me/e/20/3o7r)
2026-09-21T00:26:42.900260052Z ERROR:    Exception in ASGI application
2026-09-21T00:26:42.900287816Z Traceback (most recent call last):
2026-09-21T00:26:42.900290642Z   File "/usr/local/lib/python3.13/site-packages/uvicorn/protocols/http/httptools_impl.py", line 421, in run_asgi
2026-09-21T00:26:42.900293247Z     result = await app(  # type: ignore[func-returns-value]
2026-09-21T00:26:42.900295361Z              ^^^^^^^^^^^^^^^^^^^^^^^^^^^^^^^^^^^^^^^^^^^^^^
2026-09-21T00:26:42.900297335Z         self.scope, self.receive, self.send
2026-09-21T00:26:42.900319909Z         ^^^^^^^^^^^^^^^^^^^^^^^^^^^^^^^^^^^
2026-09-21T00:26:42.900321913Z     )
2026-09-21T00:26:42.900323877Z     ^
2026-09-21T00:26:42.900325821Z   File "/usr/local/lib/python3.13/site-packages/uvicorn/middleware/proxy_headers.py", line 63, in __call__
2026-09-21T00:26:42.900327735Z     return await self.app(scope, receive, send)
2026-09-21T00:26:42.900329639Z            ^^^^^^^^^^^^^^^^^^^^^^^^^^^^^^^^^^^^
2026-09-21T00:26:42.900332184Z   File "/usr/local/lib/python3.13/site-packages/fastapi/applications.py", line 1159, in __call__
2026-09-21T00:26:42.900334097Z     await super().__call__(scope, receive, send)
2026-09-21T00:26:42.900336051Z   File "/usr/local/lib/python3.13/site-packages/starlette/applications.py", line 107, in __call__
2026-09-21T00:26:42.900339428Z     await self.middleware_stack(scope, receive, send)
2026-09-21T00:26:42.900343325Z   File "/usr/local/lib/python3.13/site-packages/starlette/middleware/errors.py", line 186, in __call__
2026-09-21T00:26:42.900346652Z     raise exc
2026-09-21T00:26:42.900350570Z   File "/usr/local/lib/python3.13/site-packages/starlette/middleware/errors.py", line 164, in __call__
2026-09-21T00:26:42.900354998Z     await self.app(scope, receive, _send)
2026-09-21T00:26:42.900359808Z   File "/usr/local/lib/python3.13/site-packages/opentelemetry/instrumentation/asgi/__init__.py", line 806, in __call__
2026-09-21T00:26:42.900363766Z     await self.app(scope, otel_receive, otel_send)
2026-09-21T00:26:42.900368134Z   File "/usr/local/lib/python3.13/site-packages/starlette/middleware/errors.py", line 186, in __call__
2026-09-21T00:26:42.900372874Z     raise exc
2026-09-21T00:26:42.900376982Z   File "/usr/local/lib/python3.13/site-packages/starlette/middleware/errors.py", line 164, in __call__
2026-09-21T00:26:42.900381180Z     await self.app(scope, receive, _send)
2026-09-21T00:26:42.900385939Z   File "/usr/local/lib/python3.13/site-packages/opentelemetry/instrumentation/fastapi/__init__.py", line 305, in __call__
2026-09-21T00:26:42.900390468Z     await self.app(scope, receive, send)
2026-09-21T00:26:42.900394436Z   File "/usr/local/lib/python3.13/site-packages/prometheus_fastapi_instrumentator/middleware.py", line 177, in __call__
2026-09-21T00:26:42.900398544Z     raise exc
2026-09-21T00:26:42.900402442Z   File "/usr/local/lib/python3.13/site-packages/prometheus_fastapi_instrumentator/middleware.py", line 175, in __call__
2026-09-21T00:26:42.900406470Z     await self.app(scope, receive, send_wrapper)
2026-09-21T00:26:42.900414385Z   File "/usr/local/lib/python3.13/site-packages/starlette/middleware/exceptions.py", line 63, in __call__
2026-09-21T00:26:42.900419225Z     await wrap_app_handling_exceptions(self.app, conn)(scope, receive, send)
2026-09-21T00:26:42.900423132Z   File "/usr/local/lib/python3.13/site-packages/starlette/_exception_handler.py", line 53, in wrapped_app
2026-09-21T00:26:42.900427050Z     raise exc
2026-09-21T00:26:42.900431008Z   File "/usr/local/lib/python3.13/site-packages/starlette/_exception_handler.py", line 42, in wrapped_app
2026-09-21T00:26:42.900434915Z     await app(scope, receive, sender)
2026-09-21T00:26:42.900438803Z   File "/usr/local/lib/python3.13/site-packages/fastapi/middleware/asyncexitstack.py", line 18, in __call__
2026-09-21T00:26:42.900443021Z     await self.app(scope, receive, send)
2026-09-21T00:26:42.900446969Z   File "/usr/local/lib/python3.13/site-packages/starlette/routing.py", line 716, in __call__
2026-09-21T00:26:42.900450877Z     await self.middleware_stack(scope, receive, send)
2026-09-21T00:26:42.900454785Z   File "/usr/local/lib/python3.13/site-packages/starlette/routing.py", line 736, in app
2026-09-21T00:26:42.900499963Z     await route.handle(scope, receive, send)
2026-09-21T00:26:42.900512187Z   File "/usr/local/lib/python3.13/site-packages/starlette/routing.py", line 290, in handle
2026-09-21T00:26:42.900516406Z     await self.app(scope, receive, send)
2026-09-21T00:26:42.900520333Z   File "/usr/local/lib/python3.13/site-packages/fastapi/routing.py", line 134, in app
2026-09-21T00:26:42.900524211Z     await wrap_app_handling_exceptions(app, request)(scope, receive, send)
2026-09-21T00:26:42.900528089Z   File "/usr/local/lib/python3.13/site-packages/starlette/_exception_handler.py", line 53, in wrapped_app
2026-09-21T00:26:42.900532197Z     raise exc
2026-09-21T00:26:42.900536235Z   File "/usr/local/lib/python3.13/site-packages/starlette/_exception_handler.py", line 42, in wrapped_app
2026-09-21T00:26:42.900540192Z     await app(scope, receive, sender)
2026-09-21T00:26:42.900544140Z   File "/usr/local/lib/python3.13/site-packages/fastapi/routing.py", line 120, in app
2026-09-21T00:26:42.900548839Z     response = await f(request)
2026-09-21T00:26:42.900552767Z                ^^^^^^^^^^^^^^^^
2026-09-21T00:26:42.900559871Z   File "/usr/local/lib/python3.13/site-packages/fastapi/routing.py", line 674, in app
2026-09-21T00:26:42.900563869Z     raw_response = await run_endpoint_function(
2026-09-21T00:26:42.900567777Z                    ^^^^^^^^^^^^^^^^^^^^^^^^^^^^
2026-09-21T00:26:42.900572135Z     ...<3 lines>...
2026-09-21T00:26:42.900576033Z     )
2026-09-21T00:26:42.900580041Z     ^
2026-09-21T00:26:42.900583979Z   File "/usr/local/lib/python3.13/site-packages/fastapi/routing.py", line 330, in run_endpoint_function
2026-09-21T00:26:42.900587996Z     return await run_in_threadpool(dependant.call, **values)
2026-09-21T00:26:42.900591904Z            ^^^^^^^^^^^^^^^^^^^^^^^^^^^^^^^^^^^^^^^^^^^^^^^^^
2026-09-21T00:26:42.900638414Z   File "/usr/local/lib/python3.13/site-packages/starlette/concurrency.py", line 32, in run_in_threadpool
2026-09-21T00:26:42.900662351Z     return await anyio.to_thread.run_sync(func)
2026-09-21T00:26:42.900669335Z            ^^^^^^^^^^^^^^^^^^^^^^^^^^^^^^^^^^^^
2026-09-21T00:26:42.900676760Z   File "/usr/local/lib/python3.13/site-packages/anyio/to_thread.py", line 63, in run_sync
2026-09-21T00:26:42.900683533Z     return await get_async_backend().run_sync_in_worker_thread(
2026-09-21T00:26:42.900689846Z            ^^^^^^^^^^^^^^^^^^^^^^^^^^^^^^^^^^^^^^^^^^^^^^^^^^^^
2026-09-21T00:26:42.900696388Z         func, args, abandon_on_cancel=abandon_on_cancel, limiter=limiter
2026-09-21T00:26:42.900702651Z         ^^^^^^^^^^^^^^^^^^^^^^^^^^^^^^^^^^^^^^^^^^^^^^^^^^^^^^^^^^^^^^^^
2026-09-21T00:26:42.900708933Z     )
2026-09-21T00:26:42.900715356Z     ^
2026-09-21T00:26:42.900722219Z   File "/usr/local/lib/python3.13/site-packages/anyio/_backends/_asyncio.py", line 2518, in run_sync_in_worker_thread
2026-09-21T00:26:42.900729313Z     return await future
2026-09-21T00:26:42.900735555Z            ^^^^^^^^^^^^
2026-09-21T00:26:42.900741808Z   File "/usr/local/lib/python3.13/site-packages/anyio/_backends/_asyncio.py", line 1002, in run
2026-09-21T00:26:42.900748080Z     result = context.run(func, *args)
2026-09-21T00:26:42.900754352Z   File "/app/app/routers/orders.py", line 36, in checkout
2026-09-21T00:26:42.900760615Z     return create_order(
2026-09-21T00:26:42.900767017Z         db=db,
2026-09-21T00:26:42.900773310Z     ...<2 lines>...
2026-09-21T00:26:42.900783590Z         correlation_id=correlation_id,
2026-09-21T00:26:42.900790002Z     )
2026-09-21T00:26:42.900796415Z   File "/app/app/services/order_service.py", line 42, in create_order
2026-09-21T00:26:42.900802838Z     result = db.execute(
2026-09-21T00:26:42.900809150Z         select(ProductModel).where(ProductModel.id == product_id)
2026-09-21T00:26:42.900846944Z     )
2026-09-21T00:26:42.900853788Z   File "/usr/local/lib/python3.13/site-packages/sqlalchemy/orm/session.py", line 2372, in execute
2026-09-21T00:26:42.900860641Z     return self._execute_internal(
2026-09-21T00:26:42.900867134Z            ~~~~~~~~~~~~~~~~~~~~~~^
2026-09-21T00:26:42.900873446Z         statement,
2026-09-21T00:26:42.900879699Z         ^^^^^^^^^^
2026-09-21T00:26:42.900885881Z     ...<4 lines>...
2026-09-21T00:26:42.900892704Z         _add_event=_add_event,
2026-09-21T00:26:42.900898866Z         ^^^^^^^^^^^^^^^^^^^^^^
2026-09-21T00:26:42.900904998Z     )
2026-09-21T00:26:42.900911211Z     ^
2026-09-21T00:26:42.900917543Z   File "/usr/local/lib/python3.13/site-packages/sqlalchemy/orm/session.py", line 2260, in _execute_internal
2026-09-21T00:26:42.900923876Z     conn = self._connection_for_bind(bind)
2026-09-21T00:26:42.900930138Z   File "/usr/local/lib/python3.13/site-packages/sqlalchemy/orm/session.py", line 2112, in _connection_for_bind
2026-09-21T00:26:42.900936430Z     return trans._connection_for_bind(engine, execution_options)
2026-09-21T00:26:42.900942683Z            ~~~~~~~~~~~~~~~~~~~~~~~~~~^^^^^^^^^^^^^^^^^^^^^^^^^^^
2026-09-21T00:26:42.900948945Z   File "<string>", line 2, in _connection_for_bind
2026-09-21T00:26:42.900955177Z   File "/usr/local/lib/python3.13/site-packages/sqlalchemy/orm/state_changes.py", line 137, in _go
2026-09-21T00:26:42.900961399Z     ret_value = fn(self, *arg, **kw)
2026-09-21T00:26:42.900967822Z   File "/usr/local/lib/python3.13/site-packages/sqlalchemy/orm/session.py", line 1191, in _connection_for_bind
2026-09-21T00:26:42.900974114Z     conn = bind.connect()
2026-09-21T00:26:42.900980868Z   File "/usr/local/lib/python3.13/site-packages/opentelemetry/instrumentation/sqlalchemy/engine.py", line 200, in _wrap_connect_internal
2026-09-21T00:26:42.900987140Z     return func(*args, **kwargs)
2026-09-21T00:26:42.900993402Z   File "/usr/local/lib/python3.13/site-packages/sqlalchemy/engine/base.py", line 3295, in connect
2026-09-21T00:26:42.900999655Z     return self._connection_cls(self)
2026-09-21T00:26:42.901005837Z            ~~~~~~~~~~~~~~~~~~~~^^^^^^
2026-09-21T00:26:42.901012029Z   File "/usr/local/lib/python3.13/site-packages/sqlalchemy/engine/base.py", line 144, in __init__
2026-09-21T00:26:42.901018361Z     self._dbapi_connection = engine.raw_connection()
2026-09-21T00:26:42.901024574Z                              ~~~~~~~~~~~~~~~~~~~~~^^
2026-09-21T00:26:42.901030756Z   File "/usr/local/lib/python3.13/site-packages/sqlalchemy/engine/base.py", line 3319, in raw_connection
2026-09-21T00:26:42.901036998Z     return self.pool.connect()
2026-09-21T00:26:42.901043200Z            ~~~~~~~~~~~~~~~~~^^
2026-09-21T00:26:42.901049603Z   File "/usr/local/lib/python3.13/site-packages/sqlalchemy/pool/base.py", line 448, in connect
2026-09-21T00:26:42.901055895Z     return _ConnectionFairy._checkout(self)
2026-09-21T00:26:42.901062067Z            ~~~~~~~~~~~~~~~~~~~~~~~~~~^^^^^^
2026-09-21T00:26:42.901068320Z   File "/usr/local/lib/python3.13/site-packages/sqlalchemy/pool/base.py", line 1272, in _checkout
2026-09-21T00:26:42.901074542Z     fairy = _ConnectionRecord.checkout(pool)
2026-09-21T00:26:42.901080744Z   File "/usr/local/lib/python3.13/site-packages/sqlalchemy/pool/base.py", line 712, in checkout
2026-09-21T00:26:42.901086936Z     rec = pool._do_get()
2026-09-21T00:26:42.901093188Z   File "/usr/local/lib/python3.13/site-packages/sqlalchemy/pool/impl.py", line 167, in _do_get
2026-09-21T00:26:42.901099401Z     raise exc.TimeoutError(
2026-09-21T00:26:42.901105913Z     ...<4 lines>...
2026-09-21T00:26:42.901127857Z     )
2026-09-21T00:26:42.901135141Z sqlalchemy.exc.TimeoutError: QueuePool limit of size 5 overflow 10 reached, connection timed out, timeout 30.00 (Background on this error at: https://sqlalche.me/e/20/3o7r)
2026-09-21T00:26:42.908285353Z ERROR:    Exception in ASGI application
2026-09-21T00:26:42.908338066Z Traceback (most recent call last):
2026-09-21T00:26:42.908342735Z   File "/usr/local/lib/python3.13/site-packages/uvicorn/protocols/http/httptools_impl.py", line 421, in run_asgi
2026-09-21T00:26:42.908345461Z     result = await app(  # type: ignore[func-returns-value]
2026-09-21T00:26:42.908347384Z              ^^^^^^^^^^^^^^^^^^^^^^^^^^^^^^^^^^^^^^^^^^^^^^
2026-09-21T00:26:42.908349429Z         self.scope, self.receive, self.send
2026-09-21T00:26:42.908351843Z         ^^^^^^^^^^^^^^^^^^^^^^^^^^^^^^^^^^^
2026-09-21T00:26:42.908353797Z     )
2026-09-21T00:26:42.908355741Z     ^
2026-09-21T00:26:42.908357665Z   File "/usr/local/lib/python3.13/site-packages/uvicorn/middleware/proxy_headers.py", line 63, in __call__
2026-09-21T00:26:42.908359568Z     return await self.app(scope, receive, send)
2026-09-21T00:26:42.908361452Z            ^^^^^^^^^^^^^^^^^^^^^^^^^^^^^^^^^^^^
2026-09-21T00:26:42.908363977Z   File "/usr/local/lib/python3.13/site-packages/fastapi/applications.py", line 1159, in __call__
2026-09-21T00:26:42.908365861Z     await super().__call__(scope, receive, send)
2026-09-21T00:26:42.908370871Z   File "/usr/local/lib/python3.13/site-packages/starlette/applications.py", line 107, in __call__
2026-09-21T00:26:42.908372825Z     await self.middleware_stack(scope, receive, send)
2026-09-21T00:26:42.908374718Z   File "/usr/local/lib/python3.13/site-packages/starlette/middleware/errors.py", line 186, in __call__
2026-09-21T00:26:42.908376682Z     raise exc
2026-09-21T00:26:42.908378656Z   File "/usr/local/lib/python3.13/site-packages/starlette/middleware/errors.py", line 164, in __call__
2026-09-21T00:26:42.908380900Z     await self.app(scope, receive, _send)
2026-09-21T00:26:42.908383455Z   File "/usr/local/lib/python3.13/site-packages/opentelemetry/instrumentation/asgi/__init__.py", line 806, in __call__
2026-09-21T00:26:42.908385550Z     await self.app(scope, otel_receive, otel_send)
2026-09-21T00:26:42.908387563Z   File "/usr/local/lib/python3.13/site-packages/starlette/middleware/errors.py", line 186, in __call__
2026-09-21T00:26:42.908389477Z     raise exc
2026-09-21T00:26:42.908391411Z   File "/usr/local/lib/python3.13/site-packages/starlette/middleware/errors.py", line 164, in __call__
2026-09-21T00:26:42.908393345Z     await self.app(scope, receive, _send)
2026-09-21T00:26:42.908395289Z   File "/usr/local/lib/python3.13/site-packages/opentelemetry/instrumentation/fastapi/__init__.py", line 305, in __call__
2026-09-21T00:26:42.908397232Z     await self.app(scope, receive, send)
2026-09-21T00:26:42.908399156Z   File "/usr/local/lib/python3.13/site-packages/prometheus_fastapi_instrumentator/middleware.py", line 177, in __call__
2026-09-21T00:26:42.908401040Z     raise exc
2026-09-21T00:26:42.908402954Z   File "/usr/local/lib/python3.13/site-packages/prometheus_fastapi_instrumentator/middleware.py", line 175, in __call__
2026-09-21T00:26:42.908404847Z     await self.app(scope, receive, send_wrapper)
2026-09-21T00:26:42.908406871Z   File "/usr/local/lib/python3.13/site-packages/starlette/middleware/exceptions.py", line 63, in __call__
2026-09-21T00:26:42.908409477Z     await wrap_app_handling_exceptions(self.app, conn)(scope, receive, send)
2026-09-21T00:26:42.908411370Z   File "/usr/local/lib/python3.13/site-packages/starlette/_exception_handler.py", line 53, in wrapped_app
2026-09-21T00:26:42.908413394Z     raise exc
2026-09-21T00:26:42.908415278Z   File "/usr/local/lib/python3.13/site-packages/starlette/_exception_handler.py", line 42, in wrapped_app
2026-09-21T00:26:42.908432091Z     await app(scope, receive, sender)
2026-09-21T00:26:42.908434145Z   File "/usr/local/lib/python3.13/site-packages/fastapi/middleware/asyncexitstack.py", line 18, in __call__
2026-09-21T00:26:42.908436099Z     await self.app(scope, receive, send)
2026-09-21T00:26:42.908437993Z   File "/usr/local/lib/python3.13/site-packages/starlette/routing.py", line 716, in __call__
2026-09-21T00:26:42.908439977Z     await self.middleware_stack(scope, receive, send)
2026-09-21T00:26:42.908441860Z   File "/usr/local/lib/python3.13/site-packages/starlette/routing.py", line 736, in app
2026-09-21T00:26:42.908443754Z     await route.handle(scope, receive, send)
2026-09-21T00:26:42.908445688Z   File "/usr/local/lib/python3.13/site-packages/starlette/routing.py", line 290, in handle
2026-09-21T00:26:42.908447571Z     await self.app(scope, receive, send)
2026-09-21T00:26:42.908449545Z   File "/usr/local/lib/python3.13/site-packages/fastapi/routing.py", line 134, in app
2026-09-21T00:26:42.908451419Z     await wrap_app_handling_exceptions(app, request)(scope, receive, send)
2026-09-21T00:26:42.908453303Z   File "/usr/local/lib/python3.13/site-packages/starlette/_exception_handler.py", line 53, in wrapped_app
2026-09-21T00:26:42.908455176Z     raise exc
2026-09-21T00:26:42.908457070Z   File "/usr/local/lib/python3.13/site-packages/starlette/_exception_handler.py", line 42, in wrapped_app
2026-09-21T00:26:42.908458954Z     await app(scope, receive, sender)
2026-09-21T00:26:42.908460848Z   File "/usr/local/lib/python3.13/site-packages/fastapi/routing.py", line 120, in app
2026-09-21T00:26:42.908463262Z     response = await f(request)
2026-09-21T00:26:42.908465246Z                ^^^^^^^^^^^^^^^^
2026-09-21T00:26:42.908467200Z   File "/usr/local/lib/python3.13/site-packages/fastapi/routing.py", line 674, in app
2026-09-21T00:26:42.908469104Z     raw_response = await run_endpoint_function(
2026-09-21T00:26:42.908471098Z                    ^^^^^^^^^^^^^^^^^^^^^^^^^^^^
2026-09-21T00:26:42.908473863Z     ...<3 lines>...
2026-09-21T00:26:42.908475757Z     )
2026-09-21T00:26:42.908477661Z     ^
2026-09-21T00:26:42.908479675Z   File "/usr/local/lib/python3.13/site-packages/fastapi/routing.py", line 330, in run_endpoint_function
2026-09-21T00:26:42.908481598Z     return await run_in_threadpool(dependant.call, **values)
2026-09-21T00:26:42.908483843Z            ^^^^^^^^^^^^^^^^^^^^^^^^^^^^^^^^^^^^^^^^^^^^^^^^^
2026-09-21T00:26:42.908524663Z   File "/usr/local/lib/python3.13/site-packages/starlette/concurrency.py", line 32, in run_in_threadpool
2026-09-21T00:26:42.908529262Z     return await anyio.to_thread.run_sync(func)
2026-09-21T00:26:42.908531226Z            ^^^^^^^^^^^^^^^^^^^^^^^^^^^^^^^^^^^^
2026-09-21T00:26:42.908533140Z   File "/usr/local/lib/python3.13/site-packages/anyio/to_thread.py", line 63, in run_sync
2026-09-21T00:26:42.908535053Z     return await get_async_backend().run_sync_in_worker_thread(
2026-09-21T00:26:42.908537017Z            ^^^^^^^^^^^^^^^^^^^^^^^^^^^^^^^^^^^^^^^^^^^^^^^^^^^^
2026-09-21T00:26:42.908538911Z         func, args, abandon_on_cancel=abandon_on_cancel, limiter=limiter
2026-09-21T00:26:42.908540815Z         ^^^^^^^^^^^^^^^^^^^^^^^^^^^^^^^^^^^^^^^^^^^^^^^^^^^^^^^^^^^^^^^^
2026-09-21T00:26:42.908542819Z     )
2026-09-21T00:26:42.908544742Z     ^
2026-09-21T00:26:42.908546656Z   File "/usr/local/lib/python3.13/site-packages/anyio/_backends/_asyncio.py", line 2518, in run_sync_in_worker_thread
2026-09-21T00:26:42.908548560Z     return await future
2026-09-21T00:26:42.908550494Z            ^^^^^^^^^^^^
2026-09-21T00:26:42.908552428Z   File "/usr/local/lib/python3.13/site-packages/anyio/_backends/_asyncio.py", line 1002, in run
2026-09-21T00:26:42.908562317Z     result = context.run(func, *args)
2026-09-21T00:26:42.908564491Z   File "/app/app/routers/orders.py", line 36, in checkout
2026-09-21T00:26:42.908566545Z     return create_order(
2026-09-21T00:26:42.908568459Z         db=db,
2026-09-21T00:26:42.908570383Z     ...<2 lines>...
2026-09-21T00:26:42.908572287Z         correlation_id=correlation_id,
2026-09-21T00:26:42.908574240Z     )
2026-09-21T00:26:42.908576264Z   File "/app/app/services/order_service.py", line 42, in create_order
2026-09-21T00:26:42.908578188Z     result = db.execute(
2026-09-21T00:26:42.908580092Z         select(ProductModel).where(ProductModel.id == product_id)
2026-09-21T00:26:42.908581986Z     )
2026-09-21T00:26:42.908583899Z   File "/usr/local/lib/python3.13/site-packages/sqlalchemy/orm/session.py", line 2372, in execute
2026-09-21T00:26:42.908585773Z     return self._execute_internal(
2026-09-21T00:26:42.908587667Z            ~~~~~~~~~~~~~~~~~~~~~~^
2026-09-21T00:26:42.908589581Z         statement,
2026-09-21T00:26:42.908591504Z         ^^^^^^^^^^
2026-09-21T00:26:42.908593448Z     ...<4 lines>...
2026-09-21T00:26:42.908595332Z         _add_event=_add_event,
2026-09-21T00:26:42.908597226Z         ^^^^^^^^^^^^^^^^^^^^^^
2026-09-21T00:26:42.908599109Z     )
2026-09-21T00:26:42.908600993Z     ^
2026-09-21T00:26:42.908602977Z   File "/usr/local/lib/python3.13/site-packages/sqlalchemy/orm/session.py", line 2260, in _execute_internal
2026-09-21T00:26:42.908604891Z     conn = self._connection_for_bind(bind)
2026-09-21T00:26:42.908606814Z   File "/usr/local/lib/python3.13/site-packages/sqlalchemy/orm/session.py", line 2112, in _connection_for_bind
2026-09-21T00:26:42.908608738Z     return trans._connection_for_bind(engine, execution_options)
2026-09-21T00:26:42.908610692Z            ~~~~~~~~~~~~~~~~~~~~~~~~~~^^^^^^^^^^^^^^^^^^^^^^^^^^^
2026-09-21T00:26:42.908612626Z   File "<string>", line 2, in _connection_for_bind
2026-09-21T00:26:42.908614550Z   File "/usr/local/lib/python3.13/site-packages/sqlalchemy/orm/state_changes.py", line 137, in _go
2026-09-21T00:26:42.908616463Z     ret_value = fn(self, *arg, **kw)
2026-09-21T00:26:42.908618367Z   File "/usr/local/lib/python3.13/site-packages/sqlalchemy/orm/session.py", line 1191, in _connection_for_bind
2026-09-21T00:26:42.908620271Z     conn = bind.connect()
2026-09-21T00:26:42.908622676Z   File "/usr/local/lib/python3.13/site-packages/opentelemetry/instrumentation/sqlalchemy/engine.py", line 200, in _wrap_connect_internal
2026-09-21T00:26:42.908624850Z     return func(*args, **kwargs)
2026-09-21T00:26:42.908626754Z   File "/usr/local/lib/python3.13/site-packages/sqlalchemy/engine/base.py", line 3295, in connect
2026-09-21T00:26:42.908628647Z     return self._connection_cls(self)
2026-09-21T00:26:42.908630551Z            ~~~~~~~~~~~~~~~~~~~~^^^^^^
2026-09-21T00:26:42.908632435Z   File "/usr/local/lib/python3.13/site-packages/sqlalchemy/engine/base.py", line 144, in __init__
2026-09-21T00:26:42.908634339Z     self._dbapi_connection = engine.raw_connection()
2026-09-21T00:26:42.908636232Z                              ~~~~~~~~~~~~~~~~~~~~~^^
2026-09-21T00:26:42.908638136Z   File "/usr/local/lib/python3.13/site-packages/sqlalchemy/engine/base.py", line 3319, in raw_connection
2026-09-21T00:26:42.908640040Z     return self.pool.connect()
2026-09-21T00:26:42.908641923Z            ~~~~~~~~~~~~~~~~~^^
2026-09-21T00:26:42.908643887Z   File "/usr/local/lib/python3.13/site-packages/sqlalchemy/pool/base.py", line 448, in connect
2026-09-21T00:26:42.908645781Z     return _ConnectionFairy._checkout(self)
2026-09-21T00:26:42.908653476Z            ~~~~~~~~~~~~~~~~~~~~~~~~~~^^^^^^
2026-09-21T00:26:42.908655420Z   File "/usr/local/lib/python3.13/site-packages/sqlalchemy/pool/base.py", line 1272, in _checkout
2026-09-21T00:26:42.908657324Z     fairy = _ConnectionRecord.checkout(pool)
2026-09-21T00:26:42.908659238Z   File "/usr/local/lib/python3.13/site-packages/sqlalchemy/pool/base.py", line 712, in checkout
2026-09-21T00:26:42.908661191Z     rec = pool._do_get()
2026-09-21T00:26:42.908663095Z   File "/usr/local/lib/python3.13/site-packages/sqlalchemy/pool/impl.py", line 167, in _do_get
2026-09-21T00:26:42.908664999Z     raise exc.TimeoutError(
2026-09-21T00:26:42.908666913Z     ...<4 lines>...
2026-09-21T00:26:42.908668806Z     )
2026-09-21T00:26:42.908671622Z sqlalchemy.exc.TimeoutError: QueuePool limit of size 5 overflow 10 reached, connection timed out, timeout 30.00 (Background on this error at: https://sqlalche.me/e/20/3o7r)
2026-09-21T00:26:43.299788611Z ERROR:    Exception in ASGI application
2026-09-21T00:26:43.299827147Z Traceback (most recent call last):
2026-09-21T00:26:43.299832668Z   File "/usr/local/lib/python3.13/site-packages/uvicorn/protocols/http/httptools_impl.py", line 421, in run_asgi
2026-09-21T00:26:43.299837678Z     result = await app(  # type: ignore[func-returns-value]
2026-09-21T00:26:43.299869651Z              ^^^^^^^^^^^^^^^^^^^^^^^^^^^^^^^^^^^^^^^^^^^^^^
2026-09-21T00:26:43.299879942Z         self.scope, self.receive, self.send
2026-09-21T00:26:43.299884080Z         ^^^^^^^^^^^^^^^^^^^^^^^^^^^^^^^^^^^
2026-09-21T00:26:43.299888278Z     )
2026-09-21T00:26:43.299892597Z     ^
2026-09-21T00:26:43.299896735Z   File "/usr/local/lib/python3.13/site-packages/uvicorn/middleware/proxy_headers.py", line 63, in __call__
2026-09-21T00:26:43.299900813Z     return await self.app(scope, receive, send)
2026-09-21T00:26:43.299905011Z            ^^^^^^^^^^^^^^^^^^^^^^^^^^^^^^^^^^^^
2026-09-21T00:26:43.299909680Z   File "/usr/local/lib/python3.13/site-packages/fastapi/applications.py", line 1159, in __call__
2026-09-21T00:26:43.299913708Z     await super().__call__(scope, receive, send)
2026-09-21T00:26:43.299917746Z   File "/usr/local/lib/python3.13/site-packages/starlette/applications.py", line 107, in __call__
2026-09-21T00:26:43.299921744Z     await self.middleware_stack(scope, receive, send)
2026-09-21T00:26:43.299925862Z   File "/usr/local/lib/python3.13/site-packages/starlette/middleware/errors.py", line 186, in __call__
2026-09-21T00:26:43.299929950Z     raise exc
2026-09-21T00:26:43.299934048Z   File "/usr/local/lib/python3.13/site-packages/starlette/middleware/errors.py", line 164, in __call__
2026-09-21T00:26:43.299938096Z     await self.app(scope, receive, _send)
2026-09-21T00:26:43.299945882Z   File "/usr/local/lib/python3.13/site-packages/opentelemetry/instrumentation/asgi/__init__.py", line 806, in __call__
2026-09-21T00:26:43.299950311Z     await self.app(scope, otel_receive, otel_send)
2026-09-21T00:26:43.299954318Z   File "/usr/local/lib/python3.13/site-packages/starlette/middleware/errors.py", line 186, in __call__
2026-09-21T00:26:43.299958326Z     raise exc
2026-09-21T00:26:43.299962424Z   File "/usr/local/lib/python3.13/site-packages/starlette/middleware/errors.py", line 164, in __call__
2026-09-21T00:26:43.299966402Z     await self.app(scope, receive, _send)
2026-09-21T00:26:43.299970500Z   File "/usr/local/lib/python3.13/site-packages/opentelemetry/instrumentation/fastapi/__init__.py", line 305, in __call__
2026-09-21T00:26:43.299976823Z     await self.app(scope, receive, send)
2026-09-21T00:26:43.299980911Z   File "/usr/local/lib/python3.13/site-packages/prometheus_fastapi_instrumentator/middleware.py", line 177, in __call__
2026-09-21T00:26:43.299984919Z     raise exc
2026-09-21T00:26:43.300017102Z   File "/usr/local/lib/python3.13/site-packages/prometheus_fastapi_instrumentator/middleware.py", line 175, in __call__
2026-09-21T00:26:43.300021411Z     await self.app(scope, receive, send_wrapper)
2026-09-21T00:26:43.300025529Z   File "/usr/local/lib/python3.13/site-packages/starlette/middleware/exceptions.py", line 63, in __call__
2026-09-21T00:26:43.300030268Z     await wrap_app_handling_exceptions(self.app, conn)(scope, receive, send)
2026-09-21T00:26:43.300034286Z   File "/usr/local/lib/python3.13/site-packages/starlette/_exception_handler.py", line 53, in wrapped_app
2026-09-21T00:26:43.300038274Z     raise exc
2026-09-21T00:26:43.300042282Z   File "/usr/local/lib/python3.13/site-packages/starlette/_exception_handler.py", line 42, in wrapped_app
2026-09-21T00:26:43.300046260Z     await app(scope, receive, sender)
2026-09-21T00:26:43.300050308Z   File "/usr/local/lib/python3.13/site-packages/fastapi/middleware/asyncexitstack.py", line 18, in __call__
2026-09-21T00:26:43.300054346Z     await self.app(scope, receive, send)
2026-09-21T00:26:43.300058464Z   File "/usr/local/lib/python3.13/site-packages/starlette/routing.py", line 716, in __call__
2026-09-21T00:26:43.300062482Z     await self.middleware_stack(scope, receive, send)
2026-09-21T00:26:43.300066510Z   File "/usr/local/lib/python3.13/site-packages/starlette/routing.py", line 736, in app
2026-09-21T00:26:43.300070548Z     await route.handle(scope, receive, send)
2026-09-21T00:26:43.300074586Z   File "/usr/local/lib/python3.13/site-packages/starlette/routing.py", line 290, in handle
2026-09-21T00:26:43.300078604Z     await self.app(scope, receive, send)
2026-09-21T00:26:43.300082592Z   File "/usr/local/lib/python3.13/site-packages/fastapi/routing.py", line 134, in app
2026-09-21T00:26:43.300086590Z     await wrap_app_handling_exceptions(app, request)(scope, receive, send)
2026-09-21T00:26:43.300090668Z   File "/usr/local/lib/python3.13/site-packages/starlette/_exception_handler.py", line 53, in wrapped_app
2026-09-21T00:26:43.300094686Z     raise exc
2026-09-21T00:26:43.300098784Z   File "/usr/local/lib/python3.13/site-packages/starlette/_exception_handler.py", line 42, in wrapped_app
2026-09-21T00:26:43.300102952Z     await app(scope, receive, sender)
2026-09-21T00:26:43.300109274Z   File "/usr/local/lib/python3.13/site-packages/fastapi/routing.py", line 120, in app
2026-09-21T00:26:43.300112661Z     response = await f(request)
2026-09-21T00:26:43.300115367Z                ^^^^^^^^^^^^^^^^
2026-09-21T00:26:43.300118392Z   File "/usr/local/lib/python3.13/site-packages/fastapi/routing.py", line 674, in app
2026-09-21T00:26:43.300122020Z     raw_response = await run_endpoint_function(
2026-09-21T00:26:43.300125326Z                    ^^^^^^^^^^^^^^^^^^^^^^^^^^^^
2026-09-21T00:26:43.300128983Z     ...<3 lines>...
2026-09-21T00:26:43.300131979Z     )
2026-09-21T00:26:43.300135356Z     ^
2026-09-21T00:26:43.300138743Z   File "/usr/local/lib/python3.13/site-packages/fastapi/routing.py", line 330, in run_endpoint_function
2026-09-21T00:26:43.300141428Z     return await run_in_threadpool(dependant.call, **values)
2026-09-21T00:26:43.300144113Z            ^^^^^^^^^^^^^^^^^^^^^^^^^^^^^^^^^^^^^^^^^^^^^^^^^
2026-09-21T00:26:43.300254491Z   File "/usr/local/lib/python3.13/site-packages/starlette/concurrency.py", line 32, in run_in_threadpool
2026-09-21T00:26:43.300266104Z     return await anyio.to_thread.run_sync(func)
2026-09-21T00:26:43.300269010Z            ^^^^^^^^^^^^^^^^^^^^^^^^^^^^^^^^^^^^
2026-09-21T00:26:43.300271745Z   File "/usr/local/lib/python3.13/site-packages/anyio/to_thread.py", line 63, in run_sync
2026-09-21T00:26:43.300274471Z     return await get_async_backend().run_sync_in_worker_thread(
2026-09-21T00:26:43.300288048Z            ^^^^^^^^^^^^^^^^^^^^^^^^^^^^^^^^^^^^^^^^^^^^^^^^^^^^
2026-09-21T00:26:43.300290843Z         func, args, abandon_on_cancel=abandon_on_cancel, limiter=limiter
2026-09-21T00:26:43.300293629Z         ^^^^^^^^^^^^^^^^^^^^^^^^^^^^^^^^^^^^^^^^^^^^^^^^^^^^^^^^^^^^^^^^
2026-09-21T00:26:43.300296334Z     )
2026-09-21T00:26:43.300299039Z     ^
2026-09-21T00:26:43.300301745Z   File "/usr/local/lib/python3.13/site-packages/anyio/_backends/_asyncio.py", line 2518, in run_sync_in_worker_thread
2026-09-21T00:26:43.300304450Z     return await future
2026-09-21T00:26:43.300307145Z            ^^^^^^^^^^^^
2026-09-21T00:26:43.300309831Z   File "/usr/local/lib/python3.13/site-packages/anyio/_backends/_asyncio.py", line 1002, in run
2026-09-21T00:26:43.300312576Z     result = context.run(func, *args)
2026-09-21T00:26:43.300315361Z   File "/app/app/routers/orders.py", line 36, in checkout
2026-09-21T00:26:43.300318097Z     return create_order(
2026-09-21T00:26:43.300320852Z         db=db,
2026-09-21T00:26:43.300323568Z     ...<2 lines>...
2026-09-21T00:26:43.300326303Z         correlation_id=correlation_id,
2026-09-21T00:26:43.300329028Z     )
2026-09-21T00:26:43.300331764Z   File "/app/app/services/order_service.py", line 42, in create_order
2026-09-21T00:26:43.300334469Z     result = db.execute(
2026-09-21T00:26:43.300337205Z         select(ProductModel).where(ProductModel.id == product_id)
2026-09-21T00:26:43.300339870Z     )
2026-09-21T00:26:43.300342605Z   File "/usr/local/lib/python3.13/site-packages/sqlalchemy/orm/session.py", line 2372, in execute
2026-09-21T00:26:43.300345311Z     return self._execute_internal(
2026-09-21T00:26:43.300348016Z            ~~~~~~~~~~~~~~~~~~~~~~^
2026-09-21T00:26:43.300350701Z         statement,
2026-09-21T00:26:43.300353497Z         ^^^^^^^^^^
2026-09-21T00:26:43.300356172Z     ...<4 lines>...
2026-09-21T00:26:43.300358998Z         _add_event=_add_event,
2026-09-21T00:26:43.300361663Z         ^^^^^^^^^^^^^^^^^^^^^^
2026-09-21T00:26:43.300364308Z     )
2026-09-21T00:26:43.300366983Z     ^
2026-09-21T00:26:43.300369699Z   File "/usr/local/lib/python3.13/site-packages/sqlalchemy/orm/session.py", line 2260, in _execute_internal
2026-09-21T00:26:43.300372454Z     conn = self._connection_for_bind(bind)
2026-09-21T00:26:43.300375170Z   File "/usr/local/lib/python3.13/site-packages/sqlalchemy/orm/session.py", line 2112, in _connection_for_bind
2026-09-21T00:26:43.300377885Z     return trans._connection_for_bind(engine, execution_options)
2026-09-21T00:26:43.300380590Z            ~~~~~~~~~~~~~~~~~~~~~~~~~~^^^^^^^^^^^^^^^^^^^^^^^^^^^
2026-09-21T00:26:43.300383306Z   File "<string>", line 2, in _connection_for_bind
2026-09-21T00:26:43.300386001Z   File "/usr/local/lib/python3.13/site-packages/sqlalchemy/orm/state_changes.py", line 137, in _go
2026-09-21T00:26:43.300388706Z     ret_value = fn(self, *arg, **kw)
2026-09-21T00:26:43.300391362Z   File "/usr/local/lib/python3.13/site-packages/sqlalchemy/orm/session.py", line 1191, in _connection_for_bind
2026-09-21T00:26:43.300394047Z     conn = bind.connect()
2026-09-21T00:26:43.300397524Z   File "/usr/local/lib/python3.13/site-packages/opentelemetry/instrumentation/sqlalchemy/engine.py", line 200, in _wrap_connect_internal
2026-09-21T00:26:43.300400239Z     return func(*args, **kwargs)
2026-09-21T00:26:43.300405389Z   File "/usr/local/lib/python3.13/site-packages/sqlalchemy/engine/base.py", line 3295, in connect
2026-09-21T00:26:43.300408135Z     return self._connection_cls(self)
2026-09-21T00:26:43.300410810Z            ~~~~~~~~~~~~~~~~~~~~^^^^^^
2026-09-21T00:26:43.300413545Z   File "/usr/local/lib/python3.13/site-packages/sqlalchemy/engine/base.py", line 144, in __init__
2026-09-21T00:26:43.300422643Z     self._dbapi_connection = engine.raw_connection()
2026-09-21T00:26:43.300425409Z                              ~~~~~~~~~~~~~~~~~~~~~^^
2026-09-21T00:26:43.300428074Z   File "/usr/local/lib/python3.13/site-packages/sqlalchemy/engine/base.py", line 3319, in raw_connection
2026-09-21T00:26:43.300430749Z     return self.pool.connect()
2026-09-21T00:26:43.300433505Z            ~~~~~~~~~~~~~~~~~^^
2026-09-21T00:26:43.300436220Z   File "/usr/local/lib/python3.13/site-packages/sqlalchemy/pool/base.py", line 448, in connect
2026-09-21T00:26:43.300438915Z     return _ConnectionFairy._checkout(self)
2026-09-21T00:26:43.300441581Z            ~~~~~~~~~~~~~~~~~~~~~~~~~~^^^^^^
2026-09-21T00:26:43.300444266Z   File "/usr/local/lib/python3.13/site-packages/sqlalchemy/pool/base.py", line 1272, in _checkout
2026-09-21T00:26:43.300446961Z     fairy = _ConnectionRecord.checkout(pool)
2026-09-21T00:26:43.300449637Z   File "/usr/local/lib/python3.13/site-packages/sqlalchemy/pool/base.py", line 712, in checkout
2026-09-21T00:26:43.300452302Z     rec = pool._do_get()
2026-09-21T00:26:43.300455017Z   File "/usr/local/lib/python3.13/site-packages/sqlalchemy/pool/impl.py", line 167, in _do_get
2026-09-21T00:26:43.300459676Z     raise exc.TimeoutError(
2026-09-21T00:26:43.300462402Z     ...<4 lines>...
2026-09-21T00:26:43.300465147Z     )
2026-09-21T00:26:43.300468754Z sqlalchemy.exc.TimeoutError: QueuePool limit of size 5 overflow 10 reached, connection timed out, timeout 30.00 (Background on this error at: https://sqlalche.me/e/20/3o7r)
2026-09-21T00:26:43.798440428Z ERROR:    Exception in ASGI application
2026-09-21T00:26:43.798473223Z Traceback (most recent call last):
2026-09-21T00:26:43.798476179Z   File "/usr/local/lib/python3.13/site-packages/uvicorn/protocols/http/httptools_impl.py", line 421, in run_asgi
2026-09-21T00:26:43.798478714Z     result = await app(  # type: ignore[func-returns-value]
2026-09-21T00:26:43.798480668Z              ^^^^^^^^^^^^^^^^^^^^^^^^^^^^^^^^^^^^^^^^^^^^^^
2026-09-21T00:26:43.798482592Z         self.scope, self.receive, self.send
2026-09-21T00:26:43.798484535Z         ^^^^^^^^^^^^^^^^^^^^^^^^^^^^^^^^^^^
2026-09-21T00:26:43.798486499Z     )
2026-09-21T00:26:43.798488483Z     ^
2026-09-21T00:26:43.798490467Z   File "/usr/local/lib/python3.13/site-packages/uvicorn/middleware/proxy_headers.py", line 63, in __call__
2026-09-21T00:26:43.798492511Z     return await self.app(scope, receive, send)
2026-09-21T00:26:43.798494465Z            ^^^^^^^^^^^^^^^^^^^^^^^^^^^^^^^^^^^^
2026-09-21T00:26:43.798497050Z   File "/usr/local/lib/python3.13/site-packages/fastapi/applications.py", line 1159, in __call__
2026-09-21T00:26:43.798499164Z     await super().__call__(scope, receive, send)
2026-09-21T00:26:43.798501489Z   File "/usr/local/lib/python3.13/site-packages/starlette/applications.py", line 107, in __call__
2026-09-21T00:26:43.798503433Z     await self.middleware_stack(scope, receive, send)
2026-09-21T00:26:43.798505547Z   File "/usr/local/lib/python3.13/site-packages/starlette/middleware/errors.py", line 186, in __call__
2026-09-21T00:26:43.798507531Z     raise exc
2026-09-21T00:26:43.798509555Z   File "/usr/local/lib/python3.13/site-packages/starlette/middleware/errors.py", line 164, in __call__
2026-09-21T00:26:43.798511519Z     await self.app(scope, receive, _send)
2026-09-21T00:26:43.798514004Z   File "/usr/local/lib/python3.13/site-packages/opentelemetry/instrumentation/asgi/__init__.py", line 806, in __call__
2026-09-21T00:26:43.798515957Z     await self.app(scope, otel_receive, otel_send)
2026-09-21T00:26:43.798517911Z   File "/usr/local/lib/python3.13/site-packages/starlette/middleware/errors.py", line 186, in __call__
2026-09-21T00:26:43.798537059Z     raise exc
2026-09-21T00:26:43.798539163Z   File "/usr/local/lib/python3.13/site-packages/starlette/middleware/errors.py", line 164, in __call__
2026-09-21T00:26:43.798541127Z     await self.app(scope, receive, _send)
2026-09-21T00:26:43.798543211Z   File "/usr/local/lib/python3.13/site-packages/opentelemetry/instrumentation/fastapi/__init__.py", line 305, in __call__
2026-09-21T00:26:43.798545175Z     await self.app(scope, receive, send)
2026-09-21T00:26:43.798547119Z   File "/usr/local/lib/python3.13/site-packages/prometheus_fastapi_instrumentator/middleware.py", line 177, in __call__
2026-09-21T00:26:43.798549073Z     raise exc
2026-09-21T00:26:43.798550997Z   File "/usr/local/lib/python3.13/site-packages/prometheus_fastapi_instrumentator/middleware.py", line 175, in __call__
2026-09-21T00:26:43.798552950Z     await self.app(scope, receive, send_wrapper)
2026-09-21T00:26:43.798554944Z   File "/usr/local/lib/python3.13/site-packages/starlette/middleware/exceptions.py", line 63, in __call__
2026-09-21T00:26:43.798557429Z     await wrap_app_handling_exceptions(self.app, conn)(scope, receive, send)
2026-09-21T00:26:43.798559774Z   File "/usr/local/lib/python3.13/site-packages/starlette/_exception_handler.py", line 53, in wrapped_app
2026-09-21T00:26:43.798561718Z     raise exc
2026-09-21T00:26:43.798563652Z   File "/usr/local/lib/python3.13/site-packages/starlette/_exception_handler.py", line 42, in wrapped_app
2026-09-21T00:26:43.798565636Z     await app(scope, receive, sender)
2026-09-21T00:26:43.798567720Z   File "/usr/local/lib/python3.13/site-packages/fastapi/middleware/asyncexitstack.py", line 18, in __call__
2026-09-21T00:26:43.798569674Z     await self.app(scope, receive, send)
2026-09-21T00:26:43.798571627Z   File "/usr/local/lib/python3.13/site-packages/starlette/routing.py", line 716, in __call__
2026-09-21T00:26:43.798573571Z     await self.middleware_stack(scope, receive, send)
2026-09-21T00:26:43.798575565Z   File "/usr/local/lib/python3.13/site-packages/starlette/routing.py", line 736, in app
2026-09-21T00:26:43.798577489Z     await route.handle(scope, receive, send)
2026-09-21T00:26:43.798579433Z   File "/usr/local/lib/python3.13/site-packages/starlette/routing.py", line 290, in handle
2026-09-21T00:26:43.798581427Z     await self.app(scope, receive, send)
2026-09-21T00:26:43.798583361Z   File "/usr/local/lib/python3.13/site-packages/fastapi/routing.py", line 134, in app
2026-09-21T00:26:43.798585294Z     await wrap_app_handling_exceptions(app, request)(scope, receive, send)
2026-09-21T00:26:43.798587218Z   File "/usr/local/lib/python3.13/site-packages/starlette/_exception_handler.py", line 53, in wrapped_app
2026-09-21T00:26:43.798589152Z     raise exc
2026-09-21T00:26:43.798591126Z   File "/usr/local/lib/python3.13/site-packages/starlette/_exception_handler.py", line 42, in wrapped_app
2026-09-21T00:26:43.798593070Z     await app(scope, receive, sender)
2026-09-21T00:26:43.798595214Z   File "/usr/local/lib/python3.13/site-packages/fastapi/routing.py", line 120, in app
2026-09-21T00:26:43.798597659Z     response = await f(request)
2026-09-21T00:26:43.798599603Z                ^^^^^^^^^^^^^^^^
2026-09-21T00:26:43.798601536Z   File "/usr/local/lib/python3.13/site-packages/fastapi/routing.py", line 674, in app
2026-09-21T00:26:43.798603470Z     raw_response = await run_endpoint_function(
2026-09-21T00:26:43.798605645Z                    ^^^^^^^^^^^^^^^^^^^^^^^^^^^^
2026-09-21T00:26:43.798607949Z     ...<3 lines>...
2026-09-21T00:26:43.798609913Z     )
2026-09-21T00:26:43.798611877Z     ^
2026-09-21T00:26:43.798613821Z   File "/usr/local/lib/python3.13/site-packages/fastapi/routing.py", line 330, in run_endpoint_function
2026-09-21T00:26:43.798621316Z     return await run_in_threadpool(dependant.call, **values)
2026-09-21T00:26:43.798623339Z            ^^^^^^^^^^^^^^^^^^^^^^^^^^^^^^^^^^^^^^^^^^^^^^^^^
2026-09-21T00:26:43.798665082Z   File "/usr/local/lib/python3.13/site-packages/starlette/concurrency.py", line 32, in run_in_threadpool
2026-09-21T00:26:43.798670002Z     return await anyio.to_thread.run_sync(func)
2026-09-21T00:26:43.798672066Z            ^^^^^^^^^^^^^^^^^^^^^^^^^^^^^^^^^^^^
2026-09-21T00:26:43.798674010Z   File "/usr/local/lib/python3.13/site-packages/anyio/to_thread.py", line 63, in run_sync
2026-09-21T00:26:43.798675993Z     return await get_async_backend().run_sync_in_worker_thread(
2026-09-21T00:26:43.798677987Z            ^^^^^^^^^^^^^^^^^^^^^^^^^^^^^^^^^^^^^^^^^^^^^^^^^^^^
2026-09-21T00:26:43.798683128Z         func, args, abandon_on_cancel=abandon_on_cancel, limiter=limiter
2026-09-21T00:26:43.798685392Z         ^^^^^^^^^^^^^^^^^^^^^^^^^^^^^^^^^^^^^^^^^^^^^^^^^^^^^^^^^^^^^^^^
2026-09-21T00:26:43.798687396Z     )
2026-09-21T00:26:43.798689480Z     ^
2026-09-21T00:26:43.798691524Z   File "/usr/local/lib/python3.13/site-packages/anyio/_backends/_asyncio.py", line 2518, in run_sync_in_worker_thread
2026-09-21T00:26:43.798693528Z     return await future
2026-09-21T00:26:43.798695492Z            ^^^^^^^^^^^^
2026-09-21T00:26:43.798697456Z   File "/usr/local/lib/python3.13/site-packages/anyio/_backends/_asyncio.py", line 1002, in run
2026-09-21T00:26:43.798699400Z     result = context.run(func, *args)
2026-09-21T00:26:43.798703608Z   File "/app/app/routers/orders.py", line 36, in checkout
2026-09-21T00:26:43.798705592Z     return create_order(
2026-09-21T00:26:43.798707586Z         db=db,
2026-09-21T00:26:43.798709600Z     ...<2 lines>...
2026-09-21T00:26:43.798711574Z         correlation_id=correlation_id,
2026-09-21T00:26:43.798713528Z     )
2026-09-21T00:26:43.798715542Z   File "/app/app/services/order_service.py", line 42, in create_order
2026-09-21T00:26:43.798717515Z     result = db.execute(
2026-09-21T00:26:43.798719499Z         select(ProductModel).where(ProductModel.id == product_id)
2026-09-21T00:26:43.798721443Z     )
2026-09-21T00:26:43.798723437Z   File "/usr/local/lib/python3.13/site-packages/sqlalchemy/orm/session.py", line 2372, in execute
2026-09-21T00:26:43.798725401Z     return self._execute_internal(
2026-09-21T00:26:43.798727345Z            ~~~~~~~~~~~~~~~~~~~~~~^
2026-09-21T00:26:43.798729299Z         statement,
2026-09-21T00:26:43.798731263Z         ^^^^^^^^^^
2026-09-21T00:26:43.798733196Z     ...<4 lines>...
2026-09-21T00:26:43.798735170Z         _add_event=_add_event,
2026-09-21T00:26:43.798737134Z         ^^^^^^^^^^^^^^^^^^^^^^
2026-09-21T00:26:43.798739108Z     )
2026-09-21T00:26:43.798741072Z     ^
2026-09-21T00:26:43.798743056Z   File "/usr/local/lib/python3.13/site-packages/sqlalchemy/orm/session.py", line 2260, in _execute_internal
2026-09-21T00:26:43.798745000Z     conn = self._connection_for_bind(bind)
2026-09-21T00:26:43.798748948Z   File "/usr/local/lib/python3.13/site-packages/sqlalchemy/orm/session.py", line 2112, in _connection_for_bind
2026-09-21T00:26:43.798750941Z     return trans._connection_for_bind(engine, execution_options)
2026-09-21T00:26:43.798752875Z            ~~~~~~~~~~~~~~~~~~~~~~~~~~^^^^^^^^^^^^^^^^^^^^^^^^^^^
2026-09-21T00:26:43.798754829Z   File "<string>", line 2, in _connection_for_bind
2026-09-21T00:26:43.798756823Z   File "/usr/local/lib/python3.13/site-packages/sqlalchemy/orm/state_changes.py", line 137, in _go
2026-09-21T00:26:43.798758767Z     ret_value = fn(self, *arg, **kw)
2026-09-21T00:26:43.798760751Z   File "/usr/local/lib/python3.13/site-packages/sqlalchemy/orm/session.py", line 1191, in _connection_for_bind
2026-09-21T00:26:43.798770881Z     conn = bind.connect()
2026-09-21T00:26:43.798773516Z   File "/usr/local/lib/python3.13/site-packages/opentelemetry/instrumentation/sqlalchemy/engine.py", line 200, in _wrap_connect_internal
2026-09-21T00:26:43.798775480Z     return func(*args, **kwargs)
2026-09-21T00:26:43.798777434Z   File "/usr/local/lib/python3.13/site-packages/sqlalchemy/engine/base.py", line 3295, in connect
2026-09-21T00:26:43.798779378Z     return self._connection_cls(self)
2026-09-21T00:26:43.798781352Z            ~~~~~~~~~~~~~~~~~~~~^^^^^^
2026-09-21T00:26:43.798783305Z   File "/usr/local/lib/python3.13/site-packages/sqlalchemy/engine/base.py", line 144, in __init__
2026-09-21T00:26:43.798785239Z     self._dbapi_connection = engine.raw_connection()
2026-09-21T00:26:43.798787253Z                              ~~~~~~~~~~~~~~~~~~~~~^^
2026-09-21T00:26:43.798789197Z   File "/usr/local/lib/python3.13/site-packages/sqlalchemy/engine/base.py", line 3319, in raw_connection
2026-09-21T00:26:43.798791141Z     return self.pool.connect()
2026-09-21T00:26:43.798793085Z            ~~~~~~~~~~~~~~~~~^^
2026-09-21T00:26:43.798795039Z   File "/usr/local/lib/python3.13/site-packages/sqlalchemy/pool/base.py", line 448, in connect
2026-09-21T00:26:43.798797022Z     return _ConnectionFairy._checkout(self)
2026-09-21T00:26:43.798798966Z            ~~~~~~~~~~~~~~~~~~~~~~~~~~^^^^^^
2026-09-21T00:26:43.798800900Z   File "/usr/local/lib/python3.13/site-packages/sqlalchemy/pool/base.py", line 1272, in _checkout
2026-09-21T00:26:43.798802854Z     fairy = _ConnectionRecord.checkout(pool)
2026-09-21T00:26:43.798804848Z   File "/usr/local/lib/python3.13/site-packages/sqlalchemy/pool/base.py", line 712, in checkout
2026-09-21T00:26:43.798806792Z     rec = pool._do_get()
2026-09-21T00:26:43.798808726Z   File "/usr/local/lib/python3.13/site-packages/sqlalchemy/pool/impl.py", line 167, in _do_get
2026-09-21T00:26:43.798810659Z     raise exc.TimeoutError(
2026-09-21T00:26:43.798812663Z     ...<4 lines>...
2026-09-21T00:26:43.798814607Z     )
2026-09-21T00:26:43.798817022Z sqlalchemy.exc.TimeoutError: QueuePool limit of size 5 overflow 10 reached, connection timed out, timeout 30.00 (Background on this error at: https://sqlalche.me/e/20/3o7r)
2026-09-21T00:26:44.997227982Z ERROR:    Exception in ASGI application
2026-09-21T00:26:44.997255417Z Traceback (most recent call last):
2026-09-21T00:26:44.997260998Z   File "/usr/local/lib/python3.13/site-packages/uvicorn/protocols/http/httptools_impl.py", line 421, in run_asgi
2026-09-21T00:26:44.997263543Z     result = await app(  # type: ignore[func-returns-value]
2026-09-21T00:26:44.997265607Z              ^^^^^^^^^^^^^^^^^^^^^^^^^^^^^^^^^^^^^^^^^^^^^^
2026-09-21T00:26:44.997267551Z         self.scope, self.receive, self.send
2026-09-21T00:26:44.997269695Z         ^^^^^^^^^^^^^^^^^^^^^^^^^^^^^^^^^^^
2026-09-21T00:26:44.997271669Z     )
2026-09-21T00:26:44.997273633Z     ^
2026-09-21T00:26:44.997275596Z   File "/usr/local/lib/python3.13/site-packages/uvicorn/middleware/proxy_headers.py", line 63, in __call__
2026-09-21T00:26:44.997277570Z     return await self.app(scope, receive, send)
2026-09-21T00:26:44.997279564Z            ^^^^^^^^^^^^^^^^^^^^^^^^^^^^^^^^^^^^
2026-09-21T00:26:44.997282039Z   File "/usr/local/lib/python3.13/site-packages/fastapi/applications.py", line 1159, in __call__
2026-09-21T00:26:44.997283943Z     await super().__call__(scope, receive, send)
2026-09-21T00:26:44.997285867Z   File "/usr/local/lib/python3.13/site-packages/starlette/applications.py", line 107, in __call__
2026-09-21T00:26:44.997287791Z     await self.middleware_stack(scope, receive, send)
2026-09-21T00:26:44.997304333Z   File "/usr/local/lib/python3.13/site-packages/starlette/middleware/errors.py", line 186, in __call__
2026-09-21T00:26:44.997306407Z     raise exc
2026-09-21T00:26:44.997308311Z   File "/usr/local/lib/python3.13/site-packages/starlette/middleware/errors.py", line 164, in __call__
2026-09-21T00:26:44.997310215Z     await self.app(scope, receive, _send)
2026-09-21T00:26:44.997312640Z   File "/usr/local/lib/python3.13/site-packages/opentelemetry/instrumentation/asgi/__init__.py", line 806, in __call__
2026-09-21T00:26:44.997314553Z     await self.app(scope, otel_receive, otel_send)
2026-09-21T00:26:44.997316457Z   File "/usr/local/lib/python3.13/site-packages/starlette/middleware/errors.py", line 186, in __call__
2026-09-21T00:26:44.997318351Z     raise exc
2026-09-21T00:26:44.997320255Z   File "/usr/local/lib/python3.13/site-packages/starlette/middleware/errors.py", line 164, in __call__
2026-09-21T00:26:44.997322148Z     await self.app(scope, receive, _send)
2026-09-21T00:26:44.997324042Z   File "/usr/local/lib/python3.13/site-packages/opentelemetry/instrumentation/fastapi/__init__.py", line 305, in __call__
2026-09-21T00:26:44.997325946Z     await self.app(scope, receive, send)
2026-09-21T00:26:44.997327860Z   File "/usr/local/lib/python3.13/site-packages/prometheus_fastapi_instrumentator/middleware.py", line 177, in __call__
2026-09-21T00:26:44.997329753Z     raise exc
2026-09-21T00:26:44.997331637Z   File "/usr/local/lib/python3.13/site-packages/prometheus_fastapi_instrumentator/middleware.py", line 175, in __call__
2026-09-21T00:26:44.997333521Z     await self.app(scope, receive, send_wrapper)
2026-09-21T00:26:44.997335495Z   File "/usr/local/lib/python3.13/site-packages/starlette/middleware/exceptions.py", line 63, in __call__
2026-09-21T00:26:44.997338210Z     await wrap_app_handling_exceptions(self.app, conn)(scope, receive, send)
2026-09-21T00:26:44.997340154Z   File "/usr/local/lib/python3.13/site-packages/starlette/_exception_handler.py", line 53, in wrapped_app
2026-09-21T00:26:44.997342088Z     raise exc
2026-09-21T00:26:44.997343981Z   File "/usr/local/lib/python3.13/site-packages/starlette/_exception_handler.py", line 42, in wrapped_app
2026-09-21T00:26:44.997345875Z     await app(scope, receive, sender)
2026-09-21T00:26:44.997347769Z   File "/usr/local/lib/python3.13/site-packages/fastapi/middleware/asyncexitstack.py", line 18, in __call__
2026-09-21T00:26:44.997349663Z     await self.app(scope, receive, send)
2026-09-21T00:26:44.997351586Z   File "/usr/local/lib/python3.13/site-packages/starlette/routing.py", line 716, in __call__
2026-09-21T00:26:44.997353470Z     await self.middleware_stack(scope, receive, send)
2026-09-21T00:26:44.997355384Z   File "/usr/local/lib/python3.13/site-packages/starlette/routing.py", line 736, in app
2026-09-21T00:26:44.997357288Z     await route.handle(scope, receive, send)
2026-09-21T00:26:44.997359202Z   File "/usr/local/lib/python3.13/site-packages/starlette/routing.py", line 290, in handle
2026-09-21T00:26:44.997361095Z     await self.app(scope, receive, send)
2026-09-21T00:26:44.997362999Z   File "/usr/local/lib/python3.13/site-packages/fastapi/routing.py", line 134, in app
2026-09-21T00:26:44.997364903Z     await wrap_app_handling_exceptions(app, request)(scope, receive, send)
2026-09-21T00:26:44.997366797Z   File "/usr/local/lib/python3.13/site-packages/starlette/_exception_handler.py", line 53, in wrapped_app
2026-09-21T00:26:44.997368680Z     raise exc
2026-09-21T00:26:44.997370574Z   File "/usr/local/lib/python3.13/site-packages/starlette/_exception_handler.py", line 42, in wrapped_app
2026-09-21T00:26:44.997372458Z     await app(scope, receive, sender)
2026-09-21T00:26:44.997376185Z   File "/usr/local/lib/python3.13/site-packages/fastapi/routing.py", line 120, in app
2026-09-21T00:26:44.997383640Z     response = await f(request)
2026-09-21T00:26:44.997385764Z                ^^^^^^^^^^^^^^^^
2026-09-21T00:26:44.997387688Z   File "/usr/local/lib/python3.13/site-packages/fastapi/routing.py", line 674, in app
2026-09-21T00:26:44.997389572Z     raw_response = await run_endpoint_function(
2026-09-21T00:26:44.997391475Z                    ^^^^^^^^^^^^^^^^^^^^^^^^^^^^
2026-09-21T00:26:44.997393790Z     ...<3 lines>...
2026-09-21T00:26:44.997395734Z     )
2026-09-21T00:26:44.997397768Z     ^
2026-09-21T00:26:44.997401515Z   File "/usr/local/lib/python3.13/site-packages/fastapi/routing.py", line 330, in run_endpoint_function
2026-09-21T00:26:44.997403459Z     return await run_in_threadpool(dependant.call, **values)
2026-09-21T00:26:44.997405373Z            ^^^^^^^^^^^^^^^^^^^^^^^^^^^^^^^^^^^^^^^^^^^^^^^^^
2026-09-21T00:26:44.997439911Z   File "/usr/local/lib/python3.13/site-packages/starlette/concurrency.py", line 32, in run_in_threadpool
2026-09-21T00:26:44.997444620Z     return await anyio.to_thread.run_sync(func)
2026-09-21T00:26:44.997446624Z            ^^^^^^^^^^^^^^^^^^^^^^^^^^^^^^^^^^^^
2026-09-21T00:26:44.997448608Z   File "/usr/local/lib/python3.13/site-packages/anyio/to_thread.py", line 63, in run_sync
2026-09-21T00:26:44.997450512Z     return await get_async_backend().run_sync_in_worker_thread(
2026-09-21T00:26:44.997452416Z            ^^^^^^^^^^^^^^^^^^^^^^^^^^^^^^^^^^^^^^^^^^^^^^^^^^^^
2026-09-21T00:26:44.997454329Z         func, args, abandon_on_cancel=abandon_on_cancel, limiter=limiter
2026-09-21T00:26:44.997456373Z         ^^^^^^^^^^^^^^^^^^^^^^^^^^^^^^^^^^^^^^^^^^^^^^^^^^^^^^^^^^^^^^^^
2026-09-21T00:26:44.997458287Z     )
2026-09-21T00:26:44.997460201Z     ^
2026-09-21T00:26:44.997462125Z   File "/usr/local/lib/python3.13/site-packages/anyio/_backends/_asyncio.py", line 2518, in run_sync_in_worker_thread
2026-09-21T00:26:44.997464199Z     return await future
2026-09-21T00:26:44.997466123Z            ^^^^^^^^^^^^
2026-09-21T00:26:44.997468026Z   File "/usr/local/lib/python3.13/site-packages/anyio/_backends/_asyncio.py", line 1002, in run
2026-09-21T00:26:44.997469930Z     result = context.run(func, *args)
2026-09-21T00:26:44.997471904Z   File "/app/app/routers/orders.py", line 36, in checkout
2026-09-21T00:26:44.997473828Z     return create_order(
2026-09-21T00:26:44.997475762Z         db=db,
2026-09-21T00:26:44.997478207Z     ...<2 lines>...
2026-09-21T00:26:44.997480671Z         correlation_id=correlation_id,
2026-09-21T00:26:44.997483086Z     )
2026-09-21T00:26:44.997485200Z   File "/app/app/services/order_service.py", line 42, in create_order
2026-09-21T00:26:44.997487204Z     result = db.execute(
2026-09-21T00:26:44.997489138Z         select(ProductModel).where(ProductModel.id == product_id)
2026-09-21T00:26:44.997491393Z     )
2026-09-21T00:26:44.997493867Z   File "/usr/local/lib/python3.13/site-packages/sqlalchemy/orm/session.py", line 2372, in execute
2026-09-21T00:26:44.997496232Z     return self._execute_internal(
2026-09-21T00:26:44.997500631Z            ~~~~~~~~~~~~~~~~~~~~~~^
2026-09-21T00:26:44.997502605Z         statement,
2026-09-21T00:26:44.997504508Z         ^^^^^^^^^^
2026-09-21T00:26:44.997506402Z     ...<4 lines>...
2026-09-21T00:26:44.997508296Z         _add_event=_add_event,
2026-09-21T00:26:44.997510200Z         ^^^^^^^^^^^^^^^^^^^^^^
2026-09-21T00:26:44.997512164Z     )
2026-09-21T00:26:44.997514077Z     ^
2026-09-21T00:26:44.997516001Z   File "/usr/local/lib/python3.13/site-packages/sqlalchemy/orm/session.py", line 2260, in _execute_internal
2026-09-21T00:26:44.997517905Z     conn = self._connection_for_bind(bind)
2026-09-21T00:26:44.997542824Z   File "/usr/local/lib/python3.13/site-packages/sqlalchemy/orm/session.py", line 2112, in _connection_for_bind
2026-09-21T00:26:44.997547113Z     return trans._connection_for_bind(engine, execution_options)
2026-09-21T00:26:44.997549056Z            ~~~~~~~~~~~~~~~~~~~~~~~~~~^^^^^^^^^^^^^^^^^^^^^^^^^^^
2026-09-21T00:26:44.997551030Z   File "<string>", line 2, in _connection_for_bind
2026-09-21T00:26:44.997553004Z   File "/usr/local/lib/python3.13/site-packages/sqlalchemy/orm/state_changes.py", line 137, in _go
2026-09-21T00:26:44.997554908Z     ret_value = fn(self, *arg, **kw)
2026-09-21T00:26:44.997556952Z   File "/usr/local/lib/python3.13/site-packages/sqlalchemy/orm/session.py", line 1191, in _connection_for_bind
2026-09-21T00:26:44.997558856Z     conn = bind.connect()
2026-09-21T00:26:44.997561090Z   File "/usr/local/lib/python3.13/site-packages/opentelemetry/instrumentation/sqlalchemy/engine.py", line 200, in _wrap_connect_internal
2026-09-21T00:26:44.997562994Z     return func(*args, **kwargs)
2026-09-21T00:26:44.997565078Z   File "/usr/local/lib/python3.13/site-packages/sqlalchemy/engine/base.py", line 3295, in connect
2026-09-21T00:26:44.997566962Z     return self._connection_cls(self)
2026-09-21T00:26:44.997568846Z            ~~~~~~~~~~~~~~~~~~~~^^^^^^
2026-09-21T00:26:44.997570749Z   File "/usr/local/lib/python3.13/site-packages/sqlalchemy/engine/base.py", line 144, in __init__
2026-09-21T00:26:44.997572663Z     self._dbapi_connection = engine.raw_connection()
2026-09-21T00:26:44.997574547Z                              ~~~~~~~~~~~~~~~~~~~~~^^
2026-09-21T00:26:44.997576491Z   File "/usr/local/lib/python3.13/site-packages/sqlalchemy/engine/base.py", line 3319, in raw_connection
2026-09-21T00:26:44.997578384Z     return self.pool.connect()
2026-09-21T00:26:44.997580268Z            ~~~~~~~~~~~~~~~~~^^
2026-09-21T00:26:44.997582172Z   File "/usr/local/lib/python3.13/site-packages/sqlalchemy/pool/base.py", line 448, in connect
2026-09-21T00:26:44.997584046Z     return _ConnectionFairy._checkout(self)
2026-09-21T00:26:44.997585919Z            ~~~~~~~~~~~~~~~~~~~~~~~~~~^^^^^^
2026-09-21T00:26:44.997587833Z   File "/usr/local/lib/python3.13/site-packages/sqlalchemy/pool/base.py", line 1272, in _checkout
2026-09-21T00:26:44.997589727Z     fairy = _ConnectionRecord.checkout(pool)
2026-09-21T00:26:44.997591611Z   File "/usr/local/lib/python3.13/site-packages/sqlalchemy/pool/base.py", line 712, in checkout
2026-09-21T00:26:44.997593504Z     rec = pool._do_get()
2026-09-21T00:26:44.997595398Z   File "/usr/local/lib/python3.13/site-packages/sqlalchemy/pool/impl.py", line 167, in _do_get
2026-09-21T00:26:44.997597612Z     raise exc.TimeoutError(
2026-09-21T00:26:44.997599516Z     ...<4 lines>...
2026-09-21T00:26:44.997601440Z     )
2026-09-21T00:26:44.997603765Z sqlalchemy.exc.TimeoutError: QueuePool limit of size 5 overflow 10 reached, connection timed out, timeout 30.00 (Background on this error at: https://sqlalche.me/e/20/3o7r)
2026-09-21T00:26:45.006540664Z ERROR:    Exception in ASGI application
2026-09-21T00:26:45.006577116Z Traceback (most recent call last):
2026-09-21T00:26:45.006582667Z   File "/usr/local/lib/python3.13/site-packages/uvicorn/protocols/http/httptools_impl.py", line 421, in run_asgi
2026-09-21T00:26:45.006587838Z     result = await app(  # type: ignore[func-returns-value]
2026-09-21T00:26:45.006592136Z              ^^^^^^^^^^^^^^^^^^^^^^^^^^^^^^^^^^^^^^^^^^^^^^
2026-09-21T00:26:45.006596375Z         self.scope, self.receive, self.send
2026-09-21T00:26:45.006600923Z         ^^^^^^^^^^^^^^^^^^^^^^^^^^^^^^^^^^^
2026-09-21T00:26:45.006605262Z     )
2026-09-21T00:26:45.006609641Z     ^
2026-09-21T00:26:45.006640381Z   File "/usr/local/lib/python3.13/site-packages/uvicorn/middleware/proxy_headers.py", line 63, in __call__
2026-09-21T00:26:45.006644980Z     return await self.app(scope, receive, send)
2026-09-21T00:26:45.006649259Z            ^^^^^^^^^^^^^^^^^^^^^^^^^^^^^^^^^^^^
2026-09-21T00:26:45.006654419Z   File "/usr/local/lib/python3.13/site-packages/fastapi/applications.py", line 1159, in __call__
2026-09-21T00:26:45.006658678Z     await super().__call__(scope, receive, send)
2026-09-21T00:26:45.006662986Z   File "/usr/local/lib/python3.13/site-packages/starlette/applications.py", line 107, in __call__
2026-09-21T00:26:45.006667234Z     await self.middleware_stack(scope, receive, send)
2026-09-21T00:26:45.006675491Z   File "/usr/local/lib/python3.13/site-packages/starlette/middleware/errors.py", line 186, in __call__
2026-09-21T00:26:45.006679950Z     raise exc
2026-09-21T00:26:45.006684388Z   File "/usr/local/lib/python3.13/site-packages/starlette/middleware/errors.py", line 164, in __call__
2026-09-21T00:26:45.006688777Z     await self.app(scope, receive, _send)
2026-09-21T00:26:45.006693997Z   File "/usr/local/lib/python3.13/site-packages/opentelemetry/instrumentation/asgi/__init__.py", line 806, in __call__
2026-09-21T00:26:45.006698336Z     await self.app(scope, otel_receive, otel_send)
2026-09-21T00:26:45.006702664Z   File "/usr/local/lib/python3.13/site-packages/starlette/middleware/errors.py", line 186, in __call__
2026-09-21T00:26:45.006706943Z     raise exc
2026-09-21T00:26:45.006711201Z   File "/usr/local/lib/python3.13/site-packages/starlette/middleware/errors.py", line 164, in __call__
2026-09-21T00:26:45.006715510Z     await self.app(scope, receive, _send)
2026-09-21T00:26:45.006719778Z   File "/usr/local/lib/python3.13/site-packages/opentelemetry/instrumentation/fastapi/__init__.py", line 305, in __call__
2026-09-21T00:26:45.006724047Z     await self.app(scope, receive, send)
2026-09-21T00:26:45.006728315Z   File "/usr/local/lib/python3.13/site-packages/prometheus_fastapi_instrumentator/middleware.py", line 177, in __call__
2026-09-21T00:26:45.006732553Z     raise exc
2026-09-21T00:26:45.006737042Z   File "/usr/local/lib/python3.13/site-packages/prometheus_fastapi_instrumentator/middleware.py", line 175, in __call__
2026-09-21T00:26:45.006741321Z     await self.app(scope, receive, send_wrapper)
2026-09-21T00:26:45.006745569Z   File "/usr/local/lib/python3.13/site-packages/starlette/middleware/exceptions.py", line 63, in __call__
2026-09-21T00:26:45.006750469Z     await wrap_app_handling_exceptions(self.app, conn)(scope, receive, send)
2026-09-21T00:26:45.006754717Z   File "/usr/local/lib/python3.13/site-packages/starlette/_exception_handler.py", line 53, in wrapped_app
2026-09-21T00:26:45.006758986Z     raise exc
2026-09-21T00:26:45.006763194Z   File "/usr/local/lib/python3.13/site-packages/starlette/_exception_handler.py", line 42, in wrapped_app
2026-09-21T00:26:45.006767462Z     await app(scope, receive, sender)
2026-09-21T00:26:45.006771951Z   File "/usr/local/lib/python3.13/site-packages/fastapi/middleware/asyncexitstack.py", line 18, in __call__
2026-09-21T00:26:45.006776280Z     await self.app(scope, receive, send)
2026-09-21T00:26:45.006780548Z   File "/usr/local/lib/python3.13/site-packages/starlette/routing.py", line 716, in __call__
2026-09-21T00:26:45.006784817Z     await self.middleware_stack(scope, receive, send)
2026-09-21T00:26:45.006789065Z   File "/usr/local/lib/python3.13/site-packages/starlette/routing.py", line 736, in app
2026-09-21T00:26:45.006793323Z     await route.handle(scope, receive, send)
2026-09-21T00:26:45.006797562Z   File "/usr/local/lib/python3.13/site-packages/starlette/routing.py", line 290, in handle
2026-09-21T00:26:45.006801810Z     await self.app(scope, receive, send)
2026-09-21T00:26:45.006816619Z   File "/usr/local/lib/python3.13/site-packages/fastapi/routing.py", line 134, in app
2026-09-21T00:26:45.006821038Z     await wrap_app_handling_exceptions(app, request)(scope, receive, send)
2026-09-21T00:26:45.006825367Z   File "/usr/local/lib/python3.13/site-packages/starlette/_exception_handler.py", line 53, in wrapped_app
2026-09-21T00:26:45.006829655Z     raise exc
2026-09-21T00:26:45.006834054Z   File "/usr/local/lib/python3.13/site-packages/starlette/_exception_handler.py", line 42, in wrapped_app
2026-09-21T00:26:45.006838302Z     await app(scope, receive, sender)
2026-09-21T00:26:45.006842551Z   File "/usr/local/lib/python3.13/site-packages/fastapi/routing.py", line 120, in app
2026-09-21T00:26:45.006847390Z     response = await f(request)
2026-09-21T00:26:45.006851739Z                ^^^^^^^^^^^^^^^^
2026-09-21T00:26:45.006855987Z   File "/usr/local/lib/python3.13/site-packages/fastapi/routing.py", line 674, in app
2026-09-21T00:26:45.006860236Z     raw_response = await run_endpoint_function(
2026-09-21T00:26:45.006864494Z                    ^^^^^^^^^^^^^^^^^^^^^^^^^^^^
2026-09-21T00:26:45.006869293Z     ...<3 lines>...
2026-09-21T00:26:45.006873622Z     )
2026-09-21T00:26:45.006877951Z     ^
2026-09-21T00:26:45.006882209Z   File "/usr/local/lib/python3.13/site-packages/fastapi/routing.py", line 330, in run_endpoint_function
2026-09-21T00:26:45.006886527Z     return await run_in_threadpool(dependant.call, **values)
2026-09-21T00:26:45.006890836Z            ^^^^^^^^^^^^^^^^^^^^^^^^^^^^^^^^^^^^^^^^^^^^^^^^^
2026-09-21T00:26:45.006955283Z   File "/usr/local/lib/python3.13/site-packages/starlette/concurrency.py", line 32, in run_in_threadpool
2026-09-21T00:26:45.006965363Z     return await anyio.to_thread.run_sync(func)
2026-09-21T00:26:45.006969902Z            ^^^^^^^^^^^^^^^^^^^^^^^^^^^^^^^^^^^^
2026-09-21T00:26:45.006974481Z   File "/usr/local/lib/python3.13/site-packages/anyio/to_thread.py", line 63, in run_sync
2026-09-21T00:26:45.006978810Z     return await get_async_backend().run_sync_in_worker_thread(
2026-09-21T00:26:45.006983299Z            ^^^^^^^^^^^^^^^^^^^^^^^^^^^^^^^^^^^^^^^^^^^^^^^^^^^^
2026-09-21T00:26:45.006987657Z         func, args, abandon_on_cancel=abandon_on_cancel, limiter=limiter
2026-09-21T00:26:45.006992006Z         ^^^^^^^^^^^^^^^^^^^^^^^^^^^^^^^^^^^^^^^^^^^^^^^^^^^^^^^^^^^^^^^^
2026-09-21T00:26:45.006996314Z     )
2026-09-21T00:26:45.007000653Z     ^
2026-09-21T00:26:45.007005011Z   File "/usr/local/lib/python3.13/site-packages/anyio/_backends/_asyncio.py", line 2518, in run_sync_in_worker_thread
2026-09-21T00:26:45.007009340Z     return await future
2026-09-21T00:26:45.007013689Z            ^^^^^^^^^^^^
2026-09-21T00:26:45.007018047Z   File "/usr/local/lib/python3.13/site-packages/anyio/_backends/_asyncio.py", line 1002, in run
2026-09-21T00:26:45.007022386Z     result = context.run(func, *args)
2026-09-21T00:26:45.007026714Z   File "/app/app/routers/orders.py", line 36, in checkout
2026-09-21T00:26:45.007031073Z     return create_order(
2026-09-21T00:26:45.007035422Z         db=db,
2026-09-21T00:26:45.007039750Z     ...<2 lines>...
2026-09-21T00:26:45.007044049Z         correlation_id=correlation_id,
2026-09-21T00:26:45.007048307Z     )
2026-09-21T00:26:45.007052716Z   File "/app/app/services/order_service.py", line 42, in create_order
2026-09-21T00:26:45.007056994Z     result = db.execute(
2026-09-21T00:26:45.007061253Z         select(ProductModel).where(ProductModel.id == product_id)
2026-09-21T00:26:45.007065511Z     )
2026-09-21T00:26:45.007069819Z   File "/usr/local/lib/python3.13/site-packages/sqlalchemy/orm/session.py", line 2372, in execute
2026-09-21T00:26:45.007091162Z     return self._execute_internal(
2026-09-21T00:26:45.007095650Z            ~~~~~~~~~~~~~~~~~~~~~~^
2026-09-21T00:26:45.007099879Z         statement,
2026-09-21T00:26:45.007104197Z         ^^^^^^^^^^
2026-09-21T00:26:45.007111412Z     ...<4 lines>...
2026-09-21T00:26:45.007115820Z         _add_event=_add_event,
2026-09-21T00:26:45.007120119Z         ^^^^^^^^^^^^^^^^^^^^^^
2026-09-21T00:26:45.007124387Z     )
2026-09-21T00:26:45.007128666Z     ^
2026-09-21T00:26:45.007133034Z   File "/usr/local/lib/python3.13/site-packages/sqlalchemy/orm/session.py", line 2260, in _execute_internal
2026-09-21T00:26:45.007137343Z     conn = self._connection_for_bind(bind)
2026-09-21T00:26:45.007141701Z   File "/usr/local/lib/python3.13/site-packages/sqlalchemy/orm/session.py", line 2112, in _connection_for_bind
2026-09-21T00:26:45.007146040Z     return trans._connection_for_bind(engine, execution_options)
2026-09-21T00:26:45.007150338Z            ~~~~~~~~~~~~~~~~~~~~~~~~~~^^^^^^^^^^^^^^^^^^^^^^^^^^^
2026-09-21T00:26:45.007154587Z   File "<string>", line 2, in _connection_for_bind
2026-09-21T00:26:45.007158875Z   File "/usr/local/lib/python3.13/site-packages/sqlalchemy/orm/state_changes.py", line 137, in _go
2026-09-21T00:26:45.007163104Z     ret_value = fn(self, *arg, **kw)
2026-09-21T00:26:45.007167362Z   File "/usr/local/lib/python3.13/site-packages/sqlalchemy/orm/session.py", line 1191, in _connection_for_bind
2026-09-21T00:26:45.007171651Z     conn = bind.connect()
2026-09-21T00:26:45.007176310Z   File "/usr/local/lib/python3.13/site-packages/opentelemetry/instrumentation/sqlalchemy/engine.py", line 200, in _wrap_connect_internal
2026-09-21T00:26:45.007180678Z     return func(*args, **kwargs)
2026-09-21T00:26:45.007184957Z   File "/usr/local/lib/python3.13/site-packages/sqlalchemy/engine/base.py", line 3295, in connect
2026-09-21T00:26:45.007189205Z     return self._connection_cls(self)
2026-09-21T00:26:45.007193454Z            ~~~~~~~~~~~~~~~~~~~~^^^^^^
2026-09-21T00:26:45.007197722Z   File "/usr/local/lib/python3.13/site-packages/sqlalchemy/engine/base.py", line 144, in __init__
2026-09-21T00:26:45.007202041Z     self._dbapi_connection = engine.raw_connection()
2026-09-21T00:26:45.007206289Z                              ~~~~~~~~~~~~~~~~~~~~~^^
2026-09-21T00:26:45.007210597Z   File "/usr/local/lib/python3.13/site-packages/sqlalchemy/engine/base.py", line 3319, in raw_connection
2026-09-21T00:26:45.007214836Z     return self.pool.connect()
2026-09-21T00:26:45.007219084Z            ~~~~~~~~~~~~~~~~~^^
2026-09-21T00:26:45.007223363Z   File "/usr/local/lib/python3.13/site-packages/sqlalchemy/pool/base.py", line 448, in connect
2026-09-21T00:26:45.007227601Z     return _ConnectionFairy._checkout(self)
2026-09-21T00:26:45.007231859Z            ~~~~~~~~~~~~~~~~~~~~~~~~~~^^^^^^
2026-09-21T00:26:45.007236088Z   File "/usr/local/lib/python3.13/site-packages/sqlalchemy/pool/base.py", line 1272, in _checkout
2026-09-21T00:26:45.007240306Z     fairy = _ConnectionRecord.checkout(pool)
2026-09-21T00:26:45.007244605Z   File "/usr/local/lib/python3.13/site-packages/sqlalchemy/pool/base.py", line 712, in checkout
2026-09-21T00:26:45.007248843Z     rec = pool._do_get()
2026-09-21T00:26:45.007253141Z   File "/usr/local/lib/python3.13/site-packages/sqlalchemy/pool/impl.py", line 167, in _do_get
2026-09-21T00:26:45.007259524Z     raise exc.TimeoutError(
2026-09-21T00:26:45.007265155Z     ...<4 lines>...
2026-09-21T00:26:45.007269484Z     )
2026-09-21T00:26:45.007274373Z sqlalchemy.exc.TimeoutError: QueuePool limit of size 5 overflow 10 reached, connection timed out, timeout 30.00 (Background on this error at: https://sqlalche.me/e/20/3o7r)
2026-09-21T00:26:45.229216775Z ERROR:    Exception in ASGI application
2026-09-21T00:26:45.229255531Z Traceback (most recent call last):
2026-09-21T00:26:45.229262294Z   File "/usr/local/lib/python3.13/site-packages/uvicorn/protocols/http/httptools_impl.py", line 421, in run_asgi
2026-09-21T00:26:45.229268146Z     result = await app(  # type: ignore[func-returns-value]
2026-09-21T00:26:45.229272515Z              ^^^^^^^^^^^^^^^^^^^^^^^^^^^^^^^^^^^^^^^^^^^^^^
2026-09-21T00:26:45.229276753Z         self.scope, self.receive, self.send
2026-09-21T00:26:45.229281152Z         ^^^^^^^^^^^^^^^^^^^^^^^^^^^^^^^^^^^
2026-09-21T00:26:45.229285470Z     )
2026-09-21T00:26:45.229290009Z     ^
2026-09-21T00:26:45.229294418Z   File "/usr/local/lib/python3.13/site-packages/uvicorn/middleware/proxy_headers.py", line 63, in __call__
2026-09-21T00:26:45.229298756Z     return await self.app(scope, receive, send)
2026-09-21T00:26:45.229302975Z            ^^^^^^^^^^^^^^^^^^^^^^^^^^^^^^^^^^^^
2026-09-21T00:26:45.229308706Z   File "/usr/local/lib/python3.13/site-packages/fastapi/applications.py", line 1159, in __call__
2026-09-21T00:26:45.229313005Z     await super().__call__(scope, receive, send)
2026-09-21T00:26:45.229317303Z   File "/usr/local/lib/python3.13/site-packages/starlette/applications.py", line 107, in __call__
2026-09-21T00:26:45.229321561Z     await self.middleware_stack(scope, receive, send)
2026-09-21T00:26:45.229325920Z   File "/usr/local/lib/python3.13/site-packages/starlette/middleware/errors.py", line 186, in __call__
2026-09-21T00:26:45.229330289Z     raise exc
2026-09-21T00:26:45.229334687Z   File "/usr/local/lib/python3.13/site-packages/starlette/middleware/errors.py", line 164, in __call__
2026-09-21T00:26:45.229339016Z     await self.app(scope, receive, _send)
2026-09-21T00:26:45.229345148Z   File "/usr/local/lib/python3.13/site-packages/opentelemetry/instrumentation/asgi/__init__.py", line 806, in __call__
2026-09-21T00:26:45.229349467Z     await self.app(scope, otel_receive, otel_send)
2026-09-21T00:26:45.229353795Z   File "/usr/local/lib/python3.13/site-packages/starlette/middleware/errors.py", line 186, in __call__
2026-09-21T00:26:45.229358074Z     raise exc
2026-09-21T00:26:45.229362432Z   File "/usr/local/lib/python3.13/site-packages/starlette/middleware/errors.py", line 164, in __call__
2026-09-21T00:26:45.229366701Z     await self.app(scope, receive, _send)
2026-09-21T00:26:45.229370949Z   File "/usr/local/lib/python3.13/site-packages/opentelemetry/instrumentation/fastapi/__init__.py", line 305, in __call__
2026-09-21T00:26:45.229375197Z     await self.app(scope, receive, send)
2026-09-21T00:26:45.229379456Z   File "/usr/local/lib/python3.13/site-packages/prometheus_fastapi_instrumentator/middleware.py", line 177, in __call__
2026-09-21T00:26:45.229383744Z     raise exc
2026-09-21T00:26:45.229388083Z   File "/usr/local/lib/python3.13/site-packages/prometheus_fastapi_instrumentator/middleware.py", line 175, in __call__
2026-09-21T00:26:45.229392462Z     await self.app(scope, receive, send_wrapper)
2026-09-21T00:26:45.229396820Z   File "/usr/local/lib/python3.13/site-packages/starlette/middleware/exceptions.py", line 63, in __call__
2026-09-21T00:26:45.229402461Z     await wrap_app_handling_exceptions(self.app, conn)(scope, receive, send)
2026-09-21T00:26:45.229406790Z   File "/usr/local/lib/python3.13/site-packages/starlette/_exception_handler.py", line 53, in wrapped_app
2026-09-21T00:26:45.229411038Z     raise exc
2026-09-21T00:26:45.229415287Z   File "/usr/local/lib/python3.13/site-packages/starlette/_exception_handler.py", line 42, in wrapped_app
2026-09-21T00:26:45.229419545Z     await app(scope, receive, sender)
2026-09-21T00:26:45.229423773Z   File "/usr/local/lib/python3.13/site-packages/fastapi/middleware/asyncexitstack.py", line 18, in __call__
2026-09-21T00:26:45.229455586Z     await self.app(scope, receive, send)
2026-09-21T00:26:45.229460205Z   File "/usr/local/lib/python3.13/site-packages/starlette/routing.py", line 716, in __call__
2026-09-21T00:26:45.229464494Z     await self.middleware_stack(scope, receive, send)
2026-09-21T00:26:45.229468832Z   File "/usr/local/lib/python3.13/site-packages/starlette/routing.py", line 736, in app
2026-09-21T00:26:45.229473121Z     await route.handle(scope, receive, send)
2026-09-21T00:26:45.229477399Z   File "/usr/local/lib/python3.13/site-packages/starlette/routing.py", line 290, in handle
2026-09-21T00:26:45.229481658Z     await self.app(scope, receive, send)
2026-09-21T00:26:45.229485936Z   File "/usr/local/lib/python3.13/site-packages/fastapi/routing.py", line 134, in app
2026-09-21T00:26:45.229490174Z     await wrap_app_handling_exceptions(app, request)(scope, receive, send)
2026-09-21T00:26:45.229494523Z   File "/usr/local/lib/python3.13/site-packages/starlette/_exception_handler.py", line 53, in wrapped_app
2026-09-21T00:26:45.229498832Z     raise exc
2026-09-21T00:26:45.229503210Z   File "/usr/local/lib/python3.13/site-packages/starlette/_exception_handler.py", line 42, in wrapped_app
2026-09-21T00:26:45.229507489Z     await app(scope, receive, sender)
2026-09-21T00:26:45.229511737Z   File "/usr/local/lib/python3.13/site-packages/fastapi/routing.py", line 120, in app
2026-09-21T00:26:45.229517719Z     response = await f(request)
2026-09-21T00:26:45.229522098Z                ^^^^^^^^^^^^^^^^
2026-09-21T00:26:45.229526336Z   File "/usr/local/lib/python3.13/site-packages/fastapi/routing.py", line 674, in app
2026-09-21T00:26:45.229530654Z     raw_response = await run_endpoint_function(
2026-09-21T00:26:45.229534913Z                    ^^^^^^^^^^^^^^^^^^^^^^^^^^^^
2026-09-21T00:26:45.229540895Z     ...<3 lines>...
2026-09-21T00:26:45.229545263Z     )
2026-09-21T00:26:45.229549782Z     ^
2026-09-21T00:26:45.229554131Z   File "/usr/local/lib/python3.13/site-packages/fastapi/routing.py", line 330, in run_endpoint_function
2026-09-21T00:26:45.229558379Z     return await run_in_threadpool(dependant.call, **values)
2026-09-21T00:26:45.229562638Z            ^^^^^^^^^^^^^^^^^^^^^^^^^^^^^^^^^^^^^^^^^^^^^^^^^
2026-09-21T00:26:45.229625572Z   File "/usr/local/lib/python3.13/site-packages/starlette/concurrency.py", line 32, in run_in_threadpool
2026-09-21T00:26:45.229635642Z     return await anyio.to_thread.run_sync(func)
2026-09-21T00:26:45.229642866Z            ^^^^^^^^^^^^^^^^^^^^^^^^^^^^^^^^^^^^
2026-09-21T00:26:45.229647275Z   File "/usr/local/lib/python3.13/site-packages/anyio/to_thread.py", line 63, in run_sync
2026-09-21T00:26:45.229651593Z     return await get_async_backend().run_sync_in_worker_thread(
2026-09-21T00:26:45.229655912Z            ^^^^^^^^^^^^^^^^^^^^^^^^^^^^^^^^^^^^^^^^^^^^^^^^^^^^
2026-09-21T00:26:45.229660180Z         func, args, abandon_on_cancel=abandon_on_cancel, limiter=limiter
2026-09-21T00:26:45.229664629Z         ^^^^^^^^^^^^^^^^^^^^^^^^^^^^^^^^^^^^^^^^^^^^^^^^^^^^^^^^^^^^^^^^
2026-09-21T00:26:45.229668958Z     )
2026-09-21T00:26:45.229673306Z     ^
2026-09-21T00:26:45.229677635Z   File "/usr/local/lib/python3.13/site-packages/anyio/_backends/_asyncio.py", line 2518, in run_sync_in_worker_thread
2026-09-21T00:26:45.229681893Z     return await future
2026-09-21T00:26:45.229686302Z            ^^^^^^^^^^^^
2026-09-21T00:26:45.229690550Z   File "/usr/local/lib/python3.13/site-packages/anyio/_backends/_asyncio.py", line 1002, in run
2026-09-21T00:26:45.229694839Z     result = context.run(func, *args)
2026-09-21T00:26:45.229699207Z   File "/app/app/routers/orders.py", line 36, in checkout
2026-09-21T00:26:45.229721511Z     return create_order(
2026-09-21T00:26:45.229726040Z         db=db,
2026-09-21T00:26:45.229730449Z     ...<2 lines>...
2026-09-21T00:26:45.229734768Z         correlation_id=correlation_id,
2026-09-21T00:26:45.229739036Z     )
2026-09-21T00:26:45.229743375Z   File "/app/app/services/order_service.py", line 42, in create_order
2026-09-21T00:26:45.229747683Z     result = db.execute(
2026-09-21T00:26:45.229752062Z         select(ProductModel).where(ProductModel.id == product_id)
2026-09-21T00:26:45.229756310Z     )
2026-09-21T00:26:45.229760619Z   File "/usr/local/lib/python3.13/site-packages/sqlalchemy/orm/session.py", line 2372, in execute
2026-09-21T00:26:45.229765007Z     return self._execute_internal(
2026-09-21T00:26:45.229769276Z            ~~~~~~~~~~~~~~~~~~~~~~^
2026-09-21T00:26:45.229773584Z         statement,
2026-09-21T00:26:45.229777863Z         ^^^^^^^^^^
2026-09-21T00:26:45.229782101Z     ...<4 lines>...
2026-09-21T00:26:45.229786430Z         _add_event=_add_event,
2026-09-21T00:26:45.229790688Z         ^^^^^^^^^^^^^^^^^^^^^^
2026-09-21T00:26:45.229794866Z     )
2026-09-21T00:26:45.229799115Z     ^
2026-09-21T00:26:45.229803363Z   File "/usr/local/lib/python3.13/site-packages/sqlalchemy/orm/session.py", line 2260, in _execute_internal
2026-09-21T00:26:45.229807621Z     conn = self._connection_for_bind(bind)
2026-09-21T00:26:45.229811890Z   File "/usr/local/lib/python3.13/site-packages/sqlalchemy/orm/session.py", line 2112, in _connection_for_bind
2026-09-21T00:26:45.229816148Z     return trans._connection_for_bind(engine, execution_options)
2026-09-21T00:26:45.229820477Z            ~~~~~~~~~~~~~~~~~~~~~~~~~~^^^^^^^^^^^^^^^^^^^^^^^^^^^
2026-09-21T00:26:45.229824725Z   File "<string>", line 2, in _connection_for_bind
2026-09-21T00:26:45.229828964Z   File "/usr/local/lib/python3.13/site-packages/sqlalchemy/orm/state_changes.py", line 137, in _go
2026-09-21T00:26:45.229833172Z     ret_value = fn(self, *arg, **kw)
2026-09-21T00:26:45.229837420Z   File "/usr/local/lib/python3.13/site-packages/sqlalchemy/orm/session.py", line 1191, in _connection_for_bind
2026-09-21T00:26:45.229841669Z     conn = bind.connect()
2026-09-21T00:26:45.229847691Z   File "/usr/local/lib/python3.13/site-packages/opentelemetry/instrumentation/sqlalchemy/engine.py", line 200, in _wrap_connect_internal
2026-09-21T00:26:45.229852029Z     return func(*args, **kwargs)
2026-09-21T00:26:45.229856348Z   File "/usr/local/lib/python3.13/site-packages/sqlalchemy/engine/base.py", line 3295, in connect
2026-09-21T00:26:45.229860606Z     return self._connection_cls(self)
2026-09-21T00:26:45.229864864Z            ~~~~~~~~~~~~~~~~~~~~^^^^^^
2026-09-21T00:26:45.229869123Z   File "/usr/local/lib/python3.13/site-packages/sqlalchemy/engine/base.py", line 144, in __init__
2026-09-21T00:26:45.229873401Z     self._dbapi_connection = engine.raw_connection()
2026-09-21T00:26:45.229877640Z                              ~~~~~~~~~~~~~~~~~~~~~^^
2026-09-21T00:26:45.229881908Z   File "/usr/local/lib/python3.13/site-packages/sqlalchemy/engine/base.py", line 3319, in raw_connection
2026-09-21T00:26:45.229886267Z     return self.pool.connect()
2026-09-21T00:26:45.229890625Z            ~~~~~~~~~~~~~~~~~^^
2026-09-21T00:26:45.229894924Z   File "/usr/local/lib/python3.13/site-packages/sqlalchemy/pool/base.py", line 448, in connect
2026-09-21T00:26:45.229899172Z     return _ConnectionFairy._checkout(self)
2026-09-21T00:26:45.229903421Z            ~~~~~~~~~~~~~~~~~~~~~~~~~~^^^^^^
2026-09-21T00:26:45.229907789Z   File "/usr/local/lib/python3.13/site-packages/sqlalchemy/pool/base.py", line 1272, in _checkout
2026-09-21T00:26:45.229936265Z     fairy = _ConnectionRecord.checkout(pool)
2026-09-21T00:26:45.229940694Z   File "/usr/local/lib/python3.13/site-packages/sqlalchemy/pool/base.py", line 712, in checkout
2026-09-21T00:26:45.229944993Z     rec = pool._do_get()
2026-09-21T00:26:45.229949051Z   File "/usr/local/lib/python3.13/site-packages/sqlalchemy/pool/impl.py", line 167, in _do_get
2026-09-21T00:26:45.229950985Z     raise exc.TimeoutError(
2026-09-21T00:26:45.229952878Z     ...<4 lines>...
2026-09-21T00:26:45.229954782Z     )
2026-09-21T00:26:45.229960483Z sqlalchemy.exc.TimeoutError: QueuePool limit of size 5 overflow 10 reached, connection timed out, timeout 30.00 (Background on this error at: https://sqlalche.me/e/20/3o7r)
2026-09-21T00:26:45.382159546Z ERROR:    Exception in ASGI application
2026-09-21T00:26:45.382194305Z Traceback (most recent call last):
2026-09-21T00:26:45.382197161Z   File "/usr/local/lib/python3.13/site-packages/uvicorn/protocols/http/httptools_impl.py", line 421, in run_asgi
2026-09-21T00:26:45.382199906Z     result = await app(  # type: ignore[func-returns-value]
2026-09-21T00:26:45.382201820Z              ^^^^^^^^^^^^^^^^^^^^^^^^^^^^^^^^^^^^^^^^^^^^^^
2026-09-21T00:26:45.382203744Z         self.scope, self.receive, self.send
2026-09-21T00:26:45.382205728Z         ^^^^^^^^^^^^^^^^^^^^^^^^^^^^^^^^^^^
2026-09-21T00:26:45.382207651Z     )
2026-09-21T00:26:45.382209605Z     ^
2026-09-21T00:26:45.382211599Z   File "/usr/local/lib/python3.13/site-packages/uvicorn/middleware/proxy_headers.py", line 63, in __call__
2026-09-21T00:26:45.382213633Z     return await self.app(scope, receive, send)
2026-09-21T00:26:45.382215838Z            ^^^^^^^^^^^^^^^^^^^^^^^^^^^^^^^^^^^^
2026-09-21T00:26:45.382218403Z   File "/usr/local/lib/python3.13/site-packages/fastapi/applications.py", line 1159, in __call__
2026-09-21T00:26:45.382220306Z     await super().__call__(scope, receive, send)
2026-09-21T00:26:45.382222401Z   File "/usr/local/lib/python3.13/site-packages/starlette/applications.py", line 107, in __call__
2026-09-21T00:26:45.382224314Z     await self.middleware_stack(scope, receive, send)
2026-09-21T00:26:45.382226268Z   File "/usr/local/lib/python3.13/site-packages/starlette/middleware/errors.py", line 186, in __call__
2026-09-21T00:26:45.382228753Z     raise exc
2026-09-21T00:26:45.382231238Z   File "/usr/local/lib/python3.13/site-packages/starlette/middleware/errors.py", line 164, in __call__
2026-09-21T00:26:45.382233663Z     await self.app(scope, receive, _send)
2026-09-21T00:26:45.382236478Z   File "/usr/local/lib/python3.13/site-packages/opentelemetry/instrumentation/asgi/__init__.py", line 806, in __call__
2026-09-21T00:26:45.382238392Z     await self.app(scope, otel_receive, otel_send)
2026-09-21T00:26:45.382240707Z   File "/usr/local/lib/python3.13/site-packages/starlette/middleware/errors.py", line 186, in __call__
2026-09-21T00:26:45.382243121Z     raise exc
2026-09-21T00:26:45.382245556Z   File "/usr/local/lib/python3.13/site-packages/starlette/middleware/errors.py", line 164, in __call__
2026-09-21T00:26:45.382247931Z     await self.app(scope, receive, _send)
2026-09-21T00:26:45.382249935Z   File "/usr/local/lib/python3.13/site-packages/opentelemetry/instrumentation/fastapi/__init__.py", line 305, in __call__
2026-09-21T00:26:45.382251829Z     await self.app(scope, receive, send)
2026-09-21T00:26:45.382253742Z   File "/usr/local/lib/python3.13/site-packages/prometheus_fastapi_instrumentator/middleware.py", line 177, in __call__
2026-09-21T00:26:45.382255646Z     raise exc
2026-09-21T00:26:45.382257530Z   File "/usr/local/lib/python3.13/site-packages/prometheus_fastapi_instrumentator/middleware.py", line 175, in __call__
2026-09-21T00:26:45.382259474Z     await self.app(scope, receive, send_wrapper)
2026-09-21T00:26:45.382280696Z   File "/usr/local/lib/python3.13/site-packages/starlette/middleware/exceptions.py", line 63, in __call__
2026-09-21T00:26:45.382283611Z     await wrap_app_handling_exceptions(self.app, conn)(scope, receive, send)
2026-09-21T00:26:45.382285565Z   File "/usr/local/lib/python3.13/site-packages/starlette/_exception_handler.py", line 53, in wrapped_app
2026-09-21T00:26:45.382287459Z     raise exc
2026-09-21T00:26:45.382289754Z   File "/usr/local/lib/python3.13/site-packages/starlette/_exception_handler.py", line 42, in wrapped_app
2026-09-21T00:26:45.382291737Z     await app(scope, receive, sender)
2026-09-21T00:26:45.382293641Z   File "/usr/local/lib/python3.13/site-packages/fastapi/middleware/asyncexitstack.py", line 18, in __call__
2026-09-21T00:26:45.382295535Z     await self.app(scope, receive, send)
2026-09-21T00:26:45.382297439Z   File "/usr/local/lib/python3.13/site-packages/starlette/routing.py", line 716, in __call__
2026-09-21T00:26:45.382299322Z     await self.middleware_stack(scope, receive, send)
2026-09-21T00:26:45.382301256Z   File "/usr/local/lib/python3.13/site-packages/starlette/routing.py", line 736, in app
2026-09-21T00:26:45.382303250Z     await route.handle(scope, receive, send)
2026-09-21T00:26:45.382305154Z   File "/usr/local/lib/python3.13/site-packages/starlette/routing.py", line 290, in handle
2026-09-21T00:26:45.382307058Z     await self.app(scope, receive, send)
2026-09-21T00:26:45.382308941Z   File "/usr/local/lib/python3.13/site-packages/fastapi/routing.py", line 134, in app
2026-09-21T00:26:45.382310855Z     await wrap_app_handling_exceptions(app, request)(scope, receive, send)
2026-09-21T00:26:45.382312819Z   File "/usr/local/lib/python3.13/site-packages/starlette/_exception_handler.py", line 53, in wrapped_app
2026-09-21T00:26:45.382317589Z     raise exc
2026-09-21T00:26:45.382319572Z   File "/usr/local/lib/python3.13/site-packages/starlette/_exception_handler.py", line 42, in wrapped_app
2026-09-21T00:26:45.382321466Z     await app(scope, receive, sender)
2026-09-21T00:26:45.382323360Z   File "/usr/local/lib/python3.13/site-packages/fastapi/routing.py", line 120, in app
2026-09-21T00:26:45.382325855Z     response = await f(request)
2026-09-21T00:26:45.382327759Z                ^^^^^^^^^^^^^^^^
2026-09-21T00:26:45.382329652Z   File "/usr/local/lib/python3.13/site-packages/fastapi/routing.py", line 674, in app
2026-09-21T00:26:45.382331576Z     raw_response = await run_endpoint_function(
2026-09-21T00:26:45.382333490Z                    ^^^^^^^^^^^^^^^^^^^^^^^^^^^^
2026-09-21T00:26:45.382335875Z     ...<3 lines>...
2026-09-21T00:26:45.382337788Z     )
2026-09-21T00:26:45.382339722Z     ^
2026-09-21T00:26:45.382341656Z   File "/usr/local/lib/python3.13/site-packages/fastapi/routing.py", line 330, in run_endpoint_function
2026-09-21T00:26:45.382343570Z     return await run_in_threadpool(dependant.call, **values)
2026-09-21T00:26:45.382345474Z            ^^^^^^^^^^^^^^^^^^^^^^^^^^^^^^^^^^^^^^^^^^^^^^^^^
2026-09-21T00:26:45.382385903Z   File "/usr/local/lib/python3.13/site-packages/starlette/concurrency.py", line 32, in run_in_threadpool
2026-09-21T00:26:45.382390703Z     return await anyio.to_thread.run_sync(func)
2026-09-21T00:26:45.382392687Z            ^^^^^^^^^^^^^^^^^^^^^^^^^^^^^^^^^^^^
2026-09-21T00:26:45.382394591Z   File "/usr/local/lib/python3.13/site-packages/anyio/to_thread.py", line 63, in run_sync
2026-09-21T00:26:45.382396605Z     return await get_async_backend().run_sync_in_worker_thread(
2026-09-21T00:26:45.382398508Z            ^^^^^^^^^^^^^^^^^^^^^^^^^^^^^^^^^^^^^^^^^^^^^^^^^^^^
2026-09-21T00:26:45.382400422Z         func, args, abandon_on_cancel=abandon_on_cancel, limiter=limiter
2026-09-21T00:26:45.382411364Z         ^^^^^^^^^^^^^^^^^^^^^^^^^^^^^^^^^^^^^^^^^^^^^^^^^^^^^^^^^^^^^^^^
2026-09-21T00:26:45.382413358Z     )
2026-09-21T00:26:45.382415271Z     ^
2026-09-21T00:26:45.382417175Z   File "/usr/local/lib/python3.13/site-packages/anyio/_backends/_asyncio.py", line 2518, in run_sync_in_worker_thread
2026-09-21T00:26:45.382419079Z     return await future
2026-09-21T00:26:45.382420983Z            ^^^^^^^^^^^^
2026-09-21T00:26:45.382422876Z   File "/usr/local/lib/python3.13/site-packages/anyio/_backends/_asyncio.py", line 1002, in run
2026-09-21T00:26:45.382424870Z     result = context.run(func, *args)
2026-09-21T00:26:45.382427025Z   File "/app/app/routers/orders.py", line 36, in checkout
2026-09-21T00:26:45.382429209Z     return create_order(
2026-09-21T00:26:45.382431173Z         db=db,
2026-09-21T00:26:45.382433117Z     ...<2 lines>...
2026-09-21T00:26:45.382435040Z         correlation_id=correlation_id,
2026-09-21T00:26:45.382436934Z     )
2026-09-21T00:26:45.382438888Z   File "/app/app/services/order_service.py", line 42, in create_order
2026-09-21T00:26:45.382440792Z     result = db.execute(
2026-09-21T00:26:45.382442686Z         select(ProductModel).where(ProductModel.id == product_id)
2026-09-21T00:26:45.382444579Z     )
2026-09-21T00:26:45.382446623Z   File "/usr/local/lib/python3.13/site-packages/sqlalchemy/orm/session.py", line 2372, in execute
2026-09-21T00:26:45.382448517Z     return self._execute_internal(
2026-09-21T00:26:45.382450391Z            ~~~~~~~~~~~~~~~~~~~~~~^
2026-09-21T00:26:45.382452295Z         statement,
2026-09-21T00:26:45.382454188Z         ^^^^^^^^^^
2026-09-21T00:26:45.382456082Z     ...<4 lines>...
2026-09-21T00:26:45.382457976Z         _add_event=_add_event,
2026-09-21T00:26:45.382459880Z         ^^^^^^^^^^^^^^^^^^^^^^
2026-09-21T00:26:45.382461793Z     )
2026-09-21T00:26:45.382463727Z     ^
2026-09-21T00:26:45.382465641Z   File "/usr/local/lib/python3.13/site-packages/sqlalchemy/orm/session.py", line 2260, in _execute_internal
2026-09-21T00:26:45.382467535Z     conn = self._connection_for_bind(bind)
2026-09-21T00:26:45.382469428Z   File "/usr/local/lib/python3.13/site-packages/sqlalchemy/orm/session.py", line 2112, in _connection_for_bind
2026-09-21T00:26:45.382471332Z     return trans._connection_for_bind(engine, execution_options)
2026-09-21T00:26:45.382473226Z            ~~~~~~~~~~~~~~~~~~~~~~~~~~^^^^^^^^^^^^^^^^^^^^^^^^^^^
2026-09-21T00:26:45.382475120Z   File "<string>", line 2, in _connection_for_bind
2026-09-21T00:26:45.382479558Z   File "/usr/local/lib/python3.13/site-packages/sqlalchemy/orm/state_changes.py", line 137, in _go
2026-09-21T00:26:45.382481572Z     ret_value = fn(self, *arg, **kw)
2026-09-21T00:26:45.382483506Z   File "/usr/local/lib/python3.13/site-packages/sqlalchemy/orm/session.py", line 1191, in _connection_for_bind
2026-09-21T00:26:45.382485430Z     conn = bind.connect()
2026-09-21T00:26:45.382488105Z   File "/usr/local/lib/python3.13/site-packages/opentelemetry/instrumentation/sqlalchemy/engine.py", line 200, in _wrap_connect_internal
2026-09-21T00:26:45.382490129Z     return func(*args, **kwargs)
2026-09-21T00:26:45.382492063Z   File "/usr/local/lib/python3.13/site-packages/sqlalchemy/engine/base.py", line 3295, in connect
2026-09-21T00:26:45.382493997Z     return self._connection_cls(self)
2026-09-21T00:26:45.382495931Z            ~~~~~~~~~~~~~~~~~~~~^^^^^^
2026-09-21T00:26:45.382497835Z   File "/usr/local/lib/python3.13/site-packages/sqlalchemy/engine/base.py", line 144, in __init__
2026-09-21T00:26:45.382499768Z     self._dbapi_connection = engine.raw_connection()
2026-09-21T00:26:45.382501752Z                              ~~~~~~~~~~~~~~~~~~~~~^^
2026-09-21T00:26:45.382508596Z   File "/usr/local/lib/python3.13/site-packages/sqlalchemy/engine/base.py", line 3319, in raw_connection
2026-09-21T00:26:45.382510590Z     return self.pool.connect()
2026-09-21T00:26:45.382512524Z            ~~~~~~~~~~~~~~~~~^^
2026-09-21T00:26:45.382514437Z   File "/usr/local/lib/python3.13/site-packages/sqlalchemy/pool/base.py", line 448, in connect
2026-09-21T00:26:45.382516381Z     return _ConnectionFairy._checkout(self)
2026-09-21T00:26:45.382518275Z            ~~~~~~~~~~~~~~~~~~~~~~~~~~^^^^^^
2026-09-21T00:26:45.382520259Z   File "/usr/local/lib/python3.13/site-packages/sqlalchemy/pool/base.py", line 1272, in _checkout
2026-09-21T00:26:45.382522163Z     fairy = _ConnectionRecord.checkout(pool)
2026-09-21T00:26:45.382524066Z   File "/usr/local/lib/python3.13/site-packages/sqlalchemy/pool/base.py", line 712, in checkout
2026-09-21T00:26:45.382525990Z     rec = pool._do_get()
2026-09-21T00:26:45.382527894Z   File "/usr/local/lib/python3.13/site-packages/sqlalchemy/pool/impl.py", line 167, in _do_get
2026-09-21T00:26:45.382529788Z     raise exc.TimeoutError(
2026-09-21T00:26:45.382531721Z     ...<4 lines>...
2026-09-21T00:26:45.382533625Z     )
2026-09-21T00:26:45.382536160Z sqlalchemy.exc.TimeoutError: QueuePool limit of size 5 overflow 10 reached, connection timed out, timeout 30.00 (Background on this error at: https://sqlalche.me/e/20/3o7r)
2026-09-21T00:26:45.515223867Z ERROR:    Exception in ASGI application
2026-09-21T00:26:45.515257053Z Traceback (most recent call last):
2026-09-21T00:26:45.515259788Z   File "/usr/local/lib/python3.13/site-packages/uvicorn/protocols/http/httptools_impl.py", line 421, in run_asgi
2026-09-21T00:26:45.515262263Z     result = await app(  # type: ignore[func-returns-value]
2026-09-21T00:26:45.515264377Z              ^^^^^^^^^^^^^^^^^^^^^^^^^^^^^^^^^^^^^^^^^^^^^^
2026-09-21T00:26:45.515266301Z         self.scope, self.receive, self.send
2026-09-21T00:26:45.515268205Z         ^^^^^^^^^^^^^^^^^^^^^^^^^^^^^^^^^^^
2026-09-21T00:26:45.515270139Z     )
2026-09-21T00:26:45.515272102Z     ^
2026-09-21T00:26:45.515274046Z   File "/usr/local/lib/python3.13/site-packages/uvicorn/middleware/proxy_headers.py", line 63, in __call__
2026-09-21T00:26:45.515275990Z     return await self.app(scope, receive, send)
2026-09-21T00:26:45.515277914Z            ^^^^^^^^^^^^^^^^^^^^^^^^^^^^^^^^^^^^
2026-09-21T00:26:45.515280399Z   File "/usr/local/lib/python3.13/site-packages/fastapi/applications.py", line 1159, in __call__
2026-09-21T00:26:45.515282313Z     await super().__call__(scope, receive, send)
2026-09-21T00:26:45.515284226Z   File "/usr/local/lib/python3.13/site-packages/starlette/applications.py", line 107, in __call__
2026-09-21T00:26:45.515286130Z     await self.middleware_stack(scope, receive, send)
2026-09-21T00:26:45.515288174Z   File "/usr/local/lib/python3.13/site-packages/starlette/middleware/errors.py", line 186, in __call__
2026-09-21T00:26:45.515290118Z     raise exc
2026-09-21T00:26:45.515292032Z   File "/usr/local/lib/python3.13/site-packages/starlette/middleware/errors.py", line 164, in __call__
2026-09-21T00:26:45.515293946Z     await self.app(scope, receive, _send)
2026-09-21T00:26:45.515296731Z   File "/usr/local/lib/python3.13/site-packages/opentelemetry/instrumentation/asgi/__init__.py", line 806, in __call__
2026-09-21T00:26:45.515298635Z     await self.app(scope, otel_receive, otel_send)
2026-09-21T00:26:45.515300549Z   File "/usr/local/lib/python3.13/site-packages/starlette/middleware/errors.py", line 186, in __call__
2026-09-21T00:26:45.515302452Z     raise exc
2026-09-21T00:26:45.515304356Z   File "/usr/local/lib/python3.13/site-packages/starlette/middleware/errors.py", line 164, in __call__
2026-09-21T00:26:45.515324917Z     await self.app(scope, receive, _send)
2026-09-21T00:26:45.515326981Z   File "/usr/local/lib/python3.13/site-packages/opentelemetry/instrumentation/fastapi/__init__.py", line 305, in __call__
2026-09-21T00:26:45.515328895Z     await self.app(scope, receive, send)
2026-09-21T00:26:45.515330828Z   File "/usr/local/lib/python3.13/site-packages/prometheus_fastapi_instrumentator/middleware.py", line 177, in __call__
2026-09-21T00:26:45.515332762Z     raise exc
2026-09-21T00:26:45.515334666Z   File "/usr/local/lib/python3.13/site-packages/prometheus_fastapi_instrumentator/middleware.py", line 175, in __call__
2026-09-21T00:26:45.515336580Z     await self.app(scope, receive, send_wrapper)
2026-09-21T00:26:45.515338514Z   File "/usr/local/lib/python3.13/site-packages/starlette/middleware/exceptions.py", line 63, in __call__
2026-09-21T00:26:45.515341008Z     await wrap_app_handling_exceptions(self.app, conn)(scope, receive, send)
2026-09-21T00:26:45.515342942Z   File "/usr/local/lib/python3.13/site-packages/starlette/_exception_handler.py", line 53, in wrapped_app
2026-09-21T00:26:45.515344866Z     raise exc
2026-09-21T00:26:45.515346790Z   File "/usr/local/lib/python3.13/site-packages/starlette/_exception_handler.py", line 42, in wrapped_app
2026-09-21T00:26:45.515348724Z     await app(scope, receive, sender)
2026-09-21T00:26:45.515350858Z   File "/usr/local/lib/python3.13/site-packages/fastapi/middleware/asyncexitstack.py", line 18, in __call__
2026-09-21T00:26:45.515352772Z     await self.app(scope, receive, send)
2026-09-21T00:26:45.515354686Z   File "/usr/local/lib/python3.13/site-packages/starlette/routing.py", line 716, in __call__
2026-09-21T00:26:45.515356599Z     await self.middleware_stack(scope, receive, send)
2026-09-21T00:26:45.515358513Z   File "/usr/local/lib/python3.13/site-packages/starlette/routing.py", line 736, in app
2026-09-21T00:26:45.515360427Z     await route.handle(scope, receive, send)
2026-09-21T00:26:45.515362371Z   File "/usr/local/lib/python3.13/site-packages/starlette/routing.py", line 290, in handle
2026-09-21T00:26:45.515364365Z     await self.app(scope, receive, send)
2026-09-21T00:26:45.515366349Z   File "/usr/local/lib/python3.13/site-packages/fastapi/routing.py", line 134, in app
2026-09-21T00:26:45.515368252Z     await wrap_app_handling_exceptions(app, request)(scope, receive, send)
2026-09-21T00:26:45.515370336Z   File "/usr/local/lib/python3.13/site-packages/starlette/_exception_handler.py", line 53, in wrapped_app
2026-09-21T00:26:45.515372260Z     raise exc
2026-09-21T00:26:45.515374174Z   File "/usr/local/lib/python3.13/site-packages/starlette/_exception_handler.py", line 42, in wrapped_app
2026-09-21T00:26:45.515376098Z     await app(scope, receive, sender)
2026-09-21T00:26:45.515378142Z   File "/usr/local/lib/python3.13/site-packages/fastapi/routing.py", line 120, in app
2026-09-21T00:26:45.515380667Z     response = await f(request)
2026-09-21T00:26:45.515382591Z                ^^^^^^^^^^^^^^^^
2026-09-21T00:26:45.515384494Z   File "/usr/local/lib/python3.13/site-packages/fastapi/routing.py", line 674, in app
2026-09-21T00:26:45.515386398Z     raw_response = await run_endpoint_function(
2026-09-21T00:26:45.515388312Z                    ^^^^^^^^^^^^^^^^^^^^^^^^^^^^
2026-09-21T00:26:45.515390757Z     ...<3 lines>...
2026-09-21T00:26:45.515392681Z     )
2026-09-21T00:26:45.515394634Z     ^
2026-09-21T00:26:45.515396558Z   File "/usr/local/lib/python3.13/site-packages/fastapi/routing.py", line 330, in run_endpoint_function
2026-09-21T00:26:45.515398472Z     return await run_in_threadpool(dependant.call, **values)
2026-09-21T00:26:45.515400396Z            ^^^^^^^^^^^^^^^^^^^^^^^^^^^^^^^^^^^^^^^^^^^^^^^^^
2026-09-21T00:26:45.515413331Z   File "/usr/local/lib/python3.13/site-packages/starlette/concurrency.py", line 32, in run_in_threadpool
2026-09-21T00:26:45.515415445Z     return await anyio.to_thread.run_sync(func)
2026-09-21T00:26:45.515417379Z            ^^^^^^^^^^^^^^^^^^^^^^^^^^^^^^^^^^^^
2026-09-21T00:26:45.515419303Z   File "/usr/local/lib/python3.13/site-packages/anyio/to_thread.py", line 63, in run_sync
2026-09-21T00:26:45.515421247Z     return await get_async_backend().run_sync_in_worker_thread(
2026-09-21T00:26:45.515423171Z            ^^^^^^^^^^^^^^^^^^^^^^^^^^^^^^^^^^^^^^^^^^^^^^^^^^^^
2026-09-21T00:26:45.515425105Z         func, args, abandon_on_cancel=abandon_on_cancel, limiter=limiter
2026-09-21T00:26:45.515427028Z         ^^^^^^^^^^^^^^^^^^^^^^^^^^^^^^^^^^^^^^^^^^^^^^^^^^^^^^^^^^^^^^^^
2026-09-21T00:26:45.515428962Z     )
2026-09-21T00:26:45.515430906Z     ^
2026-09-21T00:26:45.515432820Z   File "/usr/local/lib/python3.13/site-packages/anyio/_backends/_asyncio.py", line 2518, in run_sync_in_worker_thread
2026-09-21T00:26:45.515434804Z     return await future
2026-09-21T00:26:45.515436778Z            ^^^^^^^^^^^^
2026-09-21T00:26:45.515438681Z   File "/usr/local/lib/python3.13/site-packages/anyio/_backends/_asyncio.py", line 1002, in run
2026-09-21T00:26:45.515440595Z     result = context.run(func, *args)
2026-09-21T00:26:45.515442539Z   File "/app/app/routers/orders.py", line 36, in checkout
2026-09-21T00:26:45.515444463Z     return create_order(
2026-09-21T00:26:45.515446397Z         db=db,
2026-09-21T00:26:45.515448340Z     ...<2 lines>...
2026-09-21T00:26:45.515450344Z         correlation_id=correlation_id,
2026-09-21T00:26:45.515452278Z     )
2026-09-21T00:26:45.515454252Z   File "/app/app/services/order_service.py", line 42, in create_order
2026-09-21T00:26:45.515456166Z     result = db.execute(
2026-09-21T00:26:45.515458210Z         select(ProductModel).where(ProductModel.id == product_id)
2026-09-21T00:26:45.515460134Z     )
2026-09-21T00:26:45.515462078Z   File "/usr/local/lib/python3.13/site-packages/sqlalchemy/orm/session.py", line 2372, in execute
2026-09-21T00:26:45.515464011Z     return self._execute_internal(
2026-09-21T00:26:45.515466065Z            ~~~~~~~~~~~~~~~~~~~~~~^
2026-09-21T00:26:45.515468160Z         statement,
2026-09-21T00:26:45.515470164Z         ^^^^^^^^^^
2026-09-21T00:26:45.515472268Z     ...<4 lines>...
2026-09-21T00:26:45.515474272Z         _add_event=_add_event,
2026-09-21T00:26:45.515476205Z         ^^^^^^^^^^^^^^^^^^^^^^
2026-09-21T00:26:45.515478139Z     )
2026-09-21T00:26:45.515480063Z     ^
2026-09-21T00:26:45.515482107Z   File "/usr/local/lib/python3.13/site-packages/sqlalchemy/orm/session.py", line 2260, in _execute_internal
2026-09-21T00:26:45.515484412Z     conn = self._connection_for_bind(bind)
2026-09-21T00:26:45.515486466Z   File "/usr/local/lib/python3.13/site-packages/sqlalchemy/orm/session.py", line 2112, in _connection_for_bind
2026-09-21T00:26:45.515488410Z     return trans._connection_for_bind(engine, execution_options)
2026-09-21T00:26:45.515490343Z            ~~~~~~~~~~~~~~~~~~~~~~~~~~^^^^^^^^^^^^^^^^^^^^^^^^^^^
2026-09-21T00:26:45.515492247Z   File "<string>", line 2, in _connection_for_bind
2026-09-21T00:26:45.515494161Z   File "/usr/local/lib/python3.13/site-packages/sqlalchemy/orm/state_changes.py", line 137, in _go
2026-09-21T00:26:45.515496075Z     ret_value = fn(self, *arg, **kw)
2026-09-21T00:26:45.515498019Z   File "/usr/local/lib/python3.13/site-packages/sqlalchemy/orm/session.py", line 1191, in _connection_for_bind
2026-09-21T00:26:45.515499962Z     conn = bind.connect()
2026-09-21T00:26:45.515502447Z   File "/usr/local/lib/python3.13/site-packages/opentelemetry/instrumentation/sqlalchemy/engine.py", line 200, in _wrap_connect_internal
2026-09-21T00:26:45.515509832Z     return func(*args, **kwargs)
2026-09-21T00:26:45.515515203Z   File "/usr/local/lib/python3.13/site-packages/sqlalchemy/engine/base.py", line 3295, in connect
2026-09-21T00:26:45.515517227Z     return self._connection_cls(self)
2026-09-21T00:26:45.515519170Z            ~~~~~~~~~~~~~~~~~~~~^^^^^^
2026-09-21T00:26:45.515521375Z   File "/usr/local/lib/python3.13/site-packages/sqlalchemy/engine/base.py", line 144, in __init__
2026-09-21T00:26:45.515523830Z     self._dbapi_connection = engine.raw_connection()
2026-09-21T00:26:45.515526244Z                              ~~~~~~~~~~~~~~~~~~~~~^^
2026-09-21T00:26:45.515528549Z   File "/usr/local/lib/python3.13/site-packages/sqlalchemy/engine/base.py", line 3319, in raw_connection
2026-09-21T00:26:45.515530523Z     return self.pool.connect()
2026-09-21T00:26:45.515532447Z            ~~~~~~~~~~~~~~~~~^^
2026-09-21T00:26:45.515534501Z   File "/usr/local/lib/python3.13/site-packages/sqlalchemy/pool/base.py", line 448, in connect
2026-09-21T00:26:45.515536965Z     return _ConnectionFairy._checkout(self)
2026-09-21T00:26:45.515539350Z            ~~~~~~~~~~~~~~~~~~~~~~~~~~^^^^^^
2026-09-21T00:26:45.515541775Z   File "/usr/local/lib/python3.13/site-packages/sqlalchemy/pool/base.py", line 1272, in _checkout
2026-09-21T00:26:45.515543819Z     fairy = _ConnectionRecord.checkout(pool)
2026-09-21T00:26:45.515545873Z   File "/usr/local/lib/python3.13/site-packages/sqlalchemy/pool/base.py", line 712, in checkout
2026-09-21T00:26:45.515547787Z     rec = pool._do_get()
2026-09-21T00:26:45.515549751Z   File "/usr/local/lib/python3.13/site-packages/sqlalchemy/pool/impl.py", line 167, in _do_get
2026-09-21T00:26:45.515551675Z     raise exc.TimeoutError(
2026-09-21T00:26:45.515553578Z     ...<4 lines>...
2026-09-21T00:26:45.515555492Z     )
2026-09-21T00:26:45.515557947Z sqlalchemy.exc.TimeoutError: QueuePool limit of size 5 overflow 10 reached, connection timed out, timeout 30.00 (Background on this error at: https://sqlalche.me/e/20/3o7r)
2026-09-21T00:26:45.676275643Z ERROR:    Exception in ASGI application
2026-09-21T00:26:45.676309460Z Traceback (most recent call last):
2026-09-21T00:26:45.676312155Z   File "/usr/local/lib/python3.13/site-packages/uvicorn/protocols/http/httptools_impl.py", line 421, in run_asgi
2026-09-21T00:26:45.676314560Z     result = await app(  # type: ignore[func-returns-value]
2026-09-21T00:26:45.676316674Z              ^^^^^^^^^^^^^^^^^^^^^^^^^^^^^^^^^^^^^^^^^^^^^^
2026-09-21T00:26:45.676318618Z         self.scope, self.receive, self.send
2026-09-21T00:26:45.676320702Z         ^^^^^^^^^^^^^^^^^^^^^^^^^^^^^^^^^^^
2026-09-21T00:26:45.676322906Z     )
2026-09-21T00:26:45.676324870Z     ^
2026-09-21T00:26:45.676326824Z   File "/usr/local/lib/python3.13/site-packages/uvicorn/middleware/proxy_headers.py", line 63, in __call__
2026-09-21T00:26:45.676328748Z     return await self.app(scope, receive, send)
2026-09-21T00:26:45.676330632Z            ^^^^^^^^^^^^^^^^^^^^^^^^^^^^^^^^^^^^
2026-09-21T00:26:45.676333157Z   File "/usr/local/lib/python3.13/site-packages/fastapi/applications.py", line 1159, in __call__
2026-09-21T00:26:45.676335071Z     await super().__call__(scope, receive, send)
2026-09-21T00:26:45.676337185Z   File "/usr/local/lib/python3.13/site-packages/starlette/applications.py", line 107, in __call__
2026-09-21T00:26:45.676339078Z     await self.middleware_stack(scope, receive, send)
2026-09-21T00:26:45.676341223Z   File "/usr/local/lib/python3.13/site-packages/starlette/middleware/errors.py", line 186, in __call__
2026-09-21T00:26:45.676343146Z     raise exc
2026-09-21T00:26:45.676369499Z   File "/usr/local/lib/python3.13/site-packages/starlette/middleware/errors.py", line 164, in __call__
2026-09-21T00:26:45.676371583Z     await self.app(scope, receive, _send)
2026-09-21T00:26:45.676374068Z   File "/usr/local/lib/python3.13/site-packages/opentelemetry/instrumentation/asgi/__init__.py", line 806, in __call__
2026-09-21T00:26:45.676375951Z     await self.app(scope, otel_receive, otel_send)
2026-09-21T00:26:45.676378035Z   File "/usr/local/lib/python3.13/site-packages/starlette/middleware/errors.py", line 186, in __call__
2026-09-21T00:26:45.676380220Z     raise exc
2026-09-21T00:26:45.676382334Z   File "/usr/local/lib/python3.13/site-packages/starlette/middleware/errors.py", line 164, in __call__
2026-09-21T00:26:45.676384238Z     await self.app(scope, receive, _send)
2026-09-21T00:26:45.676386151Z   File "/usr/local/lib/python3.13/site-packages/opentelemetry/instrumentation/fastapi/__init__.py", line 305, in __call__
2026-09-21T00:26:45.676388065Z     await self.app(scope, receive, send)
2026-09-21T00:26:45.676389959Z   File "/usr/local/lib/python3.13/site-packages/prometheus_fastapi_instrumentator/middleware.py", line 177, in __call__
2026-09-21T00:26:45.676391883Z     raise exc
2026-09-21T00:26:45.676393807Z   File "/usr/local/lib/python3.13/site-packages/prometheus_fastapi_instrumentator/middleware.py", line 175, in __call__
2026-09-21T00:26:45.676395690Z     await self.app(scope, receive, send_wrapper)
2026-09-21T00:26:45.676397584Z   File "/usr/local/lib/python3.13/site-packages/starlette/middleware/exceptions.py", line 63, in __call__
2026-09-21T00:26:45.676400279Z     await wrap_app_handling_exceptions(self.app, conn)(scope, receive, send)
2026-09-21T00:26:45.676402203Z   File "/usr/local/lib/python3.13/site-packages/starlette/_exception_handler.py", line 53, in wrapped_app
2026-09-21T00:26:45.676404097Z     raise exc
2026-09-21T00:26:45.676405981Z   File "/usr/local/lib/python3.13/site-packages/starlette/_exception_handler.py", line 42, in wrapped_app
2026-09-21T00:26:45.676407874Z     await app(scope, receive, sender)
2026-09-21T00:26:45.676409778Z   File "/usr/local/lib/python3.13/site-packages/fastapi/middleware/asyncexitstack.py", line 18, in __call__
2026-09-21T00:26:45.676411682Z     await self.app(scope, receive, send)
2026-09-21T00:26:45.676413606Z   File "/usr/local/lib/python3.13/site-packages/starlette/routing.py", line 716, in __call__
2026-09-21T00:26:45.676415489Z     await self.middleware_stack(scope, receive, send)
2026-09-21T00:26:45.676417393Z   File "/usr/local/lib/python3.13/site-packages/starlette/routing.py", line 736, in app
2026-09-21T00:26:45.676419287Z     await route.handle(scope, receive, send)
2026-09-21T00:26:45.676421171Z   File "/usr/local/lib/python3.13/site-packages/starlette/routing.py", line 290, in handle
2026-09-21T00:26:45.676423215Z     await self.app(scope, receive, send)
2026-09-21T00:26:45.676425529Z   File "/usr/local/lib/python3.13/site-packages/fastapi/routing.py", line 134, in app
2026-09-21T00:26:45.676427413Z     await wrap_app_handling_exceptions(app, request)(scope, receive, send)
2026-09-21T00:26:45.676429297Z   File "/usr/local/lib/python3.13/site-packages/starlette/_exception_handler.py", line 53, in wrapped_app
2026-09-21T00:26:45.676431190Z     raise exc
2026-09-21T00:26:45.676433094Z   File "/usr/local/lib/python3.13/site-packages/starlette/_exception_handler.py", line 42, in wrapped_app
2026-09-21T00:26:45.676434988Z     await app(scope, receive, sender)
2026-09-21T00:26:45.676436872Z   File "/usr/local/lib/python3.13/site-packages/fastapi/routing.py", line 120, in app
2026-09-21T00:26:45.676439437Z     response = await f(request)
2026-09-21T00:26:45.676441360Z                ^^^^^^^^^^^^^^^^
2026-09-21T00:26:45.676448304Z   File "/usr/local/lib/python3.13/site-packages/fastapi/routing.py", line 674, in app
2026-09-21T00:26:45.676450288Z     raw_response = await run_endpoint_function(
2026-09-21T00:26:45.676452192Z                    ^^^^^^^^^^^^^^^^^^^^^^^^^^^^
2026-09-21T00:26:45.676454687Z     ...<3 lines>...
2026-09-21T00:26:45.676456590Z     )
2026-09-21T00:26:45.676458484Z     ^
2026-09-21T00:26:45.676460398Z   File "/usr/local/lib/python3.13/site-packages/fastapi/routing.py", line 330, in run_endpoint_function
2026-09-21T00:26:45.676462322Z     return await run_in_threadpool(dependant.call, **values)
2026-09-21T00:26:45.676464216Z            ^^^^^^^^^^^^^^^^^^^^^^^^^^^^^^^^^^^^^^^^^^^^^^^^^
2026-09-21T00:26:45.676503483Z   File "/usr/local/lib/python3.13/site-packages/starlette/concurrency.py", line 32, in run_in_threadpool
2026-09-21T00:26:45.676508202Z     return await anyio.to_thread.run_sync(func)
2026-09-21T00:26:45.676510206Z            ^^^^^^^^^^^^^^^^^^^^^^^^^^^^^^^^^^^^
2026-09-21T00:26:45.676512110Z   File "/usr/local/lib/python3.13/site-packages/anyio/to_thread.py", line 63, in run_sync
2026-09-21T00:26:45.676514034Z     return await get_async_backend().run_sync_in_worker_thread(
2026-09-21T00:26:45.676516008Z            ^^^^^^^^^^^^^^^^^^^^^^^^^^^^^^^^^^^^^^^^^^^^^^^^^^^^
2026-09-21T00:26:45.676517912Z         func, args, abandon_on_cancel=abandon_on_cancel, limiter=limiter
2026-09-21T00:26:45.676519875Z         ^^^^^^^^^^^^^^^^^^^^^^^^^^^^^^^^^^^^^^^^^^^^^^^^^^^^^^^^^^^^^^^^
2026-09-21T00:26:45.676521779Z     )
2026-09-21T00:26:45.676523693Z     ^
2026-09-21T00:26:45.676525617Z   File "/usr/local/lib/python3.13/site-packages/anyio/_backends/_asyncio.py", line 2518, in run_sync_in_worker_thread
2026-09-21T00:26:45.676527521Z     return await future
2026-09-21T00:26:45.676529424Z            ^^^^^^^^^^^^
2026-09-21T00:26:45.676531358Z   File "/usr/local/lib/python3.13/site-packages/anyio/_backends/_asyncio.py", line 1002, in run
2026-09-21T00:26:45.676533272Z     result = context.run(func, *args)
2026-09-21T00:26:45.676535246Z   File "/app/app/routers/orders.py", line 36, in checkout
2026-09-21T00:26:45.676537570Z     return create_order(
2026-09-21T00:26:45.676539514Z         db=db,
2026-09-21T00:26:45.676541448Z     ...<2 lines>...
2026-09-21T00:26:45.676543372Z         correlation_id=correlation_id,
2026-09-21T00:26:45.676545276Z     )
2026-09-21T00:26:45.676547410Z   File "/app/app/services/order_service.py", line 42, in create_order
2026-09-21T00:26:45.676549334Z     result = db.execute(
2026-09-21T00:26:45.676551237Z         select(ProductModel).where(ProductModel.id == product_id)
2026-09-21T00:26:45.676553131Z     )
2026-09-21T00:26:45.676555025Z   File "/usr/local/lib/python3.13/site-packages/sqlalchemy/orm/session.py", line 2372, in execute
2026-09-21T00:26:45.676556919Z     return self._execute_internal(
2026-09-21T00:26:45.676558812Z            ~~~~~~~~~~~~~~~~~~~~~~^
2026-09-21T00:26:45.676560716Z         statement,
2026-09-21T00:26:45.676562670Z         ^^^^^^^^^^
2026-09-21T00:26:45.676564584Z     ...<4 lines>...
2026-09-21T00:26:45.676566478Z         _add_event=_add_event,
2026-09-21T00:26:45.676568371Z         ^^^^^^^^^^^^^^^^^^^^^^
2026-09-21T00:26:45.676570265Z     )
2026-09-21T00:26:45.676572159Z     ^
2026-09-21T00:26:45.676574062Z   File "/usr/local/lib/python3.13/site-packages/sqlalchemy/orm/session.py", line 2260, in _execute_internal
2026-09-21T00:26:45.676575986Z     conn = self._connection_for_bind(bind)
2026-09-21T00:26:45.676577910Z   File "/usr/local/lib/python3.13/site-packages/sqlalchemy/orm/session.py", line 2112, in _connection_for_bind
2026-09-21T00:26:45.676587850Z     return trans._connection_for_bind(engine, execution_options)
2026-09-21T00:26:45.676589874Z            ~~~~~~~~~~~~~~~~~~~~~~~~~~^^^^^^^^^^^^^^^^^^^^^^^^^^^
2026-09-21T00:26:45.676591787Z   File "<string>", line 2, in _connection_for_bind
2026-09-21T00:26:45.676593671Z   File "/usr/local/lib/python3.13/site-packages/sqlalchemy/orm/state_changes.py", line 137, in _go
2026-09-21T00:26:45.676595575Z     ret_value = fn(self, *arg, **kw)
2026-09-21T00:26:45.676597459Z   File "/usr/local/lib/python3.13/site-packages/sqlalchemy/orm/session.py", line 1191, in _connection_for_bind
2026-09-21T00:26:45.676599352Z     conn = bind.connect()
2026-09-21T00:26:45.676601978Z   File "/usr/local/lib/python3.13/site-packages/opentelemetry/instrumentation/sqlalchemy/engine.py", line 200, in _wrap_connect_internal
2026-09-21T00:26:45.676603881Z     return func(*args, **kwargs)
2026-09-21T00:26:45.676605795Z   File "/usr/local/lib/python3.13/site-packages/sqlalchemy/engine/base.py", line 3295, in connect
2026-09-21T00:26:45.676607699Z     return self._connection_cls(self)
2026-09-21T00:26:45.676609583Z            ~~~~~~~~~~~~~~~~~~~~^^^^^^
2026-09-21T00:26:45.676611476Z   File "/usr/local/lib/python3.13/site-packages/sqlalchemy/engine/base.py", line 144, in __init__
2026-09-21T00:26:45.676613360Z     self._dbapi_connection = engine.raw_connection()
2026-09-21T00:26:45.676615244Z                              ~~~~~~~~~~~~~~~~~~~~~^^
2026-09-21T00:26:45.676617258Z   File "/usr/local/lib/python3.13/site-packages/sqlalchemy/engine/base.py", line 3319, in raw_connection
2026-09-21T00:26:45.676619172Z     return self.pool.connect()
2026-09-21T00:26:45.676621055Z            ~~~~~~~~~~~~~~~~~^^
2026-09-21T00:26:45.676622949Z   File "/usr/local/lib/python3.13/site-packages/sqlalchemy/pool/base.py", line 448, in connect
2026-09-21T00:26:45.676624833Z     return _ConnectionFairy._checkout(self)
2026-09-21T00:26:45.676626706Z            ~~~~~~~~~~~~~~~~~~~~~~~~~~^^^^^^
2026-09-21T00:26:45.676628600Z   File "/usr/local/lib/python3.13/site-packages/sqlalchemy/pool/base.py", line 1272, in _checkout
2026-09-21T00:26:45.676630494Z     fairy = _ConnectionRecord.checkout(pool)
2026-09-21T00:26:45.676632398Z   File "/usr/local/lib/python3.13/site-packages/sqlalchemy/pool/base.py", line 712, in checkout
2026-09-21T00:26:45.676634301Z     rec = pool._do_get()
2026-09-21T00:26:45.676636195Z   File "/usr/local/lib/python3.13/site-packages/sqlalchemy/pool/impl.py", line 167, in _do_get
2026-09-21T00:26:45.676638099Z     raise exc.TimeoutError(
2026-09-21T00:26:45.676639983Z     ...<4 lines>...
2026-09-21T00:26:45.676641876Z     )
2026-09-21T00:26:45.676644451Z sqlalchemy.exc.TimeoutError: QueuePool limit of size 5 overflow 10 reached, connection timed out, timeout 30.00 (Background on this error at: https://sqlalche.me/e/20/3o7r)
2026-09-21T00:26:45.708257643Z ERROR:    Exception in ASGI application
2026-09-21T00:26:45.708292051Z Traceback (most recent call last):
2026-09-21T00:26:45.708294836Z   File "/usr/local/lib/python3.13/site-packages/uvicorn/protocols/http/httptools_impl.py", line 421, in run_asgi
2026-09-21T00:26:45.708297351Z     result = await app(  # type: ignore[func-returns-value]
2026-09-21T00:26:45.708299285Z              ^^^^^^^^^^^^^^^^^^^^^^^^^^^^^^^^^^^^^^^^^^^^^^
2026-09-21T00:26:45.708301209Z         self.scope, self.receive, self.send
2026-09-21T00:26:45.708303193Z         ^^^^^^^^^^^^^^^^^^^^^^^^^^^^^^^^^^^
2026-09-21T00:26:45.708305136Z     )
2026-09-21T00:26:45.708307221Z     ^
2026-09-21T00:26:45.708312311Z   File "/usr/local/lib/python3.13/site-packages/uvicorn/middleware/proxy_headers.py", line 63, in __call__
2026-09-21T00:26:45.708314645Z     return await self.app(scope, receive, send)
2026-09-21T00:26:45.708338202Z            ^^^^^^^^^^^^^^^^^^^^^^^^^^^^^^^^^^^^
2026-09-21T00:26:45.708340737Z   File "/usr/local/lib/python3.13/site-packages/fastapi/applications.py", line 1159, in __call__
2026-09-21T00:26:45.708342661Z     await super().__call__(scope, receive, send)
2026-09-21T00:26:45.708344584Z   File "/usr/local/lib/python3.13/site-packages/starlette/applications.py", line 107, in __call__
2026-09-21T00:26:45.708346618Z     await self.middleware_stack(scope, receive, send)
2026-09-21T00:26:45.708348662Z   File "/usr/local/lib/python3.13/site-packages/starlette/middleware/errors.py", line 186, in __call__
2026-09-21T00:26:45.708350636Z     raise exc
2026-09-21T00:26:45.708352600Z   File "/usr/local/lib/python3.13/site-packages/starlette/middleware/errors.py", line 164, in __call__
2026-09-21T00:26:45.708354564Z     await self.app(scope, receive, _send)
2026-09-21T00:26:45.708356949Z   File "/usr/local/lib/python3.13/site-packages/opentelemetry/instrumentation/asgi/__init__.py", line 806, in __call__
2026-09-21T00:26:45.708358883Z     await self.app(scope, otel_receive, otel_send)
2026-09-21T00:26:45.708360857Z   File "/usr/local/lib/python3.13/site-packages/starlette/middleware/errors.py", line 186, in __call__
2026-09-21T00:26:45.708362770Z     raise exc
2026-09-21T00:26:45.708364744Z   File "/usr/local/lib/python3.13/site-packages/starlette/middleware/errors.py", line 164, in __call__
2026-09-21T00:26:45.708366658Z     await self.app(scope, receive, _send)
2026-09-21T00:26:45.708368602Z   File "/usr/local/lib/python3.13/site-packages/opentelemetry/instrumentation/fastapi/__init__.py", line 305, in __call__
2026-09-21T00:26:45.708370506Z     await self.app(scope, receive, send)
2026-09-21T00:26:45.708372530Z   File "/usr/local/lib/python3.13/site-packages/prometheus_fastapi_instrumentator/middleware.py", line 177, in __call__
2026-09-21T00:26:45.708374463Z     raise exc
2026-09-21T00:26:45.708376447Z   File "/usr/local/lib/python3.13/site-packages/prometheus_fastapi_instrumentator/middleware.py", line 175, in __call__
2026-09-21T00:26:45.708378401Z     await self.app(scope, receive, send_wrapper)
2026-09-21T00:26:45.708383010Z   File "/usr/local/lib/python3.13/site-packages/starlette/middleware/exceptions.py", line 63, in __call__
2026-09-21T00:26:45.708385816Z     await wrap_app_handling_exceptions(self.app, conn)(scope, receive, send)
2026-09-21T00:26:45.708387770Z   File "/usr/local/lib/python3.13/site-packages/starlette/_exception_handler.py", line 53, in wrapped_app
2026-09-21T00:26:45.708389693Z     raise exc
2026-09-21T00:26:45.708391627Z   File "/usr/local/lib/python3.13/site-packages/starlette/_exception_handler.py", line 42, in wrapped_app
2026-09-21T00:26:45.708393601Z     await app(scope, receive, sender)
2026-09-21T00:26:45.708395545Z   File "/usr/local/lib/python3.13/site-packages/fastapi/middleware/asyncexitstack.py", line 18, in __call__
2026-09-21T00:26:45.708397449Z     await self.app(scope, receive, send)
2026-09-21T00:26:45.708399453Z   File "/usr/local/lib/python3.13/site-packages/starlette/routing.py", line 716, in __call__
2026-09-21T00:26:45.708401367Z     await self.middleware_stack(scope, receive, send)
2026-09-21T00:26:45.708403310Z   File "/usr/local/lib/python3.13/site-packages/starlette/routing.py", line 736, in app
2026-09-21T00:26:45.708405234Z     await route.handle(scope, receive, send)
2026-09-21T00:26:45.708407178Z   File "/usr/local/lib/python3.13/site-packages/starlette/routing.py", line 290, in handle
2026-09-21T00:26:45.708409092Z     await self.app(scope, receive, send)
2026-09-21T00:26:45.708411086Z   File "/usr/local/lib/python3.13/site-packages/fastapi/routing.py", line 134, in app
2026-09-21T00:26:45.708413030Z     await wrap_app_handling_exceptions(app, request)(scope, receive, send)
2026-09-21T00:26:45.708419963Z   File "/usr/local/lib/python3.13/site-packages/starlette/_exception_handler.py", line 53, in wrapped_app
2026-09-21T00:26:45.708421977Z     raise exc
2026-09-21T00:26:45.708423921Z   File "/usr/local/lib/python3.13/site-packages/starlette/_exception_handler.py", line 42, in wrapped_app
2026-09-21T00:26:45.708425845Z     await app(scope, receive, sender)
2026-09-21T00:26:45.708427799Z   File "/usr/local/lib/python3.13/site-packages/fastapi/routing.py", line 120, in app
2026-09-21T00:26:45.708430634Z     response = await f(request)
2026-09-21T00:26:45.708432568Z                ^^^^^^^^^^^^^^^^
2026-09-21T00:26:45.708434502Z   File "/usr/local/lib/python3.13/site-packages/fastapi/routing.py", line 674, in app
2026-09-21T00:26:45.708436546Z     raw_response = await run_endpoint_function(
2026-09-21T00:26:45.708438500Z                    ^^^^^^^^^^^^^^^^^^^^^^^^^^^^
2026-09-21T00:26:45.708441365Z     ...<3 lines>...
2026-09-21T00:26:45.708443299Z     )
2026-09-21T00:26:45.708445243Z     ^
2026-09-21T00:26:45.708447207Z   File "/usr/local/lib/python3.13/site-packages/fastapi/routing.py", line 330, in run_endpoint_function
2026-09-21T00:26:45.708449121Z     return await run_in_threadpool(dependant.call, **values)
2026-09-21T00:26:45.708451035Z            ^^^^^^^^^^^^^^^^^^^^^^^^^^^^^^^^^^^^^^^^^^^^^^^^^
2026-09-21T00:26:45.708466074Z   File "/usr/local/lib/python3.13/site-packages/starlette/concurrency.py", line 32, in run_in_threadpool
2026-09-21T00:26:45.708468239Z     return await anyio.to_thread.run_sync(func)
2026-09-21T00:26:45.708470313Z            ^^^^^^^^^^^^^^^^^^^^^^^^^^^^^^^^^^^^
2026-09-21T00:26:45.708472236Z   File "/usr/local/lib/python3.13/site-packages/anyio/to_thread.py", line 63, in run_sync
2026-09-21T00:26:45.708474160Z     return await get_async_backend().run_sync_in_worker_thread(
2026-09-21T00:26:45.708476094Z            ^^^^^^^^^^^^^^^^^^^^^^^^^^^^^^^^^^^^^^^^^^^^^^^^^^^^
2026-09-21T00:26:45.708478018Z         func, args, abandon_on_cancel=abandon_on_cancel, limiter=limiter
2026-09-21T00:26:45.708479942Z         ^^^^^^^^^^^^^^^^^^^^^^^^^^^^^^^^^^^^^^^^^^^^^^^^^^^^^^^^^^^^^^^^
2026-09-21T00:26:45.708481865Z     )
2026-09-21T00:26:45.708483779Z     ^
2026-09-21T00:26:45.708485683Z   File "/usr/local/lib/python3.13/site-packages/anyio/_backends/_asyncio.py", line 2518, in run_sync_in_worker_thread
2026-09-21T00:26:45.708487617Z     return await future
2026-09-21T00:26:45.708489531Z            ^^^^^^^^^^^^
2026-09-21T00:26:45.708491444Z   File "/usr/local/lib/python3.13/site-packages/anyio/_backends/_asyncio.py", line 1002, in run
2026-09-21T00:26:45.708493388Z     result = context.run(func, *args)
2026-09-21T00:26:45.708495372Z   File "/app/app/routers/orders.py", line 36, in checkout
2026-09-21T00:26:45.708497296Z     return create_order(
2026-09-21T00:26:45.708499250Z         db=db,
2026-09-21T00:26:45.708501214Z     ...<2 lines>...
2026-09-21T00:26:45.708503137Z         correlation_id=correlation_id,
2026-09-21T00:26:45.708505071Z     )
2026-09-21T00:26:45.708507015Z   File "/app/app/services/order_service.py", line 42, in create_order
2026-09-21T00:26:45.708508929Z     result = db.execute(
2026-09-21T00:26:45.708510883Z         select(ProductModel).where(ProductModel.id == product_id)
2026-09-21T00:26:45.708512807Z     )
2026-09-21T00:26:45.708514720Z   File "/usr/local/lib/python3.13/site-packages/sqlalchemy/orm/session.py", line 2372, in execute
2026-09-21T00:26:45.708516634Z     return self._execute_internal(
2026-09-21T00:26:45.708518548Z            ~~~~~~~~~~~~~~~~~~~~~~^
2026-09-21T00:26:45.708520472Z         statement,
2026-09-21T00:26:45.708527085Z         ^^^^^^^^^^
2026-09-21T00:26:45.708529039Z     ...<4 lines>...
2026-09-21T00:26:45.708530992Z         _add_event=_add_event,
2026-09-21T00:26:45.708532906Z         ^^^^^^^^^^^^^^^^^^^^^^
2026-09-21T00:26:45.708534800Z     )
2026-09-21T00:26:45.708536714Z     ^
2026-09-21T00:26:45.708538658Z   File "/usr/local/lib/python3.13/site-packages/sqlalchemy/orm/session.py", line 2260, in _execute_internal
2026-09-21T00:26:45.708540591Z     conn = self._connection_for_bind(bind)
2026-09-21T00:26:45.708542535Z   File "/usr/local/lib/python3.13/site-packages/sqlalchemy/orm/session.py", line 2112, in _connection_for_bind
2026-09-21T00:26:45.708544519Z     return trans._connection_for_bind(engine, execution_options)
2026-09-21T00:26:45.708546463Z            ~~~~~~~~~~~~~~~~~~~~~~~~~~^^^^^^^^^^^^^^^^^^^^^^^^^^^
2026-09-21T00:26:45.708548397Z   File "<string>", line 2, in _connection_for_bind
2026-09-21T00:26:45.708550341Z   File "/usr/local/lib/python3.13/site-packages/sqlalchemy/orm/state_changes.py", line 137, in _go
2026-09-21T00:26:45.708552275Z     ret_value = fn(self, *arg, **kw)
2026-09-21T00:26:45.708554198Z   File "/usr/local/lib/python3.13/site-packages/sqlalchemy/orm/session.py", line 1191, in _connection_for_bind
2026-09-21T00:26:45.708556102Z     conn = bind.connect()
2026-09-21T00:26:45.708558707Z   File "/usr/local/lib/python3.13/site-packages/opentelemetry/instrumentation/sqlalchemy/engine.py", line 200, in _wrap_connect_internal
2026-09-21T00:26:45.708560671Z     return func(*args, **kwargs)
2026-09-21T00:26:45.708562615Z   File "/usr/local/lib/python3.13/site-packages/sqlalchemy/engine/base.py", line 3295, in connect
2026-09-21T00:26:45.708564549Z     return self._connection_cls(self)
2026-09-21T00:26:45.708566463Z            ~~~~~~~~~~~~~~~~~~~~^^^^^^
2026-09-21T00:26:45.708568436Z   File "/usr/local/lib/python3.13/site-packages/sqlalchemy/engine/base.py", line 144, in __init__
2026-09-21T00:26:45.708570360Z     self._dbapi_connection = engine.raw_connection()
2026-09-21T00:26:45.708572264Z                              ~~~~~~~~~~~~~~~~~~~~~^^
2026-09-21T00:26:45.708574178Z   File "/usr/local/lib/python3.13/site-packages/sqlalchemy/engine/base.py", line 3319, in raw_connection
2026-09-21T00:26:45.708576102Z     return self.pool.connect()
2026-09-21T00:26:45.708578035Z            ~~~~~~~~~~~~~~~~~^^
2026-09-21T00:26:45.708579989Z   File "/usr/local/lib/python3.13/site-packages/sqlalchemy/pool/base.py", line 448, in connect
2026-09-21T00:26:45.708581903Z     return _ConnectionFairy._checkout(self)
2026-09-21T00:26:45.708583817Z            ~~~~~~~~~~~~~~~~~~~~~~~~~~^^^^^^
2026-09-21T00:26:45.708585751Z   File "/usr/local/lib/python3.13/site-packages/sqlalchemy/pool/base.py", line 1272, in _checkout
2026-09-21T00:26:45.708587664Z     fairy = _ConnectionRecord.checkout(pool)
2026-09-21T00:26:45.708589578Z   File "/usr/local/lib/python3.13/site-packages/sqlalchemy/pool/base.py", line 712, in checkout
2026-09-21T00:26:45.708591492Z     rec = pool._do_get()
2026-09-21T00:26:45.708593496Z   File "/usr/local/lib/python3.13/site-packages/sqlalchemy/pool/impl.py", line 167, in _do_get
2026-09-21T00:26:45.708595440Z     raise exc.TimeoutError(
2026-09-21T00:26:45.708597354Z     ...<4 lines>...
2026-09-21T00:26:45.708599267Z     )
2026-09-21T00:26:45.708601782Z sqlalchemy.exc.TimeoutError: QueuePool limit of size 5 overflow 10 reached, connection timed out, timeout 30.00 (Background on this error at: https://sqlalche.me/e/20/3o7r)
2026-09-21T00:26:45.716278184Z ERROR:    Exception in ASGI application
2026-09-21T00:26:45.716322542Z Traceback (most recent call last):
2026-09-21T00:26:45.716328283Z   File "/usr/local/lib/python3.13/site-packages/uvicorn/protocols/http/httptools_impl.py", line 421, in run_asgi
2026-09-21T00:26:45.716345447Z     result = await app(  # type: ignore[func-returns-value]
2026-09-21T00:26:45.716347501Z              ^^^^^^^^^^^^^^^^^^^^^^^^^^^^^^^^^^^^^^^^^^^^^^
2026-09-21T00:26:45.716349385Z         self.scope, self.receive, self.send
2026-09-21T00:26:45.716351269Z         ^^^^^^^^^^^^^^^^^^^^^^^^^^^^^^^^^^^
2026-09-21T00:26:45.716353162Z     )
2026-09-21T00:26:45.716355066Z     ^
2026-09-21T00:26:45.716357020Z   File "/usr/local/lib/python3.13/site-packages/uvicorn/middleware/proxy_headers.py", line 63, in __call__
2026-09-21T00:26:45.716358954Z     return await self.app(scope, receive, send)
2026-09-21T00:26:45.716360858Z            ^^^^^^^^^^^^^^^^^^^^^^^^^^^^^^^^^^^^
2026-09-21T00:26:45.716363463Z   File "/usr/local/lib/python3.13/site-packages/fastapi/applications.py", line 1159, in __call__
2026-09-21T00:26:45.716365366Z     await super().__call__(scope, receive, send)
2026-09-21T00:26:45.716367260Z   File "/usr/local/lib/python3.13/site-packages/starlette/applications.py", line 107, in __call__
2026-09-21T00:26:45.716369214Z     await self.middleware_stack(scope, receive, send)
2026-09-21T00:26:45.716371358Z   File "/usr/local/lib/python3.13/site-packages/starlette/middleware/errors.py", line 186, in __call__
2026-09-21T00:26:45.716373292Z     raise exc
2026-09-21T00:26:45.716375316Z   File "/usr/local/lib/python3.13/site-packages/starlette/middleware/errors.py", line 164, in __call__
2026-09-21T00:26:45.716380196Z     await self.app(scope, receive, _send)
2026-09-21T00:26:45.716382651Z   File "/usr/local/lib/python3.13/site-packages/opentelemetry/instrumentation/asgi/__init__.py", line 806, in __call__
2026-09-21T00:26:45.716384564Z     await self.app(scope, otel_receive, otel_send)
2026-09-21T00:26:45.716388492Z   File "/usr/local/lib/python3.13/site-packages/starlette/middleware/errors.py", line 186, in __call__
2026-09-21T00:26:45.716390436Z     raise exc
2026-09-21T00:26:45.716392360Z   File "/usr/local/lib/python3.13/site-packages/starlette/middleware/errors.py", line 164, in __call__
2026-09-21T00:26:45.716394264Z     await self.app(scope, receive, _send)
2026-09-21T00:26:45.716396197Z   File "/usr/local/lib/python3.13/site-packages/opentelemetry/instrumentation/fastapi/__init__.py", line 305, in __call__
2026-09-21T00:26:45.716398091Z     await self.app(scope, receive, send)
2026-09-21T00:26:45.716399985Z   File "/usr/local/lib/python3.13/site-packages/prometheus_fastapi_instrumentator/middleware.py", line 177, in __call__
2026-09-21T00:26:45.716401879Z     raise exc
2026-09-21T00:26:45.716403762Z   File "/usr/local/lib/python3.13/site-packages/prometheus_fastapi_instrumentator/middleware.py", line 175, in __call__
2026-09-21T00:26:45.716405636Z     await self.app(scope, receive, send_wrapper)
2026-09-21T00:26:45.716407520Z   File "/usr/local/lib/python3.13/site-packages/starlette/middleware/exceptions.py", line 63, in __call__
2026-09-21T00:26:45.716410476Z     await wrap_app_handling_exceptions(self.app, conn)(scope, receive, send)
2026-09-21T00:26:45.716412379Z   File "/usr/local/lib/python3.13/site-packages/starlette/_exception_handler.py", line 53, in wrapped_app
2026-09-21T00:26:45.716414273Z     raise exc
2026-09-21T00:26:45.716416167Z   File "/usr/local/lib/python3.13/site-packages/starlette/_exception_handler.py", line 42, in wrapped_app
2026-09-21T00:26:45.716418041Z     await app(scope, receive, sender)
2026-09-21T00:26:45.716419934Z   File "/usr/local/lib/python3.13/site-packages/fastapi/middleware/asyncexitstack.py", line 18, in __call__
2026-09-21T00:26:45.716421818Z     await self.app(scope, receive, send)
2026-09-21T00:26:45.716423722Z   File "/usr/local/lib/python3.13/site-packages/starlette/routing.py", line 716, in __call__
2026-09-21T00:26:45.716430635Z     await self.middleware_stack(scope, receive, send)
2026-09-21T00:26:45.716432619Z   File "/usr/local/lib/python3.13/site-packages/starlette/routing.py", line 736, in app
2026-09-21T00:26:45.716434493Z     await route.handle(scope, receive, send)
2026-09-21T00:26:45.716436397Z   File "/usr/local/lib/python3.13/site-packages/starlette/routing.py", line 290, in handle
2026-09-21T00:26:45.716438260Z     await self.app(scope, receive, send)
2026-09-21T00:26:45.716440204Z   File "/usr/local/lib/python3.13/site-packages/fastapi/routing.py", line 134, in app
2026-09-21T00:26:45.716442098Z     await wrap_app_handling_exceptions(app, request)(scope, receive, send)
2026-09-21T00:26:45.716443982Z   File "/usr/local/lib/python3.13/site-packages/starlette/_exception_handler.py", line 53, in wrapped_app
2026-09-21T00:26:45.716446086Z     raise exc
2026-09-21T00:26:45.716448060Z   File "/usr/local/lib/python3.13/site-packages/starlette/_exception_handler.py", line 42, in wrapped_app
2026-09-21T00:26:45.716449954Z     await app(scope, receive, sender)
2026-09-21T00:26:45.716451837Z   File "/usr/local/lib/python3.13/site-packages/fastapi/routing.py", line 120, in app
2026-09-21T00:26:45.716454382Z     response = await f(request)
2026-09-21T00:26:45.716456306Z                ^^^^^^^^^^^^^^^^
2026-09-21T00:26:45.716458200Z   File "/usr/local/lib/python3.13/site-packages/fastapi/routing.py", line 674, in app
2026-09-21T00:26:45.716460094Z     raw_response = await run_endpoint_function(
2026-09-21T00:26:45.716461987Z                    ^^^^^^^^^^^^^^^^^^^^^^^^^^^^
2026-09-21T00:26:45.716464412Z     ...<3 lines>...
2026-09-21T00:26:45.716466316Z     )
2026-09-21T00:26:45.716468220Z     ^
2026-09-21T00:26:45.716470133Z   File "/usr/local/lib/python3.13/site-packages/fastapi/routing.py", line 330, in run_endpoint_function
2026-09-21T00:26:45.716473871Z     return await run_in_threadpool(dependant.call, **values)
2026-09-21T00:26:45.716475795Z            ^^^^^^^^^^^^^^^^^^^^^^^^^^^^^^^^^^^^^^^^^^^^^^^^^
2026-09-21T00:26:45.716509862Z   File "/usr/local/lib/python3.13/site-packages/starlette/concurrency.py", line 32, in run_in_threadpool
2026-09-21T00:26:45.716514541Z     return await anyio.to_thread.run_sync(func)
2026-09-21T00:26:45.716516645Z            ^^^^^^^^^^^^^^^^^^^^^^^^^^^^^^^^^^^^
2026-09-21T00:26:45.716518549Z   File "/usr/local/lib/python3.13/site-packages/anyio/to_thread.py", line 63, in run_sync
2026-09-21T00:26:45.716520443Z     return await get_async_backend().run_sync_in_worker_thread(
2026-09-21T00:26:45.716522316Z            ^^^^^^^^^^^^^^^^^^^^^^^^^^^^^^^^^^^^^^^^^^^^^^^^^^^^
2026-09-21T00:26:45.716524210Z         func, args, abandon_on_cancel=abandon_on_cancel, limiter=limiter
2026-09-21T00:26:45.716526124Z         ^^^^^^^^^^^^^^^^^^^^^^^^^^^^^^^^^^^^^^^^^^^^^^^^^^^^^^^^^^^^^^^^
2026-09-21T00:26:45.716528038Z     )
2026-09-21T00:26:45.716529982Z     ^
2026-09-21T00:26:45.716531905Z   File "/usr/local/lib/python3.13/site-packages/anyio/_backends/_asyncio.py", line 2518, in run_sync_in_worker_thread
2026-09-21T00:26:45.716533789Z     return await future
2026-09-21T00:26:45.716535703Z            ^^^^^^^^^^^^
2026-09-21T00:26:45.716537587Z   File "/usr/local/lib/python3.13/site-packages/anyio/_backends/_asyncio.py", line 1002, in run
2026-09-21T00:26:45.716539490Z     result = context.run(func, *args)
2026-09-21T00:26:45.716541404Z   File "/app/app/routers/orders.py", line 36, in checkout
2026-09-21T00:26:45.716543308Z     return create_order(
2026-09-21T00:26:45.716545262Z         db=db,
2026-09-21T00:26:45.716547176Z     ...<2 lines>...
2026-09-21T00:26:45.716557135Z         correlation_id=correlation_id,
2026-09-21T00:26:45.716559159Z     )
2026-09-21T00:26:45.716561103Z   File "/app/app/services/order_service.py", line 42, in create_order
2026-09-21T00:26:45.716563027Z     result = db.execute(
2026-09-21T00:26:45.716564951Z         select(ProductModel).where(ProductModel.id == product_id)
2026-09-21T00:26:45.716566854Z     )
2026-09-21T00:26:45.716568788Z   File "/usr/local/lib/python3.13/site-packages/sqlalchemy/orm/session.py", line 2372, in execute
2026-09-21T00:26:45.716570682Z     return self._execute_internal(
2026-09-21T00:26:45.716572576Z            ~~~~~~~~~~~~~~~~~~~~~~^
2026-09-21T00:26:45.716574459Z         statement,
2026-09-21T00:26:45.716576363Z         ^^^^^^^^^^
2026-09-21T00:26:45.716578257Z     ...<4 lines>...
2026-09-21T00:26:45.716580161Z         _add_event=_add_event,
2026-09-21T00:26:45.716582054Z         ^^^^^^^^^^^^^^^^^^^^^^
2026-09-21T00:26:45.716583958Z     )
2026-09-21T00:26:45.716585852Z     ^
2026-09-21T00:26:45.716587756Z   File "/usr/local/lib/python3.13/site-packages/sqlalchemy/orm/session.py", line 2260, in _execute_internal
2026-09-21T00:26:45.716589649Z     conn = self._connection_for_bind(bind)
2026-09-21T00:26:45.716591693Z   File "/usr/local/lib/python3.13/site-packages/sqlalchemy/orm/session.py", line 2112, in _connection_for_bind
2026-09-21T00:26:45.716593607Z     return trans._connection_for_bind(engine, execution_options)
2026-09-21T00:26:45.716595521Z            ~~~~~~~~~~~~~~~~~~~~~~~~~~^^^^^^^^^^^^^^^^^^^^^^^^^^^
2026-09-21T00:26:45.716597415Z   File "<string>", line 2, in _connection_for_bind
2026-09-21T00:26:45.716599419Z   File "/usr/local/lib/python3.13/site-packages/sqlalchemy/orm/state_changes.py", line 137, in _go
2026-09-21T00:26:45.716601302Z     ret_value = fn(self, *arg, **kw)
2026-09-21T00:26:45.716603196Z   File "/usr/local/lib/python3.13/site-packages/sqlalchemy/orm/session.py", line 1191, in _connection_for_bind
2026-09-21T00:26:45.716605150Z     conn = bind.connect()
2026-09-21T00:26:45.716607725Z   File "/usr/local/lib/python3.13/site-packages/opentelemetry/instrumentation/sqlalchemy/engine.py", line 200, in _wrap_connect_internal
2026-09-21T00:26:45.716609679Z     return func(*args, **kwargs)
2026-09-21T00:26:45.716611593Z   File "/usr/local/lib/python3.13/site-packages/sqlalchemy/engine/base.py", line 3295, in connect
2026-09-21T00:26:45.716613486Z     return self._connection_cls(self)
2026-09-21T00:26:45.716615420Z            ~~~~~~~~~~~~~~~~~~~~^^^^^^
2026-09-21T00:26:45.716617324Z   File "/usr/local/lib/python3.13/site-packages/sqlalchemy/engine/base.py", line 144, in __init__
2026-09-21T00:26:45.716619208Z     self._dbapi_connection = engine.raw_connection()
2026-09-21T00:26:45.716621101Z                              ~~~~~~~~~~~~~~~~~~~~~^^
2026-09-21T00:26:45.716623025Z   File "/usr/local/lib/python3.13/site-packages/sqlalchemy/engine/base.py", line 3319, in raw_connection
2026-09-21T00:26:45.716624929Z     return self.pool.connect()
2026-09-21T00:26:45.716626833Z            ~~~~~~~~~~~~~~~~~^^
2026-09-21T00:26:45.716628747Z   File "/usr/local/lib/python3.13/site-packages/sqlalchemy/pool/base.py", line 448, in connect
2026-09-21T00:26:45.716630660Z     return _ConnectionFairy._checkout(self)
2026-09-21T00:26:45.716632564Z            ~~~~~~~~~~~~~~~~~~~~~~~~~~^^^^^^
2026-09-21T00:26:45.716634448Z   File "/usr/local/lib/python3.13/site-packages/sqlalchemy/pool/base.py", line 1272, in _checkout
2026-09-21T00:26:45.716636332Z     fairy = _ConnectionRecord.checkout(pool)
2026-09-21T00:26:45.716638225Z   File "/usr/local/lib/python3.13/site-packages/sqlalchemy/pool/base.py", line 712, in checkout
2026-09-21T00:26:45.716644828Z     rec = pool._do_get()
2026-09-21T00:26:45.716646792Z   File "/usr/local/lib/python3.13/site-packages/sqlalchemy/pool/impl.py", line 167, in _do_get
2026-09-21T00:26:45.716648686Z     raise exc.TimeoutError(
2026-09-21T00:26:45.716650610Z     ...<4 lines>...
2026-09-21T00:26:45.716652504Z     )
2026-09-21T00:26:45.716655099Z sqlalchemy.exc.TimeoutError: QueuePool limit of size 5 overflow 10 reached, connection timed out, timeout 30.00 (Background on this error at: https://sqlalche.me/e/20/3o7r)
2026-09-21T00:26:45.905023313Z ERROR:    Exception in ASGI application
2026-09-21T00:26:45.905065356Z Traceback (most recent call last):
2026-09-21T00:26:45.905074615Z   File "/usr/local/lib/python3.13/site-packages/uvicorn/protocols/http/httptools_impl.py", line 421, in run_asgi
2026-09-21T00:26:45.905079645Z     result = await app(  # type: ignore[func-returns-value]
2026-09-21T00:26:45.905084163Z              ^^^^^^^^^^^^^^^^^^^^^^^^^^^^^^^^^^^^^^^^^^^^^^
2026-09-21T00:26:45.905088532Z         self.scope, self.receive, self.send
2026-09-21T00:26:45.905092851Z         ^^^^^^^^^^^^^^^^^^^^^^^^^^^^^^^^^^^
2026-09-21T00:26:45.905097169Z     )
2026-09-21T00:26:45.905101608Z     ^
2026-09-21T00:26:45.905106007Z   File "/usr/local/lib/python3.13/site-packages/uvicorn/middleware/proxy_headers.py", line 63, in __call__
2026-09-21T00:26:45.905110385Z     return await self.app(scope, receive, send)
2026-09-21T00:26:45.905114694Z            ^^^^^^^^^^^^^^^^^^^^^^^^^^^^^^^^^^^^
2026-09-21T00:26:45.905119664Z   File "/usr/local/lib/python3.13/site-packages/fastapi/applications.py", line 1159, in __call__
2026-09-21T00:26:45.905123992Z     await super().__call__(scope, receive, send)
2026-09-21T00:26:45.905128291Z   File "/usr/local/lib/python3.13/site-packages/starlette/applications.py", line 107, in __call__
2026-09-21T00:26:45.905132850Z     await self.middleware_stack(scope, receive, send)
2026-09-21T00:26:45.905137228Z   File "/usr/local/lib/python3.13/site-packages/starlette/middleware/errors.py", line 186, in __call__
2026-09-21T00:26:45.905141637Z     raise exc
2026-09-21T00:26:45.905146006Z   File "/usr/local/lib/python3.13/site-packages/starlette/middleware/errors.py", line 164, in __call__
2026-09-21T00:26:45.905150324Z     await self.app(scope, receive, _send)
2026-09-21T00:26:45.905155264Z   File "/usr/local/lib/python3.13/site-packages/opentelemetry/instrumentation/asgi/__init__.py", line 806, in __call__
2026-09-21T00:26:45.905159572Z     await self.app(scope, otel_receive, otel_send)
2026-09-21T00:26:45.905163921Z   File "/usr/local/lib/python3.13/site-packages/starlette/middleware/errors.py", line 186, in __call__
2026-09-21T00:26:45.905168250Z     raise exc
2026-09-21T00:26:45.905172578Z   File "/usr/local/lib/python3.13/site-packages/starlette/middleware/errors.py", line 164, in __call__
2026-09-21T00:26:45.905176877Z     await self.app(scope, receive, _send)
2026-09-21T00:26:45.905181245Z   File "/usr/local/lib/python3.13/site-packages/opentelemetry/instrumentation/fastapi/__init__.py", line 305, in __call__
2026-09-21T00:26:45.905185584Z     await self.app(scope, receive, send)
2026-09-21T00:26:45.905189902Z   File "/usr/local/lib/python3.13/site-packages/prometheus_fastapi_instrumentator/middleware.py", line 177, in __call__
2026-09-21T00:26:45.905194211Z     raise exc
2026-09-21T00:26:45.905198519Z   File "/usr/local/lib/python3.13/site-packages/prometheus_fastapi_instrumentator/middleware.py", line 175, in __call__
2026-09-21T00:26:45.905202838Z     await self.app(scope, receive, send_wrapper)
2026-09-21T00:26:45.905210543Z   File "/usr/local/lib/python3.13/site-packages/starlette/middleware/exceptions.py", line 63, in __call__
2026-09-21T00:26:45.905215443Z     await wrap_app_handling_exceptions(self.app, conn)(scope, receive, send)
2026-09-21T00:26:45.905242015Z   File "/usr/local/lib/python3.13/site-packages/starlette/_exception_handler.py", line 53, in wrapped_app
2026-09-21T00:26:45.905246735Z     raise exc
2026-09-21T00:26:45.905251163Z   File "/usr/local/lib/python3.13/site-packages/starlette/_exception_handler.py", line 42, in wrapped_app
2026-09-21T00:26:45.905255512Z     await app(scope, receive, sender)
2026-09-21T00:26:45.905259881Z   File "/usr/local/lib/python3.13/site-packages/fastapi/middleware/asyncexitstack.py", line 18, in __call__
2026-09-21T00:26:45.905264209Z     await self.app(scope, receive, send)
2026-09-21T00:26:45.905268568Z   File "/usr/local/lib/python3.13/site-packages/starlette/routing.py", line 716, in __call__
2026-09-21T00:26:45.905272876Z     await self.middleware_stack(scope, receive, send)
2026-09-21T00:26:45.905277215Z   File "/usr/local/lib/python3.13/site-packages/starlette/routing.py", line 736, in app
2026-09-21T00:26:45.905281543Z     await route.handle(scope, receive, send)
2026-09-21T00:26:45.905285892Z   File "/usr/local/lib/python3.13/site-packages/starlette/routing.py", line 290, in handle
2026-09-21T00:26:45.905290521Z     await self.app(scope, receive, send)
2026-09-21T00:26:45.905294910Z   File "/usr/local/lib/python3.13/site-packages/fastapi/routing.py", line 134, in app
2026-09-21T00:26:45.905299258Z     await wrap_app_handling_exceptions(app, request)(scope, receive, send)
2026-09-21T00:26:45.905303697Z   File "/usr/local/lib/python3.13/site-packages/starlette/_exception_handler.py", line 53, in wrapped_app
2026-09-21T00:26:45.905308036Z     raise exc
2026-09-21T00:26:45.905312394Z   File "/usr/local/lib/python3.13/site-packages/starlette/_exception_handler.py", line 42, in wrapped_app
2026-09-21T00:26:45.905316733Z     await app(scope, receive, sender)
2026-09-21T00:26:45.905321091Z   File "/usr/local/lib/python3.13/site-packages/fastapi/routing.py", line 120, in app
2026-09-21T00:26:45.905325931Z     response = await f(request)
2026-09-21T00:26:45.905330259Z                ^^^^^^^^^^^^^^^^
2026-09-21T00:26:45.905334358Z   File "/usr/local/lib/python3.13/site-packages/fastapi/routing.py", line 674, in app
2026-09-21T00:26:45.905336271Z     raw_response = await run_endpoint_function(
2026-09-21T00:26:45.905338205Z                    ^^^^^^^^^^^^^^^^^^^^^^^^^^^^
2026-09-21T00:26:45.905340961Z     ...<3 lines>...
2026-09-21T00:26:45.905342874Z     )
2026-09-21T00:26:45.905344828Z     ^
2026-09-21T00:26:45.905346762Z   File "/usr/local/lib/python3.13/site-packages/fastapi/routing.py", line 330, in run_endpoint_function
2026-09-21T00:26:45.905348696Z     return await run_in_threadpool(dependant.call, **values)
2026-09-21T00:26:45.905350620Z            ^^^^^^^^^^^^^^^^^^^^^^^^^^^^^^^^^^^^^^^^^^^^^^^^^
2026-09-21T00:26:45.905382573Z   File "/usr/local/lib/python3.13/site-packages/starlette/concurrency.py", line 32, in run_in_threadpool
2026-09-21T00:26:45.905387202Z     return await anyio.to_thread.run_sync(func)
2026-09-21T00:26:45.905389206Z            ^^^^^^^^^^^^^^^^^^^^^^^^^^^^^^^^^^^^
2026-09-21T00:26:45.905391160Z   File "/usr/local/lib/python3.13/site-packages/anyio/to_thread.py", line 63, in run_sync
2026-09-21T00:26:45.905393094Z     return await get_async_backend().run_sync_in_worker_thread(
2026-09-21T00:26:45.905395047Z            ^^^^^^^^^^^^^^^^^^^^^^^^^^^^^^^^^^^^^^^^^^^^^^^^^^^^
2026-09-21T00:26:45.905396981Z         func, args, abandon_on_cancel=abandon_on_cancel, limiter=limiter
2026-09-21T00:26:45.905398885Z         ^^^^^^^^^^^^^^^^^^^^^^^^^^^^^^^^^^^^^^^^^^^^^^^^^^^^^^^^^^^^^^^^
2026-09-21T00:26:45.905400769Z     )
2026-09-21T00:26:45.905402683Z     ^
2026-09-21T00:26:45.905414506Z   File "/usr/local/lib/python3.13/site-packages/anyio/_backends/_asyncio.py", line 2518, in run_sync_in_worker_thread
2026-09-21T00:26:45.905416560Z     return await future
2026-09-21T00:26:45.905418484Z            ^^^^^^^^^^^^
2026-09-21T00:26:45.905420387Z   File "/usr/local/lib/python3.13/site-packages/anyio/_backends/_asyncio.py", line 1002, in run
2026-09-21T00:26:45.905422291Z     result = context.run(func, *args)
2026-09-21T00:26:45.905424225Z   File "/app/app/routers/orders.py", line 36, in checkout
2026-09-21T00:26:45.905426119Z     return create_order(
2026-09-21T00:26:45.905428053Z         db=db,
2026-09-21T00:26:45.905429966Z     ...<2 lines>...
2026-09-21T00:26:45.905431900Z         correlation_id=correlation_id,
2026-09-21T00:26:45.905433814Z     )
2026-09-21T00:26:45.905435758Z   File "/app/app/services/order_service.py", line 42, in create_order
2026-09-21T00:26:45.905437682Z     result = db.execute(
2026-09-21T00:26:45.905439635Z         select(ProductModel).where(ProductModel.id == product_id)
2026-09-21T00:26:45.905441589Z     )
2026-09-21T00:26:45.905443523Z   File "/usr/local/lib/python3.13/site-packages/sqlalchemy/orm/session.py", line 2372, in execute
2026-09-21T00:26:45.905445437Z     return self._execute_internal(
2026-09-21T00:26:45.905447401Z            ~~~~~~~~~~~~~~~~~~~~~~^
2026-09-21T00:26:45.905449325Z         statement,
2026-09-21T00:26:45.905451218Z         ^^^^^^^^^^
2026-09-21T00:26:45.905453102Z     ...<4 lines>...
2026-09-21T00:26:45.905454996Z         _add_event=_add_event,
2026-09-21T00:26:45.905456890Z         ^^^^^^^^^^^^^^^^^^^^^^
2026-09-21T00:26:45.905458793Z     )
2026-09-21T00:26:45.905460687Z     ^
2026-09-21T00:26:45.905462621Z   File "/usr/local/lib/python3.13/site-packages/sqlalchemy/orm/session.py", line 2260, in _execute_internal
2026-09-21T00:26:45.905464525Z     conn = self._connection_for_bind(bind)
2026-09-21T00:26:45.905466428Z   File "/usr/local/lib/python3.13/site-packages/sqlalchemy/orm/session.py", line 2112, in _connection_for_bind
2026-09-21T00:26:45.905468352Z     return trans._connection_for_bind(engine, execution_options)
2026-09-21T00:26:45.905470236Z            ~~~~~~~~~~~~~~~~~~~~~~~~~~^^^^^^^^^^^^^^^^^^^^^^^^^^^
2026-09-21T00:26:45.905472130Z   File "<string>", line 2, in _connection_for_bind
2026-09-21T00:26:45.905474084Z   File "/usr/local/lib/python3.13/site-packages/sqlalchemy/orm/state_changes.py", line 137, in _go
2026-09-21T00:26:45.905475987Z     ret_value = fn(self, *arg, **kw)
2026-09-21T00:26:45.905477901Z   File "/usr/local/lib/python3.13/site-packages/sqlalchemy/orm/session.py", line 1191, in _connection_for_bind
2026-09-21T00:26:45.905479805Z     conn = bind.connect()
2026-09-21T00:26:45.905482600Z   File "/usr/local/lib/python3.13/site-packages/opentelemetry/instrumentation/sqlalchemy/engine.py", line 200, in _wrap_connect_internal
2026-09-21T00:26:45.905484584Z     return func(*args, **kwargs)
2026-09-21T00:26:45.905486488Z   File "/usr/local/lib/python3.13/site-packages/sqlalchemy/engine/base.py", line 3295, in connect
2026-09-21T00:26:45.905488482Z     return self._connection_cls(self)
2026-09-21T00:26:45.905490406Z            ~~~~~~~~~~~~~~~~~~~~^^^^^^
2026-09-21T00:26:45.905494574Z   File "/usr/local/lib/python3.13/site-packages/sqlalchemy/engine/base.py", line 144, in __init__
2026-09-21T00:26:45.905496568Z     self._dbapi_connection = engine.raw_connection()
2026-09-21T00:26:45.905498452Z                              ~~~~~~~~~~~~~~~~~~~~~^^
2026-09-21T00:26:45.905500345Z   File "/usr/local/lib/python3.13/site-packages/sqlalchemy/engine/base.py", line 3319, in raw_connection
2026-09-21T00:26:45.905502249Z     return self.pool.connect()
2026-09-21T00:26:45.905509754Z            ~~~~~~~~~~~~~~~~~^^
2026-09-21T00:26:45.905511708Z   File "/usr/local/lib/python3.13/site-packages/sqlalchemy/pool/base.py", line 448, in connect
2026-09-21T00:26:45.905513612Z     return _ConnectionFairy._checkout(self)
2026-09-21T00:26:45.905515515Z            ~~~~~~~~~~~~~~~~~~~~~~~~~~^^^^^^
2026-09-21T00:26:45.905517449Z   File "/usr/local/lib/python3.13/site-packages/sqlalchemy/pool/base.py", line 1272, in _checkout
2026-09-21T00:26:45.905519353Z     fairy = _ConnectionRecord.checkout(pool)
2026-09-21T00:26:45.905521257Z   File "/usr/local/lib/python3.13/site-packages/sqlalchemy/pool/base.py", line 712, in checkout
2026-09-21T00:26:45.905523150Z     rec = pool._do_get()
2026-09-21T00:26:45.905525064Z   File "/usr/local/lib/python3.13/site-packages/sqlalchemy/pool/impl.py", line 167, in _do_get
2026-09-21T00:26:45.905526988Z     raise exc.TimeoutError(
2026-09-21T00:26:45.905528912Z     ...<4 lines>...
2026-09-21T00:26:45.905530836Z     )
2026-09-21T00:26:45.905533310Z sqlalchemy.exc.TimeoutError: QueuePool limit of size 5 overflow 10 reached, connection timed out, timeout 30.00 (Background on this error at: https://sqlalche.me/e/20/3o7r)
2026-09-21T00:26:45.919523470Z ERROR:    Exception in ASGI application
2026-09-21T00:26:45.919552357Z Traceback (most recent call last):
2026-09-21T00:26:45.919555053Z   File "/usr/local/lib/python3.13/site-packages/uvicorn/protocols/http/httptools_impl.py", line 421, in run_asgi
2026-09-21T00:26:45.919557397Z     result = await app(  # type: ignore[func-returns-value]
2026-09-21T00:26:45.919559291Z              ^^^^^^^^^^^^^^^^^^^^^^^^^^^^^^^^^^^^^^^^^^^^^^
2026-09-21T00:26:45.919561175Z         self.scope, self.receive, self.send
2026-09-21T00:26:45.919563259Z         ^^^^^^^^^^^^^^^^^^^^^^^^^^^^^^^^^^^
2026-09-21T00:26:45.919565173Z     )
2026-09-21T00:26:45.919567116Z     ^
2026-09-21T00:26:45.919569050Z   File "/usr/local/lib/python3.13/site-packages/uvicorn/middleware/proxy_headers.py", line 63, in __call__
2026-09-21T00:26:45.919571014Z     return await self.app(scope, receive, send)
2026-09-21T00:26:45.919572908Z            ^^^^^^^^^^^^^^^^^^^^^^^^^^^^^^^^^^^^
2026-09-21T00:26:45.919575723Z   File "/usr/local/lib/python3.13/site-packages/fastapi/applications.py", line 1159, in __call__
2026-09-21T00:26:45.919577627Z     await super().__call__(scope, receive, send)
2026-09-21T00:26:45.919579561Z   File "/usr/local/lib/python3.13/site-packages/starlette/applications.py", line 107, in __call__
2026-09-21T00:26:45.919581896Z     await self.middleware_stack(scope, receive, send)
2026-09-21T00:26:45.919583819Z   File "/usr/local/lib/python3.13/site-packages/starlette/middleware/errors.py", line 186, in __call__
2026-09-21T00:26:45.919585743Z     raise exc
2026-09-21T00:26:45.919587637Z   File "/usr/local/lib/python3.13/site-packages/starlette/middleware/errors.py", line 164, in __call__
2026-09-21T00:26:45.919589571Z     await self.app(scope, receive, _send)
2026-09-21T00:26:45.919592016Z   File "/usr/local/lib/python3.13/site-packages/opentelemetry/instrumentation/asgi/__init__.py", line 806, in __call__
2026-09-21T00:26:45.919593979Z     await self.app(scope, otel_receive, otel_send)
2026-09-21T00:26:45.919595943Z   File "/usr/local/lib/python3.13/site-packages/starlette/middleware/errors.py", line 186, in __call__
2026-09-21T00:26:45.919597837Z     raise exc
2026-09-21T00:26:45.919599921Z   File "/usr/local/lib/python3.13/site-packages/starlette/middleware/errors.py", line 164, in __call__
2026-09-21T00:26:45.919601885Z     await self.app(scope, receive, _send)
2026-09-21T00:26:45.919603789Z   File "/usr/local/lib/python3.13/site-packages/opentelemetry/instrumentation/fastapi/__init__.py", line 305, in __call__
2026-09-21T00:26:45.919621875Z     await self.app(scope, receive, send)
2026-09-21T00:26:45.919623878Z   File "/usr/local/lib/python3.13/site-packages/prometheus_fastapi_instrumentator/middleware.py", line 177, in __call__
2026-09-21T00:26:45.919625762Z     raise exc
2026-09-21T00:26:45.919627666Z   File "/usr/local/lib/python3.13/site-packages/prometheus_fastapi_instrumentator/middleware.py", line 175, in __call__
2026-09-21T00:26:45.919629580Z     await self.app(scope, receive, send_wrapper)
2026-09-21T00:26:45.919631504Z   File "/usr/local/lib/python3.13/site-packages/starlette/middleware/exceptions.py", line 63, in __call__
2026-09-21T00:26:45.919633908Z     await wrap_app_handling_exceptions(self.app, conn)(scope, receive, send)
2026-09-21T00:26:45.919635812Z   File "/usr/local/lib/python3.13/site-packages/starlette/_exception_handler.py", line 53, in wrapped_app
2026-09-21T00:26:45.919637696Z     raise exc
2026-09-21T00:26:45.919639590Z   File "/usr/local/lib/python3.13/site-packages/starlette/_exception_handler.py", line 42, in wrapped_app
2026-09-21T00:26:45.919641523Z     await app(scope, receive, sender)
2026-09-21T00:26:45.919643437Z   File "/usr/local/lib/python3.13/site-packages/fastapi/middleware/asyncexitstack.py", line 18, in __call__
2026-09-21T00:26:45.919645331Z     await self.app(scope, receive, send)
2026-09-21T00:26:45.919647325Z   File "/usr/local/lib/python3.13/site-packages/starlette/routing.py", line 716, in __call__
2026-09-21T00:26:45.919649239Z     await self.middleware_stack(scope, receive, send)
2026-09-21T00:26:45.919651132Z   File "/usr/local/lib/python3.13/site-packages/starlette/routing.py", line 736, in app
2026-09-21T00:26:45.919653016Z     await route.handle(scope, receive, send)
2026-09-21T00:26:45.919654910Z   File "/usr/local/lib/python3.13/site-packages/starlette/routing.py", line 290, in handle
2026-09-21T00:26:45.919656924Z     await self.app(scope, receive, send)
2026-09-21T00:26:45.919658838Z   File "/usr/local/lib/python3.13/site-packages/fastapi/routing.py", line 134, in app
2026-09-21T00:26:45.919660721Z     await wrap_app_handling_exceptions(app, request)(scope, receive, send)
2026-09-21T00:26:45.919662605Z   File "/usr/local/lib/python3.13/site-packages/starlette/_exception_handler.py", line 53, in wrapped_app
2026-09-21T00:26:45.919664499Z     raise exc
2026-09-21T00:26:45.919666392Z   File "/usr/local/lib/python3.13/site-packages/starlette/_exception_handler.py", line 42, in wrapped_app
2026-09-21T00:26:45.919668286Z     await app(scope, receive, sender)
2026-09-21T00:26:45.919670190Z   File "/usr/local/lib/python3.13/site-packages/fastapi/routing.py", line 120, in app
2026-09-21T00:26:45.919675931Z     response = await f(request)
2026-09-21T00:26:45.919677935Z                ^^^^^^^^^^^^^^^^
2026-09-21T00:26:45.919679829Z   File "/usr/local/lib/python3.13/site-packages/fastapi/routing.py", line 674, in app
2026-09-21T00:26:45.919681723Z     raw_response = await run_endpoint_function(
2026-09-21T00:26:45.919683606Z                    ^^^^^^^^^^^^^^^^^^^^^^^^^^^^
2026-09-21T00:26:45.919686091Z     ...<3 lines>...
2026-09-21T00:26:45.919687995Z     )
2026-09-21T00:26:45.919689889Z     ^
2026-09-21T00:26:45.919691783Z   File "/usr/local/lib/python3.13/site-packages/fastapi/routing.py", line 330, in run_endpoint_function
2026-09-21T00:26:45.919693706Z     return await run_in_threadpool(dependant.call, **values)
2026-09-21T00:26:45.919695620Z            ^^^^^^^^^^^^^^^^^^^^^^^^^^^^^^^^^^^^^^^^^^^^^^^^^
2026-09-21T00:26:45.919699798Z   File "/usr/local/lib/python3.13/site-packages/starlette/concurrency.py", line 32, in run_in_threadpool
2026-09-21T00:26:45.919703686Z     return await anyio.to_thread.run_sync(func)
2026-09-21T00:26:45.919710550Z            ^^^^^^^^^^^^^^^^^^^^^^^^^^^^^^^^^^^^
2026-09-21T00:26:45.919712534Z   File "/usr/local/lib/python3.13/site-packages/anyio/to_thread.py", line 63, in run_sync
2026-09-21T00:26:45.919714437Z     return await get_async_backend().run_sync_in_worker_thread(
2026-09-21T00:26:45.919716391Z            ^^^^^^^^^^^^^^^^^^^^^^^^^^^^^^^^^^^^^^^^^^^^^^^^^^^^
2026-09-21T00:26:45.919718315Z         func, args, abandon_on_cancel=abandon_on_cancel, limiter=limiter
2026-09-21T00:26:45.919720239Z         ^^^^^^^^^^^^^^^^^^^^^^^^^^^^^^^^^^^^^^^^^^^^^^^^^^^^^^^^^^^^^^^^
2026-09-21T00:26:45.919722163Z     )
2026-09-21T00:26:45.919724086Z     ^
2026-09-21T00:26:45.919726010Z   File "/usr/local/lib/python3.13/site-packages/anyio/_backends/_asyncio.py", line 2518, in run_sync_in_worker_thread
2026-09-21T00:26:45.919727954Z     return await future
2026-09-21T00:26:45.919729858Z            ^^^^^^^^^^^^
2026-09-21T00:26:45.919731782Z   File "/usr/local/lib/python3.13/site-packages/anyio/_backends/_asyncio.py", line 1002, in run
2026-09-21T00:26:45.919733685Z     result = context.run(func, *args)
2026-09-21T00:26:45.919735599Z   File "/app/app/routers/orders.py", line 36, in checkout
2026-09-21T00:26:45.919737493Z     return create_order(
2026-09-21T00:26:45.919739467Z         db=db,
2026-09-21T00:26:45.919741401Z     ...<2 lines>...
2026-09-21T00:26:45.919743314Z         correlation_id=correlation_id,
2026-09-21T00:26:45.919745248Z     )
2026-09-21T00:26:45.919747212Z   File "/app/app/services/order_service.py", line 42, in create_order
2026-09-21T00:26:45.919749126Z     result = db.execute(
2026-09-21T00:26:45.919751050Z         select(ProductModel).where(ProductModel.id == product_id)
2026-09-21T00:26:45.919752973Z     )
2026-09-21T00:26:45.919754877Z   File "/usr/local/lib/python3.13/site-packages/sqlalchemy/orm/session.py", line 2372, in execute
2026-09-21T00:26:45.919756771Z     return self._execute_internal(
2026-09-21T00:26:45.919758685Z            ~~~~~~~~~~~~~~~~~~~~~~^
2026-09-21T00:26:45.919760578Z         statement,
2026-09-21T00:26:45.919762522Z         ^^^^^^^^^^
2026-09-21T00:26:45.919764426Z     ...<4 lines>...
2026-09-21T00:26:45.919766340Z         _add_event=_add_event,
2026-09-21T00:26:45.919768244Z         ^^^^^^^^^^^^^^^^^^^^^^
2026-09-21T00:26:45.919770137Z     )
2026-09-21T00:26:45.919772041Z     ^
2026-09-21T00:26:45.919773955Z   File "/usr/local/lib/python3.13/site-packages/sqlalchemy/orm/session.py", line 2260, in _execute_internal
2026-09-21T00:26:45.919775879Z     conn = self._connection_for_bind(bind)
2026-09-21T00:26:45.919777863Z   File "/usr/local/lib/python3.13/site-packages/sqlalchemy/orm/session.py", line 2112, in _connection_for_bind
2026-09-21T00:26:45.919779816Z     return trans._connection_for_bind(engine, execution_options)
2026-09-21T00:26:45.919781780Z            ~~~~~~~~~~~~~~~~~~~~~~~~~~^^^^^^^^^^^^^^^^^^^^^^^^^^^
2026-09-21T00:26:45.919783684Z   File "<string>", line 2, in _connection_for_bind
2026-09-21T00:26:45.919785578Z   File "/usr/local/lib/python3.13/site-packages/sqlalchemy/orm/state_changes.py", line 137, in _go
2026-09-21T00:26:45.919787492Z     ret_value = fn(self, *arg, **kw)
2026-09-21T00:26:45.919789395Z   File "/usr/local/lib/python3.13/site-packages/sqlalchemy/orm/session.py", line 1191, in _connection_for_bind
2026-09-21T00:26:45.919791309Z     conn = bind.connect()
2026-09-21T00:26:45.919793884Z   File "/usr/local/lib/python3.13/site-packages/opentelemetry/instrumentation/sqlalchemy/engine.py", line 200, in _wrap_connect_internal
2026-09-21T00:26:45.919795808Z     return func(*args, **kwargs)
2026-09-21T00:26:45.919802662Z   File "/usr/local/lib/python3.13/site-packages/sqlalchemy/engine/base.py", line 3295, in connect
2026-09-21T00:26:45.919804645Z     return self._connection_cls(self)
2026-09-21T00:26:45.919806549Z            ~~~~~~~~~~~~~~~~~~~~^^^^^^
2026-09-21T00:26:45.919808443Z   File "/usr/local/lib/python3.13/site-packages/sqlalchemy/engine/base.py", line 144, in __init__
2026-09-21T00:26:45.919812611Z     self._dbapi_connection = engine.raw_connection()
2026-09-21T00:26:45.919814535Z                              ~~~~~~~~~~~~~~~~~~~~~^^
2026-09-21T00:26:45.919816459Z   File "/usr/local/lib/python3.13/site-packages/sqlalchemy/engine/base.py", line 3319, in raw_connection
2026-09-21T00:26:45.919818373Z     return self.pool.connect()
2026-09-21T00:26:45.919820266Z            ~~~~~~~~~~~~~~~~~^^
2026-09-21T00:26:45.919822190Z   File "/usr/local/lib/python3.13/site-packages/sqlalchemy/pool/base.py", line 448, in connect
2026-09-21T00:26:45.919824084Z     return _ConnectionFairy._checkout(self)
2026-09-21T00:26:45.919825968Z            ~~~~~~~~~~~~~~~~~~~~~~~~~~^^^^^^
2026-09-21T00:26:45.919827861Z   File "/usr/local/lib/python3.13/site-packages/sqlalchemy/pool/base.py", line 1272, in _checkout
2026-09-21T00:26:45.919829825Z     fairy = _ConnectionRecord.checkout(pool)
2026-09-21T00:26:45.919831739Z   File "/usr/local/lib/python3.13/site-packages/sqlalchemy/pool/base.py", line 712, in checkout
2026-09-21T00:26:45.919833633Z     rec = pool._do_get()
2026-09-21T00:26:45.919835577Z   File "/usr/local/lib/python3.13/site-packages/sqlalchemy/pool/impl.py", line 167, in _do_get
2026-09-21T00:26:45.919837500Z     raise exc.TimeoutError(
2026-09-21T00:26:45.919839424Z     ...<4 lines>...
2026-09-21T00:26:45.919841348Z     )
2026-09-21T00:26:45.919843813Z sqlalchemy.exc.TimeoutError: QueuePool limit of size 5 overflow 10 reached, connection timed out, timeout 30.00 (Background on this error at: https://sqlalche.me/e/20/3o7r)
2026-09-21T00:26:46.057349419Z ERROR:    Exception in ASGI application
2026-09-21T00:26:46.057380490Z Traceback (most recent call last):
2026-09-21T00:26:46.057383486Z   File "/usr/local/lib/python3.13/site-packages/uvicorn/protocols/http/httptools_impl.py", line 421, in run_asgi
2026-09-21T00:26:46.057385971Z     result = await app(  # type: ignore[func-returns-value]
2026-09-21T00:26:46.057387885Z              ^^^^^^^^^^^^^^^^^^^^^^^^^^^^^^^^^^^^^^^^^^^^^^
2026-09-21T00:26:46.057389769Z         self.scope, self.receive, self.send
2026-09-21T00:26:46.057391652Z         ^^^^^^^^^^^^^^^^^^^^^^^^^^^^^^^^^^^
2026-09-21T00:26:46.057393556Z     )
2026-09-21T00:26:46.057395550Z     ^
2026-09-21T00:26:46.057397494Z   File "/usr/local/lib/python3.13/site-packages/uvicorn/middleware/proxy_headers.py", line 63, in __call__
2026-09-21T00:26:46.057399458Z     return await self.app(scope, receive, send)
2026-09-21T00:26:46.057401341Z            ^^^^^^^^^^^^^^^^^^^^^^^^^^^^^^^^^^^^
2026-09-21T00:26:46.057403706Z   File "/usr/local/lib/python3.13/site-packages/fastapi/applications.py", line 1159, in __call__
2026-09-21T00:26:46.057405580Z     await super().__call__(scope, receive, send)
2026-09-21T00:26:46.057407484Z   File "/usr/local/lib/python3.13/site-packages/starlette/applications.py", line 107, in __call__
2026-09-21T00:26:46.057409377Z     await self.middleware_stack(scope, receive, send)
2026-09-21T00:26:46.057411301Z   File "/usr/local/lib/python3.13/site-packages/starlette/middleware/errors.py", line 186, in __call__
2026-09-21T00:26:46.057413205Z     raise exc
2026-09-21T00:26:46.057415109Z   File "/usr/local/lib/python3.13/site-packages/starlette/middleware/errors.py", line 164, in __call__
2026-09-21T00:26:46.057417073Z     await self.app(scope, receive, _send)
2026-09-21T00:26:46.057437232Z   File "/usr/local/lib/python3.13/site-packages/opentelemetry/instrumentation/asgi/__init__.py", line 806, in __call__
2026-09-21T00:26:46.057439266Z     await self.app(scope, otel_receive, otel_send)
2026-09-21T00:26:46.057441190Z   File "/usr/local/lib/python3.13/site-packages/starlette/middleware/errors.py", line 186, in __call__
2026-09-21T00:26:46.057443094Z     raise exc
2026-09-21T00:26:46.057445038Z   File "/usr/local/lib/python3.13/site-packages/starlette/middleware/errors.py", line 164, in __call__
2026-09-21T00:26:46.057446931Z     await self.app(scope, receive, _send)
2026-09-21T00:26:46.057448885Z   File "/usr/local/lib/python3.13/site-packages/opentelemetry/instrumentation/fastapi/__init__.py", line 305, in __call__
2026-09-21T00:26:46.057451210Z     await self.app(scope, receive, send)
2026-09-21T00:26:46.057453174Z   File "/usr/local/lib/python3.13/site-packages/prometheus_fastapi_instrumentator/middleware.py", line 177, in __call__
2026-09-21T00:26:46.057455068Z     raise exc
2026-09-21T00:26:46.057456961Z   File "/usr/local/lib/python3.13/site-packages/prometheus_fastapi_instrumentator/middleware.py", line 175, in __call__
2026-09-21T00:26:46.057458845Z     await self.app(scope, receive, send_wrapper)
2026-09-21T00:26:46.057460739Z   File "/usr/local/lib/python3.13/site-packages/starlette/middleware/exceptions.py", line 63, in __call__
2026-09-21T00:26:46.057463304Z     await wrap_app_handling_exceptions(self.app, conn)(scope, receive, send)
2026-09-21T00:26:46.057465318Z   File "/usr/local/lib/python3.13/site-packages/starlette/_exception_handler.py", line 53, in wrapped_app
2026-09-21T00:26:46.057467191Z     raise exc
2026-09-21T00:26:46.057469085Z   File "/usr/local/lib/python3.13/site-packages/starlette/_exception_handler.py", line 42, in wrapped_app
2026-09-21T00:26:46.057470969Z     await app(scope, receive, sender)
2026-09-21T00:26:46.057472853Z   File "/usr/local/lib/python3.13/site-packages/fastapi/middleware/asyncexitstack.py", line 18, in __call__
2026-09-21T00:26:46.057474746Z     await self.app(scope, receive, send)
2026-09-21T00:26:46.057476670Z   File "/usr/local/lib/python3.13/site-packages/starlette/routing.py", line 716, in __call__
2026-09-21T00:26:46.057478554Z     await self.middleware_stack(scope, receive, send)
2026-09-21T00:26:46.057480448Z   File "/usr/local/lib/python3.13/site-packages/starlette/routing.py", line 736, in app
2026-09-21T00:26:46.057482331Z     await route.handle(scope, receive, send)
2026-09-21T00:26:46.057484225Z   File "/usr/local/lib/python3.13/site-packages/starlette/routing.py", line 290, in handle
2026-09-21T00:26:46.057486179Z     await self.app(scope, receive, send)
2026-09-21T00:26:46.057488243Z   File "/usr/local/lib/python3.13/site-packages/fastapi/routing.py", line 134, in app
2026-09-21T00:26:46.057490137Z     await wrap_app_handling_exceptions(app, request)(scope, receive, send)
2026-09-21T00:26:46.057492051Z   File "/usr/local/lib/python3.13/site-packages/starlette/_exception_handler.py", line 53, in wrapped_app
2026-09-21T00:26:46.057493934Z     raise exc
2026-09-21T00:26:46.057495818Z   File "/usr/local/lib/python3.13/site-packages/starlette/_exception_handler.py", line 42, in wrapped_app
2026-09-21T00:26:46.057497702Z     await app(scope, receive, sender)
2026-09-21T00:26:46.057507631Z   File "/usr/local/lib/python3.13/site-packages/fastapi/routing.py", line 120, in app
2026-09-21T00:26:46.057510146Z     response = await f(request)
2026-09-21T00:26:46.057512040Z                ^^^^^^^^^^^^^^^^
2026-09-21T00:26:46.057513934Z   File "/usr/local/lib/python3.13/site-packages/fastapi/routing.py", line 674, in app
2026-09-21T00:26:46.057515838Z     raw_response = await run_endpoint_function(
2026-09-21T00:26:46.057522471Z                    ^^^^^^^^^^^^^^^^^^^^^^^^^^^^
2026-09-21T00:26:46.057524996Z     ...<3 lines>...
2026-09-21T00:26:46.057527120Z     )
2026-09-21T00:26:46.057529034Z     ^
2026-09-21T00:26:46.057530977Z   File "/usr/local/lib/python3.13/site-packages/fastapi/routing.py", line 330, in run_endpoint_function
2026-09-21T00:26:46.057532861Z     return await run_in_threadpool(dependant.call, **values)
2026-09-21T00:26:46.057534775Z            ^^^^^^^^^^^^^^^^^^^^^^^^^^^^^^^^^^^^^^^^^^^^^^^^^
2026-09-21T00:26:46.057571487Z   File "/usr/local/lib/python3.13/site-packages/starlette/concurrency.py", line 32, in run_in_threadpool
2026-09-21T00:26:46.057576187Z     return await anyio.to_thread.run_sync(func)
2026-09-21T00:26:46.057578181Z            ^^^^^^^^^^^^^^^^^^^^^^^^^^^^^^^^^^^^
2026-09-21T00:26:46.057580074Z   File "/usr/local/lib/python3.13/site-packages/anyio/to_thread.py", line 63, in run_sync
2026-09-21T00:26:46.057582028Z     return await get_async_backend().run_sync_in_worker_thread(
2026-09-21T00:26:46.057583952Z            ^^^^^^^^^^^^^^^^^^^^^^^^^^^^^^^^^^^^^^^^^^^^^^^^^^^^
2026-09-21T00:26:46.057585846Z         func, args, abandon_on_cancel=abandon_on_cancel, limiter=limiter
2026-09-21T00:26:46.057587800Z         ^^^^^^^^^^^^^^^^^^^^^^^^^^^^^^^^^^^^^^^^^^^^^^^^^^^^^^^^^^^^^^^^
2026-09-21T00:26:46.057589723Z     )
2026-09-21T00:26:46.057591637Z     ^
2026-09-21T00:26:46.057593551Z   File "/usr/local/lib/python3.13/site-packages/anyio/_backends/_asyncio.py", line 2518, in run_sync_in_worker_thread
2026-09-21T00:26:46.057595445Z     return await future
2026-09-21T00:26:46.057597359Z            ^^^^^^^^^^^^
2026-09-21T00:26:46.057599252Z   File "/usr/local/lib/python3.13/site-packages/anyio/_backends/_asyncio.py", line 1002, in run
2026-09-21T00:26:46.057601156Z     result = context.run(func, *args)
2026-09-21T00:26:46.057603090Z   File "/app/app/routers/orders.py", line 36, in checkout
2026-09-21T00:26:46.057605014Z     return create_order(
2026-09-21T00:26:46.057606927Z         db=db,
2026-09-21T00:26:46.057608861Z     ...<2 lines>...
2026-09-21T00:26:46.057610785Z         correlation_id=correlation_id,
2026-09-21T00:26:46.057612759Z     )
2026-09-21T00:26:46.057616707Z   File "/app/app/services/order_service.py", line 42, in create_order
2026-09-21T00:26:46.057618681Z     result = db.execute(
2026-09-21T00:26:46.057620645Z         select(ProductModel).where(ProductModel.id == product_id)
2026-09-21T00:26:46.057622588Z     )
2026-09-21T00:26:46.057624492Z   File "/usr/local/lib/python3.13/site-packages/sqlalchemy/orm/session.py", line 2372, in execute
2026-09-21T00:26:46.057626396Z     return self._execute_internal(
2026-09-21T00:26:46.057628280Z            ~~~~~~~~~~~~~~~~~~~~~~^
2026-09-21T00:26:46.057630193Z         statement,
2026-09-21T00:26:46.057632117Z         ^^^^^^^^^^
2026-09-21T00:26:46.057634011Z     ...<4 lines>...
2026-09-21T00:26:46.057635935Z         _add_event=_add_event,
2026-09-21T00:26:46.057637838Z         ^^^^^^^^^^^^^^^^^^^^^^
2026-09-21T00:26:46.057639732Z     )
2026-09-21T00:26:46.057641616Z     ^
2026-09-21T00:26:46.057643520Z   File "/usr/local/lib/python3.13/site-packages/sqlalchemy/orm/session.py", line 2260, in _execute_internal
2026-09-21T00:26:46.057645433Z     conn = self._connection_for_bind(bind)
2026-09-21T00:26:46.057647377Z   File "/usr/local/lib/python3.13/site-packages/sqlalchemy/orm/session.py", line 2112, in _connection_for_bind
2026-09-21T00:26:46.057649291Z     return trans._connection_for_bind(engine, execution_options)
2026-09-21T00:26:46.057651215Z            ~~~~~~~~~~~~~~~~~~~~~~~~~~^^^^^^^^^^^^^^^^^^^^^^^^^^^
2026-09-21T00:26:46.057660984Z   File "<string>", line 2, in _connection_for_bind
2026-09-21T00:26:46.057662988Z   File "/usr/local/lib/python3.13/site-packages/sqlalchemy/orm/state_changes.py", line 137, in _go
2026-09-21T00:26:46.057664882Z     ret_value = fn(self, *arg, **kw)
2026-09-21T00:26:46.057666786Z   File "/usr/local/lib/python3.13/site-packages/sqlalchemy/orm/session.py", line 1191, in _connection_for_bind
2026-09-21T00:26:46.057668669Z     conn = bind.connect()
2026-09-21T00:26:46.057671505Z   File "/usr/local/lib/python3.13/site-packages/opentelemetry/instrumentation/sqlalchemy/engine.py", line 200, in _wrap_connect_internal
2026-09-21T00:26:46.057673419Z     return func(*args, **kwargs)
2026-09-21T00:26:46.057675353Z   File "/usr/local/lib/python3.13/site-packages/sqlalchemy/engine/base.py", line 3295, in connect
2026-09-21T00:26:46.057677236Z     return self._connection_cls(self)
2026-09-21T00:26:46.057679120Z            ~~~~~~~~~~~~~~~~~~~~^^^^^^
2026-09-21T00:26:46.057681044Z   File "/usr/local/lib/python3.13/site-packages/sqlalchemy/engine/base.py", line 144, in __init__
2026-09-21T00:26:46.057682918Z     self._dbapi_connection = engine.raw_connection()
2026-09-21T00:26:46.057684801Z                              ~~~~~~~~~~~~~~~~~~~~~^^
2026-09-21T00:26:46.057686695Z   File "/usr/local/lib/python3.13/site-packages/sqlalchemy/engine/base.py", line 3319, in raw_connection
2026-09-21T00:26:46.057688599Z     return self.pool.connect()
2026-09-21T00:26:46.057690502Z            ~~~~~~~~~~~~~~~~~^^
2026-09-21T00:26:46.057692396Z   File "/usr/local/lib/python3.13/site-packages/sqlalchemy/pool/base.py", line 448, in connect
2026-09-21T00:26:46.057694350Z     return _ConnectionFairy._checkout(self)
2026-09-21T00:26:46.057696234Z            ~~~~~~~~~~~~~~~~~~~~~~~~~~^^^^^^
2026-09-21T00:26:46.057698168Z   File "/usr/local/lib/python3.13/site-packages/sqlalchemy/pool/base.py", line 1272, in _checkout
2026-09-21T00:26:46.057700041Z     fairy = _ConnectionRecord.checkout(pool)
2026-09-21T00:26:46.057701935Z   File "/usr/local/lib/python3.13/site-packages/sqlalchemy/pool/base.py", line 712, in checkout
2026-09-21T00:26:46.057703809Z     rec = pool._do_get()
2026-09-21T00:26:46.057705743Z   File "/usr/local/lib/python3.13/site-packages/sqlalchemy/pool/impl.py", line 167, in _do_get
2026-09-21T00:26:46.057707616Z     raise exc.TimeoutError(
2026-09-21T00:26:46.057709500Z     ...<4 lines>...
2026-09-21T00:26:46.057711404Z     )
2026-09-21T00:26:46.057713809Z sqlalchemy.exc.TimeoutError: QueuePool limit of size 5 overflow 10 reached, connection timed out, timeout 30.00 (Background on this error at: https://sqlalche.me/e/20/3o7r)
2026-09-21T00:26:46.094245349Z ERROR:    Exception in ASGI application
2026-09-21T00:26:46.094278114Z Traceback (most recent call last):
2026-09-21T00:26:46.094280989Z   File "/usr/local/lib/python3.13/site-packages/uvicorn/protocols/http/httptools_impl.py", line 421, in run_asgi
2026-09-21T00:26:46.094283524Z     result = await app(  # type: ignore[func-returns-value]
2026-09-21T00:26:46.094285428Z              ^^^^^^^^^^^^^^^^^^^^^^^^^^^^^^^^^^^^^^^^^^^^^^
2026-09-21T00:26:46.094287833Z         self.scope, self.receive, self.send
2026-09-21T00:26:46.094289727Z         ^^^^^^^^^^^^^^^^^^^^^^^^^^^^^^^^^^^
2026-09-21T00:26:46.094291630Z     )
2026-09-21T00:26:46.094293584Z     ^
2026-09-21T00:26:46.094298785Z   File "/usr/local/lib/python3.13/site-packages/uvicorn/middleware/proxy_headers.py", line 63, in __call__
2026-09-21T00:26:46.094300829Z     return await self.app(scope, receive, send)
2026-09-21T00:26:46.094302802Z            ^^^^^^^^^^^^^^^^^^^^^^^^^^^^^^^^^^^^
2026-09-21T00:26:46.094305257Z   File "/usr/local/lib/python3.13/site-packages/fastapi/applications.py", line 1159, in __call__
2026-09-21T00:26:46.094325567Z     await super().__call__(scope, receive, send)
2026-09-21T00:26:46.094327561Z   File "/usr/local/lib/python3.13/site-packages/starlette/applications.py", line 107, in __call__
2026-09-21T00:26:46.094329515Z     await self.middleware_stack(scope, receive, send)
2026-09-21T00:26:46.094331399Z   File "/usr/local/lib/python3.13/site-packages/starlette/middleware/errors.py", line 186, in __call__
2026-09-21T00:26:46.094333323Z     raise exc
2026-09-21T00:26:46.094335267Z   File "/usr/local/lib/python3.13/site-packages/starlette/middleware/errors.py", line 164, in __call__
2026-09-21T00:26:46.094337160Z     await self.app(scope, receive, _send)
2026-09-21T00:26:46.094339555Z   File "/usr/local/lib/python3.13/site-packages/opentelemetry/instrumentation/asgi/__init__.py", line 806, in __call__
2026-09-21T00:26:46.094341479Z     await self.app(scope, otel_receive, otel_send)
2026-09-21T00:26:46.094343373Z   File "/usr/local/lib/python3.13/site-packages/starlette/middleware/errors.py", line 186, in __call__
2026-09-21T00:26:46.094345266Z     raise exc
2026-09-21T00:26:46.094347160Z   File "/usr/local/lib/python3.13/site-packages/starlette/middleware/errors.py", line 164, in __call__
2026-09-21T00:26:46.094349064Z     await self.app(scope, receive, _send)
2026-09-21T00:26:46.094350958Z   File "/usr/local/lib/python3.13/site-packages/opentelemetry/instrumentation/fastapi/__init__.py", line 305, in __call__
2026-09-21T00:26:46.094352851Z     await self.app(scope, receive, send)
2026-09-21T00:26:46.094354735Z   File "/usr/local/lib/python3.13/site-packages/prometheus_fastapi_instrumentator/middleware.py", line 177, in __call__
2026-09-21T00:26:46.094356609Z     raise exc
2026-09-21T00:26:46.094358482Z   File "/usr/local/lib/python3.13/site-packages/prometheus_fastapi_instrumentator/middleware.py", line 175, in __call__
2026-09-21T00:26:46.094360356Z     await self.app(scope, receive, send_wrapper)
2026-09-21T00:26:46.094362250Z   File "/usr/local/lib/python3.13/site-packages/starlette/middleware/exceptions.py", line 63, in __call__
2026-09-21T00:26:46.094364755Z     await wrap_app_handling_exceptions(self.app, conn)(scope, receive, send)
2026-09-21T00:26:46.094366649Z   File "/usr/local/lib/python3.13/site-packages/starlette/_exception_handler.py", line 53, in wrapped_app
2026-09-21T00:26:46.094368522Z     raise exc
2026-09-21T00:26:46.094370396Z   File "/usr/local/lib/python3.13/site-packages/starlette/_exception_handler.py", line 42, in wrapped_app
2026-09-21T00:26:46.094372260Z     await app(scope, receive, sender)
2026-09-21T00:26:46.094374153Z   File "/usr/local/lib/python3.13/site-packages/fastapi/middleware/asyncexitstack.py", line 18, in __call__
2026-09-21T00:26:46.094376037Z     await self.app(scope, receive, send)
2026-09-21T00:26:46.094377921Z   File "/usr/local/lib/python3.13/site-packages/starlette/routing.py", line 716, in __call__
2026-09-21T00:26:46.094379895Z     await self.middleware_stack(scope, receive, send)
2026-09-21T00:26:46.094381849Z   File "/usr/local/lib/python3.13/site-packages/starlette/routing.py", line 736, in app
2026-09-21T00:26:46.094383832Z     await route.handle(scope, receive, send)
2026-09-21T00:26:46.094385716Z   File "/usr/local/lib/python3.13/site-packages/starlette/routing.py", line 290, in handle
2026-09-21T00:26:46.094387590Z     await self.app(scope, receive, send)
2026-09-21T00:26:46.094389484Z   File "/usr/local/lib/python3.13/site-packages/fastapi/routing.py", line 134, in app
2026-09-21T00:26:46.094391367Z     await wrap_app_handling_exceptions(app, request)(scope, receive, send)
2026-09-21T00:26:46.094393251Z   File "/usr/local/lib/python3.13/site-packages/starlette/_exception_handler.py", line 53, in wrapped_app
2026-09-21T00:26:46.094400004Z     raise exc
2026-09-21T00:26:46.094401978Z   File "/usr/local/lib/python3.13/site-packages/starlette/_exception_handler.py", line 42, in wrapped_app
2026-09-21T00:26:46.094403872Z     await app(scope, receive, sender)
2026-09-21T00:26:46.094405766Z   File "/usr/local/lib/python3.13/site-packages/fastapi/routing.py", line 120, in app
2026-09-21T00:26:46.094408361Z     response = await f(request)
2026-09-21T00:26:46.094410265Z                ^^^^^^^^^^^^^^^^
2026-09-21T00:26:46.094412148Z   File "/usr/local/lib/python3.13/site-packages/fastapi/routing.py", line 674, in app
2026-09-21T00:26:46.094414042Z     raw_response = await run_endpoint_function(
2026-09-21T00:26:46.094415946Z                    ^^^^^^^^^^^^^^^^^^^^^^^^^^^^
2026-09-21T00:26:46.094420836Z     ...<3 lines>...
2026-09-21T00:26:46.094422809Z     )
2026-09-21T00:26:46.094424753Z     ^
2026-09-21T00:26:46.094426657Z   File "/usr/local/lib/python3.13/site-packages/fastapi/routing.py", line 330, in run_endpoint_function
2026-09-21T00:26:46.094428571Z     return await run_in_threadpool(dependant.call, **values)
2026-09-21T00:26:46.094430525Z            ^^^^^^^^^^^^^^^^^^^^^^^^^^^^^^^^^^^^^^^^^^^^^^^^^
2026-09-21T00:26:46.094462818Z   File "/usr/local/lib/python3.13/site-packages/starlette/concurrency.py", line 32, in run_in_threadpool
2026-09-21T00:26:46.094467448Z     return await anyio.to_thread.run_sync(func)
2026-09-21T00:26:46.094469421Z            ^^^^^^^^^^^^^^^^^^^^^^^^^^^^^^^^^^^^
2026-09-21T00:26:46.094471325Z   File "/usr/local/lib/python3.13/site-packages/anyio/to_thread.py", line 63, in run_sync
2026-09-21T00:26:46.094473229Z     return await get_async_backend().run_sync_in_worker_thread(
2026-09-21T00:26:46.094475133Z            ^^^^^^^^^^^^^^^^^^^^^^^^^^^^^^^^^^^^^^^^^^^^^^^^^^^^
2026-09-21T00:26:46.094477037Z         func, args, abandon_on_cancel=abandon_on_cancel, limiter=limiter
2026-09-21T00:26:46.094478930Z         ^^^^^^^^^^^^^^^^^^^^^^^^^^^^^^^^^^^^^^^^^^^^^^^^^^^^^^^^^^^^^^^^
2026-09-21T00:26:46.094480844Z     )
2026-09-21T00:26:46.094482798Z     ^
2026-09-21T00:26:46.094484832Z   File "/usr/local/lib/python3.13/site-packages/anyio/_backends/_asyncio.py", line 2518, in run_sync_in_worker_thread
2026-09-21T00:26:46.094486906Z     return await future
2026-09-21T00:26:46.094488800Z            ^^^^^^^^^^^^
2026-09-21T00:26:46.094490724Z   File "/usr/local/lib/python3.13/site-packages/anyio/_backends/_asyncio.py", line 1002, in run
2026-09-21T00:26:46.094492738Z     result = context.run(func, *args)
2026-09-21T00:26:46.094494651Z   File "/app/app/routers/orders.py", line 36, in checkout
2026-09-21T00:26:46.094496545Z     return create_order(
2026-09-21T00:26:46.094513599Z         db=db,
2026-09-21T00:26:46.094518398Z     ...<2 lines>...
2026-09-21T00:26:46.094520502Z         correlation_id=correlation_id,
2026-09-21T00:26:46.094522436Z     )
2026-09-21T00:26:46.094524360Z   File "/app/app/services/order_service.py", line 42, in create_order
2026-09-21T00:26:46.094526274Z     result = db.execute(
2026-09-21T00:26:46.094528157Z         select(ProductModel).where(ProductModel.id == product_id)
2026-09-21T00:26:46.094530041Z     )
2026-09-21T00:26:46.094531965Z   File "/usr/local/lib/python3.13/site-packages/sqlalchemy/orm/session.py", line 2372, in execute
2026-09-21T00:26:46.094533849Z     return self._execute_internal(
2026-09-21T00:26:46.094535732Z            ~~~~~~~~~~~~~~~~~~~~~~^
2026-09-21T00:26:46.094539811Z         statement,
2026-09-21T00:26:46.094541764Z         ^^^^^^^^^^
2026-09-21T00:26:46.094543748Z     ...<4 lines>...
2026-09-21T00:26:46.094545662Z         _add_event=_add_event,
2026-09-21T00:26:46.094555582Z         ^^^^^^^^^^^^^^^^^^^^^^
2026-09-21T00:26:46.094557556Z     )
2026-09-21T00:26:46.094559429Z     ^
2026-09-21T00:26:46.094561373Z   File "/usr/local/lib/python3.13/site-packages/sqlalchemy/orm/session.py", line 2260, in _execute_internal
2026-09-21T00:26:46.094563307Z     conn = self._connection_for_bind(bind)
2026-09-21T00:26:46.094565231Z   File "/usr/local/lib/python3.13/site-packages/sqlalchemy/orm/session.py", line 2112, in _connection_for_bind
2026-09-21T00:26:46.094567124Z     return trans._connection_for_bind(engine, execution_options)
2026-09-21T00:26:46.094569008Z            ~~~~~~~~~~~~~~~~~~~~~~~~~~^^^^^^^^^^^^^^^^^^^^^^^^^^^
2026-09-21T00:26:46.094570902Z   File "<string>", line 2, in _connection_for_bind
2026-09-21T00:26:46.094572896Z   File "/usr/local/lib/python3.13/site-packages/sqlalchemy/orm/state_changes.py", line 137, in _go
2026-09-21T00:26:46.094574810Z     ret_value = fn(self, *arg, **kw)
2026-09-21T00:26:46.094576703Z   File "/usr/local/lib/python3.13/site-packages/sqlalchemy/orm/session.py", line 1191, in _connection_for_bind
2026-09-21T00:26:46.094578607Z     conn = bind.connect()
2026-09-21T00:26:46.094581012Z   File "/usr/local/lib/python3.13/site-packages/opentelemetry/instrumentation/sqlalchemy/engine.py", line 200, in _wrap_connect_internal
2026-09-21T00:26:46.094582886Z     return func(*args, **kwargs)
2026-09-21T00:26:46.094584769Z   File "/usr/local/lib/python3.13/site-packages/sqlalchemy/engine/base.py", line 3295, in connect
2026-09-21T00:26:46.094704556Z     return self._connection_cls(self)
2026-09-21T00:26:46.094711870Z            ~~~~~~~~~~~~~~~~~~~~^^^^^^
2026-09-21T00:26:46.094716339Z   File "/usr/local/lib/python3.13/site-packages/sqlalchemy/engine/base.py", line 144, in __init__
2026-09-21T00:26:46.094720678Z     self._dbapi_connection = engine.raw_connection()
2026-09-21T00:26:46.094724996Z                              ~~~~~~~~~~~~~~~~~~~~~^^
2026-09-21T00:26:46.094729305Z   File "/usr/local/lib/python3.13/site-packages/sqlalchemy/engine/base.py", line 3319, in raw_connection
2026-09-21T00:26:46.094733623Z     return self.pool.connect()
2026-09-21T00:26:46.094737932Z            ~~~~~~~~~~~~~~~~~^^
2026-09-21T00:26:46.094742240Z   File "/usr/local/lib/python3.13/site-packages/sqlalchemy/pool/base.py", line 448, in connect
2026-09-21T00:26:46.094746779Z     return _ConnectionFairy._checkout(self)
2026-09-21T00:26:46.094751118Z            ~~~~~~~~~~~~~~~~~~~~~~~~~~^^^^^^
2026-09-21T00:26:46.094755456Z   File "/usr/local/lib/python3.13/site-packages/sqlalchemy/pool/base.py", line 1272, in _checkout
2026-09-21T00:26:46.094759835Z     fairy = _ConnectionRecord.checkout(pool)
2026-09-21T00:26:46.094764174Z   File "/usr/local/lib/python3.13/site-packages/sqlalchemy/pool/base.py", line 712, in checkout
2026-09-21T00:26:46.094768662Z     rec = pool._do_get()
2026-09-21T00:26:46.094773011Z   File "/usr/local/lib/python3.13/site-packages/sqlalchemy/pool/impl.py", line 167, in _do_get
2026-09-21T00:26:46.094777310Z     raise exc.TimeoutError(
2026-09-21T00:26:46.094781688Z     ...<4 lines>...
2026-09-21T00:26:46.094786047Z     )
2026-09-21T00:26:46.094791067Z sqlalchemy.exc.TimeoutError: QueuePool limit of size 5 overflow 10 reached, connection timed out, timeout 30.00 (Background on this error at: https://sqlalche.me/e/20/3o7r)
