timestamp,pod,pod_uid,app,phase,pod_ready,ready_containers,total_containers,restart_count,container_restarts,container_states,api_pod_count,worker_pod_count,gateway_pod_count,node,all_nodes_ready,node_states
2026-09-21T00:23:25.289Z,api-5974b5bb7-lqxg5,b7340985-75b6-4ee6-94ae-219edb88b3cb,api,Running,True,1,1,0,"{""api"": 0}","{""api"": ""running""}",1,1,1,desktop-control-plane,True,"{""desktop-control-plane"": true}"
2026-09-21T00:23:25.289Z,flash-sale-image-loader,d97aac4b-6036-49d3-84fa-1eb65b06be9d,,Succeeded,False,0,1,0,"{""flash-sale-image-loader"": 0}","{""flash-sale-image-loader"": ""terminated""}",1,1,1,desktop-control-plane,True,"{""desktop-control-plane"": true}"
2026-09-21T00:23:25.289Z,gateway-d5b8cd646-k2t2j,73e11660-27e2-4f01-af00-a676bdd92091,gateway,Running,True,1,1,1,"{""gateway"": 1}","{""gateway"": ""running""}",1,1,1,desktop-control-plane,True,"{""desktop-control-plane"": true}"
2026-09-21T00:23:25.289Z,jaeger-7cc9b664cc-dkxmr,5f30629b-2b5b-4fec-9f8e-dd3583fe5c69,jaeger,Running,True,1,1,0,"{""jaeger"": 0}","{""jaeger"": ""running""}",1,1,1,desktop-control-plane,True,"{""desktop-control-plane"": true}"
2026-09-21T00:23:25.289Z,otel-collector-7c765745bf-hnzqr,5640ea7c-d391-4d91-a081-fdee2e1b37db,otel-collector,Running,True,1,1,0,"{""otel-collector"": 0}","{""otel-collector"": ""running""}",1,1,1,desktop-control-plane,True,"{""desktop-control-plane"": true}"
2026-09-21T00:23:25.289Z,postgres-676cc4986c-6s5kh,42b5b5b1-da74-46d8-bf66-d12e14fa3676,postgres,Running,True,1,1,0,"{""postgres"": 0}","{""postgres"": ""running""}",1,1,1,desktop-control-plane,True,"{""desktop-control-plane"": true}"
2026-09-21T00:23:25.289Z,prometheus-59f5cf7468-fksrh,de98abcd-712d-4d81-8fb2-59b3011304c6,prometheus,Running,True,1,1,0,"{""prometheus"": 0}","{""prometheus"": ""running""}",1,1,1,desktop-control-plane,True,"{""desktop-control-plane"": true}"
2026-09-21T00:23:25.289Z,rabbitmq-5cdf8f76b7-kdf8p,f02b29f9-8329-460a-9c69-31b755066885,rabbitmq,Running,True,1,1,0,"{""rabbitmq"": 0}","{""rabbitmq"": ""running""}",1,1,1,desktop-control-plane,True,"{""desktop-control-plane"": true}"
2026-09-21T00:23:25.289Z,worker-5799d849c5-66d8m,8d0e460a-5d59-44a2-9b1b-ce0d6f27aa11,worker,Running,True,1,1,0,"{""worker"": 0}","{""worker"": ""running""}",1,1,1,desktop-control-plane,True,"{""desktop-control-plane"": true}"
2026-09-21T00:23:30.290Z,api-5974b5bb7-lqxg5,b7340985-75b6-4ee6-94ae-219edb88b3cb,api,Running,True,1,1,0,"{""api"": 0}","{""api"": ""running""}",1,1,1,desktop-control-plane,True,"{""desktop-control-plane"": true}"
2026-09-21T00:23:30.290Z,flash-sale-image-loader,d97aac4b-6036-49d3-84fa-1eb65b06be9d,,Succeeded,False,0,1,0,"{""flash-sale-image-loader"": 0}","{""flash-sale-image-loader"": ""terminated""}",1,1,1,desktop-control-plane,True,"{""desktop-control-plane"": true}"
2026-09-21T00:23:30.290Z,gateway-d5b8cd646-k2t2j,73e11660-27e2-4f01-af00-a676bdd92091,gateway,Running,True,1,1,1,"{""gateway"": 1}","{""gateway"": ""running""}",1,1,1,desktop-control-plane,True,"{""desktop-control-plane"": true}"
2026-09-21T00:23:30.290Z,jaeger-7cc9b664cc-dkxmr,5f30629b-2b5b-4fec-9f8e-dd3583fe5c69,jaeger,Running,True,1,1,0,"{""jaeger"": 0}","{""jaeger"": ""running""}",1,1,1,desktop-control-plane,True,"{""desktop-control-plane"": true}"
2026-09-21T00:23:30.290Z,otel-collector-7c765745bf-hnzqr,5640ea7c-d391-4d91-a081-fdee2e1b37db,otel-collector,Running,True,1,1,0,"{""otel-collector"": 0}","{""otel-collector"": ""running""}",1,1,1,desktop-control-plane,True,"{""desktop-control-plane"": true}"
2026-09-21T00:23:30.290Z,postgres-676cc4986c-6s5kh,42b5b5b1-da74-46d8-bf66-d12e14fa3676,postgres,Running,True,1,1,0,"{""postgres"": 0}","{""postgres"": ""running""}",1,1,1,desktop-control-plane,True,"{""desktop-control-plane"": true}"
2026-09-21T00:23:30.290Z,prometheus-59f5cf7468-fksrh,de98abcd-712d-4d81-8fb2-59b3011304c6,prometheus,Running,True,1,1,0,"{""prometheus"": 0}","{""prometheus"": ""running""}",1,1,1,desktop-control-plane,True,"{""desktop-control-plane"": true}"
2026-09-21T00:23:30.290Z,rabbitmq-5cdf8f76b7-kdf8p,f02b29f9-8329-460a-9c69-31b755066885,rabbitmq,Running,True,1,1,0,"{""rabbitmq"": 0}","{""rabbitmq"": ""running""}",1,1,1,desktop-control-plane,True,"{""desktop-control-plane"": true}"
2026-09-21T00:23:30.290Z,worker-5799d849c5-66d8m,8d0e460a-5d59-44a2-9b1b-ce0d6f27aa11,worker,Running,True,1,1,0,"{""worker"": 0}","{""worker"": ""running""}",1,1,1,desktop-control-plane,True,"{""desktop-control-plane"": true}"
2026-09-21T00:23:35.290Z,api-5974b5bb7-lqxg5,b7340985-75b6-4ee6-94ae-219edb88b3cb,api,Running,True,1,1,0,"{""api"": 0}","{""api"": ""running""}",1,1,1,desktop-control-plane,True,"{""desktop-control-plane"": true}"
2026-09-21T00:23:35.290Z,flash-sale-image-loader,d97aac4b-6036-49d3-84fa-1eb65b06be9d,,Succeeded,False,0,1,0,"{""flash-sale-image-loader"": 0}","{""flash-sale-image-loader"": ""terminated""}",1,1,1,desktop-control-plane,True,"{""desktop-control-plane"": true}"
2026-09-21T00:23:35.290Z,gateway-d5b8cd646-k2t2j,73e11660-27e2-4f01-af00-a676bdd92091,gateway,Running,True,1,1,1,"{""gateway"": 1}","{""gateway"": ""running""}",1,1,1,desktop-control-plane,True,"{""desktop-control-plane"": true}"
2026-09-21T00:23:35.290Z,jaeger-7cc9b664cc-dkxmr,5f30629b-2b5b-4fec-9f8e-dd3583fe5c69,jaeger,Running,True,1,1,0,"{""jaeger"": 0}","{""jaeger"": ""running""}",1,1,1,desktop-control-plane,True,"{""desktop-control-plane"": true}"
2026-09-21T00:23:35.290Z,otel-collector-7c765745bf-hnzqr,5640ea7c-d391-4d91-a081-fdee2e1b37db,otel-collector,Running,True,1,1,0,"{""otel-collector"": 0}","{""otel-collector"": ""running""}",1,1,1,desktop-control-plane,True,"{""desktop-control-plane"": true}"
2026-09-21T00:23:35.290Z,postgres-676cc4986c-6s5kh,42b5b5b1-da74-46d8-bf66-d12e14fa3676,postgres,Running,True,1,1,0,"{""postgres"": 0}","{""postgres"": ""running""}",1,1,1,desktop-control-plane,True,"{""desktop-control-plane"": true}"
2026-09-21T00:23:35.290Z,prometheus-59f5cf7468-fksrh,de98abcd-712d-4d81-8fb2-59b3011304c6,prometheus,Running,True,1,1,0,"{""prometheus"": 0}","{""prometheus"": ""running""}",1,1,1,desktop-control-plane,True,"{""desktop-control-plane"": true}"
2026-09-21T00:23:35.290Z,rabbitmq-5cdf8f76b7-kdf8p,f02b29f9-8329-460a-9c69-31b755066885,rabbitmq,Running,True,1,1,0,"{""rabbitmq"": 0}","{""rabbitmq"": ""running""}",1,1,1,desktop-control-plane,True,"{""desktop-control-plane"": true}"
2026-09-21T00:23:35.290Z,worker-5799d849c5-66d8m,8d0e460a-5d59-44a2-9b1b-ce0d6f27aa11,worker,Running,True,1,1,0,"{""worker"": 0}","{""worker"": ""running""}",1,1,1,desktop-control-plane,True,"{""desktop-control-plane"": true}"
2026-09-21T00:23:40.291Z,api-5974b5bb7-lqxg5,b7340985-75b6-4ee6-94ae-219edb88b3cb,api,Running,True,1,1,0,"{""api"": 0}","{""api"": ""running""}",1,1,1,desktop-control-plane,True,"{""desktop-control-plane"": true}"
2026-09-21T00:23:40.291Z,flash-sale-image-loader,d97aac4b-6036-49d3-84fa-1eb65b06be9d,,Succeeded,False,0,1,0,"{""flash-sale-image-loader"": 0}","{""flash-sale-image-loader"": ""terminated""}",1,1,1,desktop-control-plane,True,"{""desktop-control-plane"": true}"
2026-09-21T00:23:40.291Z,gateway-d5b8cd646-k2t2j,73e11660-27e2-4f01-af00-a676bdd92091,gateway,Running,True,1,1,1,"{""gateway"": 1}","{""gateway"": ""running""}",1,1,1,desktop-control-plane,True,"{""desktop-control-plane"": true}"
2026-09-21T00:23:40.291Z,jaeger-7cc9b664cc-dkxmr,5f30629b-2b5b-4fec-9f8e-dd3583fe5c69,jaeger,Running,True,1,1,0,"{""jaeger"": 0}","{""jaeger"": ""running""}",1,1,1,desktop-control-plane,True,"{""desktop-control-plane"": true}"
2026-09-21T00:23:40.291Z,otel-collector-7c765745bf-hnzqr,5640ea7c-d391-4d91-a081-fdee2e1b37db,otel-collector,Running,True,1,1,0,"{""otel-collector"": 0}","{""otel-collector"": ""running""}",1,1,1,desktop-control-plane,True,"{""desktop-control-plane"": true}"
2026-09-21T00:23:40.291Z,postgres-676cc4986c-6s5kh,42b5b5b1-da74-46d8-bf66-d12e14fa3676,postgres,Running,True,1,1,0,"{""postgres"": 0}","{""postgres"": ""running""}",1,1,1,desktop-control-plane,True,"{""desktop-control-plane"": true}"
2026-09-21T00:23:40.291Z,prometheus-59f5cf7468-fksrh,de98abcd-712d-4d81-8fb2-59b3011304c6,prometheus,Running,True,1,1,0,"{""prometheus"": 0}","{""prometheus"": ""running""}",1,1,1,desktop-control-plane,True,"{""desktop-control-plane"": true}"
2026-09-21T00:23:40.291Z,rabbitmq-5cdf8f76b7-kdf8p,f02b29f9-8329-460a-9c69-31b755066885,rabbitmq,Running,True,1,1,0,"{""rabbitmq"": 0}","{""rabbitmq"": ""running""}",1,1,1,desktop-control-plane,True,"{""desktop-control-plane"": true}"
2026-09-21T00:23:40.291Z,worker-5799d849c5-66d8m,8d0e460a-5d59-44a2-9b1b-ce0d6f27aa11,worker,Running,True,1,1,0,"{""worker"": 0}","{""worker"": ""running""}",1,1,1,desktop-control-plane,True,"{""desktop-control-plane"": true}"
2026-09-21T00:23:45.291Z,api-5974b5bb7-lqxg5,b7340985-75b6-4ee6-94ae-219edb88b3cb,api,Running,True,1,1,0,"{""api"": 0}","{""api"": ""running""}",1,1,1,desktop-control-plane,True,"{""desktop-control-plane"": true}"
2026-09-21T00:23:45.291Z,flash-sale-image-loader,d97aac4b-6036-49d3-84fa-1eb65b06be9d,,Succeeded,False,0,1,0,"{""flash-sale-image-loader"": 0}","{""flash-sale-image-loader"": ""terminated""}",1,1,1,desktop-control-plane,True,"{""desktop-control-plane"": true}"
2026-09-21T00:23:45.291Z,gateway-d5b8cd646-k2t2j,73e11660-27e2-4f01-af00-a676bdd92091,gateway,Running,True,1,1,1,"{""gateway"": 1}","{""gateway"": ""running""}",1,1,1,desktop-control-plane,True,"{""desktop-control-plane"": true}"
2026-09-21T00:23:45.291Z,jaeger-7cc9b664cc-dkxmr,5f30629b-2b5b-4fec-9f8e-dd3583fe5c69,jaeger,Running,True,1,1,0,"{""jaeger"": 0}","{""jaeger"": ""running""}",1,1,1,desktop-control-plane,True,"{""desktop-control-plane"": true}"
2026-09-21T00:23:45.291Z,otel-collector-7c765745bf-hnzqr,5640ea7c-d391-4d91-a081-fdee2e1b37db,otel-collector,Running,True,1,1,0,"{""otel-collector"": 0}","{""otel-collector"": ""running""}",1,1,1,desktop-control-plane,True,"{""desktop-control-plane"": true}"
2026-09-21T00:23:45.291Z,postgres-676cc4986c-6s5kh,42b5b5b1-da74-46d8-bf66-d12e14fa3676,postgres,Running,True,1,1,0,"{""postgres"": 0}","{""postgres"": ""running""}",1,1,1,desktop-control-plane,True,"{""desktop-control-plane"": true}"
2026-09-21T00:23:45.291Z,prometheus-59f5cf7468-fksrh,de98abcd-712d-4d81-8fb2-59b3011304c6,prometheus,Running,True,1,1,0,"{""prometheus"": 0}","{""prometheus"": ""running""}",1,1,1,desktop-control-plane,True,"{""desktop-control-plane"": true}"
2026-09-21T00:23:45.291Z,rabbitmq-5cdf8f76b7-kdf8p,f02b29f9-8329-460a-9c69-31b755066885,rabbitmq,Running,True,1,1,0,"{""rabbitmq"": 0}","{""rabbitmq"": ""running""}",1,1,1,desktop-control-plane,True,"{""desktop-control-plane"": true}"
2026-09-21T00:23:45.291Z,worker-5799d849c5-66d8m,8d0e460a-5d59-44a2-9b1b-ce0d6f27aa11,worker,Running,True,1,1,0,"{""worker"": 0}","{""worker"": ""running""}",1,1,1,desktop-control-plane,True,"{""desktop-control-plane"": true}"
2026-09-21T00:23:50.292Z,api-5974b5bb7-lqxg5,b7340985-75b6-4ee6-94ae-219edb88b3cb,api,Running,True,1,1,0,"{""api"": 0}","{""api"": ""running""}",1,1,1,desktop-control-plane,True,"{""desktop-control-plane"": true}"
2026-09-21T00:23:50.292Z,flash-sale-image-loader,d97aac4b-6036-49d3-84fa-1eb65b06be9d,,Succeeded,False,0,1,0,"{""flash-sale-image-loader"": 0}","{""flash-sale-image-loader"": ""terminated""}",1,1,1,desktop-control-plane,True,"{""desktop-control-plane"": true}"
2026-09-21T00:23:50.292Z,gateway-d5b8cd646-k2t2j,73e11660-27e2-4f01-af00-a676bdd92091,gateway,Running,True,1,1,1,"{""gateway"": 1}","{""gateway"": ""running""}",1,1,1,desktop-control-plane,True,"{""desktop-control-plane"": true}"
2026-09-21T00:23:50.292Z,jaeger-7cc9b664cc-dkxmr,5f30629b-2b5b-4fec-9f8e-dd3583fe5c69,jaeger,Running,True,1,1,0,"{""jaeger"": 0}","{""jaeger"": ""running""}",1,1,1,desktop-control-plane,True,"{""desktop-control-plane"": true}"
2026-09-21T00:23:50.292Z,otel-collector-7c765745bf-hnzqr,5640ea7c-d391-4d91-a081-fdee2e1b37db,otel-collector,Running,True,1,1,0,"{""otel-collector"": 0}","{""otel-collector"": ""running""}",1,1,1,desktop-control-plane,True,"{""desktop-control-plane"": true}"
2026-09-21T00:23:50.292Z,postgres-676cc4986c-6s5kh,42b5b5b1-da74-46d8-bf66-d12e14fa3676,postgres,Running,True,1,1,0,"{""postgres"": 0}","{""postgres"": ""running""}",1,1,1,desktop-control-plane,True,"{""desktop-control-plane"": true}"
2026-09-21T00:23:50.292Z,prometheus-59f5cf7468-fksrh,de98abcd-712d-4d81-8fb2-59b3011304c6,prometheus,Running,True,1,1,0,"{""prometheus"": 0}","{""prometheus"": ""running""}",1,1,1,desktop-control-plane,True,"{""desktop-control-plane"": true}"
2026-09-21T00:23:50.292Z,rabbitmq-5cdf8f76b7-kdf8p,f02b29f9-8329-460a-9c69-31b755066885,rabbitmq,Running,True,1,1,0,"{""rabbitmq"": 0}","{""rabbitmq"": ""running""}",1,1,1,desktop-control-plane,True,"{""desktop-control-plane"": true}"
2026-09-21T00:23:50.292Z,worker-5799d849c5-66d8m,8d0e460a-5d59-44a2-9b1b-ce0d6f27aa11,worker,Running,True,1,1,0,"{""worker"": 0}","{""worker"": ""running""}",1,1,1,desktop-control-plane,True,"{""desktop-control-plane"": true}"
2026-09-21T00:23:55.292Z,api-5974b5bb7-lqxg5,b7340985-75b6-4ee6-94ae-219edb88b3cb,api,Running,True,1,1,0,"{""api"": 0}","{""api"": ""running""}",1,1,1,desktop-control-plane,True,"{""desktop-control-plane"": true}"
2026-09-21T00:23:55.292Z,flash-sale-image-loader,d97aac4b-6036-49d3-84fa-1eb65b06be9d,,Succeeded,False,0,1,0,"{""flash-sale-image-loader"": 0}","{""flash-sale-image-loader"": ""terminated""}",1,1,1,desktop-control-plane,True,"{""desktop-control-plane"": true}"
2026-09-21T00:23:55.292Z,gateway-d5b8cd646-k2t2j,73e11660-27e2-4f01-af00-a676bdd92091,gateway,Running,True,1,1,1,"{""gateway"": 1}","{""gateway"": ""running""}",1,1,1,desktop-control-plane,True,"{""desktop-control-plane"": true}"
2026-09-21T00:23:55.292Z,jaeger-7cc9b664cc-dkxmr,5f30629b-2b5b-4fec-9f8e-dd3583fe5c69,jaeger,Running,True,1,1,0,"{""jaeger"": 0}","{""jaeger"": ""running""}",1,1,1,desktop-control-plane,True,"{""desktop-control-plane"": true}"
2026-09-21T00:23:55.292Z,otel-collector-7c765745bf-hnzqr,5640ea7c-d391-4d91-a081-fdee2e1b37db,otel-collector,Running,True,1,1,0,"{""otel-collector"": 0}","{""otel-collector"": ""running""}",1,1,1,desktop-control-plane,True,"{""desktop-control-plane"": true}"
2026-09-21T00:23:55.292Z,postgres-676cc4986c-6s5kh,42b5b5b1-da74-46d8-bf66-d12e14fa3676,postgres,Running,True,1,1,0,"{""postgres"": 0}","{""postgres"": ""running""}",1,1,1,desktop-control-plane,True,"{""desktop-control-plane"": true}"
2026-09-21T00:23:55.292Z,prometheus-59f5cf7468-fksrh,de98abcd-712d-4d81-8fb2-59b3011304c6,prometheus,Running,True,1,1,0,"{""prometheus"": 0}","{""prometheus"": ""running""}",1,1,1,desktop-control-plane,True,"{""desktop-control-plane"": true}"
2026-09-21T00:23:55.292Z,rabbitmq-5cdf8f76b7-kdf8p,f02b29f9-8329-460a-9c69-31b755066885,rabbitmq,Running,True,1,1,0,"{""rabbitmq"": 0}","{""rabbitmq"": ""running""}",1,1,1,desktop-control-plane,True,"{""desktop-control-plane"": true}"
2026-09-21T00:23:55.292Z,worker-5799d849c5-66d8m,8d0e460a-5d59-44a2-9b1b-ce0d6f27aa11,worker,Running,True,1,1,0,"{""worker"": 0}","{""worker"": ""running""}",1,1,1,desktop-control-plane,True,"{""desktop-control-plane"": true}"
2026-09-21T00:24:00.292Z,api-5974b5bb7-lqxg5,b7340985-75b6-4ee6-94ae-219edb88b3cb,api,Running,True,1,1,0,"{""api"": 0}","{""api"": ""running""}",1,1,1,desktop-control-plane,True,"{""desktop-control-plane"": true}"
2026-09-21T00:24:00.292Z,flash-sale-image-loader,d97aac4b-6036-49d3-84fa-1eb65b06be9d,,Succeeded,False,0,1,0,"{""flash-sale-image-loader"": 0}","{""flash-sale-image-loader"": ""terminated""}",1,1,1,desktop-control-plane,True,"{""desktop-control-plane"": true}"
2026-09-21T00:24:00.292Z,gateway-d5b8cd646-k2t2j,73e11660-27e2-4f01-af00-a676bdd92091,gateway,Running,True,1,1,1,"{""gateway"": 1}","{""gateway"": ""running""}",1,1,1,desktop-control-plane,True,"{""desktop-control-plane"": true}"
2026-09-21T00:24:00.292Z,jaeger-7cc9b664cc-dkxmr,5f30629b-2b5b-4fec-9f8e-dd3583fe5c69,jaeger,Running,True,1,1,0,"{""jaeger"": 0}","{""jaeger"": ""running""}",1,1,1,desktop-control-plane,True,"{""desktop-control-plane"": true}"
2026-09-21T00:24:00.292Z,otel-collector-7c765745bf-hnzqr,5640ea7c-d391-4d91-a081-fdee2e1b37db,otel-collector,Running,True,1,1,0,"{""otel-collector"": 0}","{""otel-collector"": ""running""}",1,1,1,desktop-control-plane,True,"{""desktop-control-plane"": true}"
2026-09-21T00:24:00.292Z,postgres-676cc4986c-6s5kh,42b5b5b1-da74-46d8-bf66-d12e14fa3676,postgres,Running,True,1,1,0,"{""postgres"": 0}","{""postgres"": ""running""}",1,1,1,desktop-control-plane,True,"{""desktop-control-plane"": true}"
2026-09-21T00:24:00.292Z,prometheus-59f5cf7468-fksrh,de98abcd-712d-4d81-8fb2-59b3011304c6,prometheus,Running,True,1,1,0,"{""prometheus"": 0}","{""prometheus"": ""running""}",1,1,1,desktop-control-plane,True,"{""desktop-control-plane"": true}"
2026-09-21T00:24:00.292Z,rabbitmq-5cdf8f76b7-kdf8p,f02b29f9-8329-460a-9c69-31b755066885,rabbitmq,Running,True,1,1,0,"{""rabbitmq"": 0}","{""rabbitmq"": ""running""}",1,1,1,desktop-control-plane,True,"{""desktop-control-plane"": true}"
2026-09-21T00:24:00.292Z,worker-5799d849c5-66d8m,8d0e460a-5d59-44a2-9b1b-ce0d6f27aa11,worker,Running,True,1,1,0,"{""worker"": 0}","{""worker"": ""running""}",1,1,1,desktop-control-plane,True,"{""desktop-control-plane"": true}"
2026-09-21T00:24:05.293Z,api-5974b5bb7-lqxg5,b7340985-75b6-4ee6-94ae-219edb88b3cb,api,Running,True,1,1,0,"{""api"": 0}","{""api"": ""running""}",1,1,1,desktop-control-plane,True,"{""desktop-control-plane"": true}"
2026-09-21T00:24:05.293Z,flash-sale-image-loader,d97aac4b-6036-49d3-84fa-1eb65b06be9d,,Succeeded,False,0,1,0,"{""flash-sale-image-loader"": 0}","{""flash-sale-image-loader"": ""terminated""}",1,1,1,desktop-control-plane,True,"{""desktop-control-plane"": true}"
2026-09-21T00:24:05.293Z,gateway-d5b8cd646-k2t2j,73e11660-27e2-4f01-af00-a676bdd92091,gateway,Running,True,1,1,1,"{""gateway"": 1}","{""gateway"": ""running""}",1,1,1,desktop-control-plane,True,"{""desktop-control-plane"": true}"
2026-09-21T00:24:05.293Z,jaeger-7cc9b664cc-dkxmr,5f30629b-2b5b-4fec-9f8e-dd3583fe5c69,jaeger,Running,True,1,1,0,"{""jaeger"": 0}","{""jaeger"": ""running""}",1,1,1,desktop-control-plane,True,"{""desktop-control-plane"": true}"
2026-09-21T00:24:05.293Z,otel-collector-7c765745bf-hnzqr,5640ea7c-d391-4d91-a081-fdee2e1b37db,otel-collector,Running,True,1,1,0,"{""otel-collector"": 0}","{""otel-collector"": ""running""}",1,1,1,desktop-control-plane,True,"{""desktop-control-plane"": true}"
2026-09-21T00:24:05.293Z,postgres-676cc4986c-6s5kh,42b5b5b1-da74-46d8-bf66-d12e14fa3676,postgres,Running,True,1,1,0,"{""postgres"": 0}","{""postgres"": ""running""}",1,1,1,desktop-control-plane,True,"{""desktop-control-plane"": true}"
2026-09-21T00:24:05.293Z,prometheus-59f5cf7468-fksrh,de98abcd-712d-4d81-8fb2-59b3011304c6,prometheus,Running,True,1,1,0,"{""prometheus"": 0}","{""prometheus"": ""running""}",1,1,1,desktop-control-plane,True,"{""desktop-control-plane"": true}"
2026-09-21T00:24:05.293Z,rabbitmq-5cdf8f76b7-kdf8p,f02b29f9-8329-460a-9c69-31b755066885,rabbitmq,Running,True,1,1,0,"{""rabbitmq"": 0}","{""rabbitmq"": ""running""}",1,1,1,desktop-control-plane,True,"{""desktop-control-plane"": true}"
2026-09-21T00:24:05.293Z,worker-5799d849c5-66d8m,8d0e460a-5d59-44a2-9b1b-ce0d6f27aa11,worker,Running,True,1,1,0,"{""worker"": 0}","{""worker"": ""running""}",1,1,1,desktop-control-plane,True,"{""desktop-control-plane"": true}"
2026-09-21T00:24:10.293Z,api-5974b5bb7-lqxg5,b7340985-75b6-4ee6-94ae-219edb88b3cb,api,Running,True,1,1,0,"{""api"": 0}","{""api"": ""running""}",1,1,1,desktop-control-plane,True,"{""desktop-control-plane"": true}"
2026-09-21T00:24:10.293Z,flash-sale-image-loader,d97aac4b-6036-49d3-84fa-1eb65b06be9d,,Succeeded,False,0,1,0,"{""flash-sale-image-loader"": 0}","{""flash-sale-image-loader"": ""terminated""}",1,1,1,desktop-control-plane,True,"{""desktop-control-plane"": true}"
2026-09-21T00:24:10.293Z,gateway-d5b8cd646-k2t2j,73e11660-27e2-4f01-af00-a676bdd92091,gateway,Running,True,1,1,1,"{""gateway"": 1}","{""gateway"": ""running""}",1,1,1,desktop-control-plane,True,"{""desktop-control-plane"": true}"
2026-09-21T00:24:10.293Z,jaeger-7cc9b664cc-dkxmr,5f30629b-2b5b-4fec-9f8e-dd3583fe5c69,jaeger,Running,True,1,1,0,"{""jaeger"": 0}","{""jaeger"": ""running""}",1,1,1,desktop-control-plane,True,"{""desktop-control-plane"": true}"
2026-09-21T00:24:10.293Z,otel-collector-7c765745bf-hnzqr,5640ea7c-d391-4d91-a081-fdee2e1b37db,otel-collector,Running,True,1,1,0,"{""otel-collector"": 0}","{""otel-collector"": ""running""}",1,1,1,desktop-control-plane,True,"{""desktop-control-plane"": true}"
2026-09-21T00:24:10.293Z,postgres-676cc4986c-6s5kh,42b5b5b1-da74-46d8-bf66-d12e14fa3676,postgres,Running,True,1,1,0,"{""postgres"": 0}","{""postgres"": ""running""}",1,1,1,desktop-control-plane,True,"{""desktop-control-plane"": true}"
2026-09-21T00:24:10.293Z,prometheus-59f5cf7468-fksrh,de98abcd-712d-4d81-8fb2-59b3011304c6,prometheus,Running,True,1,1,0,"{""prometheus"": 0}","{""prometheus"": ""running""}",1,1,1,desktop-control-plane,True,"{""desktop-control-plane"": true}"
2026-09-21T00:24:10.293Z,rabbitmq-5cdf8f76b7-kdf8p,f02b29f9-8329-460a-9c69-31b755066885,rabbitmq,Running,True,1,1,0,"{""rabbitmq"": 0}","{""rabbitmq"": ""running""}",1,1,1,desktop-control-plane,True,"{""desktop-control-plane"": true}"
2026-09-21T00:24:10.293Z,worker-5799d849c5-66d8m,8d0e460a-5d59-44a2-9b1b-ce0d6f27aa11,worker,Running,True,1,1,0,"{""worker"": 0}","{""worker"": ""running""}",1,1,1,desktop-control-plane,True,"{""desktop-control-plane"": true}"
2026-09-21T00:24:15.293Z,api-5974b5bb7-lqxg5,b7340985-75b6-4ee6-94ae-219edb88b3cb,api,Running,True,1,1,0,"{""api"": 0}","{""api"": ""running""}",1,1,1,desktop-control-plane,True,"{""desktop-control-plane"": true}"
2026-09-21T00:24:15.293Z,flash-sale-image-loader,d97aac4b-6036-49d3-84fa-1eb65b06be9d,,Succeeded,False,0,1,0,"{""flash-sale-image-loader"": 0}","{""flash-sale-image-loader"": ""terminated""}",1,1,1,desktop-control-plane,True,"{""desktop-control-plane"": true}"
2026-09-21T00:24:15.293Z,gateway-d5b8cd646-k2t2j,73e11660-27e2-4f01-af00-a676bdd92091,gateway,Running,True,1,1,1,"{""gateway"": 1}","{""gateway"": ""running""}",1,1,1,desktop-control-plane,True,"{""desktop-control-plane"": true}"
2026-09-21T00:24:15.293Z,jaeger-7cc9b664cc-dkxmr,5f30629b-2b5b-4fec-9f8e-dd3583fe5c69,jaeger,Running,True,1,1,0,"{""jaeger"": 0}","{""jaeger"": ""running""}",1,1,1,desktop-control-plane,True,"{""desktop-control-plane"": true}"
2026-09-21T00:24:15.293Z,otel-collector-7c765745bf-hnzqr,5640ea7c-d391-4d91-a081-fdee2e1b37db,otel-collector,Running,True,1,1,0,"{""otel-collector"": 0}","{""otel-collector"": ""running""}",1,1,1,desktop-control-plane,True,"{""desktop-control-plane"": true}"
2026-09-21T00:24:15.293Z,postgres-676cc4986c-6s5kh,42b5b5b1-da74-46d8-bf66-d12e14fa3676,postgres,Running,True,1,1,0,"{""postgres"": 0}","{""postgres"": ""running""}",1,1,1,desktop-control-plane,True,"{""desktop-control-plane"": true}"
2026-09-21T00:24:15.293Z,prometheus-59f5cf7468-fksrh,de98abcd-712d-4d81-8fb2-59b3011304c6,prometheus,Running,True,1,1,0,"{""prometheus"": 0}","{""prometheus"": ""running""}",1,1,1,desktop-control-plane,True,"{""desktop-control-plane"": true}"
2026-09-21T00:24:15.293Z,rabbitmq-5cdf8f76b7-kdf8p,f02b29f9-8329-460a-9c69-31b755066885,rabbitmq,Running,True,1,1,0,"{""rabbitmq"": 0}","{""rabbitmq"": ""running""}",1,1,1,desktop-control-plane,True,"{""desktop-control-plane"": true}"
2026-09-21T00:24:15.293Z,worker-5799d849c5-66d8m,8d0e460a-5d59-44a2-9b1b-ce0d6f27aa11,worker,Running,True,1,1,0,"{""worker"": 0}","{""worker"": ""running""}",1,1,1,desktop-control-plane,True,"{""desktop-control-plane"": true}"
2026-09-21T00:24:20.294Z,api-5974b5bb7-lqxg5,b7340985-75b6-4ee6-94ae-219edb88b3cb,api,Running,True,1,1,0,"{""api"": 0}","{""api"": ""running""}",1,1,1,desktop-control-plane,True,"{""desktop-control-plane"": true}"
2026-09-21T00:24:20.294Z,flash-sale-image-loader,d97aac4b-6036-49d3-84fa-1eb65b06be9d,,Succeeded,False,0,1,0,"{""flash-sale-image-loader"": 0}","{""flash-sale-image-loader"": ""terminated""}",1,1,1,desktop-control-plane,True,"{""desktop-control-plane"": true}"
2026-09-21T00:24:20.294Z,gateway-d5b8cd646-k2t2j,73e11660-27e2-4f01-af00-a676bdd92091,gateway,Running,True,1,1,1,"{""gateway"": 1}","{""gateway"": ""running""}",1,1,1,desktop-control-plane,True,"{""desktop-control-plane"": true}"
2026-09-21T00:24:20.294Z,jaeger-7cc9b664cc-dkxmr,5f30629b-2b5b-4fec-9f8e-dd3583fe5c69,jaeger,Running,True,1,1,0,"{""jaeger"": 0}","{""jaeger"": ""running""}",1,1,1,desktop-control-plane,True,"{""desktop-control-plane"": true}"
2026-09-21T00:24:20.294Z,otel-collector-7c765745bf-hnzqr,5640ea7c-d391-4d91-a081-fdee2e1b37db,otel-collector,Running,True,1,1,0,"{""otel-collector"": 0}","{""otel-collector"": ""running""}",1,1,1,desktop-control-plane,True,"{""desktop-control-plane"": true}"
2026-09-21T00:24:20.294Z,postgres-676cc4986c-6s5kh,42b5b5b1-da74-46d8-bf66-d12e14fa3676,postgres,Running,True,1,1,0,"{""postgres"": 0}","{""postgres"": ""running""}",1,1,1,desktop-control-plane,True,"{""desktop-control-plane"": true}"
2026-09-21T00:24:20.294Z,prometheus-59f5cf7468-fksrh,de98abcd-712d-4d81-8fb2-59b3011304c6,prometheus,Running,True,1,1,0,"{""prometheus"": 0}","{""prometheus"": ""running""}",1,1,1,desktop-control-plane,True,"{""desktop-control-plane"": true}"
2026-09-21T00:24:20.294Z,rabbitmq-5cdf8f76b7-kdf8p,f02b29f9-8329-460a-9c69-31b755066885,rabbitmq,Running,True,1,1,0,"{""rabbitmq"": 0}","{""rabbitmq"": ""running""}",1,1,1,desktop-control-plane,True,"{""desktop-control-plane"": true}"
2026-09-21T00:24:20.294Z,worker-5799d849c5-66d8m,8d0e460a-5d59-44a2-9b1b-ce0d6f27aa11,worker,Running,True,1,1,0,"{""worker"": 0}","{""worker"": ""running""}",1,1,1,desktop-control-plane,True,"{""desktop-control-plane"": true}"
2026-09-21T00:24:25.294Z,api-5974b5bb7-lqxg5,b7340985-75b6-4ee6-94ae-219edb88b3cb,api,Running,True,1,1,0,"{""api"": 0}","{""api"": ""running""}",1,1,1,desktop-control-plane,True,"{""desktop-control-plane"": true}"
2026-09-21T00:24:25.294Z,flash-sale-image-loader,d97aac4b-6036-49d3-84fa-1eb65b06be9d,,Succeeded,False,0,1,0,"{""flash-sale-image-loader"": 0}","{""flash-sale-image-loader"": ""terminated""}",1,1,1,desktop-control-plane,True,"{""desktop-control-plane"": true}"
2026-09-21T00:24:25.294Z,gateway-d5b8cd646-k2t2j,73e11660-27e2-4f01-af00-a676bdd92091,gateway,Running,True,1,1,1,"{""gateway"": 1}","{""gateway"": ""running""}",1,1,1,desktop-control-plane,True,"{""desktop-control-plane"": true}"
2026-09-21T00:24:25.294Z,jaeger-7cc9b664cc-dkxmr,5f30629b-2b5b-4fec-9f8e-dd3583fe5c69,jaeger,Running,True,1,1,0,"{""jaeger"": 0}","{""jaeger"": ""running""}",1,1,1,desktop-control-plane,True,"{""desktop-control-plane"": true}"
2026-09-21T00:24:25.294Z,otel-collector-7c765745bf-hnzqr,5640ea7c-d391-4d91-a081-fdee2e1b37db,otel-collector,Running,True,1,1,0,"{""otel-collector"": 0}","{""otel-collector"": ""running""}",1,1,1,desktop-control-plane,True,"{""desktop-control-plane"": true}"
2026-09-21T00:24:25.294Z,postgres-676cc4986c-6s5kh,42b5b5b1-da74-46d8-bf66-d12e14fa3676,postgres,Running,True,1,1,0,"{""postgres"": 0}","{""postgres"": ""running""}",1,1,1,desktop-control-plane,True,"{""desktop-control-plane"": true}"
2026-09-21T00:24:25.294Z,prometheus-59f5cf7468-fksrh,de98abcd-712d-4d81-8fb2-59b3011304c6,prometheus,Running,True,1,1,0,"{""prometheus"": 0}","{""prometheus"": ""running""}",1,1,1,desktop-control-plane,True,"{""desktop-control-plane"": true}"
2026-09-21T00:24:25.294Z,rabbitmq-5cdf8f76b7-kdf8p,f02b29f9-8329-460a-9c69-31b755066885,rabbitmq,Running,True,1,1,0,"{""rabbitmq"": 0}","{""rabbitmq"": ""running""}",1,1,1,desktop-control-plane,True,"{""desktop-control-plane"": true}"
2026-09-21T00:24:25.294Z,worker-5799d849c5-66d8m,8d0e460a-5d59-44a2-9b1b-ce0d6f27aa11,worker,Running,True,1,1,0,"{""worker"": 0}","{""worker"": ""running""}",1,1,1,desktop-control-plane,True,"{""desktop-control-plane"": true}"
2026-09-21T00:24:30.295Z,api-5974b5bb7-lqxg5,b7340985-75b6-4ee6-94ae-219edb88b3cb,api,Running,True,1,1,0,"{""api"": 0}","{""api"": ""running""}",1,1,1,desktop-control-plane,True,"{""desktop-control-plane"": true}"
2026-09-21T00:24:30.295Z,flash-sale-image-loader,d97aac4b-6036-49d3-84fa-1eb65b06be9d,,Succeeded,False,0,1,0,"{""flash-sale-image-loader"": 0}","{""flash-sale-image-loader"": ""terminated""}",1,1,1,desktop-control-plane,True,"{""desktop-control-plane"": true}"
2026-09-21T00:24:30.295Z,gateway-d5b8cd646-k2t2j,73e11660-27e2-4f01-af00-a676bdd92091,gateway,Running,True,1,1,1,"{""gateway"": 1}","{""gateway"": ""running""}",1,1,1,desktop-control-plane,True,"{""desktop-control-plane"": true}"
2026-09-21T00:24:30.295Z,jaeger-7cc9b664cc-dkxmr,5f30629b-2b5b-4fec-9f8e-dd3583fe5c69,jaeger,Running,True,1,1,0,"{""jaeger"": 0}","{""jaeger"": ""running""}",1,1,1,desktop-control-plane,True,"{""desktop-control-plane"": true}"
2026-09-21T00:24:30.295Z,k6-c3-run-3-mtmcl,a307f31b-ee20-44ae-a1ea-7a8ce1aebe98,k6,Running,True,1,1,0,"{""k6"": 0}","{""k6"": ""running""}",1,1,1,desktop-control-plane,True,"{""desktop-control-plane"": true}"
2026-09-21T00:24:30.295Z,otel-collector-7c765745bf-hnzqr,5640ea7c-d391-4d91-a081-fdee2e1b37db,otel-collector,Running,True,1,1,0,"{""otel-collector"": 0}","{""otel-collector"": ""running""}",1,1,1,desktop-control-plane,True,"{""desktop-control-plane"": true}"
2026-09-21T00:24:30.295Z,postgres-676cc4986c-6s5kh,42b5b5b1-da74-46d8-bf66-d12e14fa3676,postgres,Running,True,1,1,0,"{""postgres"": 0}","{""postgres"": ""running""}",1,1,1,desktop-control-plane,True,"{""desktop-control-plane"": true}"
2026-09-21T00:24:30.295Z,prometheus-59f5cf7468-fksrh,de98abcd-712d-4d81-8fb2-59b3011304c6,prometheus,Running,True,1,1,0,"{""prometheus"": 0}","{""prometheus"": ""running""}",1,1,1,desktop-control-plane,True,"{""desktop-control-plane"": true}"
2026-09-21T00:24:30.295Z,rabbitmq-5cdf8f76b7-kdf8p,f02b29f9-8329-460a-9c69-31b755066885,rabbitmq,Running,True,1,1,0,"{""rabbitmq"": 0}","{""rabbitmq"": ""running""}",1,1,1,desktop-control-plane,True,"{""desktop-control-plane"": true}"
2026-09-21T00:24:30.295Z,worker-5799d849c5-66d8m,8d0e460a-5d59-44a2-9b1b-ce0d6f27aa11,worker,Running,True,1,1,0,"{""worker"": 0}","{""worker"": ""running""}",1,1,1,desktop-control-plane,True,"{""desktop-control-plane"": true}"
2026-09-21T00:24:35.295Z,api-5974b5bb7-lqxg5,b7340985-75b6-4ee6-94ae-219edb88b3cb,api,Running,True,1,1,0,"{""api"": 0}","{""api"": ""running""}",1,1,1,desktop-control-plane,True,"{""desktop-control-plane"": true}"
2026-09-21T00:24:35.295Z,flash-sale-image-loader,d97aac4b-6036-49d3-84fa-1eb65b06be9d,,Succeeded,False,0,1,0,"{""flash-sale-image-loader"": 0}","{""flash-sale-image-loader"": ""terminated""}",1,1,1,desktop-control-plane,True,"{""desktop-control-plane"": true}"
2026-09-21T00:24:35.295Z,gateway-d5b8cd646-k2t2j,73e11660-27e2-4f01-af00-a676bdd92091,gateway,Running,True,1,1,1,"{""gateway"": 1}","{""gateway"": ""running""}",1,1,1,desktop-control-plane,True,"{""desktop-control-plane"": true}"
2026-09-21T00:24:35.295Z,jaeger-7cc9b664cc-dkxmr,5f30629b-2b5b-4fec-9f8e-dd3583fe5c69,jaeger,Running,True,1,1,0,"{""jaeger"": 0}","{""jaeger"": ""running""}",1,1,1,desktop-control-plane,True,"{""desktop-control-plane"": true}"
2026-09-21T00:24:35.295Z,k6-c3-run-3-mtmcl,a307f31b-ee20-44ae-a1ea-7a8ce1aebe98,k6,Running,True,1,1,0,"{""k6"": 0}","{""k6"": ""running""}",1,1,1,desktop-control-plane,True,"{""desktop-control-plane"": true}"
2026-09-21T00:24:35.295Z,otel-collector-7c765745bf-hnzqr,5640ea7c-d391-4d91-a081-fdee2e1b37db,otel-collector,Running,True,1,1,0,"{""otel-collector"": 0}","{""otel-collector"": ""running""}",1,1,1,desktop-control-plane,True,"{""desktop-control-plane"": true}"
2026-09-21T00:24:35.295Z,postgres-676cc4986c-6s5kh,42b5b5b1-da74-46d8-bf66-d12e14fa3676,postgres,Running,True,1,1,0,"{""postgres"": 0}","{""postgres"": ""running""}",1,1,1,desktop-control-plane,True,"{""desktop-control-plane"": true}"
2026-09-21T00:24:35.295Z,prometheus-59f5cf7468-fksrh,de98abcd-712d-4d81-8fb2-59b3011304c6,prometheus,Running,True,1,1,0,"{""prometheus"": 0}","{""prometheus"": ""running""}",1,1,1,desktop-control-plane,True,"{""desktop-control-plane"": true}"
2026-09-21T00:24:35.295Z,rabbitmq-5cdf8f76b7-kdf8p,f02b29f9-8329-460a-9c69-31b755066885,rabbitmq,Running,True,1,1,0,"{""rabbitmq"": 0}","{""rabbitmq"": ""running""}",1,1,1,desktop-control-plane,True,"{""desktop-control-plane"": true}"
2026-09-21T00:24:35.295Z,worker-5799d849c5-66d8m,8d0e460a-5d59-44a2-9b1b-ce0d6f27aa11,worker,Running,True,1,1,0,"{""worker"": 0}","{""worker"": ""running""}",1,1,1,desktop-control-plane,True,"{""desktop-control-plane"": true}"
2026-09-21T00:24:40.296Z,api-5974b5bb7-lqxg5,b7340985-75b6-4ee6-94ae-219edb88b3cb,api,Running,True,1,1,0,"{""api"": 0}","{""api"": ""running""}",1,1,1,desktop-control-plane,True,"{""desktop-control-plane"": true}"
2026-09-21T00:24:40.296Z,flash-sale-image-loader,d97aac4b-6036-49d3-84fa-1eb65b06be9d,,Succeeded,False,0,1,0,"{""flash-sale-image-loader"": 0}","{""flash-sale-image-loader"": ""terminated""}",1,1,1,desktop-control-plane,True,"{""desktop-control-plane"": true}"
2026-09-21T00:24:40.296Z,gateway-d5b8cd646-k2t2j,73e11660-27e2-4f01-af00-a676bdd92091,gateway,Running,True,1,1,1,"{""gateway"": 1}","{""gateway"": ""running""}",1,1,1,desktop-control-plane,True,"{""desktop-control-plane"": true}"
2026-09-21T00:24:40.296Z,jaeger-7cc9b664cc-dkxmr,5f30629b-2b5b-4fec-9f8e-dd3583fe5c69,jaeger,Running,True,1,1,0,"{""jaeger"": 0}","{""jaeger"": ""running""}",1,1,1,desktop-control-plane,True,"{""desktop-control-plane"": true}"
2026-09-21T00:24:40.296Z,k6-c3-run-3-mtmcl,a307f31b-ee20-44ae-a1ea-7a8ce1aebe98,k6,Running,True,1,1,0,"{""k6"": 0}","{""k6"": ""running""}",1,1,1,desktop-control-plane,True,"{""desktop-control-plane"": true}"
2026-09-21T00:24:40.296Z,otel-collector-7c765745bf-hnzqr,5640ea7c-d391-4d91-a081-fdee2e1b37db,otel-collector,Running,True,1,1,0,"{""otel-collector"": 0}","{""otel-collector"": ""running""}",1,1,1,desktop-control-plane,True,"{""desktop-control-plane"": true}"
2026-09-21T00:24:40.296Z,postgres-676cc4986c-6s5kh,42b5b5b1-da74-46d8-bf66-d12e14fa3676,postgres,Running,True,1,1,0,"{""postgres"": 0}","{""postgres"": ""running""}",1,1,1,desktop-control-plane,True,"{""desktop-control-plane"": true}"
2026-09-21T00:24:40.296Z,prometheus-59f5cf7468-fksrh,de98abcd-712d-4d81-8fb2-59b3011304c6,prometheus,Running,True,1,1,0,"{""prometheus"": 0}","{""prometheus"": ""running""}",1,1,1,desktop-control-plane,True,"{""desktop-control-plane"": true}"
2026-09-21T00:24:40.296Z,rabbitmq-5cdf8f76b7-kdf8p,f02b29f9-8329-460a-9c69-31b755066885,rabbitmq,Running,True,1,1,0,"{""rabbitmq"": 0}","{""rabbitmq"": ""running""}",1,1,1,desktop-control-plane,True,"{""desktop-control-plane"": true}"
2026-09-21T00:24:40.296Z,worker-5799d849c5-66d8m,8d0e460a-5d59-44a2-9b1b-ce0d6f27aa11,worker,Running,True,1,1,0,"{""worker"": 0}","{""worker"": ""running""}",1,1,1,desktop-control-plane,True,"{""desktop-control-plane"": true}"
2026-09-21T00:24:45.296Z,api-5974b5bb7-lqxg5,b7340985-75b6-4ee6-94ae-219edb88b3cb,api,Running,True,1,1,0,"{""api"": 0}","{""api"": ""running""}",1,1,1,desktop-control-plane,True,"{""desktop-control-plane"": true}"
2026-09-21T00:24:45.296Z,flash-sale-image-loader,d97aac4b-6036-49d3-84fa-1eb65b06be9d,,Succeeded,False,0,1,0,"{""flash-sale-image-loader"": 0}","{""flash-sale-image-loader"": ""terminated""}",1,1,1,desktop-control-plane,True,"{""desktop-control-plane"": true}"
2026-09-21T00:24:45.296Z,gateway-d5b8cd646-k2t2j,73e11660-27e2-4f01-af00-a676bdd92091,gateway,Running,True,1,1,1,"{""gateway"": 1}","{""gateway"": ""running""}",1,1,1,desktop-control-plane,True,"{""desktop-control-plane"": true}"
2026-09-21T00:24:45.296Z,jaeger-7cc9b664cc-dkxmr,5f30629b-2b5b-4fec-9f8e-dd3583fe5c69,jaeger,Running,True,1,1,0,"{""jaeger"": 0}","{""jaeger"": ""running""}",1,1,1,desktop-control-plane,True,"{""desktop-control-plane"": true}"
2026-09-21T00:24:45.296Z,k6-c3-run-3-mtmcl,a307f31b-ee20-44ae-a1ea-7a8ce1aebe98,k6,Running,True,1,1,0,"{""k6"": 0}","{""k6"": ""running""}",1,1,1,desktop-control-plane,True,"{""desktop-control-plane"": true}"
2026-09-21T00:24:45.296Z,otel-collector-7c765745bf-hnzqr,5640ea7c-d391-4d91-a081-fdee2e1b37db,otel-collector,Running,True,1,1,0,"{""otel-collector"": 0}","{""otel-collector"": ""running""}",1,1,1,desktop-control-plane,True,"{""desktop-control-plane"": true}"
2026-09-21T00:24:45.296Z,postgres-676cc4986c-6s5kh,42b5b5b1-da74-46d8-bf66-d12e14fa3676,postgres,Running,True,1,1,0,"{""postgres"": 0}","{""postgres"": ""running""}",1,1,1,desktop-control-plane,True,"{""desktop-control-plane"": true}"
2026-09-21T00:24:45.296Z,prometheus-59f5cf7468-fksrh,de98abcd-712d-4d81-8fb2-59b3011304c6,prometheus,Running,True,1,1,0,"{""prometheus"": 0}","{""prometheus"": ""running""}",1,1,1,desktop-control-plane,True,"{""desktop-control-plane"": true}"
2026-09-21T00:24:45.296Z,rabbitmq-5cdf8f76b7-kdf8p,f02b29f9-8329-460a-9c69-31b755066885,rabbitmq,Running,True,1,1,0,"{""rabbitmq"": 0}","{""rabbitmq"": ""running""}",1,1,1,desktop-control-plane,True,"{""desktop-control-plane"": true}"
2026-09-21T00:24:45.296Z,worker-5799d849c5-66d8m,8d0e460a-5d59-44a2-9b1b-ce0d6f27aa11,worker,Running,True,1,1,0,"{""worker"": 0}","{""worker"": ""running""}",1,1,1,desktop-control-plane,True,"{""desktop-control-plane"": true}"
2026-09-21T00:24:50.297Z,api-5974b5bb7-lqxg5,b7340985-75b6-4ee6-94ae-219edb88b3cb,api,Running,True,1,1,0,"{""api"": 0}","{""api"": ""running""}",1,1,1,desktop-control-plane,True,"{""desktop-control-plane"": true}"
2026-09-21T00:24:50.297Z,flash-sale-image-loader,d97aac4b-6036-49d3-84fa-1eb65b06be9d,,Succeeded,False,0,1,0,"{""flash-sale-image-loader"": 0}","{""flash-sale-image-loader"": ""terminated""}",1,1,1,desktop-control-plane,True,"{""desktop-control-plane"": true}"
2026-09-21T00:24:50.297Z,gateway-d5b8cd646-k2t2j,73e11660-27e2-4f01-af00-a676bdd92091,gateway,Running,True,1,1,1,"{""gateway"": 1}","{""gateway"": ""running""}",1,1,1,desktop-control-plane,True,"{""desktop-control-plane"": true}"
2026-09-21T00:24:50.297Z,jaeger-7cc9b664cc-dkxmr,5f30629b-2b5b-4fec-9f8e-dd3583fe5c69,jaeger,Running,True,1,1,0,"{""jaeger"": 0}","{""jaeger"": ""running""}",1,1,1,desktop-control-plane,True,"{""desktop-control-plane"": true}"
2026-09-21T00:24:50.297Z,k6-c3-run-3-mtmcl,a307f31b-ee20-44ae-a1ea-7a8ce1aebe98,k6,Running,True,1,1,0,"{""k6"": 0}","{""k6"": ""running""}",1,1,1,desktop-control-plane,True,"{""desktop-control-plane"": true}"
2026-09-21T00:24:50.297Z,otel-collector-7c765745bf-hnzqr,5640ea7c-d391-4d91-a081-fdee2e1b37db,otel-collector,Running,True,1,1,0,"{""otel-collector"": 0}","{""otel-collector"": ""running""}",1,1,1,desktop-control-plane,True,"{""desktop-control-plane"": true}"
2026-09-21T00:24:50.297Z,postgres-676cc4986c-6s5kh,42b5b5b1-da74-46d8-bf66-d12e14fa3676,postgres,Running,True,1,1,0,"{""postgres"": 0}","{""postgres"": ""running""}",1,1,1,desktop-control-plane,True,"{""desktop-control-plane"": true}"
2026-09-21T00:24:50.297Z,prometheus-59f5cf7468-fksrh,de98abcd-712d-4d81-8fb2-59b3011304c6,prometheus,Running,True,1,1,0,"{""prometheus"": 0}","{""prometheus"": ""running""}",1,1,1,desktop-control-plane,True,"{""desktop-control-plane"": true}"
2026-09-21T00:24:50.297Z,rabbitmq-5cdf8f76b7-kdf8p,f02b29f9-8329-460a-9c69-31b755066885,rabbitmq,Running,True,1,1,0,"{""rabbitmq"": 0}","{""rabbitmq"": ""running""}",1,1,1,desktop-control-plane,True,"{""desktop-control-plane"": true}"
2026-09-21T00:24:50.297Z,worker-5799d849c5-66d8m,8d0e460a-5d59-44a2-9b1b-ce0d6f27aa11,worker,Running,True,1,1,0,"{""worker"": 0}","{""worker"": ""running""}",1,1,1,desktop-control-plane,True,"{""desktop-control-plane"": true}"
2026-09-21T00:24:55.297Z,api-5974b5bb7-lqxg5,b7340985-75b6-4ee6-94ae-219edb88b3cb,api,Running,True,1,1,0,"{""api"": 0}","{""api"": ""running""}",1,1,1,desktop-control-plane,True,"{""desktop-control-plane"": true}"
2026-09-21T00:24:55.297Z,flash-sale-image-loader,d97aac4b-6036-49d3-84fa-1eb65b06be9d,,Succeeded,False,0,1,0,"{""flash-sale-image-loader"": 0}","{""flash-sale-image-loader"": ""terminated""}",1,1,1,desktop-control-plane,True,"{""desktop-control-plane"": true}"
2026-09-21T00:24:55.297Z,gateway-d5b8cd646-k2t2j,73e11660-27e2-4f01-af00-a676bdd92091,gateway,Running,True,1,1,1,"{""gateway"": 1}","{""gateway"": ""running""}",1,1,1,desktop-control-plane,True,"{""desktop-control-plane"": true}"
2026-09-21T00:24:55.297Z,jaeger-7cc9b664cc-dkxmr,5f30629b-2b5b-4fec-9f8e-dd3583fe5c69,jaeger,Running,True,1,1,0,"{""jaeger"": 0}","{""jaeger"": ""running""}",1,1,1,desktop-control-plane,True,"{""desktop-control-plane"": true}"
2026-09-21T00:24:55.297Z,k6-c3-run-3-mtmcl,a307f31b-ee20-44ae-a1ea-7a8ce1aebe98,k6,Running,True,1,1,0,"{""k6"": 0}","{""k6"": ""running""}",1,1,1,desktop-control-plane,True,"{""desktop-control-plane"": true}"
2026-09-21T00:24:55.297Z,otel-collector-7c765745bf-hnzqr,5640ea7c-d391-4d91-a081-fdee2e1b37db,otel-collector,Running,True,1,1,0,"{""otel-collector"": 0}","{""otel-collector"": ""running""}",1,1,1,desktop-control-plane,True,"{""desktop-control-plane"": true}"
2026-09-21T00:24:55.297Z,postgres-676cc4986c-6s5kh,42b5b5b1-da74-46d8-bf66-d12e14fa3676,postgres,Running,True,1,1,0,"{""postgres"": 0}","{""postgres"": ""running""}",1,1,1,desktop-control-plane,True,"{""desktop-control-plane"": true}"
2026-09-21T00:24:55.297Z,prometheus-59f5cf7468-fksrh,de98abcd-712d-4d81-8fb2-59b3011304c6,prometheus,Running,True,1,1,0,"{""prometheus"": 0}","{""prometheus"": ""running""}",1,1,1,desktop-control-plane,True,"{""desktop-control-plane"": true}"
2026-09-21T00:24:55.297Z,rabbitmq-5cdf8f76b7-kdf8p,f02b29f9-8329-460a-9c69-31b755066885,rabbitmq,Running,True,1,1,0,"{""rabbitmq"": 0}","{""rabbitmq"": ""running""}",1,1,1,desktop-control-plane,True,"{""desktop-control-plane"": true}"
2026-09-21T00:24:55.297Z,worker-5799d849c5-66d8m,8d0e460a-5d59-44a2-9b1b-ce0d6f27aa11,worker,Running,True,1,1,0,"{""worker"": 0}","{""worker"": ""running""}",1,1,1,desktop-control-plane,True,"{""desktop-control-plane"": true}"
2026-09-21T00:25:00.297Z,api-5974b5bb7-lqxg5,b7340985-75b6-4ee6-94ae-219edb88b3cb,api,Running,True,1,1,0,"{""api"": 0}","{""api"": ""running""}",1,1,1,desktop-control-plane,True,"{""desktop-control-plane"": true}"
2026-09-21T00:25:00.297Z,flash-sale-image-loader,d97aac4b-6036-49d3-84fa-1eb65b06be9d,,Succeeded,False,0,1,0,"{""flash-sale-image-loader"": 0}","{""flash-sale-image-loader"": ""terminated""}",1,1,1,desktop-control-plane,True,"{""desktop-control-plane"": true}"
2026-09-21T00:25:00.297Z,gateway-d5b8cd646-k2t2j,73e11660-27e2-4f01-af00-a676bdd92091,gateway,Running,True,1,1,1,"{""gateway"": 1}","{""gateway"": ""running""}",1,1,1,desktop-control-plane,True,"{""desktop-control-plane"": true}"
2026-09-21T00:25:00.297Z,jaeger-7cc9b664cc-dkxmr,5f30629b-2b5b-4fec-9f8e-dd3583fe5c69,jaeger,Running,True,1,1,0,"{""jaeger"": 0}","{""jaeger"": ""running""}",1,1,1,desktop-control-plane,True,"{""desktop-control-plane"": true}"
2026-09-21T00:25:00.297Z,k6-c3-run-3-mtmcl,a307f31b-ee20-44ae-a1ea-7a8ce1aebe98,k6,Running,True,1,1,0,"{""k6"": 0}","{""k6"": ""running""}",1,1,1,desktop-control-plane,True,"{""desktop-control-plane"": true}"
2026-09-21T00:25:00.297Z,otel-collector-7c765745bf-hnzqr,5640ea7c-d391-4d91-a081-fdee2e1b37db,otel-collector,Running,True,1,1,0,"{""otel-collector"": 0}","{""otel-collector"": ""running""}",1,1,1,desktop-control-plane,True,"{""desktop-control-plane"": true}"
2026-09-21T00:25:00.297Z,postgres-676cc4986c-6s5kh,42b5b5b1-da74-46d8-bf66-d12e14fa3676,postgres,Running,True,1,1,0,"{""postgres"": 0}","{""postgres"": ""running""}",1,1,1,desktop-control-plane,True,"{""desktop-control-plane"": true}"
2026-09-21T00:25:00.297Z,prometheus-59f5cf7468-fksrh,de98abcd-712d-4d81-8fb2-59b3011304c6,prometheus,Running,True,1,1,0,"{""prometheus"": 0}","{""prometheus"": ""running""}",1,1,1,desktop-control-plane,True,"{""desktop-control-plane"": true}"
2026-09-21T00:25:00.297Z,rabbitmq-5cdf8f76b7-kdf8p,f02b29f9-8329-460a-9c69-31b755066885,rabbitmq,Running,True,1,1,0,"{""rabbitmq"": 0}","{""rabbitmq"": ""running""}",1,1,1,desktop-control-plane,True,"{""desktop-control-plane"": true}"
2026-09-21T00:25:00.297Z,worker-5799d849c5-66d8m,8d0e460a-5d59-44a2-9b1b-ce0d6f27aa11,worker,Running,True,1,1,0,"{""worker"": 0}","{""worker"": ""running""}",1,1,1,desktop-control-plane,True,"{""desktop-control-plane"": true}"
2026-09-21T00:25:05.298Z,api-5974b5bb7-lqxg5,b7340985-75b6-4ee6-94ae-219edb88b3cb,api,Running,True,1,1,0,"{""api"": 0}","{""api"": ""running""}",1,1,1,desktop-control-plane,True,"{""desktop-control-plane"": true}"
2026-09-21T00:25:05.298Z,flash-sale-image-loader,d97aac4b-6036-49d3-84fa-1eb65b06be9d,,Succeeded,False,0,1,0,"{""flash-sale-image-loader"": 0}","{""flash-sale-image-loader"": ""terminated""}",1,1,1,desktop-control-plane,True,"{""desktop-control-plane"": true}"
2026-09-21T00:25:05.298Z,gateway-d5b8cd646-k2t2j,73e11660-27e2-4f01-af00-a676bdd92091,gateway,Running,True,1,1,1,"{""gateway"": 1}","{""gateway"": ""running""}",1,1,1,desktop-control-plane,True,"{""desktop-control-plane"": true}"
2026-09-21T00:25:05.298Z,jaeger-7cc9b664cc-dkxmr,5f30629b-2b5b-4fec-9f8e-dd3583fe5c69,jaeger,Running,True,1,1,0,"{""jaeger"": 0}","{""jaeger"": ""running""}",1,1,1,desktop-control-plane,True,"{""desktop-control-plane"": true}"
2026-09-21T00:25:05.298Z,k6-c3-run-3-mtmcl,a307f31b-ee20-44ae-a1ea-7a8ce1aebe98,k6,Running,True,1,1,0,"{""k6"": 0}","{""k6"": ""running""}",1,1,1,desktop-control-plane,True,"{""desktop-control-plane"": true}"
2026-09-21T00:25:05.298Z,otel-collector-7c765745bf-hnzqr,5640ea7c-d391-4d91-a081-fdee2e1b37db,otel-collector,Running,True,1,1,0,"{""otel-collector"": 0}","{""otel-collector"": ""running""}",1,1,1,desktop-control-plane,True,"{""desktop-control-plane"": true}"
2026-09-21T00:25:05.298Z,postgres-676cc4986c-6s5kh,42b5b5b1-da74-46d8-bf66-d12e14fa3676,postgres,Running,True,1,1,0,"{""postgres"": 0}","{""postgres"": ""running""}",1,1,1,desktop-control-plane,True,"{""desktop-control-plane"": true}"
2026-09-21T00:25:05.298Z,prometheus-59f5cf7468-fksrh,de98abcd-712d-4d81-8fb2-59b3011304c6,prometheus,Running,True,1,1,0,"{""prometheus"": 0}","{""prometheus"": ""running""}",1,1,1,desktop-control-plane,True,"{""desktop-control-plane"": true}"
2026-09-21T00:25:05.298Z,rabbitmq-5cdf8f76b7-kdf8p,f02b29f9-8329-460a-9c69-31b755066885,rabbitmq,Running,True,1,1,0,"{""rabbitmq"": 0}","{""rabbitmq"": ""running""}",1,1,1,desktop-control-plane,True,"{""desktop-control-plane"": true}"
2026-09-21T00:25:05.298Z,worker-5799d849c5-66d8m,8d0e460a-5d59-44a2-9b1b-ce0d6f27aa11,worker,Running,True,1,1,0,"{""worker"": 0}","{""worker"": ""running""}",1,1,1,desktop-control-plane,True,"{""desktop-control-plane"": true}"
2026-09-21T00:25:10.298Z,api-5974b5bb7-lqxg5,b7340985-75b6-4ee6-94ae-219edb88b3cb,api,Running,True,1,1,0,"{""api"": 0}","{""api"": ""running""}",1,1,1,desktop-control-plane,True,"{""desktop-control-plane"": true}"
2026-09-21T00:25:10.298Z,flash-sale-image-loader,d97aac4b-6036-49d3-84fa-1eb65b06be9d,,Succeeded,False,0,1,0,"{""flash-sale-image-loader"": 0}","{""flash-sale-image-loader"": ""terminated""}",1,1,1,desktop-control-plane,True,"{""desktop-control-plane"": true}"
2026-09-21T00:25:10.298Z,gateway-d5b8cd646-k2t2j,73e11660-27e2-4f01-af00-a676bdd92091,gateway,Running,True,1,1,1,"{""gateway"": 1}","{""gateway"": ""running""}",1,1,1,desktop-control-plane,True,"{""desktop-control-plane"": true}"
2026-09-21T00:25:10.298Z,jaeger-7cc9b664cc-dkxmr,5f30629b-2b5b-4fec-9f8e-dd3583fe5c69,jaeger,Running,True,1,1,0,"{""jaeger"": 0}","{""jaeger"": ""running""}",1,1,1,desktop-control-plane,True,"{""desktop-control-plane"": true}"
2026-09-21T00:25:10.298Z,k6-c3-run-3-mtmcl,a307f31b-ee20-44ae-a1ea-7a8ce1aebe98,k6,Running,True,1,1,0,"{""k6"": 0}","{""k6"": ""running""}",1,1,1,desktop-control-plane,True,"{""desktop-control-plane"": true}"
2026-09-21T00:25:10.298Z,otel-collector-7c765745bf-hnzqr,5640ea7c-d391-4d91-a081-fdee2e1b37db,otel-collector,Running,True,1,1,0,"{""otel-collector"": 0}","{""otel-collector"": ""running""}",1,1,1,desktop-control-plane,True,"{""desktop-control-plane"": true}"
2026-09-21T00:25:10.298Z,postgres-676cc4986c-6s5kh,42b5b5b1-da74-46d8-bf66-d12e14fa3676,postgres,Running,True,1,1,0,"{""postgres"": 0}","{""postgres"": ""running""}",1,1,1,desktop-control-plane,True,"{""desktop-control-plane"": true}"
2026-09-21T00:25:10.298Z,prometheus-59f5cf7468-fksrh,de98abcd-712d-4d81-8fb2-59b3011304c6,prometheus,Running,True,1,1,0,"{""prometheus"": 0}","{""prometheus"": ""running""}",1,1,1,desktop-control-plane,True,"{""desktop-control-plane"": true}"
2026-09-21T00:25:10.298Z,rabbitmq-5cdf8f76b7-kdf8p,f02b29f9-8329-460a-9c69-31b755066885,rabbitmq,Running,True,1,1,0,"{""rabbitmq"": 0}","{""rabbitmq"": ""running""}",1,1,1,desktop-control-plane,True,"{""desktop-control-plane"": true}"
2026-09-21T00:25:10.298Z,worker-5799d849c5-66d8m,8d0e460a-5d59-44a2-9b1b-ce0d6f27aa11,worker,Running,True,1,1,0,"{""worker"": 0}","{""worker"": ""running""}",1,1,1,desktop-control-plane,True,"{""desktop-control-plane"": true}"
2026-09-21T00:25:15.299Z,api-5974b5bb7-lqxg5,b7340985-75b6-4ee6-94ae-219edb88b3cb,api,Running,True,1,1,0,"{""api"": 0}","{""api"": ""running""}",1,1,1,desktop-control-plane,True,"{""desktop-control-plane"": true}"
2026-09-21T00:25:15.299Z,flash-sale-image-loader,d97aac4b-6036-49d3-84fa-1eb65b06be9d,,Succeeded,False,0,1,0,"{""flash-sale-image-loader"": 0}","{""flash-sale-image-loader"": ""terminated""}",1,1,1,desktop-control-plane,True,"{""desktop-control-plane"": true}"
2026-09-21T00:25:15.299Z,gateway-d5b8cd646-k2t2j,73e11660-27e2-4f01-af00-a676bdd92091,gateway,Running,True,1,1,1,"{""gateway"": 1}","{""gateway"": ""running""}",1,1,1,desktop-control-plane,True,"{""desktop-control-plane"": true}"
2026-09-21T00:25:15.299Z,jaeger-7cc9b664cc-dkxmr,5f30629b-2b5b-4fec-9f8e-dd3583fe5c69,jaeger,Running,True,1,1,0,"{""jaeger"": 0}","{""jaeger"": ""running""}",1,1,1,desktop-control-plane,True,"{""desktop-control-plane"": true}"
2026-09-21T00:25:15.299Z,k6-c3-run-3-mtmcl,a307f31b-ee20-44ae-a1ea-7a8ce1aebe98,k6,Running,True,1,1,0,"{""k6"": 0}","{""k6"": ""running""}",1,1,1,desktop-control-plane,True,"{""desktop-control-plane"": true}"
2026-09-21T00:25:15.299Z,otel-collector-7c765745bf-hnzqr,5640ea7c-d391-4d91-a081-fdee2e1b37db,otel-collector,Running,True,1,1,0,"{""otel-collector"": 0}","{""otel-collector"": ""running""}",1,1,1,desktop-control-plane,True,"{""desktop-control-plane"": true}"
2026-09-21T00:25:15.299Z,postgres-676cc4986c-6s5kh,42b5b5b1-da74-46d8-bf66-d12e14fa3676,postgres,Running,True,1,1,0,"{""postgres"": 0}","{""postgres"": ""running""}",1,1,1,desktop-control-plane,True,"{""desktop-control-plane"": true}"
2026-09-21T00:25:15.299Z,prometheus-59f5cf7468-fksrh,de98abcd-712d-4d81-8fb2-59b3011304c6,prometheus,Running,True,1,1,0,"{""prometheus"": 0}","{""prometheus"": ""running""}",1,1,1,desktop-control-plane,True,"{""desktop-control-plane"": true}"
2026-09-21T00:25:15.299Z,rabbitmq-5cdf8f76b7-kdf8p,f02b29f9-8329-460a-9c69-31b755066885,rabbitmq,Running,True,1,1,0,"{""rabbitmq"": 0}","{""rabbitmq"": ""running""}",1,1,1,desktop-control-plane,True,"{""desktop-control-plane"": true}"
2026-09-21T00:25:15.299Z,worker-5799d849c5-66d8m,8d0e460a-5d59-44a2-9b1b-ce0d6f27aa11,worker,Running,True,1,1,0,"{""worker"": 0}","{""worker"": ""running""}",1,1,1,desktop-control-plane,True,"{""desktop-control-plane"": true}"
2026-09-21T00:25:20.299Z,api-5974b5bb7-lqxg5,b7340985-75b6-4ee6-94ae-219edb88b3cb,api,Running,True,1,1,0,"{""api"": 0}","{""api"": ""running""}",1,1,1,desktop-control-plane,True,"{""desktop-control-plane"": true}"
2026-09-21T00:25:20.299Z,flash-sale-image-loader,d97aac4b-6036-49d3-84fa-1eb65b06be9d,,Succeeded,False,0,1,0,"{""flash-sale-image-loader"": 0}","{""flash-sale-image-loader"": ""terminated""}",1,1,1,desktop-control-plane,True,"{""desktop-control-plane"": true}"
2026-09-21T00:25:20.299Z,gateway-d5b8cd646-k2t2j,73e11660-27e2-4f01-af00-a676bdd92091,gateway,Running,True,1,1,1,"{""gateway"": 1}","{""gateway"": ""running""}",1,1,1,desktop-control-plane,True,"{""desktop-control-plane"": true}"
2026-09-21T00:25:20.299Z,jaeger-7cc9b664cc-dkxmr,5f30629b-2b5b-4fec-9f8e-dd3583fe5c69,jaeger,Running,True,1,1,0,"{""jaeger"": 0}","{""jaeger"": ""running""}",1,1,1,desktop-control-plane,True,"{""desktop-control-plane"": true}"
2026-09-21T00:25:20.299Z,k6-c3-run-3-mtmcl,a307f31b-ee20-44ae-a1ea-7a8ce1aebe98,k6,Running,True,1,1,0,"{""k6"": 0}","{""k6"": ""running""}",1,1,1,desktop-control-plane,True,"{""desktop-control-plane"": true}"
2026-09-21T00:25:20.299Z,otel-collector-7c765745bf-hnzqr,5640ea7c-d391-4d91-a081-fdee2e1b37db,otel-collector,Running,True,1,1,0,"{""otel-collector"": 0}","{""otel-collector"": ""running""}",1,1,1,desktop-control-plane,True,"{""desktop-control-plane"": true}"
2026-09-21T00:25:20.299Z,postgres-676cc4986c-6s5kh,42b5b5b1-da74-46d8-bf66-d12e14fa3676,postgres,Running,True,1,1,0,"{""postgres"": 0}","{""postgres"": ""running""}",1,1,1,desktop-control-plane,True,"{""desktop-control-plane"": true}"
2026-09-21T00:25:20.299Z,prometheus-59f5cf7468-fksrh,de98abcd-712d-4d81-8fb2-59b3011304c6,prometheus,Running,True,1,1,0,"{""prometheus"": 0}","{""prometheus"": ""running""}",1,1,1,desktop-control-plane,True,"{""desktop-control-plane"": true}"
2026-09-21T00:25:20.299Z,rabbitmq-5cdf8f76b7-kdf8p,f02b29f9-8329-460a-9c69-31b755066885,rabbitmq,Running,True,1,1,0,"{""rabbitmq"": 0}","{""rabbitmq"": ""running""}",1,1,1,desktop-control-plane,True,"{""desktop-control-plane"": true}"
2026-09-21T00:25:20.299Z,worker-5799d849c5-66d8m,8d0e460a-5d59-44a2-9b1b-ce0d6f27aa11,worker,Running,True,1,1,0,"{""worker"": 0}","{""worker"": ""running""}",1,1,1,desktop-control-plane,True,"{""desktop-control-plane"": true}"
2026-09-21T00:25:25.299Z,api-5974b5bb7-lqxg5,b7340985-75b6-4ee6-94ae-219edb88b3cb,api,Running,True,1,1,0,"{""api"": 0}","{""api"": ""running""}",1,1,1,desktop-control-plane,True,"{""desktop-control-plane"": true}"
2026-09-21T00:25:25.299Z,flash-sale-image-loader,d97aac4b-6036-49d3-84fa-1eb65b06be9d,,Succeeded,False,0,1,0,"{""flash-sale-image-loader"": 0}","{""flash-sale-image-loader"": ""terminated""}",1,1,1,desktop-control-plane,True,"{""desktop-control-plane"": true}"
2026-09-21T00:25:25.299Z,gateway-d5b8cd646-k2t2j,73e11660-27e2-4f01-af00-a676bdd92091,gateway,Running,True,1,1,1,"{""gateway"": 1}","{""gateway"": ""running""}",1,1,1,desktop-control-plane,True,"{""desktop-control-plane"": true}"
2026-09-21T00:25:25.299Z,jaeger-7cc9b664cc-dkxmr,5f30629b-2b5b-4fec-9f8e-dd3583fe5c69,jaeger,Running,True,1,1,0,"{""jaeger"": 0}","{""jaeger"": ""running""}",1,1,1,desktop-control-plane,True,"{""desktop-control-plane"": true}"
2026-09-21T00:25:25.299Z,k6-c3-run-3-mtmcl,a307f31b-ee20-44ae-a1ea-7a8ce1aebe98,k6,Running,True,1,1,0,"{""k6"": 0}","{""k6"": ""running""}",1,1,1,desktop-control-plane,True,"{""desktop-control-plane"": true}"
2026-09-21T00:25:25.299Z,otel-collector-7c765745bf-hnzqr,5640ea7c-d391-4d91-a081-fdee2e1b37db,otel-collector,Running,True,1,1,0,"{""otel-collector"": 0}","{""otel-collector"": ""running""}",1,1,1,desktop-control-plane,True,"{""desktop-control-plane"": true}"
2026-09-21T00:25:25.299Z,postgres-676cc4986c-6s5kh,42b5b5b1-da74-46d8-bf66-d12e14fa3676,postgres,Running,True,1,1,0,"{""postgres"": 0}","{""postgres"": ""running""}",1,1,1,desktop-control-plane,True,"{""desktop-control-plane"": true}"
2026-09-21T00:25:25.299Z,prometheus-59f5cf7468-fksrh,de98abcd-712d-4d81-8fb2-59b3011304c6,prometheus,Running,True,1,1,0,"{""prometheus"": 0}","{""prometheus"": ""running""}",1,1,1,desktop-control-plane,True,"{""desktop-control-plane"": true}"
2026-09-21T00:25:25.299Z,rabbitmq-5cdf8f76b7-kdf8p,f02b29f9-8329-460a-9c69-31b755066885,rabbitmq,Running,True,1,1,0,"{""rabbitmq"": 0}","{""rabbitmq"": ""running""}",1,1,1,desktop-control-plane,True,"{""desktop-control-plane"": true}"
2026-09-21T00:25:25.299Z,worker-5799d849c5-66d8m,8d0e460a-5d59-44a2-9b1b-ce0d6f27aa11,worker,Running,True,1,1,0,"{""worker"": 0}","{""worker"": ""running""}",1,1,1,desktop-control-plane,True,"{""desktop-control-plane"": true}"
2026-09-21T00:25:30.300Z,api-5974b5bb7-lqxg5,b7340985-75b6-4ee6-94ae-219edb88b3cb,api,Running,True,1,1,0,"{""api"": 0}","{""api"": ""running""}",1,1,1,desktop-control-plane,True,"{""desktop-control-plane"": true}"
2026-09-21T00:25:30.300Z,flash-sale-image-loader,d97aac4b-6036-49d3-84fa-1eb65b06be9d,,Succeeded,False,0,1,0,"{""flash-sale-image-loader"": 0}","{""flash-sale-image-loader"": ""terminated""}",1,1,1,desktop-control-plane,True,"{""desktop-control-plane"": true}"
2026-09-21T00:25:30.300Z,gateway-d5b8cd646-k2t2j,73e11660-27e2-4f01-af00-a676bdd92091,gateway,Running,True,1,1,1,"{""gateway"": 1}","{""gateway"": ""running""}",1,1,1,desktop-control-plane,True,"{""desktop-control-plane"": true}"
2026-09-21T00:25:30.300Z,jaeger-7cc9b664cc-dkxmr,5f30629b-2b5b-4fec-9f8e-dd3583fe5c69,jaeger,Running,True,1,1,0,"{""jaeger"": 0}","{""jaeger"": ""running""}",1,1,1,desktop-control-plane,True,"{""desktop-control-plane"": true}"
2026-09-21T00:25:30.300Z,k6-c3-run-3-mtmcl,a307f31b-ee20-44ae-a1ea-7a8ce1aebe98,k6,Running,True,1,1,0,"{""k6"": 0}","{""k6"": ""running""}",1,1,1,desktop-control-plane,True,"{""desktop-control-plane"": true}"
2026-09-21T00:25:30.300Z,otel-collector-7c765745bf-hnzqr,5640ea7c-d391-4d91-a081-fdee2e1b37db,otel-collector,Running,True,1,1,0,"{""otel-collector"": 0}","{""otel-collector"": ""running""}",1,1,1,desktop-control-plane,True,"{""desktop-control-plane"": true}"
2026-09-21T00:25:30.300Z,postgres-676cc4986c-6s5kh,42b5b5b1-da74-46d8-bf66-d12e14fa3676,postgres,Running,True,1,1,0,"{""postgres"": 0}","{""postgres"": ""running""}",1,1,1,desktop-control-plane,True,"{""desktop-control-plane"": true}"
2026-09-21T00:25:30.300Z,prometheus-59f5cf7468-fksrh,de98abcd-712d-4d81-8fb2-59b3011304c6,prometheus,Running,True,1,1,0,"{""prometheus"": 0}","{""prometheus"": ""running""}",1,1,1,desktop-control-plane,True,"{""desktop-control-plane"": true}"
2026-09-21T00:25:30.300Z,rabbitmq-5cdf8f76b7-kdf8p,f02b29f9-8329-460a-9c69-31b755066885,rabbitmq,Running,True,1,1,0,"{""rabbitmq"": 0}","{""rabbitmq"": ""running""}",1,1,1,desktop-control-plane,True,"{""desktop-control-plane"": true}"
2026-09-21T00:25:30.300Z,worker-5799d849c5-66d8m,8d0e460a-5d59-44a2-9b1b-ce0d6f27aa11,worker,Running,True,1,1,0,"{""worker"": 0}","{""worker"": ""running""}",1,1,1,desktop-control-plane,True,"{""desktop-control-plane"": true}"
2026-09-21T00:25:35.300Z,api-5974b5bb7-lqxg5,b7340985-75b6-4ee6-94ae-219edb88b3cb,api,Running,True,1,1,0,"{""api"": 0}","{""api"": ""running""}",1,1,1,desktop-control-plane,True,"{""desktop-control-plane"": true}"
2026-09-21T00:25:35.300Z,flash-sale-image-loader,d97aac4b-6036-49d3-84fa-1eb65b06be9d,,Succeeded,False,0,1,0,"{""flash-sale-image-loader"": 0}","{""flash-sale-image-loader"": ""terminated""}",1,1,1,desktop-control-plane,True,"{""desktop-control-plane"": true}"
2026-09-21T00:25:35.300Z,gateway-d5b8cd646-k2t2j,73e11660-27e2-4f01-af00-a676bdd92091,gateway,Running,True,1,1,1,"{""gateway"": 1}","{""gateway"": ""running""}",1,1,1,desktop-control-plane,True,"{""desktop-control-plane"": true}"
2026-09-21T00:25:35.300Z,jaeger-7cc9b664cc-dkxmr,5f30629b-2b5b-4fec-9f8e-dd3583fe5c69,jaeger,Running,True,1,1,0,"{""jaeger"": 0}","{""jaeger"": ""running""}",1,1,1,desktop-control-plane,True,"{""desktop-control-plane"": true}"
2026-09-21T00:25:35.300Z,k6-c3-run-3-mtmcl,a307f31b-ee20-44ae-a1ea-7a8ce1aebe98,k6,Running,True,1,1,0,"{""k6"": 0}","{""k6"": ""running""}",1,1,1,desktop-control-plane,True,"{""desktop-control-plane"": true}"
2026-09-21T00:25:35.300Z,otel-collector-7c765745bf-hnzqr,5640ea7c-d391-4d91-a081-fdee2e1b37db,otel-collector,Running,True,1,1,0,"{""otel-collector"": 0}","{""otel-collector"": ""running""}",1,1,1,desktop-control-plane,True,"{""desktop-control-plane"": true}"
2026-09-21T00:25:35.300Z,postgres-676cc4986c-6s5kh,42b5b5b1-da74-46d8-bf66-d12e14fa3676,postgres,Running,True,1,1,0,"{""postgres"": 0}","{""postgres"": ""running""}",1,1,1,desktop-control-plane,True,"{""desktop-control-plane"": true}"
2026-09-21T00:25:35.300Z,prometheus-59f5cf7468-fksrh,de98abcd-712d-4d81-8fb2-59b3011304c6,prometheus,Running,True,1,1,0,"{""prometheus"": 0}","{""prometheus"": ""running""}",1,1,1,desktop-control-plane,True,"{""desktop-control-plane"": true}"
2026-09-21T00:25:35.300Z,rabbitmq-5cdf8f76b7-kdf8p,f02b29f9-8329-460a-9c69-31b755066885,rabbitmq,Running,True,1,1,0,"{""rabbitmq"": 0}","{""rabbitmq"": ""running""}",1,1,1,desktop-control-plane,True,"{""desktop-control-plane"": true}"
2026-09-21T00:25:35.300Z,worker-5799d849c5-66d8m,8d0e460a-5d59-44a2-9b1b-ce0d6f27aa11,worker,Running,True,1,1,0,"{""worker"": 0}","{""worker"": ""running""}",1,1,1,desktop-control-plane,True,"{""desktop-control-plane"": true}"
2026-09-21T00:25:40.300Z,api-5974b5bb7-lqxg5,b7340985-75b6-4ee6-94ae-219edb88b3cb,api,Running,True,1,1,0,"{""api"": 0}","{""api"": ""running""}",1,1,1,desktop-control-plane,True,"{""desktop-control-plane"": true}"
2026-09-21T00:25:40.300Z,flash-sale-image-loader,d97aac4b-6036-49d3-84fa-1eb65b06be9d,,Succeeded,False,0,1,0,"{""flash-sale-image-loader"": 0}","{""flash-sale-image-loader"": ""terminated""}",1,1,1,desktop-control-plane,True,"{""desktop-control-plane"": true}"
2026-09-21T00:25:40.300Z,gateway-d5b8cd646-k2t2j,73e11660-27e2-4f01-af00-a676bdd92091,gateway,Running,True,1,1,1,"{""gateway"": 1}","{""gateway"": ""running""}",1,1,1,desktop-control-plane,True,"{""desktop-control-plane"": true}"
2026-09-21T00:25:40.300Z,jaeger-7cc9b664cc-dkxmr,5f30629b-2b5b-4fec-9f8e-dd3583fe5c69,jaeger,Running,True,1,1,0,"{""jaeger"": 0}","{""jaeger"": ""running""}",1,1,1,desktop-control-plane,True,"{""desktop-control-plane"": true}"
2026-09-21T00:25:40.300Z,k6-c3-run-3-mtmcl,a307f31b-ee20-44ae-a1ea-7a8ce1aebe98,k6,Running,True,1,1,0,"{""k6"": 0}","{""k6"": ""running""}",1,1,1,desktop-control-plane,True,"{""desktop-control-plane"": true}"
2026-09-21T00:25:40.300Z,otel-collector-7c765745bf-hnzqr,5640ea7c-d391-4d91-a081-fdee2e1b37db,otel-collector,Running,True,1,1,0,"{""otel-collector"": 0}","{""otel-collector"": ""running""}",1,1,1,desktop-control-plane,True,"{""desktop-control-plane"": true}"
2026-09-21T00:25:40.300Z,postgres-676cc4986c-6s5kh,42b5b5b1-da74-46d8-bf66-d12e14fa3676,postgres,Running,True,1,1,0,"{""postgres"": 0}","{""postgres"": ""running""}",1,1,1,desktop-control-plane,True,"{""desktop-control-plane"": true}"
2026-09-21T00:25:40.300Z,prometheus-59f5cf7468-fksrh,de98abcd-712d-4d81-8fb2-59b3011304c6,prometheus,Running,True,1,1,0,"{""prometheus"": 0}","{""prometheus"": ""running""}",1,1,1,desktop-control-plane,True,"{""desktop-control-plane"": true}"
2026-09-21T00:25:40.300Z,rabbitmq-5cdf8f76b7-kdf8p,f02b29f9-8329-460a-9c69-31b755066885,rabbitmq,Running,True,1,1,0,"{""rabbitmq"": 0}","{""rabbitmq"": ""running""}",1,1,1,desktop-control-plane,True,"{""desktop-control-plane"": true}"
2026-09-21T00:25:40.300Z,worker-5799d849c5-66d8m,8d0e460a-5d59-44a2-9b1b-ce0d6f27aa11,worker,Running,True,1,1,0,"{""worker"": 0}","{""worker"": ""running""}",1,1,1,desktop-control-plane,True,"{""desktop-control-plane"": true}"
2026-09-21T00:25:45.301Z,api-5974b5bb7-lqxg5,b7340985-75b6-4ee6-94ae-219edb88b3cb,api,Running,True,1,1,0,"{""api"": 0}","{""api"": ""running""}",1,1,1,desktop-control-plane,True,"{""desktop-control-plane"": true}"
2026-09-21T00:25:45.301Z,flash-sale-image-loader,d97aac4b-6036-49d3-84fa-1eb65b06be9d,,Succeeded,False,0,1,0,"{""flash-sale-image-loader"": 0}","{""flash-sale-image-loader"": ""terminated""}",1,1,1,desktop-control-plane,True,"{""desktop-control-plane"": true}"
2026-09-21T00:25:45.301Z,gateway-d5b8cd646-k2t2j,73e11660-27e2-4f01-af00-a676bdd92091,gateway,Running,True,1,1,1,"{""gateway"": 1}","{""gateway"": ""running""}",1,1,1,desktop-control-plane,True,"{""desktop-control-plane"": true}"
2026-09-21T00:25:45.301Z,jaeger-7cc9b664cc-dkxmr,5f30629b-2b5b-4fec-9f8e-dd3583fe5c69,jaeger,Running,True,1,1,0,"{""jaeger"": 0}","{""jaeger"": ""running""}",1,1,1,desktop-control-plane,True,"{""desktop-control-plane"": true}"
2026-09-21T00:25:45.301Z,k6-c3-run-3-mtmcl,a307f31b-ee20-44ae-a1ea-7a8ce1aebe98,k6,Running,True,1,1,0,"{""k6"": 0}","{""k6"": ""running""}",1,1,1,desktop-control-plane,True,"{""desktop-control-plane"": true}"
2026-09-21T00:25:45.301Z,otel-collector-7c765745bf-hnzqr,5640ea7c-d391-4d91-a081-fdee2e1b37db,otel-collector,Running,True,1,1,0,"{""otel-collector"": 0}","{""otel-collector"": ""running""}",1,1,1,desktop-control-plane,True,"{""desktop-control-plane"": true}"
2026-09-21T00:25:45.301Z,postgres-676cc4986c-6s5kh,42b5b5b1-da74-46d8-bf66-d12e14fa3676,postgres,Running,True,1,1,0,"{""postgres"": 0}","{""postgres"": ""running""}",1,1,1,desktop-control-plane,True,"{""desktop-control-plane"": true}"
2026-09-21T00:25:45.301Z,prometheus-59f5cf7468-fksrh,de98abcd-712d-4d81-8fb2-59b3011304c6,prometheus,Running,True,1,1,0,"{""prometheus"": 0}","{""prometheus"": ""running""}",1,1,1,desktop-control-plane,True,"{""desktop-control-plane"": true}"
2026-09-21T00:25:45.301Z,rabbitmq-5cdf8f76b7-kdf8p,f02b29f9-8329-460a-9c69-31b755066885,rabbitmq,Running,True,1,1,0,"{""rabbitmq"": 0}","{""rabbitmq"": ""running""}",1,1,1,desktop-control-plane,True,"{""desktop-control-plane"": true}"
2026-09-21T00:25:45.301Z,worker-5799d849c5-66d8m,8d0e460a-5d59-44a2-9b1b-ce0d6f27aa11,worker,Running,True,1,1,0,"{""worker"": 0}","{""worker"": ""running""}",1,1,1,desktop-control-plane,True,"{""desktop-control-plane"": true}"
2026-09-21T00:25:50.301Z,api-5974b5bb7-lqxg5,b7340985-75b6-4ee6-94ae-219edb88b3cb,api,Running,True,1,1,0,"{""api"": 0}","{""api"": ""running""}",1,1,1,desktop-control-plane,True,"{""desktop-control-plane"": true}"
2026-09-21T00:25:50.301Z,flash-sale-image-loader,d97aac4b-6036-49d3-84fa-1eb65b06be9d,,Succeeded,False,0,1,0,"{""flash-sale-image-loader"": 0}","{""flash-sale-image-loader"": ""terminated""}",1,1,1,desktop-control-plane,True,"{""desktop-control-plane"": true}"
2026-09-21T00:25:50.301Z,gateway-d5b8cd646-k2t2j,73e11660-27e2-4f01-af00-a676bdd92091,gateway,Running,True,1,1,1,"{""gateway"": 1}","{""gateway"": ""running""}",1,1,1,desktop-control-plane,True,"{""desktop-control-plane"": true}"
2026-09-21T00:25:50.301Z,jaeger-7cc9b664cc-dkxmr,5f30629b-2b5b-4fec-9f8e-dd3583fe5c69,jaeger,Running,True,1,1,0,"{""jaeger"": 0}","{""jaeger"": ""running""}",1,1,1,desktop-control-plane,True,"{""desktop-control-plane"": true}"
2026-09-21T00:25:50.301Z,k6-c3-run-3-mtmcl,a307f31b-ee20-44ae-a1ea-7a8ce1aebe98,k6,Running,True,1,1,0,"{""k6"": 0}","{""k6"": ""running""}",1,1,1,desktop-control-plane,True,"{""desktop-control-plane"": true}"
2026-09-21T00:25:50.301Z,otel-collector-7c765745bf-hnzqr,5640ea7c-d391-4d91-a081-fdee2e1b37db,otel-collector,Running,True,1,1,0,"{""otel-collector"": 0}","{""otel-collector"": ""running""}",1,1,1,desktop-control-plane,True,"{""desktop-control-plane"": true}"
2026-09-21T00:25:50.301Z,postgres-676cc4986c-6s5kh,42b5b5b1-da74-46d8-bf66-d12e14fa3676,postgres,Running,True,1,1,0,"{""postgres"": 0}","{""postgres"": ""running""}",1,1,1,desktop-control-plane,True,"{""desktop-control-plane"": true}"
2026-09-21T00:25:50.301Z,prometheus-59f5cf7468-fksrh,de98abcd-712d-4d81-8fb2-59b3011304c6,prometheus,Running,True,1,1,0,"{""prometheus"": 0}","{""prometheus"": ""running""}",1,1,1,desktop-control-plane,True,"{""desktop-control-plane"": true}"
2026-09-21T00:25:50.301Z,rabbitmq-5cdf8f76b7-kdf8p,f02b29f9-8329-460a-9c69-31b755066885,rabbitmq,Running,True,1,1,0,"{""rabbitmq"": 0}","{""rabbitmq"": ""running""}",1,1,1,desktop-control-plane,True,"{""desktop-control-plane"": true}"
2026-09-21T00:25:50.301Z,worker-5799d849c5-66d8m,8d0e460a-5d59-44a2-9b1b-ce0d6f27aa11,worker,Running,True,1,1,0,"{""worker"": 0}","{""worker"": ""running""}",1,1,1,desktop-control-plane,True,"{""desktop-control-plane"": true}"
2026-09-21T00:25:55.301Z,api-5974b5bb7-lqxg5,b7340985-75b6-4ee6-94ae-219edb88b3cb,api,Running,True,1,1,0,"{""api"": 0}","{""api"": ""running""}",1,1,1,desktop-control-plane,True,"{""desktop-control-plane"": true}"
2026-09-21T00:25:55.301Z,flash-sale-image-loader,d97aac4b-6036-49d3-84fa-1eb65b06be9d,,Succeeded,False,0,1,0,"{""flash-sale-image-loader"": 0}","{""flash-sale-image-loader"": ""terminated""}",1,1,1,desktop-control-plane,True,"{""desktop-control-plane"": true}"
2026-09-21T00:25:55.301Z,gateway-d5b8cd646-k2t2j,73e11660-27e2-4f01-af00-a676bdd92091,gateway,Running,True,1,1,1,"{""gateway"": 1}","{""gateway"": ""running""}",1,1,1,desktop-control-plane,True,"{""desktop-control-plane"": true}"
2026-09-21T00:25:55.301Z,jaeger-7cc9b664cc-dkxmr,5f30629b-2b5b-4fec-9f8e-dd3583fe5c69,jaeger,Running,True,1,1,0,"{""jaeger"": 0}","{""jaeger"": ""running""}",1,1,1,desktop-control-plane,True,"{""desktop-control-plane"": true}"
2026-09-21T00:25:55.301Z,k6-c3-run-3-mtmcl,a307f31b-ee20-44ae-a1ea-7a8ce1aebe98,k6,Running,True,1,1,0,"{""k6"": 0}","{""k6"": ""running""}",1,1,1,desktop-control-plane,True,"{""desktop-control-plane"": true}"
2026-09-21T00:25:55.301Z,otel-collector-7c765745bf-hnzqr,5640ea7c-d391-4d91-a081-fdee2e1b37db,otel-collector,Running,True,1,1,0,"{""otel-collector"": 0}","{""otel-collector"": ""running""}",1,1,1,desktop-control-plane,True,"{""desktop-control-plane"": true}"
2026-09-21T00:25:55.301Z,postgres-676cc4986c-6s5kh,42b5b5b1-da74-46d8-bf66-d12e14fa3676,postgres,Running,True,1,1,0,"{""postgres"": 0}","{""postgres"": ""running""}",1,1,1,desktop-control-plane,True,"{""desktop-control-plane"": true}"
2026-09-21T00:25:55.301Z,prometheus-59f5cf7468-fksrh,de98abcd-712d-4d81-8fb2-59b3011304c6,prometheus,Running,True,1,1,0,"{""prometheus"": 0}","{""prometheus"": ""running""}",1,1,1,desktop-control-plane,True,"{""desktop-control-plane"": true}"
2026-09-21T00:25:55.301Z,rabbitmq-5cdf8f76b7-kdf8p,f02b29f9-8329-460a-9c69-31b755066885,rabbitmq,Running,True,1,1,0,"{""rabbitmq"": 0}","{""rabbitmq"": ""running""}",1,1,1,desktop-control-plane,True,"{""desktop-control-plane"": true}"
2026-09-21T00:25:55.301Z,worker-5799d849c5-66d8m,8d0e460a-5d59-44a2-9b1b-ce0d6f27aa11,worker,Running,True,1,1,0,"{""worker"": 0}","{""worker"": ""running""}",1,1,1,desktop-control-plane,True,"{""desktop-control-plane"": true}"
2026-09-21T00:26:00.302Z,api-5974b5bb7-lqxg5,b7340985-75b6-4ee6-94ae-219edb88b3cb,api,Running,True,1,1,0,"{""api"": 0}","{""api"": ""running""}",1,1,1,desktop-control-plane,True,"{""desktop-control-plane"": true}"
2026-09-21T00:26:00.302Z,flash-sale-image-loader,d97aac4b-6036-49d3-84fa-1eb65b06be9d,,Succeeded,False,0,1,0,"{""flash-sale-image-loader"": 0}","{""flash-sale-image-loader"": ""terminated""}",1,1,1,desktop-control-plane,True,"{""desktop-control-plane"": true}"
2026-09-21T00:26:00.302Z,gateway-d5b8cd646-k2t2j,73e11660-27e2-4f01-af00-a676bdd92091,gateway,Running,True,1,1,1,"{""gateway"": 1}","{""gateway"": ""running""}",1,1,1,desktop-control-plane,True,"{""desktop-control-plane"": true}"
2026-09-21T00:26:00.302Z,jaeger-7cc9b664cc-dkxmr,5f30629b-2b5b-4fec-9f8e-dd3583fe5c69,jaeger,Running,True,1,1,0,"{""jaeger"": 0}","{""jaeger"": ""running""}",1,1,1,desktop-control-plane,True,"{""desktop-control-plane"": true}"
2026-09-21T00:26:00.302Z,k6-c3-run-3-mtmcl,a307f31b-ee20-44ae-a1ea-7a8ce1aebe98,k6,Running,True,1,1,0,"{""k6"": 0}","{""k6"": ""running""}",1,1,1,desktop-control-plane,True,"{""desktop-control-plane"": true}"
2026-09-21T00:26:00.302Z,otel-collector-7c765745bf-hnzqr,5640ea7c-d391-4d91-a081-fdee2e1b37db,otel-collector,Running,True,1,1,0,"{""otel-collector"": 0}","{""otel-collector"": ""running""}",1,1,1,desktop-control-plane,True,"{""desktop-control-plane"": true}"
2026-09-21T00:26:00.302Z,postgres-676cc4986c-6s5kh,42b5b5b1-da74-46d8-bf66-d12e14fa3676,postgres,Running,True,1,1,0,"{""postgres"": 0}","{""postgres"": ""running""}",1,1,1,desktop-control-plane,True,"{""desktop-control-plane"": true}"
2026-09-21T00:26:00.302Z,prometheus-59f5cf7468-fksrh,de98abcd-712d-4d81-8fb2-59b3011304c6,prometheus,Running,True,1,1,0,"{""prometheus"": 0}","{""prometheus"": ""running""}",1,1,1,desktop-control-plane,True,"{""desktop-control-plane"": true}"
2026-09-21T00:26:00.302Z,rabbitmq-5cdf8f76b7-kdf8p,f02b29f9-8329-460a-9c69-31b755066885,rabbitmq,Running,True,1,1,0,"{""rabbitmq"": 0}","{""rabbitmq"": ""running""}",1,1,1,desktop-control-plane,True,"{""desktop-control-plane"": true}"
2026-09-21T00:26:00.302Z,worker-5799d849c5-66d8m,8d0e460a-5d59-44a2-9b1b-ce0d6f27aa11,worker,Running,True,1,1,0,"{""worker"": 0}","{""worker"": ""running""}",1,1,1,desktop-control-plane,True,"{""desktop-control-plane"": true}"
2026-09-21T00:26:05.302Z,api-5974b5bb7-lqxg5,b7340985-75b6-4ee6-94ae-219edb88b3cb,api,Running,False,0,1,0,"{""api"": 0}","{""api"": ""running""}",1,1,1,desktop-control-plane,True,"{""desktop-control-plane"": true}"
2026-09-21T00:26:05.302Z,flash-sale-image-loader,d97aac4b-6036-49d3-84fa-1eb65b06be9d,,Succeeded,False,0,1,0,"{""flash-sale-image-loader"": 0}","{""flash-sale-image-loader"": ""terminated""}",1,1,1,desktop-control-plane,True,"{""desktop-control-plane"": true}"
2026-09-21T00:26:05.302Z,gateway-d5b8cd646-k2t2j,73e11660-27e2-4f01-af00-a676bdd92091,gateway,Running,True,1,1,1,"{""gateway"": 1}","{""gateway"": ""running""}",1,1,1,desktop-control-plane,True,"{""desktop-control-plane"": true}"
2026-09-21T00:26:05.302Z,jaeger-7cc9b664cc-dkxmr,5f30629b-2b5b-4fec-9f8e-dd3583fe5c69,jaeger,Running,True,1,1,0,"{""jaeger"": 0}","{""jaeger"": ""running""}",1,1,1,desktop-control-plane,True,"{""desktop-control-plane"": true}"
2026-09-21T00:26:05.302Z,k6-c3-run-3-mtmcl,a307f31b-ee20-44ae-a1ea-7a8ce1aebe98,k6,Running,True,1,1,0,"{""k6"": 0}","{""k6"": ""running""}",1,1,1,desktop-control-plane,True,"{""desktop-control-plane"": true}"
2026-09-21T00:26:05.302Z,otel-collector-7c765745bf-hnzqr,5640ea7c-d391-4d91-a081-fdee2e1b37db,otel-collector,Running,True,1,1,0,"{""otel-collector"": 0}","{""otel-collector"": ""running""}",1,1,1,desktop-control-plane,True,"{""desktop-control-plane"": true}"
2026-09-21T00:26:05.302Z,postgres-676cc4986c-6s5kh,42b5b5b1-da74-46d8-bf66-d12e14fa3676,postgres,Running,True,1,1,0,"{""postgres"": 0}","{""postgres"": ""running""}",1,1,1,desktop-control-plane,True,"{""desktop-control-plane"": true}"
2026-09-21T00:26:05.302Z,prometheus-59f5cf7468-fksrh,de98abcd-712d-4d81-8fb2-59b3011304c6,prometheus,Running,True,1,1,0,"{""prometheus"": 0}","{""prometheus"": ""running""}",1,1,1,desktop-control-plane,True,"{""desktop-control-plane"": true}"
2026-09-21T00:26:05.302Z,rabbitmq-5cdf8f76b7-kdf8p,f02b29f9-8329-460a-9c69-31b755066885,rabbitmq,Running,True,1,1,0,"{""rabbitmq"": 0}","{""rabbitmq"": ""running""}",1,1,1,desktop-control-plane,True,"{""desktop-control-plane"": true}"
2026-09-21T00:26:05.302Z,worker-5799d849c5-66d8m,8d0e460a-5d59-44a2-9b1b-ce0d6f27aa11,worker,Running,True,1,1,0,"{""worker"": 0}","{""worker"": ""running""}",1,1,1,desktop-control-plane,True,"{""desktop-control-plane"": true}"
2026-09-21T00:26:10.303Z,api-5974b5bb7-lqxg5,b7340985-75b6-4ee6-94ae-219edb88b3cb,api,Running,False,0,1,0,"{""api"": 0}","{""api"": ""running""}",1,1,1,desktop-control-plane,True,"{""desktop-control-plane"": true}"
2026-09-21T00:26:10.303Z,flash-sale-image-loader,d97aac4b-6036-49d3-84fa-1eb65b06be9d,,Succeeded,False,0,1,0,"{""flash-sale-image-loader"": 0}","{""flash-sale-image-loader"": ""terminated""}",1,1,1,desktop-control-plane,True,"{""desktop-control-plane"": true}"
2026-09-21T00:26:10.303Z,gateway-d5b8cd646-k2t2j,73e11660-27e2-4f01-af00-a676bdd92091,gateway,Running,True,1,1,1,"{""gateway"": 1}","{""gateway"": ""running""}",1,1,1,desktop-control-plane,True,"{""desktop-control-plane"": true}"
2026-09-21T00:26:10.303Z,jaeger-7cc9b664cc-dkxmr,5f30629b-2b5b-4fec-9f8e-dd3583fe5c69,jaeger,Running,True,1,1,0,"{""jaeger"": 0}","{""jaeger"": ""running""}",1,1,1,desktop-control-plane,True,"{""desktop-control-plane"": true}"
2026-09-21T00:26:10.303Z,k6-c3-run-3-mtmcl,a307f31b-ee20-44ae-a1ea-7a8ce1aebe98,k6,Running,True,1,1,0,"{""k6"": 0}","{""k6"": ""running""}",1,1,1,desktop-control-plane,True,"{""desktop-control-plane"": true}"
2026-09-21T00:26:10.303Z,otel-collector-7c765745bf-hnzqr,5640ea7c-d391-4d91-a081-fdee2e1b37db,otel-collector,Running,True,1,1,0,"{""otel-collector"": 0}","{""otel-collector"": ""running""}",1,1,1,desktop-control-plane,True,"{""desktop-control-plane"": true}"
2026-09-21T00:26:10.303Z,postgres-676cc4986c-6s5kh,42b5b5b1-da74-46d8-bf66-d12e14fa3676,postgres,Running,True,1,1,0,"{""postgres"": 0}","{""postgres"": ""running""}",1,1,1,desktop-control-plane,True,"{""desktop-control-plane"": true}"
2026-09-21T00:26:10.303Z,prometheus-59f5cf7468-fksrh,de98abcd-712d-4d81-8fb2-59b3011304c6,prometheus,Running,True,1,1,0,"{""prometheus"": 0}","{""prometheus"": ""running""}",1,1,1,desktop-control-plane,True,"{""desktop-control-plane"": true}"
2026-09-21T00:26:10.303Z,rabbitmq-5cdf8f76b7-kdf8p,f02b29f9-8329-460a-9c69-31b755066885,rabbitmq,Running,True,1,1,0,"{""rabbitmq"": 0}","{""rabbitmq"": ""running""}",1,1,1,desktop-control-plane,True,"{""desktop-control-plane"": true}"
2026-09-21T00:26:10.303Z,worker-5799d849c5-66d8m,8d0e460a-5d59-44a2-9b1b-ce0d6f27aa11,worker,Running,True,1,1,0,"{""worker"": 0}","{""worker"": ""running""}",1,1,1,desktop-control-plane,True,"{""desktop-control-plane"": true}"
2026-09-21T00:26:15.304Z,api-5974b5bb7-lqxg5,b7340985-75b6-4ee6-94ae-219edb88b3cb,api,Running,False,0,1,0,"{""api"": 0}","{""api"": ""running""}",1,1,1,desktop-control-plane,True,"{""desktop-control-plane"": true}"
2026-09-21T00:26:15.304Z,flash-sale-image-loader,d97aac4b-6036-49d3-84fa-1eb65b06be9d,,Succeeded,False,0,1,0,"{""flash-sale-image-loader"": 0}","{""flash-sale-image-loader"": ""terminated""}",1,1,1,desktop-control-plane,True,"{""desktop-control-plane"": true}"
2026-09-21T00:26:15.304Z,gateway-d5b8cd646-k2t2j,73e11660-27e2-4f01-af00-a676bdd92091,gateway,Running,True,1,1,1,"{""gateway"": 1}","{""gateway"": ""running""}",1,1,1,desktop-control-plane,True,"{""desktop-control-plane"": true}"
2026-09-21T00:26:15.304Z,jaeger-7cc9b664cc-dkxmr,5f30629b-2b5b-4fec-9f8e-dd3583fe5c69,jaeger,Running,True,1,1,0,"{""jaeger"": 0}","{""jaeger"": ""running""}",1,1,1,desktop-control-plane,True,"{""desktop-control-plane"": true}"
2026-09-21T00:26:15.304Z,k6-c3-run-3-mtmcl,a307f31b-ee20-44ae-a1ea-7a8ce1aebe98,k6,Running,True,1,1,0,"{""k6"": 0}","{""k6"": ""running""}",1,1,1,desktop-control-plane,True,"{""desktop-control-plane"": true}"
2026-09-21T00:26:15.304Z,otel-collector-7c765745bf-hnzqr,5640ea7c-d391-4d91-a081-fdee2e1b37db,otel-collector,Running,True,1,1,0,"{""otel-collector"": 0}","{""otel-collector"": ""running""}",1,1,1,desktop-control-plane,True,"{""desktop-control-plane"": true}"
2026-09-21T00:26:15.304Z,postgres-676cc4986c-6s5kh,42b5b5b1-da74-46d8-bf66-d12e14fa3676,postgres,Running,True,1,1,0,"{""postgres"": 0}","{""postgres"": ""running""}",1,1,1,desktop-control-plane,True,"{""desktop-control-plane"": true}"
2026-09-21T00:26:15.304Z,prometheus-59f5cf7468-fksrh,de98abcd-712d-4d81-8fb2-59b3011304c6,prometheus,Running,True,1,1,0,"{""prometheus"": 0}","{""prometheus"": ""running""}",1,1,1,desktop-control-plane,True,"{""desktop-control-plane"": true}"
2026-09-21T00:26:15.304Z,rabbitmq-5cdf8f76b7-kdf8p,f02b29f9-8329-460a-9c69-31b755066885,rabbitmq,Running,True,1,1,0,"{""rabbitmq"": 0}","{""rabbitmq"": ""running""}",1,1,1,desktop-control-plane,True,"{""desktop-control-plane"": true}"
2026-09-21T00:26:15.304Z,worker-5799d849c5-66d8m,8d0e460a-5d59-44a2-9b1b-ce0d6f27aa11,worker,Running,True,1,1,0,"{""worker"": 0}","{""worker"": ""running""}",1,1,1,desktop-control-plane,True,"{""desktop-control-plane"": true}"
2026-09-21T00:26:20.304Z,api-5974b5bb7-lqxg5,b7340985-75b6-4ee6-94ae-219edb88b3cb,api,Running,False,0,1,0,"{""api"": 0}","{""api"": ""running""}",1,1,1,desktop-control-plane,True,"{""desktop-control-plane"": true}"
2026-09-21T00:26:20.304Z,flash-sale-image-loader,d97aac4b-6036-49d3-84fa-1eb65b06be9d,,Succeeded,False,0,1,0,"{""flash-sale-image-loader"": 0}","{""flash-sale-image-loader"": ""terminated""}",1,1,1,desktop-control-plane,True,"{""desktop-control-plane"": true}"
2026-09-21T00:26:20.304Z,gateway-d5b8cd646-k2t2j,73e11660-27e2-4f01-af00-a676bdd92091,gateway,Running,True,1,1,1,"{""gateway"": 1}","{""gateway"": ""running""}",1,1,1,desktop-control-plane,True,"{""desktop-control-plane"": true}"
2026-09-21T00:26:20.304Z,jaeger-7cc9b664cc-dkxmr,5f30629b-2b5b-4fec-9f8e-dd3583fe5c69,jaeger,Running,True,1,1,0,"{""jaeger"": 0}","{""jaeger"": ""running""}",1,1,1,desktop-control-plane,True,"{""desktop-control-plane"": true}"
2026-09-21T00:26:20.304Z,k6-c3-run-3-mtmcl,a307f31b-ee20-44ae-a1ea-7a8ce1aebe98,k6,Running,True,1,1,0,"{""k6"": 0}","{""k6"": ""running""}",1,1,1,desktop-control-plane,True,"{""desktop-control-plane"": true}"
2026-09-21T00:26:20.304Z,otel-collector-7c765745bf-hnzqr,5640ea7c-d391-4d91-a081-fdee2e1b37db,otel-collector,Running,True,1,1,0,"{""otel-collector"": 0}","{""otel-collector"": ""running""}",1,1,1,desktop-control-plane,True,"{""desktop-control-plane"": true}"
2026-09-21T00:26:20.304Z,postgres-676cc4986c-6s5kh,42b5b5b1-da74-46d8-bf66-d12e14fa3676,postgres,Running,True,1,1,0,"{""postgres"": 0}","{""postgres"": ""running""}",1,1,1,desktop-control-plane,True,"{""desktop-control-plane"": true}"
2026-09-21T00:26:20.304Z,prometheus-59f5cf7468-fksrh,de98abcd-712d-4d81-8fb2-59b3011304c6,prometheus,Running,True,1,1,0,"{""prometheus"": 0}","{""prometheus"": ""running""}",1,1,1,desktop-control-plane,True,"{""desktop-control-plane"": true}"
2026-09-21T00:26:20.304Z,rabbitmq-5cdf8f76b7-kdf8p,f02b29f9-8329-460a-9c69-31b755066885,rabbitmq,Running,True,1,1,0,"{""rabbitmq"": 0}","{""rabbitmq"": ""running""}",1,1,1,desktop-control-plane,True,"{""desktop-control-plane"": true}"
2026-09-21T00:26:20.304Z,worker-5799d849c5-66d8m,8d0e460a-5d59-44a2-9b1b-ce0d6f27aa11,worker,Running,True,1,1,0,"{""worker"": 0}","{""worker"": ""running""}",1,1,1,desktop-control-plane,True,"{""desktop-control-plane"": true}"
2026-09-21T00:26:25.304Z,api-5974b5bb7-lqxg5,b7340985-75b6-4ee6-94ae-219edb88b3cb,api,Running,False,0,1,0,"{""api"": 0}","{""api"": ""running""}",1,1,1,desktop-control-plane,True,"{""desktop-control-plane"": true}"
2026-09-21T00:26:25.304Z,flash-sale-image-loader,d97aac4b-6036-49d3-84fa-1eb65b06be9d,,Succeeded,False,0,1,0,"{""flash-sale-image-loader"": 0}","{""flash-sale-image-loader"": ""terminated""}",1,1,1,desktop-control-plane,True,"{""desktop-control-plane"": true}"
2026-09-21T00:26:25.304Z,gateway-d5b8cd646-k2t2j,73e11660-27e2-4f01-af00-a676bdd92091,gateway,Running,True,1,1,1,"{""gateway"": 1}","{""gateway"": ""running""}",1,1,1,desktop-control-plane,True,"{""desktop-control-plane"": true}"
2026-09-21T00:26:25.304Z,jaeger-7cc9b664cc-dkxmr,5f30629b-2b5b-4fec-9f8e-dd3583fe5c69,jaeger,Running,True,1,1,0,"{""jaeger"": 0}","{""jaeger"": ""running""}",1,1,1,desktop-control-plane,True,"{""desktop-control-plane"": true}"
2026-09-21T00:26:25.304Z,k6-c3-run-3-mtmcl,a307f31b-ee20-44ae-a1ea-7a8ce1aebe98,k6,Running,True,1,1,0,"{""k6"": 0}","{""k6"": ""running""}",1,1,1,desktop-control-plane,True,"{""desktop-control-plane"": true}"
2026-09-21T00:26:25.304Z,otel-collector-7c765745bf-hnzqr,5640ea7c-d391-4d91-a081-fdee2e1b37db,otel-collector,Running,True,1,1,0,"{""otel-collector"": 0}","{""otel-collector"": ""running""}",1,1,1,desktop-control-plane,True,"{""desktop-control-plane"": true}"
2026-09-21T00:26:25.304Z,postgres-676cc4986c-6s5kh,42b5b5b1-da74-46d8-bf66-d12e14fa3676,postgres,Running,True,1,1,0,"{""postgres"": 0}","{""postgres"": ""running""}",1,1,1,desktop-control-plane,True,"{""desktop-control-plane"": true}"
2026-09-21T00:26:25.304Z,prometheus-59f5cf7468-fksrh,de98abcd-712d-4d81-8fb2-59b3011304c6,prometheus,Running,True,1,1,0,"{""prometheus"": 0}","{""prometheus"": ""running""}",1,1,1,desktop-control-plane,True,"{""desktop-control-plane"": true}"
2026-09-21T00:26:25.304Z,rabbitmq-5cdf8f76b7-kdf8p,f02b29f9-8329-460a-9c69-31b755066885,rabbitmq,Running,True,1,1,0,"{""rabbitmq"": 0}","{""rabbitmq"": ""running""}",1,1,1,desktop-control-plane,True,"{""desktop-control-plane"": true}"
2026-09-21T00:26:25.304Z,worker-5799d849c5-66d8m,8d0e460a-5d59-44a2-9b1b-ce0d6f27aa11,worker,Running,True,1,1,0,"{""worker"": 0}","{""worker"": ""running""}",1,1,1,desktop-control-plane,True,"{""desktop-control-plane"": true}"
2026-09-21T00:26:30.305Z,api-5974b5bb7-lqxg5,b7340985-75b6-4ee6-94ae-219edb88b3cb,api,Running,False,0,1,0,"{""api"": 0}","{""api"": ""running""}",1,1,1,desktop-control-plane,True,"{""desktop-control-plane"": true}"
2026-09-21T00:26:30.305Z,flash-sale-image-loader,d97aac4b-6036-49d3-84fa-1eb65b06be9d,,Succeeded,False,0,1,0,"{""flash-sale-image-loader"": 0}","{""flash-sale-image-loader"": ""terminated""}",1,1,1,desktop-control-plane,True,"{""desktop-control-plane"": true}"
2026-09-21T00:26:30.305Z,gateway-d5b8cd646-k2t2j,73e11660-27e2-4f01-af00-a676bdd92091,gateway,Running,True,1,1,1,"{""gateway"": 1}","{""gateway"": ""running""}",1,1,1,desktop-control-plane,True,"{""desktop-control-plane"": true}"
2026-09-21T00:26:30.305Z,jaeger-7cc9b664cc-dkxmr,5f30629b-2b5b-4fec-9f8e-dd3583fe5c69,jaeger,Running,True,1,1,0,"{""jaeger"": 0}","{""jaeger"": ""running""}",1,1,1,desktop-control-plane,True,"{""desktop-control-plane"": true}"
2026-09-21T00:26:30.305Z,k6-c3-run-3-mtmcl,a307f31b-ee20-44ae-a1ea-7a8ce1aebe98,k6,Running,True,1,1,0,"{""k6"": 0}","{""k6"": ""running""}",1,1,1,desktop-control-plane,True,"{""desktop-control-plane"": true}"
2026-09-21T00:26:30.305Z,otel-collector-7c765745bf-hnzqr,5640ea7c-d391-4d91-a081-fdee2e1b37db,otel-collector,Running,True,1,1,0,"{""otel-collector"": 0}","{""otel-collector"": ""running""}",1,1,1,desktop-control-plane,True,"{""desktop-control-plane"": true}"
2026-09-21T00:26:30.305Z,postgres-676cc4986c-6s5kh,42b5b5b1-da74-46d8-bf66-d12e14fa3676,postgres,Running,True,1,1,0,"{""postgres"": 0}","{""postgres"": ""running""}",1,1,1,desktop-control-plane,True,"{""desktop-control-plane"": true}"
2026-09-21T00:26:30.305Z,prometheus-59f5cf7468-fksrh,de98abcd-712d-4d81-8fb2-59b3011304c6,prometheus,Running,True,1,1,0,"{""prometheus"": 0}","{""prometheus"": ""running""}",1,1,1,desktop-control-plane,True,"{""desktop-control-plane"": true}"
2026-09-21T00:26:30.305Z,rabbitmq-5cdf8f76b7-kdf8p,f02b29f9-8329-460a-9c69-31b755066885,rabbitmq,Running,True,1,1,0,"{""rabbitmq"": 0}","{""rabbitmq"": ""running""}",1,1,1,desktop-control-plane,True,"{""desktop-control-plane"": true}"
2026-09-21T00:26:30.305Z,worker-5799d849c5-66d8m,8d0e460a-5d59-44a2-9b1b-ce0d6f27aa11,worker,Running,True,1,1,0,"{""worker"": 0}","{""worker"": ""running""}",1,1,1,desktop-control-plane,True,"{""desktop-control-plane"": true}"
2026-09-21T00:26:35.305Z,api-5974b5bb7-lqxg5,b7340985-75b6-4ee6-94ae-219edb88b3cb,api,Running,False,0,1,0,"{""api"": 0}","{""api"": ""running""}",1,1,1,desktop-control-plane,True,"{""desktop-control-plane"": true}"
2026-09-21T00:26:35.305Z,flash-sale-image-loader,d97aac4b-6036-49d3-84fa-1eb65b06be9d,,Succeeded,False,0,1,0,"{""flash-sale-image-loader"": 0}","{""flash-sale-image-loader"": ""terminated""}",1,1,1,desktop-control-plane,True,"{""desktop-control-plane"": true}"
2026-09-21T00:26:35.305Z,gateway-d5b8cd646-k2t2j,73e11660-27e2-4f01-af00-a676bdd92091,gateway,Running,True,1,1,1,"{""gateway"": 1}","{""gateway"": ""running""}",1,1,1,desktop-control-plane,True,"{""desktop-control-plane"": true}"
2026-09-21T00:26:35.305Z,jaeger-7cc9b664cc-dkxmr,5f30629b-2b5b-4fec-9f8e-dd3583fe5c69,jaeger,Running,True,1,1,0,"{""jaeger"": 0}","{""jaeger"": ""running""}",1,1,1,desktop-control-plane,True,"{""desktop-control-plane"": true}"
2026-09-21T00:26:35.305Z,otel-collector-7c765745bf-hnzqr,5640ea7c-d391-4d91-a081-fdee2e1b37db,otel-collector,Running,True,1,1,0,"{""otel-collector"": 0}","{""otel-collector"": ""running""}",1,1,1,desktop-control-plane,True,"{""desktop-control-plane"": true}"
2026-09-21T00:26:35.305Z,postgres-676cc4986c-6s5kh,42b5b5b1-da74-46d8-bf66-d12e14fa3676,postgres,Running,True,1,1,0,"{""postgres"": 0}","{""postgres"": ""running""}",1,1,1,desktop-control-plane,True,"{""desktop-control-plane"": true}"
2026-09-21T00:26:35.305Z,prometheus-59f5cf7468-fksrh,de98abcd-712d-4d81-8fb2-59b3011304c6,prometheus,Running,True,1,1,0,"{""prometheus"": 0}","{""prometheus"": ""running""}",1,1,1,desktop-control-plane,True,"{""desktop-control-plane"": true}"
2026-09-21T00:26:35.305Z,rabbitmq-5cdf8f76b7-kdf8p,f02b29f9-8329-460a-9c69-31b755066885,rabbitmq,Running,True,1,1,0,"{""rabbitmq"": 0}","{""rabbitmq"": ""running""}",1,1,1,desktop-control-plane,True,"{""desktop-control-plane"": true}"
2026-09-21T00:26:35.305Z,worker-5799d849c5-66d8m,8d0e460a-5d59-44a2-9b1b-ce0d6f27aa11,worker,Running,True,1,1,0,"{""worker"": 0}","{""worker"": ""running""}",1,1,1,desktop-control-plane,True,"{""desktop-control-plane"": true}"
2026-09-21T00:26:40.306Z,api-5974b5bb7-lqxg5,b7340985-75b6-4ee6-94ae-219edb88b3cb,api,Running,False,0,1,0,"{""api"": 0}","{""api"": ""running""}",1,1,1,desktop-control-plane,True,"{""desktop-control-plane"": true}"
2026-09-21T00:26:40.306Z,flash-sale-image-loader,d97aac4b-6036-49d3-84fa-1eb65b06be9d,,Succeeded,False,0,1,0,"{""flash-sale-image-loader"": 0}","{""flash-sale-image-loader"": ""terminated""}",1,1,1,desktop-control-plane,True,"{""desktop-control-plane"": true}"
2026-09-21T00:26:40.306Z,gateway-d5b8cd646-k2t2j,73e11660-27e2-4f01-af00-a676bdd92091,gateway,Running,True,1,1,1,"{""gateway"": 1}","{""gateway"": ""running""}",1,1,1,desktop-control-plane,True,"{""desktop-control-plane"": true}"
2026-09-21T00:26:40.306Z,jaeger-7cc9b664cc-dkxmr,5f30629b-2b5b-4fec-9f8e-dd3583fe5c69,jaeger,Running,True,1,1,0,"{""jaeger"": 0}","{""jaeger"": ""running""}",1,1,1,desktop-control-plane,True,"{""desktop-control-plane"": true}"
2026-09-21T00:26:40.306Z,otel-collector-7c765745bf-hnzqr,5640ea7c-d391-4d91-a081-fdee2e1b37db,otel-collector,Running,True,1,1,0,"{""otel-collector"": 0}","{""otel-collector"": ""running""}",1,1,1,desktop-control-plane,True,"{""desktop-control-plane"": true}"
2026-09-21T00:26:40.306Z,postgres-676cc4986c-6s5kh,42b5b5b1-da74-46d8-bf66-d12e14fa3676,postgres,Running,True,1,1,0,"{""postgres"": 0}","{""postgres"": ""running""}",1,1,1,desktop-control-plane,True,"{""desktop-control-plane"": true}"
2026-09-21T00:26:40.306Z,prometheus-59f5cf7468-fksrh,de98abcd-712d-4d81-8fb2-59b3011304c6,prometheus,Running,True,1,1,0,"{""prometheus"": 0}","{""prometheus"": ""running""}",1,1,1,desktop-control-plane,True,"{""desktop-control-plane"": true}"
2026-09-21T00:26:40.306Z,rabbitmq-5cdf8f76b7-kdf8p,f02b29f9-8329-460a-9c69-31b755066885,rabbitmq,Running,True,1,1,0,"{""rabbitmq"": 0}","{""rabbitmq"": ""running""}",1,1,1,desktop-control-plane,True,"{""desktop-control-plane"": true}"
2026-09-21T00:26:40.306Z,worker-5799d849c5-66d8m,8d0e460a-5d59-44a2-9b1b-ce0d6f27aa11,worker,Running,True,1,1,0,"{""worker"": 0}","{""worker"": ""running""}",1,1,1,desktop-control-plane,True,"{""desktop-control-plane"": true}"
2026-09-21T00:26:45.306Z,api-5974b5bb7-lqxg5,b7340985-75b6-4ee6-94ae-219edb88b3cb,api,Running,False,0,1,0,"{""api"": 0}","{""api"": ""running""}",1,1,1,desktop-control-plane,True,"{""desktop-control-plane"": true}"
2026-09-21T00:26:45.306Z,flash-sale-image-loader,d97aac4b-6036-49d3-84fa-1eb65b06be9d,,Succeeded,False,0,1,0,"{""flash-sale-image-loader"": 0}","{""flash-sale-image-loader"": ""terminated""}",1,1,1,desktop-control-plane,True,"{""desktop-control-plane"": true}"
2026-09-21T00:26:45.306Z,gateway-d5b8cd646-k2t2j,73e11660-27e2-4f01-af00-a676bdd92091,gateway,Running,True,1,1,1,"{""gateway"": 1}","{""gateway"": ""running""}",1,1,1,desktop-control-plane,True,"{""desktop-control-plane"": true}"
2026-09-21T00:26:45.306Z,jaeger-7cc9b664cc-dkxmr,5f30629b-2b5b-4fec-9f8e-dd3583fe5c69,jaeger,Running,True,1,1,0,"{""jaeger"": 0}","{""jaeger"": ""running""}",1,1,1,desktop-control-plane,True,"{""desktop-control-plane"": true}"
2026-09-21T00:26:45.306Z,otel-collector-7c765745bf-hnzqr,5640ea7c-d391-4d91-a081-fdee2e1b37db,otel-collector,Running,True,1,1,0,"{""otel-collector"": 0}","{""otel-collector"": ""running""}",1,1,1,desktop-control-plane,True,"{""desktop-control-plane"": true}"
2026-09-21T00:26:45.306Z,postgres-676cc4986c-6s5kh,42b5b5b1-da74-46d8-bf66-d12e14fa3676,postgres,Running,True,1,1,0,"{""postgres"": 0}","{""postgres"": ""running""}",1,1,1,desktop-control-plane,True,"{""desktop-control-plane"": true}"
2026-09-21T00:26:45.306Z,prometheus-59f5cf7468-fksrh,de98abcd-712d-4d81-8fb2-59b3011304c6,prometheus,Running,True,1,1,0,"{""prometheus"": 0}","{""prometheus"": ""running""}",1,1,1,desktop-control-plane,True,"{""desktop-control-plane"": true}"
2026-09-21T00:26:45.306Z,rabbitmq-5cdf8f76b7-kdf8p,f02b29f9-8329-460a-9c69-31b755066885,rabbitmq,Running,True,1,1,0,"{""rabbitmq"": 0}","{""rabbitmq"": ""running""}",1,1,1,desktop-control-plane,True,"{""desktop-control-plane"": true}"
2026-09-21T00:26:45.306Z,worker-5799d849c5-66d8m,8d0e460a-5d59-44a2-9b1b-ce0d6f27aa11,worker,Running,True,1,1,0,"{""worker"": 0}","{""worker"": ""running""}",1,1,1,desktop-control-plane,True,"{""desktop-control-plane"": true}"
2026-09-21T00:26:50.306Z,api-5974b5bb7-lqxg5,b7340985-75b6-4ee6-94ae-219edb88b3cb,api,Running,False,0,1,1,"{""api"": 1}","{""api"": ""running""}",1,1,1,desktop-control-plane,True,"{""desktop-control-plane"": true}"
2026-09-21T00:26:50.306Z,flash-sale-image-loader,d97aac4b-6036-49d3-84fa-1eb65b06be9d,,Succeeded,False,0,1,0,"{""flash-sale-image-loader"": 0}","{""flash-sale-image-loader"": ""terminated""}",1,1,1,desktop-control-plane,True,"{""desktop-control-plane"": true}"
2026-09-21T00:26:50.306Z,gateway-d5b8cd646-k2t2j,73e11660-27e2-4f01-af00-a676bdd92091,gateway,Running,True,1,1,1,"{""gateway"": 1}","{""gateway"": ""running""}",1,1,1,desktop-control-plane,True,"{""desktop-control-plane"": true}"
2026-09-21T00:26:50.306Z,jaeger-7cc9b664cc-dkxmr,5f30629b-2b5b-4fec-9f8e-dd3583fe5c69,jaeger,Running,True,1,1,0,"{""jaeger"": 0}","{""jaeger"": ""running""}",1,1,1,desktop-control-plane,True,"{""desktop-control-plane"": true}"
2026-09-21T00:26:50.306Z,otel-collector-7c765745bf-hnzqr,5640ea7c-d391-4d91-a081-fdee2e1b37db,otel-collector,Running,True,1,1,0,"{""otel-collector"": 0}","{""otel-collector"": ""running""}",1,1,1,desktop-control-plane,True,"{""desktop-control-plane"": true}"
2026-09-21T00:26:50.306Z,postgres-676cc4986c-6s5kh,42b5b5b1-da74-46d8-bf66-d12e14fa3676,postgres,Running,True,1,1,0,"{""postgres"": 0}","{""postgres"": ""running""}",1,1,1,desktop-control-plane,True,"{""desktop-control-plane"": true}"
2026-09-21T00:26:50.306Z,prometheus-59f5cf7468-fksrh,de98abcd-712d-4d81-8fb2-59b3011304c6,prometheus,Running,True,1,1,0,"{""prometheus"": 0}","{""prometheus"": ""running""}",1,1,1,desktop-control-plane,True,"{""desktop-control-plane"": true}"
2026-09-21T00:26:50.306Z,rabbitmq-5cdf8f76b7-kdf8p,f02b29f9-8329-460a-9c69-31b755066885,rabbitmq,Running,True,1,1,0,"{""rabbitmq"": 0}","{""rabbitmq"": ""running""}",1,1,1,desktop-control-plane,True,"{""desktop-control-plane"": true}"
2026-09-21T00:26:50.306Z,worker-5799d849c5-66d8m,8d0e460a-5d59-44a2-9b1b-ce0d6f27aa11,worker,Running,True,1,1,0,"{""worker"": 0}","{""worker"": ""running""}",1,1,1,desktop-control-plane,True,"{""desktop-control-plane"": true}"
2026-09-21T00:26:55.307Z,api-5974b5bb7-lqxg5,b7340985-75b6-4ee6-94ae-219edb88b3cb,api,Running,False,0,1,1,"{""api"": 1}","{""api"": ""running""}",1,1,1,desktop-control-plane,True,"{""desktop-control-plane"": true}"
2026-09-21T00:26:55.307Z,flash-sale-image-loader,d97aac4b-6036-49d3-84fa-1eb65b06be9d,,Succeeded,False,0,1,0,"{""flash-sale-image-loader"": 0}","{""flash-sale-image-loader"": ""terminated""}",1,1,1,desktop-control-plane,True,"{""desktop-control-plane"": true}"
2026-09-21T00:26:55.307Z,gateway-d5b8cd646-k2t2j,73e11660-27e2-4f01-af00-a676bdd92091,gateway,Running,True,1,1,1,"{""gateway"": 1}","{""gateway"": ""running""}",1,1,1,desktop-control-plane,True,"{""desktop-control-plane"": true}"
2026-09-21T00:26:55.307Z,jaeger-7cc9b664cc-dkxmr,5f30629b-2b5b-4fec-9f8e-dd3583fe5c69,jaeger,Running,True,1,1,0,"{""jaeger"": 0}","{""jaeger"": ""running""}",1,1,1,desktop-control-plane,True,"{""desktop-control-plane"": true}"
2026-09-21T00:26:55.307Z,otel-collector-7c765745bf-hnzqr,5640ea7c-d391-4d91-a081-fdee2e1b37db,otel-collector,Running,True,1,1,0,"{""otel-collector"": 0}","{""otel-collector"": ""running""}",1,1,1,desktop-control-plane,True,"{""desktop-control-plane"": true}"
2026-09-21T00:26:55.307Z,postgres-676cc4986c-6s5kh,42b5b5b1-da74-46d8-bf66-d12e14fa3676,postgres,Running,True,1,1,0,"{""postgres"": 0}","{""postgres"": ""running""}",1,1,1,desktop-control-plane,True,"{""desktop-control-plane"": true}"
2026-09-21T00:26:55.307Z,prometheus-59f5cf7468-fksrh,de98abcd-712d-4d81-8fb2-59b3011304c6,prometheus,Running,True,1,1,0,"{""prometheus"": 0}","{""prometheus"": ""running""}",1,1,1,desktop-control-plane,True,"{""desktop-control-plane"": true}"
2026-09-21T00:26:55.307Z,rabbitmq-5cdf8f76b7-kdf8p,f02b29f9-8329-460a-9c69-31b755066885,rabbitmq,Running,True,1,1,0,"{""rabbitmq"": 0}","{""rabbitmq"": ""running""}",1,1,1,desktop-control-plane,True,"{""desktop-control-plane"": true}"
2026-09-21T00:26:55.307Z,worker-5799d849c5-66d8m,8d0e460a-5d59-44a2-9b1b-ce0d6f27aa11,worker,Running,True,1,1,0,"{""worker"": 0}","{""worker"": ""running""}",1,1,1,desktop-control-plane,True,"{""desktop-control-plane"": true}"
2026-09-21T00:27:00.307Z,api-5974b5bb7-lqxg5,b7340985-75b6-4ee6-94ae-219edb88b3cb,api,Running,True,1,1,1,"{""api"": 1}","{""api"": ""running""}",1,1,1,desktop-control-plane,True,"{""desktop-control-plane"": true}"
2026-09-21T00:27:00.307Z,flash-sale-image-loader,d97aac4b-6036-49d3-84fa-1eb65b06be9d,,Succeeded,False,0,1,0,"{""flash-sale-image-loader"": 0}","{""flash-sale-image-loader"": ""terminated""}",1,1,1,desktop-control-plane,True,"{""desktop-control-plane"": true}"
2026-09-21T00:27:00.307Z,gateway-d5b8cd646-k2t2j,73e11660-27e2-4f01-af00-a676bdd92091,gateway,Running,True,1,1,1,"{""gateway"": 1}","{""gateway"": ""running""}",1,1,1,desktop-control-plane,True,"{""desktop-control-plane"": true}"
2026-09-21T00:27:00.307Z,jaeger-7cc9b664cc-dkxmr,5f30629b-2b5b-4fec-9f8e-dd3583fe5c69,jaeger,Running,True,1,1,0,"{""jaeger"": 0}","{""jaeger"": ""running""}",1,1,1,desktop-control-plane,True,"{""desktop-control-plane"": true}"
2026-09-21T00:27:00.307Z,otel-collector-7c765745bf-hnzqr,5640ea7c-d391-4d91-a081-fdee2e1b37db,otel-collector,Running,True,1,1,0,"{""otel-collector"": 0}","{""otel-collector"": ""running""}",1,1,1,desktop-control-plane,True,"{""desktop-control-plane"": true}"
2026-09-21T00:27:00.307Z,postgres-676cc4986c-6s5kh,42b5b5b1-da74-46d8-bf66-d12e14fa3676,postgres,Running,True,1,1,0,"{""postgres"": 0}","{""postgres"": ""running""}",1,1,1,desktop-control-plane,True,"{""desktop-control-plane"": true}"
2026-09-21T00:27:00.307Z,prometheus-59f5cf7468-fksrh,de98abcd-712d-4d81-8fb2-59b3011304c6,prometheus,Running,True,1,1,0,"{""prometheus"": 0}","{""prometheus"": ""running""}",1,1,1,desktop-control-plane,True,"{""desktop-control-plane"": true}"
2026-09-21T00:27:00.307Z,rabbitmq-5cdf8f76b7-kdf8p,f02b29f9-8329-460a-9c69-31b755066885,rabbitmq,Running,True,1,1,0,"{""rabbitmq"": 0}","{""rabbitmq"": ""running""}",1,1,1,desktop-control-plane,True,"{""desktop-control-plane"": true}"
2026-09-21T00:27:00.307Z,worker-5799d849c5-66d8m,8d0e460a-5d59-44a2-9b1b-ce0d6f27aa11,worker,Running,True,1,1,0,"{""worker"": 0}","{""worker"": ""running""}",1,1,1,desktop-control-plane,True,"{""desktop-control-plane"": true}"
2026-09-21T00:27:05.308Z,api-5974b5bb7-lqxg5,b7340985-75b6-4ee6-94ae-219edb88b3cb,api,Running,True,1,1,1,"{""api"": 1}","{""api"": ""running""}",1,1,1,desktop-control-plane,True,"{""desktop-control-plane"": true}"
2026-09-21T00:27:05.308Z,flash-sale-image-loader,d97aac4b-6036-49d3-84fa-1eb65b06be9d,,Succeeded,False,0,1,0,"{""flash-sale-image-loader"": 0}","{""flash-sale-image-loader"": ""terminated""}",1,1,1,desktop-control-plane,True,"{""desktop-control-plane"": true}"
2026-09-21T00:27:05.308Z,gateway-d5b8cd646-k2t2j,73e11660-27e2-4f01-af00-a676bdd92091,gateway,Running,True,1,1,1,"{""gateway"": 1}","{""gateway"": ""running""}",1,1,1,desktop-control-plane,True,"{""desktop-control-plane"": true}"
2026-09-21T00:27:05.308Z,jaeger-7cc9b664cc-dkxmr,5f30629b-2b5b-4fec-9f8e-dd3583fe5c69,jaeger,Running,True,1,1,0,"{""jaeger"": 0}","{""jaeger"": ""running""}",1,1,1,desktop-control-plane,True,"{""desktop-control-plane"": true}"
2026-09-21T00:27:05.308Z,otel-collector-7c765745bf-hnzqr,5640ea7c-d391-4d91-a081-fdee2e1b37db,otel-collector,Running,True,1,1,0,"{""otel-collector"": 0}","{""otel-collector"": ""running""}",1,1,1,desktop-control-plane,True,"{""desktop-control-plane"": true}"
2026-09-21T00:27:05.308Z,postgres-676cc4986c-6s5kh,42b5b5b1-da74-46d8-bf66-d12e14fa3676,postgres,Running,True,1,1,0,"{""postgres"": 0}","{""postgres"": ""running""}",1,1,1,desktop-control-plane,True,"{""desktop-control-plane"": true}"
2026-09-21T00:27:05.308Z,prometheus-59f5cf7468-fksrh,de98abcd-712d-4d81-8fb2-59b3011304c6,prometheus,Running,True,1,1,0,"{""prometheus"": 0}","{""prometheus"": ""running""}",1,1,1,desktop-control-plane,True,"{""desktop-control-plane"": true}"
2026-09-21T00:27:05.308Z,rabbitmq-5cdf8f76b7-kdf8p,f02b29f9-8329-460a-9c69-31b755066885,rabbitmq,Running,True,1,1,0,"{""rabbitmq"": 0}","{""rabbitmq"": ""running""}",1,1,1,desktop-control-plane,True,"{""desktop-control-plane"": true}"
2026-09-21T00:27:05.308Z,worker-5799d849c5-66d8m,8d0e460a-5d59-44a2-9b1b-ce0d6f27aa11,worker,Running,True,1,1,0,"{""worker"": 0}","{""worker"": ""running""}",1,1,1,desktop-control-plane,True,"{""desktop-control-plane"": true}"
2026-09-21T00:27:10.308Z,api-5974b5bb7-lqxg5,b7340985-75b6-4ee6-94ae-219edb88b3cb,api,Running,True,1,1,1,"{""api"": 1}","{""api"": ""running""}",1,1,1,desktop-control-plane,True,"{""desktop-control-plane"": true}"
2026-09-21T00:27:10.308Z,flash-sale-image-loader,d97aac4b-6036-49d3-84fa-1eb65b06be9d,,Succeeded,False,0,1,0,"{""flash-sale-image-loader"": 0}","{""flash-sale-image-loader"": ""terminated""}",1,1,1,desktop-control-plane,True,"{""desktop-control-plane"": true}"
2026-09-21T00:27:10.308Z,gateway-d5b8cd646-k2t2j,73e11660-27e2-4f01-af00-a676bdd92091,gateway,Running,True,1,1,1,"{""gateway"": 1}","{""gateway"": ""running""}",1,1,1,desktop-control-plane,True,"{""desktop-control-plane"": true}"
2026-09-21T00:27:10.308Z,jaeger-7cc9b664cc-dkxmr,5f30629b-2b5b-4fec-9f8e-dd3583fe5c69,jaeger,Running,True,1,1,0,"{""jaeger"": 0}","{""jaeger"": ""running""}",1,1,1,desktop-control-plane,True,"{""desktop-control-plane"": true}"
2026-09-21T00:27:10.308Z,otel-collector-7c765745bf-hnzqr,5640ea7c-d391-4d91-a081-fdee2e1b37db,otel-collector,Running,True,1,1,0,"{""otel-collector"": 0}","{""otel-collector"": ""running""}",1,1,1,desktop-control-plane,True,"{""desktop-control-plane"": true}"
2026-09-21T00:27:10.308Z,postgres-676cc4986c-6s5kh,42b5b5b1-da74-46d8-bf66-d12e14fa3676,postgres,Running,True,1,1,0,"{""postgres"": 0}","{""postgres"": ""running""}",1,1,1,desktop-control-plane,True,"{""desktop-control-plane"": true}"
2026-09-21T00:27:10.308Z,prometheus-59f5cf7468-fksrh,de98abcd-712d-4d81-8fb2-59b3011304c6,prometheus,Running,True,1,1,0,"{""prometheus"": 0}","{""prometheus"": ""running""}",1,1,1,desktop-control-plane,True,"{""desktop-control-plane"": true}"
2026-09-21T00:27:10.308Z,rabbitmq-5cdf8f76b7-kdf8p,f02b29f9-8329-460a-9c69-31b755066885,rabbitmq,Running,True,1,1,0,"{""rabbitmq"": 0}","{""rabbitmq"": ""running""}",1,1,1,desktop-control-plane,True,"{""desktop-control-plane"": true}"
2026-09-21T00:27:10.308Z,worker-5799d849c5-66d8m,8d0e460a-5d59-44a2-9b1b-ce0d6f27aa11,worker,Running,True,1,1,0,"{""worker"": 0}","{""worker"": ""running""}",1,1,1,desktop-control-plane,True,"{""desktop-control-plane"": true}"
2026-09-21T00:27:15.309Z,api-5974b5bb7-lqxg5,b7340985-75b6-4ee6-94ae-219edb88b3cb,api,Running,True,1,1,1,"{""api"": 1}","{""api"": ""running""}",1,1,1,desktop-control-plane,True,"{""desktop-control-plane"": true}"
2026-09-21T00:27:15.309Z,flash-sale-image-loader,d97aac4b-6036-49d3-84fa-1eb65b06be9d,,Succeeded,False,0,1,0,"{""flash-sale-image-loader"": 0}","{""flash-sale-image-loader"": ""terminated""}",1,1,1,desktop-control-plane,True,"{""desktop-control-plane"": true}"
2026-09-21T00:27:15.309Z,gateway-d5b8cd646-k2t2j,73e11660-27e2-4f01-af00-a676bdd92091,gateway,Running,True,1,1,1,"{""gateway"": 1}","{""gateway"": ""running""}",1,1,1,desktop-control-plane,True,"{""desktop-control-plane"": true}"
2026-09-21T00:27:15.309Z,jaeger-7cc9b664cc-dkxmr,5f30629b-2b5b-4fec-9f8e-dd3583fe5c69,jaeger,Running,True,1,1,0,"{""jaeger"": 0}","{""jaeger"": ""running""}",1,1,1,desktop-control-plane,True,"{""desktop-control-plane"": true}"
2026-09-21T00:27:15.309Z,otel-collector-7c765745bf-hnzqr,5640ea7c-d391-4d91-a081-fdee2e1b37db,otel-collector,Running,True,1,1,0,"{""otel-collector"": 0}","{""otel-collector"": ""running""}",1,1,1,desktop-control-plane,True,"{""desktop-control-plane"": true}"
2026-09-21T00:27:15.309Z,postgres-676cc4986c-6s5kh,42b5b5b1-da74-46d8-bf66-d12e14fa3676,postgres,Running,True,1,1,0,"{""postgres"": 0}","{""postgres"": ""running""}",1,1,1,desktop-control-plane,True,"{""desktop-control-plane"": true}"
2026-09-21T00:27:15.309Z,prometheus-59f5cf7468-fksrh,de98abcd-712d-4d81-8fb2-59b3011304c6,prometheus,Running,True,1,1,0,"{""prometheus"": 0}","{""prometheus"": ""running""}",1,1,1,desktop-control-plane,True,"{""desktop-control-plane"": true}"
2026-09-21T00:27:15.309Z,rabbitmq-5cdf8f76b7-kdf8p,f02b29f9-8329-460a-9c69-31b755066885,rabbitmq,Running,True,1,1,0,"{""rabbitmq"": 0}","{""rabbitmq"": ""running""}",1,1,1,desktop-control-plane,True,"{""desktop-control-plane"": true}"
2026-09-21T00:27:15.309Z,worker-5799d849c5-66d8m,8d0e460a-5d59-44a2-9b1b-ce0d6f27aa11,worker,Running,True,1,1,0,"{""worker"": 0}","{""worker"": ""running""}",1,1,1,desktop-control-plane,True,"{""desktop-control-plane"": true}"
2026-09-21T00:27:20.309Z,api-5974b5bb7-lqxg5,b7340985-75b6-4ee6-94ae-219edb88b3cb,api,Running,True,1,1,1,"{""api"": 1}","{""api"": ""running""}",1,1,1,desktop-control-plane,True,"{""desktop-control-plane"": true}"
2026-09-21T00:27:20.309Z,flash-sale-image-loader,d97aac4b-6036-49d3-84fa-1eb65b06be9d,,Succeeded,False,0,1,0,"{""flash-sale-image-loader"": 0}","{""flash-sale-image-loader"": ""terminated""}",1,1,1,desktop-control-plane,True,"{""desktop-control-plane"": true}"
2026-09-21T00:27:20.309Z,gateway-d5b8cd646-k2t2j,73e11660-27e2-4f01-af00-a676bdd92091,gateway,Running,True,1,1,1,"{""gateway"": 1}","{""gateway"": ""running""}",1,1,1,desktop-control-plane,True,"{""desktop-control-plane"": true}"
2026-09-21T00:27:20.309Z,jaeger-7cc9b664cc-dkxmr,5f30629b-2b5b-4fec-9f8e-dd3583fe5c69,jaeger,Running,True,1,1,0,"{""jaeger"": 0}","{""jaeger"": ""running""}",1,1,1,desktop-control-plane,True,"{""desktop-control-plane"": true}"
2026-09-21T00:27:20.309Z,otel-collector-7c765745bf-hnzqr,5640ea7c-d391-4d91-a081-fdee2e1b37db,otel-collector,Running,True,1,1,0,"{""otel-collector"": 0}","{""otel-collector"": ""running""}",1,1,1,desktop-control-plane,True,"{""desktop-control-plane"": true}"
2026-09-21T00:27:20.309Z,postgres-676cc4986c-6s5kh,42b5b5b1-da74-46d8-bf66-d12e14fa3676,postgres,Running,True,1,1,0,"{""postgres"": 0}","{""postgres"": ""running""}",1,1,1,desktop-control-plane,True,"{""desktop-control-plane"": true}"
2026-09-21T00:27:20.309Z,prometheus-59f5cf7468-fksrh,de98abcd-712d-4d81-8fb2-59b3011304c6,prometheus,Running,True,1,1,0,"{""prometheus"": 0}","{""prometheus"": ""running""}",1,1,1,desktop-control-plane,True,"{""desktop-control-plane"": true}"
2026-09-21T00:27:20.309Z,rabbitmq-5cdf8f76b7-kdf8p,f02b29f9-8329-460a-9c69-31b755066885,rabbitmq,Running,True,1,1,0,"{""rabbitmq"": 0}","{""rabbitmq"": ""running""}",1,1,1,desktop-control-plane,True,"{""desktop-control-plane"": true}"
2026-09-21T00:27:20.309Z,worker-5799d849c5-66d8m,8d0e460a-5d59-44a2-9b1b-ce0d6f27aa11,worker,Running,True,1,1,0,"{""worker"": 0}","{""worker"": ""running""}",1,1,1,desktop-control-plane,True,"{""desktop-control-plane"": true}"
2026-09-21T00:27:25.310Z,api-5974b5bb7-lqxg5,b7340985-75b6-4ee6-94ae-219edb88b3cb,api,Running,True,1,1,1,"{""api"": 1}","{""api"": ""running""}",1,1,1,desktop-control-plane,True,"{""desktop-control-plane"": true}"
2026-09-21T00:27:25.310Z,flash-sale-image-loader,d97aac4b-6036-49d3-84fa-1eb65b06be9d,,Succeeded,False,0,1,0,"{""flash-sale-image-loader"": 0}","{""flash-sale-image-loader"": ""terminated""}",1,1,1,desktop-control-plane,True,"{""desktop-control-plane"": true}"
2026-09-21T00:27:25.310Z,gateway-d5b8cd646-k2t2j,73e11660-27e2-4f01-af00-a676bdd92091,gateway,Running,True,1,1,1,"{""gateway"": 1}","{""gateway"": ""running""}",1,1,1,desktop-control-plane,True,"{""desktop-control-plane"": true}"
2026-09-21T00:27:25.310Z,jaeger-7cc9b664cc-dkxmr,5f30629b-2b5b-4fec-9f8e-dd3583fe5c69,jaeger,Running,True,1,1,0,"{""jaeger"": 0}","{""jaeger"": ""running""}",1,1,1,desktop-control-plane,True,"{""desktop-control-plane"": true}"
2026-09-21T00:27:25.310Z,otel-collector-7c765745bf-hnzqr,5640ea7c-d391-4d91-a081-fdee2e1b37db,otel-collector,Running,True,1,1,0,"{""otel-collector"": 0}","{""otel-collector"": ""running""}",1,1,1,desktop-control-plane,True,"{""desktop-control-plane"": true}"
2026-09-21T00:27:25.310Z,postgres-676cc4986c-6s5kh,42b5b5b1-da74-46d8-bf66-d12e14fa3676,postgres,Running,True,1,1,0,"{""postgres"": 0}","{""postgres"": ""running""}",1,1,1,desktop-control-plane,True,"{""desktop-control-plane"": true}"
2026-09-21T00:27:25.310Z,prometheus-59f5cf7468-fksrh,de98abcd-712d-4d81-8fb2-59b3011304c6,prometheus,Running,True,1,1,0,"{""prometheus"": 0}","{""prometheus"": ""running""}",1,1,1,desktop-control-plane,True,"{""desktop-control-plane"": true}"
2026-09-21T00:27:25.310Z,rabbitmq-5cdf8f76b7-kdf8p,f02b29f9-8329-460a-9c69-31b755066885,rabbitmq,Running,True,1,1,0,"{""rabbitmq"": 0}","{""rabbitmq"": ""running""}",1,1,1,desktop-control-plane,True,"{""desktop-control-plane"": true}"
2026-09-21T00:27:25.310Z,worker-5799d849c5-66d8m,8d0e460a-5d59-44a2-9b1b-ce0d6f27aa11,worker,Running,True,1,1,0,"{""worker"": 0}","{""worker"": ""running""}",1,1,1,desktop-control-plane,True,"{""desktop-control-plane"": true}"
2026-09-21T00:27:30.310Z,api-5974b5bb7-lqxg5,b7340985-75b6-4ee6-94ae-219edb88b3cb,api,Running,True,1,1,1,"{""api"": 1}","{""api"": ""running""}",1,1,1,desktop-control-plane,True,"{""desktop-control-plane"": true}"
2026-09-21T00:27:30.310Z,flash-sale-image-loader,d97aac4b-6036-49d3-84fa-1eb65b06be9d,,Succeeded,False,0,1,0,"{""flash-sale-image-loader"": 0}","{""flash-sale-image-loader"": ""terminated""}",1,1,1,desktop-control-plane,True,"{""desktop-control-plane"": true}"
2026-09-21T00:27:30.310Z,gateway-d5b8cd646-k2t2j,73e11660-27e2-4f01-af00-a676bdd92091,gateway,Running,True,1,1,1,"{""gateway"": 1}","{""gateway"": ""running""}",1,1,1,desktop-control-plane,True,"{""desktop-control-plane"": true}"
2026-09-21T00:27:30.310Z,jaeger-7cc9b664cc-dkxmr,5f30629b-2b5b-4fec-9f8e-dd3583fe5c69,jaeger,Running,True,1,1,0,"{""jaeger"": 0}","{""jaeger"": ""running""}",1,1,1,desktop-control-plane,True,"{""desktop-control-plane"": true}"
2026-09-21T00:27:30.310Z,otel-collector-7c765745bf-hnzqr,5640ea7c-d391-4d91-a081-fdee2e1b37db,otel-collector,Running,True,1,1,0,"{""otel-collector"": 0}","{""otel-collector"": ""running""}",1,1,1,desktop-control-plane,True,"{""desktop-control-plane"": true}"
2026-09-21T00:27:30.310Z,postgres-676cc4986c-6s5kh,42b5b5b1-da74-46d8-bf66-d12e14fa3676,postgres,Running,True,1,1,0,"{""postgres"": 0}","{""postgres"": ""running""}",1,1,1,desktop-control-plane,True,"{""desktop-control-plane"": true}"
2026-09-21T00:27:30.310Z,prometheus-59f5cf7468-fksrh,de98abcd-712d-4d81-8fb2-59b3011304c6,prometheus,Running,True,1,1,0,"{""prometheus"": 0}","{""prometheus"": ""running""}",1,1,1,desktop-control-plane,True,"{""desktop-control-plane"": true}"
2026-09-21T00:27:30.310Z,rabbitmq-5cdf8f76b7-kdf8p,f02b29f9-8329-460a-9c69-31b755066885,rabbitmq,Running,True,1,1,0,"{""rabbitmq"": 0}","{""rabbitmq"": ""running""}",1,1,1,desktop-control-plane,True,"{""desktop-control-plane"": true}"
2026-09-21T00:27:30.310Z,worker-5799d849c5-66d8m,8d0e460a-5d59-44a2-9b1b-ce0d6f27aa11,worker,Running,True,1,1,0,"{""worker"": 0}","{""worker"": ""running""}",1,1,1,desktop-control-plane,True,"{""desktop-control-plane"": true}"
2026-09-21T00:27:35.311Z,api-5974b5bb7-lqxg5,b7340985-75b6-4ee6-94ae-219edb88b3cb,api,Running,True,1,1,1,"{""api"": 1}","{""api"": ""running""}",1,1,1,desktop-control-plane,True,"{""desktop-control-plane"": true}"
2026-09-21T00:27:35.311Z,flash-sale-image-loader,d97aac4b-6036-49d3-84fa-1eb65b06be9d,,Succeeded,False,0,1,0,"{""flash-sale-image-loader"": 0}","{""flash-sale-image-loader"": ""terminated""}",1,1,1,desktop-control-plane,True,"{""desktop-control-plane"": true}"
2026-09-21T00:27:35.311Z,gateway-d5b8cd646-k2t2j,73e11660-27e2-4f01-af00-a676bdd92091,gateway,Running,True,1,1,1,"{""gateway"": 1}","{""gateway"": ""running""}",1,1,1,desktop-control-plane,True,"{""desktop-control-plane"": true}"
2026-09-21T00:27:35.311Z,jaeger-7cc9b664cc-dkxmr,5f30629b-2b5b-4fec-9f8e-dd3583fe5c69,jaeger,Running,True,1,1,0,"{""jaeger"": 0}","{""jaeger"": ""running""}",1,1,1,desktop-control-plane,True,"{""desktop-control-plane"": true}"
2026-09-21T00:27:35.311Z,otel-collector-7c765745bf-hnzqr,5640ea7c-d391-4d91-a081-fdee2e1b37db,otel-collector,Running,True,1,1,0,"{""otel-collector"": 0}","{""otel-collector"": ""running""}",1,1,1,desktop-control-plane,True,"{""desktop-control-plane"": true}"
2026-09-21T00:27:35.311Z,postgres-676cc4986c-6s5kh,42b5b5b1-da74-46d8-bf66-d12e14fa3676,postgres,Running,True,1,1,0,"{""postgres"": 0}","{""postgres"": ""running""}",1,1,1,desktop-control-plane,True,"{""desktop-control-plane"": true}"
2026-09-21T00:27:35.311Z,prometheus-59f5cf7468-fksrh,de98abcd-712d-4d81-8fb2-59b3011304c6,prometheus,Running,True,1,1,0,"{""prometheus"": 0}","{""prometheus"": ""running""}",1,1,1,desktop-control-plane,True,"{""desktop-control-plane"": true}"
2026-09-21T00:27:35.311Z,rabbitmq-5cdf8f76b7-kdf8p,f02b29f9-8329-460a-9c69-31b755066885,rabbitmq,Running,True,1,1,0,"{""rabbitmq"": 0}","{""rabbitmq"": ""running""}",1,1,1,desktop-control-plane,True,"{""desktop-control-plane"": true}"
2026-09-21T00:27:35.311Z,worker-5799d849c5-66d8m,8d0e460a-5d59-44a2-9b1b-ce0d6f27aa11,worker,Running,True,1,1,0,"{""worker"": 0}","{""worker"": ""running""}",1,1,1,desktop-control-plane,True,"{""desktop-control-plane"": true}"
2026-09-21T00:27:40.311Z,api-5974b5bb7-lqxg5,b7340985-75b6-4ee6-94ae-219edb88b3cb,api,Running,True,1,1,1,"{""api"": 1}","{""api"": ""running""}",1,1,1,desktop-control-plane,True,"{""desktop-control-plane"": true}"
2026-09-21T00:27:40.311Z,flash-sale-image-loader,d97aac4b-6036-49d3-84fa-1eb65b06be9d,,Succeeded,False,0,1,0,"{""flash-sale-image-loader"": 0}","{""flash-sale-image-loader"": ""terminated""}",1,1,1,desktop-control-plane,True,"{""desktop-control-plane"": true}"
2026-09-21T00:27:40.311Z,gateway-d5b8cd646-k2t2j,73e11660-27e2-4f01-af00-a676bdd92091,gateway,Running,True,1,1,1,"{""gateway"": 1}","{""gateway"": ""running""}",1,1,1,desktop-control-plane,True,"{""desktop-control-plane"": true}"
2026-09-21T00:27:40.311Z,jaeger-7cc9b664cc-dkxmr,5f30629b-2b5b-4fec-9f8e-dd3583fe5c69,jaeger,Running,True,1,1,0,"{""jaeger"": 0}","{""jaeger"": ""running""}",1,1,1,desktop-control-plane,True,"{""desktop-control-plane"": true}"
2026-09-21T00:27:40.311Z,otel-collector-7c765745bf-hnzqr,5640ea7c-d391-4d91-a081-fdee2e1b37db,otel-collector,Running,True,1,1,0,"{""otel-collector"": 0}","{""otel-collector"": ""running""}",1,1,1,desktop-control-plane,True,"{""desktop-control-plane"": true}"
2026-09-21T00:27:40.311Z,postgres-676cc4986c-6s5kh,42b5b5b1-da74-46d8-bf66-d12e14fa3676,postgres,Running,True,1,1,0,"{""postgres"": 0}","{""postgres"": ""running""}",1,1,1,desktop-control-plane,True,"{""desktop-control-plane"": true}"
2026-09-21T00:27:40.311Z,prometheus-59f5cf7468-fksrh,de98abcd-712d-4d81-8fb2-59b3011304c6,prometheus,Running,True,1,1,0,"{""prometheus"": 0}","{""prometheus"": ""running""}",1,1,1,desktop-control-plane,True,"{""desktop-control-plane"": true}"
2026-09-21T00:27:40.311Z,rabbitmq-5cdf8f76b7-kdf8p,f02b29f9-8329-460a-9c69-31b755066885,rabbitmq,Running,True,1,1,0,"{""rabbitmq"": 0}","{""rabbitmq"": ""running""}",1,1,1,desktop-control-plane,True,"{""desktop-control-plane"": true}"
2026-09-21T00:27:40.311Z,worker-5799d849c5-66d8m,8d0e460a-5d59-44a2-9b1b-ce0d6f27aa11,worker,Running,True,1,1,0,"{""worker"": 0}","{""worker"": ""running""}",1,1,1,desktop-control-plane,True,"{""desktop-control-plane"": true}"
