timestamp,pod,app,phase,pod_ready,ready_containers,total_containers,restart_count,container_restarts,container_states,api_pod_count,node,all_nodes_ready,node_states
2026-09-10T18:18:11.197Z,api-fd7cfdd89-lm2bq,api,Running,True,1,1,2,"{""api"": 2}","{""api"": ""running""}",1,desktop-control-plane,True,"{""desktop-control-plane"": true}"
2026-09-10T18:18:11.197Z,jaeger-7cc9b664cc-l7j8l,jaeger,Running,True,1,1,0,"{""jaeger"": 0}","{""jaeger"": ""running""}",1,desktop-control-plane,True,"{""desktop-control-plane"": true}"
2026-09-10T18:18:11.197Z,otel-collector-7c765745bf-kgnz4,otel-collector,Running,True,1,1,0,"{""otel-collector"": 0}","{""otel-collector"": ""running""}",1,desktop-control-plane,True,"{""desktop-control-plane"": true}"
2026-09-10T18:18:11.197Z,postgres-676cc4986c-d4nsp,postgres,Running,True,1,1,0,"{""postgres"": 0}","{""postgres"": ""running""}",1,desktop-control-plane,True,"{""desktop-control-plane"": true}"
2026-09-10T18:18:11.197Z,prometheus-59f5cf7468-5j5v2,prometheus,Running,True,1,1,0,"{""prometheus"": 0}","{""prometheus"": ""running""}",1,desktop-control-plane,True,"{""desktop-control-plane"": true}"
2026-09-10T18:18:11.197Z,rabbitmq-5cdf8f76b7-5w84p,rabbitmq,Running,True,1,1,0,"{""rabbitmq"": 0}","{""rabbitmq"": ""running""}",1,desktop-control-plane,True,"{""desktop-control-plane"": true}"
2026-09-10T18:18:11.197Z,worker-5fc94dd887-hsctd,worker,Running,True,1,1,0,"{""worker"": 0}","{""worker"": ""running""}",1,desktop-control-plane,True,"{""desktop-control-plane"": true}"
2026-09-10T18:18:16.197Z,api-fd7cfdd89-lm2bq,api,Running,True,1,1,2,"{""api"": 2}","{""api"": ""running""}",1,desktop-control-plane,True,"{""desktop-control-plane"": true}"
2026-09-10T18:18:16.197Z,jaeger-7cc9b664cc-l7j8l,jaeger,Running,True,1,1,0,"{""jaeger"": 0}","{""jaeger"": ""running""}",1,desktop-control-plane,True,"{""desktop-control-plane"": true}"
2026-09-10T18:18:16.197Z,otel-collector-7c765745bf-kgnz4,otel-collector,Running,True,1,1,0,"{""otel-collector"": 0}","{""otel-collector"": ""running""}",1,desktop-control-plane,True,"{""desktop-control-plane"": true}"
2026-09-10T18:18:16.197Z,postgres-676cc4986c-d4nsp,postgres,Running,True,1,1,0,"{""postgres"": 0}","{""postgres"": ""running""}",1,desktop-control-plane,True,"{""desktop-control-plane"": true}"
2026-09-10T18:18:16.197Z,prometheus-59f5cf7468-5j5v2,prometheus,Running,True,1,1,0,"{""prometheus"": 0}","{""prometheus"": ""running""}",1,desktop-control-plane,True,"{""desktop-control-plane"": true}"
2026-09-10T18:18:16.197Z,rabbitmq-5cdf8f76b7-5w84p,rabbitmq,Running,True,1,1,0,"{""rabbitmq"": 0}","{""rabbitmq"": ""running""}",1,desktop-control-plane,True,"{""desktop-control-plane"": true}"
2026-09-10T18:18:16.197Z,worker-5fc94dd887-hsctd,worker,Running,True,1,1,0,"{""worker"": 0}","{""worker"": ""running""}",1,desktop-control-plane,True,"{""desktop-control-plane"": true}"
2026-09-10T18:18:21.198Z,api-fd7cfdd89-lm2bq,api,Running,True,1,1,2,"{""api"": 2}","{""api"": ""running""}",1,desktop-control-plane,True,"{""desktop-control-plane"": true}"
2026-09-10T18:18:21.198Z,jaeger-7cc9b664cc-l7j8l,jaeger,Running,True,1,1,0,"{""jaeger"": 0}","{""jaeger"": ""running""}",1,desktop-control-plane,True,"{""desktop-control-plane"": true}"
2026-09-10T18:18:21.198Z,otel-collector-7c765745bf-kgnz4,otel-collector,Running,True,1,1,0,"{""otel-collector"": 0}","{""otel-collector"": ""running""}",1,desktop-control-plane,True,"{""desktop-control-plane"": true}"
2026-09-10T18:18:21.198Z,postgres-676cc4986c-d4nsp,postgres,Running,True,1,1,0,"{""postgres"": 0}","{""postgres"": ""running""}",1,desktop-control-plane,True,"{""desktop-control-plane"": true}"
2026-09-10T18:18:21.198Z,prometheus-59f5cf7468-5j5v2,prometheus,Running,True,1,1,0,"{""prometheus"": 0}","{""prometheus"": ""running""}",1,desktop-control-plane,True,"{""desktop-control-plane"": true}"
2026-09-10T18:18:21.198Z,rabbitmq-5cdf8f76b7-5w84p,rabbitmq,Running,True,1,1,0,"{""rabbitmq"": 0}","{""rabbitmq"": ""running""}",1,desktop-control-plane,True,"{""desktop-control-plane"": true}"
2026-09-10T18:18:21.198Z,worker-5fc94dd887-hsctd,worker,Running,True,1,1,0,"{""worker"": 0}","{""worker"": ""running""}",1,desktop-control-plane,True,"{""desktop-control-plane"": true}"
2026-09-10T18:18:26.198Z,api-fd7cfdd89-lm2bq,api,Running,True,1,1,2,"{""api"": 2}","{""api"": ""running""}",1,desktop-control-plane,True,"{""desktop-control-plane"": true}"
2026-09-10T18:18:26.198Z,jaeger-7cc9b664cc-l7j8l,jaeger,Running,True,1,1,0,"{""jaeger"": 0}","{""jaeger"": ""running""}",1,desktop-control-plane,True,"{""desktop-control-plane"": true}"
2026-09-10T18:18:26.198Z,otel-collector-7c765745bf-kgnz4,otel-collector,Running,True,1,1,0,"{""otel-collector"": 0}","{""otel-collector"": ""running""}",1,desktop-control-plane,True,"{""desktop-control-plane"": true}"
2026-09-10T18:18:26.198Z,postgres-676cc4986c-d4nsp,postgres,Running,True,1,1,0,"{""postgres"": 0}","{""postgres"": ""running""}",1,desktop-control-plane,True,"{""desktop-control-plane"": true}"
2026-09-10T18:18:26.198Z,prometheus-59f5cf7468-5j5v2,prometheus,Running,True,1,1,0,"{""prometheus"": 0}","{""prometheus"": ""running""}",1,desktop-control-plane,True,"{""desktop-control-plane"": true}"
2026-09-10T18:18:26.198Z,rabbitmq-5cdf8f76b7-5w84p,rabbitmq,Running,True,1,1,0,"{""rabbitmq"": 0}","{""rabbitmq"": ""running""}",1,desktop-control-plane,True,"{""desktop-control-plane"": true}"
2026-09-10T18:18:26.198Z,worker-5fc94dd887-hsctd,worker,Running,True,1,1,0,"{""worker"": 0}","{""worker"": ""running""}",1,desktop-control-plane,True,"{""desktop-control-plane"": true}"
2026-09-10T18:18:31.199Z,api-fd7cfdd89-lm2bq,api,Running,True,1,1,2,"{""api"": 2}","{""api"": ""running""}",1,desktop-control-plane,True,"{""desktop-control-plane"": true}"
2026-09-10T18:18:31.199Z,jaeger-7cc9b664cc-l7j8l,jaeger,Running,True,1,1,0,"{""jaeger"": 0}","{""jaeger"": ""running""}",1,desktop-control-plane,True,"{""desktop-control-plane"": true}"
2026-09-10T18:18:31.199Z,otel-collector-7c765745bf-kgnz4,otel-collector,Running,True,1,1,0,"{""otel-collector"": 0}","{""otel-collector"": ""running""}",1,desktop-control-plane,True,"{""desktop-control-plane"": true}"
2026-09-10T18:18:31.199Z,postgres-676cc4986c-d4nsp,postgres,Running,True,1,1,0,"{""postgres"": 0}","{""postgres"": ""running""}",1,desktop-control-plane,True,"{""desktop-control-plane"": true}"
2026-09-10T18:18:31.199Z,prometheus-59f5cf7468-5j5v2,prometheus,Running,True,1,1,0,"{""prometheus"": 0}","{""prometheus"": ""running""}",1,desktop-control-plane,True,"{""desktop-control-plane"": true}"
2026-09-10T18:18:31.199Z,rabbitmq-5cdf8f76b7-5w84p,rabbitmq,Running,True,1,1,0,"{""rabbitmq"": 0}","{""rabbitmq"": ""running""}",1,desktop-control-plane,True,"{""desktop-control-plane"": true}"
2026-09-10T18:18:31.199Z,worker-5fc94dd887-hsctd,worker,Running,True,1,1,0,"{""worker"": 0}","{""worker"": ""running""}",1,desktop-control-plane,True,"{""desktop-control-plane"": true}"
2026-09-10T18:18:36.199Z,api-fd7cfdd89-lm2bq,api,Running,True,1,1,2,"{""api"": 2}","{""api"": ""running""}",1,desktop-control-plane,True,"{""desktop-control-plane"": true}"
2026-09-10T18:18:36.199Z,jaeger-7cc9b664cc-l7j8l,jaeger,Running,True,1,1,0,"{""jaeger"": 0}","{""jaeger"": ""running""}",1,desktop-control-plane,True,"{""desktop-control-plane"": true}"
2026-09-10T18:18:36.199Z,otel-collector-7c765745bf-kgnz4,otel-collector,Running,True,1,1,0,"{""otel-collector"": 0}","{""otel-collector"": ""running""}",1,desktop-control-plane,True,"{""desktop-control-plane"": true}"
2026-09-10T18:18:36.199Z,postgres-676cc4986c-d4nsp,postgres,Running,True,1,1,0,"{""postgres"": 0}","{""postgres"": ""running""}",1,desktop-control-plane,True,"{""desktop-control-plane"": true}"
2026-09-10T18:18:36.199Z,prometheus-59f5cf7468-5j5v2,prometheus,Running,True,1,1,0,"{""prometheus"": 0}","{""prometheus"": ""running""}",1,desktop-control-plane,True,"{""desktop-control-plane"": true}"
2026-09-10T18:18:36.199Z,rabbitmq-5cdf8f76b7-5w84p,rabbitmq,Running,True,1,1,0,"{""rabbitmq"": 0}","{""rabbitmq"": ""running""}",1,desktop-control-plane,True,"{""desktop-control-plane"": true}"
2026-09-10T18:18:36.199Z,worker-5fc94dd887-hsctd,worker,Running,True,1,1,0,"{""worker"": 0}","{""worker"": ""running""}",1,desktop-control-plane,True,"{""desktop-control-plane"": true}"
2026-09-10T18:18:41.200Z,api-fd7cfdd89-lm2bq,api,Running,True,1,1,2,"{""api"": 2}","{""api"": ""running""}",1,desktop-control-plane,True,"{""desktop-control-plane"": true}"
2026-09-10T18:18:41.200Z,jaeger-7cc9b664cc-l7j8l,jaeger,Running,True,1,1,0,"{""jaeger"": 0}","{""jaeger"": ""running""}",1,desktop-control-plane,True,"{""desktop-control-plane"": true}"
2026-09-10T18:18:41.200Z,otel-collector-7c765745bf-kgnz4,otel-collector,Running,True,1,1,0,"{""otel-collector"": 0}","{""otel-collector"": ""running""}",1,desktop-control-plane,True,"{""desktop-control-plane"": true}"
2026-09-10T18:18:41.200Z,postgres-676cc4986c-d4nsp,postgres,Running,True,1,1,0,"{""postgres"": 0}","{""postgres"": ""running""}",1,desktop-control-plane,True,"{""desktop-control-plane"": true}"
2026-09-10T18:18:41.200Z,prometheus-59f5cf7468-5j5v2,prometheus,Running,True,1,1,0,"{""prometheus"": 0}","{""prometheus"": ""running""}",1,desktop-control-plane,True,"{""desktop-control-plane"": true}"
2026-09-10T18:18:41.200Z,rabbitmq-5cdf8f76b7-5w84p,rabbitmq,Running,True,1,1,0,"{""rabbitmq"": 0}","{""rabbitmq"": ""running""}",1,desktop-control-plane,True,"{""desktop-control-plane"": true}"
2026-09-10T18:18:41.200Z,worker-5fc94dd887-hsctd,worker,Running,True,1,1,0,"{""worker"": 0}","{""worker"": ""running""}",1,desktop-control-plane,True,"{""desktop-control-plane"": true}"
2026-09-10T18:18:46.200Z,api-fd7cfdd89-lm2bq,api,Running,True,1,1,2,"{""api"": 2}","{""api"": ""running""}",1,desktop-control-plane,True,"{""desktop-control-plane"": true}"
2026-09-10T18:18:46.200Z,jaeger-7cc9b664cc-l7j8l,jaeger,Running,True,1,1,0,"{""jaeger"": 0}","{""jaeger"": ""running""}",1,desktop-control-plane,True,"{""desktop-control-plane"": true}"
2026-09-10T18:18:46.200Z,otel-collector-7c765745bf-kgnz4,otel-collector,Running,True,1,1,0,"{""otel-collector"": 0}","{""otel-collector"": ""running""}",1,desktop-control-plane,True,"{""desktop-control-plane"": true}"
2026-09-10T18:18:46.200Z,postgres-676cc4986c-d4nsp,postgres,Running,True,1,1,0,"{""postgres"": 0}","{""postgres"": ""running""}",1,desktop-control-plane,True,"{""desktop-control-plane"": true}"
2026-09-10T18:18:46.200Z,prometheus-59f5cf7468-5j5v2,prometheus,Running,True,1,1,0,"{""prometheus"": 0}","{""prometheus"": ""running""}",1,desktop-control-plane,True,"{""desktop-control-plane"": true}"
2026-09-10T18:18:46.200Z,rabbitmq-5cdf8f76b7-5w84p,rabbitmq,Running,True,1,1,0,"{""rabbitmq"": 0}","{""rabbitmq"": ""running""}",1,desktop-control-plane,True,"{""desktop-control-plane"": true}"
2026-09-10T18:18:46.200Z,worker-5fc94dd887-hsctd,worker,Running,True,1,1,0,"{""worker"": 0}","{""worker"": ""running""}",1,desktop-control-plane,True,"{""desktop-control-plane"": true}"
2026-09-10T18:18:51.200Z,api-fd7cfdd89-lm2bq,api,Running,True,1,1,2,"{""api"": 2}","{""api"": ""running""}",1,desktop-control-plane,True,"{""desktop-control-plane"": true}"
2026-09-10T18:18:51.200Z,jaeger-7cc9b664cc-l7j8l,jaeger,Running,True,1,1,0,"{""jaeger"": 0}","{""jaeger"": ""running""}",1,desktop-control-plane,True,"{""desktop-control-plane"": true}"
2026-09-10T18:18:51.200Z,otel-collector-7c765745bf-kgnz4,otel-collector,Running,True,1,1,0,"{""otel-collector"": 0}","{""otel-collector"": ""running""}",1,desktop-control-plane,True,"{""desktop-control-plane"": true}"
2026-09-10T18:18:51.200Z,postgres-676cc4986c-d4nsp,postgres,Running,True,1,1,0,"{""postgres"": 0}","{""postgres"": ""running""}",1,desktop-control-plane,True,"{""desktop-control-plane"": true}"
2026-09-10T18:18:51.200Z,prometheus-59f5cf7468-5j5v2,prometheus,Running,True,1,1,0,"{""prometheus"": 0}","{""prometheus"": ""running""}",1,desktop-control-plane,True,"{""desktop-control-plane"": true}"
2026-09-10T18:18:51.200Z,rabbitmq-5cdf8f76b7-5w84p,rabbitmq,Running,True,1,1,0,"{""rabbitmq"": 0}","{""rabbitmq"": ""running""}",1,desktop-control-plane,True,"{""desktop-control-plane"": true}"
2026-09-10T18:18:51.200Z,worker-5fc94dd887-hsctd,worker,Running,True,1,1,0,"{""worker"": 0}","{""worker"": ""running""}",1,desktop-control-plane,True,"{""desktop-control-plane"": true}"
2026-09-10T18:18:56.200Z,api-fd7cfdd89-lm2bq,api,Running,True,1,1,2,"{""api"": 2}","{""api"": ""running""}",1,desktop-control-plane,True,"{""desktop-control-plane"": true}"
2026-09-10T18:18:56.200Z,jaeger-7cc9b664cc-l7j8l,jaeger,Running,True,1,1,0,"{""jaeger"": 0}","{""jaeger"": ""running""}",1,desktop-control-plane,True,"{""desktop-control-plane"": true}"
2026-09-10T18:18:56.200Z,otel-collector-7c765745bf-kgnz4,otel-collector,Running,True,1,1,0,"{""otel-collector"": 0}","{""otel-collector"": ""running""}",1,desktop-control-plane,True,"{""desktop-control-plane"": true}"
2026-09-10T18:18:56.200Z,postgres-676cc4986c-d4nsp,postgres,Running,True,1,1,0,"{""postgres"": 0}","{""postgres"": ""running""}",1,desktop-control-plane,True,"{""desktop-control-plane"": true}"
2026-09-10T18:18:56.200Z,prometheus-59f5cf7468-5j5v2,prometheus,Running,True,1,1,0,"{""prometheus"": 0}","{""prometheus"": ""running""}",1,desktop-control-plane,True,"{""desktop-control-plane"": true}"
2026-09-10T18:18:56.200Z,rabbitmq-5cdf8f76b7-5w84p,rabbitmq,Running,True,1,1,0,"{""rabbitmq"": 0}","{""rabbitmq"": ""running""}",1,desktop-control-plane,True,"{""desktop-control-plane"": true}"
2026-09-10T18:18:56.200Z,worker-5fc94dd887-hsctd,worker,Running,True,1,1,0,"{""worker"": 0}","{""worker"": ""running""}",1,desktop-control-plane,True,"{""desktop-control-plane"": true}"
2026-09-10T18:19:01.201Z,api-fd7cfdd89-lm2bq,api,Running,True,1,1,2,"{""api"": 2}","{""api"": ""running""}",1,desktop-control-plane,True,"{""desktop-control-plane"": true}"
2026-09-10T18:19:01.201Z,jaeger-7cc9b664cc-l7j8l,jaeger,Running,True,1,1,0,"{""jaeger"": 0}","{""jaeger"": ""running""}",1,desktop-control-plane,True,"{""desktop-control-plane"": true}"
2026-09-10T18:19:01.201Z,otel-collector-7c765745bf-kgnz4,otel-collector,Running,True,1,1,0,"{""otel-collector"": 0}","{""otel-collector"": ""running""}",1,desktop-control-plane,True,"{""desktop-control-plane"": true}"
2026-09-10T18:19:01.201Z,postgres-676cc4986c-d4nsp,postgres,Running,True,1,1,0,"{""postgres"": 0}","{""postgres"": ""running""}",1,desktop-control-plane,True,"{""desktop-control-plane"": true}"
2026-09-10T18:19:01.201Z,prometheus-59f5cf7468-5j5v2,prometheus,Running,True,1,1,0,"{""prometheus"": 0}","{""prometheus"": ""running""}",1,desktop-control-plane,True,"{""desktop-control-plane"": true}"
2026-09-10T18:19:01.201Z,rabbitmq-5cdf8f76b7-5w84p,rabbitmq,Running,True,1,1,0,"{""rabbitmq"": 0}","{""rabbitmq"": ""running""}",1,desktop-control-plane,True,"{""desktop-control-plane"": true}"
2026-09-10T18:19:01.201Z,worker-5fc94dd887-hsctd,worker,Running,True,1,1,0,"{""worker"": 0}","{""worker"": ""running""}",1,desktop-control-plane,True,"{""desktop-control-plane"": true}"
2026-09-10T18:19:06.201Z,api-fd7cfdd89-lm2bq,api,Running,True,1,1,2,"{""api"": 2}","{""api"": ""running""}",1,desktop-control-plane,True,"{""desktop-control-plane"": true}"
2026-09-10T18:19:06.201Z,jaeger-7cc9b664cc-l7j8l,jaeger,Running,True,1,1,0,"{""jaeger"": 0}","{""jaeger"": ""running""}",1,desktop-control-plane,True,"{""desktop-control-plane"": true}"
2026-09-10T18:19:06.201Z,otel-collector-7c765745bf-kgnz4,otel-collector,Running,True,1,1,0,"{""otel-collector"": 0}","{""otel-collector"": ""running""}",1,desktop-control-plane,True,"{""desktop-control-plane"": true}"
2026-09-10T18:19:06.201Z,postgres-676cc4986c-d4nsp,postgres,Running,True,1,1,0,"{""postgres"": 0}","{""postgres"": ""running""}",1,desktop-control-plane,True,"{""desktop-control-plane"": true}"
2026-09-10T18:19:06.201Z,prometheus-59f5cf7468-5j5v2,prometheus,Running,True,1,1,0,"{""prometheus"": 0}","{""prometheus"": ""running""}",1,desktop-control-plane,True,"{""desktop-control-plane"": true}"
2026-09-10T18:19:06.201Z,rabbitmq-5cdf8f76b7-5w84p,rabbitmq,Running,True,1,1,0,"{""rabbitmq"": 0}","{""rabbitmq"": ""running""}",1,desktop-control-plane,True,"{""desktop-control-plane"": true}"
2026-09-10T18:19:06.201Z,worker-5fc94dd887-hsctd,worker,Running,True,1,1,0,"{""worker"": 0}","{""worker"": ""running""}",1,desktop-control-plane,True,"{""desktop-control-plane"": true}"
2026-09-10T18:19:11.201Z,api-fd7cfdd89-lm2bq,api,Running,True,1,1,2,"{""api"": 2}","{""api"": ""running""}",1,desktop-control-plane,True,"{""desktop-control-plane"": true}"
2026-09-10T18:19:11.201Z,jaeger-7cc9b664cc-l7j8l,jaeger,Running,True,1,1,0,"{""jaeger"": 0}","{""jaeger"": ""running""}",1,desktop-control-plane,True,"{""desktop-control-plane"": true}"
2026-09-10T18:19:11.201Z,otel-collector-7c765745bf-kgnz4,otel-collector,Running,True,1,1,0,"{""otel-collector"": 0}","{""otel-collector"": ""running""}",1,desktop-control-plane,True,"{""desktop-control-plane"": true}"
2026-09-10T18:19:11.201Z,postgres-676cc4986c-d4nsp,postgres,Running,True,1,1,0,"{""postgres"": 0}","{""postgres"": ""running""}",1,desktop-control-plane,True,"{""desktop-control-plane"": true}"
2026-09-10T18:19:11.201Z,prometheus-59f5cf7468-5j5v2,prometheus,Running,True,1,1,0,"{""prometheus"": 0}","{""prometheus"": ""running""}",1,desktop-control-plane,True,"{""desktop-control-plane"": true}"
2026-09-10T18:19:11.201Z,rabbitmq-5cdf8f76b7-5w84p,rabbitmq,Running,True,1,1,0,"{""rabbitmq"": 0}","{""rabbitmq"": ""running""}",1,desktop-control-plane,True,"{""desktop-control-plane"": true}"
2026-09-10T18:19:11.201Z,worker-5fc94dd887-hsctd,worker,Running,True,1,1,0,"{""worker"": 0}","{""worker"": ""running""}",1,desktop-control-plane,True,"{""desktop-control-plane"": true}"
2026-09-10T18:19:16.202Z,api-fd7cfdd89-lm2bq,api,Running,True,1,1,2,"{""api"": 2}","{""api"": ""running""}",1,desktop-control-plane,True,"{""desktop-control-plane"": true}"
2026-09-10T18:19:16.202Z,jaeger-7cc9b664cc-l7j8l,jaeger,Running,True,1,1,0,"{""jaeger"": 0}","{""jaeger"": ""running""}",1,desktop-control-plane,True,"{""desktop-control-plane"": true}"
2026-09-10T18:19:16.202Z,k6-c1-run-2-wp28b,k6,Running,True,1,1,0,"{""k6"": 0}","{""k6"": ""running""}",1,desktop-control-plane,True,"{""desktop-control-plane"": true}"
2026-09-10T18:19:16.202Z,otel-collector-7c765745bf-kgnz4,otel-collector,Running,True,1,1,0,"{""otel-collector"": 0}","{""otel-collector"": ""running""}",1,desktop-control-plane,True,"{""desktop-control-plane"": true}"
2026-09-10T18:19:16.202Z,postgres-676cc4986c-d4nsp,postgres,Running,True,1,1,0,"{""postgres"": 0}","{""postgres"": ""running""}",1,desktop-control-plane,True,"{""desktop-control-plane"": true}"
2026-09-10T18:19:16.202Z,prometheus-59f5cf7468-5j5v2,prometheus,Running,True,1,1,0,"{""prometheus"": 0}","{""prometheus"": ""running""}",1,desktop-control-plane,True,"{""desktop-control-plane"": true}"
2026-09-10T18:19:16.202Z,rabbitmq-5cdf8f76b7-5w84p,rabbitmq,Running,True,1,1,0,"{""rabbitmq"": 0}","{""rabbitmq"": ""running""}",1,desktop-control-plane,True,"{""desktop-control-plane"": true}"
2026-09-10T18:19:16.202Z,worker-5fc94dd887-hsctd,worker,Running,True,1,1,0,"{""worker"": 0}","{""worker"": ""running""}",1,desktop-control-plane,True,"{""desktop-control-plane"": true}"
2026-09-10T18:19:21.202Z,api-fd7cfdd89-lm2bq,api,Running,True,1,1,2,"{""api"": 2}","{""api"": ""running""}",1,desktop-control-plane,True,"{""desktop-control-plane"": true}"
2026-09-10T18:19:21.202Z,jaeger-7cc9b664cc-l7j8l,jaeger,Running,True,1,1,0,"{""jaeger"": 0}","{""jaeger"": ""running""}",1,desktop-control-plane,True,"{""desktop-control-plane"": true}"
2026-09-10T18:19:21.202Z,k6-c1-run-2-wp28b,k6,Running,True,1,1,0,"{""k6"": 0}","{""k6"": ""running""}",1,desktop-control-plane,True,"{""desktop-control-plane"": true}"
2026-09-10T18:19:21.202Z,otel-collector-7c765745bf-kgnz4,otel-collector,Running,True,1,1,0,"{""otel-collector"": 0}","{""otel-collector"": ""running""}",1,desktop-control-plane,True,"{""desktop-control-plane"": true}"
2026-09-10T18:19:21.202Z,postgres-676cc4986c-d4nsp,postgres,Running,True,1,1,0,"{""postgres"": 0}","{""postgres"": ""running""}",1,desktop-control-plane,True,"{""desktop-control-plane"": true}"
2026-09-10T18:19:21.202Z,prometheus-59f5cf7468-5j5v2,prometheus,Running,True,1,1,0,"{""prometheus"": 0}","{""prometheus"": ""running""}",1,desktop-control-plane,True,"{""desktop-control-plane"": true}"
2026-09-10T18:19:21.202Z,rabbitmq-5cdf8f76b7-5w84p,rabbitmq,Running,True,1,1,0,"{""rabbitmq"": 0}","{""rabbitmq"": ""running""}",1,desktop-control-plane,True,"{""desktop-control-plane"": true}"
2026-09-10T18:19:21.202Z,worker-5fc94dd887-hsctd,worker,Running,True,1,1,0,"{""worker"": 0}","{""worker"": ""running""}",1,desktop-control-plane,True,"{""desktop-control-plane"": true}"
2026-09-10T18:19:26.202Z,api-fd7cfdd89-lm2bq,api,Running,True,1,1,2,"{""api"": 2}","{""api"": ""running""}",1,desktop-control-plane,True,"{""desktop-control-plane"": true}"
2026-09-10T18:19:26.202Z,jaeger-7cc9b664cc-l7j8l,jaeger,Running,True,1,1,0,"{""jaeger"": 0}","{""jaeger"": ""running""}",1,desktop-control-plane,True,"{""desktop-control-plane"": true}"
2026-09-10T18:19:26.202Z,k6-c1-run-2-wp28b,k6,Running,True,1,1,0,"{""k6"": 0}","{""k6"": ""running""}",1,desktop-control-plane,True,"{""desktop-control-plane"": true}"
2026-09-10T18:19:26.202Z,otel-collector-7c765745bf-kgnz4,otel-collector,Running,True,1,1,0,"{""otel-collector"": 0}","{""otel-collector"": ""running""}",1,desktop-control-plane,True,"{""desktop-control-plane"": true}"
2026-09-10T18:19:26.202Z,postgres-676cc4986c-d4nsp,postgres,Running,True,1,1,0,"{""postgres"": 0}","{""postgres"": ""running""}",1,desktop-control-plane,True,"{""desktop-control-plane"": true}"
2026-09-10T18:19:26.202Z,prometheus-59f5cf7468-5j5v2,prometheus,Running,True,1,1,0,"{""prometheus"": 0}","{""prometheus"": ""running""}",1,desktop-control-plane,True,"{""desktop-control-plane"": true}"
2026-09-10T18:19:26.202Z,rabbitmq-5cdf8f76b7-5w84p,rabbitmq,Running,True,1,1,0,"{""rabbitmq"": 0}","{""rabbitmq"": ""running""}",1,desktop-control-plane,True,"{""desktop-control-plane"": true}"
2026-09-10T18:19:26.202Z,worker-5fc94dd887-hsctd,worker,Running,True,1,1,0,"{""worker"": 0}","{""worker"": ""running""}",1,desktop-control-plane,True,"{""desktop-control-plane"": true}"
2026-09-10T18:19:31.203Z,api-fd7cfdd89-lm2bq,api,Running,True,1,1,2,"{""api"": 2}","{""api"": ""running""}",1,desktop-control-plane,True,"{""desktop-control-plane"": true}"
2026-09-10T18:19:31.203Z,jaeger-7cc9b664cc-l7j8l,jaeger,Running,True,1,1,0,"{""jaeger"": 0}","{""jaeger"": ""running""}",1,desktop-control-plane,True,"{""desktop-control-plane"": true}"
2026-09-10T18:19:31.203Z,k6-c1-run-2-wp28b,k6,Running,True,1,1,0,"{""k6"": 0}","{""k6"": ""running""}",1,desktop-control-plane,True,"{""desktop-control-plane"": true}"
2026-09-10T18:19:31.203Z,otel-collector-7c765745bf-kgnz4,otel-collector,Running,True,1,1,0,"{""otel-collector"": 0}","{""otel-collector"": ""running""}",1,desktop-control-plane,True,"{""desktop-control-plane"": true}"
2026-09-10T18:19:31.203Z,postgres-676cc4986c-d4nsp,postgres,Running,True,1,1,0,"{""postgres"": 0}","{""postgres"": ""running""}",1,desktop-control-plane,True,"{""desktop-control-plane"": true}"
2026-09-10T18:19:31.203Z,prometheus-59f5cf7468-5j5v2,prometheus,Running,True,1,1,0,"{""prometheus"": 0}","{""prometheus"": ""running""}",1,desktop-control-plane,True,"{""desktop-control-plane"": true}"
2026-09-10T18:19:31.203Z,rabbitmq-5cdf8f76b7-5w84p,rabbitmq,Running,True,1,1,0,"{""rabbitmq"": 0}","{""rabbitmq"": ""running""}",1,desktop-control-plane,True,"{""desktop-control-plane"": true}"
2026-09-10T18:19:31.203Z,worker-5fc94dd887-hsctd,worker,Running,True,1,1,0,"{""worker"": 0}","{""worker"": ""running""}",1,desktop-control-plane,True,"{""desktop-control-plane"": true}"
2026-09-10T18:19:36.203Z,api-fd7cfdd89-lm2bq,api,Running,True,1,1,2,"{""api"": 2}","{""api"": ""running""}",1,desktop-control-plane,True,"{""desktop-control-plane"": true}"
2026-09-10T18:19:36.203Z,jaeger-7cc9b664cc-l7j8l,jaeger,Running,True,1,1,0,"{""jaeger"": 0}","{""jaeger"": ""running""}",1,desktop-control-plane,True,"{""desktop-control-plane"": true}"
2026-09-10T18:19:36.203Z,k6-c1-run-2-wp28b,k6,Running,True,1,1,0,"{""k6"": 0}","{""k6"": ""running""}",1,desktop-control-plane,True,"{""desktop-control-plane"": true}"
2026-09-10T18:19:36.203Z,otel-collector-7c765745bf-kgnz4,otel-collector,Running,True,1,1,0,"{""otel-collector"": 0}","{""otel-collector"": ""running""}",1,desktop-control-plane,True,"{""desktop-control-plane"": true}"
2026-09-10T18:19:36.203Z,postgres-676cc4986c-d4nsp,postgres,Running,True,1,1,0,"{""postgres"": 0}","{""postgres"": ""running""}",1,desktop-control-plane,True,"{""desktop-control-plane"": true}"
2026-09-10T18:19:36.203Z,prometheus-59f5cf7468-5j5v2,prometheus,Running,True,1,1,0,"{""prometheus"": 0}","{""prometheus"": ""running""}",1,desktop-control-plane,True,"{""desktop-control-plane"": true}"
2026-09-10T18:19:36.203Z,rabbitmq-5cdf8f76b7-5w84p,rabbitmq,Running,True,1,1,0,"{""rabbitmq"": 0}","{""rabbitmq"": ""running""}",1,desktop-control-plane,True,"{""desktop-control-plane"": true}"
2026-09-10T18:19:36.203Z,worker-5fc94dd887-hsctd,worker,Running,True,1,1,0,"{""worker"": 0}","{""worker"": ""running""}",1,desktop-control-plane,True,"{""desktop-control-plane"": true}"
2026-09-10T18:19:41.204Z,api-fd7cfdd89-lm2bq,api,Running,True,1,1,2,"{""api"": 2}","{""api"": ""running""}",1,desktop-control-plane,True,"{""desktop-control-plane"": true}"
2026-09-10T18:19:41.204Z,jaeger-7cc9b664cc-l7j8l,jaeger,Running,True,1,1,0,"{""jaeger"": 0}","{""jaeger"": ""running""}",1,desktop-control-plane,True,"{""desktop-control-plane"": true}"
2026-09-10T18:19:41.204Z,k6-c1-run-2-wp28b,k6,Running,True,1,1,0,"{""k6"": 0}","{""k6"": ""running""}",1,desktop-control-plane,True,"{""desktop-control-plane"": true}"
2026-09-10T18:19:41.204Z,otel-collector-7c765745bf-kgnz4,otel-collector,Running,True,1,1,0,"{""otel-collector"": 0}","{""otel-collector"": ""running""}",1,desktop-control-plane,True,"{""desktop-control-plane"": true}"
2026-09-10T18:19:41.204Z,postgres-676cc4986c-d4nsp,postgres,Running,True,1,1,0,"{""postgres"": 0}","{""postgres"": ""running""}",1,desktop-control-plane,True,"{""desktop-control-plane"": true}"
2026-09-10T18:19:41.204Z,prometheus-59f5cf7468-5j5v2,prometheus,Running,True,1,1,0,"{""prometheus"": 0}","{""prometheus"": ""running""}",1,desktop-control-plane,True,"{""desktop-control-plane"": true}"
2026-09-10T18:19:41.204Z,rabbitmq-5cdf8f76b7-5w84p,rabbitmq,Running,True,1,1,0,"{""rabbitmq"": 0}","{""rabbitmq"": ""running""}",1,desktop-control-plane,True,"{""desktop-control-plane"": true}"
2026-09-10T18:19:41.204Z,worker-5fc94dd887-hsctd,worker,Running,True,1,1,0,"{""worker"": 0}","{""worker"": ""running""}",1,desktop-control-plane,True,"{""desktop-control-plane"": true}"
2026-09-10T18:19:46.204Z,api-fd7cfdd89-lm2bq,api,Running,True,1,1,2,"{""api"": 2}","{""api"": ""running""}",1,desktop-control-plane,True,"{""desktop-control-plane"": true}"
2026-09-10T18:19:46.204Z,jaeger-7cc9b664cc-l7j8l,jaeger,Running,True,1,1,0,"{""jaeger"": 0}","{""jaeger"": ""running""}",1,desktop-control-plane,True,"{""desktop-control-plane"": true}"
2026-09-10T18:19:46.204Z,k6-c1-run-2-wp28b,k6,Running,True,1,1,0,"{""k6"": 0}","{""k6"": ""running""}",1,desktop-control-plane,True,"{""desktop-control-plane"": true}"
2026-09-10T18:19:46.204Z,otel-collector-7c765745bf-kgnz4,otel-collector,Running,True,1,1,0,"{""otel-collector"": 0}","{""otel-collector"": ""running""}",1,desktop-control-plane,True,"{""desktop-control-plane"": true}"
2026-09-10T18:19:46.204Z,postgres-676cc4986c-d4nsp,postgres,Running,True,1,1,0,"{""postgres"": 0}","{""postgres"": ""running""}",1,desktop-control-plane,True,"{""desktop-control-plane"": true}"
2026-09-10T18:19:46.204Z,prometheus-59f5cf7468-5j5v2,prometheus,Running,True,1,1,0,"{""prometheus"": 0}","{""prometheus"": ""running""}",1,desktop-control-plane,True,"{""desktop-control-plane"": true}"
2026-09-10T18:19:46.204Z,rabbitmq-5cdf8f76b7-5w84p,rabbitmq,Running,True,1,1,0,"{""rabbitmq"": 0}","{""rabbitmq"": ""running""}",1,desktop-control-plane,True,"{""desktop-control-plane"": true}"
2026-09-10T18:19:46.204Z,worker-5fc94dd887-hsctd,worker,Running,True,1,1,0,"{""worker"": 0}","{""worker"": ""running""}",1,desktop-control-plane,True,"{""desktop-control-plane"": true}"
2026-09-10T18:19:51.205Z,api-fd7cfdd89-lm2bq,api,Running,True,1,1,2,"{""api"": 2}","{""api"": ""running""}",1,desktop-control-plane,True,"{""desktop-control-plane"": true}"
2026-09-10T18:19:51.205Z,jaeger-7cc9b664cc-l7j8l,jaeger,Running,True,1,1,0,"{""jaeger"": 0}","{""jaeger"": ""running""}",1,desktop-control-plane,True,"{""desktop-control-plane"": true}"
2026-09-10T18:19:51.205Z,k6-c1-run-2-wp28b,k6,Running,True,1,1,0,"{""k6"": 0}","{""k6"": ""running""}",1,desktop-control-plane,True,"{""desktop-control-plane"": true}"
2026-09-10T18:19:51.205Z,otel-collector-7c765745bf-kgnz4,otel-collector,Running,True,1,1,0,"{""otel-collector"": 0}","{""otel-collector"": ""running""}",1,desktop-control-plane,True,"{""desktop-control-plane"": true}"
2026-09-10T18:19:51.205Z,postgres-676cc4986c-d4nsp,postgres,Running,True,1,1,0,"{""postgres"": 0}","{""postgres"": ""running""}",1,desktop-control-plane,True,"{""desktop-control-plane"": true}"
2026-09-10T18:19:51.205Z,prometheus-59f5cf7468-5j5v2,prometheus,Running,True,1,1,0,"{""prometheus"": 0}","{""prometheus"": ""running""}",1,desktop-control-plane,True,"{""desktop-control-plane"": true}"
2026-09-10T18:19:51.205Z,rabbitmq-5cdf8f76b7-5w84p,rabbitmq,Running,True,1,1,0,"{""rabbitmq"": 0}","{""rabbitmq"": ""running""}",1,desktop-control-plane,True,"{""desktop-control-plane"": true}"
2026-09-10T18:19:51.205Z,worker-5fc94dd887-hsctd,worker,Running,True,1,1,0,"{""worker"": 0}","{""worker"": ""running""}",1,desktop-control-plane,True,"{""desktop-control-plane"": true}"
2026-09-10T18:19:56.205Z,api-fd7cfdd89-lm2bq,api,Running,True,1,1,2,"{""api"": 2}","{""api"": ""running""}",1,desktop-control-plane,True,"{""desktop-control-plane"": true}"
2026-09-10T18:19:56.205Z,jaeger-7cc9b664cc-l7j8l,jaeger,Running,True,1,1,0,"{""jaeger"": 0}","{""jaeger"": ""running""}",1,desktop-control-plane,True,"{""desktop-control-plane"": true}"
2026-09-10T18:19:56.205Z,k6-c1-run-2-wp28b,k6,Running,True,1,1,0,"{""k6"": 0}","{""k6"": ""running""}",1,desktop-control-plane,True,"{""desktop-control-plane"": true}"
2026-09-10T18:19:56.205Z,otel-collector-7c765745bf-kgnz4,otel-collector,Running,True,1,1,0,"{""otel-collector"": 0}","{""otel-collector"": ""running""}",1,desktop-control-plane,True,"{""desktop-control-plane"": true}"
2026-09-10T18:19:56.205Z,postgres-676cc4986c-d4nsp,postgres,Running,True,1,1,0,"{""postgres"": 0}","{""postgres"": ""running""}",1,desktop-control-plane,True,"{""desktop-control-plane"": true}"
2026-09-10T18:19:56.205Z,prometheus-59f5cf7468-5j5v2,prometheus,Running,True,1,1,0,"{""prometheus"": 0}","{""prometheus"": ""running""}",1,desktop-control-plane,True,"{""desktop-control-plane"": true}"
2026-09-10T18:19:56.205Z,rabbitmq-5cdf8f76b7-5w84p,rabbitmq,Running,True,1,1,0,"{""rabbitmq"": 0}","{""rabbitmq"": ""running""}",1,desktop-control-plane,True,"{""desktop-control-plane"": true}"
2026-09-10T18:19:56.205Z,worker-5fc94dd887-hsctd,worker,Running,True,1,1,0,"{""worker"": 0}","{""worker"": ""running""}",1,desktop-control-plane,True,"{""desktop-control-plane"": true}"
2026-09-10T18:20:01.205Z,api-fd7cfdd89-lm2bq,api,Running,True,1,1,2,"{""api"": 2}","{""api"": ""running""}",1,desktop-control-plane,True,"{""desktop-control-plane"": true}"
2026-09-10T18:20:01.205Z,jaeger-7cc9b664cc-l7j8l,jaeger,Running,True,1,1,0,"{""jaeger"": 0}","{""jaeger"": ""running""}",1,desktop-control-plane,True,"{""desktop-control-plane"": true}"
2026-09-10T18:20:01.205Z,k6-c1-run-2-wp28b,k6,Running,True,1,1,0,"{""k6"": 0}","{""k6"": ""running""}",1,desktop-control-plane,True,"{""desktop-control-plane"": true}"
2026-09-10T18:20:01.205Z,otel-collector-7c765745bf-kgnz4,otel-collector,Running,True,1,1,0,"{""otel-collector"": 0}","{""otel-collector"": ""running""}",1,desktop-control-plane,True,"{""desktop-control-plane"": true}"
2026-09-10T18:20:01.205Z,postgres-676cc4986c-d4nsp,postgres,Running,True,1,1,0,"{""postgres"": 0}","{""postgres"": ""running""}",1,desktop-control-plane,True,"{""desktop-control-plane"": true}"
2026-09-10T18:20:01.205Z,prometheus-59f5cf7468-5j5v2,prometheus,Running,True,1,1,0,"{""prometheus"": 0}","{""prometheus"": ""running""}",1,desktop-control-plane,True,"{""desktop-control-plane"": true}"
2026-09-10T18:20:01.205Z,rabbitmq-5cdf8f76b7-5w84p,rabbitmq,Running,True,1,1,0,"{""rabbitmq"": 0}","{""rabbitmq"": ""running""}",1,desktop-control-plane,True,"{""desktop-control-plane"": true}"
2026-09-10T18:20:01.205Z,worker-5fc94dd887-hsctd,worker,Running,True,1,1,0,"{""worker"": 0}","{""worker"": ""running""}",1,desktop-control-plane,True,"{""desktop-control-plane"": true}"
2026-09-10T18:20:06.206Z,api-fd7cfdd89-lm2bq,api,Running,True,1,1,2,"{""api"": 2}","{""api"": ""running""}",1,desktop-control-plane,True,"{""desktop-control-plane"": true}"
2026-09-10T18:20:06.206Z,jaeger-7cc9b664cc-l7j8l,jaeger,Running,True,1,1,0,"{""jaeger"": 0}","{""jaeger"": ""running""}",1,desktop-control-plane,True,"{""desktop-control-plane"": true}"
2026-09-10T18:20:06.206Z,k6-c1-run-2-wp28b,k6,Running,True,1,1,0,"{""k6"": 0}","{""k6"": ""running""}",1,desktop-control-plane,True,"{""desktop-control-plane"": true}"
2026-09-10T18:20:06.206Z,otel-collector-7c765745bf-kgnz4,otel-collector,Running,True,1,1,0,"{""otel-collector"": 0}","{""otel-collector"": ""running""}",1,desktop-control-plane,True,"{""desktop-control-plane"": true}"
2026-09-10T18:20:06.206Z,postgres-676cc4986c-d4nsp,postgres,Running,True,1,1,0,"{""postgres"": 0}","{""postgres"": ""running""}",1,desktop-control-plane,True,"{""desktop-control-plane"": true}"
2026-09-10T18:20:06.206Z,prometheus-59f5cf7468-5j5v2,prometheus,Running,True,1,1,0,"{""prometheus"": 0}","{""prometheus"": ""running""}",1,desktop-control-plane,True,"{""desktop-control-plane"": true}"
2026-09-10T18:20:06.206Z,rabbitmq-5cdf8f76b7-5w84p,rabbitmq,Running,True,1,1,0,"{""rabbitmq"": 0}","{""rabbitmq"": ""running""}",1,desktop-control-plane,True,"{""desktop-control-plane"": true}"
2026-09-10T18:20:06.206Z,worker-5fc94dd887-hsctd,worker,Running,True,1,1,0,"{""worker"": 0}","{""worker"": ""running""}",1,desktop-control-plane,True,"{""desktop-control-plane"": true}"
2026-09-10T18:20:11.206Z,api-fd7cfdd89-lm2bq,api,Running,True,1,1,2,"{""api"": 2}","{""api"": ""running""}",1,desktop-control-plane,True,"{""desktop-control-plane"": true}"
2026-09-10T18:20:11.206Z,jaeger-7cc9b664cc-l7j8l,jaeger,Running,True,1,1,0,"{""jaeger"": 0}","{""jaeger"": ""running""}",1,desktop-control-plane,True,"{""desktop-control-plane"": true}"
2026-09-10T18:20:11.206Z,k6-c1-run-2-wp28b,k6,Running,True,1,1,0,"{""k6"": 0}","{""k6"": ""running""}",1,desktop-control-plane,True,"{""desktop-control-plane"": true}"
2026-09-10T18:20:11.206Z,otel-collector-7c765745bf-kgnz4,otel-collector,Running,True,1,1,0,"{""otel-collector"": 0}","{""otel-collector"": ""running""}",1,desktop-control-plane,True,"{""desktop-control-plane"": true}"
2026-09-10T18:20:11.206Z,postgres-676cc4986c-d4nsp,postgres,Running,True,1,1,0,"{""postgres"": 0}","{""postgres"": ""running""}",1,desktop-control-plane,True,"{""desktop-control-plane"": true}"
2026-09-10T18:20:11.206Z,prometheus-59f5cf7468-5j5v2,prometheus,Running,True,1,1,0,"{""prometheus"": 0}","{""prometheus"": ""running""}",1,desktop-control-plane,True,"{""desktop-control-plane"": true}"
2026-09-10T18:20:11.206Z,rabbitmq-5cdf8f76b7-5w84p,rabbitmq,Running,True,1,1,0,"{""rabbitmq"": 0}","{""rabbitmq"": ""running""}",1,desktop-control-plane,True,"{""desktop-control-plane"": true}"
2026-09-10T18:20:11.206Z,worker-5fc94dd887-hsctd,worker,Running,True,1,1,0,"{""worker"": 0}","{""worker"": ""running""}",1,desktop-control-plane,True,"{""desktop-control-plane"": true}"
2026-09-10T18:20:16.207Z,api-fd7cfdd89-lm2bq,api,Running,True,1,1,2,"{""api"": 2}","{""api"": ""running""}",1,desktop-control-plane,True,"{""desktop-control-plane"": true}"
2026-09-10T18:20:16.207Z,jaeger-7cc9b664cc-l7j8l,jaeger,Running,True,1,1,0,"{""jaeger"": 0}","{""jaeger"": ""running""}",1,desktop-control-plane,True,"{""desktop-control-plane"": true}"
2026-09-10T18:20:16.207Z,k6-c1-run-2-wp28b,k6,Running,True,1,1,0,"{""k6"": 0}","{""k6"": ""running""}",1,desktop-control-plane,True,"{""desktop-control-plane"": true}"
2026-09-10T18:20:16.207Z,otel-collector-7c765745bf-kgnz4,otel-collector,Running,True,1,1,0,"{""otel-collector"": 0}","{""otel-collector"": ""running""}",1,desktop-control-plane,True,"{""desktop-control-plane"": true}"
2026-09-10T18:20:16.207Z,postgres-676cc4986c-d4nsp,postgres,Running,True,1,1,0,"{""postgres"": 0}","{""postgres"": ""running""}",1,desktop-control-plane,True,"{""desktop-control-plane"": true}"
2026-09-10T18:20:16.207Z,prometheus-59f5cf7468-5j5v2,prometheus,Running,True,1,1,0,"{""prometheus"": 0}","{""prometheus"": ""running""}",1,desktop-control-plane,True,"{""desktop-control-plane"": true}"
2026-09-10T18:20:16.207Z,rabbitmq-5cdf8f76b7-5w84p,rabbitmq,Running,True,1,1,0,"{""rabbitmq"": 0}","{""rabbitmq"": ""running""}",1,desktop-control-plane,True,"{""desktop-control-plane"": true}"
2026-09-10T18:20:16.207Z,worker-5fc94dd887-hsctd,worker,Running,True,1,1,0,"{""worker"": 0}","{""worker"": ""running""}",1,desktop-control-plane,True,"{""desktop-control-plane"": true}"
2026-09-10T18:20:21.207Z,api-fd7cfdd89-lm2bq,api,Running,False,0,1,2,"{""api"": 2}","{""api"": ""running""}",1,desktop-control-plane,True,"{""desktop-control-plane"": true}"
2026-09-10T18:20:21.207Z,jaeger-7cc9b664cc-l7j8l,jaeger,Running,True,1,1,0,"{""jaeger"": 0}","{""jaeger"": ""running""}",1,desktop-control-plane,True,"{""desktop-control-plane"": true}"
2026-09-10T18:20:21.207Z,k6-c1-run-2-wp28b,k6,Running,True,1,1,0,"{""k6"": 0}","{""k6"": ""running""}",1,desktop-control-plane,True,"{""desktop-control-plane"": true}"
2026-09-10T18:20:21.207Z,otel-collector-7c765745bf-kgnz4,otel-collector,Running,True,1,1,0,"{""otel-collector"": 0}","{""otel-collector"": ""running""}",1,desktop-control-plane,True,"{""desktop-control-plane"": true}"
2026-09-10T18:20:21.207Z,postgres-676cc4986c-d4nsp,postgres,Running,True,1,1,0,"{""postgres"": 0}","{""postgres"": ""running""}",1,desktop-control-plane,True,"{""desktop-control-plane"": true}"
2026-09-10T18:20:21.207Z,prometheus-59f5cf7468-5j5v2,prometheus,Running,True,1,1,0,"{""prometheus"": 0}","{""prometheus"": ""running""}",1,desktop-control-plane,True,"{""desktop-control-plane"": true}"
2026-09-10T18:20:21.207Z,rabbitmq-5cdf8f76b7-5w84p,rabbitmq,Running,True,1,1,0,"{""rabbitmq"": 0}","{""rabbitmq"": ""running""}",1,desktop-control-plane,True,"{""desktop-control-plane"": true}"
2026-09-10T18:20:21.207Z,worker-5fc94dd887-hsctd,worker,Running,True,1,1,0,"{""worker"": 0}","{""worker"": ""running""}",1,desktop-control-plane,True,"{""desktop-control-plane"": true}"
2026-09-10T18:20:26.208Z,api-fd7cfdd89-lm2bq,api,Running,False,0,1,2,"{""api"": 2}","{""api"": ""running""}",1,desktop-control-plane,True,"{""desktop-control-plane"": true}"
2026-09-10T18:20:26.208Z,jaeger-7cc9b664cc-l7j8l,jaeger,Running,True,1,1,0,"{""jaeger"": 0}","{""jaeger"": ""running""}",1,desktop-control-plane,True,"{""desktop-control-plane"": true}"
2026-09-10T18:20:26.208Z,k6-c1-run-2-wp28b,k6,Running,True,1,1,0,"{""k6"": 0}","{""k6"": ""running""}",1,desktop-control-plane,True,"{""desktop-control-plane"": true}"
2026-09-10T18:20:26.208Z,otel-collector-7c765745bf-kgnz4,otel-collector,Running,True,1,1,0,"{""otel-collector"": 0}","{""otel-collector"": ""running""}",1,desktop-control-plane,True,"{""desktop-control-plane"": true}"
2026-09-10T18:20:26.208Z,postgres-676cc4986c-d4nsp,postgres,Running,True,1,1,0,"{""postgres"": 0}","{""postgres"": ""running""}",1,desktop-control-plane,True,"{""desktop-control-plane"": true}"
2026-09-10T18:20:26.208Z,prometheus-59f5cf7468-5j5v2,prometheus,Running,True,1,1,0,"{""prometheus"": 0}","{""prometheus"": ""running""}",1,desktop-control-plane,True,"{""desktop-control-plane"": true}"
2026-09-10T18:20:26.208Z,rabbitmq-5cdf8f76b7-5w84p,rabbitmq,Running,True,1,1,0,"{""rabbitmq"": 0}","{""rabbitmq"": ""running""}",1,desktop-control-plane,True,"{""desktop-control-plane"": true}"
2026-09-10T18:20:26.208Z,worker-5fc94dd887-hsctd,worker,Running,True,1,1,0,"{""worker"": 0}","{""worker"": ""running""}",1,desktop-control-plane,True,"{""desktop-control-plane"": true}"
2026-09-10T18:20:31.208Z,api-fd7cfdd89-lm2bq,api,Running,False,0,1,2,"{""api"": 2}","{""api"": ""running""}",1,desktop-control-plane,True,"{""desktop-control-plane"": true}"
2026-09-10T18:20:31.208Z,jaeger-7cc9b664cc-l7j8l,jaeger,Running,True,1,1,0,"{""jaeger"": 0}","{""jaeger"": ""running""}",1,desktop-control-plane,True,"{""desktop-control-plane"": true}"
2026-09-10T18:20:31.208Z,k6-c1-run-2-wp28b,k6,Running,True,1,1,0,"{""k6"": 0}","{""k6"": ""running""}",1,desktop-control-plane,True,"{""desktop-control-plane"": true}"
2026-09-10T18:20:31.208Z,otel-collector-7c765745bf-kgnz4,otel-collector,Running,True,1,1,0,"{""otel-collector"": 0}","{""otel-collector"": ""running""}",1,desktop-control-plane,True,"{""desktop-control-plane"": true}"
2026-09-10T18:20:31.208Z,postgres-676cc4986c-d4nsp,postgres,Running,True,1,1,0,"{""postgres"": 0}","{""postgres"": ""running""}",1,desktop-control-plane,True,"{""desktop-control-plane"": true}"
2026-09-10T18:20:31.208Z,prometheus-59f5cf7468-5j5v2,prometheus,Running,True,1,1,0,"{""prometheus"": 0}","{""prometheus"": ""running""}",1,desktop-control-plane,True,"{""desktop-control-plane"": true}"
2026-09-10T18:20:31.208Z,rabbitmq-5cdf8f76b7-5w84p,rabbitmq,Running,True,1,1,0,"{""rabbitmq"": 0}","{""rabbitmq"": ""running""}",1,desktop-control-plane,True,"{""desktop-control-plane"": true}"
2026-09-10T18:20:31.208Z,worker-5fc94dd887-hsctd,worker,Running,True,1,1,0,"{""worker"": 0}","{""worker"": ""running""}",1,desktop-control-plane,True,"{""desktop-control-plane"": true}"
2026-09-10T18:20:36.208Z,api-fd7cfdd89-lm2bq,api,Running,False,0,1,2,"{""api"": 2}","{""api"": ""running""}",1,desktop-control-plane,True,"{""desktop-control-plane"": true}"
2026-09-10T18:20:36.208Z,jaeger-7cc9b664cc-l7j8l,jaeger,Running,True,1,1,0,"{""jaeger"": 0}","{""jaeger"": ""running""}",1,desktop-control-plane,True,"{""desktop-control-plane"": true}"
2026-09-10T18:20:36.208Z,k6-c1-run-2-wp28b,k6,Running,True,1,1,0,"{""k6"": 0}","{""k6"": ""running""}",1,desktop-control-plane,True,"{""desktop-control-plane"": true}"
2026-09-10T18:20:36.208Z,otel-collector-7c765745bf-kgnz4,otel-collector,Running,True,1,1,0,"{""otel-collector"": 0}","{""otel-collector"": ""running""}",1,desktop-control-plane,True,"{""desktop-control-plane"": true}"
2026-09-10T18:20:36.208Z,postgres-676cc4986c-d4nsp,postgres,Running,True,1,1,0,"{""postgres"": 0}","{""postgres"": ""running""}",1,desktop-control-plane,True,"{""desktop-control-plane"": true}"
2026-09-10T18:20:36.208Z,prometheus-59f5cf7468-5j5v2,prometheus,Running,True,1,1,0,"{""prometheus"": 0}","{""prometheus"": ""running""}",1,desktop-control-plane,True,"{""desktop-control-plane"": true}"
2026-09-10T18:20:36.208Z,rabbitmq-5cdf8f76b7-5w84p,rabbitmq,Running,True,1,1,0,"{""rabbitmq"": 0}","{""rabbitmq"": ""running""}",1,desktop-control-plane,True,"{""desktop-control-plane"": true}"
2026-09-10T18:20:36.208Z,worker-5fc94dd887-hsctd,worker,Running,True,1,1,0,"{""worker"": 0}","{""worker"": ""running""}",1,desktop-control-plane,True,"{""desktop-control-plane"": true}"
2026-09-10T18:20:41.209Z,api-fd7cfdd89-lm2bq,api,Running,False,0,1,2,"{""api"": 2}","{""api"": ""running""}",1,desktop-control-plane,True,"{""desktop-control-plane"": true}"
2026-09-10T18:20:41.209Z,jaeger-7cc9b664cc-l7j8l,jaeger,Running,True,1,1,0,"{""jaeger"": 0}","{""jaeger"": ""running""}",1,desktop-control-plane,True,"{""desktop-control-plane"": true}"
2026-09-10T18:20:41.209Z,k6-c1-run-2-wp28b,k6,Running,True,1,1,0,"{""k6"": 0}","{""k6"": ""running""}",1,desktop-control-plane,True,"{""desktop-control-plane"": true}"
2026-09-10T18:20:41.209Z,otel-collector-7c765745bf-kgnz4,otel-collector,Running,True,1,1,0,"{""otel-collector"": 0}","{""otel-collector"": ""running""}",1,desktop-control-plane,True,"{""desktop-control-plane"": true}"
2026-09-10T18:20:41.209Z,postgres-676cc4986c-d4nsp,postgres,Running,True,1,1,0,"{""postgres"": 0}","{""postgres"": ""running""}",1,desktop-control-plane,True,"{""desktop-control-plane"": true}"
2026-09-10T18:20:41.209Z,prometheus-59f5cf7468-5j5v2,prometheus,Running,True,1,1,0,"{""prometheus"": 0}","{""prometheus"": ""running""}",1,desktop-control-plane,True,"{""desktop-control-plane"": true}"
2026-09-10T18:20:41.209Z,rabbitmq-5cdf8f76b7-5w84p,rabbitmq,Running,True,1,1,0,"{""rabbitmq"": 0}","{""rabbitmq"": ""running""}",1,desktop-control-plane,True,"{""desktop-control-plane"": true}"
2026-09-10T18:20:41.209Z,worker-5fc94dd887-hsctd,worker,Running,True,1,1,0,"{""worker"": 0}","{""worker"": ""running""}",1,desktop-control-plane,True,"{""desktop-control-plane"": true}"
2026-09-10T18:20:46.209Z,api-fd7cfdd89-lm2bq,api,Running,False,0,1,2,"{""api"": 2}","{""api"": ""running""}",1,desktop-control-plane,True,"{""desktop-control-plane"": true}"
2026-09-10T18:20:46.209Z,jaeger-7cc9b664cc-l7j8l,jaeger,Running,True,1,1,0,"{""jaeger"": 0}","{""jaeger"": ""running""}",1,desktop-control-plane,True,"{""desktop-control-plane"": true}"
2026-09-10T18:20:46.209Z,k6-c1-run-2-wp28b,k6,Running,True,1,1,0,"{""k6"": 0}","{""k6"": ""running""}",1,desktop-control-plane,True,"{""desktop-control-plane"": true}"
2026-09-10T18:20:46.209Z,otel-collector-7c765745bf-kgnz4,otel-collector,Running,True,1,1,0,"{""otel-collector"": 0}","{""otel-collector"": ""running""}",1,desktop-control-plane,True,"{""desktop-control-plane"": true}"
2026-09-10T18:20:46.209Z,postgres-676cc4986c-d4nsp,postgres,Running,True,1,1,0,"{""postgres"": 0}","{""postgres"": ""running""}",1,desktop-control-plane,True,"{""desktop-control-plane"": true}"
2026-09-10T18:20:46.209Z,prometheus-59f5cf7468-5j5v2,prometheus,Running,True,1,1,0,"{""prometheus"": 0}","{""prometheus"": ""running""}",1,desktop-control-plane,True,"{""desktop-control-plane"": true}"
2026-09-10T18:20:46.209Z,rabbitmq-5cdf8f76b7-5w84p,rabbitmq,Running,True,1,1,0,"{""rabbitmq"": 0}","{""rabbitmq"": ""running""}",1,desktop-control-plane,True,"{""desktop-control-plane"": true}"
2026-09-10T18:20:46.209Z,worker-5fc94dd887-hsctd,worker,Running,True,1,1,0,"{""worker"": 0}","{""worker"": ""running""}",1,desktop-control-plane,True,"{""desktop-control-plane"": true}"
2026-09-10T18:20:51.210Z,api-fd7cfdd89-lm2bq,api,Running,False,0,1,2,"{""api"": 2}","{""api"": ""running""}",1,desktop-control-plane,True,"{""desktop-control-plane"": true}"
2026-09-10T18:20:51.210Z,jaeger-7cc9b664cc-l7j8l,jaeger,Running,True,1,1,0,"{""jaeger"": 0}","{""jaeger"": ""running""}",1,desktop-control-plane,True,"{""desktop-control-plane"": true}"
2026-09-10T18:20:51.210Z,k6-c1-run-2-wp28b,k6,Running,True,1,1,0,"{""k6"": 0}","{""k6"": ""running""}",1,desktop-control-plane,True,"{""desktop-control-plane"": true}"
2026-09-10T18:20:51.210Z,otel-collector-7c765745bf-kgnz4,otel-collector,Running,True,1,1,0,"{""otel-collector"": 0}","{""otel-collector"": ""running""}",1,desktop-control-plane,True,"{""desktop-control-plane"": true}"
2026-09-10T18:20:51.210Z,postgres-676cc4986c-d4nsp,postgres,Running,True,1,1,0,"{""postgres"": 0}","{""postgres"": ""running""}",1,desktop-control-plane,True,"{""desktop-control-plane"": true}"
2026-09-10T18:20:51.210Z,prometheus-59f5cf7468-5j5v2,prometheus,Running,True,1,1,0,"{""prometheus"": 0}","{""prometheus"": ""running""}",1,desktop-control-plane,True,"{""desktop-control-plane"": true}"
2026-09-10T18:20:51.210Z,rabbitmq-5cdf8f76b7-5w84p,rabbitmq,Running,True,1,1,0,"{""rabbitmq"": 0}","{""rabbitmq"": ""running""}",1,desktop-control-plane,True,"{""desktop-control-plane"": true}"
2026-09-10T18:20:51.210Z,worker-5fc94dd887-hsctd,worker,Running,True,1,1,0,"{""worker"": 0}","{""worker"": ""running""}",1,desktop-control-plane,True,"{""desktop-control-plane"": true}"
2026-09-10T18:20:56.210Z,api-fd7cfdd89-lm2bq,api,Running,False,0,1,2,"{""api"": 2}","{""api"": ""running""}",1,desktop-control-plane,True,"{""desktop-control-plane"": true}"
2026-09-10T18:20:56.210Z,jaeger-7cc9b664cc-l7j8l,jaeger,Running,True,1,1,0,"{""jaeger"": 0}","{""jaeger"": ""running""}",1,desktop-control-plane,True,"{""desktop-control-plane"": true}"
2026-09-10T18:20:56.210Z,k6-c1-run-2-wp28b,k6,Running,True,1,1,0,"{""k6"": 0}","{""k6"": ""running""}",1,desktop-control-plane,True,"{""desktop-control-plane"": true}"
2026-09-10T18:20:56.210Z,otel-collector-7c765745bf-kgnz4,otel-collector,Running,True,1,1,0,"{""otel-collector"": 0}","{""otel-collector"": ""running""}",1,desktop-control-plane,True,"{""desktop-control-plane"": true}"
2026-09-10T18:20:56.210Z,postgres-676cc4986c-d4nsp,postgres,Running,True,1,1,0,"{""postgres"": 0}","{""postgres"": ""running""}",1,desktop-control-plane,True,"{""desktop-control-plane"": true}"
2026-09-10T18:20:56.210Z,prometheus-59f5cf7468-5j5v2,prometheus,Running,True,1,1,0,"{""prometheus"": 0}","{""prometheus"": ""running""}",1,desktop-control-plane,True,"{""desktop-control-plane"": true}"
2026-09-10T18:20:56.210Z,rabbitmq-5cdf8f76b7-5w84p,rabbitmq,Running,True,1,1,0,"{""rabbitmq"": 0}","{""rabbitmq"": ""running""}",1,desktop-control-plane,True,"{""desktop-control-plane"": true}"
2026-09-10T18:20:56.210Z,worker-5fc94dd887-hsctd,worker,Running,True,1,1,0,"{""worker"": 0}","{""worker"": ""running""}",1,desktop-control-plane,True,"{""desktop-control-plane"": true}"
2026-09-10T18:21:01.210Z,api-fd7cfdd89-lm2bq,api,Running,False,0,1,2,"{""api"": 2}","{""api"": ""running""}",1,desktop-control-plane,True,"{""desktop-control-plane"": true}"
2026-09-10T18:21:01.210Z,jaeger-7cc9b664cc-l7j8l,jaeger,Running,True,1,1,0,"{""jaeger"": 0}","{""jaeger"": ""running""}",1,desktop-control-plane,True,"{""desktop-control-plane"": true}"
2026-09-10T18:21:01.210Z,k6-c1-run-2-wp28b,k6,Running,True,1,1,0,"{""k6"": 0}","{""k6"": ""running""}",1,desktop-control-plane,True,"{""desktop-control-plane"": true}"
2026-09-10T18:21:01.210Z,otel-collector-7c765745bf-kgnz4,otel-collector,Running,True,1,1,0,"{""otel-collector"": 0}","{""otel-collector"": ""running""}",1,desktop-control-plane,True,"{""desktop-control-plane"": true}"
2026-09-10T18:21:01.210Z,postgres-676cc4986c-d4nsp,postgres,Running,True,1,1,0,"{""postgres"": 0}","{""postgres"": ""running""}",1,desktop-control-plane,True,"{""desktop-control-plane"": true}"
2026-09-10T18:21:01.210Z,prometheus-59f5cf7468-5j5v2,prometheus,Running,True,1,1,0,"{""prometheus"": 0}","{""prometheus"": ""running""}",1,desktop-control-plane,True,"{""desktop-control-plane"": true}"
2026-09-10T18:21:01.210Z,rabbitmq-5cdf8f76b7-5w84p,rabbitmq,Running,True,1,1,0,"{""rabbitmq"": 0}","{""rabbitmq"": ""running""}",1,desktop-control-plane,True,"{""desktop-control-plane"": true}"
2026-09-10T18:21:01.210Z,worker-5fc94dd887-hsctd,worker,Running,True,1,1,0,"{""worker"": 0}","{""worker"": ""running""}",1,desktop-control-plane,True,"{""desktop-control-plane"": true}"
2026-09-10T18:21:06.210Z,api-fd7cfdd89-lm2bq,api,Running,False,0,1,3,"{""api"": 3}","{""api"": ""running""}",1,desktop-control-plane,True,"{""desktop-control-plane"": true}"
2026-09-10T18:21:06.210Z,jaeger-7cc9b664cc-l7j8l,jaeger,Running,True,1,1,0,"{""jaeger"": 0}","{""jaeger"": ""running""}",1,desktop-control-plane,True,"{""desktop-control-plane"": true}"
2026-09-10T18:21:06.210Z,otel-collector-7c765745bf-kgnz4,otel-collector,Running,True,1,1,0,"{""otel-collector"": 0}","{""otel-collector"": ""running""}",1,desktop-control-plane,True,"{""desktop-control-plane"": true}"
2026-09-10T18:21:06.210Z,postgres-676cc4986c-d4nsp,postgres,Running,True,1,1,0,"{""postgres"": 0}","{""postgres"": ""running""}",1,desktop-control-plane,True,"{""desktop-control-plane"": true}"
2026-09-10T18:21:06.210Z,prometheus-59f5cf7468-5j5v2,prometheus,Running,True,1,1,0,"{""prometheus"": 0}","{""prometheus"": ""running""}",1,desktop-control-plane,True,"{""desktop-control-plane"": true}"
2026-09-10T18:21:06.210Z,rabbitmq-5cdf8f76b7-5w84p,rabbitmq,Running,True,1,1,0,"{""rabbitmq"": 0}","{""rabbitmq"": ""running""}",1,desktop-control-plane,True,"{""desktop-control-plane"": true}"
2026-09-10T18:21:06.210Z,worker-5fc94dd887-hsctd,worker,Running,True,1,1,0,"{""worker"": 0}","{""worker"": ""running""}",1,desktop-control-plane,True,"{""desktop-control-plane"": true}"
2026-09-10T18:21:11.211Z,api-fd7cfdd89-lm2bq,api,Running,False,0,1,3,"{""api"": 3}","{""api"": ""running""}",1,desktop-control-plane,True,"{""desktop-control-plane"": true}"
2026-09-10T18:21:11.211Z,jaeger-7cc9b664cc-l7j8l,jaeger,Running,True,1,1,0,"{""jaeger"": 0}","{""jaeger"": ""running""}",1,desktop-control-plane,True,"{""desktop-control-plane"": true}"
2026-09-10T18:21:11.211Z,otel-collector-7c765745bf-kgnz4,otel-collector,Running,True,1,1,0,"{""otel-collector"": 0}","{""otel-collector"": ""running""}",1,desktop-control-plane,True,"{""desktop-control-plane"": true}"
2026-09-10T18:21:11.211Z,postgres-676cc4986c-d4nsp,postgres,Running,True,1,1,0,"{""postgres"": 0}","{""postgres"": ""running""}",1,desktop-control-plane,True,"{""desktop-control-plane"": true}"
2026-09-10T18:21:11.211Z,prometheus-59f5cf7468-5j5v2,prometheus,Running,True,1,1,0,"{""prometheus"": 0}","{""prometheus"": ""running""}",1,desktop-control-plane,True,"{""desktop-control-plane"": true}"
2026-09-10T18:21:11.211Z,rabbitmq-5cdf8f76b7-5w84p,rabbitmq,Running,True,1,1,0,"{""rabbitmq"": 0}","{""rabbitmq"": ""running""}",1,desktop-control-plane,True,"{""desktop-control-plane"": true}"
2026-09-10T18:21:11.211Z,worker-5fc94dd887-hsctd,worker,Running,True,1,1,0,"{""worker"": 0}","{""worker"": ""running""}",1,desktop-control-plane,True,"{""desktop-control-plane"": true}"
2026-09-10T18:21:16.211Z,api-fd7cfdd89-lm2bq,api,Running,True,1,1,3,"{""api"": 3}","{""api"": ""running""}",1,desktop-control-plane,True,"{""desktop-control-plane"": true}"
2026-09-10T18:21:16.211Z,jaeger-7cc9b664cc-l7j8l,jaeger,Running,True,1,1,0,"{""jaeger"": 0}","{""jaeger"": ""running""}",1,desktop-control-plane,True,"{""desktop-control-plane"": true}"
2026-09-10T18:21:16.211Z,otel-collector-7c765745bf-kgnz4,otel-collector,Running,True,1,1,0,"{""otel-collector"": 0}","{""otel-collector"": ""running""}",1,desktop-control-plane,True,"{""desktop-control-plane"": true}"
2026-09-10T18:21:16.211Z,postgres-676cc4986c-d4nsp,postgres,Running,True,1,1,0,"{""postgres"": 0}","{""postgres"": ""running""}",1,desktop-control-plane,True,"{""desktop-control-plane"": true}"
2026-09-10T18:21:16.211Z,prometheus-59f5cf7468-5j5v2,prometheus,Running,True,1,1,0,"{""prometheus"": 0}","{""prometheus"": ""running""}",1,desktop-control-plane,True,"{""desktop-control-plane"": true}"
2026-09-10T18:21:16.211Z,rabbitmq-5cdf8f76b7-5w84p,rabbitmq,Running,True,1,1,0,"{""rabbitmq"": 0}","{""rabbitmq"": ""running""}",1,desktop-control-plane,True,"{""desktop-control-plane"": true}"
2026-09-10T18:21:16.211Z,worker-5fc94dd887-hsctd,worker,Running,True,1,1,0,"{""worker"": 0}","{""worker"": ""running""}",1,desktop-control-plane,True,"{""desktop-control-plane"": true}"
2026-09-10T18:21:21.211Z,api-fd7cfdd89-lm2bq,api,Running,True,1,1,3,"{""api"": 3}","{""api"": ""running""}",1,desktop-control-plane,True,"{""desktop-control-plane"": true}"
2026-09-10T18:21:21.211Z,jaeger-7cc9b664cc-l7j8l,jaeger,Running,True,1,1,0,"{""jaeger"": 0}","{""jaeger"": ""running""}",1,desktop-control-plane,True,"{""desktop-control-plane"": true}"
2026-09-10T18:21:21.211Z,otel-collector-7c765745bf-kgnz4,otel-collector,Running,True,1,1,0,"{""otel-collector"": 0}","{""otel-collector"": ""running""}",1,desktop-control-plane,True,"{""desktop-control-plane"": true}"
2026-09-10T18:21:21.211Z,postgres-676cc4986c-d4nsp,postgres,Running,True,1,1,0,"{""postgres"": 0}","{""postgres"": ""running""}",1,desktop-control-plane,True,"{""desktop-control-plane"": true}"
2026-09-10T18:21:21.211Z,prometheus-59f5cf7468-5j5v2,prometheus,Running,True,1,1,0,"{""prometheus"": 0}","{""prometheus"": ""running""}",1,desktop-control-plane,True,"{""desktop-control-plane"": true}"
2026-09-10T18:21:21.211Z,rabbitmq-5cdf8f76b7-5w84p,rabbitmq,Running,True,1,1,0,"{""rabbitmq"": 0}","{""rabbitmq"": ""running""}",1,desktop-control-plane,True,"{""desktop-control-plane"": true}"
2026-09-10T18:21:21.211Z,worker-5fc94dd887-hsctd,worker,Running,True,1,1,0,"{""worker"": 0}","{""worker"": ""running""}",1,desktop-control-plane,True,"{""desktop-control-plane"": true}"
2026-09-10T18:21:26.212Z,api-fd7cfdd89-lm2bq,api,Running,True,1,1,3,"{""api"": 3}","{""api"": ""running""}",1,desktop-control-plane,True,"{""desktop-control-plane"": true}"
2026-09-10T18:21:26.212Z,jaeger-7cc9b664cc-l7j8l,jaeger,Running,True,1,1,0,"{""jaeger"": 0}","{""jaeger"": ""running""}",1,desktop-control-plane,True,"{""desktop-control-plane"": true}"
2026-09-10T18:21:26.212Z,otel-collector-7c765745bf-kgnz4,otel-collector,Running,True,1,1,0,"{""otel-collector"": 0}","{""otel-collector"": ""running""}",1,desktop-control-plane,True,"{""desktop-control-plane"": true}"
2026-09-10T18:21:26.212Z,postgres-676cc4986c-d4nsp,postgres,Running,True,1,1,0,"{""postgres"": 0}","{""postgres"": ""running""}",1,desktop-control-plane,True,"{""desktop-control-plane"": true}"
2026-09-10T18:21:26.212Z,prometheus-59f5cf7468-5j5v2,prometheus,Running,True,1,1,0,"{""prometheus"": 0}","{""prometheus"": ""running""}",1,desktop-control-plane,True,"{""desktop-control-plane"": true}"
2026-09-10T18:21:26.212Z,rabbitmq-5cdf8f76b7-5w84p,rabbitmq,Running,True,1,1,0,"{""rabbitmq"": 0}","{""rabbitmq"": ""running""}",1,desktop-control-plane,True,"{""desktop-control-plane"": true}"
2026-09-10T18:21:26.212Z,worker-5fc94dd887-hsctd,worker,Running,True,1,1,0,"{""worker"": 0}","{""worker"": ""running""}",1,desktop-control-plane,True,"{""desktop-control-plane"": true}"
2026-09-10T18:21:31.212Z,api-fd7cfdd89-lm2bq,api,Running,True,1,1,3,"{""api"": 3}","{""api"": ""running""}",1,desktop-control-plane,True,"{""desktop-control-plane"": true}"
2026-09-10T18:21:31.212Z,jaeger-7cc9b664cc-l7j8l,jaeger,Running,True,1,1,0,"{""jaeger"": 0}","{""jaeger"": ""running""}",1,desktop-control-plane,True,"{""desktop-control-plane"": true}"
2026-09-10T18:21:31.212Z,otel-collector-7c765745bf-kgnz4,otel-collector,Running,True,1,1,0,"{""otel-collector"": 0}","{""otel-collector"": ""running""}",1,desktop-control-plane,True,"{""desktop-control-plane"": true}"
2026-09-10T18:21:31.212Z,postgres-676cc4986c-d4nsp,postgres,Running,True,1,1,0,"{""postgres"": 0}","{""postgres"": ""running""}",1,desktop-control-plane,True,"{""desktop-control-plane"": true}"
2026-09-10T18:21:31.212Z,prometheus-59f5cf7468-5j5v2,prometheus,Running,True,1,1,0,"{""prometheus"": 0}","{""prometheus"": ""running""}",1,desktop-control-plane,True,"{""desktop-control-plane"": true}"
2026-09-10T18:21:31.212Z,rabbitmq-5cdf8f76b7-5w84p,rabbitmq,Running,True,1,1,0,"{""rabbitmq"": 0}","{""rabbitmq"": ""running""}",1,desktop-control-plane,True,"{""desktop-control-plane"": true}"
2026-09-10T18:21:31.212Z,worker-5fc94dd887-hsctd,worker,Running,True,1,1,0,"{""worker"": 0}","{""worker"": ""running""}",1,desktop-control-plane,True,"{""desktop-control-plane"": true}"
2026-09-10T18:21:36.213Z,api-fd7cfdd89-lm2bq,api,Running,True,1,1,3,"{""api"": 3}","{""api"": ""running""}",1,desktop-control-plane,True,"{""desktop-control-plane"": true}"
2026-09-10T18:21:36.213Z,jaeger-7cc9b664cc-l7j8l,jaeger,Running,True,1,1,0,"{""jaeger"": 0}","{""jaeger"": ""running""}",1,desktop-control-plane,True,"{""desktop-control-plane"": true}"
2026-09-10T18:21:36.213Z,otel-collector-7c765745bf-kgnz4,otel-collector,Running,True,1,1,0,"{""otel-collector"": 0}","{""otel-collector"": ""running""}",1,desktop-control-plane,True,"{""desktop-control-plane"": true}"
2026-09-10T18:21:36.213Z,postgres-676cc4986c-d4nsp,postgres,Running,True,1,1,0,"{""postgres"": 0}","{""postgres"": ""running""}",1,desktop-control-plane,True,"{""desktop-control-plane"": true}"
2026-09-10T18:21:36.213Z,prometheus-59f5cf7468-5j5v2,prometheus,Running,True,1,1,0,"{""prometheus"": 0}","{""prometheus"": ""running""}",1,desktop-control-plane,True,"{""desktop-control-plane"": true}"
2026-09-10T18:21:36.213Z,rabbitmq-5cdf8f76b7-5w84p,rabbitmq,Running,True,1,1,0,"{""rabbitmq"": 0}","{""rabbitmq"": ""running""}",1,desktop-control-plane,True,"{""desktop-control-plane"": true}"
2026-09-10T18:21:36.213Z,worker-5fc94dd887-hsctd,worker,Running,True,1,1,0,"{""worker"": 0}","{""worker"": ""running""}",1,desktop-control-plane,True,"{""desktop-control-plane"": true}"
2026-09-10T18:21:41.213Z,api-fd7cfdd89-lm2bq,api,Running,True,1,1,3,"{""api"": 3}","{""api"": ""running""}",1,desktop-control-plane,True,"{""desktop-control-plane"": true}"
2026-09-10T18:21:41.213Z,jaeger-7cc9b664cc-l7j8l,jaeger,Running,True,1,1,0,"{""jaeger"": 0}","{""jaeger"": ""running""}",1,desktop-control-plane,True,"{""desktop-control-plane"": true}"
2026-09-10T18:21:41.213Z,otel-collector-7c765745bf-kgnz4,otel-collector,Running,True,1,1,0,"{""otel-collector"": 0}","{""otel-collector"": ""running""}",1,desktop-control-plane,True,"{""desktop-control-plane"": true}"
2026-09-10T18:21:41.213Z,postgres-676cc4986c-d4nsp,postgres,Running,True,1,1,0,"{""postgres"": 0}","{""postgres"": ""running""}",1,desktop-control-plane,True,"{""desktop-control-plane"": true}"
2026-09-10T18:21:41.213Z,prometheus-59f5cf7468-5j5v2,prometheus,Running,True,1,1,0,"{""prometheus"": 0}","{""prometheus"": ""running""}",1,desktop-control-plane,True,"{""desktop-control-plane"": true}"
2026-09-10T18:21:41.213Z,rabbitmq-5cdf8f76b7-5w84p,rabbitmq,Running,True,1,1,0,"{""rabbitmq"": 0}","{""rabbitmq"": ""running""}",1,desktop-control-plane,True,"{""desktop-control-plane"": true}"
2026-09-10T18:21:41.213Z,worker-5fc94dd887-hsctd,worker,Running,True,1,1,0,"{""worker"": 0}","{""worker"": ""running""}",1,desktop-control-plane,True,"{""desktop-control-plane"": true}"
2026-09-10T18:21:46.213Z,api-fd7cfdd89-lm2bq,api,Running,True,1,1,3,"{""api"": 3}","{""api"": ""running""}",1,desktop-control-plane,True,"{""desktop-control-plane"": true}"
2026-09-10T18:21:46.213Z,jaeger-7cc9b664cc-l7j8l,jaeger,Running,True,1,1,0,"{""jaeger"": 0}","{""jaeger"": ""running""}",1,desktop-control-plane,True,"{""desktop-control-plane"": true}"
2026-09-10T18:21:46.213Z,otel-collector-7c765745bf-kgnz4,otel-collector,Running,True,1,1,0,"{""otel-collector"": 0}","{""otel-collector"": ""running""}",1,desktop-control-plane,True,"{""desktop-control-plane"": true}"
2026-09-10T18:21:46.213Z,postgres-676cc4986c-d4nsp,postgres,Running,True,1,1,0,"{""postgres"": 0}","{""postgres"": ""running""}",1,desktop-control-plane,True,"{""desktop-control-plane"": true}"
2026-09-10T18:21:46.213Z,prometheus-59f5cf7468-5j5v2,prometheus,Running,True,1,1,0,"{""prometheus"": 0}","{""prometheus"": ""running""}",1,desktop-control-plane,True,"{""desktop-control-plane"": true}"
2026-09-10T18:21:46.213Z,rabbitmq-5cdf8f76b7-5w84p,rabbitmq,Running,True,1,1,0,"{""rabbitmq"": 0}","{""rabbitmq"": ""running""}",1,desktop-control-plane,True,"{""desktop-control-plane"": true}"
2026-09-10T18:21:46.213Z,worker-5fc94dd887-hsctd,worker,Running,True,1,1,0,"{""worker"": 0}","{""worker"": ""running""}",1,desktop-control-plane,True,"{""desktop-control-plane"": true}"
2026-09-10T18:21:51.214Z,api-fd7cfdd89-lm2bq,api,Running,True,1,1,3,"{""api"": 3}","{""api"": ""running""}",1,desktop-control-plane,True,"{""desktop-control-plane"": true}"
2026-09-10T18:21:51.214Z,jaeger-7cc9b664cc-l7j8l,jaeger,Running,True,1,1,0,"{""jaeger"": 0}","{""jaeger"": ""running""}",1,desktop-control-plane,True,"{""desktop-control-plane"": true}"
2026-09-10T18:21:51.214Z,otel-collector-7c765745bf-kgnz4,otel-collector,Running,True,1,1,0,"{""otel-collector"": 0}","{""otel-collector"": ""running""}",1,desktop-control-plane,True,"{""desktop-control-plane"": true}"
2026-09-10T18:21:51.214Z,postgres-676cc4986c-d4nsp,postgres,Running,True,1,1,0,"{""postgres"": 0}","{""postgres"": ""running""}",1,desktop-control-plane,True,"{""desktop-control-plane"": true}"
2026-09-10T18:21:51.214Z,prometheus-59f5cf7468-5j5v2,prometheus,Running,True,1,1,0,"{""prometheus"": 0}","{""prometheus"": ""running""}",1,desktop-control-plane,True,"{""desktop-control-plane"": true}"
2026-09-10T18:21:51.214Z,rabbitmq-5cdf8f76b7-5w84p,rabbitmq,Running,True,1,1,0,"{""rabbitmq"": 0}","{""rabbitmq"": ""running""}",1,desktop-control-plane,True,"{""desktop-control-plane"": true}"
2026-09-10T18:21:51.214Z,worker-5fc94dd887-hsctd,worker,Running,True,1,1,0,"{""worker"": 0}","{""worker"": ""running""}",1,desktop-control-plane,True,"{""desktop-control-plane"": true}"
2026-09-10T18:21:56.214Z,api-fd7cfdd89-lm2bq,api,Running,True,1,1,3,"{""api"": 3}","{""api"": ""running""}",1,desktop-control-plane,True,"{""desktop-control-plane"": true}"
2026-09-10T18:21:56.214Z,jaeger-7cc9b664cc-l7j8l,jaeger,Running,True,1,1,0,"{""jaeger"": 0}","{""jaeger"": ""running""}",1,desktop-control-plane,True,"{""desktop-control-plane"": true}"
2026-09-10T18:21:56.214Z,otel-collector-7c765745bf-kgnz4,otel-collector,Running,True,1,1,0,"{""otel-collector"": 0}","{""otel-collector"": ""running""}",1,desktop-control-plane,True,"{""desktop-control-plane"": true}"
2026-09-10T18:21:56.214Z,postgres-676cc4986c-d4nsp,postgres,Running,True,1,1,0,"{""postgres"": 0}","{""postgres"": ""running""}",1,desktop-control-plane,True,"{""desktop-control-plane"": true}"
2026-09-10T18:21:56.214Z,prometheus-59f5cf7468-5j5v2,prometheus,Running,True,1,1,0,"{""prometheus"": 0}","{""prometheus"": ""running""}",1,desktop-control-plane,True,"{""desktop-control-plane"": true}"
2026-09-10T18:21:56.214Z,rabbitmq-5cdf8f76b7-5w84p,rabbitmq,Running,True,1,1,0,"{""rabbitmq"": 0}","{""rabbitmq"": ""running""}",1,desktop-control-plane,True,"{""desktop-control-plane"": true}"
2026-09-10T18:21:56.214Z,worker-5fc94dd887-hsctd,worker,Running,True,1,1,0,"{""worker"": 0}","{""worker"": ""running""}",1,desktop-control-plane,True,"{""desktop-control-plane"": true}"
2026-09-10T18:22:01.214Z,api-fd7cfdd89-lm2bq,api,Running,True,1,1,3,"{""api"": 3}","{""api"": ""running""}",1,desktop-control-plane,True,"{""desktop-control-plane"": true}"
2026-09-10T18:22:01.214Z,jaeger-7cc9b664cc-l7j8l,jaeger,Running,True,1,1,0,"{""jaeger"": 0}","{""jaeger"": ""running""}",1,desktop-control-plane,True,"{""desktop-control-plane"": true}"
2026-09-10T18:22:01.214Z,otel-collector-7c765745bf-kgnz4,otel-collector,Running,True,1,1,0,"{""otel-collector"": 0}","{""otel-collector"": ""running""}",1,desktop-control-plane,True,"{""desktop-control-plane"": true}"
2026-09-10T18:22:01.214Z,postgres-676cc4986c-d4nsp,postgres,Running,True,1,1,0,"{""postgres"": 0}","{""postgres"": ""running""}",1,desktop-control-plane,True,"{""desktop-control-plane"": true}"
2026-09-10T18:22:01.214Z,prometheus-59f5cf7468-5j5v2,prometheus,Running,True,1,1,0,"{""prometheus"": 0}","{""prometheus"": ""running""}",1,desktop-control-plane,True,"{""desktop-control-plane"": true}"
2026-09-10T18:22:01.214Z,rabbitmq-5cdf8f76b7-5w84p,rabbitmq,Running,True,1,1,0,"{""rabbitmq"": 0}","{""rabbitmq"": ""running""}",1,desktop-control-plane,True,"{""desktop-control-plane"": true}"
2026-09-10T18:22:01.214Z,worker-5fc94dd887-hsctd,worker,Running,True,1,1,0,"{""worker"": 0}","{""worker"": ""running""}",1,desktop-control-plane,True,"{""desktop-control-plane"": true}"
2026-09-10T18:22:06.215Z,api-fd7cfdd89-lm2bq,api,Running,True,1,1,3,"{""api"": 3}","{""api"": ""running""}",1,desktop-control-plane,True,"{""desktop-control-plane"": true}"
2026-09-10T18:22:06.215Z,jaeger-7cc9b664cc-l7j8l,jaeger,Running,True,1,1,0,"{""jaeger"": 0}","{""jaeger"": ""running""}",1,desktop-control-plane,True,"{""desktop-control-plane"": true}"
2026-09-10T18:22:06.215Z,otel-collector-7c765745bf-kgnz4,otel-collector,Running,True,1,1,0,"{""otel-collector"": 0}","{""otel-collector"": ""running""}",1,desktop-control-plane,True,"{""desktop-control-plane"": true}"
2026-09-10T18:22:06.215Z,postgres-676cc4986c-d4nsp,postgres,Running,True,1,1,0,"{""postgres"": 0}","{""postgres"": ""running""}",1,desktop-control-plane,True,"{""desktop-control-plane"": true}"
2026-09-10T18:22:06.215Z,prometheus-59f5cf7468-5j5v2,prometheus,Running,True,1,1,0,"{""prometheus"": 0}","{""prometheus"": ""running""}",1,desktop-control-plane,True,"{""desktop-control-plane"": true}"
2026-09-10T18:22:06.215Z,rabbitmq-5cdf8f76b7-5w84p,rabbitmq,Running,True,1,1,0,"{""rabbitmq"": 0}","{""rabbitmq"": ""running""}",1,desktop-control-plane,True,"{""desktop-control-plane"": true}"
2026-09-10T18:22:06.215Z,worker-5fc94dd887-hsctd,worker,Running,True,1,1,0,"{""worker"": 0}","{""worker"": ""running""}",1,desktop-control-plane,True,"{""desktop-control-plane"": true}"
2026-09-10T18:22:11.215Z,api-fd7cfdd89-lm2bq,api,Running,True,1,1,3,"{""api"": 3}","{""api"": ""running""}",1,desktop-control-plane,True,"{""desktop-control-plane"": true}"
2026-09-10T18:22:11.215Z,jaeger-7cc9b664cc-l7j8l,jaeger,Running,True,1,1,0,"{""jaeger"": 0}","{""jaeger"": ""running""}",1,desktop-control-plane,True,"{""desktop-control-plane"": true}"
2026-09-10T18:22:11.215Z,otel-collector-7c765745bf-kgnz4,otel-collector,Running,True,1,1,0,"{""otel-collector"": 0}","{""otel-collector"": ""running""}",1,desktop-control-plane,True,"{""desktop-control-plane"": true}"
2026-09-10T18:22:11.215Z,postgres-676cc4986c-d4nsp,postgres,Running,True,1,1,0,"{""postgres"": 0}","{""postgres"": ""running""}",1,desktop-control-plane,True,"{""desktop-control-plane"": true}"
2026-09-10T18:22:11.215Z,prometheus-59f5cf7468-5j5v2,prometheus,Running,True,1,1,0,"{""prometheus"": 0}","{""prometheus"": ""running""}",1,desktop-control-plane,True,"{""desktop-control-plane"": true}"
2026-09-10T18:22:11.215Z,rabbitmq-5cdf8f76b7-5w84p,rabbitmq,Running,True,1,1,0,"{""rabbitmq"": 0}","{""rabbitmq"": ""running""}",1,desktop-control-plane,True,"{""desktop-control-plane"": true}"
2026-09-10T18:22:11.215Z,worker-5fc94dd887-hsctd,worker,Running,True,1,1,0,"{""worker"": 0}","{""worker"": ""running""}",1,desktop-control-plane,True,"{""desktop-control-plane"": true}"
2026-09-10T18:22:16.215Z,api-fd7cfdd89-lm2bq,api,Running,True,1,1,3,"{""api"": 3}","{""api"": ""running""}",1,desktop-control-plane,True,"{""desktop-control-plane"": true}"
2026-09-10T18:22:16.215Z,jaeger-7cc9b664cc-l7j8l,jaeger,Running,True,1,1,0,"{""jaeger"": 0}","{""jaeger"": ""running""}",1,desktop-control-plane,True,"{""desktop-control-plane"": true}"
2026-09-10T18:22:16.215Z,otel-collector-7c765745bf-kgnz4,otel-collector,Running,True,1,1,0,"{""otel-collector"": 0}","{""otel-collector"": ""running""}",1,desktop-control-plane,True,"{""desktop-control-plane"": true}"
2026-09-10T18:22:16.215Z,postgres-676cc4986c-d4nsp,postgres,Running,True,1,1,0,"{""postgres"": 0}","{""postgres"": ""running""}",1,desktop-control-plane,True,"{""desktop-control-plane"": true}"
2026-09-10T18:22:16.215Z,prometheus-59f5cf7468-5j5v2,prometheus,Running,True,1,1,0,"{""prometheus"": 0}","{""prometheus"": ""running""}",1,desktop-control-plane,True,"{""desktop-control-plane"": true}"
2026-09-10T18:22:16.215Z,rabbitmq-5cdf8f76b7-5w84p,rabbitmq,Running,True,1,1,0,"{""rabbitmq"": 0}","{""rabbitmq"": ""running""}",1,desktop-control-plane,True,"{""desktop-control-plane"": true}"
2026-09-10T18:22:16.215Z,worker-5fc94dd887-hsctd,worker,Running,True,1,1,0,"{""worker"": 0}","{""worker"": ""running""}",1,desktop-control-plane,True,"{""desktop-control-plane"": true}"
2026-09-10T18:22:21.215Z,api-fd7cfdd89-lm2bq,api,Running,True,1,1,3,"{""api"": 3}","{""api"": ""running""}",1,desktop-control-plane,True,"{""desktop-control-plane"": true}"
2026-09-10T18:22:21.215Z,jaeger-7cc9b664cc-l7j8l,jaeger,Running,True,1,1,0,"{""jaeger"": 0}","{""jaeger"": ""running""}",1,desktop-control-plane,True,"{""desktop-control-plane"": true}"
2026-09-10T18:22:21.215Z,otel-collector-7c765745bf-kgnz4,otel-collector,Running,True,1,1,0,"{""otel-collector"": 0}","{""otel-collector"": ""running""}",1,desktop-control-plane,True,"{""desktop-control-plane"": true}"
2026-09-10T18:22:21.215Z,postgres-676cc4986c-d4nsp,postgres,Running,True,1,1,0,"{""postgres"": 0}","{""postgres"": ""running""}",1,desktop-control-plane,True,"{""desktop-control-plane"": true}"
2026-09-10T18:22:21.215Z,prometheus-59f5cf7468-5j5v2,prometheus,Running,True,1,1,0,"{""prometheus"": 0}","{""prometheus"": ""running""}",1,desktop-control-plane,True,"{""desktop-control-plane"": true}"
2026-09-10T18:22:21.215Z,rabbitmq-5cdf8f76b7-5w84p,rabbitmq,Running,True,1,1,0,"{""rabbitmq"": 0}","{""rabbitmq"": ""running""}",1,desktop-control-plane,True,"{""desktop-control-plane"": true}"
2026-09-10T18:22:21.215Z,worker-5fc94dd887-hsctd,worker,Running,True,1,1,0,"{""worker"": 0}","{""worker"": ""running""}",1,desktop-control-plane,True,"{""desktop-control-plane"": true}"
2026-09-10T18:22:26.216Z,api-fd7cfdd89-lm2bq,api,Running,True,1,1,3,"{""api"": 3}","{""api"": ""running""}",1,desktop-control-plane,True,"{""desktop-control-plane"": true}"
2026-09-10T18:22:26.216Z,jaeger-7cc9b664cc-l7j8l,jaeger,Running,True,1,1,0,"{""jaeger"": 0}","{""jaeger"": ""running""}",1,desktop-control-plane,True,"{""desktop-control-plane"": true}"
2026-09-10T18:22:26.216Z,otel-collector-7c765745bf-kgnz4,otel-collector,Running,True,1,1,0,"{""otel-collector"": 0}","{""otel-collector"": ""running""}",1,desktop-control-plane,True,"{""desktop-control-plane"": true}"
2026-09-10T18:22:26.216Z,postgres-676cc4986c-d4nsp,postgres,Running,True,1,1,0,"{""postgres"": 0}","{""postgres"": ""running""}",1,desktop-control-plane,True,"{""desktop-control-plane"": true}"
2026-09-10T18:22:26.216Z,prometheus-59f5cf7468-5j5v2,prometheus,Running,True,1,1,0,"{""prometheus"": 0}","{""prometheus"": ""running""}",1,desktop-control-plane,True,"{""desktop-control-plane"": true}"
2026-09-10T18:22:26.216Z,rabbitmq-5cdf8f76b7-5w84p,rabbitmq,Running,True,1,1,0,"{""rabbitmq"": 0}","{""rabbitmq"": ""running""}",1,desktop-control-plane,True,"{""desktop-control-plane"": true}"
2026-09-10T18:22:26.216Z,worker-5fc94dd887-hsctd,worker,Running,True,1,1,0,"{""worker"": 0}","{""worker"": ""running""}",1,desktop-control-plane,True,"{""desktop-control-plane"": true}"
2026-09-10T18:22:31.216Z,api-fd7cfdd89-lm2bq,api,Running,True,1,1,3,"{""api"": 3}","{""api"": ""running""}",1,desktop-control-plane,True,"{""desktop-control-plane"": true}"
2026-09-10T18:22:31.216Z,jaeger-7cc9b664cc-l7j8l,jaeger,Running,True,1,1,0,"{""jaeger"": 0}","{""jaeger"": ""running""}",1,desktop-control-plane,True,"{""desktop-control-plane"": true}"
2026-09-10T18:22:31.216Z,otel-collector-7c765745bf-kgnz4,otel-collector,Running,True,1,1,0,"{""otel-collector"": 0}","{""otel-collector"": ""running""}",1,desktop-control-plane,True,"{""desktop-control-plane"": true}"
2026-09-10T18:22:31.216Z,postgres-676cc4986c-d4nsp,postgres,Running,True,1,1,0,"{""postgres"": 0}","{""postgres"": ""running""}",1,desktop-control-plane,True,"{""desktop-control-plane"": true}"
2026-09-10T18:22:31.216Z,prometheus-59f5cf7468-5j5v2,prometheus,Running,True,1,1,0,"{""prometheus"": 0}","{""prometheus"": ""running""}",1,desktop-control-plane,True,"{""desktop-control-plane"": true}"
2026-09-10T18:22:31.216Z,rabbitmq-5cdf8f76b7-5w84p,rabbitmq,Running,True,1,1,0,"{""rabbitmq"": 0}","{""rabbitmq"": ""running""}",1,desktop-control-plane,True,"{""desktop-control-plane"": true}"
2026-09-10T18:22:31.216Z,worker-5fc94dd887-hsctd,worker,Running,True,1,1,0,"{""worker"": 0}","{""worker"": ""running""}",1,desktop-control-plane,True,"{""desktop-control-plane"": true}"
2026-09-10T18:22:36.216Z,api-fd7cfdd89-lm2bq,api,Running,True,1,1,3,"{""api"": 3}","{""api"": ""running""}",1,desktop-control-plane,True,"{""desktop-control-plane"": true}"
2026-09-10T18:22:36.216Z,jaeger-7cc9b664cc-l7j8l,jaeger,Running,True,1,1,0,"{""jaeger"": 0}","{""jaeger"": ""running""}",1,desktop-control-plane,True,"{""desktop-control-plane"": true}"
2026-09-10T18:22:36.216Z,otel-collector-7c765745bf-kgnz4,otel-collector,Running,True,1,1,0,"{""otel-collector"": 0}","{""otel-collector"": ""running""}",1,desktop-control-plane,True,"{""desktop-control-plane"": true}"
2026-09-10T18:22:36.216Z,postgres-676cc4986c-d4nsp,postgres,Running,True,1,1,0,"{""postgres"": 0}","{""postgres"": ""running""}",1,desktop-control-plane,True,"{""desktop-control-plane"": true}"
2026-09-10T18:22:36.216Z,prometheus-59f5cf7468-5j5v2,prometheus,Running,True,1,1,0,"{""prometheus"": 0}","{""prometheus"": ""running""}",1,desktop-control-plane,True,"{""desktop-control-plane"": true}"
2026-09-10T18:22:36.216Z,rabbitmq-5cdf8f76b7-5w84p,rabbitmq,Running,True,1,1,0,"{""rabbitmq"": 0}","{""rabbitmq"": ""running""}",1,desktop-control-plane,True,"{""desktop-control-plane"": true}"
2026-09-10T18:22:36.216Z,worker-5fc94dd887-hsctd,worker,Running,True,1,1,0,"{""worker"": 0}","{""worker"": ""running""}",1,desktop-control-plane,True,"{""desktop-control-plane"": true}"
2026-09-10T18:22:41.217Z,api-fd7cfdd89-lm2bq,api,Running,True,1,1,3,"{""api"": 3}","{""api"": ""running""}",1,desktop-control-plane,True,"{""desktop-control-plane"": true}"
2026-09-10T18:22:41.217Z,jaeger-7cc9b664cc-l7j8l,jaeger,Running,True,1,1,0,"{""jaeger"": 0}","{""jaeger"": ""running""}",1,desktop-control-plane,True,"{""desktop-control-plane"": true}"
2026-09-10T18:22:41.217Z,otel-collector-7c765745bf-kgnz4,otel-collector,Running,True,1,1,0,"{""otel-collector"": 0}","{""otel-collector"": ""running""}",1,desktop-control-plane,True,"{""desktop-control-plane"": true}"
2026-09-10T18:22:41.217Z,postgres-676cc4986c-d4nsp,postgres,Running,True,1,1,0,"{""postgres"": 0}","{""postgres"": ""running""}",1,desktop-control-plane,True,"{""desktop-control-plane"": true}"
2026-09-10T18:22:41.217Z,prometheus-59f5cf7468-5j5v2,prometheus,Running,True,1,1,0,"{""prometheus"": 0}","{""prometheus"": ""running""}",1,desktop-control-plane,True,"{""desktop-control-plane"": true}"
2026-09-10T18:22:41.217Z,rabbitmq-5cdf8f76b7-5w84p,rabbitmq,Running,True,1,1,0,"{""rabbitmq"": 0}","{""rabbitmq"": ""running""}",1,desktop-control-plane,True,"{""desktop-control-plane"": true}"
2026-09-10T18:22:41.217Z,worker-5fc94dd887-hsctd,worker,Running,True,1,1,0,"{""worker"": 0}","{""worker"": ""running""}",1,desktop-control-plane,True,"{""desktop-control-plane"": true}"
2026-09-10T18:22:46.217Z,api-fd7cfdd89-lm2bq,api,Running,True,1,1,3,"{""api"": 3}","{""api"": ""running""}",1,desktop-control-plane,True,"{""desktop-control-plane"": true}"
2026-09-10T18:22:46.217Z,jaeger-7cc9b664cc-l7j8l,jaeger,Running,True,1,1,0,"{""jaeger"": 0}","{""jaeger"": ""running""}",1,desktop-control-plane,True,"{""desktop-control-plane"": true}"
2026-09-10T18:22:46.217Z,otel-collector-7c765745bf-kgnz4,otel-collector,Running,True,1,1,0,"{""otel-collector"": 0}","{""otel-collector"": ""running""}",1,desktop-control-plane,True,"{""desktop-control-plane"": true}"
2026-09-10T18:22:46.217Z,postgres-676cc4986c-d4nsp,postgres,Running,True,1,1,0,"{""postgres"": 0}","{""postgres"": ""running""}",1,desktop-control-plane,True,"{""desktop-control-plane"": true}"
2026-09-10T18:22:46.217Z,prometheus-59f5cf7468-5j5v2,prometheus,Running,True,1,1,0,"{""prometheus"": 0}","{""prometheus"": ""running""}",1,desktop-control-plane,True,"{""desktop-control-plane"": true}"
2026-09-10T18:22:46.217Z,rabbitmq-5cdf8f76b7-5w84p,rabbitmq,Running,True,1,1,0,"{""rabbitmq"": 0}","{""rabbitmq"": ""running""}",1,desktop-control-plane,True,"{""desktop-control-plane"": true}"
2026-09-10T18:22:46.217Z,worker-5fc94dd887-hsctd,worker,Running,True,1,1,0,"{""worker"": 0}","{""worker"": ""running""}",1,desktop-control-plane,True,"{""desktop-control-plane"": true}"
2026-09-10T18:22:51.217Z,api-fd7cfdd89-lm2bq,api,Running,True,1,1,3,"{""api"": 3}","{""api"": ""running""}",1,desktop-control-plane,True,"{""desktop-control-plane"": true}"
2026-09-10T18:22:51.217Z,jaeger-7cc9b664cc-l7j8l,jaeger,Running,True,1,1,0,"{""jaeger"": 0}","{""jaeger"": ""running""}",1,desktop-control-plane,True,"{""desktop-control-plane"": true}"
2026-09-10T18:22:51.217Z,otel-collector-7c765745bf-kgnz4,otel-collector,Running,True,1,1,0,"{""otel-collector"": 0}","{""otel-collector"": ""running""}",1,desktop-control-plane,True,"{""desktop-control-plane"": true}"
2026-09-10T18:22:51.217Z,postgres-676cc4986c-d4nsp,postgres,Running,True,1,1,0,"{""postgres"": 0}","{""postgres"": ""running""}",1,desktop-control-plane,True,"{""desktop-control-plane"": true}"
2026-09-10T18:22:51.217Z,prometheus-59f5cf7468-5j5v2,prometheus,Running,True,1,1,0,"{""prometheus"": 0}","{""prometheus"": ""running""}",1,desktop-control-plane,True,"{""desktop-control-plane"": true}"
2026-09-10T18:22:51.217Z,rabbitmq-5cdf8f76b7-5w84p,rabbitmq,Running,True,1,1,0,"{""rabbitmq"": 0}","{""rabbitmq"": ""running""}",1,desktop-control-plane,True,"{""desktop-control-plane"": true}"
2026-09-10T18:22:51.217Z,worker-5fc94dd887-hsctd,worker,Running,True,1,1,0,"{""worker"": 0}","{""worker"": ""running""}",1,desktop-control-plane,True,"{""desktop-control-plane"": true}"
2026-09-10T18:22:56.217Z,api-fd7cfdd89-lm2bq,api,Running,True,1,1,3,"{""api"": 3}","{""api"": ""running""}",1,desktop-control-plane,True,"{""desktop-control-plane"": true}"
2026-09-10T18:22:56.217Z,jaeger-7cc9b664cc-l7j8l,jaeger,Running,True,1,1,0,"{""jaeger"": 0}","{""jaeger"": ""running""}",1,desktop-control-plane,True,"{""desktop-control-plane"": true}"
2026-09-10T18:22:56.217Z,otel-collector-7c765745bf-kgnz4,otel-collector,Running,True,1,1,0,"{""otel-collector"": 0}","{""otel-collector"": ""running""}",1,desktop-control-plane,True,"{""desktop-control-plane"": true}"
2026-09-10T18:22:56.217Z,postgres-676cc4986c-d4nsp,postgres,Running,True,1,1,0,"{""postgres"": 0}","{""postgres"": ""running""}",1,desktop-control-plane,True,"{""desktop-control-plane"": true}"
2026-09-10T18:22:56.217Z,prometheus-59f5cf7468-5j5v2,prometheus,Running,True,1,1,0,"{""prometheus"": 0}","{""prometheus"": ""running""}",1,desktop-control-plane,True,"{""desktop-control-plane"": true}"
2026-09-10T18:22:56.217Z,rabbitmq-5cdf8f76b7-5w84p,rabbitmq,Running,True,1,1,0,"{""rabbitmq"": 0}","{""rabbitmq"": ""running""}",1,desktop-control-plane,True,"{""desktop-control-plane"": true}"
2026-09-10T18:22:56.217Z,worker-5fc94dd887-hsctd,worker,Running,True,1,1,0,"{""worker"": 0}","{""worker"": ""running""}",1,desktop-control-plane,True,"{""desktop-control-plane"": true}"
2026-09-10T18:23:01.217Z,api-fd7cfdd89-lm2bq,api,Running,True,1,1,3,"{""api"": 3}","{""api"": ""running""}",1,desktop-control-plane,True,"{""desktop-control-plane"": true}"
2026-09-10T18:23:01.217Z,jaeger-7cc9b664cc-l7j8l,jaeger,Running,True,1,1,0,"{""jaeger"": 0}","{""jaeger"": ""running""}",1,desktop-control-plane,True,"{""desktop-control-plane"": true}"
2026-09-10T18:23:01.217Z,otel-collector-7c765745bf-kgnz4,otel-collector,Running,True,1,1,0,"{""otel-collector"": 0}","{""otel-collector"": ""running""}",1,desktop-control-plane,True,"{""desktop-control-plane"": true}"
2026-09-10T18:23:01.217Z,postgres-676cc4986c-d4nsp,postgres,Running,True,1,1,0,"{""postgres"": 0}","{""postgres"": ""running""}",1,desktop-control-plane,True,"{""desktop-control-plane"": true}"
2026-09-10T18:23:01.217Z,prometheus-59f5cf7468-5j5v2,prometheus,Running,True,1,1,0,"{""prometheus"": 0}","{""prometheus"": ""running""}",1,desktop-control-plane,True,"{""desktop-control-plane"": true}"
2026-09-10T18:23:01.217Z,rabbitmq-5cdf8f76b7-5w84p,rabbitmq,Running,True,1,1,0,"{""rabbitmq"": 0}","{""rabbitmq"": ""running""}",1,desktop-control-plane,True,"{""desktop-control-plane"": true}"
2026-09-10T18:23:01.217Z,worker-5fc94dd887-hsctd,worker,Running,True,1,1,0,"{""worker"": 0}","{""worker"": ""running""}",1,desktop-control-plane,True,"{""desktop-control-plane"": true}"
2026-09-10T18:23:06.218Z,api-fd7cfdd89-lm2bq,api,Running,True,1,1,3,"{""api"": 3}","{""api"": ""running""}",1,desktop-control-plane,True,"{""desktop-control-plane"": true}"
2026-09-10T18:23:06.218Z,jaeger-7cc9b664cc-l7j8l,jaeger,Running,True,1,1,0,"{""jaeger"": 0}","{""jaeger"": ""running""}",1,desktop-control-plane,True,"{""desktop-control-plane"": true}"
2026-09-10T18:23:06.218Z,otel-collector-7c765745bf-kgnz4,otel-collector,Running,True,1,1,0,"{""otel-collector"": 0}","{""otel-collector"": ""running""}",1,desktop-control-plane,True,"{""desktop-control-plane"": true}"
2026-09-10T18:23:06.218Z,postgres-676cc4986c-d4nsp,postgres,Running,True,1,1,0,"{""postgres"": 0}","{""postgres"": ""running""}",1,desktop-control-plane,True,"{""desktop-control-plane"": true}"
2026-09-10T18:23:06.218Z,prometheus-59f5cf7468-5j5v2,prometheus,Running,True,1,1,0,"{""prometheus"": 0}","{""prometheus"": ""running""}",1,desktop-control-plane,True,"{""desktop-control-plane"": true}"
2026-09-10T18:23:06.218Z,rabbitmq-5cdf8f76b7-5w84p,rabbitmq,Running,True,1,1,0,"{""rabbitmq"": 0}","{""rabbitmq"": ""running""}",1,desktop-control-plane,True,"{""desktop-control-plane"": true}"
2026-09-10T18:23:06.218Z,worker-5fc94dd887-hsctd,worker,Running,True,1,1,0,"{""worker"": 0}","{""worker"": ""running""}",1,desktop-control-plane,True,"{""desktop-control-plane"": true}"
2026-09-10T18:23:11.218Z,api-fd7cfdd89-lm2bq,api,Running,True,1,1,3,"{""api"": 3}","{""api"": ""running""}",1,desktop-control-plane,True,"{""desktop-control-plane"": true}"
2026-09-10T18:23:11.218Z,jaeger-7cc9b664cc-l7j8l,jaeger,Running,True,1,1,0,"{""jaeger"": 0}","{""jaeger"": ""running""}",1,desktop-control-plane,True,"{""desktop-control-plane"": true}"
2026-09-10T18:23:11.218Z,otel-collector-7c765745bf-kgnz4,otel-collector,Running,True,1,1,0,"{""otel-collector"": 0}","{""otel-collector"": ""running""}",1,desktop-control-plane,True,"{""desktop-control-plane"": true}"
2026-09-10T18:23:11.218Z,postgres-676cc4986c-d4nsp,postgres,Running,True,1,1,0,"{""postgres"": 0}","{""postgres"": ""running""}",1,desktop-control-plane,True,"{""desktop-control-plane"": true}"
2026-09-10T18:23:11.218Z,prometheus-59f5cf7468-5j5v2,prometheus,Running,True,1,1,0,"{""prometheus"": 0}","{""prometheus"": ""running""}",1,desktop-control-plane,True,"{""desktop-control-plane"": true}"
2026-09-10T18:23:11.218Z,rabbitmq-5cdf8f76b7-5w84p,rabbitmq,Running,True,1,1,0,"{""rabbitmq"": 0}","{""rabbitmq"": ""running""}",1,desktop-control-plane,True,"{""desktop-control-plane"": true}"
2026-09-10T18:23:11.218Z,worker-5fc94dd887-hsctd,worker,Running,True,1,1,0,"{""worker"": 0}","{""worker"": ""running""}",1,desktop-control-plane,True,"{""desktop-control-plane"": true}"
2026-09-10T18:23:16.218Z,api-fd7cfdd89-lm2bq,api,Running,True,1,1,3,"{""api"": 3}","{""api"": ""running""}",1,desktop-control-plane,True,"{""desktop-control-plane"": true}"
2026-09-10T18:23:16.218Z,jaeger-7cc9b664cc-l7j8l,jaeger,Running,True,1,1,0,"{""jaeger"": 0}","{""jaeger"": ""running""}",1,desktop-control-plane,True,"{""desktop-control-plane"": true}"
2026-09-10T18:23:16.218Z,otel-collector-7c765745bf-kgnz4,otel-collector,Running,True,1,1,0,"{""otel-collector"": 0}","{""otel-collector"": ""running""}",1,desktop-control-plane,True,"{""desktop-control-plane"": true}"
2026-09-10T18:23:16.218Z,postgres-676cc4986c-d4nsp,postgres,Running,True,1,1,0,"{""postgres"": 0}","{""postgres"": ""running""}",1,desktop-control-plane,True,"{""desktop-control-plane"": true}"
2026-09-10T18:23:16.218Z,prometheus-59f5cf7468-5j5v2,prometheus,Running,True,1,1,0,"{""prometheus"": 0}","{""prometheus"": ""running""}",1,desktop-control-plane,True,"{""desktop-control-plane"": true}"
2026-09-10T18:23:16.218Z,rabbitmq-5cdf8f76b7-5w84p,rabbitmq,Running,True,1,1,0,"{""rabbitmq"": 0}","{""rabbitmq"": ""running""}",1,desktop-control-plane,True,"{""desktop-control-plane"": true}"
2026-09-10T18:23:16.218Z,worker-5fc94dd887-hsctd,worker,Running,True,1,1,0,"{""worker"": 0}","{""worker"": ""running""}",1,desktop-control-plane,True,"{""desktop-control-plane"": true}"
2026-09-10T18:23:21.219Z,api-fd7cfdd89-lm2bq,api,Running,True,1,1,3,"{""api"": 3}","{""api"": ""running""}",1,desktop-control-plane,True,"{""desktop-control-plane"": true}"
2026-09-10T18:23:21.219Z,jaeger-7cc9b664cc-l7j8l,jaeger,Running,True,1,1,0,"{""jaeger"": 0}","{""jaeger"": ""running""}",1,desktop-control-plane,True,"{""desktop-control-plane"": true}"
2026-09-10T18:23:21.219Z,otel-collector-7c765745bf-kgnz4,otel-collector,Running,True,1,1,0,"{""otel-collector"": 0}","{""otel-collector"": ""running""}",1,desktop-control-plane,True,"{""desktop-control-plane"": true}"
2026-09-10T18:23:21.219Z,postgres-676cc4986c-d4nsp,postgres,Running,True,1,1,0,"{""postgres"": 0}","{""postgres"": ""running""}",1,desktop-control-plane,True,"{""desktop-control-plane"": true}"
2026-09-10T18:23:21.219Z,prometheus-59f5cf7468-5j5v2,prometheus,Running,True,1,1,0,"{""prometheus"": 0}","{""prometheus"": ""running""}",1,desktop-control-plane,True,"{""desktop-control-plane"": true}"
2026-09-10T18:23:21.219Z,rabbitmq-5cdf8f76b7-5w84p,rabbitmq,Running,True,1,1,0,"{""rabbitmq"": 0}","{""rabbitmq"": ""running""}",1,desktop-control-plane,True,"{""desktop-control-plane"": true}"
2026-09-10T18:23:21.219Z,worker-5fc94dd887-hsctd,worker,Running,True,1,1,0,"{""worker"": 0}","{""worker"": ""running""}",1,desktop-control-plane,True,"{""desktop-control-plane"": true}"
2026-09-10T18:23:26.219Z,api-fd7cfdd89-lm2bq,api,Running,True,1,1,3,"{""api"": 3}","{""api"": ""running""}",1,desktop-control-plane,True,"{""desktop-control-plane"": true}"
2026-09-10T18:23:26.219Z,jaeger-7cc9b664cc-l7j8l,jaeger,Running,True,1,1,0,"{""jaeger"": 0}","{""jaeger"": ""running""}",1,desktop-control-plane,True,"{""desktop-control-plane"": true}"
2026-09-10T18:23:26.219Z,otel-collector-7c765745bf-kgnz4,otel-collector,Running,True,1,1,0,"{""otel-collector"": 0}","{""otel-collector"": ""running""}",1,desktop-control-plane,True,"{""desktop-control-plane"": true}"
2026-09-10T18:23:26.219Z,postgres-676cc4986c-d4nsp,postgres,Running,True,1,1,0,"{""postgres"": 0}","{""postgres"": ""running""}",1,desktop-control-plane,True,"{""desktop-control-plane"": true}"
2026-09-10T18:23:26.219Z,prometheus-59f5cf7468-5j5v2,prometheus,Running,True,1,1,0,"{""prometheus"": 0}","{""prometheus"": ""running""}",1,desktop-control-plane,True,"{""desktop-control-plane"": true}"
2026-09-10T18:23:26.219Z,rabbitmq-5cdf8f76b7-5w84p,rabbitmq,Running,True,1,1,0,"{""rabbitmq"": 0}","{""rabbitmq"": ""running""}",1,desktop-control-plane,True,"{""desktop-control-plane"": true}"
2026-09-10T18:23:26.219Z,worker-5fc94dd887-hsctd,worker,Running,True,1,1,0,"{""worker"": 0}","{""worker"": ""running""}",1,desktop-control-plane,True,"{""desktop-control-plane"": true}"
2026-09-10T18:23:31.219Z,api-fd7cfdd89-lm2bq,api,Running,True,1,1,3,"{""api"": 3}","{""api"": ""running""}",1,desktop-control-plane,True,"{""desktop-control-plane"": true}"
2026-09-10T18:23:31.219Z,jaeger-7cc9b664cc-l7j8l,jaeger,Running,True,1,1,0,"{""jaeger"": 0}","{""jaeger"": ""running""}",1,desktop-control-plane,True,"{""desktop-control-plane"": true}"
2026-09-10T18:23:31.219Z,otel-collector-7c765745bf-kgnz4,otel-collector,Running,True,1,1,0,"{""otel-collector"": 0}","{""otel-collector"": ""running""}",1,desktop-control-plane,True,"{""desktop-control-plane"": true}"
2026-09-10T18:23:31.219Z,postgres-676cc4986c-d4nsp,postgres,Running,True,1,1,0,"{""postgres"": 0}","{""postgres"": ""running""}",1,desktop-control-plane,True,"{""desktop-control-plane"": true}"
2026-09-10T18:23:31.219Z,prometheus-59f5cf7468-5j5v2,prometheus,Running,True,1,1,0,"{""prometheus"": 0}","{""prometheus"": ""running""}",1,desktop-control-plane,True,"{""desktop-control-plane"": true}"
2026-09-10T18:23:31.219Z,rabbitmq-5cdf8f76b7-5w84p,rabbitmq,Running,True,1,1,0,"{""rabbitmq"": 0}","{""rabbitmq"": ""running""}",1,desktop-control-plane,True,"{""desktop-control-plane"": true}"
2026-09-10T18:23:31.219Z,worker-5fc94dd887-hsctd,worker,Running,True,1,1,0,"{""worker"": 0}","{""worker"": ""running""}",1,desktop-control-plane,True,"{""desktop-control-plane"": true}"
2026-09-10T18:23:36.220Z,api-fd7cfdd89-lm2bq,api,Running,True,1,1,3,"{""api"": 3}","{""api"": ""running""}",1,desktop-control-plane,True,"{""desktop-control-plane"": true}"
2026-09-10T18:23:36.220Z,jaeger-7cc9b664cc-l7j8l,jaeger,Running,True,1,1,0,"{""jaeger"": 0}","{""jaeger"": ""running""}",1,desktop-control-plane,True,"{""desktop-control-plane"": true}"
2026-09-10T18:23:36.220Z,otel-collector-7c765745bf-kgnz4,otel-collector,Running,True,1,1,0,"{""otel-collector"": 0}","{""otel-collector"": ""running""}",1,desktop-control-plane,True,"{""desktop-control-plane"": true}"
2026-09-10T18:23:36.220Z,postgres-676cc4986c-d4nsp,postgres,Running,True,1,1,0,"{""postgres"": 0}","{""postgres"": ""running""}",1,desktop-control-plane,True,"{""desktop-control-plane"": true}"
2026-09-10T18:23:36.220Z,prometheus-59f5cf7468-5j5v2,prometheus,Running,True,1,1,0,"{""prometheus"": 0}","{""prometheus"": ""running""}",1,desktop-control-plane,True,"{""desktop-control-plane"": true}"
2026-09-10T18:23:36.220Z,rabbitmq-5cdf8f76b7-5w84p,rabbitmq,Running,True,1,1,0,"{""rabbitmq"": 0}","{""rabbitmq"": ""running""}",1,desktop-control-plane,True,"{""desktop-control-plane"": true}"
2026-09-10T18:23:36.220Z,worker-5fc94dd887-hsctd,worker,Running,True,1,1,0,"{""worker"": 0}","{""worker"": ""running""}",1,desktop-control-plane,True,"{""desktop-control-plane"": true}"
2026-09-10T18:23:41.220Z,api-fd7cfdd89-lm2bq,api,Running,True,1,1,3,"{""api"": 3}","{""api"": ""running""}",1,desktop-control-plane,True,"{""desktop-control-plane"": true}"
2026-09-10T18:23:41.220Z,jaeger-7cc9b664cc-l7j8l,jaeger,Running,True,1,1,0,"{""jaeger"": 0}","{""jaeger"": ""running""}",1,desktop-control-plane,True,"{""desktop-control-plane"": true}"
2026-09-10T18:23:41.220Z,otel-collector-7c765745bf-kgnz4,otel-collector,Running,True,1,1,0,"{""otel-collector"": 0}","{""otel-collector"": ""running""}",1,desktop-control-plane,True,"{""desktop-control-plane"": true}"
2026-09-10T18:23:41.220Z,postgres-676cc4986c-d4nsp,postgres,Running,True,1,1,0,"{""postgres"": 0}","{""postgres"": ""running""}",1,desktop-control-plane,True,"{""desktop-control-plane"": true}"
2026-09-10T18:23:41.220Z,prometheus-59f5cf7468-5j5v2,prometheus,Running,True,1,1,0,"{""prometheus"": 0}","{""prometheus"": ""running""}",1,desktop-control-plane,True,"{""desktop-control-plane"": true}"
2026-09-10T18:23:41.220Z,rabbitmq-5cdf8f76b7-5w84p,rabbitmq,Running,True,1,1,0,"{""rabbitmq"": 0}","{""rabbitmq"": ""running""}",1,desktop-control-plane,True,"{""desktop-control-plane"": true}"
2026-09-10T18:23:41.220Z,worker-5fc94dd887-hsctd,worker,Running,True,1,1,0,"{""worker"": 0}","{""worker"": ""running""}",1,desktop-control-plane,True,"{""desktop-control-plane"": true}"
2026-09-10T18:23:46.221Z,api-fd7cfdd89-lm2bq,api,Running,True,1,1,3,"{""api"": 3}","{""api"": ""running""}",1,desktop-control-plane,True,"{""desktop-control-plane"": true}"
2026-09-10T18:23:46.221Z,jaeger-7cc9b664cc-l7j8l,jaeger,Running,True,1,1,0,"{""jaeger"": 0}","{""jaeger"": ""running""}",1,desktop-control-plane,True,"{""desktop-control-plane"": true}"
2026-09-10T18:23:46.221Z,otel-collector-7c765745bf-kgnz4,otel-collector,Running,True,1,1,0,"{""otel-collector"": 0}","{""otel-collector"": ""running""}",1,desktop-control-plane,True,"{""desktop-control-plane"": true}"
2026-09-10T18:23:46.221Z,postgres-676cc4986c-d4nsp,postgres,Running,True,1,1,0,"{""postgres"": 0}","{""postgres"": ""running""}",1,desktop-control-plane,True,"{""desktop-control-plane"": true}"
2026-09-10T18:23:46.221Z,prometheus-59f5cf7468-5j5v2,prometheus,Running,True,1,1,0,"{""prometheus"": 0}","{""prometheus"": ""running""}",1,desktop-control-plane,True,"{""desktop-control-plane"": true}"
2026-09-10T18:23:46.221Z,rabbitmq-5cdf8f76b7-5w84p,rabbitmq,Running,True,1,1,0,"{""rabbitmq"": 0}","{""rabbitmq"": ""running""}",1,desktop-control-plane,True,"{""desktop-control-plane"": true}"
2026-09-10T18:23:46.221Z,worker-5fc94dd887-hsctd,worker,Running,True,1,1,0,"{""worker"": 0}","{""worker"": ""running""}",1,desktop-control-plane,True,"{""desktop-control-plane"": true}"
2026-09-10T18:23:51.221Z,api-fd7cfdd89-lm2bq,api,Running,True,1,1,3,"{""api"": 3}","{""api"": ""running""}",1,desktop-control-plane,True,"{""desktop-control-plane"": true}"
2026-09-10T18:23:51.221Z,jaeger-7cc9b664cc-l7j8l,jaeger,Running,True,1,1,0,"{""jaeger"": 0}","{""jaeger"": ""running""}",1,desktop-control-plane,True,"{""desktop-control-plane"": true}"
2026-09-10T18:23:51.221Z,otel-collector-7c765745bf-kgnz4,otel-collector,Running,True,1,1,0,"{""otel-collector"": 0}","{""otel-collector"": ""running""}",1,desktop-control-plane,True,"{""desktop-control-plane"": true}"
2026-09-10T18:23:51.221Z,postgres-676cc4986c-d4nsp,postgres,Running,True,1,1,0,"{""postgres"": 0}","{""postgres"": ""running""}",1,desktop-control-plane,True,"{""desktop-control-plane"": true}"
2026-09-10T18:23:51.221Z,prometheus-59f5cf7468-5j5v2,prometheus,Running,True,1,1,0,"{""prometheus"": 0}","{""prometheus"": ""running""}",1,desktop-control-plane,True,"{""desktop-control-plane"": true}"
2026-09-10T18:23:51.221Z,rabbitmq-5cdf8f76b7-5w84p,rabbitmq,Running,True,1,1,0,"{""rabbitmq"": 0}","{""rabbitmq"": ""running""}",1,desktop-control-plane,True,"{""desktop-control-plane"": true}"
2026-09-10T18:23:51.221Z,worker-5fc94dd887-hsctd,worker,Running,True,1,1,0,"{""worker"": 0}","{""worker"": ""running""}",1,desktop-control-plane,True,"{""desktop-control-plane"": true}"
2026-09-10T18:23:56.222Z,api-fd7cfdd89-lm2bq,api,Running,True,1,1,3,"{""api"": 3}","{""api"": ""running""}",1,desktop-control-plane,True,"{""desktop-control-plane"": true}"
2026-09-10T18:23:56.222Z,jaeger-7cc9b664cc-l7j8l,jaeger,Running,True,1,1,0,"{""jaeger"": 0}","{""jaeger"": ""running""}",1,desktop-control-plane,True,"{""desktop-control-plane"": true}"
2026-09-10T18:23:56.222Z,otel-collector-7c765745bf-kgnz4,otel-collector,Running,True,1,1,0,"{""otel-collector"": 0}","{""otel-collector"": ""running""}",1,desktop-control-plane,True,"{""desktop-control-plane"": true}"
2026-09-10T18:23:56.222Z,postgres-676cc4986c-d4nsp,postgres,Running,True,1,1,0,"{""postgres"": 0}","{""postgres"": ""running""}",1,desktop-control-plane,True,"{""desktop-control-plane"": true}"
2026-09-10T18:23:56.222Z,prometheus-59f5cf7468-5j5v2,prometheus,Running,True,1,1,0,"{""prometheus"": 0}","{""prometheus"": ""running""}",1,desktop-control-plane,True,"{""desktop-control-plane"": true}"
2026-09-10T18:23:56.222Z,rabbitmq-5cdf8f76b7-5w84p,rabbitmq,Running,True,1,1,0,"{""rabbitmq"": 0}","{""rabbitmq"": ""running""}",1,desktop-control-plane,True,"{""desktop-control-plane"": true}"
2026-09-10T18:23:56.222Z,worker-5fc94dd887-hsctd,worker,Running,True,1,1,0,"{""worker"": 0}","{""worker"": ""running""}",1,desktop-control-plane,True,"{""desktop-control-plane"": true}"
2026-09-10T18:24:01.222Z,api-fd7cfdd89-lm2bq,api,Running,True,1,1,3,"{""api"": 3}","{""api"": ""running""}",1,desktop-control-plane,True,"{""desktop-control-plane"": true}"
2026-09-10T18:24:01.222Z,jaeger-7cc9b664cc-l7j8l,jaeger,Running,True,1,1,0,"{""jaeger"": 0}","{""jaeger"": ""running""}",1,desktop-control-plane,True,"{""desktop-control-plane"": true}"
2026-09-10T18:24:01.222Z,otel-collector-7c765745bf-kgnz4,otel-collector,Running,True,1,1,0,"{""otel-collector"": 0}","{""otel-collector"": ""running""}",1,desktop-control-plane,True,"{""desktop-control-plane"": true}"
2026-09-10T18:24:01.222Z,postgres-676cc4986c-d4nsp,postgres,Running,True,1,1,0,"{""postgres"": 0}","{""postgres"": ""running""}",1,desktop-control-plane,True,"{""desktop-control-plane"": true}"
2026-09-10T18:24:01.222Z,prometheus-59f5cf7468-5j5v2,prometheus,Running,True,1,1,0,"{""prometheus"": 0}","{""prometheus"": ""running""}",1,desktop-control-plane,True,"{""desktop-control-plane"": true}"
2026-09-10T18:24:01.222Z,rabbitmq-5cdf8f76b7-5w84p,rabbitmq,Running,True,1,1,0,"{""rabbitmq"": 0}","{""rabbitmq"": ""running""}",1,desktop-control-plane,True,"{""desktop-control-plane"": true}"
2026-09-10T18:24:01.222Z,worker-5fc94dd887-hsctd,worker,Running,True,1,1,0,"{""worker"": 0}","{""worker"": ""running""}",1,desktop-control-plane,True,"{""desktop-control-plane"": true}"
2026-09-10T18:24:06.222Z,api-fd7cfdd89-lm2bq,api,Running,True,1,1,3,"{""api"": 3}","{""api"": ""running""}",1,desktop-control-plane,True,"{""desktop-control-plane"": true}"
2026-09-10T18:24:06.222Z,jaeger-7cc9b664cc-l7j8l,jaeger,Running,True,1,1,0,"{""jaeger"": 0}","{""jaeger"": ""running""}",1,desktop-control-plane,True,"{""desktop-control-plane"": true}"
2026-09-10T18:24:06.222Z,otel-collector-7c765745bf-kgnz4,otel-collector,Running,True,1,1,0,"{""otel-collector"": 0}","{""otel-collector"": ""running""}",1,desktop-control-plane,True,"{""desktop-control-plane"": true}"
2026-09-10T18:24:06.222Z,postgres-676cc4986c-d4nsp,postgres,Running,True,1,1,0,"{""postgres"": 0}","{""postgres"": ""running""}",1,desktop-control-plane,True,"{""desktop-control-plane"": true}"
2026-09-10T18:24:06.222Z,prometheus-59f5cf7468-5j5v2,prometheus,Running,True,1,1,0,"{""prometheus"": 0}","{""prometheus"": ""running""}",1,desktop-control-plane,True,"{""desktop-control-plane"": true}"
2026-09-10T18:24:06.222Z,rabbitmq-5cdf8f76b7-5w84p,rabbitmq,Running,True,1,1,0,"{""rabbitmq"": 0}","{""rabbitmq"": ""running""}",1,desktop-control-plane,True,"{""desktop-control-plane"": true}"
2026-09-10T18:24:06.222Z,worker-5fc94dd887-hsctd,worker,Running,True,1,1,0,"{""worker"": 0}","{""worker"": ""running""}",1,desktop-control-plane,True,"{""desktop-control-plane"": true}"
2026-09-10T18:24:11.223Z,api-fd7cfdd89-lm2bq,api,Running,True,1,1,3,"{""api"": 3}","{""api"": ""running""}",1,desktop-control-plane,True,"{""desktop-control-plane"": true}"
2026-09-10T18:24:11.223Z,jaeger-7cc9b664cc-l7j8l,jaeger,Running,True,1,1,0,"{""jaeger"": 0}","{""jaeger"": ""running""}",1,desktop-control-plane,True,"{""desktop-control-plane"": true}"
2026-09-10T18:24:11.223Z,otel-collector-7c765745bf-kgnz4,otel-collector,Running,True,1,1,0,"{""otel-collector"": 0}","{""otel-collector"": ""running""}",1,desktop-control-plane,True,"{""desktop-control-plane"": true}"
2026-09-10T18:24:11.223Z,postgres-676cc4986c-d4nsp,postgres,Running,True,1,1,0,"{""postgres"": 0}","{""postgres"": ""running""}",1,desktop-control-plane,True,"{""desktop-control-plane"": true}"
2026-09-10T18:24:11.223Z,prometheus-59f5cf7468-5j5v2,prometheus,Running,True,1,1,0,"{""prometheus"": 0}","{""prometheus"": ""running""}",1,desktop-control-plane,True,"{""desktop-control-plane"": true}"
2026-09-10T18:24:11.223Z,rabbitmq-5cdf8f76b7-5w84p,rabbitmq,Running,True,1,1,0,"{""rabbitmq"": 0}","{""rabbitmq"": ""running""}",1,desktop-control-plane,True,"{""desktop-control-plane"": true}"
2026-09-10T18:24:11.223Z,worker-5fc94dd887-hsctd,worker,Running,True,1,1,0,"{""worker"": 0}","{""worker"": ""running""}",1,desktop-control-plane,True,"{""desktop-control-plane"": true}"
2026-09-10T18:24:16.223Z,api-fd7cfdd89-lm2bq,api,Running,True,1,1,3,"{""api"": 3}","{""api"": ""running""}",1,desktop-control-plane,True,"{""desktop-control-plane"": true}"
2026-09-10T18:24:16.223Z,jaeger-7cc9b664cc-l7j8l,jaeger,Running,True,1,1,0,"{""jaeger"": 0}","{""jaeger"": ""running""}",1,desktop-control-plane,True,"{""desktop-control-plane"": true}"
2026-09-10T18:24:16.223Z,otel-collector-7c765745bf-kgnz4,otel-collector,Running,True,1,1,0,"{""otel-collector"": 0}","{""otel-collector"": ""running""}",1,desktop-control-plane,True,"{""desktop-control-plane"": true}"
2026-09-10T18:24:16.223Z,postgres-676cc4986c-d4nsp,postgres,Running,True,1,1,0,"{""postgres"": 0}","{""postgres"": ""running""}",1,desktop-control-plane,True,"{""desktop-control-plane"": true}"
2026-09-10T18:24:16.223Z,prometheus-59f5cf7468-5j5v2,prometheus,Running,True,1,1,0,"{""prometheus"": 0}","{""prometheus"": ""running""}",1,desktop-control-plane,True,"{""desktop-control-plane"": true}"
2026-09-10T18:24:16.223Z,rabbitmq-5cdf8f76b7-5w84p,rabbitmq,Running,True,1,1,0,"{""rabbitmq"": 0}","{""rabbitmq"": ""running""}",1,desktop-control-plane,True,"{""desktop-control-plane"": true}"
2026-09-10T18:24:16.223Z,worker-5fc94dd887-hsctd,worker,Running,True,1,1,0,"{""worker"": 0}","{""worker"": ""running""}",1,desktop-control-plane,True,"{""desktop-control-plane"": true}"
2026-09-10T18:24:21.224Z,api-fd7cfdd89-lm2bq,api,Running,True,1,1,3,"{""api"": 3}","{""api"": ""running""}",1,desktop-control-plane,True,"{""desktop-control-plane"": true}"
2026-09-10T18:24:21.224Z,jaeger-7cc9b664cc-l7j8l,jaeger,Running,True,1,1,0,"{""jaeger"": 0}","{""jaeger"": ""running""}",1,desktop-control-plane,True,"{""desktop-control-plane"": true}"
2026-09-10T18:24:21.224Z,otel-collector-7c765745bf-kgnz4,otel-collector,Running,True,1,1,0,"{""otel-collector"": 0}","{""otel-collector"": ""running""}",1,desktop-control-plane,True,"{""desktop-control-plane"": true}"
2026-09-10T18:24:21.224Z,postgres-676cc4986c-d4nsp,postgres,Running,True,1,1,0,"{""postgres"": 0}","{""postgres"": ""running""}",1,desktop-control-plane,True,"{""desktop-control-plane"": true}"
2026-09-10T18:24:21.224Z,prometheus-59f5cf7468-5j5v2,prometheus,Running,True,1,1,0,"{""prometheus"": 0}","{""prometheus"": ""running""}",1,desktop-control-plane,True,"{""desktop-control-plane"": true}"
2026-09-10T18:24:21.224Z,rabbitmq-5cdf8f76b7-5w84p,rabbitmq,Running,True,1,1,0,"{""rabbitmq"": 0}","{""rabbitmq"": ""running""}",1,desktop-control-plane,True,"{""desktop-control-plane"": true}"
2026-09-10T18:24:21.224Z,worker-5fc94dd887-hsctd,worker,Running,True,1,1,0,"{""worker"": 0}","{""worker"": ""running""}",1,desktop-control-plane,True,"{""desktop-control-plane"": true}"
2026-09-10T18:24:26.224Z,api-fd7cfdd89-lm2bq,api,Running,True,1,1,3,"{""api"": 3}","{""api"": ""running""}",1,desktop-control-plane,True,"{""desktop-control-plane"": true}"
2026-09-10T18:24:26.224Z,jaeger-7cc9b664cc-l7j8l,jaeger,Running,True,1,1,0,"{""jaeger"": 0}","{""jaeger"": ""running""}",1,desktop-control-plane,True,"{""desktop-control-plane"": true}"
2026-09-10T18:24:26.224Z,otel-collector-7c765745bf-kgnz4,otel-collector,Running,True,1,1,0,"{""otel-collector"": 0}","{""otel-collector"": ""running""}",1,desktop-control-plane,True,"{""desktop-control-plane"": true}"
2026-09-10T18:24:26.224Z,postgres-676cc4986c-d4nsp,postgres,Running,True,1,1,0,"{""postgres"": 0}","{""postgres"": ""running""}",1,desktop-control-plane,True,"{""desktop-control-plane"": true}"
2026-09-10T18:24:26.224Z,prometheus-59f5cf7468-5j5v2,prometheus,Running,True,1,1,0,"{""prometheus"": 0}","{""prometheus"": ""running""}",1,desktop-control-plane,True,"{""desktop-control-plane"": true}"
2026-09-10T18:24:26.224Z,rabbitmq-5cdf8f76b7-5w84p,rabbitmq,Running,True,1,1,0,"{""rabbitmq"": 0}","{""rabbitmq"": ""running""}",1,desktop-control-plane,True,"{""desktop-control-plane"": true}"
2026-09-10T18:24:26.224Z,worker-5fc94dd887-hsctd,worker,Running,True,1,1,0,"{""worker"": 0}","{""worker"": ""running""}",1,desktop-control-plane,True,"{""desktop-control-plane"": true}"
2026-09-10T18:24:31.224Z,api-fd7cfdd89-lm2bq,api,Running,True,1,1,3,"{""api"": 3}","{""api"": ""running""}",1,desktop-control-plane,True,"{""desktop-control-plane"": true}"
2026-09-10T18:24:31.224Z,jaeger-7cc9b664cc-l7j8l,jaeger,Running,True,1,1,0,"{""jaeger"": 0}","{""jaeger"": ""running""}",1,desktop-control-plane,True,"{""desktop-control-plane"": true}"
2026-09-10T18:24:31.224Z,otel-collector-7c765745bf-kgnz4,otel-collector,Running,True,1,1,0,"{""otel-collector"": 0}","{""otel-collector"": ""running""}",1,desktop-control-plane,True,"{""desktop-control-plane"": true}"
2026-09-10T18:24:31.224Z,postgres-676cc4986c-d4nsp,postgres,Running,True,1,1,0,"{""postgres"": 0}","{""postgres"": ""running""}",1,desktop-control-plane,True,"{""desktop-control-plane"": true}"
2026-09-10T18:24:31.224Z,prometheus-59f5cf7468-5j5v2,prometheus,Running,True,1,1,0,"{""prometheus"": 0}","{""prometheus"": ""running""}",1,desktop-control-plane,True,"{""desktop-control-plane"": true}"
2026-09-10T18:24:31.224Z,rabbitmq-5cdf8f76b7-5w84p,rabbitmq,Running,True,1,1,0,"{""rabbitmq"": 0}","{""rabbitmq"": ""running""}",1,desktop-control-plane,True,"{""desktop-control-plane"": true}"
2026-09-10T18:24:31.224Z,worker-5fc94dd887-hsctd,worker,Running,True,1,1,0,"{""worker"": 0}","{""worker"": ""running""}",1,desktop-control-plane,True,"{""desktop-control-plane"": true}"
2026-09-10T18:24:36.225Z,api-fd7cfdd89-lm2bq,api,Running,True,1,1,3,"{""api"": 3}","{""api"": ""running""}",1,desktop-control-plane,True,"{""desktop-control-plane"": true}"
2026-09-10T18:24:36.225Z,jaeger-7cc9b664cc-l7j8l,jaeger,Running,True,1,1,0,"{""jaeger"": 0}","{""jaeger"": ""running""}",1,desktop-control-plane,True,"{""desktop-control-plane"": true}"
2026-09-10T18:24:36.225Z,otel-collector-7c765745bf-kgnz4,otel-collector,Running,True,1,1,0,"{""otel-collector"": 0}","{""otel-collector"": ""running""}",1,desktop-control-plane,True,"{""desktop-control-plane"": true}"
2026-09-10T18:24:36.225Z,postgres-676cc4986c-d4nsp,postgres,Running,True,1,1,0,"{""postgres"": 0}","{""postgres"": ""running""}",1,desktop-control-plane,True,"{""desktop-control-plane"": true}"
2026-09-10T18:24:36.225Z,prometheus-59f5cf7468-5j5v2,prometheus,Running,True,1,1,0,"{""prometheus"": 0}","{""prometheus"": ""running""}",1,desktop-control-plane,True,"{""desktop-control-plane"": true}"
2026-09-10T18:24:36.225Z,rabbitmq-5cdf8f76b7-5w84p,rabbitmq,Running,True,1,1,0,"{""rabbitmq"": 0}","{""rabbitmq"": ""running""}",1,desktop-control-plane,True,"{""desktop-control-plane"": true}"
2026-09-10T18:24:36.225Z,worker-5fc94dd887-hsctd,worker,Running,True,1,1,0,"{""worker"": 0}","{""worker"": ""running""}",1,desktop-control-plane,True,"{""desktop-control-plane"": true}"
2026-09-10T18:24:41.225Z,api-fd7cfdd89-lm2bq,api,Running,True,1,1,3,"{""api"": 3}","{""api"": ""running""}",1,desktop-control-plane,True,"{""desktop-control-plane"": true}"
2026-09-10T18:24:41.225Z,jaeger-7cc9b664cc-l7j8l,jaeger,Running,True,1,1,0,"{""jaeger"": 0}","{""jaeger"": ""running""}",1,desktop-control-plane,True,"{""desktop-control-plane"": true}"
2026-09-10T18:24:41.225Z,otel-collector-7c765745bf-kgnz4,otel-collector,Running,True,1,1,0,"{""otel-collector"": 0}","{""otel-collector"": ""running""}",1,desktop-control-plane,True,"{""desktop-control-plane"": true}"
2026-09-10T18:24:41.225Z,postgres-676cc4986c-d4nsp,postgres,Running,True,1,1,0,"{""postgres"": 0}","{""postgres"": ""running""}",1,desktop-control-plane,True,"{""desktop-control-plane"": true}"
2026-09-10T18:24:41.225Z,prometheus-59f5cf7468-5j5v2,prometheus,Running,True,1,1,0,"{""prometheus"": 0}","{""prometheus"": ""running""}",1,desktop-control-plane,True,"{""desktop-control-plane"": true}"
2026-09-10T18:24:41.225Z,rabbitmq-5cdf8f76b7-5w84p,rabbitmq,Running,True,1,1,0,"{""rabbitmq"": 0}","{""rabbitmq"": ""running""}",1,desktop-control-plane,True,"{""desktop-control-plane"": true}"
2026-09-10T18:24:41.225Z,worker-5fc94dd887-hsctd,worker,Running,True,1,1,0,"{""worker"": 0}","{""worker"": ""running""}",1,desktop-control-plane,True,"{""desktop-control-plane"": true}"
2026-09-10T18:24:46.226Z,api-fd7cfdd89-lm2bq,api,Running,True,1,1,3,"{""api"": 3}","{""api"": ""running""}",1,desktop-control-plane,True,"{""desktop-control-plane"": true}"
2026-09-10T18:24:46.226Z,jaeger-7cc9b664cc-l7j8l,jaeger,Running,True,1,1,0,"{""jaeger"": 0}","{""jaeger"": ""running""}",1,desktop-control-plane,True,"{""desktop-control-plane"": true}"
2026-09-10T18:24:46.226Z,otel-collector-7c765745bf-kgnz4,otel-collector,Running,True,1,1,0,"{""otel-collector"": 0}","{""otel-collector"": ""running""}",1,desktop-control-plane,True,"{""desktop-control-plane"": true}"
2026-09-10T18:24:46.226Z,postgres-676cc4986c-d4nsp,postgres,Running,True,1,1,0,"{""postgres"": 0}","{""postgres"": ""running""}",1,desktop-control-plane,True,"{""desktop-control-plane"": true}"
2026-09-10T18:24:46.226Z,prometheus-59f5cf7468-5j5v2,prometheus,Running,True,1,1,0,"{""prometheus"": 0}","{""prometheus"": ""running""}",1,desktop-control-plane,True,"{""desktop-control-plane"": true}"
2026-09-10T18:24:46.226Z,rabbitmq-5cdf8f76b7-5w84p,rabbitmq,Running,True,1,1,0,"{""rabbitmq"": 0}","{""rabbitmq"": ""running""}",1,desktop-control-plane,True,"{""desktop-control-plane"": true}"
2026-09-10T18:24:46.226Z,worker-5fc94dd887-hsctd,worker,Running,True,1,1,0,"{""worker"": 0}","{""worker"": ""running""}",1,desktop-control-plane,True,"{""desktop-control-plane"": true}"
2026-09-10T18:24:51.226Z,api-fd7cfdd89-lm2bq,api,Running,True,1,1,3,"{""api"": 3}","{""api"": ""running""}",1,desktop-control-plane,True,"{""desktop-control-plane"": true}"
2026-09-10T18:24:51.226Z,jaeger-7cc9b664cc-l7j8l,jaeger,Running,True,1,1,0,"{""jaeger"": 0}","{""jaeger"": ""running""}",1,desktop-control-plane,True,"{""desktop-control-plane"": true}"
2026-09-10T18:24:51.226Z,otel-collector-7c765745bf-kgnz4,otel-collector,Running,True,1,1,0,"{""otel-collector"": 0}","{""otel-collector"": ""running""}",1,desktop-control-plane,True,"{""desktop-control-plane"": true}"
2026-09-10T18:24:51.226Z,postgres-676cc4986c-d4nsp,postgres,Running,True,1,1,0,"{""postgres"": 0}","{""postgres"": ""running""}",1,desktop-control-plane,True,"{""desktop-control-plane"": true}"
2026-09-10T18:24:51.226Z,prometheus-59f5cf7468-5j5v2,prometheus,Running,True,1,1,0,"{""prometheus"": 0}","{""prometheus"": ""running""}",1,desktop-control-plane,True,"{""desktop-control-plane"": true}"
2026-09-10T18:24:51.226Z,rabbitmq-5cdf8f76b7-5w84p,rabbitmq,Running,True,1,1,0,"{""rabbitmq"": 0}","{""rabbitmq"": ""running""}",1,desktop-control-plane,True,"{""desktop-control-plane"": true}"
2026-09-10T18:24:51.226Z,worker-5fc94dd887-hsctd,worker,Running,True,1,1,0,"{""worker"": 0}","{""worker"": ""running""}",1,desktop-control-plane,True,"{""desktop-control-plane"": true}"
2026-09-10T18:24:56.227Z,api-fd7cfdd89-lm2bq,api,Running,True,1,1,3,"{""api"": 3}","{""api"": ""running""}",1,desktop-control-plane,True,"{""desktop-control-plane"": true}"
2026-09-10T18:24:56.227Z,jaeger-7cc9b664cc-l7j8l,jaeger,Running,True,1,1,0,"{""jaeger"": 0}","{""jaeger"": ""running""}",1,desktop-control-plane,True,"{""desktop-control-plane"": true}"
2026-09-10T18:24:56.227Z,otel-collector-7c765745bf-kgnz4,otel-collector,Running,True,1,1,0,"{""otel-collector"": 0}","{""otel-collector"": ""running""}",1,desktop-control-plane,True,"{""desktop-control-plane"": true}"
2026-09-10T18:24:56.227Z,postgres-676cc4986c-d4nsp,postgres,Running,True,1,1,0,"{""postgres"": 0}","{""postgres"": ""running""}",1,desktop-control-plane,True,"{""desktop-control-plane"": true}"
2026-09-10T18:24:56.227Z,prometheus-59f5cf7468-5j5v2,prometheus,Running,True,1,1,0,"{""prometheus"": 0}","{""prometheus"": ""running""}",1,desktop-control-plane,True,"{""desktop-control-plane"": true}"
2026-09-10T18:24:56.227Z,rabbitmq-5cdf8f76b7-5w84p,rabbitmq,Running,True,1,1,0,"{""rabbitmq"": 0}","{""rabbitmq"": ""running""}",1,desktop-control-plane,True,"{""desktop-control-plane"": true}"
2026-09-10T18:24:56.227Z,worker-5fc94dd887-hsctd,worker,Running,True,1,1,0,"{""worker"": 0}","{""worker"": ""running""}",1,desktop-control-plane,True,"{""desktop-control-plane"": true}"
2026-09-10T18:25:01.227Z,api-fd7cfdd89-lm2bq,api,Running,True,1,1,3,"{""api"": 3}","{""api"": ""running""}",1,desktop-control-plane,True,"{""desktop-control-plane"": true}"
2026-09-10T18:25:01.227Z,jaeger-7cc9b664cc-l7j8l,jaeger,Running,True,1,1,0,"{""jaeger"": 0}","{""jaeger"": ""running""}",1,desktop-control-plane,True,"{""desktop-control-plane"": true}"
2026-09-10T18:25:01.227Z,otel-collector-7c765745bf-kgnz4,otel-collector,Running,True,1,1,0,"{""otel-collector"": 0}","{""otel-collector"": ""running""}",1,desktop-control-plane,True,"{""desktop-control-plane"": true}"
2026-09-10T18:25:01.227Z,postgres-676cc4986c-d4nsp,postgres,Running,True,1,1,0,"{""postgres"": 0}","{""postgres"": ""running""}",1,desktop-control-plane,True,"{""desktop-control-plane"": true}"
2026-09-10T18:25:01.227Z,prometheus-59f5cf7468-5j5v2,prometheus,Running,True,1,1,0,"{""prometheus"": 0}","{""prometheus"": ""running""}",1,desktop-control-plane,True,"{""desktop-control-plane"": true}"
2026-09-10T18:25:01.227Z,rabbitmq-5cdf8f76b7-5w84p,rabbitmq,Running,True,1,1,0,"{""rabbitmq"": 0}","{""rabbitmq"": ""running""}",1,desktop-control-plane,True,"{""desktop-control-plane"": true}"
2026-09-10T18:25:01.227Z,worker-5fc94dd887-hsctd,worker,Running,True,1,1,0,"{""worker"": 0}","{""worker"": ""running""}",1,desktop-control-plane,True,"{""desktop-control-plane"": true}"
2026-09-10T18:25:06.228Z,api-fd7cfdd89-lm2bq,api,Running,True,1,1,3,"{""api"": 3}","{""api"": ""running""}",1,desktop-control-plane,True,"{""desktop-control-plane"": true}"
2026-09-10T18:25:06.228Z,jaeger-7cc9b664cc-l7j8l,jaeger,Running,True,1,1,0,"{""jaeger"": 0}","{""jaeger"": ""running""}",1,desktop-control-plane,True,"{""desktop-control-plane"": true}"
2026-09-10T18:25:06.228Z,otel-collector-7c765745bf-kgnz4,otel-collector,Running,True,1,1,0,"{""otel-collector"": 0}","{""otel-collector"": ""running""}",1,desktop-control-plane,True,"{""desktop-control-plane"": true}"
2026-09-10T18:25:06.228Z,postgres-676cc4986c-d4nsp,postgres,Running,True,1,1,0,"{""postgres"": 0}","{""postgres"": ""running""}",1,desktop-control-plane,True,"{""desktop-control-plane"": true}"
2026-09-10T18:25:06.228Z,prometheus-59f5cf7468-5j5v2,prometheus,Running,True,1,1,0,"{""prometheus"": 0}","{""prometheus"": ""running""}",1,desktop-control-plane,True,"{""desktop-control-plane"": true}"
2026-09-10T18:25:06.228Z,rabbitmq-5cdf8f76b7-5w84p,rabbitmq,Running,True,1,1,0,"{""rabbitmq"": 0}","{""rabbitmq"": ""running""}",1,desktop-control-plane,True,"{""desktop-control-plane"": true}"
2026-09-10T18:25:06.228Z,worker-5fc94dd887-hsctd,worker,Running,True,1,1,0,"{""worker"": 0}","{""worker"": ""running""}",1,desktop-control-plane,True,"{""desktop-control-plane"": true}"
2026-09-10T18:25:11.228Z,api-fd7cfdd89-lm2bq,api,Running,True,1,1,3,"{""api"": 3}","{""api"": ""running""}",1,desktop-control-plane,True,"{""desktop-control-plane"": true}"
2026-09-10T18:25:11.228Z,jaeger-7cc9b664cc-l7j8l,jaeger,Running,True,1,1,0,"{""jaeger"": 0}","{""jaeger"": ""running""}",1,desktop-control-plane,True,"{""desktop-control-plane"": true}"
2026-09-10T18:25:11.228Z,otel-collector-7c765745bf-kgnz4,otel-collector,Running,True,1,1,0,"{""otel-collector"": 0}","{""otel-collector"": ""running""}",1,desktop-control-plane,True,"{""desktop-control-plane"": true}"
2026-09-10T18:25:11.228Z,postgres-676cc4986c-d4nsp,postgres,Running,True,1,1,0,"{""postgres"": 0}","{""postgres"": ""running""}",1,desktop-control-plane,True,"{""desktop-control-plane"": true}"
2026-09-10T18:25:11.228Z,prometheus-59f5cf7468-5j5v2,prometheus,Running,True,1,1,0,"{""prometheus"": 0}","{""prometheus"": ""running""}",1,desktop-control-plane,True,"{""desktop-control-plane"": true}"
2026-09-10T18:25:11.228Z,rabbitmq-5cdf8f76b7-5w84p,rabbitmq,Running,True,1,1,0,"{""rabbitmq"": 0}","{""rabbitmq"": ""running""}",1,desktop-control-plane,True,"{""desktop-control-plane"": true}"
2026-09-10T18:25:11.228Z,worker-5fc94dd887-hsctd,worker,Running,True,1,1,0,"{""worker"": 0}","{""worker"": ""running""}",1,desktop-control-plane,True,"{""desktop-control-plane"": true}"
2026-09-10T18:25:16.229Z,api-fd7cfdd89-lm2bq,api,Running,True,1,1,3,"{""api"": 3}","{""api"": ""running""}",1,desktop-control-plane,True,"{""desktop-control-plane"": true}"
2026-09-10T18:25:16.229Z,jaeger-7cc9b664cc-l7j8l,jaeger,Running,True,1,1,0,"{""jaeger"": 0}","{""jaeger"": ""running""}",1,desktop-control-plane,True,"{""desktop-control-plane"": true}"
2026-09-10T18:25:16.229Z,otel-collector-7c765745bf-kgnz4,otel-collector,Running,True,1,1,0,"{""otel-collector"": 0}","{""otel-collector"": ""running""}",1,desktop-control-plane,True,"{""desktop-control-plane"": true}"
2026-09-10T18:25:16.229Z,postgres-676cc4986c-d4nsp,postgres,Running,True,1,1,0,"{""postgres"": 0}","{""postgres"": ""running""}",1,desktop-control-plane,True,"{""desktop-control-plane"": true}"
2026-09-10T18:25:16.229Z,prometheus-59f5cf7468-5j5v2,prometheus,Running,True,1,1,0,"{""prometheus"": 0}","{""prometheus"": ""running""}",1,desktop-control-plane,True,"{""desktop-control-plane"": true}"
2026-09-10T18:25:16.229Z,rabbitmq-5cdf8f76b7-5w84p,rabbitmq,Running,True,1,1,0,"{""rabbitmq"": 0}","{""rabbitmq"": ""running""}",1,desktop-control-plane,True,"{""desktop-control-plane"": true}"
2026-09-10T18:25:16.229Z,worker-5fc94dd887-hsctd,worker,Running,True,1,1,0,"{""worker"": 0}","{""worker"": ""running""}",1,desktop-control-plane,True,"{""desktop-control-plane"": true}"
2026-09-10T18:25:21.229Z,api-fd7cfdd89-lm2bq,api,Running,True,1,1,3,"{""api"": 3}","{""api"": ""running""}",1,desktop-control-plane,True,"{""desktop-control-plane"": true}"
2026-09-10T18:25:21.229Z,jaeger-7cc9b664cc-l7j8l,jaeger,Running,True,1,1,0,"{""jaeger"": 0}","{""jaeger"": ""running""}",1,desktop-control-plane,True,"{""desktop-control-plane"": true}"
2026-09-10T18:25:21.229Z,otel-collector-7c765745bf-kgnz4,otel-collector,Running,True,1,1,0,"{""otel-collector"": 0}","{""otel-collector"": ""running""}",1,desktop-control-plane,True,"{""desktop-control-plane"": true}"
2026-09-10T18:25:21.229Z,postgres-676cc4986c-d4nsp,postgres,Running,True,1,1,0,"{""postgres"": 0}","{""postgres"": ""running""}",1,desktop-control-plane,True,"{""desktop-control-plane"": true}"
2026-09-10T18:25:21.229Z,prometheus-59f5cf7468-5j5v2,prometheus,Running,True,1,1,0,"{""prometheus"": 0}","{""prometheus"": ""running""}",1,desktop-control-plane,True,"{""desktop-control-plane"": true}"
2026-09-10T18:25:21.229Z,rabbitmq-5cdf8f76b7-5w84p,rabbitmq,Running,True,1,1,0,"{""rabbitmq"": 0}","{""rabbitmq"": ""running""}",1,desktop-control-plane,True,"{""desktop-control-plane"": true}"
2026-09-10T18:25:21.229Z,worker-5fc94dd887-hsctd,worker,Running,True,1,1,0,"{""worker"": 0}","{""worker"": ""running""}",1,desktop-control-plane,True,"{""desktop-control-plane"": true}"
2026-09-10T18:25:26.229Z,api-fd7cfdd89-lm2bq,api,Running,True,1,1,3,"{""api"": 3}","{""api"": ""running""}",1,desktop-control-plane,True,"{""desktop-control-plane"": true}"
2026-09-10T18:25:26.229Z,jaeger-7cc9b664cc-l7j8l,jaeger,Running,True,1,1,0,"{""jaeger"": 0}","{""jaeger"": ""running""}",1,desktop-control-plane,True,"{""desktop-control-plane"": true}"
2026-09-10T18:25:26.229Z,otel-collector-7c765745bf-kgnz4,otel-collector,Running,True,1,1,0,"{""otel-collector"": 0}","{""otel-collector"": ""running""}",1,desktop-control-plane,True,"{""desktop-control-plane"": true}"
2026-09-10T18:25:26.229Z,postgres-676cc4986c-d4nsp,postgres,Running,True,1,1,0,"{""postgres"": 0}","{""postgres"": ""running""}",1,desktop-control-plane,True,"{""desktop-control-plane"": true}"
2026-09-10T18:25:26.229Z,prometheus-59f5cf7468-5j5v2,prometheus,Running,True,1,1,0,"{""prometheus"": 0}","{""prometheus"": ""running""}",1,desktop-control-plane,True,"{""desktop-control-plane"": true}"
2026-09-10T18:25:26.229Z,rabbitmq-5cdf8f76b7-5w84p,rabbitmq,Running,True,1,1,0,"{""rabbitmq"": 0}","{""rabbitmq"": ""running""}",1,desktop-control-plane,True,"{""desktop-control-plane"": true}"
2026-09-10T18:25:26.229Z,worker-5fc94dd887-hsctd,worker,Running,True,1,1,0,"{""worker"": 0}","{""worker"": ""running""}",1,desktop-control-plane,True,"{""desktop-control-plane"": true}"
2026-09-10T18:25:31.230Z,api-fd7cfdd89-lm2bq,api,Running,True,1,1,3,"{""api"": 3}","{""api"": ""running""}",1,desktop-control-plane,True,"{""desktop-control-plane"": true}"
2026-09-10T18:25:31.230Z,jaeger-7cc9b664cc-l7j8l,jaeger,Running,True,1,1,0,"{""jaeger"": 0}","{""jaeger"": ""running""}",1,desktop-control-plane,True,"{""desktop-control-plane"": true}"
2026-09-10T18:25:31.230Z,otel-collector-7c765745bf-kgnz4,otel-collector,Running,True,1,1,0,"{""otel-collector"": 0}","{""otel-collector"": ""running""}",1,desktop-control-plane,True,"{""desktop-control-plane"": true}"
2026-09-10T18:25:31.230Z,postgres-676cc4986c-d4nsp,postgres,Running,True,1,1,0,"{""postgres"": 0}","{""postgres"": ""running""}",1,desktop-control-plane,True,"{""desktop-control-plane"": true}"
2026-09-10T18:25:31.230Z,prometheus-59f5cf7468-5j5v2,prometheus,Running,True,1,1,0,"{""prometheus"": 0}","{""prometheus"": ""running""}",1,desktop-control-plane,True,"{""desktop-control-plane"": true}"
2026-09-10T18:25:31.230Z,rabbitmq-5cdf8f76b7-5w84p,rabbitmq,Running,True,1,1,0,"{""rabbitmq"": 0}","{""rabbitmq"": ""running""}",1,desktop-control-plane,True,"{""desktop-control-plane"": true}"
2026-09-10T18:25:31.230Z,worker-5fc94dd887-hsctd,worker,Running,True,1,1,0,"{""worker"": 0}","{""worker"": ""running""}",1,desktop-control-plane,True,"{""desktop-control-plane"": true}"
2026-09-10T18:25:36.231Z,api-fd7cfdd89-lm2bq,api,Running,True,1,1,3,"{""api"": 3}","{""api"": ""running""}",1,desktop-control-plane,True,"{""desktop-control-plane"": true}"
2026-09-10T18:25:36.231Z,jaeger-7cc9b664cc-l7j8l,jaeger,Running,True,1,1,0,"{""jaeger"": 0}","{""jaeger"": ""running""}",1,desktop-control-plane,True,"{""desktop-control-plane"": true}"
2026-09-10T18:25:36.231Z,otel-collector-7c765745bf-kgnz4,otel-collector,Running,True,1,1,0,"{""otel-collector"": 0}","{""otel-collector"": ""running""}",1,desktop-control-plane,True,"{""desktop-control-plane"": true}"
2026-09-10T18:25:36.231Z,postgres-676cc4986c-d4nsp,postgres,Running,True,1,1,0,"{""postgres"": 0}","{""postgres"": ""running""}",1,desktop-control-plane,True,"{""desktop-control-plane"": true}"
2026-09-10T18:25:36.231Z,prometheus-59f5cf7468-5j5v2,prometheus,Running,True,1,1,0,"{""prometheus"": 0}","{""prometheus"": ""running""}",1,desktop-control-plane,True,"{""desktop-control-plane"": true}"
2026-09-10T18:25:36.231Z,rabbitmq-5cdf8f76b7-5w84p,rabbitmq,Running,True,1,1,0,"{""rabbitmq"": 0}","{""rabbitmq"": ""running""}",1,desktop-control-plane,True,"{""desktop-control-plane"": true}"
2026-09-10T18:25:36.231Z,worker-5fc94dd887-hsctd,worker,Running,True,1,1,0,"{""worker"": 0}","{""worker"": ""running""}",1,desktop-control-plane,True,"{""desktop-control-plane"": true}"
2026-09-10T18:25:41.231Z,api-fd7cfdd89-lm2bq,api,Running,True,1,1,3,"{""api"": 3}","{""api"": ""running""}",1,desktop-control-plane,True,"{""desktop-control-plane"": true}"
2026-09-10T18:25:41.231Z,jaeger-7cc9b664cc-l7j8l,jaeger,Running,True,1,1,0,"{""jaeger"": 0}","{""jaeger"": ""running""}",1,desktop-control-plane,True,"{""desktop-control-plane"": true}"
2026-09-10T18:25:41.231Z,otel-collector-7c765745bf-kgnz4,otel-collector,Running,True,1,1,0,"{""otel-collector"": 0}","{""otel-collector"": ""running""}",1,desktop-control-plane,True,"{""desktop-control-plane"": true}"
2026-09-10T18:25:41.231Z,postgres-676cc4986c-d4nsp,postgres,Running,True,1,1,0,"{""postgres"": 0}","{""postgres"": ""running""}",1,desktop-control-plane,True,"{""desktop-control-plane"": true}"
2026-09-10T18:25:41.231Z,prometheus-59f5cf7468-5j5v2,prometheus,Running,True,1,1,0,"{""prometheus"": 0}","{""prometheus"": ""running""}",1,desktop-control-plane,True,"{""desktop-control-plane"": true}"
2026-09-10T18:25:41.231Z,rabbitmq-5cdf8f76b7-5w84p,rabbitmq,Running,True,1,1,0,"{""rabbitmq"": 0}","{""rabbitmq"": ""running""}",1,desktop-control-plane,True,"{""desktop-control-plane"": true}"
2026-09-10T18:25:41.231Z,worker-5fc94dd887-hsctd,worker,Running,True,1,1,0,"{""worker"": 0}","{""worker"": ""running""}",1,desktop-control-plane,True,"{""desktop-control-plane"": true}"
2026-09-10T18:25:46.231Z,api-fd7cfdd89-lm2bq,api,Running,True,1,1,3,"{""api"": 3}","{""api"": ""running""}",1,desktop-control-plane,True,"{""desktop-control-plane"": true}"
2026-09-10T18:25:46.231Z,jaeger-7cc9b664cc-l7j8l,jaeger,Running,True,1,1,0,"{""jaeger"": 0}","{""jaeger"": ""running""}",1,desktop-control-plane,True,"{""desktop-control-plane"": true}"
2026-09-10T18:25:46.231Z,otel-collector-7c765745bf-kgnz4,otel-collector,Running,True,1,1,0,"{""otel-collector"": 0}","{""otel-collector"": ""running""}",1,desktop-control-plane,True,"{""desktop-control-plane"": true}"
2026-09-10T18:25:46.231Z,postgres-676cc4986c-d4nsp,postgres,Running,True,1,1,0,"{""postgres"": 0}","{""postgres"": ""running""}",1,desktop-control-plane,True,"{""desktop-control-plane"": true}"
2026-09-10T18:25:46.231Z,prometheus-59f5cf7468-5j5v2,prometheus,Running,True,1,1,0,"{""prometheus"": 0}","{""prometheus"": ""running""}",1,desktop-control-plane,True,"{""desktop-control-plane"": true}"
2026-09-10T18:25:46.231Z,rabbitmq-5cdf8f76b7-5w84p,rabbitmq,Running,True,1,1,0,"{""rabbitmq"": 0}","{""rabbitmq"": ""running""}",1,desktop-control-plane,True,"{""desktop-control-plane"": true}"
2026-09-10T18:25:46.231Z,worker-5fc94dd887-hsctd,worker,Running,True,1,1,0,"{""worker"": 0}","{""worker"": ""running""}",1,desktop-control-plane,True,"{""desktop-control-plane"": true}"
2026-09-10T18:25:51.232Z,api-fd7cfdd89-lm2bq,api,Running,True,1,1,3,"{""api"": 3}","{""api"": ""running""}",1,desktop-control-plane,True,"{""desktop-control-plane"": true}"
2026-09-10T18:25:51.232Z,jaeger-7cc9b664cc-l7j8l,jaeger,Running,True,1,1,0,"{""jaeger"": 0}","{""jaeger"": ""running""}",1,desktop-control-plane,True,"{""desktop-control-plane"": true}"
2026-09-10T18:25:51.232Z,otel-collector-7c765745bf-kgnz4,otel-collector,Running,True,1,1,0,"{""otel-collector"": 0}","{""otel-collector"": ""running""}",1,desktop-control-plane,True,"{""desktop-control-plane"": true}"
2026-09-10T18:25:51.232Z,postgres-676cc4986c-d4nsp,postgres,Running,True,1,1,0,"{""postgres"": 0}","{""postgres"": ""running""}",1,desktop-control-plane,True,"{""desktop-control-plane"": true}"
2026-09-10T18:25:51.232Z,prometheus-59f5cf7468-5j5v2,prometheus,Running,True,1,1,0,"{""prometheus"": 0}","{""prometheus"": ""running""}",1,desktop-control-plane,True,"{""desktop-control-plane"": true}"
2026-09-10T18:25:51.232Z,rabbitmq-5cdf8f76b7-5w84p,rabbitmq,Running,True,1,1,0,"{""rabbitmq"": 0}","{""rabbitmq"": ""running""}",1,desktop-control-plane,True,"{""desktop-control-plane"": true}"
2026-09-10T18:25:51.232Z,worker-5fc94dd887-hsctd,worker,Running,True,1,1,0,"{""worker"": 0}","{""worker"": ""running""}",1,desktop-control-plane,True,"{""desktop-control-plane"": true}"
2026-09-10T18:25:56.232Z,api-fd7cfdd89-lm2bq,api,Running,True,1,1,3,"{""api"": 3}","{""api"": ""running""}",1,desktop-control-plane,True,"{""desktop-control-plane"": true}"
2026-09-10T18:25:56.232Z,jaeger-7cc9b664cc-l7j8l,jaeger,Running,True,1,1,0,"{""jaeger"": 0}","{""jaeger"": ""running""}",1,desktop-control-plane,True,"{""desktop-control-plane"": true}"
2026-09-10T18:25:56.232Z,otel-collector-7c765745bf-kgnz4,otel-collector,Running,True,1,1,0,"{""otel-collector"": 0}","{""otel-collector"": ""running""}",1,desktop-control-plane,True,"{""desktop-control-plane"": true}"
2026-09-10T18:25:56.232Z,postgres-676cc4986c-d4nsp,postgres,Running,True,1,1,0,"{""postgres"": 0}","{""postgres"": ""running""}",1,desktop-control-plane,True,"{""desktop-control-plane"": true}"
2026-09-10T18:25:56.232Z,prometheus-59f5cf7468-5j5v2,prometheus,Running,True,1,1,0,"{""prometheus"": 0}","{""prometheus"": ""running""}",1,desktop-control-plane,True,"{""desktop-control-plane"": true}"
2026-09-10T18:25:56.232Z,rabbitmq-5cdf8f76b7-5w84p,rabbitmq,Running,True,1,1,0,"{""rabbitmq"": 0}","{""rabbitmq"": ""running""}",1,desktop-control-plane,True,"{""desktop-control-plane"": true}"
2026-09-10T18:25:56.232Z,worker-5fc94dd887-hsctd,worker,Running,True,1,1,0,"{""worker"": 0}","{""worker"": ""running""}",1,desktop-control-plane,True,"{""desktop-control-plane"": true}"
2026-09-10T18:26:01.233Z,api-fd7cfdd89-lm2bq,api,Running,True,1,1,3,"{""api"": 3}","{""api"": ""running""}",1,desktop-control-plane,True,"{""desktop-control-plane"": true}"
2026-09-10T18:26:01.233Z,jaeger-7cc9b664cc-l7j8l,jaeger,Running,True,1,1,0,"{""jaeger"": 0}","{""jaeger"": ""running""}",1,desktop-control-plane,True,"{""desktop-control-plane"": true}"
2026-09-10T18:26:01.233Z,otel-collector-7c765745bf-kgnz4,otel-collector,Running,True,1,1,0,"{""otel-collector"": 0}","{""otel-collector"": ""running""}",1,desktop-control-plane,True,"{""desktop-control-plane"": true}"
2026-09-10T18:26:01.233Z,postgres-676cc4986c-d4nsp,postgres,Running,True,1,1,0,"{""postgres"": 0}","{""postgres"": ""running""}",1,desktop-control-plane,True,"{""desktop-control-plane"": true}"
2026-09-10T18:26:01.233Z,prometheus-59f5cf7468-5j5v2,prometheus,Running,True,1,1,0,"{""prometheus"": 0}","{""prometheus"": ""running""}",1,desktop-control-plane,True,"{""desktop-control-plane"": true}"
2026-09-10T18:26:01.233Z,rabbitmq-5cdf8f76b7-5w84p,rabbitmq,Running,True,1,1,0,"{""rabbitmq"": 0}","{""rabbitmq"": ""running""}",1,desktop-control-plane,True,"{""desktop-control-plane"": true}"
2026-09-10T18:26:01.233Z,worker-5fc94dd887-hsctd,worker,Running,True,1,1,0,"{""worker"": 0}","{""worker"": ""running""}",1,desktop-control-plane,True,"{""desktop-control-plane"": true}"
2026-09-10T18:26:06.233Z,api-fd7cfdd89-lm2bq,api,Running,True,1,1,3,"{""api"": 3}","{""api"": ""running""}",1,desktop-control-plane,True,"{""desktop-control-plane"": true}"
2026-09-10T18:26:06.233Z,jaeger-7cc9b664cc-l7j8l,jaeger,Running,True,1,1,0,"{""jaeger"": 0}","{""jaeger"": ""running""}",1,desktop-control-plane,True,"{""desktop-control-plane"": true}"
2026-09-10T18:26:06.233Z,otel-collector-7c765745bf-kgnz4,otel-collector,Running,True,1,1,0,"{""otel-collector"": 0}","{""otel-collector"": ""running""}",1,desktop-control-plane,True,"{""desktop-control-plane"": true}"
2026-09-10T18:26:06.233Z,postgres-676cc4986c-d4nsp,postgres,Running,True,1,1,0,"{""postgres"": 0}","{""postgres"": ""running""}",1,desktop-control-plane,True,"{""desktop-control-plane"": true}"
2026-09-10T18:26:06.233Z,prometheus-59f5cf7468-5j5v2,prometheus,Running,True,1,1,0,"{""prometheus"": 0}","{""prometheus"": ""running""}",1,desktop-control-plane,True,"{""desktop-control-plane"": true}"
2026-09-10T18:26:06.233Z,rabbitmq-5cdf8f76b7-5w84p,rabbitmq,Running,True,1,1,0,"{""rabbitmq"": 0}","{""rabbitmq"": ""running""}",1,desktop-control-plane,True,"{""desktop-control-plane"": true}"
2026-09-10T18:26:06.233Z,worker-5fc94dd887-hsctd,worker,Running,True,1,1,0,"{""worker"": 0}","{""worker"": ""running""}",1,desktop-control-plane,True,"{""desktop-control-plane"": true}"
2026-09-10T18:26:11.233Z,api-fd7cfdd89-lm2bq,api,Running,True,1,1,3,"{""api"": 3}","{""api"": ""running""}",1,desktop-control-plane,True,"{""desktop-control-plane"": true}"
2026-09-10T18:26:11.233Z,jaeger-7cc9b664cc-l7j8l,jaeger,Running,True,1,1,0,"{""jaeger"": 0}","{""jaeger"": ""running""}",1,desktop-control-plane,True,"{""desktop-control-plane"": true}"
2026-09-10T18:26:11.233Z,otel-collector-7c765745bf-kgnz4,otel-collector,Running,True,1,1,0,"{""otel-collector"": 0}","{""otel-collector"": ""running""}",1,desktop-control-plane,True,"{""desktop-control-plane"": true}"
2026-09-10T18:26:11.233Z,postgres-676cc4986c-d4nsp,postgres,Running,True,1,1,0,"{""postgres"": 0}","{""postgres"": ""running""}",1,desktop-control-plane,True,"{""desktop-control-plane"": true}"
2026-09-10T18:26:11.233Z,prometheus-59f5cf7468-5j5v2,prometheus,Running,True,1,1,0,"{""prometheus"": 0}","{""prometheus"": ""running""}",1,desktop-control-plane,True,"{""desktop-control-plane"": true}"
2026-09-10T18:26:11.233Z,rabbitmq-5cdf8f76b7-5w84p,rabbitmq,Running,True,1,1,0,"{""rabbitmq"": 0}","{""rabbitmq"": ""running""}",1,desktop-control-plane,True,"{""desktop-control-plane"": true}"
2026-09-10T18:26:11.233Z,worker-5fc94dd887-hsctd,worker,Running,True,1,1,0,"{""worker"": 0}","{""worker"": ""running""}",1,desktop-control-plane,True,"{""desktop-control-plane"": true}"
2026-09-10T18:26:16.234Z,api-fd7cfdd89-lm2bq,api,Running,True,1,1,3,"{""api"": 3}","{""api"": ""running""}",1,desktop-control-plane,True,"{""desktop-control-plane"": true}"
2026-09-10T18:26:16.234Z,jaeger-7cc9b664cc-l7j8l,jaeger,Running,True,1,1,0,"{""jaeger"": 0}","{""jaeger"": ""running""}",1,desktop-control-plane,True,"{""desktop-control-plane"": true}"
2026-09-10T18:26:16.234Z,otel-collector-7c765745bf-kgnz4,otel-collector,Running,True,1,1,0,"{""otel-collector"": 0}","{""otel-collector"": ""running""}",1,desktop-control-plane,True,"{""desktop-control-plane"": true}"
2026-09-10T18:26:16.234Z,postgres-676cc4986c-d4nsp,postgres,Running,True,1,1,0,"{""postgres"": 0}","{""postgres"": ""running""}",1,desktop-control-plane,True,"{""desktop-control-plane"": true}"
2026-09-10T18:26:16.234Z,prometheus-59f5cf7468-5j5v2,prometheus,Running,True,1,1,0,"{""prometheus"": 0}","{""prometheus"": ""running""}",1,desktop-control-plane,True,"{""desktop-control-plane"": true}"
2026-09-10T18:26:16.234Z,rabbitmq-5cdf8f76b7-5w84p,rabbitmq,Running,True,1,1,0,"{""rabbitmq"": 0}","{""rabbitmq"": ""running""}",1,desktop-control-plane,True,"{""desktop-control-plane"": true}"
2026-09-10T18:26:16.234Z,worker-5fc94dd887-hsctd,worker,Running,True,1,1,0,"{""worker"": 0}","{""worker"": ""running""}",1,desktop-control-plane,True,"{""desktop-control-plane"": true}"
2026-09-10T18:26:21.234Z,api-fd7cfdd89-lm2bq,api,Running,True,1,1,3,"{""api"": 3}","{""api"": ""running""}",1,desktop-control-plane,True,"{""desktop-control-plane"": true}"
2026-09-10T18:26:21.234Z,jaeger-7cc9b664cc-l7j8l,jaeger,Running,True,1,1,0,"{""jaeger"": 0}","{""jaeger"": ""running""}",1,desktop-control-plane,True,"{""desktop-control-plane"": true}"
2026-09-10T18:26:21.234Z,otel-collector-7c765745bf-kgnz4,otel-collector,Running,True,1,1,0,"{""otel-collector"": 0}","{""otel-collector"": ""running""}",1,desktop-control-plane,True,"{""desktop-control-plane"": true}"
2026-09-10T18:26:21.234Z,postgres-676cc4986c-d4nsp,postgres,Running,True,1,1,0,"{""postgres"": 0}","{""postgres"": ""running""}",1,desktop-control-plane,True,"{""desktop-control-plane"": true}"
2026-09-10T18:26:21.234Z,prometheus-59f5cf7468-5j5v2,prometheus,Running,True,1,1,0,"{""prometheus"": 0}","{""prometheus"": ""running""}",1,desktop-control-plane,True,"{""desktop-control-plane"": true}"
2026-09-10T18:26:21.234Z,rabbitmq-5cdf8f76b7-5w84p,rabbitmq,Running,True,1,1,0,"{""rabbitmq"": 0}","{""rabbitmq"": ""running""}",1,desktop-control-plane,True,"{""desktop-control-plane"": true}"
2026-09-10T18:26:21.234Z,worker-5fc94dd887-hsctd,worker,Running,True,1,1,0,"{""worker"": 0}","{""worker"": ""running""}",1,desktop-control-plane,True,"{""desktop-control-plane"": true}"
2026-09-10T18:26:26.235Z,api-fd7cfdd89-lm2bq,api,Running,True,1,1,3,"{""api"": 3}","{""api"": ""running""}",1,desktop-control-plane,True,"{""desktop-control-plane"": true}"
2026-09-10T18:26:26.235Z,jaeger-7cc9b664cc-l7j8l,jaeger,Running,True,1,1,0,"{""jaeger"": 0}","{""jaeger"": ""running""}",1,desktop-control-plane,True,"{""desktop-control-plane"": true}"
2026-09-10T18:26:26.235Z,otel-collector-7c765745bf-kgnz4,otel-collector,Running,True,1,1,0,"{""otel-collector"": 0}","{""otel-collector"": ""running""}",1,desktop-control-plane,True,"{""desktop-control-plane"": true}"
2026-09-10T18:26:26.235Z,postgres-676cc4986c-d4nsp,postgres,Running,True,1,1,0,"{""postgres"": 0}","{""postgres"": ""running""}",1,desktop-control-plane,True,"{""desktop-control-plane"": true}"
2026-09-10T18:26:26.235Z,prometheus-59f5cf7468-5j5v2,prometheus,Running,True,1,1,0,"{""prometheus"": 0}","{""prometheus"": ""running""}",1,desktop-control-plane,True,"{""desktop-control-plane"": true}"
2026-09-10T18:26:26.235Z,rabbitmq-5cdf8f76b7-5w84p,rabbitmq,Running,True,1,1,0,"{""rabbitmq"": 0}","{""rabbitmq"": ""running""}",1,desktop-control-plane,True,"{""desktop-control-plane"": true}"
2026-09-10T18:26:26.235Z,worker-5fc94dd887-hsctd,worker,Running,True,1,1,0,"{""worker"": 0}","{""worker"": ""running""}",1,desktop-control-plane,True,"{""desktop-control-plane"": true}"
2026-09-10T18:26:31.236Z,api-fd7cfdd89-lm2bq,api,Running,True,1,1,3,"{""api"": 3}","{""api"": ""running""}",1,desktop-control-plane,True,"{""desktop-control-plane"": true}"
2026-09-10T18:26:31.236Z,jaeger-7cc9b664cc-l7j8l,jaeger,Running,True,1,1,0,"{""jaeger"": 0}","{""jaeger"": ""running""}",1,desktop-control-plane,True,"{""desktop-control-plane"": true}"
2026-09-10T18:26:31.236Z,otel-collector-7c765745bf-kgnz4,otel-collector,Running,True,1,1,0,"{""otel-collector"": 0}","{""otel-collector"": ""running""}",1,desktop-control-plane,True,"{""desktop-control-plane"": true}"
2026-09-10T18:26:31.236Z,postgres-676cc4986c-d4nsp,postgres,Running,True,1,1,0,"{""postgres"": 0}","{""postgres"": ""running""}",1,desktop-control-plane,True,"{""desktop-control-plane"": true}"
2026-09-10T18:26:31.236Z,prometheus-59f5cf7468-5j5v2,prometheus,Running,True,1,1,0,"{""prometheus"": 0}","{""prometheus"": ""running""}",1,desktop-control-plane,True,"{""desktop-control-plane"": true}"
2026-09-10T18:26:31.236Z,rabbitmq-5cdf8f76b7-5w84p,rabbitmq,Running,True,1,1,0,"{""rabbitmq"": 0}","{""rabbitmq"": ""running""}",1,desktop-control-plane,True,"{""desktop-control-plane"": true}"
2026-09-10T18:26:31.236Z,worker-5fc94dd887-hsctd,worker,Running,True,1,1,0,"{""worker"": 0}","{""worker"": ""running""}",1,desktop-control-plane,True,"{""desktop-control-plane"": true}"
2026-09-10T18:26:36.236Z,api-fd7cfdd89-lm2bq,api,Running,True,1,1,3,"{""api"": 3}","{""api"": ""running""}",1,desktop-control-plane,True,"{""desktop-control-plane"": true}"
2026-09-10T18:26:36.236Z,jaeger-7cc9b664cc-l7j8l,jaeger,Running,True,1,1,0,"{""jaeger"": 0}","{""jaeger"": ""running""}",1,desktop-control-plane,True,"{""desktop-control-plane"": true}"
2026-09-10T18:26:36.236Z,otel-collector-7c765745bf-kgnz4,otel-collector,Running,True,1,1,0,"{""otel-collector"": 0}","{""otel-collector"": ""running""}",1,desktop-control-plane,True,"{""desktop-control-plane"": true}"
2026-09-10T18:26:36.236Z,postgres-676cc4986c-d4nsp,postgres,Running,True,1,1,0,"{""postgres"": 0}","{""postgres"": ""running""}",1,desktop-control-plane,True,"{""desktop-control-plane"": true}"
2026-09-10T18:26:36.236Z,prometheus-59f5cf7468-5j5v2,prometheus,Running,True,1,1,0,"{""prometheus"": 0}","{""prometheus"": ""running""}",1,desktop-control-plane,True,"{""desktop-control-plane"": true}"
2026-09-10T18:26:36.236Z,rabbitmq-5cdf8f76b7-5w84p,rabbitmq,Running,True,1,1,0,"{""rabbitmq"": 0}","{""rabbitmq"": ""running""}",1,desktop-control-plane,True,"{""desktop-control-plane"": true}"
2026-09-10T18:26:36.236Z,worker-5fc94dd887-hsctd,worker,Running,True,1,1,0,"{""worker"": 0}","{""worker"": ""running""}",1,desktop-control-plane,True,"{""desktop-control-plane"": true}"
2026-09-10T18:26:41.236Z,api-fd7cfdd89-lm2bq,api,Running,True,1,1,3,"{""api"": 3}","{""api"": ""running""}",1,desktop-control-plane,True,"{""desktop-control-plane"": true}"
2026-09-10T18:26:41.236Z,jaeger-7cc9b664cc-l7j8l,jaeger,Running,True,1,1,0,"{""jaeger"": 0}","{""jaeger"": ""running""}",1,desktop-control-plane,True,"{""desktop-control-plane"": true}"
2026-09-10T18:26:41.236Z,otel-collector-7c765745bf-kgnz4,otel-collector,Running,True,1,1,0,"{""otel-collector"": 0}","{""otel-collector"": ""running""}",1,desktop-control-plane,True,"{""desktop-control-plane"": true}"
2026-09-10T18:26:41.236Z,postgres-676cc4986c-d4nsp,postgres,Running,True,1,1,0,"{""postgres"": 0}","{""postgres"": ""running""}",1,desktop-control-plane,True,"{""desktop-control-plane"": true}"
2026-09-10T18:26:41.236Z,prometheus-59f5cf7468-5j5v2,prometheus,Running,True,1,1,0,"{""prometheus"": 0}","{""prometheus"": ""running""}",1,desktop-control-plane,True,"{""desktop-control-plane"": true}"
2026-09-10T18:26:41.236Z,rabbitmq-5cdf8f76b7-5w84p,rabbitmq,Running,True,1,1,0,"{""rabbitmq"": 0}","{""rabbitmq"": ""running""}",1,desktop-control-plane,True,"{""desktop-control-plane"": true}"
2026-09-10T18:26:41.236Z,worker-5fc94dd887-hsctd,worker,Running,True,1,1,0,"{""worker"": 0}","{""worker"": ""running""}",1,desktop-control-plane,True,"{""desktop-control-plane"": true}"
2026-09-10T18:26:46.237Z,api-fd7cfdd89-lm2bq,api,Running,True,1,1,3,"{""api"": 3}","{""api"": ""running""}",1,desktop-control-plane,True,"{""desktop-control-plane"": true}"
2026-09-10T18:26:46.237Z,jaeger-7cc9b664cc-l7j8l,jaeger,Running,True,1,1,0,"{""jaeger"": 0}","{""jaeger"": ""running""}",1,desktop-control-plane,True,"{""desktop-control-plane"": true}"
2026-09-10T18:26:46.237Z,otel-collector-7c765745bf-kgnz4,otel-collector,Running,True,1,1,0,"{""otel-collector"": 0}","{""otel-collector"": ""running""}",1,desktop-control-plane,True,"{""desktop-control-plane"": true}"
2026-09-10T18:26:46.237Z,postgres-676cc4986c-d4nsp,postgres,Running,True,1,1,0,"{""postgres"": 0}","{""postgres"": ""running""}",1,desktop-control-plane,True,"{""desktop-control-plane"": true}"
2026-09-10T18:26:46.237Z,prometheus-59f5cf7468-5j5v2,prometheus,Running,True,1,1,0,"{""prometheus"": 0}","{""prometheus"": ""running""}",1,desktop-control-plane,True,"{""desktop-control-plane"": true}"
2026-09-10T18:26:46.237Z,rabbitmq-5cdf8f76b7-5w84p,rabbitmq,Running,True,1,1,0,"{""rabbitmq"": 0}","{""rabbitmq"": ""running""}",1,desktop-control-plane,True,"{""desktop-control-plane"": true}"
2026-09-10T18:26:46.237Z,worker-5fc94dd887-hsctd,worker,Running,True,1,1,0,"{""worker"": 0}","{""worker"": ""running""}",1,desktop-control-plane,True,"{""desktop-control-plane"": true}"
2026-09-10T18:26:51.237Z,api-fd7cfdd89-lm2bq,api,Running,True,1,1,3,"{""api"": 3}","{""api"": ""running""}",1,desktop-control-plane,True,"{""desktop-control-plane"": true}"
2026-09-10T18:26:51.237Z,jaeger-7cc9b664cc-l7j8l,jaeger,Running,True,1,1,0,"{""jaeger"": 0}","{""jaeger"": ""running""}",1,desktop-control-plane,True,"{""desktop-control-plane"": true}"
2026-09-10T18:26:51.237Z,otel-collector-7c765745bf-kgnz4,otel-collector,Running,True,1,1,0,"{""otel-collector"": 0}","{""otel-collector"": ""running""}",1,desktop-control-plane,True,"{""desktop-control-plane"": true}"
2026-09-10T18:26:51.237Z,postgres-676cc4986c-d4nsp,postgres,Running,True,1,1,0,"{""postgres"": 0}","{""postgres"": ""running""}",1,desktop-control-plane,True,"{""desktop-control-plane"": true}"
2026-09-10T18:26:51.237Z,prometheus-59f5cf7468-5j5v2,prometheus,Running,True,1,1,0,"{""prometheus"": 0}","{""prometheus"": ""running""}",1,desktop-control-plane,True,"{""desktop-control-plane"": true}"
2026-09-10T18:26:51.237Z,rabbitmq-5cdf8f76b7-5w84p,rabbitmq,Running,True,1,1,0,"{""rabbitmq"": 0}","{""rabbitmq"": ""running""}",1,desktop-control-plane,True,"{""desktop-control-plane"": true}"
2026-09-10T18:26:51.237Z,worker-5fc94dd887-hsctd,worker,Running,True,1,1,0,"{""worker"": 0}","{""worker"": ""running""}",1,desktop-control-plane,True,"{""desktop-control-plane"": true}"
2026-09-10T18:26:56.237Z,api-fd7cfdd89-lm2bq,api,Running,True,1,1,3,"{""api"": 3}","{""api"": ""running""}",1,desktop-control-plane,True,"{""desktop-control-plane"": true}"
2026-09-10T18:26:56.237Z,jaeger-7cc9b664cc-l7j8l,jaeger,Running,True,1,1,0,"{""jaeger"": 0}","{""jaeger"": ""running""}",1,desktop-control-plane,True,"{""desktop-control-plane"": true}"
2026-09-10T18:26:56.237Z,otel-collector-7c765745bf-kgnz4,otel-collector,Running,True,1,1,0,"{""otel-collector"": 0}","{""otel-collector"": ""running""}",1,desktop-control-plane,True,"{""desktop-control-plane"": true}"
2026-09-10T18:26:56.237Z,postgres-676cc4986c-d4nsp,postgres,Running,True,1,1,0,"{""postgres"": 0}","{""postgres"": ""running""}",1,desktop-control-plane,True,"{""desktop-control-plane"": true}"
2026-09-10T18:26:56.237Z,prometheus-59f5cf7468-5j5v2,prometheus,Running,True,1,1,0,"{""prometheus"": 0}","{""prometheus"": ""running""}",1,desktop-control-plane,True,"{""desktop-control-plane"": true}"
2026-09-10T18:26:56.237Z,rabbitmq-5cdf8f76b7-5w84p,rabbitmq,Running,True,1,1,0,"{""rabbitmq"": 0}","{""rabbitmq"": ""running""}",1,desktop-control-plane,True,"{""desktop-control-plane"": true}"
2026-09-10T18:26:56.237Z,worker-5fc94dd887-hsctd,worker,Running,True,1,1,0,"{""worker"": 0}","{""worker"": ""running""}",1,desktop-control-plane,True,"{""desktop-control-plane"": true}"
2026-09-10T18:27:01.237Z,api-fd7cfdd89-lm2bq,api,Running,True,1,1,3,"{""api"": 3}","{""api"": ""running""}",1,desktop-control-plane,True,"{""desktop-control-plane"": true}"
2026-09-10T18:27:01.237Z,jaeger-7cc9b664cc-l7j8l,jaeger,Running,True,1,1,0,"{""jaeger"": 0}","{""jaeger"": ""running""}",1,desktop-control-plane,True,"{""desktop-control-plane"": true}"
2026-09-10T18:27:01.237Z,otel-collector-7c765745bf-kgnz4,otel-collector,Running,True,1,1,0,"{""otel-collector"": 0}","{""otel-collector"": ""running""}",1,desktop-control-plane,True,"{""desktop-control-plane"": true}"
2026-09-10T18:27:01.237Z,postgres-676cc4986c-d4nsp,postgres,Running,True,1,1,0,"{""postgres"": 0}","{""postgres"": ""running""}",1,desktop-control-plane,True,"{""desktop-control-plane"": true}"
2026-09-10T18:27:01.237Z,prometheus-59f5cf7468-5j5v2,prometheus,Running,True,1,1,0,"{""prometheus"": 0}","{""prometheus"": ""running""}",1,desktop-control-plane,True,"{""desktop-control-plane"": true}"
2026-09-10T18:27:01.237Z,rabbitmq-5cdf8f76b7-5w84p,rabbitmq,Running,True,1,1,0,"{""rabbitmq"": 0}","{""rabbitmq"": ""running""}",1,desktop-control-plane,True,"{""desktop-control-plane"": true}"
2026-09-10T18:27:01.237Z,worker-5fc94dd887-hsctd,worker,Running,True,1,1,0,"{""worker"": 0}","{""worker"": ""running""}",1,desktop-control-plane,True,"{""desktop-control-plane"": true}"
2026-09-10T18:27:06.238Z,api-fd7cfdd89-lm2bq,api,Running,True,1,1,3,"{""api"": 3}","{""api"": ""running""}",1,desktop-control-plane,True,"{""desktop-control-plane"": true}"
2026-09-10T18:27:06.238Z,jaeger-7cc9b664cc-l7j8l,jaeger,Running,True,1,1,0,"{""jaeger"": 0}","{""jaeger"": ""running""}",1,desktop-control-plane,True,"{""desktop-control-plane"": true}"
2026-09-10T18:27:06.238Z,otel-collector-7c765745bf-kgnz4,otel-collector,Running,True,1,1,0,"{""otel-collector"": 0}","{""otel-collector"": ""running""}",1,desktop-control-plane,True,"{""desktop-control-plane"": true}"
2026-09-10T18:27:06.238Z,postgres-676cc4986c-d4nsp,postgres,Running,True,1,1,0,"{""postgres"": 0}","{""postgres"": ""running""}",1,desktop-control-plane,True,"{""desktop-control-plane"": true}"
2026-09-10T18:27:06.238Z,prometheus-59f5cf7468-5j5v2,prometheus,Running,True,1,1,0,"{""prometheus"": 0}","{""prometheus"": ""running""}",1,desktop-control-plane,True,"{""desktop-control-plane"": true}"
2026-09-10T18:27:06.238Z,rabbitmq-5cdf8f76b7-5w84p,rabbitmq,Running,True,1,1,0,"{""rabbitmq"": 0}","{""rabbitmq"": ""running""}",1,desktop-control-plane,True,"{""desktop-control-plane"": true}"
2026-09-10T18:27:06.238Z,worker-5fc94dd887-hsctd,worker,Running,True,1,1,0,"{""worker"": 0}","{""worker"": ""running""}",1,desktop-control-plane,True,"{""desktop-control-plane"": true}"
2026-09-10T18:27:11.238Z,api-fd7cfdd89-lm2bq,api,Running,True,1,1,3,"{""api"": 3}","{""api"": ""running""}",1,desktop-control-plane,True,"{""desktop-control-plane"": true}"
2026-09-10T18:27:11.238Z,jaeger-7cc9b664cc-l7j8l,jaeger,Running,True,1,1,0,"{""jaeger"": 0}","{""jaeger"": ""running""}",1,desktop-control-plane,True,"{""desktop-control-plane"": true}"
2026-09-10T18:27:11.238Z,otel-collector-7c765745bf-kgnz4,otel-collector,Running,True,1,1,0,"{""otel-collector"": 0}","{""otel-collector"": ""running""}",1,desktop-control-plane,True,"{""desktop-control-plane"": true}"
2026-09-10T18:27:11.238Z,postgres-676cc4986c-d4nsp,postgres,Running,True,1,1,0,"{""postgres"": 0}","{""postgres"": ""running""}",1,desktop-control-plane,True,"{""desktop-control-plane"": true}"
2026-09-10T18:27:11.238Z,prometheus-59f5cf7468-5j5v2,prometheus,Running,True,1,1,0,"{""prometheus"": 0}","{""prometheus"": ""running""}",1,desktop-control-plane,True,"{""desktop-control-plane"": true}"
2026-09-10T18:27:11.238Z,rabbitmq-5cdf8f76b7-5w84p,rabbitmq,Running,True,1,1,0,"{""rabbitmq"": 0}","{""rabbitmq"": ""running""}",1,desktop-control-plane,True,"{""desktop-control-plane"": true}"
2026-09-10T18:27:11.238Z,worker-5fc94dd887-hsctd,worker,Running,True,1,1,0,"{""worker"": 0}","{""worker"": ""running""}",1,desktop-control-plane,True,"{""desktop-control-plane"": true}"
2026-09-10T18:27:16.239Z,api-fd7cfdd89-lm2bq,api,Running,True,1,1,3,"{""api"": 3}","{""api"": ""running""}",1,desktop-control-plane,True,"{""desktop-control-plane"": true}"
2026-09-10T18:27:16.239Z,jaeger-7cc9b664cc-l7j8l,jaeger,Running,True,1,1,0,"{""jaeger"": 0}","{""jaeger"": ""running""}",1,desktop-control-plane,True,"{""desktop-control-plane"": true}"
2026-09-10T18:27:16.239Z,otel-collector-7c765745bf-kgnz4,otel-collector,Running,True,1,1,0,"{""otel-collector"": 0}","{""otel-collector"": ""running""}",1,desktop-control-plane,True,"{""desktop-control-plane"": true}"
2026-09-10T18:27:16.239Z,postgres-676cc4986c-d4nsp,postgres,Running,True,1,1,0,"{""postgres"": 0}","{""postgres"": ""running""}",1,desktop-control-plane,True,"{""desktop-control-plane"": true}"
2026-09-10T18:27:16.239Z,prometheus-59f5cf7468-5j5v2,prometheus,Running,True,1,1,0,"{""prometheus"": 0}","{""prometheus"": ""running""}",1,desktop-control-plane,True,"{""desktop-control-plane"": true}"
2026-09-10T18:27:16.239Z,rabbitmq-5cdf8f76b7-5w84p,rabbitmq,Running,True,1,1,0,"{""rabbitmq"": 0}","{""rabbitmq"": ""running""}",1,desktop-control-plane,True,"{""desktop-control-plane"": true}"
2026-09-10T18:27:16.239Z,worker-5fc94dd887-hsctd,worker,Running,True,1,1,0,"{""worker"": 0}","{""worker"": ""running""}",1,desktop-control-plane,True,"{""desktop-control-plane"": true}"
2026-09-10T18:27:21.239Z,api-fd7cfdd89-lm2bq,api,Running,True,1,1,3,"{""api"": 3}","{""api"": ""running""}",1,desktop-control-plane,True,"{""desktop-control-plane"": true}"
2026-09-10T18:27:21.239Z,jaeger-7cc9b664cc-l7j8l,jaeger,Running,True,1,1,0,"{""jaeger"": 0}","{""jaeger"": ""running""}",1,desktop-control-plane,True,"{""desktop-control-plane"": true}"
2026-09-10T18:27:21.239Z,otel-collector-7c765745bf-kgnz4,otel-collector,Running,True,1,1,0,"{""otel-collector"": 0}","{""otel-collector"": ""running""}",1,desktop-control-plane,True,"{""desktop-control-plane"": true}"
2026-09-10T18:27:21.239Z,postgres-676cc4986c-d4nsp,postgres,Running,True,1,1,0,"{""postgres"": 0}","{""postgres"": ""running""}",1,desktop-control-plane,True,"{""desktop-control-plane"": true}"
2026-09-10T18:27:21.239Z,prometheus-59f5cf7468-5j5v2,prometheus,Running,True,1,1,0,"{""prometheus"": 0}","{""prometheus"": ""running""}",1,desktop-control-plane,True,"{""desktop-control-plane"": true}"
2026-09-10T18:27:21.239Z,rabbitmq-5cdf8f76b7-5w84p,rabbitmq,Running,True,1,1,0,"{""rabbitmq"": 0}","{""rabbitmq"": ""running""}",1,desktop-control-plane,True,"{""desktop-control-plane"": true}"
2026-09-10T18:27:21.239Z,worker-5fc94dd887-hsctd,worker,Running,True,1,1,0,"{""worker"": 0}","{""worker"": ""running""}",1,desktop-control-plane,True,"{""desktop-control-plane"": true}"
2026-09-10T18:27:26.239Z,api-fd7cfdd89-lm2bq,api,Running,True,1,1,3,"{""api"": 3}","{""api"": ""running""}",1,desktop-control-plane,True,"{""desktop-control-plane"": true}"
2026-09-10T18:27:26.239Z,jaeger-7cc9b664cc-l7j8l,jaeger,Running,True,1,1,0,"{""jaeger"": 0}","{""jaeger"": ""running""}",1,desktop-control-plane,True,"{""desktop-control-plane"": true}"
2026-09-10T18:27:26.239Z,otel-collector-7c765745bf-kgnz4,otel-collector,Running,True,1,1,0,"{""otel-collector"": 0}","{""otel-collector"": ""running""}",1,desktop-control-plane,True,"{""desktop-control-plane"": true}"
2026-09-10T18:27:26.239Z,postgres-676cc4986c-d4nsp,postgres,Running,True,1,1,0,"{""postgres"": 0}","{""postgres"": ""running""}",1,desktop-control-plane,True,"{""desktop-control-plane"": true}"
2026-09-10T18:27:26.239Z,prometheus-59f5cf7468-5j5v2,prometheus,Running,True,1,1,0,"{""prometheus"": 0}","{""prometheus"": ""running""}",1,desktop-control-plane,True,"{""desktop-control-plane"": true}"
2026-09-10T18:27:26.239Z,rabbitmq-5cdf8f76b7-5w84p,rabbitmq,Running,True,1,1,0,"{""rabbitmq"": 0}","{""rabbitmq"": ""running""}",1,desktop-control-plane,True,"{""desktop-control-plane"": true}"
2026-09-10T18:27:26.239Z,worker-5fc94dd887-hsctd,worker,Running,True,1,1,0,"{""worker"": 0}","{""worker"": ""running""}",1,desktop-control-plane,True,"{""desktop-control-plane"": true}"
2026-09-10T18:27:31.239Z,api-fd7cfdd89-lm2bq,api,Running,True,1,1,3,"{""api"": 3}","{""api"": ""running""}",1,desktop-control-plane,True,"{""desktop-control-plane"": true}"
2026-09-10T18:27:31.239Z,jaeger-7cc9b664cc-l7j8l,jaeger,Running,True,1,1,0,"{""jaeger"": 0}","{""jaeger"": ""running""}",1,desktop-control-plane,True,"{""desktop-control-plane"": true}"
2026-09-10T18:27:31.239Z,otel-collector-7c765745bf-kgnz4,otel-collector,Running,True,1,1,0,"{""otel-collector"": 0}","{""otel-collector"": ""running""}",1,desktop-control-plane,True,"{""desktop-control-plane"": true}"
2026-09-10T18:27:31.239Z,postgres-676cc4986c-d4nsp,postgres,Running,True,1,1,0,"{""postgres"": 0}","{""postgres"": ""running""}",1,desktop-control-plane,True,"{""desktop-control-plane"": true}"
2026-09-10T18:27:31.239Z,prometheus-59f5cf7468-5j5v2,prometheus,Running,True,1,1,0,"{""prometheus"": 0}","{""prometheus"": ""running""}",1,desktop-control-plane,True,"{""desktop-control-plane"": true}"
2026-09-10T18:27:31.239Z,rabbitmq-5cdf8f76b7-5w84p,rabbitmq,Running,True,1,1,0,"{""rabbitmq"": 0}","{""rabbitmq"": ""running""}",1,desktop-control-plane,True,"{""desktop-control-plane"": true}"
2026-09-10T18:27:31.239Z,worker-5fc94dd887-hsctd,worker,Running,True,1,1,0,"{""worker"": 0}","{""worker"": ""running""}",1,desktop-control-plane,True,"{""desktop-control-plane"": true}"
2026-09-10T18:27:36.240Z,api-fd7cfdd89-lm2bq,api,Running,True,1,1,3,"{""api"": 3}","{""api"": ""running""}",1,desktop-control-plane,True,"{""desktop-control-plane"": true}"
2026-09-10T18:27:36.240Z,jaeger-7cc9b664cc-l7j8l,jaeger,Running,True,1,1,0,"{""jaeger"": 0}","{""jaeger"": ""running""}",1,desktop-control-plane,True,"{""desktop-control-plane"": true}"
2026-09-10T18:27:36.240Z,otel-collector-7c765745bf-kgnz4,otel-collector,Running,True,1,1,0,"{""otel-collector"": 0}","{""otel-collector"": ""running""}",1,desktop-control-plane,True,"{""desktop-control-plane"": true}"
2026-09-10T18:27:36.240Z,postgres-676cc4986c-d4nsp,postgres,Running,True,1,1,0,"{""postgres"": 0}","{""postgres"": ""running""}",1,desktop-control-plane,True,"{""desktop-control-plane"": true}"
2026-09-10T18:27:36.240Z,prometheus-59f5cf7468-5j5v2,prometheus,Running,True,1,1,0,"{""prometheus"": 0}","{""prometheus"": ""running""}",1,desktop-control-plane,True,"{""desktop-control-plane"": true}"
2026-09-10T18:27:36.240Z,rabbitmq-5cdf8f76b7-5w84p,rabbitmq,Running,True,1,1,0,"{""rabbitmq"": 0}","{""rabbitmq"": ""running""}",1,desktop-control-plane,True,"{""desktop-control-plane"": true}"
2026-09-10T18:27:36.240Z,worker-5fc94dd887-hsctd,worker,Running,True,1,1,0,"{""worker"": 0}","{""worker"": ""running""}",1,desktop-control-plane,True,"{""desktop-control-plane"": true}"
2026-09-10T18:27:41.240Z,api-fd7cfdd89-lm2bq,api,Running,True,1,1,3,"{""api"": 3}","{""api"": ""running""}",1,desktop-control-plane,True,"{""desktop-control-plane"": true}"
2026-09-10T18:27:41.240Z,jaeger-7cc9b664cc-l7j8l,jaeger,Running,True,1,1,0,"{""jaeger"": 0}","{""jaeger"": ""running""}",1,desktop-control-plane,True,"{""desktop-control-plane"": true}"
2026-09-10T18:27:41.240Z,otel-collector-7c765745bf-kgnz4,otel-collector,Running,True,1,1,0,"{""otel-collector"": 0}","{""otel-collector"": ""running""}",1,desktop-control-plane,True,"{""desktop-control-plane"": true}"
2026-09-10T18:27:41.240Z,postgres-676cc4986c-d4nsp,postgres,Running,True,1,1,0,"{""postgres"": 0}","{""postgres"": ""running""}",1,desktop-control-plane,True,"{""desktop-control-plane"": true}"
2026-09-10T18:27:41.240Z,prometheus-59f5cf7468-5j5v2,prometheus,Running,True,1,1,0,"{""prometheus"": 0}","{""prometheus"": ""running""}",1,desktop-control-plane,True,"{""desktop-control-plane"": true}"
2026-09-10T18:27:41.240Z,rabbitmq-5cdf8f76b7-5w84p,rabbitmq,Running,True,1,1,0,"{""rabbitmq"": 0}","{""rabbitmq"": ""running""}",1,desktop-control-plane,True,"{""desktop-control-plane"": true}"
2026-09-10T18:27:41.240Z,worker-5fc94dd887-hsctd,worker,Running,True,1,1,0,"{""worker"": 0}","{""worker"": ""running""}",1,desktop-control-plane,True,"{""desktop-control-plane"": true}"
2026-09-10T18:27:46.240Z,api-fd7cfdd89-lm2bq,api,Running,True,1,1,3,"{""api"": 3}","{""api"": ""running""}",1,desktop-control-plane,True,"{""desktop-control-plane"": true}"
2026-09-10T18:27:46.240Z,jaeger-7cc9b664cc-l7j8l,jaeger,Running,True,1,1,0,"{""jaeger"": 0}","{""jaeger"": ""running""}",1,desktop-control-plane,True,"{""desktop-control-plane"": true}"
2026-09-10T18:27:46.240Z,otel-collector-7c765745bf-kgnz4,otel-collector,Running,True,1,1,0,"{""otel-collector"": 0}","{""otel-collector"": ""running""}",1,desktop-control-plane,True,"{""desktop-control-plane"": true}"
2026-09-10T18:27:46.240Z,postgres-676cc4986c-d4nsp,postgres,Running,True,1,1,0,"{""postgres"": 0}","{""postgres"": ""running""}",1,desktop-control-plane,True,"{""desktop-control-plane"": true}"
2026-09-10T18:27:46.240Z,prometheus-59f5cf7468-5j5v2,prometheus,Running,True,1,1,0,"{""prometheus"": 0}","{""prometheus"": ""running""}",1,desktop-control-plane,True,"{""desktop-control-plane"": true}"
2026-09-10T18:27:46.240Z,rabbitmq-5cdf8f76b7-5w84p,rabbitmq,Running,True,1,1,0,"{""rabbitmq"": 0}","{""rabbitmq"": ""running""}",1,desktop-control-plane,True,"{""desktop-control-plane"": true}"
2026-09-10T18:27:46.240Z,worker-5fc94dd887-hsctd,worker,Running,True,1,1,0,"{""worker"": 0}","{""worker"": ""running""}",1,desktop-control-plane,True,"{""desktop-control-plane"": true}"
2026-09-10T18:27:51.241Z,api-fd7cfdd89-lm2bq,api,Running,True,1,1,3,"{""api"": 3}","{""api"": ""running""}",1,desktop-control-plane,True,"{""desktop-control-plane"": true}"
2026-09-10T18:27:51.241Z,jaeger-7cc9b664cc-l7j8l,jaeger,Running,True,1,1,0,"{""jaeger"": 0}","{""jaeger"": ""running""}",1,desktop-control-plane,True,"{""desktop-control-plane"": true}"
2026-09-10T18:27:51.241Z,otel-collector-7c765745bf-kgnz4,otel-collector,Running,True,1,1,0,"{""otel-collector"": 0}","{""otel-collector"": ""running""}",1,desktop-control-plane,True,"{""desktop-control-plane"": true}"
2026-09-10T18:27:51.241Z,postgres-676cc4986c-d4nsp,postgres,Running,True,1,1,0,"{""postgres"": 0}","{""postgres"": ""running""}",1,desktop-control-plane,True,"{""desktop-control-plane"": true}"
2026-09-10T18:27:51.241Z,prometheus-59f5cf7468-5j5v2,prometheus,Running,True,1,1,0,"{""prometheus"": 0}","{""prometheus"": ""running""}",1,desktop-control-plane,True,"{""desktop-control-plane"": true}"
2026-09-10T18:27:51.241Z,rabbitmq-5cdf8f76b7-5w84p,rabbitmq,Running,True,1,1,0,"{""rabbitmq"": 0}","{""rabbitmq"": ""running""}",1,desktop-control-plane,True,"{""desktop-control-plane"": true}"
2026-09-10T18:27:51.241Z,worker-5fc94dd887-hsctd,worker,Running,True,1,1,0,"{""worker"": 0}","{""worker"": ""running""}",1,desktop-control-plane,True,"{""desktop-control-plane"": true}"
2026-09-10T18:27:56.241Z,api-fd7cfdd89-lm2bq,api,Running,True,1,1,3,"{""api"": 3}","{""api"": ""running""}",1,desktop-control-plane,True,"{""desktop-control-plane"": true}"
2026-09-10T18:27:56.241Z,jaeger-7cc9b664cc-l7j8l,jaeger,Running,True,1,1,0,"{""jaeger"": 0}","{""jaeger"": ""running""}",1,desktop-control-plane,True,"{""desktop-control-plane"": true}"
2026-09-10T18:27:56.241Z,otel-collector-7c765745bf-kgnz4,otel-collector,Running,True,1,1,0,"{""otel-collector"": 0}","{""otel-collector"": ""running""}",1,desktop-control-plane,True,"{""desktop-control-plane"": true}"
2026-09-10T18:27:56.241Z,postgres-676cc4986c-d4nsp,postgres,Running,True,1,1,0,"{""postgres"": 0}","{""postgres"": ""running""}",1,desktop-control-plane,True,"{""desktop-control-plane"": true}"
2026-09-10T18:27:56.241Z,prometheus-59f5cf7468-5j5v2,prometheus,Running,True,1,1,0,"{""prometheus"": 0}","{""prometheus"": ""running""}",1,desktop-control-plane,True,"{""desktop-control-plane"": true}"
2026-09-10T18:27:56.241Z,rabbitmq-5cdf8f76b7-5w84p,rabbitmq,Running,True,1,1,0,"{""rabbitmq"": 0}","{""rabbitmq"": ""running""}",1,desktop-control-plane,True,"{""desktop-control-plane"": true}"
2026-09-10T18:27:56.241Z,worker-5fc94dd887-hsctd,worker,Running,True,1,1,0,"{""worker"": 0}","{""worker"": ""running""}",1,desktop-control-plane,True,"{""desktop-control-plane"": true}"
2026-09-10T18:28:01.242Z,api-fd7cfdd89-lm2bq,api,Running,True,1,1,3,"{""api"": 3}","{""api"": ""running""}",1,desktop-control-plane,True,"{""desktop-control-plane"": true}"
2026-09-10T18:28:01.242Z,jaeger-7cc9b664cc-l7j8l,jaeger,Running,True,1,1,0,"{""jaeger"": 0}","{""jaeger"": ""running""}",1,desktop-control-plane,True,"{""desktop-control-plane"": true}"
2026-09-10T18:28:01.242Z,otel-collector-7c765745bf-kgnz4,otel-collector,Running,True,1,1,0,"{""otel-collector"": 0}","{""otel-collector"": ""running""}",1,desktop-control-plane,True,"{""desktop-control-plane"": true}"
2026-09-10T18:28:01.242Z,postgres-676cc4986c-d4nsp,postgres,Running,True,1,1,0,"{""postgres"": 0}","{""postgres"": ""running""}",1,desktop-control-plane,True,"{""desktop-control-plane"": true}"
2026-09-10T18:28:01.242Z,prometheus-59f5cf7468-5j5v2,prometheus,Running,True,1,1,0,"{""prometheus"": 0}","{""prometheus"": ""running""}",1,desktop-control-plane,True,"{""desktop-control-plane"": true}"
2026-09-10T18:28:01.242Z,rabbitmq-5cdf8f76b7-5w84p,rabbitmq,Running,True,1,1,0,"{""rabbitmq"": 0}","{""rabbitmq"": ""running""}",1,desktop-control-plane,True,"{""desktop-control-plane"": true}"
2026-09-10T18:28:01.242Z,worker-5fc94dd887-hsctd,worker,Running,True,1,1,0,"{""worker"": 0}","{""worker"": ""running""}",1,desktop-control-plane,True,"{""desktop-control-plane"": true}"
2026-09-10T18:28:06.242Z,api-fd7cfdd89-lm2bq,api,Running,True,1,1,3,"{""api"": 3}","{""api"": ""running""}",1,desktop-control-plane,True,"{""desktop-control-plane"": true}"
2026-09-10T18:28:06.242Z,jaeger-7cc9b664cc-l7j8l,jaeger,Running,True,1,1,0,"{""jaeger"": 0}","{""jaeger"": ""running""}",1,desktop-control-plane,True,"{""desktop-control-plane"": true}"
2026-09-10T18:28:06.242Z,otel-collector-7c765745bf-kgnz4,otel-collector,Running,True,1,1,0,"{""otel-collector"": 0}","{""otel-collector"": ""running""}",1,desktop-control-plane,True,"{""desktop-control-plane"": true}"
2026-09-10T18:28:06.242Z,postgres-676cc4986c-d4nsp,postgres,Running,True,1,1,0,"{""postgres"": 0}","{""postgres"": ""running""}",1,desktop-control-plane,True,"{""desktop-control-plane"": true}"
2026-09-10T18:28:06.242Z,prometheus-59f5cf7468-5j5v2,prometheus,Running,True,1,1,0,"{""prometheus"": 0}","{""prometheus"": ""running""}",1,desktop-control-plane,True,"{""desktop-control-plane"": true}"
2026-09-10T18:28:06.242Z,rabbitmq-5cdf8f76b7-5w84p,rabbitmq,Running,True,1,1,0,"{""rabbitmq"": 0}","{""rabbitmq"": ""running""}",1,desktop-control-plane,True,"{""desktop-control-plane"": true}"
2026-09-10T18:28:06.242Z,worker-5fc94dd887-hsctd,worker,Running,True,1,1,0,"{""worker"": 0}","{""worker"": ""running""}",1,desktop-control-plane,True,"{""desktop-control-plane"": true}"
2026-09-10T18:28:11.243Z,api-fd7cfdd89-lm2bq,api,Running,True,1,1,3,"{""api"": 3}","{""api"": ""running""}",1,desktop-control-plane,True,"{""desktop-control-plane"": true}"
2026-09-10T18:28:11.243Z,jaeger-7cc9b664cc-l7j8l,jaeger,Running,True,1,1,0,"{""jaeger"": 0}","{""jaeger"": ""running""}",1,desktop-control-plane,True,"{""desktop-control-plane"": true}"
2026-09-10T18:28:11.243Z,otel-collector-7c765745bf-kgnz4,otel-collector,Running,True,1,1,0,"{""otel-collector"": 0}","{""otel-collector"": ""running""}",1,desktop-control-plane,True,"{""desktop-control-plane"": true}"
2026-09-10T18:28:11.243Z,postgres-676cc4986c-d4nsp,postgres,Running,True,1,1,0,"{""postgres"": 0}","{""postgres"": ""running""}",1,desktop-control-plane,True,"{""desktop-control-plane"": true}"
2026-09-10T18:28:11.243Z,prometheus-59f5cf7468-5j5v2,prometheus,Running,True,1,1,0,"{""prometheus"": 0}","{""prometheus"": ""running""}",1,desktop-control-plane,True,"{""desktop-control-plane"": true}"
2026-09-10T18:28:11.243Z,rabbitmq-5cdf8f76b7-5w84p,rabbitmq,Running,True,1,1,0,"{""rabbitmq"": 0}","{""rabbitmq"": ""running""}",1,desktop-control-plane,True,"{""desktop-control-plane"": true}"
2026-09-10T18:28:11.243Z,worker-5fc94dd887-hsctd,worker,Running,True,1,1,0,"{""worker"": 0}","{""worker"": ""running""}",1,desktop-control-plane,True,"{""desktop-control-plane"": true}"
2026-09-10T18:28:16.243Z,api-fd7cfdd89-lm2bq,api,Running,True,1,1,3,"{""api"": 3}","{""api"": ""running""}",1,desktop-control-plane,True,"{""desktop-control-plane"": true}"
2026-09-10T18:28:16.243Z,jaeger-7cc9b664cc-l7j8l,jaeger,Running,True,1,1,0,"{""jaeger"": 0}","{""jaeger"": ""running""}",1,desktop-control-plane,True,"{""desktop-control-plane"": true}"
2026-09-10T18:28:16.243Z,otel-collector-7c765745bf-kgnz4,otel-collector,Running,True,1,1,0,"{""otel-collector"": 0}","{""otel-collector"": ""running""}",1,desktop-control-plane,True,"{""desktop-control-plane"": true}"
2026-09-10T18:28:16.243Z,postgres-676cc4986c-d4nsp,postgres,Running,True,1,1,0,"{""postgres"": 0}","{""postgres"": ""running""}",1,desktop-control-plane,True,"{""desktop-control-plane"": true}"
2026-09-10T18:28:16.243Z,prometheus-59f5cf7468-5j5v2,prometheus,Running,True,1,1,0,"{""prometheus"": 0}","{""prometheus"": ""running""}",1,desktop-control-plane,True,"{""desktop-control-plane"": true}"
2026-09-10T18:28:16.243Z,rabbitmq-5cdf8f76b7-5w84p,rabbitmq,Running,True,1,1,0,"{""rabbitmq"": 0}","{""rabbitmq"": ""running""}",1,desktop-control-plane,True,"{""desktop-control-plane"": true}"
2026-09-10T18:28:16.243Z,worker-5fc94dd887-hsctd,worker,Running,True,1,1,0,"{""worker"": 0}","{""worker"": ""running""}",1,desktop-control-plane,True,"{""desktop-control-plane"": true}"
2026-09-10T18:28:21.244Z,api-fd7cfdd89-lm2bq,api,Running,True,1,1,3,"{""api"": 3}","{""api"": ""running""}",1,desktop-control-plane,True,"{""desktop-control-plane"": true}"
2026-09-10T18:28:21.244Z,jaeger-7cc9b664cc-l7j8l,jaeger,Running,True,1,1,0,"{""jaeger"": 0}","{""jaeger"": ""running""}",1,desktop-control-plane,True,"{""desktop-control-plane"": true}"
2026-09-10T18:28:21.244Z,otel-collector-7c765745bf-kgnz4,otel-collector,Running,True,1,1,0,"{""otel-collector"": 0}","{""otel-collector"": ""running""}",1,desktop-control-plane,True,"{""desktop-control-plane"": true}"
2026-09-10T18:28:21.244Z,postgres-676cc4986c-d4nsp,postgres,Running,True,1,1,0,"{""postgres"": 0}","{""postgres"": ""running""}",1,desktop-control-plane,True,"{""desktop-control-plane"": true}"
2026-09-10T18:28:21.244Z,prometheus-59f5cf7468-5j5v2,prometheus,Running,True,1,1,0,"{""prometheus"": 0}","{""prometheus"": ""running""}",1,desktop-control-plane,True,"{""desktop-control-plane"": true}"
2026-09-10T18:28:21.244Z,rabbitmq-5cdf8f76b7-5w84p,rabbitmq,Running,True,1,1,0,"{""rabbitmq"": 0}","{""rabbitmq"": ""running""}",1,desktop-control-plane,True,"{""desktop-control-plane"": true}"
2026-09-10T18:28:21.244Z,worker-5fc94dd887-hsctd,worker,Running,True,1,1,0,"{""worker"": 0}","{""worker"": ""running""}",1,desktop-control-plane,True,"{""desktop-control-plane"": true}"
2026-09-10T18:28:26.244Z,api-fd7cfdd89-lm2bq,api,Running,True,1,1,3,"{""api"": 3}","{""api"": ""running""}",1,desktop-control-plane,True,"{""desktop-control-plane"": true}"
2026-09-10T18:28:26.244Z,jaeger-7cc9b664cc-l7j8l,jaeger,Running,True,1,1,0,"{""jaeger"": 0}","{""jaeger"": ""running""}",1,desktop-control-plane,True,"{""desktop-control-plane"": true}"
2026-09-10T18:28:26.244Z,otel-collector-7c765745bf-kgnz4,otel-collector,Running,True,1,1,0,"{""otel-collector"": 0}","{""otel-collector"": ""running""}",1,desktop-control-plane,True,"{""desktop-control-plane"": true}"
2026-09-10T18:28:26.244Z,postgres-676cc4986c-d4nsp,postgres,Running,True,1,1,0,"{""postgres"": 0}","{""postgres"": ""running""}",1,desktop-control-plane,True,"{""desktop-control-plane"": true}"
2026-09-10T18:28:26.244Z,prometheus-59f5cf7468-5j5v2,prometheus,Running,True,1,1,0,"{""prometheus"": 0}","{""prometheus"": ""running""}",1,desktop-control-plane,True,"{""desktop-control-plane"": true}"
2026-09-10T18:28:26.244Z,rabbitmq-5cdf8f76b7-5w84p,rabbitmq,Running,True,1,1,0,"{""rabbitmq"": 0}","{""rabbitmq"": ""running""}",1,desktop-control-plane,True,"{""desktop-control-plane"": true}"
2026-09-10T18:28:26.244Z,worker-5fc94dd887-hsctd,worker,Running,True,1,1,0,"{""worker"": 0}","{""worker"": ""running""}",1,desktop-control-plane,True,"{""desktop-control-plane"": true}"
2026-09-10T18:28:31.244Z,api-fd7cfdd89-lm2bq,api,Running,True,1,1,3,"{""api"": 3}","{""api"": ""running""}",1,desktop-control-plane,True,"{""desktop-control-plane"": true}"
2026-09-10T18:28:31.244Z,jaeger-7cc9b664cc-l7j8l,jaeger,Running,True,1,1,0,"{""jaeger"": 0}","{""jaeger"": ""running""}",1,desktop-control-plane,True,"{""desktop-control-plane"": true}"
2026-09-10T18:28:31.244Z,otel-collector-7c765745bf-kgnz4,otel-collector,Running,True,1,1,0,"{""otel-collector"": 0}","{""otel-collector"": ""running""}",1,desktop-control-plane,True,"{""desktop-control-plane"": true}"
2026-09-10T18:28:31.244Z,postgres-676cc4986c-d4nsp,postgres,Running,True,1,1,0,"{""postgres"": 0}","{""postgres"": ""running""}",1,desktop-control-plane,True,"{""desktop-control-plane"": true}"
2026-09-10T18:28:31.244Z,prometheus-59f5cf7468-5j5v2,prometheus,Running,True,1,1,0,"{""prometheus"": 0}","{""prometheus"": ""running""}",1,desktop-control-plane,True,"{""desktop-control-plane"": true}"
2026-09-10T18:28:31.244Z,rabbitmq-5cdf8f76b7-5w84p,rabbitmq,Running,True,1,1,0,"{""rabbitmq"": 0}","{""rabbitmq"": ""running""}",1,desktop-control-plane,True,"{""desktop-control-plane"": true}"
2026-09-10T18:28:31.244Z,worker-5fc94dd887-hsctd,worker,Running,True,1,1,0,"{""worker"": 0}","{""worker"": ""running""}",1,desktop-control-plane,True,"{""desktop-control-plane"": true}"
2026-09-10T18:28:36.245Z,api-fd7cfdd89-lm2bq,api,Running,True,1,1,3,"{""api"": 3}","{""api"": ""running""}",1,desktop-control-plane,True,"{""desktop-control-plane"": true}"
2026-09-10T18:28:36.245Z,jaeger-7cc9b664cc-l7j8l,jaeger,Running,True,1,1,0,"{""jaeger"": 0}","{""jaeger"": ""running""}",1,desktop-control-plane,True,"{""desktop-control-plane"": true}"
2026-09-10T18:28:36.245Z,otel-collector-7c765745bf-kgnz4,otel-collector,Running,True,1,1,0,"{""otel-collector"": 0}","{""otel-collector"": ""running""}",1,desktop-control-plane,True,"{""desktop-control-plane"": true}"
2026-09-10T18:28:36.245Z,postgres-676cc4986c-d4nsp,postgres,Running,True,1,1,0,"{""postgres"": 0}","{""postgres"": ""running""}",1,desktop-control-plane,True,"{""desktop-control-plane"": true}"
2026-09-10T18:28:36.245Z,prometheus-59f5cf7468-5j5v2,prometheus,Running,True,1,1,0,"{""prometheus"": 0}","{""prometheus"": ""running""}",1,desktop-control-plane,True,"{""desktop-control-plane"": true}"
2026-09-10T18:28:36.245Z,rabbitmq-5cdf8f76b7-5w84p,rabbitmq,Running,True,1,1,0,"{""rabbitmq"": 0}","{""rabbitmq"": ""running""}",1,desktop-control-plane,True,"{""desktop-control-plane"": true}"
2026-09-10T18:28:36.245Z,worker-5fc94dd887-hsctd,worker,Running,True,1,1,0,"{""worker"": 0}","{""worker"": ""running""}",1,desktop-control-plane,True,"{""desktop-control-plane"": true}"
2026-09-10T18:28:41.245Z,api-fd7cfdd89-lm2bq,api,Running,True,1,1,3,"{""api"": 3}","{""api"": ""running""}",1,desktop-control-plane,True,"{""desktop-control-plane"": true}"
2026-09-10T18:28:41.245Z,jaeger-7cc9b664cc-l7j8l,jaeger,Running,True,1,1,0,"{""jaeger"": 0}","{""jaeger"": ""running""}",1,desktop-control-plane,True,"{""desktop-control-plane"": true}"
2026-09-10T18:28:41.245Z,otel-collector-7c765745bf-kgnz4,otel-collector,Running,True,1,1,0,"{""otel-collector"": 0}","{""otel-collector"": ""running""}",1,desktop-control-plane,True,"{""desktop-control-plane"": true}"
2026-09-10T18:28:41.245Z,postgres-676cc4986c-d4nsp,postgres,Running,True,1,1,0,"{""postgres"": 0}","{""postgres"": ""running""}",1,desktop-control-plane,True,"{""desktop-control-plane"": true}"
2026-09-10T18:28:41.245Z,prometheus-59f5cf7468-5j5v2,prometheus,Running,True,1,1,0,"{""prometheus"": 0}","{""prometheus"": ""running""}",1,desktop-control-plane,True,"{""desktop-control-plane"": true}"
2026-09-10T18:28:41.245Z,rabbitmq-5cdf8f76b7-5w84p,rabbitmq,Running,True,1,1,0,"{""rabbitmq"": 0}","{""rabbitmq"": ""running""}",1,desktop-control-plane,True,"{""desktop-control-plane"": true}"
2026-09-10T18:28:41.245Z,worker-5fc94dd887-hsctd,worker,Running,True,1,1,0,"{""worker"": 0}","{""worker"": ""running""}",1,desktop-control-plane,True,"{""desktop-control-plane"": true}"
2026-09-10T18:28:46.245Z,api-fd7cfdd89-lm2bq,api,Running,True,1,1,3,"{""api"": 3}","{""api"": ""running""}",1,desktop-control-plane,True,"{""desktop-control-plane"": true}"
2026-09-10T18:28:46.245Z,jaeger-7cc9b664cc-l7j8l,jaeger,Running,True,1,1,0,"{""jaeger"": 0}","{""jaeger"": ""running""}",1,desktop-control-plane,True,"{""desktop-control-plane"": true}"
2026-09-10T18:28:46.245Z,otel-collector-7c765745bf-kgnz4,otel-collector,Running,True,1,1,0,"{""otel-collector"": 0}","{""otel-collector"": ""running""}",1,desktop-control-plane,True,"{""desktop-control-plane"": true}"
2026-09-10T18:28:46.245Z,postgres-676cc4986c-d4nsp,postgres,Running,True,1,1,0,"{""postgres"": 0}","{""postgres"": ""running""}",1,desktop-control-plane,True,"{""desktop-control-plane"": true}"
2026-09-10T18:28:46.245Z,prometheus-59f5cf7468-5j5v2,prometheus,Running,True,1,1,0,"{""prometheus"": 0}","{""prometheus"": ""running""}",1,desktop-control-plane,True,"{""desktop-control-plane"": true}"
2026-09-10T18:28:46.245Z,rabbitmq-5cdf8f76b7-5w84p,rabbitmq,Running,True,1,1,0,"{""rabbitmq"": 0}","{""rabbitmq"": ""running""}",1,desktop-control-plane,True,"{""desktop-control-plane"": true}"
2026-09-10T18:28:46.245Z,worker-5fc94dd887-hsctd,worker,Running,True,1,1,0,"{""worker"": 0}","{""worker"": ""running""}",1,desktop-control-plane,True,"{""desktop-control-plane"": true}"
2026-09-10T18:28:51.245Z,api-fd7cfdd89-lm2bq,api,Running,True,1,1,3,"{""api"": 3}","{""api"": ""running""}",1,desktop-control-plane,True,"{""desktop-control-plane"": true}"
2026-09-10T18:28:51.245Z,jaeger-7cc9b664cc-l7j8l,jaeger,Running,True,1,1,0,"{""jaeger"": 0}","{""jaeger"": ""running""}",1,desktop-control-plane,True,"{""desktop-control-plane"": true}"
2026-09-10T18:28:51.245Z,otel-collector-7c765745bf-kgnz4,otel-collector,Running,True,1,1,0,"{""otel-collector"": 0}","{""otel-collector"": ""running""}",1,desktop-control-plane,True,"{""desktop-control-plane"": true}"
2026-09-10T18:28:51.245Z,postgres-676cc4986c-d4nsp,postgres,Running,True,1,1,0,"{""postgres"": 0}","{""postgres"": ""running""}",1,desktop-control-plane,True,"{""desktop-control-plane"": true}"
2026-09-10T18:28:51.245Z,prometheus-59f5cf7468-5j5v2,prometheus,Running,True,1,1,0,"{""prometheus"": 0}","{""prometheus"": ""running""}",1,desktop-control-plane,True,"{""desktop-control-plane"": true}"
2026-09-10T18:28:51.245Z,rabbitmq-5cdf8f76b7-5w84p,rabbitmq,Running,True,1,1,0,"{""rabbitmq"": 0}","{""rabbitmq"": ""running""}",1,desktop-control-plane,True,"{""desktop-control-plane"": true}"
2026-09-10T18:28:51.245Z,worker-5fc94dd887-hsctd,worker,Running,True,1,1,0,"{""worker"": 0}","{""worker"": ""running""}",1,desktop-control-plane,True,"{""desktop-control-plane"": true}"
2026-09-10T18:28:56.246Z,api-fd7cfdd89-lm2bq,api,Running,True,1,1,3,"{""api"": 3}","{""api"": ""running""}",1,desktop-control-plane,True,"{""desktop-control-plane"": true}"
2026-09-10T18:28:56.246Z,jaeger-7cc9b664cc-l7j8l,jaeger,Running,True,1,1,0,"{""jaeger"": 0}","{""jaeger"": ""running""}",1,desktop-control-plane,True,"{""desktop-control-plane"": true}"
2026-09-10T18:28:56.246Z,otel-collector-7c765745bf-kgnz4,otel-collector,Running,True,1,1,0,"{""otel-collector"": 0}","{""otel-collector"": ""running""}",1,desktop-control-plane,True,"{""desktop-control-plane"": true}"
2026-09-10T18:28:56.246Z,postgres-676cc4986c-d4nsp,postgres,Running,True,1,1,0,"{""postgres"": 0}","{""postgres"": ""running""}",1,desktop-control-plane,True,"{""desktop-control-plane"": true}"
2026-09-10T18:28:56.246Z,prometheus-59f5cf7468-5j5v2,prometheus,Running,True,1,1,0,"{""prometheus"": 0}","{""prometheus"": ""running""}",1,desktop-control-plane,True,"{""desktop-control-plane"": true}"
2026-09-10T18:28:56.246Z,rabbitmq-5cdf8f76b7-5w84p,rabbitmq,Running,True,1,1,0,"{""rabbitmq"": 0}","{""rabbitmq"": ""running""}",1,desktop-control-plane,True,"{""desktop-control-plane"": true}"
2026-09-10T18:28:56.246Z,worker-5fc94dd887-hsctd,worker,Running,True,1,1,0,"{""worker"": 0}","{""worker"": ""running""}",1,desktop-control-plane,True,"{""desktop-control-plane"": true}"
2026-09-10T18:29:01.246Z,api-fd7cfdd89-lm2bq,api,Running,True,1,1,3,"{""api"": 3}","{""api"": ""running""}",1,desktop-control-plane,True,"{""desktop-control-plane"": true}"
2026-09-10T18:29:01.246Z,jaeger-7cc9b664cc-l7j8l,jaeger,Running,True,1,1,0,"{""jaeger"": 0}","{""jaeger"": ""running""}",1,desktop-control-plane,True,"{""desktop-control-plane"": true}"
2026-09-10T18:29:01.246Z,otel-collector-7c765745bf-kgnz4,otel-collector,Running,True,1,1,0,"{""otel-collector"": 0}","{""otel-collector"": ""running""}",1,desktop-control-plane,True,"{""desktop-control-plane"": true}"
2026-09-10T18:29:01.246Z,postgres-676cc4986c-d4nsp,postgres,Running,True,1,1,0,"{""postgres"": 0}","{""postgres"": ""running""}",1,desktop-control-plane,True,"{""desktop-control-plane"": true}"
2026-09-10T18:29:01.246Z,prometheus-59f5cf7468-5j5v2,prometheus,Running,True,1,1,0,"{""prometheus"": 0}","{""prometheus"": ""running""}",1,desktop-control-plane,True,"{""desktop-control-plane"": true}"
2026-09-10T18:29:01.246Z,rabbitmq-5cdf8f76b7-5w84p,rabbitmq,Running,True,1,1,0,"{""rabbitmq"": 0}","{""rabbitmq"": ""running""}",1,desktop-control-plane,True,"{""desktop-control-plane"": true}"
2026-09-10T18:29:01.246Z,worker-5fc94dd887-hsctd,worker,Running,True,1,1,0,"{""worker"": 0}","{""worker"": ""running""}",1,desktop-control-plane,True,"{""desktop-control-plane"": true}"
2026-09-10T18:29:06.246Z,api-fd7cfdd89-lm2bq,api,Running,True,1,1,3,"{""api"": 3}","{""api"": ""running""}",1,desktop-control-plane,True,"{""desktop-control-plane"": true}"
2026-09-10T18:29:06.246Z,jaeger-7cc9b664cc-l7j8l,jaeger,Running,True,1,1,0,"{""jaeger"": 0}","{""jaeger"": ""running""}",1,desktop-control-plane,True,"{""desktop-control-plane"": true}"
2026-09-10T18:29:06.246Z,otel-collector-7c765745bf-kgnz4,otel-collector,Running,True,1,1,0,"{""otel-collector"": 0}","{""otel-collector"": ""running""}",1,desktop-control-plane,True,"{""desktop-control-plane"": true}"
2026-09-10T18:29:06.246Z,postgres-676cc4986c-d4nsp,postgres,Running,True,1,1,0,"{""postgres"": 0}","{""postgres"": ""running""}",1,desktop-control-plane,True,"{""desktop-control-plane"": true}"
2026-09-10T18:29:06.246Z,prometheus-59f5cf7468-5j5v2,prometheus,Running,True,1,1,0,"{""prometheus"": 0}","{""prometheus"": ""running""}",1,desktop-control-plane,True,"{""desktop-control-plane"": true}"
2026-09-10T18:29:06.246Z,rabbitmq-5cdf8f76b7-5w84p,rabbitmq,Running,True,1,1,0,"{""rabbitmq"": 0}","{""rabbitmq"": ""running""}",1,desktop-control-plane,True,"{""desktop-control-plane"": true}"
2026-09-10T18:29:06.246Z,worker-5fc94dd887-hsctd,worker,Running,True,1,1,0,"{""worker"": 0}","{""worker"": ""running""}",1,desktop-control-plane,True,"{""desktop-control-plane"": true}"
2026-09-10T18:29:11.247Z,api-fd7cfdd89-lm2bq,api,Running,True,1,1,3,"{""api"": 3}","{""api"": ""running""}",1,desktop-control-plane,True,"{""desktop-control-plane"": true}"
2026-09-10T18:29:11.247Z,jaeger-7cc9b664cc-l7j8l,jaeger,Running,True,1,1,0,"{""jaeger"": 0}","{""jaeger"": ""running""}",1,desktop-control-plane,True,"{""desktop-control-plane"": true}"
2026-09-10T18:29:11.247Z,otel-collector-7c765745bf-kgnz4,otel-collector,Running,True,1,1,0,"{""otel-collector"": 0}","{""otel-collector"": ""running""}",1,desktop-control-plane,True,"{""desktop-control-plane"": true}"
2026-09-10T18:29:11.247Z,postgres-676cc4986c-d4nsp,postgres,Running,True,1,1,0,"{""postgres"": 0}","{""postgres"": ""running""}",1,desktop-control-plane,True,"{""desktop-control-plane"": true}"
2026-09-10T18:29:11.247Z,prometheus-59f5cf7468-5j5v2,prometheus,Running,True,1,1,0,"{""prometheus"": 0}","{""prometheus"": ""running""}",1,desktop-control-plane,True,"{""desktop-control-plane"": true}"
2026-09-10T18:29:11.247Z,rabbitmq-5cdf8f76b7-5w84p,rabbitmq,Running,True,1,1,0,"{""rabbitmq"": 0}","{""rabbitmq"": ""running""}",1,desktop-control-plane,True,"{""desktop-control-plane"": true}"
2026-09-10T18:29:11.247Z,worker-5fc94dd887-hsctd,worker,Running,True,1,1,0,"{""worker"": 0}","{""worker"": ""running""}",1,desktop-control-plane,True,"{""desktop-control-plane"": true}"
2026-09-10T18:29:16.247Z,api-fd7cfdd89-lm2bq,api,Running,True,1,1,3,"{""api"": 3}","{""api"": ""running""}",1,desktop-control-plane,True,"{""desktop-control-plane"": true}"
2026-09-10T18:29:16.247Z,jaeger-7cc9b664cc-l7j8l,jaeger,Running,True,1,1,0,"{""jaeger"": 0}","{""jaeger"": ""running""}",1,desktop-control-plane,True,"{""desktop-control-plane"": true}"
2026-09-10T18:29:16.247Z,otel-collector-7c765745bf-kgnz4,otel-collector,Running,True,1,1,0,"{""otel-collector"": 0}","{""otel-collector"": ""running""}",1,desktop-control-plane,True,"{""desktop-control-plane"": true}"
2026-09-10T18:29:16.247Z,postgres-676cc4986c-d4nsp,postgres,Running,True,1,1,0,"{""postgres"": 0}","{""postgres"": ""running""}",1,desktop-control-plane,True,"{""desktop-control-plane"": true}"
2026-09-10T18:29:16.247Z,prometheus-59f5cf7468-5j5v2,prometheus,Running,True,1,1,0,"{""prometheus"": 0}","{""prometheus"": ""running""}",1,desktop-control-plane,True,"{""desktop-control-plane"": true}"
2026-09-10T18:29:16.247Z,rabbitmq-5cdf8f76b7-5w84p,rabbitmq,Running,True,1,1,0,"{""rabbitmq"": 0}","{""rabbitmq"": ""running""}",1,desktop-control-plane,True,"{""desktop-control-plane"": true}"
2026-09-10T18:29:16.247Z,worker-5fc94dd887-hsctd,worker,Running,True,1,1,0,"{""worker"": 0}","{""worker"": ""running""}",1,desktop-control-plane,True,"{""desktop-control-plane"": true}"
2026-09-10T18:29:21.248Z,api-fd7cfdd89-lm2bq,api,Running,True,1,1,3,"{""api"": 3}","{""api"": ""running""}",1,desktop-control-plane,True,"{""desktop-control-plane"": true}"
2026-09-10T18:29:21.248Z,jaeger-7cc9b664cc-l7j8l,jaeger,Running,True,1,1,0,"{""jaeger"": 0}","{""jaeger"": ""running""}",1,desktop-control-plane,True,"{""desktop-control-plane"": true}"
2026-09-10T18:29:21.248Z,otel-collector-7c765745bf-kgnz4,otel-collector,Running,True,1,1,0,"{""otel-collector"": 0}","{""otel-collector"": ""running""}",1,desktop-control-plane,True,"{""desktop-control-plane"": true}"
2026-09-10T18:29:21.248Z,postgres-676cc4986c-d4nsp,postgres,Running,True,1,1,0,"{""postgres"": 0}","{""postgres"": ""running""}",1,desktop-control-plane,True,"{""desktop-control-plane"": true}"
2026-09-10T18:29:21.248Z,prometheus-59f5cf7468-5j5v2,prometheus,Running,True,1,1,0,"{""prometheus"": 0}","{""prometheus"": ""running""}",1,desktop-control-plane,True,"{""desktop-control-plane"": true}"
2026-09-10T18:29:21.248Z,rabbitmq-5cdf8f76b7-5w84p,rabbitmq,Running,True,1,1,0,"{""rabbitmq"": 0}","{""rabbitmq"": ""running""}",1,desktop-control-plane,True,"{""desktop-control-plane"": true}"
2026-09-10T18:29:21.248Z,worker-5fc94dd887-hsctd,worker,Running,True,1,1,0,"{""worker"": 0}","{""worker"": ""running""}",1,desktop-control-plane,True,"{""desktop-control-plane"": true}"
2026-09-10T18:29:26.248Z,api-fd7cfdd89-lm2bq,api,Running,True,1,1,3,"{""api"": 3}","{""api"": ""running""}",1,desktop-control-plane,True,"{""desktop-control-plane"": true}"
2026-09-10T18:29:26.248Z,jaeger-7cc9b664cc-l7j8l,jaeger,Running,True,1,1,0,"{""jaeger"": 0}","{""jaeger"": ""running""}",1,desktop-control-plane,True,"{""desktop-control-plane"": true}"
2026-09-10T18:29:26.248Z,otel-collector-7c765745bf-kgnz4,otel-collector,Running,True,1,1,0,"{""otel-collector"": 0}","{""otel-collector"": ""running""}",1,desktop-control-plane,True,"{""desktop-control-plane"": true}"
2026-09-10T18:29:26.248Z,postgres-676cc4986c-d4nsp,postgres,Running,True,1,1,0,"{""postgres"": 0}","{""postgres"": ""running""}",1,desktop-control-plane,True,"{""desktop-control-plane"": true}"
2026-09-10T18:29:26.248Z,prometheus-59f5cf7468-5j5v2,prometheus,Running,True,1,1,0,"{""prometheus"": 0}","{""prometheus"": ""running""}",1,desktop-control-plane,True,"{""desktop-control-plane"": true}"
2026-09-10T18:29:26.248Z,rabbitmq-5cdf8f76b7-5w84p,rabbitmq,Running,True,1,1,0,"{""rabbitmq"": 0}","{""rabbitmq"": ""running""}",1,desktop-control-plane,True,"{""desktop-control-plane"": true}"
2026-09-10T18:29:26.248Z,worker-5fc94dd887-hsctd,worker,Running,True,1,1,0,"{""worker"": 0}","{""worker"": ""running""}",1,desktop-control-plane,True,"{""desktop-control-plane"": true}"
2026-09-10T18:29:31.248Z,api-fd7cfdd89-lm2bq,api,Running,True,1,1,3,"{""api"": 3}","{""api"": ""running""}",1,desktop-control-plane,True,"{""desktop-control-plane"": true}"
2026-09-10T18:29:31.248Z,jaeger-7cc9b664cc-l7j8l,jaeger,Running,True,1,1,0,"{""jaeger"": 0}","{""jaeger"": ""running""}",1,desktop-control-plane,True,"{""desktop-control-plane"": true}"
2026-09-10T18:29:31.248Z,otel-collector-7c765745bf-kgnz4,otel-collector,Running,True,1,1,0,"{""otel-collector"": 0}","{""otel-collector"": ""running""}",1,desktop-control-plane,True,"{""desktop-control-plane"": true}"
2026-09-10T18:29:31.248Z,postgres-676cc4986c-d4nsp,postgres,Running,True,1,1,0,"{""postgres"": 0}","{""postgres"": ""running""}",1,desktop-control-plane,True,"{""desktop-control-plane"": true}"
2026-09-10T18:29:31.248Z,prometheus-59f5cf7468-5j5v2,prometheus,Running,True,1,1,0,"{""prometheus"": 0}","{""prometheus"": ""running""}",1,desktop-control-plane,True,"{""desktop-control-plane"": true}"
2026-09-10T18:29:31.248Z,rabbitmq-5cdf8f76b7-5w84p,rabbitmq,Running,True,1,1,0,"{""rabbitmq"": 0}","{""rabbitmq"": ""running""}",1,desktop-control-plane,True,"{""desktop-control-plane"": true}"
2026-09-10T18:29:31.248Z,worker-5fc94dd887-hsctd,worker,Running,True,1,1,0,"{""worker"": 0}","{""worker"": ""running""}",1,desktop-control-plane,True,"{""desktop-control-plane"": true}"
2026-09-10T18:29:36.249Z,api-fd7cfdd89-lm2bq,api,Running,True,1,1,3,"{""api"": 3}","{""api"": ""running""}",1,desktop-control-plane,True,"{""desktop-control-plane"": true}"
2026-09-10T18:29:36.249Z,jaeger-7cc9b664cc-l7j8l,jaeger,Running,True,1,1,0,"{""jaeger"": 0}","{""jaeger"": ""running""}",1,desktop-control-plane,True,"{""desktop-control-plane"": true}"
2026-09-10T18:29:36.249Z,otel-collector-7c765745bf-kgnz4,otel-collector,Running,True,1,1,0,"{""otel-collector"": 0}","{""otel-collector"": ""running""}",1,desktop-control-plane,True,"{""desktop-control-plane"": true}"
2026-09-10T18:29:36.249Z,postgres-676cc4986c-d4nsp,postgres,Running,True,1,1,0,"{""postgres"": 0}","{""postgres"": ""running""}",1,desktop-control-plane,True,"{""desktop-control-plane"": true}"
2026-09-10T18:29:36.249Z,prometheus-59f5cf7468-5j5v2,prometheus,Running,True,1,1,0,"{""prometheus"": 0}","{""prometheus"": ""running""}",1,desktop-control-plane,True,"{""desktop-control-plane"": true}"
2026-09-10T18:29:36.249Z,rabbitmq-5cdf8f76b7-5w84p,rabbitmq,Running,True,1,1,0,"{""rabbitmq"": 0}","{""rabbitmq"": ""running""}",1,desktop-control-plane,True,"{""desktop-control-plane"": true}"
2026-09-10T18:29:36.249Z,worker-5fc94dd887-hsctd,worker,Running,True,1,1,0,"{""worker"": 0}","{""worker"": ""running""}",1,desktop-control-plane,True,"{""desktop-control-plane"": true}"
2026-09-10T18:29:41.249Z,api-fd7cfdd89-lm2bq,api,Running,True,1,1,3,"{""api"": 3}","{""api"": ""running""}",1,desktop-control-plane,True,"{""desktop-control-plane"": true}"
2026-09-10T18:29:41.249Z,jaeger-7cc9b664cc-l7j8l,jaeger,Running,True,1,1,0,"{""jaeger"": 0}","{""jaeger"": ""running""}",1,desktop-control-plane,True,"{""desktop-control-plane"": true}"
2026-09-10T18:29:41.249Z,otel-collector-7c765745bf-kgnz4,otel-collector,Running,True,1,1,0,"{""otel-collector"": 0}","{""otel-collector"": ""running""}",1,desktop-control-plane,True,"{""desktop-control-plane"": true}"
2026-09-10T18:29:41.249Z,postgres-676cc4986c-d4nsp,postgres,Running,True,1,1,0,"{""postgres"": 0}","{""postgres"": ""running""}",1,desktop-control-plane,True,"{""desktop-control-plane"": true}"
2026-09-10T18:29:41.249Z,prometheus-59f5cf7468-5j5v2,prometheus,Running,True,1,1,0,"{""prometheus"": 0}","{""prometheus"": ""running""}",1,desktop-control-plane,True,"{""desktop-control-plane"": true}"
2026-09-10T18:29:41.249Z,rabbitmq-5cdf8f76b7-5w84p,rabbitmq,Running,True,1,1,0,"{""rabbitmq"": 0}","{""rabbitmq"": ""running""}",1,desktop-control-plane,True,"{""desktop-control-plane"": true}"
2026-09-10T18:29:41.249Z,worker-5fc94dd887-hsctd,worker,Running,True,1,1,0,"{""worker"": 0}","{""worker"": ""running""}",1,desktop-control-plane,True,"{""desktop-control-plane"": true}"
2026-09-10T18:29:46.249Z,api-fd7cfdd89-lm2bq,api,Running,True,1,1,3,"{""api"": 3}","{""api"": ""running""}",1,desktop-control-plane,True,"{""desktop-control-plane"": true}"
2026-09-10T18:29:46.249Z,jaeger-7cc9b664cc-l7j8l,jaeger,Running,True,1,1,0,"{""jaeger"": 0}","{""jaeger"": ""running""}",1,desktop-control-plane,True,"{""desktop-control-plane"": true}"
2026-09-10T18:29:46.249Z,otel-collector-7c765745bf-kgnz4,otel-collector,Running,True,1,1,0,"{""otel-collector"": 0}","{""otel-collector"": ""running""}",1,desktop-control-plane,True,"{""desktop-control-plane"": true}"
2026-09-10T18:29:46.249Z,postgres-676cc4986c-d4nsp,postgres,Running,True,1,1,0,"{""postgres"": 0}","{""postgres"": ""running""}",1,desktop-control-plane,True,"{""desktop-control-plane"": true}"
2026-09-10T18:29:46.249Z,prometheus-59f5cf7468-5j5v2,prometheus,Running,True,1,1,0,"{""prometheus"": 0}","{""prometheus"": ""running""}",1,desktop-control-plane,True,"{""desktop-control-plane"": true}"
2026-09-10T18:29:46.249Z,rabbitmq-5cdf8f76b7-5w84p,rabbitmq,Running,True,1,1,0,"{""rabbitmq"": 0}","{""rabbitmq"": ""running""}",1,desktop-control-plane,True,"{""desktop-control-plane"": true}"
2026-09-10T18:29:46.249Z,worker-5fc94dd887-hsctd,worker,Running,True,1,1,0,"{""worker"": 0}","{""worker"": ""running""}",1,desktop-control-plane,True,"{""desktop-control-plane"": true}"
2026-09-10T18:29:51.250Z,api-fd7cfdd89-lm2bq,api,Running,True,1,1,3,"{""api"": 3}","{""api"": ""running""}",1,desktop-control-plane,True,"{""desktop-control-plane"": true}"
2026-09-10T18:29:51.250Z,jaeger-7cc9b664cc-l7j8l,jaeger,Running,True,1,1,0,"{""jaeger"": 0}","{""jaeger"": ""running""}",1,desktop-control-plane,True,"{""desktop-control-plane"": true}"
2026-09-10T18:29:51.250Z,otel-collector-7c765745bf-kgnz4,otel-collector,Running,True,1,1,0,"{""otel-collector"": 0}","{""otel-collector"": ""running""}",1,desktop-control-plane,True,"{""desktop-control-plane"": true}"
2026-09-10T18:29:51.250Z,postgres-676cc4986c-d4nsp,postgres,Running,True,1,1,0,"{""postgres"": 0}","{""postgres"": ""running""}",1,desktop-control-plane,True,"{""desktop-control-plane"": true}"
2026-09-10T18:29:51.250Z,prometheus-59f5cf7468-5j5v2,prometheus,Running,True,1,1,0,"{""prometheus"": 0}","{""prometheus"": ""running""}",1,desktop-control-plane,True,"{""desktop-control-plane"": true}"
2026-09-10T18:29:51.250Z,rabbitmq-5cdf8f76b7-5w84p,rabbitmq,Running,True,1,1,0,"{""rabbitmq"": 0}","{""rabbitmq"": ""running""}",1,desktop-control-plane,True,"{""desktop-control-plane"": true}"
2026-09-10T18:29:51.250Z,worker-5fc94dd887-hsctd,worker,Running,True,1,1,0,"{""worker"": 0}","{""worker"": ""running""}",1,desktop-control-plane,True,"{""desktop-control-plane"": true}"
2026-09-10T18:29:56.250Z,api-fd7cfdd89-lm2bq,api,Running,True,1,1,3,"{""api"": 3}","{""api"": ""running""}",1,desktop-control-plane,True,"{""desktop-control-plane"": true}"
2026-09-10T18:29:56.250Z,jaeger-7cc9b664cc-l7j8l,jaeger,Running,True,1,1,0,"{""jaeger"": 0}","{""jaeger"": ""running""}",1,desktop-control-plane,True,"{""desktop-control-plane"": true}"
2026-09-10T18:29:56.250Z,otel-collector-7c765745bf-kgnz4,otel-collector,Running,True,1,1,0,"{""otel-collector"": 0}","{""otel-collector"": ""running""}",1,desktop-control-plane,True,"{""desktop-control-plane"": true}"
2026-09-10T18:29:56.250Z,postgres-676cc4986c-d4nsp,postgres,Running,True,1,1,0,"{""postgres"": 0}","{""postgres"": ""running""}",1,desktop-control-plane,True,"{""desktop-control-plane"": true}"
2026-09-10T18:29:56.250Z,prometheus-59f5cf7468-5j5v2,prometheus,Running,True,1,1,0,"{""prometheus"": 0}","{""prometheus"": ""running""}",1,desktop-control-plane,True,"{""desktop-control-plane"": true}"
2026-09-10T18:29:56.250Z,rabbitmq-5cdf8f76b7-5w84p,rabbitmq,Running,True,1,1,0,"{""rabbitmq"": 0}","{""rabbitmq"": ""running""}",1,desktop-control-plane,True,"{""desktop-control-plane"": true}"
2026-09-10T18:29:56.250Z,worker-5fc94dd887-hsctd,worker,Running,True,1,1,0,"{""worker"": 0}","{""worker"": ""running""}",1,desktop-control-plane,True,"{""desktop-control-plane"": true}"
2026-09-10T18:30:01.251Z,api-fd7cfdd89-lm2bq,api,Running,True,1,1,3,"{""api"": 3}","{""api"": ""running""}",1,desktop-control-plane,True,"{""desktop-control-plane"": true}"
2026-09-10T18:30:01.251Z,jaeger-7cc9b664cc-l7j8l,jaeger,Running,True,1,1,0,"{""jaeger"": 0}","{""jaeger"": ""running""}",1,desktop-control-plane,True,"{""desktop-control-plane"": true}"
2026-09-10T18:30:01.251Z,otel-collector-7c765745bf-kgnz4,otel-collector,Running,True,1,1,0,"{""otel-collector"": 0}","{""otel-collector"": ""running""}",1,desktop-control-plane,True,"{""desktop-control-plane"": true}"
2026-09-10T18:30:01.251Z,postgres-676cc4986c-d4nsp,postgres,Running,True,1,1,0,"{""postgres"": 0}","{""postgres"": ""running""}",1,desktop-control-plane,True,"{""desktop-control-plane"": true}"
2026-09-10T18:30:01.251Z,prometheus-59f5cf7468-5j5v2,prometheus,Running,True,1,1,0,"{""prometheus"": 0}","{""prometheus"": ""running""}",1,desktop-control-plane,True,"{""desktop-control-plane"": true}"
2026-09-10T18:30:01.251Z,rabbitmq-5cdf8f76b7-5w84p,rabbitmq,Running,True,1,1,0,"{""rabbitmq"": 0}","{""rabbitmq"": ""running""}",1,desktop-control-plane,True,"{""desktop-control-plane"": true}"
2026-09-10T18:30:01.251Z,worker-5fc94dd887-hsctd,worker,Running,True,1,1,0,"{""worker"": 0}","{""worker"": ""running""}",1,desktop-control-plane,True,"{""desktop-control-plane"": true}"
2026-09-10T18:30:06.251Z,api-fd7cfdd89-lm2bq,api,Running,True,1,1,3,"{""api"": 3}","{""api"": ""running""}",1,desktop-control-plane,True,"{""desktop-control-plane"": true}"
2026-09-10T18:30:06.251Z,jaeger-7cc9b664cc-l7j8l,jaeger,Running,True,1,1,0,"{""jaeger"": 0}","{""jaeger"": ""running""}",1,desktop-control-plane,True,"{""desktop-control-plane"": true}"
2026-09-10T18:30:06.251Z,otel-collector-7c765745bf-kgnz4,otel-collector,Running,True,1,1,0,"{""otel-collector"": 0}","{""otel-collector"": ""running""}",1,desktop-control-plane,True,"{""desktop-control-plane"": true}"
2026-09-10T18:30:06.251Z,postgres-676cc4986c-d4nsp,postgres,Running,True,1,1,0,"{""postgres"": 0}","{""postgres"": ""running""}",1,desktop-control-plane,True,"{""desktop-control-plane"": true}"
2026-09-10T18:30:06.251Z,prometheus-59f5cf7468-5j5v2,prometheus,Running,True,1,1,0,"{""prometheus"": 0}","{""prometheus"": ""running""}",1,desktop-control-plane,True,"{""desktop-control-plane"": true}"
2026-09-10T18:30:06.251Z,rabbitmq-5cdf8f76b7-5w84p,rabbitmq,Running,True,1,1,0,"{""rabbitmq"": 0}","{""rabbitmq"": ""running""}",1,desktop-control-plane,True,"{""desktop-control-plane"": true}"
2026-09-10T18:30:06.251Z,worker-5fc94dd887-hsctd,worker,Running,True,1,1,0,"{""worker"": 0}","{""worker"": ""running""}",1,desktop-control-plane,True,"{""desktop-control-plane"": true}"
2026-09-10T18:30:11.251Z,api-fd7cfdd89-lm2bq,api,Running,True,1,1,3,"{""api"": 3}","{""api"": ""running""}",1,desktop-control-plane,True,"{""desktop-control-plane"": true}"
2026-09-10T18:30:11.251Z,jaeger-7cc9b664cc-l7j8l,jaeger,Running,True,1,1,0,"{""jaeger"": 0}","{""jaeger"": ""running""}",1,desktop-control-plane,True,"{""desktop-control-plane"": true}"
2026-09-10T18:30:11.251Z,otel-collector-7c765745bf-kgnz4,otel-collector,Running,True,1,1,0,"{""otel-collector"": 0}","{""otel-collector"": ""running""}",1,desktop-control-plane,True,"{""desktop-control-plane"": true}"
2026-09-10T18:30:11.251Z,postgres-676cc4986c-d4nsp,postgres,Running,True,1,1,0,"{""postgres"": 0}","{""postgres"": ""running""}",1,desktop-control-plane,True,"{""desktop-control-plane"": true}"
2026-09-10T18:30:11.251Z,prometheus-59f5cf7468-5j5v2,prometheus,Running,True,1,1,0,"{""prometheus"": 0}","{""prometheus"": ""running""}",1,desktop-control-plane,True,"{""desktop-control-plane"": true}"
2026-09-10T18:30:11.251Z,rabbitmq-5cdf8f76b7-5w84p,rabbitmq,Running,True,1,1,0,"{""rabbitmq"": 0}","{""rabbitmq"": ""running""}",1,desktop-control-plane,True,"{""desktop-control-plane"": true}"
2026-09-10T18:30:11.251Z,worker-5fc94dd887-hsctd,worker,Running,True,1,1,0,"{""worker"": 0}","{""worker"": ""running""}",1,desktop-control-plane,True,"{""desktop-control-plane"": true}"
2026-09-10T18:30:16.252Z,api-fd7cfdd89-lm2bq,api,Running,True,1,1,3,"{""api"": 3}","{""api"": ""running""}",1,desktop-control-plane,True,"{""desktop-control-plane"": true}"
2026-09-10T18:30:16.252Z,jaeger-7cc9b664cc-l7j8l,jaeger,Running,True,1,1,0,"{""jaeger"": 0}","{""jaeger"": ""running""}",1,desktop-control-plane,True,"{""desktop-control-plane"": true}"
2026-09-10T18:30:16.252Z,otel-collector-7c765745bf-kgnz4,otel-collector,Running,True,1,1,0,"{""otel-collector"": 0}","{""otel-collector"": ""running""}",1,desktop-control-plane,True,"{""desktop-control-plane"": true}"
2026-09-10T18:30:16.252Z,postgres-676cc4986c-d4nsp,postgres,Running,True,1,1,0,"{""postgres"": 0}","{""postgres"": ""running""}",1,desktop-control-plane,True,"{""desktop-control-plane"": true}"
2026-09-10T18:30:16.252Z,prometheus-59f5cf7468-5j5v2,prometheus,Running,True,1,1,0,"{""prometheus"": 0}","{""prometheus"": ""running""}",1,desktop-control-plane,True,"{""desktop-control-plane"": true}"
2026-09-10T18:30:16.252Z,rabbitmq-5cdf8f76b7-5w84p,rabbitmq,Running,True,1,1,0,"{""rabbitmq"": 0}","{""rabbitmq"": ""running""}",1,desktop-control-plane,True,"{""desktop-control-plane"": true}"
2026-09-10T18:30:16.252Z,worker-5fc94dd887-hsctd,worker,Running,True,1,1,0,"{""worker"": 0}","{""worker"": ""running""}",1,desktop-control-plane,True,"{""desktop-control-plane"": true}"
2026-09-10T18:30:21.252Z,api-fd7cfdd89-lm2bq,api,Running,True,1,1,3,"{""api"": 3}","{""api"": ""running""}",1,desktop-control-plane,True,"{""desktop-control-plane"": true}"
2026-09-10T18:30:21.252Z,jaeger-7cc9b664cc-l7j8l,jaeger,Running,True,1,1,0,"{""jaeger"": 0}","{""jaeger"": ""running""}",1,desktop-control-plane,True,"{""desktop-control-plane"": true}"
2026-09-10T18:30:21.252Z,otel-collector-7c765745bf-kgnz4,otel-collector,Running,True,1,1,0,"{""otel-collector"": 0}","{""otel-collector"": ""running""}",1,desktop-control-plane,True,"{""desktop-control-plane"": true}"
2026-09-10T18:30:21.252Z,postgres-676cc4986c-d4nsp,postgres,Running,True,1,1,0,"{""postgres"": 0}","{""postgres"": ""running""}",1,desktop-control-plane,True,"{""desktop-control-plane"": true}"
2026-09-10T18:30:21.252Z,prometheus-59f5cf7468-5j5v2,prometheus,Running,True,1,1,0,"{""prometheus"": 0}","{""prometheus"": ""running""}",1,desktop-control-plane,True,"{""desktop-control-plane"": true}"
2026-09-10T18:30:21.252Z,rabbitmq-5cdf8f76b7-5w84p,rabbitmq,Running,True,1,1,0,"{""rabbitmq"": 0}","{""rabbitmq"": ""running""}",1,desktop-control-plane,True,"{""desktop-control-plane"": true}"
2026-09-10T18:30:21.252Z,worker-5fc94dd887-hsctd,worker,Running,True,1,1,0,"{""worker"": 0}","{""worker"": ""running""}",1,desktop-control-plane,True,"{""desktop-control-plane"": true}"
2026-09-10T18:30:26.252Z,api-fd7cfdd89-lm2bq,api,Running,True,1,1,3,"{""api"": 3}","{""api"": ""running""}",1,desktop-control-plane,True,"{""desktop-control-plane"": true}"
2026-09-10T18:30:26.252Z,jaeger-7cc9b664cc-l7j8l,jaeger,Running,True,1,1,0,"{""jaeger"": 0}","{""jaeger"": ""running""}",1,desktop-control-plane,True,"{""desktop-control-plane"": true}"
2026-09-10T18:30:26.252Z,otel-collector-7c765745bf-kgnz4,otel-collector,Running,True,1,1,0,"{""otel-collector"": 0}","{""otel-collector"": ""running""}",1,desktop-control-plane,True,"{""desktop-control-plane"": true}"
2026-09-10T18:30:26.252Z,postgres-676cc4986c-d4nsp,postgres,Running,True,1,1,0,"{""postgres"": 0}","{""postgres"": ""running""}",1,desktop-control-plane,True,"{""desktop-control-plane"": true}"
2026-09-10T18:30:26.252Z,prometheus-59f5cf7468-5j5v2,prometheus,Running,True,1,1,0,"{""prometheus"": 0}","{""prometheus"": ""running""}",1,desktop-control-plane,True,"{""desktop-control-plane"": true}"
2026-09-10T18:30:26.252Z,rabbitmq-5cdf8f76b7-5w84p,rabbitmq,Running,True,1,1,0,"{""rabbitmq"": 0}","{""rabbitmq"": ""running""}",1,desktop-control-plane,True,"{""desktop-control-plane"": true}"
2026-09-10T18:30:26.252Z,worker-5fc94dd887-hsctd,worker,Running,True,1,1,0,"{""worker"": 0}","{""worker"": ""running""}",1,desktop-control-plane,True,"{""desktop-control-plane"": true}"
2026-09-10T18:30:31.253Z,api-fd7cfdd89-lm2bq,api,Running,True,1,1,3,"{""api"": 3}","{""api"": ""running""}",1,desktop-control-plane,True,"{""desktop-control-plane"": true}"
2026-09-10T18:30:31.253Z,jaeger-7cc9b664cc-l7j8l,jaeger,Running,True,1,1,0,"{""jaeger"": 0}","{""jaeger"": ""running""}",1,desktop-control-plane,True,"{""desktop-control-plane"": true}"
2026-09-10T18:30:31.253Z,otel-collector-7c765745bf-kgnz4,otel-collector,Running,True,1,1,0,"{""otel-collector"": 0}","{""otel-collector"": ""running""}",1,desktop-control-plane,True,"{""desktop-control-plane"": true}"
2026-09-10T18:30:31.253Z,postgres-676cc4986c-d4nsp,postgres,Running,True,1,1,0,"{""postgres"": 0}","{""postgres"": ""running""}",1,desktop-control-plane,True,"{""desktop-control-plane"": true}"
2026-09-10T18:30:31.253Z,prometheus-59f5cf7468-5j5v2,prometheus,Running,True,1,1,0,"{""prometheus"": 0}","{""prometheus"": ""running""}",1,desktop-control-plane,True,"{""desktop-control-plane"": true}"
2026-09-10T18:30:31.253Z,rabbitmq-5cdf8f76b7-5w84p,rabbitmq,Running,True,1,1,0,"{""rabbitmq"": 0}","{""rabbitmq"": ""running""}",1,desktop-control-plane,True,"{""desktop-control-plane"": true}"
2026-09-10T18:30:31.253Z,worker-5fc94dd887-hsctd,worker,Running,True,1,1,0,"{""worker"": 0}","{""worker"": ""running""}",1,desktop-control-plane,True,"{""desktop-control-plane"": true}"
2026-09-10T18:30:36.254Z,api-fd7cfdd89-lm2bq,api,Running,True,1,1,3,"{""api"": 3}","{""api"": ""running""}",1,desktop-control-plane,True,"{""desktop-control-plane"": true}"
2026-09-10T18:30:36.254Z,jaeger-7cc9b664cc-l7j8l,jaeger,Running,True,1,1,0,"{""jaeger"": 0}","{""jaeger"": ""running""}",1,desktop-control-plane,True,"{""desktop-control-plane"": true}"
2026-09-10T18:30:36.254Z,otel-collector-7c765745bf-kgnz4,otel-collector,Running,True,1,1,0,"{""otel-collector"": 0}","{""otel-collector"": ""running""}",1,desktop-control-plane,True,"{""desktop-control-plane"": true}"
2026-09-10T18:30:36.254Z,postgres-676cc4986c-d4nsp,postgres,Running,True,1,1,0,"{""postgres"": 0}","{""postgres"": ""running""}",1,desktop-control-plane,True,"{""desktop-control-plane"": true}"
2026-09-10T18:30:36.254Z,prometheus-59f5cf7468-5j5v2,prometheus,Running,True,1,1,0,"{""prometheus"": 0}","{""prometheus"": ""running""}",1,desktop-control-plane,True,"{""desktop-control-plane"": true}"
2026-09-10T18:30:36.254Z,rabbitmq-5cdf8f76b7-5w84p,rabbitmq,Running,True,1,1,0,"{""rabbitmq"": 0}","{""rabbitmq"": ""running""}",1,desktop-control-plane,True,"{""desktop-control-plane"": true}"
2026-09-10T18:30:36.254Z,worker-5fc94dd887-hsctd,worker,Running,True,1,1,0,"{""worker"": 0}","{""worker"": ""running""}",1,desktop-control-plane,True,"{""desktop-control-plane"": true}"
2026-09-10T18:30:41.254Z,api-fd7cfdd89-lm2bq,api,Running,True,1,1,3,"{""api"": 3}","{""api"": ""running""}",1,desktop-control-plane,True,"{""desktop-control-plane"": true}"
2026-09-10T18:30:41.254Z,jaeger-7cc9b664cc-l7j8l,jaeger,Running,True,1,1,0,"{""jaeger"": 0}","{""jaeger"": ""running""}",1,desktop-control-plane,True,"{""desktop-control-plane"": true}"
2026-09-10T18:30:41.254Z,otel-collector-7c765745bf-kgnz4,otel-collector,Running,True,1,1,0,"{""otel-collector"": 0}","{""otel-collector"": ""running""}",1,desktop-control-plane,True,"{""desktop-control-plane"": true}"
2026-09-10T18:30:41.254Z,postgres-676cc4986c-d4nsp,postgres,Running,True,1,1,0,"{""postgres"": 0}","{""postgres"": ""running""}",1,desktop-control-plane,True,"{""desktop-control-plane"": true}"
2026-09-10T18:30:41.254Z,prometheus-59f5cf7468-5j5v2,prometheus,Running,True,1,1,0,"{""prometheus"": 0}","{""prometheus"": ""running""}",1,desktop-control-plane,True,"{""desktop-control-plane"": true}"
2026-09-10T18:30:41.254Z,rabbitmq-5cdf8f76b7-5w84p,rabbitmq,Running,True,1,1,0,"{""rabbitmq"": 0}","{""rabbitmq"": ""running""}",1,desktop-control-plane,True,"{""desktop-control-plane"": true}"
2026-09-10T18:30:41.254Z,worker-5fc94dd887-hsctd,worker,Running,True,1,1,0,"{""worker"": 0}","{""worker"": ""running""}",1,desktop-control-plane,True,"{""desktop-control-plane"": true}"
2026-09-10T18:30:46.254Z,api-fd7cfdd89-lm2bq,api,Running,True,1,1,3,"{""api"": 3}","{""api"": ""running""}",1,desktop-control-plane,True,"{""desktop-control-plane"": true}"
2026-09-10T18:30:46.254Z,jaeger-7cc9b664cc-l7j8l,jaeger,Running,True,1,1,0,"{""jaeger"": 0}","{""jaeger"": ""running""}",1,desktop-control-plane,True,"{""desktop-control-plane"": true}"
2026-09-10T18:30:46.254Z,otel-collector-7c765745bf-kgnz4,otel-collector,Running,True,1,1,0,"{""otel-collector"": 0}","{""otel-collector"": ""running""}",1,desktop-control-plane,True,"{""desktop-control-plane"": true}"
2026-09-10T18:30:46.254Z,postgres-676cc4986c-d4nsp,postgres,Running,True,1,1,0,"{""postgres"": 0}","{""postgres"": ""running""}",1,desktop-control-plane,True,"{""desktop-control-plane"": true}"
2026-09-10T18:30:46.254Z,prometheus-59f5cf7468-5j5v2,prometheus,Running,True,1,1,0,"{""prometheus"": 0}","{""prometheus"": ""running""}",1,desktop-control-plane,True,"{""desktop-control-plane"": true}"
2026-09-10T18:30:46.254Z,rabbitmq-5cdf8f76b7-5w84p,rabbitmq,Running,True,1,1,0,"{""rabbitmq"": 0}","{""rabbitmq"": ""running""}",1,desktop-control-plane,True,"{""desktop-control-plane"": true}"
2026-09-10T18:30:46.254Z,worker-5fc94dd887-hsctd,worker,Running,True,1,1,0,"{""worker"": 0}","{""worker"": ""running""}",1,desktop-control-plane,True,"{""desktop-control-plane"": true}"
2026-09-10T18:30:51.255Z,api-fd7cfdd89-lm2bq,api,Running,True,1,1,3,"{""api"": 3}","{""api"": ""running""}",1,desktop-control-plane,True,"{""desktop-control-plane"": true}"
2026-09-10T18:30:51.255Z,jaeger-7cc9b664cc-l7j8l,jaeger,Running,True,1,1,0,"{""jaeger"": 0}","{""jaeger"": ""running""}",1,desktop-control-plane,True,"{""desktop-control-plane"": true}"
2026-09-10T18:30:51.255Z,otel-collector-7c765745bf-kgnz4,otel-collector,Running,True,1,1,0,"{""otel-collector"": 0}","{""otel-collector"": ""running""}",1,desktop-control-plane,True,"{""desktop-control-plane"": true}"
2026-09-10T18:30:51.255Z,postgres-676cc4986c-d4nsp,postgres,Running,True,1,1,0,"{""postgres"": 0}","{""postgres"": ""running""}",1,desktop-control-plane,True,"{""desktop-control-plane"": true}"
2026-09-10T18:30:51.255Z,prometheus-59f5cf7468-5j5v2,prometheus,Running,True,1,1,0,"{""prometheus"": 0}","{""prometheus"": ""running""}",1,desktop-control-plane,True,"{""desktop-control-plane"": true}"
2026-09-10T18:30:51.255Z,rabbitmq-5cdf8f76b7-5w84p,rabbitmq,Running,True,1,1,0,"{""rabbitmq"": 0}","{""rabbitmq"": ""running""}",1,desktop-control-plane,True,"{""desktop-control-plane"": true}"
2026-09-10T18:30:51.255Z,worker-5fc94dd887-hsctd,worker,Running,True,1,1,0,"{""worker"": 0}","{""worker"": ""running""}",1,desktop-control-plane,True,"{""desktop-control-plane"": true}"
2026-09-10T18:30:56.255Z,api-fd7cfdd89-lm2bq,api,Running,True,1,1,3,"{""api"": 3}","{""api"": ""running""}",1,desktop-control-plane,True,"{""desktop-control-plane"": true}"
2026-09-10T18:30:56.255Z,jaeger-7cc9b664cc-l7j8l,jaeger,Running,True,1,1,0,"{""jaeger"": 0}","{""jaeger"": ""running""}",1,desktop-control-plane,True,"{""desktop-control-plane"": true}"
2026-09-10T18:30:56.255Z,otel-collector-7c765745bf-kgnz4,otel-collector,Running,True,1,1,0,"{""otel-collector"": 0}","{""otel-collector"": ""running""}",1,desktop-control-plane,True,"{""desktop-control-plane"": true}"
2026-09-10T18:30:56.255Z,postgres-676cc4986c-d4nsp,postgres,Running,True,1,1,0,"{""postgres"": 0}","{""postgres"": ""running""}",1,desktop-control-plane,True,"{""desktop-control-plane"": true}"
2026-09-10T18:30:56.255Z,prometheus-59f5cf7468-5j5v2,prometheus,Running,True,1,1,0,"{""prometheus"": 0}","{""prometheus"": ""running""}",1,desktop-control-plane,True,"{""desktop-control-plane"": true}"
2026-09-10T18:30:56.255Z,rabbitmq-5cdf8f76b7-5w84p,rabbitmq,Running,True,1,1,0,"{""rabbitmq"": 0}","{""rabbitmq"": ""running""}",1,desktop-control-plane,True,"{""desktop-control-plane"": true}"
2026-09-10T18:30:56.255Z,worker-5fc94dd887-hsctd,worker,Running,True,1,1,0,"{""worker"": 0}","{""worker"": ""running""}",1,desktop-control-plane,True,"{""desktop-control-plane"": true}"
2026-09-10T18:31:01.256Z,api-fd7cfdd89-lm2bq,api,Running,True,1,1,3,"{""api"": 3}","{""api"": ""running""}",1,desktop-control-plane,True,"{""desktop-control-plane"": true}"
2026-09-10T18:31:01.256Z,jaeger-7cc9b664cc-l7j8l,jaeger,Running,True,1,1,0,"{""jaeger"": 0}","{""jaeger"": ""running""}",1,desktop-control-plane,True,"{""desktop-control-plane"": true}"
2026-09-10T18:31:01.256Z,otel-collector-7c765745bf-kgnz4,otel-collector,Running,True,1,1,0,"{""otel-collector"": 0}","{""otel-collector"": ""running""}",1,desktop-control-plane,True,"{""desktop-control-plane"": true}"
2026-09-10T18:31:01.256Z,postgres-676cc4986c-d4nsp,postgres,Running,True,1,1,0,"{""postgres"": 0}","{""postgres"": ""running""}",1,desktop-control-plane,True,"{""desktop-control-plane"": true}"
2026-09-10T18:31:01.256Z,prometheus-59f5cf7468-5j5v2,prometheus,Running,True,1,1,0,"{""prometheus"": 0}","{""prometheus"": ""running""}",1,desktop-control-plane,True,"{""desktop-control-plane"": true}"
2026-09-10T18:31:01.256Z,rabbitmq-5cdf8f76b7-5w84p,rabbitmq,Running,True,1,1,0,"{""rabbitmq"": 0}","{""rabbitmq"": ""running""}",1,desktop-control-plane,True,"{""desktop-control-plane"": true}"
2026-09-10T18:31:01.256Z,worker-5fc94dd887-hsctd,worker,Running,True,1,1,0,"{""worker"": 0}","{""worker"": ""running""}",1,desktop-control-plane,True,"{""desktop-control-plane"": true}"
2026-09-10T18:31:06.256Z,api-fd7cfdd89-lm2bq,api,Running,True,1,1,3,"{""api"": 3}","{""api"": ""running""}",1,desktop-control-plane,True,"{""desktop-control-plane"": true}"
2026-09-10T18:31:06.256Z,jaeger-7cc9b664cc-l7j8l,jaeger,Running,True,1,1,0,"{""jaeger"": 0}","{""jaeger"": ""running""}",1,desktop-control-plane,True,"{""desktop-control-plane"": true}"
2026-09-10T18:31:06.256Z,otel-collector-7c765745bf-kgnz4,otel-collector,Running,True,1,1,0,"{""otel-collector"": 0}","{""otel-collector"": ""running""}",1,desktop-control-plane,True,"{""desktop-control-plane"": true}"
2026-09-10T18:31:06.256Z,postgres-676cc4986c-d4nsp,postgres,Running,True,1,1,0,"{""postgres"": 0}","{""postgres"": ""running""}",1,desktop-control-plane,True,"{""desktop-control-plane"": true}"
2026-09-10T18:31:06.256Z,prometheus-59f5cf7468-5j5v2,prometheus,Running,True,1,1,0,"{""prometheus"": 0}","{""prometheus"": ""running""}",1,desktop-control-plane,True,"{""desktop-control-plane"": true}"
2026-09-10T18:31:06.256Z,rabbitmq-5cdf8f76b7-5w84p,rabbitmq,Running,True,1,1,0,"{""rabbitmq"": 0}","{""rabbitmq"": ""running""}",1,desktop-control-plane,True,"{""desktop-control-plane"": true}"
2026-09-10T18:31:06.256Z,worker-5fc94dd887-hsctd,worker,Running,True,1,1,0,"{""worker"": 0}","{""worker"": ""running""}",1,desktop-control-plane,True,"{""desktop-control-plane"": true}"
2026-09-10T18:31:11.256Z,api-fd7cfdd89-lm2bq,api,Running,True,1,1,3,"{""api"": 3}","{""api"": ""running""}",1,desktop-control-plane,True,"{""desktop-control-plane"": true}"
2026-09-10T18:31:11.256Z,jaeger-7cc9b664cc-l7j8l,jaeger,Running,True,1,1,0,"{""jaeger"": 0}","{""jaeger"": ""running""}",1,desktop-control-plane,True,"{""desktop-control-plane"": true}"
2026-09-10T18:31:11.256Z,otel-collector-7c765745bf-kgnz4,otel-collector,Running,True,1,1,0,"{""otel-collector"": 0}","{""otel-collector"": ""running""}",1,desktop-control-plane,True,"{""desktop-control-plane"": true}"
2026-09-10T18:31:11.256Z,postgres-676cc4986c-d4nsp,postgres,Running,True,1,1,0,"{""postgres"": 0}","{""postgres"": ""running""}",1,desktop-control-plane,True,"{""desktop-control-plane"": true}"
2026-09-10T18:31:11.256Z,prometheus-59f5cf7468-5j5v2,prometheus,Running,True,1,1,0,"{""prometheus"": 0}","{""prometheus"": ""running""}",1,desktop-control-plane,True,"{""desktop-control-plane"": true}"
2026-09-10T18:31:11.256Z,rabbitmq-5cdf8f76b7-5w84p,rabbitmq,Running,True,1,1,0,"{""rabbitmq"": 0}","{""rabbitmq"": ""running""}",1,desktop-control-plane,True,"{""desktop-control-plane"": true}"
2026-09-10T18:31:11.256Z,worker-5fc94dd887-hsctd,worker,Running,True,1,1,0,"{""worker"": 0}","{""worker"": ""running""}",1,desktop-control-plane,True,"{""desktop-control-plane"": true}"
2026-09-10T18:31:16.256Z,api-fd7cfdd89-lm2bq,api,Running,True,1,1,3,"{""api"": 3}","{""api"": ""running""}",1,desktop-control-plane,True,"{""desktop-control-plane"": true}"
2026-09-10T18:31:16.256Z,jaeger-7cc9b664cc-l7j8l,jaeger,Running,True,1,1,0,"{""jaeger"": 0}","{""jaeger"": ""running""}",1,desktop-control-plane,True,"{""desktop-control-plane"": true}"
2026-09-10T18:31:16.256Z,otel-collector-7c765745bf-kgnz4,otel-collector,Running,True,1,1,0,"{""otel-collector"": 0}","{""otel-collector"": ""running""}",1,desktop-control-plane,True,"{""desktop-control-plane"": true}"
2026-09-10T18:31:16.256Z,postgres-676cc4986c-d4nsp,postgres,Running,True,1,1,0,"{""postgres"": 0}","{""postgres"": ""running""}",1,desktop-control-plane,True,"{""desktop-control-plane"": true}"
2026-09-10T18:31:16.256Z,prometheus-59f5cf7468-5j5v2,prometheus,Running,True,1,1,0,"{""prometheus"": 0}","{""prometheus"": ""running""}",1,desktop-control-plane,True,"{""desktop-control-plane"": true}"
2026-09-10T18:31:16.256Z,rabbitmq-5cdf8f76b7-5w84p,rabbitmq,Running,True,1,1,0,"{""rabbitmq"": 0}","{""rabbitmq"": ""running""}",1,desktop-control-plane,True,"{""desktop-control-plane"": true}"
2026-09-10T18:31:16.256Z,worker-5fc94dd887-hsctd,worker,Running,True,1,1,0,"{""worker"": 0}","{""worker"": ""running""}",1,desktop-control-plane,True,"{""desktop-control-plane"": true}"
2026-09-10T18:31:21.257Z,api-fd7cfdd89-lm2bq,api,Running,True,1,1,3,"{""api"": 3}","{""api"": ""running""}",1,desktop-control-plane,True,"{""desktop-control-plane"": true}"
2026-09-10T18:31:21.257Z,jaeger-7cc9b664cc-l7j8l,jaeger,Running,True,1,1,0,"{""jaeger"": 0}","{""jaeger"": ""running""}",1,desktop-control-plane,True,"{""desktop-control-plane"": true}"
2026-09-10T18:31:21.257Z,otel-collector-7c765745bf-kgnz4,otel-collector,Running,True,1,1,0,"{""otel-collector"": 0}","{""otel-collector"": ""running""}",1,desktop-control-plane,True,"{""desktop-control-plane"": true}"
2026-09-10T18:31:21.257Z,postgres-676cc4986c-d4nsp,postgres,Running,True,1,1,0,"{""postgres"": 0}","{""postgres"": ""running""}",1,desktop-control-plane,True,"{""desktop-control-plane"": true}"
2026-09-10T18:31:21.257Z,prometheus-59f5cf7468-5j5v2,prometheus,Running,True,1,1,0,"{""prometheus"": 0}","{""prometheus"": ""running""}",1,desktop-control-plane,True,"{""desktop-control-plane"": true}"
2026-09-10T18:31:21.257Z,rabbitmq-5cdf8f76b7-5w84p,rabbitmq,Running,True,1,1,0,"{""rabbitmq"": 0}","{""rabbitmq"": ""running""}",1,desktop-control-plane,True,"{""desktop-control-plane"": true}"
2026-09-10T18:31:21.257Z,worker-5fc94dd887-hsctd,worker,Running,True,1,1,0,"{""worker"": 0}","{""worker"": ""running""}",1,desktop-control-plane,True,"{""desktop-control-plane"": true}"
2026-09-10T18:31:26.257Z,api-fd7cfdd89-lm2bq,api,Running,True,1,1,3,"{""api"": 3}","{""api"": ""running""}",1,desktop-control-plane,True,"{""desktop-control-plane"": true}"
2026-09-10T18:31:26.257Z,jaeger-7cc9b664cc-l7j8l,jaeger,Running,True,1,1,0,"{""jaeger"": 0}","{""jaeger"": ""running""}",1,desktop-control-plane,True,"{""desktop-control-plane"": true}"
2026-09-10T18:31:26.257Z,otel-collector-7c765745bf-kgnz4,otel-collector,Running,True,1,1,0,"{""otel-collector"": 0}","{""otel-collector"": ""running""}",1,desktop-control-plane,True,"{""desktop-control-plane"": true}"
2026-09-10T18:31:26.257Z,postgres-676cc4986c-d4nsp,postgres,Running,True,1,1,0,"{""postgres"": 0}","{""postgres"": ""running""}",1,desktop-control-plane,True,"{""desktop-control-plane"": true}"
2026-09-10T18:31:26.257Z,prometheus-59f5cf7468-5j5v2,prometheus,Running,True,1,1,0,"{""prometheus"": 0}","{""prometheus"": ""running""}",1,desktop-control-plane,True,"{""desktop-control-plane"": true}"
2026-09-10T18:31:26.257Z,rabbitmq-5cdf8f76b7-5w84p,rabbitmq,Running,True,1,1,0,"{""rabbitmq"": 0}","{""rabbitmq"": ""running""}",1,desktop-control-plane,True,"{""desktop-control-plane"": true}"
2026-09-10T18:31:26.257Z,worker-5fc94dd887-hsctd,worker,Running,True,1,1,0,"{""worker"": 0}","{""worker"": ""running""}",1,desktop-control-plane,True,"{""desktop-control-plane"": true}"
2026-09-10T18:31:31.257Z,api-fd7cfdd89-lm2bq,api,Running,True,1,1,3,"{""api"": 3}","{""api"": ""running""}",1,desktop-control-plane,True,"{""desktop-control-plane"": true}"
2026-09-10T18:31:31.257Z,jaeger-7cc9b664cc-l7j8l,jaeger,Running,True,1,1,0,"{""jaeger"": 0}","{""jaeger"": ""running""}",1,desktop-control-plane,True,"{""desktop-control-plane"": true}"
2026-09-10T18:31:31.257Z,otel-collector-7c765745bf-kgnz4,otel-collector,Running,True,1,1,0,"{""otel-collector"": 0}","{""otel-collector"": ""running""}",1,desktop-control-plane,True,"{""desktop-control-plane"": true}"
2026-09-10T18:31:31.257Z,postgres-676cc4986c-d4nsp,postgres,Running,True,1,1,0,"{""postgres"": 0}","{""postgres"": ""running""}",1,desktop-control-plane,True,"{""desktop-control-plane"": true}"
2026-09-10T18:31:31.257Z,prometheus-59f5cf7468-5j5v2,prometheus,Running,True,1,1,0,"{""prometheus"": 0}","{""prometheus"": ""running""}",1,desktop-control-plane,True,"{""desktop-control-plane"": true}"
2026-09-10T18:31:31.257Z,rabbitmq-5cdf8f76b7-5w84p,rabbitmq,Running,True,1,1,0,"{""rabbitmq"": 0}","{""rabbitmq"": ""running""}",1,desktop-control-plane,True,"{""desktop-control-plane"": true}"
2026-09-10T18:31:31.257Z,worker-5fc94dd887-hsctd,worker,Running,True,1,1,0,"{""worker"": 0}","{""worker"": ""running""}",1,desktop-control-plane,True,"{""desktop-control-plane"": true}"
2026-09-10T18:31:36.258Z,api-fd7cfdd89-lm2bq,api,Running,True,1,1,3,"{""api"": 3}","{""api"": ""running""}",1,desktop-control-plane,True,"{""desktop-control-plane"": true}"
2026-09-10T18:31:36.258Z,jaeger-7cc9b664cc-l7j8l,jaeger,Running,True,1,1,0,"{""jaeger"": 0}","{""jaeger"": ""running""}",1,desktop-control-plane,True,"{""desktop-control-plane"": true}"
2026-09-10T18:31:36.258Z,otel-collector-7c765745bf-kgnz4,otel-collector,Running,True,1,1,0,"{""otel-collector"": 0}","{""otel-collector"": ""running""}",1,desktop-control-plane,True,"{""desktop-control-plane"": true}"
2026-09-10T18:31:36.258Z,postgres-676cc4986c-d4nsp,postgres,Running,True,1,1,0,"{""postgres"": 0}","{""postgres"": ""running""}",1,desktop-control-plane,True,"{""desktop-control-plane"": true}"
2026-09-10T18:31:36.258Z,prometheus-59f5cf7468-5j5v2,prometheus,Running,True,1,1,0,"{""prometheus"": 0}","{""prometheus"": ""running""}",1,desktop-control-plane,True,"{""desktop-control-plane"": true}"
2026-09-10T18:31:36.258Z,rabbitmq-5cdf8f76b7-5w84p,rabbitmq,Running,True,1,1,0,"{""rabbitmq"": 0}","{""rabbitmq"": ""running""}",1,desktop-control-plane,True,"{""desktop-control-plane"": true}"
2026-09-10T18:31:36.258Z,worker-5fc94dd887-hsctd,worker,Running,True,1,1,0,"{""worker"": 0}","{""worker"": ""running""}",1,desktop-control-plane,True,"{""desktop-control-plane"": true}"
2026-09-10T18:31:41.258Z,api-fd7cfdd89-lm2bq,api,Running,True,1,1,3,"{""api"": 3}","{""api"": ""running""}",1,desktop-control-plane,True,"{""desktop-control-plane"": true}"
2026-09-10T18:31:41.258Z,jaeger-7cc9b664cc-l7j8l,jaeger,Running,True,1,1,0,"{""jaeger"": 0}","{""jaeger"": ""running""}",1,desktop-control-plane,True,"{""desktop-control-plane"": true}"
2026-09-10T18:31:41.258Z,otel-collector-7c765745bf-kgnz4,otel-collector,Running,True,1,1,0,"{""otel-collector"": 0}","{""otel-collector"": ""running""}",1,desktop-control-plane,True,"{""desktop-control-plane"": true}"
2026-09-10T18:31:41.258Z,postgres-676cc4986c-d4nsp,postgres,Running,True,1,1,0,"{""postgres"": 0}","{""postgres"": ""running""}",1,desktop-control-plane,True,"{""desktop-control-plane"": true}"
2026-09-10T18:31:41.258Z,prometheus-59f5cf7468-5j5v2,prometheus,Running,True,1,1,0,"{""prometheus"": 0}","{""prometheus"": ""running""}",1,desktop-control-plane,True,"{""desktop-control-plane"": true}"
2026-09-10T18:31:41.258Z,rabbitmq-5cdf8f76b7-5w84p,rabbitmq,Running,True,1,1,0,"{""rabbitmq"": 0}","{""rabbitmq"": ""running""}",1,desktop-control-plane,True,"{""desktop-control-plane"": true}"
2026-09-10T18:31:41.258Z,worker-5fc94dd887-hsctd,worker,Running,True,1,1,0,"{""worker"": 0}","{""worker"": ""running""}",1,desktop-control-plane,True,"{""desktop-control-plane"": true}"
2026-09-10T18:31:46.258Z,api-fd7cfdd89-lm2bq,api,Running,True,1,1,3,"{""api"": 3}","{""api"": ""running""}",1,desktop-control-plane,True,"{""desktop-control-plane"": true}"
2026-09-10T18:31:46.258Z,jaeger-7cc9b664cc-l7j8l,jaeger,Running,True,1,1,0,"{""jaeger"": 0}","{""jaeger"": ""running""}",1,desktop-control-plane,True,"{""desktop-control-plane"": true}"
2026-09-10T18:31:46.258Z,otel-collector-7c765745bf-kgnz4,otel-collector,Running,True,1,1,0,"{""otel-collector"": 0}","{""otel-collector"": ""running""}",1,desktop-control-plane,True,"{""desktop-control-plane"": true}"
2026-09-10T18:31:46.258Z,postgres-676cc4986c-d4nsp,postgres,Running,True,1,1,0,"{""postgres"": 0}","{""postgres"": ""running""}",1,desktop-control-plane,True,"{""desktop-control-plane"": true}"
2026-09-10T18:31:46.258Z,prometheus-59f5cf7468-5j5v2,prometheus,Running,True,1,1,0,"{""prometheus"": 0}","{""prometheus"": ""running""}",1,desktop-control-plane,True,"{""desktop-control-plane"": true}"
2026-09-10T18:31:46.258Z,rabbitmq-5cdf8f76b7-5w84p,rabbitmq,Running,True,1,1,0,"{""rabbitmq"": 0}","{""rabbitmq"": ""running""}",1,desktop-control-plane,True,"{""desktop-control-plane"": true}"
2026-09-10T18:31:46.258Z,worker-5fc94dd887-hsctd,worker,Running,True,1,1,0,"{""worker"": 0}","{""worker"": ""running""}",1,desktop-control-plane,True,"{""desktop-control-plane"": true}"
2026-09-10T18:31:51.259Z,api-fd7cfdd89-lm2bq,api,Running,True,1,1,3,"{""api"": 3}","{""api"": ""running""}",1,desktop-control-plane,True,"{""desktop-control-plane"": true}"
2026-09-10T18:31:51.259Z,jaeger-7cc9b664cc-l7j8l,jaeger,Running,True,1,1,0,"{""jaeger"": 0}","{""jaeger"": ""running""}",1,desktop-control-plane,True,"{""desktop-control-plane"": true}"
2026-09-10T18:31:51.259Z,otel-collector-7c765745bf-kgnz4,otel-collector,Running,True,1,1,0,"{""otel-collector"": 0}","{""otel-collector"": ""running""}",1,desktop-control-plane,True,"{""desktop-control-plane"": true}"
2026-09-10T18:31:51.259Z,postgres-676cc4986c-d4nsp,postgres,Running,True,1,1,0,"{""postgres"": 0}","{""postgres"": ""running""}",1,desktop-control-plane,True,"{""desktop-control-plane"": true}"
2026-09-10T18:31:51.259Z,prometheus-59f5cf7468-5j5v2,prometheus,Running,True,1,1,0,"{""prometheus"": 0}","{""prometheus"": ""running""}",1,desktop-control-plane,True,"{""desktop-control-plane"": true}"
2026-09-10T18:31:51.259Z,rabbitmq-5cdf8f76b7-5w84p,rabbitmq,Running,True,1,1,0,"{""rabbitmq"": 0}","{""rabbitmq"": ""running""}",1,desktop-control-plane,True,"{""desktop-control-plane"": true}"
2026-09-10T18:31:51.259Z,worker-5fc94dd887-hsctd,worker,Running,True,1,1,0,"{""worker"": 0}","{""worker"": ""running""}",1,desktop-control-plane,True,"{""desktop-control-plane"": true}"
2026-09-10T18:31:56.259Z,api-fd7cfdd89-lm2bq,api,Running,True,1,1,3,"{""api"": 3}","{""api"": ""running""}",1,desktop-control-plane,True,"{""desktop-control-plane"": true}"
2026-09-10T18:31:56.259Z,jaeger-7cc9b664cc-l7j8l,jaeger,Running,True,1,1,0,"{""jaeger"": 0}","{""jaeger"": ""running""}",1,desktop-control-plane,True,"{""desktop-control-plane"": true}"
2026-09-10T18:31:56.259Z,otel-collector-7c765745bf-kgnz4,otel-collector,Running,True,1,1,0,"{""otel-collector"": 0}","{""otel-collector"": ""running""}",1,desktop-control-plane,True,"{""desktop-control-plane"": true}"
2026-09-10T18:31:56.259Z,postgres-676cc4986c-d4nsp,postgres,Running,True,1,1,0,"{""postgres"": 0}","{""postgres"": ""running""}",1,desktop-control-plane,True,"{""desktop-control-plane"": true}"
2026-09-10T18:31:56.259Z,prometheus-59f5cf7468-5j5v2,prometheus,Running,True,1,1,0,"{""prometheus"": 0}","{""prometheus"": ""running""}",1,desktop-control-plane,True,"{""desktop-control-plane"": true}"
2026-09-10T18:31:56.259Z,rabbitmq-5cdf8f76b7-5w84p,rabbitmq,Running,True,1,1,0,"{""rabbitmq"": 0}","{""rabbitmq"": ""running""}",1,desktop-control-plane,True,"{""desktop-control-plane"": true}"
2026-09-10T18:31:56.259Z,worker-5fc94dd887-hsctd,worker,Running,True,1,1,0,"{""worker"": 0}","{""worker"": ""running""}",1,desktop-control-plane,True,"{""desktop-control-plane"": true}"
2026-09-10T18:32:01.259Z,api-fd7cfdd89-lm2bq,api,Running,True,1,1,3,"{""api"": 3}","{""api"": ""running""}",1,desktop-control-plane,True,"{""desktop-control-plane"": true}"
2026-09-10T18:32:01.259Z,jaeger-7cc9b664cc-l7j8l,jaeger,Running,True,1,1,0,"{""jaeger"": 0}","{""jaeger"": ""running""}",1,desktop-control-plane,True,"{""desktop-control-plane"": true}"
2026-09-10T18:32:01.259Z,otel-collector-7c765745bf-kgnz4,otel-collector,Running,True,1,1,0,"{""otel-collector"": 0}","{""otel-collector"": ""running""}",1,desktop-control-plane,True,"{""desktop-control-plane"": true}"
2026-09-10T18:32:01.259Z,postgres-676cc4986c-d4nsp,postgres,Running,True,1,1,0,"{""postgres"": 0}","{""postgres"": ""running""}",1,desktop-control-plane,True,"{""desktop-control-plane"": true}"
2026-09-10T18:32:01.259Z,prometheus-59f5cf7468-5j5v2,prometheus,Running,True,1,1,0,"{""prometheus"": 0}","{""prometheus"": ""running""}",1,desktop-control-plane,True,"{""desktop-control-plane"": true}"
2026-09-10T18:32:01.259Z,rabbitmq-5cdf8f76b7-5w84p,rabbitmq,Running,True,1,1,0,"{""rabbitmq"": 0}","{""rabbitmq"": ""running""}",1,desktop-control-plane,True,"{""desktop-control-plane"": true}"
2026-09-10T18:32:01.259Z,worker-5fc94dd887-hsctd,worker,Running,True,1,1,0,"{""worker"": 0}","{""worker"": ""running""}",1,desktop-control-plane,True,"{""desktop-control-plane"": true}"
2026-09-10T18:32:06.260Z,api-fd7cfdd89-lm2bq,api,Running,True,1,1,3,"{""api"": 3}","{""api"": ""running""}",1,desktop-control-plane,True,"{""desktop-control-plane"": true}"
2026-09-10T18:32:06.260Z,jaeger-7cc9b664cc-l7j8l,jaeger,Running,True,1,1,0,"{""jaeger"": 0}","{""jaeger"": ""running""}",1,desktop-control-plane,True,"{""desktop-control-plane"": true}"
2026-09-10T18:32:06.260Z,otel-collector-7c765745bf-kgnz4,otel-collector,Running,True,1,1,0,"{""otel-collector"": 0}","{""otel-collector"": ""running""}",1,desktop-control-plane,True,"{""desktop-control-plane"": true}"
2026-09-10T18:32:06.260Z,postgres-676cc4986c-d4nsp,postgres,Running,True,1,1,0,"{""postgres"": 0}","{""postgres"": ""running""}",1,desktop-control-plane,True,"{""desktop-control-plane"": true}"
2026-09-10T18:32:06.260Z,prometheus-59f5cf7468-5j5v2,prometheus,Running,True,1,1,0,"{""prometheus"": 0}","{""prometheus"": ""running""}",1,desktop-control-plane,True,"{""desktop-control-plane"": true}"
2026-09-10T18:32:06.260Z,rabbitmq-5cdf8f76b7-5w84p,rabbitmq,Running,True,1,1,0,"{""rabbitmq"": 0}","{""rabbitmq"": ""running""}",1,desktop-control-plane,True,"{""desktop-control-plane"": true}"
2026-09-10T18:32:06.260Z,worker-5fc94dd887-hsctd,worker,Running,True,1,1,0,"{""worker"": 0}","{""worker"": ""running""}",1,desktop-control-plane,True,"{""desktop-control-plane"": true}"
2026-09-10T18:32:11.260Z,api-fd7cfdd89-lm2bq,api,Running,True,1,1,3,"{""api"": 3}","{""api"": ""running""}",1,desktop-control-plane,True,"{""desktop-control-plane"": true}"
2026-09-10T18:32:11.260Z,jaeger-7cc9b664cc-l7j8l,jaeger,Running,True,1,1,0,"{""jaeger"": 0}","{""jaeger"": ""running""}",1,desktop-control-plane,True,"{""desktop-control-plane"": true}"
2026-09-10T18:32:11.260Z,otel-collector-7c765745bf-kgnz4,otel-collector,Running,True,1,1,0,"{""otel-collector"": 0}","{""otel-collector"": ""running""}",1,desktop-control-plane,True,"{""desktop-control-plane"": true}"
2026-09-10T18:32:11.260Z,postgres-676cc4986c-d4nsp,postgres,Running,True,1,1,0,"{""postgres"": 0}","{""postgres"": ""running""}",1,desktop-control-plane,True,"{""desktop-control-plane"": true}"
2026-09-10T18:32:11.260Z,prometheus-59f5cf7468-5j5v2,prometheus,Running,True,1,1,0,"{""prometheus"": 0}","{""prometheus"": ""running""}",1,desktop-control-plane,True,"{""desktop-control-plane"": true}"
2026-09-10T18:32:11.260Z,rabbitmq-5cdf8f76b7-5w84p,rabbitmq,Running,True,1,1,0,"{""rabbitmq"": 0}","{""rabbitmq"": ""running""}",1,desktop-control-plane,True,"{""desktop-control-plane"": true}"
2026-09-10T18:32:11.260Z,worker-5fc94dd887-hsctd,worker,Running,True,1,1,0,"{""worker"": 0}","{""worker"": ""running""}",1,desktop-control-plane,True,"{""desktop-control-plane"": true}"
2026-09-10T18:32:16.261Z,api-fd7cfdd89-lm2bq,api,Running,True,1,1,3,"{""api"": 3}","{""api"": ""running""}",1,desktop-control-plane,True,"{""desktop-control-plane"": true}"
2026-09-10T18:32:16.261Z,jaeger-7cc9b664cc-l7j8l,jaeger,Running,True,1,1,0,"{""jaeger"": 0}","{""jaeger"": ""running""}",1,desktop-control-plane,True,"{""desktop-control-plane"": true}"
2026-09-10T18:32:16.261Z,otel-collector-7c765745bf-kgnz4,otel-collector,Running,True,1,1,0,"{""otel-collector"": 0}","{""otel-collector"": ""running""}",1,desktop-control-plane,True,"{""desktop-control-plane"": true}"
2026-09-10T18:32:16.261Z,postgres-676cc4986c-d4nsp,postgres,Running,True,1,1,0,"{""postgres"": 0}","{""postgres"": ""running""}",1,desktop-control-plane,True,"{""desktop-control-plane"": true}"
2026-09-10T18:32:16.261Z,prometheus-59f5cf7468-5j5v2,prometheus,Running,True,1,1,0,"{""prometheus"": 0}","{""prometheus"": ""running""}",1,desktop-control-plane,True,"{""desktop-control-plane"": true}"
2026-09-10T18:32:16.261Z,rabbitmq-5cdf8f76b7-5w84p,rabbitmq,Running,True,1,1,0,"{""rabbitmq"": 0}","{""rabbitmq"": ""running""}",1,desktop-control-plane,True,"{""desktop-control-plane"": true}"
2026-09-10T18:32:16.261Z,worker-5fc94dd887-hsctd,worker,Running,True,1,1,0,"{""worker"": 0}","{""worker"": ""running""}",1,desktop-control-plane,True,"{""desktop-control-plane"": true}"
