2026-09-09T20:33:14.394061968Z INFO:     Shutting down
2026-09-09T20:33:14.494691797Z INFO:     Waiting for connections to close. (CTRL+C to force quit)
2026-09-09T20:33:16.796761823Z ERROR:    Exception in ASGI application
2026-09-09T20:33:16.796813064Z Traceback (most recent call last):
2026-09-09T20:33:16.796822192Z   File "/usr/local/lib/python3.13/site-packages/uvicorn/protocols/http/httptools_impl.py", line 421, in run_asgi
2026-09-09T20:33:16.796832763Z     result = await app(  # type: ignore[func-returns-value]
2026-09-09T20:33:16.796840478Z              ^^^^^^^^^^^^^^^^^^^^^^^^^^^^^^^^^^^^^^^^^^^^^^
2026-09-09T20:33:16.796848073Z         self.scope, self.receive, self.send
2026-09-09T20:33:16.796855668Z         ^^^^^^^^^^^^^^^^^^^^^^^^^^^^^^^^^^^
2026-09-09T20:33:16.796863253Z     )
2026-09-09T20:33:16.796870878Z     ^
2026-09-09T20:33:16.796878473Z   File "/usr/local/lib/python3.13/site-packages/uvicorn/middleware/proxy_headers.py", line 63, in __call__
2026-09-09T20:33:16.796886078Z     return await self.app(scope, receive, send)
2026-09-09T20:33:16.796893834Z            ^^^^^^^^^^^^^^^^^^^^^^^^^^^^^^^^^^^^
2026-09-09T20:33:16.796902280Z   File "/usr/local/lib/python3.13/site-packages/fastapi/applications.py", line 1159, in __call__
2026-09-09T20:33:16.796909905Z     await super().__call__(scope, receive, send)
2026-09-09T20:33:16.796917450Z   File "/usr/local/lib/python3.13/site-packages/starlette/applications.py", line 107, in __call__
2026-09-09T20:33:16.796924985Z     await self.middleware_stack(scope, receive, send)
2026-09-09T20:33:16.796932580Z   File "/usr/local/lib/python3.13/site-packages/starlette/middleware/errors.py", line 186, in __call__
2026-09-09T20:33:16.796940245Z     raise exc
2026-09-09T20:33:16.796947850Z   File "/usr/local/lib/python3.13/site-packages/starlette/middleware/errors.py", line 164, in __call__
2026-09-09T20:33:16.796955536Z     await self.app(scope, receive, _send)
2026-09-09T20:33:16.796963732Z   File "/usr/local/lib/python3.13/site-packages/opentelemetry/instrumentation/asgi/__init__.py", line 806, in __call__
2026-09-09T20:33:16.796971287Z     await self.app(scope, otel_receive, otel_send)
2026-09-09T20:33:16.796978842Z   File "/usr/local/lib/python3.13/site-packages/starlette/middleware/errors.py", line 186, in __call__
2026-09-09T20:33:16.796986387Z     raise exc
2026-09-09T20:33:16.796993891Z   File "/usr/local/lib/python3.13/site-packages/starlette/middleware/errors.py", line 164, in __call__
2026-09-09T20:33:16.797001516Z     await self.app(scope, receive, _send)
2026-09-09T20:33:16.797044181Z   File "/usr/local/lib/python3.13/site-packages/opentelemetry/instrumentation/fastapi/__init__.py", line 305, in __call__
2026-09-09T20:33:16.797102376Z     await self.app(scope, receive, send)
2026-09-09T20:33:16.797110943Z   File "/usr/local/lib/python3.13/site-packages/prometheus_fastapi_instrumentator/middleware.py", line 177, in __call__
2026-09-09T20:33:16.797114440Z     raise exc
2026-09-09T20:33:16.797143868Z   File "/usr/local/lib/python3.13/site-packages/prometheus_fastapi_instrumentator/middleware.py", line 175, in __call__
2026-09-09T20:33:16.797146002Z     await self.app(scope, receive, send_wrapper)
2026-09-09T20:33:16.797148196Z   File "/usr/local/lib/python3.13/site-packages/starlette/middleware/exceptions.py", line 63, in __call__
2026-09-09T20:33:16.797150701Z     await wrap_app_handling_exceptions(self.app, conn)(scope, receive, send)
2026-09-09T20:33:16.797152635Z   File "/usr/local/lib/python3.13/site-packages/starlette/_exception_handler.py", line 53, in wrapped_app
2026-09-09T20:33:16.797154589Z     raise exc
2026-09-09T20:33:16.797156493Z   File "/usr/local/lib/python3.13/site-packages/starlette/_exception_handler.py", line 42, in wrapped_app
2026-09-09T20:33:16.797158406Z     await app(scope, receive, sender)
2026-09-09T20:33:16.797160300Z   File "/usr/local/lib/python3.13/site-packages/fastapi/middleware/asyncexitstack.py", line 18, in __call__
2026-09-09T20:33:16.797162214Z     await self.app(scope, receive, send)
2026-09-09T20:33:16.797164278Z   File "/usr/local/lib/python3.13/site-packages/starlette/routing.py", line 716, in __call__
2026-09-09T20:33:16.797166472Z     await self.middleware_stack(scope, receive, send)
2026-09-09T20:33:16.797168396Z   File "/usr/local/lib/python3.13/site-packages/starlette/routing.py", line 736, in app
2026-09-09T20:33:16.797170330Z     await route.handle(scope, receive, send)
2026-09-09T20:33:16.797172284Z   File "/usr/local/lib/python3.13/site-packages/starlette/routing.py", line 290, in handle
2026-09-09T20:33:16.797174198Z     await self.app(scope, receive, send)
2026-09-09T20:33:16.797176101Z   File "/usr/local/lib/python3.13/site-packages/fastapi/routing.py", line 134, in app
2026-09-09T20:33:16.797178015Z     await wrap_app_handling_exceptions(app, request)(scope, receive, send)
2026-09-09T20:33:16.797179919Z   File "/usr/local/lib/python3.13/site-packages/starlette/_exception_handler.py", line 53, in wrapped_app
2026-09-09T20:33:16.797181823Z     raise exc
2026-09-09T20:33:16.797183726Z   File "/usr/local/lib/python3.13/site-packages/starlette/_exception_handler.py", line 42, in wrapped_app
2026-09-09T20:33:16.797185640Z     await app(scope, receive, sender)
2026-09-09T20:33:16.797187544Z   File "/usr/local/lib/python3.13/site-packages/fastapi/routing.py", line 120, in app
2026-09-09T20:33:16.797190129Z     response = await f(request)
2026-09-09T20:33:16.797192053Z                ^^^^^^^^^^^^^^^^
2026-09-09T20:33:16.797193977Z   File "/usr/local/lib/python3.13/site-packages/fastapi/routing.py", line 674, in app
2026-09-09T20:33:16.797195911Z     raw_response = await run_endpoint_function(
2026-09-09T20:33:16.797197854Z                    ^^^^^^^^^^^^^^^^^^^^^^^^^^^^
2026-09-09T20:33:16.797200650Z     ...<3 lines>...
2026-09-09T20:33:16.797202584Z     )
2026-09-09T20:33:16.797204518Z     ^
2026-09-09T20:33:16.797206421Z   File "/usr/local/lib/python3.13/site-packages/fastapi/routing.py", line 330, in run_endpoint_function
2026-09-09T20:33:16.797208335Z     return await run_in_threadpool(dependant.call, **values)
2026-09-09T20:33:16.797210239Z            ^^^^^^^^^^^^^^^^^^^^^^^^^^^^^^^^^^^^^^^^^^^^^^^^^
2026-09-09T20:33:16.797229407Z   File "/usr/local/lib/python3.13/site-packages/starlette/concurrency.py", line 32, in run_in_threadpool
2026-09-09T20:33:16.797231561Z     return await anyio.to_thread.run_sync(func)
2026-09-09T20:33:16.797233515Z            ^^^^^^^^^^^^^^^^^^^^^^^^^^^^^^^^^^^^
2026-09-09T20:33:16.797235439Z   File "/usr/local/lib/python3.13/site-packages/anyio/to_thread.py", line 63, in run_sync
2026-09-09T20:33:16.797237382Z     return await get_async_backend().run_sync_in_worker_thread(
2026-09-09T20:33:16.797244767Z            ^^^^^^^^^^^^^^^^^^^^^^^^^^^^^^^^^^^^^^^^^^^^^^^^^^^^
2026-09-09T20:33:16.797246731Z         func, args, abandon_on_cancel=abandon_on_cancel, limiter=limiter
2026-09-09T20:33:16.797248745Z         ^^^^^^^^^^^^^^^^^^^^^^^^^^^^^^^^^^^^^^^^^^^^^^^^^^^^^^^^^^^^^^^^
2026-09-09T20:33:16.797250679Z     )
2026-09-09T20:33:16.797252613Z     ^
2026-09-09T20:33:16.797254627Z   File "/usr/local/lib/python3.13/site-packages/anyio/_backends/_asyncio.py", line 2518, in run_sync_in_worker_thread
2026-09-09T20:33:16.797256610Z     return await future
2026-09-09T20:33:16.797258594Z            ^^^^^^^^^^^^
2026-09-09T20:33:16.797260518Z   File "/usr/local/lib/python3.13/site-packages/anyio/_backends/_asyncio.py", line 1002, in run
2026-09-09T20:33:16.797262462Z     result = context.run(func, *args)
2026-09-09T20:33:16.797264386Z   File "/app/app/routers/orders.py", line 36, in checkout
2026-09-09T20:33:16.797266320Z     return create_order(
2026-09-09T20:33:16.797268274Z         db=db,
2026-09-09T20:33:16.797270227Z     ...<2 lines>...
2026-09-09T20:33:16.797272161Z         correlation_id=correlation_id,
2026-09-09T20:33:16.797274115Z     )
2026-09-09T20:33:16.797276069Z   File "/app/app/services/order_service.py", line 42, in create_order
2026-09-09T20:33:16.797277993Z     result = db.execute(
2026-09-09T20:33:16.797279937Z         select(ProductModel).where(ProductModel.id == product_id)
2026-09-09T20:33:16.797281850Z     )
2026-09-09T20:33:16.797283794Z   File "/usr/local/lib/python3.13/site-packages/sqlalchemy/orm/session.py", line 2372, in execute
2026-09-09T20:33:16.797285728Z     return self._execute_internal(
2026-09-09T20:33:16.797287652Z            ~~~~~~~~~~~~~~~~~~~~~~^
2026-09-09T20:33:16.797289576Z         statement,
2026-09-09T20:33:16.797291489Z         ^^^^^^^^^^
2026-09-09T20:33:16.797293403Z     ...<4 lines>...
2026-09-09T20:33:16.797295337Z         _add_event=_add_event,
2026-09-09T20:33:16.797297241Z         ^^^^^^^^^^^^^^^^^^^^^^
2026-09-09T20:33:16.797299134Z     )
2026-09-09T20:33:16.797301078Z     ^
2026-09-09T20:33:16.797303002Z   File "/usr/local/lib/python3.13/site-packages/sqlalchemy/orm/session.py", line 2260, in _execute_internal
2026-09-09T20:33:16.797304936Z     conn = self._connection_for_bind(bind)
2026-09-09T20:33:16.797310777Z   File "/usr/local/lib/python3.13/site-packages/sqlalchemy/orm/session.py", line 2112, in _connection_for_bind
2026-09-09T20:33:16.797312761Z     return trans._connection_for_bind(engine, execution_options)
2026-09-09T20:33:16.797314695Z            ~~~~~~~~~~~~~~~~~~~~~~~~~~^^^^^^^^^^^^^^^^^^^^^^^^^^^
2026-09-09T20:33:16.797316709Z   File "<string>", line 2, in _connection_for_bind
2026-09-09T20:33:16.797318653Z   File "/usr/local/lib/python3.13/site-packages/sqlalchemy/orm/state_changes.py", line 137, in _go
2026-09-09T20:33:16.797320607Z     ret_value = fn(self, *arg, **kw)
2026-09-09T20:33:16.797322541Z   File "/usr/local/lib/python3.13/site-packages/sqlalchemy/orm/session.py", line 1191, in _connection_for_bind
2026-09-09T20:33:16.797324485Z     conn = bind.connect()
2026-09-09T20:33:16.797326979Z   File "/usr/local/lib/python3.13/site-packages/opentelemetry/instrumentation/sqlalchemy/engine.py", line 200, in _wrap_connect_internal
2026-09-09T20:33:16.797328923Z     return func(*args, **kwargs)
2026-09-09T20:33:16.797330887Z   File "/usr/local/lib/python3.13/site-packages/sqlalchemy/engine/base.py", line 3295, in connect
2026-09-09T20:33:16.797332821Z     return self._connection_cls(self)
2026-09-09T20:33:16.797334755Z            ~~~~~~~~~~~~~~~~~~~~^^^^^^
2026-09-09T20:33:16.797336719Z   File "/usr/local/lib/python3.13/site-packages/sqlalchemy/engine/base.py", line 144, in __init__
2026-09-09T20:33:16.797345246Z     self._dbapi_connection = engine.raw_connection()
2026-09-09T20:33:16.797347270Z                              ~~~~~~~~~~~~~~~~~~~~~^^
2026-09-09T20:33:16.797349203Z   File "/usr/local/lib/python3.13/site-packages/sqlalchemy/engine/base.py", line 3319, in raw_connection
2026-09-09T20:33:16.797351157Z     return self.pool.connect()
2026-09-09T20:33:16.797353071Z            ~~~~~~~~~~~~~~~~~^^
2026-09-09T20:33:16.797355045Z   File "/usr/local/lib/python3.13/site-packages/sqlalchemy/pool/base.py", line 448, in connect
2026-09-09T20:33:16.797357009Z     return _ConnectionFairy._checkout(self)
2026-09-09T20:33:16.797358953Z            ~~~~~~~~~~~~~~~~~~~~~~~~~~^^^^^^
2026-09-09T20:33:16.797360876Z   File "/usr/local/lib/python3.13/site-packages/sqlalchemy/pool/base.py", line 1272, in _checkout
2026-09-09T20:33:16.797362810Z     fairy = _ConnectionRecord.checkout(pool)
2026-09-09T20:33:16.797364774Z   File "/usr/local/lib/python3.13/site-packages/sqlalchemy/pool/base.py", line 712, in checkout
2026-09-09T20:33:16.797366698Z     rec = pool._do_get()
2026-09-09T20:33:16.797368622Z   File "/usr/local/lib/python3.13/site-packages/sqlalchemy/pool/impl.py", line 167, in _do_get
2026-09-09T20:33:16.797370546Z     raise exc.TimeoutError(
2026-09-09T20:33:16.797372459Z     ...<4 lines>...
2026-09-09T20:33:16.797374403Z     )
2026-09-09T20:33:16.797377710Z sqlalchemy.exc.TimeoutError: QueuePool limit of size 5 overflow 10 reached, connection timed out, timeout 30.00 (Background on this error at: https://sqlalche.me/e/20/3o7r)
2026-09-09T20:33:17.200530833Z ERROR:    Exception in ASGI application
2026-09-09T20:33:17.200572536Z Traceback (most recent call last):
2026-09-09T20:33:17.200578247Z   File "/usr/local/lib/python3.13/site-packages/uvicorn/protocols/http/httptools_impl.py", line 421, in run_asgi
2026-09-09T20:33:17.200583147Z     result = await app(  # type: ignore[func-returns-value]
2026-09-09T20:33:17.200587485Z              ^^^^^^^^^^^^^^^^^^^^^^^^^^^^^^^^^^^^^^^^^^^^^^
2026-09-09T20:33:17.200592154Z         self.scope, self.receive, self.send
2026-09-09T20:33:17.200596453Z         ^^^^^^^^^^^^^^^^^^^^^^^^^^^^^^^^^^^
2026-09-09T20:33:17.200600791Z     )
2026-09-09T20:33:17.200605170Z     ^
2026-09-09T20:33:17.200609549Z   File "/usr/local/lib/python3.13/site-packages/uvicorn/middleware/proxy_headers.py", line 63, in __call__
2026-09-09T20:33:17.200613958Z     return await self.app(scope, receive, send)
2026-09-09T20:33:17.200618236Z            ^^^^^^^^^^^^^^^^^^^^^^^^^^^^^^^^^^^^
2026-09-09T20:33:17.200623076Z   File "/usr/local/lib/python3.13/site-packages/fastapi/applications.py", line 1159, in __call__
2026-09-09T20:33:17.200627454Z     await super().__call__(scope, receive, send)
2026-09-09T20:33:17.200631753Z   File "/usr/local/lib/python3.13/site-packages/starlette/applications.py", line 107, in __call__
2026-09-09T20:33:17.200636232Z     await self.middleware_stack(scope, receive, send)
2026-09-09T20:33:17.200640560Z   File "/usr/local/lib/python3.13/site-packages/starlette/middleware/errors.py", line 186, in __call__
2026-09-09T20:33:17.200644959Z     raise exc
2026-09-09T20:33:17.200653926Z   File "/usr/local/lib/python3.13/site-packages/starlette/middleware/errors.py", line 164, in __call__
2026-09-09T20:33:17.200658425Z     await self.app(scope, receive, _send)
2026-09-09T20:33:17.200663465Z   File "/usr/local/lib/python3.13/site-packages/opentelemetry/instrumentation/asgi/__init__.py", line 806, in __call__
2026-09-09T20:33:17.200667824Z     await self.app(scope, otel_receive, otel_send)
2026-09-09T20:33:17.200672203Z   File "/usr/local/lib/python3.13/site-packages/starlette/middleware/errors.py", line 186, in __call__
2026-09-09T20:33:17.200706871Z     raise exc
2026-09-09T20:33:17.200711570Z   File "/usr/local/lib/python3.13/site-packages/starlette/middleware/errors.py", line 164, in __call__
2026-09-09T20:33:17.200715939Z     await self.app(scope, receive, _send)
2026-09-09T20:33:17.200720258Z   File "/usr/local/lib/python3.13/site-packages/opentelemetry/instrumentation/fastapi/__init__.py", line 305, in __call__
2026-09-09T20:33:17.200724566Z     await self.app(scope, receive, send)
2026-09-09T20:33:17.200728854Z   File "/usr/local/lib/python3.13/site-packages/prometheus_fastapi_instrumentator/middleware.py", line 177, in __call__
2026-09-09T20:33:17.200733293Z     raise exc
2026-09-09T20:33:17.200737542Z   File "/usr/local/lib/python3.13/site-packages/prometheus_fastapi_instrumentator/middleware.py", line 175, in __call__
2026-09-09T20:33:17.200741840Z     await self.app(scope, receive, send_wrapper)
2026-09-09T20:33:17.200746149Z   File "/usr/local/lib/python3.13/site-packages/starlette/middleware/exceptions.py", line 63, in __call__
2026-09-09T20:33:17.200751229Z     await wrap_app_handling_exceptions(self.app, conn)(scope, receive, send)
2026-09-09T20:33:17.200755527Z   File "/usr/local/lib/python3.13/site-packages/starlette/_exception_handler.py", line 53, in wrapped_app
2026-09-09T20:33:17.200759826Z     raise exc
2026-09-09T20:33:17.200764084Z   File "/usr/local/lib/python3.13/site-packages/starlette/_exception_handler.py", line 42, in wrapped_app
2026-09-09T20:33:17.200768413Z     await app(scope, receive, sender)
2026-09-09T20:33:17.200772701Z   File "/usr/local/lib/python3.13/site-packages/fastapi/middleware/asyncexitstack.py", line 18, in __call__
2026-09-09T20:33:17.200776960Z     await self.app(scope, receive, send)
2026-09-09T20:33:17.200781248Z   File "/usr/local/lib/python3.13/site-packages/starlette/routing.py", line 716, in __call__
2026-09-09T20:33:17.200785737Z     await self.middleware_stack(scope, receive, send)
2026-09-09T20:33:17.200790055Z   File "/usr/local/lib/python3.13/site-packages/starlette/routing.py", line 736, in app
2026-09-09T20:33:17.200794514Z     await route.handle(scope, receive, send)
2026-09-09T20:33:17.200798863Z   File "/usr/local/lib/python3.13/site-packages/starlette/routing.py", line 290, in handle
2026-09-09T20:33:17.200803191Z     await self.app(scope, receive, send)
2026-09-09T20:33:17.200807490Z   File "/usr/local/lib/python3.13/site-packages/fastapi/routing.py", line 134, in app
2026-09-09T20:33:17.200811798Z     await wrap_app_handling_exceptions(app, request)(scope, receive, send)
2026-09-09T20:33:17.200816087Z   File "/usr/local/lib/python3.13/site-packages/starlette/_exception_handler.py", line 53, in wrapped_app
2026-09-09T20:33:17.200820395Z     raise exc
2026-09-09T20:33:17.200824714Z   File "/usr/local/lib/python3.13/site-packages/starlette/_exception_handler.py", line 42, in wrapped_app
2026-09-09T20:33:17.200829052Z     await app(scope, receive, sender)
2026-09-09T20:33:17.200833752Z   File "/usr/local/lib/python3.13/site-packages/fastapi/routing.py", line 120, in app
2026-09-09T20:33:17.200838802Z     response = await f(request)
2026-09-09T20:33:17.200843130Z                ^^^^^^^^^^^^^^^^
2026-09-09T20:33:17.200847419Z   File "/usr/local/lib/python3.13/site-packages/fastapi/routing.py", line 674, in app
2026-09-09T20:33:17.200851968Z     raw_response = await run_endpoint_function(
2026-09-09T20:33:17.200856326Z                    ^^^^^^^^^^^^^^^^^^^^^^^^^^^^
2026-09-09T20:33:17.200861306Z     ...<3 lines>...
2026-09-09T20:33:17.200865615Z     )
2026-09-09T20:33:17.200870053Z     ^
2026-09-09T20:33:17.200874412Z   File "/usr/local/lib/python3.13/site-packages/fastapi/routing.py", line 330, in run_endpoint_function
2026-09-09T20:33:17.200889261Z     return await run_in_threadpool(dependant.call, **values)
2026-09-09T20:33:17.200893730Z            ^^^^^^^^^^^^^^^^^^^^^^^^^^^^^^^^^^^^^^^^^^^^^^^^^
2026-09-09T20:33:17.200931455Z   File "/usr/local/lib/python3.13/site-packages/starlette/concurrency.py", line 32, in run_in_threadpool
2026-09-09T20:33:17.200936605Z     return await anyio.to_thread.run_sync(func)
2026-09-09T20:33:17.200941144Z            ^^^^^^^^^^^^^^^^^^^^^^^^^^^^^^^^^^^^
2026-09-09T20:33:17.200945523Z   File "/usr/local/lib/python3.13/site-packages/anyio/to_thread.py", line 63, in run_sync
2026-09-09T20:33:17.200949941Z     return await get_async_backend().run_sync_in_worker_thread(
2026-09-09T20:33:17.200954340Z            ^^^^^^^^^^^^^^^^^^^^^^^^^^^^^^^^^^^^^^^^^^^^^^^^^^^^
2026-09-09T20:33:17.200958729Z         func, args, abandon_on_cancel=abandon_on_cancel, limiter=limiter
2026-09-09T20:33:17.200963057Z         ^^^^^^^^^^^^^^^^^^^^^^^^^^^^^^^^^^^^^^^^^^^^^^^^^^^^^^^^^^^^^^^^
2026-09-09T20:33:17.200967406Z     )
2026-09-09T20:33:17.200971764Z     ^
2026-09-09T20:33:17.200976093Z   File "/usr/local/lib/python3.13/site-packages/anyio/_backends/_asyncio.py", line 2518, in run_sync_in_worker_thread
2026-09-09T20:33:17.200980482Z     return await future
2026-09-09T20:33:17.200984930Z            ^^^^^^^^^^^^
2026-09-09T20:33:17.200989319Z   File "/usr/local/lib/python3.13/site-packages/anyio/_backends/_asyncio.py", line 1002, in run
2026-09-09T20:33:17.200993688Z     result = context.run(func, *args)
2026-09-09T20:33:17.200998026Z   File "/app/app/routers/orders.py", line 36, in checkout
2026-09-09T20:33:17.201002395Z     return create_order(
2026-09-09T20:33:17.201006794Z         db=db,
2026-09-09T20:33:17.201011212Z     ...<2 lines>...
2026-09-09T20:33:17.201015571Z         correlation_id=correlation_id,
2026-09-09T20:33:17.201019960Z     )
2026-09-09T20:33:17.201024428Z   File "/app/app/services/order_service.py", line 42, in create_order
2026-09-09T20:33:17.201028797Z     result = db.execute(
2026-09-09T20:33:17.201033166Z         select(ProductModel).where(ProductModel.id == product_id)
2026-09-09T20:33:17.201037554Z     )
2026-09-09T20:33:17.201041943Z   File "/usr/local/lib/python3.13/site-packages/sqlalchemy/orm/session.py", line 2372, in execute
2026-09-09T20:33:17.201046302Z     return self._execute_internal(
2026-09-09T20:33:17.201093645Z            ~~~~~~~~~~~~~~~~~~~~~~^
2026-09-09T20:33:17.201098405Z         statement,
2026-09-09T20:33:17.201102783Z         ^^^^^^^^^^
2026-09-09T20:33:17.201107142Z     ...<4 lines>...
2026-09-09T20:33:17.201111490Z         _add_event=_add_event,
2026-09-09T20:33:17.201115859Z         ^^^^^^^^^^^^^^^^^^^^^^
2026-09-09T20:33:17.201128173Z     )
2026-09-09T20:33:17.201132572Z     ^
2026-09-09T20:33:17.201136981Z   File "/usr/local/lib/python3.13/site-packages/sqlalchemy/orm/session.py", line 2260, in _execute_internal
2026-09-09T20:33:17.201141430Z     conn = self._connection_for_bind(bind)
2026-09-09T20:33:17.201148624Z   File "/usr/local/lib/python3.13/site-packages/sqlalchemy/orm/session.py", line 2112, in _connection_for_bind
2026-09-09T20:33:17.201153183Z     return trans._connection_for_bind(engine, execution_options)
2026-09-09T20:33:17.201157551Z            ~~~~~~~~~~~~~~~~~~~~~~~~~~^^^^^^^^^^^^^^^^^^^^^^^^^^^
2026-09-09T20:33:17.201161910Z   File "<string>", line 2, in _connection_for_bind
2026-09-09T20:33:17.201166309Z   File "/usr/local/lib/python3.13/site-packages/sqlalchemy/orm/state_changes.py", line 137, in _go
2026-09-09T20:33:17.201170647Z     ret_value = fn(self, *arg, **kw)
2026-09-09T20:33:17.201174976Z   File "/usr/local/lib/python3.13/site-packages/sqlalchemy/orm/session.py", line 1191, in _connection_for_bind
2026-09-09T20:33:17.201191078Z     conn = bind.connect()
2026-09-09T20:33:17.201197841Z   File "/usr/local/lib/python3.13/site-packages/opentelemetry/instrumentation/sqlalchemy/engine.py", line 200, in _wrap_connect_internal
2026-09-09T20:33:17.201202360Z     return func(*args, **kwargs)
2026-09-09T20:33:17.201206749Z   File "/usr/local/lib/python3.13/site-packages/sqlalchemy/engine/base.py", line 3295, in connect
2026-09-09T20:33:17.201211097Z     return self._connection_cls(self)
2026-09-09T20:33:17.201215436Z            ~~~~~~~~~~~~~~~~~~~~^^^^^^
2026-09-09T20:33:17.201219744Z   File "/usr/local/lib/python3.13/site-packages/sqlalchemy/engine/base.py", line 144, in __init__
2026-09-09T20:33:17.201224053Z     self._dbapi_connection = engine.raw_connection()
2026-09-09T20:33:17.201228462Z                              ~~~~~~~~~~~~~~~~~~~~~^^
2026-09-09T20:33:17.201232780Z   File "/usr/local/lib/python3.13/site-packages/sqlalchemy/engine/base.py", line 3319, in raw_connection
2026-09-09T20:33:17.201237149Z     return self.pool.connect()
2026-09-09T20:33:17.201241457Z            ~~~~~~~~~~~~~~~~~^^
2026-09-09T20:33:17.201245886Z   File "/usr/local/lib/python3.13/site-packages/sqlalchemy/pool/base.py", line 448, in connect
2026-09-09T20:33:17.201250255Z     return _ConnectionFairy._checkout(self)
2026-09-09T20:33:17.201254613Z            ~~~~~~~~~~~~~~~~~~~~~~~~~~^^^^^^
2026-09-09T20:33:17.201297799Z   File "/usr/local/lib/python3.13/site-packages/sqlalchemy/pool/base.py", line 1272, in _checkout
2026-09-09T20:33:17.201305854Z     fairy = _ConnectionRecord.checkout(pool)
2026-09-09T20:33:17.201310273Z   File "/usr/local/lib/python3.13/site-packages/sqlalchemy/pool/base.py", line 712, in checkout
2026-09-09T20:33:17.201314622Z     rec = pool._do_get()
2026-09-09T20:33:17.201318910Z   File "/usr/local/lib/python3.13/site-packages/sqlalchemy/pool/impl.py", line 167, in _do_get
2026-09-09T20:33:17.201323259Z     raise exc.TimeoutError(
2026-09-09T20:33:17.201327537Z     ...<4 lines>...
2026-09-09T20:33:17.201331896Z     )
2026-09-09T20:33:17.201336796Z sqlalchemy.exc.TimeoutError: QueuePool limit of size 5 overflow 10 reached, connection timed out, timeout 30.00 (Background on this error at: https://sqlalche.me/e/20/3o7r)
2026-09-09T20:33:17.578045871Z ERROR:    Exception in ASGI application
2026-09-09T20:33:17.578092843Z Traceback (most recent call last):
2026-09-09T20:33:17.578096711Z   File "/usr/local/lib/python3.13/site-packages/uvicorn/protocols/http/httptools_impl.py", line 421, in run_asgi
2026-09-09T20:33:17.578099476Z     result = await app(  # type: ignore[func-returns-value]
2026-09-09T20:33:17.578101390Z              ^^^^^^^^^^^^^^^^^^^^^^^^^^^^^^^^^^^^^^^^^^^^^^
2026-09-09T20:33:17.578103324Z         self.scope, self.receive, self.send
2026-09-09T20:33:17.578105358Z         ^^^^^^^^^^^^^^^^^^^^^^^^^^^^^^^^^^^
2026-09-09T20:33:17.578107643Z     )
2026-09-09T20:33:17.578109617Z     ^
2026-09-09T20:33:17.578111570Z   File "/usr/local/lib/python3.13/site-packages/uvicorn/middleware/proxy_headers.py", line 63, in __call__
2026-09-09T20:33:17.578113564Z     return await self.app(scope, receive, send)
2026-09-09T20:33:17.578115558Z            ^^^^^^^^^^^^^^^^^^^^^^^^^^^^^^^^^^^^
2026-09-09T20:33:17.578118574Z   File "/usr/local/lib/python3.13/site-packages/fastapi/applications.py", line 1159, in __call__
2026-09-09T20:33:17.578120688Z     await super().__call__(scope, receive, send)
2026-09-09T20:33:17.578122582Z   File "/usr/local/lib/python3.13/site-packages/starlette/applications.py", line 107, in __call__
2026-09-09T20:33:17.578124756Z     await self.middleware_stack(scope, receive, send)
2026-09-09T20:33:17.578149345Z   File "/usr/local/lib/python3.13/site-packages/starlette/middleware/errors.py", line 186, in __call__
2026-09-09T20:33:17.578151439Z     raise exc
2026-09-09T20:33:17.578153393Z   File "/usr/local/lib/python3.13/site-packages/starlette/middleware/errors.py", line 164, in __call__
2026-09-09T20:33:17.578155327Z     await self.app(scope, receive, _send)
2026-09-09T20:33:17.578157862Z   File "/usr/local/lib/python3.13/site-packages/opentelemetry/instrumentation/asgi/__init__.py", line 806, in __call__
2026-09-09T20:33:17.578159786Z     await self.app(scope, otel_receive, otel_send)
2026-09-09T20:33:17.578162100Z   File "/usr/local/lib/python3.13/site-packages/starlette/middleware/errors.py", line 186, in __call__
2026-09-09T20:33:17.578164164Z     raise exc
2026-09-09T20:33:17.578166419Z   File "/usr/local/lib/python3.13/site-packages/starlette/middleware/errors.py", line 164, in __call__
2026-09-09T20:33:17.578168333Z     await self.app(scope, receive, _send)
2026-09-09T20:33:17.578170246Z   File "/usr/local/lib/python3.13/site-packages/opentelemetry/instrumentation/fastapi/__init__.py", line 305, in __call__
2026-09-09T20:33:17.578172150Z     await self.app(scope, receive, send)
2026-09-09T20:33:17.578174074Z   File "/usr/local/lib/python3.13/site-packages/prometheus_fastapi_instrumentator/middleware.py", line 177, in __call__
2026-09-09T20:33:17.578176028Z     raise exc
2026-09-09T20:33:17.578177921Z   File "/usr/local/lib/python3.13/site-packages/prometheus_fastapi_instrumentator/middleware.py", line 175, in __call__
2026-09-09T20:33:17.578179845Z     await self.app(scope, receive, send_wrapper)
2026-09-09T20:33:17.578181739Z   File "/usr/local/lib/python3.13/site-packages/starlette/middleware/exceptions.py", line 63, in __call__
2026-09-09T20:33:17.578184414Z     await wrap_app_handling_exceptions(self.app, conn)(scope, receive, send)
2026-09-09T20:33:17.578186318Z   File "/usr/local/lib/python3.13/site-packages/starlette/_exception_handler.py", line 53, in wrapped_app
2026-09-09T20:33:17.578188212Z     raise exc
2026-09-09T20:33:17.578190116Z   File "/usr/local/lib/python3.13/site-packages/starlette/_exception_handler.py", line 42, in wrapped_app
2026-09-09T20:33:17.578192009Z     await app(scope, receive, sender)
2026-09-09T20:33:17.578193913Z   File "/usr/local/lib/python3.13/site-packages/fastapi/middleware/asyncexitstack.py", line 18, in __call__
2026-09-09T20:33:17.578195837Z     await self.app(scope, receive, send)
2026-09-09T20:33:17.578197771Z   File "/usr/local/lib/python3.13/site-packages/starlette/routing.py", line 716, in __call__
2026-09-09T20:33:17.578199674Z     await self.middleware_stack(scope, receive, send)
2026-09-09T20:33:17.578201769Z   File "/usr/local/lib/python3.13/site-packages/starlette/routing.py", line 736, in app
2026-09-09T20:33:17.578203672Z     await route.handle(scope, receive, send)
2026-09-09T20:33:17.578205867Z   File "/usr/local/lib/python3.13/site-packages/starlette/routing.py", line 290, in handle
2026-09-09T20:33:17.578208101Z     await self.app(scope, receive, send)
2026-09-09T20:33:17.578210045Z   File "/usr/local/lib/python3.13/site-packages/fastapi/routing.py", line 134, in app
2026-09-09T20:33:17.578212039Z     await wrap_app_handling_exceptions(app, request)(scope, receive, send)
2026-09-09T20:33:17.578213963Z   File "/usr/local/lib/python3.13/site-packages/starlette/_exception_handler.py", line 53, in wrapped_app
2026-09-09T20:33:17.578215886Z     raise exc
2026-09-09T20:33:17.578217800Z   File "/usr/local/lib/python3.13/site-packages/starlette/_exception_handler.py", line 42, in wrapped_app
2026-09-09T20:33:17.578219714Z     await app(scope, receive, sender)
2026-09-09T20:33:17.578221788Z   File "/usr/local/lib/python3.13/site-packages/fastapi/routing.py", line 120, in app
2026-09-09T20:33:17.578229674Z     response = await f(request)
2026-09-09T20:33:17.578231658Z                ^^^^^^^^^^^^^^^^
2026-09-09T20:33:17.578233712Z   File "/usr/local/lib/python3.13/site-packages/fastapi/routing.py", line 674, in app
2026-09-09T20:33:17.578235635Z     raw_response = await run_endpoint_function(
2026-09-09T20:33:17.578237569Z                    ^^^^^^^^^^^^^^^^^^^^^^^^^^^^
2026-09-09T20:33:17.578240245Z     ...<3 lines>...
2026-09-09T20:33:17.578242208Z     )
2026-09-09T20:33:17.578244383Z     ^
2026-09-09T20:33:17.578246337Z   File "/usr/local/lib/python3.13/site-packages/fastapi/routing.py", line 330, in run_endpoint_function
2026-09-09T20:33:17.578248240Z     return await run_in_threadpool(dependant.call, **values)
2026-09-09T20:33:17.578250184Z            ^^^^^^^^^^^^^^^^^^^^^^^^^^^^^^^^^^^^^^^^^^^^^^^^^
2026-09-09T20:33:17.578293800Z   File "/usr/local/lib/python3.13/site-packages/starlette/concurrency.py", line 32, in run_in_threadpool
2026-09-09T20:33:17.578298680Z     return await anyio.to_thread.run_sync(func)
2026-09-09T20:33:17.578300934Z            ^^^^^^^^^^^^^^^^^^^^^^^^^^^^^^^^^^^^
2026-09-09T20:33:17.578302898Z   File "/usr/local/lib/python3.13/site-packages/anyio/to_thread.py", line 63, in run_sync
2026-09-09T20:33:17.578304882Z     return await get_async_backend().run_sync_in_worker_thread(
2026-09-09T20:33:17.578306796Z            ^^^^^^^^^^^^^^^^^^^^^^^^^^^^^^^^^^^^^^^^^^^^^^^^^^^^
2026-09-09T20:33:17.578308760Z         func, args, abandon_on_cancel=abandon_on_cancel, limiter=limiter
2026-09-09T20:33:17.578310694Z         ^^^^^^^^^^^^^^^^^^^^^^^^^^^^^^^^^^^^^^^^^^^^^^^^^^^^^^^^^^^^^^^^
2026-09-09T20:33:17.578312658Z     )
2026-09-09T20:33:17.578314581Z     ^
2026-09-09T20:33:17.578316525Z   File "/usr/local/lib/python3.13/site-packages/anyio/_backends/_asyncio.py", line 2518, in run_sync_in_worker_thread
2026-09-09T20:33:17.578318449Z     return await future
2026-09-09T20:33:17.578320383Z            ^^^^^^^^^^^^
2026-09-09T20:33:17.578322297Z   File "/usr/local/lib/python3.13/site-packages/anyio/_backends/_asyncio.py", line 1002, in run
2026-09-09T20:33:17.578324261Z     result = context.run(func, *args)
2026-09-09T20:33:17.578326194Z   File "/app/app/routers/orders.py", line 36, in checkout
2026-09-09T20:33:17.578328118Z     return create_order(
2026-09-09T20:33:17.578330062Z         db=db,
2026-09-09T20:33:17.578332016Z     ...<2 lines>...
2026-09-09T20:33:17.578333970Z         correlation_id=correlation_id,
2026-09-09T20:33:17.578335914Z     )
2026-09-09T20:33:17.578337867Z   File "/app/app/services/order_service.py", line 42, in create_order
2026-09-09T20:33:17.578339821Z     result = db.execute(
2026-09-09T20:33:17.578341755Z         select(ProductModel).where(ProductModel.id == product_id)
2026-09-09T20:33:17.578343669Z     )
2026-09-09T20:33:17.578345623Z   File "/usr/local/lib/python3.13/site-packages/sqlalchemy/orm/session.py", line 2372, in execute
2026-09-09T20:33:17.578347537Z     return self._execute_internal(
2026-09-09T20:33:17.578349450Z            ~~~~~~~~~~~~~~~~~~~~~~^
2026-09-09T20:33:17.578351374Z         statement,
2026-09-09T20:33:17.578353298Z         ^^^^^^^^^^
2026-09-09T20:33:17.578355242Z     ...<4 lines>...
2026-09-09T20:33:17.578357146Z         _add_event=_add_event,
2026-09-09T20:33:17.578359069Z         ^^^^^^^^^^^^^^^^^^^^^^
2026-09-09T20:33:17.578360943Z     )
2026-09-09T20:33:17.578362827Z     ^
2026-09-09T20:33:17.578364741Z   File "/usr/local/lib/python3.13/site-packages/sqlalchemy/orm/session.py", line 2260, in _execute_internal
2026-09-09T20:33:17.578375261Z     conn = self._connection_for_bind(bind)
2026-09-09T20:33:17.578377285Z   File "/usr/local/lib/python3.13/site-packages/sqlalchemy/orm/session.py", line 2112, in _connection_for_bind
2026-09-09T20:33:17.578379209Z     return trans._connection_for_bind(engine, execution_options)
2026-09-09T20:33:17.578381113Z            ~~~~~~~~~~~~~~~~~~~~~~~~~~^^^^^^^^^^^^^^^^^^^^^^^^^^^
2026-09-09T20:33:17.578383007Z   File "<string>", line 2, in _connection_for_bind
2026-09-09T20:33:17.578384900Z   File "/usr/local/lib/python3.13/site-packages/sqlalchemy/orm/state_changes.py", line 137, in _go
2026-09-09T20:33:17.578386814Z     ret_value = fn(self, *arg, **kw)
2026-09-09T20:33:17.578388718Z   File "/usr/local/lib/python3.13/site-packages/sqlalchemy/orm/session.py", line 1191, in _connection_for_bind
2026-09-09T20:33:17.578390632Z     conn = bind.connect()
2026-09-09T20:33:17.578393087Z   File "/usr/local/lib/python3.13/site-packages/opentelemetry/instrumentation/sqlalchemy/engine.py", line 200, in _wrap_connect_internal
2026-09-09T20:33:17.578395030Z     return func(*args, **kwargs)
2026-09-09T20:33:17.578396944Z   File "/usr/local/lib/python3.13/site-packages/sqlalchemy/engine/base.py", line 3295, in connect
2026-09-09T20:33:17.578398868Z     return self._connection_cls(self)
2026-09-09T20:33:17.578400762Z            ~~~~~~~~~~~~~~~~~~~~^^^^^^
2026-09-09T20:33:17.578402655Z   File "/usr/local/lib/python3.13/site-packages/sqlalchemy/engine/base.py", line 144, in __init__
2026-09-09T20:33:17.578404950Z     self._dbapi_connection = engine.raw_connection()
2026-09-09T20:33:17.578406854Z                              ~~~~~~~~~~~~~~~~~~~~~^^
2026-09-09T20:33:17.578408737Z   File "/usr/local/lib/python3.13/site-packages/sqlalchemy/engine/base.py", line 3319, in raw_connection
2026-09-09T20:33:17.578410731Z     return self.pool.connect()
2026-09-09T20:33:17.578412625Z            ~~~~~~~~~~~~~~~~~^^
2026-09-09T20:33:17.578414539Z   File "/usr/local/lib/python3.13/site-packages/sqlalchemy/pool/base.py", line 448, in connect
2026-09-09T20:33:17.578416483Z     return _ConnectionFairy._checkout(self)
2026-09-09T20:33:17.578418427Z            ~~~~~~~~~~~~~~~~~~~~~~~~~~^^^^^^
2026-09-09T20:33:17.578420320Z   File "/usr/local/lib/python3.13/site-packages/sqlalchemy/pool/base.py", line 1272, in _checkout
2026-09-09T20:33:17.578422234Z     fairy = _ConnectionRecord.checkout(pool)
2026-09-09T20:33:17.578424138Z   File "/usr/local/lib/python3.13/site-packages/sqlalchemy/pool/base.py", line 712, in checkout
2026-09-09T20:33:17.578426062Z     rec = pool._do_get()
2026-09-09T20:33:17.578427985Z   File "/usr/local/lib/python3.13/site-packages/sqlalchemy/pool/impl.py", line 167, in _do_get
2026-09-09T20:33:17.578429909Z     raise exc.TimeoutError(
2026-09-09T20:33:17.578432023Z     ...<4 lines>...
2026-09-09T20:33:17.578433937Z     )
2026-09-09T20:33:17.578436362Z sqlalchemy.exc.TimeoutError: QueuePool limit of size 5 overflow 10 reached, connection timed out, timeout 30.00 (Background on this error at: https://sqlalche.me/e/20/3o7r)
2026-09-09T20:33:17.608504115Z ERROR:    Exception in ASGI application
2026-09-09T20:33:17.608545587Z Traceback (most recent call last):
2026-09-09T20:33:17.608551218Z   File "/usr/local/lib/python3.13/site-packages/uvicorn/protocols/http/httptools_impl.py", line 421, in run_asgi
2026-09-09T20:33:17.608556228Z     result = await app(  # type: ignore[func-returns-value]
2026-09-09T20:33:17.608560576Z              ^^^^^^^^^^^^^^^^^^^^^^^^^^^^^^^^^^^^^^^^^^^^^^
2026-09-09T20:33:17.608565245Z         self.scope, self.receive, self.send
2026-09-09T20:33:17.608569634Z         ^^^^^^^^^^^^^^^^^^^^^^^^^^^^^^^^^^^
2026-09-09T20:33:17.608573973Z     )
2026-09-09T20:33:17.608578361Z     ^
2026-09-09T20:33:17.608610645Z   File "/usr/local/lib/python3.13/site-packages/uvicorn/middleware/proxy_headers.py", line 63, in __call__
2026-09-09T20:33:17.608615445Z     return await self.app(scope, receive, send)
2026-09-09T20:33:17.608619803Z            ^^^^^^^^^^^^^^^^^^^^^^^^^^^^^^^^^^^^
2026-09-09T20:33:17.608625084Z   File "/usr/local/lib/python3.13/site-packages/fastapi/applications.py", line 1159, in __call__
2026-09-09T20:33:17.608629823Z     await super().__call__(scope, receive, send)
2026-09-09T20:33:17.608634162Z   File "/usr/local/lib/python3.13/site-packages/starlette/applications.py", line 107, in __call__
2026-09-09T20:33:17.608638901Z     await self.middleware_stack(scope, receive, send)
2026-09-09T20:33:17.608643640Z   File "/usr/local/lib/python3.13/site-packages/starlette/middleware/errors.py", line 186, in __call__
2026-09-09T20:33:17.608648059Z     raise exc
2026-09-09T20:33:17.608652708Z   File "/usr/local/lib/python3.13/site-packages/starlette/middleware/errors.py", line 164, in __call__
2026-09-09T20:33:17.608657137Z     await self.app(scope, receive, _send)
2026-09-09T20:33:17.608662007Z   File "/usr/local/lib/python3.13/site-packages/opentelemetry/instrumentation/asgi/__init__.py", line 806, in __call__
2026-09-09T20:33:17.608666305Z     await self.app(scope, otel_receive, otel_send)
2026-09-09T20:33:17.608670644Z   File "/usr/local/lib/python3.13/site-packages/starlette/middleware/errors.py", line 186, in __call__
2026-09-09T20:33:17.608675032Z     raise exc
2026-09-09T20:33:17.608679361Z   File "/usr/local/lib/python3.13/site-packages/starlette/middleware/errors.py", line 164, in __call__
2026-09-09T20:33:17.608683720Z     await self.app(scope, receive, _send)
2026-09-09T20:33:17.608688068Z   File "/usr/local/lib/python3.13/site-packages/opentelemetry/instrumentation/fastapi/__init__.py", line 305, in __call__
2026-09-09T20:33:17.608692447Z     await self.app(scope, receive, send)
2026-09-09T20:33:17.608696795Z   File "/usr/local/lib/python3.13/site-packages/prometheus_fastapi_instrumentator/middleware.py", line 177, in __call__
2026-09-09T20:33:17.608701104Z     raise exc
2026-09-09T20:33:17.608705382Z   File "/usr/local/lib/python3.13/site-packages/prometheus_fastapi_instrumentator/middleware.py", line 175, in __call__
2026-09-09T20:33:17.608709701Z     await self.app(scope, receive, send_wrapper)
2026-09-09T20:33:17.608714019Z   File "/usr/local/lib/python3.13/site-packages/starlette/middleware/exceptions.py", line 63, in __call__
2026-09-09T20:33:17.608718999Z     await wrap_app_handling_exceptions(self.app, conn)(scope, receive, send)
2026-09-09T20:33:17.608723338Z   File "/usr/local/lib/python3.13/site-packages/starlette/_exception_handler.py", line 53, in wrapped_app
2026-09-09T20:33:17.608727626Z     raise exc
2026-09-09T20:33:17.608731935Z   File "/usr/local/lib/python3.13/site-packages/starlette/_exception_handler.py", line 42, in wrapped_app
2026-09-09T20:33:17.608736233Z     await app(scope, receive, sender)
2026-09-09T20:33:17.608740532Z   File "/usr/local/lib/python3.13/site-packages/fastapi/middleware/asyncexitstack.py", line 18, in __call__
2026-09-09T20:33:17.608744820Z     await self.app(scope, receive, send)
2026-09-09T20:33:17.608749119Z   File "/usr/local/lib/python3.13/site-packages/starlette/routing.py", line 716, in __call__
2026-09-09T20:33:17.608753447Z     await self.middleware_stack(scope, receive, send)
2026-09-09T20:33:17.608757756Z   File "/usr/local/lib/python3.13/site-packages/starlette/routing.py", line 736, in app
2026-09-09T20:33:17.608762054Z     await route.handle(scope, receive, send)
2026-09-09T20:33:17.608766353Z   File "/usr/local/lib/python3.13/site-packages/starlette/routing.py", line 290, in handle
2026-09-09T20:33:17.608781092Z     await self.app(scope, receive, send)
2026-09-09T20:33:17.608823546Z   File "/usr/local/lib/python3.13/site-packages/fastapi/routing.py", line 134, in app
2026-09-09T20:33:17.608830469Z     await wrap_app_handling_exceptions(app, request)(scope, receive, send)
2026-09-09T20:33:17.608834878Z   File "/usr/local/lib/python3.13/site-packages/starlette/_exception_handler.py", line 53, in wrapped_app
2026-09-09T20:33:17.608839347Z     raise exc
2026-09-09T20:33:17.608843696Z   File "/usr/local/lib/python3.13/site-packages/starlette/_exception_handler.py", line 42, in wrapped_app
2026-09-09T20:33:17.608848074Z     await app(scope, receive, sender)
2026-09-09T20:33:17.608852894Z   File "/usr/local/lib/python3.13/site-packages/fastapi/routing.py", line 120, in app
2026-09-09T20:33:17.608858234Z     response = await f(request)
2026-09-09T20:33:17.608862583Z                ^^^^^^^^^^^^^^^^
2026-09-09T20:33:17.608866861Z   File "/usr/local/lib/python3.13/site-packages/fastapi/routing.py", line 674, in app
2026-09-09T20:33:17.608871160Z     raw_response = await run_endpoint_function(
2026-09-09T20:33:17.608875579Z                    ^^^^^^^^^^^^^^^^^^^^^^^^^^^^
2026-09-09T20:33:17.608880148Z     ...<3 lines>...
2026-09-09T20:33:17.608884476Z     )
2026-09-09T20:33:17.608888905Z     ^
2026-09-09T20:33:17.608893203Z   File "/usr/local/lib/python3.13/site-packages/fastapi/routing.py", line 330, in run_endpoint_function
2026-09-09T20:33:17.608897522Z     return await run_in_threadpool(dependant.call, **values)
2026-09-09T20:33:17.608901830Z            ^^^^^^^^^^^^^^^^^^^^^^^^^^^^^^^^^^^^^^^^^^^^^^^^^
2026-09-09T20:33:17.608976007Z   File "/usr/local/lib/python3.13/site-packages/starlette/concurrency.py", line 32, in run_in_threadpool
2026-09-09T20:33:17.608986398Z     return await anyio.to_thread.run_sync(func)
2026-09-09T20:33:17.608990916Z            ^^^^^^^^^^^^^^^^^^^^^^^^^^^^^^^^^^^^
2026-09-09T20:33:17.608995305Z   File "/usr/local/lib/python3.13/site-packages/anyio/to_thread.py", line 63, in run_sync
2026-09-09T20:33:17.608999674Z     return await get_async_backend().run_sync_in_worker_thread(
2026-09-09T20:33:17.609004153Z            ^^^^^^^^^^^^^^^^^^^^^^^^^^^^^^^^^^^^^^^^^^^^^^^^^^^^
2026-09-09T20:33:17.609008481Z         func, args, abandon_on_cancel=abandon_on_cancel, limiter=limiter
2026-09-09T20:33:17.609012760Z         ^^^^^^^^^^^^^^^^^^^^^^^^^^^^^^^^^^^^^^^^^^^^^^^^^^^^^^^^^^^^^^^^
2026-09-09T20:33:17.609017268Z     )
2026-09-09T20:33:17.609021587Z     ^
2026-09-09T20:33:17.609025876Z   File "/usr/local/lib/python3.13/site-packages/anyio/_backends/_asyncio.py", line 2518, in run_sync_in_worker_thread
2026-09-09T20:33:17.609030214Z     return await future
2026-09-09T20:33:17.609034503Z            ^^^^^^^^^^^^
2026-09-09T20:33:17.609038771Z   File "/usr/local/lib/python3.13/site-packages/anyio/_backends/_asyncio.py", line 1002, in run
2026-09-09T20:33:17.609043069Z     result = context.run(func, *args)
2026-09-09T20:33:17.609047358Z   File "/app/app/routers/orders.py", line 36, in checkout
2026-09-09T20:33:17.609115112Z     return create_order(
2026-09-09T20:33:17.609130302Z         db=db,
2026-09-09T20:33:17.609134791Z     ...<2 lines>...
2026-09-09T20:33:17.609139199Z         correlation_id=correlation_id,
2026-09-09T20:33:17.609143558Z     )
2026-09-09T20:33:17.609148027Z   File "/app/app/services/order_service.py", line 42, in create_order
2026-09-09T20:33:17.609152385Z     result = db.execute(
2026-09-09T20:33:17.609156734Z         select(ProductModel).where(ProductModel.id == product_id)
2026-09-09T20:33:17.609161173Z     )
2026-09-09T20:33:17.609165541Z   File "/usr/local/lib/python3.13/site-packages/sqlalchemy/orm/session.py", line 2372, in execute
2026-09-09T20:33:17.609191282Z     return self._execute_internal(
2026-09-09T20:33:17.609195871Z            ~~~~~~~~~~~~~~~~~~~~~~^
2026-09-09T20:33:17.609200220Z         statement,
2026-09-09T20:33:17.609204589Z         ^^^^^^^^^^
2026-09-09T20:33:17.609209067Z     ...<4 lines>...
2026-09-09T20:33:17.609213456Z         _add_event=_add_event,
2026-09-09T20:33:17.609217875Z         ^^^^^^^^^^^^^^^^^^^^^^
2026-09-09T20:33:17.609222163Z     )
2026-09-09T20:33:17.609226462Z     ^
2026-09-09T20:33:17.609230800Z   File "/usr/local/lib/python3.13/site-packages/sqlalchemy/orm/session.py", line 2260, in _execute_internal
2026-09-09T20:33:17.609235169Z     conn = self._connection_for_bind(bind)
2026-09-09T20:33:17.609239457Z   File "/usr/local/lib/python3.13/site-packages/sqlalchemy/orm/session.py", line 2112, in _connection_for_bind
2026-09-09T20:33:17.609243786Z     return trans._connection_for_bind(engine, execution_options)
2026-09-09T20:33:17.609248085Z            ~~~~~~~~~~~~~~~~~~~~~~~~~~^^^^^^^^^^^^^^^^^^^^^^^^^^^
2026-09-09T20:33:17.609252443Z   File "<string>", line 2, in _connection_for_bind
2026-09-09T20:33:17.609256742Z   File "/usr/local/lib/python3.13/site-packages/sqlalchemy/orm/state_changes.py", line 137, in _go
2026-09-09T20:33:17.609261160Z     ret_value = fn(self, *arg, **kw)
2026-09-09T20:33:17.609265489Z   File "/usr/local/lib/python3.13/site-packages/sqlalchemy/orm/session.py", line 1191, in _connection_for_bind
2026-09-09T20:33:17.609269827Z     conn = bind.connect()
2026-09-09T20:33:17.609274757Z   File "/usr/local/lib/python3.13/site-packages/opentelemetry/instrumentation/sqlalchemy/engine.py", line 200, in _wrap_connect_internal
2026-09-09T20:33:17.609279146Z     return func(*args, **kwargs)
2026-09-09T20:33:17.609283585Z   File "/usr/local/lib/python3.13/site-packages/sqlalchemy/engine/base.py", line 3295, in connect
2026-09-09T20:33:17.609287963Z     return self._connection_cls(self)
2026-09-09T20:33:17.609292292Z            ~~~~~~~~~~~~~~~~~~~~^^^^^^
2026-09-09T20:33:17.609296590Z   File "/usr/local/lib/python3.13/site-packages/sqlalchemy/engine/base.py", line 144, in __init__
2026-09-09T20:33:17.609300919Z     self._dbapi_connection = engine.raw_connection()
2026-09-09T20:33:17.609305237Z                              ~~~~~~~~~~~~~~~~~~~~~^^
2026-09-09T20:33:17.609309556Z   File "/usr/local/lib/python3.13/site-packages/sqlalchemy/engine/base.py", line 3319, in raw_connection
2026-09-09T20:33:17.609313885Z     return self.pool.connect()
2026-09-09T20:33:17.609318283Z            ~~~~~~~~~~~~~~~~~^^
2026-09-09T20:33:17.609322652Z   File "/usr/local/lib/python3.13/site-packages/sqlalchemy/pool/base.py", line 448, in connect
2026-09-09T20:33:17.609326990Z     return _ConnectionFairy._checkout(self)
2026-09-09T20:33:17.609331299Z            ~~~~~~~~~~~~~~~~~~~~~~~~~~^^^^^^
2026-09-09T20:33:17.609335607Z   File "/usr/local/lib/python3.13/site-packages/sqlalchemy/pool/base.py", line 1272, in _checkout
2026-09-09T20:33:17.609339926Z     fairy = _ConnectionRecord.checkout(pool)
2026-09-09T20:33:17.609344255Z   File "/usr/local/lib/python3.13/site-packages/sqlalchemy/pool/base.py", line 712, in checkout
2026-09-09T20:33:17.609348573Z     rec = pool._do_get()
2026-09-09T20:33:17.609352892Z   File "/usr/local/lib/python3.13/site-packages/sqlalchemy/pool/impl.py", line 167, in _do_get
2026-09-09T20:33:17.609357280Z     raise exc.TimeoutError(
2026-09-09T20:33:17.609361629Z     ...<4 lines>...
2026-09-09T20:33:17.609365937Z     )
2026-09-09T20:33:17.609371138Z sqlalchemy.exc.TimeoutError: QueuePool limit of size 5 overflow 10 reached, connection timed out, timeout 30.00 (Background on this error at: https://sqlalche.me/e/20/3o7r)
2026-09-09T20:33:18.479163905Z ERROR:    Exception in ASGI application
2026-09-09T20:33:18.479213483Z Traceback (most recent call last):
2026-09-09T20:33:18.479218052Z   File "/usr/local/lib/python3.13/site-packages/uvicorn/protocols/http/httptools_impl.py", line 421, in run_asgi
2026-09-09T20:33:18.479222751Z     result = await app(  # type: ignore[func-returns-value]
2026-09-09T20:33:18.479226168Z              ^^^^^^^^^^^^^^^^^^^^^^^^^^^^^^^^^^^^^^^^^^^^^^
2026-09-09T20:33:18.479229665Z         self.scope, self.receive, self.send
2026-09-09T20:33:18.479233032Z         ^^^^^^^^^^^^^^^^^^^^^^^^^^^^^^^^^^^
2026-09-09T20:33:18.479236629Z     )
2026-09-09T20:33:18.479240025Z     ^
2026-09-09T20:33:18.479243422Z   File "/usr/local/lib/python3.13/site-packages/uvicorn/middleware/proxy_headers.py", line 63, in __call__
2026-09-09T20:33:18.479246829Z     return await self.app(scope, receive, send)
2026-09-09T20:33:18.479250376Z            ^^^^^^^^^^^^^^^^^^^^^^^^^^^^^^^^^^^^
2026-09-09T20:33:18.479254374Z   File "/usr/local/lib/python3.13/site-packages/fastapi/applications.py", line 1159, in __call__
2026-09-09T20:33:18.479257760Z     await super().__call__(scope, receive, send)
2026-09-09T20:33:18.479261167Z   File "/usr/local/lib/python3.13/site-packages/starlette/applications.py", line 107, in __call__
2026-09-09T20:33:18.479264614Z     await self.middleware_stack(scope, receive, send)
2026-09-09T20:33:18.479268041Z   File "/usr/local/lib/python3.13/site-packages/starlette/middleware/errors.py", line 186, in __call__
2026-09-09T20:33:18.479271488Z     raise exc
2026-09-09T20:33:18.479274914Z   File "/usr/local/lib/python3.13/site-packages/starlette/middleware/errors.py", line 164, in __call__
2026-09-09T20:33:18.479278411Z     await self.app(scope, receive, _send)
2026-09-09T20:33:18.479282399Z   File "/usr/local/lib/python3.13/site-packages/opentelemetry/instrumentation/asgi/__init__.py", line 806, in __call__
2026-09-09T20:33:18.479285766Z     await self.app(scope, otel_receive, otel_send)
2026-09-09T20:33:18.479289132Z   File "/usr/local/lib/python3.13/site-packages/starlette/middleware/errors.py", line 186, in __call__
2026-09-09T20:33:18.479292489Z     raise exc
2026-09-09T20:33:18.479295996Z   File "/usr/local/lib/python3.13/site-packages/starlette/middleware/errors.py", line 164, in __call__
2026-09-09T20:33:18.479303300Z     await self.app(scope, receive, _send)
2026-09-09T20:33:18.479306917Z   File "/usr/local/lib/python3.13/site-packages/opentelemetry/instrumentation/fastapi/__init__.py", line 305, in __call__
2026-09-09T20:33:18.479310354Z     await self.app(scope, receive, send)
2026-09-09T20:33:18.479313991Z   File "/usr/local/lib/python3.13/site-packages/prometheus_fastapi_instrumentator/middleware.py", line 177, in __call__
2026-09-09T20:33:18.479317358Z     raise exc
2026-09-09T20:33:18.479320695Z   File "/usr/local/lib/python3.13/site-packages/prometheus_fastapi_instrumentator/middleware.py", line 175, in __call__
2026-09-09T20:33:18.479324051Z     await self.app(scope, receive, send_wrapper)
2026-09-09T20:33:18.479327398Z   File "/usr/local/lib/python3.13/site-packages/starlette/middleware/exceptions.py", line 63, in __call__
2026-09-09T20:33:18.479331506Z     await wrap_app_handling_exceptions(self.app, conn)(scope, receive, send)
2026-09-09T20:33:18.479335013Z   File "/usr/local/lib/python3.13/site-packages/starlette/_exception_handler.py", line 53, in wrapped_app
2026-09-09T20:33:18.479338380Z     raise exc
2026-09-09T20:33:18.479341967Z   File "/usr/local/lib/python3.13/site-packages/starlette/_exception_handler.py", line 42, in wrapped_app
2026-09-09T20:33:18.479345323Z     await app(scope, receive, sender)
2026-09-09T20:33:18.479348880Z   File "/usr/local/lib/python3.13/site-packages/fastapi/middleware/asyncexitstack.py", line 18, in __call__
2026-09-09T20:33:18.479371685Z     await self.app(scope, receive, send)
2026-09-09T20:33:18.479373810Z   File "/usr/local/lib/python3.13/site-packages/starlette/routing.py", line 716, in __call__
2026-09-09T20:33:18.479375754Z     await self.middleware_stack(scope, receive, send)
2026-09-09T20:33:18.479377798Z   File "/usr/local/lib/python3.13/site-packages/starlette/routing.py", line 736, in app
2026-09-09T20:33:18.479382707Z     await route.handle(scope, receive, send)
2026-09-09T20:33:18.479384701Z   File "/usr/local/lib/python3.13/site-packages/starlette/routing.py", line 290, in handle
2026-09-09T20:33:18.479386655Z     await self.app(scope, receive, send)
2026-09-09T20:33:18.479388579Z   File "/usr/local/lib/python3.13/site-packages/fastapi/routing.py", line 134, in app
2026-09-09T20:33:18.479390503Z     await wrap_app_handling_exceptions(app, request)(scope, receive, send)
2026-09-09T20:33:18.479392426Z   File "/usr/local/lib/python3.13/site-packages/starlette/_exception_handler.py", line 53, in wrapped_app
2026-09-09T20:33:18.479394350Z     raise exc
2026-09-09T20:33:18.479396264Z   File "/usr/local/lib/python3.13/site-packages/starlette/_exception_handler.py", line 42, in wrapped_app
2026-09-09T20:33:18.479398208Z     await app(scope, receive, sender)
2026-09-09T20:33:18.479400162Z   File "/usr/local/lib/python3.13/site-packages/fastapi/routing.py", line 120, in app
2026-09-09T20:33:18.479402657Z     response = await f(request)
2026-09-09T20:33:18.479404590Z                ^^^^^^^^^^^^^^^^
2026-09-09T20:33:18.479406514Z   File "/usr/local/lib/python3.13/site-packages/fastapi/routing.py", line 674, in app
2026-09-09T20:33:18.479408438Z     raw_response = await run_endpoint_function(
2026-09-09T20:33:18.479410362Z                    ^^^^^^^^^^^^^^^^^^^^^^^^^^^^
2026-09-09T20:33:18.479412857Z     ...<3 lines>...
2026-09-09T20:33:18.479414811Z     )
2026-09-09T20:33:18.479416755Z     ^
2026-09-09T20:33:18.479418688Z   File "/usr/local/lib/python3.13/site-packages/fastapi/routing.py", line 330, in run_endpoint_function
2026-09-09T20:33:18.479420632Z     return await run_in_threadpool(dependant.call, **values)
2026-09-09T20:33:18.479422566Z            ^^^^^^^^^^^^^^^^^^^^^^^^^^^^^^^^^^^^^^^^^^^^^^^^^
2026-09-09T20:33:18.479445732Z   File "/usr/local/lib/python3.13/site-packages/starlette/concurrency.py", line 32, in run_in_threadpool
2026-09-09T20:33:18.479447846Z     return await anyio.to_thread.run_sync(func)
2026-09-09T20:33:18.479449910Z            ^^^^^^^^^^^^^^^^^^^^^^^^^^^^^^^^^^^^
2026-09-09T20:33:18.479452104Z   File "/usr/local/lib/python3.13/site-packages/anyio/to_thread.py", line 63, in run_sync
2026-09-09T20:33:18.479454058Z     return await get_async_backend().run_sync_in_worker_thread(
2026-09-09T20:33:18.479456052Z            ^^^^^^^^^^^^^^^^^^^^^^^^^^^^^^^^^^^^^^^^^^^^^^^^^^^^
2026-09-09T20:33:18.479457976Z         func, args, abandon_on_cancel=abandon_on_cancel, limiter=limiter
2026-09-09T20:33:18.479459920Z         ^^^^^^^^^^^^^^^^^^^^^^^^^^^^^^^^^^^^^^^^^^^^^^^^^^^^^^^^^^^^^^^^
2026-09-09T20:33:18.479461864Z     )
2026-09-09T20:33:18.479463807Z     ^
2026-09-09T20:33:18.479465811Z   File "/usr/local/lib/python3.13/site-packages/anyio/_backends/_asyncio.py", line 2518, in run_sync_in_worker_thread
2026-09-09T20:33:18.479467775Z     return await future
2026-09-09T20:33:18.479469729Z            ^^^^^^^^^^^^
2026-09-09T20:33:18.479471663Z   File "/usr/local/lib/python3.13/site-packages/anyio/_backends/_asyncio.py", line 1002, in run
2026-09-09T20:33:18.479473597Z     result = context.run(func, *args)
2026-09-09T20:33:18.479475551Z   File "/app/app/routers/orders.py", line 36, in checkout
2026-09-09T20:33:18.479483587Z     return create_order(
2026-09-09T20:33:18.479485631Z         db=db,
2026-09-09T20:33:18.479487625Z     ...<2 lines>...
2026-09-09T20:33:18.479489578Z         correlation_id=correlation_id,
2026-09-09T20:33:18.479491542Z     )
2026-09-09T20:33:18.479493526Z   File "/app/app/services/order_service.py", line 42, in create_order
2026-09-09T20:33:18.479495470Z     result = db.execute(
2026-09-09T20:33:18.479497434Z         select(ProductModel).where(ProductModel.id == product_id)
2026-09-09T20:33:18.479499398Z     )
2026-09-09T20:33:18.479501372Z   File "/usr/local/lib/python3.13/site-packages/sqlalchemy/orm/session.py", line 2372, in execute
2026-09-09T20:33:18.479503346Z     return self._execute_internal(
2026-09-09T20:33:18.479505420Z            ~~~~~~~~~~~~~~~~~~~~~~^
2026-09-09T20:33:18.479507374Z         statement,
2026-09-09T20:33:18.479509337Z         ^^^^^^^^^^
2026-09-09T20:33:18.479511271Z     ...<4 lines>...
2026-09-09T20:33:18.479513215Z         _add_event=_add_event,
2026-09-09T20:33:18.479515149Z         ^^^^^^^^^^^^^^^^^^^^^^
2026-09-09T20:33:18.479517083Z     )
2026-09-09T20:33:18.479519097Z     ^
2026-09-09T20:33:18.479521191Z   File "/usr/local/lib/python3.13/site-packages/sqlalchemy/orm/session.py", line 2260, in _execute_internal
2026-09-09T20:33:18.479523165Z     conn = self._connection_for_bind(bind)
2026-09-09T20:33:18.479525179Z   File "/usr/local/lib/python3.13/site-packages/sqlalchemy/orm/session.py", line 2112, in _connection_for_bind
2026-09-09T20:33:18.479527233Z     return trans._connection_for_bind(engine, execution_options)
2026-09-09T20:33:18.479529207Z            ~~~~~~~~~~~~~~~~~~~~~~~~~~^^^^^^^^^^^^^^^^^^^^^^^^^^^
2026-09-09T20:33:18.479531331Z   File "<string>", line 2, in _connection_for_bind
2026-09-09T20:33:18.479533275Z   File "/usr/local/lib/python3.13/site-packages/sqlalchemy/orm/state_changes.py", line 137, in _go
2026-09-09T20:33:18.479535229Z     ret_value = fn(self, *arg, **kw)
2026-09-09T20:33:18.479537253Z   File "/usr/local/lib/python3.13/site-packages/sqlalchemy/orm/session.py", line 1191, in _connection_for_bind
2026-09-09T20:33:18.479539176Z     conn = bind.connect()
2026-09-09T20:33:18.479542102Z   File "/usr/local/lib/python3.13/site-packages/opentelemetry/instrumentation/sqlalchemy/engine.py", line 200, in _wrap_connect_internal
2026-09-09T20:33:18.479544056Z     return func(*args, **kwargs)
2026-09-09T20:33:18.479546040Z   File "/usr/local/lib/python3.13/site-packages/sqlalchemy/engine/base.py", line 3295, in connect
2026-09-09T20:33:18.479547994Z     return self._connection_cls(self)
2026-09-09T20:33:18.479549928Z            ~~~~~~~~~~~~~~~~~~~~^^^^^^
2026-09-09T20:33:18.479551932Z   File "/usr/local/lib/python3.13/site-packages/sqlalchemy/engine/base.py", line 144, in __init__
2026-09-09T20:33:18.479554056Z     self._dbapi_connection = engine.raw_connection()
2026-09-09T20:33:18.479556020Z                              ~~~~~~~~~~~~~~~~~~~~~^^
2026-09-09T20:33:18.479558154Z   File "/usr/local/lib/python3.13/site-packages/sqlalchemy/engine/base.py", line 3319, in raw_connection
2026-09-09T20:33:18.479560098Z     return self.pool.connect()
2026-09-09T20:33:18.479562142Z            ~~~~~~~~~~~~~~~~~^^
2026-09-09T20:33:18.479564146Z   File "/usr/local/lib/python3.13/site-packages/sqlalchemy/pool/base.py", line 448, in connect
2026-09-09T20:33:18.479568264Z     return _ConnectionFairy._checkout(self)
2026-09-09T20:33:18.479570338Z            ~~~~~~~~~~~~~~~~~~~~~~~~~~^^^^^^
2026-09-09T20:33:18.479572342Z   File "/usr/local/lib/python3.13/site-packages/sqlalchemy/pool/base.py", line 1272, in _checkout
2026-09-09T20:33:18.479579015Z     fairy = _ConnectionRecord.checkout(pool)
2026-09-09T20:33:18.479581169Z   File "/usr/local/lib/python3.13/site-packages/sqlalchemy/pool/base.py", line 712, in checkout
2026-09-09T20:33:18.479583103Z     rec = pool._do_get()
2026-09-09T20:33:18.479585127Z   File "/usr/local/lib/python3.13/site-packages/sqlalchemy/pool/impl.py", line 167, in _do_get
2026-09-09T20:33:18.479587071Z     raise exc.TimeoutError(
2026-09-09T20:33:18.479589015Z     ...<4 lines>...
2026-09-09T20:33:18.479591029Z     )
2026-09-09T20:33:18.479593674Z sqlalchemy.exc.TimeoutError: QueuePool limit of size 5 overflow 10 reached, connection timed out, timeout 30.00 (Background on this error at: https://sqlalche.me/e/20/3o7r)
2026-09-09T20:33:18.776802642Z ERROR:    Exception in ASGI application
2026-09-09T20:33:18.776855557Z Traceback (most recent call last):
2026-09-09T20:33:18.776858603Z   File "/usr/local/lib/python3.13/site-packages/uvicorn/protocols/http/httptools_impl.py", line 421, in run_asgi
2026-09-09T20:33:18.776861208Z     result = await app(  # type: ignore[func-returns-value]
2026-09-09T20:33:18.776863292Z              ^^^^^^^^^^^^^^^^^^^^^^^^^^^^^^^^^^^^^^^^^^^^^^
2026-09-09T20:33:18.776865526Z         self.scope, self.receive, self.send
2026-09-09T20:33:18.776867520Z         ^^^^^^^^^^^^^^^^^^^^^^^^^^^^^^^^^^^
2026-09-09T20:33:18.776869474Z     )
2026-09-09T20:33:18.776871729Z     ^
2026-09-09T20:33:18.776879193Z   File "/usr/local/lib/python3.13/site-packages/uvicorn/middleware/proxy_headers.py", line 63, in __call__
2026-09-09T20:33:18.776881378Z     return await self.app(scope, receive, send)
2026-09-09T20:33:18.776883291Z            ^^^^^^^^^^^^^^^^^^^^^^^^^^^^^^^^^^^^
2026-09-09T20:33:18.776886087Z   File "/usr/local/lib/python3.13/site-packages/fastapi/applications.py", line 1159, in __call__
2026-09-09T20:33:18.776888061Z     await super().__call__(scope, receive, send)
2026-09-09T20:33:18.776890085Z   File "/usr/local/lib/python3.13/site-packages/starlette/applications.py", line 107, in __call__
2026-09-09T20:33:18.776892249Z     await self.middleware_stack(scope, receive, send)
2026-09-09T20:33:18.776894293Z   File "/usr/local/lib/python3.13/site-packages/starlette/middleware/errors.py", line 186, in __call__
2026-09-09T20:33:18.776896317Z     raise exc
2026-09-09T20:33:18.776898471Z   File "/usr/local/lib/python3.13/site-packages/starlette/middleware/errors.py", line 164, in __call__
2026-09-09T20:33:18.776900606Z     await self.app(scope, receive, _send)
2026-09-09T20:33:18.776903311Z   File "/usr/local/lib/python3.13/site-packages/opentelemetry/instrumentation/asgi/__init__.py", line 806, in __call__
2026-09-09T20:33:18.776905485Z     await self.app(scope, otel_receive, otel_send)
2026-09-09T20:33:18.776907549Z   File "/usr/local/lib/python3.13/site-packages/starlette/middleware/errors.py", line 186, in __call__
2026-09-09T20:33:18.776909654Z     raise exc
2026-09-09T20:33:18.776911728Z   File "/usr/local/lib/python3.13/site-packages/starlette/middleware/errors.py", line 164, in __call__
2026-09-09T20:33:18.776913812Z     await self.app(scope, receive, _send)
2026-09-09T20:33:18.776915786Z   File "/usr/local/lib/python3.13/site-packages/opentelemetry/instrumentation/fastapi/__init__.py", line 305, in __call__
2026-09-09T20:33:18.776917860Z     await self.app(scope, receive, send)
2026-09-09T20:33:18.776920074Z   File "/usr/local/lib/python3.13/site-packages/prometheus_fastapi_instrumentator/middleware.py", line 177, in __call__
2026-09-09T20:33:18.776922339Z     raise exc
2026-09-09T20:33:18.776924413Z   File "/usr/local/lib/python3.13/site-packages/prometheus_fastapi_instrumentator/middleware.py", line 175, in __call__
2026-09-09T20:33:18.776926637Z     await self.app(scope, receive, send_wrapper)
2026-09-09T20:33:18.776950474Z   File "/usr/local/lib/python3.13/site-packages/starlette/middleware/exceptions.py", line 63, in __call__
2026-09-09T20:33:18.776953430Z     await wrap_app_handling_exceptions(self.app, conn)(scope, receive, send)
2026-09-09T20:33:18.776955474Z   File "/usr/local/lib/python3.13/site-packages/starlette/_exception_handler.py", line 53, in wrapped_app
2026-09-09T20:33:18.776957598Z     raise exc
2026-09-09T20:33:18.776959562Z   File "/usr/local/lib/python3.13/site-packages/starlette/_exception_handler.py", line 42, in wrapped_app
2026-09-09T20:33:18.776961596Z     await app(scope, receive, sender)
2026-09-09T20:33:18.776963941Z   File "/usr/local/lib/python3.13/site-packages/fastapi/middleware/asyncexitstack.py", line 18, in __call__
2026-09-09T20:33:18.776965855Z     await self.app(scope, receive, send)
2026-09-09T20:33:18.776968089Z   File "/usr/local/lib/python3.13/site-packages/starlette/routing.py", line 716, in __call__
2026-09-09T20:33:18.776970143Z     await self.middleware_stack(scope, receive, send)
2026-09-09T20:33:18.776972197Z   File "/usr/local/lib/python3.13/site-packages/starlette/routing.py", line 736, in app
2026-09-09T20:33:18.776974121Z     await route.handle(scope, receive, send)
2026-09-09T20:33:18.776976325Z   File "/usr/local/lib/python3.13/site-packages/starlette/routing.py", line 290, in handle
2026-09-09T20:33:18.776978640Z     await self.app(scope, receive, send)
2026-09-09T20:33:18.776980784Z   File "/usr/local/lib/python3.13/site-packages/fastapi/routing.py", line 134, in app
2026-09-09T20:33:18.776982768Z     await wrap_app_handling_exceptions(app, request)(scope, receive, send)
2026-09-09T20:33:18.776984742Z   File "/usr/local/lib/python3.13/site-packages/starlette/_exception_handler.py", line 53, in wrapped_app
2026-09-09T20:33:18.776986756Z     raise exc
2026-09-09T20:33:18.776988880Z   File "/usr/local/lib/python3.13/site-packages/starlette/_exception_handler.py", line 42, in wrapped_app
2026-09-09T20:33:18.776991245Z     await app(scope, receive, sender)
2026-09-09T20:33:18.776993539Z   File "/usr/local/lib/python3.13/site-packages/fastapi/routing.py", line 120, in app
2026-09-09T20:33:18.776996305Z     response = await f(request)
2026-09-09T20:33:18.776999080Z                ^^^^^^^^^^^^^^^^
2026-09-09T20:33:18.777001124Z   File "/usr/local/lib/python3.13/site-packages/fastapi/routing.py", line 674, in app
2026-09-09T20:33:18.777003128Z     raw_response = await run_endpoint_function(
2026-09-09T20:33:18.777005272Z                    ^^^^^^^^^^^^^^^^^^^^^^^^^^^^
2026-09-09T20:33:18.777008268Z     ...<3 lines>...
2026-09-09T20:33:18.777010182Z     )
2026-09-09T20:33:18.777012296Z     ^
2026-09-09T20:33:18.777014461Z   File "/usr/local/lib/python3.13/site-packages/fastapi/routing.py", line 330, in run_endpoint_function
2026-09-09T20:33:18.777016414Z     return await run_in_threadpool(dependant.call, **values)
2026-09-09T20:33:18.777018368Z            ^^^^^^^^^^^^^^^^^^^^^^^^^^^^^^^^^^^^^^^^^^^^^^^^^
2026-09-09T20:33:18.777102154Z   File "/usr/local/lib/python3.13/site-packages/starlette/concurrency.py", line 32, in run_in_threadpool
2026-09-09T20:33:18.777112584Z     return await anyio.to_thread.run_sync(func)
2026-09-09T20:33:18.777114699Z            ^^^^^^^^^^^^^^^^^^^^^^^^^^^^^^^^^^^^
2026-09-09T20:33:18.777116943Z   File "/usr/local/lib/python3.13/site-packages/anyio/to_thread.py", line 63, in run_sync
2026-09-09T20:33:18.777122624Z     return await get_async_backend().run_sync_in_worker_thread(
2026-09-09T20:33:18.777124769Z            ^^^^^^^^^^^^^^^^^^^^^^^^^^^^^^^^^^^^^^^^^^^^^^^^^^^^
2026-09-09T20:33:18.777126953Z         func, args, abandon_on_cancel=abandon_on_cancel, limiter=limiter
2026-09-09T20:33:18.777139558Z         ^^^^^^^^^^^^^^^^^^^^^^^^^^^^^^^^^^^^^^^^^^^^^^^^^^^^^^^^^^^^^^^^
2026-09-09T20:33:18.777141592Z     )
2026-09-09T20:33:18.777143526Z     ^
2026-09-09T20:33:18.777145560Z   File "/usr/local/lib/python3.13/site-packages/anyio/_backends/_asyncio.py", line 2518, in run_sync_in_worker_thread
2026-09-09T20:33:18.777148014Z     return await future
2026-09-09T20:33:18.777150038Z            ^^^^^^^^^^^^
2026-09-09T20:33:18.777152213Z   File "/usr/local/lib/python3.13/site-packages/anyio/_backends/_asyncio.py", line 1002, in run
2026-09-09T20:33:18.777154127Z     result = context.run(func, *args)
2026-09-09T20:33:18.777156120Z   File "/app/app/routers/orders.py", line 36, in checkout
2026-09-09T20:33:18.777158074Z     return create_order(
2026-09-09T20:33:18.777160088Z         db=db,
2026-09-09T20:33:18.777162253Z     ...<2 lines>...
2026-09-09T20:33:18.777164427Z         correlation_id=correlation_id,
2026-09-09T20:33:18.777166381Z     )
2026-09-09T20:33:18.777168495Z   File "/app/app/services/order_service.py", line 42, in create_order
2026-09-09T20:33:18.777170409Z     result = db.execute(
2026-09-09T20:33:18.777172473Z         select(ProductModel).where(ProductModel.id == product_id)
2026-09-09T20:33:18.777174457Z     )
2026-09-09T20:33:18.777176421Z   File "/usr/local/lib/python3.13/site-packages/sqlalchemy/orm/session.py", line 2372, in execute
2026-09-09T20:33:18.777178394Z     return self._execute_internal(
2026-09-09T20:33:18.777180338Z            ~~~~~~~~~~~~~~~~~~~~~~^
2026-09-09T20:33:18.777182402Z         statement,
2026-09-09T20:33:18.777184406Z         ^^^^^^^^^^
2026-09-09T20:33:18.777186330Z     ...<4 lines>...
2026-09-09T20:33:18.777188294Z         _add_event=_add_event,
2026-09-09T20:33:18.777190188Z         ^^^^^^^^^^^^^^^^^^^^^^
2026-09-09T20:33:18.777192102Z     )
2026-09-09T20:33:18.777194035Z     ^
2026-09-09T20:33:18.777196069Z   File "/usr/local/lib/python3.13/site-packages/sqlalchemy/orm/session.py", line 2260, in _execute_internal
2026-09-09T20:33:18.777198103Z     conn = self._connection_for_bind(bind)
2026-09-09T20:33:18.777200097Z   File "/usr/local/lib/python3.13/site-packages/sqlalchemy/orm/session.py", line 2112, in _connection_for_bind
2026-09-09T20:33:18.777202191Z     return trans._connection_for_bind(engine, execution_options)
2026-09-09T20:33:18.777204195Z            ~~~~~~~~~~~~~~~~~~~~~~~~~~^^^^^^^^^^^^^^^^^^^^^^^^^^^
2026-09-09T20:33:18.777207432Z   File "<string>", line 2, in _connection_for_bind
2026-09-09T20:33:18.777209466Z   File "/usr/local/lib/python3.13/site-packages/sqlalchemy/orm/state_changes.py", line 137, in _go
2026-09-09T20:33:18.777211390Z     ret_value = fn(self, *arg, **kw)
2026-09-09T20:33:18.777214927Z   File "/usr/local/lib/python3.13/site-packages/sqlalchemy/orm/session.py", line 1191, in _connection_for_bind
2026-09-09T20:33:18.777217081Z     conn = bind.connect()
2026-09-09T20:33:18.777219776Z   File "/usr/local/lib/python3.13/site-packages/opentelemetry/instrumentation/sqlalchemy/engine.py", line 200, in _wrap_connect_internal
2026-09-09T20:33:18.777221710Z     return func(*args, **kwargs)
2026-09-09T20:33:18.777223674Z   File "/usr/local/lib/python3.13/site-packages/sqlalchemy/engine/base.py", line 3295, in connect
2026-09-09T20:33:18.777225688Z     return self._connection_cls(self)
2026-09-09T20:33:18.777227662Z            ~~~~~~~~~~~~~~~~~~~~^^^^^^
2026-09-09T20:33:18.777229686Z   File "/usr/local/lib/python3.13/site-packages/sqlalchemy/engine/base.py", line 144, in __init__
2026-09-09T20:33:18.777231620Z     self._dbapi_connection = engine.raw_connection()
2026-09-09T20:33:18.777233614Z                              ~~~~~~~~~~~~~~~~~~~~~^^
2026-09-09T20:33:18.777241018Z   File "/usr/local/lib/python3.13/site-packages/sqlalchemy/engine/base.py", line 3319, in raw_connection
2026-09-09T20:33:18.777243062Z     return self.pool.connect()
2026-09-09T20:33:18.777245447Z            ~~~~~~~~~~~~~~~~~^^
2026-09-09T20:33:18.777247451Z   File "/usr/local/lib/python3.13/site-packages/sqlalchemy/pool/base.py", line 448, in connect
2026-09-09T20:33:18.777249385Z     return _ConnectionFairy._checkout(self)
2026-09-09T20:33:18.777251429Z            ~~~~~~~~~~~~~~~~~~~~~~~~~~^^^^^^
2026-09-09T20:33:18.777253463Z   File "/usr/local/lib/python3.13/site-packages/sqlalchemy/pool/base.py", line 1272, in _checkout
2026-09-09T20:33:18.777255387Z     fairy = _ConnectionRecord.checkout(pool)
2026-09-09T20:33:18.777257350Z   File "/usr/local/lib/python3.13/site-packages/sqlalchemy/pool/base.py", line 712, in checkout
2026-09-09T20:33:18.777259364Z     rec = pool._do_get()
2026-09-09T20:33:18.777261479Z   File "/usr/local/lib/python3.13/site-packages/sqlalchemy/pool/impl.py", line 167, in _do_get
2026-09-09T20:33:18.777263563Z     raise exc.TimeoutError(
2026-09-09T20:33:18.777265476Z     ...<4 lines>...
2026-09-09T20:33:18.777267410Z     )
2026-09-09T20:33:18.777270306Z sqlalchemy.exc.TimeoutError: QueuePool limit of size 5 overflow 10 reached, connection timed out, timeout 30.00 (Background on this error at: https://sqlalche.me/e/20/3o7r)
2026-09-09T20:33:19.303975334Z ERROR:    Exception in ASGI application
2026-09-09T20:33:19.304015503Z Traceback (most recent call last):
2026-09-09T20:33:19.304019962Z   File "/usr/local/lib/python3.13/site-packages/uvicorn/protocols/http/httptools_impl.py", line 421, in run_asgi
2026-09-09T20:33:19.304024691Z     result = await app(  # type: ignore[func-returns-value]
2026-09-09T20:33:19.304028389Z              ^^^^^^^^^^^^^^^^^^^^^^^^^^^^^^^^^^^^^^^^^^^^^^
2026-09-09T20:33:19.304032246Z         self.scope, self.receive, self.send
2026-09-09T20:33:19.304036194Z         ^^^^^^^^^^^^^^^^^^^^^^^^^^^^^^^^^^^
2026-09-09T20:33:19.304040452Z     )
2026-09-09T20:33:19.304044861Z     ^
2026-09-09T20:33:19.304048889Z   File "/usr/local/lib/python3.13/site-packages/uvicorn/middleware/proxy_headers.py", line 63, in __call__
2026-09-09T20:33:19.304053729Z     return await self.app(scope, receive, send)
2026-09-09T20:33:19.304062546Z            ^^^^^^^^^^^^^^^^^^^^^^^^^^^^^^^^^^^^
2026-09-09T20:33:19.304068087Z   File "/usr/local/lib/python3.13/site-packages/fastapi/applications.py", line 1159, in __call__
2026-09-09T20:33:19.304072556Z     await super().__call__(scope, receive, send)
2026-09-09T20:33:19.304076504Z   File "/usr/local/lib/python3.13/site-packages/starlette/applications.py", line 107, in __call__
2026-09-09T20:33:19.304080582Z     await self.middleware_stack(scope, receive, send)
2026-09-09T20:33:19.304084580Z   File "/usr/local/lib/python3.13/site-packages/starlette/middleware/errors.py", line 186, in __call__
2026-09-09T20:33:19.304088638Z     raise exc
2026-09-09T20:33:19.304092645Z   File "/usr/local/lib/python3.13/site-packages/starlette/middleware/errors.py", line 164, in __call__
2026-09-09T20:33:19.304096663Z     await self.app(scope, receive, _send)
2026-09-09T20:33:19.304101743Z   File "/usr/local/lib/python3.13/site-packages/opentelemetry/instrumentation/asgi/__init__.py", line 806, in __call__
2026-09-09T20:33:19.304105711Z     await self.app(scope, otel_receive, otel_send)
2026-09-09T20:33:19.304109679Z   File "/usr/local/lib/python3.13/site-packages/starlette/middleware/errors.py", line 186, in __call__
2026-09-09T20:33:19.304113697Z     raise exc
2026-09-09T20:33:19.304117655Z   File "/usr/local/lib/python3.13/site-packages/starlette/middleware/errors.py", line 164, in __call__
2026-09-09T20:33:19.304147965Z     await self.app(scope, receive, _send)
2026-09-09T20:33:19.304152333Z   File "/usr/local/lib/python3.13/site-packages/opentelemetry/instrumentation/fastapi/__init__.py", line 305, in __call__
2026-09-09T20:33:19.304156331Z     await self.app(scope, receive, send)
2026-09-09T20:33:19.304160309Z   File "/usr/local/lib/python3.13/site-packages/prometheus_fastapi_instrumentator/middleware.py", line 177, in __call__
2026-09-09T20:33:19.304164257Z     raise exc
2026-09-09T20:33:19.304168195Z   File "/usr/local/lib/python3.13/site-packages/prometheus_fastapi_instrumentator/middleware.py", line 175, in __call__
2026-09-09T20:33:19.304172173Z     await self.app(scope, receive, send_wrapper)
2026-09-09T20:33:19.304176241Z   File "/usr/local/lib/python3.13/site-packages/starlette/middleware/exceptions.py", line 63, in __call__
2026-09-09T20:33:19.304180860Z     await wrap_app_handling_exceptions(self.app, conn)(scope, receive, send)
2026-09-09T20:33:19.304184808Z   File "/usr/local/lib/python3.13/site-packages/starlette/_exception_handler.py", line 53, in wrapped_app
2026-09-09T20:33:19.304188785Z     raise exc
2026-09-09T20:33:19.304192723Z   File "/usr/local/lib/python3.13/site-packages/starlette/_exception_handler.py", line 42, in wrapped_app
2026-09-09T20:33:19.304196671Z     await app(scope, receive, sender)
2026-09-09T20:33:19.304200579Z   File "/usr/local/lib/python3.13/site-packages/fastapi/middleware/asyncexitstack.py", line 18, in __call__
2026-09-09T20:33:19.304204557Z     await self.app(scope, receive, send)
2026-09-09T20:33:19.304208504Z   File "/usr/local/lib/python3.13/site-packages/starlette/routing.py", line 716, in __call__
2026-09-09T20:33:19.304212422Z     await self.middleware_stack(scope, receive, send)
2026-09-09T20:33:19.304216600Z   File "/usr/local/lib/python3.13/site-packages/starlette/routing.py", line 736, in app
2026-09-09T20:33:19.304220648Z     await route.handle(scope, receive, send)
2026-09-09T20:33:19.304224626Z   File "/usr/local/lib/python3.13/site-packages/starlette/routing.py", line 290, in handle
2026-09-09T20:33:19.304228574Z     await self.app(scope, receive, send)
2026-09-09T20:33:19.304232522Z   File "/usr/local/lib/python3.13/site-packages/fastapi/routing.py", line 134, in app
2026-09-09T20:33:19.304236530Z     await wrap_app_handling_exceptions(app, request)(scope, receive, send)
2026-09-09T20:33:19.304240498Z   File "/usr/local/lib/python3.13/site-packages/starlette/_exception_handler.py", line 53, in wrapped_app
2026-09-09T20:33:19.304244455Z     raise exc
2026-09-09T20:33:19.304248403Z   File "/usr/local/lib/python3.13/site-packages/starlette/_exception_handler.py", line 42, in wrapped_app
2026-09-09T20:33:19.304252371Z     await app(scope, receive, sender)
2026-09-09T20:33:19.304256329Z   File "/usr/local/lib/python3.13/site-packages/fastapi/routing.py", line 120, in app
2026-09-09T20:33:19.304260808Z     response = await f(request)
2026-09-09T20:33:19.304264765Z                ^^^^^^^^^^^^^^^^
2026-09-09T20:33:19.304268743Z   File "/usr/local/lib/python3.13/site-packages/fastapi/routing.py", line 674, in app
2026-09-09T20:33:19.304272701Z     raw_response = await run_endpoint_function(
2026-09-09T20:33:19.304276659Z                    ^^^^^^^^^^^^^^^^^^^^^^^^^^^^
2026-09-09T20:33:19.304281529Z     ...<3 lines>...
2026-09-09T20:33:19.304285527Z     )
2026-09-09T20:33:19.304289474Z     ^
2026-09-09T20:33:19.304293452Z   File "/usr/local/lib/python3.13/site-packages/fastapi/routing.py", line 330, in run_endpoint_function
2026-09-09T20:33:19.304297380Z     return await run_in_threadpool(dependant.call, **values)
2026-09-09T20:33:19.304301378Z            ^^^^^^^^^^^^^^^^^^^^^^^^^^^^^^^^^^^^^^^^^^^^^^^^^
2026-09-09T20:33:19.304373530Z   File "/usr/local/lib/python3.13/site-packages/starlette/concurrency.py", line 32, in run_in_threadpool
2026-09-09T20:33:19.304383450Z     return await anyio.to_thread.run_sync(func)
2026-09-09T20:33:19.304387568Z            ^^^^^^^^^^^^^^^^^^^^^^^^^^^^^^^^^^^^
2026-09-09T20:33:19.304391526Z   File "/usr/local/lib/python3.13/site-packages/anyio/to_thread.py", line 63, in run_sync
2026-09-09T20:33:19.304395474Z     return await get_async_backend().run_sync_in_worker_thread(
2026-09-09T20:33:19.304399592Z            ^^^^^^^^^^^^^^^^^^^^^^^^^^^^^^^^^^^^^^^^^^^^^^^^^^^^
2026-09-09T20:33:19.304403770Z         func, args, abandon_on_cancel=abandon_on_cancel, limiter=limiter
2026-09-09T20:33:19.304407778Z         ^^^^^^^^^^^^^^^^^^^^^^^^^^^^^^^^^^^^^^^^^^^^^^^^^^^^^^^^^^^^^^^^
2026-09-09T20:33:19.304411716Z     )
2026-09-09T20:33:19.304415664Z     ^
2026-09-09T20:33:19.304419571Z   File "/usr/local/lib/python3.13/site-packages/anyio/_backends/_asyncio.py", line 2518, in run_sync_in_worker_thread
2026-09-09T20:33:19.304423519Z     return await future
2026-09-09T20:33:19.304427477Z            ^^^^^^^^^^^^
2026-09-09T20:33:19.304431395Z   File "/usr/local/lib/python3.13/site-packages/anyio/_backends/_asyncio.py", line 1002, in run
2026-09-09T20:33:19.304435383Z     result = context.run(func, *args)
2026-09-09T20:33:19.304439350Z   File "/app/app/routers/orders.py", line 36, in checkout
2026-09-09T20:33:19.304443328Z     return create_order(
2026-09-09T20:33:19.304447276Z         db=db,
2026-09-09T20:33:19.304451264Z     ...<2 lines>...
2026-09-09T20:33:19.304455242Z         correlation_id=correlation_id,
2026-09-09T20:33:19.304459260Z     )
2026-09-09T20:33:19.304463308Z   File "/app/app/services/order_service.py", line 42, in create_order
2026-09-09T20:33:19.304467306Z     result = db.execute(
2026-09-09T20:33:19.304471314Z         select(ProductModel).where(ProductModel.id == product_id)
2026-09-09T20:33:19.304475251Z     )
2026-09-09T20:33:19.304479189Z   File "/usr/local/lib/python3.13/site-packages/sqlalchemy/orm/session.py", line 2372, in execute
2026-09-09T20:33:19.304483097Z     return self._execute_internal(
2026-09-09T20:33:19.304487035Z            ~~~~~~~~~~~~~~~~~~~~~~^
2026-09-09T20:33:19.304490982Z         statement,
2026-09-09T20:33:19.304494920Z         ^^^^^^^^^^
2026-09-09T20:33:19.304498918Z     ...<4 lines>...
2026-09-09T20:33:19.304502876Z         _add_event=_add_event,
2026-09-09T20:33:19.304506794Z         ^^^^^^^^^^^^^^^^^^^^^^
2026-09-09T20:33:19.304510701Z     )
2026-09-09T20:33:19.304514619Z     ^
2026-09-09T20:33:19.304518527Z   File "/usr/local/lib/python3.13/site-packages/sqlalchemy/orm/session.py", line 2260, in _execute_internal
2026-09-09T20:33:19.304522495Z     conn = self._connection_for_bind(bind)
2026-09-09T20:33:19.304526553Z   File "/usr/local/lib/python3.13/site-packages/sqlalchemy/orm/session.py", line 2112, in _connection_for_bind
2026-09-09T20:33:19.304530701Z     return trans._connection_for_bind(engine, execution_options)
2026-09-09T20:33:19.304534619Z            ~~~~~~~~~~~~~~~~~~~~~~~~~~^^^^^^^^^^^^^^^^^^^^^^^^^^^
2026-09-09T20:33:19.304538536Z   File "<string>", line 2, in _connection_for_bind
2026-09-09T20:33:19.304542494Z   File "/usr/local/lib/python3.13/site-packages/sqlalchemy/orm/state_changes.py", line 137, in _go
2026-09-09T20:33:19.304546472Z     ret_value = fn(self, *arg, **kw)
2026-09-09T20:33:19.304550390Z   File "/usr/local/lib/python3.13/site-packages/sqlalchemy/orm/session.py", line 1191, in _connection_for_bind
2026-09-09T20:33:19.304554348Z     conn = bind.connect()
2026-09-09T20:33:19.304558756Z   File "/usr/local/lib/python3.13/site-packages/opentelemetry/instrumentation/sqlalchemy/engine.py", line 200, in _wrap_connect_internal
2026-09-09T20:33:19.304579247Z     return func(*args, **kwargs)
2026-09-09T20:33:19.304583385Z   File "/usr/local/lib/python3.13/site-packages/sqlalchemy/engine/base.py", line 3295, in connect
2026-09-09T20:33:19.304587303Z     return self._connection_cls(self)
2026-09-09T20:33:19.304591210Z            ~~~~~~~~~~~~~~~~~~~~^^^^^^
2026-09-09T20:33:19.304595128Z   File "/usr/local/lib/python3.13/site-packages/sqlalchemy/engine/base.py", line 144, in __init__
2026-09-09T20:33:19.304599076Z     self._dbapi_connection = engine.raw_connection()
2026-09-09T20:33:19.304603014Z                              ~~~~~~~~~~~~~~~~~~~~~^^
2026-09-09T20:33:19.304606911Z   File "/usr/local/lib/python3.13/site-packages/sqlalchemy/engine/base.py", line 3319, in raw_connection
2026-09-09T20:33:19.304610879Z     return self.pool.connect()
2026-09-09T20:33:19.304614787Z            ~~~~~~~~~~~~~~~~~^^
2026-09-09T20:33:19.304618695Z   File "/usr/local/lib/python3.13/site-packages/sqlalchemy/pool/base.py", line 448, in connect
2026-09-09T20:33:19.304622622Z     return _ConnectionFairy._checkout(self)
2026-09-09T20:33:19.304626530Z            ~~~~~~~~~~~~~~~~~~~~~~~~~~^^^^^^
2026-09-09T20:33:19.304630458Z   File "/usr/local/lib/python3.13/site-packages/sqlalchemy/pool/base.py", line 1272, in _checkout
2026-09-09T20:33:19.304634406Z     fairy = _ConnectionRecord.checkout(pool)
2026-09-09T20:33:19.304638334Z   File "/usr/local/lib/python3.13/site-packages/sqlalchemy/pool/base.py", line 712, in checkout
2026-09-09T20:33:19.304642281Z     rec = pool._do_get()
2026-09-09T20:33:19.304646209Z   File "/usr/local/lib/python3.13/site-packages/sqlalchemy/pool/impl.py", line 167, in _do_get
2026-09-09T20:33:19.304650127Z     raise exc.TimeoutError(
2026-09-09T20:33:19.304654035Z     ...<4 lines>...
2026-09-09T20:33:19.304657952Z     )
2026-09-09T20:33:19.304662561Z sqlalchemy.exc.TimeoutError: QueuePool limit of size 5 overflow 10 reached, connection timed out, timeout 30.00 (Background on this error at: https://sqlalche.me/e/20/3o7r)
2026-09-09T20:33:19.314318201Z ERROR:    Exception in ASGI application
2026-09-09T20:33:19.314363551Z Traceback (most recent call last):
2026-09-09T20:33:19.314366917Z   File "/usr/local/lib/python3.13/site-packages/uvicorn/protocols/http/httptools_impl.py", line 421, in run_asgi
2026-09-09T20:33:19.314370114Z     result = await app(  # type: ignore[func-returns-value]
2026-09-09T20:33:19.314372118Z              ^^^^^^^^^^^^^^^^^^^^^^^^^^^^^^^^^^^^^^^^^^^^^^
2026-09-09T20:33:19.314374061Z         self.scope, self.receive, self.send
2026-09-09T20:33:19.314375985Z         ^^^^^^^^^^^^^^^^^^^^^^^^^^^^^^^^^^^
2026-09-09T20:33:19.314377959Z     )
2026-09-09T20:33:19.314379953Z     ^
2026-09-09T20:33:19.314382248Z   File "/usr/local/lib/python3.13/site-packages/uvicorn/middleware/proxy_headers.py", line 63, in __call__
2026-09-09T20:33:19.314384402Z     return await self.app(scope, receive, send)
2026-09-09T20:33:19.314386376Z            ^^^^^^^^^^^^^^^^^^^^^^^^^^^^^^^^^^^^
2026-09-09T20:33:19.314388891Z   File "/usr/local/lib/python3.13/site-packages/fastapi/applications.py", line 1159, in __call__
2026-09-09T20:33:19.314390835Z     await super().__call__(scope, receive, send)
2026-09-09T20:33:19.314392869Z   File "/usr/local/lib/python3.13/site-packages/starlette/applications.py", line 107, in __call__
2026-09-09T20:33:19.314394832Z     await self.middleware_stack(scope, receive, send)
2026-09-09T20:33:19.314396816Z   File "/usr/local/lib/python3.13/site-packages/starlette/middleware/errors.py", line 186, in __call__
2026-09-09T20:33:19.314398830Z     raise exc
2026-09-09T20:33:19.314422617Z   File "/usr/local/lib/python3.13/site-packages/starlette/middleware/errors.py", line 164, in __call__
2026-09-09T20:33:19.314424732Z     await self.app(scope, receive, _send)
2026-09-09T20:33:19.314427256Z   File "/usr/local/lib/python3.13/site-packages/opentelemetry/instrumentation/asgi/__init__.py", line 806, in __call__
2026-09-09T20:33:19.314429220Z     await self.app(scope, otel_receive, otel_send)
2026-09-09T20:33:19.314431204Z   File "/usr/local/lib/python3.13/site-packages/starlette/middleware/errors.py", line 186, in __call__
2026-09-09T20:33:19.314433148Z     raise exc
2026-09-09T20:33:19.314435102Z   File "/usr/local/lib/python3.13/site-packages/starlette/middleware/errors.py", line 164, in __call__
2026-09-09T20:33:19.314437066Z     await self.app(scope, receive, _send)
2026-09-09T20:33:19.314439000Z   File "/usr/local/lib/python3.13/site-packages/opentelemetry/instrumentation/fastapi/__init__.py", line 305, in __call__
2026-09-09T20:33:19.314440974Z     await self.app(scope, receive, send)
2026-09-09T20:33:19.314442907Z   File "/usr/local/lib/python3.13/site-packages/prometheus_fastapi_instrumentator/middleware.py", line 177, in __call__
2026-09-09T20:33:19.314444941Z     raise exc
2026-09-09T20:33:19.314446965Z   File "/usr/local/lib/python3.13/site-packages/prometheus_fastapi_instrumentator/middleware.py", line 175, in __call__
2026-09-09T20:33:19.314448919Z     await self.app(scope, receive, send_wrapper)
2026-09-09T20:33:19.314450853Z   File "/usr/local/lib/python3.13/site-packages/starlette/middleware/exceptions.py", line 63, in __call__
2026-09-09T20:33:19.314453338Z     await wrap_app_handling_exceptions(self.app, conn)(scope, receive, send)
2026-09-09T20:33:19.314455803Z   File "/usr/local/lib/python3.13/site-packages/starlette/_exception_handler.py", line 53, in wrapped_app
2026-09-09T20:33:19.314458588Z     raise exc
2026-09-09T20:33:19.314461394Z   File "/usr/local/lib/python3.13/site-packages/starlette/_exception_handler.py", line 42, in wrapped_app
2026-09-09T20:33:19.314463979Z     await app(scope, receive, sender)
2026-09-09T20:33:19.314467245Z   File "/usr/local/lib/python3.13/site-packages/fastapi/middleware/asyncexitstack.py", line 18, in __call__
2026-09-09T20:33:19.314469450Z     await self.app(scope, receive, send)
2026-09-09T20:33:19.314471544Z   File "/usr/local/lib/python3.13/site-packages/starlette/routing.py", line 716, in __call__
2026-09-09T20:33:19.314473548Z     await self.middleware_stack(scope, receive, send)
2026-09-09T20:33:19.314475812Z   File "/usr/local/lib/python3.13/site-packages/starlette/routing.py", line 736, in app
2026-09-09T20:33:19.314477766Z     await route.handle(scope, receive, send)
2026-09-09T20:33:19.314479730Z   File "/usr/local/lib/python3.13/site-packages/starlette/routing.py", line 290, in handle
2026-09-09T20:33:19.314481684Z     await self.app(scope, receive, send)
2026-09-09T20:33:19.314487706Z   File "/usr/local/lib/python3.13/site-packages/fastapi/routing.py", line 134, in app
2026-09-09T20:33:19.314489710Z     await wrap_app_handling_exceptions(app, request)(scope, receive, send)
2026-09-09T20:33:19.314491684Z   File "/usr/local/lib/python3.13/site-packages/starlette/_exception_handler.py", line 53, in wrapped_app
2026-09-09T20:33:19.314493668Z     raise exc
2026-09-09T20:33:19.314495732Z   File "/usr/local/lib/python3.13/site-packages/starlette/_exception_handler.py", line 42, in wrapped_app
2026-09-09T20:33:19.314497696Z     await app(scope, receive, sender)
2026-09-09T20:33:19.314499660Z   File "/usr/local/lib/python3.13/site-packages/fastapi/routing.py", line 120, in app
2026-09-09T20:33:19.314502094Z     response = await f(request)
2026-09-09T20:33:19.314504048Z                ^^^^^^^^^^^^^^^^
2026-09-09T20:33:19.314511433Z   File "/usr/local/lib/python3.13/site-packages/fastapi/routing.py", line 674, in app
2026-09-09T20:33:19.314513427Z     raw_response = await run_endpoint_function(
2026-09-09T20:33:19.314515401Z                    ^^^^^^^^^^^^^^^^^^^^^^^^^^^^
2026-09-09T20:33:19.314517956Z     ...<3 lines>...
2026-09-09T20:33:19.314519900Z     )
2026-09-09T20:33:19.314521893Z     ^
2026-09-09T20:33:19.314523837Z   File "/usr/local/lib/python3.13/site-packages/fastapi/routing.py", line 330, in run_endpoint_function
2026-09-09T20:33:19.314525821Z     return await run_in_threadpool(dependant.call, **values)
2026-09-09T20:33:19.314527775Z            ^^^^^^^^^^^^^^^^^^^^^^^^^^^^^^^^^^^^^^^^^^^^^^^^^
2026-09-09T20:33:19.314549298Z   File "/usr/local/lib/python3.13/site-packages/starlette/concurrency.py", line 32, in run_in_threadpool
2026-09-09T20:33:19.314552113Z     return await anyio.to_thread.run_sync(func)
2026-09-09T20:33:19.314554488Z            ^^^^^^^^^^^^^^^^^^^^^^^^^^^^^^^^^^^^
2026-09-09T20:33:19.314556512Z   File "/usr/local/lib/python3.13/site-packages/anyio/to_thread.py", line 63, in run_sync
2026-09-09T20:33:19.314558496Z     return await get_async_backend().run_sync_in_worker_thread(
2026-09-09T20:33:19.314560490Z            ^^^^^^^^^^^^^^^^^^^^^^^^^^^^^^^^^^^^^^^^^^^^^^^^^^^^
2026-09-09T20:33:19.314562484Z         func, args, abandon_on_cancel=abandon_on_cancel, limiter=limiter
2026-09-09T20:33:19.314564427Z         ^^^^^^^^^^^^^^^^^^^^^^^^^^^^^^^^^^^^^^^^^^^^^^^^^^^^^^^^^^^^^^^^
2026-09-09T20:33:19.314566431Z     )
2026-09-09T20:33:19.314568385Z     ^
2026-09-09T20:33:19.314570329Z   File "/usr/local/lib/python3.13/site-packages/anyio/_backends/_asyncio.py", line 2518, in run_sync_in_worker_thread
2026-09-09T20:33:19.314572293Z     return await future
2026-09-09T20:33:19.314574247Z            ^^^^^^^^^^^^
2026-09-09T20:33:19.314576181Z   File "/usr/local/lib/python3.13/site-packages/anyio/_backends/_asyncio.py", line 1002, in run
2026-09-09T20:33:19.314578135Z     result = context.run(func, *args)
2026-09-09T20:33:19.314580209Z   File "/app/app/routers/orders.py", line 36, in checkout
2026-09-09T20:33:19.314582193Z     return create_order(
2026-09-09T20:33:19.314584166Z         db=db,
2026-09-09T20:33:19.314586130Z     ...<2 lines>...
2026-09-09T20:33:19.314588094Z         correlation_id=correlation_id,
2026-09-09T20:33:19.314590058Z     )
2026-09-09T20:33:19.314592052Z   File "/app/app/services/order_service.py", line 42, in create_order
2026-09-09T20:33:19.314594256Z     result = db.execute(
2026-09-09T20:33:19.314596341Z         select(ProductModel).where(ProductModel.id == product_id)
2026-09-09T20:33:19.314598575Z     )
2026-09-09T20:33:19.314600529Z   File "/usr/local/lib/python3.13/site-packages/sqlalchemy/orm/session.py", line 2372, in execute
2026-09-09T20:33:19.314602503Z     return self._execute_internal(
2026-09-09T20:33:19.314604457Z            ~~~~~~~~~~~~~~~~~~~~~~^
2026-09-09T20:33:19.314607032Z         statement,
2026-09-09T20:33:19.314609026Z         ^^^^^^^^^^
2026-09-09T20:33:19.314610989Z     ...<4 lines>...
2026-09-09T20:33:19.314612953Z         _add_event=_add_event,
2026-09-09T20:33:19.314614937Z         ^^^^^^^^^^^^^^^^^^^^^^
2026-09-09T20:33:19.314616871Z     )
2026-09-09T20:33:19.314618795Z     ^
2026-09-09T20:33:19.314620769Z   File "/usr/local/lib/python3.13/site-packages/sqlalchemy/orm/session.py", line 2260, in _execute_internal
2026-09-09T20:33:19.314622743Z     conn = self._connection_for_bind(bind)
2026-09-09T20:33:19.314624697Z   File "/usr/local/lib/python3.13/site-packages/sqlalchemy/orm/session.py", line 2112, in _connection_for_bind
2026-09-09T20:33:19.314632151Z     return trans._connection_for_bind(engine, execution_options)
2026-09-09T20:33:19.314634155Z            ~~~~~~~~~~~~~~~~~~~~~~~~~~^^^^^^^^^^^^^^^^^^^^^^^^^^^
2026-09-09T20:33:19.314636119Z   File "<string>", line 2, in _connection_for_bind
2026-09-09T20:33:19.314639816Z   File "/usr/local/lib/python3.13/site-packages/sqlalchemy/orm/state_changes.py", line 137, in _go
2026-09-09T20:33:19.314641840Z     ret_value = fn(self, *arg, **kw)
2026-09-09T20:33:19.314643794Z   File "/usr/local/lib/python3.13/site-packages/sqlalchemy/orm/session.py", line 1191, in _connection_for_bind
2026-09-09T20:33:19.314645738Z     conn = bind.connect()
2026-09-09T20:33:19.314648373Z   File "/usr/local/lib/python3.13/site-packages/opentelemetry/instrumentation/sqlalchemy/engine.py", line 200, in _wrap_connect_internal
2026-09-09T20:33:19.314650327Z     return func(*args, **kwargs)
2026-09-09T20:33:19.314652271Z   File "/usr/local/lib/python3.13/site-packages/sqlalchemy/engine/base.py", line 3295, in connect
2026-09-09T20:33:19.314654235Z     return self._connection_cls(self)
2026-09-09T20:33:19.314656229Z            ~~~~~~~~~~~~~~~~~~~~^^^^^^
2026-09-09T20:33:19.314658163Z   File "/usr/local/lib/python3.13/site-packages/sqlalchemy/engine/base.py", line 144, in __init__
2026-09-09T20:33:19.314660177Z     self._dbapi_connection = engine.raw_connection()
2026-09-09T20:33:19.314662121Z                              ~~~~~~~~~~~~~~~~~~~~~^^
2026-09-09T20:33:19.314664054Z   File "/usr/local/lib/python3.13/site-packages/sqlalchemy/engine/base.py", line 3319, in raw_connection
2026-09-09T20:33:19.314665998Z     return self.pool.connect()
2026-09-09T20:33:19.314667932Z            ~~~~~~~~~~~~~~~~~^^
2026-09-09T20:33:19.314669926Z   File "/usr/local/lib/python3.13/site-packages/sqlalchemy/pool/base.py", line 448, in connect
2026-09-09T20:33:19.314671880Z     return _ConnectionFairy._checkout(self)
2026-09-09T20:33:19.314673834Z            ~~~~~~~~~~~~~~~~~~~~~~~~~~^^^^^^
2026-09-09T20:33:19.314675757Z   File "/usr/local/lib/python3.13/site-packages/sqlalchemy/pool/base.py", line 1272, in _checkout
2026-09-09T20:33:19.314677711Z     fairy = _ConnectionRecord.checkout(pool)
2026-09-09T20:33:19.314679665Z   File "/usr/local/lib/python3.13/site-packages/sqlalchemy/pool/base.py", line 712, in checkout
2026-09-09T20:33:19.314681619Z     rec = pool._do_get()
2026-09-09T20:33:19.314683603Z   File "/usr/local/lib/python3.13/site-packages/sqlalchemy/pool/impl.py", line 167, in _do_get
2026-09-09T20:33:19.314685577Z     raise exc.TimeoutError(
2026-09-09T20:33:19.314687511Z     ...<4 lines>...
2026-09-09T20:33:19.314689434Z     )
2026-09-09T20:33:19.314692030Z sqlalchemy.exc.TimeoutError: QueuePool limit of size 5 overflow 10 reached, connection timed out, timeout 30.00 (Background on this error at: https://sqlalche.me/e/20/3o7r)
2026-09-09T20:33:19.509105715Z ERROR:    Exception in ASGI application
2026-09-09T20:33:19.509135914Z Traceback (most recent call last):
2026-09-09T20:33:19.509138549Z   File "/usr/local/lib/python3.13/site-packages/uvicorn/protocols/http/httptools_impl.py", line 421, in run_asgi
2026-09-09T20:33:19.509141285Z     result = await app(  # type: ignore[func-returns-value]
2026-09-09T20:33:19.509143229Z              ^^^^^^^^^^^^^^^^^^^^^^^^^^^^^^^^^^^^^^^^^^^^^^
2026-09-09T20:33:19.509145173Z         self.scope, self.receive, self.send
2026-09-09T20:33:19.509147166Z         ^^^^^^^^^^^^^^^^^^^^^^^^^^^^^^^^^^^
2026-09-09T20:33:19.509149120Z     )
2026-09-09T20:33:19.509151104Z     ^
2026-09-09T20:33:19.509153389Z   File "/usr/local/lib/python3.13/site-packages/uvicorn/middleware/proxy_headers.py", line 63, in __call__
2026-09-09T20:33:19.509155363Z     return await self.app(scope, receive, send)
2026-09-09T20:33:19.509172817Z            ^^^^^^^^^^^^^^^^^^^^^^^^^^^^^^^^^^^^
2026-09-09T20:33:19.509175432Z   File "/usr/local/lib/python3.13/site-packages/fastapi/applications.py", line 1159, in __call__
2026-09-09T20:33:19.509177376Z     await super().__call__(scope, receive, send)
2026-09-09T20:33:19.509179300Z   File "/usr/local/lib/python3.13/site-packages/starlette/applications.py", line 107, in __call__
2026-09-09T20:33:19.509181224Z     await self.middleware_stack(scope, receive, send)
2026-09-09T20:33:19.509183198Z   File "/usr/local/lib/python3.13/site-packages/starlette/middleware/errors.py", line 186, in __call__
2026-09-09T20:33:19.509185141Z     raise exc
2026-09-09T20:33:19.509187075Z   File "/usr/local/lib/python3.13/site-packages/starlette/middleware/errors.py", line 164, in __call__
2026-09-09T20:33:19.509189119Z     await self.app(scope, receive, _send)
2026-09-09T20:33:19.509191674Z   File "/usr/local/lib/python3.13/site-packages/opentelemetry/instrumentation/asgi/__init__.py", line 806, in __call__
2026-09-09T20:33:19.509193598Z     await self.app(scope, otel_receive, otel_send)
2026-09-09T20:33:19.509195522Z   File "/usr/local/lib/python3.13/site-packages/starlette/middleware/errors.py", line 186, in __call__
2026-09-09T20:33:19.509197446Z     raise exc
2026-09-09T20:33:19.509199350Z   File "/usr/local/lib/python3.13/site-packages/starlette/middleware/errors.py", line 164, in __call__
2026-09-09T20:33:19.509201293Z     await self.app(scope, receive, _send)
2026-09-09T20:33:19.509203207Z   File "/usr/local/lib/python3.13/site-packages/opentelemetry/instrumentation/fastapi/__init__.py", line 305, in __call__
2026-09-09T20:33:19.509205371Z     await self.app(scope, receive, send)
2026-09-09T20:33:19.509207315Z   File "/usr/local/lib/python3.13/site-packages/prometheus_fastapi_instrumentator/middleware.py", line 177, in __call__
2026-09-09T20:33:19.509209249Z     raise exc
2026-09-09T20:33:19.509211163Z   File "/usr/local/lib/python3.13/site-packages/prometheus_fastapi_instrumentator/middleware.py", line 175, in __call__
2026-09-09T20:33:19.509213067Z     await self.app(scope, receive, send_wrapper)
2026-09-09T20:33:19.509214990Z   File "/usr/local/lib/python3.13/site-packages/starlette/middleware/exceptions.py", line 63, in __call__
2026-09-09T20:33:19.509217706Z     await wrap_app_handling_exceptions(self.app, conn)(scope, receive, send)
2026-09-09T20:33:19.509219620Z   File "/usr/local/lib/python3.13/site-packages/starlette/_exception_handler.py", line 53, in wrapped_app
2026-09-09T20:33:19.509221543Z     raise exc
2026-09-09T20:33:19.509223457Z   File "/usr/local/lib/python3.13/site-packages/starlette/_exception_handler.py", line 42, in wrapped_app
2026-09-09T20:33:19.509225371Z     await app(scope, receive, sender)
2026-09-09T20:33:19.509227285Z   File "/usr/local/lib/python3.13/site-packages/fastapi/middleware/asyncexitstack.py", line 18, in __call__
2026-09-09T20:33:19.509229199Z     await self.app(scope, receive, send)
2026-09-09T20:33:19.509231112Z   File "/usr/local/lib/python3.13/site-packages/starlette/routing.py", line 716, in __call__
2026-09-09T20:33:19.509233036Z     await self.middleware_stack(scope, receive, send)
2026-09-09T20:33:19.509234960Z   File "/usr/local/lib/python3.13/site-packages/starlette/routing.py", line 736, in app
2026-09-09T20:33:19.509236974Z     await route.handle(scope, receive, send)
2026-09-09T20:33:19.509238898Z   File "/usr/local/lib/python3.13/site-packages/starlette/routing.py", line 290, in handle
2026-09-09T20:33:19.509240832Z     await self.app(scope, receive, send)
2026-09-09T20:33:19.509242755Z   File "/usr/local/lib/python3.13/site-packages/fastapi/routing.py", line 134, in app
2026-09-09T20:33:19.509250140Z     await wrap_app_handling_exceptions(app, request)(scope, receive, send)
2026-09-09T20:33:19.509252114Z   File "/usr/local/lib/python3.13/site-packages/starlette/_exception_handler.py", line 53, in wrapped_app
2026-09-09T20:33:19.509254038Z     raise exc
2026-09-09T20:33:19.509255951Z   File "/usr/local/lib/python3.13/site-packages/starlette/_exception_handler.py", line 42, in wrapped_app
2026-09-09T20:33:19.509258356Z     await app(scope, receive, sender)
2026-09-09T20:33:19.509260270Z   File "/usr/local/lib/python3.13/site-packages/fastapi/routing.py", line 120, in app
2026-09-09T20:33:19.509262745Z     response = await f(request)
2026-09-09T20:33:19.509264669Z                ^^^^^^^^^^^^^^^^
2026-09-09T20:33:19.509266572Z   File "/usr/local/lib/python3.13/site-packages/fastapi/routing.py", line 674, in app
2026-09-09T20:33:19.509268486Z     raw_response = await run_endpoint_function(
2026-09-09T20:33:19.509270410Z                    ^^^^^^^^^^^^^^^^^^^^^^^^^^^^
2026-09-09T20:33:19.509273045Z     ...<3 lines>...
2026-09-09T20:33:19.509274999Z     )
2026-09-09T20:33:19.509276943Z     ^
2026-09-09T20:33:19.509278857Z   File "/usr/local/lib/python3.13/site-packages/fastapi/routing.py", line 330, in run_endpoint_function
2026-09-09T20:33:19.509280770Z     return await run_in_threadpool(dependant.call, **values)
2026-09-09T20:33:19.509282704Z            ^^^^^^^^^^^^^^^^^^^^^^^^^^^^^^^^^^^^^^^^^^^^^^^^^
2026-09-09T20:33:19.509287133Z   File "/usr/local/lib/python3.13/site-packages/starlette/concurrency.py", line 32, in run_in_threadpool
2026-09-09T20:33:19.509289167Z     return await anyio.to_thread.run_sync(func)
2026-09-09T20:33:19.509291141Z            ^^^^^^^^^^^^^^^^^^^^^^^^^^^^^^^^^^^^
2026-09-09T20:33:19.509293095Z   File "/usr/local/lib/python3.13/site-packages/anyio/to_thread.py", line 63, in run_sync
2026-09-09T20:33:19.509295039Z     return await get_async_backend().run_sync_in_worker_thread(
2026-09-09T20:33:19.509296942Z            ^^^^^^^^^^^^^^^^^^^^^^^^^^^^^^^^^^^^^^^^^^^^^^^^^^^^
2026-09-09T20:33:19.509298856Z         func, args, abandon_on_cancel=abandon_on_cancel, limiter=limiter
2026-09-09T20:33:19.509300780Z         ^^^^^^^^^^^^^^^^^^^^^^^^^^^^^^^^^^^^^^^^^^^^^^^^^^^^^^^^^^^^^^^^
2026-09-09T20:33:19.509302744Z     )
2026-09-09T20:33:19.509304688Z     ^
2026-09-09T20:33:19.509306662Z   File "/usr/local/lib/python3.13/site-packages/anyio/_backends/_asyncio.py", line 2518, in run_sync_in_worker_thread
2026-09-09T20:33:19.509308615Z     return await future
2026-09-09T20:33:19.509310559Z            ^^^^^^^^^^^^
2026-09-09T20:33:19.509312643Z   File "/usr/local/lib/python3.13/site-packages/anyio/_backends/_asyncio.py", line 1002, in run
2026-09-09T20:33:19.509314617Z     result = context.run(func, *args)
2026-09-09T20:33:19.509316551Z   File "/app/app/routers/orders.py", line 36, in checkout
2026-09-09T20:33:19.509318475Z     return create_order(
2026-09-09T20:33:19.509320419Z         db=db,
2026-09-09T20:33:19.509322383Z     ...<2 lines>...
2026-09-09T20:33:19.509324306Z         correlation_id=correlation_id,
2026-09-09T20:33:19.509326230Z     )
2026-09-09T20:33:19.509328194Z   File "/app/app/services/order_service.py", line 42, in create_order
2026-09-09T20:33:19.509330108Z     result = db.execute(
2026-09-09T20:33:19.509332042Z         select(ProductModel).where(ProductModel.id == product_id)
2026-09-09T20:33:19.509333966Z     )
2026-09-09T20:33:19.509335889Z   File "/usr/local/lib/python3.13/site-packages/sqlalchemy/orm/session.py", line 2372, in execute
2026-09-09T20:33:19.509337813Z     return self._execute_internal(
2026-09-09T20:33:19.509339737Z            ~~~~~~~~~~~~~~~~~~~~~~^
2026-09-09T20:33:19.509347372Z         statement,
2026-09-09T20:33:19.509349356Z         ^^^^^^^^^^
2026-09-09T20:33:19.509351280Z     ...<4 lines>...
2026-09-09T20:33:19.509353204Z         _add_event=_add_event,
2026-09-09T20:33:19.509355107Z         ^^^^^^^^^^^^^^^^^^^^^^
2026-09-09T20:33:19.509357011Z     )
2026-09-09T20:33:19.509358925Z     ^
2026-09-09T20:33:19.509360869Z   File "/usr/local/lib/python3.13/site-packages/sqlalchemy/orm/session.py", line 2260, in _execute_internal
2026-09-09T20:33:19.509362853Z     conn = self._connection_for_bind(bind)
2026-09-09T20:33:19.509364776Z   File "/usr/local/lib/python3.13/site-packages/sqlalchemy/orm/session.py", line 2112, in _connection_for_bind
2026-09-09T20:33:19.509366710Z     return trans._connection_for_bind(engine, execution_options)
2026-09-09T20:33:19.509368624Z            ~~~~~~~~~~~~~~~~~~~~~~~~~~^^^^^^^^^^^^^^^^^^^^^^^^^^^
2026-09-09T20:33:19.509370538Z   File "<string>", line 2, in _connection_for_bind
2026-09-09T20:33:19.509372552Z   File "/usr/local/lib/python3.13/site-packages/sqlalchemy/orm/state_changes.py", line 137, in _go
2026-09-09T20:33:19.509374506Z     ret_value = fn(self, *arg, **kw)
2026-09-09T20:33:19.509376429Z   File "/usr/local/lib/python3.13/site-packages/sqlalchemy/orm/session.py", line 1191, in _connection_for_bind
2026-09-09T20:33:19.509378343Z     conn = bind.connect()
2026-09-09T20:33:19.509380758Z   File "/usr/local/lib/python3.13/site-packages/opentelemetry/instrumentation/sqlalchemy/engine.py", line 200, in _wrap_connect_internal
2026-09-09T20:33:19.509402801Z     return func(*args, **kwargs)
2026-09-09T20:33:19.509405637Z   File "/usr/local/lib/python3.13/site-packages/sqlalchemy/engine/base.py", line 3295, in connect
2026-09-09T20:33:19.509407591Z     return self._connection_cls(self)
2026-09-09T20:33:19.509409515Z            ~~~~~~~~~~~~~~~~~~~~^^^^^^
2026-09-09T20:33:19.509411499Z   File "/usr/local/lib/python3.13/site-packages/sqlalchemy/engine/base.py", line 144, in __init__
2026-09-09T20:33:19.509413422Z     self._dbapi_connection = engine.raw_connection()
2026-09-09T20:33:19.509415336Z                              ~~~~~~~~~~~~~~~~~~~~~^^
2026-09-09T20:33:19.509417240Z   File "/usr/local/lib/python3.13/site-packages/sqlalchemy/engine/base.py", line 3319, in raw_connection
2026-09-09T20:33:19.509419164Z     return self.pool.connect()
2026-09-09T20:33:19.509421088Z            ~~~~~~~~~~~~~~~~~^^
2026-09-09T20:33:19.509422991Z   File "/usr/local/lib/python3.13/site-packages/sqlalchemy/pool/base.py", line 448, in connect
2026-09-09T20:33:19.509424905Z     return _ConnectionFairy._checkout(self)
2026-09-09T20:33:19.509426829Z            ~~~~~~~~~~~~~~~~~~~~~~~~~~^^^^^^
2026-09-09T20:33:19.509428753Z   File "/usr/local/lib/python3.13/site-packages/sqlalchemy/pool/base.py", line 1272, in _checkout
2026-09-09T20:33:19.509430657Z     fairy = _ConnectionRecord.checkout(pool)
2026-09-09T20:33:19.509432550Z   File "/usr/local/lib/python3.13/site-packages/sqlalchemy/pool/base.py", line 712, in checkout
2026-09-09T20:33:19.509434454Z     rec = pool._do_get()
2026-09-09T20:33:19.509436438Z   File "/usr/local/lib/python3.13/site-packages/sqlalchemy/pool/impl.py", line 167, in _do_get
2026-09-09T20:33:19.509438362Z     raise exc.TimeoutError(
2026-09-09T20:33:19.509440266Z     ...<4 lines>...
2026-09-09T20:33:19.509442290Z     )
2026-09-09T20:33:19.509445295Z sqlalchemy.exc.TimeoutError: QueuePool limit of size 5 overflow 10 reached, connection timed out, timeout 30.00 (Background on this error at: https://sqlalche.me/e/20/3o7r)
2026-09-09T20:33:19.770593826Z ERROR:    Exception in ASGI application
2026-09-09T20:33:19.770624346Z Traceback (most recent call last):
2026-09-09T20:33:19.770626891Z   File "/usr/local/lib/python3.13/site-packages/uvicorn/protocols/http/httptools_impl.py", line 421, in run_asgi
2026-09-09T20:33:19.770646129Z     result = await app(  # type: ignore[func-returns-value]
2026-09-09T20:33:19.770648263Z              ^^^^^^^^^^^^^^^^^^^^^^^^^^^^^^^^^^^^^^^^^^^^^^
2026-09-09T20:33:19.770650247Z         self.scope, self.receive, self.send
2026-09-09T20:33:19.770652201Z         ^^^^^^^^^^^^^^^^^^^^^^^^^^^^^^^^^^^
2026-09-09T20:33:19.770654185Z     )
2026-09-09T20:33:19.770656169Z     ^
2026-09-09T20:33:19.770658153Z   File "/usr/local/lib/python3.13/site-packages/uvicorn/middleware/proxy_headers.py", line 63, in __call__
2026-09-09T20:33:19.770660097Z     return await self.app(scope, receive, send)
2026-09-09T20:33:19.770662031Z            ^^^^^^^^^^^^^^^^^^^^^^^^^^^^^^^^^^^^
2026-09-09T20:33:19.770664536Z   File "/usr/local/lib/python3.13/site-packages/fastapi/applications.py", line 1159, in __call__
2026-09-09T20:33:19.770666509Z     await super().__call__(scope, receive, send)
2026-09-09T20:33:19.770668473Z   File "/usr/local/lib/python3.13/site-packages/starlette/applications.py", line 107, in __call__
2026-09-09T20:33:19.770673944Z     await self.middleware_stack(scope, receive, send)
2026-09-09T20:33:19.770675968Z   File "/usr/local/lib/python3.13/site-packages/starlette/middleware/errors.py", line 186, in __call__
2026-09-09T20:33:19.770677932Z     raise exc
2026-09-09T20:33:19.770679926Z   File "/usr/local/lib/python3.13/site-packages/starlette/middleware/errors.py", line 164, in __call__
2026-09-09T20:33:19.770681910Z     await self.app(scope, receive, _send)
2026-09-09T20:33:19.770684485Z   File "/usr/local/lib/python3.13/site-packages/opentelemetry/instrumentation/asgi/__init__.py", line 806, in __call__
2026-09-09T20:33:19.770686479Z     await self.app(scope, otel_receive, otel_send)
2026-09-09T20:33:19.770688533Z   File "/usr/local/lib/python3.13/site-packages/starlette/middleware/errors.py", line 186, in __call__
2026-09-09T20:33:19.770690577Z     raise exc
2026-09-09T20:33:19.770692651Z   File "/usr/local/lib/python3.13/site-packages/starlette/middleware/errors.py", line 164, in __call__
2026-09-09T20:33:19.770694635Z     await self.app(scope, receive, _send)
2026-09-09T20:33:19.770696579Z   File "/usr/local/lib/python3.13/site-packages/opentelemetry/instrumentation/fastapi/__init__.py", line 305, in __call__
2026-09-09T20:33:19.770698583Z     await self.app(scope, receive, send)
2026-09-09T20:33:19.770700527Z   File "/usr/local/lib/python3.13/site-packages/prometheus_fastapi_instrumentator/middleware.py", line 177, in __call__
2026-09-09T20:33:19.770702551Z     raise exc
2026-09-09T20:33:19.770704505Z   File "/usr/local/lib/python3.13/site-packages/prometheus_fastapi_instrumentator/middleware.py", line 175, in __call__
2026-09-09T20:33:19.770706458Z     await self.app(scope, receive, send_wrapper)
2026-09-09T20:33:19.770708532Z   File "/usr/local/lib/python3.13/site-packages/starlette/middleware/exceptions.py", line 63, in __call__
2026-09-09T20:33:19.770710947Z     await wrap_app_handling_exceptions(self.app, conn)(scope, receive, send)
2026-09-09T20:33:19.770712891Z   File "/usr/local/lib/python3.13/site-packages/starlette/_exception_handler.py", line 53, in wrapped_app
2026-09-09T20:33:19.770714815Z     raise exc
2026-09-09T20:33:19.770716749Z   File "/usr/local/lib/python3.13/site-packages/starlette/_exception_handler.py", line 42, in wrapped_app
2026-09-09T20:33:19.770718703Z     await app(scope, receive, sender)
2026-09-09T20:33:19.770720887Z   File "/usr/local/lib/python3.13/site-packages/fastapi/middleware/asyncexitstack.py", line 18, in __call__
2026-09-09T20:33:19.770722871Z     await self.app(scope, receive, send)
2026-09-09T20:33:19.770729564Z   File "/usr/local/lib/python3.13/site-packages/starlette/routing.py", line 716, in __call__
2026-09-09T20:33:19.770731558Z     await self.middleware_stack(scope, receive, send)
2026-09-09T20:33:19.770733512Z   File "/usr/local/lib/python3.13/site-packages/starlette/routing.py", line 736, in app
2026-09-09T20:33:19.770735466Z     await route.handle(scope, receive, send)
2026-09-09T20:33:19.770737410Z   File "/usr/local/lib/python3.13/site-packages/starlette/routing.py", line 290, in handle
2026-09-09T20:33:19.770739403Z     await self.app(scope, receive, send)
2026-09-09T20:33:19.770741347Z   File "/usr/local/lib/python3.13/site-packages/fastapi/routing.py", line 134, in app
2026-09-09T20:33:19.770743291Z     await wrap_app_handling_exceptions(app, request)(scope, receive, send)
2026-09-09T20:33:19.770745245Z   File "/usr/local/lib/python3.13/site-packages/starlette/_exception_handler.py", line 53, in wrapped_app
2026-09-09T20:33:19.770747189Z     raise exc
2026-09-09T20:33:19.770749153Z   File "/usr/local/lib/python3.13/site-packages/starlette/_exception_handler.py", line 42, in wrapped_app
2026-09-09T20:33:19.770751097Z     await app(scope, receive, sender)
2026-09-09T20:33:19.770753040Z   File "/usr/local/lib/python3.13/site-packages/fastapi/routing.py", line 120, in app
2026-09-09T20:33:19.770755485Z     response = await f(request)
2026-09-09T20:33:19.770757720Z                ^^^^^^^^^^^^^^^^
2026-09-09T20:33:19.770759684Z   File "/usr/local/lib/python3.13/site-packages/fastapi/routing.py", line 674, in app
2026-09-09T20:33:19.770761637Z     raw_response = await run_endpoint_function(
2026-09-09T20:33:19.770763581Z                    ^^^^^^^^^^^^^^^^^^^^^^^^^^^^
2026-09-09T20:33:19.770766086Z     ...<3 lines>...
2026-09-09T20:33:19.770768040Z     )
2026-09-09T20:33:19.770769994Z     ^
2026-09-09T20:33:19.770771978Z   File "/usr/local/lib/python3.13/site-packages/fastapi/routing.py", line 330, in run_endpoint_function
2026-09-09T20:33:19.770773962Z     return await run_in_threadpool(dependant.call, **values)
2026-09-09T20:33:19.770803961Z            ^^^^^^^^^^^^^^^^^^^^^^^^^^^^^^^^^^^^^^^^^^^^^^^^^
2026-09-09T20:33:19.770826025Z   File "/usr/local/lib/python3.13/site-packages/starlette/concurrency.py", line 32, in run_in_threadpool
2026-09-09T20:33:19.770828439Z     return await anyio.to_thread.run_sync(func)
2026-09-09T20:33:19.770830373Z            ^^^^^^^^^^^^^^^^^^^^^^^^^^^^^^^^^^^^
2026-09-09T20:33:19.770832297Z   File "/usr/local/lib/python3.13/site-packages/anyio/to_thread.py", line 63, in run_sync
2026-09-09T20:33:19.770834401Z     return await get_async_backend().run_sync_in_worker_thread(
2026-09-09T20:33:19.770836315Z            ^^^^^^^^^^^^^^^^^^^^^^^^^^^^^^^^^^^^^^^^^^^^^^^^^^^^
2026-09-09T20:33:19.770838209Z         func, args, abandon_on_cancel=abandon_on_cancel, limiter=limiter
2026-09-09T20:33:19.770840132Z         ^^^^^^^^^^^^^^^^^^^^^^^^^^^^^^^^^^^^^^^^^^^^^^^^^^^^^^^^^^^^^^^^
2026-09-09T20:33:19.770842187Z     )
2026-09-09T20:33:19.770844190Z     ^
2026-09-09T20:33:19.770846154Z   File "/usr/local/lib/python3.13/site-packages/anyio/_backends/_asyncio.py", line 2518, in run_sync_in_worker_thread
2026-09-09T20:33:19.770848088Z     return await future
2026-09-09T20:33:19.770850252Z            ^^^^^^^^^^^^
2026-09-09T20:33:19.770852407Z   File "/usr/local/lib/python3.13/site-packages/anyio/_backends/_asyncio.py", line 1002, in run
2026-09-09T20:33:19.770854321Z     result = context.run(func, *args)
2026-09-09T20:33:19.770856294Z   File "/app/app/routers/orders.py", line 36, in checkout
2026-09-09T20:33:19.770858208Z     return create_order(
2026-09-09T20:33:19.770860152Z         db=db,
2026-09-09T20:33:19.770862086Z     ...<2 lines>...
2026-09-09T20:33:19.770871825Z         correlation_id=correlation_id,
2026-09-09T20:33:19.770873879Z     )
2026-09-09T20:33:19.770875853Z   File "/app/app/services/order_service.py", line 42, in create_order
2026-09-09T20:33:19.770877787Z     result = db.execute(
2026-09-09T20:33:19.770879711Z         select(ProductModel).where(ProductModel.id == product_id)
2026-09-09T20:33:19.770881604Z     )
2026-09-09T20:33:19.770883508Z   File "/usr/local/lib/python3.13/site-packages/sqlalchemy/orm/session.py", line 2372, in execute
2026-09-09T20:33:19.770885412Z     return self._execute_internal(
2026-09-09T20:33:19.770887326Z            ~~~~~~~~~~~~~~~~~~~~~~^
2026-09-09T20:33:19.770889260Z         statement,
2026-09-09T20:33:19.770891203Z         ^^^^^^^^^^
2026-09-09T20:33:19.770893127Z     ...<4 lines>...
2026-09-09T20:33:19.770895041Z         _add_event=_add_event,
2026-09-09T20:33:19.770896945Z         ^^^^^^^^^^^^^^^^^^^^^^
2026-09-09T20:33:19.770900893Z     )
2026-09-09T20:33:19.770902906Z     ^
2026-09-09T20:33:19.770904870Z   File "/usr/local/lib/python3.13/site-packages/sqlalchemy/orm/session.py", line 2260, in _execute_internal
2026-09-09T20:33:19.770906834Z     conn = self._connection_for_bind(bind)
2026-09-09T20:33:19.770908778Z   File "/usr/local/lib/python3.13/site-packages/sqlalchemy/orm/session.py", line 2112, in _connection_for_bind
2026-09-09T20:33:19.770910722Z     return trans._connection_for_bind(engine, execution_options)
2026-09-09T20:33:19.770912636Z            ~~~~~~~~~~~~~~~~~~~~~~~~~~^^^^^^^^^^^^^^^^^^^^^^^^^^^
2026-09-09T20:33:19.770914610Z   File "<string>", line 2, in _connection_for_bind
2026-09-09T20:33:19.770916584Z   File "/usr/local/lib/python3.13/site-packages/sqlalchemy/orm/state_changes.py", line 137, in _go
2026-09-09T20:33:19.770918497Z     ret_value = fn(self, *arg, **kw)
2026-09-09T20:33:19.770920431Z   File "/usr/local/lib/python3.13/site-packages/sqlalchemy/orm/session.py", line 1191, in _connection_for_bind
2026-09-09T20:33:19.770922365Z     conn = bind.connect()
2026-09-09T20:33:19.770924609Z   File "/usr/local/lib/python3.13/site-packages/opentelemetry/instrumentation/sqlalchemy/engine.py", line 200, in _wrap_connect_internal
2026-09-09T20:33:19.770926533Z     return func(*args, **kwargs)
2026-09-09T20:33:19.770928447Z   File "/usr/local/lib/python3.13/site-packages/sqlalchemy/engine/base.py", line 3295, in connect
2026-09-09T20:33:19.770930371Z     return self._connection_cls(self)
2026-09-09T20:33:19.770932285Z            ~~~~~~~~~~~~~~~~~~~~^^^^^^
2026-09-09T20:33:19.770934188Z   File "/usr/local/lib/python3.13/site-packages/sqlalchemy/engine/base.py", line 144, in __init__
2026-09-09T20:33:19.770936142Z     self._dbapi_connection = engine.raw_connection()
2026-09-09T20:33:19.770938096Z                              ~~~~~~~~~~~~~~~~~~~~~^^
2026-09-09T20:33:19.770940020Z   File "/usr/local/lib/python3.13/site-packages/sqlalchemy/engine/base.py", line 3319, in raw_connection
2026-09-09T20:33:19.770941944Z     return self.pool.connect()
2026-09-09T20:33:19.770943847Z            ~~~~~~~~~~~~~~~~~^^
2026-09-09T20:33:19.770945771Z   File "/usr/local/lib/python3.13/site-packages/sqlalchemy/pool/base.py", line 448, in connect
2026-09-09T20:33:19.770947675Z     return _ConnectionFairy._checkout(self)
2026-09-09T20:33:19.770949589Z            ~~~~~~~~~~~~~~~~~~~~~~~~~~^^^^^^
2026-09-09T20:33:19.770951482Z   File "/usr/local/lib/python3.13/site-packages/sqlalchemy/pool/base.py", line 1272, in _checkout
2026-09-09T20:33:19.770953406Z     fairy = _ConnectionRecord.checkout(pool)
2026-09-09T20:33:19.770955480Z   File "/usr/local/lib/python3.13/site-packages/sqlalchemy/pool/base.py", line 712, in checkout
2026-09-09T20:33:19.770962144Z     rec = pool._do_get()
2026-09-09T20:33:19.770964117Z   File "/usr/local/lib/python3.13/site-packages/sqlalchemy/pool/impl.py", line 167, in _do_get
2026-09-09T20:33:19.770966021Z     raise exc.TimeoutError(
2026-09-09T20:33:19.770967945Z     ...<4 lines>...
2026-09-09T20:33:19.770970600Z     )
2026-09-09T20:33:19.770973636Z sqlalchemy.exc.TimeoutError: QueuePool limit of size 5 overflow 10 reached, connection timed out, timeout 30.00 (Background on this error at: https://sqlalche.me/e/20/3o7r)
2026-09-09T20:33:19.992083073Z ERROR:    Exception in ASGI application
2026-09-09T20:33:19.992116359Z Traceback (most recent call last):
2026-09-09T20:33:19.992118814Z   File "/usr/local/lib/python3.13/site-packages/uvicorn/protocols/http/httptools_impl.py", line 421, in run_asgi
2026-09-09T20:33:19.992121509Z     result = await app(  # type: ignore[func-returns-value]
2026-09-09T20:33:19.992123443Z              ^^^^^^^^^^^^^^^^^^^^^^^^^^^^^^^^^^^^^^^^^^^^^^
2026-09-09T20:33:19.992125447Z         self.scope, self.receive, self.send
2026-09-09T20:33:19.992127461Z         ^^^^^^^^^^^^^^^^^^^^^^^^^^^^^^^^^^^
2026-09-09T20:33:19.992129615Z     )
2026-09-09T20:33:19.992131609Z     ^
2026-09-09T20:33:19.992133553Z   File "/usr/local/lib/python3.13/site-packages/uvicorn/middleware/proxy_headers.py", line 63, in __call__
2026-09-09T20:33:19.992135497Z     return await self.app(scope, receive, send)
2026-09-09T20:33:19.992137411Z            ^^^^^^^^^^^^^^^^^^^^^^^^^^^^^^^^^^^^
2026-09-09T20:33:19.992142882Z   File "/usr/local/lib/python3.13/site-packages/fastapi/applications.py", line 1159, in __call__
2026-09-09T20:33:19.992144946Z     await super().__call__(scope, receive, send)
2026-09-09T20:33:19.992146910Z   File "/usr/local/lib/python3.13/site-packages/starlette/applications.py", line 107, in __call__
2026-09-09T20:33:19.992148894Z     await self.middleware_stack(scope, receive, send)
2026-09-09T20:33:19.992150837Z   File "/usr/local/lib/python3.13/site-packages/starlette/middleware/errors.py", line 186, in __call__
2026-09-09T20:33:19.992152811Z     raise exc
2026-09-09T20:33:19.992154735Z   File "/usr/local/lib/python3.13/site-packages/starlette/middleware/errors.py", line 164, in __call__
2026-09-09T20:33:19.992156669Z     await self.app(scope, receive, _send)
2026-09-09T20:33:19.992159144Z   File "/usr/local/lib/python3.13/site-packages/opentelemetry/instrumentation/asgi/__init__.py", line 806, in __call__
2026-09-09T20:33:19.992161078Z     await self.app(scope, otel_receive, otel_send)
2026-09-09T20:33:19.992163182Z   File "/usr/local/lib/python3.13/site-packages/starlette/middleware/errors.py", line 186, in __call__
2026-09-09T20:33:19.992165166Z     raise exc
2026-09-09T20:33:19.992167160Z   File "/usr/local/lib/python3.13/site-packages/starlette/middleware/errors.py", line 164, in __call__
2026-09-09T20:33:19.992169103Z     await self.app(scope, receive, _send)
2026-09-09T20:33:19.992171017Z   File "/usr/local/lib/python3.13/site-packages/opentelemetry/instrumentation/fastapi/__init__.py", line 305, in __call__
2026-09-09T20:33:19.992172991Z     await self.app(scope, receive, send)
2026-09-09T20:33:19.992174905Z   File "/usr/local/lib/python3.13/site-packages/prometheus_fastapi_instrumentator/middleware.py", line 177, in __call__
2026-09-09T20:33:19.992176809Z     raise exc
2026-09-09T20:33:19.992178722Z   File "/usr/local/lib/python3.13/site-packages/prometheus_fastapi_instrumentator/middleware.py", line 175, in __call__
2026-09-09T20:33:19.992180656Z     await self.app(scope, receive, send_wrapper)
2026-09-09T20:33:19.992182570Z   File "/usr/local/lib/python3.13/site-packages/starlette/middleware/exceptions.py", line 63, in __call__
2026-09-09T20:33:19.992202990Z     await wrap_app_handling_exceptions(self.app, conn)(scope, receive, send)
2026-09-09T20:33:19.992205044Z   File "/usr/local/lib/python3.13/site-packages/starlette/_exception_handler.py", line 53, in wrapped_app
2026-09-09T20:33:19.992206968Z     raise exc
2026-09-09T20:33:19.992208882Z   File "/usr/local/lib/python3.13/site-packages/starlette/_exception_handler.py", line 42, in wrapped_app
2026-09-09T20:33:19.992210796Z     await app(scope, receive, sender)
2026-09-09T20:33:19.992212710Z   File "/usr/local/lib/python3.13/site-packages/fastapi/middleware/asyncexitstack.py", line 18, in __call__
2026-09-09T20:33:19.992214643Z     await self.app(scope, receive, send)
2026-09-09T20:33:19.992216567Z   File "/usr/local/lib/python3.13/site-packages/starlette/routing.py", line 716, in __call__
2026-09-09T20:33:19.992218471Z     await self.middleware_stack(scope, receive, send)
2026-09-09T20:33:19.992220395Z   File "/usr/local/lib/python3.13/site-packages/starlette/routing.py", line 736, in app
2026-09-09T20:33:19.992222339Z     await route.handle(scope, receive, send)
2026-09-09T20:33:19.992224292Z   File "/usr/local/lib/python3.13/site-packages/starlette/routing.py", line 290, in handle
2026-09-09T20:33:19.992226196Z     await self.app(scope, receive, send)
2026-09-09T20:33:19.992228120Z   File "/usr/local/lib/python3.13/site-packages/fastapi/routing.py", line 134, in app
2026-09-09T20:33:19.992230114Z     await wrap_app_handling_exceptions(app, request)(scope, receive, send)
2026-09-09T20:33:19.992232028Z   File "/usr/local/lib/python3.13/site-packages/starlette/_exception_handler.py", line 53, in wrapped_app
2026-09-09T20:33:19.992233932Z     raise exc
2026-09-09T20:33:19.992235855Z   File "/usr/local/lib/python3.13/site-packages/starlette/_exception_handler.py", line 42, in wrapped_app
2026-09-09T20:33:19.992237769Z     await app(scope, receive, sender)
2026-09-09T20:33:19.992239683Z   File "/usr/local/lib/python3.13/site-packages/fastapi/routing.py", line 120, in app
2026-09-09T20:33:19.992242268Z     response = await f(request)
2026-09-09T20:33:19.992244232Z                ^^^^^^^^^^^^^^^^
2026-09-09T20:33:19.992246196Z   File "/usr/local/lib/python3.13/site-packages/fastapi/routing.py", line 674, in app
2026-09-09T20:33:19.992248110Z     raw_response = await run_endpoint_function(
2026-09-09T20:33:19.992250063Z                    ^^^^^^^^^^^^^^^^^^^^^^^^^^^^
2026-09-09T20:33:19.992252478Z     ...<3 lines>...
2026-09-09T20:33:19.992254412Z     )
2026-09-09T20:33:19.992256356Z     ^
2026-09-09T20:33:19.992258270Z   File "/usr/local/lib/python3.13/site-packages/fastapi/routing.py", line 330, in run_endpoint_function
2026-09-09T20:33:19.992260183Z     return await run_in_threadpool(dependant.call, **values)
2026-09-09T20:33:19.992262177Z            ^^^^^^^^^^^^^^^^^^^^^^^^^^^^^^^^^^^^^^^^^^^^^^^^^
2026-09-09T20:33:19.992293970Z   File "/usr/local/lib/python3.13/site-packages/starlette/concurrency.py", line 32, in run_in_threadpool
2026-09-09T20:33:19.992298539Z     return await anyio.to_thread.run_sync(func)
2026-09-09T20:33:19.992300543Z            ^^^^^^^^^^^^^^^^^^^^^^^^^^^^^^^^^^^^
2026-09-09T20:33:19.992302467Z   File "/usr/local/lib/python3.13/site-packages/anyio/to_thread.py", line 63, in run_sync
2026-09-09T20:33:19.992304381Z     return await get_async_backend().run_sync_in_worker_thread(
2026-09-09T20:33:19.992306315Z            ^^^^^^^^^^^^^^^^^^^^^^^^^^^^^^^^^^^^^^^^^^^^^^^^^^^^
2026-09-09T20:33:19.992308349Z         func, args, abandon_on_cancel=abandon_on_cancel, limiter=limiter
2026-09-09T20:33:19.992310252Z         ^^^^^^^^^^^^^^^^^^^^^^^^^^^^^^^^^^^^^^^^^^^^^^^^^^^^^^^^^^^^^^^^
2026-09-09T20:33:19.992312156Z     )
2026-09-09T20:33:19.992314070Z     ^
2026-09-09T20:33:19.992324320Z   File "/usr/local/lib/python3.13/site-packages/anyio/_backends/_asyncio.py", line 2518, in run_sync_in_worker_thread
2026-09-09T20:33:19.992326354Z     return await future
2026-09-09T20:33:19.992328258Z            ^^^^^^^^^^^^
2026-09-09T20:33:19.992330172Z   File "/usr/local/lib/python3.13/site-packages/anyio/_backends/_asyncio.py", line 1002, in run
2026-09-09T20:33:19.992332095Z     result = context.run(func, *args)
2026-09-09T20:33:19.992334119Z   File "/app/app/routers/orders.py", line 36, in checkout
2026-09-09T20:33:19.992336043Z     return create_order(
2026-09-09T20:33:19.992337967Z         db=db,
2026-09-09T20:33:19.992339891Z     ...<2 lines>...
2026-09-09T20:33:19.992341805Z         correlation_id=correlation_id,
2026-09-09T20:33:19.992343708Z     )
2026-09-09T20:33:19.992345642Z   File "/app/app/services/order_service.py", line 42, in create_order
2026-09-09T20:33:19.992347576Z     result = db.execute(
2026-09-09T20:33:19.992349510Z         select(ProductModel).where(ProductModel.id == product_id)
2026-09-09T20:33:19.992351484Z     )
2026-09-09T20:33:19.992353398Z   File "/usr/local/lib/python3.13/site-packages/sqlalchemy/orm/session.py", line 2372, in execute
2026-09-09T20:33:19.992355311Z     return self._execute_internal(
2026-09-09T20:33:19.992357205Z            ~~~~~~~~~~~~~~~~~~~~~~^
2026-09-09T20:33:19.992359109Z         statement,
2026-09-09T20:33:19.992361013Z         ^^^^^^^^^^
2026-09-09T20:33:19.992362926Z     ...<4 lines>...
2026-09-09T20:33:19.992364890Z         _add_event=_add_event,
2026-09-09T20:33:19.992366774Z         ^^^^^^^^^^^^^^^^^^^^^^
2026-09-09T20:33:19.992368648Z     )
2026-09-09T20:33:19.992370541Z     ^
2026-09-09T20:33:19.992375090Z   File "/usr/local/lib/python3.13/site-packages/sqlalchemy/orm/session.py", line 2260, in _execute_internal
2026-09-09T20:33:19.992377064Z     conn = self._connection_for_bind(bind)
2026-09-09T20:33:19.992378988Z   File "/usr/local/lib/python3.13/site-packages/sqlalchemy/orm/session.py", line 2112, in _connection_for_bind
2026-09-09T20:33:19.992380932Z     return trans._connection_for_bind(engine, execution_options)
2026-09-09T20:33:19.992382846Z            ~~~~~~~~~~~~~~~~~~~~~~~~~~^^^^^^^^^^^^^^^^^^^^^^^^^^^
2026-09-09T20:33:19.992384750Z   File "<string>", line 2, in _connection_for_bind
2026-09-09T20:33:19.992386663Z   File "/usr/local/lib/python3.13/site-packages/sqlalchemy/orm/state_changes.py", line 137, in _go
2026-09-09T20:33:19.992388577Z     ret_value = fn(self, *arg, **kw)
2026-09-09T20:33:19.992390481Z   File "/usr/local/lib/python3.13/site-packages/sqlalchemy/orm/session.py", line 1191, in _connection_for_bind
2026-09-09T20:33:19.992392375Z     conn = bind.connect()
2026-09-09T20:33:19.992394950Z   File "/usr/local/lib/python3.13/site-packages/opentelemetry/instrumentation/sqlalchemy/engine.py", line 200, in _wrap_connect_internal
2026-09-09T20:33:19.992396883Z     return func(*args, **kwargs)
2026-09-09T20:33:19.992400911Z   File "/usr/local/lib/python3.13/site-packages/sqlalchemy/engine/base.py", line 3295, in connect
2026-09-09T20:33:19.992402865Z     return self._connection_cls(self)
2026-09-09T20:33:19.992404779Z            ~~~~~~~~~~~~~~~~~~~~^^^^^^
2026-09-09T20:33:19.992406693Z   File "/usr/local/lib/python3.13/site-packages/sqlalchemy/engine/base.py", line 144, in __init__
2026-09-09T20:33:19.992408597Z     self._dbapi_connection = engine.raw_connection()
2026-09-09T20:33:19.992410510Z                              ~~~~~~~~~~~~~~~~~~~~~^^
2026-09-09T20:33:19.992412414Z   File "/usr/local/lib/python3.13/site-packages/sqlalchemy/engine/base.py", line 3319, in raw_connection
2026-09-09T20:33:19.992414348Z     return self.pool.connect()
2026-09-09T20:33:19.992421312Z            ~~~~~~~~~~~~~~~~~^^
2026-09-09T20:33:19.992423336Z   File "/usr/local/lib/python3.13/site-packages/sqlalchemy/pool/base.py", line 448, in connect
2026-09-09T20:33:19.992425240Z     return _ConnectionFairy._checkout(self)
2026-09-09T20:33:19.992427153Z            ~~~~~~~~~~~~~~~~~~~~~~~~~~^^^^^^
2026-09-09T20:33:19.992429107Z   File "/usr/local/lib/python3.13/site-packages/sqlalchemy/pool/base.py", line 1272, in _checkout
2026-09-09T20:33:19.992431011Z     fairy = _ConnectionRecord.checkout(pool)
2026-09-09T20:33:19.992432915Z   File "/usr/local/lib/python3.13/site-packages/sqlalchemy/pool/base.py", line 712, in checkout
2026-09-09T20:33:19.992434869Z     rec = pool._do_get()
2026-09-09T20:33:19.992436822Z   File "/usr/local/lib/python3.13/site-packages/sqlalchemy/pool/impl.py", line 167, in _do_get
2026-09-09T20:33:19.992438736Z     raise exc.TimeoutError(
2026-09-09T20:33:19.992440650Z     ...<4 lines>...
2026-09-09T20:33:19.992442564Z     )
2026-09-09T20:33:19.992445079Z sqlalchemy.exc.TimeoutError: QueuePool limit of size 5 overflow 10 reached, connection timed out, timeout 30.00 (Background on this error at: https://sqlalche.me/e/20/3o7r)
2026-09-09T20:33:20.070423007Z ERROR:    Exception in ASGI application
2026-09-09T20:33:20.070471813Z Traceback (most recent call last):
2026-09-09T20:33:20.070477935Z   File "/usr/local/lib/python3.13/site-packages/uvicorn/protocols/http/httptools_impl.py", line 421, in run_asgi
2026-09-09T20:33:20.070482955Z     result = await app(  # type: ignore[func-returns-value]
2026-09-09T20:33:20.070487314Z              ^^^^^^^^^^^^^^^^^^^^^^^^^^^^^^^^^^^^^^^^^^^^^^
2026-09-09T20:33:20.070491752Z         self.scope, self.receive, self.send
2026-09-09T20:33:20.070496231Z         ^^^^^^^^^^^^^^^^^^^^^^^^^^^^^^^^^^^
2026-09-09T20:33:20.070610798Z     )
2026-09-09T20:33:20.070614004Z     ^
2026-09-09T20:33:20.070616268Z   File "/usr/local/lib/python3.13/site-packages/uvicorn/middleware/proxy_headers.py", line 63, in __call__
2026-09-09T20:33:20.070618823Z     return await self.app(scope, receive, send)
2026-09-09T20:33:20.070621298Z            ^^^^^^^^^^^^^^^^^^^^^^^^^^^^^^^^^^^^
2026-09-09T20:33:20.070624264Z   File "/usr/local/lib/python3.13/site-packages/fastapi/applications.py", line 1159, in __call__
2026-09-09T20:33:20.070626298Z     await super().__call__(scope, receive, send)
2026-09-09T20:33:20.070628352Z   File "/usr/local/lib/python3.13/site-packages/starlette/applications.py", line 107, in __call__
2026-09-09T20:33:20.070630567Z     await self.middleware_stack(scope, receive, send)
2026-09-09T20:33:20.070633132Z   File "/usr/local/lib/python3.13/site-packages/starlette/middleware/errors.py", line 186, in __call__
2026-09-09T20:33:20.070635727Z     raise exc
2026-09-09T20:33:20.070638302Z   File "/usr/local/lib/python3.13/site-packages/starlette/middleware/errors.py", line 164, in __call__
2026-09-09T20:33:20.070640326Z     await self.app(scope, receive, _send)
2026-09-09T20:33:20.070643322Z   File "/usr/local/lib/python3.13/site-packages/opentelemetry/instrumentation/asgi/__init__.py", line 806, in __call__
2026-09-09T20:33:20.070645376Z     await self.app(scope, otel_receive, otel_send)
2026-09-09T20:33:20.070647470Z   File "/usr/local/lib/python3.13/site-packages/starlette/middleware/errors.py", line 186, in __call__
2026-09-09T20:33:20.070649434Z     raise exc
2026-09-09T20:33:20.070651538Z   File "/usr/local/lib/python3.13/site-packages/starlette/middleware/errors.py", line 164, in __call__
2026-09-09T20:33:20.070653562Z     await self.app(scope, receive, _send)
2026-09-09T20:33:20.070655546Z   File "/usr/local/lib/python3.13/site-packages/opentelemetry/instrumentation/fastapi/__init__.py", line 305, in __call__
2026-09-09T20:33:20.070675676Z     await self.app(scope, receive, send)
2026-09-09T20:33:20.070677720Z   File "/usr/local/lib/python3.13/site-packages/prometheus_fastapi_instrumentator/middleware.py", line 177, in __call__
2026-09-09T20:33:20.070679684Z     raise exc
2026-09-09T20:33:20.070681617Z   File "/usr/local/lib/python3.13/site-packages/prometheus_fastapi_instrumentator/middleware.py", line 175, in __call__
2026-09-09T20:33:20.070683561Z     await self.app(scope, receive, send_wrapper)
2026-09-09T20:33:20.070685555Z   File "/usr/local/lib/python3.13/site-packages/starlette/middleware/exceptions.py", line 63, in __call__
2026-09-09T20:33:20.070688411Z     await wrap_app_handling_exceptions(self.app, conn)(scope, receive, send)
2026-09-09T20:33:20.070690355Z   File "/usr/local/lib/python3.13/site-packages/starlette/_exception_handler.py", line 53, in wrapped_app
2026-09-09T20:33:20.070692279Z     raise exc
2026-09-09T20:33:20.070694252Z   File "/usr/local/lib/python3.13/site-packages/starlette/_exception_handler.py", line 42, in wrapped_app
2026-09-09T20:33:20.070696196Z     await app(scope, receive, sender)
2026-09-09T20:33:20.070698250Z   File "/usr/local/lib/python3.13/site-packages/fastapi/middleware/asyncexitstack.py", line 18, in __call__
2026-09-09T20:33:20.070700184Z     await self.app(scope, receive, send)
2026-09-09T20:33:20.070702158Z   File "/usr/local/lib/python3.13/site-packages/starlette/routing.py", line 716, in __call__
2026-09-09T20:33:20.070704202Z     await self.middleware_stack(scope, receive, send)
2026-09-09T20:33:20.070706136Z   File "/usr/local/lib/python3.13/site-packages/starlette/routing.py", line 736, in app
2026-09-09T20:33:20.070708100Z     await route.handle(scope, receive, send)
2026-09-09T20:33:20.070710064Z   File "/usr/local/lib/python3.13/site-packages/starlette/routing.py", line 290, in handle
2026-09-09T20:33:20.070711987Z     await self.app(scope, receive, send)
2026-09-09T20:33:20.070713911Z   File "/usr/local/lib/python3.13/site-packages/fastapi/routing.py", line 134, in app
2026-09-09T20:33:20.070715825Z     await wrap_app_handling_exceptions(app, request)(scope, receive, send)
2026-09-09T20:33:20.070717739Z   File "/usr/local/lib/python3.13/site-packages/starlette/_exception_handler.py", line 53, in wrapped_app
2026-09-09T20:33:20.070719683Z     raise exc
2026-09-09T20:33:20.070721606Z   File "/usr/local/lib/python3.13/site-packages/starlette/_exception_handler.py", line 42, in wrapped_app
2026-09-09T20:33:20.070723530Z     await app(scope, receive, sender)
2026-09-09T20:33:20.070725464Z   File "/usr/local/lib/python3.13/site-packages/fastapi/routing.py", line 120, in app
2026-09-09T20:33:20.070728129Z     response = await f(request)
2026-09-09T20:33:20.070730073Z                ^^^^^^^^^^^^^^^^
2026-09-09T20:33:20.070731987Z   File "/usr/local/lib/python3.13/site-packages/fastapi/routing.py", line 674, in app
2026-09-09T20:33:20.070737768Z     raw_response = await run_endpoint_function(
2026-09-09T20:33:20.070739802Z                    ^^^^^^^^^^^^^^^^^^^^^^^^^^^^
2026-09-09T20:33:20.070742377Z     ...<3 lines>...
2026-09-09T20:33:20.070744361Z     )
2026-09-09T20:33:20.070746345Z     ^
2026-09-09T20:33:20.070748289Z   File "/usr/local/lib/python3.13/site-packages/fastapi/routing.py", line 330, in run_endpoint_function
2026-09-09T20:33:20.070750213Z     return await run_in_threadpool(dependant.call, **values)
2026-09-09T20:33:20.070752197Z            ^^^^^^^^^^^^^^^^^^^^^^^^^^^^^^^^^^^^^^^^^^^^^^^^^
2026-09-09T20:33:20.070765704Z   File "/usr/local/lib/python3.13/site-packages/starlette/concurrency.py", line 32, in run_in_threadpool
2026-09-09T20:33:20.070767808Z     return await anyio.to_thread.run_sync(func)
2026-09-09T20:33:20.070774922Z            ^^^^^^^^^^^^^^^^^^^^^^^^^^^^^^^^^^^^
2026-09-09T20:33:20.070776876Z   File "/usr/local/lib/python3.13/site-packages/anyio/to_thread.py", line 63, in run_sync
2026-09-09T20:33:20.070778840Z     return await get_async_backend().run_sync_in_worker_thread(
2026-09-09T20:33:20.070781014Z            ^^^^^^^^^^^^^^^^^^^^^^^^^^^^^^^^^^^^^^^^^^^^^^^^^^^^
2026-09-09T20:33:20.070782948Z         func, args, abandon_on_cancel=abandon_on_cancel, limiter=limiter
2026-09-09T20:33:20.070786775Z         ^^^^^^^^^^^^^^^^^^^^^^^^^^^^^^^^^^^^^^^^^^^^^^^^^^^^^^^^^^^^^^^^
2026-09-09T20:33:20.070788809Z     )
2026-09-09T20:33:20.070790743Z     ^
2026-09-09T20:33:20.070792767Z   File "/usr/local/lib/python3.13/site-packages/anyio/_backends/_asyncio.py", line 2518, in run_sync_in_worker_thread
2026-09-09T20:33:20.070794821Z     return await future
2026-09-09T20:33:20.070799009Z            ^^^^^^^^^^^^
2026-09-09T20:33:20.070800993Z   File "/usr/local/lib/python3.13/site-packages/anyio/_backends/_asyncio.py", line 1002, in run
2026-09-09T20:33:20.070802957Z     result = context.run(func, *args)
2026-09-09T20:33:20.070804921Z   File "/app/app/routers/orders.py", line 36, in checkout
2026-09-09T20:33:20.070806915Z     return create_order(
2026-09-09T20:33:20.070808889Z         db=db,
2026-09-09T20:33:20.070810883Z     ...<2 lines>...
2026-09-09T20:33:20.070812857Z         correlation_id=correlation_id,
2026-09-09T20:33:20.070814811Z     )
2026-09-09T20:33:20.070816774Z   File "/app/app/services/order_service.py", line 42, in create_order
2026-09-09T20:33:20.070818768Z     result = db.execute(
2026-09-09T20:33:20.070820712Z         select(ProductModel).where(ProductModel.id == product_id)
2026-09-09T20:33:20.070822666Z     )
2026-09-09T20:33:20.070824590Z   File "/usr/local/lib/python3.13/site-packages/sqlalchemy/orm/session.py", line 2372, in execute
2026-09-09T20:33:20.070838618Z     return self._execute_internal(
2026-09-09T20:33:20.070840732Z            ~~~~~~~~~~~~~~~~~~~~~~^
2026-09-09T20:33:20.070842676Z         statement,
2026-09-09T20:33:20.070844609Z         ^^^^^^^^^^
2026-09-09T20:33:20.070846583Z     ...<4 lines>...
2026-09-09T20:33:20.070848517Z         _add_event=_add_event,
2026-09-09T20:33:20.070850471Z         ^^^^^^^^^^^^^^^^^^^^^^
2026-09-09T20:33:20.070852395Z     )
2026-09-09T20:33:20.070854319Z     ^
2026-09-09T20:33:20.070856252Z   File "/usr/local/lib/python3.13/site-packages/sqlalchemy/orm/session.py", line 2260, in _execute_internal
2026-09-09T20:33:20.070858196Z     conn = self._connection_for_bind(bind)
2026-09-09T20:33:20.070860461Z   File "/usr/local/lib/python3.13/site-packages/sqlalchemy/orm/session.py", line 2112, in _connection_for_bind
2026-09-09T20:33:20.070862445Z     return trans._connection_for_bind(engine, execution_options)
2026-09-09T20:33:20.070864369Z            ~~~~~~~~~~~~~~~~~~~~~~~~~~^^^^^^^^^^^^^^^^^^^^^^^^^^^
2026-09-09T20:33:20.070866312Z   File "<string>", line 2, in _connection_for_bind
2026-09-09T20:33:20.070868246Z   File "/usr/local/lib/python3.13/site-packages/sqlalchemy/orm/state_changes.py", line 137, in _go
2026-09-09T20:33:20.070870170Z     ret_value = fn(self, *arg, **kw)
2026-09-09T20:33:20.070872104Z   File "/usr/local/lib/python3.13/site-packages/sqlalchemy/orm/session.py", line 1191, in _connection_for_bind
2026-09-09T20:33:20.070874028Z     conn = bind.connect()
2026-09-09T20:33:20.070876422Z   File "/usr/local/lib/python3.13/site-packages/opentelemetry/instrumentation/sqlalchemy/engine.py", line 200, in _wrap_connect_internal
2026-09-09T20:33:20.070878346Z     return func(*args, **kwargs)
2026-09-09T20:33:20.070884869Z   File "/usr/local/lib/python3.13/site-packages/sqlalchemy/engine/base.py", line 3295, in connect
2026-09-09T20:33:20.070886893Z     return self._connection_cls(self)
2026-09-09T20:33:20.070888817Z            ~~~~~~~~~~~~~~~~~~~~^^^^^^
2026-09-09T20:33:20.070890781Z   File "/usr/local/lib/python3.13/site-packages/sqlalchemy/engine/base.py", line 144, in __init__
2026-09-09T20:33:20.070892694Z     self._dbapi_connection = engine.raw_connection()
2026-09-09T20:33:20.070894618Z                              ~~~~~~~~~~~~~~~~~~~~~^^
2026-09-09T20:33:20.070896542Z   File "/usr/local/lib/python3.13/site-packages/sqlalchemy/engine/base.py", line 3319, in raw_connection
2026-09-09T20:33:20.070898476Z     return self.pool.connect()
2026-09-09T20:33:20.070900410Z            ~~~~~~~~~~~~~~~~~^^
2026-09-09T20:33:20.070902364Z   File "/usr/local/lib/python3.13/site-packages/sqlalchemy/pool/base.py", line 448, in connect
2026-09-09T20:33:20.070904368Z     return _ConnectionFairy._checkout(self)
2026-09-09T20:33:20.070906321Z            ~~~~~~~~~~~~~~~~~~~~~~~~~~^^^^^^
2026-09-09T20:33:20.070908245Z   File "/usr/local/lib/python3.13/site-packages/sqlalchemy/pool/base.py", line 1272, in _checkout
2026-09-09T20:33:20.070910159Z     fairy = _ConnectionRecord.checkout(pool)
2026-09-09T20:33:20.070912093Z   File "/usr/local/lib/python3.13/site-packages/sqlalchemy/pool/base.py", line 712, in checkout
2026-09-09T20:33:20.070914037Z     rec = pool._do_get()
2026-09-09T20:33:20.070915960Z   File "/usr/local/lib/python3.13/site-packages/sqlalchemy/pool/impl.py", line 167, in _do_get
2026-09-09T20:33:20.070917914Z     raise exc.TimeoutError(
2026-09-09T20:33:20.070919828Z     ...<4 lines>...
2026-09-09T20:33:20.070921762Z     )
2026-09-09T20:33:20.070924557Z sqlalchemy.exc.TimeoutError: QueuePool limit of size 5 overflow 10 reached, connection timed out, timeout 30.00 (Background on this error at: https://sqlalche.me/e/20/3o7r)
2026-09-09T20:33:20.212401334Z ERROR:    Exception in ASGI application
2026-09-09T20:33:20.212440271Z Traceback (most recent call last):
2026-09-09T20:33:20.212446203Z   File "/usr/local/lib/python3.13/site-packages/uvicorn/protocols/http/httptools_impl.py", line 421, in run_asgi
2026-09-09T20:33:20.212451443Z     result = await app(  # type: ignore[func-returns-value]
2026-09-09T20:33:20.212455872Z              ^^^^^^^^^^^^^^^^^^^^^^^^^^^^^^^^^^^^^^^^^^^^^^
2026-09-09T20:33:20.212460170Z         self.scope, self.receive, self.send
2026-09-09T20:33:20.212464489Z         ^^^^^^^^^^^^^^^^^^^^^^^^^^^^^^^^^^^
2026-09-09T20:33:20.212469218Z     )
2026-09-09T20:33:20.212473697Z     ^
2026-09-09T20:33:20.212478096Z   File "/usr/local/lib/python3.13/site-packages/uvicorn/middleware/proxy_headers.py", line 63, in __call__
2026-09-09T20:33:20.212482484Z     return await self.app(scope, receive, send)
2026-09-09T20:33:20.212486873Z            ^^^^^^^^^^^^^^^^^^^^^^^^^^^^^^^^^^^^
2026-09-09T20:33:20.212491712Z   File "/usr/local/lib/python3.13/site-packages/fastapi/applications.py", line 1159, in __call__
2026-09-09T20:33:20.212496061Z     await super().__call__(scope, receive, send)
2026-09-09T20:33:20.212500350Z   File "/usr/local/lib/python3.13/site-packages/starlette/applications.py", line 107, in __call__
2026-09-09T20:33:20.212504858Z     await self.middleware_stack(scope, receive, send)
2026-09-09T20:33:20.212509237Z   File "/usr/local/lib/python3.13/site-packages/starlette/middleware/errors.py", line 186, in __call__
2026-09-09T20:33:20.212513676Z     raise exc
2026-09-09T20:33:20.212518004Z   File "/usr/local/lib/python3.13/site-packages/starlette/middleware/errors.py", line 164, in __call__
2026-09-09T20:33:20.212522393Z     await self.app(scope, receive, _send)
2026-09-09T20:33:20.212555849Z   File "/usr/local/lib/python3.13/site-packages/opentelemetry/instrumentation/asgi/__init__.py", line 806, in __call__
2026-09-09T20:33:20.212560559Z     await self.app(scope, otel_receive, otel_send)
2026-09-09T20:33:20.212564907Z   File "/usr/local/lib/python3.13/site-packages/starlette/middleware/errors.py", line 186, in __call__
2026-09-09T20:33:20.212569236Z     raise exc
2026-09-09T20:33:20.212573594Z   File "/usr/local/lib/python3.13/site-packages/starlette/middleware/errors.py", line 164, in __call__
2026-09-09T20:33:20.212578013Z     await self.app(scope, receive, _send)
2026-09-09T20:33:20.212582362Z   File "/usr/local/lib/python3.13/site-packages/opentelemetry/instrumentation/fastapi/__init__.py", line 305, in __call__
2026-09-09T20:33:20.212586770Z     await self.app(scope, receive, send)
2026-09-09T20:33:20.212591109Z   File "/usr/local/lib/python3.13/site-packages/prometheus_fastapi_instrumentator/middleware.py", line 177, in __call__
2026-09-09T20:33:20.212595397Z     raise exc
2026-09-09T20:33:20.212599706Z   File "/usr/local/lib/python3.13/site-packages/prometheus_fastapi_instrumentator/middleware.py", line 175, in __call__
2026-09-09T20:33:20.212604004Z     await self.app(scope, receive, send_wrapper)
2026-09-09T20:33:20.212608273Z   File "/usr/local/lib/python3.13/site-packages/starlette/middleware/exceptions.py", line 63, in __call__
2026-09-09T20:33:20.212613012Z     await wrap_app_handling_exceptions(self.app, conn)(scope, receive, send)
2026-09-09T20:33:20.212617371Z   File "/usr/local/lib/python3.13/site-packages/starlette/_exception_handler.py", line 53, in wrapped_app
2026-09-09T20:33:20.212621719Z     raise exc
2026-09-09T20:33:20.212626038Z   File "/usr/local/lib/python3.13/site-packages/starlette/_exception_handler.py", line 42, in wrapped_app
2026-09-09T20:33:20.212630306Z     await app(scope, receive, sender)
2026-09-09T20:33:20.212634595Z   File "/usr/local/lib/python3.13/site-packages/fastapi/middleware/asyncexitstack.py", line 18, in __call__
2026-09-09T20:33:20.212638903Z     await self.app(scope, receive, send)
2026-09-09T20:33:20.212643192Z   File "/usr/local/lib/python3.13/site-packages/starlette/routing.py", line 716, in __call__
2026-09-09T20:33:20.212647490Z     await self.middleware_stack(scope, receive, send)
2026-09-09T20:33:20.212651819Z   File "/usr/local/lib/python3.13/site-packages/starlette/routing.py", line 736, in app
2026-09-09T20:33:20.212656137Z     await route.handle(scope, receive, send)
2026-09-09T20:33:20.212660456Z   File "/usr/local/lib/python3.13/site-packages/starlette/routing.py", line 290, in handle
2026-09-09T20:33:20.212664714Z     await self.app(scope, receive, send)
2026-09-09T20:33:20.212669003Z   File "/usr/local/lib/python3.13/site-packages/fastapi/routing.py", line 134, in app
2026-09-09T20:33:20.212673271Z     await wrap_app_handling_exceptions(app, request)(scope, receive, send)
2026-09-09T20:33:20.212677560Z   File "/usr/local/lib/python3.13/site-packages/starlette/_exception_handler.py", line 53, in wrapped_app
2026-09-09T20:33:20.212681868Z     raise exc
2026-09-09T20:33:20.212686157Z   File "/usr/local/lib/python3.13/site-packages/starlette/_exception_handler.py", line 42, in wrapped_app
2026-09-09T20:33:20.212690465Z     await app(scope, receive, sender)
2026-09-09T20:33:20.212694964Z   File "/usr/local/lib/python3.13/site-packages/fastapi/routing.py", line 120, in app
2026-09-09T20:33:20.212699703Z     response = await f(request)
2026-09-09T20:33:20.212704002Z                ^^^^^^^^^^^^^^^^
2026-09-09T20:33:20.212708290Z   File "/usr/local/lib/python3.13/site-packages/fastapi/routing.py", line 674, in app
2026-09-09T20:33:20.212712609Z     raw_response = await run_endpoint_function(
2026-09-09T20:33:20.212727128Z                    ^^^^^^^^^^^^^^^^^^^^^^^^^^^^
2026-09-09T20:33:20.212732097Z     ...<3 lines>...
2026-09-09T20:33:20.212736486Z     )
2026-09-09T20:33:20.212740835Z     ^
2026-09-09T20:33:20.212745133Z   File "/usr/local/lib/python3.13/site-packages/fastapi/routing.py", line 330, in run_endpoint_function
2026-09-09T20:33:20.212749422Z     return await run_in_threadpool(dependant.call, **values)
2026-09-09T20:33:20.212813188Z            ^^^^^^^^^^^^^^^^^^^^^^^^^^^^^^^^^^^^^^^^^^^^^^^^^
2026-09-09T20:33:20.212877154Z   File "/usr/local/lib/python3.13/site-packages/starlette/concurrency.py", line 32, in run_in_threadpool
2026-09-09T20:33:20.212883086Z     return await anyio.to_thread.run_sync(func)
2026-09-09T20:33:20.212885521Z            ^^^^^^^^^^^^^^^^^^^^^^^^^^^^^^^^^^^^
2026-09-09T20:33:20.212887454Z   File "/usr/local/lib/python3.13/site-packages/anyio/to_thread.py", line 63, in run_sync
2026-09-09T20:33:20.212889408Z     return await get_async_backend().run_sync_in_worker_thread(
2026-09-09T20:33:20.212891663Z            ^^^^^^^^^^^^^^^^^^^^^^^^^^^^^^^^^^^^^^^^^^^^^^^^^^^^
2026-09-09T20:33:20.212894168Z         func, args, abandon_on_cancel=abandon_on_cancel, limiter=limiter
2026-09-09T20:33:20.212896542Z         ^^^^^^^^^^^^^^^^^^^^^^^^^^^^^^^^^^^^^^^^^^^^^^^^^^^^^^^^^^^^^^^^
2026-09-09T20:33:20.212898927Z     )
2026-09-09T20:33:20.212900851Z     ^
2026-09-09T20:33:20.212903045Z   File "/usr/local/lib/python3.13/site-packages/anyio/_backends/_asyncio.py", line 2518, in run_sync_in_worker_thread
2026-09-09T20:33:20.212904959Z     return await future
2026-09-09T20:33:20.212906893Z            ^^^^^^^^^^^^
2026-09-09T20:33:20.212908807Z   File "/usr/local/lib/python3.13/site-packages/anyio/_backends/_asyncio.py", line 1002, in run
2026-09-09T20:33:20.212910730Z     result = context.run(func, *args)
2026-09-09T20:33:20.212912664Z   File "/app/app/routers/orders.py", line 36, in checkout
2026-09-09T20:33:20.212914588Z     return create_order(
2026-09-09T20:33:20.212916522Z         db=db,
2026-09-09T20:33:20.212918496Z     ...<2 lines>...
2026-09-09T20:33:20.212920450Z         correlation_id=correlation_id,
2026-09-09T20:33:20.212922373Z     )
2026-09-09T20:33:20.212924357Z   File "/app/app/services/order_service.py", line 42, in create_order
2026-09-09T20:33:20.212926281Z     result = db.execute(
2026-09-09T20:33:20.212928195Z         select(ProductModel).where(ProductModel.id == product_id)
2026-09-09T20:33:20.212930119Z     )
2026-09-09T20:33:20.212932032Z   File "/usr/local/lib/python3.13/site-packages/sqlalchemy/orm/session.py", line 2372, in execute
2026-09-09T20:33:20.212933946Z     return self._execute_internal(
2026-09-09T20:33:20.212935880Z            ~~~~~~~~~~~~~~~~~~~~~~^
2026-09-09T20:33:20.212937814Z         statement,
2026-09-09T20:33:20.212939738Z         ^^^^^^^^^^
2026-09-09T20:33:20.212941671Z     ...<4 lines>...
2026-09-09T20:33:20.212943595Z         _add_event=_add_event,
2026-09-09T20:33:20.212945489Z         ^^^^^^^^^^^^^^^^^^^^^^
2026-09-09T20:33:20.212947373Z     )
2026-09-09T20:33:20.212949287Z     ^
2026-09-09T20:33:20.212951210Z   File "/usr/local/lib/python3.13/site-packages/sqlalchemy/orm/session.py", line 2260, in _execute_internal
2026-09-09T20:33:20.212953134Z     conn = self._connection_for_bind(bind)
2026-09-09T20:33:20.212955168Z   File "/usr/local/lib/python3.13/site-packages/sqlalchemy/orm/session.py", line 2112, in _connection_for_bind
2026-09-09T20:33:20.212957082Z     return trans._connection_for_bind(engine, execution_options)
2026-09-09T20:33:20.212958986Z            ~~~~~~~~~~~~~~~~~~~~~~~~~~^^^^^^^^^^^^^^^^^^^^^^^^^^^
2026-09-09T20:33:20.212969356Z   File "<string>", line 2, in _connection_for_bind
2026-09-09T20:33:20.212971380Z   File "/usr/local/lib/python3.13/site-packages/sqlalchemy/orm/state_changes.py", line 137, in _go
2026-09-09T20:33:20.212973304Z     ret_value = fn(self, *arg, **kw)
2026-09-09T20:33:20.212975208Z   File "/usr/local/lib/python3.13/site-packages/sqlalchemy/orm/session.py", line 1191, in _connection_for_bind
2026-09-09T20:33:20.212977122Z     conn = bind.connect()
2026-09-09T20:33:20.212979677Z   File "/usr/local/lib/python3.13/site-packages/opentelemetry/instrumentation/sqlalchemy/engine.py", line 200, in _wrap_connect_internal
2026-09-09T20:33:20.212981600Z     return func(*args, **kwargs)
2026-09-09T20:33:20.212983504Z   File "/usr/local/lib/python3.13/site-packages/sqlalchemy/engine/base.py", line 3295, in connect
2026-09-09T20:33:20.212985408Z     return self._connection_cls(self)
2026-09-09T20:33:20.212987302Z            ~~~~~~~~~~~~~~~~~~~~^^^^^^
2026-09-09T20:33:20.212989225Z   File "/usr/local/lib/python3.13/site-packages/sqlalchemy/engine/base.py", line 144, in __init__
2026-09-09T20:33:20.212991159Z     self._dbapi_connection = engine.raw_connection()
2026-09-09T20:33:20.212993093Z                              ~~~~~~~~~~~~~~~~~~~~~^^
2026-09-09T20:33:20.212994997Z   File "/usr/local/lib/python3.13/site-packages/sqlalchemy/engine/base.py", line 3319, in raw_connection
2026-09-09T20:33:20.212996911Z     return self.pool.connect()
2026-09-09T20:33:20.212998814Z            ~~~~~~~~~~~~~~~~~^^
2026-09-09T20:33:20.213000728Z   File "/usr/local/lib/python3.13/site-packages/sqlalchemy/pool/base.py", line 448, in connect
2026-09-09T20:33:20.213002632Z     return _ConnectionFairy._checkout(self)
2026-09-09T20:33:20.213004566Z            ~~~~~~~~~~~~~~~~~~~~~~~~~~^^^^^^
2026-09-09T20:33:20.213006469Z   File "/usr/local/lib/python3.13/site-packages/sqlalchemy/pool/base.py", line 1272, in _checkout
2026-09-09T20:33:20.213008463Z     fairy = _ConnectionRecord.checkout(pool)
2026-09-09T20:33:20.213010387Z   File "/usr/local/lib/python3.13/site-packages/sqlalchemy/pool/base.py", line 712, in checkout
2026-09-09T20:33:20.213012291Z     rec = pool._do_get()
2026-09-09T20:33:20.213014205Z   File "/usr/local/lib/python3.13/site-packages/sqlalchemy/pool/impl.py", line 167, in _do_get
2026-09-09T20:33:20.213016119Z     raise exc.TimeoutError(
2026-09-09T20:33:20.213018012Z     ...<4 lines>...
2026-09-09T20:33:20.213019936Z     )
2026-09-09T20:33:20.213022381Z sqlalchemy.exc.TimeoutError: QueuePool limit of size 5 overflow 10 reached, connection timed out, timeout 30.00 (Background on this error at: https://sqlalche.me/e/20/3o7r)
2026-09-09T20:33:20.225712747Z ERROR:    Exception in ASGI application
2026-09-09T20:33:20.225750181Z Traceback (most recent call last):
2026-09-09T20:33:20.225753327Z   File "/usr/local/lib/python3.13/site-packages/uvicorn/protocols/http/httptools_impl.py", line 421, in run_asgi
2026-09-09T20:33:20.225755882Z     result = await app(  # type: ignore[func-returns-value]
2026-09-09T20:33:20.225757846Z              ^^^^^^^^^^^^^^^^^^^^^^^^^^^^^^^^^^^^^^^^^^^^^^
2026-09-09T20:33:20.225760081Z         self.scope, self.receive, self.send
2026-09-09T20:33:20.225762064Z         ^^^^^^^^^^^^^^^^^^^^^^^^^^^^^^^^^^^
2026-09-09T20:33:20.225764018Z     )
2026-09-09T20:33:20.225765992Z     ^
2026-09-09T20:33:20.225767976Z   File "/usr/local/lib/python3.13/site-packages/uvicorn/middleware/proxy_headers.py", line 63, in __call__
2026-09-09T20:33:20.225769940Z     return await self.app(scope, receive, send)
2026-09-09T20:33:20.225771884Z            ^^^^^^^^^^^^^^^^^^^^^^^^^^^^^^^^^^^^
2026-09-09T20:33:20.225774299Z   File "/usr/local/lib/python3.13/site-packages/fastapi/applications.py", line 1159, in __call__
2026-09-09T20:33:20.225795230Z     await super().__call__(scope, receive, send)
2026-09-09T20:33:20.225797374Z   File "/usr/local/lib/python3.13/site-packages/starlette/applications.py", line 107, in __call__
2026-09-09T20:33:20.225799388Z     await self.middleware_stack(scope, receive, send)
2026-09-09T20:33:20.225804779Z   File "/usr/local/lib/python3.13/site-packages/starlette/middleware/errors.py", line 186, in __call__
2026-09-09T20:33:20.225806803Z     raise exc
2026-09-09T20:33:20.225808807Z   File "/usr/local/lib/python3.13/site-packages/starlette/middleware/errors.py", line 164, in __call__
2026-09-09T20:33:20.225810771Z     await self.app(scope, receive, _send)
2026-09-09T20:33:20.225813226Z   File "/usr/local/lib/python3.13/site-packages/opentelemetry/instrumentation/asgi/__init__.py", line 806, in __call__
2026-09-09T20:33:20.225815209Z     await self.app(scope, otel_receive, otel_send)
2026-09-09T20:33:20.225817163Z   File "/usr/local/lib/python3.13/site-packages/starlette/middleware/errors.py", line 186, in __call__
2026-09-09T20:33:20.225819097Z     raise exc
2026-09-09T20:33:20.225821051Z   File "/usr/local/lib/python3.13/site-packages/starlette/middleware/errors.py", line 164, in __call__
2026-09-09T20:33:20.225823015Z     await self.app(scope, receive, _send)
2026-09-09T20:33:20.225824959Z   File "/usr/local/lib/python3.13/site-packages/opentelemetry/instrumentation/fastapi/__init__.py", line 305, in __call__
2026-09-09T20:33:20.225826893Z     await self.app(scope, receive, send)
2026-09-09T20:33:20.225828846Z   File "/usr/local/lib/python3.13/site-packages/prometheus_fastapi_instrumentator/middleware.py", line 177, in __call__
2026-09-09T20:33:20.225830810Z     raise exc
2026-09-09T20:33:20.225832764Z   File "/usr/local/lib/python3.13/site-packages/prometheus_fastapi_instrumentator/middleware.py", line 175, in __call__
2026-09-09T20:33:20.225834718Z     await self.app(scope, receive, send_wrapper)
2026-09-09T20:33:20.225836672Z   File "/usr/local/lib/python3.13/site-packages/starlette/middleware/exceptions.py", line 63, in __call__
2026-09-09T20:33:20.225839357Z     await wrap_app_handling_exceptions(self.app, conn)(scope, receive, send)
2026-09-09T20:33:20.225841311Z   File "/usr/local/lib/python3.13/site-packages/starlette/_exception_handler.py", line 53, in wrapped_app
2026-09-09T20:33:20.225843245Z     raise exc
2026-09-09T20:33:20.225845199Z   File "/usr/local/lib/python3.13/site-packages/starlette/_exception_handler.py", line 42, in wrapped_app
2026-09-09T20:33:20.225847153Z     await app(scope, receive, sender)
2026-09-09T20:33:20.225849106Z   File "/usr/local/lib/python3.13/site-packages/fastapi/middleware/asyncexitstack.py", line 18, in __call__
2026-09-09T20:33:20.225851050Z     await self.app(scope, receive, send)
2026-09-09T20:33:20.225853004Z   File "/usr/local/lib/python3.13/site-packages/starlette/routing.py", line 716, in __call__
2026-09-09T20:33:20.225854928Z     await self.middleware_stack(scope, receive, send)
2026-09-09T20:33:20.225882312Z   File "/usr/local/lib/python3.13/site-packages/starlette/routing.py", line 736, in app
2026-09-09T20:33:20.225886280Z     await route.handle(scope, receive, send)
2026-09-09T20:33:20.225888564Z   File "/usr/local/lib/python3.13/site-packages/starlette/routing.py", line 290, in handle
2026-09-09T20:33:20.225890568Z     await self.app(scope, receive, send)
2026-09-09T20:33:20.225892482Z   File "/usr/local/lib/python3.13/site-packages/fastapi/routing.py", line 134, in app
2026-09-09T20:33:20.225894386Z     await wrap_app_handling_exceptions(app, request)(scope, receive, send)
2026-09-09T20:33:20.225896310Z   File "/usr/local/lib/python3.13/site-packages/starlette/_exception_handler.py", line 53, in wrapped_app
2026-09-09T20:33:20.225907602Z     raise exc
2026-09-09T20:33:20.225909766Z   File "/usr/local/lib/python3.13/site-packages/starlette/_exception_handler.py", line 42, in wrapped_app
2026-09-09T20:33:20.225911780Z     await app(scope, receive, sender)
2026-09-09T20:33:20.225913955Z   File "/usr/local/lib/python3.13/site-packages/fastapi/routing.py", line 120, in app
2026-09-09T20:33:20.225916961Z     response = await f(request)
2026-09-09T20:33:20.225919355Z                ^^^^^^^^^^^^^^^^
2026-09-09T20:33:20.225921550Z   File "/usr/local/lib/python3.13/site-packages/fastapi/routing.py", line 674, in app
2026-09-09T20:33:20.225923473Z     raw_response = await run_endpoint_function(
2026-09-09T20:33:20.225925367Z                    ^^^^^^^^^^^^^^^^^^^^^^^^^^^^
2026-09-09T20:33:20.225927682Z     ...<3 lines>...
2026-09-09T20:33:20.225929606Z     )
2026-09-09T20:33:20.225931519Z     ^
2026-09-09T20:33:20.225933463Z   File "/usr/local/lib/python3.13/site-packages/fastapi/routing.py", line 330, in run_endpoint_function
2026-09-09T20:33:20.225935377Z     return await run_in_threadpool(dependant.call, **values)
2026-09-09T20:33:20.225937341Z            ^^^^^^^^^^^^^^^^^^^^^^^^^^^^^^^^^^^^^^^^^^^^^^^^^
2026-09-09T20:33:20.225942451Z   File "/usr/local/lib/python3.13/site-packages/starlette/concurrency.py", line 32, in run_in_threadpool
2026-09-09T20:33:20.225944495Z     return await anyio.to_thread.run_sync(func)
2026-09-09T20:33:20.225946449Z            ^^^^^^^^^^^^^^^^^^^^^^^^^^^^^^^^^^^^
2026-09-09T20:33:20.225948383Z   File "/usr/local/lib/python3.13/site-packages/anyio/to_thread.py", line 63, in run_sync
2026-09-09T20:33:20.225950336Z     return await get_async_backend().run_sync_in_worker_thread(
2026-09-09T20:33:20.225952250Z            ^^^^^^^^^^^^^^^^^^^^^^^^^^^^^^^^^^^^^^^^^^^^^^^^^^^^
2026-09-09T20:33:20.225954184Z         func, args, abandon_on_cancel=abandon_on_cancel, limiter=limiter
2026-09-09T20:33:20.225956088Z         ^^^^^^^^^^^^^^^^^^^^^^^^^^^^^^^^^^^^^^^^^^^^^^^^^^^^^^^^^^^^^^^^
2026-09-09T20:33:20.225957992Z     )
2026-09-09T20:33:20.225959895Z     ^
2026-09-09T20:33:20.225961809Z   File "/usr/local/lib/python3.13/site-packages/anyio/_backends/_asyncio.py", line 2518, in run_sync_in_worker_thread
2026-09-09T20:33:20.225963843Z     return await future
2026-09-09T20:33:20.225965807Z            ^^^^^^^^^^^^
2026-09-09T20:33:20.225967731Z   File "/usr/local/lib/python3.13/site-packages/anyio/_backends/_asyncio.py", line 1002, in run
2026-09-09T20:33:20.225969635Z     result = context.run(func, *args)
2026-09-09T20:33:20.225971558Z   File "/app/app/routers/orders.py", line 36, in checkout
2026-09-09T20:33:20.225973462Z     return create_order(
2026-09-09T20:33:20.225975386Z         db=db,
2026-09-09T20:33:20.225977310Z     ...<2 lines>...
2026-09-09T20:33:20.225979234Z         correlation_id=correlation_id,
2026-09-09T20:33:20.225981177Z     )
2026-09-09T20:33:20.225983131Z   File "/app/app/services/order_service.py", line 42, in create_order
2026-09-09T20:33:20.225985055Z     result = db.execute(
2026-09-09T20:33:20.225987029Z         select(ProductModel).where(ProductModel.id == product_id)
2026-09-09T20:33:20.225988923Z     )
2026-09-09T20:33:20.225990826Z   File "/usr/local/lib/python3.13/site-packages/sqlalchemy/orm/session.py", line 2372, in execute
2026-09-09T20:33:20.225992740Z     return self._execute_internal(
2026-09-09T20:33:20.225994664Z            ~~~~~~~~~~~~~~~~~~~~~~^
2026-09-09T20:33:20.225996588Z         statement,
2026-09-09T20:33:20.225998492Z         ^^^^^^^^^^
2026-09-09T20:33:20.226000385Z     ...<4 lines>...
2026-09-09T20:33:20.226002309Z         _add_event=_add_event,
2026-09-09T20:33:20.226009303Z         ^^^^^^^^^^^^^^^^^^^^^^
2026-09-09T20:33:20.226011277Z     )
2026-09-09T20:33:20.226013181Z     ^
2026-09-09T20:33:20.226015084Z   File "/usr/local/lib/python3.13/site-packages/sqlalchemy/orm/session.py", line 2260, in _execute_internal
2026-09-09T20:33:20.226017018Z     conn = self._connection_for_bind(bind)
2026-09-09T20:33:20.226018952Z   File "/usr/local/lib/python3.13/site-packages/sqlalchemy/orm/session.py", line 2112, in _connection_for_bind
2026-09-09T20:33:20.226020876Z     return trans._connection_for_bind(engine, execution_options)
2026-09-09T20:33:20.226022780Z            ~~~~~~~~~~~~~~~~~~~~~~~~~~^^^^^^^^^^^^^^^^^^^^^^^^^^^
2026-09-09T20:33:20.226024693Z   File "<string>", line 2, in _connection_for_bind
2026-09-09T20:33:20.226026607Z   File "/usr/local/lib/python3.13/site-packages/sqlalchemy/orm/state_changes.py", line 137, in _go
2026-09-09T20:33:20.226028531Z     ret_value = fn(self, *arg, **kw)
2026-09-09T20:33:20.226030455Z   File "/usr/local/lib/python3.13/site-packages/sqlalchemy/orm/session.py", line 1191, in _connection_for_bind
2026-09-09T20:33:20.226032509Z     conn = bind.connect()
2026-09-09T20:33:20.226034934Z   File "/usr/local/lib/python3.13/site-packages/opentelemetry/instrumentation/sqlalchemy/engine.py", line 200, in _wrap_connect_internal
2026-09-09T20:33:20.226036857Z     return func(*args, **kwargs)
2026-09-09T20:33:20.226038761Z   File "/usr/local/lib/python3.13/site-packages/sqlalchemy/engine/base.py", line 3295, in connect
2026-09-09T20:33:20.226040675Z     return self._connection_cls(self)
2026-09-09T20:33:20.226042579Z            ~~~~~~~~~~~~~~~~~~~~^^^^^^
2026-09-09T20:33:20.226044482Z   File "/usr/local/lib/python3.13/site-packages/sqlalchemy/engine/base.py", line 144, in __init__
2026-09-09T20:33:20.226046396Z     self._dbapi_connection = engine.raw_connection()
2026-09-09T20:33:20.226048340Z                              ~~~~~~~~~~~~~~~~~~~~~^^
2026-09-09T20:33:20.226050244Z   File "/usr/local/lib/python3.13/site-packages/sqlalchemy/engine/base.py", line 3319, in raw_connection
2026-09-09T20:33:20.226052148Z     return self.pool.connect()
2026-09-09T20:33:20.226054061Z            ~~~~~~~~~~~~~~~~~^^
2026-09-09T20:33:20.226055975Z   File "/usr/local/lib/python3.13/site-packages/sqlalchemy/pool/base.py", line 448, in connect
2026-09-09T20:33:20.226059763Z     return _ConnectionFairy._checkout(self)
2026-09-09T20:33:20.226061957Z            ~~~~~~~~~~~~~~~~~~~~~~~~~~^^^^^^
2026-09-09T20:33:20.226063941Z   File "/usr/local/lib/python3.13/site-packages/sqlalchemy/pool/base.py", line 1272, in _checkout
2026-09-09T20:33:20.226065925Z     fairy = _ConnectionRecord.checkout(pool)
2026-09-09T20:33:20.226067869Z   File "/usr/local/lib/python3.13/site-packages/sqlalchemy/pool/base.py", line 712, in checkout
2026-09-09T20:33:20.226069802Z     rec = pool._do_get()
2026-09-09T20:33:20.226071726Z   File "/usr/local/lib/python3.13/site-packages/sqlalchemy/pool/impl.py", line 167, in _do_get
2026-09-09T20:33:20.226073650Z     raise exc.TimeoutError(
2026-09-09T20:33:20.226075574Z     ...<4 lines>...
2026-09-09T20:33:20.226077508Z     )
2026-09-09T20:33:20.226080353Z sqlalchemy.exc.TimeoutError: QueuePool limit of size 5 overflow 10 reached, connection timed out, timeout 30.00 (Background on this error at: https://sqlalche.me/e/20/3o7r)
2026-09-09T20:33:20.273293541Z ERROR:    Exception in ASGI application
2026-09-09T20:33:20.273320634Z Traceback (most recent call last):
2026-09-09T20:33:20.273323770Z   File "/usr/local/lib/python3.13/site-packages/uvicorn/protocols/http/httptools_impl.py", line 421, in run_asgi
2026-09-09T20:33:20.273326466Z     result = await app(  # type: ignore[func-returns-value]
2026-09-09T20:33:20.273342948Z              ^^^^^^^^^^^^^^^^^^^^^^^^^^^^^^^^^^^^^^^^^^^^^^
2026-09-09T20:33:20.273345002Z         self.scope, self.receive, self.send
2026-09-09T20:33:20.273346916Z         ^^^^^^^^^^^^^^^^^^^^^^^^^^^^^^^^^^^
2026-09-09T20:33:20.273349020Z     )
2026-09-09T20:33:20.273350984Z     ^
2026-09-09T20:33:20.273355954Z   File "/usr/local/lib/python3.13/site-packages/uvicorn/middleware/proxy_headers.py", line 63, in __call__
2026-09-09T20:33:20.273357978Z     return await self.app(scope, receive, send)
2026-09-09T20:33:20.273359902Z            ^^^^^^^^^^^^^^^^^^^^^^^^^^^^^^^^^^^^
2026-09-09T20:33:20.273362537Z   File "/usr/local/lib/python3.13/site-packages/fastapi/applications.py", line 1159, in __call__
2026-09-09T20:33:20.273364441Z     await super().__call__(scope, receive, send)
2026-09-09T20:33:20.273366354Z   File "/usr/local/lib/python3.13/site-packages/starlette/applications.py", line 107, in __call__
2026-09-09T20:33:20.273368308Z     await self.middleware_stack(scope, receive, send)
2026-09-09T20:33:20.273370222Z   File "/usr/local/lib/python3.13/site-packages/starlette/middleware/errors.py", line 186, in __call__
2026-09-09T20:33:20.273372226Z     raise exc
2026-09-09T20:33:20.273374160Z   File "/usr/local/lib/python3.13/site-packages/starlette/middleware/errors.py", line 164, in __call__
2026-09-09T20:33:20.273376134Z     await self.app(scope, receive, _send)
2026-09-09T20:33:20.273378468Z   File "/usr/local/lib/python3.13/site-packages/opentelemetry/instrumentation/asgi/__init__.py", line 806, in __call__
2026-09-09T20:33:20.273380382Z     await self.app(scope, otel_receive, otel_send)
2026-09-09T20:33:20.273382306Z   File "/usr/local/lib/python3.13/site-packages/starlette/middleware/errors.py", line 186, in __call__
2026-09-09T20:33:20.273384250Z     raise exc
2026-09-09T20:33:20.273386174Z   File "/usr/local/lib/python3.13/site-packages/starlette/middleware/errors.py", line 164, in __call__
2026-09-09T20:33:20.273388097Z     await self.app(scope, receive, _send)
2026-09-09T20:33:20.273390011Z   File "/usr/local/lib/python3.13/site-packages/opentelemetry/instrumentation/fastapi/__init__.py", line 305, in __call__
2026-09-09T20:33:20.273391905Z     await self.app(scope, receive, send)
2026-09-09T20:33:20.273393809Z   File "/usr/local/lib/python3.13/site-packages/prometheus_fastapi_instrumentator/middleware.py", line 177, in __call__
2026-09-09T20:33:20.273395722Z     raise exc
2026-09-09T20:33:20.273397646Z   File "/usr/local/lib/python3.13/site-packages/prometheus_fastapi_instrumentator/middleware.py", line 175, in __call__
2026-09-09T20:33:20.273399580Z     await self.app(scope, receive, send_wrapper)
2026-09-09T20:33:20.273401504Z   File "/usr/local/lib/python3.13/site-packages/starlette/middleware/exceptions.py", line 63, in __call__
2026-09-09T20:33:20.273403999Z     await wrap_app_handling_exceptions(self.app, conn)(scope, receive, send)
2026-09-09T20:33:20.273405903Z   File "/usr/local/lib/python3.13/site-packages/starlette/_exception_handler.py", line 53, in wrapped_app
2026-09-09T20:33:20.273407806Z     raise exc
2026-09-09T20:33:20.273409710Z   File "/usr/local/lib/python3.13/site-packages/starlette/_exception_handler.py", line 42, in wrapped_app
2026-09-09T20:33:20.273411714Z     await app(scope, receive, sender)
2026-09-09T20:33:20.273413628Z   File "/usr/local/lib/python3.13/site-packages/fastapi/middleware/asyncexitstack.py", line 18, in __call__
2026-09-09T20:33:20.273415542Z     await self.app(scope, receive, send)
2026-09-09T20:33:20.273417445Z   File "/usr/local/lib/python3.13/site-packages/starlette/routing.py", line 716, in __call__
2026-09-09T20:33:20.273419349Z     await self.middleware_stack(scope, receive, send)
2026-09-09T20:33:20.273426253Z   File "/usr/local/lib/python3.13/site-packages/starlette/routing.py", line 736, in app
2026-09-09T20:33:20.273428247Z     await route.handle(scope, receive, send)
2026-09-09T20:33:20.273430201Z   File "/usr/local/lib/python3.13/site-packages/starlette/routing.py", line 290, in handle
2026-09-09T20:33:20.273432134Z     await self.app(scope, receive, send)
2026-09-09T20:33:20.273434038Z   File "/usr/local/lib/python3.13/site-packages/fastapi/routing.py", line 134, in app
2026-09-09T20:33:20.273436002Z     await wrap_app_handling_exceptions(app, request)(scope, receive, send)
2026-09-09T20:33:20.273438196Z   File "/usr/local/lib/python3.13/site-packages/starlette/_exception_handler.py", line 53, in wrapped_app
2026-09-09T20:33:20.273440140Z     raise exc
2026-09-09T20:33:20.273442104Z   File "/usr/local/lib/python3.13/site-packages/starlette/_exception_handler.py", line 42, in wrapped_app
2026-09-09T20:33:20.273444058Z     await app(scope, receive, sender)
2026-09-09T20:33:20.273445992Z   File "/usr/local/lib/python3.13/site-packages/fastapi/routing.py", line 120, in app
2026-09-09T20:33:20.273448346Z     response = await f(request)
2026-09-09T20:33:20.273450400Z                ^^^^^^^^^^^^^^^^
2026-09-09T20:33:20.273452354Z   File "/usr/local/lib/python3.13/site-packages/fastapi/routing.py", line 674, in app
2026-09-09T20:33:20.273454278Z     raw_response = await run_endpoint_function(
2026-09-09T20:33:20.273456192Z                    ^^^^^^^^^^^^^^^^^^^^^^^^^^^^
2026-09-09T20:33:20.273458757Z     ...<3 lines>...
2026-09-09T20:33:20.273460701Z     )
2026-09-09T20:33:20.273462635Z     ^
2026-09-09T20:33:20.273464558Z   File "/usr/local/lib/python3.13/site-packages/fastapi/routing.py", line 330, in run_endpoint_function
2026-09-09T20:33:20.273466472Z     return await run_in_threadpool(dependant.call, **values)
2026-09-09T20:33:20.273468396Z            ^^^^^^^^^^^^^^^^^^^^^^^^^^^^^^^^^^^^^^^^^^^^^^^^^
2026-09-09T20:33:20.273498876Z   File "/usr/local/lib/python3.13/site-packages/starlette/concurrency.py", line 32, in run_in_threadpool
2026-09-09T20:33:20.273503525Z     return await anyio.to_thread.run_sync(func)
2026-09-09T20:33:20.273505549Z            ^^^^^^^^^^^^^^^^^^^^^^^^^^^^^^^^^^^^
2026-09-09T20:33:20.273507453Z   File "/usr/local/lib/python3.13/site-packages/anyio/to_thread.py", line 63, in run_sync
2026-09-09T20:33:20.273509367Z     return await get_async_backend().run_sync_in_worker_thread(
2026-09-09T20:33:20.273511321Z            ^^^^^^^^^^^^^^^^^^^^^^^^^^^^^^^^^^^^^^^^^^^^^^^^^^^^
2026-09-09T20:33:20.273513305Z         func, args, abandon_on_cancel=abandon_on_cancel, limiter=limiter
2026-09-09T20:33:20.273515218Z         ^^^^^^^^^^^^^^^^^^^^^^^^^^^^^^^^^^^^^^^^^^^^^^^^^^^^^^^^^^^^^^^^
2026-09-09T20:33:20.273517112Z     )
2026-09-09T20:33:20.273519016Z     ^
2026-09-09T20:33:20.273520950Z   File "/usr/local/lib/python3.13/site-packages/anyio/_backends/_asyncio.py", line 2518, in run_sync_in_worker_thread
2026-09-09T20:33:20.273522884Z     return await future
2026-09-09T20:33:20.273524807Z            ^^^^^^^^^^^^
2026-09-09T20:33:20.273526711Z   File "/usr/local/lib/python3.13/site-packages/anyio/_backends/_asyncio.py", line 1002, in run
2026-09-09T20:33:20.273528635Z     result = context.run(func, *args)
2026-09-09T20:33:20.273530549Z   File "/app/app/routers/orders.py", line 36, in checkout
2026-09-09T20:33:20.273532513Z     return create_order(
2026-09-09T20:33:20.273534457Z         db=db,
2026-09-09T20:33:20.273536390Z     ...<2 lines>...
2026-09-09T20:33:20.273538334Z         correlation_id=correlation_id,
2026-09-09T20:33:20.273540238Z     )
2026-09-09T20:33:20.273542212Z   File "/app/app/services/order_service.py", line 42, in create_order
2026-09-09T20:33:20.273552372Z     result = db.execute(
2026-09-09T20:33:20.273554396Z         select(ProductModel).where(ProductModel.id == product_id)
2026-09-09T20:33:20.273556310Z     )
2026-09-09T20:33:20.273558233Z   File "/usr/local/lib/python3.13/site-packages/sqlalchemy/orm/session.py", line 2372, in execute
2026-09-09T20:33:20.273560127Z     return self._execute_internal(
2026-09-09T20:33:20.273562041Z            ~~~~~~~~~~~~~~~~~~~~~~^
2026-09-09T20:33:20.273563945Z         statement,
2026-09-09T20:33:20.273565849Z         ^^^^^^^^^^
2026-09-09T20:33:20.273567772Z     ...<4 lines>...
2026-09-09T20:33:20.273569676Z         _add_event=_add_event,
2026-09-09T20:33:20.273571580Z         ^^^^^^^^^^^^^^^^^^^^^^
2026-09-09T20:33:20.273573464Z     )
2026-09-09T20:33:20.273575347Z     ^
2026-09-09T20:33:20.273577231Z   File "/usr/local/lib/python3.13/site-packages/sqlalchemy/orm/session.py", line 2260, in _execute_internal
2026-09-09T20:33:20.273579145Z     conn = self._connection_for_bind(bind)
2026-09-09T20:33:20.273581049Z   File "/usr/local/lib/python3.13/site-packages/sqlalchemy/orm/session.py", line 2112, in _connection_for_bind
2026-09-09T20:33:20.273582982Z     return trans._connection_for_bind(engine, execution_options)
2026-09-09T20:33:20.273584886Z            ~~~~~~~~~~~~~~~~~~~~~~~~~~^^^^^^^^^^^^^^^^^^^^^^^^^^^
2026-09-09T20:33:20.273586790Z   File "<string>", line 2, in _connection_for_bind
2026-09-09T20:33:20.273588694Z   File "/usr/local/lib/python3.13/site-packages/sqlalchemy/orm/state_changes.py", line 137, in _go
2026-09-09T20:33:20.273590627Z     ret_value = fn(self, *arg, **kw)
2026-09-09T20:33:20.273592521Z   File "/usr/local/lib/python3.13/site-packages/sqlalchemy/orm/session.py", line 1191, in _connection_for_bind
2026-09-09T20:33:20.273594435Z     conn = bind.connect()
2026-09-09T20:33:20.273596930Z   File "/usr/local/lib/python3.13/site-packages/opentelemetry/instrumentation/sqlalchemy/engine.py", line 200, in _wrap_connect_internal
2026-09-09T20:33:20.273598884Z     return func(*args, **kwargs)
2026-09-09T20:33:20.273600778Z   File "/usr/local/lib/python3.13/site-packages/sqlalchemy/engine/base.py", line 3295, in connect
2026-09-09T20:33:20.273602671Z     return self._connection_cls(self)
2026-09-09T20:33:20.273604585Z            ~~~~~~~~~~~~~~~~~~~~^^^^^^
2026-09-09T20:33:20.273606479Z   File "/usr/local/lib/python3.13/site-packages/sqlalchemy/engine/base.py", line 144, in __init__
2026-09-09T20:33:20.273608373Z     self._dbapi_connection = engine.raw_connection()
2026-09-09T20:33:20.273610256Z                              ~~~~~~~~~~~~~~~~~~~~~^^
2026-09-09T20:33:20.273612140Z   File "/usr/local/lib/python3.13/site-packages/sqlalchemy/engine/base.py", line 3319, in raw_connection
2026-09-09T20:33:20.273614064Z     return self.pool.connect()
2026-09-09T20:33:20.273615968Z            ~~~~~~~~~~~~~~~~~^^
2026-09-09T20:33:20.273617881Z   File "/usr/local/lib/python3.13/site-packages/sqlalchemy/pool/base.py", line 448, in connect
2026-09-09T20:33:20.273619765Z     return _ConnectionFairy._checkout(self)
2026-09-09T20:33:20.273621659Z            ~~~~~~~~~~~~~~~~~~~~~~~~~~^^^^^^
2026-09-09T20:33:20.273623543Z   File "/usr/local/lib/python3.13/site-packages/sqlalchemy/pool/base.py", line 1272, in _checkout
2026-09-09T20:33:20.273625506Z     fairy = _ConnectionRecord.checkout(pool)
2026-09-09T20:33:20.273627400Z   File "/usr/local/lib/python3.13/site-packages/sqlalchemy/pool/base.py", line 712, in checkout
2026-09-09T20:33:20.273629324Z     rec = pool._do_get()
2026-09-09T20:33:20.273631258Z   File "/usr/local/lib/python3.13/site-packages/sqlalchemy/pool/impl.py", line 167, in _do_get
2026-09-09T20:33:20.273638031Z     raise exc.TimeoutError(
2026-09-09T20:33:20.273640015Z     ...<4 lines>...
2026-09-09T20:33:20.273641929Z     )
2026-09-09T20:33:20.273644294Z sqlalchemy.exc.TimeoutError: QueuePool limit of size 5 overflow 10 reached, connection timed out, timeout 30.00 (Background on this error at: https://sqlalche.me/e/20/3o7r)
2026-09-09T20:33:20.318467719Z ERROR:    Exception in ASGI application
2026-09-09T20:33:20.318502648Z Traceback (most recent call last):
2026-09-09T20:33:20.318506365Z   File "/usr/local/lib/python3.13/site-packages/uvicorn/protocols/http/httptools_impl.py", line 421, in run_asgi
2026-09-09T20:33:20.318509692Z     result = await app(  # type: ignore[func-returns-value]
2026-09-09T20:33:20.318512417Z              ^^^^^^^^^^^^^^^^^^^^^^^^^^^^^^^^^^^^^^^^^^^^^^
2026-09-09T20:33:20.318515103Z         self.scope, self.receive, self.send
2026-09-09T20:33:20.318517768Z         ^^^^^^^^^^^^^^^^^^^^^^^^^^^^^^^^^^^
2026-09-09T20:33:20.318520473Z     )
2026-09-09T20:33:20.318523199Z     ^
2026-09-09T20:33:20.318525964Z   File "/usr/local/lib/python3.13/site-packages/uvicorn/middleware/proxy_headers.py", line 63, in __call__
2026-09-09T20:33:20.318528760Z     return await self.app(scope, receive, send)
2026-09-09T20:33:20.318531475Z            ^^^^^^^^^^^^^^^^^^^^^^^^^^^^^^^^^^^^
2026-09-09T20:33:20.318534691Z   File "/usr/local/lib/python3.13/site-packages/fastapi/applications.py", line 1159, in __call__
2026-09-09T20:33:20.318537387Z     await super().__call__(scope, receive, send)
2026-09-09T20:33:20.318540092Z   File "/usr/local/lib/python3.13/site-packages/starlette/applications.py", line 107, in __call__
2026-09-09T20:33:20.318542797Z     await self.middleware_stack(scope, receive, send)
2026-09-09T20:33:20.318545483Z   File "/usr/local/lib/python3.13/site-packages/starlette/middleware/errors.py", line 186, in __call__
2026-09-09T20:33:20.318548228Z     raise exc
2026-09-09T20:33:20.318550953Z   File "/usr/local/lib/python3.13/site-packages/starlette/middleware/errors.py", line 164, in __call__
2026-09-09T20:33:20.318553699Z     await self.app(scope, receive, _send)
2026-09-09T20:33:20.318557326Z   File "/usr/local/lib/python3.13/site-packages/opentelemetry/instrumentation/asgi/__init__.py", line 806, in __call__
2026-09-09T20:33:20.318560071Z     await self.app(scope, otel_receive, otel_send)
2026-09-09T20:33:20.318562767Z   File "/usr/local/lib/python3.13/site-packages/starlette/middleware/errors.py", line 186, in __call__
2026-09-09T20:33:20.318565472Z     raise exc
2026-09-09T20:33:20.318568157Z   File "/usr/local/lib/python3.13/site-packages/starlette/middleware/errors.py", line 164, in __call__
2026-09-09T20:33:20.318570923Z     await self.app(scope, receive, _send)
2026-09-09T20:33:20.318573598Z   File "/usr/local/lib/python3.13/site-packages/opentelemetry/instrumentation/fastapi/__init__.py", line 305, in __call__
2026-09-09T20:33:20.318576303Z     await self.app(scope, receive, send)
2026-09-09T20:33:20.318579640Z   File "/usr/local/lib/python3.13/site-packages/prometheus_fastapi_instrumentator/middleware.py", line 177, in __call__
2026-09-09T20:33:20.318582476Z     raise exc
2026-09-09T20:33:20.318585201Z   File "/usr/local/lib/python3.13/site-packages/prometheus_fastapi_instrumentator/middleware.py", line 175, in __call__
2026-09-09T20:33:20.318587926Z     await self.app(scope, receive, send_wrapper)
2026-09-09T20:33:20.318590702Z   File "/usr/local/lib/python3.13/site-packages/starlette/middleware/exceptions.py", line 63, in __call__
2026-09-09T20:33:20.318594239Z     await wrap_app_handling_exceptions(self.app, conn)(scope, receive, send)
2026-09-09T20:33:20.318596944Z   File "/usr/local/lib/python3.13/site-packages/starlette/_exception_handler.py", line 53, in wrapped_app
2026-09-09T20:33:20.318620401Z     raise exc
2026-09-09T20:33:20.318623457Z   File "/usr/local/lib/python3.13/site-packages/starlette/_exception_handler.py", line 42, in wrapped_app
2026-09-09T20:33:20.318626162Z     await app(scope, receive, sender)
2026-09-09T20:33:20.318628857Z   File "/usr/local/lib/python3.13/site-packages/fastapi/middleware/asyncexitstack.py", line 18, in __call__
2026-09-09T20:33:20.318631553Z     await self.app(scope, receive, send)
2026-09-09T20:33:20.318634258Z   File "/usr/local/lib/python3.13/site-packages/starlette/routing.py", line 716, in __call__
2026-09-09T20:33:20.318636963Z     await self.middleware_stack(scope, receive, send)
2026-09-09T20:33:20.318639649Z   File "/usr/local/lib/python3.13/site-packages/starlette/routing.py", line 736, in app
2026-09-09T20:33:20.318642324Z     await route.handle(scope, receive, send)
2026-09-09T20:33:20.318645019Z   File "/usr/local/lib/python3.13/site-packages/starlette/routing.py", line 290, in handle
2026-09-09T20:33:20.318647705Z     await self.app(scope, receive, send)
2026-09-09T20:33:20.318650400Z   File "/usr/local/lib/python3.13/site-packages/fastapi/routing.py", line 134, in app
2026-09-09T20:33:20.318653125Z     await wrap_app_handling_exceptions(app, request)(scope, receive, send)
2026-09-09T20:33:20.318655821Z   File "/usr/local/lib/python3.13/site-packages/starlette/_exception_handler.py", line 53, in wrapped_app
2026-09-09T20:33:20.318658536Z     raise exc
2026-09-09T20:33:20.318661241Z   File "/usr/local/lib/python3.13/site-packages/starlette/_exception_handler.py", line 42, in wrapped_app
2026-09-09T20:33:20.318663937Z     await app(scope, receive, sender)
2026-09-09T20:33:20.318666622Z   File "/usr/local/lib/python3.13/site-packages/fastapi/routing.py", line 120, in app
2026-09-09T20:33:20.318670029Z     response = await f(request)
2026-09-09T20:33:20.318672744Z                ^^^^^^^^^^^^^^^^
2026-09-09T20:33:20.318675419Z   File "/usr/local/lib/python3.13/site-packages/fastapi/routing.py", line 674, in app
2026-09-09T20:33:20.318678145Z     raw_response = await run_endpoint_function(
2026-09-09T20:33:20.318680990Z                    ^^^^^^^^^^^^^^^^^^^^^^^^^^^^
2026-09-09T20:33:20.318684658Z     ...<3 lines>...
2026-09-09T20:33:20.318687553Z     )
2026-09-09T20:33:20.318690269Z     ^
2026-09-09T20:33:20.318692974Z   File "/usr/local/lib/python3.13/site-packages/fastapi/routing.py", line 330, in run_endpoint_function
2026-09-09T20:33:20.318695659Z     return await run_in_threadpool(dependant.call, **values)
2026-09-09T20:33:20.318698355Z            ^^^^^^^^^^^^^^^^^^^^^^^^^^^^^^^^^^^^^^^^^^^^^^^^^
2026-09-09T20:33:20.318747321Z   File "/usr/local/lib/python3.13/site-packages/starlette/concurrency.py", line 32, in run_in_threadpool
2026-09-09T20:33:20.318812300Z     return await anyio.to_thread.run_sync(func)
2026-09-09T20:33:20.318818021Z            ^^^^^^^^^^^^^^^^^^^^^^^^^^^^^^^^^^^^
2026-09-09T20:33:20.318820796Z   File "/usr/local/lib/python3.13/site-packages/anyio/to_thread.py", line 63, in run_sync
2026-09-09T20:33:20.318823512Z     return await get_async_backend().run_sync_in_worker_thread(
2026-09-09T20:33:20.318826237Z            ^^^^^^^^^^^^^^^^^^^^^^^^^^^^^^^^^^^^^^^^^^^^^^^^^^^^
2026-09-09T20:33:20.318828973Z         func, args, abandon_on_cancel=abandon_on_cancel, limiter=limiter
2026-09-09T20:33:20.318831688Z         ^^^^^^^^^^^^^^^^^^^^^^^^^^^^^^^^^^^^^^^^^^^^^^^^^^^^^^^^^^^^^^^^
2026-09-09T20:33:20.318834504Z     )
2026-09-09T20:33:20.318837229Z     ^
2026-09-09T20:33:20.318839944Z   File "/usr/local/lib/python3.13/site-packages/anyio/_backends/_asyncio.py", line 2518, in run_sync_in_worker_thread
2026-09-09T20:33:20.318842650Z     return await future
2026-09-09T20:33:20.318857439Z            ^^^^^^^^^^^^
2026-09-09T20:33:20.318860335Z   File "/usr/local/lib/python3.13/site-packages/anyio/_backends/_asyncio.py", line 1002, in run
2026-09-09T20:33:20.318863040Z     result = context.run(func, *args)
2026-09-09T20:33:20.318865725Z   File "/app/app/routers/orders.py", line 36, in checkout
2026-09-09T20:33:20.318868471Z     return create_order(
2026-09-09T20:33:20.318871186Z         db=db,
2026-09-09T20:33:20.318873921Z     ...<2 lines>...
2026-09-09T20:33:20.318876727Z         correlation_id=correlation_id,
2026-09-09T20:33:20.318879482Z     )
2026-09-09T20:33:20.318882238Z   File "/app/app/services/order_service.py", line 42, in create_order
2026-09-09T20:33:20.318884953Z     result = db.execute(
2026-09-09T20:33:20.318887709Z         select(ProductModel).where(ProductModel.id == product_id)
2026-09-09T20:33:20.318890434Z     )
2026-09-09T20:33:20.318893159Z   File "/usr/local/lib/python3.13/site-packages/sqlalchemy/orm/session.py", line 2372, in execute
2026-09-09T20:33:20.318895895Z     return self._execute_internal(
2026-09-09T20:33:20.318898610Z            ~~~~~~~~~~~~~~~~~~~~~~^
2026-09-09T20:33:20.318901316Z         statement,
2026-09-09T20:33:20.318904031Z         ^^^^^^^^^^
2026-09-09T20:33:20.318906736Z     ...<4 lines>...
2026-09-09T20:33:20.318909442Z         _add_event=_add_event,
2026-09-09T20:33:20.318912197Z         ^^^^^^^^^^^^^^^^^^^^^^
2026-09-09T20:33:20.318914882Z     )
2026-09-09T20:33:20.318917558Z     ^
2026-09-09T20:33:20.318920283Z   File "/usr/local/lib/python3.13/site-packages/sqlalchemy/orm/session.py", line 2260, in _execute_internal
2026-09-09T20:33:20.318922988Z     conn = self._connection_for_bind(bind)
2026-09-09T20:33:20.318925724Z   File "/usr/local/lib/python3.13/site-packages/sqlalchemy/orm/session.py", line 2112, in _connection_for_bind
2026-09-09T20:33:20.318928459Z     return trans._connection_for_bind(engine, execution_options)
2026-09-09T20:33:20.318931175Z            ~~~~~~~~~~~~~~~~~~~~~~~~~~^^^^^^^^^^^^^^^^^^^^^^^^^^^
2026-09-09T20:33:20.318933890Z   File "<string>", line 2, in _connection_for_bind
2026-09-09T20:33:20.318936615Z   File "/usr/local/lib/python3.13/site-packages/sqlalchemy/orm/state_changes.py", line 137, in _go
2026-09-09T20:33:20.318939311Z     ret_value = fn(self, *arg, **kw)
2026-09-09T20:33:20.318942016Z   File "/usr/local/lib/python3.13/site-packages/sqlalchemy/orm/session.py", line 1191, in _connection_for_bind
2026-09-09T20:33:20.318944721Z     conn = bind.connect()
2026-09-09T20:33:20.318948218Z   File "/usr/local/lib/python3.13/site-packages/opentelemetry/instrumentation/sqlalchemy/engine.py", line 200, in _wrap_connect_internal
2026-09-09T20:33:20.318950934Z     return func(*args, **kwargs)
2026-09-09T20:33:20.318953639Z   File "/usr/local/lib/python3.13/site-packages/sqlalchemy/engine/base.py", line 3295, in connect
2026-09-09T20:33:20.318956364Z     return self._connection_cls(self)
2026-09-09T20:33:20.318959060Z            ~~~~~~~~~~~~~~~~~~~~^^^^^^
2026-09-09T20:33:20.318961755Z   File "/usr/local/lib/python3.13/site-packages/sqlalchemy/engine/base.py", line 144, in __init__
2026-09-09T20:33:20.318965142Z     self._dbapi_connection = engine.raw_connection()
2026-09-09T20:33:20.318967887Z                              ~~~~~~~~~~~~~~~~~~~~~^^
2026-09-09T20:33:20.318970572Z   File "/usr/local/lib/python3.13/site-packages/sqlalchemy/engine/base.py", line 3319, in raw_connection
2026-09-09T20:33:20.318973278Z     return self.pool.connect()
2026-09-09T20:33:20.318975973Z            ~~~~~~~~~~~~~~~~~^^
2026-09-09T20:33:20.318978708Z   File "/usr/local/lib/python3.13/site-packages/sqlalchemy/pool/base.py", line 448, in connect
2026-09-09T20:33:20.318987836Z     return _ConnectionFairy._checkout(self)
2026-09-09T20:33:20.318990632Z            ~~~~~~~~~~~~~~~~~~~~~~~~~~^^^^^^
2026-09-09T20:33:20.318993357Z   File "/usr/local/lib/python3.13/site-packages/sqlalchemy/pool/base.py", line 1272, in _checkout
2026-09-09T20:33:20.318996073Z     fairy = _ConnectionRecord.checkout(pool)
2026-09-09T20:33:20.318998768Z   File "/usr/local/lib/python3.13/site-packages/sqlalchemy/pool/base.py", line 712, in checkout
2026-09-09T20:33:20.319001473Z     rec = pool._do_get()
2026-09-09T20:33:20.319004169Z   File "/usr/local/lib/python3.13/site-packages/sqlalchemy/pool/impl.py", line 167, in _do_get
2026-09-09T20:33:20.319006894Z     raise exc.TimeoutError(
2026-09-09T20:33:20.319009620Z     ...<4 lines>...
2026-09-09T20:33:20.319012335Z     )
2026-09-09T20:33:20.319020030Z sqlalchemy.exc.TimeoutError: QueuePool limit of size 5 overflow 10 reached, connection timed out, timeout 30.00 (Background on this error at: https://sqlalche.me/e/20/3o7r)
2026-09-09T20:33:20.475653248Z ERROR:    Exception in ASGI application
2026-09-09T20:33:20.475696634Z Traceback (most recent call last):
2026-09-09T20:33:20.475702977Z   File "/usr/local/lib/python3.13/site-packages/uvicorn/protocols/http/httptools_impl.py", line 421, in run_asgi
2026-09-09T20:33:20.475709099Z     result = await app(  # type: ignore[func-returns-value]
2026-09-09T20:33:20.475714179Z              ^^^^^^^^^^^^^^^^^^^^^^^^^^^^^^^^^^^^^^^^^^^^^^
2026-09-09T20:33:20.475719199Z         self.scope, self.receive, self.send
2026-09-09T20:33:20.475724229Z         ^^^^^^^^^^^^^^^^^^^^^^^^^^^^^^^^^^^
2026-09-09T20:33:20.475729268Z     )
2026-09-09T20:33:20.475734809Z     ^
2026-09-09T20:33:20.475739970Z   File "/usr/local/lib/python3.13/site-packages/uvicorn/middleware/proxy_headers.py", line 63, in __call__
2026-09-09T20:33:20.475745080Z     return await self.app(scope, receive, send)
2026-09-09T20:33:20.475750170Z            ^^^^^^^^^^^^^^^^^^^^^^^^^^^^^^^^^^^^
2026-09-09T20:33:20.475755951Z   File "/usr/local/lib/python3.13/site-packages/fastapi/applications.py", line 1159, in __call__
2026-09-09T20:33:20.475761021Z     await super().__call__(scope, receive, send)
2026-09-09T20:33:20.475766011Z   File "/usr/local/lib/python3.13/site-packages/starlette/applications.py", line 107, in __call__
2026-09-09T20:33:20.475771011Z     await self.middleware_stack(scope, receive, send)
2026-09-09T20:33:20.475776311Z   File "/usr/local/lib/python3.13/site-packages/starlette/middleware/errors.py", line 186, in __call__
2026-09-09T20:33:20.475781432Z     raise exc
2026-09-09T20:33:20.475786512Z   File "/usr/local/lib/python3.13/site-packages/starlette/middleware/errors.py", line 164, in __call__
2026-09-09T20:33:20.475791612Z     await self.app(scope, receive, _send)
2026-09-09T20:33:20.475797273Z   File "/usr/local/lib/python3.13/site-packages/opentelemetry/instrumentation/asgi/__init__.py", line 806, in __call__
2026-09-09T20:33:20.475802323Z     await self.app(scope, otel_receive, otel_send)
2026-09-09T20:33:20.475811150Z   File "/usr/local/lib/python3.13/site-packages/starlette/middleware/errors.py", line 186, in __call__
2026-09-09T20:33:20.475816531Z     raise exc
2026-09-09T20:33:20.475821601Z   File "/usr/local/lib/python3.13/site-packages/starlette/middleware/errors.py", line 164, in __call__
2026-09-09T20:33:20.475826691Z     await self.app(scope, receive, _send)
2026-09-09T20:33:20.475831721Z   File "/usr/local/lib/python3.13/site-packages/opentelemetry/instrumentation/fastapi/__init__.py", line 305, in __call__
2026-09-09T20:33:20.475836851Z     await self.app(scope, receive, send)
2026-09-09T20:33:20.475841861Z   File "/usr/local/lib/python3.13/site-packages/prometheus_fastapi_instrumentator/middleware.py", line 177, in __call__
2026-09-09T20:33:20.475897140Z     raise exc
2026-09-09T20:33:20.475902561Z   File "/usr/local/lib/python3.13/site-packages/prometheus_fastapi_instrumentator/middleware.py", line 175, in __call__
2026-09-09T20:33:20.475907641Z     await self.app(scope, receive, send_wrapper)
2026-09-09T20:33:20.475912621Z   File "/usr/local/lib/python3.13/site-packages/starlette/middleware/exceptions.py", line 63, in __call__
2026-09-09T20:33:20.475918041Z     await wrap_app_handling_exceptions(self.app, conn)(scope, receive, send)
2026-09-09T20:33:20.475923061Z   File "/usr/local/lib/python3.13/site-packages/starlette/_exception_handler.py", line 53, in wrapped_app
2026-09-09T20:33:20.475928101Z     raise exc
2026-09-09T20:33:20.475933081Z   File "/usr/local/lib/python3.13/site-packages/starlette/_exception_handler.py", line 42, in wrapped_app
2026-09-09T20:33:20.475938091Z     await app(scope, receive, sender)
2026-09-09T20:33:20.475943091Z   File "/usr/local/lib/python3.13/site-packages/fastapi/middleware/asyncexitstack.py", line 18, in __call__
2026-09-09T20:33:20.475948081Z     await self.app(scope, receive, send)
2026-09-09T20:33:20.475953101Z   File "/usr/local/lib/python3.13/site-packages/starlette/routing.py", line 716, in __call__
2026-09-09T20:33:20.475958101Z     await self.middleware_stack(scope, receive, send)
2026-09-09T20:33:20.475963110Z   File "/usr/local/lib/python3.13/site-packages/starlette/routing.py", line 736, in app
2026-09-09T20:33:20.475968190Z     await route.handle(scope, receive, send)
2026-09-09T20:33:20.475973281Z   File "/usr/local/lib/python3.13/site-packages/starlette/routing.py", line 290, in handle
2026-09-09T20:33:20.475978270Z     await self.app(scope, receive, send)
2026-09-09T20:33:20.475983290Z   File "/usr/local/lib/python3.13/site-packages/fastapi/routing.py", line 134, in app
2026-09-09T20:33:20.475988320Z     await wrap_app_handling_exceptions(app, request)(scope, receive, send)
2026-09-09T20:33:20.475993340Z   File "/usr/local/lib/python3.13/site-packages/starlette/_exception_handler.py", line 53, in wrapped_app
2026-09-09T20:33:20.475998350Z     raise exc
2026-09-09T20:33:20.476003380Z   File "/usr/local/lib/python3.13/site-packages/starlette/_exception_handler.py", line 42, in wrapped_app
2026-09-09T20:33:20.476008430Z     await app(scope, receive, sender)
2026-09-09T20:33:20.476013460Z   File "/usr/local/lib/python3.13/site-packages/fastapi/routing.py", line 120, in app
2026-09-09T20:33:20.476019241Z     response = await f(request)
2026-09-09T20:33:20.476024251Z                ^^^^^^^^^^^^^^^^
2026-09-09T20:33:20.476029241Z   File "/usr/local/lib/python3.13/site-packages/fastapi/routing.py", line 674, in app
2026-09-09T20:33:20.476034251Z     raw_response = await run_endpoint_function(
2026-09-09T20:33:20.476039291Z                    ^^^^^^^^^^^^^^^^^^^^^^^^^^^^
2026-09-09T20:33:20.476044922Z     ...<3 lines>...
2026-09-09T20:33:20.476050032Z     )
2026-09-09T20:33:20.476055082Z     ^
2026-09-09T20:33:20.476062717Z   File "/usr/local/lib/python3.13/site-packages/fastapi/routing.py", line 330, in run_endpoint_function
2026-09-09T20:33:20.476067857Z     return await run_in_threadpool(dependant.call, **values)
2026-09-09T20:33:20.476072937Z            ^^^^^^^^^^^^^^^^^^^^^^^^^^^^^^^^^^^^^^^^^^^^^^^^^
2026-09-09T20:33:20.476148597Z   File "/usr/local/lib/python3.13/site-packages/starlette/concurrency.py", line 32, in run_in_threadpool
2026-09-09T20:33:20.476160360Z     return await anyio.to_thread.run_sync(func)
2026-09-09T20:33:20.476165731Z            ^^^^^^^^^^^^^^^^^^^^^^^^^^^^^^^^^^^^
2026-09-09T20:33:20.476170731Z   File "/usr/local/lib/python3.13/site-packages/anyio/to_thread.py", line 63, in run_sync
2026-09-09T20:33:20.476195830Z     return await get_async_backend().run_sync_in_worker_thread(
2026-09-09T20:33:20.476201181Z            ^^^^^^^^^^^^^^^^^^^^^^^^^^^^^^^^^^^^^^^^^^^^^^^^^^^^
2026-09-09T20:33:20.476206211Z         func, args, abandon_on_cancel=abandon_on_cancel, limiter=limiter
2026-09-09T20:33:20.476211201Z         ^^^^^^^^^^^^^^^^^^^^^^^^^^^^^^^^^^^^^^^^^^^^^^^^^^^^^^^^^^^^^^^^
2026-09-09T20:33:20.476216391Z     )
2026-09-09T20:33:20.476221491Z     ^
2026-09-09T20:33:20.476226611Z   File "/usr/local/lib/python3.13/site-packages/anyio/_backends/_asyncio.py", line 2518, in run_sync_in_worker_thread
2026-09-09T20:33:20.476231631Z     return await future
2026-09-09T20:33:20.476236601Z            ^^^^^^^^^^^^
2026-09-09T20:33:20.476241581Z   File "/usr/local/lib/python3.13/site-packages/anyio/_backends/_asyncio.py", line 1002, in run
2026-09-09T20:33:20.476246570Z     result = context.run(func, *args)
2026-09-09T20:33:20.476251600Z   File "/app/app/routers/orders.py", line 36, in checkout
2026-09-09T20:33:20.476256620Z     return create_order(
2026-09-09T20:33:20.476261740Z         db=db,
2026-09-09T20:33:20.476266821Z     ...<2 lines>...
2026-09-09T20:33:20.476271901Z         correlation_id=correlation_id,
2026-09-09T20:33:20.476276890Z     )
2026-09-09T20:33:20.476282081Z   File "/app/app/services/order_service.py", line 42, in create_order
2026-09-09T20:33:20.476287211Z     result = db.execute(
2026-09-09T20:33:20.476292281Z         select(ProductModel).where(ProductModel.id == product_id)
2026-09-09T20:33:20.476297331Z     )
2026-09-09T20:33:20.476302381Z   File "/usr/local/lib/python3.13/site-packages/sqlalchemy/orm/session.py", line 2372, in execute
2026-09-09T20:33:20.476401467Z     return self._execute_internal(
2026-09-09T20:33:20.476407729Z            ~~~~~~~~~~~~~~~~~~~~~~^
2026-09-09T20:33:20.476412889Z         statement,
2026-09-09T20:33:20.476418160Z         ^^^^^^^^^^
2026-09-09T20:33:20.476420634Z     ...<4 lines>...
2026-09-09T20:33:20.476422899Z         _add_event=_add_event,
2026-09-09T20:33:20.476425314Z         ^^^^^^^^^^^^^^^^^^^^^^
2026-09-09T20:33:20.476427578Z     )
2026-09-09T20:33:20.476430023Z     ^
2026-09-09T20:33:20.476432698Z   File "/usr/local/lib/python3.13/site-packages/sqlalchemy/orm/session.py", line 2260, in _execute_internal
2026-09-09T20:33:20.476435303Z     conn = self._connection_for_bind(bind)
2026-09-09T20:33:20.476437838Z   File "/usr/local/lib/python3.13/site-packages/sqlalchemy/orm/session.py", line 2112, in _connection_for_bind
2026-09-09T20:33:20.476439943Z     return trans._connection_for_bind(engine, execution_options)
2026-09-09T20:33:20.476442007Z            ~~~~~~~~~~~~~~~~~~~~~~~~~~^^^^^^^^^^^^^^^^^^^^^^^^^^^
2026-09-09T20:33:20.476444071Z   File "<string>", line 2, in _connection_for_bind
2026-09-09T20:33:20.476446135Z   File "/usr/local/lib/python3.13/site-packages/sqlalchemy/orm/state_changes.py", line 137, in _go
2026-09-09T20:33:20.476448239Z     ret_value = fn(self, *arg, **kw)
2026-09-09T20:33:20.476450313Z   File "/usr/local/lib/python3.13/site-packages/sqlalchemy/orm/session.py", line 1191, in _connection_for_bind
2026-09-09T20:33:20.476452387Z     conn = bind.connect()
2026-09-09T20:33:20.476455373Z   File "/usr/local/lib/python3.13/site-packages/opentelemetry/instrumentation/sqlalchemy/engine.py", line 200, in _wrap_connect_internal
2026-09-09T20:33:20.476457477Z     return func(*args, **kwargs)
2026-09-09T20:33:20.476459571Z   File "/usr/local/lib/python3.13/site-packages/sqlalchemy/engine/base.py", line 3295, in connect
2026-09-09T20:33:20.476461655Z     return self._connection_cls(self)
2026-09-09T20:33:20.476472036Z            ~~~~~~~~~~~~~~~~~~~~^^^^^^
2026-09-09T20:33:20.476474220Z   File "/usr/local/lib/python3.13/site-packages/sqlalchemy/engine/base.py", line 144, in __init__
2026-09-09T20:33:20.476476284Z     self._dbapi_connection = engine.raw_connection()
2026-09-09T20:33:20.476478328Z                              ~~~~~~~~~~~~~~~~~~~~~^^
2026-09-09T20:33:20.476480372Z   File "/usr/local/lib/python3.13/site-packages/sqlalchemy/engine/base.py", line 3319, in raw_connection
2026-09-09T20:33:20.476482426Z     return self.pool.connect()
2026-09-09T20:33:20.476484471Z            ~~~~~~~~~~~~~~~~~^^
2026-09-09T20:33:20.476486515Z   File "/usr/local/lib/python3.13/site-packages/sqlalchemy/pool/base.py", line 448, in connect
2026-09-09T20:33:20.476488649Z     return _ConnectionFairy._checkout(self)
2026-09-09T20:33:20.476490703Z            ~~~~~~~~~~~~~~~~~~~~~~~~~~^^^^^^
2026-09-09T20:33:20.476492747Z   File "/usr/local/lib/python3.13/site-packages/sqlalchemy/pool/base.py", line 1272, in _checkout
2026-09-09T20:33:20.476494801Z     fairy = _ConnectionRecord.checkout(pool)
2026-09-09T20:33:20.476496845Z   File "/usr/local/lib/python3.13/site-packages/sqlalchemy/pool/base.py", line 712, in checkout
2026-09-09T20:33:20.476498899Z     rec = pool._do_get()
2026-09-09T20:33:20.476500943Z   File "/usr/local/lib/python3.13/site-packages/sqlalchemy/pool/impl.py", line 167, in _do_get
2026-09-09T20:33:20.476503027Z     raise exc.TimeoutError(
2026-09-09T20:33:20.476505111Z     ...<4 lines>...
2026-09-09T20:33:20.476507195Z     )
2026-09-09T20:33:20.476509861Z sqlalchemy.exc.TimeoutError: QueuePool limit of size 5 overflow 10 reached, connection timed out, timeout 30.00 (Background on this error at: https://sqlalche.me/e/20/3o7r)
2026-09-09T20:33:20.502155308Z ERROR:    Exception in ASGI application
2026-09-09T20:33:20.502215217Z Traceback (most recent call last):
2026-09-09T20:33:20.502220537Z   File "/usr/local/lib/python3.13/site-packages/uvicorn/protocols/http/httptools_impl.py", line 421, in run_asgi
2026-09-09T20:33:20.502222972Z     result = await app(  # type: ignore[func-returns-value]
2026-09-09T20:33:20.502224906Z              ^^^^^^^^^^^^^^^^^^^^^^^^^^^^^^^^^^^^^^^^^^^^^^
2026-09-09T20:33:20.502227030Z         self.scope, self.receive, self.send
2026-09-09T20:33:20.502228984Z         ^^^^^^^^^^^^^^^^^^^^^^^^^^^^^^^^^^^
2026-09-09T20:33:20.502230968Z     )
2026-09-09T20:33:20.502232952Z     ^
2026-09-09T20:33:20.502234926Z   File "/usr/local/lib/python3.13/site-packages/uvicorn/middleware/proxy_headers.py", line 63, in __call__
2026-09-09T20:33:20.502236860Z     return await self.app(scope, receive, send)
2026-09-09T20:33:20.502238803Z            ^^^^^^^^^^^^^^^^^^^^^^^^^^^^^^^^^^^^
2026-09-09T20:33:20.502241338Z   File "/usr/local/lib/python3.13/site-packages/fastapi/applications.py", line 1159, in __call__
2026-09-09T20:33:20.502243312Z     await super().__call__(scope, receive, send)
2026-09-09T20:33:20.502245236Z   File "/usr/local/lib/python3.13/site-packages/starlette/applications.py", line 107, in __call__
2026-09-09T20:33:20.502247160Z     await self.middleware_stack(scope, receive, send)
2026-09-09T20:33:20.502249364Z   File "/usr/local/lib/python3.13/site-packages/starlette/middleware/errors.py", line 186, in __call__
2026-09-09T20:33:20.502251328Z     raise exc
2026-09-09T20:33:20.502253262Z   File "/usr/local/lib/python3.13/site-packages/starlette/middleware/errors.py", line 164, in __call__
2026-09-09T20:33:20.502255196Z     await self.app(scope, receive, _send)
2026-09-09T20:33:20.502257881Z   File "/usr/local/lib/python3.13/site-packages/opentelemetry/instrumentation/asgi/__init__.py", line 806, in __call__
2026-09-09T20:33:20.502259865Z     await self.app(scope, otel_receive, otel_send)
2026-09-09T20:33:20.502276358Z   File "/usr/local/lib/python3.13/site-packages/starlette/middleware/errors.py", line 186, in __call__
2026-09-09T20:33:20.502278452Z     raise exc
2026-09-09T20:33:20.502280366Z   File "/usr/local/lib/python3.13/site-packages/starlette/middleware/errors.py", line 164, in __call__
2026-09-09T20:33:20.502282279Z     await self.app(scope, receive, _send)
2026-09-09T20:33:20.502284183Z   File "/usr/local/lib/python3.13/site-packages/opentelemetry/instrumentation/fastapi/__init__.py", line 305, in __call__
2026-09-09T20:33:20.502286087Z     await self.app(scope, receive, send)
2026-09-09T20:33:20.502288011Z   File "/usr/local/lib/python3.13/site-packages/prometheus_fastapi_instrumentator/middleware.py", line 177, in __call__
2026-09-09T20:33:20.502289934Z     raise exc
2026-09-09T20:33:20.502291838Z   File "/usr/local/lib/python3.13/site-packages/prometheus_fastapi_instrumentator/middleware.py", line 175, in __call__
2026-09-09T20:33:20.502293732Z     await self.app(scope, receive, send_wrapper)
2026-09-09T20:33:20.502296067Z   File "/usr/local/lib/python3.13/site-packages/starlette/middleware/exceptions.py", line 63, in __call__
2026-09-09T20:33:20.502298381Z     await wrap_app_handling_exceptions(self.app, conn)(scope, receive, send)
2026-09-09T20:33:20.502300365Z   File "/usr/local/lib/python3.13/site-packages/starlette/_exception_handler.py", line 53, in wrapped_app
2026-09-09T20:33:20.502302279Z     raise exc
2026-09-09T20:33:20.502304223Z   File "/usr/local/lib/python3.13/site-packages/starlette/_exception_handler.py", line 42, in wrapped_app
2026-09-09T20:33:20.502306136Z     await app(scope, receive, sender)
2026-09-09T20:33:20.502308050Z   File "/usr/local/lib/python3.13/site-packages/fastapi/middleware/asyncexitstack.py", line 18, in __call__
2026-09-09T20:33:20.502309994Z     await self.app(scope, receive, send)
2026-09-09T20:33:20.502311918Z   File "/usr/local/lib/python3.13/site-packages/starlette/routing.py", line 716, in __call__
2026-09-09T20:33:20.502313832Z     await self.middleware_stack(scope, receive, send)
2026-09-09T20:33:20.502315755Z   File "/usr/local/lib/python3.13/site-packages/starlette/routing.py", line 736, in app
2026-09-09T20:33:20.502317870Z     await route.handle(scope, receive, send)
2026-09-09T20:33:20.502319783Z   File "/usr/local/lib/python3.13/site-packages/starlette/routing.py", line 290, in handle
2026-09-09T20:33:20.502321717Z     await self.app(scope, receive, send)
2026-09-09T20:33:20.502323641Z   File "/usr/local/lib/python3.13/site-packages/fastapi/routing.py", line 134, in app
2026-09-09T20:33:20.502325555Z     await wrap_app_handling_exceptions(app, request)(scope, receive, send)
2026-09-09T20:33:20.502327459Z   File "/usr/local/lib/python3.13/site-packages/starlette/_exception_handler.py", line 53, in wrapped_app
2026-09-09T20:33:20.502329362Z     raise exc
2026-09-09T20:33:20.502331276Z   File "/usr/local/lib/python3.13/site-packages/starlette/_exception_handler.py", line 42, in wrapped_app
2026-09-09T20:33:20.502333190Z     await app(scope, receive, sender)
2026-09-09T20:33:20.502335104Z   File "/usr/local/lib/python3.13/site-packages/fastapi/routing.py", line 120, in app
2026-09-09T20:33:20.502337408Z     response = await f(request)
2026-09-09T20:33:20.502339332Z                ^^^^^^^^^^^^^^^^
2026-09-09T20:33:20.502341286Z   File "/usr/local/lib/python3.13/site-packages/fastapi/routing.py", line 674, in app
2026-09-09T20:33:20.502343200Z     raw_response = await run_endpoint_function(
2026-09-09T20:33:20.502345133Z                    ^^^^^^^^^^^^^^^^^^^^^^^^^^^^
2026-09-09T20:33:20.502347759Z     ...<3 lines>...
2026-09-09T20:33:20.502349672Z     )
2026-09-09T20:33:20.502357097Z     ^
2026-09-09T20:33:20.502359141Z   File "/usr/local/lib/python3.13/site-packages/fastapi/routing.py", line 330, in run_endpoint_function
2026-09-09T20:33:20.502361065Z     return await run_in_threadpool(dependant.call, **values)
2026-09-09T20:33:20.502362989Z            ^^^^^^^^^^^^^^^^^^^^^^^^^^^^^^^^^^^^^^^^^^^^^^^^^
2026-09-09T20:33:20.502369201Z   File "/usr/local/lib/python3.13/site-packages/starlette/concurrency.py", line 32, in run_in_threadpool
2026-09-09T20:33:20.502371255Z     return await anyio.to_thread.run_sync(func)
2026-09-09T20:33:20.502373209Z            ^^^^^^^^^^^^^^^^^^^^^^^^^^^^^^^^^^^^
2026-09-09T20:33:20.502375193Z   File "/usr/local/lib/python3.13/site-packages/anyio/to_thread.py", line 63, in run_sync
2026-09-09T20:33:20.502377137Z     return await get_async_backend().run_sync_in_worker_thread(
2026-09-09T20:33:20.502379071Z            ^^^^^^^^^^^^^^^^^^^^^^^^^^^^^^^^^^^^^^^^^^^^^^^^^^^^
2026-09-09T20:33:20.502381004Z         func, args, abandon_on_cancel=abandon_on_cancel, limiter=limiter
2026-09-09T20:33:20.502382928Z         ^^^^^^^^^^^^^^^^^^^^^^^^^^^^^^^^^^^^^^^^^^^^^^^^^^^^^^^^^^^^^^^^
2026-09-09T20:33:20.502384852Z     )
2026-09-09T20:33:20.502386796Z     ^
2026-09-09T20:33:20.502388740Z   File "/usr/local/lib/python3.13/site-packages/anyio/_backends/_asyncio.py", line 2518, in run_sync_in_worker_thread
2026-09-09T20:33:20.502390693Z     return await future
2026-09-09T20:33:20.502392637Z            ^^^^^^^^^^^^
2026-09-09T20:33:20.502394541Z   File "/usr/local/lib/python3.13/site-packages/anyio/_backends/_asyncio.py", line 1002, in run
2026-09-09T20:33:20.502396455Z     result = context.run(func, *args)
2026-09-09T20:33:20.502398419Z   File "/app/app/routers/orders.py", line 36, in checkout
2026-09-09T20:33:20.502400343Z     return create_order(
2026-09-09T20:33:20.502402286Z         db=db,
2026-09-09T20:33:20.502404220Z     ...<2 lines>...
2026-09-09T20:33:20.502406164Z         correlation_id=correlation_id,
2026-09-09T20:33:20.502408108Z     )
2026-09-09T20:33:20.502410072Z   File "/app/app/services/order_service.py", line 42, in create_order
2026-09-09T20:33:20.502412006Z     result = db.execute(
2026-09-09T20:33:20.502413939Z         select(ProductModel).where(ProductModel.id == product_id)
2026-09-09T20:33:20.502415873Z     )
2026-09-09T20:33:20.502417797Z   File "/usr/local/lib/python3.13/site-packages/sqlalchemy/orm/session.py", line 2372, in execute
2026-09-09T20:33:20.502419741Z     return self._execute_internal(
2026-09-09T20:33:20.502421685Z            ~~~~~~~~~~~~~~~~~~~~~~^
2026-09-09T20:33:20.502423639Z         statement,
2026-09-09T20:33:20.502425582Z         ^^^^^^^^^^
2026-09-09T20:33:20.502427496Z     ...<4 lines>...
2026-09-09T20:33:20.502429400Z         _add_event=_add_event,
2026-09-09T20:33:20.502431334Z         ^^^^^^^^^^^^^^^^^^^^^^
2026-09-09T20:33:20.502433498Z     )
2026-09-09T20:33:20.502435472Z     ^
2026-09-09T20:33:20.502437406Z   File "/usr/local/lib/python3.13/site-packages/sqlalchemy/orm/session.py", line 2260, in _execute_internal
2026-09-09T20:33:20.502439350Z     conn = self._connection_for_bind(bind)
2026-09-09T20:33:20.502441344Z   File "/usr/local/lib/python3.13/site-packages/sqlalchemy/orm/session.py", line 2112, in _connection_for_bind
2026-09-09T20:33:20.502443448Z     return trans._connection_for_bind(engine, execution_options)
2026-09-09T20:33:20.502445862Z            ~~~~~~~~~~~~~~~~~~~~~~~~~~^^^^^^^^^^^^^^^^^^^^^^^^^^^
2026-09-09T20:33:20.502448257Z   File "<string>", line 2, in _connection_for_bind
2026-09-09T20:33:20.502450712Z   File "/usr/local/lib/python3.13/site-packages/sqlalchemy/orm/state_changes.py", line 137, in _go
2026-09-09T20:33:20.502458057Z     ret_value = fn(self, *arg, **kw)
2026-09-09T20:33:20.502460541Z   File "/usr/local/lib/python3.13/site-packages/sqlalchemy/orm/session.py", line 1191, in _connection_for_bind
2026-09-09T20:33:20.502463006Z     conn = bind.connect()
2026-09-09T20:33:20.502465752Z   File "/usr/local/lib/python3.13/site-packages/opentelemetry/instrumentation/sqlalchemy/engine.py", line 200, in _wrap_connect_internal
2026-09-09T20:33:20.502467686Z     return func(*args, **kwargs)
2026-09-09T20:33:20.502469609Z   File "/usr/local/lib/python3.13/site-packages/sqlalchemy/engine/base.py", line 3295, in connect
2026-09-09T20:33:20.502471533Z     return self._connection_cls(self)
2026-09-09T20:33:20.502473457Z            ~~~~~~~~~~~~~~~~~~~~^^^^^^
2026-09-09T20:33:20.502475371Z   File "/usr/local/lib/python3.13/site-packages/sqlalchemy/engine/base.py", line 144, in __init__
2026-09-09T20:33:20.502477325Z     self._dbapi_connection = engine.raw_connection()
2026-09-09T20:33:20.502479268Z                              ~~~~~~~~~~~~~~~~~~~~~^^
2026-09-09T20:33:20.502481202Z   File "/usr/local/lib/python3.13/site-packages/sqlalchemy/engine/base.py", line 3319, in raw_connection
2026-09-09T20:33:20.502483126Z     return self.pool.connect()
2026-09-09T20:33:20.502485040Z            ~~~~~~~~~~~~~~~~~^^
2026-09-09T20:33:20.502486974Z   File "/usr/local/lib/python3.13/site-packages/sqlalchemy/pool/base.py", line 448, in connect
2026-09-09T20:33:20.502488908Z     return _ConnectionFairy._checkout(self)
2026-09-09T20:33:20.502490841Z            ~~~~~~~~~~~~~~~~~~~~~~~~~~^^^^^^
2026-09-09T20:33:20.502492755Z   File "/usr/local/lib/python3.13/site-packages/sqlalchemy/pool/base.py", line 1272, in _checkout
2026-09-09T20:33:20.502494689Z     fairy = _ConnectionRecord.checkout(pool)
2026-09-09T20:33:20.502496653Z   File "/usr/local/lib/python3.13/site-packages/sqlalchemy/pool/base.py", line 712, in checkout
2026-09-09T20:33:20.502498597Z     rec = pool._do_get()
2026-09-09T20:33:20.502500520Z   File "/usr/local/lib/python3.13/site-packages/sqlalchemy/pool/impl.py", line 167, in _do_get
2026-09-09T20:33:20.502502464Z     raise exc.TimeoutError(
2026-09-09T20:33:20.502504388Z     ...<4 lines>...
2026-09-09T20:33:20.502506312Z     )
2026-09-09T20:33:20.502508727Z sqlalchemy.exc.TimeoutError: QueuePool limit of size 5 overflow 10 reached, connection timed out, timeout 30.00 (Background on this error at: https://sqlalche.me/e/20/3o7r)
