2026-09-10T18:00:00.603800094Z ERROR:    Exception in ASGI application
2026-09-10T18:00:00.603864924Z Traceback (most recent call last):
2026-09-10T18:00:00.603873452Z   File "/usr/local/lib/python3.13/site-packages/uvicorn/protocols/http/httptools_impl.py", line 421, in run_asgi
2026-09-10T18:00:00.603884584Z     result = await app(  # type: ignore[func-returns-value]
2026-09-10T18:00:00.603891618Z              ^^^^^^^^^^^^^^^^^^^^^^^^^^^^^^^^^^^^^^^^^^^^^^
2026-09-10T18:00:00.603898522Z         self.scope, self.receive, self.send
2026-09-10T18:00:00.603905486Z         ^^^^^^^^^^^^^^^^^^^^^^^^^^^^^^^^^^^
2026-09-10T18:00:00.603912360Z     )
2026-09-10T18:00:00.603919304Z     ^
2026-09-10T18:00:00.603926488Z   File "/usr/local/lib/python3.13/site-packages/uvicorn/middleware/proxy_headers.py", line 63, in __call__
2026-09-10T18:00:00.603933292Z     return await self.app(scope, receive, send)
2026-09-10T18:00:00.603940156Z            ^^^^^^^^^^^^^^^^^^^^^^^^^^^^^^^^^^^^
2026-09-10T18:00:00.603948783Z   File "/usr/local/lib/python3.13/site-packages/fastapi/applications.py", line 1159, in __call__
2026-09-10T18:00:00.603955757Z     await super().__call__(scope, receive, send)
2026-09-10T18:00:00.603962581Z   File "/usr/local/lib/python3.13/site-packages/starlette/applications.py", line 107, in __call__
2026-09-10T18:00:00.603969505Z     await self.middleware_stack(scope, receive, send)
2026-09-10T18:00:00.603976278Z   File "/usr/local/lib/python3.13/site-packages/starlette/middleware/errors.py", line 186, in __call__
2026-09-10T18:00:00.603983152Z     raise exc
2026-09-10T18:00:00.603990046Z   File "/usr/local/lib/python3.13/site-packages/starlette/middleware/errors.py", line 164, in __call__
2026-09-10T18:00:00.603996910Z     await self.app(scope, receive, _send)
2026-09-10T18:00:00.604004976Z   File "/usr/local/lib/python3.13/site-packages/opentelemetry/instrumentation/asgi/__init__.py", line 806, in __call__
2026-09-10T18:00:00.604011960Z     await self.app(scope, otel_receive, otel_send)
2026-09-10T18:00:00.604018814Z   File "/usr/local/lib/python3.13/site-packages/starlette/middleware/errors.py", line 186, in __call__
2026-09-10T18:00:00.604025748Z     raise exc
2026-09-10T18:00:00.604032571Z   File "/usr/local/lib/python3.13/site-packages/starlette/middleware/errors.py", line 164, in __call__
2026-09-10T18:00:00.604039415Z     await self.app(scope, receive, _send)
2026-09-10T18:00:00.604046179Z   File "/usr/local/lib/python3.13/site-packages/opentelemetry/instrumentation/fastapi/__init__.py", line 305, in __call__
2026-09-10T18:00:00.604053123Z     await self.app(scope, receive, send)
2026-09-10T18:00:00.604060036Z   File "/usr/local/lib/python3.13/site-packages/prometheus_fastapi_instrumentator/middleware.py", line 177, in __call__
2026-09-10T18:00:00.604066950Z     raise exc
2026-09-10T18:00:00.604073724Z   File "/usr/local/lib/python3.13/site-packages/prometheus_fastapi_instrumentator/middleware.py", line 175, in __call__
2026-09-10T18:00:00.604111169Z     await self.app(scope, receive, send_wrapper)
2026-09-10T18:00:00.604115398Z   File "/usr/local/lib/python3.13/site-packages/starlette/middleware/exceptions.py", line 63, in __call__
2026-09-10T18:00:00.604121309Z     await wrap_app_handling_exceptions(self.app, conn)(scope, receive, send)
2026-09-10T18:00:00.604125267Z   File "/usr/local/lib/python3.13/site-packages/starlette/_exception_handler.py", line 53, in wrapped_app
2026-09-10T18:00:00.604129215Z     raise exc
2026-09-10T18:00:00.604133183Z   File "/usr/local/lib/python3.13/site-packages/starlette/_exception_handler.py", line 42, in wrapped_app
2026-09-10T18:00:00.604137161Z     await app(scope, receive, sender)
2026-09-10T18:00:00.604141129Z   File "/usr/local/lib/python3.13/site-packages/fastapi/middleware/asyncexitstack.py", line 18, in __call__
2026-09-10T18:00:00.604145087Z     await self.app(scope, receive, send)
2026-09-10T18:00:00.604149065Z   File "/usr/local/lib/python3.13/site-packages/starlette/routing.py", line 716, in __call__
2026-09-10T18:00:00.604153053Z     await self.middleware_stack(scope, receive, send)
2026-09-10T18:00:00.604157011Z   File "/usr/local/lib/python3.13/site-packages/starlette/routing.py", line 736, in app
2026-09-10T18:00:00.604160969Z     await route.handle(scope, receive, send)
2026-09-10T18:00:00.604164897Z   File "/usr/local/lib/python3.13/site-packages/starlette/routing.py", line 290, in handle
2026-09-10T18:00:00.604168835Z     await self.app(scope, receive, send)
2026-09-10T18:00:00.604172753Z   File "/usr/local/lib/python3.13/site-packages/fastapi/routing.py", line 134, in app
2026-09-10T18:00:00.604176681Z     await wrap_app_handling_exceptions(app, request)(scope, receive, send)
2026-09-10T18:00:00.604180609Z   File "/usr/local/lib/python3.13/site-packages/starlette/_exception_handler.py", line 53, in wrapped_app
2026-09-10T18:00:00.604184597Z     raise exc
2026-09-10T18:00:00.604188565Z   File "/usr/local/lib/python3.13/site-packages/starlette/_exception_handler.py", line 42, in wrapped_app
2026-09-10T18:00:00.604192513Z     await app(scope, receive, sender)
2026-09-10T18:00:00.604196731Z   File "/usr/local/lib/python3.13/site-packages/fastapi/routing.py", line 120, in app
2026-09-10T18:00:00.604201671Z     response = await f(request)
2026-09-10T18:00:00.604205639Z                ^^^^^^^^^^^^^^^^
2026-09-10T18:00:00.604209577Z   File "/usr/local/lib/python3.13/site-packages/fastapi/routing.py", line 674, in app
2026-09-10T18:00:00.604213655Z     raw_response = await run_endpoint_function(
2026-09-10T18:00:00.604217673Z                    ^^^^^^^^^^^^^^^^^^^^^^^^^^^^
2026-09-10T18:00:00.604222383Z     ...<3 lines>...
2026-09-10T18:00:00.604226371Z     )
2026-09-10T18:00:00.604230349Z     ^
2026-09-10T18:00:00.604234307Z   File "/usr/local/lib/python3.13/site-packages/fastapi/routing.py", line 330, in run_endpoint_function
2026-09-10T18:00:00.604238234Z     return await run_in_threadpool(dependant.call, **values)
2026-09-10T18:00:00.604244357Z            ^^^^^^^^^^^^^^^^^^^^^^^^^^^^^^^^^^^^^^^^^^^^^^^^^
2026-09-10T18:00:00.604315510Z   File "/usr/local/lib/python3.13/site-packages/starlette/concurrency.py", line 32, in run_in_threadpool
2026-09-10T18:00:00.604325610Z     return await anyio.to_thread.run_sync(func)
2026-09-10T18:00:00.604330049Z            ^^^^^^^^^^^^^^^^^^^^^^^^^^^^^^^^^^^^
2026-09-10T18:00:00.604334348Z   File "/usr/local/lib/python3.13/site-packages/anyio/to_thread.py", line 63, in run_sync
2026-09-10T18:00:00.604338686Z     return await get_async_backend().run_sync_in_worker_thread(
2026-09-10T18:00:00.604342965Z            ^^^^^^^^^^^^^^^^^^^^^^^^^^^^^^^^^^^^^^^^^^^^^^^^^^^^
2026-09-10T18:00:00.604347263Z         func, args, abandon_on_cancel=abandon_on_cancel, limiter=limiter
2026-09-10T18:00:00.604368075Z         ^^^^^^^^^^^^^^^^^^^^^^^^^^^^^^^^^^^^^^^^^^^^^^^^^^^^^^^^^^^^^^^^
2026-09-10T18:00:00.604372654Z     )
2026-09-10T18:00:00.604376933Z     ^
2026-09-10T18:00:00.604381232Z   File "/usr/local/lib/python3.13/site-packages/anyio/_backends/_asyncio.py", line 2518, in run_sync_in_worker_thread
2026-09-10T18:00:00.604385520Z     return await future
2026-09-10T18:00:00.604389859Z            ^^^^^^^^^^^^
2026-09-10T18:00:00.604394138Z   File "/usr/local/lib/python3.13/site-packages/anyio/_backends/_asyncio.py", line 1002, in run
2026-09-10T18:00:00.604398446Z     result = context.run(func, *args)
2026-09-10T18:00:00.604402745Z   File "/app/app/routers/orders.py", line 36, in checkout
2026-09-10T18:00:00.604407064Z     return create_order(
2026-09-10T18:00:00.604411382Z         db=db,
2026-09-10T18:00:00.604415671Z     ...<2 lines>...
2026-09-10T18:00:00.604419970Z         correlation_id=correlation_id,
2026-09-10T18:00:00.604424268Z     )
2026-09-10T18:00:00.604428627Z   File "/app/app/services/order_service.py", line 42, in create_order
2026-09-10T18:00:00.604432956Z     result = db.execute(
2026-09-10T18:00:00.604437304Z         select(ProductModel).where(ProductModel.id == product_id)
2026-09-10T18:00:00.604441653Z     )
2026-09-10T18:00:00.604445922Z   File "/usr/local/lib/python3.13/site-packages/sqlalchemy/orm/session.py", line 2372, in execute
2026-09-10T18:00:00.604450210Z     return self._execute_internal(
2026-09-10T18:00:00.604454699Z            ~~~~~~~~~~~~~~~~~~~~~~^
2026-09-10T18:00:00.604459078Z         statement,
2026-09-10T18:00:00.604463347Z         ^^^^^^^^^^
2026-09-10T18:00:00.604467585Z     ...<4 lines>...
2026-09-10T18:00:00.604471824Z         _add_event=_add_event,
2026-09-10T18:00:00.604476122Z         ^^^^^^^^^^^^^^^^^^^^^^
2026-09-10T18:00:00.604480361Z     )
2026-09-10T18:00:00.604484609Z     ^
2026-09-10T18:00:00.604488848Z   File "/usr/local/lib/python3.13/site-packages/sqlalchemy/orm/session.py", line 2260, in _execute_internal
2026-09-10T18:00:00.604493116Z     conn = self._connection_for_bind(bind)
2026-09-10T18:00:00.604497385Z   File "/usr/local/lib/python3.13/site-packages/sqlalchemy/orm/session.py", line 2112, in _connection_for_bind
2026-09-10T18:00:00.604501664Z     return trans._connection_for_bind(engine, execution_options)
2026-09-10T18:00:00.604505952Z            ~~~~~~~~~~~~~~~~~~~~~~~~~~^^^^^^^^^^^^^^^^^^^^^^^^^^^
2026-09-10T18:00:00.604510261Z   File "<string>", line 2, in _connection_for_bind
2026-09-10T18:00:00.604514519Z   File "/usr/local/lib/python3.13/site-packages/sqlalchemy/orm/state_changes.py", line 137, in _go
2026-09-10T18:00:00.604518778Z     ret_value = fn(self, *arg, **kw)
2026-09-10T18:00:00.604522997Z   File "/usr/local/lib/python3.13/site-packages/sqlalchemy/orm/session.py", line 1191, in _connection_for_bind
2026-09-10T18:00:00.604527275Z     conn = bind.connect()
2026-09-10T18:00:00.604532125Z   File "/usr/local/lib/python3.13/site-packages/opentelemetry/instrumentation/sqlalchemy/engine.py", line 200, in _wrap_connect_internal
2026-09-10T18:00:00.604536393Z     return func(*args, **kwargs)
2026-09-10T18:00:00.604540702Z   File "/usr/local/lib/python3.13/site-packages/sqlalchemy/engine/base.py", line 3295, in connect
2026-09-10T18:00:00.604544971Z     return self._connection_cls(self)
2026-09-10T18:00:00.604549229Z            ~~~~~~~~~~~~~~~~~~~~^^^^^^
2026-09-10T18:00:00.604553478Z   File "/usr/local/lib/python3.13/site-packages/sqlalchemy/engine/base.py", line 144, in __init__
2026-09-10T18:00:00.604557696Z     self._dbapi_connection = engine.raw_connection()
2026-09-10T18:00:00.604572276Z                              ~~~~~~~~~~~~~~~~~~~~~^^
2026-09-10T18:00:00.604576614Z   File "/usr/local/lib/python3.13/site-packages/sqlalchemy/engine/base.py", line 3319, in raw_connection
2026-09-10T18:00:00.604580903Z     return self.pool.connect()
2026-09-10T18:00:00.604585161Z            ~~~~~~~~~~~~~~~~~^^
2026-09-10T18:00:00.604589490Z   File "/usr/local/lib/python3.13/site-packages/sqlalchemy/pool/base.py", line 448, in connect
2026-09-10T18:00:00.604593809Z     return _ConnectionFairy._checkout(self)
2026-09-10T18:00:00.604598097Z            ~~~~~~~~~~~~~~~~~~~~~~~~~~^^^^^^
2026-09-10T18:00:00.604602346Z   File "/usr/local/lib/python3.13/site-packages/sqlalchemy/pool/base.py", line 1272, in _checkout
2026-09-10T18:00:00.604606584Z     fairy = _ConnectionRecord.checkout(pool)
2026-09-10T18:00:00.604610853Z   File "/usr/local/lib/python3.13/site-packages/sqlalchemy/pool/base.py", line 712, in checkout
2026-09-10T18:00:00.604615142Z     rec = pool._do_get()
2026-09-10T18:00:00.604619420Z   File "/usr/local/lib/python3.13/site-packages/sqlalchemy/pool/impl.py", line 167, in _do_get
2026-09-10T18:00:00.604623779Z     raise exc.TimeoutError(
2026-09-10T18:00:00.604628028Z     ...<4 lines>...
2026-09-10T18:00:00.604632296Z     )
2026-09-10T18:00:00.604638609Z sqlalchemy.exc.TimeoutError: QueuePool limit of size 5 overflow 10 reached, connection timed out, timeout 30.00 (Background on this error at: https://sqlalche.me/e/20/3o7r)
2026-09-10T18:00:01.511968623Z ERROR:    Exception in ASGI application
2026-09-10T18:00:01.512002080Z Traceback (most recent call last):
2026-09-10T18:00:01.512004806Z   File "/usr/local/lib/python3.13/site-packages/uvicorn/protocols/http/httptools_impl.py", line 421, in run_asgi
2026-09-10T18:00:01.512007371Z     result = await app(  # type: ignore[func-returns-value]
2026-09-10T18:00:01.512009305Z              ^^^^^^^^^^^^^^^^^^^^^^^^^^^^^^^^^^^^^^^^^^^^^^
2026-09-10T18:00:01.512011249Z         self.scope, self.receive, self.send
2026-09-10T18:00:01.512013133Z         ^^^^^^^^^^^^^^^^^^^^^^^^^^^^^^^^^^^
2026-09-10T18:00:01.512015036Z     )
2026-09-10T18:00:01.512017081Z     ^
2026-09-10T18:00:01.512019014Z   File "/usr/local/lib/python3.13/site-packages/uvicorn/middleware/proxy_headers.py", line 63, in __call__
2026-09-10T18:00:01.512021079Z     return await self.app(scope, receive, send)
2026-09-10T18:00:01.512023063Z            ^^^^^^^^^^^^^^^^^^^^^^^^^^^^^^^^^^^^
2026-09-10T18:00:01.512028063Z   File "/usr/local/lib/python3.13/site-packages/fastapi/applications.py", line 1159, in __call__
2026-09-10T18:00:01.512030007Z     await super().__call__(scope, receive, send)
2026-09-10T18:00:01.512031920Z   File "/usr/local/lib/python3.13/site-packages/starlette/applications.py", line 107, in __call__
2026-09-10T18:00:01.512033854Z     await self.middleware_stack(scope, receive, send)
2026-09-10T18:00:01.512035798Z   File "/usr/local/lib/python3.13/site-packages/starlette/middleware/errors.py", line 186, in __call__
2026-09-10T18:00:01.512037742Z     raise exc
2026-09-10T18:00:01.512039716Z   File "/usr/local/lib/python3.13/site-packages/starlette/middleware/errors.py", line 164, in __call__
2026-09-10T18:00:01.512041770Z     await self.app(scope, receive, _send)
2026-09-10T18:00:01.512044015Z   File "/usr/local/lib/python3.13/site-packages/opentelemetry/instrumentation/asgi/__init__.py", line 806, in __call__
2026-09-10T18:00:01.512045939Z     await self.app(scope, otel_receive, otel_send)
2026-09-10T18:00:01.512047902Z   File "/usr/local/lib/python3.13/site-packages/starlette/middleware/errors.py", line 186, in __call__
2026-09-10T18:00:01.512049826Z     raise exc
2026-09-10T18:00:01.512054195Z   File "/usr/local/lib/python3.13/site-packages/starlette/middleware/errors.py", line 164, in __call__
2026-09-10T18:00:01.512087382Z     await self.app(scope, receive, _send)
2026-09-10T18:00:01.512091881Z   File "/usr/local/lib/python3.13/site-packages/opentelemetry/instrumentation/fastapi/__init__.py", line 305, in __call__
2026-09-10T18:00:01.512096360Z     await self.app(scope, receive, send)
2026-09-10T18:00:01.512100769Z   File "/usr/local/lib/python3.13/site-packages/prometheus_fastapi_instrumentator/middleware.py", line 177, in __call__
2026-09-10T18:00:01.512105067Z     raise exc
2026-09-10T18:00:01.512109586Z   File "/usr/local/lib/python3.13/site-packages/prometheus_fastapi_instrumentator/middleware.py", line 175, in __call__
2026-09-10T18:00:01.512113985Z     await self.app(scope, receive, send_wrapper)
2026-09-10T18:00:01.512118274Z   File "/usr/local/lib/python3.13/site-packages/starlette/middleware/exceptions.py", line 63, in __call__
2026-09-10T18:00:01.512123053Z     await wrap_app_handling_exceptions(self.app, conn)(scope, receive, send)
2026-09-10T18:00:01.512130518Z   File "/usr/local/lib/python3.13/site-packages/starlette/_exception_handler.py", line 53, in wrapped_app
2026-09-10T18:00:01.512134937Z     raise exc
2026-09-10T18:00:01.512154717Z   File "/usr/local/lib/python3.13/site-packages/starlette/_exception_handler.py", line 42, in wrapped_app
2026-09-10T18:00:01.512159136Z     await app(scope, receive, sender)
2026-09-10T18:00:01.512163415Z   File "/usr/local/lib/python3.13/site-packages/fastapi/middleware/asyncexitstack.py", line 18, in __call__
2026-09-10T18:00:01.512167703Z     await self.app(scope, receive, send)
2026-09-10T18:00:01.512172002Z   File "/usr/local/lib/python3.13/site-packages/starlette/routing.py", line 716, in __call__
2026-09-10T18:00:01.512176300Z     await self.middleware_stack(scope, receive, send)
2026-09-10T18:00:01.512180619Z   File "/usr/local/lib/python3.13/site-packages/starlette/routing.py", line 736, in app
2026-09-10T18:00:01.512184918Z     await route.handle(scope, receive, send)
2026-09-10T18:00:01.512189176Z   File "/usr/local/lib/python3.13/site-packages/starlette/routing.py", line 290, in handle
2026-09-10T18:00:01.512193435Z     await self.app(scope, receive, send)
2026-09-10T18:00:01.512197723Z   File "/usr/local/lib/python3.13/site-packages/fastapi/routing.py", line 134, in app
2026-09-10T18:00:01.512201982Z     await wrap_app_handling_exceptions(app, request)(scope, receive, send)
2026-09-10T18:00:01.512206231Z   File "/usr/local/lib/python3.13/site-packages/starlette/_exception_handler.py", line 53, in wrapped_app
2026-09-10T18:00:01.512210469Z     raise exc
2026-09-10T18:00:01.512214708Z   File "/usr/local/lib/python3.13/site-packages/starlette/_exception_handler.py", line 42, in wrapped_app
2026-09-10T18:00:01.512219086Z     await app(scope, receive, sender)
2026-09-10T18:00:01.512223355Z   File "/usr/local/lib/python3.13/site-packages/fastapi/routing.py", line 120, in app
2026-09-10T18:00:01.512228125Z     response = await f(request)
2026-09-10T18:00:01.512232433Z                ^^^^^^^^^^^^^^^^
2026-09-10T18:00:01.512236722Z   File "/usr/local/lib/python3.13/site-packages/fastapi/routing.py", line 674, in app
2026-09-10T18:00:01.512241010Z     raw_response = await run_endpoint_function(
2026-09-10T18:00:01.512245329Z                    ^^^^^^^^^^^^^^^^^^^^^^^^^^^^
2026-09-10T18:00:01.512250409Z     ...<3 lines>...
2026-09-10T18:00:01.512254708Z     )
2026-09-10T18:00:01.512259037Z     ^
2026-09-10T18:00:01.512263325Z   File "/usr/local/lib/python3.13/site-packages/fastapi/routing.py", line 330, in run_endpoint_function
2026-09-10T18:00:01.512267804Z     return await run_in_threadpool(dependant.call, **values)
2026-09-10T18:00:01.512284267Z            ^^^^^^^^^^^^^^^^^^^^^^^^^^^^^^^^^^^^^^^^^^^^^^^^^
2026-09-10T18:00:01.512353607Z   File "/usr/local/lib/python3.13/site-packages/starlette/concurrency.py", line 32, in run_in_threadpool
2026-09-10T18:00:01.512363567Z     return await anyio.to_thread.run_sync(func)
2026-09-10T18:00:01.512368176Z            ^^^^^^^^^^^^^^^^^^^^^^^^^^^^^^^^^^^^
2026-09-10T18:00:01.512372455Z   File "/usr/local/lib/python3.13/site-packages/anyio/to_thread.py", line 63, in run_sync
2026-09-10T18:00:01.512376723Z     return await get_async_backend().run_sync_in_worker_thread(
2026-09-10T18:00:01.512381042Z            ^^^^^^^^^^^^^^^^^^^^^^^^^^^^^^^^^^^^^^^^^^^^^^^^^^^^
2026-09-10T18:00:01.512385350Z         func, args, abandon_on_cancel=abandon_on_cancel, limiter=limiter
2026-09-10T18:00:01.512389669Z         ^^^^^^^^^^^^^^^^^^^^^^^^^^^^^^^^^^^^^^^^^^^^^^^^^^^^^^^^^^^^^^^^
2026-09-10T18:00:01.512394068Z     )
2026-09-10T18:00:01.512398367Z     ^
2026-09-10T18:00:01.512402675Z   File "/usr/local/lib/python3.13/site-packages/anyio/_backends/_asyncio.py", line 2518, in run_sync_in_worker_thread
2026-09-10T18:00:01.512406924Z     return await future
2026-09-10T18:00:01.512411202Z            ^^^^^^^^^^^^
2026-09-10T18:00:01.512415451Z   File "/usr/local/lib/python3.13/site-packages/anyio/_backends/_asyncio.py", line 1002, in run
2026-09-10T18:00:01.512419729Z     result = context.run(func, *args)
2026-09-10T18:00:01.512424038Z   File "/app/app/routers/orders.py", line 36, in checkout
2026-09-10T18:00:01.512428307Z     return create_order(
2026-09-10T18:00:01.512432686Z         db=db,
2026-09-10T18:00:01.512437044Z     ...<2 lines>...
2026-09-10T18:00:01.512441363Z         correlation_id=correlation_id,
2026-09-10T18:00:01.512445702Z     )
2026-09-10T18:00:01.512450070Z   File "/app/app/services/order_service.py", line 42, in create_order
2026-09-10T18:00:01.512454399Z     result = db.execute(
2026-09-10T18:00:01.512458688Z         select(ProductModel).where(ProductModel.id == product_id)
2026-09-10T18:00:01.512463067Z     )
2026-09-10T18:00:01.512467395Z   File "/usr/local/lib/python3.13/site-packages/sqlalchemy/orm/session.py", line 2372, in execute
2026-09-10T18:00:01.512471674Z     return self._execute_internal(
2026-09-10T18:00:01.512475932Z            ~~~~~~~~~~~~~~~~~~~~~~^
2026-09-10T18:00:01.512480251Z         statement,
2026-09-10T18:00:01.512484580Z         ^^^^^^^^^^
2026-09-10T18:00:01.512488939Z     ...<4 lines>...
2026-09-10T18:00:01.512493227Z         _add_event=_add_event,
2026-09-10T18:00:01.512497476Z         ^^^^^^^^^^^^^^^^^^^^^^
2026-09-10T18:00:01.512501724Z     )
2026-09-10T18:00:01.512506033Z     ^
2026-09-10T18:00:01.512513909Z   File "/usr/local/lib/python3.13/site-packages/sqlalchemy/orm/session.py", line 2260, in _execute_internal
2026-09-10T18:00:01.512518267Z     conn = self._connection_for_bind(bind)
2026-09-10T18:00:01.512522626Z   File "/usr/local/lib/python3.13/site-packages/sqlalchemy/orm/session.py", line 2112, in _connection_for_bind
2026-09-10T18:00:01.512526945Z     return trans._connection_for_bind(engine, execution_options)
2026-09-10T18:00:01.512531213Z            ~~~~~~~~~~~~~~~~~~~~~~~~~~^^^^^^^^^^^^^^^^^^^^^^^^^^^
2026-09-10T18:00:01.512535522Z   File "<string>", line 2, in _connection_for_bind
2026-09-10T18:00:01.512539791Z   File "/usr/local/lib/python3.13/site-packages/sqlalchemy/orm/state_changes.py", line 137, in _go
2026-09-10T18:00:01.512544139Z     ret_value = fn(self, *arg, **kw)
2026-09-10T18:00:01.512548398Z   File "/usr/local/lib/python3.13/site-packages/sqlalchemy/orm/session.py", line 1191, in _connection_for_bind
2026-09-10T18:00:01.512552687Z     conn = bind.connect()
2026-09-10T18:00:01.512589801Z   File "/usr/local/lib/python3.13/site-packages/opentelemetry/instrumentation/sqlalchemy/engine.py", line 200, in _wrap_connect_internal
2026-09-10T18:00:01.512594330Z     return func(*args, **kwargs)
2026-09-10T18:00:01.512598629Z   File "/usr/local/lib/python3.13/site-packages/sqlalchemy/engine/base.py", line 3295, in connect
2026-09-10T18:00:01.512602908Z     return self._connection_cls(self)
2026-09-10T18:00:01.512607166Z            ~~~~~~~~~~~~~~~~~~~~^^^^^^
2026-09-10T18:00:01.512611505Z   File "/usr/local/lib/python3.13/site-packages/sqlalchemy/engine/base.py", line 144, in __init__
2026-09-10T18:00:01.512615753Z     self._dbapi_connection = engine.raw_connection()
2026-09-10T18:00:01.512619982Z                              ~~~~~~~~~~~~~~~~~~~~~^^
2026-09-10T18:00:01.512624250Z   File "/usr/local/lib/python3.13/site-packages/sqlalchemy/engine/base.py", line 3319, in raw_connection
2026-09-10T18:00:01.512628529Z     return self.pool.connect()
2026-09-10T18:00:01.512633018Z            ~~~~~~~~~~~~~~~~~^^
2026-09-10T18:00:01.512637317Z   File "/usr/local/lib/python3.13/site-packages/sqlalchemy/pool/base.py", line 448, in connect
2026-09-10T18:00:01.512641575Z     return _ConnectionFairy._checkout(self)
2026-09-10T18:00:01.512645834Z            ~~~~~~~~~~~~~~~~~~~~~~~~~~^^^^^^
2026-09-10T18:00:01.512650112Z   File "/usr/local/lib/python3.13/site-packages/sqlalchemy/pool/base.py", line 1272, in _checkout
2026-09-10T18:00:01.512654351Z     fairy = _ConnectionRecord.checkout(pool)
2026-09-10T18:00:01.512658569Z   File "/usr/local/lib/python3.13/site-packages/sqlalchemy/pool/base.py", line 712, in checkout
2026-09-10T18:00:01.512662808Z     rec = pool._do_get()
2026-09-10T18:00:01.512667066Z   File "/usr/local/lib/python3.13/site-packages/sqlalchemy/pool/impl.py", line 167, in _do_get
2026-09-10T18:00:01.512671295Z     raise exc.TimeoutError(
2026-09-10T18:00:01.512675543Z     ...<4 lines>...
2026-09-10T18:00:01.512679852Z     )
2026-09-10T18:00:01.512684862Z sqlalchemy.exc.TimeoutError: QueuePool limit of size 5 overflow 10 reached, connection timed out, timeout 30.00 (Background on this error at: https://sqlalche.me/e/20/3o7r)
2026-09-10T18:00:02.773541933Z ERROR:    Exception in ASGI application
2026-09-10T18:00:02.773609007Z Traceback (most recent call last):
2026-09-10T18:00:02.773620130Z   File "/usr/local/lib/python3.13/site-packages/uvicorn/protocols/http/httptools_impl.py", line 421, in run_asgi
2026-09-10T18:00:02.773623947Z     result = await app(  # type: ignore[func-returns-value]
2026-09-10T18:00:02.773626863Z              ^^^^^^^^^^^^^^^^^^^^^^^^^^^^^^^^^^^^^^^^^^^^^^
2026-09-10T18:00:02.773629599Z         self.scope, self.receive, self.send
2026-09-10T18:00:02.773632244Z         ^^^^^^^^^^^^^^^^^^^^^^^^^^^^^^^^^^^
2026-09-10T18:00:02.773634649Z     )
2026-09-10T18:00:02.773639609Z     ^
2026-09-10T18:00:02.773642855Z   File "/usr/local/lib/python3.13/site-packages/uvicorn/middleware/proxy_headers.py", line 63, in __call__
2026-09-10T18:00:02.773645821Z     return await self.app(scope, receive, send)
2026-09-10T18:00:02.773648166Z            ^^^^^^^^^^^^^^^^^^^^^^^^^^^^^^^^^^^^
2026-09-10T18:00:02.773651162Z   File "/usr/local/lib/python3.13/site-packages/fastapi/applications.py", line 1159, in __call__
2026-09-10T18:00:02.773653737Z     await super().__call__(scope, receive, send)
2026-09-10T18:00:02.773656052Z   File "/usr/local/lib/python3.13/site-packages/starlette/applications.py", line 107, in __call__
2026-09-10T18:00:02.773658647Z     await self.middleware_stack(scope, receive, send)
2026-09-10T18:00:02.773661132Z   File "/usr/local/lib/python3.13/site-packages/starlette/middleware/errors.py", line 186, in __call__
2026-09-10T18:00:02.773694118Z     raise exc
2026-09-10T18:00:02.773696794Z   File "/usr/local/lib/python3.13/site-packages/starlette/middleware/errors.py", line 164, in __call__
2026-09-10T18:00:02.773698808Z     await self.app(scope, receive, _send)
2026-09-10T18:00:02.773701604Z   File "/usr/local/lib/python3.13/site-packages/opentelemetry/instrumentation/asgi/__init__.py", line 806, in __call__
2026-09-10T18:00:02.773703618Z     await self.app(scope, otel_receive, otel_send)
2026-09-10T18:00:02.773705571Z   File "/usr/local/lib/python3.13/site-packages/starlette/middleware/errors.py", line 186, in __call__
2026-09-10T18:00:02.773707555Z     raise exc
2026-09-10T18:00:02.773709499Z   File "/usr/local/lib/python3.13/site-packages/starlette/middleware/errors.py", line 164, in __call__
2026-09-10T18:00:02.773711453Z     await self.app(scope, receive, _send)
2026-09-10T18:00:02.773713387Z   File "/usr/local/lib/python3.13/site-packages/opentelemetry/instrumentation/fastapi/__init__.py", line 305, in __call__
2026-09-10T18:00:02.773715602Z     await self.app(scope, receive, send)
2026-09-10T18:00:02.773717786Z   File "/usr/local/lib/python3.13/site-packages/prometheus_fastapi_instrumentator/middleware.py", line 177, in __call__
2026-09-10T18:00:02.773720441Z     raise exc
2026-09-10T18:00:02.773722435Z   File "/usr/local/lib/python3.13/site-packages/prometheus_fastapi_instrumentator/middleware.py", line 175, in __call__
2026-09-10T18:00:02.773724500Z     await self.app(scope, receive, send_wrapper)
2026-09-10T18:00:02.773726694Z   File "/usr/local/lib/python3.13/site-packages/starlette/middleware/exceptions.py", line 63, in __call__
2026-09-10T18:00:02.773729279Z     await wrap_app_handling_exceptions(self.app, conn)(scope, receive, send)
2026-09-10T18:00:02.773731363Z   File "/usr/local/lib/python3.13/site-packages/starlette/_exception_handler.py", line 53, in wrapped_app
2026-09-10T18:00:02.773733798Z     raise exc
2026-09-10T18:00:02.773736383Z   File "/usr/local/lib/python3.13/site-packages/starlette/_exception_handler.py", line 42, in wrapped_app
2026-09-10T18:00:02.773738828Z     await app(scope, receive, sender)
2026-09-10T18:00:02.773744139Z   File "/usr/local/lib/python3.13/site-packages/fastapi/middleware/asyncexitstack.py", line 18, in __call__
2026-09-10T18:00:02.773747546Z     await self.app(scope, receive, send)
2026-09-10T18:00:02.773749901Z   File "/usr/local/lib/python3.13/site-packages/starlette/routing.py", line 716, in __call__
2026-09-10T18:00:02.773752265Z     await self.middleware_stack(scope, receive, send)
2026-09-10T18:00:02.773754630Z   File "/usr/local/lib/python3.13/site-packages/starlette/routing.py", line 736, in app
2026-09-10T18:00:02.773756965Z     await route.handle(scope, receive, send)
2026-09-10T18:00:02.773759590Z   File "/usr/local/lib/python3.13/site-packages/starlette/routing.py", line 290, in handle
2026-09-10T18:00:02.773762115Z     await self.app(scope, receive, send)
2026-09-10T18:00:02.773764440Z   File "/usr/local/lib/python3.13/site-packages/fastapi/routing.py", line 134, in app
2026-09-10T18:00:02.773766825Z     await wrap_app_handling_exceptions(app, request)(scope, receive, send)
2026-09-10T18:00:02.773769159Z   File "/usr/local/lib/python3.13/site-packages/starlette/_exception_handler.py", line 53, in wrapped_app
2026-09-10T18:00:02.773771694Z     raise exc
2026-09-10T18:00:02.773774029Z   File "/usr/local/lib/python3.13/site-packages/starlette/_exception_handler.py", line 42, in wrapped_app
2026-09-10T18:00:02.773776284Z     await app(scope, receive, sender)
2026-09-10T18:00:02.773778498Z   File "/usr/local/lib/python3.13/site-packages/fastapi/routing.py", line 120, in app
2026-09-10T18:00:02.773781664Z     response = await f(request)
2026-09-10T18:00:02.773795683Z                ^^^^^^^^^^^^^^^^
2026-09-10T18:00:02.773800683Z   File "/usr/local/lib/python3.13/site-packages/fastapi/routing.py", line 674, in app
2026-09-10T18:00:02.773803188Z     raw_response = await run_endpoint_function(
2026-09-10T18:00:02.773805492Z                    ^^^^^^^^^^^^^^^^^^^^^^^^^^^^
2026-09-10T18:00:02.773808218Z     ...<3 lines>...
2026-09-10T18:00:02.773810222Z     )
2026-09-10T18:00:02.773812196Z     ^
2026-09-10T18:00:02.773814230Z   File "/usr/local/lib/python3.13/site-packages/fastapi/routing.py", line 330, in run_endpoint_function
2026-09-10T18:00:02.773816294Z     return await run_in_threadpool(dependant.call, **values)
2026-09-10T18:00:02.773818208Z            ^^^^^^^^^^^^^^^^^^^^^^^^^^^^^^^^^^^^^^^^^^^^^^^^^
2026-09-10T18:00:02.773877186Z   File "/usr/local/lib/python3.13/site-packages/starlette/concurrency.py", line 32, in run_in_threadpool
2026-09-10T18:00:02.773882387Z     return await anyio.to_thread.run_sync(func)
2026-09-10T18:00:02.773884401Z            ^^^^^^^^^^^^^^^^^^^^^^^^^^^^^^^^^^^^
2026-09-10T18:00:02.773886395Z   File "/usr/local/lib/python3.13/site-packages/anyio/to_thread.py", line 63, in run_sync
2026-09-10T18:00:02.773888399Z     return await get_async_backend().run_sync_in_worker_thread(
2026-09-10T18:00:02.773890333Z            ^^^^^^^^^^^^^^^^^^^^^^^^^^^^^^^^^^^^^^^^^^^^^^^^^^^^
2026-09-10T18:00:02.773892567Z         func, args, abandon_on_cancel=abandon_on_cancel, limiter=limiter
2026-09-10T18:00:02.773894551Z         ^^^^^^^^^^^^^^^^^^^^^^^^^^^^^^^^^^^^^^^^^^^^^^^^^^^^^^^^^^^^^^^^
2026-09-10T18:00:02.773896495Z     )
2026-09-10T18:00:02.773898539Z     ^
2026-09-10T18:00:02.773900964Z   File "/usr/local/lib/python3.13/site-packages/anyio/_backends/_asyncio.py", line 2518, in run_sync_in_worker_thread
2026-09-10T18:00:02.773902898Z     return await future
2026-09-10T18:00:02.773904842Z            ^^^^^^^^^^^^
2026-09-10T18:00:02.773906806Z   File "/usr/local/lib/python3.13/site-packages/anyio/_backends/_asyncio.py", line 1002, in run
2026-09-10T18:00:02.773908760Z     result = context.run(func, *args)
2026-09-10T18:00:02.773910754Z   File "/app/app/routers/orders.py", line 36, in checkout
2026-09-10T18:00:02.773912698Z     return create_order(
2026-09-10T18:00:02.773914702Z         db=db,
2026-09-10T18:00:02.773916646Z     ...<2 lines>...
2026-09-10T18:00:02.773918569Z         correlation_id=correlation_id,
2026-09-10T18:00:02.773920583Z     )
2026-09-10T18:00:02.773922618Z   File "/app/app/services/order_service.py", line 42, in create_order
2026-09-10T18:00:02.773924602Z     result = db.execute(
2026-09-10T18:00:02.773926596Z         select(ProductModel).where(ProductModel.id == product_id)
2026-09-10T18:00:02.773928539Z     )
2026-09-10T18:00:02.773930503Z   File "/usr/local/lib/python3.13/site-packages/sqlalchemy/orm/session.py", line 2372, in execute
2026-09-10T18:00:02.773932447Z     return self._execute_internal(
2026-09-10T18:00:02.773934391Z            ~~~~~~~~~~~~~~~~~~~~~~^
2026-09-10T18:00:02.773936305Z         statement,
2026-09-10T18:00:02.773938269Z         ^^^^^^^^^^
2026-09-10T18:00:02.773940213Z     ...<4 lines>...
2026-09-10T18:00:02.773942137Z         _add_event=_add_event,
2026-09-10T18:00:02.773944081Z         ^^^^^^^^^^^^^^^^^^^^^^
2026-09-10T18:00:02.773945995Z     )
2026-09-10T18:00:02.773947908Z     ^
2026-09-10T18:00:02.773949882Z   File "/usr/local/lib/python3.13/site-packages/sqlalchemy/orm/session.py", line 2260, in _execute_internal
2026-09-10T18:00:02.773951896Z     conn = self._connection_for_bind(bind)
2026-09-10T18:00:02.773953920Z   File "/usr/local/lib/python3.13/site-packages/sqlalchemy/orm/session.py", line 2112, in _connection_for_bind
2026-09-10T18:00:02.773965123Z     return trans._connection_for_bind(engine, execution_options)
2026-09-10T18:00:02.773967287Z            ~~~~~~~~~~~~~~~~~~~~~~~~~~^^^^^^^^^^^^^^^^^^^^^^^^^^^
2026-09-10T18:00:02.773969251Z   File "<string>", line 2, in _connection_for_bind
2026-09-10T18:00:02.773971285Z   File "/usr/local/lib/python3.13/site-packages/sqlalchemy/orm/state_changes.py", line 137, in _go
2026-09-10T18:00:02.773973620Z     ret_value = fn(self, *arg, **kw)
2026-09-10T18:00:02.773975594Z   File "/usr/local/lib/python3.13/site-packages/sqlalchemy/orm/session.py", line 1191, in _connection_for_bind
2026-09-10T18:00:02.773977528Z     conn = bind.connect()
2026-09-10T18:00:02.773980073Z   File "/usr/local/lib/python3.13/site-packages/opentelemetry/instrumentation/sqlalchemy/engine.py", line 200, in _wrap_connect_internal
2026-09-10T18:00:02.773982007Z     return func(*args, **kwargs)
2026-09-10T18:00:02.773984031Z   File "/usr/local/lib/python3.13/site-packages/sqlalchemy/engine/base.py", line 3295, in connect
2026-09-10T18:00:02.773986065Z     return self._connection_cls(self)
2026-09-10T18:00:02.773988009Z            ~~~~~~~~~~~~~~~~~~~~^^^^^^
2026-09-10T18:00:02.773989993Z   File "/usr/local/lib/python3.13/site-packages/sqlalchemy/engine/base.py", line 144, in __init__
2026-09-10T18:00:02.773992007Z     self._dbapi_connection = engine.raw_connection()
2026-09-10T18:00:02.773994031Z                              ~~~~~~~~~~~~~~~~~~~~~^^
2026-09-10T18:00:02.773995985Z   File "/usr/local/lib/python3.13/site-packages/sqlalchemy/engine/base.py", line 3319, in raw_connection
2026-09-10T18:00:02.773997939Z     return self.pool.connect()
2026-09-10T18:00:02.774004642Z            ~~~~~~~~~~~~~~~~~^^
2026-09-10T18:00:02.774006646Z   File "/usr/local/lib/python3.13/site-packages/sqlalchemy/pool/base.py", line 448, in connect
2026-09-10T18:00:02.774008620Z     return _ConnectionFairy._checkout(self)
2026-09-10T18:00:02.774010685Z            ~~~~~~~~~~~~~~~~~~~~~~~~~~^^^^^^
2026-09-10T18:00:02.774012679Z   File "/usr/local/lib/python3.13/site-packages/sqlalchemy/pool/base.py", line 1272, in _checkout
2026-09-10T18:00:02.774014622Z     fairy = _ConnectionRecord.checkout(pool)
2026-09-10T18:00:02.774016576Z   File "/usr/local/lib/python3.13/site-packages/sqlalchemy/pool/base.py", line 712, in checkout
2026-09-10T18:00:02.774018841Z     rec = pool._do_get()
2026-09-10T18:00:02.774021366Z   File "/usr/local/lib/python3.13/site-packages/sqlalchemy/pool/impl.py", line 167, in _do_get
2026-09-10T18:00:02.774023671Z     raise exc.TimeoutError(
2026-09-10T18:00:02.774027178Z     ...<4 lines>...
2026-09-10T18:00:02.774032188Z     )
2026-09-10T18:00:02.774035324Z sqlalchemy.exc.TimeoutError: QueuePool limit of size 5 overflow 10 reached, connection timed out, timeout 30.00 (Background on this error at: https://sqlalche.me/e/20/3o7r)
2026-09-10T18:00:03.173843851Z ERROR:    Exception in ASGI application
2026-09-10T18:00:03.173889131Z Traceback (most recent call last):
2026-09-10T18:00:03.173892037Z   File "/usr/local/lib/python3.13/site-packages/uvicorn/protocols/http/httptools_impl.py", line 421, in run_asgi
2026-09-10T18:00:03.173894822Z     result = await app(  # type: ignore[func-returns-value]
2026-09-10T18:00:03.173896766Z              ^^^^^^^^^^^^^^^^^^^^^^^^^^^^^^^^^^^^^^^^^^^^^^
2026-09-10T18:00:03.173898860Z         self.scope, self.receive, self.send
2026-09-10T18:00:03.173900774Z         ^^^^^^^^^^^^^^^^^^^^^^^^^^^^^^^^^^^
2026-09-10T18:00:03.173902969Z     )
2026-09-10T18:00:03.173904932Z     ^
2026-09-10T18:00:03.173906896Z   File "/usr/local/lib/python3.13/site-packages/uvicorn/middleware/proxy_headers.py", line 63, in __call__
2026-09-10T18:00:03.173927818Z     return await self.app(scope, receive, send)
2026-09-10T18:00:03.173929852Z            ^^^^^^^^^^^^^^^^^^^^^^^^^^^^^^^^^^^^
2026-09-10T18:00:03.173934782Z   File "/usr/local/lib/python3.13/site-packages/fastapi/applications.py", line 1159, in __call__
2026-09-10T18:00:03.173936766Z     await super().__call__(scope, receive, send)
2026-09-10T18:00:03.173938680Z   File "/usr/local/lib/python3.13/site-packages/starlette/applications.py", line 107, in __call__
2026-09-10T18:00:03.173940724Z     await self.middleware_stack(scope, receive, send)
2026-09-10T18:00:03.173942657Z   File "/usr/local/lib/python3.13/site-packages/starlette/middleware/errors.py", line 186, in __call__
2026-09-10T18:00:03.173944611Z     raise exc
2026-09-10T18:00:03.173946575Z   File "/usr/local/lib/python3.13/site-packages/starlette/middleware/errors.py", line 164, in __call__
2026-09-10T18:00:03.173948559Z     await self.app(scope, receive, _send)
2026-09-10T18:00:03.173951545Z   File "/usr/local/lib/python3.13/site-packages/opentelemetry/instrumentation/asgi/__init__.py", line 806, in __call__
2026-09-10T18:00:03.173953639Z     await self.app(scope, otel_receive, otel_send)
2026-09-10T18:00:03.173955543Z   File "/usr/local/lib/python3.13/site-packages/starlette/middleware/errors.py", line 186, in __call__
2026-09-10T18:00:03.173957607Z     raise exc
2026-09-10T18:00:03.173959531Z   File "/usr/local/lib/python3.13/site-packages/starlette/middleware/errors.py", line 164, in __call__
2026-09-10T18:00:03.173961435Z     await self.app(scope, receive, _send)
2026-09-10T18:00:03.173963339Z   File "/usr/local/lib/python3.13/site-packages/opentelemetry/instrumentation/fastapi/__init__.py", line 305, in __call__
2026-09-10T18:00:03.173965252Z     await self.app(scope, receive, send)
2026-09-10T18:00:03.173967316Z   File "/usr/local/lib/python3.13/site-packages/prometheus_fastapi_instrumentator/middleware.py", line 177, in __call__
2026-09-10T18:00:03.173969200Z     raise exc
2026-09-10T18:00:03.173971124Z   File "/usr/local/lib/python3.13/site-packages/prometheus_fastapi_instrumentator/middleware.py", line 175, in __call__
2026-09-10T18:00:03.173973058Z     await self.app(scope, receive, send_wrapper)
2026-09-10T18:00:03.173975302Z   File "/usr/local/lib/python3.13/site-packages/starlette/middleware/exceptions.py", line 63, in __call__
2026-09-10T18:00:03.173978739Z     await wrap_app_handling_exceptions(self.app, conn)(scope, receive, send)
2026-09-10T18:00:03.173980653Z   File "/usr/local/lib/python3.13/site-packages/starlette/_exception_handler.py", line 53, in wrapped_app
2026-09-10T18:00:03.173982577Z     raise exc
2026-09-10T18:00:03.173984491Z   File "/usr/local/lib/python3.13/site-packages/starlette/_exception_handler.py", line 42, in wrapped_app
2026-09-10T18:00:03.173986444Z     await app(scope, receive, sender)
2026-09-10T18:00:03.173988378Z   File "/usr/local/lib/python3.13/site-packages/fastapi/middleware/asyncexitstack.py", line 18, in __call__
2026-09-10T18:00:03.173990282Z     await self.app(scope, receive, send)
2026-09-10T18:00:03.173992206Z   File "/usr/local/lib/python3.13/site-packages/starlette/routing.py", line 716, in __call__
2026-09-10T18:00:03.173994110Z     await self.middleware_stack(scope, receive, send)
2026-09-10T18:00:03.173996054Z   File "/usr/local/lib/python3.13/site-packages/starlette/routing.py", line 736, in app
2026-09-10T18:00:03.173998047Z     await route.handle(scope, receive, send)
2026-09-10T18:00:03.174000021Z   File "/usr/local/lib/python3.13/site-packages/starlette/routing.py", line 290, in handle
2026-09-10T18:00:03.174001925Z     await self.app(scope, receive, send)
2026-09-10T18:00:03.174003839Z   File "/usr/local/lib/python3.13/site-packages/fastapi/routing.py", line 134, in app
2026-09-10T18:00:03.174010542Z     await wrap_app_handling_exceptions(app, request)(scope, receive, send)
2026-09-10T18:00:03.174012586Z   File "/usr/local/lib/python3.13/site-packages/starlette/_exception_handler.py", line 53, in wrapped_app
2026-09-10T18:00:03.174014650Z     raise exc
2026-09-10T18:00:03.174016664Z   File "/usr/local/lib/python3.13/site-packages/starlette/_exception_handler.py", line 42, in wrapped_app
2026-09-10T18:00:03.174018588Z     await app(scope, receive, sender)
2026-09-10T18:00:03.174020482Z   File "/usr/local/lib/python3.13/site-packages/fastapi/routing.py", line 120, in app
2026-09-10T18:00:03.174022937Z     response = await f(request)
2026-09-10T18:00:03.174024841Z                ^^^^^^^^^^^^^^^^
2026-09-10T18:00:03.174026765Z   File "/usr/local/lib/python3.13/site-packages/fastapi/routing.py", line 674, in app
2026-09-10T18:00:03.174028668Z     raw_response = await run_endpoint_function(
2026-09-10T18:00:03.174030552Z                    ^^^^^^^^^^^^^^^^^^^^^^^^^^^^
2026-09-10T18:00:03.174033207Z     ...<3 lines>...
2026-09-10T18:00:03.174035111Z     )
2026-09-10T18:00:03.174037035Z     ^
2026-09-10T18:00:03.174038959Z   File "/usr/local/lib/python3.13/site-packages/fastapi/routing.py", line 330, in run_endpoint_function
2026-09-10T18:00:03.174040863Z     return await run_in_threadpool(dependant.call, **values)
2026-09-10T18:00:03.174042806Z            ^^^^^^^^^^^^^^^^^^^^^^^^^^^^^^^^^^^^^^^^^^^^^^^^^
2026-09-10T18:00:03.174062365Z   File "/usr/local/lib/python3.13/site-packages/starlette/concurrency.py", line 32, in run_in_threadpool
2026-09-10T18:00:03.174064570Z     return await anyio.to_thread.run_sync(func)
2026-09-10T18:00:03.174066524Z            ^^^^^^^^^^^^^^^^^^^^^^^^^^^^^^^^^^^^
2026-09-10T18:00:03.174068477Z   File "/usr/local/lib/python3.13/site-packages/anyio/to_thread.py", line 63, in run_sync
2026-09-10T18:00:03.174070451Z     return await get_async_backend().run_sync_in_worker_thread(
2026-09-10T18:00:03.174072395Z            ^^^^^^^^^^^^^^^^^^^^^^^^^^^^^^^^^^^^^^^^^^^^^^^^^^^^
2026-09-10T18:00:03.174074359Z         func, args, abandon_on_cancel=abandon_on_cancel, limiter=limiter
2026-09-10T18:00:03.174076283Z         ^^^^^^^^^^^^^^^^^^^^^^^^^^^^^^^^^^^^^^^^^^^^^^^^^^^^^^^^^^^^^^^^
2026-09-10T18:00:03.174078207Z     )
2026-09-10T18:00:03.174080131Z     ^
2026-09-10T18:00:03.174082125Z   File "/usr/local/lib/python3.13/site-packages/anyio/_backends/_asyncio.py", line 2518, in run_sync_in_worker_thread
2026-09-10T18:00:03.174084058Z     return await future
2026-09-10T18:00:03.174086223Z            ^^^^^^^^^^^^
2026-09-10T18:00:03.174088106Z   File "/usr/local/lib/python3.13/site-packages/anyio/_backends/_asyncio.py", line 1002, in run
2026-09-10T18:00:03.174090110Z     result = context.run(func, *args)
2026-09-10T18:00:03.174092054Z   File "/app/app/routers/orders.py", line 36, in checkout
2026-09-10T18:00:03.174093978Z     return create_order(
2026-09-10T18:00:03.174095922Z         db=db,
2026-09-10T18:00:03.174097876Z     ...<2 lines>...
2026-09-10T18:00:03.174099800Z         correlation_id=correlation_id,
2026-09-10T18:00:03.174101733Z     )
2026-09-10T18:00:03.174103687Z   File "/app/app/services/order_service.py", line 42, in create_order
2026-09-10T18:00:03.174105651Z     result = db.execute(
2026-09-10T18:00:03.174107565Z         select(ProductModel).where(ProductModel.id == product_id)
2026-09-10T18:00:03.174109489Z     )
2026-09-10T18:00:03.174111423Z   File "/usr/local/lib/python3.13/site-packages/sqlalchemy/orm/session.py", line 2372, in execute
2026-09-10T18:00:03.174113337Z     return self._execute_internal(
2026-09-10T18:00:03.174115250Z            ~~~~~~~~~~~~~~~~~~~~~~^
2026-09-10T18:00:03.174128567Z         statement,
2026-09-10T18:00:03.174130711Z         ^^^^^^^^^^
2026-09-10T18:00:03.174132775Z     ...<4 lines>...
2026-09-10T18:00:03.174134699Z         _add_event=_add_event,
2026-09-10T18:00:03.174136623Z         ^^^^^^^^^^^^^^^^^^^^^^
2026-09-10T18:00:03.174138547Z     )
2026-09-10T18:00:03.174140450Z     ^
2026-09-10T18:00:03.174142404Z   File "/usr/local/lib/python3.13/site-packages/sqlalchemy/orm/session.py", line 2260, in _execute_internal
2026-09-10T18:00:03.174144358Z     conn = self._connection_for_bind(bind)
2026-09-10T18:00:03.174146312Z   File "/usr/local/lib/python3.13/site-packages/sqlalchemy/orm/session.py", line 2112, in _connection_for_bind
2026-09-10T18:00:03.174148266Z     return trans._connection_for_bind(engine, execution_options)
2026-09-10T18:00:03.174150190Z            ~~~~~~~~~~~~~~~~~~~~~~~~~~^^^^^^^^^^^^^^^^^^^^^^^^^^^
2026-09-10T18:00:03.174152174Z   File "<string>", line 2, in _connection_for_bind
2026-09-10T18:00:03.174154108Z   File "/usr/local/lib/python3.13/site-packages/sqlalchemy/orm/state_changes.py", line 137, in _go
2026-09-10T18:00:03.174156021Z     ret_value = fn(self, *arg, **kw)
2026-09-10T18:00:03.174158065Z   File "/usr/local/lib/python3.13/site-packages/sqlalchemy/orm/session.py", line 1191, in _connection_for_bind
2026-09-10T18:00:03.174159989Z     conn = bind.connect()
2026-09-10T18:00:03.174162474Z   File "/usr/local/lib/python3.13/site-packages/opentelemetry/instrumentation/sqlalchemy/engine.py", line 200, in _wrap_connect_internal
2026-09-10T18:00:03.174164438Z     return func(*args, **kwargs)
2026-09-10T18:00:03.174166352Z   File "/usr/local/lib/python3.13/site-packages/sqlalchemy/engine/base.py", line 3295, in connect
2026-09-10T18:00:03.174168266Z     return self._connection_cls(self)
2026-09-10T18:00:03.174170169Z            ~~~~~~~~~~~~~~~~~~~~^^^^^^
2026-09-10T18:00:03.174172083Z   File "/usr/local/lib/python3.13/site-packages/sqlalchemy/engine/base.py", line 144, in __init__
2026-09-10T18:00:03.174174107Z     self._dbapi_connection = engine.raw_connection()
2026-09-10T18:00:03.174176031Z                              ~~~~~~~~~~~~~~~~~~~~~^^
2026-09-10T18:00:03.174178025Z   File "/usr/local/lib/python3.13/site-packages/sqlalchemy/engine/base.py", line 3319, in raw_connection
2026-09-10T18:00:03.174179969Z     return self.pool.connect()
2026-09-10T18:00:03.174181883Z            ~~~~~~~~~~~~~~~~~^^
2026-09-10T18:00:03.174183807Z   File "/usr/local/lib/python3.13/site-packages/sqlalchemy/pool/base.py", line 448, in connect
2026-09-10T18:00:03.174185720Z     return _ConnectionFairy._checkout(self)
2026-09-10T18:00:03.174187644Z            ~~~~~~~~~~~~~~~~~~~~~~~~~~^^^^^^
2026-09-10T18:00:03.174189628Z   File "/usr/local/lib/python3.13/site-packages/sqlalchemy/pool/base.py", line 1272, in _checkout
2026-09-10T18:00:03.174191552Z     fairy = _ConnectionRecord.checkout(pool)
2026-09-10T18:00:03.174193476Z   File "/usr/local/lib/python3.13/site-packages/sqlalchemy/pool/base.py", line 712, in checkout
2026-09-10T18:00:03.174195400Z     rec = pool._do_get()
2026-09-10T18:00:03.174197343Z   File "/usr/local/lib/python3.13/site-packages/sqlalchemy/pool/impl.py", line 167, in _do_get
2026-09-10T18:00:03.174199277Z     raise exc.TimeoutError(
2026-09-10T18:00:03.174201201Z     ...<4 lines>...
2026-09-10T18:00:03.174203195Z     )
2026-09-10T18:00:03.174209478Z sqlalchemy.exc.TimeoutError: QueuePool limit of size 5 overflow 10 reached, connection timed out, timeout 30.00 (Background on this error at: https://sqlalche.me/e/20/3o7r)
2026-09-10T18:00:03.201276548Z ERROR:    Exception in ASGI application
2026-09-10T18:00:03.201323220Z Traceback (most recent call last):
2026-09-10T18:00:03.201356847Z   File "/usr/local/lib/python3.13/site-packages/uvicorn/protocols/http/httptools_impl.py", line 421, in run_asgi
2026-09-10T18:00:03.201362338Z     result = await app(  # type: ignore[func-returns-value]
2026-09-10T18:00:03.201366667Z              ^^^^^^^^^^^^^^^^^^^^^^^^^^^^^^^^^^^^^^^^^^^^^^
2026-09-10T18:00:03.201371486Z         self.scope, self.receive, self.send
2026-09-10T18:00:03.201375795Z         ^^^^^^^^^^^^^^^^^^^^^^^^^^^^^^^^^^^
2026-09-10T18:00:03.201380103Z     )
2026-09-10T18:00:03.201384442Z     ^
2026-09-10T18:00:03.201388831Z   File "/usr/local/lib/python3.13/site-packages/uvicorn/middleware/proxy_headers.py", line 63, in __call__
2026-09-10T18:00:03.201393149Z     return await self.app(scope, receive, send)
2026-09-10T18:00:03.201397418Z            ^^^^^^^^^^^^^^^^^^^^^^^^^^^^^^^^^^^^
2026-09-10T18:00:03.201402438Z   File "/usr/local/lib/python3.13/site-packages/fastapi/applications.py", line 1159, in __call__
2026-09-10T18:00:03.201406736Z     await super().__call__(scope, receive, send)
2026-09-10T18:00:03.201411055Z   File "/usr/local/lib/python3.13/site-packages/starlette/applications.py", line 107, in __call__
2026-09-10T18:00:03.201415464Z     await self.middleware_stack(scope, receive, send)
2026-09-10T18:00:03.201419792Z   File "/usr/local/lib/python3.13/site-packages/starlette/middleware/errors.py", line 186, in __call__
2026-09-10T18:00:03.201424231Z     raise exc
2026-09-10T18:00:03.201428570Z   File "/usr/local/lib/python3.13/site-packages/starlette/middleware/errors.py", line 164, in __call__
2026-09-10T18:00:03.201432948Z     await self.app(scope, receive, _send)
2026-09-10T18:00:03.201438299Z   File "/usr/local/lib/python3.13/site-packages/opentelemetry/instrumentation/asgi/__init__.py", line 806, in __call__
2026-09-10T18:00:03.201442628Z     await self.app(scope, otel_receive, otel_send)
2026-09-10T18:00:03.201446936Z   File "/usr/local/lib/python3.13/site-packages/starlette/middleware/errors.py", line 186, in __call__
2026-09-10T18:00:03.201451245Z     raise exc
2026-09-10T18:00:03.201455533Z   File "/usr/local/lib/python3.13/site-packages/starlette/middleware/errors.py", line 164, in __call__
2026-09-10T18:00:03.201459902Z     await self.app(scope, receive, _send)
2026-09-10T18:00:03.201464191Z   File "/usr/local/lib/python3.13/site-packages/opentelemetry/instrumentation/fastapi/__init__.py", line 305, in __call__
2026-09-10T18:00:03.201468509Z     await self.app(scope, receive, send)
2026-09-10T18:00:03.201472808Z   File "/usr/local/lib/python3.13/site-packages/prometheus_fastapi_instrumentator/middleware.py", line 177, in __call__
2026-09-10T18:00:03.201477096Z     raise exc
2026-09-10T18:00:03.201481325Z   File "/usr/local/lib/python3.13/site-packages/prometheus_fastapi_instrumentator/middleware.py", line 175, in __call__
2026-09-10T18:00:03.201485593Z     await self.app(scope, receive, send_wrapper)
2026-09-10T18:00:03.201489882Z   File "/usr/local/lib/python3.13/site-packages/starlette/middleware/exceptions.py", line 63, in __call__
2026-09-10T18:00:03.201495012Z     await wrap_app_handling_exceptions(self.app, conn)(scope, receive, send)
2026-09-10T18:00:03.201499300Z   File "/usr/local/lib/python3.13/site-packages/starlette/_exception_handler.py", line 53, in wrapped_app
2026-09-10T18:00:03.201503629Z     raise exc
2026-09-10T18:00:03.201507897Z   File "/usr/local/lib/python3.13/site-packages/starlette/_exception_handler.py", line 42, in wrapped_app
2026-09-10T18:00:03.201515322Z     await app(scope, receive, sender)
2026-09-10T18:00:03.201519741Z   File "/usr/local/lib/python3.13/site-packages/fastapi/middleware/asyncexitstack.py", line 18, in __call__
2026-09-10T18:00:03.201524200Z     await self.app(scope, receive, send)
2026-09-10T18:00:03.201538658Z   File "/usr/local/lib/python3.13/site-packages/starlette/routing.py", line 716, in __call__
2026-09-10T18:00:03.201543077Z     await self.middleware_stack(scope, receive, send)
2026-09-10T18:00:03.201547416Z   File "/usr/local/lib/python3.13/site-packages/starlette/routing.py", line 736, in app
2026-09-10T18:00:03.201551755Z     await route.handle(scope, receive, send)
2026-09-10T18:00:03.201556083Z   File "/usr/local/lib/python3.13/site-packages/starlette/routing.py", line 290, in handle
2026-09-10T18:00:03.201560903Z     await self.app(scope, receive, send)
2026-09-10T18:00:03.201565572Z   File "/usr/local/lib/python3.13/site-packages/fastapi/routing.py", line 134, in app
2026-09-10T18:00:03.201569881Z     await wrap_app_handling_exceptions(app, request)(scope, receive, send)
2026-09-10T18:00:03.201574650Z   File "/usr/local/lib/python3.13/site-packages/starlette/_exception_handler.py", line 53, in wrapped_app
2026-09-10T18:00:03.201579409Z     raise exc
2026-09-10T18:00:03.201583748Z   File "/usr/local/lib/python3.13/site-packages/starlette/_exception_handler.py", line 42, in wrapped_app
2026-09-10T18:00:03.201588037Z     await app(scope, receive, sender)
2026-09-10T18:00:03.201592275Z   File "/usr/local/lib/python3.13/site-packages/fastapi/routing.py", line 120, in app
2026-09-10T18:00:03.201597075Z     response = await f(request)
2026-09-10T18:00:03.201601393Z                ^^^^^^^^^^^^^^^^
2026-09-10T18:00:03.201605712Z   File "/usr/local/lib/python3.13/site-packages/fastapi/routing.py", line 674, in app
2026-09-10T18:00:03.201609990Z     raw_response = await run_endpoint_function(
2026-09-10T18:00:03.201614329Z                    ^^^^^^^^^^^^^^^^^^^^^^^^^^^^
2026-09-10T18:00:03.201618988Z     ...<3 lines>...
2026-09-10T18:00:03.201623377Z     )
2026-09-10T18:00:03.201629729Z     ^
2026-09-10T18:00:03.201634118Z   File "/usr/local/lib/python3.13/site-packages/fastapi/routing.py", line 330, in run_endpoint_function
2026-09-10T18:00:03.201638467Z     return await run_in_threadpool(dependant.call, **values)
2026-09-10T18:00:03.201642805Z            ^^^^^^^^^^^^^^^^^^^^^^^^^^^^^^^^^^^^^^^^^^^^^^^^^
2026-09-10T18:00:03.201706893Z   File "/usr/local/lib/python3.13/site-packages/starlette/concurrency.py", line 32, in run_in_threadpool
2026-09-10T18:00:03.201721822Z     return await anyio.to_thread.run_sync(func)
2026-09-10T18:00:03.201726402Z            ^^^^^^^^^^^^^^^^^^^^^^^^^^^^^^^^^^^^
2026-09-10T18:00:03.201730660Z   File "/usr/local/lib/python3.13/site-packages/anyio/to_thread.py", line 63, in run_sync
2026-09-10T18:00:03.201734969Z     return await get_async_backend().run_sync_in_worker_thread(
2026-09-10T18:00:03.201739287Z            ^^^^^^^^^^^^^^^^^^^^^^^^^^^^^^^^^^^^^^^^^^^^^^^^^^^^
2026-09-10T18:00:03.201743616Z         func, args, abandon_on_cancel=abandon_on_cancel, limiter=limiter
2026-09-10T18:00:03.201747864Z         ^^^^^^^^^^^^^^^^^^^^^^^^^^^^^^^^^^^^^^^^^^^^^^^^^^^^^^^^^^^^^^^^
2026-09-10T18:00:03.201752273Z     )
2026-09-10T18:00:03.201756592Z     ^
2026-09-10T18:00:03.201760890Z   File "/usr/local/lib/python3.13/site-packages/anyio/_backends/_asyncio.py", line 2518, in run_sync_in_worker_thread
2026-09-10T18:00:03.201765209Z     return await future
2026-09-10T18:00:03.201769457Z            ^^^^^^^^^^^^
2026-09-10T18:00:03.201773736Z   File "/usr/local/lib/python3.13/site-packages/anyio/_backends/_asyncio.py", line 1002, in run
2026-09-10T18:00:03.201777994Z     result = context.run(func, *args)
2026-09-10T18:00:03.201784026Z   File "/app/app/routers/orders.py", line 36, in checkout
2026-09-10T18:00:03.201788455Z     return create_order(
2026-09-10T18:00:03.201792834Z         db=db,
2026-09-10T18:00:03.201814416Z     ...<2 lines>...
2026-09-10T18:00:03.201818865Z         correlation_id=correlation_id,
2026-09-10T18:00:03.201823174Z     )
2026-09-10T18:00:03.201827583Z   File "/app/app/services/order_service.py", line 42, in create_order
2026-09-10T18:00:03.201831851Z     result = db.execute(
2026-09-10T18:00:03.201836140Z         select(ProductModel).where(ProductModel.id == product_id)
2026-09-10T18:00:03.201840518Z     )
2026-09-10T18:00:03.201844837Z   File "/usr/local/lib/python3.13/site-packages/sqlalchemy/orm/session.py", line 2372, in execute
2026-09-10T18:00:03.201849115Z     return self._execute_internal(
2026-09-10T18:00:03.201853394Z            ~~~~~~~~~~~~~~~~~~~~~~^
2026-09-10T18:00:03.201857682Z         statement,
2026-09-10T18:00:03.201861981Z         ^^^^^^^^^^
2026-09-10T18:00:03.201866259Z     ...<4 lines>...
2026-09-10T18:00:03.201870538Z         _add_event=_add_event,
2026-09-10T18:00:03.201874846Z         ^^^^^^^^^^^^^^^^^^^^^^
2026-09-10T18:00:03.201879085Z     )
2026-09-10T18:00:03.201883403Z     ^
2026-09-10T18:00:03.201887812Z   File "/usr/local/lib/python3.13/site-packages/sqlalchemy/orm/session.py", line 2260, in _execute_internal
2026-09-10T18:00:03.201892331Z     conn = self._connection_for_bind(bind)
2026-09-10T18:00:03.201896680Z   File "/usr/local/lib/python3.13/site-packages/sqlalchemy/orm/session.py", line 2112, in _connection_for_bind
2026-09-10T18:00:03.201901018Z     return trans._connection_for_bind(engine, execution_options)
2026-09-10T18:00:03.201905307Z            ~~~~~~~~~~~~~~~~~~~~~~~~~~^^^^^^^^^^^^^^^^^^^^^^^^^^^
2026-09-10T18:00:03.201909626Z   File "<string>", line 2, in _connection_for_bind
2026-09-10T18:00:03.201913924Z   File "/usr/local/lib/python3.13/site-packages/sqlalchemy/orm/state_changes.py", line 137, in _go
2026-09-10T18:00:03.201918243Z     ret_value = fn(self, *arg, **kw)
2026-09-10T18:00:03.201922511Z   File "/usr/local/lib/python3.13/site-packages/sqlalchemy/orm/session.py", line 1191, in _connection_for_bind
2026-09-10T18:00:03.201926820Z     conn = bind.connect()
2026-09-10T18:00:03.201931790Z   File "/usr/local/lib/python3.13/site-packages/opentelemetry/instrumentation/sqlalchemy/engine.py", line 200, in _wrap_connect_internal
2026-09-10T18:00:03.201936128Z     return func(*args, **kwargs)
2026-09-10T18:00:03.201940397Z   File "/usr/local/lib/python3.13/site-packages/sqlalchemy/engine/base.py", line 3295, in connect
2026-09-10T18:00:03.201944745Z     return self._connection_cls(self)
2026-09-10T18:00:03.201949034Z            ~~~~~~~~~~~~~~~~~~~~^^^^^^
2026-09-10T18:00:03.201953322Z   File "/usr/local/lib/python3.13/site-packages/sqlalchemy/engine/base.py", line 144, in __init__
2026-09-10T18:00:03.201957591Z     self._dbapi_connection = engine.raw_connection()
2026-09-10T18:00:03.201961859Z                              ~~~~~~~~~~~~~~~~~~~~~^^
2026-09-10T18:00:03.201966068Z   File "/usr/local/lib/python3.13/site-packages/sqlalchemy/engine/base.py", line 3319, in raw_connection
2026-09-10T18:00:03.201970336Z     return self.pool.connect()
2026-09-10T18:00:03.201974545Z            ~~~~~~~~~~~~~~~~~^^
2026-09-10T18:00:03.201978843Z   File "/usr/local/lib/python3.13/site-packages/sqlalchemy/pool/base.py", line 448, in connect
2026-09-10T18:00:03.201983142Z     return _ConnectionFairy._checkout(self)
2026-09-10T18:00:03.201987460Z            ~~~~~~~~~~~~~~~~~~~~~~~~~~^^^^^^
2026-09-10T18:00:03.201991709Z   File "/usr/local/lib/python3.13/site-packages/sqlalchemy/pool/base.py", line 1272, in _checkout
2026-09-10T18:00:03.201995987Z     fairy = _ConnectionRecord.checkout(pool)
2026-09-10T18:00:03.202000216Z   File "/usr/local/lib/python3.13/site-packages/sqlalchemy/pool/base.py", line 712, in checkout
2026-09-10T18:00:03.202014304Z     rec = pool._do_get()
2026-09-10T18:00:03.202018632Z   File "/usr/local/lib/python3.13/site-packages/sqlalchemy/pool/impl.py", line 167, in _do_get
2026-09-10T18:00:03.202022901Z     raise exc.TimeoutError(
2026-09-10T18:00:03.202027189Z     ...<4 lines>...
2026-09-10T18:00:03.202031518Z     )
2026-09-10T18:00:03.202036407Z sqlalchemy.exc.TimeoutError: QueuePool limit of size 5 overflow 10 reached, connection timed out, timeout 30.00 (Background on this error at: https://sqlalche.me/e/20/3o7r)
2026-09-10T18:00:03.315674403Z ERROR:    Exception in ASGI application
2026-09-10T18:00:03.315710685Z Traceback (most recent call last):
2026-09-10T18:00:03.315713741Z   File "/usr/local/lib/python3.13/site-packages/uvicorn/protocols/http/httptools_impl.py", line 421, in run_asgi
2026-09-10T18:00:03.315716436Z     result = await app(  # type: ignore[func-returns-value]
2026-09-10T18:00:03.315718380Z              ^^^^^^^^^^^^^^^^^^^^^^^^^^^^^^^^^^^^^^^^^^^^^^
2026-09-10T18:00:03.315720314Z         self.scope, self.receive, self.send
2026-09-10T18:00:03.315722208Z         ^^^^^^^^^^^^^^^^^^^^^^^^^^^^^^^^^^^
2026-09-10T18:00:03.315724192Z     )
2026-09-10T18:00:03.315726146Z     ^
2026-09-10T18:00:03.315728069Z   File "/usr/local/lib/python3.13/site-packages/uvicorn/middleware/proxy_headers.py", line 63, in __call__
2026-09-10T18:00:03.315730013Z     return await self.app(scope, receive, send)
2026-09-10T18:00:03.315731967Z            ^^^^^^^^^^^^^^^^^^^^^^^^^^^^^^^^^^^^
2026-09-10T18:00:03.315734572Z   File "/usr/local/lib/python3.13/site-packages/fastapi/applications.py", line 1159, in __call__
2026-09-10T18:00:03.315736546Z     await super().__call__(scope, receive, send)
2026-09-10T18:00:03.315738470Z   File "/usr/local/lib/python3.13/site-packages/starlette/applications.py", line 107, in __call__
2026-09-10T18:00:03.315740394Z     await self.middleware_stack(scope, receive, send)
2026-09-10T18:00:03.315742648Z   File "/usr/local/lib/python3.13/site-packages/starlette/middleware/errors.py", line 186, in __call__
2026-09-10T18:00:03.315744672Z     raise exc
2026-09-10T18:00:03.315746606Z   File "/usr/local/lib/python3.13/site-packages/starlette/middleware/errors.py", line 164, in __call__
2026-09-10T18:00:03.315748590Z     await self.app(scope, receive, _send)
2026-09-10T18:00:03.315751195Z   File "/usr/local/lib/python3.13/site-packages/opentelemetry/instrumentation/asgi/__init__.py", line 806, in __call__
2026-09-10T18:00:03.315753129Z     await self.app(scope, otel_receive, otel_send)
2026-09-10T18:00:03.315755033Z   File "/usr/local/lib/python3.13/site-packages/starlette/middleware/errors.py", line 186, in __call__
2026-09-10T18:00:03.315756947Z     raise exc
2026-09-10T18:00:03.315758841Z   File "/usr/local/lib/python3.13/site-packages/starlette/middleware/errors.py", line 164, in __call__
2026-09-10T18:00:03.315760714Z     await self.app(scope, receive, _send)
2026-09-10T18:00:03.315762618Z   File "/usr/local/lib/python3.13/site-packages/opentelemetry/instrumentation/fastapi/__init__.py", line 305, in __call__
2026-09-10T18:00:03.315765013Z     await self.app(scope, receive, send)
2026-09-10T18:00:03.315766937Z   File "/usr/local/lib/python3.13/site-packages/prometheus_fastapi_instrumentator/middleware.py", line 177, in __call__
2026-09-10T18:00:03.315768861Z     raise exc
2026-09-10T18:00:03.315771055Z   File "/usr/local/lib/python3.13/site-packages/prometheus_fastapi_instrumentator/middleware.py", line 175, in __call__
2026-09-10T18:00:03.315772959Z     await self.app(scope, receive, send_wrapper)
2026-09-10T18:00:03.315774852Z   File "/usr/local/lib/python3.13/site-packages/starlette/middleware/exceptions.py", line 63, in __call__
2026-09-10T18:00:03.315795754Z     await wrap_app_handling_exceptions(self.app, conn)(scope, receive, send)
2026-09-10T18:00:03.315797778Z   File "/usr/local/lib/python3.13/site-packages/starlette/_exception_handler.py", line 53, in wrapped_app
2026-09-10T18:00:03.315799712Z     raise exc
2026-09-10T18:00:03.315801586Z   File "/usr/local/lib/python3.13/site-packages/starlette/_exception_handler.py", line 42, in wrapped_app
2026-09-10T18:00:03.315803489Z     await app(scope, receive, sender)
2026-09-10T18:00:03.315805413Z   File "/usr/local/lib/python3.13/site-packages/fastapi/middleware/asyncexitstack.py", line 18, in __call__
2026-09-10T18:00:03.315807327Z     await self.app(scope, receive, send)
2026-09-10T18:00:03.315809231Z   File "/usr/local/lib/python3.13/site-packages/starlette/routing.py", line 716, in __call__
2026-09-10T18:00:03.315811145Z     await self.middleware_stack(scope, receive, send)
2026-09-10T18:00:03.315813068Z   File "/usr/local/lib/python3.13/site-packages/starlette/routing.py", line 736, in app
2026-09-10T18:00:03.315815002Z     await route.handle(scope, receive, send)
2026-09-10T18:00:03.315816996Z   File "/usr/local/lib/python3.13/site-packages/starlette/routing.py", line 290, in handle
2026-09-10T18:00:03.315818910Z     await self.app(scope, receive, send)
2026-09-10T18:00:03.315820814Z   File "/usr/local/lib/python3.13/site-packages/fastapi/routing.py", line 134, in app
2026-09-10T18:00:03.315822687Z     await wrap_app_handling_exceptions(app, request)(scope, receive, send)
2026-09-10T18:00:03.315824591Z   File "/usr/local/lib/python3.13/site-packages/starlette/_exception_handler.py", line 53, in wrapped_app
2026-09-10T18:00:03.315826505Z     raise exc
2026-09-10T18:00:03.315828409Z   File "/usr/local/lib/python3.13/site-packages/starlette/_exception_handler.py", line 42, in wrapped_app
2026-09-10T18:00:03.315830343Z     await app(scope, receive, sender)
2026-09-10T18:00:03.315832236Z   File "/usr/local/lib/python3.13/site-packages/fastapi/routing.py", line 120, in app
2026-09-10T18:00:03.315834621Z     response = await f(request)
2026-09-10T18:00:03.315836565Z                ^^^^^^^^^^^^^^^^
2026-09-10T18:00:03.315838479Z   File "/usr/local/lib/python3.13/site-packages/fastapi/routing.py", line 674, in app
2026-09-10T18:00:03.315840383Z     raw_response = await run_endpoint_function(
2026-09-10T18:00:03.315842296Z                    ^^^^^^^^^^^^^^^^^^^^^^^^^^^^
2026-09-10T18:00:03.315844731Z     ...<3 lines>...
2026-09-10T18:00:03.315846675Z     )
2026-09-10T18:00:03.315848579Z     ^
2026-09-10T18:00:03.315850463Z   File "/usr/local/lib/python3.13/site-packages/fastapi/routing.py", line 330, in run_endpoint_function
2026-09-10T18:00:03.315852356Z     return await run_in_threadpool(dependant.call, **values)
2026-09-10T18:00:03.315854290Z            ^^^^^^^^^^^^^^^^^^^^^^^^^^^^^^^^^^^^^^^^^^^^^^^^^
2026-09-10T18:00:03.315892616Z   File "/usr/local/lib/python3.13/site-packages/starlette/concurrency.py", line 32, in run_in_threadpool
2026-09-10T18:00:03.315897286Z     return await anyio.to_thread.run_sync(func)
2026-09-10T18:00:03.315899360Z            ^^^^^^^^^^^^^^^^^^^^^^^^^^^^^^^^^^^^
2026-09-10T18:00:03.315901354Z   File "/usr/local/lib/python3.13/site-packages/anyio/to_thread.py", line 63, in run_sync
2026-09-10T18:00:03.315903258Z     return await get_async_backend().run_sync_in_worker_thread(
2026-09-10T18:00:03.315905232Z            ^^^^^^^^^^^^^^^^^^^^^^^^^^^^^^^^^^^^^^^^^^^^^^^^^^^^
2026-09-10T18:00:03.315907135Z         func, args, abandon_on_cancel=abandon_on_cancel, limiter=limiter
2026-09-10T18:00:03.315909029Z         ^^^^^^^^^^^^^^^^^^^^^^^^^^^^^^^^^^^^^^^^^^^^^^^^^^^^^^^^^^^^^^^^
2026-09-10T18:00:03.315919500Z     )
2026-09-10T18:00:03.315921504Z     ^
2026-09-10T18:00:03.315923428Z   File "/usr/local/lib/python3.13/site-packages/anyio/_backends/_asyncio.py", line 2518, in run_sync_in_worker_thread
2026-09-10T18:00:03.315925331Z     return await future
2026-09-10T18:00:03.315927245Z            ^^^^^^^^^^^^
2026-09-10T18:00:03.315929139Z   File "/usr/local/lib/python3.13/site-packages/anyio/_backends/_asyncio.py", line 1002, in run
2026-09-10T18:00:03.315931033Z     result = context.run(func, *args)
2026-09-10T18:00:03.315933197Z   File "/app/app/routers/orders.py", line 36, in checkout
2026-09-10T18:00:03.315935101Z     return create_order(
2026-09-10T18:00:03.315937005Z         db=db,
2026-09-10T18:00:03.315939119Z     ...<2 lines>...
2026-09-10T18:00:03.315941193Z         correlation_id=correlation_id,
2026-09-10T18:00:03.315943137Z     )
2026-09-10T18:00:03.315945091Z   File "/app/app/services/order_service.py", line 42, in create_order
2026-09-10T18:00:03.315946984Z     result = db.execute(
2026-09-10T18:00:03.315970621Z         select(ProductModel).where(ProductModel.id == product_id)
2026-09-10T18:00:03.315973327Z     )
2026-09-10T18:00:03.315975341Z   File "/usr/local/lib/python3.13/site-packages/sqlalchemy/orm/session.py", line 2372, in execute
2026-09-10T18:00:03.315977325Z     return self._execute_internal(
2026-09-10T18:00:03.315979269Z            ~~~~~~~~~~~~~~~~~~~~~~^
2026-09-10T18:00:03.315981233Z         statement,
2026-09-10T18:00:03.315983146Z         ^^^^^^^^^^
2026-09-10T18:00:03.315985040Z     ...<4 lines>...
2026-09-10T18:00:03.315987014Z         _add_event=_add_event,
2026-09-10T18:00:03.315988928Z         ^^^^^^^^^^^^^^^^^^^^^^
2026-09-10T18:00:03.315990842Z     )
2026-09-10T18:00:03.315992765Z     ^
2026-09-10T18:00:03.315994679Z   File "/usr/local/lib/python3.13/site-packages/sqlalchemy/orm/session.py", line 2260, in _execute_internal
2026-09-10T18:00:03.315996603Z     conn = self._connection_for_bind(bind)
2026-09-10T18:00:03.315998507Z   File "/usr/local/lib/python3.13/site-packages/sqlalchemy/orm/session.py", line 2112, in _connection_for_bind
2026-09-10T18:00:03.316000401Z     return trans._connection_for_bind(engine, execution_options)
2026-09-10T18:00:03.316002304Z            ~~~~~~~~~~~~~~~~~~~~~~~~~~^^^^^^^^^^^^^^^^^^^^^^^^^^^
2026-09-10T18:00:03.316004208Z   File "<string>", line 2, in _connection_for_bind
2026-09-10T18:00:03.316006102Z   File "/usr/local/lib/python3.13/site-packages/sqlalchemy/orm/state_changes.py", line 137, in _go
2026-09-10T18:00:03.316008026Z     ret_value = fn(self, *arg, **kw)
2026-09-10T18:00:03.316009990Z   File "/usr/local/lib/python3.13/site-packages/sqlalchemy/orm/session.py", line 1191, in _connection_for_bind
2026-09-10T18:00:03.316011903Z     conn = bind.connect()
2026-09-10T18:00:03.316014328Z   File "/usr/local/lib/python3.13/site-packages/opentelemetry/instrumentation/sqlalchemy/engine.py", line 200, in _wrap_connect_internal
2026-09-10T18:00:03.316016272Z     return func(*args, **kwargs)
2026-09-10T18:00:03.316021332Z   File "/usr/local/lib/python3.13/site-packages/sqlalchemy/engine/base.py", line 3295, in connect
2026-09-10T18:00:03.316023316Z     return self._connection_cls(self)
2026-09-10T18:00:03.316025230Z            ~~~~~~~~~~~~~~~~~~~~^^^^^^
2026-09-10T18:00:03.316027154Z   File "/usr/local/lib/python3.13/site-packages/sqlalchemy/engine/base.py", line 144, in __init__
2026-09-10T18:00:03.316029088Z     self._dbapi_connection = engine.raw_connection()
2026-09-10T18:00:03.316031001Z                              ~~~~~~~~~~~~~~~~~~~~~^^
2026-09-10T18:00:03.316032895Z   File "/usr/local/lib/python3.13/site-packages/sqlalchemy/engine/base.py", line 3319, in raw_connection
2026-09-10T18:00:03.316042504Z     return self.pool.connect()
2026-09-10T18:00:03.316044518Z            ~~~~~~~~~~~~~~~~~^^
2026-09-10T18:00:03.316046412Z   File "/usr/local/lib/python3.13/site-packages/sqlalchemy/pool/base.py", line 448, in connect
2026-09-10T18:00:03.316048306Z     return _ConnectionFairy._checkout(self)
2026-09-10T18:00:03.316050230Z            ~~~~~~~~~~~~~~~~~~~~~~~~~~^^^^^^
2026-09-10T18:00:03.316052133Z   File "/usr/local/lib/python3.13/site-packages/sqlalchemy/pool/base.py", line 1272, in _checkout
2026-09-10T18:00:03.316054027Z     fairy = _ConnectionRecord.checkout(pool)
2026-09-10T18:00:03.316055921Z   File "/usr/local/lib/python3.13/site-packages/sqlalchemy/pool/base.py", line 712, in checkout
2026-09-10T18:00:03.316057815Z     rec = pool._do_get()
2026-09-10T18:00:03.316059708Z   File "/usr/local/lib/python3.13/site-packages/sqlalchemy/pool/impl.py", line 167, in _do_get
2026-09-10T18:00:03.316061602Z     raise exc.TimeoutError(
2026-09-10T18:00:03.316063496Z     ...<4 lines>...
2026-09-10T18:00:03.316065440Z     )
2026-09-10T18:00:03.316068115Z sqlalchemy.exc.TimeoutError: QueuePool limit of size 5 overflow 10 reached, connection timed out, timeout 30.00 (Background on this error at: https://sqlalche.me/e/20/3o7r)
2026-09-10T18:00:03.372479674Z ERROR:    Exception in ASGI application
2026-09-10T18:00:03.372520636Z Traceback (most recent call last):
2026-09-10T18:00:03.372526898Z   File "/usr/local/lib/python3.13/site-packages/uvicorn/protocols/http/httptools_impl.py", line 421, in run_asgi
2026-09-10T18:00:03.372531948Z     result = await app(  # type: ignore[func-returns-value]
2026-09-10T18:00:03.372536347Z              ^^^^^^^^^^^^^^^^^^^^^^^^^^^^^^^^^^^^^^^^^^^^^^
2026-09-10T18:00:03.372540976Z         self.scope, self.receive, self.send
2026-09-10T18:00:03.372545285Z         ^^^^^^^^^^^^^^^^^^^^^^^^^^^^^^^^^^^
2026-09-10T18:00:03.372549603Z     )
2026-09-10T18:00:03.372553972Z     ^
2026-09-10T18:00:03.372621927Z   File "/usr/local/lib/python3.13/site-packages/uvicorn/middleware/proxy_headers.py", line 63, in __call__
2026-09-10T18:00:03.372626606Z     return await self.app(scope, receive, send)
2026-09-10T18:00:03.372630995Z            ^^^^^^^^^^^^^^^^^^^^^^^^^^^^^^^^^^^^
2026-09-10T18:00:03.372636797Z   File "/usr/local/lib/python3.13/site-packages/fastapi/applications.py", line 1159, in __call__
2026-09-10T18:00:03.372647347Z     await super().__call__(scope, receive, send)
2026-09-10T18:00:03.372654291Z   File "/usr/local/lib/python3.13/site-packages/starlette/applications.py", line 107, in __call__
2026-09-10T18:00:03.372658780Z     await self.middleware_stack(scope, receive, send)
2026-09-10T18:00:03.372663209Z   File "/usr/local/lib/python3.13/site-packages/starlette/middleware/errors.py", line 186, in __call__
2026-09-10T18:00:03.372667608Z     raise exc
2026-09-10T18:00:03.372673018Z   File "/usr/local/lib/python3.13/site-packages/starlette/middleware/errors.py", line 164, in __call__
2026-09-10T18:00:03.372677487Z     await self.app(scope, receive, _send)
2026-09-10T18:00:03.372682437Z   File "/usr/local/lib/python3.13/site-packages/opentelemetry/instrumentation/asgi/__init__.py", line 806, in __call__
2026-09-10T18:00:03.372686896Z     await self.app(scope, otel_receive, otel_send)
2026-09-10T18:00:03.372691195Z   File "/usr/local/lib/python3.13/site-packages/starlette/middleware/errors.py", line 186, in __call__
2026-09-10T18:00:03.372695493Z     raise exc
2026-09-10T18:00:03.372699732Z   File "/usr/local/lib/python3.13/site-packages/starlette/middleware/errors.py", line 164, in __call__
2026-09-10T18:00:03.372704060Z     await self.app(scope, receive, _send)
2026-09-10T18:00:03.372708339Z   File "/usr/local/lib/python3.13/site-packages/opentelemetry/instrumentation/fastapi/__init__.py", line 305, in __call__
2026-09-10T18:00:03.372742787Z     await self.app(scope, receive, send)
2026-09-10T18:00:03.372747346Z   File "/usr/local/lib/python3.13/site-packages/prometheus_fastapi_instrumentator/middleware.py", line 177, in __call__
2026-09-10T18:00:03.372751795Z     raise exc
2026-09-10T18:00:03.372756013Z   File "/usr/local/lib/python3.13/site-packages/prometheus_fastapi_instrumentator/middleware.py", line 175, in __call__
2026-09-10T18:00:03.372760282Z     await self.app(scope, receive, send_wrapper)
2026-09-10T18:00:03.372764570Z   File "/usr/local/lib/python3.13/site-packages/starlette/middleware/exceptions.py", line 63, in __call__
2026-09-10T18:00:03.372769290Z     await wrap_app_handling_exceptions(self.app, conn)(scope, receive, send)
2026-09-10T18:00:03.372773578Z   File "/usr/local/lib/python3.13/site-packages/starlette/_exception_handler.py", line 53, in wrapped_app
2026-09-10T18:00:03.372777797Z     raise exc
2026-09-10T18:00:03.372782025Z   File "/usr/local/lib/python3.13/site-packages/starlette/_exception_handler.py", line 42, in wrapped_app
2026-09-10T18:00:03.372786344Z     await app(scope, receive, sender)
2026-09-10T18:00:03.372790592Z   File "/usr/local/lib/python3.13/site-packages/fastapi/middleware/asyncexitstack.py", line 18, in __call__
2026-09-10T18:00:03.372794831Z     await self.app(scope, receive, send)
2026-09-10T18:00:03.372799079Z   File "/usr/local/lib/python3.13/site-packages/starlette/routing.py", line 716, in __call__
2026-09-10T18:00:03.372803337Z     await self.middleware_stack(scope, receive, send)
2026-09-10T18:00:03.372807756Z   File "/usr/local/lib/python3.13/site-packages/starlette/routing.py", line 736, in app
2026-09-10T18:00:03.372812055Z     await route.handle(scope, receive, send)
2026-09-10T18:00:03.372816453Z   File "/usr/local/lib/python3.13/site-packages/starlette/routing.py", line 290, in handle
2026-09-10T18:00:03.372820732Z     await self.app(scope, receive, send)
2026-09-10T18:00:03.372824960Z   File "/usr/local/lib/python3.13/site-packages/fastapi/routing.py", line 134, in app
2026-09-10T18:00:03.372829209Z     await wrap_app_handling_exceptions(app, request)(scope, receive, send)
2026-09-10T18:00:03.372833477Z   File "/usr/local/lib/python3.13/site-packages/starlette/_exception_handler.py", line 53, in wrapped_app
2026-09-10T18:00:03.372837706Z     raise exc
2026-09-10T18:00:03.372841944Z   File "/usr/local/lib/python3.13/site-packages/starlette/_exception_handler.py", line 42, in wrapped_app
2026-09-10T18:00:03.372846193Z     await app(scope, receive, sender)
2026-09-10T18:00:03.372850421Z   File "/usr/local/lib/python3.13/site-packages/fastapi/routing.py", line 120, in app
2026-09-10T18:00:03.372855431Z     response = await f(request)
2026-09-10T18:00:03.372859750Z                ^^^^^^^^^^^^^^^^
2026-09-10T18:00:03.372864038Z   File "/usr/local/lib/python3.13/site-packages/fastapi/routing.py", line 674, in app
2026-09-10T18:00:03.372868276Z     raw_response = await run_endpoint_function(
2026-09-10T18:00:03.372872515Z                    ^^^^^^^^^^^^^^^^^^^^^^^^^^^^
2026-09-10T18:00:03.372877354Z     ...<3 lines>...
2026-09-10T18:00:03.372881643Z     )
2026-09-10T18:00:03.372885942Z     ^
2026-09-10T18:00:03.372890260Z   File "/usr/local/lib/python3.13/site-packages/fastapi/routing.py", line 330, in run_endpoint_function
2026-09-10T18:00:03.372894549Z     return await run_in_threadpool(dependant.call, **values)
2026-09-10T18:00:03.372897595Z            ^^^^^^^^^^^^^^^^^^^^^^^^^^^^^^^^^^^^^^^^^^^^^^^^^
2026-09-10T18:00:03.372933957Z   File "/usr/local/lib/python3.13/site-packages/starlette/concurrency.py", line 32, in run_in_threadpool
2026-09-10T18:00:03.372946472Z     return await anyio.to_thread.run_sync(func)
2026-09-10T18:00:03.372948516Z            ^^^^^^^^^^^^^^^^^^^^^^^^^^^^^^^^^^^^
2026-09-10T18:00:03.372950410Z   File "/usr/local/lib/python3.13/site-packages/anyio/to_thread.py", line 63, in run_sync
2026-09-10T18:00:03.372952384Z     return await get_async_backend().run_sync_in_worker_thread(
2026-09-10T18:00:03.372954297Z            ^^^^^^^^^^^^^^^^^^^^^^^^^^^^^^^^^^^^^^^^^^^^^^^^^^^^
2026-09-10T18:00:03.372956181Z         func, args, abandon_on_cancel=abandon_on_cancel, limiter=limiter
2026-09-10T18:00:03.372958075Z         ^^^^^^^^^^^^^^^^^^^^^^^^^^^^^^^^^^^^^^^^^^^^^^^^^^^^^^^^^^^^^^^^
2026-09-10T18:00:03.372959999Z     )
2026-09-10T18:00:03.372961902Z     ^
2026-09-10T18:00:03.372963786Z   File "/usr/local/lib/python3.13/site-packages/anyio/_backends/_asyncio.py", line 2518, in run_sync_in_worker_thread
2026-09-10T18:00:03.372965700Z     return await future
2026-09-10T18:00:03.372967644Z            ^^^^^^^^^^^^
2026-09-10T18:00:03.372969548Z   File "/usr/local/lib/python3.13/site-packages/anyio/_backends/_asyncio.py", line 1002, in run
2026-09-10T18:00:03.372971431Z     result = context.run(func, *args)
2026-09-10T18:00:03.372973415Z   File "/app/app/routers/orders.py", line 36, in checkout
2026-09-10T18:00:03.372975309Z     return create_order(
2026-09-10T18:00:03.372977233Z         db=db,
2026-09-10T18:00:03.372979187Z     ...<2 lines>...
2026-09-10T18:00:03.372981331Z         correlation_id=correlation_id,
2026-09-10T18:00:03.372983255Z     )
2026-09-10T18:00:03.372985179Z   File "/app/app/services/order_service.py", line 42, in create_order
2026-09-10T18:00:03.372987083Z     result = db.execute(
2026-09-10T18:00:03.372988986Z         select(ProductModel).where(ProductModel.id == product_id)
2026-09-10T18:00:03.372990870Z     )
2026-09-10T18:00:03.372992794Z   File "/usr/local/lib/python3.13/site-packages/sqlalchemy/orm/session.py", line 2372, in execute
2026-09-10T18:00:03.372994688Z     return self._execute_internal(
2026-09-10T18:00:03.372996571Z            ~~~~~~~~~~~~~~~~~~~~~~^
2026-09-10T18:00:03.372998485Z         statement,
2026-09-10T18:00:03.373000379Z         ^^^^^^^^^^
2026-09-10T18:00:03.373002253Z     ...<4 lines>...
2026-09-10T18:00:03.373004156Z         _add_event=_add_event,
2026-09-10T18:00:03.373006040Z         ^^^^^^^^^^^^^^^^^^^^^^
2026-09-10T18:00:03.373007924Z     )
2026-09-10T18:00:03.373009828Z     ^
2026-09-10T18:00:03.373011721Z   File "/usr/local/lib/python3.13/site-packages/sqlalchemy/orm/session.py", line 2260, in _execute_internal
2026-09-10T18:00:03.373013645Z     conn = self._connection_for_bind(bind)
2026-09-10T18:00:03.373015549Z   File "/usr/local/lib/python3.13/site-packages/sqlalchemy/orm/session.py", line 2112, in _connection_for_bind
2026-09-10T18:00:03.373017453Z     return trans._connection_for_bind(engine, execution_options)
2026-09-10T18:00:03.373019347Z            ~~~~~~~~~~~~~~~~~~~~~~~~~~^^^^^^^^^^^^^^^^^^^^^^^^^^^
2026-09-10T18:00:03.373021321Z   File "<string>", line 2, in _connection_for_bind
2026-09-10T18:00:03.373023284Z   File "/usr/local/lib/python3.13/site-packages/sqlalchemy/orm/state_changes.py", line 137, in _go
2026-09-10T18:00:03.373025188Z     ret_value = fn(self, *arg, **kw)
2026-09-10T18:00:03.373027132Z   File "/usr/local/lib/python3.13/site-packages/sqlalchemy/orm/session.py", line 1191, in _connection_for_bind
2026-09-10T18:00:03.373029056Z     conn = bind.connect()
2026-09-10T18:00:03.373031721Z   File "/usr/local/lib/python3.13/site-packages/opentelemetry/instrumentation/sqlalchemy/engine.py", line 200, in _wrap_connect_internal
2026-09-10T18:00:03.373038695Z     return func(*args, **kwargs)
2026-09-10T18:00:03.373040639Z   File "/usr/local/lib/python3.13/site-packages/sqlalchemy/engine/base.py", line 3295, in connect
2026-09-10T18:00:03.373042543Z     return self._connection_cls(self)
2026-09-10T18:00:03.373044436Z            ~~~~~~~~~~~~~~~~~~~~^^^^^^
2026-09-10T18:00:03.373046350Z   File "/usr/local/lib/python3.13/site-packages/sqlalchemy/engine/base.py", line 144, in __init__
2026-09-10T18:00:03.373048274Z     self._dbapi_connection = engine.raw_connection()
2026-09-10T18:00:03.373050178Z                              ~~~~~~~~~~~~~~~~~~~~~^^
2026-09-10T18:00:03.373063765Z   File "/usr/local/lib/python3.13/site-packages/sqlalchemy/engine/base.py", line 3319, in raw_connection
2026-09-10T18:00:03.373065729Z     return self.pool.connect()
2026-09-10T18:00:03.373067643Z            ~~~~~~~~~~~~~~~~~^^
2026-09-10T18:00:03.373069556Z   File "/usr/local/lib/python3.13/site-packages/sqlalchemy/pool/base.py", line 448, in connect
2026-09-10T18:00:03.373071460Z     return _ConnectionFairy._checkout(self)
2026-09-10T18:00:03.373073354Z            ~~~~~~~~~~~~~~~~~~~~~~~~~~^^^^^^
2026-09-10T18:00:03.373075238Z   File "/usr/local/lib/python3.13/site-packages/sqlalchemy/pool/base.py", line 1272, in _checkout
2026-09-10T18:00:03.373077242Z     fairy = _ConnectionRecord.checkout(pool)
2026-09-10T18:00:03.373107031Z   File "/usr/local/lib/python3.13/site-packages/sqlalchemy/pool/base.py", line 712, in checkout
2026-09-10T18:00:03.373111660Z     rec = pool._do_get()
2026-09-10T18:00:03.373113634Z   File "/usr/local/lib/python3.13/site-packages/sqlalchemy/pool/impl.py", line 167, in _do_get
2026-09-10T18:00:03.373115568Z     raise exc.TimeoutError(
2026-09-10T18:00:03.373117482Z     ...<4 lines>...
2026-09-10T18:00:03.373119405Z     )
2026-09-10T18:00:03.373121950Z sqlalchemy.exc.TimeoutError: QueuePool limit of size 5 overflow 10 reached, connection timed out, timeout 30.00 (Background on this error at: https://sqlalche.me/e/20/3o7r)
2026-09-10T18:00:03.510282776Z ERROR:    Exception in ASGI application
2026-09-10T18:00:03.510327695Z Traceback (most recent call last):
2026-09-10T18:00:03.510330251Z   File "/usr/local/lib/python3.13/site-packages/uvicorn/protocols/http/httptools_impl.py", line 421, in run_asgi
2026-09-10T18:00:03.510333637Z     result = await app(  # type: ignore[func-returns-value]
2026-09-10T18:00:03.510335902Z              ^^^^^^^^^^^^^^^^^^^^^^^^^^^^^^^^^^^^^^^^^^^^^^
2026-09-10T18:00:03.510337866Z         self.scope, self.receive, self.send
2026-09-10T18:00:03.510339759Z         ^^^^^^^^^^^^^^^^^^^^^^^^^^^^^^^^^^^
2026-09-10T18:00:03.510341844Z     )
2026-09-10T18:00:03.510343797Z     ^
2026-09-10T18:00:03.510346082Z   File "/usr/local/lib/python3.13/site-packages/uvicorn/middleware/proxy_headers.py", line 63, in __call__
2026-09-10T18:00:03.510348056Z     return await self.app(scope, receive, send)
2026-09-10T18:00:03.510349960Z            ^^^^^^^^^^^^^^^^^^^^^^^^^^^^^^^^^^^^
2026-09-10T18:00:03.510352555Z   File "/usr/local/lib/python3.13/site-packages/fastapi/applications.py", line 1159, in __call__
2026-09-10T18:00:03.510354459Z     await super().__call__(scope, receive, send)
2026-09-10T18:00:03.510356423Z   File "/usr/local/lib/python3.13/site-packages/starlette/applications.py", line 107, in __call__
2026-09-10T18:00:03.510358396Z     await self.middleware_stack(scope, receive, send)
2026-09-10T18:00:03.510360400Z   File "/usr/local/lib/python3.13/site-packages/starlette/middleware/errors.py", line 186, in __call__
2026-09-10T18:00:03.510362374Z     raise exc
2026-09-10T18:00:03.510364408Z   File "/usr/local/lib/python3.13/site-packages/starlette/middleware/errors.py", line 164, in __call__
2026-09-10T18:00:03.510385480Z     await self.app(scope, receive, _send)
2026-09-10T18:00:03.510388116Z   File "/usr/local/lib/python3.13/site-packages/opentelemetry/instrumentation/asgi/__init__.py", line 806, in __call__
2026-09-10T18:00:03.510390059Z     await self.app(scope, otel_receive, otel_send)
2026-09-10T18:00:03.510391973Z   File "/usr/local/lib/python3.13/site-packages/starlette/middleware/errors.py", line 186, in __call__
2026-09-10T18:00:03.510394127Z     raise exc
2026-09-10T18:00:03.510396051Z   File "/usr/local/lib/python3.13/site-packages/starlette/middleware/errors.py", line 164, in __call__
2026-09-10T18:00:03.510397955Z     await self.app(scope, receive, _send)
2026-09-10T18:00:03.510403095Z   File "/usr/local/lib/python3.13/site-packages/opentelemetry/instrumentation/fastapi/__init__.py", line 305, in __call__
2026-09-10T18:00:03.510405079Z     await self.app(scope, receive, send)
2026-09-10T18:00:03.510406993Z   File "/usr/local/lib/python3.13/site-packages/prometheus_fastapi_instrumentator/middleware.py", line 177, in __call__
2026-09-10T18:00:03.510408907Z     raise exc
2026-09-10T18:00:03.510410841Z   File "/usr/local/lib/python3.13/site-packages/prometheus_fastapi_instrumentator/middleware.py", line 175, in __call__
2026-09-10T18:00:03.510412775Z     await self.app(scope, receive, send_wrapper)
2026-09-10T18:00:03.510414738Z   File "/usr/local/lib/python3.13/site-packages/starlette/middleware/exceptions.py", line 63, in __call__
2026-09-10T18:00:03.510417334Z     await wrap_app_handling_exceptions(self.app, conn)(scope, receive, send)
2026-09-10T18:00:03.510419257Z   File "/usr/local/lib/python3.13/site-packages/starlette/_exception_handler.py", line 53, in wrapped_app
2026-09-10T18:00:03.510421231Z     raise exc
2026-09-10T18:00:03.510423175Z   File "/usr/local/lib/python3.13/site-packages/starlette/_exception_handler.py", line 42, in wrapped_app
2026-09-10T18:00:03.510425069Z     await app(scope, receive, sender)
2026-09-10T18:00:03.510426973Z   File "/usr/local/lib/python3.13/site-packages/fastapi/middleware/asyncexitstack.py", line 18, in __call__
2026-09-10T18:00:03.510428877Z     await self.app(scope, receive, send)
2026-09-10T18:00:03.510430790Z   File "/usr/local/lib/python3.13/site-packages/starlette/routing.py", line 716, in __call__
2026-09-10T18:00:03.510432754Z     await self.middleware_stack(scope, receive, send)
2026-09-10T18:00:03.510434668Z   File "/usr/local/lib/python3.13/site-packages/starlette/routing.py", line 736, in app
2026-09-10T18:00:03.510436572Z     await route.handle(scope, receive, send)
2026-09-10T18:00:03.510438486Z   File "/usr/local/lib/python3.13/site-packages/starlette/routing.py", line 290, in handle
2026-09-10T18:00:03.510440379Z     await self.app(scope, receive, send)
2026-09-10T18:00:03.510442283Z   File "/usr/local/lib/python3.13/site-packages/fastapi/routing.py", line 134, in app
2026-09-10T18:00:03.510444197Z     await wrap_app_handling_exceptions(app, request)(scope, receive, send)
2026-09-10T18:00:03.510446151Z   File "/usr/local/lib/python3.13/site-packages/starlette/_exception_handler.py", line 53, in wrapped_app
2026-09-10T18:00:03.510448055Z     raise exc
2026-09-10T18:00:03.510449958Z   File "/usr/local/lib/python3.13/site-packages/starlette/_exception_handler.py", line 42, in wrapped_app
2026-09-10T18:00:03.510451892Z     await app(scope, receive, sender)
2026-09-10T18:00:03.510453776Z   File "/usr/local/lib/python3.13/site-packages/fastapi/routing.py", line 120, in app
2026-09-10T18:00:03.510456281Z     response = await f(request)
2026-09-10T18:00:03.510458175Z                ^^^^^^^^^^^^^^^^
2026-09-10T18:00:03.510460129Z   File "/usr/local/lib/python3.13/site-packages/fastapi/routing.py", line 674, in app
2026-09-10T18:00:03.510476271Z     raw_response = await run_endpoint_function(
2026-09-10T18:00:03.510478215Z                    ^^^^^^^^^^^^^^^^^^^^^^^^^^^^
2026-09-10T18:00:03.510481281Z     ...<3 lines>...
2026-09-10T18:00:03.510483194Z     )
2026-09-10T18:00:03.510485108Z     ^
2026-09-10T18:00:03.510487022Z   File "/usr/local/lib/python3.13/site-packages/fastapi/routing.py", line 330, in run_endpoint_function
2026-09-10T18:00:03.510488916Z     return await run_in_threadpool(dependant.call, **values)
2026-09-10T18:00:03.510490880Z            ^^^^^^^^^^^^^^^^^^^^^^^^^^^^^^^^^^^^^^^^^^^^^^^^^
2026-09-10T18:00:03.510519897Z   File "/usr/local/lib/python3.13/site-packages/starlette/concurrency.py", line 32, in run_in_threadpool
2026-09-10T18:00:03.510524446Z     return await anyio.to_thread.run_sync(func)
2026-09-10T18:00:03.510526450Z            ^^^^^^^^^^^^^^^^^^^^^^^^^^^^^^^^^^^^
2026-09-10T18:00:03.510528374Z   File "/usr/local/lib/python3.13/site-packages/anyio/to_thread.py", line 63, in run_sync
2026-09-10T18:00:03.510530298Z     return await get_async_backend().run_sync_in_worker_thread(
2026-09-10T18:00:03.510532212Z            ^^^^^^^^^^^^^^^^^^^^^^^^^^^^^^^^^^^^^^^^^^^^^^^^^^^^
2026-09-10T18:00:03.510534186Z         func, args, abandon_on_cancel=abandon_on_cancel, limiter=limiter
2026-09-10T18:00:03.510536100Z         ^^^^^^^^^^^^^^^^^^^^^^^^^^^^^^^^^^^^^^^^^^^^^^^^^^^^^^^^^^^^^^^^
2026-09-10T18:00:03.510538013Z     )
2026-09-10T18:00:03.510539977Z     ^
2026-09-10T18:00:03.510541891Z   File "/usr/local/lib/python3.13/site-packages/anyio/_backends/_asyncio.py", line 2518, in run_sync_in_worker_thread
2026-09-10T18:00:03.510543815Z     return await future
2026-09-10T18:00:03.510545719Z            ^^^^^^^^^^^^
2026-09-10T18:00:03.510547622Z   File "/usr/local/lib/python3.13/site-packages/anyio/_backends/_asyncio.py", line 1002, in run
2026-09-10T18:00:03.510549546Z     result = context.run(func, *args)
2026-09-10T18:00:03.510551450Z   File "/app/app/routers/orders.py", line 36, in checkout
2026-09-10T18:00:03.510553384Z     return create_order(
2026-09-10T18:00:03.510555328Z         db=db,
2026-09-10T18:00:03.510557252Z     ...<2 lines>...
2026-09-10T18:00:03.510559165Z         correlation_id=correlation_id,
2026-09-10T18:00:03.510561059Z     )
2026-09-10T18:00:03.510562973Z   File "/app/app/services/order_service.py", line 42, in create_order
2026-09-10T18:00:03.510564907Z     result = db.execute(
2026-09-10T18:00:03.510566961Z         select(ProductModel).where(ProductModel.id == product_id)
2026-09-10T18:00:03.510568895Z     )
2026-09-10T18:00:03.510570919Z   File "/usr/local/lib/python3.13/site-packages/sqlalchemy/orm/session.py", line 2372, in execute
2026-09-10T18:00:03.510572812Z     return self._execute_internal(
2026-09-10T18:00:03.510574696Z            ~~~~~~~~~~~~~~~~~~~~~~^
2026-09-10T18:00:03.510576600Z         statement,
2026-09-10T18:00:03.510578514Z         ^^^^^^^^^^
2026-09-10T18:00:03.510580438Z     ...<4 lines>...
2026-09-10T18:00:03.510582361Z         _add_event=_add_event,
2026-09-10T18:00:03.510584506Z         ^^^^^^^^^^^^^^^^^^^^^^
2026-09-10T18:00:03.510586379Z     )
2026-09-10T18:00:03.510588273Z     ^
2026-09-10T18:00:03.510590187Z   File "/usr/local/lib/python3.13/site-packages/sqlalchemy/orm/session.py", line 2260, in _execute_internal
2026-09-10T18:00:03.510610217Z     conn = self._connection_for_bind(bind)
2026-09-10T18:00:03.510614896Z   File "/usr/local/lib/python3.13/site-packages/sqlalchemy/orm/session.py", line 2112, in _connection_for_bind
2026-09-10T18:00:03.510616940Z     return trans._connection_for_bind(engine, execution_options)
2026-09-10T18:00:03.510618904Z            ~~~~~~~~~~~~~~~~~~~~~~~~~~^^^^^^^^^^^^^^^^^^^^^^^^^^^
2026-09-10T18:00:03.510631128Z   File "<string>", line 2, in _connection_for_bind
2026-09-10T18:00:03.510633102Z   File "/usr/local/lib/python3.13/site-packages/sqlalchemy/orm/state_changes.py", line 137, in _go
2026-09-10T18:00:03.510635026Z     ret_value = fn(self, *arg, **kw)
2026-09-10T18:00:03.510636940Z   File "/usr/local/lib/python3.13/site-packages/sqlalchemy/orm/session.py", line 1191, in _connection_for_bind
2026-09-10T18:00:03.510638844Z     conn = bind.connect()
2026-09-10T18:00:03.510691358Z   File "/usr/local/lib/python3.13/site-packages/opentelemetry/instrumentation/sqlalchemy/engine.py", line 200, in _wrap_connect_internal
2026-09-10T18:00:03.510693973Z     return func(*args, **kwargs)
2026-09-10T18:00:03.510695917Z   File "/usr/local/lib/python3.13/site-packages/sqlalchemy/engine/base.py", line 3295, in connect
2026-09-10T18:00:03.510697831Z     return self._connection_cls(self)
2026-09-10T18:00:03.510699765Z            ~~~~~~~~~~~~~~~~~~~~^^^^^^
2026-09-10T18:00:03.510701648Z   File "/usr/local/lib/python3.13/site-packages/sqlalchemy/engine/base.py", line 144, in __init__
2026-09-10T18:00:03.510703532Z     self._dbapi_connection = engine.raw_connection()
2026-09-10T18:00:03.510705446Z                              ~~~~~~~~~~~~~~~~~~~~~^^
2026-09-10T18:00:03.510707420Z   File "/usr/local/lib/python3.13/site-packages/sqlalchemy/engine/base.py", line 3319, in raw_connection
2026-09-10T18:00:03.510709364Z     return self.pool.connect()
2026-09-10T18:00:03.510711268Z            ~~~~~~~~~~~~~~~~~^^
2026-09-10T18:00:03.510713592Z   File "/usr/local/lib/python3.13/site-packages/sqlalchemy/pool/base.py", line 448, in connect
2026-09-10T18:00:03.510715566Z     return _ConnectionFairy._checkout(self)
2026-09-10T18:00:03.510717620Z            ~~~~~~~~~~~~~~~~~~~~~~~~~~^^^^^^
2026-09-10T18:00:03.510719524Z   File "/usr/local/lib/python3.13/site-packages/sqlalchemy/pool/base.py", line 1272, in _checkout
2026-09-10T18:00:03.510721428Z     fairy = _ConnectionRecord.checkout(pool)
2026-09-10T18:00:03.510723332Z   File "/usr/local/lib/python3.13/site-packages/sqlalchemy/pool/base.py", line 712, in checkout
2026-09-10T18:00:03.510725255Z     rec = pool._do_get()
2026-09-10T18:00:03.510727209Z   File "/usr/local/lib/python3.13/site-packages/sqlalchemy/pool/impl.py", line 167, in _do_get
2026-09-10T18:00:03.510729093Z     raise exc.TimeoutError(
2026-09-10T18:00:03.510730987Z     ...<4 lines>...
2026-09-10T18:00:03.510732901Z     )
2026-09-10T18:00:03.510735345Z sqlalchemy.exc.TimeoutError: QueuePool limit of size 5 overflow 10 reached, connection timed out, timeout 30.00 (Background on this error at: https://sqlalche.me/e/20/3o7r)
2026-09-10T18:00:03.515364022Z ERROR:    Exception in ASGI application
2026-09-10T18:00:03.515407318Z Traceback (most recent call last):
2026-09-10T18:00:03.515412889Z   File "/usr/local/lib/python3.13/site-packages/uvicorn/protocols/http/httptools_impl.py", line 421, in run_asgi
2026-09-10T18:00:03.515417979Z     result = await app(  # type: ignore[func-returns-value]
2026-09-10T18:00:03.515422258Z              ^^^^^^^^^^^^^^^^^^^^^^^^^^^^^^^^^^^^^^^^^^^^^^
2026-09-10T18:00:03.515426997Z         self.scope, self.receive, self.send
2026-09-10T18:00:03.515431516Z         ^^^^^^^^^^^^^^^^^^^^^^^^^^^^^^^^^^^
2026-09-10T18:00:03.515436045Z     )
2026-09-10T18:00:03.515440384Z     ^
2026-09-10T18:00:03.515444763Z   File "/usr/local/lib/python3.13/site-packages/uvicorn/middleware/proxy_headers.py", line 63, in __call__
2026-09-10T18:00:03.515449131Z     return await self.app(scope, receive, send)
2026-09-10T18:00:03.515453420Z            ^^^^^^^^^^^^^^^^^^^^^^^^^^^^^^^^^^^^
2026-09-10T18:00:03.515458340Z   File "/usr/local/lib/python3.13/site-packages/fastapi/applications.py", line 1159, in __call__
2026-09-10T18:00:03.515491265Z     await super().__call__(scope, receive, send)
2026-09-10T18:00:03.515495814Z   File "/usr/local/lib/python3.13/site-packages/starlette/applications.py", line 107, in __call__
2026-09-10T18:00:03.515500103Z     await self.middleware_stack(scope, receive, send)
2026-09-10T18:00:03.515504391Z   File "/usr/local/lib/python3.13/site-packages/starlette/middleware/errors.py", line 186, in __call__
2026-09-10T18:00:03.515508800Z     raise exc
2026-09-10T18:00:03.515513179Z   File "/usr/local/lib/python3.13/site-packages/starlette/middleware/errors.py", line 164, in __call__
2026-09-10T18:00:03.515517557Z     await self.app(scope, receive, _send)
2026-09-10T18:00:03.515522407Z   File "/usr/local/lib/python3.13/site-packages/opentelemetry/instrumentation/asgi/__init__.py", line 806, in __call__
2026-09-10T18:00:03.515526735Z     await self.app(scope, otel_receive, otel_send)
2026-09-10T18:00:03.515534872Z   File "/usr/local/lib/python3.13/site-packages/starlette/middleware/errors.py", line 186, in __call__
2026-09-10T18:00:03.515539320Z     raise exc
2026-09-10T18:00:03.515543749Z   File "/usr/local/lib/python3.13/site-packages/starlette/middleware/errors.py", line 164, in __call__
2026-09-10T18:00:03.515548228Z     await self.app(scope, receive, _send)
2026-09-10T18:00:03.515552517Z   File "/usr/local/lib/python3.13/site-packages/opentelemetry/instrumentation/fastapi/__init__.py", line 305, in __call__
2026-09-10T18:00:03.515557236Z     await self.app(scope, receive, send)
2026-09-10T18:00:03.515561515Z   File "/usr/local/lib/python3.13/site-packages/prometheus_fastapi_instrumentator/middleware.py", line 177, in __call__
2026-09-10T18:00:03.515565793Z     raise exc
2026-09-10T18:00:03.515570082Z   File "/usr/local/lib/python3.13/site-packages/prometheus_fastapi_instrumentator/middleware.py", line 175, in __call__
2026-09-10T18:00:03.515574400Z     await self.app(scope, receive, send_wrapper)
2026-09-10T18:00:03.515578679Z   File "/usr/local/lib/python3.13/site-packages/starlette/middleware/exceptions.py", line 63, in __call__
2026-09-10T18:00:03.515583679Z     await wrap_app_handling_exceptions(self.app, conn)(scope, receive, send)
2026-09-10T18:00:03.515587957Z   File "/usr/local/lib/python3.13/site-packages/starlette/_exception_handler.py", line 53, in wrapped_app
2026-09-10T18:00:03.515592206Z     raise exc
2026-09-10T18:00:03.515596464Z   File "/usr/local/lib/python3.13/site-packages/starlette/_exception_handler.py", line 42, in wrapped_app
2026-09-10T18:00:03.515600773Z     await app(scope, receive, sender)
2026-09-10T18:00:03.515605021Z   File "/usr/local/lib/python3.13/site-packages/fastapi/middleware/asyncexitstack.py", line 18, in __call__
2026-09-10T18:00:03.515609310Z     await self.app(scope, receive, send)
2026-09-10T18:00:03.515613598Z   File "/usr/local/lib/python3.13/site-packages/starlette/routing.py", line 716, in __call__
2026-09-10T18:00:03.515617907Z     await self.middleware_stack(scope, receive, send)
2026-09-10T18:00:03.515622215Z   File "/usr/local/lib/python3.13/site-packages/starlette/routing.py", line 736, in app
2026-09-10T18:00:03.515626544Z     await route.handle(scope, receive, send)
2026-09-10T18:00:03.515630802Z   File "/usr/local/lib/python3.13/site-packages/starlette/routing.py", line 290, in handle
2026-09-10T18:00:03.515635051Z     await self.app(scope, receive, send)
2026-09-10T18:00:03.515639289Z   File "/usr/local/lib/python3.13/site-packages/fastapi/routing.py", line 134, in app
2026-09-10T18:00:03.515643518Z     await wrap_app_handling_exceptions(app, request)(scope, receive, send)
2026-09-10T18:00:03.515647776Z   File "/usr/local/lib/python3.13/site-packages/starlette/_exception_handler.py", line 53, in wrapped_app
2026-09-10T18:00:03.515661974Z     raise exc
2026-09-10T18:00:03.515666313Z   File "/usr/local/lib/python3.13/site-packages/starlette/_exception_handler.py", line 42, in wrapped_app
2026-09-10T18:00:03.515670601Z     await app(scope, receive, sender)
2026-09-10T18:00:03.515674870Z   File "/usr/local/lib/python3.13/site-packages/fastapi/routing.py", line 120, in app
2026-09-10T18:00:03.515679840Z     response = await f(request)
2026-09-10T18:00:03.515684178Z                ^^^^^^^^^^^^^^^^
2026-09-10T18:00:03.515688447Z   File "/usr/local/lib/python3.13/site-packages/fastapi/routing.py", line 674, in app
2026-09-10T18:00:03.515692725Z     raw_response = await run_endpoint_function(
2026-09-10T18:00:03.515697034Z                    ^^^^^^^^^^^^^^^^^^^^^^^^^^^^
2026-09-10T18:00:03.515701984Z     ...<3 lines>...
2026-09-10T18:00:03.515706282Z     )
2026-09-10T18:00:03.515710531Z     ^
2026-09-10T18:00:03.515714779Z   File "/usr/local/lib/python3.13/site-packages/fastapi/routing.py", line 330, in run_endpoint_function
2026-09-10T18:00:03.515719088Z     return await run_in_threadpool(dependant.call, **values)
2026-09-10T18:00:03.515723356Z            ^^^^^^^^^^^^^^^^^^^^^^^^^^^^^^^^^^^^^^^^^^^^^^^^^
2026-09-10T18:00:03.515793706Z   File "/usr/local/lib/python3.13/site-packages/starlette/concurrency.py", line 32, in run_in_threadpool
2026-09-10T18:00:03.515804016Z     return await anyio.to_thread.run_sync(func)
2026-09-10T18:00:03.515808656Z            ^^^^^^^^^^^^^^^^^^^^^^^^^^^^^^^^^^^^
2026-09-10T18:00:03.515812984Z   File "/usr/local/lib/python3.13/site-packages/anyio/to_thread.py", line 63, in run_sync
2026-09-10T18:00:03.515817303Z     return await get_async_backend().run_sync_in_worker_thread(
2026-09-10T18:00:03.515821601Z            ^^^^^^^^^^^^^^^^^^^^^^^^^^^^^^^^^^^^^^^^^^^^^^^^^^^^
2026-09-10T18:00:03.515825880Z         func, args, abandon_on_cancel=abandon_on_cancel, limiter=limiter
2026-09-10T18:00:03.515830198Z         ^^^^^^^^^^^^^^^^^^^^^^^^^^^^^^^^^^^^^^^^^^^^^^^^^^^^^^^^^^^^^^^^
2026-09-10T18:00:03.515834627Z     )
2026-09-10T18:00:03.515838936Z     ^
2026-09-10T18:00:03.515843214Z   File "/usr/local/lib/python3.13/site-packages/anyio/_backends/_asyncio.py", line 2518, in run_sync_in_worker_thread
2026-09-10T18:00:03.515847483Z     return await future
2026-09-10T18:00:03.515851761Z            ^^^^^^^^^^^^
2026-09-10T18:00:03.515856020Z   File "/usr/local/lib/python3.13/site-packages/anyio/_backends/_asyncio.py", line 1002, in run
2026-09-10T18:00:03.515860368Z     result = context.run(func, *args)
2026-09-10T18:00:03.515864657Z   File "/app/app/routers/orders.py", line 36, in checkout
2026-09-10T18:00:03.515868975Z     return create_order(
2026-09-10T18:00:03.515873304Z         db=db,
2026-09-10T18:00:03.515877663Z     ...<2 lines>...
2026-09-10T18:00:03.515881971Z         correlation_id=correlation_id,
2026-09-10T18:00:03.515886300Z     )
2026-09-10T18:00:03.515890849Z   File "/app/app/services/order_service.py", line 42, in create_order
2026-09-10T18:00:03.515895238Z     result = db.execute(
2026-09-10T18:00:03.515899616Z         select(ProductModel).where(ProductModel.id == product_id)
2026-09-10T18:00:03.515903975Z     )
2026-09-10T18:00:03.515908985Z   File "/usr/local/lib/python3.13/site-packages/sqlalchemy/orm/session.py", line 2372, in execute
2026-09-10T18:00:03.515913304Z     return self._execute_internal(
2026-09-10T18:00:03.515917622Z            ~~~~~~~~~~~~~~~~~~~~~~^
2026-09-10T18:00:03.515921951Z         statement,
2026-09-10T18:00:03.515926239Z         ^^^^^^^^^^
2026-09-10T18:00:03.515930478Z     ...<4 lines>...
2026-09-10T18:00:03.515952291Z         _add_event=_add_event,
2026-09-10T18:00:03.515956790Z         ^^^^^^^^^^^^^^^^^^^^^^
2026-09-10T18:00:03.515961099Z     )
2026-09-10T18:00:03.515965377Z     ^
2026-09-10T18:00:03.515969796Z   File "/usr/local/lib/python3.13/site-packages/sqlalchemy/orm/session.py", line 2260, in _execute_internal
2026-09-10T18:00:03.515974225Z     conn = self._connection_for_bind(bind)
2026-09-10T18:00:03.515978533Z   File "/usr/local/lib/python3.13/site-packages/sqlalchemy/orm/session.py", line 2112, in _connection_for_bind
2026-09-10T18:00:03.515982832Z     return trans._connection_for_bind(engine, execution_options)
2026-09-10T18:00:03.515987110Z            ~~~~~~~~~~~~~~~~~~~~~~~~~~^^^^^^^^^^^^^^^^^^^^^^^^^^^
2026-09-10T18:00:03.515991429Z   File "<string>", line 2, in _connection_for_bind
2026-09-10T18:00:03.515995747Z   File "/usr/local/lib/python3.13/site-packages/sqlalchemy/orm/state_changes.py", line 137, in _go
2026-09-10T18:00:03.516000046Z     ret_value = fn(self, *arg, **kw)
2026-09-10T18:00:03.516004385Z   File "/usr/local/lib/python3.13/site-packages/sqlalchemy/orm/session.py", line 1191, in _connection_for_bind
2026-09-10T18:00:03.516008793Z     conn = bind.connect()
2026-09-10T18:00:03.516013783Z   File "/usr/local/lib/python3.13/site-packages/opentelemetry/instrumentation/sqlalchemy/engine.py", line 200, in _wrap_connect_internal
2026-09-10T18:00:03.516018062Z     return func(*args, **kwargs)
2026-09-10T18:00:03.516022340Z   File "/usr/local/lib/python3.13/site-packages/sqlalchemy/engine/base.py", line 3295, in connect
2026-09-10T18:00:03.516026659Z     return self._connection_cls(self)
2026-09-10T18:00:03.516030937Z            ~~~~~~~~~~~~~~~~~~~~^^^^^^
2026-09-10T18:00:03.516035196Z   File "/usr/local/lib/python3.13/site-packages/sqlalchemy/engine/base.py", line 144, in __init__
2026-09-10T18:00:03.516039474Z     self._dbapi_connection = engine.raw_connection()
2026-09-10T18:00:03.516043713Z                              ~~~~~~~~~~~~~~~~~~~~~^^
2026-09-10T18:00:03.516047971Z   File "/usr/local/lib/python3.13/site-packages/sqlalchemy/engine/base.py", line 3319, in raw_connection
2026-09-10T18:00:03.516052310Z     return self.pool.connect()
2026-09-10T18:00:03.516056568Z            ~~~~~~~~~~~~~~~~~^^
2026-09-10T18:00:03.516060907Z   File "/usr/local/lib/python3.13/site-packages/sqlalchemy/pool/base.py", line 448, in connect
2026-09-10T18:00:03.516065165Z     return _ConnectionFairy._checkout(self)
2026-09-10T18:00:03.516069434Z            ~~~~~~~~~~~~~~~~~~~~~~~~~~^^^^^^
2026-09-10T18:00:03.516076788Z   File "/usr/local/lib/python3.13/site-packages/sqlalchemy/pool/base.py", line 1272, in _checkout
2026-09-10T18:00:03.516081227Z     fairy = _ConnectionRecord.checkout(pool)
2026-09-10T18:00:03.516085566Z   File "/usr/local/lib/python3.13/site-packages/sqlalchemy/pool/base.py", line 712, in checkout
2026-09-10T18:00:03.516089925Z     rec = pool._do_get()
2026-09-10T18:00:03.516094243Z   File "/usr/local/lib/python3.13/site-packages/sqlalchemy/pool/impl.py", line 167, in _do_get
2026-09-10T18:00:03.516098582Z     raise exc.TimeoutError(
2026-09-10T18:00:03.516102860Z     ...<4 lines>...
2026-09-10T18:00:03.516107309Z     )
2026-09-10T18:00:03.516112369Z sqlalchemy.exc.TimeoutError: QueuePool limit of size 5 overflow 10 reached, connection timed out, timeout 30.00 (Background on this error at: https://sqlalche.me/e/20/3o7r)
2026-09-10T18:00:03.818683911Z ERROR:    Exception in ASGI application
2026-09-10T18:00:03.818722849Z Traceback (most recent call last):
2026-09-10T18:00:03.818725845Z   File "/usr/local/lib/python3.13/site-packages/uvicorn/protocols/http/httptools_impl.py", line 421, in run_asgi
2026-09-10T18:00:03.818728811Z     result = await app(  # type: ignore[func-returns-value]
2026-09-10T18:00:03.818780373Z              ^^^^^^^^^^^^^^^^^^^^^^^^^^^^^^^^^^^^^^^^^^^^^^
2026-09-10T18:00:03.818782477Z         self.scope, self.receive, self.send
2026-09-10T18:00:03.818784381Z         ^^^^^^^^^^^^^^^^^^^^^^^^^^^^^^^^^^^
2026-09-10T18:00:03.818786746Z     )
2026-09-10T18:00:03.818788810Z     ^
2026-09-10T18:00:03.818790744Z   File "/usr/local/lib/python3.13/site-packages/uvicorn/middleware/proxy_headers.py", line 63, in __call__
2026-09-10T18:00:03.818792708Z     return await self.app(scope, receive, send)
2026-09-10T18:00:03.818794661Z            ^^^^^^^^^^^^^^^^^^^^^^^^^^^^^^^^^^^^
2026-09-10T18:00:03.818797297Z   File "/usr/local/lib/python3.13/site-packages/fastapi/applications.py", line 1159, in __call__
2026-09-10T18:00:03.818799220Z     await super().__call__(scope, receive, send)
2026-09-10T18:00:03.818801164Z   File "/usr/local/lib/python3.13/site-packages/starlette/applications.py", line 107, in __call__
2026-09-10T18:00:03.818803178Z     await self.middleware_stack(scope, receive, send)
2026-09-10T18:00:03.818805152Z   File "/usr/local/lib/python3.13/site-packages/starlette/middleware/errors.py", line 186, in __call__
2026-09-10T18:00:03.818807116Z     raise exc
2026-09-10T18:00:03.818809220Z   File "/usr/local/lib/python3.13/site-packages/starlette/middleware/errors.py", line 164, in __call__
2026-09-10T18:00:03.818811375Z     await self.app(scope, receive, _send)
2026-09-10T18:00:03.818813990Z   File "/usr/local/lib/python3.13/site-packages/opentelemetry/instrumentation/asgi/__init__.py", line 806, in __call__
2026-09-10T18:00:03.818815924Z     await self.app(scope, otel_receive, otel_send)
2026-09-10T18:00:03.818817888Z   File "/usr/local/lib/python3.13/site-packages/starlette/middleware/errors.py", line 186, in __call__
2026-09-10T18:00:03.818819791Z     raise exc
2026-09-10T18:00:03.818821765Z   File "/usr/local/lib/python3.13/site-packages/starlette/middleware/errors.py", line 164, in __call__
2026-09-10T18:00:03.818823699Z     await self.app(scope, receive, _send)
2026-09-10T18:00:03.818825613Z   File "/usr/local/lib/python3.13/site-packages/opentelemetry/instrumentation/fastapi/__init__.py", line 305, in __call__
2026-09-10T18:00:03.818827958Z     await self.app(scope, receive, send)
2026-09-10T18:00:03.818829871Z   File "/usr/local/lib/python3.13/site-packages/prometheus_fastapi_instrumentator/middleware.py", line 177, in __call__
2026-09-10T18:00:03.818831795Z     raise exc
2026-09-10T18:00:03.818833709Z   File "/usr/local/lib/python3.13/site-packages/prometheus_fastapi_instrumentator/middleware.py", line 175, in __call__
2026-09-10T18:00:03.818835833Z     await self.app(scope, receive, send_wrapper)
2026-09-10T18:00:03.818837767Z   File "/usr/local/lib/python3.13/site-packages/starlette/middleware/exceptions.py", line 63, in __call__
2026-09-10T18:00:03.818840152Z     await wrap_app_handling_exceptions(self.app, conn)(scope, receive, send)
2026-09-10T18:00:03.818842106Z   File "/usr/local/lib/python3.13/site-packages/starlette/_exception_handler.py", line 53, in wrapped_app
2026-09-10T18:00:03.818844040Z     raise exc
2026-09-10T18:00:03.818845953Z   File "/usr/local/lib/python3.13/site-packages/starlette/_exception_handler.py", line 42, in wrapped_app
2026-09-10T18:00:03.818847857Z     await app(scope, receive, sender)
2026-09-10T18:00:03.818849771Z   File "/usr/local/lib/python3.13/site-packages/fastapi/middleware/asyncexitstack.py", line 18, in __call__
2026-09-10T18:00:03.818851675Z     await self.app(scope, receive, send)
2026-09-10T18:00:03.818853609Z   File "/usr/local/lib/python3.13/site-packages/starlette/routing.py", line 716, in __call__
2026-09-10T18:00:03.818855532Z     await self.middleware_stack(scope, receive, send)
2026-09-10T18:00:03.818862616Z   File "/usr/local/lib/python3.13/site-packages/starlette/routing.py", line 736, in app
2026-09-10T18:00:03.818864590Z     await route.handle(scope, receive, send)
2026-09-10T18:00:03.818866504Z   File "/usr/local/lib/python3.13/site-packages/starlette/routing.py", line 290, in handle
2026-09-10T18:00:03.818868408Z     await self.app(scope, receive, send)
2026-09-10T18:00:03.818870312Z   File "/usr/local/lib/python3.13/site-packages/fastapi/routing.py", line 134, in app
2026-09-10T18:00:03.818872206Z     await wrap_app_handling_exceptions(app, request)(scope, receive, send)
2026-09-10T18:00:03.818874099Z   File "/usr/local/lib/python3.13/site-packages/starlette/_exception_handler.py", line 53, in wrapped_app
2026-09-10T18:00:03.818876083Z     raise exc
2026-09-10T18:00:03.818878157Z   File "/usr/local/lib/python3.13/site-packages/starlette/_exception_handler.py", line 42, in wrapped_app
2026-09-10T18:00:03.818880081Z     await app(scope, receive, sender)
2026-09-10T18:00:03.818881995Z   File "/usr/local/lib/python3.13/site-packages/fastapi/routing.py", line 120, in app
2026-09-10T18:00:03.818884480Z     response = await f(request)
2026-09-10T18:00:03.818906914Z                ^^^^^^^^^^^^^^^^
2026-09-10T18:00:03.818909129Z   File "/usr/local/lib/python3.13/site-packages/fastapi/routing.py", line 674, in app
2026-09-10T18:00:03.818911073Z     raw_response = await run_endpoint_function(
2026-09-10T18:00:03.818912997Z                    ^^^^^^^^^^^^^^^^^^^^^^^^^^^^
2026-09-10T18:00:03.818915612Z     ...<3 lines>...
2026-09-10T18:00:03.818917606Z     )
2026-09-10T18:00:03.818919499Z     ^
2026-09-10T18:00:03.818921453Z   File "/usr/local/lib/python3.13/site-packages/fastapi/routing.py", line 330, in run_endpoint_function
2026-09-10T18:00:03.818923357Z     return await run_in_threadpool(dependant.call, **values)
2026-09-10T18:00:03.818925261Z            ^^^^^^^^^^^^^^^^^^^^^^^^^^^^^^^^^^^^^^^^^^^^^^^^^
2026-09-10T18:00:03.818944169Z   File "/usr/local/lib/python3.13/site-packages/starlette/concurrency.py", line 32, in run_in_threadpool
2026-09-10T18:00:03.818946323Z     return await anyio.to_thread.run_sync(func)
2026-09-10T18:00:03.818948257Z            ^^^^^^^^^^^^^^^^^^^^^^^^^^^^^^^^^^^^
2026-09-10T18:00:03.818950190Z   File "/usr/local/lib/python3.13/site-packages/anyio/to_thread.py", line 63, in run_sync
2026-09-10T18:00:03.818952124Z     return await get_async_backend().run_sync_in_worker_thread(
2026-09-10T18:00:03.818954028Z            ^^^^^^^^^^^^^^^^^^^^^^^^^^^^^^^^^^^^^^^^^^^^^^^^^^^^
2026-09-10T18:00:03.818955912Z         func, args, abandon_on_cancel=abandon_on_cancel, limiter=limiter
2026-09-10T18:00:03.818957816Z         ^^^^^^^^^^^^^^^^^^^^^^^^^^^^^^^^^^^^^^^^^^^^^^^^^^^^^^^^^^^^^^^^
2026-09-10T18:00:03.818959709Z     )
2026-09-10T18:00:03.818961603Z     ^
2026-09-10T18:00:03.818963517Z   File "/usr/local/lib/python3.13/site-packages/anyio/_backends/_asyncio.py", line 2518, in run_sync_in_worker_thread
2026-09-10T18:00:03.818965441Z     return await future
2026-09-10T18:00:03.818967345Z            ^^^^^^^^^^^^
2026-09-10T18:00:03.818969248Z   File "/usr/local/lib/python3.13/site-packages/anyio/_backends/_asyncio.py", line 1002, in run
2026-09-10T18:00:03.818971142Z     result = context.run(func, *args)
2026-09-10T18:00:03.818973036Z   File "/app/app/routers/orders.py", line 36, in checkout
2026-09-10T18:00:03.818974930Z     return create_order(
2026-09-10T18:00:03.818976914Z         db=db,
2026-09-10T18:00:03.818978908Z     ...<2 lines>...
2026-09-10T18:00:03.818981022Z         correlation_id=correlation_id,
2026-09-10T18:00:03.818982915Z     )
2026-09-10T18:00:03.818993136Z   File "/app/app/services/order_service.py", line 42, in create_order
2026-09-10T18:00:03.818995140Z     result = db.execute(
2026-09-10T18:00:03.818997044Z         select(ProductModel).where(ProductModel.id == product_id)
2026-09-10T18:00:03.818998937Z     )
2026-09-10T18:00:03.819000851Z   File "/usr/local/lib/python3.13/site-packages/sqlalchemy/orm/session.py", line 2372, in execute
2026-09-10T18:00:03.819002825Z     return self._execute_internal(
2026-09-10T18:00:03.819004719Z            ~~~~~~~~~~~~~~~~~~~~~~^
2026-09-10T18:00:03.819006693Z         statement,
2026-09-10T18:00:03.819008777Z         ^^^^^^^^^^
2026-09-10T18:00:03.819010881Z     ...<4 lines>...
2026-09-10T18:00:03.819012785Z         _add_event=_add_event,
2026-09-10T18:00:03.819014659Z         ^^^^^^^^^^^^^^^^^^^^^^
2026-09-10T18:00:03.819016532Z     )
2026-09-10T18:00:03.819018436Z     ^
2026-09-10T18:00:03.819020360Z   File "/usr/local/lib/python3.13/site-packages/sqlalchemy/orm/session.py", line 2260, in _execute_internal
2026-09-10T18:00:03.819022264Z     conn = self._connection_for_bind(bind)
2026-09-10T18:00:03.819024167Z   File "/usr/local/lib/python3.13/site-packages/sqlalchemy/orm/session.py", line 2112, in _connection_for_bind
2026-09-10T18:00:03.819026091Z     return trans._connection_for_bind(engine, execution_options)
2026-09-10T18:00:03.819027985Z            ~~~~~~~~~~~~~~~~~~~~~~~~~~^^^^^^^^^^^^^^^^^^^^^^^^^^^
2026-09-10T18:00:03.819029879Z   File "<string>", line 2, in _connection_for_bind
2026-09-10T18:00:03.819031783Z   File "/usr/local/lib/python3.13/site-packages/sqlalchemy/orm/state_changes.py", line 137, in _go
2026-09-10T18:00:03.819033736Z     ret_value = fn(self, *arg, **kw)
2026-09-10T18:00:03.819035650Z   File "/usr/local/lib/python3.13/site-packages/sqlalchemy/orm/session.py", line 1191, in _connection_for_bind
2026-09-10T18:00:03.819037534Z     conn = bind.connect()
2026-09-10T18:00:03.819040300Z   File "/usr/local/lib/python3.13/site-packages/opentelemetry/instrumentation/sqlalchemy/engine.py", line 200, in _wrap_connect_internal
2026-09-10T18:00:03.819046482Z     return func(*args, **kwargs)
2026-09-10T18:00:03.819048616Z   File "/usr/local/lib/python3.13/site-packages/sqlalchemy/engine/base.py", line 3295, in connect
2026-09-10T18:00:03.819050540Z     return self._connection_cls(self)
2026-09-10T18:00:03.819054538Z            ~~~~~~~~~~~~~~~~~~~~^^^^^^
2026-09-10T18:00:03.819056522Z   File "/usr/local/lib/python3.13/site-packages/sqlalchemy/engine/base.py", line 144, in __init__
2026-09-10T18:00:03.819058446Z     self._dbapi_connection = engine.raw_connection()
2026-09-10T18:00:03.819060349Z                              ~~~~~~~~~~~~~~~~~~~~~^^
2026-09-10T18:00:03.819062273Z   File "/usr/local/lib/python3.13/site-packages/sqlalchemy/engine/base.py", line 3319, in raw_connection
2026-09-10T18:00:03.819064187Z     return self.pool.connect()
2026-09-10T18:00:03.819066101Z            ~~~~~~~~~~~~~~~~~^^
2026-09-10T18:00:03.819068025Z   File "/usr/local/lib/python3.13/site-packages/sqlalchemy/pool/base.py", line 448, in connect
2026-09-10T18:00:03.819069928Z     return _ConnectionFairy._checkout(self)
2026-09-10T18:00:03.819071842Z            ~~~~~~~~~~~~~~~~~~~~~~~~~~^^^^^^
2026-09-10T18:00:03.819073756Z   File "/usr/local/lib/python3.13/site-packages/sqlalchemy/pool/base.py", line 1272, in _checkout
2026-09-10T18:00:03.819075650Z     fairy = _ConnectionRecord.checkout(pool)
2026-09-10T18:00:03.819077544Z   File "/usr/local/lib/python3.13/site-packages/sqlalchemy/pool/base.py", line 712, in checkout
2026-09-10T18:00:03.819079437Z     rec = pool._do_get()
2026-09-10T18:00:03.819081341Z   File "/usr/local/lib/python3.13/site-packages/sqlalchemy/pool/impl.py", line 167, in _do_get
2026-09-10T18:00:03.819087624Z     raise exc.TimeoutError(
2026-09-10T18:00:03.819089547Z     ...<4 lines>...
2026-09-10T18:00:03.819091481Z     )
2026-09-10T18:00:03.819093976Z sqlalchemy.exc.TimeoutError: QueuePool limit of size 5 overflow 10 reached, connection timed out, timeout 30.00 (Background on this error at: https://sqlalche.me/e/20/3o7r)
2026-09-10T18:00:03.825418492Z ERROR:    Exception in ASGI application
2026-09-10T18:00:03.825457519Z Traceback (most recent call last):
2026-09-10T18:00:03.825460315Z   File "/usr/local/lib/python3.13/site-packages/uvicorn/protocols/http/httptools_impl.py", line 421, in run_asgi
2026-09-10T18:00:03.825462840Z     result = await app(  # type: ignore[func-returns-value]
2026-09-10T18:00:03.825464744Z              ^^^^^^^^^^^^^^^^^^^^^^^^^^^^^^^^^^^^^^^^^^^^^^
2026-09-10T18:00:03.825466708Z         self.scope, self.receive, self.send
2026-09-10T18:00:03.825468621Z         ^^^^^^^^^^^^^^^^^^^^^^^^^^^^^^^^^^^
2026-09-10T18:00:03.825470525Z     )
2026-09-10T18:00:03.825472569Z     ^
2026-09-10T18:00:03.825474493Z   File "/usr/local/lib/python3.13/site-packages/uvicorn/middleware/proxy_headers.py", line 63, in __call__
2026-09-10T18:00:03.825476437Z     return await self.app(scope, receive, send)
2026-09-10T18:00:03.825478331Z            ^^^^^^^^^^^^^^^^^^^^^^^^^^^^^^^^^^^^
2026-09-10T18:00:03.825480846Z   File "/usr/local/lib/python3.13/site-packages/fastapi/applications.py", line 1159, in __call__
2026-09-10T18:00:03.825482790Z     await super().__call__(scope, receive, send)
2026-09-10T18:00:03.825484693Z   File "/usr/local/lib/python3.13/site-packages/starlette/applications.py", line 107, in __call__
2026-09-10T18:00:03.825486687Z     await self.middleware_stack(scope, receive, send)
2026-09-10T18:00:03.825488591Z   File "/usr/local/lib/python3.13/site-packages/starlette/middleware/errors.py", line 186, in __call__
2026-09-10T18:00:03.825490535Z     raise exc
2026-09-10T18:00:03.825492900Z   File "/usr/local/lib/python3.13/site-packages/starlette/middleware/errors.py", line 164, in __call__
2026-09-10T18:00:03.825495224Z     await self.app(scope, receive, _send)
2026-09-10T18:00:03.825498170Z   File "/usr/local/lib/python3.13/site-packages/opentelemetry/instrumentation/asgi/__init__.py", line 806, in __call__
2026-09-10T18:00:03.825500124Z     await self.app(scope, otel_receive, otel_send)
2026-09-10T18:00:03.825502038Z   File "/usr/local/lib/python3.13/site-packages/starlette/middleware/errors.py", line 186, in __call__
2026-09-10T18:00:03.825503952Z     raise exc
2026-09-10T18:00:03.825505835Z   File "/usr/local/lib/python3.13/site-packages/starlette/middleware/errors.py", line 164, in __call__
2026-09-10T18:00:03.825507739Z     await self.app(scope, receive, _send)
2026-09-10T18:00:03.825509643Z   File "/usr/local/lib/python3.13/site-packages/opentelemetry/instrumentation/fastapi/__init__.py", line 305, in __call__
2026-09-10T18:00:03.825511587Z     await self.app(scope, receive, send)
2026-09-10T18:00:03.825513491Z   File "/usr/local/lib/python3.13/site-packages/prometheus_fastapi_instrumentator/middleware.py", line 177, in __call__
2026-09-10T18:00:03.825515414Z     raise exc
2026-09-10T18:00:03.825517639Z   File "/usr/local/lib/python3.13/site-packages/prometheus_fastapi_instrumentator/middleware.py", line 175, in __call__
2026-09-10T18:00:03.825519933Z     await self.app(scope, receive, send_wrapper)
2026-09-10T18:00:03.825521917Z   File "/usr/local/lib/python3.13/site-packages/starlette/middleware/exceptions.py", line 63, in __call__
2026-09-10T18:00:03.825524412Z     await wrap_app_handling_exceptions(self.app, conn)(scope, receive, send)
2026-09-10T18:00:03.825526326Z   File "/usr/local/lib/python3.13/site-packages/starlette/_exception_handler.py", line 53, in wrapped_app
2026-09-10T18:00:03.825548159Z     raise exc
2026-09-10T18:00:03.825550173Z   File "/usr/local/lib/python3.13/site-packages/starlette/_exception_handler.py", line 42, in wrapped_app
2026-09-10T18:00:03.825552107Z     await app(scope, receive, sender)
2026-09-10T18:00:03.825557107Z   File "/usr/local/lib/python3.13/site-packages/fastapi/middleware/asyncexitstack.py", line 18, in __call__
2026-09-10T18:00:03.825559061Z     await self.app(scope, receive, send)
2026-09-10T18:00:03.825560985Z   File "/usr/local/lib/python3.13/site-packages/starlette/routing.py", line 716, in __call__
2026-09-10T18:00:03.825562909Z     await self.middleware_stack(scope, receive, send)
2026-09-10T18:00:03.825564823Z   File "/usr/local/lib/python3.13/site-packages/starlette/routing.py", line 736, in app
2026-09-10T18:00:03.825566736Z     await route.handle(scope, receive, send)
2026-09-10T18:00:03.825568650Z   File "/usr/local/lib/python3.13/site-packages/starlette/routing.py", line 290, in handle
2026-09-10T18:00:03.825570584Z     await self.app(scope, receive, send)
2026-09-10T18:00:03.825572498Z   File "/usr/local/lib/python3.13/site-packages/fastapi/routing.py", line 134, in app
2026-09-10T18:00:03.825574392Z     await wrap_app_handling_exceptions(app, request)(scope, receive, send)
2026-09-10T18:00:03.825576335Z   File "/usr/local/lib/python3.13/site-packages/starlette/_exception_handler.py", line 53, in wrapped_app
2026-09-10T18:00:03.825578239Z     raise exc
2026-09-10T18:00:03.825580153Z   File "/usr/local/lib/python3.13/site-packages/starlette/_exception_handler.py", line 42, in wrapped_app
2026-09-10T18:00:03.825582067Z     await app(scope, receive, sender)
2026-09-10T18:00:03.825583971Z   File "/usr/local/lib/python3.13/site-packages/fastapi/routing.py", line 120, in app
2026-09-10T18:00:03.825586436Z     response = await f(request)
2026-09-10T18:00:03.825588349Z                ^^^^^^^^^^^^^^^^
2026-09-10T18:00:03.825590313Z   File "/usr/local/lib/python3.13/site-packages/fastapi/routing.py", line 674, in app
2026-09-10T18:00:03.825592217Z     raw_response = await run_endpoint_function(
2026-09-10T18:00:03.825594141Z                    ^^^^^^^^^^^^^^^^^^^^^^^^^^^^
2026-09-10T18:00:03.825596636Z     ...<3 lines>...
2026-09-10T18:00:03.825601145Z     )
2026-09-10T18:00:03.825603139Z     ^
2026-09-10T18:00:03.825605093Z   File "/usr/local/lib/python3.13/site-packages/fastapi/routing.py", line 330, in run_endpoint_function
2026-09-10T18:00:03.825607016Z     return await run_in_threadpool(dependant.call, **values)
2026-09-10T18:00:03.825608940Z            ^^^^^^^^^^^^^^^^^^^^^^^^^^^^^^^^^^^^^^^^^^^^^^^^^
2026-09-10T18:00:03.825645924Z   File "/usr/local/lib/python3.13/site-packages/starlette/concurrency.py", line 32, in run_in_threadpool
2026-09-10T18:00:03.825650513Z     return await anyio.to_thread.run_sync(func)
2026-09-10T18:00:03.825652517Z            ^^^^^^^^^^^^^^^^^^^^^^^^^^^^^^^^^^^^
2026-09-10T18:00:03.825654441Z   File "/usr/local/lib/python3.13/site-packages/anyio/to_thread.py", line 63, in run_sync
2026-09-10T18:00:03.825656425Z     return await get_async_backend().run_sync_in_worker_thread(
2026-09-10T18:00:03.825658348Z            ^^^^^^^^^^^^^^^^^^^^^^^^^^^^^^^^^^^^^^^^^^^^^^^^^^^^
2026-09-10T18:00:03.825660242Z         func, args, abandon_on_cancel=abandon_on_cancel, limiter=limiter
2026-09-10T18:00:03.825662156Z         ^^^^^^^^^^^^^^^^^^^^^^^^^^^^^^^^^^^^^^^^^^^^^^^^^^^^^^^^^^^^^^^^
2026-09-10T18:00:03.825664280Z     )
2026-09-10T18:00:03.825666414Z     ^
2026-09-10T18:00:03.825668358Z   File "/usr/local/lib/python3.13/site-packages/anyio/_backends/_asyncio.py", line 2518, in run_sync_in_worker_thread
2026-09-10T18:00:03.825678458Z     return await future
2026-09-10T18:00:03.825680593Z            ^^^^^^^^^^^^
2026-09-10T18:00:03.825682486Z   File "/usr/local/lib/python3.13/site-packages/anyio/_backends/_asyncio.py", line 1002, in run
2026-09-10T18:00:03.825684380Z     result = context.run(func, *args)
2026-09-10T18:00:03.825686294Z   File "/app/app/routers/orders.py", line 36, in checkout
2026-09-10T18:00:03.825688188Z     return create_order(
2026-09-10T18:00:03.825690182Z         db=db,
2026-09-10T18:00:03.825692326Z     ...<2 lines>...
2026-09-10T18:00:03.825694250Z         correlation_id=correlation_id,
2026-09-10T18:00:03.825696174Z     )
2026-09-10T18:00:03.825698117Z   File "/app/app/services/order_service.py", line 42, in create_order
2026-09-10T18:00:03.825700021Z     result = db.execute(
2026-09-10T18:00:03.825701925Z         select(ProductModel).where(ProductModel.id == product_id)
2026-09-10T18:00:03.825703809Z     )
2026-09-10T18:00:03.825705733Z   File "/usr/local/lib/python3.13/site-packages/sqlalchemy/orm/session.py", line 2372, in execute
2026-09-10T18:00:03.825707616Z     return self._execute_internal(
2026-09-10T18:00:03.825709520Z            ~~~~~~~~~~~~~~~~~~~~~~^
2026-09-10T18:00:03.825711444Z         statement,
2026-09-10T18:00:03.825713358Z         ^^^^^^^^^^
2026-09-10T18:00:03.825715251Z     ...<4 lines>...
2026-09-10T18:00:03.825717145Z         _add_event=_add_event,
2026-09-10T18:00:03.825719049Z         ^^^^^^^^^^^^^^^^^^^^^^
2026-09-10T18:00:03.825720943Z     )
2026-09-10T18:00:03.825722847Z     ^
2026-09-10T18:00:03.825724750Z   File "/usr/local/lib/python3.13/site-packages/sqlalchemy/orm/session.py", line 2260, in _execute_internal
2026-09-10T18:00:03.825726714Z     conn = self._connection_for_bind(bind)
2026-09-10T18:00:03.825728678Z   File "/usr/local/lib/python3.13/site-packages/sqlalchemy/orm/session.py", line 2112, in _connection_for_bind
2026-09-10T18:00:03.825730602Z     return trans._connection_for_bind(engine, execution_options)
2026-09-10T18:00:03.825732496Z            ~~~~~~~~~~~~~~~~~~~~~~~~~~^^^^^^^^^^^^^^^^^^^^^^^^^^^
2026-09-10T18:00:03.825734400Z   File "<string>", line 2, in _connection_for_bind
2026-09-10T18:00:03.825736303Z   File "/usr/local/lib/python3.13/site-packages/sqlalchemy/orm/state_changes.py", line 137, in _go
2026-09-10T18:00:03.825738197Z     ret_value = fn(self, *arg, **kw)
2026-09-10T18:00:03.825740101Z   File "/usr/local/lib/python3.13/site-packages/sqlalchemy/orm/session.py", line 1191, in _connection_for_bind
2026-09-10T18:00:03.825742015Z     conn = bind.connect()
2026-09-10T18:00:03.825744550Z   File "/usr/local/lib/python3.13/site-packages/opentelemetry/instrumentation/sqlalchemy/engine.py", line 200, in _wrap_connect_internal
2026-09-10T18:00:03.825746474Z     return func(*args, **kwargs)
2026-09-10T18:00:03.825748357Z   File "/usr/local/lib/python3.13/site-packages/sqlalchemy/engine/base.py", line 3295, in connect
2026-09-10T18:00:03.825750251Z     return self._connection_cls(self)
2026-09-10T18:00:03.825752155Z            ~~~~~~~~~~~~~~~~~~~~^^^^^^
2026-09-10T18:00:03.825754049Z   File "/usr/local/lib/python3.13/site-packages/sqlalchemy/engine/base.py", line 144, in __init__
2026-09-10T18:00:03.825755932Z     self._dbapi_connection = engine.raw_connection()
2026-09-10T18:00:03.825757846Z                              ~~~~~~~~~~~~~~~~~~~~~^^
2026-09-10T18:00:03.825759730Z   File "/usr/local/lib/python3.13/site-packages/sqlalchemy/engine/base.py", line 3319, in raw_connection
2026-09-10T18:00:03.825761624Z     return self.pool.connect()
2026-09-10T18:00:03.825763828Z            ~~~~~~~~~~~~~~~~~^^
2026-09-10T18:00:03.825765732Z   File "/usr/local/lib/python3.13/site-packages/sqlalchemy/pool/base.py", line 448, in connect
2026-09-10T18:00:03.825772996Z     return _ConnectionFairy._checkout(self)
2026-09-10T18:00:03.825775441Z            ~~~~~~~~~~~~~~~~~~~~~~~~~~^^^^^^
2026-09-10T18:00:03.825777876Z   File "/usr/local/lib/python3.13/site-packages/sqlalchemy/pool/base.py", line 1272, in _checkout
2026-09-10T18:00:03.825780291Z     fairy = _ConnectionRecord.checkout(pool)
2026-09-10T18:00:03.825782335Z   File "/usr/local/lib/python3.13/site-packages/sqlalchemy/pool/base.py", line 712, in checkout
2026-09-10T18:00:03.825784259Z     rec = pool._do_get()
2026-09-10T18:00:03.825786162Z   File "/usr/local/lib/python3.13/site-packages/sqlalchemy/pool/impl.py", line 167, in _do_get
2026-09-10T18:00:03.825788357Z     raise exc.TimeoutError(
2026-09-10T18:00:03.825790711Z     ...<4 lines>...
2026-09-10T18:00:03.825793086Z     )
2026-09-10T18:00:03.825796022Z sqlalchemy.exc.TimeoutError: QueuePool limit of size 5 overflow 10 reached, connection timed out, timeout 30.00 (Background on this error at: https://sqlalche.me/e/20/3o7r)
2026-09-10T18:00:03.881401659Z ERROR:    Exception in ASGI application
2026-09-10T18:00:03.881435917Z Traceback (most recent call last):
2026-09-10T18:00:03.881438673Z   File "/usr/local/lib/python3.13/site-packages/uvicorn/protocols/http/httptools_impl.py", line 421, in run_asgi
2026-09-10T18:00:03.881441699Z     result = await app(  # type: ignore[func-returns-value]
2026-09-10T18:00:03.881443623Z              ^^^^^^^^^^^^^^^^^^^^^^^^^^^^^^^^^^^^^^^^^^^^^^
2026-09-10T18:00:03.881445526Z         self.scope, self.receive, self.send
2026-09-10T18:00:03.881447440Z         ^^^^^^^^^^^^^^^^^^^^^^^^^^^^^^^^^^^
2026-09-10T18:00:03.881449945Z     )
2026-09-10T18:00:03.881451939Z     ^
2026-09-10T18:00:03.881453923Z   File "/usr/local/lib/python3.13/site-packages/uvicorn/middleware/proxy_headers.py", line 63, in __call__
2026-09-10T18:00:03.881455867Z     return await self.app(scope, receive, send)
2026-09-10T18:00:03.881457841Z            ^^^^^^^^^^^^^^^^^^^^^^^^^^^^^^^^^^^^
2026-09-10T18:00:03.881460586Z   File "/usr/local/lib/python3.13/site-packages/fastapi/applications.py", line 1159, in __call__
2026-09-10T18:00:03.881462500Z     await super().__call__(scope, receive, send)
2026-09-10T18:00:03.881464424Z   File "/usr/local/lib/python3.13/site-packages/starlette/applications.py", line 107, in __call__
2026-09-10T18:00:03.881466498Z     await self.middleware_stack(scope, receive, send)
2026-09-10T18:00:03.881468422Z   File "/usr/local/lib/python3.13/site-packages/starlette/middleware/errors.py", line 186, in __call__
2026-09-10T18:00:03.881470386Z     raise exc
2026-09-10T18:00:03.881472290Z   File "/usr/local/lib/python3.13/site-packages/starlette/middleware/errors.py", line 164, in __call__
2026-09-10T18:00:03.881474233Z     await self.app(scope, receive, _send)
2026-09-10T18:00:03.881476829Z   File "/usr/local/lib/python3.13/site-packages/opentelemetry/instrumentation/asgi/__init__.py", line 806, in __call__
2026-09-10T18:00:03.881478762Z     await self.app(scope, otel_receive, otel_send)
2026-09-10T18:00:03.881480676Z   File "/usr/local/lib/python3.13/site-packages/starlette/middleware/errors.py", line 186, in __call__
2026-09-10T18:00:03.881482590Z     raise exc
2026-09-10T18:00:03.881484484Z   File "/usr/local/lib/python3.13/site-packages/starlette/middleware/errors.py", line 164, in __call__
2026-09-10T18:00:03.881486718Z     await self.app(scope, receive, _send)
2026-09-10T18:00:03.881488622Z   File "/usr/local/lib/python3.13/site-packages/opentelemetry/instrumentation/fastapi/__init__.py", line 305, in __call__
2026-09-10T18:00:03.881490536Z     await self.app(scope, receive, send)
2026-09-10T18:00:03.881512760Z   File "/usr/local/lib/python3.13/site-packages/prometheus_fastapi_instrumentator/middleware.py", line 177, in __call__
2026-09-10T18:00:03.881514804Z     raise exc
2026-09-10T18:00:03.881516708Z   File "/usr/local/lib/python3.13/site-packages/prometheus_fastapi_instrumentator/middleware.py", line 175, in __call__
2026-09-10T18:00:03.881518632Z     await self.app(scope, receive, send_wrapper)
2026-09-10T18:00:03.881520535Z   File "/usr/local/lib/python3.13/site-packages/starlette/middleware/exceptions.py", line 63, in __call__
2026-09-10T18:00:03.881523221Z     await wrap_app_handling_exceptions(self.app, conn)(scope, receive, send)
2026-09-10T18:00:03.881525124Z   File "/usr/local/lib/python3.13/site-packages/starlette/_exception_handler.py", line 53, in wrapped_app
2026-09-10T18:00:03.881527018Z     raise exc
2026-09-10T18:00:03.881528912Z   File "/usr/local/lib/python3.13/site-packages/starlette/_exception_handler.py", line 42, in wrapped_app
2026-09-10T18:00:03.881530806Z     await app(scope, receive, sender)
2026-09-10T18:00:03.881532710Z   File "/usr/local/lib/python3.13/site-packages/fastapi/middleware/asyncexitstack.py", line 18, in __call__
2026-09-10T18:00:03.881534633Z     await self.app(scope, receive, send)
2026-09-10T18:00:03.881536557Z   File "/usr/local/lib/python3.13/site-packages/starlette/routing.py", line 716, in __call__
2026-09-10T18:00:03.881538461Z     await self.middleware_stack(scope, receive, send)
2026-09-10T18:00:03.881540365Z   File "/usr/local/lib/python3.13/site-packages/starlette/routing.py", line 736, in app
2026-09-10T18:00:03.881542269Z     await route.handle(scope, receive, send)
2026-09-10T18:00:03.881544182Z   File "/usr/local/lib/python3.13/site-packages/starlette/routing.py", line 290, in handle
2026-09-10T18:00:03.881546076Z     await self.app(scope, receive, send)
2026-09-10T18:00:03.881547980Z   File "/usr/local/lib/python3.13/site-packages/fastapi/routing.py", line 134, in app
2026-09-10T18:00:03.881549904Z     await wrap_app_handling_exceptions(app, request)(scope, receive, send)
2026-09-10T18:00:03.881551868Z   File "/usr/local/lib/python3.13/site-packages/starlette/_exception_handler.py", line 53, in wrapped_app
2026-09-10T18:00:03.881553751Z     raise exc
2026-09-10T18:00:03.881555635Z   File "/usr/local/lib/python3.13/site-packages/starlette/_exception_handler.py", line 42, in wrapped_app
2026-09-10T18:00:03.881557519Z     await app(scope, receive, sender)
2026-09-10T18:00:03.881562519Z   File "/usr/local/lib/python3.13/site-packages/fastapi/routing.py", line 120, in app
2026-09-10T18:00:03.881565194Z     response = await f(request)
2026-09-10T18:00:03.881567258Z                ^^^^^^^^^^^^^^^^
2026-09-10T18:00:03.881569212Z   File "/usr/local/lib/python3.13/site-packages/fastapi/routing.py", line 674, in app
2026-09-10T18:00:03.881571096Z     raw_response = await run_endpoint_function(
2026-09-10T18:00:03.881572990Z                    ^^^^^^^^^^^^^^^^^^^^^^^^^^^^
2026-09-10T18:00:03.881575585Z     ...<3 lines>...
2026-09-10T18:00:03.881577499Z     )
2026-09-10T18:00:03.881579422Z     ^
2026-09-10T18:00:03.881581316Z   File "/usr/local/lib/python3.13/site-packages/fastapi/routing.py", line 330, in run_endpoint_function
2026-09-10T18:00:03.881583210Z     return await run_in_threadpool(dependant.call, **values)
2026-09-10T18:00:03.881585124Z            ^^^^^^^^^^^^^^^^^^^^^^^^^^^^^^^^^^^^^^^^^^^^^^^^^
2026-09-10T18:00:03.881618600Z   File "/usr/local/lib/python3.13/site-packages/starlette/concurrency.py", line 32, in run_in_threadpool
2026-09-10T18:00:03.881623239Z     return await anyio.to_thread.run_sync(func)
2026-09-10T18:00:03.881627588Z            ^^^^^^^^^^^^^^^^^^^^^^^^^^^^^^^^^^^^
2026-09-10T18:00:03.881629612Z   File "/usr/local/lib/python3.13/site-packages/anyio/to_thread.py", line 63, in run_sync
2026-09-10T18:00:03.881639592Z     return await get_async_backend().run_sync_in_worker_thread(
2026-09-10T18:00:03.881641576Z            ^^^^^^^^^^^^^^^^^^^^^^^^^^^^^^^^^^^^^^^^^^^^^^^^^^^^
2026-09-10T18:00:03.881643580Z         func, args, abandon_on_cancel=abandon_on_cancel, limiter=limiter
2026-09-10T18:00:03.881645484Z         ^^^^^^^^^^^^^^^^^^^^^^^^^^^^^^^^^^^^^^^^^^^^^^^^^^^^^^^^^^^^^^^^
2026-09-10T18:00:03.881647367Z     )
2026-09-10T18:00:03.881649281Z     ^
2026-09-10T18:00:03.881651225Z   File "/usr/local/lib/python3.13/site-packages/anyio/_backends/_asyncio.py", line 2518, in run_sync_in_worker_thread
2026-09-10T18:00:03.881653129Z     return await future
2026-09-10T18:00:03.881655033Z            ^^^^^^^^^^^^
2026-09-10T18:00:03.881656926Z   File "/usr/local/lib/python3.13/site-packages/anyio/_backends/_asyncio.py", line 1002, in run
2026-09-10T18:00:03.881658850Z     result = context.run(func, *args)
2026-09-10T18:00:03.881660774Z   File "/app/app/routers/orders.py", line 36, in checkout
2026-09-10T18:00:03.881662678Z     return create_order(
2026-09-10T18:00:03.881664602Z         db=db,
2026-09-10T18:00:03.881666515Z     ...<2 lines>...
2026-09-10T18:00:03.881668419Z         correlation_id=correlation_id,
2026-09-10T18:00:03.881670323Z     )
2026-09-10T18:00:03.881672257Z   File "/app/app/services/order_service.py", line 42, in create_order
2026-09-10T18:00:03.881674191Z     result = db.execute(
2026-09-10T18:00:03.881676104Z         select(ProductModel).where(ProductModel.id == product_id)
2026-09-10T18:00:03.881677998Z     )
2026-09-10T18:00:03.881679902Z   File "/usr/local/lib/python3.13/site-packages/sqlalchemy/orm/session.py", line 2372, in execute
2026-09-10T18:00:03.881681806Z     return self._execute_internal(
2026-09-10T18:00:03.881683700Z            ~~~~~~~~~~~~~~~~~~~~~~^
2026-09-10T18:00:03.881685623Z         statement,
2026-09-10T18:00:03.881687507Z         ^^^^^^^^^^
2026-09-10T18:00:03.881689441Z     ...<4 lines>...
2026-09-10T18:00:03.881691355Z         _add_event=_add_event,
2026-09-10T18:00:03.881693239Z         ^^^^^^^^^^^^^^^^^^^^^^
2026-09-10T18:00:03.881695112Z     )
2026-09-10T18:00:03.881696996Z     ^
2026-09-10T18:00:03.881698900Z   File "/usr/local/lib/python3.13/site-packages/sqlalchemy/orm/session.py", line 2260, in _execute_internal
2026-09-10T18:00:03.881700824Z     conn = self._connection_for_bind(bind)
2026-09-10T18:00:03.881703088Z   File "/usr/local/lib/python3.13/site-packages/sqlalchemy/orm/session.py", line 2112, in _connection_for_bind
2026-09-10T18:00:03.881705212Z     return trans._connection_for_bind(engine, execution_options)
2026-09-10T18:00:03.881707306Z            ~~~~~~~~~~~~~~~~~~~~~~~~~~^^^^^^^^^^^^^^^^^^^^^^^^^^^
2026-09-10T18:00:03.881709310Z   File "<string>", line 2, in _connection_for_bind
2026-09-10T18:00:03.881711274Z   File "/usr/local/lib/python3.13/site-packages/sqlalchemy/orm/state_changes.py", line 137, in _go
2026-09-10T18:00:03.881713168Z     ret_value = fn(self, *arg, **kw)
2026-09-10T18:00:03.881715623Z   File "/usr/local/lib/python3.13/site-packages/sqlalchemy/orm/session.py", line 1191, in _connection_for_bind
2026-09-10T18:00:03.881717517Z     conn = bind.connect()
2026-09-10T18:00:03.881720002Z   File "/usr/local/lib/python3.13/site-packages/opentelemetry/instrumentation/sqlalchemy/engine.py", line 200, in _wrap_connect_internal
2026-09-10T18:00:03.881721916Z     return func(*args, **kwargs)
2026-09-10T18:00:03.881723819Z   File "/usr/local/lib/python3.13/site-packages/sqlalchemy/engine/base.py", line 3295, in connect
2026-09-10T18:00:03.881725713Z     return self._connection_cls(self)
2026-09-10T18:00:03.881732146Z            ~~~~~~~~~~~~~~~~~~~~^^^^^^
2026-09-10T18:00:03.881734060Z   File "/usr/local/lib/python3.13/site-packages/sqlalchemy/engine/base.py", line 144, in __init__
2026-09-10T18:00:03.881735963Z     self._dbapi_connection = engine.raw_connection()
2026-09-10T18:00:03.881737867Z                              ~~~~~~~~~~~~~~~~~~~~~^^
2026-09-10T18:00:03.881739761Z   File "/usr/local/lib/python3.13/site-packages/sqlalchemy/engine/base.py", line 3319, in raw_connection
2026-09-10T18:00:03.881741675Z     return self.pool.connect()
2026-09-10T18:00:03.881743569Z            ~~~~~~~~~~~~~~~~~^^
2026-09-10T18:00:03.881745482Z   File "/usr/local/lib/python3.13/site-packages/sqlalchemy/pool/base.py", line 448, in connect
2026-09-10T18:00:03.881747376Z     return _ConnectionFairy._checkout(self)
2026-09-10T18:00:03.881749270Z            ~~~~~~~~~~~~~~~~~~~~~~~~~~^^^^^^
2026-09-10T18:00:03.881751144Z   File "/usr/local/lib/python3.13/site-packages/sqlalchemy/pool/base.py", line 1272, in _checkout
2026-09-10T18:00:03.881753027Z     fairy = _ConnectionRecord.checkout(pool)
2026-09-10T18:00:03.881754951Z   File "/usr/local/lib/python3.13/site-packages/sqlalchemy/pool/base.py", line 712, in checkout
2026-09-10T18:00:03.881756865Z     rec = pool._do_get()
2026-09-10T18:00:03.881758759Z   File "/usr/local/lib/python3.13/site-packages/sqlalchemy/pool/impl.py", line 167, in _do_get
2026-09-10T18:00:03.881760652Z     raise exc.TimeoutError(
2026-09-10T18:00:03.881762536Z     ...<4 lines>...
2026-09-10T18:00:03.881764410Z     )
2026-09-10T18:00:03.881766915Z sqlalchemy.exc.TimeoutError: QueuePool limit of size 5 overflow 10 reached, connection timed out, timeout 30.00 (Background on this error at: https://sqlalche.me/e/20/3o7r)
2026-09-10T18:00:04.011358682Z ERROR:    Exception in ASGI application
2026-09-10T18:00:04.011403311Z Traceback (most recent call last):
2026-09-10T18:00:04.011407299Z   File "/usr/local/lib/python3.13/site-packages/uvicorn/protocols/http/httptools_impl.py", line 421, in run_asgi
2026-09-10T18:00:04.011410876Z     result = await app(  # type: ignore[func-returns-value]
2026-09-10T18:00:04.011413692Z              ^^^^^^^^^^^^^^^^^^^^^^^^^^^^^^^^^^^^^^^^^^^^^^
2026-09-10T18:00:04.011415956Z         self.scope, self.receive, self.send
2026-09-10T18:00:04.011418110Z         ^^^^^^^^^^^^^^^^^^^^^^^^^^^^^^^^^^^
2026-09-10T18:00:04.011420565Z     )
2026-09-10T18:00:04.011424162Z     ^
2026-09-10T18:00:04.011428702Z   File "/usr/local/lib/python3.13/site-packages/uvicorn/middleware/proxy_headers.py", line 63, in __call__
2026-09-10T18:00:04.011431116Z     return await self.app(scope, receive, send)
2026-09-10T18:00:04.011433701Z            ^^^^^^^^^^^^^^^^^^^^^^^^^^^^^^^^^^^^
2026-09-10T18:00:04.011436437Z   File "/usr/local/lib/python3.13/site-packages/fastapi/applications.py", line 1159, in __call__
2026-09-10T18:00:04.011438621Z     await super().__call__(scope, receive, send)
2026-09-10T18:00:04.011440866Z   File "/usr/local/lib/python3.13/site-packages/starlette/applications.py", line 107, in __call__
2026-09-10T18:00:04.011443230Z     await self.middleware_stack(scope, receive, send)
2026-09-10T18:00:04.011445735Z   File "/usr/local/lib/python3.13/site-packages/starlette/middleware/errors.py", line 186, in __call__
2026-09-10T18:00:04.011448230Z     raise exc
2026-09-10T18:00:04.011450605Z   File "/usr/local/lib/python3.13/site-packages/starlette/middleware/errors.py", line 164, in __call__
2026-09-10T18:00:04.011452819Z     await self.app(scope, receive, _send)
2026-09-10T18:00:04.011455645Z   File "/usr/local/lib/python3.13/site-packages/opentelemetry/instrumentation/asgi/__init__.py", line 806, in __call__
2026-09-10T18:00:04.011489122Z     await self.app(scope, otel_receive, otel_send)
2026-09-10T18:00:04.011494462Z   File "/usr/local/lib/python3.13/site-packages/starlette/middleware/errors.py", line 186, in __call__
2026-09-10T18:00:04.011498230Z     raise exc
2026-09-10T18:00:04.011500494Z   File "/usr/local/lib/python3.13/site-packages/starlette/middleware/errors.py", line 164, in __call__
2026-09-10T18:00:04.011503009Z     await self.app(scope, receive, _send)
2026-09-10T18:00:04.011505464Z   File "/usr/local/lib/python3.13/site-packages/opentelemetry/instrumentation/fastapi/__init__.py", line 305, in __call__
2026-09-10T18:00:04.011507648Z     await self.app(scope, receive, send)
2026-09-10T18:00:04.011510013Z   File "/usr/local/lib/python3.13/site-packages/prometheus_fastapi_instrumentator/middleware.py", line 177, in __call__
2026-09-10T18:00:04.011512498Z     raise exc
2026-09-10T18:00:04.011514793Z   File "/usr/local/lib/python3.13/site-packages/prometheus_fastapi_instrumentator/middleware.py", line 175, in __call__
2026-09-10T18:00:04.011517277Z     await self.app(scope, receive, send_wrapper)
2026-09-10T18:00:04.011519522Z   File "/usr/local/lib/python3.13/site-packages/starlette/middleware/exceptions.py", line 63, in __call__
2026-09-10T18:00:04.011522708Z     await wrap_app_handling_exceptions(self.app, conn)(scope, receive, send)
2026-09-10T18:00:04.011525053Z   File "/usr/local/lib/python3.13/site-packages/starlette/_exception_handler.py", line 53, in wrapped_app
2026-09-10T18:00:04.011527327Z     raise exc
2026-09-10T18:00:04.011529662Z   File "/usr/local/lib/python3.13/site-packages/starlette/_exception_handler.py", line 42, in wrapped_app
2026-09-10T18:00:04.011531826Z     await app(scope, receive, sender)
2026-09-10T18:00:04.011534111Z   File "/usr/local/lib/python3.13/site-packages/fastapi/middleware/asyncexitstack.py", line 18, in __call__
2026-09-10T18:00:04.011536265Z     await self.app(scope, receive, send)
2026-09-10T18:00:04.011538660Z   File "/usr/local/lib/python3.13/site-packages/starlette/routing.py", line 716, in __call__
2026-09-10T18:00:04.011540884Z     await self.middleware_stack(scope, receive, send)
2026-09-10T18:00:04.011543039Z   File "/usr/local/lib/python3.13/site-packages/starlette/routing.py", line 736, in app
2026-09-10T18:00:04.011545123Z     await route.handle(scope, receive, send)
2026-09-10T18:00:04.011547237Z   File "/usr/local/lib/python3.13/site-packages/starlette/routing.py", line 290, in handle
2026-09-10T18:00:04.011549291Z     await self.app(scope, receive, send)
2026-09-10T18:00:04.011551796Z   File "/usr/local/lib/python3.13/site-packages/fastapi/routing.py", line 134, in app
2026-09-10T18:00:04.011553990Z     await wrap_app_handling_exceptions(app, request)(scope, receive, send)
2026-09-10T18:00:04.011556566Z   File "/usr/local/lib/python3.13/site-packages/starlette/_exception_handler.py", line 53, in wrapped_app
2026-09-10T18:00:04.011584581Z     raise exc
2026-09-10T18:00:04.011589802Z   File "/usr/local/lib/python3.13/site-packages/starlette/_exception_handler.py", line 42, in wrapped_app
2026-09-10T18:00:04.011593589Z     await app(scope, receive, sender)
2026-09-10T18:00:04.011596174Z   File "/usr/local/lib/python3.13/site-packages/fastapi/routing.py", line 120, in app
2026-09-10T18:00:04.011599080Z     response = await f(request)
2026-09-10T18:00:04.011601154Z                ^^^^^^^^^^^^^^^^
2026-09-10T18:00:04.011603068Z   File "/usr/local/lib/python3.13/site-packages/fastapi/routing.py", line 674, in app
2026-09-10T18:00:04.011605042Z     raw_response = await run_endpoint_function(
2026-09-10T18:00:04.011606996Z                    ^^^^^^^^^^^^^^^^^^^^^^^^^^^^
2026-09-10T18:00:04.011609571Z     ...<3 lines>...
2026-09-10T18:00:04.011622667Z     )
2026-09-10T18:00:04.011624711Z     ^
2026-09-10T18:00:04.011626655Z   File "/usr/local/lib/python3.13/site-packages/fastapi/routing.py", line 330, in run_endpoint_function
2026-09-10T18:00:04.011628569Z     return await run_in_threadpool(dependant.call, **values)
2026-09-10T18:00:04.011633679Z            ^^^^^^^^^^^^^^^^^^^^^^^^^^^^^^^^^^^^^^^^^^^^^^^^^
2026-09-10T18:00:04.011672877Z   File "/usr/local/lib/python3.13/site-packages/starlette/concurrency.py", line 32, in run_in_threadpool
2026-09-10T18:00:04.011677696Z     return await anyio.to_thread.run_sync(func)
2026-09-10T18:00:04.011679700Z            ^^^^^^^^^^^^^^^^^^^^^^^^^^^^^^^^^^^^
2026-09-10T18:00:04.011681654Z   File "/usr/local/lib/python3.13/site-packages/anyio/to_thread.py", line 63, in run_sync
2026-09-10T18:00:04.011683738Z     return await get_async_backend().run_sync_in_worker_thread(
2026-09-10T18:00:04.011685642Z            ^^^^^^^^^^^^^^^^^^^^^^^^^^^^^^^^^^^^^^^^^^^^^^^^^^^^
2026-09-10T18:00:04.011687536Z         func, args, abandon_on_cancel=abandon_on_cancel, limiter=limiter
2026-09-10T18:00:04.011689430Z         ^^^^^^^^^^^^^^^^^^^^^^^^^^^^^^^^^^^^^^^^^^^^^^^^^^^^^^^^^^^^^^^^
2026-09-10T18:00:04.011691413Z     )
2026-09-10T18:00:04.011693317Z     ^
2026-09-10T18:00:04.011695271Z   File "/usr/local/lib/python3.13/site-packages/anyio/_backends/_asyncio.py", line 2518, in run_sync_in_worker_thread
2026-09-10T18:00:04.011697175Z     return await future
2026-09-10T18:00:04.011699069Z            ^^^^^^^^^^^^
2026-09-10T18:00:04.011700952Z   File "/usr/local/lib/python3.13/site-packages/anyio/_backends/_asyncio.py", line 1002, in run
2026-09-10T18:00:04.011702866Z     result = context.run(func, *args)
2026-09-10T18:00:04.011704840Z   File "/app/app/routers/orders.py", line 36, in checkout
2026-09-10T18:00:04.011706824Z     return create_order(
2026-09-10T18:00:04.011708738Z         db=db,
2026-09-10T18:00:04.011710662Z     ...<2 lines>...
2026-09-10T18:00:04.011712576Z         correlation_id=correlation_id,
2026-09-10T18:00:04.011714499Z     )
2026-09-10T18:00:04.011716443Z   File "/app/app/services/order_service.py", line 42, in create_order
2026-09-10T18:00:04.011718367Z     result = db.execute(
2026-09-10T18:00:04.011720261Z         select(ProductModel).where(ProductModel.id == product_id)
2026-09-10T18:00:04.011722165Z     )
2026-09-10T18:00:04.011724068Z   File "/usr/local/lib/python3.13/site-packages/sqlalchemy/orm/session.py", line 2372, in execute
2026-09-10T18:00:04.011725962Z     return self._execute_internal(
2026-09-10T18:00:04.011727916Z            ~~~~~~~~~~~~~~~~~~~~~~^
2026-09-10T18:00:04.011729840Z         statement,
2026-09-10T18:00:04.011731744Z         ^^^^^^^^^^
2026-09-10T18:00:04.011733667Z     ...<4 lines>...
2026-09-10T18:00:04.011735782Z         _add_event=_add_event,
2026-09-10T18:00:04.011737776Z         ^^^^^^^^^^^^^^^^^^^^^^
2026-09-10T18:00:04.011739679Z     )
2026-09-10T18:00:04.011741573Z     ^
2026-09-10T18:00:04.011743467Z   File "/usr/local/lib/python3.13/site-packages/sqlalchemy/orm/session.py", line 2260, in _execute_internal
2026-09-10T18:00:04.011745431Z     conn = self._connection_for_bind(bind)
2026-09-10T18:00:04.011747355Z   File "/usr/local/lib/python3.13/site-packages/sqlalchemy/orm/session.py", line 2112, in _connection_for_bind
2026-09-10T18:00:04.011749258Z     return trans._connection_for_bind(engine, execution_options)
2026-09-10T18:00:04.011751152Z            ~~~~~~~~~~~~~~~~~~~~~~~~~~^^^^^^^^^^^^^^^^^^^^^^^^^^^
2026-09-10T18:00:04.011753096Z   File "<string>", line 2, in _connection_for_bind
2026-09-10T18:00:04.011755010Z   File "/usr/local/lib/python3.13/site-packages/sqlalchemy/orm/state_changes.py", line 137, in _go
2026-09-10T18:00:04.011774569Z     ret_value = fn(self, *arg, **kw)
2026-09-10T18:00:04.011776543Z   File "/usr/local/lib/python3.13/site-packages/sqlalchemy/orm/session.py", line 1191, in _connection_for_bind
2026-09-10T18:00:04.011778436Z     conn = bind.connect()
2026-09-10T18:00:04.011781012Z   File "/usr/local/lib/python3.13/site-packages/opentelemetry/instrumentation/sqlalchemy/engine.py", line 200, in _wrap_connect_internal
2026-09-10T18:00:04.011782905Z     return func(*args, **kwargs)
2026-09-10T18:00:04.011784779Z   File "/usr/local/lib/python3.13/site-packages/sqlalchemy/engine/base.py", line 3295, in connect
2026-09-10T18:00:04.011786703Z     return self._connection_cls(self)
2026-09-10T18:00:04.011788587Z            ~~~~~~~~~~~~~~~~~~~~^^^^^^
2026-09-10T18:00:04.011790470Z   File "/usr/local/lib/python3.13/site-packages/sqlalchemy/engine/base.py", line 144, in __init__
2026-09-10T18:00:04.011792374Z     self._dbapi_connection = engine.raw_connection()
2026-09-10T18:00:04.011794308Z                              ~~~~~~~~~~~~~~~~~~~~~^^
2026-09-10T18:00:04.011796192Z   File "/usr/local/lib/python3.13/site-packages/sqlalchemy/engine/base.py", line 3319, in raw_connection
2026-09-10T18:00:04.011798075Z     return self.pool.connect()
2026-09-10T18:00:04.011799969Z            ~~~~~~~~~~~~~~~~~^^
2026-09-10T18:00:04.011801883Z   File "/usr/local/lib/python3.13/site-packages/sqlalchemy/pool/base.py", line 448, in connect
2026-09-10T18:00:04.011803797Z     return _ConnectionFairy._checkout(self)
2026-09-10T18:00:04.011805691Z            ~~~~~~~~~~~~~~~~~~~~~~~~~~^^^^^^
2026-09-10T18:00:04.011807584Z   File "/usr/local/lib/python3.13/site-packages/sqlalchemy/pool/base.py", line 1272, in _checkout
2026-09-10T18:00:04.011809488Z     fairy = _ConnectionRecord.checkout(pool)
2026-09-10T18:00:04.011811402Z   File "/usr/local/lib/python3.13/site-packages/sqlalchemy/pool/base.py", line 712, in checkout
2026-09-10T18:00:04.011813306Z     rec = pool._do_get()
2026-09-10T18:00:04.011815219Z   File "/usr/local/lib/python3.13/site-packages/sqlalchemy/pool/impl.py", line 167, in _do_get
2026-09-10T18:00:04.011817153Z     raise exc.TimeoutError(
2026-09-10T18:00:04.011819047Z     ...<4 lines>...
2026-09-10T18:00:04.011820951Z     )
2026-09-10T18:00:04.011823476Z sqlalchemy.exc.TimeoutError: QueuePool limit of size 5 overflow 10 reached, connection timed out, timeout 30.00 (Background on this error at: https://sqlalche.me/e/20/3o7r)
2026-09-10T18:00:04.201842439Z ERROR:    Exception in ASGI application
2026-09-10T18:00:04.201917819Z Traceback (most recent call last):
2026-09-10T18:00:04.201924903Z   File "/usr/local/lib/python3.13/site-packages/uvicorn/protocols/http/httptools_impl.py", line 421, in run_asgi
2026-09-10T18:00:04.201931887Z     result = await app(  # type: ignore[func-returns-value]
2026-09-10T18:00:04.201937528Z              ^^^^^^^^^^^^^^^^^^^^^^^^^^^^^^^^^^^^^^^^^^^^^^
2026-09-10T18:00:04.201943380Z         self.scope, self.receive, self.send
2026-09-10T18:00:04.201948961Z         ^^^^^^^^^^^^^^^^^^^^^^^^^^^^^^^^^^^
2026-09-10T18:00:04.201954562Z     )
2026-09-10T18:00:04.201960664Z     ^
2026-09-10T18:00:04.201966516Z   File "/usr/local/lib/python3.13/site-packages/uvicorn/middleware/proxy_headers.py", line 63, in __call__
2026-09-10T18:00:04.201972117Z     return await self.app(scope, receive, send)
2026-09-10T18:00:04.201977818Z            ^^^^^^^^^^^^^^^^^^^^^^^^^^^^^^^^^^^^
2026-09-10T18:00:04.201984461Z   File "/usr/local/lib/python3.13/site-packages/fastapi/applications.py", line 1159, in __call__
2026-09-10T18:00:04.201990052Z     await super().__call__(scope, receive, send)
2026-09-10T18:00:04.201995794Z   File "/usr/local/lib/python3.13/site-packages/starlette/applications.py", line 107, in __call__
2026-09-10T18:00:04.202043168Z     await self.middleware_stack(scope, receive, send)
2026-09-10T18:00:04.202049000Z   File "/usr/local/lib/python3.13/site-packages/starlette/middleware/errors.py", line 186, in __call__
2026-09-10T18:00:04.202054741Z     raise exc
2026-09-10T18:00:04.202060522Z   File "/usr/local/lib/python3.13/site-packages/starlette/middleware/errors.py", line 164, in __call__
2026-09-10T18:00:04.202066855Z     await self.app(scope, receive, _send)
2026-09-10T18:00:04.202073508Z   File "/usr/local/lib/python3.13/site-packages/opentelemetry/instrumentation/asgi/__init__.py", line 806, in __call__
2026-09-10T18:00:04.202079099Z     await self.app(scope, otel_receive, otel_send)
2026-09-10T18:00:04.202084811Z   File "/usr/local/lib/python3.13/site-packages/starlette/middleware/errors.py", line 186, in __call__
2026-09-10T18:00:04.202090392Z     raise exc
2026-09-10T18:00:04.202095903Z   File "/usr/local/lib/python3.13/site-packages/starlette/middleware/errors.py", line 164, in __call__
2026-09-10T18:00:04.202101514Z     await self.app(scope, receive, _send)
2026-09-10T18:00:04.202107085Z   File "/usr/local/lib/python3.13/site-packages/opentelemetry/instrumentation/fastapi/__init__.py", line 305, in __call__
2026-09-10T18:00:04.202112656Z     await self.app(scope, receive, send)
2026-09-10T18:00:04.202118548Z   File "/usr/local/lib/python3.13/site-packages/prometheus_fastapi_instrumentator/middleware.py", line 177, in __call__
2026-09-10T18:00:04.202124239Z     raise exc
2026-09-10T18:00:04.202129850Z   File "/usr/local/lib/python3.13/site-packages/prometheus_fastapi_instrumentator/middleware.py", line 175, in __call__
2026-09-10T18:00:04.202135361Z     await self.app(scope, receive, send_wrapper)
2026-09-10T18:00:04.202140992Z   File "/usr/local/lib/python3.13/site-packages/starlette/middleware/exceptions.py", line 63, in __call__
2026-09-10T18:00:04.202147726Z     await wrap_app_handling_exceptions(self.app, conn)(scope, receive, send)
2026-09-10T18:00:04.202153267Z   File "/usr/local/lib/python3.13/site-packages/starlette/_exception_handler.py", line 53, in wrapped_app
2026-09-10T18:00:04.202158818Z     raise exc
2026-09-10T18:00:04.202164409Z   File "/usr/local/lib/python3.13/site-packages/starlette/_exception_handler.py", line 42, in wrapped_app
2026-09-10T18:00:04.202169910Z     await app(scope, receive, sender)
2026-09-10T18:00:04.202175461Z   File "/usr/local/lib/python3.13/site-packages/fastapi/middleware/asyncexitstack.py", line 18, in __call__
2026-09-10T18:00:04.202180962Z     await self.app(scope, receive, send)
2026-09-10T18:00:04.202186503Z   File "/usr/local/lib/python3.13/site-packages/starlette/routing.py", line 716, in __call__
2026-09-10T18:00:04.202192014Z     await self.middleware_stack(scope, receive, send)
2026-09-10T18:00:04.202197565Z   File "/usr/local/lib/python3.13/site-packages/starlette/routing.py", line 736, in app
2026-09-10T18:00:04.202203116Z     await route.handle(scope, receive, send)
2026-09-10T18:00:04.202208657Z   File "/usr/local/lib/python3.13/site-packages/starlette/routing.py", line 290, in handle
2026-09-10T18:00:04.202214188Z     await self.app(scope, receive, send)
2026-09-10T18:00:04.202224839Z   File "/usr/local/lib/python3.13/site-packages/fastapi/routing.py", line 134, in app
2026-09-10T18:00:04.202230490Z     await wrap_app_handling_exceptions(app, request)(scope, receive, send)
2026-09-10T18:00:04.202236131Z   File "/usr/local/lib/python3.13/site-packages/starlette/_exception_handler.py", line 53, in wrapped_app
2026-09-10T18:00:04.202241682Z     raise exc
2026-09-10T18:00:04.202247243Z   File "/usr/local/lib/python3.13/site-packages/starlette/_exception_handler.py", line 42, in wrapped_app
2026-09-10T18:00:04.202266852Z     await app(scope, receive, sender)
2026-09-10T18:00:04.202272393Z   File "/usr/local/lib/python3.13/site-packages/fastapi/routing.py", line 120, in app
2026-09-10T18:00:04.202279057Z     response = await f(request)
2026-09-10T18:00:04.202284588Z                ^^^^^^^^^^^^^^^^
2026-09-10T18:00:04.202290089Z   File "/usr/local/lib/python3.13/site-packages/fastapi/routing.py", line 674, in app
2026-09-10T18:00:04.202295680Z     raw_response = await run_endpoint_function(
2026-09-10T18:00:04.202301261Z                    ^^^^^^^^^^^^^^^^^^^^^^^^^^^^
2026-09-10T18:00:04.202307363Z     ...<3 lines>...
2026-09-10T18:00:04.202312994Z     )
2026-09-10T18:00:04.202318595Z     ^
2026-09-10T18:00:04.202324126Z   File "/usr/local/lib/python3.13/site-packages/fastapi/routing.py", line 330, in run_endpoint_function
2026-09-10T18:00:04.202329667Z     return await run_in_threadpool(dependant.call, **values)
2026-09-10T18:00:04.202335198Z            ^^^^^^^^^^^^^^^^^^^^^^^^^^^^^^^^^^^^^^^^^^^^^^^^^
2026-09-10T18:00:04.202418985Z   File "/usr/local/lib/python3.13/site-packages/starlette/concurrency.py", line 32, in run_in_threadpool
2026-09-10T18:00:04.202432121Z     return await anyio.to_thread.run_sync(func)
2026-09-10T18:00:04.202438163Z            ^^^^^^^^^^^^^^^^^^^^^^^^^^^^^^^^^^^^
2026-09-10T18:00:04.202443954Z   File "/usr/local/lib/python3.13/site-packages/anyio/to_thread.py", line 63, in run_sync
2026-09-10T18:00:04.202449766Z     return await get_async_backend().run_sync_in_worker_thread(
2026-09-10T18:00:04.202455307Z            ^^^^^^^^^^^^^^^^^^^^^^^^^^^^^^^^^^^^^^^^^^^^^^^^^^^^
2026-09-10T18:00:04.202460868Z         func, args, abandon_on_cancel=abandon_on_cancel, limiter=limiter
2026-09-10T18:00:04.202466379Z         ^^^^^^^^^^^^^^^^^^^^^^^^^^^^^^^^^^^^^^^^^^^^^^^^^^^^^^^^^^^^^^^^
2026-09-10T18:00:04.202471970Z     )
2026-09-10T18:00:04.202477571Z     ^
2026-09-10T18:00:04.202483192Z   File "/usr/local/lib/python3.13/site-packages/anyio/_backends/_asyncio.py", line 2518, in run_sync_in_worker_thread
2026-09-10T18:00:04.202488833Z     return await future
2026-09-10T18:00:04.202494455Z            ^^^^^^^^^^^^
2026-09-10T18:00:04.202499956Z   File "/usr/local/lib/python3.13/site-packages/anyio/_backends/_asyncio.py", line 1002, in run
2026-09-10T18:00:04.202505477Z     result = context.run(func, *args)
2026-09-10T18:00:04.202511108Z   File "/app/app/routers/orders.py", line 36, in checkout
2026-09-10T18:00:04.202516619Z     return create_order(
2026-09-10T18:00:04.202522240Z         db=db,
2026-09-10T18:00:04.202527901Z     ...<2 lines>...
2026-09-10T18:00:04.202533462Z         correlation_id=correlation_id,
2026-09-10T18:00:04.202539023Z     )
2026-09-10T18:00:04.202544674Z   File "/app/app/services/order_service.py", line 42, in create_order
2026-09-10T18:00:04.202550215Z     result = db.execute(
2026-09-10T18:00:04.202555726Z         select(ProductModel).where(ProductModel.id == product_id)
2026-09-10T18:00:04.202561197Z     )
2026-09-10T18:00:04.202566748Z   File "/usr/local/lib/python3.13/site-packages/sqlalchemy/orm/session.py", line 2372, in execute
2026-09-10T18:00:04.202572259Z     return self._execute_internal(
2026-09-10T18:00:04.202577820Z            ~~~~~~~~~~~~~~~~~~~~~~^
2026-09-10T18:00:04.202583371Z         statement,
2026-09-10T18:00:04.202588932Z         ^^^^^^^^^^
2026-09-10T18:00:04.202594473Z     ...<4 lines>...
2026-09-10T18:00:04.202599974Z         _add_event=_add_event,
2026-09-10T18:00:04.202605485Z         ^^^^^^^^^^^^^^^^^^^^^^
2026-09-10T18:00:04.202610926Z     )
2026-09-10T18:00:04.202616427Z     ^
2026-09-10T18:00:04.202746495Z   File "/usr/local/lib/python3.13/site-packages/sqlalchemy/orm/session.py", line 2260, in _execute_internal
2026-09-10T18:00:04.202764772Z     conn = self._connection_for_bind(bind)
2026-09-10T18:00:04.202769341Z   File "/usr/local/lib/python3.13/site-packages/sqlalchemy/orm/session.py", line 2112, in _connection_for_bind
2026-09-10T18:00:04.202773740Z     return trans._connection_for_bind(engine, execution_options)
2026-09-10T18:00:04.202777978Z            ~~~~~~~~~~~~~~~~~~~~~~~~~~^^^^^^^^^^^^^^^^^^^^^^^^^^^
2026-09-10T18:00:04.202782307Z   File "<string>", line 2, in _connection_for_bind
2026-09-10T18:00:04.202786595Z   File "/usr/local/lib/python3.13/site-packages/sqlalchemy/orm/state_changes.py", line 137, in _go
2026-09-10T18:00:04.202791184Z     ret_value = fn(self, *arg, **kw)
2026-09-10T18:00:04.202795533Z   File "/usr/local/lib/python3.13/site-packages/sqlalchemy/orm/session.py", line 1191, in _connection_for_bind
2026-09-10T18:00:04.202799821Z     conn = bind.connect()
2026-09-10T18:00:04.202804771Z   File "/usr/local/lib/python3.13/site-packages/opentelemetry/instrumentation/sqlalchemy/engine.py", line 200, in _wrap_connect_internal
2026-09-10T18:00:04.202809120Z     return func(*args, **kwargs)
2026-09-10T18:00:04.202813428Z   File "/usr/local/lib/python3.13/site-packages/sqlalchemy/engine/base.py", line 3295, in connect
2026-09-10T18:00:04.202817707Z     return self._connection_cls(self)
2026-09-10T18:00:04.202821995Z            ~~~~~~~~~~~~~~~~~~~~^^^^^^
2026-09-10T18:00:04.202826384Z   File "/usr/local/lib/python3.13/site-packages/sqlalchemy/engine/base.py", line 144, in __init__
2026-09-10T18:00:04.202830703Z     self._dbapi_connection = engine.raw_connection()
2026-09-10T18:00:04.202838258Z                              ~~~~~~~~~~~~~~~~~~~~~^^
2026-09-10T18:00:04.202842606Z   File "/usr/local/lib/python3.13/site-packages/sqlalchemy/engine/base.py", line 3319, in raw_connection
2026-09-10T18:00:04.202846915Z     return self.pool.connect()
2026-09-10T18:00:04.202851183Z            ~~~~~~~~~~~~~~~~~^^
2026-09-10T18:00:04.202855472Z   File "/usr/local/lib/python3.13/site-packages/sqlalchemy/pool/base.py", line 448, in connect
2026-09-10T18:00:04.202859730Z     return _ConnectionFairy._checkout(self)
2026-09-10T18:00:04.202864059Z            ~~~~~~~~~~~~~~~~~~~~~~~~~~^^^^^^
2026-09-10T18:00:04.202868318Z   File "/usr/local/lib/python3.13/site-packages/sqlalchemy/pool/base.py", line 1272, in _checkout
2026-09-10T18:00:04.202872606Z     fairy = _ConnectionRecord.checkout(pool)
2026-09-10T18:00:04.202876905Z   File "/usr/local/lib/python3.13/site-packages/sqlalchemy/pool/base.py", line 712, in checkout
2026-09-10T18:00:04.202881153Z     rec = pool._do_get()
2026-09-10T18:00:04.202885462Z   File "/usr/local/lib/python3.13/site-packages/sqlalchemy/pool/impl.py", line 167, in _do_get
2026-09-10T18:00:04.202889800Z     raise exc.TimeoutError(
2026-09-10T18:00:04.202894159Z     ...<4 lines>...
2026-09-10T18:00:04.202898548Z     )
2026-09-10T18:00:04.202903397Z sqlalchemy.exc.TimeoutError: QueuePool limit of size 5 overflow 10 reached, connection timed out, timeout 30.00 (Background on this error at: https://sqlalche.me/e/20/3o7r)
2026-09-10T18:00:04.294712531Z ERROR:    Exception in ASGI application
2026-09-10T18:00:04.294754445Z Traceback (most recent call last):
2026-09-10T18:00:04.294760857Z   File "/usr/local/lib/python3.13/site-packages/uvicorn/protocols/http/httptools_impl.py", line 421, in run_asgi
2026-09-10T18:00:04.294765797Z     result = await app(  # type: ignore[func-returns-value]
2026-09-10T18:00:04.294770116Z              ^^^^^^^^^^^^^^^^^^^^^^^^^^^^^^^^^^^^^^^^^^^^^^
2026-09-10T18:00:04.294774384Z         self.scope, self.receive, self.send
2026-09-10T18:00:04.294795957Z         ^^^^^^^^^^^^^^^^^^^^^^^^^^^^^^^^^^^
2026-09-10T18:00:04.294797991Z     )
2026-09-10T18:00:04.294800065Z     ^
2026-09-10T18:00:04.294802440Z   File "/usr/local/lib/python3.13/site-packages/uvicorn/middleware/proxy_headers.py", line 63, in __call__
2026-09-10T18:00:04.294804865Z     return await self.app(scope, receive, send)
2026-09-10T18:00:04.294807270Z            ^^^^^^^^^^^^^^^^^^^^^^^^^^^^^^^^^^^^
2026-09-10T18:00:04.294809815Z   File "/usr/local/lib/python3.13/site-packages/fastapi/applications.py", line 1159, in __call__
2026-09-10T18:00:04.294811739Z     await super().__call__(scope, receive, send)
2026-09-10T18:00:04.294814063Z   File "/usr/local/lib/python3.13/site-packages/starlette/applications.py", line 107, in __call__
2026-09-10T18:00:04.294818783Z     await self.middleware_stack(scope, receive, send)
2026-09-10T18:00:04.294820756Z   File "/usr/local/lib/python3.13/site-packages/starlette/middleware/errors.py", line 186, in __call__
2026-09-10T18:00:04.294822700Z     raise exc
2026-09-10T18:00:04.294824634Z   File "/usr/local/lib/python3.13/site-packages/starlette/middleware/errors.py", line 164, in __call__
2026-09-10T18:00:04.294826548Z     await self.app(scope, receive, _send)
2026-09-10T18:00:04.294829243Z   File "/usr/local/lib/python3.13/site-packages/opentelemetry/instrumentation/asgi/__init__.py", line 806, in __call__
2026-09-10T18:00:04.294831167Z     await self.app(scope, otel_receive, otel_send)
2026-09-10T18:00:04.294833081Z   File "/usr/local/lib/python3.13/site-packages/starlette/middleware/errors.py", line 186, in __call__
2026-09-10T18:00:04.294834995Z     raise exc
2026-09-10T18:00:04.294836899Z   File "/usr/local/lib/python3.13/site-packages/starlette/middleware/errors.py", line 164, in __call__
2026-09-10T18:00:04.294838792Z     await self.app(scope, receive, _send)
2026-09-10T18:00:04.294840686Z   File "/usr/local/lib/python3.13/site-packages/opentelemetry/instrumentation/fastapi/__init__.py", line 305, in __call__
2026-09-10T18:00:04.294842580Z     await self.app(scope, receive, send)
2026-09-10T18:00:04.294844494Z   File "/usr/local/lib/python3.13/site-packages/prometheus_fastapi_instrumentator/middleware.py", line 177, in __call__
2026-09-10T18:00:04.294846407Z     raise exc
2026-09-10T18:00:04.294848301Z   File "/usr/local/lib/python3.13/site-packages/prometheus_fastapi_instrumentator/middleware.py", line 175, in __call__
2026-09-10T18:00:04.294850205Z     await self.app(scope, receive, send_wrapper)
2026-09-10T18:00:04.294852159Z   File "/usr/local/lib/python3.13/site-packages/starlette/middleware/exceptions.py", line 63, in __call__
2026-09-10T18:00:04.294854964Z     await wrap_app_handling_exceptions(self.app, conn)(scope, receive, send)
2026-09-10T18:00:04.294856858Z   File "/usr/local/lib/python3.13/site-packages/starlette/_exception_handler.py", line 53, in wrapped_app
2026-09-10T18:00:04.294858742Z     raise exc
2026-09-10T18:00:04.294860636Z   File "/usr/local/lib/python3.13/site-packages/starlette/_exception_handler.py", line 42, in wrapped_app
2026-09-10T18:00:04.294862590Z     await app(scope, receive, sender)
2026-09-10T18:00:04.294864493Z   File "/usr/local/lib/python3.13/site-packages/fastapi/middleware/asyncexitstack.py", line 18, in __call__
2026-09-10T18:00:04.294866397Z     await self.app(scope, receive, send)
2026-09-10T18:00:04.294868301Z   File "/usr/local/lib/python3.13/site-packages/starlette/routing.py", line 716, in __call__
2026-09-10T18:00:04.294870185Z     await self.middleware_stack(scope, receive, send)
2026-09-10T18:00:04.294872088Z   File "/usr/local/lib/python3.13/site-packages/starlette/routing.py", line 736, in app
2026-09-10T18:00:04.294873982Z     await route.handle(scope, receive, send)
2026-09-10T18:00:04.294882219Z   File "/usr/local/lib/python3.13/site-packages/starlette/routing.py", line 290, in handle
2026-09-10T18:00:04.294884172Z     await self.app(scope, receive, send)
2026-09-10T18:00:04.294886066Z   File "/usr/local/lib/python3.13/site-packages/fastapi/routing.py", line 134, in app
2026-09-10T18:00:04.294887940Z     await wrap_app_handling_exceptions(app, request)(scope, receive, send)
2026-09-10T18:00:04.294889864Z   File "/usr/local/lib/python3.13/site-packages/starlette/_exception_handler.py", line 53, in wrapped_app
2026-09-10T18:00:04.294891738Z     raise exc
2026-09-10T18:00:04.294896256Z   File "/usr/local/lib/python3.13/site-packages/starlette/_exception_handler.py", line 42, in wrapped_app
2026-09-10T18:00:04.294898321Z     await app(scope, receive, sender)
2026-09-10T18:00:04.294900315Z   File "/usr/local/lib/python3.13/site-packages/fastapi/routing.py", line 120, in app
2026-09-10T18:00:04.294903000Z     response = await f(request)
2026-09-10T18:00:04.294905014Z                ^^^^^^^^^^^^^^^^
2026-09-10T18:00:04.294906918Z   File "/usr/local/lib/python3.13/site-packages/fastapi/routing.py", line 674, in app
2026-09-10T18:00:04.294908831Z     raw_response = await run_endpoint_function(
2026-09-10T18:00:04.294910745Z                    ^^^^^^^^^^^^^^^^^^^^^^^^^^^^
2026-09-10T18:00:04.294913090Z     ...<3 lines>...
2026-09-10T18:00:04.294915024Z     )
2026-09-10T18:00:04.294916928Z     ^
2026-09-10T18:00:04.294918881Z   File "/usr/local/lib/python3.13/site-packages/fastapi/routing.py", line 330, in run_endpoint_function
2026-09-10T18:00:04.294920865Z     return await run_in_threadpool(dependant.call, **values)
2026-09-10T18:00:04.294922799Z            ^^^^^^^^^^^^^^^^^^^^^^^^^^^^^^^^^^^^^^^^^^^^^^^^^
2026-09-10T18:00:04.294941867Z   File "/usr/local/lib/python3.13/site-packages/starlette/concurrency.py", line 32, in run_in_threadpool
2026-09-10T18:00:04.294944011Z     return await anyio.to_thread.run_sync(func)
2026-09-10T18:00:04.294945925Z            ^^^^^^^^^^^^^^^^^^^^^^^^^^^^^^^^^^^^
2026-09-10T18:00:04.294947879Z   File "/usr/local/lib/python3.13/site-packages/anyio/to_thread.py", line 63, in run_sync
2026-09-10T18:00:04.294949803Z     return await get_async_backend().run_sync_in_worker_thread(
2026-09-10T18:00:04.294951697Z            ^^^^^^^^^^^^^^^^^^^^^^^^^^^^^^^^^^^^^^^^^^^^^^^^^^^^
2026-09-10T18:00:04.294953580Z         func, args, abandon_on_cancel=abandon_on_cancel, limiter=limiter
2026-09-10T18:00:04.294955494Z         ^^^^^^^^^^^^^^^^^^^^^^^^^^^^^^^^^^^^^^^^^^^^^^^^^^^^^^^^^^^^^^^^
2026-09-10T18:00:04.294957428Z     )
2026-09-10T18:00:04.294959352Z     ^
2026-09-10T18:00:04.294961256Z   File "/usr/local/lib/python3.13/site-packages/anyio/_backends/_asyncio.py", line 2518, in run_sync_in_worker_thread
2026-09-10T18:00:04.294963179Z     return await future
2026-09-10T18:00:04.294965103Z            ^^^^^^^^^^^^
2026-09-10T18:00:04.294966997Z   File "/usr/local/lib/python3.13/site-packages/anyio/_backends/_asyncio.py", line 1002, in run
2026-09-10T18:00:04.294968901Z     result = context.run(func, *args)
2026-09-10T18:00:04.294970825Z   File "/app/app/routers/orders.py", line 36, in checkout
2026-09-10T18:00:04.294972718Z     return create_order(
2026-09-10T18:00:04.294974642Z         db=db,
2026-09-10T18:00:04.294976586Z     ...<2 lines>...
2026-09-10T18:00:04.294978520Z         correlation_id=correlation_id,
2026-09-10T18:00:04.294980464Z     )
2026-09-10T18:00:04.294982408Z   File "/app/app/services/order_service.py", line 42, in create_order
2026-09-10T18:00:04.294984311Z     result = db.execute(
2026-09-10T18:00:04.294986235Z         select(ProductModel).where(ProductModel.id == product_id)
2026-09-10T18:00:04.294995914Z     )
2026-09-10T18:00:04.294998750Z   File "/usr/local/lib/python3.13/site-packages/sqlalchemy/orm/session.py", line 2372, in execute
2026-09-10T18:00:04.295000864Z     return self._execute_internal(
2026-09-10T18:00:04.295002768Z            ~~~~~~~~~~~~~~~~~~~~~~^
2026-09-10T18:00:04.295004702Z         statement,
2026-09-10T18:00:04.295006626Z         ^^^^^^^^^^
2026-09-10T18:00:04.295008550Z     ...<4 lines>...
2026-09-10T18:00:04.295010463Z         _add_event=_add_event,
2026-09-10T18:00:04.295012367Z         ^^^^^^^^^^^^^^^^^^^^^^
2026-09-10T18:00:04.295014271Z     )
2026-09-10T18:00:04.295016165Z     ^
2026-09-10T18:00:04.295018069Z   File "/usr/local/lib/python3.13/site-packages/sqlalchemy/orm/session.py", line 2260, in _execute_internal
2026-09-10T18:00:04.295020002Z     conn = self._connection_for_bind(bind)
2026-09-10T18:00:04.295021906Z   File "/usr/local/lib/python3.13/site-packages/sqlalchemy/orm/session.py", line 2112, in _connection_for_bind
2026-09-10T18:00:04.295023820Z     return trans._connection_for_bind(engine, execution_options)
2026-09-10T18:00:04.295025744Z            ~~~~~~~~~~~~~~~~~~~~~~~~~~^^^^^^^^^^^^^^^^^^^^^^^^^^^
2026-09-10T18:00:04.295027648Z   File "<string>", line 2, in _connection_for_bind
2026-09-10T18:00:04.295029551Z   File "/usr/local/lib/python3.13/site-packages/sqlalchemy/orm/state_changes.py", line 137, in _go
2026-09-10T18:00:04.295031495Z     ret_value = fn(self, *arg, **kw)
2026-09-10T18:00:04.295033419Z   File "/usr/local/lib/python3.13/site-packages/sqlalchemy/orm/session.py", line 1191, in _connection_for_bind
2026-09-10T18:00:04.295035343Z     conn = bind.connect()
2026-09-10T18:00:04.295037888Z   File "/usr/local/lib/python3.13/site-packages/opentelemetry/instrumentation/sqlalchemy/engine.py", line 200, in _wrap_connect_internal
2026-09-10T18:00:04.295039802Z     return func(*args, **kwargs)
2026-09-10T18:00:04.295041705Z   File "/usr/local/lib/python3.13/site-packages/sqlalchemy/engine/base.py", line 3295, in connect
2026-09-10T18:00:04.295043619Z     return self._connection_cls(self)
2026-09-10T18:00:04.295045533Z            ~~~~~~~~~~~~~~~~~~~~^^^^^^
2026-09-10T18:00:04.295047427Z   File "/usr/local/lib/python3.13/site-packages/sqlalchemy/engine/base.py", line 144, in __init__
2026-09-10T18:00:04.295049361Z     self._dbapi_connection = engine.raw_connection()
2026-09-10T18:00:04.295051305Z                              ~~~~~~~~~~~~~~~~~~~~~^^
2026-09-10T18:00:04.295053198Z   File "/usr/local/lib/python3.13/site-packages/sqlalchemy/engine/base.py", line 3319, in raw_connection
2026-09-10T18:00:04.295055102Z     return self.pool.connect()
2026-09-10T18:00:04.295057016Z            ~~~~~~~~~~~~~~~~~^^
2026-09-10T18:00:04.295058920Z   File "/usr/local/lib/python3.13/site-packages/sqlalchemy/pool/base.py", line 448, in connect
2026-09-10T18:00:04.295060833Z     return _ConnectionFairy._checkout(self)
2026-09-10T18:00:04.295062737Z            ~~~~~~~~~~~~~~~~~~~~~~~~~~^^^^^^
2026-09-10T18:00:04.295064641Z   File "/usr/local/lib/python3.13/site-packages/sqlalchemy/pool/base.py", line 1272, in _checkout
2026-09-10T18:00:04.295066595Z     fairy = _ConnectionRecord.checkout(pool)
2026-09-10T18:00:04.295068509Z   File "/usr/local/lib/python3.13/site-packages/sqlalchemy/pool/base.py", line 712, in checkout
2026-09-10T18:00:04.295070413Z     rec = pool._do_get()
2026-09-10T18:00:04.295072396Z   File "/usr/local/lib/python3.13/site-packages/sqlalchemy/pool/impl.py", line 167, in _do_get
2026-09-10T18:00:04.295074310Z     raise exc.TimeoutError(
2026-09-10T18:00:04.295076224Z     ...<4 lines>...
2026-09-10T18:00:04.295078148Z     )
2026-09-10T18:00:04.295085212Z sqlalchemy.exc.TimeoutError: QueuePool limit of size 5 overflow 10 reached, connection timed out, timeout 30.00 (Background on this error at: https://sqlalche.me/e/20/3o7r)
2026-09-10T18:00:04.299802072Z ERROR:    Exception in ASGI application
2026-09-10T18:00:04.299845068Z Traceback (most recent call last):
2026-09-10T18:00:04.299850669Z   File "/usr/local/lib/python3.13/site-packages/uvicorn/protocols/http/httptools_impl.py", line 421, in run_asgi
2026-09-10T18:00:04.299855519Z     result = await app(  # type: ignore[func-returns-value]
2026-09-10T18:00:04.299859947Z              ^^^^^^^^^^^^^^^^^^^^^^^^^^^^^^^^^^^^^^^^^^^^^^
2026-09-10T18:00:04.299864286Z         self.scope, self.receive, self.send
2026-09-10T18:00:04.299868545Z         ^^^^^^^^^^^^^^^^^^^^^^^^^^^^^^^^^^^
2026-09-10T18:00:04.299873154Z     )
2026-09-10T18:00:04.299877532Z     ^
2026-09-10T18:00:04.299881831Z   File "/usr/local/lib/python3.13/site-packages/uvicorn/middleware/proxy_headers.py", line 63, in __call__
2026-09-10T18:00:04.299886180Z     return await self.app(scope, receive, send)
2026-09-10T18:00:04.299890498Z            ^^^^^^^^^^^^^^^^^^^^^^^^^^^^^^^^^^^^
2026-09-10T18:00:04.299895278Z   File "/usr/local/lib/python3.13/site-packages/fastapi/applications.py", line 1159, in __call__
2026-09-10T18:00:04.299899967Z     await super().__call__(scope, receive, send)
2026-09-10T18:00:04.299904266Z   File "/usr/local/lib/python3.13/site-packages/starlette/applications.py", line 107, in __call__
2026-09-10T18:00:04.299908634Z     await self.middleware_stack(scope, receive, send)
2026-09-10T18:00:04.299912953Z   File "/usr/local/lib/python3.13/site-packages/starlette/middleware/errors.py", line 186, in __call__
2026-09-10T18:00:04.299917362Z     raise exc
2026-09-10T18:00:04.299921690Z   File "/usr/local/lib/python3.13/site-packages/starlette/middleware/errors.py", line 164, in __call__
2026-09-10T18:00:04.299926069Z     await self.app(scope, receive, _send)
2026-09-10T18:00:04.299931139Z   File "/usr/local/lib/python3.13/site-packages/opentelemetry/instrumentation/asgi/__init__.py", line 806, in __call__
2026-09-10T18:00:04.299935448Z     await self.app(scope, otel_receive, otel_send)
2026-09-10T18:00:04.299939746Z   File "/usr/local/lib/python3.13/site-packages/starlette/middleware/errors.py", line 186, in __call__
2026-09-10T18:00:04.299944095Z     raise exc
2026-09-10T18:00:04.299948393Z   File "/usr/local/lib/python3.13/site-packages/starlette/middleware/errors.py", line 164, in __call__
2026-09-10T18:00:04.299952672Z     await self.app(scope, receive, _send)
2026-09-10T18:00:04.299957171Z   File "/usr/local/lib/python3.13/site-packages/opentelemetry/instrumentation/fastapi/__init__.py", line 305, in __call__
2026-09-10T18:00:04.299961459Z     await self.app(scope, receive, send)
2026-09-10T18:00:04.299965738Z   File "/usr/local/lib/python3.13/site-packages/prometheus_fastapi_instrumentator/middleware.py", line 177, in __call__
2026-09-10T18:00:04.299970026Z     raise exc
2026-09-10T18:00:04.299974275Z   File "/usr/local/lib/python3.13/site-packages/prometheus_fastapi_instrumentator/middleware.py", line 175, in __call__
2026-09-10T18:00:04.299978593Z     await self.app(scope, receive, send_wrapper)
2026-09-10T18:00:04.299983112Z   File "/usr/local/lib/python3.13/site-packages/starlette/middleware/exceptions.py", line 63, in __call__
2026-09-10T18:00:04.299987932Z     await wrap_app_handling_exceptions(self.app, conn)(scope, receive, send)
2026-09-10T18:00:04.299992240Z   File "/usr/local/lib/python3.13/site-packages/starlette/_exception_handler.py", line 53, in wrapped_app
2026-09-10T18:00:04.299996559Z     raise exc
2026-09-10T18:00:04.300000827Z   File "/usr/local/lib/python3.13/site-packages/starlette/_exception_handler.py", line 42, in wrapped_app
2026-09-10T18:00:04.300033582Z     await app(scope, receive, sender)
2026-09-10T18:00:04.300038051Z   File "/usr/local/lib/python3.13/site-packages/fastapi/middleware/asyncexitstack.py", line 18, in __call__
2026-09-10T18:00:04.300042360Z     await self.app(scope, receive, send)
2026-09-10T18:00:04.300046648Z   File "/usr/local/lib/python3.13/site-packages/starlette/routing.py", line 716, in __call__
2026-09-10T18:00:04.300050937Z     await self.middleware_stack(scope, receive, send)
2026-09-10T18:00:04.300055215Z   File "/usr/local/lib/python3.13/site-packages/starlette/routing.py", line 736, in app
2026-09-10T18:00:04.300059474Z     await route.handle(scope, receive, send)
2026-09-10T18:00:04.300063772Z   File "/usr/local/lib/python3.13/site-packages/starlette/routing.py", line 290, in handle
2026-09-10T18:00:04.300068081Z     await self.app(scope, receive, send)
2026-09-10T18:00:04.300072360Z   File "/usr/local/lib/python3.13/site-packages/fastapi/routing.py", line 134, in app
2026-09-10T18:00:04.300076728Z     await wrap_app_handling_exceptions(app, request)(scope, receive, send)
2026-09-10T18:00:04.300081067Z   File "/usr/local/lib/python3.13/site-packages/starlette/_exception_handler.py", line 53, in wrapped_app
2026-09-10T18:00:04.300085355Z     raise exc
2026-09-10T18:00:04.300089644Z   File "/usr/local/lib/python3.13/site-packages/starlette/_exception_handler.py", line 42, in wrapped_app
2026-09-10T18:00:04.300093922Z     await app(scope, receive, sender)
2026-09-10T18:00:04.300098191Z   File "/usr/local/lib/python3.13/site-packages/fastapi/routing.py", line 120, in app
2026-09-10T18:00:04.300103191Z     response = await f(request)
2026-09-10T18:00:04.300107640Z                ^^^^^^^^^^^^^^^^
2026-09-10T18:00:04.300112058Z   File "/usr/local/lib/python3.13/site-packages/fastapi/routing.py", line 674, in app
2026-09-10T18:00:04.300116347Z     raw_response = await run_endpoint_function(
2026-09-10T18:00:04.300120686Z                    ^^^^^^^^^^^^^^^^^^^^^^^^^^^^
2026-09-10T18:00:04.300125425Z     ...<3 lines>...
2026-09-10T18:00:04.300129764Z     )
2026-09-10T18:00:04.300134112Z     ^
2026-09-10T18:00:04.300138441Z   File "/usr/local/lib/python3.13/site-packages/fastapi/routing.py", line 330, in run_endpoint_function
2026-09-10T18:00:04.300142769Z     return await run_in_threadpool(dependant.call, **values)
2026-09-10T18:00:04.300147158Z            ^^^^^^^^^^^^^^^^^^^^^^^^^^^^^^^^^^^^^^^^^^^^^^^^^
2026-09-10T18:00:04.300199192Z   File "/usr/local/lib/python3.13/site-packages/starlette/concurrency.py", line 32, in run_in_threadpool
2026-09-10T18:00:04.300209632Z     return await anyio.to_thread.run_sync(func)
2026-09-10T18:00:04.300214191Z            ^^^^^^^^^^^^^^^^^^^^^^^^^^^^^^^^^^^^
2026-09-10T18:00:04.300218470Z   File "/usr/local/lib/python3.13/site-packages/anyio/to_thread.py", line 63, in run_sync
2026-09-10T18:00:04.300222758Z     return await get_async_backend().run_sync_in_worker_thread(
2026-09-10T18:00:04.300227017Z            ^^^^^^^^^^^^^^^^^^^^^^^^^^^^^^^^^^^^^^^^^^^^^^^^^^^^
2026-09-10T18:00:04.300231426Z         func, args, abandon_on_cancel=abandon_on_cancel, limiter=limiter
2026-09-10T18:00:04.300235654Z         ^^^^^^^^^^^^^^^^^^^^^^^^^^^^^^^^^^^^^^^^^^^^^^^^^^^^^^^^^^^^^^^^
2026-09-10T18:00:04.300239892Z     )
2026-09-10T18:00:04.300244191Z     ^
2026-09-10T18:00:04.300248469Z   File "/usr/local/lib/python3.13/site-packages/anyio/_backends/_asyncio.py", line 2518, in run_sync_in_worker_thread
2026-09-10T18:00:04.300252758Z     return await future
2026-09-10T18:00:04.300257057Z            ^^^^^^^^^^^^
2026-09-10T18:00:04.300261265Z   File "/usr/local/lib/python3.13/site-packages/anyio/_backends/_asyncio.py", line 1002, in run
2026-09-10T18:00:04.300282457Z     result = context.run(func, *args)
2026-09-10T18:00:04.300286856Z   File "/app/app/routers/orders.py", line 36, in checkout
2026-09-10T18:00:04.300291104Z     return create_order(
2026-09-10T18:00:04.300295433Z         db=db,
2026-09-10T18:00:04.300299912Z     ...<2 lines>...
2026-09-10T18:00:04.300304280Z         correlation_id=correlation_id,
2026-09-10T18:00:04.300308619Z     )
2026-09-10T18:00:04.300312978Z   File "/app/app/services/order_service.py", line 42, in create_order
2026-09-10T18:00:04.300317316Z     result = db.execute(
2026-09-10T18:00:04.300324721Z         select(ProductModel).where(ProductModel.id == product_id)
2026-09-10T18:00:04.300329080Z     )
2026-09-10T18:00:04.300333458Z   File "/usr/local/lib/python3.13/site-packages/sqlalchemy/orm/session.py", line 2372, in execute
2026-09-10T18:00:04.300337737Z     return self._execute_internal(
2026-09-10T18:00:04.300341975Z            ~~~~~~~~~~~~~~~~~~~~~~^
2026-09-10T18:00:04.300346264Z         statement,
2026-09-10T18:00:04.300350532Z         ^^^^^^^^^^
2026-09-10T18:00:04.300354831Z     ...<4 lines>...
2026-09-10T18:00:04.300359079Z         _add_event=_add_event,
2026-09-10T18:00:04.300363328Z         ^^^^^^^^^^^^^^^^^^^^^^
2026-09-10T18:00:04.300367566Z     )
2026-09-10T18:00:04.300371815Z     ^
2026-09-10T18:00:04.300376223Z   File "/usr/local/lib/python3.13/site-packages/sqlalchemy/orm/session.py", line 2260, in _execute_internal
2026-09-10T18:00:04.300380562Z     conn = self._connection_for_bind(bind)
2026-09-10T18:00:04.300384891Z   File "/usr/local/lib/python3.13/site-packages/sqlalchemy/orm/session.py", line 2112, in _connection_for_bind
2026-09-10T18:00:04.300389249Z     return trans._connection_for_bind(engine, execution_options)
2026-09-10T18:00:04.300393608Z            ~~~~~~~~~~~~~~~~~~~~~~~~~~^^^^^^^^^^^^^^^^^^^^^^^^^^^
2026-09-10T18:00:04.300397846Z   File "<string>", line 2, in _connection_for_bind
2026-09-10T18:00:04.300402105Z   File "/usr/local/lib/python3.13/site-packages/sqlalchemy/orm/state_changes.py", line 137, in _go
2026-09-10T18:00:04.300406353Z     ret_value = fn(self, *arg, **kw)
2026-09-10T18:00:04.300410602Z   File "/usr/local/lib/python3.13/site-packages/sqlalchemy/orm/session.py", line 1191, in _connection_for_bind
2026-09-10T18:00:04.300414890Z     conn = bind.connect()
2026-09-10T18:00:04.300419890Z   File "/usr/local/lib/python3.13/site-packages/opentelemetry/instrumentation/sqlalchemy/engine.py", line 200, in _wrap_connect_internal
2026-09-10T18:00:04.300424209Z     return func(*args, **kwargs)
2026-09-10T18:00:04.300428477Z   File "/usr/local/lib/python3.13/site-packages/sqlalchemy/engine/base.py", line 3295, in connect
2026-09-10T18:00:04.300433056Z     return self._connection_cls(self)
2026-09-10T18:00:04.300437335Z            ~~~~~~~~~~~~~~~~~~~~^^^^^^
2026-09-10T18:00:04.300441593Z   File "/usr/local/lib/python3.13/site-packages/sqlalchemy/engine/base.py", line 144, in __init__
2026-09-10T18:00:04.300445872Z     self._dbapi_connection = engine.raw_connection()
2026-09-10T18:00:04.300450130Z                              ~~~~~~~~~~~~~~~~~~~~~^^
2026-09-10T18:00:04.300454399Z   File "/usr/local/lib/python3.13/site-packages/sqlalchemy/engine/base.py", line 3319, in raw_connection
2026-09-10T18:00:04.300458837Z     return self.pool.connect()
2026-09-10T18:00:04.300463076Z            ~~~~~~~~~~~~~~~~~^^
2026-09-10T18:00:04.300467364Z   File "/usr/local/lib/python3.13/site-packages/sqlalchemy/pool/base.py", line 448, in connect
2026-09-10T18:00:04.300471683Z     return _ConnectionFairy._checkout(self)
2026-09-10T18:00:04.300475931Z            ~~~~~~~~~~~~~~~~~~~~~~~~~~^^^^^^
2026-09-10T18:00:04.300490330Z   File "/usr/local/lib/python3.13/site-packages/sqlalchemy/pool/base.py", line 1272, in _checkout
2026-09-10T18:00:04.300494679Z     fairy = _ConnectionRecord.checkout(pool)
2026-09-10T18:00:04.300498947Z   File "/usr/local/lib/python3.13/site-packages/sqlalchemy/pool/base.py", line 712, in checkout
2026-09-10T18:00:04.300503216Z     rec = pool._do_get()
2026-09-10T18:00:04.300507474Z   File "/usr/local/lib/python3.13/site-packages/sqlalchemy/pool/impl.py", line 167, in _do_get
2026-09-10T18:00:04.300511713Z     raise exc.TimeoutError(
2026-09-10T18:00:04.300516001Z     ...<4 lines>...
2026-09-10T18:00:04.300520330Z     )
2026-09-10T18:00:04.300525390Z sqlalchemy.exc.TimeoutError: QueuePool limit of size 5 overflow 10 reached, connection timed out, timeout 30.00 (Background on this error at: https://sqlalche.me/e/20/3o7r)
2026-09-10T18:00:04.412794056Z ERROR:    Exception in ASGI application
2026-09-10T18:00:04.412834977Z Traceback (most recent call last):
2026-09-10T18:00:04.412840768Z   File "/usr/local/lib/python3.13/site-packages/uvicorn/protocols/http/httptools_impl.py", line 421, in run_asgi
2026-09-10T18:00:04.412845718Z     result = await app(  # type: ignore[func-returns-value]
2026-09-10T18:00:04.412850037Z              ^^^^^^^^^^^^^^^^^^^^^^^^^^^^^^^^^^^^^^^^^^^^^^
2026-09-10T18:00:04.412854335Z         self.scope, self.receive, self.send
2026-09-10T18:00:04.412858584Z         ^^^^^^^^^^^^^^^^^^^^^^^^^^^^^^^^^^^
2026-09-10T18:00:04.412862882Z     )
2026-09-10T18:00:04.412867261Z     ^
2026-09-10T18:00:04.412871830Z   File "/usr/local/lib/python3.13/site-packages/uvicorn/middleware/proxy_headers.py", line 63, in __call__
2026-09-10T18:00:04.412876269Z     return await self.app(scope, receive, send)
2026-09-10T18:00:04.412880598Z            ^^^^^^^^^^^^^^^^^^^^^^^^^^^^^^^^^^^^
2026-09-10T18:00:04.412885608Z   File "/usr/local/lib/python3.13/site-packages/fastapi/applications.py", line 1159, in __call__
2026-09-10T18:00:04.412889906Z     await super().__call__(scope, receive, send)
2026-09-10T18:00:04.412894265Z   File "/usr/local/lib/python3.13/site-packages/starlette/applications.py", line 107, in __call__
2026-09-10T18:00:04.412898533Z     await self.middleware_stack(scope, receive, send)
2026-09-10T18:00:04.412902792Z   File "/usr/local/lib/python3.13/site-packages/starlette/middleware/errors.py", line 186, in __call__
2026-09-10T18:00:04.412907241Z     raise exc
2026-09-10T18:00:04.412911629Z   File "/usr/local/lib/python3.13/site-packages/starlette/middleware/errors.py", line 164, in __call__
2026-09-10T18:00:04.412915948Z     await self.app(scope, receive, _send)
2026-09-10T18:00:04.412920677Z   File "/usr/local/lib/python3.13/site-packages/opentelemetry/instrumentation/asgi/__init__.py", line 806, in __call__
2026-09-10T18:00:04.412924976Z     await self.app(scope, otel_receive, otel_send)
2026-09-10T18:00:04.412929284Z   File "/usr/local/lib/python3.13/site-packages/starlette/middleware/errors.py", line 186, in __call__
2026-09-10T18:00:04.412933563Z     raise exc
2026-09-10T18:00:04.412938172Z   File "/usr/local/lib/python3.13/site-packages/starlette/middleware/errors.py", line 164, in __call__
2026-09-10T18:00:04.412942541Z     await self.app(scope, receive, _send)
2026-09-10T18:00:04.412946819Z   File "/usr/local/lib/python3.13/site-packages/opentelemetry/instrumentation/fastapi/__init__.py", line 305, in __call__
2026-09-10T18:00:04.412951689Z     await self.app(scope, receive, send)
2026-09-10T18:00:04.412956358Z   File "/usr/local/lib/python3.13/site-packages/prometheus_fastapi_instrumentator/middleware.py", line 177, in __call__
2026-09-10T18:00:04.412960617Z     raise exc
2026-09-10T18:00:04.412994945Z   File "/usr/local/lib/python3.13/site-packages/prometheus_fastapi_instrumentator/middleware.py", line 175, in __call__
2026-09-10T18:00:04.412999494Z     await self.app(scope, receive, send_wrapper)
2026-09-10T18:00:04.413003752Z   File "/usr/local/lib/python3.13/site-packages/starlette/middleware/exceptions.py", line 63, in __call__
2026-09-10T18:00:04.413008582Z     await wrap_app_handling_exceptions(self.app, conn)(scope, receive, send)
2026-09-10T18:00:04.413012820Z   File "/usr/local/lib/python3.13/site-packages/starlette/_exception_handler.py", line 53, in wrapped_app
2026-09-10T18:00:04.413017129Z     raise exc
2026-09-10T18:00:04.413021387Z   File "/usr/local/lib/python3.13/site-packages/starlette/_exception_handler.py", line 42, in wrapped_app
2026-09-10T18:00:04.413025636Z     await app(scope, receive, sender)
2026-09-10T18:00:04.413029904Z   File "/usr/local/lib/python3.13/site-packages/fastapi/middleware/asyncexitstack.py", line 18, in __call__
2026-09-10T18:00:04.413034183Z     await self.app(scope, receive, send)
2026-09-10T18:00:04.413038471Z   File "/usr/local/lib/python3.13/site-packages/starlette/routing.py", line 716, in __call__
2026-09-10T18:00:04.413042760Z     await self.middleware_stack(scope, receive, send)
2026-09-10T18:00:04.413047098Z   File "/usr/local/lib/python3.13/site-packages/starlette/routing.py", line 736, in app
2026-09-10T18:00:04.413051357Z     await route.handle(scope, receive, send)
2026-09-10T18:00:04.413055615Z   File "/usr/local/lib/python3.13/site-packages/starlette/routing.py", line 290, in handle
2026-09-10T18:00:04.413059894Z     await self.app(scope, receive, send)
2026-09-10T18:00:04.413064162Z   File "/usr/local/lib/python3.13/site-packages/fastapi/routing.py", line 134, in app
2026-09-10T18:00:04.413068441Z     await wrap_app_handling_exceptions(app, request)(scope, receive, send)
2026-09-10T18:00:04.413072709Z   File "/usr/local/lib/python3.13/site-packages/starlette/_exception_handler.py", line 53, in wrapped_app
2026-09-10T18:00:04.413077018Z     raise exc
2026-09-10T18:00:04.413081316Z   File "/usr/local/lib/python3.13/site-packages/starlette/_exception_handler.py", line 42, in wrapped_app
2026-09-10T18:00:04.413085605Z     await app(scope, receive, sender)
2026-09-10T18:00:04.413089883Z   File "/usr/local/lib/python3.13/site-packages/fastapi/routing.py", line 120, in app
2026-09-10T18:00:04.413094803Z     response = await f(request)
2026-09-10T18:00:04.413099152Z                ^^^^^^^^^^^^^^^^
2026-09-10T18:00:04.413103430Z   File "/usr/local/lib/python3.13/site-packages/fastapi/routing.py", line 674, in app
2026-09-10T18:00:04.413107729Z     raw_response = await run_endpoint_function(
2026-09-10T18:00:04.413112078Z                    ^^^^^^^^^^^^^^^^^^^^^^^^^^^^
2026-09-10T18:00:04.413116957Z     ...<3 lines>...
2026-09-10T18:00:04.413121256Z     )
2026-09-10T18:00:04.413125594Z     ^
2026-09-10T18:00:04.413129873Z   File "/usr/local/lib/python3.13/site-packages/fastapi/routing.py", line 330, in run_endpoint_function
2026-09-10T18:00:04.413134141Z     return await run_in_threadpool(dependant.call, **values)
2026-09-10T18:00:04.413138410Z            ^^^^^^^^^^^^^^^^^^^^^^^^^^^^^^^^^^^^^^^^^^^^^^^^^
2026-09-10T18:00:04.413204641Z   File "/usr/local/lib/python3.13/site-packages/starlette/concurrency.py", line 32, in run_in_threadpool
2026-09-10T18:00:04.413214581Z     return await anyio.to_thread.run_sync(func)
2026-09-10T18:00:04.413219090Z            ^^^^^^^^^^^^^^^^^^^^^^^^^^^^^^^^^^^^
2026-09-10T18:00:04.413223389Z   File "/usr/local/lib/python3.13/site-packages/anyio/to_thread.py", line 63, in run_sync
2026-09-10T18:00:04.413227687Z     return await get_async_backend().run_sync_in_worker_thread(
2026-09-10T18:00:04.413248829Z            ^^^^^^^^^^^^^^^^^^^^^^^^^^^^^^^^^^^^^^^^^^^^^^^^^^^^
2026-09-10T18:00:04.413253228Z         func, args, abandon_on_cancel=abandon_on_cancel, limiter=limiter
2026-09-10T18:00:04.413257476Z         ^^^^^^^^^^^^^^^^^^^^^^^^^^^^^^^^^^^^^^^^^^^^^^^^^^^^^^^^^^^^^^^^
2026-09-10T18:00:04.413261885Z     )
2026-09-10T18:00:04.413266134Z     ^
2026-09-10T18:00:04.413270402Z   File "/usr/local/lib/python3.13/site-packages/anyio/_backends/_asyncio.py", line 2518, in run_sync_in_worker_thread
2026-09-10T18:00:04.413274721Z     return await future
2026-09-10T18:00:04.413279600Z            ^^^^^^^^^^^^
2026-09-10T18:00:04.413283919Z   File "/usr/local/lib/python3.13/site-packages/anyio/_backends/_asyncio.py", line 1002, in run
2026-09-10T18:00:04.413288117Z     result = context.run(func, *args)
2026-09-10T18:00:04.413292386Z   File "/app/app/routers/orders.py", line 36, in checkout
2026-09-10T18:00:04.413296744Z     return create_order(
2026-09-10T18:00:04.413301123Z         db=db,
2026-09-10T18:00:04.413305402Z     ...<2 lines>...
2026-09-10T18:00:04.413309690Z         correlation_id=correlation_id,
2026-09-10T18:00:04.413314019Z     )
2026-09-10T18:00:04.413318418Z   File "/app/app/services/order_service.py", line 42, in create_order
2026-09-10T18:00:04.413322736Z     result = db.execute(
2026-09-10T18:00:04.413327015Z         select(ProductModel).where(ProductModel.id == product_id)
2026-09-10T18:00:04.413331353Z     )
2026-09-10T18:00:04.413335662Z   File "/usr/local/lib/python3.13/site-packages/sqlalchemy/orm/session.py", line 2372, in execute
2026-09-10T18:00:04.413345321Z     return self._execute_internal(
2026-09-10T18:00:04.413349890Z            ~~~~~~~~~~~~~~~~~~~~~~^
2026-09-10T18:00:04.413354219Z         statement,
2026-09-10T18:00:04.413358537Z         ^^^^^^^^^^
2026-09-10T18:00:04.413362766Z     ...<4 lines>...
2026-09-10T18:00:04.413367034Z         _add_event=_add_event,
2026-09-10T18:00:04.413371393Z         ^^^^^^^^^^^^^^^^^^^^^^
2026-09-10T18:00:04.413375651Z     )
2026-09-10T18:00:04.413379930Z     ^
2026-09-10T18:00:04.413384288Z   File "/usr/local/lib/python3.13/site-packages/sqlalchemy/orm/session.py", line 2260, in _execute_internal
2026-09-10T18:00:04.413388617Z     conn = self._connection_for_bind(bind)
2026-09-10T18:00:04.413392916Z   File "/usr/local/lib/python3.13/site-packages/sqlalchemy/orm/session.py", line 2112, in _connection_for_bind
2026-09-10T18:00:04.413397204Z     return trans._connection_for_bind(engine, execution_options)
2026-09-10T18:00:04.413401473Z            ~~~~~~~~~~~~~~~~~~~~~~~~~~^^^^^^^^^^^^^^^^^^^^^^^^^^^
2026-09-10T18:00:04.413405811Z   File "<string>", line 2, in _connection_for_bind
2026-09-10T18:00:04.413410080Z   File "/usr/local/lib/python3.13/site-packages/sqlalchemy/orm/state_changes.py", line 137, in _go
2026-09-10T18:00:04.413414358Z     ret_value = fn(self, *arg, **kw)
2026-09-10T18:00:04.413418607Z   File "/usr/local/lib/python3.13/site-packages/sqlalchemy/orm/session.py", line 1191, in _connection_for_bind
2026-09-10T18:00:04.413422865Z     conn = bind.connect()
2026-09-10T18:00:04.413428095Z   File "/usr/local/lib/python3.13/site-packages/opentelemetry/instrumentation/sqlalchemy/engine.py", line 200, in _wrap_connect_internal
2026-09-10T18:00:04.413432374Z     return func(*args, **kwargs)
2026-09-10T18:00:04.413436662Z   File "/usr/local/lib/python3.13/site-packages/sqlalchemy/engine/base.py", line 3295, in connect
2026-09-10T18:00:04.413440971Z     return self._connection_cls(self)
2026-09-10T18:00:04.413445290Z            ~~~~~~~~~~~~~~~~~~~~^^^^^^
2026-09-10T18:00:04.413449578Z   File "/usr/local/lib/python3.13/site-packages/sqlalchemy/engine/base.py", line 144, in __init__
2026-09-10T18:00:04.413463696Z     self._dbapi_connection = engine.raw_connection()
2026-09-10T18:00:04.413468045Z                              ~~~~~~~~~~~~~~~~~~~~~^^
2026-09-10T18:00:04.413472454Z   File "/usr/local/lib/python3.13/site-packages/sqlalchemy/engine/base.py", line 3319, in raw_connection
2026-09-10T18:00:04.413476722Z     return self.pool.connect()
2026-09-10T18:00:04.413480950Z            ~~~~~~~~~~~~~~~~~^^
2026-09-10T18:00:04.413485339Z   File "/usr/local/lib/python3.13/site-packages/sqlalchemy/pool/base.py", line 448, in connect
2026-09-10T18:00:04.413489598Z     return _ConnectionFairy._checkout(self)
2026-09-10T18:00:04.413493816Z            ~~~~~~~~~~~~~~~~~~~~~~~~~~^^^^^^
2026-09-10T18:00:04.413498085Z   File "/usr/local/lib/python3.13/site-packages/sqlalchemy/pool/base.py", line 1272, in _checkout
2026-09-10T18:00:04.413502353Z     fairy = _ConnectionRecord.checkout(pool)
2026-09-10T18:00:04.413506642Z   File "/usr/local/lib/python3.13/site-packages/sqlalchemy/pool/base.py", line 712, in checkout
2026-09-10T18:00:04.413510890Z     rec = pool._do_get()
2026-09-10T18:00:04.413515189Z   File "/usr/local/lib/python3.13/site-packages/sqlalchemy/pool/impl.py", line 167, in _do_get
2026-09-10T18:00:04.413519477Z     raise exc.TimeoutError(
2026-09-10T18:00:04.413523776Z     ...<4 lines>...
2026-09-10T18:00:04.413528054Z     )
2026-09-10T18:00:04.413533074Z sqlalchemy.exc.TimeoutError: QueuePool limit of size 5 overflow 10 reached, connection timed out, timeout 30.00 (Background on this error at: https://sqlalche.me/e/20/3o7r)
2026-09-10T18:00:04.605758982Z ERROR:    Exception in ASGI application
2026-09-10T18:00:04.605814653Z Traceback (most recent call last):
2026-09-10T18:00:04.605822037Z   File "/usr/local/lib/python3.13/site-packages/uvicorn/protocols/http/httptools_impl.py", line 421, in run_asgi
2026-09-10T18:00:04.605829021Z     result = await app(  # type: ignore[func-returns-value]
2026-09-10T18:00:04.605834552Z              ^^^^^^^^^^^^^^^^^^^^^^^^^^^^^^^^^^^^^^^^^^^^^^
2026-09-10T18:00:04.605840023Z         self.scope, self.receive, self.send
2026-09-10T18:00:04.605845554Z         ^^^^^^^^^^^^^^^^^^^^^^^^^^^^^^^^^^^
2026-09-10T18:00:04.605851195Z     )
2026-09-10T18:00:04.605857538Z     ^
2026-09-10T18:00:04.605863159Z   File "/usr/local/lib/python3.13/site-packages/uvicorn/middleware/proxy_headers.py", line 63, in __call__
2026-09-10T18:00:04.605868760Z     return await self.app(scope, receive, send)
2026-09-10T18:00:04.605874381Z            ^^^^^^^^^^^^^^^^^^^^^^^^^^^^^^^^^^^^
2026-09-10T18:00:04.605881004Z   File "/usr/local/lib/python3.13/site-packages/fastapi/applications.py", line 1159, in __call__
2026-09-10T18:00:04.605886595Z     await super().__call__(scope, receive, send)
2026-09-10T18:00:04.605892116Z   File "/usr/local/lib/python3.13/site-packages/starlette/applications.py", line 107, in __call__
2026-09-10T18:00:04.605897627Z     await self.middleware_stack(scope, receive, send)
2026-09-10T18:00:04.605903138Z   File "/usr/local/lib/python3.13/site-packages/starlette/middleware/errors.py", line 186, in __call__
2026-09-10T18:00:04.605908760Z     raise exc
2026-09-10T18:00:04.605914421Z   File "/usr/local/lib/python3.13/site-packages/starlette/middleware/errors.py", line 164, in __call__
2026-09-10T18:00:04.605920012Z     await self.app(scope, receive, _send)
2026-09-10T18:00:04.605926495Z   File "/usr/local/lib/python3.13/site-packages/opentelemetry/instrumentation/asgi/__init__.py", line 806, in __call__
2026-09-10T18:00:04.605932437Z     await self.app(scope, otel_receive, otel_send)
2026-09-10T18:00:04.605937998Z   File "/usr/local/lib/python3.13/site-packages/starlette/middleware/errors.py", line 186, in __call__
2026-09-10T18:00:04.605987556Z     raise exc
2026-09-10T18:00:04.605993468Z   File "/usr/local/lib/python3.13/site-packages/starlette/middleware/errors.py", line 164, in __call__
2026-09-10T18:00:04.606003037Z     await self.app(scope, receive, _send)
2026-09-10T18:00:04.606008718Z   File "/usr/local/lib/python3.13/site-packages/opentelemetry/instrumentation/fastapi/__init__.py", line 305, in __call__
2026-09-10T18:00:04.606014389Z     await self.app(scope, receive, send)
2026-09-10T18:00:04.606020011Z   File "/usr/local/lib/python3.13/site-packages/prometheus_fastapi_instrumentator/middleware.py", line 177, in __call__
2026-09-10T18:00:04.606025612Z     raise exc
2026-09-10T18:00:04.606031163Z   File "/usr/local/lib/python3.13/site-packages/prometheus_fastapi_instrumentator/middleware.py", line 175, in __call__
2026-09-10T18:00:04.606036684Z     await self.app(scope, receive, send_wrapper)
2026-09-10T18:00:04.606042225Z   File "/usr/local/lib/python3.13/site-packages/starlette/middleware/exceptions.py", line 63, in __call__
2026-09-10T18:00:04.606048417Z     await wrap_app_handling_exceptions(self.app, conn)(scope, receive, send)
2026-09-10T18:00:04.606053918Z   File "/usr/local/lib/python3.13/site-packages/starlette/_exception_handler.py", line 53, in wrapped_app
2026-09-10T18:00:04.606059499Z     raise exc
2026-09-10T18:00:04.606065040Z   File "/usr/local/lib/python3.13/site-packages/starlette/_exception_handler.py", line 42, in wrapped_app
2026-09-10T18:00:04.606070571Z     await app(scope, receive, sender)
2026-09-10T18:00:04.606076122Z   File "/usr/local/lib/python3.13/site-packages/fastapi/middleware/asyncexitstack.py", line 18, in __call__
2026-09-10T18:00:04.606081663Z     await self.app(scope, receive, send)
2026-09-10T18:00:04.606087244Z   File "/usr/local/lib/python3.13/site-packages/starlette/routing.py", line 716, in __call__
2026-09-10T18:00:04.606092815Z     await self.middleware_stack(scope, receive, send)
2026-09-10T18:00:04.606098326Z   File "/usr/local/lib/python3.13/site-packages/starlette/routing.py", line 736, in app
2026-09-10T18:00:04.606103877Z     await route.handle(scope, receive, send)
2026-09-10T18:00:04.606109448Z   File "/usr/local/lib/python3.13/site-packages/starlette/routing.py", line 290, in handle
2026-09-10T18:00:04.606114959Z     await self.app(scope, receive, send)
2026-09-10T18:00:04.606120490Z   File "/usr/local/lib/python3.13/site-packages/fastapi/routing.py", line 134, in app
2026-09-10T18:00:04.606126001Z     await wrap_app_handling_exceptions(app, request)(scope, receive, send)
2026-09-10T18:00:04.606131552Z   File "/usr/local/lib/python3.13/site-packages/starlette/_exception_handler.py", line 53, in wrapped_app
2026-09-10T18:00:04.606137073Z     raise exc
2026-09-10T18:00:04.606142905Z   File "/usr/local/lib/python3.13/site-packages/starlette/_exception_handler.py", line 42, in wrapped_app
2026-09-10T18:00:04.606148516Z     await app(scope, receive, sender)
2026-09-10T18:00:04.606154027Z   File "/usr/local/lib/python3.13/site-packages/fastapi/routing.py", line 120, in app
2026-09-10T18:00:04.606160209Z     response = await f(request)
2026-09-10T18:00:04.606165740Z                ^^^^^^^^^^^^^^^^
2026-09-10T18:00:04.606171301Z   File "/usr/local/lib/python3.13/site-packages/fastapi/routing.py", line 674, in app
2026-09-10T18:00:04.606176832Z     raw_response = await run_endpoint_function(
2026-09-10T18:00:04.606182343Z                    ^^^^^^^^^^^^^^^^^^^^^^^^^^^^
2026-09-10T18:00:04.606188465Z     ...<3 lines>...
2026-09-10T18:00:04.606194127Z     )
2026-09-10T18:00:04.606199668Z     ^
2026-09-10T18:00:04.606205168Z   File "/usr/local/lib/python3.13/site-packages/fastapi/routing.py", line 330, in run_endpoint_function
2026-09-10T18:00:04.606224206Z     return await run_in_threadpool(dependant.call, **values)
2026-09-10T18:00:04.606229847Z            ^^^^^^^^^^^^^^^^^^^^^^^^^^^^^^^^^^^^^^^^^^^^^^^^^
2026-09-10T18:00:04.606270919Z   File "/usr/local/lib/python3.13/site-packages/starlette/concurrency.py", line 32, in run_in_threadpool
2026-09-10T18:00:04.606277262Z     return await anyio.to_thread.run_sync(func)
2026-09-10T18:00:04.606282903Z            ^^^^^^^^^^^^^^^^^^^^^^^^^^^^^^^^^^^^
2026-09-10T18:00:04.606288454Z   File "/usr/local/lib/python3.13/site-packages/anyio/to_thread.py", line 63, in run_sync
2026-09-10T18:00:04.606294055Z     return await get_async_backend().run_sync_in_worker_thread(
2026-09-10T18:00:04.606299646Z            ^^^^^^^^^^^^^^^^^^^^^^^^^^^^^^^^^^^^^^^^^^^^^^^^^^^^
2026-09-10T18:00:04.606305257Z         func, args, abandon_on_cancel=abandon_on_cancel, limiter=limiter
2026-09-10T18:00:04.606310828Z         ^^^^^^^^^^^^^^^^^^^^^^^^^^^^^^^^^^^^^^^^^^^^^^^^^^^^^^^^^^^^^^^^
2026-09-10T18:00:04.606316480Z     )
2026-09-10T18:00:04.606322091Z     ^
2026-09-10T18:00:04.606327772Z   File "/usr/local/lib/python3.13/site-packages/anyio/_backends/_asyncio.py", line 2518, in run_sync_in_worker_thread
2026-09-10T18:00:04.606333383Z     return await future
2026-09-10T18:00:04.606338964Z            ^^^^^^^^^^^^
2026-09-10T18:00:04.606344485Z   File "/usr/local/lib/python3.13/site-packages/anyio/_backends/_asyncio.py", line 1002, in run
2026-09-10T18:00:04.606350056Z     result = context.run(func, *args)
2026-09-10T18:00:04.606355607Z   File "/app/app/routers/orders.py", line 36, in checkout
2026-09-10T18:00:04.606361128Z     return create_order(
2026-09-10T18:00:04.606366719Z         db=db,
2026-09-10T18:00:04.606372341Z     ...<2 lines>...
2026-09-10T18:00:04.606377882Z         correlation_id=correlation_id,
2026-09-10T18:00:04.606383503Z     )
2026-09-10T18:00:04.606389194Z   File "/app/app/services/order_service.py", line 42, in create_order
2026-09-10T18:00:04.606394785Z     result = db.execute(
2026-09-10T18:00:04.606400366Z         select(ProductModel).where(ProductModel.id == product_id)
2026-09-10T18:00:04.606405907Z     )
2026-09-10T18:00:04.606411709Z   File "/usr/local/lib/python3.13/site-packages/sqlalchemy/orm/session.py", line 2372, in execute
2026-09-10T18:00:04.606417470Z     return self._execute_internal(
2026-09-10T18:00:04.606423031Z            ~~~~~~~~~~~~~~~~~~~~~~^
2026-09-10T18:00:04.606427029Z         statement,
2026-09-10T18:00:04.606430757Z         ^^^^^^^^^^
2026-09-10T18:00:04.606434524Z     ...<4 lines>...
2026-09-10T18:00:04.606437109Z         _add_event=_add_event,
2026-09-10T18:00:04.606439484Z         ^^^^^^^^^^^^^^^^^^^^^^
2026-09-10T18:00:04.606441839Z     )
2026-09-10T18:00:04.606443752Z     ^
2026-09-10T18:00:04.606445686Z   File "/usr/local/lib/python3.13/site-packages/sqlalchemy/orm/session.py", line 2260, in _execute_internal
2026-09-10T18:00:04.606447590Z     conn = self._connection_for_bind(bind)
2026-09-10T18:00:04.606449544Z   File "/usr/local/lib/python3.13/site-packages/sqlalchemy/orm/session.py", line 2112, in _connection_for_bind
2026-09-10T18:00:04.606451518Z     return trans._connection_for_bind(engine, execution_options)
2026-09-10T18:00:04.606453452Z            ~~~~~~~~~~~~~~~~~~~~~~~~~~^^^^^^^^^^^^^^^^^^^^^^^^^^^
2026-09-10T18:00:04.606455356Z   File "<string>", line 2, in _connection_for_bind
2026-09-10T18:00:04.606457259Z   File "/usr/local/lib/python3.13/site-packages/sqlalchemy/orm/state_changes.py", line 137, in _go
2026-09-10T18:00:04.606459173Z     ret_value = fn(self, *arg, **kw)
2026-09-10T18:00:04.606461057Z   File "/usr/local/lib/python3.13/site-packages/sqlalchemy/orm/session.py", line 1191, in _connection_for_bind
2026-09-10T18:00:04.606467941Z     conn = bind.connect()
2026-09-10T18:00:04.606470716Z   File "/usr/local/lib/python3.13/site-packages/opentelemetry/instrumentation/sqlalchemy/engine.py", line 200, in _wrap_connect_internal
2026-09-10T18:00:04.606472650Z     return func(*args, **kwargs)
2026-09-10T18:00:04.606474594Z   File "/usr/local/lib/python3.13/site-packages/sqlalchemy/engine/base.py", line 3295, in connect
2026-09-10T18:00:04.606476518Z     return self._connection_cls(self)
2026-09-10T18:00:04.606478441Z            ~~~~~~~~~~~~~~~~~~~~^^^^^^
2026-09-10T18:00:04.606480365Z   File "/usr/local/lib/python3.13/site-packages/sqlalchemy/engine/base.py", line 144, in __init__
2026-09-10T18:00:04.606482399Z     self._dbapi_connection = engine.raw_connection()
2026-09-10T18:00:04.606484293Z                              ~~~~~~~~~~~~~~~~~~~~~^^
2026-09-10T18:00:04.606486447Z   File "/usr/local/lib/python3.13/site-packages/sqlalchemy/engine/base.py", line 3319, in raw_connection
2026-09-10T18:00:04.606488361Z     return self.pool.connect()
2026-09-10T18:00:04.606490285Z            ~~~~~~~~~~~~~~~~~^^
2026-09-10T18:00:04.606492219Z   File "/usr/local/lib/python3.13/site-packages/sqlalchemy/pool/base.py", line 448, in connect
2026-09-10T18:00:04.606494123Z     return _ConnectionFairy._checkout(self)
2026-09-10T18:00:04.606496026Z            ~~~~~~~~~~~~~~~~~~~~~~~~~~^^^^^^
2026-09-10T18:00:04.606498111Z   File "/usr/local/lib/python3.13/site-packages/sqlalchemy/pool/base.py", line 1272, in _checkout
2026-09-10T18:00:04.606500044Z     fairy = _ConnectionRecord.checkout(pool)
2026-09-10T18:00:04.606501948Z   File "/usr/local/lib/python3.13/site-packages/sqlalchemy/pool/base.py", line 712, in checkout
2026-09-10T18:00:04.606504012Z     rec = pool._do_get()
2026-09-10T18:00:04.606505936Z   File "/usr/local/lib/python3.13/site-packages/sqlalchemy/pool/impl.py", line 167, in _do_get
2026-09-10T18:00:04.606507880Z     raise exc.TimeoutError(
2026-09-10T18:00:04.606509834Z     ...<4 lines>...
2026-09-10T18:00:04.606511788Z     )
2026-09-10T18:00:04.606514934Z sqlalchemy.exc.TimeoutError: QueuePool limit of size 5 overflow 10 reached, connection timed out, timeout 30.00 (Background on this error at: https://sqlalche.me/e/20/3o7r)
2026-09-10T18:00:04.622158516Z ERROR:    Exception in ASGI application
2026-09-10T18:00:04.622193004Z Traceback (most recent call last):
2026-09-10T18:00:04.622195840Z   File "/usr/local/lib/python3.13/site-packages/uvicorn/protocols/http/httptools_impl.py", line 421, in run_asgi
2026-09-10T18:00:04.622198686Z     result = await app(  # type: ignore[func-returns-value]
2026-09-10T18:00:04.622200790Z              ^^^^^^^^^^^^^^^^^^^^^^^^^^^^^^^^^^^^^^^^^^^^^^
2026-09-10T18:00:04.622202764Z         self.scope, self.receive, self.send
2026-09-10T18:00:04.622204728Z         ^^^^^^^^^^^^^^^^^^^^^^^^^^^^^^^^^^^
2026-09-10T18:00:04.622206631Z     )
2026-09-10T18:00:04.622208585Z     ^
2026-09-10T18:00:04.622210559Z   File "/usr/local/lib/python3.13/site-packages/uvicorn/middleware/proxy_headers.py", line 63, in __call__
2026-09-10T18:00:04.622212483Z     return await self.app(scope, receive, send)
2026-09-10T18:00:04.622214387Z            ^^^^^^^^^^^^^^^^^^^^^^^^^^^^^^^^^^^^
2026-09-10T18:00:04.622216872Z   File "/usr/local/lib/python3.13/site-packages/fastapi/applications.py", line 1159, in __call__
2026-09-10T18:00:04.622222252Z     await super().__call__(scope, receive, send)
2026-09-10T18:00:04.622224307Z   File "/usr/local/lib/python3.13/site-packages/starlette/applications.py", line 107, in __call__
2026-09-10T18:00:04.622226291Z     await self.middleware_stack(scope, receive, send)
2026-09-10T18:00:04.622245689Z   File "/usr/local/lib/python3.13/site-packages/starlette/middleware/errors.py", line 186, in __call__
2026-09-10T18:00:04.622247723Z     raise exc
2026-09-10T18:00:04.622249657Z   File "/usr/local/lib/python3.13/site-packages/starlette/middleware/errors.py", line 164, in __call__
2026-09-10T18:00:04.622251611Z     await self.app(scope, receive, _send)
2026-09-10T18:00:04.622254517Z   File "/usr/local/lib/python3.13/site-packages/opentelemetry/instrumentation/asgi/__init__.py", line 806, in __call__
2026-09-10T18:00:04.622256450Z     await self.app(scope, otel_receive, otel_send)
2026-09-10T18:00:04.622258374Z   File "/usr/local/lib/python3.13/site-packages/starlette/middleware/errors.py", line 186, in __call__
2026-09-10T18:00:04.622260278Z     raise exc
2026-09-10T18:00:04.622262162Z   File "/usr/local/lib/python3.13/site-packages/starlette/middleware/errors.py", line 164, in __call__
2026-09-10T18:00:04.622264066Z     await self.app(scope, receive, _send)
2026-09-10T18:00:04.622265959Z   File "/usr/local/lib/python3.13/site-packages/opentelemetry/instrumentation/fastapi/__init__.py", line 305, in __call__
2026-09-10T18:00:04.622267833Z     await self.app(scope, receive, send)
2026-09-10T18:00:04.622269737Z   File "/usr/local/lib/python3.13/site-packages/prometheus_fastapi_instrumentator/middleware.py", line 177, in __call__
2026-09-10T18:00:04.622272142Z     raise exc
2026-09-10T18:00:04.622274055Z   File "/usr/local/lib/python3.13/site-packages/prometheus_fastapi_instrumentator/middleware.py", line 175, in __call__
2026-09-10T18:00:04.622275959Z     await self.app(scope, receive, send_wrapper)
2026-09-10T18:00:04.622277853Z   File "/usr/local/lib/python3.13/site-packages/starlette/middleware/exceptions.py", line 63, in __call__
2026-09-10T18:00:04.622280448Z     await wrap_app_handling_exceptions(self.app, conn)(scope, receive, send)
2026-09-10T18:00:04.622282683Z   File "/usr/local/lib/python3.13/site-packages/starlette/_exception_handler.py", line 53, in wrapped_app
2026-09-10T18:00:04.622284727Z     raise exc
2026-09-10T18:00:04.622286650Z   File "/usr/local/lib/python3.13/site-packages/starlette/_exception_handler.py", line 42, in wrapped_app
2026-09-10T18:00:04.622288554Z     await app(scope, receive, sender)
2026-09-10T18:00:04.622290488Z   File "/usr/local/lib/python3.13/site-packages/fastapi/middleware/asyncexitstack.py", line 18, in __call__
2026-09-10T18:00:04.622292362Z     await self.app(scope, receive, send)
2026-09-10T18:00:04.622294296Z   File "/usr/local/lib/python3.13/site-packages/starlette/routing.py", line 716, in __call__
2026-09-10T18:00:04.622296250Z     await self.middleware_stack(scope, receive, send)
2026-09-10T18:00:04.622298233Z   File "/usr/local/lib/python3.13/site-packages/starlette/routing.py", line 736, in app
2026-09-10T18:00:04.622300137Z     await route.handle(scope, receive, send)
2026-09-10T18:00:04.622302041Z   File "/usr/local/lib/python3.13/site-packages/starlette/routing.py", line 290, in handle
2026-09-10T18:00:04.622303945Z     await self.app(scope, receive, send)
2026-09-10T18:00:04.622305839Z   File "/usr/local/lib/python3.13/site-packages/fastapi/routing.py", line 134, in app
2026-09-10T18:00:04.622307722Z     await wrap_app_handling_exceptions(app, request)(scope, receive, send)
2026-09-10T18:00:04.622309606Z   File "/usr/local/lib/python3.13/site-packages/starlette/_exception_handler.py", line 53, in wrapped_app
2026-09-10T18:00:04.622311490Z     raise exc
2026-09-10T18:00:04.622313384Z   File "/usr/local/lib/python3.13/site-packages/starlette/_exception_handler.py", line 42, in wrapped_app
2026-09-10T18:00:04.622315277Z     await app(scope, receive, sender)
2026-09-10T18:00:04.622317161Z   File "/usr/local/lib/python3.13/site-packages/fastapi/routing.py", line 120, in app
2026-09-10T18:00:04.622324636Z     response = await f(request)
2026-09-10T18:00:04.622326640Z                ^^^^^^^^^^^^^^^^
2026-09-10T18:00:04.622328544Z   File "/usr/local/lib/python3.13/site-packages/fastapi/routing.py", line 674, in app
2026-09-10T18:00:04.622330427Z     raw_response = await run_endpoint_function(
2026-09-10T18:00:04.622332321Z                    ^^^^^^^^^^^^^^^^^^^^^^^^^^^^
2026-09-10T18:00:04.622334666Z     ...<3 lines>...
2026-09-10T18:00:04.622336570Z     )
2026-09-10T18:00:04.622338503Z     ^
2026-09-10T18:00:04.622340427Z   File "/usr/local/lib/python3.13/site-packages/fastapi/routing.py", line 330, in run_endpoint_function
2026-09-10T18:00:04.622342331Z     return await run_in_threadpool(dependant.call, **values)
2026-09-10T18:00:04.622344235Z            ^^^^^^^^^^^^^^^^^^^^^^^^^^^^^^^^^^^^^^^^^^^^^^^^^
2026-09-10T18:00:04.622373142Z   File "/usr/local/lib/python3.13/site-packages/starlette/concurrency.py", line 32, in run_in_threadpool
2026-09-10T18:00:04.622377631Z     return await anyio.to_thread.run_sync(func)
2026-09-10T18:00:04.622379605Z            ^^^^^^^^^^^^^^^^^^^^^^^^^^^^^^^^^^^^
2026-09-10T18:00:04.622381509Z   File "/usr/local/lib/python3.13/site-packages/anyio/to_thread.py", line 63, in run_sync
2026-09-10T18:00:04.622383473Z     return await get_async_backend().run_sync_in_worker_thread(
2026-09-10T18:00:04.622385377Z            ^^^^^^^^^^^^^^^^^^^^^^^^^^^^^^^^^^^^^^^^^^^^^^^^^^^^
2026-09-10T18:00:04.622387381Z         func, args, abandon_on_cancel=abandon_on_cancel, limiter=limiter
2026-09-10T18:00:04.622391058Z         ^^^^^^^^^^^^^^^^^^^^^^^^^^^^^^^^^^^^^^^^^^^^^^^^^^^^^^^^^^^^^^^^
2026-09-10T18:00:04.622392972Z     )
2026-09-10T18:00:04.622394865Z     ^
2026-09-10T18:00:04.622396809Z   File "/usr/local/lib/python3.13/site-packages/anyio/_backends/_asyncio.py", line 2518, in run_sync_in_worker_thread
2026-09-10T18:00:04.622398693Z     return await future
2026-09-10T18:00:04.622400607Z            ^^^^^^^^^^^^
2026-09-10T18:00:04.622402491Z   File "/usr/local/lib/python3.13/site-packages/anyio/_backends/_asyncio.py", line 1002, in run
2026-09-10T18:00:04.622404364Z     result = context.run(func, *args)
2026-09-10T18:00:04.622406258Z   File "/app/app/routers/orders.py", line 36, in checkout
2026-09-10T18:00:04.622408142Z     return create_order(
2026-09-10T18:00:04.622410086Z         db=db,
2026-09-10T18:00:04.622412000Z     ...<2 lines>...
2026-09-10T18:00:04.622413933Z         correlation_id=correlation_id,
2026-09-10T18:00:04.622415867Z     )
2026-09-10T18:00:04.622417821Z   File "/app/app/services/order_service.py", line 42, in create_order
2026-09-10T18:00:04.622419765Z     result = db.execute(
2026-09-10T18:00:04.622421669Z         select(ProductModel).where(ProductModel.id == product_id)
2026-09-10T18:00:04.622423603Z     )
2026-09-10T18:00:04.622425516Z   File "/usr/local/lib/python3.13/site-packages/sqlalchemy/orm/session.py", line 2372, in execute
2026-09-10T18:00:04.622427410Z     return self._execute_internal(
2026-09-10T18:00:04.622429324Z            ~~~~~~~~~~~~~~~~~~~~~~^
2026-09-10T18:00:04.622431248Z         statement,
2026-09-10T18:00:04.622433152Z         ^^^^^^^^^^
2026-09-10T18:00:04.622435045Z     ...<4 lines>...
2026-09-10T18:00:04.622436979Z         _add_event=_add_event,
2026-09-10T18:00:04.622438873Z         ^^^^^^^^^^^^^^^^^^^^^^
2026-09-10T18:00:04.622440747Z     )
2026-09-10T18:00:04.622442650Z     ^
2026-09-10T18:00:04.622444564Z   File "/usr/local/lib/python3.13/site-packages/sqlalchemy/orm/session.py", line 2260, in _execute_internal
2026-09-10T18:00:04.622446488Z     conn = self._connection_for_bind(bind)
2026-09-10T18:00:04.622456237Z   File "/usr/local/lib/python3.13/site-packages/sqlalchemy/orm/session.py", line 2112, in _connection_for_bind
2026-09-10T18:00:04.622458231Z     return trans._connection_for_bind(engine, execution_options)
2026-09-10T18:00:04.622460135Z            ~~~~~~~~~~~~~~~~~~~~~~~~~~^^^^^^^^^^^^^^^^^^^^^^^^^^^
2026-09-10T18:00:04.622462039Z   File "<string>", line 2, in _connection_for_bind
2026-09-10T18:00:04.622463983Z   File "/usr/local/lib/python3.13/site-packages/sqlalchemy/orm/state_changes.py", line 137, in _go
2026-09-10T18:00:04.622465887Z     ret_value = fn(self, *arg, **kw)
2026-09-10T18:00:04.622467790Z   File "/usr/local/lib/python3.13/site-packages/sqlalchemy/orm/session.py", line 1191, in _connection_for_bind
2026-09-10T18:00:04.622469724Z     conn = bind.connect()
2026-09-10T18:00:04.622472299Z   File "/usr/local/lib/python3.13/site-packages/opentelemetry/instrumentation/sqlalchemy/engine.py", line 200, in _wrap_connect_internal
2026-09-10T18:00:04.622474213Z     return func(*args, **kwargs)
2026-09-10T18:00:04.622476117Z   File "/usr/local/lib/python3.13/site-packages/sqlalchemy/engine/base.py", line 3295, in connect
2026-09-10T18:00:04.622478021Z     return self._connection_cls(self)
2026-09-10T18:00:04.622479914Z            ~~~~~~~~~~~~~~~~~~~~^^^^^^
2026-09-10T18:00:04.622481788Z   File "/usr/local/lib/python3.13/site-packages/sqlalchemy/engine/base.py", line 144, in __init__
2026-09-10T18:00:04.622483682Z     self._dbapi_connection = engine.raw_connection()
2026-09-10T18:00:04.622485586Z                              ~~~~~~~~~~~~~~~~~~~~~^^
2026-09-10T18:00:04.622487480Z   File "/usr/local/lib/python3.13/site-packages/sqlalchemy/engine/base.py", line 3319, in raw_connection
2026-09-10T18:00:04.622489393Z     return self.pool.connect()
2026-09-10T18:00:04.622491287Z            ~~~~~~~~~~~~~~~~~^^
2026-09-10T18:00:04.622493191Z   File "/usr/local/lib/python3.13/site-packages/sqlalchemy/pool/base.py", line 448, in connect
2026-09-10T18:00:04.622495105Z     return _ConnectionFairy._checkout(self)
2026-09-10T18:00:04.622497008Z            ~~~~~~~~~~~~~~~~~~~~~~~~~~^^^^^^
2026-09-10T18:00:04.622498902Z   File "/usr/local/lib/python3.13/site-packages/sqlalchemy/pool/base.py", line 1272, in _checkout
2026-09-10T18:00:04.622500816Z     fairy = _ConnectionRecord.checkout(pool)
2026-09-10T18:00:04.622502700Z   File "/usr/local/lib/python3.13/site-packages/sqlalchemy/pool/base.py", line 712, in checkout
2026-09-10T18:00:04.622504624Z     rec = pool._do_get()
2026-09-10T18:00:04.622506507Z   File "/usr/local/lib/python3.13/site-packages/sqlalchemy/pool/impl.py", line 167, in _do_get
2026-09-10T18:00:04.622508401Z     raise exc.TimeoutError(
2026-09-10T18:00:04.622510285Z     ...<4 lines>...
2026-09-10T18:00:04.622512189Z     )
2026-09-10T18:00:04.622514734Z sqlalchemy.exc.TimeoutError: QueuePool limit of size 5 overflow 10 reached, connection timed out, timeout 30.00 (Background on this error at: https://sqlalche.me/e/20/3o7r)
2026-09-10T18:00:30.941166384Z ERROR:    Exception in ASGI application
2026-09-10T18:00:30.941221273Z Traceback (most recent call last):
2026-09-10T18:00:30.941233057Z   File "/usr/local/lib/python3.13/site-packages/uvicorn/protocols/http/httptools_impl.py", line 421, in run_asgi
2026-09-10T18:00:30.941241944Z     result = await app(  # type: ignore[func-returns-value]
2026-09-10T18:00:30.941249760Z              ^^^^^^^^^^^^^^^^^^^^^^^^^^^^^^^^^^^^^^^^^^^^^^
2026-09-10T18:00:30.941257365Z         self.scope, self.receive, self.send
2026-09-10T18:00:30.941264900Z         ^^^^^^^^^^^^^^^^^^^^^^^^^^^^^^^^^^^
2026-09-10T18:00:30.941272896Z     )
2026-09-10T18:00:30.941280611Z     ^
2026-09-10T18:00:30.941312334Z   File "/usr/local/lib/python3.13/site-packages/uvicorn/middleware/proxy_headers.py", line 63, in __call__
2026-09-10T18:00:30.941317023Z     return await self.app(scope, receive, send)
2026-09-10T18:00:30.941321342Z            ^^^^^^^^^^^^^^^^^^^^^^^^^^^^^^^^^^^^
2026-09-10T18:00:30.941327274Z   File "/usr/local/lib/python3.13/site-packages/fastapi/applications.py", line 1159, in __call__
2026-09-10T18:00:30.941331612Z     await super().__call__(scope, receive, send)
2026-09-10T18:00:30.941335951Z   File "/usr/local/lib/python3.13/site-packages/starlette/applications.py", line 107, in __call__
2026-09-10T18:00:30.941340400Z     await self.middleware_stack(scope, receive, send)
2026-09-10T18:00:30.941344768Z   File "/usr/local/lib/python3.13/site-packages/starlette/middleware/errors.py", line 186, in __call__
2026-09-10T18:00:30.941349287Z     raise exc
2026-09-10T18:00:30.941353776Z   File "/usr/local/lib/python3.13/site-packages/starlette/middleware/errors.py", line 164, in __call__
2026-09-10T18:00:30.941358115Z     await self.app(scope, receive, _send)
2026-09-10T18:00:30.941363937Z   File "/usr/local/lib/python3.13/site-packages/opentelemetry/instrumentation/asgi/__init__.py", line 806, in __call__
2026-09-10T18:00:30.941368365Z     await self.app(scope, otel_receive, otel_send)
2026-09-10T18:00:30.941372774Z   File "/usr/local/lib/python3.13/site-packages/starlette/middleware/errors.py", line 186, in __call__
2026-09-10T18:00:30.941377173Z     raise exc
2026-09-10T18:00:30.941381451Z   File "/usr/local/lib/python3.13/site-packages/starlette/middleware/errors.py", line 164, in __call__
2026-09-10T18:00:30.941385770Z     await self.app(scope, receive, _send)
2026-09-10T18:00:30.941390128Z   File "/usr/local/lib/python3.13/site-packages/opentelemetry/instrumentation/fastapi/__init__.py", line 305, in __call__
2026-09-10T18:00:30.941394597Z     await self.app(scope, receive, send)
2026-09-10T18:00:30.941397293Z   File "/usr/local/lib/python3.13/site-packages/prometheus_fastapi_instrumentator/middleware.py", line 177, in __call__
2026-09-10T18:00:30.941399186Z     raise exc
2026-09-10T18:00:30.941401080Z   File "/usr/local/lib/python3.13/site-packages/prometheus_fastapi_instrumentator/middleware.py", line 175, in __call__
2026-09-10T18:00:30.941403074Z     await self.app(scope, receive, send_wrapper)
2026-09-10T18:00:30.941404988Z   File "/usr/local/lib/python3.13/site-packages/starlette/middleware/exceptions.py", line 63, in __call__
2026-09-10T18:00:30.941408204Z     await wrap_app_handling_exceptions(self.app, conn)(scope, receive, send)
2026-09-10T18:00:30.941410128Z   File "/usr/local/lib/python3.13/site-packages/starlette/_exception_handler.py", line 53, in wrapped_app
2026-09-10T18:00:30.941412032Z     raise exc
2026-09-10T18:00:30.941413966Z   File "/usr/local/lib/python3.13/site-packages/starlette/_exception_handler.py", line 42, in wrapped_app
2026-09-10T18:00:30.941417413Z     await app(scope, receive, sender)
2026-09-10T18:00:30.941419336Z   File "/usr/local/lib/python3.13/site-packages/fastapi/middleware/asyncexitstack.py", line 18, in __call__
2026-09-10T18:00:30.941421250Z     await self.app(scope, receive, send)
2026-09-10T18:00:30.941423194Z   File "/usr/local/lib/python3.13/site-packages/starlette/routing.py", line 716, in __call__
2026-09-10T18:00:30.941425098Z     await self.middleware_stack(scope, receive, send)
2026-09-10T18:00:30.941427022Z   File "/usr/local/lib/python3.13/site-packages/starlette/routing.py", line 736, in app
2026-09-10T18:00:30.941428925Z     await route.handle(scope, receive, send)
2026-09-10T18:00:30.941430849Z   File "/usr/local/lib/python3.13/site-packages/starlette/routing.py", line 290, in handle
2026-09-10T18:00:30.941432753Z     await self.app(scope, receive, send)
2026-09-10T18:00:30.941439717Z   File "/usr/local/lib/python3.13/site-packages/fastapi/routing.py", line 134, in app
2026-09-10T18:00:30.941441731Z     await wrap_app_handling_exceptions(app, request)(scope, receive, send)
2026-09-10T18:00:30.941443685Z   File "/usr/local/lib/python3.13/site-packages/starlette/_exception_handler.py", line 53, in wrapped_app
2026-09-10T18:00:30.941445609Z     raise exc
2026-09-10T18:00:30.941447522Z   File "/usr/local/lib/python3.13/site-packages/starlette/_exception_handler.py", line 42, in wrapped_app
2026-09-10T18:00:30.941449456Z     await app(scope, receive, sender)
2026-09-10T18:00:30.941451440Z   File "/usr/local/lib/python3.13/site-packages/fastapi/routing.py", line 120, in app
2026-09-10T18:00:30.941454596Z     response = await f(request)
2026-09-10T18:00:30.941456530Z                ^^^^^^^^^^^^^^^^
2026-09-10T18:00:30.941458474Z   File "/usr/local/lib/python3.13/site-packages/fastapi/routing.py", line 674, in app
2026-09-10T18:00:30.941460388Z     raw_response = await run_endpoint_function(
2026-09-10T18:00:30.941462312Z                    ^^^^^^^^^^^^^^^^^^^^^^^^^^^^
2026-09-10T18:00:30.941465328Z     ...<3 lines>...
2026-09-10T18:00:30.941467292Z     )
2026-09-10T18:00:30.941469246Z     ^
2026-09-10T18:00:30.941471159Z   File "/usr/local/lib/python3.13/site-packages/fastapi/routing.py", line 330, in run_endpoint_function
2026-09-10T18:00:30.941473063Z     return await run_in_threadpool(dependant.call, **values)
2026-09-10T18:00:30.941475037Z            ^^^^^^^^^^^^^^^^^^^^^^^^^^^^^^^^^^^^^^^^^^^^^^^^^
2026-09-10T18:00:30.941511249Z   File "/usr/local/lib/python3.13/site-packages/starlette/concurrency.py", line 32, in run_in_threadpool
2026-09-10T18:00:30.941515918Z     return await anyio.to_thread.run_sync(func)
2026-09-10T18:00:30.941517962Z            ^^^^^^^^^^^^^^^^^^^^^^^^^^^^^^^^^^^^
2026-09-10T18:00:30.941519876Z   File "/usr/local/lib/python3.13/site-packages/anyio/to_thread.py", line 63, in run_sync
2026-09-10T18:00:30.941521820Z     return await get_async_backend().run_sync_in_worker_thread(
2026-09-10T18:00:30.941523814Z            ^^^^^^^^^^^^^^^^^^^^^^^^^^^^^^^^^^^^^^^^^^^^^^^^^^^^
2026-09-10T18:00:30.941525818Z         func, args, abandon_on_cancel=abandon_on_cancel, limiter=limiter
2026-09-10T18:00:30.941527752Z         ^^^^^^^^^^^^^^^^^^^^^^^^^^^^^^^^^^^^^^^^^^^^^^^^^^^^^^^^^^^^^^^^
2026-09-10T18:00:30.941529696Z     )
2026-09-10T18:00:30.941531649Z     ^
2026-09-10T18:00:30.941533573Z   File "/usr/local/lib/python3.13/site-packages/anyio/_backends/_asyncio.py", line 2518, in run_sync_in_worker_thread
2026-09-10T18:00:30.941535467Z     return await future
2026-09-10T18:00:30.941537361Z            ^^^^^^^^^^^^
2026-09-10T18:00:30.941557150Z   File "/usr/local/lib/python3.13/site-packages/anyio/_backends/_asyncio.py", line 1002, in run
2026-09-10T18:00:30.941563503Z     result = context.run(func, *args)
2026-09-10T18:00:30.941565527Z   File "/app/app/routers/orders.py", line 36, in checkout
2026-09-10T18:00:30.941567470Z     return create_order(
2026-09-10T18:00:30.941569434Z         db=db,
2026-09-10T18:00:30.941571378Z     ...<2 lines>...
2026-09-10T18:00:30.941573302Z         correlation_id=correlation_id,
2026-09-10T18:00:30.941575226Z     )
2026-09-10T18:00:30.941577170Z   File "/app/app/services/order_service.py", line 42, in create_order
2026-09-10T18:00:30.941579124Z     result = db.execute(
2026-09-10T18:00:30.941581037Z         select(ProductModel).where(ProductModel.id == product_id)
2026-09-10T18:00:30.941582951Z     )
2026-09-10T18:00:30.941584855Z   File "/usr/local/lib/python3.13/site-packages/sqlalchemy/orm/session.py", line 2372, in execute
2026-09-10T18:00:30.941600937Z     return self._execute_internal(
2026-09-10T18:00:30.941602931Z            ~~~~~~~~~~~~~~~~~~~~~~^
2026-09-10T18:00:30.941604835Z         statement,
2026-09-10T18:00:30.941606839Z         ^^^^^^^^^^
2026-09-10T18:00:30.941608782Z     ...<4 lines>...
2026-09-10T18:00:30.941610676Z         _add_event=_add_event,
2026-09-10T18:00:30.941612560Z         ^^^^^^^^^^^^^^^^^^^^^^
2026-09-10T18:00:30.941614494Z     )
2026-09-10T18:00:30.941616388Z     ^
2026-09-10T18:00:30.941618351Z   File "/usr/local/lib/python3.13/site-packages/sqlalchemy/orm/session.py", line 2260, in _execute_internal
2026-09-10T18:00:30.941620275Z     conn = self._connection_for_bind(bind)
2026-09-10T18:00:30.941622159Z   File "/usr/local/lib/python3.13/site-packages/sqlalchemy/orm/session.py", line 2112, in _connection_for_bind
2026-09-10T18:00:30.941624083Z     return trans._connection_for_bind(engine, execution_options)
2026-09-10T18:00:30.941625987Z            ~~~~~~~~~~~~~~~~~~~~~~~~~~^^^^^^^^^^^^^^^^^^^^^^^^^^^
2026-09-10T18:00:30.941627890Z   File "<string>", line 2, in _connection_for_bind
2026-09-10T18:00:30.941629784Z   File "/usr/local/lib/python3.13/site-packages/sqlalchemy/orm/state_changes.py", line 137, in _go
2026-09-10T18:00:30.941631688Z     ret_value = fn(self, *arg, **kw)
2026-09-10T18:00:30.941633562Z   File "/usr/local/lib/python3.13/site-packages/sqlalchemy/orm/session.py", line 1191, in _connection_for_bind
2026-09-10T18:00:30.941635455Z     conn = bind.connect()
2026-09-10T18:00:30.941639764Z   File "/usr/local/lib/python3.13/site-packages/opentelemetry/instrumentation/sqlalchemy/engine.py", line 200, in _wrap_connect_internal
2026-09-10T18:00:30.941641738Z     return func(*args, **kwargs)
2026-09-10T18:00:30.941643652Z   File "/usr/local/lib/python3.13/site-packages/sqlalchemy/engine/base.py", line 3295, in connect
2026-09-10T18:00:30.941645555Z     return self._connection_cls(self)
2026-09-10T18:00:30.941647459Z            ~~~~~~~~~~~~~~~~~~~~^^^^^^
2026-09-10T18:00:30.941649343Z   File "/usr/local/lib/python3.13/site-packages/sqlalchemy/engine/base.py", line 144, in __init__
2026-09-10T18:00:30.941651237Z     self._dbapi_connection = engine.raw_connection()
2026-09-10T18:00:30.941653141Z                              ~~~~~~~~~~~~~~~~~~~~~^^
2026-09-10T18:00:30.941655014Z   File "/usr/local/lib/python3.13/site-packages/sqlalchemy/engine/base.py", line 3319, in raw_connection
2026-09-10T18:00:30.941656948Z     return self.pool.connect()
2026-09-10T18:00:30.941658852Z            ~~~~~~~~~~~~~~~~~^^
2026-09-10T18:00:30.941660766Z   File "/usr/local/lib/python3.13/site-packages/sqlalchemy/pool/base.py", line 448, in connect
2026-09-10T18:00:30.941662669Z     return _ConnectionFairy._checkout(self)
2026-09-10T18:00:30.941664563Z            ~~~~~~~~~~~~~~~~~~~~~~~~~~^^^^^^
2026-09-10T18:00:30.941666457Z   File "/usr/local/lib/python3.13/site-packages/sqlalchemy/pool/base.py", line 1272, in _checkout
2026-09-10T18:00:30.941668351Z     fairy = _ConnectionRecord.checkout(pool)
2026-09-10T18:00:30.941670234Z   File "/usr/local/lib/python3.13/site-packages/sqlalchemy/pool/base.py", line 712, in checkout
2026-09-10T18:00:30.941672148Z     rec = pool._do_get()
2026-09-10T18:00:30.941674062Z   File "/usr/local/lib/python3.13/site-packages/sqlalchemy/pool/impl.py", line 167, in _do_get
2026-09-10T18:00:30.941675986Z     raise exc.TimeoutError(
2026-09-10T18:00:30.941677920Z     ...<4 lines>...
2026-09-10T18:00:30.941679874Z     )
2026-09-10T18:00:30.941683070Z sqlalchemy.exc.TimeoutError: QueuePool limit of size 5 overflow 10 reached, connection timed out, timeout 30.00 (Background on this error at: https://sqlalche.me/e/20/3o7r)
2026-09-10T18:00:30.988983473Z ERROR:    Exception in ASGI application
2026-09-10T18:00:30.989026047Z Traceback (most recent call last):
2026-09-10T18:00:30.989031729Z   File "/usr/local/lib/python3.13/site-packages/uvicorn/protocols/http/httptools_impl.py", line 421, in run_asgi
2026-09-10T18:00:30.989036578Z     result = await app(  # type: ignore[func-returns-value]
2026-09-10T18:00:30.989040927Z              ^^^^^^^^^^^^^^^^^^^^^^^^^^^^^^^^^^^^^^^^^^^^^^
2026-09-10T18:00:30.989045326Z         self.scope, self.receive, self.send
2026-09-10T18:00:30.989049674Z         ^^^^^^^^^^^^^^^^^^^^^^^^^^^^^^^^^^^
2026-09-10T18:00:30.989054053Z     )
2026-09-10T18:00:30.989058492Z     ^
2026-09-10T18:00:30.989062940Z   File "/usr/local/lib/python3.13/site-packages/uvicorn/middleware/proxy_headers.py", line 63, in __call__
2026-09-10T18:00:30.989067379Z     return await self.app(scope, receive, send)
2026-09-10T18:00:30.989072219Z            ^^^^^^^^^^^^^^^^^^^^^^^^^^^^^^^^^^^^
2026-09-10T18:00:30.989077099Z   File "/usr/local/lib/python3.13/site-packages/fastapi/applications.py", line 1159, in __call__
2026-09-10T18:00:30.989081427Z     await super().__call__(scope, receive, send)
2026-09-10T18:00:30.989085776Z   File "/usr/local/lib/python3.13/site-packages/starlette/applications.py", line 107, in __call__
2026-09-10T18:00:30.989090114Z     await self.middleware_stack(scope, receive, send)
2026-09-10T18:00:30.989094483Z   File "/usr/local/lib/python3.13/site-packages/starlette/middleware/errors.py", line 186, in __call__
2026-09-10T18:00:30.989099012Z     raise exc
2026-09-10T18:00:30.989103431Z   File "/usr/local/lib/python3.13/site-packages/starlette/middleware/errors.py", line 164, in __call__
2026-09-10T18:00:30.989107840Z     await self.app(scope, receive, _send)
2026-09-10T18:00:30.989112860Z   File "/usr/local/lib/python3.13/site-packages/opentelemetry/instrumentation/asgi/__init__.py", line 806, in __call__
2026-09-10T18:00:30.989117238Z     await self.app(scope, otel_receive, otel_send)
2026-09-10T18:00:30.989121597Z   File "/usr/local/lib/python3.13/site-packages/starlette/middleware/errors.py", line 186, in __call__
2026-09-10T18:00:30.989125956Z     raise exc
2026-09-10T18:00:30.989130254Z   File "/usr/local/lib/python3.13/site-packages/starlette/middleware/errors.py", line 164, in __call__
2026-09-10T18:00:30.989134653Z     await self.app(scope, receive, _send)
2026-09-10T18:00:30.989138991Z   File "/usr/local/lib/python3.13/site-packages/opentelemetry/instrumentation/fastapi/__init__.py", line 305, in __call__
2026-09-10T18:00:30.989143340Z     await self.app(scope, receive, send)
2026-09-10T18:00:30.989147779Z   File "/usr/local/lib/python3.13/site-packages/prometheus_fastapi_instrumentator/middleware.py", line 177, in __call__
2026-09-10T18:00:30.989152117Z     raise exc
2026-09-10T18:00:30.989156466Z   File "/usr/local/lib/python3.13/site-packages/prometheus_fastapi_instrumentator/middleware.py", line 175, in __call__
2026-09-10T18:00:30.989160805Z     await self.app(scope, receive, send_wrapper)
2026-09-10T18:00:30.989165163Z   File "/usr/local/lib/python3.13/site-packages/starlette/middleware/exceptions.py", line 63, in __call__
2026-09-10T18:00:30.989170304Z     await wrap_app_handling_exceptions(self.app, conn)(scope, receive, send)
2026-09-10T18:00:30.989174592Z   File "/usr/local/lib/python3.13/site-packages/starlette/_exception_handler.py", line 53, in wrapped_app
2026-09-10T18:00:30.989178931Z     raise exc
2026-09-10T18:00:30.989183259Z   File "/usr/local/lib/python3.13/site-packages/starlette/_exception_handler.py", line 42, in wrapped_app
2026-09-10T18:00:30.989187588Z     await app(scope, receive, sender)
2026-09-10T18:00:30.989192267Z   File "/usr/local/lib/python3.13/site-packages/fastapi/middleware/asyncexitstack.py", line 18, in __call__
2026-09-10T18:00:30.989225082Z     await self.app(scope, receive, send)
2026-09-10T18:00:30.989229722Z   File "/usr/local/lib/python3.13/site-packages/starlette/routing.py", line 716, in __call__
2026-09-10T18:00:30.989234120Z     await self.middleware_stack(scope, receive, send)
2026-09-10T18:00:30.989238519Z   File "/usr/local/lib/python3.13/site-packages/starlette/routing.py", line 736, in app
2026-09-10T18:00:30.989242868Z     await route.handle(scope, receive, send)
2026-09-10T18:00:30.989247196Z   File "/usr/local/lib/python3.13/site-packages/starlette/routing.py", line 290, in handle
2026-09-10T18:00:30.989251525Z     await self.app(scope, receive, send)
2026-09-10T18:00:30.989255843Z   File "/usr/local/lib/python3.13/site-packages/fastapi/routing.py", line 134, in app
2026-09-10T18:00:30.989260202Z     await wrap_app_handling_exceptions(app, request)(scope, receive, send)
2026-09-10T18:00:30.989264601Z   File "/usr/local/lib/python3.13/site-packages/starlette/_exception_handler.py", line 53, in wrapped_app
2026-09-10T18:00:30.989268999Z     raise exc
2026-09-10T18:00:30.989273378Z   File "/usr/local/lib/python3.13/site-packages/starlette/_exception_handler.py", line 42, in wrapped_app
2026-09-10T18:00:30.989277727Z     await app(scope, receive, sender)
2026-09-10T18:00:30.989282306Z   File "/usr/local/lib/python3.13/site-packages/fastapi/routing.py", line 120, in app
2026-09-10T18:00:30.989287426Z     response = await f(request)
2026-09-10T18:00:30.989291765Z                ^^^^^^^^^^^^^^^^
2026-09-10T18:00:30.989296093Z   File "/usr/local/lib/python3.13/site-packages/fastapi/routing.py", line 674, in app
2026-09-10T18:00:30.989300452Z     raw_response = await run_endpoint_function(
2026-09-10T18:00:30.989304801Z                    ^^^^^^^^^^^^^^^^^^^^^^^^^^^^
2026-09-10T18:00:30.989309550Z     ...<3 lines>...
2026-09-10T18:00:30.989313909Z     )
2026-09-10T18:00:30.989318327Z     ^
2026-09-10T18:00:30.989322646Z   File "/usr/local/lib/python3.13/site-packages/fastapi/routing.py", line 330, in run_endpoint_function
2026-09-10T18:00:30.989326944Z     return await run_in_threadpool(dependant.call, **values)
2026-09-10T18:00:30.989331303Z            ^^^^^^^^^^^^^^^^^^^^^^^^^^^^^^^^^^^^^^^^^^^^^^^^^
2026-09-10T18:00:30.989460286Z   File "/usr/local/lib/python3.13/site-packages/starlette/concurrency.py", line 32, in run_in_threadpool
2026-09-10T18:00:30.989466248Z     return await anyio.to_thread.run_sync(func)
2026-09-10T18:00:30.989468423Z            ^^^^^^^^^^^^^^^^^^^^^^^^^^^^^^^^^^^^
2026-09-10T18:00:30.989470557Z   File "/usr/local/lib/python3.13/site-packages/anyio/to_thread.py", line 63, in run_sync
2026-09-10T18:00:30.989472601Z     return await get_async_backend().run_sync_in_worker_thread(
2026-09-10T18:00:30.989474525Z            ^^^^^^^^^^^^^^^^^^^^^^^^^^^^^^^^^^^^^^^^^^^^^^^^^^^^
2026-09-10T18:00:30.989476519Z         func, args, abandon_on_cancel=abandon_on_cancel, limiter=limiter
2026-09-10T18:00:30.989478462Z         ^^^^^^^^^^^^^^^^^^^^^^^^^^^^^^^^^^^^^^^^^^^^^^^^^^^^^^^^^^^^^^^^
2026-09-10T18:00:30.989480456Z     )
2026-09-10T18:00:30.989482460Z     ^
2026-09-10T18:00:30.989484534Z   File "/usr/local/lib/python3.13/site-packages/anyio/_backends/_asyncio.py", line 2518, in run_sync_in_worker_thread
2026-09-10T18:00:30.989486548Z     return await future
2026-09-10T18:00:30.989488472Z            ^^^^^^^^^^^^
2026-09-10T18:00:30.989490386Z   File "/usr/local/lib/python3.13/site-packages/anyio/_backends/_asyncio.py", line 1002, in run
2026-09-10T18:00:30.989492320Z     result = context.run(func, *args)
2026-09-10T18:00:30.989494254Z   File "/app/app/routers/orders.py", line 36, in checkout
2026-09-10T18:00:30.989508502Z     return create_order(
2026-09-10T18:00:30.989510606Z         db=db,
2026-09-10T18:00:30.989512530Z     ...<2 lines>...
2026-09-10T18:00:30.989514504Z         correlation_id=correlation_id,
2026-09-10T18:00:30.989516428Z     )
2026-09-10T18:00:30.989518372Z   File "/app/app/services/order_service.py", line 42, in create_order
2026-09-10T18:00:30.989520305Z     result = db.execute(
2026-09-10T18:00:30.989522229Z         select(ProductModel).where(ProductModel.id == product_id)
2026-09-10T18:00:30.989524173Z     )
2026-09-10T18:00:30.989526137Z   File "/usr/local/lib/python3.13/site-packages/sqlalchemy/orm/session.py", line 2372, in execute
2026-09-10T18:00:30.989528061Z     return self._execute_internal(
2026-09-10T18:00:30.989529985Z            ~~~~~~~~~~~~~~~~~~~~~~^
2026-09-10T18:00:30.989531878Z         statement,
2026-09-10T18:00:30.989533762Z         ^^^^^^^^^^
2026-09-10T18:00:30.989537850Z     ...<4 lines>...
2026-09-10T18:00:30.989539884Z         _add_event=_add_event,
2026-09-10T18:00:30.989541808Z         ^^^^^^^^^^^^^^^^^^^^^^
2026-09-10T18:00:30.989543702Z     )
2026-09-10T18:00:30.989545616Z     ^
2026-09-10T18:00:30.989547550Z   File "/usr/local/lib/python3.13/site-packages/sqlalchemy/orm/session.py", line 2260, in _execute_internal
2026-09-10T18:00:30.989549513Z     conn = self._connection_for_bind(bind)
2026-09-10T18:00:30.989551457Z   File "/usr/local/lib/python3.13/site-packages/sqlalchemy/orm/session.py", line 2112, in _connection_for_bind
2026-09-10T18:00:30.989553411Z     return trans._connection_for_bind(engine, execution_options)
2026-09-10T18:00:30.989555365Z            ~~~~~~~~~~~~~~~~~~~~~~~~~~^^^^^^^^^^^^^^^^^^^^^^^^^^^
2026-09-10T18:00:30.989557419Z   File "<string>", line 2, in _connection_for_bind
2026-09-10T18:00:30.989559333Z   File "/usr/local/lib/python3.13/site-packages/sqlalchemy/orm/state_changes.py", line 137, in _go
2026-09-10T18:00:30.989561267Z     ret_value = fn(self, *arg, **kw)
2026-09-10T18:00:30.989563171Z   File "/usr/local/lib/python3.13/site-packages/sqlalchemy/orm/session.py", line 1191, in _connection_for_bind
2026-09-10T18:00:30.989565094Z     conn = bind.connect()
2026-09-10T18:00:30.989567649Z   File "/usr/local/lib/python3.13/site-packages/opentelemetry/instrumentation/sqlalchemy/engine.py", line 200, in _wrap_connect_internal
2026-09-10T18:00:30.989569583Z     return func(*args, **kwargs)
2026-09-10T18:00:30.989573491Z   File "/usr/local/lib/python3.13/site-packages/sqlalchemy/engine/base.py", line 3295, in connect
2026-09-10T18:00:30.989575525Z     return self._connection_cls(self)
2026-09-10T18:00:30.989577479Z            ~~~~~~~~~~~~~~~~~~~~^^^^^^
2026-09-10T18:00:30.989579383Z   File "/usr/local/lib/python3.13/site-packages/sqlalchemy/engine/base.py", line 144, in __init__
2026-09-10T18:00:30.989581287Z     self._dbapi_connection = engine.raw_connection()
2026-09-10T18:00:30.989583190Z                              ~~~~~~~~~~~~~~~~~~~~~^^
2026-09-10T18:00:30.989585114Z   File "/usr/local/lib/python3.13/site-packages/sqlalchemy/engine/base.py", line 3319, in raw_connection
2026-09-10T18:00:30.989587038Z     return self.pool.connect()
2026-09-10T18:00:30.989588932Z            ~~~~~~~~~~~~~~~~~^^
2026-09-10T18:00:30.989590876Z   File "/usr/local/lib/python3.13/site-packages/sqlalchemy/pool/base.py", line 448, in connect
2026-09-10T18:00:30.989592799Z     return _ConnectionFairy._checkout(self)
2026-09-10T18:00:30.989594713Z            ~~~~~~~~~~~~~~~~~~~~~~~~~~^^^^^^
2026-09-10T18:00:30.989596607Z   File "/usr/local/lib/python3.13/site-packages/sqlalchemy/pool/base.py", line 1272, in _checkout
2026-09-10T18:00:30.989598521Z     fairy = _ConnectionRecord.checkout(pool)
2026-09-10T18:00:30.989605274Z   File "/usr/local/lib/python3.13/site-packages/sqlalchemy/pool/base.py", line 712, in checkout
2026-09-10T18:00:30.989607228Z     rec = pool._do_get()
2026-09-10T18:00:30.989609142Z   File "/usr/local/lib/python3.13/site-packages/sqlalchemy/pool/impl.py", line 167, in _do_get
2026-09-10T18:00:30.989611076Z     raise exc.TimeoutError(
2026-09-10T18:00:30.989612999Z     ...<4 lines>...
2026-09-10T18:00:30.989614953Z     )
2026-09-10T18:00:30.989618430Z sqlalchemy.exc.TimeoutError: QueuePool limit of size 5 overflow 10 reached, connection timed out, timeout 30.00 (Background on this error at: https://sqlalche.me/e/20/3o7r)
2026-09-10T18:00:30.995501078Z ERROR:    Exception in ASGI application
2026-09-10T18:00:30.995546007Z Traceback (most recent call last):
2026-09-10T18:00:30.995551798Z   File "/usr/local/lib/python3.13/site-packages/uvicorn/protocols/http/httptools_impl.py", line 421, in run_asgi
2026-09-10T18:00:30.995557460Z     result = await app(  # type: ignore[func-returns-value]
2026-09-10T18:00:30.995561909Z              ^^^^^^^^^^^^^^^^^^^^^^^^^^^^^^^^^^^^^^^^^^^^^^
2026-09-10T18:00:30.995566257Z         self.scope, self.receive, self.send
2026-09-10T18:00:30.995570566Z         ^^^^^^^^^^^^^^^^^^^^^^^^^^^^^^^^^^^
2026-09-10T18:00:30.995574914Z     )
2026-09-10T18:00:30.995579333Z     ^
2026-09-10T18:00:30.995583662Z   File "/usr/local/lib/python3.13/site-packages/uvicorn/middleware/proxy_headers.py", line 63, in __call__
2026-09-10T18:00:30.995588030Z     return await self.app(scope, receive, send)
2026-09-10T18:00:30.995596427Z            ^^^^^^^^^^^^^^^^^^^^^^^^^^^^^^^^^^^^
2026-09-10T18:00:30.995601146Z   File "/usr/local/lib/python3.13/site-packages/fastapi/applications.py", line 1159, in __call__
2026-09-10T18:00:30.995605505Z     await super().__call__(scope, receive, send)
2026-09-10T18:00:30.995609824Z   File "/usr/local/lib/python3.13/site-packages/starlette/applications.py", line 107, in __call__
2026-09-10T18:00:30.995614282Z     await self.middleware_stack(scope, receive, send)
2026-09-10T18:00:30.995618681Z   File "/usr/local/lib/python3.13/site-packages/starlette/middleware/errors.py", line 186, in __call__
2026-09-10T18:00:30.995623200Z     raise exc
2026-09-10T18:00:30.995627629Z   File "/usr/local/lib/python3.13/site-packages/starlette/middleware/errors.py", line 164, in __call__
2026-09-10T18:00:30.995632098Z     await self.app(scope, receive, _send)
2026-09-10T18:00:30.995637048Z   File "/usr/local/lib/python3.13/site-packages/opentelemetry/instrumentation/asgi/__init__.py", line 806, in __call__
2026-09-10T18:00:30.995641366Z     await self.app(scope, otel_receive, otel_send)
2026-09-10T18:00:30.995645735Z   File "/usr/local/lib/python3.13/site-packages/starlette/middleware/errors.py", line 186, in __call__
2026-09-10T18:00:30.995650124Z     raise exc
2026-09-10T18:00:30.995654492Z   File "/usr/local/lib/python3.13/site-packages/starlette/middleware/errors.py", line 164, in __call__
2026-09-10T18:00:30.995658841Z     await self.app(scope, receive, _send)
2026-09-10T18:00:30.995663180Z   File "/usr/local/lib/python3.13/site-packages/opentelemetry/instrumentation/fastapi/__init__.py", line 305, in __call__
2026-09-10T18:00:30.995667648Z     await self.app(scope, receive, send)
2026-09-10T18:00:30.995671957Z   File "/usr/local/lib/python3.13/site-packages/prometheus_fastapi_instrumentator/middleware.py", line 177, in __call__
2026-09-10T18:00:30.995676316Z     raise exc
2026-09-10T18:00:30.995680594Z   File "/usr/local/lib/python3.13/site-packages/prometheus_fastapi_instrumentator/middleware.py", line 175, in __call__
2026-09-10T18:00:30.995684923Z     await self.app(scope, receive, send_wrapper)
2026-09-10T18:00:30.995718449Z   File "/usr/local/lib/python3.13/site-packages/starlette/middleware/exceptions.py", line 63, in __call__
2026-09-10T18:00:30.995723660Z     await wrap_app_handling_exceptions(self.app, conn)(scope, receive, send)
2026-09-10T18:00:30.995728018Z   File "/usr/local/lib/python3.13/site-packages/starlette/_exception_handler.py", line 53, in wrapped_app
2026-09-10T18:00:30.995732387Z     raise exc
2026-09-10T18:00:30.995736695Z   File "/usr/local/lib/python3.13/site-packages/starlette/_exception_handler.py", line 42, in wrapped_app
2026-09-10T18:00:30.995740994Z     await app(scope, receive, sender)
2026-09-10T18:00:30.995745303Z   File "/usr/local/lib/python3.13/site-packages/fastapi/middleware/asyncexitstack.py", line 18, in __call__
2026-09-10T18:00:30.995749621Z     await self.app(scope, receive, send)
2026-09-10T18:00:30.995753950Z   File "/usr/local/lib/python3.13/site-packages/starlette/routing.py", line 716, in __call__
2026-09-10T18:00:30.995758328Z     await self.middleware_stack(scope, receive, send)
2026-09-10T18:00:30.995762777Z   File "/usr/local/lib/python3.13/site-packages/starlette/routing.py", line 736, in app
2026-09-10T18:00:30.995767176Z     await route.handle(scope, receive, send)
2026-09-10T18:00:30.995771825Z   File "/usr/local/lib/python3.13/site-packages/starlette/routing.py", line 290, in handle
2026-09-10T18:00:30.995776154Z     await self.app(scope, receive, send)
2026-09-10T18:00:30.995780482Z   File "/usr/local/lib/python3.13/site-packages/fastapi/routing.py", line 134, in app
2026-09-10T18:00:30.995784781Z     await wrap_app_handling_exceptions(app, request)(scope, receive, send)
2026-09-10T18:00:30.995789089Z   File "/usr/local/lib/python3.13/site-packages/starlette/_exception_handler.py", line 53, in wrapped_app
2026-09-10T18:00:30.995793348Z     raise exc
2026-09-10T18:00:30.995797656Z   File "/usr/local/lib/python3.13/site-packages/starlette/_exception_handler.py", line 42, in wrapped_app
2026-09-10T18:00:30.995801995Z     await app(scope, receive, sender)
2026-09-10T18:00:30.995806314Z   File "/usr/local/lib/python3.13/site-packages/fastapi/routing.py", line 120, in app
2026-09-10T18:00:30.995811233Z     response = await f(request)
2026-09-10T18:00:30.995815562Z                ^^^^^^^^^^^^^^^^
2026-09-10T18:00:30.995819871Z   File "/usr/local/lib/python3.13/site-packages/fastapi/routing.py", line 674, in app
2026-09-10T18:00:30.995824179Z     raw_response = await run_endpoint_function(
2026-09-10T18:00:30.995828518Z                    ^^^^^^^^^^^^^^^^^^^^^^^^^^^^
2026-09-10T18:00:30.995833297Z     ...<3 lines>...
2026-09-10T18:00:30.995837646Z     )
2026-09-10T18:00:30.995841964Z     ^
2026-09-10T18:00:30.995846283Z   File "/usr/local/lib/python3.13/site-packages/fastapi/routing.py", line 330, in run_endpoint_function
2026-09-10T18:00:30.995850602Z     return await run_in_threadpool(dependant.call, **values)
2026-09-10T18:00:30.995854940Z            ^^^^^^^^^^^^^^^^^^^^^^^^^^^^^^^^^^^^^^^^^^^^^^^^^
2026-09-10T18:00:30.995923236Z   File "/usr/local/lib/python3.13/site-packages/starlette/concurrency.py", line 32, in run_in_threadpool
2026-09-10T18:00:30.995933536Z     return await anyio.to_thread.run_sync(func)
2026-09-10T18:00:30.995938316Z            ^^^^^^^^^^^^^^^^^^^^^^^^^^^^^^^^^^^^
2026-09-10T18:00:30.995942674Z   File "/usr/local/lib/python3.13/site-packages/anyio/to_thread.py", line 63, in run_sync
2026-09-10T18:00:30.995947003Z     return await get_async_backend().run_sync_in_worker_thread(
2026-09-10T18:00:30.995951361Z            ^^^^^^^^^^^^^^^^^^^^^^^^^^^^^^^^^^^^^^^^^^^^^^^^^^^^
2026-09-10T18:00:30.995955670Z         func, args, abandon_on_cancel=abandon_on_cancel, limiter=limiter
2026-09-10T18:00:30.995977914Z         ^^^^^^^^^^^^^^^^^^^^^^^^^^^^^^^^^^^^^^^^^^^^^^^^^^^^^^^^^^^^^^^^
2026-09-10T18:00:30.995982624Z     )
2026-09-10T18:00:30.995986922Z     ^
2026-09-10T18:00:30.995991301Z   File "/usr/local/lib/python3.13/site-packages/anyio/_backends/_asyncio.py", line 2518, in run_sync_in_worker_thread
2026-09-10T18:00:30.995995619Z     return await future
2026-09-10T18:00:30.995999958Z            ^^^^^^^^^^^^
2026-09-10T18:00:30.996004277Z   File "/usr/local/lib/python3.13/site-packages/anyio/_backends/_asyncio.py", line 1002, in run
2026-09-10T18:00:30.996008585Z     result = context.run(func, *args)
2026-09-10T18:00:30.996065458Z   File "/app/app/routers/orders.py", line 36, in checkout
2026-09-10T18:00:30.996079015Z     return create_order(
2026-09-10T18:00:30.996083524Z         db=db,
2026-09-10T18:00:30.996088143Z     ...<2 lines>...
2026-09-10T18:00:30.996092512Z         correlation_id=correlation_id,
2026-09-10T18:00:30.996096870Z     )
2026-09-10T18:00:30.996101339Z   File "/app/app/services/order_service.py", line 42, in create_order
2026-09-10T18:00:30.996105648Z     result = db.execute(
2026-09-10T18:00:30.996110036Z         select(ProductModel).where(ProductModel.id == product_id)
2026-09-10T18:00:30.996114295Z     )
2026-09-10T18:00:30.996118613Z   File "/usr/local/lib/python3.13/site-packages/sqlalchemy/orm/session.py", line 2372, in execute
2026-09-10T18:00:30.996122962Z     return self._execute_internal(
2026-09-10T18:00:30.996127311Z            ~~~~~~~~~~~~~~~~~~~~~~^
2026-09-10T18:00:30.996131619Z         statement,
2026-09-10T18:00:30.996135928Z         ^^^^^^^^^^
2026-09-10T18:00:30.996140256Z     ...<4 lines>...
2026-09-10T18:00:30.996144535Z         _add_event=_add_event,
2026-09-10T18:00:30.996148813Z         ^^^^^^^^^^^^^^^^^^^^^^
2026-09-10T18:00:30.996153112Z     )
2026-09-10T18:00:30.996157420Z     ^
2026-09-10T18:00:30.996161759Z   File "/usr/local/lib/python3.13/site-packages/sqlalchemy/orm/session.py", line 2260, in _execute_internal
2026-09-10T18:00:30.996166078Z     conn = self._connection_for_bind(bind)
2026-09-10T18:00:30.996170386Z   File "/usr/local/lib/python3.13/site-packages/sqlalchemy/orm/session.py", line 2112, in _connection_for_bind
2026-09-10T18:00:30.996174965Z     return trans._connection_for_bind(engine, execution_options)
2026-09-10T18:00:30.996179324Z            ~~~~~~~~~~~~~~~~~~~~~~~~~~^^^^^^^^^^^^^^^^^^^^^^^^^^^
2026-09-10T18:00:30.996183602Z   File "<string>", line 2, in _connection_for_bind
2026-09-10T18:00:30.996187921Z   File "/usr/local/lib/python3.13/site-packages/sqlalchemy/orm/state_changes.py", line 137, in _go
2026-09-10T18:00:30.996192260Z     ret_value = fn(self, *arg, **kw)
2026-09-10T18:00:30.996196638Z   File "/usr/local/lib/python3.13/site-packages/sqlalchemy/orm/session.py", line 1191, in _connection_for_bind
2026-09-10T18:00:30.996200977Z     conn = bind.connect()
2026-09-10T18:00:30.996205937Z   File "/usr/local/lib/python3.13/site-packages/opentelemetry/instrumentation/sqlalchemy/engine.py", line 200, in _wrap_connect_internal
2026-09-10T18:00:30.996210275Z     return func(*args, **kwargs)
2026-09-10T18:00:30.996214624Z   File "/usr/local/lib/python3.13/site-packages/sqlalchemy/engine/base.py", line 3295, in connect
2026-09-10T18:00:30.996218943Z     return self._connection_cls(self)
2026-09-10T18:00:30.996223231Z            ~~~~~~~~~~~~~~~~~~~~^^^^^^
2026-09-10T18:00:30.996227700Z   File "/usr/local/lib/python3.13/site-packages/sqlalchemy/engine/base.py", line 144, in __init__
2026-09-10T18:00:30.996231998Z     self._dbapi_connection = engine.raw_connection()
2026-09-10T18:00:30.996236297Z                              ~~~~~~~~~~~~~~~~~~~~~^^
2026-09-10T18:00:30.996258351Z   File "/usr/local/lib/python3.13/site-packages/sqlalchemy/engine/base.py", line 3319, in raw_connection
2026-09-10T18:00:30.996262800Z     return self.pool.connect()
2026-09-10T18:00:30.996267138Z            ~~~~~~~~~~~~~~~~~^^
2026-09-10T18:00:30.996271397Z   File "/usr/local/lib/python3.13/site-packages/sqlalchemy/pool/base.py", line 448, in connect
2026-09-10T18:00:30.996275705Z     return _ConnectionFairy._checkout(self)
2026-09-10T18:00:30.996280014Z            ~~~~~~~~~~~~~~~~~~~~~~~~~~^^^^^^
2026-09-10T18:00:30.996284242Z   File "/usr/local/lib/python3.13/site-packages/sqlalchemy/pool/base.py", line 1272, in _checkout
2026-09-10T18:00:30.996288521Z     fairy = _ConnectionRecord.checkout(pool)
2026-09-10T18:00:30.996292759Z   File "/usr/local/lib/python3.13/site-packages/sqlalchemy/pool/base.py", line 712, in checkout
2026-09-10T18:00:30.996297048Z     rec = pool._do_get()
2026-09-10T18:00:30.996301306Z   File "/usr/local/lib/python3.13/site-packages/sqlalchemy/pool/impl.py", line 167, in _do_get
2026-09-10T18:00:30.996305595Z     raise exc.TimeoutError(
2026-09-10T18:00:30.996309873Z     ...<4 lines>...
2026-09-10T18:00:30.996314272Z     )
2026-09-10T18:00:30.996319422Z sqlalchemy.exc.TimeoutError: QueuePool limit of size 5 overflow 10 reached, connection timed out, timeout 30.00 (Background on this error at: https://sqlalche.me/e/20/3o7r)
2026-09-10T18:00:31.102632383Z ERROR:    Exception in ASGI application
2026-09-10T18:00:31.102674547Z Traceback (most recent call last):
2026-09-10T18:00:31.102680408Z   File "/usr/local/lib/python3.13/site-packages/uvicorn/protocols/http/httptools_impl.py", line 421, in run_asgi
2026-09-10T18:00:31.102685558Z     result = await app(  # type: ignore[func-returns-value]
2026-09-10T18:00:31.102689897Z              ^^^^^^^^^^^^^^^^^^^^^^^^^^^^^^^^^^^^^^^^^^^^^^
2026-09-10T18:00:31.102694466Z         self.scope, self.receive, self.send
2026-09-10T18:00:31.102698775Z         ^^^^^^^^^^^^^^^^^^^^^^^^^^^^^^^^^^^
2026-09-10T18:00:31.102703123Z     )
2026-09-10T18:00:31.102707502Z     ^
2026-09-10T18:00:31.102711831Z   File "/usr/local/lib/python3.13/site-packages/uvicorn/middleware/proxy_headers.py", line 63, in __call__
2026-09-10T18:00:31.102716219Z     return await self.app(scope, receive, send)
2026-09-10T18:00:31.102719135Z            ^^^^^^^^^^^^^^^^^^^^^^^^^^^^^^^^^^^^
2026-09-10T18:00:31.102721710Z   File "/usr/local/lib/python3.13/site-packages/fastapi/applications.py", line 1159, in __call__
2026-09-10T18:00:31.102723654Z     await super().__call__(scope, receive, send)
2026-09-10T18:00:31.102725578Z   File "/usr/local/lib/python3.13/site-packages/starlette/applications.py", line 107, in __call__
2026-09-10T18:00:31.102727492Z     await self.middleware_stack(scope, receive, send)
2026-09-10T18:00:31.102729395Z   File "/usr/local/lib/python3.13/site-packages/starlette/middleware/errors.py", line 186, in __call__
2026-09-10T18:00:31.102731389Z     raise exc
2026-09-10T18:00:31.102733794Z   File "/usr/local/lib/python3.13/site-packages/starlette/middleware/errors.py", line 164, in __call__
2026-09-10T18:00:31.102736530Z     await self.app(scope, receive, _send)
2026-09-10T18:00:31.102739566Z   File "/usr/local/lib/python3.13/site-packages/opentelemetry/instrumentation/asgi/__init__.py", line 806, in __call__
2026-09-10T18:00:31.102741519Z     await self.app(scope, otel_receive, otel_send)
2026-09-10T18:00:31.102743433Z   File "/usr/local/lib/python3.13/site-packages/starlette/middleware/errors.py", line 186, in __call__
2026-09-10T18:00:31.102745387Z     raise exc
2026-09-10T18:00:31.102747752Z   File "/usr/local/lib/python3.13/site-packages/starlette/middleware/errors.py", line 164, in __call__
2026-09-10T18:00:31.102770026Z     await self.app(scope, receive, _send)
2026-09-10T18:00:31.102772060Z   File "/usr/local/lib/python3.13/site-packages/opentelemetry/instrumentation/fastapi/__init__.py", line 305, in __call__
2026-09-10T18:00:31.102774064Z     await self.app(scope, receive, send)
2026-09-10T18:00:31.102776088Z   File "/usr/local/lib/python3.13/site-packages/prometheus_fastapi_instrumentator/middleware.py", line 177, in __call__
2026-09-10T18:00:31.102778122Z     raise exc
2026-09-10T18:00:31.102780016Z   File "/usr/local/lib/python3.13/site-packages/prometheus_fastapi_instrumentator/middleware.py", line 175, in __call__
2026-09-10T18:00:31.102781940Z     await self.app(scope, receive, send_wrapper)
2026-09-10T18:00:31.102783874Z   File "/usr/local/lib/python3.13/site-packages/starlette/middleware/exceptions.py", line 63, in __call__
2026-09-10T18:00:31.102786709Z     await wrap_app_handling_exceptions(self.app, conn)(scope, receive, send)
2026-09-10T18:00:31.102788623Z   File "/usr/local/lib/python3.13/site-packages/starlette/_exception_handler.py", line 53, in wrapped_app
2026-09-10T18:00:31.102790547Z     raise exc
2026-09-10T18:00:31.102792441Z   File "/usr/local/lib/python3.13/site-packages/starlette/_exception_handler.py", line 42, in wrapped_app
2026-09-10T18:00:31.102794374Z     await app(scope, receive, sender)
2026-09-10T18:00:31.102796368Z   File "/usr/local/lib/python3.13/site-packages/fastapi/middleware/asyncexitstack.py", line 18, in __call__
2026-09-10T18:00:31.102798292Z     await self.app(scope, receive, send)
2026-09-10T18:00:31.102800206Z   File "/usr/local/lib/python3.13/site-packages/starlette/routing.py", line 716, in __call__
2026-09-10T18:00:31.102802140Z     await self.middleware_stack(scope, receive, send)
2026-09-10T18:00:31.102804054Z   File "/usr/local/lib/python3.13/site-packages/starlette/routing.py", line 736, in app
2026-09-10T18:00:31.102806017Z     await route.handle(scope, receive, send)
2026-09-10T18:00:31.102808011Z   File "/usr/local/lib/python3.13/site-packages/starlette/routing.py", line 290, in handle
2026-09-10T18:00:31.102809935Z     await self.app(scope, receive, send)
2026-09-10T18:00:31.102812260Z   File "/usr/local/lib/python3.13/site-packages/fastapi/routing.py", line 134, in app
2026-09-10T18:00:31.102814414Z     await wrap_app_handling_exceptions(app, request)(scope, receive, send)
2026-09-10T18:00:31.102816348Z   File "/usr/local/lib/python3.13/site-packages/starlette/_exception_handler.py", line 53, in wrapped_app
2026-09-10T18:00:31.102818272Z     raise exc
2026-09-10T18:00:31.102820186Z   File "/usr/local/lib/python3.13/site-packages/starlette/_exception_handler.py", line 42, in wrapped_app
2026-09-10T18:00:31.102822089Z     await app(scope, receive, sender)
2026-09-10T18:00:31.102824003Z   File "/usr/local/lib/python3.13/site-packages/fastapi/routing.py", line 120, in app
2026-09-10T18:00:31.102826428Z     response = await f(request)
2026-09-10T18:00:31.102828372Z                ^^^^^^^^^^^^^^^^
2026-09-10T18:00:31.102830276Z   File "/usr/local/lib/python3.13/site-packages/fastapi/routing.py", line 674, in app
2026-09-10T18:00:31.102832189Z     raw_response = await run_endpoint_function(
2026-09-10T18:00:31.102834103Z                    ^^^^^^^^^^^^^^^^^^^^^^^^^^^^
2026-09-10T18:00:31.102839654Z     ...<3 lines>...
2026-09-10T18:00:31.102841668Z     )
2026-09-10T18:00:31.102843602Z     ^
2026-09-10T18:00:31.102845586Z   File "/usr/local/lib/python3.13/site-packages/fastapi/routing.py", line 330, in run_endpoint_function
2026-09-10T18:00:31.102847510Z     return await run_in_threadpool(dependant.call, **values)
2026-09-10T18:00:31.102849434Z            ^^^^^^^^^^^^^^^^^^^^^^^^^^^^^^^^^^^^^^^^^^^^^^^^^
2026-09-10T18:00:31.102887930Z   File "/usr/local/lib/python3.13/site-packages/starlette/concurrency.py", line 32, in run_in_threadpool
2026-09-10T18:00:31.102892619Z     return await anyio.to_thread.run_sync(func)
2026-09-10T18:00:31.102894643Z            ^^^^^^^^^^^^^^^^^^^^^^^^^^^^^^^^^^^^
2026-09-10T18:00:31.102896577Z   File "/usr/local/lib/python3.13/site-packages/anyio/to_thread.py", line 63, in run_sync
2026-09-10T18:00:31.102898501Z     return await get_async_backend().run_sync_in_worker_thread(
2026-09-10T18:00:31.102900425Z            ^^^^^^^^^^^^^^^^^^^^^^^^^^^^^^^^^^^^^^^^^^^^^^^^^^^^
2026-09-10T18:00:31.102902359Z         func, args, abandon_on_cancel=abandon_on_cancel, limiter=limiter
2026-09-10T18:00:31.102904282Z         ^^^^^^^^^^^^^^^^^^^^^^^^^^^^^^^^^^^^^^^^^^^^^^^^^^^^^^^^^^^^^^^^
2026-09-10T18:00:31.102906196Z     )
2026-09-10T18:00:31.102908140Z     ^
2026-09-10T18:00:31.102910074Z   File "/usr/local/lib/python3.13/site-packages/anyio/_backends/_asyncio.py", line 2518, in run_sync_in_worker_thread
2026-09-10T18:00:31.102911998Z     return await future
2026-09-10T18:00:31.102913932Z            ^^^^^^^^^^^^
2026-09-10T18:00:31.102915855Z   File "/usr/local/lib/python3.13/site-packages/anyio/_backends/_asyncio.py", line 1002, in run
2026-09-10T18:00:31.102917759Z     result = context.run(func, *args)
2026-09-10T18:00:31.102919713Z   File "/app/app/routers/orders.py", line 36, in checkout
2026-09-10T18:00:31.102921627Z     return create_order(
2026-09-10T18:00:31.102923571Z         db=db,
2026-09-10T18:00:31.102925515Z     ...<2 lines>...
2026-09-10T18:00:31.102927448Z         correlation_id=correlation_id,
2026-09-10T18:00:31.102929392Z     )
2026-09-10T18:00:31.102931366Z   File "/app/app/services/order_service.py", line 42, in create_order
2026-09-10T18:00:31.102933280Z     result = db.execute(
2026-09-10T18:00:31.102935214Z         select(ProductModel).where(ProductModel.id == product_id)
2026-09-10T18:00:31.102937108Z     )
2026-09-10T18:00:31.102939011Z   File "/usr/local/lib/python3.13/site-packages/sqlalchemy/orm/session.py", line 2372, in execute
2026-09-10T18:00:31.102940925Z     return self._execute_internal(
2026-09-10T18:00:31.102942899Z            ~~~~~~~~~~~~~~~~~~~~~~^
2026-09-10T18:00:31.102944833Z         statement,
2026-09-10T18:00:31.102946747Z         ^^^^^^^^^^
2026-09-10T18:00:31.102948651Z     ...<4 lines>...
2026-09-10T18:00:31.102950564Z         _add_event=_add_event,
2026-09-10T18:00:31.102952468Z         ^^^^^^^^^^^^^^^^^^^^^^
2026-09-10T18:00:31.102954382Z     )
2026-09-10T18:00:31.102956286Z     ^
2026-09-10T18:00:31.102958210Z   File "/usr/local/lib/python3.13/site-packages/sqlalchemy/orm/session.py", line 2260, in _execute_internal
2026-09-10T18:00:31.102960173Z     conn = self._connection_for_bind(bind)
2026-09-10T18:00:31.102962107Z   File "/usr/local/lib/python3.13/site-packages/sqlalchemy/orm/session.py", line 2112, in _connection_for_bind
2026-09-10T18:00:31.102964041Z     return trans._connection_for_bind(engine, execution_options)
2026-09-10T18:00:31.102965965Z            ~~~~~~~~~~~~~~~~~~~~~~~~~~^^^^^^^^^^^^^^^^^^^^^^^^^^^
2026-09-10T18:00:31.102967929Z   File "<string>", line 2, in _connection_for_bind
2026-09-10T18:00:31.102969843Z   File "/usr/local/lib/python3.13/site-packages/sqlalchemy/orm/state_changes.py", line 137, in _go
2026-09-10T18:00:31.102971756Z     ret_value = fn(self, *arg, **kw)
2026-09-10T18:00:31.102986806Z   File "/usr/local/lib/python3.13/site-packages/sqlalchemy/orm/session.py", line 1191, in _connection_for_bind
2026-09-10T18:00:31.102988981Z     conn = bind.connect()
2026-09-10T18:00:31.102991435Z   File "/usr/local/lib/python3.13/site-packages/opentelemetry/instrumentation/sqlalchemy/engine.py", line 200, in _wrap_connect_internal
2026-09-10T18:00:31.103001145Z     return func(*args, **kwargs)
2026-09-10T18:00:31.103003149Z   File "/usr/local/lib/python3.13/site-packages/sqlalchemy/engine/base.py", line 3295, in connect
2026-09-10T18:00:31.103005233Z     return self._connection_cls(self)
2026-09-10T18:00:31.103007157Z            ~~~~~~~~~~~~~~~~~~~~^^^^^^
2026-09-10T18:00:31.103009070Z   File "/usr/local/lib/python3.13/site-packages/sqlalchemy/engine/base.py", line 144, in __init__
2026-09-10T18:00:31.103010984Z     self._dbapi_connection = engine.raw_connection()
2026-09-10T18:00:31.103012898Z                              ~~~~~~~~~~~~~~~~~~~~~^^
2026-09-10T18:00:31.103014902Z   File "/usr/local/lib/python3.13/site-packages/sqlalchemy/engine/base.py", line 3319, in raw_connection
2026-09-10T18:00:31.103016796Z     return self.pool.connect()
2026-09-10T18:00:31.103018690Z            ~~~~~~~~~~~~~~~~~^^
2026-09-10T18:00:31.103020653Z   File "/usr/local/lib/python3.13/site-packages/sqlalchemy/pool/base.py", line 448, in connect
2026-09-10T18:00:31.103022567Z     return _ConnectionFairy._checkout(self)
2026-09-10T18:00:31.103024481Z            ~~~~~~~~~~~~~~~~~~~~~~~~~~^^^^^^
2026-09-10T18:00:31.103026435Z   File "/usr/local/lib/python3.13/site-packages/sqlalchemy/pool/base.py", line 1272, in _checkout
2026-09-10T18:00:31.103028359Z     fairy = _ConnectionRecord.checkout(pool)
2026-09-10T18:00:31.103030242Z   File "/usr/local/lib/python3.13/site-packages/sqlalchemy/pool/base.py", line 712, in checkout
2026-09-10T18:00:31.103032136Z     rec = pool._do_get()
2026-09-10T18:00:31.103034020Z   File "/usr/local/lib/python3.13/site-packages/sqlalchemy/pool/impl.py", line 167, in _do_get
2026-09-10T18:00:31.103035934Z     raise exc.TimeoutError(
2026-09-10T18:00:31.103037828Z     ...<4 lines>...
2026-09-10T18:00:31.103039721Z     )
2026-09-10T18:00:31.103042417Z sqlalchemy.exc.TimeoutError: QueuePool limit of size 5 overflow 10 reached, connection timed out, timeout 30.00 (Background on this error at: https://sqlalche.me/e/20/3o7r)
2026-09-10T18:00:31.591853805Z ERROR:    Exception in ASGI application
2026-09-10T18:00:31.591889386Z Traceback (most recent call last):
2026-09-10T18:00:31.591892161Z   File "/usr/local/lib/python3.13/site-packages/uvicorn/protocols/http/httptools_impl.py", line 421, in run_asgi
2026-09-10T18:00:31.591894616Z     result = await app(  # type: ignore[func-returns-value]
2026-09-10T18:00:31.591896550Z              ^^^^^^^^^^^^^^^^^^^^^^^^^^^^^^^^^^^^^^^^^^^^^^
2026-09-10T18:00:31.591898544Z         self.scope, self.receive, self.send
2026-09-10T18:00:31.591900447Z         ^^^^^^^^^^^^^^^^^^^^^^^^^^^^^^^^^^^
2026-09-10T18:00:31.591902952Z     )
2026-09-10T18:00:31.591904946Z     ^
2026-09-10T18:00:31.591906860Z   File "/usr/local/lib/python3.13/site-packages/uvicorn/middleware/proxy_headers.py", line 63, in __call__
2026-09-10T18:00:31.591908784Z     return await self.app(scope, receive, send)
2026-09-10T18:00:31.591910708Z            ^^^^^^^^^^^^^^^^^^^^^^^^^^^^^^^^^^^^
2026-09-10T18:00:31.591913483Z   File "/usr/local/lib/python3.13/site-packages/fastapi/applications.py", line 1159, in __call__
2026-09-10T18:00:31.591915608Z     await super().__call__(scope, receive, send)
2026-09-10T18:00:31.591917521Z   File "/usr/local/lib/python3.13/site-packages/starlette/applications.py", line 107, in __call__
2026-09-10T18:00:31.591919495Z     await self.middleware_stack(scope, receive, send)
2026-09-10T18:00:31.591921399Z   File "/usr/local/lib/python3.13/site-packages/starlette/middleware/errors.py", line 186, in __call__
2026-09-10T18:00:31.591923343Z     raise exc
2026-09-10T18:00:31.591925437Z   File "/usr/local/lib/python3.13/site-packages/starlette/middleware/errors.py", line 164, in __call__
2026-09-10T18:00:31.591946509Z     await self.app(scope, receive, _send)
2026-09-10T18:00:31.591949144Z   File "/usr/local/lib/python3.13/site-packages/opentelemetry/instrumentation/asgi/__init__.py", line 806, in __call__
2026-09-10T18:00:31.591951078Z     await self.app(scope, otel_receive, otel_send)
2026-09-10T18:00:31.591953092Z   File "/usr/local/lib/python3.13/site-packages/starlette/middleware/errors.py", line 186, in __call__
2026-09-10T18:00:31.591955026Z     raise exc
2026-09-10T18:00:31.591956940Z   File "/usr/local/lib/python3.13/site-packages/starlette/middleware/errors.py", line 164, in __call__
2026-09-10T18:00:31.591958984Z     await self.app(scope, receive, _send)
2026-09-10T18:00:31.591960897Z   File "/usr/local/lib/python3.13/site-packages/opentelemetry/instrumentation/fastapi/__init__.py", line 305, in __call__
2026-09-10T18:00:31.591962811Z     await self.app(scope, receive, send)
2026-09-10T18:00:31.591964865Z   File "/usr/local/lib/python3.13/site-packages/prometheus_fastapi_instrumentator/middleware.py", line 177, in __call__
2026-09-10T18:00:31.591966819Z     raise exc
2026-09-10T18:00:31.591968723Z   File "/usr/local/lib/python3.13/site-packages/prometheus_fastapi_instrumentator/middleware.py", line 175, in __call__
2026-09-10T18:00:31.591970657Z     await self.app(scope, receive, send_wrapper)
2026-09-10T18:00:31.591972581Z   File "/usr/local/lib/python3.13/site-packages/starlette/middleware/exceptions.py", line 63, in __call__
2026-09-10T18:00:31.591975126Z     await wrap_app_handling_exceptions(self.app, conn)(scope, receive, send)
2026-09-10T18:00:31.591977140Z   File "/usr/local/lib/python3.13/site-packages/starlette/_exception_handler.py", line 53, in wrapped_app
2026-09-10T18:00:31.591979064Z     raise exc
2026-09-10T18:00:31.591980967Z   File "/usr/local/lib/python3.13/site-packages/starlette/_exception_handler.py", line 42, in wrapped_app
2026-09-10T18:00:31.591982861Z     await app(scope, receive, sender)
2026-09-10T18:00:31.591984835Z   File "/usr/local/lib/python3.13/site-packages/fastapi/middleware/asyncexitstack.py", line 18, in __call__
2026-09-10T18:00:31.591986769Z     await self.app(scope, receive, send)
2026-09-10T18:00:31.591988973Z   File "/usr/local/lib/python3.13/site-packages/starlette/routing.py", line 716, in __call__
2026-09-10T18:00:31.591990887Z     await self.middleware_stack(scope, receive, send)
2026-09-10T18:00:31.591992811Z   File "/usr/local/lib/python3.13/site-packages/starlette/routing.py", line 736, in app
2026-09-10T18:00:31.591994715Z     await route.handle(scope, receive, send)
2026-09-10T18:00:31.591996618Z   File "/usr/local/lib/python3.13/site-packages/starlette/routing.py", line 290, in handle
2026-09-10T18:00:31.591998522Z     await self.app(scope, receive, send)
2026-09-10T18:00:31.592000436Z   File "/usr/local/lib/python3.13/site-packages/fastapi/routing.py", line 134, in app
2026-09-10T18:00:31.592002370Z     await wrap_app_handling_exceptions(app, request)(scope, receive, send)
2026-09-10T18:00:31.592004314Z   File "/usr/local/lib/python3.13/site-packages/starlette/_exception_handler.py", line 53, in wrapped_app
2026-09-10T18:00:31.592006217Z     raise exc
2026-09-10T18:00:31.592010867Z   File "/usr/local/lib/python3.13/site-packages/starlette/_exception_handler.py", line 42, in wrapped_app
2026-09-10T18:00:31.592012821Z     await app(scope, receive, sender)
2026-09-10T18:00:31.592014764Z   File "/usr/local/lib/python3.13/site-packages/fastapi/routing.py", line 120, in app
2026-09-10T18:00:31.592017309Z     response = await f(request)
2026-09-10T18:00:31.592019263Z                ^^^^^^^^^^^^^^^^
2026-09-10T18:00:31.592021197Z   File "/usr/local/lib/python3.13/site-packages/fastapi/routing.py", line 674, in app
2026-09-10T18:00:31.592027750Z     raw_response = await run_endpoint_function(
2026-09-10T18:00:31.592029734Z                    ^^^^^^^^^^^^^^^^^^^^^^^^^^^^
2026-09-10T18:00:31.592032189Z     ...<3 lines>...
2026-09-10T18:00:31.592034113Z     )
2026-09-10T18:00:31.592036037Z     ^
2026-09-10T18:00:31.592037960Z   File "/usr/local/lib/python3.13/site-packages/fastapi/routing.py", line 330, in run_endpoint_function
2026-09-10T18:00:31.592039874Z     return await run_in_threadpool(dependant.call, **values)
2026-09-10T18:00:31.592041818Z            ^^^^^^^^^^^^^^^^^^^^^^^^^^^^^^^^^^^^^^^^^^^^^^^^^
2026-09-10T18:00:31.592079974Z   File "/usr/local/lib/python3.13/site-packages/starlette/concurrency.py", line 32, in run_in_threadpool
2026-09-10T18:00:31.592084733Z     return await anyio.to_thread.run_sync(func)
2026-09-10T18:00:31.592086727Z            ^^^^^^^^^^^^^^^^^^^^^^^^^^^^^^^^^^^^
2026-09-10T18:00:31.592088651Z   File "/usr/local/lib/python3.13/site-packages/anyio/to_thread.py", line 63, in run_sync
2026-09-10T18:00:31.592090575Z     return await get_async_backend().run_sync_in_worker_thread(
2026-09-10T18:00:31.592092579Z            ^^^^^^^^^^^^^^^^^^^^^^^^^^^^^^^^^^^^^^^^^^^^^^^^^^^^
2026-09-10T18:00:31.592094573Z         func, args, abandon_on_cancel=abandon_on_cancel, limiter=limiter
2026-09-10T18:00:31.592096477Z         ^^^^^^^^^^^^^^^^^^^^^^^^^^^^^^^^^^^^^^^^^^^^^^^^^^^^^^^^^^^^^^^^
2026-09-10T18:00:31.592098400Z     )
2026-09-10T18:00:31.592100344Z     ^
2026-09-10T18:00:31.592102238Z   File "/usr/local/lib/python3.13/site-packages/anyio/_backends/_asyncio.py", line 2518, in run_sync_in_worker_thread
2026-09-10T18:00:31.592104172Z     return await future
2026-09-10T18:00:31.592106166Z            ^^^^^^^^^^^^
2026-09-10T18:00:31.592108090Z   File "/usr/local/lib/python3.13/site-packages/anyio/_backends/_asyncio.py", line 1002, in run
2026-09-10T18:00:31.592110074Z     result = context.run(func, *args)
2026-09-10T18:00:31.592112007Z   File "/app/app/routers/orders.py", line 36, in checkout
2026-09-10T18:00:31.592113941Z     return create_order(
2026-09-10T18:00:31.592115895Z         db=db,
2026-09-10T18:00:31.592117829Z     ...<2 lines>...
2026-09-10T18:00:31.592119743Z         correlation_id=correlation_id,
2026-09-10T18:00:31.592123931Z     )
2026-09-10T18:00:31.592126015Z   File "/app/app/services/order_service.py", line 42, in create_order
2026-09-10T18:00:31.592127969Z     result = db.execute(
2026-09-10T18:00:31.592129913Z         select(ProductModel).where(ProductModel.id == product_id)
2026-09-10T18:00:31.592131847Z     )
2026-09-10T18:00:31.592133761Z   File "/usr/local/lib/python3.13/site-packages/sqlalchemy/orm/session.py", line 2372, in execute
2026-09-10T18:00:31.592135674Z     return self._execute_internal(
2026-09-10T18:00:31.592137598Z            ~~~~~~~~~~~~~~~~~~~~~~^
2026-09-10T18:00:31.592139522Z         statement,
2026-09-10T18:00:31.592141426Z         ^^^^^^^^^^
2026-09-10T18:00:31.592143500Z     ...<4 lines>...
2026-09-10T18:00:31.592145434Z         _add_event=_add_event,
2026-09-10T18:00:31.592147327Z         ^^^^^^^^^^^^^^^^^^^^^^
2026-09-10T18:00:31.592149251Z     )
2026-09-10T18:00:31.592151195Z     ^
2026-09-10T18:00:31.592153109Z   File "/usr/local/lib/python3.13/site-packages/sqlalchemy/orm/session.py", line 2260, in _execute_internal
2026-09-10T18:00:31.592155043Z     conn = self._connection_for_bind(bind)
2026-09-10T18:00:31.592156977Z   File "/usr/local/lib/python3.13/site-packages/sqlalchemy/orm/session.py", line 2112, in _connection_for_bind
2026-09-10T18:00:31.592158981Z     return trans._connection_for_bind(engine, execution_options)
2026-09-10T18:00:31.592168610Z            ~~~~~~~~~~~~~~~~~~~~~~~~~~^^^^^^^^^^^^^^^^^^^^^^^^^^^
2026-09-10T18:00:31.592170614Z   File "<string>", line 2, in _connection_for_bind
2026-09-10T18:00:31.592172568Z   File "/usr/local/lib/python3.13/site-packages/sqlalchemy/orm/state_changes.py", line 137, in _go
2026-09-10T18:00:31.592174471Z     ret_value = fn(self, *arg, **kw)
2026-09-10T18:00:31.592176375Z   File "/usr/local/lib/python3.13/site-packages/sqlalchemy/orm/session.py", line 1191, in _connection_for_bind
2026-09-10T18:00:31.592178269Z     conn = bind.connect()
2026-09-10T18:00:31.592180964Z   File "/usr/local/lib/python3.13/site-packages/opentelemetry/instrumentation/sqlalchemy/engine.py", line 200, in _wrap_connect_internal
2026-09-10T18:00:31.592182898Z     return func(*args, **kwargs)
2026-09-10T18:00:31.592184792Z   File "/usr/local/lib/python3.13/site-packages/sqlalchemy/engine/base.py", line 3295, in connect
2026-09-10T18:00:31.592186716Z     return self._connection_cls(self)
2026-09-10T18:00:31.592188619Z            ~~~~~~~~~~~~~~~~~~~~^^^^^^
2026-09-10T18:00:31.592190563Z   File "/usr/local/lib/python3.13/site-packages/sqlalchemy/engine/base.py", line 144, in __init__
2026-09-10T18:00:31.592192507Z     self._dbapi_connection = engine.raw_connection()
2026-09-10T18:00:31.592194431Z                              ~~~~~~~~~~~~~~~~~~~~~^^
2026-09-10T18:00:31.592196375Z   File "/usr/local/lib/python3.13/site-packages/sqlalchemy/engine/base.py", line 3319, in raw_connection
2026-09-10T18:00:31.592198289Z     return self.pool.connect()
2026-09-10T18:00:31.592200263Z            ~~~~~~~~~~~~~~~~~^^
2026-09-10T18:00:31.592202156Z   File "/usr/local/lib/python3.13/site-packages/sqlalchemy/pool/base.py", line 448, in connect
2026-09-10T18:00:31.592204050Z     return _ConnectionFairy._checkout(self)
2026-09-10T18:00:31.592205944Z            ~~~~~~~~~~~~~~~~~~~~~~~~~~^^^^^^
2026-09-10T18:00:31.592207838Z   File "/usr/local/lib/python3.13/site-packages/sqlalchemy/pool/base.py", line 1272, in _checkout
2026-09-10T18:00:31.592209731Z     fairy = _ConnectionRecord.checkout(pool)
2026-09-10T18:00:31.592211635Z   File "/usr/local/lib/python3.13/site-packages/sqlalchemy/pool/base.py", line 712, in checkout
2026-09-10T18:00:31.592213559Z     rec = pool._do_get()
2026-09-10T18:00:31.592215483Z   File "/usr/local/lib/python3.13/site-packages/sqlalchemy/pool/impl.py", line 167, in _do_get
2026-09-10T18:00:31.592217377Z     raise exc.TimeoutError(
2026-09-10T18:00:31.592219270Z     ...<4 lines>...
2026-09-10T18:00:31.592221194Z     )
2026-09-10T18:00:31.592224851Z sqlalchemy.exc.TimeoutError: QueuePool limit of size 5 overflow 10 reached, connection timed out, timeout 30.00 (Background on this error at: https://sqlalche.me/e/20/3o7r)
2026-09-10T18:00:31.603982550Z ERROR:    Exception in ASGI application
2026-09-10T18:00:31.604013641Z Traceback (most recent call last):
2026-09-10T18:00:31.604016537Z   File "/usr/local/lib/python3.13/site-packages/uvicorn/protocols/http/httptools_impl.py", line 421, in run_asgi
2026-09-10T18:00:31.604019152Z     result = await app(  # type: ignore[func-returns-value]
2026-09-10T18:00:31.604021126Z              ^^^^^^^^^^^^^^^^^^^^^^^^^^^^^^^^^^^^^^^^^^^^^^
2026-09-10T18:00:31.604023100Z         self.scope, self.receive, self.send
2026-09-10T18:00:31.604025034Z         ^^^^^^^^^^^^^^^^^^^^^^^^^^^^^^^^^^^
2026-09-10T18:00:31.604027018Z     )
2026-09-10T18:00:31.604029292Z     ^
2026-09-10T18:00:31.604031447Z   File "/usr/local/lib/python3.13/site-packages/uvicorn/middleware/proxy_headers.py", line 63, in __call__
2026-09-10T18:00:31.604033401Z     return await self.app(scope, receive, send)
2026-09-10T18:00:31.604053370Z            ^^^^^^^^^^^^^^^^^^^^^^^^^^^^^^^^^^^^
2026-09-10T18:00:31.604055855Z   File "/usr/local/lib/python3.13/site-packages/fastapi/applications.py", line 1159, in __call__
2026-09-10T18:00:31.604057789Z     await super().__call__(scope, receive, send)
2026-09-10T18:00:31.604060013Z   File "/usr/local/lib/python3.13/site-packages/starlette/applications.py", line 107, in __call__
2026-09-10T18:00:31.604061937Z     await self.middleware_stack(scope, receive, send)
2026-09-10T18:00:31.604063871Z   File "/usr/local/lib/python3.13/site-packages/starlette/middleware/errors.py", line 186, in __call__
2026-09-10T18:00:31.604065865Z     raise exc
2026-09-10T18:00:31.604067789Z   File "/usr/local/lib/python3.13/site-packages/starlette/middleware/errors.py", line 164, in __call__
2026-09-10T18:00:31.604069733Z     await self.app(scope, receive, _send)
2026-09-10T18:00:31.604072168Z   File "/usr/local/lib/python3.13/site-packages/opentelemetry/instrumentation/asgi/__init__.py", line 806, in __call__
2026-09-10T18:00:31.604074091Z     await self.app(scope, otel_receive, otel_send)
2026-09-10T18:00:31.604076025Z   File "/usr/local/lib/python3.13/site-packages/starlette/middleware/errors.py", line 186, in __call__
2026-09-10T18:00:31.604077959Z     raise exc
2026-09-10T18:00:31.604079943Z   File "/usr/local/lib/python3.13/site-packages/starlette/middleware/errors.py", line 164, in __call__
2026-09-10T18:00:31.604081897Z     await self.app(scope, receive, _send)
2026-09-10T18:00:31.604083811Z   File "/usr/local/lib/python3.13/site-packages/opentelemetry/instrumentation/fastapi/__init__.py", line 305, in __call__
2026-09-10T18:00:31.604085734Z     await self.app(scope, receive, send)
2026-09-10T18:00:31.604087628Z   File "/usr/local/lib/python3.13/site-packages/prometheus_fastapi_instrumentator/middleware.py", line 177, in __call__
2026-09-10T18:00:31.604089542Z     raise exc
2026-09-10T18:00:31.604091456Z   File "/usr/local/lib/python3.13/site-packages/prometheus_fastapi_instrumentator/middleware.py", line 175, in __call__
2026-09-10T18:00:31.604093390Z     await self.app(scope, receive, send_wrapper)
2026-09-10T18:00:31.604095313Z   File "/usr/local/lib/python3.13/site-packages/starlette/middleware/exceptions.py", line 63, in __call__
2026-09-10T18:00:31.604097808Z     await wrap_app_handling_exceptions(self.app, conn)(scope, receive, send)
2026-09-10T18:00:31.604099732Z   File "/usr/local/lib/python3.13/site-packages/starlette/_exception_handler.py", line 53, in wrapped_app
2026-09-10T18:00:31.604101656Z     raise exc
2026-09-10T18:00:31.604103580Z   File "/usr/local/lib/python3.13/site-packages/starlette/_exception_handler.py", line 42, in wrapped_app
2026-09-10T18:00:31.604105504Z     await app(scope, receive, sender)
2026-09-10T18:00:31.604107407Z   File "/usr/local/lib/python3.13/site-packages/fastapi/middleware/asyncexitstack.py", line 18, in __call__
2026-09-10T18:00:31.604109331Z     await self.app(scope, receive, send)
2026-09-10T18:00:31.604111255Z   File "/usr/local/lib/python3.13/site-packages/starlette/routing.py", line 716, in __call__
2026-09-10T18:00:31.604113179Z     await self.middleware_stack(scope, receive, send)
2026-09-10T18:00:31.604115113Z   File "/usr/local/lib/python3.13/site-packages/starlette/routing.py", line 736, in app
2026-09-10T18:00:31.604117077Z     await route.handle(scope, receive, send)
2026-09-10T18:00:31.604119011Z   File "/usr/local/lib/python3.13/site-packages/starlette/routing.py", line 290, in handle
2026-09-10T18:00:31.604120934Z     await self.app(scope, receive, send)
2026-09-10T18:00:31.604142307Z   File "/usr/local/lib/python3.13/site-packages/fastapi/routing.py", line 134, in app
2026-09-10T18:00:31.604145734Z     await wrap_app_handling_exceptions(app, request)(scope, receive, send)
2026-09-10T18:00:31.604157026Z   File "/usr/local/lib/python3.13/site-packages/starlette/_exception_handler.py", line 53, in wrapped_app
2026-09-10T18:00:31.604159230Z     raise exc
2026-09-10T18:00:31.604161194Z   File "/usr/local/lib/python3.13/site-packages/starlette/_exception_handler.py", line 42, in wrapped_app
2026-09-10T18:00:31.604163138Z     await app(scope, receive, sender)
2026-09-10T18:00:31.604165072Z   File "/usr/local/lib/python3.13/site-packages/fastapi/routing.py", line 120, in app
2026-09-10T18:00:31.604167587Z     response = await f(request)
2026-09-10T18:00:31.604169521Z                ^^^^^^^^^^^^^^^^
2026-09-10T18:00:31.604171425Z   File "/usr/local/lib/python3.13/site-packages/fastapi/routing.py", line 674, in app
2026-09-10T18:00:31.604173338Z     raw_response = await run_endpoint_function(
2026-09-10T18:00:31.604175282Z                    ^^^^^^^^^^^^^^^^^^^^^^^^^^^^
2026-09-10T18:00:31.604177707Z     ...<3 lines>...
2026-09-10T18:00:31.604179621Z     )
2026-09-10T18:00:31.604181545Z     ^
2026-09-10T18:00:31.604183468Z   File "/usr/local/lib/python3.13/site-packages/fastapi/routing.py", line 330, in run_endpoint_function
2026-09-10T18:00:31.604185402Z     return await run_in_threadpool(dependant.call, **values)
2026-09-10T18:00:31.604187416Z            ^^^^^^^^^^^^^^^^^^^^^^^^^^^^^^^^^^^^^^^^^^^^^^^^^
2026-09-10T18:00:31.604226915Z   File "/usr/local/lib/python3.13/site-packages/starlette/concurrency.py", line 32, in run_in_threadpool
2026-09-10T18:00:31.604231724Z     return await anyio.to_thread.run_sync(func)
2026-09-10T18:00:31.604233738Z            ^^^^^^^^^^^^^^^^^^^^^^^^^^^^^^^^^^^^
2026-09-10T18:00:31.604235692Z   File "/usr/local/lib/python3.13/site-packages/anyio/to_thread.py", line 63, in run_sync
2026-09-10T18:00:31.604237626Z     return await get_async_backend().run_sync_in_worker_thread(
2026-09-10T18:00:31.604239550Z            ^^^^^^^^^^^^^^^^^^^^^^^^^^^^^^^^^^^^^^^^^^^^^^^^^^^^
2026-09-10T18:00:31.604241494Z         func, args, abandon_on_cancel=abandon_on_cancel, limiter=limiter
2026-09-10T18:00:31.604243417Z         ^^^^^^^^^^^^^^^^^^^^^^^^^^^^^^^^^^^^^^^^^^^^^^^^^^^^^^^^^^^^^^^^
2026-09-10T18:00:31.604248097Z     )
2026-09-10T18:00:31.604250081Z     ^
2026-09-10T18:00:31.604252025Z   File "/usr/local/lib/python3.13/site-packages/anyio/_backends/_asyncio.py", line 2518, in run_sync_in_worker_thread
2026-09-10T18:00:31.604254029Z     return await future
2026-09-10T18:00:31.604256073Z            ^^^^^^^^^^^^
2026-09-10T18:00:31.604258247Z   File "/usr/local/lib/python3.13/site-packages/anyio/_backends/_asyncio.py", line 1002, in run
2026-09-10T18:00:31.604260171Z     result = context.run(func, *args)
2026-09-10T18:00:31.604262074Z   File "/app/app/routers/orders.py", line 36, in checkout
2026-09-10T18:00:31.604264129Z     return create_order(
2026-09-10T18:00:31.604266133Z         db=db,
2026-09-10T18:00:31.604268086Z     ...<2 lines>...
2026-09-10T18:00:31.604270020Z         correlation_id=correlation_id,
2026-09-10T18:00:31.604271934Z     )
2026-09-10T18:00:31.604273908Z   File "/app/app/services/order_service.py", line 42, in create_order
2026-09-10T18:00:31.604275832Z     result = db.execute(
2026-09-10T18:00:31.604277766Z         select(ProductModel).where(ProductModel.id == product_id)
2026-09-10T18:00:31.604279790Z     )
2026-09-10T18:00:31.604281723Z   File "/usr/local/lib/python3.13/site-packages/sqlalchemy/orm/session.py", line 2372, in execute
2026-09-10T18:00:31.604283637Z     return self._execute_internal(
2026-09-10T18:00:31.604285551Z            ~~~~~~~~~~~~~~~~~~~~~~^
2026-09-10T18:00:31.604287455Z         statement,
2026-09-10T18:00:31.604298487Z         ^^^^^^^^^^
2026-09-10T18:00:31.604300491Z     ...<4 lines>...
2026-09-10T18:00:31.604302415Z         _add_event=_add_event,
2026-09-10T18:00:31.604304368Z         ^^^^^^^^^^^^^^^^^^^^^^
2026-09-10T18:00:31.604306262Z     )
2026-09-10T18:00:31.604308186Z     ^
2026-09-10T18:00:31.604310110Z   File "/usr/local/lib/python3.13/site-packages/sqlalchemy/orm/session.py", line 2260, in _execute_internal
2026-09-10T18:00:31.604312044Z     conn = self._connection_for_bind(bind)
2026-09-10T18:00:31.604313957Z   File "/usr/local/lib/python3.13/site-packages/sqlalchemy/orm/session.py", line 2112, in _connection_for_bind
2026-09-10T18:00:31.604315881Z     return trans._connection_for_bind(engine, execution_options)
2026-09-10T18:00:31.604317765Z            ~~~~~~~~~~~~~~~~~~~~~~~~~~^^^^^^^^^^^^^^^^^^^^^^^^^^^
2026-09-10T18:00:31.604319679Z   File "<string>", line 2, in _connection_for_bind
2026-09-10T18:00:31.604321583Z   File "/usr/local/lib/python3.13/site-packages/sqlalchemy/orm/state_changes.py", line 137, in _go
2026-09-10T18:00:31.604323496Z     ret_value = fn(self, *arg, **kw)
2026-09-10T18:00:31.604325410Z   File "/usr/local/lib/python3.13/site-packages/sqlalchemy/orm/session.py", line 1191, in _connection_for_bind
2026-09-10T18:00:31.604327314Z     conn = bind.connect()
2026-09-10T18:00:31.604330049Z   File "/usr/local/lib/python3.13/site-packages/opentelemetry/instrumentation/sqlalchemy/engine.py", line 200, in _wrap_connect_internal
2026-09-10T18:00:31.604331993Z     return func(*args, **kwargs)
2026-09-10T18:00:31.604333967Z   File "/usr/local/lib/python3.13/site-packages/sqlalchemy/engine/base.py", line 3295, in connect
2026-09-10T18:00:31.604335881Z     return self._connection_cls(self)
2026-09-10T18:00:31.604338055Z            ~~~~~~~~~~~~~~~~~~~~^^^^^^
2026-09-10T18:00:31.604339959Z   File "/usr/local/lib/python3.13/site-packages/sqlalchemy/engine/base.py", line 144, in __init__
2026-09-10T18:00:31.604341853Z     self._dbapi_connection = engine.raw_connection()
2026-09-10T18:00:31.604343757Z                              ~~~~~~~~~~~~~~~~~~~~~^^
2026-09-10T18:00:31.604345640Z   File "/usr/local/lib/python3.13/site-packages/sqlalchemy/engine/base.py", line 3319, in raw_connection
2026-09-10T18:00:31.604347604Z     return self.pool.connect()
2026-09-10T18:00:31.604349508Z            ~~~~~~~~~~~~~~~~~^^
2026-09-10T18:00:31.604351452Z   File "/usr/local/lib/python3.13/site-packages/sqlalchemy/pool/base.py", line 448, in connect
2026-09-10T18:00:31.604353366Z     return _ConnectionFairy._checkout(self)
2026-09-10T18:00:31.604355269Z            ~~~~~~~~~~~~~~~~~~~~~~~~~~^^^^^^
2026-09-10T18:00:31.604357414Z   File "/usr/local/lib/python3.13/site-packages/sqlalchemy/pool/base.py", line 1272, in _checkout
2026-09-10T18:00:31.604359317Z     fairy = _ConnectionRecord.checkout(pool)
2026-09-10T18:00:31.604361231Z   File "/usr/local/lib/python3.13/site-packages/sqlalchemy/pool/base.py", line 712, in checkout
2026-09-10T18:00:31.604363145Z     rec = pool._do_get()
2026-09-10T18:00:31.604365099Z   File "/usr/local/lib/python3.13/site-packages/sqlalchemy/pool/impl.py", line 167, in _do_get
2026-09-10T18:00:31.604367033Z     raise exc.TimeoutError(
2026-09-10T18:00:31.604368957Z     ...<4 lines>...
2026-09-10T18:00:31.604370860Z     )
2026-09-10T18:00:31.604373596Z sqlalchemy.exc.TimeoutError: QueuePool limit of size 5 overflow 10 reached, connection timed out, timeout 30.00 (Background on this error at: https://sqlalche.me/e/20/3o7r)
2026-09-10T18:00:31.609941927Z ERROR:    Exception in ASGI application
2026-09-10T18:00:31.609999612Z Traceback (most recent call last):
2026-09-10T18:00:31.610007016Z   File "/usr/local/lib/python3.13/site-packages/uvicorn/protocols/http/httptools_impl.py", line 421, in run_asgi
2026-09-10T18:00:31.610049451Z     result = await app(  # type: ignore[func-returns-value]
2026-09-10T18:00:31.610055403Z              ^^^^^^^^^^^^^^^^^^^^^^^^^^^^^^^^^^^^^^^^^^^^^^
2026-09-10T18:00:31.610061014Z         self.scope, self.receive, self.send
2026-09-10T18:00:31.610066575Z         ^^^^^^^^^^^^^^^^^^^^^^^^^^^^^^^^^^^
2026-09-10T18:00:31.610072376Z     )
2026-09-10T18:00:31.610077997Z     ^
2026-09-10T18:00:31.610083538Z   File "/usr/local/lib/python3.13/site-packages/uvicorn/middleware/proxy_headers.py", line 63, in __call__
2026-09-10T18:00:31.610089109Z     return await self.app(scope, receive, send)
2026-09-10T18:00:31.610094761Z            ^^^^^^^^^^^^^^^^^^^^^^^^^^^^^^^^^^^^
2026-09-10T18:00:31.610101043Z   File "/usr/local/lib/python3.13/site-packages/fastapi/applications.py", line 1159, in __call__
2026-09-10T18:00:31.610106604Z     await super().__call__(scope, receive, send)
2026-09-10T18:00:31.610112265Z   File "/usr/local/lib/python3.13/site-packages/starlette/applications.py", line 107, in __call__
2026-09-10T18:00:31.610117957Z     await self.middleware_stack(scope, receive, send)
2026-09-10T18:00:31.610123558Z   File "/usr/local/lib/python3.13/site-packages/starlette/middleware/errors.py", line 186, in __call__
2026-09-10T18:00:31.610129159Z     raise exc
2026-09-10T18:00:31.610134730Z   File "/usr/local/lib/python3.13/site-packages/starlette/middleware/errors.py", line 164, in __call__
2026-09-10T18:00:31.610140441Z     await self.app(scope, receive, _send)
2026-09-10T18:00:31.610146824Z   File "/usr/local/lib/python3.13/site-packages/opentelemetry/instrumentation/asgi/__init__.py", line 806, in __call__
2026-09-10T18:00:31.610152435Z     await self.app(scope, otel_receive, otel_send)
2026-09-10T18:00:31.610158026Z   File "/usr/local/lib/python3.13/site-packages/starlette/middleware/errors.py", line 186, in __call__
2026-09-10T18:00:31.610163647Z     raise exc
2026-09-10T18:00:31.610169228Z   File "/usr/local/lib/python3.13/site-packages/starlette/middleware/errors.py", line 164, in __call__
2026-09-10T18:00:31.610174860Z     await self.app(scope, receive, _send)
2026-09-10T18:00:31.610180451Z   File "/usr/local/lib/python3.13/site-packages/opentelemetry/instrumentation/fastapi/__init__.py", line 305, in __call__
2026-09-10T18:00:31.610186072Z     await self.app(scope, receive, send)
2026-09-10T18:00:31.610191603Z   File "/usr/local/lib/python3.13/site-packages/prometheus_fastapi_instrumentator/middleware.py", line 177, in __call__
2026-09-10T18:00:31.610197144Z     raise exc
2026-09-10T18:00:31.610202685Z   File "/usr/local/lib/python3.13/site-packages/prometheus_fastapi_instrumentator/middleware.py", line 175, in __call__
2026-09-10T18:00:31.610208256Z     await self.app(scope, receive, send_wrapper)
2026-09-10T18:00:31.610213827Z   File "/usr/local/lib/python3.13/site-packages/starlette/middleware/exceptions.py", line 63, in __call__
2026-09-10T18:00:31.610220039Z     await wrap_app_handling_exceptions(self.app, conn)(scope, receive, send)
2026-09-10T18:00:31.610225630Z   File "/usr/local/lib/python3.13/site-packages/starlette/_exception_handler.py", line 53, in wrapped_app
2026-09-10T18:00:31.610231312Z     raise exc
2026-09-10T18:00:31.610236833Z   File "/usr/local/lib/python3.13/site-packages/starlette/_exception_handler.py", line 42, in wrapped_app
2026-09-10T18:00:31.610242364Z     await app(scope, receive, sender)
2026-09-10T18:00:31.610247965Z   File "/usr/local/lib/python3.13/site-packages/fastapi/middleware/asyncexitstack.py", line 18, in __call__
2026-09-10T18:00:31.610254237Z     await self.app(scope, receive, send)
2026-09-10T18:00:31.610259878Z   File "/usr/local/lib/python3.13/site-packages/starlette/routing.py", line 716, in __call__
2026-09-10T18:00:31.610307904Z     await self.middleware_stack(scope, receive, send)
2026-09-10T18:00:31.610313745Z   File "/usr/local/lib/python3.13/site-packages/starlette/routing.py", line 736, in app
2026-09-10T18:00:31.610319336Z     await route.handle(scope, receive, send)
2026-09-10T18:00:31.610324927Z   File "/usr/local/lib/python3.13/site-packages/starlette/routing.py", line 290, in handle
2026-09-10T18:00:31.610330799Z     await self.app(scope, receive, send)
2026-09-10T18:00:31.610336370Z   File "/usr/local/lib/python3.13/site-packages/fastapi/routing.py", line 134, in app
2026-09-10T18:00:31.610341931Z     await wrap_app_handling_exceptions(app, request)(scope, receive, send)
2026-09-10T18:00:31.610347522Z   File "/usr/local/lib/python3.13/site-packages/starlette/_exception_handler.py", line 53, in wrapped_app
2026-09-10T18:00:31.610353103Z     raise exc
2026-09-10T18:00:31.610358634Z   File "/usr/local/lib/python3.13/site-packages/starlette/_exception_handler.py", line 42, in wrapped_app
2026-09-10T18:00:31.610364256Z     await app(scope, receive, sender)
2026-09-10T18:00:31.610369887Z   File "/usr/local/lib/python3.13/site-packages/fastapi/routing.py", line 120, in app
2026-09-10T18:00:31.610376019Z     response = await f(request)
2026-09-10T18:00:31.610381610Z                ^^^^^^^^^^^^^^^^
2026-09-10T18:00:31.610387201Z   File "/usr/local/lib/python3.13/site-packages/fastapi/routing.py", line 674, in app
2026-09-10T18:00:31.610392732Z     raw_response = await run_endpoint_function(
2026-09-10T18:00:31.610398293Z                    ^^^^^^^^^^^^^^^^^^^^^^^^^^^^
2026-09-10T18:00:31.610404756Z     ...<3 lines>...
2026-09-10T18:00:31.610410407Z     )
2026-09-10T18:00:31.610415998Z     ^
2026-09-10T18:00:31.610421559Z   File "/usr/local/lib/python3.13/site-packages/fastapi/routing.py", line 330, in run_endpoint_function
2026-09-10T18:00:31.610427150Z     return await run_in_threadpool(dependant.call, **values)
2026-09-10T18:00:31.610432772Z            ^^^^^^^^^^^^^^^^^^^^^^^^^^^^^^^^^^^^^^^^^^^^^^^^^
2026-09-10T18:00:31.610554472Z   File "/usr/local/lib/python3.13/site-packages/starlette/concurrency.py", line 32, in run_in_threadpool
2026-09-10T18:00:31.610577558Z     return await anyio.to_thread.run_sync(func)
2026-09-10T18:00:31.610579903Z            ^^^^^^^^^^^^^^^^^^^^^^^^^^^^^^^^^^^^
2026-09-10T18:00:31.610584352Z   File "/usr/local/lib/python3.13/site-packages/anyio/to_thread.py", line 63, in run_sync
2026-09-10T18:00:31.610586877Z     return await get_async_backend().run_sync_in_worker_thread(
2026-09-10T18:00:31.610588821Z            ^^^^^^^^^^^^^^^^^^^^^^^^^^^^^^^^^^^^^^^^^^^^^^^^^^^^
2026-09-10T18:00:31.610591787Z         func, args, abandon_on_cancel=abandon_on_cancel, limiter=limiter
2026-09-10T18:00:31.610593700Z         ^^^^^^^^^^^^^^^^^^^^^^^^^^^^^^^^^^^^^^^^^^^^^^^^^^^^^^^^^^^^^^^^
2026-09-10T18:00:31.610595644Z     )
2026-09-10T18:00:31.610597688Z     ^
2026-09-10T18:00:31.610600313Z   File "/usr/local/lib/python3.13/site-packages/anyio/_backends/_asyncio.py", line 2518, in run_sync_in_worker_thread
2026-09-10T18:00:31.610602748Z     return await future
2026-09-10T18:00:31.610604692Z            ^^^^^^^^^^^^
2026-09-10T18:00:31.610606606Z   File "/usr/local/lib/python3.13/site-packages/anyio/_backends/_asyncio.py", line 1002, in run
2026-09-10T18:00:31.610608530Z     result = context.run(func, *args)
2026-09-10T18:00:31.610610474Z   File "/app/app/routers/orders.py", line 36, in checkout
2026-09-10T18:00:31.610612407Z     return create_order(
2026-09-10T18:00:31.610614341Z         db=db,
2026-09-10T18:00:31.610616295Z     ...<2 lines>...
2026-09-10T18:00:31.610643479Z         correlation_id=correlation_id,
2026-09-10T18:00:31.610645563Z     )
2026-09-10T18:00:31.610647547Z   File "/app/app/services/order_service.py", line 42, in create_order
2026-09-10T18:00:31.610649461Z     result = db.execute(
2026-09-10T18:00:31.610651385Z         select(ProductModel).where(ProductModel.id == product_id)
2026-09-10T18:00:31.610653319Z     )
2026-09-10T18:00:31.610655263Z   File "/usr/local/lib/python3.13/site-packages/sqlalchemy/orm/session.py", line 2372, in execute
2026-09-10T18:00:31.610657367Z     return self._execute_internal(
2026-09-10T18:00:31.610659291Z            ~~~~~~~~~~~~~~~~~~~~~~^
2026-09-10T18:00:31.610661204Z         statement,
2026-09-10T18:00:31.610663128Z         ^^^^^^^^^^
2026-09-10T18:00:31.610665022Z     ...<4 lines>...
2026-09-10T18:00:31.610667437Z         _add_event=_add_event,
2026-09-10T18:00:31.610669340Z         ^^^^^^^^^^^^^^^^^^^^^^
2026-09-10T18:00:31.610671254Z     )
2026-09-10T18:00:31.610673208Z     ^
2026-09-10T18:00:31.610675132Z   File "/usr/local/lib/python3.13/site-packages/sqlalchemy/orm/session.py", line 2260, in _execute_internal
2026-09-10T18:00:31.610677046Z     conn = self._connection_for_bind(bind)
2026-09-10T18:00:31.610679050Z   File "/usr/local/lib/python3.13/site-packages/sqlalchemy/orm/session.py", line 2112, in _connection_for_bind
2026-09-10T18:00:31.610681004Z     return trans._connection_for_bind(engine, execution_options)
2026-09-10T18:00:31.610682917Z            ~~~~~~~~~~~~~~~~~~~~~~~~~~^^^^^^^^^^^^^^^^^^^^^^^^^^^
2026-09-10T18:00:31.610684851Z   File "<string>", line 2, in _connection_for_bind
2026-09-10T18:00:31.610686825Z   File "/usr/local/lib/python3.13/site-packages/sqlalchemy/orm/state_changes.py", line 137, in _go
2026-09-10T18:00:31.610688759Z     ret_value = fn(self, *arg, **kw)
2026-09-10T18:00:31.610690673Z   File "/usr/local/lib/python3.13/site-packages/sqlalchemy/orm/session.py", line 1191, in _connection_for_bind
2026-09-10T18:00:31.610692607Z     conn = bind.connect()
2026-09-10T18:00:31.610695082Z   File "/usr/local/lib/python3.13/site-packages/opentelemetry/instrumentation/sqlalchemy/engine.py", line 200, in _wrap_connect_internal
2026-09-10T18:00:31.610697015Z     return func(*args, **kwargs)
2026-09-10T18:00:31.610698919Z   File "/usr/local/lib/python3.13/site-packages/sqlalchemy/engine/base.py", line 3295, in connect
2026-09-10T18:00:31.610700843Z     return self._connection_cls(self)
2026-09-10T18:00:31.610702757Z            ~~~~~~~~~~~~~~~~~~~~^^^^^^
2026-09-10T18:00:31.610704681Z   File "/usr/local/lib/python3.13/site-packages/sqlalchemy/engine/base.py", line 144, in __init__
2026-09-10T18:00:31.610706594Z     self._dbapi_connection = engine.raw_connection()
2026-09-10T18:00:31.610708478Z                              ~~~~~~~~~~~~~~~~~~~~~^^
2026-09-10T18:00:31.610710362Z   File "/usr/local/lib/python3.13/site-packages/sqlalchemy/engine/base.py", line 3319, in raw_connection
2026-09-10T18:00:31.610712266Z     return self.pool.connect()
2026-09-10T18:00:31.610714169Z            ~~~~~~~~~~~~~~~~~^^
2026-09-10T18:00:31.610716093Z   File "/usr/local/lib/python3.13/site-packages/sqlalchemy/pool/base.py", line 448, in connect
2026-09-10T18:00:31.610718067Z     return _ConnectionFairy._checkout(self)
2026-09-10T18:00:31.610719961Z            ~~~~~~~~~~~~~~~~~~~~~~~~~~^^^^^^
2026-09-10T18:00:31.610721865Z   File "/usr/local/lib/python3.13/site-packages/sqlalchemy/pool/base.py", line 1272, in _checkout
2026-09-10T18:00:31.610723809Z     fairy = _ConnectionRecord.checkout(pool)
2026-09-10T18:00:31.610725722Z   File "/usr/local/lib/python3.13/site-packages/sqlalchemy/pool/base.py", line 712, in checkout
2026-09-10T18:00:31.610727696Z     rec = pool._do_get()
2026-09-10T18:00:31.610734329Z   File "/usr/local/lib/python3.13/site-packages/sqlalchemy/pool/impl.py", line 167, in _do_get
2026-09-10T18:00:31.610736293Z     raise exc.TimeoutError(
2026-09-10T18:00:31.610738207Z     ...<4 lines>...
2026-09-10T18:00:31.610740181Z     )
2026-09-10T18:00:31.610743478Z sqlalchemy.exc.TimeoutError: QueuePool limit of size 5 overflow 10 reached, connection timed out, timeout 30.00 (Background on this error at: https://sqlalche.me/e/20/3o7r)
2026-09-10T18:00:31.614370888Z ERROR:    Exception in ASGI application
2026-09-10T18:00:31.614403513Z Traceback (most recent call last):
2026-09-10T18:00:31.614406319Z   File "/usr/local/lib/python3.13/site-packages/uvicorn/protocols/http/httptools_impl.py", line 421, in run_asgi
2026-09-10T18:00:31.614408914Z     result = await app(  # type: ignore[func-returns-value]
2026-09-10T18:00:31.614410858Z              ^^^^^^^^^^^^^^^^^^^^^^^^^^^^^^^^^^^^^^^^^^^^^^
2026-09-10T18:00:31.614412852Z         self.scope, self.receive, self.send
2026-09-10T18:00:31.614414786Z         ^^^^^^^^^^^^^^^^^^^^^^^^^^^^^^^^^^^
2026-09-10T18:00:31.614416719Z     )
2026-09-10T18:00:31.614418713Z     ^
2026-09-10T18:00:31.614420627Z   File "/usr/local/lib/python3.13/site-packages/uvicorn/middleware/proxy_headers.py", line 63, in __call__
2026-09-10T18:00:31.614422561Z     return await self.app(scope, receive, send)
2026-09-10T18:00:31.614424485Z            ^^^^^^^^^^^^^^^^^^^^^^^^^^^^^^^^^^^^
2026-09-10T18:00:31.614427330Z   File "/usr/local/lib/python3.13/site-packages/fastapi/applications.py", line 1159, in __call__
2026-09-10T18:00:31.614429334Z     await super().__call__(scope, receive, send)
2026-09-10T18:00:31.614431258Z   File "/usr/local/lib/python3.13/site-packages/starlette/applications.py", line 107, in __call__
2026-09-10T18:00:31.614433553Z     await self.middleware_stack(scope, receive, send)
2026-09-10T18:00:31.614435507Z   File "/usr/local/lib/python3.13/site-packages/starlette/middleware/errors.py", line 186, in __call__
2026-09-10T18:00:31.614437441Z     raise exc
2026-09-10T18:00:31.614439384Z   File "/usr/local/lib/python3.13/site-packages/starlette/middleware/errors.py", line 164, in __call__
2026-09-10T18:00:31.614441338Z     await self.app(scope, receive, _send)
2026-09-10T18:00:31.614444054Z   File "/usr/local/lib/python3.13/site-packages/opentelemetry/instrumentation/asgi/__init__.py", line 806, in __call__
2026-09-10T18:00:31.614446008Z     await self.app(scope, otel_receive, otel_send)
2026-09-10T18:00:31.614447911Z   File "/usr/local/lib/python3.13/site-packages/starlette/middleware/errors.py", line 186, in __call__
2026-09-10T18:00:31.614449835Z     raise exc
2026-09-10T18:00:31.614451739Z   File "/usr/local/lib/python3.13/site-packages/starlette/middleware/errors.py", line 164, in __call__
2026-09-10T18:00:31.614453643Z     await self.app(scope, receive, _send)
2026-09-10T18:00:31.614455556Z   File "/usr/local/lib/python3.13/site-packages/opentelemetry/instrumentation/fastapi/__init__.py", line 305, in __call__
2026-09-10T18:00:31.614457480Z     await self.app(scope, receive, send)
2026-09-10T18:00:31.614459394Z   File "/usr/local/lib/python3.13/site-packages/prometheus_fastapi_instrumentator/middleware.py", line 177, in __call__
2026-09-10T18:00:31.614461328Z     raise exc
2026-09-10T18:00:31.614463232Z   File "/usr/local/lib/python3.13/site-packages/prometheus_fastapi_instrumentator/middleware.py", line 175, in __call__
2026-09-10T18:00:31.614465156Z     await self.app(scope, receive, send_wrapper)
2026-09-10T18:00:31.614467069Z   File "/usr/local/lib/python3.13/site-packages/starlette/middleware/exceptions.py", line 63, in __call__
2026-09-10T18:00:31.614469664Z     await wrap_app_handling_exceptions(self.app, conn)(scope, receive, send)
2026-09-10T18:00:31.614489604Z   File "/usr/local/lib/python3.13/site-packages/starlette/_exception_handler.py", line 53, in wrapped_app
2026-09-10T18:00:31.614491728Z     raise exc
2026-09-10T18:00:31.614494053Z   File "/usr/local/lib/python3.13/site-packages/starlette/_exception_handler.py", line 42, in wrapped_app
2026-09-10T18:00:31.614496007Z     await app(scope, receive, sender)
2026-09-10T18:00:31.614497931Z   File "/usr/local/lib/python3.13/site-packages/fastapi/middleware/asyncexitstack.py", line 18, in __call__
2026-09-10T18:00:31.614499864Z     await self.app(scope, receive, send)
2026-09-10T18:00:31.614501788Z   File "/usr/local/lib/python3.13/site-packages/starlette/routing.py", line 716, in __call__
2026-09-10T18:00:31.614503732Z     await self.middleware_stack(scope, receive, send)
2026-09-10T18:00:31.614505656Z   File "/usr/local/lib/python3.13/site-packages/starlette/routing.py", line 736, in app
2026-09-10T18:00:31.614507570Z     await route.handle(scope, receive, send)
2026-09-10T18:00:31.614509494Z   File "/usr/local/lib/python3.13/site-packages/starlette/routing.py", line 290, in handle
2026-09-10T18:00:31.614511427Z     await self.app(scope, receive, send)
2026-09-10T18:00:31.614513522Z   File "/usr/local/lib/python3.13/site-packages/fastapi/routing.py", line 134, in app
2026-09-10T18:00:31.614515435Z     await wrap_app_handling_exceptions(app, request)(scope, receive, send)
2026-09-10T18:00:31.614517359Z   File "/usr/local/lib/python3.13/site-packages/starlette/_exception_handler.py", line 53, in wrapped_app
2026-09-10T18:00:31.614519283Z     raise exc
2026-09-10T18:00:31.614521217Z   File "/usr/local/lib/python3.13/site-packages/starlette/_exception_handler.py", line 42, in wrapped_app
2026-09-10T18:00:31.614523131Z     await app(scope, receive, sender)
2026-09-10T18:00:31.614525064Z   File "/usr/local/lib/python3.13/site-packages/fastapi/routing.py", line 120, in app
2026-09-10T18:00:31.614527840Z     response = await f(request)
2026-09-10T18:00:31.614529774Z                ^^^^^^^^^^^^^^^^
2026-09-10T18:00:31.614531688Z   File "/usr/local/lib/python3.13/site-packages/fastapi/routing.py", line 674, in app
2026-09-10T18:00:31.614533601Z     raw_response = await run_endpoint_function(
2026-09-10T18:00:31.614535535Z                    ^^^^^^^^^^^^^^^^^^^^^^^^^^^^
2026-09-10T18:00:31.614537960Z     ...<3 lines>...
2026-09-10T18:00:31.614539884Z     )
2026-09-10T18:00:31.614541828Z     ^
2026-09-10T18:00:31.614543772Z   File "/usr/local/lib/python3.13/site-packages/fastapi/routing.py", line 330, in run_endpoint_function
2026-09-10T18:00:31.614545705Z     return await run_in_threadpool(dependant.call, **values)
2026-09-10T18:00:31.614547649Z            ^^^^^^^^^^^^^^^^^^^^^^^^^^^^^^^^^^^^^^^^^^^^^^^^^
2026-09-10T18:00:31.614552008Z   File "/usr/local/lib/python3.13/site-packages/starlette/concurrency.py", line 32, in run_in_threadpool
2026-09-10T18:00:31.614554212Z     return await anyio.to_thread.run_sync(func)
2026-09-10T18:00:31.614556176Z            ^^^^^^^^^^^^^^^^^^^^^^^^^^^^^^^^^^^^
2026-09-10T18:00:31.614558100Z   File "/usr/local/lib/python3.13/site-packages/anyio/to_thread.py", line 63, in run_sync
2026-09-10T18:00:31.614560074Z     return await get_async_backend().run_sync_in_worker_thread(
2026-09-10T18:00:31.614561988Z            ^^^^^^^^^^^^^^^^^^^^^^^^^^^^^^^^^^^^^^^^^^^^^^^^^^^^
2026-09-10T18:00:31.614563922Z         func, args, abandon_on_cancel=abandon_on_cancel, limiter=limiter
2026-09-10T18:00:31.614565825Z         ^^^^^^^^^^^^^^^^^^^^^^^^^^^^^^^^^^^^^^^^^^^^^^^^^^^^^^^^^^^^^^^^
2026-09-10T18:00:31.614567749Z     )
2026-09-10T18:00:31.614569673Z     ^
2026-09-10T18:00:31.614576186Z   File "/usr/local/lib/python3.13/site-packages/anyio/_backends/_asyncio.py", line 2518, in run_sync_in_worker_thread
2026-09-10T18:00:31.614578190Z     return await future
2026-09-10T18:00:31.614580204Z            ^^^^^^^^^^^^
2026-09-10T18:00:31.614582138Z   File "/usr/local/lib/python3.13/site-packages/anyio/_backends/_asyncio.py", line 1002, in run
2026-09-10T18:00:31.614584062Z     result = context.run(func, *args)
2026-09-10T18:00:31.614585975Z   File "/app/app/routers/orders.py", line 36, in checkout
2026-09-10T18:00:31.614587889Z     return create_order(
2026-09-10T18:00:31.614589833Z         db=db,
2026-09-10T18:00:31.614591777Z     ...<2 lines>...
2026-09-10T18:00:31.614593721Z         correlation_id=correlation_id,
2026-09-10T18:00:31.614595655Z     )
2026-09-10T18:00:31.614597608Z   File "/app/app/services/order_service.py", line 42, in create_order
2026-09-10T18:00:31.614599542Z     result = db.execute(
2026-09-10T18:00:31.614601486Z         select(ProductModel).where(ProductModel.id == product_id)
2026-09-10T18:00:31.614603400Z     )
2026-09-10T18:00:31.614605364Z   File "/usr/local/lib/python3.13/site-packages/sqlalchemy/orm/session.py", line 2372, in execute
2026-09-10T18:00:31.614607288Z     return self._execute_internal(
2026-09-10T18:00:31.614609191Z            ~~~~~~~~~~~~~~~~~~~~~~^
2026-09-10T18:00:31.614611135Z         statement,
2026-09-10T18:00:31.614613069Z         ^^^^^^^^^^
2026-09-10T18:00:31.614614983Z     ...<4 lines>...
2026-09-10T18:00:31.614616937Z         _add_event=_add_event,
2026-09-10T18:00:31.614618851Z         ^^^^^^^^^^^^^^^^^^^^^^
2026-09-10T18:00:31.614620764Z     )
2026-09-10T18:00:31.614622668Z     ^
2026-09-10T18:00:31.614624612Z   File "/usr/local/lib/python3.13/site-packages/sqlalchemy/orm/session.py", line 2260, in _execute_internal
2026-09-10T18:00:31.614626576Z     conn = self._connection_for_bind(bind)
2026-09-10T18:00:31.614628520Z   File "/usr/local/lib/python3.13/site-packages/sqlalchemy/orm/session.py", line 2112, in _connection_for_bind
2026-09-10T18:00:31.614630474Z     return trans._connection_for_bind(engine, execution_options)
2026-09-10T18:00:31.614632387Z            ~~~~~~~~~~~~~~~~~~~~~~~~~~^^^^^^^^^^^^^^^^^^^^^^^^^^^
2026-09-10T18:00:31.614634301Z   File "<string>", line 2, in _connection_for_bind
2026-09-10T18:00:31.614636205Z   File "/usr/local/lib/python3.13/site-packages/sqlalchemy/orm/state_changes.py", line 137, in _go
2026-09-10T18:00:31.614638139Z     ret_value = fn(self, *arg, **kw)
2026-09-10T18:00:31.614640063Z   File "/usr/local/lib/python3.13/site-packages/sqlalchemy/orm/session.py", line 1191, in _connection_for_bind
2026-09-10T18:00:31.614642007Z     conn = bind.connect()
2026-09-10T18:00:31.614644481Z   File "/usr/local/lib/python3.13/site-packages/opentelemetry/instrumentation/sqlalchemy/engine.py", line 200, in _wrap_connect_internal
2026-09-10T18:00:31.614646425Z     return func(*args, **kwargs)
2026-09-10T18:00:31.614648339Z   File "/usr/local/lib/python3.13/site-packages/sqlalchemy/engine/base.py", line 3295, in connect
2026-09-10T18:00:31.614650273Z     return self._connection_cls(self)
2026-09-10T18:00:31.614652197Z            ~~~~~~~~~~~~~~~~~~~~^^^^^^
2026-09-10T18:00:31.614654111Z   File "/usr/local/lib/python3.13/site-packages/sqlalchemy/engine/base.py", line 144, in __init__
2026-09-10T18:00:31.614656034Z     self._dbapi_connection = engine.raw_connection()
2026-09-10T18:00:31.614657978Z                              ~~~~~~~~~~~~~~~~~~~~~^^
2026-09-10T18:00:31.614659912Z   File "/usr/local/lib/python3.13/site-packages/sqlalchemy/engine/base.py", line 3319, in raw_connection
2026-09-10T18:00:31.614661836Z     return self.pool.connect()
2026-09-10T18:00:31.614680202Z            ~~~~~~~~~~~~~~~~~^^
2026-09-10T18:00:31.614682166Z   File "/usr/local/lib/python3.13/site-packages/sqlalchemy/pool/base.py", line 448, in connect
2026-09-10T18:00:31.614684100Z     return _ConnectionFairy._checkout(self)
2026-09-10T18:00:31.614686034Z            ~~~~~~~~~~~~~~~~~~~~~~~~~~^^^^^^
2026-09-10T18:00:31.614687948Z   File "/usr/local/lib/python3.13/site-packages/sqlalchemy/pool/base.py", line 1272, in _checkout
2026-09-10T18:00:31.614690002Z     fairy = _ConnectionRecord.checkout(pool)
2026-09-10T18:00:31.614691916Z   File "/usr/local/lib/python3.13/site-packages/sqlalchemy/pool/base.py", line 712, in checkout
2026-09-10T18:00:31.614693910Z     rec = pool._do_get()
2026-09-10T18:00:31.614695843Z   File "/usr/local/lib/python3.13/site-packages/sqlalchemy/pool/impl.py", line 167, in _do_get
2026-09-10T18:00:31.614697797Z     raise exc.TimeoutError(
2026-09-10T18:00:31.614699711Z     ...<4 lines>...
2026-09-10T18:00:31.614701615Z     )
2026-09-10T18:00:31.614704160Z sqlalchemy.exc.TimeoutError: QueuePool limit of size 5 overflow 10 reached, connection timed out, timeout 30.00 (Background on this error at: https://sqlalche.me/e/20/3o7r)
2026-09-10T18:00:31.619088141Z ERROR:    Exception in ASGI application
2026-09-10T18:00:31.619130686Z Traceback (most recent call last):
2026-09-10T18:00:31.619136267Z   File "/usr/local/lib/python3.13/site-packages/uvicorn/protocols/http/httptools_impl.py", line 421, in run_asgi
2026-09-10T18:00:31.619141197Z     result = await app(  # type: ignore[func-returns-value]
2026-09-10T18:00:31.619145595Z              ^^^^^^^^^^^^^^^^^^^^^^^^^^^^^^^^^^^^^^^^^^^^^^
2026-09-10T18:00:31.619150084Z         self.scope, self.receive, self.send
2026-09-10T18:00:31.619154753Z         ^^^^^^^^^^^^^^^^^^^^^^^^^^^^^^^^^^^
2026-09-10T18:00:31.619159473Z     )
2026-09-10T18:00:31.619163902Z     ^
2026-09-10T18:00:31.619168330Z   File "/usr/local/lib/python3.13/site-packages/uvicorn/middleware/proxy_headers.py", line 63, in __call__
2026-09-10T18:00:31.619172759Z     return await self.app(scope, receive, send)
2026-09-10T18:00:31.619177118Z            ^^^^^^^^^^^^^^^^^^^^^^^^^^^^^^^^^^^^
2026-09-10T18:00:31.619182038Z   File "/usr/local/lib/python3.13/site-packages/fastapi/applications.py", line 1159, in __call__
2026-09-10T18:00:31.619186416Z     await super().__call__(scope, receive, send)
2026-09-10T18:00:31.619190795Z   File "/usr/local/lib/python3.13/site-packages/starlette/applications.py", line 107, in __call__
2026-09-10T18:00:31.619195234Z     await self.middleware_stack(scope, receive, send)
2026-09-10T18:00:31.619199643Z   File "/usr/local/lib/python3.13/site-packages/starlette/middleware/errors.py", line 186, in __call__
2026-09-10T18:00:31.619204081Z     raise exc
2026-09-10T18:00:31.619208500Z   File "/usr/local/lib/python3.13/site-packages/starlette/middleware/errors.py", line 164, in __call__
2026-09-10T18:00:31.619212989Z     await self.app(scope, receive, _send)
2026-09-10T18:00:31.619233259Z   File "/usr/local/lib/python3.13/site-packages/opentelemetry/instrumentation/asgi/__init__.py", line 806, in __call__
2026-09-10T18:00:31.619237848Z     await self.app(scope, otel_receive, otel_send)
2026-09-10T18:00:31.619242267Z   File "/usr/local/lib/python3.13/site-packages/starlette/middleware/errors.py", line 186, in __call__
2026-09-10T18:00:31.619246716Z     raise exc
2026-09-10T18:00:31.619251065Z   File "/usr/local/lib/python3.13/site-packages/starlette/middleware/errors.py", line 164, in __call__
2026-09-10T18:00:31.619255473Z     await self.app(scope, receive, _send)
2026-09-10T18:00:31.619259842Z   File "/usr/local/lib/python3.13/site-packages/opentelemetry/instrumentation/fastapi/__init__.py", line 305, in __call__
2026-09-10T18:00:31.619287106Z     await self.app(scope, receive, send)
2026-09-10T18:00:31.619291645Z   File "/usr/local/lib/python3.13/site-packages/prometheus_fastapi_instrumentator/middleware.py", line 177, in __call__
2026-09-10T18:00:31.619296024Z     raise exc
2026-09-10T18:00:31.619300382Z   File "/usr/local/lib/python3.13/site-packages/prometheus_fastapi_instrumentator/middleware.py", line 175, in __call__
2026-09-10T18:00:31.619304821Z     await self.app(scope, receive, send_wrapper)
2026-09-10T18:00:31.619309280Z   File "/usr/local/lib/python3.13/site-packages/starlette/middleware/exceptions.py", line 63, in __call__
2026-09-10T18:00:31.619314200Z     await wrap_app_handling_exceptions(self.app, conn)(scope, receive, send)
2026-09-10T18:00:31.619318569Z   File "/usr/local/lib/python3.13/site-packages/starlette/_exception_handler.py", line 53, in wrapped_app
2026-09-10T18:00:31.619322927Z     raise exc
2026-09-10T18:00:31.619327286Z   File "/usr/local/lib/python3.13/site-packages/starlette/_exception_handler.py", line 42, in wrapped_app
2026-09-10T18:00:31.619331645Z     await app(scope, receive, sender)
2026-09-10T18:00:31.619336133Z   File "/usr/local/lib/python3.13/site-packages/fastapi/middleware/asyncexitstack.py", line 18, in __call__
2026-09-10T18:00:31.619340562Z     await self.app(scope, receive, send)
2026-09-10T18:00:31.619344951Z   File "/usr/local/lib/python3.13/site-packages/starlette/routing.py", line 716, in __call__
2026-09-10T18:00:31.619349420Z     await self.middleware_stack(scope, receive, send)
2026-09-10T18:00:31.619353829Z   File "/usr/local/lib/python3.13/site-packages/starlette/routing.py", line 736, in app
2026-09-10T18:00:31.619358187Z     await route.handle(scope, receive, send)
2026-09-10T18:00:31.619362576Z   File "/usr/local/lib/python3.13/site-packages/starlette/routing.py", line 290, in handle
2026-09-10T18:00:31.619366955Z     await self.app(scope, receive, send)
2026-09-10T18:00:31.619371293Z   File "/usr/local/lib/python3.13/site-packages/fastapi/routing.py", line 134, in app
2026-09-10T18:00:31.619375692Z     await wrap_app_handling_exceptions(app, request)(scope, receive, send)
2026-09-10T18:00:31.619380051Z   File "/usr/local/lib/python3.13/site-packages/starlette/_exception_handler.py", line 53, in wrapped_app
2026-09-10T18:00:31.619384399Z     raise exc
2026-09-10T18:00:31.619388758Z   File "/usr/local/lib/python3.13/site-packages/starlette/_exception_handler.py", line 42, in wrapped_app
2026-09-10T18:00:31.619393107Z     await app(scope, receive, sender)
2026-09-10T18:00:31.619397435Z   File "/usr/local/lib/python3.13/site-packages/fastapi/routing.py", line 120, in app
2026-09-10T18:00:31.619402175Z     response = await f(request)
2026-09-10T18:00:31.619406543Z                ^^^^^^^^^^^^^^^^
2026-09-10T18:00:31.619414258Z   File "/usr/local/lib/python3.13/site-packages/fastapi/routing.py", line 674, in app
2026-09-10T18:00:31.619418677Z     raw_response = await run_endpoint_function(
2026-09-10T18:00:31.619425140Z                    ^^^^^^^^^^^^^^^^^^^^^^^^^^^^
2026-09-10T18:00:31.619430250Z     ...<3 lines>...
2026-09-10T18:00:31.619434699Z     )
2026-09-10T18:00:31.619439128Z     ^
2026-09-10T18:00:31.619443527Z   File "/usr/local/lib/python3.13/site-packages/fastapi/routing.py", line 330, in run_endpoint_function
2026-09-10T18:00:31.619447945Z     return await run_in_threadpool(dependant.call, **values)
2026-09-10T18:00:31.619452424Z            ^^^^^^^^^^^^^^^^^^^^^^^^^^^^^^^^^^^^^^^^^^^^^^^^^
2026-09-10T18:00:31.619460600Z   File "/usr/local/lib/python3.13/site-packages/starlette/concurrency.py", line 32, in run_in_threadpool
2026-09-10T18:00:31.619465280Z     return await anyio.to_thread.run_sync(func)
2026-09-10T18:00:31.619480069Z            ^^^^^^^^^^^^^^^^^^^^^^^^^^^^^^^^^^^^
2026-09-10T18:00:31.619484508Z   File "/usr/local/lib/python3.13/site-packages/anyio/to_thread.py", line 63, in run_sync
2026-09-10T18:00:31.619488877Z     return await get_async_backend().run_sync_in_worker_thread(
2026-09-10T18:00:31.619493335Z            ^^^^^^^^^^^^^^^^^^^^^^^^^^^^^^^^^^^^^^^^^^^^^^^^^^^^
2026-09-10T18:00:31.619497764Z         func, args, abandon_on_cancel=abandon_on_cancel, limiter=limiter
2026-09-10T18:00:31.619502083Z         ^^^^^^^^^^^^^^^^^^^^^^^^^^^^^^^^^^^^^^^^^^^^^^^^^^^^^^^^^^^^^^^^
2026-09-10T18:00:31.619508305Z     )
2026-09-10T18:00:31.619512674Z     ^
2026-09-10T18:00:31.619517002Z   File "/usr/local/lib/python3.13/site-packages/anyio/_backends/_asyncio.py", line 2518, in run_sync_in_worker_thread
2026-09-10T18:00:31.619521331Z     return await future
2026-09-10T18:00:31.619525670Z            ^^^^^^^^^^^^
2026-09-10T18:00:31.619530048Z   File "/usr/local/lib/python3.13/site-packages/anyio/_backends/_asyncio.py", line 1002, in run
2026-09-10T18:00:31.619534447Z     result = context.run(func, *args)
2026-09-10T18:00:31.619538786Z   File "/app/app/routers/orders.py", line 36, in checkout
2026-09-10T18:00:31.619543084Z     return create_order(
2026-09-10T18:00:31.619547423Z         db=db,
2026-09-10T18:00:31.619551771Z     ...<2 lines>...
2026-09-10T18:00:31.619556110Z         correlation_id=correlation_id,
2026-09-10T18:00:31.619560459Z     )
2026-09-10T18:00:31.619564918Z   File "/app/app/services/order_service.py", line 42, in create_order
2026-09-10T18:00:31.619569286Z     result = db.execute(
2026-09-10T18:00:31.619573655Z         select(ProductModel).where(ProductModel.id == product_id)
2026-09-10T18:00:31.619577953Z     )
2026-09-10T18:00:31.619582262Z   File "/usr/local/lib/python3.13/site-packages/sqlalchemy/orm/session.py", line 2372, in execute
2026-09-10T18:00:31.619586581Z     return self._execute_internal(
2026-09-10T18:00:31.619590919Z            ~~~~~~~~~~~~~~~~~~~~~~^
2026-09-10T18:00:31.619595228Z         statement,
2026-09-10T18:00:31.619599556Z         ^^^^^^^^^^
2026-09-10T18:00:31.619603935Z     ...<4 lines>...
2026-09-10T18:00:31.619608264Z         _add_event=_add_event,
2026-09-10T18:00:31.619612572Z         ^^^^^^^^^^^^^^^^^^^^^^
2026-09-10T18:00:31.619616871Z     )
2026-09-10T18:00:31.619621159Z     ^
2026-09-10T18:00:31.619625518Z   File "/usr/local/lib/python3.13/site-packages/sqlalchemy/orm/session.py", line 2260, in _execute_internal
2026-09-10T18:00:31.619629876Z     conn = self._connection_for_bind(bind)
2026-09-10T18:00:31.619636329Z   File "/usr/local/lib/python3.13/site-packages/sqlalchemy/orm/session.py", line 2112, in _connection_for_bind
2026-09-10T18:00:31.619640738Z     return trans._connection_for_bind(engine, execution_options)
2026-09-10T18:00:31.619645067Z            ~~~~~~~~~~~~~~~~~~~~~~~~~~^^^^^^^^^^^^^^^^^^^^^^^^^^^
2026-09-10T18:00:31.619649375Z   File "<string>", line 2, in _connection_for_bind
2026-09-10T18:00:31.619653694Z   File "/usr/local/lib/python3.13/site-packages/sqlalchemy/orm/state_changes.py", line 137, in _go
2026-09-10T18:00:31.619658022Z     ret_value = fn(self, *arg, **kw)
2026-09-10T18:00:31.619662581Z   File "/usr/local/lib/python3.13/site-packages/sqlalchemy/orm/session.py", line 1191, in _connection_for_bind
2026-09-10T18:00:31.619666890Z     conn = bind.connect()
2026-09-10T18:00:31.619671800Z   File "/usr/local/lib/python3.13/site-packages/opentelemetry/instrumentation/sqlalchemy/engine.py", line 200, in _wrap_connect_internal
2026-09-10T18:00:31.619676238Z     return func(*args, **kwargs)
2026-09-10T18:00:31.619680727Z   File "/usr/local/lib/python3.13/site-packages/sqlalchemy/engine/base.py", line 3295, in connect
2026-09-10T18:00:31.619698793Z     return self._connection_cls(self)
2026-09-10T18:00:31.619703182Z            ~~~~~~~~~~~~~~~~~~~~^^^^^^
2026-09-10T18:00:31.619707511Z   File "/usr/local/lib/python3.13/site-packages/sqlalchemy/engine/base.py", line 144, in __init__
2026-09-10T18:00:31.619711869Z     self._dbapi_connection = engine.raw_connection()
2026-09-10T18:00:31.619716178Z                              ~~~~~~~~~~~~~~~~~~~~~^^
2026-09-10T18:00:31.619720466Z   File "/usr/local/lib/python3.13/site-packages/sqlalchemy/engine/base.py", line 3319, in raw_connection
2026-09-10T18:00:31.619724825Z     return self.pool.connect()
2026-09-10T18:00:31.619729153Z            ~~~~~~~~~~~~~~~~~^^
2026-09-10T18:00:31.619733532Z   File "/usr/local/lib/python3.13/site-packages/sqlalchemy/pool/base.py", line 448, in connect
2026-09-10T18:00:31.619737861Z     return _ConnectionFairy._checkout(self)
2026-09-10T18:00:31.619742179Z            ~~~~~~~~~~~~~~~~~~~~~~~~~~^^^^^^
2026-09-10T18:00:31.619746458Z   File "/usr/local/lib/python3.13/site-packages/sqlalchemy/pool/base.py", line 1272, in _checkout
2026-09-10T18:00:31.619750796Z     fairy = _ConnectionRecord.checkout(pool)
2026-09-10T18:00:31.619755095Z   File "/usr/local/lib/python3.13/site-packages/sqlalchemy/pool/base.py", line 712, in checkout
2026-09-10T18:00:31.619759474Z     rec = pool._do_get()
2026-09-10T18:00:31.619763902Z   File "/usr/local/lib/python3.13/site-packages/sqlalchemy/pool/impl.py", line 167, in _do_get
2026-09-10T18:00:31.619768221Z     raise exc.TimeoutError(
2026-09-10T18:00:31.619772550Z     ...<4 lines>...
2026-09-10T18:00:31.619776928Z     )
2026-09-10T18:00:31.619782069Z sqlalchemy.exc.TimeoutError: QueuePool limit of size 5 overflow 10 reached, connection timed out, timeout 30.00 (Background on this error at: https://sqlalche.me/e/20/3o7r)
2026-09-10T18:00:31.624071163Z ERROR:    Exception in ASGI application
2026-09-10T18:00:31.624107144Z Traceback (most recent call last):
2026-09-10T18:00:31.624113246Z   File "/usr/local/lib/python3.13/site-packages/uvicorn/protocols/http/httptools_impl.py", line 421, in run_asgi
2026-09-10T18:00:31.624118376Z     result = await app(  # type: ignore[func-returns-value]
2026-09-10T18:00:31.624122675Z              ^^^^^^^^^^^^^^^^^^^^^^^^^^^^^^^^^^^^^^^^^^^^^^
2026-09-10T18:00:31.624126933Z         self.scope, self.receive, self.send
2026-09-10T18:00:31.624131673Z         ^^^^^^^^^^^^^^^^^^^^^^^^^^^^^^^^^^^
2026-09-10T18:00:31.624136031Z     )
2026-09-10T18:00:31.624140430Z     ^
2026-09-10T18:00:31.624144869Z   File "/usr/local/lib/python3.13/site-packages/uvicorn/middleware/proxy_headers.py", line 63, in __call__
2026-09-10T18:00:31.624149238Z     return await self.app(scope, receive, send)
2026-09-10T18:00:31.624153556Z            ^^^^^^^^^^^^^^^^^^^^^^^^^^^^^^^^^^^^
2026-09-10T18:00:31.624158045Z   File "/usr/local/lib/python3.13/site-packages/fastapi/applications.py", line 1159, in __call__
2026-09-10T18:00:31.624162334Z     await super().__call__(scope, receive, send)
2026-09-10T18:00:31.624166672Z   File "/usr/local/lib/python3.13/site-packages/starlette/applications.py", line 107, in __call__
2026-09-10T18:00:31.624170991Z     await self.middleware_stack(scope, receive, send)
2026-09-10T18:00:31.624175309Z   File "/usr/local/lib/python3.13/site-packages/starlette/middleware/errors.py", line 186, in __call__
2026-09-10T18:00:31.624179848Z     raise exc
2026-09-10T18:00:31.624184167Z   File "/usr/local/lib/python3.13/site-packages/starlette/middleware/errors.py", line 164, in __call__
2026-09-10T18:00:31.624188546Z     await self.app(scope, receive, _send)
2026-09-10T18:00:31.624216050Z   File "/usr/local/lib/python3.13/site-packages/opentelemetry/instrumentation/asgi/__init__.py", line 806, in __call__
2026-09-10T18:00:31.624220649Z     await self.app(scope, otel_receive, otel_send)
2026-09-10T18:00:31.624228605Z   File "/usr/local/lib/python3.13/site-packages/starlette/middleware/errors.py", line 186, in __call__
2026-09-10T18:00:31.624232964Z     raise exc
2026-09-10T18:00:31.624237312Z   File "/usr/local/lib/python3.13/site-packages/starlette/middleware/errors.py", line 164, in __call__
2026-09-10T18:00:31.624241741Z     await self.app(scope, receive, _send)
2026-09-10T18:00:31.624246040Z   File "/usr/local/lib/python3.13/site-packages/opentelemetry/instrumentation/fastapi/__init__.py", line 305, in __call__
2026-09-10T18:00:31.624250378Z     await self.app(scope, receive, send)
2026-09-10T18:00:31.624254697Z   File "/usr/local/lib/python3.13/site-packages/prometheus_fastapi_instrumentator/middleware.py", line 177, in __call__
2026-09-10T18:00:31.624259005Z     raise exc
2026-09-10T18:00:31.624263284Z   File "/usr/local/lib/python3.13/site-packages/prometheus_fastapi_instrumentator/middleware.py", line 175, in __call__
2026-09-10T18:00:31.624267562Z     await self.app(scope, receive, send_wrapper)
2026-09-10T18:00:31.624271861Z   File "/usr/local/lib/python3.13/site-packages/starlette/middleware/exceptions.py", line 63, in __call__
2026-09-10T18:00:31.624276881Z     await wrap_app_handling_exceptions(self.app, conn)(scope, receive, send)
2026-09-10T18:00:31.624281199Z   File "/usr/local/lib/python3.13/site-packages/starlette/_exception_handler.py", line 53, in wrapped_app
2026-09-10T18:00:31.624285488Z     raise exc
2026-09-10T18:00:31.624289766Z   File "/usr/local/lib/python3.13/site-packages/starlette/_exception_handler.py", line 42, in wrapped_app
2026-09-10T18:00:31.624294065Z     await app(scope, receive, sender)
2026-09-10T18:00:31.624298734Z   File "/usr/local/lib/python3.13/site-packages/fastapi/middleware/asyncexitstack.py", line 18, in __call__
2026-09-10T18:00:31.624303103Z     await self.app(scope, receive, send)
2026-09-10T18:00:31.624307422Z   File "/usr/local/lib/python3.13/site-packages/starlette/routing.py", line 716, in __call__
2026-09-10T18:00:31.624311750Z     await self.middleware_stack(scope, receive, send)
2026-09-10T18:00:31.624316079Z   File "/usr/local/lib/python3.13/site-packages/starlette/routing.py", line 736, in app
2026-09-10T18:00:31.624320377Z     await route.handle(scope, receive, send)
2026-09-10T18:00:31.624324696Z   File "/usr/local/lib/python3.13/site-packages/starlette/routing.py", line 290, in handle
2026-09-10T18:00:31.624328994Z     await self.app(scope, receive, send)
2026-09-10T18:00:31.624333293Z   File "/usr/local/lib/python3.13/site-packages/fastapi/routing.py", line 134, in app
2026-09-10T18:00:31.624337541Z     await wrap_app_handling_exceptions(app, request)(scope, receive, send)
2026-09-10T18:00:31.624342040Z   File "/usr/local/lib/python3.13/site-packages/starlette/_exception_handler.py", line 53, in wrapped_app
2026-09-10T18:00:31.624346619Z     raise exc
2026-09-10T18:00:31.624350898Z   File "/usr/local/lib/python3.13/site-packages/starlette/_exception_handler.py", line 42, in wrapped_app
2026-09-10T18:00:31.624355176Z     await app(scope, receive, sender)
2026-09-10T18:00:31.624359445Z   File "/usr/local/lib/python3.13/site-packages/fastapi/routing.py", line 120, in app
2026-09-10T18:00:31.624364335Z     response = await f(request)
2026-09-10T18:00:31.624368653Z                ^^^^^^^^^^^^^^^^
2026-09-10T18:00:31.624372942Z   File "/usr/local/lib/python3.13/site-packages/fastapi/routing.py", line 674, in app
2026-09-10T18:00:31.624377210Z     raw_response = await run_endpoint_function(
2026-09-10T18:00:31.624381599Z                    ^^^^^^^^^^^^^^^^^^^^^^^^^^^^
2026-09-10T18:00:31.624396959Z     ...<3 lines>...
2026-09-10T18:00:31.624401348Z     )
2026-09-10T18:00:31.624405677Z     ^
2026-09-10T18:00:31.624409995Z   File "/usr/local/lib/python3.13/site-packages/fastapi/routing.py", line 330, in run_endpoint_function
2026-09-10T18:00:31.624414304Z     return await run_in_threadpool(dependant.call, **values)
2026-09-10T18:00:31.624418612Z            ^^^^^^^^^^^^^^^^^^^^^^^^^^^^^^^^^^^^^^^^^^^^^^^^^
2026-09-10T18:00:31.624571065Z   File "/usr/local/lib/python3.13/site-packages/starlette/concurrency.py", line 32, in run_in_threadpool
2026-09-10T18:00:31.624589371Z     return await anyio.to_thread.run_sync(func)
2026-09-10T18:00:31.624594101Z            ^^^^^^^^^^^^^^^^^^^^^^^^^^^^^^^^^^^^
2026-09-10T18:00:31.624598429Z   File "/usr/local/lib/python3.13/site-packages/anyio/to_thread.py", line 63, in run_sync
2026-09-10T18:00:31.624602768Z     return await get_async_backend().run_sync_in_worker_thread(
2026-09-10T18:00:31.624607307Z            ^^^^^^^^^^^^^^^^^^^^^^^^^^^^^^^^^^^^^^^^^^^^^^^^^^^^
2026-09-10T18:00:31.624611716Z         func, args, abandon_on_cancel=abandon_on_cancel, limiter=limiter
2026-09-10T18:00:31.624616004Z         ^^^^^^^^^^^^^^^^^^^^^^^^^^^^^^^^^^^^^^^^^^^^^^^^^^^^^^^^^^^^^^^^
2026-09-10T18:00:31.624620433Z     )
2026-09-10T18:00:31.624624801Z     ^
2026-09-10T18:00:31.624629110Z   File "/usr/local/lib/python3.13/site-packages/anyio/_backends/_asyncio.py", line 2518, in run_sync_in_worker_thread
2026-09-10T18:00:31.624633459Z     return await future
2026-09-10T18:00:31.624637767Z            ^^^^^^^^^^^^
2026-09-10T18:00:31.624642046Z   File "/usr/local/lib/python3.13/site-packages/anyio/_backends/_asyncio.py", line 1002, in run
2026-09-10T18:00:31.624646334Z     result = context.run(func, *args)
2026-09-10T18:00:31.624650613Z   File "/app/app/routers/orders.py", line 36, in checkout
2026-09-10T18:00:31.624654941Z     return create_order(
2026-09-10T18:00:31.624659310Z         db=db,
2026-09-10T18:00:31.624663679Z     ...<2 lines>...
2026-09-10T18:00:31.624668007Z         correlation_id=correlation_id,
2026-09-10T18:00:31.624672326Z     )
2026-09-10T18:00:31.624676704Z   File "/app/app/services/order_service.py", line 42, in create_order
2026-09-10T18:00:31.624681033Z     result = db.execute(
2026-09-10T18:00:31.624685312Z         select(ProductModel).where(ProductModel.id == product_id)
2026-09-10T18:00:31.624689670Z     )
2026-09-10T18:00:31.624693969Z   File "/usr/local/lib/python3.13/site-packages/sqlalchemy/orm/session.py", line 2372, in execute
2026-09-10T18:00:31.624698267Z     return self._execute_internal(
2026-09-10T18:00:31.624715902Z            ~~~~~~~~~~~~~~~~~~~~~~^
2026-09-10T18:00:31.624720431Z         statement,
2026-09-10T18:00:31.624724800Z         ^^^^^^^^^^
2026-09-10T18:00:31.624729169Z     ...<4 lines>...
2026-09-10T18:00:31.624733477Z         _add_event=_add_event,
2026-09-10T18:00:31.624737806Z         ^^^^^^^^^^^^^^^^^^^^^^
2026-09-10T18:00:31.624742174Z     )
2026-09-10T18:00:31.624746493Z     ^
2026-09-10T18:00:31.624750782Z   File "/usr/local/lib/python3.13/site-packages/sqlalchemy/orm/session.py", line 2260, in _execute_internal
2026-09-10T18:00:31.624755110Z     conn = self._connection_for_bind(bind)
2026-09-10T18:00:31.624759469Z   File "/usr/local/lib/python3.13/site-packages/sqlalchemy/orm/session.py", line 2112, in _connection_for_bind
2026-09-10T18:00:31.624763787Z     return trans._connection_for_bind(engine, execution_options)
2026-09-10T18:00:31.624768096Z            ~~~~~~~~~~~~~~~~~~~~~~~~~~^^^^^^^^^^^^^^^^^^^^^^^^^^^
2026-09-10T18:00:31.624772475Z   File "<string>", line 2, in _connection_for_bind
2026-09-10T18:00:31.624792925Z   File "/usr/local/lib/python3.13/site-packages/sqlalchemy/orm/state_changes.py", line 137, in _go
2026-09-10T18:00:31.624797494Z     ret_value = fn(self, *arg, **kw)
2026-09-10T18:00:31.624801763Z   File "/usr/local/lib/python3.13/site-packages/sqlalchemy/orm/session.py", line 1191, in _connection_for_bind
2026-09-10T18:00:31.624806021Z     conn = bind.connect()
2026-09-10T18:00:31.624810891Z   File "/usr/local/lib/python3.13/site-packages/opentelemetry/instrumentation/sqlalchemy/engine.py", line 200, in _wrap_connect_internal
2026-09-10T18:00:31.624815280Z     return func(*args, **kwargs)
2026-09-10T18:00:31.624819578Z   File "/usr/local/lib/python3.13/site-packages/sqlalchemy/engine/base.py", line 3295, in connect
2026-09-10T18:00:31.624823917Z     return self._connection_cls(self)
2026-09-10T18:00:31.624828255Z            ~~~~~~~~~~~~~~~~~~~~^^^^^^
2026-09-10T18:00:31.624832544Z   File "/usr/local/lib/python3.13/site-packages/sqlalchemy/engine/base.py", line 144, in __init__
2026-09-10T18:00:31.624836862Z     self._dbapi_connection = engine.raw_connection()
2026-09-10T18:00:31.624841231Z                              ~~~~~~~~~~~~~~~~~~~~~^^
2026-09-10T18:00:31.624846011Z   File "/usr/local/lib/python3.13/site-packages/sqlalchemy/engine/base.py", line 3319, in raw_connection
2026-09-10T18:00:31.624850580Z     return self.pool.connect()
2026-09-10T18:00:31.624854938Z            ~~~~~~~~~~~~~~~~~^^
2026-09-10T18:00:31.624859778Z   File "/usr/local/lib/python3.13/site-packages/sqlalchemy/pool/base.py", line 448, in connect
2026-09-10T18:00:31.624864387Z     return _ConnectionFairy._checkout(self)
2026-09-10T18:00:31.624868676Z            ~~~~~~~~~~~~~~~~~~~~~~~~~~^^^^^^
2026-09-10T18:00:31.624872934Z   File "/usr/local/lib/python3.13/site-packages/sqlalchemy/pool/base.py", line 1272, in _checkout
2026-09-10T18:00:31.624877293Z     fairy = _ConnectionRecord.checkout(pool)
2026-09-10T18:00:31.624881581Z   File "/usr/local/lib/python3.13/site-packages/sqlalchemy/pool/base.py", line 712, in checkout
2026-09-10T18:00:31.624885830Z     rec = pool._do_get()
2026-09-10T18:00:31.624890108Z   File "/usr/local/lib/python3.13/site-packages/sqlalchemy/pool/impl.py", line 167, in _do_get
2026-09-10T18:00:31.624894457Z     raise exc.TimeoutError(
2026-09-10T18:00:31.624898765Z     ...<4 lines>...
2026-09-10T18:00:31.624903084Z     )
2026-09-10T18:00:31.624908014Z sqlalchemy.exc.TimeoutError: QueuePool limit of size 5 overflow 10 reached, connection timed out, timeout 30.00 (Background on this error at: https://sqlalche.me/e/20/3o7r)
2026-09-10T18:00:31.692406703Z ERROR:    Exception in ASGI application
2026-09-10T18:00:31.692506692Z Traceback (most recent call last):
2026-09-10T18:00:31.692517313Z   File "/usr/local/lib/python3.13/site-packages/uvicorn/protocols/http/httptools_impl.py", line 421, in run_asgi
2026-09-10T18:00:31.692522784Z     result = await app(  # type: ignore[func-returns-value]
2026-09-10T18:00:31.692527162Z              ^^^^^^^^^^^^^^^^^^^^^^^^^^^^^^^^^^^^^^^^^^^^^^
2026-09-10T18:00:31.692531491Z         self.scope, self.receive, self.send
2026-09-10T18:00:31.692535759Z         ^^^^^^^^^^^^^^^^^^^^^^^^^^^^^^^^^^^
2026-09-10T18:00:31.692540118Z     )
2026-09-10T18:00:31.692544517Z     ^
2026-09-10T18:00:31.692548855Z   File "/usr/local/lib/python3.13/site-packages/uvicorn/middleware/proxy_headers.py", line 63, in __call__
2026-09-10T18:00:31.692553194Z     return await self.app(scope, receive, send)
2026-09-10T18:00:31.692557573Z            ^^^^^^^^^^^^^^^^^^^^^^^^^^^^^^^^^^^^
2026-09-10T18:00:31.692562082Z   File "/usr/local/lib/python3.13/site-packages/fastapi/applications.py", line 1159, in __call__
2026-09-10T18:00:31.692596009Z     await super().__call__(scope, receive, send)
2026-09-10T18:00:31.692600558Z   File "/usr/local/lib/python3.13/site-packages/starlette/applications.py", line 107, in __call__
2026-09-10T18:00:31.692604957Z     await self.middleware_stack(scope, receive, send)
2026-09-10T18:00:31.692609265Z   File "/usr/local/lib/python3.13/site-packages/starlette/middleware/errors.py", line 186, in __call__
2026-09-10T18:00:31.692613654Z     raise exc
2026-09-10T18:00:31.692617983Z   File "/usr/local/lib/python3.13/site-packages/starlette/middleware/errors.py", line 164, in __call__
2026-09-10T18:00:31.692622371Z     await self.app(scope, receive, _send)
2026-09-10T18:00:31.692627421Z   File "/usr/local/lib/python3.13/site-packages/opentelemetry/instrumentation/asgi/__init__.py", line 806, in __call__
2026-09-10T18:00:31.692631770Z     await self.app(scope, otel_receive, otel_send)
2026-09-10T18:00:31.692636129Z   File "/usr/local/lib/python3.13/site-packages/starlette/middleware/errors.py", line 186, in __call__
2026-09-10T18:00:31.692640527Z     raise exc
2026-09-10T18:00:31.692644916Z   File "/usr/local/lib/python3.13/site-packages/starlette/middleware/errors.py", line 164, in __call__
2026-09-10T18:00:31.692652741Z     await self.app(scope, receive, _send)
2026-09-10T18:00:31.692657220Z   File "/usr/local/lib/python3.13/site-packages/opentelemetry/instrumentation/fastapi/__init__.py", line 305, in __call__
2026-09-10T18:00:31.692661649Z     await self.app(scope, receive, send)
2026-09-10T18:00:31.692668342Z   File "/usr/local/lib/python3.13/site-packages/prometheus_fastapi_instrumentator/middleware.py", line 177, in __call__
2026-09-10T18:00:31.692672691Z     raise exc
2026-09-10T18:00:31.692677020Z   File "/usr/local/lib/python3.13/site-packages/prometheus_fastapi_instrumentator/middleware.py", line 175, in __call__
2026-09-10T18:00:31.692681368Z     await self.app(scope, receive, send_wrapper)
2026-09-10T18:00:31.692685687Z   File "/usr/local/lib/python3.13/site-packages/starlette/middleware/exceptions.py", line 63, in __call__
2026-09-10T18:00:31.692690677Z     await wrap_app_handling_exceptions(self.app, conn)(scope, receive, send)
2026-09-10T18:00:31.692694965Z   File "/usr/local/lib/python3.13/site-packages/starlette/_exception_handler.py", line 53, in wrapped_app
2026-09-10T18:00:31.692699294Z     raise exc
2026-09-10T18:00:31.692703612Z   File "/usr/local/lib/python3.13/site-packages/starlette/_exception_handler.py", line 42, in wrapped_app
2026-09-10T18:00:31.692707911Z     await app(scope, receive, sender)
2026-09-10T18:00:31.692712189Z   File "/usr/local/lib/python3.13/site-packages/fastapi/middleware/asyncexitstack.py", line 18, in __call__
2026-09-10T18:00:31.692716508Z     await self.app(scope, receive, send)
2026-09-10T18:00:31.692720837Z   File "/usr/local/lib/python3.13/site-packages/starlette/routing.py", line 716, in __call__
2026-09-10T18:00:31.692725115Z     await self.middleware_stack(scope, receive, send)
2026-09-10T18:00:31.692729394Z   File "/usr/local/lib/python3.13/site-packages/starlette/routing.py", line 736, in app
2026-09-10T18:00:31.692733722Z     await route.handle(scope, receive, send)
2026-09-10T18:00:31.692738101Z   File "/usr/local/lib/python3.13/site-packages/starlette/routing.py", line 290, in handle
2026-09-10T18:00:31.692742419Z     await self.app(scope, receive, send)
2026-09-10T18:00:31.692746698Z   File "/usr/local/lib/python3.13/site-packages/fastapi/routing.py", line 134, in app
2026-09-10T18:00:31.692750997Z     await wrap_app_handling_exceptions(app, request)(scope, receive, send)
2026-09-10T18:00:31.692755445Z   File "/usr/local/lib/python3.13/site-packages/starlette/_exception_handler.py", line 53, in wrapped_app
2026-09-10T18:00:31.692770385Z     raise exc
2026-09-10T18:00:31.692774884Z   File "/usr/local/lib/python3.13/site-packages/starlette/_exception_handler.py", line 42, in wrapped_app
2026-09-10T18:00:31.692779393Z     await app(scope, receive, sender)
2026-09-10T18:00:31.692783731Z   File "/usr/local/lib/python3.13/site-packages/fastapi/routing.py", line 120, in app
2026-09-10T18:00:31.692788721Z     response = await f(request)
2026-09-10T18:00:31.692793080Z                ^^^^^^^^^^^^^^^^
2026-09-10T18:00:31.692797649Z   File "/usr/local/lib/python3.13/site-packages/fastapi/routing.py", line 674, in app
2026-09-10T18:00:31.692801968Z     raw_response = await run_endpoint_function(
2026-09-10T18:00:31.692806226Z                    ^^^^^^^^^^^^^^^^^^^^^^^^^^^^
2026-09-10T18:00:31.692811286Z     ...<3 lines>...
2026-09-10T18:00:31.692815645Z     )
2026-09-10T18:00:31.692819963Z     ^
2026-09-10T18:00:31.692824222Z   File "/usr/local/lib/python3.13/site-packages/fastapi/routing.py", line 330, in run_endpoint_function
2026-09-10T18:00:31.692828500Z     return await run_in_threadpool(dependant.call, **values)
2026-09-10T18:00:31.692832809Z            ^^^^^^^^^^^^^^^^^^^^^^^^^^^^^^^^^^^^^^^^^^^^^^^^^
2026-09-10T18:00:31.692904090Z   File "/usr/local/lib/python3.13/site-packages/starlette/concurrency.py", line 32, in run_in_threadpool
2026-09-10T18:00:31.692914912Z     return await anyio.to_thread.run_sync(func)
2026-09-10T18:00:31.692919571Z            ^^^^^^^^^^^^^^^^^^^^^^^^^^^^^^^^^^^^
2026-09-10T18:00:31.692923890Z   File "/usr/local/lib/python3.13/site-packages/anyio/to_thread.py", line 63, in run_sync
2026-09-10T18:00:31.692928228Z     return await get_async_backend().run_sync_in_worker_thread(
2026-09-10T18:00:31.692932527Z            ^^^^^^^^^^^^^^^^^^^^^^^^^^^^^^^^^^^^^^^^^^^^^^^^^^^^
2026-09-10T18:00:31.692936845Z         func, args, abandon_on_cancel=abandon_on_cancel, limiter=limiter
2026-09-10T18:00:31.692941184Z         ^^^^^^^^^^^^^^^^^^^^^^^^^^^^^^^^^^^^^^^^^^^^^^^^^^^^^^^^^^^^^^^^
2026-09-10T18:00:31.692945442Z     )
2026-09-10T18:00:31.692949721Z     ^
2026-09-10T18:00:31.692954110Z   File "/usr/local/lib/python3.13/site-packages/anyio/_backends/_asyncio.py", line 2518, in run_sync_in_worker_thread
2026-09-10T18:00:31.692958418Z     return await future
2026-09-10T18:00:31.692962707Z            ^^^^^^^^^^^^
2026-09-10T18:00:31.692966975Z   File "/usr/local/lib/python3.13/site-packages/anyio/_backends/_asyncio.py", line 1002, in run
2026-09-10T18:00:31.692971264Z     result = context.run(func, *args)
2026-09-10T18:00:31.692975552Z   File "/app/app/routers/orders.py", line 36, in checkout
2026-09-10T18:00:31.692979891Z     return create_order(
2026-09-10T18:00:31.692984460Z         db=db,
2026-09-10T18:00:31.692992305Z     ...<2 lines>...
2026-09-10T18:00:31.692996865Z         correlation_id=correlation_id,
2026-09-10T18:00:31.693001664Z     )
2026-09-10T18:00:31.693006514Z   File "/app/app/services/order_service.py", line 42, in create_order
2026-09-10T18:00:31.693010902Z     result = db.execute(
2026-09-10T18:00:31.693015201Z         select(ProductModel).where(ProductModel.id == product_id)
2026-09-10T18:00:31.693019570Z     )
2026-09-10T18:00:31.693023898Z   File "/usr/local/lib/python3.13/site-packages/sqlalchemy/orm/session.py", line 2372, in execute
2026-09-10T18:00:31.693028257Z     return self._execute_internal(
2026-09-10T18:00:31.693032676Z            ~~~~~~~~~~~~~~~~~~~~~~^
2026-09-10T18:00:31.693037034Z         statement,
2026-09-10T18:00:31.693041293Z         ^^^^^^^^^^
2026-09-10T18:00:31.693045571Z     ...<4 lines>...
2026-09-10T18:00:31.693049880Z         _add_event=_add_event,
2026-09-10T18:00:31.693054148Z         ^^^^^^^^^^^^^^^^^^^^^^
2026-09-10T18:00:31.693074669Z     )
2026-09-10T18:00:31.693079178Z     ^
2026-09-10T18:00:31.693083537Z   File "/usr/local/lib/python3.13/site-packages/sqlalchemy/orm/session.py", line 2260, in _execute_internal
2026-09-10T18:00:31.693087945Z     conn = self._connection_for_bind(bind)
2026-09-10T18:00:31.693092314Z   File "/usr/local/lib/python3.13/site-packages/sqlalchemy/orm/session.py", line 2112, in _connection_for_bind
2026-09-10T18:00:31.693096723Z     return trans._connection_for_bind(engine, execution_options)
2026-09-10T18:00:31.693101001Z            ~~~~~~~~~~~~~~~~~~~~~~~~~~^^^^^^^^^^^^^^^^^^^^^^^^^^^
2026-09-10T18:00:31.693105320Z   File "<string>", line 2, in _connection_for_bind
2026-09-10T18:00:31.693109638Z   File "/usr/local/lib/python3.13/site-packages/sqlalchemy/orm/state_changes.py", line 137, in _go
2026-09-10T18:00:31.693113927Z     ret_value = fn(self, *arg, **kw)
2026-09-10T18:00:31.693118235Z   File "/usr/local/lib/python3.13/site-packages/sqlalchemy/orm/session.py", line 1191, in _connection_for_bind
2026-09-10T18:00:31.693122504Z     conn = bind.connect()
2026-09-10T18:00:31.693127524Z   File "/usr/local/lib/python3.13/site-packages/opentelemetry/instrumentation/sqlalchemy/engine.py", line 200, in _wrap_connect_internal
2026-09-10T18:00:31.693131802Z     return func(*args, **kwargs)
2026-09-10T18:00:31.693138305Z   File "/usr/local/lib/python3.13/site-packages/sqlalchemy/engine/base.py", line 3295, in connect
2026-09-10T18:00:31.693142684Z     return self._connection_cls(self)
2026-09-10T18:00:31.693147023Z            ~~~~~~~~~~~~~~~~~~~~^^^^^^
2026-09-10T18:00:31.693151562Z   File "/usr/local/lib/python3.13/site-packages/sqlalchemy/engine/base.py", line 144, in __init__
2026-09-10T18:00:31.693155850Z     self._dbapi_connection = engine.raw_connection()
2026-09-10T18:00:31.693162473Z                              ~~~~~~~~~~~~~~~~~~~~~^^
2026-09-10T18:00:31.693166842Z   File "/usr/local/lib/python3.13/site-packages/sqlalchemy/engine/base.py", line 3319, in raw_connection
2026-09-10T18:00:31.693171110Z     return self.pool.connect()
2026-09-10T18:00:31.693175429Z            ~~~~~~~~~~~~~~~~~^^
2026-09-10T18:00:31.693179737Z   File "/usr/local/lib/python3.13/site-packages/sqlalchemy/pool/base.py", line 448, in connect
2026-09-10T18:00:31.693184096Z     return _ConnectionFairy._checkout(self)
2026-09-10T18:00:31.693188415Z            ~~~~~~~~~~~~~~~~~~~~~~~~~~^^^^^^
2026-09-10T18:00:31.693192833Z   File "/usr/local/lib/python3.13/site-packages/sqlalchemy/pool/base.py", line 1272, in _checkout
2026-09-10T18:00:31.693197112Z     fairy = _ConnectionRecord.checkout(pool)
2026-09-10T18:00:31.693201400Z   File "/usr/local/lib/python3.13/site-packages/sqlalchemy/pool/base.py", line 712, in checkout
2026-09-10T18:00:31.693205709Z     rec = pool._do_get()
2026-09-10T18:00:31.693209967Z   File "/usr/local/lib/python3.13/site-packages/sqlalchemy/pool/impl.py", line 167, in _do_get
2026-09-10T18:00:31.693214226Z     raise exc.TimeoutError(
2026-09-10T18:00:31.693218534Z     ...<4 lines>...
2026-09-10T18:00:31.693222913Z     )
2026-09-10T18:00:31.693228083Z sqlalchemy.exc.TimeoutError: QueuePool limit of size 5 overflow 10 reached, connection timed out, timeout 30.00 (Background on this error at: https://sqlalche.me/e/20/3o7r)
2026-09-10T18:00:31.741421076Z INFO:     Shutting down
2026-09-10T18:00:31.842457646Z INFO:     Waiting for connections to close. (CTRL+C to force quit)
2026-09-10T18:00:31.901054218Z ERROR:    Exception in ASGI application
2026-09-10T18:00:31.901103806Z Traceback (most recent call last):
2026-09-10T18:00:31.901109798Z   File "/usr/local/lib/python3.13/site-packages/uvicorn/protocols/http/httptools_impl.py", line 421, in run_asgi
2026-09-10T18:00:31.901137754Z     result = await app(  # type: ignore[func-returns-value]
2026-09-10T18:00:31.901142303Z              ^^^^^^^^^^^^^^^^^^^^^^^^^^^^^^^^^^^^^^^^^^^^^^
2026-09-10T18:00:31.901146601Z         self.scope, self.receive, self.send
2026-09-10T18:00:31.901150830Z         ^^^^^^^^^^^^^^^^^^^^^^^^^^^^^^^^^^^
2026-09-10T18:00:31.901155208Z     )
2026-09-10T18:00:31.901159577Z     ^
2026-09-10T18:00:31.901163946Z   File "/usr/local/lib/python3.13/site-packages/uvicorn/middleware/proxy_headers.py", line 63, in __call__
2026-09-10T18:00:31.901168284Z     return await self.app(scope, receive, send)
2026-09-10T18:00:31.901173034Z            ^^^^^^^^^^^^^^^^^^^^^^^^^^^^^^^^^^^^
2026-09-10T18:00:31.901177833Z   File "/usr/local/lib/python3.13/site-packages/fastapi/applications.py", line 1159, in __call__
2026-09-10T18:00:31.901182172Z     await super().__call__(scope, receive, send)
2026-09-10T18:00:31.901186450Z   File "/usr/local/lib/python3.13/site-packages/starlette/applications.py", line 107, in __call__
2026-09-10T18:00:31.901190789Z     await self.middleware_stack(scope, receive, send)
2026-09-10T18:00:31.901195098Z   File "/usr/local/lib/python3.13/site-packages/starlette/middleware/errors.py", line 186, in __call__
2026-09-10T18:00:31.901199506Z     raise exc
2026-09-10T18:00:31.901203845Z   File "/usr/local/lib/python3.13/site-packages/starlette/middleware/errors.py", line 164, in __call__
2026-09-10T18:00:31.901208163Z     await self.app(scope, receive, _send)
2026-09-10T18:00:31.901212933Z   File "/usr/local/lib/python3.13/site-packages/opentelemetry/instrumentation/asgi/__init__.py", line 806, in __call__
2026-09-10T18:00:31.901217272Z     await self.app(scope, otel_receive, otel_send)
2026-09-10T18:00:31.901221580Z   File "/usr/local/lib/python3.13/site-packages/starlette/middleware/errors.py", line 186, in __call__
2026-09-10T18:00:31.901225929Z     raise exc
2026-09-10T18:00:31.901230227Z   File "/usr/local/lib/python3.13/site-packages/starlette/middleware/errors.py", line 164, in __call__
2026-09-10T18:00:31.901234676Z     await self.app(scope, receive, _send)
2026-09-10T18:00:31.901238985Z   File "/usr/local/lib/python3.13/site-packages/opentelemetry/instrumentation/fastapi/__init__.py", line 305, in __call__
2026-09-10T18:00:31.901243243Z     await self.app(scope, receive, send)
2026-09-10T18:00:31.901247471Z   File "/usr/local/lib/python3.13/site-packages/prometheus_fastapi_instrumentator/middleware.py", line 177, in __call__
2026-09-10T18:00:31.901251740Z     raise exc
2026-09-10T18:00:31.901256028Z   File "/usr/local/lib/python3.13/site-packages/prometheus_fastapi_instrumentator/middleware.py", line 175, in __call__
2026-09-10T18:00:31.901260317Z     await self.app(scope, receive, send_wrapper)
2026-09-10T18:00:31.901264615Z   File "/usr/local/lib/python3.13/site-packages/starlette/middleware/exceptions.py", line 63, in __call__
2026-09-10T18:00:31.901269555Z     await wrap_app_handling_exceptions(self.app, conn)(scope, receive, send)
2026-09-10T18:00:31.901273864Z   File "/usr/local/lib/python3.13/site-packages/starlette/_exception_handler.py", line 53, in wrapped_app
2026-09-10T18:00:31.901278142Z     raise exc
2026-09-10T18:00:31.901282401Z   File "/usr/local/lib/python3.13/site-packages/starlette/_exception_handler.py", line 42, in wrapped_app
2026-09-10T18:00:31.901286749Z     await app(scope, receive, sender)
2026-09-10T18:00:31.901291098Z   File "/usr/local/lib/python3.13/site-packages/fastapi/middleware/asyncexitstack.py", line 18, in __call__
2026-09-10T18:00:31.901295427Z     await self.app(scope, receive, send)
2026-09-10T18:00:31.901299775Z   File "/usr/local/lib/python3.13/site-packages/starlette/routing.py", line 716, in __call__
2026-09-10T18:00:31.901314164Z     await self.middleware_stack(scope, receive, send)
2026-09-10T18:00:31.901318543Z   File "/usr/local/lib/python3.13/site-packages/starlette/routing.py", line 736, in app
2026-09-10T18:00:31.901322841Z     await route.handle(scope, receive, send)
2026-09-10T18:00:31.901327450Z   File "/usr/local/lib/python3.13/site-packages/starlette/routing.py", line 290, in handle
2026-09-10T18:00:31.901331799Z     await self.app(scope, receive, send)
2026-09-10T18:00:31.901336117Z   File "/usr/local/lib/python3.13/site-packages/fastapi/routing.py", line 134, in app
2026-09-10T18:00:31.901340436Z     await wrap_app_handling_exceptions(app, request)(scope, receive, send)
2026-09-10T18:00:31.901344755Z   File "/usr/local/lib/python3.13/site-packages/starlette/_exception_handler.py", line 53, in wrapped_app
2026-09-10T18:00:31.901349133Z     raise exc
2026-09-10T18:00:31.901353422Z   File "/usr/local/lib/python3.13/site-packages/starlette/_exception_handler.py", line 42, in wrapped_app
2026-09-10T18:00:31.901357760Z     await app(scope, receive, sender)
2026-09-10T18:00:31.901362049Z   File "/usr/local/lib/python3.13/site-packages/fastapi/routing.py", line 120, in app
2026-09-10T18:00:31.901366778Z     response = await f(request)
2026-09-10T18:00:31.901371107Z                ^^^^^^^^^^^^^^^^
2026-09-10T18:00:31.901394082Z   File "/usr/local/lib/python3.13/site-packages/fastapi/routing.py", line 674, in app
2026-09-10T18:00:31.901398822Z     raw_response = await run_endpoint_function(
2026-09-10T18:00:31.901403231Z                    ^^^^^^^^^^^^^^^^^^^^^^^^^^^^
2026-09-10T18:00:31.901408170Z     ...<3 lines>...
2026-09-10T18:00:31.901412549Z     )
2026-09-10T18:00:31.901416868Z     ^
2026-09-10T18:00:31.901421136Z   File "/usr/local/lib/python3.13/site-packages/fastapi/routing.py", line 330, in run_endpoint_function
2026-09-10T18:00:31.901425435Z     return await run_in_threadpool(dependant.call, **values)
2026-09-10T18:00:31.901429693Z            ^^^^^^^^^^^^^^^^^^^^^^^^^^^^^^^^^^^^^^^^^^^^^^^^^
2026-09-10T18:00:31.901747283Z   File "/usr/local/lib/python3.13/site-packages/starlette/concurrency.py", line 32, in run_in_threadpool
2026-09-10T18:00:31.901765470Z     return await anyio.to_thread.run_sync(func)
2026-09-10T18:00:31.901771722Z            ^^^^^^^^^^^^^^^^^^^^^^^^^^^^^^^^^^^^
2026-09-10T18:00:31.901778095Z   File "/usr/local/lib/python3.13/site-packages/anyio/to_thread.py", line 63, in run_sync
2026-09-10T18:00:31.901783505Z     return await get_async_backend().run_sync_in_worker_thread(
2026-09-10T18:00:31.901788966Z            ^^^^^^^^^^^^^^^^^^^^^^^^^^^^^^^^^^^^^^^^^^^^^^^^^^^^
2026-09-10T18:00:31.901795078Z         func, args, abandon_on_cancel=abandon_on_cancel, limiter=limiter
2026-09-10T18:00:31.901800559Z         ^^^^^^^^^^^^^^^^^^^^^^^^^^^^^^^^^^^^^^^^^^^^^^^^^^^^^^^^^^^^^^^^
2026-09-10T18:00:31.901805900Z     )
2026-09-10T18:00:31.901810279Z     ^
2026-09-10T18:00:31.901814858Z   File "/usr/local/lib/python3.13/site-packages/anyio/_backends/_asyncio.py", line 2518, in run_sync_in_worker_thread
2026-09-10T18:00:31.901819397Z     return await future
2026-09-10T18:00:31.901823725Z            ^^^^^^^^^^^^
2026-09-10T18:00:31.901828014Z   File "/usr/local/lib/python3.13/site-packages/anyio/_backends/_asyncio.py", line 1002, in run
2026-09-10T18:00:31.901832352Z     result = context.run(func, *args)
2026-09-10T18:00:31.901836641Z   File "/app/app/routers/orders.py", line 36, in checkout
2026-09-10T18:00:31.901840959Z     return create_order(
2026-09-10T18:00:31.901845278Z         db=db,
2026-09-10T18:00:31.901849587Z     ...<2 lines>...
2026-09-10T18:00:31.901853935Z         correlation_id=correlation_id,
2026-09-10T18:00:31.901884376Z     )
2026-09-10T18:00:31.901888955Z   File "/app/app/services/order_service.py", line 42, in create_order
2026-09-10T18:00:31.901893293Z     result = db.execute(
2026-09-10T18:00:31.901897642Z         select(ProductModel).where(ProductModel.id == product_id)
2026-09-10T18:00:31.901901960Z     )
2026-09-10T18:00:31.901906279Z   File "/usr/local/lib/python3.13/site-packages/sqlalchemy/orm/session.py", line 2372, in execute
2026-09-10T18:00:31.901910578Z     return self._execute_internal(
2026-09-10T18:00:31.901914946Z            ~~~~~~~~~~~~~~~~~~~~~~^
2026-09-10T18:00:31.901919225Z         statement,
2026-09-10T18:00:31.901923543Z         ^^^^^^^^^^
2026-09-10T18:00:31.901927842Z     ...<4 lines>...
2026-09-10T18:00:31.901932271Z         _add_event=_add_event,
2026-09-10T18:00:31.901936689Z         ^^^^^^^^^^^^^^^^^^^^^^
2026-09-10T18:00:31.901941098Z     )
2026-09-10T18:00:31.901945427Z     ^
2026-09-10T18:00:31.901949785Z   File "/usr/local/lib/python3.13/site-packages/sqlalchemy/orm/session.py", line 2260, in _execute_internal
2026-09-10T18:00:31.901954114Z     conn = self._connection_for_bind(bind)
2026-09-10T18:00:31.901958433Z   File "/usr/local/lib/python3.13/site-packages/sqlalchemy/orm/session.py", line 2112, in _connection_for_bind
2026-09-10T18:00:31.901962771Z     return trans._connection_for_bind(engine, execution_options)
2026-09-10T18:00:31.901967030Z            ~~~~~~~~~~~~~~~~~~~~~~~~~~^^^^^^^^^^^^^^^^^^^^^^^^^^^
2026-09-10T18:00:31.901971488Z   File "<string>", line 2, in _connection_for_bind
2026-09-10T18:00:31.901975857Z   File "/usr/local/lib/python3.13/site-packages/sqlalchemy/orm/state_changes.py", line 137, in _go
2026-09-10T18:00:31.901980186Z     ret_value = fn(self, *arg, **kw)
2026-09-10T18:00:31.901984504Z   File "/usr/local/lib/python3.13/site-packages/sqlalchemy/orm/session.py", line 1191, in _connection_for_bind
2026-09-10T18:00:31.901988833Z     conn = bind.connect()
2026-09-10T18:00:31.901993723Z   File "/usr/local/lib/python3.13/site-packages/opentelemetry/instrumentation/sqlalchemy/engine.py", line 200, in _wrap_connect_internal
2026-09-10T18:00:31.901998081Z     return func(*args, **kwargs)
2026-09-10T18:00:31.902002400Z   File "/usr/local/lib/python3.13/site-packages/sqlalchemy/engine/base.py", line 3295, in connect
2026-09-10T18:00:31.902006779Z     return self._connection_cls(self)
2026-09-10T18:00:31.902011087Z            ~~~~~~~~~~~~~~~~~~~~^^^^^^
2026-09-10T18:00:31.902015325Z   File "/usr/local/lib/python3.13/site-packages/sqlalchemy/engine/base.py", line 144, in __init__
2026-09-10T18:00:31.902019614Z     self._dbapi_connection = engine.raw_connection()
2026-09-10T18:00:31.902023923Z                              ~~~~~~~~~~~~~~~~~~~~~^^
2026-09-10T18:00:31.902028622Z   File "/usr/local/lib/python3.13/site-packages/sqlalchemy/engine/base.py", line 3319, in raw_connection
2026-09-10T18:00:31.902032930Z     return self.pool.connect()
2026-09-10T18:00:31.902037249Z            ~~~~~~~~~~~~~~~~~^^
2026-09-10T18:00:31.902041658Z   File "/usr/local/lib/python3.13/site-packages/sqlalchemy/pool/base.py", line 448, in connect
2026-09-10T18:00:31.902046036Z     return _ConnectionFairy._checkout(self)
2026-09-10T18:00:31.902050355Z            ~~~~~~~~~~~~~~~~~~~~~~~~~~^^^^^^
2026-09-10T18:00:31.902054644Z   File "/usr/local/lib/python3.13/site-packages/sqlalchemy/pool/base.py", line 1272, in _checkout
2026-09-10T18:00:31.902058942Z     fairy = _ConnectionRecord.checkout(pool)
2026-09-10T18:00:31.902063271Z   File "/usr/local/lib/python3.13/site-packages/sqlalchemy/pool/base.py", line 712, in checkout
2026-09-10T18:00:31.902067559Z     rec = pool._do_get()
2026-09-10T18:00:31.902082138Z   File "/usr/local/lib/python3.13/site-packages/sqlalchemy/pool/impl.py", line 167, in _do_get
2026-09-10T18:00:31.902086617Z     raise exc.TimeoutError(
2026-09-10T18:00:31.902090946Z     ...<4 lines>...
2026-09-10T18:00:31.902095274Z     )
2026-09-10T18:00:31.902100835Z sqlalchemy.exc.TimeoutError: QueuePool limit of size 5 overflow 10 reached, connection timed out, timeout 30.00 (Background on this error at: https://sqlalche.me/e/20/3o7r)
2026-09-10T18:00:31.909093673Z ERROR:    Exception in ASGI application
2026-09-10T18:00:31.909126418Z Traceback (most recent call last):
2026-09-10T18:00:31.909129454Z   File "/usr/local/lib/python3.13/site-packages/uvicorn/protocols/http/httptools_impl.py", line 421, in run_asgi
2026-09-10T18:00:31.909132551Z     result = await app(  # type: ignore[func-returns-value]
2026-09-10T18:00:31.909134494Z              ^^^^^^^^^^^^^^^^^^^^^^^^^^^^^^^^^^^^^^^^^^^^^^
2026-09-10T18:00:31.909136488Z         self.scope, self.receive, self.send
2026-09-10T18:00:31.909138372Z         ^^^^^^^^^^^^^^^^^^^^^^^^^^^^^^^^^^^
2026-09-10T18:00:31.909140286Z     )
2026-09-10T18:00:31.909142220Z     ^
2026-09-10T18:00:31.909144164Z   File "/usr/local/lib/python3.13/site-packages/uvicorn/middleware/proxy_headers.py", line 63, in __call__
2026-09-10T18:00:31.909146118Z     return await self.app(scope, receive, send)
2026-09-10T18:00:31.909152941Z            ^^^^^^^^^^^^^^^^^^^^^^^^^^^^^^^^^^^^
2026-09-10T18:00:31.909155436Z   File "/usr/local/lib/python3.13/site-packages/fastapi/applications.py", line 1159, in __call__
2026-09-10T18:00:31.909157360Z     await super().__call__(scope, receive, send)
2026-09-10T18:00:31.909159614Z   File "/usr/local/lib/python3.13/site-packages/starlette/applications.py", line 107, in __call__
2026-09-10T18:00:31.909161558Z     await self.middleware_stack(scope, receive, send)
2026-09-10T18:00:31.909163472Z   File "/usr/local/lib/python3.13/site-packages/starlette/middleware/errors.py", line 186, in __call__
2026-09-10T18:00:31.909165406Z     raise exc
2026-09-10T18:00:31.909167330Z   File "/usr/local/lib/python3.13/site-packages/starlette/middleware/errors.py", line 164, in __call__
2026-09-10T18:00:31.909169344Z     await self.app(scope, receive, _send)
2026-09-10T18:00:31.909171678Z   File "/usr/local/lib/python3.13/site-packages/opentelemetry/instrumentation/asgi/__init__.py", line 806, in __call__
2026-09-10T18:00:31.909173602Z     await self.app(scope, otel_receive, otel_send)
2026-09-10T18:00:31.909175516Z   File "/usr/local/lib/python3.13/site-packages/starlette/middleware/errors.py", line 186, in __call__
2026-09-10T18:00:31.909177430Z     raise exc
2026-09-10T18:00:31.909179364Z   File "/usr/local/lib/python3.13/site-packages/starlette/middleware/errors.py", line 164, in __call__
2026-09-10T18:00:31.909181287Z     await self.app(scope, receive, _send)
2026-09-10T18:00:31.909183201Z   File "/usr/local/lib/python3.13/site-packages/opentelemetry/instrumentation/fastapi/__init__.py", line 305, in __call__
2026-09-10T18:00:31.909185195Z     await self.app(scope, receive, send)
2026-09-10T18:00:31.909187099Z   File "/usr/local/lib/python3.13/site-packages/prometheus_fastapi_instrumentator/middleware.py", line 177, in __call__
2026-09-10T18:00:31.909189003Z     raise exc
2026-09-10T18:00:31.909190906Z   File "/usr/local/lib/python3.13/site-packages/prometheus_fastapi_instrumentator/middleware.py", line 175, in __call__
2026-09-10T18:00:31.909192810Z     await self.app(scope, receive, send_wrapper)
2026-09-10T18:00:31.909194734Z   File "/usr/local/lib/python3.13/site-packages/starlette/middleware/exceptions.py", line 63, in __call__
2026-09-10T18:00:31.909197369Z     await wrap_app_handling_exceptions(self.app, conn)(scope, receive, send)
2026-09-10T18:00:31.909219433Z   File "/usr/local/lib/python3.13/site-packages/starlette/_exception_handler.py", line 53, in wrapped_app
2026-09-10T18:00:31.909221447Z     raise exc
2026-09-10T18:00:31.909223401Z   File "/usr/local/lib/python3.13/site-packages/starlette/_exception_handler.py", line 42, in wrapped_app
2026-09-10T18:00:31.909225315Z     await app(scope, receive, sender)
2026-09-10T18:00:31.909227239Z   File "/usr/local/lib/python3.13/site-packages/fastapi/middleware/asyncexitstack.py", line 18, in __call__
2026-09-10T18:00:31.909229182Z     await self.app(scope, receive, send)
2026-09-10T18:00:31.909231106Z   File "/usr/local/lib/python3.13/site-packages/starlette/routing.py", line 716, in __call__
2026-09-10T18:00:31.909233040Z     await self.middleware_stack(scope, receive, send)
2026-09-10T18:00:31.909234974Z   File "/usr/local/lib/python3.13/site-packages/starlette/routing.py", line 736, in app
2026-09-10T18:00:31.909236908Z     await route.handle(scope, receive, send)
2026-09-10T18:00:31.909238822Z   File "/usr/local/lib/python3.13/site-packages/starlette/routing.py", line 290, in handle
2026-09-10T18:00:31.909240986Z     await self.app(scope, receive, send)
2026-09-10T18:00:31.909242900Z   File "/usr/local/lib/python3.13/site-packages/fastapi/routing.py", line 134, in app
2026-09-10T18:00:31.909244823Z     await wrap_app_handling_exceptions(app, request)(scope, receive, send)
2026-09-10T18:00:31.909246727Z   File "/usr/local/lib/python3.13/site-packages/starlette/_exception_handler.py", line 53, in wrapped_app
2026-09-10T18:00:31.909248641Z     raise exc
2026-09-10T18:00:31.909250595Z   File "/usr/local/lib/python3.13/site-packages/starlette/_exception_handler.py", line 42, in wrapped_app
2026-09-10T18:00:31.909252519Z     await app(scope, receive, sender)
2026-09-10T18:00:31.909281296Z   File "/usr/local/lib/python3.13/site-packages/fastapi/routing.py", line 120, in app
2026-09-10T18:00:31.909286206Z     response = await f(request)
2026-09-10T18:00:31.909288200Z                ^^^^^^^^^^^^^^^^
2026-09-10T18:00:31.909290153Z   File "/usr/local/lib/python3.13/site-packages/fastapi/routing.py", line 674, in app
2026-09-10T18:00:31.909292127Z     raw_response = await run_endpoint_function(
2026-09-10T18:00:31.909294061Z                    ^^^^^^^^^^^^^^^^^^^^^^^^^^^^
2026-09-10T18:00:31.909296576Z     ...<3 lines>...
2026-09-10T18:00:31.909298610Z     )
2026-09-10T18:00:31.909300564Z     ^
2026-09-10T18:00:31.909302488Z   File "/usr/local/lib/python3.13/site-packages/fastapi/routing.py", line 330, in run_endpoint_function
2026-09-10T18:00:31.909304402Z     return await run_in_threadpool(dependant.call, **values)
2026-09-10T18:00:31.909306376Z            ^^^^^^^^^^^^^^^^^^^^^^^^^^^^^^^^^^^^^^^^^^^^^^^^^
2026-09-10T18:00:31.909344912Z   File "/usr/local/lib/python3.13/site-packages/starlette/concurrency.py", line 32, in run_in_threadpool
2026-09-10T18:00:31.909349591Z     return await anyio.to_thread.run_sync(func)
2026-09-10T18:00:31.909351766Z            ^^^^^^^^^^^^^^^^^^^^^^^^^^^^^^^^^^^^
2026-09-10T18:00:31.909353710Z   File "/usr/local/lib/python3.13/site-packages/anyio/to_thread.py", line 63, in run_sync
2026-09-10T18:00:31.909355633Z     return await get_async_backend().run_sync_in_worker_thread(
2026-09-10T18:00:31.909357567Z            ^^^^^^^^^^^^^^^^^^^^^^^^^^^^^^^^^^^^^^^^^^^^^^^^^^^^
2026-09-10T18:00:31.909359481Z         func, args, abandon_on_cancel=abandon_on_cancel, limiter=limiter
2026-09-10T18:00:31.909361415Z         ^^^^^^^^^^^^^^^^^^^^^^^^^^^^^^^^^^^^^^^^^^^^^^^^^^^^^^^^^^^^^^^^
2026-09-10T18:00:31.909363349Z     )
2026-09-10T18:00:31.909365293Z     ^
2026-09-10T18:00:31.909367277Z   File "/usr/local/lib/python3.13/site-packages/anyio/_backends/_asyncio.py", line 2518, in run_sync_in_worker_thread
2026-09-10T18:00:31.909376996Z     return await future
2026-09-10T18:00:31.909379000Z            ^^^^^^^^^^^^
2026-09-10T18:00:31.909380954Z   File "/usr/local/lib/python3.13/site-packages/anyio/_backends/_asyncio.py", line 1002, in run
2026-09-10T18:00:31.909382857Z     result = context.run(func, *args)
2026-09-10T18:00:31.909384761Z   File "/app/app/routers/orders.py", line 36, in checkout
2026-09-10T18:00:31.909386675Z     return create_order(
2026-09-10T18:00:31.909388589Z         db=db,
2026-09-10T18:00:31.909390533Z     ...<2 lines>...
2026-09-10T18:00:31.909392456Z         correlation_id=correlation_id,
2026-09-10T18:00:31.909394390Z     )
2026-09-10T18:00:31.909396364Z   File "/app/app/services/order_service.py", line 42, in create_order
2026-09-10T18:00:31.909398298Z     result = db.execute(
2026-09-10T18:00:31.909400212Z         select(ProductModel).where(ProductModel.id == product_id)
2026-09-10T18:00:31.909402106Z     )
2026-09-10T18:00:31.909403999Z   File "/usr/local/lib/python3.13/site-packages/sqlalchemy/orm/session.py", line 2372, in execute
2026-09-10T18:00:31.909405903Z     return self._execute_internal(
2026-09-10T18:00:31.909407817Z            ~~~~~~~~~~~~~~~~~~~~~~^
2026-09-10T18:00:31.909409721Z         statement,
2026-09-10T18:00:31.909411635Z         ^^^^^^^^^^
2026-09-10T18:00:31.909413538Z     ...<4 lines>...
2026-09-10T18:00:31.909415452Z         _add_event=_add_event,
2026-09-10T18:00:31.909417336Z         ^^^^^^^^^^^^^^^^^^^^^^
2026-09-10T18:00:31.909419250Z     )
2026-09-10T18:00:31.909421194Z     ^
2026-09-10T18:00:31.909423077Z   File "/usr/local/lib/python3.13/site-packages/sqlalchemy/orm/session.py", line 2260, in _execute_internal
2026-09-10T18:00:31.909424991Z     conn = self._connection_for_bind(bind)
2026-09-10T18:00:31.909426885Z   File "/usr/local/lib/python3.13/site-packages/sqlalchemy/orm/session.py", line 2112, in _connection_for_bind
2026-09-10T18:00:31.909428799Z     return trans._connection_for_bind(engine, execution_options)
2026-09-10T18:00:31.909430702Z            ~~~~~~~~~~~~~~~~~~~~~~~~~~^^^^^^^^^^^^^^^^^^^^^^^^^^^
2026-09-10T18:00:31.909432616Z   File "<string>", line 2, in _connection_for_bind
2026-09-10T18:00:31.909434560Z   File "/usr/local/lib/python3.13/site-packages/sqlalchemy/orm/state_changes.py", line 137, in _go
2026-09-10T18:00:31.909436514Z     ret_value = fn(self, *arg, **kw)
2026-09-10T18:00:31.909438438Z   File "/usr/local/lib/python3.13/site-packages/sqlalchemy/orm/session.py", line 1191, in _connection_for_bind
2026-09-10T18:00:31.909440392Z     conn = bind.connect()
2026-09-10T18:00:31.909443428Z   File "/usr/local/lib/python3.13/site-packages/opentelemetry/instrumentation/sqlalchemy/engine.py", line 200, in _wrap_connect_internal
2026-09-10T18:00:31.909445382Z     return func(*args, **kwargs)
2026-09-10T18:00:31.909447456Z   File "/usr/local/lib/python3.13/site-packages/sqlalchemy/engine/base.py", line 3295, in connect
2026-09-10T18:00:31.909449379Z     return self._connection_cls(self)
2026-09-10T18:00:31.909451283Z            ~~~~~~~~~~~~~~~~~~~~^^^^^^
2026-09-10T18:00:31.909453197Z   File "/usr/local/lib/python3.13/site-packages/sqlalchemy/engine/base.py", line 144, in __init__
2026-09-10T18:00:31.909455101Z     self._dbapi_connection = engine.raw_connection()
2026-09-10T18:00:31.909457005Z                              ~~~~~~~~~~~~~~~~~~~~~^^
2026-09-10T18:00:31.909458898Z   File "/usr/local/lib/python3.13/site-packages/sqlalchemy/engine/base.py", line 3319, in raw_connection
2026-09-10T18:00:31.909460832Z     return self.pool.connect()
2026-09-10T18:00:31.909462826Z            ~~~~~~~~~~~~~~~~~^^
2026-09-10T18:00:31.909469850Z   File "/usr/local/lib/python3.13/site-packages/sqlalchemy/pool/base.py", line 448, in connect
2026-09-10T18:00:31.909471804Z     return _ConnectionFairy._checkout(self)
2026-09-10T18:00:31.909473718Z            ~~~~~~~~~~~~~~~~~~~~~~~~~~^^^^^^
2026-09-10T18:00:31.909475612Z   File "/usr/local/lib/python3.13/site-packages/sqlalchemy/pool/base.py", line 1272, in _checkout
2026-09-10T18:00:31.909477525Z     fairy = _ConnectionRecord.checkout(pool)
2026-09-10T18:00:31.909482245Z   File "/usr/local/lib/python3.13/site-packages/sqlalchemy/pool/base.py", line 712, in checkout
2026-09-10T18:00:31.909484229Z     rec = pool._do_get()
2026-09-10T18:00:31.909486172Z   File "/usr/local/lib/python3.13/site-packages/sqlalchemy/pool/impl.py", line 167, in _do_get
2026-09-10T18:00:31.909488066Z     raise exc.TimeoutError(
2026-09-10T18:00:31.909489970Z     ...<4 lines>...
2026-09-10T18:00:31.909491944Z     )
2026-09-10T18:00:31.909494349Z sqlalchemy.exc.TimeoutError: QueuePool limit of size 5 overflow 10 reached, connection timed out, timeout 30.00 (Background on this error at: https://sqlalche.me/e/20/3o7r)
2026-09-10T18:00:31.914100941Z ERROR:    Exception in ASGI application
2026-09-10T18:00:31.914140861Z Traceback (most recent call last):
2026-09-10T18:00:31.914146251Z   File "/usr/local/lib/python3.13/site-packages/uvicorn/protocols/http/httptools_impl.py", line 421, in run_asgi
2026-09-10T18:00:31.914151562Z     result = await app(  # type: ignore[func-returns-value]
2026-09-10T18:00:31.914155550Z              ^^^^^^^^^^^^^^^^^^^^^^^^^^^^^^^^^^^^^^^^^^^^^^
2026-09-10T18:00:31.914160119Z         self.scope, self.receive, self.send
2026-09-10T18:00:31.914164157Z         ^^^^^^^^^^^^^^^^^^^^^^^^^^^^^^^^^^^
2026-09-10T18:00:31.914168125Z     )
2026-09-10T18:00:31.914172183Z     ^
2026-09-10T18:00:31.914180880Z   File "/usr/local/lib/python3.13/site-packages/uvicorn/middleware/proxy_headers.py", line 63, in __call__
2026-09-10T18:00:31.914185038Z     return await self.app(scope, receive, send)
2026-09-10T18:00:31.914189056Z            ^^^^^^^^^^^^^^^^^^^^^^^^^^^^^^^^^^^^
2026-09-10T18:00:31.914193715Z   File "/usr/local/lib/python3.13/site-packages/fastapi/applications.py", line 1159, in __call__
2026-09-10T18:00:31.914197884Z     await super().__call__(scope, receive, send)
2026-09-10T18:00:31.914201872Z   File "/usr/local/lib/python3.13/site-packages/starlette/applications.py", line 107, in __call__
2026-09-10T18:00:31.914205860Z     await self.middleware_stack(scope, receive, send)
2026-09-10T18:00:31.914209868Z   File "/usr/local/lib/python3.13/site-packages/starlette/middleware/errors.py", line 186, in __call__
2026-09-10T18:00:31.914213936Z     raise exc
2026-09-10T18:00:31.914217994Z   File "/usr/local/lib/python3.13/site-packages/starlette/middleware/errors.py", line 164, in __call__
2026-09-10T18:00:31.914222092Z     await self.app(scope, receive, _send)
2026-09-10T18:00:31.914226791Z   File "/usr/local/lib/python3.13/site-packages/opentelemetry/instrumentation/asgi/__init__.py", line 806, in __call__
2026-09-10T18:00:31.914230869Z     await self.app(scope, otel_receive, otel_send)
2026-09-10T18:00:31.914234857Z   File "/usr/local/lib/python3.13/site-packages/starlette/middleware/errors.py", line 186, in __call__
2026-09-10T18:00:31.914238835Z     raise exc
2026-09-10T18:00:31.914242753Z   File "/usr/local/lib/python3.13/site-packages/starlette/middleware/errors.py", line 164, in __call__
2026-09-10T18:00:31.914246741Z     await self.app(scope, receive, _send)
2026-09-10T18:00:31.914250709Z   File "/usr/local/lib/python3.13/site-packages/opentelemetry/instrumentation/fastapi/__init__.py", line 305, in __call__
2026-09-10T18:00:31.914276410Z     await self.app(scope, receive, send)
2026-09-10T18:00:31.914280768Z   File "/usr/local/lib/python3.13/site-packages/prometheus_fastapi_instrumentator/middleware.py", line 177, in __call__
2026-09-10T18:00:31.914284816Z     raise exc
2026-09-10T18:00:31.914289165Z   File "/usr/local/lib/python3.13/site-packages/prometheus_fastapi_instrumentator/middleware.py", line 175, in __call__
2026-09-10T18:00:31.914293223Z     await self.app(scope, receive, send_wrapper)
2026-09-10T18:00:31.914297221Z   File "/usr/local/lib/python3.13/site-packages/starlette/middleware/exceptions.py", line 63, in __call__
2026-09-10T18:00:31.914301930Z     await wrap_app_handling_exceptions(self.app, conn)(scope, receive, send)
2026-09-10T18:00:31.914305918Z   File "/usr/local/lib/python3.13/site-packages/starlette/_exception_handler.py", line 53, in wrapped_app
2026-09-10T18:00:31.914309886Z     raise exc
2026-09-10T18:00:31.914313794Z   File "/usr/local/lib/python3.13/site-packages/starlette/_exception_handler.py", line 42, in wrapped_app
2026-09-10T18:00:31.914317742Z     await app(scope, receive, sender)
2026-09-10T18:00:31.914321689Z   File "/usr/local/lib/python3.13/site-packages/fastapi/middleware/asyncexitstack.py", line 18, in __call__
2026-09-10T18:00:31.914325627Z     await self.app(scope, receive, send)
2026-09-10T18:00:31.914329575Z   File "/usr/local/lib/python3.13/site-packages/starlette/routing.py", line 716, in __call__
2026-09-10T18:00:31.914333513Z     await self.middleware_stack(scope, receive, send)
2026-09-10T18:00:31.914337461Z   File "/usr/local/lib/python3.13/site-packages/starlette/routing.py", line 736, in app
2026-09-10T18:00:31.914341419Z     await route.handle(scope, receive, send)
2026-09-10T18:00:31.914345918Z   File "/usr/local/lib/python3.13/site-packages/starlette/routing.py", line 290, in handle
2026-09-10T18:00:31.914349875Z     await self.app(scope, receive, send)
2026-09-10T18:00:31.914353823Z   File "/usr/local/lib/python3.13/site-packages/fastapi/routing.py", line 134, in app
2026-09-10T18:00:31.914357741Z     await wrap_app_handling_exceptions(app, request)(scope, receive, send)
2026-09-10T18:00:31.914361669Z   File "/usr/local/lib/python3.13/site-packages/starlette/_exception_handler.py", line 53, in wrapped_app
2026-09-10T18:00:31.914365647Z     raise exc
2026-09-10T18:00:31.914369605Z   File "/usr/local/lib/python3.13/site-packages/starlette/_exception_handler.py", line 42, in wrapped_app
2026-09-10T18:00:31.914373572Z     await app(scope, receive, sender)
2026-09-10T18:00:31.914377550Z   File "/usr/local/lib/python3.13/site-packages/fastapi/routing.py", line 120, in app
2026-09-10T18:00:31.914382360Z     response = await f(request)
2026-09-10T18:00:31.914386378Z                ^^^^^^^^^^^^^^^^
2026-09-10T18:00:31.914390346Z   File "/usr/local/lib/python3.13/site-packages/fastapi/routing.py", line 674, in app
2026-09-10T18:00:31.914394314Z     raw_response = await run_endpoint_function(
2026-09-10T18:00:31.914398141Z                    ^^^^^^^^^^^^^^^^^^^^^^^^^^^^
2026-09-10T18:00:31.914401889Z     ...<3 lines>...
2026-09-10T18:00:31.914405115Z     )
2026-09-10T18:00:31.914408351Z     ^
2026-09-10T18:00:31.914411418Z   File "/usr/local/lib/python3.13/site-packages/fastapi/routing.py", line 330, in run_endpoint_function
2026-09-10T18:00:31.914413812Z     return await run_in_threadpool(dependant.call, **values)
2026-09-10T18:00:31.914416227Z            ^^^^^^^^^^^^^^^^^^^^^^^^^^^^^^^^^^^^^^^^^^^^^^^^^
2026-09-10T18:00:31.914447209Z   File "/usr/local/lib/python3.13/site-packages/starlette/concurrency.py", line 32, in run_in_threadpool
2026-09-10T18:00:31.914451738Z     return await anyio.to_thread.run_sync(func)
2026-09-10T18:00:31.914453752Z            ^^^^^^^^^^^^^^^^^^^^^^^^^^^^^^^^^^^^
2026-09-10T18:00:31.914463922Z   File "/usr/local/lib/python3.13/site-packages/anyio/to_thread.py", line 63, in run_sync
2026-09-10T18:00:31.914466016Z     return await get_async_backend().run_sync_in_worker_thread(
2026-09-10T18:00:31.914467920Z            ^^^^^^^^^^^^^^^^^^^^^^^^^^^^^^^^^^^^^^^^^^^^^^^^^^^^
2026-09-10T18:00:31.914469833Z         func, args, abandon_on_cancel=abandon_on_cancel, limiter=limiter
2026-09-10T18:00:31.914471747Z         ^^^^^^^^^^^^^^^^^^^^^^^^^^^^^^^^^^^^^^^^^^^^^^^^^^^^^^^^^^^^^^^^
2026-09-10T18:00:31.914473651Z     )
2026-09-10T18:00:31.914475575Z     ^
2026-09-10T18:00:31.914477459Z   File "/usr/local/lib/python3.13/site-packages/anyio/_backends/_asyncio.py", line 2518, in run_sync_in_worker_thread
2026-09-10T18:00:31.914479392Z     return await future
2026-09-10T18:00:31.914481326Z            ^^^^^^^^^^^^
2026-09-10T18:00:31.914483240Z   File "/usr/local/lib/python3.13/site-packages/anyio/_backends/_asyncio.py", line 1002, in run
2026-09-10T18:00:31.914485174Z     result = context.run(func, *args)
2026-09-10T18:00:31.914487148Z   File "/app/app/routers/orders.py", line 36, in checkout
2026-09-10T18:00:31.914489052Z     return create_order(
2026-09-10T18:00:31.914491046Z         db=db,
2026-09-10T18:00:31.914492969Z     ...<2 lines>...
2026-09-10T18:00:31.914494903Z         correlation_id=correlation_id,
2026-09-10T18:00:31.914496827Z     )
2026-09-10T18:00:31.914498761Z   File "/app/app/services/order_service.py", line 42, in create_order
2026-09-10T18:00:31.914500675Z     result = db.execute(
2026-09-10T18:00:31.914502589Z         select(ProductModel).where(ProductModel.id == product_id)
2026-09-10T18:00:31.914504502Z     )
2026-09-10T18:00:31.914506416Z   File "/usr/local/lib/python3.13/site-packages/sqlalchemy/orm/session.py", line 2372, in execute
2026-09-10T18:00:31.914508330Z     return self._execute_internal(
2026-09-10T18:00:31.914510244Z            ~~~~~~~~~~~~~~~~~~~~~~^
2026-09-10T18:00:31.914512158Z         statement,
2026-09-10T18:00:31.914514061Z         ^^^^^^^^^^
2026-09-10T18:00:31.914515945Z     ...<4 lines>...
2026-09-10T18:00:31.914517859Z         _add_event=_add_event,
2026-09-10T18:00:31.914519773Z         ^^^^^^^^^^^^^^^^^^^^^^
2026-09-10T18:00:31.914521666Z     )
2026-09-10T18:00:31.914523600Z     ^
2026-09-10T18:00:31.914525574Z   File "/usr/local/lib/python3.13/site-packages/sqlalchemy/orm/session.py", line 2260, in _execute_internal
2026-09-10T18:00:31.914527518Z     conn = self._connection_for_bind(bind)
2026-09-10T18:00:31.914529472Z   File "/usr/local/lib/python3.13/site-packages/sqlalchemy/orm/session.py", line 2112, in _connection_for_bind
2026-09-10T18:00:31.914531406Z     return trans._connection_for_bind(engine, execution_options)
2026-09-10T18:00:31.914533289Z            ~~~~~~~~~~~~~~~~~~~~~~~~~~^^^^^^^^^^^^^^^^^^^^^^^^^^^
2026-09-10T18:00:31.914535193Z   File "<string>", line 2, in _connection_for_bind
2026-09-10T18:00:31.914537077Z   File "/usr/local/lib/python3.13/site-packages/sqlalchemy/orm/state_changes.py", line 137, in _go
2026-09-10T18:00:31.914538991Z     ret_value = fn(self, *arg, **kw)
2026-09-10T18:00:31.914540895Z   File "/usr/local/lib/python3.13/site-packages/sqlalchemy/orm/session.py", line 1191, in _connection_for_bind
2026-09-10T18:00:31.914542808Z     conn = bind.connect()
2026-09-10T18:00:31.914545293Z   File "/usr/local/lib/python3.13/site-packages/opentelemetry/instrumentation/sqlalchemy/engine.py", line 200, in _wrap_connect_internal
2026-09-10T18:00:31.914547207Z     return func(*args, **kwargs)
2026-09-10T18:00:31.914549111Z   File "/usr/local/lib/python3.13/site-packages/sqlalchemy/engine/base.py", line 3295, in connect
2026-09-10T18:00:31.914563139Z     return self._connection_cls(self)
2026-09-10T18:00:31.914565073Z            ~~~~~~~~~~~~~~~~~~~~^^^^^^
2026-09-10T18:00:31.914566976Z   File "/usr/local/lib/python3.13/site-packages/sqlalchemy/engine/base.py", line 144, in __init__
2026-09-10T18:00:31.914568880Z     self._dbapi_connection = engine.raw_connection()
2026-09-10T18:00:31.914570804Z                              ~~~~~~~~~~~~~~~~~~~~~^^
2026-09-10T18:00:31.914572708Z   File "/usr/local/lib/python3.13/site-packages/sqlalchemy/engine/base.py", line 3319, in raw_connection
2026-09-10T18:00:31.914574621Z     return self.pool.connect()
2026-09-10T18:00:31.914576525Z            ~~~~~~~~~~~~~~~~~^^
2026-09-10T18:00:31.914578439Z   File "/usr/local/lib/python3.13/site-packages/sqlalchemy/pool/base.py", line 448, in connect
2026-09-10T18:00:31.914580363Z     return _ConnectionFairy._checkout(self)
2026-09-10T18:00:31.914584812Z            ~~~~~~~~~~~~~~~~~~~~~~~~~~^^^^^^
2026-09-10T18:00:31.914586756Z   File "/usr/local/lib/python3.13/site-packages/sqlalchemy/pool/base.py", line 1272, in _checkout
2026-09-10T18:00:31.914588679Z     fairy = _ConnectionRecord.checkout(pool)
2026-09-10T18:00:31.914590583Z   File "/usr/local/lib/python3.13/site-packages/sqlalchemy/pool/base.py", line 712, in checkout
2026-09-10T18:00:31.914592497Z     rec = pool._do_get()
2026-09-10T18:00:31.914594411Z   File "/usr/local/lib/python3.13/site-packages/sqlalchemy/pool/impl.py", line 167, in _do_get
2026-09-10T18:00:31.914596305Z     raise exc.TimeoutError(
2026-09-10T18:00:31.914598208Z     ...<4 lines>...
2026-09-10T18:00:31.914600092Z     )
2026-09-10T18:00:31.914602687Z sqlalchemy.exc.TimeoutError: QueuePool limit of size 5 overflow 10 reached, connection timed out, timeout 30.00 (Background on this error at: https://sqlalche.me/e/20/3o7r)
2026-09-10T18:00:31.920357269Z ERROR:    Exception in ASGI application
2026-09-10T18:00:31.920397889Z Traceback (most recent call last):
2026-09-10T18:00:31.920401938Z   File "/usr/local/lib/python3.13/site-packages/uvicorn/protocols/http/httptools_impl.py", line 421, in run_asgi
2026-09-10T18:00:31.920404683Z     result = await app(  # type: ignore[func-returns-value]
2026-09-10T18:00:31.920406617Z              ^^^^^^^^^^^^^^^^^^^^^^^^^^^^^^^^^^^^^^^^^^^^^^
2026-09-10T18:00:31.920408951Z         self.scope, self.receive, self.send
2026-09-10T18:00:31.920410895Z         ^^^^^^^^^^^^^^^^^^^^^^^^^^^^^^^^^^^
2026-09-10T18:00:31.920413521Z     )
2026-09-10T18:00:31.920416015Z     ^
2026-09-10T18:00:31.920418500Z   File "/usr/local/lib/python3.13/site-packages/uvicorn/middleware/proxy_headers.py", line 63, in __call__
2026-09-10T18:00:31.920420685Z     return await self.app(scope, receive, send)
2026-09-10T18:00:31.920422629Z            ^^^^^^^^^^^^^^^^^^^^^^^^^^^^^^^^^^^^
2026-09-10T18:00:31.920425254Z   File "/usr/local/lib/python3.13/site-packages/fastapi/applications.py", line 1159, in __call__
2026-09-10T18:00:31.920427699Z     await super().__call__(scope, receive, send)
2026-09-10T18:00:31.920430113Z   File "/usr/local/lib/python3.13/site-packages/starlette/applications.py", line 107, in __call__
2026-09-10T18:00:31.920432719Z     await self.middleware_stack(scope, receive, send)
2026-09-10T18:00:31.920434743Z   File "/usr/local/lib/python3.13/site-packages/starlette/middleware/errors.py", line 186, in __call__
2026-09-10T18:00:31.920436737Z     raise exc
2026-09-10T18:00:31.920439111Z   File "/usr/local/lib/python3.13/site-packages/starlette/middleware/errors.py", line 164, in __call__
2026-09-10T18:00:31.920441155Z     await self.app(scope, receive, _send)
2026-09-10T18:00:31.920483169Z   File "/usr/local/lib/python3.13/site-packages/opentelemetry/instrumentation/asgi/__init__.py", line 806, in __call__
2026-09-10T18:00:31.920508960Z     await self.app(scope, otel_receive, otel_send)
2026-09-10T18:00:31.920513669Z   File "/usr/local/lib/python3.13/site-packages/starlette/middleware/errors.py", line 186, in __call__
2026-09-10T18:00:31.920515713Z     raise exc
2026-09-10T18:00:31.920517667Z   File "/usr/local/lib/python3.13/site-packages/starlette/middleware/errors.py", line 164, in __call__
2026-09-10T18:00:31.920519591Z     await self.app(scope, receive, _send)
2026-09-10T18:00:31.920521525Z   File "/usr/local/lib/python3.13/site-packages/opentelemetry/instrumentation/fastapi/__init__.py", line 305, in __call__
2026-09-10T18:00:31.920523479Z     await self.app(scope, receive, send)
2026-09-10T18:00:31.920525393Z   File "/usr/local/lib/python3.13/site-packages/prometheus_fastapi_instrumentator/middleware.py", line 177, in __call__
2026-09-10T18:00:31.920527326Z     raise exc
2026-09-10T18:00:31.920529300Z   File "/usr/local/lib/python3.13/site-packages/prometheus_fastapi_instrumentator/middleware.py", line 175, in __call__
2026-09-10T18:00:31.920531274Z     await self.app(scope, receive, send_wrapper)
2026-09-10T18:00:31.920533178Z   File "/usr/local/lib/python3.13/site-packages/starlette/middleware/exceptions.py", line 63, in __call__
2026-09-10T18:00:31.920535663Z     await wrap_app_handling_exceptions(self.app, conn)(scope, receive, send)
2026-09-10T18:00:31.920537567Z   File "/usr/local/lib/python3.13/site-packages/starlette/_exception_handler.py", line 53, in wrapped_app
2026-09-10T18:00:31.920539460Z     raise exc
2026-09-10T18:00:31.920541374Z   File "/usr/local/lib/python3.13/site-packages/starlette/_exception_handler.py", line 42, in wrapped_app
2026-09-10T18:00:31.920543308Z     await app(scope, receive, sender)
2026-09-10T18:00:31.920545212Z   File "/usr/local/lib/python3.13/site-packages/fastapi/middleware/asyncexitstack.py", line 18, in __call__
2026-09-10T18:00:31.920547146Z     await self.app(scope, receive, send)
2026-09-10T18:00:31.920549070Z   File "/usr/local/lib/python3.13/site-packages/starlette/routing.py", line 716, in __call__
2026-09-10T18:00:31.920551003Z     await self.middleware_stack(scope, receive, send)
2026-09-10T18:00:31.920552927Z   File "/usr/local/lib/python3.13/site-packages/starlette/routing.py", line 736, in app
2026-09-10T18:00:31.920554841Z     await route.handle(scope, receive, send)
2026-09-10T18:00:31.920556755Z   File "/usr/local/lib/python3.13/site-packages/starlette/routing.py", line 290, in handle
2026-09-10T18:00:31.920558679Z     await self.app(scope, receive, send)
2026-09-10T18:00:31.920560592Z   File "/usr/local/lib/python3.13/site-packages/fastapi/routing.py", line 134, in app
2026-09-10T18:00:31.920562516Z     await wrap_app_handling_exceptions(app, request)(scope, receive, send)
2026-09-10T18:00:31.920564430Z   File "/usr/local/lib/python3.13/site-packages/starlette/_exception_handler.py", line 53, in wrapped_app
2026-09-10T18:00:31.920566334Z     raise exc
2026-09-10T18:00:31.920568258Z   File "/usr/local/lib/python3.13/site-packages/starlette/_exception_handler.py", line 42, in wrapped_app
2026-09-10T18:00:31.920587175Z     await app(scope, receive, sender)
2026-09-10T18:00:31.920592927Z   File "/usr/local/lib/python3.13/site-packages/fastapi/routing.py", line 120, in app
2026-09-10T18:00:31.920595522Z     response = await f(request)
2026-09-10T18:00:31.920597456Z                ^^^^^^^^^^^^^^^^
2026-09-10T18:00:31.920599460Z   File "/usr/local/lib/python3.13/site-packages/fastapi/routing.py", line 674, in app
2026-09-10T18:00:31.920601413Z     raw_response = await run_endpoint_function(
2026-09-10T18:00:31.920603478Z                    ^^^^^^^^^^^^^^^^^^^^^^^^^^^^
2026-09-10T18:00:31.920613558Z     ...<3 lines>...
2026-09-10T18:00:31.920615592Z     )
2026-09-10T18:00:31.920617616Z     ^
2026-09-10T18:00:31.920619539Z   File "/usr/local/lib/python3.13/site-packages/fastapi/routing.py", line 330, in run_endpoint_function
2026-09-10T18:00:31.920621443Z     return await run_in_threadpool(dependant.call, **values)
2026-09-10T18:00:31.920623387Z            ^^^^^^^^^^^^^^^^^^^^^^^^^^^^^^^^^^^^^^^^^^^^^^^^^
2026-09-10T18:00:31.920629359Z   File "/usr/local/lib/python3.13/site-packages/starlette/concurrency.py", line 32, in run_in_threadpool
2026-09-10T18:00:31.920631423Z     return await anyio.to_thread.run_sync(func)
2026-09-10T18:00:31.920633357Z            ^^^^^^^^^^^^^^^^^^^^^^^^^^^^^^^^^^^^
2026-09-10T18:00:31.920635341Z   File "/usr/local/lib/python3.13/site-packages/anyio/to_thread.py", line 63, in run_sync
2026-09-10T18:00:31.920637275Z     return await get_async_backend().run_sync_in_worker_thread(
2026-09-10T18:00:31.920639178Z            ^^^^^^^^^^^^^^^^^^^^^^^^^^^^^^^^^^^^^^^^^^^^^^^^^^^^
2026-09-10T18:00:31.920641122Z         func, args, abandon_on_cancel=abandon_on_cancel, limiter=limiter
2026-09-10T18:00:31.920643056Z         ^^^^^^^^^^^^^^^^^^^^^^^^^^^^^^^^^^^^^^^^^^^^^^^^^^^^^^^^^^^^^^^^
2026-09-10T18:00:31.920668887Z     )
2026-09-10T18:00:31.920671863Z     ^
2026-09-10T18:00:31.920673947Z   File "/usr/local/lib/python3.13/site-packages/anyio/_backends/_asyncio.py", line 2518, in run_sync_in_worker_thread
2026-09-10T18:00:31.920675911Z     return await future
2026-09-10T18:00:31.920677835Z            ^^^^^^^^^^^^
2026-09-10T18:00:31.920679759Z   File "/usr/local/lib/python3.13/site-packages/anyio/_backends/_asyncio.py", line 1002, in run
2026-09-10T18:00:31.920681773Z     result = context.run(func, *args)
2026-09-10T18:00:31.920683707Z   File "/app/app/routers/orders.py", line 36, in checkout
2026-09-10T18:00:31.920685621Z     return create_order(
2026-09-10T18:00:31.920687605Z         db=db,
2026-09-10T18:00:31.920689548Z     ...<2 lines>...
2026-09-10T18:00:31.920691472Z         correlation_id=correlation_id,
2026-09-10T18:00:31.920693396Z     )
2026-09-10T18:00:31.920695360Z   File "/app/app/services/order_service.py", line 42, in create_order
2026-09-10T18:00:31.920697334Z     result = db.execute(
2026-09-10T18:00:31.920699358Z         select(ProductModel).where(ProductModel.id == product_id)
2026-09-10T18:00:31.920701302Z     )
2026-09-10T18:00:31.920703226Z   File "/usr/local/lib/python3.13/site-packages/sqlalchemy/orm/session.py", line 2372, in execute
2026-09-10T18:00:31.920705159Z     return self._execute_internal(
2026-09-10T18:00:31.920707073Z            ~~~~~~~~~~~~~~~~~~~~~~^
2026-09-10T18:00:31.920708997Z         statement,
2026-09-10T18:00:31.920710931Z         ^^^^^^^^^^
2026-09-10T18:00:31.920712875Z     ...<4 lines>...
2026-09-10T18:00:31.920714798Z         _add_event=_add_event,
2026-09-10T18:00:31.920716712Z         ^^^^^^^^^^^^^^^^^^^^^^
2026-09-10T18:00:31.920718616Z     )
2026-09-10T18:00:31.920720530Z     ^
2026-09-10T18:00:31.920722484Z   File "/usr/local/lib/python3.13/site-packages/sqlalchemy/orm/session.py", line 2260, in _execute_internal
2026-09-10T18:00:31.920724408Z     conn = self._connection_for_bind(bind)
2026-09-10T18:00:31.920726361Z   File "/usr/local/lib/python3.13/site-packages/sqlalchemy/orm/session.py", line 2112, in _connection_for_bind
2026-09-10T18:00:31.920728325Z     return trans._connection_for_bind(engine, execution_options)
2026-09-10T18:00:31.920730259Z            ~~~~~~~~~~~~~~~~~~~~~~~~~~^^^^^^^^^^^^^^^^^^^^^^^^^^^
2026-09-10T18:00:31.920732173Z   File "<string>", line 2, in _connection_for_bind
2026-09-10T18:00:31.920743485Z   File "/usr/local/lib/python3.13/site-packages/sqlalchemy/orm/state_changes.py", line 137, in _go
2026-09-10T18:00:31.920745489Z     ret_value = fn(self, *arg, **kw)
2026-09-10T18:00:31.920747403Z   File "/usr/local/lib/python3.13/site-packages/sqlalchemy/orm/session.py", line 1191, in _connection_for_bind
2026-09-10T18:00:31.920749307Z     conn = bind.connect()
2026-09-10T18:00:31.920751762Z   File "/usr/local/lib/python3.13/site-packages/opentelemetry/instrumentation/sqlalchemy/engine.py", line 200, in _wrap_connect_internal
2026-09-10T18:00:31.920753706Z     return func(*args, **kwargs)
2026-09-10T18:00:31.920755650Z   File "/usr/local/lib/python3.13/site-packages/sqlalchemy/engine/base.py", line 3295, in connect
2026-09-10T18:00:31.920757583Z     return self._connection_cls(self)
2026-09-10T18:00:31.920759477Z            ~~~~~~~~~~~~~~~~~~~~^^^^^^
2026-09-10T18:00:31.920761381Z   File "/usr/local/lib/python3.13/site-packages/sqlalchemy/engine/base.py", line 144, in __init__
2026-09-10T18:00:31.920763285Z     self._dbapi_connection = engine.raw_connection()
2026-09-10T18:00:31.920765189Z                              ~~~~~~~~~~~~~~~~~~~~~^^
2026-09-10T18:00:31.920767082Z   File "/usr/local/lib/python3.13/site-packages/sqlalchemy/engine/base.py", line 3319, in raw_connection
2026-09-10T18:00:31.920769026Z     return self.pool.connect()
2026-09-10T18:00:31.920770930Z            ~~~~~~~~~~~~~~~~~^^
2026-09-10T18:00:31.920772844Z   File "/usr/local/lib/python3.13/site-packages/sqlalchemy/pool/base.py", line 448, in connect
2026-09-10T18:00:31.920774757Z     return _ConnectionFairy._checkout(self)
2026-09-10T18:00:31.920776661Z            ~~~~~~~~~~~~~~~~~~~~~~~~~~^^^^^^
2026-09-10T18:00:31.920778555Z   File "/usr/local/lib/python3.13/site-packages/sqlalchemy/pool/base.py", line 1272, in _checkout
2026-09-10T18:00:31.920780469Z     fairy = _ConnectionRecord.checkout(pool)
2026-09-10T18:00:31.920782403Z   File "/usr/local/lib/python3.13/site-packages/sqlalchemy/pool/base.py", line 712, in checkout
2026-09-10T18:00:31.920784357Z     rec = pool._do_get()
2026-09-10T18:00:31.920786270Z   File "/usr/local/lib/python3.13/site-packages/sqlalchemy/pool/impl.py", line 167, in _do_get
2026-09-10T18:00:31.920788194Z     raise exc.TimeoutError(
2026-09-10T18:00:31.920790108Z     ...<4 lines>...
2026-09-10T18:00:31.920792042Z     )
2026-09-10T18:00:31.920794727Z sqlalchemy.exc.TimeoutError: QueuePool limit of size 5 overflow 10 reached, connection timed out, timeout 30.00 (Background on this error at: https://sqlalche.me/e/20/3o7r)
2026-09-10T18:00:31.997565901Z ERROR:    Exception in ASGI application
2026-09-10T18:00:31.997598245Z Traceback (most recent call last):
2026-09-10T18:00:31.997601001Z   File "/usr/local/lib/python3.13/site-packages/uvicorn/protocols/http/httptools_impl.py", line 421, in run_asgi
2026-09-10T18:00:31.997603536Z     result = await app(  # type: ignore[func-returns-value]
2026-09-10T18:00:31.997605460Z              ^^^^^^^^^^^^^^^^^^^^^^^^^^^^^^^^^^^^^^^^^^^^^^
2026-09-10T18:00:31.997607434Z         self.scope, self.receive, self.send
2026-09-10T18:00:31.997609478Z         ^^^^^^^^^^^^^^^^^^^^^^^^^^^^^^^^^^^
2026-09-10T18:00:31.997611442Z     )
2026-09-10T18:00:31.997613416Z     ^
2026-09-10T18:00:31.997615399Z   File "/usr/local/lib/python3.13/site-packages/uvicorn/middleware/proxy_headers.py", line 63, in __call__
2026-09-10T18:00:31.997617343Z     return await self.app(scope, receive, send)
2026-09-10T18:00:31.997619247Z            ^^^^^^^^^^^^^^^^^^^^^^^^^^^^^^^^^^^^
2026-09-10T18:00:31.997621632Z   File "/usr/local/lib/python3.13/site-packages/fastapi/applications.py", line 1159, in __call__
2026-09-10T18:00:31.997623556Z     await super().__call__(scope, receive, send)
2026-09-10T18:00:31.997648064Z   File "/usr/local/lib/python3.13/site-packages/starlette/applications.py", line 107, in __call__
2026-09-10T18:00:31.997650349Z     await self.middleware_stack(scope, receive, send)
2026-09-10T18:00:31.997652353Z   File "/usr/local/lib/python3.13/site-packages/starlette/middleware/errors.py", line 186, in __call__
2026-09-10T18:00:31.997654397Z     raise exc
2026-09-10T18:00:31.997656351Z   File "/usr/local/lib/python3.13/site-packages/starlette/middleware/errors.py", line 164, in __call__
2026-09-10T18:00:31.997658275Z     await self.app(scope, receive, _send)
2026-09-10T18:00:31.997660790Z   File "/usr/local/lib/python3.13/site-packages/opentelemetry/instrumentation/asgi/__init__.py", line 806, in __call__
2026-09-10T18:00:31.997662834Z     await self.app(scope, otel_receive, otel_send)
2026-09-10T18:00:31.997664737Z   File "/usr/local/lib/python3.13/site-packages/starlette/middleware/errors.py", line 186, in __call__
2026-09-10T18:00:31.997666651Z     raise exc
2026-09-10T18:00:31.997668605Z   File "/usr/local/lib/python3.13/site-packages/starlette/middleware/errors.py", line 164, in __call__
2026-09-10T18:00:31.997670549Z     await self.app(scope, receive, _send)
2026-09-10T18:00:31.997672473Z   File "/usr/local/lib/python3.13/site-packages/opentelemetry/instrumentation/fastapi/__init__.py", line 305, in __call__
2026-09-10T18:00:31.997674387Z     await self.app(scope, receive, send)
2026-09-10T18:00:31.997676391Z   File "/usr/local/lib/python3.13/site-packages/prometheus_fastapi_instrumentator/middleware.py", line 177, in __call__
2026-09-10T18:00:31.997678665Z     raise exc
2026-09-10T18:00:31.997680569Z   File "/usr/local/lib/python3.13/site-packages/prometheus_fastapi_instrumentator/middleware.py", line 175, in __call__
2026-09-10T18:00:31.997682483Z     await self.app(scope, receive, send_wrapper)
2026-09-10T18:00:31.997684396Z   File "/usr/local/lib/python3.13/site-packages/starlette/middleware/exceptions.py", line 63, in __call__
2026-09-10T18:00:31.997686761Z     await wrap_app_handling_exceptions(self.app, conn)(scope, receive, send)
2026-09-10T18:00:31.997688675Z   File "/usr/local/lib/python3.13/site-packages/starlette/_exception_handler.py", line 53, in wrapped_app
2026-09-10T18:00:31.997690569Z     raise exc
2026-09-10T18:00:31.997692553Z   File "/usr/local/lib/python3.13/site-packages/starlette/_exception_handler.py", line 42, in wrapped_app
2026-09-10T18:00:31.997694466Z     await app(scope, receive, sender)
2026-09-10T18:00:31.997696370Z   File "/usr/local/lib/python3.13/site-packages/fastapi/middleware/asyncexitstack.py", line 18, in __call__
2026-09-10T18:00:31.997698304Z     await self.app(scope, receive, send)
2026-09-10T18:00:31.997700218Z   File "/usr/local/lib/python3.13/site-packages/starlette/routing.py", line 716, in __call__
2026-09-10T18:00:31.997702172Z     await self.middleware_stack(scope, receive, send)
2026-09-10T18:00:31.997704106Z   File "/usr/local/lib/python3.13/site-packages/starlette/routing.py", line 736, in app
2026-09-10T18:00:31.997706019Z     await route.handle(scope, receive, send)
2026-09-10T18:00:31.997707933Z   File "/usr/local/lib/python3.13/site-packages/starlette/routing.py", line 290, in handle
2026-09-10T18:00:31.997709867Z     await self.app(scope, receive, send)
2026-09-10T18:00:31.997711771Z   File "/usr/local/lib/python3.13/site-packages/fastapi/routing.py", line 134, in app
2026-09-10T18:00:31.997713655Z     await wrap_app_handling_exceptions(app, request)(scope, receive, send)
2026-09-10T18:00:31.997715568Z   File "/usr/local/lib/python3.13/site-packages/starlette/_exception_handler.py", line 53, in wrapped_app
2026-09-10T18:00:31.997717492Z     raise exc
2026-09-10T18:00:31.997724476Z   File "/usr/local/lib/python3.13/site-packages/starlette/_exception_handler.py", line 42, in wrapped_app
2026-09-10T18:00:31.997726410Z     await app(scope, receive, sender)
2026-09-10T18:00:31.997728334Z   File "/usr/local/lib/python3.13/site-packages/fastapi/routing.py", line 120, in app
2026-09-10T18:00:31.997730758Z     response = await f(request)
2026-09-10T18:00:31.997732672Z                ^^^^^^^^^^^^^^^^
2026-09-10T18:00:31.997734576Z   File "/usr/local/lib/python3.13/site-packages/fastapi/routing.py", line 674, in app
2026-09-10T18:00:31.997736490Z     raw_response = await run_endpoint_function(
2026-09-10T18:00:31.997738484Z                    ^^^^^^^^^^^^^^^^^^^^^^^^^^^^
2026-09-10T18:00:31.997741039Z     ...<3 lines>...
2026-09-10T18:00:31.997742963Z     )
2026-09-10T18:00:31.997744876Z     ^
2026-09-10T18:00:31.997746790Z   File "/usr/local/lib/python3.13/site-packages/fastapi/routing.py", line 330, in run_endpoint_function
2026-09-10T18:00:31.997748714Z     return await run_in_threadpool(dependant.call, **values)
2026-09-10T18:00:31.997750628Z            ^^^^^^^^^^^^^^^^^^^^^^^^^^^^^^^^^^^^^^^^^^^^^^^^^
2026-09-10T18:00:31.997755808Z   File "/usr/local/lib/python3.13/site-packages/starlette/concurrency.py", line 32, in run_in_threadpool
2026-09-10T18:00:31.997757832Z     return await anyio.to_thread.run_sync(func)
2026-09-10T18:00:31.997759766Z            ^^^^^^^^^^^^^^^^^^^^^^^^^^^^^^^^^^^^
2026-09-10T18:00:31.997761690Z   File "/usr/local/lib/python3.13/site-packages/anyio/to_thread.py", line 63, in run_sync
2026-09-10T18:00:31.997763664Z     return await get_async_backend().run_sync_in_worker_thread(
2026-09-10T18:00:31.997765558Z            ^^^^^^^^^^^^^^^^^^^^^^^^^^^^^^^^^^^^^^^^^^^^^^^^^^^^
2026-09-10T18:00:31.997767451Z         func, args, abandon_on_cancel=abandon_on_cancel, limiter=limiter
2026-09-10T18:00:31.997769355Z         ^^^^^^^^^^^^^^^^^^^^^^^^^^^^^^^^^^^^^^^^^^^^^^^^^^^^^^^^^^^^^^^^
2026-09-10T18:00:31.997771319Z     )
2026-09-10T18:00:31.997773233Z     ^
2026-09-10T18:00:31.997775157Z   File "/usr/local/lib/python3.13/site-packages/anyio/_backends/_asyncio.py", line 2518, in run_sync_in_worker_thread
2026-09-10T18:00:31.997777070Z     return await future
2026-09-10T18:00:31.997779004Z            ^^^^^^^^^^^^
2026-09-10T18:00:31.997783704Z   File "/usr/local/lib/python3.13/site-packages/anyio/_backends/_asyncio.py", line 1002, in run
2026-09-10T18:00:31.997785687Z     result = context.run(func, *args)
2026-09-10T18:00:31.997787681Z   File "/app/app/routers/orders.py", line 36, in checkout
2026-09-10T18:00:31.997789645Z     return create_order(
2026-09-10T18:00:31.997791579Z         db=db,
2026-09-10T18:00:31.997793513Z     ...<2 lines>...
2026-09-10T18:00:31.997795427Z         correlation_id=correlation_id,
2026-09-10T18:00:31.997797331Z     )
2026-09-10T18:00:31.997799294Z   File "/app/app/services/order_service.py", line 42, in create_order
2026-09-10T18:00:31.997801258Z     result = db.execute(
2026-09-10T18:00:31.997803363Z         select(ProductModel).where(ProductModel.id == product_id)
2026-09-10T18:00:31.997805306Z     )
2026-09-10T18:00:31.997807220Z   File "/usr/local/lib/python3.13/site-packages/sqlalchemy/orm/session.py", line 2372, in execute
2026-09-10T18:00:31.997809164Z     return self._execute_internal(
2026-09-10T18:00:31.997811068Z            ~~~~~~~~~~~~~~~~~~~~~~^
2026-09-10T18:00:31.997813002Z         statement,
2026-09-10T18:00:31.997814926Z         ^^^^^^^^^^
2026-09-10T18:00:31.997816809Z     ...<4 lines>...
2026-09-10T18:00:31.997818713Z         _add_event=_add_event,
2026-09-10T18:00:31.997820647Z         ^^^^^^^^^^^^^^^^^^^^^^
2026-09-10T18:00:31.997827240Z     )
2026-09-10T18:00:31.997829204Z     ^
2026-09-10T18:00:31.997831128Z   File "/usr/local/lib/python3.13/site-packages/sqlalchemy/orm/session.py", line 2260, in _execute_internal
2026-09-10T18:00:31.997833072Z     conn = self._connection_for_bind(bind)
2026-09-10T18:00:31.997834995Z   File "/usr/local/lib/python3.13/site-packages/sqlalchemy/orm/session.py", line 2112, in _connection_for_bind
2026-09-10T18:00:31.997836919Z     return trans._connection_for_bind(engine, execution_options)
2026-09-10T18:00:31.997838913Z            ~~~~~~~~~~~~~~~~~~~~~~~~~~^^^^^^^^^^^^^^^^^^^^^^^^^^^
2026-09-10T18:00:31.997840837Z   File "<string>", line 2, in _connection_for_bind
2026-09-10T18:00:31.997844905Z   File "/usr/local/lib/python3.13/site-packages/sqlalchemy/orm/state_changes.py", line 137, in _go
2026-09-10T18:00:31.997846849Z     ret_value = fn(self, *arg, **kw)
2026-09-10T18:00:31.997848743Z   File "/usr/local/lib/python3.13/site-packages/sqlalchemy/orm/session.py", line 1191, in _connection_for_bind
2026-09-10T18:00:31.997850666Z     conn = bind.connect()
2026-09-10T18:00:31.997853262Z   File "/usr/local/lib/python3.13/site-packages/opentelemetry/instrumentation/sqlalchemy/engine.py", line 200, in _wrap_connect_internal
2026-09-10T18:00:31.997855185Z     return func(*args, **kwargs)
2026-09-10T18:00:31.997857089Z   File "/usr/local/lib/python3.13/site-packages/sqlalchemy/engine/base.py", line 3295, in connect
2026-09-10T18:00:31.997859023Z     return self._connection_cls(self)
2026-09-10T18:00:31.997860947Z            ~~~~~~~~~~~~~~~~~~~~^^^^^^
2026-09-10T18:00:31.997862841Z   File "/usr/local/lib/python3.13/site-packages/sqlalchemy/engine/base.py", line 144, in __init__
2026-09-10T18:00:31.997864734Z     self._dbapi_connection = engine.raw_connection()
2026-09-10T18:00:31.997866618Z                              ~~~~~~~~~~~~~~~~~~~~~^^
2026-09-10T18:00:31.997868502Z   File "/usr/local/lib/python3.13/site-packages/sqlalchemy/engine/base.py", line 3319, in raw_connection
2026-09-10T18:00:31.997870406Z     return self.pool.connect()
2026-09-10T18:00:31.997872309Z            ~~~~~~~~~~~~~~~~~^^
2026-09-10T18:00:31.997874243Z   File "/usr/local/lib/python3.13/site-packages/sqlalchemy/pool/base.py", line 448, in connect
2026-09-10T18:00:31.997876377Z     return _ConnectionFairy._checkout(self)
2026-09-10T18:00:31.997878281Z            ~~~~~~~~~~~~~~~~~~~~~~~~~~^^^^^^
2026-09-10T18:00:31.997880165Z   File "/usr/local/lib/python3.13/site-packages/sqlalchemy/pool/base.py", line 1272, in _checkout
2026-09-10T18:00:31.997882059Z     fairy = _ConnectionRecord.checkout(pool)
2026-09-10T18:00:31.997884153Z   File "/usr/local/lib/python3.13/site-packages/sqlalchemy/pool/base.py", line 712, in checkout
2026-09-10T18:00:31.997886057Z     rec = pool._do_get()
2026-09-10T18:00:31.997887950Z   File "/usr/local/lib/python3.13/site-packages/sqlalchemy/pool/impl.py", line 167, in _do_get
2026-09-10T18:00:31.997889884Z     raise exc.TimeoutError(
2026-09-10T18:00:31.997891788Z     ...<4 lines>...
2026-09-10T18:00:31.997893702Z     )
2026-09-10T18:00:31.997896177Z sqlalchemy.exc.TimeoutError: QueuePool limit of size 5 overflow 10 reached, connection timed out, timeout 30.00 (Background on this error at: https://sqlalche.me/e/20/3o7r)
2026-09-10T18:00:32.099233062Z ERROR:    Exception in ASGI application
2026-09-10T18:00:32.099263913Z Traceback (most recent call last):
2026-09-10T18:00:32.099266899Z   File "/usr/local/lib/python3.13/site-packages/uvicorn/protocols/http/httptools_impl.py", line 421, in run_asgi
2026-09-10T18:00:32.099269614Z     result = await app(  # type: ignore[func-returns-value]
2026-09-10T18:00:32.099271548Z              ^^^^^^^^^^^^^^^^^^^^^^^^^^^^^^^^^^^^^^^^^^^^^^
2026-09-10T18:00:32.099289704Z         self.scope, self.receive, self.send
2026-09-10T18:00:32.099291718Z         ^^^^^^^^^^^^^^^^^^^^^^^^^^^^^^^^^^^
2026-09-10T18:00:32.099294043Z     )
2026-09-10T18:00:32.099295956Z     ^
2026-09-10T18:00:32.099297880Z   File "/usr/local/lib/python3.13/site-packages/uvicorn/middleware/proxy_headers.py", line 63, in __call__
2026-09-10T18:00:32.099299814Z     return await self.app(scope, receive, send)
2026-09-10T18:00:32.099301758Z            ^^^^^^^^^^^^^^^^^^^^^^^^^^^^^^^^^^^^
2026-09-10T18:00:32.099304744Z   File "/usr/local/lib/python3.13/site-packages/fastapi/applications.py", line 1159, in __call__
2026-09-10T18:00:32.099306658Z     await super().__call__(scope, receive, send)
2026-09-10T18:00:32.099308642Z   File "/usr/local/lib/python3.13/site-packages/starlette/applications.py", line 107, in __call__
2026-09-10T18:00:32.099310555Z     await self.middleware_stack(scope, receive, send)
2026-09-10T18:00:32.099312459Z   File "/usr/local/lib/python3.13/site-packages/starlette/middleware/errors.py", line 186, in __call__
2026-09-10T18:00:32.099314403Z     raise exc
2026-09-10T18:00:32.099316327Z   File "/usr/local/lib/python3.13/site-packages/starlette/middleware/errors.py", line 164, in __call__
2026-09-10T18:00:32.099318251Z     await self.app(scope, receive, _send)
2026-09-10T18:00:32.099323000Z   File "/usr/local/lib/python3.13/site-packages/opentelemetry/instrumentation/asgi/__init__.py", line 806, in __call__
2026-09-10T18:00:32.099325014Z     await self.app(scope, otel_receive, otel_send)
2026-09-10T18:00:32.099326938Z   File "/usr/local/lib/python3.13/site-packages/starlette/middleware/errors.py", line 186, in __call__
2026-09-10T18:00:32.099328892Z     raise exc
2026-09-10T18:00:32.099330876Z   File "/usr/local/lib/python3.13/site-packages/starlette/middleware/errors.py", line 164, in __call__
2026-09-10T18:00:32.099332800Z     await self.app(scope, receive, _send)
2026-09-10T18:00:32.099334703Z   File "/usr/local/lib/python3.13/site-packages/opentelemetry/instrumentation/fastapi/__init__.py", line 305, in __call__
2026-09-10T18:00:32.099336627Z     await self.app(scope, receive, send)
2026-09-10T18:00:32.099338521Z   File "/usr/local/lib/python3.13/site-packages/prometheus_fastapi_instrumentator/middleware.py", line 177, in __call__
2026-09-10T18:00:32.099340415Z     raise exc
2026-09-10T18:00:32.099342308Z   File "/usr/local/lib/python3.13/site-packages/prometheus_fastapi_instrumentator/middleware.py", line 175, in __call__
2026-09-10T18:00:32.099344222Z     await self.app(scope, receive, send_wrapper)
2026-09-10T18:00:32.099346156Z   File "/usr/local/lib/python3.13/site-packages/starlette/middleware/exceptions.py", line 63, in __call__
2026-09-10T18:00:32.099348581Z     await wrap_app_handling_exceptions(self.app, conn)(scope, receive, send)
2026-09-10T18:00:32.099350485Z   File "/usr/local/lib/python3.13/site-packages/starlette/_exception_handler.py", line 53, in wrapped_app
2026-09-10T18:00:32.099352409Z     raise exc
2026-09-10T18:00:32.099354312Z   File "/usr/local/lib/python3.13/site-packages/starlette/_exception_handler.py", line 42, in wrapped_app
2026-09-10T18:00:32.099356216Z     await app(scope, receive, sender)
2026-09-10T18:00:32.099358110Z   File "/usr/local/lib/python3.13/site-packages/fastapi/middleware/asyncexitstack.py", line 18, in __call__
2026-09-10T18:00:32.099361857Z     await self.app(scope, receive, send)
2026-09-10T18:00:32.099363811Z   File "/usr/local/lib/python3.13/site-packages/starlette/routing.py", line 716, in __call__
2026-09-10T18:00:32.099365715Z     await self.middleware_stack(scope, receive, send)
2026-09-10T18:00:32.099367619Z   File "/usr/local/lib/python3.13/site-packages/starlette/routing.py", line 736, in app
2026-09-10T18:00:32.099374322Z     await route.handle(scope, receive, send)
2026-09-10T18:00:32.099376266Z   File "/usr/local/lib/python3.13/site-packages/starlette/routing.py", line 290, in handle
2026-09-10T18:00:32.099378230Z     await self.app(scope, receive, send)
2026-09-10T18:00:32.099380134Z   File "/usr/local/lib/python3.13/site-packages/fastapi/routing.py", line 134, in app
2026-09-10T18:00:32.099382037Z     await wrap_app_handling_exceptions(app, request)(scope, receive, send)
2026-09-10T18:00:32.099383921Z   File "/usr/local/lib/python3.13/site-packages/starlette/_exception_handler.py", line 53, in wrapped_app
2026-09-10T18:00:32.099385985Z     raise exc
2026-09-10T18:00:32.099388029Z   File "/usr/local/lib/python3.13/site-packages/starlette/_exception_handler.py", line 42, in wrapped_app
2026-09-10T18:00:32.099390083Z     await app(scope, receive, sender)
2026-09-10T18:00:32.099392027Z   File "/usr/local/lib/python3.13/site-packages/fastapi/routing.py", line 120, in app
2026-09-10T18:00:32.099394582Z     response = await f(request)
2026-09-10T18:00:32.099396506Z                ^^^^^^^^^^^^^^^^
2026-09-10T18:00:32.099398400Z   File "/usr/local/lib/python3.13/site-packages/fastapi/routing.py", line 674, in app
2026-09-10T18:00:32.099400344Z     raw_response = await run_endpoint_function(
2026-09-10T18:00:32.099402247Z                    ^^^^^^^^^^^^^^^^^^^^^^^^^^^^
2026-09-10T18:00:32.099404722Z     ...<3 lines>...
2026-09-10T18:00:32.099406686Z     )
2026-09-10T18:00:32.099408600Z     ^
2026-09-10T18:00:32.099410684Z   File "/usr/local/lib/python3.13/site-packages/fastapi/routing.py", line 330, in run_endpoint_function
2026-09-10T18:00:32.099412588Z     return await run_in_threadpool(dependant.call, **values)
2026-09-10T18:00:32.099414502Z            ^^^^^^^^^^^^^^^^^^^^^^^^^^^^^^^^^^^^^^^^^^^^^^^^^
2026-09-10T18:00:32.099459832Z   File "/usr/local/lib/python3.13/site-packages/starlette/concurrency.py", line 32, in run_in_threadpool
2026-09-10T18:00:32.099491434Z     return await anyio.to_thread.run_sync(func)
2026-09-10T18:00:32.099497947Z            ^^^^^^^^^^^^^^^^^^^^^^^^^^^^^^^^^^^^
2026-09-10T18:00:32.099504520Z   File "/usr/local/lib/python3.13/site-packages/anyio/to_thread.py", line 63, in run_sync
2026-09-10T18:00:32.099510833Z     return await get_async_backend().run_sync_in_worker_thread(
2026-09-10T18:00:32.099516434Z            ^^^^^^^^^^^^^^^^^^^^^^^^^^^^^^^^^^^^^^^^^^^^^^^^^^^^
2026-09-10T18:00:32.099522636Z         func, args, abandon_on_cancel=abandon_on_cancel, limiter=limiter
2026-09-10T18:00:32.099528207Z         ^^^^^^^^^^^^^^^^^^^^^^^^^^^^^^^^^^^^^^^^^^^^^^^^^^^^^^^^^^^^^^^^
2026-09-10T18:00:32.099533799Z     )
2026-09-10T18:00:32.099539490Z     ^
2026-09-10T18:00:32.099545933Z   File "/usr/local/lib/python3.13/site-packages/anyio/_backends/_asyncio.py", line 2518, in run_sync_in_worker_thread
2026-09-10T18:00:32.099552145Z     return await future
2026-09-10T18:00:32.099557636Z            ^^^^^^^^^^^^
2026-09-10T18:00:32.099563277Z   File "/usr/local/lib/python3.13/site-packages/anyio/_backends/_asyncio.py", line 1002, in run
2026-09-10T18:00:32.099568888Z     result = context.run(func, *args)
2026-09-10T18:00:32.099574890Z   File "/app/app/routers/orders.py", line 36, in checkout
2026-09-10T18:00:32.099580461Z     return create_order(
2026-09-10T18:00:32.099586112Z         db=db,
2026-09-10T18:00:32.099592064Z     ...<2 lines>...
2026-09-10T18:00:32.099597685Z         correlation_id=correlation_id,
2026-09-10T18:00:32.099603307Z     )
2026-09-10T18:00:32.099608958Z   File "/app/app/services/order_service.py", line 42, in create_order
2026-09-10T18:00:32.099614569Z     result = db.execute(
2026-09-10T18:00:32.099747643Z         select(ProductModel).where(ProductModel.id == product_id)
2026-09-10T18:00:32.099760408Z     )
2026-09-10T18:00:32.099766210Z   File "/usr/local/lib/python3.13/site-packages/sqlalchemy/orm/session.py", line 2372, in execute
2026-09-10T18:00:32.099770168Z     return self._execute_internal(
2026-09-10T18:00:32.099773975Z            ~~~~~~~~~~~~~~~~~~~~~~^
2026-09-10T18:00:32.099777783Z         statement,
2026-09-10T18:00:32.099780388Z         ^^^^^^^^^^
2026-09-10T18:00:32.099782773Z     ...<4 lines>...
2026-09-10T18:00:32.099785648Z         _add_event=_add_event,
2026-09-10T18:00:32.099787562Z         ^^^^^^^^^^^^^^^^^^^^^^
2026-09-10T18:00:32.099789456Z     )
2026-09-10T18:00:32.099791380Z     ^
2026-09-10T18:00:32.099793334Z   File "/usr/local/lib/python3.13/site-packages/sqlalchemy/orm/session.py", line 2260, in _execute_internal
2026-09-10T18:00:32.099795278Z     conn = self._connection_for_bind(bind)
2026-09-10T18:00:32.099797211Z   File "/usr/local/lib/python3.13/site-packages/sqlalchemy/orm/session.py", line 2112, in _connection_for_bind
2026-09-10T18:00:32.099799175Z     return trans._connection_for_bind(engine, execution_options)
2026-09-10T18:00:32.099801109Z            ~~~~~~~~~~~~~~~~~~~~~~~~~~^^^^^^^^^^^^^^^^^^^^^^^^^^^
2026-09-10T18:00:32.099803063Z   File "<string>", line 2, in _connection_for_bind
2026-09-10T18:00:32.099807472Z   File "/usr/local/lib/python3.13/site-packages/sqlalchemy/orm/state_changes.py", line 137, in _go
2026-09-10T18:00:32.099809466Z     ret_value = fn(self, *arg, **kw)
2026-09-10T18:00:32.099811540Z   File "/usr/local/lib/python3.13/site-packages/sqlalchemy/orm/session.py", line 1191, in _connection_for_bind
2026-09-10T18:00:32.099815438Z     conn = bind.connect()
2026-09-10T18:00:32.099818083Z   File "/usr/local/lib/python3.13/site-packages/opentelemetry/instrumentation/sqlalchemy/engine.py", line 200, in _wrap_connect_internal
2026-09-10T18:00:32.099820117Z     return func(*args, **kwargs)
2026-09-10T18:00:32.099822782Z   File "/usr/local/lib/python3.13/site-packages/sqlalchemy/engine/base.py", line 3295, in connect
2026-09-10T18:00:32.099824746Z     return self._connection_cls(self)
2026-09-10T18:00:32.099826660Z            ~~~~~~~~~~~~~~~~~~~~^^^^^^
2026-09-10T18:00:32.099828654Z   File "/usr/local/lib/python3.13/site-packages/sqlalchemy/engine/base.py", line 144, in __init__
2026-09-10T18:00:32.099830538Z     self._dbapi_connection = engine.raw_connection()
2026-09-10T18:00:32.099832411Z                              ~~~~~~~~~~~~~~~~~~~~~^^
2026-09-10T18:00:32.099834305Z   File "/usr/local/lib/python3.13/site-packages/sqlalchemy/engine/base.py", line 3319, in raw_connection
2026-09-10T18:00:32.099836209Z     return self.pool.connect()
2026-09-10T18:00:32.099838113Z            ~~~~~~~~~~~~~~~~~^^
2026-09-10T18:00:32.099840016Z   File "/usr/local/lib/python3.13/site-packages/sqlalchemy/pool/base.py", line 448, in connect
2026-09-10T18:00:32.099841910Z     return _ConnectionFairy._checkout(self)
2026-09-10T18:00:32.099843834Z            ~~~~~~~~~~~~~~~~~~~~~~~~~~^^^^^^
2026-09-10T18:00:32.099845748Z   File "/usr/local/lib/python3.13/site-packages/sqlalchemy/pool/base.py", line 1272, in _checkout
2026-09-10T18:00:32.099847651Z     fairy = _ConnectionRecord.checkout(pool)
2026-09-10T18:00:32.099849545Z   File "/usr/local/lib/python3.13/site-packages/sqlalchemy/pool/base.py", line 712, in checkout
2026-09-10T18:00:32.099851459Z     rec = pool._do_get()
2026-09-10T18:00:32.099853373Z   File "/usr/local/lib/python3.13/site-packages/sqlalchemy/pool/impl.py", line 167, in _do_get
2026-09-10T18:00:32.099855277Z     raise exc.TimeoutError(
2026-09-10T18:00:32.099857180Z     ...<4 lines>...
2026-09-10T18:00:32.099866649Z     )
2026-09-10T18:00:32.099869284Z sqlalchemy.exc.TimeoutError: QueuePool limit of size 5 overflow 10 reached, connection timed out, timeout 30.00 (Background on this error at: https://sqlalche.me/e/20/3o7r)
2026-09-10T18:00:32.106392882Z ERROR:    Exception in ASGI application
2026-09-10T18:00:32.106458723Z Traceback (most recent call last):
2026-09-10T18:00:32.106468372Z   File "/usr/local/lib/python3.13/site-packages/uvicorn/protocols/http/httptools_impl.py", line 421, in run_asgi
2026-09-10T18:00:32.106473693Z     result = await app(  # type: ignore[func-returns-value]
2026-09-10T18:00:32.106478031Z              ^^^^^^^^^^^^^^^^^^^^^^^^^^^^^^^^^^^^^^^^^^^^^^
2026-09-10T18:00:32.106482631Z         self.scope, self.receive, self.send
2026-09-10T18:00:32.106486929Z         ^^^^^^^^^^^^^^^^^^^^^^^^^^^^^^^^^^^
2026-09-10T18:00:32.106491258Z     )
2026-09-10T18:00:32.106495636Z     ^
2026-09-10T18:00:32.106499965Z   File "/usr/local/lib/python3.13/site-packages/uvicorn/middleware/proxy_headers.py", line 63, in __call__
2026-09-10T18:00:32.106504504Z     return await self.app(scope, receive, send)
2026-09-10T18:00:32.106508792Z            ^^^^^^^^^^^^^^^^^^^^^^^^^^^^^^^^^^^^
2026-09-10T18:00:32.106514303Z   File "/usr/local/lib/python3.13/site-packages/fastapi/applications.py", line 1159, in __call__
2026-09-10T18:00:32.106518642Z     await super().__call__(scope, receive, send)
2026-09-10T18:00:32.106523001Z   File "/usr/local/lib/python3.13/site-packages/starlette/applications.py", line 107, in __call__
2026-09-10T18:00:32.106527409Z     await self.middleware_stack(scope, receive, send)
2026-09-10T18:00:32.106531678Z   File "/usr/local/lib/python3.13/site-packages/starlette/middleware/errors.py", line 186, in __call__
2026-09-10T18:00:32.106536037Z     raise exc
2026-09-10T18:00:32.106540395Z   File "/usr/local/lib/python3.13/site-packages/starlette/middleware/errors.py", line 164, in __call__
2026-09-10T18:00:32.106544784Z     await self.app(scope, receive, _send)
2026-09-10T18:00:32.106550115Z   File "/usr/local/lib/python3.13/site-packages/opentelemetry/instrumentation/asgi/__init__.py", line 806, in __call__
2026-09-10T18:00:32.106554483Z     await self.app(scope, otel_receive, otel_send)
2026-09-10T18:00:32.106558792Z   File "/usr/local/lib/python3.13/site-packages/starlette/middleware/errors.py", line 186, in __call__
2026-09-10T18:00:32.106563080Z     raise exc
2026-09-10T18:00:32.106567449Z   File "/usr/local/lib/python3.13/site-packages/starlette/middleware/errors.py", line 164, in __call__
2026-09-10T18:00:32.106571747Z     await self.app(scope, receive, _send)
2026-09-10T18:00:32.106576076Z   File "/usr/local/lib/python3.13/site-packages/opentelemetry/instrumentation/fastapi/__init__.py", line 305, in __call__
2026-09-10T18:00:32.106580976Z     await self.app(scope, receive, send)
2026-09-10T18:00:32.106585254Z   File "/usr/local/lib/python3.13/site-packages/prometheus_fastapi_instrumentator/middleware.py", line 177, in __call__
2026-09-10T18:00:32.106589583Z     raise exc
2026-09-10T18:00:32.106593881Z   File "/usr/local/lib/python3.13/site-packages/prometheus_fastapi_instrumentator/middleware.py", line 175, in __call__
2026-09-10T18:00:32.106598190Z     await self.app(scope, receive, send_wrapper)
2026-09-10T18:00:32.106602498Z   File "/usr/local/lib/python3.13/site-packages/starlette/middleware/exceptions.py", line 63, in __call__
2026-09-10T18:00:32.106607589Z     await wrap_app_handling_exceptions(self.app, conn)(scope, receive, send)
2026-09-10T18:00:32.106611917Z   File "/usr/local/lib/python3.13/site-packages/starlette/_exception_handler.py", line 53, in wrapped_app
2026-09-10T18:00:32.106619903Z     raise exc
2026-09-10T18:00:32.106650434Z   File "/usr/local/lib/python3.13/site-packages/starlette/_exception_handler.py", line 42, in wrapped_app
2026-09-10T18:00:32.106655093Z     await app(scope, receive, sender)
2026-09-10T18:00:32.106659401Z   File "/usr/local/lib/python3.13/site-packages/fastapi/middleware/asyncexitstack.py", line 18, in __call__
2026-09-10T18:00:32.106663670Z     await self.app(scope, receive, send)
2026-09-10T18:00:32.106668119Z   File "/usr/local/lib/python3.13/site-packages/starlette/routing.py", line 716, in __call__
2026-09-10T18:00:32.106672427Z     await self.middleware_stack(scope, receive, send)
2026-09-10T18:00:32.106676776Z   File "/usr/local/lib/python3.13/site-packages/starlette/routing.py", line 736, in app
2026-09-10T18:00:32.106681115Z     await route.handle(scope, receive, send)
2026-09-10T18:00:32.106685433Z   File "/usr/local/lib/python3.13/site-packages/starlette/routing.py", line 290, in handle
2026-09-10T18:00:32.106689762Z     await self.app(scope, receive, send)
2026-09-10T18:00:32.106694040Z   File "/usr/local/lib/python3.13/site-packages/fastapi/routing.py", line 134, in app
2026-09-10T18:00:32.106698339Z     await wrap_app_handling_exceptions(app, request)(scope, receive, send)
2026-09-10T18:00:32.106702607Z   File "/usr/local/lib/python3.13/site-packages/starlette/_exception_handler.py", line 53, in wrapped_app
2026-09-10T18:00:32.106706936Z     raise exc
2026-09-10T18:00:32.106711294Z   File "/usr/local/lib/python3.13/site-packages/starlette/_exception_handler.py", line 42, in wrapped_app
2026-09-10T18:00:32.106715583Z     await app(scope, receive, sender)
2026-09-10T18:00:32.106719932Z   File "/usr/local/lib/python3.13/site-packages/fastapi/routing.py", line 120, in app
2026-09-10T18:00:32.106725112Z     response = await f(request)
2026-09-10T18:00:32.106729430Z                ^^^^^^^^^^^^^^^^
2026-09-10T18:00:32.106733769Z   File "/usr/local/lib/python3.13/site-packages/fastapi/routing.py", line 674, in app
2026-09-10T18:00:32.106738088Z     raw_response = await run_endpoint_function(
2026-09-10T18:00:32.106742416Z                    ^^^^^^^^^^^^^^^^^^^^^^^^^^^^
2026-09-10T18:00:32.106747246Z     ...<3 lines>...
2026-09-10T18:00:32.106751544Z     )
2026-09-10T18:00:32.106755893Z     ^
2026-09-10T18:00:32.106760201Z   File "/usr/local/lib/python3.13/site-packages/fastapi/routing.py", line 330, in run_endpoint_function
2026-09-10T18:00:32.106764500Z     return await run_in_threadpool(dependant.call, **values)
2026-09-10T18:00:32.106768839Z            ^^^^^^^^^^^^^^^^^^^^^^^^^^^^^^^^^^^^^^^^^^^^^^^^^
2026-09-10T18:00:32.106810692Z   File "/usr/local/lib/python3.13/site-packages/starlette/concurrency.py", line 32, in run_in_threadpool
2026-09-10T18:00:32.106815692Z     return await anyio.to_thread.run_sync(func)
2026-09-10T18:00:32.106817756Z            ^^^^^^^^^^^^^^^^^^^^^^^^^^^^^^^^^^^^
2026-09-10T18:00:32.106819760Z   File "/usr/local/lib/python3.13/site-packages/anyio/to_thread.py", line 63, in run_sync
2026-09-10T18:00:32.106821764Z     return await get_async_backend().run_sync_in_worker_thread(
2026-09-10T18:00:32.106823687Z            ^^^^^^^^^^^^^^^^^^^^^^^^^^^^^^^^^^^^^^^^^^^^^^^^^^^^
2026-09-10T18:00:32.106825591Z         func, args, abandon_on_cancel=abandon_on_cancel, limiter=limiter
2026-09-10T18:00:32.106827495Z         ^^^^^^^^^^^^^^^^^^^^^^^^^^^^^^^^^^^^^^^^^^^^^^^^^^^^^^^^^^^^^^^^
2026-09-10T18:00:32.106829419Z     )
2026-09-10T18:00:32.106831363Z     ^
2026-09-10T18:00:32.106833277Z   File "/usr/local/lib/python3.13/site-packages/anyio/_backends/_asyncio.py", line 2518, in run_sync_in_worker_thread
2026-09-10T18:00:32.106835311Z     return await future
2026-09-10T18:00:32.106837305Z            ^^^^^^^^^^^^
2026-09-10T18:00:32.106848607Z   File "/usr/local/lib/python3.13/site-packages/anyio/_backends/_asyncio.py", line 1002, in run
2026-09-10T18:00:32.106850621Z     result = context.run(func, *args)
2026-09-10T18:00:32.106852565Z   File "/app/app/routers/orders.py", line 36, in checkout
2026-09-10T18:00:32.106854489Z     return create_order(
2026-09-10T18:00:32.106856432Z         db=db,
2026-09-10T18:00:32.106858396Z     ...<2 lines>...
2026-09-10T18:00:32.106860340Z         correlation_id=correlation_id,
2026-09-10T18:00:32.106862284Z     )
2026-09-10T18:00:32.106864248Z   File "/app/app/services/order_service.py", line 42, in create_order
2026-09-10T18:00:32.106866182Z     result = db.execute(
2026-09-10T18:00:32.106868086Z         select(ProductModel).where(ProductModel.id == product_id)
2026-09-10T18:00:32.106869979Z     )
2026-09-10T18:00:32.106871903Z   File "/usr/local/lib/python3.13/site-packages/sqlalchemy/orm/session.py", line 2372, in execute
2026-09-10T18:00:32.106873787Z     return self._execute_internal(
2026-09-10T18:00:32.106875681Z            ~~~~~~~~~~~~~~~~~~~~~~^
2026-09-10T18:00:32.106877605Z         statement,
2026-09-10T18:00:32.106879508Z         ^^^^^^^^^^
2026-09-10T18:00:32.106881422Z     ...<4 lines>...
2026-09-10T18:00:32.106883316Z         _add_event=_add_event,
2026-09-10T18:00:32.106885220Z         ^^^^^^^^^^^^^^^^^^^^^^
2026-09-10T18:00:32.106887103Z     )
2026-09-10T18:00:32.106889037Z     ^
2026-09-10T18:00:32.106890981Z   File "/usr/local/lib/python3.13/site-packages/sqlalchemy/orm/session.py", line 2260, in _execute_internal
2026-09-10T18:00:32.106892945Z     conn = self._connection_for_bind(bind)
2026-09-10T18:00:32.106894899Z   File "/usr/local/lib/python3.13/site-packages/sqlalchemy/orm/session.py", line 2112, in _connection_for_bind
2026-09-10T18:00:32.106896823Z     return trans._connection_for_bind(engine, execution_options)
2026-09-10T18:00:32.106898736Z            ~~~~~~~~~~~~~~~~~~~~~~~~~~^^^^^^^^^^^^^^^^^^^^^^^^^^^
2026-09-10T18:00:32.106900630Z   File "<string>", line 2, in _connection_for_bind
2026-09-10T18:00:32.106902584Z   File "/usr/local/lib/python3.13/site-packages/sqlalchemy/orm/state_changes.py", line 137, in _go
2026-09-10T18:00:32.106904498Z     ret_value = fn(self, *arg, **kw)
2026-09-10T18:00:32.106906422Z   File "/usr/local/lib/python3.13/site-packages/sqlalchemy/orm/session.py", line 1191, in _connection_for_bind
2026-09-10T18:00:32.106908346Z     conn = bind.connect()
2026-09-10T18:00:32.106910901Z   File "/usr/local/lib/python3.13/site-packages/opentelemetry/instrumentation/sqlalchemy/engine.py", line 200, in _wrap_connect_internal
2026-09-10T18:00:32.106912824Z     return func(*args, **kwargs)
2026-09-10T18:00:32.106914718Z   File "/usr/local/lib/python3.13/site-packages/sqlalchemy/engine/base.py", line 3295, in connect
2026-09-10T18:00:32.106916622Z     return self._connection_cls(self)
2026-09-10T18:00:32.106918526Z            ~~~~~~~~~~~~~~~~~~~~^^^^^^
2026-09-10T18:00:32.106920419Z   File "/usr/local/lib/python3.13/site-packages/sqlalchemy/engine/base.py", line 144, in __init__
2026-09-10T18:00:32.106922323Z     self._dbapi_connection = engine.raw_connection()
2026-09-10T18:00:32.106924247Z                              ~~~~~~~~~~~~~~~~~~~~~^^
2026-09-10T18:00:32.106926301Z   File "/usr/local/lib/python3.13/site-packages/sqlalchemy/engine/base.py", line 3319, in raw_connection
2026-09-10T18:00:32.106928225Z     return self.pool.connect()
2026-09-10T18:00:32.106930129Z            ~~~~~~~~~~~~~~~~~^^
2026-09-10T18:00:32.106932053Z   File "/usr/local/lib/python3.13/site-packages/sqlalchemy/pool/base.py", line 448, in connect
2026-09-10T18:00:32.106933956Z     return _ConnectionFairy._checkout(self)
2026-09-10T18:00:32.106941411Z            ~~~~~~~~~~~~~~~~~~~~~~~~~~^^^^^^
2026-09-10T18:00:32.106943345Z   File "/usr/local/lib/python3.13/site-packages/sqlalchemy/pool/base.py", line 1272, in _checkout
2026-09-10T18:00:32.106945279Z     fairy = _ConnectionRecord.checkout(pool)
2026-09-10T18:00:32.106947193Z   File "/usr/local/lib/python3.13/site-packages/sqlalchemy/pool/base.py", line 712, in checkout
2026-09-10T18:00:32.106949116Z     rec = pool._do_get()
2026-09-10T18:00:32.106951030Z   File "/usr/local/lib/python3.13/site-packages/sqlalchemy/pool/impl.py", line 167, in _do_get
2026-09-10T18:00:32.106952944Z     raise exc.TimeoutError(
2026-09-10T18:00:32.106954838Z     ...<4 lines>...
2026-09-10T18:00:32.106956762Z     )
2026-09-10T18:00:32.106959487Z sqlalchemy.exc.TimeoutError: QueuePool limit of size 5 overflow 10 reached, connection timed out, timeout 30.00 (Background on this error at: https://sqlalche.me/e/20/3o7r)
2026-09-10T18:00:32.122041380Z ERROR:    Exception in ASGI application
2026-09-10T18:00:32.122071200Z Traceback (most recent call last):
2026-09-10T18:00:32.122074075Z   File "/usr/local/lib/python3.13/site-packages/uvicorn/protocols/http/httptools_impl.py", line 421, in run_asgi
2026-09-10T18:00:32.122076791Z     result = await app(  # type: ignore[func-returns-value]
2026-09-10T18:00:32.122078715Z              ^^^^^^^^^^^^^^^^^^^^^^^^^^^^^^^^^^^^^^^^^^^^^^
2026-09-10T18:00:32.122080618Z         self.scope, self.receive, self.send
2026-09-10T18:00:32.122082602Z         ^^^^^^^^^^^^^^^^^^^^^^^^^^^^^^^^^^^
2026-09-10T18:00:32.122084636Z     )
2026-09-10T18:00:32.122086600Z     ^
2026-09-10T18:00:32.122088604Z   File "/usr/local/lib/python3.13/site-packages/uvicorn/middleware/proxy_headers.py", line 63, in __call__
2026-09-10T18:00:32.122090548Z     return await self.app(scope, receive, send)
2026-09-10T18:00:32.122092442Z            ^^^^^^^^^^^^^^^^^^^^^^^^^^^^^^^^^^^^
2026-09-10T18:00:32.122094937Z   File "/usr/local/lib/python3.13/site-packages/fastapi/applications.py", line 1159, in __call__
2026-09-10T18:00:32.122096851Z     await super().__call__(scope, receive, send)
2026-09-10T18:00:32.122098754Z   File "/usr/local/lib/python3.13/site-packages/starlette/applications.py", line 107, in __call__
2026-09-10T18:00:32.122100698Z     await self.middleware_stack(scope, receive, send)
2026-09-10T18:00:32.122102602Z   File "/usr/local/lib/python3.13/site-packages/starlette/middleware/errors.py", line 186, in __call__
2026-09-10T18:00:32.122104566Z     raise exc
2026-09-10T18:00:32.122106490Z   File "/usr/local/lib/python3.13/site-packages/starlette/middleware/errors.py", line 164, in __call__
2026-09-10T18:00:32.122108423Z     await self.app(scope, receive, _send)
2026-09-10T18:00:32.122110858Z   File "/usr/local/lib/python3.13/site-packages/opentelemetry/instrumentation/asgi/__init__.py", line 806, in __call__
2026-09-10T18:00:32.122112782Z     await self.app(scope, otel_receive, otel_send)
2026-09-10T18:00:32.122114696Z   File "/usr/local/lib/python3.13/site-packages/starlette/middleware/errors.py", line 186, in __call__
2026-09-10T18:00:32.122116640Z     raise exc
2026-09-10T18:00:32.122118554Z   File "/usr/local/lib/python3.13/site-packages/starlette/middleware/errors.py", line 164, in __call__
2026-09-10T18:00:32.122120457Z     await self.app(scope, receive, _send)
2026-09-10T18:00:32.122122381Z   File "/usr/local/lib/python3.13/site-packages/opentelemetry/instrumentation/fastapi/__init__.py", line 305, in __call__
2026-09-10T18:00:32.122124315Z     await self.app(scope, receive, send)
2026-09-10T18:00:32.122126239Z   File "/usr/local/lib/python3.13/site-packages/prometheus_fastapi_instrumentator/middleware.py", line 177, in __call__
2026-09-10T18:00:32.122147892Z     raise exc
2026-09-10T18:00:32.122150377Z   File "/usr/local/lib/python3.13/site-packages/prometheus_fastapi_instrumentator/middleware.py", line 175, in __call__
2026-09-10T18:00:32.122152341Z     await self.app(scope, receive, send_wrapper)
2026-09-10T18:00:32.122154325Z   File "/usr/local/lib/python3.13/site-packages/starlette/middleware/exceptions.py", line 63, in __call__
2026-09-10T18:00:32.122157160Z     await wrap_app_handling_exceptions(self.app, conn)(scope, receive, send)
2026-09-10T18:00:32.122159084Z   File "/usr/local/lib/python3.13/site-packages/starlette/_exception_handler.py", line 53, in wrapped_app
2026-09-10T18:00:32.122160998Z     raise exc
2026-09-10T18:00:32.122162902Z   File "/usr/local/lib/python3.13/site-packages/starlette/_exception_handler.py", line 42, in wrapped_app
2026-09-10T18:00:32.122164815Z     await app(scope, receive, sender)
2026-09-10T18:00:32.122166719Z   File "/usr/local/lib/python3.13/site-packages/fastapi/middleware/asyncexitstack.py", line 18, in __call__
2026-09-10T18:00:32.122168643Z     await self.app(scope, receive, send)
2026-09-10T18:00:32.122170557Z   File "/usr/local/lib/python3.13/site-packages/starlette/routing.py", line 716, in __call__
2026-09-10T18:00:32.122172531Z     await self.middleware_stack(scope, receive, send)
2026-09-10T18:00:32.122174445Z   File "/usr/local/lib/python3.13/site-packages/starlette/routing.py", line 736, in app
2026-09-10T18:00:32.122176368Z     await route.handle(scope, receive, send)
2026-09-10T18:00:32.122178272Z   File "/usr/local/lib/python3.13/site-packages/starlette/routing.py", line 290, in handle
2026-09-10T18:00:32.122180186Z     await self.app(scope, receive, send)
2026-09-10T18:00:32.122182090Z   File "/usr/local/lib/python3.13/site-packages/fastapi/routing.py", line 134, in app
2026-09-10T18:00:32.122184024Z     await wrap_app_handling_exceptions(app, request)(scope, receive, send)
2026-09-10T18:00:32.122185937Z   File "/usr/local/lib/python3.13/site-packages/starlette/_exception_handler.py", line 53, in wrapped_app
2026-09-10T18:00:32.122187841Z     raise exc
2026-09-10T18:00:32.122189735Z   File "/usr/local/lib/python3.13/site-packages/starlette/_exception_handler.py", line 42, in wrapped_app
2026-09-10T18:00:32.122191649Z     await app(scope, receive, sender)
2026-09-10T18:00:32.122193562Z   File "/usr/local/lib/python3.13/site-packages/fastapi/routing.py", line 120, in app
2026-09-10T18:00:32.122195987Z     response = await f(request)
2026-09-10T18:00:32.122197921Z                ^^^^^^^^^^^^^^^^
2026-09-10T18:00:32.122199865Z   File "/usr/local/lib/python3.13/site-packages/fastapi/routing.py", line 674, in app
2026-09-10T18:00:32.122201779Z     raw_response = await run_endpoint_function(
2026-09-10T18:00:32.122203703Z                    ^^^^^^^^^^^^^^^^^^^^^^^^^^^^
2026-09-10T18:00:32.122206117Z     ...<3 lines>...
2026-09-10T18:00:32.122208041Z     )
2026-09-10T18:00:32.122209965Z     ^
2026-09-10T18:00:32.122211879Z   File "/usr/local/lib/python3.13/site-packages/fastapi/routing.py", line 330, in run_endpoint_function
2026-09-10T18:00:32.122213813Z     return await run_in_threadpool(dependant.call, **values)
2026-09-10T18:00:32.122215767Z            ^^^^^^^^^^^^^^^^^^^^^^^^^^^^^^^^^^^^^^^^^^^^^^^^^
2026-09-10T18:00:32.122246357Z   File "/usr/local/lib/python3.13/site-packages/starlette/concurrency.py", line 32, in run_in_threadpool
2026-09-10T18:00:32.122251097Z     return await anyio.to_thread.run_sync(func)
2026-09-10T18:00:32.122253121Z            ^^^^^^^^^^^^^^^^^^^^^^^^^^^^^^^^^^^^
2026-09-10T18:00:32.122255045Z   File "/usr/local/lib/python3.13/site-packages/anyio/to_thread.py", line 63, in run_sync
2026-09-10T18:00:32.122256968Z     return await get_async_backend().run_sync_in_worker_thread(
2026-09-10T18:00:32.122267028Z            ^^^^^^^^^^^^^^^^^^^^^^^^^^^^^^^^^^^^^^^^^^^^^^^^^^^^
2026-09-10T18:00:32.122269102Z         func, args, abandon_on_cancel=abandon_on_cancel, limiter=limiter
2026-09-10T18:00:32.122271046Z         ^^^^^^^^^^^^^^^^^^^^^^^^^^^^^^^^^^^^^^^^^^^^^^^^^^^^^^^^^^^^^^^^
2026-09-10T18:00:32.122272970Z     )
2026-09-10T18:00:32.122274924Z     ^
2026-09-10T18:00:32.122276848Z   File "/usr/local/lib/python3.13/site-packages/anyio/_backends/_asyncio.py", line 2518, in run_sync_in_worker_thread
2026-09-10T18:00:32.122278762Z     return await future
2026-09-10T18:00:32.122280675Z            ^^^^^^^^^^^^
2026-09-10T18:00:32.122282589Z   File "/usr/local/lib/python3.13/site-packages/anyio/_backends/_asyncio.py", line 1002, in run
2026-09-10T18:00:32.122284533Z     result = context.run(func, *args)
2026-09-10T18:00:32.122286467Z   File "/app/app/routers/orders.py", line 36, in checkout
2026-09-10T18:00:32.122288371Z     return create_order(
2026-09-10T18:00:32.122290315Z         db=db,
2026-09-10T18:00:32.122292248Z     ...<2 lines>...
2026-09-10T18:00:32.122294182Z         correlation_id=correlation_id,
2026-09-10T18:00:32.122296106Z     )
2026-09-10T18:00:32.122298060Z   File "/app/app/services/order_service.py", line 42, in create_order
2026-09-10T18:00:32.122300004Z     result = db.execute(
2026-09-10T18:00:32.122301928Z         select(ProductModel).where(ProductModel.id == product_id)
2026-09-10T18:00:32.122303831Z     )
2026-09-10T18:00:32.122305735Z   File "/usr/local/lib/python3.13/site-packages/sqlalchemy/orm/session.py", line 2372, in execute
2026-09-10T18:00:32.122307649Z     return self._execute_internal(
2026-09-10T18:00:32.122309543Z            ~~~~~~~~~~~~~~~~~~~~~~^
2026-09-10T18:00:32.122311446Z         statement,
2026-09-10T18:00:32.122313420Z         ^^^^^^^^^^
2026-09-10T18:00:32.122315474Z     ...<4 lines>...
2026-09-10T18:00:32.122317398Z         _add_event=_add_event,
2026-09-10T18:00:32.122319302Z         ^^^^^^^^^^^^^^^^^^^^^^
2026-09-10T18:00:32.122321206Z     )
2026-09-10T18:00:32.122323120Z     ^
2026-09-10T18:00:32.122325043Z   File "/usr/local/lib/python3.13/site-packages/sqlalchemy/orm/session.py", line 2260, in _execute_internal
2026-09-10T18:00:32.122326957Z     conn = self._connection_for_bind(bind)
2026-09-10T18:00:32.122328871Z   File "/usr/local/lib/python3.13/site-packages/sqlalchemy/orm/session.py", line 2112, in _connection_for_bind
2026-09-10T18:00:32.122330825Z     return trans._connection_for_bind(engine, execution_options)
2026-09-10T18:00:32.122332739Z            ~~~~~~~~~~~~~~~~~~~~~~~~~~^^^^^^^^^^^^^^^^^^^^^^^^^^^
2026-09-10T18:00:32.122334632Z   File "<string>", line 2, in _connection_for_bind
2026-09-10T18:00:32.122336546Z   File "/usr/local/lib/python3.13/site-packages/sqlalchemy/orm/state_changes.py", line 137, in _go
2026-09-10T18:00:32.122338450Z     ret_value = fn(self, *arg, **kw)
2026-09-10T18:00:32.122340354Z   File "/usr/local/lib/python3.13/site-packages/sqlalchemy/orm/session.py", line 1191, in _connection_for_bind
2026-09-10T18:00:32.122342258Z     conn = bind.connect()
2026-09-10T18:00:32.122344773Z   File "/usr/local/lib/python3.13/site-packages/opentelemetry/instrumentation/sqlalchemy/engine.py", line 200, in _wrap_connect_internal
2026-09-10T18:00:32.122346696Z     return func(*args, **kwargs)
2026-09-10T18:00:32.122348600Z   File "/usr/local/lib/python3.13/site-packages/sqlalchemy/engine/base.py", line 3295, in connect
2026-09-10T18:00:32.122350534Z     return self._connection_cls(self)
2026-09-10T18:00:32.122352468Z            ~~~~~~~~~~~~~~~~~~~~^^^^^^
2026-09-10T18:00:32.122359101Z   File "/usr/local/lib/python3.13/site-packages/sqlalchemy/engine/base.py", line 144, in __init__
2026-09-10T18:00:32.122361135Z     self._dbapi_connection = engine.raw_connection()
2026-09-10T18:00:32.122363019Z                              ~~~~~~~~~~~~~~~~~~~~~^^
2026-09-10T18:00:32.122364913Z   File "/usr/local/lib/python3.13/site-packages/sqlalchemy/engine/base.py", line 3319, in raw_connection
2026-09-10T18:00:32.122367037Z     return self.pool.connect()
2026-09-10T18:00:32.122368971Z            ~~~~~~~~~~~~~~~~~^^
2026-09-10T18:00:32.122370894Z   File "/usr/local/lib/python3.13/site-packages/sqlalchemy/pool/base.py", line 448, in connect
2026-09-10T18:00:32.122372808Z     return _ConnectionFairy._checkout(self)
2026-09-10T18:00:32.122374712Z            ~~~~~~~~~~~~~~~~~~~~~~~~~~^^^^^^
2026-09-10T18:00:32.122376606Z   File "/usr/local/lib/python3.13/site-packages/sqlalchemy/pool/base.py", line 1272, in _checkout
2026-09-10T18:00:32.122381816Z     fairy = _ConnectionRecord.checkout(pool)
2026-09-10T18:00:32.122383800Z   File "/usr/local/lib/python3.13/site-packages/sqlalchemy/pool/base.py", line 712, in checkout
2026-09-10T18:00:32.122385764Z     rec = pool._do_get()
2026-09-10T18:00:32.122387688Z   File "/usr/local/lib/python3.13/site-packages/sqlalchemy/pool/impl.py", line 167, in _do_get
2026-09-10T18:00:32.122389592Z     raise exc.TimeoutError(
2026-09-10T18:00:32.122391495Z     ...<4 lines>...
2026-09-10T18:00:32.122393409Z     )
2026-09-10T18:00:32.122395984Z sqlalchemy.exc.TimeoutError: QueuePool limit of size 5 overflow 10 reached, connection timed out, timeout 30.00 (Background on this error at: https://sqlalche.me/e/20/3o7r)
2026-09-10T18:00:32.128419991Z ERROR:    Exception in ASGI application
2026-09-10T18:00:32.128505230Z Traceback (most recent call last):
2026-09-10T18:00:32.128515080Z   File "/usr/local/lib/python3.13/site-packages/uvicorn/protocols/http/httptools_impl.py", line 421, in run_asgi
2026-09-10T18:00:32.128520551Z     result = await app(  # type: ignore[func-returns-value]
2026-09-10T18:00:32.128524930Z              ^^^^^^^^^^^^^^^^^^^^^^^^^^^^^^^^^^^^^^^^^^^^^^
2026-09-10T18:00:32.128529318Z         self.scope, self.receive, self.send
2026-09-10T18:00:32.128533737Z         ^^^^^^^^^^^^^^^^^^^^^^^^^^^^^^^^^^^
2026-09-10T18:00:32.128538096Z     )
2026-09-10T18:00:32.128542524Z     ^
2026-09-10T18:00:32.128547474Z   File "/usr/local/lib/python3.13/site-packages/uvicorn/middleware/proxy_headers.py", line 63, in __call__
2026-09-10T18:00:32.128551883Z     return await self.app(scope, receive, send)
2026-09-10T18:00:32.128556182Z            ^^^^^^^^^^^^^^^^^^^^^^^^^^^^^^^^^^^^
2026-09-10T18:00:32.128561151Z   File "/usr/local/lib/python3.13/site-packages/fastapi/applications.py", line 1159, in __call__
2026-09-10T18:00:32.128565500Z     await super().__call__(scope, receive, send)
2026-09-10T18:00:32.128569869Z   File "/usr/local/lib/python3.13/site-packages/starlette/applications.py", line 107, in __call__
2026-09-10T18:00:32.128574187Z     await self.middleware_stack(scope, receive, send)
2026-09-10T18:00:32.128578516Z   File "/usr/local/lib/python3.13/site-packages/starlette/middleware/errors.py", line 186, in __call__
2026-09-10T18:00:32.128582965Z     raise exc
2026-09-10T18:00:32.128587303Z   File "/usr/local/lib/python3.13/site-packages/starlette/middleware/errors.py", line 164, in __call__
2026-09-10T18:00:32.128591632Z     await self.app(scope, receive, _send)
2026-09-10T18:00:32.128596882Z   File "/usr/local/lib/python3.13/site-packages/opentelemetry/instrumentation/asgi/__init__.py", line 806, in __call__
2026-09-10T18:00:32.128601201Z     await self.app(scope, otel_receive, otel_send)
2026-09-10T18:00:32.128605730Z   File "/usr/local/lib/python3.13/site-packages/starlette/middleware/errors.py", line 186, in __call__
2026-09-10T18:00:32.128638385Z     raise exc
2026-09-10T18:00:32.128642874Z   File "/usr/local/lib/python3.13/site-packages/starlette/middleware/errors.py", line 164, in __call__
2026-09-10T18:00:32.128647322Z     await self.app(scope, receive, _send)
2026-09-10T18:00:32.128651681Z   File "/usr/local/lib/python3.13/site-packages/opentelemetry/instrumentation/fastapi/__init__.py", line 305, in __call__
2026-09-10T18:00:32.128656010Z     await self.app(scope, receive, send)
2026-09-10T18:00:32.128660338Z   File "/usr/local/lib/python3.13/site-packages/prometheus_fastapi_instrumentator/middleware.py", line 177, in __call__
2026-09-10T18:00:32.128664677Z     raise exc
2026-09-10T18:00:32.128668985Z   File "/usr/local/lib/python3.13/site-packages/prometheus_fastapi_instrumentator/middleware.py", line 175, in __call__
2026-09-10T18:00:32.128673304Z     await self.app(scope, receive, send_wrapper)
2026-09-10T18:00:32.128677633Z   File "/usr/local/lib/python3.13/site-packages/starlette/middleware/exceptions.py", line 63, in __call__
2026-09-10T18:00:32.128682703Z     await wrap_app_handling_exceptions(self.app, conn)(scope, receive, send)
2026-09-10T18:00:32.128687011Z   File "/usr/local/lib/python3.13/site-packages/starlette/_exception_handler.py", line 53, in wrapped_app
2026-09-10T18:00:32.128691350Z     raise exc
2026-09-10T18:00:32.128695638Z   File "/usr/local/lib/python3.13/site-packages/starlette/_exception_handler.py", line 42, in wrapped_app
2026-09-10T18:00:32.128699957Z     await app(scope, receive, sender)
2026-09-10T18:00:32.128704255Z   File "/usr/local/lib/python3.13/site-packages/fastapi/middleware/asyncexitstack.py", line 18, in __call__
2026-09-10T18:00:32.128708855Z     await self.app(scope, receive, send)
2026-09-10T18:00:32.128713313Z   File "/usr/local/lib/python3.13/site-packages/starlette/routing.py", line 716, in __call__
2026-09-10T18:00:32.128717722Z     await self.middleware_stack(scope, receive, send)
2026-09-10T18:00:32.128722051Z   File "/usr/local/lib/python3.13/site-packages/starlette/routing.py", line 736, in app
2026-09-10T18:00:32.128726399Z     await route.handle(scope, receive, send)
2026-09-10T18:00:32.128730728Z   File "/usr/local/lib/python3.13/site-packages/starlette/routing.py", line 290, in handle
2026-09-10T18:00:32.128735037Z     await self.app(scope, receive, send)
2026-09-10T18:00:32.128739325Z   File "/usr/local/lib/python3.13/site-packages/fastapi/routing.py", line 134, in app
2026-09-10T18:00:32.128743654Z     await wrap_app_handling_exceptions(app, request)(scope, receive, send)
2026-09-10T18:00:32.128751038Z   File "/usr/local/lib/python3.13/site-packages/starlette/_exception_handler.py", line 53, in wrapped_app
2026-09-10T18:00:32.128755447Z     raise exc
2026-09-10T18:00:32.128759806Z   File "/usr/local/lib/python3.13/site-packages/starlette/_exception_handler.py", line 42, in wrapped_app
2026-09-10T18:00:32.128764114Z     await app(scope, receive, sender)
2026-09-10T18:00:32.128768413Z   File "/usr/local/lib/python3.13/site-packages/fastapi/routing.py", line 120, in app
2026-09-10T18:00:32.128773343Z     response = await f(request)
2026-09-10T18:00:32.128777691Z                ^^^^^^^^^^^^^^^^
2026-09-10T18:00:32.128782020Z   File "/usr/local/lib/python3.13/site-packages/fastapi/routing.py", line 674, in app
2026-09-10T18:00:32.128786368Z     raw_response = await run_endpoint_function(
2026-09-10T18:00:32.128790777Z                    ^^^^^^^^^^^^^^^^^^^^^^^^^^^^
2026-09-10T18:00:32.128795647Z     ...<3 lines>...
2026-09-10T18:00:32.128800005Z     )
2026-09-10T18:00:32.128804374Z     ^
2026-09-10T18:00:32.128808673Z   File "/usr/local/lib/python3.13/site-packages/fastapi/routing.py", line 330, in run_endpoint_function
2026-09-10T18:00:32.128823151Z     return await run_in_threadpool(dependant.call, **values)
2026-09-10T18:00:32.128827620Z            ^^^^^^^^^^^^^^^^^^^^^^^^^^^^^^^^^^^^^^^^^^^^^^^^^
2026-09-10T18:00:32.128862229Z   File "/usr/local/lib/python3.13/site-packages/starlette/concurrency.py", line 32, in run_in_threadpool
2026-09-10T18:00:32.128866888Z     return await anyio.to_thread.run_sync(func)
2026-09-10T18:00:32.128868902Z            ^^^^^^^^^^^^^^^^^^^^^^^^^^^^^^^^^^^^
2026-09-10T18:00:32.128870926Z   File "/usr/local/lib/python3.13/site-packages/anyio/to_thread.py", line 63, in run_sync
2026-09-10T18:00:32.128873010Z     return await get_async_backend().run_sync_in_worker_thread(
2026-09-10T18:00:32.128876998Z            ^^^^^^^^^^^^^^^^^^^^^^^^^^^^^^^^^^^^^^^^^^^^^^^^^^^^
2026-09-10T18:00:32.128878972Z         func, args, abandon_on_cancel=abandon_on_cancel, limiter=limiter
2026-09-10T18:00:32.128880886Z         ^^^^^^^^^^^^^^^^^^^^^^^^^^^^^^^^^^^^^^^^^^^^^^^^^^^^^^^^^^^^^^^^
2026-09-10T18:00:32.128882910Z     )
2026-09-10T18:00:32.128884864Z     ^
2026-09-10T18:00:32.128886818Z   File "/usr/local/lib/python3.13/site-packages/anyio/_backends/_asyncio.py", line 2518, in run_sync_in_worker_thread
2026-09-10T18:00:32.128888792Z     return await future
2026-09-10T18:00:32.128890726Z            ^^^^^^^^^^^^
2026-09-10T18:00:32.128892639Z   File "/usr/local/lib/python3.13/site-packages/anyio/_backends/_asyncio.py", line 1002, in run
2026-09-10T18:00:32.128894563Z     result = context.run(func, *args)
2026-09-10T18:00:32.128896487Z   File "/app/app/routers/orders.py", line 36, in checkout
2026-09-10T18:00:32.128898431Z     return create_order(
2026-09-10T18:00:32.128900385Z         db=db,
2026-09-10T18:00:32.128902299Z     ...<2 lines>...
2026-09-10T18:00:32.128904222Z         correlation_id=correlation_id,
2026-09-10T18:00:32.128906166Z     )
2026-09-10T18:00:32.128908120Z   File "/app/app/services/order_service.py", line 42, in create_order
2026-09-10T18:00:32.128910054Z     result = db.execute(
2026-09-10T18:00:32.128912028Z         select(ProductModel).where(ProductModel.id == product_id)
2026-09-10T18:00:32.128913992Z     )
2026-09-10T18:00:32.128915956Z   File "/usr/local/lib/python3.13/site-packages/sqlalchemy/orm/session.py", line 2372, in execute
2026-09-10T18:00:32.128917879Z     return self._execute_internal(
2026-09-10T18:00:32.128921737Z            ~~~~~~~~~~~~~~~~~~~~~~^
2026-09-10T18:00:32.128923701Z         statement,
2026-09-10T18:00:32.128925645Z         ^^^^^^^^^^
2026-09-10T18:00:32.128927569Z     ...<4 lines>...
2026-09-10T18:00:32.128929513Z         _add_event=_add_event,
2026-09-10T18:00:32.128931446Z         ^^^^^^^^^^^^^^^^^^^^^^
2026-09-10T18:00:32.128933340Z     )
2026-09-10T18:00:32.128935264Z     ^
2026-09-10T18:00:32.128937178Z   File "/usr/local/lib/python3.13/site-packages/sqlalchemy/orm/session.py", line 2260, in _execute_internal
2026-09-10T18:00:32.128939112Z     conn = self._connection_for_bind(bind)
2026-09-10T18:00:32.128941035Z   File "/usr/local/lib/python3.13/site-packages/sqlalchemy/orm/session.py", line 2112, in _connection_for_bind
2026-09-10T18:00:32.128942949Z     return trans._connection_for_bind(engine, execution_options)
2026-09-10T18:00:32.128944853Z            ~~~~~~~~~~~~~~~~~~~~~~~~~~^^^^^^^^^^^^^^^^^^^^^^^^^^^
2026-09-10T18:00:32.128946777Z   File "<string>", line 2, in _connection_for_bind
2026-09-10T18:00:32.128948701Z   File "/usr/local/lib/python3.13/site-packages/sqlalchemy/orm/state_changes.py", line 137, in _go
2026-09-10T18:00:32.128950654Z     ret_value = fn(self, *arg, **kw)
2026-09-10T18:00:32.128960534Z   File "/usr/local/lib/python3.13/site-packages/sqlalchemy/orm/session.py", line 1191, in _connection_for_bind
2026-09-10T18:00:32.128962518Z     conn = bind.connect()
2026-09-10T18:00:32.128965083Z   File "/usr/local/lib/python3.13/site-packages/opentelemetry/instrumentation/sqlalchemy/engine.py", line 200, in _wrap_connect_internal
2026-09-10T18:00:32.128966987Z     return func(*args, **kwargs)
2026-09-10T18:00:32.128968891Z   File "/usr/local/lib/python3.13/site-packages/sqlalchemy/engine/base.py", line 3295, in connect
2026-09-10T18:00:32.128970835Z     return self._connection_cls(self)
2026-09-10T18:00:32.128972758Z            ~~~~~~~~~~~~~~~~~~~~^^^^^^
2026-09-10T18:00:32.128974672Z   File "/usr/local/lib/python3.13/site-packages/sqlalchemy/engine/base.py", line 144, in __init__
2026-09-10T18:00:32.128976576Z     self._dbapi_connection = engine.raw_connection()
2026-09-10T18:00:32.128978490Z                              ~~~~~~~~~~~~~~~~~~~~~^^
2026-09-10T18:00:32.128980494Z   File "/usr/local/lib/python3.13/site-packages/sqlalchemy/engine/base.py", line 3319, in raw_connection
2026-09-10T18:00:32.128982418Z     return self.pool.connect()
2026-09-10T18:00:32.128984331Z            ~~~~~~~~~~~~~~~~~^^
2026-09-10T18:00:32.128986285Z   File "/usr/local/lib/python3.13/site-packages/sqlalchemy/pool/base.py", line 448, in connect
2026-09-10T18:00:32.128988199Z     return _ConnectionFairy._checkout(self)
2026-09-10T18:00:32.128990113Z            ~~~~~~~~~~~~~~~~~~~~~~~~~~^^^^^^
2026-09-10T18:00:32.128992057Z   File "/usr/local/lib/python3.13/site-packages/sqlalchemy/pool/base.py", line 1272, in _checkout
2026-09-10T18:00:32.128993970Z     fairy = _ConnectionRecord.checkout(pool)
2026-09-10T18:00:32.128995874Z   File "/usr/local/lib/python3.13/site-packages/sqlalchemy/pool/base.py", line 712, in checkout
2026-09-10T18:00:32.128997778Z     rec = pool._do_get()
2026-09-10T18:00:32.128999682Z   File "/usr/local/lib/python3.13/site-packages/sqlalchemy/pool/impl.py", line 167, in _do_get
2026-09-10T18:00:32.129001596Z     raise exc.TimeoutError(
2026-09-10T18:00:32.129003509Z     ...<4 lines>...
2026-09-10T18:00:32.129005403Z     )
2026-09-10T18:00:32.129007848Z sqlalchemy.exc.TimeoutError: QueuePool limit of size 5 overflow 10 reached, connection timed out, timeout 30.00 (Background on this error at: https://sqlalche.me/e/20/3o7r)
2026-09-10T18:00:32.774864654Z ERROR:    Exception in ASGI application
2026-09-10T18:00:32.775011745Z Traceback (most recent call last):
2026-09-10T18:00:32.775019972Z   File "/usr/local/lib/python3.13/site-packages/uvicorn/protocols/http/httptools_impl.py", line 421, in run_asgi
2026-09-10T18:00:32.775023008Z     result = await app(  # type: ignore[func-returns-value]
2026-09-10T18:00:32.775025673Z              ^^^^^^^^^^^^^^^^^^^^^^^^^^^^^^^^^^^^^^^^^^^^^^
2026-09-10T18:00:32.775030232Z         self.scope, self.receive, self.send
2026-09-10T18:00:32.775034781Z         ^^^^^^^^^^^^^^^^^^^^^^^^^^^^^^^^^^^
2026-09-10T18:00:32.775037316Z     )
2026-09-10T18:00:32.775039891Z     ^
2026-09-10T18:00:32.775042306Z   File "/usr/local/lib/python3.13/site-packages/uvicorn/middleware/proxy_headers.py", line 63, in __call__
2026-09-10T18:00:32.775044881Z     return await self.app(scope, receive, send)
2026-09-10T18:00:32.775047356Z            ^^^^^^^^^^^^^^^^^^^^^^^^^^^^^^^^^^^^
2026-09-10T18:00:32.775050843Z   File "/usr/local/lib/python3.13/site-packages/fastapi/applications.py", line 1159, in __call__
2026-09-10T18:00:32.775053518Z     await super().__call__(scope, receive, send)
2026-09-10T18:00:32.775056675Z   File "/usr/local/lib/python3.13/site-packages/starlette/applications.py", line 107, in __call__
2026-09-10T18:00:32.775059200Z     await self.middleware_stack(scope, receive, send)
2026-09-10T18:00:32.775124139Z   File "/usr/local/lib/python3.13/site-packages/starlette/middleware/errors.py", line 186, in __call__
2026-09-10T18:00:32.775128718Z     raise exc
2026-09-10T18:00:32.775130732Z   File "/usr/local/lib/python3.13/site-packages/starlette/middleware/errors.py", line 164, in __call__
2026-09-10T18:00:32.775132746Z     await self.app(scope, receive, _send)
2026-09-10T18:00:32.775135261Z   File "/usr/local/lib/python3.13/site-packages/opentelemetry/instrumentation/asgi/__init__.py", line 806, in __call__
2026-09-10T18:00:32.775137265Z     await self.app(scope, otel_receive, otel_send)
2026-09-10T18:00:32.775139379Z   File "/usr/local/lib/python3.13/site-packages/starlette/middleware/errors.py", line 186, in __call__
2026-09-10T18:00:32.775141313Z     raise exc
2026-09-10T18:00:32.775143427Z   File "/usr/local/lib/python3.13/site-packages/starlette/middleware/errors.py", line 164, in __call__
2026-09-10T18:00:32.775145361Z     await self.app(scope, receive, _send)
2026-09-10T18:00:32.775147735Z   File "/usr/local/lib/python3.13/site-packages/opentelemetry/instrumentation/fastapi/__init__.py", line 305, in __call__
2026-09-10T18:00:32.775150150Z     await self.app(scope, receive, send)
2026-09-10T18:00:32.775152495Z   File "/usr/local/lib/python3.13/site-packages/prometheus_fastapi_instrumentator/middleware.py", line 177, in __call__
2026-09-10T18:00:32.775155220Z     raise exc
2026-09-10T18:00:32.775157956Z   File "/usr/local/lib/python3.13/site-packages/prometheus_fastapi_instrumentator/middleware.py", line 175, in __call__
2026-09-10T18:00:32.775160370Z     await self.app(scope, receive, send_wrapper)
2026-09-10T18:00:32.775163066Z   File "/usr/local/lib/python3.13/site-packages/starlette/middleware/exceptions.py", line 63, in __call__
2026-09-10T18:00:32.775166553Z     await wrap_app_handling_exceptions(self.app, conn)(scope, receive, send)
2026-09-10T18:00:32.775171132Z   File "/usr/local/lib/python3.13/site-packages/starlette/_exception_handler.py", line 53, in wrapped_app
2026-09-10T18:00:32.775175390Z     raise exc
2026-09-10T18:00:32.775177925Z   File "/usr/local/lib/python3.13/site-packages/starlette/_exception_handler.py", line 42, in wrapped_app
2026-09-10T18:00:32.775180270Z     await app(scope, receive, sender)
2026-09-10T18:00:32.775182575Z   File "/usr/local/lib/python3.13/site-packages/fastapi/middleware/asyncexitstack.py", line 18, in __call__
2026-09-10T18:00:32.775185009Z     await self.app(scope, receive, send)
2026-09-10T18:00:32.775187474Z   File "/usr/local/lib/python3.13/site-packages/starlette/routing.py", line 716, in __call__
2026-09-10T18:00:32.775189719Z     await self.middleware_stack(scope, receive, send)
2026-09-10T18:00:32.775192324Z   File "/usr/local/lib/python3.13/site-packages/starlette/routing.py", line 736, in app
2026-09-10T18:00:32.775194769Z     await route.handle(scope, receive, send)
2026-09-10T18:00:32.775197254Z   File "/usr/local/lib/python3.13/site-packages/starlette/routing.py", line 290, in handle
2026-09-10T18:00:32.775199558Z     await self.app(scope, receive, send)
2026-09-10T18:00:32.775201823Z   File "/usr/local/lib/python3.13/site-packages/fastapi/routing.py", line 134, in app
2026-09-10T18:00:32.775204147Z     await wrap_app_handling_exceptions(app, request)(scope, receive, send)
2026-09-10T18:00:32.775206853Z   File "/usr/local/lib/python3.13/site-packages/starlette/_exception_handler.py", line 53, in wrapped_app
2026-09-10T18:00:32.775209187Z     raise exc
2026-09-10T18:00:32.775211502Z   File "/usr/local/lib/python3.13/site-packages/starlette/_exception_handler.py", line 42, in wrapped_app
2026-09-10T18:00:32.775213776Z     await app(scope, receive, sender)
2026-09-10T18:00:32.775226572Z   File "/usr/local/lib/python3.13/site-packages/fastapi/routing.py", line 120, in app
2026-09-10T18:00:32.775230119Z     response = await f(request)
2026-09-10T18:00:32.775232393Z                ^^^^^^^^^^^^^^^^
2026-09-10T18:00:32.775234718Z   File "/usr/local/lib/python3.13/site-packages/fastapi/routing.py", line 674, in app
2026-09-10T18:00:32.775236902Z     raw_response = await run_endpoint_function(
2026-09-10T18:00:32.775239197Z                    ^^^^^^^^^^^^^^^^^^^^^^^^^^^^
2026-09-10T18:00:32.775258656Z     ...<3 lines>...
2026-09-10T18:00:32.775265830Z     )
2026-09-10T18:00:32.775268405Z     ^
2026-09-10T18:00:32.775270990Z   File "/usr/local/lib/python3.13/site-packages/fastapi/routing.py", line 330, in run_endpoint_function
2026-09-10T18:00:32.775273635Z     return await run_in_threadpool(dependant.call, **values)
2026-09-10T18:00:32.775276250Z            ^^^^^^^^^^^^^^^^^^^^^^^^^^^^^^^^^^^^^^^^^^^^^^^^^
2026-09-10T18:00:32.775324566Z   File "/usr/local/lib/python3.13/site-packages/starlette/concurrency.py", line 32, in run_in_threadpool
2026-09-10T18:00:32.775329296Z     return await anyio.to_thread.run_sync(func)
2026-09-10T18:00:32.775331360Z            ^^^^^^^^^^^^^^^^^^^^^^^^^^^^^^^^^^^^
2026-09-10T18:00:32.775333324Z   File "/usr/local/lib/python3.13/site-packages/anyio/to_thread.py", line 63, in run_sync
2026-09-10T18:00:32.775335328Z     return await get_async_backend().run_sync_in_worker_thread(
2026-09-10T18:00:32.775337252Z            ^^^^^^^^^^^^^^^^^^^^^^^^^^^^^^^^^^^^^^^^^^^^^^^^^^^^
2026-09-10T18:00:32.775339366Z         func, args, abandon_on_cancel=abandon_on_cancel, limiter=limiter
2026-09-10T18:00:32.775341320Z         ^^^^^^^^^^^^^^^^^^^^^^^^^^^^^^^^^^^^^^^^^^^^^^^^^^^^^^^^^^^^^^^^
2026-09-10T18:00:32.775343273Z     )
2026-09-10T18:00:32.775345318Z     ^
2026-09-10T18:00:32.775347402Z   File "/usr/local/lib/python3.13/site-packages/anyio/_backends/_asyncio.py", line 2518, in run_sync_in_worker_thread
2026-09-10T18:00:32.775349376Z     return await future
2026-09-10T18:00:32.775352031Z            ^^^^^^^^^^^^
2026-09-10T18:00:32.775354355Z   File "/usr/local/lib/python3.13/site-packages/anyio/_backends/_asyncio.py", line 1002, in run
2026-09-10T18:00:32.775356860Z     result = context.run(func, *args)
2026-09-10T18:00:32.775359766Z   File "/app/app/routers/orders.py", line 36, in checkout
2026-09-10T18:00:32.775362211Z     return create_order(
2026-09-10T18:00:32.775364816Z         db=db,
2026-09-10T18:00:32.775367461Z     ...<2 lines>...
2026-09-10T18:00:32.775370357Z         correlation_id=correlation_id,
2026-09-10T18:00:32.775372592Z     )
2026-09-10T18:00:32.775374696Z   File "/app/app/services/order_service.py", line 42, in create_order
2026-09-10T18:00:32.775376650Z     result = db.execute(
2026-09-10T18:00:32.775378584Z         select(ProductModel).where(ProductModel.id == product_id)
2026-09-10T18:00:32.775380507Z     )
2026-09-10T18:00:32.775382491Z   File "/usr/local/lib/python3.13/site-packages/sqlalchemy/orm/session.py", line 2372, in execute
2026-09-10T18:00:32.775384435Z     return self._execute_internal(
2026-09-10T18:00:32.775386359Z            ~~~~~~~~~~~~~~~~~~~~~~^
2026-09-10T18:00:32.775388293Z         statement,
2026-09-10T18:00:32.775390287Z         ^^^^^^^^^^
2026-09-10T18:00:32.775392201Z     ...<4 lines>...
2026-09-10T18:00:32.775394235Z         _add_event=_add_event,
2026-09-10T18:00:32.775396178Z         ^^^^^^^^^^^^^^^^^^^^^^
2026-09-10T18:00:32.775398132Z     )
2026-09-10T18:00:32.775400086Z     ^
2026-09-10T18:00:32.775402030Z   File "/usr/local/lib/python3.13/site-packages/sqlalchemy/orm/session.py", line 2260, in _execute_internal
2026-09-10T18:00:32.775414214Z     conn = self._connection_for_bind(bind)
2026-09-10T18:00:32.775416278Z   File "/usr/local/lib/python3.13/site-packages/sqlalchemy/orm/session.py", line 2112, in _connection_for_bind
2026-09-10T18:00:32.775418383Z     return trans._connection_for_bind(engine, execution_options)
2026-09-10T18:00:32.775420296Z            ~~~~~~~~~~~~~~~~~~~~~~~~~~^^^^^^^^^^^^^^^^^^^^^^^^^^^
2026-09-10T18:00:32.775422220Z   File "<string>", line 2, in _connection_for_bind
2026-09-10T18:00:32.775424164Z   File "/usr/local/lib/python3.13/site-packages/sqlalchemy/orm/state_changes.py", line 137, in _go
2026-09-10T18:00:32.775426098Z     ret_value = fn(self, *arg, **kw)
2026-09-10T18:00:32.775428052Z   File "/usr/local/lib/python3.13/site-packages/sqlalchemy/orm/session.py", line 1191, in _connection_for_bind
2026-09-10T18:00:32.775429996Z     conn = bind.connect()
2026-09-10T18:00:32.775432891Z   File "/usr/local/lib/python3.13/site-packages/opentelemetry/instrumentation/sqlalchemy/engine.py", line 200, in _wrap_connect_internal
2026-09-10T18:00:32.775434815Z     return func(*args, **kwargs)
2026-09-10T18:00:32.775436979Z   File "/usr/local/lib/python3.13/site-packages/sqlalchemy/engine/base.py", line 3295, in connect
2026-09-10T18:00:32.775438903Z     return self._connection_cls(self)
2026-09-10T18:00:32.775440807Z            ~~~~~~~~~~~~~~~~~~~~^^^^^^
2026-09-10T18:00:32.775442731Z   File "/usr/local/lib/python3.13/site-packages/sqlalchemy/engine/base.py", line 144, in __init__
2026-09-10T18:00:32.775444735Z     self._dbapi_connection = engine.raw_connection()
2026-09-10T18:00:32.775446669Z                              ~~~~~~~~~~~~~~~~~~~~~^^
2026-09-10T18:00:32.775448713Z   File "/usr/local/lib/python3.13/site-packages/sqlalchemy/engine/base.py", line 3319, in raw_connection
2026-09-10T18:00:32.775450647Z     return self.pool.connect()
2026-09-10T18:00:32.775452560Z            ~~~~~~~~~~~~~~~~~^^
2026-09-10T18:00:32.775492530Z   File "/usr/local/lib/python3.13/site-packages/sqlalchemy/pool/base.py", line 448, in connect
2026-09-10T18:00:32.775513612Z     return _ConnectionFairy._checkout(self)
2026-09-10T18:00:32.775517720Z            ~~~~~~~~~~~~~~~~~~~~~~~~~~^^^^^^
2026-09-10T18:00:32.775519704Z   File "/usr/local/lib/python3.13/site-packages/sqlalchemy/pool/base.py", line 1272, in _checkout
2026-09-10T18:00:32.775521638Z     fairy = _ConnectionRecord.checkout(pool)
2026-09-10T18:00:32.775523571Z   File "/usr/local/lib/python3.13/site-packages/sqlalchemy/pool/base.py", line 712, in checkout
2026-09-10T18:00:32.775526056Z     rec = pool._do_get()
2026-09-10T18:00:32.775527980Z   File "/usr/local/lib/python3.13/site-packages/sqlalchemy/pool/impl.py", line 167, in _do_get
2026-09-10T18:00:32.775529894Z     raise exc.TimeoutError(
2026-09-10T18:00:32.775531828Z     ...<4 lines>...
2026-09-10T18:00:32.775533792Z     )
2026-09-10T18:00:32.775536327Z sqlalchemy.exc.TimeoutError: QueuePool limit of size 5 overflow 10 reached, connection timed out, timeout 30.00 (Background on this error at: https://sqlalche.me/e/20/3o7r)
2026-09-10T18:00:33.177150118Z ERROR:    Exception in ASGI application
2026-09-10T18:00:33.177183785Z Traceback (most recent call last):
2026-09-10T18:00:33.177187102Z   File "/usr/local/lib/python3.13/site-packages/uvicorn/protocols/http/httptools_impl.py", line 421, in run_asgi
2026-09-10T18:00:33.177189967Z     result = await app(  # type: ignore[func-returns-value]
2026-09-10T18:00:33.177191891Z              ^^^^^^^^^^^^^^^^^^^^^^^^^^^^^^^^^^^^^^^^^^^^^^
2026-09-10T18:00:33.177194546Z         self.scope, self.receive, self.send
2026-09-10T18:00:33.177196470Z         ^^^^^^^^^^^^^^^^^^^^^^^^^^^^^^^^^^^
2026-09-10T18:00:33.177198444Z     )
2026-09-10T18:00:33.177222131Z     ^
2026-09-10T18:00:33.177224235Z   File "/usr/local/lib/python3.13/site-packages/uvicorn/middleware/proxy_headers.py", line 63, in __call__
2026-09-10T18:00:33.177226199Z     return await self.app(scope, receive, send)
2026-09-10T18:00:33.177228083Z            ^^^^^^^^^^^^^^^^^^^^^^^^^^^^^^^^^^^^
2026-09-10T18:00:33.177230618Z   File "/usr/local/lib/python3.13/site-packages/fastapi/applications.py", line 1159, in __call__
2026-09-10T18:00:33.177232602Z     await super().__call__(scope, receive, send)
2026-09-10T18:00:33.177234506Z   File "/usr/local/lib/python3.13/site-packages/starlette/applications.py", line 107, in __call__
2026-09-10T18:00:33.177236470Z     await self.middleware_stack(scope, receive, send)
2026-09-10T18:00:33.177238393Z   File "/usr/local/lib/python3.13/site-packages/starlette/middleware/errors.py", line 186, in __call__
2026-09-10T18:00:33.177240347Z     raise exc
2026-09-10T18:00:33.177245047Z   File "/usr/local/lib/python3.13/site-packages/starlette/middleware/errors.py", line 164, in __call__
2026-09-10T18:00:33.177247171Z     await self.app(scope, receive, _send)
2026-09-10T18:00:33.177249786Z   File "/usr/local/lib/python3.13/site-packages/opentelemetry/instrumentation/asgi/__init__.py", line 806, in __call__
2026-09-10T18:00:33.177251770Z     await self.app(scope, otel_receive, otel_send)
2026-09-10T18:00:33.177255547Z   File "/usr/local/lib/python3.13/site-packages/starlette/middleware/errors.py", line 186, in __call__
2026-09-10T18:00:33.177257511Z     raise exc
2026-09-10T18:00:33.177259445Z   File "/usr/local/lib/python3.13/site-packages/starlette/middleware/errors.py", line 164, in __call__
2026-09-10T18:00:33.177261389Z     await self.app(scope, receive, _send)
2026-09-10T18:00:33.177263343Z   File "/usr/local/lib/python3.13/site-packages/opentelemetry/instrumentation/fastapi/__init__.py", line 305, in __call__
2026-09-10T18:00:33.177265287Z     await self.app(scope, receive, send)
2026-09-10T18:00:33.177267191Z   File "/usr/local/lib/python3.13/site-packages/prometheus_fastapi_instrumentator/middleware.py", line 177, in __call__
2026-09-10T18:00:33.177269265Z     raise exc
2026-09-10T18:00:33.177271229Z   File "/usr/local/lib/python3.13/site-packages/prometheus_fastapi_instrumentator/middleware.py", line 175, in __call__
2026-09-10T18:00:33.177273343Z     await self.app(scope, receive, send_wrapper)
2026-09-10T18:00:33.177275277Z   File "/usr/local/lib/python3.13/site-packages/starlette/middleware/exceptions.py", line 63, in __call__
2026-09-10T18:00:33.177277641Z     await wrap_app_handling_exceptions(self.app, conn)(scope, receive, send)
2026-09-10T18:00:33.177279635Z   File "/usr/local/lib/python3.13/site-packages/starlette/_exception_handler.py", line 53, in wrapped_app
2026-09-10T18:00:33.177281549Z     raise exc
2026-09-10T18:00:33.177283443Z   File "/usr/local/lib/python3.13/site-packages/starlette/_exception_handler.py", line 42, in wrapped_app
2026-09-10T18:00:33.177285377Z     await app(scope, receive, sender)
2026-09-10T18:00:33.177287290Z   File "/usr/local/lib/python3.13/site-packages/fastapi/middleware/asyncexitstack.py", line 18, in __call__
2026-09-10T18:00:33.177289234Z     await self.app(scope, receive, send)
2026-09-10T18:00:33.177291148Z   File "/usr/local/lib/python3.13/site-packages/starlette/routing.py", line 716, in __call__
2026-09-10T18:00:33.177293062Z     await self.middleware_stack(scope, receive, send)
2026-09-10T18:00:33.177294976Z   File "/usr/local/lib/python3.13/site-packages/starlette/routing.py", line 736, in app
2026-09-10T18:00:33.177296889Z     await route.handle(scope, receive, send)
2026-09-10T18:00:33.177298803Z   File "/usr/local/lib/python3.13/site-packages/starlette/routing.py", line 290, in handle
2026-09-10T18:00:33.177305647Z     await self.app(scope, receive, send)
2026-09-10T18:00:33.177307581Z   File "/usr/local/lib/python3.13/site-packages/fastapi/routing.py", line 134, in app
2026-09-10T18:00:33.177309705Z     await wrap_app_handling_exceptions(app, request)(scope, receive, send)
2026-09-10T18:00:33.177311629Z   File "/usr/local/lib/python3.13/site-packages/starlette/_exception_handler.py", line 53, in wrapped_app
2026-09-10T18:00:33.177313512Z     raise exc
2026-09-10T18:00:33.177315416Z   File "/usr/local/lib/python3.13/site-packages/starlette/_exception_handler.py", line 42, in wrapped_app
2026-09-10T18:00:33.177317320Z     await app(scope, receive, sender)
2026-09-10T18:00:33.177319224Z   File "/usr/local/lib/python3.13/site-packages/fastapi/routing.py", line 120, in app
2026-09-10T18:00:33.177321729Z     response = await f(request)
2026-09-10T18:00:33.177323653Z                ^^^^^^^^^^^^^^^^
2026-09-10T18:00:33.177325546Z   File "/usr/local/lib/python3.13/site-packages/fastapi/routing.py", line 674, in app
2026-09-10T18:00:33.177327450Z     raw_response = await run_endpoint_function(
2026-09-10T18:00:33.177329374Z                    ^^^^^^^^^^^^^^^^^^^^^^^^^^^^
2026-09-10T18:00:33.177332019Z     ...<3 lines>...
2026-09-10T18:00:33.177333963Z     )
2026-09-10T18:00:33.177335897Z     ^
2026-09-10T18:00:33.177337831Z   File "/usr/local/lib/python3.13/site-packages/fastapi/routing.py", line 330, in run_endpoint_function
2026-09-10T18:00:33.177339734Z     return await run_in_threadpool(dependant.call, **values)
2026-09-10T18:00:33.177341638Z            ^^^^^^^^^^^^^^^^^^^^^^^^^^^^^^^^^^^^^^^^^^^^^^^^^
2026-09-10T18:00:33.177345506Z   File "/usr/local/lib/python3.13/site-packages/starlette/concurrency.py", line 32, in run_in_threadpool
2026-09-10T18:00:33.177347510Z     return await anyio.to_thread.run_sync(func)
2026-09-10T18:00:33.177349494Z            ^^^^^^^^^^^^^^^^^^^^^^^^^^^^^^^^^^^^
2026-09-10T18:00:33.177351418Z   File "/usr/local/lib/python3.13/site-packages/anyio/to_thread.py", line 63, in run_sync
2026-09-10T18:00:33.177353372Z     return await get_async_backend().run_sync_in_worker_thread(
2026-09-10T18:00:33.177355285Z            ^^^^^^^^^^^^^^^^^^^^^^^^^^^^^^^^^^^^^^^^^^^^^^^^^^^^
2026-09-10T18:00:33.177357189Z         func, args, abandon_on_cancel=abandon_on_cancel, limiter=limiter
2026-09-10T18:00:33.177359113Z         ^^^^^^^^^^^^^^^^^^^^^^^^^^^^^^^^^^^^^^^^^^^^^^^^^^^^^^^^^^^^^^^^
2026-09-10T18:00:33.177361027Z     )
2026-09-10T18:00:33.177362941Z     ^
2026-09-10T18:00:33.177364874Z   File "/usr/local/lib/python3.13/site-packages/anyio/_backends/_asyncio.py", line 2518, in run_sync_in_worker_thread
2026-09-10T18:00:33.177366818Z     return await future
2026-09-10T18:00:33.177368772Z            ^^^^^^^^^^^^
2026-09-10T18:00:33.177370696Z   File "/usr/local/lib/python3.13/site-packages/anyio/_backends/_asyncio.py", line 1002, in run
2026-09-10T18:00:33.177372600Z     result = context.run(func, *args)
2026-09-10T18:00:33.177374534Z   File "/app/app/routers/orders.py", line 36, in checkout
2026-09-10T18:00:33.177376437Z     return create_order(
2026-09-10T18:00:33.177378361Z         db=db,
2026-09-10T18:00:33.177380305Z     ...<2 lines>...
2026-09-10T18:00:33.177382229Z         correlation_id=correlation_id,
2026-09-10T18:00:33.177386016Z     )
2026-09-10T18:00:33.177388030Z   File "/app/app/services/order_service.py", line 42, in create_order
2026-09-10T18:00:33.177389964Z     result = db.execute(
2026-09-10T18:00:33.177391898Z         select(ProductModel).where(ProductModel.id == product_id)
2026-09-10T18:00:33.177393812Z     )
2026-09-10T18:00:33.177395746Z   File "/usr/local/lib/python3.13/site-packages/sqlalchemy/orm/session.py", line 2372, in execute
2026-09-10T18:00:33.177408160Z     return self._execute_internal(
2026-09-10T18:00:33.177410144Z            ~~~~~~~~~~~~~~~~~~~~~~^
2026-09-10T18:00:33.177412088Z         statement,
2026-09-10T18:00:33.177414072Z         ^^^^^^^^^^
2026-09-10T18:00:33.177416006Z     ...<4 lines>...
2026-09-10T18:00:33.177417940Z         _add_event=_add_event,
2026-09-10T18:00:33.177419894Z         ^^^^^^^^^^^^^^^^^^^^^^
2026-09-10T18:00:33.177421807Z     )
2026-09-10T18:00:33.177423721Z     ^
2026-09-10T18:00:33.177425655Z   File "/usr/local/lib/python3.13/site-packages/sqlalchemy/orm/session.py", line 2260, in _execute_internal
2026-09-10T18:00:33.177427599Z     conn = self._connection_for_bind(bind)
2026-09-10T18:00:33.177429533Z   File "/usr/local/lib/python3.13/site-packages/sqlalchemy/orm/session.py", line 2112, in _connection_for_bind
2026-09-10T18:00:33.177431477Z     return trans._connection_for_bind(engine, execution_options)
2026-09-10T18:00:33.177433390Z            ~~~~~~~~~~~~~~~~~~~~~~~~~~^^^^^^^^^^^^^^^^^^^^^^^^^^^
2026-09-10T18:00:33.177435344Z   File "<string>", line 2, in _connection_for_bind
2026-09-10T18:00:33.177437258Z   File "/usr/local/lib/python3.13/site-packages/sqlalchemy/orm/state_changes.py", line 137, in _go
2026-09-10T18:00:33.177439182Z     ret_value = fn(self, *arg, **kw)
2026-09-10T18:00:33.177441176Z   File "/usr/local/lib/python3.13/site-packages/sqlalchemy/orm/session.py", line 1191, in _connection_for_bind
2026-09-10T18:00:33.177443120Z     conn = bind.connect()
2026-09-10T18:00:33.177445745Z   File "/usr/local/lib/python3.13/site-packages/opentelemetry/instrumentation/sqlalchemy/engine.py", line 200, in _wrap_connect_internal
2026-09-10T18:00:33.177447679Z     return func(*args, **kwargs)
2026-09-10T18:00:33.177449593Z   File "/usr/local/lib/python3.13/site-packages/sqlalchemy/engine/base.py", line 3295, in connect
2026-09-10T18:00:33.177451516Z     return self._connection_cls(self)
2026-09-10T18:00:33.177453430Z            ~~~~~~~~~~~~~~~~~~~~^^^^^^
2026-09-10T18:00:33.177455354Z   File "/usr/local/lib/python3.13/site-packages/sqlalchemy/engine/base.py", line 144, in __init__
2026-09-10T18:00:33.177457268Z     self._dbapi_connection = engine.raw_connection()
2026-09-10T18:00:33.177459232Z                              ~~~~~~~~~~~~~~~~~~~~~^^
2026-09-10T18:00:33.177461176Z   File "/usr/local/lib/python3.13/site-packages/sqlalchemy/engine/base.py", line 3319, in raw_connection
2026-09-10T18:00:33.177463099Z     return self.pool.connect()
2026-09-10T18:00:33.177465003Z            ~~~~~~~~~~~~~~~~~^^
2026-09-10T18:00:33.177466927Z   File "/usr/local/lib/python3.13/site-packages/sqlalchemy/pool/base.py", line 448, in connect
2026-09-10T18:00:33.177468841Z     return _ConnectionFairy._checkout(self)
2026-09-10T18:00:33.177470755Z            ~~~~~~~~~~~~~~~~~~~~~~~~~~^^^^^^
2026-09-10T18:00:33.177472668Z   File "/usr/local/lib/python3.13/site-packages/sqlalchemy/pool/base.py", line 1272, in _checkout
2026-09-10T18:00:33.177474592Z     fairy = _ConnectionRecord.checkout(pool)
2026-09-10T18:00:33.177476556Z   File "/usr/local/lib/python3.13/site-packages/sqlalchemy/pool/base.py", line 712, in checkout
2026-09-10T18:00:33.177478480Z     rec = pool._do_get()
2026-09-10T18:00:33.177480424Z   File "/usr/local/lib/python3.13/site-packages/sqlalchemy/pool/impl.py", line 167, in _do_get
2026-09-10T18:00:33.177482338Z     raise exc.TimeoutError(
2026-09-10T18:00:33.177484261Z     ...<4 lines>...
2026-09-10T18:00:33.177486175Z     )
2026-09-10T18:00:33.177488790Z sqlalchemy.exc.TimeoutError: QueuePool limit of size 5 overflow 10 reached, connection timed out, timeout 30.00 (Background on this error at: https://sqlalche.me/e/20/3o7r)
2026-09-10T18:00:33.203470458Z ERROR:    Exception in ASGI application
2026-09-10T18:00:33.203505979Z Traceback (most recent call last):
2026-09-10T18:00:33.203509405Z   File "/usr/local/lib/python3.13/site-packages/uvicorn/protocols/http/httptools_impl.py", line 421, in run_asgi
2026-09-10T18:00:33.203511950Z     result = await app(  # type: ignore[func-returns-value]
2026-09-10T18:00:33.203513964Z              ^^^^^^^^^^^^^^^^^^^^^^^^^^^^^^^^^^^^^^^^^^^^^^
2026-09-10T18:00:33.203515928Z         self.scope, self.receive, self.send
2026-09-10T18:00:33.203517902Z         ^^^^^^^^^^^^^^^^^^^^^^^^^^^^^^^^^^^
2026-09-10T18:00:33.203520227Z     )
2026-09-10T18:00:33.203522231Z     ^
2026-09-10T18:00:33.203524385Z   File "/usr/local/lib/python3.13/site-packages/uvicorn/middleware/proxy_headers.py", line 63, in __call__
2026-09-10T18:00:33.203526509Z     return await self.app(scope, receive, send)
2026-09-10T18:00:33.203528493Z            ^^^^^^^^^^^^^^^^^^^^^^^^^^^^^^^^^^^^
2026-09-10T18:00:33.203530958Z   File "/usr/local/lib/python3.13/site-packages/fastapi/applications.py", line 1159, in __call__
2026-09-10T18:00:33.203532872Z     await super().__call__(scope, receive, send)
2026-09-10T18:00:33.203538303Z   File "/usr/local/lib/python3.13/site-packages/starlette/applications.py", line 107, in __call__
2026-09-10T18:00:33.203540517Z     await self.middleware_stack(scope, receive, send)
2026-09-10T18:00:33.203544415Z   File "/usr/local/lib/python3.13/site-packages/starlette/middleware/errors.py", line 186, in __call__
2026-09-10T18:00:33.203546389Z     raise exc
2026-09-10T18:00:33.203548343Z   File "/usr/local/lib/python3.13/site-packages/starlette/middleware/errors.py", line 164, in __call__
2026-09-10T18:00:33.203550417Z     await self.app(scope, receive, _send)
2026-09-10T18:00:33.203552992Z   File "/usr/local/lib/python3.13/site-packages/opentelemetry/instrumentation/asgi/__init__.py", line 806, in __call__
2026-09-10T18:00:33.203554936Z     await self.app(scope, otel_receive, otel_send)
2026-09-10T18:00:33.203556880Z   File "/usr/local/lib/python3.13/site-packages/starlette/middleware/errors.py", line 186, in __call__
2026-09-10T18:00:33.203558834Z     raise exc
2026-09-10T18:00:33.203560747Z   File "/usr/local/lib/python3.13/site-packages/starlette/middleware/errors.py", line 164, in __call__
2026-09-10T18:00:33.203562671Z     await self.app(scope, receive, _send)
2026-09-10T18:00:33.203564585Z   File "/usr/local/lib/python3.13/site-packages/opentelemetry/instrumentation/fastapi/__init__.py", line 305, in __call__
2026-09-10T18:00:33.203566509Z     await self.app(scope, receive, send)
2026-09-10T18:00:33.203568503Z   File "/usr/local/lib/python3.13/site-packages/prometheus_fastapi_instrumentator/middleware.py", line 177, in __call__
2026-09-10T18:00:33.203570417Z     raise exc
2026-09-10T18:00:33.203572310Z   File "/usr/local/lib/python3.13/site-packages/prometheus_fastapi_instrumentator/middleware.py", line 175, in __call__
2026-09-10T18:00:33.203574274Z     await self.app(scope, receive, send_wrapper)
2026-09-10T18:00:33.203576198Z   File "/usr/local/lib/python3.13/site-packages/starlette/middleware/exceptions.py", line 63, in __call__
2026-09-10T18:00:33.203578693Z     await wrap_app_handling_exceptions(self.app, conn)(scope, receive, send)
2026-09-10T18:00:33.203580727Z   File "/usr/local/lib/python3.13/site-packages/starlette/_exception_handler.py", line 53, in wrapped_app
2026-09-10T18:00:33.203582651Z     raise exc
2026-09-10T18:00:33.203584545Z   File "/usr/local/lib/python3.13/site-packages/starlette/_exception_handler.py", line 42, in wrapped_app
2026-09-10T18:00:33.203586679Z     await app(scope, receive, sender)
2026-09-10T18:00:33.203611017Z   File "/usr/local/lib/python3.13/site-packages/fastapi/middleware/asyncexitstack.py", line 18, in __call__
2026-09-10T18:00:33.203613021Z     await self.app(scope, receive, send)
2026-09-10T18:00:33.203614955Z   File "/usr/local/lib/python3.13/site-packages/starlette/routing.py", line 716, in __call__
2026-09-10T18:00:33.203616879Z     await self.middleware_stack(scope, receive, send)
2026-09-10T18:00:33.203618793Z   File "/usr/local/lib/python3.13/site-packages/starlette/routing.py", line 736, in app
2026-09-10T18:00:33.203620736Z     await route.handle(scope, receive, send)
2026-09-10T18:00:33.203622700Z   File "/usr/local/lib/python3.13/site-packages/starlette/routing.py", line 290, in handle
2026-09-10T18:00:33.203624654Z     await self.app(scope, receive, send)
2026-09-10T18:00:33.203626678Z   File "/usr/local/lib/python3.13/site-packages/fastapi/routing.py", line 134, in app
2026-09-10T18:00:33.203628622Z     await wrap_app_handling_exceptions(app, request)(scope, receive, send)
2026-09-10T18:00:33.203630536Z   File "/usr/local/lib/python3.13/site-packages/starlette/_exception_handler.py", line 53, in wrapped_app
2026-09-10T18:00:33.203632670Z     raise exc
2026-09-10T18:00:33.203634644Z   File "/usr/local/lib/python3.13/site-packages/starlette/_exception_handler.py", line 42, in wrapped_app
2026-09-10T18:00:33.203636608Z     await app(scope, receive, sender)
2026-09-10T18:00:33.203638542Z   File "/usr/local/lib/python3.13/site-packages/fastapi/routing.py", line 120, in app
2026-09-10T18:00:33.203641297Z     response = await f(request)
2026-09-10T18:00:33.203643221Z                ^^^^^^^^^^^^^^^^
2026-09-10T18:00:33.203645295Z   File "/usr/local/lib/python3.13/site-packages/fastapi/routing.py", line 674, in app
2026-09-10T18:00:33.203647299Z     raw_response = await run_endpoint_function(
2026-09-10T18:00:33.203649223Z                    ^^^^^^^^^^^^^^^^^^^^^^^^^^^^
2026-09-10T18:00:33.203652049Z     ...<3 lines>...
2026-09-10T18:00:33.203654022Z     )
2026-09-10T18:00:33.203655966Z     ^
2026-09-10T18:00:33.203657920Z   File "/usr/local/lib/python3.13/site-packages/fastapi/routing.py", line 330, in run_endpoint_function
2026-09-10T18:00:33.203659864Z     return await run_in_threadpool(dependant.call, **values)
2026-09-10T18:00:33.203661808Z            ^^^^^^^^^^^^^^^^^^^^^^^^^^^^^^^^^^^^^^^^^^^^^^^^^
2026-09-10T18:00:33.203666838Z   File "/usr/local/lib/python3.13/site-packages/starlette/concurrency.py", line 32, in run_in_threadpool
2026-09-10T18:00:33.203668882Z     return await anyio.to_thread.run_sync(func)
2026-09-10T18:00:33.203670816Z            ^^^^^^^^^^^^^^^^^^^^^^^^^^^^^^^^^^^^
2026-09-10T18:00:33.203672750Z   File "/usr/local/lib/python3.13/site-packages/anyio/to_thread.py", line 63, in run_sync
2026-09-10T18:00:33.203674754Z     return await get_async_backend().run_sync_in_worker_thread(
2026-09-10T18:00:33.203676687Z            ^^^^^^^^^^^^^^^^^^^^^^^^^^^^^^^^^^^^^^^^^^^^^^^^^^^^
2026-09-10T18:00:33.203678661Z         func, args, abandon_on_cancel=abandon_on_cancel, limiter=limiter
2026-09-10T18:00:33.203680595Z         ^^^^^^^^^^^^^^^^^^^^^^^^^^^^^^^^^^^^^^^^^^^^^^^^^^^^^^^^^^^^^^^^
2026-09-10T18:00:33.203682509Z     )
2026-09-10T18:00:33.203684443Z     ^
2026-09-10T18:00:33.203686367Z   File "/usr/local/lib/python3.13/site-packages/anyio/_backends/_asyncio.py", line 2518, in run_sync_in_worker_thread
2026-09-10T18:00:33.203688280Z     return await future
2026-09-10T18:00:33.203690214Z            ^^^^^^^^^^^^
2026-09-10T18:00:33.203692118Z   File "/usr/local/lib/python3.13/site-packages/anyio/_backends/_asyncio.py", line 1002, in run
2026-09-10T18:00:33.203694072Z     result = context.run(func, *args)
2026-09-10T18:00:33.203701066Z   File "/app/app/routers/orders.py", line 36, in checkout
2026-09-10T18:00:33.203703010Z     return create_order(
2026-09-10T18:00:33.203704974Z         db=db,
2026-09-10T18:00:33.203706998Z     ...<2 lines>...
2026-09-10T18:00:33.203708901Z         correlation_id=correlation_id,
2026-09-10T18:00:33.203710835Z     )
2026-09-10T18:00:33.203712809Z   File "/app/app/services/order_service.py", line 42, in create_order
2026-09-10T18:00:33.203714753Z     result = db.execute(
2026-09-10T18:00:33.203716697Z         select(ProductModel).where(ProductModel.id == product_id)
2026-09-10T18:00:33.203718651Z     )
2026-09-10T18:00:33.203720565Z   File "/usr/local/lib/python3.13/site-packages/sqlalchemy/orm/session.py", line 2372, in execute
2026-09-10T18:00:33.203724933Z     return self._execute_internal(
2026-09-10T18:00:33.203726907Z            ~~~~~~~~~~~~~~~~~~~~~~^
2026-09-10T18:00:33.203728871Z         statement,
2026-09-10T18:00:33.203730795Z         ^^^^^^^^^^
2026-09-10T18:00:33.203732779Z     ...<4 lines>...
2026-09-10T18:00:33.203734693Z         _add_event=_add_event,
2026-09-10T18:00:33.203736606Z         ^^^^^^^^^^^^^^^^^^^^^^
2026-09-10T18:00:33.203738540Z     )
2026-09-10T18:00:33.203740474Z     ^
2026-09-10T18:00:33.203742418Z   File "/usr/local/lib/python3.13/site-packages/sqlalchemy/orm/session.py", line 2260, in _execute_internal
2026-09-10T18:00:33.203744352Z     conn = self._connection_for_bind(bind)
2026-09-10T18:00:33.203746276Z   File "/usr/local/lib/python3.13/site-packages/sqlalchemy/orm/session.py", line 2112, in _connection_for_bind
2026-09-10T18:00:33.203748420Z     return trans._connection_for_bind(engine, execution_options)
2026-09-10T18:00:33.203750614Z            ~~~~~~~~~~~~~~~~~~~~~~~~~~^^^^^^^^^^^^^^^^^^^^^^^^^^^
2026-09-10T18:00:33.203752718Z   File "<string>", line 2, in _connection_for_bind
2026-09-10T18:00:33.203754742Z   File "/usr/local/lib/python3.13/site-packages/sqlalchemy/orm/state_changes.py", line 137, in _go
2026-09-10T18:00:33.203756676Z     ret_value = fn(self, *arg, **kw)
2026-09-10T18:00:33.203758630Z   File "/usr/local/lib/python3.13/site-packages/sqlalchemy/orm/session.py", line 1191, in _connection_for_bind
2026-09-10T18:00:33.203760564Z     conn = bind.connect()
2026-09-10T18:00:33.203763069Z   File "/usr/local/lib/python3.13/site-packages/opentelemetry/instrumentation/sqlalchemy/engine.py", line 200, in _wrap_connect_internal
2026-09-10T18:00:33.203765003Z     return func(*args, **kwargs)
2026-09-10T18:00:33.203766937Z   File "/usr/local/lib/python3.13/site-packages/sqlalchemy/engine/base.py", line 3295, in connect
2026-09-10T18:00:33.203768971Z     return self._connection_cls(self)
2026-09-10T18:00:33.203770904Z            ~~~~~~~~~~~~~~~~~~~~^^^^^^
2026-09-10T18:00:33.203772808Z   File "/usr/local/lib/python3.13/site-packages/sqlalchemy/engine/base.py", line 144, in __init__
2026-09-10T18:00:33.203774722Z     self._dbapi_connection = engine.raw_connection()
2026-09-10T18:00:33.203776666Z                              ~~~~~~~~~~~~~~~~~~~~~^^
2026-09-10T18:00:33.203778580Z   File "/usr/local/lib/python3.13/site-packages/sqlalchemy/engine/base.py", line 3319, in raw_connection
2026-09-10T18:00:33.203780493Z     return self.pool.connect()
2026-09-10T18:00:33.203782427Z            ~~~~~~~~~~~~~~~~~^^
2026-09-10T18:00:33.203784331Z   File "/usr/local/lib/python3.13/site-packages/sqlalchemy/pool/base.py", line 448, in connect
2026-09-10T18:00:33.203786265Z     return _ConnectionFairy._checkout(self)
2026-09-10T18:00:33.203788209Z            ~~~~~~~~~~~~~~~~~~~~~~~~~~^^^^^^
2026-09-10T18:00:33.203790113Z   File "/usr/local/lib/python3.13/site-packages/sqlalchemy/pool/base.py", line 1272, in _checkout
2026-09-10T18:00:33.203796595Z     fairy = _ConnectionRecord.checkout(pool)
2026-09-10T18:00:33.203798559Z   File "/usr/local/lib/python3.13/site-packages/sqlalchemy/pool/base.py", line 712, in checkout
2026-09-10T18:00:33.203800483Z     rec = pool._do_get()
2026-09-10T18:00:33.203802417Z   File "/usr/local/lib/python3.13/site-packages/sqlalchemy/pool/impl.py", line 167, in _do_get
2026-09-10T18:00:33.203804341Z     raise exc.TimeoutError(
2026-09-10T18:00:33.203806275Z     ...<4 lines>...
2026-09-10T18:00:33.203808188Z     )
2026-09-10T18:00:33.203810754Z sqlalchemy.exc.TimeoutError: QueuePool limit of size 5 overflow 10 reached, connection timed out, timeout 30.00 (Background on this error at: https://sqlalche.me/e/20/3o7r)
2026-09-10T18:00:33.317399185Z ERROR:    Exception in ASGI application
2026-09-10T18:00:33.317433954Z Traceback (most recent call last):
2026-09-10T18:00:33.317439134Z   File "/usr/local/lib/python3.13/site-packages/uvicorn/protocols/http/httptools_impl.py", line 421, in run_asgi
2026-09-10T18:00:33.317444024Z     result = await app(  # type: ignore[func-returns-value]
2026-09-10T18:00:33.317448002Z              ^^^^^^^^^^^^^^^^^^^^^^^^^^^^^^^^^^^^^^^^^^^^^^
2026-09-10T18:00:33.317451899Z         self.scope, self.receive, self.send
2026-09-10T18:00:33.317455797Z         ^^^^^^^^^^^^^^^^^^^^^^^^^^^^^^^^^^^
2026-09-10T18:00:33.317459735Z     )
2026-09-10T18:00:33.317463723Z     ^
2026-09-10T18:00:33.317468422Z   File "/usr/local/lib/python3.13/site-packages/uvicorn/middleware/proxy_headers.py", line 63, in __call__
2026-09-10T18:00:33.317472470Z     return await self.app(scope, receive, send)
2026-09-10T18:00:33.317476819Z            ^^^^^^^^^^^^^^^^^^^^^^^^^^^^^^^^^^^^
2026-09-10T18:00:33.317481438Z   File "/usr/local/lib/python3.13/site-packages/fastapi/applications.py", line 1159, in __call__
2026-09-10T18:00:33.317485456Z     await super().__call__(scope, receive, send)
2026-09-10T18:00:33.317489464Z   File "/usr/local/lib/python3.13/site-packages/starlette/applications.py", line 107, in __call__
2026-09-10T18:00:33.317493522Z     await self.middleware_stack(scope, receive, send)
2026-09-10T18:00:33.317497480Z   File "/usr/local/lib/python3.13/site-packages/starlette/middleware/errors.py", line 186, in __call__
2026-09-10T18:00:33.317501588Z     raise exc
2026-09-10T18:00:33.317506097Z   File "/usr/local/lib/python3.13/site-packages/starlette/middleware/errors.py", line 164, in __call__
2026-09-10T18:00:33.317510235Z     await self.app(scope, receive, _send)
2026-09-10T18:00:33.317514954Z   File "/usr/local/lib/python3.13/site-packages/opentelemetry/instrumentation/asgi/__init__.py", line 806, in __call__
2026-09-10T18:00:33.317518942Z     await self.app(scope, otel_receive, otel_send)
2026-09-10T18:00:33.317522890Z   File "/usr/local/lib/python3.13/site-packages/starlette/middleware/errors.py", line 186, in __call__
2026-09-10T18:00:33.317526888Z     raise exc
2026-09-10T18:00:33.317530796Z   File "/usr/local/lib/python3.13/site-packages/starlette/middleware/errors.py", line 164, in __call__
2026-09-10T18:00:33.317534774Z     await self.app(scope, receive, _send)
2026-09-10T18:00:33.317538692Z   File "/usr/local/lib/python3.13/site-packages/opentelemetry/instrumentation/fastapi/__init__.py", line 305, in __call__
2026-09-10T18:00:33.317542629Z     await self.app(scope, receive, send)
2026-09-10T18:00:33.317546537Z   File "/usr/local/lib/python3.13/site-packages/prometheus_fastapi_instrumentator/middleware.py", line 177, in __call__
2026-09-10T18:00:33.317550485Z     raise exc
2026-09-10T18:00:33.317554393Z   File "/usr/local/lib/python3.13/site-packages/prometheus_fastapi_instrumentator/middleware.py", line 175, in __call__
2026-09-10T18:00:33.317589452Z     await self.app(scope, receive, send_wrapper)
2026-09-10T18:00:33.317593631Z   File "/usr/local/lib/python3.13/site-packages/starlette/middleware/exceptions.py", line 63, in __call__
2026-09-10T18:00:33.317598100Z     await wrap_app_handling_exceptions(self.app, conn)(scope, receive, send)
2026-09-10T18:00:33.317602087Z   File "/usr/local/lib/python3.13/site-packages/starlette/_exception_handler.py", line 53, in wrapped_app
2026-09-10T18:00:33.317606025Z     raise exc
2026-09-10T18:00:33.317609903Z   File "/usr/local/lib/python3.13/site-packages/starlette/_exception_handler.py", line 42, in wrapped_app
2026-09-10T18:00:33.317613841Z     await app(scope, receive, sender)
2026-09-10T18:00:33.317617779Z   File "/usr/local/lib/python3.13/site-packages/fastapi/middleware/asyncexitstack.py", line 18, in __call__
2026-09-10T18:00:33.317621716Z     await self.app(scope, receive, send)
2026-09-10T18:00:33.317625644Z   File "/usr/local/lib/python3.13/site-packages/starlette/routing.py", line 716, in __call__
2026-09-10T18:00:33.317629652Z     await self.middleware_stack(scope, receive, send)
2026-09-10T18:00:33.317633600Z   File "/usr/local/lib/python3.13/site-packages/starlette/routing.py", line 736, in app
2026-09-10T18:00:33.317637558Z     await route.handle(scope, receive, send)
2026-09-10T18:00:33.317669181Z   File "/usr/local/lib/python3.13/site-packages/starlette/routing.py", line 290, in handle
2026-09-10T18:00:33.317682046Z     await self.app(scope, receive, send)
2026-09-10T18:00:33.317686244Z   File "/usr/local/lib/python3.13/site-packages/fastapi/routing.py", line 134, in app
2026-09-10T18:00:33.317690182Z     await wrap_app_handling_exceptions(app, request)(scope, receive, send)
2026-09-10T18:00:33.317694150Z   File "/usr/local/lib/python3.13/site-packages/starlette/_exception_handler.py", line 53, in wrapped_app
2026-09-10T18:00:33.317698298Z     raise exc
2026-09-10T18:00:33.317705523Z   File "/usr/local/lib/python3.13/site-packages/starlette/_exception_handler.py", line 42, in wrapped_app
2026-09-10T18:00:33.317709591Z     await app(scope, receive, sender)
2026-09-10T18:00:33.317713529Z   File "/usr/local/lib/python3.13/site-packages/fastapi/routing.py", line 120, in app
2026-09-10T18:00:33.317718038Z     response = await f(request)
2026-09-10T18:00:33.317722015Z                ^^^^^^^^^^^^^^^^
2026-09-10T18:00:33.317726063Z   File "/usr/local/lib/python3.13/site-packages/fastapi/routing.py", line 674, in app
2026-09-10T18:00:33.317730041Z     raw_response = await run_endpoint_function(
2026-09-10T18:00:33.317734039Z                    ^^^^^^^^^^^^^^^^^^^^^^^^^^^^
2026-09-10T18:00:33.317738628Z     ...<3 lines>...
2026-09-10T18:00:33.317742616Z     )
2026-09-10T18:00:33.317746614Z     ^
2026-09-10T18:00:33.317750572Z   File "/usr/local/lib/python3.13/site-packages/fastapi/routing.py", line 330, in run_endpoint_function
2026-09-10T18:00:33.317754490Z     return await run_in_threadpool(dependant.call, **values)
2026-09-10T18:00:33.317758468Z            ^^^^^^^^^^^^^^^^^^^^^^^^^^^^^^^^^^^^^^^^^^^^^^^^^
2026-09-10T18:00:33.317819299Z   File "/usr/local/lib/python3.13/site-packages/starlette/concurrency.py", line 32, in run_in_threadpool
2026-09-10T18:00:33.317828767Z     return await anyio.to_thread.run_sync(func)
2026-09-10T18:00:33.317833016Z            ^^^^^^^^^^^^^^^^^^^^^^^^^^^^^^^^^^^^
2026-09-10T18:00:33.317837134Z   File "/usr/local/lib/python3.13/site-packages/anyio/to_thread.py", line 63, in run_sync
2026-09-10T18:00:33.317841112Z     return await get_async_backend().run_sync_in_worker_thread(
2026-09-10T18:00:33.317845200Z            ^^^^^^^^^^^^^^^^^^^^^^^^^^^^^^^^^^^^^^^^^^^^^^^^^^^^
2026-09-10T18:00:33.317849238Z         func, args, abandon_on_cancel=abandon_on_cancel, limiter=limiter
2026-09-10T18:00:33.317922894Z         ^^^^^^^^^^^^^^^^^^^^^^^^^^^^^^^^^^^^^^^^^^^^^^^^^^^^^^^^^^^^^^^^
2026-09-10T18:00:33.317931511Z     )
2026-09-10T18:00:33.317935569Z     ^
2026-09-10T18:00:33.317939657Z   File "/usr/local/lib/python3.13/site-packages/anyio/_backends/_asyncio.py", line 2518, in run_sync_in_worker_thread
2026-09-10T18:00:33.317943625Z     return await future
2026-09-10T18:00:33.317947583Z            ^^^^^^^^^^^^
2026-09-10T18:00:33.317951491Z   File "/usr/local/lib/python3.13/site-packages/anyio/_backends/_asyncio.py", line 1002, in run
2026-09-10T18:00:33.317955429Z     result = context.run(func, *args)
2026-09-10T18:00:33.317959357Z   File "/app/app/routers/orders.py", line 36, in checkout
2026-09-10T18:00:33.317963344Z     return create_order(
2026-09-10T18:00:33.317967352Z         db=db,
2026-09-10T18:00:33.317971320Z     ...<2 lines>...
2026-09-10T18:00:33.317975278Z         correlation_id=correlation_id,
2026-09-10T18:00:33.317979236Z     )
2026-09-10T18:00:33.317983264Z   File "/app/app/services/order_service.py", line 42, in create_order
2026-09-10T18:00:33.317987262Z     result = db.execute(
2026-09-10T18:00:33.317991220Z         select(ProductModel).where(ProductModel.id == product_id)
2026-09-10T18:00:33.317995368Z     )
2026-09-10T18:00:33.317999346Z   File "/usr/local/lib/python3.13/site-packages/sqlalchemy/orm/session.py", line 2372, in execute
2026-09-10T18:00:33.318003314Z     return self._execute_internal(
2026-09-10T18:00:33.318007282Z            ~~~~~~~~~~~~~~~~~~~~~~^
2026-09-10T18:00:33.318011229Z         statement,
2026-09-10T18:00:33.318015157Z         ^^^^^^^^^^
2026-09-10T18:00:33.318019075Z     ...<4 lines>...
2026-09-10T18:00:33.318022993Z         _add_event=_add_event,
2026-09-10T18:00:33.318026991Z         ^^^^^^^^^^^^^^^^^^^^^^
2026-09-10T18:00:33.318030909Z     )
2026-09-10T18:00:33.318034836Z     ^
2026-09-10T18:00:33.318038794Z   File "/usr/local/lib/python3.13/site-packages/sqlalchemy/orm/session.py", line 2260, in _execute_internal
2026-09-10T18:00:33.318042742Z     conn = self._connection_for_bind(bind)
2026-09-10T18:00:33.318046730Z   File "/usr/local/lib/python3.13/site-packages/sqlalchemy/orm/session.py", line 2112, in _connection_for_bind
2026-09-10T18:00:33.318050698Z     return trans._connection_for_bind(engine, execution_options)
2026-09-10T18:00:33.318054576Z            ~~~~~~~~~~~~~~~~~~~~~~~~~~^^^^^^^^^^^^^^^^^^^^^^^^^^^
2026-09-10T18:00:33.318058513Z   File "<string>", line 2, in _connection_for_bind
2026-09-10T18:00:33.318062431Z   File "/usr/local/lib/python3.13/site-packages/sqlalchemy/orm/state_changes.py", line 137, in _go
2026-09-10T18:00:33.318066399Z     ret_value = fn(self, *arg, **kw)
2026-09-10T18:00:33.318070307Z   File "/usr/local/lib/python3.13/site-packages/sqlalchemy/orm/session.py", line 1191, in _connection_for_bind
2026-09-10T18:00:33.318074265Z     conn = bind.connect()
2026-09-10T18:00:33.318078894Z   File "/usr/local/lib/python3.13/site-packages/opentelemetry/instrumentation/sqlalchemy/engine.py", line 200, in _wrap_connect_internal
2026-09-10T18:00:33.318082812Z     return func(*args, **kwargs)
2026-09-10T18:00:33.318086759Z   File "/usr/local/lib/python3.13/site-packages/sqlalchemy/engine/base.py", line 3295, in connect
2026-09-10T18:00:33.318090737Z     return self._connection_cls(self)
2026-09-10T18:00:33.318094655Z            ~~~~~~~~~~~~~~~~~~~~^^^^^^
2026-09-10T18:00:33.318098693Z   File "/usr/local/lib/python3.13/site-packages/sqlalchemy/engine/base.py", line 144, in __init__
2026-09-10T18:00:33.318102621Z     self._dbapi_connection = engine.raw_connection()
2026-09-10T18:00:33.318118663Z                              ~~~~~~~~~~~~~~~~~~~~~^^
2026-09-10T18:00:33.318122721Z   File "/usr/local/lib/python3.13/site-packages/sqlalchemy/engine/base.py", line 3319, in raw_connection
2026-09-10T18:00:33.318126679Z     return self.pool.connect()
2026-09-10T18:00:33.318130636Z            ~~~~~~~~~~~~~~~~~^^
2026-09-10T18:00:33.318134624Z   File "/usr/local/lib/python3.13/site-packages/sqlalchemy/pool/base.py", line 448, in connect
2026-09-10T18:00:33.318138582Z     return _ConnectionFairy._checkout(self)
2026-09-10T18:00:33.318142490Z            ~~~~~~~~~~~~~~~~~~~~~~~~~~^^^^^^
2026-09-10T18:00:33.318146458Z   File "/usr/local/lib/python3.13/site-packages/sqlalchemy/pool/base.py", line 1272, in _checkout
2026-09-10T18:00:33.318150376Z     fairy = _ConnectionRecord.checkout(pool)
2026-09-10T18:00:33.318154293Z   File "/usr/local/lib/python3.13/site-packages/sqlalchemy/pool/base.py", line 712, in checkout
2026-09-10T18:00:33.318158211Z     rec = pool._do_get()
2026-09-10T18:00:33.318162169Z   File "/usr/local/lib/python3.13/site-packages/sqlalchemy/pool/impl.py", line 167, in _do_get
2026-09-10T18:00:33.318166197Z     raise exc.TimeoutError(
2026-09-10T18:00:33.318170125Z     ...<4 lines>...
2026-09-10T18:00:33.318174033Z     )
2026-09-10T18:00:33.318178642Z sqlalchemy.exc.TimeoutError: QueuePool limit of size 5 overflow 10 reached, connection timed out, timeout 30.00 (Background on this error at: https://sqlalche.me/e/20/3o7r)
2026-09-10T18:00:33.374880654Z ERROR:    Exception in ASGI application
2026-09-10T18:00:33.374933739Z Traceback (most recent call last):
2026-09-10T18:00:33.374939020Z   File "/usr/local/lib/python3.13/site-packages/uvicorn/protocols/http/httptools_impl.py", line 421, in run_asgi
2026-09-10T18:00:33.374942196Z     result = await app(  # type: ignore[func-returns-value]
2026-09-10T18:00:33.374944140Z              ^^^^^^^^^^^^^^^^^^^^^^^^^^^^^^^^^^^^^^^^^^^^^^
2026-09-10T18:00:33.374946044Z         self.scope, self.receive, self.send
2026-09-10T18:00:33.374947967Z         ^^^^^^^^^^^^^^^^^^^^^^^^^^^^^^^^^^^
2026-09-10T18:00:33.374949891Z     )
2026-09-10T18:00:33.374951845Z     ^
2026-09-10T18:00:33.374953779Z   File "/usr/local/lib/python3.13/site-packages/uvicorn/middleware/proxy_headers.py", line 63, in __call__
2026-09-10T18:00:33.374955713Z     return await self.app(scope, receive, send)
2026-09-10T18:00:33.374957647Z            ^^^^^^^^^^^^^^^^^^^^^^^^^^^^^^^^^^^^
2026-09-10T18:00:33.374960322Z   File "/usr/local/lib/python3.13/site-packages/fastapi/applications.py", line 1159, in __call__
2026-09-10T18:00:33.374962667Z     await super().__call__(scope, receive, send)
2026-09-10T18:00:33.374964570Z   File "/usr/local/lib/python3.13/site-packages/starlette/applications.py", line 107, in __call__
2026-09-10T18:00:33.374966484Z     await self.middleware_stack(scope, receive, send)
2026-09-10T18:00:33.374968398Z   File "/usr/local/lib/python3.13/site-packages/starlette/middleware/errors.py", line 186, in __call__
2026-09-10T18:00:33.374970332Z     raise exc
2026-09-10T18:00:33.374972246Z   File "/usr/local/lib/python3.13/site-packages/starlette/middleware/errors.py", line 164, in __call__
2026-09-10T18:00:33.374974240Z     await self.app(scope, receive, _send)
2026-09-10T18:00:33.374976775Z   File "/usr/local/lib/python3.13/site-packages/opentelemetry/instrumentation/asgi/__init__.py", line 806, in __call__
2026-09-10T18:00:33.374978678Z     await self.app(scope, otel_receive, otel_send)
2026-09-10T18:00:33.374980592Z   File "/usr/local/lib/python3.13/site-packages/starlette/middleware/errors.py", line 186, in __call__
2026-09-10T18:00:33.374982526Z     raise exc
2026-09-10T18:00:33.374984420Z   File "/usr/local/lib/python3.13/site-packages/starlette/middleware/errors.py", line 164, in __call__
2026-09-10T18:00:33.375018758Z     await self.app(scope, receive, _send)
2026-09-10T18:00:33.375022916Z   File "/usr/local/lib/python3.13/site-packages/opentelemetry/instrumentation/fastapi/__init__.py", line 305, in __call__
2026-09-10T18:00:33.375024940Z     await self.app(scope, receive, send)
2026-09-10T18:00:33.375026884Z   File "/usr/local/lib/python3.13/site-packages/prometheus_fastapi_instrumentator/middleware.py", line 177, in __call__
2026-09-10T18:00:33.375028828Z     raise exc
2026-09-10T18:00:33.375030762Z   File "/usr/local/lib/python3.13/site-packages/prometheus_fastapi_instrumentator/middleware.py", line 175, in __call__
2026-09-10T18:00:33.375032676Z     await self.app(scope, receive, send_wrapper)
2026-09-10T18:00:33.375034589Z   File "/usr/local/lib/python3.13/site-packages/starlette/middleware/exceptions.py", line 63, in __call__
2026-09-10T18:00:33.375036944Z     await wrap_app_handling_exceptions(self.app, conn)(scope, receive, send)
2026-09-10T18:00:33.375038848Z   File "/usr/local/lib/python3.13/site-packages/starlette/_exception_handler.py", line 53, in wrapped_app
2026-09-10T18:00:33.375040792Z     raise exc
2026-09-10T18:00:33.375042695Z   File "/usr/local/lib/python3.13/site-packages/starlette/_exception_handler.py", line 42, in wrapped_app
2026-09-10T18:00:33.375044589Z     await app(scope, receive, sender)
2026-09-10T18:00:33.375046503Z   File "/usr/local/lib/python3.13/site-packages/fastapi/middleware/asyncexitstack.py", line 18, in __call__
2026-09-10T18:00:33.375048417Z     await self.app(scope, receive, send)
2026-09-10T18:00:33.375050321Z   File "/usr/local/lib/python3.13/site-packages/starlette/routing.py", line 716, in __call__
2026-09-10T18:00:33.375052234Z     await self.middleware_stack(scope, receive, send)
2026-09-10T18:00:33.375054148Z   File "/usr/local/lib/python3.13/site-packages/starlette/routing.py", line 736, in app
2026-09-10T18:00:33.375056082Z     await route.handle(scope, receive, send)
2026-09-10T18:00:33.375058216Z   File "/usr/local/lib/python3.13/site-packages/starlette/routing.py", line 290, in handle
2026-09-10T18:00:33.375060150Z     await self.app(scope, receive, send)
2026-09-10T18:00:33.375062064Z   File "/usr/local/lib/python3.13/site-packages/fastapi/routing.py", line 134, in app
2026-09-10T18:00:33.375063958Z     await wrap_app_handling_exceptions(app, request)(scope, receive, send)
2026-09-10T18:00:33.375066022Z   File "/usr/local/lib/python3.13/site-packages/starlette/_exception_handler.py", line 53, in wrapped_app
2026-09-10T18:00:33.375067935Z     raise exc
2026-09-10T18:00:33.375069869Z   File "/usr/local/lib/python3.13/site-packages/starlette/_exception_handler.py", line 42, in wrapped_app
2026-09-10T18:00:33.375071793Z     await app(scope, receive, sender)
2026-09-10T18:00:33.375073697Z   File "/usr/local/lib/python3.13/site-packages/fastapi/routing.py", line 120, in app
2026-09-10T18:00:33.375076132Z     response = await f(request)
2026-09-10T18:00:33.375078036Z                ^^^^^^^^^^^^^^^^
2026-09-10T18:00:33.375079919Z   File "/usr/local/lib/python3.13/site-packages/fastapi/routing.py", line 674, in app
2026-09-10T18:00:33.375081853Z     raw_response = await run_endpoint_function(
2026-09-10T18:00:33.375083777Z                    ^^^^^^^^^^^^^^^^^^^^^^^^^^^^
2026-09-10T18:00:33.375086342Z     ...<3 lines>...
2026-09-10T18:00:33.375088276Z     )
2026-09-10T18:00:33.375090220Z     ^
2026-09-10T18:00:33.375092123Z   File "/usr/local/lib/python3.13/site-packages/fastapi/routing.py", line 330, in run_endpoint_function
2026-09-10T18:00:33.375094037Z     return await run_in_threadpool(dependant.call, **values)
2026-09-10T18:00:33.375095951Z            ^^^^^^^^^^^^^^^^^^^^^^^^^^^^^^^^^^^^^^^^^^^^^^^^^
2026-09-10T18:00:33.375136291Z   File "/usr/local/lib/python3.13/site-packages/starlette/concurrency.py", line 32, in run_in_threadpool
2026-09-10T18:00:33.375140900Z     return await anyio.to_thread.run_sync(func)
2026-09-10T18:00:33.375142954Z            ^^^^^^^^^^^^^^^^^^^^^^^^^^^^^^^^^^^^
2026-09-10T18:00:33.375144888Z   File "/usr/local/lib/python3.13/site-packages/anyio/to_thread.py", line 63, in run_sync
2026-09-10T18:00:33.375146832Z     return await get_async_backend().run_sync_in_worker_thread(
2026-09-10T18:00:33.375148726Z            ^^^^^^^^^^^^^^^^^^^^^^^^^^^^^^^^^^^^^^^^^^^^^^^^^^^^
2026-09-10T18:00:33.375150620Z         func, args, abandon_on_cancel=abandon_on_cancel, limiter=limiter
2026-09-10T18:00:33.375152754Z         ^^^^^^^^^^^^^^^^^^^^^^^^^^^^^^^^^^^^^^^^^^^^^^^^^^^^^^^^^^^^^^^^
2026-09-10T18:00:33.375154678Z     )
2026-09-10T18:00:33.375156622Z     ^
2026-09-10T18:00:33.375158585Z   File "/usr/local/lib/python3.13/site-packages/anyio/_backends/_asyncio.py", line 2518, in run_sync_in_worker_thread
2026-09-10T18:00:33.375160519Z     return await future
2026-09-10T18:00:33.375162453Z            ^^^^^^^^^^^^
2026-09-10T18:00:33.375164397Z   File "/usr/local/lib/python3.13/site-packages/anyio/_backends/_asyncio.py", line 1002, in run
2026-09-10T18:00:33.375166301Z     result = context.run(func, *args)
2026-09-10T18:00:33.375168204Z   File "/app/app/routers/orders.py", line 36, in checkout
2026-09-10T18:00:33.375170098Z     return create_order(
2026-09-10T18:00:33.375172042Z         db=db,
2026-09-10T18:00:33.375174006Z     ...<2 lines>...
2026-09-10T18:00:33.375175930Z         correlation_id=correlation_id,
2026-09-10T18:00:33.375177854Z     )
2026-09-10T18:00:33.375179818Z   File "/app/app/services/order_service.py", line 42, in create_order
2026-09-10T18:00:33.375181741Z     result = db.execute(
2026-09-10T18:00:33.375183655Z         select(ProductModel).where(ProductModel.id == product_id)
2026-09-10T18:00:33.375185579Z     )
2026-09-10T18:00:33.375187493Z   File "/usr/local/lib/python3.13/site-packages/sqlalchemy/orm/session.py", line 2372, in execute
2026-09-10T18:00:33.375189417Z     return self._execute_internal(
2026-09-10T18:00:33.375191340Z            ~~~~~~~~~~~~~~~~~~~~~~^
2026-09-10T18:00:33.375193284Z         statement,
2026-09-10T18:00:33.375195208Z         ^^^^^^^^^^
2026-09-10T18:00:33.375197112Z     ...<4 lines>...
2026-09-10T18:00:33.375199016Z         _add_event=_add_event,
2026-09-10T18:00:33.375200909Z         ^^^^^^^^^^^^^^^^^^^^^^
2026-09-10T18:00:33.375202803Z     )
2026-09-10T18:00:33.375204727Z     ^
2026-09-10T18:00:33.375206681Z   File "/usr/local/lib/python3.13/site-packages/sqlalchemy/orm/session.py", line 2260, in _execute_internal
2026-09-10T18:00:33.375208645Z     conn = self._connection_for_bind(bind)
2026-09-10T18:00:33.375210579Z   File "/usr/local/lib/python3.13/site-packages/sqlalchemy/orm/session.py", line 2112, in _connection_for_bind
2026-09-10T18:00:33.375212613Z     return trans._connection_for_bind(engine, execution_options)
2026-09-10T18:00:33.375214556Z            ~~~~~~~~~~~~~~~~~~~~~~~~~~^^^^^^^^^^^^^^^^^^^^^^^^^^^
2026-09-10T18:00:33.375216470Z   File "<string>", line 2, in _connection_for_bind
2026-09-10T18:00:33.375218384Z   File "/usr/local/lib/python3.13/site-packages/sqlalchemy/orm/state_changes.py", line 137, in _go
2026-09-10T18:00:33.375220308Z     ret_value = fn(self, *arg, **kw)
2026-09-10T18:00:33.375222272Z   File "/usr/local/lib/python3.13/site-packages/sqlalchemy/orm/session.py", line 1191, in _connection_for_bind
2026-09-10T18:00:33.375224196Z     conn = bind.connect()
2026-09-10T18:00:33.375235218Z   File "/usr/local/lib/python3.13/site-packages/opentelemetry/instrumentation/sqlalchemy/engine.py", line 200, in _wrap_connect_internal
2026-09-10T18:00:33.375237262Z     return func(*args, **kwargs)
2026-09-10T18:00:33.375239155Z   File "/usr/local/lib/python3.13/site-packages/sqlalchemy/engine/base.py", line 3295, in connect
2026-09-10T18:00:33.375241059Z     return self._connection_cls(self)
2026-09-10T18:00:33.375242983Z            ~~~~~~~~~~~~~~~~~~~~^^^^^^
2026-09-10T18:00:33.375244927Z   File "/usr/local/lib/python3.13/site-packages/sqlalchemy/engine/base.py", line 144, in __init__
2026-09-10T18:00:33.375246911Z     self._dbapi_connection = engine.raw_connection()
2026-09-10T18:00:33.375248835Z                              ~~~~~~~~~~~~~~~~~~~~~^^
2026-09-10T18:00:33.375250738Z   File "/usr/local/lib/python3.13/site-packages/sqlalchemy/engine/base.py", line 3319, in raw_connection
2026-09-10T18:00:33.375252632Z     return self.pool.connect()
2026-09-10T18:00:33.375254526Z            ~~~~~~~~~~~~~~~~~^^
2026-09-10T18:00:33.375256560Z   File "/usr/local/lib/python3.13/site-packages/sqlalchemy/pool/base.py", line 448, in connect
2026-09-10T18:00:33.375258484Z     return _ConnectionFairy._checkout(self)
2026-09-10T18:00:33.375260397Z            ~~~~~~~~~~~~~~~~~~~~~~~~~~^^^^^^
2026-09-10T18:00:33.375262321Z   File "/usr/local/lib/python3.13/site-packages/sqlalchemy/pool/base.py", line 1272, in _checkout
2026-09-10T18:00:33.375264245Z     fairy = _ConnectionRecord.checkout(pool)
2026-09-10T18:00:33.375266149Z   File "/usr/local/lib/python3.13/site-packages/sqlalchemy/pool/base.py", line 712, in checkout
2026-09-10T18:00:33.375268053Z     rec = pool._do_get()
2026-09-10T18:00:33.375270077Z   File "/usr/local/lib/python3.13/site-packages/sqlalchemy/pool/impl.py", line 167, in _do_get
2026-09-10T18:00:33.375271990Z     raise exc.TimeoutError(
2026-09-10T18:00:33.375273904Z     ...<4 lines>...
2026-09-10T18:00:33.375275858Z     )
2026-09-10T18:00:33.375278283Z sqlalchemy.exc.TimeoutError: QueuePool limit of size 5 overflow 10 reached, connection timed out, timeout 30.00 (Background on this error at: https://sqlalche.me/e/20/3o7r)
2026-09-10T18:00:33.517329616Z ERROR:    Exception in ASGI application
2026-09-10T18:00:33.517366018Z Traceback (most recent call last):
2026-09-10T18:00:33.517369214Z   File "/usr/local/lib/python3.13/site-packages/uvicorn/protocols/http/httptools_impl.py", line 421, in run_asgi
2026-09-10T18:00:33.517371829Z     result = await app(  # type: ignore[func-returns-value]
2026-09-10T18:00:33.517373763Z              ^^^^^^^^^^^^^^^^^^^^^^^^^^^^^^^^^^^^^^^^^^^^^^
2026-09-10T18:00:33.517375867Z         self.scope, self.receive, self.send
2026-09-10T18:00:33.517377771Z         ^^^^^^^^^^^^^^^^^^^^^^^^^^^^^^^^^^^
2026-09-10T18:00:33.517379755Z     )
2026-09-10T18:00:33.517381699Z     ^
2026-09-10T18:00:33.517387400Z   File "/usr/local/lib/python3.13/site-packages/uvicorn/middleware/proxy_headers.py", line 63, in __call__
2026-09-10T18:00:33.517389404Z     return await self.app(scope, receive, send)
2026-09-10T18:00:33.517391338Z            ^^^^^^^^^^^^^^^^^^^^^^^^^^^^^^^^^^^^
2026-09-10T18:00:33.517393953Z   File "/usr/local/lib/python3.13/site-packages/fastapi/applications.py", line 1159, in __call__
2026-09-10T18:00:33.517398112Z     await super().__call__(scope, receive, send)
2026-09-10T18:00:33.517400045Z   File "/usr/local/lib/python3.13/site-packages/starlette/applications.py", line 107, in __call__
2026-09-10T18:00:33.517402220Z     await self.middleware_stack(scope, receive, send)
2026-09-10T18:00:33.517404234Z   File "/usr/local/lib/python3.13/site-packages/starlette/middleware/errors.py", line 186, in __call__
2026-09-10T18:00:33.517425115Z     raise exc
2026-09-10T18:00:33.517427841Z   File "/usr/local/lib/python3.13/site-packages/starlette/middleware/errors.py", line 164, in __call__
2026-09-10T18:00:33.517429825Z     await self.app(scope, receive, _send)
2026-09-10T18:00:33.517432690Z   File "/usr/local/lib/python3.13/site-packages/opentelemetry/instrumentation/asgi/__init__.py", line 806, in __call__
2026-09-10T18:00:33.517434664Z     await self.app(scope, otel_receive, otel_send)
2026-09-10T18:00:33.517436578Z   File "/usr/local/lib/python3.13/site-packages/starlette/middleware/errors.py", line 186, in __call__
2026-09-10T18:00:33.517438512Z     raise exc
2026-09-10T18:00:33.517440426Z   File "/usr/local/lib/python3.13/site-packages/starlette/middleware/errors.py", line 164, in __call__
2026-09-10T18:00:33.517442339Z     await self.app(scope, receive, _send)
2026-09-10T18:00:33.517444353Z   File "/usr/local/lib/python3.13/site-packages/opentelemetry/instrumentation/fastapi/__init__.py", line 305, in __call__
2026-09-10T18:00:33.517446638Z     await self.app(scope, receive, send)
2026-09-10T18:00:33.517448552Z   File "/usr/local/lib/python3.13/site-packages/prometheus_fastapi_instrumentator/middleware.py", line 177, in __call__
2026-09-10T18:00:33.517450506Z     raise exc
2026-09-10T18:00:33.517452409Z   File "/usr/local/lib/python3.13/site-packages/prometheus_fastapi_instrumentator/middleware.py", line 175, in __call__
2026-09-10T18:00:33.517454313Z     await self.app(scope, receive, send_wrapper)
2026-09-10T18:00:33.517456227Z   File "/usr/local/lib/python3.13/site-packages/starlette/middleware/exceptions.py", line 63, in __call__
2026-09-10T18:00:33.517458431Z     await wrap_app_handling_exceptions(self.app, conn)(scope, receive, send)
2026-09-10T18:00:33.517460335Z   File "/usr/local/lib/python3.13/site-packages/starlette/_exception_handler.py", line 53, in wrapped_app
2026-09-10T18:00:33.517462249Z     raise exc
2026-09-10T18:00:33.517464183Z   File "/usr/local/lib/python3.13/site-packages/starlette/_exception_handler.py", line 42, in wrapped_app
2026-09-10T18:00:33.517466107Z     await app(scope, receive, sender)
2026-09-10T18:00:33.517468081Z   File "/usr/local/lib/python3.13/site-packages/fastapi/middleware/asyncexitstack.py", line 18, in __call__
2026-09-10T18:00:33.517469994Z     await self.app(scope, receive, send)
2026-09-10T18:00:33.517471918Z   File "/usr/local/lib/python3.13/site-packages/starlette/routing.py", line 716, in __call__
2026-09-10T18:00:33.517473832Z     await self.middleware_stack(scope, receive, send)
2026-09-10T18:00:33.517475766Z   File "/usr/local/lib/python3.13/site-packages/starlette/routing.py", line 736, in app
2026-09-10T18:00:33.517477680Z     await route.handle(scope, receive, send)
2026-09-10T18:00:33.517479603Z   File "/usr/local/lib/python3.13/site-packages/starlette/routing.py", line 290, in handle
2026-09-10T18:00:33.517481587Z     await self.app(scope, receive, send)
2026-09-10T18:00:33.517483511Z   File "/usr/local/lib/python3.13/site-packages/fastapi/routing.py", line 134, in app
2026-09-10T18:00:33.517485425Z     await wrap_app_handling_exceptions(app, request)(scope, receive, send)
2026-09-10T18:00:33.517487329Z   File "/usr/local/lib/python3.13/site-packages/starlette/_exception_handler.py", line 53, in wrapped_app
2026-09-10T18:00:33.517489243Z     raise exc
2026-09-10T18:00:33.517491146Z   File "/usr/local/lib/python3.13/site-packages/starlette/_exception_handler.py", line 42, in wrapped_app
2026-09-10T18:00:33.517493060Z     await app(scope, receive, sender)
2026-09-10T18:00:33.517494964Z   File "/usr/local/lib/python3.13/site-packages/fastapi/routing.py", line 120, in app
2026-09-10T18:00:33.517497439Z     response = await f(request)
2026-09-10T18:00:33.517499393Z                ^^^^^^^^^^^^^^^^
2026-09-10T18:00:33.517506046Z   File "/usr/local/lib/python3.13/site-packages/fastapi/routing.py", line 674, in app
2026-09-10T18:00:33.517507970Z     raw_response = await run_endpoint_function(
2026-09-10T18:00:33.517509883Z                    ^^^^^^^^^^^^^^^^^^^^^^^^^^^^
2026-09-10T18:00:33.517512499Z     ...<3 lines>...
2026-09-10T18:00:33.517514433Z     )
2026-09-10T18:00:33.517516346Z     ^
2026-09-10T18:00:33.517518290Z   File "/usr/local/lib/python3.13/site-packages/fastapi/routing.py", line 330, in run_endpoint_function
2026-09-10T18:00:33.517520254Z     return await run_in_threadpool(dependant.call, **values)
2026-09-10T18:00:33.517522188Z            ^^^^^^^^^^^^^^^^^^^^^^^^^^^^^^^^^^^^^^^^^^^^^^^^^
2026-09-10T18:00:33.517557949Z   File "/usr/local/lib/python3.13/site-packages/starlette/concurrency.py", line 32, in run_in_threadpool
2026-09-10T18:00:33.517562959Z     return await anyio.to_thread.run_sync(func)
2026-09-10T18:00:33.517565073Z            ^^^^^^^^^^^^^^^^^^^^^^^^^^^^^^^^^^^^
2026-09-10T18:00:33.517567117Z   File "/usr/local/lib/python3.13/site-packages/anyio/to_thread.py", line 63, in run_sync
2026-09-10T18:00:33.517569291Z     return await get_async_backend().run_sync_in_worker_thread(
2026-09-10T18:00:33.517571275Z            ^^^^^^^^^^^^^^^^^^^^^^^^^^^^^^^^^^^^^^^^^^^^^^^^^^^^
2026-09-10T18:00:33.517573259Z         func, args, abandon_on_cancel=abandon_on_cancel, limiter=limiter
2026-09-10T18:00:33.517575153Z         ^^^^^^^^^^^^^^^^^^^^^^^^^^^^^^^^^^^^^^^^^^^^^^^^^^^^^^^^^^^^^^^^
2026-09-10T18:00:33.517577127Z     )
2026-09-10T18:00:33.517579041Z     ^
2026-09-10T18:00:33.517580945Z   File "/usr/local/lib/python3.13/site-packages/anyio/_backends/_asyncio.py", line 2518, in run_sync_in_worker_thread
2026-09-10T18:00:33.517582868Z     return await future
2026-09-10T18:00:33.517584842Z            ^^^^^^^^^^^^
2026-09-10T18:00:33.517586746Z   File "/usr/local/lib/python3.13/site-packages/anyio/_backends/_asyncio.py", line 1002, in run
2026-09-10T18:00:33.517588630Z     result = context.run(func, *args)
2026-09-10T18:00:33.517590564Z   File "/app/app/routers/orders.py", line 36, in checkout
2026-09-10T18:00:33.517592457Z     return create_order(
2026-09-10T18:00:33.517594381Z         db=db,
2026-09-10T18:00:33.517596375Z     ...<2 lines>...
2026-09-10T18:00:33.517598329Z         correlation_id=correlation_id,
2026-09-10T18:00:33.517600293Z     )
2026-09-10T18:00:33.517602277Z   File "/app/app/services/order_service.py", line 42, in create_order
2026-09-10T18:00:33.517604211Z     result = db.execute(
2026-09-10T18:00:33.517606175Z         select(ProductModel).where(ProductModel.id == product_id)
2026-09-10T18:00:33.517608108Z     )
2026-09-10T18:00:33.517610012Z   File "/usr/local/lib/python3.13/site-packages/sqlalchemy/orm/session.py", line 2372, in execute
2026-09-10T18:00:33.517611936Z     return self._execute_internal(
2026-09-10T18:00:33.517613850Z            ~~~~~~~~~~~~~~~~~~~~~~^
2026-09-10T18:00:33.517615774Z         statement,
2026-09-10T18:00:33.517617677Z         ^^^^^^^^^^
2026-09-10T18:00:33.517619581Z     ...<4 lines>...
2026-09-10T18:00:33.517621475Z         _add_event=_add_event,
2026-09-10T18:00:33.517623379Z         ^^^^^^^^^^^^^^^^^^^^^^
2026-09-10T18:00:33.517625273Z     )
2026-09-10T18:00:33.517627176Z     ^
2026-09-10T18:00:33.517629110Z   File "/usr/local/lib/python3.13/site-packages/sqlalchemy/orm/session.py", line 2260, in _execute_internal
2026-09-10T18:00:33.517631064Z     conn = self._connection_for_bind(bind)
2026-09-10T18:00:33.517633008Z   File "/usr/local/lib/python3.13/site-packages/sqlalchemy/orm/session.py", line 2112, in _connection_for_bind
2026-09-10T18:00:33.517644230Z     return trans._connection_for_bind(engine, execution_options)
2026-09-10T18:00:33.517646274Z            ~~~~~~~~~~~~~~~~~~~~~~~~~~^^^^^^^^^^^^^^^^^^^^^^^^^^^
2026-09-10T18:00:33.517648198Z   File "<string>", line 2, in _connection_for_bind
2026-09-10T18:00:33.517650112Z   File "/usr/local/lib/python3.13/site-packages/sqlalchemy/orm/state_changes.py", line 137, in _go
2026-09-10T18:00:33.517652446Z     ret_value = fn(self, *arg, **kw)
2026-09-10T18:00:33.517654991Z   File "/usr/local/lib/python3.13/site-packages/sqlalchemy/orm/session.py", line 1191, in _connection_for_bind
2026-09-10T18:00:33.517657376Z     conn = bind.connect()
2026-09-10T18:00:33.517660152Z   File "/usr/local/lib/python3.13/site-packages/opentelemetry/instrumentation/sqlalchemy/engine.py", line 200, in _wrap_connect_internal
2026-09-10T18:00:33.517662096Z     return func(*args, **kwargs)
2026-09-10T18:00:33.517663999Z   File "/usr/local/lib/python3.13/site-packages/sqlalchemy/engine/base.py", line 3295, in connect
2026-09-10T18:00:33.517665903Z     return self._connection_cls(self)
2026-09-10T18:00:33.517667807Z            ~~~~~~~~~~~~~~~~~~~~^^^^^^
2026-09-10T18:00:33.517669701Z   File "/usr/local/lib/python3.13/site-packages/sqlalchemy/engine/base.py", line 144, in __init__
2026-09-10T18:00:33.517671604Z     self._dbapi_connection = engine.raw_connection()
2026-09-10T18:00:33.517673508Z                              ~~~~~~~~~~~~~~~~~~~~~^^
2026-09-10T18:00:33.517675402Z   File "/usr/local/lib/python3.13/site-packages/sqlalchemy/engine/base.py", line 3319, in raw_connection
2026-09-10T18:00:33.517677316Z     return self.pool.connect()
2026-09-10T18:00:33.517679210Z            ~~~~~~~~~~~~~~~~~^^
2026-09-10T18:00:33.517681133Z   File "/usr/local/lib/python3.13/site-packages/sqlalchemy/pool/base.py", line 448, in connect
2026-09-10T18:00:33.517683067Z     return _ConnectionFairy._checkout(self)
2026-09-10T18:00:33.517684961Z            ~~~~~~~~~~~~~~~~~~~~~~~~~~^^^^^^
2026-09-10T18:00:33.517686855Z   File "/usr/local/lib/python3.13/site-packages/sqlalchemy/pool/base.py", line 1272, in _checkout
2026-09-10T18:00:33.517688809Z     fairy = _ConnectionRecord.checkout(pool)
2026-09-10T18:00:33.517690702Z   File "/usr/local/lib/python3.13/site-packages/sqlalchemy/pool/base.py", line 712, in checkout
2026-09-10T18:00:33.517692616Z     rec = pool._do_get()
2026-09-10T18:00:33.517694520Z   File "/usr/local/lib/python3.13/site-packages/sqlalchemy/pool/impl.py", line 167, in _do_get
2026-09-10T18:00:33.517696444Z     raise exc.TimeoutError(
2026-09-10T18:00:33.517698348Z     ...<4 lines>...
2026-09-10T18:00:33.517700251Z     )
2026-09-10T18:00:33.517702706Z sqlalchemy.exc.TimeoutError: QueuePool limit of size 5 overflow 10 reached, connection timed out, timeout 30.00 (Background on this error at: https://sqlalche.me/e/20/3o7r)
2026-09-10T18:00:33.523954244Z ERROR:    Exception in ASGI application
2026-09-10T18:00:33.523991678Z Traceback (most recent call last):
2026-09-10T18:00:33.523994624Z   File "/usr/local/lib/python3.13/site-packages/uvicorn/protocols/http/httptools_impl.py", line 421, in run_asgi
2026-09-10T18:00:33.523997219Z     result = await app(  # type: ignore[func-returns-value]
2026-09-10T18:00:33.523999163Z              ^^^^^^^^^^^^^^^^^^^^^^^^^^^^^^^^^^^^^^^^^^^^^^
2026-09-10T18:00:33.524001137Z         self.scope, self.receive, self.send
2026-09-10T18:00:33.524003051Z         ^^^^^^^^^^^^^^^^^^^^^^^^^^^^^^^^^^^
2026-09-10T18:00:33.524005065Z     )
2026-09-10T18:00:33.524007089Z     ^
2026-09-10T18:00:33.524009032Z   File "/usr/local/lib/python3.13/site-packages/uvicorn/middleware/proxy_headers.py", line 63, in __call__
2026-09-10T18:00:33.524031938Z     return await self.app(scope, receive, send)
2026-09-10T18:00:33.524033972Z            ^^^^^^^^^^^^^^^^^^^^^^^^^^^^^^^^^^^^
2026-09-10T18:00:33.524036447Z   File "/usr/local/lib/python3.13/site-packages/fastapi/applications.py", line 1159, in __call__
2026-09-10T18:00:33.524038411Z     await super().__call__(scope, receive, send)
2026-09-10T18:00:33.524040345Z   File "/usr/local/lib/python3.13/site-packages/starlette/applications.py", line 107, in __call__
2026-09-10T18:00:33.524042489Z     await self.middleware_stack(scope, receive, send)
2026-09-10T18:00:33.524044403Z   File "/usr/local/lib/python3.13/site-packages/starlette/middleware/errors.py", line 186, in __call__
2026-09-10T18:00:33.524046367Z     raise exc
2026-09-10T18:00:33.524048290Z   File "/usr/local/lib/python3.13/site-packages/starlette/middleware/errors.py", line 164, in __call__
2026-09-10T18:00:33.524050344Z     await self.app(scope, receive, _send)
2026-09-10T18:00:33.524053350Z   File "/usr/local/lib/python3.13/site-packages/opentelemetry/instrumentation/asgi/__init__.py", line 806, in __call__
2026-09-10T18:00:33.524055284Z     await self.app(scope, otel_receive, otel_send)
2026-09-10T18:00:33.524057268Z   File "/usr/local/lib/python3.13/site-packages/starlette/middleware/errors.py", line 186, in __call__
2026-09-10T18:00:33.524059212Z     raise exc
2026-09-10T18:00:33.524061106Z   File "/usr/local/lib/python3.13/site-packages/starlette/middleware/errors.py", line 164, in __call__
2026-09-10T18:00:33.524063040Z     await self.app(scope, receive, _send)
2026-09-10T18:00:33.524064983Z   File "/usr/local/lib/python3.13/site-packages/opentelemetry/instrumentation/fastapi/__init__.py", line 305, in __call__
2026-09-10T18:00:33.524067018Z     await self.app(scope, receive, send)
2026-09-10T18:00:33.524073991Z   File "/usr/local/lib/python3.13/site-packages/prometheus_fastapi_instrumentator/middleware.py", line 177, in __call__
2026-09-10T18:00:33.524075935Z     raise exc
2026-09-10T18:00:33.524077879Z   File "/usr/local/lib/python3.13/site-packages/prometheus_fastapi_instrumentator/middleware.py", line 175, in __call__
2026-09-10T18:00:33.524079823Z     await self.app(scope, receive, send_wrapper)
2026-09-10T18:00:33.524081747Z   File "/usr/local/lib/python3.13/site-packages/starlette/middleware/exceptions.py", line 63, in __call__
2026-09-10T18:00:33.524084091Z     await wrap_app_handling_exceptions(self.app, conn)(scope, receive, send)
2026-09-10T18:00:33.524086005Z   File "/usr/local/lib/python3.13/site-packages/starlette/_exception_handler.py", line 53, in wrapped_app
2026-09-10T18:00:33.524104803Z     raise exc
2026-09-10T18:00:33.524106776Z   File "/usr/local/lib/python3.13/site-packages/starlette/_exception_handler.py", line 42, in wrapped_app
2026-09-10T18:00:33.524108720Z     await app(scope, receive, sender)
2026-09-10T18:00:33.524110634Z   File "/usr/local/lib/python3.13/site-packages/fastapi/middleware/asyncexitstack.py", line 18, in __call__
2026-09-10T18:00:33.524112578Z     await self.app(scope, receive, send)
2026-09-10T18:00:33.524114512Z   File "/usr/local/lib/python3.13/site-packages/starlette/routing.py", line 716, in __call__
2026-09-10T18:00:33.524116436Z     await self.middleware_stack(scope, receive, send)
2026-09-10T18:00:33.524118359Z   File "/usr/local/lib/python3.13/site-packages/starlette/routing.py", line 736, in app
2026-09-10T18:00:33.524120283Z     await route.handle(scope, receive, send)
2026-09-10T18:00:33.524122207Z   File "/usr/local/lib/python3.13/site-packages/starlette/routing.py", line 290, in handle
2026-09-10T18:00:33.524124131Z     await self.app(scope, receive, send)
2026-09-10T18:00:33.524126055Z   File "/usr/local/lib/python3.13/site-packages/fastapi/routing.py", line 134, in app
2026-09-10T18:00:33.524132988Z     await wrap_app_handling_exceptions(app, request)(scope, receive, send)
2026-09-10T18:00:33.524134932Z   File "/usr/local/lib/python3.13/site-packages/starlette/_exception_handler.py", line 53, in wrapped_app
2026-09-10T18:00:33.524136856Z     raise exc
2026-09-10T18:00:33.524138790Z   File "/usr/local/lib/python3.13/site-packages/starlette/_exception_handler.py", line 42, in wrapped_app
2026-09-10T18:00:33.524141054Z     await app(scope, receive, sender)
2026-09-10T18:00:33.524143179Z   File "/usr/local/lib/python3.13/site-packages/fastapi/routing.py", line 120, in app
2026-09-10T18:00:33.524146325Z     response = await f(request)
2026-09-10T18:00:33.524148619Z                ^^^^^^^^^^^^^^^^
2026-09-10T18:00:33.524151485Z   File "/usr/local/lib/python3.13/site-packages/fastapi/routing.py", line 674, in app
2026-09-10T18:00:33.524153750Z     raw_response = await run_endpoint_function(
2026-09-10T18:00:33.524156365Z                    ^^^^^^^^^^^^^^^^^^^^^^^^^^^^
2026-09-10T18:00:33.524159261Z     ...<3 lines>...
2026-09-10T18:00:33.524165082Z     )
2026-09-10T18:00:33.524168038Z     ^
2026-09-10T18:00:33.524170463Z   File "/usr/local/lib/python3.13/site-packages/fastapi/routing.py", line 330, in run_endpoint_function
2026-09-10T18:00:33.524173389Z     return await run_in_threadpool(dependant.call, **values)
2026-09-10T18:00:33.524175703Z            ^^^^^^^^^^^^^^^^^^^^^^^^^^^^^^^^^^^^^^^^^^^^^^^^^
2026-09-10T18:00:33.524198118Z   File "/usr/local/lib/python3.13/site-packages/starlette/concurrency.py", line 32, in run_in_threadpool
2026-09-10T18:00:33.524201144Z     return await anyio.to_thread.run_sync(func)
2026-09-10T18:00:33.524203508Z            ^^^^^^^^^^^^^^^^^^^^^^^^^^^^^^^^^^^^
2026-09-10T18:00:33.524205843Z   File "/usr/local/lib/python3.13/site-packages/anyio/to_thread.py", line 63, in run_sync
2026-09-10T18:00:33.524208148Z     return await get_async_backend().run_sync_in_worker_thread(
2026-09-10T18:00:33.524210763Z            ^^^^^^^^^^^^^^^^^^^^^^^^^^^^^^^^^^^^^^^^^^^^^^^^^^^^
2026-09-10T18:00:33.524212927Z         func, args, abandon_on_cancel=abandon_on_cancel, limiter=limiter
2026-09-10T18:00:33.524215101Z         ^^^^^^^^^^^^^^^^^^^^^^^^^^^^^^^^^^^^^^^^^^^^^^^^^^^^^^^^^^^^^^^^
2026-09-10T18:00:33.524217426Z     )
2026-09-10T18:00:33.524219570Z     ^
2026-09-10T18:00:33.524221775Z   File "/usr/local/lib/python3.13/site-packages/anyio/_backends/_asyncio.py", line 2518, in run_sync_in_worker_thread
2026-09-10T18:00:33.524223999Z     return await future
2026-09-10T18:00:33.524226644Z            ^^^^^^^^^^^^
2026-09-10T18:00:33.524228809Z   File "/usr/local/lib/python3.13/site-packages/anyio/_backends/_asyncio.py", line 1002, in run
2026-09-10T18:00:33.524231093Z     result = context.run(func, *args)
2026-09-10T18:00:33.524233308Z   File "/app/app/routers/orders.py", line 36, in checkout
2026-09-10T18:00:33.524235903Z     return create_order(
2026-09-10T18:00:33.524238167Z         db=db,
2026-09-10T18:00:33.524240472Z     ...<2 lines>...
2026-09-10T18:00:33.524242786Z         correlation_id=correlation_id,
2026-09-10T18:00:33.524245131Z     )
2026-09-10T18:00:33.524247626Z   File "/app/app/services/order_service.py", line 42, in create_order
2026-09-10T18:00:33.524249981Z     result = db.execute(
2026-09-10T18:00:33.524252235Z         select(ProductModel).where(ProductModel.id == product_id)
2026-09-10T18:00:33.524254500Z     )
2026-09-10T18:00:33.524256704Z   File "/usr/local/lib/python3.13/site-packages/sqlalchemy/orm/session.py", line 2372, in execute
2026-09-10T18:00:33.524258888Z     return self._execute_internal(
2026-09-10T18:00:33.524261113Z            ~~~~~~~~~~~~~~~~~~~~~~^
2026-09-10T18:00:33.524270000Z         statement,
2026-09-10T18:00:33.524272285Z         ^^^^^^^^^^
2026-09-10T18:00:33.524274910Z     ...<4 lines>...
2026-09-10T18:00:33.524277175Z         _add_event=_add_event,
2026-09-10T18:00:33.524279529Z         ^^^^^^^^^^^^^^^^^^^^^^
2026-09-10T18:00:33.524282044Z     )
2026-09-10T18:00:33.524284369Z     ^
2026-09-10T18:00:33.524286684Z   File "/usr/local/lib/python3.13/site-packages/sqlalchemy/orm/session.py", line 2260, in _execute_internal
2026-09-10T18:00:33.524288888Z     conn = self._connection_for_bind(bind)
2026-09-10T18:00:33.524291243Z   File "/usr/local/lib/python3.13/site-packages/sqlalchemy/orm/session.py", line 2112, in _connection_for_bind
2026-09-10T18:00:33.524293557Z     return trans._connection_for_bind(engine, execution_options)
2026-09-10T18:00:33.524296503Z            ~~~~~~~~~~~~~~~~~~~~~~~~~~^^^^^^^^^^^^^^^^^^^^^^^^^^^
2026-09-10T18:00:33.524298828Z   File "<string>", line 2, in _connection_for_bind
2026-09-10T18:00:33.524301052Z   File "/usr/local/lib/python3.13/site-packages/sqlalchemy/orm/state_changes.py", line 137, in _go
2026-09-10T18:00:33.524303317Z     ret_value = fn(self, *arg, **kw)
2026-09-10T18:00:33.524305852Z   File "/usr/local/lib/python3.13/site-packages/sqlalchemy/orm/session.py", line 1191, in _connection_for_bind
2026-09-10T18:00:33.524308046Z     conn = bind.connect()
2026-09-10T18:00:33.524311443Z   File "/usr/local/lib/python3.13/site-packages/opentelemetry/instrumentation/sqlalchemy/engine.py", line 200, in _wrap_connect_internal
2026-09-10T18:00:33.524313707Z     return func(*args, **kwargs)
2026-09-10T18:00:33.524316082Z   File "/usr/local/lib/python3.13/site-packages/sqlalchemy/engine/base.py", line 3295, in connect
2026-09-10T18:00:33.524318266Z     return self._connection_cls(self)
2026-09-10T18:00:33.524320551Z            ~~~~~~~~~~~~~~~~~~~~^^^^^^
2026-09-10T18:00:33.524322925Z   File "/usr/local/lib/python3.13/site-packages/sqlalchemy/engine/base.py", line 144, in __init__
2026-09-10T18:00:33.524325260Z     self._dbapi_connection = engine.raw_connection()
2026-09-10T18:00:33.524327464Z                              ~~~~~~~~~~~~~~~~~~~~~^^
2026-09-10T18:00:33.524330150Z   File "/usr/local/lib/python3.13/site-packages/sqlalchemy/engine/base.py", line 3319, in raw_connection
2026-09-10T18:00:33.524332655Z     return self.pool.connect()
2026-09-10T18:00:33.524334959Z            ~~~~~~~~~~~~~~~~~^^
2026-09-10T18:00:33.524337264Z   File "/usr/local/lib/python3.13/site-packages/sqlalchemy/pool/base.py", line 448, in connect
2026-09-10T18:00:33.524341803Z     return _ConnectionFairy._checkout(self)
2026-09-10T18:00:33.524344037Z            ~~~~~~~~~~~~~~~~~~~~~~~~~~^^^^^^
2026-09-10T18:00:33.524346302Z   File "/usr/local/lib/python3.13/site-packages/sqlalchemy/pool/base.py", line 1272, in _checkout
2026-09-10T18:00:33.524348556Z     fairy = _ConnectionRecord.checkout(pool)
2026-09-10T18:00:33.524350881Z   File "/usr/local/lib/python3.13/site-packages/sqlalchemy/pool/base.py", line 712, in checkout
2026-09-10T18:00:33.524353376Z     rec = pool._do_get()
2026-09-10T18:00:33.524355670Z   File "/usr/local/lib/python3.13/site-packages/sqlalchemy/pool/impl.py", line 167, in _do_get
2026-09-10T18:00:33.524357875Z     raise exc.TimeoutError(
2026-09-10T18:00:33.524360109Z     ...<4 lines>...
2026-09-10T18:00:33.524362414Z     )
2026-09-10T18:00:33.524365670Z sqlalchemy.exc.TimeoutError: QueuePool limit of size 5 overflow 10 reached, connection timed out, timeout 30.00 (Background on this error at: https://sqlalche.me/e/20/3o7r)
2026-09-10T18:00:33.827497324Z ERROR:    Exception in ASGI application
2026-09-10T18:00:33.827534147Z Traceback (most recent call last):
2026-09-10T18:00:33.827555620Z   File "/usr/local/lib/python3.13/site-packages/uvicorn/protocols/http/httptools_impl.py", line 421, in run_asgi
2026-09-10T18:00:33.827558375Z     result = await app(  # type: ignore[func-returns-value]
2026-09-10T18:00:33.827560319Z              ^^^^^^^^^^^^^^^^^^^^^^^^^^^^^^^^^^^^^^^^^^^^^^
2026-09-10T18:00:33.827562223Z         self.scope, self.receive, self.send
2026-09-10T18:00:33.827564107Z         ^^^^^^^^^^^^^^^^^^^^^^^^^^^^^^^^^^^
2026-09-10T18:00:33.827566030Z     )
2026-09-10T18:00:33.827567974Z     ^
2026-09-10T18:00:33.827569938Z   File "/usr/local/lib/python3.13/site-packages/uvicorn/middleware/proxy_headers.py", line 63, in __call__
2026-09-10T18:00:33.827571872Z     return await self.app(scope, receive, send)
2026-09-10T18:00:33.827573786Z            ^^^^^^^^^^^^^^^^^^^^^^^^^^^^^^^^^^^^
2026-09-10T18:00:33.827576251Z   File "/usr/local/lib/python3.13/site-packages/fastapi/applications.py", line 1159, in __call__
2026-09-10T18:00:33.827581972Z     await super().__call__(scope, receive, send)
2026-09-10T18:00:33.827584016Z   File "/usr/local/lib/python3.13/site-packages/starlette/applications.py", line 107, in __call__
2026-09-10T18:00:33.827585930Z     await self.middleware_stack(scope, receive, send)
2026-09-10T18:00:33.827587884Z   File "/usr/local/lib/python3.13/site-packages/starlette/middleware/errors.py", line 186, in __call__
2026-09-10T18:00:33.827589848Z     raise exc
2026-09-10T18:00:33.827591772Z   File "/usr/local/lib/python3.13/site-packages/starlette/middleware/errors.py", line 164, in __call__
2026-09-10T18:00:33.827593695Z     await self.app(scope, receive, _send)
2026-09-10T18:00:33.827596561Z   File "/usr/local/lib/python3.13/site-packages/opentelemetry/instrumentation/asgi/__init__.py", line 806, in __call__
2026-09-10T18:00:33.827598505Z     await self.app(scope, otel_receive, otel_send)
2026-09-10T18:00:33.827600399Z   File "/usr/local/lib/python3.13/site-packages/starlette/middleware/errors.py", line 186, in __call__
2026-09-10T18:00:33.827602302Z     raise exc
2026-09-10T18:00:33.827604196Z   File "/usr/local/lib/python3.13/site-packages/starlette/middleware/errors.py", line 164, in __call__
2026-09-10T18:00:33.827606320Z     await self.app(scope, receive, _send)
2026-09-10T18:00:33.827608304Z   File "/usr/local/lib/python3.13/site-packages/opentelemetry/instrumentation/fastapi/__init__.py", line 305, in __call__
2026-09-10T18:00:33.827610218Z     await self.app(scope, receive, send)
2026-09-10T18:00:33.827612122Z   File "/usr/local/lib/python3.13/site-packages/prometheus_fastapi_instrumentator/middleware.py", line 177, in __call__
2026-09-10T18:00:33.827614046Z     raise exc
2026-09-10T18:00:33.827615950Z   File "/usr/local/lib/python3.13/site-packages/prometheus_fastapi_instrumentator/middleware.py", line 175, in __call__
2026-09-10T18:00:33.827617853Z     await self.app(scope, receive, send_wrapper)
2026-09-10T18:00:33.827619737Z   File "/usr/local/lib/python3.13/site-packages/starlette/middleware/exceptions.py", line 63, in __call__
2026-09-10T18:00:33.827622252Z     await wrap_app_handling_exceptions(self.app, conn)(scope, receive, send)
2026-09-10T18:00:33.827624156Z   File "/usr/local/lib/python3.13/site-packages/starlette/_exception_handler.py", line 53, in wrapped_app
2026-09-10T18:00:33.827626080Z     raise exc
2026-09-10T18:00:33.827628154Z   File "/usr/local/lib/python3.13/site-packages/starlette/_exception_handler.py", line 42, in wrapped_app
2026-09-10T18:00:33.827630258Z     await app(scope, receive, sender)
2026-09-10T18:00:33.827632142Z   File "/usr/local/lib/python3.13/site-packages/fastapi/middleware/asyncexitstack.py", line 18, in __call__
2026-09-10T18:00:33.827634035Z     await self.app(scope, receive, send)
2026-09-10T18:00:33.827640598Z   File "/usr/local/lib/python3.13/site-packages/starlette/routing.py", line 716, in __call__
2026-09-10T18:00:33.827642562Z     await self.middleware_stack(scope, receive, send)
2026-09-10T18:00:33.827644456Z   File "/usr/local/lib/python3.13/site-packages/starlette/routing.py", line 736, in app
2026-09-10T18:00:33.827646340Z     await route.handle(scope, receive, send)
2026-09-10T18:00:33.827648264Z   File "/usr/local/lib/python3.13/site-packages/starlette/routing.py", line 290, in handle
2026-09-10T18:00:33.827650167Z     await self.app(scope, receive, send)
2026-09-10T18:00:33.827652071Z   File "/usr/local/lib/python3.13/site-packages/fastapi/routing.py", line 134, in app
2026-09-10T18:00:33.827653965Z     await wrap_app_handling_exceptions(app, request)(scope, receive, send)
2026-09-10T18:00:33.827655859Z   File "/usr/local/lib/python3.13/site-packages/starlette/_exception_handler.py", line 53, in wrapped_app
2026-09-10T18:00:33.827657793Z     raise exc
2026-09-10T18:00:33.827659696Z   File "/usr/local/lib/python3.13/site-packages/starlette/_exception_handler.py", line 42, in wrapped_app
2026-09-10T18:00:33.827661590Z     await app(scope, receive, sender)
2026-09-10T18:00:33.827663524Z   File "/usr/local/lib/python3.13/site-packages/fastapi/routing.py", line 120, in app
2026-09-10T18:00:33.827665929Z     response = await f(request)
2026-09-10T18:00:33.827667833Z                ^^^^^^^^^^^^^^^^
2026-09-10T18:00:33.827669736Z   File "/usr/local/lib/python3.13/site-packages/fastapi/routing.py", line 674, in app
2026-09-10T18:00:33.827671700Z     raw_response = await run_endpoint_function(
2026-09-10T18:00:33.827673644Z                    ^^^^^^^^^^^^^^^^^^^^^^^^^^^^
2026-09-10T18:00:33.827675919Z     ...<3 lines>...
2026-09-10T18:00:33.827677812Z     )
2026-09-10T18:00:33.827679736Z     ^
2026-09-10T18:00:33.827681640Z   File "/usr/local/lib/python3.13/site-packages/fastapi/routing.py", line 330, in run_endpoint_function
2026-09-10T18:00:33.827683564Z     return await run_in_threadpool(dependant.call, **values)
2026-09-10T18:00:33.827685478Z            ^^^^^^^^^^^^^^^^^^^^^^^^^^^^^^^^^^^^^^^^^^^^^^^^^
2026-09-10T18:00:33.827690528Z   File "/usr/local/lib/python3.13/site-packages/starlette/concurrency.py", line 32, in run_in_threadpool
2026-09-10T18:00:33.827692552Z     return await anyio.to_thread.run_sync(func)
2026-09-10T18:00:33.827694455Z            ^^^^^^^^^^^^^^^^^^^^^^^^^^^^^^^^^^^^
2026-09-10T18:00:33.827696349Z   File "/usr/local/lib/python3.13/site-packages/anyio/to_thread.py", line 63, in run_sync
2026-09-10T18:00:33.827698263Z     return await get_async_backend().run_sync_in_worker_thread(
2026-09-10T18:00:33.827700157Z            ^^^^^^^^^^^^^^^^^^^^^^^^^^^^^^^^^^^^^^^^^^^^^^^^^^^^
2026-09-10T18:00:33.827702060Z         func, args, abandon_on_cancel=abandon_on_cancel, limiter=limiter
2026-09-10T18:00:33.827703974Z         ^^^^^^^^^^^^^^^^^^^^^^^^^^^^^^^^^^^^^^^^^^^^^^^^^^^^^^^^^^^^^^^^
2026-09-10T18:00:33.827705918Z     )
2026-09-10T18:00:33.827707852Z     ^
2026-09-10T18:00:33.827709746Z   File "/usr/local/lib/python3.13/site-packages/anyio/_backends/_asyncio.py", line 2518, in run_sync_in_worker_thread
2026-09-10T18:00:33.827711660Z     return await future
2026-09-10T18:00:33.827713613Z            ^^^^^^^^^^^^
2026-09-10T18:00:33.827715547Z   File "/usr/local/lib/python3.13/site-packages/anyio/_backends/_asyncio.py", line 1002, in run
2026-09-10T18:00:33.827717461Z     result = context.run(func, *args)
2026-09-10T18:00:33.827719365Z   File "/app/app/routers/orders.py", line 36, in checkout
2026-09-10T18:00:33.827721329Z     return create_order(
2026-09-10T18:00:33.827723263Z         db=db,
2026-09-10T18:00:33.827729515Z     ...<2 lines>...
2026-09-10T18:00:33.827731509Z         correlation_id=correlation_id,
2026-09-10T18:00:33.827733443Z     )
2026-09-10T18:00:33.827735377Z   File "/app/app/services/order_service.py", line 42, in create_order
2026-09-10T18:00:33.827737300Z     result = db.execute(
2026-09-10T18:00:33.827739264Z         select(ProductModel).where(ProductModel.id == product_id)
2026-09-10T18:00:33.827741288Z     )
2026-09-10T18:00:33.827743403Z   File "/usr/local/lib/python3.13/site-packages/sqlalchemy/orm/session.py", line 2372, in execute
2026-09-10T18:00:33.827745316Z     return self._execute_internal(
2026-09-10T18:00:33.827747210Z            ~~~~~~~~~~~~~~~~~~~~~~^
2026-09-10T18:00:33.827749134Z         statement,
2026-09-10T18:00:33.827751038Z         ^^^^^^^^^^
2026-09-10T18:00:33.827752931Z     ...<4 lines>...
2026-09-10T18:00:33.827754865Z         _add_event=_add_event,
2026-09-10T18:00:33.827756849Z         ^^^^^^^^^^^^^^^^^^^^^^
2026-09-10T18:00:33.827758743Z     )
2026-09-10T18:00:33.827760877Z     ^
2026-09-10T18:00:33.827762791Z   File "/usr/local/lib/python3.13/site-packages/sqlalchemy/orm/session.py", line 2260, in _execute_internal
2026-09-10T18:00:33.827764715Z     conn = self._connection_for_bind(bind)
2026-09-10T18:00:33.827766629Z   File "/usr/local/lib/python3.13/site-packages/sqlalchemy/orm/session.py", line 2112, in _connection_for_bind
2026-09-10T18:00:33.827768542Z     return trans._connection_for_bind(engine, execution_options)
2026-09-10T18:00:33.827770436Z            ~~~~~~~~~~~~~~~~~~~~~~~~~~^^^^^^^^^^^^^^^^^^^^^^^^^^^
2026-09-10T18:00:33.827772360Z   File "<string>", line 2, in _connection_for_bind
2026-09-10T18:00:33.827774264Z   File "/usr/local/lib/python3.13/site-packages/sqlalchemy/orm/state_changes.py", line 137, in _go
2026-09-10T18:00:33.827776158Z     ret_value = fn(self, *arg, **kw)
2026-09-10T18:00:33.827778051Z   File "/usr/local/lib/python3.13/site-packages/sqlalchemy/orm/session.py", line 1191, in _connection_for_bind
2026-09-10T18:00:33.827779965Z     conn = bind.connect()
2026-09-10T18:00:33.827782500Z   File "/usr/local/lib/python3.13/site-packages/opentelemetry/instrumentation/sqlalchemy/engine.py", line 200, in _wrap_connect_internal
2026-09-10T18:00:33.827784444Z     return func(*args, **kwargs)
2026-09-10T18:00:33.827786408Z   File "/usr/local/lib/python3.13/site-packages/sqlalchemy/engine/base.py", line 3295, in connect
2026-09-10T18:00:33.827788392Z     return self._connection_cls(self)
2026-09-10T18:00:33.827790306Z            ~~~~~~~~~~~~~~~~~~~~^^^^^^
2026-09-10T18:00:33.827792199Z   File "/usr/local/lib/python3.13/site-packages/sqlalchemy/engine/base.py", line 144, in __init__
2026-09-10T18:00:33.827794193Z     self._dbapi_connection = engine.raw_connection()
2026-09-10T18:00:33.827796087Z                              ~~~~~~~~~~~~~~~~~~~~~^^
2026-09-10T18:00:33.827797971Z   File "/usr/local/lib/python3.13/site-packages/sqlalchemy/engine/base.py", line 3319, in raw_connection
2026-09-10T18:00:33.827799875Z     return self.pool.connect()
2026-09-10T18:00:33.827801788Z            ~~~~~~~~~~~~~~~~~^^
2026-09-10T18:00:33.827803712Z   File "/usr/local/lib/python3.13/site-packages/sqlalchemy/pool/base.py", line 448, in connect
2026-09-10T18:00:33.827805616Z     return _ConnectionFairy._checkout(self)
2026-09-10T18:00:33.827807500Z            ~~~~~~~~~~~~~~~~~~~~~~~~~~^^^^^^
2026-09-10T18:00:33.827809424Z   File "/usr/local/lib/python3.13/site-packages/sqlalchemy/pool/base.py", line 1272, in _checkout
2026-09-10T18:00:33.827811337Z     fairy = _ConnectionRecord.checkout(pool)
2026-09-10T18:00:33.827813522Z   File "/usr/local/lib/python3.13/site-packages/sqlalchemy/pool/base.py", line 712, in checkout
2026-09-10T18:00:33.827820125Z     rec = pool._do_get()
2026-09-10T18:00:33.827822079Z   File "/usr/local/lib/python3.13/site-packages/sqlalchemy/pool/impl.py", line 167, in _do_get
2026-09-10T18:00:33.827824013Z     raise exc.TimeoutError(
2026-09-10T18:00:33.827825926Z     ...<4 lines>...
2026-09-10T18:00:33.827827830Z     )
2026-09-10T18:00:33.827830275Z sqlalchemy.exc.TimeoutError: QueuePool limit of size 5 overflow 10 reached, connection timed out, timeout 30.00 (Background on this error at: https://sqlalche.me/e/20/3o7r)
2026-09-10T18:00:33.883254831Z ERROR:    Exception in ASGI application
2026-09-10T18:00:33.883284230Z Traceback (most recent call last):
2026-09-10T18:00:33.883287015Z   File "/usr/local/lib/python3.13/site-packages/uvicorn/protocols/http/httptools_impl.py", line 421, in run_asgi
2026-09-10T18:00:33.883289420Z     result = await app(  # type: ignore[func-returns-value]
2026-09-10T18:00:33.883291424Z              ^^^^^^^^^^^^^^^^^^^^^^^^^^^^^^^^^^^^^^^^^^^^^^
2026-09-10T18:00:33.883293358Z         self.scope, self.receive, self.send
2026-09-10T18:00:33.883295282Z         ^^^^^^^^^^^^^^^^^^^^^^^^^^^^^^^^^^^
2026-09-10T18:00:33.883297196Z     )
2026-09-10T18:00:33.883299139Z     ^
2026-09-10T18:00:33.883301063Z   File "/usr/local/lib/python3.13/site-packages/uvicorn/middleware/proxy_headers.py", line 63, in __call__
2026-09-10T18:00:33.883303027Z     return await self.app(scope, receive, send)
2026-09-10T18:00:33.883304961Z            ^^^^^^^^^^^^^^^^^^^^^^^^^^^^^^^^^^^^
2026-09-10T18:00:33.883307396Z   File "/usr/local/lib/python3.13/site-packages/fastapi/applications.py", line 1159, in __call__
2026-09-10T18:00:33.883309310Z     await super().__call__(scope, receive, send)
2026-09-10T18:00:33.883311223Z   File "/usr/local/lib/python3.13/site-packages/starlette/applications.py", line 107, in __call__
2026-09-10T18:00:33.883313137Z     await self.middleware_stack(scope, receive, send)
2026-09-10T18:00:33.883315051Z   File "/usr/local/lib/python3.13/site-packages/starlette/middleware/errors.py", line 186, in __call__
2026-09-10T18:00:33.883317005Z     raise exc
2026-09-10T18:00:33.883318909Z   File "/usr/local/lib/python3.13/site-packages/starlette/middleware/errors.py", line 164, in __call__
2026-09-10T18:00:33.883320913Z     await self.app(scope, receive, _send)
2026-09-10T18:00:33.883323508Z   File "/usr/local/lib/python3.13/site-packages/opentelemetry/instrumentation/asgi/__init__.py", line 806, in __call__
2026-09-10T18:00:33.883325432Z     await self.app(scope, otel_receive, otel_send)
2026-09-10T18:00:33.883331313Z   File "/usr/local/lib/python3.13/site-packages/starlette/middleware/errors.py", line 186, in __call__
2026-09-10T18:00:33.883333277Z     raise exc
2026-09-10T18:00:33.883335201Z   File "/usr/local/lib/python3.13/site-packages/starlette/middleware/errors.py", line 164, in __call__
2026-09-10T18:00:33.883337135Z     await self.app(scope, receive, _send)
2026-09-10T18:00:33.883339049Z   File "/usr/local/lib/python3.13/site-packages/opentelemetry/instrumentation/fastapi/__init__.py", line 305, in __call__
2026-09-10T18:00:33.883341003Z     await self.app(scope, receive, send)
2026-09-10T18:00:33.883342916Z   File "/usr/local/lib/python3.13/site-packages/prometheus_fastapi_instrumentator/middleware.py", line 177, in __call__
2026-09-10T18:00:33.883344930Z     raise exc
2026-09-10T18:00:33.883346874Z   File "/usr/local/lib/python3.13/site-packages/prometheus_fastapi_instrumentator/middleware.py", line 175, in __call__
2026-09-10T18:00:33.883348828Z     await self.app(scope, receive, send_wrapper)
2026-09-10T18:00:33.883350792Z   File "/usr/local/lib/python3.13/site-packages/starlette/middleware/exceptions.py", line 63, in __call__
2026-09-10T18:00:33.883389940Z     await wrap_app_handling_exceptions(self.app, conn)(scope, receive, send)
2026-09-10T18:00:33.883392144Z   File "/usr/local/lib/python3.13/site-packages/starlette/_exception_handler.py", line 53, in wrapped_app
2026-09-10T18:00:33.883394218Z     raise exc
2026-09-10T18:00:33.883396152Z   File "/usr/local/lib/python3.13/site-packages/starlette/_exception_handler.py", line 42, in wrapped_app
2026-09-10T18:00:33.883398096Z     await app(scope, receive, sender)
2026-09-10T18:00:33.883399980Z   File "/usr/local/lib/python3.13/site-packages/fastapi/middleware/asyncexitstack.py", line 18, in __call__
2026-09-10T18:00:33.883401883Z     await self.app(scope, receive, send)
2026-09-10T18:00:33.883403837Z   File "/usr/local/lib/python3.13/site-packages/starlette/routing.py", line 716, in __call__
2026-09-10T18:00:33.883405831Z     await self.middleware_stack(scope, receive, send)
2026-09-10T18:00:33.883407745Z   File "/usr/local/lib/python3.13/site-packages/starlette/routing.py", line 736, in app
2026-09-10T18:00:33.883409659Z     await route.handle(scope, receive, send)
2026-09-10T18:00:33.883411583Z   File "/usr/local/lib/python3.13/site-packages/starlette/routing.py", line 290, in handle
2026-09-10T18:00:33.883413486Z     await self.app(scope, receive, send)
2026-09-10T18:00:33.883415390Z   File "/usr/local/lib/python3.13/site-packages/fastapi/routing.py", line 134, in app
2026-09-10T18:00:33.883417284Z     await wrap_app_handling_exceptions(app, request)(scope, receive, send)
2026-09-10T18:00:33.883419298Z   File "/usr/local/lib/python3.13/site-packages/starlette/_exception_handler.py", line 53, in wrapped_app
2026-09-10T18:00:33.883421222Z     raise exc
2026-09-10T18:00:33.883423125Z   File "/usr/local/lib/python3.13/site-packages/starlette/_exception_handler.py", line 42, in wrapped_app
2026-09-10T18:00:33.883425039Z     await app(scope, receive, sender)
2026-09-10T18:00:33.883426943Z   File "/usr/local/lib/python3.13/site-packages/fastapi/routing.py", line 120, in app
2026-09-10T18:00:33.883429188Z     response = await f(request)
2026-09-10T18:00:33.883431151Z                ^^^^^^^^^^^^^^^^
2026-09-10T18:00:33.883433055Z   File "/usr/local/lib/python3.13/site-packages/fastapi/routing.py", line 674, in app
2026-09-10T18:00:33.883435220Z     raw_response = await run_endpoint_function(
2026-09-10T18:00:33.883437203Z                    ^^^^^^^^^^^^^^^^^^^^^^^^^^^^
2026-09-10T18:00:33.883439638Z     ...<3 lines>...
2026-09-10T18:00:33.883441632Z     )
2026-09-10T18:00:33.883443566Z     ^
2026-09-10T18:00:33.883445470Z   File "/usr/local/lib/python3.13/site-packages/fastapi/routing.py", line 330, in run_endpoint_function
2026-09-10T18:00:33.883447414Z     return await run_in_threadpool(dependant.call, **values)
2026-09-10T18:00:33.883449368Z            ^^^^^^^^^^^^^^^^^^^^^^^^^^^^^^^^^^^^^^^^^^^^^^^^^
2026-09-10T18:00:33.883483024Z   File "/usr/local/lib/python3.13/site-packages/starlette/concurrency.py", line 32, in run_in_threadpool
2026-09-10T18:00:33.883490128Z     return await anyio.to_thread.run_sync(func)
2026-09-10T18:00:33.883492333Z            ^^^^^^^^^^^^^^^^^^^^^^^^^^^^^^^^^^^^
2026-09-10T18:00:33.883494377Z   File "/usr/local/lib/python3.13/site-packages/anyio/to_thread.py", line 63, in run_sync
2026-09-10T18:00:33.883496391Z     return await get_async_backend().run_sync_in_worker_thread(
2026-09-10T18:00:33.883498315Z            ^^^^^^^^^^^^^^^^^^^^^^^^^^^^^^^^^^^^^^^^^^^^^^^^^^^^
2026-09-10T18:00:33.883500249Z         func, args, abandon_on_cancel=abandon_on_cancel, limiter=limiter
2026-09-10T18:00:33.883502152Z         ^^^^^^^^^^^^^^^^^^^^^^^^^^^^^^^^^^^^^^^^^^^^^^^^^^^^^^^^^^^^^^^^
2026-09-10T18:00:33.883504066Z     )
2026-09-10T18:00:33.883513926Z     ^
2026-09-10T18:00:33.883515990Z   File "/usr/local/lib/python3.13/site-packages/anyio/_backends/_asyncio.py", line 2518, in run_sync_in_worker_thread
2026-09-10T18:00:33.883517984Z     return await future
2026-09-10T18:00:33.883519958Z            ^^^^^^^^^^^^
2026-09-10T18:00:33.883521871Z   File "/usr/local/lib/python3.13/site-packages/anyio/_backends/_asyncio.py", line 1002, in run
2026-09-10T18:00:33.883523785Z     result = context.run(func, *args)
2026-09-10T18:00:33.883525709Z   File "/app/app/routers/orders.py", line 36, in checkout
2026-09-10T18:00:33.883527623Z     return create_order(
2026-09-10T18:00:33.883529567Z         db=db,
2026-09-10T18:00:33.883531521Z     ...<2 lines>...
2026-09-10T18:00:33.883533444Z         correlation_id=correlation_id,
2026-09-10T18:00:33.883535388Z     )
2026-09-10T18:00:33.883539306Z   File "/app/app/services/order_service.py", line 42, in create_order
2026-09-10T18:00:33.883541350Z     result = db.execute(
2026-09-10T18:00:33.883543294Z         select(ProductModel).where(ProductModel.id == product_id)
2026-09-10T18:00:33.883545208Z     )
2026-09-10T18:00:33.883547132Z   File "/usr/local/lib/python3.13/site-packages/sqlalchemy/orm/session.py", line 2372, in execute
2026-09-10T18:00:33.883549055Z     return self._execute_internal(
2026-09-10T18:00:33.883550969Z            ~~~~~~~~~~~~~~~~~~~~~~^
2026-09-10T18:00:33.883552873Z         statement,
2026-09-10T18:00:33.883554777Z         ^^^^^^^^^^
2026-09-10T18:00:33.883556671Z     ...<4 lines>...
2026-09-10T18:00:33.883558644Z         _add_event=_add_event,
2026-09-10T18:00:33.883560528Z         ^^^^^^^^^^^^^^^^^^^^^^
2026-09-10T18:00:33.883562422Z     )
2026-09-10T18:00:33.883564346Z     ^
2026-09-10T18:00:33.883566260Z   File "/usr/local/lib/python3.13/site-packages/sqlalchemy/orm/session.py", line 2260, in _execute_internal
2026-09-10T18:00:33.883568193Z     conn = self._connection_for_bind(bind)
2026-09-10T18:00:33.883570117Z   File "/usr/local/lib/python3.13/site-packages/sqlalchemy/orm/session.py", line 2112, in _connection_for_bind
2026-09-10T18:00:33.883573624Z     return trans._connection_for_bind(engine, execution_options)
2026-09-10T18:00:33.883575558Z            ~~~~~~~~~~~~~~~~~~~~~~~~~~^^^^^^^^^^^^^^^^^^^^^^^^^^^
2026-09-10T18:00:33.883577482Z   File "<string>", line 2, in _connection_for_bind
2026-09-10T18:00:33.883579386Z   File "/usr/local/lib/python3.13/site-packages/sqlalchemy/orm/state_changes.py", line 137, in _go
2026-09-10T18:00:33.883581319Z     ret_value = fn(self, *arg, **kw)
2026-09-10T18:00:33.883583223Z   File "/usr/local/lib/python3.13/site-packages/sqlalchemy/orm/session.py", line 1191, in _connection_for_bind
2026-09-10T18:00:33.883585137Z     conn = bind.connect()
2026-09-10T18:00:33.883587913Z   File "/usr/local/lib/python3.13/site-packages/opentelemetry/instrumentation/sqlalchemy/engine.py", line 200, in _wrap_connect_internal
2026-09-10T18:00:33.883589826Z     return func(*args, **kwargs)
2026-09-10T18:00:33.883591730Z   File "/usr/local/lib/python3.13/site-packages/sqlalchemy/engine/base.py", line 3295, in connect
2026-09-10T18:00:33.883593724Z     return self._connection_cls(self)
2026-09-10T18:00:33.883595648Z            ~~~~~~~~~~~~~~~~~~~~^^^^^^
2026-09-10T18:00:33.883597662Z   File "/usr/local/lib/python3.13/site-packages/sqlalchemy/engine/base.py", line 144, in __init__
2026-09-10T18:00:33.883599656Z     self._dbapi_connection = engine.raw_connection()
2026-09-10T18:00:33.883601570Z                              ~~~~~~~~~~~~~~~~~~~~~^^
2026-09-10T18:00:33.883603473Z   File "/usr/local/lib/python3.13/site-packages/sqlalchemy/engine/base.py", line 3319, in raw_connection
2026-09-10T18:00:33.883610527Z     return self.pool.connect()
2026-09-10T18:00:33.883612481Z            ~~~~~~~~~~~~~~~~~^^
2026-09-10T18:00:33.883614405Z   File "/usr/local/lib/python3.13/site-packages/sqlalchemy/pool/base.py", line 448, in connect
2026-09-10T18:00:33.883616319Z     return _ConnectionFairy._checkout(self)
2026-09-10T18:00:33.883618233Z            ~~~~~~~~~~~~~~~~~~~~~~~~~~^^^^^^
2026-09-10T18:00:33.883620287Z   File "/usr/local/lib/python3.13/site-packages/sqlalchemy/pool/base.py", line 1272, in _checkout
2026-09-10T18:00:33.883622201Z     fairy = _ConnectionRecord.checkout(pool)
2026-09-10T18:00:33.883624084Z   File "/usr/local/lib/python3.13/site-packages/sqlalchemy/pool/base.py", line 712, in checkout
2026-09-10T18:00:33.883625978Z     rec = pool._do_get()
2026-09-10T18:00:33.883627872Z   File "/usr/local/lib/python3.13/site-packages/sqlalchemy/pool/impl.py", line 167, in _do_get
2026-09-10T18:00:33.883629786Z     raise exc.TimeoutError(
2026-09-10T18:00:33.883631699Z     ...<4 lines>...
2026-09-10T18:00:33.883633603Z     )
2026-09-10T18:00:33.883636048Z sqlalchemy.exc.TimeoutError: QueuePool limit of size 5 overflow 10 reached, connection timed out, timeout 30.00 (Background on this error at: https://sqlalche.me/e/20/3o7r)
2026-09-10T18:00:34.012558082Z ERROR:    Exception in ASGI application
2026-09-10T18:00:34.012592751Z Traceback (most recent call last):
2026-09-10T18:00:34.012595797Z   File "/usr/local/lib/python3.13/site-packages/uvicorn/protocols/http/httptools_impl.py", line 421, in run_asgi
2026-09-10T18:00:34.012598382Z     result = await app(  # type: ignore[func-returns-value]
2026-09-10T18:00:34.012600306Z              ^^^^^^^^^^^^^^^^^^^^^^^^^^^^^^^^^^^^^^^^^^^^^^
2026-09-10T18:00:34.012602520Z         self.scope, self.receive, self.send
2026-09-10T18:00:34.012604464Z         ^^^^^^^^^^^^^^^^^^^^^^^^^^^^^^^^^^^
2026-09-10T18:00:34.012607049Z     )
2026-09-10T18:00:34.012611669Z     ^
2026-09-10T18:00:34.012616037Z   File "/usr/local/lib/python3.13/site-packages/uvicorn/middleware/proxy_headers.py", line 63, in __call__
2026-09-10T18:00:34.012620426Z     return await self.app(scope, receive, send)
2026-09-10T18:00:34.012625165Z            ^^^^^^^^^^^^^^^^^^^^^^^^^^^^^^^^^^^^
2026-09-10T18:00:34.012630135Z   File "/usr/local/lib/python3.13/site-packages/fastapi/applications.py", line 1159, in __call__
2026-09-10T18:00:34.012634544Z     await super().__call__(scope, receive, send)
2026-09-10T18:00:34.012638923Z   File "/usr/local/lib/python3.13/site-packages/starlette/applications.py", line 107, in __call__
2026-09-10T18:00:34.012643311Z     await self.middleware_stack(scope, receive, send)
2026-09-10T18:00:34.012647680Z   File "/usr/local/lib/python3.13/site-packages/starlette/middleware/errors.py", line 186, in __call__
2026-09-10T18:00:34.012652139Z     raise exc
2026-09-10T18:00:34.012656498Z   File "/usr/local/lib/python3.13/site-packages/starlette/middleware/errors.py", line 164, in __call__
2026-09-10T18:00:34.012660876Z     await self.app(scope, receive, _send)
2026-09-10T18:00:34.012665936Z   File "/usr/local/lib/python3.13/site-packages/opentelemetry/instrumentation/asgi/__init__.py", line 806, in __call__
2026-09-10T18:00:34.012670385Z     await self.app(scope, otel_receive, otel_send)
2026-09-10T18:00:34.012674844Z   File "/usr/local/lib/python3.13/site-packages/starlette/middleware/errors.py", line 186, in __call__
2026-09-10T18:00:34.012679403Z     raise exc
2026-09-10T18:00:34.012683712Z   File "/usr/local/lib/python3.13/site-packages/starlette/middleware/errors.py", line 164, in __call__
2026-09-10T18:00:34.012688060Z     await self.app(scope, receive, _send)
2026-09-10T18:00:34.012692409Z   File "/usr/local/lib/python3.13/site-packages/opentelemetry/instrumentation/fastapi/__init__.py", line 305, in __call__
2026-09-10T18:00:34.012723230Z     await self.app(scope, receive, send)
2026-09-10T18:00:34.012727859Z   File "/usr/local/lib/python3.13/site-packages/prometheus_fastapi_instrumentator/middleware.py", line 177, in __call__
2026-09-10T18:00:34.012732268Z     raise exc
2026-09-10T18:00:34.012736607Z   File "/usr/local/lib/python3.13/site-packages/prometheus_fastapi_instrumentator/middleware.py", line 175, in __call__
2026-09-10T18:00:34.012740965Z     await self.app(scope, receive, send_wrapper)
2026-09-10T18:00:34.012745294Z   File "/usr/local/lib/python3.13/site-packages/starlette/middleware/exceptions.py", line 63, in __call__
2026-09-10T18:00:34.012750685Z     await wrap_app_handling_exceptions(self.app, conn)(scope, receive, send)
2026-09-10T18:00:34.012755013Z   File "/usr/local/lib/python3.13/site-packages/starlette/_exception_handler.py", line 53, in wrapped_app
2026-09-10T18:00:34.012759302Z     raise exc
2026-09-10T18:00:34.012763600Z   File "/usr/local/lib/python3.13/site-packages/starlette/_exception_handler.py", line 42, in wrapped_app
2026-09-10T18:00:34.012768049Z     await app(scope, receive, sender)
2026-09-10T18:00:34.012772418Z   File "/usr/local/lib/python3.13/site-packages/fastapi/middleware/asyncexitstack.py", line 18, in __call__
2026-09-10T18:00:34.012776746Z     await self.app(scope, receive, send)
2026-09-10T18:00:34.012781075Z   File "/usr/local/lib/python3.13/site-packages/starlette/routing.py", line 716, in __call__
2026-09-10T18:00:34.012785454Z     await self.middleware_stack(scope, receive, send)
2026-09-10T18:00:34.012789802Z   File "/usr/local/lib/python3.13/site-packages/starlette/routing.py", line 736, in app
2026-09-10T18:00:34.012794131Z     await route.handle(scope, receive, send)
2026-09-10T18:00:34.012798479Z   File "/usr/local/lib/python3.13/site-packages/starlette/routing.py", line 290, in handle
2026-09-10T18:00:34.012802828Z     await self.app(scope, receive, send)
2026-09-10T18:00:34.012807187Z   File "/usr/local/lib/python3.13/site-packages/fastapi/routing.py", line 134, in app
2026-09-10T18:00:34.012811485Z     await wrap_app_handling_exceptions(app, request)(scope, receive, send)
2026-09-10T18:00:34.012816034Z   File "/usr/local/lib/python3.13/site-packages/starlette/_exception_handler.py", line 53, in wrapped_app
2026-09-10T18:00:34.012820333Z     raise exc
2026-09-10T18:00:34.012824671Z   File "/usr/local/lib/python3.13/site-packages/starlette/_exception_handler.py", line 42, in wrapped_app
2026-09-10T18:00:34.012828960Z     await app(scope, receive, sender)
2026-09-10T18:00:34.012833309Z   File "/usr/local/lib/python3.13/site-packages/fastapi/routing.py", line 120, in app
2026-09-10T18:00:34.012838198Z     response = await f(request)
2026-09-10T18:00:34.012842547Z                ^^^^^^^^^^^^^^^^
2026-09-10T18:00:34.012846855Z   File "/usr/local/lib/python3.13/site-packages/fastapi/routing.py", line 674, in app
2026-09-10T18:00:34.012851174Z     raw_response = await run_endpoint_function(
2026-09-10T18:00:34.012855472Z                    ^^^^^^^^^^^^^^^^^^^^^^^^^^^^
2026-09-10T18:00:34.012860472Z     ...<3 lines>...
2026-09-10T18:00:34.012864861Z     )
2026-09-10T18:00:34.012869340Z     ^
2026-09-10T18:00:34.012873759Z   File "/usr/local/lib/python3.13/site-packages/fastapi/routing.py", line 330, in run_endpoint_function
2026-09-10T18:00:34.012878107Z     return await run_in_threadpool(dependant.call, **values)
2026-09-10T18:00:34.012882426Z            ^^^^^^^^^^^^^^^^^^^^^^^^^^^^^^^^^^^^^^^^^^^^^^^^^
2026-09-10T18:00:34.012957024Z   File "/usr/local/lib/python3.13/site-packages/starlette/concurrency.py", line 32, in run_in_threadpool
2026-09-10T18:00:34.012983777Z     return await anyio.to_thread.run_sync(func)
2026-09-10T18:00:34.012988466Z            ^^^^^^^^^^^^^^^^^^^^^^^^^^^^^^^^^^^^
2026-09-10T18:00:34.012992785Z   File "/usr/local/lib/python3.13/site-packages/anyio/to_thread.py", line 63, in run_sync
2026-09-10T18:00:34.012997354Z     return await get_async_backend().run_sync_in_worker_thread(
2026-09-10T18:00:34.013001823Z            ^^^^^^^^^^^^^^^^^^^^^^^^^^^^^^^^^^^^^^^^^^^^^^^^^^^^
2026-09-10T18:00:34.013006182Z         func, args, abandon_on_cancel=abandon_on_cancel, limiter=limiter
2026-09-10T18:00:34.013010520Z         ^^^^^^^^^^^^^^^^^^^^^^^^^^^^^^^^^^^^^^^^^^^^^^^^^^^^^^^^^^^^^^^^
2026-09-10T18:00:34.013014869Z     )
2026-09-10T18:00:34.013019167Z     ^
2026-09-10T18:00:34.013023466Z   File "/usr/local/lib/python3.13/site-packages/anyio/_backends/_asyncio.py", line 2518, in run_sync_in_worker_thread
2026-09-10T18:00:34.013027785Z     return await future
2026-09-10T18:00:34.013032153Z            ^^^^^^^^^^^^
2026-09-10T18:00:34.013036442Z   File "/usr/local/lib/python3.13/site-packages/anyio/_backends/_asyncio.py", line 1002, in run
2026-09-10T18:00:34.013040730Z     result = context.run(func, *args)
2026-09-10T18:00:34.013045029Z   File "/app/app/routers/orders.py", line 36, in checkout
2026-09-10T18:00:34.013049347Z     return create_order(
2026-09-10T18:00:34.013053676Z         db=db,
2026-09-10T18:00:34.013057984Z     ...<2 lines>...
2026-09-10T18:00:34.013062293Z         correlation_id=correlation_id,
2026-09-10T18:00:34.013066662Z     )
2026-09-10T18:00:34.013071030Z   File "/app/app/services/order_service.py", line 42, in create_order
2026-09-10T18:00:34.013075369Z     result = db.execute(
2026-09-10T18:00:34.013082784Z         select(ProductModel).where(ProductModel.id == product_id)
2026-09-10T18:00:34.013087263Z     )
2026-09-10T18:00:34.013091641Z   File "/usr/local/lib/python3.13/site-packages/sqlalchemy/orm/session.py", line 2372, in execute
2026-09-10T18:00:34.013095980Z     return self._execute_internal(
2026-09-10T18:00:34.013100298Z            ~~~~~~~~~~~~~~~~~~~~~~^
2026-09-10T18:00:34.013104697Z         statement,
2026-09-10T18:00:34.013109076Z         ^^^^^^^^^^
2026-09-10T18:00:34.013113424Z     ...<4 lines>...
2026-09-10T18:00:34.013117723Z         _add_event=_add_event,
2026-09-10T18:00:34.013122002Z         ^^^^^^^^^^^^^^^^^^^^^^
2026-09-10T18:00:34.013126270Z     )
2026-09-10T18:00:34.013130619Z     ^
2026-09-10T18:00:34.013134977Z   File "/usr/local/lib/python3.13/site-packages/sqlalchemy/orm/session.py", line 2260, in _execute_internal
2026-09-10T18:00:34.013139346Z     conn = self._connection_for_bind(bind)
2026-09-10T18:00:34.013143675Z   File "/usr/local/lib/python3.13/site-packages/sqlalchemy/orm/session.py", line 2112, in _connection_for_bind
2026-09-10T18:00:34.013148023Z     return trans._connection_for_bind(engine, execution_options)
2026-09-10T18:00:34.013152312Z            ~~~~~~~~~~~~~~~~~~~~~~~~~~^^^^^^^^^^^^^^^^^^^^^^^^^^^
2026-09-10T18:00:34.013156580Z   File "<string>", line 2, in _connection_for_bind
2026-09-10T18:00:34.013160909Z   File "/usr/local/lib/python3.13/site-packages/sqlalchemy/orm/state_changes.py", line 137, in _go
2026-09-10T18:00:34.013165197Z     ret_value = fn(self, *arg, **kw)
2026-09-10T18:00:34.013169516Z   File "/usr/local/lib/python3.13/site-packages/sqlalchemy/orm/session.py", line 1191, in _connection_for_bind
2026-09-10T18:00:34.013173824Z     conn = bind.connect()
2026-09-10T18:00:34.013179025Z   File "/usr/local/lib/python3.13/site-packages/opentelemetry/instrumentation/sqlalchemy/engine.py", line 200, in _wrap_connect_internal
2026-09-10T18:00:34.013183313Z     return func(*args, **kwargs)
2026-09-10T18:00:34.013209856Z   File "/usr/local/lib/python3.13/site-packages/sqlalchemy/engine/base.py", line 3295, in connect
2026-09-10T18:00:34.013214255Z     return self._connection_cls(self)
2026-09-10T18:00:34.013218553Z            ~~~~~~~~~~~~~~~~~~~~^^^^^^
2026-09-10T18:00:34.013225056Z   File "/usr/local/lib/python3.13/site-packages/sqlalchemy/engine/base.py", line 144, in __init__
2026-09-10T18:00:34.013229455Z     self._dbapi_connection = engine.raw_connection()
2026-09-10T18:00:34.013233833Z                              ~~~~~~~~~~~~~~~~~~~~~^^
2026-09-10T18:00:34.013238162Z   File "/usr/local/lib/python3.13/site-packages/sqlalchemy/engine/base.py", line 3319, in raw_connection
2026-09-10T18:00:34.013242441Z     return self.pool.connect()
2026-09-10T18:00:34.013249404Z            ~~~~~~~~~~~~~~~~~^^
2026-09-10T18:00:34.013253813Z   File "/usr/local/lib/python3.13/site-packages/sqlalchemy/pool/base.py", line 448, in connect
2026-09-10T18:00:34.013258202Z     return _ConnectionFairy._checkout(self)
2026-09-10T18:00:34.013262550Z            ~~~~~~~~~~~~~~~~~~~~~~~~~~^^^^^^
2026-09-10T18:00:34.013266879Z   File "/usr/local/lib/python3.13/site-packages/sqlalchemy/pool/base.py", line 1272, in _checkout
2026-09-10T18:00:34.013271198Z     fairy = _ConnectionRecord.checkout(pool)
2026-09-10T18:00:34.013275506Z   File "/usr/local/lib/python3.13/site-packages/sqlalchemy/pool/base.py", line 712, in checkout
2026-09-10T18:00:34.013282710Z     rec = pool._do_get()
2026-09-10T18:00:34.013287099Z   File "/usr/local/lib/python3.13/site-packages/sqlalchemy/pool/impl.py", line 167, in _do_get
2026-09-10T18:00:34.013291418Z     raise exc.TimeoutError(
2026-09-10T18:00:34.013295756Z     ...<4 lines>...
2026-09-10T18:00:34.013300085Z     )
2026-09-10T18:00:34.013305426Z sqlalchemy.exc.TimeoutError: QueuePool limit of size 5 overflow 10 reached, connection timed out, timeout 30.00 (Background on this error at: https://sqlalche.me/e/20/3o7r)
2026-09-10T18:00:34.203590454Z ERROR:    Exception in ASGI application
2026-09-10T18:00:34.203656195Z Traceback (most recent call last):
2026-09-10T18:00:34.203659461Z   File "/usr/local/lib/python3.13/site-packages/uvicorn/protocols/http/httptools_impl.py", line 421, in run_asgi
2026-09-10T18:00:34.203663399Z     result = await app(  # type: ignore[func-returns-value]
2026-09-10T18:00:34.203665684Z              ^^^^^^^^^^^^^^^^^^^^^^^^^^^^^^^^^^^^^^^^^^^^^^
2026-09-10T18:00:34.203668309Z         self.scope, self.receive, self.send
2026-09-10T18:00:34.203670764Z         ^^^^^^^^^^^^^^^^^^^^^^^^^^^^^^^^^^^
2026-09-10T18:00:34.203673109Z     )
2026-09-10T18:00:34.203675273Z     ^
2026-09-10T18:00:34.203677648Z   File "/usr/local/lib/python3.13/site-packages/uvicorn/middleware/proxy_headers.py", line 63, in __call__
2026-09-10T18:00:34.203679672Z     return await self.app(scope, receive, send)
2026-09-10T18:00:34.203681796Z            ^^^^^^^^^^^^^^^^^^^^^^^^^^^^^^^^^^^^
2026-09-10T18:00:34.203684702Z   File "/usr/local/lib/python3.13/site-packages/fastapi/applications.py", line 1159, in __call__
2026-09-10T18:00:34.203687016Z     await super().__call__(scope, receive, send)
2026-09-10T18:00:34.203689231Z   File "/usr/local/lib/python3.13/site-packages/starlette/applications.py", line 107, in __call__
2026-09-10T18:00:34.203691295Z     await self.middleware_stack(scope, receive, send)
2026-09-10T18:00:34.203693780Z   File "/usr/local/lib/python3.13/site-packages/starlette/middleware/errors.py", line 186, in __call__
2026-09-10T18:00:34.203695753Z     raise exc
2026-09-10T18:00:34.203697767Z   File "/usr/local/lib/python3.13/site-packages/starlette/middleware/errors.py", line 164, in __call__
2026-09-10T18:00:34.203699862Z     await self.app(scope, receive, _send)
2026-09-10T18:00:34.203733518Z   File "/usr/local/lib/python3.13/site-packages/opentelemetry/instrumentation/asgi/__init__.py", line 806, in __call__
2026-09-10T18:00:34.203735863Z     await self.app(scope, otel_receive, otel_send)
2026-09-10T18:00:34.203737857Z   File "/usr/local/lib/python3.13/site-packages/starlette/middleware/errors.py", line 186, in __call__
2026-09-10T18:00:34.203740122Z     raise exc
2026-09-10T18:00:34.203742146Z   File "/usr/local/lib/python3.13/site-packages/starlette/middleware/errors.py", line 164, in __call__
2026-09-10T18:00:34.203744079Z     await self.app(scope, receive, _send)
2026-09-10T18:00:34.203746113Z   File "/usr/local/lib/python3.13/site-packages/opentelemetry/instrumentation/fastapi/__init__.py", line 305, in __call__
2026-09-10T18:00:34.203748067Z     await self.app(scope, receive, send)
2026-09-10T18:00:34.203750292Z   File "/usr/local/lib/python3.13/site-packages/prometheus_fastapi_instrumentator/middleware.py", line 177, in __call__
2026-09-10T18:00:34.203752686Z     raise exc
2026-09-10T18:00:34.203754670Z   File "/usr/local/lib/python3.13/site-packages/prometheus_fastapi_instrumentator/middleware.py", line 175, in __call__
2026-09-10T18:00:34.203756805Z     await self.app(scope, receive, send_wrapper)
2026-09-10T18:00:34.203758919Z   File "/usr/local/lib/python3.13/site-packages/starlette/middleware/exceptions.py", line 63, in __call__
2026-09-10T18:00:34.203763438Z     await wrap_app_handling_exceptions(self.app, conn)(scope, receive, send)
2026-09-10T18:00:34.203766063Z   File "/usr/local/lib/python3.13/site-packages/starlette/_exception_handler.py", line 53, in wrapped_app
2026-09-10T18:00:34.203768017Z     raise exc
2026-09-10T18:00:34.203770161Z   File "/usr/local/lib/python3.13/site-packages/starlette/_exception_handler.py", line 42, in wrapped_app
2026-09-10T18:00:34.203772075Z     await app(scope, receive, sender)
2026-09-10T18:00:34.203774249Z   File "/usr/local/lib/python3.13/site-packages/fastapi/middleware/asyncexitstack.py", line 18, in __call__
2026-09-10T18:00:34.203776183Z     await self.app(scope, receive, send)
2026-09-10T18:00:34.203778207Z   File "/usr/local/lib/python3.13/site-packages/starlette/routing.py", line 716, in __call__
2026-09-10T18:00:34.203780201Z     await self.middleware_stack(scope, receive, send)
2026-09-10T18:00:34.203782185Z   File "/usr/local/lib/python3.13/site-packages/starlette/routing.py", line 736, in app
2026-09-10T18:00:34.203784159Z     await route.handle(scope, receive, send)
2026-09-10T18:00:34.203786133Z   File "/usr/local/lib/python3.13/site-packages/starlette/routing.py", line 290, in handle
2026-09-10T18:00:34.203788177Z     await self.app(scope, receive, send)
2026-09-10T18:00:34.203790391Z   File "/usr/local/lib/python3.13/site-packages/fastapi/routing.py", line 134, in app
2026-09-10T18:00:34.203792516Z     await wrap_app_handling_exceptions(app, request)(scope, receive, send)
2026-09-10T18:00:34.203794550Z   File "/usr/local/lib/python3.13/site-packages/starlette/_exception_handler.py", line 53, in wrapped_app
2026-09-10T18:00:34.203796483Z     raise exc
2026-09-10T18:00:34.203798447Z   File "/usr/local/lib/python3.13/site-packages/starlette/_exception_handler.py", line 42, in wrapped_app
2026-09-10T18:00:34.203800361Z     await app(scope, receive, sender)
2026-09-10T18:00:34.203802435Z   File "/usr/local/lib/python3.13/site-packages/fastapi/routing.py", line 120, in app
2026-09-10T18:00:34.203805802Z     response = await f(request)
2026-09-10T18:00:34.203807836Z                ^^^^^^^^^^^^^^^^
2026-09-10T18:00:34.203809850Z   File "/usr/local/lib/python3.13/site-packages/fastapi/routing.py", line 674, in app
2026-09-10T18:00:34.203811774Z     raw_response = await run_endpoint_function(
2026-09-10T18:00:34.203819399Z                    ^^^^^^^^^^^^^^^^^^^^^^^^^^^^
2026-09-10T18:00:34.203821904Z     ...<3 lines>...
2026-09-10T18:00:34.203823988Z     )
2026-09-10T18:00:34.203825922Z     ^
2026-09-10T18:00:34.203827916Z   File "/usr/local/lib/python3.13/site-packages/fastapi/routing.py", line 330, in run_endpoint_function
2026-09-10T18:00:34.203829870Z     return await run_in_threadpool(dependant.call, **values)
2026-09-10T18:00:34.203831894Z            ^^^^^^^^^^^^^^^^^^^^^^^^^^^^^^^^^^^^^^^^^^^^^^^^^
2026-09-10T18:00:34.203877194Z   File "/usr/local/lib/python3.13/site-packages/starlette/concurrency.py", line 32, in run_in_threadpool
2026-09-10T18:00:34.203883266Z     return await anyio.to_thread.run_sync(func)
2026-09-10T18:00:34.203885340Z            ^^^^^^^^^^^^^^^^^^^^^^^^^^^^^^^^^^^^
2026-09-10T18:00:34.203887835Z   File "/usr/local/lib/python3.13/site-packages/anyio/to_thread.py", line 63, in run_sync
2026-09-10T18:00:34.203890630Z     return await get_async_backend().run_sync_in_worker_thread(
2026-09-10T18:00:34.203892614Z            ^^^^^^^^^^^^^^^^^^^^^^^^^^^^^^^^^^^^^^^^^^^^^^^^^^^^
2026-09-10T18:00:34.203894949Z         func, args, abandon_on_cancel=abandon_on_cancel, limiter=limiter
2026-09-10T18:00:34.203897103Z         ^^^^^^^^^^^^^^^^^^^^^^^^^^^^^^^^^^^^^^^^^^^^^^^^^^^^^^^^^^^^^^^^
2026-09-10T18:00:34.203899007Z     )
2026-09-10T18:00:34.203900941Z     ^
2026-09-10T18:00:34.203902885Z   File "/usr/local/lib/python3.13/site-packages/anyio/_backends/_asyncio.py", line 2518, in run_sync_in_worker_thread
2026-09-10T18:00:34.203904778Z     return await future
2026-09-10T18:00:34.203906692Z            ^^^^^^^^^^^^
2026-09-10T18:00:34.203908706Z   File "/usr/local/lib/python3.13/site-packages/anyio/_backends/_asyncio.py", line 1002, in run
2026-09-10T18:00:34.203910650Z     result = context.run(func, *args)
2026-09-10T18:00:34.203912664Z   File "/app/app/routers/orders.py", line 36, in checkout
2026-09-10T18:00:34.203914728Z     return create_order(
2026-09-10T18:00:34.203916672Z         db=db,
2026-09-10T18:00:34.203918606Z     ...<2 lines>...
2026-09-10T18:00:34.203920600Z         correlation_id=correlation_id,
2026-09-10T18:00:34.203922524Z     )
2026-09-10T18:00:34.203924548Z   File "/app/app/services/order_service.py", line 42, in create_order
2026-09-10T18:00:34.203926481Z     result = db.execute(
2026-09-10T18:00:34.203928626Z         select(ProductModel).where(ProductModel.id == product_id)
2026-09-10T18:00:34.203930549Z     )
2026-09-10T18:00:34.203932574Z   File "/usr/local/lib/python3.13/site-packages/sqlalchemy/orm/session.py", line 2372, in execute
2026-09-10T18:00:34.203934487Z     return self._execute_internal(
2026-09-10T18:00:34.203936381Z            ~~~~~~~~~~~~~~~~~~~~~~^
2026-09-10T18:00:34.203938275Z         statement,
2026-09-10T18:00:34.203940189Z         ^^^^^^^^^^
2026-09-10T18:00:34.203942684Z     ...<4 lines>...
2026-09-10T18:00:34.203944597Z         _add_event=_add_event,
2026-09-10T18:00:34.203946531Z         ^^^^^^^^^^^^^^^^^^^^^^
2026-09-10T18:00:34.203948415Z     )
2026-09-10T18:00:34.203950319Z     ^
2026-09-10T18:00:34.203952423Z   File "/usr/local/lib/python3.13/site-packages/sqlalchemy/orm/session.py", line 2260, in _execute_internal
2026-09-10T18:00:34.203954407Z     conn = self._connection_for_bind(bind)
2026-09-10T18:00:34.203956431Z   File "/usr/local/lib/python3.13/site-packages/sqlalchemy/orm/session.py", line 2112, in _connection_for_bind
2026-09-10T18:00:34.203958565Z     return trans._connection_for_bind(engine, execution_options)
2026-09-10T18:00:34.203960549Z            ~~~~~~~~~~~~~~~~~~~~~~~~~~^^^^^^^^^^^^^^^^^^^^^^^^^^^
2026-09-10T18:00:34.203971280Z   File "<string>", line 2, in _connection_for_bind
2026-09-10T18:00:34.203973395Z   File "/usr/local/lib/python3.13/site-packages/sqlalchemy/orm/state_changes.py", line 137, in _go
2026-09-10T18:00:34.203975559Z     ret_value = fn(self, *arg, **kw)
2026-09-10T18:00:34.203977573Z   File "/usr/local/lib/python3.13/site-packages/sqlalchemy/orm/session.py", line 1191, in _connection_for_bind
2026-09-10T18:00:34.203979497Z     conn = bind.connect()
2026-09-10T18:00:34.203981992Z   File "/usr/local/lib/python3.13/site-packages/opentelemetry/instrumentation/sqlalchemy/engine.py", line 200, in _wrap_connect_internal
2026-09-10T18:00:34.203985699Z     return func(*args, **kwargs)
2026-09-10T18:00:34.203990298Z   File "/usr/local/lib/python3.13/site-packages/sqlalchemy/engine/base.py", line 3295, in connect
2026-09-10T18:00:34.203994737Z     return self._connection_cls(self)
2026-09-10T18:00:34.203999496Z            ~~~~~~~~~~~~~~~~~~~~^^^^^^
2026-09-10T18:00:34.204004286Z   File "/usr/local/lib/python3.13/site-packages/sqlalchemy/engine/base.py", line 144, in __init__
2026-09-10T18:00:34.204008604Z     self._dbapi_connection = engine.raw_connection()
2026-09-10T18:00:34.204013264Z                              ~~~~~~~~~~~~~~~~~~~~~^^
2026-09-10T18:00:34.204018003Z   File "/usr/local/lib/python3.13/site-packages/sqlalchemy/engine/base.py", line 3319, in raw_connection
2026-09-10T18:00:34.204022362Z     return self.pool.connect()
2026-09-10T18:00:34.204026690Z            ~~~~~~~~~~~~~~~~~^^
2026-09-10T18:00:34.204031149Z   File "/usr/local/lib/python3.13/site-packages/sqlalchemy/pool/base.py", line 448, in connect
2026-09-10T18:00:34.204035628Z     return _ConnectionFairy._checkout(self)
2026-09-10T18:00:34.204046349Z            ~~~~~~~~~~~~~~~~~~~~~~~~~~^^^^^^
2026-09-10T18:00:34.204050748Z   File "/usr/local/lib/python3.13/site-packages/sqlalchemy/pool/base.py", line 1272, in _checkout
2026-09-10T18:00:34.204055077Z     fairy = _ConnectionRecord.checkout(pool)
2026-09-10T18:00:34.204059586Z   File "/usr/local/lib/python3.13/site-packages/sqlalchemy/pool/base.py", line 712, in checkout
2026-09-10T18:00:34.204063954Z     rec = pool._do_get()
2026-09-10T18:00:34.204068233Z   File "/usr/local/lib/python3.13/site-packages/sqlalchemy/pool/impl.py", line 167, in _do_get
2026-09-10T18:00:34.204072662Z     raise exc.TimeoutError(
2026-09-10T18:00:34.204076970Z     ...<4 lines>...
2026-09-10T18:00:34.204081279Z     )
2026-09-10T18:00:34.204092050Z sqlalchemy.exc.TimeoutError: QueuePool limit of size 5 overflow 10 reached, connection timed out, timeout 30.00 (Background on this error at: https://sqlalche.me/e/20/3o7r)
2026-09-10T18:00:34.297399007Z ERROR:    Exception in ASGI application
2026-09-10T18:00:34.297448675Z Traceback (most recent call last):
2026-09-10T18:00:34.297452062Z   File "/usr/local/lib/python3.13/site-packages/uvicorn/protocols/http/httptools_impl.py", line 421, in run_asgi
2026-09-10T18:00:34.297455328Z     result = await app(  # type: ignore[func-returns-value]
2026-09-10T18:00:34.297457292Z              ^^^^^^^^^^^^^^^^^^^^^^^^^^^^^^^^^^^^^^^^^^^^^^
2026-09-10T18:00:34.297459617Z         self.scope, self.receive, self.send
2026-09-10T18:00:34.297461531Z         ^^^^^^^^^^^^^^^^^^^^^^^^^^^^^^^^^^^
2026-09-10T18:00:34.297463454Z     )
2026-09-10T18:00:34.297465388Z     ^
2026-09-10T18:00:34.297467372Z   File "/usr/local/lib/python3.13/site-packages/uvicorn/middleware/proxy_headers.py", line 63, in __call__
2026-09-10T18:00:34.297469326Z     return await self.app(scope, receive, send)
2026-09-10T18:00:34.297471250Z            ^^^^^^^^^^^^^^^^^^^^^^^^^^^^^^^^^^^^
2026-09-10T18:00:34.297474005Z   File "/usr/local/lib/python3.13/site-packages/fastapi/applications.py", line 1159, in __call__
2026-09-10T18:00:34.297498524Z     await super().__call__(scope, receive, send)
2026-09-10T18:00:34.297500558Z   File "/usr/local/lib/python3.13/site-packages/starlette/applications.py", line 107, in __call__
2026-09-10T18:00:34.297502482Z     await self.middleware_stack(scope, receive, send)
2026-09-10T18:00:34.297504386Z   File "/usr/local/lib/python3.13/site-packages/starlette/middleware/errors.py", line 186, in __call__
2026-09-10T18:00:34.297506360Z     raise exc
2026-09-10T18:00:34.297508293Z   File "/usr/local/lib/python3.13/site-packages/starlette/middleware/errors.py", line 164, in __call__
2026-09-10T18:00:34.297510247Z     await self.app(scope, receive, _send)
2026-09-10T18:00:34.297512903Z   File "/usr/local/lib/python3.13/site-packages/opentelemetry/instrumentation/asgi/__init__.py", line 806, in __call__
2026-09-10T18:00:34.297514836Z     await self.app(scope, otel_receive, otel_send)
2026-09-10T18:00:34.297516780Z   File "/usr/local/lib/python3.13/site-packages/starlette/middleware/errors.py", line 186, in __call__
2026-09-10T18:00:34.297518895Z     raise exc
2026-09-10T18:00:34.297520838Z   File "/usr/local/lib/python3.13/site-packages/starlette/middleware/errors.py", line 164, in __call__
2026-09-10T18:00:34.297522792Z     await self.app(scope, receive, _send)
2026-09-10T18:00:34.297524706Z   File "/usr/local/lib/python3.13/site-packages/opentelemetry/instrumentation/fastapi/__init__.py", line 305, in __call__
2026-09-10T18:00:34.297526640Z     await self.app(scope, receive, send)
2026-09-10T18:00:34.297528985Z   File "/usr/local/lib/python3.13/site-packages/prometheus_fastapi_instrumentator/middleware.py", line 177, in __call__
2026-09-10T18:00:34.297531950Z     raise exc
2026-09-10T18:00:34.297533924Z   File "/usr/local/lib/python3.13/site-packages/prometheus_fastapi_instrumentator/middleware.py", line 175, in __call__
2026-09-10T18:00:34.297535858Z     await self.app(scope, receive, send_wrapper)
2026-09-10T18:00:34.297537892Z   File "/usr/local/lib/python3.13/site-packages/starlette/middleware/exceptions.py", line 63, in __call__
2026-09-10T18:00:34.297540938Z     await wrap_app_handling_exceptions(self.app, conn)(scope, receive, send)
2026-09-10T18:00:34.297543123Z   File "/usr/local/lib/python3.13/site-packages/starlette/_exception_handler.py", line 53, in wrapped_app
2026-09-10T18:00:34.297545046Z     raise exc
2026-09-10T18:00:34.297546960Z   File "/usr/local/lib/python3.13/site-packages/starlette/_exception_handler.py", line 42, in wrapped_app
2026-09-10T18:00:34.297548894Z     await app(scope, receive, sender)
2026-09-10T18:00:34.297550808Z   File "/usr/local/lib/python3.13/site-packages/fastapi/middleware/asyncexitstack.py", line 18, in __call__
2026-09-10T18:00:34.297552732Z     await self.app(scope, receive, send)
2026-09-10T18:00:34.297554655Z   File "/usr/local/lib/python3.13/site-packages/starlette/routing.py", line 716, in __call__
2026-09-10T18:00:34.297556629Z     await self.middleware_stack(scope, receive, send)
2026-09-10T18:00:34.297558563Z   File "/usr/local/lib/python3.13/site-packages/starlette/routing.py", line 736, in app
2026-09-10T18:00:34.297560527Z     await route.handle(scope, receive, send)
2026-09-10T18:00:34.297562441Z   File "/usr/local/lib/python3.13/site-packages/starlette/routing.py", line 290, in handle
2026-09-10T18:00:34.297564365Z     await self.app(scope, receive, send)
2026-09-10T18:00:34.297566279Z   File "/usr/local/lib/python3.13/site-packages/fastapi/routing.py", line 134, in app
2026-09-10T18:00:34.297568182Z     await wrap_app_handling_exceptions(app, request)(scope, receive, send)
2026-09-10T18:00:34.297570808Z   File "/usr/local/lib/python3.13/site-packages/starlette/_exception_handler.py", line 53, in wrapped_app
2026-09-10T18:00:34.297580276Z     raise exc
2026-09-10T18:00:34.297582260Z   File "/usr/local/lib/python3.13/site-packages/starlette/_exception_handler.py", line 42, in wrapped_app
2026-09-10T18:00:34.297602090Z     await app(scope, receive, sender)
2026-09-10T18:00:34.297606138Z   File "/usr/local/lib/python3.13/site-packages/fastapi/routing.py", line 120, in app
2026-09-10T18:00:34.297609324Z     response = await f(request)
2026-09-10T18:00:34.297611258Z                ^^^^^^^^^^^^^^^^
2026-09-10T18:00:34.297613172Z   File "/usr/local/lib/python3.13/site-packages/fastapi/routing.py", line 674, in app
2026-09-10T18:00:34.297615105Z     raw_response = await run_endpoint_function(
2026-09-10T18:00:34.297617791Z                    ^^^^^^^^^^^^^^^^^^^^^^^^^^^^
2026-09-10T18:00:34.297620847Z     ...<3 lines>...
2026-09-10T18:00:34.297622791Z     )
2026-09-10T18:00:34.297624745Z     ^
2026-09-10T18:00:34.297626668Z   File "/usr/local/lib/python3.13/site-packages/fastapi/routing.py", line 330, in run_endpoint_function
2026-09-10T18:00:34.297628602Z     return await run_in_threadpool(dependant.call, **values)
2026-09-10T18:00:34.297630616Z            ^^^^^^^^^^^^^^^^^^^^^^^^^^^^^^^^^^^^^^^^^^^^^^^^^
2026-09-10T18:00:34.297642299Z   File "/usr/local/lib/python3.13/site-packages/starlette/concurrency.py", line 32, in run_in_threadpool
2026-09-10T18:00:34.297644384Z     return await anyio.to_thread.run_sync(func)
2026-09-10T18:00:34.297646528Z            ^^^^^^^^^^^^^^^^^^^^^^^^^^^^^^^^^^^^
2026-09-10T18:00:34.297648622Z   File "/usr/local/lib/python3.13/site-packages/anyio/to_thread.py", line 63, in run_sync
2026-09-10T18:00:34.297650586Z     return await get_async_backend().run_sync_in_worker_thread(
2026-09-10T18:00:34.297659003Z            ^^^^^^^^^^^^^^^^^^^^^^^^^^^^^^^^^^^^^^^^^^^^^^^^^^^^
2026-09-10T18:00:34.297660967Z         func, args, abandon_on_cancel=abandon_on_cancel, limiter=limiter
2026-09-10T18:00:34.297662890Z         ^^^^^^^^^^^^^^^^^^^^^^^^^^^^^^^^^^^^^^^^^^^^^^^^^^^^^^^^^^^^^^^^
2026-09-10T18:00:34.297664904Z     )
2026-09-10T18:00:34.297666818Z     ^
2026-09-10T18:00:34.297668742Z   File "/usr/local/lib/python3.13/site-packages/anyio/_backends/_asyncio.py", line 2518, in run_sync_in_worker_thread
2026-09-10T18:00:34.297670666Z     return await future
2026-09-10T18:00:34.297672590Z            ^^^^^^^^^^^^
2026-09-10T18:00:34.297674553Z   File "/usr/local/lib/python3.13/site-packages/anyio/_backends/_asyncio.py", line 1002, in run
2026-09-10T18:00:34.297676598Z     result = context.run(func, *args)
2026-09-10T18:00:34.297678521Z   File "/app/app/routers/orders.py", line 36, in checkout
2026-09-10T18:00:34.297680475Z     return create_order(
2026-09-10T18:00:34.297682409Z         db=db,
2026-09-10T18:00:34.297684353Z     ...<2 lines>...
2026-09-10T18:00:34.297686277Z         correlation_id=correlation_id,
2026-09-10T18:00:34.297688211Z     )
2026-09-10T18:00:34.297690174Z   File "/app/app/services/order_service.py", line 42, in create_order
2026-09-10T18:00:34.297692118Z     result = db.execute(
2026-09-10T18:00:34.297696818Z         select(ProductModel).where(ProductModel.id == product_id)
2026-09-10T18:00:34.297698792Z     )
2026-09-10T18:00:34.297700735Z   File "/usr/local/lib/python3.13/site-packages/sqlalchemy/orm/session.py", line 2372, in execute
2026-09-10T18:00:34.297702659Z     return self._execute_internal(
2026-09-10T18:00:34.297704583Z            ~~~~~~~~~~~~~~~~~~~~~~^
2026-09-10T18:00:34.297706517Z         statement,
2026-09-10T18:00:34.297708481Z         ^^^^^^^^^^
2026-09-10T18:00:34.297710405Z     ...<4 lines>...
2026-09-10T18:00:34.297712389Z         _add_event=_add_event,
2026-09-10T18:00:34.297723621Z         ^^^^^^^^^^^^^^^^^^^^^^
2026-09-10T18:00:34.297725655Z     )
2026-09-10T18:00:34.297727589Z     ^
2026-09-10T18:00:34.297729533Z   File "/usr/local/lib/python3.13/site-packages/sqlalchemy/orm/session.py", line 2260, in _execute_internal
2026-09-10T18:00:34.297731446Z     conn = self._connection_for_bind(bind)
2026-09-10T18:00:34.297733410Z   File "/usr/local/lib/python3.13/site-packages/sqlalchemy/orm/session.py", line 2112, in _connection_for_bind
2026-09-10T18:00:34.297735464Z     return trans._connection_for_bind(engine, execution_options)
2026-09-10T18:00:34.297737508Z            ~~~~~~~~~~~~~~~~~~~~~~~~~~^^^^^^^^^^^^^^^^^^^^^^^^^^^
2026-09-10T18:00:34.297739562Z   File "<string>", line 2, in _connection_for_bind
2026-09-10T18:00:34.297741576Z   File "/usr/local/lib/python3.13/site-packages/sqlalchemy/orm/state_changes.py", line 137, in _go
2026-09-10T18:00:34.297743560Z     ret_value = fn(self, *arg, **kw)
2026-09-10T18:00:34.297745584Z   File "/usr/local/lib/python3.13/site-packages/sqlalchemy/orm/session.py", line 1191, in _connection_for_bind
2026-09-10T18:00:34.297747508Z     conn = bind.connect()
2026-09-10T18:00:34.297749993Z   File "/usr/local/lib/python3.13/site-packages/opentelemetry/instrumentation/sqlalchemy/engine.py", line 200, in _wrap_connect_internal
2026-09-10T18:00:34.297753731Z     return func(*args, **kwargs)
2026-09-10T18:00:34.297755725Z   File "/usr/local/lib/python3.13/site-packages/sqlalchemy/engine/base.py", line 3295, in connect
2026-09-10T18:00:34.297757668Z     return self._connection_cls(self)
2026-09-10T18:00:34.297759582Z            ~~~~~~~~~~~~~~~~~~~~^^^^^^
2026-09-10T18:00:34.297765243Z   File "/usr/local/lib/python3.13/site-packages/sqlalchemy/engine/base.py", line 144, in __init__
2026-09-10T18:00:34.297767408Z     self._dbapi_connection = engine.raw_connection()
2026-09-10T18:00:34.297769362Z                              ~~~~~~~~~~~~~~~~~~~~~^^
2026-09-10T18:00:34.297771326Z   File "/usr/local/lib/python3.13/site-packages/sqlalchemy/engine/base.py", line 3319, in raw_connection
2026-09-10T18:00:34.297773259Z     return self.pool.connect()
2026-09-10T18:00:34.297775333Z            ~~~~~~~~~~~~~~~~~^^
2026-09-10T18:00:34.297777368Z   File "/usr/local/lib/python3.13/site-packages/sqlalchemy/pool/base.py", line 448, in connect
2026-09-10T18:00:34.297779311Z     return _ConnectionFairy._checkout(self)
2026-09-10T18:00:34.297781215Z            ~~~~~~~~~~~~~~~~~~~~~~~~~~^^^^^^
2026-09-10T18:00:34.297783169Z   File "/usr/local/lib/python3.13/site-packages/sqlalchemy/pool/base.py", line 1272, in _checkout
2026-09-10T18:00:34.297785073Z     fairy = _ConnectionRecord.checkout(pool)
2026-09-10T18:00:34.297787197Z   File "/usr/local/lib/python3.13/site-packages/sqlalchemy/pool/base.py", line 712, in checkout
2026-09-10T18:00:34.297789101Z     rec = pool._do_get()
2026-09-10T18:00:34.297791275Z   File "/usr/local/lib/python3.13/site-packages/sqlalchemy/pool/impl.py", line 167, in _do_get
2026-09-10T18:00:34.297793319Z     raise exc.TimeoutError(
2026-09-10T18:00:34.297795233Z     ...<4 lines>...
2026-09-10T18:00:34.297797177Z     )
2026-09-10T18:00:34.297800022Z sqlalchemy.exc.TimeoutError: QueuePool limit of size 5 overflow 10 reached, connection timed out, timeout 30.00 (Background on this error at: https://sqlalche.me/e/20/3o7r)
2026-09-10T18:00:34.310681638Z ERROR:    Exception in ASGI application
2026-09-10T18:00:34.310725655Z Traceback (most recent call last):
2026-09-10T18:00:34.310731056Z   File "/usr/local/lib/python3.13/site-packages/uvicorn/protocols/http/httptools_impl.py", line 421, in run_asgi
2026-09-10T18:00:34.310736246Z     result = await app(  # type: ignore[func-returns-value]
2026-09-10T18:00:34.310770564Z              ^^^^^^^^^^^^^^^^^^^^^^^^^^^^^^^^^^^^^^^^^^^^^^
2026-09-10T18:00:34.310775183Z         self.scope, self.receive, self.send
2026-09-10T18:00:34.310779502Z         ^^^^^^^^^^^^^^^^^^^^^^^^^^^^^^^^^^^
2026-09-10T18:00:34.310784291Z     )
2026-09-10T18:00:34.310788770Z     ^
2026-09-10T18:00:34.310793169Z   File "/usr/local/lib/python3.13/site-packages/uvicorn/middleware/proxy_headers.py", line 63, in __call__
2026-09-10T18:00:34.310797528Z     return await self.app(scope, receive, send)
2026-09-10T18:00:34.310801926Z            ^^^^^^^^^^^^^^^^^^^^^^^^^^^^^^^^^^^^
2026-09-10T18:00:34.310806866Z   File "/usr/local/lib/python3.13/site-packages/fastapi/applications.py", line 1159, in __call__
2026-09-10T18:00:34.310811205Z     await super().__call__(scope, receive, send)
2026-09-10T18:00:34.310815533Z   File "/usr/local/lib/python3.13/site-packages/starlette/applications.py", line 107, in __call__
2026-09-10T18:00:34.310819892Z     await self.middleware_stack(scope, receive, send)
2026-09-10T18:00:34.310824231Z   File "/usr/local/lib/python3.13/site-packages/starlette/middleware/errors.py", line 186, in __call__
2026-09-10T18:00:34.310828680Z     raise exc
2026-09-10T18:00:34.310833088Z   File "/usr/local/lib/python3.13/site-packages/starlette/middleware/errors.py", line 164, in __call__
2026-09-10T18:00:34.310837617Z     await self.app(scope, receive, _send)
2026-09-10T18:00:34.310842717Z   File "/usr/local/lib/python3.13/site-packages/opentelemetry/instrumentation/asgi/__init__.py", line 806, in __call__
2026-09-10T18:00:34.310847086Z     await self.app(scope, otel_receive, otel_send)
2026-09-10T18:00:34.310851425Z   File "/usr/local/lib/python3.13/site-packages/starlette/middleware/errors.py", line 186, in __call__
2026-09-10T18:00:34.310855773Z     raise exc
2026-09-10T18:00:34.310860212Z   File "/usr/local/lib/python3.13/site-packages/starlette/middleware/errors.py", line 164, in __call__
2026-09-10T18:00:34.310864691Z     await self.app(scope, receive, _send)
2026-09-10T18:00:34.310869030Z   File "/usr/local/lib/python3.13/site-packages/opentelemetry/instrumentation/fastapi/__init__.py", line 305, in __call__
2026-09-10T18:00:34.310873428Z     await self.app(scope, receive, send)
2026-09-10T18:00:34.310877757Z   File "/usr/local/lib/python3.13/site-packages/prometheus_fastapi_instrumentator/middleware.py", line 177, in __call__
2026-09-10T18:00:34.310882576Z     raise exc
2026-09-10T18:00:34.310886905Z   File "/usr/local/lib/python3.13/site-packages/prometheus_fastapi_instrumentator/middleware.py", line 175, in __call__
2026-09-10T18:00:34.310891194Z     await self.app(scope, receive, send_wrapper)
2026-09-10T18:00:34.310895472Z   File "/usr/local/lib/python3.13/site-packages/starlette/middleware/exceptions.py", line 63, in __call__
2026-09-10T18:00:34.310900322Z     await wrap_app_handling_exceptions(self.app, conn)(scope, receive, send)
2026-09-10T18:00:34.310904660Z   File "/usr/local/lib/python3.13/site-packages/starlette/_exception_handler.py", line 53, in wrapped_app
2026-09-10T18:00:34.310909029Z     raise exc
2026-09-10T18:00:34.310913348Z   File "/usr/local/lib/python3.13/site-packages/starlette/_exception_handler.py", line 42, in wrapped_app
2026-09-10T18:00:34.310917676Z     await app(scope, receive, sender)
2026-09-10T18:00:34.310921955Z   File "/usr/local/lib/python3.13/site-packages/fastapi/middleware/asyncexitstack.py", line 18, in __call__
2026-09-10T18:00:34.310926283Z     await self.app(scope, receive, send)
2026-09-10T18:00:34.310930612Z   File "/usr/local/lib/python3.13/site-packages/starlette/routing.py", line 716, in __call__
2026-09-10T18:00:34.310934950Z     await self.middleware_stack(scope, receive, send)
2026-09-10T18:00:34.310949850Z   File "/usr/local/lib/python3.13/site-packages/starlette/routing.py", line 736, in app
2026-09-10T18:00:34.310954359Z     await route.handle(scope, receive, send)
2026-09-10T18:00:34.310958698Z   File "/usr/local/lib/python3.13/site-packages/starlette/routing.py", line 290, in handle
2026-09-10T18:00:34.310963036Z     await self.app(scope, receive, send)
2026-09-10T18:00:34.310967375Z   File "/usr/local/lib/python3.13/site-packages/fastapi/routing.py", line 134, in app
2026-09-10T18:00:34.310971663Z     await wrap_app_handling_exceptions(app, request)(scope, receive, send)
2026-09-10T18:00:34.310975982Z   File "/usr/local/lib/python3.13/site-packages/starlette/_exception_handler.py", line 53, in wrapped_app
2026-09-10T18:00:34.310980310Z     raise exc
2026-09-10T18:00:34.310984659Z   File "/usr/local/lib/python3.13/site-packages/starlette/_exception_handler.py", line 42, in wrapped_app
2026-09-10T18:00:34.310988988Z     await app(scope, receive, sender)
2026-09-10T18:00:34.310993276Z   File "/usr/local/lib/python3.13/site-packages/fastapi/routing.py", line 120, in app
2026-09-10T18:00:34.310997996Z     response = await f(request)
2026-09-10T18:00:34.311002344Z                ^^^^^^^^^^^^^^^^
2026-09-10T18:00:34.311006673Z   File "/usr/local/lib/python3.13/site-packages/fastapi/routing.py", line 674, in app
2026-09-10T18:00:34.311010981Z     raw_response = await run_endpoint_function(
2026-09-10T18:00:34.311015300Z                    ^^^^^^^^^^^^^^^^^^^^^^^^^^^^
2026-09-10T18:00:34.311020089Z     ...<3 lines>...
2026-09-10T18:00:34.311024478Z     )
2026-09-10T18:00:34.311028897Z     ^
2026-09-10T18:00:34.311033205Z   File "/usr/local/lib/python3.13/site-packages/fastapi/routing.py", line 330, in run_endpoint_function
2026-09-10T18:00:34.311037544Z     return await run_in_threadpool(dependant.call, **values)
2026-09-10T18:00:34.311041893Z            ^^^^^^^^^^^^^^^^^^^^^^^^^^^^^^^^^^^^^^^^^^^^^^^^^
2026-09-10T18:00:34.311107874Z   File "/usr/local/lib/python3.13/site-packages/starlette/concurrency.py", line 32, in run_in_threadpool
2026-09-10T18:00:34.311117994Z     return await anyio.to_thread.run_sync(func)
2026-09-10T18:00:34.311122633Z            ^^^^^^^^^^^^^^^^^^^^^^^^^^^^^^^^^^^^
2026-09-10T18:00:34.311127012Z   File "/usr/local/lib/python3.13/site-packages/anyio/to_thread.py", line 63, in run_sync
2026-09-10T18:00:34.311131380Z     return await get_async_backend().run_sync_in_worker_thread(
2026-09-10T18:00:34.311135729Z            ^^^^^^^^^^^^^^^^^^^^^^^^^^^^^^^^^^^^^^^^^^^^^^^^^^^^
2026-09-10T18:00:34.311140068Z         func, args, abandon_on_cancel=abandon_on_cancel, limiter=limiter
2026-09-10T18:00:34.311144396Z         ^^^^^^^^^^^^^^^^^^^^^^^^^^^^^^^^^^^^^^^^^^^^^^^^^^^^^^^^^^^^^^^^
2026-09-10T18:00:34.311148725Z     )
2026-09-10T18:00:34.311154486Z     ^
2026-09-10T18:00:34.311160588Z   File "/usr/local/lib/python3.13/site-packages/anyio/_backends/_asyncio.py", line 2518, in run_sync_in_worker_thread
2026-09-10T18:00:34.311166029Z     return await future
2026-09-10T18:00:34.311171580Z            ^^^^^^^^^^^^
2026-09-10T18:00:34.311177332Z   File "/usr/local/lib/python3.13/site-packages/anyio/_backends/_asyncio.py", line 1002, in run
2026-09-10T18:00:34.311182652Z     result = context.run(func, *args)
2026-09-10T18:00:34.311187311Z   File "/app/app/routers/orders.py", line 36, in checkout
2026-09-10T18:00:34.311191620Z     return create_order(
2026-09-10T18:00:34.311196009Z         db=db,
2026-09-10T18:00:34.311200437Z     ...<2 lines>...
2026-09-10T18:00:34.311204896Z         correlation_id=correlation_id,
2026-09-10T18:00:34.311209245Z     )
2026-09-10T18:00:34.311213614Z   File "/app/app/services/order_service.py", line 42, in create_order
2026-09-10T18:00:34.311234826Z     result = db.execute(
2026-09-10T18:00:34.311239315Z         select(ProductModel).where(ProductModel.id == product_id)
2026-09-10T18:00:34.311243713Z     )
2026-09-10T18:00:34.311248363Z   File "/usr/local/lib/python3.13/site-packages/sqlalchemy/orm/session.py", line 2372, in execute
2026-09-10T18:00:34.311253192Z     return self._execute_internal(
2026-09-10T18:00:34.311257631Z            ~~~~~~~~~~~~~~~~~~~~~~^
2026-09-10T18:00:34.311262190Z         statement,
2026-09-10T18:00:34.311267010Z         ^^^^^^^^^^
2026-09-10T18:00:34.311271388Z     ...<4 lines>...
2026-09-10T18:00:34.311275677Z         _add_event=_add_event,
2026-09-10T18:00:34.311279975Z         ^^^^^^^^^^^^^^^^^^^^^^
2026-09-10T18:00:34.311284224Z     )
2026-09-10T18:00:34.311288562Z     ^
2026-09-10T18:00:34.311292871Z   File "/usr/local/lib/python3.13/site-packages/sqlalchemy/orm/session.py", line 2260, in _execute_internal
2026-09-10T18:00:34.311297199Z     conn = self._connection_for_bind(bind)
2026-09-10T18:00:34.311301558Z   File "/usr/local/lib/python3.13/site-packages/sqlalchemy/orm/session.py", line 2112, in _connection_for_bind
2026-09-10T18:00:34.311305857Z     return trans._connection_for_bind(engine, execution_options)
2026-09-10T18:00:34.311310145Z            ~~~~~~~~~~~~~~~~~~~~~~~~~~^^^^^^^^^^^^^^^^^^^^^^^^^^^
2026-09-10T18:00:34.311314424Z   File "<string>", line 2, in _connection_for_bind
2026-09-10T18:00:34.311318712Z   File "/usr/local/lib/python3.13/site-packages/sqlalchemy/orm/state_changes.py", line 137, in _go
2026-09-10T18:00:34.311323061Z     ret_value = fn(self, *arg, **kw)
2026-09-10T18:00:34.311327389Z   File "/usr/local/lib/python3.13/site-packages/sqlalchemy/orm/session.py", line 1191, in _connection_for_bind
2026-09-10T18:00:34.311331708Z     conn = bind.connect()
2026-09-10T18:00:34.311336628Z   File "/usr/local/lib/python3.13/site-packages/opentelemetry/instrumentation/sqlalchemy/engine.py", line 200, in _wrap_connect_internal
2026-09-10T18:00:34.311340906Z     return func(*args, **kwargs)
2026-09-10T18:00:34.311345165Z   File "/usr/local/lib/python3.13/site-packages/sqlalchemy/engine/base.py", line 3295, in connect
2026-09-10T18:00:34.311349483Z     return self._connection_cls(self)
2026-09-10T18:00:34.311353772Z            ~~~~~~~~~~~~~~~~~~~~^^^^^^
2026-09-10T18:00:34.311358110Z   File "/usr/local/lib/python3.13/site-packages/sqlalchemy/engine/base.py", line 144, in __init__
2026-09-10T18:00:34.311362439Z     self._dbapi_connection = engine.raw_connection()
2026-09-10T18:00:34.311366747Z                              ~~~~~~~~~~~~~~~~~~~~~^^
2026-09-10T18:00:34.311371166Z   File "/usr/local/lib/python3.13/site-packages/sqlalchemy/engine/base.py", line 3319, in raw_connection
2026-09-10T18:00:34.311375455Z     return self.pool.connect()
2026-09-10T18:00:34.311379723Z            ~~~~~~~~~~~~~~~~~^^
2026-09-10T18:00:34.311383972Z   File "/usr/local/lib/python3.13/site-packages/sqlalchemy/pool/base.py", line 448, in connect
2026-09-10T18:00:34.311388270Z     return _ConnectionFairy._checkout(self)
2026-09-10T18:00:34.311392739Z            ~~~~~~~~~~~~~~~~~~~~~~~~~~^^^^^^
2026-09-10T18:00:34.311397058Z   File "/usr/local/lib/python3.13/site-packages/sqlalchemy/pool/base.py", line 1272, in _checkout
2026-09-10T18:00:34.311401466Z     fairy = _ConnectionRecord.checkout(pool)
2026-09-10T18:00:34.311405805Z   File "/usr/local/lib/python3.13/site-packages/sqlalchemy/pool/base.py", line 712, in checkout
2026-09-10T18:00:34.311410444Z     rec = pool._do_get()
2026-09-10T18:00:34.311414773Z   File "/usr/local/lib/python3.13/site-packages/sqlalchemy/pool/impl.py", line 167, in _do_get
2026-09-10T18:00:34.311428961Z     raise exc.TimeoutError(
2026-09-10T18:00:34.311433330Z     ...<4 lines>...
2026-09-10T18:00:34.311437688Z     )
2026-09-10T18:00:34.311442899Z sqlalchemy.exc.TimeoutError: QueuePool limit of size 5 overflow 10 reached, connection timed out, timeout 30.00 (Background on this error at: https://sqlalche.me/e/20/3o7r)
2026-09-10T18:00:34.334419142Z ERROR:    Exception in ASGI application
2026-09-10T18:00:34.334465043Z Traceback (most recent call last):
2026-09-10T18:00:34.334470915Z   File "/usr/local/lib/python3.13/site-packages/uvicorn/protocols/http/httptools_impl.py", line 421, in run_asgi
2026-09-10T18:00:34.334475875Z     result = await app(  # type: ignore[func-returns-value]
2026-09-10T18:00:34.334480294Z              ^^^^^^^^^^^^^^^^^^^^^^^^^^^^^^^^^^^^^^^^^^^^^^
2026-09-10T18:00:34.334484873Z         self.scope, self.receive, self.send
2026-09-10T18:00:34.334489201Z         ^^^^^^^^^^^^^^^^^^^^^^^^^^^^^^^^^^^
2026-09-10T18:00:34.334493590Z     )
2026-09-10T18:00:34.334497949Z     ^
2026-09-10T18:00:34.334502408Z   File "/usr/local/lib/python3.13/site-packages/uvicorn/middleware/proxy_headers.py", line 63, in __call__
2026-09-10T18:00:34.334506947Z     return await self.app(scope, receive, send)
2026-09-10T18:00:34.334511235Z            ^^^^^^^^^^^^^^^^^^^^^^^^^^^^^^^^^^^^
2026-09-10T18:00:34.334516275Z   File "/usr/local/lib/python3.13/site-packages/fastapi/applications.py", line 1159, in __call__
2026-09-10T18:00:34.334520714Z     await super().__call__(scope, receive, send)
2026-09-10T18:00:34.334524992Z   File "/usr/local/lib/python3.13/site-packages/starlette/applications.py", line 107, in __call__
2026-09-10T18:00:34.334529331Z     await self.middleware_stack(scope, receive, send)
2026-09-10T18:00:34.334533720Z   File "/usr/local/lib/python3.13/site-packages/starlette/middleware/errors.py", line 186, in __call__
2026-09-10T18:00:34.334538219Z     raise exc
2026-09-10T18:00:34.334542607Z   File "/usr/local/lib/python3.13/site-packages/starlette/middleware/errors.py", line 164, in __call__
2026-09-10T18:00:34.334546976Z     await self.app(scope, receive, _send)
2026-09-10T18:00:34.334552076Z   File "/usr/local/lib/python3.13/site-packages/opentelemetry/instrumentation/asgi/__init__.py", line 806, in __call__
2026-09-10T18:00:34.334556405Z     await self.app(scope, otel_receive, otel_send)
2026-09-10T18:00:34.334560703Z   File "/usr/local/lib/python3.13/site-packages/starlette/middleware/errors.py", line 186, in __call__
2026-09-10T18:00:34.334565022Z     raise exc
2026-09-10T18:00:34.334569310Z   File "/usr/local/lib/python3.13/site-packages/starlette/middleware/errors.py", line 164, in __call__
2026-09-10T18:00:34.334573619Z     await self.app(scope, receive, _send)
2026-09-10T18:00:34.334577887Z   File "/usr/local/lib/python3.13/site-packages/opentelemetry/instrumentation/fastapi/__init__.py", line 305, in __call__
2026-09-10T18:00:34.334582176Z     await self.app(scope, receive, send)
2026-09-10T18:00:34.334586444Z   File "/usr/local/lib/python3.13/site-packages/prometheus_fastapi_instrumentator/middleware.py", line 177, in __call__
2026-09-10T18:00:34.334590773Z     raise exc
2026-09-10T18:00:34.334595041Z   File "/usr/local/lib/python3.13/site-packages/prometheus_fastapi_instrumentator/middleware.py", line 175, in __call__
2026-09-10T18:00:34.334599330Z     await self.app(scope, receive, send_wrapper)
2026-09-10T18:00:34.334603619Z   File "/usr/local/lib/python3.13/site-packages/starlette/middleware/exceptions.py", line 63, in __call__
2026-09-10T18:00:34.334608909Z     await wrap_app_handling_exceptions(self.app, conn)(scope, receive, send)
2026-09-10T18:00:34.334613177Z   File "/usr/local/lib/python3.13/site-packages/starlette/_exception_handler.py", line 53, in wrapped_app
2026-09-10T18:00:34.334649730Z     raise exc
2026-09-10T18:00:34.334654289Z   File "/usr/local/lib/python3.13/site-packages/starlette/_exception_handler.py", line 42, in wrapped_app
2026-09-10T18:00:34.334658618Z     await app(scope, receive, sender)
2026-09-10T18:00:34.334662936Z   File "/usr/local/lib/python3.13/site-packages/fastapi/middleware/asyncexitstack.py", line 18, in __call__
2026-09-10T18:00:34.334667235Z     await self.app(scope, receive, send)
2026-09-10T18:00:34.334671644Z   File "/usr/local/lib/python3.13/site-packages/starlette/routing.py", line 716, in __call__
2026-09-10T18:00:34.334676002Z     await self.middleware_stack(scope, receive, send)
2026-09-10T18:00:34.334680301Z   File "/usr/local/lib/python3.13/site-packages/starlette/routing.py", line 736, in app
2026-09-10T18:00:34.334684619Z     await route.handle(scope, receive, send)
2026-09-10T18:00:34.334688918Z   File "/usr/local/lib/python3.13/site-packages/starlette/routing.py", line 290, in handle
2026-09-10T18:00:34.334693236Z     await self.app(scope, receive, send)
2026-09-10T18:00:34.334697535Z   File "/usr/local/lib/python3.13/site-packages/fastapi/routing.py", line 134, in app
2026-09-10T18:00:34.334701813Z     await wrap_app_handling_exceptions(app, request)(scope, receive, send)
2026-09-10T18:00:34.334706182Z   File "/usr/local/lib/python3.13/site-packages/starlette/_exception_handler.py", line 53, in wrapped_app
2026-09-10T18:00:34.334710521Z     raise exc
2026-09-10T18:00:34.334715300Z   File "/usr/local/lib/python3.13/site-packages/starlette/_exception_handler.py", line 42, in wrapped_app
2026-09-10T18:00:34.334719669Z     await app(scope, receive, sender)
2026-09-10T18:00:34.334724098Z   File "/usr/local/lib/python3.13/site-packages/fastapi/routing.py", line 120, in app
2026-09-10T18:00:34.334729388Z     response = await f(request)
2026-09-10T18:00:34.334733737Z                ^^^^^^^^^^^^^^^^
2026-09-10T18:00:34.334738025Z   File "/usr/local/lib/python3.13/site-packages/fastapi/routing.py", line 674, in app
2026-09-10T18:00:34.334742454Z     raw_response = await run_endpoint_function(
2026-09-10T18:00:34.334746813Z                    ^^^^^^^^^^^^^^^^^^^^^^^^^^^^
2026-09-10T18:00:34.334752394Z     ...<3 lines>...
2026-09-10T18:00:34.334756752Z     )
2026-09-10T18:00:34.334761061Z     ^
2026-09-10T18:00:34.334765420Z   File "/usr/local/lib/python3.13/site-packages/fastapi/routing.py", line 330, in run_endpoint_function
2026-09-10T18:00:34.334769758Z     return await run_in_threadpool(dependant.call, **values)
2026-09-10T18:00:34.334774037Z            ^^^^^^^^^^^^^^^^^^^^^^^^^^^^^^^^^^^^^^^^^^^^^^^^^
2026-09-10T18:00:34.334860688Z   File "/usr/local/lib/python3.13/site-packages/starlette/concurrency.py", line 32, in run_in_threadpool
2026-09-10T18:00:34.334869947Z     return await anyio.to_thread.run_sync(func)
2026-09-10T18:00:34.334872061Z            ^^^^^^^^^^^^^^^^^^^^^^^^^^^^^^^^^^^^
2026-09-10T18:00:34.334875157Z   File "/usr/local/lib/python3.13/site-packages/anyio/to_thread.py", line 63, in run_sync
2026-09-10T18:00:34.334877942Z     return await get_async_backend().run_sync_in_worker_thread(
2026-09-10T18:00:34.334879896Z            ^^^^^^^^^^^^^^^^^^^^^^^^^^^^^^^^^^^^^^^^^^^^^^^^^^^^
2026-09-10T18:00:34.334882401Z         func, args, abandon_on_cancel=abandon_on_cancel, limiter=limiter
2026-09-10T18:00:34.334884335Z         ^^^^^^^^^^^^^^^^^^^^^^^^^^^^^^^^^^^^^^^^^^^^^^^^^^^^^^^^^^^^^^^^
2026-09-10T18:00:34.334886259Z     )
2026-09-10T18:00:34.334888193Z     ^
2026-09-10T18:00:34.334890788Z   File "/usr/local/lib/python3.13/site-packages/anyio/_backends/_asyncio.py", line 2518, in run_sync_in_worker_thread
2026-09-10T18:00:34.334906178Z     return await future
2026-09-10T18:00:34.334908273Z            ^^^^^^^^^^^^
2026-09-10T18:00:34.334910216Z   File "/usr/local/lib/python3.13/site-packages/anyio/_backends/_asyncio.py", line 1002, in run
2026-09-10T18:00:34.334912130Z     result = context.run(func, *args)
2026-09-10T18:00:34.334914064Z   File "/app/app/routers/orders.py", line 36, in checkout
2026-09-10T18:00:34.334916158Z     return create_order(
2026-09-10T18:00:34.334918112Z         db=db,
2026-09-10T18:00:34.334920066Z     ...<2 lines>...
2026-09-10T18:00:34.334922010Z         correlation_id=correlation_id,
2026-09-10T18:00:34.334923974Z     )
2026-09-10T18:00:34.334925938Z   File "/app/app/services/order_service.py", line 42, in create_order
2026-09-10T18:00:34.334927872Z     result = db.execute(
2026-09-10T18:00:34.334929805Z         select(ProductModel).where(ProductModel.id == product_id)
2026-09-10T18:00:34.334931739Z     )
2026-09-10T18:00:34.334933803Z   File "/usr/local/lib/python3.13/site-packages/sqlalchemy/orm/session.py", line 2372, in execute
2026-09-10T18:00:34.334935727Z     return self._execute_internal(
2026-09-10T18:00:34.334937741Z            ~~~~~~~~~~~~~~~~~~~~~~^
2026-09-10T18:00:34.334939665Z         statement,
2026-09-10T18:00:34.334941579Z         ^^^^^^^^^^
2026-09-10T18:00:34.334943483Z     ...<4 lines>...
2026-09-10T18:00:34.334945847Z         _add_event=_add_event,
2026-09-10T18:00:34.334947751Z         ^^^^^^^^^^^^^^^^^^^^^^
2026-09-10T18:00:34.334949655Z     )
2026-09-10T18:00:34.334951579Z     ^
2026-09-10T18:00:34.334953532Z   File "/usr/local/lib/python3.13/site-packages/sqlalchemy/orm/session.py", line 2260, in _execute_internal
2026-09-10T18:00:34.334955496Z     conn = self._connection_for_bind(bind)
2026-09-10T18:00:34.334957540Z   File "/usr/local/lib/python3.13/site-packages/sqlalchemy/orm/session.py", line 2112, in _connection_for_bind
2026-09-10T18:00:34.334959524Z     return trans._connection_for_bind(engine, execution_options)
2026-09-10T18:00:34.334961438Z            ~~~~~~~~~~~~~~~~~~~~~~~~~~^^^^^^^^^^^^^^^^^^^^^^^^^^^
2026-09-10T18:00:34.334963673Z   File "<string>", line 2, in _connection_for_bind
2026-09-10T18:00:34.334965596Z   File "/usr/local/lib/python3.13/site-packages/sqlalchemy/orm/state_changes.py", line 137, in _go
2026-09-10T18:00:34.334967530Z     ret_value = fn(self, *arg, **kw)
2026-09-10T18:00:34.334969464Z   File "/usr/local/lib/python3.13/site-packages/sqlalchemy/orm/session.py", line 1191, in _connection_for_bind
2026-09-10T18:00:34.334971448Z     conn = bind.connect()
2026-09-10T18:00:34.334974193Z   File "/usr/local/lib/python3.13/site-packages/opentelemetry/instrumentation/sqlalchemy/engine.py", line 200, in _wrap_connect_internal
2026-09-10T18:00:34.334976127Z     return func(*args, **kwargs)
2026-09-10T18:00:34.334978041Z   File "/usr/local/lib/python3.13/site-packages/sqlalchemy/engine/base.py", line 3295, in connect
2026-09-10T18:00:34.334979955Z     return self._connection_cls(self)
2026-09-10T18:00:34.334981879Z            ~~~~~~~~~~~~~~~~~~~~^^^^^^
2026-09-10T18:00:34.334983783Z   File "/usr/local/lib/python3.13/site-packages/sqlalchemy/engine/base.py", line 144, in __init__
2026-09-10T18:00:34.334985726Z     self._dbapi_connection = engine.raw_connection()
2026-09-10T18:00:34.334987670Z                              ~~~~~~~~~~~~~~~~~~~~~^^
2026-09-10T18:00:34.334989644Z   File "/usr/local/lib/python3.13/site-packages/sqlalchemy/engine/base.py", line 3319, in raw_connection
2026-09-10T18:00:34.334991578Z     return self.pool.connect()
2026-09-10T18:00:34.334993702Z            ~~~~~~~~~~~~~~~~~^^
2026-09-10T18:00:34.334995646Z   File "/usr/local/lib/python3.13/site-packages/sqlalchemy/pool/base.py", line 448, in connect
2026-09-10T18:00:34.335002189Z     return _ConnectionFairy._checkout(self)
2026-09-10T18:00:34.335004163Z            ~~~~~~~~~~~~~~~~~~~~~~~~~~^^^^^^
2026-09-10T18:00:34.335006117Z   File "/usr/local/lib/python3.13/site-packages/sqlalchemy/pool/base.py", line 1272, in _checkout
2026-09-10T18:00:34.335008051Z     fairy = _ConnectionRecord.checkout(pool)
2026-09-10T18:00:34.335009954Z   File "/usr/local/lib/python3.13/site-packages/sqlalchemy/pool/base.py", line 712, in checkout
2026-09-10T18:00:34.335011858Z     rec = pool._do_get()
2026-09-10T18:00:34.335014063Z   File "/usr/local/lib/python3.13/site-packages/sqlalchemy/pool/impl.py", line 167, in _do_get
2026-09-10T18:00:34.335016347Z     raise exc.TimeoutError(
2026-09-10T18:00:34.335018712Z     ...<4 lines>...
2026-09-10T18:00:34.335021227Z     )
2026-09-10T18:00:34.335024844Z sqlalchemy.exc.TimeoutError: QueuePool limit of size 5 overflow 10 reached, connection timed out, timeout 30.00 (Background on this error at: https://sqlalche.me/e/20/3o7r)
2026-09-10T18:00:34.413515191Z ERROR:    Exception in ASGI application
2026-09-10T18:00:34.413557686Z Traceback (most recent call last):
2026-09-10T18:00:34.413560802Z   File "/usr/local/lib/python3.13/site-packages/uvicorn/protocols/http/httptools_impl.py", line 421, in run_asgi
2026-09-10T18:00:34.413563687Z     result = await app(  # type: ignore[func-returns-value]
2026-09-10T18:00:34.413565742Z              ^^^^^^^^^^^^^^^^^^^^^^^^^^^^^^^^^^^^^^^^^^^^^^
2026-09-10T18:00:34.413567806Z         self.scope, self.receive, self.send
2026-09-10T18:00:34.413569830Z         ^^^^^^^^^^^^^^^^^^^^^^^^^^^^^^^^^^^
2026-09-10T18:00:34.413571924Z     )
2026-09-10T18:00:34.413574058Z     ^
2026-09-10T18:00:34.413576092Z   File "/usr/local/lib/python3.13/site-packages/uvicorn/middleware/proxy_headers.py", line 63, in __call__
2026-09-10T18:00:34.413578076Z     return await self.app(scope, receive, send)
2026-09-10T18:00:34.413580100Z            ^^^^^^^^^^^^^^^^^^^^^^^^^^^^^^^^^^^^
2026-09-10T18:00:34.413583978Z   File "/usr/local/lib/python3.13/site-packages/fastapi/applications.py", line 1159, in __call__
2026-09-10T18:00:34.413586032Z     await super().__call__(scope, receive, send)
2026-09-10T18:00:34.413588206Z   File "/usr/local/lib/python3.13/site-packages/starlette/applications.py", line 107, in __call__
2026-09-10T18:00:34.413590370Z     await self.middleware_stack(scope, receive, send)
2026-09-10T18:00:34.413592555Z   File "/usr/local/lib/python3.13/site-packages/starlette/middleware/errors.py", line 186, in __call__
2026-09-10T18:00:34.413594689Z     raise exc
2026-09-10T18:00:34.413596693Z   File "/usr/local/lib/python3.13/site-packages/starlette/middleware/errors.py", line 164, in __call__
2026-09-10T18:00:34.413598787Z     await self.app(scope, receive, _send)
2026-09-10T18:00:34.413601452Z   File "/usr/local/lib/python3.13/site-packages/opentelemetry/instrumentation/asgi/__init__.py", line 806, in __call__
2026-09-10T18:00:34.413603857Z     await self.app(scope, otel_receive, otel_send)
2026-09-10T18:00:34.413606683Z   File "/usr/local/lib/python3.13/site-packages/starlette/middleware/errors.py", line 186, in __call__
2026-09-10T18:00:34.413609238Z     raise exc
2026-09-10T18:00:34.413612003Z   File "/usr/local/lib/python3.13/site-packages/starlette/middleware/errors.py", line 164, in __call__
2026-09-10T18:00:34.413614418Z     await self.app(scope, receive, _send)
2026-09-10T18:00:34.413616873Z   File "/usr/local/lib/python3.13/site-packages/opentelemetry/instrumentation/fastapi/__init__.py", line 305, in __call__
2026-09-10T18:00:34.413618887Z     await self.app(scope, receive, send)
2026-09-10T18:00:34.413621031Z   File "/usr/local/lib/python3.13/site-packages/prometheus_fastapi_instrumentator/middleware.py", line 177, in __call__
2026-09-10T18:00:34.413643185Z     raise exc
2026-09-10T18:00:34.413645350Z   File "/usr/local/lib/python3.13/site-packages/prometheus_fastapi_instrumentator/middleware.py", line 175, in __call__
2026-09-10T18:00:34.413647414Z     await self.app(scope, receive, send_wrapper)
2026-09-10T18:00:34.413649388Z   File "/usr/local/lib/python3.13/site-packages/starlette/middleware/exceptions.py", line 63, in __call__
2026-09-10T18:00:34.413654708Z     await wrap_app_handling_exceptions(self.app, conn)(scope, receive, send)
2026-09-10T18:00:34.413656732Z   File "/usr/local/lib/python3.13/site-packages/starlette/_exception_handler.py", line 53, in wrapped_app
2026-09-10T18:00:34.413658716Z     raise exc
2026-09-10T18:00:34.413660690Z   File "/usr/local/lib/python3.13/site-packages/starlette/_exception_handler.py", line 42, in wrapped_app
2026-09-10T18:00:34.413662664Z     await app(scope, receive, sender)
2026-09-10T18:00:34.413664708Z   File "/usr/local/lib/python3.13/site-packages/fastapi/middleware/asyncexitstack.py", line 18, in __call__
2026-09-10T18:00:34.413666642Z     await self.app(scope, receive, send)
2026-09-10T18:00:34.413671201Z   File "/usr/local/lib/python3.13/site-packages/starlette/routing.py", line 716, in __call__
2026-09-10T18:00:34.413673215Z     await self.middleware_stack(scope, receive, send)
2026-09-10T18:00:34.413675149Z   File "/usr/local/lib/python3.13/site-packages/starlette/routing.py", line 736, in app
2026-09-10T18:00:34.413677143Z     await route.handle(scope, receive, send)
2026-09-10T18:00:34.413679066Z   File "/usr/local/lib/python3.13/site-packages/starlette/routing.py", line 290, in handle
2026-09-10T18:00:34.413681201Z     await self.app(scope, receive, send)
2026-09-10T18:00:34.413683114Z   File "/usr/local/lib/python3.13/site-packages/fastapi/routing.py", line 134, in app
2026-09-10T18:00:34.413685149Z     await wrap_app_handling_exceptions(app, request)(scope, receive, send)
2026-09-10T18:00:34.413687313Z   File "/usr/local/lib/python3.13/site-packages/starlette/_exception_handler.py", line 53, in wrapped_app
2026-09-10T18:00:34.413689317Z     raise exc
2026-09-10T18:00:34.413691261Z   File "/usr/local/lib/python3.13/site-packages/starlette/_exception_handler.py", line 42, in wrapped_app
2026-09-10T18:00:34.413693174Z     await app(scope, receive, sender)
2026-09-10T18:00:34.413695078Z   File "/usr/local/lib/python3.13/site-packages/fastapi/routing.py", line 120, in app
2026-09-10T18:00:34.413697543Z     response = await f(request)
2026-09-10T18:00:34.413699587Z                ^^^^^^^^^^^^^^^^
2026-09-10T18:00:34.413701541Z   File "/usr/local/lib/python3.13/site-packages/fastapi/routing.py", line 674, in app
2026-09-10T18:00:34.413703465Z     raw_response = await run_endpoint_function(
2026-09-10T18:00:34.413705399Z                    ^^^^^^^^^^^^^^^^^^^^^^^^^^^^
2026-09-10T18:00:34.413707743Z     ...<3 lines>...
2026-09-10T18:00:34.413709687Z     )
2026-09-10T18:00:34.413711611Z     ^
2026-09-10T18:00:34.413713575Z   File "/usr/local/lib/python3.13/site-packages/fastapi/routing.py", line 330, in run_endpoint_function
2026-09-10T18:00:34.413715499Z     return await run_in_threadpool(dependant.call, **values)
2026-09-10T18:00:34.413717553Z            ^^^^^^^^^^^^^^^^^^^^^^^^^^^^^^^^^^^^^^^^^^^^^^^^^
2026-09-10T18:00:34.413754456Z   File "/usr/local/lib/python3.13/site-packages/starlette/concurrency.py", line 32, in run_in_threadpool
2026-09-10T18:00:34.413759266Z     return await anyio.to_thread.run_sync(func)
2026-09-10T18:00:34.413761290Z            ^^^^^^^^^^^^^^^^^^^^^^^^^^^^^^^^^^^^
2026-09-10T18:00:34.413763264Z   File "/usr/local/lib/python3.13/site-packages/anyio/to_thread.py", line 63, in run_sync
2026-09-10T18:00:34.413773624Z     return await get_async_backend().run_sync_in_worker_thread(
2026-09-10T18:00:34.413775598Z            ^^^^^^^^^^^^^^^^^^^^^^^^^^^^^^^^^^^^^^^^^^^^^^^^^^^^
2026-09-10T18:00:34.413777582Z         func, args, abandon_on_cancel=abandon_on_cancel, limiter=limiter
2026-09-10T18:00:34.413779496Z         ^^^^^^^^^^^^^^^^^^^^^^^^^^^^^^^^^^^^^^^^^^^^^^^^^^^^^^^^^^^^^^^^
2026-09-10T18:00:34.413781490Z     )
2026-09-10T18:00:34.413783444Z     ^
2026-09-10T18:00:34.413785478Z   File "/usr/local/lib/python3.13/site-packages/anyio/_backends/_asyncio.py", line 2518, in run_sync_in_worker_thread
2026-09-10T18:00:34.413787401Z     return await future
2026-09-10T18:00:34.413789315Z            ^^^^^^^^^^^^
2026-09-10T18:00:34.413791269Z   File "/usr/local/lib/python3.13/site-packages/anyio/_backends/_asyncio.py", line 1002, in run
2026-09-10T18:00:34.413793203Z     result = context.run(func, *args)
2026-09-10T18:00:34.413795107Z   File "/app/app/routers/orders.py", line 36, in checkout
2026-09-10T18:00:34.413797001Z     return create_order(
2026-09-10T18:00:34.413798934Z         db=db,
2026-09-10T18:00:34.413800868Z     ...<2 lines>...
2026-09-10T18:00:34.413802802Z         correlation_id=correlation_id,
2026-09-10T18:00:34.413804746Z     )
2026-09-10T18:00:34.413806680Z   File "/app/app/services/order_service.py", line 42, in create_order
2026-09-10T18:00:34.413808624Z     result = db.execute(
2026-09-10T18:00:34.413810537Z         select(ProductModel).where(ProductModel.id == product_id)
2026-09-10T18:00:34.413812421Z     )
2026-09-10T18:00:34.413814325Z   File "/usr/local/lib/python3.13/site-packages/sqlalchemy/orm/session.py", line 2372, in execute
2026-09-10T18:00:34.413816229Z     return self._execute_internal(
2026-09-10T18:00:34.413818193Z            ~~~~~~~~~~~~~~~~~~~~~~^
2026-09-10T18:00:34.413820106Z         statement,
2026-09-10T18:00:34.413822020Z         ^^^^^^^^^^
2026-09-10T18:00:34.413823984Z     ...<4 lines>...
2026-09-10T18:00:34.413825898Z         _add_event=_add_event,
2026-09-10T18:00:34.413827812Z         ^^^^^^^^^^^^^^^^^^^^^^
2026-09-10T18:00:34.413829705Z     )
2026-09-10T18:00:34.413831599Z     ^
2026-09-10T18:00:34.413836258Z   File "/usr/local/lib/python3.13/site-packages/sqlalchemy/orm/session.py", line 2260, in _execute_internal
2026-09-10T18:00:34.413838222Z     conn = self._connection_for_bind(bind)
2026-09-10T18:00:34.413840156Z   File "/usr/local/lib/python3.13/site-packages/sqlalchemy/orm/session.py", line 2112, in _connection_for_bind
2026-09-10T18:00:34.413842090Z     return trans._connection_for_bind(engine, execution_options)
2026-09-10T18:00:34.413844094Z            ~~~~~~~~~~~~~~~~~~~~~~~~~~^^^^^^^^^^^^^^^^^^^^^^^^^^^
2026-09-10T18:00:34.413845998Z   File "<string>", line 2, in _connection_for_bind
2026-09-10T18:00:34.413847892Z   File "/usr/local/lib/python3.13/site-packages/sqlalchemy/orm/state_changes.py", line 137, in _go
2026-09-10T18:00:34.413849785Z     ret_value = fn(self, *arg, **kw)
2026-09-10T18:00:34.413851669Z   File "/usr/local/lib/python3.13/site-packages/sqlalchemy/orm/session.py", line 1191, in _connection_for_bind
2026-09-10T18:00:34.413853603Z     conn = bind.connect()
2026-09-10T18:00:34.413856138Z   File "/usr/local/lib/python3.13/site-packages/opentelemetry/instrumentation/sqlalchemy/engine.py", line 200, in _wrap_connect_internal
2026-09-10T18:00:34.413858072Z     return func(*args, **kwargs)
2026-09-10T18:00:34.413859966Z   File "/usr/local/lib/python3.13/site-packages/sqlalchemy/engine/base.py", line 3295, in connect
2026-09-10T18:00:34.413861889Z     return self._connection_cls(self)
2026-09-10T18:00:34.413868683Z            ~~~~~~~~~~~~~~~~~~~~^^^^^^
2026-09-10T18:00:34.413870657Z   File "/usr/local/lib/python3.13/site-packages/sqlalchemy/engine/base.py", line 144, in __init__
2026-09-10T18:00:34.413872591Z     self._dbapi_connection = engine.raw_connection()
2026-09-10T18:00:34.413874504Z                              ~~~~~~~~~~~~~~~~~~~~~^^
2026-09-10T18:00:34.413876438Z   File "/usr/local/lib/python3.13/site-packages/sqlalchemy/engine/base.py", line 3319, in raw_connection
2026-09-10T18:00:34.413878372Z     return self.pool.connect()
2026-09-10T18:00:34.413880276Z            ~~~~~~~~~~~~~~~~~^^
2026-09-10T18:00:34.413882200Z   File "/usr/local/lib/python3.13/site-packages/sqlalchemy/pool/base.py", line 448, in connect
2026-09-10T18:00:34.413884133Z     return _ConnectionFairy._checkout(self)
2026-09-10T18:00:34.413886027Z            ~~~~~~~~~~~~~~~~~~~~~~~~~~^^^^^^
2026-09-10T18:00:34.413887921Z   File "/usr/local/lib/python3.13/site-packages/sqlalchemy/pool/base.py", line 1272, in _checkout
2026-09-10T18:00:34.413889825Z     fairy = _ConnectionRecord.checkout(pool)
2026-09-10T18:00:34.413891739Z   File "/usr/local/lib/python3.13/site-packages/sqlalchemy/pool/base.py", line 712, in checkout
2026-09-10T18:00:34.413893672Z     rec = pool._do_get()
2026-09-10T18:00:34.413895586Z   File "/usr/local/lib/python3.13/site-packages/sqlalchemy/pool/impl.py", line 167, in _do_get
2026-09-10T18:00:34.413897490Z     raise exc.TimeoutError(
2026-09-10T18:00:34.413899394Z     ...<4 lines>...
2026-09-10T18:00:34.413901308Z     )
2026-09-10T18:00:34.413903943Z sqlalchemy.exc.TimeoutError: QueuePool limit of size 5 overflow 10 reached, connection timed out, timeout 30.00 (Background on this error at: https://sqlalche.me/e/20/3o7r)
2026-09-10T18:00:34.615300104Z ERROR:    Exception in ASGI application
2026-09-10T18:00:34.615360384Z Traceback (most recent call last):
2026-09-10T18:00:34.615367618Z   File "/usr/local/lib/python3.13/site-packages/uvicorn/protocols/http/httptools_impl.py", line 421, in run_asgi
2026-09-10T18:00:34.615373930Z     result = await app(  # type: ignore[func-returns-value]
2026-09-10T18:00:34.615379562Z              ^^^^^^^^^^^^^^^^^^^^^^^^^^^^^^^^^^^^^^^^^^^^^^
2026-09-10T18:00:34.615385163Z         self.scope, self.receive, self.send
2026-09-10T18:00:34.615390754Z         ^^^^^^^^^^^^^^^^^^^^^^^^^^^^^^^^^^^
2026-09-10T18:00:34.615396375Z     )
2026-09-10T18:00:34.615402116Z     ^
2026-09-10T18:00:34.615407988Z   File "/usr/local/lib/python3.13/site-packages/uvicorn/middleware/proxy_headers.py", line 63, in __call__
2026-09-10T18:00:34.615413750Z     return await self.app(scope, receive, send)
2026-09-10T18:00:34.615419371Z            ^^^^^^^^^^^^^^^^^^^^^^^^^^^^^^^^^^^^
2026-09-10T18:00:34.615425833Z   File "/usr/local/lib/python3.13/site-packages/fastapi/applications.py", line 1159, in __call__
2026-09-10T18:00:34.615431505Z     await super().__call__(scope, receive, send)
2026-09-10T18:00:34.615437046Z   File "/usr/local/lib/python3.13/site-packages/starlette/applications.py", line 107, in __call__
2026-09-10T18:00:34.615442637Z     await self.middleware_stack(scope, receive, send)
2026-09-10T18:00:34.615448178Z   File "/usr/local/lib/python3.13/site-packages/starlette/middleware/errors.py", line 186, in __call__
2026-09-10T18:00:34.615453919Z     raise exc
2026-09-10T18:00:34.615459510Z   File "/usr/local/lib/python3.13/site-packages/starlette/middleware/errors.py", line 164, in __call__
2026-09-10T18:00:34.615465192Z     await self.app(scope, receive, _send)
2026-09-10T18:00:34.615471654Z   File "/usr/local/lib/python3.13/site-packages/opentelemetry/instrumentation/asgi/__init__.py", line 806, in __call__
2026-09-10T18:00:34.615514049Z     await self.app(scope, otel_receive, otel_send)
2026-09-10T18:00:34.615519910Z   File "/usr/local/lib/python3.13/site-packages/starlette/middleware/errors.py", line 186, in __call__
2026-09-10T18:00:34.615525521Z     raise exc
2026-09-10T18:00:34.615531153Z   File "/usr/local/lib/python3.13/site-packages/starlette/middleware/errors.py", line 164, in __call__
2026-09-10T18:00:34.615541062Z     await self.app(scope, receive, _send)
2026-09-10T18:00:34.615546804Z   File "/usr/local/lib/python3.13/site-packages/opentelemetry/instrumentation/fastapi/__init__.py", line 305, in __call__
2026-09-10T18:00:34.615552395Z     await self.app(scope, receive, send)
2026-09-10T18:00:34.615557966Z   File "/usr/local/lib/python3.13/site-packages/prometheus_fastapi_instrumentator/middleware.py", line 177, in __call__
2026-09-10T18:00:34.615563537Z     raise exc
2026-09-10T18:00:34.615569128Z   File "/usr/local/lib/python3.13/site-packages/prometheus_fastapi_instrumentator/middleware.py", line 175, in __call__
2026-09-10T18:00:34.615574699Z     await self.app(scope, receive, send_wrapper)
2026-09-10T18:00:34.615580230Z   File "/usr/local/lib/python3.13/site-packages/starlette/middleware/exceptions.py", line 63, in __call__
2026-09-10T18:00:34.615586623Z     await wrap_app_handling_exceptions(self.app, conn)(scope, receive, send)
2026-09-10T18:00:34.615592184Z   File "/usr/local/lib/python3.13/site-packages/starlette/_exception_handler.py", line 53, in wrapped_app
2026-09-10T18:00:34.615597755Z     raise exc
2026-09-10T18:00:34.615603857Z   File "/usr/local/lib/python3.13/site-packages/starlette/_exception_handler.py", line 42, in wrapped_app
2026-09-10T18:00:34.615609478Z     await app(scope, receive, sender)
2026-09-10T18:00:34.615615029Z   File "/usr/local/lib/python3.13/site-packages/fastapi/middleware/asyncexitstack.py", line 18, in __call__
2026-09-10T18:00:34.615620780Z     await self.app(scope, receive, send)
2026-09-10T18:00:34.615626392Z   File "/usr/local/lib/python3.13/site-packages/starlette/routing.py", line 716, in __call__
2026-09-10T18:00:34.615632033Z     await self.middleware_stack(scope, receive, send)
2026-09-10T18:00:34.615637634Z   File "/usr/local/lib/python3.13/site-packages/starlette/routing.py", line 736, in app
2026-09-10T18:00:34.615643235Z     await route.handle(scope, receive, send)
2026-09-10T18:00:34.615648786Z   File "/usr/local/lib/python3.13/site-packages/starlette/routing.py", line 290, in handle
2026-09-10T18:00:34.615654367Z     await self.app(scope, receive, send)
2026-09-10T18:00:34.615659918Z   File "/usr/local/lib/python3.13/site-packages/fastapi/routing.py", line 134, in app
2026-09-10T18:00:34.615665509Z     await wrap_app_handling_exceptions(app, request)(scope, receive, send)
2026-09-10T18:00:34.615671211Z   File "/usr/local/lib/python3.13/site-packages/starlette/_exception_handler.py", line 53, in wrapped_app
2026-09-10T18:00:34.615676842Z     raise exc
2026-09-10T18:00:34.615682453Z   File "/usr/local/lib/python3.13/site-packages/starlette/_exception_handler.py", line 42, in wrapped_app
2026-09-10T18:00:34.615688004Z     await app(scope, receive, sender)
2026-09-10T18:00:34.615693545Z   File "/usr/local/lib/python3.13/site-packages/fastapi/routing.py", line 120, in app
2026-09-10T18:00:34.615699988Z     response = await f(request)
2026-09-10T18:00:34.615705629Z                ^^^^^^^^^^^^^^^^
2026-09-10T18:00:34.615711170Z   File "/usr/local/lib/python3.13/site-packages/fastapi/routing.py", line 674, in app
2026-09-10T18:00:34.615716721Z     raw_response = await run_endpoint_function(
2026-09-10T18:00:34.615722382Z                    ^^^^^^^^^^^^^^^^^^^^^^^^^^^^
2026-09-10T18:00:34.615728524Z     ...<3 lines>...
2026-09-10T18:00:34.615734145Z     )
2026-09-10T18:00:34.615753053Z     ^
2026-09-10T18:00:34.615758744Z   File "/usr/local/lib/python3.13/site-packages/fastapi/routing.py", line 330, in run_endpoint_function
2026-09-10T18:00:34.615764295Z     return await run_in_threadpool(dependant.call, **values)
2026-09-10T18:00:34.615769826Z            ^^^^^^^^^^^^^^^^^^^^^^^^^^^^^^^^^^^^^^^^^^^^^^^^^
2026-09-10T18:00:34.615858412Z   File "/usr/local/lib/python3.13/site-packages/starlette/concurrency.py", line 32, in run_in_threadpool
2026-09-10T18:00:34.615871839Z     return await anyio.to_thread.run_sync(func)
2026-09-10T18:00:34.615877730Z            ^^^^^^^^^^^^^^^^^^^^^^^^^^^^^^^^^^^^
2026-09-10T18:00:34.615883422Z   File "/usr/local/lib/python3.13/site-packages/anyio/to_thread.py", line 63, in run_sync
2026-09-10T18:00:34.615889283Z     return await get_async_backend().run_sync_in_worker_thread(
2026-09-10T18:00:34.615894854Z            ^^^^^^^^^^^^^^^^^^^^^^^^^^^^^^^^^^^^^^^^^^^^^^^^^^^^
2026-09-10T18:00:34.615903692Z         func, args, abandon_on_cancel=abandon_on_cancel, limiter=limiter
2026-09-10T18:00:34.615909393Z         ^^^^^^^^^^^^^^^^^^^^^^^^^^^^^^^^^^^^^^^^^^^^^^^^^^^^^^^^^^^^^^^^
2026-09-10T18:00:34.615915155Z     )
2026-09-10T18:00:34.615921056Z     ^
2026-09-10T18:00:34.615926698Z   File "/usr/local/lib/python3.13/site-packages/anyio/_backends/_asyncio.py", line 2518, in run_sync_in_worker_thread
2026-09-10T18:00:34.615932329Z     return await future
2026-09-10T18:00:34.615937970Z            ^^^^^^^^^^^^
2026-09-10T18:00:34.615943782Z   File "/usr/local/lib/python3.13/site-packages/anyio/_backends/_asyncio.py", line 1002, in run
2026-09-10T18:00:34.615948230Z     result = context.run(func, *args)
2026-09-10T18:00:34.615951988Z   File "/app/app/routers/orders.py", line 36, in checkout
2026-09-10T18:00:34.615955435Z     return create_order(
2026-09-10T18:00:34.615957900Z         db=db,
2026-09-10T18:00:34.615960344Z     ...<2 lines>...
2026-09-10T18:00:34.615962559Z         correlation_id=correlation_id,
2026-09-10T18:00:34.615964463Z     )
2026-09-10T18:00:34.615966416Z   File "/app/app/services/order_service.py", line 42, in create_order
2026-09-10T18:00:34.615968340Z     result = db.execute(
2026-09-10T18:00:34.615970254Z         select(ProductModel).where(ProductModel.id == product_id)
2026-09-10T18:00:34.615972188Z     )
2026-09-10T18:00:34.615974102Z   File "/usr/local/lib/python3.13/site-packages/sqlalchemy/orm/session.py", line 2372, in execute
2026-09-10T18:00:34.615976056Z     return self._execute_internal(
2026-09-10T18:00:34.615977959Z            ~~~~~~~~~~~~~~~~~~~~~~^
2026-09-10T18:00:34.615979883Z         statement,
2026-09-10T18:00:34.615981787Z         ^^^^^^^^^^
2026-09-10T18:00:34.615983691Z     ...<4 lines>...
2026-09-10T18:00:34.615985675Z         _add_event=_add_event,
2026-09-10T18:00:34.615987629Z         ^^^^^^^^^^^^^^^^^^^^^^
2026-09-10T18:00:34.615989532Z     )
2026-09-10T18:00:34.615991426Z     ^
2026-09-10T18:00:34.615993340Z   File "/usr/local/lib/python3.13/site-packages/sqlalchemy/orm/session.py", line 2260, in _execute_internal
2026-09-10T18:00:34.615995254Z     conn = self._connection_for_bind(bind)
2026-09-10T18:00:34.615997167Z   File "/usr/local/lib/python3.13/site-packages/sqlalchemy/orm/session.py", line 2112, in _connection_for_bind
2026-09-10T18:00:34.615999081Z     return trans._connection_for_bind(engine, execution_options)
2026-09-10T18:00:34.616001065Z            ~~~~~~~~~~~~~~~~~~~~~~~~~~^^^^^^^^^^^^^^^^^^^^^^^^^^^
2026-09-10T18:00:34.616002989Z   File "<string>", line 2, in _connection_for_bind
2026-09-10T18:00:34.616004903Z   File "/usr/local/lib/python3.13/site-packages/sqlalchemy/orm/state_changes.py", line 137, in _go
2026-09-10T18:00:34.616015945Z     ret_value = fn(self, *arg, **kw)
2026-09-10T18:00:34.616017949Z   File "/usr/local/lib/python3.13/site-packages/sqlalchemy/orm/session.py", line 1191, in _connection_for_bind
2026-09-10T18:00:34.616019863Z     conn = bind.connect()
2026-09-10T18:00:34.616022267Z   File "/usr/local/lib/python3.13/site-packages/opentelemetry/instrumentation/sqlalchemy/engine.py", line 200, in _wrap_connect_internal
2026-09-10T18:00:34.616024211Z     return func(*args, **kwargs)
2026-09-10T18:00:34.616026115Z   File "/usr/local/lib/python3.13/site-packages/sqlalchemy/engine/base.py", line 3295, in connect
2026-09-10T18:00:34.616028089Z     return self._connection_cls(self)
2026-09-10T18:00:34.616030143Z            ~~~~~~~~~~~~~~~~~~~~^^^^^^
2026-09-10T18:00:34.616033800Z   File "/usr/local/lib/python3.13/site-packages/sqlalchemy/engine/base.py", line 144, in __init__
2026-09-10T18:00:34.616035784Z     self._dbapi_connection = engine.raw_connection()
2026-09-10T18:00:34.616037698Z                              ~~~~~~~~~~~~~~~~~~~~~^^
2026-09-10T18:00:34.616039612Z   File "/usr/local/lib/python3.13/site-packages/sqlalchemy/engine/base.py", line 3319, in raw_connection
2026-09-10T18:00:34.616041536Z     return self.pool.connect()
2026-09-10T18:00:34.616043439Z            ~~~~~~~~~~~~~~~~~^^
2026-09-10T18:00:34.616045373Z   File "/usr/local/lib/python3.13/site-packages/sqlalchemy/pool/base.py", line 448, in connect
2026-09-10T18:00:34.616047307Z     return _ConnectionFairy._checkout(self)
2026-09-10T18:00:34.616049261Z            ~~~~~~~~~~~~~~~~~~~~~~~~~~^^^^^^
2026-09-10T18:00:34.616051145Z   File "/usr/local/lib/python3.13/site-packages/sqlalchemy/pool/base.py", line 1272, in _checkout
2026-09-10T18:00:34.616053078Z     fairy = _ConnectionRecord.checkout(pool)
2026-09-10T18:00:34.616055002Z   File "/usr/local/lib/python3.13/site-packages/sqlalchemy/pool/base.py", line 712, in checkout
2026-09-10T18:00:34.616056896Z     rec = pool._do_get()
2026-09-10T18:00:34.616058790Z   File "/usr/local/lib/python3.13/site-packages/sqlalchemy/pool/impl.py", line 167, in _do_get
2026-09-10T18:00:34.616060734Z     raise exc.TimeoutError(
2026-09-10T18:00:34.616062637Z     ...<4 lines>...
2026-09-10T18:00:34.616064591Z     )
2026-09-10T18:00:34.616067457Z sqlalchemy.exc.TimeoutError: QueuePool limit of size 5 overflow 10 reached, connection timed out, timeout 30.00 (Background on this error at: https://sqlalche.me/e/20/3o7r)
2026-09-10T18:00:34.622044730Z ERROR:    Exception in ASGI application
2026-09-10T18:00:34.622085170Z Traceback (most recent call last):
2026-09-10T18:00:34.622090541Z   File "/usr/local/lib/python3.13/site-packages/uvicorn/protocols/http/httptools_impl.py", line 421, in run_asgi
2026-09-10T18:00:34.622095781Z     result = await app(  # type: ignore[func-returns-value]
2026-09-10T18:00:34.622100160Z              ^^^^^^^^^^^^^^^^^^^^^^^^^^^^^^^^^^^^^^^^^^^^^^
2026-09-10T18:00:34.622104479Z         self.scope, self.receive, self.send
2026-09-10T18:00:34.622108797Z         ^^^^^^^^^^^^^^^^^^^^^^^^^^^^^^^^^^^
2026-09-10T18:00:34.622113166Z     )
2026-09-10T18:00:34.622117555Z     ^
2026-09-10T18:00:34.622121883Z   File "/usr/local/lib/python3.13/site-packages/uvicorn/middleware/proxy_headers.py", line 63, in __call__
2026-09-10T18:00:34.622126222Z     return await self.app(scope, receive, send)
2026-09-10T18:00:34.622130601Z            ^^^^^^^^^^^^^^^^^^^^^^^^^^^^^^^^^^^^
2026-09-10T18:00:34.622135450Z   File "/usr/local/lib/python3.13/site-packages/fastapi/applications.py", line 1159, in __call__
2026-09-10T18:00:34.622139759Z     await super().__call__(scope, receive, send)
2026-09-10T18:00:34.622144117Z   File "/usr/local/lib/python3.13/site-packages/starlette/applications.py", line 107, in __call__
2026-09-10T18:00:34.622175931Z     await self.middleware_stack(scope, receive, send)
2026-09-10T18:00:34.622180460Z   File "/usr/local/lib/python3.13/site-packages/starlette/middleware/errors.py", line 186, in __call__
2026-09-10T18:00:34.622184908Z     raise exc
2026-09-10T18:00:34.622189377Z   File "/usr/local/lib/python3.13/site-packages/starlette/middleware/errors.py", line 164, in __call__
2026-09-10T18:00:34.622193776Z     await self.app(scope, receive, _send)
2026-09-10T18:00:34.622198966Z   File "/usr/local/lib/python3.13/site-packages/opentelemetry/instrumentation/asgi/__init__.py", line 806, in __call__
2026-09-10T18:00:34.622203295Z     await self.app(scope, otel_receive, otel_send)
2026-09-10T18:00:34.622207633Z   File "/usr/local/lib/python3.13/site-packages/starlette/middleware/errors.py", line 186, in __call__
2026-09-10T18:00:34.622212092Z     raise exc
2026-09-10T18:00:34.622216431Z   File "/usr/local/lib/python3.13/site-packages/starlette/middleware/errors.py", line 164, in __call__
2026-09-10T18:00:34.622220729Z     await self.app(scope, receive, _send)
2026-09-10T18:00:34.622225078Z   File "/usr/local/lib/python3.13/site-packages/opentelemetry/instrumentation/fastapi/__init__.py", line 305, in __call__
2026-09-10T18:00:34.622229497Z     await self.app(scope, receive, send)
2026-09-10T18:00:34.622233835Z   File "/usr/local/lib/python3.13/site-packages/prometheus_fastapi_instrumentator/middleware.py", line 177, in __call__
2026-09-10T18:00:34.622238134Z     raise exc
2026-09-10T18:00:34.622242453Z   File "/usr/local/lib/python3.13/site-packages/prometheus_fastapi_instrumentator/middleware.py", line 175, in __call__
2026-09-10T18:00:34.622246781Z     await self.app(scope, receive, send_wrapper)
2026-09-10T18:00:34.622251080Z   File "/usr/local/lib/python3.13/site-packages/starlette/middleware/exceptions.py", line 63, in __call__
2026-09-10T18:00:34.622255999Z     await wrap_app_handling_exceptions(self.app, conn)(scope, receive, send)
2026-09-10T18:00:34.622260318Z   File "/usr/local/lib/python3.13/site-packages/starlette/_exception_handler.py", line 53, in wrapped_app
2026-09-10T18:00:34.622264637Z     raise exc
2026-09-10T18:00:34.622268945Z   File "/usr/local/lib/python3.13/site-packages/starlette/_exception_handler.py", line 42, in wrapped_app
2026-09-10T18:00:34.622273264Z     await app(scope, receive, sender)
2026-09-10T18:00:34.622277562Z   File "/usr/local/lib/python3.13/site-packages/fastapi/middleware/asyncexitstack.py", line 18, in __call__
2026-09-10T18:00:34.622281871Z     await self.app(scope, receive, send)
2026-09-10T18:00:34.622286209Z   File "/usr/local/lib/python3.13/site-packages/starlette/routing.py", line 716, in __call__
2026-09-10T18:00:34.622290528Z     await self.middleware_stack(scope, receive, send)
2026-09-10T18:00:34.622294857Z   File "/usr/local/lib/python3.13/site-packages/starlette/routing.py", line 736, in app
2026-09-10T18:00:34.622299185Z     await route.handle(scope, receive, send)
2026-09-10T18:00:34.622303524Z   File "/usr/local/lib/python3.13/site-packages/starlette/routing.py", line 290, in handle
2026-09-10T18:00:34.622307822Z     await self.app(scope, receive, send)
2026-09-10T18:00:34.622312111Z   File "/usr/local/lib/python3.13/site-packages/fastapi/routing.py", line 134, in app
2026-09-10T18:00:34.622316389Z     await wrap_app_handling_exceptions(app, request)(scope, receive, send)
2026-09-10T18:00:34.622320718Z   File "/usr/local/lib/python3.13/site-packages/starlette/_exception_handler.py", line 53, in wrapped_app
2026-09-10T18:00:34.622325026Z     raise exc
2026-09-10T18:00:34.622329325Z   File "/usr/local/lib/python3.13/site-packages/starlette/_exception_handler.py", line 42, in wrapped_app
2026-09-10T18:00:34.622344014Z     await app(scope, receive, sender)
2026-09-10T18:00:34.622348373Z   File "/usr/local/lib/python3.13/site-packages/fastapi/routing.py", line 120, in app
2026-09-10T18:00:34.622353693Z     response = await f(request)
2026-09-10T18:00:34.622361439Z                ^^^^^^^^^^^^^^^^
2026-09-10T18:00:34.622365847Z   File "/usr/local/lib/python3.13/site-packages/fastapi/routing.py", line 674, in app
2026-09-10T18:00:34.622370166Z     raw_response = await run_endpoint_function(
2026-09-10T18:00:34.622374475Z                    ^^^^^^^^^^^^^^^^^^^^^^^^^^^^
2026-09-10T18:00:34.622379224Z     ...<3 lines>...
2026-09-10T18:00:34.622383613Z     )
2026-09-10T18:00:34.622387961Z     ^
2026-09-10T18:00:34.622392250Z   File "/usr/local/lib/python3.13/site-packages/fastapi/routing.py", line 330, in run_endpoint_function
2026-09-10T18:00:34.622396598Z     return await run_in_threadpool(dependant.call, **values)
2026-09-10T18:00:34.622400877Z            ^^^^^^^^^^^^^^^^^^^^^^^^^^^^^^^^^^^^^^^^^^^^^^^^^
2026-09-10T18:00:34.622465946Z   File "/usr/local/lib/python3.13/site-packages/starlette/concurrency.py", line 32, in run_in_threadpool
2026-09-10T18:00:34.622476126Z     return await anyio.to_thread.run_sync(func)
2026-09-10T18:00:34.622480796Z            ^^^^^^^^^^^^^^^^^^^^^^^^^^^^^^^^^^^^
2026-09-10T18:00:34.622485084Z   File "/usr/local/lib/python3.13/site-packages/anyio/to_thread.py", line 63, in run_sync
2026-09-10T18:00:34.622489383Z     return await get_async_backend().run_sync_in_worker_thread(
2026-09-10T18:00:34.622493731Z            ^^^^^^^^^^^^^^^^^^^^^^^^^^^^^^^^^^^^^^^^^^^^^^^^^^^^
2026-09-10T18:00:34.622498070Z         func, args, abandon_on_cancel=abandon_on_cancel, limiter=limiter
2026-09-10T18:00:34.622502368Z         ^^^^^^^^^^^^^^^^^^^^^^^^^^^^^^^^^^^^^^^^^^^^^^^^^^^^^^^^^^^^^^^^
2026-09-10T18:00:34.622506687Z     )
2026-09-10T18:00:34.622511006Z     ^
2026-09-10T18:00:34.622518390Z   File "/usr/local/lib/python3.13/site-packages/anyio/_backends/_asyncio.py", line 2518, in run_sync_in_worker_thread
2026-09-10T18:00:34.622522919Z     return await future
2026-09-10T18:00:34.622527278Z            ^^^^^^^^^^^^
2026-09-10T18:00:34.622533300Z   File "/usr/local/lib/python3.13/site-packages/anyio/_backends/_asyncio.py", line 1002, in run
2026-09-10T18:00:34.622537689Z     result = context.run(func, *args)
2026-09-10T18:00:34.622542107Z   File "/app/app/routers/orders.py", line 36, in checkout
2026-09-10T18:00:34.622546466Z     return create_order(
2026-09-10T18:00:34.622552608Z         db=db,
2026-09-10T18:00:34.622557127Z     ...<2 lines>...
2026-09-10T18:00:34.622561556Z         correlation_id=correlation_id,
2026-09-10T18:00:34.622565925Z     )
2026-09-10T18:00:34.622570393Z   File "/app/app/services/order_service.py", line 42, in create_order
2026-09-10T18:00:34.622574742Z     result = db.execute(
2026-09-10T18:00:34.622579041Z         select(ProductModel).where(ProductModel.id == product_id)
2026-09-10T18:00:34.622583329Z     )
2026-09-10T18:00:34.622587658Z   File "/usr/local/lib/python3.13/site-packages/sqlalchemy/orm/session.py", line 2372, in execute
2026-09-10T18:00:34.622591966Z     return self._execute_internal(
2026-09-10T18:00:34.622596275Z            ~~~~~~~~~~~~~~~~~~~~~~^
2026-09-10T18:00:34.622600583Z         statement,
2026-09-10T18:00:34.622604882Z         ^^^^^^^^^^
2026-09-10T18:00:34.622609190Z     ...<4 lines>...
2026-09-10T18:00:34.622613689Z         _add_event=_add_event,
2026-09-10T18:00:34.622618008Z         ^^^^^^^^^^^^^^^^^^^^^^
2026-09-10T18:00:34.622622316Z     )
2026-09-10T18:00:34.622626705Z     ^
2026-09-10T18:00:34.622662456Z   File "/usr/local/lib/python3.13/site-packages/sqlalchemy/orm/session.py", line 2260, in _execute_internal
2026-09-10T18:00:34.622666975Z     conn = self._connection_for_bind(bind)
2026-09-10T18:00:34.622671334Z   File "/usr/local/lib/python3.13/site-packages/sqlalchemy/orm/session.py", line 2112, in _connection_for_bind
2026-09-10T18:00:34.622675773Z     return trans._connection_for_bind(engine, execution_options)
2026-09-10T18:00:34.622680101Z            ~~~~~~~~~~~~~~~~~~~~~~~~~~^^^^^^^^^^^^^^^^^^^^^^^^^^^
2026-09-10T18:00:34.622684400Z   File "<string>", line 2, in _connection_for_bind
2026-09-10T18:00:34.622688738Z   File "/usr/local/lib/python3.13/site-packages/sqlalchemy/orm/state_changes.py", line 137, in _go
2026-09-10T18:00:34.622693047Z     ret_value = fn(self, *arg, **kw)
2026-09-10T18:00:34.622697325Z   File "/usr/local/lib/python3.13/site-packages/sqlalchemy/orm/session.py", line 1191, in _connection_for_bind
2026-09-10T18:00:34.622701614Z     conn = bind.connect()
2026-09-10T18:00:34.622706794Z   File "/usr/local/lib/python3.13/site-packages/opentelemetry/instrumentation/sqlalchemy/engine.py", line 200, in _wrap_connect_internal
2026-09-10T18:00:34.622711083Z     return func(*args, **kwargs)
2026-09-10T18:00:34.622715311Z   File "/usr/local/lib/python3.13/site-packages/sqlalchemy/engine/base.py", line 3295, in connect
2026-09-10T18:00:34.622719600Z     return self._connection_cls(self)
2026-09-10T18:00:34.622723978Z            ~~~~~~~~~~~~~~~~~~~~^^^^^^
2026-09-10T18:00:34.622728277Z   File "/usr/local/lib/python3.13/site-packages/sqlalchemy/engine/base.py", line 144, in __init__
2026-09-10T18:00:34.622732545Z     self._dbapi_connection = engine.raw_connection()
2026-09-10T18:00:34.622736834Z                              ~~~~~~~~~~~~~~~~~~~~~^^
2026-09-10T18:00:34.622741112Z   File "/usr/local/lib/python3.13/site-packages/sqlalchemy/engine/base.py", line 3319, in raw_connection
2026-09-10T18:00:34.622745391Z     return self.pool.connect()
2026-09-10T18:00:34.622749649Z            ~~~~~~~~~~~~~~~~~^^
2026-09-10T18:00:34.622753948Z   File "/usr/local/lib/python3.13/site-packages/sqlalchemy/pool/base.py", line 448, in connect
2026-09-10T18:00:34.622758216Z     return _ConnectionFairy._checkout(self)
2026-09-10T18:00:34.622762565Z            ~~~~~~~~~~~~~~~~~~~~~~~~~~^^^^^^
2026-09-10T18:00:34.622766873Z   File "/usr/local/lib/python3.13/site-packages/sqlalchemy/pool/base.py", line 1272, in _checkout
2026-09-10T18:00:34.622771152Z     fairy = _ConnectionRecord.checkout(pool)
2026-09-10T18:00:34.622775480Z   File "/usr/local/lib/python3.13/site-packages/sqlalchemy/pool/base.py", line 712, in checkout
2026-09-10T18:00:34.622779769Z     rec = pool._do_get()
2026-09-10T18:00:34.622784048Z   File "/usr/local/lib/python3.13/site-packages/sqlalchemy/pool/impl.py", line 167, in _do_get
2026-09-10T18:00:34.622788286Z     raise exc.TimeoutError(
2026-09-10T18:00:34.622792514Z     ...<4 lines>...
2026-09-10T18:00:34.622796833Z     )
2026-09-10T18:00:34.622802654Z sqlalchemy.exc.TimeoutError: QueuePool limit of size 5 overflow 10 reached, connection timed out, timeout 30.00 (Background on this error at: https://sqlalche.me/e/20/3o7r)
2026-09-10T18:00:34.651978382Z ERROR:    Exception in ASGI application
2026-09-10T18:00:34.652030516Z Traceback (most recent call last):
2026-09-10T18:00:34.652038281Z   File "/usr/local/lib/python3.13/site-packages/uvicorn/protocols/http/httptools_impl.py", line 421, in run_asgi
2026-09-10T18:00:34.652045265Z     result = await app(  # type: ignore[func-returns-value]
2026-09-10T18:00:34.652051628Z              ^^^^^^^^^^^^^^^^^^^^^^^^^^^^^^^^^^^^^^^^^^^^^^
2026-09-10T18:00:34.652058301Z         self.scope, self.receive, self.send
2026-09-10T18:00:34.652095044Z         ^^^^^^^^^^^^^^^^^^^^^^^^^^^^^^^^^^^
2026-09-10T18:00:34.652101647Z     )
2026-09-10T18:00:34.652108671Z     ^
2026-09-10T18:00:34.652115044Z   File "/usr/local/lib/python3.13/site-packages/uvicorn/middleware/proxy_headers.py", line 63, in __call__
2026-09-10T18:00:34.652121396Z     return await self.app(scope, receive, send)
2026-09-10T18:00:34.652127709Z            ^^^^^^^^^^^^^^^^^^^^^^^^^^^^^^^^^^^^
2026-09-10T18:00:34.652134642Z   File "/usr/local/lib/python3.13/site-packages/fastapi/applications.py", line 1159, in __call__
2026-09-10T18:00:34.652140975Z     await super().__call__(scope, receive, send)
2026-09-10T18:00:34.652147298Z   File "/usr/local/lib/python3.13/site-packages/starlette/applications.py", line 107, in __call__
2026-09-10T18:00:34.652153620Z     await self.middleware_stack(scope, receive, send)
2026-09-10T18:00:34.652160093Z   File "/usr/local/lib/python3.13/site-packages/starlette/middleware/errors.py", line 186, in __call__
2026-09-10T18:00:34.652166536Z     raise exc
2026-09-10T18:00:34.652173069Z   File "/usr/local/lib/python3.13/site-packages/starlette/middleware/errors.py", line 164, in __call__
2026-09-10T18:00:34.652179411Z     await self.app(scope, receive, _send)
2026-09-10T18:00:34.652186806Z   File "/usr/local/lib/python3.13/site-packages/opentelemetry/instrumentation/asgi/__init__.py", line 806, in __call__
2026-09-10T18:00:34.652193259Z     await self.app(scope, otel_receive, otel_send)
2026-09-10T18:00:34.652199551Z   File "/usr/local/lib/python3.13/site-packages/starlette/middleware/errors.py", line 186, in __call__
2026-09-10T18:00:34.652205884Z     raise exc
2026-09-10T18:00:34.652212116Z   File "/usr/local/lib/python3.13/site-packages/starlette/middleware/errors.py", line 164, in __call__
2026-09-10T18:00:34.652218389Z     await self.app(scope, receive, _send)
2026-09-10T18:00:34.652224691Z   File "/usr/local/lib/python3.13/site-packages/opentelemetry/instrumentation/fastapi/__init__.py", line 305, in __call__
2026-09-10T18:00:34.652230964Z     await self.app(scope, receive, send)
2026-09-10T18:00:34.652237236Z   File "/usr/local/lib/python3.13/site-packages/prometheus_fastapi_instrumentator/middleware.py", line 177, in __call__
2026-09-10T18:00:34.652243569Z     raise exc
2026-09-10T18:00:34.652249831Z   File "/usr/local/lib/python3.13/site-packages/prometheus_fastapi_instrumentator/middleware.py", line 175, in __call__
2026-09-10T18:00:34.652256104Z     await self.app(scope, receive, send_wrapper)
2026-09-10T18:00:34.652262356Z   File "/usr/local/lib/python3.13/site-packages/starlette/middleware/exceptions.py", line 63, in __call__
2026-09-10T18:00:34.652269320Z     await wrap_app_handling_exceptions(self.app, conn)(scope, receive, send)
2026-09-10T18:00:34.652279931Z   File "/usr/local/lib/python3.13/site-packages/starlette/_exception_handler.py", line 53, in wrapped_app
2026-09-10T18:00:34.652286324Z     raise exc
2026-09-10T18:00:34.652292636Z   File "/usr/local/lib/python3.13/site-packages/starlette/_exception_handler.py", line 42, in wrapped_app
2026-09-10T18:00:34.652299049Z     await app(scope, receive, sender)
2026-09-10T18:00:34.652305351Z   File "/usr/local/lib/python3.13/site-packages/fastapi/middleware/asyncexitstack.py", line 18, in __call__
2026-09-10T18:00:34.652311624Z     await self.app(scope, receive, send)
2026-09-10T18:00:34.652317886Z   File "/usr/local/lib/python3.13/site-packages/starlette/routing.py", line 716, in __call__
2026-09-10T18:00:34.652324119Z     await self.middleware_stack(scope, receive, send)
2026-09-10T18:00:34.652330411Z   File "/usr/local/lib/python3.13/site-packages/starlette/routing.py", line 736, in app
2026-09-10T18:00:34.652336704Z     await route.handle(scope, receive, send)
2026-09-10T18:00:34.652358036Z   File "/usr/local/lib/python3.13/site-packages/starlette/routing.py", line 290, in handle
2026-09-10T18:00:34.652364399Z     await self.app(scope, receive, send)
2026-09-10T18:00:34.652370631Z   File "/usr/local/lib/python3.13/site-packages/fastapi/routing.py", line 134, in app
2026-09-10T18:00:34.652376883Z     await wrap_app_handling_exceptions(app, request)(scope, receive, send)
2026-09-10T18:00:34.652383226Z   File "/usr/local/lib/python3.13/site-packages/starlette/_exception_handler.py", line 53, in wrapped_app
2026-09-10T18:00:34.652389468Z     raise exc
2026-09-10T18:00:34.652395771Z   File "/usr/local/lib/python3.13/site-packages/starlette/_exception_handler.py", line 42, in wrapped_app
2026-09-10T18:00:34.652402053Z     await app(scope, receive, sender)
2026-09-10T18:00:34.652408336Z   File "/usr/local/lib/python3.13/site-packages/fastapi/routing.py", line 120, in app
2026-09-10T18:00:34.652416131Z     response = await f(request)
2026-09-10T18:00:34.652422464Z                ^^^^^^^^^^^^^^^^
2026-09-10T18:00:34.652428726Z   File "/usr/local/lib/python3.13/site-packages/fastapi/routing.py", line 674, in app
2026-09-10T18:00:34.652434969Z     raw_response = await run_endpoint_function(
2026-09-10T18:00:34.652506581Z                    ^^^^^^^^^^^^^^^^^^^^^^^^^^^^
2026-09-10T18:00:34.652520929Z     ...<3 lines>...
2026-09-10T18:00:34.652527412Z     )
2026-09-10T18:00:34.652533905Z     ^
2026-09-10T18:00:34.652540238Z   File "/usr/local/lib/python3.13/site-packages/fastapi/routing.py", line 330, in run_endpoint_function
2026-09-10T18:00:34.652546580Z     return await run_in_threadpool(dependant.call, **values)
2026-09-10T18:00:34.652552943Z            ^^^^^^^^^^^^^^^^^^^^^^^^^^^^^^^^^^^^^^^^^^^^^^^^^
2026-09-10T18:00:34.652644835Z   File "/usr/local/lib/python3.13/site-packages/starlette/concurrency.py", line 32, in run_in_threadpool
2026-09-10T18:00:34.652659665Z     return await anyio.to_thread.run_sync(func)
2026-09-10T18:00:34.652666228Z            ^^^^^^^^^^^^^^^^^^^^^^^^^^^^^^^^^^^^
2026-09-10T18:00:34.652672540Z   File "/usr/local/lib/python3.13/site-packages/anyio/to_thread.py", line 63, in run_sync
2026-09-10T18:00:34.652679063Z     return await get_async_backend().run_sync_in_worker_thread(
2026-09-10T18:00:34.652685416Z            ^^^^^^^^^^^^^^^^^^^^^^^^^^^^^^^^^^^^^^^^^^^^^^^^^^^^
2026-09-10T18:00:34.652692029Z         func, args, abandon_on_cancel=abandon_on_cancel, limiter=limiter
2026-09-10T18:00:34.652698361Z         ^^^^^^^^^^^^^^^^^^^^^^^^^^^^^^^^^^^^^^^^^^^^^^^^^^^^^^^^^^^^^^^^
2026-09-10T18:00:34.652704644Z     )
2026-09-10T18:00:34.652711037Z     ^
2026-09-10T18:00:34.652717449Z   File "/usr/local/lib/python3.13/site-packages/anyio/_backends/_asyncio.py", line 2518, in run_sync_in_worker_thread
2026-09-10T18:00:34.652723842Z     return await future
2026-09-10T18:00:34.652730305Z            ^^^^^^^^^^^^
2026-09-10T18:00:34.652736607Z   File "/usr/local/lib/python3.13/site-packages/anyio/_backends/_asyncio.py", line 1002, in run
2026-09-10T18:00:34.652742940Z     result = context.run(func, *args)
2026-09-10T18:00:34.652749312Z   File "/app/app/routers/orders.py", line 36, in checkout
2026-09-10T18:00:34.652755625Z     return create_order(
2026-09-10T18:00:34.652762028Z         db=db,
2026-09-10T18:00:34.652768390Z     ...<2 lines>...
2026-09-10T18:00:34.652774763Z         correlation_id=correlation_id,
2026-09-10T18:00:34.652781176Z     )
2026-09-10T18:00:34.652787629Z   File "/app/app/services/order_service.py", line 42, in create_order
2026-09-10T18:00:34.652793921Z     result = db.execute(
2026-09-10T18:00:34.652800244Z         select(ProductModel).where(ProductModel.id == product_id)
2026-09-10T18:00:34.652835053Z     )
2026-09-10T18:00:34.652841576Z   File "/usr/local/lib/python3.13/site-packages/sqlalchemy/orm/session.py", line 2372, in execute
2026-09-10T18:00:34.652847818Z     return self._execute_internal(
2026-09-10T18:00:34.652854070Z            ~~~~~~~~~~~~~~~~~~~~~~^
2026-09-10T18:00:34.652860443Z         statement,
2026-09-10T18:00:34.652866746Z         ^^^^^^^^^^
2026-09-10T18:00:34.652872958Z     ...<4 lines>...
2026-09-10T18:00:34.652879220Z         _add_event=_add_event,
2026-09-10T18:00:34.652885463Z         ^^^^^^^^^^^^^^^^^^^^^^
2026-09-10T18:00:34.652891705Z     )
2026-09-10T18:00:34.652897968Z     ^
2026-09-10T18:00:34.652904330Z   File "/usr/local/lib/python3.13/site-packages/sqlalchemy/orm/session.py", line 2260, in _execute_internal
2026-09-10T18:00:34.652910673Z     conn = self._connection_for_bind(bind)
2026-09-10T18:00:34.652920352Z   File "/usr/local/lib/python3.13/site-packages/sqlalchemy/orm/session.py", line 2112, in _connection_for_bind
2026-09-10T18:00:34.652926835Z     return trans._connection_for_bind(engine, execution_options)
2026-09-10T18:00:34.652933117Z            ~~~~~~~~~~~~~~~~~~~~~~~~~~^^^^^^^^^^^^^^^^^^^^^^^^^^^
2026-09-10T18:00:34.652939370Z   File "<string>", line 2, in _connection_for_bind
2026-09-10T18:00:34.652945712Z   File "/usr/local/lib/python3.13/site-packages/sqlalchemy/orm/state_changes.py", line 137, in _go
2026-09-10T18:00:34.652952185Z     ret_value = fn(self, *arg, **kw)
2026-09-10T18:00:34.652958438Z   File "/usr/local/lib/python3.13/site-packages/sqlalchemy/orm/session.py", line 1191, in _connection_for_bind
2026-09-10T18:00:34.652964800Z     conn = bind.connect()
2026-09-10T18:00:34.652971714Z   File "/usr/local/lib/python3.13/site-packages/opentelemetry/instrumentation/sqlalchemy/engine.py", line 200, in _wrap_connect_internal
2026-09-10T18:00:34.652978046Z     return func(*args, **kwargs)
2026-09-10T18:00:34.652984359Z   File "/usr/local/lib/python3.13/site-packages/sqlalchemy/engine/base.py", line 3295, in connect
2026-09-10T18:00:34.652992866Z     return self._connection_cls(self)
2026-09-10T18:00:34.652999269Z            ~~~~~~~~~~~~~~~~~~~~^^^^^^
2026-09-10T18:00:34.653005551Z   File "/usr/local/lib/python3.13/site-packages/sqlalchemy/engine/base.py", line 144, in __init__
2026-09-10T18:00:34.653011884Z     self._dbapi_connection = engine.raw_connection()
2026-09-10T18:00:34.653018276Z                              ~~~~~~~~~~~~~~~~~~~~~^^
2026-09-10T18:00:34.653024619Z   File "/usr/local/lib/python3.13/site-packages/sqlalchemy/engine/base.py", line 3319, in raw_connection
2026-09-10T18:00:34.653030891Z     return self.pool.connect()
2026-09-10T18:00:34.653037194Z            ~~~~~~~~~~~~~~~~~^^
2026-09-10T18:00:34.653043526Z   File "/usr/local/lib/python3.13/site-packages/sqlalchemy/pool/base.py", line 448, in connect
2026-09-10T18:00:34.653049809Z     return _ConnectionFairy._checkout(self)
2026-09-10T18:00:34.653056131Z            ~~~~~~~~~~~~~~~~~~~~~~~~~~^^^^^^
2026-09-10T18:00:34.653062644Z   File "/usr/local/lib/python3.13/site-packages/sqlalchemy/pool/base.py", line 1272, in _checkout
2026-09-10T18:00:34.653068927Z     fairy = _ConnectionRecord.checkout(pool)
2026-09-10T18:00:34.653075259Z   File "/usr/local/lib/python3.13/site-packages/sqlalchemy/pool/base.py", line 712, in checkout
2026-09-10T18:00:34.653081532Z     rec = pool._do_get()
2026-09-10T18:00:34.653087814Z   File "/usr/local/lib/python3.13/site-packages/sqlalchemy/pool/impl.py", line 167, in _do_get
2026-09-10T18:00:34.653094057Z     raise exc.TimeoutError(
2026-09-10T18:00:34.653100309Z     ...<4 lines>...
2026-09-10T18:00:34.653106692Z     )
2026-09-10T18:00:34.653114026Z sqlalchemy.exc.TimeoutError: QueuePool limit of size 5 overflow 10 reached, connection timed out, timeout 30.00 (Background on this error at: https://sqlalche.me/e/20/3o7r)
2026-09-10T18:00:34.689717767Z ERROR:    Exception in ASGI application
2026-09-10T18:00:34.689751244Z Traceback (most recent call last):
2026-09-10T18:00:34.689754590Z   File "/usr/local/lib/python3.13/site-packages/uvicorn/protocols/http/httptools_impl.py", line 421, in run_asgi
2026-09-10T18:00:34.689757446Z     result = await app(  # type: ignore[func-returns-value]
2026-09-10T18:00:34.689759410Z              ^^^^^^^^^^^^^^^^^^^^^^^^^^^^^^^^^^^^^^^^^^^^^^
2026-09-10T18:00:34.689761344Z         self.scope, self.receive, self.send
2026-09-10T18:00:34.689763268Z         ^^^^^^^^^^^^^^^^^^^^^^^^^^^^^^^^^^^
2026-09-10T18:00:34.689765412Z     )
2026-09-10T18:00:34.689767366Z     ^
2026-09-10T18:00:34.689769310Z   File "/usr/local/lib/python3.13/site-packages/uvicorn/middleware/proxy_headers.py", line 63, in __call__
2026-09-10T18:00:34.689771254Z     return await self.app(scope, receive, send)
2026-09-10T18:00:34.689773167Z            ^^^^^^^^^^^^^^^^^^^^^^^^^^^^^^^^^^^^
2026-09-10T18:00:34.689775672Z   File "/usr/local/lib/python3.13/site-packages/fastapi/applications.py", line 1159, in __call__
2026-09-10T18:00:34.689777586Z     await super().__call__(scope, receive, send)
2026-09-10T18:00:34.689779500Z   File "/usr/local/lib/python3.13/site-packages/starlette/applications.py", line 107, in __call__
2026-09-10T18:00:34.689781454Z     await self.middleware_stack(scope, receive, send)
2026-09-10T18:00:34.689783438Z   File "/usr/local/lib/python3.13/site-packages/starlette/middleware/errors.py", line 186, in __call__
2026-09-10T18:00:34.689785402Z     raise exc
2026-09-10T18:00:34.689787396Z   File "/usr/local/lib/python3.13/site-packages/starlette/middleware/errors.py", line 164, in __call__
2026-09-10T18:00:34.689789369Z     await self.app(scope, receive, _send)
2026-09-10T18:00:34.689792135Z   File "/usr/local/lib/python3.13/site-packages/opentelemetry/instrumentation/asgi/__init__.py", line 806, in __call__
2026-09-10T18:00:34.689794059Z     await self.app(scope, otel_receive, otel_send)
2026-09-10T18:00:34.689795993Z   File "/usr/local/lib/python3.13/site-packages/starlette/middleware/errors.py", line 186, in __call__
2026-09-10T18:00:34.689797947Z     raise exc
2026-09-10T18:00:34.689799850Z   File "/usr/local/lib/python3.13/site-packages/starlette/middleware/errors.py", line 164, in __call__
2026-09-10T18:00:34.689801844Z     await self.app(scope, receive, _send)
2026-09-10T18:00:34.689803878Z   File "/usr/local/lib/python3.13/site-packages/opentelemetry/instrumentation/fastapi/__init__.py", line 305, in __call__
2026-09-10T18:00:34.689805802Z     await self.app(scope, receive, send)
2026-09-10T18:00:34.689807706Z   File "/usr/local/lib/python3.13/site-packages/prometheus_fastapi_instrumentator/middleware.py", line 177, in __call__
2026-09-10T18:00:34.689809640Z     raise exc
2026-09-10T18:00:34.689811914Z   File "/usr/local/lib/python3.13/site-packages/prometheus_fastapi_instrumentator/middleware.py", line 175, in __call__
2026-09-10T18:00:34.689813888Z     await self.app(scope, receive, send_wrapper)
2026-09-10T18:00:34.689815802Z   File "/usr/local/lib/python3.13/site-packages/starlette/middleware/exceptions.py", line 63, in __call__
2026-09-10T18:00:34.689818628Z     await wrap_app_handling_exceptions(self.app, conn)(scope, receive, send)
2026-09-10T18:00:34.689820531Z   File "/usr/local/lib/python3.13/site-packages/starlette/_exception_handler.py", line 53, in wrapped_app
2026-09-10T18:00:34.689822445Z     raise exc
2026-09-10T18:00:34.689824429Z   File "/usr/local/lib/python3.13/site-packages/starlette/_exception_handler.py", line 42, in wrapped_app
2026-09-10T18:00:34.689843747Z     await app(scope, receive, sender)
2026-09-10T18:00:34.689845761Z   File "/usr/local/lib/python3.13/site-packages/fastapi/middleware/asyncexitstack.py", line 18, in __call__
2026-09-10T18:00:34.689847685Z     await self.app(scope, receive, send)
2026-09-10T18:00:34.689849589Z   File "/usr/local/lib/python3.13/site-packages/starlette/routing.py", line 716, in __call__
2026-09-10T18:00:34.689851503Z     await self.middleware_stack(scope, receive, send)
2026-09-10T18:00:34.689853417Z   File "/usr/local/lib/python3.13/site-packages/starlette/routing.py", line 736, in app
2026-09-10T18:00:34.689855381Z     await route.handle(scope, receive, send)
2026-09-10T18:00:34.689857344Z   File "/usr/local/lib/python3.13/site-packages/starlette/routing.py", line 290, in handle
2026-09-10T18:00:34.689859238Z     await self.app(scope, receive, send)
2026-09-10T18:00:34.689861152Z   File "/usr/local/lib/python3.13/site-packages/fastapi/routing.py", line 134, in app
2026-09-10T18:00:34.689863266Z     await wrap_app_handling_exceptions(app, request)(scope, receive, send)
2026-09-10T18:00:34.689865190Z   File "/usr/local/lib/python3.13/site-packages/starlette/_exception_handler.py", line 53, in wrapped_app
2026-09-10T18:00:34.689867114Z     raise exc
2026-09-10T18:00:34.689869028Z   File "/usr/local/lib/python3.13/site-packages/starlette/_exception_handler.py", line 42, in wrapped_app
2026-09-10T18:00:34.689870961Z     await app(scope, receive, sender)
2026-09-10T18:00:34.689872875Z   File "/usr/local/lib/python3.13/site-packages/fastapi/routing.py", line 120, in app
2026-09-10T18:00:34.689875430Z     response = await f(request)
2026-09-10T18:00:34.689877424Z                ^^^^^^^^^^^^^^^^
2026-09-10T18:00:34.689879378Z   File "/usr/local/lib/python3.13/site-packages/fastapi/routing.py", line 674, in app
2026-09-10T18:00:34.689881292Z     raw_response = await run_endpoint_function(
2026-09-10T18:00:34.689883196Z                    ^^^^^^^^^^^^^^^^^^^^^^^^^^^^
2026-09-10T18:00:34.689885631Z     ...<3 lines>...
2026-09-10T18:00:34.689887554Z     )
2026-09-10T18:00:34.689889498Z     ^
2026-09-10T18:00:34.689891793Z   File "/usr/local/lib/python3.13/site-packages/fastapi/routing.py", line 330, in run_endpoint_function
2026-09-10T18:00:34.689893727Z     return await run_in_threadpool(dependant.call, **values)
2026-09-10T18:00:34.689895660Z            ^^^^^^^^^^^^^^^^^^^^^^^^^^^^^^^^^^^^^^^^^^^^^^^^^
2026-09-10T18:00:34.689938064Z   File "/usr/local/lib/python3.13/site-packages/starlette/concurrency.py", line 32, in run_in_threadpool
2026-09-10T18:00:34.689965588Z     return await anyio.to_thread.run_sync(func)
2026-09-10T18:00:34.689970508Z            ^^^^^^^^^^^^^^^^^^^^^^^^^^^^^^^^^^^^
2026-09-10T18:00:34.689975718Z   File "/usr/local/lib/python3.13/site-packages/anyio/to_thread.py", line 63, in run_sync
2026-09-10T18:00:34.689980748Z     return await get_async_backend().run_sync_in_worker_thread(
2026-09-10T18:00:34.689985037Z            ^^^^^^^^^^^^^^^^^^^^^^^^^^^^^^^^^^^^^^^^^^^^^^^^^^^^
2026-09-10T18:00:34.689989796Z         func, args, abandon_on_cancel=abandon_on_cancel, limiter=limiter
2026-09-10T18:00:34.689994145Z         ^^^^^^^^^^^^^^^^^^^^^^^^^^^^^^^^^^^^^^^^^^^^^^^^^^^^^^^^^^^^^^^^
2026-09-10T18:00:34.689998463Z     )
2026-09-10T18:00:34.690002802Z     ^
2026-09-10T18:00:34.690007712Z   File "/usr/local/lib/python3.13/site-packages/anyio/_backends/_asyncio.py", line 2518, in run_sync_in_worker_thread
2026-09-10T18:00:34.690012521Z     return await future
2026-09-10T18:00:34.690050186Z            ^^^^^^^^^^^^
2026-09-10T18:00:34.690061188Z   File "/usr/local/lib/python3.13/site-packages/anyio/_backends/_asyncio.py", line 1002, in run
2026-09-10T18:00:34.690091538Z     result = context.run(func, *args)
2026-09-10T18:00:34.690096288Z   File "/app/app/routers/orders.py", line 36, in checkout
2026-09-10T18:00:34.690100606Z     return create_order(
2026-09-10T18:00:34.690104995Z         db=db,
2026-09-10T18:00:34.690109333Z     ...<2 lines>...
2026-09-10T18:00:34.690113682Z         correlation_id=correlation_id,
2026-09-10T18:00:34.690118071Z     )
2026-09-10T18:00:34.690122439Z   File "/app/app/services/order_service.py", line 42, in create_order
2026-09-10T18:00:34.690126828Z     result = db.execute(
2026-09-10T18:00:34.690131087Z         select(ProductModel).where(ProductModel.id == product_id)
2026-09-10T18:00:34.690135425Z     )
2026-09-10T18:00:34.690139774Z   File "/usr/local/lib/python3.13/site-packages/sqlalchemy/orm/session.py", line 2372, in execute
2026-09-10T18:00:34.690144052Z     return self._execute_internal(
2026-09-10T18:00:34.690148341Z            ~~~~~~~~~~~~~~~~~~~~~~^
2026-09-10T18:00:34.690152629Z         statement,
2026-09-10T18:00:34.690156908Z         ^^^^^^^^^^
2026-09-10T18:00:34.690161186Z     ...<4 lines>...
2026-09-10T18:00:34.690165916Z         _add_event=_add_event,
2026-09-10T18:00:34.690170194Z         ^^^^^^^^^^^^^^^^^^^^^^
2026-09-10T18:00:34.690174423Z     )
2026-09-10T18:00:34.690178892Z     ^
2026-09-10T18:00:34.690183270Z   File "/usr/local/lib/python3.13/site-packages/sqlalchemy/orm/session.py", line 2260, in _execute_internal
2026-09-10T18:00:34.690187589Z     conn = self._connection_for_bind(bind)
2026-09-10T18:00:34.690191977Z   File "/usr/local/lib/python3.13/site-packages/sqlalchemy/orm/session.py", line 2112, in _connection_for_bind
2026-09-10T18:00:34.690196356Z     return trans._connection_for_bind(engine, execution_options)
2026-09-10T18:00:34.690200665Z            ~~~~~~~~~~~~~~~~~~~~~~~~~~^^^^^^^^^^^^^^^^^^^^^^^^^^^
2026-09-10T18:00:34.690204923Z   File "<string>", line 2, in _connection_for_bind
2026-09-10T18:00:34.690209592Z   File "/usr/local/lib/python3.13/site-packages/sqlalchemy/orm/state_changes.py", line 137, in _go
2026-09-10T18:00:34.690213921Z     ret_value = fn(self, *arg, **kw)
2026-09-10T18:00:34.690218169Z   File "/usr/local/lib/python3.13/site-packages/sqlalchemy/orm/session.py", line 1191, in _connection_for_bind
2026-09-10T18:00:34.690222458Z     conn = bind.connect()
2026-09-10T18:00:34.690227728Z   File "/usr/local/lib/python3.13/site-packages/opentelemetry/instrumentation/sqlalchemy/engine.py", line 200, in _wrap_connect_internal
2026-09-10T18:00:34.690232067Z     return func(*args, **kwargs)
2026-09-10T18:00:34.690236356Z   File "/usr/local/lib/python3.13/site-packages/sqlalchemy/engine/base.py", line 3295, in connect
2026-09-10T18:00:34.690240634Z     return self._connection_cls(self)
2026-09-10T18:00:34.690244923Z            ~~~~~~~~~~~~~~~~~~~~^^^^^^
2026-09-10T18:00:34.690249161Z   File "/usr/local/lib/python3.13/site-packages/sqlalchemy/engine/base.py", line 144, in __init__
2026-09-10T18:00:34.690253449Z     self._dbapi_connection = engine.raw_connection()
2026-09-10T18:00:34.690257708Z                              ~~~~~~~~~~~~~~~~~~~~~^^
2026-09-10T18:00:34.690261966Z   File "/usr/local/lib/python3.13/site-packages/sqlalchemy/engine/base.py", line 3319, in raw_connection
2026-09-10T18:00:34.690266295Z     return self.pool.connect()
2026-09-10T18:00:34.690270563Z            ~~~~~~~~~~~~~~~~~^^
2026-09-10T18:00:34.690274852Z   File "/usr/local/lib/python3.13/site-packages/sqlalchemy/pool/base.py", line 448, in connect
2026-09-10T18:00:34.690279140Z     return _ConnectionFairy._checkout(self)
2026-09-10T18:00:34.690283439Z            ~~~~~~~~~~~~~~~~~~~~~~~~~~^^^^^^
2026-09-10T18:00:34.690309370Z   File "/usr/local/lib/python3.13/site-packages/sqlalchemy/pool/base.py", line 1272, in _checkout
2026-09-10T18:00:34.690313809Z     fairy = _ConnectionRecord.checkout(pool)
2026-09-10T18:00:34.690318208Z   File "/usr/local/lib/python3.13/site-packages/sqlalchemy/pool/base.py", line 712, in checkout
2026-09-10T18:00:34.690322567Z     rec = pool._do_get()
2026-09-10T18:00:34.690326895Z   File "/usr/local/lib/python3.13/site-packages/sqlalchemy/pool/impl.py", line 167, in _do_get
2026-09-10T18:00:34.690331194Z     raise exc.TimeoutError(
2026-09-10T18:00:34.690335472Z     ...<4 lines>...
2026-09-10T18:00:34.690339781Z     )
2026-09-10T18:00:34.690344671Z sqlalchemy.exc.TimeoutError: QueuePool limit of size 5 overflow 10 reached, connection timed out, timeout 30.00 (Background on this error at: https://sqlalche.me/e/20/3o7r)
2026-09-10T18:00:50.804008500Z INFO:     Waiting for background tasks to complete. (CTRL+C to force quit)
2026-09-10T18:01:00.944473791Z ERROR:    Exception in ASGI application
2026-09-10T18:01:00.944523390Z Traceback (most recent call last):
2026-09-10T18:01:00.944528280Z   File "/usr/local/lib/python3.13/site-packages/uvicorn/protocols/http/httptools_impl.py", line 421, in run_asgi
2026-09-10T18:01:00.944532308Z     result = await app(  # type: ignore[func-returns-value]
2026-09-10T18:01:00.944535835Z              ^^^^^^^^^^^^^^^^^^^^^^^^^^^^^^^^^^^^^^^^^^^^^^
2026-09-10T18:01:00.944539251Z         self.scope, self.receive, self.send
2026-09-10T18:01:00.944542748Z         ^^^^^^^^^^^^^^^^^^^^^^^^^^^^^^^^^^^
2026-09-10T18:01:00.944546556Z     )
2026-09-10T18:01:00.944549943Z     ^
2026-09-10T18:01:00.944553991Z   File "/usr/local/lib/python3.13/site-packages/uvicorn/middleware/proxy_headers.py", line 63, in __call__
2026-09-10T18:01:00.944557578Z     return await self.app(scope, receive, send)
2026-09-10T18:01:00.944561035Z            ^^^^^^^^^^^^^^^^^^^^^^^^^^^^^^^^^^^^
2026-09-10T18:01:00.944565002Z   File "/usr/local/lib/python3.13/site-packages/fastapi/applications.py", line 1159, in __call__
2026-09-10T18:01:00.944568479Z     await super().__call__(scope, receive, send)
2026-09-10T18:01:00.944571936Z   File "/usr/local/lib/python3.13/site-packages/starlette/applications.py", line 107, in __call__
2026-09-10T18:01:00.944575784Z     await self.middleware_stack(scope, receive, send)
2026-09-10T18:01:00.944579431Z   File "/usr/local/lib/python3.13/site-packages/starlette/middleware/errors.py", line 186, in __call__
2026-09-10T18:01:00.944582908Z     raise exc
2026-09-10T18:01:00.944586315Z   File "/usr/local/lib/python3.13/site-packages/starlette/middleware/errors.py", line 164, in __call__
2026-09-10T18:01:00.944589722Z     await self.app(scope, receive, _send)
2026-09-10T18:01:00.944593930Z   File "/usr/local/lib/python3.13/site-packages/opentelemetry/instrumentation/asgi/__init__.py", line 806, in __call__
2026-09-10T18:01:00.944597327Z     await self.app(scope, otel_receive, otel_send)
2026-09-10T18:01:00.944605473Z   File "/usr/local/lib/python3.13/site-packages/starlette/middleware/errors.py", line 186, in __call__
2026-09-10T18:01:00.944609030Z     raise exc
2026-09-10T18:01:00.944612557Z   File "/usr/local/lib/python3.13/site-packages/starlette/middleware/errors.py", line 164, in __call__
2026-09-10T18:01:00.944615893Z     await self.app(scope, receive, _send)
2026-09-10T18:01:00.944619240Z   File "/usr/local/lib/python3.13/site-packages/opentelemetry/instrumentation/fastapi/__init__.py", line 305, in __call__
2026-09-10T18:01:00.944622647Z     await self.app(scope, receive, send)
2026-09-10T18:01:00.944626094Z   File "/usr/local/lib/python3.13/site-packages/prometheus_fastapi_instrumentator/middleware.py", line 177, in __call__
2026-09-10T18:01:00.944649831Z     raise exc
2026-09-10T18:01:00.944651945Z   File "/usr/local/lib/python3.13/site-packages/prometheus_fastapi_instrumentator/middleware.py", line 175, in __call__
2026-09-10T18:01:00.944653939Z     await self.app(scope, receive, send_wrapper)
2026-09-10T18:01:00.944655943Z   File "/usr/local/lib/python3.13/site-packages/starlette/middleware/exceptions.py", line 63, in __call__
2026-09-10T18:01:00.944658488Z     await wrap_app_handling_exceptions(self.app, conn)(scope, receive, send)
2026-09-10T18:01:00.944660833Z   File "/usr/local/lib/python3.13/site-packages/starlette/_exception_handler.py", line 53, in wrapped_app
2026-09-10T18:01:00.944663027Z     raise exc
2026-09-10T18:01:00.944665041Z   File "/usr/local/lib/python3.13/site-packages/starlette/_exception_handler.py", line 42, in wrapped_app
2026-09-10T18:01:00.944666955Z     await app(scope, receive, sender)
2026-09-10T18:01:00.944669039Z   File "/usr/local/lib/python3.13/site-packages/fastapi/middleware/asyncexitstack.py", line 18, in __call__
2026-09-10T18:01:00.944671303Z     await self.app(scope, receive, send)
2026-09-10T18:01:00.944673337Z   File "/usr/local/lib/python3.13/site-packages/starlette/routing.py", line 716, in __call__
2026-09-10T18:01:00.944675361Z     await self.middleware_stack(scope, receive, send)
2026-09-10T18:01:00.944677395Z   File "/usr/local/lib/python3.13/site-packages/starlette/routing.py", line 736, in app
2026-09-10T18:01:00.944679319Z     await route.handle(scope, receive, send)
2026-09-10T18:01:00.944681434Z   File "/usr/local/lib/python3.13/site-packages/starlette/routing.py", line 290, in handle
2026-09-10T18:01:00.944683367Z     await self.app(scope, receive, send)
2026-09-10T18:01:00.944685391Z   File "/usr/local/lib/python3.13/site-packages/fastapi/routing.py", line 134, in app
2026-09-10T18:01:00.944687375Z     await wrap_app_handling_exceptions(app, request)(scope, receive, send)
2026-09-10T18:01:00.944689439Z   File "/usr/local/lib/python3.13/site-packages/starlette/_exception_handler.py", line 53, in wrapped_app
2026-09-10T18:01:00.944691353Z     raise exc
2026-09-10T18:01:00.944693467Z   File "/usr/local/lib/python3.13/site-packages/starlette/_exception_handler.py", line 42, in wrapped_app
2026-09-10T18:01:00.944695451Z     await app(scope, receive, sender)
2026-09-10T18:01:00.944697435Z   File "/usr/local/lib/python3.13/site-packages/fastapi/routing.py", line 120, in app
2026-09-10T18:01:00.944700030Z     response = await f(request)
2026-09-10T18:01:00.944702014Z                ^^^^^^^^^^^^^^^^
2026-09-10T18:01:00.944704008Z   File "/usr/local/lib/python3.13/site-packages/fastapi/routing.py", line 674, in app
2026-09-10T18:01:00.944706042Z     raw_response = await run_endpoint_function(
2026-09-10T18:01:00.944707966Z                    ^^^^^^^^^^^^^^^^^^^^^^^^^^^^
2026-09-10T18:01:00.944710621Z     ...<3 lines>...
2026-09-10T18:01:00.944712706Z     )
2026-09-10T18:01:00.944714710Z     ^
2026-09-10T18:01:00.944716683Z   File "/usr/local/lib/python3.13/site-packages/fastapi/routing.py", line 330, in run_endpoint_function
2026-09-10T18:01:00.944718627Z     return await run_in_threadpool(dependant.call, **values)
2026-09-10T18:01:00.944720621Z            ^^^^^^^^^^^^^^^^^^^^^^^^^^^^^^^^^^^^^^^^^^^^^^^^^
2026-09-10T18:01:00.944736713Z   File "/usr/local/lib/python3.13/site-packages/starlette/concurrency.py", line 32, in run_in_threadpool
2026-09-10T18:01:00.944741352Z     return await anyio.to_thread.run_sync(func)
2026-09-10T18:01:00.944743437Z            ^^^^^^^^^^^^^^^^^^^^^^^^^^^^^^^^^^^^
2026-09-10T18:01:00.944745410Z   File "/usr/local/lib/python3.13/site-packages/anyio/to_thread.py", line 63, in run_sync
2026-09-10T18:01:00.944755460Z     return await get_async_backend().run_sync_in_worker_thread(
2026-09-10T18:01:00.944757484Z            ^^^^^^^^^^^^^^^^^^^^^^^^^^^^^^^^^^^^^^^^^^^^^^^^^^^^
2026-09-10T18:01:00.944759569Z         func, args, abandon_on_cancel=abandon_on_cancel, limiter=limiter
2026-09-10T18:01:00.944761512Z         ^^^^^^^^^^^^^^^^^^^^^^^^^^^^^^^^^^^^^^^^^^^^^^^^^^^^^^^^^^^^^^^^
2026-09-10T18:01:00.944763486Z     )
2026-09-10T18:01:00.944765410Z     ^
2026-09-10T18:01:00.944767454Z   File "/usr/local/lib/python3.13/site-packages/anyio/_backends/_asyncio.py", line 2518, in run_sync_in_worker_thread
2026-09-10T18:01:00.944769378Z     return await future
2026-09-10T18:01:00.944771302Z            ^^^^^^^^^^^^
2026-09-10T18:01:00.944773216Z   File "/usr/local/lib/python3.13/site-packages/anyio/_backends/_asyncio.py", line 1002, in run
2026-09-10T18:01:00.944775149Z     result = context.run(func, *args)
2026-09-10T18:01:00.944777103Z   File "/app/app/routers/orders.py", line 36, in checkout
2026-09-10T18:01:00.944795219Z     return create_order(
2026-09-10T18:01:00.944797313Z         db=db,
2026-09-10T18:01:00.944799277Z     ...<2 lines>...
2026-09-10T18:01:00.944801191Z         correlation_id=correlation_id,
2026-09-10T18:01:00.944803125Z     )
2026-09-10T18:01:00.944805089Z   File "/app/app/services/order_service.py", line 42, in create_order
2026-09-10T18:01:00.944807043Z     result = db.execute(
2026-09-10T18:01:00.944808957Z         select(ProductModel).where(ProductModel.id == product_id)
2026-09-10T18:01:00.944810910Z     )
2026-09-10T18:01:00.944812814Z   File "/usr/local/lib/python3.13/site-packages/sqlalchemy/orm/session.py", line 2372, in execute
2026-09-10T18:01:00.944814718Z     return self._execute_internal(
2026-09-10T18:01:00.944816642Z            ~~~~~~~~~~~~~~~~~~~~~~^
2026-09-10T18:01:00.944818556Z         statement,
2026-09-10T18:01:00.944820479Z         ^^^^^^^^^^
2026-09-10T18:01:00.944822493Z     ...<4 lines>...
2026-09-10T18:01:00.944824407Z         _add_event=_add_event,
2026-09-10T18:01:00.944826381Z         ^^^^^^^^^^^^^^^^^^^^^^
2026-09-10T18:01:00.944828265Z     )
2026-09-10T18:01:00.944830179Z     ^
2026-09-10T18:01:00.944832092Z   File "/usr/local/lib/python3.13/site-packages/sqlalchemy/orm/session.py", line 2260, in _execute_internal
2026-09-10T18:01:00.944834016Z     conn = self._connection_for_bind(bind)
2026-09-10T18:01:00.944835920Z   File "/usr/local/lib/python3.13/site-packages/sqlalchemy/orm/session.py", line 2112, in _connection_for_bind
2026-09-10T18:01:00.944837954Z     return trans._connection_for_bind(engine, execution_options)
2026-09-10T18:01:00.944839898Z            ~~~~~~~~~~~~~~~~~~~~~~~~~~^^^^^^^^^^^^^^^^^^^^^^^^^^^
2026-09-10T18:01:00.944841802Z   File "<string>", line 2, in _connection_for_bind
2026-09-10T18:01:00.944843706Z   File "/usr/local/lib/python3.13/site-packages/sqlalchemy/orm/state_changes.py", line 137, in _go
2026-09-10T18:01:00.944845609Z     ret_value = fn(self, *arg, **kw)
2026-09-10T18:01:00.944847523Z   File "/usr/local/lib/python3.13/site-packages/sqlalchemy/orm/session.py", line 1191, in _connection_for_bind
2026-09-10T18:01:00.944849447Z     conn = bind.connect()
2026-09-10T18:01:00.944851992Z   File "/usr/local/lib/python3.13/site-packages/opentelemetry/instrumentation/sqlalchemy/engine.py", line 200, in _wrap_connect_internal
2026-09-10T18:01:00.944853956Z     return func(*args, **kwargs)
2026-09-10T18:01:00.944855870Z   File "/usr/local/lib/python3.13/site-packages/sqlalchemy/engine/base.py", line 3295, in connect
2026-09-10T18:01:00.944857793Z     return self._connection_cls(self)
2026-09-10T18:01:00.944859697Z            ~~~~~~~~~~~~~~~~~~~~^^^^^^
2026-09-10T18:01:00.944867523Z   File "/usr/local/lib/python3.13/site-packages/sqlalchemy/engine/base.py", line 144, in __init__
2026-09-10T18:01:00.944869537Z     self._dbapi_connection = engine.raw_connection()
2026-09-10T18:01:00.944871441Z                              ~~~~~~~~~~~~~~~~~~~~~^^
2026-09-10T18:01:00.944873334Z   File "/usr/local/lib/python3.13/site-packages/sqlalchemy/engine/base.py", line 3319, in raw_connection
2026-09-10T18:01:00.944875258Z     return self.pool.connect()
2026-09-10T18:01:00.944877172Z            ~~~~~~~~~~~~~~~~~^^
2026-09-10T18:01:00.944879136Z   File "/usr/local/lib/python3.13/site-packages/sqlalchemy/pool/base.py", line 448, in connect
2026-09-10T18:01:00.944881140Z     return _ConnectionFairy._checkout(self)
2026-09-10T18:01:00.944883134Z            ~~~~~~~~~~~~~~~~~~~~~~~~~~^^^^^^
2026-09-10T18:01:00.944885118Z   File "/usr/local/lib/python3.13/site-packages/sqlalchemy/pool/base.py", line 1272, in _checkout
2026-09-10T18:01:00.944887042Z     fairy = _ConnectionRecord.checkout(pool)
2026-09-10T18:01:00.944888955Z   File "/usr/local/lib/python3.13/site-packages/sqlalchemy/pool/base.py", line 712, in checkout
2026-09-10T18:01:00.944890879Z     rec = pool._do_get()
2026-09-10T18:01:00.944892793Z   File "/usr/local/lib/python3.13/site-packages/sqlalchemy/pool/impl.py", line 167, in _do_get
2026-09-10T18:01:00.944894707Z     raise exc.TimeoutError(
2026-09-10T18:01:00.944896621Z     ...<4 lines>...
2026-09-10T18:01:00.944898524Z     )
2026-09-10T18:01:00.944902512Z sqlalchemy.exc.TimeoutError: QueuePool limit of size 5 overflow 10 reached, connection timed out, timeout 30.00 (Background on this error at: https://sqlalche.me/e/20/3o7r)
2026-09-10T18:01:00.993607698Z ERROR:    Exception in ASGI application
2026-09-10T18:01:00.993652777Z Traceback (most recent call last):
2026-09-10T18:01:00.993658970Z   File "/usr/local/lib/python3.13/site-packages/uvicorn/protocols/http/httptools_impl.py", line 421, in run_asgi
2026-09-10T18:01:00.993664831Z     result = await app(  # type: ignore[func-returns-value]
2026-09-10T18:01:00.993669170Z              ^^^^^^^^^^^^^^^^^^^^^^^^^^^^^^^^^^^^^^^^^^^^^^
2026-09-10T18:01:00.993673529Z         self.scope, self.receive, self.send
2026-09-10T18:01:00.993677857Z         ^^^^^^^^^^^^^^^^^^^^^^^^^^^^^^^^^^^
2026-09-10T18:01:00.993682216Z     )
2026-09-10T18:01:00.993686655Z     ^
2026-09-10T18:01:00.993691043Z   File "/usr/local/lib/python3.13/site-packages/uvicorn/middleware/proxy_headers.py", line 63, in __call__
2026-09-10T18:01:00.993695462Z     return await self.app(scope, receive, send)
2026-09-10T18:01:00.993699731Z            ^^^^^^^^^^^^^^^^^^^^^^^^^^^^^^^^^^^^
2026-09-10T18:01:00.993704310Z   File "/usr/local/lib/python3.13/site-packages/fastapi/applications.py", line 1159, in __call__
2026-09-10T18:01:00.993708608Z     await super().__call__(scope, receive, send)
2026-09-10T18:01:00.993712947Z   File "/usr/local/lib/python3.13/site-packages/starlette/applications.py", line 107, in __call__
2026-09-10T18:01:00.993717215Z     await self.middleware_stack(scope, receive, send)
2026-09-10T18:01:00.993721564Z   File "/usr/local/lib/python3.13/site-packages/starlette/middleware/errors.py", line 186, in __call__
2026-09-10T18:01:00.993726003Z     raise exc
2026-09-10T18:01:00.993734129Z   File "/usr/local/lib/python3.13/site-packages/starlette/middleware/errors.py", line 164, in __call__
2026-09-10T18:01:00.993738608Z     await self.app(scope, receive, _send)
2026-09-10T18:01:00.993799388Z   File "/usr/local/lib/python3.13/site-packages/opentelemetry/instrumentation/asgi/__init__.py", line 806, in __call__
2026-09-10T18:01:00.993815651Z     await self.app(scope, otel_receive, otel_send)
2026-09-10T18:01:00.993820270Z   File "/usr/local/lib/python3.13/site-packages/starlette/middleware/errors.py", line 186, in __call__
2026-09-10T18:01:00.993854528Z     raise exc
2026-09-10T18:01:00.993859407Z   File "/usr/local/lib/python3.13/site-packages/starlette/middleware/errors.py", line 164, in __call__
2026-09-10T18:01:00.993863946Z     await self.app(scope, receive, _send)
2026-09-10T18:01:00.993868275Z   File "/usr/local/lib/python3.13/site-packages/opentelemetry/instrumentation/fastapi/__init__.py", line 305, in __call__
2026-09-10T18:01:00.993872544Z     await self.app(scope, receive, send)
2026-09-10T18:01:00.993876872Z   File "/usr/local/lib/python3.13/site-packages/prometheus_fastapi_instrumentator/middleware.py", line 177, in __call__
2026-09-10T18:01:00.993881201Z     raise exc
2026-09-10T18:01:00.993885469Z   File "/usr/local/lib/python3.13/site-packages/prometheus_fastapi_instrumentator/middleware.py", line 175, in __call__
2026-09-10T18:01:00.993889748Z     await self.app(scope, receive, send_wrapper)
2026-09-10T18:01:00.993893986Z   File "/usr/local/lib/python3.13/site-packages/starlette/middleware/exceptions.py", line 63, in __call__
2026-09-10T18:01:00.993899086Z     await wrap_app_handling_exceptions(self.app, conn)(scope, receive, send)
2026-09-10T18:01:00.993903375Z   File "/usr/local/lib/python3.13/site-packages/starlette/_exception_handler.py", line 53, in wrapped_app
2026-09-10T18:01:00.993907663Z     raise exc
2026-09-10T18:01:00.993911932Z   File "/usr/local/lib/python3.13/site-packages/starlette/_exception_handler.py", line 42, in wrapped_app
2026-09-10T18:01:00.993916190Z     await app(scope, receive, sender)
2026-09-10T18:01:00.993920499Z   File "/usr/local/lib/python3.13/site-packages/fastapi/middleware/asyncexitstack.py", line 18, in __call__
2026-09-10T18:01:00.993924787Z     await self.app(scope, receive, send)
2026-09-10T18:01:00.993929086Z   File "/usr/local/lib/python3.13/site-packages/starlette/routing.py", line 716, in __call__
2026-09-10T18:01:00.993933424Z     await self.middleware_stack(scope, receive, send)
2026-09-10T18:01:00.993937723Z   File "/usr/local/lib/python3.13/site-packages/starlette/routing.py", line 736, in app
2026-09-10T18:01:00.993941851Z     await route.handle(scope, receive, send)
2026-09-10T18:01:00.993943755Z   File "/usr/local/lib/python3.13/site-packages/starlette/routing.py", line 290, in handle
2026-09-10T18:01:00.993945659Z     await self.app(scope, receive, send)
2026-09-10T18:01:00.993947703Z   File "/usr/local/lib/python3.13/site-packages/fastapi/routing.py", line 134, in app
2026-09-10T18:01:00.993949627Z     await wrap_app_handling_exceptions(app, request)(scope, receive, send)
2026-09-10T18:01:00.993951610Z   File "/usr/local/lib/python3.13/site-packages/starlette/_exception_handler.py", line 53, in wrapped_app
2026-09-10T18:01:00.993953715Z     raise exc
2026-09-10T18:01:00.993956099Z   File "/usr/local/lib/python3.13/site-packages/starlette/_exception_handler.py", line 42, in wrapped_app
2026-09-10T18:01:00.993958815Z     await app(scope, receive, sender)
2026-09-10T18:01:00.993961189Z   File "/usr/local/lib/python3.13/site-packages/fastapi/routing.py", line 120, in app
2026-09-10T18:01:00.993963905Z     response = await f(request)
2026-09-10T18:01:00.993965849Z                ^^^^^^^^^^^^^^^^
2026-09-10T18:01:00.993967953Z   File "/usr/local/lib/python3.13/site-packages/fastapi/routing.py", line 674, in app
2026-09-10T18:01:00.993970348Z     raw_response = await run_endpoint_function(
2026-09-10T18:01:00.993972782Z                    ^^^^^^^^^^^^^^^^^^^^^^^^^^^^
2026-09-10T18:01:00.993975808Z     ...<3 lines>...
2026-09-10T18:01:00.993977742Z     )
2026-09-10T18:01:00.993979666Z     ^
2026-09-10T18:01:00.993981570Z   File "/usr/local/lib/python3.13/site-packages/fastapi/routing.py", line 330, in run_endpoint_function
2026-09-10T18:01:00.993988373Z     return await run_in_threadpool(dependant.call, **values)
2026-09-10T18:01:00.993991770Z            ^^^^^^^^^^^^^^^^^^^^^^^^^^^^^^^^^^^^^^^^^^^^^^^^^
2026-09-10T18:01:00.994028723Z   File "/usr/local/lib/python3.13/site-packages/starlette/concurrency.py", line 32, in run_in_threadpool
2026-09-10T18:01:00.994033403Z     return await anyio.to_thread.run_sync(func)
2026-09-10T18:01:00.994035517Z            ^^^^^^^^^^^^^^^^^^^^^^^^^^^^^^^^^^^^
2026-09-10T18:01:00.994037451Z   File "/usr/local/lib/python3.13/site-packages/anyio/to_thread.py", line 63, in run_sync
2026-09-10T18:01:00.994039395Z     return await get_async_backend().run_sync_in_worker_thread(
2026-09-10T18:01:00.994041308Z            ^^^^^^^^^^^^^^^^^^^^^^^^^^^^^^^^^^^^^^^^^^^^^^^^^^^^
2026-09-10T18:01:00.994043232Z         func, args, abandon_on_cancel=abandon_on_cancel, limiter=limiter
2026-09-10T18:01:00.994045146Z         ^^^^^^^^^^^^^^^^^^^^^^^^^^^^^^^^^^^^^^^^^^^^^^^^^^^^^^^^^^^^^^^^
2026-09-10T18:01:00.994047130Z     )
2026-09-10T18:01:00.994049074Z     ^
2026-09-10T18:01:00.994050998Z   File "/usr/local/lib/python3.13/site-packages/anyio/_backends/_asyncio.py", line 2518, in run_sync_in_worker_thread
2026-09-10T18:01:00.994052932Z     return await future
2026-09-10T18:01:00.994054845Z            ^^^^^^^^^^^^
2026-09-10T18:01:00.994056809Z   File "/usr/local/lib/python3.13/site-packages/anyio/_backends/_asyncio.py", line 1002, in run
2026-09-10T18:01:00.994058733Z     result = context.run(func, *args)
2026-09-10T18:01:00.994060627Z   File "/app/app/routers/orders.py", line 36, in checkout
2026-09-10T18:01:00.994062581Z     return create_order(
2026-09-10T18:01:00.994064545Z         db=db,
2026-09-10T18:01:00.994066498Z     ...<2 lines>...
2026-09-10T18:01:00.994068412Z         correlation_id=correlation_id,
2026-09-10T18:01:00.994070346Z     )
2026-09-10T18:01:00.994072320Z   File "/app/app/services/order_service.py", line 42, in create_order
2026-09-10T18:01:00.994074274Z     result = db.execute(
2026-09-10T18:01:00.994076248Z         select(ProductModel).where(ProductModel.id == product_id)
2026-09-10T18:01:00.994078202Z     )
2026-09-10T18:01:00.994080105Z   File "/usr/local/lib/python3.13/site-packages/sqlalchemy/orm/session.py", line 2372, in execute
2026-09-10T18:01:00.994082059Z     return self._execute_internal(
2026-09-10T18:01:00.994083973Z            ~~~~~~~~~~~~~~~~~~~~~~^
2026-09-10T18:01:00.994085907Z         statement,
2026-09-10T18:01:00.994087821Z         ^^^^^^^^^^
2026-09-10T18:01:00.994089745Z     ...<4 lines>...
2026-09-10T18:01:00.994091658Z         _add_event=_add_event,
2026-09-10T18:01:00.994093572Z         ^^^^^^^^^^^^^^^^^^^^^^
2026-09-10T18:01:00.994095466Z     )
2026-09-10T18:01:00.994097400Z     ^
2026-09-10T18:01:00.994099334Z   File "/usr/local/lib/python3.13/site-packages/sqlalchemy/orm/session.py", line 2260, in _execute_internal
2026-09-10T18:01:00.994101247Z     conn = self._connection_for_bind(bind)
2026-09-10T18:01:00.994103151Z   File "/usr/local/lib/python3.13/site-packages/sqlalchemy/orm/session.py", line 2112, in _connection_for_bind
2026-09-10T18:01:00.994105095Z     return trans._connection_for_bind(engine, execution_options)
2026-09-10T18:01:00.994107009Z            ~~~~~~~~~~~~~~~~~~~~~~~~~~^^^^^^^^^^^^^^^^^^^^^^^^^^^
2026-09-10T18:01:00.994108963Z   File "<string>", line 2, in _connection_for_bind
2026-09-10T18:01:00.994110866Z   File "/usr/local/lib/python3.13/site-packages/sqlalchemy/orm/state_changes.py", line 137, in _go
2026-09-10T18:01:00.994112780Z     ret_value = fn(self, *arg, **kw)
2026-09-10T18:01:00.994123952Z   File "/usr/local/lib/python3.13/site-packages/sqlalchemy/orm/session.py", line 1191, in _connection_for_bind
2026-09-10T18:01:00.994125946Z     conn = bind.connect()
2026-09-10T18:01:00.994128311Z   File "/usr/local/lib/python3.13/site-packages/opentelemetry/instrumentation/sqlalchemy/engine.py", line 200, in _wrap_connect_internal
2026-09-10T18:01:00.994130245Z     return func(*args, **kwargs)
2026-09-10T18:01:00.994132149Z   File "/usr/local/lib/python3.13/site-packages/sqlalchemy/engine/base.py", line 3295, in connect
2026-09-10T18:01:00.994134073Z     return self._connection_cls(self)
2026-09-10T18:01:00.994136016Z            ~~~~~~~~~~~~~~~~~~~~^^^^^^
2026-09-10T18:01:00.994137910Z   File "/usr/local/lib/python3.13/site-packages/sqlalchemy/engine/base.py", line 144, in __init__
2026-09-10T18:01:00.994142419Z     self._dbapi_connection = engine.raw_connection()
2026-09-10T18:01:00.994144403Z                              ~~~~~~~~~~~~~~~~~~~~~^^
2026-09-10T18:01:00.994146317Z   File "/usr/local/lib/python3.13/site-packages/sqlalchemy/engine/base.py", line 3319, in raw_connection
2026-09-10T18:01:00.994148231Z     return self.pool.connect()
2026-09-10T18:01:00.994150144Z            ~~~~~~~~~~~~~~~~~^^
2026-09-10T18:01:00.994152138Z   File "/usr/local/lib/python3.13/site-packages/sqlalchemy/pool/base.py", line 448, in connect
2026-09-10T18:01:00.994154062Z     return _ConnectionFairy._checkout(self)
2026-09-10T18:01:00.994155986Z            ~~~~~~~~~~~~~~~~~~~~~~~~~~^^^^^^
2026-09-10T18:01:00.994157890Z   File "/usr/local/lib/python3.13/site-packages/sqlalchemy/pool/base.py", line 1272, in _checkout
2026-09-10T18:01:00.994159814Z     fairy = _ConnectionRecord.checkout(pool)
2026-09-10T18:01:00.994161717Z   File "/usr/local/lib/python3.13/site-packages/sqlalchemy/pool/base.py", line 712, in checkout
2026-09-10T18:01:00.994163631Z     rec = pool._do_get()
2026-09-10T18:01:00.994165545Z   File "/usr/local/lib/python3.13/site-packages/sqlalchemy/pool/impl.py", line 167, in _do_get
2026-09-10T18:01:00.994182148Z     raise exc.TimeoutError(
2026-09-10T18:01:00.994184162Z     ...<4 lines>...
2026-09-10T18:01:00.994186086Z     )
2026-09-10T18:01:00.994189783Z sqlalchemy.exc.TimeoutError: QueuePool limit of size 5 overflow 10 reached, connection timed out, timeout 30.00 (Background on this error at: https://sqlalche.me/e/20/3o7r)
2026-09-10T18:01:01.000126645Z ERROR:    Exception in ASGI application
2026-09-10T18:01:01.000160472Z Traceback (most recent call last):
2026-09-10T18:01:01.000163307Z   File "/usr/local/lib/python3.13/site-packages/uvicorn/protocols/http/httptools_impl.py", line 421, in run_asgi
2026-09-10T18:01:01.000165873Z     result = await app(  # type: ignore[func-returns-value]
2026-09-10T18:01:01.000167866Z              ^^^^^^^^^^^^^^^^^^^^^^^^^^^^^^^^^^^^^^^^^^^^^^
2026-09-10T18:01:01.000169941Z         self.scope, self.receive, self.send
2026-09-10T18:01:01.000172255Z         ^^^^^^^^^^^^^^^^^^^^^^^^^^^^^^^^^^^
2026-09-10T18:01:01.000174219Z     )
2026-09-10T18:01:01.000176203Z     ^
2026-09-10T18:01:01.000178097Z   File "/usr/local/lib/python3.13/site-packages/uvicorn/middleware/proxy_headers.py", line 63, in __call__
2026-09-10T18:01:01.000180041Z     return await self.app(scope, receive, send)
2026-09-10T18:01:01.000181964Z            ^^^^^^^^^^^^^^^^^^^^^^^^^^^^^^^^^^^^
2026-09-10T18:01:01.000184349Z   File "/usr/local/lib/python3.13/site-packages/fastapi/applications.py", line 1159, in __call__
2026-09-10T18:01:01.000186243Z     await super().__call__(scope, receive, send)
2026-09-10T18:01:01.000188157Z   File "/usr/local/lib/python3.13/site-packages/starlette/applications.py", line 107, in __call__
2026-09-10T18:01:01.000207996Z     await self.middleware_stack(scope, receive, send)
2026-09-10T18:01:01.000210000Z   File "/usr/local/lib/python3.13/site-packages/starlette/middleware/errors.py", line 186, in __call__
2026-09-10T18:01:01.000211984Z     raise exc
2026-09-10T18:01:01.000213898Z   File "/usr/local/lib/python3.13/site-packages/starlette/middleware/errors.py", line 164, in __call__
2026-09-10T18:01:01.000215822Z     await self.app(scope, receive, _send)
2026-09-10T18:01:01.000218226Z   File "/usr/local/lib/python3.13/site-packages/opentelemetry/instrumentation/asgi/__init__.py", line 806, in __call__
2026-09-10T18:01:01.000220140Z     await self.app(scope, otel_receive, otel_send)
2026-09-10T18:01:01.000222064Z   File "/usr/local/lib/python3.13/site-packages/starlette/middleware/errors.py", line 186, in __call__
2026-09-10T18:01:01.000223998Z     raise exc
2026-09-10T18:01:01.000225902Z   File "/usr/local/lib/python3.13/site-packages/starlette/middleware/errors.py", line 164, in __call__
2026-09-10T18:01:01.000227815Z     await self.app(scope, receive, _send)
2026-09-10T18:01:01.000229709Z   File "/usr/local/lib/python3.13/site-packages/opentelemetry/instrumentation/fastapi/__init__.py", line 305, in __call__
2026-09-10T18:01:01.000231653Z     await self.app(scope, receive, send)
2026-09-10T18:01:01.000233567Z   File "/usr/local/lib/python3.13/site-packages/prometheus_fastapi_instrumentator/middleware.py", line 177, in __call__
2026-09-10T18:01:01.000235481Z     raise exc
2026-09-10T18:01:01.000237384Z   File "/usr/local/lib/python3.13/site-packages/prometheus_fastapi_instrumentator/middleware.py", line 175, in __call__
2026-09-10T18:01:01.000239328Z     await self.app(scope, receive, send_wrapper)
2026-09-10T18:01:01.000241232Z   File "/usr/local/lib/python3.13/site-packages/starlette/middleware/exceptions.py", line 63, in __call__
2026-09-10T18:01:01.000243937Z     await wrap_app_handling_exceptions(self.app, conn)(scope, receive, send)
2026-09-10T18:01:01.000245831Z   File "/usr/local/lib/python3.13/site-packages/starlette/_exception_handler.py", line 53, in wrapped_app
2026-09-10T18:01:01.000247755Z     raise exc
2026-09-10T18:01:01.000249629Z   File "/usr/local/lib/python3.13/site-packages/starlette/_exception_handler.py", line 42, in wrapped_app
2026-09-10T18:01:01.000251522Z     await app(scope, receive, sender)
2026-09-10T18:01:01.000253496Z   File "/usr/local/lib/python3.13/site-packages/fastapi/middleware/asyncexitstack.py", line 18, in __call__
2026-09-10T18:01:01.000255410Z     await self.app(scope, receive, send)
2026-09-10T18:01:01.000257334Z   File "/usr/local/lib/python3.13/site-packages/starlette/routing.py", line 716, in __call__
2026-09-10T18:01:01.000259248Z     await self.middleware_stack(scope, receive, send)
2026-09-10T18:01:01.000261302Z   File "/usr/local/lib/python3.13/site-packages/starlette/routing.py", line 736, in app
2026-09-10T18:01:01.000263246Z     await route.handle(scope, receive, send)
2026-09-10T18:01:01.000265180Z   File "/usr/local/lib/python3.13/site-packages/starlette/routing.py", line 290, in handle
2026-09-10T18:01:01.000267093Z     await self.app(scope, receive, send)
2026-09-10T18:01:01.000269007Z   File "/usr/local/lib/python3.13/site-packages/fastapi/routing.py", line 134, in app
2026-09-10T18:01:01.000270911Z     await wrap_app_handling_exceptions(app, request)(scope, receive, send)
2026-09-10T18:01:01.000272815Z   File "/usr/local/lib/python3.13/site-packages/starlette/_exception_handler.py", line 53, in wrapped_app
2026-09-10T18:01:01.000274759Z     raise exc
2026-09-10T18:01:01.000276662Z   File "/usr/local/lib/python3.13/site-packages/starlette/_exception_handler.py", line 42, in wrapped_app
2026-09-10T18:01:01.000278586Z     await app(scope, receive, sender)
2026-09-10T18:01:01.000286342Z   File "/usr/local/lib/python3.13/site-packages/fastapi/routing.py", line 120, in app
2026-09-10T18:01:01.000289097Z     response = await f(request)
2026-09-10T18:01:01.000291021Z                ^^^^^^^^^^^^^^^^
2026-09-10T18:01:01.000292935Z   File "/usr/local/lib/python3.13/site-packages/fastapi/routing.py", line 674, in app
2026-09-10T18:01:01.000294848Z     raw_response = await run_endpoint_function(
2026-09-10T18:01:01.000296762Z                    ^^^^^^^^^^^^^^^^^^^^^^^^^^^^
2026-09-10T18:01:01.000299187Z     ...<3 lines>...
2026-09-10T18:01:01.000301121Z     )
2026-09-10T18:01:01.000303045Z     ^
2026-09-10T18:01:01.000304969Z   File "/usr/local/lib/python3.13/site-packages/fastapi/routing.py", line 330, in run_endpoint_function
2026-09-10T18:01:01.000306882Z     return await run_in_threadpool(dependant.call, **values)
2026-09-10T18:01:01.000308806Z            ^^^^^^^^^^^^^^^^^^^^^^^^^^^^^^^^^^^^^^^^^^^^^^^^^
2026-09-10T18:01:01.000314598Z   File "/usr/local/lib/python3.13/site-packages/starlette/concurrency.py", line 32, in run_in_threadpool
2026-09-10T18:01:01.000316642Z     return await anyio.to_thread.run_sync(func)
2026-09-10T18:01:01.000318596Z            ^^^^^^^^^^^^^^^^^^^^^^^^^^^^^^^^^^^^
2026-09-10T18:01:01.000320519Z   File "/usr/local/lib/python3.13/site-packages/anyio/to_thread.py", line 63, in run_sync
2026-09-10T18:01:01.000322453Z     return await get_async_backend().run_sync_in_worker_thread(
2026-09-10T18:01:01.000324387Z            ^^^^^^^^^^^^^^^^^^^^^^^^^^^^^^^^^^^^^^^^^^^^^^^^^^^^
2026-09-10T18:01:01.000326301Z         func, args, abandon_on_cancel=abandon_on_cancel, limiter=limiter
2026-09-10T18:01:01.000328225Z         ^^^^^^^^^^^^^^^^^^^^^^^^^^^^^^^^^^^^^^^^^^^^^^^^^^^^^^^^^^^^^^^^
2026-09-10T18:01:01.000330149Z     )
2026-09-10T18:01:01.000332082Z     ^
2026-09-10T18:01:01.000334016Z   File "/usr/local/lib/python3.13/site-packages/anyio/_backends/_asyncio.py", line 2518, in run_sync_in_worker_thread
2026-09-10T18:01:01.000336251Z     return await future
2026-09-10T18:01:01.000338204Z            ^^^^^^^^^^^^
2026-09-10T18:01:01.000340098Z   File "/usr/local/lib/python3.13/site-packages/anyio/_backends/_asyncio.py", line 1002, in run
2026-09-10T18:01:01.000342022Z     result = context.run(func, *args)
2026-09-10T18:01:01.000343946Z   File "/app/app/routers/orders.py", line 36, in checkout
2026-09-10T18:01:01.000345880Z     return create_order(
2026-09-10T18:01:01.000347814Z         db=db,
2026-09-10T18:01:01.000349828Z     ...<2 lines>...
2026-09-10T18:01:01.000351741Z         correlation_id=correlation_id,
2026-09-10T18:01:01.000353645Z     )
2026-09-10T18:01:01.000355609Z   File "/app/app/services/order_service.py", line 42, in create_order
2026-09-10T18:01:01.000357553Z     result = db.execute(
2026-09-10T18:01:01.000359497Z         select(ProductModel).where(ProductModel.id == product_id)
2026-09-10T18:01:01.000361411Z     )
2026-09-10T18:01:01.000363314Z   File "/usr/local/lib/python3.13/site-packages/sqlalchemy/orm/session.py", line 2372, in execute
2026-09-10T18:01:01.000365228Z     return self._execute_internal(
2026-09-10T18:01:01.000367152Z            ~~~~~~~~~~~~~~~~~~~~~~^
2026-09-10T18:01:01.000369066Z         statement,
2026-09-10T18:01:01.000370990Z         ^^^^^^^^^^
2026-09-10T18:01:01.000372933Z     ...<4 lines>...
2026-09-10T18:01:01.000374847Z         _add_event=_add_event,
2026-09-10T18:01:01.000376751Z         ^^^^^^^^^^^^^^^^^^^^^^
2026-09-10T18:01:01.000378665Z     )
2026-09-10T18:01:01.000380579Z     ^
2026-09-10T18:01:01.000382492Z   File "/usr/local/lib/python3.13/site-packages/sqlalchemy/orm/session.py", line 2260, in _execute_internal
2026-09-10T18:01:01.000389396Z     conn = self._connection_for_bind(bind)
2026-09-10T18:01:01.000391370Z   File "/usr/local/lib/python3.13/site-packages/sqlalchemy/orm/session.py", line 2112, in _connection_for_bind
2026-09-10T18:01:01.000393284Z     return trans._connection_for_bind(engine, execution_options)
2026-09-10T18:01:01.000395198Z            ~~~~~~~~~~~~~~~~~~~~~~~~~~^^^^^^^^^^^^^^^^^^^^^^^^^^^
2026-09-10T18:01:01.000397101Z   File "<string>", line 2, in _connection_for_bind
2026-09-10T18:01:01.000398995Z   File "/usr/local/lib/python3.13/site-packages/sqlalchemy/orm/state_changes.py", line 137, in _go
2026-09-10T18:01:01.000400999Z     ret_value = fn(self, *arg, **kw)
2026-09-10T18:01:01.000402913Z   File "/usr/local/lib/python3.13/site-packages/sqlalchemy/orm/session.py", line 1191, in _connection_for_bind
2026-09-10T18:01:01.000404917Z     conn = bind.connect()
2026-09-10T18:01:01.000407352Z   File "/usr/local/lib/python3.13/site-packages/opentelemetry/instrumentation/sqlalchemy/engine.py", line 200, in _wrap_connect_internal
2026-09-10T18:01:01.000409286Z     return func(*args, **kwargs)
2026-09-10T18:01:01.000411229Z   File "/usr/local/lib/python3.13/site-packages/sqlalchemy/engine/base.py", line 3295, in connect
2026-09-10T18:01:01.000413163Z     return self._connection_cls(self)
2026-09-10T18:01:01.000415077Z            ~~~~~~~~~~~~~~~~~~~~^^^^^^
2026-09-10T18:01:01.000417011Z   File "/usr/local/lib/python3.13/site-packages/sqlalchemy/engine/base.py", line 144, in __init__
2026-09-10T18:01:01.000418925Z     self._dbapi_connection = engine.raw_connection()
2026-09-10T18:01:01.000420859Z                              ~~~~~~~~~~~~~~~~~~~~~^^
2026-09-10T18:01:01.000422772Z   File "/usr/local/lib/python3.13/site-packages/sqlalchemy/engine/base.py", line 3319, in raw_connection
2026-09-10T18:01:01.000424676Z     return self.pool.connect()
2026-09-10T18:01:01.000426600Z            ~~~~~~~~~~~~~~~~~^^
2026-09-10T18:01:01.000428544Z   File "/usr/local/lib/python3.13/site-packages/sqlalchemy/pool/base.py", line 448, in connect
2026-09-10T18:01:01.000430478Z     return _ConnectionFairy._checkout(self)
2026-09-10T18:01:01.000432391Z            ~~~~~~~~~~~~~~~~~~~~~~~~~~^^^^^^
2026-09-10T18:01:01.000434305Z   File "/usr/local/lib/python3.13/site-packages/sqlalchemy/pool/base.py", line 1272, in _checkout
2026-09-10T18:01:01.000436219Z     fairy = _ConnectionRecord.checkout(pool)
2026-09-10T18:01:01.000438143Z   File "/usr/local/lib/python3.13/site-packages/sqlalchemy/pool/base.py", line 712, in checkout
2026-09-10T18:01:01.000440067Z     rec = pool._do_get()
2026-09-10T18:01:01.000441970Z   File "/usr/local/lib/python3.13/site-packages/sqlalchemy/pool/impl.py", line 167, in _do_get
2026-09-10T18:01:01.000443914Z     raise exc.TimeoutError(
2026-09-10T18:01:01.000445818Z     ...<4 lines>...
2026-09-10T18:01:01.000447742Z     )
2026-09-10T18:01:01.000450177Z sqlalchemy.exc.TimeoutError: QueuePool limit of size 5 overflow 10 reached, connection timed out, timeout 30.00 (Background on this error at: https://sqlalche.me/e/20/3o7r)
2026-09-10T18:01:01.103461762Z ERROR:    Exception in ASGI application
2026-09-10T18:01:01.103532402Z Traceback (most recent call last):
2026-09-10T18:01:01.103544616Z   File "/usr/local/lib/python3.13/site-packages/uvicorn/protocols/http/httptools_impl.py", line 421, in run_asgi
2026-09-10T18:01:01.103550037Z     result = await app(  # type: ignore[func-returns-value]
2026-09-10T18:01:01.103554395Z              ^^^^^^^^^^^^^^^^^^^^^^^^^^^^^^^^^^^^^^^^^^^^^^
2026-09-10T18:01:01.103559045Z         self.scope, self.receive, self.send
2026-09-10T18:01:01.103563383Z         ^^^^^^^^^^^^^^^^^^^^^^^^^^^^^^^^^^^
2026-09-10T18:01:01.103615827Z     )
2026-09-10T18:01:01.103620466Z     ^
2026-09-10T18:01:01.103624855Z   File "/usr/local/lib/python3.13/site-packages/uvicorn/middleware/proxy_headers.py", line 63, in __call__
2026-09-10T18:01:01.103629184Z     return await self.app(scope, receive, send)
2026-09-10T18:01:01.103633502Z            ^^^^^^^^^^^^^^^^^^^^^^^^^^^^^^^^^^^^
2026-09-10T18:01:01.103638432Z   File "/usr/local/lib/python3.13/site-packages/fastapi/applications.py", line 1159, in __call__
2026-09-10T18:01:01.103642771Z     await super().__call__(scope, receive, send)
2026-09-10T18:01:01.103647049Z   File "/usr/local/lib/python3.13/site-packages/starlette/applications.py", line 107, in __call__
2026-09-10T18:01:01.103651338Z     await self.middleware_stack(scope, receive, send)
2026-09-10T18:01:01.103655586Z   File "/usr/local/lib/python3.13/site-packages/starlette/middleware/errors.py", line 186, in __call__
2026-09-10T18:01:01.103659935Z     raise exc
2026-09-10T18:01:01.103664193Z   File "/usr/local/lib/python3.13/site-packages/starlette/middleware/errors.py", line 164, in __call__
2026-09-10T18:01:01.103668502Z     await self.app(scope, receive, _send)
2026-09-10T18:01:01.103673381Z   File "/usr/local/lib/python3.13/site-packages/opentelemetry/instrumentation/asgi/__init__.py", line 806, in __call__
2026-09-10T18:01:01.103677730Z     await self.app(scope, otel_receive, otel_send)
2026-09-10T18:01:01.103682119Z   File "/usr/local/lib/python3.13/site-packages/starlette/middleware/errors.py", line 186, in __call__
2026-09-10T18:01:01.103702239Z     raise exc
2026-09-10T18:01:01.103706658Z   File "/usr/local/lib/python3.13/site-packages/starlette/middleware/errors.py", line 164, in __call__
2026-09-10T18:01:01.103710976Z     await self.app(scope, receive, _send)
2026-09-10T18:01:01.103715265Z   File "/usr/local/lib/python3.13/site-packages/opentelemetry/instrumentation/fastapi/__init__.py", line 305, in __call__
2026-09-10T18:01:01.103719563Z     await self.app(scope, receive, send)
2026-09-10T18:01:01.103723852Z   File "/usr/local/lib/python3.13/site-packages/prometheus_fastapi_instrumentator/middleware.py", line 177, in __call__
2026-09-10T18:01:01.103728180Z     raise exc
2026-09-10T18:01:01.103732519Z   File "/usr/local/lib/python3.13/site-packages/prometheus_fastapi_instrumentator/middleware.py", line 175, in __call__
2026-09-10T18:01:01.103736817Z     await self.app(scope, receive, send_wrapper)
2026-09-10T18:01:01.103741106Z   File "/usr/local/lib/python3.13/site-packages/starlette/middleware/exceptions.py", line 63, in __call__
2026-09-10T18:01:01.103745956Z     await wrap_app_handling_exceptions(self.app, conn)(scope, receive, send)
2026-09-10T18:01:01.103750304Z   File "/usr/local/lib/python3.13/site-packages/starlette/_exception_handler.py", line 53, in wrapped_app
2026-09-10T18:01:01.103754663Z     raise exc
2026-09-10T18:01:01.103758991Z   File "/usr/local/lib/python3.13/site-packages/starlette/_exception_handler.py", line 42, in wrapped_app
2026-09-10T18:01:01.103763330Z     await app(scope, receive, sender)
2026-09-10T18:01:01.103767659Z   File "/usr/local/lib/python3.13/site-packages/fastapi/middleware/asyncexitstack.py", line 18, in __call__
2026-09-10T18:01:01.103771907Z     await self.app(scope, receive, send)
2026-09-10T18:01:01.103776175Z   File "/usr/local/lib/python3.13/site-packages/starlette/routing.py", line 716, in __call__
2026-09-10T18:01:01.103780494Z     await self.middleware_stack(scope, receive, send)
2026-09-10T18:01:01.103784783Z   File "/usr/local/lib/python3.13/site-packages/starlette/routing.py", line 736, in app
2026-09-10T18:01:01.103789041Z     await route.handle(scope, receive, send)
2026-09-10T18:01:01.103793740Z   File "/usr/local/lib/python3.13/site-packages/starlette/routing.py", line 290, in handle
2026-09-10T18:01:01.103808910Z     await self.app(scope, receive, send)
2026-09-10T18:01:01.103813339Z   File "/usr/local/lib/python3.13/site-packages/fastapi/routing.py", line 134, in app
2026-09-10T18:01:01.103817598Z     await wrap_app_handling_exceptions(app, request)(scope, receive, send)
2026-09-10T18:01:01.103821876Z   File "/usr/local/lib/python3.13/site-packages/starlette/_exception_handler.py", line 53, in wrapped_app
2026-09-10T18:01:01.103826125Z     raise exc
2026-09-10T18:01:01.103830403Z   File "/usr/local/lib/python3.13/site-packages/starlette/_exception_handler.py", line 42, in wrapped_app
2026-09-10T18:01:01.103834682Z     await app(scope, receive, sender)
2026-09-10T18:01:01.103838910Z   File "/usr/local/lib/python3.13/site-packages/fastapi/routing.py", line 120, in app
2026-09-10T18:01:01.103843950Z     response = await f(request)
2026-09-10T18:01:01.103848259Z                ^^^^^^^^^^^^^^^^
2026-09-10T18:01:01.103852617Z   File "/usr/local/lib/python3.13/site-packages/fastapi/routing.py", line 674, in app
2026-09-10T18:01:01.103856896Z     raw_response = await run_endpoint_function(
2026-09-10T18:01:01.103861184Z                    ^^^^^^^^^^^^^^^^^^^^^^^^^^^^
2026-09-10T18:01:01.103866204Z     ...<3 lines>...
2026-09-10T18:01:01.103870463Z     )
2026-09-10T18:01:01.103874771Z     ^
2026-09-10T18:01:01.103879130Z   File "/usr/local/lib/python3.13/site-packages/fastapi/routing.py", line 330, in run_endpoint_function
2026-09-10T18:01:01.103883458Z     return await run_in_threadpool(dependant.call, **values)
2026-09-10T18:01:01.103887747Z            ^^^^^^^^^^^^^^^^^^^^^^^^^^^^^^^^^^^^^^^^^^^^^^^^^
2026-09-10T18:01:01.103958898Z   File "/usr/local/lib/python3.13/site-packages/starlette/concurrency.py", line 32, in run_in_threadpool
2026-09-10T18:01:01.103968888Z     return await anyio.to_thread.run_sync(func)
2026-09-10T18:01:01.103973367Z            ^^^^^^^^^^^^^^^^^^^^^^^^^^^^^^^^^^^^
2026-09-10T18:01:01.103977986Z   File "/usr/local/lib/python3.13/site-packages/anyio/to_thread.py", line 63, in run_sync
2026-09-10T18:01:01.103982425Z     return await get_async_backend().run_sync_in_worker_thread(
2026-09-10T18:01:01.103986723Z            ^^^^^^^^^^^^^^^^^^^^^^^^^^^^^^^^^^^^^^^^^^^^^^^^^^^^
2026-09-10T18:01:01.103991012Z         func, args, abandon_on_cancel=abandon_on_cancel, limiter=limiter
2026-09-10T18:01:01.103995350Z         ^^^^^^^^^^^^^^^^^^^^^^^^^^^^^^^^^^^^^^^^^^^^^^^^^^^^^^^^^^^^^^^^
2026-09-10T18:01:01.103999649Z     )
2026-09-10T18:01:01.104003998Z     ^
2026-09-10T18:01:01.104008286Z   File "/usr/local/lib/python3.13/site-packages/anyio/_backends/_asyncio.py", line 2518, in run_sync_in_worker_thread
2026-09-10T18:01:01.104012585Z     return await future
2026-09-10T18:01:01.104016963Z            ^^^^^^^^^^^^
2026-09-10T18:01:01.104021272Z   File "/usr/local/lib/python3.13/site-packages/anyio/_backends/_asyncio.py", line 1002, in run
2026-09-10T18:01:01.104025600Z     result = context.run(func, *args)
2026-09-10T18:01:01.104063095Z   File "/app/app/routers/orders.py", line 36, in checkout
2026-09-10T18:01:01.104072974Z     return create_order(
2026-09-10T18:01:01.104077473Z         db=db,
2026-09-10T18:01:01.104081892Z     ...<2 lines>...
2026-09-10T18:01:01.104086221Z         correlation_id=correlation_id,
2026-09-10T18:01:01.104090840Z     )
2026-09-10T18:01:01.104095449Z   File "/app/app/services/order_service.py", line 42, in create_order
2026-09-10T18:01:01.104099888Z     result = db.execute(
2026-09-10T18:01:01.104104257Z         select(ProductModel).where(ProductModel.id == product_id)
2026-09-10T18:01:01.104108615Z     )
2026-09-10T18:01:01.104112974Z   File "/usr/local/lib/python3.13/site-packages/sqlalchemy/orm/session.py", line 2372, in execute
2026-09-10T18:01:01.104135158Z     return self._execute_internal(
2026-09-10T18:01:01.104139627Z            ~~~~~~~~~~~~~~~~~~~~~~^
2026-09-10T18:01:01.104144015Z         statement,
2026-09-10T18:01:01.104148364Z         ^^^^^^^^^^
2026-09-10T18:01:01.104152643Z     ...<4 lines>...
2026-09-10T18:01:01.104156991Z         _add_event=_add_event,
2026-09-10T18:01:01.104161280Z         ^^^^^^^^^^^^^^^^^^^^^^
2026-09-10T18:01:01.104165578Z     )
2026-09-10T18:01:01.104169897Z     ^
2026-09-10T18:01:01.104174185Z   File "/usr/local/lib/python3.13/site-packages/sqlalchemy/orm/session.py", line 2260, in _execute_internal
2026-09-10T18:01:01.104178594Z     conn = self._connection_for_bind(bind)
2026-09-10T18:01:01.104183043Z   File "/usr/local/lib/python3.13/site-packages/sqlalchemy/orm/session.py", line 2112, in _connection_for_bind
2026-09-10T18:01:01.104187331Z     return trans._connection_for_bind(engine, execution_options)
2026-09-10T18:01:01.104191610Z            ~~~~~~~~~~~~~~~~~~~~~~~~~~^^^^^^^^^^^^^^^^^^^^^^^^^^^
2026-09-10T18:01:01.104195959Z   File "<string>", line 2, in _connection_for_bind
2026-09-10T18:01:01.104199125Z   File "/usr/local/lib/python3.13/site-packages/sqlalchemy/orm/state_changes.py", line 137, in _go
2026-09-10T18:01:01.104201069Z     ret_value = fn(self, *arg, **kw)
2026-09-10T18:01:01.104202982Z   File "/usr/local/lib/python3.13/site-packages/sqlalchemy/orm/session.py", line 1191, in _connection_for_bind
2026-09-10T18:01:01.104204936Z     conn = bind.connect()
2026-09-10T18:01:01.104207511Z   File "/usr/local/lib/python3.13/site-packages/opentelemetry/instrumentation/sqlalchemy/engine.py", line 200, in _wrap_connect_internal
2026-09-10T18:01:01.104209415Z     return func(*args, **kwargs)
2026-09-10T18:01:01.104211770Z   File "/usr/local/lib/python3.13/site-packages/sqlalchemy/engine/base.py", line 3295, in connect
2026-09-10T18:01:01.104214175Z     return self._connection_cls(self)
2026-09-10T18:01:01.104216610Z            ~~~~~~~~~~~~~~~~~~~~^^^^^^
2026-09-10T18:01:01.104219024Z   File "/usr/local/lib/python3.13/site-packages/sqlalchemy/engine/base.py", line 144, in __init__
2026-09-10T18:01:01.104220928Z     self._dbapi_connection = engine.raw_connection()
2026-09-10T18:01:01.104222862Z                              ~~~~~~~~~~~~~~~~~~~~~^^
2026-09-10T18:01:01.104225146Z   File "/usr/local/lib/python3.13/site-packages/sqlalchemy/engine/base.py", line 3319, in raw_connection
2026-09-10T18:01:01.104227521Z     return self.pool.connect()
2026-09-10T18:01:01.104229886Z            ~~~~~~~~~~~~~~~~~^^
2026-09-10T18:01:01.104232210Z   File "/usr/local/lib/python3.13/site-packages/sqlalchemy/pool/base.py", line 448, in connect
2026-09-10T18:01:01.104234174Z     return _ConnectionFairy._checkout(self)
2026-09-10T18:01:01.104236068Z            ~~~~~~~~~~~~~~~~~~~~~~~~~~^^^^^^
2026-09-10T18:01:01.104237942Z   File "/usr/local/lib/python3.13/site-packages/sqlalchemy/pool/base.py", line 1272, in _checkout
2026-09-10T18:01:01.104239866Z     fairy = _ConnectionRecord.checkout(pool)
2026-09-10T18:01:01.104241759Z   File "/usr/local/lib/python3.13/site-packages/sqlalchemy/pool/base.py", line 712, in checkout
2026-09-10T18:01:01.104243663Z     rec = pool._do_get()
2026-09-10T18:01:01.104245567Z   File "/usr/local/lib/python3.13/site-packages/sqlalchemy/pool/impl.py", line 167, in _do_get
2026-09-10T18:01:01.104247461Z     raise exc.TimeoutError(
2026-09-10T18:01:01.104249354Z     ...<4 lines>...
2026-09-10T18:01:01.104251258Z     )
2026-09-10T18:01:01.104256669Z sqlalchemy.exc.TimeoutError: QueuePool limit of size 5 overflow 10 reached, connection timed out, timeout 30.00 (Background on this error at: https://sqlalche.me/e/20/3o7r)
2026-09-10T18:01:01.608345166Z ERROR:    Exception in ASGI application
2026-09-10T18:01:01.608388532Z Traceback (most recent call last):
2026-09-10T18:01:01.608394093Z   File "/usr/local/lib/python3.13/site-packages/uvicorn/protocols/http/httptools_impl.py", line 421, in run_asgi
2026-09-10T18:01:01.608399143Z     result = await app(  # type: ignore[func-returns-value]
2026-09-10T18:01:01.608403501Z              ^^^^^^^^^^^^^^^^^^^^^^^^^^^^^^^^^^^^^^^^^^^^^^
2026-09-10T18:01:01.608407820Z         self.scope, self.receive, self.send
2026-09-10T18:01:01.608412159Z         ^^^^^^^^^^^^^^^^^^^^^^^^^^^^^^^^^^^
2026-09-10T18:01:01.608416738Z     )
2026-09-10T18:01:01.608421527Z     ^
2026-09-10T18:01:01.608425886Z   File "/usr/local/lib/python3.13/site-packages/uvicorn/middleware/proxy_headers.py", line 63, in __call__
2026-09-10T18:01:01.608430234Z     return await self.app(scope, receive, send)
2026-09-10T18:01:01.608434573Z            ^^^^^^^^^^^^^^^^^^^^^^^^^^^^^^^^^^^^
2026-09-10T18:01:01.608439423Z   File "/usr/local/lib/python3.13/site-packages/fastapi/applications.py", line 1159, in __call__
2026-09-10T18:01:01.608443731Z     await super().__call__(scope, receive, send)
2026-09-10T18:01:01.608448050Z   File "/usr/local/lib/python3.13/site-packages/starlette/applications.py", line 107, in __call__
2026-09-10T18:01:01.608452458Z     await self.middleware_stack(scope, receive, send)
2026-09-10T18:01:01.608456807Z   File "/usr/local/lib/python3.13/site-packages/starlette/middleware/errors.py", line 186, in __call__
2026-09-10T18:01:01.608461767Z     raise exc
2026-09-10T18:01:01.608466136Z   File "/usr/local/lib/python3.13/site-packages/starlette/middleware/errors.py", line 164, in __call__
2026-09-10T18:01:01.608470514Z     await self.app(scope, receive, _send)
2026-09-10T18:01:01.608475484Z   File "/usr/local/lib/python3.13/site-packages/opentelemetry/instrumentation/asgi/__init__.py", line 806, in __call__
2026-09-10T18:01:01.608480113Z     await self.app(scope, otel_receive, otel_send)
2026-09-10T18:01:01.608484462Z   File "/usr/local/lib/python3.13/site-packages/starlette/middleware/errors.py", line 186, in __call__
2026-09-10T18:01:01.608488851Z     raise exc
2026-09-10T18:01:01.608493149Z   File "/usr/local/lib/python3.13/site-packages/starlette/middleware/errors.py", line 164, in __call__
2026-09-10T18:01:01.608497478Z     await self.app(scope, receive, _send)
2026-09-10T18:01:01.608501826Z   File "/usr/local/lib/python3.13/site-packages/opentelemetry/instrumentation/fastapi/__init__.py", line 305, in __call__
2026-09-10T18:01:01.608506205Z     await self.app(scope, receive, send)
2026-09-10T18:01:01.608510534Z   File "/usr/local/lib/python3.13/site-packages/prometheus_fastapi_instrumentator/middleware.py", line 177, in __call__
2026-09-10T18:01:01.608514862Z     raise exc
2026-09-10T18:01:01.608519141Z   File "/usr/local/lib/python3.13/site-packages/prometheus_fastapi_instrumentator/middleware.py", line 175, in __call__
2026-09-10T18:01:01.608523600Z     await self.app(scope, receive, send_wrapper)
2026-09-10T18:01:01.608528018Z   File "/usr/local/lib/python3.13/site-packages/starlette/middleware/exceptions.py", line 63, in __call__
2026-09-10T18:01:01.608532838Z     await wrap_app_handling_exceptions(self.app, conn)(scope, receive, send)
2026-09-10T18:01:01.608537177Z   File "/usr/local/lib/python3.13/site-packages/starlette/_exception_handler.py", line 53, in wrapped_app
2026-09-10T18:01:01.608541515Z     raise exc
2026-09-10T18:01:01.608545814Z   File "/usr/local/lib/python3.13/site-packages/starlette/_exception_handler.py", line 42, in wrapped_app
2026-09-10T18:01:01.608550202Z     await app(scope, receive, sender)
2026-09-10T18:01:01.608583138Z   File "/usr/local/lib/python3.13/site-packages/fastapi/middleware/asyncexitstack.py", line 18, in __call__
2026-09-10T18:01:01.608587847Z     await self.app(scope, receive, send)
2026-09-10T18:01:01.608592166Z   File "/usr/local/lib/python3.13/site-packages/starlette/routing.py", line 716, in __call__
2026-09-10T18:01:01.608596464Z     await self.middleware_stack(scope, receive, send)
2026-09-10T18:01:01.608604580Z   File "/usr/local/lib/python3.13/site-packages/starlette/routing.py", line 736, in app
2026-09-10T18:01:01.608609059Z     await route.handle(scope, receive, send)
2026-09-10T18:01:01.608613418Z   File "/usr/local/lib/python3.13/site-packages/starlette/routing.py", line 290, in handle
2026-09-10T18:01:01.608617747Z     await self.app(scope, receive, send)
2026-09-10T18:01:01.608622085Z   File "/usr/local/lib/python3.13/site-packages/fastapi/routing.py", line 134, in app
2026-09-10T18:01:01.608626474Z     await wrap_app_handling_exceptions(app, request)(scope, receive, send)
2026-09-10T18:01:01.608630853Z   File "/usr/local/lib/python3.13/site-packages/starlette/_exception_handler.py", line 53, in wrapped_app
2026-09-10T18:01:01.608635181Z     raise exc
2026-09-10T18:01:01.608639530Z   File "/usr/local/lib/python3.13/site-packages/starlette/_exception_handler.py", line 42, in wrapped_app
2026-09-10T18:01:01.608643868Z     await app(scope, receive, sender)
2026-09-10T18:01:01.608648217Z   File "/usr/local/lib/python3.13/site-packages/fastapi/routing.py", line 120, in app
2026-09-10T18:01:01.608652916Z     response = await f(request)
2026-09-10T18:01:01.608657285Z                ^^^^^^^^^^^^^^^^
2026-09-10T18:01:01.608661634Z   File "/usr/local/lib/python3.13/site-packages/fastapi/routing.py", line 674, in app
2026-09-10T18:01:01.608668177Z     raw_response = await run_endpoint_function(
2026-09-10T18:01:01.608672605Z                    ^^^^^^^^^^^^^^^^^^^^^^^^^^^^
2026-09-10T18:01:01.608677375Z     ...<3 lines>...
2026-09-10T18:01:01.608681784Z     )
2026-09-10T18:01:01.608686162Z     ^
2026-09-10T18:01:01.608690561Z   File "/usr/local/lib/python3.13/site-packages/fastapi/routing.py", line 330, in run_endpoint_function
2026-09-10T18:01:01.608694890Z     return await run_in_threadpool(dependant.call, **values)
2026-09-10T18:01:01.608699268Z            ^^^^^^^^^^^^^^^^^^^^^^^^^^^^^^^^^^^^^^^^^^^^^^^^^
2026-09-10T18:01:01.608763295Z   File "/usr/local/lib/python3.13/site-packages/starlette/concurrency.py", line 32, in run_in_threadpool
2026-09-10T18:01:01.608773486Z     return await anyio.to_thread.run_sync(func)
2026-09-10T18:01:01.608778005Z            ^^^^^^^^^^^^^^^^^^^^^^^^^^^^^^^^^^^^
2026-09-10T18:01:01.608782403Z   File "/usr/local/lib/python3.13/site-packages/anyio/to_thread.py", line 63, in run_sync
2026-09-10T18:01:01.608786712Z     return await get_async_backend().run_sync_in_worker_thread(
2026-09-10T18:01:01.608791060Z            ^^^^^^^^^^^^^^^^^^^^^^^^^^^^^^^^^^^^^^^^^^^^^^^^^^^^
2026-09-10T18:01:01.608795619Z         func, args, abandon_on_cancel=abandon_on_cancel, limiter=limiter
2026-09-10T18:01:01.608799998Z         ^^^^^^^^^^^^^^^^^^^^^^^^^^^^^^^^^^^^^^^^^^^^^^^^^^^^^^^^^^^^^^^^
2026-09-10T18:01:01.608804367Z     )
2026-09-10T18:01:01.608808675Z     ^
2026-09-10T18:01:01.608812934Z   File "/usr/local/lib/python3.13/site-packages/anyio/_backends/_asyncio.py", line 2518, in run_sync_in_worker_thread
2026-09-10T18:01:01.608817252Z     return await future
2026-09-10T18:01:01.608821561Z            ^^^^^^^^^^^^
2026-09-10T18:01:01.608825940Z   File "/usr/local/lib/python3.13/site-packages/anyio/_backends/_asyncio.py", line 1002, in run
2026-09-10T18:01:01.608830338Z     result = context.run(func, *args)
2026-09-10T18:01:01.608851781Z   File "/app/app/routers/orders.py", line 36, in checkout
2026-09-10T18:01:01.608856220Z     return create_order(
2026-09-10T18:01:01.608860608Z         db=db,
2026-09-10T18:01:01.608864987Z     ...<2 lines>...
2026-09-10T18:01:01.608869356Z         correlation_id=correlation_id,
2026-09-10T18:01:01.608873735Z     )
2026-09-10T18:01:01.608878173Z   File "/app/app/services/order_service.py", line 42, in create_order
2026-09-10T18:01:01.608882562Z     result = db.execute(
2026-09-10T18:01:01.608886901Z         select(ProductModel).where(ProductModel.id == product_id)
2026-09-10T18:01:01.608891189Z     )
2026-09-10T18:01:01.608895678Z   File "/usr/local/lib/python3.13/site-packages/sqlalchemy/orm/session.py", line 2372, in execute
2026-09-10T18:01:01.608900047Z     return self._execute_internal(
2026-09-10T18:01:01.608904405Z            ~~~~~~~~~~~~~~~~~~~~~~^
2026-09-10T18:01:01.608908754Z         statement,
2026-09-10T18:01:01.608913083Z         ^^^^^^^^^^
2026-09-10T18:01:01.608917401Z     ...<4 lines>...
2026-09-10T18:01:01.608922331Z         _add_event=_add_event,
2026-09-10T18:01:01.608926720Z         ^^^^^^^^^^^^^^^^^^^^^^
2026-09-10T18:01:01.608931098Z     )
2026-09-10T18:01:01.608935407Z     ^
2026-09-10T18:01:01.608939796Z   File "/usr/local/lib/python3.13/site-packages/sqlalchemy/orm/session.py", line 2260, in _execute_internal
2026-09-10T18:01:01.608944124Z     conn = self._connection_for_bind(bind)
2026-09-10T18:01:01.608948423Z   File "/usr/local/lib/python3.13/site-packages/sqlalchemy/orm/session.py", line 2112, in _connection_for_bind
2026-09-10T18:01:01.608952811Z     return trans._connection_for_bind(engine, execution_options)
2026-09-10T18:01:01.608957150Z            ~~~~~~~~~~~~~~~~~~~~~~~~~~^^^^^^^^^^^^^^^^^^^^^^^^^^^
2026-09-10T18:01:01.608961519Z   File "<string>", line 2, in _connection_for_bind
2026-09-10T18:01:01.608965837Z   File "/usr/local/lib/python3.13/site-packages/sqlalchemy/orm/state_changes.py", line 137, in _go
2026-09-10T18:01:01.608970156Z     ret_value = fn(self, *arg, **kw)
2026-09-10T18:01:01.608974454Z   File "/usr/local/lib/python3.13/site-packages/sqlalchemy/orm/session.py", line 1191, in _connection_for_bind
2026-09-10T18:01:01.608978793Z     conn = bind.connect()
2026-09-10T18:01:01.608983552Z   File "/usr/local/lib/python3.13/site-packages/opentelemetry/instrumentation/sqlalchemy/engine.py", line 200, in _wrap_connect_internal
2026-09-10T18:01:01.608987981Z     return func(*args, **kwargs)
2026-09-10T18:01:01.608992290Z   File "/usr/local/lib/python3.13/site-packages/sqlalchemy/engine/base.py", line 3295, in connect
2026-09-10T18:01:01.608996628Z     return self._connection_cls(self)
2026-09-10T18:01:01.609000927Z            ~~~~~~~~~~~~~~~~~~~~^^^^^^
2026-09-10T18:01:01.609005225Z   File "/usr/local/lib/python3.13/site-packages/sqlalchemy/engine/base.py", line 144, in __init__
2026-09-10T18:01:01.609009524Z     self._dbapi_connection = engine.raw_connection()
2026-09-10T18:01:01.609013833Z                              ~~~~~~~~~~~~~~~~~~~~~^^
2026-09-10T18:01:01.609018131Z   File "/usr/local/lib/python3.13/site-packages/sqlalchemy/engine/base.py", line 3319, in raw_connection
2026-09-10T18:01:01.609022540Z     return self.pool.connect()
2026-09-10T18:01:01.609026908Z            ~~~~~~~~~~~~~~~~~^^
2026-09-10T18:01:01.609031257Z   File "/usr/local/lib/python3.13/site-packages/sqlalchemy/pool/base.py", line 448, in connect
2026-09-10T18:01:01.609035616Z     return _ConnectionFairy._checkout(self)
2026-09-10T18:01:01.609039984Z            ~~~~~~~~~~~~~~~~~~~~~~~~~~^^^^^^
2026-09-10T18:01:01.609047720Z   File "/usr/local/lib/python3.13/site-packages/sqlalchemy/pool/base.py", line 1272, in _checkout
2026-09-10T18:01:01.609063241Z     fairy = _ConnectionRecord.checkout(pool)
2026-09-10T18:01:01.609067699Z   File "/usr/local/lib/python3.13/site-packages/sqlalchemy/pool/base.py", line 712, in checkout
2026-09-10T18:01:01.609072098Z     rec = pool._do_get()
2026-09-10T18:01:01.609076427Z   File "/usr/local/lib/python3.13/site-packages/sqlalchemy/pool/impl.py", line 167, in _do_get
2026-09-10T18:01:01.609080805Z     raise exc.TimeoutError(
2026-09-10T18:01:01.609085094Z     ...<4 lines>...
2026-09-10T18:01:01.609089453Z     )
2026-09-10T18:01:01.609094613Z sqlalchemy.exc.TimeoutError: QueuePool limit of size 5 overflow 10 reached, connection timed out, timeout 30.00 (Background on this error at: https://sqlalche.me/e/20/3o7r)
2026-09-10T18:01:01.612835748Z ERROR:    Exception in ASGI application
2026-09-10T18:01:01.612879665Z Traceback (most recent call last):
2026-09-10T18:01:01.612885266Z   File "/usr/local/lib/python3.13/site-packages/uvicorn/protocols/http/httptools_impl.py", line 421, in run_asgi
2026-09-10T18:01:01.612890397Z     result = await app(  # type: ignore[func-returns-value]
2026-09-10T18:01:01.612894735Z              ^^^^^^^^^^^^^^^^^^^^^^^^^^^^^^^^^^^^^^^^^^^^^^
2026-09-10T18:01:01.612899034Z         self.scope, self.receive, self.send
2026-09-10T18:01:01.612903332Z         ^^^^^^^^^^^^^^^^^^^^^^^^^^^^^^^^^^^
2026-09-10T18:01:01.612907651Z     )
2026-09-10T18:01:01.612912110Z     ^
2026-09-10T18:01:01.612916609Z   File "/usr/local/lib/python3.13/site-packages/uvicorn/middleware/proxy_headers.py", line 63, in __call__
2026-09-10T18:01:01.612921047Z     return await self.app(scope, receive, send)
2026-09-10T18:01:01.612925336Z            ^^^^^^^^^^^^^^^^^^^^^^^^^^^^^^^^^^^^
2026-09-10T18:01:01.612930346Z   File "/usr/local/lib/python3.13/site-packages/fastapi/applications.py", line 1159, in __call__
2026-09-10T18:01:01.612934654Z     await super().__call__(scope, receive, send)
2026-09-10T18:01:01.612938983Z   File "/usr/local/lib/python3.13/site-packages/starlette/applications.py", line 107, in __call__
2026-09-10T18:01:01.612943251Z     await self.middleware_stack(scope, receive, send)
2026-09-10T18:01:01.612947580Z   File "/usr/local/lib/python3.13/site-packages/starlette/middleware/errors.py", line 186, in __call__
2026-09-10T18:01:01.612952179Z     raise exc
2026-09-10T18:01:01.612956538Z   File "/usr/local/lib/python3.13/site-packages/starlette/middleware/errors.py", line 164, in __call__
2026-09-10T18:01:01.612960886Z     await self.app(scope, receive, _send)
2026-09-10T18:01:01.612965856Z   File "/usr/local/lib/python3.13/site-packages/opentelemetry/instrumentation/asgi/__init__.py", line 806, in __call__
2026-09-10T18:01:01.612970185Z     await self.app(scope, otel_receive, otel_send)
2026-09-10T18:01:01.612974514Z   File "/usr/local/lib/python3.13/site-packages/starlette/middleware/errors.py", line 186, in __call__
2026-09-10T18:01:01.612979473Z     raise exc
2026-09-10T18:01:01.612983772Z   File "/usr/local/lib/python3.13/site-packages/starlette/middleware/errors.py", line 164, in __call__
2026-09-10T18:01:01.612988151Z     await self.app(scope, receive, _send)
2026-09-10T18:01:01.612992479Z   File "/usr/local/lib/python3.13/site-packages/opentelemetry/instrumentation/fastapi/__init__.py", line 305, in __call__
2026-09-10T18:01:01.612996838Z     await self.app(scope, receive, send)
2026-09-10T18:01:01.613001156Z   File "/usr/local/lib/python3.13/site-packages/prometheus_fastapi_instrumentator/middleware.py", line 177, in __call__
2026-09-10T18:01:01.613005525Z     raise exc
2026-09-10T18:01:01.613009814Z   File "/usr/local/lib/python3.13/site-packages/prometheus_fastapi_instrumentator/middleware.py", line 175, in __call__
2026-09-10T18:01:01.613043811Z     await self.app(scope, receive, send_wrapper)
2026-09-10T18:01:01.613048370Z   File "/usr/local/lib/python3.13/site-packages/starlette/middleware/exceptions.py", line 63, in __call__
2026-09-10T18:01:01.613053671Z     await wrap_app_handling_exceptions(self.app, conn)(scope, receive, send)
2026-09-10T18:01:01.613057979Z   File "/usr/local/lib/python3.13/site-packages/starlette/_exception_handler.py", line 53, in wrapped_app
2026-09-10T18:01:01.613062318Z     raise exc
2026-09-10T18:01:01.613066616Z   File "/usr/local/lib/python3.13/site-packages/starlette/_exception_handler.py", line 42, in wrapped_app
2026-09-10T18:01:01.613070905Z     await app(scope, receive, sender)
2026-09-10T18:01:01.613075203Z   File "/usr/local/lib/python3.13/site-packages/fastapi/middleware/asyncexitstack.py", line 18, in __call__
2026-09-10T18:01:01.613079512Z     await self.app(scope, receive, send)
2026-09-10T18:01:01.613083830Z   File "/usr/local/lib/python3.13/site-packages/starlette/routing.py", line 716, in __call__
2026-09-10T18:01:01.613089552Z     await self.middleware_stack(scope, receive, send)
2026-09-10T18:01:01.613095153Z   File "/usr/local/lib/python3.13/site-packages/starlette/routing.py", line 736, in app
2026-09-10T18:01:01.613100984Z     await route.handle(scope, receive, send)
2026-09-10T18:01:01.613107688Z   File "/usr/local/lib/python3.13/site-packages/starlette/routing.py", line 290, in handle
2026-09-10T18:01:01.613112908Z     await self.app(scope, receive, send)
2026-09-10T18:01:01.613118479Z   File "/usr/local/lib/python3.13/site-packages/fastapi/routing.py", line 134, in app
2026-09-10T18:01:01.613123780Z     await wrap_app_handling_exceptions(app, request)(scope, receive, send)
2026-09-10T18:01:01.613128950Z   File "/usr/local/lib/python3.13/site-packages/starlette/_exception_handler.py", line 53, in wrapped_app
2026-09-10T18:01:01.613134110Z     raise exc
2026-09-10T18:01:01.613139431Z   File "/usr/local/lib/python3.13/site-packages/starlette/_exception_handler.py", line 42, in wrapped_app
2026-09-10T18:01:01.613144641Z     await app(scope, receive, sender)
2026-09-10T18:01:01.613149962Z   File "/usr/local/lib/python3.13/site-packages/fastapi/routing.py", line 120, in app
2026-09-10T18:01:01.613157296Z     response = await f(request)
2026-09-10T18:01:01.613163048Z                ^^^^^^^^^^^^^^^^
2026-09-10T18:01:01.613168098Z   File "/usr/local/lib/python3.13/site-packages/fastapi/routing.py", line 674, in app
2026-09-10T18:01:01.613172506Z     raw_response = await run_endpoint_function(
2026-09-10T18:01:01.613176875Z                    ^^^^^^^^^^^^^^^^^^^^^^^^^^^^
2026-09-10T18:01:01.613181725Z     ...<3 lines>...
2026-09-10T18:01:01.613186043Z     )
2026-09-10T18:01:01.613190382Z     ^
2026-09-10T18:01:01.613194690Z   File "/usr/local/lib/python3.13/site-packages/fastapi/routing.py", line 330, in run_endpoint_function
2026-09-10T18:01:01.613199029Z     return await run_in_threadpool(dependant.call, **values)
2026-09-10T18:01:01.613203348Z            ^^^^^^^^^^^^^^^^^^^^^^^^^^^^^^^^^^^^^^^^^^^^^^^^^
2026-09-10T18:01:01.613269198Z   File "/usr/local/lib/python3.13/site-packages/starlette/concurrency.py", line 32, in run_in_threadpool
2026-09-10T18:01:01.613273767Z     return await anyio.to_thread.run_sync(func)
2026-09-10T18:01:01.613275771Z            ^^^^^^^^^^^^^^^^^^^^^^^^^^^^^^^^^^^^
2026-09-10T18:01:01.613277685Z   File "/usr/local/lib/python3.13/site-packages/anyio/to_thread.py", line 63, in run_sync
2026-09-10T18:01:01.613279609Z     return await get_async_backend().run_sync_in_worker_thread(
2026-09-10T18:01:01.613281533Z            ^^^^^^^^^^^^^^^^^^^^^^^^^^^^^^^^^^^^^^^^^^^^^^^^^^^^
2026-09-10T18:01:01.613283447Z         func, args, abandon_on_cancel=abandon_on_cancel, limiter=limiter
2026-09-10T18:01:01.613296513Z         ^^^^^^^^^^^^^^^^^^^^^^^^^^^^^^^^^^^^^^^^^^^^^^^^^^^^^^^^^^^^^^^^
2026-09-10T18:01:01.613298567Z     )
2026-09-10T18:01:01.613300490Z     ^
2026-09-10T18:01:01.613302655Z   File "/usr/local/lib/python3.13/site-packages/anyio/_backends/_asyncio.py", line 2518, in run_sync_in_worker_thread
2026-09-10T18:01:01.613304649Z     return await future
2026-09-10T18:01:01.613306552Z            ^^^^^^^^^^^^
2026-09-10T18:01:01.613308526Z   File "/usr/local/lib/python3.13/site-packages/anyio/_backends/_asyncio.py", line 1002, in run
2026-09-10T18:01:01.613310440Z     result = context.run(func, *args)
2026-09-10T18:01:01.613312364Z   File "/app/app/routers/orders.py", line 36, in checkout
2026-09-10T18:01:01.613314298Z     return create_order(
2026-09-10T18:01:01.613316252Z         db=db,
2026-09-10T18:01:01.613318196Z     ...<2 lines>...
2026-09-10T18:01:01.613320119Z         correlation_id=correlation_id,
2026-09-10T18:01:01.613322053Z     )
2026-09-10T18:01:01.613323997Z   File "/app/app/services/order_service.py", line 42, in create_order
2026-09-10T18:01:01.613325931Z     result = db.execute(
2026-09-10T18:01:01.613327845Z         select(ProductModel).where(ProductModel.id == product_id)
2026-09-10T18:01:01.613329799Z     )
2026-09-10T18:01:01.613331732Z   File "/usr/local/lib/python3.13/site-packages/sqlalchemy/orm/session.py", line 2372, in execute
2026-09-10T18:01:01.613336662Z     return self._execute_internal(
2026-09-10T18:01:01.613338706Z            ~~~~~~~~~~~~~~~~~~~~~~^
2026-09-10T18:01:01.613340630Z         statement,
2026-09-10T18:01:01.613342674Z         ^^^^^^^^^^
2026-09-10T18:01:01.613344668Z     ...<4 lines>...
2026-09-10T18:01:01.613346592Z         _add_event=_add_event,
2026-09-10T18:01:01.613348526Z         ^^^^^^^^^^^^^^^^^^^^^^
2026-09-10T18:01:01.613350430Z     )
2026-09-10T18:01:01.613352363Z     ^
2026-09-10T18:01:01.613354277Z   File "/usr/local/lib/python3.13/site-packages/sqlalchemy/orm/session.py", line 2260, in _execute_internal
2026-09-10T18:01:01.613356201Z     conn = self._connection_for_bind(bind)
2026-09-10T18:01:01.613358155Z   File "/usr/local/lib/python3.13/site-packages/sqlalchemy/orm/session.py", line 2112, in _connection_for_bind
2026-09-10T18:01:01.613360069Z     return trans._connection_for_bind(engine, execution_options)
2026-09-10T18:01:01.613362002Z            ~~~~~~~~~~~~~~~~~~~~~~~~~~^^^^^^^^^^^^^^^^^^^^^^^^^^^
2026-09-10T18:01:01.613364077Z   File "<string>", line 2, in _connection_for_bind
2026-09-10T18:01:01.613365980Z   File "/usr/local/lib/python3.13/site-packages/sqlalchemy/orm/state_changes.py", line 137, in _go
2026-09-10T18:01:01.613367924Z     ret_value = fn(self, *arg, **kw)
2026-09-10T18:01:01.613369858Z   File "/usr/local/lib/python3.13/site-packages/sqlalchemy/orm/session.py", line 1191, in _connection_for_bind
2026-09-10T18:01:01.613371772Z     conn = bind.connect()
2026-09-10T18:01:01.613374167Z   File "/usr/local/lib/python3.13/site-packages/opentelemetry/instrumentation/sqlalchemy/engine.py", line 200, in _wrap_connect_internal
2026-09-10T18:01:01.613376100Z     return func(*args, **kwargs)
2026-09-10T18:01:01.613378114Z   File "/usr/local/lib/python3.13/site-packages/sqlalchemy/engine/base.py", line 3295, in connect
2026-09-10T18:01:01.613380078Z     return self._connection_cls(self)
2026-09-10T18:01:01.613381992Z            ~~~~~~~~~~~~~~~~~~~~^^^^^^
2026-09-10T18:01:01.613383936Z   File "/usr/local/lib/python3.13/site-packages/sqlalchemy/engine/base.py", line 144, in __init__
2026-09-10T18:01:01.613385840Z     self._dbapi_connection = engine.raw_connection()
2026-09-10T18:01:01.613393585Z                              ~~~~~~~~~~~~~~~~~~~~~^^
2026-09-10T18:01:01.613395609Z   File "/usr/local/lib/python3.13/site-packages/sqlalchemy/engine/base.py", line 3319, in raw_connection
2026-09-10T18:01:01.613397533Z     return self.pool.connect()
2026-09-10T18:01:01.613399447Z            ~~~~~~~~~~~~~~~~~^^
2026-09-10T18:01:01.613401381Z   File "/usr/local/lib/python3.13/site-packages/sqlalchemy/pool/base.py", line 448, in connect
2026-09-10T18:01:01.613403314Z     return _ConnectionFairy._checkout(self)
2026-09-10T18:01:01.613405248Z            ~~~~~~~~~~~~~~~~~~~~~~~~~~^^^^^^
2026-09-10T18:01:01.613407142Z   File "/usr/local/lib/python3.13/site-packages/sqlalchemy/pool/base.py", line 1272, in _checkout
2026-09-10T18:01:01.613409076Z     fairy = _ConnectionRecord.checkout(pool)
2026-09-10T18:01:01.613411020Z   File "/usr/local/lib/python3.13/site-packages/sqlalchemy/pool/base.py", line 712, in checkout
2026-09-10T18:01:01.613412924Z     rec = pool._do_get()
2026-09-10T18:01:01.613414917Z   File "/usr/local/lib/python3.13/site-packages/sqlalchemy/pool/impl.py", line 167, in _do_get
2026-09-10T18:01:01.613416851Z     raise exc.TimeoutError(
2026-09-10T18:01:01.613418755Z     ...<4 lines>...
2026-09-10T18:01:01.613420649Z     )
2026-09-10T18:01:01.613423474Z sqlalchemy.exc.TimeoutError: QueuePool limit of size 5 overflow 10 reached, connection timed out, timeout 30.00 (Background on this error at: https://sqlalche.me/e/20/3o7r)
2026-09-10T18:01:01.618704183Z ERROR:    Exception in ASGI application
2026-09-10T18:01:01.618734684Z Traceback (most recent call last):
2026-09-10T18:01:01.618737530Z   File "/usr/local/lib/python3.13/site-packages/uvicorn/protocols/http/httptools_impl.py", line 421, in run_asgi
2026-09-10T18:01:01.618740375Z     result = await app(  # type: ignore[func-returns-value]
2026-09-10T18:01:01.618742419Z              ^^^^^^^^^^^^^^^^^^^^^^^^^^^^^^^^^^^^^^^^^^^^^^
2026-09-10T18:01:01.618762429Z         self.scope, self.receive, self.send
2026-09-10T18:01:01.618765685Z         ^^^^^^^^^^^^^^^^^^^^^^^^^^^^^^^^^^^
2026-09-10T18:01:01.618767669Z     )
2026-09-10T18:01:01.618769643Z     ^
2026-09-10T18:01:01.618771607Z   File "/usr/local/lib/python3.13/site-packages/uvicorn/middleware/proxy_headers.py", line 63, in __call__
2026-09-10T18:01:01.618773541Z     return await self.app(scope, receive, send)
2026-09-10T18:01:01.618775635Z            ^^^^^^^^^^^^^^^^^^^^^^^^^^^^^^^^^^^^
2026-09-10T18:01:01.618778280Z   File "/usr/local/lib/python3.13/site-packages/fastapi/applications.py", line 1159, in __call__
2026-09-10T18:01:01.618780254Z     await super().__call__(scope, receive, send)
2026-09-10T18:01:01.618782188Z   File "/usr/local/lib/python3.13/site-packages/starlette/applications.py", line 107, in __call__
2026-09-10T18:01:01.618784212Z     await self.middleware_stack(scope, receive, send)
2026-09-10T18:01:01.618786236Z   File "/usr/local/lib/python3.13/site-packages/starlette/middleware/errors.py", line 186, in __call__
2026-09-10T18:01:01.618788170Z     raise exc
2026-09-10T18:01:01.618790104Z   File "/usr/local/lib/python3.13/site-packages/starlette/middleware/errors.py", line 164, in __call__
2026-09-10T18:01:01.618792048Z     await self.app(scope, receive, _send)
2026-09-10T18:01:01.618794613Z   File "/usr/local/lib/python3.13/site-packages/opentelemetry/instrumentation/asgi/__init__.py", line 806, in __call__
2026-09-10T18:01:01.618796547Z     await self.app(scope, otel_receive, otel_send)
2026-09-10T18:01:01.618798440Z   File "/usr/local/lib/python3.13/site-packages/starlette/middleware/errors.py", line 186, in __call__
2026-09-10T18:01:01.618800394Z     raise exc
2026-09-10T18:01:01.618802318Z   File "/usr/local/lib/python3.13/site-packages/starlette/middleware/errors.py", line 164, in __call__
2026-09-10T18:01:01.618823039Z     await self.app(scope, receive, _send)
2026-09-10T18:01:01.618825574Z   File "/usr/local/lib/python3.13/site-packages/opentelemetry/instrumentation/fastapi/__init__.py", line 305, in __call__
2026-09-10T18:01:01.618827829Z     await self.app(scope, receive, send)
2026-09-10T18:01:01.618830073Z   File "/usr/local/lib/python3.13/site-packages/prometheus_fastapi_instrumentator/middleware.py", line 177, in __call__
2026-09-10T18:01:01.618832238Z     raise exc
2026-09-10T18:01:01.618834312Z   File "/usr/local/lib/python3.13/site-packages/prometheus_fastapi_instrumentator/middleware.py", line 175, in __call__
2026-09-10T18:01:01.618836346Z     await self.app(scope, receive, send_wrapper)
2026-09-10T18:01:01.618838340Z   File "/usr/local/lib/python3.13/site-packages/starlette/middleware/exceptions.py", line 63, in __call__
2026-09-10T18:01:01.618840935Z     await wrap_app_handling_exceptions(self.app, conn)(scope, receive, send)
2026-09-10T18:01:01.618842959Z   File "/usr/local/lib/python3.13/site-packages/starlette/_exception_handler.py", line 53, in wrapped_app
2026-09-10T18:01:01.618845023Z     raise exc
2026-09-10T18:01:01.618847087Z   File "/usr/local/lib/python3.13/site-packages/starlette/_exception_handler.py", line 42, in wrapped_app
2026-09-10T18:01:01.618849111Z     await app(scope, receive, sender)
2026-09-10T18:01:01.618851125Z   File "/usr/local/lib/python3.13/site-packages/fastapi/middleware/asyncexitstack.py", line 18, in __call__
2026-09-10T18:01:01.618853139Z     await self.app(scope, receive, send)
2026-09-10T18:01:01.618855173Z   File "/usr/local/lib/python3.13/site-packages/starlette/routing.py", line 716, in __call__
2026-09-10T18:01:01.618857177Z     await self.middleware_stack(scope, receive, send)
2026-09-10T18:01:01.618859211Z   File "/usr/local/lib/python3.13/site-packages/starlette/routing.py", line 736, in app
2026-09-10T18:01:01.618861235Z     await route.handle(scope, receive, send)
2026-09-10T18:01:01.618863269Z   File "/usr/local/lib/python3.13/site-packages/starlette/routing.py", line 290, in handle
2026-09-10T18:01:01.618865283Z     await self.app(scope, receive, send)
2026-09-10T18:01:01.618867467Z   File "/usr/local/lib/python3.13/site-packages/fastapi/routing.py", line 134, in app
2026-09-10T18:01:01.618869502Z     await wrap_app_handling_exceptions(app, request)(scope, receive, send)
2026-09-10T18:01:01.618871495Z   File "/usr/local/lib/python3.13/site-packages/starlette/_exception_handler.py", line 53, in wrapped_app
2026-09-10T18:01:01.618873509Z     raise exc
2026-09-10T18:01:01.618875634Z   File "/usr/local/lib/python3.13/site-packages/starlette/_exception_handler.py", line 42, in wrapped_app
2026-09-10T18:01:01.618877658Z     await app(scope, receive, sender)
2026-09-10T18:01:01.618879662Z   File "/usr/local/lib/python3.13/site-packages/fastapi/routing.py", line 120, in app
2026-09-10T18:01:01.618882167Z     response = await f(request)
2026-09-10T18:01:01.618884191Z                ^^^^^^^^^^^^^^^^
2026-09-10T18:01:01.618886195Z   File "/usr/local/lib/python3.13/site-packages/fastapi/routing.py", line 674, in app
2026-09-10T18:01:01.618888249Z     raw_response = await run_endpoint_function(
2026-09-10T18:01:01.618890283Z                    ^^^^^^^^^^^^^^^^^^^^^^^^^^^^
2026-09-10T18:01:01.618892888Z     ...<3 lines>...
2026-09-10T18:01:01.618894942Z     )
2026-09-10T18:01:01.618900824Z     ^
2026-09-10T18:01:01.618902908Z   File "/usr/local/lib/python3.13/site-packages/fastapi/routing.py", line 330, in run_endpoint_function
2026-09-10T18:01:01.618904942Z     return await run_in_threadpool(dependant.call, **values)
2026-09-10T18:01:01.618913619Z            ^^^^^^^^^^^^^^^^^^^^^^^^^^^^^^^^^^^^^^^^^^^^^^^^^
2026-09-10T18:01:01.619093326Z   File "/usr/local/lib/python3.13/site-packages/starlette/concurrency.py", line 32, in run_in_threadpool
2026-09-10T18:01:01.619104518Z     return await anyio.to_thread.run_sync(func)
2026-09-10T18:01:01.619107303Z            ^^^^^^^^^^^^^^^^^^^^^^^^^^^^^^^^^^^^
2026-09-10T18:01:01.619109548Z   File "/usr/local/lib/python3.13/site-packages/anyio/to_thread.py", line 63, in run_sync
2026-09-10T18:01:01.619111682Z     return await get_async_backend().run_sync_in_worker_thread(
2026-09-10T18:01:01.619113686Z            ^^^^^^^^^^^^^^^^^^^^^^^^^^^^^^^^^^^^^^^^^^^^^^^^^^^^
2026-09-10T18:01:01.619115670Z         func, args, abandon_on_cancel=abandon_on_cancel, limiter=limiter
2026-09-10T18:01:01.619117694Z         ^^^^^^^^^^^^^^^^^^^^^^^^^^^^^^^^^^^^^^^^^^^^^^^^^^^^^^^^^^^^^^^^
2026-09-10T18:01:01.619119648Z     )
2026-09-10T18:01:01.619121562Z     ^
2026-09-10T18:01:01.619123606Z   File "/usr/local/lib/python3.13/site-packages/anyio/_backends/_asyncio.py", line 2518, in run_sync_in_worker_thread
2026-09-10T18:01:01.619125840Z     return await future
2026-09-10T18:01:01.619127824Z            ^^^^^^^^^^^^
2026-09-10T18:01:01.619129728Z   File "/usr/local/lib/python3.13/site-packages/anyio/_backends/_asyncio.py", line 1002, in run
2026-09-10T18:01:01.619131642Z     result = context.run(func, *args)
2026-09-10T18:01:01.619133556Z   File "/app/app/routers/orders.py", line 36, in checkout
2026-09-10T18:01:01.619135489Z     return create_order(
2026-09-10T18:01:01.619137413Z         db=db,
2026-09-10T18:01:01.619139447Z     ...<2 lines>...
2026-09-10T18:01:01.619141391Z         correlation_id=correlation_id,
2026-09-10T18:01:01.619143315Z     )
2026-09-10T18:01:01.619145249Z   File "/app/app/services/order_service.py", line 42, in create_order
2026-09-10T18:01:01.619147233Z     result = db.execute(
2026-09-10T18:01:01.619149146Z         select(ProductModel).where(ProductModel.id == product_id)
2026-09-10T18:01:01.619151090Z     )
2026-09-10T18:01:01.619153054Z   File "/usr/local/lib/python3.13/site-packages/sqlalchemy/orm/session.py", line 2372, in execute
2026-09-10T18:01:01.619154998Z     return self._execute_internal(
2026-09-10T18:01:01.619156922Z            ~~~~~~~~~~~~~~~~~~~~~~^
2026-09-10T18:01:01.619159186Z         statement,
2026-09-10T18:01:01.619161130Z         ^^^^^^^^^^
2026-09-10T18:01:01.619163094Z     ...<4 lines>...
2026-09-10T18:01:01.619165128Z         _add_event=_add_event,
2026-09-10T18:01:01.619167042Z         ^^^^^^^^^^^^^^^^^^^^^^
2026-09-10T18:01:01.619168946Z     )
2026-09-10T18:01:01.619170880Z     ^
2026-09-10T18:01:01.619172813Z   File "/usr/local/lib/python3.13/site-packages/sqlalchemy/orm/session.py", line 2260, in _execute_internal
2026-09-10T18:01:01.619174747Z     conn = self._connection_for_bind(bind)
2026-09-10T18:01:01.619176661Z   File "/usr/local/lib/python3.13/site-packages/sqlalchemy/orm/session.py", line 2112, in _connection_for_bind
2026-09-10T18:01:01.619178585Z     return trans._connection_for_bind(engine, execution_options)
2026-09-10T18:01:01.619180509Z            ~~~~~~~~~~~~~~~~~~~~~~~~~~^^^^^^^^^^^^^^^^^^^^^^^^^^^
2026-09-10T18:01:01.619182433Z   File "<string>", line 2, in _connection_for_bind
2026-09-10T18:01:01.619184416Z   File "/usr/local/lib/python3.13/site-packages/sqlalchemy/orm/state_changes.py", line 137, in _go
2026-09-10T18:01:01.619186350Z     ret_value = fn(self, *arg, **kw)
2026-09-10T18:01:01.619188284Z   File "/usr/local/lib/python3.13/site-packages/sqlalchemy/orm/session.py", line 1191, in _connection_for_bind
2026-09-10T18:01:01.619190198Z     conn = bind.connect()
2026-09-10T18:01:01.619204086Z   File "/usr/local/lib/python3.13/site-packages/opentelemetry/instrumentation/sqlalchemy/engine.py", line 200, in _wrap_connect_internal
2026-09-10T18:01:01.619206059Z     return func(*args, **kwargs)
2026-09-10T18:01:01.619207973Z   File "/usr/local/lib/python3.13/site-packages/sqlalchemy/engine/base.py", line 3295, in connect
2026-09-10T18:01:01.619209897Z     return self._connection_cls(self)
2026-09-10T18:01:01.619211831Z            ~~~~~~~~~~~~~~~~~~~~^^^^^^
2026-09-10T18:01:01.619213805Z   File "/usr/local/lib/python3.13/site-packages/sqlalchemy/engine/base.py", line 144, in __init__
2026-09-10T18:01:01.619215729Z     self._dbapi_connection = engine.raw_connection()
2026-09-10T18:01:01.619217723Z                              ~~~~~~~~~~~~~~~~~~~~~^^
2026-09-10T18:01:01.619219626Z   File "/usr/local/lib/python3.13/site-packages/sqlalchemy/engine/base.py", line 3319, in raw_connection
2026-09-10T18:01:01.619221560Z     return self.pool.connect()
2026-09-10T18:01:01.619223524Z            ~~~~~~~~~~~~~~~~~^^
2026-09-10T18:01:01.619225458Z   File "/usr/local/lib/python3.13/site-packages/sqlalchemy/pool/base.py", line 448, in connect
2026-09-10T18:01:01.619227402Z     return _ConnectionFairy._checkout(self)
2026-09-10T18:01:01.619229376Z            ~~~~~~~~~~~~~~~~~~~~~~~~~~^^^^^^
2026-09-10T18:01:01.619231360Z   File "/usr/local/lib/python3.13/site-packages/sqlalchemy/pool/base.py", line 1272, in _checkout
2026-09-10T18:01:01.619233604Z     fairy = _ConnectionRecord.checkout(pool)
2026-09-10T18:01:01.619235568Z   File "/usr/local/lib/python3.13/site-packages/sqlalchemy/pool/base.py", line 712, in checkout
2026-09-10T18:01:01.619239606Z     rec = pool._do_get()
2026-09-10T18:01:01.619241590Z   File "/usr/local/lib/python3.13/site-packages/sqlalchemy/pool/impl.py", line 167, in _do_get
2026-09-10T18:01:01.619243544Z     raise exc.TimeoutError(
2026-09-10T18:01:01.619245468Z     ...<4 lines>...
2026-09-10T18:01:01.619247472Z     )
2026-09-10T18:01:01.619250417Z sqlalchemy.exc.TimeoutError: QueuePool limit of size 5 overflow 10 reached, connection timed out, timeout 30.00 (Background on this error at: https://sqlalche.me/e/20/3o7r)
2026-09-10T18:01:01.625748324Z ERROR:    Exception in ASGI application
2026-09-10T18:01:01.625784696Z Traceback (most recent call last):
2026-09-10T18:01:01.625787632Z   File "/usr/local/lib/python3.13/site-packages/uvicorn/protocols/http/httptools_impl.py", line 421, in run_asgi
2026-09-10T18:01:01.625790387Z     result = await app(  # type: ignore[func-returns-value]
2026-09-10T18:01:01.625792311Z              ^^^^^^^^^^^^^^^^^^^^^^^^^^^^^^^^^^^^^^^^^^^^^^
2026-09-10T18:01:01.625794295Z         self.scope, self.receive, self.send
2026-09-10T18:01:01.625796249Z         ^^^^^^^^^^^^^^^^^^^^^^^^^^^^^^^^^^^
2026-09-10T18:01:01.625798223Z     )
2026-09-10T18:01:01.625800277Z     ^
2026-09-10T18:01:01.625802261Z   File "/usr/local/lib/python3.13/site-packages/uvicorn/middleware/proxy_headers.py", line 63, in __call__
2026-09-10T18:01:01.625804315Z     return await self.app(scope, receive, send)
2026-09-10T18:01:01.625806229Z            ^^^^^^^^^^^^^^^^^^^^^^^^^^^^^^^^^^^^
2026-09-10T18:01:01.625808934Z   File "/usr/local/lib/python3.13/site-packages/fastapi/applications.py", line 1159, in __call__
2026-09-10T18:01:01.625810888Z     await super().__call__(scope, receive, send)
2026-09-10T18:01:01.625812822Z   File "/usr/local/lib/python3.13/site-packages/starlette/applications.py", line 107, in __call__
2026-09-10T18:01:01.625814746Z     await self.middleware_stack(scope, receive, send)
2026-09-10T18:01:01.625816669Z   File "/usr/local/lib/python3.13/site-packages/starlette/middleware/errors.py", line 186, in __call__
2026-09-10T18:01:01.625840316Z     raise exc
2026-09-10T18:01:01.625842380Z   File "/usr/local/lib/python3.13/site-packages/starlette/middleware/errors.py", line 164, in __call__
2026-09-10T18:01:01.625844344Z     await self.app(scope, receive, _send)
2026-09-10T18:01:01.625846950Z   File "/usr/local/lib/python3.13/site-packages/opentelemetry/instrumentation/asgi/__init__.py", line 806, in __call__
2026-09-10T18:01:01.625848923Z     await self.app(scope, otel_receive, otel_send)
2026-09-10T18:01:01.625850857Z   File "/usr/local/lib/python3.13/site-packages/starlette/middleware/errors.py", line 186, in __call__
2026-09-10T18:01:01.625852791Z     raise exc
2026-09-10T18:01:01.625854705Z   File "/usr/local/lib/python3.13/site-packages/starlette/middleware/errors.py", line 164, in __call__
2026-09-10T18:01:01.625856639Z     await self.app(scope, receive, _send)
2026-09-10T18:01:01.625858563Z   File "/usr/local/lib/python3.13/site-packages/opentelemetry/instrumentation/fastapi/__init__.py", line 305, in __call__
2026-09-10T18:01:01.625860496Z     await self.app(scope, receive, send)
2026-09-10T18:01:01.625862420Z   File "/usr/local/lib/python3.13/site-packages/prometheus_fastapi_instrumentator/middleware.py", line 177, in __call__
2026-09-10T18:01:01.625864414Z     raise exc
2026-09-10T18:01:01.625866328Z   File "/usr/local/lib/python3.13/site-packages/prometheus_fastapi_instrumentator/middleware.py", line 175, in __call__
2026-09-10T18:01:01.625868272Z     await self.app(scope, receive, send_wrapper)
2026-09-10T18:01:01.625870396Z   File "/usr/local/lib/python3.13/site-packages/starlette/middleware/exceptions.py", line 63, in __call__
2026-09-10T18:01:01.625872871Z     await wrap_app_handling_exceptions(self.app, conn)(scope, receive, send)
2026-09-10T18:01:01.625874795Z   File "/usr/local/lib/python3.13/site-packages/starlette/_exception_handler.py", line 53, in wrapped_app
2026-09-10T18:01:01.625876719Z     raise exc
2026-09-10T18:01:01.625878622Z   File "/usr/local/lib/python3.13/site-packages/starlette/_exception_handler.py", line 42, in wrapped_app
2026-09-10T18:01:01.625880727Z     await app(scope, receive, sender)
2026-09-10T18:01:01.625882650Z   File "/usr/local/lib/python3.13/site-packages/fastapi/middleware/asyncexitstack.py", line 18, in __call__
2026-09-10T18:01:01.625884594Z     await self.app(scope, receive, send)
2026-09-10T18:01:01.625886528Z   File "/usr/local/lib/python3.13/site-packages/starlette/routing.py", line 716, in __call__
2026-09-10T18:01:01.625888452Z     await self.middleware_stack(scope, receive, send)
2026-09-10T18:01:01.625890376Z   File "/usr/local/lib/python3.13/site-packages/starlette/routing.py", line 736, in app
2026-09-10T18:01:01.625892370Z     await route.handle(scope, receive, send)
2026-09-10T18:01:01.625894334Z   File "/usr/local/lib/python3.13/site-packages/starlette/routing.py", line 290, in handle
2026-09-10T18:01:01.625896267Z     await self.app(scope, receive, send)
2026-09-10T18:01:01.625898301Z   File "/usr/local/lib/python3.13/site-packages/fastapi/routing.py", line 134, in app
2026-09-10T18:01:01.625900315Z     await wrap_app_handling_exceptions(app, request)(scope, receive, send)
2026-09-10T18:01:01.625902430Z   File "/usr/local/lib/python3.13/site-packages/starlette/_exception_handler.py", line 53, in wrapped_app
2026-09-10T18:01:01.625907209Z     raise exc
2026-09-10T18:01:01.625909263Z   File "/usr/local/lib/python3.13/site-packages/starlette/_exception_handler.py", line 42, in wrapped_app
2026-09-10T18:01:01.625911187Z     await app(scope, receive, sender)
2026-09-10T18:01:01.625913111Z   File "/usr/local/lib/python3.13/site-packages/fastapi/routing.py", line 120, in app
2026-09-10T18:01:01.625915516Z     response = await f(request)
2026-09-10T18:01:01.625933060Z                ^^^^^^^^^^^^^^^^
2026-09-10T18:01:01.625935084Z   File "/usr/local/lib/python3.13/site-packages/fastapi/routing.py", line 674, in app
2026-09-10T18:01:01.625936998Z     raw_response = await run_endpoint_function(
2026-09-10T18:01:01.625939012Z                    ^^^^^^^^^^^^^^^^^^^^^^^^^^^^
2026-09-10T18:01:01.625941567Z     ...<3 lines>...
2026-09-10T18:01:01.625943511Z     )
2026-09-10T18:01:01.625945455Z     ^
2026-09-10T18:01:01.625947399Z   File "/usr/local/lib/python3.13/site-packages/fastapi/routing.py", line 330, in run_endpoint_function
2026-09-10T18:01:01.625949313Z     return await run_in_threadpool(dependant.call, **values)
2026-09-10T18:01:01.625951237Z            ^^^^^^^^^^^^^^^^^^^^^^^^^^^^^^^^^^^^^^^^^^^^^^^^^
2026-09-10T18:01:01.625966837Z   File "/usr/local/lib/python3.13/site-packages/starlette/concurrency.py", line 32, in run_in_threadpool
2026-09-10T18:01:01.625968942Z     return await anyio.to_thread.run_sync(func)
2026-09-10T18:01:01.625970875Z            ^^^^^^^^^^^^^^^^^^^^^^^^^^^^^^^^^^^^
2026-09-10T18:01:01.625972819Z   File "/usr/local/lib/python3.13/site-packages/anyio/to_thread.py", line 63, in run_sync
2026-09-10T18:01:01.625974803Z     return await get_async_backend().run_sync_in_worker_thread(
2026-09-10T18:01:01.625976717Z            ^^^^^^^^^^^^^^^^^^^^^^^^^^^^^^^^^^^^^^^^^^^^^^^^^^^^
2026-09-10T18:01:01.625978641Z         func, args, abandon_on_cancel=abandon_on_cancel, limiter=limiter
2026-09-10T18:01:01.625980815Z         ^^^^^^^^^^^^^^^^^^^^^^^^^^^^^^^^^^^^^^^^^^^^^^^^^^^^^^^^^^^^^^^^
2026-09-10T18:01:01.625982859Z     )
2026-09-10T18:01:01.625984783Z     ^
2026-09-10T18:01:01.625986697Z   File "/usr/local/lib/python3.13/site-packages/anyio/_backends/_asyncio.py", line 2518, in run_sync_in_worker_thread
2026-09-10T18:01:01.625988641Z     return await future
2026-09-10T18:01:01.625990675Z            ^^^^^^^^^^^^
2026-09-10T18:01:01.625992579Z   File "/usr/local/lib/python3.13/site-packages/anyio/_backends/_asyncio.py", line 1002, in run
2026-09-10T18:01:01.625994502Z     result = context.run(func, *args)
2026-09-10T18:01:01.625996406Z   File "/app/app/routers/orders.py", line 36, in checkout
2026-09-10T18:01:01.625998330Z     return create_order(
2026-09-10T18:01:01.626000304Z         db=db,
2026-09-10T18:01:01.626002268Z     ...<2 lines>...
2026-09-10T18:01:01.626004202Z         correlation_id=correlation_id,
2026-09-10T18:01:01.626006155Z     )
2026-09-10T18:01:01.626008119Z   File "/app/app/services/order_service.py", line 42, in create_order
2026-09-10T18:01:01.626010063Z     result = db.execute(
2026-09-10T18:01:01.626011997Z         select(ProductModel).where(ProductModel.id == product_id)
2026-09-10T18:01:01.626013941Z     )
2026-09-10T18:01:01.626015875Z   File "/usr/local/lib/python3.13/site-packages/sqlalchemy/orm/session.py", line 2372, in execute
2026-09-10T18:01:01.626017789Z     return self._execute_internal(
2026-09-10T18:01:01.626019732Z            ~~~~~~~~~~~~~~~~~~~~~~^
2026-09-10T18:01:01.626021726Z         statement,
2026-09-10T18:01:01.626023660Z         ^^^^^^^^^^
2026-09-10T18:01:01.626025574Z     ...<4 lines>...
2026-09-10T18:01:01.626027498Z         _add_event=_add_event,
2026-09-10T18:01:01.626029422Z         ^^^^^^^^^^^^^^^^^^^^^^
2026-09-10T18:01:01.626031325Z     )
2026-09-10T18:01:01.626033239Z     ^
2026-09-10T18:01:01.626035173Z   File "/usr/local/lib/python3.13/site-packages/sqlalchemy/orm/session.py", line 2260, in _execute_internal
2026-09-10T18:01:01.626037127Z     conn = self._connection_for_bind(bind)
2026-09-10T18:01:01.626039071Z   File "/usr/local/lib/python3.13/site-packages/sqlalchemy/orm/session.py", line 2112, in _connection_for_bind
2026-09-10T18:01:01.626045995Z     return trans._connection_for_bind(engine, execution_options)
2026-09-10T18:01:01.626047938Z            ~~~~~~~~~~~~~~~~~~~~~~~~~~^^^^^^^^^^^^^^^^^^^^^^^^^^^
2026-09-10T18:01:01.626049862Z   File "<string>", line 2, in _connection_for_bind
2026-09-10T18:01:01.626051796Z   File "/usr/local/lib/python3.13/site-packages/sqlalchemy/orm/state_changes.py", line 137, in _go
2026-09-10T18:01:01.626053790Z     ret_value = fn(self, *arg, **kw)
2026-09-10T18:01:01.626055734Z   File "/usr/local/lib/python3.13/site-packages/sqlalchemy/orm/session.py", line 1191, in _connection_for_bind
2026-09-10T18:01:01.626057668Z     conn = bind.connect()
2026-09-10T18:01:01.626060303Z   File "/usr/local/lib/python3.13/site-packages/opentelemetry/instrumentation/sqlalchemy/engine.py", line 200, in _wrap_connect_internal
2026-09-10T18:01:01.626062227Z     return func(*args, **kwargs)
2026-09-10T18:01:01.626064161Z   File "/usr/local/lib/python3.13/site-packages/sqlalchemy/engine/base.py", line 3295, in connect
2026-09-10T18:01:01.626066084Z     return self._connection_cls(self)
2026-09-10T18:01:01.626067988Z            ~~~~~~~~~~~~~~~~~~~~^^^^^^
2026-09-10T18:01:01.626069912Z   File "/usr/local/lib/python3.13/site-packages/sqlalchemy/engine/base.py", line 144, in __init__
2026-09-10T18:01:01.626071826Z     self._dbapi_connection = engine.raw_connection()
2026-09-10T18:01:01.626073780Z                              ~~~~~~~~~~~~~~~~~~~~~^^
2026-09-10T18:01:01.626078910Z   File "/usr/local/lib/python3.13/site-packages/sqlalchemy/engine/base.py", line 3319, in raw_connection
2026-09-10T18:01:01.626080884Z     return self.pool.connect()
2026-09-10T18:01:01.626082818Z            ~~~~~~~~~~~~~~~~~^^
2026-09-10T18:01:01.626084761Z   File "/usr/local/lib/python3.13/site-packages/sqlalchemy/pool/base.py", line 448, in connect
2026-09-10T18:01:01.626086675Z     return _ConnectionFairy._checkout(self)
2026-09-10T18:01:01.626088579Z            ~~~~~~~~~~~~~~~~~~~~~~~~~~^^^^^^
2026-09-10T18:01:01.626090553Z   File "/usr/local/lib/python3.13/site-packages/sqlalchemy/pool/base.py", line 1272, in _checkout
2026-09-10T18:01:01.626092477Z     fairy = _ConnectionRecord.checkout(pool)
2026-09-10T18:01:01.626094411Z   File "/usr/local/lib/python3.13/site-packages/sqlalchemy/pool/base.py", line 712, in checkout
2026-09-10T18:01:01.626096314Z     rec = pool._do_get()
2026-09-10T18:01:01.626098248Z   File "/usr/local/lib/python3.13/site-packages/sqlalchemy/pool/impl.py", line 167, in _do_get
2026-09-10T18:01:01.626100152Z     raise exc.TimeoutError(
2026-09-10T18:01:01.626102066Z     ...<4 lines>...
2026-09-10T18:01:01.626103990Z     )
2026-09-10T18:01:01.626106555Z sqlalchemy.exc.TimeoutError: QueuePool limit of size 5 overflow 10 reached, connection timed out, timeout 30.00 (Background on this error at: https://sqlalche.me/e/20/3o7r)
2026-09-10T18:01:01.631485138Z ERROR:    Exception in ASGI application
2026-09-10T18:01:01.631522893Z Traceback (most recent call last):
2026-09-10T18:01:01.631525909Z   File "/usr/local/lib/python3.13/site-packages/uvicorn/protocols/http/httptools_impl.py", line 421, in run_asgi
2026-09-10T18:01:01.631528845Z     result = await app(  # type: ignore[func-returns-value]
2026-09-10T18:01:01.631530758Z              ^^^^^^^^^^^^^^^^^^^^^^^^^^^^^^^^^^^^^^^^^^^^^^
2026-09-10T18:01:01.631532732Z         self.scope, self.receive, self.send
2026-09-10T18:01:01.631534836Z         ^^^^^^^^^^^^^^^^^^^^^^^^^^^^^^^^^^^
2026-09-10T18:01:01.631537001Z     )
2026-09-10T18:01:01.631538945Z     ^
2026-09-10T18:01:01.631540878Z   File "/usr/local/lib/python3.13/site-packages/uvicorn/middleware/proxy_headers.py", line 63, in __call__
2026-09-10T18:01:01.631561309Z     return await self.app(scope, receive, send)
2026-09-10T18:01:01.631563343Z            ^^^^^^^^^^^^^^^^^^^^^^^^^^^^^^^^^^^^
2026-09-10T18:01:01.631565988Z   File "/usr/local/lib/python3.13/site-packages/fastapi/applications.py", line 1159, in __call__
2026-09-10T18:01:01.631567882Z     await super().__call__(scope, receive, send)
2026-09-10T18:01:01.631569786Z   File "/usr/local/lib/python3.13/site-packages/starlette/applications.py", line 107, in __call__
2026-09-10T18:01:01.631571740Z     await self.middleware_stack(scope, receive, send)
2026-09-10T18:01:01.631573664Z   File "/usr/local/lib/python3.13/site-packages/starlette/middleware/errors.py", line 186, in __call__
2026-09-10T18:01:01.631575637Z     raise exc
2026-09-10T18:01:01.631577631Z   File "/usr/local/lib/python3.13/site-packages/starlette/middleware/errors.py", line 164, in __call__
2026-09-10T18:01:01.631579976Z     await self.app(scope, receive, _send)
2026-09-10T18:01:01.631582521Z   File "/usr/local/lib/python3.13/site-packages/opentelemetry/instrumentation/asgi/__init__.py", line 806, in __call__
2026-09-10T18:01:01.631584465Z     await self.app(scope, otel_receive, otel_send)
2026-09-10T18:01:01.631586419Z   File "/usr/local/lib/python3.13/site-packages/starlette/middleware/errors.py", line 186, in __call__
2026-09-10T18:01:01.631588363Z     raise exc
2026-09-10T18:01:01.631590256Z   File "/usr/local/lib/python3.13/site-packages/starlette/middleware/errors.py", line 164, in __call__
2026-09-10T18:01:01.631592180Z     await self.app(scope, receive, _send)
2026-09-10T18:01:01.631594104Z   File "/usr/local/lib/python3.13/site-packages/opentelemetry/instrumentation/fastapi/__init__.py", line 305, in __call__
2026-09-10T18:01:01.631596028Z     await self.app(scope, receive, send)
2026-09-10T18:01:01.631598042Z   File "/usr/local/lib/python3.13/site-packages/prometheus_fastapi_instrumentator/middleware.py", line 177, in __call__
2026-09-10T18:01:01.631599966Z     raise exc
2026-09-10T18:01:01.631601890Z   File "/usr/local/lib/python3.13/site-packages/prometheus_fastapi_instrumentator/middleware.py", line 175, in __call__
2026-09-10T18:01:01.631603924Z     await self.app(scope, receive, send_wrapper)
2026-09-10T18:01:01.631605857Z   File "/usr/local/lib/python3.13/site-packages/starlette/middleware/exceptions.py", line 63, in __call__
2026-09-10T18:01:01.631608232Z     await wrap_app_handling_exceptions(self.app, conn)(scope, receive, send)
2026-09-10T18:01:01.631610236Z   File "/usr/local/lib/python3.13/site-packages/starlette/_exception_handler.py", line 53, in wrapped_app
2026-09-10T18:01:01.631612230Z     raise exc
2026-09-10T18:01:01.631614164Z   File "/usr/local/lib/python3.13/site-packages/starlette/_exception_handler.py", line 42, in wrapped_app
2026-09-10T18:01:01.631616088Z     await app(scope, receive, sender)
2026-09-10T18:01:01.631617981Z   File "/usr/local/lib/python3.13/site-packages/fastapi/middleware/asyncexitstack.py", line 18, in __call__
2026-09-10T18:01:01.631619905Z     await self.app(scope, receive, send)
2026-09-10T18:01:01.631621819Z   File "/usr/local/lib/python3.13/site-packages/starlette/routing.py", line 716, in __call__
2026-09-10T18:01:01.631623763Z     await self.middleware_stack(scope, receive, send)
2026-09-10T18:01:01.631625787Z   File "/usr/local/lib/python3.13/site-packages/starlette/routing.py", line 736, in app
2026-09-10T18:01:01.631627681Z     await route.handle(scope, receive, send)
2026-09-10T18:01:01.631629605Z   File "/usr/local/lib/python3.13/site-packages/starlette/routing.py", line 290, in handle
2026-09-10T18:01:01.631631518Z     await self.app(scope, receive, send)
2026-09-10T18:01:01.631633432Z   File "/usr/local/lib/python3.13/site-packages/fastapi/routing.py", line 134, in app
2026-09-10T18:01:01.631640707Z     await wrap_app_handling_exceptions(app, request)(scope, receive, send)
2026-09-10T18:01:01.631642670Z   File "/usr/local/lib/python3.13/site-packages/starlette/_exception_handler.py", line 53, in wrapped_app
2026-09-10T18:01:01.631644584Z     raise exc
2026-09-10T18:01:01.631646578Z   File "/usr/local/lib/python3.13/site-packages/starlette/_exception_handler.py", line 42, in wrapped_app
2026-09-10T18:01:01.631648602Z     await app(scope, receive, sender)
2026-09-10T18:01:01.631650486Z   File "/usr/local/lib/python3.13/site-packages/fastapi/routing.py", line 120, in app
2026-09-10T18:01:01.631652951Z     response = await f(request)
2026-09-10T18:01:01.631655015Z                ^^^^^^^^^^^^^^^^
2026-09-10T18:01:01.631657049Z   File "/usr/local/lib/python3.13/site-packages/fastapi/routing.py", line 674, in app
2026-09-10T18:01:01.631658973Z     raw_response = await run_endpoint_function(
2026-09-10T18:01:01.631660897Z                    ^^^^^^^^^^^^^^^^^^^^^^^^^^^^
2026-09-10T18:01:01.631663271Z     ...<3 lines>...
2026-09-10T18:01:01.631665215Z     )
2026-09-10T18:01:01.631667139Z     ^
2026-09-10T18:01:01.631669043Z   File "/usr/local/lib/python3.13/site-packages/fastapi/routing.py", line 330, in run_endpoint_function
2026-09-10T18:01:01.631670957Z     return await run_in_threadpool(dependant.call, **values)
2026-09-10T18:01:01.631672910Z            ^^^^^^^^^^^^^^^^^^^^^^^^^^^^^^^^^^^^^^^^^^^^^^^^^
2026-09-10T18:01:01.631682069Z   File "/usr/local/lib/python3.13/site-packages/starlette/concurrency.py", line 32, in run_in_threadpool
2026-09-10T18:01:01.631684163Z     return await anyio.to_thread.run_sync(func)
2026-09-10T18:01:01.631686117Z            ^^^^^^^^^^^^^^^^^^^^^^^^^^^^^^^^^^^^
2026-09-10T18:01:01.631688010Z   File "/usr/local/lib/python3.13/site-packages/anyio/to_thread.py", line 63, in run_sync
2026-09-10T18:01:01.631690044Z     return await get_async_backend().run_sync_in_worker_thread(
2026-09-10T18:01:01.631691978Z            ^^^^^^^^^^^^^^^^^^^^^^^^^^^^^^^^^^^^^^^^^^^^^^^^^^^^
2026-09-10T18:01:01.631693982Z         func, args, abandon_on_cancel=abandon_on_cancel, limiter=limiter
2026-09-10T18:01:01.631695906Z         ^^^^^^^^^^^^^^^^^^^^^^^^^^^^^^^^^^^^^^^^^^^^^^^^^^^^^^^^^^^^^^^^
2026-09-10T18:01:01.631697810Z     )
2026-09-10T18:01:01.631699724Z     ^
2026-09-10T18:01:01.631701637Z   File "/usr/local/lib/python3.13/site-packages/anyio/_backends/_asyncio.py", line 2518, in run_sync_in_worker_thread
2026-09-10T18:01:01.631703581Z     return await future
2026-09-10T18:01:01.631705525Z            ^^^^^^^^^^^^
2026-09-10T18:01:01.631707439Z   File "/usr/local/lib/python3.13/site-packages/anyio/_backends/_asyncio.py", line 1002, in run
2026-09-10T18:01:01.631709363Z     result = context.run(func, *args)
2026-09-10T18:01:01.631711287Z   File "/app/app/routers/orders.py", line 36, in checkout
2026-09-10T18:01:01.631713210Z     return create_order(
2026-09-10T18:01:01.631715144Z         db=db,
2026-09-10T18:01:01.631717138Z     ...<2 lines>...
2026-09-10T18:01:01.631719052Z         correlation_id=correlation_id,
2026-09-10T18:01:01.631721036Z     )
2026-09-10T18:01:01.631722980Z   File "/app/app/services/order_service.py", line 42, in create_order
2026-09-10T18:01:01.631724944Z     result = db.execute(
2026-09-10T18:01:01.631726888Z         select(ProductModel).where(ProductModel.id == product_id)
2026-09-10T18:01:01.631728801Z     )
2026-09-10T18:01:01.631730735Z   File "/usr/local/lib/python3.13/site-packages/sqlalchemy/orm/session.py", line 2372, in execute
2026-09-10T18:01:01.631732669Z     return self._execute_internal(
2026-09-10T18:01:01.631734593Z            ~~~~~~~~~~~~~~~~~~~~~~^
2026-09-10T18:01:01.631741166Z         statement,
2026-09-10T18:01:01.631743130Z         ^^^^^^^^^^
2026-09-10T18:01:01.631745074Z     ...<4 lines>...
2026-09-10T18:01:01.631747008Z         _add_event=_add_event,
2026-09-10T18:01:01.631748921Z         ^^^^^^^^^^^^^^^^^^^^^^
2026-09-10T18:01:01.631750835Z     )
2026-09-10T18:01:01.631752759Z     ^
2026-09-10T18:01:01.631754703Z   File "/usr/local/lib/python3.13/site-packages/sqlalchemy/orm/session.py", line 2260, in _execute_internal
2026-09-10T18:01:01.631756677Z     conn = self._connection_for_bind(bind)
2026-09-10T18:01:01.631758591Z   File "/usr/local/lib/python3.13/site-packages/sqlalchemy/orm/session.py", line 2112, in _connection_for_bind
2026-09-10T18:01:01.631760544Z     return trans._connection_for_bind(engine, execution_options)
2026-09-10T18:01:01.631762458Z            ~~~~~~~~~~~~~~~~~~~~~~~~~~^^^^^^^^^^^^^^^^^^^^^^^^^^^
2026-09-10T18:01:01.631764372Z   File "<string>", line 2, in _connection_for_bind
2026-09-10T18:01:01.631766286Z   File "/usr/local/lib/python3.13/site-packages/sqlalchemy/orm/state_changes.py", line 137, in _go
2026-09-10T18:01:01.631768230Z     ret_value = fn(self, *arg, **kw)
2026-09-10T18:01:01.631770184Z   File "/usr/local/lib/python3.13/site-packages/sqlalchemy/orm/session.py", line 1191, in _connection_for_bind
2026-09-10T18:01:01.631772087Z     conn = bind.connect()
2026-09-10T18:01:01.631774512Z   File "/usr/local/lib/python3.13/site-packages/opentelemetry/instrumentation/sqlalchemy/engine.py", line 200, in _wrap_connect_internal
2026-09-10T18:01:01.631776456Z     return func(*args, **kwargs)
2026-09-10T18:01:01.631778370Z   File "/usr/local/lib/python3.13/site-packages/sqlalchemy/engine/base.py", line 3295, in connect
2026-09-10T18:01:01.631780304Z     return self._connection_cls(self)
2026-09-10T18:01:01.631782207Z            ~~~~~~~~~~~~~~~~~~~~^^^^^^
2026-09-10T18:01:01.631784121Z   File "/usr/local/lib/python3.13/site-packages/sqlalchemy/engine/base.py", line 144, in __init__
2026-09-10T18:01:01.631786055Z     self._dbapi_connection = engine.raw_connection()
2026-09-10T18:01:01.631787959Z                              ~~~~~~~~~~~~~~~~~~~~~^^
2026-09-10T18:01:01.631789863Z   File "/usr/local/lib/python3.13/site-packages/sqlalchemy/engine/base.py", line 3319, in raw_connection
2026-09-10T18:01:01.631791796Z     return self.pool.connect()
2026-09-10T18:01:01.631793720Z            ~~~~~~~~~~~~~~~~~^^
2026-09-10T18:01:01.631795654Z   File "/usr/local/lib/python3.13/site-packages/sqlalchemy/pool/base.py", line 448, in connect
2026-09-10T18:01:01.631797568Z     return _ConnectionFairy._checkout(self)
2026-09-10T18:01:01.631799472Z            ~~~~~~~~~~~~~~~~~~~~~~~~~~^^^^^^
2026-09-10T18:01:01.631801365Z   File "/usr/local/lib/python3.13/site-packages/sqlalchemy/pool/base.py", line 1272, in _checkout
2026-09-10T18:01:01.631803279Z     fairy = _ConnectionRecord.checkout(pool)
2026-09-10T18:01:01.631805173Z   File "/usr/local/lib/python3.13/site-packages/sqlalchemy/pool/base.py", line 712, in checkout
2026-09-10T18:01:01.631807107Z     rec = pool._do_get()
2026-09-10T18:01:01.631809011Z   File "/usr/local/lib/python3.13/site-packages/sqlalchemy/pool/impl.py", line 167, in _do_get
2026-09-10T18:01:01.631810924Z     raise exc.TimeoutError(
2026-09-10T18:01:01.631812848Z     ...<4 lines>...
2026-09-10T18:01:01.631814752Z     )
2026-09-10T18:01:01.631817317Z sqlalchemy.exc.TimeoutError: QueuePool limit of size 5 overflow 10 reached, connection timed out, timeout 30.00 (Background on this error at: https://sqlalche.me/e/20/3o7r)
2026-09-10T18:01:01.636121619Z ERROR:    Exception in ASGI application
2026-09-10T18:01:01.636198933Z Traceback (most recent call last):
2026-09-10T18:01:01.636247249Z   File "/usr/local/lib/python3.13/site-packages/uvicorn/protocols/http/httptools_impl.py", line 421, in run_asgi
2026-09-10T18:01:01.636253030Z     result = await app(  # type: ignore[func-returns-value]
2026-09-10T18:01:01.636257709Z              ^^^^^^^^^^^^^^^^^^^^^^^^^^^^^^^^^^^^^^^^^^^^^^
2026-09-10T18:01:01.636262238Z         self.scope, self.receive, self.send
2026-09-10T18:01:01.636266868Z         ^^^^^^^^^^^^^^^^^^^^^^^^^^^^^^^^^^^
2026-09-10T18:01:01.636272308Z     )
2026-09-10T18:01:01.636277078Z     ^
2026-09-10T18:01:01.636287549Z   File "/usr/local/lib/python3.13/site-packages/uvicorn/middleware/proxy_headers.py", line 63, in __call__
2026-09-10T18:01:01.636292619Z     return await self.app(scope, receive, send)
2026-09-10T18:01:01.636297278Z            ^^^^^^^^^^^^^^^^^^^^^^^^^^^^^^^^^^^^
2026-09-10T18:01:01.636302538Z   File "/usr/local/lib/python3.13/site-packages/fastapi/applications.py", line 1159, in __call__
2026-09-10T18:01:01.636307178Z     await super().__call__(scope, receive, send)
2026-09-10T18:01:01.636311787Z   File "/usr/local/lib/python3.13/site-packages/starlette/applications.py", line 107, in __call__
2026-09-10T18:01:01.636316516Z     await self.middleware_stack(scope, receive, send)
2026-09-10T18:01:01.636322248Z   File "/usr/local/lib/python3.13/site-packages/starlette/middleware/errors.py", line 186, in __call__
2026-09-10T18:01:01.636327478Z     raise exc
2026-09-10T18:01:01.636332839Z   File "/usr/local/lib/python3.13/site-packages/starlette/middleware/errors.py", line 164, in __call__
2026-09-10T18:01:01.636338229Z     await self.app(scope, receive, _send)
2026-09-10T18:01:01.636344261Z   File "/usr/local/lib/python3.13/site-packages/opentelemetry/instrumentation/asgi/__init__.py", line 806, in __call__
2026-09-10T18:01:01.636349642Z     await self.app(scope, otel_receive, otel_send)
2026-09-10T18:01:01.636354952Z   File "/usr/local/lib/python3.13/site-packages/starlette/middleware/errors.py", line 186, in __call__
2026-09-10T18:01:01.636359572Z     raise exc
2026-09-10T18:01:01.636364201Z   File "/usr/local/lib/python3.13/site-packages/starlette/middleware/errors.py", line 164, in __call__
2026-09-10T18:01:01.636368870Z     await self.app(scope, receive, _send)
2026-09-10T18:01:01.636373489Z   File "/usr/local/lib/python3.13/site-packages/opentelemetry/instrumentation/fastapi/__init__.py", line 305, in __call__
2026-09-10T18:01:01.636378028Z     await self.app(scope, receive, send)
2026-09-10T18:01:01.636382577Z   File "/usr/local/lib/python3.13/site-packages/prometheus_fastapi_instrumentator/middleware.py", line 177, in __call__
2026-09-10T18:01:01.636387257Z     raise exc
2026-09-10T18:01:01.636391976Z   File "/usr/local/lib/python3.13/site-packages/prometheus_fastapi_instrumentator/middleware.py", line 175, in __call__
2026-09-10T18:01:01.636396565Z     await self.app(scope, receive, send_wrapper)
2026-09-10T18:01:01.636401124Z   File "/usr/local/lib/python3.13/site-packages/starlette/middleware/exceptions.py", line 63, in __call__
2026-09-10T18:01:01.636406284Z     await wrap_app_handling_exceptions(self.app, conn)(scope, receive, send)
2026-09-10T18:01:01.636410974Z   File "/usr/local/lib/python3.13/site-packages/starlette/_exception_handler.py", line 53, in wrapped_app
2026-09-10T18:01:01.636415563Z     raise exc
2026-09-10T18:01:01.636420082Z   File "/usr/local/lib/python3.13/site-packages/starlette/_exception_handler.py", line 42, in wrapped_app
2026-09-10T18:01:01.636424631Z     await app(scope, receive, sender)
2026-09-10T18:01:01.636429210Z   File "/usr/local/lib/python3.13/site-packages/fastapi/middleware/asyncexitstack.py", line 18, in __call__
2026-09-10T18:01:01.636433729Z     await self.app(scope, receive, send)
2026-09-10T18:01:01.636450121Z   File "/usr/local/lib/python3.13/site-packages/starlette/routing.py", line 716, in __call__
2026-09-10T18:01:01.636454791Z     await self.middleware_stack(scope, receive, send)
2026-09-10T18:01:01.636459510Z   File "/usr/local/lib/python3.13/site-packages/starlette/routing.py", line 736, in app
2026-09-10T18:01:01.636464119Z     await route.handle(scope, receive, send)
2026-09-10T18:01:01.636468728Z   File "/usr/local/lib/python3.13/site-packages/starlette/routing.py", line 290, in handle
2026-09-10T18:01:01.636473267Z     await self.app(scope, receive, send)
2026-09-10T18:01:01.636477896Z   File "/usr/local/lib/python3.13/site-packages/fastapi/routing.py", line 134, in app
2026-09-10T18:01:01.636482516Z     await wrap_app_handling_exceptions(app, request)(scope, receive, send)
2026-09-10T18:01:01.636487125Z   File "/usr/local/lib/python3.13/site-packages/starlette/_exception_handler.py", line 53, in wrapped_app
2026-09-10T18:01:01.636491734Z     raise exc
2026-09-10T18:01:01.636496463Z   File "/usr/local/lib/python3.13/site-packages/starlette/_exception_handler.py", line 42, in wrapped_app
2026-09-10T18:01:01.636501002Z     await app(scope, receive, sender)
2026-09-10T18:01:01.636505601Z   File "/usr/local/lib/python3.13/site-packages/fastapi/routing.py", line 120, in app
2026-09-10T18:01:01.636511022Z     response = await f(request)
2026-09-10T18:01:01.636515581Z                ^^^^^^^^^^^^^^^^
2026-09-10T18:01:01.636520130Z   File "/usr/local/lib/python3.13/site-packages/fastapi/routing.py", line 674, in app
2026-09-10T18:01:01.636524729Z     raw_response = await run_endpoint_function(
2026-09-10T18:01:01.636529509Z                    ^^^^^^^^^^^^^^^^^^^^^^^^^^^^
2026-09-10T18:01:01.636534869Z     ...<3 lines>...
2026-09-10T18:01:01.636539398Z     )
2026-09-10T18:01:01.636543917Z     ^
2026-09-10T18:01:01.636551202Z   File "/usr/local/lib/python3.13/site-packages/fastapi/routing.py", line 330, in run_endpoint_function
2026-09-10T18:01:01.636555931Z     return await run_in_threadpool(dependant.call, **values)
2026-09-10T18:01:01.636560651Z            ^^^^^^^^^^^^^^^^^^^^^^^^^^^^^^^^^^^^^^^^^^^^^^^^^
2026-09-10T18:01:01.637220260Z   File "/usr/local/lib/python3.13/site-packages/starlette/concurrency.py", line 32, in run_in_threadpool
2026-09-10T18:01:01.637230620Z     return await anyio.to_thread.run_sync(func)
2026-09-10T18:01:01.637235320Z            ^^^^^^^^^^^^^^^^^^^^^^^^^^^^^^^^^^^^
2026-09-10T18:01:01.637239738Z   File "/usr/local/lib/python3.13/site-packages/anyio/to_thread.py", line 63, in run_sync
2026-09-10T18:01:01.637244127Z     return await get_async_backend().run_sync_in_worker_thread(
2026-09-10T18:01:01.637251512Z            ^^^^^^^^^^^^^^^^^^^^^^^^^^^^^^^^^^^^^^^^^^^^^^^^^^^^
2026-09-10T18:01:01.637256011Z         func, args, abandon_on_cancel=abandon_on_cancel, limiter=limiter
2026-09-10T18:01:01.637260349Z         ^^^^^^^^^^^^^^^^^^^^^^^^^^^^^^^^^^^^^^^^^^^^^^^^^^^^^^^^^^^^^^^^
2026-09-10T18:01:01.637264898Z     )
2026-09-10T18:01:01.637269287Z     ^
2026-09-10T18:01:01.637273766Z   File "/usr/local/lib/python3.13/site-packages/anyio/_backends/_asyncio.py", line 2518, in run_sync_in_worker_thread
2026-09-10T18:01:01.637278175Z     return await future
2026-09-10T18:01:01.637282473Z            ^^^^^^^^^^^^
2026-09-10T18:01:01.637286782Z   File "/usr/local/lib/python3.13/site-packages/anyio/_backends/_asyncio.py", line 1002, in run
2026-09-10T18:01:01.637291090Z     result = context.run(func, *args)
2026-09-10T18:01:01.637295519Z   File "/app/app/routers/orders.py", line 36, in checkout
2026-09-10T18:01:01.637299928Z     return create_order(
2026-09-10T18:01:01.637304306Z         db=db,
2026-09-10T18:01:01.637329506Z     ...<2 lines>...
2026-09-10T18:01:01.637334055Z         correlation_id=correlation_id,
2026-09-10T18:01:01.637338424Z     )
2026-09-10T18:01:01.637342863Z   File "/app/app/services/order_service.py", line 42, in create_order
2026-09-10T18:01:01.637347192Z     result = db.execute(
2026-09-10T18:01:01.637351620Z         select(ProductModel).where(ProductModel.id == product_id)
2026-09-10T18:01:01.637353955Z     )
2026-09-10T18:01:01.637356079Z   File "/usr/local/lib/python3.13/site-packages/sqlalchemy/orm/session.py", line 2372, in execute
2026-09-10T18:01:01.637358013Z     return self._execute_internal(
2026-09-10T18:01:01.637359937Z            ~~~~~~~~~~~~~~~~~~~~~~^
2026-09-10T18:01:01.637361841Z         statement,
2026-09-10T18:01:01.637363784Z         ^^^^^^^^^^
2026-09-10T18:01:01.637365698Z     ...<4 lines>...
2026-09-10T18:01:01.637367602Z         _add_event=_add_event,
2026-09-10T18:01:01.637369676Z         ^^^^^^^^^^^^^^^^^^^^^^
2026-09-10T18:01:01.637372081Z     )
2026-09-10T18:01:01.637374496Z     ^
2026-09-10T18:01:01.637376931Z   File "/usr/local/lib/python3.13/site-packages/sqlalchemy/orm/session.py", line 2260, in _execute_internal
2026-09-10T18:01:01.637378914Z     conn = self._connection_for_bind(bind)
2026-09-10T18:01:01.637380848Z   File "/usr/local/lib/python3.13/site-packages/sqlalchemy/orm/session.py", line 2112, in _connection_for_bind
2026-09-10T18:01:01.637382782Z     return trans._connection_for_bind(engine, execution_options)
2026-09-10T18:01:01.637385127Z            ~~~~~~~~~~~~~~~~~~~~~~~~~~^^^^^^^^^^^^^^^^^^^^^^^^^^^
2026-09-10T18:01:01.637387512Z   File "<string>", line 2, in _connection_for_bind
2026-09-10T18:01:01.637389916Z   File "/usr/local/lib/python3.13/site-packages/sqlalchemy/orm/state_changes.py", line 137, in _go
2026-09-10T18:01:01.637392131Z     ret_value = fn(self, *arg, **kw)
2026-09-10T18:01:01.637394034Z   File "/usr/local/lib/python3.13/site-packages/sqlalchemy/orm/session.py", line 1191, in _connection_for_bind
2026-09-10T18:01:01.637395948Z     conn = bind.connect()
2026-09-10T18:01:01.637398443Z   File "/usr/local/lib/python3.13/site-packages/opentelemetry/instrumentation/sqlalchemy/engine.py", line 200, in _wrap_connect_internal
2026-09-10T18:01:01.637400447Z     return func(*args, **kwargs)
2026-09-10T18:01:01.637402361Z   File "/usr/local/lib/python3.13/site-packages/sqlalchemy/engine/base.py", line 3295, in connect
2026-09-10T18:01:01.637404295Z     return self._connection_cls(self)
2026-09-10T18:01:01.637406209Z            ~~~~~~~~~~~~~~~~~~~~^^^^^^
2026-09-10T18:01:01.637408122Z   File "/usr/local/lib/python3.13/site-packages/sqlalchemy/engine/base.py", line 144, in __init__
2026-09-10T18:01:01.637412712Z     self._dbapi_connection = engine.raw_connection()
2026-09-10T18:01:01.637414665Z                              ~~~~~~~~~~~~~~~~~~~~~^^
2026-09-10T18:01:01.637416559Z   File "/usr/local/lib/python3.13/site-packages/sqlalchemy/engine/base.py", line 3319, in raw_connection
2026-09-10T18:01:01.637418503Z     return self.pool.connect()
2026-09-10T18:01:01.637420417Z            ~~~~~~~~~~~~~~~~~^^
2026-09-10T18:01:01.637422361Z   File "/usr/local/lib/python3.13/site-packages/sqlalchemy/pool/base.py", line 448, in connect
2026-09-10T18:01:01.637424285Z     return _ConnectionFairy._checkout(self)
2026-09-10T18:01:01.637426519Z            ~~~~~~~~~~~~~~~~~~~~~~~~~~^^^^^^
2026-09-10T18:01:01.637428413Z   File "/usr/local/lib/python3.13/site-packages/sqlalchemy/pool/base.py", line 1272, in _checkout
2026-09-10T18:01:01.637430357Z     fairy = _ConnectionRecord.checkout(pool)
2026-09-10T18:01:01.637432260Z   File "/usr/local/lib/python3.13/site-packages/sqlalchemy/pool/base.py", line 712, in checkout
2026-09-10T18:01:01.637438984Z     rec = pool._do_get()
2026-09-10T18:01:01.637440918Z   File "/usr/local/lib/python3.13/site-packages/sqlalchemy/pool/impl.py", line 167, in _do_get
2026-09-10T18:01:01.637442881Z     raise exc.TimeoutError(
2026-09-10T18:01:01.637444815Z     ...<4 lines>...
2026-09-10T18:01:01.637446719Z     )
2026-09-10T18:01:01.637449124Z sqlalchemy.exc.TimeoutError: QueuePool limit of size 5 overflow 10 reached, connection timed out, timeout 30.00 (Background on this error at: https://sqlalche.me/e/20/3o7r)
2026-09-10T18:01:01.694404339Z ERROR:    Exception in ASGI application
2026-09-10T18:01:01.694438467Z Traceback (most recent call last):
2026-09-10T18:01:01.694441573Z   File "/usr/local/lib/python3.13/site-packages/uvicorn/protocols/http/httptools_impl.py", line 421, in run_asgi
2026-09-10T18:01:01.694445130Z     result = await app(  # type: ignore[func-returns-value]
2026-09-10T18:01:01.694447184Z              ^^^^^^^^^^^^^^^^^^^^^^^^^^^^^^^^^^^^^^^^^^^^^^
2026-09-10T18:01:01.694449128Z         self.scope, self.receive, self.send
2026-09-10T18:01:01.694451022Z         ^^^^^^^^^^^^^^^^^^^^^^^^^^^^^^^^^^^
2026-09-10T18:01:01.694452946Z     )
2026-09-10T18:01:01.694454970Z     ^
2026-09-10T18:01:01.694456934Z   File "/usr/local/lib/python3.13/site-packages/uvicorn/middleware/proxy_headers.py", line 63, in __call__
2026-09-10T18:01:01.694459048Z     return await self.app(scope, receive, send)
2026-09-10T18:01:01.694461102Z            ^^^^^^^^^^^^^^^^^^^^^^^^^^^^^^^^^^^^
2026-09-10T18:01:01.694463627Z   File "/usr/local/lib/python3.13/site-packages/fastapi/applications.py", line 1159, in __call__
2026-09-10T18:01:01.694465561Z     await super().__call__(scope, receive, send)
2026-09-10T18:01:01.694470701Z   File "/usr/local/lib/python3.13/site-packages/starlette/applications.py", line 107, in __call__
2026-09-10T18:01:01.694472685Z     await self.middleware_stack(scope, receive, send)
2026-09-10T18:01:01.694474599Z   File "/usr/local/lib/python3.13/site-packages/starlette/middleware/errors.py", line 186, in __call__
2026-09-10T18:01:01.694476543Z     raise exc
2026-09-10T18:01:01.694478456Z   File "/usr/local/lib/python3.13/site-packages/starlette/middleware/errors.py", line 164, in __call__
2026-09-10T18:01:01.694480390Z     await self.app(scope, receive, _send)
2026-09-10T18:01:01.694482945Z   File "/usr/local/lib/python3.13/site-packages/opentelemetry/instrumentation/asgi/__init__.py", line 806, in __call__
2026-09-10T18:01:01.694484879Z     await self.app(scope, otel_receive, otel_send)
2026-09-10T18:01:01.694486853Z   File "/usr/local/lib/python3.13/site-packages/starlette/middleware/errors.py", line 186, in __call__
2026-09-10T18:01:01.694488777Z     raise exc
2026-09-10T18:01:01.694490771Z   File "/usr/local/lib/python3.13/site-packages/starlette/middleware/errors.py", line 164, in __call__
2026-09-10T18:01:01.694492695Z     await self.app(scope, receive, _send)
2026-09-10T18:01:01.694494618Z   File "/usr/local/lib/python3.13/site-packages/opentelemetry/instrumentation/fastapi/__init__.py", line 305, in __call__
2026-09-10T18:01:01.694496552Z     await self.app(scope, receive, send)
2026-09-10T18:01:01.694498476Z   File "/usr/local/lib/python3.13/site-packages/prometheus_fastapi_instrumentator/middleware.py", line 177, in __call__
2026-09-10T18:01:01.694500390Z     raise exc
2026-09-10T18:01:01.694502294Z   File "/usr/local/lib/python3.13/site-packages/prometheus_fastapi_instrumentator/middleware.py", line 175, in __call__
2026-09-10T18:01:01.694504207Z     await self.app(scope, receive, send_wrapper)
2026-09-10T18:01:01.694506121Z   File "/usr/local/lib/python3.13/site-packages/starlette/middleware/exceptions.py", line 63, in __call__
2026-09-10T18:01:01.694532403Z     await wrap_app_handling_exceptions(self.app, conn)(scope, receive, send)
2026-09-10T18:01:01.694534488Z   File "/usr/local/lib/python3.13/site-packages/starlette/_exception_handler.py", line 53, in wrapped_app
2026-09-10T18:01:01.694536431Z     raise exc
2026-09-10T18:01:01.694538335Z   File "/usr/local/lib/python3.13/site-packages/starlette/_exception_handler.py", line 42, in wrapped_app
2026-09-10T18:01:01.694540239Z     await app(scope, receive, sender)
2026-09-10T18:01:01.694542153Z   File "/usr/local/lib/python3.13/site-packages/fastapi/middleware/asyncexitstack.py", line 18, in __call__
2026-09-10T18:01:01.694544077Z     await self.app(scope, receive, send)
2026-09-10T18:01:01.694546000Z   File "/usr/local/lib/python3.13/site-packages/starlette/routing.py", line 716, in __call__
2026-09-10T18:01:01.694547964Z     await self.middleware_stack(scope, receive, send)
2026-09-10T18:01:01.694549888Z   File "/usr/local/lib/python3.13/site-packages/starlette/routing.py", line 736, in app
2026-09-10T18:01:01.694551822Z     await route.handle(scope, receive, send)
2026-09-10T18:01:01.694553746Z   File "/usr/local/lib/python3.13/site-packages/starlette/routing.py", line 290, in handle
2026-09-10T18:01:01.694555660Z     await self.app(scope, receive, send)
2026-09-10T18:01:01.694557583Z   File "/usr/local/lib/python3.13/site-packages/fastapi/routing.py", line 134, in app
2026-09-10T18:01:01.694559497Z     await wrap_app_handling_exceptions(app, request)(scope, receive, send)
2026-09-10T18:01:01.694561401Z   File "/usr/local/lib/python3.13/site-packages/starlette/_exception_handler.py", line 53, in wrapped_app
2026-09-10T18:01:01.694563305Z     raise exc
2026-09-10T18:01:01.694565198Z   File "/usr/local/lib/python3.13/site-packages/starlette/_exception_handler.py", line 42, in wrapped_app
2026-09-10T18:01:01.694567112Z     await app(scope, receive, sender)
2026-09-10T18:01:01.694569046Z   File "/usr/local/lib/python3.13/site-packages/fastapi/routing.py", line 120, in app
2026-09-10T18:01:01.694572222Z     response = await f(request)
2026-09-10T18:01:01.694574156Z                ^^^^^^^^^^^^^^^^
2026-09-10T18:01:01.694576060Z   File "/usr/local/lib/python3.13/site-packages/fastapi/routing.py", line 674, in app
2026-09-10T18:01:01.694578004Z     raw_response = await run_endpoint_function(
2026-09-10T18:01:01.694579958Z                    ^^^^^^^^^^^^^^^^^^^^^^^^^^^^
2026-09-10T18:01:01.694582643Z     ...<3 lines>...
2026-09-10T18:01:01.694584557Z     )
2026-09-10T18:01:01.694586481Z     ^
2026-09-10T18:01:01.694588374Z   File "/usr/local/lib/python3.13/site-packages/fastapi/routing.py", line 330, in run_endpoint_function
2026-09-10T18:01:01.694590288Z     return await run_in_threadpool(dependant.call, **values)
2026-09-10T18:01:01.694592202Z            ^^^^^^^^^^^^^^^^^^^^^^^^^^^^^^^^^^^^^^^^^^^^^^^^^
2026-09-10T18:01:01.694630348Z   File "/usr/local/lib/python3.13/site-packages/starlette/concurrency.py", line 32, in run_in_threadpool
2026-09-10T18:01:01.694635127Z     return await anyio.to_thread.run_sync(func)
2026-09-10T18:01:01.694637352Z            ^^^^^^^^^^^^^^^^^^^^^^^^^^^^^^^^^^^^
2026-09-10T18:01:01.694639275Z   File "/usr/local/lib/python3.13/site-packages/anyio/to_thread.py", line 63, in run_sync
2026-09-10T18:01:01.694641330Z     return await get_async_backend().run_sync_in_worker_thread(
2026-09-10T18:01:01.694643374Z            ^^^^^^^^^^^^^^^^^^^^^^^^^^^^^^^^^^^^^^^^^^^^^^^^^^^^
2026-09-10T18:01:01.694645297Z         func, args, abandon_on_cancel=abandon_on_cancel, limiter=limiter
2026-09-10T18:01:01.694663433Z         ^^^^^^^^^^^^^^^^^^^^^^^^^^^^^^^^^^^^^^^^^^^^^^^^^^^^^^^^^^^^^^^^
2026-09-10T18:01:01.694677431Z     )
2026-09-10T18:01:01.694679475Z     ^
2026-09-10T18:01:01.694681559Z   File "/usr/local/lib/python3.13/site-packages/anyio/_backends/_asyncio.py", line 2518, in run_sync_in_worker_thread
2026-09-10T18:01:01.694683513Z     return await future
2026-09-10T18:01:01.694685427Z            ^^^^^^^^^^^^
2026-09-10T18:01:01.694687401Z   File "/usr/local/lib/python3.13/site-packages/anyio/_backends/_asyncio.py", line 1002, in run
2026-09-10T18:01:01.694689325Z     result = context.run(func, *args)
2026-09-10T18:01:01.694691239Z   File "/app/app/routers/orders.py", line 36, in checkout
2026-09-10T18:01:01.694693152Z     return create_order(
2026-09-10T18:01:01.694695106Z         db=db,
2026-09-10T18:01:01.694697060Z     ...<2 lines>...
2026-09-10T18:01:01.694698984Z         correlation_id=correlation_id,
2026-09-10T18:01:01.694700918Z     )
2026-09-10T18:01:01.694702892Z   File "/app/app/services/order_service.py", line 42, in create_order
2026-09-10T18:01:01.694704826Z     result = db.execute(
2026-09-10T18:01:01.694706729Z         select(ProductModel).where(ProductModel.id == product_id)
2026-09-10T18:01:01.694708643Z     )
2026-09-10T18:01:01.694710567Z   File "/usr/local/lib/python3.13/site-packages/sqlalchemy/orm/session.py", line 2372, in execute
2026-09-10T18:01:01.694712501Z     return self._execute_internal(
2026-09-10T18:01:01.694714425Z            ~~~~~~~~~~~~~~~~~~~~~~^
2026-09-10T18:01:01.694732651Z         statement,
2026-09-10T18:01:01.694736118Z         ^^^^^^^^^^
2026-09-10T18:01:01.694738062Z     ...<4 lines>...
2026-09-10T18:01:01.694740025Z         _add_event=_add_event,
2026-09-10T18:01:01.694741909Z         ^^^^^^^^^^^^^^^^^^^^^^
2026-09-10T18:01:01.694743823Z     )
2026-09-10T18:01:01.694745807Z     ^
2026-09-10T18:01:01.694749985Z   File "/usr/local/lib/python3.13/site-packages/sqlalchemy/orm/session.py", line 2260, in _execute_internal
2026-09-10T18:01:01.694751999Z     conn = self._connection_for_bind(bind)
2026-09-10T18:01:01.694753943Z   File "/usr/local/lib/python3.13/site-packages/sqlalchemy/orm/session.py", line 2112, in _connection_for_bind
2026-09-10T18:01:01.694755877Z     return trans._connection_for_bind(engine, execution_options)
2026-09-10T18:01:01.694757811Z            ~~~~~~~~~~~~~~~~~~~~~~~~~~^^^^^^^^^^^^^^^^^^^^^^^^^^^
2026-09-10T18:01:01.694761318Z   File "<string>", line 2, in _connection_for_bind
2026-09-10T18:01:01.694763292Z   File "/usr/local/lib/python3.13/site-packages/sqlalchemy/orm/state_changes.py", line 137, in _go
2026-09-10T18:01:01.694765266Z     ret_value = fn(self, *arg, **kw)
2026-09-10T18:01:01.694767209Z   File "/usr/local/lib/python3.13/site-packages/sqlalchemy/orm/session.py", line 1191, in _connection_for_bind
2026-09-10T18:01:01.694769143Z     conn = bind.connect()
2026-09-10T18:01:01.694771698Z   File "/usr/local/lib/python3.13/site-packages/opentelemetry/instrumentation/sqlalchemy/engine.py", line 200, in _wrap_connect_internal
2026-09-10T18:01:01.694773672Z     return func(*args, **kwargs)
2026-09-10T18:01:01.694775776Z   File "/usr/local/lib/python3.13/site-packages/sqlalchemy/engine/base.py", line 3295, in connect
2026-09-10T18:01:01.694777700Z     return self._connection_cls(self)
2026-09-10T18:01:01.694779654Z            ~~~~~~~~~~~~~~~~~~~~^^^^^^
2026-09-10T18:01:01.694781598Z   File "/usr/local/lib/python3.13/site-packages/sqlalchemy/engine/base.py", line 144, in __init__
2026-09-10T18:01:01.694783532Z     self._dbapi_connection = engine.raw_connection()
2026-09-10T18:01:01.694785466Z                              ~~~~~~~~~~~~~~~~~~~~~^^
2026-09-10T18:01:01.694787389Z   File "/usr/local/lib/python3.13/site-packages/sqlalchemy/engine/base.py", line 3319, in raw_connection
2026-09-10T18:01:01.694797259Z     return self.pool.connect()
2026-09-10T18:01:01.694799233Z            ~~~~~~~~~~~~~~~~~^^
2026-09-10T18:01:01.694801157Z   File "/usr/local/lib/python3.13/site-packages/sqlalchemy/pool/base.py", line 448, in connect
2026-09-10T18:01:01.694803081Z     return _ConnectionFairy._checkout(self)
2026-09-10T18:01:01.694805004Z            ~~~~~~~~~~~~~~~~~~~~~~~~~~^^^^^^
2026-09-10T18:01:01.694806938Z   File "/usr/local/lib/python3.13/site-packages/sqlalchemy/pool/base.py", line 1272, in _checkout
2026-09-10T18:01:01.694808872Z     fairy = _ConnectionRecord.checkout(pool)
2026-09-10T18:01:01.694810796Z   File "/usr/local/lib/python3.13/site-packages/sqlalchemy/pool/base.py", line 712, in checkout
2026-09-10T18:01:01.694812700Z     rec = pool._do_get()
2026-09-10T18:01:01.694814644Z   File "/usr/local/lib/python3.13/site-packages/sqlalchemy/pool/impl.py", line 167, in _do_get
2026-09-10T18:01:01.694816557Z     raise exc.TimeoutError(
2026-09-10T18:01:01.694818451Z     ...<4 lines>...
2026-09-10T18:01:01.694820385Z     )
2026-09-10T18:01:01.694822880Z sqlalchemy.exc.TimeoutError: QueuePool limit of size 5 overflow 10 reached, connection timed out, timeout 30.00 (Background on this error at: https://sqlalche.me/e/20/3o7r)
