2026-09-10T18:11:09.876200247Z ERROR:    Exception in ASGI application
2026-09-10T18:11:09.876245818Z Traceback (most recent call last):
2026-09-10T18:11:09.876250397Z   File "/usr/local/lib/python3.13/site-packages/uvicorn/protocols/http/httptools_impl.py", line 421, in run_asgi
2026-09-10T18:11:09.876256268Z     result = await app(  # type: ignore[func-returns-value]
2026-09-10T18:11:09.876259705Z              ^^^^^^^^^^^^^^^^^^^^^^^^^^^^^^^^^^^^^^^^^^^^^^
2026-09-10T18:11:09.876263072Z         self.scope, self.receive, self.send
2026-09-10T18:11:09.876269926Z         ^^^^^^^^^^^^^^^^^^^^^^^^^^^^^^^^^^^
2026-09-10T18:11:09.876273412Z     )
2026-09-10T18:11:09.876276779Z     ^
2026-09-10T18:11:09.876280136Z   File "/usr/local/lib/python3.13/site-packages/uvicorn/middleware/proxy_headers.py", line 63, in __call__
2026-09-10T18:11:09.876283573Z     return await self.app(scope, receive, send)
2026-09-10T18:11:09.876287009Z            ^^^^^^^^^^^^^^^^^^^^^^^^^^^^^^^^^^^^
2026-09-10T18:11:09.876293843Z   File "/usr/local/lib/python3.13/site-packages/fastapi/applications.py", line 1159, in __call__
2026-09-10T18:11:09.876297280Z     await super().__call__(scope, receive, send)
2026-09-10T18:11:09.876300636Z   File "/usr/local/lib/python3.13/site-packages/starlette/applications.py", line 107, in __call__
2026-09-10T18:11:09.876304033Z     await self.middleware_stack(scope, receive, send)
2026-09-10T18:11:09.876307520Z   File "/usr/local/lib/python3.13/site-packages/starlette/middleware/errors.py", line 186, in __call__
2026-09-10T18:11:09.876311017Z     raise exc
2026-09-10T18:11:09.876314464Z   File "/usr/local/lib/python3.13/site-packages/starlette/middleware/errors.py", line 164, in __call__
2026-09-10T18:11:09.876317931Z     await self.app(scope, receive, _send)
2026-09-10T18:11:09.876322029Z   File "/usr/local/lib/python3.13/site-packages/opentelemetry/instrumentation/asgi/__init__.py", line 806, in __call__
2026-09-10T18:11:09.876325546Z     await self.app(scope, otel_receive, otel_send)
2026-09-10T18:11:09.876329123Z   File "/usr/local/lib/python3.13/site-packages/starlette/middleware/errors.py", line 186, in __call__
2026-09-10T18:11:09.876366156Z     raise exc
2026-09-10T18:11:09.876370445Z   File "/usr/local/lib/python3.13/site-packages/starlette/middleware/errors.py", line 164, in __call__
2026-09-10T18:11:09.876373821Z     await self.app(scope, receive, _send)
2026-09-10T18:11:09.876377358Z   File "/usr/local/lib/python3.13/site-packages/opentelemetry/instrumentation/fastapi/__init__.py", line 305, in __call__
2026-09-10T18:11:09.876380765Z     await self.app(scope, receive, send)
2026-09-10T18:11:09.876384102Z   File "/usr/local/lib/python3.13/site-packages/prometheus_fastapi_instrumentator/middleware.py", line 177, in __call__
2026-09-10T18:11:09.876387418Z     raise exc
2026-09-10T18:11:09.876390815Z   File "/usr/local/lib/python3.13/site-packages/prometheus_fastapi_instrumentator/middleware.py", line 175, in __call__
2026-09-10T18:11:09.876414462Z     await self.app(scope, receive, send_wrapper)
2026-09-10T18:11:09.876416496Z   File "/usr/local/lib/python3.13/site-packages/starlette/middleware/exceptions.py", line 63, in __call__
2026-09-10T18:11:09.876419021Z     await wrap_app_handling_exceptions(self.app, conn)(scope, receive, send)
2026-09-10T18:11:09.876420955Z   File "/usr/local/lib/python3.13/site-packages/starlette/_exception_handler.py", line 53, in wrapped_app
2026-09-10T18:11:09.876422879Z     raise exc
2026-09-10T18:11:09.876424823Z   File "/usr/local/lib/python3.13/site-packages/starlette/_exception_handler.py", line 42, in wrapped_app
2026-09-10T18:11:09.876434552Z     await app(scope, receive, sender)
2026-09-10T18:11:09.876436626Z   File "/usr/local/lib/python3.13/site-packages/fastapi/middleware/asyncexitstack.py", line 18, in __call__
2026-09-10T18:11:09.876438590Z     await self.app(scope, receive, send)
2026-09-10T18:11:09.876440624Z   File "/usr/local/lib/python3.13/site-packages/starlette/routing.py", line 716, in __call__
2026-09-10T18:11:09.876442658Z     await self.middleware_stack(scope, receive, send)
2026-09-10T18:11:09.876444622Z   File "/usr/local/lib/python3.13/site-packages/starlette/routing.py", line 736, in app
2026-09-10T18:11:09.876446546Z     await route.handle(scope, receive, send)
2026-09-10T18:11:09.876448489Z   File "/usr/local/lib/python3.13/site-packages/starlette/routing.py", line 290, in handle
2026-09-10T18:11:09.876450413Z     await self.app(scope, receive, send)
2026-09-10T18:11:09.876452357Z   File "/usr/local/lib/python3.13/site-packages/fastapi/routing.py", line 134, in app
2026-09-10T18:11:09.876454301Z     await wrap_app_handling_exceptions(app, request)(scope, receive, send)
2026-09-10T18:11:09.876456245Z   File "/usr/local/lib/python3.13/site-packages/starlette/_exception_handler.py", line 53, in wrapped_app
2026-09-10T18:11:09.876458169Z     raise exc
2026-09-10T18:11:09.876460112Z   File "/usr/local/lib/python3.13/site-packages/starlette/_exception_handler.py", line 42, in wrapped_app
2026-09-10T18:11:09.876462056Z     await app(scope, receive, sender)
2026-09-10T18:11:09.876463980Z   File "/usr/local/lib/python3.13/site-packages/fastapi/routing.py", line 120, in app
2026-09-10T18:11:09.876466535Z     response = await f(request)
2026-09-10T18:11:09.876468469Z                ^^^^^^^^^^^^^^^^
2026-09-10T18:11:09.876470393Z   File "/usr/local/lib/python3.13/site-packages/fastapi/routing.py", line 674, in app
2026-09-10T18:11:09.876472557Z     raw_response = await run_endpoint_function(
2026-09-10T18:11:09.876474491Z                    ^^^^^^^^^^^^^^^^^^^^^^^^^^^^
2026-09-10T18:11:09.876476986Z     ...<3 lines>...
2026-09-10T18:11:09.876479030Z     )
2026-09-10T18:11:09.876481174Z     ^
2026-09-10T18:11:09.876483198Z   File "/usr/local/lib/python3.13/site-packages/fastapi/routing.py", line 330, in run_endpoint_function
2026-09-10T18:11:09.876485172Z     return await run_in_threadpool(dependant.call, **values)
2026-09-10T18:11:09.876487116Z            ^^^^^^^^^^^^^^^^^^^^^^^^^^^^^^^^^^^^^^^^^^^^^^^^^
2026-09-10T18:11:09.876535171Z   File "/usr/local/lib/python3.13/site-packages/starlette/concurrency.py", line 32, in run_in_threadpool
2026-09-10T18:11:09.876539861Z     return await anyio.to_thread.run_sync(func)
2026-09-10T18:11:09.876542115Z            ^^^^^^^^^^^^^^^^^^^^^^^^^^^^^^^^^^^^
2026-09-10T18:11:09.876544149Z   File "/usr/local/lib/python3.13/site-packages/anyio/to_thread.py", line 63, in run_sync
2026-09-10T18:11:09.876546233Z     return await get_async_backend().run_sync_in_worker_thread(
2026-09-10T18:11:09.876548147Z            ^^^^^^^^^^^^^^^^^^^^^^^^^^^^^^^^^^^^^^^^^^^^^^^^^^^^
2026-09-10T18:11:09.876550111Z         func, args, abandon_on_cancel=abandon_on_cancel, limiter=limiter
2026-09-10T18:11:09.876560071Z         ^^^^^^^^^^^^^^^^^^^^^^^^^^^^^^^^^^^^^^^^^^^^^^^^^^^^^^^^^^^^^^^^
2026-09-10T18:11:09.876562055Z     )
2026-09-10T18:11:09.876563998Z     ^
2026-09-10T18:11:09.876565962Z   File "/usr/local/lib/python3.13/site-packages/anyio/_backends/_asyncio.py", line 2518, in run_sync_in_worker_thread
2026-09-10T18:11:09.876567876Z     return await future
2026-09-10T18:11:09.876569790Z            ^^^^^^^^^^^^
2026-09-10T18:11:09.876571734Z   File "/usr/local/lib/python3.13/site-packages/anyio/_backends/_asyncio.py", line 1002, in run
2026-09-10T18:11:09.876576333Z     result = context.run(func, *args)
2026-09-10T18:11:09.876578798Z   File "/app/app/routers/orders.py", line 36, in checkout
2026-09-10T18:11:09.876581122Z     return create_order(
2026-09-10T18:11:09.876583607Z         db=db,
2026-09-10T18:11:09.876586283Z     ...<2 lines>...
2026-09-10T18:11:09.876588787Z         correlation_id=correlation_id,
2026-09-10T18:11:09.876591513Z     )
2026-09-10T18:11:09.876593848Z   File "/app/app/services/order_service.py", line 42, in create_order
2026-09-10T18:11:09.876596112Z     result = db.execute(
2026-09-10T18:11:09.876598757Z         select(ProductModel).where(ProductModel.id == product_id)
2026-09-10T18:11:09.876601222Z     )
2026-09-10T18:11:09.876603557Z   File "/usr/local/lib/python3.13/site-packages/sqlalchemy/orm/session.py", line 2372, in execute
2026-09-10T18:11:09.876605741Z     return self._execute_internal(
2026-09-10T18:11:09.876607645Z            ~~~~~~~~~~~~~~~~~~~~~~^
2026-09-10T18:11:09.876609529Z         statement,
2026-09-10T18:11:09.876611452Z         ^^^^^^^^^^
2026-09-10T18:11:09.876613346Z     ...<4 lines>...
2026-09-10T18:11:09.876615230Z         _add_event=_add_event,
2026-09-10T18:11:09.876617124Z         ^^^^^^^^^^^^^^^^^^^^^^
2026-09-10T18:11:09.876619037Z     )
2026-09-10T18:11:09.876620941Z     ^
2026-09-10T18:11:09.876622855Z   File "/usr/local/lib/python3.13/site-packages/sqlalchemy/orm/session.py", line 2260, in _execute_internal
2026-09-10T18:11:09.876624759Z     conn = self._connection_for_bind(bind)
2026-09-10T18:11:09.876626673Z   File "/usr/local/lib/python3.13/site-packages/sqlalchemy/orm/session.py", line 2112, in _connection_for_bind
2026-09-10T18:11:09.876628586Z     return trans._connection_for_bind(engine, execution_options)
2026-09-10T18:11:09.876630480Z            ~~~~~~~~~~~~~~~~~~~~~~~~~~^^^^^^^^^^^^^^^^^^^^^^^^^^^
2026-09-10T18:11:09.876632394Z   File "<string>", line 2, in _connection_for_bind
2026-09-10T18:11:09.876634298Z   File "/usr/local/lib/python3.13/site-packages/sqlalchemy/orm/state_changes.py", line 137, in _go
2026-09-10T18:11:09.876636191Z     ret_value = fn(self, *arg, **kw)
2026-09-10T18:11:09.876638085Z   File "/usr/local/lib/python3.13/site-packages/sqlalchemy/orm/session.py", line 1191, in _connection_for_bind
2026-09-10T18:11:09.876639969Z     conn = bind.connect()
2026-09-10T18:11:09.876642724Z   File "/usr/local/lib/python3.13/site-packages/opentelemetry/instrumentation/sqlalchemy/engine.py", line 200, in _wrap_connect_internal
2026-09-10T18:11:09.876644668Z     return func(*args, **kwargs)
2026-09-10T18:11:09.876646582Z   File "/usr/local/lib/python3.13/site-packages/sqlalchemy/engine/base.py", line 3295, in connect
2026-09-10T18:11:09.876648476Z     return self._connection_cls(self)
2026-09-10T18:11:09.876650400Z            ~~~~~~~~~~~~~~~~~~~~^^^^^^
2026-09-10T18:11:09.876652384Z   File "/usr/local/lib/python3.13/site-packages/sqlalchemy/engine/base.py", line 144, in __init__
2026-09-10T18:11:09.876654377Z     self._dbapi_connection = engine.raw_connection()
2026-09-10T18:11:09.876661502Z                              ~~~~~~~~~~~~~~~~~~~~~^^
2026-09-10T18:11:09.876663546Z   File "/usr/local/lib/python3.13/site-packages/sqlalchemy/engine/base.py", line 3319, in raw_connection
2026-09-10T18:11:09.876665459Z     return self.pool.connect()
2026-09-10T18:11:09.876667383Z            ~~~~~~~~~~~~~~~~~^^
2026-09-10T18:11:09.876669297Z   File "/usr/local/lib/python3.13/site-packages/sqlalchemy/pool/base.py", line 448, in connect
2026-09-10T18:11:09.876671211Z     return _ConnectionFairy._checkout(self)
2026-09-10T18:11:09.876673135Z            ~~~~~~~~~~~~~~~~~~~~~~~~~~^^^^^^
2026-09-10T18:11:09.876675018Z   File "/usr/local/lib/python3.13/site-packages/sqlalchemy/pool/base.py", line 1272, in _checkout
2026-09-10T18:11:09.876676942Z     fairy = _ConnectionRecord.checkout(pool)
2026-09-10T18:11:09.876678846Z   File "/usr/local/lib/python3.13/site-packages/sqlalchemy/pool/base.py", line 712, in checkout
2026-09-10T18:11:09.876680740Z     rec = pool._do_get()
2026-09-10T18:11:09.876682654Z   File "/usr/local/lib/python3.13/site-packages/sqlalchemy/pool/impl.py", line 167, in _do_get
2026-09-10T18:11:09.876684547Z     raise exc.TimeoutError(
2026-09-10T18:11:09.876686511Z     ...<4 lines>...
2026-09-10T18:11:09.876688505Z     )
2026-09-10T18:11:09.876692363Z sqlalchemy.exc.TimeoutError: QueuePool limit of size 5 overflow 10 reached, connection timed out, timeout 30.00 (Background on this error at: https://sqlalche.me/e/20/3o7r)
2026-09-10T18:11:11.360022618Z ERROR:    Exception in ASGI application
2026-09-10T18:11:11.360074210Z Traceback (most recent call last):
2026-09-10T18:11:11.360080052Z   File "/usr/local/lib/python3.13/site-packages/uvicorn/protocols/http/httptools_impl.py", line 421, in run_asgi
2026-09-10T18:11:11.360084921Z     result = await app(  # type: ignore[func-returns-value]
2026-09-10T18:11:11.360089370Z              ^^^^^^^^^^^^^^^^^^^^^^^^^^^^^^^^^^^^^^^^^^^^^^
2026-09-10T18:11:11.360093739Z         self.scope, self.receive, self.send
2026-09-10T18:11:11.360098107Z         ^^^^^^^^^^^^^^^^^^^^^^^^^^^^^^^^^^^
2026-09-10T18:11:11.360102426Z     )
2026-09-10T18:11:11.360131343Z     ^
2026-09-10T18:11:11.360139029Z   File "/usr/local/lib/python3.13/site-packages/uvicorn/middleware/proxy_headers.py", line 63, in __call__
2026-09-10T18:11:11.360143788Z     return await self.app(scope, receive, send)
2026-09-10T18:11:11.360148107Z            ^^^^^^^^^^^^^^^^^^^^^^^^^^^^^^^^^^^^
2026-09-10T18:11:11.360153397Z   File "/usr/local/lib/python3.13/site-packages/fastapi/applications.py", line 1159, in __call__
2026-09-10T18:11:11.360157646Z     await super().__call__(scope, receive, send)
2026-09-10T18:11:11.360161994Z   File "/usr/local/lib/python3.13/site-packages/starlette/applications.py", line 107, in __call__
2026-09-10T18:11:11.360166303Z     await self.middleware_stack(scope, receive, send)
2026-09-10T18:11:11.360170611Z   File "/usr/local/lib/python3.13/site-packages/starlette/middleware/errors.py", line 186, in __call__
2026-09-10T18:11:11.360174950Z     raise exc
2026-09-10T18:11:11.360179308Z   File "/usr/local/lib/python3.13/site-packages/starlette/middleware/errors.py", line 164, in __call__
2026-09-10T18:11:11.360183627Z     await self.app(scope, receive, _send)
2026-09-10T18:11:11.360188777Z   File "/usr/local/lib/python3.13/site-packages/opentelemetry/instrumentation/asgi/__init__.py", line 806, in __call__
2026-09-10T18:11:11.360193056Z     await self.app(scope, otel_receive, otel_send)
2026-09-10T18:11:11.360197334Z   File "/usr/local/lib/python3.13/site-packages/starlette/middleware/errors.py", line 186, in __call__
2026-09-10T18:11:11.360202104Z     raise exc
2026-09-10T18:11:11.360206372Z   File "/usr/local/lib/python3.13/site-packages/starlette/middleware/errors.py", line 164, in __call__
2026-09-10T18:11:11.360239107Z     await self.app(scope, receive, _send)
2026-09-10T18:11:11.360243716Z   File "/usr/local/lib/python3.13/site-packages/opentelemetry/instrumentation/fastapi/__init__.py", line 305, in __call__
2026-09-10T18:11:11.360248015Z     await self.app(scope, receive, send)
2026-09-10T18:11:11.360252453Z   File "/usr/local/lib/python3.13/site-packages/prometheus_fastapi_instrumentator/middleware.py", line 177, in __call__
2026-09-10T18:11:11.360256742Z     raise exc
2026-09-10T18:11:11.360261040Z   File "/usr/local/lib/python3.13/site-packages/prometheus_fastapi_instrumentator/middleware.py", line 175, in __call__
2026-09-10T18:11:11.360265299Z     await self.app(scope, receive, send_wrapper)
2026-09-10T18:11:11.360269607Z   File "/usr/local/lib/python3.13/site-packages/starlette/middleware/exceptions.py", line 63, in __call__
2026-09-10T18:11:11.360274447Z     await wrap_app_handling_exceptions(self.app, conn)(scope, receive, send)
2026-09-10T18:11:11.360278746Z   File "/usr/local/lib/python3.13/site-packages/starlette/_exception_handler.py", line 53, in wrapped_app
2026-09-10T18:11:11.360282934Z     raise exc
2026-09-10T18:11:11.360287232Z   File "/usr/local/lib/python3.13/site-packages/starlette/_exception_handler.py", line 42, in wrapped_app
2026-09-10T18:11:11.360291501Z     await app(scope, receive, sender)
2026-09-10T18:11:11.360295910Z   File "/usr/local/lib/python3.13/site-packages/fastapi/middleware/asyncexitstack.py", line 18, in __call__
2026-09-10T18:11:11.360300208Z     await self.app(scope, receive, send)
2026-09-10T18:11:11.360304507Z   File "/usr/local/lib/python3.13/site-packages/starlette/routing.py", line 716, in __call__
2026-09-10T18:11:11.360308755Z     await self.middleware_stack(scope, receive, send)
2026-09-10T18:11:11.360313044Z   File "/usr/local/lib/python3.13/site-packages/starlette/routing.py", line 736, in app
2026-09-10T18:11:11.360317292Z     await route.handle(scope, receive, send)
2026-09-10T18:11:11.360321600Z   File "/usr/local/lib/python3.13/site-packages/starlette/routing.py", line 290, in handle
2026-09-10T18:11:11.360325869Z     await self.app(scope, receive, send)
2026-09-10T18:11:11.360330107Z   File "/usr/local/lib/python3.13/site-packages/fastapi/routing.py", line 134, in app
2026-09-10T18:11:11.360334356Z     await wrap_app_handling_exceptions(app, request)(scope, receive, send)
2026-09-10T18:11:11.360338584Z   File "/usr/local/lib/python3.13/site-packages/starlette/_exception_handler.py", line 53, in wrapped_app
2026-09-10T18:11:11.360342843Z     raise exc
2026-09-10T18:11:11.360347101Z   File "/usr/local/lib/python3.13/site-packages/starlette/_exception_handler.py", line 42, in wrapped_app
2026-09-10T18:11:11.360351359Z     await app(scope, receive, sender)
2026-09-10T18:11:11.360355628Z   File "/usr/local/lib/python3.13/site-packages/fastapi/routing.py", line 120, in app
2026-09-10T18:11:11.360360798Z     response = await f(request)
2026-09-10T18:11:11.360365127Z                ^^^^^^^^^^^^^^^^
2026-09-10T18:11:11.360369656Z   File "/usr/local/lib/python3.13/site-packages/fastapi/routing.py", line 674, in app
2026-09-10T18:11:11.360373944Z     raw_response = await run_endpoint_function(
2026-09-10T18:11:11.360378463Z                    ^^^^^^^^^^^^^^^^^^^^^^^^^^^^
2026-09-10T18:11:11.360383253Z     ...<3 lines>...
2026-09-10T18:11:11.360388994Z     )
2026-09-10T18:11:11.360394836Z     ^
2026-09-10T18:11:11.360400206Z   File "/usr/local/lib/python3.13/site-packages/fastapi/routing.py", line 330, in run_endpoint_function
2026-09-10T18:11:11.360405787Z     return await run_in_threadpool(dependant.call, **values)
2026-09-10T18:11:11.360429274Z            ^^^^^^^^^^^^^^^^^^^^^^^^^^^^^^^^^^^^^^^^^^^^^^^^^
2026-09-10T18:11:11.360525765Z   File "/usr/local/lib/python3.13/site-packages/starlette/concurrency.py", line 32, in run_in_threadpool
2026-09-10T18:11:11.360539843Z     return await anyio.to_thread.run_sync(func)
2026-09-10T18:11:11.360545855Z            ^^^^^^^^^^^^^^^^^^^^^^^^^^^^^^^^^^^^
2026-09-10T18:11:11.360551246Z   File "/usr/local/lib/python3.13/site-packages/anyio/to_thread.py", line 63, in run_sync
2026-09-10T18:11:11.360556757Z     return await get_async_backend().run_sync_in_worker_thread(
2026-09-10T18:11:11.360562127Z            ^^^^^^^^^^^^^^^^^^^^^^^^^^^^^^^^^^^^^^^^^^^^^^^^^^^^
2026-09-10T18:11:11.360567328Z         func, args, abandon_on_cancel=abandon_on_cancel, limiter=limiter
2026-09-10T18:11:11.360572518Z         ^^^^^^^^^^^^^^^^^^^^^^^^^^^^^^^^^^^^^^^^^^^^^^^^^^^^^^^^^^^^^^^^
2026-09-10T18:11:11.360577828Z     )
2026-09-10T18:11:11.360583339Z     ^
2026-09-10T18:11:11.360588349Z   File "/usr/local/lib/python3.13/site-packages/anyio/_backends/_asyncio.py", line 2518, in run_sync_in_worker_thread
2026-09-10T18:11:11.360593890Z     return await future
2026-09-10T18:11:11.360599191Z            ^^^^^^^^^^^^
2026-09-10T18:11:11.360604611Z   File "/usr/local/lib/python3.13/site-packages/anyio/_backends/_asyncio.py", line 1002, in run
2026-09-10T18:11:11.360609832Z     result = context.run(func, *args)
2026-09-10T18:11:11.360614892Z   File "/app/app/routers/orders.py", line 36, in checkout
2026-09-10T18:11:11.360620072Z     return create_order(
2026-09-10T18:11:11.360625332Z         db=db,
2026-09-10T18:11:11.360630372Z     ...<2 lines>...
2026-09-10T18:11:11.360635392Z         correlation_id=correlation_id,
2026-09-10T18:11:11.360640372Z     )
2026-09-10T18:11:11.360645653Z   File "/app/app/services/order_service.py", line 42, in create_order
2026-09-10T18:11:11.360650873Z     result = db.execute(
2026-09-10T18:11:11.360656304Z         select(ProductModel).where(ProductModel.id == product_id)
2026-09-10T18:11:11.360661494Z     )
2026-09-10T18:11:11.360666915Z   File "/usr/local/lib/python3.13/site-packages/sqlalchemy/orm/session.py", line 2372, in execute
2026-09-10T18:11:11.360672636Z     return self._execute_internal(
2026-09-10T18:11:11.360678057Z            ~~~~~~~~~~~~~~~~~~~~~~^
2026-09-10T18:11:11.360683578Z         statement,
2026-09-10T18:11:11.360688868Z         ^^^^^^^^^^
2026-09-10T18:11:11.360693848Z     ...<4 lines>...
2026-09-10T18:11:11.360699610Z         _add_event=_add_event,
2026-09-10T18:11:11.360709179Z         ^^^^^^^^^^^^^^^^^^^^^^
2026-09-10T18:11:11.360714519Z     )
2026-09-10T18:11:11.360719950Z     ^
2026-09-10T18:11:11.360726443Z   File "/usr/local/lib/python3.13/site-packages/sqlalchemy/orm/session.py", line 2260, in _execute_internal
2026-09-10T18:11:11.360731773Z     conn = self._connection_for_bind(bind)
2026-09-10T18:11:11.360736974Z   File "/usr/local/lib/python3.13/site-packages/sqlalchemy/orm/session.py", line 2112, in _connection_for_bind
2026-09-10T18:11:11.360742655Z     return trans._connection_for_bind(engine, execution_options)
2026-09-10T18:11:11.360748116Z            ~~~~~~~~~~~~~~~~~~~~~~~~~~^^^^^^^^^^^^^^^^^^^^^^^^^^^
2026-09-10T18:11:11.360753256Z   File "<string>", line 2, in _connection_for_bind
2026-09-10T18:11:11.360762985Z   File "/usr/local/lib/python3.13/site-packages/sqlalchemy/orm/state_changes.py", line 137, in _go
2026-09-10T18:11:11.360774157Z     ret_value = fn(self, *arg, **kw)
2026-09-10T18:11:11.360832172Z   File "/usr/local/lib/python3.13/site-packages/sqlalchemy/orm/session.py", line 1191, in _connection_for_bind
2026-09-10T18:11:11.360839647Z     conn = bind.connect()
2026-09-10T18:11:11.360879125Z   File "/usr/local/lib/python3.13/site-packages/opentelemetry/instrumentation/sqlalchemy/engine.py", line 200, in _wrap_connect_internal
2026-09-10T18:11:11.360885298Z     return func(*args, **kwargs)
2026-09-10T18:11:11.360890739Z   File "/usr/local/lib/python3.13/site-packages/sqlalchemy/engine/base.py", line 3295, in connect
2026-09-10T18:11:11.360896550Z     return self._connection_cls(self)
2026-09-10T18:11:11.360901951Z            ~~~~~~~~~~~~~~~~~~~~^^^^^^
2026-09-10T18:11:11.360907392Z   File "/usr/local/lib/python3.13/site-packages/sqlalchemy/engine/base.py", line 144, in __init__
2026-09-10T18:11:11.360913023Z     self._dbapi_connection = engine.raw_connection()
2026-09-10T18:11:11.360918153Z                              ~~~~~~~~~~~~~~~~~~~~~^^
2026-09-10T18:11:11.360923193Z   File "/usr/local/lib/python3.13/site-packages/sqlalchemy/engine/base.py", line 3319, in raw_connection
2026-09-10T18:11:11.361004474Z     return self.pool.connect()
2026-09-10T18:11:11.361010646Z            ~~~~~~~~~~~~~~~~~^^
2026-09-10T18:11:11.361016919Z   File "/usr/local/lib/python3.13/site-packages/sqlalchemy/pool/base.py", line 448, in connect
2026-09-10T18:11:11.361022740Z     return _ConnectionFairy._checkout(self)
2026-09-10T18:11:11.361028582Z            ~~~~~~~~~~~~~~~~~~~~~~~~~~^^^^^^
2026-09-10T18:11:11.361034193Z   File "/usr/local/lib/python3.13/site-packages/sqlalchemy/pool/base.py", line 1272, in _checkout
2026-09-10T18:11:11.361039684Z     fairy = _ConnectionRecord.checkout(pool)
2026-09-10T18:11:11.361045565Z   File "/usr/local/lib/python3.13/site-packages/sqlalchemy/pool/base.py", line 712, in checkout
2026-09-10T18:11:11.361051958Z     rec = pool._do_get()
2026-09-10T18:11:11.361057840Z   File "/usr/local/lib/python3.13/site-packages/sqlalchemy/pool/impl.py", line 167, in _do_get
2026-09-10T18:11:11.361063461Z     raise exc.TimeoutError(
2026-09-10T18:11:11.361068962Z     ...<4 lines>...
2026-09-10T18:11:11.361074663Z     )
2026-09-10T18:11:11.361080695Z sqlalchemy.exc.TimeoutError: QueuePool limit of size 5 overflow 10 reached, connection timed out, timeout 30.00 (Background on this error at: https://sqlalche.me/e/20/3o7r)
2026-09-10T18:11:11.740415620Z INFO:     Shutting down
2026-09-10T18:11:11.845974806Z INFO:     Waiting for connections to close. (CTRL+C to force quit)
2026-09-10T18:11:13.384304692Z ERROR:    Exception in ASGI application
2026-09-10T18:11:13.384341435Z Traceback (most recent call last):
2026-09-10T18:11:13.384344882Z   File "/usr/local/lib/python3.13/site-packages/uvicorn/protocols/http/httptools_impl.py", line 421, in run_asgi
2026-09-10T18:11:13.384347668Z     result = await app(  # type: ignore[func-returns-value]
2026-09-10T18:11:13.384349611Z              ^^^^^^^^^^^^^^^^^^^^^^^^^^^^^^^^^^^^^^^^^^^^^^
2026-09-10T18:11:13.384351515Z         self.scope, self.receive, self.send
2026-09-10T18:11:13.384353459Z         ^^^^^^^^^^^^^^^^^^^^^^^^^^^^^^^^^^^
2026-09-10T18:11:13.384355413Z     )
2026-09-10T18:11:13.384357397Z     ^
2026-09-10T18:11:13.384359461Z   File "/usr/local/lib/python3.13/site-packages/uvicorn/middleware/proxy_headers.py", line 63, in __call__
2026-09-10T18:11:13.384361435Z     return await self.app(scope, receive, send)
2026-09-10T18:11:13.384363359Z            ^^^^^^^^^^^^^^^^^^^^^^^^^^^^^^^^^^^^
2026-09-10T18:11:13.384366234Z   File "/usr/local/lib/python3.13/site-packages/fastapi/applications.py", line 1159, in __call__
2026-09-10T18:11:13.384368168Z     await super().__call__(scope, receive, send)
2026-09-10T18:11:13.384370132Z   File "/usr/local/lib/python3.13/site-packages/starlette/applications.py", line 107, in __call__
2026-09-10T18:11:13.384372066Z     await self.middleware_stack(scope, receive, send)
2026-09-10T18:11:13.384393589Z   File "/usr/local/lib/python3.13/site-packages/starlette/middleware/errors.py", line 186, in __call__
2026-09-10T18:11:13.384395673Z     raise exc
2026-09-10T18:11:13.384397667Z   File "/usr/local/lib/python3.13/site-packages/starlette/middleware/errors.py", line 164, in __call__
2026-09-10T18:11:13.384399600Z     await self.app(scope, receive, _send)
2026-09-10T18:11:13.384402546Z   File "/usr/local/lib/python3.13/site-packages/opentelemetry/instrumentation/asgi/__init__.py", line 806, in __call__
2026-09-10T18:11:13.384404490Z     await self.app(scope, otel_receive, otel_send)
2026-09-10T18:11:13.384406494Z   File "/usr/local/lib/python3.13/site-packages/starlette/middleware/errors.py", line 186, in __call__
2026-09-10T18:11:13.384408448Z     raise exc
2026-09-10T18:11:13.384410392Z   File "/usr/local/lib/python3.13/site-packages/starlette/middleware/errors.py", line 164, in __call__
2026-09-10T18:11:13.384412336Z     await self.app(scope, receive, _send)
2026-09-10T18:11:13.384414290Z   File "/usr/local/lib/python3.13/site-packages/opentelemetry/instrumentation/fastapi/__init__.py", line 305, in __call__
2026-09-10T18:11:13.384416233Z     await self.app(scope, receive, send)
2026-09-10T18:11:13.384418217Z   File "/usr/local/lib/python3.13/site-packages/prometheus_fastapi_instrumentator/middleware.py", line 177, in __call__
2026-09-10T18:11:13.384420191Z     raise exc
2026-09-10T18:11:13.384422135Z   File "/usr/local/lib/python3.13/site-packages/prometheus_fastapi_instrumentator/middleware.py", line 175, in __call__
2026-09-10T18:11:13.384424059Z     await self.app(scope, receive, send_wrapper)
2026-09-10T18:11:13.384425973Z   File "/usr/local/lib/python3.13/site-packages/starlette/middleware/exceptions.py", line 63, in __call__
2026-09-10T18:11:13.384428428Z     await wrap_app_handling_exceptions(self.app, conn)(scope, receive, send)
2026-09-10T18:11:13.384430361Z   File "/usr/local/lib/python3.13/site-packages/starlette/_exception_handler.py", line 53, in wrapped_app
2026-09-10T18:11:13.384432275Z     raise exc
2026-09-10T18:11:13.384434239Z   File "/usr/local/lib/python3.13/site-packages/starlette/_exception_handler.py", line 42, in wrapped_app
2026-09-10T18:11:13.384436153Z     await app(scope, receive, sender)
2026-09-10T18:11:13.384438067Z   File "/usr/local/lib/python3.13/site-packages/fastapi/middleware/asyncexitstack.py", line 18, in __call__
2026-09-10T18:11:13.384439990Z     await self.app(scope, receive, send)
2026-09-10T18:11:13.384441924Z   File "/usr/local/lib/python3.13/site-packages/starlette/routing.py", line 716, in __call__
2026-09-10T18:11:13.384443908Z     await self.middleware_stack(scope, receive, send)
2026-09-10T18:11:13.384445862Z   File "/usr/local/lib/python3.13/site-packages/starlette/routing.py", line 736, in app
2026-09-10T18:11:13.384447786Z     await route.handle(scope, receive, send)
2026-09-10T18:11:13.384449710Z   File "/usr/local/lib/python3.13/site-packages/starlette/routing.py", line 290, in handle
2026-09-10T18:11:13.384451644Z     await self.app(scope, receive, send)
2026-09-10T18:11:13.384453557Z   File "/usr/local/lib/python3.13/site-packages/fastapi/routing.py", line 134, in app
2026-09-10T18:11:13.384455471Z     await wrap_app_handling_exceptions(app, request)(scope, receive, send)
2026-09-10T18:11:13.384457395Z   File "/usr/local/lib/python3.13/site-packages/starlette/_exception_handler.py", line 53, in wrapped_app
2026-09-10T18:11:13.384460060Z     raise exc
2026-09-10T18:11:13.384462024Z   File "/usr/local/lib/python3.13/site-packages/starlette/_exception_handler.py", line 42, in wrapped_app
2026-09-10T18:11:13.384463948Z     await app(scope, receive, sender)
2026-09-10T18:11:13.384468978Z   File "/usr/local/lib/python3.13/site-packages/fastapi/routing.py", line 120, in app
2026-09-10T18:11:13.384476523Z     response = await f(request)
2026-09-10T18:11:13.384478848Z                ^^^^^^^^^^^^^^^^
2026-09-10T18:11:13.384480781Z   File "/usr/local/lib/python3.13/site-packages/fastapi/routing.py", line 674, in app
2026-09-10T18:11:13.384482705Z     raw_response = await run_endpoint_function(
2026-09-10T18:11:13.384484629Z                    ^^^^^^^^^^^^^^^^^^^^^^^^^^^^
2026-09-10T18:11:13.384487595Z     ...<3 lines>...
2026-09-10T18:11:13.384489539Z     )
2026-09-10T18:11:13.384491523Z     ^
2026-09-10T18:11:13.384493446Z   File "/usr/local/lib/python3.13/site-packages/fastapi/routing.py", line 330, in run_endpoint_function
2026-09-10T18:11:13.384495360Z     return await run_in_threadpool(dependant.call, **values)
2026-09-10T18:11:13.384497304Z            ^^^^^^^^^^^^^^^^^^^^^^^^^^^^^^^^^^^^^^^^^^^^^^^^^
2026-09-10T18:11:13.384502334Z   File "/usr/local/lib/python3.13/site-packages/starlette/concurrency.py", line 32, in run_in_threadpool
2026-09-10T18:11:13.384504368Z     return await anyio.to_thread.run_sync(func)
2026-09-10T18:11:13.384506302Z            ^^^^^^^^^^^^^^^^^^^^^^^^^^^^^^^^^^^^
2026-09-10T18:11:13.384508236Z   File "/usr/local/lib/python3.13/site-packages/anyio/to_thread.py", line 63, in run_sync
2026-09-10T18:11:13.384510180Z     return await get_async_backend().run_sync_in_worker_thread(
2026-09-10T18:11:13.384512133Z            ^^^^^^^^^^^^^^^^^^^^^^^^^^^^^^^^^^^^^^^^^^^^^^^^^^^^
2026-09-10T18:11:13.384514057Z         func, args, abandon_on_cancel=abandon_on_cancel, limiter=limiter
2026-09-10T18:11:13.384515991Z         ^^^^^^^^^^^^^^^^^^^^^^^^^^^^^^^^^^^^^^^^^^^^^^^^^^^^^^^^^^^^^^^^
2026-09-10T18:11:13.384517905Z     )
2026-09-10T18:11:13.384519839Z     ^
2026-09-10T18:11:13.384521743Z   File "/usr/local/lib/python3.13/site-packages/anyio/_backends/_asyncio.py", line 2518, in run_sync_in_worker_thread
2026-09-10T18:11:13.384523686Z     return await future
2026-09-10T18:11:13.384525620Z            ^^^^^^^^^^^^
2026-09-10T18:11:13.384527564Z   File "/usr/local/lib/python3.13/site-packages/anyio/_backends/_asyncio.py", line 1002, in run
2026-09-10T18:11:13.384529498Z     result = context.run(func, *args)
2026-09-10T18:11:13.384531452Z   File "/app/app/routers/orders.py", line 36, in checkout
2026-09-10T18:11:13.384533466Z     return create_order(
2026-09-10T18:11:13.384535430Z         db=db,
2026-09-10T18:11:13.384537394Z     ...<2 lines>...
2026-09-10T18:11:13.384539317Z         correlation_id=correlation_id,
2026-09-10T18:11:13.384541231Z     )
2026-09-10T18:11:13.384543175Z   File "/app/app/services/order_service.py", line 42, in create_order
2026-09-10T18:11:13.384545129Z     result = db.execute(
2026-09-10T18:11:13.384547083Z         select(ProductModel).where(ProductModel.id == product_id)
2026-09-10T18:11:13.384549087Z     )
2026-09-10T18:11:13.384551021Z   File "/usr/local/lib/python3.13/site-packages/sqlalchemy/orm/session.py", line 2372, in execute
2026-09-10T18:11:13.384552954Z     return self._execute_internal(
2026-09-10T18:11:13.384554868Z            ~~~~~~~~~~~~~~~~~~~~~~^
2026-09-10T18:11:13.384556782Z         statement,
2026-09-10T18:11:13.384558726Z         ^^^^^^^^^^
2026-09-10T18:11:13.384560640Z     ...<4 lines>...
2026-09-10T18:11:13.384562553Z         _add_event=_add_event,
2026-09-10T18:11:13.384564447Z         ^^^^^^^^^^^^^^^^^^^^^^
2026-09-10T18:11:13.384566361Z     )
2026-09-10T18:11:13.384568275Z     ^
2026-09-10T18:11:13.384570199Z   File "/usr/local/lib/python3.13/site-packages/sqlalchemy/orm/session.py", line 2260, in _execute_internal
2026-09-10T18:11:13.384586902Z     conn = self._connection_for_bind(bind)
2026-09-10T18:11:13.384588916Z   File "/usr/local/lib/python3.13/site-packages/sqlalchemy/orm/session.py", line 2112, in _connection_for_bind
2026-09-10T18:11:13.384590880Z     return trans._connection_for_bind(engine, execution_options)
2026-09-10T18:11:13.384592803Z            ~~~~~~~~~~~~~~~~~~~~~~~~~~^^^^^^^^^^^^^^^^^^^^^^^^^^^
2026-09-10T18:11:13.384594898Z   File "<string>", line 2, in _connection_for_bind
2026-09-10T18:11:13.384596922Z   File "/usr/local/lib/python3.13/site-packages/sqlalchemy/orm/state_changes.py", line 137, in _go
2026-09-10T18:11:13.384598855Z     ret_value = fn(self, *arg, **kw)
2026-09-10T18:11:13.384600769Z   File "/usr/local/lib/python3.13/site-packages/sqlalchemy/orm/session.py", line 1191, in _connection_for_bind
2026-09-10T18:11:13.384602683Z     conn = bind.connect()
2026-09-10T18:11:13.384605258Z   File "/usr/local/lib/python3.13/site-packages/opentelemetry/instrumentation/sqlalchemy/engine.py", line 200, in _wrap_connect_internal
2026-09-10T18:11:13.384607192Z     return func(*args, **kwargs)
2026-09-10T18:11:13.384609116Z   File "/usr/local/lib/python3.13/site-packages/sqlalchemy/engine/base.py", line 3295, in connect
2026-09-10T18:11:13.384611030Z     return self._connection_cls(self)
2026-09-10T18:11:13.384613013Z            ~~~~~~~~~~~~~~~~~~~~^^^^^^
2026-09-10T18:11:13.384614937Z   File "/usr/local/lib/python3.13/site-packages/sqlalchemy/engine/base.py", line 144, in __init__
2026-09-10T18:11:13.384616871Z     self._dbapi_connection = engine.raw_connection()
2026-09-10T18:11:13.384618845Z                              ~~~~~~~~~~~~~~~~~~~~~^^
2026-09-10T18:11:13.384620759Z   File "/usr/local/lib/python3.13/site-packages/sqlalchemy/engine/base.py", line 3319, in raw_connection
2026-09-10T18:11:13.384622743Z     return self.pool.connect()
2026-09-10T18:11:13.384624687Z            ~~~~~~~~~~~~~~~~~^^
2026-09-10T18:11:13.384626600Z   File "/usr/local/lib/python3.13/site-packages/sqlalchemy/pool/base.py", line 448, in connect
2026-09-10T18:11:13.384628564Z     return _ConnectionFairy._checkout(self)
2026-09-10T18:11:13.384630488Z            ~~~~~~~~~~~~~~~~~~~~~~~~~~^^^^^^
2026-09-10T18:11:13.384632382Z   File "/usr/local/lib/python3.13/site-packages/sqlalchemy/pool/base.py", line 1272, in _checkout
2026-09-10T18:11:13.384634296Z     fairy = _ConnectionRecord.checkout(pool)
2026-09-10T18:11:13.384636209Z   File "/usr/local/lib/python3.13/site-packages/sqlalchemy/pool/base.py", line 712, in checkout
2026-09-10T18:11:13.384638203Z     rec = pool._do_get()
2026-09-10T18:11:13.384640117Z   File "/usr/local/lib/python3.13/site-packages/sqlalchemy/pool/impl.py", line 167, in _do_get
2026-09-10T18:11:13.384642031Z     raise exc.TimeoutError(
2026-09-10T18:11:13.384643965Z     ...<4 lines>...
2026-09-10T18:11:13.384645889Z     )
2026-09-10T18:11:13.384648313Z sqlalchemy.exc.TimeoutError: QueuePool limit of size 5 overflow 10 reached, connection timed out, timeout 30.00 (Background on this error at: https://sqlalche.me/e/20/3o7r)
2026-09-10T18:11:13.390774415Z ERROR:    Exception in ASGI application
2026-09-10T18:11:13.390803984Z Traceback (most recent call last):
2026-09-10T18:11:13.390806870Z   File "/usr/local/lib/python3.13/site-packages/uvicorn/protocols/http/httptools_impl.py", line 421, in run_asgi
2026-09-10T18:11:13.390809615Z     result = await app(  # type: ignore[func-returns-value]
2026-09-10T18:11:13.390812561Z              ^^^^^^^^^^^^^^^^^^^^^^^^^^^^^^^^^^^^^^^^^^^^^^
2026-09-10T18:11:13.390814515Z         self.scope, self.receive, self.send
2026-09-10T18:11:13.390816429Z         ^^^^^^^^^^^^^^^^^^^^^^^^^^^^^^^^^^^
2026-09-10T18:11:13.390818413Z     )
2026-09-10T18:11:13.390840176Z     ^
2026-09-10T18:11:13.390842280Z   File "/usr/local/lib/python3.13/site-packages/uvicorn/middleware/proxy_headers.py", line 63, in __call__
2026-09-10T18:11:13.390844234Z     return await self.app(scope, receive, send)
2026-09-10T18:11:13.390846138Z            ^^^^^^^^^^^^^^^^^^^^^^^^^^^^^^^^^^^^
2026-09-10T18:11:13.390848853Z   File "/usr/local/lib/python3.13/site-packages/fastapi/applications.py", line 1159, in __call__
2026-09-10T18:11:13.390850797Z     await super().__call__(scope, receive, send)
2026-09-10T18:11:13.390852721Z   File "/usr/local/lib/python3.13/site-packages/starlette/applications.py", line 107, in __call__
2026-09-10T18:11:13.390854675Z     await self.middleware_stack(scope, receive, send)
2026-09-10T18:11:13.390856578Z   File "/usr/local/lib/python3.13/site-packages/starlette/middleware/errors.py", line 186, in __call__
2026-09-10T18:11:13.390858963Z     raise exc
2026-09-10T18:11:13.390861047Z   File "/usr/local/lib/python3.13/site-packages/starlette/middleware/errors.py", line 164, in __call__
2026-09-10T18:11:13.390862991Z     await self.app(scope, receive, _send)
2026-09-10T18:11:13.390865476Z   File "/usr/local/lib/python3.13/site-packages/opentelemetry/instrumentation/asgi/__init__.py", line 806, in __call__
2026-09-10T18:11:13.390867400Z     await self.app(scope, otel_receive, otel_send)
2026-09-10T18:11:13.390869354Z   File "/usr/local/lib/python3.13/site-packages/starlette/middleware/errors.py", line 186, in __call__
2026-09-10T18:11:13.390871287Z     raise exc
2026-09-10T18:11:13.390873211Z   File "/usr/local/lib/python3.13/site-packages/starlette/middleware/errors.py", line 164, in __call__
2026-09-10T18:11:13.390875205Z     await self.app(scope, receive, _send)
2026-09-10T18:11:13.390877109Z   File "/usr/local/lib/python3.13/site-packages/opentelemetry/instrumentation/fastapi/__init__.py", line 305, in __call__
2026-09-10T18:11:13.390879033Z     await self.app(scope, receive, send)
2026-09-10T18:11:13.390886207Z   File "/usr/local/lib/python3.13/site-packages/prometheus_fastapi_instrumentator/middleware.py", line 177, in __call__
2026-09-10T18:11:13.390888251Z     raise exc
2026-09-10T18:11:13.390890215Z   File "/usr/local/lib/python3.13/site-packages/prometheus_fastapi_instrumentator/middleware.py", line 175, in __call__
2026-09-10T18:11:13.390892129Z     await self.app(scope, receive, send_wrapper)
2026-09-10T18:11:13.390894063Z   File "/usr/local/lib/python3.13/site-packages/starlette/middleware/exceptions.py", line 63, in __call__
2026-09-10T18:11:13.390896337Z     await wrap_app_handling_exceptions(self.app, conn)(scope, receive, send)
2026-09-10T18:11:13.390898251Z   File "/usr/local/lib/python3.13/site-packages/starlette/_exception_handler.py", line 53, in wrapped_app
2026-09-10T18:11:13.390900175Z     raise exc
2026-09-10T18:11:13.390902119Z   File "/usr/local/lib/python3.13/site-packages/starlette/_exception_handler.py", line 42, in wrapped_app
2026-09-10T18:11:13.390904052Z     await app(scope, receive, sender)
2026-09-10T18:11:13.390905986Z   File "/usr/local/lib/python3.13/site-packages/fastapi/middleware/asyncexitstack.py", line 18, in __call__
2026-09-10T18:11:13.390907900Z     await self.app(scope, receive, send)
2026-09-10T18:11:13.390909854Z   File "/usr/local/lib/python3.13/site-packages/starlette/routing.py", line 716, in __call__
2026-09-10T18:11:13.390911758Z     await self.middleware_stack(scope, receive, send)
2026-09-10T18:11:13.390913702Z   File "/usr/local/lib/python3.13/site-packages/starlette/routing.py", line 736, in app
2026-09-10T18:11:13.390915625Z     await route.handle(scope, receive, send)
2026-09-10T18:11:13.390917579Z   File "/usr/local/lib/python3.13/site-packages/starlette/routing.py", line 290, in handle
2026-09-10T18:11:13.390924052Z     await self.app(scope, receive, send)
2026-09-10T18:11:13.390926026Z   File "/usr/local/lib/python3.13/site-packages/fastapi/routing.py", line 134, in app
2026-09-10T18:11:13.390927960Z     await wrap_app_handling_exceptions(app, request)(scope, receive, send)
2026-09-10T18:11:13.390929924Z   File "/usr/local/lib/python3.13/site-packages/starlette/_exception_handler.py", line 53, in wrapped_app
2026-09-10T18:11:13.390931847Z     raise exc
2026-09-10T18:11:13.390933781Z   File "/usr/local/lib/python3.13/site-packages/starlette/_exception_handler.py", line 42, in wrapped_app
2026-09-10T18:11:13.390935715Z     await app(scope, receive, sender)
2026-09-10T18:11:13.390937669Z   File "/usr/local/lib/python3.13/site-packages/fastapi/routing.py", line 120, in app
2026-09-10T18:11:13.390940194Z     response = await f(request)
2026-09-10T18:11:13.390942118Z                ^^^^^^^^^^^^^^^^
2026-09-10T18:11:13.390944052Z   File "/usr/local/lib/python3.13/site-packages/fastapi/routing.py", line 674, in app
2026-09-10T18:11:13.390945965Z     raw_response = await run_endpoint_function(
2026-09-10T18:11:13.390947879Z                    ^^^^^^^^^^^^^^^^^^^^^^^^^^^^
2026-09-10T18:11:13.390950224Z     ...<3 lines>...
2026-09-10T18:11:13.390952148Z     )
2026-09-10T18:11:13.390954102Z     ^
2026-09-10T18:11:13.390956025Z   File "/usr/local/lib/python3.13/site-packages/fastapi/routing.py", line 330, in run_endpoint_function
2026-09-10T18:11:13.390957949Z     return await run_in_threadpool(dependant.call, **values)
2026-09-10T18:11:13.390959883Z            ^^^^^^^^^^^^^^^^^^^^^^^^^^^^^^^^^^^^^^^^^^^^^^^^^
2026-09-10T18:11:13.390963901Z   File "/usr/local/lib/python3.13/site-packages/starlette/concurrency.py", line 32, in run_in_threadpool
2026-09-10T18:11:13.390965925Z     return await anyio.to_thread.run_sync(func)
2026-09-10T18:11:13.390967909Z            ^^^^^^^^^^^^^^^^^^^^^^^^^^^^^^^^^^^^
2026-09-10T18:11:13.390969923Z   File "/usr/local/lib/python3.13/site-packages/anyio/to_thread.py", line 63, in run_sync
2026-09-10T18:11:13.390971867Z     return await get_async_backend().run_sync_in_worker_thread(
2026-09-10T18:11:13.390973781Z            ^^^^^^^^^^^^^^^^^^^^^^^^^^^^^^^^^^^^^^^^^^^^^^^^^^^^
2026-09-10T18:11:13.390975704Z         func, args, abandon_on_cancel=abandon_on_cancel, limiter=limiter
2026-09-10T18:11:13.390977638Z         ^^^^^^^^^^^^^^^^^^^^^^^^^^^^^^^^^^^^^^^^^^^^^^^^^^^^^^^^^^^^^^^^
2026-09-10T18:11:13.390979562Z     )
2026-09-10T18:11:13.390981526Z     ^
2026-09-10T18:11:13.390983440Z   File "/usr/local/lib/python3.13/site-packages/anyio/_backends/_asyncio.py", line 2518, in run_sync_in_worker_thread
2026-09-10T18:11:13.390985414Z     return await future
2026-09-10T18:11:13.390987368Z            ^^^^^^^^^^^^
2026-09-10T18:11:13.390989291Z   File "/usr/local/lib/python3.13/site-packages/anyio/_backends/_asyncio.py", line 1002, in run
2026-09-10T18:11:13.390991245Z     result = context.run(func, *args)
2026-09-10T18:11:13.390993179Z   File "/app/app/routers/orders.py", line 36, in checkout
2026-09-10T18:11:13.390995093Z     return create_order(
2026-09-10T18:11:13.390997037Z         db=db,
2026-09-10T18:11:13.390999001Z     ...<2 lines>...
2026-09-10T18:11:13.391001005Z         correlation_id=correlation_id,
2026-09-10T18:11:13.391002938Z     )
2026-09-10T18:11:13.391004912Z   File "/app/app/services/order_service.py", line 42, in create_order
2026-09-10T18:11:13.391006856Z     result = db.execute(
2026-09-10T18:11:13.391008840Z         select(ProductModel).where(ProductModel.id == product_id)
2026-09-10T18:11:13.391010794Z     )
2026-09-10T18:11:13.391012748Z   File "/usr/local/lib/python3.13/site-packages/sqlalchemy/orm/session.py", line 2372, in execute
2026-09-10T18:11:13.391019782Z     return self._execute_internal(
2026-09-10T18:11:13.391021806Z            ~~~~~~~~~~~~~~~~~~~~~~^
2026-09-10T18:11:13.391023740Z         statement,
2026-09-10T18:11:13.391025673Z         ^^^^^^^^^^
2026-09-10T18:11:13.391027597Z     ...<4 lines>...
2026-09-10T18:11:13.391029521Z         _add_event=_add_event,
2026-09-10T18:11:13.391031435Z         ^^^^^^^^^^^^^^^^^^^^^^
2026-09-10T18:11:13.391033349Z     )
2026-09-10T18:11:13.391035282Z     ^
2026-09-10T18:11:13.391037226Z   File "/usr/local/lib/python3.13/site-packages/sqlalchemy/orm/session.py", line 2260, in _execute_internal
2026-09-10T18:11:13.391041274Z     conn = self._connection_for_bind(bind)
2026-09-10T18:11:13.391043278Z   File "/usr/local/lib/python3.13/site-packages/sqlalchemy/orm/session.py", line 2112, in _connection_for_bind
2026-09-10T18:11:13.391045242Z     return trans._connection_for_bind(engine, execution_options)
2026-09-10T18:11:13.391047186Z            ~~~~~~~~~~~~~~~~~~~~~~~~~~^^^^^^^^^^^^^^^^^^^^^^^^^^^
2026-09-10T18:11:13.391049130Z   File "<string>", line 2, in _connection_for_bind
2026-09-10T18:11:13.391051074Z   File "/usr/local/lib/python3.13/site-packages/sqlalchemy/orm/state_changes.py", line 137, in _go
2026-09-10T18:11:13.391053008Z     ret_value = fn(self, *arg, **kw)
2026-09-10T18:11:13.391054982Z   File "/usr/local/lib/python3.13/site-packages/sqlalchemy/orm/session.py", line 1191, in _connection_for_bind
2026-09-10T18:11:13.391056945Z     conn = bind.connect()
2026-09-10T18:11:13.391059290Z   File "/usr/local/lib/python3.13/site-packages/opentelemetry/instrumentation/sqlalchemy/engine.py", line 200, in _wrap_connect_internal
2026-09-10T18:11:13.391061224Z     return func(*args, **kwargs)
2026-09-10T18:11:13.391063168Z   File "/usr/local/lib/python3.13/site-packages/sqlalchemy/engine/base.py", line 3295, in connect
2026-09-10T18:11:13.391065102Z     return self._connection_cls(self)
2026-09-10T18:11:13.391067025Z            ~~~~~~~~~~~~~~~~~~~~^^^^^^
2026-09-10T18:11:13.391068959Z   File "/usr/local/lib/python3.13/site-packages/sqlalchemy/engine/base.py", line 144, in __init__
2026-09-10T18:11:13.391070943Z     self._dbapi_connection = engine.raw_connection()
2026-09-10T18:11:13.391072867Z                              ~~~~~~~~~~~~~~~~~~~~~^^
2026-09-10T18:11:13.391074831Z   File "/usr/local/lib/python3.13/site-packages/sqlalchemy/engine/base.py", line 3319, in raw_connection
2026-09-10T18:11:13.391076755Z     return self.pool.connect()
2026-09-10T18:11:13.391078679Z            ~~~~~~~~~~~~~~~~~^^
2026-09-10T18:11:13.391080612Z   File "/usr/local/lib/python3.13/site-packages/sqlalchemy/pool/base.py", line 448, in connect
2026-09-10T18:11:13.391082546Z     return _ConnectionFairy._checkout(self)
2026-09-10T18:11:13.391084470Z            ~~~~~~~~~~~~~~~~~~~~~~~~~~^^^^^^
2026-09-10T18:11:13.391086414Z   File "/usr/local/lib/python3.13/site-packages/sqlalchemy/pool/base.py", line 1272, in _checkout
2026-09-10T18:11:13.391088348Z     fairy = _ConnectionRecord.checkout(pool)
2026-09-10T18:11:13.391090271Z   File "/usr/local/lib/python3.13/site-packages/sqlalchemy/pool/base.py", line 712, in checkout
2026-09-10T18:11:13.391092195Z     rec = pool._do_get()
2026-09-10T18:11:13.391094119Z   File "/usr/local/lib/python3.13/site-packages/sqlalchemy/pool/impl.py", line 167, in _do_get
2026-09-10T18:11:13.391096043Z     raise exc.TimeoutError(
2026-09-10T18:11:13.391097947Z     ...<4 lines>...
2026-09-10T18:11:13.391099901Z     )
2026-09-10T18:11:13.391102355Z sqlalchemy.exc.TimeoutError: QueuePool limit of size 5 overflow 10 reached, connection timed out, timeout 30.00 (Background on this error at: https://sqlalche.me/e/20/3o7r)
2026-09-10T18:11:13.652912604Z ERROR:    Exception in ASGI application
2026-09-10T18:11:13.653014726Z Traceback (most recent call last):
2026-09-10T18:11:13.653020618Z   File "/usr/local/lib/python3.13/site-packages/uvicorn/protocols/http/httptools_impl.py", line 421, in run_asgi
2026-09-10T18:11:13.653025909Z     result = await app(  # type: ignore[func-returns-value]
2026-09-10T18:11:13.653030267Z              ^^^^^^^^^^^^^^^^^^^^^^^^^^^^^^^^^^^^^^^^^^^^^^
2026-09-10T18:11:13.653034566Z         self.scope, self.receive, self.send
2026-09-10T18:11:13.653039065Z         ^^^^^^^^^^^^^^^^^^^^^^^^^^^^^^^^^^^
2026-09-10T18:11:13.653043443Z     )
2026-09-10T18:11:13.653047842Z     ^
2026-09-10T18:11:13.653052211Z   File "/usr/local/lib/python3.13/site-packages/uvicorn/middleware/proxy_headers.py", line 63, in __call__
2026-09-10T18:11:13.653056609Z     return await self.app(scope, receive, send)
2026-09-10T18:11:13.653060918Z            ^^^^^^^^^^^^^^^^^^^^^^^^^^^^^^^^^^^^
2026-09-10T18:11:13.653065748Z   File "/usr/local/lib/python3.13/site-packages/fastapi/applications.py", line 1159, in __call__
2026-09-10T18:11:13.653070126Z     await super().__call__(scope, receive, send)
2026-09-10T18:11:13.653074515Z   File "/usr/local/lib/python3.13/site-packages/starlette/applications.py", line 107, in __call__
2026-09-10T18:11:13.653078884Z     await self.middleware_stack(scope, receive, send)
2026-09-10T18:11:13.653083212Z   File "/usr/local/lib/python3.13/site-packages/starlette/middleware/errors.py", line 186, in __call__
2026-09-10T18:11:13.653087601Z     raise exc
2026-09-10T18:11:13.653091959Z   File "/usr/local/lib/python3.13/site-packages/starlette/middleware/errors.py", line 164, in __call__
2026-09-10T18:11:13.653096298Z     await self.app(scope, receive, _send)
2026-09-10T18:11:13.653101258Z   File "/usr/local/lib/python3.13/site-packages/opentelemetry/instrumentation/asgi/__init__.py", line 806, in __call__
2026-09-10T18:11:13.653105566Z     await self.app(scope, otel_receive, otel_send)
2026-09-10T18:11:13.653109895Z   File "/usr/local/lib/python3.13/site-packages/starlette/middleware/errors.py", line 186, in __call__
2026-09-10T18:11:13.653114214Z     raise exc
2026-09-10T18:11:13.653118502Z   File "/usr/local/lib/python3.13/site-packages/starlette/middleware/errors.py", line 164, in __call__
2026-09-10T18:11:13.653122801Z     await self.app(scope, receive, _send)
2026-09-10T18:11:13.653127129Z   File "/usr/local/lib/python3.13/site-packages/opentelemetry/instrumentation/fastapi/__init__.py", line 305, in __call__
2026-09-10T18:11:13.653131478Z     await self.app(scope, receive, send)
2026-09-10T18:11:13.653135816Z   File "/usr/local/lib/python3.13/site-packages/prometheus_fastapi_instrumentator/middleware.py", line 177, in __call__
2026-09-10T18:11:13.653140125Z     raise exc
2026-09-10T18:11:13.653144464Z   File "/usr/local/lib/python3.13/site-packages/prometheus_fastapi_instrumentator/middleware.py", line 175, in __call__
2026-09-10T18:11:13.653148932Z     await self.app(scope, receive, send_wrapper)
2026-09-10T18:11:13.653153271Z   File "/usr/local/lib/python3.13/site-packages/starlette/middleware/exceptions.py", line 63, in __call__
2026-09-10T18:11:13.653158171Z     await wrap_app_handling_exceptions(self.app, conn)(scope, receive, send)
2026-09-10T18:11:13.653162499Z   File "/usr/local/lib/python3.13/site-packages/starlette/_exception_handler.py", line 53, in wrapped_app
2026-09-10T18:11:13.653166798Z     raise exc
2026-09-10T18:11:13.653171086Z   File "/usr/local/lib/python3.13/site-packages/starlette/_exception_handler.py", line 42, in wrapped_app
2026-09-10T18:11:13.653175385Z     await app(scope, receive, sender)
2026-09-10T18:11:13.653214132Z   File "/usr/local/lib/python3.13/site-packages/fastapi/middleware/asyncexitstack.py", line 18, in __call__
2026-09-10T18:11:13.653218600Z     await self.app(scope, receive, send)
2026-09-10T18:11:13.653222979Z   File "/usr/local/lib/python3.13/site-packages/starlette/routing.py", line 716, in __call__
2026-09-10T18:11:13.653227358Z     await self.middleware_stack(scope, receive, send)
2026-09-10T18:11:13.653231656Z   File "/usr/local/lib/python3.13/site-packages/starlette/routing.py", line 736, in app
2026-09-10T18:11:13.653235975Z     await route.handle(scope, receive, send)
2026-09-10T18:11:13.653240283Z   File "/usr/local/lib/python3.13/site-packages/starlette/routing.py", line 290, in handle
2026-09-10T18:11:13.653244592Z     await self.app(scope, receive, send)
2026-09-10T18:11:13.653248971Z   File "/usr/local/lib/python3.13/site-packages/fastapi/routing.py", line 134, in app
2026-09-10T18:11:13.653253239Z     await wrap_app_handling_exceptions(app, request)(scope, receive, send)
2026-09-10T18:11:13.653257578Z   File "/usr/local/lib/python3.13/site-packages/starlette/_exception_handler.py", line 53, in wrapped_app
2026-09-10T18:11:13.653261896Z     raise exc
2026-09-10T18:11:13.653266225Z   File "/usr/local/lib/python3.13/site-packages/starlette/_exception_handler.py", line 42, in wrapped_app
2026-09-10T18:11:13.653270744Z     await app(scope, receive, sender)
2026-09-10T18:11:13.653275072Z   File "/usr/local/lib/python3.13/site-packages/fastapi/routing.py", line 120, in app
2026-09-10T18:11:13.653279972Z     response = await f(request)
2026-09-10T18:11:13.653284361Z                ^^^^^^^^^^^^^^^^
2026-09-10T18:11:13.653288659Z   File "/usr/local/lib/python3.13/site-packages/fastapi/routing.py", line 674, in app
2026-09-10T18:11:13.653292948Z     raw_response = await run_endpoint_function(
2026-09-10T18:11:13.653297256Z                    ^^^^^^^^^^^^^^^^^^^^^^^^^^^^
2026-09-10T18:11:13.653302106Z     ...<3 lines>...
2026-09-10T18:11:13.653306485Z     )
2026-09-10T18:11:13.653310863Z     ^
2026-09-10T18:11:13.653315182Z   File "/usr/local/lib/python3.13/site-packages/fastapi/routing.py", line 330, in run_endpoint_function
2026-09-10T18:11:13.653319561Z     return await run_in_threadpool(dependant.call, **values)
2026-09-10T18:11:13.653323869Z            ^^^^^^^^^^^^^^^^^^^^^^^^^^^^^^^^^^^^^^^^^^^^^^^^^
2026-09-10T18:11:13.653358498Z   File "/usr/local/lib/python3.13/site-packages/starlette/concurrency.py", line 32, in run_in_threadpool
2026-09-10T18:11:13.653363478Z     return await anyio.to_thread.run_sync(func)
2026-09-10T18:11:13.653367876Z            ^^^^^^^^^^^^^^^^^^^^^^^^^^^^^^^^^^^^
2026-09-10T18:11:13.653372225Z   File "/usr/local/lib/python3.13/site-packages/anyio/to_thread.py", line 63, in run_sync
2026-09-10T18:11:13.653376574Z     return await get_async_backend().run_sync_in_worker_thread(
2026-09-10T18:11:13.653380972Z            ^^^^^^^^^^^^^^^^^^^^^^^^^^^^^^^^^^^^^^^^^^^^^^^^^^^^
2026-09-10T18:11:13.653385271Z         func, args, abandon_on_cancel=abandon_on_cancel, limiter=limiter
2026-09-10T18:11:13.653389569Z         ^^^^^^^^^^^^^^^^^^^^^^^^^^^^^^^^^^^^^^^^^^^^^^^^^^^^^^^^^^^^^^^^
2026-09-10T18:11:13.653393928Z     )
2026-09-10T18:11:13.653398216Z     ^
2026-09-10T18:11:13.653402525Z   File "/usr/local/lib/python3.13/site-packages/anyio/_backends/_asyncio.py", line 2518, in run_sync_in_worker_thread
2026-09-10T18:11:13.653406844Z     return await future
2026-09-10T18:11:13.653411172Z            ^^^^^^^^^^^^
2026-09-10T18:11:13.653415661Z   File "/usr/local/lib/python3.13/site-packages/anyio/_backends/_asyncio.py", line 1002, in run
2026-09-10T18:11:13.653420060Z     result = context.run(func, *args)
2026-09-10T18:11:13.653424479Z   File "/app/app/routers/orders.py", line 36, in checkout
2026-09-10T18:11:13.653440420Z     return create_order(
2026-09-10T18:11:13.653444889Z         db=db,
2026-09-10T18:11:13.653449268Z     ...<2 lines>...
2026-09-10T18:11:13.653453616Z         correlation_id=correlation_id,
2026-09-10T18:11:13.653457965Z     )
2026-09-10T18:11:13.653462394Z   File "/app/app/services/order_service.py", line 42, in create_order
2026-09-10T18:11:13.653466812Z     result = db.execute(
2026-09-10T18:11:13.653471151Z         select(ProductModel).where(ProductModel.id == product_id)
2026-09-10T18:11:13.653475800Z     )
2026-09-10T18:11:13.653480299Z   File "/usr/local/lib/python3.13/site-packages/sqlalchemy/orm/session.py", line 2372, in execute
2026-09-10T18:11:13.653484638Z     return self._execute_internal(
2026-09-10T18:11:13.653488996Z            ~~~~~~~~~~~~~~~~~~~~~~^
2026-09-10T18:11:13.653493335Z         statement,
2026-09-10T18:11:13.653497754Z         ^^^^^^^^^^
2026-09-10T18:11:13.653502092Z     ...<4 lines>...
2026-09-10T18:11:13.653506491Z         _add_event=_add_event,
2026-09-10T18:11:13.653510880Z         ^^^^^^^^^^^^^^^^^^^^^^
2026-09-10T18:11:13.653515218Z     )
2026-09-10T18:11:13.653519527Z     ^
2026-09-10T18:11:13.653523896Z   File "/usr/local/lib/python3.13/site-packages/sqlalchemy/orm/session.py", line 2260, in _execute_internal
2026-09-10T18:11:13.653528284Z     conn = self._connection_for_bind(bind)
2026-09-10T18:11:13.653532683Z   File "/usr/local/lib/python3.13/site-packages/sqlalchemy/orm/session.py", line 2112, in _connection_for_bind
2026-09-10T18:11:13.653537062Z     return trans._connection_for_bind(engine, execution_options)
2026-09-10T18:11:13.653541430Z            ~~~~~~~~~~~~~~~~~~~~~~~~~~^^^^^^^^^^^^^^^^^^^^^^^^^^^
2026-09-10T18:11:13.653545779Z   File "<string>", line 2, in _connection_for_bind
2026-09-10T18:11:13.653550108Z   File "/usr/local/lib/python3.13/site-packages/sqlalchemy/orm/state_changes.py", line 137, in _go
2026-09-10T18:11:13.653554446Z     ret_value = fn(self, *arg, **kw)
2026-09-10T18:11:13.653558795Z   File "/usr/local/lib/python3.13/site-packages/sqlalchemy/orm/session.py", line 1191, in _connection_for_bind
2026-09-10T18:11:13.653563133Z     conn = bind.connect()
2026-09-10T18:11:13.653567873Z   File "/usr/local/lib/python3.13/site-packages/opentelemetry/instrumentation/sqlalchemy/engine.py", line 200, in _wrap_connect_internal
2026-09-10T18:11:13.653572251Z     return func(*args, **kwargs)
2026-09-10T18:11:13.653576610Z   File "/usr/local/lib/python3.13/site-packages/sqlalchemy/engine/base.py", line 3295, in connect
2026-09-10T18:11:13.653580939Z     return self._connection_cls(self)
2026-09-10T18:11:13.653585247Z            ~~~~~~~~~~~~~~~~~~~~^^^^^^
2026-09-10T18:11:13.653589556Z   File "/usr/local/lib/python3.13/site-packages/sqlalchemy/engine/base.py", line 144, in __init__
2026-09-10T18:11:13.653593864Z     self._dbapi_connection = engine.raw_connection()
2026-09-10T18:11:13.653598133Z                              ~~~~~~~~~~~~~~~~~~~~~^^
2026-09-10T18:11:13.653602612Z   File "/usr/local/lib/python3.13/site-packages/sqlalchemy/engine/base.py", line 3319, in raw_connection
2026-09-10T18:11:13.653607060Z     return self.pool.connect()
2026-09-10T18:11:13.653611439Z            ~~~~~~~~~~~~~~~~~^^
2026-09-10T18:11:13.653615818Z   File "/usr/local/lib/python3.13/site-packages/sqlalchemy/pool/base.py", line 448, in connect
2026-09-10T18:11:13.653620126Z     return _ConnectionFairy._checkout(self)
2026-09-10T18:11:13.653687470Z            ~~~~~~~~~~~~~~~~~~~~~~~~~~^^^^^^
2026-09-10T18:11:13.653700526Z   File "/usr/local/lib/python3.13/site-packages/sqlalchemy/pool/base.py", line 1272, in _checkout
2026-09-10T18:11:13.653721698Z     fairy = _ConnectionRecord.checkout(pool)
2026-09-10T18:11:13.653726307Z   File "/usr/local/lib/python3.13/site-packages/sqlalchemy/pool/base.py", line 712, in checkout
2026-09-10T18:11:13.653730695Z     rec = pool._do_get()
2026-09-10T18:11:13.653735044Z   File "/usr/local/lib/python3.13/site-packages/sqlalchemy/pool/impl.py", line 167, in _do_get
2026-09-10T18:11:13.653739373Z     raise exc.TimeoutError(
2026-09-10T18:11:13.653743641Z     ...<4 lines>...
2026-09-10T18:11:13.653747930Z     )
2026-09-10T18:11:13.653752930Z sqlalchemy.exc.TimeoutError: QueuePool limit of size 5 overflow 10 reached, connection timed out, timeout 30.00 (Background on this error at: https://sqlalche.me/e/20/3o7r)
2026-09-10T18:11:14.359267299Z ERROR:    Exception in ASGI application
2026-09-10T18:11:14.359306386Z Traceback (most recent call last):
2026-09-10T18:11:14.359311947Z   File "/usr/local/lib/python3.13/site-packages/uvicorn/protocols/http/httptools_impl.py", line 421, in run_asgi
2026-09-10T18:11:14.359317058Z     result = await app(  # type: ignore[func-returns-value]
2026-09-10T18:11:14.359321306Z              ^^^^^^^^^^^^^^^^^^^^^^^^^^^^^^^^^^^^^^^^^^^^^^
2026-09-10T18:11:14.359325554Z         self.scope, self.receive, self.send
2026-09-10T18:11:14.359329843Z         ^^^^^^^^^^^^^^^^^^^^^^^^^^^^^^^^^^^
2026-09-10T18:11:14.359334171Z     )
2026-09-10T18:11:14.359338620Z     ^
2026-09-10T18:11:14.359343049Z   File "/usr/local/lib/python3.13/site-packages/uvicorn/middleware/proxy_headers.py", line 63, in __call__
2026-09-10T18:11:14.359347398Z     return await self.app(scope, receive, send)
2026-09-10T18:11:14.359351676Z            ^^^^^^^^^^^^^^^^^^^^^^^^^^^^^^^^^^^^
2026-09-10T18:11:14.359356746Z   File "/usr/local/lib/python3.13/site-packages/fastapi/applications.py", line 1159, in __call__
2026-09-10T18:11:14.359361085Z     await super().__call__(scope, receive, send)
2026-09-10T18:11:14.359365343Z   File "/usr/local/lib/python3.13/site-packages/starlette/applications.py", line 107, in __call__
2026-09-10T18:11:14.359369622Z     await self.middleware_stack(scope, receive, send)
2026-09-10T18:11:14.359374000Z   File "/usr/local/lib/python3.13/site-packages/starlette/middleware/errors.py", line 186, in __call__
2026-09-10T18:11:14.359378389Z     raise exc
2026-09-10T18:11:14.359382718Z   File "/usr/local/lib/python3.13/site-packages/starlette/middleware/errors.py", line 164, in __call__
2026-09-10T18:11:14.359387036Z     await self.app(scope, receive, _send)
2026-09-10T18:11:14.359391956Z   File "/usr/local/lib/python3.13/site-packages/opentelemetry/instrumentation/asgi/__init__.py", line 806, in __call__
2026-09-10T18:11:14.359396265Z     await self.app(scope, otel_receive, otel_send)
2026-09-10T18:11:14.359401084Z   File "/usr/local/lib/python3.13/site-packages/starlette/middleware/errors.py", line 186, in __call__
2026-09-10T18:11:14.359405463Z     raise exc
2026-09-10T18:11:14.359409751Z   File "/usr/local/lib/python3.13/site-packages/starlette/middleware/errors.py", line 164, in __call__
2026-09-10T18:11:14.359414070Z     await self.app(scope, receive, _send)
2026-09-10T18:11:14.359418338Z   File "/usr/local/lib/python3.13/site-packages/opentelemetry/instrumentation/fastapi/__init__.py", line 305, in __call__
2026-09-10T18:11:14.359422607Z     await self.app(scope, receive, send)
2026-09-10T18:11:14.359426905Z   File "/usr/local/lib/python3.13/site-packages/prometheus_fastapi_instrumentator/middleware.py", line 177, in __call__
2026-09-10T18:11:14.359431134Z     raise exc
2026-09-10T18:11:14.359435392Z   File "/usr/local/lib/python3.13/site-packages/prometheus_fastapi_instrumentator/middleware.py", line 175, in __call__
2026-09-10T18:11:14.359468337Z     await self.app(scope, receive, send_wrapper)
2026-09-10T18:11:14.359472876Z   File "/usr/local/lib/python3.13/site-packages/starlette/middleware/exceptions.py", line 63, in __call__
2026-09-10T18:11:14.359477706Z     await wrap_app_handling_exceptions(self.app, conn)(scope, receive, send)
2026-09-10T18:11:14.359481984Z   File "/usr/local/lib/python3.13/site-packages/starlette/_exception_handler.py", line 53, in wrapped_app
2026-09-10T18:11:14.359486233Z     raise exc
2026-09-10T18:11:14.359490461Z   File "/usr/local/lib/python3.13/site-packages/starlette/_exception_handler.py", line 42, in wrapped_app
2026-09-10T18:11:14.359494710Z     await app(scope, receive, sender)
2026-09-10T18:11:14.359498968Z   File "/usr/local/lib/python3.13/site-packages/fastapi/middleware/asyncexitstack.py", line 18, in __call__
2026-09-10T18:11:14.359507535Z     await self.app(scope, receive, send)
2026-09-10T18:11:14.359511984Z   File "/usr/local/lib/python3.13/site-packages/starlette/routing.py", line 716, in __call__
2026-09-10T18:11:14.359516272Z     await self.middleware_stack(scope, receive, send)
2026-09-10T18:11:14.359520531Z   File "/usr/local/lib/python3.13/site-packages/starlette/routing.py", line 736, in app
2026-09-10T18:11:14.359524799Z     await route.handle(scope, receive, send)
2026-09-10T18:11:14.359529078Z   File "/usr/local/lib/python3.13/site-packages/starlette/routing.py", line 290, in handle
2026-09-10T18:11:14.359533366Z     await self.app(scope, receive, send)
2026-09-10T18:11:14.359537625Z   File "/usr/local/lib/python3.13/site-packages/fastapi/routing.py", line 134, in app
2026-09-10T18:11:14.359542053Z     await wrap_app_handling_exceptions(app, request)(scope, receive, send)
2026-09-10T18:11:14.359546372Z   File "/usr/local/lib/python3.13/site-packages/starlette/_exception_handler.py", line 53, in wrapped_app
2026-09-10T18:11:14.359550661Z     raise exc
2026-09-10T18:11:14.359554899Z   File "/usr/local/lib/python3.13/site-packages/starlette/_exception_handler.py", line 42, in wrapped_app
2026-09-10T18:11:14.359559187Z     await app(scope, receive, sender)
2026-09-10T18:11:14.359563496Z   File "/usr/local/lib/python3.13/site-packages/fastapi/routing.py", line 120, in app
2026-09-10T18:11:14.359568165Z     response = await f(request)
2026-09-10T18:11:14.359572474Z                ^^^^^^^^^^^^^^^^
2026-09-10T18:11:14.359576802Z   File "/usr/local/lib/python3.13/site-packages/fastapi/routing.py", line 674, in app
2026-09-10T18:11:14.359581131Z     raw_response = await run_endpoint_function(
2026-09-10T18:11:14.359585399Z                    ^^^^^^^^^^^^^^^^^^^^^^^^^^^^
2026-09-10T18:11:14.359590209Z     ...<3 lines>...
2026-09-10T18:11:14.359594537Z     )
2026-09-10T18:11:14.359598856Z     ^
2026-09-10T18:11:14.359603114Z   File "/usr/local/lib/python3.13/site-packages/fastapi/routing.py", line 330, in run_endpoint_function
2026-09-10T18:11:14.359607363Z     return await run_in_threadpool(dependant.call, **values)
2026-09-10T18:11:14.359611631Z            ^^^^^^^^^^^^^^^^^^^^^^^^^^^^^^^^^^^^^^^^^^^^^^^^^
2026-09-10T18:11:14.359682722Z   File "/usr/local/lib/python3.13/site-packages/starlette/concurrency.py", line 32, in run_in_threadpool
2026-09-10T18:11:14.359692892Z     return await anyio.to_thread.run_sync(func)
2026-09-10T18:11:14.359697642Z            ^^^^^^^^^^^^^^^^^^^^^^^^^^^^^^^^^^^^
2026-09-10T18:11:14.359701960Z   File "/usr/local/lib/python3.13/site-packages/anyio/to_thread.py", line 63, in run_sync
2026-09-10T18:11:14.359706349Z     return await get_async_backend().run_sync_in_worker_thread(
2026-09-10T18:11:14.359710648Z            ^^^^^^^^^^^^^^^^^^^^^^^^^^^^^^^^^^^^^^^^^^^^^^^^^^^^
2026-09-10T18:11:14.359714946Z         func, args, abandon_on_cancel=abandon_on_cancel, limiter=limiter
2026-09-10T18:11:14.359736318Z         ^^^^^^^^^^^^^^^^^^^^^^^^^^^^^^^^^^^^^^^^^^^^^^^^^^^^^^^^^^^^^^^^
2026-09-10T18:11:14.359741058Z     )
2026-09-10T18:11:14.359745356Z     ^
2026-09-10T18:11:14.359749655Z   File "/usr/local/lib/python3.13/site-packages/anyio/_backends/_asyncio.py", line 2518, in run_sync_in_worker_thread
2026-09-10T18:11:14.359753913Z     return await future
2026-09-10T18:11:14.359758593Z            ^^^^^^^^^^^^
2026-09-10T18:11:14.359762861Z   File "/usr/local/lib/python3.13/site-packages/anyio/_backends/_asyncio.py", line 1002, in run
2026-09-10T18:11:14.359803522Z     result = context.run(func, *args)
2026-09-10T18:11:14.359808922Z   File "/app/app/routers/orders.py", line 36, in checkout
2026-09-10T18:11:14.359813271Z     return create_order(
2026-09-10T18:11:14.359817670Z         db=db,
2026-09-10T18:11:14.359822058Z     ...<2 lines>...
2026-09-10T18:11:14.359826407Z         correlation_id=correlation_id,
2026-09-10T18:11:14.359830686Z     )
2026-09-10T18:11:14.359835004Z   File "/app/app/services/order_service.py", line 42, in create_order
2026-09-10T18:11:14.359839293Z     result = db.execute(
2026-09-10T18:11:14.359843681Z         select(ProductModel).where(ProductModel.id == product_id)
2026-09-10T18:11:14.359847950Z     )
2026-09-10T18:11:14.359852248Z   File "/usr/local/lib/python3.13/site-packages/sqlalchemy/orm/session.py", line 2372, in execute
2026-09-10T18:11:14.359856507Z     return self._execute_internal(
2026-09-10T18:11:14.359860775Z            ~~~~~~~~~~~~~~~~~~~~~~^
2026-09-10T18:11:14.359865044Z         statement,
2026-09-10T18:11:14.359869302Z         ^^^^^^^^^^
2026-09-10T18:11:14.359873571Z     ...<4 lines>...
2026-09-10T18:11:14.359877839Z         _add_event=_add_event,
2026-09-10T18:11:14.359882067Z         ^^^^^^^^^^^^^^^^^^^^^^
2026-09-10T18:11:14.359886316Z     )
2026-09-10T18:11:14.359890534Z     ^
2026-09-10T18:11:14.359894813Z   File "/usr/local/lib/python3.13/site-packages/sqlalchemy/orm/session.py", line 2260, in _execute_internal
2026-09-10T18:11:14.359899071Z     conn = self._connection_for_bind(bind)
2026-09-10T18:11:14.359903350Z   File "/usr/local/lib/python3.13/site-packages/sqlalchemy/orm/session.py", line 2112, in _connection_for_bind
2026-09-10T18:11:14.359907698Z     return trans._connection_for_bind(engine, execution_options)
2026-09-10T18:11:14.359912157Z            ~~~~~~~~~~~~~~~~~~~~~~~~~~^^^^^^^^^^^^^^^^^^^^^^^^^^^
2026-09-10T18:11:14.359916415Z   File "<string>", line 2, in _connection_for_bind
2026-09-10T18:11:14.359920694Z   File "/usr/local/lib/python3.13/site-packages/sqlalchemy/orm/state_changes.py", line 137, in _go
2026-09-10T18:11:14.359924952Z     ret_value = fn(self, *arg, **kw)
2026-09-10T18:11:14.359929191Z   File "/usr/local/lib/python3.13/site-packages/sqlalchemy/orm/session.py", line 1191, in _connection_for_bind
2026-09-10T18:11:14.359933449Z     conn = bind.connect()
2026-09-10T18:11:14.359938319Z   File "/usr/local/lib/python3.13/site-packages/opentelemetry/instrumentation/sqlalchemy/engine.py", line 200, in _wrap_connect_internal
2026-09-10T18:11:14.359942597Z     return func(*args, **kwargs)
2026-09-10T18:11:14.359946906Z   File "/usr/local/lib/python3.13/site-packages/sqlalchemy/engine/base.py", line 3295, in connect
2026-09-10T18:11:14.359951164Z     return self._connection_cls(self)
2026-09-10T18:11:14.359955403Z            ~~~~~~~~~~~~~~~~~~~~^^^^^^
2026-09-10T18:11:14.359959681Z   File "/usr/local/lib/python3.13/site-packages/sqlalchemy/engine/base.py", line 144, in __init__
2026-09-10T18:11:14.359963990Z     self._dbapi_connection = engine.raw_connection()
2026-09-10T18:11:14.359968218Z                              ~~~~~~~~~~~~~~~~~~~~~^^
2026-09-10T18:11:14.359988879Z   File "/usr/local/lib/python3.13/site-packages/sqlalchemy/engine/base.py", line 3319, in raw_connection
2026-09-10T18:11:14.359993328Z     return self.pool.connect()
2026-09-10T18:11:14.359997646Z            ~~~~~~~~~~~~~~~~~^^
2026-09-10T18:11:14.360001925Z   File "/usr/local/lib/python3.13/site-packages/sqlalchemy/pool/base.py", line 448, in connect
2026-09-10T18:11:14.360006394Z     return _ConnectionFairy._checkout(self)
2026-09-10T18:11:14.360010602Z            ~~~~~~~~~~~~~~~~~~~~~~~~~~^^^^^^
2026-09-10T18:11:14.360014841Z   File "/usr/local/lib/python3.13/site-packages/sqlalchemy/pool/base.py", line 1272, in _checkout
2026-09-10T18:11:14.360019119Z     fairy = _ConnectionRecord.checkout(pool)
2026-09-10T18:11:14.360023367Z   File "/usr/local/lib/python3.13/site-packages/sqlalchemy/pool/base.py", line 712, in checkout
2026-09-10T18:11:14.360027626Z     rec = pool._do_get()
2026-09-10T18:11:14.360031894Z   File "/usr/local/lib/python3.13/site-packages/sqlalchemy/pool/impl.py", line 167, in _do_get
2026-09-10T18:11:14.360036183Z     raise exc.TimeoutError(
2026-09-10T18:11:14.360040521Z     ...<4 lines>...
2026-09-10T18:11:14.360044880Z     )
2026-09-10T18:11:14.360049850Z sqlalchemy.exc.TimeoutError: QueuePool limit of size 5 overflow 10 reached, connection timed out, timeout 30.00 (Background on this error at: https://sqlalche.me/e/20/3o7r)
2026-09-10T18:11:14.368648402Z ERROR:    Exception in ASGI application
2026-09-10T18:11:14.368683421Z Traceback (most recent call last):
2026-09-10T18:11:14.368686748Z   File "/usr/local/lib/python3.13/site-packages/uvicorn/protocols/http/httptools_impl.py", line 421, in run_asgi
2026-09-10T18:11:14.368689373Z     result = await app(  # type: ignore[func-returns-value]
2026-09-10T18:11:14.368691287Z              ^^^^^^^^^^^^^^^^^^^^^^^^^^^^^^^^^^^^^^^^^^^^^^
2026-09-10T18:11:14.368693191Z         self.scope, self.receive, self.send
2026-09-10T18:11:14.368695085Z         ^^^^^^^^^^^^^^^^^^^^^^^^^^^^^^^^^^^
2026-09-10T18:11:14.368696998Z     )
2026-09-10T18:11:14.368698992Z     ^
2026-09-10T18:11:14.368700916Z   File "/usr/local/lib/python3.13/site-packages/uvicorn/middleware/proxy_headers.py", line 63, in __call__
2026-09-10T18:11:14.368702890Z     return await self.app(scope, receive, send)
2026-09-10T18:11:14.368704924Z            ^^^^^^^^^^^^^^^^^^^^^^^^^^^^^^^^^^^^
2026-09-10T18:11:14.368707439Z   File "/usr/local/lib/python3.13/site-packages/fastapi/applications.py", line 1159, in __call__
2026-09-10T18:11:14.368709353Z     await super().__call__(scope, receive, send)
2026-09-10T18:11:14.368711798Z   File "/usr/local/lib/python3.13/site-packages/starlette/applications.py", line 107, in __call__
2026-09-10T18:11:14.368713752Z     await self.middleware_stack(scope, receive, send)
2026-09-10T18:11:14.368715655Z   File "/usr/local/lib/python3.13/site-packages/starlette/middleware/errors.py", line 186, in __call__
2026-09-10T18:11:14.368717629Z     raise exc
2026-09-10T18:11:14.368719583Z   File "/usr/local/lib/python3.13/site-packages/starlette/middleware/errors.py", line 164, in __call__
2026-09-10T18:11:14.368721537Z     await self.app(scope, receive, _send)
2026-09-10T18:11:14.368724583Z   File "/usr/local/lib/python3.13/site-packages/opentelemetry/instrumentation/asgi/__init__.py", line 806, in __call__
2026-09-10T18:11:14.368726507Z     await self.app(scope, otel_receive, otel_send)
2026-09-10T18:11:14.368728411Z   File "/usr/local/lib/python3.13/site-packages/starlette/middleware/errors.py", line 186, in __call__
2026-09-10T18:11:14.368730334Z     raise exc
2026-09-10T18:11:14.368732238Z   File "/usr/local/lib/python3.13/site-packages/starlette/middleware/errors.py", line 164, in __call__
2026-09-10T18:11:14.368751627Z     await self.app(scope, receive, _send)
2026-09-10T18:11:14.368753741Z   File "/usr/local/lib/python3.13/site-packages/opentelemetry/instrumentation/fastapi/__init__.py", line 305, in __call__
2026-09-10T18:11:14.368755665Z     await self.app(scope, receive, send)
2026-09-10T18:11:14.368757588Z   File "/usr/local/lib/python3.13/site-packages/prometheus_fastapi_instrumentator/middleware.py", line 177, in __call__
2026-09-10T18:11:14.368759492Z     raise exc
2026-09-10T18:11:14.368761697Z   File "/usr/local/lib/python3.13/site-packages/prometheus_fastapi_instrumentator/middleware.py", line 175, in __call__
2026-09-10T18:11:14.368763630Z     await self.app(scope, receive, send_wrapper)
2026-09-10T18:11:14.368765594Z   File "/usr/local/lib/python3.13/site-packages/starlette/middleware/exceptions.py", line 63, in __call__
2026-09-10T18:11:14.368768129Z     await wrap_app_handling_exceptions(self.app, conn)(scope, receive, send)
2026-09-10T18:11:14.368770053Z   File "/usr/local/lib/python3.13/site-packages/starlette/_exception_handler.py", line 53, in wrapped_app
2026-09-10T18:11:14.368771947Z     raise exc
2026-09-10T18:11:14.368773841Z   File "/usr/local/lib/python3.13/site-packages/starlette/_exception_handler.py", line 42, in wrapped_app
2026-09-10T18:11:14.368775734Z     await app(scope, receive, sender)
2026-09-10T18:11:14.368777688Z   File "/usr/local/lib/python3.13/site-packages/fastapi/middleware/asyncexitstack.py", line 18, in __call__
2026-09-10T18:11:14.368779602Z     await self.app(scope, receive, send)
2026-09-10T18:11:14.368781506Z   File "/usr/local/lib/python3.13/site-packages/starlette/routing.py", line 716, in __call__
2026-09-10T18:11:14.368783430Z     await self.middleware_stack(scope, receive, send)
2026-09-10T18:11:14.368785373Z   File "/usr/local/lib/python3.13/site-packages/starlette/routing.py", line 736, in app
2026-09-10T18:11:14.368787307Z     await route.handle(scope, receive, send)
2026-09-10T18:11:14.368789221Z   File "/usr/local/lib/python3.13/site-packages/starlette/routing.py", line 290, in handle
2026-09-10T18:11:14.368791115Z     await self.app(scope, receive, send)
2026-09-10T18:11:14.368793019Z   File "/usr/local/lib/python3.13/site-packages/fastapi/routing.py", line 134, in app
2026-09-10T18:11:14.368794902Z     await wrap_app_handling_exceptions(app, request)(scope, receive, send)
2026-09-10T18:11:14.368796866Z   File "/usr/local/lib/python3.13/site-packages/starlette/_exception_handler.py", line 53, in wrapped_app
2026-09-10T18:11:14.368798750Z     raise exc
2026-09-10T18:11:14.368803700Z   File "/usr/local/lib/python3.13/site-packages/starlette/_exception_handler.py", line 42, in wrapped_app
2026-09-10T18:11:14.368805714Z     await app(scope, receive, sender)
2026-09-10T18:11:14.368807638Z   File "/usr/local/lib/python3.13/site-packages/fastapi/routing.py", line 120, in app
2026-09-10T18:11:14.368810403Z     response = await f(request)
2026-09-10T18:11:14.368812327Z                ^^^^^^^^^^^^^^^^
2026-09-10T18:11:14.368814221Z   File "/usr/local/lib/python3.13/site-packages/fastapi/routing.py", line 674, in app
2026-09-10T18:11:14.368816144Z     raw_response = await run_endpoint_function(
2026-09-10T18:11:14.368818068Z                    ^^^^^^^^^^^^^^^^^^^^^^^^^^^^
2026-09-10T18:11:14.368820503Z     ...<3 lines>...
2026-09-10T18:11:14.368822487Z     )
2026-09-10T18:11:14.368824431Z     ^
2026-09-10T18:11:14.368826325Z   File "/usr/local/lib/python3.13/site-packages/fastapi/routing.py", line 330, in run_endpoint_function
2026-09-10T18:11:14.368828238Z     return await run_in_threadpool(dependant.call, **values)
2026-09-10T18:11:14.368830152Z            ^^^^^^^^^^^^^^^^^^^^^^^^^^^^^^^^^^^^^^^^^^^^^^^^^
2026-09-10T18:11:14.368847146Z   File "/usr/local/lib/python3.13/site-packages/starlette/concurrency.py", line 32, in run_in_threadpool
2026-09-10T18:11:14.368849320Z     return await anyio.to_thread.run_sync(func)
2026-09-10T18:11:14.368851274Z            ^^^^^^^^^^^^^^^^^^^^^^^^^^^^^^^^^^^^
2026-09-10T18:11:14.368853198Z   File "/usr/local/lib/python3.13/site-packages/anyio/to_thread.py", line 63, in run_sync
2026-09-10T18:11:14.368855102Z     return await get_async_backend().run_sync_in_worker_thread(
2026-09-10T18:11:14.368857096Z            ^^^^^^^^^^^^^^^^^^^^^^^^^^^^^^^^^^^^^^^^^^^^^^^^^^^^
2026-09-10T18:11:14.368858999Z         func, args, abandon_on_cancel=abandon_on_cancel, limiter=limiter
2026-09-10T18:11:14.368860933Z         ^^^^^^^^^^^^^^^^^^^^^^^^^^^^^^^^^^^^^^^^^^^^^^^^^^^^^^^^^^^^^^^^
2026-09-10T18:11:14.368862847Z     )
2026-09-10T18:11:14.368864761Z     ^
2026-09-10T18:11:14.368866745Z   File "/usr/local/lib/python3.13/site-packages/anyio/_backends/_asyncio.py", line 2518, in run_sync_in_worker_thread
2026-09-10T18:11:14.368868679Z     return await future
2026-09-10T18:11:14.368872697Z            ^^^^^^^^^^^^
2026-09-10T18:11:14.368874620Z   File "/usr/local/lib/python3.13/site-packages/anyio/_backends/_asyncio.py", line 1002, in run
2026-09-10T18:11:14.368876564Z     result = context.run(func, *args)
2026-09-10T18:11:14.368878518Z   File "/app/app/routers/orders.py", line 36, in checkout
2026-09-10T18:11:14.368880432Z     return create_order(
2026-09-10T18:11:14.368882386Z         db=db,
2026-09-10T18:11:14.368884310Z     ...<2 lines>...
2026-09-10T18:11:14.368886243Z         correlation_id=correlation_id,
2026-09-10T18:11:14.368888177Z     )
2026-09-10T18:11:14.368890151Z   File "/app/app/services/order_service.py", line 42, in create_order
2026-09-10T18:11:14.368892045Z     result = db.execute(
2026-09-10T18:11:14.368893949Z         select(ProductModel).where(ProductModel.id == product_id)
2026-09-10T18:11:14.368895872Z     )
2026-09-10T18:11:14.368897836Z   File "/usr/local/lib/python3.13/site-packages/sqlalchemy/orm/session.py", line 2372, in execute
2026-09-10T18:11:14.368899740Z     return self._execute_internal(
2026-09-10T18:11:14.368901654Z            ~~~~~~~~~~~~~~~~~~~~~~^
2026-09-10T18:11:14.368903548Z         statement,
2026-09-10T18:11:14.368905482Z         ^^^^^^^^^^
2026-09-10T18:11:14.368907385Z     ...<4 lines>...
2026-09-10T18:11:14.368909289Z         _add_event=_add_event,
2026-09-10T18:11:14.368911193Z         ^^^^^^^^^^^^^^^^^^^^^^
2026-09-10T18:11:14.368913107Z     )
2026-09-10T18:11:14.368915040Z     ^
2026-09-10T18:11:14.368917024Z   File "/usr/local/lib/python3.13/site-packages/sqlalchemy/orm/session.py", line 2260, in _execute_internal
2026-09-10T18:11:14.368918938Z     conn = self._connection_for_bind(bind)
2026-09-10T18:11:14.368920862Z   File "/usr/local/lib/python3.13/site-packages/sqlalchemy/orm/session.py", line 2112, in _connection_for_bind
2026-09-10T18:11:14.368922766Z     return trans._connection_for_bind(engine, execution_options)
2026-09-10T18:11:14.368924660Z            ~~~~~~~~~~~~~~~~~~~~~~~~~~^^^^^^^^^^^^^^^^^^^^^^^^^^^
2026-09-10T18:11:14.368926543Z   File "<string>", line 2, in _connection_for_bind
2026-09-10T18:11:14.368928507Z   File "/usr/local/lib/python3.13/site-packages/sqlalchemy/orm/state_changes.py", line 137, in _go
2026-09-10T18:11:14.368930461Z     ret_value = fn(self, *arg, **kw)
2026-09-10T18:11:14.368932385Z   File "/usr/local/lib/python3.13/site-packages/sqlalchemy/orm/session.py", line 1191, in _connection_for_bind
2026-09-10T18:11:14.368977995Z     conn = bind.connect()
2026-09-10T18:11:14.368981302Z   File "/usr/local/lib/python3.13/site-packages/opentelemetry/instrumentation/sqlalchemy/engine.py", line 200, in _wrap_connect_internal
2026-09-10T18:11:14.368991071Z     return func(*args, **kwargs)
2026-09-10T18:11:14.368993145Z   File "/usr/local/lib/python3.13/site-packages/sqlalchemy/engine/base.py", line 3295, in connect
2026-09-10T18:11:14.368995079Z     return self._connection_cls(self)
2026-09-10T18:11:14.368997203Z            ~~~~~~~~~~~~~~~~~~~~^^^^^^
2026-09-10T18:11:14.368999087Z   File "/usr/local/lib/python3.13/site-packages/sqlalchemy/engine/base.py", line 144, in __init__
2026-09-10T18:11:14.369001001Z     self._dbapi_connection = engine.raw_connection()
2026-09-10T18:11:14.369002895Z                              ~~~~~~~~~~~~~~~~~~~~~^^
2026-09-10T18:11:14.369004788Z   File "/usr/local/lib/python3.13/site-packages/sqlalchemy/engine/base.py", line 3319, in raw_connection
2026-09-10T18:11:14.369006692Z     return self.pool.connect()
2026-09-10T18:11:14.369008596Z            ~~~~~~~~~~~~~~~~~^^
2026-09-10T18:11:14.369010520Z   File "/usr/local/lib/python3.13/site-packages/sqlalchemy/pool/base.py", line 448, in connect
2026-09-10T18:11:14.369012474Z     return _ConnectionFairy._checkout(self)
2026-09-10T18:11:14.369014468Z            ~~~~~~~~~~~~~~~~~~~~~~~~~~^^^^^^
2026-09-10T18:11:14.369016732Z   File "/usr/local/lib/python3.13/site-packages/sqlalchemy/pool/base.py", line 1272, in _checkout
2026-09-10T18:11:14.369018646Z     fairy = _ConnectionRecord.checkout(pool)
2026-09-10T18:11:14.369020550Z   File "/usr/local/lib/python3.13/site-packages/sqlalchemy/pool/base.py", line 712, in checkout
2026-09-10T18:11:14.369022493Z     rec = pool._do_get()
2026-09-10T18:11:14.369024407Z   File "/usr/local/lib/python3.13/site-packages/sqlalchemy/pool/impl.py", line 167, in _do_get
2026-09-10T18:11:14.369026301Z     raise exc.TimeoutError(
2026-09-10T18:11:14.369028225Z     ...<4 lines>...
2026-09-10T18:11:14.369030159Z     )
2026-09-10T18:11:14.369032684Z sqlalchemy.exc.TimeoutError: QueuePool limit of size 5 overflow 10 reached, connection timed out, timeout 30.00 (Background on this error at: https://sqlalche.me/e/20/3o7r)
2026-09-10T18:11:14.528159575Z ERROR:    Exception in ASGI application
2026-09-10T18:11:14.528208792Z Traceback (most recent call last):
2026-09-10T18:11:14.528223321Z   File "/usr/local/lib/python3.13/site-packages/uvicorn/protocols/http/httptools_impl.py", line 421, in run_asgi
2026-09-10T18:11:14.528231477Z     result = await app(  # type: ignore[func-returns-value]
2026-09-10T18:11:14.528237850Z              ^^^^^^^^^^^^^^^^^^^^^^^^^^^^^^^^^^^^^^^^^^^^^^
2026-09-10T18:11:14.528242820Z         self.scope, self.receive, self.send
2026-09-10T18:11:14.528247409Z         ^^^^^^^^^^^^^^^^^^^^^^^^^^^^^^^^^^^
2026-09-10T18:11:14.528251767Z     )
2026-09-10T18:11:14.528256928Z     ^
2026-09-10T18:11:14.528262669Z   File "/usr/local/lib/python3.13/site-packages/uvicorn/middleware/proxy_headers.py", line 63, in __call__
2026-09-10T18:11:14.528270845Z     return await self.app(scope, receive, send)
2026-09-10T18:11:14.528282448Z            ^^^^^^^^^^^^^^^^^^^^^^^^^^^^^^^^^^^^
2026-09-10T18:11:14.528289552Z   File "/usr/local/lib/python3.13/site-packages/fastapi/applications.py", line 1159, in __call__
2026-09-10T18:11:14.528294813Z     await super().__call__(scope, receive, send)
2026-09-10T18:11:14.528300183Z   File "/usr/local/lib/python3.13/site-packages/starlette/applications.py", line 107, in __call__
2026-09-10T18:11:14.528305504Z     await self.middleware_stack(scope, receive, send)
2026-09-10T18:11:14.528311255Z   File "/usr/local/lib/python3.13/site-packages/starlette/middleware/errors.py", line 186, in __call__
2026-09-10T18:11:14.528316997Z     raise exc
2026-09-10T18:11:14.528363659Z   File "/usr/local/lib/python3.13/site-packages/starlette/middleware/errors.py", line 164, in __call__
2026-09-10T18:11:14.528375312Z     await self.app(scope, receive, _send)
2026-09-10T18:11:14.528382256Z   File "/usr/local/lib/python3.13/site-packages/opentelemetry/instrumentation/asgi/__init__.py", line 806, in __call__
2026-09-10T18:11:14.528387657Z     await self.app(scope, otel_receive, otel_send)
2026-09-10T18:11:14.528392897Z   File "/usr/local/lib/python3.13/site-packages/starlette/middleware/errors.py", line 186, in __call__
2026-09-10T18:11:14.528398879Z     raise exc
2026-09-10T18:11:14.528404340Z   File "/usr/local/lib/python3.13/site-packages/starlette/middleware/errors.py", line 164, in __call__
2026-09-10T18:11:14.528410131Z     await self.app(scope, receive, _send)
2026-09-10T18:11:14.528415763Z   File "/usr/local/lib/python3.13/site-packages/opentelemetry/instrumentation/fastapi/__init__.py", line 305, in __call__
2026-09-10T18:11:14.528499388Z     await self.app(scope, receive, send)
2026-09-10T18:11:14.528510280Z   File "/usr/local/lib/python3.13/site-packages/prometheus_fastapi_instrumentator/middleware.py", line 177, in __call__
2026-09-10T18:11:14.528514819Z     raise exc
2026-09-10T18:11:14.528519238Z   File "/usr/local/lib/python3.13/site-packages/prometheus_fastapi_instrumentator/middleware.py", line 175, in __call__
2026-09-10T18:11:14.528523576Z     await self.app(scope, receive, send_wrapper)
2026-09-10T18:11:14.528527895Z   File "/usr/local/lib/python3.13/site-packages/starlette/middleware/exceptions.py", line 63, in __call__
2026-09-10T18:11:14.528532744Z     await wrap_app_handling_exceptions(self.app, conn)(scope, receive, send)
2026-09-10T18:11:14.528537063Z   File "/usr/local/lib/python3.13/site-packages/starlette/_exception_handler.py", line 53, in wrapped_app
2026-09-10T18:11:14.528541422Z     raise exc
2026-09-10T18:11:14.528545750Z   File "/usr/local/lib/python3.13/site-packages/starlette/_exception_handler.py", line 42, in wrapped_app
2026-09-10T18:11:14.528550119Z     await app(scope, receive, sender)
2026-09-10T18:11:14.528554447Z   File "/usr/local/lib/python3.13/site-packages/fastapi/middleware/asyncexitstack.py", line 18, in __call__
2026-09-10T18:11:14.528558776Z     await self.app(scope, receive, send)
2026-09-10T18:11:14.528563355Z   File "/usr/local/lib/python3.13/site-packages/starlette/routing.py", line 716, in __call__
2026-09-10T18:11:14.528567714Z     await self.middleware_stack(scope, receive, send)
2026-09-10T18:11:14.528571992Z   File "/usr/local/lib/python3.13/site-packages/starlette/routing.py", line 736, in app
2026-09-10T18:11:14.528576331Z     await route.handle(scope, receive, send)
2026-09-10T18:11:14.528580669Z   File "/usr/local/lib/python3.13/site-packages/starlette/routing.py", line 290, in handle
2026-09-10T18:11:14.528585048Z     await self.app(scope, receive, send)
2026-09-10T18:11:14.528589347Z   File "/usr/local/lib/python3.13/site-packages/fastapi/routing.py", line 134, in app
2026-09-10T18:11:14.528593645Z     await wrap_app_handling_exceptions(app, request)(scope, receive, send)
2026-09-10T18:11:14.528597984Z   File "/usr/local/lib/python3.13/site-packages/starlette/_exception_handler.py", line 53, in wrapped_app
2026-09-10T18:11:14.528602292Z     raise exc
2026-09-10T18:11:14.528606631Z   File "/usr/local/lib/python3.13/site-packages/starlette/_exception_handler.py", line 42, in wrapped_app
2026-09-10T18:11:14.528610919Z     await app(scope, receive, sender)
2026-09-10T18:11:14.528615228Z   File "/usr/local/lib/python3.13/site-packages/fastapi/routing.py", line 120, in app
2026-09-10T18:11:14.528620148Z     response = await f(request)
2026-09-10T18:11:14.528624456Z                ^^^^^^^^^^^^^^^^
2026-09-10T18:11:14.528646851Z   File "/usr/local/lib/python3.13/site-packages/fastapi/routing.py", line 674, in app
2026-09-10T18:11:14.528651349Z     raw_response = await run_endpoint_function(
2026-09-10T18:11:14.528655658Z                    ^^^^^^^^^^^^^^^^^^^^^^^^^^^^
2026-09-10T18:11:14.528660648Z     ...<3 lines>...
2026-09-10T18:11:14.528664987Z     )
2026-09-10T18:11:14.528669335Z     ^
2026-09-10T18:11:14.528673604Z   File "/usr/local/lib/python3.13/site-packages/fastapi/routing.py", line 330, in run_endpoint_function
2026-09-10T18:11:14.528677892Z     return await run_in_threadpool(dependant.call, **values)
2026-09-10T18:11:14.528682201Z            ^^^^^^^^^^^^^^^^^^^^^^^^^^^^^^^^^^^^^^^^^^^^^^^^^
2026-09-10T18:11:14.528747751Z   File "/usr/local/lib/python3.13/site-packages/starlette/concurrency.py", line 32, in run_in_threadpool
2026-09-10T18:11:14.528757901Z     return await anyio.to_thread.run_sync(func)
2026-09-10T18:11:14.528762349Z            ^^^^^^^^^^^^^^^^^^^^^^^^^^^^^^^^^^^^
2026-09-10T18:11:14.528766758Z   File "/usr/local/lib/python3.13/site-packages/anyio/to_thread.py", line 63, in run_sync
2026-09-10T18:11:14.528771017Z     return await get_async_backend().run_sync_in_worker_thread(
2026-09-10T18:11:14.528775305Z            ^^^^^^^^^^^^^^^^^^^^^^^^^^^^^^^^^^^^^^^^^^^^^^^^^^^^
2026-09-10T18:11:14.528779694Z         func, args, abandon_on_cancel=abandon_on_cancel, limiter=limiter
2026-09-10T18:11:14.528784123Z         ^^^^^^^^^^^^^^^^^^^^^^^^^^^^^^^^^^^^^^^^^^^^^^^^^^^^^^^^^^^^^^^^
2026-09-10T18:11:14.528788411Z     )
2026-09-10T18:11:14.528792800Z     ^
2026-09-10T18:11:14.528797108Z   File "/usr/local/lib/python3.13/site-packages/anyio/_backends/_asyncio.py", line 2518, in run_sync_in_worker_thread
2026-09-10T18:11:14.528801517Z     return await future
2026-09-10T18:11:14.528805886Z            ^^^^^^^^^^^^
2026-09-10T18:11:14.528810124Z   File "/usr/local/lib/python3.13/site-packages/anyio/_backends/_asyncio.py", line 1002, in run
2026-09-10T18:11:14.528814423Z     result = context.run(func, *args)
2026-09-10T18:11:14.528818691Z   File "/app/app/routers/orders.py", line 36, in checkout
2026-09-10T18:11:14.528822940Z     return create_order(
2026-09-10T18:11:14.528827288Z         db=db,
2026-09-10T18:11:14.528831597Z     ...<2 lines>...
2026-09-10T18:11:14.528835875Z         correlation_id=correlation_id,
2026-09-10T18:11:14.528840334Z     )
2026-09-10T18:11:14.528844753Z   File "/app/app/services/order_service.py", line 42, in create_order
2026-09-10T18:11:14.528849071Z     result = db.execute(
2026-09-10T18:11:14.528853400Z         select(ProductModel).where(ProductModel.id == product_id)
2026-09-10T18:11:14.528857749Z     )
2026-09-10T18:11:14.528862037Z   File "/usr/local/lib/python3.13/site-packages/sqlalchemy/orm/session.py", line 2372, in execute
2026-09-10T18:11:14.528866356Z     return self._execute_internal(
2026-09-10T18:11:14.528870714Z            ~~~~~~~~~~~~~~~~~~~~~~^
2026-09-10T18:11:14.528874983Z         statement,
2026-09-10T18:11:14.528879301Z         ^^^^^^^^^^
2026-09-10T18:11:14.528883550Z     ...<4 lines>...
2026-09-10T18:11:14.528887828Z         _add_event=_add_event,
2026-09-10T18:11:14.528892097Z         ^^^^^^^^^^^^^^^^^^^^^^
2026-09-10T18:11:14.528896455Z     )
2026-09-10T18:11:14.528900724Z     ^
2026-09-10T18:11:14.528905032Z   File "/usr/local/lib/python3.13/site-packages/sqlalchemy/orm/session.py", line 2260, in _execute_internal
2026-09-10T18:11:14.528909481Z     conn = self._connection_for_bind(bind)
2026-09-10T18:11:14.528913820Z   File "/usr/local/lib/python3.13/site-packages/sqlalchemy/orm/session.py", line 2112, in _connection_for_bind
2026-09-10T18:11:14.529016583Z     return trans._connection_for_bind(engine, execution_options)
2026-09-10T18:11:14.529036583Z            ~~~~~~~~~~~~~~~~~~~~~~~~~~^^^^^^^^^^^^^^^^^^^^^^^^^^^
2026-09-10T18:11:14.529041423Z   File "<string>", line 2, in _connection_for_bind
2026-09-10T18:11:14.529045912Z   File "/usr/local/lib/python3.13/site-packages/sqlalchemy/orm/state_changes.py", line 137, in _go
2026-09-10T18:11:14.529050240Z     ret_value = fn(self, *arg, **kw)
2026-09-10T18:11:14.529054749Z   File "/usr/local/lib/python3.13/site-packages/sqlalchemy/orm/session.py", line 1191, in _connection_for_bind
2026-09-10T18:11:14.529059108Z     conn = bind.connect()
2026-09-10T18:11:14.529064027Z   File "/usr/local/lib/python3.13/site-packages/opentelemetry/instrumentation/sqlalchemy/engine.py", line 200, in _wrap_connect_internal
2026-09-10T18:11:14.529068456Z     return func(*args, **kwargs)
2026-09-10T18:11:14.529072765Z   File "/usr/local/lib/python3.13/site-packages/sqlalchemy/engine/base.py", line 3295, in connect
2026-09-10T18:11:14.529077093Z     return self._connection_cls(self)
2026-09-10T18:11:14.529081402Z            ~~~~~~~~~~~~~~~~~~~~^^^^^^
2026-09-10T18:11:14.529085720Z   File "/usr/local/lib/python3.13/site-packages/sqlalchemy/engine/base.py", line 144, in __init__
2026-09-10T18:11:14.529090109Z     self._dbapi_connection = engine.raw_connection()
2026-09-10T18:11:14.529094418Z                              ~~~~~~~~~~~~~~~~~~~~~^^
2026-09-10T18:11:14.529098716Z   File "/usr/local/lib/python3.13/site-packages/sqlalchemy/engine/base.py", line 3319, in raw_connection
2026-09-10T18:11:14.529103035Z     return self.pool.connect()
2026-09-10T18:11:14.529107353Z            ~~~~~~~~~~~~~~~~~^^
2026-09-10T18:11:14.529111722Z   File "/usr/local/lib/python3.13/site-packages/sqlalchemy/pool/base.py", line 448, in connect
2026-09-10T18:11:14.529116051Z     return _ConnectionFairy._checkout(self)
2026-09-10T18:11:14.529120369Z            ~~~~~~~~~~~~~~~~~~~~~~~~~~^^^^^^
2026-09-10T18:11:14.529124968Z   File "/usr/local/lib/python3.13/site-packages/sqlalchemy/pool/base.py", line 1272, in _checkout
2026-09-10T18:11:14.529129317Z     fairy = _ConnectionRecord.checkout(pool)
2026-09-10T18:11:14.529133605Z   File "/usr/local/lib/python3.13/site-packages/sqlalchemy/pool/base.py", line 712, in checkout
2026-09-10T18:11:14.529137924Z     rec = pool._do_get()
2026-09-10T18:11:14.529142222Z   File "/usr/local/lib/python3.13/site-packages/sqlalchemy/pool/impl.py", line 167, in _do_get
2026-09-10T18:11:14.529146501Z     raise exc.TimeoutError(
2026-09-10T18:11:14.529150769Z     ...<4 lines>...
2026-09-10T18:11:14.529155128Z     )
2026-09-10T18:11:14.529160629Z sqlalchemy.exc.TimeoutError: QueuePool limit of size 5 overflow 10 reached, connection timed out, timeout 30.00 (Background on this error at: https://sqlalche.me/e/20/3o7r)
2026-09-10T18:11:15.255090173Z ERROR:    Exception in ASGI application
2026-09-10T18:11:15.255140813Z Traceback (most recent call last):
2026-09-10T18:11:15.255148819Z   File "/usr/local/lib/python3.13/site-packages/uvicorn/protocols/http/httptools_impl.py", line 421, in run_asgi
2026-09-10T18:11:15.255154600Z     result = await app(  # type: ignore[func-returns-value]
2026-09-10T18:11:15.255157356Z              ^^^^^^^^^^^^^^^^^^^^^^^^^^^^^^^^^^^^^^^^^^^^^^
2026-09-10T18:11:15.255160061Z         self.scope, self.receive, self.send
2026-09-10T18:11:15.255162977Z         ^^^^^^^^^^^^^^^^^^^^^^^^^^^^^^^^^^^
2026-09-10T18:11:15.255165963Z     )
2026-09-10T18:11:15.255169450Z     ^
2026-09-10T18:11:15.255172977Z   File "/usr/local/lib/python3.13/site-packages/uvicorn/middleware/proxy_headers.py", line 63, in __call__
2026-09-10T18:11:15.255175953Z     return await self.app(scope, receive, send)
2026-09-10T18:11:15.255200932Z            ^^^^^^^^^^^^^^^^^^^^^^^^^^^^^^^^^^^^
2026-09-10T18:11:15.255207145Z   File "/usr/local/lib/python3.13/site-packages/fastapi/applications.py", line 1159, in __call__
2026-09-10T18:11:15.255210150Z     await super().__call__(scope, receive, send)
2026-09-10T18:11:15.255213126Z   File "/usr/local/lib/python3.13/site-packages/starlette/applications.py", line 107, in __call__
2026-09-10T18:11:15.255216012Z     await self.middleware_stack(scope, receive, send)
2026-09-10T18:11:15.255218687Z   File "/usr/local/lib/python3.13/site-packages/starlette/middleware/errors.py", line 186, in __call__
2026-09-10T18:11:15.255221423Z     raise exc
2026-09-10T18:11:15.255224128Z   File "/usr/local/lib/python3.13/site-packages/starlette/middleware/errors.py", line 164, in __call__
2026-09-10T18:11:15.255226803Z     await self.app(scope, receive, _send)
2026-09-10T18:11:15.255230130Z   File "/usr/local/lib/python3.13/site-packages/opentelemetry/instrumentation/asgi/__init__.py", line 806, in __call__
2026-09-10T18:11:15.255232845Z     await self.app(scope, otel_receive, otel_send)
2026-09-10T18:11:15.255235561Z   File "/usr/local/lib/python3.13/site-packages/starlette/middleware/errors.py", line 186, in __call__
2026-09-10T18:11:15.255238266Z     raise exc
2026-09-10T18:11:15.255240952Z   File "/usr/local/lib/python3.13/site-packages/starlette/middleware/errors.py", line 164, in __call__
2026-09-10T18:11:15.255243637Z     await self.app(scope, receive, _send)
2026-09-10T18:11:15.255246362Z   File "/usr/local/lib/python3.13/site-packages/opentelemetry/instrumentation/fastapi/__init__.py", line 305, in __call__
2026-09-10T18:11:15.255249048Z     await self.app(scope, receive, send)
2026-09-10T18:11:15.255251773Z   File "/usr/local/lib/python3.13/site-packages/prometheus_fastapi_instrumentator/middleware.py", line 177, in __call__
2026-09-10T18:11:15.255254488Z     raise exc
2026-09-10T18:11:15.255257214Z   File "/usr/local/lib/python3.13/site-packages/prometheus_fastapi_instrumentator/middleware.py", line 175, in __call__
2026-09-10T18:11:15.255259909Z     await self.app(scope, receive, send_wrapper)
2026-09-10T18:11:15.255262594Z   File "/usr/local/lib/python3.13/site-packages/starlette/middleware/exceptions.py", line 63, in __call__
2026-09-10T18:11:15.255266081Z     await wrap_app_handling_exceptions(self.app, conn)(scope, receive, send)
2026-09-10T18:11:15.255268777Z   File "/usr/local/lib/python3.13/site-packages/starlette/_exception_handler.py", line 53, in wrapped_app
2026-09-10T18:11:15.255271462Z     raise exc
2026-09-10T18:11:15.255274217Z   File "/usr/local/lib/python3.13/site-packages/starlette/_exception_handler.py", line 42, in wrapped_app
2026-09-10T18:11:15.255276923Z     await app(scope, receive, sender)
2026-09-10T18:11:15.255279658Z   File "/usr/local/lib/python3.13/site-packages/fastapi/middleware/asyncexitstack.py", line 18, in __call__
2026-09-10T18:11:15.255282354Z     await self.app(scope, receive, send)
2026-09-10T18:11:15.255285069Z   File "/usr/local/lib/python3.13/site-packages/starlette/routing.py", line 716, in __call__
2026-09-10T18:11:15.255288005Z     await self.middleware_stack(scope, receive, send)
2026-09-10T18:11:15.255290750Z   File "/usr/local/lib/python3.13/site-packages/starlette/routing.py", line 736, in app
2026-09-10T18:11:15.255293476Z     await route.handle(scope, receive, send)
2026-09-10T18:11:15.255296161Z   File "/usr/local/lib/python3.13/site-packages/starlette/routing.py", line 290, in handle
2026-09-10T18:11:15.255298866Z     await self.app(scope, receive, send)
2026-09-10T18:11:15.255301602Z   File "/usr/local/lib/python3.13/site-packages/fastapi/routing.py", line 134, in app
2026-09-10T18:11:15.255311050Z     await wrap_app_handling_exceptions(app, request)(scope, receive, send)
2026-09-10T18:11:15.255313956Z   File "/usr/local/lib/python3.13/site-packages/starlette/_exception_handler.py", line 53, in wrapped_app
2026-09-10T18:11:15.255316672Z     raise exc
2026-09-10T18:11:15.255319357Z   File "/usr/local/lib/python3.13/site-packages/starlette/_exception_handler.py", line 42, in wrapped_app
2026-09-10T18:11:15.255322092Z     await app(scope, receive, sender)
2026-09-10T18:11:15.255324808Z   File "/usr/local/lib/python3.13/site-packages/fastapi/routing.py", line 120, in app
2026-09-10T18:11:15.255328415Z     response = await f(request)
2026-09-10T18:11:15.255331170Z                ^^^^^^^^^^^^^^^^
2026-09-10T18:11:15.255333866Z   File "/usr/local/lib/python3.13/site-packages/fastapi/routing.py", line 674, in app
2026-09-10T18:11:15.255336551Z     raw_response = await run_endpoint_function(
2026-09-10T18:11:15.255339256Z                    ^^^^^^^^^^^^^^^^^^^^^^^^^^^^
2026-09-10T18:11:15.255342423Z     ...<3 lines>...
2026-09-10T18:11:15.255345138Z     )
2026-09-10T18:11:15.255347853Z     ^
2026-09-10T18:11:15.255350589Z   File "/usr/local/lib/python3.13/site-packages/fastapi/routing.py", line 330, in run_endpoint_function
2026-09-10T18:11:15.255353314Z     return await run_in_threadpool(dependant.call, **values)
2026-09-10T18:11:15.255356020Z            ^^^^^^^^^^^^^^^^^^^^^^^^^^^^^^^^^^^^^^^^^^^^^^^^^
2026-09-10T18:11:15.255408003Z   File "/usr/local/lib/python3.13/site-packages/starlette/concurrency.py", line 32, in run_in_threadpool
2026-09-10T18:11:15.255414966Z     return await anyio.to_thread.run_sync(func)
2026-09-10T18:11:15.255417792Z            ^^^^^^^^^^^^^^^^^^^^^^^^^^^^^^^^^^^^
2026-09-10T18:11:15.255420497Z   File "/usr/local/lib/python3.13/site-packages/anyio/to_thread.py", line 63, in run_sync
2026-09-10T18:11:15.255423213Z     return await get_async_backend().run_sync_in_worker_thread(
2026-09-10T18:11:15.255426038Z            ^^^^^^^^^^^^^^^^^^^^^^^^^^^^^^^^^^^^^^^^^^^^^^^^^^^^
2026-09-10T18:11:15.255428814Z         func, args, abandon_on_cancel=abandon_on_cancel, limiter=limiter
2026-09-10T18:11:15.255431519Z         ^^^^^^^^^^^^^^^^^^^^^^^^^^^^^^^^^^^^^^^^^^^^^^^^^^^^^^^^^^^^^^^^
2026-09-10T18:11:15.255434215Z     )
2026-09-10T18:11:15.255436900Z     ^
2026-09-10T18:11:15.255439625Z   File "/usr/local/lib/python3.13/site-packages/anyio/_backends/_asyncio.py", line 2518, in run_sync_in_worker_thread
2026-09-10T18:11:15.255442381Z     return await future
2026-09-10T18:11:15.255445096Z            ^^^^^^^^^^^^
2026-09-10T18:11:15.255447832Z   File "/usr/local/lib/python3.13/site-packages/anyio/_backends/_asyncio.py", line 1002, in run
2026-09-10T18:11:15.255450537Z     result = context.run(func, *args)
2026-09-10T18:11:15.255453222Z   File "/app/app/routers/orders.py", line 36, in checkout
2026-09-10T18:11:15.255455918Z     return create_order(
2026-09-10T18:11:15.255458613Z         db=db,
2026-09-10T18:11:15.255461348Z     ...<2 lines>...
2026-09-10T18:11:15.255464064Z         correlation_id=correlation_id,
2026-09-10T18:11:15.255466759Z     )
2026-09-10T18:11:15.255469545Z   File "/app/app/services/order_service.py", line 42, in create_order
2026-09-10T18:11:15.255472260Z     result = db.execute(
2026-09-10T18:11:15.255475086Z         select(ProductModel).where(ProductModel.id == product_id)
2026-09-10T18:11:15.255477781Z     )
2026-09-10T18:11:15.255480466Z   File "/usr/local/lib/python3.13/site-packages/sqlalchemy/orm/session.py", line 2372, in execute
2026-09-10T18:11:15.255483162Z     return self._execute_internal(
2026-09-10T18:11:15.255485867Z            ~~~~~~~~~~~~~~~~~~~~~~^
2026-09-10T18:11:15.255500125Z         statement,
2026-09-10T18:11:15.255502971Z         ^^^^^^^^^^
2026-09-10T18:11:15.255505776Z     ...<4 lines>...
2026-09-10T18:11:15.255508502Z         _add_event=_add_event,
2026-09-10T18:11:15.255511197Z         ^^^^^^^^^^^^^^^^^^^^^^
2026-09-10T18:11:15.255513872Z     )
2026-09-10T18:11:15.255516528Z     ^
2026-09-10T18:11:15.255519223Z   File "/usr/local/lib/python3.13/site-packages/sqlalchemy/orm/session.py", line 2260, in _execute_internal
2026-09-10T18:11:15.255521928Z     conn = self._connection_for_bind(bind)
2026-09-10T18:11:15.255524674Z   File "/usr/local/lib/python3.13/site-packages/sqlalchemy/orm/session.py", line 2112, in _connection_for_bind
2026-09-10T18:11:15.255527389Z     return trans._connection_for_bind(engine, execution_options)
2026-09-10T18:11:15.255530075Z            ~~~~~~~~~~~~~~~~~~~~~~~~~~^^^^^^^^^^^^^^^^^^^^^^^^^^^
2026-09-10T18:11:15.255532760Z   File "<string>", line 2, in _connection_for_bind
2026-09-10T18:11:15.255535455Z   File "/usr/local/lib/python3.13/site-packages/sqlalchemy/orm/state_changes.py", line 137, in _go
2026-09-10T18:11:15.255538141Z     ret_value = fn(self, *arg, **kw)
2026-09-10T18:11:15.255540816Z   File "/usr/local/lib/python3.13/site-packages/sqlalchemy/orm/session.py", line 1191, in _connection_for_bind
2026-09-10T18:11:15.255543491Z     conn = bind.connect()
2026-09-10T18:11:15.255546778Z   File "/usr/local/lib/python3.13/site-packages/opentelemetry/instrumentation/sqlalchemy/engine.py", line 200, in _wrap_connect_internal
2026-09-10T18:11:15.255549473Z     return func(*args, **kwargs)
2026-09-10T18:11:15.255552188Z   File "/usr/local/lib/python3.13/site-packages/sqlalchemy/engine/base.py", line 3295, in connect
2026-09-10T18:11:15.255554884Z     return self._connection_cls(self)
2026-09-10T18:11:15.255557579Z            ~~~~~~~~~~~~~~~~~~~~^^^^^^
2026-09-10T18:11:15.255560254Z   File "/usr/local/lib/python3.13/site-packages/sqlalchemy/engine/base.py", line 144, in __init__
2026-09-10T18:11:15.255562940Z     self._dbapi_connection = engine.raw_connection()
2026-09-10T18:11:15.255565615Z                              ~~~~~~~~~~~~~~~~~~~~~^^
2026-09-10T18:11:15.255568310Z   File "/usr/local/lib/python3.13/site-packages/sqlalchemy/engine/base.py", line 3319, in raw_connection
2026-09-10T18:11:15.255570996Z     return self.pool.connect()
2026-09-10T18:11:15.255573671Z            ~~~~~~~~~~~~~~~~~^^
2026-09-10T18:11:15.255576376Z   File "/usr/local/lib/python3.13/site-packages/sqlalchemy/pool/base.py", line 448, in connect
2026-09-10T18:11:15.255579072Z     return _ConnectionFairy._checkout(self)
2026-09-10T18:11:15.255581747Z            ~~~~~~~~~~~~~~~~~~~~~~~~~~^^^^^^
2026-09-10T18:11:15.255584412Z   File "/usr/local/lib/python3.13/site-packages/sqlalchemy/pool/base.py", line 1272, in _checkout
2026-09-10T18:11:15.255587078Z     fairy = _ConnectionRecord.checkout(pool)
2026-09-10T18:11:15.255589793Z   File "/usr/local/lib/python3.13/site-packages/sqlalchemy/pool/base.py", line 712, in checkout
2026-09-10T18:11:15.255592498Z     rec = pool._do_get()
2026-09-10T18:11:15.255595224Z   File "/usr/local/lib/python3.13/site-packages/sqlalchemy/pool/impl.py", line 167, in _do_get
2026-09-10T18:11:15.255597909Z     raise exc.TimeoutError(
2026-09-10T18:11:15.255600604Z     ...<4 lines>...
2026-09-10T18:11:15.255603290Z     )
2026-09-10T18:11:15.255607889Z sqlalchemy.exc.TimeoutError: QueuePool limit of size 5 overflow 10 reached, connection timed out, timeout 30.00 (Background on this error at: https://sqlalche.me/e/20/3o7r)
2026-09-10T18:11:15.266457735Z ERROR:    Exception in ASGI application
2026-09-10T18:11:15.266478426Z Traceback (most recent call last):
2026-09-10T18:11:15.266496251Z   File "/usr/local/lib/python3.13/site-packages/uvicorn/protocols/http/httptools_impl.py", line 421, in run_asgi
2026-09-10T18:11:15.266499147Z     result = await app(  # type: ignore[func-returns-value]
2026-09-10T18:11:15.266501221Z              ^^^^^^^^^^^^^^^^^^^^^^^^^^^^^^^^^^^^^^^^^^^^^^
2026-09-10T18:11:15.266503376Z         self.scope, self.receive, self.send
2026-09-10T18:11:15.266505269Z         ^^^^^^^^^^^^^^^^^^^^^^^^^^^^^^^^^^^
2026-09-10T18:11:15.266507173Z     )
2026-09-10T18:11:15.266509187Z     ^
2026-09-10T18:11:15.266511151Z   File "/usr/local/lib/python3.13/site-packages/uvicorn/middleware/proxy_headers.py", line 63, in __call__
2026-09-10T18:11:15.266513476Z     return await self.app(scope, receive, send)
2026-09-10T18:11:15.266515379Z            ^^^^^^^^^^^^^^^^^^^^^^^^^^^^^^^^^^^^
2026-09-10T18:11:15.266518255Z   File "/usr/local/lib/python3.13/site-packages/fastapi/applications.py", line 1159, in __call__
2026-09-10T18:11:15.266520459Z     await super().__call__(scope, receive, send)
2026-09-10T18:11:15.266522413Z   File "/usr/local/lib/python3.13/site-packages/starlette/applications.py", line 107, in __call__
2026-09-10T18:11:15.266524417Z     await self.middleware_stack(scope, receive, send)
2026-09-10T18:11:15.266526481Z   File "/usr/local/lib/python3.13/site-packages/starlette/middleware/errors.py", line 186, in __call__
2026-09-10T18:11:15.266528435Z     raise exc
2026-09-10T18:11:15.266530339Z   File "/usr/local/lib/python3.13/site-packages/starlette/middleware/errors.py", line 164, in __call__
2026-09-10T18:11:15.266532273Z     await self.app(scope, receive, _send)
2026-09-10T18:11:15.266534678Z   File "/usr/local/lib/python3.13/site-packages/opentelemetry/instrumentation/asgi/__init__.py", line 806, in __call__
2026-09-10T18:11:15.266536591Z     await self.app(scope, otel_receive, otel_send)
2026-09-10T18:11:15.266538515Z   File "/usr/local/lib/python3.13/site-packages/starlette/middleware/errors.py", line 186, in __call__
2026-09-10T18:11:15.266540429Z     raise exc
2026-09-10T18:11:15.266542343Z   File "/usr/local/lib/python3.13/site-packages/starlette/middleware/errors.py", line 164, in __call__
2026-09-10T18:11:15.266544367Z     await self.app(scope, receive, _send)
2026-09-10T18:11:15.266546281Z   File "/usr/local/lib/python3.13/site-packages/opentelemetry/instrumentation/fastapi/__init__.py", line 305, in __call__
2026-09-10T18:11:15.266548174Z     await self.app(scope, receive, send)
2026-09-10T18:11:15.266550128Z   File "/usr/local/lib/python3.13/site-packages/prometheus_fastapi_instrumentator/middleware.py", line 177, in __call__
2026-09-10T18:11:15.266552042Z     raise exc
2026-09-10T18:11:15.266553936Z   File "/usr/local/lib/python3.13/site-packages/prometheus_fastapi_instrumentator/middleware.py", line 175, in __call__
2026-09-10T18:11:15.266555860Z     await self.app(scope, receive, send_wrapper)
2026-09-10T18:11:15.266557803Z   File "/usr/local/lib/python3.13/site-packages/starlette/middleware/exceptions.py", line 63, in __call__
2026-09-10T18:11:15.266560348Z     await wrap_app_handling_exceptions(self.app, conn)(scope, receive, send)
2026-09-10T18:11:15.266562252Z   File "/usr/local/lib/python3.13/site-packages/starlette/_exception_handler.py", line 53, in wrapped_app
2026-09-10T18:11:15.266564136Z     raise exc
2026-09-10T18:11:15.266566200Z   File "/usr/local/lib/python3.13/site-packages/starlette/_exception_handler.py", line 42, in wrapped_app
2026-09-10T18:11:15.266568134Z     await app(scope, receive, sender)
2026-09-10T18:11:15.266570048Z   File "/usr/local/lib/python3.13/site-packages/fastapi/middleware/asyncexitstack.py", line 18, in __call__
2026-09-10T18:11:15.266571941Z     await self.app(scope, receive, send)
2026-09-10T18:11:15.266579166Z   File "/usr/local/lib/python3.13/site-packages/starlette/routing.py", line 716, in __call__
2026-09-10T18:11:15.266581160Z     await self.middleware_stack(scope, receive, send)
2026-09-10T18:11:15.266583154Z   File "/usr/local/lib/python3.13/site-packages/starlette/routing.py", line 736, in app
2026-09-10T18:11:15.266585047Z     await route.handle(scope, receive, send)
2026-09-10T18:11:15.266586971Z   File "/usr/local/lib/python3.13/site-packages/starlette/routing.py", line 290, in handle
2026-09-10T18:11:15.266588875Z     await self.app(scope, receive, send)
2026-09-10T18:11:15.266590829Z   File "/usr/local/lib/python3.13/site-packages/fastapi/routing.py", line 134, in app
2026-09-10T18:11:15.266592733Z     await wrap_app_handling_exceptions(app, request)(scope, receive, send)
2026-09-10T18:11:15.266594666Z   File "/usr/local/lib/python3.13/site-packages/starlette/_exception_handler.py", line 53, in wrapped_app
2026-09-10T18:11:15.266596580Z     raise exc
2026-09-10T18:11:15.266598484Z   File "/usr/local/lib/python3.13/site-packages/starlette/_exception_handler.py", line 42, in wrapped_app
2026-09-10T18:11:15.266600388Z     await app(scope, receive, sender)
2026-09-10T18:11:15.266602272Z   File "/usr/local/lib/python3.13/site-packages/fastapi/routing.py", line 120, in app
2026-09-10T18:11:15.266604766Z     response = await f(request)
2026-09-10T18:11:15.266606670Z                ^^^^^^^^^^^^^^^^
2026-09-10T18:11:15.266608564Z   File "/usr/local/lib/python3.13/site-packages/fastapi/routing.py", line 674, in app
2026-09-10T18:11:15.266610478Z     raw_response = await run_endpoint_function(
2026-09-10T18:11:15.266612382Z                    ^^^^^^^^^^^^^^^^^^^^^^^^^^^^
2026-09-10T18:11:15.266614856Z     ...<3 lines>...
2026-09-10T18:11:15.266616760Z     )
2026-09-10T18:11:15.266618704Z     ^
2026-09-10T18:11:15.266623824Z   File "/usr/local/lib/python3.13/site-packages/fastapi/routing.py", line 330, in run_endpoint_function
2026-09-10T18:11:15.266625788Z     return await run_in_threadpool(dependant.call, **values)
2026-09-10T18:11:15.266627702Z            ^^^^^^^^^^^^^^^^^^^^^^^^^^^^^^^^^^^^^^^^^^^^^^^^^
2026-09-10T18:11:15.266644435Z   File "/usr/local/lib/python3.13/site-packages/starlette/concurrency.py", line 32, in run_in_threadpool
2026-09-10T18:11:15.266646589Z     return await anyio.to_thread.run_sync(func)
2026-09-10T18:11:15.266648533Z            ^^^^^^^^^^^^^^^^^^^^^^^^^^^^^^^^^^^^
2026-09-10T18:11:15.266650437Z   File "/usr/local/lib/python3.13/site-packages/anyio/to_thread.py", line 63, in run_sync
2026-09-10T18:11:15.266652351Z     return await get_async_backend().run_sync_in_worker_thread(
2026-09-10T18:11:15.266654245Z            ^^^^^^^^^^^^^^^^^^^^^^^^^^^^^^^^^^^^^^^^^^^^^^^^^^^^
2026-09-10T18:11:15.266656158Z         func, args, abandon_on_cancel=abandon_on_cancel, limiter=limiter
2026-09-10T18:11:15.266658112Z         ^^^^^^^^^^^^^^^^^^^^^^^^^^^^^^^^^^^^^^^^^^^^^^^^^^^^^^^^^^^^^^^^
2026-09-10T18:11:15.266660046Z     )
2026-09-10T18:11:15.266661950Z     ^
2026-09-10T18:11:15.266663884Z   File "/usr/local/lib/python3.13/site-packages/anyio/_backends/_asyncio.py", line 2518, in run_sync_in_worker_thread
2026-09-10T18:11:15.266665797Z     return await future
2026-09-10T18:11:15.266667721Z            ^^^^^^^^^^^^
2026-09-10T18:11:15.266669605Z   File "/usr/local/lib/python3.13/site-packages/anyio/_backends/_asyncio.py", line 1002, in run
2026-09-10T18:11:15.266671509Z     result = context.run(func, *args)
2026-09-10T18:11:15.266673473Z   File "/app/app/routers/orders.py", line 36, in checkout
2026-09-10T18:11:15.266675376Z     return create_order(
2026-09-10T18:11:15.266677300Z         db=db,
2026-09-10T18:11:15.266679234Z     ...<2 lines>...
2026-09-10T18:11:15.266686589Z         correlation_id=correlation_id,
2026-09-10T18:11:15.266688553Z     )
2026-09-10T18:11:15.266690496Z   File "/app/app/services/order_service.py", line 42, in create_order
2026-09-10T18:11:15.266692400Z     result = db.execute(
2026-09-10T18:11:15.266694384Z         select(ProductModel).where(ProductModel.id == product_id)
2026-09-10T18:11:15.266696308Z     )
2026-09-10T18:11:15.266698252Z   File "/usr/local/lib/python3.13/site-packages/sqlalchemy/orm/session.py", line 2372, in execute
2026-09-10T18:11:15.266700156Z     return self._execute_internal(
2026-09-10T18:11:15.266702180Z            ~~~~~~~~~~~~~~~~~~~~~~^
2026-09-10T18:11:15.266704103Z         statement,
2026-09-10T18:11:15.266706007Z         ^^^^^^^^^^
2026-09-10T18:11:15.266707921Z     ...<4 lines>...
2026-09-10T18:11:15.266709835Z         _add_event=_add_event,
2026-09-10T18:11:15.266711749Z         ^^^^^^^^^^^^^^^^^^^^^^
2026-09-10T18:11:15.266713652Z     )
2026-09-10T18:11:15.266715556Z     ^
2026-09-10T18:11:15.266717500Z   File "/usr/local/lib/python3.13/site-packages/sqlalchemy/orm/session.py", line 2260, in _execute_internal
2026-09-10T18:11:15.266719574Z     conn = self._connection_for_bind(bind)
2026-09-10T18:11:15.266721568Z   File "/usr/local/lib/python3.13/site-packages/sqlalchemy/orm/session.py", line 2112, in _connection_for_bind
2026-09-10T18:11:15.266723502Z     return trans._connection_for_bind(engine, execution_options)
2026-09-10T18:11:15.266725526Z            ~~~~~~~~~~~~~~~~~~~~~~~~~~^^^^^^^^^^^^^^^^^^^^^^^^^^^
2026-09-10T18:11:15.266727430Z   File "<string>", line 2, in _connection_for_bind
2026-09-10T18:11:15.266729323Z   File "/usr/local/lib/python3.13/site-packages/sqlalchemy/orm/state_changes.py", line 137, in _go
2026-09-10T18:11:15.266731227Z     ret_value = fn(self, *arg, **kw)
2026-09-10T18:11:15.266733151Z   File "/usr/local/lib/python3.13/site-packages/sqlalchemy/orm/session.py", line 1191, in _connection_for_bind
2026-09-10T18:11:15.266735065Z     conn = bind.connect()
2026-09-10T18:11:15.266737670Z   File "/usr/local/lib/python3.13/site-packages/opentelemetry/instrumentation/sqlalchemy/engine.py", line 200, in _wrap_connect_internal
2026-09-10T18:11:15.266739584Z     return func(*args, **kwargs)
2026-09-10T18:11:15.266741528Z   File "/usr/local/lib/python3.13/site-packages/sqlalchemy/engine/base.py", line 3295, in connect
2026-09-10T18:11:15.266743441Z     return self._connection_cls(self)
2026-09-10T18:11:15.266745345Z            ~~~~~~~~~~~~~~~~~~~~^^^^^^
2026-09-10T18:11:15.266747259Z   File "/usr/local/lib/python3.13/site-packages/sqlalchemy/engine/base.py", line 144, in __init__
2026-09-10T18:11:15.266749233Z     self._dbapi_connection = engine.raw_connection()
2026-09-10T18:11:15.266751127Z                              ~~~~~~~~~~~~~~~~~~~~~^^
2026-09-10T18:11:15.266753040Z   File "/usr/local/lib/python3.13/site-packages/sqlalchemy/engine/base.py", line 3319, in raw_connection
2026-09-10T18:11:15.266754954Z     return self.pool.connect()
2026-09-10T18:11:15.266757169Z            ~~~~~~~~~~~~~~~~~^^
2026-09-10T18:11:15.266759263Z   File "/usr/local/lib/python3.13/site-packages/sqlalchemy/pool/base.py", line 448, in connect
2026-09-10T18:11:15.266761257Z     return _ConnectionFairy._checkout(self)
2026-09-10T18:11:15.266763150Z            ~~~~~~~~~~~~~~~~~~~~~~~~~~^^^^^^
2026-09-10T18:11:15.266765074Z   File "/usr/local/lib/python3.13/site-packages/sqlalchemy/pool/base.py", line 1272, in _checkout
2026-09-10T18:11:15.266766978Z     fairy = _ConnectionRecord.checkout(pool)
2026-09-10T18:11:15.266768902Z   File "/usr/local/lib/python3.13/site-packages/sqlalchemy/pool/base.py", line 712, in checkout
2026-09-10T18:11:15.266775705Z     rec = pool._do_get()
2026-09-10T18:11:15.266777679Z   File "/usr/local/lib/python3.13/site-packages/sqlalchemy/pool/impl.py", line 167, in _do_get
2026-09-10T18:11:15.266779623Z     raise exc.TimeoutError(
2026-09-10T18:11:15.266781527Z     ...<4 lines>...
2026-09-10T18:11:15.266783431Z     )
2026-09-10T18:11:15.266786066Z sqlalchemy.exc.TimeoutError: QueuePool limit of size 5 overflow 10 reached, connection timed out, timeout 30.00 (Background on this error at: https://sqlalche.me/e/20/3o7r)
2026-09-10T18:11:15.361839473Z ERROR:    Exception in ASGI application
2026-09-10T18:11:15.361879502Z Traceback (most recent call last):
2026-09-10T18:11:15.361885274Z   File "/usr/local/lib/python3.13/site-packages/uvicorn/protocols/http/httptools_impl.py", line 421, in run_asgi
2026-09-10T18:11:15.361890354Z     result = await app(  # type: ignore[func-returns-value]
2026-09-10T18:11:15.361894672Z              ^^^^^^^^^^^^^^^^^^^^^^^^^^^^^^^^^^^^^^^^^^^^^^
2026-09-10T18:11:15.361898971Z         self.scope, self.receive, self.send
2026-09-10T18:11:15.361903209Z         ^^^^^^^^^^^^^^^^^^^^^^^^^^^^^^^^^^^
2026-09-10T18:11:15.361907548Z     )
2026-09-10T18:11:15.361911886Z     ^
2026-09-10T18:11:15.361916205Z   File "/usr/local/lib/python3.13/site-packages/uvicorn/middleware/proxy_headers.py", line 63, in __call__
2026-09-10T18:11:15.361920544Z     return await self.app(scope, receive, send)
2026-09-10T18:11:15.361924862Z            ^^^^^^^^^^^^^^^^^^^^^^^^^^^^^^^^^^^^
2026-09-10T18:11:15.361929962Z   File "/usr/local/lib/python3.13/site-packages/fastapi/applications.py", line 1159, in __call__
2026-09-10T18:11:15.361934331Z     await super().__call__(scope, receive, send)
2026-09-10T18:11:15.361938639Z   File "/usr/local/lib/python3.13/site-packages/starlette/applications.py", line 107, in __call__
2026-09-10T18:11:15.361942908Z     await self.middleware_stack(scope, receive, send)
2026-09-10T18:11:15.361947166Z   File "/usr/local/lib/python3.13/site-packages/starlette/middleware/errors.py", line 186, in __call__
2026-09-10T18:11:15.361951565Z     raise exc
2026-09-10T18:11:15.361955934Z   File "/usr/local/lib/python3.13/site-packages/starlette/middleware/errors.py", line 164, in __call__
2026-09-10T18:11:15.361960212Z     await self.app(scope, receive, _send)
2026-09-10T18:11:15.361965312Z   File "/usr/local/lib/python3.13/site-packages/opentelemetry/instrumentation/asgi/__init__.py", line 806, in __call__
2026-09-10T18:11:15.361969621Z     await self.app(scope, otel_receive, otel_send)
2026-09-10T18:11:15.361973929Z   File "/usr/local/lib/python3.13/site-packages/starlette/middleware/errors.py", line 186, in __call__
2026-09-10T18:11:15.361978198Z     raise exc
2026-09-10T18:11:15.361982476Z   File "/usr/local/lib/python3.13/site-packages/starlette/middleware/errors.py", line 164, in __call__
2026-09-10T18:11:15.361986845Z     await self.app(scope, receive, _send)
2026-09-10T18:11:15.361991154Z   File "/usr/local/lib/python3.13/site-packages/opentelemetry/instrumentation/fastapi/__init__.py", line 305, in __call__
2026-09-10T18:11:15.361995462Z     await self.app(scope, receive, send)
2026-09-10T18:11:15.361999731Z   File "/usr/local/lib/python3.13/site-packages/prometheus_fastapi_instrumentator/middleware.py", line 177, in __call__
2026-09-10T18:11:15.362004009Z     raise exc
2026-09-10T18:11:15.362008257Z   File "/usr/local/lib/python3.13/site-packages/prometheus_fastapi_instrumentator/middleware.py", line 175, in __call__
2026-09-10T18:11:15.362012556Z     await self.app(scope, receive, send_wrapper)
2026-09-10T18:11:15.362016814Z   File "/usr/local/lib/python3.13/site-packages/starlette/middleware/exceptions.py", line 63, in __call__
2026-09-10T18:11:15.362048758Z     await wrap_app_handling_exceptions(self.app, conn)(scope, receive, send)
2026-09-10T18:11:15.362053317Z   File "/usr/local/lib/python3.13/site-packages/starlette/_exception_handler.py", line 53, in wrapped_app
2026-09-10T18:11:15.362057625Z     raise exc
2026-09-10T18:11:15.362061924Z   File "/usr/local/lib/python3.13/site-packages/starlette/_exception_handler.py", line 42, in wrapped_app
2026-09-10T18:11:15.362066172Z     await app(scope, receive, sender)
2026-09-10T18:11:15.362070451Z   File "/usr/local/lib/python3.13/site-packages/fastapi/middleware/asyncexitstack.py", line 18, in __call__
2026-09-10T18:11:15.362074719Z     await self.app(scope, receive, send)
2026-09-10T18:11:15.362079018Z   File "/usr/local/lib/python3.13/site-packages/starlette/routing.py", line 716, in __call__
2026-09-10T18:11:15.362083326Z     await self.middleware_stack(scope, receive, send)
2026-09-10T18:11:15.362087645Z   File "/usr/local/lib/python3.13/site-packages/starlette/routing.py", line 736, in app
2026-09-10T18:11:15.362091943Z     await route.handle(scope, receive, send)
2026-09-10T18:11:15.362096232Z   File "/usr/local/lib/python3.13/site-packages/starlette/routing.py", line 290, in handle
2026-09-10T18:11:15.362100480Z     await self.app(scope, receive, send)
2026-09-10T18:11:15.362104749Z   File "/usr/local/lib/python3.13/site-packages/fastapi/routing.py", line 134, in app
2026-09-10T18:11:15.362109007Z     await wrap_app_handling_exceptions(app, request)(scope, receive, send)
2026-09-10T18:11:15.362113296Z   File "/usr/local/lib/python3.13/site-packages/starlette/_exception_handler.py", line 53, in wrapped_app
2026-09-10T18:11:15.362117554Z     raise exc
2026-09-10T18:11:15.362121843Z   File "/usr/local/lib/python3.13/site-packages/starlette/_exception_handler.py", line 42, in wrapped_app
2026-09-10T18:11:15.362126131Z     await app(scope, receive, sender)
2026-09-10T18:11:15.362130379Z   File "/usr/local/lib/python3.13/site-packages/fastapi/routing.py", line 120, in app
2026-09-10T18:11:15.362135299Z     response = await f(request)
2026-09-10T18:11:15.362139598Z                ^^^^^^^^^^^^^^^^
2026-09-10T18:11:15.362143896Z   File "/usr/local/lib/python3.13/site-packages/fastapi/routing.py", line 674, in app
2026-09-10T18:11:15.362148135Z     raw_response = await run_endpoint_function(
2026-09-10T18:11:15.362152413Z                    ^^^^^^^^^^^^^^^^^^^^^^^^^^^^
2026-09-10T18:11:15.362158044Z     ...<3 lines>...
2026-09-10T18:11:15.362162403Z     )
2026-09-10T18:11:15.362166691Z     ^
2026-09-10T18:11:15.362170920Z   File "/usr/local/lib/python3.13/site-packages/fastapi/routing.py", line 330, in run_endpoint_function
2026-09-10T18:11:15.362175178Z     return await run_in_threadpool(dependant.call, **values)
2026-09-10T18:11:15.362179477Z            ^^^^^^^^^^^^^^^^^^^^^^^^^^^^^^^^^^^^^^^^^^^^^^^^^
2026-09-10T18:11:15.362241870Z   File "/usr/local/lib/python3.13/site-packages/starlette/concurrency.py", line 32, in run_in_threadpool
2026-09-10T18:11:15.362251880Z     return await anyio.to_thread.run_sync(func)
2026-09-10T18:11:15.362256419Z            ^^^^^^^^^^^^^^^^^^^^^^^^^^^^^^^^^^^^
2026-09-10T18:11:15.362260748Z   File "/usr/local/lib/python3.13/site-packages/anyio/to_thread.py", line 63, in run_sync
2026-09-10T18:11:15.362265046Z     return await get_async_backend().run_sync_in_worker_thread(
2026-09-10T18:11:15.362269355Z            ^^^^^^^^^^^^^^^^^^^^^^^^^^^^^^^^^^^^^^^^^^^^^^^^^^^^
2026-09-10T18:11:15.362273633Z         func, args, abandon_on_cancel=abandon_on_cancel, limiter=limiter
2026-09-10T18:11:15.362277892Z         ^^^^^^^^^^^^^^^^^^^^^^^^^^^^^^^^^^^^^^^^^^^^^^^^^^^^^^^^^^^^^^^^
2026-09-10T18:11:15.362282251Z     )
2026-09-10T18:11:15.362303332Z     ^
2026-09-10T18:11:15.362307992Z   File "/usr/local/lib/python3.13/site-packages/anyio/_backends/_asyncio.py", line 2518, in run_sync_in_worker_thread
2026-09-10T18:11:15.362312350Z     return await future
2026-09-10T18:11:15.362316669Z            ^^^^^^^^^^^^
2026-09-10T18:11:15.362320987Z   File "/usr/local/lib/python3.13/site-packages/anyio/_backends/_asyncio.py", line 1002, in run
2026-09-10T18:11:15.362325276Z     result = context.run(func, *args)
2026-09-10T18:11:15.362329534Z   File "/app/app/routers/orders.py", line 36, in checkout
2026-09-10T18:11:15.362333813Z     return create_order(
2026-09-10T18:11:15.362338211Z         db=db,
2026-09-10T18:11:15.362342520Z     ...<2 lines>...
2026-09-10T18:11:15.362346748Z         correlation_id=correlation_id,
2026-09-10T18:11:15.362351017Z     )
2026-09-10T18:11:15.362355395Z   File "/app/app/services/order_service.py", line 42, in create_order
2026-09-10T18:11:15.362359704Z     result = db.execute(
2026-09-10T18:11:15.362363993Z         select(ProductModel).where(ProductModel.id == product_id)
2026-09-10T18:11:15.362368321Z     )
2026-09-10T18:11:15.362372650Z   File "/usr/local/lib/python3.13/site-packages/sqlalchemy/orm/session.py", line 2372, in execute
2026-09-10T18:11:15.362376908Z     return self._execute_internal(
2026-09-10T18:11:15.362381167Z            ~~~~~~~~~~~~~~~~~~~~~~^
2026-09-10T18:11:15.362385445Z         statement,
2026-09-10T18:11:15.362389713Z         ^^^^^^^^^^
2026-09-10T18:11:15.362393932Z     ...<4 lines>...
2026-09-10T18:11:15.362398150Z         _add_event=_add_event,
2026-09-10T18:11:15.362402379Z         ^^^^^^^^^^^^^^^^^^^^^^
2026-09-10T18:11:15.362406637Z     )
2026-09-10T18:11:15.362410885Z     ^
2026-09-10T18:11:15.362415184Z   File "/usr/local/lib/python3.13/site-packages/sqlalchemy/orm/session.py", line 2260, in _execute_internal
2026-09-10T18:11:15.362419432Z     conn = self._connection_for_bind(bind)
2026-09-10T18:11:15.362423921Z   File "/usr/local/lib/python3.13/site-packages/sqlalchemy/orm/session.py", line 2112, in _connection_for_bind
2026-09-10T18:11:15.362428210Z     return trans._connection_for_bind(engine, execution_options)
2026-09-10T18:11:15.362431045Z            ~~~~~~~~~~~~~~~~~~~~~~~~~~^^^^^^^^^^^^^^^^^^^^^^^^^^^
2026-09-10T18:11:15.362432939Z   File "<string>", line 2, in _connection_for_bind
2026-09-10T18:11:15.362434913Z   File "/usr/local/lib/python3.13/site-packages/sqlalchemy/orm/state_changes.py", line 137, in _go
2026-09-10T18:11:15.362436857Z     ret_value = fn(self, *arg, **kw)
2026-09-10T18:11:15.362438891Z   File "/usr/local/lib/python3.13/site-packages/sqlalchemy/orm/session.py", line 1191, in _connection_for_bind
2026-09-10T18:11:15.362440785Z     conn = bind.connect()
2026-09-10T18:11:15.362443350Z   File "/usr/local/lib/python3.13/site-packages/opentelemetry/instrumentation/sqlalchemy/engine.py", line 200, in _wrap_connect_internal
2026-09-10T18:11:15.362445394Z     return func(*args, **kwargs)
2026-09-10T18:11:15.362447288Z   File "/usr/local/lib/python3.13/site-packages/sqlalchemy/engine/base.py", line 3295, in connect
2026-09-10T18:11:15.362449181Z     return self._connection_cls(self)
2026-09-10T18:11:15.362451105Z            ~~~~~~~~~~~~~~~~~~~~^^^^^^
2026-09-10T18:11:15.362452999Z   File "/usr/local/lib/python3.13/site-packages/sqlalchemy/engine/base.py", line 144, in __init__
2026-09-10T18:11:15.362454893Z     self._dbapi_connection = engine.raw_connection()
2026-09-10T18:11:15.362456766Z                              ~~~~~~~~~~~~~~~~~~~~~^^
2026-09-10T18:11:15.362458650Z   File "/usr/local/lib/python3.13/site-packages/sqlalchemy/engine/base.py", line 3319, in raw_connection
2026-09-10T18:11:15.362465023Z     return self.pool.connect()
2026-09-10T18:11:15.362466947Z            ~~~~~~~~~~~~~~~~~^^
2026-09-10T18:11:15.362468840Z   File "/usr/local/lib/python3.13/site-packages/sqlalchemy/pool/base.py", line 448, in connect
2026-09-10T18:11:15.362470764Z     return _ConnectionFairy._checkout(self)
2026-09-10T18:11:15.362472658Z            ~~~~~~~~~~~~~~~~~~~~~~~~~~^^^^^^
2026-09-10T18:11:15.362474552Z   File "/usr/local/lib/python3.13/site-packages/sqlalchemy/pool/base.py", line 1272, in _checkout
2026-09-10T18:11:15.362476435Z     fairy = _ConnectionRecord.checkout(pool)
2026-09-10T18:11:15.362478329Z   File "/usr/local/lib/python3.13/site-packages/sqlalchemy/pool/base.py", line 712, in checkout
2026-09-10T18:11:15.362480223Z     rec = pool._do_get()
2026-09-10T18:11:15.362482097Z   File "/usr/local/lib/python3.13/site-packages/sqlalchemy/pool/impl.py", line 167, in _do_get
2026-09-10T18:11:15.362483980Z     raise exc.TimeoutError(
2026-09-10T18:11:15.362485904Z     ...<4 lines>...
2026-09-10T18:11:15.362487778Z     )
2026-09-10T18:11:15.362490203Z sqlalchemy.exc.TimeoutError: QueuePool limit of size 5 overflow 10 reached, connection timed out, timeout 30.00 (Background on this error at: https://sqlalche.me/e/20/3o7r)
2026-09-10T18:11:15.373377128Z ERROR:    Exception in ASGI application
2026-09-10T18:11:15.373411056Z Traceback (most recent call last):
2026-09-10T18:11:15.373417128Z   File "/usr/local/lib/python3.13/site-packages/uvicorn/protocols/http/httptools_impl.py", line 421, in run_asgi
2026-09-10T18:11:15.373422899Z     result = await app(  # type: ignore[func-returns-value]
2026-09-10T18:11:15.373427589Z              ^^^^^^^^^^^^^^^^^^^^^^^^^^^^^^^^^^^^^^^^^^^^^^
2026-09-10T18:11:15.373432518Z         self.scope, self.receive, self.send
2026-09-10T18:11:15.373465654Z         ^^^^^^^^^^^^^^^^^^^^^^^^^^^^^^^^^^^
2026-09-10T18:11:15.373471025Z     )
2026-09-10T18:11:15.373475594Z     ^
2026-09-10T18:11:15.373480012Z   File "/usr/local/lib/python3.13/site-packages/uvicorn/middleware/proxy_headers.py", line 63, in __call__
2026-09-10T18:11:15.373484351Z     return await self.app(scope, receive, send)
2026-09-10T18:11:15.373488609Z            ^^^^^^^^^^^^^^^^^^^^^^^^^^^^^^^^^^^^
2026-09-10T18:11:15.373493960Z   File "/usr/local/lib/python3.13/site-packages/fastapi/applications.py", line 1159, in __call__
2026-09-10T18:11:15.373498299Z     await super().__call__(scope, receive, send)
2026-09-10T18:11:15.373502647Z   File "/usr/local/lib/python3.13/site-packages/starlette/applications.py", line 107, in __call__
2026-09-10T18:11:15.373506926Z     await self.middleware_stack(scope, receive, send)
2026-09-10T18:11:15.373511224Z   File "/usr/local/lib/python3.13/site-packages/starlette/middleware/errors.py", line 186, in __call__
2026-09-10T18:11:15.373515563Z     raise exc
2026-09-10T18:11:15.373519851Z   File "/usr/local/lib/python3.13/site-packages/starlette/middleware/errors.py", line 164, in __call__
2026-09-10T18:11:15.373524140Z     await self.app(scope, receive, _send)
2026-09-10T18:11:15.373529651Z   File "/usr/local/lib/python3.13/site-packages/opentelemetry/instrumentation/asgi/__init__.py", line 806, in __call__
2026-09-10T18:11:15.373533959Z     await self.app(scope, otel_receive, otel_send)
2026-09-10T18:11:15.373538238Z   File "/usr/local/lib/python3.13/site-packages/starlette/middleware/errors.py", line 186, in __call__
2026-09-10T18:11:15.373542496Z     raise exc
2026-09-10T18:11:15.373546695Z   File "/usr/local/lib/python3.13/site-packages/starlette/middleware/errors.py", line 164, in __call__
2026-09-10T18:11:15.373550883Z     await self.app(scope, receive, _send)
2026-09-10T18:11:15.373555111Z   File "/usr/local/lib/python3.13/site-packages/opentelemetry/instrumentation/fastapi/__init__.py", line 305, in __call__
2026-09-10T18:11:15.373588527Z     await self.app(scope, receive, send)
2026-09-10T18:11:15.373593107Z   File "/usr/local/lib/python3.13/site-packages/prometheus_fastapi_instrumentator/middleware.py", line 177, in __call__
2026-09-10T18:11:15.373597385Z     raise exc
2026-09-10T18:11:15.373601653Z   File "/usr/local/lib/python3.13/site-packages/prometheus_fastapi_instrumentator/middleware.py", line 175, in __call__
2026-09-10T18:11:15.373605882Z     await self.app(scope, receive, send_wrapper)
2026-09-10T18:11:15.373610140Z   File "/usr/local/lib/python3.13/site-packages/starlette/middleware/exceptions.py", line 63, in __call__
2026-09-10T18:11:15.373615381Z     await wrap_app_handling_exceptions(self.app, conn)(scope, receive, send)
2026-09-10T18:11:15.373619870Z   File "/usr/local/lib/python3.13/site-packages/starlette/_exception_handler.py", line 53, in wrapped_app
2026-09-10T18:11:15.373624228Z     raise exc
2026-09-10T18:11:15.373628537Z   File "/usr/local/lib/python3.13/site-packages/starlette/_exception_handler.py", line 42, in wrapped_app
2026-09-10T18:11:15.373632815Z     await app(scope, receive, sender)
2026-09-10T18:11:15.373637094Z   File "/usr/local/lib/python3.13/site-packages/fastapi/middleware/asyncexitstack.py", line 18, in __call__
2026-09-10T18:11:15.373641342Z     await self.app(scope, receive, send)
2026-09-10T18:11:15.373645591Z   File "/usr/local/lib/python3.13/site-packages/starlette/routing.py", line 716, in __call__
2026-09-10T18:11:15.373649899Z     await self.middleware_stack(scope, receive, send)
2026-09-10T18:11:15.373654168Z   File "/usr/local/lib/python3.13/site-packages/starlette/routing.py", line 736, in app
2026-09-10T18:11:15.373658406Z     await route.handle(scope, receive, send)
2026-09-10T18:11:15.373662725Z   File "/usr/local/lib/python3.13/site-packages/starlette/routing.py", line 290, in handle
2026-09-10T18:11:15.373666983Z     await self.app(scope, receive, send)
2026-09-10T18:11:15.373671261Z   File "/usr/local/lib/python3.13/site-packages/fastapi/routing.py", line 134, in app
2026-09-10T18:11:15.373675500Z     await wrap_app_handling_exceptions(app, request)(scope, receive, send)
2026-09-10T18:11:15.373679798Z   File "/usr/local/lib/python3.13/site-packages/starlette/_exception_handler.py", line 53, in wrapped_app
2026-09-10T18:11:15.373684047Z     raise exc
2026-09-10T18:11:15.373691431Z   File "/usr/local/lib/python3.13/site-packages/starlette/_exception_handler.py", line 42, in wrapped_app
2026-09-10T18:11:15.373695820Z     await app(scope, receive, sender)
2026-09-10T18:11:15.373700199Z   File "/usr/local/lib/python3.13/site-packages/fastapi/routing.py", line 120, in app
2026-09-10T18:11:15.373705008Z     response = await f(request)
2026-09-10T18:11:15.373709287Z                ^^^^^^^^^^^^^^^^
2026-09-10T18:11:15.373713515Z   File "/usr/local/lib/python3.13/site-packages/fastapi/routing.py", line 674, in app
2026-09-10T18:11:15.373717804Z     raw_response = await run_endpoint_function(
2026-09-10T18:11:15.373722092Z                    ^^^^^^^^^^^^^^^^^^^^^^^^^^^^
2026-09-10T18:11:15.373727433Z     ...<3 lines>...
2026-09-10T18:11:15.373731741Z     )
2026-09-10T18:11:15.373736050Z     ^
2026-09-10T18:11:15.373740398Z   File "/usr/local/lib/python3.13/site-packages/fastapi/routing.py", line 330, in run_endpoint_function
2026-09-10T18:11:15.373744687Z     return await run_in_threadpool(dependant.call, **values)
2026-09-10T18:11:15.373748965Z            ^^^^^^^^^^^^^^^^^^^^^^^^^^^^^^^^^^^^^^^^^^^^^^^^^
2026-09-10T18:11:15.373819004Z   File "/usr/local/lib/python3.13/site-packages/starlette/concurrency.py", line 32, in run_in_threadpool
2026-09-10T18:11:15.373847140Z     return await anyio.to_thread.run_sync(func)
2026-09-10T18:11:15.373851749Z            ^^^^^^^^^^^^^^^^^^^^^^^^^^^^^^^^^^^^
2026-09-10T18:11:15.373856198Z   File "/usr/local/lib/python3.13/site-packages/anyio/to_thread.py", line 63, in run_sync
2026-09-10T18:11:15.373860507Z     return await get_async_backend().run_sync_in_worker_thread(
2026-09-10T18:11:15.373864815Z            ^^^^^^^^^^^^^^^^^^^^^^^^^^^^^^^^^^^^^^^^^^^^^^^^^^^^
2026-09-10T18:11:15.373869094Z         func, args, abandon_on_cancel=abandon_on_cancel, limiter=limiter
2026-09-10T18:11:15.373873462Z         ^^^^^^^^^^^^^^^^^^^^^^^^^^^^^^^^^^^^^^^^^^^^^^^^^^^^^^^^^^^^^^^^
2026-09-10T18:11:15.373877751Z     )
2026-09-10T18:11:15.373882039Z     ^
2026-09-10T18:11:15.373886368Z   File "/usr/local/lib/python3.13/site-packages/anyio/_backends/_asyncio.py", line 2518, in run_sync_in_worker_thread
2026-09-10T18:11:15.373890686Z     return await future
2026-09-10T18:11:15.373894985Z            ^^^^^^^^^^^^
2026-09-10T18:11:15.373899223Z   File "/usr/local/lib/python3.13/site-packages/anyio/_backends/_asyncio.py", line 1002, in run
2026-09-10T18:11:15.373903812Z     result = context.run(func, *args)
2026-09-10T18:11:15.373908151Z   File "/app/app/routers/orders.py", line 36, in checkout
2026-09-10T18:11:15.373912469Z     return create_order(
2026-09-10T18:11:15.373916798Z         db=db,
2026-09-10T18:11:15.373921147Z     ...<2 lines>...
2026-09-10T18:11:15.373925505Z         correlation_id=correlation_id,
2026-09-10T18:11:15.373929784Z     )
2026-09-10T18:11:15.373934132Z   File "/app/app/services/order_service.py", line 42, in create_order
2026-09-10T18:11:15.373938441Z     result = db.execute(
2026-09-10T18:11:15.373942729Z         select(ProductModel).where(ProductModel.id == product_id)
2026-09-10T18:11:15.373946968Z     )
2026-09-10T18:11:15.373951296Z   File "/usr/local/lib/python3.13/site-packages/sqlalchemy/orm/session.py", line 2372, in execute
2026-09-10T18:11:15.373955565Z     return self._execute_internal(
2026-09-10T18:11:15.373959984Z            ~~~~~~~~~~~~~~~~~~~~~~^
2026-09-10T18:11:15.373967579Z         statement,
2026-09-10T18:11:15.373972148Z         ^^^^^^^^^^
2026-09-10T18:11:15.373976486Z     ...<4 lines>...
2026-09-10T18:11:15.373980785Z         _add_event=_add_event,
2026-09-10T18:11:15.373985073Z         ^^^^^^^^^^^^^^^^^^^^^^
2026-09-10T18:11:15.373989292Z     )
2026-09-10T18:11:15.373993550Z     ^
2026-09-10T18:11:15.373997919Z   File "/usr/local/lib/python3.13/site-packages/sqlalchemy/orm/session.py", line 2260, in _execute_internal
2026-09-10T18:11:15.374002217Z     conn = self._connection_for_bind(bind)
2026-09-10T18:11:15.374006546Z   File "/usr/local/lib/python3.13/site-packages/sqlalchemy/orm/session.py", line 2112, in _connection_for_bind
2026-09-10T18:11:15.374010895Z     return trans._connection_for_bind(engine, execution_options)
2026-09-10T18:11:15.374015163Z            ~~~~~~~~~~~~~~~~~~~~~~~~~~^^^^^^^^^^^^^^^^^^^^^^^^^^^
2026-09-10T18:11:15.374019391Z   File "<string>", line 2, in _connection_for_bind
2026-09-10T18:11:15.374023630Z   File "/usr/local/lib/python3.13/site-packages/sqlalchemy/orm/state_changes.py", line 137, in _go
2026-09-10T18:11:15.374027918Z     ret_value = fn(self, *arg, **kw)
2026-09-10T18:11:15.374034932Z   File "/usr/local/lib/python3.13/site-packages/sqlalchemy/orm/session.py", line 1191, in _connection_for_bind
2026-09-10T18:11:15.374039311Z     conn = bind.connect()
2026-09-10T18:11:15.374044291Z   File "/usr/local/lib/python3.13/site-packages/opentelemetry/instrumentation/sqlalchemy/engine.py", line 200, in _wrap_connect_internal
2026-09-10T18:11:15.374048619Z     return func(*args, **kwargs)
2026-09-10T18:11:15.374063088Z   File "/usr/local/lib/python3.13/site-packages/sqlalchemy/engine/base.py", line 3295, in connect
2026-09-10T18:11:15.374067447Z     return self._connection_cls(self)
2026-09-10T18:11:15.374071795Z            ~~~~~~~~~~~~~~~~~~~~^^^^^^
2026-09-10T18:11:15.374076094Z   File "/usr/local/lib/python3.13/site-packages/sqlalchemy/engine/base.py", line 144, in __init__
2026-09-10T18:11:15.374080472Z     self._dbapi_connection = engine.raw_connection()
2026-09-10T18:11:15.374084811Z                              ~~~~~~~~~~~~~~~~~~~~~^^
2026-09-10T18:11:15.374089130Z   File "/usr/local/lib/python3.13/site-packages/sqlalchemy/engine/base.py", line 3319, in raw_connection
2026-09-10T18:11:15.374093468Z     return self.pool.connect()
2026-09-10T18:11:15.374097767Z            ~~~~~~~~~~~~~~~~~^^
2026-09-10T18:11:15.374102085Z   File "/usr/local/lib/python3.13/site-packages/sqlalchemy/pool/base.py", line 448, in connect
2026-09-10T18:11:15.374106404Z     return _ConnectionFairy._checkout(self)
2026-09-10T18:11:15.374110702Z            ~~~~~~~~~~~~~~~~~~~~~~~~~~^^^^^^
2026-09-10T18:11:15.374115011Z   File "/usr/local/lib/python3.13/site-packages/sqlalchemy/pool/base.py", line 1272, in _checkout
2026-09-10T18:11:15.374119279Z     fairy = _ConnectionRecord.checkout(pool)
2026-09-10T18:11:15.374123588Z   File "/usr/local/lib/python3.13/site-packages/sqlalchemy/pool/base.py", line 712, in checkout
2026-09-10T18:11:15.374127927Z     rec = pool._do_get()
2026-09-10T18:11:15.374132235Z   File "/usr/local/lib/python3.13/site-packages/sqlalchemy/pool/impl.py", line 167, in _do_get
2026-09-10T18:11:15.374136534Z     raise exc.TimeoutError(
2026-09-10T18:11:15.374140762Z     ...<4 lines>...
2026-09-10T18:11:15.374145081Z     )
2026-09-10T18:11:15.374150241Z sqlalchemy.exc.TimeoutError: QueuePool limit of size 5 overflow 10 reached, connection timed out, timeout 30.00 (Background on this error at: https://sqlalche.me/e/20/3o7r)
2026-09-10T18:11:15.548517055Z ERROR:    Exception in ASGI application
2026-09-10T18:11:15.548562525Z Traceback (most recent call last):
2026-09-10T18:11:15.548565360Z   File "/usr/local/lib/python3.13/site-packages/uvicorn/protocols/http/httptools_impl.py", line 421, in run_asgi
2026-09-10T18:11:15.548567996Z     result = await app(  # type: ignore[func-returns-value]
2026-09-10T18:11:15.548569969Z              ^^^^^^^^^^^^^^^^^^^^^^^^^^^^^^^^^^^^^^^^^^^^^^
2026-09-10T18:11:15.548571873Z         self.scope, self.receive, self.send
2026-09-10T18:11:15.548573947Z         ^^^^^^^^^^^^^^^^^^^^^^^^^^^^^^^^^^^
2026-09-10T18:11:15.548575861Z     )
2026-09-10T18:11:15.548577785Z     ^
2026-09-10T18:11:15.548579759Z   File "/usr/local/lib/python3.13/site-packages/uvicorn/middleware/proxy_headers.py", line 63, in __call__
2026-09-10T18:11:15.548581653Z     return await self.app(scope, receive, send)
2026-09-10T18:11:15.548583536Z            ^^^^^^^^^^^^^^^^^^^^^^^^^^^^^^^^^^^^
2026-09-10T18:11:15.548586111Z   File "/usr/local/lib/python3.13/site-packages/fastapi/applications.py", line 1159, in __call__
2026-09-10T18:11:15.548587995Z     await super().__call__(scope, receive, send)
2026-09-10T18:11:15.548589929Z   File "/usr/local/lib/python3.13/site-packages/starlette/applications.py", line 107, in __call__
2026-09-10T18:11:15.548591903Z     await self.middleware_stack(scope, receive, send)
2026-09-10T18:11:15.548593837Z   File "/usr/local/lib/python3.13/site-packages/starlette/middleware/errors.py", line 186, in __call__
2026-09-10T18:11:15.548595751Z     raise exc
2026-09-10T18:11:15.548598095Z   File "/usr/local/lib/python3.13/site-packages/starlette/middleware/errors.py", line 164, in __call__
2026-09-10T18:11:15.548600189Z     await self.app(scope, receive, _send)
2026-09-10T18:11:15.548622504Z   File "/usr/local/lib/python3.13/site-packages/opentelemetry/instrumentation/asgi/__init__.py", line 806, in __call__
2026-09-10T18:11:15.548624568Z     await self.app(scope, otel_receive, otel_send)
2026-09-10T18:11:15.548626992Z   File "/usr/local/lib/python3.13/site-packages/starlette/middleware/errors.py", line 186, in __call__
2026-09-10T18:11:15.548628966Z     raise exc
2026-09-10T18:11:15.548635109Z   File "/usr/local/lib/python3.13/site-packages/starlette/middleware/errors.py", line 164, in __call__
2026-09-10T18:11:15.548637052Z     await self.app(scope, receive, _send)
2026-09-10T18:11:15.548639006Z   File "/usr/local/lib/python3.13/site-packages/opentelemetry/instrumentation/fastapi/__init__.py", line 305, in __call__
2026-09-10T18:11:15.548640900Z     await self.app(scope, receive, send)
2026-09-10T18:11:15.548642814Z   File "/usr/local/lib/python3.13/site-packages/prometheus_fastapi_instrumentator/middleware.py", line 177, in __call__
2026-09-10T18:11:15.548644728Z     raise exc
2026-09-10T18:11:15.548646631Z   File "/usr/local/lib/python3.13/site-packages/prometheus_fastapi_instrumentator/middleware.py", line 175, in __call__
2026-09-10T18:11:15.548648525Z     await self.app(scope, receive, send_wrapper)
2026-09-10T18:11:15.548650399Z   File "/usr/local/lib/python3.13/site-packages/starlette/middleware/exceptions.py", line 63, in __call__
2026-09-10T18:11:15.548653044Z     await wrap_app_handling_exceptions(self.app, conn)(scope, receive, send)
2026-09-10T18:11:15.548654928Z   File "/usr/local/lib/python3.13/site-packages/starlette/_exception_handler.py", line 53, in wrapped_app
2026-09-10T18:11:15.548656812Z     raise exc
2026-09-10T18:11:15.548658695Z   File "/usr/local/lib/python3.13/site-packages/starlette/_exception_handler.py", line 42, in wrapped_app
2026-09-10T18:11:15.548660589Z     await app(scope, receive, sender)
2026-09-10T18:11:15.548662513Z   File "/usr/local/lib/python3.13/site-packages/fastapi/middleware/asyncexitstack.py", line 18, in __call__
2026-09-10T18:11:15.548664417Z     await self.app(scope, receive, send)
2026-09-10T18:11:15.548666340Z   File "/usr/local/lib/python3.13/site-packages/starlette/routing.py", line 716, in __call__
2026-09-10T18:11:15.548668264Z     await self.middleware_stack(scope, receive, send)
2026-09-10T18:11:15.548670158Z   File "/usr/local/lib/python3.13/site-packages/starlette/routing.py", line 736, in app
2026-09-10T18:11:15.548672042Z     await route.handle(scope, receive, send)
2026-09-10T18:11:15.548674036Z   File "/usr/local/lib/python3.13/site-packages/starlette/routing.py", line 290, in handle
2026-09-10T18:11:15.548675929Z     await self.app(scope, receive, send)
2026-09-10T18:11:15.548677853Z   File "/usr/local/lib/python3.13/site-packages/fastapi/routing.py", line 134, in app
2026-09-10T18:11:15.548679727Z     await wrap_app_handling_exceptions(app, request)(scope, receive, send)
2026-09-10T18:11:15.548681631Z   File "/usr/local/lib/python3.13/site-packages/starlette/_exception_handler.py", line 53, in wrapped_app
2026-09-10T18:11:15.548683525Z     raise exc
2026-09-10T18:11:15.548685418Z   File "/usr/local/lib/python3.13/site-packages/starlette/_exception_handler.py", line 42, in wrapped_app
2026-09-10T18:11:15.548687302Z     await app(scope, receive, sender)
2026-09-10T18:11:15.548689186Z   File "/usr/local/lib/python3.13/site-packages/fastapi/routing.py", line 120, in app
2026-09-10T18:11:15.548691520Z     response = await f(request)
2026-09-10T18:11:15.548693454Z                ^^^^^^^^^^^^^^^^
2026-09-10T18:11:15.548695358Z   File "/usr/local/lib/python3.13/site-packages/fastapi/routing.py", line 674, in app
2026-09-10T18:11:15.548697242Z     raw_response = await run_endpoint_function(
2026-09-10T18:11:15.548704005Z                    ^^^^^^^^^^^^^^^^^^^^^^^^^^^^
2026-09-10T18:11:15.548706630Z     ...<3 lines>...
2026-09-10T18:11:15.548708534Z     )
2026-09-10T18:11:15.548710438Z     ^
2026-09-10T18:11:15.548712472Z   File "/usr/local/lib/python3.13/site-packages/fastapi/routing.py", line 330, in run_endpoint_function
2026-09-10T18:11:15.548714496Z     return await run_in_threadpool(dependant.call, **values)
2026-09-10T18:11:15.548716400Z            ^^^^^^^^^^^^^^^^^^^^^^^^^^^^^^^^^^^^^^^^^^^^^^^^^
2026-09-10T18:11:15.548759928Z   File "/usr/local/lib/python3.13/site-packages/starlette/concurrency.py", line 32, in run_in_threadpool
2026-09-10T18:11:15.548793935Z     return await anyio.to_thread.run_sync(func)
2026-09-10T18:11:15.548801009Z            ^^^^^^^^^^^^^^^^^^^^^^^^^^^^^^^^^^^^
2026-09-10T18:11:15.548809155Z   File "/usr/local/lib/python3.13/site-packages/anyio/to_thread.py", line 63, in run_sync
2026-09-10T18:11:15.548818604Z     return await get_async_backend().run_sync_in_worker_thread(
2026-09-10T18:11:15.548825918Z            ^^^^^^^^^^^^^^^^^^^^^^^^^^^^^^^^^^^^^^^^^^^^^^^^^^^^
2026-09-10T18:11:15.548833393Z         func, args, abandon_on_cancel=abandon_on_cancel, limiter=limiter
2026-09-10T18:11:15.548840127Z         ^^^^^^^^^^^^^^^^^^^^^^^^^^^^^^^^^^^^^^^^^^^^^^^^^^^^^^^^^^^^^^^^
2026-09-10T18:11:15.548844996Z     )
2026-09-10T18:11:15.548849505Z     ^
2026-09-10T18:11:15.548854335Z   File "/usr/local/lib/python3.13/site-packages/anyio/_backends/_asyncio.py", line 2518, in run_sync_in_worker_thread
2026-09-10T18:11:15.548859595Z     return await future
2026-09-10T18:11:15.548863924Z            ^^^^^^^^^^^^
2026-09-10T18:11:15.548868363Z   File "/usr/local/lib/python3.13/site-packages/anyio/_backends/_asyncio.py", line 1002, in run
2026-09-10T18:11:15.548872701Z     result = context.run(func, *args)
2026-09-10T18:11:15.548877050Z   File "/app/app/routers/orders.py", line 36, in checkout
2026-09-10T18:11:15.548881499Z     return create_order(
2026-09-10T18:11:15.548885867Z         db=db,
2026-09-10T18:11:15.548890206Z     ...<2 lines>...
2026-09-10T18:11:15.548894585Z         correlation_id=correlation_id,
2026-09-10T18:11:15.548898903Z     )
2026-09-10T18:11:15.548908402Z   File "/app/app/services/order_service.py", line 42, in create_order
2026-09-10T18:11:15.548912891Z     result = db.execute(
2026-09-10T18:11:15.548917300Z         select(ProductModel).where(ProductModel.id == product_id)
2026-09-10T18:11:15.548921708Z     )
2026-09-10T18:11:15.548926107Z   File "/usr/local/lib/python3.13/site-packages/sqlalchemy/orm/session.py", line 2372, in execute
2026-09-10T18:11:15.548930516Z     return self._execute_internal(
2026-09-10T18:11:15.548934975Z            ~~~~~~~~~~~~~~~~~~~~~~^
2026-09-10T18:11:15.548939403Z         statement,
2026-09-10T18:11:15.548943792Z         ^^^^^^^^^^
2026-09-10T18:11:15.548948091Z     ...<4 lines>...
2026-09-10T18:11:15.548953341Z         _add_event=_add_event,
2026-09-10T18:11:15.548957609Z         ^^^^^^^^^^^^^^^^^^^^^^
2026-09-10T18:11:15.548961898Z     )
2026-09-10T18:11:15.548966206Z     ^
2026-09-10T18:11:15.548970555Z   File "/usr/local/lib/python3.13/site-packages/sqlalchemy/orm/session.py", line 2260, in _execute_internal
2026-09-10T18:11:15.548974904Z     conn = self._connection_for_bind(bind)
2026-09-10T18:11:15.548979272Z   File "/usr/local/lib/python3.13/site-packages/sqlalchemy/orm/session.py", line 2112, in _connection_for_bind
2026-09-10T18:11:15.548983661Z     return trans._connection_for_bind(engine, execution_options)
2026-09-10T18:11:15.548988030Z            ~~~~~~~~~~~~~~~~~~~~~~~~~~^^^^^^^^^^^^^^^^^^^^^^^^^^^
2026-09-10T18:11:15.549023500Z   File "<string>", line 2, in _connection_for_bind
2026-09-10T18:11:15.549028139Z   File "/usr/local/lib/python3.13/site-packages/sqlalchemy/orm/state_changes.py", line 137, in _go
2026-09-10T18:11:15.549032488Z     ret_value = fn(self, *arg, **kw)
2026-09-10T18:11:15.549036746Z   File "/usr/local/lib/python3.13/site-packages/sqlalchemy/orm/session.py", line 1191, in _connection_for_bind
2026-09-10T18:11:15.549041085Z     conn = bind.connect()
2026-09-10T18:11:15.549046125Z   File "/usr/local/lib/python3.13/site-packages/opentelemetry/instrumentation/sqlalchemy/engine.py", line 200, in _wrap_connect_internal
2026-09-10T18:11:15.549050433Z     return func(*args, **kwargs)
2026-09-10T18:11:15.549054992Z   File "/usr/local/lib/python3.13/site-packages/sqlalchemy/engine/base.py", line 3295, in connect
2026-09-10T18:11:15.549059301Z     return self._connection_cls(self)
2026-09-10T18:11:15.549063569Z            ~~~~~~~~~~~~~~~~~~~~^^^^^^
2026-09-10T18:11:15.549067878Z   File "/usr/local/lib/python3.13/site-packages/sqlalchemy/engine/base.py", line 144, in __init__
2026-09-10T18:11:15.549072136Z     self._dbapi_connection = engine.raw_connection()
2026-09-10T18:11:15.549076395Z                              ~~~~~~~~~~~~~~~~~~~~~^^
2026-09-10T18:11:15.549080713Z   File "/usr/local/lib/python3.13/site-packages/sqlalchemy/engine/base.py", line 3319, in raw_connection
2026-09-10T18:11:15.549085012Z     return self.pool.connect()
2026-09-10T18:11:15.549089310Z            ~~~~~~~~~~~~~~~~~^^
2026-09-10T18:11:15.549093609Z   File "/usr/local/lib/python3.13/site-packages/sqlalchemy/pool/base.py", line 448, in connect
2026-09-10T18:11:15.549097867Z     return _ConnectionFairy._checkout(self)
2026-09-10T18:11:15.549102116Z            ~~~~~~~~~~~~~~~~~~~~~~~~~~^^^^^^
2026-09-10T18:11:15.549106384Z   File "/usr/local/lib/python3.13/site-packages/sqlalchemy/pool/base.py", line 1272, in _checkout
2026-09-10T18:11:15.549110703Z     fairy = _ConnectionRecord.checkout(pool)
2026-09-10T18:11:15.549115041Z   File "/usr/local/lib/python3.13/site-packages/sqlalchemy/pool/base.py", line 712, in checkout
2026-09-10T18:11:15.549119350Z     rec = pool._do_get()
2026-09-10T18:11:15.549123659Z   File "/usr/local/lib/python3.13/site-packages/sqlalchemy/pool/impl.py", line 167, in _do_get
2026-09-10T18:11:15.549127947Z     raise exc.TimeoutError(
2026-09-10T18:11:15.549132226Z     ...<4 lines>...
2026-09-10T18:11:15.549136514Z     )
2026-09-10T18:11:15.549141394Z sqlalchemy.exc.TimeoutError: QueuePool limit of size 5 overflow 10 reached, connection timed out, timeout 30.00 (Background on this error at: https://sqlalche.me/e/20/3o7r)
2026-09-10T18:11:15.738795330Z ERROR:    Exception in ASGI application
2026-09-10T18:11:15.738823766Z Traceback (most recent call last):
2026-09-10T18:11:15.738826521Z   File "/usr/local/lib/python3.13/site-packages/uvicorn/protocols/http/httptools_impl.py", line 421, in run_asgi
2026-09-10T18:11:15.738828986Z     result = await app(  # type: ignore[func-returns-value]
2026-09-10T18:11:15.738830900Z              ^^^^^^^^^^^^^^^^^^^^^^^^^^^^^^^^^^^^^^^^^^^^^^
2026-09-10T18:11:15.738832814Z         self.scope, self.receive, self.send
2026-09-10T18:11:15.738834768Z         ^^^^^^^^^^^^^^^^^^^^^^^^^^^^^^^^^^^
2026-09-10T18:11:15.738836681Z     )
2026-09-10T18:11:15.738838675Z     ^
2026-09-10T18:11:15.738840609Z   File "/usr/local/lib/python3.13/site-packages/uvicorn/middleware/proxy_headers.py", line 63, in __call__
2026-09-10T18:11:15.738842523Z     return await self.app(scope, receive, send)
2026-09-10T18:11:15.738844838Z            ^^^^^^^^^^^^^^^^^^^^^^^^^^^^^^^^^^^^
2026-09-10T18:11:15.738847593Z   File "/usr/local/lib/python3.13/site-packages/fastapi/applications.py", line 1159, in __call__
2026-09-10T18:11:15.738869156Z     await super().__call__(scope, receive, send)
2026-09-10T18:11:15.738871160Z   File "/usr/local/lib/python3.13/site-packages/starlette/applications.py", line 107, in __call__
2026-09-10T18:11:15.738873094Z     await self.middleware_stack(scope, receive, send)
2026-09-10T18:11:15.738875027Z   File "/usr/local/lib/python3.13/site-packages/starlette/middleware/errors.py", line 186, in __call__
2026-09-10T18:11:15.738876971Z     raise exc
2026-09-10T18:11:15.738878995Z   File "/usr/local/lib/python3.13/site-packages/starlette/middleware/errors.py", line 164, in __call__
2026-09-10T18:11:15.738880899Z     await self.app(scope, receive, _send)
2026-09-10T18:11:15.738883254Z   File "/usr/local/lib/python3.13/site-packages/opentelemetry/instrumentation/asgi/__init__.py", line 806, in __call__
2026-09-10T18:11:15.738885158Z     await self.app(scope, otel_receive, otel_send)
2026-09-10T18:11:15.738887051Z   File "/usr/local/lib/python3.13/site-packages/starlette/middleware/errors.py", line 186, in __call__
2026-09-10T18:11:15.738888945Z     raise exc
2026-09-10T18:11:15.738890849Z   File "/usr/local/lib/python3.13/site-packages/starlette/middleware/errors.py", line 164, in __call__
2026-09-10T18:11:15.738893043Z     await self.app(scope, receive, _send)
2026-09-10T18:11:15.738894947Z   File "/usr/local/lib/python3.13/site-packages/opentelemetry/instrumentation/fastapi/__init__.py", line 305, in __call__
2026-09-10T18:11:15.738896851Z     await self.app(scope, receive, send)
2026-09-10T18:11:15.738898754Z   File "/usr/local/lib/python3.13/site-packages/prometheus_fastapi_instrumentator/middleware.py", line 177, in __call__
2026-09-10T18:11:15.738900658Z     raise exc
2026-09-10T18:11:15.738902562Z   File "/usr/local/lib/python3.13/site-packages/prometheus_fastapi_instrumentator/middleware.py", line 175, in __call__
2026-09-10T18:11:15.738904456Z     await self.app(scope, receive, send_wrapper)
2026-09-10T18:11:15.738906390Z   File "/usr/local/lib/python3.13/site-packages/starlette/middleware/exceptions.py", line 63, in __call__
2026-09-10T18:11:15.738908444Z     await wrap_app_handling_exceptions(self.app, conn)(scope, receive, send)
2026-09-10T18:11:15.738910347Z   File "/usr/local/lib/python3.13/site-packages/starlette/_exception_handler.py", line 53, in wrapped_app
2026-09-10T18:11:15.738912251Z     raise exc
2026-09-10T18:11:15.738914145Z   File "/usr/local/lib/python3.13/site-packages/starlette/_exception_handler.py", line 42, in wrapped_app
2026-09-10T18:11:15.738916039Z     await app(scope, receive, sender)
2026-09-10T18:11:15.738917943Z   File "/usr/local/lib/python3.13/site-packages/fastapi/middleware/asyncexitstack.py", line 18, in __call__
2026-09-10T18:11:15.738919826Z     await self.app(scope, receive, send)
2026-09-10T18:11:15.738921750Z   File "/usr/local/lib/python3.13/site-packages/starlette/routing.py", line 716, in __call__
2026-09-10T18:11:15.738923694Z     await self.middleware_stack(scope, receive, send)
2026-09-10T18:11:15.738925588Z   File "/usr/local/lib/python3.13/site-packages/starlette/routing.py", line 736, in app
2026-09-10T18:11:15.738927491Z     await route.handle(scope, receive, send)
2026-09-10T18:11:15.738929395Z   File "/usr/local/lib/python3.13/site-packages/starlette/routing.py", line 290, in handle
2026-09-10T18:11:15.738931289Z     await self.app(scope, receive, send)
2026-09-10T18:11:15.738933173Z   File "/usr/local/lib/python3.13/site-packages/fastapi/routing.py", line 134, in app
2026-09-10T18:11:15.738935066Z     await wrap_app_handling_exceptions(app, request)(scope, receive, send)
2026-09-10T18:11:15.738936990Z   File "/usr/local/lib/python3.13/site-packages/starlette/_exception_handler.py", line 53, in wrapped_app
2026-09-10T18:11:15.738944535Z     raise exc
2026-09-10T18:11:15.738946469Z   File "/usr/local/lib/python3.13/site-packages/starlette/_exception_handler.py", line 42, in wrapped_app
2026-09-10T18:11:15.738948393Z     await app(scope, receive, sender)
2026-09-10T18:11:15.738950287Z   File "/usr/local/lib/python3.13/site-packages/fastapi/routing.py", line 120, in app
2026-09-10T18:11:15.738982100Z     response = await f(request)
2026-09-10T18:11:15.738984164Z                ^^^^^^^^^^^^^^^^
2026-09-10T18:11:15.738986078Z   File "/usr/local/lib/python3.13/site-packages/fastapi/routing.py", line 674, in app
2026-09-10T18:11:15.738988021Z     raw_response = await run_endpoint_function(
2026-09-10T18:11:15.738989925Z                    ^^^^^^^^^^^^^^^^^^^^^^^^^^^^
2026-09-10T18:11:15.738992440Z     ...<3 lines>...
2026-09-10T18:11:15.738994374Z     )
2026-09-10T18:11:15.738996288Z     ^
2026-09-10T18:11:15.738998182Z   File "/usr/local/lib/python3.13/site-packages/fastapi/routing.py", line 330, in run_endpoint_function
2026-09-10T18:11:15.739000085Z     return await run_in_threadpool(dependant.call, **values)
2026-09-10T18:11:15.739002079Z            ^^^^^^^^^^^^^^^^^^^^^^^^^^^^^^^^^^^^^^^^^^^^^^^^^
2026-09-10T18:11:15.739018061Z   File "/usr/local/lib/python3.13/site-packages/starlette/concurrency.py", line 32, in run_in_threadpool
2026-09-10T18:11:15.739020205Z     return await anyio.to_thread.run_sync(func)
2026-09-10T18:11:15.739022159Z            ^^^^^^^^^^^^^^^^^^^^^^^^^^^^^^^^^^^^
2026-09-10T18:11:15.739024073Z   File "/usr/local/lib/python3.13/site-packages/anyio/to_thread.py", line 63, in run_sync
2026-09-10T18:11:15.739025987Z     return await get_async_backend().run_sync_in_worker_thread(
2026-09-10T18:11:15.739027900Z            ^^^^^^^^^^^^^^^^^^^^^^^^^^^^^^^^^^^^^^^^^^^^^^^^^^^^
2026-09-10T18:11:15.739029894Z         func, args, abandon_on_cancel=abandon_on_cancel, limiter=limiter
2026-09-10T18:11:15.739031858Z         ^^^^^^^^^^^^^^^^^^^^^^^^^^^^^^^^^^^^^^^^^^^^^^^^^^^^^^^^^^^^^^^^
2026-09-10T18:11:15.739033882Z     )
2026-09-10T18:11:15.739038862Z     ^
2026-09-10T18:11:15.739040806Z   File "/usr/local/lib/python3.13/site-packages/anyio/_backends/_asyncio.py", line 2518, in run_sync_in_worker_thread
2026-09-10T18:11:15.739042740Z     return await future
2026-09-10T18:11:15.739044694Z            ^^^^^^^^^^^^
2026-09-10T18:11:15.739046608Z   File "/usr/local/lib/python3.13/site-packages/anyio/_backends/_asyncio.py", line 1002, in run
2026-09-10T18:11:15.739048531Z     result = context.run(func, *args)
2026-09-10T18:11:15.739050465Z   File "/app/app/routers/orders.py", line 36, in checkout
2026-09-10T18:11:15.739052459Z     return create_order(
2026-09-10T18:11:15.739054393Z         db=db,
2026-09-10T18:11:15.739056337Z     ...<2 lines>...
2026-09-10T18:11:15.739058281Z         correlation_id=correlation_id,
2026-09-10T18:11:15.739060215Z     )
2026-09-10T18:11:15.739062168Z   File "/app/app/services/order_service.py", line 42, in create_order
2026-09-10T18:11:15.739064082Z     result = db.execute(
2026-09-10T18:11:15.739066036Z         select(ProductModel).where(ProductModel.id == product_id)
2026-09-10T18:11:15.739068000Z     )
2026-09-10T18:11:15.739069974Z   File "/usr/local/lib/python3.13/site-packages/sqlalchemy/orm/session.py", line 2372, in execute
2026-09-10T18:11:15.739071898Z     return self._execute_internal(
2026-09-10T18:11:15.739073791Z            ~~~~~~~~~~~~~~~~~~~~~~^
2026-09-10T18:11:15.739075715Z         statement,
2026-09-10T18:11:15.739077629Z         ^^^^^^^^^^
2026-09-10T18:11:15.739079543Z     ...<4 lines>...
2026-09-10T18:11:15.739081497Z         _add_event=_add_event,
2026-09-10T18:11:15.739089412Z         ^^^^^^^^^^^^^^^^^^^^^^
2026-09-10T18:11:15.739091356Z     )
2026-09-10T18:11:15.739093270Z     ^
2026-09-10T18:11:15.739095254Z   File "/usr/local/lib/python3.13/site-packages/sqlalchemy/orm/session.py", line 2260, in _execute_internal
2026-09-10T18:11:15.739097188Z     conn = self._connection_for_bind(bind)
2026-09-10T18:11:15.739099192Z   File "/usr/local/lib/python3.13/site-packages/sqlalchemy/orm/session.py", line 2112, in _connection_for_bind
2026-09-10T18:11:15.739101286Z     return trans._connection_for_bind(engine, execution_options)
2026-09-10T18:11:15.739103240Z            ~~~~~~~~~~~~~~~~~~~~~~~~~~^^^^^^^^^^^^^^^^^^^^^^^^^^^
2026-09-10T18:11:15.739105154Z   File "<string>", line 2, in _connection_for_bind
2026-09-10T18:11:15.739107057Z   File "/usr/local/lib/python3.13/site-packages/sqlalchemy/orm/state_changes.py", line 137, in _go
2026-09-10T18:11:15.739108951Z     ret_value = fn(self, *arg, **kw)
2026-09-10T18:11:15.739110865Z   File "/usr/local/lib/python3.13/site-packages/sqlalchemy/orm/session.py", line 1191, in _connection_for_bind
2026-09-10T18:11:15.739112769Z     conn = bind.connect()
2026-09-10T18:11:15.739115274Z   File "/usr/local/lib/python3.13/site-packages/opentelemetry/instrumentation/sqlalchemy/engine.py", line 200, in _wrap_connect_internal
2026-09-10T18:11:15.739117187Z     return func(*args, **kwargs)
2026-09-10T18:11:15.739119171Z   File "/usr/local/lib/python3.13/site-packages/sqlalchemy/engine/base.py", line 3295, in connect
2026-09-10T18:11:15.739121095Z     return self._connection_cls(self)
2026-09-10T18:11:15.739122989Z            ~~~~~~~~~~~~~~~~~~~~^^^^^^
2026-09-10T18:11:15.739125003Z   File "/usr/local/lib/python3.13/site-packages/sqlalchemy/engine/base.py", line 144, in __init__
2026-09-10T18:11:15.739126987Z     self._dbapi_connection = engine.raw_connection()
2026-09-10T18:11:15.739128881Z                              ~~~~~~~~~~~~~~~~~~~~~^^
2026-09-10T18:11:15.739130784Z   File "/usr/local/lib/python3.13/site-packages/sqlalchemy/engine/base.py", line 3319, in raw_connection
2026-09-10T18:11:15.739132678Z     return self.pool.connect()
2026-09-10T18:11:15.739134612Z            ~~~~~~~~~~~~~~~~~^^
2026-09-10T18:11:15.739136516Z   File "/usr/local/lib/python3.13/site-packages/sqlalchemy/pool/base.py", line 448, in connect
2026-09-10T18:11:15.739138550Z     return _ConnectionFairy._checkout(self)
2026-09-10T18:11:15.739140454Z            ~~~~~~~~~~~~~~~~~~~~~~~~~~^^^^^^
2026-09-10T18:11:15.739142367Z   File "/usr/local/lib/python3.13/site-packages/sqlalchemy/pool/base.py", line 1272, in _checkout
2026-09-10T18:11:15.739144261Z     fairy = _ConnectionRecord.checkout(pool)
2026-09-10T18:11:15.739146165Z   File "/usr/local/lib/python3.13/site-packages/sqlalchemy/pool/base.py", line 712, in checkout
2026-09-10T18:11:15.739148079Z     rec = pool._do_get()
2026-09-10T18:11:15.739149992Z   File "/usr/local/lib/python3.13/site-packages/sqlalchemy/pool/impl.py", line 167, in _do_get
2026-09-10T18:11:15.739151896Z     raise exc.TimeoutError(
2026-09-10T18:11:15.739153800Z     ...<4 lines>...
2026-09-10T18:11:15.739155724Z     )
2026-09-10T18:11:15.739158189Z sqlalchemy.exc.TimeoutError: QueuePool limit of size 5 overflow 10 reached, connection timed out, timeout 30.00 (Background on this error at: https://sqlalche.me/e/20/3o7r)
2026-09-10T18:11:15.944871209Z ERROR:    Exception in ASGI application
2026-09-10T18:11:15.944903162Z Traceback (most recent call last):
2026-09-10T18:11:15.944907059Z   File "/usr/local/lib/python3.13/site-packages/uvicorn/protocols/http/httptools_impl.py", line 421, in run_asgi
2026-09-10T18:11:15.944910366Z     result = await app(  # type: ignore[func-returns-value]
2026-09-10T18:11:15.944931628Z              ^^^^^^^^^^^^^^^^^^^^^^^^^^^^^^^^^^^^^^^^^^^^^^
2026-09-10T18:11:15.944933622Z         self.scope, self.receive, self.send
2026-09-10T18:11:15.944935525Z         ^^^^^^^^^^^^^^^^^^^^^^^^^^^^^^^^^^^
2026-09-10T18:11:15.944937429Z     )
2026-09-10T18:11:15.944939383Z     ^
2026-09-10T18:11:15.944941337Z   File "/usr/local/lib/python3.13/site-packages/uvicorn/middleware/proxy_headers.py", line 63, in __call__
2026-09-10T18:11:15.944943291Z     return await self.app(scope, receive, send)
2026-09-10T18:11:15.944945205Z            ^^^^^^^^^^^^^^^^^^^^^^^^^^^^^^^^^^^^
2026-09-10T18:11:15.944947539Z   File "/usr/local/lib/python3.13/site-packages/fastapi/applications.py", line 1159, in __call__
2026-09-10T18:11:15.944949443Z     await super().__call__(scope, receive, send)
2026-09-10T18:11:15.944951387Z   File "/usr/local/lib/python3.13/site-packages/starlette/applications.py", line 107, in __call__
2026-09-10T18:11:15.944953311Z     await self.middleware_stack(scope, receive, send)
2026-09-10T18:11:15.944955224Z   File "/usr/local/lib/python3.13/site-packages/starlette/middleware/errors.py", line 186, in __call__
2026-09-10T18:11:15.944957168Z     raise exc
2026-09-10T18:11:15.944959112Z   File "/usr/local/lib/python3.13/site-packages/starlette/middleware/errors.py", line 164, in __call__
2026-09-10T18:11:15.944961036Z     await self.app(scope, receive, _send)
2026-09-10T18:11:15.944963551Z   File "/usr/local/lib/python3.13/site-packages/opentelemetry/instrumentation/asgi/__init__.py", line 806, in __call__
2026-09-10T18:11:15.944965465Z     await self.app(scope, otel_receive, otel_send)
2026-09-10T18:11:15.944967418Z   File "/usr/local/lib/python3.13/site-packages/starlette/middleware/errors.py", line 186, in __call__
2026-09-10T18:11:15.944969322Z     raise exc
2026-09-10T18:11:15.944971226Z   File "/usr/local/lib/python3.13/site-packages/starlette/middleware/errors.py", line 164, in __call__
2026-09-10T18:11:15.944973170Z     await self.app(scope, receive, _send)
2026-09-10T18:11:15.944975134Z   File "/usr/local/lib/python3.13/site-packages/opentelemetry/instrumentation/fastapi/__init__.py", line 305, in __call__
2026-09-10T18:11:15.944977047Z     await self.app(scope, receive, send)
2026-09-10T18:11:15.944978941Z   File "/usr/local/lib/python3.13/site-packages/prometheus_fastapi_instrumentator/middleware.py", line 177, in __call__
2026-09-10T18:11:15.944980855Z     raise exc
2026-09-10T18:11:15.944982989Z   File "/usr/local/lib/python3.13/site-packages/prometheus_fastapi_instrumentator/middleware.py", line 175, in __call__
2026-09-10T18:11:15.944985184Z     await self.app(scope, receive, send_wrapper)
2026-09-10T18:11:15.944987077Z   File "/usr/local/lib/python3.13/site-packages/starlette/middleware/exceptions.py", line 63, in __call__
2026-09-10T18:11:15.944989572Z     await wrap_app_handling_exceptions(self.app, conn)(scope, receive, send)
2026-09-10T18:11:15.944991486Z   File "/usr/local/lib/python3.13/site-packages/starlette/_exception_handler.py", line 53, in wrapped_app
2026-09-10T18:11:15.944993400Z     raise exc
2026-09-10T18:11:15.944995324Z   File "/usr/local/lib/python3.13/site-packages/starlette/_exception_handler.py", line 42, in wrapped_app
2026-09-10T18:11:15.944997638Z     await app(scope, receive, sender)
2026-09-10T18:11:15.944999712Z   File "/usr/local/lib/python3.13/site-packages/fastapi/middleware/asyncexitstack.py", line 18, in __call__
2026-09-10T18:11:15.945001616Z     await self.app(scope, receive, send)
2026-09-10T18:11:15.945003510Z   File "/usr/local/lib/python3.13/site-packages/starlette/routing.py", line 716, in __call__
2026-09-10T18:11:15.945005423Z     await self.middleware_stack(scope, receive, send)
2026-09-10T18:11:15.945012327Z   File "/usr/local/lib/python3.13/site-packages/starlette/routing.py", line 736, in app
2026-09-10T18:11:15.945014251Z     await route.handle(scope, receive, send)
2026-09-10T18:11:15.945016145Z   File "/usr/local/lib/python3.13/site-packages/starlette/routing.py", line 290, in handle
2026-09-10T18:11:15.945018028Z     await self.app(scope, receive, send)
2026-09-10T18:11:15.945019922Z   File "/usr/local/lib/python3.13/site-packages/fastapi/routing.py", line 134, in app
2026-09-10T18:11:15.945021816Z     await wrap_app_handling_exceptions(app, request)(scope, receive, send)
2026-09-10T18:11:15.945023720Z   File "/usr/local/lib/python3.13/site-packages/starlette/_exception_handler.py", line 53, in wrapped_app
2026-09-10T18:11:15.945025643Z     raise exc
2026-09-10T18:11:15.945027557Z   File "/usr/local/lib/python3.13/site-packages/starlette/_exception_handler.py", line 42, in wrapped_app
2026-09-10T18:11:15.945029461Z     await app(scope, receive, sender)
2026-09-10T18:11:15.945031365Z   File "/usr/local/lib/python3.13/site-packages/fastapi/routing.py", line 120, in app
2026-09-10T18:11:15.945033739Z     response = await f(request)
2026-09-10T18:11:15.945035683Z                ^^^^^^^^^^^^^^^^
2026-09-10T18:11:15.945037577Z   File "/usr/local/lib/python3.13/site-packages/fastapi/routing.py", line 674, in app
2026-09-10T18:11:15.945039651Z     raw_response = await run_endpoint_function(
2026-09-10T18:11:15.945041555Z                    ^^^^^^^^^^^^^^^^^^^^^^^^^^^^
2026-09-10T18:11:15.945044080Z     ...<3 lines>...
2026-09-10T18:11:15.945046014Z     )
2026-09-10T18:11:15.945047947Z     ^
2026-09-10T18:11:15.945049851Z   File "/usr/local/lib/python3.13/site-packages/fastapi/routing.py", line 330, in run_endpoint_function
2026-09-10T18:11:15.945051745Z     return await run_in_threadpool(dependant.call, **values)
2026-09-10T18:11:15.945053649Z            ^^^^^^^^^^^^^^^^^^^^^^^^^^^^^^^^^^^^^^^^^^^^^^^^^
2026-09-10T18:11:15.945088728Z   File "/usr/local/lib/python3.13/site-packages/starlette/concurrency.py", line 32, in run_in_threadpool
2026-09-10T18:11:15.945094239Z     return await anyio.to_thread.run_sync(func)
2026-09-10T18:11:15.945096453Z            ^^^^^^^^^^^^^^^^^^^^^^^^^^^^^^^^^^^^
2026-09-10T18:11:15.945098507Z   File "/usr/local/lib/python3.13/site-packages/anyio/to_thread.py", line 63, in run_sync
2026-09-10T18:11:15.945100491Z     return await get_async_backend().run_sync_in_worker_thread(
2026-09-10T18:11:15.945102405Z            ^^^^^^^^^^^^^^^^^^^^^^^^^^^^^^^^^^^^^^^^^^^^^^^^^^^^
2026-09-10T18:11:15.945104379Z         func, args, abandon_on_cancel=abandon_on_cancel, limiter=limiter
2026-09-10T18:11:15.945106283Z         ^^^^^^^^^^^^^^^^^^^^^^^^^^^^^^^^^^^^^^^^^^^^^^^^^^^^^^^^^^^^^^^^
2026-09-10T18:11:15.945108196Z     )
2026-09-10T18:11:15.945110150Z     ^
2026-09-10T18:11:15.945112134Z   File "/usr/local/lib/python3.13/site-packages/anyio/_backends/_asyncio.py", line 2518, in run_sync_in_worker_thread
2026-09-10T18:11:15.945114048Z     return await future
2026-09-10T18:11:15.945115962Z            ^^^^^^^^^^^^
2026-09-10T18:11:15.945118457Z   File "/usr/local/lib/python3.13/site-packages/anyio/_backends/_asyncio.py", line 1002, in run
2026-09-10T18:11:15.945120360Z     result = context.run(func, *args)
2026-09-10T18:11:15.945122264Z   File "/app/app/routers/orders.py", line 36, in checkout
2026-09-10T18:11:15.945124268Z     return create_order(
2026-09-10T18:11:15.945126372Z         db=db,
2026-09-10T18:11:15.945128547Z     ...<2 lines>...
2026-09-10T18:11:15.945130480Z         correlation_id=correlation_id,
2026-09-10T18:11:15.945132384Z     )
2026-09-10T18:11:15.945134338Z   File "/app/app/services/order_service.py", line 42, in create_order
2026-09-10T18:11:15.945143767Z     result = db.execute(
2026-09-10T18:11:15.945145751Z         select(ProductModel).where(ProductModel.id == product_id)
2026-09-10T18:11:15.945147634Z     )
2026-09-10T18:11:15.945149548Z   File "/usr/local/lib/python3.13/site-packages/sqlalchemy/orm/session.py", line 2372, in execute
2026-09-10T18:11:15.945151452Z     return self._execute_internal(
2026-09-10T18:11:15.945153346Z            ~~~~~~~~~~~~~~~~~~~~~~^
2026-09-10T18:11:15.945155229Z         statement,
2026-09-10T18:11:15.945157133Z         ^^^^^^^^^^
2026-09-10T18:11:15.945159017Z     ...<4 lines>...
2026-09-10T18:11:15.945160920Z         _add_event=_add_event,
2026-09-10T18:11:15.945162814Z         ^^^^^^^^^^^^^^^^^^^^^^
2026-09-10T18:11:15.945164828Z     )
2026-09-10T18:11:15.945166712Z     ^
2026-09-10T18:11:15.945168626Z   File "/usr/local/lib/python3.13/site-packages/sqlalchemy/orm/session.py", line 2260, in _execute_internal
2026-09-10T18:11:15.945170519Z     conn = self._connection_for_bind(bind)
2026-09-10T18:11:15.945172483Z   File "/usr/local/lib/python3.13/site-packages/sqlalchemy/orm/session.py", line 2112, in _connection_for_bind
2026-09-10T18:11:15.945174387Z     return trans._connection_for_bind(engine, execution_options)
2026-09-10T18:11:15.945176271Z            ~~~~~~~~~~~~~~~~~~~~~~~~~~^^^^^^^^^^^^^^^^^^^^^^^^^^^
2026-09-10T18:11:15.945178165Z   File "<string>", line 2, in _connection_for_bind
2026-09-10T18:11:15.945180078Z   File "/usr/local/lib/python3.13/site-packages/sqlalchemy/orm/state_changes.py", line 137, in _go
2026-09-10T18:11:15.945181972Z     ret_value = fn(self, *arg, **kw)
2026-09-10T18:11:15.945183886Z   File "/usr/local/lib/python3.13/site-packages/sqlalchemy/orm/session.py", line 1191, in _connection_for_bind
2026-09-10T18:11:15.945185810Z     conn = bind.connect()
2026-09-10T18:11:15.945188685Z   File "/usr/local/lib/python3.13/site-packages/opentelemetry/instrumentation/sqlalchemy/engine.py", line 200, in _wrap_connect_internal
2026-09-10T18:11:15.945190589Z     return func(*args, **kwargs)
2026-09-10T18:11:15.945192503Z   File "/usr/local/lib/python3.13/site-packages/sqlalchemy/engine/base.py", line 3295, in connect
2026-09-10T18:11:15.945194407Z     return self._connection_cls(self)
2026-09-10T18:11:15.945196360Z            ~~~~~~~~~~~~~~~~~~~~^^^^^^
2026-09-10T18:11:15.945198274Z   File "/usr/local/lib/python3.13/site-packages/sqlalchemy/engine/base.py", line 144, in __init__
2026-09-10T18:11:15.945200178Z     self._dbapi_connection = engine.raw_connection()
2026-09-10T18:11:15.945202072Z                              ~~~~~~~~~~~~~~~~~~~~~^^
2026-09-10T18:11:15.945203955Z   File "/usr/local/lib/python3.13/site-packages/sqlalchemy/engine/base.py", line 3319, in raw_connection
2026-09-10T18:11:15.945205859Z     return self.pool.connect()
2026-09-10T18:11:15.945207743Z            ~~~~~~~~~~~~~~~~~^^
2026-09-10T18:11:15.945209637Z   File "/usr/local/lib/python3.13/site-packages/sqlalchemy/pool/base.py", line 448, in connect
2026-09-10T18:11:15.945211550Z     return _ConnectionFairy._checkout(self)
2026-09-10T18:11:15.945213464Z            ~~~~~~~~~~~~~~~~~~~~~~~~~~^^^^^^
2026-09-10T18:11:15.945215418Z   File "/usr/local/lib/python3.13/site-packages/sqlalchemy/pool/base.py", line 1272, in _checkout
2026-09-10T18:11:15.945217322Z     fairy = _ConnectionRecord.checkout(pool)
2026-09-10T18:11:15.945219226Z   File "/usr/local/lib/python3.13/site-packages/sqlalchemy/pool/base.py", line 712, in checkout
2026-09-10T18:11:15.945221099Z     rec = pool._do_get()
2026-09-10T18:11:15.945222993Z   File "/usr/local/lib/python3.13/site-packages/sqlalchemy/pool/impl.py", line 167, in _do_get
2026-09-10T18:11:15.945229776Z     raise exc.TimeoutError(
2026-09-10T18:11:15.945234275Z     ...<4 lines>...
2026-09-10T18:11:15.945236239Z     )
2026-09-10T18:11:15.945238694Z sqlalchemy.exc.TimeoutError: QueuePool limit of size 5 overflow 10 reached, connection timed out, timeout 30.00 (Background on this error at: https://sqlalche.me/e/20/3o7r)
2026-09-10T18:11:16.064291092Z ERROR:    Exception in ASGI application
2026-09-10T18:11:16.064339257Z Traceback (most recent call last):
2026-09-10T18:11:16.064344988Z   File "/usr/local/lib/python3.13/site-packages/uvicorn/protocols/http/httptools_impl.py", line 421, in run_asgi
2026-09-10T18:11:16.064350349Z     result = await app(  # type: ignore[func-returns-value]
2026-09-10T18:11:16.064354958Z              ^^^^^^^^^^^^^^^^^^^^^^^^^^^^^^^^^^^^^^^^^^^^^^
2026-09-10T18:11:16.064359326Z         self.scope, self.receive, self.send
2026-09-10T18:11:16.064363555Z         ^^^^^^^^^^^^^^^^^^^^^^^^^^^^^^^^^^^
2026-09-10T18:11:16.064367983Z     )
2026-09-10T18:11:16.064372362Z     ^
2026-09-10T18:11:16.064376721Z   File "/usr/local/lib/python3.13/site-packages/uvicorn/middleware/proxy_headers.py", line 63, in __call__
2026-09-10T18:11:16.064381290Z     return await self.app(scope, receive, send)
2026-09-10T18:11:16.064385598Z            ^^^^^^^^^^^^^^^^^^^^^^^^^^^^^^^^^^^^
2026-09-10T18:11:16.064390548Z   File "/usr/local/lib/python3.13/site-packages/fastapi/applications.py", line 1159, in __call__
2026-09-10T18:11:16.064395067Z     await super().__call__(scope, receive, send)
2026-09-10T18:11:16.064399425Z   File "/usr/local/lib/python3.13/site-packages/starlette/applications.py", line 107, in __call__
2026-09-10T18:11:16.064403814Z     await self.middleware_stack(scope, receive, send)
2026-09-10T18:11:16.064408203Z   File "/usr/local/lib/python3.13/site-packages/starlette/middleware/errors.py", line 186, in __call__
2026-09-10T18:11:16.064412652Z     raise exc
2026-09-10T18:11:16.064417181Z   File "/usr/local/lib/python3.13/site-packages/starlette/middleware/errors.py", line 164, in __call__
2026-09-10T18:11:16.064421509Z     await self.app(scope, receive, _send)
2026-09-10T18:11:16.064426970Z   File "/usr/local/lib/python3.13/site-packages/opentelemetry/instrumentation/asgi/__init__.py", line 806, in __call__
2026-09-10T18:11:16.064431298Z     await self.app(scope, otel_receive, otel_send)
2026-09-10T18:11:16.064435787Z   File "/usr/local/lib/python3.13/site-packages/starlette/middleware/errors.py", line 186, in __call__
2026-09-10T18:11:16.064440106Z     raise exc
2026-09-10T18:11:16.064444444Z   File "/usr/local/lib/python3.13/site-packages/starlette/middleware/errors.py", line 164, in __call__
2026-09-10T18:11:16.064448823Z     await self.app(scope, receive, _send)
2026-09-10T18:11:16.064453111Z   File "/usr/local/lib/python3.13/site-packages/opentelemetry/instrumentation/fastapi/__init__.py", line 305, in __call__
2026-09-10T18:11:16.064457711Z     await self.app(scope, receive, send)
2026-09-10T18:11:16.064462019Z   File "/usr/local/lib/python3.13/site-packages/prometheus_fastapi_instrumentator/middleware.py", line 177, in __call__
2026-09-10T18:11:16.064466277Z     raise exc
2026-09-10T18:11:16.064470516Z   File "/usr/local/lib/python3.13/site-packages/prometheus_fastapi_instrumentator/middleware.py", line 175, in __call__
2026-09-10T18:11:16.064479453Z     await self.app(scope, receive, send_wrapper)
2026-09-10T18:11:16.064483892Z   File "/usr/local/lib/python3.13/site-packages/starlette/middleware/exceptions.py", line 63, in __call__
2026-09-10T18:11:16.064489433Z     await wrap_app_handling_exceptions(self.app, conn)(scope, receive, send)
2026-09-10T18:11:16.064493672Z   File "/usr/local/lib/python3.13/site-packages/starlette/_exception_handler.py", line 53, in wrapped_app
2026-09-10T18:11:16.064519012Z     raise exc
2026-09-10T18:11:16.064523661Z   File "/usr/local/lib/python3.13/site-packages/starlette/_exception_handler.py", line 42, in wrapped_app
2026-09-10T18:11:16.064527959Z     await app(scope, receive, sender)
2026-09-10T18:11:16.064532208Z   File "/usr/local/lib/python3.13/site-packages/fastapi/middleware/asyncexitstack.py", line 18, in __call__
2026-09-10T18:11:16.064536476Z     await self.app(scope, receive, send)
2026-09-10T18:11:16.064540765Z   File "/usr/local/lib/python3.13/site-packages/starlette/routing.py", line 716, in __call__
2026-09-10T18:11:16.064545023Z     await self.middleware_stack(scope, receive, send)
2026-09-10T18:11:16.064549261Z   File "/usr/local/lib/python3.13/site-packages/starlette/routing.py", line 736, in app
2026-09-10T18:11:16.064553520Z     await route.handle(scope, receive, send)
2026-09-10T18:11:16.064557858Z   File "/usr/local/lib/python3.13/site-packages/starlette/routing.py", line 290, in handle
2026-09-10T18:11:16.064562147Z     await self.app(scope, receive, send)
2026-09-10T18:11:16.064566375Z   File "/usr/local/lib/python3.13/site-packages/fastapi/routing.py", line 134, in app
2026-09-10T18:11:16.064570573Z     await wrap_app_handling_exceptions(app, request)(scope, receive, send)
2026-09-10T18:11:16.064574852Z   File "/usr/local/lib/python3.13/site-packages/starlette/_exception_handler.py", line 53, in wrapped_app
2026-09-10T18:11:16.064579130Z     raise exc
2026-09-10T18:11:16.064583399Z   File "/usr/local/lib/python3.13/site-packages/starlette/_exception_handler.py", line 42, in wrapped_app
2026-09-10T18:11:16.064587637Z     await app(scope, receive, sender)
2026-09-10T18:11:16.064591926Z   File "/usr/local/lib/python3.13/site-packages/fastapi/routing.py", line 120, in app
2026-09-10T18:11:16.064596805Z     response = await f(request)
2026-09-10T18:11:16.064601074Z                ^^^^^^^^^^^^^^^^
2026-09-10T18:11:16.064605312Z   File "/usr/local/lib/python3.13/site-packages/fastapi/routing.py", line 674, in app
2026-09-10T18:11:16.064609540Z     raw_response = await run_endpoint_function(
2026-09-10T18:11:16.064613809Z                    ^^^^^^^^^^^^^^^^^^^^^^^^^^^^
2026-09-10T18:11:16.064619039Z     ...<3 lines>...
2026-09-10T18:11:16.064623418Z     )
2026-09-10T18:11:16.064627756Z     ^
2026-09-10T18:11:16.064632015Z   File "/usr/local/lib/python3.13/site-packages/fastapi/routing.py", line 330, in run_endpoint_function
2026-09-10T18:11:16.064636273Z     return await run_in_threadpool(dependant.call, **values)
2026-09-10T18:11:16.064640572Z            ^^^^^^^^^^^^^^^^^^^^^^^^^^^^^^^^^^^^^^^^^^^^^^^^^
2026-09-10T18:11:16.064721381Z   File "/usr/local/lib/python3.13/site-packages/starlette/concurrency.py", line 32, in run_in_threadpool
2026-09-10T18:11:16.064731832Z     return await anyio.to_thread.run_sync(func)
2026-09-10T18:11:16.064736331Z            ^^^^^^^^^^^^^^^^^^^^^^^^^^^^^^^^^^^^
2026-09-10T18:11:16.064740709Z   File "/usr/local/lib/python3.13/site-packages/anyio/to_thread.py", line 63, in run_sync
2026-09-10T18:11:16.064745058Z     return await get_async_backend().run_sync_in_worker_thread(
2026-09-10T18:11:16.064749356Z            ^^^^^^^^^^^^^^^^^^^^^^^^^^^^^^^^^^^^^^^^^^^^^^^^^^^^
2026-09-10T18:11:16.064753665Z         func, args, abandon_on_cancel=abandon_on_cancel, limiter=limiter
2026-09-10T18:11:16.064757903Z         ^^^^^^^^^^^^^^^^^^^^^^^^^^^^^^^^^^^^^^^^^^^^^^^^^^^^^^^^^^^^^^^^
2026-09-10T18:11:16.064762202Z     )
2026-09-10T18:11:16.064766490Z     ^
2026-09-10T18:11:16.064770839Z   File "/usr/local/lib/python3.13/site-packages/anyio/_backends/_asyncio.py", line 2518, in run_sync_in_worker_thread
2026-09-10T18:11:16.064773584Z     return await future
2026-09-10T18:11:16.064783604Z            ^^^^^^^^^^^^
2026-09-10T18:11:16.064785558Z   File "/usr/local/lib/python3.13/site-packages/anyio/_backends/_asyncio.py", line 1002, in run
2026-09-10T18:11:16.064787522Z     result = context.run(func, *args)
2026-09-10T18:11:16.064789435Z   File "/app/app/routers/orders.py", line 36, in checkout
2026-09-10T18:11:16.064791349Z     return create_order(
2026-09-10T18:11:16.064793263Z         db=db,
2026-09-10T18:11:16.064795177Z     ...<2 lines>...
2026-09-10T18:11:16.064797221Z         correlation_id=correlation_id,
2026-09-10T18:11:16.064799135Z     )
2026-09-10T18:11:16.064801078Z   File "/app/app/services/order_service.py", line 42, in create_order
2026-09-10T18:11:16.064802972Z     result = db.execute(
2026-09-10T18:11:16.064804876Z         select(ProductModel).where(ProductModel.id == product_id)
2026-09-10T18:11:16.064806760Z     )
2026-09-10T18:11:16.064808663Z   File "/usr/local/lib/python3.13/site-packages/sqlalchemy/orm/session.py", line 2372, in execute
2026-09-10T18:11:16.064810557Z     return self._execute_internal(
2026-09-10T18:11:16.064812531Z            ~~~~~~~~~~~~~~~~~~~~~~^
2026-09-10T18:11:16.064814435Z         statement,
2026-09-10T18:11:16.064816339Z         ^^^^^^^^^^
2026-09-10T18:11:16.064818222Z     ...<4 lines>...
2026-09-10T18:11:16.064820176Z         _add_event=_add_event,
2026-09-10T18:11:16.064822050Z         ^^^^^^^^^^^^^^^^^^^^^^
2026-09-10T18:11:16.064823984Z     )
2026-09-10T18:11:16.064825907Z     ^
2026-09-10T18:11:16.064827831Z   File "/usr/local/lib/python3.13/site-packages/sqlalchemy/orm/session.py", line 2260, in _execute_internal
2026-09-10T18:11:16.064829835Z     conn = self._connection_for_bind(bind)
2026-09-10T18:11:16.064831799Z   File "/usr/local/lib/python3.13/site-packages/sqlalchemy/orm/session.py", line 2112, in _connection_for_bind
2026-09-10T18:11:16.064833753Z     return trans._connection_for_bind(engine, execution_options)
2026-09-10T18:11:16.064835707Z            ~~~~~~~~~~~~~~~~~~~~~~~~~~^^^^^^^^^^^^^^^^^^^^^^^^^^^
2026-09-10T18:11:16.064837681Z   File "<string>", line 2, in _connection_for_bind
2026-09-10T18:11:16.064839625Z   File "/usr/local/lib/python3.13/site-packages/sqlalchemy/orm/state_changes.py", line 137, in _go
2026-09-10T18:11:16.064841548Z     ret_value = fn(self, *arg, **kw)
2026-09-10T18:11:16.064843562Z   File "/usr/local/lib/python3.13/site-packages/sqlalchemy/orm/session.py", line 1191, in _connection_for_bind
2026-09-10T18:11:16.064845476Z     conn = bind.connect()
2026-09-10T18:11:16.064848061Z   File "/usr/local/lib/python3.13/site-packages/opentelemetry/instrumentation/sqlalchemy/engine.py", line 200, in _wrap_connect_internal
2026-09-10T18:11:16.064849955Z     return func(*args, **kwargs)
2026-09-10T18:11:16.064852249Z   File "/usr/local/lib/python3.13/site-packages/sqlalchemy/engine/base.py", line 3295, in connect
2026-09-10T18:11:16.064854163Z     return self._connection_cls(self)
2026-09-10T18:11:16.064856057Z            ~~~~~~~~~~~~~~~~~~~~^^^^^^
2026-09-10T18:11:16.064858011Z   File "/usr/local/lib/python3.13/site-packages/sqlalchemy/engine/base.py", line 144, in __init__
2026-09-10T18:11:16.064860005Z     self._dbapi_connection = engine.raw_connection()
2026-09-10T18:11:16.064861889Z                              ~~~~~~~~~~~~~~~~~~~~~^^
2026-09-10T18:11:16.064863762Z   File "/usr/local/lib/python3.13/site-packages/sqlalchemy/engine/base.py", line 3319, in raw_connection
2026-09-10T18:11:16.064865646Z     return self.pool.connect()
2026-09-10T18:11:16.064870315Z            ~~~~~~~~~~~~~~~~~^^
2026-09-10T18:11:16.064872379Z   File "/usr/local/lib/python3.13/site-packages/sqlalchemy/pool/base.py", line 448, in connect
2026-09-10T18:11:16.064886507Z     return _ConnectionFairy._checkout(self)
2026-09-10T18:11:16.064888772Z            ~~~~~~~~~~~~~~~~~~~~~~~~~~^^^^^^
2026-09-10T18:11:16.064890745Z   File "/usr/local/lib/python3.13/site-packages/sqlalchemy/pool/base.py", line 1272, in _checkout
2026-09-10T18:11:16.064892699Z     fairy = _ConnectionRecord.checkout(pool)
2026-09-10T18:11:16.064894583Z   File "/usr/local/lib/python3.13/site-packages/sqlalchemy/pool/base.py", line 712, in checkout
2026-09-10T18:11:16.064896477Z     rec = pool._do_get()
2026-09-10T18:11:16.064898511Z   File "/usr/local/lib/python3.13/site-packages/sqlalchemy/pool/impl.py", line 167, in _do_get
2026-09-10T18:11:16.064900475Z     raise exc.TimeoutError(
2026-09-10T18:11:16.064902429Z     ...<4 lines>...
2026-09-10T18:11:16.064904593Z     )
2026-09-10T18:11:16.064907118Z sqlalchemy.exc.TimeoutError: QueuePool limit of size 5 overflow 10 reached, connection timed out, timeout 30.00 (Background on this error at: https://sqlalche.me/e/20/3o7r)
2026-09-10T18:11:16.074860479Z ERROR:    Exception in ASGI application
2026-09-10T18:11:16.074904005Z Traceback (most recent call last):
2026-09-10T18:11:16.074909426Z   File "/usr/local/lib/python3.13/site-packages/uvicorn/protocols/http/httptools_impl.py", line 421, in run_asgi
2026-09-10T18:11:16.074914105Z     result = await app(  # type: ignore[func-returns-value]
2026-09-10T18:11:16.074918053Z              ^^^^^^^^^^^^^^^^^^^^^^^^^^^^^^^^^^^^^^^^^^^^^^
2026-09-10T18:11:16.074922091Z         self.scope, self.receive, self.send
2026-09-10T18:11:16.074926329Z         ^^^^^^^^^^^^^^^^^^^^^^^^^^^^^^^^^^^
2026-09-10T18:11:16.074930327Z     )
2026-09-10T18:11:16.074934415Z     ^
2026-09-10T18:11:16.074938423Z   File "/usr/local/lib/python3.13/site-packages/uvicorn/middleware/proxy_headers.py", line 63, in __call__
2026-09-10T18:11:16.074942481Z     return await self.app(scope, receive, send)
2026-09-10T18:11:16.074946409Z            ^^^^^^^^^^^^^^^^^^^^^^^^^^^^^^^^^^^^
2026-09-10T18:11:16.074975266Z   File "/usr/local/lib/python3.13/site-packages/fastapi/applications.py", line 1159, in __call__
2026-09-10T18:11:16.074983492Z     await super().__call__(scope, receive, send)
2026-09-10T18:11:16.074987600Z   File "/usr/local/lib/python3.13/site-packages/starlette/applications.py", line 107, in __call__
2026-09-10T18:11:16.074991598Z     await self.middleware_stack(scope, receive, send)
2026-09-10T18:11:16.074995516Z   File "/usr/local/lib/python3.13/site-packages/starlette/middleware/errors.py", line 186, in __call__
2026-09-10T18:11:16.074999513Z     raise exc
2026-09-10T18:11:16.075003491Z   File "/usr/local/lib/python3.13/site-packages/starlette/middleware/errors.py", line 164, in __call__
2026-09-10T18:11:16.075007489Z     await self.app(scope, receive, _send)
2026-09-10T18:11:16.075012499Z   File "/usr/local/lib/python3.13/site-packages/opentelemetry/instrumentation/asgi/__init__.py", line 806, in __call__
2026-09-10T18:11:16.075016457Z     await self.app(scope, otel_receive, otel_send)
2026-09-10T18:11:16.075020465Z   File "/usr/local/lib/python3.13/site-packages/starlette/middleware/errors.py", line 186, in __call__
2026-09-10T18:11:16.075024433Z     raise exc
2026-09-10T18:11:16.075028340Z   File "/usr/local/lib/python3.13/site-packages/starlette/middleware/errors.py", line 164, in __call__
2026-09-10T18:11:16.075032348Z     await self.app(scope, receive, _send)
2026-09-10T18:11:16.075036306Z   File "/usr/local/lib/python3.13/site-packages/opentelemetry/instrumentation/fastapi/__init__.py", line 305, in __call__
2026-09-10T18:11:16.075040244Z     await self.app(scope, receive, send)
2026-09-10T18:11:16.075044172Z   File "/usr/local/lib/python3.13/site-packages/prometheus_fastapi_instrumentator/middleware.py", line 177, in __call__
2026-09-10T18:11:16.075076375Z     raise exc
2026-09-10T18:11:16.075080624Z   File "/usr/local/lib/python3.13/site-packages/prometheus_fastapi_instrumentator/middleware.py", line 175, in __call__
2026-09-10T18:11:16.075084581Z     await self.app(scope, receive, send_wrapper)
2026-09-10T18:11:16.075088539Z   File "/usr/local/lib/python3.13/site-packages/starlette/middleware/exceptions.py", line 63, in __call__
2026-09-10T18:11:16.075093218Z     await wrap_app_handling_exceptions(self.app, conn)(scope, receive, send)
2026-09-10T18:11:16.075097317Z   File "/usr/local/lib/python3.13/site-packages/starlette/_exception_handler.py", line 53, in wrapped_app
2026-09-10T18:11:16.075101254Z     raise exc
2026-09-10T18:11:16.075105232Z   File "/usr/local/lib/python3.13/site-packages/starlette/_exception_handler.py", line 42, in wrapped_app
2026-09-10T18:11:16.075109150Z     await app(scope, receive, sender)
2026-09-10T18:11:16.075113128Z   File "/usr/local/lib/python3.13/site-packages/fastapi/middleware/asyncexitstack.py", line 18, in __call__
2026-09-10T18:11:16.075117096Z     await self.app(scope, receive, send)
2026-09-10T18:11:16.075121063Z   File "/usr/local/lib/python3.13/site-packages/starlette/routing.py", line 716, in __call__
2026-09-10T18:11:16.075124981Z     await self.middleware_stack(scope, receive, send)
2026-09-10T18:11:16.075128909Z   File "/usr/local/lib/python3.13/site-packages/starlette/routing.py", line 736, in app
2026-09-10T18:11:16.075132827Z     await route.handle(scope, receive, send)
2026-09-10T18:11:16.075136754Z   File "/usr/local/lib/python3.13/site-packages/starlette/routing.py", line 290, in handle
2026-09-10T18:11:16.075140682Z     await self.app(scope, receive, send)
2026-09-10T18:11:16.075148518Z   File "/usr/local/lib/python3.13/site-packages/fastapi/routing.py", line 134, in app
2026-09-10T18:11:16.075152596Z     await wrap_app_handling_exceptions(app, request)(scope, receive, send)
2026-09-10T18:11:16.075156594Z   File "/usr/local/lib/python3.13/site-packages/starlette/_exception_handler.py", line 53, in wrapped_app
2026-09-10T18:11:16.075160571Z     raise exc
2026-09-10T18:11:16.075164539Z   File "/usr/local/lib/python3.13/site-packages/starlette/_exception_handler.py", line 42, in wrapped_app
2026-09-10T18:11:16.075168487Z     await app(scope, receive, sender)
2026-09-10T18:11:16.075172415Z   File "/usr/local/lib/python3.13/site-packages/fastapi/routing.py", line 120, in app
2026-09-10T18:11:16.075176783Z     response = await f(request)
2026-09-10T18:11:16.075180882Z                ^^^^^^^^^^^^^^^^
2026-09-10T18:11:16.075184849Z   File "/usr/local/lib/python3.13/site-packages/fastapi/routing.py", line 674, in app
2026-09-10T18:11:16.075188827Z     raw_response = await run_endpoint_function(
2026-09-10T18:11:16.075192785Z                    ^^^^^^^^^^^^^^^^^^^^^^^^^^^^
2026-09-10T18:11:16.075197424Z     ...<3 lines>...
2026-09-10T18:11:16.075201382Z     )
2026-09-10T18:11:16.075205360Z     ^
2026-09-10T18:11:16.075209298Z   File "/usr/local/lib/python3.13/site-packages/fastapi/routing.py", line 330, in run_endpoint_function
2026-09-10T18:11:16.075213255Z     return await run_in_threadpool(dependant.call, **values)
2026-09-10T18:11:16.075217223Z            ^^^^^^^^^^^^^^^^^^^^^^^^^^^^^^^^^^^^^^^^^^^^^^^^^
2026-09-10T18:11:16.075280839Z   File "/usr/local/lib/python3.13/site-packages/starlette/concurrency.py", line 32, in run_in_threadpool
2026-09-10T18:11:16.075290197Z     return await anyio.to_thread.run_sync(func)
2026-09-10T18:11:16.075294366Z            ^^^^^^^^^^^^^^^^^^^^^^^^^^^^^^^^^^^^
2026-09-10T18:11:16.075298303Z   File "/usr/local/lib/python3.13/site-packages/anyio/to_thread.py", line 63, in run_sync
2026-09-10T18:11:16.075318062Z     return await get_async_backend().run_sync_in_worker_thread(
2026-09-10T18:11:16.075322321Z            ^^^^^^^^^^^^^^^^^^^^^^^^^^^^^^^^^^^^^^^^^^^^^^^^^^^^
2026-09-10T18:11:16.075326208Z         func, args, abandon_on_cancel=abandon_on_cancel, limiter=limiter
2026-09-10T18:11:16.075330116Z         ^^^^^^^^^^^^^^^^^^^^^^^^^^^^^^^^^^^^^^^^^^^^^^^^^^^^^^^^^^^^^^^^
2026-09-10T18:11:16.075334034Z     )
2026-09-10T18:11:16.075337932Z     ^
2026-09-10T18:11:16.075341980Z   File "/usr/local/lib/python3.13/site-packages/anyio/_backends/_asyncio.py", line 2518, in run_sync_in_worker_thread
2026-09-10T18:11:16.075346068Z     return await future
2026-09-10T18:11:16.075349945Z            ^^^^^^^^^^^^
2026-09-10T18:11:16.075353873Z   File "/usr/local/lib/python3.13/site-packages/anyio/_backends/_asyncio.py", line 1002, in run
2026-09-10T18:11:16.075357761Z     result = context.run(func, *args)
2026-09-10T18:11:16.075361658Z   File "/app/app/routers/orders.py", line 36, in checkout
2026-09-10T18:11:16.075365526Z     return create_order(
2026-09-10T18:11:16.075369464Z         db=db,
2026-09-10T18:11:16.075373432Z     ...<2 lines>...
2026-09-10T18:11:16.075377380Z         correlation_id=correlation_id,
2026-09-10T18:11:16.075381317Z     )
2026-09-10T18:11:16.075385355Z   File "/app/app/services/order_service.py", line 42, in create_order
2026-09-10T18:11:16.075389273Z     result = db.execute(
2026-09-10T18:11:16.075393261Z         select(ProductModel).where(ProductModel.id == product_id)
2026-09-10T18:11:16.075397189Z     )
2026-09-10T18:11:16.075401066Z   File "/usr/local/lib/python3.13/site-packages/sqlalchemy/orm/session.py", line 2372, in execute
2026-09-10T18:11:16.075404974Z     return self._execute_internal(
2026-09-10T18:11:16.075408872Z            ~~~~~~~~~~~~~~~~~~~~~~^
2026-09-10T18:11:16.075412809Z         statement,
2026-09-10T18:11:16.075416918Z         ^^^^^^^^^^
2026-09-10T18:11:16.075420855Z     ...<4 lines>...
2026-09-10T18:11:16.075424793Z         _add_event=_add_event,
2026-09-10T18:11:16.075428651Z         ^^^^^^^^^^^^^^^^^^^^^^
2026-09-10T18:11:16.075432518Z     )
2026-09-10T18:11:16.075436386Z     ^
2026-09-10T18:11:16.075440304Z   File "/usr/local/lib/python3.13/site-packages/sqlalchemy/orm/session.py", line 2260, in _execute_internal
2026-09-10T18:11:16.075444221Z     conn = self._connection_for_bind(bind)
2026-09-10T18:11:16.075448300Z   File "/usr/local/lib/python3.13/site-packages/sqlalchemy/orm/session.py", line 2112, in _connection_for_bind
2026-09-10T18:11:16.075452297Z     return trans._connection_for_bind(engine, execution_options)
2026-09-10T18:11:16.075456195Z            ~~~~~~~~~~~~~~~~~~~~~~~~~~^^^^^^^^^^^^^^^^^^^^^^^^^^^
2026-09-10T18:11:16.075460083Z   File "<string>", line 2, in _connection_for_bind
2026-09-10T18:11:16.075464001Z   File "/usr/local/lib/python3.13/site-packages/sqlalchemy/orm/state_changes.py", line 137, in _go
2026-09-10T18:11:16.075467918Z     ret_value = fn(self, *arg, **kw)
2026-09-10T18:11:16.075471836Z   File "/usr/local/lib/python3.13/site-packages/sqlalchemy/orm/session.py", line 1191, in _connection_for_bind
2026-09-10T18:11:16.075478529Z     conn = bind.connect()
2026-09-10T18:11:16.075483389Z   File "/usr/local/lib/python3.13/site-packages/opentelemetry/instrumentation/sqlalchemy/engine.py", line 200, in _wrap_connect_internal
2026-09-10T18:11:16.075489741Z     return func(*args, **kwargs)
2026-09-10T18:11:16.075532997Z   File "/usr/local/lib/python3.13/site-packages/sqlalchemy/engine/base.py", line 3295, in connect
2026-09-10T18:11:16.075539399Z     return self._connection_cls(self)
2026-09-10T18:11:16.075558928Z            ~~~~~~~~~~~~~~~~~~~~^^^^^^
2026-09-10T18:11:16.075563016Z   File "/usr/local/lib/python3.13/site-packages/sqlalchemy/engine/base.py", line 144, in __init__
2026-09-10T18:11:16.075566964Z     self._dbapi_connection = engine.raw_connection()
2026-09-10T18:11:16.075570872Z                              ~~~~~~~~~~~~~~~~~~~~~^^
2026-09-10T18:11:16.075574910Z   File "/usr/local/lib/python3.13/site-packages/sqlalchemy/engine/base.py", line 3319, in raw_connection
2026-09-10T18:11:16.075578847Z     return self.pool.connect()
2026-09-10T18:11:16.075582865Z            ~~~~~~~~~~~~~~~~~^^
2026-09-10T18:11:16.075586863Z   File "/usr/local/lib/python3.13/site-packages/sqlalchemy/pool/base.py", line 448, in connect
2026-09-10T18:11:16.075590731Z     return _ConnectionFairy._checkout(self)
2026-09-10T18:11:16.075594709Z            ~~~~~~~~~~~~~~~~~~~~~~~~~~^^^^^^
2026-09-10T18:11:16.075598686Z   File "/usr/local/lib/python3.13/site-packages/sqlalchemy/pool/base.py", line 1272, in _checkout
2026-09-10T18:11:16.075602584Z     fairy = _ConnectionRecord.checkout(pool)
2026-09-10T18:11:16.075606502Z   File "/usr/local/lib/python3.13/site-packages/sqlalchemy/pool/base.py", line 712, in checkout
2026-09-10T18:11:16.075610440Z     rec = pool._do_get()
2026-09-10T18:11:16.075614367Z   File "/usr/local/lib/python3.13/site-packages/sqlalchemy/pool/impl.py", line 167, in _do_get
2026-09-10T18:11:16.075618255Z     raise exc.TimeoutError(
2026-09-10T18:11:16.075622133Z     ...<4 lines>...
2026-09-10T18:11:16.075626020Z     )
2026-09-10T18:11:16.075630700Z sqlalchemy.exc.TimeoutError: QueuePool limit of size 5 overflow 10 reached, connection timed out, timeout 30.00 (Background on this error at: https://sqlalche.me/e/20/3o7r)
2026-09-10T18:11:16.082041867Z ERROR:    Exception in ASGI application
2026-09-10T18:11:16.082081225Z Traceback (most recent call last):
2026-09-10T18:11:16.082084691Z   File "/usr/local/lib/python3.13/site-packages/uvicorn/protocols/http/httptools_impl.py", line 421, in run_asgi
2026-09-10T18:11:16.082087357Z     result = await app(  # type: ignore[func-returns-value]
2026-09-10T18:11:16.082089551Z              ^^^^^^^^^^^^^^^^^^^^^^^^^^^^^^^^^^^^^^^^^^^^^^
2026-09-10T18:11:16.082091765Z         self.scope, self.receive, self.send
2026-09-10T18:11:16.082093689Z         ^^^^^^^^^^^^^^^^^^^^^^^^^^^^^^^^^^^
2026-09-10T18:11:16.082095773Z     )
2026-09-10T18:11:16.082097817Z     ^
2026-09-10T18:11:16.082099861Z   File "/usr/local/lib/python3.13/site-packages/uvicorn/middleware/proxy_headers.py", line 63, in __call__
2026-09-10T18:11:16.082101986Z     return await self.app(scope, receive, send)
2026-09-10T18:11:16.082104310Z            ^^^^^^^^^^^^^^^^^^^^^^^^^^^^^^^^^^^^
2026-09-10T18:11:16.082107266Z   File "/usr/local/lib/python3.13/site-packages/fastapi/applications.py", line 1159, in __call__
2026-09-10T18:11:16.082109520Z     await super().__call__(scope, receive, send)
2026-09-10T18:11:16.082111584Z   File "/usr/local/lib/python3.13/site-packages/starlette/applications.py", line 107, in __call__
2026-09-10T18:11:16.082113608Z     await self.middleware_stack(scope, receive, send)
2026-09-10T18:11:16.082115733Z   File "/usr/local/lib/python3.13/site-packages/starlette/middleware/errors.py", line 186, in __call__
2026-09-10T18:11:16.082117727Z     raise exc
2026-09-10T18:11:16.082119791Z   File "/usr/local/lib/python3.13/site-packages/starlette/middleware/errors.py", line 164, in __call__
2026-09-10T18:11:16.082122045Z     await self.app(scope, receive, _send)
2026-09-10T18:11:16.082124931Z   File "/usr/local/lib/python3.13/site-packages/opentelemetry/instrumentation/asgi/__init__.py", line 806, in __call__
2026-09-10T18:11:16.082148347Z     await self.app(scope, otel_receive, otel_send)
2026-09-10T18:11:16.082150411Z   File "/usr/local/lib/python3.13/site-packages/starlette/middleware/errors.py", line 186, in __call__
2026-09-10T18:11:16.082152405Z     raise exc
2026-09-10T18:11:16.082154319Z   File "/usr/local/lib/python3.13/site-packages/starlette/middleware/errors.py", line 164, in __call__
2026-09-10T18:11:16.082156263Z     await self.app(scope, receive, _send)
2026-09-10T18:11:16.082158367Z   File "/usr/local/lib/python3.13/site-packages/opentelemetry/instrumentation/fastapi/__init__.py", line 305, in __call__
2026-09-10T18:11:16.082160291Z     await self.app(scope, receive, send)
2026-09-10T18:11:16.082162455Z   File "/usr/local/lib/python3.13/site-packages/prometheus_fastapi_instrumentator/middleware.py", line 177, in __call__
2026-09-10T18:11:16.082164369Z     raise exc
2026-09-10T18:11:16.082166282Z   File "/usr/local/lib/python3.13/site-packages/prometheus_fastapi_instrumentator/middleware.py", line 175, in __call__
2026-09-10T18:11:16.082168176Z     await self.app(scope, receive, send_wrapper)
2026-09-10T18:11:16.082170130Z   File "/usr/local/lib/python3.13/site-packages/starlette/middleware/exceptions.py", line 63, in __call__
2026-09-10T18:11:16.082172815Z     await wrap_app_handling_exceptions(self.app, conn)(scope, receive, send)
2026-09-10T18:11:16.082174759Z   File "/usr/local/lib/python3.13/site-packages/starlette/_exception_handler.py", line 53, in wrapped_app
2026-09-10T18:11:16.082177124Z     raise exc
2026-09-10T18:11:16.082182504Z   File "/usr/local/lib/python3.13/site-packages/starlette/_exception_handler.py", line 42, in wrapped_app
2026-09-10T18:11:16.082184468Z     await app(scope, receive, sender)
2026-09-10T18:11:16.082186382Z   File "/usr/local/lib/python3.13/site-packages/fastapi/middleware/asyncexitstack.py", line 18, in __call__
2026-09-10T18:11:16.082188316Z     await self.app(scope, receive, send)
2026-09-10T18:11:16.082190300Z   File "/usr/local/lib/python3.13/site-packages/starlette/routing.py", line 716, in __call__
2026-09-10T18:11:16.082192344Z     await self.middleware_stack(scope, receive, send)
2026-09-10T18:11:16.082194278Z   File "/usr/local/lib/python3.13/site-packages/starlette/routing.py", line 736, in app
2026-09-10T18:11:16.082196181Z     await route.handle(scope, receive, send)
2026-09-10T18:11:16.082198145Z   File "/usr/local/lib/python3.13/site-packages/starlette/routing.py", line 290, in handle
2026-09-10T18:11:16.082200039Z     await self.app(scope, receive, send)
2026-09-10T18:11:16.082202013Z   File "/usr/local/lib/python3.13/site-packages/fastapi/routing.py", line 134, in app
2026-09-10T18:11:16.082203987Z     await wrap_app_handling_exceptions(app, request)(scope, receive, send)
2026-09-10T18:11:16.082205991Z   File "/usr/local/lib/python3.13/site-packages/starlette/_exception_handler.py", line 53, in wrapped_app
2026-09-10T18:11:16.082207905Z     raise exc
2026-09-10T18:11:16.082209848Z   File "/usr/local/lib/python3.13/site-packages/starlette/_exception_handler.py", line 42, in wrapped_app
2026-09-10T18:11:16.082211752Z     await app(scope, receive, sender)
2026-09-10T18:11:16.082213696Z   File "/usr/local/lib/python3.13/site-packages/fastapi/routing.py", line 120, in app
2026-09-10T18:11:16.082216572Z     response = await f(request)
2026-09-10T18:11:16.082218506Z                ^^^^^^^^^^^^^^^^
2026-09-10T18:11:16.082220409Z   File "/usr/local/lib/python3.13/site-packages/fastapi/routing.py", line 674, in app
2026-09-10T18:11:16.082222353Z     raw_response = await run_endpoint_function(
2026-09-10T18:11:16.082224277Z                    ^^^^^^^^^^^^^^^^^^^^^^^^^^^^
2026-09-10T18:11:16.082226972Z     ...<3 lines>...
2026-09-10T18:11:16.082228866Z     )
2026-09-10T18:11:16.082235519Z     ^
2026-09-10T18:11:16.082237473Z   File "/usr/local/lib/python3.13/site-packages/fastapi/routing.py", line 330, in run_endpoint_function
2026-09-10T18:11:16.082239407Z     return await run_in_threadpool(dependant.call, **values)
2026-09-10T18:11:16.082243224Z            ^^^^^^^^^^^^^^^^^^^^^^^^^^^^^^^^^^^^^^^^^^^^^^^^^
2026-09-10T18:11:16.082275498Z   File "/usr/local/lib/python3.13/site-packages/starlette/concurrency.py", line 32, in run_in_threadpool
2026-09-10T18:11:16.082280027Z     return await anyio.to_thread.run_sync(func)
2026-09-10T18:11:16.082282061Z            ^^^^^^^^^^^^^^^^^^^^^^^^^^^^^^^^^^^^
2026-09-10T18:11:16.082283975Z   File "/usr/local/lib/python3.13/site-packages/anyio/to_thread.py", line 63, in run_sync
2026-09-10T18:11:16.082285889Z     return await get_async_backend().run_sync_in_worker_thread(
2026-09-10T18:11:16.082287802Z            ^^^^^^^^^^^^^^^^^^^^^^^^^^^^^^^^^^^^^^^^^^^^^^^^^^^^
2026-09-10T18:11:16.082289726Z         func, args, abandon_on_cancel=abandon_on_cancel, limiter=limiter
2026-09-10T18:11:16.082291690Z         ^^^^^^^^^^^^^^^^^^^^^^^^^^^^^^^^^^^^^^^^^^^^^^^^^^^^^^^^^^^^^^^^
2026-09-10T18:11:16.082293614Z     )
2026-09-10T18:11:16.082295518Z     ^
2026-09-10T18:11:16.082297421Z   File "/usr/local/lib/python3.13/site-packages/anyio/_backends/_asyncio.py", line 2518, in run_sync_in_worker_thread
2026-09-10T18:11:16.082299455Z     return await future
2026-09-10T18:11:16.082301409Z            ^^^^^^^^^^^^
2026-09-10T18:11:16.082303283Z   File "/usr/local/lib/python3.13/site-packages/anyio/_backends/_asyncio.py", line 1002, in run
2026-09-10T18:11:16.082305167Z     result = context.run(func, *args)
2026-09-10T18:11:16.082307181Z   File "/app/app/routers/orders.py", line 36, in checkout
2026-09-10T18:11:16.082309074Z     return create_order(
2026-09-10T18:11:16.082310978Z         db=db,
2026-09-10T18:11:16.082312902Z     ...<2 lines>...
2026-09-10T18:11:16.082314836Z         correlation_id=correlation_id,
2026-09-10T18:11:16.082316890Z     )
2026-09-10T18:11:16.082318824Z   File "/app/app/services/order_service.py", line 42, in create_order
2026-09-10T18:11:16.082320737Z     result = db.execute(
2026-09-10T18:11:16.082322852Z         select(ProductModel).where(ProductModel.id == product_id)
2026-09-10T18:11:16.082324725Z     )
2026-09-10T18:11:16.082326639Z   File "/usr/local/lib/python3.13/site-packages/sqlalchemy/orm/session.py", line 2372, in execute
2026-09-10T18:11:16.082328553Z     return self._execute_internal(
2026-09-10T18:11:16.082330467Z            ~~~~~~~~~~~~~~~~~~~~~~^
2026-09-10T18:11:16.082332380Z         statement,
2026-09-10T18:11:16.082334304Z         ^^^^^^^^^^
2026-09-10T18:11:16.082336198Z     ...<4 lines>...
2026-09-10T18:11:16.082338092Z         _add_event=_add_event,
2026-09-10T18:11:16.082339985Z         ^^^^^^^^^^^^^^^^^^^^^^
2026-09-10T18:11:16.082341889Z     )
2026-09-10T18:11:16.082343773Z     ^
2026-09-10T18:11:16.082345677Z   File "/usr/local/lib/python3.13/site-packages/sqlalchemy/orm/session.py", line 2260, in _execute_internal
2026-09-10T18:11:16.082347590Z     conn = self._connection_for_bind(bind)
2026-09-10T18:11:16.082349494Z   File "/usr/local/lib/python3.13/site-packages/sqlalchemy/orm/session.py", line 2112, in _connection_for_bind
2026-09-10T18:11:16.082351398Z     return trans._connection_for_bind(engine, execution_options)
2026-09-10T18:11:16.082353312Z            ~~~~~~~~~~~~~~~~~~~~~~~~~~^^^^^^^^^^^^^^^^^^^^^^^^^^^
2026-09-10T18:11:16.082355256Z   File "<string>", line 2, in _connection_for_bind
2026-09-10T18:11:16.082357159Z   File "/usr/local/lib/python3.13/site-packages/sqlalchemy/orm/state_changes.py", line 137, in _go
2026-09-10T18:11:16.082366828Z     ret_value = fn(self, *arg, **kw)
2026-09-10T18:11:16.082368822Z   File "/usr/local/lib/python3.13/site-packages/sqlalchemy/orm/session.py", line 1191, in _connection_for_bind
2026-09-10T18:11:16.082370716Z     conn = bind.connect()
2026-09-10T18:11:16.082373401Z   File "/usr/local/lib/python3.13/site-packages/opentelemetry/instrumentation/sqlalchemy/engine.py", line 200, in _wrap_connect_internal
2026-09-10T18:11:16.082375325Z     return func(*args, **kwargs)
2026-09-10T18:11:16.082377259Z   File "/usr/local/lib/python3.13/site-packages/sqlalchemy/engine/base.py", line 3295, in connect
2026-09-10T18:11:16.082379153Z     return self._connection_cls(self)
2026-09-10T18:11:16.082381046Z            ~~~~~~~~~~~~~~~~~~~~^^^^^^
2026-09-10T18:11:16.082382960Z   File "/usr/local/lib/python3.13/site-packages/sqlalchemy/engine/base.py", line 144, in __init__
2026-09-10T18:11:16.082384884Z     self._dbapi_connection = engine.raw_connection()
2026-09-10T18:11:16.082386768Z                              ~~~~~~~~~~~~~~~~~~~~~^^
2026-09-10T18:11:16.082388672Z   File "/usr/local/lib/python3.13/site-packages/sqlalchemy/engine/base.py", line 3319, in raw_connection
2026-09-10T18:11:16.082390575Z     return self.pool.connect()
2026-09-10T18:11:16.082392489Z            ~~~~~~~~~~~~~~~~~^^
2026-09-10T18:11:16.082394403Z   File "/usr/local/lib/python3.13/site-packages/sqlalchemy/pool/base.py", line 448, in connect
2026-09-10T18:11:16.082396307Z     return _ConnectionFairy._checkout(self)
2026-09-10T18:11:16.082398210Z            ~~~~~~~~~~~~~~~~~~~~~~~~~~^^^^^^
2026-09-10T18:11:16.082400124Z   File "/usr/local/lib/python3.13/site-packages/sqlalchemy/pool/base.py", line 1272, in _checkout
2026-09-10T18:11:16.082402018Z     fairy = _ConnectionRecord.checkout(pool)
2026-09-10T18:11:16.082403902Z   File "/usr/local/lib/python3.13/site-packages/sqlalchemy/pool/base.py", line 712, in checkout
2026-09-10T18:11:16.082405815Z     rec = pool._do_get()
2026-09-10T18:11:16.082407719Z   File "/usr/local/lib/python3.13/site-packages/sqlalchemy/pool/impl.py", line 167, in _do_get
2026-09-10T18:11:16.082409613Z     raise exc.TimeoutError(
2026-09-10T18:11:16.082411517Z     ...<4 lines>...
2026-09-10T18:11:16.082413400Z     )
2026-09-10T18:11:16.082416276Z sqlalchemy.exc.TimeoutError: QueuePool limit of size 5 overflow 10 reached, connection timed out, timeout 30.00 (Background on this error at: https://sqlalche.me/e/20/3o7r)
2026-09-10T18:11:16.153974136Z ERROR:    Exception in ASGI application
2026-09-10T18:11:16.154003204Z Traceback (most recent call last):
2026-09-10T18:11:16.154006180Z   File "/usr/local/lib/python3.13/site-packages/uvicorn/protocols/http/httptools_impl.py", line 421, in run_asgi
2026-09-10T18:11:16.154008554Z     result = await app(  # type: ignore[func-returns-value]
2026-09-10T18:11:16.154010498Z              ^^^^^^^^^^^^^^^^^^^^^^^^^^^^^^^^^^^^^^^^^^^^^^
2026-09-10T18:11:16.154012412Z         self.scope, self.receive, self.send
2026-09-10T18:11:16.154014316Z         ^^^^^^^^^^^^^^^^^^^^^^^^^^^^^^^^^^^
2026-09-10T18:11:16.154016249Z     )
2026-09-10T18:11:16.154018253Z     ^
2026-09-10T18:11:16.154020267Z   File "/usr/local/lib/python3.13/site-packages/uvicorn/middleware/proxy_headers.py", line 63, in __call__
2026-09-10T18:11:16.154022271Z     return await self.app(scope, receive, send)
2026-09-10T18:11:16.154024185Z            ^^^^^^^^^^^^^^^^^^^^^^^^^^^^^^^^^^^^
2026-09-10T18:11:16.154026630Z   File "/usr/local/lib/python3.13/site-packages/fastapi/applications.py", line 1159, in __call__
2026-09-10T18:11:16.154028564Z     await super().__call__(scope, receive, send)
2026-09-10T18:11:16.154030467Z   File "/usr/local/lib/python3.13/site-packages/starlette/applications.py", line 107, in __call__
2026-09-10T18:11:16.154054074Z     await self.middleware_stack(scope, receive, send)
2026-09-10T18:11:16.154056920Z   File "/usr/local/lib/python3.13/site-packages/starlette/middleware/errors.py", line 186, in __call__
2026-09-10T18:11:16.154059274Z     raise exc
2026-09-10T18:11:16.154061238Z   File "/usr/local/lib/python3.13/site-packages/starlette/middleware/errors.py", line 164, in __call__
2026-09-10T18:11:16.154063683Z     await self.app(scope, receive, _send)
2026-09-10T18:11:16.154066839Z   File "/usr/local/lib/python3.13/site-packages/opentelemetry/instrumentation/asgi/__init__.py", line 806, in __call__
2026-09-10T18:11:16.154069324Z     await self.app(scope, otel_receive, otel_send)
2026-09-10T18:11:16.154071719Z   File "/usr/local/lib/python3.13/site-packages/starlette/middleware/errors.py", line 186, in __call__
2026-09-10T18:11:16.154073833Z     raise exc
2026-09-10T18:11:16.154075727Z   File "/usr/local/lib/python3.13/site-packages/starlette/middleware/errors.py", line 164, in __call__
2026-09-10T18:11:16.154077621Z     await self.app(scope, receive, _send)
2026-09-10T18:11:16.154079514Z   File "/usr/local/lib/python3.13/site-packages/opentelemetry/instrumentation/fastapi/__init__.py", line 305, in __call__
2026-09-10T18:11:16.154081468Z     await self.app(scope, receive, send)
2026-09-10T18:11:16.154083372Z   File "/usr/local/lib/python3.13/site-packages/prometheus_fastapi_instrumentator/middleware.py", line 177, in __call__
2026-09-10T18:11:16.154085296Z     raise exc
2026-09-10T18:11:16.154087179Z   File "/usr/local/lib/python3.13/site-packages/prometheus_fastapi_instrumentator/middleware.py", line 175, in __call__
2026-09-10T18:11:16.154089073Z     await self.app(scope, receive, send_wrapper)
2026-09-10T18:11:16.154090957Z   File "/usr/local/lib/python3.13/site-packages/starlette/middleware/exceptions.py", line 63, in __call__
2026-09-10T18:11:16.154093171Z     await wrap_app_handling_exceptions(self.app, conn)(scope, receive, send)
2026-09-10T18:11:16.154095085Z   File "/usr/local/lib/python3.13/site-packages/starlette/_exception_handler.py", line 53, in wrapped_app
2026-09-10T18:11:16.154096949Z     raise exc
2026-09-10T18:11:16.154098832Z   File "/usr/local/lib/python3.13/site-packages/starlette/_exception_handler.py", line 42, in wrapped_app
2026-09-10T18:11:16.154100706Z     await app(scope, receive, sender)
2026-09-10T18:11:16.154102590Z   File "/usr/local/lib/python3.13/site-packages/fastapi/middleware/asyncexitstack.py", line 18, in __call__
2026-09-10T18:11:16.154104504Z     await self.app(scope, receive, send)
2026-09-10T18:11:16.154106387Z   File "/usr/local/lib/python3.13/site-packages/starlette/routing.py", line 716, in __call__
2026-09-10T18:11:16.154108271Z     await self.middleware_stack(scope, receive, send)
2026-09-10T18:11:16.154110185Z   File "/usr/local/lib/python3.13/site-packages/starlette/routing.py", line 736, in app
2026-09-10T18:11:16.154112089Z     await route.handle(scope, receive, send)
2026-09-10T18:11:16.154113992Z   File "/usr/local/lib/python3.13/site-packages/starlette/routing.py", line 290, in handle
2026-09-10T18:11:16.154115906Z     await self.app(scope, receive, send)
2026-09-10T18:11:16.154117800Z   File "/usr/local/lib/python3.13/site-packages/fastapi/routing.py", line 134, in app
2026-09-10T18:11:16.154119704Z     await wrap_app_handling_exceptions(app, request)(scope, receive, send)
2026-09-10T18:11:16.154121607Z   File "/usr/local/lib/python3.13/site-packages/starlette/_exception_handler.py", line 53, in wrapped_app
2026-09-10T18:11:16.154123501Z     raise exc
2026-09-10T18:11:16.154125425Z   File "/usr/local/lib/python3.13/site-packages/starlette/_exception_handler.py", line 42, in wrapped_app
2026-09-10T18:11:16.154132870Z     await app(scope, receive, sender)
2026-09-10T18:11:16.154134844Z   File "/usr/local/lib/python3.13/site-packages/fastapi/routing.py", line 120, in app
2026-09-10T18:11:16.154137469Z     response = await f(request)
2026-09-10T18:11:16.154139373Z                ^^^^^^^^^^^^^^^^
2026-09-10T18:11:16.154141256Z   File "/usr/local/lib/python3.13/site-packages/fastapi/routing.py", line 674, in app
2026-09-10T18:11:16.154143160Z     raw_response = await run_endpoint_function(
2026-09-10T18:11:16.154145064Z                    ^^^^^^^^^^^^^^^^^^^^^^^^^^^^
2026-09-10T18:11:16.154147769Z     ...<3 lines>...
2026-09-10T18:11:16.154149683Z     )
2026-09-10T18:11:16.154151657Z     ^
2026-09-10T18:11:16.154153571Z   File "/usr/local/lib/python3.13/site-packages/fastapi/routing.py", line 330, in run_endpoint_function
2026-09-10T18:11:16.154155464Z     return await run_in_threadpool(dependant.call, **values)
2026-09-10T18:11:16.154157368Z            ^^^^^^^^^^^^^^^^^^^^^^^^^^^^^^^^^^^^^^^^^^^^^^^^^
2026-09-10T18:11:16.154161596Z   File "/usr/local/lib/python3.13/site-packages/starlette/concurrency.py", line 32, in run_in_threadpool
2026-09-10T18:11:16.154163640Z     return await anyio.to_thread.run_sync(func)
2026-09-10T18:11:16.154165614Z            ^^^^^^^^^^^^^^^^^^^^^^^^^^^^^^^^^^^^
2026-09-10T18:11:16.154167528Z   File "/usr/local/lib/python3.13/site-packages/anyio/to_thread.py", line 63, in run_sync
2026-09-10T18:11:16.154169412Z     return await get_async_backend().run_sync_in_worker_thread(
2026-09-10T18:11:16.154171296Z            ^^^^^^^^^^^^^^^^^^^^^^^^^^^^^^^^^^^^^^^^^^^^^^^^^^^^
2026-09-10T18:11:16.154173189Z         func, args, abandon_on_cancel=abandon_on_cancel, limiter=limiter
2026-09-10T18:11:16.154175083Z         ^^^^^^^^^^^^^^^^^^^^^^^^^^^^^^^^^^^^^^^^^^^^^^^^^^^^^^^^^^^^^^^^
2026-09-10T18:11:16.154176997Z     )
2026-09-10T18:11:16.154178951Z     ^
2026-09-10T18:11:16.154180864Z   File "/usr/local/lib/python3.13/site-packages/anyio/_backends/_asyncio.py", line 2518, in run_sync_in_worker_thread
2026-09-10T18:11:16.154182768Z     return await future
2026-09-10T18:11:16.154184672Z            ^^^^^^^^^^^^
2026-09-10T18:11:16.154186566Z   File "/usr/local/lib/python3.13/site-packages/anyio/_backends/_asyncio.py", line 1002, in run
2026-09-10T18:11:16.154188479Z     result = context.run(func, *args)
2026-09-10T18:11:16.154190744Z   File "/app/app/routers/orders.py", line 36, in checkout
2026-09-10T18:11:16.154192658Z     return create_order(
2026-09-10T18:11:16.154194602Z         db=db,
2026-09-10T18:11:16.154196545Z     ...<2 lines>...
2026-09-10T18:11:16.154198459Z         correlation_id=correlation_id,
2026-09-10T18:11:16.154200363Z     )
2026-09-10T18:11:16.154202307Z   File "/app/app/services/order_service.py", line 42, in create_order
2026-09-10T18:11:16.154204211Z     result = db.execute(
2026-09-10T18:11:16.154206104Z         select(ProductModel).where(ProductModel.id == product_id)
2026-09-10T18:11:16.154208018Z     )
2026-09-10T18:11:16.154209922Z   File "/usr/local/lib/python3.13/site-packages/sqlalchemy/orm/session.py", line 2372, in execute
2026-09-10T18:11:16.154211846Z     return self._execute_internal(
2026-09-10T18:11:16.154214130Z            ~~~~~~~~~~~~~~~~~~~~~~^
2026-09-10T18:11:16.154216064Z         statement,
2026-09-10T18:11:16.154217978Z         ^^^^^^^^^^
2026-09-10T18:11:16.154219861Z     ...<4 lines>...
2026-09-10T18:11:16.154221755Z         _add_event=_add_event,
2026-09-10T18:11:16.154223639Z         ^^^^^^^^^^^^^^^^^^^^^^
2026-09-10T18:11:16.154225553Z     )
2026-09-10T18:11:16.154227456Z     ^
2026-09-10T18:11:16.154234120Z   File "/usr/local/lib/python3.13/site-packages/sqlalchemy/orm/session.py", line 2260, in _execute_internal
2026-09-10T18:11:16.154236134Z     conn = self._connection_for_bind(bind)
2026-09-10T18:11:16.154238057Z   File "/usr/local/lib/python3.13/site-packages/sqlalchemy/orm/session.py", line 2112, in _connection_for_bind
2026-09-10T18:11:16.154239991Z     return trans._connection_for_bind(engine, execution_options)
2026-09-10T18:11:16.154241885Z            ~~~~~~~~~~~~~~~~~~~~~~~~~~^^^^^^^^^^^^^^^^^^^^^^^^^^^
2026-09-10T18:11:16.154243779Z   File "<string>", line 2, in _connection_for_bind
2026-09-10T18:11:16.154245702Z   File "/usr/local/lib/python3.13/site-packages/sqlalchemy/orm/state_changes.py", line 137, in _go
2026-09-10T18:11:16.154247606Z     ret_value = fn(self, *arg, **kw)
2026-09-10T18:11:16.154249510Z   File "/usr/local/lib/python3.13/site-packages/sqlalchemy/orm/session.py", line 1191, in _connection_for_bind
2026-09-10T18:11:16.154251404Z     conn = bind.connect()
2026-09-10T18:11:16.154253969Z   File "/usr/local/lib/python3.13/site-packages/opentelemetry/instrumentation/sqlalchemy/engine.py", line 200, in _wrap_connect_internal
2026-09-10T18:11:16.154255893Z     return func(*args, **kwargs)
2026-09-10T18:11:16.154257846Z   File "/usr/local/lib/python3.13/site-packages/sqlalchemy/engine/base.py", line 3295, in connect
2026-09-10T18:11:16.154259800Z     return self._connection_cls(self)
2026-09-10T18:11:16.154261834Z            ~~~~~~~~~~~~~~~~~~~~^^^^^^
2026-09-10T18:11:16.154263728Z   File "/usr/local/lib/python3.13/site-packages/sqlalchemy/engine/base.py", line 144, in __init__
2026-09-10T18:11:16.154265662Z     self._dbapi_connection = engine.raw_connection()
2026-09-10T18:11:16.154267866Z                              ~~~~~~~~~~~~~~~~~~~~~^^
2026-09-10T18:11:16.154269770Z   File "/usr/local/lib/python3.13/site-packages/sqlalchemy/engine/base.py", line 3319, in raw_connection
2026-09-10T18:11:16.154271724Z     return self.pool.connect()
2026-09-10T18:11:16.154273638Z            ~~~~~~~~~~~~~~~~~^^
2026-09-10T18:11:16.154276052Z   File "/usr/local/lib/python3.13/site-packages/sqlalchemy/pool/base.py", line 448, in connect
2026-09-10T18:11:16.154277986Z     return _ConnectionFairy._checkout(self)
2026-09-10T18:11:16.154279890Z            ~~~~~~~~~~~~~~~~~~~~~~~~~~^^^^^^
2026-09-10T18:11:16.154281784Z   File "/usr/local/lib/python3.13/site-packages/sqlalchemy/pool/base.py", line 1272, in _checkout
2026-09-10T18:11:16.154283687Z     fairy = _ConnectionRecord.checkout(pool)
2026-09-10T18:11:16.154285581Z   File "/usr/local/lib/python3.13/site-packages/sqlalchemy/pool/base.py", line 712, in checkout
2026-09-10T18:11:16.154287485Z     rec = pool._do_get()
2026-09-10T18:11:16.154289429Z   File "/usr/local/lib/python3.13/site-packages/sqlalchemy/pool/impl.py", line 167, in _do_get
2026-09-10T18:11:16.154291323Z     raise exc.TimeoutError(
2026-09-10T18:11:16.154293246Z     ...<4 lines>...
2026-09-10T18:11:16.154295170Z     )
2026-09-10T18:11:16.154297695Z sqlalchemy.exc.TimeoutError: QueuePool limit of size 5 overflow 10 reached, connection timed out, timeout 30.00 (Background on this error at: https://sqlalche.me/e/20/3o7r)
2026-09-10T18:11:16.161230380Z ERROR:    Exception in ASGI application
2026-09-10T18:11:16.161271351Z Traceback (most recent call last):
2026-09-10T18:11:16.161276852Z   File "/usr/local/lib/python3.13/site-packages/uvicorn/protocols/http/httptools_impl.py", line 421, in run_asgi
2026-09-10T18:11:16.161282172Z     result = await app(  # type: ignore[func-returns-value]
2026-09-10T18:11:16.161286762Z              ^^^^^^^^^^^^^^^^^^^^^^^^^^^^^^^^^^^^^^^^^^^^^^
2026-09-10T18:11:16.161291230Z         self.scope, self.receive, self.send
2026-09-10T18:11:16.161322582Z         ^^^^^^^^^^^^^^^^^^^^^^^^^^^^^^^^^^^
2026-09-10T18:11:16.161327201Z     )
2026-09-10T18:11:16.161331600Z     ^
2026-09-10T18:11:16.161336099Z   File "/usr/local/lib/python3.13/site-packages/uvicorn/middleware/proxy_headers.py", line 63, in __call__
2026-09-10T18:11:16.161340468Z     return await self.app(scope, receive, send)
2026-09-10T18:11:16.161344776Z            ^^^^^^^^^^^^^^^^^^^^^^^^^^^^^^^^^^^^
2026-09-10T18:11:16.161349686Z   File "/usr/local/lib/python3.13/site-packages/fastapi/applications.py", line 1159, in __call__
2026-09-10T18:11:16.161353974Z     await super().__call__(scope, receive, send)
2026-09-10T18:11:16.161358273Z   File "/usr/local/lib/python3.13/site-packages/starlette/applications.py", line 107, in __call__
2026-09-10T18:11:16.161362551Z     await self.middleware_stack(scope, receive, send)
2026-09-10T18:11:16.161366880Z   File "/usr/local/lib/python3.13/site-packages/starlette/middleware/errors.py", line 186, in __call__
2026-09-10T18:11:16.161371248Z     raise exc
2026-09-10T18:11:16.161375577Z   File "/usr/local/lib/python3.13/site-packages/starlette/middleware/errors.py", line 164, in __call__
2026-09-10T18:11:16.161379885Z     await self.app(scope, receive, _send)
2026-09-10T18:11:16.161384595Z   File "/usr/local/lib/python3.13/site-packages/opentelemetry/instrumentation/asgi/__init__.py", line 806, in __call__
2026-09-10T18:11:16.161388853Z     await self.app(scope, otel_receive, otel_send)
2026-09-10T18:11:16.161393142Z   File "/usr/local/lib/python3.13/site-packages/starlette/middleware/errors.py", line 186, in __call__
2026-09-10T18:11:16.161397450Z     raise exc
2026-09-10T18:11:16.161401789Z   File "/usr/local/lib/python3.13/site-packages/starlette/middleware/errors.py", line 164, in __call__
2026-09-10T18:11:16.161406037Z     await self.app(scope, receive, _send)
2026-09-10T18:11:16.161410336Z   File "/usr/local/lib/python3.13/site-packages/opentelemetry/instrumentation/fastapi/__init__.py", line 305, in __call__
2026-09-10T18:11:16.161414644Z     await self.app(scope, receive, send)
2026-09-10T18:11:16.161418963Z   File "/usr/local/lib/python3.13/site-packages/prometheus_fastapi_instrumentator/middleware.py", line 177, in __call__
2026-09-10T18:11:16.161423251Z     raise exc
2026-09-10T18:11:16.161427560Z   File "/usr/local/lib/python3.13/site-packages/prometheus_fastapi_instrumentator/middleware.py", line 175, in __call__
2026-09-10T18:11:16.161431828Z     await self.app(scope, receive, send_wrapper)
2026-09-10T18:11:16.161436076Z   File "/usr/local/lib/python3.13/site-packages/starlette/middleware/exceptions.py", line 63, in __call__
2026-09-10T18:11:16.161443150Z     await wrap_app_handling_exceptions(self.app, conn)(scope, receive, send)
2026-09-10T18:11:16.161447579Z   File "/usr/local/lib/python3.13/site-packages/starlette/_exception_handler.py", line 53, in wrapped_app
2026-09-10T18:11:16.161451908Z     raise exc
2026-09-10T18:11:16.161456236Z   File "/usr/local/lib/python3.13/site-packages/starlette/_exception_handler.py", line 42, in wrapped_app
2026-09-10T18:11:16.161460505Z     await app(scope, receive, sender)
2026-09-10T18:11:16.161464813Z   File "/usr/local/lib/python3.13/site-packages/fastapi/middleware/asyncexitstack.py", line 18, in __call__
2026-09-10T18:11:16.161469071Z     await self.app(scope, receive, send)
2026-09-10T18:11:16.161473370Z   File "/usr/local/lib/python3.13/site-packages/starlette/routing.py", line 716, in __call__
2026-09-10T18:11:16.161477689Z     await self.middleware_stack(scope, receive, send)
2026-09-10T18:11:16.161481977Z   File "/usr/local/lib/python3.13/site-packages/starlette/routing.py", line 736, in app
2026-09-10T18:11:16.161486255Z     await route.handle(scope, receive, send)
2026-09-10T18:11:16.161513970Z   File "/usr/local/lib/python3.13/site-packages/starlette/routing.py", line 290, in handle
2026-09-10T18:11:16.161518459Z     await self.app(scope, receive, send)
2026-09-10T18:11:16.161522828Z   File "/usr/local/lib/python3.13/site-packages/fastapi/routing.py", line 134, in app
2026-09-10T18:11:16.161527387Z     await wrap_app_handling_exceptions(app, request)(scope, receive, send)
2026-09-10T18:11:16.161531675Z   File "/usr/local/lib/python3.13/site-packages/starlette/_exception_handler.py", line 53, in wrapped_app
2026-09-10T18:11:16.161535974Z     raise exc
2026-09-10T18:11:16.161540312Z   File "/usr/local/lib/python3.13/site-packages/starlette/_exception_handler.py", line 42, in wrapped_app
2026-09-10T18:11:16.161544691Z     await app(scope, receive, sender)
2026-09-10T18:11:16.161549049Z   File "/usr/local/lib/python3.13/site-packages/fastapi/routing.py", line 120, in app
2026-09-10T18:11:16.161554099Z     response = await f(request)
2026-09-10T18:11:16.161558368Z                ^^^^^^^^^^^^^^^^
2026-09-10T18:11:16.161562636Z   File "/usr/local/lib/python3.13/site-packages/fastapi/routing.py", line 674, in app
2026-09-10T18:11:16.161566895Z     raw_response = await run_endpoint_function(
2026-09-10T18:11:16.161571173Z                    ^^^^^^^^^^^^^^^^^^^^^^^^^^^^
2026-09-10T18:11:16.161576073Z     ...<3 lines>...
2026-09-10T18:11:16.161580351Z     )
2026-09-10T18:11:16.161584720Z     ^
2026-09-10T18:11:16.161589028Z   File "/usr/local/lib/python3.13/site-packages/fastapi/routing.py", line 330, in run_endpoint_function
2026-09-10T18:11:16.161593287Z     return await run_in_threadpool(dependant.call, **values)
2026-09-10T18:11:16.161597515Z            ^^^^^^^^^^^^^^^^^^^^^^^^^^^^^^^^^^^^^^^^^^^^^^^^^
2026-09-10T18:11:16.161661091Z   File "/usr/local/lib/python3.13/site-packages/starlette/concurrency.py", line 32, in run_in_threadpool
2026-09-10T18:11:16.161671471Z     return await anyio.to_thread.run_sync(func)
2026-09-10T18:11:16.161675960Z            ^^^^^^^^^^^^^^^^^^^^^^^^^^^^^^^^^^^^
2026-09-10T18:11:16.161680459Z   File "/usr/local/lib/python3.13/site-packages/anyio/to_thread.py", line 63, in run_sync
2026-09-10T18:11:16.161684787Z     return await get_async_backend().run_sync_in_worker_thread(
2026-09-10T18:11:16.161689146Z            ^^^^^^^^^^^^^^^^^^^^^^^^^^^^^^^^^^^^^^^^^^^^^^^^^^^^
2026-09-10T18:11:16.161693465Z         func, args, abandon_on_cancel=abandon_on_cancel, limiter=limiter
2026-09-10T18:11:16.161697803Z         ^^^^^^^^^^^^^^^^^^^^^^^^^^^^^^^^^^^^^^^^^^^^^^^^^^^^^^^^^^^^^^^^
2026-09-10T18:11:16.161702092Z     )
2026-09-10T18:11:16.161706450Z     ^
2026-09-10T18:11:16.161710799Z   File "/usr/local/lib/python3.13/site-packages/anyio/_backends/_asyncio.py", line 2518, in run_sync_in_worker_thread
2026-09-10T18:11:16.161715137Z     return await future
2026-09-10T18:11:16.161719446Z            ^^^^^^^^^^^^
2026-09-10T18:11:16.161723744Z   File "/usr/local/lib/python3.13/site-packages/anyio/_backends/_asyncio.py", line 1002, in run
2026-09-10T18:11:16.161728013Z     result = context.run(func, *args)
2026-09-10T18:11:16.161732271Z   File "/app/app/routers/orders.py", line 36, in checkout
2026-09-10T18:11:16.161736540Z     return create_order(
2026-09-10T18:11:16.161740888Z         db=db,
2026-09-10T18:11:16.161745227Z     ...<2 lines>...
2026-09-10T18:11:16.161749605Z         correlation_id=correlation_id,
2026-09-10T18:11:16.161753964Z     )
2026-09-10T18:11:16.161758343Z   File "/app/app/services/order_service.py", line 42, in create_order
2026-09-10T18:11:16.161762631Z     result = db.execute(
2026-09-10T18:11:16.161766920Z         select(ProductModel).where(ProductModel.id == product_id)
2026-09-10T18:11:16.161788202Z     )
2026-09-10T18:11:16.161792720Z   File "/usr/local/lib/python3.13/site-packages/sqlalchemy/orm/session.py", line 2372, in execute
2026-09-10T18:11:16.161796989Z     return self._execute_internal(
2026-09-10T18:11:16.161801297Z            ~~~~~~~~~~~~~~~~~~~~~~^
2026-09-10T18:11:16.161805586Z         statement,
2026-09-10T18:11:16.161809934Z         ^^^^^^^^^^
2026-09-10T18:11:16.161814213Z     ...<4 lines>...
2026-09-10T18:11:16.161818501Z         _add_event=_add_event,
2026-09-10T18:11:16.161822770Z         ^^^^^^^^^^^^^^^^^^^^^^
2026-09-10T18:11:16.161827048Z     )
2026-09-10T18:11:16.161831307Z     ^
2026-09-10T18:11:16.161835625Z   File "/usr/local/lib/python3.13/site-packages/sqlalchemy/orm/session.py", line 2260, in _execute_internal
2026-09-10T18:11:16.161839904Z     conn = self._connection_for_bind(bind)
2026-09-10T18:11:16.161844222Z   File "/usr/local/lib/python3.13/site-packages/sqlalchemy/orm/session.py", line 2112, in _connection_for_bind
2026-09-10T18:11:16.161848551Z     return trans._connection_for_bind(engine, execution_options)
2026-09-10T18:11:16.161852819Z            ~~~~~~~~~~~~~~~~~~~~~~~~~~^^^^^^^^^^^^^^^^^^^^^^^^^^^
2026-09-10T18:11:16.161857098Z   File "<string>", line 2, in _connection_for_bind
2026-09-10T18:11:16.161861476Z   File "/usr/local/lib/python3.13/site-packages/sqlalchemy/orm/state_changes.py", line 137, in _go
2026-09-10T18:11:16.161865765Z     ret_value = fn(self, *arg, **kw)
2026-09-10T18:11:16.161870073Z   File "/usr/local/lib/python3.13/site-packages/sqlalchemy/orm/session.py", line 1191, in _connection_for_bind
2026-09-10T18:11:16.161874322Z     conn = bind.connect()
2026-09-10T18:11:16.161879382Z   File "/usr/local/lib/python3.13/site-packages/opentelemetry/instrumentation/sqlalchemy/engine.py", line 200, in _wrap_connect_internal
2026-09-10T18:11:16.161883680Z     return func(*args, **kwargs)
2026-09-10T18:11:16.161887928Z   File "/usr/local/lib/python3.13/site-packages/sqlalchemy/engine/base.py", line 3295, in connect
2026-09-10T18:11:16.161892207Z     return self._connection_cls(self)
2026-09-10T18:11:16.161896455Z            ~~~~~~~~~~~~~~~~~~~~^^^^^^
2026-09-10T18:11:16.161900924Z   File "/usr/local/lib/python3.13/site-packages/sqlalchemy/engine/base.py", line 144, in __init__
2026-09-10T18:11:16.161905243Z     self._dbapi_connection = engine.raw_connection()
2026-09-10T18:11:16.161909531Z                              ~~~~~~~~~~~~~~~~~~~~~^^
2026-09-10T18:11:16.161913850Z   File "/usr/local/lib/python3.13/site-packages/sqlalchemy/engine/base.py", line 3319, in raw_connection
2026-09-10T18:11:16.161918098Z     return self.pool.connect()
2026-09-10T18:11:16.161922306Z            ~~~~~~~~~~~~~~~~~^^
2026-09-10T18:11:16.161926575Z   File "/usr/local/lib/python3.13/site-packages/sqlalchemy/pool/base.py", line 448, in connect
2026-09-10T18:11:16.161930863Z     return _ConnectionFairy._checkout(self)
2026-09-10T18:11:16.161935142Z            ~~~~~~~~~~~~~~~~~~~~~~~~~~^^^^^^
2026-09-10T18:11:16.161939410Z   File "/usr/local/lib/python3.13/site-packages/sqlalchemy/pool/base.py", line 1272, in _checkout
2026-09-10T18:11:16.161943658Z     fairy = _ConnectionRecord.checkout(pool)
2026-09-10T18:11:16.161947917Z   File "/usr/local/lib/python3.13/site-packages/sqlalchemy/pool/base.py", line 712, in checkout
2026-09-10T18:11:16.161952185Z     rec = pool._do_get()
2026-09-10T18:11:16.161956514Z   File "/usr/local/lib/python3.13/site-packages/sqlalchemy/pool/impl.py", line 167, in _do_get
2026-09-10T18:11:16.161960792Z     raise exc.TimeoutError(
2026-09-10T18:11:16.161965041Z     ...<4 lines>...
2026-09-10T18:11:16.161969269Z     )
2026-09-10T18:11:16.161974800Z sqlalchemy.exc.TimeoutError: QueuePool limit of size 5 overflow 10 reached, connection timed out, timeout 30.00 (Background on this error at: https://sqlalche.me/e/20/3o7r)
2026-09-10T18:11:16.226677043Z ERROR:    Exception in ASGI application
2026-09-10T18:11:16.226711231Z Traceback (most recent call last):
2026-09-10T18:11:16.226714016Z   File "/usr/local/lib/python3.13/site-packages/uvicorn/protocols/http/httptools_impl.py", line 421, in run_asgi
2026-09-10T18:11:16.226716501Z     result = await app(  # type: ignore[func-returns-value]
2026-09-10T18:11:16.226718485Z              ^^^^^^^^^^^^^^^^^^^^^^^^^^^^^^^^^^^^^^^^^^^^^^
2026-09-10T18:11:16.226720439Z         self.scope, self.receive, self.send
2026-09-10T18:11:16.226722483Z         ^^^^^^^^^^^^^^^^^^^^^^^^^^^^^^^^^^^
2026-09-10T18:11:16.226724417Z     )
2026-09-10T18:11:16.226726371Z     ^
2026-09-10T18:11:16.226728314Z   File "/usr/local/lib/python3.13/site-packages/uvicorn/middleware/proxy_headers.py", line 63, in __call__
2026-09-10T18:11:16.226730258Z     return await self.app(scope, receive, send)
2026-09-10T18:11:16.226732182Z            ^^^^^^^^^^^^^^^^^^^^^^^^^^^^^^^^^^^^
2026-09-10T18:11:16.226734687Z   File "/usr/local/lib/python3.13/site-packages/fastapi/applications.py", line 1159, in __call__
2026-09-10T18:11:16.226736601Z     await super().__call__(scope, receive, send)
2026-09-10T18:11:16.226738595Z   File "/usr/local/lib/python3.13/site-packages/starlette/applications.py", line 107, in __call__
2026-09-10T18:11:16.226740519Z     await self.middleware_stack(scope, receive, send)
2026-09-10T18:11:16.226742462Z   File "/usr/local/lib/python3.13/site-packages/starlette/middleware/errors.py", line 186, in __call__
2026-09-10T18:11:16.226744426Z     raise exc
2026-09-10T18:11:16.226746350Z   File "/usr/local/lib/python3.13/site-packages/starlette/middleware/errors.py", line 164, in __call__
2026-09-10T18:11:16.226748284Z     await self.app(scope, receive, _send)
2026-09-10T18:11:16.226750378Z   File "/usr/local/lib/python3.13/site-packages/opentelemetry/instrumentation/asgi/__init__.py", line 806, in __call__
2026-09-10T18:11:16.226752282Z     await self.app(scope, otel_receive, otel_send)
2026-09-10T18:11:16.226757833Z   File "/usr/local/lib/python3.13/site-packages/starlette/middleware/errors.py", line 186, in __call__
2026-09-10T18:11:16.226759787Z     raise exc
2026-09-10T18:11:16.226761811Z   File "/usr/local/lib/python3.13/site-packages/starlette/middleware/errors.py", line 164, in __call__
2026-09-10T18:11:16.226763714Z     await self.app(scope, receive, _send)
2026-09-10T18:11:16.226765638Z   File "/usr/local/lib/python3.13/site-packages/opentelemetry/instrumentation/fastapi/__init__.py", line 305, in __call__
2026-09-10T18:11:16.226767532Z     await self.app(scope, receive, send)
2026-09-10T18:11:16.226769426Z   File "/usr/local/lib/python3.13/site-packages/prometheus_fastapi_instrumentator/middleware.py", line 177, in __call__
2026-09-10T18:11:16.226771359Z     raise exc
2026-09-10T18:11:16.226773283Z   File "/usr/local/lib/python3.13/site-packages/prometheus_fastapi_instrumentator/middleware.py", line 175, in __call__
2026-09-10T18:11:16.226775207Z     await self.app(scope, receive, send_wrapper)
2026-09-10T18:11:16.226777301Z   File "/usr/local/lib/python3.13/site-packages/starlette/middleware/exceptions.py", line 63, in __call__
2026-09-10T18:11:16.226780257Z     await wrap_app_handling_exceptions(self.app, conn)(scope, receive, send)
2026-09-10T18:11:16.226782161Z   File "/usr/local/lib/python3.13/site-packages/starlette/_exception_handler.py", line 53, in wrapped_app
2026-09-10T18:11:16.226784075Z     raise exc
2026-09-10T18:11:16.226785978Z   File "/usr/local/lib/python3.13/site-packages/starlette/_exception_handler.py", line 42, in wrapped_app
2026-09-10T18:11:16.226803062Z     await app(scope, receive, sender)
2026-09-10T18:11:16.226805176Z   File "/usr/local/lib/python3.13/site-packages/fastapi/middleware/asyncexitstack.py", line 18, in __call__
2026-09-10T18:11:16.226807090Z     await self.app(scope, receive, send)
2026-09-10T18:11:16.226809014Z   File "/usr/local/lib/python3.13/site-packages/starlette/routing.py", line 716, in __call__
2026-09-10T18:11:16.226810938Z     await self.middleware_stack(scope, receive, send)
2026-09-10T18:11:16.226812861Z   File "/usr/local/lib/python3.13/site-packages/starlette/routing.py", line 736, in app
2026-09-10T18:11:16.226814775Z     await route.handle(scope, receive, send)
2026-09-10T18:11:16.226816699Z   File "/usr/local/lib/python3.13/site-packages/starlette/routing.py", line 290, in handle
2026-09-10T18:11:16.226818593Z     await self.app(scope, receive, send)
2026-09-10T18:11:16.226820506Z   File "/usr/local/lib/python3.13/site-packages/fastapi/routing.py", line 134, in app
2026-09-10T18:11:16.226822430Z     await wrap_app_handling_exceptions(app, request)(scope, receive, send)
2026-09-10T18:11:16.226824334Z   File "/usr/local/lib/python3.13/site-packages/starlette/_exception_handler.py", line 53, in wrapped_app
2026-09-10T18:11:16.226826238Z     raise exc
2026-09-10T18:11:16.226828172Z   File "/usr/local/lib/python3.13/site-packages/starlette/_exception_handler.py", line 42, in wrapped_app
2026-09-10T18:11:16.226830065Z     await app(scope, receive, sender)
2026-09-10T18:11:16.226831969Z   File "/usr/local/lib/python3.13/site-packages/fastapi/routing.py", line 120, in app
2026-09-10T18:11:16.226834805Z     response = await f(request)
2026-09-10T18:11:16.226836759Z                ^^^^^^^^^^^^^^^^
2026-09-10T18:11:16.226838682Z   File "/usr/local/lib/python3.13/site-packages/fastapi/routing.py", line 674, in app
2026-09-10T18:11:16.226840596Z     raw_response = await run_endpoint_function(
2026-09-10T18:11:16.226842520Z                    ^^^^^^^^^^^^^^^^^^^^^^^^^^^^
2026-09-10T18:11:16.226844985Z     ...<3 lines>...
2026-09-10T18:11:16.226846979Z     )
2026-09-10T18:11:16.226848923Z     ^
2026-09-10T18:11:16.226850846Z   File "/usr/local/lib/python3.13/site-packages/fastapi/routing.py", line 330, in run_endpoint_function
2026-09-10T18:11:16.226852770Z     return await run_in_threadpool(dependant.call, **values)
2026-09-10T18:11:16.226854704Z            ^^^^^^^^^^^^^^^^^^^^^^^^^^^^^^^^^^^^^^^^^^^^^^^^^
2026-09-10T18:11:16.226887449Z   File "/usr/local/lib/python3.13/site-packages/starlette/concurrency.py", line 32, in run_in_threadpool
2026-09-10T18:11:16.226892188Z     return await anyio.to_thread.run_sync(func)
2026-09-10T18:11:16.226894172Z            ^^^^^^^^^^^^^^^^^^^^^^^^^^^^^^^^^^^^
2026-09-10T18:11:16.226896086Z   File "/usr/local/lib/python3.13/site-packages/anyio/to_thread.py", line 63, in run_sync
2026-09-10T18:11:16.226898019Z     return await get_async_backend().run_sync_in_worker_thread(
2026-09-10T18:11:16.226900003Z            ^^^^^^^^^^^^^^^^^^^^^^^^^^^^^^^^^^^^^^^^^^^^^^^^^^^^
2026-09-10T18:11:16.226901917Z         func, args, abandon_on_cancel=abandon_on_cancel, limiter=limiter
2026-09-10T18:11:16.226903831Z         ^^^^^^^^^^^^^^^^^^^^^^^^^^^^^^^^^^^^^^^^^^^^^^^^^^^^^^^^^^^^^^^^
2026-09-10T18:11:16.226905775Z     )
2026-09-10T18:11:16.226907699Z     ^
2026-09-10T18:11:16.226909632Z   File "/usr/local/lib/python3.13/site-packages/anyio/_backends/_asyncio.py", line 2518, in run_sync_in_worker_thread
2026-09-10T18:11:16.226911536Z     return await future
2026-09-10T18:11:16.226913440Z            ^^^^^^^^^^^^
2026-09-10T18:11:16.226915404Z   File "/usr/local/lib/python3.13/site-packages/anyio/_backends/_asyncio.py", line 1002, in run
2026-09-10T18:11:16.226932467Z     result = context.run(func, *args)
2026-09-10T18:11:16.226934461Z   File "/app/app/routers/orders.py", line 36, in checkout
2026-09-10T18:11:16.226936405Z     return create_order(
2026-09-10T18:11:16.226938329Z         db=db,
2026-09-10T18:11:16.226940273Z     ...<2 lines>...
2026-09-10T18:11:16.226942207Z         correlation_id=correlation_id,
2026-09-10T18:11:16.226944211Z     )
2026-09-10T18:11:16.226946335Z   File "/app/app/services/order_service.py", line 42, in create_order
2026-09-10T18:11:16.226948499Z     result = db.execute(
2026-09-10T18:11:16.227011323Z         select(ProductModel).where(ProductModel.id == product_id)
2026-09-10T18:11:16.227021624Z     )
2026-09-10T18:11:16.227023718Z   File "/usr/local/lib/python3.13/site-packages/sqlalchemy/orm/session.py", line 2372, in execute
2026-09-10T18:11:16.227025682Z     return self._execute_internal(
2026-09-10T18:11:16.227027655Z            ~~~~~~~~~~~~~~~~~~~~~~^
2026-09-10T18:11:16.227029579Z         statement,
2026-09-10T18:11:16.227031633Z         ^^^^^^^^^^
2026-09-10T18:11:16.227033557Z     ...<4 lines>...
2026-09-10T18:11:16.227035511Z         _add_event=_add_event,
2026-09-10T18:11:16.227037435Z         ^^^^^^^^^^^^^^^^^^^^^^
2026-09-10T18:11:16.227039369Z     )
2026-09-10T18:11:16.227041282Z     ^
2026-09-10T18:11:16.227043206Z   File "/usr/local/lib/python3.13/site-packages/sqlalchemy/orm/session.py", line 2260, in _execute_internal
2026-09-10T18:11:16.227045130Z     conn = self._connection_for_bind(bind)
2026-09-10T18:11:16.227047154Z   File "/usr/local/lib/python3.13/site-packages/sqlalchemy/orm/session.py", line 2112, in _connection_for_bind
2026-09-10T18:11:16.227049108Z     return trans._connection_for_bind(engine, execution_options)
2026-09-10T18:11:16.227051042Z            ~~~~~~~~~~~~~~~~~~~~~~~~~~^^^^^^^^^^^^^^^^^^^^^^^^^^^
2026-09-10T18:11:16.227052955Z   File "<string>", line 2, in _connection_for_bind
2026-09-10T18:11:16.227054869Z   File "/usr/local/lib/python3.13/site-packages/sqlalchemy/orm/state_changes.py", line 137, in _go
2026-09-10T18:11:16.227056793Z     ret_value = fn(self, *arg, **kw)
2026-09-10T18:11:16.227058687Z   File "/usr/local/lib/python3.13/site-packages/sqlalchemy/orm/session.py", line 1191, in _connection_for_bind
2026-09-10T18:11:16.227060600Z     conn = bind.connect()
2026-09-10T18:11:16.227063085Z   File "/usr/local/lib/python3.13/site-packages/opentelemetry/instrumentation/sqlalchemy/engine.py", line 200, in _wrap_connect_internal
2026-09-10T18:11:16.227065019Z     return func(*args, **kwargs)
2026-09-10T18:11:16.227066943Z   File "/usr/local/lib/python3.13/site-packages/sqlalchemy/engine/base.py", line 3295, in connect
2026-09-10T18:11:16.227068857Z     return self._connection_cls(self)
2026-09-10T18:11:16.227070781Z            ~~~~~~~~~~~~~~~~~~~~^^^^^^
2026-09-10T18:11:16.227072694Z   File "/usr/local/lib/python3.13/site-packages/sqlalchemy/engine/base.py", line 144, in __init__
2026-09-10T18:11:16.227074618Z     self._dbapi_connection = engine.raw_connection()
2026-09-10T18:11:16.227076532Z                              ~~~~~~~~~~~~~~~~~~~~~^^
2026-09-10T18:11:16.227078446Z   File "/usr/local/lib/python3.13/site-packages/sqlalchemy/engine/base.py", line 3319, in raw_connection
2026-09-10T18:11:16.227082664Z     return self.pool.connect()
2026-09-10T18:11:16.227084638Z            ~~~~~~~~~~~~~~~~~^^
2026-09-10T18:11:16.227086582Z   File "/usr/local/lib/python3.13/site-packages/sqlalchemy/pool/base.py", line 448, in connect
2026-09-10T18:11:16.227088516Z     return _ConnectionFairy._checkout(self)
2026-09-10T18:11:16.227090429Z            ~~~~~~~~~~~~~~~~~~~~~~~~~~^^^^^^
2026-09-10T18:11:16.227099858Z   File "/usr/local/lib/python3.13/site-packages/sqlalchemy/pool/base.py", line 1272, in _checkout
2026-09-10T18:11:16.227101902Z     fairy = _ConnectionRecord.checkout(pool)
2026-09-10T18:11:16.227103846Z   File "/usr/local/lib/python3.13/site-packages/sqlalchemy/pool/base.py", line 712, in checkout
2026-09-10T18:11:16.227105750Z     rec = pool._do_get()
2026-09-10T18:11:16.227107663Z   File "/usr/local/lib/python3.13/site-packages/sqlalchemy/pool/impl.py", line 167, in _do_get
2026-09-10T18:11:16.227121511Z     raise exc.TimeoutError(
2026-09-10T18:11:16.227125318Z     ...<4 lines>...
2026-09-10T18:11:16.227127272Z     )
2026-09-10T18:11:16.227129737Z sqlalchemy.exc.TimeoutError: QueuePool limit of size 5 overflow 10 reached, connection timed out, timeout 30.00 (Background on this error at: https://sqlalche.me/e/20/3o7r)
2026-09-10T18:11:16.245319189Z ERROR:    Exception in ASGI application
2026-09-10T18:11:16.245362615Z Traceback (most recent call last):
2026-09-10T18:11:16.245369849Z   File "/usr/local/lib/python3.13/site-packages/uvicorn/protocols/http/httptools_impl.py", line 421, in run_asgi
2026-09-10T18:11:16.245376242Z     result = await app(  # type: ignore[func-returns-value]
2026-09-10T18:11:16.245382364Z              ^^^^^^^^^^^^^^^^^^^^^^^^^^^^^^^^^^^^^^^^^^^^^^
2026-09-10T18:11:16.245388226Z         self.scope, self.receive, self.send
2026-09-10T18:11:16.245393847Z         ^^^^^^^^^^^^^^^^^^^^^^^^^^^^^^^^^^^
2026-09-10T18:11:16.245399448Z     )
2026-09-10T18:11:16.245405370Z     ^
2026-09-10T18:11:16.245411231Z   File "/usr/local/lib/python3.13/site-packages/uvicorn/middleware/proxy_headers.py", line 63, in __call__
2026-09-10T18:11:16.245417033Z     return await self.app(scope, receive, send)
2026-09-10T18:11:16.245422553Z            ^^^^^^^^^^^^^^^^^^^^^^^^^^^^^^^^^^^^
2026-09-10T18:11:16.245428746Z   File "/usr/local/lib/python3.13/site-packages/fastapi/applications.py", line 1159, in __call__
2026-09-10T18:11:16.245434387Z     await super().__call__(scope, receive, send)
2026-09-10T18:11:16.245440118Z   File "/usr/local/lib/python3.13/site-packages/starlette/applications.py", line 107, in __call__
2026-09-10T18:11:16.245445709Z     await self.middleware_stack(scope, receive, send)
2026-09-10T18:11:16.245451471Z   File "/usr/local/lib/python3.13/site-packages/starlette/middleware/errors.py", line 186, in __call__
2026-09-10T18:11:16.245457192Z     raise exc
2026-09-10T18:11:16.245462843Z   File "/usr/local/lib/python3.13/site-packages/starlette/middleware/errors.py", line 164, in __call__
2026-09-10T18:11:16.245468454Z     await self.app(scope, receive, _send)
2026-09-10T18:11:16.245474556Z   File "/usr/local/lib/python3.13/site-packages/opentelemetry/instrumentation/asgi/__init__.py", line 806, in __call__
2026-09-10T18:11:16.245480328Z     await self.app(scope, otel_receive, otel_send)
2026-09-10T18:11:16.245485889Z   File "/usr/local/lib/python3.13/site-packages/starlette/middleware/errors.py", line 186, in __call__
2026-09-10T18:11:16.245491510Z     raise exc
2026-09-10T18:11:16.245497231Z   File "/usr/local/lib/python3.13/site-packages/starlette/middleware/errors.py", line 164, in __call__
2026-09-10T18:11:16.245502972Z     await self.app(scope, receive, _send)
2026-09-10T18:11:16.245544013Z   File "/usr/local/lib/python3.13/site-packages/opentelemetry/instrumentation/fastapi/__init__.py", line 305, in __call__
2026-09-10T18:11:16.245560275Z     await self.app(scope, receive, send)
2026-09-10T18:11:16.245566097Z   File "/usr/local/lib/python3.13/site-packages/prometheus_fastapi_instrumentator/middleware.py", line 177, in __call__
2026-09-10T18:11:16.245571828Z     raise exc
2026-09-10T18:11:16.245577519Z   File "/usr/local/lib/python3.13/site-packages/prometheus_fastapi_instrumentator/middleware.py", line 175, in __call__
2026-09-10T18:11:16.245618831Z     await self.app(scope, receive, send_wrapper)
2026-09-10T18:11:16.245625033Z   File "/usr/local/lib/python3.13/site-packages/starlette/middleware/exceptions.py", line 63, in __call__
2026-09-10T18:11:16.245631456Z     await wrap_app_handling_exceptions(self.app, conn)(scope, receive, send)
2026-09-10T18:11:16.245637027Z   File "/usr/local/lib/python3.13/site-packages/starlette/_exception_handler.py", line 53, in wrapped_app
2026-09-10T18:11:16.245642588Z     raise exc
2026-09-10T18:11:16.245648099Z   File "/usr/local/lib/python3.13/site-packages/starlette/_exception_handler.py", line 42, in wrapped_app
2026-09-10T18:11:16.245653620Z     await app(scope, receive, sender)
2026-09-10T18:11:16.245659211Z   File "/usr/local/lib/python3.13/site-packages/fastapi/middleware/asyncexitstack.py", line 18, in __call__
2026-09-10T18:11:16.245664802Z     await self.app(scope, receive, send)
2026-09-10T18:11:16.245670673Z   File "/usr/local/lib/python3.13/site-packages/starlette/routing.py", line 716, in __call__
2026-09-10T18:11:16.245676294Z     await self.middleware_stack(scope, receive, send)
2026-09-10T18:11:16.245681805Z   File "/usr/local/lib/python3.13/site-packages/starlette/routing.py", line 736, in app
2026-09-10T18:11:16.245687326Z     await route.handle(scope, receive, send)
2026-09-10T18:11:16.245692897Z   File "/usr/local/lib/python3.13/site-packages/starlette/routing.py", line 290, in handle
2026-09-10T18:11:16.245698498Z     await self.app(scope, receive, send)
2026-09-10T18:11:16.245703989Z   File "/usr/local/lib/python3.13/site-packages/fastapi/routing.py", line 134, in app
2026-09-10T18:11:16.245709530Z     await wrap_app_handling_exceptions(app, request)(scope, receive, send)
2026-09-10T18:11:16.245715181Z   File "/usr/local/lib/python3.13/site-packages/starlette/_exception_handler.py", line 53, in wrapped_app
2026-09-10T18:11:16.245720732Z     raise exc
2026-09-10T18:11:16.245726233Z   File "/usr/local/lib/python3.13/site-packages/starlette/_exception_handler.py", line 42, in wrapped_app
2026-09-10T18:11:16.245736353Z     await app(scope, receive, sender)
2026-09-10T18:11:16.245742064Z   File "/usr/local/lib/python3.13/site-packages/fastapi/routing.py", line 120, in app
2026-09-10T18:11:16.245748567Z     response = await f(request)
2026-09-10T18:11:16.245754138Z                ^^^^^^^^^^^^^^^^
2026-09-10T18:11:16.245759679Z   File "/usr/local/lib/python3.13/site-packages/fastapi/routing.py", line 674, in app
2026-09-10T18:11:16.245765320Z     raw_response = await run_endpoint_function(
2026-09-10T18:11:16.245771021Z                    ^^^^^^^^^^^^^^^^^^^^^^^^^^^^
2026-09-10T18:11:16.245777314Z     ...<3 lines>...
2026-09-10T18:11:16.245782885Z     )
2026-09-10T18:11:16.245788566Z     ^
2026-09-10T18:11:16.245794227Z   File "/usr/local/lib/python3.13/site-packages/fastapi/routing.py", line 330, in run_endpoint_function
2026-09-10T18:11:16.245799808Z     return await run_in_threadpool(dependant.call, **values)
2026-09-10T18:11:16.245805530Z            ^^^^^^^^^^^^^^^^^^^^^^^^^^^^^^^^^^^^^^^^^^^^^^^^^
2026-09-10T18:11:16.245891920Z   File "/usr/local/lib/python3.13/site-packages/starlette/concurrency.py", line 32, in run_in_threadpool
2026-09-10T18:11:16.245905297Z     return await anyio.to_thread.run_sync(func)
2026-09-10T18:11:16.245911208Z            ^^^^^^^^^^^^^^^^^^^^^^^^^^^^^^^^^^^^
2026-09-10T18:11:16.245916779Z   File "/usr/local/lib/python3.13/site-packages/anyio/to_thread.py", line 63, in run_sync
2026-09-10T18:11:16.245922370Z     return await get_async_backend().run_sync_in_worker_thread(
2026-09-10T18:11:16.245928052Z            ^^^^^^^^^^^^^^^^^^^^^^^^^^^^^^^^^^^^^^^^^^^^^^^^^^^^
2026-09-10T18:11:16.245955666Z         func, args, abandon_on_cancel=abandon_on_cancel, limiter=limiter
2026-09-10T18:11:16.245961628Z         ^^^^^^^^^^^^^^^^^^^^^^^^^^^^^^^^^^^^^^^^^^^^^^^^^^^^^^^^^^^^^^^^
2026-09-10T18:11:16.245967209Z     )
2026-09-10T18:11:16.245972760Z     ^
2026-09-10T18:11:16.245978351Z   File "/usr/local/lib/python3.13/site-packages/anyio/_backends/_asyncio.py", line 2518, in run_sync_in_worker_thread
2026-09-10T18:11:16.245983972Z     return await future
2026-09-10T18:11:16.245989553Z            ^^^^^^^^^^^^
2026-09-10T18:11:16.245995094Z   File "/usr/local/lib/python3.13/site-packages/anyio/_backends/_asyncio.py", line 1002, in run
2026-09-10T18:11:16.246000615Z     result = context.run(func, *args)
2026-09-10T18:11:16.246006246Z   File "/app/app/routers/orders.py", line 36, in checkout
2026-09-10T18:11:16.246011827Z     return create_order(
2026-09-10T18:11:16.246017518Z         db=db,
2026-09-10T18:11:16.246023219Z     ...<2 lines>...
2026-09-10T18:11:16.246028840Z         correlation_id=correlation_id,
2026-09-10T18:11:16.246034442Z     )
2026-09-10T18:11:16.246040133Z   File "/app/app/services/order_service.py", line 42, in create_order
2026-09-10T18:11:16.246045764Z     result = db.execute(
2026-09-10T18:11:16.246051395Z         select(ProductModel).where(ProductModel.id == product_id)
2026-09-10T18:11:16.246056886Z     )
2026-09-10T18:11:16.246062457Z   File "/usr/local/lib/python3.13/site-packages/sqlalchemy/orm/session.py", line 2372, in execute
2026-09-10T18:11:16.246068018Z     return self._execute_internal(
2026-09-10T18:11:16.246073549Z            ~~~~~~~~~~~~~~~~~~~~~~^
2026-09-10T18:11:16.246079140Z         statement,
2026-09-10T18:11:16.246084781Z         ^^^^^^^^^^
2026-09-10T18:11:16.246090332Z     ...<4 lines>...
2026-09-10T18:11:16.246095963Z         _add_event=_add_event,
2026-09-10T18:11:16.246101484Z         ^^^^^^^^^^^^^^^^^^^^^^
2026-09-10T18:11:16.246106995Z     )
2026-09-10T18:11:16.246112546Z     ^
2026-09-10T18:11:16.246118097Z   File "/usr/local/lib/python3.13/site-packages/sqlalchemy/orm/session.py", line 2260, in _execute_internal
2026-09-10T18:11:16.246123718Z     conn = self._connection_for_bind(bind)
2026-09-10T18:11:16.246129439Z   File "/usr/local/lib/python3.13/site-packages/sqlalchemy/orm/session.py", line 2112, in _connection_for_bind
2026-09-10T18:11:16.246135040Z     return trans._connection_for_bind(engine, execution_options)
2026-09-10T18:11:16.246140942Z            ~~~~~~~~~~~~~~~~~~~~~~~~~~^^^^^^^^^^^^^^^^^^^^^^^^^^^
2026-09-10T18:11:16.246146573Z   File "<string>", line 2, in _connection_for_bind
2026-09-10T18:11:16.246152134Z   File "/usr/local/lib/python3.13/site-packages/sqlalchemy/orm/state_changes.py", line 137, in _go
2026-09-10T18:11:16.246157665Z     ret_value = fn(self, *arg, **kw)
2026-09-10T18:11:16.246163206Z   File "/usr/local/lib/python3.13/site-packages/sqlalchemy/orm/session.py", line 1191, in _connection_for_bind
2026-09-10T18:11:16.246168827Z     conn = bind.connect()
2026-09-10T18:11:16.246175189Z   File "/usr/local/lib/python3.13/site-packages/opentelemetry/instrumentation/sqlalchemy/engine.py", line 200, in _wrap_connect_internal
2026-09-10T18:11:16.246180811Z     return func(*args, **kwargs)
2026-09-10T18:11:16.246186412Z   File "/usr/local/lib/python3.13/site-packages/sqlalchemy/engine/base.py", line 3295, in connect
2026-09-10T18:11:16.246192023Z     return self._connection_cls(self)
2026-09-10T18:11:16.246197524Z            ~~~~~~~~~~~~~~~~~~~~^^^^^^
2026-09-10T18:11:16.246203085Z   File "/usr/local/lib/python3.13/site-packages/sqlalchemy/engine/base.py", line 144, in __init__
2026-09-10T18:11:16.246222082Z     self._dbapi_connection = engine.raw_connection()
2026-09-10T18:11:16.246227693Z                              ~~~~~~~~~~~~~~~~~~~~~^^
2026-09-10T18:11:16.246233334Z   File "/usr/local/lib/python3.13/site-packages/sqlalchemy/engine/base.py", line 3319, in raw_connection
2026-09-10T18:11:16.246238955Z     return self.pool.connect()
2026-09-10T18:11:16.246244556Z            ~~~~~~~~~~~~~~~~~^^
2026-09-10T18:11:16.246250177Z   File "/usr/local/lib/python3.13/site-packages/sqlalchemy/pool/base.py", line 448, in connect
2026-09-10T18:11:16.246255748Z     return _ConnectionFairy._checkout(self)
2026-09-10T18:11:16.246261309Z            ~~~~~~~~~~~~~~~~~~~~~~~~~~^^^^^^
2026-09-10T18:11:16.246266820Z   File "/usr/local/lib/python3.13/site-packages/sqlalchemy/pool/base.py", line 1272, in _checkout
2026-09-10T18:11:16.246272431Z     fairy = _ConnectionRecord.checkout(pool)
2026-09-10T18:11:16.246278063Z   File "/usr/local/lib/python3.13/site-packages/sqlalchemy/pool/base.py", line 712, in checkout
2026-09-10T18:11:16.246283874Z     rec = pool._do_get()
2026-09-10T18:11:16.246289525Z   File "/usr/local/lib/python3.13/site-packages/sqlalchemy/pool/impl.py", line 167, in _do_get
2026-09-10T18:11:16.246294385Z     raise exc.TimeoutError(
2026-09-10T18:11:16.246298102Z     ...<4 lines>...
2026-09-10T18:11:16.246301779Z     )
2026-09-10T18:11:16.246306689Z sqlalchemy.exc.TimeoutError: QueuePool limit of size 5 overflow 10 reached, connection timed out, timeout 30.00 (Background on this error at: https://sqlalche.me/e/20/3o7r)
