2026-09-09T19:47:16.778970821Z ERROR:    Exception in ASGI application
2026-09-09T19:47:16.779130657Z Traceback (most recent call last):
2026-09-09T19:47:16.779139284Z   File "/usr/local/lib/python3.13/site-packages/uvicorn/protocols/http/httptools_impl.py", line 421, in run_asgi
2026-09-09T19:47:16.779144905Z     result = await app(  # type: ignore[func-returns-value]
2026-09-09T19:47:16.779148382Z              ^^^^^^^^^^^^^^^^^^^^^^^^^^^^^^^^^^^^^^^^^^^^^^
2026-09-09T19:47:16.779151969Z         self.scope, self.receive, self.send
2026-09-09T19:47:16.779155356Z         ^^^^^^^^^^^^^^^^^^^^^^^^^^^^^^^^^^^
2026-09-09T19:47:16.779158752Z     )
2026-09-09T19:47:16.779162440Z     ^
2026-09-09T19:47:16.779166107Z   File "/usr/local/lib/python3.13/site-packages/uvicorn/middleware/proxy_headers.py", line 63, in __call__
2026-09-09T19:47:16.779169564Z     return await self.app(scope, receive, send)
2026-09-09T19:47:16.779172920Z            ^^^^^^^^^^^^^^^^^^^^^^^^^^^^^^^^^^^^
2026-09-09T19:47:16.779176978Z   File "/usr/local/lib/python3.13/site-packages/fastapi/applications.py", line 1159, in __call__
2026-09-09T19:47:16.779180355Z     await super().__call__(scope, receive, send)
2026-09-09T19:47:16.779183852Z   File "/usr/local/lib/python3.13/site-packages/starlette/applications.py", line 107, in __call__
2026-09-09T19:47:16.779187469Z     await self.middleware_stack(scope, receive, send)
2026-09-09T19:47:16.779190936Z   File "/usr/local/lib/python3.13/site-packages/starlette/middleware/errors.py", line 186, in __call__
2026-09-09T19:47:16.779194413Z     raise exc
2026-09-09T19:47:16.779197829Z   File "/usr/local/lib/python3.13/site-packages/starlette/middleware/errors.py", line 164, in __call__
2026-09-09T19:47:16.779201316Z     await self.app(scope, receive, _send)
2026-09-09T19:47:16.779205174Z   File "/usr/local/lib/python3.13/site-packages/opentelemetry/instrumentation/asgi/__init__.py", line 806, in __call__
2026-09-09T19:47:16.779208571Z     await self.app(scope, otel_receive, otel_send)
2026-09-09T19:47:16.779212047Z   File "/usr/local/lib/python3.13/site-packages/starlette/middleware/errors.py", line 186, in __call__
2026-09-09T19:47:16.779215494Z     raise exc
2026-09-09T19:47:16.779218831Z   File "/usr/local/lib/python3.13/site-packages/starlette/middleware/errors.py", line 164, in __call__
2026-09-09T19:47:16.779222177Z     await self.app(scope, receive, _send)
2026-09-09T19:47:16.779225594Z   File "/usr/local/lib/python3.13/site-packages/opentelemetry/instrumentation/fastapi/__init__.py", line 305, in __call__
2026-09-09T19:47:16.779228911Z     await self.app(scope, receive, send)
2026-09-09T19:47:16.779232337Z   File "/usr/local/lib/python3.13/site-packages/prometheus_fastapi_instrumentator/middleware.py", line 177, in __call__
2026-09-09T19:47:16.779235684Z     raise exc
2026-09-09T19:47:16.779239041Z   File "/usr/local/lib/python3.13/site-packages/prometheus_fastapi_instrumentator/middleware.py", line 175, in __call__
2026-09-09T19:47:16.779264771Z     await self.app(scope, receive, send_wrapper)
2026-09-09T19:47:16.779266926Z   File "/usr/local/lib/python3.13/site-packages/starlette/middleware/exceptions.py", line 63, in __call__
2026-09-09T19:47:16.779269471Z     await wrap_app_handling_exceptions(self.app, conn)(scope, receive, send)
2026-09-09T19:47:16.779271415Z   File "/usr/local/lib/python3.13/site-packages/starlette/_exception_handler.py", line 53, in wrapped_app
2026-09-09T19:47:16.779273338Z     raise exc
2026-09-09T19:47:16.779275322Z   File "/usr/local/lib/python3.13/site-packages/starlette/_exception_handler.py", line 42, in wrapped_app
2026-09-09T19:47:16.779277326Z     await app(scope, receive, sender)
2026-09-09T19:47:16.779279260Z   File "/usr/local/lib/python3.13/site-packages/fastapi/middleware/asyncexitstack.py", line 18, in __call__
2026-09-09T19:47:16.779281535Z     await self.app(scope, receive, send)
2026-09-09T19:47:16.779283528Z   File "/usr/local/lib/python3.13/site-packages/starlette/routing.py", line 716, in __call__
2026-09-09T19:47:16.779285452Z     await self.middleware_stack(scope, receive, send)
2026-09-09T19:47:16.779287406Z   File "/usr/local/lib/python3.13/site-packages/starlette/routing.py", line 736, in app
2026-09-09T19:47:16.779289340Z     await route.handle(scope, receive, send)
2026-09-09T19:47:16.779291324Z   File "/usr/local/lib/python3.13/site-packages/starlette/routing.py", line 290, in handle
2026-09-09T19:47:16.779293238Z     await self.app(scope, receive, send)
2026-09-09T19:47:16.779295201Z   File "/usr/local/lib/python3.13/site-packages/fastapi/routing.py", line 134, in app
2026-09-09T19:47:16.779297135Z     await wrap_app_handling_exceptions(app, request)(scope, receive, send)
2026-09-09T19:47:16.779299069Z   File "/usr/local/lib/python3.13/site-packages/starlette/_exception_handler.py", line 53, in wrapped_app
2026-09-09T19:47:16.779300993Z     raise exc
2026-09-09T19:47:16.779302977Z   File "/usr/local/lib/python3.13/site-packages/starlette/_exception_handler.py", line 42, in wrapped_app
2026-09-09T19:47:16.779304901Z     await app(scope, receive, sender)
2026-09-09T19:47:16.779306834Z   File "/usr/local/lib/python3.13/site-packages/fastapi/routing.py", line 120, in app
2026-09-09T19:47:16.779309169Z     response = await f(request)
2026-09-09T19:47:16.779311093Z                ^^^^^^^^^^^^^^^^
2026-09-09T19:47:16.779313057Z   File "/usr/local/lib/python3.13/site-packages/fastapi/routing.py", line 674, in app
2026-09-09T19:47:16.779314981Z     raw_response = await run_endpoint_function(
2026-09-09T19:47:16.779316914Z                    ^^^^^^^^^^^^^^^^^^^^^^^^^^^^
2026-09-09T19:47:16.779319419Z     ...<3 lines>...
2026-09-09T19:47:16.779321353Z     )
2026-09-09T19:47:16.779323287Z     ^
2026-09-09T19:47:16.779325221Z   File "/usr/local/lib/python3.13/site-packages/fastapi/routing.py", line 330, in run_endpoint_function
2026-09-09T19:47:16.779327225Z     return await run_in_threadpool(dependant.call, **values)
2026-09-09T19:47:16.779329148Z            ^^^^^^^^^^^^^^^^^^^^^^^^^^^^^^^^^^^^^^^^^^^^^^^^^
2026-09-09T19:47:16.779380159Z   File "/usr/local/lib/python3.13/site-packages/starlette/concurrency.py", line 32, in run_in_threadpool
2026-09-09T19:47:16.779386452Z     return await anyio.to_thread.run_sync(func)
2026-09-09T19:47:16.779388846Z            ^^^^^^^^^^^^^^^^^^^^^^^^^^^^^^^^^^^^
2026-09-09T19:47:16.779391301Z   File "/usr/local/lib/python3.13/site-packages/anyio/to_thread.py", line 63, in run_sync
2026-09-09T19:47:16.779393616Z     return await get_async_backend().run_sync_in_worker_thread(
2026-09-09T19:47:16.779396722Z            ^^^^^^^^^^^^^^^^^^^^^^^^^^^^^^^^^^^^^^^^^^^^^^^^^^^^
2026-09-09T19:47:16.779399227Z         func, args, abandon_on_cancel=abandon_on_cancel, limiter=limiter
2026-09-09T19:47:16.779412693Z         ^^^^^^^^^^^^^^^^^^^^^^^^^^^^^^^^^^^^^^^^^^^^^^^^^^^^^^^^^^^^^^^^
2026-09-09T19:47:16.779414828Z     )
2026-09-09T19:47:16.779416791Z     ^
2026-09-09T19:47:16.779418735Z   File "/usr/local/lib/python3.13/site-packages/anyio/_backends/_asyncio.py", line 2518, in run_sync_in_worker_thread
2026-09-09T19:47:16.779420679Z     return await future
2026-09-09T19:47:16.779422613Z            ^^^^^^^^^^^^
2026-09-09T19:47:16.779424577Z   File "/usr/local/lib/python3.13/site-packages/anyio/_backends/_asyncio.py", line 1002, in run
2026-09-09T19:47:16.779426491Z     result = context.run(func, *args)
2026-09-09T19:47:16.779428434Z   File "/app/app/routers/orders.py", line 36, in checkout
2026-09-09T19:47:16.779430358Z     return create_order(
2026-09-09T19:47:16.779432352Z         db=db,
2026-09-09T19:47:16.779434306Z     ...<2 lines>...
2026-09-09T19:47:16.779436250Z         correlation_id=correlation_id,
2026-09-09T19:47:16.779438224Z     )
2026-09-09T19:47:16.779440248Z   File "/app/app/services/order_service.py", line 42, in create_order
2026-09-09T19:47:16.779442202Z     result = db.execute(
2026-09-09T19:47:16.779444145Z         select(ProductModel).where(ProductModel.id == product_id)
2026-09-09T19:47:16.779446069Z     )
2026-09-09T19:47:16.779448013Z   File "/usr/local/lib/python3.13/site-packages/sqlalchemy/orm/session.py", line 2372, in execute
2026-09-09T19:47:16.779449947Z     return self._execute_internal(
2026-09-09T19:47:16.779451871Z            ~~~~~~~~~~~~~~~~~~~~~~^
2026-09-09T19:47:16.779453804Z         statement,
2026-09-09T19:47:16.779455728Z         ^^^^^^^^^^
2026-09-09T19:47:16.779457672Z     ...<4 lines>...
2026-09-09T19:47:16.779459606Z         _add_event=_add_event,
2026-09-09T19:47:16.779461520Z         ^^^^^^^^^^^^^^^^^^^^^^
2026-09-09T19:47:16.779463464Z     )
2026-09-09T19:47:16.779465367Z     ^
2026-09-09T19:47:16.779467311Z   File "/usr/local/lib/python3.13/site-packages/sqlalchemy/orm/session.py", line 2260, in _execute_internal
2026-09-09T19:47:16.779469295Z     conn = self._connection_for_bind(bind)
2026-09-09T19:47:16.779471249Z   File "/usr/local/lib/python3.13/site-packages/sqlalchemy/orm/session.py", line 2112, in _connection_for_bind
2026-09-09T19:47:16.779473183Z     return trans._connection_for_bind(engine, execution_options)
2026-09-09T19:47:16.779475127Z            ~~~~~~~~~~~~~~~~~~~~~~~~~~^^^^^^^^^^^^^^^^^^^^^^^^^^^
2026-09-09T19:47:16.779477060Z   File "<string>", line 2, in _connection_for_bind
2026-09-09T19:47:16.779479164Z   File "/usr/local/lib/python3.13/site-packages/sqlalchemy/orm/state_changes.py", line 137, in _go
2026-09-09T19:47:16.779481128Z     ret_value = fn(self, *arg, **kw)
2026-09-09T19:47:16.779483112Z   File "/usr/local/lib/python3.13/site-packages/sqlalchemy/orm/session.py", line 1191, in _connection_for_bind
2026-09-09T19:47:16.779485036Z     conn = bind.connect()
2026-09-09T19:47:16.779487591Z   File "/usr/local/lib/python3.13/site-packages/opentelemetry/instrumentation/sqlalchemy/engine.py", line 200, in _wrap_connect_internal
2026-09-09T19:47:16.779489525Z     return func(*args, **kwargs)
2026-09-09T19:47:16.779491479Z   File "/usr/local/lib/python3.13/site-packages/sqlalchemy/engine/base.py", line 3295, in connect
2026-09-09T19:47:16.779493403Z     return self._connection_cls(self)
2026-09-09T19:47:16.779495356Z            ~~~~~~~~~~~~~~~~~~~~^^^^^^
2026-09-09T19:47:16.779497310Z   File "/usr/local/lib/python3.13/site-packages/sqlalchemy/engine/base.py", line 144, in __init__
2026-09-09T19:47:16.779499244Z     self._dbapi_connection = engine.raw_connection()
2026-09-09T19:47:16.779506048Z                              ~~~~~~~~~~~~~~~~~~~~~^^
2026-09-09T19:47:16.779508051Z   File "/usr/local/lib/python3.13/site-packages/sqlalchemy/engine/base.py", line 3319, in raw_connection
2026-09-09T19:47:16.779509995Z     return self.pool.connect()
2026-09-09T19:47:16.779511919Z            ~~~~~~~~~~~~~~~~~^^
2026-09-09T19:47:16.779513913Z   File "/usr/local/lib/python3.13/site-packages/sqlalchemy/pool/base.py", line 448, in connect
2026-09-09T19:47:16.779515867Z     return _ConnectionFairy._checkout(self)
2026-09-09T19:47:16.779517801Z            ~~~~~~~~~~~~~~~~~~~~~~~~~~^^^^^^
2026-09-09T19:47:16.779519725Z   File "/usr/local/lib/python3.13/site-packages/sqlalchemy/pool/base.py", line 1272, in _checkout
2026-09-09T19:47:16.779521648Z     fairy = _ConnectionRecord.checkout(pool)
2026-09-09T19:47:16.779523722Z   File "/usr/local/lib/python3.13/site-packages/sqlalchemy/pool/base.py", line 712, in checkout
2026-09-09T19:47:16.779525817Z     rec = pool._do_get()
2026-09-09T19:47:16.779527760Z   File "/usr/local/lib/python3.13/site-packages/sqlalchemy/pool/impl.py", line 167, in _do_get
2026-09-09T19:47:16.779529694Z     raise exc.TimeoutError(
2026-09-09T19:47:16.779531668Z     ...<4 lines>...
2026-09-09T19:47:16.779533612Z     )
2026-09-09T19:47:16.779537810Z sqlalchemy.exc.TimeoutError: QueuePool limit of size 5 overflow 10 reached, connection timed out, timeout 30.00 (Background on this error at: https://sqlalche.me/e/20/3o7r)
2026-09-09T19:47:20.367597073Z ERROR:    Exception in ASGI application
2026-09-09T19:47:20.367654035Z Traceback (most recent call last):
2026-09-09T19:47:20.367659867Z   File "/usr/local/lib/python3.13/site-packages/uvicorn/protocols/http/httptools_impl.py", line 421, in run_asgi
2026-09-09T19:47:20.367664957Z     result = await app(  # type: ignore[func-returns-value]
2026-09-09T19:47:20.367669496Z              ^^^^^^^^^^^^^^^^^^^^^^^^^^^^^^^^^^^^^^^^^^^^^^
2026-09-09T19:47:20.367673864Z         self.scope, self.receive, self.send
2026-09-09T19:47:20.367678213Z         ^^^^^^^^^^^^^^^^^^^^^^^^^^^^^^^^^^^
2026-09-09T19:47:20.367682572Z     )
2026-09-09T19:47:20.367687020Z     ^
2026-09-09T19:47:20.367691449Z   File "/usr/local/lib/python3.13/site-packages/uvicorn/middleware/proxy_headers.py", line 63, in __call__
2026-09-09T19:47:20.367695898Z     return await self.app(scope, receive, send)
2026-09-09T19:47:20.367700196Z            ^^^^^^^^^^^^^^^^^^^^^^^^^^^^^^^^^^^^
2026-09-09T19:47:20.367705186Z   File "/usr/local/lib/python3.13/site-packages/fastapi/applications.py", line 1159, in __call__
2026-09-09T19:47:20.367709585Z     await super().__call__(scope, receive, send)
2026-09-09T19:47:20.367714034Z   File "/usr/local/lib/python3.13/site-packages/starlette/applications.py", line 107, in __call__
2026-09-09T19:47:20.367719144Z     await self.middleware_stack(scope, receive, send)
2026-09-09T19:47:20.367723562Z   File "/usr/local/lib/python3.13/site-packages/starlette/middleware/errors.py", line 186, in __call__
2026-09-09T19:47:20.367728031Z     raise exc
2026-09-09T19:47:20.367732440Z   File "/usr/local/lib/python3.13/site-packages/starlette/middleware/errors.py", line 164, in __call__
2026-09-09T19:47:20.367736899Z     await self.app(scope, receive, _send)
2026-09-09T19:47:20.367742259Z   File "/usr/local/lib/python3.13/site-packages/opentelemetry/instrumentation/asgi/__init__.py", line 806, in __call__
2026-09-09T19:47:20.367746688Z     await self.app(scope, otel_receive, otel_send)
2026-09-09T19:47:20.367751097Z   File "/usr/local/lib/python3.13/site-packages/starlette/middleware/errors.py", line 186, in __call__
2026-09-09T19:47:20.367755566Z     raise exc
2026-09-09T19:47:20.367759954Z   File "/usr/local/lib/python3.13/site-packages/starlette/middleware/errors.py", line 164, in __call__
2026-09-09T19:47:20.367795605Z     await self.app(scope, receive, _send)
2026-09-09T19:47:20.367800294Z   File "/usr/local/lib/python3.13/site-packages/opentelemetry/instrumentation/fastapi/__init__.py", line 305, in __call__
2026-09-09T19:47:20.367804672Z     await self.app(scope, receive, send)
2026-09-09T19:47:20.367809081Z   File "/usr/local/lib/python3.13/site-packages/prometheus_fastapi_instrumentator/middleware.py", line 177, in __call__
2026-09-09T19:47:20.367813430Z     raise exc
2026-09-09T19:47:20.367817828Z   File "/usr/local/lib/python3.13/site-packages/prometheus_fastapi_instrumentator/middleware.py", line 175, in __call__
2026-09-09T19:47:20.367822167Z     await self.app(scope, receive, send_wrapper)
2026-09-09T19:47:20.367826526Z   File "/usr/local/lib/python3.13/site-packages/starlette/middleware/exceptions.py", line 63, in __call__
2026-09-09T19:47:20.367831656Z     await wrap_app_handling_exceptions(self.app, conn)(scope, receive, send)
2026-09-09T19:47:20.367835543Z   File "/usr/local/lib/python3.13/site-packages/starlette/_exception_handler.py", line 53, in wrapped_app
2026-09-09T19:47:20.367837457Z     raise exc
2026-09-09T19:47:20.367839421Z   File "/usr/local/lib/python3.13/site-packages/starlette/_exception_handler.py", line 42, in wrapped_app
2026-09-09T19:47:20.367841365Z     await app(scope, receive, sender)
2026-09-09T19:47:20.367843399Z   File "/usr/local/lib/python3.13/site-packages/fastapi/middleware/asyncexitstack.py", line 18, in __call__
2026-09-09T19:47:20.367845844Z     await self.app(scope, receive, send)
2026-09-09T19:47:20.367848289Z   File "/usr/local/lib/python3.13/site-packages/starlette/routing.py", line 716, in __call__
2026-09-09T19:47:20.367850733Z     await self.middleware_stack(scope, receive, send)
2026-09-09T19:47:20.367852737Z   File "/usr/local/lib/python3.13/site-packages/starlette/routing.py", line 736, in app
2026-09-09T19:47:20.367854681Z     await route.handle(scope, receive, send)
2026-09-09T19:47:20.367856645Z   File "/usr/local/lib/python3.13/site-packages/starlette/routing.py", line 290, in handle
2026-09-09T19:47:20.367859140Z     await self.app(scope, receive, send)
2026-09-09T19:47:20.367861585Z   File "/usr/local/lib/python3.13/site-packages/fastapi/routing.py", line 134, in app
2026-09-09T19:47:20.367863979Z     await wrap_app_handling_exceptions(app, request)(scope, receive, send)
2026-09-09T19:47:20.367866144Z   File "/usr/local/lib/python3.13/site-packages/starlette/_exception_handler.py", line 53, in wrapped_app
2026-09-09T19:47:20.367868068Z     raise exc
2026-09-09T19:47:20.367869981Z   File "/usr/local/lib/python3.13/site-packages/starlette/_exception_handler.py", line 42, in wrapped_app
2026-09-09T19:47:20.367871895Z     await app(scope, receive, sender)
2026-09-09T19:47:20.367874320Z   File "/usr/local/lib/python3.13/site-packages/fastapi/routing.py", line 120, in app
2026-09-09T19:47:20.367876614Z     response = await f(request)
2026-09-09T19:47:20.367878548Z                ^^^^^^^^^^^^^^^^
2026-09-09T19:47:20.367880472Z   File "/usr/local/lib/python3.13/site-packages/fastapi/routing.py", line 674, in app
2026-09-09T19:47:20.367882386Z     raw_response = await run_endpoint_function(
2026-09-09T19:47:20.367884330Z                    ^^^^^^^^^^^^^^^^^^^^^^^^^^^^
2026-09-09T19:47:20.367886784Z     ...<3 lines>...
2026-09-09T19:47:20.367888748Z     )
2026-09-09T19:47:20.367890732Z     ^
2026-09-09T19:47:20.367892666Z   File "/usr/local/lib/python3.13/site-packages/fastapi/routing.py", line 330, in run_endpoint_function
2026-09-09T19:47:20.367894610Z     return await run_in_threadpool(dependant.call, **values)
2026-09-09T19:47:20.367914860Z            ^^^^^^^^^^^^^^^^^^^^^^^^^^^^^^^^^^^^^^^^^^^^^^^^^
2026-09-09T19:47:20.367948556Z   File "/usr/local/lib/python3.13/site-packages/starlette/concurrency.py", line 32, in run_in_threadpool
2026-09-09T19:47:20.367953206Z     return await anyio.to_thread.run_sync(func)
2026-09-09T19:47:20.367955169Z            ^^^^^^^^^^^^^^^^^^^^^^^^^^^^^^^^^^^^
2026-09-09T19:47:20.367957113Z   File "/usr/local/lib/python3.13/site-packages/anyio/to_thread.py", line 63, in run_sync
2026-09-09T19:47:20.367959027Z     return await get_async_backend().run_sync_in_worker_thread(
2026-09-09T19:47:20.367960941Z            ^^^^^^^^^^^^^^^^^^^^^^^^^^^^^^^^^^^^^^^^^^^^^^^^^^^^
2026-09-09T19:47:20.367962845Z         func, args, abandon_on_cancel=abandon_on_cancel, limiter=limiter
2026-09-09T19:47:20.367964738Z         ^^^^^^^^^^^^^^^^^^^^^^^^^^^^^^^^^^^^^^^^^^^^^^^^^^^^^^^^^^^^^^^^
2026-09-09T19:47:20.367966632Z     )
2026-09-09T19:47:20.367968546Z     ^
2026-09-09T19:47:20.367970510Z   File "/usr/local/lib/python3.13/site-packages/anyio/_backends/_asyncio.py", line 2518, in run_sync_in_worker_thread
2026-09-09T19:47:20.367972524Z     return await future
2026-09-09T19:47:20.367974478Z            ^^^^^^^^^^^^
2026-09-09T19:47:20.367976411Z   File "/usr/local/lib/python3.13/site-packages/anyio/_backends/_asyncio.py", line 1002, in run
2026-09-09T19:47:20.367978315Z     result = context.run(func, *args)
2026-09-09T19:47:20.367980229Z   File "/app/app/routers/orders.py", line 36, in checkout
2026-09-09T19:47:20.367982143Z     return create_order(
2026-09-09T19:47:20.367984097Z         db=db,
2026-09-09T19:47:20.367986040Z     ...<2 lines>...
2026-09-09T19:47:20.367988034Z         correlation_id=correlation_id,
2026-09-09T19:47:20.367989958Z     )
2026-09-09T19:47:20.367992012Z   File "/app/app/services/order_service.py", line 42, in create_order
2026-09-09T19:47:20.367993946Z     result = db.execute(
2026-09-09T19:47:20.367995880Z         select(ProductModel).where(ProductModel.id == product_id)
2026-09-09T19:47:20.367997804Z     )
2026-09-09T19:47:20.367999737Z   File "/usr/local/lib/python3.13/site-packages/sqlalchemy/orm/session.py", line 2372, in execute
2026-09-09T19:47:20.368001651Z     return self._execute_internal(
2026-09-09T19:47:20.368003585Z            ~~~~~~~~~~~~~~~~~~~~~~^
2026-09-09T19:47:20.368005509Z         statement,
2026-09-09T19:47:20.368007423Z         ^^^^^^^^^^
2026-09-09T19:47:20.368009326Z     ...<4 lines>...
2026-09-09T19:47:20.368011240Z         _add_event=_add_event,
2026-09-09T19:47:20.368013154Z         ^^^^^^^^^^^^^^^^^^^^^^
2026-09-09T19:47:20.368015058Z     )
2026-09-09T19:47:20.368016961Z     ^
2026-09-09T19:47:20.368018885Z   File "/usr/local/lib/python3.13/site-packages/sqlalchemy/orm/session.py", line 2260, in _execute_internal
2026-09-09T19:47:20.368020809Z     conn = self._connection_for_bind(bind)
2026-09-09T19:47:20.368022743Z   File "/usr/local/lib/python3.13/site-packages/sqlalchemy/orm/session.py", line 2112, in _connection_for_bind
2026-09-09T19:47:20.368024657Z     return trans._connection_for_bind(engine, execution_options)
2026-09-09T19:47:20.368026570Z            ~~~~~~~~~~~~~~~~~~~~~~~~~~^^^^^^^^^^^^^^^^^^^^^^^^^^^
2026-09-09T19:47:20.368028484Z   File "<string>", line 2, in _connection_for_bind
2026-09-09T19:47:20.368030398Z   File "/usr/local/lib/python3.13/site-packages/sqlalchemy/orm/state_changes.py", line 137, in _go
2026-09-09T19:47:20.368032312Z     ret_value = fn(self, *arg, **kw)
2026-09-09T19:47:20.368034255Z   File "/usr/local/lib/python3.13/site-packages/sqlalchemy/orm/session.py", line 1191, in _connection_for_bind
2026-09-09T19:47:20.368036169Z     conn = bind.connect()
2026-09-09T19:47:20.368047081Z   File "/usr/local/lib/python3.13/site-packages/opentelemetry/instrumentation/sqlalchemy/engine.py", line 200, in _wrap_connect_internal
2026-09-09T19:47:20.368049095Z     return func(*args, **kwargs)
2026-09-09T19:47:20.368051019Z   File "/usr/local/lib/python3.13/site-packages/sqlalchemy/engine/base.py", line 3295, in connect
2026-09-09T19:47:20.368052922Z     return self._connection_cls(self)
2026-09-09T19:47:20.368054816Z            ~~~~~~~~~~~~~~~~~~~~^^^^^^
2026-09-09T19:47:20.368056720Z   File "/usr/local/lib/python3.13/site-packages/sqlalchemy/engine/base.py", line 144, in __init__
2026-09-09T19:47:20.368058654Z     self._dbapi_connection = engine.raw_connection()
2026-09-09T19:47:20.368060567Z                              ~~~~~~~~~~~~~~~~~~~~~^^
2026-09-09T19:47:20.368062521Z   File "/usr/local/lib/python3.13/site-packages/sqlalchemy/engine/base.py", line 3319, in raw_connection
2026-09-09T19:47:20.368064415Z     return self.pool.connect()
2026-09-09T19:47:20.368066319Z            ~~~~~~~~~~~~~~~~~^^
2026-09-09T19:47:20.368068223Z   File "/usr/local/lib/python3.13/site-packages/sqlalchemy/pool/base.py", line 448, in connect
2026-09-09T19:47:20.368070126Z     return _ConnectionFairy._checkout(self)
2026-09-09T19:47:20.368072030Z            ~~~~~~~~~~~~~~~~~~~~~~~~~~^^^^^^
2026-09-09T19:47:20.368073934Z   File "/usr/local/lib/python3.13/site-packages/sqlalchemy/pool/base.py", line 1272, in _checkout
2026-09-09T19:47:20.368075828Z     fairy = _ConnectionRecord.checkout(pool)
2026-09-09T19:47:20.368077731Z   File "/usr/local/lib/python3.13/site-packages/sqlalchemy/pool/base.py", line 712, in checkout
2026-09-09T19:47:20.368079645Z     rec = pool._do_get()
2026-09-09T19:47:20.368081559Z   File "/usr/local/lib/python3.13/site-packages/sqlalchemy/pool/impl.py", line 167, in _do_get
2026-09-09T19:47:20.368083443Z     raise exc.TimeoutError(
2026-09-09T19:47:20.368085346Z     ...<4 lines>...
2026-09-09T19:47:20.368087260Z     )
2026-09-09T19:47:20.368089905Z sqlalchemy.exc.TimeoutError: QueuePool limit of size 5 overflow 10 reached, connection timed out, timeout 30.00 (Background on this error at: https://sqlalche.me/e/20/3o7r)
2026-09-09T19:47:21.173700865Z ERROR:    Exception in ASGI application
2026-09-09T19:47:21.173745282Z Traceback (most recent call last):
2026-09-09T19:47:21.173748358Z   File "/usr/local/lib/python3.13/site-packages/uvicorn/protocols/http/httptools_impl.py", line 421, in run_asgi
2026-09-09T19:47:21.173751244Z     result = await app(  # type: ignore[func-returns-value]
2026-09-09T19:47:21.173753368Z              ^^^^^^^^^^^^^^^^^^^^^^^^^^^^^^^^^^^^^^^^^^^^^^
2026-09-09T19:47:21.173755482Z         self.scope, self.receive, self.send
2026-09-09T19:47:21.173757837Z         ^^^^^^^^^^^^^^^^^^^^^^^^^^^^^^^^^^^
2026-09-09T19:47:21.173759821Z     )
2026-09-09T19:47:21.173761845Z     ^
2026-09-09T19:47:21.173763809Z   File "/usr/local/lib/python3.13/site-packages/uvicorn/middleware/proxy_headers.py", line 63, in __call__
2026-09-09T19:47:21.173765743Z     return await self.app(scope, receive, send)
2026-09-09T19:47:21.173767656Z            ^^^^^^^^^^^^^^^^^^^^^^^^^^^^^^^^^^^^
2026-09-09T19:47:21.173770111Z   File "/usr/local/lib/python3.13/site-packages/fastapi/applications.py", line 1159, in __call__
2026-09-09T19:47:21.173772025Z     await super().__call__(scope, receive, send)
2026-09-09T19:47:21.173774249Z   File "/usr/local/lib/python3.13/site-packages/starlette/applications.py", line 107, in __call__
2026-09-09T19:47:21.173776163Z     await self.middleware_stack(scope, receive, send)
2026-09-09T19:47:21.173778097Z   File "/usr/local/lib/python3.13/site-packages/starlette/middleware/errors.py", line 186, in __call__
2026-09-09T19:47:21.173804339Z     raise exc
2026-09-09T19:47:21.173806483Z   File "/usr/local/lib/python3.13/site-packages/starlette/middleware/errors.py", line 164, in __call__
2026-09-09T19:47:21.173808507Z     await self.app(scope, receive, _send)
2026-09-09T19:47:21.173811122Z   File "/usr/local/lib/python3.13/site-packages/opentelemetry/instrumentation/asgi/__init__.py", line 806, in __call__
2026-09-09T19:47:21.173813086Z     await self.app(scope, otel_receive, otel_send)
2026-09-09T19:47:21.173815310Z   File "/usr/local/lib/python3.13/site-packages/starlette/middleware/errors.py", line 186, in __call__
2026-09-09T19:47:21.173817254Z     raise exc
2026-09-09T19:47:21.173819378Z   File "/usr/local/lib/python3.13/site-packages/starlette/middleware/errors.py", line 164, in __call__
2026-09-09T19:47:21.173821292Z     await self.app(scope, receive, _send)
2026-09-09T19:47:21.173823196Z   File "/usr/local/lib/python3.13/site-packages/opentelemetry/instrumentation/fastapi/__init__.py", line 305, in __call__
2026-09-09T19:47:21.173825100Z     await self.app(scope, receive, send)
2026-09-09T19:47:21.173827054Z   File "/usr/local/lib/python3.13/site-packages/prometheus_fastapi_instrumentator/middleware.py", line 177, in __call__
2026-09-09T19:47:21.173828957Z     raise exc
2026-09-09T19:47:21.173830871Z   File "/usr/local/lib/python3.13/site-packages/prometheus_fastapi_instrumentator/middleware.py", line 175, in __call__
2026-09-09T19:47:21.173832775Z     await self.app(scope, receive, send_wrapper)
2026-09-09T19:47:21.173834679Z   File "/usr/local/lib/python3.13/site-packages/starlette/middleware/exceptions.py", line 63, in __call__
2026-09-09T19:47:21.173837194Z     await wrap_app_handling_exceptions(self.app, conn)(scope, receive, send)
2026-09-09T19:47:21.173839188Z   File "/usr/local/lib/python3.13/site-packages/starlette/_exception_handler.py", line 53, in wrapped_app
2026-09-09T19:47:21.173841081Z     raise exc
2026-09-09T19:47:21.173842975Z   File "/usr/local/lib/python3.13/site-packages/starlette/_exception_handler.py", line 42, in wrapped_app
2026-09-09T19:47:21.173844859Z     await app(scope, receive, sender)
2026-09-09T19:47:21.173846772Z   File "/usr/local/lib/python3.13/site-packages/fastapi/middleware/asyncexitstack.py", line 18, in __call__
2026-09-09T19:47:21.173848696Z     await self.app(scope, receive, send)
2026-09-09T19:47:21.173850600Z   File "/usr/local/lib/python3.13/site-packages/starlette/routing.py", line 716, in __call__
2026-09-09T19:47:21.173852514Z     await self.middleware_stack(scope, receive, send)
2026-09-09T19:47:21.173854418Z   File "/usr/local/lib/python3.13/site-packages/starlette/routing.py", line 736, in app
2026-09-09T19:47:21.173856311Z     await route.handle(scope, receive, send)
2026-09-09T19:47:21.173858215Z   File "/usr/local/lib/python3.13/site-packages/starlette/routing.py", line 290, in handle
2026-09-09T19:47:21.173860109Z     await self.app(scope, receive, send)
2026-09-09T19:47:21.173862043Z   File "/usr/local/lib/python3.13/site-packages/fastapi/routing.py", line 134, in app
2026-09-09T19:47:21.173863936Z     await wrap_app_handling_exceptions(app, request)(scope, receive, send)
2026-09-09T19:47:21.173865850Z   File "/usr/local/lib/python3.13/site-packages/starlette/_exception_handler.py", line 53, in wrapped_app
2026-09-09T19:47:21.173867754Z     raise exc
2026-09-09T19:47:21.173869658Z   File "/usr/local/lib/python3.13/site-packages/starlette/_exception_handler.py", line 42, in wrapped_app
2026-09-09T19:47:21.173871581Z     await app(scope, receive, sender)
2026-09-09T19:47:21.173873475Z   File "/usr/local/lib/python3.13/site-packages/fastapi/routing.py", line 120, in app
2026-09-09T19:47:21.173878986Z     response = await f(request)
2026-09-09T19:47:21.173904366Z                ^^^^^^^^^^^^^^^^
2026-09-09T19:47:21.173908544Z   File "/usr/local/lib/python3.13/site-packages/fastapi/routing.py", line 674, in app
2026-09-09T19:47:21.173910488Z     raw_response = await run_endpoint_function(
2026-09-09T19:47:21.173912592Z                    ^^^^^^^^^^^^^^^^^^^^^^^^^^^^
2026-09-09T19:47:21.173915508Z     ...<3 lines>...
2026-09-09T19:47:21.173917452Z     )
2026-09-09T19:47:21.173919376Z     ^
2026-09-09T19:47:21.173923885Z   File "/usr/local/lib/python3.13/site-packages/fastapi/routing.py", line 330, in run_endpoint_function
2026-09-09T19:47:21.173925949Z     return await run_in_threadpool(dependant.call, **values)
2026-09-09T19:47:21.173927873Z            ^^^^^^^^^^^^^^^^^^^^^^^^^^^^^^^^^^^^^^^^^^^^^^^^^
2026-09-09T19:47:21.173959595Z   File "/usr/local/lib/python3.13/site-packages/starlette/concurrency.py", line 32, in run_in_threadpool
2026-09-09T19:47:21.173964244Z     return await anyio.to_thread.run_sync(func)
2026-09-09T19:47:21.173966228Z            ^^^^^^^^^^^^^^^^^^^^^^^^^^^^^^^^^^^^
2026-09-09T19:47:21.173968132Z   File "/usr/local/lib/python3.13/site-packages/anyio/to_thread.py", line 63, in run_sync
2026-09-09T19:47:21.173970116Z     return await get_async_backend().run_sync_in_worker_thread(
2026-09-09T19:47:21.173972090Z            ^^^^^^^^^^^^^^^^^^^^^^^^^^^^^^^^^^^^^^^^^^^^^^^^^^^^
2026-09-09T19:47:21.173974014Z         func, args, abandon_on_cancel=abandon_on_cancel, limiter=limiter
2026-09-09T19:47:21.173975977Z         ^^^^^^^^^^^^^^^^^^^^^^^^^^^^^^^^^^^^^^^^^^^^^^^^^^^^^^^^^^^^^^^^
2026-09-09T19:47:21.173977881Z     )
2026-09-09T19:47:21.173979805Z     ^
2026-09-09T19:47:21.173981709Z   File "/usr/local/lib/python3.13/site-packages/anyio/_backends/_asyncio.py", line 2518, in run_sync_in_worker_thread
2026-09-09T19:47:21.173983633Z     return await future
2026-09-09T19:47:21.173985556Z            ^^^^^^^^^^^^
2026-09-09T19:47:21.173987490Z   File "/usr/local/lib/python3.13/site-packages/anyio/_backends/_asyncio.py", line 1002, in run
2026-09-09T19:47:21.173991488Z     result = context.run(func, *args)
2026-09-09T19:47:21.173993672Z   File "/app/app/routers/orders.py", line 36, in checkout
2026-09-09T19:47:21.173995636Z     return create_order(
2026-09-09T19:47:21.173997570Z         db=db,
2026-09-09T19:47:21.173999554Z     ...<2 lines>...
2026-09-09T19:47:21.174001488Z         correlation_id=correlation_id,
2026-09-09T19:47:21.174003402Z     )
2026-09-09T19:47:21.174005385Z   File "/app/app/services/order_service.py", line 42, in create_order
2026-09-09T19:47:21.174007339Z     result = db.execute(
2026-09-09T19:47:21.174009313Z         select(ProductModel).where(ProductModel.id == product_id)
2026-09-09T19:47:21.174011187Z     )
2026-09-09T19:47:21.174013171Z   File "/usr/local/lib/python3.13/site-packages/sqlalchemy/orm/session.py", line 2372, in execute
2026-09-09T19:47:21.174015105Z     return self._execute_internal(
2026-09-09T19:47:21.174017008Z            ~~~~~~~~~~~~~~~~~~~~~~^
2026-09-09T19:47:21.174018932Z         statement,
2026-09-09T19:47:21.174020876Z         ^^^^^^^^^^
2026-09-09T19:47:21.174022780Z     ...<4 lines>...
2026-09-09T19:47:21.174024894Z         _add_event=_add_event,
2026-09-09T19:47:21.174026948Z         ^^^^^^^^^^^^^^^^^^^^^^
2026-09-09T19:47:21.174028842Z     )
2026-09-09T19:47:21.174030725Z     ^
2026-09-09T19:47:21.174032669Z   File "/usr/local/lib/python3.13/site-packages/sqlalchemy/orm/session.py", line 2260, in _execute_internal
2026-09-09T19:47:21.174034603Z     conn = self._connection_for_bind(bind)
2026-09-09T19:47:21.174036547Z   File "/usr/local/lib/python3.13/site-packages/sqlalchemy/orm/session.py", line 2112, in _connection_for_bind
2026-09-09T19:47:21.174046637Z     return trans._connection_for_bind(engine, execution_options)
2026-09-09T19:47:21.174048641Z            ~~~~~~~~~~~~~~~~~~~~~~~~~~^^^^^^^^^^^^^^^^^^^^^^^^^^^
2026-09-09T19:47:21.174050545Z   File "<string>", line 2, in _connection_for_bind
2026-09-09T19:47:21.174052448Z   File "/usr/local/lib/python3.13/site-packages/sqlalchemy/orm/state_changes.py", line 137, in _go
2026-09-09T19:47:21.174054342Z     ret_value = fn(self, *arg, **kw)
2026-09-09T19:47:21.174056236Z   File "/usr/local/lib/python3.13/site-packages/sqlalchemy/orm/session.py", line 1191, in _connection_for_bind
2026-09-09T19:47:21.174058130Z     conn = bind.connect()
2026-09-09T19:47:21.174060614Z   File "/usr/local/lib/python3.13/site-packages/opentelemetry/instrumentation/sqlalchemy/engine.py", line 200, in _wrap_connect_internal
2026-09-09T19:47:21.174062538Z     return func(*args, **kwargs)
2026-09-09T19:47:21.174064432Z   File "/usr/local/lib/python3.13/site-packages/sqlalchemy/engine/base.py", line 3295, in connect
2026-09-09T19:47:21.174066326Z     return self._connection_cls(self)
2026-09-09T19:47:21.174068219Z            ~~~~~~~~~~~~~~~~~~~~^^^^^^
2026-09-09T19:47:21.174070133Z   File "/usr/local/lib/python3.13/site-packages/sqlalchemy/engine/base.py", line 144, in __init__
2026-09-09T19:47:21.174072047Z     self._dbapi_connection = engine.raw_connection()
2026-09-09T19:47:21.174075624Z                              ~~~~~~~~~~~~~~~~~~~~~^^
2026-09-09T19:47:21.174077628Z   File "/usr/local/lib/python3.13/site-packages/sqlalchemy/engine/base.py", line 3319, in raw_connection
2026-09-09T19:47:21.174079542Z     return self.pool.connect()
2026-09-09T19:47:21.174081466Z            ~~~~~~~~~~~~~~~~~^^
2026-09-09T19:47:21.174083450Z   File "/usr/local/lib/python3.13/site-packages/sqlalchemy/pool/base.py", line 448, in connect
2026-09-09T19:47:21.174085403Z     return _ConnectionFairy._checkout(self)
2026-09-09T19:47:21.174087337Z            ~~~~~~~~~~~~~~~~~~~~~~~~~~^^^^^^
2026-09-09T19:47:21.174089221Z   File "/usr/local/lib/python3.13/site-packages/sqlalchemy/pool/base.py", line 1272, in _checkout
2026-09-09T19:47:21.174091125Z     fairy = _ConnectionRecord.checkout(pool)
2026-09-09T19:47:21.174093028Z   File "/usr/local/lib/python3.13/site-packages/sqlalchemy/pool/base.py", line 712, in checkout
2026-09-09T19:47:21.174094922Z     rec = pool._do_get()
2026-09-09T19:47:21.174096836Z   File "/usr/local/lib/python3.13/site-packages/sqlalchemy/pool/impl.py", line 167, in _do_get
2026-09-09T19:47:21.174098750Z     raise exc.TimeoutError(
2026-09-09T19:47:21.174100653Z     ...<4 lines>...
2026-09-09T19:47:21.174102557Z     )
2026-09-09T19:47:21.174105152Z sqlalchemy.exc.TimeoutError: QueuePool limit of size 5 overflow 10 reached, connection timed out, timeout 30.00 (Background on this error at: https://sqlalche.me/e/20/3o7r)
2026-09-09T19:47:21.665667768Z ERROR:    Exception in ASGI application
2026-09-09T19:47:21.665702697Z Traceback (most recent call last):
2026-09-09T19:47:21.665706725Z   File "/usr/local/lib/python3.13/site-packages/uvicorn/protocols/http/httptools_impl.py", line 421, in run_asgi
2026-09-09T19:47:21.665710072Z     result = await app(  # type: ignore[func-returns-value]
2026-09-09T19:47:21.665712777Z              ^^^^^^^^^^^^^^^^^^^^^^^^^^^^^^^^^^^^^^^^^^^^^^
2026-09-09T19:47:21.665715833Z         self.scope, self.receive, self.send
2026-09-09T19:47:21.665718569Z         ^^^^^^^^^^^^^^^^^^^^^^^^^^^^^^^^^^^
2026-09-09T19:47:21.665721274Z     )
2026-09-09T19:47:21.665724120Z     ^
2026-09-09T19:47:21.665726955Z   File "/usr/local/lib/python3.13/site-packages/uvicorn/middleware/proxy_headers.py", line 63, in __call__
2026-09-09T19:47:21.665853866Z     return await self.app(scope, receive, send)
2026-09-09T19:47:21.665860038Z            ^^^^^^^^^^^^^^^^^^^^^^^^^^^^^^^^^^^^
2026-09-09T19:47:21.665863485Z   File "/usr/local/lib/python3.13/site-packages/fastapi/applications.py", line 1159, in __call__
2026-09-09T19:47:21.665866240Z     await super().__call__(scope, receive, send)
2026-09-09T19:47:21.665869005Z   File "/usr/local/lib/python3.13/site-packages/starlette/applications.py", line 107, in __call__
2026-09-09T19:47:21.665871741Z     await self.middleware_stack(scope, receive, send)
2026-09-09T19:47:21.665874617Z   File "/usr/local/lib/python3.13/site-packages/starlette/middleware/errors.py", line 186, in __call__
2026-09-09T19:47:21.665877442Z     raise exc
2026-09-09T19:47:21.665880208Z   File "/usr/local/lib/python3.13/site-packages/starlette/middleware/errors.py", line 164, in __call__
2026-09-09T19:47:21.665882973Z     await self.app(scope, receive, _send)
2026-09-09T19:47:21.665886259Z   File "/usr/local/lib/python3.13/site-packages/opentelemetry/instrumentation/asgi/__init__.py", line 806, in __call__
2026-09-09T19:47:21.665888985Z     await self.app(scope, otel_receive, otel_send)
2026-09-09T19:47:21.665891700Z   File "/usr/local/lib/python3.13/site-packages/starlette/middleware/errors.py", line 186, in __call__
2026-09-09T19:47:21.665894666Z     raise exc
2026-09-09T19:47:21.665897452Z   File "/usr/local/lib/python3.13/site-packages/starlette/middleware/errors.py", line 164, in __call__
2026-09-09T19:47:21.665900177Z     await self.app(scope, receive, _send)
2026-09-09T19:47:21.665902892Z   File "/usr/local/lib/python3.13/site-packages/opentelemetry/instrumentation/fastapi/__init__.py", line 305, in __call__
2026-09-09T19:47:21.665905628Z     await self.app(scope, receive, send)
2026-09-09T19:47:21.665908333Z   File "/usr/local/lib/python3.13/site-packages/prometheus_fastapi_instrumentator/middleware.py", line 177, in __call__
2026-09-09T19:47:21.665911038Z     raise exc
2026-09-09T19:47:21.665913734Z   File "/usr/local/lib/python3.13/site-packages/prometheus_fastapi_instrumentator/middleware.py", line 175, in __call__
2026-09-09T19:47:21.665916429Z     await self.app(scope, receive, send_wrapper)
2026-09-09T19:47:21.665919174Z   File "/usr/local/lib/python3.13/site-packages/starlette/middleware/exceptions.py", line 63, in __call__
2026-09-09T19:47:21.665922431Z     await wrap_app_handling_exceptions(self.app, conn)(scope, receive, send)
2026-09-09T19:47:21.665925146Z   File "/usr/local/lib/python3.13/site-packages/starlette/_exception_handler.py", line 53, in wrapped_app
2026-09-09T19:47:21.665927842Z     raise exc
2026-09-09T19:47:21.665930517Z   File "/usr/local/lib/python3.13/site-packages/starlette/_exception_handler.py", line 42, in wrapped_app
2026-09-09T19:47:21.665933222Z     await app(scope, receive, sender)
2026-09-09T19:47:21.665935917Z   File "/usr/local/lib/python3.13/site-packages/fastapi/middleware/asyncexitstack.py", line 18, in __call__
2026-09-09T19:47:21.665938613Z     await self.app(scope, receive, send)
2026-09-09T19:47:21.665941368Z   File "/usr/local/lib/python3.13/site-packages/starlette/routing.py", line 716, in __call__
2026-09-09T19:47:21.665944074Z     await self.middleware_stack(scope, receive, send)
2026-09-09T19:47:21.665946779Z   File "/usr/local/lib/python3.13/site-packages/starlette/routing.py", line 736, in app
2026-09-09T19:47:21.665949544Z     await route.handle(scope, receive, send)
2026-09-09T19:47:21.665952230Z   File "/usr/local/lib/python3.13/site-packages/starlette/routing.py", line 290, in handle
2026-09-09T19:47:21.665954965Z     await self.app(scope, receive, send)
2026-09-09T19:47:21.665957680Z   File "/usr/local/lib/python3.13/site-packages/fastapi/routing.py", line 134, in app
2026-09-09T19:47:21.665970155Z     await wrap_app_handling_exceptions(app, request)(scope, receive, send)
2026-09-09T19:47:21.665973021Z   File "/usr/local/lib/python3.13/site-packages/starlette/_exception_handler.py", line 53, in wrapped_app
2026-09-09T19:47:21.665975756Z     raise exc
2026-09-09T19:47:21.665978481Z   File "/usr/local/lib/python3.13/site-packages/starlette/_exception_handler.py", line 42, in wrapped_app
2026-09-09T19:47:21.665981457Z     await app(scope, receive, sender)
2026-09-09T19:47:21.665984193Z   File "/usr/local/lib/python3.13/site-packages/fastapi/routing.py", line 120, in app
2026-09-09T19:47:21.665987459Z     response = await f(request)
2026-09-09T19:47:21.665990175Z                ^^^^^^^^^^^^^^^^
2026-09-09T19:47:21.665992860Z   File "/usr/local/lib/python3.13/site-packages/fastapi/routing.py", line 674, in app
2026-09-09T19:47:21.665995605Z     raw_response = await run_endpoint_function(
2026-09-09T19:47:21.665998331Z                    ^^^^^^^^^^^^^^^^^^^^^^^^^^^^
2026-09-09T19:47:21.666001547Z     ...<3 lines>...
2026-09-09T19:47:21.666004252Z     )
2026-09-09T19:47:21.666006978Z     ^
2026-09-09T19:47:21.666009673Z   File "/usr/local/lib/python3.13/site-packages/fastapi/routing.py", line 330, in run_endpoint_function
2026-09-09T19:47:21.666012378Z     return await run_in_threadpool(dependant.call, **values)
2026-09-09T19:47:21.666015114Z            ^^^^^^^^^^^^^^^^^^^^^^^^^^^^^^^^^^^^^^^^^^^^^^^^^
2026-09-09T19:47:21.666050253Z   File "/usr/local/lib/python3.13/site-packages/starlette/concurrency.py", line 32, in run_in_threadpool
2026-09-09T19:47:21.666056525Z     return await anyio.to_thread.run_sync(func)
2026-09-09T19:47:21.666059311Z            ^^^^^^^^^^^^^^^^^^^^^^^^^^^^^^^^^^^^
2026-09-09T19:47:21.666061996Z   File "/usr/local/lib/python3.13/site-packages/anyio/to_thread.py", line 63, in run_sync
2026-09-09T19:47:21.666064722Z     return await get_async_backend().run_sync_in_worker_thread(
2026-09-09T19:47:21.666067417Z            ^^^^^^^^^^^^^^^^^^^^^^^^^^^^^^^^^^^^^^^^^^^^^^^^^^^^
2026-09-09T19:47:21.666070112Z         func, args, abandon_on_cancel=abandon_on_cancel, limiter=limiter
2026-09-09T19:47:21.666072918Z         ^^^^^^^^^^^^^^^^^^^^^^^^^^^^^^^^^^^^^^^^^^^^^^^^^^^^^^^^^^^^^^^^
2026-09-09T19:47:21.666075623Z     )
2026-09-09T19:47:21.666078318Z     ^
2026-09-09T19:47:21.666081004Z   File "/usr/local/lib/python3.13/site-packages/anyio/_backends/_asyncio.py", line 2518, in run_sync_in_worker_thread
2026-09-09T19:47:21.666083739Z     return await future
2026-09-09T19:47:21.666086445Z            ^^^^^^^^^^^^
2026-09-09T19:47:21.666089140Z   File "/usr/local/lib/python3.13/site-packages/anyio/_backends/_asyncio.py", line 1002, in run
2026-09-09T19:47:21.666091855Z     result = context.run(func, *args)
2026-09-09T19:47:21.666094821Z   File "/app/app/routers/orders.py", line 36, in checkout
2026-09-09T19:47:21.666097637Z     return create_order(
2026-09-09T19:47:21.666100412Z         db=db,
2026-09-09T19:47:21.666103158Z     ...<2 lines>...
2026-09-09T19:47:21.666105863Z         correlation_id=correlation_id,
2026-09-09T19:47:21.666108548Z     )
2026-09-09T19:47:21.666111274Z   File "/app/app/services/order_service.py", line 42, in create_order
2026-09-09T19:47:21.666113989Z     result = db.execute(
2026-09-09T19:47:21.666116714Z         select(ProductModel).where(ProductModel.id == product_id)
2026-09-09T19:47:21.666119470Z     )
2026-09-09T19:47:21.666122195Z   File "/usr/local/lib/python3.13/site-packages/sqlalchemy/orm/session.py", line 2372, in execute
2026-09-09T19:47:21.666124890Z     return self._execute_internal(
2026-09-09T19:47:21.666127596Z            ~~~~~~~~~~~~~~~~~~~~~~^
2026-09-09T19:47:21.666151182Z         statement,
2026-09-09T19:47:21.666154038Z         ^^^^^^^^^^
2026-09-09T19:47:21.666156713Z     ...<4 lines>...
2026-09-09T19:47:21.666159459Z         _add_event=_add_event,
2026-09-09T19:47:21.666162154Z         ^^^^^^^^^^^^^^^^^^^^^^
2026-09-09T19:47:21.666164819Z     )
2026-09-09T19:47:21.666167484Z     ^
2026-09-09T19:47:21.666170160Z   File "/usr/local/lib/python3.13/site-packages/sqlalchemy/orm/session.py", line 2260, in _execute_internal
2026-09-09T19:47:21.666172895Z     conn = self._connection_for_bind(bind)
2026-09-09T19:47:21.666175580Z   File "/usr/local/lib/python3.13/site-packages/sqlalchemy/orm/session.py", line 2112, in _connection_for_bind
2026-09-09T19:47:21.666178296Z     return trans._connection_for_bind(engine, execution_options)
2026-09-09T19:47:21.666181021Z            ~~~~~~~~~~~~~~~~~~~~~~~~~~^^^^^^^^^^^^^^^^^^^^^^^^^^^
2026-09-09T19:47:21.666183757Z   File "<string>", line 2, in _connection_for_bind
2026-09-09T19:47:21.666186432Z   File "/usr/local/lib/python3.13/site-packages/sqlalchemy/orm/state_changes.py", line 137, in _go
2026-09-09T19:47:21.666189117Z     ret_value = fn(self, *arg, **kw)
2026-09-09T19:47:21.666191812Z   File "/usr/local/lib/python3.13/site-packages/sqlalchemy/orm/session.py", line 1191, in _connection_for_bind
2026-09-09T19:47:21.666194498Z     conn = bind.connect()
2026-09-09T19:47:21.666197684Z   File "/usr/local/lib/python3.13/site-packages/opentelemetry/instrumentation/sqlalchemy/engine.py", line 200, in _wrap_connect_internal
2026-09-09T19:47:21.666200379Z     return func(*args, **kwargs)
2026-09-09T19:47:21.666203095Z   File "/usr/local/lib/python3.13/site-packages/sqlalchemy/engine/base.py", line 3295, in connect
2026-09-09T19:47:21.666205770Z     return self._connection_cls(self)
2026-09-09T19:47:21.666208485Z            ~~~~~~~~~~~~~~~~~~~~^^^^^^
2026-09-09T19:47:21.666211571Z   File "/usr/local/lib/python3.13/site-packages/sqlalchemy/engine/base.py", line 144, in __init__
2026-09-09T19:47:21.666214297Z     self._dbapi_connection = engine.raw_connection()
2026-09-09T19:47:21.666216992Z                              ~~~~~~~~~~~~~~~~~~~~~^^
2026-09-09T19:47:21.666219687Z   File "/usr/local/lib/python3.13/site-packages/sqlalchemy/engine/base.py", line 3319, in raw_connection
2026-09-09T19:47:21.666222373Z     return self.pool.connect()
2026-09-09T19:47:21.666225058Z            ~~~~~~~~~~~~~~~~~^^
2026-09-09T19:47:21.666227723Z   File "/usr/local/lib/python3.13/site-packages/sqlalchemy/pool/base.py", line 448, in connect
2026-09-09T19:47:21.666230409Z     return _ConnectionFairy._checkout(self)
2026-09-09T19:47:21.666233064Z            ~~~~~~~~~~~~~~~~~~~~~~~~~~^^^^^^
2026-09-09T19:47:21.666235729Z   File "/usr/local/lib/python3.13/site-packages/sqlalchemy/pool/base.py", line 1272, in _checkout
2026-09-09T19:47:21.666238414Z     fairy = _ConnectionRecord.checkout(pool)
2026-09-09T19:47:21.666241090Z   File "/usr/local/lib/python3.13/site-packages/sqlalchemy/pool/base.py", line 712, in checkout
2026-09-09T19:47:21.666243775Z     rec = pool._do_get()
2026-09-09T19:47:21.666246470Z   File "/usr/local/lib/python3.13/site-packages/sqlalchemy/pool/impl.py", line 167, in _do_get
2026-09-09T19:47:21.666249176Z     raise exc.TimeoutError(
2026-09-09T19:47:21.666251861Z     ...<4 lines>...
2026-09-09T19:47:21.666254546Z     )
2026-09-09T19:47:21.666258574Z sqlalchemy.exc.TimeoutError: QueuePool limit of size 5 overflow 10 reached, connection timed out, timeout 30.00 (Background on this error at: https://sqlalche.me/e/20/3o7r)
2026-09-09T19:47:21.955066061Z ERROR:    Exception in ASGI application
2026-09-09T19:47:21.955109998Z Traceback (most recent call last):
2026-09-09T19:47:21.955136420Z   File "/usr/local/lib/python3.13/site-packages/uvicorn/protocols/http/httptools_impl.py", line 421, in run_asgi
2026-09-09T19:47:21.955141721Z     result = await app(  # type: ignore[func-returns-value]
2026-09-09T19:47:21.955146180Z              ^^^^^^^^^^^^^^^^^^^^^^^^^^^^^^^^^^^^^^^^^^^^^^
2026-09-09T19:47:21.955150959Z         self.scope, self.receive, self.send
2026-09-09T19:47:21.955155378Z         ^^^^^^^^^^^^^^^^^^^^^^^^^^^^^^^^^^^
2026-09-09T19:47:21.955159857Z     )
2026-09-09T19:47:21.955164355Z     ^
2026-09-09T19:47:21.955168804Z   File "/usr/local/lib/python3.13/site-packages/uvicorn/middleware/proxy_headers.py", line 63, in __call__
2026-09-09T19:47:21.955173273Z     return await self.app(scope, receive, send)
2026-09-09T19:47:21.955177642Z            ^^^^^^^^^^^^^^^^^^^^^^^^^^^^^^^^^^^^
2026-09-09T19:47:21.955182631Z   File "/usr/local/lib/python3.13/site-packages/fastapi/applications.py", line 1159, in __call__
2026-09-09T19:47:21.955187130Z     await super().__call__(scope, receive, send)
2026-09-09T19:47:21.955191529Z   File "/usr/local/lib/python3.13/site-packages/starlette/applications.py", line 107, in __call__
2026-09-09T19:47:21.955195918Z     await self.middleware_stack(scope, receive, send)
2026-09-09T19:47:21.955200276Z   File "/usr/local/lib/python3.13/site-packages/starlette/middleware/errors.py", line 186, in __call__
2026-09-09T19:47:21.955204705Z     raise exc
2026-09-09T19:47:21.955209204Z   File "/usr/local/lib/python3.13/site-packages/starlette/middleware/errors.py", line 164, in __call__
2026-09-09T19:47:21.955213623Z     await self.app(scope, receive, _send)
2026-09-09T19:47:21.955218522Z   File "/usr/local/lib/python3.13/site-packages/opentelemetry/instrumentation/asgi/__init__.py", line 806, in __call__
2026-09-09T19:47:21.955222951Z     await self.app(scope, otel_receive, otel_send)
2026-09-09T19:47:21.955227350Z   File "/usr/local/lib/python3.13/site-packages/starlette/middleware/errors.py", line 186, in __call__
2026-09-09T19:47:21.955231778Z     raise exc
2026-09-09T19:47:21.955240175Z   File "/usr/local/lib/python3.13/site-packages/starlette/middleware/errors.py", line 164, in __call__
2026-09-09T19:47:21.955244724Z     await self.app(scope, receive, _send)
2026-09-09T19:47:21.955249223Z   File "/usr/local/lib/python3.13/site-packages/opentelemetry/instrumentation/fastapi/__init__.py", line 305, in __call__
2026-09-09T19:47:21.955253632Z     await self.app(scope, receive, send)
2026-09-09T19:47:21.955258040Z   File "/usr/local/lib/python3.13/site-packages/prometheus_fastapi_instrumentator/middleware.py", line 177, in __call__
2026-09-09T19:47:21.955262459Z     raise exc
2026-09-09T19:47:21.955266838Z   File "/usr/local/lib/python3.13/site-packages/prometheus_fastapi_instrumentator/middleware.py", line 175, in __call__
2026-09-09T19:47:21.955271296Z     await self.app(scope, receive, send_wrapper)
2026-09-09T19:47:21.955275695Z   File "/usr/local/lib/python3.13/site-packages/starlette/middleware/exceptions.py", line 63, in __call__
2026-09-09T19:47:21.955280935Z     await wrap_app_handling_exceptions(self.app, conn)(scope, receive, send)
2026-09-09T19:47:21.955285364Z   File "/usr/local/lib/python3.13/site-packages/starlette/_exception_handler.py", line 53, in wrapped_app
2026-09-09T19:47:21.955289753Z     raise exc
2026-09-09T19:47:21.955294142Z   File "/usr/local/lib/python3.13/site-packages/starlette/_exception_handler.py", line 42, in wrapped_app
2026-09-09T19:47:21.955298530Z     await app(scope, receive, sender)
2026-09-09T19:47:21.955302939Z   File "/usr/local/lib/python3.13/site-packages/fastapi/middleware/asyncexitstack.py", line 18, in __call__
2026-09-09T19:47:21.955307318Z     await self.app(scope, receive, send)
2026-09-09T19:47:21.955321786Z   File "/usr/local/lib/python3.13/site-packages/starlette/routing.py", line 716, in __call__
2026-09-09T19:47:21.955326315Z     await self.middleware_stack(scope, receive, send)
2026-09-09T19:47:21.955330774Z   File "/usr/local/lib/python3.13/site-packages/starlette/routing.py", line 736, in app
2026-09-09T19:47:21.955335203Z     await route.handle(scope, receive, send)
2026-09-09T19:47:21.955339591Z   File "/usr/local/lib/python3.13/site-packages/starlette/routing.py", line 290, in handle
2026-09-09T19:47:21.955343980Z     await self.app(scope, receive, send)
2026-09-09T19:47:21.955348369Z   File "/usr/local/lib/python3.13/site-packages/fastapi/routing.py", line 134, in app
2026-09-09T19:47:21.955352727Z     await wrap_app_handling_exceptions(app, request)(scope, receive, send)
2026-09-09T19:47:21.955357106Z   File "/usr/local/lib/python3.13/site-packages/starlette/_exception_handler.py", line 53, in wrapped_app
2026-09-09T19:47:21.955361474Z     raise exc
2026-09-09T19:47:21.955365953Z   File "/usr/local/lib/python3.13/site-packages/starlette/_exception_handler.py", line 42, in wrapped_app
2026-09-09T19:47:21.955370332Z     await app(scope, receive, sender)
2026-09-09T19:47:21.955374731Z   File "/usr/local/lib/python3.13/site-packages/fastapi/routing.py", line 120, in app
2026-09-09T19:47:21.955379189Z     response = await f(request)
2026-09-09T19:47:21.955383628Z                ^^^^^^^^^^^^^^^^
2026-09-09T19:47:21.955388067Z   File "/usr/local/lib/python3.13/site-packages/fastapi/routing.py", line 674, in app
2026-09-09T19:47:21.955392466Z     raw_response = await run_endpoint_function(
2026-09-09T19:47:21.955396844Z                    ^^^^^^^^^^^^^^^^^^^^^^^^^^^^
2026-09-09T19:47:21.955401884Z     ...<3 lines>...
2026-09-09T19:47:21.955406373Z     )
2026-09-09T19:47:21.955410792Z     ^
2026-09-09T19:47:21.955415170Z   File "/usr/local/lib/python3.13/site-packages/fastapi/routing.py", line 330, in run_endpoint_function
2026-09-09T19:47:21.955419579Z     return await run_in_threadpool(dependant.call, **values)
2026-09-09T19:47:21.955423968Z            ^^^^^^^^^^^^^^^^^^^^^^^^^^^^^^^^^^^^^^^^^^^^^^^^^
2026-09-09T19:47:21.955470590Z   File "/usr/local/lib/python3.13/site-packages/starlette/concurrency.py", line 32, in run_in_threadpool
2026-09-09T19:47:21.955475610Z     return await anyio.to_thread.run_sync(func)
2026-09-09T19:47:21.955480068Z            ^^^^^^^^^^^^^^^^^^^^^^^^^^^^^^^^^^^^
2026-09-09T19:47:21.955484487Z   File "/usr/local/lib/python3.13/site-packages/anyio/to_thread.py", line 63, in run_sync
2026-09-09T19:47:21.955488966Z     return await get_async_backend().run_sync_in_worker_thread(
2026-09-09T19:47:21.955493455Z            ^^^^^^^^^^^^^^^^^^^^^^^^^^^^^^^^^^^^^^^^^^^^^^^^^^^^
2026-09-09T19:47:21.955497884Z         func, args, abandon_on_cancel=abandon_on_cancel, limiter=limiter
2026-09-09T19:47:21.955530678Z         ^^^^^^^^^^^^^^^^^^^^^^^^^^^^^^^^^^^^^^^^^^^^^^^^^^^^^^^^^^^^^^^^
2026-09-09T19:47:21.955535468Z     )
2026-09-09T19:47:21.955574695Z     ^
2026-09-09T19:47:21.955585236Z   File "/usr/local/lib/python3.13/site-packages/anyio/_backends/_asyncio.py", line 2518, in run_sync_in_worker_thread
2026-09-09T19:47:21.955610265Z     return await future
2026-09-09T19:47:21.955614754Z            ^^^^^^^^^^^^
2026-09-09T19:47:21.955619113Z   File "/usr/local/lib/python3.13/site-packages/anyio/_backends/_asyncio.py", line 1002, in run
2026-09-09T19:47:21.955623532Z     result = context.run(func, *args)
2026-09-09T19:47:21.955627970Z   File "/app/app/routers/orders.py", line 36, in checkout
2026-09-09T19:47:21.955632299Z     return create_order(
2026-09-09T19:47:21.955636728Z         db=db,
2026-09-09T19:47:21.955658581Z     ...<2 lines>...
2026-09-09T19:47:21.955663200Z         correlation_id=correlation_id,
2026-09-09T19:47:21.955667578Z     )
2026-09-09T19:47:21.955671987Z   File "/app/app/services/order_service.py", line 42, in create_order
2026-09-09T19:47:21.955676316Z     result = db.execute(
2026-09-09T19:47:21.955680634Z         select(ProductModel).where(ProductModel.id == product_id)
2026-09-09T19:47:21.955684953Z     )
2026-09-09T19:47:21.955689371Z   File "/usr/local/lib/python3.13/site-packages/sqlalchemy/orm/session.py", line 2372, in execute
2026-09-09T19:47:21.955693690Z     return self._execute_internal(
2026-09-09T19:47:21.955698019Z            ~~~~~~~~~~~~~~~~~~~~~~^
2026-09-09T19:47:21.955702317Z         statement,
2026-09-09T19:47:21.955706656Z         ^^^^^^^^^^
2026-09-09T19:47:21.955710934Z     ...<4 lines>...
2026-09-09T19:47:21.956275297Z         _add_event=_add_event,
2026-09-09T19:47:21.956316237Z         ^^^^^^^^^^^^^^^^^^^^^^
2026-09-09T19:47:21.956321718Z     )
2026-09-09T19:47:21.956326417Z     ^
2026-09-09T19:47:21.956331487Z   File "/usr/local/lib/python3.13/site-packages/sqlalchemy/orm/session.py", line 2260, in _execute_internal
2026-09-09T19:47:21.956336898Z     conn = self._connection_for_bind(bind)
2026-09-09T19:47:21.956341437Z   File "/usr/local/lib/python3.13/site-packages/sqlalchemy/orm/session.py", line 2112, in _connection_for_bind
2026-09-09T19:47:21.956347369Z     return trans._connection_for_bind(engine, execution_options)
2026-09-09T19:47:21.956351908Z            ~~~~~~~~~~~~~~~~~~~~~~~~~~^^^^^^^^^^^^^^^^^^^^^^^^^^^
2026-09-09T19:47:21.956356397Z   File "<string>", line 2, in _connection_for_bind
2026-09-09T19:47:21.956361036Z   File "/usr/local/lib/python3.13/site-packages/sqlalchemy/orm/state_changes.py", line 137, in _go
2026-09-09T19:47:21.956365705Z     ret_value = fn(self, *arg, **kw)
2026-09-09T19:47:21.956370545Z   File "/usr/local/lib/python3.13/site-packages/sqlalchemy/orm/session.py", line 1191, in _connection_for_bind
2026-09-09T19:47:21.956375134Z     conn = bind.connect()
2026-09-09T19:47:21.956380374Z   File "/usr/local/lib/python3.13/site-packages/opentelemetry/instrumentation/sqlalchemy/engine.py", line 200, in _wrap_connect_internal
2026-09-09T19:47:21.956384883Z     return func(*args, **kwargs)
2026-09-09T19:47:21.956389412Z   File "/usr/local/lib/python3.13/site-packages/sqlalchemy/engine/base.py", line 3295, in connect
2026-09-09T19:47:21.956393961Z     return self._connection_cls(self)
2026-09-09T19:47:21.956398530Z            ~~~~~~~~~~~~~~~~~~~~^^^^^^
2026-09-09T19:47:21.956403099Z   File "/usr/local/lib/python3.13/site-packages/sqlalchemy/engine/base.py", line 144, in __init__
2026-09-09T19:47:21.956407608Z     self._dbapi_connection = engine.raw_connection()
2026-09-09T19:47:21.956412197Z                              ~~~~~~~~~~~~~~~~~~~~~^^
2026-09-09T19:47:21.956416786Z   File "/usr/local/lib/python3.13/site-packages/sqlalchemy/engine/base.py", line 3319, in raw_connection
2026-09-09T19:47:21.956421255Z     return self.pool.connect()
2026-09-09T19:47:21.956425754Z            ~~~~~~~~~~~~~~~~~^^
2026-09-09T19:47:21.956430663Z   File "/usr/local/lib/python3.13/site-packages/sqlalchemy/pool/base.py", line 448, in connect
2026-09-09T19:47:21.956435202Z     return _ConnectionFairy._checkout(self)
2026-09-09T19:47:21.956439962Z            ~~~~~~~~~~~~~~~~~~~~~~~~~~^^^^^^
2026-09-09T19:47:21.956444741Z   File "/usr/local/lib/python3.13/site-packages/sqlalchemy/pool/base.py", line 1272, in _checkout
2026-09-09T19:47:21.956449240Z     fairy = _ConnectionRecord.checkout(pool)
2026-09-09T19:47:21.956453769Z   File "/usr/local/lib/python3.13/site-packages/sqlalchemy/pool/base.py", line 712, in checkout
2026-09-09T19:47:21.956494038Z     rec = pool._do_get()
2026-09-09T19:47:21.956498878Z   File "/usr/local/lib/python3.13/site-packages/sqlalchemy/pool/impl.py", line 167, in _do_get
2026-09-09T19:47:21.956503377Z     raise exc.TimeoutError(
2026-09-09T19:47:21.956507926Z     ...<4 lines>...
2026-09-09T19:47:21.956512445Z     )
2026-09-09T19:47:21.956531071Z sqlalchemy.exc.TimeoutError: QueuePool limit of size 5 overflow 10 reached, connection timed out, timeout 30.00 (Background on this error at: https://sqlalche.me/e/20/3o7r)
2026-09-09T19:47:22.157541886Z ERROR:    Exception in ASGI application
2026-09-09T19:47:22.157577436Z Traceback (most recent call last):
2026-09-09T19:47:22.157580472Z   File "/usr/local/lib/python3.13/site-packages/uvicorn/protocols/http/httptools_impl.py", line 421, in run_asgi
2026-09-09T19:47:22.157582957Z     result = await app(  # type: ignore[func-returns-value]
2026-09-09T19:47:22.157585081Z              ^^^^^^^^^^^^^^^^^^^^^^^^^^^^^^^^^^^^^^^^^^^^^^
2026-09-09T19:47:22.157587065Z         self.scope, self.receive, self.send
2026-09-09T19:47:22.157588979Z         ^^^^^^^^^^^^^^^^^^^^^^^^^^^^^^^^^^^
2026-09-09T19:47:22.157591373Z     )
2026-09-09T19:47:22.157593427Z     ^
2026-09-09T19:47:22.157595451Z   File "/usr/local/lib/python3.13/site-packages/uvicorn/middleware/proxy_headers.py", line 63, in __call__
2026-09-09T19:47:22.157597445Z     return await self.app(scope, receive, send)
2026-09-09T19:47:22.157599359Z            ^^^^^^^^^^^^^^^^^^^^^^^^^^^^^^^^^^^^
2026-09-09T19:47:22.157603908Z   File "/usr/local/lib/python3.13/site-packages/fastapi/applications.py", line 1159, in __call__
2026-09-09T19:47:22.157605902Z     await super().__call__(scope, receive, send)
2026-09-09T19:47:22.157607956Z   File "/usr/local/lib/python3.13/site-packages/starlette/applications.py", line 107, in __call__
2026-09-09T19:47:22.157609900Z     await self.middleware_stack(scope, receive, send)
2026-09-09T19:47:22.157612024Z   File "/usr/local/lib/python3.13/site-packages/starlette/middleware/errors.py", line 186, in __call__
2026-09-09T19:47:22.157613978Z     raise exc
2026-09-09T19:47:22.157615902Z   File "/usr/local/lib/python3.13/site-packages/starlette/middleware/errors.py", line 164, in __call__
2026-09-09T19:47:22.157617856Z     await self.app(scope, receive, _send)
2026-09-09T19:47:22.157620501Z   File "/usr/local/lib/python3.13/site-packages/opentelemetry/instrumentation/asgi/__init__.py", line 806, in __call__
2026-09-09T19:47:22.157622515Z     await self.app(scope, otel_receive, otel_send)
2026-09-09T19:47:22.157624599Z   File "/usr/local/lib/python3.13/site-packages/starlette/middleware/errors.py", line 186, in __call__
2026-09-09T19:47:22.157626523Z     raise exc
2026-09-09T19:47:22.157628427Z   File "/usr/local/lib/python3.13/site-packages/starlette/middleware/errors.py", line 164, in __call__
2026-09-09T19:47:22.157630350Z     await self.app(scope, receive, _send)
2026-09-09T19:47:22.157632284Z   File "/usr/local/lib/python3.13/site-packages/opentelemetry/instrumentation/fastapi/__init__.py", line 305, in __call__
2026-09-09T19:47:22.157634218Z     await self.app(scope, receive, send)
2026-09-09T19:47:22.157636162Z   File "/usr/local/lib/python3.13/site-packages/prometheus_fastapi_instrumentator/middleware.py", line 177, in __call__
2026-09-09T19:47:22.157638196Z     raise exc
2026-09-09T19:47:22.157640170Z   File "/usr/local/lib/python3.13/site-packages/prometheus_fastapi_instrumentator/middleware.py", line 175, in __call__
2026-09-09T19:47:22.157642144Z     await self.app(scope, receive, send_wrapper)
2026-09-09T19:47:22.157644518Z   File "/usr/local/lib/python3.13/site-packages/starlette/middleware/exceptions.py", line 63, in __call__
2026-09-09T19:47:22.157665680Z     await wrap_app_handling_exceptions(self.app, conn)(scope, receive, send)
2026-09-09T19:47:22.157667784Z   File "/usr/local/lib/python3.13/site-packages/starlette/_exception_handler.py", line 53, in wrapped_app
2026-09-09T19:47:22.157669698Z     raise exc
2026-09-09T19:47:22.157671702Z   File "/usr/local/lib/python3.13/site-packages/starlette/_exception_handler.py", line 42, in wrapped_app
2026-09-09T19:47:22.157673616Z     await app(scope, receive, sender)
2026-09-09T19:47:22.157675519Z   File "/usr/local/lib/python3.13/site-packages/fastapi/middleware/asyncexitstack.py", line 18, in __call__
2026-09-09T19:47:22.157677423Z     await self.app(scope, receive, send)
2026-09-09T19:47:22.157679347Z   File "/usr/local/lib/python3.13/site-packages/starlette/routing.py", line 716, in __call__
2026-09-09T19:47:22.157681251Z     await self.middleware_stack(scope, receive, send)
2026-09-09T19:47:22.157683165Z   File "/usr/local/lib/python3.13/site-packages/starlette/routing.py", line 736, in app
2026-09-09T19:47:22.157685299Z     await route.handle(scope, receive, send)
2026-09-09T19:47:22.157687253Z   File "/usr/local/lib/python3.13/site-packages/starlette/routing.py", line 290, in handle
2026-09-09T19:47:22.157689146Z     await self.app(scope, receive, send)
2026-09-09T19:47:22.157691060Z   File "/usr/local/lib/python3.13/site-packages/fastapi/routing.py", line 134, in app
2026-09-09T19:47:22.157692974Z     await wrap_app_handling_exceptions(app, request)(scope, receive, send)
2026-09-09T19:47:22.157694878Z   File "/usr/local/lib/python3.13/site-packages/starlette/_exception_handler.py", line 53, in wrapped_app
2026-09-09T19:47:22.157696781Z     raise exc
2026-09-09T19:47:22.157698755Z   File "/usr/local/lib/python3.13/site-packages/starlette/_exception_handler.py", line 42, in wrapped_app
2026-09-09T19:47:22.157700669Z     await app(scope, receive, sender)
2026-09-09T19:47:22.157702613Z   File "/usr/local/lib/python3.13/site-packages/fastapi/routing.py", line 120, in app
2026-09-09T19:47:22.157705198Z     response = await f(request)
2026-09-09T19:47:22.157707152Z                ^^^^^^^^^^^^^^^^
2026-09-09T19:47:22.157709066Z   File "/usr/local/lib/python3.13/site-packages/fastapi/routing.py", line 674, in app
2026-09-09T19:47:22.157710979Z     raw_response = await run_endpoint_function(
2026-09-09T19:47:22.157712893Z                    ^^^^^^^^^^^^^^^^^^^^^^^^^^^^
2026-09-09T19:47:22.157715348Z     ...<3 lines>...
2026-09-09T19:47:22.157717262Z     )
2026-09-09T19:47:22.157719216Z     ^
2026-09-09T19:47:22.157721139Z   File "/usr/local/lib/python3.13/site-packages/fastapi/routing.py", line 330, in run_endpoint_function
2026-09-09T19:47:22.157723053Z     return await run_in_threadpool(dependant.call, **values)
2026-09-09T19:47:22.157724957Z            ^^^^^^^^^^^^^^^^^^^^^^^^^^^^^^^^^^^^^^^^^^^^^^^^^
2026-09-09T19:47:22.157759455Z   File "/usr/local/lib/python3.13/site-packages/starlette/concurrency.py", line 32, in run_in_threadpool
2026-09-09T19:47:22.157764144Z     return await anyio.to_thread.run_sync(func)
2026-09-09T19:47:22.157766349Z            ^^^^^^^^^^^^^^^^^^^^^^^^^^^^^^^^^^^^
2026-09-09T19:47:22.157768343Z   File "/usr/local/lib/python3.13/site-packages/anyio/to_thread.py", line 63, in run_sync
2026-09-09T19:47:22.157770316Z     return await get_async_backend().run_sync_in_worker_thread(
2026-09-09T19:47:22.157772250Z            ^^^^^^^^^^^^^^^^^^^^^^^^^^^^^^^^^^^^^^^^^^^^^^^^^^^^
2026-09-09T19:47:22.157774214Z         func, args, abandon_on_cancel=abandon_on_cancel, limiter=limiter
2026-09-09T19:47:22.157776148Z         ^^^^^^^^^^^^^^^^^^^^^^^^^^^^^^^^^^^^^^^^^^^^^^^^^^^^^^^^^^^^^^^^
2026-09-09T19:47:22.157787110Z     )
2026-09-09T19:47:22.157789104Z     ^
2026-09-09T19:47:22.157791007Z   File "/usr/local/lib/python3.13/site-packages/anyio/_backends/_asyncio.py", line 2518, in run_sync_in_worker_thread
2026-09-09T19:47:22.157792931Z     return await future
2026-09-09T19:47:22.157794835Z            ^^^^^^^^^^^^
2026-09-09T19:47:22.157796729Z   File "/usr/local/lib/python3.13/site-packages/anyio/_backends/_asyncio.py", line 1002, in run
2026-09-09T19:47:22.157798662Z     result = context.run(func, *args)
2026-09-09T19:47:22.157800767Z   File "/app/app/routers/orders.py", line 36, in checkout
2026-09-09T19:47:22.157802660Z     return create_order(
2026-09-09T19:47:22.157804574Z         db=db,
2026-09-09T19:47:22.157806568Z     ...<2 lines>...
2026-09-09T19:47:22.157808532Z         correlation_id=correlation_id,
2026-09-09T19:47:22.157810446Z     )
2026-09-09T19:47:22.157812420Z   File "/app/app/services/order_service.py", line 42, in create_order
2026-09-09T19:47:22.157814333Z     result = db.execute(
2026-09-09T19:47:22.157816227Z         select(ProductModel).where(ProductModel.id == product_id)
2026-09-09T19:47:22.157818111Z     )
2026-09-09T19:47:22.157820015Z   File "/usr/local/lib/python3.13/site-packages/sqlalchemy/orm/session.py", line 2372, in execute
2026-09-09T19:47:22.157821888Z     return self._execute_internal(
2026-09-09T19:47:22.157823812Z            ~~~~~~~~~~~~~~~~~~~~~~^
2026-09-09T19:47:22.157825716Z         statement,
2026-09-09T19:47:22.157827610Z         ^^^^^^^^^^
2026-09-09T19:47:22.157829513Z     ...<4 lines>...
2026-09-09T19:47:22.157831457Z         _add_event=_add_event,
2026-09-09T19:47:22.157833371Z         ^^^^^^^^^^^^^^^^^^^^^^
2026-09-09T19:47:22.157835255Z     )
2026-09-09T19:47:22.157837128Z     ^
2026-09-09T19:47:22.157839052Z   File "/usr/local/lib/python3.13/site-packages/sqlalchemy/orm/session.py", line 2260, in _execute_internal
2026-09-09T19:47:22.157840986Z     conn = self._connection_for_bind(bind)
2026-09-09T19:47:22.157842960Z   File "/usr/local/lib/python3.13/site-packages/sqlalchemy/orm/session.py", line 2112, in _connection_for_bind
2026-09-09T19:47:22.157844884Z     return trans._connection_for_bind(engine, execution_options)
2026-09-09T19:47:22.157846837Z            ~~~~~~~~~~~~~~~~~~~~~~~~~~^^^^^^^^^^^^^^^^^^^^^^^^^^^
2026-09-09T19:47:22.157848731Z   File "<string>", line 2, in _connection_for_bind
2026-09-09T19:47:22.157850685Z   File "/usr/local/lib/python3.13/site-packages/sqlalchemy/orm/state_changes.py", line 137, in _go
2026-09-09T19:47:22.157852579Z     ret_value = fn(self, *arg, **kw)
2026-09-09T19:47:22.157854623Z   File "/usr/local/lib/python3.13/site-packages/sqlalchemy/orm/session.py", line 1191, in _connection_for_bind
2026-09-09T19:47:22.157856567Z     conn = bind.connect()
2026-09-09T19:47:22.157859122Z   File "/usr/local/lib/python3.13/site-packages/opentelemetry/instrumentation/sqlalchemy/engine.py", line 200, in _wrap_connect_internal
2026-09-09T19:47:22.157861046Z     return func(*args, **kwargs)
2026-09-09T19:47:22.157863039Z   File "/usr/local/lib/python3.13/site-packages/sqlalchemy/engine/base.py", line 3295, in connect
2026-09-09T19:47:22.157864923Z     return self._connection_cls(self)
2026-09-09T19:47:22.157866807Z            ~~~~~~~~~~~~~~~~~~~~^^^^^^
2026-09-09T19:47:22.157868691Z   File "/usr/local/lib/python3.13/site-packages/sqlalchemy/engine/base.py", line 144, in __init__
2026-09-09T19:47:22.157870675Z     self._dbapi_connection = engine.raw_connection()
2026-09-09T19:47:22.157872568Z                              ~~~~~~~~~~~~~~~~~~~~~^^
2026-09-09T19:47:22.157874462Z   File "/usr/local/lib/python3.13/site-packages/sqlalchemy/engine/base.py", line 3319, in raw_connection
2026-09-09T19:47:22.157881496Z     return self.pool.connect()
2026-09-09T19:47:22.157883490Z            ~~~~~~~~~~~~~~~~~^^
2026-09-09T19:47:22.157885414Z   File "/usr/local/lib/python3.13/site-packages/sqlalchemy/pool/base.py", line 448, in connect
2026-09-09T19:47:22.157887317Z     return _ConnectionFairy._checkout(self)
2026-09-09T19:47:22.157889201Z            ~~~~~~~~~~~~~~~~~~~~~~~~~~^^^^^^
2026-09-09T19:47:22.157891105Z   File "/usr/local/lib/python3.13/site-packages/sqlalchemy/pool/base.py", line 1272, in _checkout
2026-09-09T19:47:22.157892989Z     fairy = _ConnectionRecord.checkout(pool)
2026-09-09T19:47:22.157894892Z   File "/usr/local/lib/python3.13/site-packages/sqlalchemy/pool/base.py", line 712, in checkout
2026-09-09T19:47:22.157896796Z     rec = pool._do_get()
2026-09-09T19:47:22.157898700Z   File "/usr/local/lib/python3.13/site-packages/sqlalchemy/pool/impl.py", line 167, in _do_get
2026-09-09T19:47:22.157900614Z     raise exc.TimeoutError(
2026-09-09T19:47:22.157902517Z     ...<4 lines>...
2026-09-09T19:47:22.157904421Z     )
2026-09-09T19:47:22.157908269Z sqlalchemy.exc.TimeoutError: QueuePool limit of size 5 overflow 10 reached, connection timed out, timeout 30.00 (Background on this error at: https://sqlalche.me/e/20/3o7r)
2026-09-09T19:47:22.284588593Z ERROR:    Exception in ASGI application
2026-09-09T19:47:22.284632379Z Traceback (most recent call last):
2026-09-09T19:47:22.284635997Z   File "/usr/local/lib/python3.13/site-packages/uvicorn/protocols/http/httptools_impl.py", line 421, in run_asgi
2026-09-09T19:47:22.284638592Z     result = await app(  # type: ignore[func-returns-value]
2026-09-09T19:47:22.284640886Z              ^^^^^^^^^^^^^^^^^^^^^^^^^^^^^^^^^^^^^^^^^^^^^^
2026-09-09T19:47:22.284642980Z         self.scope, self.receive, self.send
2026-09-09T19:47:22.284645245Z         ^^^^^^^^^^^^^^^^^^^^^^^^^^^^^^^^^^^
2026-09-09T19:47:22.284647349Z     )
2026-09-09T19:47:22.284649323Z     ^
2026-09-09T19:47:22.284651377Z   File "/usr/local/lib/python3.13/site-packages/uvicorn/middleware/proxy_headers.py", line 63, in __call__
2026-09-09T19:47:22.284653611Z     return await self.app(scope, receive, send)
2026-09-09T19:47:22.284655605Z            ^^^^^^^^^^^^^^^^^^^^^^^^^^^^^^^^^^^^
2026-09-09T19:47:22.284660685Z   File "/usr/local/lib/python3.13/site-packages/fastapi/applications.py", line 1159, in __call__
2026-09-09T19:47:22.284662880Z     await super().__call__(scope, receive, send)
2026-09-09T19:47:22.284664984Z   File "/usr/local/lib/python3.13/site-packages/starlette/applications.py", line 107, in __call__
2026-09-09T19:47:22.284667038Z     await self.middleware_stack(scope, receive, send)
2026-09-09T19:47:22.284669002Z   File "/usr/local/lib/python3.13/site-packages/starlette/middleware/errors.py", line 186, in __call__
2026-09-09T19:47:22.284670996Z     raise exc
2026-09-09T19:47:22.284673010Z   File "/usr/local/lib/python3.13/site-packages/starlette/middleware/errors.py", line 164, in __call__
2026-09-09T19:47:22.284674994Z     await self.app(scope, receive, _send)
2026-09-09T19:47:22.284677519Z   File "/usr/local/lib/python3.13/site-packages/opentelemetry/instrumentation/asgi/__init__.py", line 806, in __call__
2026-09-09T19:47:22.284679482Z     await self.app(scope, otel_receive, otel_send)
2026-09-09T19:47:22.284681466Z   File "/usr/local/lib/python3.13/site-packages/starlette/middleware/errors.py", line 186, in __call__
2026-09-09T19:47:22.284683440Z     raise exc
2026-09-09T19:47:22.284685414Z   File "/usr/local/lib/python3.13/site-packages/starlette/middleware/errors.py", line 164, in __call__
2026-09-09T19:47:22.284687428Z     await self.app(scope, receive, _send)
2026-09-09T19:47:22.284689392Z   File "/usr/local/lib/python3.13/site-packages/opentelemetry/instrumentation/fastapi/__init__.py", line 305, in __call__
2026-09-09T19:47:22.284708309Z     await self.app(scope, receive, send)
2026-09-09T19:47:22.284710464Z   File "/usr/local/lib/python3.13/site-packages/prometheus_fastapi_instrumentator/middleware.py", line 177, in __call__
2026-09-09T19:47:22.284712417Z     raise exc
2026-09-09T19:47:22.284714401Z   File "/usr/local/lib/python3.13/site-packages/prometheus_fastapi_instrumentator/middleware.py", line 175, in __call__
2026-09-09T19:47:22.284716415Z     await self.app(scope, receive, send_wrapper)
2026-09-09T19:47:22.284718369Z   File "/usr/local/lib/python3.13/site-packages/starlette/middleware/exceptions.py", line 63, in __call__
2026-09-09T19:47:22.284721084Z     await wrap_app_handling_exceptions(self.app, conn)(scope, receive, send)
2026-09-09T19:47:22.284723048Z   File "/usr/local/lib/python3.13/site-packages/starlette/_exception_handler.py", line 53, in wrapped_app
2026-09-09T19:47:22.284725052Z     raise exc
2026-09-09T19:47:22.284727046Z   File "/usr/local/lib/python3.13/site-packages/starlette/_exception_handler.py", line 42, in wrapped_app
2026-09-09T19:47:22.284729040Z     await app(scope, receive, sender)
2026-09-09T19:47:22.284731024Z   File "/usr/local/lib/python3.13/site-packages/fastapi/middleware/asyncexitstack.py", line 18, in __call__
2026-09-09T19:47:22.284733058Z     await self.app(scope, receive, send)
2026-09-09T19:47:22.284735012Z   File "/usr/local/lib/python3.13/site-packages/starlette/routing.py", line 716, in __call__
2026-09-09T19:47:22.284737016Z     await self.middleware_stack(scope, receive, send)
2026-09-09T19:47:22.284738960Z   File "/usr/local/lib/python3.13/site-packages/starlette/routing.py", line 736, in app
2026-09-09T19:47:22.284740924Z     await route.handle(scope, receive, send)
2026-09-09T19:47:22.284742867Z   File "/usr/local/lib/python3.13/site-packages/starlette/routing.py", line 290, in handle
2026-09-09T19:47:22.284744811Z     await self.app(scope, receive, send)
2026-09-09T19:47:22.284746815Z   File "/usr/local/lib/python3.13/site-packages/fastapi/routing.py", line 134, in app
2026-09-09T19:47:22.284748769Z     await wrap_app_handling_exceptions(app, request)(scope, receive, send)
2026-09-09T19:47:22.284750713Z   File "/usr/local/lib/python3.13/site-packages/starlette/_exception_handler.py", line 53, in wrapped_app
2026-09-09T19:47:22.284752657Z     raise exc
2026-09-09T19:47:22.284754601Z   File "/usr/local/lib/python3.13/site-packages/starlette/_exception_handler.py", line 42, in wrapped_app
2026-09-09T19:47:22.284756554Z     await app(scope, receive, sender)
2026-09-09T19:47:22.284758498Z   File "/usr/local/lib/python3.13/site-packages/fastapi/routing.py", line 120, in app
2026-09-09T19:47:22.284760913Z     response = await f(request)
2026-09-09T19:47:22.284762887Z                ^^^^^^^^^^^^^^^^
2026-09-09T19:47:22.284764841Z   File "/usr/local/lib/python3.13/site-packages/fastapi/routing.py", line 674, in app
2026-09-09T19:47:22.284766785Z     raw_response = await run_endpoint_function(
2026-09-09T19:47:22.284768739Z                    ^^^^^^^^^^^^^^^^^^^^^^^^^^^^
2026-09-09T19:47:22.284771304Z     ...<3 lines>...
2026-09-09T19:47:22.284773257Z     )
2026-09-09T19:47:22.284775231Z     ^
2026-09-09T19:47:22.284777195Z   File "/usr/local/lib/python3.13/site-packages/fastapi/routing.py", line 330, in run_endpoint_function
2026-09-09T19:47:22.284779189Z     return await run_in_threadpool(dependant.call, **values)
2026-09-09T19:47:22.284781183Z            ^^^^^^^^^^^^^^^^^^^^^^^^^^^^^^^^^^^^^^^^^^^^^^^^^
2026-09-09T19:47:22.284785892Z   File "/usr/local/lib/python3.13/site-packages/starlette/concurrency.py", line 32, in run_in_threadpool
2026-09-09T19:47:22.284793628Z     return await anyio.to_thread.run_sync(func)
2026-09-09T19:47:22.284795632Z            ^^^^^^^^^^^^^^^^^^^^^^^^^^^^^^^^^^^^
2026-09-09T19:47:22.284797565Z   File "/usr/local/lib/python3.13/site-packages/anyio/to_thread.py", line 63, in run_sync
2026-09-09T19:47:22.284799529Z     return await get_async_backend().run_sync_in_worker_thread(
2026-09-09T19:47:22.284801503Z            ^^^^^^^^^^^^^^^^^^^^^^^^^^^^^^^^^^^^^^^^^^^^^^^^^^^^
2026-09-09T19:47:22.284803487Z         func, args, abandon_on_cancel=abandon_on_cancel, limiter=limiter
2026-09-09T19:47:22.284805431Z         ^^^^^^^^^^^^^^^^^^^^^^^^^^^^^^^^^^^^^^^^^^^^^^^^^^^^^^^^^^^^^^^^
2026-09-09T19:47:22.284807395Z     )
2026-09-09T19:47:22.284809349Z     ^
2026-09-09T19:47:22.284811343Z   File "/usr/local/lib/python3.13/site-packages/anyio/_backends/_asyncio.py", line 2518, in run_sync_in_worker_thread
2026-09-09T19:47:22.284813647Z     return await future
2026-09-09T19:47:22.284815651Z            ^^^^^^^^^^^^
2026-09-09T19:47:22.284817615Z   File "/usr/local/lib/python3.13/site-packages/anyio/_backends/_asyncio.py", line 1002, in run
2026-09-09T19:47:22.284819579Z     result = context.run(func, *args)
2026-09-09T19:47:22.284821543Z   File "/app/app/routers/orders.py", line 36, in checkout
2026-09-09T19:47:22.284823527Z     return create_order(
2026-09-09T19:47:22.284825511Z         db=db,
2026-09-09T19:47:22.284827514Z     ...<2 lines>...
2026-09-09T19:47:22.284829498Z         correlation_id=correlation_id,
2026-09-09T19:47:22.284831462Z     )
2026-09-09T19:47:22.284833496Z   File "/app/app/services/order_service.py", line 42, in create_order
2026-09-09T19:47:22.284835460Z     result = db.execute(
2026-09-09T19:47:22.284837434Z         select(ProductModel).where(ProductModel.id == product_id)
2026-09-09T19:47:22.284839388Z     )
2026-09-09T19:47:22.284841332Z   File "/usr/local/lib/python3.13/site-packages/sqlalchemy/orm/session.py", line 2372, in execute
2026-09-09T19:47:22.284843286Z     return self._execute_internal(
2026-09-09T19:47:22.284845280Z            ~~~~~~~~~~~~~~~~~~~~~~^
2026-09-09T19:47:22.284847243Z         statement,
2026-09-09T19:47:22.284849348Z         ^^^^^^^^^^
2026-09-09T19:47:22.284851301Z     ...<4 lines>...
2026-09-09T19:47:22.284853255Z         _add_event=_add_event,
2026-09-09T19:47:22.284855189Z         ^^^^^^^^^^^^^^^^^^^^^^
2026-09-09T19:47:22.284857123Z     )
2026-09-09T19:47:22.284859067Z     ^
2026-09-09T19:47:22.284861031Z   File "/usr/local/lib/python3.13/site-packages/sqlalchemy/orm/session.py", line 2260, in _execute_internal
2026-09-09T19:47:22.284862995Z     conn = self._connection_for_bind(bind)
2026-09-09T19:47:22.284864958Z   File "/usr/local/lib/python3.13/site-packages/sqlalchemy/orm/session.py", line 2112, in _connection_for_bind
2026-09-09T19:47:22.284866942Z     return trans._connection_for_bind(engine, execution_options)
2026-09-09T19:47:22.284868886Z            ~~~~~~~~~~~~~~~~~~~~~~~~~~^^^^^^^^^^^^^^^^^^^^^^^^^^^
2026-09-09T19:47:22.284870850Z   File "<string>", line 2, in _connection_for_bind
2026-09-09T19:47:22.284872804Z   File "/usr/local/lib/python3.13/site-packages/sqlalchemy/orm/state_changes.py", line 137, in _go
2026-09-09T19:47:22.284874768Z     ret_value = fn(self, *arg, **kw)
2026-09-09T19:47:22.284876742Z   File "/usr/local/lib/python3.13/site-packages/sqlalchemy/orm/session.py", line 1191, in _connection_for_bind
2026-09-09T19:47:22.284878695Z     conn = bind.connect()
2026-09-09T19:47:22.284881301Z   File "/usr/local/lib/python3.13/site-packages/opentelemetry/instrumentation/sqlalchemy/engine.py", line 200, in _wrap_connect_internal
2026-09-09T19:47:22.284887834Z     return func(*args, **kwargs)
2026-09-09T19:47:22.284889918Z   File "/usr/local/lib/python3.13/site-packages/sqlalchemy/engine/base.py", line 3295, in connect
2026-09-09T19:47:22.284891962Z     return self._connection_cls(self)
2026-09-09T19:47:22.284893946Z            ~~~~~~~~~~~~~~~~~~~~^^^^^^
2026-09-09T19:47:22.284895909Z   File "/usr/local/lib/python3.13/site-packages/sqlalchemy/engine/base.py", line 144, in __init__
2026-09-09T19:47:22.284897913Z     self._dbapi_connection = engine.raw_connection()
2026-09-09T19:47:22.284899857Z                              ~~~~~~~~~~~~~~~~~~~~~^^
2026-09-09T19:47:22.284901821Z   File "/usr/local/lib/python3.13/site-packages/sqlalchemy/engine/base.py", line 3319, in raw_connection
2026-09-09T19:47:22.284903785Z     return self.pool.connect()
2026-09-09T19:47:22.284905739Z            ~~~~~~~~~~~~~~~~~^^
2026-09-09T19:47:22.284907703Z   File "/usr/local/lib/python3.13/site-packages/sqlalchemy/pool/base.py", line 448, in connect
2026-09-09T19:47:22.284909667Z     return _ConnectionFairy._checkout(self)
2026-09-09T19:47:22.284911661Z            ~~~~~~~~~~~~~~~~~~~~~~~~~~^^^^^^
2026-09-09T19:47:22.284913634Z   File "/usr/local/lib/python3.13/site-packages/sqlalchemy/pool/base.py", line 1272, in _checkout
2026-09-09T19:47:22.284915658Z     fairy = _ConnectionRecord.checkout(pool)
2026-09-09T19:47:22.284917622Z   File "/usr/local/lib/python3.13/site-packages/sqlalchemy/pool/base.py", line 712, in checkout
2026-09-09T19:47:22.284919586Z     rec = pool._do_get()
2026-09-09T19:47:22.284921540Z   File "/usr/local/lib/python3.13/site-packages/sqlalchemy/pool/impl.py", line 167, in _do_get
2026-09-09T19:47:22.284923494Z     raise exc.TimeoutError(
2026-09-09T19:47:22.284925438Z     ...<4 lines>...
2026-09-09T19:47:22.284927402Z     )
2026-09-09T19:47:22.284931189Z sqlalchemy.exc.TimeoutError: QueuePool limit of size 5 overflow 10 reached, connection timed out, timeout 30.00 (Background on this error at: https://sqlalche.me/e/20/3o7r)
2026-09-09T19:47:22.363178849Z ERROR:    Exception in ASGI application
2026-09-09T19:47:22.363221213Z Traceback (most recent call last):
2026-09-09T19:47:22.363226754Z   File "/usr/local/lib/python3.13/site-packages/uvicorn/protocols/http/httptools_impl.py", line 421, in run_asgi
2026-09-09T19:47:22.363232475Z     result = await app(  # type: ignore[func-returns-value]
2026-09-09T19:47:22.363237144Z              ^^^^^^^^^^^^^^^^^^^^^^^^^^^^^^^^^^^^^^^^^^^^^^
2026-09-09T19:47:22.363241483Z         self.scope, self.receive, self.send
2026-09-09T19:47:22.363245802Z         ^^^^^^^^^^^^^^^^^^^^^^^^^^^^^^^^^^^
2026-09-09T19:47:22.363250711Z     )
2026-09-09T19:47:22.363255401Z     ^
2026-09-09T19:47:22.363259839Z   File "/usr/local/lib/python3.13/site-packages/uvicorn/middleware/proxy_headers.py", line 63, in __call__
2026-09-09T19:47:22.363264268Z     return await self.app(scope, receive, send)
2026-09-09T19:47:22.363268617Z            ^^^^^^^^^^^^^^^^^^^^^^^^^^^^^^^^^^^^
2026-09-09T19:47:22.363273486Z   File "/usr/local/lib/python3.13/site-packages/fastapi/applications.py", line 1159, in __call__
2026-09-09T19:47:22.363277795Z     await super().__call__(scope, receive, send)
2026-09-09T19:47:22.363282123Z   File "/usr/local/lib/python3.13/site-packages/starlette/applications.py", line 107, in __call__
2026-09-09T19:47:22.363395216Z     await self.middleware_stack(scope, receive, send)
2026-09-09T19:47:22.363405727Z   File "/usr/local/lib/python3.13/site-packages/starlette/middleware/errors.py", line 186, in __call__
2026-09-09T19:47:22.363410256Z     raise exc
2026-09-09T19:47:22.363414685Z   File "/usr/local/lib/python3.13/site-packages/starlette/middleware/errors.py", line 164, in __call__
2026-09-09T19:47:22.363447580Z     await self.app(scope, receive, _send)
2026-09-09T19:47:22.363452860Z   File "/usr/local/lib/python3.13/site-packages/opentelemetry/instrumentation/asgi/__init__.py", line 806, in __call__
2026-09-09T19:47:22.363457179Z     await self.app(scope, otel_receive, otel_send)
2026-09-09T19:47:22.363461507Z   File "/usr/local/lib/python3.13/site-packages/starlette/middleware/errors.py", line 186, in __call__
2026-09-09T19:47:22.363465826Z     raise exc
2026-09-09T19:47:22.363473581Z   File "/usr/local/lib/python3.13/site-packages/starlette/middleware/errors.py", line 164, in __call__
2026-09-09T19:47:22.363478080Z     await self.app(scope, receive, _send)
2026-09-09T19:47:22.363482489Z   File "/usr/local/lib/python3.13/site-packages/opentelemetry/instrumentation/fastapi/__init__.py", line 305, in __call__
2026-09-09T19:47:22.363486817Z     await self.app(scope, receive, send)
2026-09-09T19:47:22.363491066Z   File "/usr/local/lib/python3.13/site-packages/prometheus_fastapi_instrumentator/middleware.py", line 177, in __call__
2026-09-09T19:47:22.363495364Z     raise exc
2026-09-09T19:47:22.363499683Z   File "/usr/local/lib/python3.13/site-packages/prometheus_fastapi_instrumentator/middleware.py", line 175, in __call__
2026-09-09T19:47:22.363503961Z     await self.app(scope, receive, send_wrapper)
2026-09-09T19:47:22.363508320Z   File "/usr/local/lib/python3.13/site-packages/starlette/middleware/exceptions.py", line 63, in __call__
2026-09-09T19:47:22.363513620Z     await wrap_app_handling_exceptions(self.app, conn)(scope, receive, send)
2026-09-09T19:47:22.363517909Z   File "/usr/local/lib/python3.13/site-packages/starlette/_exception_handler.py", line 53, in wrapped_app
2026-09-09T19:47:22.363522177Z     raise exc
2026-09-09T19:47:22.363526455Z   File "/usr/local/lib/python3.13/site-packages/starlette/_exception_handler.py", line 42, in wrapped_app
2026-09-09T19:47:22.363530754Z     await app(scope, receive, sender)
2026-09-09T19:47:22.363535032Z   File "/usr/local/lib/python3.13/site-packages/fastapi/middleware/asyncexitstack.py", line 18, in __call__
2026-09-09T19:47:22.363539321Z     await self.app(scope, receive, send)
2026-09-09T19:47:22.363543760Z   File "/usr/local/lib/python3.13/site-packages/starlette/routing.py", line 716, in __call__
2026-09-09T19:47:22.363548098Z     await self.middleware_stack(scope, receive, send)
2026-09-09T19:47:22.363552427Z   File "/usr/local/lib/python3.13/site-packages/starlette/routing.py", line 736, in app
2026-09-09T19:47:22.363556735Z     await route.handle(scope, receive, send)
2026-09-09T19:47:22.363561204Z   File "/usr/local/lib/python3.13/site-packages/starlette/routing.py", line 290, in handle
2026-09-09T19:47:22.363565522Z     await self.app(scope, receive, send)
2026-09-09T19:47:22.363569841Z   File "/usr/local/lib/python3.13/site-packages/fastapi/routing.py", line 134, in app
2026-09-09T19:47:22.363574089Z     await wrap_app_handling_exceptions(app, request)(scope, receive, send)
2026-09-09T19:47:22.363578428Z   File "/usr/local/lib/python3.13/site-packages/starlette/_exception_handler.py", line 53, in wrapped_app
2026-09-09T19:47:22.363582766Z     raise exc
2026-09-09T19:47:22.363587065Z   File "/usr/local/lib/python3.13/site-packages/starlette/_exception_handler.py", line 42, in wrapped_app
2026-09-09T19:47:22.363591353Z     await app(scope, receive, sender)
2026-09-09T19:47:22.363595632Z   File "/usr/local/lib/python3.13/site-packages/fastapi/routing.py", line 120, in app
2026-09-09T19:47:22.363600341Z     response = await f(request)
2026-09-09T19:47:22.363604690Z                ^^^^^^^^^^^^^^^^
2026-09-09T19:47:22.363608988Z   File "/usr/local/lib/python3.13/site-packages/fastapi/routing.py", line 674, in app
2026-09-09T19:47:22.363623637Z     raw_response = await run_endpoint_function(
2026-09-09T19:47:22.363628076Z                    ^^^^^^^^^^^^^^^^^^^^^^^^^^^^
2026-09-09T19:47:22.363632935Z     ...<3 lines>...
2026-09-09T19:47:22.363637264Z     )
2026-09-09T19:47:22.363641583Z     ^
2026-09-09T19:47:22.363645931Z   File "/usr/local/lib/python3.13/site-packages/fastapi/routing.py", line 330, in run_endpoint_function
2026-09-09T19:47:22.363650240Z     return await run_in_threadpool(dependant.call, **values)
2026-09-09T19:47:22.363654548Z            ^^^^^^^^^^^^^^^^^^^^^^^^^^^^^^^^^^^^^^^^^^^^^^^^^
2026-09-09T19:47:22.363684407Z   File "/usr/local/lib/python3.13/site-packages/starlette/concurrency.py", line 32, in run_in_threadpool
2026-09-09T19:47:22.363689136Z     return await anyio.to_thread.run_sync(func)
2026-09-09T19:47:22.363693535Z            ^^^^^^^^^^^^^^^^^^^^^^^^^^^^^^^^^^^^
2026-09-09T19:47:22.363697844Z   File "/usr/local/lib/python3.13/site-packages/anyio/to_thread.py", line 63, in run_sync
2026-09-09T19:47:22.363702182Z     return await get_async_backend().run_sync_in_worker_thread(
2026-09-09T19:47:22.363706491Z            ^^^^^^^^^^^^^^^^^^^^^^^^^^^^^^^^^^^^^^^^^^^^^^^^^^^^
2026-09-09T19:47:22.363710779Z         func, args, abandon_on_cancel=abandon_on_cancel, limiter=limiter
2026-09-09T19:47:22.363715218Z         ^^^^^^^^^^^^^^^^^^^^^^^^^^^^^^^^^^^^^^^^^^^^^^^^^^^^^^^^^^^^^^^^
2026-09-09T19:47:22.363719556Z     )
2026-09-09T19:47:22.363723885Z     ^
2026-09-09T19:47:22.363728264Z   File "/usr/local/lib/python3.13/site-packages/anyio/_backends/_asyncio.py", line 2518, in run_sync_in_worker_thread
2026-09-09T19:47:22.363732592Z     return await future
2026-09-09T19:47:22.363736911Z            ^^^^^^^^^^^^
2026-09-09T19:47:22.363741209Z   File "/usr/local/lib/python3.13/site-packages/anyio/_backends/_asyncio.py", line 1002, in run
2026-09-09T19:47:22.363745508Z     result = context.run(func, *args)
2026-09-09T19:47:22.363749906Z   File "/app/app/routers/orders.py", line 36, in checkout
2026-09-09T19:47:22.363754225Z     return create_order(
2026-09-09T19:47:22.363758603Z         db=db,
2026-09-09T19:47:22.363762992Z     ...<2 lines>...
2026-09-09T19:47:22.363767371Z         correlation_id=correlation_id,
2026-09-09T19:47:22.363771749Z     )
2026-09-09T19:47:22.363774926Z   File "/app/app/services/order_service.py", line 42, in create_order
2026-09-09T19:47:22.363776839Z     result = db.execute(
2026-09-09T19:47:22.363778773Z         select(ProductModel).where(ProductModel.id == product_id)
2026-09-09T19:47:22.363780677Z     )
2026-09-09T19:47:22.363782591Z   File "/usr/local/lib/python3.13/site-packages/sqlalchemy/orm/session.py", line 2372, in execute
2026-09-09T19:47:22.363784515Z     return self._execute_internal(
2026-09-09T19:47:22.363786889Z            ~~~~~~~~~~~~~~~~~~~~~~^
2026-09-09T19:47:22.363789534Z         statement,
2026-09-09T19:47:22.363791989Z         ^^^^^^^^^^
2026-09-09T19:47:22.363794114Z     ...<4 lines>...
2026-09-09T19:47:22.363796067Z         _add_event=_add_event,
2026-09-09T19:47:22.363797991Z         ^^^^^^^^^^^^^^^^^^^^^^
2026-09-09T19:47:22.363800165Z     )
2026-09-09T19:47:22.363802590Z     ^
2026-09-09T19:47:22.363805015Z   File "/usr/local/lib/python3.13/site-packages/sqlalchemy/orm/session.py", line 2260, in _execute_internal
2026-09-09T19:47:22.363807330Z     conn = self._connection_for_bind(bind)
2026-09-09T19:47:22.363809273Z   File "/usr/local/lib/python3.13/site-packages/sqlalchemy/orm/session.py", line 2112, in _connection_for_bind
2026-09-09T19:47:22.363811227Z     return trans._connection_for_bind(engine, execution_options)
2026-09-09T19:47:22.363813211Z            ~~~~~~~~~~~~~~~~~~~~~~~~~~^^^^^^^^^^^^^^^^^^^^^^^^^^^
2026-09-09T19:47:22.363819754Z   File "<string>", line 2, in _connection_for_bind
2026-09-09T19:47:22.363821748Z   File "/usr/local/lib/python3.13/site-packages/sqlalchemy/orm/state_changes.py", line 137, in _go
2026-09-09T19:47:22.363823682Z     ret_value = fn(self, *arg, **kw)
2026-09-09T19:47:22.363825606Z   File "/usr/local/lib/python3.13/site-packages/sqlalchemy/orm/session.py", line 1191, in _connection_for_bind
2026-09-09T19:47:22.363827519Z     conn = bind.connect()
2026-09-09T19:47:22.363830004Z   File "/usr/local/lib/python3.13/site-packages/opentelemetry/instrumentation/sqlalchemy/engine.py", line 200, in _wrap_connect_internal
2026-09-09T19:47:22.363831938Z     return func(*args, **kwargs)
2026-09-09T19:47:22.363833892Z   File "/usr/local/lib/python3.13/site-packages/sqlalchemy/engine/base.py", line 3295, in connect
2026-09-09T19:47:22.363835806Z     return self._connection_cls(self)
2026-09-09T19:47:22.363837730Z            ~~~~~~~~~~~~~~~~~~~~^^^^^^
2026-09-09T19:47:22.363839663Z   File "/usr/local/lib/python3.13/site-packages/sqlalchemy/engine/base.py", line 144, in __init__
2026-09-09T19:47:22.363841567Z     self._dbapi_connection = engine.raw_connection()
2026-09-09T19:47:22.363843481Z                              ~~~~~~~~~~~~~~~~~~~~~^^
2026-09-09T19:47:22.363845445Z   File "/usr/local/lib/python3.13/site-packages/sqlalchemy/engine/base.py", line 3319, in raw_connection
2026-09-09T19:47:22.363847359Z     return self.pool.connect()
2026-09-09T19:47:22.363869392Z            ~~~~~~~~~~~~~~~~~^^
2026-09-09T19:47:22.363874622Z   File "/usr/local/lib/python3.13/site-packages/sqlalchemy/pool/base.py", line 448, in connect
2026-09-09T19:47:22.363876616Z     return _ConnectionFairy._checkout(self)
2026-09-09T19:47:22.363878530Z            ~~~~~~~~~~~~~~~~~~~~~~~~~~^^^^^^
2026-09-09T19:47:22.363880494Z   File "/usr/local/lib/python3.13/site-packages/sqlalchemy/pool/base.py", line 1272, in _checkout
2026-09-09T19:47:22.363882388Z     fairy = _ConnectionRecord.checkout(pool)
2026-09-09T19:47:22.363884322Z   File "/usr/local/lib/python3.13/site-packages/sqlalchemy/pool/base.py", line 712, in checkout
2026-09-09T19:47:22.363886245Z     rec = pool._do_get()
2026-09-09T19:47:22.363888189Z   File "/usr/local/lib/python3.13/site-packages/sqlalchemy/pool/impl.py", line 167, in _do_get
2026-09-09T19:47:22.363890083Z     raise exc.TimeoutError(
2026-09-09T19:47:22.363892137Z     ...<4 lines>...
2026-09-09T19:47:22.363894081Z     )
2026-09-09T19:47:22.363896866Z sqlalchemy.exc.TimeoutError: QueuePool limit of size 5 overflow 10 reached, connection timed out, timeout 30.00 (Background on this error at: https://sqlalche.me/e/20/3o7r)
2026-09-09T19:47:22.552638581Z ERROR:    Exception in ASGI application
2026-09-09T19:47:22.552685033Z Traceback (most recent call last):
2026-09-09T19:47:22.552690314Z   File "/usr/local/lib/python3.13/site-packages/uvicorn/protocols/http/httptools_impl.py", line 421, in run_asgi
2026-09-09T19:47:22.552694913Z     result = await app(  # type: ignore[func-returns-value]
2026-09-09T19:47:22.552698870Z              ^^^^^^^^^^^^^^^^^^^^^^^^^^^^^^^^^^^^^^^^^^^^^^
2026-09-09T19:47:22.552702868Z         self.scope, self.receive, self.send
2026-09-09T19:47:22.552706876Z         ^^^^^^^^^^^^^^^^^^^^^^^^^^^^^^^^^^^
2026-09-09T19:47:22.552710904Z     )
2026-09-09T19:47:22.552715012Z     ^
2026-09-09T19:47:22.552718980Z   File "/usr/local/lib/python3.13/site-packages/uvicorn/middleware/proxy_headers.py", line 63, in __call__
2026-09-09T19:47:22.552723068Z     return await self.app(scope, receive, send)
2026-09-09T19:47:22.552727016Z            ^^^^^^^^^^^^^^^^^^^^^^^^^^^^^^^^^^^^
2026-09-09T19:47:22.552734330Z   File "/usr/local/lib/python3.13/site-packages/fastapi/applications.py", line 1159, in __call__
2026-09-09T19:47:22.553108489Z     await super().__call__(scope, receive, send)
2026-09-09T19:47:22.553120693Z   File "/usr/local/lib/python3.13/site-packages/starlette/applications.py", line 107, in __call__
2026-09-09T19:47:22.553124741Z     await self.middleware_stack(scope, receive, send)
2026-09-09T19:47:22.553128699Z   File "/usr/local/lib/python3.13/site-packages/starlette/middleware/errors.py", line 186, in __call__
2026-09-09T19:47:22.553132747Z     raise exc
2026-09-09T19:47:22.553136885Z   File "/usr/local/lib/python3.13/site-packages/starlette/middleware/errors.py", line 164, in __call__
2026-09-09T19:47:22.553140883Z     await self.app(scope, receive, _send)
2026-09-09T19:47:22.553145562Z   File "/usr/local/lib/python3.13/site-packages/opentelemetry/instrumentation/asgi/__init__.py", line 806, in __call__
2026-09-09T19:47:22.553149620Z     await self.app(scope, otel_receive, otel_send)
2026-09-09T19:47:22.553153648Z   File "/usr/local/lib/python3.13/site-packages/starlette/middleware/errors.py", line 186, in __call__
2026-09-09T19:47:22.553157696Z     raise exc
2026-09-09T19:47:22.553161794Z   File "/usr/local/lib/python3.13/site-packages/starlette/middleware/errors.py", line 164, in __call__
2026-09-09T19:47:22.553165682Z     await self.app(scope, receive, _send)
2026-09-09T19:47:22.553169649Z   File "/usr/local/lib/python3.13/site-packages/opentelemetry/instrumentation/fastapi/__init__.py", line 305, in __call__
2026-09-09T19:47:22.553173487Z     await self.app(scope, receive, send)
2026-09-09T19:47:22.553176653Z   File "/usr/local/lib/python3.13/site-packages/prometheus_fastapi_instrumentator/middleware.py", line 177, in __call__
2026-09-09T19:47:22.553179809Z     raise exc
2026-09-09T19:47:22.553182996Z   File "/usr/local/lib/python3.13/site-packages/prometheus_fastapi_instrumentator/middleware.py", line 175, in __call__
2026-09-09T19:47:22.553185441Z     await self.app(scope, receive, send_wrapper)
2026-09-09T19:47:22.553187825Z   File "/usr/local/lib/python3.13/site-packages/starlette/middleware/exceptions.py", line 63, in __call__
2026-09-09T19:47:22.553190611Z     await wrap_app_handling_exceptions(self.app, conn)(scope, receive, send)
2026-09-09T19:47:22.553192525Z   File "/usr/local/lib/python3.13/site-packages/starlette/_exception_handler.py", line 53, in wrapped_app
2026-09-09T19:47:22.553194619Z     raise exc
2026-09-09T19:47:22.553196553Z   File "/usr/local/lib/python3.13/site-packages/starlette/_exception_handler.py", line 42, in wrapped_app
2026-09-09T19:47:22.553198456Z     await app(scope, receive, sender)
2026-09-09T19:47:22.553200350Z   File "/usr/local/lib/python3.13/site-packages/fastapi/middleware/asyncexitstack.py", line 18, in __call__
2026-09-09T19:47:22.553202274Z     await self.app(scope, receive, send)
2026-09-09T19:47:22.553204248Z   File "/usr/local/lib/python3.13/site-packages/starlette/routing.py", line 716, in __call__
2026-09-09T19:47:22.553206151Z     await self.middleware_stack(scope, receive, send)
2026-09-09T19:47:22.553208075Z   File "/usr/local/lib/python3.13/site-packages/starlette/routing.py", line 736, in app
2026-09-09T19:47:22.553209989Z     await route.handle(scope, receive, send)
2026-09-09T19:47:22.553211893Z   File "/usr/local/lib/python3.13/site-packages/starlette/routing.py", line 290, in handle
2026-09-09T19:47:22.553213787Z     await self.app(scope, receive, send)
2026-09-09T19:47:22.553215700Z   File "/usr/local/lib/python3.13/site-packages/fastapi/routing.py", line 134, in app
2026-09-09T19:47:22.553217604Z     await wrap_app_handling_exceptions(app, request)(scope, receive, send)
2026-09-09T19:47:22.553219508Z   File "/usr/local/lib/python3.13/site-packages/starlette/_exception_handler.py", line 53, in wrapped_app
2026-09-09T19:47:22.553230329Z     raise exc
2026-09-09T19:47:22.553232383Z   File "/usr/local/lib/python3.13/site-packages/starlette/_exception_handler.py", line 42, in wrapped_app
2026-09-09T19:47:22.553237163Z     await app(scope, receive, sender)
2026-09-09T19:47:22.553239127Z   File "/usr/local/lib/python3.13/site-packages/fastapi/routing.py", line 120, in app
2026-09-09T19:47:22.553241601Z     response = await f(request)
2026-09-09T19:47:22.553243515Z                ^^^^^^^^^^^^^^^^
2026-09-09T19:47:22.553245429Z   File "/usr/local/lib/python3.13/site-packages/fastapi/routing.py", line 674, in app
2026-09-09T19:47:22.553247363Z     raw_response = await run_endpoint_function(
2026-09-09T19:47:22.553249267Z                    ^^^^^^^^^^^^^^^^^^^^^^^^^^^^
2026-09-09T19:47:22.553251872Z     ...<3 lines>...
2026-09-09T19:47:22.553253795Z     )
2026-09-09T19:47:22.553255709Z     ^
2026-09-09T19:47:22.553258044Z   File "/usr/local/lib/python3.13/site-packages/fastapi/routing.py", line 330, in run_endpoint_function
2026-09-09T19:47:22.553259948Z     return await run_in_threadpool(dependant.call, **values)
2026-09-09T19:47:22.553261851Z            ^^^^^^^^^^^^^^^^^^^^^^^^^^^^^^^^^^^^^^^^^^^^^^^^^
2026-09-09T19:47:22.553301910Z   File "/usr/local/lib/python3.13/site-packages/starlette/concurrency.py", line 32, in run_in_threadpool
2026-09-09T19:47:22.553306730Z     return await anyio.to_thread.run_sync(func)
2026-09-09T19:47:22.553308714Z            ^^^^^^^^^^^^^^^^^^^^^^^^^^^^^^^^^^^^
2026-09-09T19:47:22.553310638Z   File "/usr/local/lib/python3.13/site-packages/anyio/to_thread.py", line 63, in run_sync
2026-09-09T19:47:22.553312541Z     return await get_async_backend().run_sync_in_worker_thread(
2026-09-09T19:47:22.553314445Z            ^^^^^^^^^^^^^^^^^^^^^^^^^^^^^^^^^^^^^^^^^^^^^^^^^^^^
2026-09-09T19:47:22.553316349Z         func, args, abandon_on_cancel=abandon_on_cancel, limiter=limiter
2026-09-09T19:47:22.553318243Z         ^^^^^^^^^^^^^^^^^^^^^^^^^^^^^^^^^^^^^^^^^^^^^^^^^^^^^^^^^^^^^^^^
2026-09-09T19:47:22.553320166Z     )
2026-09-09T19:47:22.553322100Z     ^
2026-09-09T19:47:22.553324024Z   File "/usr/local/lib/python3.13/site-packages/anyio/_backends/_asyncio.py", line 2518, in run_sync_in_worker_thread
2026-09-09T19:47:22.553326028Z     return await future
2026-09-09T19:47:22.553327972Z            ^^^^^^^^^^^^
2026-09-09T19:47:22.553329866Z   File "/usr/local/lib/python3.13/site-packages/anyio/_backends/_asyncio.py", line 1002, in run
2026-09-09T19:47:22.553331819Z     result = context.run(func, *args)
2026-09-09T19:47:22.553333904Z   File "/app/app/routers/orders.py", line 36, in checkout
2026-09-09T19:47:22.553335817Z     return create_order(
2026-09-09T19:47:22.553337781Z         db=db,
2026-09-09T19:47:22.553339705Z     ...<2 lines>...
2026-09-09T19:47:22.553342000Z         correlation_id=correlation_id,
2026-09-09T19:47:22.553343943Z     )
2026-09-09T19:47:22.553345917Z   File "/app/app/services/order_service.py", line 42, in create_order
2026-09-09T19:47:22.553347851Z     result = db.execute(
2026-09-09T19:47:22.553349775Z         select(ProductModel).where(ProductModel.id == product_id)
2026-09-09T19:47:22.553351699Z     )
2026-09-09T19:47:22.553353612Z   File "/usr/local/lib/python3.13/site-packages/sqlalchemy/orm/session.py", line 2372, in execute
2026-09-09T19:47:22.553355546Z     return self._execute_internal(
2026-09-09T19:47:22.553357460Z            ~~~~~~~~~~~~~~~~~~~~~~^
2026-09-09T19:47:22.553359384Z         statement,
2026-09-09T19:47:22.553361288Z         ^^^^^^^^^^
2026-09-09T19:47:22.553363191Z     ...<4 lines>...
2026-09-09T19:47:22.553378251Z         _add_event=_add_event,
2026-09-09T19:47:22.553380255Z         ^^^^^^^^^^^^^^^^^^^^^^
2026-09-09T19:47:22.553382159Z     )
2026-09-09T19:47:22.553384063Z     ^
2026-09-09T19:47:22.553385976Z   File "/usr/local/lib/python3.13/site-packages/sqlalchemy/orm/session.py", line 2260, in _execute_internal
2026-09-09T19:47:22.553387900Z     conn = self._connection_for_bind(bind)
2026-09-09T19:47:22.553389834Z   File "/usr/local/lib/python3.13/site-packages/sqlalchemy/orm/session.py", line 2112, in _connection_for_bind
2026-09-09T19:47:22.553391758Z     return trans._connection_for_bind(engine, execution_options)
2026-09-09T19:47:22.553419522Z            ~~~~~~~~~~~~~~~~~~~~~~~~~~^^^^^^^^^^^^^^^^^^^^^^^^^^^
2026-09-09T19:47:22.553426186Z   File "<string>", line 2, in _connection_for_bind
2026-09-09T19:47:22.553428340Z   File "/usr/local/lib/python3.13/site-packages/sqlalchemy/orm/state_changes.py", line 137, in _go
2026-09-09T19:47:22.553430364Z     ret_value = fn(self, *arg, **kw)
2026-09-09T19:47:22.553432498Z   File "/usr/local/lib/python3.13/site-packages/sqlalchemy/orm/session.py", line 1191, in _connection_for_bind
2026-09-09T19:47:22.553434502Z     conn = bind.connect()
2026-09-09T19:47:22.553437167Z   File "/usr/local/lib/python3.13/site-packages/opentelemetry/instrumentation/sqlalchemy/engine.py", line 200, in _wrap_connect_internal
2026-09-09T19:47:22.553439111Z     return func(*args, **kwargs)
2026-09-09T19:47:22.553441045Z   File "/usr/local/lib/python3.13/site-packages/sqlalchemy/engine/base.py", line 3295, in connect
2026-09-09T19:47:22.553442959Z     return self._connection_cls(self)
2026-09-09T19:47:22.553444923Z            ~~~~~~~~~~~~~~~~~~~~^^^^^^
2026-09-09T19:47:22.553446836Z   File "/usr/local/lib/python3.13/site-packages/sqlalchemy/engine/base.py", line 144, in __init__
2026-09-09T19:47:22.553448760Z     self._dbapi_connection = engine.raw_connection()
2026-09-09T19:47:22.553450704Z                              ~~~~~~~~~~~~~~~~~~~~~^^
2026-09-09T19:47:22.553452608Z   File "/usr/local/lib/python3.13/site-packages/sqlalchemy/engine/base.py", line 3319, in raw_connection
2026-09-09T19:47:22.553454532Z     return self.pool.connect()
2026-09-09T19:47:22.553456455Z            ~~~~~~~~~~~~~~~~~^^
2026-09-09T19:47:22.553458379Z   File "/usr/local/lib/python3.13/site-packages/sqlalchemy/pool/base.py", line 448, in connect
2026-09-09T19:47:22.553460303Z     return _ConnectionFairy._checkout(self)
2026-09-09T19:47:22.553462217Z            ~~~~~~~~~~~~~~~~~~~~~~~~~~^^^^^^
2026-09-09T19:47:22.553464161Z   File "/usr/local/lib/python3.13/site-packages/sqlalchemy/pool/base.py", line 1272, in _checkout
2026-09-09T19:47:22.553466064Z     fairy = _ConnectionRecord.checkout(pool)
2026-09-09T19:47:22.553467978Z   File "/usr/local/lib/python3.13/site-packages/sqlalchemy/pool/base.py", line 712, in checkout
2026-09-09T19:47:22.553469872Z     rec = pool._do_get()
2026-09-09T19:47:22.553471786Z   File "/usr/local/lib/python3.13/site-packages/sqlalchemy/pool/impl.py", line 167, in _do_get
2026-09-09T19:47:22.553473689Z     raise exc.TimeoutError(
2026-09-09T19:47:22.553475643Z     ...<4 lines>...
2026-09-09T19:47:22.553477597Z     )
2026-09-09T19:47:22.553481375Z sqlalchemy.exc.TimeoutError: QueuePool limit of size 5 overflow 10 reached, connection timed out, timeout 30.00 (Background on this error at: https://sqlalche.me/e/20/3o7r)
2026-09-09T19:47:22.692043378Z ERROR:    Exception in ASGI application
2026-09-09T19:47:22.692076814Z Traceback (most recent call last):
2026-09-09T19:47:22.692079530Z   File "/usr/local/lib/python3.13/site-packages/uvicorn/protocols/http/httptools_impl.py", line 421, in run_asgi
2026-09-09T19:47:22.692082265Z     result = await app(  # type: ignore[func-returns-value]
2026-09-09T19:47:22.692100381Z              ^^^^^^^^^^^^^^^^^^^^^^^^^^^^^^^^^^^^^^^^^^^^^^
2026-09-09T19:47:22.692102475Z         self.scope, self.receive, self.send
2026-09-09T19:47:22.692104399Z         ^^^^^^^^^^^^^^^^^^^^^^^^^^^^^^^^^^^
2026-09-09T19:47:22.692106343Z     )
2026-09-09T19:47:22.692108286Z     ^
2026-09-09T19:47:22.692110240Z   File "/usr/local/lib/python3.13/site-packages/uvicorn/middleware/proxy_headers.py", line 63, in __call__
2026-09-09T19:47:22.692112244Z     return await self.app(scope, receive, send)
2026-09-09T19:47:22.692114168Z            ^^^^^^^^^^^^^^^^^^^^^^^^^^^^^^^^^^^^
2026-09-09T19:47:22.692116983Z   File "/usr/local/lib/python3.13/site-packages/fastapi/applications.py", line 1159, in __call__
2026-09-09T19:47:22.692119018Z     await super().__call__(scope, receive, send)
2026-09-09T19:47:22.692120931Z   File "/usr/local/lib/python3.13/site-packages/starlette/applications.py", line 107, in __call__
2026-09-09T19:47:22.692122925Z     await self.middleware_stack(scope, receive, send)
2026-09-09T19:47:22.692124839Z   File "/usr/local/lib/python3.13/site-packages/starlette/middleware/errors.py", line 186, in __call__
2026-09-09T19:47:22.692126803Z     raise exc
2026-09-09T19:47:22.692128737Z   File "/usr/local/lib/python3.13/site-packages/starlette/middleware/errors.py", line 164, in __call__
2026-09-09T19:47:22.692130701Z     await self.app(scope, receive, _send)
2026-09-09T19:47:22.692133165Z   File "/usr/local/lib/python3.13/site-packages/opentelemetry/instrumentation/asgi/__init__.py", line 806, in __call__
2026-09-09T19:47:22.692135109Z     await self.app(scope, otel_receive, otel_send)
2026-09-09T19:47:22.692137073Z   File "/usr/local/lib/python3.13/site-packages/starlette/middleware/errors.py", line 186, in __call__
2026-09-09T19:47:22.692139017Z     raise exc
2026-09-09T19:47:22.692140991Z   File "/usr/local/lib/python3.13/site-packages/starlette/middleware/errors.py", line 164, in __call__
2026-09-09T19:47:22.692142905Z     await self.app(scope, receive, _send)
2026-09-09T19:47:22.692144939Z   File "/usr/local/lib/python3.13/site-packages/opentelemetry/instrumentation/fastapi/__init__.py", line 305, in __call__
2026-09-09T19:47:22.692150710Z     await self.app(scope, receive, send)
2026-09-09T19:47:22.692152724Z   File "/usr/local/lib/python3.13/site-packages/prometheus_fastapi_instrumentator/middleware.py", line 177, in __call__
2026-09-09T19:47:22.692154668Z     raise exc
2026-09-09T19:47:22.692156582Z   File "/usr/local/lib/python3.13/site-packages/prometheus_fastapi_instrumentator/middleware.py", line 175, in __call__
2026-09-09T19:47:22.692158485Z     await self.app(scope, receive, send_wrapper)
2026-09-09T19:47:22.692160409Z   File "/usr/local/lib/python3.13/site-packages/starlette/middleware/exceptions.py", line 63, in __call__
2026-09-09T19:47:22.692163335Z     await wrap_app_handling_exceptions(self.app, conn)(scope, receive, send)
2026-09-09T19:47:22.692165249Z   File "/usr/local/lib/python3.13/site-packages/starlette/_exception_handler.py", line 53, in wrapped_app
2026-09-09T19:47:22.692167163Z     raise exc
2026-09-09T19:47:22.692169417Z   File "/usr/local/lib/python3.13/site-packages/starlette/_exception_handler.py", line 42, in wrapped_app
2026-09-09T19:47:22.692171381Z     await app(scope, receive, sender)
2026-09-09T19:47:22.692173325Z   File "/usr/local/lib/python3.13/site-packages/fastapi/middleware/asyncexitstack.py", line 18, in __call__
2026-09-09T19:47:22.692175289Z     await self.app(scope, receive, send)
2026-09-09T19:47:22.692177222Z   File "/usr/local/lib/python3.13/site-packages/starlette/routing.py", line 716, in __call__
2026-09-09T19:47:22.692179256Z     await self.middleware_stack(scope, receive, send)
2026-09-09T19:47:22.692186170Z   File "/usr/local/lib/python3.13/site-packages/starlette/routing.py", line 736, in app
2026-09-09T19:47:22.692188174Z     await route.handle(scope, receive, send)
2026-09-09T19:47:22.692190138Z   File "/usr/local/lib/python3.13/site-packages/starlette/routing.py", line 290, in handle
2026-09-09T19:47:22.692192072Z     await self.app(scope, receive, send)
2026-09-09T19:47:22.692194005Z   File "/usr/local/lib/python3.13/site-packages/fastapi/routing.py", line 134, in app
2026-09-09T19:47:22.692195939Z     await wrap_app_handling_exceptions(app, request)(scope, receive, send)
2026-09-09T19:47:22.692197863Z   File "/usr/local/lib/python3.13/site-packages/starlette/_exception_handler.py", line 53, in wrapped_app
2026-09-09T19:47:22.692199777Z     raise exc
2026-09-09T19:47:22.692201701Z   File "/usr/local/lib/python3.13/site-packages/starlette/_exception_handler.py", line 42, in wrapped_app
2026-09-09T19:47:22.692203634Z     await app(scope, receive, sender)
2026-09-09T19:47:22.692205679Z   File "/usr/local/lib/python3.13/site-packages/fastapi/routing.py", line 120, in app
2026-09-09T19:47:22.692208133Z     response = await f(request)
2026-09-09T19:47:22.692210067Z                ^^^^^^^^^^^^^^^^
2026-09-09T19:47:22.692212001Z   File "/usr/local/lib/python3.13/site-packages/fastapi/routing.py", line 674, in app
2026-09-09T19:47:22.692213915Z     raw_response = await run_endpoint_function(
2026-09-09T19:47:22.692215829Z                    ^^^^^^^^^^^^^^^^^^^^^^^^^^^^
2026-09-09T19:47:22.692218544Z     ...<3 lines>...
2026-09-09T19:47:22.692220468Z     )
2026-09-09T19:47:22.692222402Z     ^
2026-09-09T19:47:22.692224335Z   File "/usr/local/lib/python3.13/site-packages/fastapi/routing.py", line 330, in run_endpoint_function
2026-09-09T19:47:22.692226259Z     return await run_in_threadpool(dependant.call, **values)
2026-09-09T19:47:22.692228193Z            ^^^^^^^^^^^^^^^^^^^^^^^^^^^^^^^^^^^^^^^^^^^^^^^^^
2026-09-09T19:47:22.692261248Z   File "/usr/local/lib/python3.13/site-packages/starlette/concurrency.py", line 32, in run_in_threadpool
2026-09-09T19:47:22.692266468Z     return await anyio.to_thread.run_sync(func)
2026-09-09T19:47:22.692268472Z            ^^^^^^^^^^^^^^^^^^^^^^^^^^^^^^^^^^^^
2026-09-09T19:47:22.692270456Z   File "/usr/local/lib/python3.13/site-packages/anyio/to_thread.py", line 63, in run_sync
2026-09-09T19:47:22.692272370Z     return await get_async_backend().run_sync_in_worker_thread(
2026-09-09T19:47:22.692274294Z            ^^^^^^^^^^^^^^^^^^^^^^^^^^^^^^^^^^^^^^^^^^^^^^^^^^^^
2026-09-09T19:47:22.692276218Z         func, args, abandon_on_cancel=abandon_on_cancel, limiter=limiter
2026-09-09T19:47:22.692278142Z         ^^^^^^^^^^^^^^^^^^^^^^^^^^^^^^^^^^^^^^^^^^^^^^^^^^^^^^^^^^^^^^^^
2026-09-09T19:47:22.692280035Z     )
2026-09-09T19:47:22.692281939Z     ^
2026-09-09T19:47:22.692283833Z   File "/usr/local/lib/python3.13/site-packages/anyio/_backends/_asyncio.py", line 2518, in run_sync_in_worker_thread
2026-09-09T19:47:22.692285757Z     return await future
2026-09-09T19:47:22.692287660Z            ^^^^^^^^^^^^
2026-09-09T19:47:22.692289584Z   File "/usr/local/lib/python3.13/site-packages/anyio/_backends/_asyncio.py", line 1002, in run
2026-09-09T19:47:22.692294023Z     result = context.run(func, *args)
2026-09-09T19:47:22.692296287Z   File "/app/app/routers/orders.py", line 36, in checkout
2026-09-09T19:47:22.692298221Z     return create_order(
2026-09-09T19:47:22.692300185Z         db=db,
2026-09-09T19:47:22.692302129Z     ...<2 lines>...
2026-09-09T19:47:22.692304093Z         correlation_id=correlation_id,
2026-09-09T19:47:22.692306027Z     )
2026-09-09T19:47:22.692315906Z   File "/app/app/services/order_service.py", line 42, in create_order
2026-09-09T19:47:22.692317940Z     result = db.execute(
2026-09-09T19:47:22.692319894Z         select(ProductModel).where(ProductModel.id == product_id)
2026-09-09T19:47:22.692321788Z     )
2026-09-09T19:47:22.692323721Z   File "/usr/local/lib/python3.13/site-packages/sqlalchemy/orm/session.py", line 2372, in execute
2026-09-09T19:47:22.692325625Z     return self._execute_internal(
2026-09-09T19:47:22.692327559Z            ~~~~~~~~~~~~~~~~~~~~~~^
2026-09-09T19:47:22.692329463Z         statement,
2026-09-09T19:47:22.692331357Z         ^^^^^^^^^^
2026-09-09T19:47:22.692333230Z     ...<4 lines>...
2026-09-09T19:47:22.692335124Z         _add_event=_add_event,
2026-09-09T19:47:22.692337008Z         ^^^^^^^^^^^^^^^^^^^^^^
2026-09-09T19:47:22.692338891Z     )
2026-09-09T19:47:22.692340775Z     ^
2026-09-09T19:47:22.692342709Z   File "/usr/local/lib/python3.13/site-packages/sqlalchemy/orm/session.py", line 2260, in _execute_internal
2026-09-09T19:47:22.692344633Z     conn = self._connection_for_bind(bind)
2026-09-09T19:47:22.692346557Z   File "/usr/local/lib/python3.13/site-packages/sqlalchemy/orm/session.py", line 2112, in _connection_for_bind
2026-09-09T19:47:22.692348480Z     return trans._connection_for_bind(engine, execution_options)
2026-09-09T19:47:22.692350404Z            ~~~~~~~~~~~~~~~~~~~~~~~~~~^^^^^^^^^^^^^^^^^^^^^^^^^^^
2026-09-09T19:47:22.692352308Z   File "<string>", line 2, in _connection_for_bind
2026-09-09T19:47:22.692354212Z   File "/usr/local/lib/python3.13/site-packages/sqlalchemy/orm/state_changes.py", line 137, in _go
2026-09-09T19:47:22.692356115Z     ret_value = fn(self, *arg, **kw)
2026-09-09T19:47:22.692358260Z   File "/usr/local/lib/python3.13/site-packages/sqlalchemy/orm/session.py", line 1191, in _connection_for_bind
2026-09-09T19:47:22.692360173Z     conn = bind.connect()
2026-09-09T19:47:22.692362598Z   File "/usr/local/lib/python3.13/site-packages/opentelemetry/instrumentation/sqlalchemy/engine.py", line 200, in _wrap_connect_internal
2026-09-09T19:47:22.692364522Z     return func(*args, **kwargs)
2026-09-09T19:47:22.692366446Z   File "/usr/local/lib/python3.13/site-packages/sqlalchemy/engine/base.py", line 3295, in connect
2026-09-09T19:47:22.692368350Z     return self._connection_cls(self)
2026-09-09T19:47:22.692370253Z            ~~~~~~~~~~~~~~~~~~~~^^^^^^
2026-09-09T19:47:22.692372157Z   File "/usr/local/lib/python3.13/site-packages/sqlalchemy/engine/base.py", line 144, in __init__
2026-09-09T19:47:22.692374081Z     self._dbapi_connection = engine.raw_connection()
2026-09-09T19:47:22.692375965Z                              ~~~~~~~~~~~~~~~~~~~~~^^
2026-09-09T19:47:22.692377878Z   File "/usr/local/lib/python3.13/site-packages/sqlalchemy/engine/base.py", line 3319, in raw_connection
2026-09-09T19:47:22.692379782Z     return self.pool.connect()
2026-09-09T19:47:22.692381676Z            ~~~~~~~~~~~~~~~~~^^
2026-09-09T19:47:22.692383590Z   File "/usr/local/lib/python3.13/site-packages/sqlalchemy/pool/base.py", line 448, in connect
2026-09-09T19:47:22.692385493Z     return _ConnectionFairy._checkout(self)
2026-09-09T19:47:22.692387417Z            ~~~~~~~~~~~~~~~~~~~~~~~~~~^^^^^^
2026-09-09T19:47:22.692389341Z   File "/usr/local/lib/python3.13/site-packages/sqlalchemy/pool/base.py", line 1272, in _checkout
2026-09-09T19:47:22.692391245Z     fairy = _ConnectionRecord.checkout(pool)
2026-09-09T19:47:22.692393158Z   File "/usr/local/lib/python3.13/site-packages/sqlalchemy/pool/base.py", line 712, in checkout
2026-09-09T19:47:22.692395052Z     rec = pool._do_get()
2026-09-09T19:47:22.692396956Z   File "/usr/local/lib/python3.13/site-packages/sqlalchemy/pool/impl.py", line 167, in _do_get
2026-09-09T19:47:22.692403268Z     raise exc.TimeoutError(
2026-09-09T19:47:22.692405242Z     ...<4 lines>...
2026-09-09T19:47:22.692407156Z     )
2026-09-09T19:47:22.692409541Z sqlalchemy.exc.TimeoutError: QueuePool limit of size 5 overflow 10 reached, connection timed out, timeout 30.00 (Background on this error at: https://sqlalche.me/e/20/3o7r)
2026-09-09T19:47:22.726075759Z ERROR:    Exception in ASGI application
2026-09-09T19:47:22.726148793Z Traceback (most recent call last):
2026-09-09T19:47:22.726152079Z   File "/usr/local/lib/python3.13/site-packages/uvicorn/protocols/http/httptools_impl.py", line 421, in run_asgi
2026-09-09T19:47:22.726154925Z     result = await app(  # type: ignore[func-returns-value]
2026-09-09T19:47:22.726156879Z              ^^^^^^^^^^^^^^^^^^^^^^^^^^^^^^^^^^^^^^^^^^^^^^
2026-09-09T19:47:22.726158913Z         self.scope, self.receive, self.send
2026-09-09T19:47:22.726161047Z         ^^^^^^^^^^^^^^^^^^^^^^^^^^^^^^^^^^^
2026-09-09T19:47:22.726163011Z     )
2026-09-09T19:47:22.726165456Z     ^
2026-09-09T19:47:22.726167450Z   File "/usr/local/lib/python3.13/site-packages/uvicorn/middleware/proxy_headers.py", line 63, in __call__
2026-09-09T19:47:22.726169424Z     return await self.app(scope, receive, send)
2026-09-09T19:47:22.726171488Z            ^^^^^^^^^^^^^^^^^^^^^^^^^^^^^^^^^^^^
2026-09-09T19:47:22.726173932Z   File "/usr/local/lib/python3.13/site-packages/fastapi/applications.py", line 1159, in __call__
2026-09-09T19:47:22.726175896Z     await super().__call__(scope, receive, send)
2026-09-09T19:47:22.726177870Z   File "/usr/local/lib/python3.13/site-packages/starlette/applications.py", line 107, in __call__
2026-09-09T19:47:22.726179834Z     await self.middleware_stack(scope, receive, send)
2026-09-09T19:47:22.726181768Z   File "/usr/local/lib/python3.13/site-packages/starlette/middleware/errors.py", line 186, in __call__
2026-09-09T19:47:22.726183782Z     raise exc
2026-09-09T19:47:22.726205615Z   File "/usr/local/lib/python3.13/site-packages/starlette/middleware/errors.py", line 164, in __call__
2026-09-09T19:47:22.726208000Z     await self.app(scope, receive, _send)
2026-09-09T19:47:22.726210976Z   File "/usr/local/lib/python3.13/site-packages/opentelemetry/instrumentation/asgi/__init__.py", line 806, in __call__
2026-09-09T19:47:22.726213030Z     await self.app(scope, otel_receive, otel_send)
2026-09-09T19:47:22.726220404Z   File "/usr/local/lib/python3.13/site-packages/starlette/middleware/errors.py", line 186, in __call__
2026-09-09T19:47:22.726222398Z     raise exc
2026-09-09T19:47:22.726224392Z   File "/usr/local/lib/python3.13/site-packages/starlette/middleware/errors.py", line 164, in __call__
2026-09-09T19:47:22.726226366Z     await self.app(scope, receive, _send)
2026-09-09T19:47:22.726228320Z   File "/usr/local/lib/python3.13/site-packages/opentelemetry/instrumentation/fastapi/__init__.py", line 305, in __call__
2026-09-09T19:47:22.726230254Z     await self.app(scope, receive, send)
2026-09-09T19:47:22.726232207Z   File "/usr/local/lib/python3.13/site-packages/prometheus_fastapi_instrumentator/middleware.py", line 177, in __call__
2026-09-09T19:47:22.726234141Z     raise exc
2026-09-09T19:47:22.726262607Z   File "/usr/local/lib/python3.13/site-packages/prometheus_fastapi_instrumentator/middleware.py", line 175, in __call__
2026-09-09T19:47:22.726294791Z     await self.app(scope, receive, send_wrapper)
2026-09-09T19:47:22.726297516Z   File "/usr/local/lib/python3.13/site-packages/starlette/middleware/exceptions.py", line 63, in __call__
2026-09-09T19:47:22.726300372Z     await wrap_app_handling_exceptions(self.app, conn)(scope, receive, send)
2026-09-09T19:47:22.726302326Z   File "/usr/local/lib/python3.13/site-packages/starlette/_exception_handler.py", line 53, in wrapped_app
2026-09-09T19:47:22.726414036Z     raise exc
2026-09-09T19:47:22.726418986Z   File "/usr/local/lib/python3.13/site-packages/starlette/_exception_handler.py", line 42, in wrapped_app
2026-09-09T19:47:22.726421050Z     await app(scope, receive, sender)
2026-09-09T19:47:22.726424868Z   File "/usr/local/lib/python3.13/site-packages/fastapi/middleware/asyncexitstack.py", line 18, in __call__
2026-09-09T19:47:22.726426882Z     await self.app(scope, receive, send)
2026-09-09T19:47:22.726428986Z   File "/usr/local/lib/python3.13/site-packages/starlette/routing.py", line 716, in __call__
2026-09-09T19:47:22.726431070Z     await self.middleware_stack(scope, receive, send)
2026-09-09T19:47:22.726465568Z   File "/usr/local/lib/python3.13/site-packages/starlette/routing.py", line 736, in app
2026-09-09T19:47:22.726468684Z     await route.handle(scope, receive, send)
2026-09-09T19:47:22.726470838Z   File "/usr/local/lib/python3.13/site-packages/starlette/routing.py", line 290, in handle
2026-09-09T19:47:22.726472802Z     await self.app(scope, receive, send)
2026-09-09T19:47:22.726474786Z   File "/usr/local/lib/python3.13/site-packages/fastapi/routing.py", line 134, in app
2026-09-09T19:47:22.726476780Z     await wrap_app_handling_exceptions(app, request)(scope, receive, send)
2026-09-09T19:47:22.726480858Z   File "/usr/local/lib/python3.13/site-packages/starlette/_exception_handler.py", line 53, in wrapped_app
2026-09-09T19:47:22.726482862Z     raise exc
2026-09-09T19:47:22.726484816Z   File "/usr/local/lib/python3.13/site-packages/starlette/_exception_handler.py", line 42, in wrapped_app
2026-09-09T19:47:22.726486760Z     await app(scope, receive, sender)
2026-09-09T19:47:22.726488704Z   File "/usr/local/lib/python3.13/site-packages/fastapi/routing.py", line 120, in app
2026-09-09T19:47:22.726491239Z     response = await f(request)
2026-09-09T19:47:22.726493212Z                ^^^^^^^^^^^^^^^^
2026-09-09T19:47:22.726495457Z   File "/usr/local/lib/python3.13/site-packages/fastapi/routing.py", line 674, in app
2026-09-09T19:47:22.726497521Z     raw_response = await run_endpoint_function(
2026-09-09T19:47:22.726499465Z                    ^^^^^^^^^^^^^^^^^^^^^^^^^^^^
2026-09-09T19:47:22.726502350Z     ...<3 lines>...
2026-09-09T19:47:22.726504294Z     )
2026-09-09T19:47:22.726506629Z     ^
2026-09-09T19:47:22.726509064Z   File "/usr/local/lib/python3.13/site-packages/fastapi/routing.py", line 330, in run_endpoint_function
2026-09-09T19:47:22.726511589Z     return await run_in_threadpool(dependant.call, **values)
2026-09-09T19:47:22.726513943Z            ^^^^^^^^^^^^^^^^^^^^^^^^^^^^^^^^^^^^^^^^^^^^^^^^^
2026-09-09T19:47:22.726581767Z   File "/usr/local/lib/python3.13/site-packages/starlette/concurrency.py", line 32, in run_in_threadpool
2026-09-09T19:47:22.726584593Z     return await anyio.to_thread.run_sync(func)
2026-09-09T19:47:22.726586577Z            ^^^^^^^^^^^^^^^^^^^^^^^^^^^^^^^^^^^^
2026-09-09T19:47:22.726588541Z   File "/usr/local/lib/python3.13/site-packages/anyio/to_thread.py", line 63, in run_sync
2026-09-09T19:47:22.726590545Z     return await get_async_backend().run_sync_in_worker_thread(
2026-09-09T19:47:22.726592558Z            ^^^^^^^^^^^^^^^^^^^^^^^^^^^^^^^^^^^^^^^^^^^^^^^^^^^^
2026-09-09T19:47:22.726594572Z         func, args, abandon_on_cancel=abandon_on_cancel, limiter=limiter
2026-09-09T19:47:22.726596526Z         ^^^^^^^^^^^^^^^^^^^^^^^^^^^^^^^^^^^^^^^^^^^^^^^^^^^^^^^^^^^^^^^^
2026-09-09T19:47:22.726598480Z     )
2026-09-09T19:47:22.726600464Z     ^
2026-09-09T19:47:22.726602839Z   File "/usr/local/lib/python3.13/site-packages/anyio/_backends/_asyncio.py", line 2518, in run_sync_in_worker_thread
2026-09-09T19:47:22.726640293Z     return await future
2026-09-09T19:47:22.726642758Z            ^^^^^^^^^^^^
2026-09-09T19:47:22.726644792Z   File "/usr/local/lib/python3.13/site-packages/anyio/_backends/_asyncio.py", line 1002, in run
2026-09-09T19:47:22.726646775Z     result = context.run(func, *args)
2026-09-09T19:47:22.726648749Z   File "/app/app/routers/orders.py", line 36, in checkout
2026-09-09T19:47:22.726650703Z     return create_order(
2026-09-09T19:47:22.726652757Z         db=db,
2026-09-09T19:47:22.726654741Z     ...<2 lines>...
2026-09-09T19:47:22.726656705Z         correlation_id=correlation_id,
2026-09-09T19:47:22.726658649Z     )
2026-09-09T19:47:22.726660693Z   File "/app/app/services/order_service.py", line 42, in create_order
2026-09-09T19:47:22.726662647Z     result = db.execute(
2026-09-09T19:47:22.726664611Z         select(ProductModel).where(ProductModel.id == product_id)
2026-09-09T19:47:22.726666555Z     )
2026-09-09T19:47:22.726668538Z   File "/usr/local/lib/python3.13/site-packages/sqlalchemy/orm/session.py", line 2372, in execute
2026-09-09T19:47:22.726670472Z     return self._execute_internal(
2026-09-09T19:47:22.726672797Z            ~~~~~~~~~~~~~~~~~~~~~~^
2026-09-09T19:47:22.726674771Z         statement,
2026-09-09T19:47:22.726676835Z         ^^^^^^^^^^
2026-09-09T19:47:22.726678839Z     ...<4 lines>...
2026-09-09T19:47:22.726680833Z         _add_event=_add_event,
2026-09-09T19:47:22.726682807Z         ^^^^^^^^^^^^^^^^^^^^^^
2026-09-09T19:47:22.726684740Z     )
2026-09-09T19:47:22.726686674Z     ^
2026-09-09T19:47:22.726688638Z   File "/usr/local/lib/python3.13/site-packages/sqlalchemy/orm/session.py", line 2260, in _execute_internal
2026-09-09T19:47:22.726690582Z     conn = self._connection_for_bind(bind)
2026-09-09T19:47:22.726692556Z   File "/usr/local/lib/python3.13/site-packages/sqlalchemy/orm/session.py", line 2112, in _connection_for_bind
2026-09-09T19:47:22.726694530Z     return trans._connection_for_bind(engine, execution_options)
2026-09-09T19:47:22.726696484Z            ~~~~~~~~~~~~~~~~~~~~~~~~~~^^^^^^^^^^^^^^^^^^^^^^^^^^^
2026-09-09T19:47:22.726698427Z   File "<string>", line 2, in _connection_for_bind
2026-09-09T19:47:22.726700471Z   File "/usr/local/lib/python3.13/site-packages/sqlalchemy/orm/state_changes.py", line 137, in _go
2026-09-09T19:47:22.726702405Z     ret_value = fn(self, *arg, **kw)
2026-09-09T19:47:22.726704359Z   File "/usr/local/lib/python3.13/site-packages/sqlalchemy/orm/session.py", line 1191, in _connection_for_bind
2026-09-09T19:47:22.726779888Z     conn = bind.connect()
2026-09-09T19:47:22.726782764Z   File "/usr/local/lib/python3.13/site-packages/opentelemetry/instrumentation/sqlalchemy/engine.py", line 200, in _wrap_connect_internal
2026-09-09T19:47:22.726784728Z     return func(*args, **kwargs)
2026-09-09T19:47:22.726786702Z   File "/usr/local/lib/python3.13/site-packages/sqlalchemy/engine/base.py", line 3295, in connect
2026-09-09T19:47:22.726788736Z     return self._connection_cls(self)
2026-09-09T19:47:22.726790659Z            ~~~~~~~~~~~~~~~~~~~~^^^^^^
2026-09-09T19:47:22.726792613Z   File "/usr/local/lib/python3.13/site-packages/sqlalchemy/engine/base.py", line 144, in __init__
2026-09-09T19:47:22.726794617Z     self._dbapi_connection = engine.raw_connection()
2026-09-09T19:47:22.726796531Z                              ~~~~~~~~~~~~~~~~~~~~~^^
2026-09-09T19:47:22.726798505Z   File "/usr/local/lib/python3.13/site-packages/sqlalchemy/engine/base.py", line 3319, in raw_connection
2026-09-09T19:47:22.726800479Z     return self.pool.connect()
2026-09-09T19:47:22.726802413Z            ~~~~~~~~~~~~~~~~~^^
2026-09-09T19:47:22.726804397Z   File "/usr/local/lib/python3.13/site-packages/sqlalchemy/pool/base.py", line 448, in connect
2026-09-09T19:47:22.726813194Z     return _ConnectionFairy._checkout(self)
2026-09-09T19:47:22.726815168Z            ~~~~~~~~~~~~~~~~~~~~~~~~~~^^^^^^
2026-09-09T19:47:22.726817102Z   File "/usr/local/lib/python3.13/site-packages/sqlalchemy/pool/base.py", line 1272, in _checkout
2026-09-09T19:47:22.726819035Z     fairy = _ConnectionRecord.checkout(pool)
2026-09-09T19:47:22.726820999Z   File "/usr/local/lib/python3.13/site-packages/sqlalchemy/pool/base.py", line 712, in checkout
2026-09-09T19:47:22.726822993Z     rec = pool._do_get()
2026-09-09T19:47:22.726824927Z   File "/usr/local/lib/python3.13/site-packages/sqlalchemy/pool/impl.py", line 167, in _do_get
2026-09-09T19:47:22.726826871Z     raise exc.TimeoutError(
2026-09-09T19:47:22.726828795Z     ...<4 lines>...
2026-09-09T19:47:22.726830769Z     )
2026-09-09T19:47:22.726848263Z sqlalchemy.exc.TimeoutError: QueuePool limit of size 5 overflow 10 reached, connection timed out, timeout 30.00 (Background on this error at: https://sqlalche.me/e/20/3o7r)
2026-09-09T19:47:22.891806086Z ERROR:    Exception in ASGI application
2026-09-09T19:47:22.891843510Z Traceback (most recent call last):
2026-09-09T19:47:22.891847127Z   File "/usr/local/lib/python3.13/site-packages/uvicorn/protocols/http/httptools_impl.py", line 421, in run_asgi
2026-09-09T19:47:22.891850404Z     result = await app(  # type: ignore[func-returns-value]
2026-09-09T19:47:22.891853039Z              ^^^^^^^^^^^^^^^^^^^^^^^^^^^^^^^^^^^^^^^^^^^^^^
2026-09-09T19:47:22.891855323Z         self.scope, self.receive, self.send
2026-09-09T19:47:22.891857227Z         ^^^^^^^^^^^^^^^^^^^^^^^^^^^^^^^^^^^
2026-09-09T19:47:22.891859141Z     )
2026-09-09T19:47:22.891861185Z     ^
2026-09-09T19:47:22.891863159Z   File "/usr/local/lib/python3.13/site-packages/uvicorn/middleware/proxy_headers.py", line 63, in __call__
2026-09-09T19:47:22.891865073Z     return await self.app(scope, receive, send)
2026-09-09T19:47:22.891866976Z            ^^^^^^^^^^^^^^^^^^^^^^^^^^^^^^^^^^^^
2026-09-09T19:47:22.891872237Z   File "/usr/local/lib/python3.13/site-packages/fastapi/applications.py", line 1159, in __call__
2026-09-09T19:47:22.891874211Z     await super().__call__(scope, receive, send)
2026-09-09T19:47:22.891876134Z   File "/usr/local/lib/python3.13/site-packages/starlette/applications.py", line 107, in __call__
2026-09-09T19:47:22.891878138Z     await self.middleware_stack(scope, receive, send)
2026-09-09T19:47:22.891880132Z   File "/usr/local/lib/python3.13/site-packages/starlette/middleware/errors.py", line 186, in __call__
2026-09-09T19:47:22.891882086Z     raise exc
2026-09-09T19:47:22.891884020Z   File "/usr/local/lib/python3.13/site-packages/starlette/middleware/errors.py", line 164, in __call__
2026-09-09T19:47:22.891885964Z     await self.app(scope, receive, _send)
2026-09-09T19:47:22.891889040Z   File "/usr/local/lib/python3.13/site-packages/opentelemetry/instrumentation/asgi/__init__.py", line 806, in __call__
2026-09-09T19:47:22.891890984Z     await self.app(scope, otel_receive, otel_send)
2026-09-09T19:47:22.891892908Z   File "/usr/local/lib/python3.13/site-packages/starlette/middleware/errors.py", line 186, in __call__
2026-09-09T19:47:22.891894821Z     raise exc
2026-09-09T19:47:22.891896745Z   File "/usr/local/lib/python3.13/site-packages/starlette/middleware/errors.py", line 164, in __call__
2026-09-09T19:47:22.891898669Z     await self.app(scope, receive, _send)
2026-09-09T19:47:22.891900593Z   File "/usr/local/lib/python3.13/site-packages/opentelemetry/instrumentation/fastapi/__init__.py", line 305, in __call__
2026-09-09T19:47:22.891902497Z     await self.app(scope, receive, send)
2026-09-09T19:47:22.891922957Z   File "/usr/local/lib/python3.13/site-packages/prometheus_fastapi_instrumentator/middleware.py", line 177, in __call__
2026-09-09T19:47:22.891924981Z     raise exc
2026-09-09T19:47:22.891927095Z   File "/usr/local/lib/python3.13/site-packages/prometheus_fastapi_instrumentator/middleware.py", line 175, in __call__
2026-09-09T19:47:22.891929029Z     await self.app(scope, receive, send_wrapper)
2026-09-09T19:47:22.891930963Z   File "/usr/local/lib/python3.13/site-packages/starlette/middleware/exceptions.py", line 63, in __call__
2026-09-09T19:47:22.891934289Z     await wrap_app_handling_exceptions(self.app, conn)(scope, receive, send)
2026-09-09T19:47:22.891936263Z   File "/usr/local/lib/python3.13/site-packages/starlette/_exception_handler.py", line 53, in wrapped_app
2026-09-09T19:47:22.891938167Z     raise exc
2026-09-09T19:47:22.891940101Z   File "/usr/local/lib/python3.13/site-packages/starlette/_exception_handler.py", line 42, in wrapped_app
2026-09-09T19:47:22.891942055Z     await app(scope, receive, sender)
2026-09-09T19:47:22.891944299Z   File "/usr/local/lib/python3.13/site-packages/fastapi/middleware/asyncexitstack.py", line 18, in __call__
2026-09-09T19:47:22.891946213Z     await self.app(scope, receive, send)
2026-09-09T19:47:22.891948167Z   File "/usr/local/lib/python3.13/site-packages/starlette/routing.py", line 716, in __call__
2026-09-09T19:47:22.891950131Z     await self.middleware_stack(scope, receive, send)
2026-09-09T19:47:22.891952084Z   File "/usr/local/lib/python3.13/site-packages/starlette/routing.py", line 736, in app
2026-09-09T19:47:22.891953988Z     await route.handle(scope, receive, send)
2026-09-09T19:47:22.891955912Z   File "/usr/local/lib/python3.13/site-packages/starlette/routing.py", line 290, in handle
2026-09-09T19:47:22.891957846Z     await self.app(scope, receive, send)
2026-09-09T19:47:22.891959780Z   File "/usr/local/lib/python3.13/site-packages/fastapi/routing.py", line 134, in app
2026-09-09T19:47:22.891961703Z     await wrap_app_handling_exceptions(app, request)(scope, receive, send)
2026-09-09T19:47:22.891963727Z   File "/usr/local/lib/python3.13/site-packages/starlette/_exception_handler.py", line 53, in wrapped_app
2026-09-09T19:47:22.891965641Z     raise exc
2026-09-09T19:47:22.891967575Z   File "/usr/local/lib/python3.13/site-packages/starlette/_exception_handler.py", line 42, in wrapped_app
2026-09-09T19:47:22.891969549Z     await app(scope, receive, sender)
2026-09-09T19:47:22.891971463Z   File "/usr/local/lib/python3.13/site-packages/fastapi/routing.py", line 120, in app
2026-09-09T19:47:22.891973948Z     response = await f(request)
2026-09-09T19:47:22.891975931Z                ^^^^^^^^^^^^^^^^
2026-09-09T19:47:22.891977875Z   File "/usr/local/lib/python3.13/site-packages/fastapi/routing.py", line 674, in app
2026-09-09T19:47:22.891979819Z     raw_response = await run_endpoint_function(
2026-09-09T19:47:22.891981753Z                    ^^^^^^^^^^^^^^^^^^^^^^^^^^^^
2026-09-09T19:47:22.891984268Z     ...<3 lines>...
2026-09-09T19:47:22.891986202Z     )
2026-09-09T19:47:22.891988136Z     ^
2026-09-09T19:47:22.891990079Z   File "/usr/local/lib/python3.13/site-packages/fastapi/routing.py", line 330, in run_endpoint_function
2026-09-09T19:47:22.891991993Z     return await run_in_threadpool(dependant.call, **values)
2026-09-09T19:47:22.891993967Z            ^^^^^^^^^^^^^^^^^^^^^^^^^^^^^^^^^^^^^^^^^^^^^^^^^
2026-09-09T19:47:22.892003556Z   File "/usr/local/lib/python3.13/site-packages/starlette/concurrency.py", line 32, in run_in_threadpool
2026-09-09T19:47:22.892005630Z     return await anyio.to_thread.run_sync(func)
2026-09-09T19:47:22.892007564Z            ^^^^^^^^^^^^^^^^^^^^^^^^^^^^^^^^^^^^
2026-09-09T19:47:22.892023335Z   File "/usr/local/lib/python3.13/site-packages/anyio/to_thread.py", line 63, in run_sync
2026-09-09T19:47:22.892025309Z     return await get_async_backend().run_sync_in_worker_thread(
2026-09-09T19:47:22.892027233Z            ^^^^^^^^^^^^^^^^^^^^^^^^^^^^^^^^^^^^^^^^^^^^^^^^^^^^
2026-09-09T19:47:22.892029146Z         func, args, abandon_on_cancel=abandon_on_cancel, limiter=limiter
2026-09-09T19:47:22.892031090Z         ^^^^^^^^^^^^^^^^^^^^^^^^^^^^^^^^^^^^^^^^^^^^^^^^^^^^^^^^^^^^^^^^
2026-09-09T19:47:22.892033024Z     )
2026-09-09T19:47:22.892034938Z     ^
2026-09-09T19:47:22.892036852Z   File "/usr/local/lib/python3.13/site-packages/anyio/_backends/_asyncio.py", line 2518, in run_sync_in_worker_thread
2026-09-09T19:47:22.892038765Z     return await future
2026-09-09T19:47:22.892040729Z            ^^^^^^^^^^^^
2026-09-09T19:47:22.892042633Z   File "/usr/local/lib/python3.13/site-packages/anyio/_backends/_asyncio.py", line 1002, in run
2026-09-09T19:47:22.892044597Z     result = context.run(func, *args)
2026-09-09T19:47:22.892046531Z   File "/app/app/routers/orders.py", line 36, in checkout
2026-09-09T19:47:22.892048525Z     return create_order(
2026-09-09T19:47:22.892050438Z         db=db,
2026-09-09T19:47:22.892052392Z     ...<2 lines>...
2026-09-09T19:47:22.892054316Z         correlation_id=correlation_id,
2026-09-09T19:47:22.892056220Z     )
2026-09-09T19:47:22.892058384Z   File "/app/app/services/order_service.py", line 42, in create_order
2026-09-09T19:47:22.892060308Z     result = db.execute(
2026-09-09T19:47:22.892062252Z         select(ProductModel).where(ProductModel.id == product_id)
2026-09-09T19:47:22.892064156Z     )
2026-09-09T19:47:22.892066079Z   File "/usr/local/lib/python3.13/site-packages/sqlalchemy/orm/session.py", line 2372, in execute
2026-09-09T19:47:22.892067983Z     return self._execute_internal(
2026-09-09T19:47:22.892069907Z            ~~~~~~~~~~~~~~~~~~~~~~^
2026-09-09T19:47:22.892071821Z         statement,
2026-09-09T19:47:22.892098133Z         ^^^^^^^^^^
2026-09-09T19:47:22.892102832Z     ...<4 lines>...
2026-09-09T19:47:22.892104866Z         _add_event=_add_event,
2026-09-09T19:47:22.892106780Z         ^^^^^^^^^^^^^^^^^^^^^^
2026-09-09T19:47:22.892108703Z     )
2026-09-09T19:47:22.892110617Z     ^
2026-09-09T19:47:22.892112571Z   File "/usr/local/lib/python3.13/site-packages/sqlalchemy/orm/session.py", line 2260, in _execute_internal
2026-09-09T19:47:22.892114505Z     conn = self._connection_for_bind(bind)
2026-09-09T19:47:22.892116419Z   File "/usr/local/lib/python3.13/site-packages/sqlalchemy/orm/session.py", line 2112, in _connection_for_bind
2026-09-09T19:47:22.892118342Z     return trans._connection_for_bind(engine, execution_options)
2026-09-09T19:47:22.892120276Z            ~~~~~~~~~~~~~~~~~~~~~~~~~~^^^^^^^^^^^^^^^^^^^^^^^^^^^
2026-09-09T19:47:22.892122190Z   File "<string>", line 2, in _connection_for_bind
2026-09-09T19:47:22.892124114Z   File "/usr/local/lib/python3.13/site-packages/sqlalchemy/orm/state_changes.py", line 137, in _go
2026-09-09T19:47:22.892126018Z     ret_value = fn(self, *arg, **kw)
2026-09-09T19:47:22.892127901Z   File "/usr/local/lib/python3.13/site-packages/sqlalchemy/orm/session.py", line 1191, in _connection_for_bind
2026-09-09T19:47:22.892129815Z     conn = bind.connect()
2026-09-09T19:47:22.892132601Z   File "/usr/local/lib/python3.13/site-packages/opentelemetry/instrumentation/sqlalchemy/engine.py", line 200, in _wrap_connect_internal
2026-09-09T19:47:22.892134534Z     return func(*args, **kwargs)
2026-09-09T19:47:22.892136468Z   File "/usr/local/lib/python3.13/site-packages/sqlalchemy/engine/base.py", line 3295, in connect
2026-09-09T19:47:22.892146318Z     return self._connection_cls(self)
2026-09-09T19:47:22.892148332Z            ~~~~~~~~~~~~~~~~~~~~^^^^^^
2026-09-09T19:47:22.892150245Z   File "/usr/local/lib/python3.13/site-packages/sqlalchemy/engine/base.py", line 144, in __init__
2026-09-09T19:47:22.892152139Z     self._dbapi_connection = engine.raw_connection()
2026-09-09T19:47:22.892154023Z                              ~~~~~~~~~~~~~~~~~~~~~^^
2026-09-09T19:47:22.892155917Z   File "/usr/local/lib/python3.13/site-packages/sqlalchemy/engine/base.py", line 3319, in raw_connection
2026-09-09T19:47:22.892157810Z     return self.pool.connect()
2026-09-09T19:47:22.892159724Z            ~~~~~~~~~~~~~~~~~^^
2026-09-09T19:47:22.892161628Z   File "/usr/local/lib/python3.13/site-packages/sqlalchemy/pool/base.py", line 448, in connect
2026-09-09T19:47:22.892163512Z     return _ConnectionFairy._checkout(self)
2026-09-09T19:47:22.892165385Z            ~~~~~~~~~~~~~~~~~~~~~~~~~~^^^^^^
2026-09-09T19:47:22.892167269Z   File "/usr/local/lib/python3.13/site-packages/sqlalchemy/pool/base.py", line 1272, in _checkout
2026-09-09T19:47:22.892169163Z     fairy = _ConnectionRecord.checkout(pool)
2026-09-09T19:47:22.892171056Z   File "/usr/local/lib/python3.13/site-packages/sqlalchemy/pool/base.py", line 712, in checkout
2026-09-09T19:47:22.892172950Z     rec = pool._do_get()
2026-09-09T19:47:22.892174874Z   File "/usr/local/lib/python3.13/site-packages/sqlalchemy/pool/impl.py", line 167, in _do_get
2026-09-09T19:47:22.892176768Z     raise exc.TimeoutError(
2026-09-09T19:47:22.892178651Z     ...<4 lines>...
2026-09-09T19:47:22.892180595Z     )
2026-09-09T19:47:22.892184974Z sqlalchemy.exc.TimeoutError: QueuePool limit of size 5 overflow 10 reached, connection timed out, timeout 30.00 (Background on this error at: https://sqlalche.me/e/20/3o7r)
2026-09-09T19:47:22.928134863Z ERROR:    Exception in ASGI application
2026-09-09T19:47:22.928187307Z Traceback (most recent call last):
2026-09-09T19:47:22.928190794Z   File "/usr/local/lib/python3.13/site-packages/uvicorn/protocols/http/httptools_impl.py", line 421, in run_asgi
2026-09-09T19:47:22.928193469Z     result = await app(  # type: ignore[func-returns-value]
2026-09-09T19:47:22.928195423Z              ^^^^^^^^^^^^^^^^^^^^^^^^^^^^^^^^^^^^^^^^^^^^^^
2026-09-09T19:47:22.928197467Z         self.scope, self.receive, self.send
2026-09-09T19:47:22.928199401Z         ^^^^^^^^^^^^^^^^^^^^^^^^^^^^^^^^^^^
2026-09-09T19:47:22.928201445Z     )
2026-09-09T19:47:22.928203429Z     ^
2026-09-09T19:47:22.928205403Z   File "/usr/local/lib/python3.13/site-packages/uvicorn/middleware/proxy_headers.py", line 63, in __call__
2026-09-09T19:47:22.928207457Z     return await self.app(scope, receive, send)
2026-09-09T19:47:22.928209400Z            ^^^^^^^^^^^^^^^^^^^^^^^^^^^^^^^^^^^^
2026-09-09T19:47:22.928212196Z   File "/usr/local/lib/python3.13/site-packages/fastapi/applications.py", line 1159, in __call__
2026-09-09T19:47:22.928214170Z     await super().__call__(scope, receive, send)
2026-09-09T19:47:22.928216224Z   File "/usr/local/lib/python3.13/site-packages/starlette/applications.py", line 107, in __call__
2026-09-09T19:47:22.928218178Z     await self.middleware_stack(scope, receive, send)
2026-09-09T19:47:22.928220122Z   File "/usr/local/lib/python3.13/site-packages/starlette/middleware/errors.py", line 186, in __call__
2026-09-09T19:47:22.928222096Z     raise exc
2026-09-09T19:47:22.928224300Z   File "/usr/local/lib/python3.13/site-packages/starlette/middleware/errors.py", line 164, in __call__
2026-09-09T19:47:22.928226274Z     await self.app(scope, receive, _send)
2026-09-09T19:47:22.928228889Z   File "/usr/local/lib/python3.13/site-packages/opentelemetry/instrumentation/asgi/__init__.py", line 806, in __call__
2026-09-09T19:47:22.928295931Z     await self.app(scope, otel_receive, otel_send)
2026-09-09T19:47:22.928298917Z   File "/usr/local/lib/python3.13/site-packages/starlette/middleware/errors.py", line 186, in __call__
2026-09-09T19:47:22.928300881Z     raise exc
2026-09-09T19:47:22.928302835Z   File "/usr/local/lib/python3.13/site-packages/starlette/middleware/errors.py", line 164, in __call__
2026-09-09T19:47:22.928304809Z     await self.app(scope, receive, _send)
2026-09-09T19:47:22.928306873Z   File "/usr/local/lib/python3.13/site-packages/opentelemetry/instrumentation/fastapi/__init__.py", line 305, in __call__
2026-09-09T19:47:22.928308817Z     await self.app(scope, receive, send)
2026-09-09T19:47:22.928310771Z   File "/usr/local/lib/python3.13/site-packages/prometheus_fastapi_instrumentator/middleware.py", line 177, in __call__
2026-09-09T19:47:22.928312714Z     raise exc
2026-09-09T19:47:22.928314658Z   File "/usr/local/lib/python3.13/site-packages/prometheus_fastapi_instrumentator/middleware.py", line 175, in __call__
2026-09-09T19:47:22.928316612Z     await self.app(scope, receive, send_wrapper)
2026-09-09T19:47:22.928318556Z   File "/usr/local/lib/python3.13/site-packages/starlette/middleware/exceptions.py", line 63, in __call__
2026-09-09T19:47:22.928320840Z     await wrap_app_handling_exceptions(self.app, conn)(scope, receive, send)
2026-09-09T19:47:22.928322834Z   File "/usr/local/lib/python3.13/site-packages/starlette/_exception_handler.py", line 53, in wrapped_app
2026-09-09T19:47:22.928325219Z     raise exc
2026-09-09T19:47:22.928327173Z   File "/usr/local/lib/python3.13/site-packages/starlette/_exception_handler.py", line 42, in wrapped_app
2026-09-09T19:47:22.928351240Z     await app(scope, receive, sender)
2026-09-09T19:47:22.928353595Z   File "/usr/local/lib/python3.13/site-packages/fastapi/middleware/asyncexitstack.py", line 18, in __call__
2026-09-09T19:47:22.928355559Z     await self.app(scope, receive, send)
2026-09-09T19:47:22.928357523Z   File "/usr/local/lib/python3.13/site-packages/starlette/routing.py", line 716, in __call__
2026-09-09T19:47:22.928359477Z     await self.middleware_stack(scope, receive, send)
2026-09-09T19:47:22.928361481Z   File "/usr/local/lib/python3.13/site-packages/starlette/routing.py", line 736, in app
2026-09-09T19:47:22.928363575Z     await route.handle(scope, receive, send)
2026-09-09T19:47:22.928365509Z   File "/usr/local/lib/python3.13/site-packages/starlette/routing.py", line 290, in handle
2026-09-09T19:47:22.928367462Z     await self.app(scope, receive, send)
2026-09-09T19:47:22.928369426Z   File "/usr/local/lib/python3.13/site-packages/fastapi/routing.py", line 134, in app
2026-09-09T19:47:22.928371340Z     await wrap_app_handling_exceptions(app, request)(scope, receive, send)
2026-09-09T19:47:22.928373284Z   File "/usr/local/lib/python3.13/site-packages/starlette/_exception_handler.py", line 53, in wrapped_app
2026-09-09T19:47:22.928375208Z     raise exc
2026-09-09T19:47:22.928377182Z   File "/usr/local/lib/python3.13/site-packages/starlette/_exception_handler.py", line 42, in wrapped_app
2026-09-09T19:47:22.928379105Z     await app(scope, receive, sender)
2026-09-09T19:47:22.928381029Z   File "/usr/local/lib/python3.13/site-packages/fastapi/routing.py", line 120, in app
2026-09-09T19:47:22.928383474Z     response = await f(request)
2026-09-09T19:47:22.928385418Z                ^^^^^^^^^^^^^^^^
2026-09-09T19:47:22.928387322Z   File "/usr/local/lib/python3.13/site-packages/fastapi/routing.py", line 674, in app
2026-09-09T19:47:22.928389346Z     raw_response = await run_endpoint_function(
2026-09-09T19:47:22.928391309Z                    ^^^^^^^^^^^^^^^^^^^^^^^^^^^^
2026-09-09T19:47:22.928393824Z     ...<3 lines>...
2026-09-09T19:47:22.928528330Z     )
2026-09-09T19:47:22.928532718Z     ^
2026-09-09T19:47:22.928534863Z   File "/usr/local/lib/python3.13/site-packages/fastapi/routing.py", line 330, in run_endpoint_function
2026-09-09T19:47:22.928536867Z     return await run_in_threadpool(dependant.call, **values)
2026-09-09T19:47:22.928538811Z            ^^^^^^^^^^^^^^^^^^^^^^^^^^^^^^^^^^^^^^^^^^^^^^^^^
2026-09-09T19:47:22.928615131Z   File "/usr/local/lib/python3.13/site-packages/starlette/concurrency.py", line 32, in run_in_threadpool
2026-09-09T19:47:22.928620251Z     return await anyio.to_thread.run_sync(func)
2026-09-09T19:47:22.928622325Z            ^^^^^^^^^^^^^^^^^^^^^^^^^^^^^^^^^^^^
2026-09-09T19:47:22.928624309Z   File "/usr/local/lib/python3.13/site-packages/anyio/to_thread.py", line 63, in run_sync
2026-09-09T19:47:22.928626303Z     return await get_async_backend().run_sync_in_worker_thread(
2026-09-09T19:47:22.928628307Z            ^^^^^^^^^^^^^^^^^^^^^^^^^^^^^^^^^^^^^^^^^^^^^^^^^^^^
2026-09-09T19:47:22.928630441Z         func, args, abandon_on_cancel=abandon_on_cancel, limiter=limiter
2026-09-09T19:47:22.928632365Z         ^^^^^^^^^^^^^^^^^^^^^^^^^^^^^^^^^^^^^^^^^^^^^^^^^^^^^^^^^^^^^^^^
2026-09-09T19:47:22.928634309Z     )
2026-09-09T19:47:22.928636303Z     ^
2026-09-09T19:47:22.928638337Z   File "/usr/local/lib/python3.13/site-packages/anyio/_backends/_asyncio.py", line 2518, in run_sync_in_worker_thread
2026-09-09T19:47:22.928640321Z     return await future
2026-09-09T19:47:22.928642285Z            ^^^^^^^^^^^^
2026-09-09T19:47:22.928644289Z   File "/usr/local/lib/python3.13/site-packages/anyio/_backends/_asyncio.py", line 1002, in run
2026-09-09T19:47:22.928646232Z     result = context.run(func, *args)
2026-09-09T19:47:22.928648186Z   File "/app/app/routers/orders.py", line 36, in checkout
2026-09-09T19:47:22.928650120Z     return create_order(
2026-09-09T19:47:22.928652124Z         db=db,
2026-09-09T19:47:22.928654098Z     ...<2 lines>...
2026-09-09T19:47:22.928656052Z         correlation_id=correlation_id,
2026-09-09T19:47:22.928658006Z     )
2026-09-09T19:47:22.928660050Z   File "/app/app/services/order_service.py", line 42, in create_order
2026-09-09T19:47:22.928662034Z     result = db.execute(
2026-09-09T19:47:22.928663998Z         select(ProductModel).where(ProductModel.id == product_id)
2026-09-09T19:47:22.928665931Z     )
2026-09-09T19:47:22.928667915Z   File "/usr/local/lib/python3.13/site-packages/sqlalchemy/orm/session.py", line 2372, in execute
2026-09-09T19:47:22.928669859Z     return self._execute_internal(
2026-09-09T19:47:22.928671793Z            ~~~~~~~~~~~~~~~~~~~~~~^
2026-09-09T19:47:22.928673747Z         statement,
2026-09-09T19:47:22.928681141Z         ^^^^^^^^^^
2026-09-09T19:47:22.928683095Z     ...<4 lines>...
2026-09-09T19:47:22.928685189Z         _add_event=_add_event,
2026-09-09T19:47:22.928687163Z         ^^^^^^^^^^^^^^^^^^^^^^
2026-09-09T19:47:22.928689127Z     )
2026-09-09T19:47:22.928691061Z     ^
2026-09-09T19:47:22.928693025Z   File "/usr/local/lib/python3.13/site-packages/sqlalchemy/orm/session.py", line 2260, in _execute_internal
2026-09-09T19:47:22.928694979Z     conn = self._connection_for_bind(bind)
2026-09-09T19:47:22.928696922Z   File "/usr/local/lib/python3.13/site-packages/sqlalchemy/orm/session.py", line 2112, in _connection_for_bind
2026-09-09T19:47:22.928698876Z     return trans._connection_for_bind(engine, execution_options)
2026-09-09T19:47:22.928700810Z            ~~~~~~~~~~~~~~~~~~~~~~~~~~^^^^^^^^^^^^^^^^^^^^^^^^^^^
2026-09-09T19:47:22.928702774Z   File "<string>", line 2, in _connection_for_bind
2026-09-09T19:47:22.928704738Z   File "/usr/local/lib/python3.13/site-packages/sqlalchemy/orm/state_changes.py", line 137, in _go
2026-09-09T19:47:22.928715389Z     ret_value = fn(self, *arg, **kw)
2026-09-09T19:47:22.928717553Z   File "/usr/local/lib/python3.13/site-packages/sqlalchemy/orm/session.py", line 1191, in _connection_for_bind
2026-09-09T19:47:22.928719497Z     conn = bind.connect()
2026-09-09T19:47:22.928722202Z   File "/usr/local/lib/python3.13/site-packages/opentelemetry/instrumentation/sqlalchemy/engine.py", line 200, in _wrap_connect_internal
2026-09-09T19:47:22.928724166Z     return func(*args, **kwargs)
2026-09-09T19:47:22.928726100Z   File "/usr/local/lib/python3.13/site-packages/sqlalchemy/engine/base.py", line 3295, in connect
2026-09-09T19:47:22.928730839Z     return self._connection_cls(self)
2026-09-09T19:47:22.928732903Z            ~~~~~~~~~~~~~~~~~~~~^^^^^^
2026-09-09T19:47:22.928734887Z   File "/usr/local/lib/python3.13/site-packages/sqlalchemy/engine/base.py", line 144, in __init__
2026-09-09T19:47:22.928736851Z     self._dbapi_connection = engine.raw_connection()
2026-09-09T19:47:22.928738795Z                              ~~~~~~~~~~~~~~~~~~~~~^^
2026-09-09T19:47:22.928740729Z   File "/usr/local/lib/python3.13/site-packages/sqlalchemy/engine/base.py", line 3319, in raw_connection
2026-09-09T19:47:22.928742673Z     return self.pool.connect()
2026-09-09T19:47:22.928744627Z            ~~~~~~~~~~~~~~~~~^^
2026-09-09T19:47:22.928746570Z   File "/usr/local/lib/python3.13/site-packages/sqlalchemy/pool/base.py", line 448, in connect
2026-09-09T19:47:22.928748554Z     return _ConnectionFairy._checkout(self)
2026-09-09T19:47:22.928750488Z            ~~~~~~~~~~~~~~~~~~~~~~~~~~^^^^^^
2026-09-09T19:47:22.928752412Z   File "/usr/local/lib/python3.13/site-packages/sqlalchemy/pool/base.py", line 1272, in _checkout
2026-09-09T19:47:22.928754356Z     fairy = _ConnectionRecord.checkout(pool)
2026-09-09T19:47:22.928756290Z   File "/usr/local/lib/python3.13/site-packages/sqlalchemy/pool/base.py", line 712, in checkout
2026-09-09T19:47:22.928758223Z     rec = pool._do_get()
2026-09-09T19:47:22.928760157Z   File "/usr/local/lib/python3.13/site-packages/sqlalchemy/pool/impl.py", line 167, in _do_get
2026-09-09T19:47:22.928762091Z     raise exc.TimeoutError(
2026-09-09T19:47:22.928764045Z     ...<4 lines>...
2026-09-09T19:47:22.928765999Z     )
2026-09-09T19:47:22.928768764Z sqlalchemy.exc.TimeoutError: QueuePool limit of size 5 overflow 10 reached, connection timed out, timeout 30.00 (Background on this error at: https://sqlalche.me/e/20/3o7r)
2026-09-09T19:47:23.045798069Z ERROR:    Exception in ASGI application
2026-09-09T19:47:23.045845923Z Traceback (most recent call last):
2026-09-09T19:47:23.045851284Z   File "/usr/local/lib/python3.13/site-packages/uvicorn/protocols/http/httptools_impl.py", line 421, in run_asgi
2026-09-09T19:47:23.045856103Z     result = await app(  # type: ignore[func-returns-value]
2026-09-09T19:47:23.045860352Z              ^^^^^^^^^^^^^^^^^^^^^^^^^^^^^^^^^^^^^^^^^^^^^^
2026-09-09T19:47:23.045864319Z         self.scope, self.receive, self.send
2026-09-09T19:47:23.045868307Z         ^^^^^^^^^^^^^^^^^^^^^^^^^^^^^^^^^^^
2026-09-09T19:47:23.045872305Z     )
2026-09-09T19:47:23.045876313Z     ^
2026-09-09T19:47:23.045880291Z   File "/usr/local/lib/python3.13/site-packages/uvicorn/middleware/proxy_headers.py", line 63, in __call__
2026-09-09T19:47:23.045884279Z     return await self.app(scope, receive, send)
2026-09-09T19:47:23.045888207Z            ^^^^^^^^^^^^^^^^^^^^^^^^^^^^^^^^^^^^
2026-09-09T19:47:23.045892846Z   File "/usr/local/lib/python3.13/site-packages/fastapi/applications.py", line 1159, in __call__
2026-09-09T19:47:23.045896773Z     await super().__call__(scope, receive, send)
2026-09-09T19:47:23.045933616Z   File "/usr/local/lib/python3.13/site-packages/starlette/applications.py", line 107, in __call__
2026-09-09T19:47:23.045938015Z     await self.middleware_stack(scope, receive, send)
2026-09-09T19:47:23.045941953Z   File "/usr/local/lib/python3.13/site-packages/starlette/middleware/errors.py", line 186, in __call__
2026-09-09T19:47:23.045945971Z     raise exc
2026-09-09T19:47:23.045950439Z   File "/usr/local/lib/python3.13/site-packages/starlette/middleware/errors.py", line 164, in __call__
2026-09-09T19:47:23.045954467Z     await self.app(scope, receive, _send)
2026-09-09T19:47:23.045959337Z   File "/usr/local/lib/python3.13/site-packages/opentelemetry/instrumentation/asgi/__init__.py", line 806, in __call__
2026-09-09T19:47:23.045963275Z     await self.app(scope, otel_receive, otel_send)
2026-09-09T19:47:23.045967253Z   File "/usr/local/lib/python3.13/site-packages/starlette/middleware/errors.py", line 186, in __call__
2026-09-09T19:47:23.045971180Z     raise exc
2026-09-09T19:47:23.045975158Z   File "/usr/local/lib/python3.13/site-packages/starlette/middleware/errors.py", line 164, in __call__
2026-09-09T19:47:23.045979066Z     await self.app(scope, receive, _send)
2026-09-09T19:47:23.045982994Z   File "/usr/local/lib/python3.13/site-packages/opentelemetry/instrumentation/fastapi/__init__.py", line 305, in __call__
2026-09-09T19:47:23.045986901Z     await self.app(scope, receive, send)
2026-09-09T19:47:23.045990869Z   File "/usr/local/lib/python3.13/site-packages/prometheus_fastapi_instrumentator/middleware.py", line 177, in __call__
2026-09-09T19:47:23.045994837Z     raise exc
2026-09-09T19:47:23.045998775Z   File "/usr/local/lib/python3.13/site-packages/prometheus_fastapi_instrumentator/middleware.py", line 175, in __call__
2026-09-09T19:47:23.046002672Z     await self.app(scope, receive, send_wrapper)
2026-09-09T19:47:23.046006600Z   File "/usr/local/lib/python3.13/site-packages/starlette/middleware/exceptions.py", line 63, in __call__
2026-09-09T19:47:23.046011410Z     await wrap_app_handling_exceptions(self.app, conn)(scope, receive, send)
2026-09-09T19:47:23.046015448Z   File "/usr/local/lib/python3.13/site-packages/starlette/_exception_handler.py", line 53, in wrapped_app
2026-09-09T19:47:23.046019375Z     raise exc
2026-09-09T19:47:23.046023343Z   File "/usr/local/lib/python3.13/site-packages/starlette/_exception_handler.py", line 42, in wrapped_app
2026-09-09T19:47:23.046027291Z     await app(scope, receive, sender)
2026-09-09T19:47:23.046031219Z   File "/usr/local/lib/python3.13/site-packages/fastapi/middleware/asyncexitstack.py", line 18, in __call__
2026-09-09T19:47:23.046035106Z     await self.app(scope, receive, send)
2026-09-09T19:47:23.046039064Z   File "/usr/local/lib/python3.13/site-packages/starlette/routing.py", line 716, in __call__
2026-09-09T19:47:23.046043042Z     await self.middleware_stack(scope, receive, send)
2026-09-09T19:47:23.046047000Z   File "/usr/local/lib/python3.13/site-packages/starlette/routing.py", line 736, in app
2026-09-09T19:47:23.046050968Z     await route.handle(scope, receive, send)
2026-09-09T19:47:23.046054966Z   File "/usr/local/lib/python3.13/site-packages/starlette/routing.py", line 290, in handle
2026-09-09T19:47:23.046058883Z     await self.app(scope, receive, send)
2026-09-09T19:47:23.046062811Z   File "/usr/local/lib/python3.13/site-packages/fastapi/routing.py", line 134, in app
2026-09-09T19:47:23.046066729Z     await wrap_app_handling_exceptions(app, request)(scope, receive, send)
2026-09-09T19:47:23.046071047Z   File "/usr/local/lib/python3.13/site-packages/starlette/_exception_handler.py", line 53, in wrapped_app
2026-09-09T19:47:23.046075025Z     raise exc
2026-09-09T19:47:23.046078953Z   File "/usr/local/lib/python3.13/site-packages/starlette/_exception_handler.py", line 42, in wrapped_app
2026-09-09T19:47:23.046093071Z     await app(scope, receive, sender)
2026-09-09T19:47:23.046097239Z   File "/usr/local/lib/python3.13/site-packages/fastapi/routing.py", line 120, in app
2026-09-09T19:47:23.046101628Z     response = await f(request)
2026-09-09T19:47:23.046105585Z                ^^^^^^^^^^^^^^^^
2026-09-09T19:47:23.046109513Z   File "/usr/local/lib/python3.13/site-packages/fastapi/routing.py", line 674, in app
2026-09-09T19:47:23.046113451Z     raw_response = await run_endpoint_function(
2026-09-09T19:47:23.046117409Z                    ^^^^^^^^^^^^^^^^^^^^^^^^^^^^
2026-09-09T19:47:23.046122028Z     ...<3 lines>...
2026-09-09T19:47:23.046126086Z     )
2026-09-09T19:47:23.046130104Z     ^
2026-09-09T19:47:23.046134182Z   File "/usr/local/lib/python3.13/site-packages/fastapi/routing.py", line 330, in run_endpoint_function
2026-09-09T19:47:23.046142669Z     return await run_in_threadpool(dependant.call, **values)
2026-09-09T19:47:23.046146747Z            ^^^^^^^^^^^^^^^^^^^^^^^^^^^^^^^^^^^^^^^^^^^^^^^^^
2026-09-09T19:47:23.046272784Z   File "/usr/local/lib/python3.13/site-packages/starlette/concurrency.py", line 32, in run_in_threadpool
2026-09-09T19:47:23.046294998Z     return await anyio.to_thread.run_sync(func)
2026-09-09T19:47:23.046297122Z            ^^^^^^^^^^^^^^^^^^^^^^^^^^^^^^^^^^^^
2026-09-09T19:47:23.046304376Z   File "/usr/local/lib/python3.13/site-packages/anyio/to_thread.py", line 63, in run_sync
2026-09-09T19:47:23.046306871Z     return await get_async_backend().run_sync_in_worker_thread(
2026-09-09T19:47:23.046308805Z            ^^^^^^^^^^^^^^^^^^^^^^^^^^^^^^^^^^^^^^^^^^^^^^^^^^^^
2026-09-09T19:47:23.046311280Z         func, args, abandon_on_cancel=abandon_on_cancel, limiter=limiter
2026-09-09T19:47:23.046313274Z         ^^^^^^^^^^^^^^^^^^^^^^^^^^^^^^^^^^^^^^^^^^^^^^^^^^^^^^^^^^^^^^^^
2026-09-09T19:47:23.046315207Z     )
2026-09-09T19:47:23.046317131Z     ^
2026-09-09T19:47:23.046319827Z   File "/usr/local/lib/python3.13/site-packages/anyio/_backends/_asyncio.py", line 2518, in run_sync_in_worker_thread
2026-09-09T19:47:23.046322311Z     return await future
2026-09-09T19:47:23.046324215Z            ^^^^^^^^^^^^
2026-09-09T19:47:23.046326129Z   File "/usr/local/lib/python3.13/site-packages/anyio/_backends/_asyncio.py", line 1002, in run
2026-09-09T19:47:23.046328033Z     result = context.run(func, *args)
2026-09-09T19:47:23.046329967Z   File "/app/app/routers/orders.py", line 36, in checkout
2026-09-09T19:47:23.046331971Z     return create_order(
2026-09-09T19:47:23.046333904Z         db=db,
2026-09-09T19:47:23.046335828Z     ...<2 lines>...
2026-09-09T19:47:23.046337772Z         correlation_id=correlation_id,
2026-09-09T19:47:23.046339686Z     )
2026-09-09T19:47:23.046341630Z   File "/app/app/services/order_service.py", line 42, in create_order
2026-09-09T19:47:23.046343563Z     result = db.execute(
2026-09-09T19:47:23.046345497Z         select(ProductModel).where(ProductModel.id == product_id)
2026-09-09T19:47:23.046347421Z     )
2026-09-09T19:47:23.046350046Z   File "/usr/local/lib/python3.13/site-packages/sqlalchemy/orm/session.py", line 2372, in execute
2026-09-09T19:47:23.046351980Z     return self._execute_internal(
2026-09-09T19:47:23.046353924Z            ~~~~~~~~~~~~~~~~~~~~~~^
2026-09-09T19:47:23.046355848Z         statement,
2026-09-09T19:47:23.046357741Z         ^^^^^^^^^^
2026-09-09T19:47:23.046359635Z     ...<4 lines>...
2026-09-09T19:47:23.046362240Z         _add_event=_add_event,
2026-09-09T19:47:23.046364154Z         ^^^^^^^^^^^^^^^^^^^^^^
2026-09-09T19:47:23.046366038Z     )
2026-09-09T19:47:23.046389654Z     ^
2026-09-09T19:47:23.046391738Z   File "/usr/local/lib/python3.13/site-packages/sqlalchemy/orm/session.py", line 2260, in _execute_internal
2026-09-09T19:47:23.046393712Z     conn = self._connection_for_bind(bind)
2026-09-09T19:47:23.046395616Z   File "/usr/local/lib/python3.13/site-packages/sqlalchemy/orm/session.py", line 2112, in _connection_for_bind
2026-09-09T19:47:23.046397550Z     return trans._connection_for_bind(engine, execution_options)
2026-09-09T19:47:23.046399484Z            ~~~~~~~~~~~~~~~~~~~~~~~~~~^^^^^^^^^^^^^^^^^^^^^^^^^^^
2026-09-09T19:47:23.046401418Z   File "<string>", line 2, in _connection_for_bind
2026-09-09T19:47:23.046403331Z   File "/usr/local/lib/python3.13/site-packages/sqlalchemy/orm/state_changes.py", line 137, in _go
2026-09-09T19:47:23.046405235Z     ret_value = fn(self, *arg, **kw)
2026-09-09T19:47:23.046407139Z   File "/usr/local/lib/python3.13/site-packages/sqlalchemy/orm/session.py", line 1191, in _connection_for_bind
2026-09-09T19:47:23.046409033Z     conn = bind.connect()
2026-09-09T19:47:23.046411287Z   File "/usr/local/lib/python3.13/site-packages/opentelemetry/instrumentation/sqlalchemy/engine.py", line 200, in _wrap_connect_internal
2026-09-09T19:47:23.046413201Z     return func(*args, **kwargs)
2026-09-09T19:47:23.046415195Z   File "/usr/local/lib/python3.13/site-packages/sqlalchemy/engine/base.py", line 3295, in connect
2026-09-09T19:47:23.046417088Z     return self._connection_cls(self)
2026-09-09T19:47:23.046418982Z            ~~~~~~~~~~~~~~~~~~~~^^^^^^
2026-09-09T19:47:23.046420876Z   File "/usr/local/lib/python3.13/site-packages/sqlalchemy/engine/base.py", line 144, in __init__
2026-09-09T19:47:23.046422790Z     self._dbapi_connection = engine.raw_connection()
2026-09-09T19:47:23.046424734Z                              ~~~~~~~~~~~~~~~~~~~~~^^
2026-09-09T19:47:23.046426738Z   File "/usr/local/lib/python3.13/site-packages/sqlalchemy/engine/base.py", line 3319, in raw_connection
2026-09-09T19:47:23.046428641Z     return self.pool.connect()
2026-09-09T19:47:23.046430535Z            ~~~~~~~~~~~~~~~~~^^
2026-09-09T19:47:23.046432449Z   File "/usr/local/lib/python3.13/site-packages/sqlalchemy/pool/base.py", line 448, in connect
2026-09-09T19:47:23.046434353Z     return _ConnectionFairy._checkout(self)
2026-09-09T19:47:23.046436236Z            ~~~~~~~~~~~~~~~~~~~~~~~~~~^^^^^^
2026-09-09T19:47:23.046438150Z   File "/usr/local/lib/python3.13/site-packages/sqlalchemy/pool/base.py", line 1272, in _checkout
2026-09-09T19:47:23.046440064Z     fairy = _ConnectionRecord.checkout(pool)
2026-09-09T19:47:23.046441958Z   File "/usr/local/lib/python3.13/site-packages/sqlalchemy/pool/base.py", line 712, in checkout
2026-09-09T19:47:23.046443851Z     rec = pool._do_get()
2026-09-09T19:47:23.046445735Z   File "/usr/local/lib/python3.13/site-packages/sqlalchemy/pool/impl.py", line 167, in _do_get
2026-09-09T19:47:23.046447629Z     raise exc.TimeoutError(
2026-09-09T19:47:23.046449522Z     ...<4 lines>...
2026-09-09T19:47:23.046451456Z     )
2026-09-09T19:47:23.046453951Z sqlalchemy.exc.TimeoutError: QueuePool limit of size 5 overflow 10 reached, connection timed out, timeout 30.00 (Background on this error at: https://sqlalche.me/e/20/3o7r)
2026-09-09T19:47:23.141379366Z ERROR:    Exception in ASGI application
2026-09-09T19:47:23.141418183Z Traceback (most recent call last):
2026-09-09T19:47:23.141421589Z   File "/usr/local/lib/python3.13/site-packages/uvicorn/protocols/http/httptools_impl.py", line 421, in run_asgi
2026-09-09T19:47:23.141424635Z     result = await app(  # type: ignore[func-returns-value]
2026-09-09T19:47:23.141426549Z              ^^^^^^^^^^^^^^^^^^^^^^^^^^^^^^^^^^^^^^^^^^^^^^
2026-09-09T19:47:23.141428463Z         self.scope, self.receive, self.send
2026-09-09T19:47:23.141448943Z         ^^^^^^^^^^^^^^^^^^^^^^^^^^^^^^^^^^^
2026-09-09T19:47:23.141451478Z     )
2026-09-09T19:47:23.141453442Z     ^
2026-09-09T19:47:23.141455396Z   File "/usr/local/lib/python3.13/site-packages/uvicorn/middleware/proxy_headers.py", line 63, in __call__
2026-09-09T19:47:23.141457320Z     return await self.app(scope, receive, send)
2026-09-09T19:47:23.141459254Z            ^^^^^^^^^^^^^^^^^^^^^^^^^^^^^^^^^^^^
2026-09-09T19:47:23.141461698Z   File "/usr/local/lib/python3.13/site-packages/fastapi/applications.py", line 1159, in __call__
2026-09-09T19:47:23.141463612Z     await super().__call__(scope, receive, send)
2026-09-09T19:47:23.141465596Z   File "/usr/local/lib/python3.13/site-packages/starlette/applications.py", line 107, in __call__
2026-09-09T19:47:23.141467530Z     await self.middleware_stack(scope, receive, send)
2026-09-09T19:47:23.141469464Z   File "/usr/local/lib/python3.13/site-packages/starlette/middleware/errors.py", line 186, in __call__
2026-09-09T19:47:23.141471408Z     raise exc
2026-09-09T19:47:23.141473391Z   File "/usr/local/lib/python3.13/site-packages/starlette/middleware/errors.py", line 164, in __call__
2026-09-09T19:47:23.141475305Z     await self.app(scope, receive, _send)
2026-09-09T19:47:23.141477790Z   File "/usr/local/lib/python3.13/site-packages/opentelemetry/instrumentation/asgi/__init__.py", line 806, in __call__
2026-09-09T19:47:23.141479724Z     await self.app(scope, otel_receive, otel_send)
2026-09-09T19:47:23.141481668Z   File "/usr/local/lib/python3.13/site-packages/starlette/middleware/errors.py", line 186, in __call__
2026-09-09T19:47:23.141483592Z     raise exc
2026-09-09T19:47:23.141485505Z   File "/usr/local/lib/python3.13/site-packages/starlette/middleware/errors.py", line 164, in __call__
2026-09-09T19:47:23.141487419Z     await self.app(scope, receive, _send)
2026-09-09T19:47:23.141489333Z   File "/usr/local/lib/python3.13/site-packages/opentelemetry/instrumentation/fastapi/__init__.py", line 305, in __call__
2026-09-09T19:47:23.141491257Z     await self.app(scope, receive, send)
2026-09-09T19:47:23.141493160Z   File "/usr/local/lib/python3.13/site-packages/prometheus_fastapi_instrumentator/middleware.py", line 177, in __call__
2026-09-09T19:47:23.141495114Z     raise exc
2026-09-09T19:47:23.141497018Z   File "/usr/local/lib/python3.13/site-packages/prometheus_fastapi_instrumentator/middleware.py", line 175, in __call__
2026-09-09T19:47:23.141498932Z     await self.app(scope, receive, send_wrapper)
2026-09-09T19:47:23.141500876Z   File "/usr/local/lib/python3.13/site-packages/starlette/middleware/exceptions.py", line 63, in __call__
2026-09-09T19:47:23.141503050Z     await wrap_app_handling_exceptions(self.app, conn)(scope, receive, send)
2026-09-09T19:47:23.141504964Z   File "/usr/local/lib/python3.13/site-packages/starlette/_exception_handler.py", line 53, in wrapped_app
2026-09-09T19:47:23.141506868Z     raise exc
2026-09-09T19:47:23.141508771Z   File "/usr/local/lib/python3.13/site-packages/starlette/_exception_handler.py", line 42, in wrapped_app
2026-09-09T19:47:23.141510685Z     await app(scope, receive, sender)
2026-09-09T19:47:23.141512599Z   File "/usr/local/lib/python3.13/site-packages/fastapi/middleware/asyncexitstack.py", line 18, in __call__
2026-09-09T19:47:23.141514503Z     await self.app(scope, receive, send)
2026-09-09T19:47:23.141516416Z   File "/usr/local/lib/python3.13/site-packages/starlette/routing.py", line 716, in __call__
2026-09-09T19:47:23.141518330Z     await self.middleware_stack(scope, receive, send)
2026-09-09T19:47:23.141520244Z   File "/usr/local/lib/python3.13/site-packages/starlette/routing.py", line 736, in app
2026-09-09T19:47:23.141522178Z     await route.handle(scope, receive, send)
2026-09-09T19:47:23.141529452Z   File "/usr/local/lib/python3.13/site-packages/starlette/routing.py", line 290, in handle
2026-09-09T19:47:23.141531496Z     await self.app(scope, receive, send)
2026-09-09T19:47:23.141533490Z   File "/usr/local/lib/python3.13/site-packages/fastapi/routing.py", line 134, in app
2026-09-09T19:47:23.141535424Z     await wrap_app_handling_exceptions(app, request)(scope, receive, send)
2026-09-09T19:47:23.141537538Z   File "/usr/local/lib/python3.13/site-packages/starlette/_exception_handler.py", line 53, in wrapped_app
2026-09-09T19:47:23.141539472Z     raise exc
2026-09-09T19:47:23.141545303Z   File "/usr/local/lib/python3.13/site-packages/starlette/_exception_handler.py", line 42, in wrapped_app
2026-09-09T19:47:23.141547297Z     await app(scope, receive, sender)
2026-09-09T19:47:23.141549251Z   File "/usr/local/lib/python3.13/site-packages/fastapi/routing.py", line 120, in app
2026-09-09T19:47:23.141551716Z     response = await f(request)
2026-09-09T19:47:23.141553690Z                ^^^^^^^^^^^^^^^^
2026-09-09T19:47:23.141555614Z   File "/usr/local/lib/python3.13/site-packages/fastapi/routing.py", line 674, in app
2026-09-09T19:47:23.141557537Z     raw_response = await run_endpoint_function(
2026-09-09T19:47:23.141559461Z                    ^^^^^^^^^^^^^^^^^^^^^^^^^^^^
2026-09-09T19:47:23.141561806Z     ...<3 lines>...
2026-09-09T19:47:23.141563760Z     )
2026-09-09T19:47:23.141565694Z     ^
2026-09-09T19:47:23.141567627Z   File "/usr/local/lib/python3.13/site-packages/fastapi/routing.py", line 330, in run_endpoint_function
2026-09-09T19:47:23.141569581Z     return await run_in_threadpool(dependant.call, **values)
2026-09-09T19:47:23.141571495Z            ^^^^^^^^^^^^^^^^^^^^^^^^^^^^^^^^^^^^^^^^^^^^^^^^^
2026-09-09T19:47:23.141602927Z   File "/usr/local/lib/python3.13/site-packages/starlette/concurrency.py", line 32, in run_in_threadpool
2026-09-09T19:47:23.141607646Z     return await anyio.to_thread.run_sync(func)
2026-09-09T19:47:23.141609630Z            ^^^^^^^^^^^^^^^^^^^^^^^^^^^^^^^^^^^^
2026-09-09T19:47:23.141611544Z   File "/usr/local/lib/python3.13/site-packages/anyio/to_thread.py", line 63, in run_sync
2026-09-09T19:47:23.141613468Z     return await get_async_backend().run_sync_in_worker_thread(
2026-09-09T19:47:23.141615462Z            ^^^^^^^^^^^^^^^^^^^^^^^^^^^^^^^^^^^^^^^^^^^^^^^^^^^^
2026-09-09T19:47:23.141617396Z         func, args, abandon_on_cancel=abandon_on_cancel, limiter=limiter
2026-09-09T19:47:23.141619319Z         ^^^^^^^^^^^^^^^^^^^^^^^^^^^^^^^^^^^^^^^^^^^^^^^^^^^^^^^^^^^^^^^^
2026-09-09T19:47:23.141621233Z     )
2026-09-09T19:47:23.141623147Z     ^
2026-09-09T19:47:23.141625071Z   File "/usr/local/lib/python3.13/site-packages/anyio/_backends/_asyncio.py", line 2518, in run_sync_in_worker_thread
2026-09-09T19:47:23.141626985Z     return await future
2026-09-09T19:47:23.141628918Z            ^^^^^^^^^^^^
2026-09-09T19:47:23.141630862Z   File "/usr/local/lib/python3.13/site-packages/anyio/_backends/_asyncio.py", line 1002, in run
2026-09-09T19:47:23.141632766Z     result = context.run(func, *args)
2026-09-09T19:47:23.141634710Z   File "/app/app/routers/orders.py", line 36, in checkout
2026-09-09T19:47:23.141636634Z     return create_order(
2026-09-09T19:47:23.141638567Z         db=db,
2026-09-09T19:47:23.141640521Z     ...<2 lines>...
2026-09-09T19:47:23.141642445Z         correlation_id=correlation_id,
2026-09-09T19:47:23.141644399Z     )
2026-09-09T19:47:23.141646373Z   File "/app/app/services/order_service.py", line 42, in create_order
2026-09-09T19:47:23.141648277Z     result = db.execute(
2026-09-09T19:47:23.141650210Z         select(ProductModel).where(ProductModel.id == product_id)
2026-09-09T19:47:23.141660310Z     )
2026-09-09T19:47:23.141662334Z   File "/usr/local/lib/python3.13/site-packages/sqlalchemy/orm/session.py", line 2372, in execute
2026-09-09T19:47:23.141664228Z     return self._execute_internal(
2026-09-09T19:47:23.141666122Z            ~~~~~~~~~~~~~~~~~~~~~~^
2026-09-09T19:47:23.141668015Z         statement,
2026-09-09T19:47:23.141669949Z         ^^^^^^^^^^
2026-09-09T19:47:23.141671853Z     ...<4 lines>...
2026-09-09T19:47:23.141673757Z         _add_event=_add_event,
2026-09-09T19:47:23.141675641Z         ^^^^^^^^^^^^^^^^^^^^^^
2026-09-09T19:47:23.141677534Z     )
2026-09-09T19:47:23.141679418Z     ^
2026-09-09T19:47:23.141681382Z   File "/usr/local/lib/python3.13/site-packages/sqlalchemy/orm/session.py", line 2260, in _execute_internal
2026-09-09T19:47:23.141683286Z     conn = self._connection_for_bind(bind)
2026-09-09T19:47:23.141685219Z   File "/usr/local/lib/python3.13/site-packages/sqlalchemy/orm/session.py", line 2112, in _connection_for_bind
2026-09-09T19:47:23.141687203Z     return trans._connection_for_bind(engine, execution_options)
2026-09-09T19:47:23.141689117Z            ~~~~~~~~~~~~~~~~~~~~~~~~~~^^^^^^^^^^^^^^^^^^^^^^^^^^^
2026-09-09T19:47:23.141691131Z   File "<string>", line 2, in _connection_for_bind
2026-09-09T19:47:23.141693025Z   File "/usr/local/lib/python3.13/site-packages/sqlalchemy/orm/state_changes.py", line 137, in _go
2026-09-09T19:47:23.141694919Z     ret_value = fn(self, *arg, **kw)
2026-09-09T19:47:23.141696802Z   File "/usr/local/lib/python3.13/site-packages/sqlalchemy/orm/session.py", line 1191, in _connection_for_bind
2026-09-09T19:47:23.141698706Z     conn = bind.connect()
2026-09-09T19:47:23.141701421Z   File "/usr/local/lib/python3.13/site-packages/opentelemetry/instrumentation/sqlalchemy/engine.py", line 200, in _wrap_connect_internal
2026-09-09T19:47:23.141703325Z     return func(*args, **kwargs)
2026-09-09T19:47:23.141724086Z   File "/usr/local/lib/python3.13/site-packages/sqlalchemy/engine/base.py", line 3295, in connect
2026-09-09T19:47:23.141726150Z     return self._connection_cls(self)
2026-09-09T19:47:23.141728084Z            ~~~~~~~~~~~~~~~~~~~~^^^^^^
2026-09-09T19:47:23.141730008Z   File "/usr/local/lib/python3.13/site-packages/sqlalchemy/engine/base.py", line 144, in __init__
2026-09-09T19:47:23.141731912Z     self._dbapi_connection = engine.raw_connection()
2026-09-09T19:47:23.141733805Z                              ~~~~~~~~~~~~~~~~~~~~~^^
2026-09-09T19:47:23.141735809Z   File "/usr/local/lib/python3.13/site-packages/sqlalchemy/engine/base.py", line 3319, in raw_connection
2026-09-09T19:47:23.141737723Z     return self.pool.connect()
2026-09-09T19:47:23.141739657Z            ~~~~~~~~~~~~~~~~~^^
2026-09-09T19:47:23.141741571Z   File "/usr/local/lib/python3.13/site-packages/sqlalchemy/pool/base.py", line 448, in connect
2026-09-09T19:47:23.141743484Z     return _ConnectionFairy._checkout(self)
2026-09-09T19:47:23.141745388Z            ~~~~~~~~~~~~~~~~~~~~~~~~~~^^^^^^
2026-09-09T19:47:23.141747302Z   File "/usr/local/lib/python3.13/site-packages/sqlalchemy/pool/base.py", line 1272, in _checkout
2026-09-09T19:47:23.141751821Z     fairy = _ConnectionRecord.checkout(pool)
2026-09-09T19:47:23.141753845Z   File "/usr/local/lib/python3.13/site-packages/sqlalchemy/pool/base.py", line 712, in checkout
2026-09-09T19:47:23.141755749Z     rec = pool._do_get()
2026-09-09T19:47:23.141757652Z   File "/usr/local/lib/python3.13/site-packages/sqlalchemy/pool/impl.py", line 167, in _do_get
2026-09-09T19:47:23.141759606Z     raise exc.TimeoutError(
2026-09-09T19:47:23.141761540Z     ...<4 lines>...
2026-09-09T19:47:23.141763504Z     )
2026-09-09T19:47:23.141890484Z sqlalchemy.exc.TimeoutError: QueuePool limit of size 5 overflow 10 reached, connection timed out, timeout 30.00 (Background on this error at: https://sqlalche.me/e/20/3o7r)
2026-09-09T19:47:23.191685654Z ERROR:    Exception in ASGI application
2026-09-09T19:47:23.191736224Z Traceback (most recent call last):
2026-09-09T19:47:23.191741865Z   File "/usr/local/lib/python3.13/site-packages/uvicorn/protocols/http/httptools_impl.py", line 421, in run_asgi
2026-09-09T19:47:23.191746935Z     result = await app(  # type: ignore[func-returns-value]
2026-09-09T19:47:23.191751254Z              ^^^^^^^^^^^^^^^^^^^^^^^^^^^^^^^^^^^^^^^^^^^^^^
2026-09-09T19:47:23.191755552Z         self.scope, self.receive, self.send
2026-09-09T19:47:23.191759851Z         ^^^^^^^^^^^^^^^^^^^^^^^^^^^^^^^^^^^
2026-09-09T19:47:23.191764219Z     )
2026-09-09T19:47:23.191768738Z     ^
2026-09-09T19:47:23.191773167Z   File "/usr/local/lib/python3.13/site-packages/uvicorn/middleware/proxy_headers.py", line 63, in __call__
2026-09-09T19:47:23.191777576Z     return await self.app(scope, receive, send)
2026-09-09T19:47:23.191781884Z            ^^^^^^^^^^^^^^^^^^^^^^^^^^^^^^^^^^^^
2026-09-09T19:47:23.191787074Z   File "/usr/local/lib/python3.13/site-packages/fastapi/applications.py", line 1159, in __call__
2026-09-09T19:47:23.191791373Z     await super().__call__(scope, receive, send)
2026-09-09T19:47:23.191795661Z   File "/usr/local/lib/python3.13/site-packages/starlette/applications.py", line 107, in __call__
2026-09-09T19:47:23.191799950Z     await self.middleware_stack(scope, receive, send)
2026-09-09T19:47:23.191804409Z   File "/usr/local/lib/python3.13/site-packages/starlette/middleware/errors.py", line 186, in __call__
2026-09-09T19:47:23.191808827Z     raise exc
2026-09-09T19:47:23.191813156Z   File "/usr/local/lib/python3.13/site-packages/starlette/middleware/errors.py", line 164, in __call__
2026-09-09T19:47:23.191817524Z     await self.app(scope, receive, _send)
2026-09-09T19:47:23.191822374Z   File "/usr/local/lib/python3.13/site-packages/opentelemetry/instrumentation/asgi/__init__.py", line 806, in __call__
2026-09-09T19:47:23.191826703Z     await self.app(scope, otel_receive, otel_send)
2026-09-09T19:47:23.191831051Z   File "/usr/local/lib/python3.13/site-packages/starlette/middleware/errors.py", line 186, in __call__
2026-09-09T19:47:23.191835360Z     raise exc
2026-09-09T19:47:23.191839718Z   File "/usr/local/lib/python3.13/site-packages/starlette/middleware/errors.py", line 164, in __call__
2026-09-09T19:47:23.191844067Z     await self.app(scope, receive, _send)
2026-09-09T19:47:23.191848375Z   File "/usr/local/lib/python3.13/site-packages/opentelemetry/instrumentation/fastapi/__init__.py", line 305, in __call__
2026-09-09T19:47:23.191852694Z     await self.app(scope, receive, send)
2026-09-09T19:47:23.191856982Z   File "/usr/local/lib/python3.13/site-packages/prometheus_fastapi_instrumentator/middleware.py", line 177, in __call__
2026-09-09T19:47:23.191861281Z     raise exc
2026-09-09T19:47:23.191865579Z   File "/usr/local/lib/python3.13/site-packages/prometheus_fastapi_instrumentator/middleware.py", line 175, in __call__
2026-09-09T19:47:23.191870719Z     await self.app(scope, receive, send_wrapper)
2026-09-09T19:47:23.191875168Z   File "/usr/local/lib/python3.13/site-packages/starlette/middleware/exceptions.py", line 63, in __call__
2026-09-09T19:47:23.191879928Z     await wrap_app_handling_exceptions(self.app, conn)(scope, receive, send)
2026-09-09T19:47:23.191884226Z   File "/usr/local/lib/python3.13/site-packages/starlette/_exception_handler.py", line 53, in wrapped_app
2026-09-09T19:47:23.191888525Z     raise exc
2026-09-09T19:47:23.191892783Z   File "/usr/local/lib/python3.13/site-packages/starlette/_exception_handler.py", line 42, in wrapped_app
2026-09-09T19:47:23.191926910Z     await app(scope, receive, sender)
2026-09-09T19:47:23.191931570Z   File "/usr/local/lib/python3.13/site-packages/fastapi/middleware/asyncexitstack.py", line 18, in __call__
2026-09-09T19:47:23.191935878Z     await self.app(scope, receive, send)
2026-09-09T19:47:23.191940237Z   File "/usr/local/lib/python3.13/site-packages/starlette/routing.py", line 716, in __call__
2026-09-09T19:47:23.191944555Z     await self.middleware_stack(scope, receive, send)
2026-09-09T19:47:23.191948844Z   File "/usr/local/lib/python3.13/site-packages/starlette/routing.py", line 736, in app
2026-09-09T19:47:23.191953172Z     await route.handle(scope, receive, send)
2026-09-09T19:47:23.191957681Z   File "/usr/local/lib/python3.13/site-packages/starlette/routing.py", line 290, in handle
2026-09-09T19:47:23.191962230Z     await self.app(scope, receive, send)
2026-09-09T19:47:23.191966589Z   File "/usr/local/lib/python3.13/site-packages/fastapi/routing.py", line 134, in app
2026-09-09T19:47:23.191970867Z     await wrap_app_handling_exceptions(app, request)(scope, receive, send)
2026-09-09T19:47:23.191975226Z   File "/usr/local/lib/python3.13/site-packages/starlette/_exception_handler.py", line 53, in wrapped_app
2026-09-09T19:47:23.191979564Z     raise exc
2026-09-09T19:47:23.191983873Z   File "/usr/local/lib/python3.13/site-packages/starlette/_exception_handler.py", line 42, in wrapped_app
2026-09-09T19:47:23.191988171Z     await app(scope, receive, sender)
2026-09-09T19:47:23.191992480Z   File "/usr/local/lib/python3.13/site-packages/fastapi/routing.py", line 120, in app
2026-09-09T19:47:23.191997470Z     response = await f(request)
2026-09-09T19:47:23.192001818Z                ^^^^^^^^^^^^^^^^
2026-09-09T19:47:23.192006107Z   File "/usr/local/lib/python3.13/site-packages/fastapi/routing.py", line 674, in app
2026-09-09T19:47:23.192010445Z     raw_response = await run_endpoint_function(
2026-09-09T19:47:23.192014774Z                    ^^^^^^^^^^^^^^^^^^^^^^^^^^^^
2026-09-09T19:47:23.192020124Z     ...<3 lines>...
2026-09-09T19:47:23.192024433Z     )
2026-09-09T19:47:23.192028791Z     ^
2026-09-09T19:47:23.192084972Z   File "/usr/local/lib/python3.13/site-packages/fastapi/routing.py", line 330, in run_endpoint_function
2026-09-09T19:47:23.192093579Z     return await run_in_threadpool(dependant.call, **values)
2026-09-09T19:47:23.192097958Z            ^^^^^^^^^^^^^^^^^^^^^^^^^^^^^^^^^^^^^^^^^^^^^^^^^
2026-09-09T19:47:23.192128518Z   File "/usr/local/lib/python3.13/site-packages/starlette/concurrency.py", line 32, in run_in_threadpool
2026-09-09T19:47:23.192133288Z     return await anyio.to_thread.run_sync(func)
2026-09-09T19:47:23.192137696Z            ^^^^^^^^^^^^^^^^^^^^^^^^^^^^^^^^^^^^
2026-09-09T19:47:23.192142025Z   File "/usr/local/lib/python3.13/site-packages/anyio/to_thread.py", line 63, in run_sync
2026-09-09T19:47:23.192146333Z     return await get_async_backend().run_sync_in_worker_thread(
2026-09-09T19:47:23.192150632Z            ^^^^^^^^^^^^^^^^^^^^^^^^^^^^^^^^^^^^^^^^^^^^^^^^^^^^
2026-09-09T19:47:23.192154930Z         func, args, abandon_on_cancel=abandon_on_cancel, limiter=limiter
2026-09-09T19:47:23.192159399Z         ^^^^^^^^^^^^^^^^^^^^^^^^^^^^^^^^^^^^^^^^^^^^^^^^^^^^^^^^^^^^^^^^
2026-09-09T19:47:23.192163768Z     )
2026-09-09T19:47:23.192168237Z     ^
2026-09-09T19:47:23.192172695Z   File "/usr/local/lib/python3.13/site-packages/anyio/_backends/_asyncio.py", line 2518, in run_sync_in_worker_thread
2026-09-09T19:47:23.192177014Z     return await future
2026-09-09T19:47:23.192181312Z            ^^^^^^^^^^^^
2026-09-09T19:47:23.192185601Z   File "/usr/local/lib/python3.13/site-packages/anyio/_backends/_asyncio.py", line 1002, in run
2026-09-09T19:47:23.192208296Z     result = context.run(func, *args)
2026-09-09T19:47:23.192212945Z   File "/app/app/routers/orders.py", line 36, in checkout
2026-09-09T19:47:23.192217434Z     return create_order(
2026-09-09T19:47:23.192221842Z         db=db,
2026-09-09T19:47:23.192226201Z     ...<2 lines>...
2026-09-09T19:47:23.192230550Z         correlation_id=correlation_id,
2026-09-09T19:47:23.192234918Z     )
2026-09-09T19:47:23.192239277Z   File "/app/app/services/order_service.py", line 42, in create_order
2026-09-09T19:47:23.192243595Z     result = db.execute(
2026-09-09T19:47:23.192247974Z         select(ProductModel).where(ProductModel.id == product_id)
2026-09-09T19:47:23.192252312Z     )
2026-09-09T19:47:23.192256651Z   File "/usr/local/lib/python3.13/site-packages/sqlalchemy/orm/session.py", line 2372, in execute
2026-09-09T19:47:23.192260990Z     return self._execute_internal(
2026-09-09T19:47:23.192265308Z            ~~~~~~~~~~~~~~~~~~~~~~^
2026-09-09T19:47:23.192269577Z         statement,
2026-09-09T19:47:23.192273995Z         ^^^^^^^^^^
2026-09-09T19:47:23.192278354Z     ...<4 lines>...
2026-09-09T19:47:23.192282813Z         _add_event=_add_event,
2026-09-09T19:47:23.192287181Z         ^^^^^^^^^^^^^^^^^^^^^^
2026-09-09T19:47:23.192291420Z     )
2026-09-09T19:47:23.192295718Z     ^
2026-09-09T19:47:23.192300057Z   File "/usr/local/lib/python3.13/site-packages/sqlalchemy/orm/session.py", line 2260, in _execute_internal
2026-09-09T19:47:23.192304415Z     conn = self._connection_for_bind(bind)
2026-09-09T19:47:23.192308784Z   File "/usr/local/lib/python3.13/site-packages/sqlalchemy/orm/session.py", line 2112, in _connection_for_bind
2026-09-09T19:47:23.192313152Z     return trans._connection_for_bind(engine, execution_options)
2026-09-09T19:47:23.192317501Z            ~~~~~~~~~~~~~~~~~~~~~~~~~~^^^^^^^^^^^^^^^^^^^^^^^^^^^
2026-09-09T19:47:23.192321810Z   File "<string>", line 2, in _connection_for_bind
2026-09-09T19:47:23.192330437Z   File "/usr/local/lib/python3.13/site-packages/sqlalchemy/orm/state_changes.py", line 137, in _go
2026-09-09T19:47:23.192334915Z     ret_value = fn(self, *arg, **kw)
2026-09-09T19:47:23.192339254Z   File "/usr/local/lib/python3.13/site-packages/sqlalchemy/orm/session.py", line 1191, in _connection_for_bind
2026-09-09T19:47:23.192343613Z     conn = bind.connect()
2026-09-09T19:47:23.192350877Z   File "/usr/local/lib/python3.13/site-packages/opentelemetry/instrumentation/sqlalchemy/engine.py", line 200, in _wrap_connect_internal
2026-09-09T19:47:23.192355346Z     return func(*args, **kwargs)
2026-09-09T19:47:23.192359774Z   File "/usr/local/lib/python3.13/site-packages/sqlalchemy/engine/base.py", line 3295, in connect
2026-09-09T19:47:23.192364153Z     return self._connection_cls(self)
2026-09-09T19:47:23.192368442Z            ~~~~~~~~~~~~~~~~~~~~^^^^^^
2026-09-09T19:47:23.192372790Z   File "/usr/local/lib/python3.13/site-packages/sqlalchemy/engine/base.py", line 144, in __init__
2026-09-09T19:47:23.192377109Z     self._dbapi_connection = engine.raw_connection()
2026-09-09T19:47:23.192381377Z                              ~~~~~~~~~~~~~~~~~~~~~^^
2026-09-09T19:47:23.192385756Z   File "/usr/local/lib/python3.13/site-packages/sqlalchemy/engine/base.py", line 3319, in raw_connection
2026-09-09T19:47:23.192390114Z     return self.pool.connect()
2026-09-09T19:47:23.192394463Z            ~~~~~~~~~~~~~~~~~^^
2026-09-09T19:47:23.192398852Z   File "/usr/local/lib/python3.13/site-packages/sqlalchemy/pool/base.py", line 448, in connect
2026-09-09T19:47:23.192403150Z     return _ConnectionFairy._checkout(self)
2026-09-09T19:47:23.192407439Z            ~~~~~~~~~~~~~~~~~~~~~~~~~~^^^^^^
2026-09-09T19:47:23.192453329Z   File "/usr/local/lib/python3.13/site-packages/sqlalchemy/pool/base.py", line 1272, in _checkout
2026-09-09T19:47:23.192455624Z     fairy = _ConnectionRecord.checkout(pool)
2026-09-09T19:47:23.192457557Z   File "/usr/local/lib/python3.13/site-packages/sqlalchemy/pool/base.py", line 712, in checkout
2026-09-09T19:47:23.192459461Z     rec = pool._do_get()
2026-09-09T19:47:23.192461525Z   File "/usr/local/lib/python3.13/site-packages/sqlalchemy/pool/impl.py", line 167, in _do_get
2026-09-09T19:47:23.192463449Z     raise exc.TimeoutError(
2026-09-09T19:47:23.192465393Z     ...<4 lines>...
2026-09-09T19:47:23.192467327Z     )
2026-09-09T19:47:23.192469992Z sqlalchemy.exc.TimeoutError: QueuePool limit of size 5 overflow 10 reached, connection timed out, timeout 30.00 (Background on this error at: https://sqlalche.me/e/20/3o7r)
2026-09-09T19:47:23.197873164Z ERROR:    Exception in ASGI application
2026-09-09T19:47:23.197907021Z Traceback (most recent call last):
2026-09-09T19:47:23.197910037Z   File "/usr/local/lib/python3.13/site-packages/uvicorn/protocols/http/httptools_impl.py", line 421, in run_asgi
2026-09-09T19:47:23.197912582Z     result = await app(  # type: ignore[func-returns-value]
2026-09-09T19:47:23.197914516Z              ^^^^^^^^^^^^^^^^^^^^^^^^^^^^^^^^^^^^^^^^^^^^^^
2026-09-09T19:47:23.197916450Z         self.scope, self.receive, self.send
2026-09-09T19:47:23.197918414Z         ^^^^^^^^^^^^^^^^^^^^^^^^^^^^^^^^^^^
2026-09-09T19:47:23.197920368Z     )
2026-09-09T19:47:23.197922351Z     ^
2026-09-09T19:47:23.197924305Z   File "/usr/local/lib/python3.13/site-packages/uvicorn/middleware/proxy_headers.py", line 63, in __call__
2026-09-09T19:47:23.197926299Z     return await self.app(scope, receive, send)
2026-09-09T19:47:23.197928343Z            ^^^^^^^^^^^^^^^^^^^^^^^^^^^^^^^^^^^^
2026-09-09T19:47:23.197931139Z   File "/usr/local/lib/python3.13/site-packages/fastapi/applications.py", line 1159, in __call__
2026-09-09T19:47:23.197933073Z     await super().__call__(scope, receive, send)
2026-09-09T19:47:23.197935026Z   File "/usr/local/lib/python3.13/site-packages/starlette/applications.py", line 107, in __call__
2026-09-09T19:47:23.197936990Z     await self.middleware_stack(scope, receive, send)
2026-09-09T19:47:23.197939074Z   File "/usr/local/lib/python3.13/site-packages/starlette/middleware/errors.py", line 186, in __call__
2026-09-09T19:47:23.197941028Z     raise exc
2026-09-09T19:47:23.197943002Z   File "/usr/local/lib/python3.13/site-packages/starlette/middleware/errors.py", line 164, in __call__
2026-09-09T19:47:23.197944956Z     await self.app(scope, receive, _send)
2026-09-09T19:47:23.197947661Z   File "/usr/local/lib/python3.13/site-packages/opentelemetry/instrumentation/asgi/__init__.py", line 806, in __call__
2026-09-09T19:47:23.197950006Z     await self.app(scope, otel_receive, otel_send)
2026-09-09T19:47:23.197951980Z   File "/usr/local/lib/python3.13/site-packages/starlette/middleware/errors.py", line 186, in __call__
2026-09-09T19:47:23.197953934Z     raise exc
2026-09-09T19:47:23.197955868Z   File "/usr/local/lib/python3.13/site-packages/starlette/middleware/errors.py", line 164, in __call__
2026-09-09T19:47:23.197957811Z     await self.app(scope, receive, _send)
2026-09-09T19:47:23.197959755Z   File "/usr/local/lib/python3.13/site-packages/opentelemetry/instrumentation/fastapi/__init__.py", line 305, in __call__
2026-09-09T19:47:23.197961699Z     await self.app(scope, receive, send)
2026-09-09T19:47:23.197963623Z   File "/usr/local/lib/python3.13/site-packages/prometheus_fastapi_instrumentator/middleware.py", line 177, in __call__
2026-09-09T19:47:23.197965557Z     raise exc
2026-09-09T19:47:23.197985747Z   File "/usr/local/lib/python3.13/site-packages/prometheus_fastapi_instrumentator/middleware.py", line 175, in __call__
2026-09-09T19:47:23.197987851Z     await self.app(scope, receive, send_wrapper)
2026-09-09T19:47:23.197989875Z   File "/usr/local/lib/python3.13/site-packages/starlette/middleware/exceptions.py", line 63, in __call__
2026-09-09T19:47:23.197992179Z     await wrap_app_handling_exceptions(self.app, conn)(scope, receive, send)
2026-09-09T19:47:23.197994123Z   File "/usr/local/lib/python3.13/site-packages/starlette/_exception_handler.py", line 53, in wrapped_app
2026-09-09T19:47:23.197996037Z     raise exc
2026-09-09T19:47:23.197997981Z   File "/usr/local/lib/python3.13/site-packages/starlette/_exception_handler.py", line 42, in wrapped_app
2026-09-09T19:47:23.197999904Z     await app(scope, receive, sender)
2026-09-09T19:47:23.198001828Z   File "/usr/local/lib/python3.13/site-packages/fastapi/middleware/asyncexitstack.py", line 18, in __call__
2026-09-09T19:47:23.198003762Z     await self.app(scope, receive, send)
2026-09-09T19:47:23.198005706Z   File "/usr/local/lib/python3.13/site-packages/starlette/routing.py", line 716, in __call__
2026-09-09T19:47:23.198011167Z     await self.middleware_stack(scope, receive, send)
2026-09-09T19:47:23.198013191Z   File "/usr/local/lib/python3.13/site-packages/starlette/routing.py", line 736, in app
2026-09-09T19:47:23.198015145Z     await route.handle(scope, receive, send)
2026-09-09T19:47:23.198017068Z   File "/usr/local/lib/python3.13/site-packages/starlette/routing.py", line 290, in handle
2026-09-09T19:47:23.198019002Z     await self.app(scope, receive, send)
2026-09-09T19:47:23.198020926Z   File "/usr/local/lib/python3.13/site-packages/fastapi/routing.py", line 134, in app
2026-09-09T19:47:23.198022850Z     await wrap_app_handling_exceptions(app, request)(scope, receive, send)
2026-09-09T19:47:23.198024784Z   File "/usr/local/lib/python3.13/site-packages/starlette/_exception_handler.py", line 53, in wrapped_app
2026-09-09T19:47:23.198026717Z     raise exc
2026-09-09T19:47:23.198028671Z   File "/usr/local/lib/python3.13/site-packages/starlette/_exception_handler.py", line 42, in wrapped_app
2026-09-09T19:47:23.198030605Z     await app(scope, receive, sender)
2026-09-09T19:47:23.198032579Z   File "/usr/local/lib/python3.13/site-packages/fastapi/routing.py", line 120, in app
2026-09-09T19:47:23.198034984Z     response = await f(request)
2026-09-09T19:47:23.198036928Z                ^^^^^^^^^^^^^^^^
2026-09-09T19:47:23.198038861Z   File "/usr/local/lib/python3.13/site-packages/fastapi/routing.py", line 674, in app
2026-09-09T19:47:23.198040795Z     raw_response = await run_endpoint_function(
2026-09-09T19:47:23.198042729Z                    ^^^^^^^^^^^^^^^^^^^^^^^^^^^^
2026-09-09T19:47:23.198045064Z     ...<3 lines>...
2026-09-09T19:47:23.198046997Z     )
2026-09-09T19:47:23.198048941Z     ^
2026-09-09T19:47:23.198050885Z   File "/usr/local/lib/python3.13/site-packages/fastapi/routing.py", line 330, in run_endpoint_function
2026-09-09T19:47:23.198052809Z     return await run_in_threadpool(dependant.call, **values)
2026-09-09T19:47:23.198054743Z            ^^^^^^^^^^^^^^^^^^^^^^^^^^^^^^^^^^^^^^^^^^^^^^^^^
2026-09-09T19:47:23.198084563Z   File "/usr/local/lib/python3.13/site-packages/starlette/concurrency.py", line 32, in run_in_threadpool
2026-09-09T19:47:23.198109663Z     return await anyio.to_thread.run_sync(func)
2026-09-09T19:47:23.198114302Z            ^^^^^^^^^^^^^^^^^^^^^^^^^^^^^^^^^^^^
2026-09-09T19:47:23.198119252Z   File "/usr/local/lib/python3.13/site-packages/anyio/to_thread.py", line 63, in run_sync
2026-09-09T19:47:23.198123901Z     return await get_async_backend().run_sync_in_worker_thread(
2026-09-09T19:47:23.198173148Z            ^^^^^^^^^^^^^^^^^^^^^^^^^^^^^^^^^^^^^^^^^^^^^^^^^^^^
2026-09-09T19:47:23.198178208Z         func, args, abandon_on_cancel=abandon_on_cancel, limiter=limiter
2026-09-09T19:47:23.198182166Z         ^^^^^^^^^^^^^^^^^^^^^^^^^^^^^^^^^^^^^^^^^^^^^^^^^^^^^^^^^^^^^^^^
2026-09-09T19:47:23.198186084Z     )
2026-09-09T19:47:23.198190101Z     ^
2026-09-09T19:47:23.198194841Z   File "/usr/local/lib/python3.13/site-packages/anyio/_backends/_asyncio.py", line 2518, in run_sync_in_worker_thread
2026-09-09T19:47:23.198199560Z     return await future
2026-09-09T19:47:23.198203498Z            ^^^^^^^^^^^^
2026-09-09T19:47:23.198207406Z   File "/usr/local/lib/python3.13/site-packages/anyio/_backends/_asyncio.py", line 1002, in run
2026-09-09T19:47:23.198211313Z     result = context.run(func, *args)
2026-09-09T19:47:23.198215261Z   File "/app/app/routers/orders.py", line 36, in checkout
2026-09-09T19:47:23.198219169Z     return create_order(
2026-09-09T19:47:23.198223668Z         db=db,
2026-09-09T19:47:23.198227836Z     ...<2 lines>...
2026-09-09T19:47:23.198231804Z         correlation_id=correlation_id,
2026-09-09T19:47:23.198235711Z     )
2026-09-09T19:47:23.198239689Z   File "/app/app/services/order_service.py", line 42, in create_order
2026-09-09T19:47:23.198243647Z     result = db.execute(
2026-09-09T19:47:23.198247585Z         select(ProductModel).where(ProductModel.id == product_id)
2026-09-09T19:47:23.198251513Z     )
2026-09-09T19:47:23.198255511Z   File "/usr/local/lib/python3.13/site-packages/sqlalchemy/orm/session.py", line 2372, in execute
2026-09-09T19:47:23.198259398Z     return self._execute_internal(
2026-09-09T19:47:23.198263296Z            ~~~~~~~~~~~~~~~~~~~~~~^
2026-09-09T19:47:23.198267214Z         statement,
2026-09-09T19:47:23.198271091Z         ^^^^^^^^^^
2026-09-09T19:47:23.198274979Z     ...<4 lines>...
2026-09-09T19:47:23.198279869Z         _add_event=_add_event,
2026-09-09T19:47:23.198283766Z         ^^^^^^^^^^^^^^^^^^^^^^
2026-09-09T19:47:23.198287674Z     )
2026-09-09T19:47:23.198291552Z     ^
2026-09-09T19:47:23.198295489Z   File "/usr/local/lib/python3.13/site-packages/sqlalchemy/orm/session.py", line 2260, in _execute_internal
2026-09-09T19:47:23.198299417Z     conn = self._connection_for_bind(bind)
2026-09-09T19:47:23.198303365Z   File "/usr/local/lib/python3.13/site-packages/sqlalchemy/orm/session.py", line 2112, in _connection_for_bind
2026-09-09T19:47:23.198307343Z     return trans._connection_for_bind(engine, execution_options)
2026-09-09T19:47:23.198311311Z            ~~~~~~~~~~~~~~~~~~~~~~~~~~^^^^^^^^^^^^^^^^^^^^^^^^^^^
2026-09-09T19:47:23.198318906Z   File "<string>", line 2, in _connection_for_bind
2026-09-09T19:47:23.198323034Z   File "/usr/local/lib/python3.13/site-packages/sqlalchemy/orm/state_changes.py", line 137, in _go
2026-09-09T19:47:23.198326982Z     ret_value = fn(self, *arg, **kw)
2026-09-09T19:47:23.198330869Z   File "/usr/local/lib/python3.13/site-packages/sqlalchemy/orm/session.py", line 1191, in _connection_for_bind
2026-09-09T19:47:23.198334817Z     conn = bind.connect()
2026-09-09T19:47:23.198339366Z   File "/usr/local/lib/python3.13/site-packages/opentelemetry/instrumentation/sqlalchemy/engine.py", line 200, in _wrap_connect_internal
2026-09-09T19:47:23.198343274Z     return func(*args, **kwargs)
2026-09-09T19:47:23.198347191Z   File "/usr/local/lib/python3.13/site-packages/sqlalchemy/engine/base.py", line 3295, in connect
2026-09-09T19:47:23.198351109Z     return self._connection_cls(self)
2026-09-09T19:47:23.198355047Z            ~~~~~~~~~~~~~~~~~~~~^^^^^^
2026-09-09T19:47:23.198358945Z   File "/usr/local/lib/python3.13/site-packages/sqlalchemy/engine/base.py", line 144, in __init__
2026-09-09T19:47:23.198372331Z     self._dbapi_connection = engine.raw_connection()
2026-09-09T19:47:23.198376379Z                              ~~~~~~~~~~~~~~~~~~~~~^^
2026-09-09T19:47:23.198380307Z   File "/usr/local/lib/python3.13/site-packages/sqlalchemy/engine/base.py", line 3319, in raw_connection
2026-09-09T19:47:23.198384275Z     return self.pool.connect()
2026-09-09T19:47:23.198388172Z            ~~~~~~~~~~~~~~~~~^^
2026-09-09T19:47:23.198392140Z   File "/usr/local/lib/python3.13/site-packages/sqlalchemy/pool/base.py", line 448, in connect
2026-09-09T19:47:23.198396158Z     return _ConnectionFairy._checkout(self)
2026-09-09T19:47:23.198400206Z            ~~~~~~~~~~~~~~~~~~~~~~~~~~^^^^^^
2026-09-09T19:47:23.198404434Z   File "/usr/local/lib/python3.13/site-packages/sqlalchemy/pool/base.py", line 1272, in _checkout
2026-09-09T19:47:23.198408442Z     fairy = _ConnectionRecord.checkout(pool)
2026-09-09T19:47:23.198412390Z   File "/usr/local/lib/python3.13/site-packages/sqlalchemy/pool/base.py", line 712, in checkout
2026-09-09T19:47:23.198416358Z     rec = pool._do_get()
2026-09-09T19:47:23.198420306Z   File "/usr/local/lib/python3.13/site-packages/sqlalchemy/pool/impl.py", line 167, in _do_get
2026-09-09T19:47:23.198424233Z     raise exc.TimeoutError(
2026-09-09T19:47:23.198428211Z     ...<4 lines>...
2026-09-09T19:47:23.198432229Z     )
2026-09-09T19:47:23.198436858Z sqlalchemy.exc.TimeoutError: QueuePool limit of size 5 overflow 10 reached, connection timed out, timeout 30.00 (Background on this error at: https://sqlalche.me/e/20/3o7r)
2026-09-09T19:47:23.241870439Z ERROR:    Exception in ASGI application
2026-09-09T19:47:23.241908824Z Traceback (most recent call last):
2026-09-09T19:47:23.241914165Z   File "/usr/local/lib/python3.13/site-packages/uvicorn/protocols/http/httptools_impl.py", line 421, in run_asgi
2026-09-09T19:47:23.241919535Z     result = await app(  # type: ignore[func-returns-value]
2026-09-09T19:47:23.241924074Z              ^^^^^^^^^^^^^^^^^^^^^^^^^^^^^^^^^^^^^^^^^^^^^^
2026-09-09T19:47:23.241928553Z         self.scope, self.receive, self.send
2026-09-09T19:47:23.241932862Z         ^^^^^^^^^^^^^^^^^^^^^^^^^^^^^^^^^^^
2026-09-09T19:47:23.241937190Z     )
2026-09-09T19:47:23.241941629Z     ^
2026-09-09T19:47:23.241945988Z   File "/usr/local/lib/python3.13/site-packages/uvicorn/middleware/proxy_headers.py", line 63, in __call__
2026-09-09T19:47:23.241950336Z     return await self.app(scope, receive, send)
2026-09-09T19:47:23.241954665Z            ^^^^^^^^^^^^^^^^^^^^^^^^^^^^^^^^^^^^
2026-09-09T19:47:23.241959795Z   File "/usr/local/lib/python3.13/site-packages/fastapi/applications.py", line 1159, in __call__
2026-09-09T19:47:23.241964143Z     await super().__call__(scope, receive, send)
2026-09-09T19:47:23.241968442Z   File "/usr/local/lib/python3.13/site-packages/starlette/applications.py", line 107, in __call__
2026-09-09T19:47:23.241972760Z     await self.middleware_stack(scope, receive, send)
2026-09-09T19:47:23.241977099Z   File "/usr/local/lib/python3.13/site-packages/starlette/middleware/errors.py", line 186, in __call__
2026-09-09T19:47:23.241981518Z     raise exc
2026-09-09T19:47:23.241985936Z   File "/usr/local/lib/python3.13/site-packages/starlette/middleware/errors.py", line 164, in __call__
2026-09-09T19:47:23.241990265Z     await self.app(scope, receive, _send)
2026-09-09T19:47:23.241999253Z   File "/usr/local/lib/python3.13/site-packages/opentelemetry/instrumentation/asgi/__init__.py", line 806, in __call__
2026-09-09T19:47:23.242003932Z     await self.app(scope, otel_receive, otel_send)
2026-09-09T19:47:23.242008371Z   File "/usr/local/lib/python3.13/site-packages/starlette/middleware/errors.py", line 186, in __call__
2026-09-09T19:47:23.242038370Z     raise exc
2026-09-09T19:47:23.242043139Z   File "/usr/local/lib/python3.13/site-packages/starlette/middleware/errors.py", line 164, in __call__
2026-09-09T19:47:23.242047498Z     await self.app(scope, receive, _send)
2026-09-09T19:47:23.242051847Z   File "/usr/local/lib/python3.13/site-packages/opentelemetry/instrumentation/fastapi/__init__.py", line 305, in __call__
2026-09-09T19:47:23.242056165Z     await self.app(scope, receive, send)
2026-09-09T19:47:23.242060534Z   File "/usr/local/lib/python3.13/site-packages/prometheus_fastapi_instrumentator/middleware.py", line 177, in __call__
2026-09-09T19:47:23.242064822Z     raise exc
2026-09-09T19:47:23.242069141Z   File "/usr/local/lib/python3.13/site-packages/prometheus_fastapi_instrumentator/middleware.py", line 175, in __call__
2026-09-09T19:47:23.242073479Z     await self.app(scope, receive, send_wrapper)
2026-09-09T19:47:23.242077808Z   File "/usr/local/lib/python3.13/site-packages/starlette/middleware/exceptions.py", line 63, in __call__
2026-09-09T19:47:23.242082768Z     await wrap_app_handling_exceptions(self.app, conn)(scope, receive, send)
2026-09-09T19:47:23.242087086Z   File "/usr/local/lib/python3.13/site-packages/starlette/_exception_handler.py", line 53, in wrapped_app
2026-09-09T19:47:23.242091395Z     raise exc
2026-09-09T19:47:23.242095743Z   File "/usr/local/lib/python3.13/site-packages/starlette/_exception_handler.py", line 42, in wrapped_app
2026-09-09T19:47:23.242100052Z     await app(scope, receive, sender)
2026-09-09T19:47:23.242104801Z   File "/usr/local/lib/python3.13/site-packages/fastapi/middleware/asyncexitstack.py", line 18, in __call__
2026-09-09T19:47:23.242109220Z     await self.app(scope, receive, send)
2026-09-09T19:47:23.242113548Z   File "/usr/local/lib/python3.13/site-packages/starlette/routing.py", line 716, in __call__
2026-09-09T19:47:23.242117857Z     await self.middleware_stack(scope, receive, send)
2026-09-09T19:47:23.242122155Z   File "/usr/local/lib/python3.13/site-packages/starlette/routing.py", line 736, in app
2026-09-09T19:47:23.242126464Z     await route.handle(scope, receive, send)
2026-09-09T19:47:23.242130802Z   File "/usr/local/lib/python3.13/site-packages/starlette/routing.py", line 290, in handle
2026-09-09T19:47:23.242135111Z     await self.app(scope, receive, send)
2026-09-09T19:47:23.242139409Z   File "/usr/local/lib/python3.13/site-packages/fastapi/routing.py", line 134, in app
2026-09-09T19:47:23.242143708Z     await wrap_app_handling_exceptions(app, request)(scope, receive, send)
2026-09-09T19:47:23.242148006Z   File "/usr/local/lib/python3.13/site-packages/starlette/_exception_handler.py", line 53, in wrapped_app
2026-09-09T19:47:23.242152345Z     raise exc
2026-09-09T19:47:23.242156653Z   File "/usr/local/lib/python3.13/site-packages/starlette/_exception_handler.py", line 42, in wrapped_app
2026-09-09T19:47:23.242160982Z     await app(scope, receive, sender)
2026-09-09T19:47:23.242165340Z   File "/usr/local/lib/python3.13/site-packages/fastapi/routing.py", line 120, in app
2026-09-09T19:47:23.242170170Z     response = await f(request)
2026-09-09T19:47:23.242174539Z                ^^^^^^^^^^^^^^^^
2026-09-09T19:47:23.242178827Z   File "/usr/local/lib/python3.13/site-packages/fastapi/routing.py", line 674, in app
2026-09-09T19:47:23.242183116Z     raw_response = await run_endpoint_function(
2026-09-09T19:47:23.242187384Z                    ^^^^^^^^^^^^^^^^^^^^^^^^^^^^
2026-09-09T19:47:23.242192163Z     ...<3 lines>...
2026-09-09T19:47:23.242196502Z     )
2026-09-09T19:47:23.242200951Z     ^
2026-09-09T19:47:23.242205289Z   File "/usr/local/lib/python3.13/site-packages/fastapi/routing.py", line 330, in run_endpoint_function
2026-09-09T19:47:23.242221271Z     return await run_in_threadpool(dependant.call, **values)
2026-09-09T19:47:23.242225840Z            ^^^^^^^^^^^^^^^^^^^^^^^^^^^^^^^^^^^^^^^^^^^^^^^^^
2026-09-09T19:47:23.242312225Z   File "/usr/local/lib/python3.13/site-packages/starlette/concurrency.py", line 32, in run_in_threadpool
2026-09-09T19:47:23.242321804Z     return await anyio.to_thread.run_sync(func)
2026-09-09T19:47:23.242323878Z            ^^^^^^^^^^^^^^^^^^^^^^^^^^^^^^^^^^^^
2026-09-09T19:47:23.242326473Z   File "/usr/local/lib/python3.13/site-packages/anyio/to_thread.py", line 63, in run_sync
2026-09-09T19:47:23.242328968Z     return await get_async_backend().run_sync_in_worker_thread(
2026-09-09T19:47:23.242330892Z            ^^^^^^^^^^^^^^^^^^^^^^^^^^^^^^^^^^^^^^^^^^^^^^^^^^^^
2026-09-09T19:47:23.242333337Z         func, args, abandon_on_cancel=abandon_on_cancel, limiter=limiter
2026-09-09T19:47:23.242335261Z         ^^^^^^^^^^^^^^^^^^^^^^^^^^^^^^^^^^^^^^^^^^^^^^^^^^^^^^^^^^^^^^^^
2026-09-09T19:47:23.242337195Z     )
2026-09-09T19:47:23.242339229Z     ^
2026-09-09T19:47:23.242341724Z   File "/usr/local/lib/python3.13/site-packages/anyio/_backends/_asyncio.py", line 2518, in run_sync_in_worker_thread
2026-09-09T19:47:23.242344249Z     return await future
2026-09-09T19:47:23.242346172Z            ^^^^^^^^^^^^
2026-09-09T19:47:23.242348216Z   File "/usr/local/lib/python3.13/site-packages/anyio/_backends/_asyncio.py", line 1002, in run
2026-09-09T19:47:23.242350150Z     result = context.run(func, *args)
2026-09-09T19:47:23.242352074Z   File "/app/app/routers/orders.py", line 36, in checkout
2026-09-09T19:47:23.242354008Z     return create_order(
2026-09-09T19:47:23.242355952Z         db=db,
2026-09-09T19:47:23.242357875Z     ...<2 lines>...
2026-09-09T19:47:23.242359839Z         correlation_id=correlation_id,
2026-09-09T19:47:23.242361773Z     )
2026-09-09T19:47:23.242363717Z   File "/app/app/services/order_service.py", line 42, in create_order
2026-09-09T19:47:23.242365661Z     result = db.execute(
2026-09-09T19:47:23.242367585Z         select(ProductModel).where(ProductModel.id == product_id)
2026-09-09T19:47:23.242369518Z     )
2026-09-09T19:47:23.242371442Z   File "/usr/local/lib/python3.13/site-packages/sqlalchemy/orm/session.py", line 2372, in execute
2026-09-09T19:47:23.242373366Z     return self._execute_internal(
2026-09-09T19:47:23.242375300Z            ~~~~~~~~~~~~~~~~~~~~~~^
2026-09-09T19:47:23.242377254Z         statement,
2026-09-09T19:47:23.242379207Z         ^^^^^^^^^^
2026-09-09T19:47:23.242381131Z     ...<4 lines>...
2026-09-09T19:47:23.242383446Z         _add_event=_add_event,
2026-09-09T19:47:23.242385360Z         ^^^^^^^^^^^^^^^^^^^^^^
2026-09-09T19:47:23.242387303Z     )
2026-09-09T19:47:23.242389187Z     ^
2026-09-09T19:47:23.242391131Z   File "/usr/local/lib/python3.13/site-packages/sqlalchemy/orm/session.py", line 2260, in _execute_internal
2026-09-09T19:47:23.242393075Z     conn = self._connection_for_bind(bind)
2026-09-09T19:47:23.242394989Z   File "/usr/local/lib/python3.13/site-packages/sqlalchemy/orm/session.py", line 2112, in _connection_for_bind
2026-09-09T19:47:23.242396942Z     return trans._connection_for_bind(engine, execution_options)
2026-09-09T19:47:23.242398866Z            ~~~~~~~~~~~~~~~~~~~~~~~~~~^^^^^^^^^^^^^^^^^^^^^^^^^^^
2026-09-09T19:47:23.242400780Z   File "<string>", line 2, in _connection_for_bind
2026-09-09T19:47:23.242402684Z   File "/usr/local/lib/python3.13/site-packages/sqlalchemy/orm/state_changes.py", line 137, in _go
2026-09-09T19:47:23.242404608Z     ret_value = fn(self, *arg, **kw)
2026-09-09T19:47:23.242406531Z   File "/usr/local/lib/python3.13/site-packages/sqlalchemy/orm/session.py", line 1191, in _connection_for_bind
2026-09-09T19:47:23.242418545Z     conn = bind.connect()
2026-09-09T19:47:23.242421270Z   File "/usr/local/lib/python3.13/site-packages/opentelemetry/instrumentation/sqlalchemy/engine.py", line 200, in _wrap_connect_internal
2026-09-09T19:47:23.242439376Z     return func(*args, **kwargs)
2026-09-09T19:47:23.242443765Z   File "/usr/local/lib/python3.13/site-packages/sqlalchemy/engine/base.py", line 3295, in connect
2026-09-09T19:47:23.242445729Z     return self._connection_cls(self)
2026-09-09T19:47:23.242447713Z            ~~~~~~~~~~~~~~~~~~~~^^^^^^
2026-09-09T19:47:23.242449656Z   File "/usr/local/lib/python3.13/site-packages/sqlalchemy/engine/base.py", line 144, in __init__
2026-09-09T19:47:23.242451640Z     self._dbapi_connection = engine.raw_connection()
2026-09-09T19:47:23.242453554Z                              ~~~~~~~~~~~~~~~~~~~~~^^
2026-09-09T19:47:23.242458334Z   File "/usr/local/lib/python3.13/site-packages/sqlalchemy/engine/base.py", line 3319, in raw_connection
2026-09-09T19:47:23.242460338Z     return self.pool.connect()
2026-09-09T19:47:23.242462332Z            ~~~~~~~~~~~~~~~~~^^
2026-09-09T19:47:23.242464245Z   File "/usr/local/lib/python3.13/site-packages/sqlalchemy/pool/base.py", line 448, in connect
2026-09-09T19:47:23.242466159Z     return _ConnectionFairy._checkout(self)
2026-09-09T19:47:23.242468063Z            ~~~~~~~~~~~~~~~~~~~~~~~~~~^^^^^^
2026-09-09T19:47:23.242470047Z   File "/usr/local/lib/python3.13/site-packages/sqlalchemy/pool/base.py", line 1272, in _checkout
2026-09-09T19:47:23.242471961Z     fairy = _ConnectionRecord.checkout(pool)
2026-09-09T19:47:23.242473884Z   File "/usr/local/lib/python3.13/site-packages/sqlalchemy/pool/base.py", line 712, in checkout
2026-09-09T19:47:23.242475808Z     rec = pool._do_get()
2026-09-09T19:47:23.242477702Z   File "/usr/local/lib/python3.13/site-packages/sqlalchemy/pool/impl.py", line 167, in _do_get
2026-09-09T19:47:23.242479596Z     raise exc.TimeoutError(
2026-09-09T19:47:23.242481519Z     ...<4 lines>...
2026-09-09T19:47:23.242483453Z     )
2026-09-09T19:47:23.242485958Z sqlalchemy.exc.TimeoutError: QueuePool limit of size 5 overflow 10 reached, connection timed out, timeout 30.00 (Background on this error at: https://sqlalche.me/e/20/3o7r)
2026-09-09T19:47:24.603472711Z INFO:     Shutting down
2026-09-09T19:47:24.704789130Z INFO:     Waiting for connections to close. (CTRL+C to force quit)
2026-09-09T19:47:46.863418914Z ERROR:    Exception in ASGI application
2026-09-09T19:47:46.863462711Z Traceback (most recent call last):
2026-09-09T19:47:46.863468572Z   File "/usr/local/lib/python3.13/site-packages/uvicorn/protocols/http/httptools_impl.py", line 421, in run_asgi
2026-09-09T19:47:46.863474113Z     result = await app(  # type: ignore[func-returns-value]
2026-09-09T19:47:46.863478552Z              ^^^^^^^^^^^^^^^^^^^^^^^^^^^^^^^^^^^^^^^^^^^^^^
2026-09-09T19:47:46.863482961Z         self.scope, self.receive, self.send
2026-09-09T19:47:46.863487290Z         ^^^^^^^^^^^^^^^^^^^^^^^^^^^^^^^^^^^
2026-09-09T19:47:46.863491698Z     )
2026-09-09T19:47:46.863496147Z     ^
2026-09-09T19:47:46.863500546Z   File "/usr/local/lib/python3.13/site-packages/uvicorn/middleware/proxy_headers.py", line 63, in __call__
2026-09-09T19:47:46.863505255Z     return await self.app(scope, receive, send)
2026-09-09T19:47:46.863509664Z            ^^^^^^^^^^^^^^^^^^^^^^^^^^^^^^^^^^^^
2026-09-09T19:47:46.863514674Z   File "/usr/local/lib/python3.13/site-packages/fastapi/applications.py", line 1159, in __call__
2026-09-09T19:47:46.863519032Z     await super().__call__(scope, receive, send)
2026-09-09T19:47:46.863523341Z   File "/usr/local/lib/python3.13/site-packages/starlette/applications.py", line 107, in __call__
2026-09-09T19:47:46.863571567Z     await self.middleware_stack(scope, receive, send)
2026-09-09T19:47:46.863576216Z   File "/usr/local/lib/python3.13/site-packages/starlette/middleware/errors.py", line 186, in __call__
2026-09-09T19:47:46.863580665Z     raise exc
2026-09-09T19:47:46.863585163Z   File "/usr/local/lib/python3.13/site-packages/starlette/middleware/errors.py", line 164, in __call__
2026-09-09T19:47:46.863589542Z     await self.app(scope, receive, _send)
2026-09-09T19:47:46.863594873Z   File "/usr/local/lib/python3.13/site-packages/opentelemetry/instrumentation/asgi/__init__.py", line 806, in __call__
2026-09-09T19:47:46.863599261Z     await self.app(scope, otel_receive, otel_send)
2026-09-09T19:47:46.863603760Z   File "/usr/local/lib/python3.13/site-packages/starlette/middleware/errors.py", line 186, in __call__
2026-09-09T19:47:46.863608119Z     raise exc
2026-09-09T19:47:46.863612448Z   File "/usr/local/lib/python3.13/site-packages/starlette/middleware/errors.py", line 164, in __call__
2026-09-09T19:47:46.863616816Z     await self.app(scope, receive, _send)
2026-09-09T19:47:46.863621185Z   File "/usr/local/lib/python3.13/site-packages/opentelemetry/instrumentation/fastapi/__init__.py", line 305, in __call__
2026-09-09T19:47:46.863625564Z     await self.app(scope, receive, send)
2026-09-09T19:47:46.863629872Z   File "/usr/local/lib/python3.13/site-packages/prometheus_fastapi_instrumentator/middleware.py", line 177, in __call__
2026-09-09T19:47:46.863634201Z     raise exc
2026-09-09T19:47:46.863638499Z   File "/usr/local/lib/python3.13/site-packages/prometheus_fastapi_instrumentator/middleware.py", line 175, in __call__
2026-09-09T19:47:46.863642808Z     await self.app(scope, receive, send_wrapper)
2026-09-09T19:47:46.863647136Z   File "/usr/local/lib/python3.13/site-packages/starlette/middleware/exceptions.py", line 63, in __call__
2026-09-09T19:47:46.863651946Z     await wrap_app_handling_exceptions(self.app, conn)(scope, receive, send)
2026-09-09T19:47:46.863656324Z   File "/usr/local/lib/python3.13/site-packages/starlette/_exception_handler.py", line 53, in wrapped_app
2026-09-09T19:47:46.863660643Z     raise exc
2026-09-09T19:47:46.863664962Z   File "/usr/local/lib/python3.13/site-packages/starlette/_exception_handler.py", line 42, in wrapped_app
2026-09-09T19:47:46.863669260Z     await app(scope, receive, sender)
2026-09-09T19:47:46.863673759Z   File "/usr/local/lib/python3.13/site-packages/fastapi/middleware/asyncexitstack.py", line 18, in __call__
2026-09-09T19:47:46.863678148Z     await self.app(scope, receive, send)
2026-09-09T19:47:46.863682556Z   File "/usr/local/lib/python3.13/site-packages/starlette/routing.py", line 716, in __call__
2026-09-09T19:47:46.863686875Z     await self.middleware_stack(scope, receive, send)
2026-09-09T19:47:46.863691254Z   File "/usr/local/lib/python3.13/site-packages/starlette/routing.py", line 736, in app
2026-09-09T19:47:46.863695572Z     await route.handle(scope, receive, send)
2026-09-09T19:47:46.863699891Z   File "/usr/local/lib/python3.13/site-packages/starlette/routing.py", line 290, in handle
2026-09-09T19:47:46.863704169Z     await self.app(scope, receive, send)
2026-09-09T19:47:46.863708478Z   File "/usr/local/lib/python3.13/site-packages/fastapi/routing.py", line 134, in app
2026-09-09T19:47:46.863712756Z     await wrap_app_handling_exceptions(app, request)(scope, receive, send)
2026-09-09T19:47:46.863717055Z   File "/usr/local/lib/python3.13/site-packages/starlette/_exception_handler.py", line 53, in wrapped_app
2026-09-09T19:47:46.863721353Z     raise exc
2026-09-09T19:47:46.863725732Z   File "/usr/local/lib/python3.13/site-packages/starlette/_exception_handler.py", line 42, in wrapped_app
2026-09-09T19:47:46.863740732Z     await app(scope, receive, sender)
2026-09-09T19:47:46.863745181Z   File "/usr/local/lib/python3.13/site-packages/fastapi/routing.py", line 120, in app
2026-09-09T19:47:46.863750120Z     response = await f(request)
2026-09-09T19:47:46.863754479Z                ^^^^^^^^^^^^^^^^
2026-09-09T19:47:46.863758787Z   File "/usr/local/lib/python3.13/site-packages/fastapi/routing.py", line 674, in app
2026-09-09T19:47:46.863763116Z     raw_response = await run_endpoint_function(
2026-09-09T19:47:46.863767465Z                    ^^^^^^^^^^^^^^^^^^^^^^^^^^^^
2026-09-09T19:47:46.863772414Z     ...<3 lines>...
2026-09-09T19:47:46.863776773Z     )
2026-09-09T19:47:46.863781212Z     ^
2026-09-09T19:47:46.863785591Z   File "/usr/local/lib/python3.13/site-packages/fastapi/routing.py", line 330, in run_endpoint_function
2026-09-09T19:47:46.863789929Z     return await run_in_threadpool(dependant.call, **values)
2026-09-09T19:47:46.863794268Z            ^^^^^^^^^^^^^^^^^^^^^^^^^^^^^^^^^^^^^^^^^^^^^^^^^
2026-09-09T19:47:46.863856391Z   File "/usr/local/lib/python3.13/site-packages/starlette/concurrency.py", line 32, in run_in_threadpool
2026-09-09T19:47:46.863866571Z     return await anyio.to_thread.run_sync(func)
2026-09-09T19:47:46.863871070Z            ^^^^^^^^^^^^^^^^^^^^^^^^^^^^^^^^^^^^
2026-09-09T19:47:46.863875368Z   File "/usr/local/lib/python3.13/site-packages/anyio/to_thread.py", line 63, in run_sync
2026-09-09T19:47:46.863879677Z     return await get_async_backend().run_sync_in_worker_thread(
2026-09-09T19:47:46.863883996Z            ^^^^^^^^^^^^^^^^^^^^^^^^^^^^^^^^^^^^^^^^^^^^^^^^^^^^
2026-09-09T19:47:46.863888314Z         func, args, abandon_on_cancel=abandon_on_cancel, limiter=limiter
2026-09-09T19:47:46.863892593Z         ^^^^^^^^^^^^^^^^^^^^^^^^^^^^^^^^^^^^^^^^^^^^^^^^^^^^^^^^^^^^^^^^
2026-09-09T19:47:46.863896911Z     )
2026-09-09T19:47:46.863901270Z     ^
2026-09-09T19:47:46.863905608Z   File "/usr/local/lib/python3.13/site-packages/anyio/_backends/_asyncio.py", line 2518, in run_sync_in_worker_thread
2026-09-09T19:47:46.863909917Z     return await future
2026-09-09T19:47:46.863914225Z            ^^^^^^^^^^^^
2026-09-09T19:47:46.863918534Z   File "/usr/local/lib/python3.13/site-packages/anyio/_backends/_asyncio.py", line 1002, in run
2026-09-09T19:47:46.863922822Z     result = context.run(func, *args)
2026-09-09T19:47:46.863927111Z   File "/app/app/routers/orders.py", line 36, in checkout
2026-09-09T19:47:46.863931389Z     return create_order(
2026-09-09T19:47:46.863935858Z         db=db,
2026-09-09T19:47:46.863940237Z     ...<2 lines>...
2026-09-09T19:47:46.863944586Z         correlation_id=correlation_id,
2026-09-09T19:47:46.863948884Z     )
2026-09-09T19:47:46.863953263Z   File "/app/app/services/order_service.py", line 42, in create_order
2026-09-09T19:47:46.863957621Z     result = db.execute(
2026-09-09T19:47:46.863961910Z         select(ProductModel).where(ProductModel.id == product_id)
2026-09-09T19:47:46.863966258Z     )
2026-09-09T19:47:46.863970858Z   File "/usr/local/lib/python3.13/site-packages/sqlalchemy/orm/session.py", line 2372, in execute
2026-09-09T19:47:46.863975216Z     return self._execute_internal(
2026-09-09T19:47:46.863979525Z            ~~~~~~~~~~~~~~~~~~~~~~^
2026-09-09T19:47:46.863983272Z         statement,
2026-09-09T19:47:46.863985186Z         ^^^^^^^^^^
2026-09-09T19:47:46.863987070Z     ...<4 lines>...
2026-09-09T19:47:46.863988973Z         _add_event=_add_event,
2026-09-09T19:47:46.863990867Z         ^^^^^^^^^^^^^^^^^^^^^^
2026-09-09T19:47:46.863992791Z     )
2026-09-09T19:47:46.863994695Z     ^
2026-09-09T19:47:46.864004404Z   File "/usr/local/lib/python3.13/site-packages/sqlalchemy/orm/session.py", line 2260, in _execute_internal
2026-09-09T19:47:46.864006398Z     conn = self._connection_for_bind(bind)
2026-09-09T19:47:46.864008302Z   File "/usr/local/lib/python3.13/site-packages/sqlalchemy/orm/session.py", line 2112, in _connection_for_bind
2026-09-09T19:47:46.864010256Z     return trans._connection_for_bind(engine, execution_options)
2026-09-09T19:47:46.864012169Z            ~~~~~~~~~~~~~~~~~~~~~~~~~~^^^^^^^^^^^^^^^^^^^^^^^^^^^
2026-09-09T19:47:46.864014073Z   File "<string>", line 2, in _connection_for_bind
2026-09-09T19:47:46.864015987Z   File "/usr/local/lib/python3.13/site-packages/sqlalchemy/orm/state_changes.py", line 137, in _go
2026-09-09T19:47:46.864017911Z     ret_value = fn(self, *arg, **kw)
2026-09-09T19:47:46.864019815Z   File "/usr/local/lib/python3.13/site-packages/sqlalchemy/orm/session.py", line 1191, in _connection_for_bind
2026-09-09T19:47:46.864021718Z     conn = bind.connect()
2026-09-09T19:47:46.864024424Z   File "/usr/local/lib/python3.13/site-packages/opentelemetry/instrumentation/sqlalchemy/engine.py", line 200, in _wrap_connect_internal
2026-09-09T19:47:46.864026317Z     return func(*args, **kwargs)
2026-09-09T19:47:46.864028231Z   File "/usr/local/lib/python3.13/site-packages/sqlalchemy/engine/base.py", line 3295, in connect
2026-09-09T19:47:46.864030125Z     return self._connection_cls(self)
2026-09-09T19:47:46.864032049Z            ~~~~~~~~~~~~~~~~~~~~^^^^^^
2026-09-09T19:47:46.864033953Z   File "/usr/local/lib/python3.13/site-packages/sqlalchemy/engine/base.py", line 144, in __init__
2026-09-09T19:47:46.864035856Z     self._dbapi_connection = engine.raw_connection()
2026-09-09T19:47:46.864037750Z                              ~~~~~~~~~~~~~~~~~~~~~^^
2026-09-09T19:47:46.864039644Z   File "/usr/local/lib/python3.13/site-packages/sqlalchemy/engine/base.py", line 3319, in raw_connection
2026-09-09T19:47:46.864041548Z     return self.pool.connect()
2026-09-09T19:47:46.864046227Z            ~~~~~~~~~~~~~~~~~^^
2026-09-09T19:47:46.864048241Z   File "/usr/local/lib/python3.13/site-packages/sqlalchemy/pool/base.py", line 448, in connect
2026-09-09T19:47:46.864050205Z     return _ConnectionFairy._checkout(self)
2026-09-09T19:47:46.864052149Z            ~~~~~~~~~~~~~~~~~~~~~~~~~~^^^^^^
2026-09-09T19:47:46.864054082Z   File "/usr/local/lib/python3.13/site-packages/sqlalchemy/pool/base.py", line 1272, in _checkout
2026-09-09T19:47:46.864056006Z     fairy = _ConnectionRecord.checkout(pool)
2026-09-09T19:47:46.864057930Z   File "/usr/local/lib/python3.13/site-packages/sqlalchemy/pool/base.py", line 712, in checkout
2026-09-09T19:47:46.864059874Z     rec = pool._do_get()
2026-09-09T19:47:46.864061788Z   File "/usr/local/lib/python3.13/site-packages/sqlalchemy/pool/impl.py", line 167, in _do_get
2026-09-09T19:47:46.864063692Z     raise exc.TimeoutError(
2026-09-09T19:47:46.864065726Z     ...<4 lines>...
2026-09-09T19:47:46.864067659Z     )
2026-09-09T19:47:46.864071697Z sqlalchemy.exc.TimeoutError: QueuePool limit of size 5 overflow 10 reached, connection timed out, timeout 30.00 (Background on this error at: https://sqlalche.me/e/20/3o7r)
2026-09-09T19:47:46.970069547Z ERROR:    Exception in ASGI application
2026-09-09T19:47:46.970181970Z Traceback (most recent call last):
2026-09-09T19:47:46.970206699Z   File "/usr/local/lib/python3.13/site-packages/uvicorn/protocols/http/httptools_impl.py", line 421, in run_asgi
2026-09-09T19:47:46.970210446Z     result = await app(  # type: ignore[func-returns-value]
2026-09-09T19:47:46.970212911Z              ^^^^^^^^^^^^^^^^^^^^^^^^^^^^^^^^^^^^^^^^^^^^^^
2026-09-09T19:47:46.970214915Z         self.scope, self.receive, self.send
2026-09-09T19:47:46.970236508Z         ^^^^^^^^^^^^^^^^^^^^^^^^^^^^^^^^^^^
2026-09-09T19:47:46.970239183Z     )
2026-09-09T19:47:46.970242049Z     ^
2026-09-09T19:47:46.970244714Z   File "/usr/local/lib/python3.13/site-packages/uvicorn/middleware/proxy_headers.py", line 63, in __call__
2026-09-09T19:47:46.970247319Z     return await self.app(scope, receive, send)
2026-09-09T19:47:46.970249303Z            ^^^^^^^^^^^^^^^^^^^^^^^^^^^^^^^^^^^^
2026-09-09T19:47:46.970251878Z   File "/usr/local/lib/python3.13/site-packages/fastapi/applications.py", line 1159, in __call__
2026-09-09T19:47:46.970254012Z     await super().__call__(scope, receive, send)
2026-09-09T19:47:46.970256097Z   File "/usr/local/lib/python3.13/site-packages/starlette/applications.py", line 107, in __call__
2026-09-09T19:47:46.970258050Z     await self.middleware_stack(scope, receive, send)
2026-09-09T19:47:46.970260135Z   File "/usr/local/lib/python3.13/site-packages/starlette/middleware/errors.py", line 186, in __call__
2026-09-09T19:47:46.970262409Z     raise exc
2026-09-09T19:47:46.970264403Z   File "/usr/local/lib/python3.13/site-packages/starlette/middleware/errors.py", line 164, in __call__
2026-09-09T19:47:46.970266357Z     await self.app(scope, receive, _send)
2026-09-09T19:47:46.970268882Z   File "/usr/local/lib/python3.13/site-packages/opentelemetry/instrumentation/asgi/__init__.py", line 806, in __call__
2026-09-09T19:47:46.970270806Z     await self.app(scope, otel_receive, otel_send)
2026-09-09T19:47:46.970272730Z   File "/usr/local/lib/python3.13/site-packages/starlette/middleware/errors.py", line 186, in __call__
2026-09-09T19:47:46.970274703Z     raise exc
2026-09-09T19:47:46.970276647Z   File "/usr/local/lib/python3.13/site-packages/starlette/middleware/errors.py", line 164, in __call__
2026-09-09T19:47:46.970278581Z     await self.app(scope, receive, _send)
2026-09-09T19:47:46.970280525Z   File "/usr/local/lib/python3.13/site-packages/opentelemetry/instrumentation/fastapi/__init__.py", line 305, in __call__
2026-09-09T19:47:46.970282469Z     await self.app(scope, receive, send)
2026-09-09T19:47:46.970284473Z   File "/usr/local/lib/python3.13/site-packages/prometheus_fastapi_instrumentator/middleware.py", line 177, in __call__
2026-09-09T19:47:46.970286417Z     raise exc
2026-09-09T19:47:46.970288401Z   File "/usr/local/lib/python3.13/site-packages/prometheus_fastapi_instrumentator/middleware.py", line 175, in __call__
2026-09-09T19:47:46.970290324Z     await self.app(scope, receive, send_wrapper)
2026-09-09T19:47:46.970292268Z   File "/usr/local/lib/python3.13/site-packages/starlette/middleware/exceptions.py", line 63, in __call__
2026-09-09T19:47:46.970294923Z     await wrap_app_handling_exceptions(self.app, conn)(scope, receive, send)
2026-09-09T19:47:46.970296877Z   File "/usr/local/lib/python3.13/site-packages/starlette/_exception_handler.py", line 53, in wrapped_app
2026-09-09T19:47:46.970298811Z     raise exc
2026-09-09T19:47:46.970300785Z   File "/usr/local/lib/python3.13/site-packages/starlette/_exception_handler.py", line 42, in wrapped_app
2026-09-09T19:47:46.970302779Z     await app(scope, receive, sender)
2026-09-09T19:47:46.970304823Z   File "/usr/local/lib/python3.13/site-packages/fastapi/middleware/asyncexitstack.py", line 18, in __call__
2026-09-09T19:47:46.970306757Z     await self.app(scope, receive, send)
2026-09-09T19:47:46.970308701Z   File "/usr/local/lib/python3.13/site-packages/starlette/routing.py", line 716, in __call__
2026-09-09T19:47:46.970310695Z     await self.middleware_stack(scope, receive, send)
2026-09-09T19:47:46.970312749Z   File "/usr/local/lib/python3.13/site-packages/starlette/routing.py", line 736, in app
2026-09-09T19:47:46.970314773Z     await route.handle(scope, receive, send)
2026-09-09T19:47:46.970322198Z   File "/usr/local/lib/python3.13/site-packages/starlette/routing.py", line 290, in handle
2026-09-09T19:47:46.970324252Z     await self.app(scope, receive, send)
2026-09-09T19:47:46.970326506Z   File "/usr/local/lib/python3.13/site-packages/fastapi/routing.py", line 134, in app
2026-09-09T19:47:46.970328500Z     await wrap_app_handling_exceptions(app, request)(scope, receive, send)
2026-09-09T19:47:46.970332829Z   File "/usr/local/lib/python3.13/site-packages/starlette/_exception_handler.py", line 53, in wrapped_app
2026-09-09T19:47:46.970334802Z     raise exc
2026-09-09T19:47:46.970336857Z   File "/usr/local/lib/python3.13/site-packages/starlette/_exception_handler.py", line 42, in wrapped_app
2026-09-09T19:47:46.970338790Z     await app(scope, receive, sender)
2026-09-09T19:47:46.970340834Z   File "/usr/local/lib/python3.13/site-packages/fastapi/routing.py", line 120, in app
2026-09-09T19:47:46.970343159Z     response = await f(request)
2026-09-09T19:47:46.970345103Z                ^^^^^^^^^^^^^^^^
2026-09-09T19:47:46.970347117Z   File "/usr/local/lib/python3.13/site-packages/fastapi/routing.py", line 674, in app
2026-09-09T19:47:46.970349061Z     raw_response = await run_endpoint_function(
2026-09-09T19:47:46.970376595Z                    ^^^^^^^^^^^^^^^^^^^^^^^^^^^^
2026-09-09T19:47:46.970379281Z     ...<3 lines>...
2026-09-09T19:47:46.970381265Z     )
2026-09-09T19:47:46.970383248Z     ^
2026-09-09T19:47:46.970385252Z   File "/usr/local/lib/python3.13/site-packages/fastapi/routing.py", line 330, in run_endpoint_function
2026-09-09T19:47:46.970387186Z     return await run_in_threadpool(dependant.call, **values)
2026-09-09T19:47:46.970389160Z            ^^^^^^^^^^^^^^^^^^^^^^^^^^^^^^^^^^^^^^^^^^^^^^^^^
2026-09-09T19:47:46.970433077Z   File "/usr/local/lib/python3.13/site-packages/starlette/concurrency.py", line 32, in run_in_threadpool
2026-09-09T19:47:46.970437997Z     return await anyio.to_thread.run_sync(func)
2026-09-09T19:47:46.970439971Z            ^^^^^^^^^^^^^^^^^^^^^^^^^^^^^^^^^^^^
2026-09-09T19:47:46.970442085Z   File "/usr/local/lib/python3.13/site-packages/anyio/to_thread.py", line 63, in run_sync
2026-09-09T19:47:46.970444199Z     return await get_async_backend().run_sync_in_worker_thread(
2026-09-09T19:47:46.970446113Z            ^^^^^^^^^^^^^^^^^^^^^^^^^^^^^^^^^^^^^^^^^^^^^^^^^^^^
2026-09-09T19:47:46.970448037Z         func, args, abandon_on_cancel=abandon_on_cancel, limiter=limiter
2026-09-09T19:47:46.970449951Z         ^^^^^^^^^^^^^^^^^^^^^^^^^^^^^^^^^^^^^^^^^^^^^^^^^^^^^^^^^^^^^^^^
2026-09-09T19:47:46.970451864Z     )
2026-09-09T19:47:46.970453778Z     ^
2026-09-09T19:47:46.970455792Z   File "/usr/local/lib/python3.13/site-packages/anyio/_backends/_asyncio.py", line 2518, in run_sync_in_worker_thread
2026-09-09T19:47:46.970457746Z     return await future
2026-09-09T19:47:46.970459660Z            ^^^^^^^^^^^^
2026-09-09T19:47:46.970461614Z   File "/usr/local/lib/python3.13/site-packages/anyio/_backends/_asyncio.py", line 1002, in run
2026-09-09T19:47:46.970463548Z     result = context.run(func, *args)
2026-09-09T19:47:46.970465461Z   File "/app/app/routers/orders.py", line 36, in checkout
2026-09-09T19:47:46.970467395Z     return create_order(
2026-09-09T19:47:46.970469439Z         db=db,
2026-09-09T19:47:46.970471493Z     ...<2 lines>...
2026-09-09T19:47:46.970473467Z         correlation_id=correlation_id,
2026-09-09T19:47:46.970475401Z     )
2026-09-09T19:47:46.970477365Z   File "/app/app/services/order_service.py", line 42, in create_order
2026-09-09T19:47:46.970479299Z     result = db.execute(
2026-09-09T19:47:46.970481283Z         select(ProductModel).where(ProductModel.id == product_id)
2026-09-09T19:47:46.970492705Z     )
2026-09-09T19:47:46.970494860Z   File "/usr/local/lib/python3.13/site-packages/sqlalchemy/orm/session.py", line 2372, in execute
2026-09-09T19:47:46.970496793Z     return self._execute_internal(
2026-09-09T19:47:46.970498737Z            ~~~~~~~~~~~~~~~~~~~~~~^
2026-09-09T19:47:46.970500671Z         statement,
2026-09-09T19:47:46.970502625Z         ^^^^^^^^^^
2026-09-09T19:47:46.970504539Z     ...<4 lines>...
2026-09-09T19:47:46.970506483Z         _add_event=_add_event,
2026-09-09T19:47:46.970508386Z         ^^^^^^^^^^^^^^^^^^^^^^
2026-09-09T19:47:46.970510300Z     )
2026-09-09T19:47:46.970512224Z     ^
2026-09-09T19:47:46.970514188Z   File "/usr/local/lib/python3.13/site-packages/sqlalchemy/orm/session.py", line 2260, in _execute_internal
2026-09-09T19:47:46.970516112Z     conn = self._connection_for_bind(bind)
2026-09-09T19:47:46.970518096Z   File "/usr/local/lib/python3.13/site-packages/sqlalchemy/orm/session.py", line 2112, in _connection_for_bind
2026-09-09T19:47:46.970520360Z     return trans._connection_for_bind(engine, execution_options)
2026-09-09T19:47:46.970522304Z            ~~~~~~~~~~~~~~~~~~~~~~~~~~^^^^^^^^^^^^^^^^^^^^^^^^^^^
2026-09-09T19:47:46.970524378Z   File "<string>", line 2, in _connection_for_bind
2026-09-09T19:47:46.970526352Z   File "/usr/local/lib/python3.13/site-packages/sqlalchemy/orm/state_changes.py", line 137, in _go
2026-09-09T19:47:46.970528356Z     ret_value = fn(self, *arg, **kw)
2026-09-09T19:47:46.970530330Z   File "/usr/local/lib/python3.13/site-packages/sqlalchemy/orm/session.py", line 1191, in _connection_for_bind
2026-09-09T19:47:46.970532284Z     conn = bind.connect()
2026-09-09T19:47:46.970534999Z   File "/usr/local/lib/python3.13/site-packages/opentelemetry/instrumentation/sqlalchemy/engine.py", line 200, in _wrap_connect_internal
2026-09-09T19:47:46.970558566Z     return func(*args, **kwargs)
2026-09-09T19:47:46.970563906Z   File "/usr/local/lib/python3.13/site-packages/sqlalchemy/engine/base.py", line 3295, in connect
2026-09-09T19:47:46.970565870Z     return self._connection_cls(self)
2026-09-09T19:47:46.970567804Z            ~~~~~~~~~~~~~~~~~~~~^^^^^^
2026-09-09T19:47:46.970569728Z   File "/usr/local/lib/python3.13/site-packages/sqlalchemy/engine/base.py", line 144, in __init__
2026-09-09T19:47:46.970571722Z     self._dbapi_connection = engine.raw_connection()
2026-09-09T19:47:46.970573626Z                              ~~~~~~~~~~~~~~~~~~~~~^^
2026-09-09T19:47:46.970575529Z   File "/usr/local/lib/python3.13/site-packages/sqlalchemy/engine/base.py", line 3319, in raw_connection
2026-09-09T19:47:46.970577453Z     return self.pool.connect()
2026-09-09T19:47:46.970579357Z            ~~~~~~~~~~~~~~~~~^^
2026-09-09T19:47:46.970581281Z   File "/usr/local/lib/python3.13/site-packages/sqlalchemy/pool/base.py", line 448, in connect
2026-09-09T19:47:46.970583205Z     return _ConnectionFairy._checkout(self)
2026-09-09T19:47:46.970585108Z            ~~~~~~~~~~~~~~~~~~~~~~~~~~^^^^^^
2026-09-09T19:47:46.970587042Z   File "/usr/local/lib/python3.13/site-packages/sqlalchemy/pool/base.py", line 1272, in _checkout
2026-09-09T19:47:46.970588946Z     fairy = _ConnectionRecord.checkout(pool)
2026-09-09T19:47:46.970590850Z   File "/usr/local/lib/python3.13/site-packages/sqlalchemy/pool/base.py", line 712, in checkout
2026-09-09T19:47:46.970592774Z     rec = pool._do_get()
2026-09-09T19:47:46.970594697Z   File "/usr/local/lib/python3.13/site-packages/sqlalchemy/pool/impl.py", line 167, in _do_get
2026-09-09T19:47:46.970596611Z     raise exc.TimeoutError(
2026-09-09T19:47:46.970598515Z     ...<4 lines>...
2026-09-09T19:47:46.970600449Z     )
2026-09-09T19:47:46.970614497Z sqlalchemy.exc.TimeoutError: QueuePool limit of size 5 overflow 10 reached, connection timed out, timeout 30.00 (Background on this error at: https://sqlalche.me/e/20/3o7r)
2026-09-09T19:47:47.054966515Z ERROR:    Exception in ASGI application
2026-09-09T19:47:47.055023067Z Traceback (most recent call last):
2026-09-09T19:47:47.055031283Z   File "/usr/local/lib/python3.13/site-packages/uvicorn/protocols/http/httptools_impl.py", line 421, in run_asgi
2026-09-09T19:47:47.055038458Z     result = await app(  # type: ignore[func-returns-value]
2026-09-09T19:47:47.055044830Z              ^^^^^^^^^^^^^^^^^^^^^^^^^^^^^^^^^^^^^^^^^^^^^^
2026-09-09T19:47:47.055051223Z         self.scope, self.receive, self.send
2026-09-09T19:47:47.055058127Z         ^^^^^^^^^^^^^^^^^^^^^^^^^^^^^^^^^^^
2026-09-09T19:47:47.055064660Z     )
2026-09-09T19:47:47.055071142Z     ^
2026-09-09T19:47:47.055077725Z   File "/usr/local/lib/python3.13/site-packages/uvicorn/middleware/proxy_headers.py", line 63, in __call__
2026-09-09T19:47:47.055084188Z     return await self.app(scope, receive, send)
2026-09-09T19:47:47.055090531Z            ^^^^^^^^^^^^^^^^^^^^^^^^^^^^^^^^^^^^
2026-09-09T19:47:47.055097394Z   File "/usr/local/lib/python3.13/site-packages/fastapi/applications.py", line 1159, in __call__
2026-09-09T19:47:47.055103947Z     await super().__call__(scope, receive, send)
2026-09-09T19:47:47.055110480Z   File "/usr/local/lib/python3.13/site-packages/starlette/applications.py", line 107, in __call__
2026-09-09T19:47:47.055116933Z     await self.middleware_stack(scope, receive, send)
2026-09-09T19:47:47.055123336Z   File "/usr/local/lib/python3.13/site-packages/starlette/middleware/errors.py", line 186, in __call__
2026-09-09T19:47:47.055129919Z     raise exc
2026-09-09T19:47:47.055140620Z   File "/usr/local/lib/python3.13/site-packages/starlette/middleware/errors.py", line 164, in __call__
2026-09-09T19:47:47.055147303Z     await self.app(scope, receive, _send)
2026-09-09T19:47:47.055157574Z   File "/usr/local/lib/python3.13/site-packages/opentelemetry/instrumentation/asgi/__init__.py", line 806, in __call__
2026-09-09T19:47:47.055164207Z     await self.app(scope, otel_receive, otel_send)
2026-09-09T19:47:47.055170760Z   File "/usr/local/lib/python3.13/site-packages/starlette/middleware/errors.py", line 186, in __call__
2026-09-09T19:47:47.055177192Z     raise exc
2026-09-09T19:47:47.055183655Z   File "/usr/local/lib/python3.13/site-packages/starlette/middleware/errors.py", line 164, in __call__
2026-09-09T19:47:47.055190058Z     await self.app(scope, receive, _send)
2026-09-09T19:47:47.055196451Z   File "/usr/local/lib/python3.13/site-packages/opentelemetry/instrumentation/fastapi/__init__.py", line 305, in __call__
2026-09-09T19:47:47.055202833Z     await self.app(scope, receive, send)
2026-09-09T19:47:47.055209226Z   File "/usr/local/lib/python3.13/site-packages/prometheus_fastapi_instrumentator/middleware.py", line 177, in __call__
2026-09-09T19:47:47.055215609Z     raise exc
2026-09-09T19:47:47.055222031Z   File "/usr/local/lib/python3.13/site-packages/prometheus_fastapi_instrumentator/middleware.py", line 175, in __call__
2026-09-09T19:47:47.055228344Z     await self.app(scope, receive, send_wrapper)
2026-09-09T19:47:47.055234706Z   File "/usr/local/lib/python3.13/site-packages/starlette/middleware/exceptions.py", line 63, in __call__
2026-09-09T19:47:47.055241951Z     await wrap_app_handling_exceptions(self.app, conn)(scope, receive, send)
2026-09-09T19:47:47.055248303Z   File "/usr/local/lib/python3.13/site-packages/starlette/_exception_handler.py", line 53, in wrapped_app
2026-09-09T19:47:47.055254666Z     raise exc
2026-09-09T19:47:47.055260978Z   File "/usr/local/lib/python3.13/site-packages/starlette/_exception_handler.py", line 42, in wrapped_app
2026-09-09T19:47:47.055300477Z     await app(scope, receive, sender)
2026-09-09T19:47:47.055307300Z   File "/usr/local/lib/python3.13/site-packages/fastapi/middleware/asyncexitstack.py", line 18, in __call__
2026-09-09T19:47:47.055313803Z     await self.app(scope, receive, send)
2026-09-09T19:47:47.055320236Z   File "/usr/local/lib/python3.13/site-packages/starlette/routing.py", line 716, in __call__
2026-09-09T19:47:47.055326588Z     await self.middleware_stack(scope, receive, send)
2026-09-09T19:47:47.055332971Z   File "/usr/local/lib/python3.13/site-packages/starlette/routing.py", line 736, in app
2026-09-09T19:47:47.055339344Z     await route.handle(scope, receive, send)
2026-09-09T19:47:47.055345746Z   File "/usr/local/lib/python3.13/site-packages/starlette/routing.py", line 290, in handle
2026-09-09T19:47:47.055352059Z     await self.app(scope, receive, send)
2026-09-09T19:47:47.055358462Z   File "/usr/local/lib/python3.13/site-packages/fastapi/routing.py", line 134, in app
2026-09-09T19:47:47.055364994Z     await wrap_app_handling_exceptions(app, request)(scope, receive, send)
2026-09-09T19:47:47.055371347Z   File "/usr/local/lib/python3.13/site-packages/starlette/_exception_handler.py", line 53, in wrapped_app
2026-09-09T19:47:47.055376658Z     raise exc
2026-09-09T19:47:47.055379824Z   File "/usr/local/lib/python3.13/site-packages/starlette/_exception_handler.py", line 42, in wrapped_app
2026-09-09T19:47:47.055383000Z     await app(scope, receive, sender)
2026-09-09T19:47:47.055385986Z   File "/usr/local/lib/python3.13/site-packages/fastapi/routing.py", line 120, in app
2026-09-09T19:47:47.055389233Z     response = await f(request)
2026-09-09T19:47:47.055391657Z                ^^^^^^^^^^^^^^^^
2026-09-09T19:47:47.055393581Z   File "/usr/local/lib/python3.13/site-packages/fastapi/routing.py", line 674, in app
2026-09-09T19:47:47.055395495Z     raw_response = await run_endpoint_function(
2026-09-09T19:47:47.055397419Z                    ^^^^^^^^^^^^^^^^^^^^^^^^^^^^
2026-09-09T19:47:47.055399944Z     ...<3 lines>...
2026-09-09T19:47:47.055401918Z     )
2026-09-09T19:47:47.055403872Z     ^
2026-09-09T19:47:47.055405795Z   File "/usr/local/lib/python3.13/site-packages/fastapi/routing.py", line 330, in run_endpoint_function
2026-09-09T19:47:47.055407749Z     return await run_in_threadpool(dependant.call, **values)
2026-09-09T19:47:47.055409653Z            ^^^^^^^^^^^^^^^^^^^^^^^^^^^^^^^^^^^^^^^^^^^^^^^^^
2026-09-09T19:47:47.055441656Z   File "/usr/local/lib/python3.13/site-packages/starlette/concurrency.py", line 32, in run_in_threadpool
2026-09-09T19:47:47.055446696Z     return await anyio.to_thread.run_sync(func)
2026-09-09T19:47:47.055448690Z            ^^^^^^^^^^^^^^^^^^^^^^^^^^^^^^^^^^^^
2026-09-09T19:47:47.055450604Z   File "/usr/local/lib/python3.13/site-packages/anyio/to_thread.py", line 63, in run_sync
2026-09-09T19:47:47.055452538Z     return await get_async_backend().run_sync_in_worker_thread(
2026-09-09T19:47:47.055454542Z            ^^^^^^^^^^^^^^^^^^^^^^^^^^^^^^^^^^^^^^^^^^^^^^^^^^^^
2026-09-09T19:47:47.055456486Z         func, args, abandon_on_cancel=abandon_on_cancel, limiter=limiter
2026-09-09T19:47:47.055458410Z         ^^^^^^^^^^^^^^^^^^^^^^^^^^^^^^^^^^^^^^^^^^^^^^^^^^^^^^^^^^^^^^^^
2026-09-09T19:47:47.055460333Z     )
2026-09-09T19:47:47.055462277Z     ^
2026-09-09T19:47:47.055464181Z   File "/usr/local/lib/python3.13/site-packages/anyio/_backends/_asyncio.py", line 2518, in run_sync_in_worker_thread
2026-09-09T19:47:47.055466105Z     return await future
2026-09-09T19:47:47.055468049Z            ^^^^^^^^^^^^
2026-09-09T19:47:47.055470073Z   File "/usr/local/lib/python3.13/site-packages/anyio/_backends/_asyncio.py", line 1002, in run
2026-09-09T19:47:47.055480423Z     result = context.run(func, *args)
2026-09-09T19:47:47.055482437Z   File "/app/app/routers/orders.py", line 36, in checkout
2026-09-09T19:47:47.055484431Z     return create_order(
2026-09-09T19:47:47.055486415Z         db=db,
2026-09-09T19:47:47.055488379Z     ...<2 lines>...
2026-09-09T19:47:47.055490343Z         correlation_id=correlation_id,
2026-09-09T19:47:47.055492297Z     )
2026-09-09T19:47:47.055494291Z   File "/app/app/services/order_service.py", line 42, in create_order
2026-09-09T19:47:47.055496255Z     result = db.execute(
2026-09-09T19:47:47.055498178Z         select(ProductModel).where(ProductModel.id == product_id)
2026-09-09T19:47:47.055500092Z     )
2026-09-09T19:47:47.055502036Z   File "/usr/local/lib/python3.13/site-packages/sqlalchemy/orm/session.py", line 2372, in execute
2026-09-09T19:47:47.055503980Z     return self._execute_internal(
2026-09-09T19:47:47.055505914Z            ~~~~~~~~~~~~~~~~~~~~~~^
2026-09-09T19:47:47.055507837Z         statement,
2026-09-09T19:47:47.055509781Z         ^^^^^^^^^^
2026-09-09T19:47:47.055511705Z     ...<4 lines>...
2026-09-09T19:47:47.055513629Z         _add_event=_add_event,
2026-09-09T19:47:47.055515533Z         ^^^^^^^^^^^^^^^^^^^^^^
2026-09-09T19:47:47.055517426Z     )
2026-09-09T19:47:47.055519310Z     ^
2026-09-09T19:47:47.055521274Z   File "/usr/local/lib/python3.13/site-packages/sqlalchemy/orm/session.py", line 2260, in _execute_internal
2026-09-09T19:47:47.055523218Z     conn = self._connection_for_bind(bind)
2026-09-09T19:47:47.055525172Z   File "/usr/local/lib/python3.13/site-packages/sqlalchemy/orm/session.py", line 2112, in _connection_for_bind
2026-09-09T19:47:47.055527126Z     return trans._connection_for_bind(engine, execution_options)
2026-09-09T19:47:47.055529050Z            ~~~~~~~~~~~~~~~~~~~~~~~~~~^^^^^^^^^^^^^^^^^^^^^^^^^^^
2026-09-09T19:47:47.055530973Z   File "<string>", line 2, in _connection_for_bind
2026-09-09T19:47:47.055532917Z   File "/usr/local/lib/python3.13/site-packages/sqlalchemy/orm/state_changes.py", line 137, in _go
2026-09-09T19:47:47.055534821Z     ret_value = fn(self, *arg, **kw)
2026-09-09T19:47:47.055536735Z   File "/usr/local/lib/python3.13/site-packages/sqlalchemy/orm/session.py", line 1191, in _connection_for_bind
2026-09-09T19:47:47.055538649Z     conn = bind.connect()
2026-09-09T19:47:47.055541554Z   File "/usr/local/lib/python3.13/site-packages/opentelemetry/instrumentation/sqlalchemy/engine.py", line 200, in _wrap_connect_internal
2026-09-09T19:47:47.055543478Z     return func(*args, **kwargs)
2026-09-09T19:47:47.055545412Z   File "/usr/local/lib/python3.13/site-packages/sqlalchemy/engine/base.py", line 3295, in connect
2026-09-09T19:47:47.055547336Z     return self._connection_cls(self)
2026-09-09T19:47:47.055549239Z            ~~~~~~~~~~~~~~~~~~~~^^^^^^
2026-09-09T19:47:47.055551274Z   File "/usr/local/lib/python3.13/site-packages/sqlalchemy/engine/base.py", line 144, in __init__
2026-09-09T19:47:47.055553197Z     self._dbapi_connection = engine.raw_connection()
2026-09-09T19:47:47.055555131Z                              ~~~~~~~~~~~~~~~~~~~~~^^
2026-09-09T19:47:47.055557075Z   File "/usr/local/lib/python3.13/site-packages/sqlalchemy/engine/base.py", line 3319, in raw_connection
2026-09-09T19:47:47.055559019Z     return self.pool.connect()
2026-09-09T19:47:47.055560923Z            ~~~~~~~~~~~~~~~~~^^
2026-09-09T19:47:47.055562866Z   File "/usr/local/lib/python3.13/site-packages/sqlalchemy/pool/base.py", line 448, in connect
2026-09-09T19:47:47.055564780Z     return _ConnectionFairy._checkout(self)
2026-09-09T19:47:47.055566704Z            ~~~~~~~~~~~~~~~~~~~~~~~~~~^^^^^^
2026-09-09T19:47:47.055573688Z   File "/usr/local/lib/python3.13/site-packages/sqlalchemy/pool/base.py", line 1272, in _checkout
2026-09-09T19:47:47.055575682Z     fairy = _ConnectionRecord.checkout(pool)
2026-09-09T19:47:47.055577626Z   File "/usr/local/lib/python3.13/site-packages/sqlalchemy/pool/base.py", line 712, in checkout
2026-09-09T19:47:47.055579560Z     rec = pool._do_get()
2026-09-09T19:47:47.055581483Z   File "/usr/local/lib/python3.13/site-packages/sqlalchemy/pool/impl.py", line 167, in _do_get
2026-09-09T19:47:47.055583407Z     raise exc.TimeoutError(
2026-09-09T19:47:47.055585321Z     ...<4 lines>...
2026-09-09T19:47:47.055587295Z     )
2026-09-09T19:47:47.055591383Z sqlalchemy.exc.TimeoutError: QueuePool limit of size 5 overflow 10 reached, connection timed out, timeout 30.00 (Background on this error at: https://sqlalche.me/e/20/3o7r)
2026-09-09T19:47:47.164314498Z ERROR:    Exception in ASGI application
2026-09-09T19:47:47.164363586Z Traceback (most recent call last):
2026-09-09T19:47:47.164366702Z   File "/usr/local/lib/python3.13/site-packages/uvicorn/protocols/http/httptools_impl.py", line 421, in run_asgi
2026-09-09T19:47:47.164370249Z     result = await app(  # type: ignore[func-returns-value]
2026-09-09T19:47:47.164372734Z              ^^^^^^^^^^^^^^^^^^^^^^^^^^^^^^^^^^^^^^^^^^^^^^
2026-09-09T19:47:47.164375299Z         self.scope, self.receive, self.send
2026-09-09T19:47:47.164377834Z         ^^^^^^^^^^^^^^^^^^^^^^^^^^^^^^^^^^^
2026-09-09T19:47:47.164380489Z     )
2026-09-09T19:47:47.164382994Z     ^
2026-09-09T19:47:47.164385479Z   File "/usr/local/lib/python3.13/site-packages/uvicorn/middleware/proxy_headers.py", line 63, in __call__
2026-09-09T19:47:47.164387944Z     return await self.app(scope, receive, send)
2026-09-09T19:47:47.164390419Z            ^^^^^^^^^^^^^^^^^^^^^^^^^^^^^^^^^^^^
2026-09-09T19:47:47.164393575Z   File "/usr/local/lib/python3.13/site-packages/fastapi/applications.py", line 1159, in __call__
2026-09-09T19:47:47.164396160Z     await super().__call__(scope, receive, send)
2026-09-09T19:47:47.164398805Z   File "/usr/local/lib/python3.13/site-packages/starlette/applications.py", line 107, in __call__
2026-09-09T19:47:47.164401410Z     await self.middleware_stack(scope, receive, send)
2026-09-09T19:47:47.164404096Z   File "/usr/local/lib/python3.13/site-packages/starlette/middleware/errors.py", line 186, in __call__
2026-09-09T19:47:47.164406470Z     raise exc
2026-09-09T19:47:47.164409056Z   File "/usr/local/lib/python3.13/site-packages/starlette/middleware/errors.py", line 164, in __call__
2026-09-09T19:47:47.164411861Z     await self.app(scope, receive, _send)
2026-09-09T19:47:47.164415198Z   File "/usr/local/lib/python3.13/site-packages/opentelemetry/instrumentation/asgi/__init__.py", line 806, in __call__
2026-09-09T19:47:47.164418294Z     await self.app(scope, otel_receive, otel_send)
2026-09-09T19:47:47.164420939Z   File "/usr/local/lib/python3.13/site-packages/starlette/middleware/errors.py", line 186, in __call__
2026-09-09T19:47:47.164423394Z     raise exc
2026-09-09T19:47:47.164426200Z   File "/usr/local/lib/python3.13/site-packages/starlette/middleware/errors.py", line 164, in __call__
2026-09-09T19:47:47.164428825Z     await self.app(scope, receive, _send)
2026-09-09T19:47:47.164431550Z   File "/usr/local/lib/python3.13/site-packages/opentelemetry/instrumentation/fastapi/__init__.py", line 305, in __call__
2026-09-09T19:47:47.164434266Z     await self.app(scope, receive, send)
2026-09-09T19:47:47.164437031Z   File "/usr/local/lib/python3.13/site-packages/prometheus_fastapi_instrumentator/middleware.py", line 177, in __call__
2026-09-09T19:47:47.164439436Z     raise exc
2026-09-09T19:47:47.164441831Z   File "/usr/local/lib/python3.13/site-packages/prometheus_fastapi_instrumentator/middleware.py", line 175, in __call__
2026-09-09T19:47:47.164467632Z     await self.app(scope, receive, send_wrapper)
2026-09-09T19:47:47.164470217Z   File "/usr/local/lib/python3.13/site-packages/starlette/middleware/exceptions.py", line 63, in __call__
2026-09-09T19:47:47.164473082Z     await wrap_app_handling_exceptions(self.app, conn)(scope, receive, send)
2026-09-09T19:47:47.164475617Z   File "/usr/local/lib/python3.13/site-packages/starlette/_exception_handler.py", line 53, in wrapped_app
2026-09-09T19:47:47.164478052Z     raise exc
2026-09-09T19:47:47.164480597Z   File "/usr/local/lib/python3.13/site-packages/starlette/_exception_handler.py", line 42, in wrapped_app
2026-09-09T19:47:47.164482982Z     await app(scope, receive, sender)
2026-09-09T19:47:47.164485226Z   File "/usr/local/lib/python3.13/site-packages/fastapi/middleware/asyncexitstack.py", line 18, in __call__
2026-09-09T19:47:47.164487541Z     await self.app(scope, receive, send)
2026-09-09T19:47:47.164490046Z   File "/usr/local/lib/python3.13/site-packages/starlette/routing.py", line 716, in __call__
2026-09-09T19:47:47.164492651Z     await self.middleware_stack(scope, receive, send)
2026-09-09T19:47:47.164495116Z   File "/usr/local/lib/python3.13/site-packages/starlette/routing.py", line 736, in app
2026-09-09T19:47:47.164497551Z     await route.handle(scope, receive, send)
2026-09-09T19:47:47.164499986Z   File "/usr/local/lib/python3.13/site-packages/starlette/routing.py", line 290, in handle
2026-09-09T19:47:47.164502791Z     await self.app(scope, receive, send)
2026-09-09T19:47:47.164505186Z   File "/usr/local/lib/python3.13/site-packages/fastapi/routing.py", line 134, in app
2026-09-09T19:47:47.164507531Z     await wrap_app_handling_exceptions(app, request)(scope, receive, send)
2026-09-09T19:47:47.164559614Z   File "/usr/local/lib/python3.13/site-packages/starlette/_exception_handler.py", line 53, in wrapped_app
2026-09-09T19:47:47.164562129Z     raise exc
2026-09-09T19:47:47.164564494Z   File "/usr/local/lib/python3.13/site-packages/starlette/_exception_handler.py", line 42, in wrapped_app
2026-09-09T19:47:47.164566708Z     await app(scope, receive, sender)
2026-09-09T19:47:47.164569133Z   File "/usr/local/lib/python3.13/site-packages/fastapi/routing.py", line 120, in app
2026-09-09T19:47:47.164571838Z     response = await f(request)
2026-09-09T19:47:47.164574103Z                ^^^^^^^^^^^^^^^^
2026-09-09T19:47:47.164576337Z   File "/usr/local/lib/python3.13/site-packages/fastapi/routing.py", line 674, in app
2026-09-09T19:47:47.164578752Z     raw_response = await run_endpoint_function(
2026-09-09T19:47:47.164581006Z                    ^^^^^^^^^^^^^^^^^^^^^^^^^^^^
2026-09-09T19:47:47.164583792Z     ...<3 lines>...
2026-09-09T19:47:47.164585966Z     )
2026-09-09T19:47:47.164588190Z     ^
2026-09-09T19:47:47.164590485Z   File "/usr/local/lib/python3.13/site-packages/fastapi/routing.py", line 330, in run_endpoint_function
2026-09-09T19:47:47.164592800Z     return await run_in_threadpool(dependant.call, **values)
2026-09-09T19:47:47.164595034Z            ^^^^^^^^^^^^^^^^^^^^^^^^^^^^^^^^^^^^^^^^^^^^^^^^^
2026-09-09T19:47:47.164655113Z   File "/usr/local/lib/python3.13/site-packages/starlette/concurrency.py", line 32, in run_in_threadpool
2026-09-09T19:47:47.164661977Z     return await anyio.to_thread.run_sync(func)
2026-09-09T19:47:47.164664271Z            ^^^^^^^^^^^^^^^^^^^^^^^^^^^^^^^^^^^^
2026-09-09T19:47:47.164666947Z   File "/usr/local/lib/python3.13/site-packages/anyio/to_thread.py", line 63, in run_sync
2026-09-09T19:47:47.164669271Z     return await get_async_backend().run_sync_in_worker_thread(
2026-09-09T19:47:47.164671536Z            ^^^^^^^^^^^^^^^^^^^^^^^^^^^^^^^^^^^^^^^^^^^^^^^^^^^^
2026-09-09T19:47:47.164689982Z         func, args, abandon_on_cancel=abandon_on_cancel, limiter=limiter
2026-09-09T19:47:47.164692998Z         ^^^^^^^^^^^^^^^^^^^^^^^^^^^^^^^^^^^^^^^^^^^^^^^^^^^^^^^^^^^^^^^^
2026-09-09T19:47:47.164695373Z     )
2026-09-09T19:47:47.164697938Z     ^
2026-09-09T19:47:47.164700563Z   File "/usr/local/lib/python3.13/site-packages/anyio/_backends/_asyncio.py", line 2518, in run_sync_in_worker_thread
2026-09-09T19:47:47.164703218Z     return await future
2026-09-09T19:47:47.164705483Z            ^^^^^^^^^^^^
2026-09-09T19:47:47.164707988Z   File "/usr/local/lib/python3.13/site-packages/anyio/_backends/_asyncio.py", line 1002, in run
2026-09-09T19:47:47.164710302Z     result = context.run(func, *args)
2026-09-09T19:47:47.164712647Z   File "/app/app/routers/orders.py", line 36, in checkout
2026-09-09T19:47:47.164714791Z     return create_order(
2026-09-09T19:47:47.164716936Z         db=db,
2026-09-09T19:47:47.164719140Z     ...<2 lines>...
2026-09-09T19:47:47.164721314Z         correlation_id=correlation_id,
2026-09-09T19:47:47.164723499Z     )
2026-09-09T19:47:47.164725693Z   File "/app/app/services/order_service.py", line 42, in create_order
2026-09-09T19:47:47.164727877Z     result = db.execute(
2026-09-09T19:47:47.164730142Z         select(ProductModel).where(ProductModel.id == product_id)
2026-09-09T19:47:47.164732336Z     )
2026-09-09T19:47:47.164734530Z   File "/usr/local/lib/python3.13/site-packages/sqlalchemy/orm/session.py", line 2372, in execute
2026-09-09T19:47:47.164736785Z     return self._execute_internal(
2026-09-09T19:47:47.164738919Z            ~~~~~~~~~~~~~~~~~~~~~~^
2026-09-09T19:47:47.164741063Z         statement,
2026-09-09T19:47:47.164746895Z         ^^^^^^^^^^
2026-09-09T19:47:47.164749109Z     ...<4 lines>...
2026-09-09T19:47:47.164751574Z         _add_event=_add_event,
2026-09-09T19:47:47.164753939Z         ^^^^^^^^^^^^^^^^^^^^^^
2026-09-09T19:47:47.164756223Z     )
2026-09-09T19:47:47.164758568Z     ^
2026-09-09T19:47:47.164760833Z   File "/usr/local/lib/python3.13/site-packages/sqlalchemy/orm/session.py", line 2260, in _execute_internal
2026-09-09T19:47:47.164763037Z     conn = self._connection_for_bind(bind)
2026-09-09T19:47:47.164765492Z   File "/usr/local/lib/python3.13/site-packages/sqlalchemy/orm/session.py", line 2112, in _connection_for_bind
2026-09-09T19:47:47.164771213Z     return trans._connection_for_bind(engine, execution_options)
2026-09-09T19:47:47.164774690Z            ~~~~~~~~~~~~~~~~~~~~~~~~~~^^^^^^^^^^^^^^^^^^^^^^^^^^^
2026-09-09T19:47:47.164776995Z   File "<string>", line 2, in _connection_for_bind
2026-09-09T19:47:47.164779469Z   File "/usr/local/lib/python3.13/site-packages/sqlalchemy/orm/state_changes.py", line 137, in _go
2026-09-09T19:47:47.164782175Z     ret_value = fn(self, *arg, **kw)
2026-09-09T19:47:47.164784830Z   File "/usr/local/lib/python3.13/site-packages/sqlalchemy/orm/session.py", line 1191, in _connection_for_bind
2026-09-09T19:47:47.164787315Z     conn = bind.connect()
2026-09-09T19:47:47.164790311Z   File "/usr/local/lib/python3.13/site-packages/opentelemetry/instrumentation/sqlalchemy/engine.py", line 200, in _wrap_connect_internal
2026-09-09T19:47:47.164792585Z     return func(*args, **kwargs)
2026-09-09T19:47:47.164794930Z   File "/usr/local/lib/python3.13/site-packages/sqlalchemy/engine/base.py", line 3295, in connect
2026-09-09T19:47:47.164797114Z     return self._connection_cls(self)
2026-09-09T19:47:47.164799770Z            ~~~~~~~~~~~~~~~~~~~~^^^^^^
2026-09-09T19:47:47.164802365Z   File "/usr/local/lib/python3.13/site-packages/sqlalchemy/engine/base.py", line 144, in __init__
2026-09-09T19:47:47.164814910Z     self._dbapi_connection = engine.raw_connection()
2026-09-09T19:47:47.164817545Z                              ~~~~~~~~~~~~~~~~~~~~~^^
2026-09-09T19:47:47.164820170Z   File "/usr/local/lib/python3.13/site-packages/sqlalchemy/engine/base.py", line 3319, in raw_connection
2026-09-09T19:47:47.164822465Z     return self.pool.connect()
2026-09-09T19:47:47.164824639Z            ~~~~~~~~~~~~~~~~~^^
2026-09-09T19:47:47.164826873Z   File "/usr/local/lib/python3.13/site-packages/sqlalchemy/pool/base.py", line 448, in connect
2026-09-09T19:47:47.164829198Z     return _ConnectionFairy._checkout(self)
2026-09-09T19:47:47.164831342Z            ~~~~~~~~~~~~~~~~~~~~~~~~~~^^^^^^
2026-09-09T19:47:47.164833627Z   File "/usr/local/lib/python3.13/site-packages/sqlalchemy/pool/base.py", line 1272, in _checkout
2026-09-09T19:47:47.164835911Z     fairy = _ConnectionRecord.checkout(pool)
2026-09-09T19:47:47.164838196Z   File "/usr/local/lib/python3.13/site-packages/sqlalchemy/pool/base.py", line 712, in checkout
2026-09-09T19:47:47.164840320Z     rec = pool._do_get()
2026-09-09T19:47:47.164842594Z   File "/usr/local/lib/python3.13/site-packages/sqlalchemy/pool/impl.py", line 167, in _do_get
2026-09-09T19:47:47.164844819Z     raise exc.TimeoutError(
2026-09-09T19:47:47.164847354Z     ...<4 lines>...
2026-09-09T19:47:47.164849538Z     )
2026-09-09T19:47:47.164852394Z sqlalchemy.exc.TimeoutError: QueuePool limit of size 5 overflow 10 reached, connection timed out, timeout 30.00 (Background on this error at: https://sqlalche.me/e/20/3o7r)
2026-09-09T19:47:47.172401274Z ERROR:    Exception in ASGI application
2026-09-09T19:47:47.172452966Z Traceback (most recent call last):
2026-09-09T19:47:47.172456854Z   File "/usr/local/lib/python3.13/site-packages/uvicorn/protocols/http/httptools_impl.py", line 421, in run_asgi
2026-09-09T19:47:47.172459630Z     result = await app(  # type: ignore[func-returns-value]
2026-09-09T19:47:47.172461623Z              ^^^^^^^^^^^^^^^^^^^^^^^^^^^^^^^^^^^^^^^^^^^^^^
2026-09-09T19:47:47.172463647Z         self.scope, self.receive, self.send
2026-09-09T19:47:47.172465571Z         ^^^^^^^^^^^^^^^^^^^^^^^^^^^^^^^^^^^
2026-09-09T19:47:47.172467635Z     )
2026-09-09T19:47:47.172469639Z     ^
2026-09-09T19:47:47.172471623Z   File "/usr/local/lib/python3.13/site-packages/uvicorn/middleware/proxy_headers.py", line 63, in __call__
2026-09-09T19:47:47.172473587Z     return await self.app(scope, receive, send)
2026-09-09T19:47:47.172475521Z            ^^^^^^^^^^^^^^^^^^^^^^^^^^^^^^^^^^^^
2026-09-09T19:47:47.172478457Z   File "/usr/local/lib/python3.13/site-packages/fastapi/applications.py", line 1159, in __call__
2026-09-09T19:47:47.172480421Z     await super().__call__(scope, receive, send)
2026-09-09T19:47:47.172482385Z   File "/usr/local/lib/python3.13/site-packages/starlette/applications.py", line 107, in __call__
2026-09-09T19:47:47.172484389Z     await self.middleware_stack(scope, receive, send)
2026-09-09T19:47:47.172486342Z   File "/usr/local/lib/python3.13/site-packages/starlette/middleware/errors.py", line 186, in __call__
2026-09-09T19:47:47.172488306Z     raise exc
2026-09-09T19:47:47.172490270Z   File "/usr/local/lib/python3.13/site-packages/starlette/middleware/errors.py", line 164, in __call__
2026-09-09T19:47:47.172492625Z     await self.app(scope, receive, _send)
2026-09-09T19:47:47.172495170Z   File "/usr/local/lib/python3.13/site-packages/opentelemetry/instrumentation/asgi/__init__.py", line 806, in __call__
2026-09-09T19:47:47.172497144Z     await self.app(scope, otel_receive, otel_send)
2026-09-09T19:47:47.172499068Z   File "/usr/local/lib/python3.13/site-packages/starlette/middleware/errors.py", line 186, in __call__
2026-09-09T19:47:47.172559307Z     raise exc
2026-09-09T19:47:47.172564277Z   File "/usr/local/lib/python3.13/site-packages/starlette/middleware/errors.py", line 164, in __call__
2026-09-09T19:47:47.172566261Z     await self.app(scope, receive, _send)
2026-09-09T19:47:47.172568245Z   File "/usr/local/lib/python3.13/site-packages/opentelemetry/instrumentation/fastapi/__init__.py", line 305, in __call__
2026-09-09T19:47:47.172570219Z     await self.app(scope, receive, send)
2026-09-09T19:47:47.172572243Z   File "/usr/local/lib/python3.13/site-packages/prometheus_fastapi_instrumentator/middleware.py", line 177, in __call__
2026-09-09T19:47:47.172574176Z     raise exc
2026-09-09T19:47:47.172576471Z   File "/usr/local/lib/python3.13/site-packages/prometheus_fastapi_instrumentator/middleware.py", line 175, in __call__
2026-09-09T19:47:47.172578475Z     await self.app(scope, receive, send_wrapper)
2026-09-09T19:47:47.172580459Z   File "/usr/local/lib/python3.13/site-packages/starlette/middleware/exceptions.py", line 63, in __call__
2026-09-09T19:47:47.172583084Z     await wrap_app_handling_exceptions(self.app, conn)(scope, receive, send)
2026-09-09T19:47:47.172585589Z   File "/usr/local/lib/python3.13/site-packages/starlette/_exception_handler.py", line 53, in wrapped_app
2026-09-09T19:47:47.172588044Z     raise exc
2026-09-09T19:47:47.172593815Z   File "/usr/local/lib/python3.13/site-packages/starlette/_exception_handler.py", line 42, in wrapped_app
2026-09-09T19:47:47.172595829Z     await app(scope, receive, sender)
2026-09-09T19:47:47.172598344Z   File "/usr/local/lib/python3.13/site-packages/fastapi/middleware/asyncexitstack.py", line 18, in __call__
2026-09-09T19:47:47.172600799Z     await self.app(scope, receive, send)
2026-09-09T19:47:47.172603314Z   File "/usr/local/lib/python3.13/site-packages/starlette/routing.py", line 716, in __call__
2026-09-09T19:47:47.172605458Z     await self.middleware_stack(scope, receive, send)
2026-09-09T19:47:47.172607432Z   File "/usr/local/lib/python3.13/site-packages/starlette/routing.py", line 736, in app
2026-09-09T19:47:47.172609396Z     await route.handle(scope, receive, send)
2026-09-09T19:47:47.172611591Z   File "/usr/local/lib/python3.13/site-packages/starlette/routing.py", line 290, in handle
2026-09-09T19:47:47.172613554Z     await self.app(scope, receive, send)
2026-09-09T19:47:47.172615548Z   File "/usr/local/lib/python3.13/site-packages/fastapi/routing.py", line 134, in app
2026-09-09T19:47:47.172617542Z     await wrap_app_handling_exceptions(app, request)(scope, receive, send)
2026-09-09T19:47:47.172619566Z   File "/usr/local/lib/python3.13/site-packages/starlette/_exception_handler.py", line 53, in wrapped_app
2026-09-09T19:47:47.172621500Z     raise exc
2026-09-09T19:47:47.172623534Z   File "/usr/local/lib/python3.13/site-packages/starlette/_exception_handler.py", line 42, in wrapped_app
2026-09-09T19:47:47.172625498Z     await app(scope, receive, sender)
2026-09-09T19:47:47.172627472Z   File "/usr/local/lib/python3.13/site-packages/fastapi/routing.py", line 120, in app
2026-09-09T19:47:47.172629957Z     response = await f(request)
2026-09-09T19:47:47.172631911Z                ^^^^^^^^^^^^^^^^
2026-09-09T19:47:47.172633875Z   File "/usr/local/lib/python3.13/site-packages/fastapi/routing.py", line 674, in app
2026-09-09T19:47:47.172635859Z     raw_response = await run_endpoint_function(
2026-09-09T19:47:47.172637863Z                    ^^^^^^^^^^^^^^^^^^^^^^^^^^^^
2026-09-09T19:47:47.172640818Z     ...<3 lines>...
2026-09-09T19:47:47.172642772Z     )
2026-09-09T19:47:47.172644736Z     ^
2026-09-09T19:47:47.172646810Z   File "/usr/local/lib/python3.13/site-packages/fastapi/routing.py", line 330, in run_endpoint_function
2026-09-09T19:47:47.172653985Z     return await run_in_threadpool(dependant.call, **values)
2026-09-09T19:47:47.172655999Z            ^^^^^^^^^^^^^^^^^^^^^^^^^^^^^^^^^^^^^^^^^^^^^^^^^
2026-09-09T19:47:47.172674676Z   File "/usr/local/lib/python3.13/site-packages/starlette/concurrency.py", line 32, in run_in_threadpool
2026-09-09T19:47:47.172732470Z     return await anyio.to_thread.run_sync(func)
2026-09-09T19:47:47.172735526Z            ^^^^^^^^^^^^^^^^^^^^^^^^^^^^^^^^^^^^
2026-09-09T19:47:47.172737690Z   File "/usr/local/lib/python3.13/site-packages/anyio/to_thread.py", line 63, in run_sync
2026-09-09T19:47:47.172739855Z     return await get_async_backend().run_sync_in_worker_thread(
2026-09-09T19:47:47.172741839Z            ^^^^^^^^^^^^^^^^^^^^^^^^^^^^^^^^^^^^^^^^^^^^^^^^^^^^
2026-09-09T19:47:47.172743893Z         func, args, abandon_on_cancel=abandon_on_cancel, limiter=limiter
2026-09-09T19:47:47.172745847Z         ^^^^^^^^^^^^^^^^^^^^^^^^^^^^^^^^^^^^^^^^^^^^^^^^^^^^^^^^^^^^^^^^
2026-09-09T19:47:47.172747810Z     )
2026-09-09T19:47:47.172749834Z     ^
2026-09-09T19:47:47.172752019Z   File "/usr/local/lib/python3.13/site-packages/anyio/_backends/_asyncio.py", line 2518, in run_sync_in_worker_thread
2026-09-09T19:47:47.172754033Z     return await future
2026-09-09T19:47:47.172756007Z            ^^^^^^^^^^^^
2026-09-09T19:47:47.172757951Z   File "/usr/local/lib/python3.13/site-packages/anyio/_backends/_asyncio.py", line 1002, in run
2026-09-09T19:47:47.172759924Z     result = context.run(func, *args)
2026-09-09T19:47:47.172761898Z   File "/app/app/routers/orders.py", line 36, in checkout
2026-09-09T19:47:47.172763862Z     return create_order(
2026-09-09T19:47:47.172765866Z         db=db,
2026-09-09T19:47:47.172767860Z     ...<2 lines>...
2026-09-09T19:47:47.172769854Z         correlation_id=correlation_id,
2026-09-09T19:47:47.172789303Z     )
2026-09-09T19:47:47.172794553Z   File "/app/app/services/order_service.py", line 42, in create_order
2026-09-09T19:47:47.172796607Z     result = db.execute(
2026-09-09T19:47:47.172798551Z         select(ProductModel).where(ProductModel.id == product_id)
2026-09-09T19:47:47.172800485Z     )
2026-09-09T19:47:47.172802559Z   File "/usr/local/lib/python3.13/site-packages/sqlalchemy/orm/session.py", line 2372, in execute
2026-09-09T19:47:47.172804493Z     return self._execute_internal(
2026-09-09T19:47:47.172806417Z            ~~~~~~~~~~~~~~~~~~~~~~^
2026-09-09T19:47:47.172808320Z         statement,
2026-09-09T19:47:47.172810274Z         ^^^^^^^^^^
2026-09-09T19:47:47.172812208Z     ...<4 lines>...
2026-09-09T19:47:47.172814262Z         _add_event=_add_event,
2026-09-09T19:47:47.172816176Z         ^^^^^^^^^^^^^^^^^^^^^^
2026-09-09T19:47:47.172818120Z     )
2026-09-09T19:47:47.172820054Z     ^
2026-09-09T19:47:47.172821987Z   File "/usr/local/lib/python3.13/site-packages/sqlalchemy/orm/session.py", line 2260, in _execute_internal
2026-09-09T19:47:47.172823901Z     conn = self._connection_for_bind(bind)
2026-09-09T19:47:47.172825835Z   File "/usr/local/lib/python3.13/site-packages/sqlalchemy/orm/session.py", line 2112, in _connection_for_bind
2026-09-09T19:47:47.172827819Z     return trans._connection_for_bind(engine, execution_options)
2026-09-09T19:47:47.172829743Z            ~~~~~~~~~~~~~~~~~~~~~~~~~~^^^^^^^^^^^^^^^^^^^^^^^^^^^
2026-09-09T19:47:47.172831677Z   File "<string>", line 2, in _connection_for_bind
2026-09-09T19:47:47.172833610Z   File "/usr/local/lib/python3.13/site-packages/sqlalchemy/orm/state_changes.py", line 137, in _go
2026-09-09T19:47:47.172835544Z     ret_value = fn(self, *arg, **kw)
2026-09-09T19:47:47.172837468Z   File "/usr/local/lib/python3.13/site-packages/sqlalchemy/orm/session.py", line 1191, in _connection_for_bind
2026-09-09T19:47:47.172848039Z     conn = bind.connect()
2026-09-09T19:47:47.172850885Z   File "/usr/local/lib/python3.13/site-packages/opentelemetry/instrumentation/sqlalchemy/engine.py", line 200, in _wrap_connect_internal
2026-09-09T19:47:47.172852808Z     return func(*args, **kwargs)
2026-09-09T19:47:47.172854732Z   File "/usr/local/lib/python3.13/site-packages/sqlalchemy/engine/base.py", line 3295, in connect
2026-09-09T19:47:47.172856646Z     return self._connection_cls(self)
2026-09-09T19:47:47.172858620Z            ~~~~~~~~~~~~~~~~~~~~^^^^^^
2026-09-09T19:47:47.172860544Z   File "/usr/local/lib/python3.13/site-packages/sqlalchemy/engine/base.py", line 144, in __init__
2026-09-09T19:47:47.172862468Z     self._dbapi_connection = engine.raw_connection()
2026-09-09T19:47:47.172864371Z                              ~~~~~~~~~~~~~~~~~~~~~^^
2026-09-09T19:47:47.172866265Z   File "/usr/local/lib/python3.13/site-packages/sqlalchemy/engine/base.py", line 3319, in raw_connection
2026-09-09T19:47:47.172868229Z     return self.pool.connect()
2026-09-09T19:47:47.172870143Z            ~~~~~~~~~~~~~~~~~^^
2026-09-09T19:47:47.172872177Z   File "/usr/local/lib/python3.13/site-packages/sqlalchemy/pool/base.py", line 448, in connect
2026-09-09T19:47:47.172874111Z     return _ConnectionFairy._checkout(self)
2026-09-09T19:47:47.172876004Z            ~~~~~~~~~~~~~~~~~~~~~~~~~~^^^^^^
2026-09-09T19:47:47.172877908Z   File "/usr/local/lib/python3.13/site-packages/sqlalchemy/pool/base.py", line 1272, in _checkout
2026-09-09T19:47:47.172879842Z     fairy = _ConnectionRecord.checkout(pool)
2026-09-09T19:47:47.172881756Z   File "/usr/local/lib/python3.13/site-packages/sqlalchemy/pool/base.py", line 712, in checkout
2026-09-09T19:47:47.172883650Z     rec = pool._do_get()
2026-09-09T19:47:47.172885553Z   File "/usr/local/lib/python3.13/site-packages/sqlalchemy/pool/impl.py", line 167, in _do_get
2026-09-09T19:47:47.172887457Z     raise exc.TimeoutError(
2026-09-09T19:47:47.172889401Z     ...<4 lines>...
2026-09-09T19:47:47.172893950Z     )
2026-09-09T19:47:47.172899932Z sqlalchemy.exc.TimeoutError: QueuePool limit of size 5 overflow 10 reached, connection timed out, timeout 30.00 (Background on this error at: https://sqlalche.me/e/20/3o7r)
2026-09-09T19:47:47.261932088Z ERROR:    Exception in ASGI application
2026-09-09T19:47:47.261969823Z Traceback (most recent call last):
2026-09-09T19:47:47.261972678Z   File "/usr/local/lib/python3.13/site-packages/uvicorn/protocols/http/httptools_impl.py", line 421, in run_asgi
2026-09-09T19:47:47.261975564Z     result = await app(  # type: ignore[func-returns-value]
2026-09-09T19:47:47.261977728Z              ^^^^^^^^^^^^^^^^^^^^^^^^^^^^^^^^^^^^^^^^^^^^^^
2026-09-09T19:47:47.261979672Z         self.scope, self.receive, self.send
2026-09-09T19:47:47.261981606Z         ^^^^^^^^^^^^^^^^^^^^^^^^^^^^^^^^^^^
2026-09-09T19:47:47.261983610Z     )
2026-09-09T19:47:47.261985584Z     ^
2026-09-09T19:47:47.261987538Z   File "/usr/local/lib/python3.13/site-packages/uvicorn/middleware/proxy_headers.py", line 63, in __call__
2026-09-09T19:47:47.261989562Z     return await self.app(scope, receive, send)
2026-09-09T19:47:47.261991486Z            ^^^^^^^^^^^^^^^^^^^^^^^^^^^^^^^^^^^^
2026-09-09T19:47:47.261993920Z   File "/usr/local/lib/python3.13/site-packages/fastapi/applications.py", line 1159, in __call__
2026-09-09T19:47:47.261995884Z     await super().__call__(scope, receive, send)
2026-09-09T19:47:47.261997828Z   File "/usr/local/lib/python3.13/site-packages/starlette/applications.py", line 107, in __call__
2026-09-09T19:47:47.261999762Z     await self.middleware_stack(scope, receive, send)
2026-09-09T19:47:47.262001696Z   File "/usr/local/lib/python3.13/site-packages/starlette/middleware/errors.py", line 186, in __call__
2026-09-09T19:47:47.262022928Z     raise exc
2026-09-09T19:47:47.262025052Z   File "/usr/local/lib/python3.13/site-packages/starlette/middleware/errors.py", line 164, in __call__
2026-09-09T19:47:47.262026996Z     await self.app(scope, receive, _send)
2026-09-09T19:47:47.262030202Z   File "/usr/local/lib/python3.13/site-packages/opentelemetry/instrumentation/asgi/__init__.py", line 806, in __call__
2026-09-09T19:47:47.262032988Z     await self.app(scope, otel_receive, otel_send)
2026-09-09T19:47:47.262034952Z   File "/usr/local/lib/python3.13/site-packages/starlette/middleware/errors.py", line 186, in __call__
2026-09-09T19:47:47.262036865Z     raise exc
2026-09-09T19:47:47.262038789Z   File "/usr/local/lib/python3.13/site-packages/starlette/middleware/errors.py", line 164, in __call__
2026-09-09T19:47:47.262040703Z     await self.app(scope, receive, _send)
2026-09-09T19:47:47.262042627Z   File "/usr/local/lib/python3.13/site-packages/opentelemetry/instrumentation/fastapi/__init__.py", line 305, in __call__
2026-09-09T19:47:47.262044561Z     await self.app(scope, receive, send)
2026-09-09T19:47:47.262046505Z   File "/usr/local/lib/python3.13/site-packages/prometheus_fastapi_instrumentator/middleware.py", line 177, in __call__
2026-09-09T19:47:47.262048418Z     raise exc
2026-09-09T19:47:47.262050342Z   File "/usr/local/lib/python3.13/site-packages/prometheus_fastapi_instrumentator/middleware.py", line 175, in __call__
2026-09-09T19:47:47.262052266Z     await self.app(scope, receive, send_wrapper)
2026-09-09T19:47:47.262054230Z   File "/usr/local/lib/python3.13/site-packages/starlette/middleware/exceptions.py", line 63, in __call__
2026-09-09T19:47:47.262056574Z     await wrap_app_handling_exceptions(self.app, conn)(scope, receive, send)
2026-09-09T19:47:47.262058498Z   File "/usr/local/lib/python3.13/site-packages/starlette/_exception_handler.py", line 53, in wrapped_app
2026-09-09T19:47:47.262060432Z     raise exc
2026-09-09T19:47:47.262062366Z   File "/usr/local/lib/python3.13/site-packages/starlette/_exception_handler.py", line 42, in wrapped_app
2026-09-09T19:47:47.262064290Z     await app(scope, receive, sender)
2026-09-09T19:47:47.262066214Z   File "/usr/local/lib/python3.13/site-packages/fastapi/middleware/asyncexitstack.py", line 18, in __call__
2026-09-09T19:47:47.262072426Z     await self.app(scope, receive, send)
2026-09-09T19:47:47.262074410Z   File "/usr/local/lib/python3.13/site-packages/starlette/routing.py", line 716, in __call__
2026-09-09T19:47:47.262076354Z     await self.middleware_stack(scope, receive, send)
2026-09-09T19:47:47.262078287Z   File "/usr/local/lib/python3.13/site-packages/starlette/routing.py", line 736, in app
2026-09-09T19:47:47.262080201Z     await route.handle(scope, receive, send)
2026-09-09T19:47:47.262082145Z   File "/usr/local/lib/python3.13/site-packages/starlette/routing.py", line 290, in handle
2026-09-09T19:47:47.262084099Z     await self.app(scope, receive, send)
2026-09-09T19:47:47.262086053Z   File "/usr/local/lib/python3.13/site-packages/fastapi/routing.py", line 134, in app
2026-09-09T19:47:47.262087977Z     await wrap_app_handling_exceptions(app, request)(scope, receive, send)
2026-09-09T19:47:47.262090071Z   File "/usr/local/lib/python3.13/site-packages/starlette/_exception_handler.py", line 53, in wrapped_app
2026-09-09T19:47:47.262092025Z     raise exc
2026-09-09T19:47:47.262093949Z   File "/usr/local/lib/python3.13/site-packages/starlette/_exception_handler.py", line 42, in wrapped_app
2026-09-09T19:47:47.262095892Z     await app(scope, receive, sender)
2026-09-09T19:47:47.262097886Z   File "/usr/local/lib/python3.13/site-packages/fastapi/routing.py", line 120, in app
2026-09-09T19:47:47.262106203Z     response = await f(request)
2026-09-09T19:47:47.262108217Z                ^^^^^^^^^^^^^^^^
2026-09-09T19:47:47.262110261Z   File "/usr/local/lib/python3.13/site-packages/fastapi/routing.py", line 674, in app
2026-09-09T19:47:47.262112215Z     raw_response = await run_endpoint_function(
2026-09-09T19:47:47.262114159Z                    ^^^^^^^^^^^^^^^^^^^^^^^^^^^^
2026-09-09T19:47:47.262116984Z     ...<3 lines>...
2026-09-09T19:47:47.262118938Z     )
2026-09-09T19:47:47.262120922Z     ^
2026-09-09T19:47:47.262122856Z   File "/usr/local/lib/python3.13/site-packages/fastapi/routing.py", line 330, in run_endpoint_function
2026-09-09T19:47:47.262124800Z     return await run_in_threadpool(dependant.call, **values)
2026-09-09T19:47:47.262126754Z            ^^^^^^^^^^^^^^^^^^^^^^^^^^^^^^^^^^^^^^^^^^^^^^^^^
2026-09-09T19:47:47.262162444Z   File "/usr/local/lib/python3.13/site-packages/starlette/concurrency.py", line 32, in run_in_threadpool
2026-09-09T19:47:47.262167194Z     return await anyio.to_thread.run_sync(func)
2026-09-09T19:47:47.262169198Z            ^^^^^^^^^^^^^^^^^^^^^^^^^^^^^^^^^^^^
2026-09-09T19:47:47.262171161Z   File "/usr/local/lib/python3.13/site-packages/anyio/to_thread.py", line 63, in run_sync
2026-09-09T19:47:47.262173105Z     return await get_async_backend().run_sync_in_worker_thread(
2026-09-09T19:47:47.262175019Z            ^^^^^^^^^^^^^^^^^^^^^^^^^^^^^^^^^^^^^^^^^^^^^^^^^^^^
2026-09-09T19:47:47.262176933Z         func, args, abandon_on_cancel=abandon_on_cancel, limiter=limiter
2026-09-09T19:47:47.262178837Z         ^^^^^^^^^^^^^^^^^^^^^^^^^^^^^^^^^^^^^^^^^^^^^^^^^^^^^^^^^^^^^^^^
2026-09-09T19:47:47.262183356Z     )
2026-09-09T19:47:47.262185360Z     ^
2026-09-09T19:47:47.262187354Z   File "/usr/local/lib/python3.13/site-packages/anyio/_backends/_asyncio.py", line 2518, in run_sync_in_worker_thread
2026-09-09T19:47:47.262189588Z     return await future
2026-09-09T19:47:47.262191512Z            ^^^^^^^^^^^^
2026-09-09T19:47:47.262193416Z   File "/usr/local/lib/python3.13/site-packages/anyio/_backends/_asyncio.py", line 1002, in run
2026-09-09T19:47:47.262195349Z     result = context.run(func, *args)
2026-09-09T19:47:47.262197283Z   File "/app/app/routers/orders.py", line 36, in checkout
2026-09-09T19:47:47.262199197Z     return create_order(
2026-09-09T19:47:47.262201221Z         db=db,
2026-09-09T19:47:47.262203195Z     ...<2 lines>...
2026-09-09T19:47:47.262205239Z         correlation_id=correlation_id,
2026-09-09T19:47:47.262207183Z     )
2026-09-09T19:47:47.262209167Z   File "/app/app/services/order_service.py", line 42, in create_order
2026-09-09T19:47:47.262211111Z     result = db.execute(
2026-09-09T19:47:47.262213034Z         select(ProductModel).where(ProductModel.id == product_id)
2026-09-09T19:47:47.262214958Z     )
2026-09-09T19:47:47.262216892Z   File "/usr/local/lib/python3.13/site-packages/sqlalchemy/orm/session.py", line 2372, in execute
2026-09-09T19:47:47.262218856Z     return self._execute_internal(
2026-09-09T19:47:47.262220800Z            ~~~~~~~~~~~~~~~~~~~~~~^
2026-09-09T19:47:47.262222734Z         statement,
2026-09-09T19:47:47.262224657Z         ^^^^^^^^^^
2026-09-09T19:47:47.262226581Z     ...<4 lines>...
2026-09-09T19:47:47.262228495Z         _add_event=_add_event,
2026-09-09T19:47:47.262230399Z         ^^^^^^^^^^^^^^^^^^^^^^
2026-09-09T19:47:47.262232273Z     )
2026-09-09T19:47:47.262234176Z     ^
2026-09-09T19:47:47.262236100Z   File "/usr/local/lib/python3.13/site-packages/sqlalchemy/orm/session.py", line 2260, in _execute_internal
2026-09-09T19:47:47.262238054Z     conn = self._connection_for_bind(bind)
2026-09-09T19:47:47.262247753Z   File "/usr/local/lib/python3.13/site-packages/sqlalchemy/orm/session.py", line 2112, in _connection_for_bind
2026-09-09T19:47:47.262249877Z     return trans._connection_for_bind(engine, execution_options)
2026-09-09T19:47:47.262251841Z            ~~~~~~~~~~~~~~~~~~~~~~~~~~^^^^^^^^^^^^^^^^^^^^^^^^^^^
2026-09-09T19:47:47.262253805Z   File "<string>", line 2, in _connection_for_bind
2026-09-09T19:47:47.262255769Z   File "/usr/local/lib/python3.13/site-packages/sqlalchemy/orm/state_changes.py", line 137, in _go
2026-09-09T19:47:47.262257733Z     ret_value = fn(self, *arg, **kw)
2026-09-09T19:47:47.262259687Z   File "/usr/local/lib/python3.13/site-packages/sqlalchemy/orm/session.py", line 1191, in _connection_for_bind
2026-09-09T19:47:47.262261651Z     conn = bind.connect()
2026-09-09T19:47:47.262264496Z   File "/usr/local/lib/python3.13/site-packages/opentelemetry/instrumentation/sqlalchemy/engine.py", line 200, in _wrap_connect_internal
2026-09-09T19:47:47.262266430Z     return func(*args, **kwargs)
2026-09-09T19:47:47.262268384Z   File "/usr/local/lib/python3.13/site-packages/sqlalchemy/engine/base.py", line 3295, in connect
2026-09-09T19:47:47.262270298Z     return self._connection_cls(self)
2026-09-09T19:47:47.262272222Z            ~~~~~~~~~~~~~~~~~~~~^^^^^^
2026-09-09T19:47:47.262274146Z   File "/usr/local/lib/python3.13/site-packages/sqlalchemy/engine/base.py", line 144, in __init__
2026-09-09T19:47:47.262276089Z     self._dbapi_connection = engine.raw_connection()
2026-09-09T19:47:47.262278013Z                              ~~~~~~~~~~~~~~~~~~~~~^^
2026-09-09T19:47:47.262279927Z   File "/usr/local/lib/python3.13/site-packages/sqlalchemy/engine/base.py", line 3319, in raw_connection
2026-09-09T19:47:47.262281861Z     return self.pool.connect()
2026-09-09T19:47:47.262283785Z            ~~~~~~~~~~~~~~~~~^^
2026-09-09T19:47:47.262285728Z   File "/usr/local/lib/python3.13/site-packages/sqlalchemy/pool/base.py", line 448, in connect
2026-09-09T19:47:47.262287652Z     return _ConnectionFairy._checkout(self)
2026-09-09T19:47:47.262289576Z            ~~~~~~~~~~~~~~~~~~~~~~~~~~^^^^^^
2026-09-09T19:47:47.262291520Z   File "/usr/local/lib/python3.13/site-packages/sqlalchemy/pool/base.py", line 1272, in _checkout
2026-09-09T19:47:47.262293454Z     fairy = _ConnectionRecord.checkout(pool)
2026-09-09T19:47:47.262295368Z   File "/usr/local/lib/python3.13/site-packages/sqlalchemy/pool/base.py", line 712, in checkout
2026-09-09T19:47:47.262297301Z     rec = pool._do_get()
2026-09-09T19:47:47.262299215Z   File "/usr/local/lib/python3.13/site-packages/sqlalchemy/pool/impl.py", line 167, in _do_get
2026-09-09T19:47:47.262301129Z     raise exc.TimeoutError(
2026-09-09T19:47:47.262303053Z     ...<4 lines>...
2026-09-09T19:47:47.262304957Z     )
2026-09-09T19:47:47.262307482Z sqlalchemy.exc.TimeoutError: QueuePool limit of size 5 overflow 10 reached, connection timed out, timeout 30.00 (Background on this error at: https://sqlalche.me/e/20/3o7r)
2026-09-09T19:47:47.682674167Z ERROR:    Exception in ASGI application
2026-09-09T19:47:47.682718054Z Traceback (most recent call last):
2026-09-09T19:47:47.682724106Z   File "/usr/local/lib/python3.13/site-packages/uvicorn/protocols/http/httptools_impl.py", line 421, in run_asgi
2026-09-09T19:47:47.682729396Z     result = await app(  # type: ignore[func-returns-value]
2026-09-09T19:47:47.682737392Z              ^^^^^^^^^^^^^^^^^^^^^^^^^^^^^^^^^^^^^^^^^^^^^^
2026-09-09T19:47:47.682741861Z         self.scope, self.receive, self.send
2026-09-09T19:47:47.682746540Z         ^^^^^^^^^^^^^^^^^^^^^^^^^^^^^^^^^^^
2026-09-09T19:47:47.682750999Z     )
2026-09-09T19:47:47.682755418Z     ^
2026-09-09T19:47:47.682759787Z   File "/usr/local/lib/python3.13/site-packages/uvicorn/middleware/proxy_headers.py", line 63, in __call__
2026-09-09T19:47:47.682792571Z     return await self.app(scope, receive, send)
2026-09-09T19:47:47.682797151Z            ^^^^^^^^^^^^^^^^^^^^^^^^^^^^^^^^^^^^
2026-09-09T19:47:47.682802120Z   File "/usr/local/lib/python3.13/site-packages/fastapi/applications.py", line 1159, in __call__
2026-09-09T19:47:47.682806459Z     await super().__call__(scope, receive, send)
2026-09-09T19:47:47.682810868Z   File "/usr/local/lib/python3.13/site-packages/starlette/applications.py", line 107, in __call__
2026-09-09T19:47:47.682815527Z     await self.middleware_stack(scope, receive, send)
2026-09-09T19:47:47.682819956Z   File "/usr/local/lib/python3.13/site-packages/starlette/middleware/errors.py", line 186, in __call__
2026-09-09T19:47:47.682824354Z     raise exc
2026-09-09T19:47:47.682828733Z   File "/usr/local/lib/python3.13/site-packages/starlette/middleware/errors.py", line 164, in __call__
2026-09-09T19:47:47.682833082Z     await self.app(scope, receive, _send)
2026-09-09T19:47:47.682838001Z   File "/usr/local/lib/python3.13/site-packages/opentelemetry/instrumentation/asgi/__init__.py", line 806, in __call__
2026-09-09T19:47:47.682842641Z     await self.app(scope, otel_receive, otel_send)
2026-09-09T19:47:47.682847140Z   File "/usr/local/lib/python3.13/site-packages/starlette/middleware/errors.py", line 186, in __call__
2026-09-09T19:47:47.682851538Z     raise exc
2026-09-09T19:47:47.682855867Z   File "/usr/local/lib/python3.13/site-packages/starlette/middleware/errors.py", line 164, in __call__
2026-09-09T19:47:47.682860195Z     await self.app(scope, receive, _send)
2026-09-09T19:47:47.682864514Z   File "/usr/local/lib/python3.13/site-packages/opentelemetry/instrumentation/fastapi/__init__.py", line 305, in __call__
2026-09-09T19:47:47.682868843Z     await self.app(scope, receive, send)
2026-09-09T19:47:47.682873181Z   File "/usr/local/lib/python3.13/site-packages/prometheus_fastapi_instrumentator/middleware.py", line 177, in __call__
2026-09-09T19:47:47.682877520Z     raise exc
2026-09-09T19:47:47.682881888Z   File "/usr/local/lib/python3.13/site-packages/prometheus_fastapi_instrumentator/middleware.py", line 175, in __call__
2026-09-09T19:47:47.682886187Z     await self.app(scope, receive, send_wrapper)
2026-09-09T19:47:47.682890506Z   File "/usr/local/lib/python3.13/site-packages/starlette/middleware/exceptions.py", line 63, in __call__
2026-09-09T19:47:47.682895535Z     await wrap_app_handling_exceptions(self.app, conn)(scope, receive, send)
2026-09-09T19:47:47.682899864Z   File "/usr/local/lib/python3.13/site-packages/starlette/_exception_handler.py", line 53, in wrapped_app
2026-09-09T19:47:47.682904183Z     raise exc
2026-09-09T19:47:47.682908521Z   File "/usr/local/lib/python3.13/site-packages/starlette/_exception_handler.py", line 42, in wrapped_app
2026-09-09T19:47:47.682912830Z     await app(scope, receive, sender)
2026-09-09T19:47:47.682917218Z   File "/usr/local/lib/python3.13/site-packages/fastapi/middleware/asyncexitstack.py", line 18, in __call__
2026-09-09T19:47:47.682921527Z     await self.app(scope, receive, send)
2026-09-09T19:47:47.682925856Z   File "/usr/local/lib/python3.13/site-packages/starlette/routing.py", line 716, in __call__
2026-09-09T19:47:47.682930194Z     await self.middleware_stack(scope, receive, send)
2026-09-09T19:47:47.682934543Z   File "/usr/local/lib/python3.13/site-packages/starlette/routing.py", line 736, in app
2026-09-09T19:47:47.682938841Z     await route.handle(scope, receive, send)
2026-09-09T19:47:47.682943190Z   File "/usr/local/lib/python3.13/site-packages/starlette/routing.py", line 290, in handle
2026-09-09T19:47:47.682947508Z     await self.app(scope, receive, send)
2026-09-09T19:47:47.682963159Z   File "/usr/local/lib/python3.13/site-packages/fastapi/routing.py", line 134, in app
2026-09-09T19:47:47.682967628Z     await wrap_app_handling_exceptions(app, request)(scope, receive, send)
2026-09-09T19:47:47.682972017Z   File "/usr/local/lib/python3.13/site-packages/starlette/_exception_handler.py", line 53, in wrapped_app
2026-09-09T19:47:47.682976506Z     raise exc
2026-09-09T19:47:47.682980844Z   File "/usr/local/lib/python3.13/site-packages/starlette/_exception_handler.py", line 42, in wrapped_app
2026-09-09T19:47:47.682985203Z     await app(scope, receive, sender)
2026-09-09T19:47:47.682989562Z   File "/usr/local/lib/python3.13/site-packages/fastapi/routing.py", line 120, in app
2026-09-09T19:47:47.682994271Z     response = await f(request)
2026-09-09T19:47:47.683001395Z                ^^^^^^^^^^^^^^^^
2026-09-09T19:47:47.683005854Z   File "/usr/local/lib/python3.13/site-packages/fastapi/routing.py", line 674, in app
2026-09-09T19:47:47.683010203Z     raw_response = await run_endpoint_function(
2026-09-09T19:47:47.683014521Z                    ^^^^^^^^^^^^^^^^^^^^^^^^^^^^
2026-09-09T19:47:47.683019812Z     ...<3 lines>...
2026-09-09T19:47:47.683024210Z     )
2026-09-09T19:47:47.683028679Z     ^
2026-09-09T19:47:47.683033198Z   File "/usr/local/lib/python3.13/site-packages/fastapi/routing.py", line 330, in run_endpoint_function
2026-09-09T19:47:47.683037617Z     return await run_in_threadpool(dependant.call, **values)
2026-09-09T19:47:47.683041976Z            ^^^^^^^^^^^^^^^^^^^^^^^^^^^^^^^^^^^^^^^^^^^^^^^^^
2026-09-09T19:47:47.683073478Z   File "/usr/local/lib/python3.13/site-packages/starlette/concurrency.py", line 32, in run_in_threadpool
2026-09-09T19:47:47.683078418Z     return await anyio.to_thread.run_sync(func)
2026-09-09T19:47:47.683082796Z            ^^^^^^^^^^^^^^^^^^^^^^^^^^^^^^^^^^^^
2026-09-09T19:47:47.683087155Z   File "/usr/local/lib/python3.13/site-packages/anyio/to_thread.py", line 63, in run_sync
2026-09-09T19:47:47.683091514Z     return await get_async_backend().run_sync_in_worker_thread(
2026-09-09T19:47:47.683095973Z            ^^^^^^^^^^^^^^^^^^^^^^^^^^^^^^^^^^^^^^^^^^^^^^^^^^^^
2026-09-09T19:47:47.683100331Z         func, args, abandon_on_cancel=abandon_on_cancel, limiter=limiter
2026-09-09T19:47:47.683104720Z         ^^^^^^^^^^^^^^^^^^^^^^^^^^^^^^^^^^^^^^^^^^^^^^^^^^^^^^^^^^^^^^^^
2026-09-09T19:47:47.683109109Z     )
2026-09-09T19:47:47.683113477Z     ^
2026-09-09T19:47:47.683117816Z   File "/usr/local/lib/python3.13/site-packages/anyio/_backends/_asyncio.py", line 2518, in run_sync_in_worker_thread
2026-09-09T19:47:47.683122205Z     return await future
2026-09-09T19:47:47.683126563Z            ^^^^^^^^^^^^
2026-09-09T19:47:47.683130952Z   File "/usr/local/lib/python3.13/site-packages/anyio/_backends/_asyncio.py", line 1002, in run
2026-09-09T19:47:47.683135310Z     result = context.run(func, *args)
2026-09-09T19:47:47.683139689Z   File "/app/app/routers/orders.py", line 36, in checkout
2026-09-09T19:47:47.683144058Z     return create_order(
2026-09-09T19:47:47.683148477Z         db=db,
2026-09-09T19:47:47.683152885Z     ...<2 lines>...
2026-09-09T19:47:47.683157264Z         correlation_id=correlation_id,
2026-09-09T19:47:47.683161643Z     )
2026-09-09T19:47:47.683166102Z   File "/app/app/services/order_service.py", line 42, in create_order
2026-09-09T19:47:47.683170430Z     result = db.execute(
2026-09-09T19:47:47.683174839Z         select(ProductModel).where(ProductModel.id == product_id)
2026-09-09T19:47:47.683179217Z     )
2026-09-09T19:47:47.683183646Z   File "/usr/local/lib/python3.13/site-packages/sqlalchemy/orm/session.py", line 2372, in execute
2026-09-09T19:47:47.683199488Z     return self._execute_internal(
2026-09-09T19:47:47.683204027Z            ~~~~~~~~~~~~~~~~~~~~~~^
2026-09-09T19:47:47.683208395Z         statement,
2026-09-09T19:47:47.683212814Z         ^^^^^^^^^^
2026-09-09T19:47:47.683217123Z     ...<4 lines>...
2026-09-09T19:47:47.683221471Z         _add_event=_add_event,
2026-09-09T19:47:47.683225780Z         ^^^^^^^^^^^^^^^^^^^^^^
2026-09-09T19:47:47.683230128Z     )
2026-09-09T19:47:47.683234457Z     ^
2026-09-09T19:47:47.683238826Z   File "/usr/local/lib/python3.13/site-packages/sqlalchemy/orm/session.py", line 2260, in _execute_internal
2026-09-09T19:47:47.683243184Z     conn = self._connection_for_bind(bind)
2026-09-09T19:47:47.683247593Z   File "/usr/local/lib/python3.13/site-packages/sqlalchemy/orm/session.py", line 2112, in _connection_for_bind
2026-09-09T19:47:47.683252012Z     return trans._connection_for_bind(engine, execution_options)
2026-09-09T19:47:47.683256380Z            ~~~~~~~~~~~~~~~~~~~~~~~~~~^^^^^^^^^^^^^^^^^^^^^^^^^^^
2026-09-09T19:47:47.683260749Z   File "<string>", line 2, in _connection_for_bind
2026-09-09T19:47:47.683265118Z   File "/usr/local/lib/python3.13/site-packages/sqlalchemy/orm/state_changes.py", line 137, in _go
2026-09-09T19:47:47.683269436Z     ret_value = fn(self, *arg, **kw)
2026-09-09T19:47:47.683273775Z   File "/usr/local/lib/python3.13/site-packages/sqlalchemy/orm/session.py", line 1191, in _connection_for_bind
2026-09-09T19:47:47.683278123Z     conn = bind.connect()
2026-09-09T19:47:47.683283133Z   File "/usr/local/lib/python3.13/site-packages/opentelemetry/instrumentation/sqlalchemy/engine.py", line 200, in _wrap_connect_internal
2026-09-09T19:47:47.683287572Z     return func(*args, **kwargs)
2026-09-09T19:47:47.683292021Z   File "/usr/local/lib/python3.13/site-packages/sqlalchemy/engine/base.py", line 3295, in connect
2026-09-09T19:47:47.683296410Z     return self._connection_cls(self)
2026-09-09T19:47:47.683300748Z            ~~~~~~~~~~~~~~~~~~~~^^^^^^
2026-09-09T19:47:47.683305097Z   File "/usr/local/lib/python3.13/site-packages/sqlalchemy/engine/base.py", line 144, in __init__
2026-09-09T19:47:47.683309425Z     self._dbapi_connection = engine.raw_connection()
2026-09-09T19:47:47.683313754Z                              ~~~~~~~~~~~~~~~~~~~~~^^
2026-09-09T19:47:47.683318223Z   File "/usr/local/lib/python3.13/site-packages/sqlalchemy/engine/base.py", line 3319, in raw_connection
2026-09-09T19:47:47.683322612Z     return self.pool.connect()
2026-09-09T19:47:47.683326940Z            ~~~~~~~~~~~~~~~~~^^
2026-09-09T19:47:47.683331369Z   File "/usr/local/lib/python3.13/site-packages/sqlalchemy/pool/base.py", line 448, in connect
2026-09-09T19:47:47.683335728Z     return _ConnectionFairy._checkout(self)
2026-09-09T19:47:47.683340016Z            ~~~~~~~~~~~~~~~~~~~~~~~~~~^^^^^^
2026-09-09T19:47:47.683347120Z   File "/usr/local/lib/python3.13/site-packages/sqlalchemy/pool/base.py", line 1272, in _checkout
2026-09-09T19:47:47.683351549Z     fairy = _ConnectionRecord.checkout(pool)
2026-09-09T19:47:47.683356749Z   File "/usr/local/lib/python3.13/site-packages/sqlalchemy/pool/base.py", line 712, in checkout
2026-09-09T19:47:47.683361208Z     rec = pool._do_get()
2026-09-09T19:47:47.683365647Z   File "/usr/local/lib/python3.13/site-packages/sqlalchemy/pool/impl.py", line 167, in _do_get
2026-09-09T19:47:47.683370066Z     raise exc.TimeoutError(
2026-09-09T19:47:47.683374454Z     ...<4 lines>...
2026-09-09T19:47:47.683378823Z     )
2026-09-09T19:47:47.683383883Z sqlalchemy.exc.TimeoutError: QueuePool limit of size 5 overflow 10 reached, connection timed out, timeout 30.00 (Background on this error at: https://sqlalche.me/e/20/3o7r)
2026-09-09T19:47:47.692026802Z ERROR:    Exception in ASGI application
2026-09-09T19:47:47.692080809Z Traceback (most recent call last):
2026-09-09T19:47:47.692084146Z   File "/usr/local/lib/python3.13/site-packages/uvicorn/protocols/http/httptools_impl.py", line 421, in run_asgi
2026-09-09T19:47:47.692086831Z     result = await app(  # type: ignore[func-returns-value]
2026-09-09T19:47:47.692088785Z              ^^^^^^^^^^^^^^^^^^^^^^^^^^^^^^^^^^^^^^^^^^^^^^
2026-09-09T19:47:47.692090929Z         self.scope, self.receive, self.send
2026-09-09T19:47:47.692092843Z         ^^^^^^^^^^^^^^^^^^^^^^^^^^^^^^^^^^^
2026-09-09T19:47:47.692094777Z     )
2026-09-09T19:47:47.692096771Z     ^
2026-09-09T19:47:47.692098735Z   File "/usr/local/lib/python3.13/site-packages/uvicorn/middleware/proxy_headers.py", line 63, in __call__
2026-09-09T19:47:47.692100669Z     return await self.app(scope, receive, send)
2026-09-09T19:47:47.692102592Z            ^^^^^^^^^^^^^^^^^^^^^^^^^^^^^^^^^^^^
2026-09-09T19:47:47.692105348Z   File "/usr/local/lib/python3.13/site-packages/fastapi/applications.py", line 1159, in __call__
2026-09-09T19:47:47.692107262Z     await super().__call__(scope, receive, send)
2026-09-09T19:47:47.692112061Z   File "/usr/local/lib/python3.13/site-packages/starlette/applications.py", line 107, in __call__
2026-09-09T19:47:47.692114165Z     await self.middleware_stack(scope, receive, send)
2026-09-09T19:47:47.692116139Z   File "/usr/local/lib/python3.13/site-packages/starlette/middleware/errors.py", line 186, in __call__
2026-09-09T19:47:47.692118123Z     raise exc
2026-09-09T19:47:47.692120107Z   File "/usr/local/lib/python3.13/site-packages/starlette/middleware/errors.py", line 164, in __call__
2026-09-09T19:47:47.692122051Z     await self.app(scope, receive, _send)
2026-09-09T19:47:47.692124746Z   File "/usr/local/lib/python3.13/site-packages/opentelemetry/instrumentation/asgi/__init__.py", line 806, in __call__
2026-09-09T19:47:47.692126680Z     await self.app(scope, otel_receive, otel_send)
2026-09-09T19:47:47.692128624Z   File "/usr/local/lib/python3.13/site-packages/starlette/middleware/errors.py", line 186, in __call__
2026-09-09T19:47:47.692130558Z     raise exc
2026-09-09T19:47:47.692132522Z   File "/usr/local/lib/python3.13/site-packages/starlette/middleware/errors.py", line 164, in __call__
2026-09-09T19:47:47.692134496Z     await self.app(scope, receive, _send)
2026-09-09T19:47:47.692136439Z   File "/usr/local/lib/python3.13/site-packages/opentelemetry/instrumentation/fastapi/__init__.py", line 305, in __call__
2026-09-09T19:47:47.692138363Z     await self.app(scope, receive, send)
2026-09-09T19:47:47.692140367Z   File "/usr/local/lib/python3.13/site-packages/prometheus_fastapi_instrumentator/middleware.py", line 177, in __call__
2026-09-09T19:47:47.692142401Z     raise exc
2026-09-09T19:47:47.692144465Z   File "/usr/local/lib/python3.13/site-packages/prometheus_fastapi_instrumentator/middleware.py", line 175, in __call__
2026-09-09T19:47:47.692146419Z     await self.app(scope, receive, send_wrapper)
2026-09-09T19:47:47.692148483Z   File "/usr/local/lib/python3.13/site-packages/starlette/middleware/exceptions.py", line 63, in __call__
2026-09-09T19:47:47.692150828Z     await wrap_app_handling_exceptions(self.app, conn)(scope, receive, send)
2026-09-09T19:47:47.692152752Z   File "/usr/local/lib/python3.13/site-packages/starlette/_exception_handler.py", line 53, in wrapped_app
2026-09-09T19:47:47.692154666Z     raise exc
2026-09-09T19:47:47.692156629Z   File "/usr/local/lib/python3.13/site-packages/starlette/_exception_handler.py", line 42, in wrapped_app
2026-09-09T19:47:47.692158543Z     await app(scope, receive, sender)
2026-09-09T19:47:47.692160467Z   File "/usr/local/lib/python3.13/site-packages/fastapi/middleware/asyncexitstack.py", line 18, in __call__
2026-09-09T19:47:47.692167441Z     await self.app(scope, receive, send)
2026-09-09T19:47:47.692169495Z   File "/usr/local/lib/python3.13/site-packages/starlette/routing.py", line 716, in __call__
2026-09-09T19:47:47.692171429Z     await self.middleware_stack(scope, receive, send)
2026-09-09T19:47:47.692173363Z   File "/usr/local/lib/python3.13/site-packages/starlette/routing.py", line 736, in app
2026-09-09T19:47:47.692175286Z     await route.handle(scope, receive, send)
2026-09-09T19:47:47.692177210Z   File "/usr/local/lib/python3.13/site-packages/starlette/routing.py", line 290, in handle
2026-09-09T19:47:47.692179134Z     await self.app(scope, receive, send)
2026-09-09T19:47:47.692181258Z   File "/usr/local/lib/python3.13/site-packages/fastapi/routing.py", line 134, in app
2026-09-09T19:47:47.692183192Z     await wrap_app_handling_exceptions(app, request)(scope, receive, send)
2026-09-09T19:47:47.692185196Z   File "/usr/local/lib/python3.13/site-packages/starlette/_exception_handler.py", line 53, in wrapped_app
2026-09-09T19:47:47.692187120Z     raise exc
2026-09-09T19:47:47.692189054Z   File "/usr/local/lib/python3.13/site-packages/starlette/_exception_handler.py", line 42, in wrapped_app
2026-09-09T19:47:47.692190988Z     await app(scope, receive, sender)
2026-09-09T19:47:47.692192921Z   File "/usr/local/lib/python3.13/site-packages/fastapi/routing.py", line 120, in app
2026-09-09T19:47:47.692195476Z     response = await f(request)
2026-09-09T19:47:47.692197430Z                ^^^^^^^^^^^^^^^^
2026-09-09T19:47:47.692199354Z   File "/usr/local/lib/python3.13/site-packages/fastapi/routing.py", line 674, in app
2026-09-09T19:47:47.692201308Z     raw_response = await run_endpoint_function(
2026-09-09T19:47:47.692203242Z                    ^^^^^^^^^^^^^^^^^^^^^^^^^^^^
2026-09-09T19:47:47.692205747Z     ...<3 lines>...
2026-09-09T19:47:47.692207691Z     )
2026-09-09T19:47:47.692209654Z     ^
2026-09-09T19:47:47.692211578Z   File "/usr/local/lib/python3.13/site-packages/fastapi/routing.py", line 330, in run_endpoint_function
2026-09-09T19:47:47.692213502Z     return await run_in_threadpool(dependant.call, **values)
2026-09-09T19:47:47.692215436Z            ^^^^^^^^^^^^^^^^^^^^^^^^^^^^^^^^^^^^^^^^^^^^^^^^^
2026-09-09T19:47:47.692246908Z   File "/usr/local/lib/python3.13/site-packages/starlette/concurrency.py", line 32, in run_in_threadpool
2026-09-09T19:47:47.692251558Z     return await anyio.to_thread.run_sync(func)
2026-09-09T19:47:47.692253551Z            ^^^^^^^^^^^^^^^^^^^^^^^^^^^^^^^^^^^^
2026-09-09T19:47:47.692255616Z   File "/usr/local/lib/python3.13/site-packages/anyio/to_thread.py", line 63, in run_sync
2026-09-09T19:47:47.692257690Z     return await get_async_backend().run_sync_in_worker_thread(
2026-09-09T19:47:47.692259644Z            ^^^^^^^^^^^^^^^^^^^^^^^^^^^^^^^^^^^^^^^^^^^^^^^^^^^^
2026-09-09T19:47:47.692261567Z         func, args, abandon_on_cancel=abandon_on_cancel, limiter=limiter
2026-09-09T19:47:47.692263621Z         ^^^^^^^^^^^^^^^^^^^^^^^^^^^^^^^^^^^^^^^^^^^^^^^^^^^^^^^^^^^^^^^^
2026-09-09T19:47:47.692265535Z     )
2026-09-09T19:47:47.692267459Z     ^
2026-09-09T19:47:47.692269383Z   File "/usr/local/lib/python3.13/site-packages/anyio/_backends/_asyncio.py", line 2518, in run_sync_in_worker_thread
2026-09-09T19:47:47.692271327Z     return await future
2026-09-09T19:47:47.692273250Z            ^^^^^^^^^^^^
2026-09-09T19:47:47.692275184Z   File "/usr/local/lib/python3.13/site-packages/anyio/_backends/_asyncio.py", line 1002, in run
2026-09-09T19:47:47.692277108Z     result = context.run(func, *args)
2026-09-09T19:47:47.692279042Z   File "/app/app/routers/orders.py", line 36, in checkout
2026-09-09T19:47:47.692289302Z     return create_order(
2026-09-09T19:47:47.692291356Z         db=db,
2026-09-09T19:47:47.692293300Z     ...<2 lines>...
2026-09-09T19:47:47.692295234Z         correlation_id=correlation_id,
2026-09-09T19:47:47.692297118Z     )
2026-09-09T19:47:47.692299052Z   File "/app/app/services/order_service.py", line 42, in create_order
2026-09-09T19:47:47.692300965Z     result = db.execute(
2026-09-09T19:47:47.692302899Z         select(ProductModel).where(ProductModel.id == product_id)
2026-09-09T19:47:47.692304823Z     )
2026-09-09T19:47:47.692306737Z   File "/usr/local/lib/python3.13/site-packages/sqlalchemy/orm/session.py", line 2372, in execute
2026-09-09T19:47:47.692308631Z     return self._execute_internal(
2026-09-09T19:47:47.692310544Z            ~~~~~~~~~~~~~~~~~~~~~~^
2026-09-09T19:47:47.692312448Z         statement,
2026-09-09T19:47:47.692314352Z         ^^^^^^^^^^
2026-09-09T19:47:47.692316246Z     ...<4 lines>...
2026-09-09T19:47:47.692318190Z         _add_event=_add_event,
2026-09-09T19:47:47.692320103Z         ^^^^^^^^^^^^^^^^^^^^^^
2026-09-09T19:47:47.692321967Z     )
2026-09-09T19:47:47.692323861Z     ^
2026-09-09T19:47:47.692325765Z   File "/usr/local/lib/python3.13/site-packages/sqlalchemy/orm/session.py", line 2260, in _execute_internal
2026-09-09T19:47:47.692327688Z     conn = self._connection_for_bind(bind)
2026-09-09T19:47:47.692329602Z   File "/usr/local/lib/python3.13/site-packages/sqlalchemy/orm/session.py", line 2112, in _connection_for_bind
2026-09-09T19:47:47.692331526Z     return trans._connection_for_bind(engine, execution_options)
2026-09-09T19:47:47.692333500Z            ~~~~~~~~~~~~~~~~~~~~~~~~~~^^^^^^^^^^^^^^^^^^^^^^^^^^^
2026-09-09T19:47:47.692335484Z   File "<string>", line 2, in _connection_for_bind
2026-09-09T19:47:47.692337388Z   File "/usr/local/lib/python3.13/site-packages/sqlalchemy/orm/state_changes.py", line 137, in _go
2026-09-09T19:47:47.692339291Z     ret_value = fn(self, *arg, **kw)
2026-09-09T19:47:47.692341215Z   File "/usr/local/lib/python3.13/site-packages/sqlalchemy/orm/session.py", line 1191, in _connection_for_bind
2026-09-09T19:47:47.692343399Z     conn = bind.connect()
2026-09-09T19:47:47.692345904Z   File "/usr/local/lib/python3.13/site-packages/opentelemetry/instrumentation/sqlalchemy/engine.py", line 200, in _wrap_connect_internal
2026-09-09T19:47:47.692347848Z     return func(*args, **kwargs)
2026-09-09T19:47:47.692349802Z   File "/usr/local/lib/python3.13/site-packages/sqlalchemy/engine/base.py", line 3295, in connect
2026-09-09T19:47:47.692351726Z     return self._connection_cls(self)
2026-09-09T19:47:47.692353630Z            ~~~~~~~~~~~~~~~~~~~~^^^^^^
2026-09-09T19:47:47.692355584Z   File "/usr/local/lib/python3.13/site-packages/sqlalchemy/engine/base.py", line 144, in __init__
2026-09-09T19:47:47.692357507Z     self._dbapi_connection = engine.raw_connection()
2026-09-09T19:47:47.692359421Z                              ~~~~~~~~~~~~~~~~~~~~~^^
2026-09-09T19:47:47.692361365Z   File "/usr/local/lib/python3.13/site-packages/sqlalchemy/engine/base.py", line 3319, in raw_connection
2026-09-09T19:47:47.692363319Z     return self.pool.connect()
2026-09-09T19:47:47.692365233Z            ~~~~~~~~~~~~~~~~~^^
2026-09-09T19:47:47.692367126Z   File "/usr/local/lib/python3.13/site-packages/sqlalchemy/pool/base.py", line 448, in connect
2026-09-09T19:47:47.692369040Z     return _ConnectionFairy._checkout(self)
2026-09-09T19:47:47.692370944Z            ~~~~~~~~~~~~~~~~~~~~~~~~~~^^^^^^
2026-09-09T19:47:47.692372838Z   File "/usr/local/lib/python3.13/site-packages/sqlalchemy/pool/base.py", line 1272, in _checkout
2026-09-09T19:47:47.692374762Z     fairy = _ConnectionRecord.checkout(pool)
2026-09-09T19:47:47.692381675Z   File "/usr/local/lib/python3.13/site-packages/sqlalchemy/pool/base.py", line 712, in checkout
2026-09-09T19:47:47.692383659Z     rec = pool._do_get()
2026-09-09T19:47:47.692385603Z   File "/usr/local/lib/python3.13/site-packages/sqlalchemy/pool/impl.py", line 167, in _do_get
2026-09-09T19:47:47.692387517Z     raise exc.TimeoutError(
2026-09-09T19:47:47.692389431Z     ...<4 lines>...
2026-09-09T19:47:47.692391395Z     )
2026-09-09T19:47:47.692393799Z sqlalchemy.exc.TimeoutError: QueuePool limit of size 5 overflow 10 reached, connection timed out, timeout 30.00 (Background on this error at: https://sqlalche.me/e/20/3o7r)
2026-09-09T19:47:47.697491589Z ERROR:    Exception in ASGI application
2026-09-09T19:47:47.697524875Z Traceback (most recent call last):
2026-09-09T19:47:47.697527971Z   File "/usr/local/lib/python3.13/site-packages/uvicorn/protocols/http/httptools_impl.py", line 421, in run_asgi
2026-09-09T19:47:47.697530696Z     result = await app(  # type: ignore[func-returns-value]
2026-09-09T19:47:47.697532640Z              ^^^^^^^^^^^^^^^^^^^^^^^^^^^^^^^^^^^^^^^^^^^^^^
2026-09-09T19:47:47.697534684Z         self.scope, self.receive, self.send
2026-09-09T19:47:47.697536648Z         ^^^^^^^^^^^^^^^^^^^^^^^^^^^^^^^^^^^
2026-09-09T19:47:47.697538642Z     )
2026-09-09T19:47:47.697540606Z     ^
2026-09-09T19:47:47.697542550Z   File "/usr/local/lib/python3.13/site-packages/uvicorn/middleware/proxy_headers.py", line 63, in __call__
2026-09-09T19:47:47.697544674Z     return await self.app(scope, receive, send)
2026-09-09T19:47:47.697546778Z            ^^^^^^^^^^^^^^^^^^^^^^^^^^^^^^^^^^^^
2026-09-09T19:47:47.697549213Z   File "/usr/local/lib/python3.13/site-packages/fastapi/applications.py", line 1159, in __call__
2026-09-09T19:47:47.697551337Z     await super().__call__(scope, receive, send)
2026-09-09T19:47:47.697553271Z   File "/usr/local/lib/python3.13/site-packages/starlette/applications.py", line 107, in __call__
2026-09-09T19:47:47.697555205Z     await self.middleware_stack(scope, receive, send)
2026-09-09T19:47:47.697557129Z   File "/usr/local/lib/python3.13/site-packages/starlette/middleware/errors.py", line 186, in __call__
2026-09-09T19:47:47.697559072Z     raise exc
2026-09-09T19:47:47.697561117Z   File "/usr/local/lib/python3.13/site-packages/starlette/middleware/errors.py", line 164, in __call__
2026-09-09T19:47:47.697563070Z     await self.app(scope, receive, _send)
2026-09-09T19:47:47.697565776Z   File "/usr/local/lib/python3.13/site-packages/opentelemetry/instrumentation/asgi/__init__.py", line 806, in __call__
2026-09-09T19:47:47.697567800Z     await self.app(scope, otel_receive, otel_send)
2026-09-09T19:47:47.697569764Z   File "/usr/local/lib/python3.13/site-packages/starlette/middleware/errors.py", line 186, in __call__
2026-09-09T19:47:47.697571697Z     raise exc
2026-09-09T19:47:47.697573631Z   File "/usr/local/lib/python3.13/site-packages/starlette/middleware/errors.py", line 164, in __call__
2026-09-09T19:47:47.697575575Z     await self.app(scope, receive, _send)
2026-09-09T19:47:47.697577599Z   File "/usr/local/lib/python3.13/site-packages/opentelemetry/instrumentation/fastapi/__init__.py", line 305, in __call__
2026-09-09T19:47:47.697579533Z     await self.app(scope, receive, send)
2026-09-09T19:47:47.697581477Z   File "/usr/local/lib/python3.13/site-packages/prometheus_fastapi_instrumentator/middleware.py", line 177, in __call__
2026-09-09T19:47:47.697583401Z     raise exc
2026-09-09T19:47:47.697585324Z   File "/usr/local/lib/python3.13/site-packages/prometheus_fastapi_instrumentator/middleware.py", line 175, in __call__
2026-09-09T19:47:47.697587389Z     await self.app(scope, receive, send_wrapper)
2026-09-09T19:47:47.697607989Z   File "/usr/local/lib/python3.13/site-packages/starlette/middleware/exceptions.py", line 63, in __call__
2026-09-09T19:47:47.697610414Z     await wrap_app_handling_exceptions(self.app, conn)(scope, receive, send)
2026-09-09T19:47:47.697612418Z   File "/usr/local/lib/python3.13/site-packages/starlette/_exception_handler.py", line 53, in wrapped_app
2026-09-09T19:47:47.697614322Z     raise exc
2026-09-09T19:47:47.697616356Z   File "/usr/local/lib/python3.13/site-packages/starlette/_exception_handler.py", line 42, in wrapped_app
2026-09-09T19:47:47.697618280Z     await app(scope, receive, sender)
2026-09-09T19:47:47.697620214Z   File "/usr/local/lib/python3.13/site-packages/fastapi/middleware/asyncexitstack.py", line 18, in __call__
2026-09-09T19:47:47.697622137Z     await self.app(scope, receive, send)
2026-09-09T19:47:47.697624432Z   File "/usr/local/lib/python3.13/site-packages/starlette/routing.py", line 716, in __call__
2026-09-09T19:47:47.697626867Z     await self.middleware_stack(scope, receive, send)
2026-09-09T19:47:47.697629422Z   File "/usr/local/lib/python3.13/site-packages/starlette/routing.py", line 736, in app
2026-09-09T19:47:47.697631696Z     await route.handle(scope, receive, send)
2026-09-09T19:47:47.697633640Z   File "/usr/local/lib/python3.13/site-packages/starlette/routing.py", line 290, in handle
2026-09-09T19:47:47.697635584Z     await self.app(scope, receive, send)
2026-09-09T19:47:47.697637708Z   File "/usr/local/lib/python3.13/site-packages/fastapi/routing.py", line 134, in app
2026-09-09T19:47:47.697640163Z     await wrap_app_handling_exceptions(app, request)(scope, receive, send)
2026-09-09T19:47:47.697642588Z   File "/usr/local/lib/python3.13/site-packages/starlette/_exception_handler.py", line 53, in wrapped_app
2026-09-09T19:47:47.697644973Z     raise exc
2026-09-09T19:47:47.697646947Z   File "/usr/local/lib/python3.13/site-packages/starlette/_exception_handler.py", line 42, in wrapped_app
2026-09-09T19:47:47.697648890Z     await app(scope, receive, sender)
2026-09-09T19:47:47.697650824Z   File "/usr/local/lib/python3.13/site-packages/fastapi/routing.py", line 120, in app
2026-09-09T19:47:47.697653289Z     response = await f(request)
2026-09-09T19:47:47.697655233Z                ^^^^^^^^^^^^^^^^
2026-09-09T19:47:47.697660724Z   File "/usr/local/lib/python3.13/site-packages/fastapi/routing.py", line 674, in app
2026-09-09T19:47:47.697662718Z     raw_response = await run_endpoint_function(
2026-09-09T19:47:47.697664682Z                    ^^^^^^^^^^^^^^^^^^^^^^^^^^^^
2026-09-09T19:47:47.697667167Z     ...<3 lines>...
2026-09-09T19:47:47.697669130Z     )
2026-09-09T19:47:47.697671084Z     ^
2026-09-09T19:47:47.697673008Z   File "/usr/local/lib/python3.13/site-packages/fastapi/routing.py", line 330, in run_endpoint_function
2026-09-09T19:47:47.697674942Z     return await run_in_threadpool(dependant.call, **values)
2026-09-09T19:47:47.697676896Z            ^^^^^^^^^^^^^^^^^^^^^^^^^^^^^^^^^^^^^^^^^^^^^^^^^
2026-09-09T19:47:47.697713198Z   File "/usr/local/lib/python3.13/site-packages/starlette/concurrency.py", line 32, in run_in_threadpool
2026-09-09T19:47:47.697718879Z     return await anyio.to_thread.run_sync(func)
2026-09-09T19:47:47.697720873Z            ^^^^^^^^^^^^^^^^^^^^^^^^^^^^^^^^^^^^
2026-09-09T19:47:47.697722787Z   File "/usr/local/lib/python3.13/site-packages/anyio/to_thread.py", line 63, in run_sync
2026-09-09T19:47:47.697724771Z     return await get_async_backend().run_sync_in_worker_thread(
2026-09-09T19:47:47.697726685Z            ^^^^^^^^^^^^^^^^^^^^^^^^^^^^^^^^^^^^^^^^^^^^^^^^^^^^
2026-09-09T19:47:47.697728598Z         func, args, abandon_on_cancel=abandon_on_cancel, limiter=limiter
2026-09-09T19:47:47.697730512Z         ^^^^^^^^^^^^^^^^^^^^^^^^^^^^^^^^^^^^^^^^^^^^^^^^^^^^^^^^^^^^^^^^
2026-09-09T19:47:47.697747766Z     )
2026-09-09T19:47:47.697749810Z     ^
2026-09-09T19:47:47.697751764Z   File "/usr/local/lib/python3.13/site-packages/anyio/_backends/_asyncio.py", line 2518, in run_sync_in_worker_thread
2026-09-09T19:47:47.697753688Z     return await future
2026-09-09T19:47:47.697755632Z            ^^^^^^^^^^^^
2026-09-09T19:47:47.697757536Z   File "/usr/local/lib/python3.13/site-packages/anyio/_backends/_asyncio.py", line 1002, in run
2026-09-09T19:47:47.697759449Z     result = context.run(func, *args)
2026-09-09T19:47:47.697761383Z   File "/app/app/routers/orders.py", line 36, in checkout
2026-09-09T19:47:47.697763297Z     return create_order(
2026-09-09T19:47:47.697765251Z         db=db,
2026-09-09T19:47:47.697767285Z     ...<2 lines>...
2026-09-09T19:47:47.697769229Z         correlation_id=correlation_id,
2026-09-09T19:47:47.697771183Z     )
2026-09-09T19:47:47.697773137Z   File "/app/app/services/order_service.py", line 42, in create_order
2026-09-09T19:47:47.697775090Z     result = db.execute(
2026-09-09T19:47:47.697777024Z         select(ProductModel).where(ProductModel.id == product_id)
2026-09-09T19:47:47.697778938Z     )
2026-09-09T19:47:47.697780932Z   File "/usr/local/lib/python3.13/site-packages/sqlalchemy/orm/session.py", line 2372, in execute
2026-09-09T19:47:47.697782866Z     return self._execute_internal(
2026-09-09T19:47:47.697784780Z            ~~~~~~~~~~~~~~~~~~~~~~^
2026-09-09T19:47:47.697786713Z         statement,
2026-09-09T19:47:47.697788627Z         ^^^^^^^^^^
2026-09-09T19:47:47.698019595Z     ...<4 lines>...
2026-09-09T19:47:47.698025486Z         _add_event=_add_event,
2026-09-09T19:47:47.698027460Z         ^^^^^^^^^^^^^^^^^^^^^^
2026-09-09T19:47:47.698029484Z     )
2026-09-09T19:47:47.698031398Z     ^
2026-09-09T19:47:47.698033352Z   File "/usr/local/lib/python3.13/site-packages/sqlalchemy/orm/session.py", line 2260, in _execute_internal
2026-09-09T19:47:47.698035286Z     conn = self._connection_for_bind(bind)
2026-09-09T19:47:47.698037300Z   File "/usr/local/lib/python3.13/site-packages/sqlalchemy/orm/session.py", line 2112, in _connection_for_bind
2026-09-09T19:47:47.698039284Z     return trans._connection_for_bind(engine, execution_options)
2026-09-09T19:47:47.698058652Z            ~~~~~~~~~~~~~~~~~~~~~~~~~~^^^^^^^^^^^^^^^^^^^^^^^^^^^
2026-09-09T19:47:47.698063412Z   File "<string>", line 2, in _connection_for_bind
2026-09-09T19:47:47.698065456Z   File "/usr/local/lib/python3.13/site-packages/sqlalchemy/orm/state_changes.py", line 137, in _go
2026-09-09T19:47:47.698067369Z     ret_value = fn(self, *arg, **kw)
2026-09-09T19:47:47.698069303Z   File "/usr/local/lib/python3.13/site-packages/sqlalchemy/orm/session.py", line 1191, in _connection_for_bind
2026-09-09T19:47:47.698071227Z     conn = bind.connect()
2026-09-09T19:47:47.698073882Z   File "/usr/local/lib/python3.13/site-packages/opentelemetry/instrumentation/sqlalchemy/engine.py", line 200, in _wrap_connect_internal
2026-09-09T19:47:47.698075796Z     return func(*args, **kwargs)
2026-09-09T19:47:47.698077720Z   File "/usr/local/lib/python3.13/site-packages/sqlalchemy/engine/base.py", line 3295, in connect
2026-09-09T19:47:47.698079664Z     return self._connection_cls(self)
2026-09-09T19:47:47.698081618Z            ~~~~~~~~~~~~~~~~~~~~^^^^^^
2026-09-09T19:47:47.698083541Z   File "/usr/local/lib/python3.13/site-packages/sqlalchemy/engine/base.py", line 144, in __init__
2026-09-09T19:47:47.698085455Z     self._dbapi_connection = engine.raw_connection()
2026-09-09T19:47:47.698087369Z                              ~~~~~~~~~~~~~~~~~~~~~^^
2026-09-09T19:47:47.698098140Z   File "/usr/local/lib/python3.13/site-packages/sqlalchemy/engine/base.py", line 3319, in raw_connection
2026-09-09T19:47:47.698100184Z     return self.pool.connect()
2026-09-09T19:47:47.698102088Z            ~~~~~~~~~~~~~~~~~^^
2026-09-09T19:47:47.698104012Z   File "/usr/local/lib/python3.13/site-packages/sqlalchemy/pool/base.py", line 448, in connect
2026-09-09T19:47:47.698105956Z     return _ConnectionFairy._checkout(self)
2026-09-09T19:47:47.698107860Z            ~~~~~~~~~~~~~~~~~~~~~~~~~~^^^^^^
2026-09-09T19:47:47.698109914Z   File "/usr/local/lib/python3.13/site-packages/sqlalchemy/pool/base.py", line 1272, in _checkout
2026-09-09T19:47:47.698111868Z     fairy = _ConnectionRecord.checkout(pool)
2026-09-09T19:47:47.698113781Z   File "/usr/local/lib/python3.13/site-packages/sqlalchemy/pool/base.py", line 712, in checkout
2026-09-09T19:47:47.698115695Z     rec = pool._do_get()
2026-09-09T19:47:47.698117589Z   File "/usr/local/lib/python3.13/site-packages/sqlalchemy/pool/impl.py", line 167, in _do_get
2026-09-09T19:47:47.698119493Z     raise exc.TimeoutError(
2026-09-09T19:47:47.698121457Z     ...<4 lines>...
2026-09-09T19:47:47.698123410Z     )
2026-09-09T19:47:47.698126136Z sqlalchemy.exc.TimeoutError: QueuePool limit of size 5 overflow 10 reached, connection timed out, timeout 30.00 (Background on this error at: https://sqlalche.me/e/20/3o7r)
2026-09-09T19:47:47.702814011Z ERROR:    Exception in ASGI application
2026-09-09T19:47:47.702861986Z Traceback (most recent call last):
2026-09-09T19:47:47.702867417Z   File "/usr/local/lib/python3.13/site-packages/uvicorn/protocols/http/httptools_impl.py", line 421, in run_asgi
2026-09-09T19:47:47.702872457Z     result = await app(  # type: ignore[func-returns-value]
2026-09-09T19:47:47.702877146Z              ^^^^^^^^^^^^^^^^^^^^^^^^^^^^^^^^^^^^^^^^^^^^^^
2026-09-09T19:47:47.702881535Z         self.scope, self.receive, self.send
2026-09-09T19:47:47.702885874Z         ^^^^^^^^^^^^^^^^^^^^^^^^^^^^^^^^^^^
2026-09-09T19:47:47.702890232Z     )
2026-09-09T19:47:47.702894621Z     ^
2026-09-09T19:47:47.702898970Z   File "/usr/local/lib/python3.13/site-packages/uvicorn/middleware/proxy_headers.py", line 63, in __call__
2026-09-09T19:47:47.702903529Z     return await self.app(scope, receive, send)
2026-09-09T19:47:47.702907978Z            ^^^^^^^^^^^^^^^^^^^^^^^^^^^^^^^^^^^^
2026-09-09T19:47:47.702912997Z   File "/usr/local/lib/python3.13/site-packages/fastapi/applications.py", line 1159, in __call__
2026-09-09T19:47:47.702917376Z     await super().__call__(scope, receive, send)
2026-09-09T19:47:47.702921745Z   File "/usr/local/lib/python3.13/site-packages/starlette/applications.py", line 107, in __call__
2026-09-09T19:47:47.702926093Z     await self.middleware_stack(scope, receive, send)
2026-09-09T19:47:47.702930422Z   File "/usr/local/lib/python3.13/site-packages/starlette/middleware/errors.py", line 186, in __call__
2026-09-09T19:47:47.702935141Z     raise exc
2026-09-09T19:47:47.702939560Z   File "/usr/local/lib/python3.13/site-packages/starlette/middleware/errors.py", line 164, in __call__
2026-09-09T19:47:47.702944029Z     await self.app(scope, receive, _send)
2026-09-09T19:47:47.702948999Z   File "/usr/local/lib/python3.13/site-packages/opentelemetry/instrumentation/asgi/__init__.py", line 806, in __call__
2026-09-09T19:47:47.702953357Z     await self.app(scope, otel_receive, otel_send)
2026-09-09T19:47:47.702957706Z   File "/usr/local/lib/python3.13/site-packages/starlette/middleware/errors.py", line 186, in __call__
2026-09-09T19:47:47.702962095Z     raise exc
2026-09-09T19:47:47.702966443Z   File "/usr/local/lib/python3.13/site-packages/starlette/middleware/errors.py", line 164, in __call__
2026-09-09T19:47:47.702997335Z     await self.app(scope, receive, _send)
2026-09-09T19:47:47.703001954Z   File "/usr/local/lib/python3.13/site-packages/opentelemetry/instrumentation/fastapi/__init__.py", line 305, in __call__
2026-09-09T19:47:47.703006302Z     await self.app(scope, receive, send)
2026-09-09T19:47:47.703010901Z   File "/usr/local/lib/python3.13/site-packages/prometheus_fastapi_instrumentator/middleware.py", line 177, in __call__
2026-09-09T19:47:47.703015280Z     raise exc
2026-09-09T19:47:47.703019659Z   File "/usr/local/lib/python3.13/site-packages/prometheus_fastapi_instrumentator/middleware.py", line 175, in __call__
2026-09-09T19:47:47.703023957Z     await self.app(scope, receive, send_wrapper)
2026-09-09T19:47:47.703028296Z   File "/usr/local/lib/python3.13/site-packages/starlette/middleware/exceptions.py", line 63, in __call__
2026-09-09T19:47:47.703032905Z     await wrap_app_handling_exceptions(self.app, conn)(scope, receive, send)
2026-09-09T19:47:47.703037224Z   File "/usr/local/lib/python3.13/site-packages/starlette/_exception_handler.py", line 53, in wrapped_app
2026-09-09T19:47:47.703041542Z     raise exc
2026-09-09T19:47:47.703050269Z   File "/usr/local/lib/python3.13/site-packages/starlette/_exception_handler.py", line 42, in wrapped_app
2026-09-09T19:47:47.703054778Z     await app(scope, receive, sender)
2026-09-09T19:47:47.703059087Z   File "/usr/local/lib/python3.13/site-packages/fastapi/middleware/asyncexitstack.py", line 18, in __call__
2026-09-09T19:47:47.703063375Z     await self.app(scope, receive, send)
2026-09-09T19:47:47.703067704Z   File "/usr/local/lib/python3.13/site-packages/starlette/routing.py", line 716, in __call__
2026-09-09T19:47:47.703072003Z     await self.middleware_stack(scope, receive, send)
2026-09-09T19:47:47.703076321Z   File "/usr/local/lib/python3.13/site-packages/starlette/routing.py", line 736, in app
2026-09-09T19:47:47.703080880Z     await route.handle(scope, receive, send)
2026-09-09T19:47:47.703087894Z   File "/usr/local/lib/python3.13/site-packages/starlette/routing.py", line 290, in handle
2026-09-09T19:47:47.703092353Z     await self.app(scope, receive, send)
2026-09-09T19:47:47.703096842Z   File "/usr/local/lib/python3.13/site-packages/fastapi/routing.py", line 134, in app
2026-09-09T19:47:47.703101501Z     await wrap_app_handling_exceptions(app, request)(scope, receive, send)
2026-09-09T19:47:47.703105910Z   File "/usr/local/lib/python3.13/site-packages/starlette/_exception_handler.py", line 53, in wrapped_app
2026-09-09T19:47:47.703110248Z     raise exc
2026-09-09T19:47:47.703114587Z   File "/usr/local/lib/python3.13/site-packages/starlette/_exception_handler.py", line 42, in wrapped_app
2026-09-09T19:47:47.703118895Z     await app(scope, receive, sender)
2026-09-09T19:47:47.703123284Z   File "/usr/local/lib/python3.13/site-packages/fastapi/routing.py", line 120, in app
2026-09-09T19:47:47.703128404Z     response = await f(request)
2026-09-09T19:47:47.703132773Z                ^^^^^^^^^^^^^^^^
2026-09-09T19:47:47.703137192Z   File "/usr/local/lib/python3.13/site-packages/fastapi/routing.py", line 674, in app
2026-09-09T19:47:47.703141490Z     raw_response = await run_endpoint_function(
2026-09-09T19:47:47.703145839Z                    ^^^^^^^^^^^^^^^^^^^^^^^^^^^^
2026-09-09T19:47:47.703151119Z     ...<3 lines>...
2026-09-09T19:47:47.703155518Z     )
2026-09-09T19:47:47.703160077Z     ^
2026-09-09T19:47:47.703164576Z   File "/usr/local/lib/python3.13/site-packages/fastapi/routing.py", line 330, in run_endpoint_function
2026-09-09T19:47:47.703168914Z     return await run_in_threadpool(dependant.call, **values)
2026-09-09T19:47:47.703173263Z            ^^^^^^^^^^^^^^^^^^^^^^^^^^^^^^^^^^^^^^^^^^^^^^^^^
2026-09-09T19:47:47.703258292Z   File "/usr/local/lib/python3.13/site-packages/starlette/concurrency.py", line 32, in run_in_threadpool
2026-09-09T19:47:47.703276488Z     return await anyio.to_thread.run_sync(func)
2026-09-09T19:47:47.703281467Z            ^^^^^^^^^^^^^^^^^^^^^^^^^^^^^^^^^^^^
2026-09-09T19:47:47.703287499Z   File "/usr/local/lib/python3.13/site-packages/anyio/to_thread.py", line 63, in run_sync
2026-09-09T19:47:47.703292820Z     return await get_async_backend().run_sync_in_worker_thread(
2026-09-09T19:47:47.703297189Z            ^^^^^^^^^^^^^^^^^^^^^^^^^^^^^^^^^^^^^^^^^^^^^^^^^^^^
2026-09-09T19:47:47.703301858Z         func, args, abandon_on_cancel=abandon_on_cancel, limiter=limiter
2026-09-09T19:47:47.703306206Z         ^^^^^^^^^^^^^^^^^^^^^^^^^^^^^^^^^^^^^^^^^^^^^^^^^^^^^^^^^^^^^^^^
2026-09-09T19:47:47.703310766Z     )
2026-09-09T19:47:47.703315315Z     ^
2026-09-09T19:47:47.703320375Z   File "/usr/local/lib/python3.13/site-packages/anyio/_backends/_asyncio.py", line 2518, in run_sync_in_worker_thread
2026-09-09T19:47:47.703325485Z     return await future
2026-09-09T19:47:47.703329853Z            ^^^^^^^^^^^^
2026-09-09T19:47:47.703334202Z   File "/usr/local/lib/python3.13/site-packages/anyio/_backends/_asyncio.py", line 1002, in run
2026-09-09T19:47:47.703338521Z     result = context.run(func, *args)
2026-09-09T19:47:47.703342849Z   File "/app/app/routers/orders.py", line 36, in checkout
2026-09-09T19:47:47.703347208Z     return create_order(
2026-09-09T19:47:47.703351657Z         db=db,
2026-09-09T19:47:47.703356065Z     ...<2 lines>...
2026-09-09T19:47:47.703360574Z         correlation_id=correlation_id,
2026-09-09T19:47:47.703364993Z     )
2026-09-09T19:47:47.703369432Z   File "/app/app/services/order_service.py", line 42, in create_order
2026-09-09T19:47:47.703373830Z     result = db.execute(
2026-09-09T19:47:47.703378209Z         select(ProductModel).where(ProductModel.id == product_id)
2026-09-09T19:47:47.703382578Z     )
2026-09-09T19:47:47.703386987Z   File "/usr/local/lib/python3.13/site-packages/sqlalchemy/orm/session.py", line 2372, in execute
2026-09-09T19:47:47.703391325Z     return self._execute_internal(
2026-09-09T19:47:47.703395694Z            ~~~~~~~~~~~~~~~~~~~~~~^
2026-09-09T19:47:47.703400022Z         statement,
2026-09-09T19:47:47.703404471Z         ^^^^^^^^^^
2026-09-09T19:47:47.703408820Z     ...<4 lines>...
2026-09-09T19:47:47.703414120Z         _add_event=_add_event,
2026-09-09T19:47:47.703418519Z         ^^^^^^^^^^^^^^^^^^^^^^
2026-09-09T19:47:47.703422848Z     )
2026-09-09T19:47:47.703427166Z     ^
2026-09-09T19:47:47.703431565Z   File "/usr/local/lib/python3.13/site-packages/sqlalchemy/orm/session.py", line 2260, in _execute_internal
2026-09-09T19:47:47.703435984Z     conn = self._connection_for_bind(bind)
2026-09-09T19:47:47.703440392Z   File "/usr/local/lib/python3.13/site-packages/sqlalchemy/orm/session.py", line 2112, in _connection_for_bind
2026-09-09T19:47:47.703444831Z     return trans._connection_for_bind(engine, execution_options)
2026-09-09T19:47:47.703449200Z            ~~~~~~~~~~~~~~~~~~~~~~~~~~^^^^^^^^^^^^^^^^^^^^^^^^^^^
2026-09-09T19:47:47.703453568Z   File "<string>", line 2, in _connection_for_bind
2026-09-09T19:47:47.703457897Z   File "/usr/local/lib/python3.13/site-packages/sqlalchemy/orm/state_changes.py", line 137, in _go
2026-09-09T19:47:47.703462276Z     ret_value = fn(self, *arg, **kw)
2026-09-09T19:47:47.703466654Z   File "/usr/local/lib/python3.13/site-packages/sqlalchemy/orm/session.py", line 1191, in _connection_for_bind
2026-09-09T19:47:47.703471013Z     conn = bind.connect()
2026-09-09T19:47:47.703476754Z   File "/usr/local/lib/python3.13/site-packages/opentelemetry/instrumentation/sqlalchemy/engine.py", line 200, in _wrap_connect_internal
2026-09-09T19:47:47.703508908Z     return func(*args, **kwargs)
2026-09-09T19:47:47.703513657Z   File "/usr/local/lib/python3.13/site-packages/sqlalchemy/engine/base.py", line 3295, in connect
2026-09-09T19:47:47.703518016Z     return self._connection_cls(self)
2026-09-09T19:47:47.703522305Z            ~~~~~~~~~~~~~~~~~~~~^^^^^^
2026-09-09T19:47:47.703526583Z   File "/usr/local/lib/python3.13/site-packages/sqlalchemy/engine/base.py", line 144, in __init__
2026-09-09T19:47:47.703530932Z     self._dbapi_connection = engine.raw_connection()
2026-09-09T19:47:47.703535240Z                              ~~~~~~~~~~~~~~~~~~~~~^^
2026-09-09T19:47:47.703539609Z   File "/usr/local/lib/python3.13/site-packages/sqlalchemy/engine/base.py", line 3319, in raw_connection
2026-09-09T19:47:47.703543917Z     return self.pool.connect()
2026-09-09T19:47:47.703548226Z            ~~~~~~~~~~~~~~~~~^^
2026-09-09T19:47:47.703552585Z   File "/usr/local/lib/python3.13/site-packages/sqlalchemy/pool/base.py", line 448, in connect
2026-09-09T19:47:47.703556893Z     return _ConnectionFairy._checkout(self)
2026-09-09T19:47:47.703561162Z            ~~~~~~~~~~~~~~~~~~~~~~~~~~^^^^^^
2026-09-09T19:47:47.703565530Z   File "/usr/local/lib/python3.13/site-packages/sqlalchemy/pool/base.py", line 1272, in _checkout
2026-09-09T19:47:47.703569869Z     fairy = _ConnectionRecord.checkout(pool)
2026-09-09T19:47:47.703574207Z   File "/usr/local/lib/python3.13/site-packages/sqlalchemy/pool/base.py", line 712, in checkout
2026-09-09T19:47:47.703578526Z     rec = pool._do_get()
2026-09-09T19:47:47.703582865Z   File "/usr/local/lib/python3.13/site-packages/sqlalchemy/pool/impl.py", line 167, in _do_get
2026-09-09T19:47:47.703587193Z     raise exc.TimeoutError(
2026-09-09T19:47:47.703591542Z     ...<4 lines>...
2026-09-09T19:47:47.703595850Z     )
2026-09-09T19:47:47.703600940Z sqlalchemy.exc.TimeoutError: QueuePool limit of size 5 overflow 10 reached, connection timed out, timeout 30.00 (Background on this error at: https://sqlalche.me/e/20/3o7r)
2026-09-09T19:47:47.753609520Z ERROR:    Exception in ASGI application
2026-09-09T19:47:47.753645311Z Traceback (most recent call last):
2026-09-09T19:47:47.753648377Z   File "/usr/local/lib/python3.13/site-packages/uvicorn/protocols/http/httptools_impl.py", line 421, in run_asgi
2026-09-09T19:47:47.753651383Z     result = await app(  # type: ignore[func-returns-value]
2026-09-09T19:47:47.753653527Z              ^^^^^^^^^^^^^^^^^^^^^^^^^^^^^^^^^^^^^^^^^^^^^^
2026-09-09T19:47:47.753655481Z         self.scope, self.receive, self.send
2026-09-09T19:47:47.753657575Z         ^^^^^^^^^^^^^^^^^^^^^^^^^^^^^^^^^^^
2026-09-09T19:47:47.753659589Z     )
2026-09-09T19:47:47.753661553Z     ^
2026-09-09T19:47:47.753663547Z   File "/usr/local/lib/python3.13/site-packages/uvicorn/middleware/proxy_headers.py", line 63, in __call__
2026-09-09T19:47:47.753665491Z     return await self.app(scope, receive, send)
2026-09-09T19:47:47.753667414Z            ^^^^^^^^^^^^^^^^^^^^^^^^^^^^^^^^^^^^
2026-09-09T19:47:47.753670150Z   File "/usr/local/lib/python3.13/site-packages/fastapi/applications.py", line 1159, in __call__
2026-09-09T19:47:47.753672094Z     await super().__call__(scope, receive, send)
2026-09-09T19:47:47.753674068Z   File "/usr/local/lib/python3.13/site-packages/starlette/applications.py", line 107, in __call__
2026-09-09T19:47:47.753676052Z     await self.middleware_stack(scope, receive, send)
2026-09-09T19:47:47.753678577Z   File "/usr/local/lib/python3.13/site-packages/starlette/middleware/errors.py", line 186, in __call__
2026-09-09T19:47:47.753680520Z     raise exc
2026-09-09T19:47:47.753682484Z   File "/usr/local/lib/python3.13/site-packages/starlette/middleware/errors.py", line 164, in __call__
2026-09-09T19:47:47.753703306Z     await self.app(scope, receive, _send)
2026-09-09T19:47:47.753705931Z   File "/usr/local/lib/python3.13/site-packages/opentelemetry/instrumentation/asgi/__init__.py", line 806, in __call__
2026-09-09T19:47:47.753707865Z     await self.app(scope, otel_receive, otel_send)
2026-09-09T19:47:47.753709828Z   File "/usr/local/lib/python3.13/site-packages/starlette/middleware/errors.py", line 186, in __call__
2026-09-09T19:47:47.753711752Z     raise exc
2026-09-09T19:47:47.753713746Z   File "/usr/local/lib/python3.13/site-packages/starlette/middleware/errors.py", line 164, in __call__
2026-09-09T19:47:47.753715660Z     await self.app(scope, receive, _send)
2026-09-09T19:47:47.753717624Z   File "/usr/local/lib/python3.13/site-packages/opentelemetry/instrumentation/fastapi/__init__.py", line 305, in __call__
2026-09-09T19:47:47.753719558Z     await self.app(scope, receive, send)
2026-09-09T19:47:47.753721492Z   File "/usr/local/lib/python3.13/site-packages/prometheus_fastapi_instrumentator/middleware.py", line 177, in __call__
2026-09-09T19:47:47.753723486Z     raise exc
2026-09-09T19:47:47.753725560Z   File "/usr/local/lib/python3.13/site-packages/prometheus_fastapi_instrumentator/middleware.py", line 175, in __call__
2026-09-09T19:47:47.753727634Z     await self.app(scope, receive, send_wrapper)
2026-09-09T19:47:47.753729708Z   File "/usr/local/lib/python3.13/site-packages/starlette/middleware/exceptions.py", line 63, in __call__
2026-09-09T19:47:47.753732243Z     await wrap_app_handling_exceptions(self.app, conn)(scope, receive, send)
2026-09-09T19:47:47.753734658Z   File "/usr/local/lib/python3.13/site-packages/starlette/_exception_handler.py", line 53, in wrapped_app
2026-09-09T19:47:47.753737062Z     raise exc
2026-09-09T19:47:47.753739477Z   File "/usr/local/lib/python3.13/site-packages/starlette/_exception_handler.py", line 42, in wrapped_app
2026-09-09T19:47:47.753741581Z     await app(scope, receive, sender)
2026-09-09T19:47:47.753743535Z   File "/usr/local/lib/python3.13/site-packages/fastapi/middleware/asyncexitstack.py", line 18, in __call__
2026-09-09T19:47:47.753745469Z     await self.app(scope, receive, send)
2026-09-09T19:47:47.753747724Z   File "/usr/local/lib/python3.13/site-packages/starlette/routing.py", line 716, in __call__
2026-09-09T19:47:47.753750168Z     await self.middleware_stack(scope, receive, send)
2026-09-09T19:47:47.753755850Z   File "/usr/local/lib/python3.13/site-packages/starlette/routing.py", line 736, in app
2026-09-09T19:47:47.753757834Z     await route.handle(scope, receive, send)
2026-09-09T19:47:47.753759787Z   File "/usr/local/lib/python3.13/site-packages/starlette/routing.py", line 290, in handle
2026-09-09T19:47:47.753761741Z     await self.app(scope, receive, send)
2026-09-09T19:47:47.753763775Z   File "/usr/local/lib/python3.13/site-packages/fastapi/routing.py", line 134, in app
2026-09-09T19:47:47.753765729Z     await wrap_app_handling_exceptions(app, request)(scope, receive, send)
2026-09-09T19:47:47.753767673Z   File "/usr/local/lib/python3.13/site-packages/starlette/_exception_handler.py", line 53, in wrapped_app
2026-09-09T19:47:47.753769637Z     raise exc
2026-09-09T19:47:47.753771651Z   File "/usr/local/lib/python3.13/site-packages/starlette/_exception_handler.py", line 42, in wrapped_app
2026-09-09T19:47:47.753773575Z     await app(scope, receive, sender)
2026-09-09T19:47:47.753775509Z   File "/usr/local/lib/python3.13/site-packages/fastapi/routing.py", line 120, in app
2026-09-09T19:47:47.753777973Z     response = await f(request)
2026-09-09T19:47:47.753779927Z                ^^^^^^^^^^^^^^^^
2026-09-09T19:47:47.753781851Z   File "/usr/local/lib/python3.13/site-packages/fastapi/routing.py", line 674, in app
2026-09-09T19:47:47.753788885Z     raw_response = await run_endpoint_function(
2026-09-09T19:47:47.753790909Z                    ^^^^^^^^^^^^^^^^^^^^^^^^^^^^
2026-09-09T19:47:47.753793304Z     ...<3 lines>...
2026-09-09T19:47:47.753795248Z     )
2026-09-09T19:47:47.753797192Z     ^
2026-09-09T19:47:47.753799135Z   File "/usr/local/lib/python3.13/site-packages/fastapi/routing.py", line 330, in run_endpoint_function
2026-09-09T19:47:47.753801089Z     return await run_in_threadpool(dependant.call, **values)
2026-09-09T19:47:47.753803023Z            ^^^^^^^^^^^^^^^^^^^^^^^^^^^^^^^^^^^^^^^^^^^^^^^^^
2026-09-09T19:47:47.753835528Z   File "/usr/local/lib/python3.13/site-packages/starlette/concurrency.py", line 32, in run_in_threadpool
2026-09-09T19:47:47.753840397Z     return await anyio.to_thread.run_sync(func)
2026-09-09T19:47:47.753842441Z            ^^^^^^^^^^^^^^^^^^^^^^^^^^^^^^^^^^^^
2026-09-09T19:47:47.753844365Z   File "/usr/local/lib/python3.13/site-packages/anyio/to_thread.py", line 63, in run_sync
2026-09-09T19:47:47.753846389Z     return await get_async_backend().run_sync_in_worker_thread(
2026-09-09T19:47:47.753848403Z            ^^^^^^^^^^^^^^^^^^^^^^^^^^^^^^^^^^^^^^^^^^^^^^^^^^^^
2026-09-09T19:47:47.753850367Z         func, args, abandon_on_cancel=abandon_on_cancel, limiter=limiter
2026-09-09T19:47:47.753852421Z         ^^^^^^^^^^^^^^^^^^^^^^^^^^^^^^^^^^^^^^^^^^^^^^^^^^^^^^^^^^^^^^^^
2026-09-09T19:47:47.753854375Z     )
2026-09-09T19:47:47.753856329Z     ^
2026-09-09T19:47:47.753858253Z   File "/usr/local/lib/python3.13/site-packages/anyio/_backends/_asyncio.py", line 2518, in run_sync_in_worker_thread
2026-09-09T19:47:47.753860206Z     return await future
2026-09-09T19:47:47.753862120Z            ^^^^^^^^^^^^
2026-09-09T19:47:47.753864144Z   File "/usr/local/lib/python3.13/site-packages/anyio/_backends/_asyncio.py", line 1002, in run
2026-09-09T19:47:47.753866088Z     result = context.run(func, *args)
2026-09-09T19:47:47.753868012Z   File "/app/app/routers/orders.py", line 36, in checkout
2026-09-09T19:47:47.753869936Z     return create_order(
2026-09-09T19:47:47.753871859Z         db=db,
2026-09-09T19:47:47.753873793Z     ...<2 lines>...
2026-09-09T19:47:47.753875727Z         correlation_id=correlation_id,
2026-09-09T19:47:47.753877661Z     )
2026-09-09T19:47:47.753881799Z   File "/app/app/services/order_service.py", line 42, in create_order
2026-09-09T19:47:47.753883813Z     result = db.execute(
2026-09-09T19:47:47.753885777Z         select(ProductModel).where(ProductModel.id == product_id)
2026-09-09T19:47:47.753887761Z     )
2026-09-09T19:47:47.753889695Z   File "/usr/local/lib/python3.13/site-packages/sqlalchemy/orm/session.py", line 2372, in execute
2026-09-09T19:47:47.753891619Z     return self._execute_internal(
2026-09-09T19:47:47.753893562Z            ~~~~~~~~~~~~~~~~~~~~~~^
2026-09-09T19:47:47.753895506Z         statement,
2026-09-09T19:47:47.753897460Z         ^^^^^^^^^^
2026-09-09T19:47:47.753899404Z     ...<4 lines>...
2026-09-09T19:47:47.753901338Z         _add_event=_add_event,
2026-09-09T19:47:47.753903262Z         ^^^^^^^^^^^^^^^^^^^^^^
2026-09-09T19:47:47.753905175Z     )
2026-09-09T19:47:47.753907079Z     ^
2026-09-09T19:47:47.753909023Z   File "/usr/local/lib/python3.13/site-packages/sqlalchemy/orm/session.py", line 2260, in _execute_internal
2026-09-09T19:47:47.753910957Z     conn = self._connection_for_bind(bind)
2026-09-09T19:47:47.753912911Z   File "/usr/local/lib/python3.13/site-packages/sqlalchemy/orm/session.py", line 2112, in _connection_for_bind
2026-09-09T19:47:47.753914885Z     return trans._connection_for_bind(engine, execution_options)
2026-09-09T19:47:47.753924594Z            ~~~~~~~~~~~~~~~~~~~~~~~~~~^^^^^^^^^^^^^^^^^^^^^^^^^^^
2026-09-09T19:47:47.753926628Z   File "<string>", line 2, in _connection_for_bind
2026-09-09T19:47:47.753928562Z   File "/usr/local/lib/python3.13/site-packages/sqlalchemy/orm/state_changes.py", line 137, in _go
2026-09-09T19:47:47.753930476Z     ret_value = fn(self, *arg, **kw)
2026-09-09T19:47:47.753932399Z   File "/usr/local/lib/python3.13/site-packages/sqlalchemy/orm/session.py", line 1191, in _connection_for_bind
2026-09-09T19:47:47.753934303Z     conn = bind.connect()
2026-09-09T19:47:47.753936928Z   File "/usr/local/lib/python3.13/site-packages/opentelemetry/instrumentation/sqlalchemy/engine.py", line 200, in _wrap_connect_internal
2026-09-09T19:47:47.753938872Z     return func(*args, **kwargs)
2026-09-09T19:47:47.753940796Z   File "/usr/local/lib/python3.13/site-packages/sqlalchemy/engine/base.py", line 3295, in connect
2026-09-09T19:47:47.753942720Z     return self._connection_cls(self)
2026-09-09T19:47:47.753944634Z            ~~~~~~~~~~~~~~~~~~~~^^^^^^
2026-09-09T19:47:47.753946537Z   File "/usr/local/lib/python3.13/site-packages/sqlalchemy/engine/base.py", line 144, in __init__
2026-09-09T19:47:47.753948431Z     self._dbapi_connection = engine.raw_connection()
2026-09-09T19:47:47.753950335Z                              ~~~~~~~~~~~~~~~~~~~~~^^
2026-09-09T19:47:47.753952269Z   File "/usr/local/lib/python3.13/site-packages/sqlalchemy/engine/base.py", line 3319, in raw_connection
2026-09-09T19:47:47.753954183Z     return self.pool.connect()
2026-09-09T19:47:47.753956096Z            ~~~~~~~~~~~~~~~~~^^
2026-09-09T19:47:47.753958020Z   File "/usr/local/lib/python3.13/site-packages/sqlalchemy/pool/base.py", line 448, in connect
2026-09-09T19:47:47.753960024Z     return _ConnectionFairy._checkout(self)
2026-09-09T19:47:47.753961998Z            ~~~~~~~~~~~~~~~~~~~~~~~~~~^^^^^^
2026-09-09T19:47:47.753963922Z   File "/usr/local/lib/python3.13/site-packages/sqlalchemy/pool/base.py", line 1272, in _checkout
2026-09-09T19:47:47.753965876Z     fairy = _ConnectionRecord.checkout(pool)
2026-09-09T19:47:47.753967860Z   File "/usr/local/lib/python3.13/site-packages/sqlalchemy/pool/base.py", line 712, in checkout
2026-09-09T19:47:47.753969804Z     rec = pool._do_get()
2026-09-09T19:47:47.753971737Z   File "/usr/local/lib/python3.13/site-packages/sqlalchemy/pool/impl.py", line 167, in _do_get
2026-09-09T19:47:47.753973651Z     raise exc.TimeoutError(
2026-09-09T19:47:47.753975575Z     ...<4 lines>...
2026-09-09T19:47:47.753977689Z     )
2026-09-09T19:47:47.753980144Z sqlalchemy.exc.TimeoutError: QueuePool limit of size 5 overflow 10 reached, connection timed out, timeout 30.00 (Background on this error at: https://sqlalche.me/e/20/3o7r)
2026-09-09T19:47:47.760955757Z ERROR:    Exception in ASGI application
2026-09-09T19:47:47.760996137Z Traceback (most recent call last):
2026-09-09T19:47:47.761002019Z   File "/usr/local/lib/python3.13/site-packages/uvicorn/protocols/http/httptools_impl.py", line 421, in run_asgi
2026-09-09T19:47:47.761007379Z     result = await app(  # type: ignore[func-returns-value]
2026-09-09T19:47:47.761011798Z              ^^^^^^^^^^^^^^^^^^^^^^^^^^^^^^^^^^^^^^^^^^^^^^
2026-09-09T19:47:47.761020195Z         self.scope, self.receive, self.send
2026-09-09T19:47:47.761024774Z         ^^^^^^^^^^^^^^^^^^^^^^^^^^^^^^^^^^^
2026-09-09T19:47:47.761029152Z     )
2026-09-09T19:47:47.761033761Z     ^
2026-09-09T19:47:47.761038220Z   File "/usr/local/lib/python3.13/site-packages/uvicorn/middleware/proxy_headers.py", line 63, in __call__
2026-09-09T19:47:47.761042649Z     return await self.app(scope, receive, send)
2026-09-09T19:47:47.761070133Z            ^^^^^^^^^^^^^^^^^^^^^^^^^^^^^^^^^^^^
2026-09-09T19:47:47.761075504Z   File "/usr/local/lib/python3.13/site-packages/fastapi/applications.py", line 1159, in __call__
2026-09-09T19:47:47.761079883Z     await super().__call__(scope, receive, send)
2026-09-09T19:47:47.761084362Z   File "/usr/local/lib/python3.13/site-packages/starlette/applications.py", line 107, in __call__
2026-09-09T19:47:47.761091205Z     await self.middleware_stack(scope, receive, send)
2026-09-09T19:47:47.761095734Z   File "/usr/local/lib/python3.13/site-packages/starlette/middleware/errors.py", line 186, in __call__
2026-09-09T19:47:47.761100183Z     raise exc
2026-09-09T19:47:47.761105003Z   File "/usr/local/lib/python3.13/site-packages/starlette/middleware/errors.py", line 164, in __call__
2026-09-09T19:47:47.761109481Z     await self.app(scope, receive, _send)
2026-09-09T19:47:47.761114321Z   File "/usr/local/lib/python3.13/site-packages/opentelemetry/instrumentation/asgi/__init__.py", line 806, in __call__
2026-09-09T19:47:47.761118690Z     await self.app(scope, otel_receive, otel_send)
2026-09-09T19:47:47.761123118Z   File "/usr/local/lib/python3.13/site-packages/starlette/middleware/errors.py", line 186, in __call__
2026-09-09T19:47:47.761127507Z     raise exc
2026-09-09T19:47:47.761131916Z   File "/usr/local/lib/python3.13/site-packages/starlette/middleware/errors.py", line 164, in __call__
2026-09-09T19:47:47.761136305Z     await self.app(scope, receive, _send)
2026-09-09T19:47:47.761140753Z   File "/usr/local/lib/python3.13/site-packages/opentelemetry/instrumentation/fastapi/__init__.py", line 305, in __call__
2026-09-09T19:47:47.761145172Z     await self.app(scope, receive, send)
2026-09-09T19:47:47.761149541Z   File "/usr/local/lib/python3.13/site-packages/prometheus_fastapi_instrumentator/middleware.py", line 177, in __call__
2026-09-09T19:47:47.761153940Z     raise exc
2026-09-09T19:47:47.761158569Z   File "/usr/local/lib/python3.13/site-packages/prometheus_fastapi_instrumentator/middleware.py", line 175, in __call__
2026-09-09T19:47:47.761162897Z     await self.app(scope, receive, send_wrapper)
2026-09-09T19:47:47.761167296Z   File "/usr/local/lib/python3.13/site-packages/starlette/middleware/exceptions.py", line 63, in __call__
2026-09-09T19:47:47.761172116Z     await wrap_app_handling_exceptions(self.app, conn)(scope, receive, send)
2026-09-09T19:47:47.761176454Z   File "/usr/local/lib/python3.13/site-packages/starlette/_exception_handler.py", line 53, in wrapped_app
2026-09-09T19:47:47.761180813Z     raise exc
2026-09-09T19:47:47.761185181Z   File "/usr/local/lib/python3.13/site-packages/starlette/_exception_handler.py", line 42, in wrapped_app
2026-09-09T19:47:47.761189540Z     await app(scope, receive, sender)
2026-09-09T19:47:47.761196123Z   File "/usr/local/lib/python3.13/site-packages/fastapi/middleware/asyncexitstack.py", line 18, in __call__
2026-09-09T19:47:47.761200532Z     await self.app(scope, receive, send)
2026-09-09T19:47:47.761204951Z   File "/usr/local/lib/python3.13/site-packages/starlette/routing.py", line 716, in __call__
2026-09-09T19:47:47.761209319Z     await self.middleware_stack(scope, receive, send)
2026-09-09T19:47:47.761213688Z   File "/usr/local/lib/python3.13/site-packages/starlette/routing.py", line 736, in app
2026-09-09T19:47:47.761218047Z     await route.handle(scope, receive, send)
2026-09-09T19:47:47.761222395Z   File "/usr/local/lib/python3.13/site-packages/starlette/routing.py", line 290, in handle
2026-09-09T19:47:47.761226784Z     await self.app(scope, receive, send)
2026-09-09T19:47:47.761231122Z   File "/usr/local/lib/python3.13/site-packages/fastapi/routing.py", line 134, in app
2026-09-09T19:47:47.761235471Z     await wrap_app_handling_exceptions(app, request)(scope, receive, send)
2026-09-09T19:47:47.761250351Z   File "/usr/local/lib/python3.13/site-packages/starlette/_exception_handler.py", line 53, in wrapped_app
2026-09-09T19:47:47.761254880Z     raise exc
2026-09-09T19:47:47.761259298Z   File "/usr/local/lib/python3.13/site-packages/starlette/_exception_handler.py", line 42, in wrapped_app
2026-09-09T19:47:47.761263657Z     await app(scope, receive, sender)
2026-09-09T19:47:47.761268026Z   File "/usr/local/lib/python3.13/site-packages/fastapi/routing.py", line 120, in app
2026-09-09T19:47:47.761272875Z     response = await f(request)
2026-09-09T19:47:47.761277254Z                ^^^^^^^^^^^^^^^^
2026-09-09T19:47:47.761281773Z   File "/usr/local/lib/python3.13/site-packages/fastapi/routing.py", line 674, in app
2026-09-09T19:47:47.761286182Z     raw_response = await run_endpoint_function(
2026-09-09T19:47:47.761290650Z                    ^^^^^^^^^^^^^^^^^^^^^^^^^^^^
2026-09-09T19:47:47.761295520Z     ...<3 lines>...
2026-09-09T19:47:47.761299929Z     )
2026-09-09T19:47:47.761304368Z     ^
2026-09-09T19:47:47.761308736Z   File "/usr/local/lib/python3.13/site-packages/fastapi/routing.py", line 330, in run_endpoint_function
2026-09-09T19:47:47.761313105Z     return await run_in_threadpool(dependant.call, **values)
2026-09-09T19:47:47.761317494Z            ^^^^^^^^^^^^^^^^^^^^^^^^^^^^^^^^^^^^^^^^^^^^^^^^^
2026-09-09T19:47:47.761381761Z   File "/usr/local/lib/python3.13/site-packages/starlette/concurrency.py", line 32, in run_in_threadpool
2026-09-09T19:47:47.761392021Z     return await anyio.to_thread.run_sync(func)
2026-09-09T19:47:47.761396530Z            ^^^^^^^^^^^^^^^^^^^^^^^^^^^^^^^^^^^^
2026-09-09T19:47:47.761400859Z   File "/usr/local/lib/python3.13/site-packages/anyio/to_thread.py", line 63, in run_sync
2026-09-09T19:47:47.761405217Z     return await get_async_backend().run_sync_in_worker_thread(
2026-09-09T19:47:47.761409546Z            ^^^^^^^^^^^^^^^^^^^^^^^^^^^^^^^^^^^^^^^^^^^^^^^^^^^^
2026-09-09T19:47:47.761413844Z         func, args, abandon_on_cancel=abandon_on_cancel, limiter=limiter
2026-09-09T19:47:47.761418273Z         ^^^^^^^^^^^^^^^^^^^^^^^^^^^^^^^^^^^^^^^^^^^^^^^^^^^^^^^^^^^^^^^^
2026-09-09T19:47:47.761422582Z     )
2026-09-09T19:47:47.761426910Z     ^
2026-09-09T19:47:47.761431269Z   File "/usr/local/lib/python3.13/site-packages/anyio/_backends/_asyncio.py", line 2518, in run_sync_in_worker_thread
2026-09-09T19:47:47.761435577Z     return await future
2026-09-09T19:47:47.761440036Z            ^^^^^^^^^^^^
2026-09-09T19:47:47.761444385Z   File "/usr/local/lib/python3.13/site-packages/anyio/_backends/_asyncio.py", line 1002, in run
2026-09-09T19:47:47.761448704Z     result = context.run(func, *args)
2026-09-09T19:47:47.761453122Z   File "/app/app/routers/orders.py", line 36, in checkout
2026-09-09T19:47:47.761457501Z     return create_order(
2026-09-09T19:47:47.761461890Z         db=db,
2026-09-09T19:47:47.761466238Z     ...<2 lines>...
2026-09-09T19:47:47.761470737Z         correlation_id=correlation_id,
2026-09-09T19:47:47.761475086Z     )
2026-09-09T19:47:47.761479495Z   File "/app/app/services/order_service.py", line 42, in create_order
2026-09-09T19:47:47.761483853Z     result = db.execute(
2026-09-09T19:47:47.761488242Z         select(ProductModel).where(ProductModel.id == product_id)
2026-09-09T19:47:47.761492590Z     )
2026-09-09T19:47:47.761496929Z   File "/usr/local/lib/python3.13/site-packages/sqlalchemy/orm/session.py", line 2372, in execute
2026-09-09T19:47:47.761501258Z     return self._execute_internal(
2026-09-09T19:47:47.761505586Z            ~~~~~~~~~~~~~~~~~~~~~~^
2026-09-09T19:47:47.761509905Z         statement,
2026-09-09T19:47:47.761531187Z         ^^^^^^^^^^
2026-09-09T19:47:47.761535716Z     ...<4 lines>...
2026-09-09T19:47:47.761540075Z         _add_event=_add_event,
2026-09-09T19:47:47.761544403Z         ^^^^^^^^^^^^^^^^^^^^^^
2026-09-09T19:47:47.761548652Z     )
2026-09-09T19:47:47.761552930Z     ^
2026-09-09T19:47:47.761557299Z   File "/usr/local/lib/python3.13/site-packages/sqlalchemy/orm/session.py", line 2260, in _execute_internal
2026-09-09T19:47:47.761561637Z     conn = self._connection_for_bind(bind)
2026-09-09T19:47:47.761565976Z   File "/usr/local/lib/python3.13/site-packages/sqlalchemy/orm/session.py", line 2112, in _connection_for_bind
2026-09-09T19:47:47.761570314Z     return trans._connection_for_bind(engine, execution_options)
2026-09-09T19:47:47.761574683Z            ~~~~~~~~~~~~~~~~~~~~~~~~~~^^^^^^^^^^^^^^^^^^^^^^^^^^^
2026-09-09T19:47:47.761578982Z   File "<string>", line 2, in _connection_for_bind
2026-09-09T19:47:47.761583350Z   File "/usr/local/lib/python3.13/site-packages/sqlalchemy/orm/state_changes.py", line 137, in _go
2026-09-09T19:47:47.761587659Z     ret_value = fn(self, *arg, **kw)
2026-09-09T19:47:47.761591947Z   File "/usr/local/lib/python3.13/site-packages/sqlalchemy/orm/session.py", line 1191, in _connection_for_bind
2026-09-09T19:47:47.761596266Z     conn = bind.connect()
2026-09-09T19:47:47.761601476Z   File "/usr/local/lib/python3.13/site-packages/opentelemetry/instrumentation/sqlalchemy/engine.py", line 200, in _wrap_connect_internal
2026-09-09T19:47:47.761605955Z     return func(*args, **kwargs)
2026-09-09T19:47:47.761610324Z   File "/usr/local/lib/python3.13/site-packages/sqlalchemy/engine/base.py", line 3295, in connect
2026-09-09T19:47:47.761614702Z     return self._connection_cls(self)
2026-09-09T19:47:47.761618991Z            ~~~~~~~~~~~~~~~~~~~~^^^^^^
2026-09-09T19:47:47.761623370Z   File "/usr/local/lib/python3.13/site-packages/sqlalchemy/engine/base.py", line 144, in __init__
2026-09-09T19:47:47.761627708Z     self._dbapi_connection = engine.raw_connection()
2026-09-09T19:47:47.761631977Z                              ~~~~~~~~~~~~~~~~~~~~~^^
2026-09-09T19:47:47.761636275Z   File "/usr/local/lib/python3.13/site-packages/sqlalchemy/engine/base.py", line 3319, in raw_connection
2026-09-09T19:47:47.761640604Z     return self.pool.connect()
2026-09-09T19:47:47.761644942Z            ~~~~~~~~~~~~~~~~~^^
2026-09-09T19:47:47.761649241Z   File "/usr/local/lib/python3.13/site-packages/sqlalchemy/pool/base.py", line 448, in connect
2026-09-09T19:47:47.761653539Z     return _ConnectionFairy._checkout(self)
2026-09-09T19:47:47.761657908Z            ~~~~~~~~~~~~~~~~~~~~~~~~~~^^^^^^
2026-09-09T19:47:47.761662206Z   File "/usr/local/lib/python3.13/site-packages/sqlalchemy/pool/base.py", line 1272, in _checkout
2026-09-09T19:47:47.761666505Z     fairy = _ConnectionRecord.checkout(pool)
2026-09-09T19:47:47.761670804Z   File "/usr/local/lib/python3.13/site-packages/sqlalchemy/pool/base.py", line 712, in checkout
2026-09-09T19:47:47.761675122Z     rec = pool._do_get()
2026-09-09T19:47:47.761679431Z   File "/usr/local/lib/python3.13/site-packages/sqlalchemy/pool/impl.py", line 167, in _do_get
2026-09-09T19:47:47.761683739Z     raise exc.TimeoutError(
2026-09-09T19:47:47.761688048Z     ...<4 lines>...
2026-09-09T19:47:47.761692336Z     )
2026-09-09T19:47:47.761697336Z sqlalchemy.exc.TimeoutError: QueuePool limit of size 5 overflow 10 reached, connection timed out, timeout 30.00 (Background on this error at: https://sqlalche.me/e/20/3o7r)
2026-09-09T19:47:47.875642022Z ERROR:    Exception in ASGI application
2026-09-09T19:47:47.875672632Z Traceback (most recent call last):
2026-09-09T19:47:47.875675979Z   File "/usr/local/lib/python3.13/site-packages/uvicorn/protocols/http/httptools_impl.py", line 421, in run_asgi
2026-09-09T19:47:47.875695027Z     result = await app(  # type: ignore[func-returns-value]
2026-09-09T19:47:47.875697081Z              ^^^^^^^^^^^^^^^^^^^^^^^^^^^^^^^^^^^^^^^^^^^^^^
2026-09-09T19:47:47.875699004Z         self.scope, self.receive, self.send
2026-09-09T19:47:47.875700938Z         ^^^^^^^^^^^^^^^^^^^^^^^^^^^^^^^^^^^
2026-09-09T19:47:47.875702882Z     )
2026-09-09T19:47:47.875704856Z     ^
2026-09-09T19:47:47.875706820Z   File "/usr/local/lib/python3.13/site-packages/uvicorn/middleware/proxy_headers.py", line 63, in __call__
2026-09-09T19:47:47.875708804Z     return await self.app(scope, receive, send)
2026-09-09T19:47:47.875710738Z            ^^^^^^^^^^^^^^^^^^^^^^^^^^^^^^^^^^^^
2026-09-09T19:47:47.875713453Z   File "/usr/local/lib/python3.13/site-packages/fastapi/applications.py", line 1159, in __call__
2026-09-09T19:47:47.875715407Z     await super().__call__(scope, receive, send)
2026-09-09T19:47:47.875717331Z   File "/usr/local/lib/python3.13/site-packages/starlette/applications.py", line 107, in __call__
2026-09-09T19:47:47.875719265Z     await self.middleware_stack(scope, receive, send)
2026-09-09T19:47:47.875721299Z   File "/usr/local/lib/python3.13/site-packages/starlette/middleware/errors.py", line 186, in __call__
2026-09-09T19:47:47.875723273Z     raise exc
2026-09-09T19:47:47.875725507Z   File "/usr/local/lib/python3.13/site-packages/starlette/middleware/errors.py", line 164, in __call__
2026-09-09T19:47:47.875727491Z     await self.app(scope, receive, _send)
2026-09-09T19:47:47.875729946Z   File "/usr/local/lib/python3.13/site-packages/opentelemetry/instrumentation/asgi/__init__.py", line 806, in __call__
2026-09-09T19:47:47.875731900Z     await self.app(scope, otel_receive, otel_send)
2026-09-09T19:47:47.875733934Z   File "/usr/local/lib/python3.13/site-packages/starlette/middleware/errors.py", line 186, in __call__
2026-09-09T19:47:47.875736118Z     raise exc
2026-09-09T19:47:47.875738052Z   File "/usr/local/lib/python3.13/site-packages/starlette/middleware/errors.py", line 164, in __call__
2026-09-09T19:47:47.875739986Z     await self.app(scope, receive, _send)
2026-09-09T19:47:47.875742030Z   File "/usr/local/lib/python3.13/site-packages/opentelemetry/instrumentation/fastapi/__init__.py", line 305, in __call__
2026-09-09T19:47:47.875744004Z     await self.app(scope, receive, send)
2026-09-09T19:47:47.875745937Z   File "/usr/local/lib/python3.13/site-packages/prometheus_fastapi_instrumentator/middleware.py", line 177, in __call__
2026-09-09T19:47:47.875747851Z     raise exc
2026-09-09T19:47:47.875749765Z   File "/usr/local/lib/python3.13/site-packages/prometheus_fastapi_instrumentator/middleware.py", line 175, in __call__
2026-09-09T19:47:47.875751809Z     await self.app(scope, receive, send_wrapper)
2026-09-09T19:47:47.875753833Z   File "/usr/local/lib/python3.13/site-packages/starlette/middleware/exceptions.py", line 63, in __call__
2026-09-09T19:47:47.875756398Z     await wrap_app_handling_exceptions(self.app, conn)(scope, receive, send)
2026-09-09T19:47:47.875758382Z   File "/usr/local/lib/python3.13/site-packages/starlette/_exception_handler.py", line 53, in wrapped_app
2026-09-09T19:47:47.875760306Z     raise exc
2026-09-09T19:47:47.875763993Z   File "/usr/local/lib/python3.13/site-packages/starlette/_exception_handler.py", line 42, in wrapped_app
2026-09-09T19:47:47.875765947Z     await app(scope, receive, sender)
2026-09-09T19:47:47.875767921Z   File "/usr/local/lib/python3.13/site-packages/fastapi/middleware/asyncexitstack.py", line 18, in __call__
2026-09-09T19:47:47.875769865Z     await self.app(scope, receive, send)
2026-09-09T19:47:47.875771889Z   File "/usr/local/lib/python3.13/site-packages/starlette/routing.py", line 716, in __call__
2026-09-09T19:47:47.875778652Z     await self.middleware_stack(scope, receive, send)
2026-09-09T19:47:47.875780706Z   File "/usr/local/lib/python3.13/site-packages/starlette/routing.py", line 736, in app
2026-09-09T19:47:47.875782640Z     await route.handle(scope, receive, send)
2026-09-09T19:47:47.875784584Z   File "/usr/local/lib/python3.13/site-packages/starlette/routing.py", line 290, in handle
2026-09-09T19:47:47.875786528Z     await self.app(scope, receive, send)
2026-09-09T19:47:47.875788452Z   File "/usr/local/lib/python3.13/site-packages/fastapi/routing.py", line 134, in app
2026-09-09T19:47:47.875790375Z     await wrap_app_handling_exceptions(app, request)(scope, receive, send)
2026-09-09T19:47:47.875792309Z   File "/usr/local/lib/python3.13/site-packages/starlette/_exception_handler.py", line 53, in wrapped_app
2026-09-09T19:47:47.875794233Z     raise exc
2026-09-09T19:47:47.875796187Z   File "/usr/local/lib/python3.13/site-packages/starlette/_exception_handler.py", line 42, in wrapped_app
2026-09-09T19:47:47.875798111Z     await app(scope, receive, sender)
2026-09-09T19:47:47.875800025Z   File "/usr/local/lib/python3.13/site-packages/fastapi/routing.py", line 120, in app
2026-09-09T19:47:47.875802750Z     response = await f(request)
2026-09-09T19:47:47.875804714Z                ^^^^^^^^^^^^^^^^
2026-09-09T19:47:47.875806628Z   File "/usr/local/lib/python3.13/site-packages/fastapi/routing.py", line 674, in app
2026-09-09T19:47:47.875808572Z     raw_response = await run_endpoint_function(
2026-09-09T19:47:47.875810505Z                    ^^^^^^^^^^^^^^^^^^^^^^^^^^^^
2026-09-09T19:47:47.875812770Z     ...<3 lines>...
2026-09-09T19:47:47.875814724Z     )
2026-09-09T19:47:47.875816678Z     ^
2026-09-09T19:47:47.875818641Z   File "/usr/local/lib/python3.13/site-packages/fastapi/routing.py", line 330, in run_endpoint_function
2026-09-09T19:47:47.875820565Z     return await run_in_threadpool(dependant.call, **values)
2026-09-09T19:47:47.875822479Z            ^^^^^^^^^^^^^^^^^^^^^^^^^^^^^^^^^^^^^^^^^^^^^^^^^
2026-09-09T19:47:47.875835886Z   File "/usr/local/lib/python3.13/site-packages/starlette/concurrency.py", line 32, in run_in_threadpool
2026-09-09T19:47:47.875838050Z     return await anyio.to_thread.run_sync(func)
2026-09-09T19:47:47.875839994Z            ^^^^^^^^^^^^^^^^^^^^^^^^^^^^^^^^^^^^
2026-09-09T19:47:47.875841928Z   File "/usr/local/lib/python3.13/site-packages/anyio/to_thread.py", line 63, in run_sync
2026-09-09T19:47:47.875843861Z     return await get_async_backend().run_sync_in_worker_thread(
2026-09-09T19:47:47.875845795Z            ^^^^^^^^^^^^^^^^^^^^^^^^^^^^^^^^^^^^^^^^^^^^^^^^^^^^
2026-09-09T19:47:47.875847729Z         func, args, abandon_on_cancel=abandon_on_cancel, limiter=limiter
2026-09-09T19:47:47.875849663Z         ^^^^^^^^^^^^^^^^^^^^^^^^^^^^^^^^^^^^^^^^^^^^^^^^^^^^^^^^^^^^^^^^
2026-09-09T19:47:47.875851597Z     )
2026-09-09T19:47:47.875853531Z     ^
2026-09-09T19:47:47.875855484Z   File "/usr/local/lib/python3.13/site-packages/anyio/_backends/_asyncio.py", line 2518, in run_sync_in_worker_thread
2026-09-09T19:47:47.875857438Z     return await future
2026-09-09T19:47:47.875859392Z            ^^^^^^^^^^^^
2026-09-09T19:47:47.875861396Z   File "/usr/local/lib/python3.13/site-packages/anyio/_backends/_asyncio.py", line 1002, in run
2026-09-09T19:47:47.875863320Z     result = context.run(func, *args)
2026-09-09T19:47:47.875865254Z   File "/app/app/routers/orders.py", line 36, in checkout
2026-09-09T19:47:47.875867218Z     return create_order(
2026-09-09T19:47:47.875869172Z         db=db,
2026-09-09T19:47:47.875871125Z     ...<2 lines>...
2026-09-09T19:47:47.875873119Z         correlation_id=correlation_id,
2026-09-09T19:47:47.875880033Z     )
2026-09-09T19:47:47.875882087Z   File "/app/app/services/order_service.py", line 42, in create_order
2026-09-09T19:47:47.875884031Z     result = db.execute(
2026-09-09T19:47:47.875885975Z         select(ProductModel).where(ProductModel.id == product_id)
2026-09-09T19:47:47.875887949Z     )
2026-09-09T19:47:47.875889923Z   File "/usr/local/lib/python3.13/site-packages/sqlalchemy/orm/session.py", line 2372, in execute
2026-09-09T19:47:47.875910213Z     return self._execute_internal(
2026-09-09T19:47:47.875916175Z            ~~~~~~~~~~~~~~~~~~~~~~^
2026-09-09T19:47:47.875918169Z         statement,
2026-09-09T19:47:47.875920193Z         ^^^^^^^^^^
2026-09-09T19:47:47.875922247Z     ...<4 lines>...
2026-09-09T19:47:47.875924371Z         _add_event=_add_event,
2026-09-09T19:47:47.875926285Z         ^^^^^^^^^^^^^^^^^^^^^^
2026-09-09T19:47:47.875928409Z     )
2026-09-09T19:47:47.875930313Z     ^
2026-09-09T19:47:47.875932257Z   File "/usr/local/lib/python3.13/site-packages/sqlalchemy/orm/session.py", line 2260, in _execute_internal
2026-09-09T19:47:47.875934200Z     conn = self._connection_for_bind(bind)
2026-09-09T19:47:47.875936174Z   File "/usr/local/lib/python3.13/site-packages/sqlalchemy/orm/session.py", line 2112, in _connection_for_bind
2026-09-09T19:47:47.875938138Z     return trans._connection_for_bind(engine, execution_options)
2026-09-09T19:47:47.875940042Z            ~~~~~~~~~~~~~~~~~~~~~~~~~~^^^^^^^^^^^^^^^^^^^^^^^^^^^
2026-09-09T19:47:47.875941966Z   File "<string>", line 2, in _connection_for_bind
2026-09-09T19:47:47.875943900Z   File "/usr/local/lib/python3.13/site-packages/sqlalchemy/orm/state_changes.py", line 137, in _go
2026-09-09T19:47:47.875945833Z     ret_value = fn(self, *arg, **kw)
2026-09-09T19:47:47.875947767Z   File "/usr/local/lib/python3.13/site-packages/sqlalchemy/orm/session.py", line 1191, in _connection_for_bind
2026-09-09T19:47:47.875949701Z     conn = bind.connect()
2026-09-09T19:47:47.875952336Z   File "/usr/local/lib/python3.13/site-packages/opentelemetry/instrumentation/sqlalchemy/engine.py", line 200, in _wrap_connect_internal
2026-09-09T19:47:47.875954270Z     return func(*args, **kwargs)
2026-09-09T19:47:47.875956214Z   File "/usr/local/lib/python3.13/site-packages/sqlalchemy/engine/base.py", line 3295, in connect
2026-09-09T19:47:47.875958158Z     return self._connection_cls(self)
2026-09-09T19:47:47.875960092Z            ~~~~~~~~~~~~~~~~~~~~^^^^^^
2026-09-09T19:47:47.875962026Z   File "/usr/local/lib/python3.13/site-packages/sqlalchemy/engine/base.py", line 144, in __init__
2026-09-09T19:47:47.875963939Z     self._dbapi_connection = engine.raw_connection()
2026-09-09T19:47:47.875965873Z                              ~~~~~~~~~~~~~~~~~~~~~^^
2026-09-09T19:47:47.875967787Z   File "/usr/local/lib/python3.13/site-packages/sqlalchemy/engine/base.py", line 3319, in raw_connection
2026-09-09T19:47:47.875969701Z     return self.pool.connect()
2026-09-09T19:47:47.875971615Z            ~~~~~~~~~~~~~~~~~^^
2026-09-09T19:47:47.875973548Z   File "/usr/local/lib/python3.13/site-packages/sqlalchemy/pool/base.py", line 448, in connect
2026-09-09T19:47:47.875975482Z     return _ConnectionFairy._checkout(self)
2026-09-09T19:47:47.875977416Z            ~~~~~~~~~~~~~~~~~~~~~~~~~~^^^^^^
2026-09-09T19:47:47.875979310Z   File "/usr/local/lib/python3.13/site-packages/sqlalchemy/pool/base.py", line 1272, in _checkout
2026-09-09T19:47:47.875981244Z     fairy = _ConnectionRecord.checkout(pool)
2026-09-09T19:47:47.875983177Z   File "/usr/local/lib/python3.13/site-packages/sqlalchemy/pool/base.py", line 712, in checkout
2026-09-09T19:47:47.875985121Z     rec = pool._do_get()
2026-09-09T19:47:47.875994760Z   File "/usr/local/lib/python3.13/site-packages/sqlalchemy/pool/impl.py", line 167, in _do_get
2026-09-09T19:47:47.875996754Z     raise exc.TimeoutError(
2026-09-09T19:47:47.875998728Z     ...<4 lines>...
2026-09-09T19:47:47.876000722Z     )
2026-09-09T19:47:47.876003848Z sqlalchemy.exc.TimeoutError: QueuePool limit of size 5 overflow 10 reached, connection timed out, timeout 30.00 (Background on this error at: https://sqlalche.me/e/20/3o7r)
2026-09-09T19:47:47.968359524Z ERROR:    Exception in ASGI application
2026-09-09T19:47:47.968404793Z Traceback (most recent call last):
2026-09-09T19:47:47.968411096Z   File "/usr/local/lib/python3.13/site-packages/uvicorn/protocols/http/httptools_impl.py", line 421, in run_asgi
2026-09-09T19:47:47.968416437Z     result = await app(  # type: ignore[func-returns-value]
2026-09-09T19:47:47.968421216Z              ^^^^^^^^^^^^^^^^^^^^^^^^^^^^^^^^^^^^^^^^^^^^^^
2026-09-09T19:47:47.968425605Z         self.scope, self.receive, self.send
2026-09-09T19:47:47.968429953Z         ^^^^^^^^^^^^^^^^^^^^^^^^^^^^^^^^^^^
2026-09-09T19:47:47.968434833Z     )
2026-09-09T19:47:47.968439272Z     ^
2026-09-09T19:47:47.968443811Z   File "/usr/local/lib/python3.13/site-packages/uvicorn/middleware/proxy_headers.py", line 63, in __call__
2026-09-09T19:47:47.968454111Z     return await self.app(scope, receive, send)
2026-09-09T19:47:47.968458620Z            ^^^^^^^^^^^^^^^^^^^^^^^^^^^^^^^^^^^^
2026-09-09T19:47:47.968463690Z   File "/usr/local/lib/python3.13/site-packages/fastapi/applications.py", line 1159, in __call__
2026-09-09T19:47:47.968468209Z     await super().__call__(scope, receive, send)
2026-09-09T19:47:47.968472618Z   File "/usr/local/lib/python3.13/site-packages/starlette/applications.py", line 107, in __call__
2026-09-09T19:47:47.968477007Z     await self.middleware_stack(scope, receive, send)
2026-09-09T19:47:47.968481385Z   File "/usr/local/lib/python3.13/site-packages/starlette/middleware/errors.py", line 186, in __call__
2026-09-09T19:47:47.968485864Z     raise exc
2026-09-09T19:47:47.968490253Z   File "/usr/local/lib/python3.13/site-packages/starlette/middleware/errors.py", line 164, in __call__
2026-09-09T19:47:47.968494672Z     await self.app(scope, receive, _send)
2026-09-09T19:47:47.968502788Z   File "/usr/local/lib/python3.13/site-packages/opentelemetry/instrumentation/asgi/__init__.py", line 806, in __call__
2026-09-09T19:47:47.968507387Z     await self.app(scope, otel_receive, otel_send)
2026-09-09T19:47:47.968558448Z   File "/usr/local/lib/python3.13/site-packages/starlette/middleware/errors.py", line 186, in __call__
2026-09-09T19:47:47.968569820Z     raise exc
2026-09-09T19:47:47.968574319Z   File "/usr/local/lib/python3.13/site-packages/starlette/middleware/errors.py", line 164, in __call__
2026-09-09T19:47:47.968578708Z     await self.app(scope, receive, _send)
2026-09-09T19:47:47.968583097Z   File "/usr/local/lib/python3.13/site-packages/opentelemetry/instrumentation/fastapi/__init__.py", line 305, in __call__
2026-09-09T19:47:47.968587465Z     await self.app(scope, receive, send)
2026-09-09T19:47:47.968591894Z   File "/usr/local/lib/python3.13/site-packages/prometheus_fastapi_instrumentator/middleware.py", line 177, in __call__
2026-09-09T19:47:47.968596273Z     raise exc
2026-09-09T19:47:47.968600682Z   File "/usr/local/lib/python3.13/site-packages/prometheus_fastapi_instrumentator/middleware.py", line 175, in __call__
2026-09-09T19:47:47.968605070Z     await self.app(scope, receive, send_wrapper)
2026-09-09T19:47:47.968609449Z   File "/usr/local/lib/python3.13/site-packages/starlette/middleware/exceptions.py", line 63, in __call__
2026-09-09T19:47:47.968614549Z     await wrap_app_handling_exceptions(self.app, conn)(scope, receive, send)
2026-09-09T19:47:47.968650330Z   File "/usr/local/lib/python3.13/site-packages/starlette/_exception_handler.py", line 53, in wrapped_app
2026-09-09T19:47:47.968654929Z     raise exc
2026-09-09T19:47:47.968659428Z   File "/usr/local/lib/python3.13/site-packages/starlette/_exception_handler.py", line 42, in wrapped_app
2026-09-09T19:47:47.968663807Z     await app(scope, receive, sender)
2026-09-09T19:47:47.968668195Z   File "/usr/local/lib/python3.13/site-packages/fastapi/middleware/asyncexitstack.py", line 18, in __call__
2026-09-09T19:47:47.968672534Z     await self.app(scope, receive, send)
2026-09-09T19:47:47.968676933Z   File "/usr/local/lib/python3.13/site-packages/starlette/routing.py", line 716, in __call__
2026-09-09T19:47:47.968681552Z     await self.middleware_stack(scope, receive, send)
2026-09-09T19:47:47.968686031Z   File "/usr/local/lib/python3.13/site-packages/starlette/routing.py", line 736, in app
2026-09-09T19:47:47.968690419Z     await route.handle(scope, receive, send)
2026-09-09T19:47:47.968694848Z   File "/usr/local/lib/python3.13/site-packages/starlette/routing.py", line 290, in handle
2026-09-09T19:47:47.968699197Z     await self.app(scope, receive, send)
2026-09-09T19:47:47.968703565Z   File "/usr/local/lib/python3.13/site-packages/fastapi/routing.py", line 134, in app
2026-09-09T19:47:47.968708104Z     await wrap_app_handling_exceptions(app, request)(scope, receive, send)
2026-09-09T19:47:47.968712553Z   File "/usr/local/lib/python3.13/site-packages/starlette/_exception_handler.py", line 53, in wrapped_app
2026-09-09T19:47:47.968716922Z     raise exc
2026-09-09T19:47:47.968721300Z   File "/usr/local/lib/python3.13/site-packages/starlette/_exception_handler.py", line 42, in wrapped_app
2026-09-09T19:47:47.968725729Z     await app(scope, receive, sender)
2026-09-09T19:47:47.968730168Z   File "/usr/local/lib/python3.13/site-packages/fastapi/routing.py", line 120, in app
2026-09-09T19:47:47.968735018Z     response = await f(request)
2026-09-09T19:47:47.968739416Z                ^^^^^^^^^^^^^^^^
2026-09-09T19:47:47.968743805Z   File "/usr/local/lib/python3.13/site-packages/fastapi/routing.py", line 674, in app
2026-09-09T19:47:47.968748244Z     raw_response = await run_endpoint_function(
2026-09-09T19:47:47.968752663Z                    ^^^^^^^^^^^^^^^^^^^^^^^^^^^^
2026-09-09T19:47:47.968757372Z     ...<3 lines>...
2026-09-09T19:47:47.968761791Z     )
2026-09-09T19:47:47.968766260Z     ^
2026-09-09T19:47:47.968770718Z   File "/usr/local/lib/python3.13/site-packages/fastapi/routing.py", line 330, in run_endpoint_function
2026-09-09T19:47:47.968775077Z     return await run_in_threadpool(dependant.call, **values)
2026-09-09T19:47:47.968779486Z            ^^^^^^^^^^^^^^^^^^^^^^^^^^^^^^^^^^^^^^^^^^^^^^^^^
2026-09-09T19:47:47.968848523Z   File "/usr/local/lib/python3.13/site-packages/starlette/concurrency.py", line 32, in run_in_threadpool
2026-09-09T19:47:47.968859033Z     return await anyio.to_thread.run_sync(func)
2026-09-09T19:47:47.968863512Z            ^^^^^^^^^^^^^^^^^^^^^^^^^^^^^^^^^^^^
2026-09-09T19:47:47.968867931Z   File "/usr/local/lib/python3.13/site-packages/anyio/to_thread.py", line 63, in run_sync
2026-09-09T19:47:47.968872280Z     return await get_async_backend().run_sync_in_worker_thread(
2026-09-09T19:47:47.968876678Z            ^^^^^^^^^^^^^^^^^^^^^^^^^^^^^^^^^^^^^^^^^^^^^^^^^^^^
2026-09-09T19:47:47.968881007Z         func, args, abandon_on_cancel=abandon_on_cancel, limiter=limiter
2026-09-09T19:47:47.968885275Z         ^^^^^^^^^^^^^^^^^^^^^^^^^^^^^^^^^^^^^^^^^^^^^^^^^^^^^^^^^^^^^^^^
2026-09-09T19:47:47.968923291Z     )
2026-09-09T19:47:47.968929012Z     ^
2026-09-09T19:47:47.968933611Z   File "/usr/local/lib/python3.13/site-packages/anyio/_backends/_asyncio.py", line 2518, in run_sync_in_worker_thread
2026-09-09T19:47:47.968955194Z     return await future
2026-09-09T19:47:47.968959733Z            ^^^^^^^^^^^^
2026-09-09T19:47:47.968964031Z   File "/usr/local/lib/python3.13/site-packages/anyio/_backends/_asyncio.py", line 1002, in run
2026-09-09T19:47:47.968968360Z     result = context.run(func, *args)
2026-09-09T19:47:47.968972709Z   File "/app/app/routers/orders.py", line 36, in checkout
2026-09-09T19:47:47.968976997Z     return create_order(
2026-09-09T19:47:47.968981336Z         db=db,
2026-09-09T19:47:47.968985684Z     ...<2 lines>...
2026-09-09T19:47:47.968990113Z         correlation_id=correlation_id,
2026-09-09T19:47:47.968994482Z     )
2026-09-09T19:47:47.968998860Z   File "/app/app/services/order_service.py", line 42, in create_order
2026-09-09T19:47:47.969003209Z     result = db.execute(
2026-09-09T19:47:47.969007608Z         select(ProductModel).where(ProductModel.id == product_id)
2026-09-09T19:47:47.969011946Z     )
2026-09-09T19:47:47.969016325Z   File "/usr/local/lib/python3.13/site-packages/sqlalchemy/orm/session.py", line 2372, in execute
2026-09-09T19:47:47.969020623Z     return self._execute_internal(
2026-09-09T19:47:47.969024982Z            ~~~~~~~~~~~~~~~~~~~~~~^
2026-09-09T19:47:47.969029531Z         statement,
2026-09-09T19:47:47.969033920Z         ^^^^^^^^^^
2026-09-09T19:47:47.969038439Z     ...<4 lines>...
2026-09-09T19:47:47.969042747Z         _add_event=_add_event,
2026-09-09T19:47:47.969047046Z         ^^^^^^^^^^^^^^^^^^^^^^
2026-09-09T19:47:47.969051324Z     )
2026-09-09T19:47:47.969055593Z     ^
2026-09-09T19:47:47.969059961Z   File "/usr/local/lib/python3.13/site-packages/sqlalchemy/orm/session.py", line 2260, in _execute_internal
2026-09-09T19:47:47.969064290Z     conn = self._connection_for_bind(bind)
2026-09-09T19:47:47.969068679Z   File "/usr/local/lib/python3.13/site-packages/sqlalchemy/orm/session.py", line 2112, in _connection_for_bind
2026-09-09T19:47:47.969073027Z     return trans._connection_for_bind(engine, execution_options)
2026-09-09T19:47:47.969077336Z            ~~~~~~~~~~~~~~~~~~~~~~~~~~^^^^^^^^^^^^^^^^^^^^^^^^^^^
2026-09-09T19:47:47.969081614Z   File "<string>", line 2, in _connection_for_bind
2026-09-09T19:47:47.969089290Z   File "/usr/local/lib/python3.13/site-packages/sqlalchemy/orm/state_changes.py", line 137, in _go
2026-09-09T19:47:47.969093758Z     ret_value = fn(self, *arg, **kw)
2026-09-09T19:47:47.969098137Z   File "/usr/local/lib/python3.13/site-packages/sqlalchemy/orm/session.py", line 1191, in _connection_for_bind
2026-09-09T19:47:47.969102536Z     conn = bind.connect()
2026-09-09T19:47:47.969107566Z   File "/usr/local/lib/python3.13/site-packages/opentelemetry/instrumentation/sqlalchemy/engine.py", line 200, in _wrap_connect_internal
2026-09-09T19:47:47.969111944Z     return func(*args, **kwargs)
2026-09-09T19:47:47.969116223Z   File "/usr/local/lib/python3.13/site-packages/sqlalchemy/engine/base.py", line 3295, in connect
2026-09-09T19:47:47.969120541Z     return self._connection_cls(self)
2026-09-09T19:47:47.969124800Z            ~~~~~~~~~~~~~~~~~~~~^^^^^^
2026-09-09T19:47:47.969129078Z   File "/usr/local/lib/python3.13/site-packages/sqlalchemy/engine/base.py", line 144, in __init__
2026-09-09T19:47:47.969133407Z     self._dbapi_connection = engine.raw_connection()
2026-09-09T19:47:47.969137736Z                              ~~~~~~~~~~~~~~~~~~~~~^^
2026-09-09T19:47:47.969141984Z   File "/usr/local/lib/python3.13/site-packages/sqlalchemy/engine/base.py", line 3319, in raw_connection
2026-09-09T19:47:47.969146343Z     return self.pool.connect()
2026-09-09T19:47:47.969163286Z            ~~~~~~~~~~~~~~~~~^^
2026-09-09T19:47:47.969167945Z   File "/usr/local/lib/python3.13/site-packages/sqlalchemy/pool/base.py", line 448, in connect
2026-09-09T19:47:47.969169899Z     return _ConnectionFairy._checkout(self)
2026-09-09T19:47:47.969171813Z            ~~~~~~~~~~~~~~~~~~~~~~~~~~^^^^^^
2026-09-09T19:47:47.969173797Z   File "/usr/local/lib/python3.13/site-packages/sqlalchemy/pool/base.py", line 1272, in _checkout
2026-09-09T19:47:47.969175731Z     fairy = _ConnectionRecord.checkout(pool)
2026-09-09T19:47:47.969177665Z   File "/usr/local/lib/python3.13/site-packages/sqlalchemy/pool/base.py", line 712, in checkout
2026-09-09T19:47:47.969179659Z     rec = pool._do_get()
2026-09-09T19:47:47.969182133Z   File "/usr/local/lib/python3.13/site-packages/sqlalchemy/pool/impl.py", line 167, in _do_get
2026-09-09T19:47:47.969184538Z     raise exc.TimeoutError(
2026-09-09T19:47:47.969187023Z     ...<4 lines>...
2026-09-09T19:47:47.969189137Z     )
2026-09-09T19:47:47.969191833Z sqlalchemy.exc.TimeoutError: QueuePool limit of size 5 overflow 10 reached, connection timed out, timeout 30.00 (Background on this error at: https://sqlalche.me/e/20/3o7r)
2026-09-09T19:47:48.074377082Z ERROR:    Exception in ASGI application
2026-09-09T19:47:48.074422832Z Traceback (most recent call last):
2026-09-09T19:47:48.074428944Z   File "/usr/local/lib/python3.13/site-packages/uvicorn/protocols/http/httptools_impl.py", line 421, in run_asgi
2026-09-09T19:47:48.074434095Z     result = await app(  # type: ignore[func-returns-value]
2026-09-09T19:47:48.074438483Z              ^^^^^^^^^^^^^^^^^^^^^^^^^^^^^^^^^^^^^^^^^^^^^^
2026-09-09T19:47:48.074442812Z         self.scope, self.receive, self.send
2026-09-09T19:47:48.074447461Z         ^^^^^^^^^^^^^^^^^^^^^^^^^^^^^^^^^^^
2026-09-09T19:47:48.074451940Z     )
2026-09-09T19:47:48.074456419Z     ^
2026-09-09T19:47:48.074460817Z   File "/usr/local/lib/python3.13/site-packages/uvicorn/middleware/proxy_headers.py", line 63, in __call__
2026-09-09T19:47:48.074465487Z     return await self.app(scope, receive, send)
2026-09-09T19:47:48.074474775Z            ^^^^^^^^^^^^^^^^^^^^^^^^^^^^^^^^^^^^
2026-09-09T19:47:48.074480316Z   File "/usr/local/lib/python3.13/site-packages/fastapi/applications.py", line 1159, in __call__
2026-09-09T19:47:48.074484685Z     await super().__call__(scope, receive, send)
2026-09-09T19:47:48.074489033Z   File "/usr/local/lib/python3.13/site-packages/starlette/applications.py", line 107, in __call__
2026-09-09T19:47:48.074493362Z     await self.middleware_stack(scope, receive, send)
2026-09-09T19:47:48.074497650Z   File "/usr/local/lib/python3.13/site-packages/starlette/middleware/errors.py", line 186, in __call__
2026-09-09T19:47:48.074502370Z     raise exc
2026-09-09T19:47:48.074506738Z   File "/usr/local/lib/python3.13/site-packages/starlette/middleware/errors.py", line 164, in __call__
2026-09-09T19:47:48.074511107Z     await self.app(scope, receive, _send)
2026-09-09T19:47:48.074515746Z   File "/usr/local/lib/python3.13/site-packages/opentelemetry/instrumentation/asgi/__init__.py", line 806, in __call__
2026-09-09T19:47:48.074520075Z     await self.app(scope, otel_receive, otel_send)
2026-09-09T19:47:48.074524484Z   File "/usr/local/lib/python3.13/site-packages/starlette/middleware/errors.py", line 186, in __call__
2026-09-09T19:47:48.074528842Z     raise exc
2026-09-09T19:47:48.074533141Z   File "/usr/local/lib/python3.13/site-packages/starlette/middleware/errors.py", line 164, in __call__
2026-09-09T19:47:48.074537459Z     await self.app(scope, receive, _send)
2026-09-09T19:47:48.074541758Z   File "/usr/local/lib/python3.13/site-packages/opentelemetry/instrumentation/fastapi/__init__.py", line 305, in __call__
2026-09-09T19:47:48.074573531Z     await self.app(scope, receive, send)
2026-09-09T19:47:48.074578180Z   File "/usr/local/lib/python3.13/site-packages/prometheus_fastapi_instrumentator/middleware.py", line 177, in __call__
2026-09-09T19:47:48.074582539Z     raise exc
2026-09-09T19:47:48.074586977Z   File "/usr/local/lib/python3.13/site-packages/prometheus_fastapi_instrumentator/middleware.py", line 175, in __call__
2026-09-09T19:47:48.074591286Z     await self.app(scope, receive, send_wrapper)
2026-09-09T19:47:48.074595635Z   File "/usr/local/lib/python3.13/site-packages/starlette/middleware/exceptions.py", line 63, in __call__
2026-09-09T19:47:48.074600454Z     await wrap_app_handling_exceptions(self.app, conn)(scope, receive, send)
2026-09-09T19:47:48.074604753Z   File "/usr/local/lib/python3.13/site-packages/starlette/_exception_handler.py", line 53, in wrapped_app
2026-09-09T19:47:48.074609041Z     raise exc
2026-09-09T19:47:48.074613360Z   File "/usr/local/lib/python3.13/site-packages/starlette/_exception_handler.py", line 42, in wrapped_app
2026-09-09T19:47:48.074617678Z     await app(scope, receive, sender)
2026-09-09T19:47:48.074622017Z   File "/usr/local/lib/python3.13/site-packages/fastapi/middleware/asyncexitstack.py", line 18, in __call__
2026-09-09T19:47:48.074626355Z     await self.app(scope, receive, send)
2026-09-09T19:47:48.074630664Z   File "/usr/local/lib/python3.13/site-packages/starlette/routing.py", line 716, in __call__
2026-09-09T19:47:48.074635043Z     await self.middleware_stack(scope, receive, send)
2026-09-09T19:47:48.074639381Z   File "/usr/local/lib/python3.13/site-packages/starlette/routing.py", line 736, in app
2026-09-09T19:47:48.074643690Z     await route.handle(scope, receive, send)
2026-09-09T19:47:48.074648028Z   File "/usr/local/lib/python3.13/site-packages/starlette/routing.py", line 290, in handle
2026-09-09T19:47:48.074652337Z     await self.app(scope, receive, send)
2026-09-09T19:47:48.074656726Z   File "/usr/local/lib/python3.13/site-packages/fastapi/routing.py", line 134, in app
2026-09-09T19:47:48.074661024Z     await wrap_app_handling_exceptions(app, request)(scope, receive, send)
2026-09-09T19:47:48.074665513Z   File "/usr/local/lib/python3.13/site-packages/starlette/_exception_handler.py", line 53, in wrapped_app
2026-09-09T19:47:48.074669842Z     raise exc
2026-09-09T19:47:48.074674140Z   File "/usr/local/lib/python3.13/site-packages/starlette/_exception_handler.py", line 42, in wrapped_app
2026-09-09T19:47:48.074678679Z     await app(scope, receive, sender)
2026-09-09T19:47:48.074683208Z   File "/usr/local/lib/python3.13/site-packages/fastapi/routing.py", line 120, in app
2026-09-09T19:47:48.074688088Z     response = await f(request)
2026-09-09T19:47:48.074692476Z                ^^^^^^^^^^^^^^^^
2026-09-09T19:47:48.074696795Z   File "/usr/local/lib/python3.13/site-packages/fastapi/routing.py", line 674, in app
2026-09-09T19:47:48.074701124Z     raw_response = await run_endpoint_function(
2026-09-09T19:47:48.074705432Z                    ^^^^^^^^^^^^^^^^^^^^^^^^^^^^
2026-09-09T19:47:48.074710352Z     ...<3 lines>...
2026-09-09T19:47:48.074714720Z     )
2026-09-09T19:47:48.074719119Z     ^
2026-09-09T19:47:48.074723458Z   File "/usr/local/lib/python3.13/site-packages/fastapi/routing.py", line 330, in run_endpoint_function
2026-09-09T19:47:48.074730712Z     return await run_in_threadpool(dependant.call, **values)
2026-09-09T19:47:48.074735221Z            ^^^^^^^^^^^^^^^^^^^^^^^^^^^^^^^^^^^^^^^^^^^^^^^^^
2026-09-09T19:47:48.074764279Z   File "/usr/local/lib/python3.13/site-packages/starlette/concurrency.py", line 32, in run_in_threadpool
2026-09-09T19:47:48.074772535Z     return await anyio.to_thread.run_sync(func)
2026-09-09T19:47:48.074787695Z            ^^^^^^^^^^^^^^^^^^^^^^^^^^^^^^^^^^^^
2026-09-09T19:47:48.074792094Z   File "/usr/local/lib/python3.13/site-packages/anyio/to_thread.py", line 63, in run_sync
2026-09-09T19:47:48.074796452Z     return await get_async_backend().run_sync_in_worker_thread(
2026-09-09T19:47:48.074800821Z            ^^^^^^^^^^^^^^^^^^^^^^^^^^^^^^^^^^^^^^^^^^^^^^^^^^^^
2026-09-09T19:47:48.074805140Z         func, args, abandon_on_cancel=abandon_on_cancel, limiter=limiter
2026-09-09T19:47:48.074809548Z         ^^^^^^^^^^^^^^^^^^^^^^^^^^^^^^^^^^^^^^^^^^^^^^^^^^^^^^^^^^^^^^^^
2026-09-09T19:47:48.074813967Z     )
2026-09-09T19:47:48.074818316Z     ^
2026-09-09T19:47:48.074822664Z   File "/usr/local/lib/python3.13/site-packages/anyio/_backends/_asyncio.py", line 2518, in run_sync_in_worker_thread
2026-09-09T19:47:48.074827053Z     return await future
2026-09-09T19:47:48.074834187Z            ^^^^^^^^^^^^
2026-09-09T19:47:48.074838636Z   File "/usr/local/lib/python3.13/site-packages/anyio/_backends/_asyncio.py", line 1002, in run
2026-09-09T19:47:48.074842975Z     result = context.run(func, *args)
2026-09-09T19:47:48.074847544Z   File "/app/app/routers/orders.py", line 36, in checkout
2026-09-09T19:47:48.074851922Z     return create_order(
2026-09-09T19:47:48.074856351Z         db=db,
2026-09-09T19:47:48.074860720Z     ...<2 lines>...
2026-09-09T19:47:48.074865048Z         correlation_id=correlation_id,
2026-09-09T19:47:48.074869387Z     )
2026-09-09T19:47:48.074873846Z   File "/app/app/services/order_service.py", line 42, in create_order
2026-09-09T19:47:48.074878184Z     result = db.execute(
2026-09-09T19:47:48.074882553Z         select(ProductModel).where(ProductModel.id == product_id)
2026-09-09T19:47:48.074889567Z     )
2026-09-09T19:47:48.074894036Z   File "/usr/local/lib/python3.13/site-packages/sqlalchemy/orm/session.py", line 2372, in execute
2026-09-09T19:47:48.074898434Z     return self._execute_internal(
2026-09-09T19:47:48.074902793Z            ~~~~~~~~~~~~~~~~~~~~~~^
2026-09-09T19:47:48.074907162Z         statement,
2026-09-09T19:47:48.074911580Z         ^^^^^^^^^^
2026-09-09T19:47:48.074915979Z     ...<4 lines>...
2026-09-09T19:47:48.074920338Z         _add_event=_add_event,
2026-09-09T19:47:48.074924666Z         ^^^^^^^^^^^^^^^^^^^^^^
2026-09-09T19:47:48.074929045Z     )
2026-09-09T19:47:48.074933434Z     ^
2026-09-09T19:47:48.074937853Z   File "/usr/local/lib/python3.13/site-packages/sqlalchemy/orm/session.py", line 2260, in _execute_internal
2026-09-09T19:47:48.074942201Z     conn = self._connection_for_bind(bind)
2026-09-09T19:47:48.074946650Z   File "/usr/local/lib/python3.13/site-packages/sqlalchemy/orm/session.py", line 2112, in _connection_for_bind
2026-09-09T19:47:48.074951009Z     return trans._connection_for_bind(engine, execution_options)
2026-09-09T19:47:48.074955347Z            ~~~~~~~~~~~~~~~~~~~~~~~~~~^^^^^^^^^^^^^^^^^^^^^^^^^^^
2026-09-09T19:47:48.074959646Z   File "<string>", line 2, in _connection_for_bind
2026-09-09T19:47:48.074964004Z   File "/usr/local/lib/python3.13/site-packages/sqlalchemy/orm/state_changes.py", line 137, in _go
2026-09-09T19:47:48.074968343Z     ret_value = fn(self, *arg, **kw)
2026-09-09T19:47:48.074972892Z   File "/usr/local/lib/python3.13/site-packages/sqlalchemy/orm/session.py", line 1191, in _connection_for_bind
2026-09-09T19:47:48.074977241Z     conn = bind.connect()
2026-09-09T19:47:48.074982341Z   File "/usr/local/lib/python3.13/site-packages/opentelemetry/instrumentation/sqlalchemy/engine.py", line 200, in _wrap_connect_internal
2026-09-09T19:47:48.074986699Z     return func(*args, **kwargs)
2026-09-09T19:47:48.074991048Z   File "/usr/local/lib/python3.13/site-packages/sqlalchemy/engine/base.py", line 3295, in connect
2026-09-09T19:47:48.075007531Z     return self._connection_cls(self)
2026-09-09T19:47:48.075011969Z            ~~~~~~~~~~~~~~~~~~~~^^^^^^
2026-09-09T19:47:48.075018683Z   File "/usr/local/lib/python3.13/site-packages/sqlalchemy/engine/base.py", line 144, in __init__
2026-09-09T19:47:48.075023121Z     self._dbapi_connection = engine.raw_connection()
2026-09-09T19:47:48.075027480Z                              ~~~~~~~~~~~~~~~~~~~~~^^
2026-09-09T19:47:48.075031889Z   File "/usr/local/lib/python3.13/site-packages/sqlalchemy/engine/base.py", line 3319, in raw_connection
2026-09-09T19:47:48.075036217Z     return self.pool.connect()
2026-09-09T19:47:48.075040536Z            ~~~~~~~~~~~~~~~~~^^
2026-09-09T19:47:48.075044915Z   File "/usr/local/lib/python3.13/site-packages/sqlalchemy/pool/base.py", line 448, in connect
2026-09-09T19:47:48.075049263Z     return _ConnectionFairy._checkout(self)
2026-09-09T19:47:48.075053602Z            ~~~~~~~~~~~~~~~~~~~~~~~~~~^^^^^^
2026-09-09T19:47:48.075057930Z   File "/usr/local/lib/python3.13/site-packages/sqlalchemy/pool/base.py", line 1272, in _checkout
2026-09-09T19:47:48.075062319Z     fairy = _ConnectionRecord.checkout(pool)
2026-09-09T19:47:48.075066688Z   File "/usr/local/lib/python3.13/site-packages/sqlalchemy/pool/base.py", line 712, in checkout
2026-09-09T19:47:48.075071056Z     rec = pool._do_get()
2026-09-09T19:47:48.075075435Z   File "/usr/local/lib/python3.13/site-packages/sqlalchemy/pool/impl.py", line 167, in _do_get
2026-09-09T19:47:48.075079784Z     raise exc.TimeoutError(
2026-09-09T19:47:48.075084112Z     ...<4 lines>...
2026-09-09T19:47:48.075088461Z     )
2026-09-09T19:47:48.075093541Z sqlalchemy.exc.TimeoutError: QueuePool limit of size 5 overflow 10 reached, connection timed out, timeout 30.00 (Background on this error at: https://sqlalche.me/e/20/3o7r)
2026-09-09T19:47:48.154779730Z ERROR:    Exception in ASGI application
2026-09-09T19:47:48.154821283Z Traceback (most recent call last):
2026-09-09T19:47:48.154826854Z   File "/usr/local/lib/python3.13/site-packages/uvicorn/protocols/http/httptools_impl.py", line 421, in run_asgi
2026-09-09T19:47:48.154831673Z     result = await app(  # type: ignore[func-returns-value]
2026-09-09T19:47:48.154836162Z              ^^^^^^^^^^^^^^^^^^^^^^^^^^^^^^^^^^^^^^^^^^^^^^
2026-09-09T19:47:48.154840791Z         self.scope, self.receive, self.send
2026-09-09T19:47:48.154845150Z         ^^^^^^^^^^^^^^^^^^^^^^^^^^^^^^^^^^^
2026-09-09T19:47:48.154849549Z     )
2026-09-09T19:47:48.154854158Z     ^
2026-09-09T19:47:48.154858607Z   File "/usr/local/lib/python3.13/site-packages/uvicorn/middleware/proxy_headers.py", line 63, in __call__
2026-09-09T19:47:48.154862975Z     return await self.app(scope, receive, send)
2026-09-09T19:47:48.154867324Z            ^^^^^^^^^^^^^^^^^^^^^^^^^^^^^^^^^^^^
2026-09-09T19:47:48.154872244Z   File "/usr/local/lib/python3.13/site-packages/fastapi/applications.py", line 1159, in __call__
2026-09-09T19:47:48.154876592Z     await super().__call__(scope, receive, send)
2026-09-09T19:47:48.154880911Z   File "/usr/local/lib/python3.13/site-packages/starlette/applications.py", line 107, in __call__
2026-09-09T19:47:48.154885229Z     await self.middleware_stack(scope, receive, send)
2026-09-09T19:47:48.154889648Z   File "/usr/local/lib/python3.13/site-packages/starlette/middleware/errors.py", line 186, in __call__
2026-09-09T19:47:48.154894087Z     raise exc
2026-09-09T19:47:48.154898486Z   File "/usr/local/lib/python3.13/site-packages/starlette/middleware/errors.py", line 164, in __call__
2026-09-09T19:47:48.154902844Z     await self.app(scope, receive, _send)
2026-09-09T19:47:48.154907904Z   File "/usr/local/lib/python3.13/site-packages/opentelemetry/instrumentation/asgi/__init__.py", line 806, in __call__
2026-09-09T19:47:48.155240734Z     await self.app(scope, otel_receive, otel_send)
2026-09-09T19:47:48.155252176Z   File "/usr/local/lib/python3.13/site-packages/starlette/middleware/errors.py", line 186, in __call__
2026-09-09T19:47:48.155256725Z     raise exc
2026-09-09T19:47:48.155261435Z   File "/usr/local/lib/python3.13/site-packages/starlette/middleware/errors.py", line 164, in __call__
2026-09-09T19:47:48.155265843Z     await self.app(scope, receive, _send)
2026-09-09T19:47:48.155270252Z   File "/usr/local/lib/python3.13/site-packages/opentelemetry/instrumentation/fastapi/__init__.py", line 305, in __call__
2026-09-09T19:47:48.155274611Z     await self.app(scope, receive, send)
2026-09-09T19:47:48.155278949Z   File "/usr/local/lib/python3.13/site-packages/prometheus_fastapi_instrumentator/middleware.py", line 177, in __call__
2026-09-09T19:47:48.155283278Z     raise exc
2026-09-09T19:47:48.155287637Z   File "/usr/local/lib/python3.13/site-packages/prometheus_fastapi_instrumentator/middleware.py", line 175, in __call__
2026-09-09T19:47:48.155291935Z     await self.app(scope, receive, send_wrapper)
2026-09-09T19:47:48.155296574Z   File "/usr/local/lib/python3.13/site-packages/starlette/middleware/exceptions.py", line 63, in __call__
2026-09-09T19:47:48.155305452Z     await wrap_app_handling_exceptions(self.app, conn)(scope, receive, send)
2026-09-09T19:47:48.155309991Z   File "/usr/local/lib/python3.13/site-packages/starlette/_exception_handler.py", line 53, in wrapped_app
2026-09-09T19:47:48.155314339Z     raise exc
2026-09-09T19:47:48.155318708Z   File "/usr/local/lib/python3.13/site-packages/starlette/_exception_handler.py", line 42, in wrapped_app
2026-09-09T19:47:48.155323097Z     await app(scope, receive, sender)
2026-09-09T19:47:48.155327435Z   File "/usr/local/lib/python3.13/site-packages/fastapi/middleware/asyncexitstack.py", line 18, in __call__
2026-09-09T19:47:48.155331814Z     await self.app(scope, receive, send)
2026-09-09T19:47:48.155336243Z   File "/usr/local/lib/python3.13/site-packages/starlette/routing.py", line 716, in __call__
2026-09-09T19:47:48.155340622Z     await self.middleware_stack(scope, receive, send)
2026-09-09T19:47:48.155344980Z   File "/usr/local/lib/python3.13/site-packages/starlette/routing.py", line 736, in app
2026-09-09T19:47:48.155349339Z     await route.handle(scope, receive, send)
2026-09-09T19:47:48.155353828Z   File "/usr/local/lib/python3.13/site-packages/starlette/routing.py", line 290, in handle
2026-09-09T19:47:48.155358216Z     await self.app(scope, receive, send)
2026-09-09T19:47:48.155362545Z   File "/usr/local/lib/python3.13/site-packages/fastapi/routing.py", line 134, in app
2026-09-09T19:47:48.155366874Z     await wrap_app_handling_exceptions(app, request)(scope, receive, send)
2026-09-09T19:47:48.155371262Z   File "/usr/local/lib/python3.13/site-packages/starlette/_exception_handler.py", line 53, in wrapped_app
2026-09-09T19:47:48.155375611Z     raise exc
2026-09-09T19:47:48.155379919Z   File "/usr/local/lib/python3.13/site-packages/starlette/_exception_handler.py", line 42, in wrapped_app
2026-09-09T19:47:48.155384278Z     await app(scope, receive, sender)
2026-09-09T19:47:48.155388607Z   File "/usr/local/lib/python3.13/site-packages/fastapi/routing.py", line 120, in app
2026-09-09T19:47:48.155393446Z     response = await f(request)
2026-09-09T19:47:48.155397825Z                ^^^^^^^^^^^^^^^^
2026-09-09T19:47:48.155402143Z   File "/usr/local/lib/python3.13/site-packages/fastapi/routing.py", line 674, in app
2026-09-09T19:47:48.155406572Z     raw_response = await run_endpoint_function(
2026-09-09T19:47:48.155410931Z                    ^^^^^^^^^^^^^^^^^^^^^^^^^^^^
2026-09-09T19:47:48.155431962Z     ...<3 lines>...
2026-09-09T19:47:48.155436532Z     )
2026-09-09T19:47:48.155440900Z     ^
2026-09-09T19:47:48.155445269Z   File "/usr/local/lib/python3.13/site-packages/fastapi/routing.py", line 330, in run_endpoint_function
2026-09-09T19:47:48.155449607Z     return await run_in_threadpool(dependant.call, **values)
2026-09-09T19:47:48.155453886Z            ^^^^^^^^^^^^^^^^^^^^^^^^^^^^^^^^^^^^^^^^^^^^^^^^^
2026-09-09T19:47:48.155524586Z   File "/usr/local/lib/python3.13/site-packages/starlette/concurrency.py", line 32, in run_in_threadpool
2026-09-09T19:47:48.155534786Z     return await anyio.to_thread.run_sync(func)
2026-09-09T19:47:48.155539275Z            ^^^^^^^^^^^^^^^^^^^^^^^^^^^^^^^^^^^^
2026-09-09T19:47:48.155543584Z   File "/usr/local/lib/python3.13/site-packages/anyio/to_thread.py", line 63, in run_sync
2026-09-09T19:47:48.155547932Z     return await get_async_backend().run_sync_in_worker_thread(
2026-09-09T19:47:48.155552261Z            ^^^^^^^^^^^^^^^^^^^^^^^^^^^^^^^^^^^^^^^^^^^^^^^^^^^^
2026-09-09T19:47:48.155556599Z         func, args, abandon_on_cancel=abandon_on_cancel, limiter=limiter
2026-09-09T19:47:48.155561098Z         ^^^^^^^^^^^^^^^^^^^^^^^^^^^^^^^^^^^^^^^^^^^^^^^^^^^^^^^^^^^^^^^^
2026-09-09T19:47:48.155565437Z     )
2026-09-09T19:47:48.155569866Z     ^
2026-09-09T19:47:48.155574194Z   File "/usr/local/lib/python3.13/site-packages/anyio/_backends/_asyncio.py", line 2518, in run_sync_in_worker_thread
2026-09-09T19:47:48.155578693Z     return await future
2026-09-09T19:47:48.155583042Z            ^^^^^^^^^^^^
2026-09-09T19:47:48.155587350Z   File "/usr/local/lib/python3.13/site-packages/anyio/_backends/_asyncio.py", line 1002, in run
2026-09-09T19:47:48.155591298Z     result = context.run(func, *args)
2026-09-09T19:47:48.155593272Z   File "/app/app/routers/orders.py", line 36, in checkout
2026-09-09T19:47:48.155595186Z     return create_order(
2026-09-09T19:47:48.155597140Z         db=db,
2026-09-09T19:47:48.155599154Z     ...<2 lines>...
2026-09-09T19:47:48.155601579Z         correlation_id=correlation_id,
2026-09-09T19:47:48.155603993Z     )
2026-09-09T19:47:48.155606448Z   File "/app/app/services/order_service.py", line 42, in create_order
2026-09-09T19:47:48.155608472Z     result = db.execute(
2026-09-09T19:47:48.155610436Z         select(ProductModel).where(ProductModel.id == product_id)
2026-09-09T19:47:48.155612360Z     )
2026-09-09T19:47:48.155614684Z   File "/usr/local/lib/python3.13/site-packages/sqlalchemy/orm/session.py", line 2372, in execute
2026-09-09T19:47:48.155617149Z     return self._execute_internal(
2026-09-09T19:47:48.155619594Z            ~~~~~~~~~~~~~~~~~~~~~~^
2026-09-09T19:47:48.155621769Z         statement,
2026-09-09T19:47:48.155623853Z         ^^^^^^^^^^
2026-09-09T19:47:48.155625786Z     ...<4 lines>...
2026-09-09T19:47:48.155627730Z         _add_event=_add_event,
2026-09-09T19:47:48.155629644Z         ^^^^^^^^^^^^^^^^^^^^^^
2026-09-09T19:47:48.155631548Z     )
2026-09-09T19:47:48.155633462Z     ^
2026-09-09T19:47:48.155635385Z   File "/usr/local/lib/python3.13/site-packages/sqlalchemy/orm/session.py", line 2260, in _execute_internal
2026-09-09T19:47:48.155637329Z     conn = self._connection_for_bind(bind)
2026-09-09T19:47:48.155639263Z   File "/usr/local/lib/python3.13/site-packages/sqlalchemy/orm/session.py", line 2112, in _connection_for_bind
2026-09-09T19:47:48.155641187Z     return trans._connection_for_bind(engine, execution_options)
2026-09-09T19:47:48.155643201Z            ~~~~~~~~~~~~~~~~~~~~~~~~~~^^^^^^^^^^^^^^^^^^^^^^^^^^^
2026-09-09T19:47:48.155645125Z   File "<string>", line 2, in _connection_for_bind
2026-09-09T19:47:48.155655255Z   File "/usr/local/lib/python3.13/site-packages/sqlalchemy/orm/state_changes.py", line 137, in _go
2026-09-09T19:47:48.155657269Z     ret_value = fn(self, *arg, **kw)
2026-09-09T19:47:48.155659193Z   File "/usr/local/lib/python3.13/site-packages/sqlalchemy/orm/session.py", line 1191, in _connection_for_bind
2026-09-09T19:47:48.155661116Z     conn = bind.connect()
2026-09-09T19:47:48.155663661Z   File "/usr/local/lib/python3.13/site-packages/opentelemetry/instrumentation/sqlalchemy/engine.py", line 200, in _wrap_connect_internal
2026-09-09T19:47:48.155665585Z     return func(*args, **kwargs)
2026-09-09T19:47:48.155667529Z   File "/usr/local/lib/python3.13/site-packages/sqlalchemy/engine/base.py", line 3295, in connect
2026-09-09T19:47:48.155669483Z     return self._connection_cls(self)
2026-09-09T19:47:48.155671397Z            ~~~~~~~~~~~~~~~~~~~~^^^^^^
2026-09-09T19:47:48.155673301Z   File "/usr/local/lib/python3.13/site-packages/sqlalchemy/engine/base.py", line 144, in __init__
2026-09-09T19:47:48.155675224Z     self._dbapi_connection = engine.raw_connection()
2026-09-09T19:47:48.155677148Z                              ~~~~~~~~~~~~~~~~~~~~~^^
2026-09-09T19:47:48.155679072Z   File "/usr/local/lib/python3.13/site-packages/sqlalchemy/engine/base.py", line 3319, in raw_connection
2026-09-09T19:47:48.155680996Z     return self.pool.connect()
2026-09-09T19:47:48.155682920Z            ~~~~~~~~~~~~~~~~~^^
2026-09-09T19:47:48.155684853Z   File "/usr/local/lib/python3.13/site-packages/sqlalchemy/pool/base.py", line 448, in connect
2026-09-09T19:47:48.155686767Z     return _ConnectionFairy._checkout(self)
2026-09-09T19:47:48.155688671Z            ~~~~~~~~~~~~~~~~~~~~~~~~~~^^^^^^
2026-09-09T19:47:48.155690575Z   File "/usr/local/lib/python3.13/site-packages/sqlalchemy/pool/base.py", line 1272, in _checkout
2026-09-09T19:47:48.155692499Z     fairy = _ConnectionRecord.checkout(pool)
2026-09-09T19:47:48.155694412Z   File "/usr/local/lib/python3.13/site-packages/sqlalchemy/pool/base.py", line 712, in checkout
2026-09-09T19:47:48.155696326Z     rec = pool._do_get()
2026-09-09T19:47:48.155698270Z   File "/usr/local/lib/python3.13/site-packages/sqlalchemy/pool/impl.py", line 167, in _do_get
2026-09-09T19:47:48.155700194Z     raise exc.TimeoutError(
2026-09-09T19:47:48.155702108Z     ...<4 lines>...
2026-09-09T19:47:48.155704062Z     )
2026-09-09T19:47:48.155706717Z sqlalchemy.exc.TimeoutError: QueuePool limit of size 5 overflow 10 reached, connection timed out, timeout 30.00 (Background on this error at: https://sqlalche.me/e/20/3o7r)
2026-09-09T19:47:48.160197574Z ERROR:    Exception in ASGI application
2026-09-09T19:47:48.160229057Z Traceback (most recent call last):
2026-09-09T19:47:48.160234467Z   File "/usr/local/lib/python3.13/site-packages/uvicorn/protocols/http/httptools_impl.py", line 421, in run_asgi
2026-09-09T19:47:48.160239558Z     result = await app(  # type: ignore[func-returns-value]
2026-09-09T19:47:48.160243626Z              ^^^^^^^^^^^^^^^^^^^^^^^^^^^^^^^^^^^^^^^^^^^^^^
2026-09-09T19:47:48.160247674Z         self.scope, self.receive, self.send
2026-09-09T19:47:48.160251672Z         ^^^^^^^^^^^^^^^^^^^^^^^^^^^^^^^^^^^
2026-09-09T19:47:48.160255710Z     )
2026-09-09T19:47:48.160259798Z     ^
2026-09-09T19:47:48.160263886Z   File "/usr/local/lib/python3.13/site-packages/uvicorn/middleware/proxy_headers.py", line 63, in __call__
2026-09-09T19:47:48.160268004Z     return await self.app(scope, receive, send)
2026-09-09T19:47:48.160272142Z            ^^^^^^^^^^^^^^^^^^^^^^^^^^^^^^^^^^^^
2026-09-09T19:47:48.160276831Z   File "/usr/local/lib/python3.13/site-packages/fastapi/applications.py", line 1159, in __call__
2026-09-09T19:47:48.160313244Z     await super().__call__(scope, receive, send)
2026-09-09T19:47:48.160319646Z   File "/usr/local/lib/python3.13/site-packages/starlette/applications.py", line 107, in __call__
2026-09-09T19:47:48.160325758Z     await self.middleware_stack(scope, receive, send)
2026-09-09T19:47:48.160331219Z   File "/usr/local/lib/python3.13/site-packages/starlette/middleware/errors.py", line 186, in __call__
2026-09-09T19:47:48.160335808Z     raise exc
2026-09-09T19:47:48.160339987Z   File "/usr/local/lib/python3.13/site-packages/starlette/middleware/errors.py", line 164, in __call__
2026-09-09T19:47:48.160344035Z     await self.app(scope, receive, _send)
2026-09-09T19:47:48.160351890Z   File "/usr/local/lib/python3.13/site-packages/opentelemetry/instrumentation/asgi/__init__.py", line 806, in __call__
2026-09-09T19:47:48.160356088Z     await self.app(scope, otel_receive, otel_send)
2026-09-09T19:47:48.160360126Z   File "/usr/local/lib/python3.13/site-packages/starlette/middleware/errors.py", line 186, in __call__
2026-09-09T19:47:48.160364124Z     raise exc
2026-09-09T19:47:48.160368102Z   File "/usr/local/lib/python3.13/site-packages/starlette/middleware/errors.py", line 164, in __call__
2026-09-09T19:47:48.160372190Z     await self.app(scope, receive, _send)
2026-09-09T19:47:48.160376329Z   File "/usr/local/lib/python3.13/site-packages/opentelemetry/instrumentation/fastapi/__init__.py", line 305, in __call__
2026-09-09T19:47:48.160380367Z     await self.app(scope, receive, send)
2026-09-09T19:47:48.160384384Z   File "/usr/local/lib/python3.13/site-packages/prometheus_fastapi_instrumentator/middleware.py", line 177, in __call__
2026-09-09T19:47:48.160388392Z     raise exc
2026-09-09T19:47:48.160392360Z   File "/usr/local/lib/python3.13/site-packages/prometheus_fastapi_instrumentator/middleware.py", line 175, in __call__
2026-09-09T19:47:48.160396378Z     await self.app(scope, receive, send_wrapper)
2026-09-09T19:47:48.160400376Z   File "/usr/local/lib/python3.13/site-packages/starlette/middleware/exceptions.py", line 63, in __call__
2026-09-09T19:47:48.160404655Z     await wrap_app_handling_exceptions(self.app, conn)(scope, receive, send)
2026-09-09T19:47:48.160408673Z   File "/usr/local/lib/python3.13/site-packages/starlette/_exception_handler.py", line 53, in wrapped_app
2026-09-09T19:47:48.160412661Z     raise exc
2026-09-09T19:47:48.160416648Z   File "/usr/local/lib/python3.13/site-packages/starlette/_exception_handler.py", line 42, in wrapped_app
2026-09-09T19:47:48.160420636Z     await app(scope, receive, sender)
2026-09-09T19:47:48.160424634Z   File "/usr/local/lib/python3.13/site-packages/fastapi/middleware/asyncexitstack.py", line 18, in __call__
2026-09-09T19:47:48.160428632Z     await self.app(scope, receive, send)
2026-09-09T19:47:48.160432620Z   File "/usr/local/lib/python3.13/site-packages/starlette/routing.py", line 716, in __call__
2026-09-09T19:47:48.160436618Z     await self.middleware_stack(scope, receive, send)
2026-09-09T19:47:48.160440656Z   File "/usr/local/lib/python3.13/site-packages/starlette/routing.py", line 736, in app
2026-09-09T19:47:48.160444644Z     await route.handle(scope, receive, send)
2026-09-09T19:47:48.160448632Z   File "/usr/local/lib/python3.13/site-packages/starlette/routing.py", line 290, in handle
2026-09-09T19:47:48.160452610Z     await self.app(scope, receive, send)
2026-09-09T19:47:48.160456598Z   File "/usr/local/lib/python3.13/site-packages/fastapi/routing.py", line 134, in app
2026-09-09T19:47:48.160460575Z     await wrap_app_handling_exceptions(app, request)(scope, receive, send)
2026-09-09T19:47:48.160464613Z   File "/usr/local/lib/python3.13/site-packages/starlette/_exception_handler.py", line 53, in wrapped_app
2026-09-09T19:47:48.160468651Z     raise exc
2026-09-09T19:47:48.160483561Z   File "/usr/local/lib/python3.13/site-packages/starlette/_exception_handler.py", line 42, in wrapped_app
2026-09-09T19:47:48.160487779Z     await app(scope, receive, sender)
2026-09-09T19:47:48.160491757Z   File "/usr/local/lib/python3.13/site-packages/fastapi/routing.py", line 120, in app
2026-09-09T19:47:48.160496026Z     response = await f(request)
2026-09-09T19:47:48.160500044Z                ^^^^^^^^^^^^^^^^
2026-09-09T19:47:48.160504312Z   File "/usr/local/lib/python3.13/site-packages/fastapi/routing.py", line 674, in app
2026-09-09T19:47:48.160555433Z     raw_response = await run_endpoint_function(
2026-09-09T19:47:48.160567597Z                    ^^^^^^^^^^^^^^^^^^^^^^^^^^^^
2026-09-09T19:47:48.160572227Z     ...<3 lines>...
2026-09-09T19:47:48.160576295Z     )
2026-09-09T19:47:48.160580363Z     ^
2026-09-09T19:47:48.160584421Z   File "/usr/local/lib/python3.13/site-packages/fastapi/routing.py", line 330, in run_endpoint_function
2026-09-09T19:47:48.160588449Z     return await run_in_threadpool(dependant.call, **values)
2026-09-09T19:47:48.160592497Z            ^^^^^^^^^^^^^^^^^^^^^^^^^^^^^^^^^^^^^^^^^^^^^^^^^
2026-09-09T19:47:48.160609981Z   File "/usr/local/lib/python3.13/site-packages/starlette/concurrency.py", line 32, in run_in_threadpool
2026-09-09T19:47:48.160615182Z     return await anyio.to_thread.run_sync(func)
2026-09-09T19:47:48.160620943Z            ^^^^^^^^^^^^^^^^^^^^^^^^^^^^^^^^^^^^
2026-09-09T19:47:48.160626574Z   File "/usr/local/lib/python3.13/site-packages/anyio/to_thread.py", line 63, in run_sync
2026-09-09T19:47:48.160632276Z     return await get_async_backend().run_sync_in_worker_thread(
2026-09-09T19:47:48.160638057Z            ^^^^^^^^^^^^^^^^^^^^^^^^^^^^^^^^^^^^^^^^^^^^^^^^^^^^
2026-09-09T19:47:48.160643869Z         func, args, abandon_on_cancel=abandon_on_cancel, limiter=limiter
2026-09-09T19:47:48.160649510Z         ^^^^^^^^^^^^^^^^^^^^^^^^^^^^^^^^^^^^^^^^^^^^^^^^^^^^^^^^^^^^^^^^
2026-09-09T19:47:48.160655171Z     )
2026-09-09T19:47:48.160660912Z     ^
2026-09-09T19:47:48.160666533Z   File "/usr/local/lib/python3.13/site-packages/anyio/_backends/_asyncio.py", line 2518, in run_sync_in_worker_thread
2026-09-09T19:47:48.160672285Z     return await future
2026-09-09T19:47:48.160677956Z            ^^^^^^^^^^^^
2026-09-09T19:47:48.160683607Z   File "/usr/local/lib/python3.13/site-packages/anyio/_backends/_asyncio.py", line 1002, in run
2026-09-09T19:47:48.160689309Z     result = context.run(func, *args)
2026-09-09T19:47:48.160695010Z   File "/app/app/routers/orders.py", line 36, in checkout
2026-09-09T19:47:48.160700721Z     return create_order(
2026-09-09T19:47:48.160706473Z         db=db,
2026-09-09T19:47:48.160712184Z     ...<2 lines>...
2026-09-09T19:47:48.160717875Z         correlation_id=correlation_id,
2026-09-09T19:47:48.160723546Z     )
2026-09-09T19:47:48.160729428Z   File "/app/app/services/order_service.py", line 42, in create_order
2026-09-09T19:47:48.160735200Z     result = db.execute(
2026-09-09T19:47:48.160740961Z         select(ProductModel).where(ProductModel.id == product_id)
2026-09-09T19:47:48.160746592Z     )
2026-09-09T19:47:48.160752303Z   File "/usr/local/lib/python3.13/site-packages/sqlalchemy/orm/session.py", line 2372, in execute
2026-09-09T19:47:48.160757985Z     return self._execute_internal(
2026-09-09T19:47:48.160763636Z            ~~~~~~~~~~~~~~~~~~~~~~^
2026-09-09T19:47:48.160769267Z         statement,
2026-09-09T19:47:48.160774908Z         ^^^^^^^^^^
2026-09-09T19:47:48.160780529Z     ...<4 lines>...
2026-09-09T19:47:48.160786140Z         _add_event=_add_event,
2026-09-09T19:47:48.160791772Z         ^^^^^^^^^^^^^^^^^^^^^^
2026-09-09T19:47:48.160818334Z     )
2026-09-09T19:47:48.160824116Z     ^
2026-09-09T19:47:48.160829787Z   File "/usr/local/lib/python3.13/site-packages/sqlalchemy/orm/session.py", line 2260, in _execute_internal
2026-09-09T19:47:48.160835478Z     conn = self._connection_for_bind(bind)
2026-09-09T19:47:48.160841179Z   File "/usr/local/lib/python3.13/site-packages/sqlalchemy/orm/session.py", line 2112, in _connection_for_bind
2026-09-09T19:47:48.160850608Z     return trans._connection_for_bind(engine, execution_options)
2026-09-09T19:47:48.160857682Z            ~~~~~~~~~~~~~~~~~~~~~~~~~~^^^^^^^^^^^^^^^^^^^^^^^^^^^
2026-09-09T19:47:48.160863464Z   File "<string>", line 2, in _connection_for_bind
2026-09-09T19:47:48.160869155Z   File "/usr/local/lib/python3.13/site-packages/sqlalchemy/orm/state_changes.py", line 137, in _go
2026-09-09T19:47:48.160874816Z     ret_value = fn(self, *arg, **kw)
2026-09-09T19:47:48.160880517Z   File "/usr/local/lib/python3.13/site-packages/sqlalchemy/orm/session.py", line 1191, in _connection_for_bind
2026-09-09T19:47:48.160886179Z     conn = bind.connect()
2026-09-09T19:47:48.160892321Z   File "/usr/local/lib/python3.13/site-packages/opentelemetry/instrumentation/sqlalchemy/engine.py", line 200, in _wrap_connect_internal
2026-09-09T19:47:48.160898002Z     return func(*args, **kwargs)
2026-09-09T19:47:48.160903663Z   File "/usr/local/lib/python3.13/site-packages/sqlalchemy/engine/base.py", line 3295, in connect
2026-09-09T19:47:48.160909324Z     return self._connection_cls(self)
2026-09-09T19:47:48.160915016Z            ~~~~~~~~~~~~~~~~~~~~^^^^^^
2026-09-09T19:47:48.160920617Z   File "/usr/local/lib/python3.13/site-packages/sqlalchemy/engine/base.py", line 144, in __init__
2026-09-09T19:47:48.160926288Z     self._dbapi_connection = engine.raw_connection()
2026-09-09T19:47:48.160931889Z                              ~~~~~~~~~~~~~~~~~~~~~^^
2026-09-09T19:47:48.160937500Z   File "/usr/local/lib/python3.13/site-packages/sqlalchemy/engine/base.py", line 3319, in raw_connection
2026-09-09T19:47:48.160943192Z     return self.pool.connect()
2026-09-09T19:47:48.160948803Z            ~~~~~~~~~~~~~~~~~^^
2026-09-09T19:47:48.160954464Z   File "/usr/local/lib/python3.13/site-packages/sqlalchemy/pool/base.py", line 448, in connect
2026-09-09T19:47:48.160960205Z     return _ConnectionFairy._checkout(self)
2026-09-09T19:47:48.160965846Z            ~~~~~~~~~~~~~~~~~~~~~~~~~~^^^^^^
2026-09-09T19:47:48.160971458Z   File "/usr/local/lib/python3.13/site-packages/sqlalchemy/pool/base.py", line 1272, in _checkout
2026-09-09T19:47:48.160977109Z     fairy = _ConnectionRecord.checkout(pool)
2026-09-09T19:47:48.160982760Z   File "/usr/local/lib/python3.13/site-packages/sqlalchemy/pool/base.py", line 712, in checkout
2026-09-09T19:47:48.160988451Z     rec = pool._do_get()
2026-09-09T19:47:48.160994052Z   File "/usr/local/lib/python3.13/site-packages/sqlalchemy/pool/impl.py", line 167, in _do_get
2026-09-09T19:47:48.160999744Z     raise exc.TimeoutError(
2026-09-09T19:47:48.161005555Z     ...<4 lines>...
2026-09-09T19:47:48.161011186Z     )
2026-09-09T19:47:48.161017659Z sqlalchemy.exc.TimeoutError: QueuePool limit of size 5 overflow 10 reached, connection timed out, timeout 30.00 (Background on this error at: https://sqlalche.me/e/20/3o7r)
2026-09-09T19:47:48.167856742Z ERROR:    Exception in ASGI application
2026-09-09T19:47:48.167919386Z Traceback (most recent call last):
2026-09-09T19:47:48.167926720Z   File "/usr/local/lib/python3.13/site-packages/uvicorn/protocols/http/httptools_impl.py", line 421, in run_asgi
2026-09-09T19:47:48.167932291Z     result = await app(  # type: ignore[func-returns-value]
2026-09-09T19:47:48.167937321Z              ^^^^^^^^^^^^^^^^^^^^^^^^^^^^^^^^^^^^^^^^^^^^^^
2026-09-09T19:47:48.167969215Z         self.scope, self.receive, self.send
2026-09-09T19:47:48.167973854Z         ^^^^^^^^^^^^^^^^^^^^^^^^^^^^^^^^^^^
2026-09-09T19:47:48.167978323Z     )
2026-09-09T19:47:48.167982771Z     ^
2026-09-09T19:47:48.167987210Z   File "/usr/local/lib/python3.13/site-packages/uvicorn/middleware/proxy_headers.py", line 63, in __call__
2026-09-09T19:47:48.167991669Z     return await self.app(scope, receive, send)
2026-09-09T19:47:48.167996128Z            ^^^^^^^^^^^^^^^^^^^^^^^^^^^^^^^^^^^^
2026-09-09T19:47:48.168001208Z   File "/usr/local/lib/python3.13/site-packages/fastapi/applications.py", line 1159, in __call__
2026-09-09T19:47:48.168005627Z     await super().__call__(scope, receive, send)
2026-09-09T19:47:48.168010015Z   File "/usr/local/lib/python3.13/site-packages/starlette/applications.py", line 107, in __call__
2026-09-09T19:47:48.168014404Z     await self.middleware_stack(scope, receive, send)
2026-09-09T19:47:48.168018783Z   File "/usr/local/lib/python3.13/site-packages/starlette/middleware/errors.py", line 186, in __call__
2026-09-09T19:47:48.168023853Z     raise exc
2026-09-09T19:47:48.168028903Z   File "/usr/local/lib/python3.13/site-packages/starlette/middleware/errors.py", line 164, in __call__
2026-09-09T19:47:48.168033372Z     await self.app(scope, receive, _send)
2026-09-09T19:47:48.168038532Z   File "/usr/local/lib/python3.13/site-packages/opentelemetry/instrumentation/asgi/__init__.py", line 806, in __call__
2026-09-09T19:47:48.168042951Z     await self.app(scope, otel_receive, otel_send)
2026-09-09T19:47:48.168047440Z   File "/usr/local/lib/python3.13/site-packages/starlette/middleware/errors.py", line 186, in __call__
2026-09-09T19:47:48.168051868Z     raise exc
2026-09-09T19:47:48.168056277Z   File "/usr/local/lib/python3.13/site-packages/starlette/middleware/errors.py", line 164, in __call__
2026-09-09T19:47:48.168060666Z     await self.app(scope, receive, _send)
2026-09-09T19:47:48.168065075Z   File "/usr/local/lib/python3.13/site-packages/opentelemetry/instrumentation/fastapi/__init__.py", line 305, in __call__
2026-09-09T19:47:48.168069654Z     await self.app(scope, receive, send)
2026-09-09T19:47:48.168074062Z   File "/usr/local/lib/python3.13/site-packages/prometheus_fastapi_instrumentator/middleware.py", line 177, in __call__
2026-09-09T19:47:48.168078461Z     raise exc
2026-09-09T19:47:48.168082840Z   File "/usr/local/lib/python3.13/site-packages/prometheus_fastapi_instrumentator/middleware.py", line 175, in __call__
2026-09-09T19:47:48.168092178Z     await self.app(scope, receive, send_wrapper)
2026-09-09T19:47:48.168096777Z   File "/usr/local/lib/python3.13/site-packages/starlette/middleware/exceptions.py", line 63, in __call__
2026-09-09T19:47:48.168101787Z     await wrap_app_handling_exceptions(self.app, conn)(scope, receive, send)
2026-09-09T19:47:48.168110615Z   File "/usr/local/lib/python3.13/site-packages/starlette/_exception_handler.py", line 53, in wrapped_app
2026-09-09T19:47:48.168115094Z     raise exc
2026-09-09T19:47:48.168119673Z   File "/usr/local/lib/python3.13/site-packages/starlette/_exception_handler.py", line 42, in wrapped_app
2026-09-09T19:47:48.168124172Z     await app(scope, receive, sender)
2026-09-09T19:47:48.168128560Z   File "/usr/local/lib/python3.13/site-packages/fastapi/middleware/asyncexitstack.py", line 18, in __call__
2026-09-09T19:47:48.168133009Z     await self.app(scope, receive, send)
2026-09-09T19:47:48.168139692Z   File "/usr/local/lib/python3.13/site-packages/starlette/routing.py", line 716, in __call__
2026-09-09T19:47:48.168144221Z     await self.middleware_stack(scope, receive, send)
2026-09-09T19:47:48.168148650Z   File "/usr/local/lib/python3.13/site-packages/starlette/routing.py", line 736, in app
2026-09-09T19:47:48.168163630Z     await route.handle(scope, receive, send)
2026-09-09T19:47:48.168168399Z   File "/usr/local/lib/python3.13/site-packages/starlette/routing.py", line 290, in handle
2026-09-09T19:47:48.168172788Z     await self.app(scope, receive, send)
2026-09-09T19:47:48.168177167Z   File "/usr/local/lib/python3.13/site-packages/fastapi/routing.py", line 134, in app
2026-09-09T19:47:48.168181535Z     await wrap_app_handling_exceptions(app, request)(scope, receive, send)
2026-09-09T19:47:48.168188569Z   File "/usr/local/lib/python3.13/site-packages/starlette/_exception_handler.py", line 53, in wrapped_app
2026-09-09T19:47:48.168193008Z     raise exc
2026-09-09T19:47:48.168197417Z   File "/usr/local/lib/python3.13/site-packages/starlette/_exception_handler.py", line 42, in wrapped_app
2026-09-09T19:47:48.168201876Z     await app(scope, receive, sender)
2026-09-09T19:47:48.168206314Z   File "/usr/local/lib/python3.13/site-packages/fastapi/routing.py", line 120, in app
2026-09-09T19:47:48.168211505Z     response = await f(request)
2026-09-09T19:47:48.168216044Z                ^^^^^^^^^^^^^^^^
2026-09-09T19:47:48.168220472Z   File "/usr/local/lib/python3.13/site-packages/fastapi/routing.py", line 674, in app
2026-09-09T19:47:48.168225011Z     raw_response = await run_endpoint_function(
2026-09-09T19:47:48.168229410Z                    ^^^^^^^^^^^^^^^^^^^^^^^^^^^^
2026-09-09T19:47:48.168234370Z     ...<3 lines>...
2026-09-09T19:47:48.168238759Z     )
2026-09-09T19:47:48.168243237Z     ^
2026-09-09T19:47:48.168247626Z   File "/usr/local/lib/python3.13/site-packages/fastapi/routing.py", line 330, in run_endpoint_function
2026-09-09T19:47:48.168252025Z     return await run_in_threadpool(dependant.call, **values)
2026-09-09T19:47:48.168256434Z            ^^^^^^^^^^^^^^^^^^^^^^^^^^^^^^^^^^^^^^^^^^^^^^^^^
2026-09-09T19:47:48.168343366Z   File "/usr/local/lib/python3.13/site-packages/starlette/concurrency.py", line 32, in run_in_threadpool
2026-09-09T19:47:48.168353426Z     return await anyio.to_thread.run_sync(func)
2026-09-09T19:47:48.168357875Z            ^^^^^^^^^^^^^^^^^^^^^^^^^^^^^^^^^^^^
2026-09-09T19:47:48.168362323Z   File "/usr/local/lib/python3.13/site-packages/anyio/to_thread.py", line 63, in run_sync
2026-09-09T19:47:48.168366943Z     return await get_async_backend().run_sync_in_worker_thread(
2026-09-09T19:47:48.168371281Z            ^^^^^^^^^^^^^^^^^^^^^^^^^^^^^^^^^^^^^^^^^^^^^^^^^^^^
2026-09-09T19:47:48.168375630Z         func, args, abandon_on_cancel=abandon_on_cancel, limiter=limiter
2026-09-09T19:47:48.168379978Z         ^^^^^^^^^^^^^^^^^^^^^^^^^^^^^^^^^^^^^^^^^^^^^^^^^^^^^^^^^^^^^^^^
2026-09-09T19:47:48.168384297Z     )
2026-09-09T19:47:48.168388636Z     ^
2026-09-09T19:47:48.168392904Z   File "/usr/local/lib/python3.13/site-packages/anyio/_backends/_asyncio.py", line 2518, in run_sync_in_worker_thread
2026-09-09T19:47:48.168397333Z     return await future
2026-09-09T19:47:48.168401641Z            ^^^^^^^^^^^^
2026-09-09T19:47:48.168405970Z   File "/usr/local/lib/python3.13/site-packages/anyio/_backends/_asyncio.py", line 1002, in run
2026-09-09T19:47:48.168410349Z     result = context.run(func, *args)
2026-09-09T19:47:48.168414717Z   File "/app/app/routers/orders.py", line 36, in checkout
2026-09-09T19:47:48.168419056Z     return create_order(
2026-09-09T19:47:48.168423445Z         db=db,
2026-09-09T19:47:48.168427783Z     ...<2 lines>...
2026-09-09T19:47:48.168432182Z         correlation_id=correlation_id,
2026-09-09T19:47:48.168436480Z     )
2026-09-09T19:47:48.168440929Z   File "/app/app/services/order_service.py", line 42, in create_order
2026-09-09T19:47:48.168462522Z     result = db.execute(
2026-09-09T19:47:48.168467061Z         select(ProductModel).where(ProductModel.id == product_id)
2026-09-09T19:47:48.168471379Z     )
2026-09-09T19:47:48.168475748Z   File "/usr/local/lib/python3.13/site-packages/sqlalchemy/orm/session.py", line 2372, in execute
2026-09-09T19:47:48.168480187Z     return self._execute_internal(
2026-09-09T19:47:48.168484606Z            ~~~~~~~~~~~~~~~~~~~~~~^
2026-09-09T19:47:48.168489135Z         statement,
2026-09-09T19:47:48.168493523Z         ^^^^^^^^^^
2026-09-09T19:47:48.168497872Z     ...<4 lines>...
2026-09-09T19:47:48.168502251Z         _add_event=_add_event,
2026-09-09T19:47:48.168506569Z         ^^^^^^^^^^^^^^^^^^^^^^
2026-09-09T19:47:48.168571969Z     )
2026-09-09T19:47:48.168576538Z     ^
2026-09-09T19:47:48.168581077Z   File "/usr/local/lib/python3.13/site-packages/sqlalchemy/orm/session.py", line 2260, in _execute_internal
2026-09-09T19:47:48.168585496Z     conn = self._connection_for_bind(bind)
2026-09-09T19:47:48.168589944Z   File "/usr/local/lib/python3.13/site-packages/sqlalchemy/orm/session.py", line 2112, in _connection_for_bind
2026-09-09T19:47:48.168594433Z     return trans._connection_for_bind(engine, execution_options)
2026-09-09T19:47:48.168598852Z            ~~~~~~~~~~~~~~~~~~~~~~~~~~^^^^^^^^^^^^^^^^^^^^^^^^^^^
2026-09-09T19:47:48.168603581Z   File "<string>", line 2, in _connection_for_bind
2026-09-09T19:47:48.168608000Z   File "/usr/local/lib/python3.13/site-packages/sqlalchemy/orm/state_changes.py", line 137, in _go
2026-09-09T19:47:48.168612449Z     ret_value = fn(self, *arg, **kw)
2026-09-09T19:47:48.168616888Z   File "/usr/local/lib/python3.13/site-packages/sqlalchemy/orm/session.py", line 1191, in _connection_for_bind
2026-09-09T19:47:48.168621246Z     conn = bind.connect()
2026-09-09T19:47:48.168626216Z   File "/usr/local/lib/python3.13/site-packages/opentelemetry/instrumentation/sqlalchemy/engine.py", line 200, in _wrap_connect_internal
2026-09-09T19:47:48.168630625Z     return func(*args, **kwargs)
2026-09-09T19:47:48.168634954Z   File "/usr/local/lib/python3.13/site-packages/sqlalchemy/engine/base.py", line 3295, in connect
2026-09-09T19:47:48.168639292Z     return self._connection_cls(self)
2026-09-09T19:47:48.168643761Z            ~~~~~~~~~~~~~~~~~~~~^^^^^^
2026-09-09T19:47:48.168648150Z   File "/usr/local/lib/python3.13/site-packages/sqlalchemy/engine/base.py", line 144, in __init__
2026-09-09T19:47:48.168652588Z     self._dbapi_connection = engine.raw_connection()
2026-09-09T19:47:48.168657278Z                              ~~~~~~~~~~~~~~~~~~~~~^^
2026-09-09T19:47:48.168661927Z   File "/usr/local/lib/python3.13/site-packages/sqlalchemy/engine/base.py", line 3319, in raw_connection
2026-09-09T19:47:48.168666246Z     return self.pool.connect()
2026-09-09T19:47:48.168670594Z            ~~~~~~~~~~~~~~~~~^^
2026-09-09T19:47:48.168675013Z   File "/usr/local/lib/python3.13/site-packages/sqlalchemy/pool/base.py", line 448, in connect
2026-09-09T19:47:48.168679402Z     return _ConnectionFairy._checkout(self)
2026-09-09T19:47:48.168683720Z            ~~~~~~~~~~~~~~~~~~~~~~~~~~^^^^^^
2026-09-09T19:47:48.168688229Z   File "/usr/local/lib/python3.13/site-packages/sqlalchemy/pool/base.py", line 1272, in _checkout
2026-09-09T19:47:48.168692568Z     fairy = _ConnectionRecord.checkout(pool)
2026-09-09T19:47:48.168696936Z   File "/usr/local/lib/python3.13/site-packages/sqlalchemy/pool/base.py", line 712, in checkout
2026-09-09T19:47:48.168701325Z     rec = pool._do_get()
2026-09-09T19:47:48.168705684Z   File "/usr/local/lib/python3.13/site-packages/sqlalchemy/pool/impl.py", line 167, in _do_get
2026-09-09T19:47:48.168710042Z     raise exc.TimeoutError(
2026-09-09T19:47:48.168725022Z     ...<4 lines>...
2026-09-09T19:47:48.168729511Z     )
2026-09-09T19:47:48.168734681Z sqlalchemy.exc.TimeoutError: QueuePool limit of size 5 overflow 10 reached, connection timed out, timeout 30.00 (Background on this error at: https://sqlalche.me/e/20/3o7r)
2026-09-09T19:47:48.172702899Z ERROR:    Exception in ASGI application
2026-09-09T19:47:48.172735103Z Traceback (most recent call last):
2026-09-09T19:47:48.172738019Z   File "/usr/local/lib/python3.13/site-packages/uvicorn/protocols/http/httptools_impl.py", line 421, in run_asgi
2026-09-09T19:47:48.172740854Z     result = await app(  # type: ignore[func-returns-value]
2026-09-09T19:47:48.172742798Z              ^^^^^^^^^^^^^^^^^^^^^^^^^^^^^^^^^^^^^^^^^^^^^^
2026-09-09T19:47:48.172745053Z         self.scope, self.receive, self.send
2026-09-09T19:47:48.172747277Z         ^^^^^^^^^^^^^^^^^^^^^^^^^^^^^^^^^^^
2026-09-09T19:47:48.172749231Z     )
2026-09-09T19:47:48.172751185Z     ^
2026-09-09T19:47:48.172753119Z   File "/usr/local/lib/python3.13/site-packages/uvicorn/middleware/proxy_headers.py", line 63, in __call__
2026-09-09T19:47:48.172755062Z     return await self.app(scope, receive, send)
2026-09-09T19:47:48.172756986Z            ^^^^^^^^^^^^^^^^^^^^^^^^^^^^^^^^^^^^
2026-09-09T19:47:48.172759591Z   File "/usr/local/lib/python3.13/site-packages/fastapi/applications.py", line 1159, in __call__
2026-09-09T19:47:48.172761535Z     await super().__call__(scope, receive, send)
2026-09-09T19:47:48.172763689Z   File "/usr/local/lib/python3.13/site-packages/starlette/applications.py", line 107, in __call__
2026-09-09T19:47:48.172765653Z     await self.middleware_stack(scope, receive, send)
2026-09-09T19:47:48.172767597Z   File "/usr/local/lib/python3.13/site-packages/starlette/middleware/errors.py", line 186, in __call__
2026-09-09T19:47:48.172769551Z     raise exc
2026-09-09T19:47:48.172771555Z   File "/usr/local/lib/python3.13/site-packages/starlette/middleware/errors.py", line 164, in __call__
2026-09-09T19:47:48.172773489Z     await self.app(scope, receive, _send)
2026-09-09T19:47:48.172775934Z   File "/usr/local/lib/python3.13/site-packages/opentelemetry/instrumentation/asgi/__init__.py", line 806, in __call__
2026-09-09T19:47:48.172777928Z     await self.app(scope, otel_receive, otel_send)
2026-09-09T19:47:48.172780242Z   File "/usr/local/lib/python3.13/site-packages/starlette/middleware/errors.py", line 186, in __call__
2026-09-09T19:47:48.172782216Z     raise exc
2026-09-09T19:47:48.172784230Z   File "/usr/local/lib/python3.13/site-packages/starlette/middleware/errors.py", line 164, in __call__
2026-09-09T19:47:48.172786174Z     await self.app(scope, receive, _send)
2026-09-09T19:47:48.172788118Z   File "/usr/local/lib/python3.13/site-packages/opentelemetry/instrumentation/fastapi/__init__.py", line 305, in __call__
2026-09-09T19:47:48.172790052Z     await self.app(scope, receive, send)
2026-09-09T19:47:48.172791986Z   File "/usr/local/lib/python3.13/site-packages/prometheus_fastapi_instrumentator/middleware.py", line 177, in __call__
2026-09-09T19:47:48.172793919Z     raise exc
2026-09-09T19:47:48.172795863Z   File "/usr/local/lib/python3.13/site-packages/prometheus_fastapi_instrumentator/middleware.py", line 175, in __call__
2026-09-09T19:47:48.172797777Z     await self.app(scope, receive, send_wrapper)
2026-09-09T19:47:48.172799801Z   File "/usr/local/lib/python3.13/site-packages/starlette/middleware/exceptions.py", line 63, in __call__
2026-09-09T19:47:48.172802166Z     await wrap_app_handling_exceptions(self.app, conn)(scope, receive, send)
2026-09-09T19:47:48.172804120Z   File "/usr/local/lib/python3.13/site-packages/starlette/_exception_handler.py", line 53, in wrapped_app
2026-09-09T19:47:48.172823258Z     raise exc
2026-09-09T19:47:48.172825532Z   File "/usr/local/lib/python3.13/site-packages/starlette/_exception_handler.py", line 42, in wrapped_app
2026-09-09T19:47:48.172827526Z     await app(scope, receive, sender)
2026-09-09T19:47:48.172829500Z   File "/usr/local/lib/python3.13/site-packages/fastapi/middleware/asyncexitstack.py", line 18, in __call__
2026-09-09T19:47:48.172831444Z     await self.app(scope, receive, send)
2026-09-09T19:47:48.172833488Z   File "/usr/local/lib/python3.13/site-packages/starlette/routing.py", line 716, in __call__
2026-09-09T19:47:48.172835442Z     await self.middleware_stack(scope, receive, send)
2026-09-09T19:47:48.172837396Z   File "/usr/local/lib/python3.13/site-packages/starlette/routing.py", line 736, in app
2026-09-09T19:47:48.172904709Z     await route.handle(scope, receive, send)
2026-09-09T19:47:48.172908166Z   File "/usr/local/lib/python3.13/site-packages/starlette/routing.py", line 290, in handle
2026-09-09T19:47:48.172910150Z     await self.app(scope, receive, send)
2026-09-09T19:47:48.172912224Z   File "/usr/local/lib/python3.13/site-packages/fastapi/routing.py", line 134, in app
2026-09-09T19:47:48.172914228Z     await wrap_app_handling_exceptions(app, request)(scope, receive, send)
2026-09-09T19:47:48.172916222Z   File "/usr/local/lib/python3.13/site-packages/starlette/_exception_handler.py", line 53, in wrapped_app
2026-09-09T19:47:48.172918186Z     raise exc
2026-09-09T19:47:48.172920180Z   File "/usr/local/lib/python3.13/site-packages/starlette/_exception_handler.py", line 42, in wrapped_app
2026-09-09T19:47:48.172922143Z     await app(scope, receive, sender)
2026-09-09T19:47:48.172924117Z   File "/usr/local/lib/python3.13/site-packages/fastapi/routing.py", line 120, in app
2026-09-09T19:47:48.172926572Z     response = await f(request)
2026-09-09T19:47:48.172928566Z                ^^^^^^^^^^^^^^^^
2026-09-09T19:47:48.172930520Z   File "/usr/local/lib/python3.13/site-packages/fastapi/routing.py", line 674, in app
2026-09-09T19:47:48.172932484Z     raw_response = await run_endpoint_function(
2026-09-09T19:47:48.172934428Z                    ^^^^^^^^^^^^^^^^^^^^^^^^^^^^
2026-09-09T19:47:48.172936863Z     ...<3 lines>...
2026-09-09T19:47:48.172938847Z     )
2026-09-09T19:47:48.172940840Z     ^
2026-09-09T19:47:48.172945199Z   File "/usr/local/lib/python3.13/site-packages/fastapi/routing.py", line 330, in run_endpoint_function
2026-09-09T19:47:48.172947343Z     return await run_in_threadpool(dependant.call, **values)
2026-09-09T19:47:48.172949347Z            ^^^^^^^^^^^^^^^^^^^^^^^^^^^^^^^^^^^^^^^^^^^^^^^^^
2026-09-09T19:47:48.172982443Z   File "/usr/local/lib/python3.13/site-packages/starlette/concurrency.py", line 32, in run_in_threadpool
2026-09-09T19:47:48.172988505Z     return await anyio.to_thread.run_sync(func)
2026-09-09T19:47:48.172990529Z            ^^^^^^^^^^^^^^^^^^^^^^^^^^^^^^^^^^^^
2026-09-09T19:47:48.172992473Z   File "/usr/local/lib/python3.13/site-packages/anyio/to_thread.py", line 63, in run_sync
2026-09-09T19:47:48.172994417Z     return await get_async_backend().run_sync_in_worker_thread(
2026-09-09T19:47:48.172996431Z            ^^^^^^^^^^^^^^^^^^^^^^^^^^^^^^^^^^^^^^^^^^^^^^^^^^^^
2026-09-09T19:47:48.172998364Z         func, args, abandon_on_cancel=abandon_on_cancel, limiter=limiter
2026-09-09T19:47:48.173000308Z         ^^^^^^^^^^^^^^^^^^^^^^^^^^^^^^^^^^^^^^^^^^^^^^^^^^^^^^^^^^^^^^^^
2026-09-09T19:47:48.173002252Z     )
2026-09-09T19:47:48.173004186Z     ^
2026-09-09T19:47:48.173006260Z   File "/usr/local/lib/python3.13/site-packages/anyio/_backends/_asyncio.py", line 2518, in run_sync_in_worker_thread
2026-09-09T19:47:48.173008234Z     return await future
2026-09-09T19:47:48.173010188Z            ^^^^^^^^^^^^
2026-09-09T19:47:48.173020929Z   File "/usr/local/lib/python3.13/site-packages/anyio/_backends/_asyncio.py", line 1002, in run
2026-09-09T19:47:48.173022963Z     result = context.run(func, *args)
2026-09-09T19:47:48.173024927Z   File "/app/app/routers/orders.py", line 36, in checkout
2026-09-09T19:47:48.173026841Z     return create_order(
2026-09-09T19:47:48.173028775Z         db=db,
2026-09-09T19:47:48.173030729Z     ...<2 lines>...
2026-09-09T19:47:48.173032753Z         correlation_id=correlation_id,
2026-09-09T19:47:48.173034706Z     )
2026-09-09T19:47:48.173036720Z   File "/app/app/services/order_service.py", line 42, in create_order
2026-09-09T19:47:48.173038684Z     result = db.execute(
2026-09-09T19:47:48.173040628Z         select(ProductModel).where(ProductModel.id == product_id)
2026-09-09T19:47:48.173042702Z     )
2026-09-09T19:47:48.173044646Z   File "/usr/local/lib/python3.13/site-packages/sqlalchemy/orm/session.py", line 2372, in execute
2026-09-09T19:47:48.173046590Z     return self._execute_internal(
2026-09-09T19:47:48.173048524Z            ~~~~~~~~~~~~~~~~~~~~~~^
2026-09-09T19:47:48.173050538Z         statement,
2026-09-09T19:47:48.173052602Z         ^^^^^^^^^^
2026-09-09T19:47:48.173054536Z     ...<4 lines>...
2026-09-09T19:47:48.173056449Z         _add_event=_add_event,
2026-09-09T19:47:48.173058383Z         ^^^^^^^^^^^^^^^^^^^^^^
2026-09-09T19:47:48.173060287Z     )
2026-09-09T19:47:48.173062231Z     ^
2026-09-09T19:47:48.173064265Z   File "/usr/local/lib/python3.13/site-packages/sqlalchemy/orm/session.py", line 2260, in _execute_internal
2026-09-09T19:47:48.173066189Z     conn = self._connection_for_bind(bind)
2026-09-09T19:47:48.173068123Z   File "/usr/local/lib/python3.13/site-packages/sqlalchemy/orm/session.py", line 2112, in _connection_for_bind
2026-09-09T19:47:48.173070157Z     return trans._connection_for_bind(engine, execution_options)
2026-09-09T19:47:48.173072080Z            ~~~~~~~~~~~~~~~~~~~~~~~~~~^^^^^^^^^^^^^^^^^^^^^^^^^^^
2026-09-09T19:47:48.173073994Z   File "<string>", line 2, in _connection_for_bind
2026-09-09T19:47:48.173075928Z   File "/usr/local/lib/python3.13/site-packages/sqlalchemy/orm/state_changes.py", line 137, in _go
2026-09-09T19:47:48.173077862Z     ret_value = fn(self, *arg, **kw)
2026-09-09T19:47:48.173079786Z   File "/usr/local/lib/python3.13/site-packages/sqlalchemy/orm/session.py", line 1191, in _connection_for_bind
2026-09-09T19:47:48.173081720Z     conn = bind.connect()
2026-09-09T19:47:48.173084305Z   File "/usr/local/lib/python3.13/site-packages/opentelemetry/instrumentation/sqlalchemy/engine.py", line 200, in _wrap_connect_internal
2026-09-09T19:47:48.173086269Z     return func(*args, **kwargs)
2026-09-09T19:47:48.173088192Z   File "/usr/local/lib/python3.13/site-packages/sqlalchemy/engine/base.py", line 3295, in connect
2026-09-09T19:47:48.173090116Z     return self._connection_cls(self)
2026-09-09T19:47:48.173092040Z            ~~~~~~~~~~~~~~~~~~~~^^^^^^
2026-09-09T19:47:48.173093964Z   File "/usr/local/lib/python3.13/site-packages/sqlalchemy/engine/base.py", line 144, in __init__
2026-09-09T19:47:48.173095898Z     self._dbapi_connection = engine.raw_connection()
2026-09-09T19:47:48.173097821Z                              ~~~~~~~~~~~~~~~~~~~~~^^
2026-09-09T19:47:48.173099795Z   File "/usr/local/lib/python3.13/site-packages/sqlalchemy/engine/base.py", line 3319, in raw_connection
2026-09-09T19:47:48.173101719Z     return self.pool.connect()
2026-09-09T19:47:48.173103663Z            ~~~~~~~~~~~~~~~~~^^
2026-09-09T19:47:48.173105587Z   File "/usr/local/lib/python3.13/site-packages/sqlalchemy/pool/base.py", line 448, in connect
2026-09-09T19:47:48.173112340Z     return _ConnectionFairy._checkout(self)
2026-09-09T19:47:48.173114334Z            ~~~~~~~~~~~~~~~~~~~~~~~~~~^^^^^^
2026-09-09T19:47:48.173116268Z   File "/usr/local/lib/python3.13/site-packages/sqlalchemy/pool/base.py", line 1272, in _checkout
2026-09-09T19:47:48.173118202Z     fairy = _ConnectionRecord.checkout(pool)
2026-09-09T19:47:48.173120156Z   File "/usr/local/lib/python3.13/site-packages/sqlalchemy/pool/base.py", line 712, in checkout
2026-09-09T19:47:48.173122090Z     rec = pool._do_get()
2026-09-09T19:47:48.173124023Z   File "/usr/local/lib/python3.13/site-packages/sqlalchemy/pool/impl.py", line 167, in _do_get
2026-09-09T19:47:48.173130967Z     raise exc.TimeoutError(
2026-09-09T19:47:48.173133071Z     ...<4 lines>...
2026-09-09T19:47:48.173135015Z     )
2026-09-09T19:47:48.173137590Z sqlalchemy.exc.TimeoutError: QueuePool limit of size 5 overflow 10 reached, connection timed out, timeout 30.00 (Background on this error at: https://sqlalche.me/e/20/3o7r)
2026-09-09T19:47:48.205685587Z ERROR:    Exception in ASGI application
2026-09-09T19:47:48.205716298Z Traceback (most recent call last):
2026-09-09T19:47:48.205719203Z   File "/usr/local/lib/python3.13/site-packages/uvicorn/protocols/http/httptools_impl.py", line 421, in run_asgi
2026-09-09T19:47:48.205721809Z     result = await app(  # type: ignore[func-returns-value]
2026-09-09T19:47:48.205723752Z              ^^^^^^^^^^^^^^^^^^^^^^^^^^^^^^^^^^^^^^^^^^^^^^
2026-09-09T19:47:48.205725686Z         self.scope, self.receive, self.send
2026-09-09T19:47:48.205727740Z         ^^^^^^^^^^^^^^^^^^^^^^^^^^^^^^^^^^^
2026-09-09T19:47:48.205729834Z     )
2026-09-09T19:47:48.205731959Z     ^
2026-09-09T19:47:48.205733923Z   File "/usr/local/lib/python3.13/site-packages/uvicorn/middleware/proxy_headers.py", line 63, in __call__
2026-09-09T19:47:48.205735876Z     return await self.app(scope, receive, send)
2026-09-09T19:47:48.205737820Z            ^^^^^^^^^^^^^^^^^^^^^^^^^^^^^^^^^^^^
2026-09-09T19:47:48.205740345Z   File "/usr/local/lib/python3.13/site-packages/fastapi/applications.py", line 1159, in __call__
2026-09-09T19:47:48.205742289Z     await super().__call__(scope, receive, send)
2026-09-09T19:47:48.205744584Z   File "/usr/local/lib/python3.13/site-packages/starlette/applications.py", line 107, in __call__
2026-09-09T19:47:48.205746828Z     await self.middleware_stack(scope, receive, send)
2026-09-09T19:47:48.205748832Z   File "/usr/local/lib/python3.13/site-packages/starlette/middleware/errors.py", line 186, in __call__
2026-09-09T19:47:48.205750826Z     raise exc
2026-09-09T19:47:48.205752840Z   File "/usr/local/lib/python3.13/site-packages/starlette/middleware/errors.py", line 164, in __call__
2026-09-09T19:47:48.205754804Z     await self.app(scope, receive, _send)
2026-09-09T19:47:48.205757860Z   File "/usr/local/lib/python3.13/site-packages/opentelemetry/instrumentation/asgi/__init__.py", line 806, in __call__
2026-09-09T19:47:48.205759814Z     await self.app(scope, otel_receive, otel_send)
2026-09-09T19:47:48.205761778Z   File "/usr/local/lib/python3.13/site-packages/starlette/middleware/errors.py", line 186, in __call__
2026-09-09T19:47:48.205763702Z     raise exc
2026-09-09T19:47:48.205765665Z   File "/usr/local/lib/python3.13/site-packages/starlette/middleware/errors.py", line 164, in __call__
2026-09-09T19:47:48.205767609Z     await self.app(scope, receive, _send)
2026-09-09T19:47:48.205769673Z   File "/usr/local/lib/python3.13/site-packages/opentelemetry/instrumentation/fastapi/__init__.py", line 305, in __call__
2026-09-09T19:47:48.205771657Z     await self.app(scope, receive, send)
2026-09-09T19:47:48.205773621Z   File "/usr/local/lib/python3.13/site-packages/prometheus_fastapi_instrumentator/middleware.py", line 177, in __call__
2026-09-09T19:47:48.205791557Z     raise exc
2026-09-09T19:47:48.205793661Z   File "/usr/local/lib/python3.13/site-packages/prometheus_fastapi_instrumentator/middleware.py", line 175, in __call__
2026-09-09T19:47:48.205795595Z     await self.app(scope, receive, send_wrapper)
2026-09-09T19:47:48.205797549Z   File "/usr/local/lib/python3.13/site-packages/starlette/middleware/exceptions.py", line 63, in __call__
2026-09-09T19:47:48.205800013Z     await wrap_app_handling_exceptions(self.app, conn)(scope, receive, send)
2026-09-09T19:47:48.205801967Z   File "/usr/local/lib/python3.13/site-packages/starlette/_exception_handler.py", line 53, in wrapped_app
2026-09-09T19:47:48.205803891Z     raise exc
2026-09-09T19:47:48.205805975Z   File "/usr/local/lib/python3.13/site-packages/starlette/_exception_handler.py", line 42, in wrapped_app
2026-09-09T19:47:48.205807929Z     await app(scope, receive, sender)
2026-09-09T19:47:48.205809913Z   File "/usr/local/lib/python3.13/site-packages/fastapi/middleware/asyncexitstack.py", line 18, in __call__
2026-09-09T19:47:48.205811857Z     await self.app(scope, receive, send)
2026-09-09T19:47:48.205813831Z   File "/usr/local/lib/python3.13/site-packages/starlette/routing.py", line 716, in __call__
2026-09-09T19:47:48.205815785Z     await self.middleware_stack(scope, receive, send)
2026-09-09T19:47:48.205817739Z   File "/usr/local/lib/python3.13/site-packages/starlette/routing.py", line 736, in app
2026-09-09T19:47:48.205819652Z     await route.handle(scope, receive, send)
2026-09-09T19:47:48.205821576Z   File "/usr/local/lib/python3.13/site-packages/starlette/routing.py", line 290, in handle
2026-09-09T19:47:48.205823510Z     await self.app(scope, receive, send)
2026-09-09T19:47:48.205825474Z   File "/usr/local/lib/python3.13/site-packages/fastapi/routing.py", line 134, in app
2026-09-09T19:47:48.205827438Z     await wrap_app_handling_exceptions(app, request)(scope, receive, send)
2026-09-09T19:47:48.205829382Z   File "/usr/local/lib/python3.13/site-packages/starlette/_exception_handler.py", line 53, in wrapped_app
2026-09-09T19:47:48.205831336Z     raise exc
2026-09-09T19:47:48.205833269Z   File "/usr/local/lib/python3.13/site-packages/starlette/_exception_handler.py", line 42, in wrapped_app
2026-09-09T19:47:48.205835203Z     await app(scope, receive, sender)
2026-09-09T19:47:48.205837227Z   File "/usr/local/lib/python3.13/site-packages/fastapi/routing.py", line 120, in app
2026-09-09T19:47:48.205839973Z     response = await f(request)
2026-09-09T19:47:48.205841937Z                ^^^^^^^^^^^^^^^^
2026-09-09T19:47:48.205843870Z   File "/usr/local/lib/python3.13/site-packages/fastapi/routing.py", line 674, in app
2026-09-09T19:47:48.205845924Z     raw_response = await run_endpoint_function(
2026-09-09T19:47:48.205847868Z                    ^^^^^^^^^^^^^^^^^^^^^^^^^^^^
2026-09-09T19:47:48.205850363Z     ...<3 lines>...
2026-09-09T19:47:48.205852297Z     )
2026-09-09T19:47:48.205854231Z     ^
2026-09-09T19:47:48.205856175Z   File "/usr/local/lib/python3.13/site-packages/fastapi/routing.py", line 330, in run_endpoint_function
2026-09-09T19:47:48.205861115Z     return await run_in_threadpool(dependant.call, **values)
2026-09-09T19:47:48.205863129Z            ^^^^^^^^^^^^^^^^^^^^^^^^^^^^^^^^^^^^^^^^^^^^^^^^^
2026-09-09T19:47:48.205870393Z   File "/usr/local/lib/python3.13/site-packages/starlette/concurrency.py", line 32, in run_in_threadpool
2026-09-09T19:47:48.205872457Z     return await anyio.to_thread.run_sync(func)
2026-09-09T19:47:48.205874431Z            ^^^^^^^^^^^^^^^^^^^^^^^^^^^^^^^^^^^^
2026-09-09T19:47:48.205876375Z   File "/usr/local/lib/python3.13/site-packages/anyio/to_thread.py", line 63, in run_sync
2026-09-09T19:47:48.205883168Z     return await get_async_backend().run_sync_in_worker_thread(
2026-09-09T19:47:48.205885162Z            ^^^^^^^^^^^^^^^^^^^^^^^^^^^^^^^^^^^^^^^^^^^^^^^^^^^^
2026-09-09T19:47:48.205887296Z         func, args, abandon_on_cancel=abandon_on_cancel, limiter=limiter
2026-09-09T19:47:48.205889270Z         ^^^^^^^^^^^^^^^^^^^^^^^^^^^^^^^^^^^^^^^^^^^^^^^^^^^^^^^^^^^^^^^^
2026-09-09T19:47:48.205891234Z     )
2026-09-09T19:47:48.205893188Z     ^
2026-09-09T19:47:48.205895122Z   File "/usr/local/lib/python3.13/site-packages/anyio/_backends/_asyncio.py", line 2518, in run_sync_in_worker_thread
2026-09-09T19:47:48.205897116Z     return await future
2026-09-09T19:47:48.205899090Z            ^^^^^^^^^^^^
2026-09-09T19:47:48.205901064Z   File "/usr/local/lib/python3.13/site-packages/anyio/_backends/_asyncio.py", line 1002, in run
2026-09-09T19:47:48.205903008Z     result = context.run(func, *args)
2026-09-09T19:47:48.205904971Z   File "/app/app/routers/orders.py", line 36, in checkout
2026-09-09T19:47:48.205906905Z     return create_order(
2026-09-09T19:47:48.205908859Z         db=db,
2026-09-09T19:47:48.205910813Z     ...<2 lines>...
2026-09-09T19:47:48.205912767Z         correlation_id=correlation_id,
2026-09-09T19:47:48.205914731Z     )
2026-09-09T19:47:48.205918448Z   File "/app/app/services/order_service.py", line 42, in create_order
2026-09-09T19:47:48.205920452Z     result = db.execute(
2026-09-09T19:47:48.205922446Z         select(ProductModel).where(ProductModel.id == product_id)
2026-09-09T19:47:48.205924400Z     )
2026-09-09T19:47:48.205926374Z   File "/usr/local/lib/python3.13/site-packages/sqlalchemy/orm/session.py", line 2372, in execute
2026-09-09T19:47:48.205928338Z     return self._execute_internal(
2026-09-09T19:47:48.205930292Z            ~~~~~~~~~~~~~~~~~~~~~~^
2026-09-09T19:47:48.205933979Z         statement,
2026-09-09T19:47:48.205936143Z         ^^^^^^^^^^
2026-09-09T19:47:48.205938398Z     ...<4 lines>...
2026-09-09T19:47:48.205940392Z         _add_event=_add_event,
2026-09-09T19:47:48.205942335Z         ^^^^^^^^^^^^^^^^^^^^^^
2026-09-09T19:47:48.205944279Z     )
2026-09-09T19:47:48.205946233Z     ^
2026-09-09T19:47:48.205948207Z   File "/usr/local/lib/python3.13/site-packages/sqlalchemy/orm/session.py", line 2260, in _execute_internal
2026-09-09T19:47:48.205950201Z     conn = self._connection_for_bind(bind)
2026-09-09T19:47:48.205952185Z   File "/usr/local/lib/python3.13/site-packages/sqlalchemy/orm/session.py", line 2112, in _connection_for_bind
2026-09-09T19:47:48.205954119Z     return trans._connection_for_bind(engine, execution_options)
2026-09-09T19:47:48.205956093Z            ~~~~~~~~~~~~~~~~~~~~~~~~~~^^^^^^^^^^^^^^^^^^^^^^^^^^^
2026-09-09T19:47:48.205958137Z   File "<string>", line 2, in _connection_for_bind
2026-09-09T19:47:48.205960101Z   File "/usr/local/lib/python3.13/site-packages/sqlalchemy/orm/state_changes.py", line 137, in _go
2026-09-09T19:47:48.205962054Z     ret_value = fn(self, *arg, **kw)
2026-09-09T19:47:48.205964008Z   File "/usr/local/lib/python3.13/site-packages/sqlalchemy/orm/session.py", line 1191, in _connection_for_bind
2026-09-09T19:47:48.205965962Z     conn = bind.connect()
2026-09-09T19:47:48.205968597Z   File "/usr/local/lib/python3.13/site-packages/opentelemetry/instrumentation/sqlalchemy/engine.py", line 200, in _wrap_connect_internal
2026-09-09T19:47:48.205970561Z     return func(*args, **kwargs)
2026-09-09T19:47:48.205972555Z   File "/usr/local/lib/python3.13/site-packages/sqlalchemy/engine/base.py", line 3295, in connect
2026-09-09T19:47:48.205974489Z     return self._connection_cls(self)
2026-09-09T19:47:48.205976443Z            ~~~~~~~~~~~~~~~~~~~~^^^^^^
2026-09-09T19:47:48.205983427Z   File "/usr/local/lib/python3.13/site-packages/sqlalchemy/engine/base.py", line 144, in __init__
2026-09-09T19:47:48.205985451Z     self._dbapi_connection = engine.raw_connection()
2026-09-09T19:47:48.205987385Z                              ~~~~~~~~~~~~~~~~~~~~~^^
2026-09-09T19:47:48.205989319Z   File "/usr/local/lib/python3.13/site-packages/sqlalchemy/engine/base.py", line 3319, in raw_connection
2026-09-09T19:47:48.205991272Z     return self.pool.connect()
2026-09-09T19:47:48.205993226Z            ~~~~~~~~~~~~~~~~~^^
2026-09-09T19:47:48.205995190Z   File "/usr/local/lib/python3.13/site-packages/sqlalchemy/pool/base.py", line 448, in connect
2026-09-09T19:47:48.205997194Z     return _ConnectionFairy._checkout(self)
2026-09-09T19:47:48.205999228Z            ~~~~~~~~~~~~~~~~~~~~~~~~~~^^^^^^
2026-09-09T19:47:48.206001182Z   File "/usr/local/lib/python3.13/site-packages/sqlalchemy/pool/base.py", line 1272, in _checkout
2026-09-09T19:47:48.206003146Z     fairy = _ConnectionRecord.checkout(pool)
2026-09-09T19:47:48.206005080Z   File "/usr/local/lib/python3.13/site-packages/sqlalchemy/pool/base.py", line 712, in checkout
2026-09-09T19:47:48.206007034Z     rec = pool._do_get()
2026-09-09T19:47:48.206008997Z   File "/usr/local/lib/python3.13/site-packages/sqlalchemy/pool/impl.py", line 167, in _do_get
2026-09-09T19:47:48.206010941Z     raise exc.TimeoutError(
2026-09-09T19:47:48.206012885Z     ...<4 lines>...
2026-09-09T19:47:48.206014819Z     )
2026-09-09T19:47:48.206017344Z sqlalchemy.exc.TimeoutError: QueuePool limit of size 5 overflow 10 reached, connection timed out, timeout 30.00 (Background on this error at: https://sqlalche.me/e/20/3o7r)
2026-09-09T19:47:48.284595096Z ERROR:    Exception in ASGI application
2026-09-09T19:47:48.284715961Z Traceback (most recent call last):
2026-09-09T19:47:48.284734608Z   File "/usr/local/lib/python3.13/site-packages/uvicorn/protocols/http/httptools_impl.py", line 421, in run_asgi
2026-09-09T19:47:48.284740489Z     result = await app(  # type: ignore[func-returns-value]
2026-09-09T19:47:48.284744958Z              ^^^^^^^^^^^^^^^^^^^^^^^^^^^^^^^^^^^^^^^^^^^^^^
2026-09-09T19:47:48.284749367Z         self.scope, self.receive, self.send
2026-09-09T19:47:48.284754227Z         ^^^^^^^^^^^^^^^^^^^^^^^^^^^^^^^^^^^
2026-09-09T19:47:48.284758736Z     )
2026-09-09T19:47:48.284763194Z     ^
2026-09-09T19:47:48.284767663Z   File "/usr/local/lib/python3.13/site-packages/uvicorn/middleware/proxy_headers.py", line 63, in __call__
2026-09-09T19:47:48.284813113Z     return await self.app(scope, receive, send)
2026-09-09T19:47:48.284822121Z            ^^^^^^^^^^^^^^^^^^^^^^^^^^^^^^^^^^^^
2026-09-09T19:47:48.284827392Z   File "/usr/local/lib/python3.13/site-packages/fastapi/applications.py", line 1159, in __call__
2026-09-09T19:47:48.284831650Z     await super().__call__(scope, receive, send)
2026-09-09T19:47:48.284835999Z   File "/usr/local/lib/python3.13/site-packages/starlette/applications.py", line 107, in __call__
2026-09-09T19:47:48.284840387Z     await self.middleware_stack(scope, receive, send)
2026-09-09T19:47:48.284842371Z   File "/usr/local/lib/python3.13/site-packages/starlette/middleware/errors.py", line 186, in __call__
2026-09-09T19:47:48.284844335Z     raise exc
2026-09-09T19:47:48.284846349Z   File "/usr/local/lib/python3.13/site-packages/starlette/middleware/errors.py", line 164, in __call__
2026-09-09T19:47:48.284848303Z     await self.app(scope, receive, _send)
2026-09-09T19:47:48.284850788Z   File "/usr/local/lib/python3.13/site-packages/opentelemetry/instrumentation/asgi/__init__.py", line 806, in __call__
2026-09-09T19:47:48.284852712Z     await self.app(scope, otel_receive, otel_send)
2026-09-09T19:47:48.284874214Z   File "/usr/local/lib/python3.13/site-packages/starlette/middleware/errors.py", line 186, in __call__
2026-09-09T19:47:48.284876619Z     raise exc
2026-09-09T19:47:48.284878603Z   File "/usr/local/lib/python3.13/site-packages/starlette/middleware/errors.py", line 164, in __call__
2026-09-09T19:47:48.284880527Z     await self.app(scope, receive, _send)
2026-09-09T19:47:48.284882871Z   File "/usr/local/lib/python3.13/site-packages/opentelemetry/instrumentation/fastapi/__init__.py", line 305, in __call__
2026-09-09T19:47:48.284884765Z     await self.app(scope, receive, send)
2026-09-09T19:47:48.284886669Z   File "/usr/local/lib/python3.13/site-packages/prometheus_fastapi_instrumentator/middleware.py", line 177, in __call__
2026-09-09T19:47:48.284888573Z     raise exc
2026-09-09T19:47:48.284890477Z   File "/usr/local/lib/python3.13/site-packages/prometheus_fastapi_instrumentator/middleware.py", line 175, in __call__
2026-09-09T19:47:48.284892370Z     await self.app(scope, receive, send_wrapper)
2026-09-09T19:47:48.284894294Z   File "/usr/local/lib/python3.13/site-packages/starlette/middleware/exceptions.py", line 63, in __call__
2026-09-09T19:47:48.284896719Z     await wrap_app_handling_exceptions(self.app, conn)(scope, receive, send)
2026-09-09T19:47:48.284898653Z   File "/usr/local/lib/python3.13/site-packages/starlette/_exception_handler.py", line 53, in wrapped_app
2026-09-09T19:47:48.284900536Z     raise exc
2026-09-09T19:47:48.284902440Z   File "/usr/local/lib/python3.13/site-packages/starlette/_exception_handler.py", line 42, in wrapped_app
2026-09-09T19:47:48.284904354Z     await app(scope, receive, sender)
2026-09-09T19:47:48.284906318Z   File "/usr/local/lib/python3.13/site-packages/fastapi/middleware/asyncexitstack.py", line 18, in __call__
2026-09-09T19:47:48.284908212Z     await self.app(scope, receive, send)
2026-09-09T19:47:48.284910125Z   File "/usr/local/lib/python3.13/site-packages/starlette/routing.py", line 716, in __call__
2026-09-09T19:47:48.284912029Z     await self.middleware_stack(scope, receive, send)
2026-09-09T19:47:48.284913943Z   File "/usr/local/lib/python3.13/site-packages/starlette/routing.py", line 736, in app
2026-09-09T19:47:48.284915887Z     await route.handle(scope, receive, send)
2026-09-09T19:47:48.284917801Z   File "/usr/local/lib/python3.13/site-packages/starlette/routing.py", line 290, in handle
2026-09-09T19:47:48.284919704Z     await self.app(scope, receive, send)
2026-09-09T19:47:48.284921618Z   File "/usr/local/lib/python3.13/site-packages/fastapi/routing.py", line 134, in app
2026-09-09T19:47:48.284923512Z     await wrap_app_handling_exceptions(app, request)(scope, receive, send)
2026-09-09T19:47:48.284925546Z   File "/usr/local/lib/python3.13/site-packages/starlette/_exception_handler.py", line 53, in wrapped_app
2026-09-09T19:47:48.284927450Z     raise exc
2026-09-09T19:47:48.284929394Z   File "/usr/local/lib/python3.13/site-packages/starlette/_exception_handler.py", line 42, in wrapped_app
2026-09-09T19:47:48.284931307Z     await app(scope, receive, sender)
2026-09-09T19:47:48.284933211Z   File "/usr/local/lib/python3.13/site-packages/fastapi/routing.py", line 120, in app
2026-09-09T19:47:48.284935967Z     response = await f(request)
2026-09-09T19:47:48.284937890Z                ^^^^^^^^^^^^^^^^
2026-09-09T19:47:48.284939814Z   File "/usr/local/lib/python3.13/site-packages/fastapi/routing.py", line 674, in app
2026-09-09T19:47:48.284941718Z     raw_response = await run_endpoint_function(
2026-09-09T19:47:48.284943642Z                    ^^^^^^^^^^^^^^^^^^^^^^^^^^^^
2026-09-09T19:47:48.284946247Z     ...<3 lines>...
2026-09-09T19:47:48.284948171Z     )
2026-09-09T19:47:48.284950085Z     ^
2026-09-09T19:47:48.284956818Z   File "/usr/local/lib/python3.13/site-packages/fastapi/routing.py", line 330, in run_endpoint_function
2026-09-09T19:47:48.284958892Z     return await run_in_threadpool(dependant.call, **values)
2026-09-09T19:47:48.284960836Z            ^^^^^^^^^^^^^^^^^^^^^^^^^^^^^^^^^^^^^^^^^^^^^^^^^
2026-09-09T19:47:48.285007518Z   File "/usr/local/lib/python3.13/site-packages/starlette/concurrency.py", line 32, in run_in_threadpool
2026-09-09T19:47:48.285012328Z     return await anyio.to_thread.run_sync(func)
2026-09-09T19:47:48.285014332Z            ^^^^^^^^^^^^^^^^^^^^^^^^^^^^^^^^^^^^
2026-09-09T19:47:48.285016266Z   File "/usr/local/lib/python3.13/site-packages/anyio/to_thread.py", line 63, in run_sync
2026-09-09T19:47:48.285018220Z     return await get_async_backend().run_sync_in_worker_thread(
2026-09-09T19:47:48.285020173Z            ^^^^^^^^^^^^^^^^^^^^^^^^^^^^^^^^^^^^^^^^^^^^^^^^^^^^
2026-09-09T19:47:48.285022177Z         func, args, abandon_on_cancel=abandon_on_cancel, limiter=limiter
2026-09-09T19:47:48.285024081Z         ^^^^^^^^^^^^^^^^^^^^^^^^^^^^^^^^^^^^^^^^^^^^^^^^^^^^^^^^^^^^^^^^
2026-09-09T19:47:48.285026005Z     )
2026-09-09T19:47:48.285027949Z     ^
2026-09-09T19:47:48.285029863Z   File "/usr/local/lib/python3.13/site-packages/anyio/_backends/_asyncio.py", line 2518, in run_sync_in_worker_thread
2026-09-09T19:47:48.285031787Z     return await future
2026-09-09T19:47:48.285033720Z            ^^^^^^^^^^^^
2026-09-09T19:47:48.285035654Z   File "/usr/local/lib/python3.13/site-packages/anyio/_backends/_asyncio.py", line 1002, in run
2026-09-09T19:47:48.285037578Z     result = context.run(func, *args)
2026-09-09T19:47:48.285039542Z   File "/app/app/routers/orders.py", line 36, in checkout
2026-09-09T19:47:48.285041476Z     return create_order(
2026-09-09T19:47:48.285043440Z         db=db,
2026-09-09T19:47:48.285045403Z     ...<2 lines>...
2026-09-09T19:47:48.285047347Z         correlation_id=correlation_id,
2026-09-09T19:47:48.285049321Z     )
2026-09-09T19:47:48.285051395Z   File "/app/app/services/order_service.py", line 42, in create_order
2026-09-09T19:47:48.285053369Z     result = db.execute(
2026-09-09T19:47:48.285055323Z         select(ProductModel).where(ProductModel.id == product_id)
2026-09-09T19:47:48.285057227Z     )
2026-09-09T19:47:48.285059171Z   File "/usr/local/lib/python3.13/site-packages/sqlalchemy/orm/session.py", line 2372, in execute
2026-09-09T19:47:48.285061095Z     return self._execute_internal(
2026-09-09T19:47:48.285062998Z            ~~~~~~~~~~~~~~~~~~~~~~^
2026-09-09T19:47:48.285064912Z         statement,
2026-09-09T19:47:48.285066826Z         ^^^^^^^^^^
2026-09-09T19:47:48.285068740Z     ...<4 lines>...
2026-09-09T19:47:48.285070654Z         _add_event=_add_event,
2026-09-09T19:47:48.285072557Z         ^^^^^^^^^^^^^^^^^^^^^^
2026-09-09T19:47:48.285074491Z     )
2026-09-09T19:47:48.285076405Z     ^
2026-09-09T19:47:48.285078339Z   File "/usr/local/lib/python3.13/site-packages/sqlalchemy/orm/session.py", line 2260, in _execute_internal
2026-09-09T19:47:48.285080253Z     conn = self._connection_for_bind(bind)
2026-09-09T19:47:48.285082156Z   File "/usr/local/lib/python3.13/site-packages/sqlalchemy/orm/session.py", line 2112, in _connection_for_bind
2026-09-09T19:47:48.285084100Z     return trans._connection_for_bind(engine, execution_options)
2026-09-09T19:47:48.285086004Z            ~~~~~~~~~~~~~~~~~~~~~~~~~~^^^^^^^^^^^^^^^^^^^^^^^^^^^
2026-09-09T19:47:48.285087908Z   File "<string>", line 2, in _connection_for_bind
2026-09-09T19:47:48.285089842Z   File "/usr/local/lib/python3.13/site-packages/sqlalchemy/orm/state_changes.py", line 137, in _go
2026-09-09T19:47:48.285091785Z     ret_value = fn(self, *arg, **kw)
2026-09-09T19:47:48.285101825Z   File "/usr/local/lib/python3.13/site-packages/sqlalchemy/orm/session.py", line 1191, in _connection_for_bind
2026-09-09T19:47:48.285103829Z     conn = bind.connect()
2026-09-09T19:47:48.285106384Z   File "/usr/local/lib/python3.13/site-packages/opentelemetry/instrumentation/sqlalchemy/engine.py", line 200, in _wrap_connect_internal
2026-09-09T19:47:48.285108298Z     return func(*args, **kwargs)
2026-09-09T19:47:48.285110252Z   File "/usr/local/lib/python3.13/site-packages/sqlalchemy/engine/base.py", line 3295, in connect
2026-09-09T19:47:48.285112176Z     return self._connection_cls(self)
2026-09-09T19:47:48.285114110Z            ~~~~~~~~~~~~~~~~~~~~^^^^^^
2026-09-09T19:47:48.285119681Z   File "/usr/local/lib/python3.13/site-packages/sqlalchemy/engine/base.py", line 144, in __init__
2026-09-09T19:47:48.285121715Z     self._dbapi_connection = engine.raw_connection()
2026-09-09T19:47:48.285123628Z                              ~~~~~~~~~~~~~~~~~~~~~^^
2026-09-09T19:47:48.285125642Z   File "/usr/local/lib/python3.13/site-packages/sqlalchemy/engine/base.py", line 3319, in raw_connection
2026-09-09T19:47:48.285127586Z     return self.pool.connect()
2026-09-09T19:47:48.285129500Z            ~~~~~~~~~~~~~~~~~^^
2026-09-09T19:47:48.285131444Z   File "/usr/local/lib/python3.13/site-packages/sqlalchemy/pool/base.py", line 448, in connect
2026-09-09T19:47:48.285133378Z     return _ConnectionFairy._checkout(self)
2026-09-09T19:47:48.285135282Z            ~~~~~~~~~~~~~~~~~~~~~~~~~~^^^^^^
2026-09-09T19:47:48.285137235Z   File "/usr/local/lib/python3.13/site-packages/sqlalchemy/pool/base.py", line 1272, in _checkout
2026-09-09T19:47:48.285139159Z     fairy = _ConnectionRecord.checkout(pool)
2026-09-09T19:47:48.285141063Z   File "/usr/local/lib/python3.13/site-packages/sqlalchemy/pool/base.py", line 712, in checkout
2026-09-09T19:47:48.285143227Z     rec = pool._do_get()
2026-09-09T19:47:48.285145181Z   File "/usr/local/lib/python3.13/site-packages/sqlalchemy/pool/impl.py", line 167, in _do_get
2026-09-09T19:47:48.285147105Z     raise exc.TimeoutError(
2026-09-09T19:47:48.285149049Z     ...<4 lines>...
2026-09-09T19:47:48.285150993Z     )
2026-09-09T19:47:48.285153778Z sqlalchemy.exc.TimeoutError: QueuePool limit of size 5 overflow 10 reached, connection timed out, timeout 30.00 (Background on this error at: https://sqlalche.me/e/20/3o7r)
2026-09-09T19:47:48.295688073Z ERROR:    Exception in ASGI application
2026-09-09T19:47:48.295717732Z Traceback (most recent call last):
2026-09-09T19:47:48.295720578Z   File "/usr/local/lib/python3.13/site-packages/uvicorn/protocols/http/httptools_impl.py", line 421, in run_asgi
2026-09-09T19:47:48.295723073Z     result = await app(  # type: ignore[func-returns-value]
2026-09-09T19:47:48.295725267Z              ^^^^^^^^^^^^^^^^^^^^^^^^^^^^^^^^^^^^^^^^^^^^^^
2026-09-09T19:47:48.295727221Z         self.scope, self.receive, self.send
2026-09-09T19:47:48.295729165Z         ^^^^^^^^^^^^^^^^^^^^^^^^^^^^^^^^^^^
2026-09-09T19:47:48.295731169Z     )
2026-09-09T19:47:48.295733423Z     ^
2026-09-09T19:47:48.295735548Z   File "/usr/local/lib/python3.13/site-packages/uvicorn/middleware/proxy_headers.py", line 63, in __call__
2026-09-09T19:47:48.295737531Z     return await self.app(scope, receive, send)
2026-09-09T19:47:48.295739485Z            ^^^^^^^^^^^^^^^^^^^^^^^^^^^^^^^^^^^^
2026-09-09T19:47:48.295741900Z   File "/usr/local/lib/python3.13/site-packages/fastapi/applications.py", line 1159, in __call__
2026-09-09T19:47:48.295743934Z     await super().__call__(scope, receive, send)
2026-09-09T19:47:48.295745888Z   File "/usr/local/lib/python3.13/site-packages/starlette/applications.py", line 107, in __call__
2026-09-09T19:47:48.295765296Z     await self.middleware_stack(scope, receive, send)
2026-09-09T19:47:48.295767401Z   File "/usr/local/lib/python3.13/site-packages/starlette/middleware/errors.py", line 186, in __call__
2026-09-09T19:47:48.295769385Z     raise exc
2026-09-09T19:47:48.295771348Z   File "/usr/local/lib/python3.13/site-packages/starlette/middleware/errors.py", line 164, in __call__
2026-09-09T19:47:48.295773352Z     await self.app(scope, receive, _send)
2026-09-09T19:47:48.295776028Z   File "/usr/local/lib/python3.13/site-packages/opentelemetry/instrumentation/asgi/__init__.py", line 806, in __call__
2026-09-09T19:47:48.295777982Z     await self.app(scope, otel_receive, otel_send)
2026-09-09T19:47:48.295779935Z   File "/usr/local/lib/python3.13/site-packages/starlette/middleware/errors.py", line 186, in __call__
2026-09-09T19:47:48.295781959Z     raise exc
2026-09-09T19:47:48.295783943Z   File "/usr/local/lib/python3.13/site-packages/starlette/middleware/errors.py", line 164, in __call__
2026-09-09T19:47:48.295789394Z     await self.app(scope, receive, _send)
2026-09-09T19:47:48.295791418Z   File "/usr/local/lib/python3.13/site-packages/opentelemetry/instrumentation/fastapi/__init__.py", line 305, in __call__
2026-09-09T19:47:48.295793402Z     await self.app(scope, receive, send)
2026-09-09T19:47:48.295795386Z   File "/usr/local/lib/python3.13/site-packages/prometheus_fastapi_instrumentator/middleware.py", line 177, in __call__
2026-09-09T19:47:48.295797320Z     raise exc
2026-09-09T19:47:48.295799294Z   File "/usr/local/lib/python3.13/site-packages/prometheus_fastapi_instrumentator/middleware.py", line 175, in __call__
2026-09-09T19:47:48.295801258Z     await self.app(scope, receive, send_wrapper)
2026-09-09T19:47:48.295803222Z   File "/usr/local/lib/python3.13/site-packages/starlette/middleware/exceptions.py", line 63, in __call__
2026-09-09T19:47:48.295805636Z     await wrap_app_handling_exceptions(self.app, conn)(scope, receive, send)
2026-09-09T19:47:48.295807590Z   File "/usr/local/lib/python3.13/site-packages/starlette/_exception_handler.py", line 53, in wrapped_app
2026-09-09T19:47:48.295809554Z     raise exc
2026-09-09T19:47:48.295811518Z   File "/usr/local/lib/python3.13/site-packages/starlette/_exception_handler.py", line 42, in wrapped_app
2026-09-09T19:47:48.295813482Z     await app(scope, receive, sender)
2026-09-09T19:47:48.295815476Z   File "/usr/local/lib/python3.13/site-packages/fastapi/middleware/asyncexitstack.py", line 18, in __call__
2026-09-09T19:47:48.295817420Z     await self.app(scope, receive, send)
2026-09-09T19:47:48.295819454Z   File "/usr/local/lib/python3.13/site-packages/starlette/routing.py", line 716, in __call__
2026-09-09T19:47:48.295821398Z     await self.middleware_stack(scope, receive, send)
2026-09-09T19:47:48.295823351Z   File "/usr/local/lib/python3.13/site-packages/starlette/routing.py", line 736, in app
2026-09-09T19:47:48.295825295Z     await route.handle(scope, receive, send)
2026-09-09T19:47:48.295827269Z   File "/usr/local/lib/python3.13/site-packages/starlette/routing.py", line 290, in handle
2026-09-09T19:47:48.295829213Z     await self.app(scope, receive, send)
2026-09-09T19:47:48.295831167Z   File "/usr/local/lib/python3.13/site-packages/fastapi/routing.py", line 134, in app
2026-09-09T19:47:48.295833091Z     await wrap_app_handling_exceptions(app, request)(scope, receive, send)
2026-09-09T19:47:48.295835045Z   File "/usr/local/lib/python3.13/site-packages/starlette/_exception_handler.py", line 53, in wrapped_app
2026-09-09T19:47:48.295837009Z     raise exc
2026-09-09T19:47:48.295838962Z   File "/usr/local/lib/python3.13/site-packages/starlette/_exception_handler.py", line 42, in wrapped_app
2026-09-09T19:47:48.295840906Z     await app(scope, receive, sender)
2026-09-09T19:47:48.295847660Z   File "/usr/local/lib/python3.13/site-packages/fastapi/routing.py", line 120, in app
2026-09-09T19:47:48.295850435Z     response = await f(request)
2026-09-09T19:47:48.295852389Z                ^^^^^^^^^^^^^^^^
2026-09-09T19:47:48.295854323Z   File "/usr/local/lib/python3.13/site-packages/fastapi/routing.py", line 674, in app
2026-09-09T19:47:48.295856257Z     raw_response = await run_endpoint_function(
2026-09-09T19:47:48.295858221Z                    ^^^^^^^^^^^^^^^^^^^^^^^^^^^^
2026-09-09T19:47:48.295861347Z     ...<3 lines>...
2026-09-09T19:47:48.295863301Z     )
2026-09-09T19:47:48.295865285Z     ^
2026-09-09T19:47:48.295867238Z   File "/usr/local/lib/python3.13/site-packages/fastapi/routing.py", line 330, in run_endpoint_function
2026-09-09T19:47:48.295869192Z     return await run_in_threadpool(dependant.call, **values)
2026-09-09T19:47:48.295871156Z            ^^^^^^^^^^^^^^^^^^^^^^^^^^^^^^^^^^^^^^^^^^^^^^^^^
2026-09-09T19:47:48.295879102Z   File "/usr/local/lib/python3.13/site-packages/starlette/concurrency.py", line 32, in run_in_threadpool
2026-09-09T19:47:48.295881216Z     return await anyio.to_thread.run_sync(func)
2026-09-09T19:47:48.295883240Z            ^^^^^^^^^^^^^^^^^^^^^^^^^^^^^^^^^^^^
2026-09-09T19:47:48.295885304Z   File "/usr/local/lib/python3.13/site-packages/anyio/to_thread.py", line 63, in run_sync
2026-09-09T19:47:48.295887248Z     return await get_async_backend().run_sync_in_worker_thread(
2026-09-09T19:47:48.295889192Z            ^^^^^^^^^^^^^^^^^^^^^^^^^^^^^^^^^^^^^^^^^^^^^^^^^^^^
2026-09-09T19:47:48.295891186Z         func, args, abandon_on_cancel=abandon_on_cancel, limiter=limiter
2026-09-09T19:47:48.295893150Z         ^^^^^^^^^^^^^^^^^^^^^^^^^^^^^^^^^^^^^^^^^^^^^^^^^^^^^^^^^^^^^^^^
2026-09-09T19:47:48.295895114Z     )
2026-09-09T19:47:48.295897078Z     ^
2026-09-09T19:47:48.295899021Z   File "/usr/local/lib/python3.13/site-packages/anyio/_backends/_asyncio.py", line 2518, in run_sync_in_worker_thread
2026-09-09T19:47:48.295901035Z     return await future
2026-09-09T19:47:48.295903009Z            ^^^^^^^^^^^^
2026-09-09T19:47:48.295904963Z   File "/usr/local/lib/python3.13/site-packages/anyio/_backends/_asyncio.py", line 1002, in run
2026-09-09T19:47:48.295906927Z     result = context.run(func, *args)
2026-09-09T19:47:48.295908871Z   File "/app/app/routers/orders.py", line 36, in checkout
2026-09-09T19:47:48.295910825Z     return create_order(
2026-09-09T19:47:48.295912799Z         db=db,
2026-09-09T19:47:48.295914763Z     ...<2 lines>...
2026-09-09T19:47:48.295916767Z         correlation_id=correlation_id,
2026-09-09T19:47:48.295918720Z     )
2026-09-09T19:47:48.295920744Z   File "/app/app/services/order_service.py", line 42, in create_order
2026-09-09T19:47:48.295922718Z     result = db.execute(
2026-09-09T19:47:48.295924692Z         select(ProductModel).where(ProductModel.id == product_id)
2026-09-09T19:47:48.295926676Z     )
2026-09-09T19:47:48.295928660Z   File "/usr/local/lib/python3.13/site-packages/sqlalchemy/orm/session.py", line 2372, in execute
2026-09-09T19:47:48.295930614Z     return self._execute_internal(
2026-09-09T19:47:48.295932588Z            ~~~~~~~~~~~~~~~~~~~~~~^
2026-09-09T19:47:48.295934552Z         statement,
2026-09-09T19:47:48.295936506Z         ^^^^^^^^^^
2026-09-09T19:47:48.295938450Z     ...<4 lines>...
2026-09-09T19:47:48.295940393Z         _add_event=_add_event,
2026-09-09T19:47:48.295942387Z         ^^^^^^^^^^^^^^^^^^^^^^
2026-09-09T19:47:48.295944502Z     )
2026-09-09T19:47:48.295946626Z     ^
2026-09-09T19:47:48.295948610Z   File "/usr/local/lib/python3.13/site-packages/sqlalchemy/orm/session.py", line 2260, in _execute_internal
2026-09-09T19:47:48.295955373Z     conn = self._connection_for_bind(bind)
2026-09-09T19:47:48.295957407Z   File "/usr/local/lib/python3.13/site-packages/sqlalchemy/orm/session.py", line 2112, in _connection_for_bind
2026-09-09T19:47:48.295959391Z     return trans._connection_for_bind(engine, execution_options)
2026-09-09T19:47:48.295961345Z            ~~~~~~~~~~~~~~~~~~~~~~~~~~^^^^^^^^^^^^^^^^^^^^^^^^^^^
2026-09-09T19:47:48.295963269Z   File "<string>", line 2, in _connection_for_bind
2026-09-09T19:47:48.295965263Z   File "/usr/local/lib/python3.13/site-packages/sqlalchemy/orm/state_changes.py", line 137, in _go
2026-09-09T19:47:48.295967217Z     ret_value = fn(self, *arg, **kw)
2026-09-09T19:47:48.295969180Z   File "/usr/local/lib/python3.13/site-packages/sqlalchemy/orm/session.py", line 1191, in _connection_for_bind
2026-09-09T19:47:48.295971144Z     conn = bind.connect()
2026-09-09T19:47:48.295973619Z   File "/usr/local/lib/python3.13/site-packages/opentelemetry/instrumentation/sqlalchemy/engine.py", line 200, in _wrap_connect_internal
2026-09-09T19:47:48.295975583Z     return func(*args, **kwargs)
2026-09-09T19:47:48.295977547Z   File "/usr/local/lib/python3.13/site-packages/sqlalchemy/engine/base.py", line 3295, in connect
2026-09-09T19:47:48.295979511Z     return self._connection_cls(self)
2026-09-09T19:47:48.295981455Z            ~~~~~~~~~~~~~~~~~~~~^^^^^^
2026-09-09T19:47:48.295983399Z   File "/usr/local/lib/python3.13/site-packages/sqlalchemy/engine/base.py", line 144, in __init__
2026-09-09T19:47:48.295985372Z     self._dbapi_connection = engine.raw_connection()
2026-09-09T19:47:48.295987346Z                              ~~~~~~~~~~~~~~~~~~~~~^^
2026-09-09T19:47:48.295989280Z   File "/usr/local/lib/python3.13/site-packages/sqlalchemy/engine/base.py", line 3319, in raw_connection
2026-09-09T19:47:48.295991224Z     return self.pool.connect()
2026-09-09T19:47:48.295993158Z            ~~~~~~~~~~~~~~~~~^^
2026-09-09T19:47:48.295995112Z   File "/usr/local/lib/python3.13/site-packages/sqlalchemy/pool/base.py", line 448, in connect
2026-09-09T19:47:48.295997046Z     return _ConnectionFairy._checkout(self)
2026-09-09T19:47:48.295998969Z            ~~~~~~~~~~~~~~~~~~~~~~~~~~^^^^^^
2026-09-09T19:47:48.296000923Z   File "/usr/local/lib/python3.13/site-packages/sqlalchemy/pool/base.py", line 1272, in _checkout
2026-09-09T19:47:48.296002877Z     fairy = _ConnectionRecord.checkout(pool)
2026-09-09T19:47:48.296004821Z   File "/usr/local/lib/python3.13/site-packages/sqlalchemy/pool/base.py", line 712, in checkout
2026-09-09T19:47:48.296006775Z     rec = pool._do_get()
2026-09-09T19:47:48.296008759Z   File "/usr/local/lib/python3.13/site-packages/sqlalchemy/pool/impl.py", line 167, in _do_get
2026-09-09T19:47:48.296010713Z     raise exc.TimeoutError(
2026-09-09T19:47:48.296012657Z     ...<4 lines>...
2026-09-09T19:47:48.296014580Z     )
2026-09-09T19:47:48.296017446Z sqlalchemy.exc.TimeoutError: QueuePool limit of size 5 overflow 10 reached, connection timed out, timeout 30.00 (Background on this error at: https://sqlalche.me/e/20/3o7r)
2026-09-09T19:47:48.368383121Z ERROR:    Exception in ASGI application
2026-09-09T19:47:48.368429974Z Traceback (most recent call last):
2026-09-09T19:47:48.368435986Z   File "/usr/local/lib/python3.13/site-packages/uvicorn/protocols/http/httptools_impl.py", line 421, in run_asgi
2026-09-09T19:47:48.368441176Z     result = await app(  # type: ignore[func-returns-value]
2026-09-09T19:47:48.368445966Z              ^^^^^^^^^^^^^^^^^^^^^^^^^^^^^^^^^^^^^^^^^^^^^^
2026-09-09T19:47:48.368450304Z         self.scope, self.receive, self.send
2026-09-09T19:47:48.368455394Z         ^^^^^^^^^^^^^^^^^^^^^^^^^^^^^^^^^^^
2026-09-09T19:47:48.368498490Z     )
2026-09-09T19:47:48.368503219Z     ^
2026-09-09T19:47:48.368507648Z   File "/usr/local/lib/python3.13/site-packages/uvicorn/middleware/proxy_headers.py", line 63, in __call__
2026-09-09T19:47:48.368559000Z     return await self.app(scope, receive, send)
2026-09-09T19:47:48.368563508Z            ^^^^^^^^^^^^^^^^^^^^^^^^^^^^^^^^^^^^
2026-09-09T19:47:48.368569049Z   File "/usr/local/lib/python3.13/site-packages/fastapi/applications.py", line 1159, in __call__
2026-09-09T19:47:48.368573398Z     await super().__call__(scope, receive, send)
2026-09-09T19:47:48.368577947Z   File "/usr/local/lib/python3.13/site-packages/starlette/applications.py", line 107, in __call__
2026-09-09T19:47:48.368582436Z     await self.middleware_stack(scope, receive, send)
2026-09-09T19:47:48.368586795Z   File "/usr/local/lib/python3.13/site-packages/starlette/middleware/errors.py", line 186, in __call__
2026-09-09T19:47:48.368591173Z     raise exc
2026-09-09T19:47:48.368595602Z   File "/usr/local/lib/python3.13/site-packages/starlette/middleware/errors.py", line 164, in __call__
2026-09-09T19:47:48.368599981Z     await self.app(scope, receive, _send)
2026-09-09T19:47:48.368605131Z   File "/usr/local/lib/python3.13/site-packages/opentelemetry/instrumentation/asgi/__init__.py", line 806, in __call__
2026-09-09T19:47:48.368609500Z     await self.app(scope, otel_receive, otel_send)
2026-09-09T19:47:48.368613998Z   File "/usr/local/lib/python3.13/site-packages/starlette/middleware/errors.py", line 186, in __call__
2026-09-09T19:47:48.368618367Z     raise exc
2026-09-09T19:47:48.368622736Z   File "/usr/local/lib/python3.13/site-packages/starlette/middleware/errors.py", line 164, in __call__
2026-09-09T19:47:48.368627114Z     await self.app(scope, receive, _send)
2026-09-09T19:47:48.368631463Z   File "/usr/local/lib/python3.13/site-packages/opentelemetry/instrumentation/fastapi/__init__.py", line 305, in __call__
2026-09-09T19:47:48.368635812Z     await self.app(scope, receive, send)
2026-09-09T19:47:48.368640150Z   File "/usr/local/lib/python3.13/site-packages/prometheus_fastapi_instrumentator/middleware.py", line 177, in __call__
2026-09-09T19:47:48.368644519Z     raise exc
2026-09-09T19:47:48.368648888Z   File "/usr/local/lib/python3.13/site-packages/prometheus_fastapi_instrumentator/middleware.py", line 175, in __call__
2026-09-09T19:47:48.368653196Z     await self.app(scope, receive, send_wrapper)
2026-09-09T19:47:48.368657545Z   File "/usr/local/lib/python3.13/site-packages/starlette/middleware/exceptions.py", line 63, in __call__
2026-09-09T19:47:48.368662374Z     await wrap_app_handling_exceptions(self.app, conn)(scope, receive, send)
2026-09-09T19:47:48.368666773Z   File "/usr/local/lib/python3.13/site-packages/starlette/_exception_handler.py", line 53, in wrapped_app
2026-09-09T19:47:48.368671152Z     raise exc
2026-09-09T19:47:48.368675490Z   File "/usr/local/lib/python3.13/site-packages/starlette/_exception_handler.py", line 42, in wrapped_app
2026-09-09T19:47:48.368679819Z     await app(scope, receive, sender)
2026-09-09T19:47:48.368684218Z   File "/usr/local/lib/python3.13/site-packages/fastapi/middleware/asyncexitstack.py", line 18, in __call__
2026-09-09T19:47:48.368688566Z     await self.app(scope, receive, send)
2026-09-09T19:47:48.368692965Z   File "/usr/local/lib/python3.13/site-packages/starlette/routing.py", line 716, in __call__
2026-09-09T19:47:48.368697324Z     await self.middleware_stack(scope, receive, send)
2026-09-09T19:47:48.368701682Z   File "/usr/local/lib/python3.13/site-packages/starlette/routing.py", line 736, in app
2026-09-09T19:47:48.368706041Z     await route.handle(scope, receive, send)
2026-09-09T19:47:48.368710419Z   File "/usr/local/lib/python3.13/site-packages/starlette/routing.py", line 290, in handle
2026-09-09T19:47:48.368726612Z     await self.app(scope, receive, send)
2026-09-09T19:47:48.368731181Z   File "/usr/local/lib/python3.13/site-packages/fastapi/routing.py", line 134, in app
2026-09-09T19:47:48.368735559Z     await wrap_app_handling_exceptions(app, request)(scope, receive, send)
2026-09-09T19:47:48.368739868Z   File "/usr/local/lib/python3.13/site-packages/starlette/_exception_handler.py", line 53, in wrapped_app
2026-09-09T19:47:48.368744196Z     raise exc
2026-09-09T19:47:48.368748525Z   File "/usr/local/lib/python3.13/site-packages/starlette/_exception_handler.py", line 42, in wrapped_app
2026-09-09T19:47:48.368752864Z     await app(scope, receive, sender)
2026-09-09T19:47:48.368757192Z   File "/usr/local/lib/python3.13/site-packages/fastapi/routing.py", line 120, in app
2026-09-09T19:47:48.368761982Z     response = await f(request)
2026-09-09T19:47:48.368766450Z                ^^^^^^^^^^^^^^^^
2026-09-09T19:47:48.368770809Z   File "/usr/local/lib/python3.13/site-packages/fastapi/routing.py", line 674, in app
2026-09-09T19:47:48.368775138Z     raw_response = await run_endpoint_function(
2026-09-09T19:47:48.368779486Z                    ^^^^^^^^^^^^^^^^^^^^^^^^^^^^
2026-09-09T19:47:48.368784406Z     ...<3 lines>...
2026-09-09T19:47:48.368788815Z     )
2026-09-09T19:47:48.368793254Z     ^
2026-09-09T19:47:48.368797652Z   File "/usr/local/lib/python3.13/site-packages/fastapi/routing.py", line 330, in run_endpoint_function
2026-09-09T19:47:48.368802031Z     return await run_in_threadpool(dependant.call, **values)
2026-09-09T19:47:48.368806440Z            ^^^^^^^^^^^^^^^^^^^^^^^^^^^^^^^^^^^^^^^^^^^^^^^^^
2026-09-09T19:47:48.368877470Z   File "/usr/local/lib/python3.13/site-packages/starlette/concurrency.py", line 32, in run_in_threadpool
2026-09-09T19:47:48.368887931Z     return await anyio.to_thread.run_sync(func)
2026-09-09T19:47:48.368892480Z            ^^^^^^^^^^^^^^^^^^^^^^^^^^^^^^^^^^^^
2026-09-09T19:47:48.368896859Z   File "/usr/local/lib/python3.13/site-packages/anyio/to_thread.py", line 63, in run_sync
2026-09-09T19:47:48.368901197Z     return await get_async_backend().run_sync_in_worker_thread(
2026-09-09T19:47:48.368905666Z            ^^^^^^^^^^^^^^^^^^^^^^^^^^^^^^^^^^^^^^^^^^^^^^^^^^^^
2026-09-09T19:47:48.368910005Z         func, args, abandon_on_cancel=abandon_on_cancel, limiter=limiter
2026-09-09T19:47:48.368914323Z         ^^^^^^^^^^^^^^^^^^^^^^^^^^^^^^^^^^^^^^^^^^^^^^^^^^^^^^^^^^^^^^^^
2026-09-09T19:47:48.368918702Z     )
2026-09-09T19:47:48.368923011Z     ^
2026-09-09T19:47:48.368927349Z   File "/usr/local/lib/python3.13/site-packages/anyio/_backends/_asyncio.py", line 2518, in run_sync_in_worker_thread
2026-09-09T19:47:48.368931688Z     return await future
2026-09-09T19:47:48.368935996Z            ^^^^^^^^^^^^
2026-09-09T19:47:48.368940405Z   File "/usr/local/lib/python3.13/site-packages/anyio/_backends/_asyncio.py", line 1002, in run
2026-09-09T19:47:48.368944714Z     result = context.run(func, *args)
2026-09-09T19:47:48.368949032Z   File "/app/app/routers/orders.py", line 36, in checkout
2026-09-09T19:47:48.368953311Z     return create_order(
2026-09-09T19:47:48.368957689Z         db=db,
2026-09-09T19:47:48.368962028Z     ...<2 lines>...
2026-09-09T19:47:48.368966397Z         correlation_id=correlation_id,
2026-09-09T19:47:48.368970745Z     )
2026-09-09T19:47:48.368975214Z   File "/app/app/services/order_service.py", line 42, in create_order
2026-09-09T19:47:48.368979553Z     result = db.execute(
2026-09-09T19:47:48.368984232Z         select(ProductModel).where(ProductModel.id == product_id)
2026-09-09T19:47:48.368989051Z     )
2026-09-09T19:47:48.369010945Z   File "/usr/local/lib/python3.13/site-packages/sqlalchemy/orm/session.py", line 2372, in execute
2026-09-09T19:47:48.369015464Z     return self._execute_internal(
2026-09-09T19:47:48.369020374Z            ~~~~~~~~~~~~~~~~~~~~~~^
2026-09-09T19:47:48.369028409Z         statement,
2026-09-09T19:47:48.369033019Z         ^^^^^^^^^^
2026-09-09T19:47:48.369037417Z     ...<4 lines>...
2026-09-09T19:47:48.369041756Z         _add_event=_add_event,
2026-09-09T19:47:48.369046054Z         ^^^^^^^^^^^^^^^^^^^^^^
2026-09-09T19:47:48.369050343Z     )
2026-09-09T19:47:48.369054641Z     ^
2026-09-09T19:47:48.369058950Z   File "/usr/local/lib/python3.13/site-packages/sqlalchemy/orm/session.py", line 2260, in _execute_internal
2026-09-09T19:47:48.369063279Z     conn = self._connection_for_bind(bind)
2026-09-09T19:47:48.369067697Z   File "/usr/local/lib/python3.13/site-packages/sqlalchemy/orm/session.py", line 2112, in _connection_for_bind
2026-09-09T19:47:48.369072036Z     return trans._connection_for_bind(engine, execution_options)
2026-09-09T19:47:48.369076304Z            ~~~~~~~~~~~~~~~~~~~~~~~~~~^^^^^^^^^^^^^^^^^^^^^^^^^^^
2026-09-09T19:47:48.369080583Z   File "<string>", line 2, in _connection_for_bind
2026-09-09T19:47:48.369084871Z   File "/usr/local/lib/python3.13/site-packages/sqlalchemy/orm/state_changes.py", line 137, in _go
2026-09-09T19:47:48.369089170Z     ret_value = fn(self, *arg, **kw)
2026-09-09T19:47:48.369093458Z   File "/usr/local/lib/python3.13/site-packages/sqlalchemy/orm/session.py", line 1191, in _connection_for_bind
2026-09-09T19:47:48.369097737Z     conn = bind.connect()
2026-09-09T19:47:48.369102717Z   File "/usr/local/lib/python3.13/site-packages/opentelemetry/instrumentation/sqlalchemy/engine.py", line 200, in _wrap_connect_internal
2026-09-09T19:47:48.369107055Z     return func(*args, **kwargs)
2026-09-09T19:47:48.369111414Z   File "/usr/local/lib/python3.13/site-packages/sqlalchemy/engine/base.py", line 3295, in connect
2026-09-09T19:47:48.369115712Z     return self._connection_cls(self)
2026-09-09T19:47:48.369119991Z            ~~~~~~~~~~~~~~~~~~~~^^^^^^
2026-09-09T19:47:48.369124289Z   File "/usr/local/lib/python3.13/site-packages/sqlalchemy/engine/base.py", line 144, in __init__
2026-09-09T19:47:48.369128588Z     self._dbapi_connection = engine.raw_connection()
2026-09-09T19:47:48.369132866Z                              ~~~~~~~~~~~~~~~~~~~~~^^
2026-09-09T19:47:48.369137185Z   File "/usr/local/lib/python3.13/site-packages/sqlalchemy/engine/base.py", line 3319, in raw_connection
2026-09-09T19:47:48.369141483Z     return self.pool.connect()
2026-09-09T19:47:48.369145732Z            ~~~~~~~~~~~~~~~~~^^
2026-09-09T19:47:48.369152896Z   File "/usr/local/lib/python3.13/site-packages/sqlalchemy/pool/base.py", line 448, in connect
2026-09-09T19:47:48.369157335Z     return _ConnectionFairy._checkout(self)
2026-09-09T19:47:48.369161643Z            ~~~~~~~~~~~~~~~~~~~~~~~~~~^^^^^^
2026-09-09T19:47:48.369165922Z   File "/usr/local/lib/python3.13/site-packages/sqlalchemy/pool/base.py", line 1272, in _checkout
2026-09-09T19:47:48.369170240Z     fairy = _ConnectionRecord.checkout(pool)
2026-09-09T19:47:48.369174609Z   File "/usr/local/lib/python3.13/site-packages/sqlalchemy/pool/base.py", line 712, in checkout
2026-09-09T19:47:48.369178978Z     rec = pool._do_get()
2026-09-09T19:47:48.369183316Z   File "/usr/local/lib/python3.13/site-packages/sqlalchemy/pool/impl.py", line 167, in _do_get
2026-09-09T19:47:48.369187655Z     raise exc.TimeoutError(
2026-09-09T19:47:48.369191953Z     ...<4 lines>...
2026-09-09T19:47:48.369196252Z     )
2026-09-09T19:47:48.369201262Z sqlalchemy.exc.TimeoutError: QueuePool limit of size 5 overflow 10 reached, connection timed out, timeout 30.00 (Background on this error at: https://sqlalche.me/e/20/3o7r)
2026-09-09T19:47:50.370524575Z ERROR:    Exception in ASGI application
2026-09-09T19:47:50.370573221Z Traceback (most recent call last):
2026-09-09T19:47:50.370579424Z   File "/usr/local/lib/python3.13/site-packages/uvicorn/protocols/http/httptools_impl.py", line 421, in run_asgi
2026-09-09T19:47:50.370585285Z     result = await app(  # type: ignore[func-returns-value]
2026-09-09T19:47:50.370590085Z              ^^^^^^^^^^^^^^^^^^^^^^^^^^^^^^^^^^^^^^^^^^^^^^
2026-09-09T19:47:50.370594924Z         self.scope, self.receive, self.send
2026-09-09T19:47:50.370599663Z         ^^^^^^^^^^^^^^^^^^^^^^^^^^^^^^^^^^^
2026-09-09T19:47:50.370604453Z     )
2026-09-09T19:47:50.370609503Z     ^
2026-09-09T19:47:50.370614483Z   File "/usr/local/lib/python3.13/site-packages/uvicorn/middleware/proxy_headers.py", line 63, in __call__
2026-09-09T19:47:50.370619342Z     return await self.app(scope, receive, send)
2026-09-09T19:47:50.370624152Z            ^^^^^^^^^^^^^^^^^^^^^^^^^^^^^^^^^^^^
2026-09-09T19:47:50.370629593Z   File "/usr/local/lib/python3.13/site-packages/fastapi/applications.py", line 1159, in __call__
2026-09-09T19:47:50.370634332Z     await super().__call__(scope, receive, send)
2026-09-09T19:47:50.370639151Z   File "/usr/local/lib/python3.13/site-packages/starlette/applications.py", line 107, in __call__
2026-09-09T19:47:50.370643961Z     await self.middleware_stack(scope, receive, send)
2026-09-09T19:47:50.370648840Z   File "/usr/local/lib/python3.13/site-packages/starlette/middleware/errors.py", line 186, in __call__
2026-09-09T19:47:50.370653740Z     raise exc
2026-09-09T19:47:50.370658580Z   File "/usr/local/lib/python3.13/site-packages/starlette/middleware/errors.py", line 164, in __call__
2026-09-09T19:47:50.370663359Z     await self.app(scope, receive, _send)
2026-09-09T19:47:50.370669020Z   File "/usr/local/lib/python3.13/site-packages/opentelemetry/instrumentation/asgi/__init__.py", line 806, in __call__
2026-09-09T19:47:50.370673790Z     await self.app(scope, otel_receive, otel_send)
2026-09-09T19:47:50.370678589Z   File "/usr/local/lib/python3.13/site-packages/starlette/middleware/errors.py", line 186, in __call__
2026-09-09T19:47:50.370683379Z     raise exc
2026-09-09T19:47:50.370688298Z   File "/usr/local/lib/python3.13/site-packages/starlette/middleware/errors.py", line 164, in __call__
2026-09-09T19:47:50.370693098Z     await self.app(scope, receive, _send)
2026-09-09T19:47:50.370697907Z   File "/usr/local/lib/python3.13/site-packages/opentelemetry/instrumentation/fastapi/__init__.py", line 305, in __call__
2026-09-09T19:47:50.370702977Z     await self.app(scope, receive, send)
2026-09-09T19:47:50.370707777Z   File "/usr/local/lib/python3.13/site-packages/prometheus_fastapi_instrumentator/middleware.py", line 177, in __call__
2026-09-09T19:47:50.370712556Z     raise exc
2026-09-09T19:47:50.370717326Z   File "/usr/local/lib/python3.13/site-packages/prometheus_fastapi_instrumentator/middleware.py", line 175, in __call__
2026-09-09T19:47:50.370722075Z     await self.app(scope, receive, send_wrapper)
2026-09-09T19:47:50.370726935Z   File "/usr/local/lib/python3.13/site-packages/starlette/middleware/exceptions.py", line 63, in __call__
2026-09-09T19:47:50.370732506Z     await wrap_app_handling_exceptions(self.app, conn)(scope, receive, send)
2026-09-09T19:47:50.370737796Z   File "/usr/local/lib/python3.13/site-packages/starlette/_exception_handler.py", line 53, in wrapped_app
2026-09-09T19:47:50.370742676Z     raise exc
2026-09-09T19:47:50.370747385Z   File "/usr/local/lib/python3.13/site-packages/starlette/_exception_handler.py", line 42, in wrapped_app
2026-09-09T19:47:50.370752144Z     await app(scope, receive, sender)
2026-09-09T19:47:50.370788206Z   File "/usr/local/lib/python3.13/site-packages/fastapi/middleware/asyncexitstack.py", line 18, in __call__
2026-09-09T19:47:50.370793376Z     await self.app(scope, receive, send)
2026-09-09T19:47:50.370868644Z   File "/usr/local/lib/python3.13/site-packages/starlette/routing.py", line 716, in __call__
2026-09-09T19:47:50.370882832Z     await self.middleware_stack(scope, receive, send)
2026-09-09T19:47:50.370887882Z   File "/usr/local/lib/python3.13/site-packages/starlette/routing.py", line 736, in app
2026-09-09T19:47:50.370892672Z     await route.handle(scope, receive, send)
2026-09-09T19:47:50.370897541Z   File "/usr/local/lib/python3.13/site-packages/starlette/routing.py", line 290, in handle
2026-09-09T19:47:50.370902411Z     await self.app(scope, receive, send)
2026-09-09T19:47:50.370907301Z   File "/usr/local/lib/python3.13/site-packages/fastapi/routing.py", line 134, in app
2026-09-09T19:47:50.370912110Z     await wrap_app_handling_exceptions(app, request)(scope, receive, send)
2026-09-09T19:47:50.370917150Z   File "/usr/local/lib/python3.13/site-packages/starlette/_exception_handler.py", line 53, in wrapped_app
2026-09-09T19:47:50.370922060Z     raise exc
2026-09-09T19:47:50.370927019Z   File "/usr/local/lib/python3.13/site-packages/starlette/_exception_handler.py", line 42, in wrapped_app
2026-09-09T19:47:50.370931909Z     await app(scope, receive, sender)
2026-09-09T19:47:50.370936739Z   File "/usr/local/lib/python3.13/site-packages/fastapi/routing.py", line 120, in app
2026-09-09T19:47:50.370942400Z     response = await f(request)
2026-09-09T19:47:50.370947279Z                ^^^^^^^^^^^^^^^^
2026-09-09T19:47:50.370952119Z   File "/usr/local/lib/python3.13/site-packages/fastapi/routing.py", line 674, in app
2026-09-09T19:47:50.370957329Z     raw_response = await run_endpoint_function(
2026-09-09T19:47:50.370962269Z                    ^^^^^^^^^^^^^^^^^^^^^^^^^^^^
2026-09-09T19:47:50.370967980Z     ...<3 lines>...
2026-09-09T19:47:50.370972870Z     )
2026-09-09T19:47:50.370977760Z     ^
2026-09-09T19:47:50.370982589Z   File "/usr/local/lib/python3.13/site-packages/fastapi/routing.py", line 330, in run_endpoint_function
2026-09-09T19:47:50.370987429Z     return await run_in_threadpool(dependant.call, **values)
2026-09-09T19:47:50.370992238Z            ^^^^^^^^^^^^^^^^^^^^^^^^^^^^^^^^^^^^^^^^^^^^^^^^^
2026-09-09T19:47:50.371063499Z   File "/usr/local/lib/python3.13/site-packages/starlette/concurrency.py", line 32, in run_in_threadpool
2026-09-09T19:47:50.371074861Z     return await anyio.to_thread.run_sync(func)
2026-09-09T19:47:50.371079791Z            ^^^^^^^^^^^^^^^^^^^^^^^^^^^^^^^^^^^^
2026-09-09T19:47:50.371084510Z   File "/usr/local/lib/python3.13/site-packages/anyio/to_thread.py", line 63, in run_sync
2026-09-09T19:47:50.371089310Z     return await get_async_backend().run_sync_in_worker_thread(
2026-09-09T19:47:50.371094049Z            ^^^^^^^^^^^^^^^^^^^^^^^^^^^^^^^^^^^^^^^^^^^^^^^^^^^^
2026-09-09T19:47:50.371098808Z         func, args, abandon_on_cancel=abandon_on_cancel, limiter=limiter
2026-09-09T19:47:50.371103718Z         ^^^^^^^^^^^^^^^^^^^^^^^^^^^^^^^^^^^^^^^^^^^^^^^^^^^^^^^^^^^^^^^^
2026-09-09T19:47:50.371108488Z     )
2026-09-09T19:47:50.371117145Z     ^
2026-09-09T19:47:50.371122094Z   File "/usr/local/lib/python3.13/site-packages/anyio/_backends/_asyncio.py", line 2518, in run_sync_in_worker_thread
2026-09-09T19:47:50.371126934Z     return await future
2026-09-09T19:47:50.371131733Z            ^^^^^^^^^^^^
2026-09-09T19:47:50.371136423Z   File "/usr/local/lib/python3.13/site-packages/anyio/_backends/_asyncio.py", line 1002, in run
2026-09-09T19:47:50.371139118Z     result = context.run(func, *args)
2026-09-09T19:47:50.371152645Z   File "/app/app/routers/orders.py", line 36, in checkout
2026-09-09T19:47:50.371155200Z     return create_order(
2026-09-09T19:47:50.371157304Z         db=db,
2026-09-09T19:47:50.371159418Z     ...<2 lines>...
2026-09-09T19:47:50.371161442Z         correlation_id=correlation_id,
2026-09-09T19:47:50.371163406Z     )
2026-09-09T19:47:50.371165420Z   File "/app/app/services/order_service.py", line 42, in create_order
2026-09-09T19:47:50.371167394Z     result = db.execute(
2026-09-09T19:47:50.371169458Z         select(ProductModel).where(ProductModel.id == product_id)
2026-09-09T19:47:50.371171442Z     )
2026-09-09T19:47:50.371173536Z   File "/usr/local/lib/python3.13/site-packages/sqlalchemy/orm/session.py", line 2372, in execute
2026-09-09T19:47:50.371175510Z     return self._execute_internal(
2026-09-09T19:47:50.371177464Z            ~~~~~~~~~~~~~~~~~~~~~~^
2026-09-09T19:47:50.371179448Z         statement,
2026-09-09T19:47:50.371181431Z         ^^^^^^^^^^
2026-09-09T19:47:50.371183385Z     ...<4 lines>...
2026-09-09T19:47:50.371185369Z         _add_event=_add_event,
2026-09-09T19:47:50.371187313Z         ^^^^^^^^^^^^^^^^^^^^^^
2026-09-09T19:47:50.371189257Z     )
2026-09-09T19:47:50.371191211Z     ^
2026-09-09T19:47:50.371193195Z   File "/usr/local/lib/python3.13/site-packages/sqlalchemy/orm/session.py", line 2260, in _execute_internal
2026-09-09T19:47:50.371195149Z     conn = self._connection_for_bind(bind)
2026-09-09T19:47:50.371197122Z   File "/usr/local/lib/python3.13/site-packages/sqlalchemy/orm/session.py", line 2112, in _connection_for_bind
2026-09-09T19:47:50.371199116Z     return trans._connection_for_bind(engine, execution_options)
2026-09-09T19:47:50.371201150Z            ~~~~~~~~~~~~~~~~~~~~~~~~~~^^^^^^^^^^^^^^^^^^^^^^^^^^^
2026-09-09T19:47:50.371203154Z   File "<string>", line 2, in _connection_for_bind
2026-09-09T19:47:50.371205118Z   File "/usr/local/lib/python3.13/site-packages/sqlalchemy/orm/state_changes.py", line 137, in _go
2026-09-09T19:47:50.371207062Z     ret_value = fn(self, *arg, **kw)
2026-09-09T19:47:50.371209016Z   File "/usr/local/lib/python3.13/site-packages/sqlalchemy/orm/session.py", line 1191, in _connection_for_bind
2026-09-09T19:47:50.371210970Z     conn = bind.connect()
2026-09-09T19:47:50.371214066Z   File "/usr/local/lib/python3.13/site-packages/opentelemetry/instrumentation/sqlalchemy/engine.py", line 200, in _wrap_connect_internal
2026-09-09T19:47:50.371216040Z     return func(*args, **kwargs)
2026-09-09T19:47:50.371218034Z   File "/usr/local/lib/python3.13/site-packages/sqlalchemy/engine/base.py", line 3295, in connect
2026-09-09T19:47:50.371220018Z     return self._connection_cls(self)
2026-09-09T19:47:50.371222002Z            ~~~~~~~~~~~~~~~~~~~~^^^^^^
2026-09-09T19:47:50.371223955Z   File "/usr/local/lib/python3.13/site-packages/sqlalchemy/engine/base.py", line 144, in __init__
2026-09-09T19:47:50.371225899Z     self._dbapi_connection = engine.raw_connection()
2026-09-09T19:47:50.371227853Z                              ~~~~~~~~~~~~~~~~~~~~~^^
2026-09-09T19:47:50.371229817Z   File "/usr/local/lib/python3.13/site-packages/sqlalchemy/engine/base.py", line 3319, in raw_connection
2026-09-09T19:47:50.371232071Z     return self.pool.connect()
2026-09-09T19:47:50.371234055Z            ~~~~~~~~~~~~~~~~~^^
2026-09-09T19:47:50.371235999Z   File "/usr/local/lib/python3.13/site-packages/sqlalchemy/pool/base.py", line 448, in connect
2026-09-09T19:47:50.371237953Z     return _ConnectionFairy._checkout(self)
2026-09-09T19:47:50.371239897Z            ~~~~~~~~~~~~~~~~~~~~~~~~~~^^^^^^
2026-09-09T19:47:50.371241851Z   File "/usr/local/lib/python3.13/site-packages/sqlalchemy/pool/base.py", line 1272, in _checkout
2026-09-09T19:47:50.371249025Z     fairy = _ConnectionRecord.checkout(pool)
2026-09-09T19:47:50.371251059Z   File "/usr/local/lib/python3.13/site-packages/sqlalchemy/pool/base.py", line 712, in checkout
2026-09-09T19:47:50.371253033Z     rec = pool._do_get()
2026-09-09T19:47:50.371255027Z   File "/usr/local/lib/python3.13/site-packages/sqlalchemy/pool/impl.py", line 167, in _do_get
2026-09-09T19:47:50.371256991Z     raise exc.TimeoutError(
2026-09-09T19:47:50.371258954Z     ...<4 lines>...
2026-09-09T19:47:50.371260918Z     )
2026-09-09T19:47:50.371264746Z sqlalchemy.exc.TimeoutError: QueuePool limit of size 5 overflow 10 reached, connection timed out, timeout 30.00 (Background on this error at: https://sqlalche.me/e/20/3o7r)
2026-09-09T19:47:51.175214432Z ERROR:    Exception in ASGI application
2026-09-09T19:47:51.175254601Z Traceback (most recent call last):
2026-09-09T19:47:51.175257607Z   File "/usr/local/lib/python3.13/site-packages/uvicorn/protocols/http/httptools_impl.py", line 421, in run_asgi
2026-09-09T19:47:51.175260172Z     result = await app(  # type: ignore[func-returns-value]
2026-09-09T19:47:51.175262116Z              ^^^^^^^^^^^^^^^^^^^^^^^^^^^^^^^^^^^^^^^^^^^^^^
2026-09-09T19:47:51.175264040Z         self.scope, self.receive, self.send
2026-09-09T19:47:51.175265974Z         ^^^^^^^^^^^^^^^^^^^^^^^^^^^^^^^^^^^
2026-09-09T19:47:51.175267918Z     )
2026-09-09T19:47:51.175269982Z     ^
2026-09-09T19:47:51.175271936Z   File "/usr/local/lib/python3.13/site-packages/uvicorn/middleware/proxy_headers.py", line 63, in __call__
2026-09-09T19:47:51.175274020Z     return await self.app(scope, receive, send)
2026-09-09T19:47:51.175275964Z            ^^^^^^^^^^^^^^^^^^^^^^^^^^^^^^^^^^^^
2026-09-09T19:47:51.175280503Z   File "/usr/local/lib/python3.13/site-packages/fastapi/applications.py", line 1159, in __call__
2026-09-09T19:47:51.175282516Z     await super().__call__(scope, receive, send)
2026-09-09T19:47:51.175284470Z   File "/usr/local/lib/python3.13/site-packages/starlette/applications.py", line 107, in __call__
2026-09-09T19:47:51.175286504Z     await self.middleware_stack(scope, receive, send)
2026-09-09T19:47:51.175288438Z   File "/usr/local/lib/python3.13/site-packages/starlette/middleware/errors.py", line 186, in __call__
2026-09-09T19:47:51.175290402Z     raise exc
2026-09-09T19:47:51.175292366Z   File "/usr/local/lib/python3.13/site-packages/starlette/middleware/errors.py", line 164, in __call__
2026-09-09T19:47:51.175294320Z     await self.app(scope, receive, _send)
2026-09-09T19:47:51.175296905Z   File "/usr/local/lib/python3.13/site-packages/opentelemetry/instrumentation/asgi/__init__.py", line 806, in __call__
2026-09-09T19:47:51.175298859Z     await self.app(scope, otel_receive, otel_send)
2026-09-09T19:47:51.175301153Z   File "/usr/local/lib/python3.13/site-packages/starlette/middleware/errors.py", line 186, in __call__
2026-09-09T19:47:51.175303528Z     raise exc
2026-09-09T19:47:51.175305532Z   File "/usr/local/lib/python3.13/site-packages/starlette/middleware/errors.py", line 164, in __call__
2026-09-09T19:47:51.175307466Z     await self.app(scope, receive, _send)
2026-09-09T19:47:51.175309410Z   File "/usr/local/lib/python3.13/site-packages/opentelemetry/instrumentation/fastapi/__init__.py", line 305, in __call__
2026-09-09T19:47:51.175311353Z     await self.app(scope, receive, send)
2026-09-09T19:47:51.175313277Z   File "/usr/local/lib/python3.13/site-packages/prometheus_fastapi_instrumentator/middleware.py", line 177, in __call__
2026-09-09T19:47:51.175315201Z     raise exc
2026-09-09T19:47:51.175317105Z   File "/usr/local/lib/python3.13/site-packages/prometheus_fastapi_instrumentator/middleware.py", line 175, in __call__
2026-09-09T19:47:51.175336313Z     await self.app(scope, receive, send_wrapper)
2026-09-09T19:47:51.175338387Z   File "/usr/local/lib/python3.13/site-packages/starlette/middleware/exceptions.py", line 63, in __call__
2026-09-09T19:47:51.175341042Z     await wrap_app_handling_exceptions(self.app, conn)(scope, receive, send)
2026-09-09T19:47:51.175343016Z   File "/usr/local/lib/python3.13/site-packages/starlette/_exception_handler.py", line 53, in wrapped_app
2026-09-09T19:47:51.175344930Z     raise exc
2026-09-09T19:47:51.175346873Z   File "/usr/local/lib/python3.13/site-packages/starlette/_exception_handler.py", line 42, in wrapped_app
2026-09-09T19:47:51.175348787Z     await app(scope, receive, sender)
2026-09-09T19:47:51.175350931Z   File "/usr/local/lib/python3.13/site-packages/fastapi/middleware/asyncexitstack.py", line 18, in __call__
2026-09-09T19:47:51.175353016Z     await self.app(scope, receive, send)
2026-09-09T19:47:51.175354939Z   File "/usr/local/lib/python3.13/site-packages/starlette/routing.py", line 716, in __call__
2026-09-09T19:47:51.175356853Z     await self.middleware_stack(scope, receive, send)
2026-09-09T19:47:51.175358817Z   File "/usr/local/lib/python3.13/site-packages/starlette/routing.py", line 736, in app
2026-09-09T19:47:51.175360741Z     await route.handle(scope, receive, send)
2026-09-09T19:47:51.175362655Z   File "/usr/local/lib/python3.13/site-packages/starlette/routing.py", line 290, in handle
2026-09-09T19:47:51.175364568Z     await self.app(scope, receive, send)
2026-09-09T19:47:51.175366482Z   File "/usr/local/lib/python3.13/site-packages/fastapi/routing.py", line 134, in app
2026-09-09T19:47:51.175368386Z     await wrap_app_handling_exceptions(app, request)(scope, receive, send)
2026-09-09T19:47:51.175370310Z   File "/usr/local/lib/python3.13/site-packages/starlette/_exception_handler.py", line 53, in wrapped_app
2026-09-09T19:47:51.175372213Z     raise exc
2026-09-09T19:47:51.175374157Z   File "/usr/local/lib/python3.13/site-packages/starlette/_exception_handler.py", line 42, in wrapped_app
2026-09-09T19:47:51.175376091Z     await app(scope, receive, sender)
2026-09-09T19:47:51.175378025Z   File "/usr/local/lib/python3.13/site-packages/fastapi/routing.py", line 120, in app
2026-09-09T19:47:51.175380790Z     response = await f(request)
2026-09-09T19:47:51.175382724Z                ^^^^^^^^^^^^^^^^
2026-09-09T19:47:51.175384678Z   File "/usr/local/lib/python3.13/site-packages/fastapi/routing.py", line 674, in app
2026-09-09T19:47:51.175386592Z     raw_response = await run_endpoint_function(
2026-09-09T19:47:51.175388516Z                    ^^^^^^^^^^^^^^^^^^^^^^^^^^^^
2026-09-09T19:47:51.175391041Z     ...<3 lines>...
2026-09-09T19:47:51.175392954Z     )
2026-09-09T19:47:51.175394878Z     ^
2026-09-09T19:47:51.175396802Z   File "/usr/local/lib/python3.13/site-packages/fastapi/routing.py", line 330, in run_endpoint_function
2026-09-09T19:47:51.175398716Z     return await run_in_threadpool(dependant.call, **values)
2026-09-09T19:47:51.175400640Z            ^^^^^^^^^^^^^^^^^^^^^^^^^^^^^^^^^^^^^^^^^^^^^^^^^
2026-09-09T19:47:51.175436230Z   File "/usr/local/lib/python3.13/site-packages/starlette/concurrency.py", line 32, in run_in_threadpool
2026-09-09T19:47:51.175440909Z     return await anyio.to_thread.run_sync(func)
2026-09-09T19:47:51.175442903Z            ^^^^^^^^^^^^^^^^^^^^^^^^^^^^^^^^^^^^
2026-09-09T19:47:51.175444817Z   File "/usr/local/lib/python3.13/site-packages/anyio/to_thread.py", line 63, in run_sync
2026-09-09T19:47:51.175446831Z     return await get_async_backend().run_sync_in_worker_thread(
2026-09-09T19:47:51.175448755Z            ^^^^^^^^^^^^^^^^^^^^^^^^^^^^^^^^^^^^^^^^^^^^^^^^^^^^
2026-09-09T19:47:51.175458564Z         func, args, abandon_on_cancel=abandon_on_cancel, limiter=limiter
2026-09-09T19:47:51.175460568Z         ^^^^^^^^^^^^^^^^^^^^^^^^^^^^^^^^^^^^^^^^^^^^^^^^^^^^^^^^^^^^^^^^
2026-09-09T19:47:51.175462462Z     )
2026-09-09T19:47:51.175464446Z     ^
2026-09-09T19:47:51.175466389Z   File "/usr/local/lib/python3.13/site-packages/anyio/_backends/_asyncio.py", line 2518, in run_sync_in_worker_thread
2026-09-09T19:47:51.175468303Z     return await future
2026-09-09T19:47:51.175470207Z            ^^^^^^^^^^^^
2026-09-09T19:47:51.175472121Z   File "/usr/local/lib/python3.13/site-packages/anyio/_backends/_asyncio.py", line 1002, in run
2026-09-09T19:47:51.175474044Z     result = context.run(func, *args)
2026-09-09T19:47:51.175475948Z   File "/app/app/routers/orders.py", line 36, in checkout
2026-09-09T19:47:51.175477942Z     return create_order(
2026-09-09T19:47:51.175479996Z         db=db,
2026-09-09T19:47:51.175481940Z     ...<2 lines>...
2026-09-09T19:47:51.175483974Z         correlation_id=correlation_id,
2026-09-09T19:47:51.175485888Z     )
2026-09-09T19:47:51.175487862Z   File "/app/app/services/order_service.py", line 42, in create_order
2026-09-09T19:47:51.175489786Z     result = db.execute(
2026-09-09T19:47:51.175491709Z         select(ProductModel).where(ProductModel.id == product_id)
2026-09-09T19:47:51.175493623Z     )
2026-09-09T19:47:51.175495567Z   File "/usr/local/lib/python3.13/site-packages/sqlalchemy/orm/session.py", line 2372, in execute
2026-09-09T19:47:51.175497491Z     return self._execute_internal(
2026-09-09T19:47:51.175499384Z            ~~~~~~~~~~~~~~~~~~~~~~^
2026-09-09T19:47:51.175501298Z         statement,
2026-09-09T19:47:51.175503202Z         ^^^^^^^^^^
2026-09-09T19:47:51.175505116Z     ...<4 lines>...
2026-09-09T19:47:51.175506999Z         _add_event=_add_event,
2026-09-09T19:47:51.175512360Z         ^^^^^^^^^^^^^^^^^^^^^^
2026-09-09T19:47:51.175514444Z     )
2026-09-09T19:47:51.175516398Z     ^
2026-09-09T19:47:51.175518352Z   File "/usr/local/lib/python3.13/site-packages/sqlalchemy/orm/session.py", line 2260, in _execute_internal
2026-09-09T19:47:51.175520256Z     conn = self._connection_for_bind(bind)
2026-09-09T19:47:51.175522189Z   File "/usr/local/lib/python3.13/site-packages/sqlalchemy/orm/session.py", line 2112, in _connection_for_bind
2026-09-09T19:47:51.175524143Z     return trans._connection_for_bind(engine, execution_options)
2026-09-09T19:47:51.175526097Z            ~~~~~~~~~~~~~~~~~~~~~~~~~~^^^^^^^^^^^^^^^^^^^^^^^^^^^
2026-09-09T19:47:51.175528011Z   File "<string>", line 2, in _connection_for_bind
2026-09-09T19:47:51.175529935Z   File "/usr/local/lib/python3.13/site-packages/sqlalchemy/orm/state_changes.py", line 137, in _go
2026-09-09T19:47:51.175531859Z     ret_value = fn(self, *arg, **kw)
2026-09-09T19:47:51.175533822Z   File "/usr/local/lib/python3.13/site-packages/sqlalchemy/orm/session.py", line 1191, in _connection_for_bind
2026-09-09T19:47:51.175535746Z     conn = bind.connect()
2026-09-09T19:47:51.175538181Z   File "/usr/local/lib/python3.13/site-packages/opentelemetry/instrumentation/sqlalchemy/engine.py", line 200, in _wrap_connect_internal
2026-09-09T19:47:51.175540105Z     return func(*args, **kwargs)
2026-09-09T19:47:51.175542029Z   File "/usr/local/lib/python3.13/site-packages/sqlalchemy/engine/base.py", line 3295, in connect
2026-09-09T19:47:51.175543952Z     return self._connection_cls(self)
2026-09-09T19:47:51.175545896Z            ~~~~~~~~~~~~~~~~~~~~^^^^^^
2026-09-09T19:47:51.175547830Z   File "/usr/local/lib/python3.13/site-packages/sqlalchemy/engine/base.py", line 144, in __init__
2026-09-09T19:47:51.175549784Z     self._dbapi_connection = engine.raw_connection()
2026-09-09T19:47:51.175556597Z                              ~~~~~~~~~~~~~~~~~~~~~^^
2026-09-09T19:47:51.175558581Z   File "/usr/local/lib/python3.13/site-packages/sqlalchemy/engine/base.py", line 3319, in raw_connection
2026-09-09T19:47:51.175560515Z     return self.pool.connect()
2026-09-09T19:47:51.175562429Z            ~~~~~~~~~~~~~~~~~^^
2026-09-09T19:47:51.175564343Z   File "/usr/local/lib/python3.13/site-packages/sqlalchemy/pool/base.py", line 448, in connect
2026-09-09T19:47:51.175566296Z     return _ConnectionFairy._checkout(self)
2026-09-09T19:47:51.175568220Z            ~~~~~~~~~~~~~~~~~~~~~~~~~~^^^^^^
2026-09-09T19:47:51.175570164Z   File "/usr/local/lib/python3.13/site-packages/sqlalchemy/pool/base.py", line 1272, in _checkout
2026-09-09T19:47:51.175572088Z     fairy = _ConnectionRecord.checkout(pool)
2026-09-09T19:47:51.175574002Z   File "/usr/local/lib/python3.13/site-packages/sqlalchemy/pool/base.py", line 712, in checkout
2026-09-09T19:47:51.175575936Z     rec = pool._do_get()
2026-09-09T19:47:51.175577869Z   File "/usr/local/lib/python3.13/site-packages/sqlalchemy/pool/impl.py", line 167, in _do_get
2026-09-09T19:47:51.175579863Z     raise exc.TimeoutError(
2026-09-09T19:47:51.175581847Z     ...<4 lines>...
2026-09-09T19:47:51.175583771Z     )
2026-09-09T19:47:51.175586977Z sqlalchemy.exc.TimeoutError: QueuePool limit of size 5 overflow 10 reached, connection timed out, timeout 30.00 (Background on this error at: https://sqlalche.me/e/20/3o7r)
2026-09-09T19:47:51.665649617Z ERROR:    Exception in ASGI application
2026-09-09T19:47:51.665687060Z Traceback (most recent call last):
2026-09-09T19:47:51.665690277Z   File "/usr/local/lib/python3.13/site-packages/uvicorn/protocols/http/httptools_impl.py", line 421, in run_asgi
2026-09-09T19:47:51.665693112Z     result = await app(  # type: ignore[func-returns-value]
2026-09-09T19:47:51.665695287Z              ^^^^^^^^^^^^^^^^^^^^^^^^^^^^^^^^^^^^^^^^^^^^^^
2026-09-09T19:47:51.665697371Z         self.scope, self.receive, self.send
2026-09-09T19:47:51.665699325Z         ^^^^^^^^^^^^^^^^^^^^^^^^^^^^^^^^^^^
2026-09-09T19:47:51.665701289Z     )
2026-09-09T19:47:51.665703282Z     ^
2026-09-09T19:47:51.665705266Z   File "/usr/local/lib/python3.13/site-packages/uvicorn/middleware/proxy_headers.py", line 63, in __call__
2026-09-09T19:47:51.665707240Z     return await self.app(scope, receive, send)
2026-09-09T19:47:51.665709224Z            ^^^^^^^^^^^^^^^^^^^^^^^^^^^^^^^^^^^^
2026-09-09T19:47:51.665712130Z   File "/usr/local/lib/python3.13/site-packages/fastapi/applications.py", line 1159, in __call__
2026-09-09T19:47:51.665714204Z     await super().__call__(scope, receive, send)
2026-09-09T19:47:51.665716348Z   File "/usr/local/lib/python3.13/site-packages/starlette/applications.py", line 107, in __call__
2026-09-09T19:47:51.665718342Z     await self.middleware_stack(scope, receive, send)
2026-09-09T19:47:51.665720296Z   File "/usr/local/lib/python3.13/site-packages/starlette/middleware/errors.py", line 186, in __call__
2026-09-09T19:47:51.665722270Z     raise exc
2026-09-09T19:47:51.665724294Z   File "/usr/local/lib/python3.13/site-packages/starlette/middleware/errors.py", line 164, in __call__
2026-09-09T19:47:51.665726268Z     await self.app(scope, receive, _send)
2026-09-09T19:47:51.665729103Z   File "/usr/local/lib/python3.13/site-packages/opentelemetry/instrumentation/asgi/__init__.py", line 806, in __call__
2026-09-09T19:47:51.665731067Z     await self.app(scope, otel_receive, otel_send)
2026-09-09T19:47:51.665733031Z   File "/usr/local/lib/python3.13/site-packages/starlette/middleware/errors.py", line 186, in __call__
2026-09-09T19:47:51.665734995Z     raise exc
2026-09-09T19:47:51.665736969Z   File "/usr/local/lib/python3.13/site-packages/starlette/middleware/errors.py", line 164, in __call__
2026-09-09T19:47:51.665752790Z     await self.app(scope, receive, _send)
2026-09-09T19:47:51.665754874Z   File "/usr/local/lib/python3.13/site-packages/opentelemetry/instrumentation/fastapi/__init__.py", line 305, in __call__
2026-09-09T19:47:51.665756818Z     await self.app(scope, receive, send)
2026-09-09T19:47:51.665758792Z   File "/usr/local/lib/python3.13/site-packages/prometheus_fastapi_instrumentator/middleware.py", line 177, in __call__
2026-09-09T19:47:51.665760746Z     raise exc
2026-09-09T19:47:51.665762700Z   File "/usr/local/lib/python3.13/site-packages/prometheus_fastapi_instrumentator/middleware.py", line 175, in __call__
2026-09-09T19:47:51.665764654Z     await self.app(scope, receive, send_wrapper)
2026-09-09T19:47:51.665766617Z   File "/usr/local/lib/python3.13/site-packages/starlette/middleware/exceptions.py", line 63, in __call__
2026-09-09T19:47:51.665769233Z     await wrap_app_handling_exceptions(self.app, conn)(scope, receive, send)
2026-09-09T19:47:51.665775525Z   File "/usr/local/lib/python3.13/site-packages/starlette/_exception_handler.py", line 53, in wrapped_app
2026-09-09T19:47:51.665777539Z     raise exc
2026-09-09T19:47:51.665779593Z   File "/usr/local/lib/python3.13/site-packages/starlette/_exception_handler.py", line 42, in wrapped_app
2026-09-09T19:47:51.665781577Z     await app(scope, receive, sender)
2026-09-09T19:47:51.665783521Z   File "/usr/local/lib/python3.13/site-packages/fastapi/middleware/asyncexitstack.py", line 18, in __call__
2026-09-09T19:47:51.665785445Z     await self.app(scope, receive, send)
2026-09-09T19:47:51.665787398Z   File "/usr/local/lib/python3.13/site-packages/starlette/routing.py", line 716, in __call__
2026-09-09T19:47:51.665789342Z     await self.middleware_stack(scope, receive, send)
2026-09-09T19:47:51.665791296Z   File "/usr/local/lib/python3.13/site-packages/starlette/routing.py", line 736, in app
2026-09-09T19:47:51.665793240Z     await route.handle(scope, receive, send)
2026-09-09T19:47:51.665795264Z   File "/usr/local/lib/python3.13/site-packages/starlette/routing.py", line 290, in handle
2026-09-09T19:47:51.665797198Z     await self.app(scope, receive, send)
2026-09-09T19:47:51.665799152Z   File "/usr/local/lib/python3.13/site-packages/fastapi/routing.py", line 134, in app
2026-09-09T19:47:51.665801085Z     await wrap_app_handling_exceptions(app, request)(scope, receive, send)
2026-09-09T19:47:51.665803039Z   File "/usr/local/lib/python3.13/site-packages/starlette/_exception_handler.py", line 53, in wrapped_app
2026-09-09T19:47:51.665804983Z     raise exc
2026-09-09T19:47:51.665807157Z   File "/usr/local/lib/python3.13/site-packages/starlette/_exception_handler.py", line 42, in wrapped_app
2026-09-09T19:47:51.665809101Z     await app(scope, receive, sender)
2026-09-09T19:47:51.665811055Z   File "/usr/local/lib/python3.13/site-packages/fastapi/routing.py", line 120, in app
2026-09-09T19:47:51.665813490Z     response = await f(request)
2026-09-09T19:47:51.665815654Z                ^^^^^^^^^^^^^^^^
2026-09-09T19:47:51.665817638Z   File "/usr/local/lib/python3.13/site-packages/fastapi/routing.py", line 674, in app
2026-09-09T19:47:51.665819622Z     raw_response = await run_endpoint_function(
2026-09-09T19:47:51.665821556Z                    ^^^^^^^^^^^^^^^^^^^^^^^^^^^^
2026-09-09T19:47:51.665823931Z     ...<3 lines>...
2026-09-09T19:47:51.665825884Z     )
2026-09-09T19:47:51.665827868Z     ^
2026-09-09T19:47:51.665829862Z   File "/usr/local/lib/python3.13/site-packages/fastapi/routing.py", line 330, in run_endpoint_function
2026-09-09T19:47:51.665831806Z     return await run_in_threadpool(dependant.call, **values)
2026-09-09T19:47:51.665838620Z            ^^^^^^^^^^^^^^^^^^^^^^^^^^^^^^^^^^^^^^^^^^^^^^^^^
2026-09-09T19:47:51.665853268Z   File "/usr/local/lib/python3.13/site-packages/starlette/concurrency.py", line 32, in run_in_threadpool
2026-09-09T19:47:51.665855353Z     return await anyio.to_thread.run_sync(func)
2026-09-09T19:47:51.665857306Z            ^^^^^^^^^^^^^^^^^^^^^^^^^^^^^^^^^^^^
2026-09-09T19:47:51.665859310Z   File "/usr/local/lib/python3.13/site-packages/anyio/to_thread.py", line 63, in run_sync
2026-09-09T19:47:51.665861284Z     return await get_async_backend().run_sync_in_worker_thread(
2026-09-09T19:47:51.665863318Z            ^^^^^^^^^^^^^^^^^^^^^^^^^^^^^^^^^^^^^^^^^^^^^^^^^^^^
2026-09-09T19:47:51.665865392Z         func, args, abandon_on_cancel=abandon_on_cancel, limiter=limiter
2026-09-09T19:47:51.665867416Z         ^^^^^^^^^^^^^^^^^^^^^^^^^^^^^^^^^^^^^^^^^^^^^^^^^^^^^^^^^^^^^^^^
2026-09-09T19:47:51.665869390Z     )
2026-09-09T19:47:51.665871364Z     ^
2026-09-09T19:47:51.665873318Z   File "/usr/local/lib/python3.13/site-packages/anyio/_backends/_asyncio.py", line 2518, in run_sync_in_worker_thread
2026-09-09T19:47:51.665875402Z     return await future
2026-09-09T19:47:51.665877386Z            ^^^^^^^^^^^^
2026-09-09T19:47:51.665879360Z   File "/usr/local/lib/python3.13/site-packages/anyio/_backends/_asyncio.py", line 1002, in run
2026-09-09T19:47:51.665881354Z     result = context.run(func, *args)
2026-09-09T19:47:51.665883298Z   File "/app/app/routers/orders.py", line 36, in checkout
2026-09-09T19:47:51.665885292Z     return create_order(
2026-09-09T19:47:51.665887286Z         db=db,
2026-09-09T19:47:51.665889280Z     ...<2 lines>...
2026-09-09T19:47:51.665891304Z         correlation_id=correlation_id,
2026-09-09T19:47:51.665893287Z     )
2026-09-09T19:47:51.665895281Z   File "/app/app/services/order_service.py", line 42, in create_order
2026-09-09T19:47:51.665897245Z     result = db.execute(
2026-09-09T19:47:51.665899229Z         select(ProductModel).where(ProductModel.id == product_id)
2026-09-09T19:47:51.665901203Z     )
2026-09-09T19:47:51.665903187Z   File "/usr/local/lib/python3.13/site-packages/sqlalchemy/orm/session.py", line 2372, in execute
2026-09-09T19:47:51.665905121Z     return self._execute_internal(
2026-09-09T19:47:51.665907105Z            ~~~~~~~~~~~~~~~~~~~~~~^
2026-09-09T19:47:51.665909069Z         statement,
2026-09-09T19:47:51.665911032Z         ^^^^^^^^^^
2026-09-09T19:47:51.665912976Z     ...<4 lines>...
2026-09-09T19:47:51.665914930Z         _add_event=_add_event,
2026-09-09T19:47:51.665916894Z         ^^^^^^^^^^^^^^^^^^^^^^
2026-09-09T19:47:51.665918838Z     )
2026-09-09T19:47:51.665920792Z     ^
2026-09-09T19:47:51.665922836Z   File "/usr/local/lib/python3.13/site-packages/sqlalchemy/orm/session.py", line 2260, in _execute_internal
2026-09-09T19:47:51.665924820Z     conn = self._connection_for_bind(bind)
2026-09-09T19:47:51.665926784Z   File "/usr/local/lib/python3.13/site-packages/sqlalchemy/orm/session.py", line 2112, in _connection_for_bind
2026-09-09T19:47:51.665928777Z     return trans._connection_for_bind(engine, execution_options)
2026-09-09T19:47:51.665930771Z            ~~~~~~~~~~~~~~~~~~~~~~~~~~^^^^^^^^^^^^^^^^^^^^^^^^^^^
2026-09-09T19:47:51.665932725Z   File "<string>", line 2, in _connection_for_bind
2026-09-09T19:47:51.665934759Z   File "/usr/local/lib/python3.13/site-packages/sqlalchemy/orm/state_changes.py", line 137, in _go
2026-09-09T19:47:51.665936803Z     ret_value = fn(self, *arg, **kw)
2026-09-09T19:47:51.665938797Z   File "/usr/local/lib/python3.13/site-packages/sqlalchemy/orm/session.py", line 1191, in _connection_for_bind
2026-09-09T19:47:51.665940781Z     conn = bind.connect()
2026-09-09T19:47:51.665948306Z   File "/usr/local/lib/python3.13/site-packages/opentelemetry/instrumentation/sqlalchemy/engine.py", line 200, in _wrap_connect_internal
2026-09-09T19:47:51.665950330Z     return func(*args, **kwargs)
2026-09-09T19:47:51.665952294Z   File "/usr/local/lib/python3.13/site-packages/sqlalchemy/engine/base.py", line 3295, in connect
2026-09-09T19:47:51.665954258Z     return self._connection_cls(self)
2026-09-09T19:47:51.665956192Z            ~~~~~~~~~~~~~~~~~~~~^^^^^^
2026-09-09T19:47:51.665958175Z   File "/usr/local/lib/python3.13/site-packages/sqlalchemy/engine/base.py", line 144, in __init__
2026-09-09T19:47:51.665960159Z     self._dbapi_connection = engine.raw_connection()
2026-09-09T19:47:51.665962133Z                              ~~~~~~~~~~~~~~~~~~~~~^^
2026-09-09T19:47:51.665964117Z   File "/usr/local/lib/python3.13/site-packages/sqlalchemy/engine/base.py", line 3319, in raw_connection
2026-09-09T19:47:51.665966061Z     return self.pool.connect()
2026-09-09T19:47:51.665968035Z            ~~~~~~~~~~~~~~~~~^^
2026-09-09T19:47:51.665970019Z   File "/usr/local/lib/python3.13/site-packages/sqlalchemy/pool/base.py", line 448, in connect
2026-09-09T19:47:51.665971993Z     return _ConnectionFairy._checkout(self)
2026-09-09T19:47:51.665974067Z            ~~~~~~~~~~~~~~~~~~~~~~~~~~^^^^^^
2026-09-09T19:47:51.665976061Z   File "/usr/local/lib/python3.13/site-packages/sqlalchemy/pool/base.py", line 1272, in _checkout
2026-09-09T19:47:51.665977995Z     fairy = _ConnectionRecord.checkout(pool)
2026-09-09T19:47:51.665979948Z   File "/usr/local/lib/python3.13/site-packages/sqlalchemy/pool/base.py", line 712, in checkout
2026-09-09T19:47:51.665981912Z     rec = pool._do_get()
2026-09-09T19:47:51.665983946Z   File "/usr/local/lib/python3.13/site-packages/sqlalchemy/pool/impl.py", line 167, in _do_get
2026-09-09T19:47:51.665985900Z     raise exc.TimeoutError(
2026-09-09T19:47:51.665987844Z     ...<4 lines>...
2026-09-09T19:47:51.665989798Z     )
2026-09-09T19:47:51.665992333Z sqlalchemy.exc.TimeoutError: QueuePool limit of size 5 overflow 10 reached, connection timed out, timeout 30.00 (Background on this error at: https://sqlalche.me/e/20/3o7r)
2026-09-09T19:47:51.956764671Z ERROR:    Exception in ASGI application
2026-09-09T19:47:51.956804169Z Traceback (most recent call last):
2026-09-09T19:47:51.956807486Z   File "/usr/local/lib/python3.13/site-packages/uvicorn/protocols/http/httptools_impl.py", line 421, in run_asgi
2026-09-09T19:47:51.956810021Z     result = await app(  # type: ignore[func-returns-value]
2026-09-09T19:47:51.956812075Z              ^^^^^^^^^^^^^^^^^^^^^^^^^^^^^^^^^^^^^^^^^^^^^^
2026-09-09T19:47:51.956814259Z         self.scope, self.receive, self.send
2026-09-09T19:47:51.956817065Z         ^^^^^^^^^^^^^^^^^^^^^^^^^^^^^^^^^^^
2026-09-09T19:47:51.956819299Z     )
2026-09-09T19:47:51.956821984Z     ^
2026-09-09T19:47:51.956824339Z   File "/usr/local/lib/python3.13/site-packages/uvicorn/middleware/proxy_headers.py", line 63, in __call__
2026-09-09T19:47:51.956827315Z     return await self.app(scope, receive, send)
2026-09-09T19:47:51.956829710Z            ^^^^^^^^^^^^^^^^^^^^^^^^^^^^^^^^^^^^
2026-09-09T19:47:51.956833156Z   File "/usr/local/lib/python3.13/site-packages/fastapi/applications.py", line 1159, in __call__
2026-09-09T19:47:51.956835581Z     await super().__call__(scope, receive, send)
2026-09-09T19:47:51.956837946Z   File "/usr/local/lib/python3.13/site-packages/starlette/applications.py", line 107, in __call__
2026-09-09T19:47:51.956840351Z     await self.middleware_stack(scope, receive, send)
2026-09-09T19:47:51.956842926Z   File "/usr/local/lib/python3.13/site-packages/starlette/middleware/errors.py", line 186, in __call__
2026-09-09T19:47:51.956865009Z     raise exc
2026-09-09T19:47:51.956867685Z   File "/usr/local/lib/python3.13/site-packages/starlette/middleware/errors.py", line 164, in __call__
2026-09-09T19:47:51.956870320Z     await self.app(scope, receive, _send)
2026-09-09T19:47:51.956874017Z   File "/usr/local/lib/python3.13/site-packages/opentelemetry/instrumentation/asgi/__init__.py", line 806, in __call__
2026-09-09T19:47:51.956876652Z     await self.app(scope, otel_receive, otel_send)
2026-09-09T19:47:51.956878857Z   File "/usr/local/lib/python3.13/site-packages/starlette/middleware/errors.py", line 186, in __call__
2026-09-09T19:47:51.956880861Z     raise exc
2026-09-09T19:47:51.956882875Z   File "/usr/local/lib/python3.13/site-packages/starlette/middleware/errors.py", line 164, in __call__
2026-09-09T19:47:51.956884828Z     await self.app(scope, receive, _send)
2026-09-09T19:47:51.956886842Z   File "/usr/local/lib/python3.13/site-packages/opentelemetry/instrumentation/fastapi/__init__.py", line 305, in __call__
2026-09-09T19:47:51.956888796Z     await self.app(scope, receive, send)
2026-09-09T19:47:51.956890810Z   File "/usr/local/lib/python3.13/site-packages/prometheus_fastapi_instrumentator/middleware.py", line 177, in __call__
2026-09-09T19:47:51.956892774Z     raise exc
2026-09-09T19:47:51.956894848Z   File "/usr/local/lib/python3.13/site-packages/prometheus_fastapi_instrumentator/middleware.py", line 175, in __call__
2026-09-09T19:47:51.956896792Z     await self.app(scope, receive, send_wrapper)
2026-09-09T19:47:51.956898836Z   File "/usr/local/lib/python3.13/site-packages/starlette/middleware/exceptions.py", line 63, in __call__
2026-09-09T19:47:51.956901742Z     await wrap_app_handling_exceptions(self.app, conn)(scope, receive, send)
2026-09-09T19:47:51.956903866Z   File "/usr/local/lib/python3.13/site-packages/starlette/_exception_handler.py", line 53, in wrapped_app
2026-09-09T19:47:51.956905830Z     raise exc
2026-09-09T19:47:51.956907834Z   File "/usr/local/lib/python3.13/site-packages/starlette/_exception_handler.py", line 42, in wrapped_app
2026-09-09T19:47:51.956909778Z     await app(scope, receive, sender)
2026-09-09T19:47:51.956911862Z   File "/usr/local/lib/python3.13/site-packages/fastapi/middleware/asyncexitstack.py", line 18, in __call__
2026-09-09T19:47:51.956913826Z     await self.app(scope, receive, send)
2026-09-09T19:47:51.956915910Z   File "/usr/local/lib/python3.13/site-packages/starlette/routing.py", line 716, in __call__
2026-09-09T19:47:51.956918054Z     await self.middleware_stack(scope, receive, send)
2026-09-09T19:47:51.956920058Z   File "/usr/local/lib/python3.13/site-packages/starlette/routing.py", line 736, in app
2026-09-09T19:47:51.956922032Z     await route.handle(scope, receive, send)
2026-09-09T19:47:51.956924036Z   File "/usr/local/lib/python3.13/site-packages/starlette/routing.py", line 290, in handle
2026-09-09T19:47:51.956925990Z     await self.app(scope, receive, send)
2026-09-09T19:47:51.956928014Z   File "/usr/local/lib/python3.13/site-packages/fastapi/routing.py", line 134, in app
2026-09-09T19:47:51.956929988Z     await wrap_app_handling_exceptions(app, request)(scope, receive, send)
2026-09-09T19:47:51.956932452Z   File "/usr/local/lib/python3.13/site-packages/starlette/_exception_handler.py", line 53, in wrapped_app
2026-09-09T19:47:51.956934406Z     raise exc
2026-09-09T19:47:51.956936450Z   File "/usr/local/lib/python3.13/site-packages/starlette/_exception_handler.py", line 42, in wrapped_app
2026-09-09T19:47:51.956938705Z     await app(scope, receive, sender)
2026-09-09T19:47:51.956940709Z   File "/usr/local/lib/python3.13/site-packages/fastapi/routing.py", line 120, in app
2026-09-09T19:47:51.956943234Z     response = await f(request)
2026-09-09T19:47:51.956966490Z                ^^^^^^^^^^^^^^^^
2026-09-09T19:47:51.956968634Z   File "/usr/local/lib/python3.13/site-packages/fastapi/routing.py", line 674, in app
2026-09-09T19:47:51.956970648Z     raw_response = await run_endpoint_function(
2026-09-09T19:47:51.956972632Z                    ^^^^^^^^^^^^^^^^^^^^^^^^^^^^
2026-09-09T19:47:51.956975187Z     ...<3 lines>...
2026-09-09T19:47:51.956977321Z     )
2026-09-09T19:47:51.956979315Z     ^
2026-09-09T19:47:51.956981309Z   File "/usr/local/lib/python3.13/site-packages/fastapi/routing.py", line 330, in run_endpoint_function
2026-09-09T19:47:51.956983343Z     return await run_in_threadpool(dependant.call, **values)
2026-09-09T19:47:51.956985297Z            ^^^^^^^^^^^^^^^^^^^^^^^^^^^^^^^^^^^^^^^^^^^^^^^^^
2026-09-09T19:47:51.956991309Z   File "/usr/local/lib/python3.13/site-packages/starlette/concurrency.py", line 32, in run_in_threadpool
2026-09-09T19:47:51.956993373Z     return await anyio.to_thread.run_sync(func)
2026-09-09T19:47:51.956995367Z            ^^^^^^^^^^^^^^^^^^^^^^^^^^^^^^^^^^^^
2026-09-09T19:47:51.956997320Z   File "/usr/local/lib/python3.13/site-packages/anyio/to_thread.py", line 63, in run_sync
2026-09-09T19:47:51.956999294Z     return await get_async_backend().run_sync_in_worker_thread(
2026-09-09T19:47:51.957001509Z            ^^^^^^^^^^^^^^^^^^^^^^^^^^^^^^^^^^^^^^^^^^^^^^^^^^^^
2026-09-09T19:47:51.957003493Z         func, args, abandon_on_cancel=abandon_on_cancel, limiter=limiter
2026-09-09T19:47:51.957005456Z         ^^^^^^^^^^^^^^^^^^^^^^^^^^^^^^^^^^^^^^^^^^^^^^^^^^^^^^^^^^^^^^^^
2026-09-09T19:47:51.957007430Z     )
2026-09-09T19:47:51.957009464Z     ^
2026-09-09T19:47:51.957011538Z   File "/usr/local/lib/python3.13/site-packages/anyio/_backends/_asyncio.py", line 2518, in run_sync_in_worker_thread
2026-09-09T19:47:51.957013512Z     return await future
2026-09-09T19:47:51.957015516Z            ^^^^^^^^^^^^
2026-09-09T19:47:51.957017500Z   File "/usr/local/lib/python3.13/site-packages/anyio/_backends/_asyncio.py", line 1002, in run
2026-09-09T19:47:51.957019474Z     result = context.run(func, *args)
2026-09-09T19:47:51.957021448Z   File "/app/app/routers/orders.py", line 36, in checkout
2026-09-09T19:47:51.957023412Z     return create_order(
2026-09-09T19:47:51.957025386Z         db=db,
2026-09-09T19:47:51.957027360Z     ...<2 lines>...
2026-09-09T19:47:51.957029334Z         correlation_id=correlation_id,
2026-09-09T19:47:51.957031307Z     )
2026-09-09T19:47:51.957033331Z   File "/app/app/services/order_service.py", line 42, in create_order
2026-09-09T19:47:51.957035285Z     result = db.execute(
2026-09-09T19:47:51.957037279Z         select(ProductModel).where(ProductModel.id == product_id)
2026-09-09T19:47:51.957039223Z     )
2026-09-09T19:47:51.957041187Z   File "/usr/local/lib/python3.13/site-packages/sqlalchemy/orm/session.py", line 2372, in execute
2026-09-09T19:47:51.957043141Z     return self._execute_internal(
2026-09-09T19:47:51.957045085Z            ~~~~~~~~~~~~~~~~~~~~~~^
2026-09-09T19:47:51.957047049Z         statement,
2026-09-09T19:47:51.957049032Z         ^^^^^^^^^^
2026-09-09T19:47:51.957050986Z     ...<4 lines>...
2026-09-09T19:47:51.957052940Z         _add_event=_add_event,
2026-09-09T19:47:51.957054904Z         ^^^^^^^^^^^^^^^^^^^^^^
2026-09-09T19:47:51.957056838Z     )
2026-09-09T19:47:51.957058782Z     ^
2026-09-09T19:47:51.957060866Z   File "/usr/local/lib/python3.13/site-packages/sqlalchemy/orm/session.py", line 2260, in _execute_internal
2026-09-09T19:47:51.957062870Z     conn = self._connection_for_bind(bind)
2026-09-09T19:47:51.957064874Z   File "/usr/local/lib/python3.13/site-packages/sqlalchemy/orm/session.py", line 2112, in _connection_for_bind
2026-09-09T19:47:51.957071387Z     return trans._connection_for_bind(engine, execution_options)
2026-09-09T19:47:51.957073611Z            ~~~~~~~~~~~~~~~~~~~~~~~~~~^^^^^^^^^^^^^^^^^^^^^^^^^^^
2026-09-09T19:47:51.957075565Z   File "<string>", line 2, in _connection_for_bind
2026-09-09T19:47:51.957077529Z   File "/usr/local/lib/python3.13/site-packages/sqlalchemy/orm/state_changes.py", line 137, in _go
2026-09-09T19:47:51.957079493Z     ret_value = fn(self, *arg, **kw)
2026-09-09T19:47:51.957081667Z   File "/usr/local/lib/python3.13/site-packages/sqlalchemy/orm/session.py", line 1191, in _connection_for_bind
2026-09-09T19:47:51.957083641Z     conn = bind.connect()
2026-09-09T19:47:51.957086436Z   File "/usr/local/lib/python3.13/site-packages/opentelemetry/instrumentation/sqlalchemy/engine.py", line 200, in _wrap_connect_internal
2026-09-09T19:47:51.957088410Z     return func(*args, **kwargs)
2026-09-09T19:47:51.957090364Z   File "/usr/local/lib/python3.13/site-packages/sqlalchemy/engine/base.py", line 3295, in connect
2026-09-09T19:47:51.957092318Z     return self._connection_cls(self)
2026-09-09T19:47:51.957094292Z            ~~~~~~~~~~~~~~~~~~~~^^^^^^
2026-09-09T19:47:51.957096276Z   File "/usr/local/lib/python3.13/site-packages/sqlalchemy/engine/base.py", line 144, in __init__
2026-09-09T19:47:51.957098250Z     self._dbapi_connection = engine.raw_connection()
2026-09-09T19:47:51.957100213Z                              ~~~~~~~~~~~~~~~~~~~~~^^
2026-09-09T19:47:51.957102177Z   File "/usr/local/lib/python3.13/site-packages/sqlalchemy/engine/base.py", line 3319, in raw_connection
2026-09-09T19:47:51.957104161Z     return self.pool.connect()
2026-09-09T19:47:51.957106095Z            ~~~~~~~~~~~~~~~~~^^
2026-09-09T19:47:51.957108089Z   File "/usr/local/lib/python3.13/site-packages/sqlalchemy/pool/base.py", line 448, in connect
2026-09-09T19:47:51.957110053Z     return _ConnectionFairy._checkout(self)
2026-09-09T19:47:51.957112007Z            ~~~~~~~~~~~~~~~~~~~~~~~~~~^^^^^^
2026-09-09T19:47:51.957113971Z   File "/usr/local/lib/python3.13/site-packages/sqlalchemy/pool/base.py", line 1272, in _checkout
2026-09-09T19:47:51.957115934Z     fairy = _ConnectionRecord.checkout(pool)
2026-09-09T19:47:51.957117918Z   File "/usr/local/lib/python3.13/site-packages/sqlalchemy/pool/base.py", line 712, in checkout
2026-09-09T19:47:51.957119872Z     rec = pool._do_get()
2026-09-09T19:47:51.957121836Z   File "/usr/local/lib/python3.13/site-packages/sqlalchemy/pool/impl.py", line 167, in _do_get
2026-09-09T19:47:51.957123800Z     raise exc.TimeoutError(
2026-09-09T19:47:51.957125764Z     ...<4 lines>...
2026-09-09T19:47:51.957127718Z     )
2026-09-09T19:47:51.957132898Z sqlalchemy.exc.TimeoutError: QueuePool limit of size 5 overflow 10 reached, connection timed out, timeout 30.00 (Background on this error at: https://sqlalche.me/e/20/3o7r)
2026-09-09T19:47:52.158787366Z ERROR:    Exception in ASGI application
2026-09-09T19:47:52.158831944Z Traceback (most recent call last):
2026-09-09T19:47:52.158837505Z   File "/usr/local/lib/python3.13/site-packages/uvicorn/protocols/http/httptools_impl.py", line 421, in run_asgi
2026-09-09T19:47:52.158842595Z     result = await app(  # type: ignore[func-returns-value]
2026-09-09T19:47:52.158846973Z              ^^^^^^^^^^^^^^^^^^^^^^^^^^^^^^^^^^^^^^^^^^^^^^
2026-09-09T19:47:52.158851512Z         self.scope, self.receive, self.send
2026-09-09T19:47:52.158855901Z         ^^^^^^^^^^^^^^^^^^^^^^^^^^^^^^^^^^^
2026-09-09T19:47:52.158860279Z     )
2026-09-09T19:47:52.158864919Z     ^
2026-09-09T19:47:52.158869387Z   File "/usr/local/lib/python3.13/site-packages/uvicorn/middleware/proxy_headers.py", line 63, in __call__
2026-09-09T19:47:52.158901421Z     return await self.app(scope, receive, send)
2026-09-09T19:47:52.158906070Z            ^^^^^^^^^^^^^^^^^^^^^^^^^^^^^^^^^^^^
2026-09-09T19:47:52.158912002Z   File "/usr/local/lib/python3.13/site-packages/fastapi/applications.py", line 1159, in __call__
2026-09-09T19:47:52.158916480Z     await super().__call__(scope, receive, send)
2026-09-09T19:47:52.158920919Z   File "/usr/local/lib/python3.13/site-packages/starlette/applications.py", line 107, in __call__
2026-09-09T19:47:52.158925338Z     await self.middleware_stack(scope, receive, send)
2026-09-09T19:47:52.158929797Z   File "/usr/local/lib/python3.13/site-packages/starlette/middleware/errors.py", line 186, in __call__
2026-09-09T19:47:52.158934286Z     raise exc
2026-09-09T19:47:52.158938744Z   File "/usr/local/lib/python3.13/site-packages/starlette/middleware/errors.py", line 164, in __call__
2026-09-09T19:47:52.158943183Z     await self.app(scope, receive, _send)
2026-09-09T19:47:52.158948113Z   File "/usr/local/lib/python3.13/site-packages/opentelemetry/instrumentation/asgi/__init__.py", line 806, in __call__
2026-09-09T19:47:52.158952552Z     await self.app(scope, otel_receive, otel_send)
2026-09-09T19:47:52.158956930Z   File "/usr/local/lib/python3.13/site-packages/starlette/middleware/errors.py", line 186, in __call__
2026-09-09T19:47:52.159006418Z     raise exc
2026-09-09T19:47:52.159020235Z   File "/usr/local/lib/python3.13/site-packages/starlette/middleware/errors.py", line 164, in __call__
2026-09-09T19:47:52.159024934Z     await self.app(scope, receive, _send)
2026-09-09T19:47:52.159029343Z   File "/usr/local/lib/python3.13/site-packages/opentelemetry/instrumentation/fastapi/__init__.py", line 305, in __call__
2026-09-09T19:47:52.159033752Z     await self.app(scope, receive, send)
2026-09-09T19:47:52.159038160Z   File "/usr/local/lib/python3.13/site-packages/prometheus_fastapi_instrumentator/middleware.py", line 177, in __call__
2026-09-09T19:47:52.159042579Z     raise exc
2026-09-09T19:47:52.159046948Z   File "/usr/local/lib/python3.13/site-packages/prometheus_fastapi_instrumentator/middleware.py", line 175, in __call__
2026-09-09T19:47:52.159051326Z     await self.app(scope, receive, send_wrapper)
2026-09-09T19:47:52.159055725Z   File "/usr/local/lib/python3.13/site-packages/starlette/middleware/exceptions.py", line 63, in __call__
2026-09-09T19:47:52.159060645Z     await wrap_app_handling_exceptions(self.app, conn)(scope, receive, send)
2026-09-09T19:47:52.159064983Z   File "/usr/local/lib/python3.13/site-packages/starlette/_exception_handler.py", line 53, in wrapped_app
2026-09-09T19:47:52.159070625Z     raise exc
2026-09-09T19:47:52.159075935Z   File "/usr/local/lib/python3.13/site-packages/starlette/_exception_handler.py", line 42, in wrapped_app
2026-09-09T19:47:52.159081837Z     await app(scope, receive, sender)
2026-09-09T19:47:52.159088800Z   File "/usr/local/lib/python3.13/site-packages/fastapi/middleware/asyncexitstack.py", line 18, in __call__
2026-09-09T19:47:52.159094171Z     await self.app(scope, receive, send)
2026-09-09T19:47:52.159099732Z   File "/usr/local/lib/python3.13/site-packages/starlette/routing.py", line 716, in __call__
2026-09-09T19:47:52.159106215Z     await self.middleware_stack(scope, receive, send)
2026-09-09T19:47:52.159111716Z   File "/usr/local/lib/python3.13/site-packages/starlette/routing.py", line 736, in app
2026-09-09T19:47:52.159117186Z     await route.handle(scope, receive, send)
2026-09-09T19:47:52.159123208Z   File "/usr/local/lib/python3.13/site-packages/starlette/routing.py", line 290, in handle
2026-09-09T19:47:52.159129521Z     await self.app(scope, receive, send)
2026-09-09T19:47:52.159134270Z   File "/usr/local/lib/python3.13/site-packages/fastapi/routing.py", line 134, in app
2026-09-09T19:47:52.159156795Z     await wrap_app_handling_exceptions(app, request)(scope, receive, send)
2026-09-09T19:47:52.159161474Z   File "/usr/local/lib/python3.13/site-packages/starlette/_exception_handler.py", line 53, in wrapped_app
2026-09-09T19:47:52.159165863Z     raise exc
2026-09-09T19:47:52.159170261Z   File "/usr/local/lib/python3.13/site-packages/starlette/_exception_handler.py", line 42, in wrapped_app
2026-09-09T19:47:52.159174730Z     await app(scope, receive, sender)
2026-09-09T19:47:52.159179169Z   File "/usr/local/lib/python3.13/site-packages/fastapi/routing.py", line 120, in app
2026-09-09T19:47:52.159184660Z     response = await f(request)
2026-09-09T19:47:52.159189018Z                ^^^^^^^^^^^^^^^^
2026-09-09T19:47:52.159195271Z   File "/usr/local/lib/python3.13/site-packages/fastapi/routing.py", line 674, in app
2026-09-09T19:47:52.159200912Z     raw_response = await run_endpoint_function(
2026-09-09T19:47:52.159206954Z                    ^^^^^^^^^^^^^^^^^^^^^^^^^^^^
2026-09-09T19:47:52.159212655Z     ...<3 lines>...
2026-09-09T19:47:52.159217033Z     )
2026-09-09T19:47:52.159221492Z     ^
2026-09-09T19:47:52.159225861Z   File "/usr/local/lib/python3.13/site-packages/fastapi/routing.py", line 330, in run_endpoint_function
2026-09-09T19:47:52.159230189Z     return await run_in_threadpool(dependant.call, **values)
2026-09-09T19:47:52.159234518Z            ^^^^^^^^^^^^^^^^^^^^^^^^^^^^^^^^^^^^^^^^^^^^^^^^^
2026-09-09T19:47:52.159292957Z   File "/usr/local/lib/python3.13/site-packages/starlette/concurrency.py", line 32, in run_in_threadpool
2026-09-09T19:47:52.159318718Z     return await anyio.to_thread.run_sync(func)
2026-09-09T19:47:52.159321343Z            ^^^^^^^^^^^^^^^^^^^^^^^^^^^^^^^^^^^^
2026-09-09T19:47:52.159323808Z   File "/usr/local/lib/python3.13/site-packages/anyio/to_thread.py", line 63, in run_sync
2026-09-09T19:47:52.159326473Z     return await get_async_backend().run_sync_in_worker_thread(
2026-09-09T19:47:52.159328507Z            ^^^^^^^^^^^^^^^^^^^^^^^^^^^^^^^^^^^^^^^^^^^^^^^^^^^^
2026-09-09T19:47:52.159331213Z         func, args, abandon_on_cancel=abandon_on_cancel, limiter=limiter
2026-09-09T19:47:52.159333417Z         ^^^^^^^^^^^^^^^^^^^^^^^^^^^^^^^^^^^^^^^^^^^^^^^^^^^^^^^^^^^^^^^^
2026-09-09T19:47:52.159335561Z     )
2026-09-09T19:47:52.159337605Z     ^
2026-09-09T19:47:52.159340180Z   File "/usr/local/lib/python3.13/site-packages/anyio/_backends/_asyncio.py", line 2518, in run_sync_in_worker_thread
2026-09-09T19:47:52.159342896Z     return await future
2026-09-09T19:47:52.159344900Z            ^^^^^^^^^^^^
2026-09-09T19:47:52.159347164Z   File "/usr/local/lib/python3.13/site-packages/anyio/_backends/_asyncio.py", line 1002, in run
2026-09-09T19:47:52.159349178Z     result = context.run(func, *args)
2026-09-09T19:47:52.159351242Z   File "/app/app/routers/orders.py", line 36, in checkout
2026-09-09T19:47:52.159353276Z     return create_order(
2026-09-09T19:47:52.159355300Z         db=db,
2026-09-09T19:47:52.159357314Z     ...<2 lines>...
2026-09-09T19:47:52.159359348Z         correlation_id=correlation_id,
2026-09-09T19:47:52.159361342Z     )
2026-09-09T19:47:52.159363366Z   File "/app/app/services/order_service.py", line 42, in create_order
2026-09-09T19:47:52.159365360Z     result = db.execute(
2026-09-09T19:47:52.159367404Z         select(ProductModel).where(ProductModel.id == product_id)
2026-09-09T19:47:52.159369408Z     )
2026-09-09T19:47:52.159371542Z   File "/usr/local/lib/python3.13/site-packages/sqlalchemy/orm/session.py", line 2372, in execute
2026-09-09T19:47:52.159373566Z     return self._execute_internal(
2026-09-09T19:47:52.159375550Z            ~~~~~~~~~~~~~~~~~~~~~~^
2026-09-09T19:47:52.159395790Z         statement,
2026-09-09T19:47:52.159398205Z         ^^^^^^^^^^
2026-09-09T19:47:52.159400209Z     ...<4 lines>...
2026-09-09T19:47:52.159402704Z         _add_event=_add_event,
2026-09-09T19:47:52.159404798Z         ^^^^^^^^^^^^^^^^^^^^^^
2026-09-09T19:47:52.159406742Z     )
2026-09-09T19:47:52.159408716Z     ^
2026-09-09T19:47:52.159410940Z   File "/usr/local/lib/python3.13/site-packages/sqlalchemy/orm/session.py", line 2260, in _execute_internal
2026-09-09T19:47:52.159412974Z     conn = self._connection_for_bind(bind)
2026-09-09T19:47:52.159414968Z   File "/usr/local/lib/python3.13/site-packages/sqlalchemy/orm/session.py", line 2112, in _connection_for_bind
2026-09-09T19:47:52.159417062Z     return trans._connection_for_bind(engine, execution_options)
2026-09-09T19:47:52.159419066Z            ~~~~~~~~~~~~~~~~~~~~~~~~~~^^^^^^^^^^^^^^^^^^^^^^^^^^^
2026-09-09T19:47:52.159421050Z   File "<string>", line 2, in _connection_for_bind
2026-09-09T19:47:52.159423174Z   File "/usr/local/lib/python3.13/site-packages/sqlalchemy/orm/state_changes.py", line 137, in _go
2026-09-09T19:47:52.159425228Z     ret_value = fn(self, *arg, **kw)
2026-09-09T19:47:52.159427563Z   File "/usr/local/lib/python3.13/site-packages/sqlalchemy/orm/session.py", line 1191, in _connection_for_bind
2026-09-09T19:47:52.159429557Z     conn = bind.connect()
2026-09-09T19:47:52.159432252Z   File "/usr/local/lib/python3.13/site-packages/opentelemetry/instrumentation/sqlalchemy/engine.py", line 200, in _wrap_connect_internal
2026-09-09T19:47:52.159434236Z     return func(*args, **kwargs)
2026-09-09T19:47:52.159436240Z   File "/usr/local/lib/python3.13/site-packages/sqlalchemy/engine/base.py", line 3295, in connect
2026-09-09T19:47:52.159438244Z     return self._connection_cls(self)
2026-09-09T19:47:52.159440198Z            ~~~~~~~~~~~~~~~~~~~~^^^^^^
2026-09-09T19:47:52.159442162Z   File "/usr/local/lib/python3.13/site-packages/sqlalchemy/engine/base.py", line 144, in __init__
2026-09-09T19:47:52.159444186Z     self._dbapi_connection = engine.raw_connection()
2026-09-09T19:47:52.159446149Z                              ~~~~~~~~~~~~~~~~~~~~~^^
2026-09-09T19:47:52.159448113Z   File "/usr/local/lib/python3.13/site-packages/sqlalchemy/engine/base.py", line 3319, in raw_connection
2026-09-09T19:47:52.159450087Z     return self.pool.connect()
2026-09-09T19:47:52.159452081Z            ~~~~~~~~~~~~~~~~~^^
2026-09-09T19:47:52.159454115Z   File "/usr/local/lib/python3.13/site-packages/sqlalchemy/pool/base.py", line 448, in connect
2026-09-09T19:47:52.159456079Z     return _ConnectionFairy._checkout(self)
2026-09-09T19:47:52.159458043Z            ~~~~~~~~~~~~~~~~~~~~~~~~~~^^^^^^
2026-09-09T19:47:52.159460027Z   File "/usr/local/lib/python3.13/site-packages/sqlalchemy/pool/base.py", line 1272, in _checkout
2026-09-09T19:47:52.159462201Z     fairy = _ConnectionRecord.checkout(pool)
2026-09-09T19:47:52.159464215Z   File "/usr/local/lib/python3.13/site-packages/sqlalchemy/pool/base.py", line 712, in checkout
2026-09-09T19:47:52.159466199Z     rec = pool._do_get()
2026-09-09T19:47:52.159468223Z   File "/usr/local/lib/python3.13/site-packages/sqlalchemy/pool/impl.py", line 167, in _do_get
2026-09-09T19:47:52.159470197Z     raise exc.TimeoutError(
2026-09-09T19:47:52.159472191Z     ...<4 lines>...
2026-09-09T19:47:52.159474165Z     )
2026-09-09T19:47:52.159476920Z sqlalchemy.exc.TimeoutError: QueuePool limit of size 5 overflow 10 reached, connection timed out, timeout 30.00 (Background on this error at: https://sqlalche.me/e/20/3o7r)
2026-09-09T19:47:52.290193820Z ERROR:    Exception in ASGI application
2026-09-09T19:47:52.290237586Z Traceback (most recent call last):
2026-09-09T19:47:52.290269830Z   File "/usr/local/lib/python3.13/site-packages/uvicorn/protocols/http/httptools_impl.py", line 421, in run_asgi
2026-09-09T19:47:52.290275250Z     result = await app(  # type: ignore[func-returns-value]
2026-09-09T19:47:52.290279689Z              ^^^^^^^^^^^^^^^^^^^^^^^^^^^^^^^^^^^^^^^^^^^^^^
2026-09-09T19:47:52.290284068Z         self.scope, self.receive, self.send
2026-09-09T19:47:52.290288446Z         ^^^^^^^^^^^^^^^^^^^^^^^^^^^^^^^^^^^
2026-09-09T19:47:52.290292865Z     )
2026-09-09T19:47:52.290297284Z     ^
2026-09-09T19:47:52.290301723Z   File "/usr/local/lib/python3.13/site-packages/uvicorn/middleware/proxy_headers.py", line 63, in __call__
2026-09-09T19:47:52.290306231Z     return await self.app(scope, receive, send)
2026-09-09T19:47:52.290310590Z            ^^^^^^^^^^^^^^^^^^^^^^^^^^^^^^^^^^^^
2026-09-09T19:47:52.290315800Z   File "/usr/local/lib/python3.13/site-packages/fastapi/applications.py", line 1159, in __call__
2026-09-09T19:47:52.290320209Z     await super().__call__(scope, receive, send)
2026-09-09T19:47:52.290324568Z   File "/usr/local/lib/python3.13/site-packages/starlette/applications.py", line 107, in __call__
2026-09-09T19:47:52.290328936Z     await self.middleware_stack(scope, receive, send)
2026-09-09T19:47:52.290333335Z   File "/usr/local/lib/python3.13/site-packages/starlette/middleware/errors.py", line 186, in __call__
2026-09-09T19:47:52.290337774Z     raise exc
2026-09-09T19:47:52.290342293Z   File "/usr/local/lib/python3.13/site-packages/starlette/middleware/errors.py", line 164, in __call__
2026-09-09T19:47:52.290346741Z     await self.app(scope, receive, _send)
2026-09-09T19:47:52.290512338Z   File "/usr/local/lib/python3.13/site-packages/opentelemetry/instrumentation/asgi/__init__.py", line 806, in __call__
2026-09-09T19:47:52.290519122Z     await self.app(scope, otel_receive, otel_send)
2026-09-09T19:47:52.290523771Z   File "/usr/local/lib/python3.13/site-packages/starlette/middleware/errors.py", line 186, in __call__
2026-09-09T19:47:52.290528280Z     raise exc
2026-09-09T19:47:52.290532829Z   File "/usr/local/lib/python3.13/site-packages/starlette/middleware/errors.py", line 164, in __call__
2026-09-09T19:47:52.290537327Z     await self.app(scope, receive, _send)
2026-09-09T19:47:52.290541886Z   File "/usr/local/lib/python3.13/site-packages/opentelemetry/instrumentation/fastapi/__init__.py", line 305, in __call__
2026-09-09T19:47:52.290546325Z     await self.app(scope, receive, send)
2026-09-09T19:47:52.290550734Z   File "/usr/local/lib/python3.13/site-packages/prometheus_fastapi_instrumentator/middleware.py", line 177, in __call__
2026-09-09T19:47:52.290555153Z     raise exc
2026-09-09T19:47:52.290560052Z   File "/usr/local/lib/python3.13/site-packages/prometheus_fastapi_instrumentator/middleware.py", line 175, in __call__
2026-09-09T19:47:52.290564561Z     await self.app(scope, receive, send_wrapper)
2026-09-09T19:47:52.290568980Z   File "/usr/local/lib/python3.13/site-packages/starlette/middleware/exceptions.py", line 63, in __call__
2026-09-09T19:47:52.290574070Z     await wrap_app_handling_exceptions(self.app, conn)(scope, receive, send)
2026-09-09T19:47:52.290578539Z   File "/usr/local/lib/python3.13/site-packages/starlette/_exception_handler.py", line 53, in wrapped_app
2026-09-09T19:47:52.290582927Z     raise exc
2026-09-09T19:47:52.290587316Z   File "/usr/local/lib/python3.13/site-packages/starlette/_exception_handler.py", line 42, in wrapped_app
2026-09-09T19:47:52.290591725Z     await app(scope, receive, sender)
2026-09-09T19:47:52.290596204Z   File "/usr/local/lib/python3.13/site-packages/fastapi/middleware/asyncexitstack.py", line 18, in __call__
2026-09-09T19:47:52.290600602Z     await self.app(scope, receive, send)
2026-09-09T19:47:52.290621343Z   File "/usr/local/lib/python3.13/site-packages/starlette/routing.py", line 716, in __call__
2026-09-09T19:47:52.290625922Z     await self.middleware_stack(scope, receive, send)
2026-09-09T19:47:52.290630381Z   File "/usr/local/lib/python3.13/site-packages/starlette/routing.py", line 736, in app
2026-09-09T19:47:52.290635231Z     await route.handle(scope, receive, send)
2026-09-09T19:47:52.290639709Z   File "/usr/local/lib/python3.13/site-packages/starlette/routing.py", line 290, in handle
2026-09-09T19:47:52.290644088Z     await self.app(scope, receive, send)
2026-09-09T19:47:52.290648477Z   File "/usr/local/lib/python3.13/site-packages/fastapi/routing.py", line 134, in app
2026-09-09T19:47:52.290652825Z     await wrap_app_handling_exceptions(app, request)(scope, receive, send)
2026-09-09T19:47:52.290657194Z   File "/usr/local/lib/python3.13/site-packages/starlette/_exception_handler.py", line 53, in wrapped_app
2026-09-09T19:47:52.290661553Z     raise exc
2026-09-09T19:47:52.290666071Z   File "/usr/local/lib/python3.13/site-packages/starlette/_exception_handler.py", line 42, in wrapped_app
2026-09-09T19:47:52.290670440Z     await app(scope, receive, sender)
2026-09-09T19:47:52.290674859Z   File "/usr/local/lib/python3.13/site-packages/fastapi/routing.py", line 120, in app
2026-09-09T19:47:52.290679879Z     response = await f(request)
2026-09-09T19:47:52.290684277Z                ^^^^^^^^^^^^^^^^
2026-09-09T19:47:52.290688656Z   File "/usr/local/lib/python3.13/site-packages/fastapi/routing.py", line 674, in app
2026-09-09T19:47:52.290693025Z     raw_response = await run_endpoint_function(
2026-09-09T19:47:52.290697373Z                    ^^^^^^^^^^^^^^^^^^^^^^^^^^^^
2026-09-09T19:47:52.290702924Z     ...<3 lines>...
2026-09-09T19:47:52.290707393Z     )
2026-09-09T19:47:52.290711862Z     ^
2026-09-09T19:47:52.290716251Z   File "/usr/local/lib/python3.13/site-packages/fastapi/routing.py", line 330, in run_endpoint_function
2026-09-09T19:47:52.290720639Z     return await run_in_threadpool(dependant.call, **values)
2026-09-09T19:47:52.290725058Z            ^^^^^^^^^^^^^^^^^^^^^^^^^^^^^^^^^^^^^^^^^^^^^^^^^
2026-09-09T19:47:52.290747923Z   File "/usr/local/lib/python3.13/site-packages/starlette/concurrency.py", line 32, in run_in_threadpool
2026-09-09T19:47:52.290752702Z     return await anyio.to_thread.run_sync(func)
2026-09-09T19:47:52.290757151Z            ^^^^^^^^^^^^^^^^^^^^^^^^^^^^^^^^^^^^
2026-09-09T19:47:52.290761570Z   File "/usr/local/lib/python3.13/site-packages/anyio/to_thread.py", line 63, in run_sync
2026-09-09T19:47:52.290766049Z     return await get_async_backend().run_sync_in_worker_thread(
2026-09-09T19:47:52.290770447Z            ^^^^^^^^^^^^^^^^^^^^^^^^^^^^^^^^^^^^^^^^^^^^^^^^^^^^
2026-09-09T19:47:52.290774866Z         func, args, abandon_on_cancel=abandon_on_cancel, limiter=limiter
2026-09-09T19:47:52.290779305Z         ^^^^^^^^^^^^^^^^^^^^^^^^^^^^^^^^^^^^^^^^^^^^^^^^^^^^^^^^^^^^^^^^
2026-09-09T19:47:52.290783744Z     )
2026-09-09T19:47:52.290788253Z     ^
2026-09-09T19:47:52.290792671Z   File "/usr/local/lib/python3.13/site-packages/anyio/_backends/_asyncio.py", line 2518, in run_sync_in_worker_thread
2026-09-09T19:47:52.290797130Z     return await future
2026-09-09T19:47:52.290801669Z            ^^^^^^^^^^^^
2026-09-09T19:47:52.290806078Z   File "/usr/local/lib/python3.13/site-packages/anyio/_backends/_asyncio.py", line 1002, in run
2026-09-09T19:47:52.290810506Z     result = context.run(func, *args)
2026-09-09T19:47:52.290814935Z   File "/app/app/routers/orders.py", line 36, in checkout
2026-09-09T19:47:52.290819374Z     return create_order(
2026-09-09T19:47:52.290823853Z         db=db,
2026-09-09T19:47:52.290838812Z     ...<2 lines>...
2026-09-09T19:47:52.290843391Z         correlation_id=correlation_id,
2026-09-09T19:47:52.290847900Z     )
2026-09-09T19:47:52.290852479Z   File "/app/app/services/order_service.py", line 42, in create_order
2026-09-09T19:47:52.290856948Z     result = db.execute(
2026-09-09T19:47:52.290861377Z         select(ProductModel).where(ProductModel.id == product_id)
2026-09-09T19:47:52.290865776Z     )
2026-09-09T19:47:52.290870254Z   File "/usr/local/lib/python3.13/site-packages/sqlalchemy/orm/session.py", line 2372, in execute
2026-09-09T19:47:52.290874683Z     return self._execute_internal(
2026-09-09T19:47:52.290879112Z            ~~~~~~~~~~~~~~~~~~~~~~^
2026-09-09T19:47:52.290883541Z         statement,
2026-09-09T19:47:52.290887989Z         ^^^^^^^^^^
2026-09-09T19:47:52.290892388Z     ...<4 lines>...
2026-09-09T19:47:52.290895254Z         _add_event=_add_event,
2026-09-09T19:47:52.290897198Z         ^^^^^^^^^^^^^^^^^^^^^^
2026-09-09T19:47:52.290899202Z     )
2026-09-09T19:47:52.290901165Z     ^
2026-09-09T19:47:52.290903390Z   File "/usr/local/lib/python3.13/site-packages/sqlalchemy/orm/session.py", line 2260, in _execute_internal
2026-09-09T19:47:52.290905895Z     conn = self._connection_for_bind(bind)
2026-09-09T19:47:52.290908380Z   File "/usr/local/lib/python3.13/site-packages/sqlalchemy/orm/session.py", line 2112, in _connection_for_bind
2026-09-09T19:47:52.290910774Z     return trans._connection_for_bind(engine, execution_options)
2026-09-09T19:47:52.290912728Z            ~~~~~~~~~~~~~~~~~~~~~~~~~~^^^^^^^^^^^^^^^^^^^^^^^^^^^
2026-09-09T19:47:52.290914692Z   File "<string>", line 2, in _connection_for_bind
2026-09-09T19:47:52.290916796Z   File "/usr/local/lib/python3.13/site-packages/sqlalchemy/orm/state_changes.py", line 137, in _go
2026-09-09T19:47:52.290919281Z     ret_value = fn(self, *arg, **kw)
2026-09-09T19:47:52.290921736Z   File "/usr/local/lib/python3.13/site-packages/sqlalchemy/orm/session.py", line 1191, in _connection_for_bind
2026-09-09T19:47:52.290924191Z     conn = bind.connect()
2026-09-09T19:47:52.290955062Z   File "/usr/local/lib/python3.13/site-packages/opentelemetry/instrumentation/sqlalchemy/engine.py", line 200, in _wrap_connect_internal
2026-09-09T19:47:52.290961835Z     return func(*args, **kwargs)
2026-09-09T19:47:52.290964230Z   File "/usr/local/lib/python3.13/site-packages/sqlalchemy/engine/base.py", line 3295, in connect
2026-09-09T19:47:52.290966254Z     return self._connection_cls(self)
2026-09-09T19:47:52.291091120Z            ~~~~~~~~~~~~~~~~~~~~^^^^^^
2026-09-09T19:47:52.291101761Z   File "/usr/local/lib/python3.13/site-packages/sqlalchemy/engine/base.py", line 144, in __init__
2026-09-09T19:47:52.291104056Z     self._dbapi_connection = engine.raw_connection()
2026-09-09T19:47:52.291106020Z                              ~~~~~~~~~~~~~~~~~~~~~^^
2026-09-09T19:47:52.291108174Z   File "/usr/local/lib/python3.13/site-packages/sqlalchemy/engine/base.py", line 3319, in raw_connection
2026-09-09T19:47:52.291110158Z     return self.pool.connect()
2026-09-09T19:47:52.291112102Z            ~~~~~~~~~~~~~~~~~^^
2026-09-09T19:47:52.291114096Z   File "/usr/local/lib/python3.13/site-packages/sqlalchemy/pool/base.py", line 448, in connect
2026-09-09T19:47:52.291116130Z     return _ConnectionFairy._checkout(self)
2026-09-09T19:47:52.291118083Z            ~~~~~~~~~~~~~~~~~~~~~~~~~~^^^^^^
2026-09-09T19:47:52.291120027Z   File "/usr/local/lib/python3.13/site-packages/sqlalchemy/pool/base.py", line 1272, in _checkout
2026-09-09T19:47:52.291121971Z     fairy = _ConnectionRecord.checkout(pool)
2026-09-09T19:47:52.291123905Z   File "/usr/local/lib/python3.13/site-packages/sqlalchemy/pool/base.py", line 712, in checkout
2026-09-09T19:47:52.291133754Z     rec = pool._do_get()
2026-09-09T19:47:52.291135778Z   File "/usr/local/lib/python3.13/site-packages/sqlalchemy/pool/impl.py", line 167, in _do_get
2026-09-09T19:47:52.291137722Z     raise exc.TimeoutError(
2026-09-09T19:47:52.291139686Z     ...<4 lines>...
2026-09-09T19:47:52.291141660Z     )
2026-09-09T19:47:52.291145307Z sqlalchemy.exc.TimeoutError: QueuePool limit of size 5 overflow 10 reached, connection timed out, timeout 30.00 (Background on this error at: https://sqlalche.me/e/20/3o7r)
2026-09-09T19:47:52.364786828Z ERROR:    Exception in ASGI application
2026-09-09T19:47:52.364828651Z Traceback (most recent call last):
2026-09-09T19:47:52.364834212Z   File "/usr/local/lib/python3.13/site-packages/uvicorn/protocols/http/httptools_impl.py", line 421, in run_asgi
2026-09-09T19:47:52.364839222Z     result = await app(  # type: ignore[func-returns-value]
2026-09-09T19:47:52.364843891Z              ^^^^^^^^^^^^^^^^^^^^^^^^^^^^^^^^^^^^^^^^^^^^^^
2026-09-09T19:47:52.364848320Z         self.scope, self.receive, self.send
2026-09-09T19:47:52.364852738Z         ^^^^^^^^^^^^^^^^^^^^^^^^^^^^^^^^^^^
2026-09-09T19:47:52.364857137Z     )
2026-09-09T19:47:52.364861596Z     ^
2026-09-09T19:47:52.364865955Z   File "/usr/local/lib/python3.13/site-packages/uvicorn/middleware/proxy_headers.py", line 63, in __call__
2026-09-09T19:47:52.364870323Z     return await self.app(scope, receive, send)
2026-09-09T19:47:52.364875283Z            ^^^^^^^^^^^^^^^^^^^^^^^^^^^^^^^^^^^^
2026-09-09T19:47:52.364880423Z   File "/usr/local/lib/python3.13/site-packages/fastapi/applications.py", line 1159, in __call__
2026-09-09T19:47:52.364884812Z     await super().__call__(scope, receive, send)
2026-09-09T19:47:52.364889190Z   File "/usr/local/lib/python3.13/site-packages/starlette/applications.py", line 107, in __call__
2026-09-09T19:47:52.364893870Z     await self.middleware_stack(scope, receive, send)
2026-09-09T19:47:52.364898318Z   File "/usr/local/lib/python3.13/site-packages/starlette/middleware/errors.py", line 186, in __call__
2026-09-09T19:47:52.364902767Z     raise exc
2026-09-09T19:47:52.364907156Z   File "/usr/local/lib/python3.13/site-packages/starlette/middleware/errors.py", line 164, in __call__
2026-09-09T19:47:52.364911585Z     await self.app(scope, receive, _send)
2026-09-09T19:47:52.364916524Z   File "/usr/local/lib/python3.13/site-packages/opentelemetry/instrumentation/asgi/__init__.py", line 806, in __call__
2026-09-09T19:47:52.364920903Z     await self.app(scope, otel_receive, otel_send)
2026-09-09T19:47:52.364925272Z   File "/usr/local/lib/python3.13/site-packages/starlette/middleware/errors.py", line 186, in __call__
2026-09-09T19:47:52.364930001Z     raise exc
2026-09-09T19:47:52.364945532Z   File "/usr/local/lib/python3.13/site-packages/starlette/middleware/errors.py", line 164, in __call__
2026-09-09T19:47:52.364950000Z     await self.app(scope, receive, _send)
2026-09-09T19:47:52.364954479Z   File "/usr/local/lib/python3.13/site-packages/opentelemetry/instrumentation/fastapi/__init__.py", line 305, in __call__
2026-09-09T19:47:52.364958828Z     await self.app(scope, receive, send)
2026-09-09T19:47:52.364963226Z   File "/usr/local/lib/python3.13/site-packages/prometheus_fastapi_instrumentator/middleware.py", line 177, in __call__
2026-09-09T19:47:52.364967605Z     raise exc
2026-09-09T19:47:52.364971994Z   File "/usr/local/lib/python3.13/site-packages/prometheus_fastapi_instrumentator/middleware.py", line 175, in __call__
2026-09-09T19:47:52.364976372Z     await self.app(scope, receive, send_wrapper)
2026-09-09T19:47:52.364980791Z   File "/usr/local/lib/python3.13/site-packages/starlette/middleware/exceptions.py", line 63, in __call__
2026-09-09T19:47:52.365013145Z     await wrap_app_handling_exceptions(self.app, conn)(scope, receive, send)
2026-09-09T19:47:52.365017804Z   File "/usr/local/lib/python3.13/site-packages/starlette/_exception_handler.py", line 53, in wrapped_app
2026-09-09T19:47:52.365021341Z     raise exc
2026-09-09T19:47:52.365023295Z   File "/usr/local/lib/python3.13/site-packages/starlette/_exception_handler.py", line 42, in wrapped_app
2026-09-09T19:47:52.365025289Z     await app(scope, receive, sender)
2026-09-09T19:47:52.365027233Z   File "/usr/local/lib/python3.13/site-packages/fastapi/middleware/asyncexitstack.py", line 18, in __call__
2026-09-09T19:47:52.365029177Z     await self.app(scope, receive, send)
2026-09-09T19:47:52.365031231Z   File "/usr/local/lib/python3.13/site-packages/starlette/routing.py", line 716, in __call__
2026-09-09T19:47:52.365033164Z     await self.middleware_stack(scope, receive, send)
2026-09-09T19:47:52.365035589Z   File "/usr/local/lib/python3.13/site-packages/starlette/routing.py", line 736, in app
2026-09-09T19:47:52.365038014Z     await route.handle(scope, receive, send)
2026-09-09T19:47:52.365040769Z   File "/usr/local/lib/python3.13/site-packages/starlette/routing.py", line 290, in handle
2026-09-09T19:47:52.365042984Z     await self.app(scope, receive, send)
2026-09-09T19:47:52.365044928Z   File "/usr/local/lib/python3.13/site-packages/fastapi/routing.py", line 134, in app
2026-09-09T19:47:52.365046892Z     await wrap_app_handling_exceptions(app, request)(scope, receive, send)
2026-09-09T19:47:52.365049196Z   File "/usr/local/lib/python3.13/site-packages/starlette/_exception_handler.py", line 53, in wrapped_app
2026-09-09T19:47:52.365051611Z     raise exc
2026-09-09T19:47:52.365054026Z   File "/usr/local/lib/python3.13/site-packages/starlette/_exception_handler.py", line 42, in wrapped_app
2026-09-09T19:47:52.365056260Z     await app(scope, receive, sender)
2026-09-09T19:47:52.365058224Z   File "/usr/local/lib/python3.13/site-packages/fastapi/routing.py", line 120, in app
2026-09-09T19:47:52.365061049Z     response = await f(request)
2026-09-09T19:47:52.365062973Z                ^^^^^^^^^^^^^^^^
2026-09-09T19:47:52.365064917Z   File "/usr/local/lib/python3.13/site-packages/fastapi/routing.py", line 674, in app
2026-09-09T19:47:52.365066861Z     raw_response = await run_endpoint_function(
2026-09-09T19:47:52.365068795Z                    ^^^^^^^^^^^^^^^^^^^^^^^^^^^^
2026-09-09T19:47:52.365071811Z     ...<3 lines>...
2026-09-09T19:47:52.365073755Z     )
2026-09-09T19:47:52.365075708Z     ^
2026-09-09T19:47:52.365077652Z   File "/usr/local/lib/python3.13/site-packages/fastapi/routing.py", line 330, in run_endpoint_function
2026-09-09T19:47:52.365079576Z     return await run_in_threadpool(dependant.call, **values)
2026-09-09T19:47:52.365081510Z            ^^^^^^^^^^^^^^^^^^^^^^^^^^^^^^^^^^^^^^^^^^^^^^^^^
2026-09-09T19:47:52.365117190Z   File "/usr/local/lib/python3.13/site-packages/starlette/concurrency.py", line 32, in run_in_threadpool
2026-09-09T19:47:52.365121870Z     return await anyio.to_thread.run_sync(func)
2026-09-09T19:47:52.365123863Z            ^^^^^^^^^^^^^^^^^^^^^^^^^^^^^^^^^^^^
2026-09-09T19:47:52.365125857Z   File "/usr/local/lib/python3.13/site-packages/anyio/to_thread.py", line 63, in run_sync
2026-09-09T19:47:52.365127801Z     return await get_async_backend().run_sync_in_worker_thread(
2026-09-09T19:47:52.365129735Z            ^^^^^^^^^^^^^^^^^^^^^^^^^^^^^^^^^^^^^^^^^^^^^^^^^^^^
2026-09-09T19:47:52.365131669Z         func, args, abandon_on_cancel=abandon_on_cancel, limiter=limiter
2026-09-09T19:47:52.365133673Z         ^^^^^^^^^^^^^^^^^^^^^^^^^^^^^^^^^^^^^^^^^^^^^^^^^^^^^^^^^^^^^^^^
2026-09-09T19:47:52.365135577Z     )
2026-09-09T19:47:52.365145546Z     ^
2026-09-09T19:47:52.365147600Z   File "/usr/local/lib/python3.13/site-packages/anyio/_backends/_asyncio.py", line 2518, in run_sync_in_worker_thread
2026-09-09T19:47:52.365149634Z     return await future
2026-09-09T19:47:52.365151688Z            ^^^^^^^^^^^^
2026-09-09T19:47:52.365153612Z   File "/usr/local/lib/python3.13/site-packages/anyio/_backends/_asyncio.py", line 1002, in run
2026-09-09T19:47:52.365155526Z     result = context.run(func, *args)
2026-09-09T19:47:52.365157500Z   File "/app/app/routers/orders.py", line 36, in checkout
2026-09-09T19:47:52.365159454Z     return create_order(
2026-09-09T19:47:52.365161448Z         db=db,
2026-09-09T19:47:52.365163432Z     ...<2 lines>...
2026-09-09T19:47:52.365165415Z         correlation_id=correlation_id,
2026-09-09T19:47:52.365167339Z     )
2026-09-09T19:47:52.365169293Z   File "/app/app/services/order_service.py", line 42, in create_order
2026-09-09T19:47:52.365171207Z     result = db.execute(
2026-09-09T19:47:52.365173131Z         select(ProductModel).where(ProductModel.id == product_id)
2026-09-09T19:47:52.365175044Z     )
2026-09-09T19:47:52.365176968Z   File "/usr/local/lib/python3.13/site-packages/sqlalchemy/orm/session.py", line 2372, in execute
2026-09-09T19:47:52.365178882Z     return self._execute_internal(
2026-09-09T19:47:52.365180816Z            ~~~~~~~~~~~~~~~~~~~~~~^
2026-09-09T19:47:52.365182730Z         statement,
2026-09-09T19:47:52.365184653Z         ^^^^^^^^^^
2026-09-09T19:47:52.365186567Z     ...<4 lines>...
2026-09-09T19:47:52.365188481Z         _add_event=_add_event,
2026-09-09T19:47:52.365190375Z         ^^^^^^^^^^^^^^^^^^^^^^
2026-09-09T19:47:52.365192278Z     )
2026-09-09T19:47:52.365194192Z     ^
2026-09-09T19:47:52.365196116Z   File "/usr/local/lib/python3.13/site-packages/sqlalchemy/orm/session.py", line 2260, in _execute_internal
2026-09-09T19:47:52.365198040Z     conn = self._connection_for_bind(bind)
2026-09-09T19:47:52.365199984Z   File "/usr/local/lib/python3.13/site-packages/sqlalchemy/orm/session.py", line 2112, in _connection_for_bind
2026-09-09T19:47:52.365201907Z     return trans._connection_for_bind(engine, execution_options)
2026-09-09T19:47:52.365203841Z            ~~~~~~~~~~~~~~~~~~~~~~~~~~^^^^^^^^^^^^^^^^^^^^^^^^^^^
2026-09-09T19:47:52.365205775Z   File "<string>", line 2, in _connection_for_bind
2026-09-09T19:47:52.365207709Z   File "/usr/local/lib/python3.13/site-packages/sqlalchemy/orm/state_changes.py", line 137, in _go
2026-09-09T19:47:52.365209613Z     ret_value = fn(self, *arg, **kw)
2026-09-09T19:47:52.365211587Z   File "/usr/local/lib/python3.13/site-packages/sqlalchemy/orm/session.py", line 1191, in _connection_for_bind
2026-09-09T19:47:52.365213490Z     conn = bind.connect()
2026-09-09T19:47:52.365215935Z   File "/usr/local/lib/python3.13/site-packages/opentelemetry/instrumentation/sqlalchemy/engine.py", line 200, in _wrap_connect_internal
2026-09-09T19:47:52.365217839Z     return func(*args, **kwargs)
2026-09-09T19:47:52.365219763Z   File "/usr/local/lib/python3.13/site-packages/sqlalchemy/engine/base.py", line 3295, in connect
2026-09-09T19:47:52.365221686Z     return self._connection_cls(self)
2026-09-09T19:47:52.365223590Z            ~~~~~~~~~~~~~~~~~~~~^^^^^^
2026-09-09T19:47:52.365225494Z   File "/usr/local/lib/python3.13/site-packages/sqlalchemy/engine/base.py", line 144, in __init__
2026-09-09T19:47:52.365227428Z     self._dbapi_connection = engine.raw_connection()
2026-09-09T19:47:52.365229342Z                              ~~~~~~~~~~~~~~~~~~~~~^^
2026-09-09T19:47:52.365231245Z   File "/usr/local/lib/python3.13/site-packages/sqlalchemy/engine/base.py", line 3319, in raw_connection
2026-09-09T19:47:52.365237668Z     return self.pool.connect()
2026-09-09T19:47:52.365239652Z            ~~~~~~~~~~~~~~~~~^^
2026-09-09T19:47:52.365241576Z   File "/usr/local/lib/python3.13/site-packages/sqlalchemy/pool/base.py", line 448, in connect
2026-09-09T19:47:52.365243500Z     return _ConnectionFairy._checkout(self)
2026-09-09T19:47:52.365245423Z            ~~~~~~~~~~~~~~~~~~~~~~~~~~^^^^^^
2026-09-09T19:47:52.365247367Z   File "/usr/local/lib/python3.13/site-packages/sqlalchemy/pool/base.py", line 1272, in _checkout
2026-09-09T19:47:52.365249281Z     fairy = _ConnectionRecord.checkout(pool)
2026-09-09T19:47:52.365251215Z   File "/usr/local/lib/python3.13/site-packages/sqlalchemy/pool/base.py", line 712, in checkout
2026-09-09T19:47:52.365253129Z     rec = pool._do_get()
2026-09-09T19:47:52.365255052Z   File "/usr/local/lib/python3.13/site-packages/sqlalchemy/pool/impl.py", line 167, in _do_get
2026-09-09T19:47:52.365256966Z     raise exc.TimeoutError(
2026-09-09T19:47:52.365258900Z     ...<4 lines>...
2026-09-09T19:47:52.365260834Z     )
2026-09-09T19:47:52.365263409Z sqlalchemy.exc.TimeoutError: QueuePool limit of size 5 overflow 10 reached, connection timed out, timeout 30.00 (Background on this error at: https://sqlalche.me/e/20/3o7r)
2026-09-09T19:47:52.553970174Z ERROR:    Exception in ASGI application
2026-09-09T19:47:52.554002057Z Traceback (most recent call last):
2026-09-09T19:47:52.554004812Z   File "/usr/local/lib/python3.13/site-packages/uvicorn/protocols/http/httptools_impl.py", line 421, in run_asgi
2026-09-09T19:47:52.554007427Z     result = await app(  # type: ignore[func-returns-value]
2026-09-09T19:47:52.554009361Z              ^^^^^^^^^^^^^^^^^^^^^^^^^^^^^^^^^^^^^^^^^^^^^^
2026-09-09T19:47:52.554011295Z         self.scope, self.receive, self.send
2026-09-09T19:47:52.554013399Z         ^^^^^^^^^^^^^^^^^^^^^^^^^^^^^^^^^^^
2026-09-09T19:47:52.554015363Z     )
2026-09-09T19:47:52.554017327Z     ^
2026-09-09T19:47:52.554019281Z   File "/usr/local/lib/python3.13/site-packages/uvicorn/middleware/proxy_headers.py", line 63, in __call__
2026-09-09T19:47:52.554022006Z     return await self.app(scope, receive, send)
2026-09-09T19:47:52.554023970Z            ^^^^^^^^^^^^^^^^^^^^^^^^^^^^^^^^^^^^
2026-09-09T19:47:52.554026715Z   File "/usr/local/lib/python3.13/site-packages/fastapi/applications.py", line 1159, in __call__
2026-09-09T19:47:52.554028669Z     await super().__call__(scope, receive, send)
2026-09-09T19:47:52.554030643Z   File "/usr/local/lib/python3.13/site-packages/starlette/applications.py", line 107, in __call__
2026-09-09T19:47:52.554032577Z     await self.middleware_stack(scope, receive, send)
2026-09-09T19:47:52.554034511Z   File "/usr/local/lib/python3.13/site-packages/starlette/middleware/errors.py", line 186, in __call__
2026-09-09T19:47:52.554036494Z     raise exc
2026-09-09T19:47:52.554038438Z   File "/usr/local/lib/python3.13/site-packages/starlette/middleware/errors.py", line 164, in __call__
2026-09-09T19:47:52.554040382Z     await self.app(scope, receive, _send)
2026-09-09T19:47:52.554042887Z   File "/usr/local/lib/python3.13/site-packages/opentelemetry/instrumentation/asgi/__init__.py", line 806, in __call__
2026-09-09T19:47:52.554044821Z     await self.app(scope, otel_receive, otel_send)
2026-09-09T19:47:52.554047015Z   File "/usr/local/lib/python3.13/site-packages/starlette/middleware/errors.py", line 186, in __call__
2026-09-09T19:47:52.554048969Z     raise exc
2026-09-09T19:47:52.554050953Z   File "/usr/local/lib/python3.13/site-packages/starlette/middleware/errors.py", line 164, in __call__
2026-09-09T19:47:52.554052907Z     await self.app(scope, receive, _send)
2026-09-09T19:47:52.554054851Z   File "/usr/local/lib/python3.13/site-packages/opentelemetry/instrumentation/fastapi/__init__.py", line 305, in __call__
2026-09-09T19:47:52.554073858Z     await self.app(scope, receive, send)
2026-09-09T19:47:52.554075972Z   File "/usr/local/lib/python3.13/site-packages/prometheus_fastapi_instrumentator/middleware.py", line 177, in __call__
2026-09-09T19:47:52.554077906Z     raise exc
2026-09-09T19:47:52.554079850Z   File "/usr/local/lib/python3.13/site-packages/prometheus_fastapi_instrumentator/middleware.py", line 175, in __call__
2026-09-09T19:47:52.554081774Z     await self.app(scope, receive, send_wrapper)
2026-09-09T19:47:52.554083738Z   File "/usr/local/lib/python3.13/site-packages/starlette/middleware/exceptions.py", line 63, in __call__
2026-09-09T19:47:52.554086253Z     await wrap_app_handling_exceptions(self.app, conn)(scope, receive, send)
2026-09-09T19:47:52.554088197Z   File "/usr/local/lib/python3.13/site-packages/starlette/_exception_handler.py", line 53, in wrapped_app
2026-09-09T19:47:52.554090110Z     raise exc
2026-09-09T19:47:52.554092044Z   File "/usr/local/lib/python3.13/site-packages/starlette/_exception_handler.py", line 42, in wrapped_app
2026-09-09T19:47:52.554093998Z     await app(scope, receive, sender)
2026-09-09T19:47:52.554096032Z   File "/usr/local/lib/python3.13/site-packages/fastapi/middleware/asyncexitstack.py", line 18, in __call__
2026-09-09T19:47:52.554097956Z     await self.app(scope, receive, send)
2026-09-09T19:47:52.554099930Z   File "/usr/local/lib/python3.13/site-packages/starlette/routing.py", line 716, in __call__
2026-09-09T19:47:52.554101863Z     await self.middleware_stack(scope, receive, send)
2026-09-09T19:47:52.554103807Z   File "/usr/local/lib/python3.13/site-packages/starlette/routing.py", line 736, in app
2026-09-09T19:47:52.554105741Z     await route.handle(scope, receive, send)
2026-09-09T19:47:52.554107655Z   File "/usr/local/lib/python3.13/site-packages/starlette/routing.py", line 290, in handle
2026-09-09T19:47:52.554109579Z     await self.app(scope, receive, send)
2026-09-09T19:47:52.554111533Z   File "/usr/local/lib/python3.13/site-packages/fastapi/routing.py", line 134, in app
2026-09-09T19:47:52.554113466Z     await wrap_app_handling_exceptions(app, request)(scope, receive, send)
2026-09-09T19:47:52.554115510Z   File "/usr/local/lib/python3.13/site-packages/starlette/_exception_handler.py", line 53, in wrapped_app
2026-09-09T19:47:52.554117504Z     raise exc
2026-09-09T19:47:52.554119428Z   File "/usr/local/lib/python3.13/site-packages/starlette/_exception_handler.py", line 42, in wrapped_app
2026-09-09T19:47:52.554121362Z     await app(scope, receive, sender)
2026-09-09T19:47:52.554123286Z   File "/usr/local/lib/python3.13/site-packages/fastapi/routing.py", line 120, in app
2026-09-09T19:47:52.554125861Z     response = await f(request)
2026-09-09T19:47:52.554127835Z                ^^^^^^^^^^^^^^^^
2026-09-09T19:47:52.554129829Z   File "/usr/local/lib/python3.13/site-packages/fastapi/routing.py", line 674, in app
2026-09-09T19:47:52.554131752Z     raw_response = await run_endpoint_function(
2026-09-09T19:47:52.554133686Z                    ^^^^^^^^^^^^^^^^^^^^^^^^^^^^
2026-09-09T19:47:52.554136552Z     ...<3 lines>...
2026-09-09T19:47:52.554138506Z     )
2026-09-09T19:47:52.554140440Z     ^
2026-09-09T19:47:52.554142383Z   File "/usr/local/lib/python3.13/site-packages/fastapi/routing.py", line 330, in run_endpoint_function
2026-09-09T19:47:52.554144347Z     return await run_in_threadpool(dependant.call, **values)
2026-09-09T19:47:52.554146271Z            ^^^^^^^^^^^^^^^^^^^^^^^^^^^^^^^^^^^^^^^^^^^^^^^^^
2026-09-09T19:47:52.554177843Z   File "/usr/local/lib/python3.13/site-packages/starlette/concurrency.py", line 32, in run_in_threadpool
2026-09-09T19:47:52.554199636Z     return await anyio.to_thread.run_sync(func)
2026-09-09T19:47:52.554201761Z            ^^^^^^^^^^^^^^^^^^^^^^^^^^^^^^^^^^^^
2026-09-09T19:47:52.554203684Z   File "/usr/local/lib/python3.13/site-packages/anyio/to_thread.py", line 63, in run_sync
2026-09-09T19:47:52.554205628Z     return await get_async_backend().run_sync_in_worker_thread(
2026-09-09T19:47:52.554207642Z            ^^^^^^^^^^^^^^^^^^^^^^^^^^^^^^^^^^^^^^^^^^^^^^^^^^^^
2026-09-09T19:47:52.554209636Z         func, args, abandon_on_cancel=abandon_on_cancel, limiter=limiter
2026-09-09T19:47:52.554211590Z         ^^^^^^^^^^^^^^^^^^^^^^^^^^^^^^^^^^^^^^^^^^^^^^^^^^^^^^^^^^^^^^^^
2026-09-09T19:47:52.554213524Z     )
2026-09-09T19:47:52.554215448Z     ^
2026-09-09T19:47:52.554217422Z   File "/usr/local/lib/python3.13/site-packages/anyio/_backends/_asyncio.py", line 2518, in run_sync_in_worker_thread
2026-09-09T19:47:52.554219365Z     return await future
2026-09-09T19:47:52.554221279Z            ^^^^^^^^^^^^
2026-09-09T19:47:52.554223243Z   File "/usr/local/lib/python3.13/site-packages/anyio/_backends/_asyncio.py", line 1002, in run
2026-09-09T19:47:52.554225197Z     result = context.run(func, *args)
2026-09-09T19:47:52.554227131Z   File "/app/app/routers/orders.py", line 36, in checkout
2026-09-09T19:47:52.554229054Z     return create_order(
2026-09-09T19:47:52.554231018Z         db=db,
2026-09-09T19:47:52.554232962Z     ...<2 lines>...
2026-09-09T19:47:52.554234896Z         correlation_id=correlation_id,
2026-09-09T19:47:52.554236820Z     )
2026-09-09T19:47:52.554238804Z   File "/app/app/services/order_service.py", line 42, in create_order
2026-09-09T19:47:52.554240768Z     result = db.execute(
2026-09-09T19:47:52.554242701Z         select(ProductModel).where(ProductModel.id == product_id)
2026-09-09T19:47:52.554244635Z     )
2026-09-09T19:47:52.554251799Z   File "/usr/local/lib/python3.13/site-packages/sqlalchemy/orm/session.py", line 2372, in execute
2026-09-09T19:47:52.554254044Z     return self._execute_internal(
2026-09-09T19:47:52.554255978Z            ~~~~~~~~~~~~~~~~~~~~~~^
2026-09-09T19:47:52.554257931Z         statement,
2026-09-09T19:47:52.554259965Z         ^^^^^^^^^^
2026-09-09T19:47:52.554261869Z     ...<4 lines>...
2026-09-09T19:47:52.554263783Z         _add_event=_add_event,
2026-09-09T19:47:52.554265687Z         ^^^^^^^^^^^^^^^^^^^^^^
2026-09-09T19:47:52.554267581Z     )
2026-09-09T19:47:52.554269494Z     ^
2026-09-09T19:47:52.554271428Z   File "/usr/local/lib/python3.13/site-packages/sqlalchemy/orm/session.py", line 2260, in _execute_internal
2026-09-09T19:47:52.554273352Z     conn = self._connection_for_bind(bind)
2026-09-09T19:47:52.554275316Z   File "/usr/local/lib/python3.13/site-packages/sqlalchemy/orm/session.py", line 2112, in _connection_for_bind
2026-09-09T19:47:52.554277260Z     return trans._connection_for_bind(engine, execution_options)
2026-09-09T19:47:52.554279183Z            ~~~~~~~~~~~~~~~~~~~~~~~~~~^^^^^^^^^^^^^^^^^^^^^^^^^^^
2026-09-09T19:47:52.554281107Z   File "<string>", line 2, in _connection_for_bind
2026-09-09T19:47:52.554283031Z   File "/usr/local/lib/python3.13/site-packages/sqlalchemy/orm/state_changes.py", line 137, in _go
2026-09-09T19:47:52.554285015Z     ret_value = fn(self, *arg, **kw)
2026-09-09T19:47:52.554286939Z   File "/usr/local/lib/python3.13/site-packages/sqlalchemy/orm/session.py", line 1191, in _connection_for_bind
2026-09-09T19:47:52.554288852Z     conn = bind.connect()
2026-09-09T19:47:52.554309543Z   File "/usr/local/lib/python3.13/site-packages/opentelemetry/instrumentation/sqlalchemy/engine.py", line 200, in _wrap_connect_internal
2026-09-09T19:47:52.554314393Z     return func(*args, **kwargs)
2026-09-09T19:47:52.554324322Z   File "/usr/local/lib/python3.13/site-packages/sqlalchemy/engine/base.py", line 3295, in connect
2026-09-09T19:47:52.554326477Z     return self._connection_cls(self)
2026-09-09T19:47:52.554328421Z            ~~~~~~~~~~~~~~~~~~~~^^^^^^
2026-09-09T19:47:52.554330344Z   File "/usr/local/lib/python3.13/site-packages/sqlalchemy/engine/base.py", line 144, in __init__
2026-09-09T19:47:52.554332268Z     self._dbapi_connection = engine.raw_connection()
2026-09-09T19:47:52.554334182Z                              ~~~~~~~~~~~~~~~~~~~~~^^
2026-09-09T19:47:52.554336126Z   File "/usr/local/lib/python3.13/site-packages/sqlalchemy/engine/base.py", line 3319, in raw_connection
2026-09-09T19:47:52.554338040Z     return self.pool.connect()
2026-09-09T19:47:52.554339973Z            ~~~~~~~~~~~~~~~~~^^
2026-09-09T19:47:52.554341917Z   File "/usr/local/lib/python3.13/site-packages/sqlalchemy/pool/base.py", line 448, in connect
2026-09-09T19:47:52.554343831Z     return _ConnectionFairy._checkout(self)
2026-09-09T19:47:52.554345735Z            ~~~~~~~~~~~~~~~~~~~~~~~~~~^^^^^^
2026-09-09T19:47:52.554347659Z   File "/usr/local/lib/python3.13/site-packages/sqlalchemy/pool/base.py", line 1272, in _checkout
2026-09-09T19:47:52.554349622Z     fairy = _ConnectionRecord.checkout(pool)
2026-09-09T19:47:52.554351566Z   File "/usr/local/lib/python3.13/site-packages/sqlalchemy/pool/base.py", line 712, in checkout
2026-09-09T19:47:52.554353500Z     rec = pool._do_get()
2026-09-09T19:47:52.554355504Z   File "/usr/local/lib/python3.13/site-packages/sqlalchemy/pool/impl.py", line 167, in _do_get
2026-09-09T19:47:52.554357438Z     raise exc.TimeoutError(
2026-09-09T19:47:52.554359372Z     ...<4 lines>...
2026-09-09T19:47:52.554361305Z     )
2026-09-09T19:47:52.554363850Z sqlalchemy.exc.TimeoutError: QueuePool limit of size 5 overflow 10 reached, connection timed out, timeout 30.00 (Background on this error at: https://sqlalche.me/e/20/3o7r)
2026-09-09T19:47:52.693162251Z ERROR:    Exception in ASGI application
2026-09-09T19:47:52.693195858Z Traceback (most recent call last):
2026-09-09T19:47:52.693198653Z   File "/usr/local/lib/python3.13/site-packages/uvicorn/protocols/http/httptools_impl.py", line 421, in run_asgi
2026-09-09T19:47:52.693201168Z     result = await app(  # type: ignore[func-returns-value]
2026-09-09T19:47:52.693203112Z              ^^^^^^^^^^^^^^^^^^^^^^^^^^^^^^^^^^^^^^^^^^^^^^
2026-09-09T19:47:52.693205066Z         self.scope, self.receive, self.send
2026-09-09T19:47:52.693207010Z         ^^^^^^^^^^^^^^^^^^^^^^^^^^^^^^^^^^^
2026-09-09T19:47:52.693208953Z     )
2026-09-09T19:47:52.693210997Z     ^
2026-09-09T19:47:52.693212971Z   File "/usr/local/lib/python3.13/site-packages/uvicorn/middleware/proxy_headers.py", line 63, in __call__
2026-09-09T19:47:52.693214925Z     return await self.app(scope, receive, send)
2026-09-09T19:47:52.693216849Z            ^^^^^^^^^^^^^^^^^^^^^^^^^^^^^^^^^^^^
2026-09-09T19:47:52.693219414Z   File "/usr/local/lib/python3.13/site-packages/fastapi/applications.py", line 1159, in __call__
2026-09-09T19:47:52.693221348Z     await super().__call__(scope, receive, send)
2026-09-09T19:47:52.693223272Z   File "/usr/local/lib/python3.13/site-packages/starlette/applications.py", line 107, in __call__
2026-09-09T19:47:52.693225195Z     await self.middleware_stack(scope, receive, send)
2026-09-09T19:47:52.693227179Z   File "/usr/local/lib/python3.13/site-packages/starlette/middleware/errors.py", line 186, in __call__
2026-09-09T19:47:52.693229163Z     raise exc
2026-09-09T19:47:52.693231117Z   File "/usr/local/lib/python3.13/site-packages/starlette/middleware/errors.py", line 164, in __call__
2026-09-09T19:47:52.693253010Z     await self.app(scope, receive, _send)
2026-09-09T19:47:52.693255746Z   File "/usr/local/lib/python3.13/site-packages/opentelemetry/instrumentation/asgi/__init__.py", line 806, in __call__
2026-09-09T19:47:52.693257820Z     await self.app(scope, otel_receive, otel_send)
2026-09-09T19:47:52.693259774Z   File "/usr/local/lib/python3.13/site-packages/starlette/middleware/errors.py", line 186, in __call__
2026-09-09T19:47:52.693261718Z     raise exc
2026-09-09T19:47:52.693263681Z   File "/usr/local/lib/python3.13/site-packages/starlette/middleware/errors.py", line 164, in __call__
2026-09-09T19:47:52.693265625Z     await self.app(scope, receive, _send)
2026-09-09T19:47:52.693267559Z   File "/usr/local/lib/python3.13/site-packages/opentelemetry/instrumentation/fastapi/__init__.py", line 305, in __call__
2026-09-09T19:47:52.693269473Z     await self.app(scope, receive, send)
2026-09-09T19:47:52.693271397Z   File "/usr/local/lib/python3.13/site-packages/prometheus_fastapi_instrumentator/middleware.py", line 177, in __call__
2026-09-09T19:47:52.693273330Z     raise exc
2026-09-09T19:47:52.693275274Z   File "/usr/local/lib/python3.13/site-packages/prometheus_fastapi_instrumentator/middleware.py", line 175, in __call__
2026-09-09T19:47:52.693277198Z     await self.app(scope, receive, send_wrapper)
2026-09-09T19:47:52.693279152Z   File "/usr/local/lib/python3.13/site-packages/starlette/middleware/exceptions.py", line 63, in __call__
2026-09-09T19:47:52.693281717Z     await wrap_app_handling_exceptions(self.app, conn)(scope, receive, send)
2026-09-09T19:47:52.693283641Z   File "/usr/local/lib/python3.13/site-packages/starlette/_exception_handler.py", line 53, in wrapped_app
2026-09-09T19:47:52.693285565Z     raise exc
2026-09-09T19:47:52.693287478Z   File "/usr/local/lib/python3.13/site-packages/starlette/_exception_handler.py", line 42, in wrapped_app
2026-09-09T19:47:52.693289402Z     await app(scope, receive, sender)
2026-09-09T19:47:52.693291316Z   File "/usr/local/lib/python3.13/site-packages/fastapi/middleware/asyncexitstack.py", line 18, in __call__
2026-09-09T19:47:52.693293590Z     await self.app(scope, receive, send)
2026-09-09T19:47:52.693295584Z   File "/usr/local/lib/python3.13/site-packages/starlette/routing.py", line 716, in __call__
2026-09-09T19:47:52.693297538Z     await self.middleware_stack(scope, receive, send)
2026-09-09T19:47:52.693299472Z   File "/usr/local/lib/python3.13/site-packages/starlette/routing.py", line 736, in app
2026-09-09T19:47:52.693301386Z     await route.handle(scope, receive, send)
2026-09-09T19:47:52.693303310Z   File "/usr/local/lib/python3.13/site-packages/starlette/routing.py", line 290, in handle
2026-09-09T19:47:52.693305253Z     await self.app(scope, receive, send)
2026-09-09T19:47:52.693307177Z   File "/usr/local/lib/python3.13/site-packages/fastapi/routing.py", line 134, in app
2026-09-09T19:47:52.693309091Z     await wrap_app_handling_exceptions(app, request)(scope, receive, send)
2026-09-09T19:47:52.693311045Z   File "/usr/local/lib/python3.13/site-packages/starlette/_exception_handler.py", line 53, in wrapped_app
2026-09-09T19:47:52.693312979Z     raise exc
2026-09-09T19:47:52.693314902Z   File "/usr/local/lib/python3.13/site-packages/starlette/_exception_handler.py", line 42, in wrapped_app
2026-09-09T19:47:52.693316836Z     await app(scope, receive, sender)
2026-09-09T19:47:52.693318760Z   File "/usr/local/lib/python3.13/site-packages/fastapi/routing.py", line 120, in app
2026-09-09T19:47:52.693321295Z     response = await f(request)
2026-09-09T19:47:52.693323239Z                ^^^^^^^^^^^^^^^^
2026-09-09T19:47:52.693325163Z   File "/usr/local/lib/python3.13/site-packages/fastapi/routing.py", line 674, in app
2026-09-09T19:47:52.693327317Z     raw_response = await run_endpoint_function(
2026-09-09T19:47:52.693334291Z                    ^^^^^^^^^^^^^^^^^^^^^^^^^^^^
2026-09-09T19:47:52.693336886Z     ...<3 lines>...
2026-09-09T19:47:52.693338820Z     )
2026-09-09T19:47:52.693340784Z     ^
2026-09-09T19:47:52.693342717Z   File "/usr/local/lib/python3.13/site-packages/fastapi/routing.py", line 330, in run_endpoint_function
2026-09-09T19:47:52.693344651Z     return await run_in_threadpool(dependant.call, **values)
2026-09-09T19:47:52.693346585Z            ^^^^^^^^^^^^^^^^^^^^^^^^^^^^^^^^^^^^^^^^^^^^^^^^^
2026-09-09T19:47:52.693376895Z   File "/usr/local/lib/python3.13/site-packages/starlette/concurrency.py", line 32, in run_in_threadpool
2026-09-09T19:47:52.693381614Z     return await anyio.to_thread.run_sync(func)
2026-09-09T19:47:52.693383618Z            ^^^^^^^^^^^^^^^^^^^^^^^^^^^^^^^^^^^^
2026-09-09T19:47:52.693385522Z   File "/usr/local/lib/python3.13/site-packages/anyio/to_thread.py", line 63, in run_sync
2026-09-09T19:47:52.693387466Z     return await get_async_backend().run_sync_in_worker_thread(
2026-09-09T19:47:52.693389399Z            ^^^^^^^^^^^^^^^^^^^^^^^^^^^^^^^^^^^^^^^^^^^^^^^^^^^^
2026-09-09T19:47:52.693391333Z         func, args, abandon_on_cancel=abandon_on_cancel, limiter=limiter
2026-09-09T19:47:52.693393317Z         ^^^^^^^^^^^^^^^^^^^^^^^^^^^^^^^^^^^^^^^^^^^^^^^^^^^^^^^^^^^^^^^^
2026-09-09T19:47:52.693395251Z     )
2026-09-09T19:47:52.693397175Z     ^
2026-09-09T19:47:52.693399149Z   File "/usr/local/lib/python3.13/site-packages/anyio/_backends/_asyncio.py", line 2518, in run_sync_in_worker_thread
2026-09-09T19:47:52.693401073Z     return await future
2026-09-09T19:47:52.693402996Z            ^^^^^^^^^^^^
2026-09-09T19:47:52.693404910Z   File "/usr/local/lib/python3.13/site-packages/anyio/_backends/_asyncio.py", line 1002, in run
2026-09-09T19:47:52.693406844Z     result = context.run(func, *args)
2026-09-09T19:47:52.693408808Z   File "/app/app/routers/orders.py", line 36, in checkout
2026-09-09T19:47:52.693410742Z     return create_order(
2026-09-09T19:47:52.693412695Z         db=db,
2026-09-09T19:47:52.693414629Z     ...<2 lines>...
2026-09-09T19:47:52.693416623Z         correlation_id=correlation_id,
2026-09-09T19:47:52.693418547Z     )
2026-09-09T19:47:52.693420511Z   File "/app/app/services/order_service.py", line 42, in create_order
2026-09-09T19:47:52.693422445Z     result = db.execute(
2026-09-09T19:47:52.693424399Z         select(ProductModel).where(ProductModel.id == product_id)
2026-09-09T19:47:52.693426322Z     )
2026-09-09T19:47:52.693428266Z   File "/usr/local/lib/python3.13/site-packages/sqlalchemy/orm/session.py", line 2372, in execute
2026-09-09T19:47:52.693430190Z     return self._execute_internal(
2026-09-09T19:47:52.693432134Z            ~~~~~~~~~~~~~~~~~~~~~~^
2026-09-09T19:47:52.693434088Z         statement,
2026-09-09T19:47:52.693436102Z         ^^^^^^^^^^
2026-09-09T19:47:52.693438096Z     ...<4 lines>...
2026-09-09T19:47:52.693440049Z         _add_event=_add_event,
2026-09-09T19:47:52.693441973Z         ^^^^^^^^^^^^^^^^^^^^^^
2026-09-09T19:47:52.693443877Z     )
2026-09-09T19:47:52.693445791Z     ^
2026-09-09T19:47:52.693447725Z   File "/usr/local/lib/python3.13/site-packages/sqlalchemy/orm/session.py", line 2260, in _execute_internal
2026-09-09T19:47:52.693452324Z     conn = self._connection_for_bind(bind)
2026-09-09T19:47:52.693454338Z   File "/usr/local/lib/python3.13/site-packages/sqlalchemy/orm/session.py", line 2112, in _connection_for_bind
2026-09-09T19:47:52.693456322Z     return trans._connection_for_bind(engine, execution_options)
2026-09-09T19:47:52.693460901Z            ~~~~~~~~~~~~~~~~~~~~~~~~~~^^^^^^^^^^^^^^^^^^^^^^^^^^^
2026-09-09T19:47:52.693471171Z   File "<string>", line 2, in _connection_for_bind
2026-09-09T19:47:52.693473235Z   File "/usr/local/lib/python3.13/site-packages/sqlalchemy/orm/state_changes.py", line 137, in _go
2026-09-09T19:47:52.693475179Z     ret_value = fn(self, *arg, **kw)
2026-09-09T19:47:52.693477123Z   File "/usr/local/lib/python3.13/site-packages/sqlalchemy/orm/session.py", line 1191, in _connection_for_bind
2026-09-09T19:47:52.693479056Z     conn = bind.connect()
2026-09-09T19:47:52.693481251Z   File "/usr/local/lib/python3.13/site-packages/opentelemetry/instrumentation/sqlalchemy/engine.py", line 200, in _wrap_connect_internal
2026-09-09T19:47:52.693483205Z     return func(*args, **kwargs)
2026-09-09T19:47:52.693485168Z   File "/usr/local/lib/python3.13/site-packages/sqlalchemy/engine/base.py", line 3295, in connect
2026-09-09T19:47:52.693487112Z     return self._connection_cls(self)
2026-09-09T19:47:52.693489026Z            ~~~~~~~~~~~~~~~~~~~~^^^^^^
2026-09-09T19:47:52.693490960Z   File "/usr/local/lib/python3.13/site-packages/sqlalchemy/engine/base.py", line 144, in __init__
2026-09-09T19:47:52.693494637Z     self._dbapi_connection = engine.raw_connection()
2026-09-09T19:47:52.693496601Z                              ~~~~~~~~~~~~~~~~~~~~~^^
2026-09-09T19:47:52.693498595Z   File "/usr/local/lib/python3.13/site-packages/sqlalchemy/engine/base.py", line 3319, in raw_connection
2026-09-09T19:47:52.693500529Z     return self.pool.connect()
2026-09-09T19:47:52.693502493Z            ~~~~~~~~~~~~~~~~~^^
2026-09-09T19:47:52.693504437Z   File "/usr/local/lib/python3.13/site-packages/sqlalchemy/pool/base.py", line 448, in connect
2026-09-09T19:47:52.693506420Z     return _ConnectionFairy._checkout(self)
2026-09-09T19:47:52.693508354Z            ~~~~~~~~~~~~~~~~~~~~~~~~~~^^^^^^
2026-09-09T19:47:52.693510278Z   File "/usr/local/lib/python3.13/site-packages/sqlalchemy/pool/base.py", line 1272, in _checkout
2026-09-09T19:47:52.693512202Z     fairy = _ConnectionRecord.checkout(pool)
2026-09-09T19:47:52.693514126Z   File "/usr/local/lib/python3.13/site-packages/sqlalchemy/pool/base.py", line 712, in checkout
2026-09-09T19:47:52.693516059Z     rec = pool._do_get()
2026-09-09T19:47:52.693518013Z   File "/usr/local/lib/python3.13/site-packages/sqlalchemy/pool/impl.py", line 167, in _do_get
2026-09-09T19:47:52.693519947Z     raise exc.TimeoutError(
2026-09-09T19:47:52.693521881Z     ...<4 lines>...
2026-09-09T19:47:52.693523835Z     )
2026-09-09T19:47:52.693529346Z sqlalchemy.exc.TimeoutError: QueuePool limit of size 5 overflow 10 reached, connection timed out, timeout 30.00 (Background on this error at: https://sqlalche.me/e/20/3o7r)
2026-09-09T19:47:52.727806305Z ERROR:    Exception in ASGI application
2026-09-09T19:47:52.727850622Z Traceback (most recent call last):
2026-09-09T19:47:52.727856784Z   File "/usr/local/lib/python3.13/site-packages/uvicorn/protocols/http/httptools_impl.py", line 421, in run_asgi
2026-09-09T19:47:52.727861874Z     result = await app(  # type: ignore[func-returns-value]
2026-09-09T19:47:52.727866283Z              ^^^^^^^^^^^^^^^^^^^^^^^^^^^^^^^^^^^^^^^^^^^^^^
2026-09-09T19:47:52.727871383Z         self.scope, self.receive, self.send
2026-09-09T19:47:52.727875862Z         ^^^^^^^^^^^^^^^^^^^^^^^^^^^^^^^^^^^
2026-09-09T19:47:52.727880331Z     )
2026-09-09T19:47:52.727884820Z     ^
2026-09-09T19:47:52.727889338Z   File "/usr/local/lib/python3.13/site-packages/uvicorn/middleware/proxy_headers.py", line 63, in __call__
2026-09-09T19:47:52.727898186Z     return await self.app(scope, receive, send)
2026-09-09T19:47:52.727902695Z            ^^^^^^^^^^^^^^^^^^^^^^^^^^^^^^^^^^^^
2026-09-09T19:47:52.727907795Z   File "/usr/local/lib/python3.13/site-packages/fastapi/applications.py", line 1159, in __call__
2026-09-09T19:47:52.727938245Z     await super().__call__(scope, receive, send)
2026-09-09T19:47:52.727942864Z   File "/usr/local/lib/python3.13/site-packages/starlette/applications.py", line 107, in __call__
2026-09-09T19:47:52.727947293Z     await self.middleware_stack(scope, receive, send)
2026-09-09T19:47:52.727951701Z   File "/usr/local/lib/python3.13/site-packages/starlette/middleware/errors.py", line 186, in __call__
2026-09-09T19:47:52.727956170Z     raise exc
2026-09-09T19:47:52.727960659Z   File "/usr/local/lib/python3.13/site-packages/starlette/middleware/errors.py", line 164, in __call__
2026-09-09T19:47:52.727965158Z     await self.app(scope, receive, _send)
2026-09-09T19:47:52.727970318Z   File "/usr/local/lib/python3.13/site-packages/opentelemetry/instrumentation/asgi/__init__.py", line 806, in __call__
2026-09-09T19:47:52.727974787Z     await self.app(scope, otel_receive, otel_send)
2026-09-09T19:47:52.727979446Z   File "/usr/local/lib/python3.13/site-packages/starlette/middleware/errors.py", line 186, in __call__
2026-09-09T19:47:52.727983855Z     raise exc
2026-09-09T19:47:52.727988244Z   File "/usr/local/lib/python3.13/site-packages/starlette/middleware/errors.py", line 164, in __call__
2026-09-09T19:47:52.727992652Z     await self.app(scope, receive, _send)
2026-09-09T19:47:52.727997101Z   File "/usr/local/lib/python3.13/site-packages/opentelemetry/instrumentation/fastapi/__init__.py", line 305, in __call__
2026-09-09T19:47:52.728001520Z     await self.app(scope, receive, send)
2026-09-09T19:47:52.728005939Z   File "/usr/local/lib/python3.13/site-packages/prometheus_fastapi_instrumentator/middleware.py", line 177, in __call__
2026-09-09T19:47:52.728010337Z     raise exc
2026-09-09T19:47:52.728014726Z   File "/usr/local/lib/python3.13/site-packages/prometheus_fastapi_instrumentator/middleware.py", line 175, in __call__
2026-09-09T19:47:52.728019125Z     await self.app(scope, receive, send_wrapper)
2026-09-09T19:47:52.728023543Z   File "/usr/local/lib/python3.13/site-packages/starlette/middleware/exceptions.py", line 63, in __call__
2026-09-09T19:47:52.728028523Z     await wrap_app_handling_exceptions(self.app, conn)(scope, receive, send)
2026-09-09T19:47:52.728032972Z   File "/usr/local/lib/python3.13/site-packages/starlette/_exception_handler.py", line 53, in wrapped_app
2026-09-09T19:47:52.728037371Z     raise exc
2026-09-09T19:47:52.728041779Z   File "/usr/local/lib/python3.13/site-packages/starlette/_exception_handler.py", line 42, in wrapped_app
2026-09-09T19:47:52.728046188Z     await app(scope, receive, sender)
2026-09-09T19:47:52.728050587Z   File "/usr/local/lib/python3.13/site-packages/fastapi/middleware/asyncexitstack.py", line 18, in __call__
2026-09-09T19:47:52.728055005Z     await self.app(scope, receive, send)
2026-09-09T19:47:52.728059424Z   File "/usr/local/lib/python3.13/site-packages/starlette/routing.py", line 716, in __call__
2026-09-09T19:47:52.728063833Z     await self.middleware_stack(scope, receive, send)
2026-09-09T19:47:52.728068332Z   File "/usr/local/lib/python3.13/site-packages/starlette/routing.py", line 736, in app
2026-09-09T19:47:52.728072740Z     await route.handle(scope, receive, send)
2026-09-09T19:47:52.728077149Z   File "/usr/local/lib/python3.13/site-packages/starlette/routing.py", line 290, in handle
2026-09-09T19:47:52.728081568Z     await self.app(scope, receive, send)
2026-09-09T19:47:52.728085956Z   File "/usr/local/lib/python3.13/site-packages/fastapi/routing.py", line 134, in app
2026-09-09T19:47:52.728090345Z     await wrap_app_handling_exceptions(app, request)(scope, receive, send)
2026-09-09T19:47:52.728094764Z   File "/usr/local/lib/python3.13/site-packages/starlette/_exception_handler.py", line 53, in wrapped_app
2026-09-09T19:47:52.728109984Z     raise exc
2026-09-09T19:47:52.728114573Z   File "/usr/local/lib/python3.13/site-packages/starlette/_exception_handler.py", line 42, in wrapped_app
2026-09-09T19:47:52.728118982Z     await app(scope, receive, sender)
2026-09-09T19:47:52.728123400Z   File "/usr/local/lib/python3.13/site-packages/fastapi/routing.py", line 120, in app
2026-09-09T19:47:52.728128520Z     response = await f(request)
2026-09-09T19:47:52.728132959Z                ^^^^^^^^^^^^^^^^
2026-09-09T19:47:52.728137328Z   File "/usr/local/lib/python3.13/site-packages/fastapi/routing.py", line 674, in app
2026-09-09T19:47:52.728141706Z     raw_response = await run_endpoint_function(
2026-09-09T19:47:52.728146115Z                    ^^^^^^^^^^^^^^^^^^^^^^^^^^^^
2026-09-09T19:47:52.728151175Z     ...<3 lines>...
2026-09-09T19:47:52.728155554Z     )
2026-09-09T19:47:52.728159952Z     ^
2026-09-09T19:47:52.728164331Z   File "/usr/local/lib/python3.13/site-packages/fastapi/routing.py", line 330, in run_endpoint_function
2026-09-09T19:47:52.728168820Z     return await run_in_threadpool(dependant.call, **values)
2026-09-09T19:47:52.728173269Z            ^^^^^^^^^^^^^^^^^^^^^^^^^^^^^^^^^^^^^^^^^^^^^^^^^
2026-09-09T19:47:52.728188088Z   File "/usr/local/lib/python3.13/site-packages/starlette/concurrency.py", line 32, in run_in_threadpool
2026-09-09T19:47:52.728192817Z     return await anyio.to_thread.run_sync(func)
2026-09-09T19:47:52.728197216Z            ^^^^^^^^^^^^^^^^^^^^^^^^^^^^^^^^^^^^
2026-09-09T19:47:52.728201605Z   File "/usr/local/lib/python3.13/site-packages/anyio/to_thread.py", line 63, in run_sync
2026-09-09T19:47:52.728206234Z     return await get_async_backend().run_sync_in_worker_thread(
2026-09-09T19:47:52.728210642Z            ^^^^^^^^^^^^^^^^^^^^^^^^^^^^^^^^^^^^^^^^^^^^^^^^^^^^
2026-09-09T19:47:52.728215011Z         func, args, abandon_on_cancel=abandon_on_cancel, limiter=limiter
2026-09-09T19:47:52.728219460Z         ^^^^^^^^^^^^^^^^^^^^^^^^^^^^^^^^^^^^^^^^^^^^^^^^^^^^^^^^^^^^^^^^
2026-09-09T19:47:52.728223939Z     )
2026-09-09T19:47:52.728228377Z     ^
2026-09-09T19:47:52.728232766Z   File "/usr/local/lib/python3.13/site-packages/anyio/_backends/_asyncio.py", line 2518, in run_sync_in_worker_thread
2026-09-09T19:47:52.728237235Z     return await future
2026-09-09T19:47:52.728241634Z            ^^^^^^^^^^^^
2026-09-09T19:47:52.728245992Z   File "/usr/local/lib/python3.13/site-packages/anyio/_backends/_asyncio.py", line 1002, in run
2026-09-09T19:47:52.728328275Z     result = context.run(func, *args)
2026-09-09T19:47:52.728333705Z   File "/app/app/routers/orders.py", line 36, in checkout
2026-09-09T19:47:52.728338214Z     return create_order(
2026-09-09T19:47:52.728342673Z         db=db,
2026-09-09T19:47:52.728347122Z     ...<2 lines>...
2026-09-09T19:47:52.728351520Z         correlation_id=correlation_id,
2026-09-09T19:47:52.728355899Z     )
2026-09-09T19:47:52.728360508Z   File "/app/app/services/order_service.py", line 42, in create_order
2026-09-09T19:47:52.728364897Z     result = db.execute(
2026-09-09T19:47:52.728369286Z         select(ProductModel).where(ProductModel.id == product_id)
2026-09-09T19:47:52.728373644Z     )
2026-09-09T19:47:52.728378123Z   File "/usr/local/lib/python3.13/site-packages/sqlalchemy/orm/session.py", line 2372, in execute
2026-09-09T19:47:52.728382492Z     return self._execute_internal(
2026-09-09T19:47:52.728387041Z            ~~~~~~~~~~~~~~~~~~~~~~^
2026-09-09T19:47:52.728391479Z         statement,
2026-09-09T19:47:52.728395878Z         ^^^^^^^^^^
2026-09-09T19:47:52.728400257Z     ...<4 lines>...
2026-09-09T19:47:52.728435406Z         _add_event=_add_event,
2026-09-09T19:47:52.728439955Z         ^^^^^^^^^^^^^^^^^^^^^^
2026-09-09T19:47:52.728444354Z     )
2026-09-09T19:47:52.728448722Z     ^
2026-09-09T19:47:52.728453121Z   File "/usr/local/lib/python3.13/site-packages/sqlalchemy/orm/session.py", line 2260, in _execute_internal
2026-09-09T19:47:52.728457540Z     conn = self._connection_for_bind(bind)
2026-09-09T19:47:52.728461958Z   File "/usr/local/lib/python3.13/site-packages/sqlalchemy/orm/session.py", line 2112, in _connection_for_bind
2026-09-09T19:47:52.728466367Z     return trans._connection_for_bind(engine, execution_options)
2026-09-09T19:47:52.728470726Z            ~~~~~~~~~~~~~~~~~~~~~~~~~~^^^^^^^^^^^^^^^^^^^^^^^^^^^
2026-09-09T19:47:52.728475084Z   File "<string>", line 2, in _connection_for_bind
2026-09-09T19:47:52.728479503Z   File "/usr/local/lib/python3.13/site-packages/sqlalchemy/orm/state_changes.py", line 137, in _go
2026-09-09T19:47:52.728483872Z     ret_value = fn(self, *arg, **kw)
2026-09-09T19:47:52.728491407Z   File "/usr/local/lib/python3.13/site-packages/sqlalchemy/orm/session.py", line 1191, in _connection_for_bind
2026-09-09T19:47:52.728495935Z     conn = bind.connect()
2026-09-09T19:47:52.728501046Z   File "/usr/local/lib/python3.13/site-packages/opentelemetry/instrumentation/sqlalchemy/engine.py", line 200, in _wrap_connect_internal
2026-09-09T19:47:52.728505474Z     return func(*args, **kwargs)
2026-09-09T19:47:52.728554561Z   File "/usr/local/lib/python3.13/site-packages/sqlalchemy/engine/base.py", line 3295, in connect
2026-09-09T19:47:52.728567637Z     return self._connection_cls(self)
2026-09-09T19:47:52.728572236Z            ~~~~~~~~~~~~~~~~~~~~^^^^^^
2026-09-09T19:47:52.728576695Z   File "/usr/local/lib/python3.13/site-packages/sqlalchemy/engine/base.py", line 144, in __init__
2026-09-09T19:47:52.728581083Z     self._dbapi_connection = engine.raw_connection()
2026-09-09T19:47:52.728585432Z                              ~~~~~~~~~~~~~~~~~~~~~^^
2026-09-09T19:47:52.728589821Z   File "/usr/local/lib/python3.13/site-packages/sqlalchemy/engine/base.py", line 3319, in raw_connection
2026-09-09T19:47:52.728594219Z     return self.pool.connect()
2026-09-09T19:47:52.728598658Z            ~~~~~~~~~~~~~~~~~^^
2026-09-09T19:47:52.728603317Z   File "/usr/local/lib/python3.13/site-packages/sqlalchemy/pool/base.py", line 448, in connect
2026-09-09T19:47:52.728607746Z     return _ConnectionFairy._checkout(self)
2026-09-09T19:47:52.728612145Z            ~~~~~~~~~~~~~~~~~~~~~~~~~~^^^^^^
2026-09-09T19:47:52.728619479Z   File "/usr/local/lib/python3.13/site-packages/sqlalchemy/pool/base.py", line 1272, in _checkout
2026-09-09T19:47:52.728623978Z     fairy = _ConnectionRecord.checkout(pool)
2026-09-09T19:47:52.728628367Z   File "/usr/local/lib/python3.13/site-packages/sqlalchemy/pool/base.py", line 712, in checkout
2026-09-09T19:47:52.728632826Z     rec = pool._do_get()
2026-09-09T19:47:52.728637224Z   File "/usr/local/lib/python3.13/site-packages/sqlalchemy/pool/impl.py", line 167, in _do_get
2026-09-09T19:47:52.728641613Z     raise exc.TimeoutError(
2026-09-09T19:47:52.728646062Z     ...<4 lines>...
2026-09-09T19:47:52.728650470Z     )
2026-09-09T19:47:52.728655761Z sqlalchemy.exc.TimeoutError: QueuePool limit of size 5 overflow 10 reached, connection timed out, timeout 30.00 (Background on this error at: https://sqlalche.me/e/20/3o7r)
2026-09-09T19:47:52.894324697Z ERROR:    Exception in ASGI application
2026-09-09T19:47:52.894353584Z Traceback (most recent call last):
2026-09-09T19:47:52.894356499Z   File "/usr/local/lib/python3.13/site-packages/uvicorn/protocols/http/httptools_impl.py", line 421, in run_asgi
2026-09-09T19:47:52.894359335Z     result = await app(  # type: ignore[func-returns-value]
2026-09-09T19:47:52.894377340Z              ^^^^^^^^^^^^^^^^^^^^^^^^^^^^^^^^^^^^^^^^^^^^^^
2026-09-09T19:47:52.894379545Z         self.scope, self.receive, self.send
2026-09-09T19:47:52.894381469Z         ^^^^^^^^^^^^^^^^^^^^^^^^^^^^^^^^^^^
2026-09-09T19:47:52.894383402Z     )
2026-09-09T19:47:52.894385356Z     ^
2026-09-09T19:47:52.894387320Z   File "/usr/local/lib/python3.13/site-packages/uvicorn/middleware/proxy_headers.py", line 63, in __call__
2026-09-09T19:47:52.894389264Z     return await self.app(scope, receive, send)
2026-09-09T19:47:52.894391208Z            ^^^^^^^^^^^^^^^^^^^^^^^^^^^^^^^^^^^^
2026-09-09T19:47:52.894393913Z   File "/usr/local/lib/python3.13/site-packages/fastapi/applications.py", line 1159, in __call__
2026-09-09T19:47:52.894396007Z     await super().__call__(scope, receive, send)
2026-09-09T19:47:52.894398302Z   File "/usr/local/lib/python3.13/site-packages/starlette/applications.py", line 107, in __call__
2026-09-09T19:47:52.894400226Z     await self.middleware_stack(scope, receive, send)
2026-09-09T19:47:52.894402139Z   File "/usr/local/lib/python3.13/site-packages/starlette/middleware/errors.py", line 186, in __call__
2026-09-09T19:47:52.894404103Z     raise exc
2026-09-09T19:47:52.894406067Z   File "/usr/local/lib/python3.13/site-packages/starlette/middleware/errors.py", line 164, in __call__
2026-09-09T19:47:52.894408001Z     await self.app(scope, receive, _send)
2026-09-09T19:47:52.894410636Z   File "/usr/local/lib/python3.13/site-packages/opentelemetry/instrumentation/asgi/__init__.py", line 806, in __call__
2026-09-09T19:47:52.894412570Z     await self.app(scope, otel_receive, otel_send)
2026-09-09T19:47:52.894414524Z   File "/usr/local/lib/python3.13/site-packages/starlette/middleware/errors.py", line 186, in __call__
2026-09-09T19:47:52.894416448Z     raise exc
2026-09-09T19:47:52.894418381Z   File "/usr/local/lib/python3.13/site-packages/starlette/middleware/errors.py", line 164, in __call__
2026-09-09T19:47:52.894420315Z     await self.app(scope, receive, _send)
2026-09-09T19:47:52.894422249Z   File "/usr/local/lib/python3.13/site-packages/opentelemetry/instrumentation/fastapi/__init__.py", line 305, in __call__
2026-09-09T19:47:52.894424173Z     await self.app(scope, receive, send)
2026-09-09T19:47:52.894426107Z   File "/usr/local/lib/python3.13/site-packages/prometheus_fastapi_instrumentator/middleware.py", line 177, in __call__
2026-09-09T19:47:52.894428040Z     raise exc
2026-09-09T19:47:52.894429984Z   File "/usr/local/lib/python3.13/site-packages/prometheus_fastapi_instrumentator/middleware.py", line 175, in __call__
2026-09-09T19:47:52.894431918Z     await self.app(scope, receive, send_wrapper)
2026-09-09T19:47:52.894433952Z   File "/usr/local/lib/python3.13/site-packages/starlette/middleware/exceptions.py", line 63, in __call__
2026-09-09T19:47:52.894436347Z     await wrap_app_handling_exceptions(self.app, conn)(scope, receive, send)
2026-09-09T19:47:52.894438281Z   File "/usr/local/lib/python3.13/site-packages/starlette/_exception_handler.py", line 53, in wrapped_app
2026-09-09T19:47:52.894440204Z     raise exc
2026-09-09T19:47:52.894442128Z   File "/usr/local/lib/python3.13/site-packages/starlette/_exception_handler.py", line 42, in wrapped_app
2026-09-09T19:47:52.894444062Z     await app(scope, receive, sender)
2026-09-09T19:47:52.894445986Z   File "/usr/local/lib/python3.13/site-packages/fastapi/middleware/asyncexitstack.py", line 18, in __call__
2026-09-09T19:47:52.894447920Z     await self.app(scope, receive, send)
2026-09-09T19:47:52.894449874Z   File "/usr/local/lib/python3.13/site-packages/starlette/routing.py", line 716, in __call__
2026-09-09T19:47:52.894451807Z     await self.middleware_stack(scope, receive, send)
2026-09-09T19:47:52.894458881Z   File "/usr/local/lib/python3.13/site-packages/starlette/routing.py", line 736, in app
2026-09-09T19:47:52.894460905Z     await route.handle(scope, receive, send)
2026-09-09T19:47:52.894462869Z   File "/usr/local/lib/python3.13/site-packages/starlette/routing.py", line 290, in handle
2026-09-09T19:47:52.894465043Z     await self.app(scope, receive, send)
2026-09-09T19:47:52.894466987Z   File "/usr/local/lib/python3.13/site-packages/fastapi/routing.py", line 134, in app
2026-09-09T19:47:52.894468921Z     await wrap_app_handling_exceptions(app, request)(scope, receive, send)
2026-09-09T19:47:52.894470855Z   File "/usr/local/lib/python3.13/site-packages/starlette/_exception_handler.py", line 53, in wrapped_app
2026-09-09T19:47:52.894472779Z     raise exc
2026-09-09T19:47:52.894474693Z   File "/usr/local/lib/python3.13/site-packages/starlette/_exception_handler.py", line 42, in wrapped_app
2026-09-09T19:47:52.894476616Z     await app(scope, receive, sender)
2026-09-09T19:47:52.894478570Z   File "/usr/local/lib/python3.13/site-packages/fastapi/routing.py", line 120, in app
2026-09-09T19:47:52.894481386Z     response = await f(request)
2026-09-09T19:47:52.894483340Z                ^^^^^^^^^^^^^^^^
2026-09-09T19:47:52.894485283Z   File "/usr/local/lib/python3.13/site-packages/fastapi/routing.py", line 674, in app
2026-09-09T19:47:52.894487227Z     raw_response = await run_endpoint_function(
2026-09-09T19:47:52.894489151Z                    ^^^^^^^^^^^^^^^^^^^^^^^^^^^^
2026-09-09T19:47:52.894492007Z     ...<3 lines>...
2026-09-09T19:47:52.894493941Z     )
2026-09-09T19:47:52.894495914Z     ^
2026-09-09T19:47:52.894497848Z   File "/usr/local/lib/python3.13/site-packages/fastapi/routing.py", line 330, in run_endpoint_function
2026-09-09T19:47:52.894499782Z     return await run_in_threadpool(dependant.call, **values)
2026-09-09T19:47:52.894501716Z            ^^^^^^^^^^^^^^^^^^^^^^^^^^^^^^^^^^^^^^^^^^^^^^^^^
2026-09-09T19:47:52.894540683Z   File "/usr/local/lib/python3.13/site-packages/starlette/concurrency.py", line 32, in run_in_threadpool
2026-09-09T19:47:52.894545322Z     return await anyio.to_thread.run_sync(func)
2026-09-09T19:47:52.894547376Z            ^^^^^^^^^^^^^^^^^^^^^^^^^^^^^^^^^^^^
2026-09-09T19:47:52.894549400Z   File "/usr/local/lib/python3.13/site-packages/anyio/to_thread.py", line 63, in run_sync
2026-09-09T19:47:52.894551344Z     return await get_async_backend().run_sync_in_worker_thread(
2026-09-09T19:47:52.894553268Z            ^^^^^^^^^^^^^^^^^^^^^^^^^^^^^^^^^^^^^^^^^^^^^^^^^^^^
2026-09-09T19:47:52.894555191Z         func, args, abandon_on_cancel=abandon_on_cancel, limiter=limiter
2026-09-09T19:47:52.894557105Z         ^^^^^^^^^^^^^^^^^^^^^^^^^^^^^^^^^^^^^^^^^^^^^^^^^^^^^^^^^^^^^^^^
2026-09-09T19:47:52.894559009Z     )
2026-09-09T19:47:52.894560943Z     ^
2026-09-09T19:47:52.894562846Z   File "/usr/local/lib/python3.13/site-packages/anyio/_backends/_asyncio.py", line 2518, in run_sync_in_worker_thread
2026-09-09T19:47:52.894564800Z     return await future
2026-09-09T19:47:52.894566754Z            ^^^^^^^^^^^^
2026-09-09T19:47:52.894568668Z   File "/usr/local/lib/python3.13/site-packages/anyio/_backends/_asyncio.py", line 1002, in run
2026-09-09T19:47:52.894570612Z     result = context.run(func, *args)
2026-09-09T19:47:52.894572556Z   File "/app/app/routers/orders.py", line 36, in checkout
2026-09-09T19:47:52.894574550Z     return create_order(
2026-09-09T19:47:52.894576523Z         db=db,
2026-09-09T19:47:52.894578447Z     ...<2 lines>...
2026-09-09T19:47:52.894580411Z         correlation_id=correlation_id,
2026-09-09T19:47:52.894582335Z     )
2026-09-09T19:47:52.894592265Z   File "/app/app/services/order_service.py", line 42, in create_order
2026-09-09T19:47:52.894594289Z     result = db.execute(
2026-09-09T19:47:52.894596353Z         select(ProductModel).where(ProductModel.id == product_id)
2026-09-09T19:47:52.894598286Z     )
2026-09-09T19:47:52.894600240Z   File "/usr/local/lib/python3.13/site-packages/sqlalchemy/orm/session.py", line 2372, in execute
2026-09-09T19:47:52.894602154Z     return self._execute_internal(
2026-09-09T19:47:52.894604088Z            ~~~~~~~~~~~~~~~~~~~~~~^
2026-09-09T19:47:52.894606002Z         statement,
2026-09-09T19:47:52.894607915Z         ^^^^^^^^^^
2026-09-09T19:47:52.894609829Z     ...<4 lines>...
2026-09-09T19:47:52.894611743Z         _add_event=_add_event,
2026-09-09T19:47:52.894613637Z         ^^^^^^^^^^^^^^^^^^^^^^
2026-09-09T19:47:52.894615540Z     )
2026-09-09T19:47:52.894617474Z     ^
2026-09-09T19:47:52.894619418Z   File "/usr/local/lib/python3.13/site-packages/sqlalchemy/orm/session.py", line 2260, in _execute_internal
2026-09-09T19:47:52.894621342Z     conn = self._connection_for_bind(bind)
2026-09-09T19:47:52.894623276Z   File "/usr/local/lib/python3.13/site-packages/sqlalchemy/orm/session.py", line 2112, in _connection_for_bind
2026-09-09T19:47:52.894625230Z     return trans._connection_for_bind(engine, execution_options)
2026-09-09T19:47:52.894627193Z            ~~~~~~~~~~~~~~~~~~~~~~~~~~^^^^^^^^^^^^^^^^^^^^^^^^^^^
2026-09-09T19:47:52.894629117Z   File "<string>", line 2, in _connection_for_bind
2026-09-09T19:47:52.894631031Z   File "/usr/local/lib/python3.13/site-packages/sqlalchemy/orm/state_changes.py", line 137, in _go
2026-09-09T19:47:52.894632945Z     ret_value = fn(self, *arg, **kw)
2026-09-09T19:47:52.894634879Z   File "/usr/local/lib/python3.13/site-packages/sqlalchemy/orm/session.py", line 1191, in _connection_for_bind
2026-09-09T19:47:52.894636802Z     conn = bind.connect()
2026-09-09T19:47:52.894639337Z   File "/usr/local/lib/python3.13/site-packages/opentelemetry/instrumentation/sqlalchemy/engine.py", line 200, in _wrap_connect_internal
2026-09-09T19:47:52.894641271Z     return func(*args, **kwargs)
2026-09-09T19:47:52.894643185Z   File "/usr/local/lib/python3.13/site-packages/sqlalchemy/engine/base.py", line 3295, in connect
2026-09-09T19:47:52.894645099Z     return self._connection_cls(self)
2026-09-09T19:47:52.894647003Z            ~~~~~~~~~~~~~~~~~~~~^^^^^^
2026-09-09T19:47:52.894648926Z   File "/usr/local/lib/python3.13/site-packages/sqlalchemy/engine/base.py", line 144, in __init__
2026-09-09T19:47:52.894650990Z     self._dbapi_connection = engine.raw_connection()
2026-09-09T19:47:52.894652904Z                              ~~~~~~~~~~~~~~~~~~~~~^^
2026-09-09T19:47:52.894654808Z   File "/usr/local/lib/python3.13/site-packages/sqlalchemy/engine/base.py", line 3319, in raw_connection
2026-09-09T19:47:52.894656722Z     return self.pool.connect()
2026-09-09T19:47:52.894658636Z            ~~~~~~~~~~~~~~~~~^^
2026-09-09T19:47:52.894660549Z   File "/usr/local/lib/python3.13/site-packages/sqlalchemy/pool/base.py", line 448, in connect
2026-09-09T19:47:52.894662473Z     return _ConnectionFairy._checkout(self)
2026-09-09T19:47:52.894664377Z            ~~~~~~~~~~~~~~~~~~~~~~~~~~^^^^^^
2026-09-09T19:47:52.894666291Z   File "/usr/local/lib/python3.13/site-packages/sqlalchemy/pool/base.py", line 1272, in _checkout
2026-09-09T19:47:52.894668204Z     fairy = _ConnectionRecord.checkout(pool)
2026-09-09T19:47:52.894670128Z   File "/usr/local/lib/python3.13/site-packages/sqlalchemy/pool/base.py", line 712, in checkout
2026-09-09T19:47:52.894672052Z     rec = pool._do_get()
2026-09-09T19:47:52.894673966Z   File "/usr/local/lib/python3.13/site-packages/sqlalchemy/pool/impl.py", line 167, in _do_get
2026-09-09T19:47:52.894681040Z     raise exc.TimeoutError(
2026-09-09T19:47:52.894683034Z     ...<4 lines>...
2026-09-09T19:47:52.894684988Z     )
2026-09-09T19:47:52.894688194Z sqlalchemy.exc.TimeoutError: QueuePool limit of size 5 overflow 10 reached, connection timed out, timeout 30.00 (Background on this error at: https://sqlalche.me/e/20/3o7r)
2026-09-09T19:47:52.927899107Z ERROR:    Exception in ASGI application
2026-09-09T19:47:52.927930680Z Traceback (most recent call last):
2026-09-09T19:47:52.927933525Z   File "/usr/local/lib/python3.13/site-packages/uvicorn/protocols/http/httptools_impl.py", line 421, in run_asgi
2026-09-09T19:47:52.927936100Z     result = await app(  # type: ignore[func-returns-value]
2026-09-09T19:47:52.927938074Z              ^^^^^^^^^^^^^^^^^^^^^^^^^^^^^^^^^^^^^^^^^^^^^^
2026-09-09T19:47:52.927940028Z         self.scope, self.receive, self.send
2026-09-09T19:47:52.927945739Z         ^^^^^^^^^^^^^^^^^^^^^^^^^^^^^^^^^^^
2026-09-09T19:47:52.927947713Z     )
2026-09-09T19:47:52.927949687Z     ^
2026-09-09T19:47:52.927951982Z   File "/usr/local/lib/python3.13/site-packages/uvicorn/middleware/proxy_headers.py", line 63, in __call__
2026-09-09T19:47:52.927953996Z     return await self.app(scope, receive, send)
2026-09-09T19:47:52.927955940Z            ^^^^^^^^^^^^^^^^^^^^^^^^^^^^^^^^^^^^
2026-09-09T19:47:52.927958404Z   File "/usr/local/lib/python3.13/site-packages/fastapi/applications.py", line 1159, in __call__
2026-09-09T19:47:52.927960338Z     await super().__call__(scope, receive, send)
2026-09-09T19:47:52.927962412Z   File "/usr/local/lib/python3.13/site-packages/starlette/applications.py", line 107, in __call__
2026-09-09T19:47:52.927966490Z     await self.middleware_stack(scope, receive, send)
2026-09-09T19:47:52.927968484Z   File "/usr/local/lib/python3.13/site-packages/starlette/middleware/errors.py", line 186, in __call__
2026-09-09T19:47:52.927970458Z     raise exc
2026-09-09T19:47:52.927972412Z   File "/usr/local/lib/python3.13/site-packages/starlette/middleware/errors.py", line 164, in __call__
2026-09-09T19:47:52.927974376Z     await self.app(scope, receive, _send)
2026-09-09T19:47:52.927976841Z   File "/usr/local/lib/python3.13/site-packages/opentelemetry/instrumentation/asgi/__init__.py", line 806, in __call__
2026-09-09T19:47:52.927978815Z     await self.app(scope, otel_receive, otel_send)
2026-09-09T19:47:52.927980859Z   File "/usr/local/lib/python3.13/site-packages/starlette/middleware/errors.py", line 186, in __call__
2026-09-09T19:47:52.927982803Z     raise exc
2026-09-09T19:47:52.927984776Z   File "/usr/local/lib/python3.13/site-packages/starlette/middleware/errors.py", line 164, in __call__
2026-09-09T19:47:52.927986720Z     await self.app(scope, receive, _send)
2026-09-09T19:47:52.927988674Z   File "/usr/local/lib/python3.13/site-packages/opentelemetry/instrumentation/fastapi/__init__.py", line 305, in __call__
2026-09-09T19:47:52.927990618Z     await self.app(scope, receive, send)
2026-09-09T19:47:52.927992562Z   File "/usr/local/lib/python3.13/site-packages/prometheus_fastapi_instrumentator/middleware.py", line 177, in __call__
2026-09-09T19:47:52.927994486Z     raise exc
2026-09-09T19:47:52.927996590Z   File "/usr/local/lib/python3.13/site-packages/prometheus_fastapi_instrumentator/middleware.py", line 175, in __call__
2026-09-09T19:47:52.927998564Z     await self.app(scope, receive, send_wrapper)
2026-09-09T19:47:52.928000507Z   File "/usr/local/lib/python3.13/site-packages/starlette/middleware/exceptions.py", line 63, in __call__
2026-09-09T19:47:52.928002932Z     await wrap_app_handling_exceptions(self.app, conn)(scope, receive, send)
2026-09-09T19:47:52.928004866Z   File "/usr/local/lib/python3.13/site-packages/starlette/_exception_handler.py", line 53, in wrapped_app
2026-09-09T19:47:52.928025878Z     raise exc
2026-09-09T19:47:52.928027942Z   File "/usr/local/lib/python3.13/site-packages/starlette/_exception_handler.py", line 42, in wrapped_app
2026-09-09T19:47:52.928029875Z     await app(scope, receive, sender)
2026-09-09T19:47:52.928032000Z   File "/usr/local/lib/python3.13/site-packages/fastapi/middleware/asyncexitstack.py", line 18, in __call__
2026-09-09T19:47:52.928034004Z     await self.app(scope, receive, send)
2026-09-09T19:47:52.928035937Z   File "/usr/local/lib/python3.13/site-packages/starlette/routing.py", line 716, in __call__
2026-09-09T19:47:52.928037871Z     await self.middleware_stack(scope, receive, send)
2026-09-09T19:47:52.928039805Z   File "/usr/local/lib/python3.13/site-packages/starlette/routing.py", line 736, in app
2026-09-09T19:47:52.928041729Z     await route.handle(scope, receive, send)
2026-09-09T19:47:52.928043673Z   File "/usr/local/lib/python3.13/site-packages/starlette/routing.py", line 290, in handle
2026-09-09T19:47:52.928045596Z     await self.app(scope, receive, send)
2026-09-09T19:47:52.928047570Z   File "/usr/local/lib/python3.13/site-packages/fastapi/routing.py", line 134, in app
2026-09-09T19:47:52.928049494Z     await wrap_app_handling_exceptions(app, request)(scope, receive, send)
2026-09-09T19:47:52.928051418Z   File "/usr/local/lib/python3.13/site-packages/starlette/_exception_handler.py", line 53, in wrapped_app
2026-09-09T19:47:52.928053352Z     raise exc
2026-09-09T19:47:52.928055286Z   File "/usr/local/lib/python3.13/site-packages/starlette/_exception_handler.py", line 42, in wrapped_app
2026-09-09T19:47:52.928057280Z     await app(scope, receive, sender)
2026-09-09T19:47:52.928059213Z   File "/usr/local/lib/python3.13/site-packages/fastapi/routing.py", line 120, in app
2026-09-09T19:47:52.928063652Z     response = await f(request)
2026-09-09T19:47:52.928065666Z                ^^^^^^^^^^^^^^^^
2026-09-09T19:47:52.928067600Z   File "/usr/local/lib/python3.13/site-packages/fastapi/routing.py", line 674, in app
2026-09-09T19:47:52.928069564Z     raw_response = await run_endpoint_function(
2026-09-09T19:47:52.928071518Z                    ^^^^^^^^^^^^^^^^^^^^^^^^^^^^
2026-09-09T19:47:52.928074093Z     ...<3 lines>...
2026-09-09T19:47:52.928076047Z     )
2026-09-09T19:47:52.928077990Z     ^
2026-09-09T19:47:52.928080054Z   File "/usr/local/lib/python3.13/site-packages/fastapi/routing.py", line 330, in run_endpoint_function
2026-09-09T19:47:52.928082068Z     return await run_in_threadpool(dependant.call, **values)
2026-09-09T19:47:52.928084012Z            ^^^^^^^^^^^^^^^^^^^^^^^^^^^^^^^^^^^^^^^^^^^^^^^^^
2026-09-09T19:47:52.928087800Z   File "/usr/local/lib/python3.13/site-packages/starlette/concurrency.py", line 32, in run_in_threadpool
2026-09-09T19:47:52.928089864Z     return await anyio.to_thread.run_sync(func)
2026-09-09T19:47:52.928091828Z            ^^^^^^^^^^^^^^^^^^^^^^^^^^^^^^^^^^^^
2026-09-09T19:47:52.928093762Z   File "/usr/local/lib/python3.13/site-packages/anyio/to_thread.py", line 63, in run_sync
2026-09-09T19:47:52.928095715Z     return await get_async_backend().run_sync_in_worker_thread(
2026-09-09T19:47:52.928097689Z            ^^^^^^^^^^^^^^^^^^^^^^^^^^^^^^^^^^^^^^^^^^^^^^^^^^^^
2026-09-09T19:47:52.928099723Z         func, args, abandon_on_cancel=abandon_on_cancel, limiter=limiter
2026-09-09T19:47:52.928101657Z         ^^^^^^^^^^^^^^^^^^^^^^^^^^^^^^^^^^^^^^^^^^^^^^^^^^^^^^^^^^^^^^^^
2026-09-09T19:47:52.928103591Z     )
2026-09-09T19:47:52.928105525Z     ^
2026-09-09T19:47:52.928107459Z   File "/usr/local/lib/python3.13/site-packages/anyio/_backends/_asyncio.py", line 2518, in run_sync_in_worker_thread
2026-09-09T19:47:52.928114482Z     return await future
2026-09-09T19:47:52.928116506Z            ^^^^^^^^^^^^
2026-09-09T19:47:52.928118460Z   File "/usr/local/lib/python3.13/site-packages/anyio/_backends/_asyncio.py", line 1002, in run
2026-09-09T19:47:52.928128690Z     result = context.run(func, *args)
2026-09-09T19:47:52.928130915Z   File "/app/app/routers/orders.py", line 36, in checkout
2026-09-09T19:47:52.928132909Z     return create_order(
2026-09-09T19:47:52.928134903Z         db=db,
2026-09-09T19:47:52.928136887Z     ...<2 lines>...
2026-09-09T19:47:52.928138871Z         correlation_id=correlation_id,
2026-09-09T19:47:52.928140864Z     )
2026-09-09T19:47:52.928142888Z   File "/app/app/services/order_service.py", line 42, in create_order
2026-09-09T19:47:52.928144862Z     result = db.execute(
2026-09-09T19:47:52.928146836Z         select(ProductModel).where(ProductModel.id == product_id)
2026-09-09T19:47:52.928148820Z     )
2026-09-09T19:47:52.928151155Z   File "/usr/local/lib/python3.13/site-packages/sqlalchemy/orm/session.py", line 2372, in execute
2026-09-09T19:47:52.928153129Z     return self._execute_internal(
2026-09-09T19:47:52.928155093Z            ~~~~~~~~~~~~~~~~~~~~~~^
2026-09-09T19:47:52.928157026Z         statement,
2026-09-09T19:47:52.928159000Z         ^^^^^^^^^^
2026-09-09T19:47:52.928161225Z     ...<4 lines>...
2026-09-09T19:47:52.928163720Z         _add_event=_add_event,
2026-09-09T19:47:52.928166194Z         ^^^^^^^^^^^^^^^^^^^^^^
2026-09-09T19:47:52.928168549Z     )
2026-09-09T19:47:52.928170523Z     ^
2026-09-09T19:47:52.928172517Z   File "/usr/local/lib/python3.13/site-packages/sqlalchemy/orm/session.py", line 2260, in _execute_internal
2026-09-09T19:47:52.928174601Z     conn = self._connection_for_bind(bind)
2026-09-09T19:47:52.928177096Z   File "/usr/local/lib/python3.13/site-packages/sqlalchemy/orm/session.py", line 2112, in _connection_for_bind
2026-09-09T19:47:52.928179551Z     return trans._connection_for_bind(engine, execution_options)
2026-09-09T19:47:52.928182016Z            ~~~~~~~~~~~~~~~~~~~~~~~~~~^^^^^^^^^^^^^^^^^^^^^^^^^^^
2026-09-09T19:47:52.928183980Z   File "<string>", line 2, in _connection_for_bind
2026-09-09T19:47:52.928185943Z   File "/usr/local/lib/python3.13/site-packages/sqlalchemy/orm/state_changes.py", line 137, in _go
2026-09-09T19:47:52.928187897Z     ret_value = fn(self, *arg, **kw)
2026-09-09T19:47:52.928191855Z   File "/usr/local/lib/python3.13/site-packages/sqlalchemy/orm/session.py", line 1191, in _connection_for_bind
2026-09-09T19:47:52.928193859Z     conn = bind.connect()
2026-09-09T19:47:52.928196264Z   File "/usr/local/lib/python3.13/site-packages/opentelemetry/instrumentation/sqlalchemy/engine.py", line 200, in _wrap_connect_internal
2026-09-09T19:47:52.928198228Z     return func(*args, **kwargs)
2026-09-09T19:47:52.928200182Z   File "/usr/local/lib/python3.13/site-packages/sqlalchemy/engine/base.py", line 3295, in connect
2026-09-09T19:47:52.928202145Z     return self._connection_cls(self)
2026-09-09T19:47:52.928204089Z            ~~~~~~~~~~~~~~~~~~~~^^^^^^
2026-09-09T19:47:52.928206103Z   File "/usr/local/lib/python3.13/site-packages/sqlalchemy/engine/base.py", line 144, in __init__
2026-09-09T19:47:52.928208077Z     self._dbapi_connection = engine.raw_connection()
2026-09-09T19:47:52.928210011Z                              ~~~~~~~~~~~~~~~~~~~~~^^
2026-09-09T19:47:52.928212005Z   File "/usr/local/lib/python3.13/site-packages/sqlalchemy/engine/base.py", line 3319, in raw_connection
2026-09-09T19:47:52.928213959Z     return self.pool.connect()
2026-09-09T19:47:52.928215913Z            ~~~~~~~~~~~~~~~~~^^
2026-09-09T19:47:52.928217886Z   File "/usr/local/lib/python3.13/site-packages/sqlalchemy/pool/base.py", line 448, in connect
2026-09-09T19:47:52.928224670Z     return _ConnectionFairy._checkout(self)
2026-09-09T19:47:52.928226654Z            ~~~~~~~~~~~~~~~~~~~~~~~~~~^^^^^^
2026-09-09T19:47:52.928228598Z   File "/usr/local/lib/python3.13/site-packages/sqlalchemy/pool/base.py", line 1272, in _checkout
2026-09-09T19:47:52.928230592Z     fairy = _ConnectionRecord.checkout(pool)
2026-09-09T19:47:52.928232565Z   File "/usr/local/lib/python3.13/site-packages/sqlalchemy/pool/base.py", line 712, in checkout
2026-09-09T19:47:52.928234519Z     rec = pool._do_get()
2026-09-09T19:47:52.928236473Z   File "/usr/local/lib/python3.13/site-packages/sqlalchemy/pool/impl.py", line 167, in _do_get
2026-09-09T19:47:52.928238417Z     raise exc.TimeoutError(
2026-09-09T19:47:52.928240361Z     ...<4 lines>...
2026-09-09T19:47:52.928242305Z     )
2026-09-09T19:47:52.928244900Z sqlalchemy.exc.TimeoutError: QueuePool limit of size 5 overflow 10 reached, connection timed out, timeout 30.00 (Background on this error at: https://sqlalche.me/e/20/3o7r)
2026-09-09T19:47:53.047169747Z ERROR:    Exception in ASGI application
2026-09-09T19:47:53.047225366Z Traceback (most recent call last):
2026-09-09T19:47:53.047231218Z   File "/usr/local/lib/python3.13/site-packages/uvicorn/protocols/http/httptools_impl.py", line 421, in run_asgi
2026-09-09T19:47:53.047236438Z     result = await app(  # type: ignore[func-returns-value]
2026-09-09T19:47:53.047240837Z              ^^^^^^^^^^^^^^^^^^^^^^^^^^^^^^^^^^^^^^^^^^^^^^
2026-09-09T19:47:53.047245145Z         self.scope, self.receive, self.send
2026-09-09T19:47:53.047249674Z         ^^^^^^^^^^^^^^^^^^^^^^^^^^^^^^^^^^^
2026-09-09T19:47:53.047254033Z     )
2026-09-09T19:47:53.047258622Z     ^
2026-09-09T19:47:53.047263171Z   File "/usr/local/lib/python3.13/site-packages/uvicorn/middleware/proxy_headers.py", line 63, in __call__
2026-09-09T19:47:53.047267650Z     return await self.app(scope, receive, send)
2026-09-09T19:47:53.047271998Z            ^^^^^^^^^^^^^^^^^^^^^^^^^^^^^^^^^^^^
2026-09-09T19:47:53.047281247Z   File "/usr/local/lib/python3.13/site-packages/fastapi/applications.py", line 1159, in __call__
2026-09-09T19:47:53.047285756Z     await super().__call__(scope, receive, send)
2026-09-09T19:47:53.047290114Z   File "/usr/local/lib/python3.13/site-packages/starlette/applications.py", line 107, in __call__
2026-09-09T19:47:53.047294433Z     await self.middleware_stack(scope, receive, send)
2026-09-09T19:47:53.047299222Z   File "/usr/local/lib/python3.13/site-packages/starlette/middleware/errors.py", line 186, in __call__
2026-09-09T19:47:53.047303761Z     raise exc
2026-09-09T19:47:53.047308150Z   File "/usr/local/lib/python3.13/site-packages/starlette/middleware/errors.py", line 164, in __call__
2026-09-09T19:47:53.047312508Z     await self.app(scope, receive, _send)
2026-09-09T19:47:53.047317558Z   File "/usr/local/lib/python3.13/site-packages/opentelemetry/instrumentation/asgi/__init__.py", line 806, in __call__
2026-09-09T19:47:53.047321917Z     await self.app(scope, otel_receive, otel_send)
2026-09-09T19:47:53.047326265Z   File "/usr/local/lib/python3.13/site-packages/starlette/middleware/errors.py", line 186, in __call__
2026-09-09T19:47:53.047330604Z     raise exc
2026-09-09T19:47:53.047334953Z   File "/usr/local/lib/python3.13/site-packages/starlette/middleware/errors.py", line 164, in __call__
2026-09-09T19:47:53.047339271Z     await self.app(scope, receive, _send)
2026-09-09T19:47:53.047343590Z   File "/usr/local/lib/python3.13/site-packages/opentelemetry/instrumentation/fastapi/__init__.py", line 305, in __call__
2026-09-09T19:47:53.047347948Z     await self.app(scope, receive, send)
2026-09-09T19:47:53.047352277Z   File "/usr/local/lib/python3.13/site-packages/prometheus_fastapi_instrumentator/middleware.py", line 177, in __call__
2026-09-09T19:47:53.047385542Z     raise exc
2026-09-09T19:47:53.047390192Z   File "/usr/local/lib/python3.13/site-packages/prometheus_fastapi_instrumentator/middleware.py", line 175, in __call__
2026-09-09T19:47:53.047394560Z     await self.app(scope, receive, send_wrapper)
2026-09-09T19:47:53.047399009Z   File "/usr/local/lib/python3.13/site-packages/starlette/middleware/exceptions.py", line 63, in __call__
2026-09-09T19:47:53.047404009Z     await wrap_app_handling_exceptions(self.app, conn)(scope, receive, send)
2026-09-09T19:47:53.047408347Z   File "/usr/local/lib/python3.13/site-packages/starlette/_exception_handler.py", line 53, in wrapped_app
2026-09-09T19:47:53.047412656Z     raise exc
2026-09-09T19:47:53.047416964Z   File "/usr/local/lib/python3.13/site-packages/starlette/_exception_handler.py", line 42, in wrapped_app
2026-09-09T19:47:53.047421293Z     await app(scope, receive, sender)
2026-09-09T19:47:53.047425652Z   File "/usr/local/lib/python3.13/site-packages/fastapi/middleware/asyncexitstack.py", line 18, in __call__
2026-09-09T19:47:53.047429940Z     await self.app(scope, receive, send)
2026-09-09T19:47:53.047434359Z   File "/usr/local/lib/python3.13/site-packages/starlette/routing.py", line 716, in __call__
2026-09-09T19:47:53.047438667Z     await self.middleware_stack(scope, receive, send)
2026-09-09T19:47:53.047443026Z   File "/usr/local/lib/python3.13/site-packages/starlette/routing.py", line 736, in app
2026-09-09T19:47:53.047447324Z     await route.handle(scope, receive, send)
2026-09-09T19:47:53.047451623Z   File "/usr/local/lib/python3.13/site-packages/starlette/routing.py", line 290, in handle
2026-09-09T19:47:53.047455911Z     await self.app(scope, receive, send)
2026-09-09T19:47:53.047460230Z   File "/usr/local/lib/python3.13/site-packages/fastapi/routing.py", line 134, in app
2026-09-09T19:47:53.047464588Z     await wrap_app_handling_exceptions(app, request)(scope, receive, send)
2026-09-09T19:47:53.047469007Z   File "/usr/local/lib/python3.13/site-packages/starlette/_exception_handler.py", line 53, in wrapped_app
2026-09-09T19:47:53.047473366Z     raise exc
2026-09-09T19:47:53.047477704Z   File "/usr/local/lib/python3.13/site-packages/starlette/_exception_handler.py", line 42, in wrapped_app
2026-09-09T19:47:53.047481993Z     await app(scope, receive, sender)
2026-09-09T19:47:53.047486341Z   File "/usr/local/lib/python3.13/site-packages/fastapi/routing.py", line 120, in app
2026-09-09T19:47:53.047491251Z     response = await f(request)
2026-09-09T19:47:53.047495590Z                ^^^^^^^^^^^^^^^^
2026-09-09T19:47:53.047499958Z   File "/usr/local/lib/python3.13/site-packages/fastapi/routing.py", line 674, in app
2026-09-09T19:47:53.047504417Z     raw_response = await run_endpoint_function(
2026-09-09T19:47:53.047508966Z                    ^^^^^^^^^^^^^^^^^^^^^^^^^^^^
2026-09-09T19:47:53.047514186Z     ...<3 lines>...
2026-09-09T19:47:53.047518605Z     )
2026-09-09T19:47:53.047522984Z     ^
2026-09-09T19:47:53.047527302Z   File "/usr/local/lib/python3.13/site-packages/fastapi/routing.py", line 330, in run_endpoint_function
2026-09-09T19:47:53.047531621Z     return await run_in_threadpool(dependant.call, **values)
2026-09-09T19:47:53.047535919Z            ^^^^^^^^^^^^^^^^^^^^^^^^^^^^^^^^^^^^^^^^^^^^^^^^^
2026-09-09T19:47:53.047604004Z   File "/usr/local/lib/python3.13/site-packages/starlette/concurrency.py", line 32, in run_in_threadpool
2026-09-09T19:47:53.047614284Z     return await anyio.to_thread.run_sync(func)
2026-09-09T19:47:53.047618753Z            ^^^^^^^^^^^^^^^^^^^^^^^^^^^^^^^^^^^^
2026-09-09T19:47:53.047623282Z   File "/usr/local/lib/python3.13/site-packages/anyio/to_thread.py", line 63, in run_sync
2026-09-09T19:47:53.047645736Z     return await get_async_backend().run_sync_in_worker_thread(
2026-09-09T19:47:53.047650235Z            ^^^^^^^^^^^^^^^^^^^^^^^^^^^^^^^^^^^^^^^^^^^^^^^^^^^^
2026-09-09T19:47:53.047654533Z         func, args, abandon_on_cancel=abandon_on_cancel, limiter=limiter
2026-09-09T19:47:53.047658942Z         ^^^^^^^^^^^^^^^^^^^^^^^^^^^^^^^^^^^^^^^^^^^^^^^^^^^^^^^^^^^^^^^^
2026-09-09T19:47:53.047663260Z     )
2026-09-09T19:47:53.047667759Z     ^
2026-09-09T19:47:53.047672098Z   File "/usr/local/lib/python3.13/site-packages/anyio/_backends/_asyncio.py", line 2518, in run_sync_in_worker_thread
2026-09-09T19:47:53.047676376Z     return await future
2026-09-09T19:47:53.047680685Z            ^^^^^^^^^^^^
2026-09-09T19:47:53.047684983Z   File "/usr/local/lib/python3.13/site-packages/anyio/_backends/_asyncio.py", line 1002, in run
2026-09-09T19:47:53.047689272Z     result = context.run(func, *args)
2026-09-09T19:47:53.047693650Z   File "/app/app/routers/orders.py", line 36, in checkout
2026-09-09T19:47:53.047698029Z     return create_order(
2026-09-09T19:47:53.047702408Z         db=db,
2026-09-09T19:47:53.047706746Z     ...<2 lines>...
2026-09-09T19:47:53.047711055Z         correlation_id=correlation_id,
2026-09-09T19:47:53.047715353Z     )
2026-09-09T19:47:53.047719742Z   File "/app/app/services/order_service.py", line 42, in create_order
2026-09-09T19:47:53.047724080Z     result = db.execute(
2026-09-09T19:47:53.047728479Z         select(ProductModel).where(ProductModel.id == product_id)
2026-09-09T19:47:53.047732838Z     )
2026-09-09T19:47:53.047737206Z   File "/usr/local/lib/python3.13/site-packages/sqlalchemy/orm/session.py", line 2372, in execute
2026-09-09T19:47:53.047741485Z     return self._execute_internal(
2026-09-09T19:47:53.047745773Z            ~~~~~~~~~~~~~~~~~~~~~~^
2026-09-09T19:47:53.047750052Z         statement,
2026-09-09T19:47:53.047754360Z         ^^^^^^^^^^
2026-09-09T19:47:53.047758639Z     ...<4 lines>...
2026-09-09T19:47:53.047762987Z         _add_event=_add_event,
2026-09-09T19:47:53.047767276Z         ^^^^^^^^^^^^^^^^^^^^^^
2026-09-09T19:47:53.047771514Z     )
2026-09-09T19:47:53.047775783Z     ^
2026-09-09T19:47:53.047780121Z   File "/usr/local/lib/python3.13/site-packages/sqlalchemy/orm/session.py", line 2260, in _execute_internal
2026-09-09T19:47:53.047784530Z     conn = self._connection_for_bind(bind)
2026-09-09T19:47:53.047788938Z   File "/usr/local/lib/python3.13/site-packages/sqlalchemy/orm/session.py", line 2112, in _connection_for_bind
2026-09-09T19:47:53.047793287Z     return trans._connection_for_bind(engine, execution_options)
2026-09-09T19:47:53.047797646Z            ~~~~~~~~~~~~~~~~~~~~~~~~~~^^^^^^^^^^^^^^^^^^^^^^^^^^^
2026-09-09T19:47:53.047801924Z   File "<string>", line 2, in _connection_for_bind
2026-09-09T19:47:53.047806223Z   File "/usr/local/lib/python3.13/site-packages/sqlalchemy/orm/state_changes.py", line 137, in _go
2026-09-09T19:47:53.047810511Z     ret_value = fn(self, *arg, **kw)
2026-09-09T19:47:53.047814779Z   File "/usr/local/lib/python3.13/site-packages/sqlalchemy/orm/session.py", line 1191, in _connection_for_bind
2026-09-09T19:47:53.047819078Z     conn = bind.connect()
2026-09-09T19:47:53.047823837Z   File "/usr/local/lib/python3.13/site-packages/opentelemetry/instrumentation/sqlalchemy/engine.py", line 200, in _wrap_connect_internal
2026-09-09T19:47:53.047828196Z     return func(*args, **kwargs)
2026-09-09T19:47:53.047832565Z   File "/usr/local/lib/python3.13/site-packages/sqlalchemy/engine/base.py", line 3295, in connect
2026-09-09T19:47:53.047836853Z     return self._connection_cls(self)
2026-09-09T19:47:53.047851292Z            ~~~~~~~~~~~~~~~~~~~~^^^^^^
2026-09-09T19:47:53.047855971Z   File "/usr/local/lib/python3.13/site-packages/sqlalchemy/engine/base.py", line 144, in __init__
2026-09-09T19:47:53.047860369Z     self._dbapi_connection = engine.raw_connection()
2026-09-09T19:47:53.047864698Z                              ~~~~~~~~~~~~~~~~~~~~~^^
2026-09-09T19:47:53.047869016Z   File "/usr/local/lib/python3.13/site-packages/sqlalchemy/engine/base.py", line 3319, in raw_connection
2026-09-09T19:47:53.047873335Z     return self.pool.connect()
2026-09-09T19:47:53.047877694Z            ~~~~~~~~~~~~~~~~~^^
2026-09-09T19:47:53.047882042Z   File "/usr/local/lib/python3.13/site-packages/sqlalchemy/pool/base.py", line 448, in connect
2026-09-09T19:47:53.047886321Z     return _ConnectionFairy._checkout(self)
2026-09-09T19:47:53.047890649Z            ~~~~~~~~~~~~~~~~~~~~~~~~~~^^^^^^
2026-09-09T19:47:53.047894988Z   File "/usr/local/lib/python3.13/site-packages/sqlalchemy/pool/base.py", line 1272, in _checkout
2026-09-09T19:47:53.047899326Z     fairy = _ConnectionRecord.checkout(pool)
2026-09-09T19:47:53.047903655Z   File "/usr/local/lib/python3.13/site-packages/sqlalchemy/pool/base.py", line 712, in checkout
2026-09-09T19:47:53.047907993Z     rec = pool._do_get()
2026-09-09T19:47:53.047912352Z   File "/usr/local/lib/python3.13/site-packages/sqlalchemy/pool/impl.py", line 167, in _do_get
2026-09-09T19:47:53.047916661Z     raise exc.TimeoutError(
2026-09-09T19:47:53.047920999Z     ...<4 lines>...
2026-09-09T19:47:53.047925358Z     )
2026-09-09T19:47:53.047930528Z sqlalchemy.exc.TimeoutError: QueuePool limit of size 5 overflow 10 reached, connection timed out, timeout 30.00 (Background on this error at: https://sqlalche.me/e/20/3o7r)
2026-09-09T19:47:53.143132705Z ERROR:    Exception in ASGI application
2026-09-09T19:47:53.143163686Z Traceback (most recent call last):
2026-09-09T19:47:53.143166582Z   File "/usr/local/lib/python3.13/site-packages/uvicorn/protocols/http/httptools_impl.py", line 421, in run_asgi
2026-09-09T19:47:53.143169127Z     result = await app(  # type: ignore[func-returns-value]
2026-09-09T19:47:53.143171071Z              ^^^^^^^^^^^^^^^^^^^^^^^^^^^^^^^^^^^^^^^^^^^^^^
2026-09-09T19:47:53.143173005Z         self.scope, self.receive, self.send
2026-09-09T19:47:53.143174918Z         ^^^^^^^^^^^^^^^^^^^^^^^^^^^^^^^^^^^
2026-09-09T19:47:53.143176842Z     )
2026-09-09T19:47:53.143178816Z     ^
2026-09-09T19:47:53.143180750Z   File "/usr/local/lib/python3.13/site-packages/uvicorn/middleware/proxy_headers.py", line 63, in __call__
2026-09-09T19:47:53.143182824Z     return await self.app(scope, receive, send)
2026-09-09T19:47:53.143184748Z            ^^^^^^^^^^^^^^^^^^^^^^^^^^^^^^^^^^^^
2026-09-09T19:47:53.143187543Z   File "/usr/local/lib/python3.13/site-packages/fastapi/applications.py", line 1159, in __call__
2026-09-09T19:47:53.143189517Z     await super().__call__(scope, receive, send)
2026-09-09T19:47:53.143191441Z   File "/usr/local/lib/python3.13/site-packages/starlette/applications.py", line 107, in __call__
2026-09-09T19:47:53.143193375Z     await self.middleware_stack(scope, receive, send)
2026-09-09T19:47:53.143195299Z   File "/usr/local/lib/python3.13/site-packages/starlette/middleware/errors.py", line 186, in __call__
2026-09-09T19:47:53.143197273Z     raise exc
2026-09-09T19:47:53.143199256Z   File "/usr/local/lib/python3.13/site-packages/starlette/middleware/errors.py", line 164, in __call__
2026-09-09T19:47:53.143201190Z     await self.app(scope, receive, _send)
2026-09-09T19:47:53.143203825Z   File "/usr/local/lib/python3.13/site-packages/opentelemetry/instrumentation/asgi/__init__.py", line 806, in __call__
2026-09-09T19:47:53.143225709Z     await self.app(scope, otel_receive, otel_send)
2026-09-09T19:47:53.143227783Z   File "/usr/local/lib/python3.13/site-packages/starlette/middleware/errors.py", line 186, in __call__
2026-09-09T19:47:53.143229717Z     raise exc
2026-09-09T19:47:53.143231640Z   File "/usr/local/lib/python3.13/site-packages/starlette/middleware/errors.py", line 164, in __call__
2026-09-09T19:47:53.143233574Z     await self.app(scope, receive, _send)
2026-09-09T19:47:53.143235518Z   File "/usr/local/lib/python3.13/site-packages/opentelemetry/instrumentation/fastapi/__init__.py", line 305, in __call__
2026-09-09T19:47:53.143237452Z     await self.app(scope, receive, send)
2026-09-09T19:47:53.143239396Z   File "/usr/local/lib/python3.13/site-packages/prometheus_fastapi_instrumentator/middleware.py", line 177, in __call__
2026-09-09T19:47:53.143241319Z     raise exc
2026-09-09T19:47:53.143243243Z   File "/usr/local/lib/python3.13/site-packages/prometheus_fastapi_instrumentator/middleware.py", line 175, in __call__
2026-09-09T19:47:53.143245167Z     await self.app(scope, receive, send_wrapper)
2026-09-09T19:47:53.143247101Z   File "/usr/local/lib/python3.13/site-packages/starlette/middleware/exceptions.py", line 63, in __call__
2026-09-09T19:47:53.143249616Z     await wrap_app_handling_exceptions(self.app, conn)(scope, receive, send)
2026-09-09T19:47:53.143251610Z   File "/usr/local/lib/python3.13/site-packages/starlette/_exception_handler.py", line 53, in wrapped_app
2026-09-09T19:47:53.143254205Z     raise exc
2026-09-09T19:47:53.143256129Z   File "/usr/local/lib/python3.13/site-packages/starlette/_exception_handler.py", line 42, in wrapped_app
2026-09-09T19:47:53.143258052Z     await app(scope, receive, sender)
2026-09-09T19:47:53.143259976Z   File "/usr/local/lib/python3.13/site-packages/fastapi/middleware/asyncexitstack.py", line 18, in __call__
2026-09-09T19:47:53.143261900Z     await self.app(scope, receive, send)
2026-09-09T19:47:53.143263844Z   File "/usr/local/lib/python3.13/site-packages/starlette/routing.py", line 716, in __call__
2026-09-09T19:47:53.143265778Z     await self.middleware_stack(scope, receive, send)
2026-09-09T19:47:53.143267722Z   File "/usr/local/lib/python3.13/site-packages/starlette/routing.py", line 736, in app
2026-09-09T19:47:53.143269635Z     await route.handle(scope, receive, send)
2026-09-09T19:47:53.143271569Z   File "/usr/local/lib/python3.13/site-packages/starlette/routing.py", line 290, in handle
2026-09-09T19:47:53.143273493Z     await self.app(scope, receive, send)
2026-09-09T19:47:53.143275447Z   File "/usr/local/lib/python3.13/site-packages/fastapi/routing.py", line 134, in app
2026-09-09T19:47:53.143277381Z     await wrap_app_handling_exceptions(app, request)(scope, receive, send)
2026-09-09T19:47:53.143279304Z   File "/usr/local/lib/python3.13/site-packages/starlette/_exception_handler.py", line 53, in wrapped_app
2026-09-09T19:47:53.143281248Z     raise exc
2026-09-09T19:47:53.143283192Z   File "/usr/local/lib/python3.13/site-packages/starlette/_exception_handler.py", line 42, in wrapped_app
2026-09-09T19:47:53.143285126Z     await app(scope, receive, sender)
2026-09-09T19:47:53.143287060Z   File "/usr/local/lib/python3.13/site-packages/fastapi/routing.py", line 120, in app
2026-09-09T19:47:53.143289505Z     response = await f(request)
2026-09-09T19:47:53.143291458Z                ^^^^^^^^^^^^^^^^
2026-09-09T19:47:53.143293392Z   File "/usr/local/lib/python3.13/site-packages/fastapi/routing.py", line 674, in app
2026-09-09T19:47:53.143295306Z     raw_response = await run_endpoint_function(
2026-09-09T19:47:53.143297230Z                    ^^^^^^^^^^^^^^^^^^^^^^^^^^^^
2026-09-09T19:47:53.143299915Z     ...<3 lines>...
2026-09-09T19:47:53.143306789Z     )
2026-09-09T19:47:53.143308833Z     ^
2026-09-09T19:47:53.143310767Z   File "/usr/local/lib/python3.13/site-packages/fastapi/routing.py", line 330, in run_endpoint_function
2026-09-09T19:47:53.143312740Z     return await run_in_threadpool(dependant.call, **values)
2026-09-09T19:47:53.143314694Z            ^^^^^^^^^^^^^^^^^^^^^^^^^^^^^^^^^^^^^^^^^^^^^^^^^
2026-09-09T19:47:53.143319193Z   File "/usr/local/lib/python3.13/site-packages/starlette/concurrency.py", line 32, in run_in_threadpool
2026-09-09T19:47:53.143321267Z     return await anyio.to_thread.run_sync(func)
2026-09-09T19:47:53.143326608Z            ^^^^^^^^^^^^^^^^^^^^^^^^^^^^^^^^^^^^
2026-09-09T19:47:53.143328602Z   File "/usr/local/lib/python3.13/site-packages/anyio/to_thread.py", line 63, in run_sync
2026-09-09T19:47:53.143330596Z     return await get_async_backend().run_sync_in_worker_thread(
2026-09-09T19:47:53.143332549Z            ^^^^^^^^^^^^^^^^^^^^^^^^^^^^^^^^^^^^^^^^^^^^^^^^^^^^
2026-09-09T19:47:53.143334493Z         func, args, abandon_on_cancel=abandon_on_cancel, limiter=limiter
2026-09-09T19:47:53.143336437Z         ^^^^^^^^^^^^^^^^^^^^^^^^^^^^^^^^^^^^^^^^^^^^^^^^^^^^^^^^^^^^^^^^
2026-09-09T19:47:53.143338371Z     )
2026-09-09T19:47:53.143340365Z     ^
2026-09-09T19:47:53.143342339Z   File "/usr/local/lib/python3.13/site-packages/anyio/_backends/_asyncio.py", line 2518, in run_sync_in_worker_thread
2026-09-09T19:47:53.143344293Z     return await future
2026-09-09T19:47:53.143346236Z            ^^^^^^^^^^^^
2026-09-09T19:47:53.143348170Z   File "/usr/local/lib/python3.13/site-packages/anyio/_backends/_asyncio.py", line 1002, in run
2026-09-09T19:47:53.143350134Z     result = context.run(func, *args)
2026-09-09T19:47:53.143352108Z   File "/app/app/routers/orders.py", line 36, in checkout
2026-09-09T19:47:53.143354102Z     return create_order(
2026-09-09T19:47:53.143356176Z         db=db,
2026-09-09T19:47:53.143358200Z     ...<2 lines>...
2026-09-09T19:47:53.143360254Z         correlation_id=correlation_id,
2026-09-09T19:47:53.143362469Z     )
2026-09-09T19:47:53.143364472Z   File "/app/app/services/order_service.py", line 42, in create_order
2026-09-09T19:47:53.143366476Z     result = db.execute(
2026-09-09T19:47:53.143368420Z         select(ProductModel).where(ProductModel.id == product_id)
2026-09-09T19:47:53.143370364Z     )
2026-09-09T19:47:53.143372338Z   File "/usr/local/lib/python3.13/site-packages/sqlalchemy/orm/session.py", line 2372, in execute
2026-09-09T19:47:53.143374282Z     return self._execute_internal(
2026-09-09T19:47:53.143376226Z            ~~~~~~~~~~~~~~~~~~~~~~^
2026-09-09T19:47:53.143378170Z         statement,
2026-09-09T19:47:53.143380163Z         ^^^^^^^^^^
2026-09-09T19:47:53.143382127Z     ...<4 lines>...
2026-09-09T19:47:53.143385905Z         _add_event=_add_event,
2026-09-09T19:47:53.143387889Z         ^^^^^^^^^^^^^^^^^^^^^^
2026-09-09T19:47:53.143389963Z     )
2026-09-09T19:47:53.143392007Z     ^
2026-09-09T19:47:53.143394111Z   File "/usr/local/lib/python3.13/site-packages/sqlalchemy/orm/session.py", line 2260, in _execute_internal
2026-09-09T19:47:53.143396075Z     conn = self._connection_for_bind(bind)
2026-09-09T19:47:53.143398049Z   File "/usr/local/lib/python3.13/site-packages/sqlalchemy/orm/session.py", line 2112, in _connection_for_bind
2026-09-09T19:47:53.143400003Z     return trans._connection_for_bind(engine, execution_options)
2026-09-09T19:47:53.143401956Z            ~~~~~~~~~~~~~~~~~~~~~~~~~~^^^^^^^^^^^^^^^^^^^^^^^^^^^
2026-09-09T19:47:53.143403890Z   File "<string>", line 2, in _connection_for_bind
2026-09-09T19:47:53.143405844Z   File "/usr/local/lib/python3.13/site-packages/sqlalchemy/orm/state_changes.py", line 137, in _go
2026-09-09T19:47:53.143413499Z     ret_value = fn(self, *arg, **kw)
2026-09-09T19:47:53.143415533Z   File "/usr/local/lib/python3.13/site-packages/sqlalchemy/orm/session.py", line 1191, in _connection_for_bind
2026-09-09T19:47:53.143417487Z     conn = bind.connect()
2026-09-09T19:47:53.143420132Z   File "/usr/local/lib/python3.13/site-packages/opentelemetry/instrumentation/sqlalchemy/engine.py", line 200, in _wrap_connect_internal
2026-09-09T19:47:53.143422086Z     return func(*args, **kwargs)
2026-09-09T19:47:53.143424060Z   File "/usr/local/lib/python3.13/site-packages/sqlalchemy/engine/base.py", line 3295, in connect
2026-09-09T19:47:53.143426024Z     return self._connection_cls(self)
2026-09-09T19:47:53.143428008Z            ~~~~~~~~~~~~~~~~~~~~^^^^^^
2026-09-09T19:47:53.143430062Z   File "/usr/local/lib/python3.13/site-packages/sqlalchemy/engine/base.py", line 144, in __init__
2026-09-09T19:47:53.143432066Z     self._dbapi_connection = engine.raw_connection()
2026-09-09T19:47:53.143433990Z                              ~~~~~~~~~~~~~~~~~~~~~^^
2026-09-09T19:47:53.143435923Z   File "/usr/local/lib/python3.13/site-packages/sqlalchemy/engine/base.py", line 3319, in raw_connection
2026-09-09T19:47:53.143437857Z     return self.pool.connect()
2026-09-09T19:47:53.143439831Z            ~~~~~~~~~~~~~~~~~^^
2026-09-09T19:47:53.143441775Z   File "/usr/local/lib/python3.13/site-packages/sqlalchemy/pool/base.py", line 448, in connect
2026-09-09T19:47:53.143443729Z     return _ConnectionFairy._checkout(self)
2026-09-09T19:47:53.143445653Z            ~~~~~~~~~~~~~~~~~~~~~~~~~~^^^^^^
2026-09-09T19:47:53.143447586Z   File "/usr/local/lib/python3.13/site-packages/sqlalchemy/pool/base.py", line 1272, in _checkout
2026-09-09T19:47:53.143449520Z     fairy = _ConnectionRecord.checkout(pool)
2026-09-09T19:47:53.143451464Z   File "/usr/local/lib/python3.13/site-packages/sqlalchemy/pool/base.py", line 712, in checkout
2026-09-09T19:47:53.143453398Z     rec = pool._do_get()
2026-09-09T19:47:53.143455322Z   File "/usr/local/lib/python3.13/site-packages/sqlalchemy/pool/impl.py", line 167, in _do_get
2026-09-09T19:47:53.143457256Z     raise exc.TimeoutError(
2026-09-09T19:47:53.143459209Z     ...<4 lines>...
2026-09-09T19:47:53.143461183Z     )
2026-09-09T19:47:53.143463849Z sqlalchemy.exc.TimeoutError: QueuePool limit of size 5 overflow 10 reached, connection timed out, timeout 30.00 (Background on this error at: https://sqlalche.me/e/20/3o7r)
2026-09-09T19:47:53.194165538Z ERROR:    Exception in ASGI application
2026-09-09T19:47:53.194207130Z Traceback (most recent call last):
2026-09-09T19:47:53.194212852Z   File "/usr/local/lib/python3.13/site-packages/uvicorn/protocols/http/httptools_impl.py", line 421, in run_asgi
2026-09-09T19:47:53.194218343Z     result = await app(  # type: ignore[func-returns-value]
2026-09-09T19:47:53.194223002Z              ^^^^^^^^^^^^^^^^^^^^^^^^^^^^^^^^^^^^^^^^^^^^^^
2026-09-09T19:47:53.194227380Z         self.scope, self.receive, self.send
2026-09-09T19:47:53.194231739Z         ^^^^^^^^^^^^^^^^^^^^^^^^^^^^^^^^^^^
2026-09-09T19:47:53.194236168Z     )
2026-09-09T19:47:53.194240637Z     ^
2026-09-09T19:47:53.194245045Z   File "/usr/local/lib/python3.13/site-packages/uvicorn/middleware/proxy_headers.py", line 63, in __call__
2026-09-09T19:47:53.194249494Z     return await self.app(scope, receive, send)
2026-09-09T19:47:53.194253893Z            ^^^^^^^^^^^^^^^^^^^^^^^^^^^^^^^^^^^^
2026-09-09T19:47:53.194258893Z   File "/usr/local/lib/python3.13/site-packages/fastapi/applications.py", line 1159, in __call__
2026-09-09T19:47:53.194263251Z     await super().__call__(scope, receive, send)
2026-09-09T19:47:53.194267630Z   File "/usr/local/lib/python3.13/site-packages/starlette/applications.py", line 107, in __call__
2026-09-09T19:47:53.194301467Z     await self.middleware_stack(scope, receive, send)
2026-09-09T19:47:53.194306166Z   File "/usr/local/lib/python3.13/site-packages/starlette/middleware/errors.py", line 186, in __call__
2026-09-09T19:47:53.194310585Z     raise exc
2026-09-09T19:47:53.194314973Z   File "/usr/local/lib/python3.13/site-packages/starlette/middleware/errors.py", line 164, in __call__
2026-09-09T19:47:53.194319362Z     await self.app(scope, receive, _send)
2026-09-09T19:47:53.194324051Z   File "/usr/local/lib/python3.13/site-packages/opentelemetry/instrumentation/asgi/__init__.py", line 806, in __call__
2026-09-09T19:47:53.194328390Z     await self.app(scope, otel_receive, otel_send)
2026-09-09T19:47:53.194332788Z   File "/usr/local/lib/python3.13/site-packages/starlette/middleware/errors.py", line 186, in __call__
2026-09-09T19:47:53.194337117Z     raise exc
2026-09-09T19:47:53.194341445Z   File "/usr/local/lib/python3.13/site-packages/starlette/middleware/errors.py", line 164, in __call__
2026-09-09T19:47:53.194345774Z     await self.app(scope, receive, _send)
2026-09-09T19:47:53.194355002Z   File "/usr/local/lib/python3.13/site-packages/opentelemetry/instrumentation/fastapi/__init__.py", line 305, in __call__
2026-09-09T19:47:53.194359521Z     await self.app(scope, receive, send)
2026-09-09T19:47:53.194363930Z   File "/usr/local/lib/python3.13/site-packages/prometheus_fastapi_instrumentator/middleware.py", line 177, in __call__
2026-09-09T19:47:53.194368349Z     raise exc
2026-09-09T19:47:53.194372697Z   File "/usr/local/lib/python3.13/site-packages/prometheus_fastapi_instrumentator/middleware.py", line 175, in __call__
2026-09-09T19:47:53.194377076Z     await self.app(scope, receive, send_wrapper)
2026-09-09T19:47:53.194381454Z   File "/usr/local/lib/python3.13/site-packages/starlette/middleware/exceptions.py", line 63, in __call__
2026-09-09T19:47:53.194386344Z     await wrap_app_handling_exceptions(self.app, conn)(scope, receive, send)
2026-09-09T19:47:53.194390713Z   File "/usr/local/lib/python3.13/site-packages/starlette/_exception_handler.py", line 53, in wrapped_app
2026-09-09T19:47:53.194395051Z     raise exc
2026-09-09T19:47:53.194399440Z   File "/usr/local/lib/python3.13/site-packages/starlette/_exception_handler.py", line 42, in wrapped_app
2026-09-09T19:47:53.194406344Z     await app(scope, receive, sender)
2026-09-09T19:47:53.194410762Z   File "/usr/local/lib/python3.13/site-packages/fastapi/middleware/asyncexitstack.py", line 18, in __call__
2026-09-09T19:47:53.194415141Z     await self.app(scope, receive, send)
2026-09-09T19:47:53.194419530Z   File "/usr/local/lib/python3.13/site-packages/starlette/routing.py", line 716, in __call__
2026-09-09T19:47:53.194424269Z     await self.middleware_stack(scope, receive, send)
2026-09-09T19:47:53.194428658Z   File "/usr/local/lib/python3.13/site-packages/starlette/routing.py", line 736, in app
2026-09-09T19:47:53.194432996Z     await route.handle(scope, receive, send)
2026-09-09T19:47:53.194437595Z   File "/usr/local/lib/python3.13/site-packages/starlette/routing.py", line 290, in handle
2026-09-09T19:47:53.194442024Z     await self.app(scope, receive, send)
2026-09-09T19:47:53.194446372Z   File "/usr/local/lib/python3.13/site-packages/fastapi/routing.py", line 134, in app
2026-09-09T19:47:53.194450731Z     await wrap_app_handling_exceptions(app, request)(scope, receive, send)
2026-09-09T19:47:53.194455110Z   File "/usr/local/lib/python3.13/site-packages/starlette/_exception_handler.py", line 53, in wrapped_app
2026-09-09T19:47:53.194459488Z     raise exc
2026-09-09T19:47:53.194463907Z   File "/usr/local/lib/python3.13/site-packages/starlette/_exception_handler.py", line 42, in wrapped_app
2026-09-09T19:47:53.194479217Z     await app(scope, receive, sender)
2026-09-09T19:47:53.194484197Z   File "/usr/local/lib/python3.13/site-packages/fastapi/routing.py", line 120, in app
2026-09-09T19:47:53.194488967Z     response = await f(request)
2026-09-09T19:47:53.194493325Z                ^^^^^^^^^^^^^^^^
2026-09-09T19:47:53.194497684Z   File "/usr/local/lib/python3.13/site-packages/fastapi/routing.py", line 674, in app
2026-09-09T19:47:53.194502012Z     raw_response = await run_endpoint_function(
2026-09-09T19:47:53.194506361Z                    ^^^^^^^^^^^^^^^^^^^^^^^^^^^^
2026-09-09T19:47:53.194511251Z     ...<3 lines>...
2026-09-09T19:47:53.194515619Z     )
2026-09-09T19:47:53.194520018Z     ^
2026-09-09T19:47:53.194524396Z   File "/usr/local/lib/python3.13/site-packages/fastapi/routing.py", line 330, in run_endpoint_function
2026-09-09T19:47:53.194528735Z     return await run_in_threadpool(dependant.call, **values)
2026-09-09T19:47:53.194533074Z            ^^^^^^^^^^^^^^^^^^^^^^^^^^^^^^^^^^^^^^^^^^^^^^^^^
2026-09-09T19:47:53.194604955Z   File "/usr/local/lib/python3.13/site-packages/starlette/concurrency.py", line 32, in run_in_threadpool
2026-09-09T19:47:53.194615436Z     return await anyio.to_thread.run_sync(func)
2026-09-09T19:47:53.194619995Z            ^^^^^^^^^^^^^^^^^^^^^^^^^^^^^^^^^^^^
2026-09-09T19:47:53.194624424Z   File "/usr/local/lib/python3.13/site-packages/anyio/to_thread.py", line 63, in run_sync
2026-09-09T19:47:53.194628792Z     return await get_async_backend().run_sync_in_worker_thread(
2026-09-09T19:47:53.194633141Z            ^^^^^^^^^^^^^^^^^^^^^^^^^^^^^^^^^^^^^^^^^^^^^^^^^^^^
2026-09-09T19:47:53.194637480Z         func, args, abandon_on_cancel=abandon_on_cancel, limiter=limiter
2026-09-09T19:47:53.194641828Z         ^^^^^^^^^^^^^^^^^^^^^^^^^^^^^^^^^^^^^^^^^^^^^^^^^^^^^^^^^^^^^^^^
2026-09-09T19:47:53.194646147Z     )
2026-09-09T19:47:53.194650445Z     ^
2026-09-09T19:47:53.194655084Z   File "/usr/local/lib/python3.13/site-packages/anyio/_backends/_asyncio.py", line 2518, in run_sync_in_worker_thread
2026-09-09T19:47:53.194659493Z     return await future
2026-09-09T19:47:53.194663822Z            ^^^^^^^^^^^^
2026-09-09T19:47:53.194668140Z   File "/usr/local/lib/python3.13/site-packages/anyio/_backends/_asyncio.py", line 1002, in run
2026-09-09T19:47:53.194672479Z     result = context.run(func, *args)
2026-09-09T19:47:53.194676817Z   File "/app/app/routers/orders.py", line 36, in checkout
2026-09-09T19:47:53.194681136Z     return create_order(
2026-09-09T19:47:53.194685494Z         db=db,
2026-09-09T19:47:53.194689833Z     ...<2 lines>...
2026-09-09T19:47:53.194694232Z         correlation_id=correlation_id,
2026-09-09T19:47:53.194698570Z     )
2026-09-09T19:47:53.194702999Z   File "/app/app/services/order_service.py", line 42, in create_order
2026-09-09T19:47:53.194707327Z     result = db.execute(
2026-09-09T19:47:53.194711656Z         select(ProductModel).where(ProductModel.id == product_id)
2026-09-09T19:47:53.194715964Z     )
2026-09-09T19:47:53.194720303Z   File "/usr/local/lib/python3.13/site-packages/sqlalchemy/orm/session.py", line 2372, in execute
2026-09-09T19:47:53.194724752Z     return self._execute_internal(
2026-09-09T19:47:53.194729181Z            ~~~~~~~~~~~~~~~~~~~~~~^
2026-09-09T19:47:53.194734130Z         statement,
2026-09-09T19:47:53.194738599Z         ^^^^^^^^^^
2026-09-09T19:47:53.194742968Z     ...<4 lines>...
2026-09-09T19:47:53.194747366Z         _add_event=_add_event,
2026-09-09T19:47:53.194751705Z         ^^^^^^^^^^^^^^^^^^^^^^
2026-09-09T19:47:53.194755973Z     )
2026-09-09T19:47:53.194760242Z     ^
2026-09-09T19:47:53.194782175Z   File "/usr/local/lib/python3.13/site-packages/sqlalchemy/orm/session.py", line 2260, in _execute_internal
2026-09-09T19:47:53.194786814Z     conn = self._connection_for_bind(bind)
2026-09-09T19:47:53.194791213Z   File "/usr/local/lib/python3.13/site-packages/sqlalchemy/orm/session.py", line 2112, in _connection_for_bind
2026-09-09T19:47:53.194795582Z     return trans._connection_for_bind(engine, execution_options)
2026-09-09T19:47:53.194799910Z            ~~~~~~~~~~~~~~~~~~~~~~~~~~^^^^^^^^^^^^^^^^^^^^^^^^^^^
2026-09-09T19:47:53.194802355Z   File "<string>", line 2, in _connection_for_bind
2026-09-09T19:47:53.194804279Z   File "/usr/local/lib/python3.13/site-packages/sqlalchemy/orm/state_changes.py", line 137, in _go
2026-09-09T19:47:53.194806193Z     ret_value = fn(self, *arg, **kw)
2026-09-09T19:47:53.194808116Z   File "/usr/local/lib/python3.13/site-packages/sqlalchemy/orm/session.py", line 1191, in _connection_for_bind
2026-09-09T19:47:53.194810060Z     conn = bind.connect()
2026-09-09T19:47:53.194812525Z   File "/usr/local/lib/python3.13/site-packages/opentelemetry/instrumentation/sqlalchemy/engine.py", line 200, in _wrap_connect_internal
2026-09-09T19:47:53.194814449Z     return func(*args, **kwargs)
2026-09-09T19:47:53.194816353Z   File "/usr/local/lib/python3.13/site-packages/sqlalchemy/engine/base.py", line 3295, in connect
2026-09-09T19:47:53.194818266Z     return self._connection_cls(self)
2026-09-09T19:47:53.194820180Z            ~~~~~~~~~~~~~~~~~~~~^^^^^^
2026-09-09T19:47:53.194822094Z   File "/usr/local/lib/python3.13/site-packages/sqlalchemy/engine/base.py", line 144, in __init__
2026-09-09T19:47:53.194824028Z     self._dbapi_connection = engine.raw_connection()
2026-09-09T19:47:53.194825942Z                              ~~~~~~~~~~~~~~~~~~~~~^^
2026-09-09T19:47:53.194827865Z   File "/usr/local/lib/python3.13/site-packages/sqlalchemy/engine/base.py", line 3319, in raw_connection
2026-09-09T19:47:53.194829769Z     return self.pool.connect()
2026-09-09T19:47:53.194831693Z            ~~~~~~~~~~~~~~~~~^^
2026-09-09T19:47:53.194833607Z   File "/usr/local/lib/python3.13/site-packages/sqlalchemy/pool/base.py", line 448, in connect
2026-09-09T19:47:53.194835510Z     return _ConnectionFairy._checkout(self)
2026-09-09T19:47:53.194837434Z            ~~~~~~~~~~~~~~~~~~~~~~~~~~^^^^^^
2026-09-09T19:47:53.194839588Z   File "/usr/local/lib/python3.13/site-packages/sqlalchemy/pool/base.py", line 1272, in _checkout
2026-09-09T19:47:53.194841492Z     fairy = _ConnectionRecord.checkout(pool)
2026-09-09T19:47:53.194843406Z   File "/usr/local/lib/python3.13/site-packages/sqlalchemy/pool/base.py", line 712, in checkout
2026-09-09T19:47:53.194845320Z     rec = pool._do_get()
2026-09-09T19:47:53.194847244Z   File "/usr/local/lib/python3.13/site-packages/sqlalchemy/pool/impl.py", line 167, in _do_get
2026-09-09T19:47:53.194849147Z     raise exc.TimeoutError(
2026-09-09T19:47:53.194851051Z     ...<4 lines>...
2026-09-09T19:47:53.194853005Z     )
2026-09-09T19:47:53.194855580Z sqlalchemy.exc.TimeoutError: QueuePool limit of size 5 overflow 10 reached, connection timed out, timeout 30.00 (Background on this error at: https://sqlalche.me/e/20/3o7r)
2026-09-09T19:47:53.200094158Z ERROR:    Exception in ASGI application
2026-09-09T19:47:53.200139487Z Traceback (most recent call last):
2026-09-09T19:47:53.200144246Z   File "/usr/local/lib/python3.13/site-packages/uvicorn/protocols/http/httptools_impl.py", line 421, in run_asgi
2026-09-09T19:47:53.200146942Z     result = await app(  # type: ignore[func-returns-value]
2026-09-09T19:47:53.200148876Z              ^^^^^^^^^^^^^^^^^^^^^^^^^^^^^^^^^^^^^^^^^^^^^^
2026-09-09T19:47:53.200150809Z         self.scope, self.receive, self.send
2026-09-09T19:47:53.200169707Z         ^^^^^^^^^^^^^^^^^^^^^^^^^^^^^^^^^^^
2026-09-09T19:47:53.200171811Z     )
2026-09-09T19:47:53.200173785Z     ^
2026-09-09T19:47:53.200175729Z   File "/usr/local/lib/python3.13/site-packages/uvicorn/middleware/proxy_headers.py", line 63, in __call__
2026-09-09T19:47:53.200177652Z     return await self.app(scope, receive, send)
2026-09-09T19:47:53.200179566Z            ^^^^^^^^^^^^^^^^^^^^^^^^^^^^^^^^^^^^
2026-09-09T19:47:53.200182021Z   File "/usr/local/lib/python3.13/site-packages/fastapi/applications.py", line 1159, in __call__
2026-09-09T19:47:53.200183925Z     await super().__call__(scope, receive, send)
2026-09-09T19:47:53.200185859Z   File "/usr/local/lib/python3.13/site-packages/starlette/applications.py", line 107, in __call__
2026-09-09T19:47:53.200187772Z     await self.middleware_stack(scope, receive, send)
2026-09-09T19:47:53.200189696Z   File "/usr/local/lib/python3.13/site-packages/starlette/middleware/errors.py", line 186, in __call__
2026-09-09T19:47:53.200191640Z     raise exc
2026-09-09T19:47:53.200193584Z   File "/usr/local/lib/python3.13/site-packages/starlette/middleware/errors.py", line 164, in __call__
2026-09-09T19:47:53.200195548Z     await self.app(scope, receive, _send)
2026-09-09T19:47:53.200197912Z   File "/usr/local/lib/python3.13/site-packages/opentelemetry/instrumentation/asgi/__init__.py", line 806, in __call__
2026-09-09T19:47:53.200200387Z     await self.app(scope, otel_receive, otel_send)
2026-09-09T19:47:53.200202371Z   File "/usr/local/lib/python3.13/site-packages/starlette/middleware/errors.py", line 186, in __call__
2026-09-09T19:47:53.200204796Z     raise exc
2026-09-09T19:47:53.200206730Z   File "/usr/local/lib/python3.13/site-packages/starlette/middleware/errors.py", line 164, in __call__
2026-09-09T19:47:53.200208654Z     await self.app(scope, receive, _send)
2026-09-09T19:47:53.200210567Z   File "/usr/local/lib/python3.13/site-packages/opentelemetry/instrumentation/fastapi/__init__.py", line 305, in __call__
2026-09-09T19:47:53.200212481Z     await self.app(scope, receive, send)
2026-09-09T19:47:53.200214385Z   File "/usr/local/lib/python3.13/site-packages/prometheus_fastapi_instrumentator/middleware.py", line 177, in __call__
2026-09-09T19:47:53.200216289Z     raise exc
2026-09-09T19:47:53.200218212Z   File "/usr/local/lib/python3.13/site-packages/prometheus_fastapi_instrumentator/middleware.py", line 175, in __call__
2026-09-09T19:47:53.200220126Z     await self.app(scope, receive, send_wrapper)
2026-09-09T19:47:53.200222020Z   File "/usr/local/lib/python3.13/site-packages/starlette/middleware/exceptions.py", line 63, in __call__
2026-09-09T19:47:53.200224395Z     await wrap_app_handling_exceptions(self.app, conn)(scope, receive, send)
2026-09-09T19:47:53.200226308Z   File "/usr/local/lib/python3.13/site-packages/starlette/_exception_handler.py", line 53, in wrapped_app
2026-09-09T19:47:53.200228202Z     raise exc
2026-09-09T19:47:53.200230136Z   File "/usr/local/lib/python3.13/site-packages/starlette/_exception_handler.py", line 42, in wrapped_app
2026-09-09T19:47:53.200232030Z     await app(scope, receive, sender)
2026-09-09T19:47:53.200233953Z   File "/usr/local/lib/python3.13/site-packages/fastapi/middleware/asyncexitstack.py", line 18, in __call__
2026-09-09T19:47:53.200236208Z     await self.app(scope, receive, send)
2026-09-09T19:47:53.200238162Z   File "/usr/local/lib/python3.13/site-packages/starlette/routing.py", line 716, in __call__
2026-09-09T19:47:53.200240066Z     await self.middleware_stack(scope, receive, send)
2026-09-09T19:47:53.200241979Z   File "/usr/local/lib/python3.13/site-packages/starlette/routing.py", line 736, in app
2026-09-09T19:47:53.200243873Z     await route.handle(scope, receive, send)
2026-09-09T19:47:53.200256728Z   File "/usr/local/lib/python3.13/site-packages/starlette/routing.py", line 290, in handle
2026-09-09T19:47:53.200258722Z     await self.app(scope, receive, send)
2026-09-09T19:47:53.200260666Z   File "/usr/local/lib/python3.13/site-packages/fastapi/routing.py", line 134, in app
2026-09-09T19:47:53.200262580Z     await wrap_app_handling_exceptions(app, request)(scope, receive, send)
2026-09-09T19:47:53.200264534Z   File "/usr/local/lib/python3.13/site-packages/starlette/_exception_handler.py", line 53, in wrapped_app
2026-09-09T19:47:53.200266448Z     raise exc
2026-09-09T19:47:53.200268371Z   File "/usr/local/lib/python3.13/site-packages/starlette/_exception_handler.py", line 42, in wrapped_app
2026-09-09T19:47:53.200270295Z     await app(scope, receive, sender)
2026-09-09T19:47:53.200272219Z   File "/usr/local/lib/python3.13/site-packages/fastapi/routing.py", line 120, in app
2026-09-09T19:47:53.200274694Z     response = await f(request)
2026-09-09T19:47:53.200276668Z                ^^^^^^^^^^^^^^^^
2026-09-09T19:47:53.200278592Z   File "/usr/local/lib/python3.13/site-packages/fastapi/routing.py", line 674, in app
2026-09-09T19:47:53.200280495Z     raw_response = await run_endpoint_function(
2026-09-09T19:47:53.200282409Z                    ^^^^^^^^^^^^^^^^^^^^^^^^^^^^
2026-09-09T19:47:53.200284934Z     ...<3 lines>...
2026-09-09T19:47:53.200286868Z     )
2026-09-09T19:47:53.200288782Z     ^
2026-09-09T19:47:53.200290685Z   File "/usr/local/lib/python3.13/site-packages/fastapi/routing.py", line 330, in run_endpoint_function
2026-09-09T19:47:53.200292609Z     return await run_in_threadpool(dependant.call, **values)
2026-09-09T19:47:53.200294523Z            ^^^^^^^^^^^^^^^^^^^^^^^^^^^^^^^^^^^^^^^^^^^^^^^^^
2026-09-09T19:47:53.200303541Z   File "/usr/local/lib/python3.13/site-packages/starlette/concurrency.py", line 32, in run_in_threadpool
2026-09-09T19:47:53.200305625Z     return await anyio.to_thread.run_sync(func)
2026-09-09T19:47:53.200307559Z            ^^^^^^^^^^^^^^^^^^^^^^^^^^^^^^^^^^^^
2026-09-09T19:47:53.200309493Z   File "/usr/local/lib/python3.13/site-packages/anyio/to_thread.py", line 63, in run_sync
2026-09-09T19:47:53.200311416Z     return await get_async_backend().run_sync_in_worker_thread(
2026-09-09T19:47:53.200313360Z            ^^^^^^^^^^^^^^^^^^^^^^^^^^^^^^^^^^^^^^^^^^^^^^^^^^^^
2026-09-09T19:47:53.200315274Z         func, args, abandon_on_cancel=abandon_on_cancel, limiter=limiter
2026-09-09T19:47:53.200317188Z         ^^^^^^^^^^^^^^^^^^^^^^^^^^^^^^^^^^^^^^^^^^^^^^^^^^^^^^^^^^^^^^^^
2026-09-09T19:47:53.200319112Z     )
2026-09-09T19:47:53.200323560Z     ^
2026-09-09T19:47:53.200325604Z   File "/usr/local/lib/python3.13/site-packages/anyio/_backends/_asyncio.py", line 2518, in run_sync_in_worker_thread
2026-09-09T19:47:53.200327528Z     return await future
2026-09-09T19:47:53.200329462Z            ^^^^^^^^^^^^
2026-09-09T19:47:53.200331396Z   File "/usr/local/lib/python3.13/site-packages/anyio/_backends/_asyncio.py", line 1002, in run
2026-09-09T19:47:53.200333330Z     result = context.run(func, *args)
2026-09-09T19:47:53.200335243Z   File "/app/app/routers/orders.py", line 36, in checkout
2026-09-09T19:47:53.200337167Z     return create_order(
2026-09-09T19:47:53.200339091Z         db=db,
2026-09-09T19:47:53.200341015Z     ...<2 lines>...
2026-09-09T19:47:53.200342959Z         correlation_id=correlation_id,
2026-09-09T19:47:53.200344882Z     )
2026-09-09T19:47:53.200346856Z   File "/app/app/services/order_service.py", line 42, in create_order
2026-09-09T19:47:53.200348790Z     result = db.execute(
2026-09-09T19:47:53.200350724Z         select(ProductModel).where(ProductModel.id == product_id)
2026-09-09T19:47:53.200367437Z     )
2026-09-09T19:47:53.200369641Z   File "/usr/local/lib/python3.13/site-packages/sqlalchemy/orm/session.py", line 2372, in execute
2026-09-09T19:47:53.200371565Z     return self._execute_internal(
2026-09-09T19:47:53.200373499Z            ~~~~~~~~~~~~~~~~~~~~~~^
2026-09-09T19:47:53.200375483Z         statement,
2026-09-09T19:47:53.200377467Z         ^^^^^^^^^^
2026-09-09T19:47:53.200379401Z     ...<4 lines>...
2026-09-09T19:47:53.200381334Z         _add_event=_add_event,
2026-09-09T19:47:53.200383258Z         ^^^^^^^^^^^^^^^^^^^^^^
2026-09-09T19:47:53.200385152Z     )
2026-09-09T19:47:53.200387066Z     ^
2026-09-09T19:47:53.200388999Z   File "/usr/local/lib/python3.13/site-packages/sqlalchemy/orm/session.py", line 2260, in _execute_internal
2026-09-09T19:47:53.200390923Z     conn = self._connection_for_bind(bind)
2026-09-09T19:47:53.200392877Z   File "/usr/local/lib/python3.13/site-packages/sqlalchemy/orm/session.py", line 2112, in _connection_for_bind
2026-09-09T19:47:53.200394911Z     return trans._connection_for_bind(engine, execution_options)
2026-09-09T19:47:53.200396845Z            ~~~~~~~~~~~~~~~~~~~~~~~~~~^^^^^^^^^^^^^^^^^^^^^^^^^^^
2026-09-09T19:47:53.200398769Z   File "<string>", line 2, in _connection_for_bind
2026-09-09T19:47:53.200400703Z   File "/usr/local/lib/python3.13/site-packages/sqlalchemy/orm/state_changes.py", line 137, in _go
2026-09-09T19:47:53.200402636Z     ret_value = fn(self, *arg, **kw)
2026-09-09T19:47:53.200404560Z   File "/usr/local/lib/python3.13/site-packages/sqlalchemy/orm/session.py", line 1191, in _connection_for_bind
2026-09-09T19:47:53.200406494Z     conn = bind.connect()
2026-09-09T19:47:53.200409179Z   File "/usr/local/lib/python3.13/site-packages/opentelemetry/instrumentation/sqlalchemy/engine.py", line 200, in _wrap_connect_internal
2026-09-09T19:47:53.200411344Z     return func(*args, **kwargs)
2026-09-09T19:47:53.200413498Z   File "/usr/local/lib/python3.13/site-packages/sqlalchemy/engine/base.py", line 3295, in connect
2026-09-09T19:47:53.200415602Z     return self._connection_cls(self)
2026-09-09T19:47:53.200417536Z            ~~~~~~~~~~~~~~~~~~~~^^^^^^
2026-09-09T19:47:53.200419470Z   File "/usr/local/lib/python3.13/site-packages/sqlalchemy/engine/base.py", line 144, in __init__
2026-09-09T19:47:53.200421403Z     self._dbapi_connection = engine.raw_connection()
2026-09-09T19:47:53.200423317Z                              ~~~~~~~~~~~~~~~~~~~~~^^
2026-09-09T19:47:53.200425351Z   File "/usr/local/lib/python3.13/site-packages/sqlalchemy/engine/base.py", line 3319, in raw_connection
2026-09-09T19:47:53.200427275Z     return self.pool.connect()
2026-09-09T19:47:53.200429199Z            ~~~~~~~~~~~~~~~~~^^
2026-09-09T19:47:53.200431143Z   File "/usr/local/lib/python3.13/site-packages/sqlalchemy/pool/base.py", line 448, in connect
2026-09-09T19:47:53.200433066Z     return _ConnectionFairy._checkout(self)
2026-09-09T19:47:53.200434980Z            ~~~~~~~~~~~~~~~~~~~~~~~~~~^^^^^^
2026-09-09T19:47:53.200436924Z   File "/usr/local/lib/python3.13/site-packages/sqlalchemy/pool/base.py", line 1272, in _checkout
2026-09-09T19:47:53.200438838Z     fairy = _ConnectionRecord.checkout(pool)
2026-09-09T19:47:53.200440772Z   File "/usr/local/lib/python3.13/site-packages/sqlalchemy/pool/base.py", line 712, in checkout
2026-09-09T19:47:53.200442746Z     rec = pool._do_get()
2026-09-09T19:47:53.200444669Z   File "/usr/local/lib/python3.13/site-packages/sqlalchemy/pool/impl.py", line 167, in _do_get
2026-09-09T19:47:53.200446603Z     raise exc.TimeoutError(
2026-09-09T19:47:53.200448517Z     ...<4 lines>...
2026-09-09T19:47:53.200450451Z     )
2026-09-09T19:47:53.200457294Z sqlalchemy.exc.TimeoutError: QueuePool limit of size 5 overflow 10 reached, connection timed out, timeout 30.00 (Background on this error at: https://sqlalche.me/e/20/3o7r)
2026-09-09T19:47:53.241008806Z ERROR:    Exception in ASGI application
2026-09-09T19:47:53.241044206Z Traceback (most recent call last):
2026-09-09T19:47:53.241047763Z   File "/usr/local/lib/python3.13/site-packages/uvicorn/protocols/http/httptools_impl.py", line 421, in run_asgi
2026-09-09T19:47:53.241050268Z     result = await app(  # type: ignore[func-returns-value]
2026-09-09T19:47:53.241052201Z              ^^^^^^^^^^^^^^^^^^^^^^^^^^^^^^^^^^^^^^^^^^^^^^
2026-09-09T19:47:53.241054115Z         self.scope, self.receive, self.send
2026-09-09T19:47:53.241056059Z         ^^^^^^^^^^^^^^^^^^^^^^^^^^^^^^^^^^^
2026-09-09T19:47:53.241058013Z     )
2026-09-09T19:47:53.241060127Z     ^
2026-09-09T19:47:53.241062301Z   File "/usr/local/lib/python3.13/site-packages/uvicorn/middleware/proxy_headers.py", line 63, in __call__
2026-09-09T19:47:53.241064335Z     return await self.app(scope, receive, send)
2026-09-09T19:47:53.241066269Z            ^^^^^^^^^^^^^^^^^^^^^^^^^^^^^^^^^^^^
2026-09-09T19:47:53.241068804Z   File "/usr/local/lib/python3.13/site-packages/fastapi/applications.py", line 1159, in __call__
2026-09-09T19:47:53.241070758Z     await super().__call__(scope, receive, send)
2026-09-09T19:47:53.241072722Z   File "/usr/local/lib/python3.13/site-packages/starlette/applications.py", line 107, in __call__
2026-09-09T19:47:53.241074746Z     await self.middleware_stack(scope, receive, send)
2026-09-09T19:47:53.241076730Z   File "/usr/local/lib/python3.13/site-packages/starlette/middleware/errors.py", line 186, in __call__
2026-09-09T19:47:53.241078714Z     raise exc
2026-09-09T19:47:53.241080968Z   File "/usr/local/lib/python3.13/site-packages/starlette/middleware/errors.py", line 164, in __call__
2026-09-09T19:47:53.241082922Z     await self.app(scope, receive, _send)
2026-09-09T19:47:53.241085517Z   File "/usr/local/lib/python3.13/site-packages/opentelemetry/instrumentation/asgi/__init__.py", line 806, in __call__
2026-09-09T19:47:53.241087601Z     await self.app(scope, otel_receive, otel_send)
2026-09-09T19:47:53.241089585Z   File "/usr/local/lib/python3.13/site-packages/starlette/middleware/errors.py", line 186, in __call__
2026-09-09T19:47:53.241091509Z     raise exc
2026-09-09T19:47:53.241093473Z   File "/usr/local/lib/python3.13/site-packages/starlette/middleware/errors.py", line 164, in __call__
2026-09-09T19:47:53.241095407Z     await self.app(scope, receive, _send)
2026-09-09T19:47:53.241097351Z   File "/usr/local/lib/python3.13/site-packages/opentelemetry/instrumentation/fastapi/__init__.py", line 305, in __call__
2026-09-09T19:47:53.241099294Z     await self.app(scope, receive, send)
2026-09-09T19:47:53.241101228Z   File "/usr/local/lib/python3.13/site-packages/prometheus_fastapi_instrumentator/middleware.py", line 177, in __call__
2026-09-09T19:47:53.241103162Z     raise exc
2026-09-09T19:47:53.241105096Z   File "/usr/local/lib/python3.13/site-packages/prometheus_fastapi_instrumentator/middleware.py", line 175, in __call__
2026-09-09T19:47:53.241107030Z     await self.app(scope, receive, send_wrapper)
2026-09-09T19:47:53.241108983Z   File "/usr/local/lib/python3.13/site-packages/starlette/middleware/exceptions.py", line 63, in __call__
2026-09-09T19:47:53.241111448Z     await wrap_app_handling_exceptions(self.app, conn)(scope, receive, send)
2026-09-09T19:47:53.241113382Z   File "/usr/local/lib/python3.13/site-packages/starlette/_exception_handler.py", line 53, in wrapped_app
2026-09-09T19:47:53.241115306Z     raise exc
2026-09-09T19:47:53.241117220Z   File "/usr/local/lib/python3.13/site-packages/starlette/_exception_handler.py", line 42, in wrapped_app
2026-09-09T19:47:53.241135796Z     await app(scope, receive, sender)
2026-09-09T19:47:53.241140646Z   File "/usr/local/lib/python3.13/site-packages/fastapi/middleware/asyncexitstack.py", line 18, in __call__
2026-09-09T19:47:53.241142680Z     await self.app(scope, receive, send)
2026-09-09T19:47:53.241160866Z   File "/usr/local/lib/python3.13/site-packages/starlette/routing.py", line 716, in __call__
2026-09-09T19:47:53.241165756Z     await self.middleware_stack(scope, receive, send)
2026-09-09T19:47:53.241167749Z   File "/usr/local/lib/python3.13/site-packages/starlette/routing.py", line 736, in app
2026-09-09T19:47:53.241169693Z     await route.handle(scope, receive, send)
2026-09-09T19:47:53.241171627Z   File "/usr/local/lib/python3.13/site-packages/starlette/routing.py", line 290, in handle
2026-09-09T19:47:53.241173561Z     await self.app(scope, receive, send)
2026-09-09T19:47:53.241175505Z   File "/usr/local/lib/python3.13/site-packages/fastapi/routing.py", line 134, in app
2026-09-09T19:47:53.241177419Z     await wrap_app_handling_exceptions(app, request)(scope, receive, send)
2026-09-09T19:47:53.241181797Z   File "/usr/local/lib/python3.13/site-packages/starlette/_exception_handler.py", line 53, in wrapped_app
2026-09-09T19:47:53.241183801Z     raise exc
2026-09-09T19:47:53.241185845Z   File "/usr/local/lib/python3.13/site-packages/starlette/_exception_handler.py", line 42, in wrapped_app
2026-09-09T19:47:53.241187839Z     await app(scope, receive, sender)
2026-09-09T19:47:53.241189833Z   File "/usr/local/lib/python3.13/site-packages/fastapi/routing.py", line 120, in app
2026-09-09T19:47:53.241192218Z     response = await f(request)
2026-09-09T19:47:53.241194272Z                ^^^^^^^^^^^^^^^^
2026-09-09T19:47:53.241196246Z   File "/usr/local/lib/python3.13/site-packages/fastapi/routing.py", line 674, in app
2026-09-09T19:47:53.241198480Z     raw_response = await run_endpoint_function(
2026-09-09T19:47:53.241200484Z                    ^^^^^^^^^^^^^^^^^^^^^^^^^^^^
2026-09-09T19:47:53.241202959Z     ...<3 lines>...
2026-09-09T19:47:53.241204913Z     )
2026-09-09T19:47:53.241206837Z     ^
2026-09-09T19:47:53.241208851Z   File "/usr/local/lib/python3.13/site-packages/fastapi/routing.py", line 330, in run_endpoint_function
2026-09-09T19:47:53.241210824Z     return await run_in_threadpool(dependant.call, **values)
2026-09-09T19:47:53.241212758Z            ^^^^^^^^^^^^^^^^^^^^^^^^^^^^^^^^^^^^^^^^^^^^^^^^^
2026-09-09T19:47:53.241223389Z   File "/usr/local/lib/python3.13/site-packages/starlette/concurrency.py", line 32, in run_in_threadpool
2026-09-09T19:47:53.241225483Z     return await anyio.to_thread.run_sync(func)
2026-09-09T19:47:53.241227437Z            ^^^^^^^^^^^^^^^^^^^^^^^^^^^^^^^^^^^^
2026-09-09T19:47:53.241229331Z   File "/usr/local/lib/python3.13/site-packages/anyio/to_thread.py", line 63, in run_sync
2026-09-09T19:47:53.241231255Z     return await get_async_backend().run_sync_in_worker_thread(
2026-09-09T19:47:53.241233159Z            ^^^^^^^^^^^^^^^^^^^^^^^^^^^^^^^^^^^^^^^^^^^^^^^^^^^^
2026-09-09T19:47:53.241235052Z         func, args, abandon_on_cancel=abandon_on_cancel, limiter=limiter
2026-09-09T19:47:53.241237026Z         ^^^^^^^^^^^^^^^^^^^^^^^^^^^^^^^^^^^^^^^^^^^^^^^^^^^^^^^^^^^^^^^^
2026-09-09T19:47:53.241238960Z     )
2026-09-09T19:47:53.241240884Z     ^
2026-09-09T19:47:53.241242828Z   File "/usr/local/lib/python3.13/site-packages/anyio/_backends/_asyncio.py", line 2518, in run_sync_in_worker_thread
2026-09-09T19:47:53.241244761Z     return await future
2026-09-09T19:47:53.241246695Z            ^^^^^^^^^^^^
2026-09-09T19:47:53.241248609Z   File "/usr/local/lib/python3.13/site-packages/anyio/_backends/_asyncio.py", line 1002, in run
2026-09-09T19:47:53.241258659Z     result = context.run(func, *args)
2026-09-09T19:47:53.241260763Z   File "/app/app/routers/orders.py", line 36, in checkout
2026-09-09T19:47:53.241262707Z     return create_order(
2026-09-09T19:47:53.241264651Z         db=db,
2026-09-09T19:47:53.241266595Z     ...<2 lines>...
2026-09-09T19:47:53.241268518Z         correlation_id=correlation_id,
2026-09-09T19:47:53.241270422Z     )
2026-09-09T19:47:53.241272386Z   File "/app/app/services/order_service.py", line 42, in create_order
2026-09-09T19:47:53.241274330Z     result = db.execute(
2026-09-09T19:47:53.241276304Z         select(ProductModel).where(ProductModel.id == product_id)
2026-09-09T19:47:53.241278227Z     )
2026-09-09T19:47:53.241280161Z   File "/usr/local/lib/python3.13/site-packages/sqlalchemy/orm/session.py", line 2372, in execute
2026-09-09T19:47:53.241282165Z     return self._execute_internal(
2026-09-09T19:47:53.241284089Z            ~~~~~~~~~~~~~~~~~~~~~~^
2026-09-09T19:47:53.241285993Z         statement,
2026-09-09T19:47:53.241287927Z         ^^^^^^^^^^
2026-09-09T19:47:53.241289850Z     ...<4 lines>...
2026-09-09T19:47:53.241291784Z         _add_event=_add_event,
2026-09-09T19:47:53.241293698Z         ^^^^^^^^^^^^^^^^^^^^^^
2026-09-09T19:47:53.241295642Z     )
2026-09-09T19:47:53.241297626Z     ^
2026-09-09T19:47:53.241299570Z   File "/usr/local/lib/python3.13/site-packages/sqlalchemy/orm/session.py", line 2260, in _execute_internal
2026-09-09T19:47:53.241301553Z     conn = self._connection_for_bind(bind)
2026-09-09T19:47:53.241303487Z   File "/usr/local/lib/python3.13/site-packages/sqlalchemy/orm/session.py", line 2112, in _connection_for_bind
2026-09-09T19:47:53.241305411Z     return trans._connection_for_bind(engine, execution_options)
2026-09-09T19:47:53.241307355Z            ~~~~~~~~~~~~~~~~~~~~~~~~~~^^^^^^^^^^^^^^^^^^^^^^^^^^^
2026-09-09T19:47:53.241309259Z   File "<string>", line 2, in _connection_for_bind
2026-09-09T19:47:53.241311172Z   File "/usr/local/lib/python3.13/site-packages/sqlalchemy/orm/state_changes.py", line 137, in _go
2026-09-09T19:47:53.241313096Z     ret_value = fn(self, *arg, **kw)
2026-09-09T19:47:53.241314990Z   File "/usr/local/lib/python3.13/site-packages/sqlalchemy/orm/session.py", line 1191, in _connection_for_bind
2026-09-09T19:47:53.241316924Z     conn = bind.connect()
2026-09-09T19:47:53.241319409Z   File "/usr/local/lib/python3.13/site-packages/opentelemetry/instrumentation/sqlalchemy/engine.py", line 200, in _wrap_connect_internal
2026-09-09T19:47:53.241321363Z     return func(*args, **kwargs)
2026-09-09T19:47:53.241323306Z   File "/usr/local/lib/python3.13/site-packages/sqlalchemy/engine/base.py", line 3295, in connect
2026-09-09T19:47:53.241325270Z     return self._connection_cls(self)
2026-09-09T19:47:53.241327184Z            ~~~~~~~~~~~~~~~~~~~~^^^^^^
2026-09-09T19:47:53.241329128Z   File "/usr/local/lib/python3.13/site-packages/sqlalchemy/engine/base.py", line 144, in __init__
2026-09-09T19:47:53.241331052Z     self._dbapi_connection = engine.raw_connection()
2026-09-09T19:47:53.241332955Z                              ~~~~~~~~~~~~~~~~~~~~~^^
2026-09-09T19:47:53.241334899Z   File "/usr/local/lib/python3.13/site-packages/sqlalchemy/engine/base.py", line 3319, in raw_connection
2026-09-09T19:47:53.241336833Z     return self.pool.connect()
2026-09-09T19:47:53.241338767Z            ~~~~~~~~~~~~~~~~~^^
2026-09-09T19:47:53.241340701Z   File "/usr/local/lib/python3.13/site-packages/sqlalchemy/pool/base.py", line 448, in connect
2026-09-09T19:47:53.241342604Z     return _ConnectionFairy._checkout(self)
2026-09-09T19:47:53.241344498Z            ~~~~~~~~~~~~~~~~~~~~~~~~~~^^^^^^
2026-09-09T19:47:53.241351151Z   File "/usr/local/lib/python3.13/site-packages/sqlalchemy/pool/base.py", line 1272, in _checkout
2026-09-09T19:47:53.241353115Z     fairy = _ConnectionRecord.checkout(pool)
2026-09-09T19:47:53.241355039Z   File "/usr/local/lib/python3.13/site-packages/sqlalchemy/pool/base.py", line 712, in checkout
2026-09-09T19:47:53.241356963Z     rec = pool._do_get()
2026-09-09T19:47:53.241358907Z   File "/usr/local/lib/python3.13/site-packages/sqlalchemy/pool/impl.py", line 167, in _do_get
2026-09-09T19:47:53.241360840Z     raise exc.TimeoutError(
2026-09-09T19:47:53.241362774Z     ...<4 lines>...
2026-09-09T19:47:53.241364708Z     )
2026-09-09T19:47:53.241367153Z sqlalchemy.exc.TimeoutError: QueuePool limit of size 5 overflow 10 reached, connection timed out, timeout 30.00 (Background on this error at: https://sqlalche.me/e/20/3o7r)
