2026-09-10T18:39:11.636161018Z INFO:     Shutting down
2026-09-10T18:39:11.736808908Z INFO:     Waiting for connections to close. (CTRL+C to force quit)
2026-09-10T18:39:12.843740081Z ERROR:    Exception in ASGI application
2026-09-10T18:39:12.843774198Z Traceback (most recent call last):
2026-09-10T18:39:12.843779037Z   File "/usr/local/lib/python3.13/site-packages/uvicorn/protocols/http/httptools_impl.py", line 421, in run_asgi
2026-09-10T18:39:12.843785871Z     result = await app(  # type: ignore[func-returns-value]
2026-09-10T18:39:12.843789328Z              ^^^^^^^^^^^^^^^^^^^^^^^^^^^^^^^^^^^^^^^^^^^^^^
2026-09-10T18:39:12.843792774Z         self.scope, self.receive, self.send
2026-09-10T18:39:12.843796121Z         ^^^^^^^^^^^^^^^^^^^^^^^^^^^^^^^^^^^
2026-09-10T18:39:12.843799648Z     )
2026-09-10T18:39:12.843803034Z     ^
2026-09-10T18:39:12.843806451Z   File "/usr/local/lib/python3.13/site-packages/uvicorn/middleware/proxy_headers.py", line 63, in __call__
2026-09-10T18:39:12.843809838Z     return await self.app(scope, receive, send)
2026-09-10T18:39:12.843813214Z            ^^^^^^^^^^^^^^^^^^^^^^^^^^^^^^^^^^^^
2026-09-10T18:39:12.843818425Z   File "/usr/local/lib/python3.13/site-packages/fastapi/applications.py", line 1159, in __call__
2026-09-10T18:39:12.843821871Z     await super().__call__(scope, receive, send)
2026-09-10T18:39:12.843825268Z   File "/usr/local/lib/python3.13/site-packages/starlette/applications.py", line 107, in __call__
2026-09-10T18:39:12.843828635Z     await self.middleware_stack(scope, receive, send)
2026-09-10T18:39:12.843831971Z   File "/usr/local/lib/python3.13/site-packages/starlette/middleware/errors.py", line 186, in __call__
2026-09-10T18:39:12.843835338Z     raise exc
2026-09-10T18:39:12.843838754Z   File "/usr/local/lib/python3.13/site-packages/starlette/middleware/errors.py", line 164, in __call__
2026-09-10T18:39:12.843842111Z     await self.app(scope, receive, _send)
2026-09-10T18:39:12.843846129Z   File "/usr/local/lib/python3.13/site-packages/opentelemetry/instrumentation/asgi/__init__.py", line 806, in __call__
2026-09-10T18:39:12.843849516Z     await self.app(scope, otel_receive, otel_send)
2026-09-10T18:39:12.843853002Z   File "/usr/local/lib/python3.13/site-packages/starlette/middleware/errors.py", line 186, in __call__
2026-09-10T18:39:12.843856419Z     raise exc
2026-09-10T18:39:12.843859796Z   File "/usr/local/lib/python3.13/site-packages/starlette/middleware/errors.py", line 164, in __call__
2026-09-10T18:39:12.843863152Z     await self.app(scope, receive, _send)
2026-09-10T18:39:12.843866449Z   File "/usr/local/lib/python3.13/site-packages/opentelemetry/instrumentation/fastapi/__init__.py", line 305, in __call__
2026-09-10T18:39:12.843869835Z     await self.app(scope, receive, send)
2026-09-10T18:39:12.843906628Z   File "/usr/local/lib/python3.13/site-packages/prometheus_fastapi_instrumentator/middleware.py", line 177, in __call__
2026-09-10T18:39:12.843940354Z     raise exc
2026-09-10T18:39:12.843942538Z   File "/usr/local/lib/python3.13/site-packages/prometheus_fastapi_instrumentator/middleware.py", line 175, in __call__
2026-09-10T18:39:12.843945304Z     await self.app(scope, receive, send_wrapper)
2026-09-10T18:39:12.843947398Z   File "/usr/local/lib/python3.13/site-packages/starlette/middleware/exceptions.py", line 63, in __call__
2026-09-10T18:39:12.843950584Z     await wrap_app_handling_exceptions(self.app, conn)(scope, receive, send)
2026-09-10T18:39:12.843952508Z   File "/usr/local/lib/python3.13/site-packages/starlette/_exception_handler.py", line 53, in wrapped_app
2026-09-10T18:39:12.843954431Z     raise exc
2026-09-10T18:39:12.843956325Z   File "/usr/local/lib/python3.13/site-packages/starlette/_exception_handler.py", line 42, in wrapped_app
2026-09-10T18:39:12.843958239Z     await app(scope, receive, sender)
2026-09-10T18:39:12.843960343Z   File "/usr/local/lib/python3.13/site-packages/fastapi/middleware/asyncexitstack.py", line 18, in __call__
2026-09-10T18:39:12.843962417Z     await self.app(scope, receive, send)
2026-09-10T18:39:12.843964381Z   File "/usr/local/lib/python3.13/site-packages/starlette/routing.py", line 716, in __call__
2026-09-10T18:39:12.843966295Z     await self.middleware_stack(scope, receive, send)
2026-09-10T18:39:12.843968208Z   File "/usr/local/lib/python3.13/site-packages/starlette/routing.py", line 736, in app
2026-09-10T18:39:12.843970132Z     await route.handle(scope, receive, send)
2026-09-10T18:39:12.843972046Z   File "/usr/local/lib/python3.13/site-packages/starlette/routing.py", line 290, in handle
2026-09-10T18:39:12.843973960Z     await self.app(scope, receive, send)
2026-09-10T18:39:12.843975864Z   File "/usr/local/lib/python3.13/site-packages/fastapi/routing.py", line 134, in app
2026-09-10T18:39:12.843977827Z     await wrap_app_handling_exceptions(app, request)(scope, receive, send)
2026-09-10T18:39:12.843979731Z   File "/usr/local/lib/python3.13/site-packages/starlette/_exception_handler.py", line 53, in wrapped_app
2026-09-10T18:39:12.843981645Z     raise exc
2026-09-10T18:39:12.843983539Z   File "/usr/local/lib/python3.13/site-packages/starlette/_exception_handler.py", line 42, in wrapped_app
2026-09-10T18:39:12.843985442Z     await app(scope, receive, sender)
2026-09-10T18:39:12.843987346Z   File "/usr/local/lib/python3.13/site-packages/fastapi/routing.py", line 120, in app
2026-09-10T18:39:12.843989661Z     response = await f(request)
2026-09-10T18:39:12.843991624Z                ^^^^^^^^^^^^^^^^
2026-09-10T18:39:12.843993538Z   File "/usr/local/lib/python3.13/site-packages/fastapi/routing.py", line 674, in app
2026-09-10T18:39:12.843995452Z     raw_response = await run_endpoint_function(
2026-09-10T18:39:12.843997366Z                    ^^^^^^^^^^^^^^^^^^^^^^^^^^^^
2026-09-10T18:39:12.843999931Z     ...<3 lines>...
2026-09-10T18:39:12.844001844Z     )
2026-09-10T18:39:12.844003788Z     ^
2026-09-10T18:39:12.844005702Z   File "/usr/local/lib/python3.13/site-packages/fastapi/routing.py", line 330, in run_endpoint_function
2026-09-10T18:39:12.844007616Z     return await run_in_threadpool(dependant.call, **values)
2026-09-10T18:39:12.844009550Z            ^^^^^^^^^^^^^^^^^^^^^^^^^^^^^^^^^^^^^^^^^^^^^^^^^
2026-09-10T18:39:12.844041913Z   File "/usr/local/lib/python3.13/site-packages/starlette/concurrency.py", line 32, in run_in_threadpool
2026-09-10T18:39:12.844046552Z     return await anyio.to_thread.run_sync(func)
2026-09-10T18:39:12.844048566Z            ^^^^^^^^^^^^^^^^^^^^^^^^^^^^^^^^^^^^
2026-09-10T18:39:12.844050480Z   File "/usr/local/lib/python3.13/site-packages/anyio/to_thread.py", line 63, in run_sync
2026-09-10T18:39:12.844052404Z     return await get_async_backend().run_sync_in_worker_thread(
2026-09-10T18:39:12.844064558Z            ^^^^^^^^^^^^^^^^^^^^^^^^^^^^^^^^^^^^^^^^^^^^^^^^^^^^
2026-09-10T18:39:12.844066652Z         func, args, abandon_on_cancel=abandon_on_cancel, limiter=limiter
2026-09-10T18:39:12.844068575Z         ^^^^^^^^^^^^^^^^^^^^^^^^^^^^^^^^^^^^^^^^^^^^^^^^^^^^^^^^^^^^^^^^
2026-09-10T18:39:12.844070469Z     )
2026-09-10T18:39:12.844072373Z     ^
2026-09-10T18:39:12.844074267Z   File "/usr/local/lib/python3.13/site-packages/anyio/_backends/_asyncio.py", line 2518, in run_sync_in_worker_thread
2026-09-10T18:39:12.844076160Z     return await future
2026-09-10T18:39:12.844078094Z            ^^^^^^^^^^^^
2026-09-10T18:39:12.844080048Z   File "/usr/local/lib/python3.13/site-packages/anyio/_backends/_asyncio.py", line 1002, in run
2026-09-10T18:39:12.844082252Z     result = context.run(func, *args)
2026-09-10T18:39:12.844084166Z   File "/app/app/routers/orders.py", line 36, in checkout
2026-09-10T18:39:12.844086100Z     return create_order(
2026-09-10T18:39:12.844088094Z         db=db,
2026-09-10T18:39:12.844090168Z     ...<2 lines>...
2026-09-10T18:39:12.844092092Z         correlation_id=correlation_id,
2026-09-10T18:39:12.844093985Z     )
2026-09-10T18:39:12.844095949Z   File "/app/app/services/order_service.py", line 42, in create_order
2026-09-10T18:39:12.844097873Z     result = db.execute(
2026-09-10T18:39:12.844099797Z         select(ProductModel).where(ProductModel.id == product_id)
2026-09-10T18:39:12.844101771Z     )
2026-09-10T18:39:12.844103664Z   File "/usr/local/lib/python3.13/site-packages/sqlalchemy/orm/session.py", line 2372, in execute
2026-09-10T18:39:12.844105548Z     return self._execute_internal(
2026-09-10T18:39:12.844107442Z            ~~~~~~~~~~~~~~~~~~~~~~^
2026-09-10T18:39:12.844109345Z         statement,
2026-09-10T18:39:12.844111249Z         ^^^^^^^^^^
2026-09-10T18:39:12.844113183Z     ...<4 lines>...
2026-09-10T18:39:12.844115087Z         _add_event=_add_event,
2026-09-10T18:39:12.844116970Z         ^^^^^^^^^^^^^^^^^^^^^^
2026-09-10T18:39:12.844118874Z     )
2026-09-10T18:39:12.844120788Z     ^
2026-09-10T18:39:12.844125307Z   File "/usr/local/lib/python3.13/site-packages/sqlalchemy/orm/session.py", line 2260, in _execute_internal
2026-09-10T18:39:12.844127271Z     conn = self._connection_for_bind(bind)
2026-09-10T18:39:12.844129194Z   File "/usr/local/lib/python3.13/site-packages/sqlalchemy/orm/session.py", line 2112, in _connection_for_bind
2026-09-10T18:39:12.844131198Z     return trans._connection_for_bind(engine, execution_options)
2026-09-10T18:39:12.844133142Z            ~~~~~~~~~~~~~~~~~~~~~~~~~~^^^^^^^^^^^^^^^^^^^^^^^^^^^
2026-09-10T18:39:12.844135046Z   File "<string>", line 2, in _connection_for_bind
2026-09-10T18:39:12.844136919Z   File "/usr/local/lib/python3.13/site-packages/sqlalchemy/orm/state_changes.py", line 137, in _go
2026-09-10T18:39:12.844138803Z     ret_value = fn(self, *arg, **kw)
2026-09-10T18:39:12.844140737Z   File "/usr/local/lib/python3.13/site-packages/sqlalchemy/orm/session.py", line 1191, in _connection_for_bind
2026-09-10T18:39:12.844142631Z     conn = bind.connect()
2026-09-10T18:39:12.844145156Z   File "/usr/local/lib/python3.13/site-packages/opentelemetry/instrumentation/sqlalchemy/engine.py", line 200, in _wrap_connect_internal
2026-09-10T18:39:12.844147059Z     return func(*args, **kwargs)
2026-09-10T18:39:12.844149013Z   File "/usr/local/lib/python3.13/site-packages/sqlalchemy/engine/base.py", line 3295, in connect
2026-09-10T18:39:12.844150917Z     return self._connection_cls(self)
2026-09-10T18:39:12.844152821Z            ~~~~~~~~~~~~~~~~~~~~^^^^^^
2026-09-10T18:39:12.844154704Z   File "/usr/local/lib/python3.13/site-packages/sqlalchemy/engine/base.py", line 144, in __init__
2026-09-10T18:39:12.844161337Z     self._dbapi_connection = engine.raw_connection()
2026-09-10T18:39:12.844163281Z                              ~~~~~~~~~~~~~~~~~~~~~^^
2026-09-10T18:39:12.844165335Z   File "/usr/local/lib/python3.13/site-packages/sqlalchemy/engine/base.py", line 3319, in raw_connection
2026-09-10T18:39:12.844167259Z     return self.pool.connect()
2026-09-10T18:39:12.844169153Z            ~~~~~~~~~~~~~~~~~^^
2026-09-10T18:39:12.844171066Z   File "/usr/local/lib/python3.13/site-packages/sqlalchemy/pool/base.py", line 448, in connect
2026-09-10T18:39:12.844172970Z     return _ConnectionFairy._checkout(self)
2026-09-10T18:39:12.844174874Z            ~~~~~~~~~~~~~~~~~~~~~~~~~~^^^^^^
2026-09-10T18:39:12.844176778Z   File "/usr/local/lib/python3.13/site-packages/sqlalchemy/pool/base.py", line 1272, in _checkout
2026-09-10T18:39:12.844178691Z     fairy = _ConnectionRecord.checkout(pool)
2026-09-10T18:39:12.844180595Z   File "/usr/local/lib/python3.13/site-packages/sqlalchemy/pool/base.py", line 712, in checkout
2026-09-10T18:39:12.844182509Z     rec = pool._do_get()
2026-09-10T18:39:12.844184423Z   File "/usr/local/lib/python3.13/site-packages/sqlalchemy/pool/impl.py", line 167, in _do_get
2026-09-10T18:39:12.844186336Z     raise exc.TimeoutError(
2026-09-10T18:39:12.844188240Z     ...<4 lines>...
2026-09-10T18:39:12.844190144Z     )
2026-09-10T18:39:12.844192979Z sqlalchemy.exc.TimeoutError: QueuePool limit of size 5 overflow 10 reached, connection timed out, timeout 30.00 (Background on this error at: https://sqlalche.me/e/20/3o7r)
2026-09-10T18:39:12.942702550Z ERROR:    Exception in ASGI application
2026-09-10T18:39:12.942740916Z Traceback (most recent call last):
2026-09-10T18:39:12.942743701Z   File "/usr/local/lib/python3.13/site-packages/uvicorn/protocols/http/httptools_impl.py", line 421, in run_asgi
2026-09-10T18:39:12.942746416Z     result = await app(  # type: ignore[func-returns-value]
2026-09-10T18:39:12.942748941Z              ^^^^^^^^^^^^^^^^^^^^^^^^^^^^^^^^^^^^^^^^^^^^^^
2026-09-10T18:39:12.942750925Z         self.scope, self.receive, self.send
2026-09-10T18:39:12.942752819Z         ^^^^^^^^^^^^^^^^^^^^^^^^^^^^^^^^^^^
2026-09-10T18:39:12.942754743Z     )
2026-09-10T18:39:12.942756707Z     ^
2026-09-10T18:39:12.942758701Z   File "/usr/local/lib/python3.13/site-packages/uvicorn/middleware/proxy_headers.py", line 63, in __call__
2026-09-10T18:39:12.942760654Z     return await self.app(scope, receive, send)
2026-09-10T18:39:12.942762618Z            ^^^^^^^^^^^^^^^^^^^^^^^^^^^^^^^^^^^^
2026-09-10T18:39:12.942765644Z   File "/usr/local/lib/python3.13/site-packages/fastapi/applications.py", line 1159, in __call__
2026-09-10T18:39:12.942767558Z     await super().__call__(scope, receive, send)
2026-09-10T18:39:12.942769512Z   File "/usr/local/lib/python3.13/site-packages/starlette/applications.py", line 107, in __call__
2026-09-10T18:39:12.942771546Z     await self.middleware_stack(scope, receive, send)
2026-09-10T18:39:12.942774121Z   File "/usr/local/lib/python3.13/site-packages/starlette/middleware/errors.py", line 186, in __call__
2026-09-10T18:39:12.942776075Z     raise exc
2026-09-10T18:39:12.942781666Z   File "/usr/local/lib/python3.13/site-packages/starlette/middleware/errors.py", line 164, in __call__
2026-09-10T18:39:12.942783639Z     await self.app(scope, receive, _send)
2026-09-10T18:39:12.942786074Z   File "/usr/local/lib/python3.13/site-packages/opentelemetry/instrumentation/asgi/__init__.py", line 806, in __call__
2026-09-10T18:39:12.942787998Z     await self.app(scope, otel_receive, otel_send)
2026-09-10T18:39:12.942789912Z   File "/usr/local/lib/python3.13/site-packages/starlette/middleware/errors.py", line 186, in __call__
2026-09-10T18:39:12.942814149Z     raise exc
2026-09-10T18:39:12.942816143Z   File "/usr/local/lib/python3.13/site-packages/starlette/middleware/errors.py", line 164, in __call__
2026-09-10T18:39:12.942818077Z     await self.app(scope, receive, _send)
2026-09-10T18:39:12.942819981Z   File "/usr/local/lib/python3.13/site-packages/opentelemetry/instrumentation/fastapi/__init__.py", line 305, in __call__
2026-09-10T18:39:12.942821885Z     await self.app(scope, receive, send)
2026-09-10T18:39:12.942823788Z   File "/usr/local/lib/python3.13/site-packages/prometheus_fastapi_instrumentator/middleware.py", line 177, in __call__
2026-09-10T18:39:12.942825702Z     raise exc
2026-09-10T18:39:12.942827596Z   File "/usr/local/lib/python3.13/site-packages/prometheus_fastapi_instrumentator/middleware.py", line 175, in __call__
2026-09-10T18:39:12.942829509Z     await self.app(scope, receive, send_wrapper)
2026-09-10T18:39:12.942831624Z   File "/usr/local/lib/python3.13/site-packages/starlette/middleware/exceptions.py", line 63, in __call__
2026-09-10T18:39:12.942834429Z     await wrap_app_handling_exceptions(self.app, conn)(scope, receive, send)
2026-09-10T18:39:12.942836343Z   File "/usr/local/lib/python3.13/site-packages/starlette/_exception_handler.py", line 53, in wrapped_app
2026-09-10T18:39:12.942838267Z     raise exc
2026-09-10T18:39:12.942840210Z   File "/usr/local/lib/python3.13/site-packages/starlette/_exception_handler.py", line 42, in wrapped_app
2026-09-10T18:39:12.942842345Z     await app(scope, receive, sender)
2026-09-10T18:39:12.942844298Z   File "/usr/local/lib/python3.13/site-packages/fastapi/middleware/asyncexitstack.py", line 18, in __call__
2026-09-10T18:39:12.942846232Z     await self.app(scope, receive, send)
2026-09-10T18:39:12.942877413Z   File "/usr/local/lib/python3.13/site-packages/starlette/routing.py", line 716, in __call__
2026-09-10T18:39:12.942882413Z     await self.middleware_stack(scope, receive, send)
2026-09-10T18:39:12.942884357Z   File "/usr/local/lib/python3.13/site-packages/starlette/routing.py", line 736, in app
2026-09-10T18:39:12.942886291Z     await route.handle(scope, receive, send)
2026-09-10T18:39:12.942888215Z   File "/usr/local/lib/python3.13/site-packages/starlette/routing.py", line 290, in handle
2026-09-10T18:39:12.942890138Z     await self.app(scope, receive, send)
2026-09-10T18:39:12.942892082Z   File "/usr/local/lib/python3.13/site-packages/fastapi/routing.py", line 134, in app
2026-09-10T18:39:12.942893996Z     await wrap_app_handling_exceptions(app, request)(scope, receive, send)
2026-09-10T18:39:12.942895960Z   File "/usr/local/lib/python3.13/site-packages/starlette/_exception_handler.py", line 53, in wrapped_app
2026-09-10T18:39:12.942897894Z     raise exc
2026-09-10T18:39:12.942899857Z   File "/usr/local/lib/python3.13/site-packages/starlette/_exception_handler.py", line 42, in wrapped_app
2026-09-10T18:39:12.942901841Z     await app(scope, receive, sender)
2026-09-10T18:39:12.942903765Z   File "/usr/local/lib/python3.13/site-packages/fastapi/routing.py", line 120, in app
2026-09-10T18:39:12.942906110Z     response = await f(request)
2026-09-10T18:39:12.942908034Z                ^^^^^^^^^^^^^^^^
2026-09-10T18:39:12.942909947Z   File "/usr/local/lib/python3.13/site-packages/fastapi/routing.py", line 674, in app
2026-09-10T18:39:12.942911871Z     raw_response = await run_endpoint_function(
2026-09-10T18:39:12.942913795Z                    ^^^^^^^^^^^^^^^^^^^^^^^^^^^^
2026-09-10T18:39:12.942916520Z     ...<3 lines>...
2026-09-10T18:39:12.942918554Z     )
2026-09-10T18:39:12.942920478Z     ^
2026-09-10T18:39:12.942922402Z   File "/usr/local/lib/python3.13/site-packages/fastapi/routing.py", line 330, in run_endpoint_function
2026-09-10T18:39:12.942930157Z     return await run_in_threadpool(dependant.call, **values)
2026-09-10T18:39:12.942932562Z            ^^^^^^^^^^^^^^^^^^^^^^^^^^^^^^^^^^^^^^^^^^^^^^^^^
2026-09-10T18:39:12.942974965Z   File "/usr/local/lib/python3.13/site-packages/starlette/concurrency.py", line 32, in run_in_threadpool
2026-09-10T18:39:12.942979634Z     return await anyio.to_thread.run_sync(func)
2026-09-10T18:39:12.942981648Z            ^^^^^^^^^^^^^^^^^^^^^^^^^^^^^^^^^^^^
2026-09-10T18:39:12.942983552Z   File "/usr/local/lib/python3.13/site-packages/anyio/to_thread.py", line 63, in run_sync
2026-09-10T18:39:12.942985485Z     return await get_async_backend().run_sync_in_worker_thread(
2026-09-10T18:39:12.942987429Z            ^^^^^^^^^^^^^^^^^^^^^^^^^^^^^^^^^^^^^^^^^^^^^^^^^^^^
2026-09-10T18:39:12.942989343Z         func, args, abandon_on_cancel=abandon_on_cancel, limiter=limiter
2026-09-10T18:39:12.942991257Z         ^^^^^^^^^^^^^^^^^^^^^^^^^^^^^^^^^^^^^^^^^^^^^^^^^^^^^^^^^^^^^^^^
2026-09-10T18:39:12.942993251Z     )
2026-09-10T18:39:12.942995195Z     ^
2026-09-10T18:39:12.942997198Z   File "/usr/local/lib/python3.13/site-packages/anyio/_backends/_asyncio.py", line 2518, in run_sync_in_worker_thread
2026-09-10T18:39:12.942999122Z     return await future
2026-09-10T18:39:12.943001066Z            ^^^^^^^^^^^^
2026-09-10T18:39:12.943002970Z   File "/usr/local/lib/python3.13/site-packages/anyio/_backends/_asyncio.py", line 1002, in run
2026-09-10T18:39:12.943004914Z     result = context.run(func, *args)
2026-09-10T18:39:12.943006837Z   File "/app/app/routers/orders.py", line 36, in checkout
2026-09-10T18:39:12.943008791Z     return create_order(
2026-09-10T18:39:12.943010725Z         db=db,
2026-09-10T18:39:12.943012669Z     ...<2 lines>...
2026-09-10T18:39:12.943014613Z         correlation_id=correlation_id,
2026-09-10T18:39:12.943016536Z     )
2026-09-10T18:39:12.943018550Z   File "/app/app/services/order_service.py", line 42, in create_order
2026-09-10T18:39:12.943020464Z     result = db.execute(
2026-09-10T18:39:12.943022398Z         select(ProductModel).where(ProductModel.id == product_id)
2026-09-10T18:39:12.943024342Z     )
2026-09-10T18:39:12.943026316Z   File "/usr/local/lib/python3.13/site-packages/sqlalchemy/orm/session.py", line 2372, in execute
2026-09-10T18:39:12.943028410Z     return self._execute_internal(
2026-09-10T18:39:12.943030323Z            ~~~~~~~~~~~~~~~~~~~~~~^
2026-09-10T18:39:12.943032247Z         statement,
2026-09-10T18:39:12.943034161Z         ^^^^^^^^^^
2026-09-10T18:39:12.943036065Z     ...<4 lines>...
2026-09-10T18:39:12.943037958Z         _add_event=_add_event,
2026-09-10T18:39:12.943039882Z         ^^^^^^^^^^^^^^^^^^^^^^
2026-09-10T18:39:12.943041796Z     )
2026-09-10T18:39:12.943043690Z     ^
2026-09-10T18:39:12.943045633Z   File "/usr/local/lib/python3.13/site-packages/sqlalchemy/orm/session.py", line 2260, in _execute_internal
2026-09-10T18:39:12.943047537Z     conn = self._connection_for_bind(bind)
2026-09-10T18:39:12.943049471Z   File "/usr/local/lib/python3.13/site-packages/sqlalchemy/orm/session.py", line 2112, in _connection_for_bind
2026-09-10T18:39:12.943053609Z     return trans._connection_for_bind(engine, execution_options)
2026-09-10T18:39:12.943055583Z            ~~~~~~~~~~~~~~~~~~~~~~~~~~^^^^^^^^^^^^^^^^^^^^^^^^^^^
2026-09-10T18:39:12.943057527Z   File "<string>", line 2, in _connection_for_bind
2026-09-10T18:39:12.943059461Z   File "/usr/local/lib/python3.13/site-packages/sqlalchemy/orm/state_changes.py", line 137, in _go
2026-09-10T18:39:12.943061374Z     ret_value = fn(self, *arg, **kw)
2026-09-10T18:39:12.943064290Z   File "/usr/local/lib/python3.13/site-packages/sqlalchemy/orm/session.py", line 1191, in _connection_for_bind
2026-09-10T18:39:12.943080161Z     conn = bind.connect()
2026-09-10T18:39:12.943082846Z   File "/usr/local/lib/python3.13/site-packages/opentelemetry/instrumentation/sqlalchemy/engine.py", line 200, in _wrap_connect_internal
2026-09-10T18:39:12.943084740Z     return func(*args, **kwargs)
2026-09-10T18:39:12.943086654Z   File "/usr/local/lib/python3.13/site-packages/sqlalchemy/engine/base.py", line 3295, in connect
2026-09-10T18:39:12.943088598Z     return self._connection_cls(self)
2026-09-10T18:39:12.943090512Z            ~~~~~~~~~~~~~~~~~~~~^^^^^^
2026-09-10T18:39:12.943092415Z   File "/usr/local/lib/python3.13/site-packages/sqlalchemy/engine/base.py", line 144, in __init__
2026-09-10T18:39:12.943094399Z     self._dbapi_connection = engine.raw_connection()
2026-09-10T18:39:12.943096323Z                              ~~~~~~~~~~~~~~~~~~~~~^^
2026-09-10T18:39:12.943098227Z   File "/usr/local/lib/python3.13/site-packages/sqlalchemy/engine/base.py", line 3319, in raw_connection
2026-09-10T18:39:12.943100201Z     return self.pool.connect()
2026-09-10T18:39:12.943102134Z            ~~~~~~~~~~~~~~~~~^^
2026-09-10T18:39:12.943104088Z   File "/usr/local/lib/python3.13/site-packages/sqlalchemy/pool/base.py", line 448, in connect
2026-09-10T18:39:12.943106012Z     return _ConnectionFairy._checkout(self)
2026-09-10T18:39:12.943107926Z            ~~~~~~~~~~~~~~~~~~~~~~~~~~^^^^^^
2026-09-10T18:39:12.943109849Z   File "/usr/local/lib/python3.13/site-packages/sqlalchemy/pool/base.py", line 1272, in _checkout
2026-09-10T18:39:12.943111773Z     fairy = _ConnectionRecord.checkout(pool)
2026-09-10T18:39:12.943113787Z   File "/usr/local/lib/python3.13/site-packages/sqlalchemy/pool/base.py", line 712, in checkout
2026-09-10T18:39:12.943115992Z     rec = pool._do_get()
2026-09-10T18:39:12.943117925Z   File "/usr/local/lib/python3.13/site-packages/sqlalchemy/pool/impl.py", line 167, in _do_get
2026-09-10T18:39:12.943119859Z     raise exc.TimeoutError(
2026-09-10T18:39:12.943121793Z     ...<4 lines>...
2026-09-10T18:39:12.943123717Z     )
2026-09-10T18:39:12.943126302Z sqlalchemy.exc.TimeoutError: QueuePool limit of size 5 overflow 10 reached, connection timed out, timeout 30.00 (Background on this error at: https://sqlalche.me/e/20/3o7r)
2026-09-10T18:39:13.955444181Z ERROR:    Exception in ASGI application
2026-09-10T18:39:13.955479320Z Traceback (most recent call last):
2026-09-10T18:39:13.955482175Z   File "/usr/local/lib/python3.13/site-packages/uvicorn/protocols/http/httptools_impl.py", line 421, in run_asgi
2026-09-10T18:39:13.955485332Z     result = await app(  # type: ignore[func-returns-value]
2026-09-10T18:39:13.955487285Z              ^^^^^^^^^^^^^^^^^^^^^^^^^^^^^^^^^^^^^^^^^^^^^^
2026-09-10T18:39:13.955489219Z         self.scope, self.receive, self.send
2026-09-10T18:39:13.955491163Z         ^^^^^^^^^^^^^^^^^^^^^^^^^^^^^^^^^^^
2026-09-10T18:39:13.955493117Z     )
2026-09-10T18:39:13.955495111Z     ^
2026-09-10T18:39:13.955497055Z   File "/usr/local/lib/python3.13/site-packages/uvicorn/middleware/proxy_headers.py", line 63, in __call__
2026-09-10T18:39:13.955499129Z     return await self.app(scope, receive, send)
2026-09-10T18:39:13.955501092Z            ^^^^^^^^^^^^^^^^^^^^^^^^^^^^^^^^^^^^
2026-09-10T18:39:13.955506102Z   File "/usr/local/lib/python3.13/site-packages/fastapi/applications.py", line 1159, in __call__
2026-09-10T18:39:13.955508076Z     await super().__call__(scope, receive, send)
2026-09-10T18:39:13.955510000Z   File "/usr/local/lib/python3.13/site-packages/starlette/applications.py", line 107, in __call__
2026-09-10T18:39:13.955511994Z     await self.middleware_stack(scope, receive, send)
2026-09-10T18:39:13.955528927Z   File "/usr/local/lib/python3.13/site-packages/starlette/middleware/errors.py", line 186, in __call__
2026-09-10T18:39:13.955531021Z     raise exc
2026-09-10T18:39:13.955532955Z   File "/usr/local/lib/python3.13/site-packages/starlette/middleware/errors.py", line 164, in __call__
2026-09-10T18:39:13.955534959Z     await self.app(scope, receive, _send)
2026-09-10T18:39:13.955537344Z   File "/usr/local/lib/python3.13/site-packages/opentelemetry/instrumentation/asgi/__init__.py", line 806, in __call__
2026-09-10T18:39:13.955539337Z     await self.app(scope, otel_receive, otel_send)
2026-09-10T18:39:13.955541271Z   File "/usr/local/lib/python3.13/site-packages/starlette/middleware/errors.py", line 186, in __call__
2026-09-10T18:39:13.955543195Z     raise exc
2026-09-10T18:39:13.955545109Z   File "/usr/local/lib/python3.13/site-packages/starlette/middleware/errors.py", line 164, in __call__
2026-09-10T18:39:13.955547043Z     await self.app(scope, receive, _send)
2026-09-10T18:39:13.955548956Z   File "/usr/local/lib/python3.13/site-packages/opentelemetry/instrumentation/fastapi/__init__.py", line 305, in __call__
2026-09-10T18:39:13.955550900Z     await self.app(scope, receive, send)
2026-09-10T18:39:13.955552864Z   File "/usr/local/lib/python3.13/site-packages/prometheus_fastapi_instrumentator/middleware.py", line 177, in __call__
2026-09-10T18:39:13.955554968Z     raise exc
2026-09-10T18:39:13.955556882Z   File "/usr/local/lib/python3.13/site-packages/prometheus_fastapi_instrumentator/middleware.py", line 175, in __call__
2026-09-10T18:39:13.955558856Z     await self.app(scope, receive, send_wrapper)
2026-09-10T18:39:13.955560770Z   File "/usr/local/lib/python3.13/site-packages/starlette/middleware/exceptions.py", line 63, in __call__
2026-09-10T18:39:13.955563274Z     await wrap_app_handling_exceptions(self.app, conn)(scope, receive, send)
2026-09-10T18:39:13.955565188Z   File "/usr/local/lib/python3.13/site-packages/starlette/_exception_handler.py", line 53, in wrapped_app
2026-09-10T18:39:13.955567122Z     raise exc
2026-09-10T18:39:13.956187168Z   File "/usr/local/lib/python3.13/site-packages/starlette/_exception_handler.py", line 42, in wrapped_app
2026-09-10T18:39:13.956204783Z     await app(scope, receive, sender)
2026-09-10T18:39:13.956207078Z   File "/usr/local/lib/python3.13/site-packages/fastapi/middleware/asyncexitstack.py", line 18, in __call__
2026-09-10T18:39:13.956209051Z     await self.app(scope, receive, send)
2026-09-10T18:39:13.956211977Z   File "/usr/local/lib/python3.13/site-packages/starlette/routing.py", line 716, in __call__
2026-09-10T18:39:13.956214702Z     await self.middleware_stack(scope, receive, send)
2026-09-10T18:39:13.956216696Z   File "/usr/local/lib/python3.13/site-packages/starlette/routing.py", line 736, in app
2026-09-10T18:39:13.956218921Z     await route.handle(scope, receive, send)
2026-09-10T18:39:13.956220875Z   File "/usr/local/lib/python3.13/site-packages/starlette/routing.py", line 290, in handle
2026-09-10T18:39:13.956222828Z     await self.app(scope, receive, send)
2026-09-10T18:39:13.956224772Z   File "/usr/local/lib/python3.13/site-packages/fastapi/routing.py", line 134, in app
2026-09-10T18:39:13.956227969Z     await wrap_app_handling_exceptions(app, request)(scope, receive, send)
2026-09-10T18:39:13.956229992Z   File "/usr/local/lib/python3.13/site-packages/starlette/_exception_handler.py", line 53, in wrapped_app
2026-09-10T18:39:13.956231946Z     raise exc
2026-09-10T18:39:13.956234060Z   File "/usr/local/lib/python3.13/site-packages/starlette/_exception_handler.py", line 42, in wrapped_app
2026-09-10T18:39:13.956236185Z     await app(scope, receive, sender)
2026-09-10T18:39:13.956238158Z   File "/usr/local/lib/python3.13/site-packages/fastapi/routing.py", line 120, in app
2026-09-10T18:39:13.956258589Z     response = await f(request)
2026-09-10T18:39:13.956260613Z                ^^^^^^^^^^^^^^^^
2026-09-10T18:39:13.956262536Z   File "/usr/local/lib/python3.13/site-packages/fastapi/routing.py", line 674, in app
2026-09-10T18:39:13.956264480Z     raw_response = await run_endpoint_function(
2026-09-10T18:39:13.956266434Z                    ^^^^^^^^^^^^^^^^^^^^^^^^^^^^
2026-09-10T18:39:13.956269019Z     ...<3 lines>...
2026-09-10T18:39:13.956271023Z     )
2026-09-10T18:39:13.956272997Z     ^
2026-09-10T18:39:13.956275041Z   File "/usr/local/lib/python3.13/site-packages/fastapi/routing.py", line 330, in run_endpoint_function
2026-09-10T18:39:13.956277135Z     return await run_in_threadpool(dependant.call, **values)
2026-09-10T18:39:13.956279069Z            ^^^^^^^^^^^^^^^^^^^^^^^^^^^^^^^^^^^^^^^^^^^^^^^^^
2026-09-10T18:39:13.956308967Z   File "/usr/local/lib/python3.13/site-packages/starlette/concurrency.py", line 32, in run_in_threadpool
2026-09-10T18:39:13.956311162Z     return await anyio.to_thread.run_sync(func)
2026-09-10T18:39:13.956313186Z            ^^^^^^^^^^^^^^^^^^^^^^^^^^^^^^^^^^^^
2026-09-10T18:39:13.956315130Z   File "/usr/local/lib/python3.13/site-packages/anyio/to_thread.py", line 63, in run_sync
2026-09-10T18:39:13.956317073Z     return await get_async_backend().run_sync_in_worker_thread(
2026-09-10T18:39:13.956318987Z            ^^^^^^^^^^^^^^^^^^^^^^^^^^^^^^^^^^^^^^^^^^^^^^^^^^^^
2026-09-10T18:39:13.956320891Z         func, args, abandon_on_cancel=abandon_on_cancel, limiter=limiter
2026-09-10T18:39:13.956346631Z         ^^^^^^^^^^^^^^^^^^^^^^^^^^^^^^^^^^^^^^^^^^^^^^^^^^^^^^^^^^^^^^^^
2026-09-10T18:39:13.956351010Z     )
2026-09-10T18:39:13.956353004Z     ^
2026-09-10T18:39:13.956355479Z   File "/usr/local/lib/python3.13/site-packages/anyio/_backends/_asyncio.py", line 2518, in run_sync_in_worker_thread
2026-09-10T18:39:13.956357743Z     return await future
2026-09-10T18:39:13.956359667Z            ^^^^^^^^^^^^
2026-09-10T18:39:13.956361561Z   File "/usr/local/lib/python3.13/site-packages/anyio/_backends/_asyncio.py", line 1002, in run
2026-09-10T18:39:13.956363464Z     result = context.run(func, *args)
2026-09-10T18:39:13.956365368Z   File "/app/app/routers/orders.py", line 36, in checkout
2026-09-10T18:39:13.956367282Z     return create_order(
2026-09-10T18:39:13.956369416Z         db=db,
2026-09-10T18:39:13.956371380Z     ...<2 lines>...
2026-09-10T18:39:13.956373324Z         correlation_id=correlation_id,
2026-09-10T18:39:13.956375247Z     )
2026-09-10T18:39:13.956377261Z   File "/app/app/services/order_service.py", line 42, in create_order
2026-09-10T18:39:13.956379165Z     result = db.execute(
2026-09-10T18:39:13.956381069Z         select(ProductModel).where(ProductModel.id == product_id)
2026-09-10T18:39:13.956382953Z     )
2026-09-10T18:39:13.956385187Z   File "/usr/local/lib/python3.13/site-packages/sqlalchemy/orm/session.py", line 2372, in execute
2026-09-10T18:39:13.956387101Z     return self._execute_internal(
2026-09-10T18:39:13.956388994Z            ~~~~~~~~~~~~~~~~~~~~~~^
2026-09-10T18:39:13.956390898Z         statement,
2026-09-10T18:39:13.956392792Z         ^^^^^^^^^^
2026-09-10T18:39:13.956394696Z     ...<4 lines>...
2026-09-10T18:39:13.956396750Z         _add_event=_add_event,
2026-09-10T18:39:13.956398653Z         ^^^^^^^^^^^^^^^^^^^^^^
2026-09-10T18:39:13.956400557Z     )
2026-09-10T18:39:13.956402461Z     ^
2026-09-10T18:39:13.956404415Z   File "/usr/local/lib/python3.13/site-packages/sqlalchemy/orm/session.py", line 2260, in _execute_internal
2026-09-10T18:39:13.956417711Z     conn = self._connection_for_bind(bind)
2026-09-10T18:39:13.956419705Z   File "/usr/local/lib/python3.13/site-packages/sqlalchemy/orm/session.py", line 2112, in _connection_for_bind
2026-09-10T18:39:13.956421648Z     return trans._connection_for_bind(engine, execution_options)
2026-09-10T18:39:13.956423562Z            ~~~~~~~~~~~~~~~~~~~~~~~~~~^^^^^^^^^^^^^^^^^^^^^^^^^^^
2026-09-10T18:39:13.956425526Z   File "<string>", line 2, in _connection_for_bind
2026-09-10T18:39:13.956427420Z   File "/usr/local/lib/python3.13/site-packages/sqlalchemy/orm/state_changes.py", line 137, in _go
2026-09-10T18:39:13.956429334Z     ret_value = fn(self, *arg, **kw)
2026-09-10T18:39:13.956431227Z   File "/usr/local/lib/python3.13/site-packages/sqlalchemy/orm/session.py", line 1191, in _connection_for_bind
2026-09-10T18:39:13.956433121Z     conn = bind.connect()
2026-09-10T18:39:13.956435476Z   File "/usr/local/lib/python3.13/site-packages/opentelemetry/instrumentation/sqlalchemy/engine.py", line 200, in _wrap_connect_internal
2026-09-10T18:39:13.956437389Z     return func(*args, **kwargs)
2026-09-10T18:39:13.956439273Z   File "/usr/local/lib/python3.13/site-packages/sqlalchemy/engine/base.py", line 3295, in connect
2026-09-10T18:39:13.956441147Z     return self._connection_cls(self)
2026-09-10T18:39:13.956443010Z            ~~~~~~~~~~~~~~~~~~~~^^^^^^
2026-09-10T18:39:13.956445084Z   File "/usr/local/lib/python3.13/site-packages/sqlalchemy/engine/base.py", line 144, in __init__
2026-09-10T18:39:13.956446978Z     self._dbapi_connection = engine.raw_connection()
2026-09-10T18:39:13.956448922Z                              ~~~~~~~~~~~~~~~~~~~~~^^
2026-09-10T18:39:13.956450816Z   File "/usr/local/lib/python3.13/site-packages/sqlalchemy/engine/base.py", line 3319, in raw_connection
2026-09-10T18:39:13.956452699Z     return self.pool.connect()
2026-09-10T18:39:13.956454573Z            ~~~~~~~~~~~~~~~~~^^
2026-09-10T18:39:13.956456467Z   File "/usr/local/lib/python3.13/site-packages/sqlalchemy/pool/base.py", line 448, in connect
2026-09-10T18:39:13.956458391Z     return _ConnectionFairy._checkout(self)
2026-09-10T18:39:13.956460435Z            ~~~~~~~~~~~~~~~~~~~~~~~~~~^^^^^^
2026-09-10T18:39:13.956466226Z   File "/usr/local/lib/python3.13/site-packages/sqlalchemy/pool/base.py", line 1272, in _checkout
2026-09-10T18:39:13.956468260Z     fairy = _ConnectionRecord.checkout(pool)
2026-09-10T18:39:13.956470194Z   File "/usr/local/lib/python3.13/site-packages/sqlalchemy/pool/base.py", line 712, in checkout
2026-09-10T18:39:13.956472118Z     rec = pool._do_get()
2026-09-10T18:39:13.956473981Z   File "/usr/local/lib/python3.13/site-packages/sqlalchemy/pool/impl.py", line 167, in _do_get
2026-09-10T18:39:13.956475855Z     raise exc.TimeoutError(
2026-09-10T18:39:13.956477739Z     ...<4 lines>...
2026-09-10T18:39:13.956479652Z     )
2026-09-10T18:39:13.956482197Z sqlalchemy.exc.TimeoutError: QueuePool limit of size 5 overflow 10 reached, connection timed out, timeout 30.00 (Background on this error at: https://sqlalche.me/e/20/3o7r)
2026-09-10T18:39:14.450815545Z ERROR:    Exception in ASGI application
2026-09-10T18:39:14.450950801Z Traceback (most recent call last):
2026-09-10T18:39:14.451005207Z   File "/usr/local/lib/python3.13/site-packages/uvicorn/protocols/http/httptools_impl.py", line 421, in run_asgi
2026-09-10T18:39:14.451014526Z     result = await app(  # type: ignore[func-returns-value]
2026-09-10T18:39:14.451019325Z              ^^^^^^^^^^^^^^^^^^^^^^^^^^^^^^^^^^^^^^^^^^^^^^
2026-09-10T18:39:14.451023994Z         self.scope, self.receive, self.send
2026-09-10T18:39:14.451028503Z         ^^^^^^^^^^^^^^^^^^^^^^^^^^^^^^^^^^^
2026-09-10T18:39:14.451032992Z     )
2026-09-10T18:39:14.451073912Z     ^
2026-09-10T18:39:14.451078922Z   File "/usr/local/lib/python3.13/site-packages/uvicorn/middleware/proxy_headers.py", line 63, in __call__
2026-09-10T18:39:14.451083501Z     return await self.app(scope, receive, send)
2026-09-10T18:39:14.451087920Z            ^^^^^^^^^^^^^^^^^^^^^^^^^^^^^^^^^^^^
2026-09-10T18:39:14.451093000Z   File "/usr/local/lib/python3.13/site-packages/fastapi/applications.py", line 1159, in __call__
2026-09-10T18:39:14.451097528Z     await super().__call__(scope, receive, send)
2026-09-10T18:39:14.451101977Z   File "/usr/local/lib/python3.13/site-packages/starlette/applications.py", line 107, in __call__
2026-09-10T18:39:14.451106446Z     await self.middleware_stack(scope, receive, send)
2026-09-10T18:39:14.451110875Z   File "/usr/local/lib/python3.13/site-packages/starlette/middleware/errors.py", line 186, in __call__
2026-09-10T18:39:14.451115363Z     raise exc
2026-09-10T18:39:14.451119792Z   File "/usr/local/lib/python3.13/site-packages/starlette/middleware/errors.py", line 164, in __call__
2026-09-10T18:39:14.451124221Z     await self.app(scope, receive, _send)
2026-09-10T18:39:14.451129551Z   File "/usr/local/lib/python3.13/site-packages/opentelemetry/instrumentation/asgi/__init__.py", line 806, in __call__
2026-09-10T18:39:14.451134401Z     await self.app(scope, otel_receive, otel_send)
2026-09-10T18:39:14.451138920Z   File "/usr/local/lib/python3.13/site-packages/starlette/middleware/errors.py", line 186, in __call__
2026-09-10T18:39:14.451143469Z     raise exc
2026-09-10T18:39:14.451147917Z   File "/usr/local/lib/python3.13/site-packages/starlette/middleware/errors.py", line 164, in __call__
2026-09-10T18:39:14.451152366Z     await self.app(scope, receive, _send)
2026-09-10T18:39:14.451156765Z   File "/usr/local/lib/python3.13/site-packages/opentelemetry/instrumentation/fastapi/__init__.py", line 305, in __call__
2026-09-10T18:39:14.451161183Z     await self.app(scope, receive, send)
2026-09-10T18:39:14.451165672Z   File "/usr/local/lib/python3.13/site-packages/prometheus_fastapi_instrumentator/middleware.py", line 177, in __call__
2026-09-10T18:39:14.451170191Z     raise exc
2026-09-10T18:39:14.451174600Z   File "/usr/local/lib/python3.13/site-packages/prometheus_fastapi_instrumentator/middleware.py", line 175, in __call__
2026-09-10T18:39:14.451179229Z     await self.app(scope, receive, send_wrapper)
2026-09-10T18:39:14.451181593Z   File "/usr/local/lib/python3.13/site-packages/starlette/middleware/exceptions.py", line 63, in __call__
2026-09-10T18:39:14.451184619Z     await wrap_app_handling_exceptions(self.app, conn)(scope, receive, send)
2026-09-10T18:39:14.451186824Z   File "/usr/local/lib/python3.13/site-packages/starlette/_exception_handler.py", line 53, in wrapped_app
2026-09-10T18:39:14.451189018Z     raise exc
2026-09-10T18:39:14.451194469Z   File "/usr/local/lib/python3.13/site-packages/starlette/_exception_handler.py", line 42, in wrapped_app
2026-09-10T18:39:14.451196773Z     await app(scope, receive, sender)
2026-09-10T18:39:14.451199008Z   File "/usr/local/lib/python3.13/site-packages/fastapi/middleware/asyncexitstack.py", line 18, in __call__
2026-09-10T18:39:14.451201202Z     await self.app(scope, receive, send)
2026-09-10T18:39:14.451203426Z   File "/usr/local/lib/python3.13/site-packages/starlette/routing.py", line 716, in __call__
2026-09-10T18:39:14.451205631Z     await self.middleware_stack(scope, receive, send)
2026-09-10T18:39:14.451207835Z   File "/usr/local/lib/python3.13/site-packages/starlette/routing.py", line 736, in app
2026-09-10T18:39:14.451210039Z     await route.handle(scope, receive, send)
2026-09-10T18:39:14.451212244Z   File "/usr/local/lib/python3.13/site-packages/starlette/routing.py", line 290, in handle
2026-09-10T18:39:14.451228606Z     await self.app(scope, receive, send)
2026-09-10T18:39:14.451230640Z   File "/usr/local/lib/python3.13/site-packages/fastapi/routing.py", line 134, in app
2026-09-10T18:39:14.451232644Z     await wrap_app_handling_exceptions(app, request)(scope, receive, send)
2026-09-10T18:39:14.451234637Z   File "/usr/local/lib/python3.13/site-packages/starlette/_exception_handler.py", line 53, in wrapped_app
2026-09-10T18:39:14.451236631Z     raise exc
2026-09-10T18:39:14.451238685Z   File "/usr/local/lib/python3.13/site-packages/starlette/_exception_handler.py", line 42, in wrapped_app
2026-09-10T18:39:14.451240679Z     await app(scope, receive, sender)
2026-09-10T18:39:14.451242673Z   File "/usr/local/lib/python3.13/site-packages/fastapi/routing.py", line 120, in app
2026-09-10T18:39:14.451245318Z     response = await f(request)
2026-09-10T18:39:14.451247322Z                ^^^^^^^^^^^^^^^^
2026-09-10T18:39:14.451249346Z   File "/usr/local/lib/python3.13/site-packages/fastapi/routing.py", line 674, in app
2026-09-10T18:39:14.451251360Z     raw_response = await run_endpoint_function(
2026-09-10T18:39:14.451253374Z                    ^^^^^^^^^^^^^^^^^^^^^^^^^^^^
2026-09-10T18:39:14.451256049Z     ...<3 lines>...
2026-09-10T18:39:14.451258073Z     )
2026-09-10T18:39:14.451260117Z     ^
2026-09-10T18:39:14.451262172Z   File "/usr/local/lib/python3.13/site-packages/fastapi/routing.py", line 330, in run_endpoint_function
2026-09-10T18:39:14.451264175Z     return await run_in_threadpool(dependant.call, **values)
2026-09-10T18:39:14.451266169Z            ^^^^^^^^^^^^^^^^^^^^^^^^^^^^^^^^^^^^^^^^^^^^^^^^^
2026-09-10T18:39:14.451305837Z   File "/usr/local/lib/python3.13/site-packages/starlette/concurrency.py", line 32, in run_in_threadpool
2026-09-10T18:39:14.451310687Z     return await anyio.to_thread.run_sync(func)
2026-09-10T18:39:14.451312771Z            ^^^^^^^^^^^^^^^^^^^^^^^^^^^^^^^^^^^^
2026-09-10T18:39:14.451314775Z   File "/usr/local/lib/python3.13/site-packages/anyio/to_thread.py", line 63, in run_sync
2026-09-10T18:39:14.451316849Z     return await get_async_backend().run_sync_in_worker_thread(
2026-09-10T18:39:14.451318863Z            ^^^^^^^^^^^^^^^^^^^^^^^^^^^^^^^^^^^^^^^^^^^^^^^^^^^^
2026-09-10T18:39:14.451320867Z         func, args, abandon_on_cancel=abandon_on_cancel, limiter=limiter
2026-09-10T18:39:14.451322871Z         ^^^^^^^^^^^^^^^^^^^^^^^^^^^^^^^^^^^^^^^^^^^^^^^^^^^^^^^^^^^^^^^^
2026-09-10T18:39:14.451326668Z     )
2026-09-10T18:39:14.451328762Z     ^
2026-09-10T18:39:14.451330786Z   File "/usr/local/lib/python3.13/site-packages/anyio/_backends/_asyncio.py", line 2518, in run_sync_in_worker_thread
2026-09-10T18:39:14.451332790Z     return await future
2026-09-10T18:39:14.451334854Z            ^^^^^^^^^^^^
2026-09-10T18:39:14.451336868Z   File "/usr/local/lib/python3.13/site-packages/anyio/_backends/_asyncio.py", line 1002, in run
2026-09-10T18:39:14.451338892Z     result = context.run(func, *args)
2026-09-10T18:39:14.451340896Z   File "/app/app/routers/orders.py", line 36, in checkout
2026-09-10T18:39:14.451342910Z     return create_order(
2026-09-10T18:39:14.451344954Z         db=db,
2026-09-10T18:39:14.451346978Z     ...<2 lines>...
2026-09-10T18:39:14.451349002Z         correlation_id=correlation_id,
2026-09-10T18:39:14.451351076Z     )
2026-09-10T18:39:14.451353120Z   File "/app/app/services/order_service.py", line 42, in create_order
2026-09-10T18:39:14.451355164Z     result = db.execute(
2026-09-10T18:39:14.451357148Z         select(ProductModel).where(ProductModel.id == product_id)
2026-09-10T18:39:14.451359152Z     )
2026-09-10T18:39:14.451361166Z   File "/usr/local/lib/python3.13/site-packages/sqlalchemy/orm/session.py", line 2372, in execute
2026-09-10T18:39:14.451373279Z     return self._execute_internal(
2026-09-10T18:39:14.451375354Z            ~~~~~~~~~~~~~~~~~~~~~~^
2026-09-10T18:39:14.451377418Z         statement,
2026-09-10T18:39:14.451379422Z         ^^^^^^^^^^
2026-09-10T18:39:14.451381425Z     ...<4 lines>...
2026-09-10T18:39:14.451383429Z         _add_event=_add_event,
2026-09-10T18:39:14.451385423Z         ^^^^^^^^^^^^^^^^^^^^^^
2026-09-10T18:39:14.451387417Z     )
2026-09-10T18:39:14.451389411Z     ^
2026-09-10T18:39:14.451391415Z   File "/usr/local/lib/python3.13/site-packages/sqlalchemy/orm/session.py", line 2260, in _execute_internal
2026-09-10T18:39:14.451393459Z     conn = self._connection_for_bind(bind)
2026-09-10T18:39:14.451395483Z   File "/usr/local/lib/python3.13/site-packages/sqlalchemy/orm/session.py", line 2112, in _connection_for_bind
2026-09-10T18:39:14.451397527Z     return trans._connection_for_bind(engine, execution_options)
2026-09-10T18:39:14.451399531Z            ~~~~~~~~~~~~~~~~~~~~~~~~~~^^^^^^^^^^^^^^^^^^^^^^^^^^^
2026-09-10T18:39:14.451401515Z   File "<string>", line 2, in _connection_for_bind
2026-09-10T18:39:14.451403509Z   File "/usr/local/lib/python3.13/site-packages/sqlalchemy/orm/state_changes.py", line 137, in _go
2026-09-10T18:39:14.451405503Z     ret_value = fn(self, *arg, **kw)
2026-09-10T18:39:14.451407497Z   File "/usr/local/lib/python3.13/site-packages/sqlalchemy/orm/session.py", line 1191, in _connection_for_bind
2026-09-10T18:39:14.451409521Z     conn = bind.connect()
2026-09-10T18:39:14.451412106Z   File "/usr/local/lib/python3.13/site-packages/opentelemetry/instrumentation/sqlalchemy/engine.py", line 200, in _wrap_connect_internal
2026-09-10T18:39:14.451414110Z     return func(*args, **kwargs)
2026-09-10T18:39:14.451416104Z   File "/usr/local/lib/python3.13/site-packages/sqlalchemy/engine/base.py", line 3295, in connect
2026-09-10T18:39:14.451418097Z     return self._connection_cls(self)
2026-09-10T18:39:14.451420081Z            ~~~~~~~~~~~~~~~~~~~~^^^^^^
2026-09-10T18:39:14.451422075Z   File "/usr/local/lib/python3.13/site-packages/sqlalchemy/engine/base.py", line 144, in __init__
2026-09-10T18:39:14.451424079Z     self._dbapi_connection = engine.raw_connection()
2026-09-10T18:39:14.451426093Z                              ~~~~~~~~~~~~~~~~~~~~~^^
2026-09-10T18:39:14.451428087Z   File "/usr/local/lib/python3.13/site-packages/sqlalchemy/engine/base.py", line 3319, in raw_connection
2026-09-10T18:39:14.451430091Z     return self.pool.connect()
2026-09-10T18:39:14.451432095Z            ~~~~~~~~~~~~~~~~~^^
2026-09-10T18:39:14.451434099Z   File "/usr/local/lib/python3.13/site-packages/sqlalchemy/pool/base.py", line 448, in connect
2026-09-10T18:39:14.451436093Z     return _ConnectionFairy._checkout(self)
2026-09-10T18:39:14.451438097Z            ~~~~~~~~~~~~~~~~~~~~~~~~~~^^^^^^
2026-09-10T18:39:14.451440081Z   File "/usr/local/lib/python3.13/site-packages/sqlalchemy/pool/base.py", line 1272, in _checkout
2026-09-10T18:39:14.451442205Z     fairy = _ConnectionRecord.checkout(pool)
2026-09-10T18:39:14.451444189Z   File "/usr/local/lib/python3.13/site-packages/sqlalchemy/pool/base.py", line 712, in checkout
2026-09-10T18:39:14.451446243Z     rec = pool._do_get()
2026-09-10T18:39:14.451448257Z   File "/usr/local/lib/python3.13/site-packages/sqlalchemy/pool/impl.py", line 167, in _do_get
2026-09-10T18:39:14.451450250Z     raise exc.TimeoutError(
2026-09-10T18:39:14.451452254Z     ...<4 lines>...
2026-09-10T18:39:14.451454248Z     )
2026-09-10T18:39:14.451457475Z sqlalchemy.exc.TimeoutError: QueuePool limit of size 5 overflow 10 reached, connection timed out, timeout 30.00 (Background on this error at: https://sqlalche.me/e/20/3o7r)
2026-09-10T18:39:14.553470367Z ERROR:    Exception in ASGI application
2026-09-10T18:39:14.553526788Z Traceback (most recent call last):
2026-09-10T18:39:14.553533812Z   File "/usr/local/lib/python3.13/site-packages/uvicorn/protocols/http/httptools_impl.py", line 421, in run_asgi
2026-09-10T18:39:14.553540395Z     result = await app(  # type: ignore[func-returns-value]
2026-09-10T18:39:14.553546116Z              ^^^^^^^^^^^^^^^^^^^^^^^^^^^^^^^^^^^^^^^^^^^^^^
2026-09-10T18:39:14.553551687Z         self.scope, self.receive, self.send
2026-09-10T18:39:14.553557187Z         ^^^^^^^^^^^^^^^^^^^^^^^^^^^^^^^^^^^
2026-09-10T18:39:14.553563119Z     )
2026-09-10T18:39:14.553569562Z     ^
2026-09-10T18:39:14.553575253Z   File "/usr/local/lib/python3.13/site-packages/uvicorn/middleware/proxy_headers.py", line 63, in __call__
2026-09-10T18:39:14.553580824Z     return await self.app(scope, receive, send)
2026-09-10T18:39:14.553586986Z            ^^^^^^^^^^^^^^^^^^^^^^^^^^^^^^^^^^^^
2026-09-10T18:39:14.553593529Z   File "/usr/local/lib/python3.13/site-packages/fastapi/applications.py", line 1159, in __call__
2026-09-10T18:39:14.553599060Z     await super().__call__(scope, receive, send)
2026-09-10T18:39:14.553604841Z   File "/usr/local/lib/python3.13/site-packages/starlette/applications.py", line 107, in __call__
2026-09-10T18:39:14.553610512Z     await self.middleware_stack(scope, receive, send)
2026-09-10T18:39:14.553616073Z   File "/usr/local/lib/python3.13/site-packages/starlette/middleware/errors.py", line 186, in __call__
2026-09-10T18:39:14.553622045Z     raise exc
2026-09-10T18:39:14.553627546Z   File "/usr/local/lib/python3.13/site-packages/starlette/middleware/errors.py", line 164, in __call__
2026-09-10T18:39:14.553633106Z     await self.app(scope, receive, _send)
2026-09-10T18:39:14.553639208Z   File "/usr/local/lib/python3.13/site-packages/opentelemetry/instrumentation/asgi/__init__.py", line 806, in __call__
2026-09-10T18:39:14.553644719Z     await self.app(scope, otel_receive, otel_send)
2026-09-10T18:39:14.553650230Z   File "/usr/local/lib/python3.13/site-packages/starlette/middleware/errors.py", line 186, in __call__
2026-09-10T18:39:14.553655881Z     raise exc
2026-09-10T18:39:14.553661392Z   File "/usr/local/lib/python3.13/site-packages/starlette/middleware/errors.py", line 164, in __call__
2026-09-10T18:39:14.553666903Z     await self.app(scope, receive, _send)
2026-09-10T18:39:14.553672644Z   File "/usr/local/lib/python3.13/site-packages/opentelemetry/instrumentation/fastapi/__init__.py", line 305, in __call__
2026-09-10T18:39:14.553678205Z     await self.app(scope, receive, send)
2026-09-10T18:39:14.553685649Z   File "/usr/local/lib/python3.13/site-packages/prometheus_fastapi_instrumentator/middleware.py", line 177, in __call__
2026-09-10T18:39:14.553689437Z     raise exc
2026-09-10T18:39:14.553692944Z   File "/usr/local/lib/python3.13/site-packages/prometheus_fastapi_instrumentator/middleware.py", line 175, in __call__
2026-09-10T18:39:14.553695389Z     await self.app(scope, receive, send_wrapper)
2026-09-10T18:39:14.553697783Z   File "/usr/local/lib/python3.13/site-packages/starlette/middleware/exceptions.py", line 63, in __call__
2026-09-10T18:39:14.553700729Z     await wrap_app_handling_exceptions(self.app, conn)(scope, receive, send)
2026-09-10T18:39:14.553702643Z   File "/usr/local/lib/python3.13/site-packages/starlette/_exception_handler.py", line 53, in wrapped_app
2026-09-10T18:39:14.553704537Z     raise exc
2026-09-10T18:39:14.553706480Z   File "/usr/local/lib/python3.13/site-packages/starlette/_exception_handler.py", line 42, in wrapped_app
2026-09-10T18:39:14.553708374Z     await app(scope, receive, sender)
2026-09-10T18:39:14.553739034Z   File "/usr/local/lib/python3.13/site-packages/fastapi/middleware/asyncexitstack.py", line 18, in __call__
2026-09-10T18:39:14.553743232Z     await self.app(scope, receive, send)
2026-09-10T18:39:14.553745206Z   File "/usr/local/lib/python3.13/site-packages/starlette/routing.py", line 716, in __call__
2026-09-10T18:39:14.553747180Z     await self.middleware_stack(scope, receive, send)
2026-09-10T18:39:14.553749094Z   File "/usr/local/lib/python3.13/site-packages/starlette/routing.py", line 736, in app
2026-09-10T18:39:14.553751018Z     await route.handle(scope, receive, send)
2026-09-10T18:39:14.553752921Z   File "/usr/local/lib/python3.13/site-packages/starlette/routing.py", line 290, in handle
2026-09-10T18:39:14.553754825Z     await self.app(scope, receive, send)
2026-09-10T18:39:14.553756729Z   File "/usr/local/lib/python3.13/site-packages/fastapi/routing.py", line 134, in app
2026-09-10T18:39:14.553758683Z     await wrap_app_handling_exceptions(app, request)(scope, receive, send)
2026-09-10T18:39:14.553760597Z   File "/usr/local/lib/python3.13/site-packages/starlette/_exception_handler.py", line 53, in wrapped_app
2026-09-10T18:39:14.553762520Z     raise exc
2026-09-10T18:39:14.553764454Z   File "/usr/local/lib/python3.13/site-packages/starlette/_exception_handler.py", line 42, in wrapped_app
2026-09-10T18:39:14.553766358Z     await app(scope, receive, sender)
2026-09-10T18:39:14.553768322Z   File "/usr/local/lib/python3.13/site-packages/fastapi/routing.py", line 120, in app
2026-09-10T18:39:14.553770756Z     response = await f(request)
2026-09-10T18:39:14.553772670Z                ^^^^^^^^^^^^^^^^
2026-09-10T18:39:14.553774654Z   File "/usr/local/lib/python3.13/site-packages/fastapi/routing.py", line 674, in app
2026-09-10T18:39:14.553776568Z     raw_response = await run_endpoint_function(
2026-09-10T18:39:14.553778572Z                    ^^^^^^^^^^^^^^^^^^^^^^^^^^^^
2026-09-10T18:39:14.553781207Z     ...<3 lines>...
2026-09-10T18:39:14.553783141Z     )
2026-09-10T18:39:14.553785055Z     ^
2026-09-10T18:39:14.553786978Z   File "/usr/local/lib/python3.13/site-packages/fastapi/routing.py", line 330, in run_endpoint_function
2026-09-10T18:39:14.553788892Z     return await run_in_threadpool(dependant.call, **values)
2026-09-10T18:39:14.553790836Z            ^^^^^^^^^^^^^^^^^^^^^^^^^^^^^^^^^^^^^^^^^^^^^^^^^
2026-09-10T18:39:14.553824021Z   File "/usr/local/lib/python3.13/site-packages/starlette/concurrency.py", line 32, in run_in_threadpool
2026-09-10T18:39:14.553828790Z     return await anyio.to_thread.run_sync(func)
2026-09-10T18:39:14.553830784Z            ^^^^^^^^^^^^^^^^^^^^^^^^^^^^^^^^^^^^
2026-09-10T18:39:14.553832738Z   File "/usr/local/lib/python3.13/site-packages/anyio/to_thread.py", line 63, in run_sync
2026-09-10T18:39:14.553834682Z     return await get_async_backend().run_sync_in_worker_thread(
2026-09-10T18:39:14.553836596Z            ^^^^^^^^^^^^^^^^^^^^^^^^^^^^^^^^^^^^^^^^^^^^^^^^^^^^
2026-09-10T18:39:14.553838529Z         func, args, abandon_on_cancel=abandon_on_cancel, limiter=limiter
2026-09-10T18:39:14.553840423Z         ^^^^^^^^^^^^^^^^^^^^^^^^^^^^^^^^^^^^^^^^^^^^^^^^^^^^^^^^^^^^^^^^
2026-09-10T18:39:14.553842327Z     )
2026-09-10T18:39:14.553844381Z     ^
2026-09-10T18:39:14.553846395Z   File "/usr/local/lib/python3.13/site-packages/anyio/_backends/_asyncio.py", line 2518, in run_sync_in_worker_thread
2026-09-10T18:39:14.553848309Z     return await future
2026-09-10T18:39:14.553850222Z            ^^^^^^^^^^^^
2026-09-10T18:39:14.553852116Z   File "/usr/local/lib/python3.13/site-packages/anyio/_backends/_asyncio.py", line 1002, in run
2026-09-10T18:39:14.553854110Z     result = context.run(func, *args)
2026-09-10T18:39:14.553856034Z   File "/app/app/routers/orders.py", line 36, in checkout
2026-09-10T18:39:14.553865813Z     return create_order(
2026-09-10T18:39:14.553867817Z         db=db,
2026-09-10T18:39:14.553869731Z     ...<2 lines>...
2026-09-10T18:39:14.553871644Z         correlation_id=correlation_id,
2026-09-10T18:39:14.553873578Z     )
2026-09-10T18:39:14.553875512Z   File "/app/app/services/order_service.py", line 42, in create_order
2026-09-10T18:39:14.553877676Z     result = db.execute(
2026-09-10T18:39:14.553879620Z         select(ProductModel).where(ProductModel.id == product_id)
2026-09-10T18:39:14.553881514Z     )
2026-09-10T18:39:14.553883438Z   File "/usr/local/lib/python3.13/site-packages/sqlalchemy/orm/session.py", line 2372, in execute
2026-09-10T18:39:14.553885341Z     return self._execute_internal(
2026-09-10T18:39:14.553887275Z            ~~~~~~~~~~~~~~~~~~~~~~^
2026-09-10T18:39:14.553889189Z         statement,
2026-09-10T18:39:14.553891083Z         ^^^^^^^^^^
2026-09-10T18:39:14.553892986Z     ...<4 lines>...
2026-09-10T18:39:14.553894890Z         _add_event=_add_event,
2026-09-10T18:39:14.553896774Z         ^^^^^^^^^^^^^^^^^^^^^^
2026-09-10T18:39:14.553898677Z     )
2026-09-10T18:39:14.553900571Z     ^
2026-09-10T18:39:14.553902435Z   File "/usr/local/lib/python3.13/site-packages/sqlalchemy/orm/session.py", line 2260, in _execute_internal
2026-09-10T18:39:14.553904339Z     conn = self._connection_for_bind(bind)
2026-09-10T18:39:14.553906232Z   File "/usr/local/lib/python3.13/site-packages/sqlalchemy/orm/session.py", line 2112, in _connection_for_bind
2026-09-10T18:39:14.553908166Z     return trans._connection_for_bind(engine, execution_options)
2026-09-10T18:39:14.553910090Z            ~~~~~~~~~~~~~~~~~~~~~~~~~~^^^^^^^^^^^^^^^^^^^^^^^^^^^
2026-09-10T18:39:14.553911984Z   File "<string>", line 2, in _connection_for_bind
2026-09-10T18:39:14.553913887Z   File "/usr/local/lib/python3.13/site-packages/sqlalchemy/orm/state_changes.py", line 137, in _go
2026-09-10T18:39:14.553915791Z     ret_value = fn(self, *arg, **kw)
2026-09-10T18:39:14.553917715Z   File "/usr/local/lib/python3.13/site-packages/sqlalchemy/orm/session.py", line 1191, in _connection_for_bind
2026-09-10T18:39:14.553921753Z     conn = bind.connect()
2026-09-10T18:39:14.553924228Z   File "/usr/local/lib/python3.13/site-packages/opentelemetry/instrumentation/sqlalchemy/engine.py", line 200, in _wrap_connect_internal
2026-09-10T18:39:14.553926181Z     return func(*args, **kwargs)
2026-09-10T18:39:14.553928065Z   File "/usr/local/lib/python3.13/site-packages/sqlalchemy/engine/base.py", line 3295, in connect
2026-09-10T18:39:14.553929969Z     return self._connection_cls(self)
2026-09-10T18:39:14.553931863Z            ~~~~~~~~~~~~~~~~~~~~^^^^^^
2026-09-10T18:39:14.553933756Z   File "/usr/local/lib/python3.13/site-packages/sqlalchemy/engine/base.py", line 144, in __init__
2026-09-10T18:39:14.553935650Z     self._dbapi_connection = engine.raw_connection()
2026-09-10T18:39:14.553937554Z                              ~~~~~~~~~~~~~~~~~~~~~^^
2026-09-10T18:39:14.553939457Z   File "/usr/local/lib/python3.13/site-packages/sqlalchemy/engine/base.py", line 3319, in raw_connection
2026-09-10T18:39:14.553941371Z     return self.pool.connect()
2026-09-10T18:39:14.553943265Z            ~~~~~~~~~~~~~~~~~^^
2026-09-10T18:39:14.553945149Z   File "/usr/local/lib/python3.13/site-packages/sqlalchemy/pool/base.py", line 448, in connect
2026-09-10T18:39:14.553947042Z     return _ConnectionFairy._checkout(self)
2026-09-10T18:39:14.553948946Z            ~~~~~~~~~~~~~~~~~~~~~~~~~~^^^^^^
2026-09-10T18:39:14.553950840Z   File "/usr/local/lib/python3.13/site-packages/sqlalchemy/pool/base.py", line 1272, in _checkout
2026-09-10T18:39:14.553957623Z     fairy = _ConnectionRecord.checkout(pool)
2026-09-10T18:39:14.553959567Z   File "/usr/local/lib/python3.13/site-packages/sqlalchemy/pool/base.py", line 712, in checkout
2026-09-10T18:39:14.553961471Z     rec = pool._do_get()
2026-09-10T18:39:14.553963394Z   File "/usr/local/lib/python3.13/site-packages/sqlalchemy/pool/impl.py", line 167, in _do_get
2026-09-10T18:39:14.553965288Z     raise exc.TimeoutError(
2026-09-10T18:39:14.553967202Z     ...<4 lines>...
2026-09-10T18:39:14.553969106Z     )
2026-09-10T18:39:14.553971921Z sqlalchemy.exc.TimeoutError: QueuePool limit of size 5 overflow 10 reached, connection timed out, timeout 30.00 (Background on this error at: https://sqlalche.me/e/20/3o7r)
2026-09-10T18:39:14.752100751Z ERROR:    Exception in ASGI application
2026-09-10T18:39:14.752135158Z Traceback (most recent call last):
2026-09-10T18:39:14.752138114Z   File "/usr/local/lib/python3.13/site-packages/uvicorn/protocols/http/httptools_impl.py", line 421, in run_asgi
2026-09-10T18:39:14.752141010Z     result = await app(  # type: ignore[func-returns-value]
2026-09-10T18:39:14.752142923Z              ^^^^^^^^^^^^^^^^^^^^^^^^^^^^^^^^^^^^^^^^^^^^^^
2026-09-10T18:39:14.752144887Z         self.scope, self.receive, self.send
2026-09-10T18:39:14.752146771Z         ^^^^^^^^^^^^^^^^^^^^^^^^^^^^^^^^^^^
2026-09-10T18:39:14.752148715Z     )
2026-09-10T18:39:14.752150659Z     ^
2026-09-10T18:39:14.752152602Z   File "/usr/local/lib/python3.13/site-packages/uvicorn/middleware/proxy_headers.py", line 63, in __call__
2026-09-10T18:39:14.752155117Z     return await self.app(scope, receive, send)
2026-09-10T18:39:14.752157041Z            ^^^^^^^^^^^^^^^^^^^^^^^^^^^^^^^^^^^^
2026-09-10T18:39:14.752159817Z   File "/usr/local/lib/python3.13/site-packages/fastapi/applications.py", line 1159, in __call__
2026-09-10T18:39:14.752161770Z     await super().__call__(scope, receive, send)
2026-09-10T18:39:14.752163664Z   File "/usr/local/lib/python3.13/site-packages/starlette/applications.py", line 107, in __call__
2026-09-10T18:39:14.752165568Z     await self.middleware_stack(scope, receive, send)
2026-09-10T18:39:14.752167462Z   File "/usr/local/lib/python3.13/site-packages/starlette/middleware/errors.py", line 186, in __call__
2026-09-10T18:39:14.752169415Z     raise exc
2026-09-10T18:39:14.752171339Z   File "/usr/local/lib/python3.13/site-packages/starlette/middleware/errors.py", line 164, in __call__
2026-09-10T18:39:14.752173273Z     await self.app(scope, receive, _send)
2026-09-10T18:39:14.752175778Z   File "/usr/local/lib/python3.13/site-packages/opentelemetry/instrumentation/asgi/__init__.py", line 806, in __call__
2026-09-10T18:39:14.752177832Z     await self.app(scope, otel_receive, otel_send)
2026-09-10T18:39:14.752179736Z   File "/usr/local/lib/python3.13/site-packages/starlette/middleware/errors.py", line 186, in __call__
2026-09-10T18:39:14.752181629Z     raise exc
2026-09-10T18:39:14.752183513Z   File "/usr/local/lib/python3.13/site-packages/starlette/middleware/errors.py", line 164, in __call__
2026-09-10T18:39:14.752185537Z     await self.app(scope, receive, _send)
2026-09-10T18:39:14.752187431Z   File "/usr/local/lib/python3.13/site-packages/opentelemetry/instrumentation/fastapi/__init__.py", line 305, in __call__
2026-09-10T18:39:14.752189334Z     await self.app(scope, receive, send)
2026-09-10T18:39:14.752191218Z   File "/usr/local/lib/python3.13/site-packages/prometheus_fastapi_instrumentator/middleware.py", line 177, in __call__
2026-09-10T18:39:14.752193543Z     raise exc
2026-09-10T18:39:14.752195436Z   File "/usr/local/lib/python3.13/site-packages/prometheus_fastapi_instrumentator/middleware.py", line 175, in __call__
2026-09-10T18:39:14.752217810Z     await self.app(scope, receive, send_wrapper)
2026-09-10T18:39:14.752219824Z   File "/usr/local/lib/python3.13/site-packages/starlette/middleware/exceptions.py", line 63, in __call__
2026-09-10T18:39:14.752222039Z     await wrap_app_handling_exceptions(self.app, conn)(scope, receive, send)
2026-09-10T18:39:14.752223942Z   File "/usr/local/lib/python3.13/site-packages/starlette/_exception_handler.py", line 53, in wrapped_app
2026-09-10T18:39:14.752225826Z     raise exc
2026-09-10T18:39:14.752227750Z   File "/usr/local/lib/python3.13/site-packages/starlette/_exception_handler.py", line 42, in wrapped_app
2026-09-10T18:39:14.752229664Z     await app(scope, receive, sender)
2026-09-10T18:39:14.752231617Z   File "/usr/local/lib/python3.13/site-packages/fastapi/middleware/asyncexitstack.py", line 18, in __call__
2026-09-10T18:39:14.752233501Z     await self.app(scope, receive, send)
2026-09-10T18:39:14.752235455Z   File "/usr/local/lib/python3.13/site-packages/starlette/routing.py", line 716, in __call__
2026-09-10T18:39:14.752237359Z     await self.middleware_stack(scope, receive, send)
2026-09-10T18:39:14.752239262Z   File "/usr/local/lib/python3.13/site-packages/starlette/routing.py", line 736, in app
2026-09-10T18:39:14.752241166Z     await route.handle(scope, receive, send)
2026-09-10T18:39:14.752243060Z   File "/usr/local/lib/python3.13/site-packages/starlette/routing.py", line 290, in handle
2026-09-10T18:39:14.752244984Z     await self.app(scope, receive, send)
2026-09-10T18:39:14.752246887Z   File "/usr/local/lib/python3.13/site-packages/fastapi/routing.py", line 134, in app
2026-09-10T18:39:14.752248791Z     await wrap_app_handling_exceptions(app, request)(scope, receive, send)
2026-09-10T18:39:14.752250705Z   File "/usr/local/lib/python3.13/site-packages/starlette/_exception_handler.py", line 53, in wrapped_app
2026-09-10T18:39:14.752252619Z     raise exc
2026-09-10T18:39:14.752254542Z   File "/usr/local/lib/python3.13/site-packages/starlette/_exception_handler.py", line 42, in wrapped_app
2026-09-10T18:39:14.752256446Z     await app(scope, receive, sender)
2026-09-10T18:39:14.752258410Z   File "/usr/local/lib/python3.13/site-packages/fastapi/routing.py", line 120, in app
2026-09-10T18:39:14.752260835Z     response = await f(request)
2026-09-10T18:39:14.752262748Z                ^^^^^^^^^^^^^^^^
2026-09-10T18:39:14.752264682Z   File "/usr/local/lib/python3.13/site-packages/fastapi/routing.py", line 674, in app
2026-09-10T18:39:14.752266596Z     raw_response = await run_endpoint_function(
2026-09-10T18:39:14.752268490Z                    ^^^^^^^^^^^^^^^^^^^^^^^^^^^^
2026-09-10T18:39:14.752271025Z     ...<3 lines>...
2026-09-10T18:39:14.752272938Z     )
2026-09-10T18:39:14.752274842Z     ^
2026-09-10T18:39:14.752276726Z   File "/usr/local/lib/python3.13/site-packages/fastapi/routing.py", line 330, in run_endpoint_function
2026-09-10T18:39:14.752278620Z     return await run_in_threadpool(dependant.call, **values)
2026-09-10T18:39:14.752280523Z            ^^^^^^^^^^^^^^^^^^^^^^^^^^^^^^^^^^^^^^^^^^^^^^^^^
2026-09-10T18:39:14.752310933Z   File "/usr/local/lib/python3.13/site-packages/starlette/concurrency.py", line 32, in run_in_threadpool
2026-09-10T18:39:14.752315402Z     return await anyio.to_thread.run_sync(func)
2026-09-10T18:39:14.752317386Z            ^^^^^^^^^^^^^^^^^^^^^^^^^^^^^^^^^^^^
2026-09-10T18:39:14.752319289Z   File "/usr/local/lib/python3.13/site-packages/anyio/to_thread.py", line 63, in run_sync
2026-09-10T18:39:14.752321193Z     return await get_async_backend().run_sync_in_worker_thread(
2026-09-10T18:39:14.752323097Z            ^^^^^^^^^^^^^^^^^^^^^^^^^^^^^^^^^^^^^^^^^^^^^^^^^^^^
2026-09-10T18:39:14.752324981Z         func, args, abandon_on_cancel=abandon_on_cancel, limiter=limiter
2026-09-10T18:39:14.752335110Z         ^^^^^^^^^^^^^^^^^^^^^^^^^^^^^^^^^^^^^^^^^^^^^^^^^^^^^^^^^^^^^^^^
2026-09-10T18:39:14.752337154Z     )
2026-09-10T18:39:14.752339108Z     ^
2026-09-10T18:39:14.752341002Z   File "/usr/local/lib/python3.13/site-packages/anyio/_backends/_asyncio.py", line 2518, in run_sync_in_worker_thread
2026-09-10T18:39:14.752342906Z     return await future
2026-09-10T18:39:14.752345020Z            ^^^^^^^^^^^^
2026-09-10T18:39:14.752346954Z   File "/usr/local/lib/python3.13/site-packages/anyio/_backends/_asyncio.py", line 1002, in run
2026-09-10T18:39:14.752348847Z     result = context.run(func, *args)
2026-09-10T18:39:14.752350751Z   File "/app/app/routers/orders.py", line 36, in checkout
2026-09-10T18:39:14.752352775Z     return create_order(
2026-09-10T18:39:14.752354699Z         db=db,
2026-09-10T18:39:14.752356623Z     ...<2 lines>...
2026-09-10T18:39:14.752358536Z         correlation_id=correlation_id,
2026-09-10T18:39:14.752360480Z     )
2026-09-10T18:39:14.752362434Z   File "/app/app/services/order_service.py", line 42, in create_order
2026-09-10T18:39:14.752364348Z     result = db.execute(
2026-09-10T18:39:14.752366302Z         select(ProductModel).where(ProductModel.id == product_id)
2026-09-10T18:39:14.752368225Z     )
2026-09-10T18:39:14.752370129Z   File "/usr/local/lib/python3.13/site-packages/sqlalchemy/orm/session.py", line 2372, in execute
2026-09-10T18:39:14.752372013Z     return self._execute_internal(
2026-09-10T18:39:14.752373907Z            ~~~~~~~~~~~~~~~~~~~~~~^
2026-09-10T18:39:14.752375790Z         statement,
2026-09-10T18:39:14.752377694Z         ^^^^^^^^^^
2026-09-10T18:39:14.752379588Z     ...<4 lines>...
2026-09-10T18:39:14.752381542Z         _add_event=_add_event,
2026-09-10T18:39:14.752383455Z         ^^^^^^^^^^^^^^^^^^^^^^
2026-09-10T18:39:14.752385349Z     )
2026-09-10T18:39:14.752387243Z     ^
2026-09-10T18:39:14.752389157Z   File "/usr/local/lib/python3.13/site-packages/sqlalchemy/orm/session.py", line 2260, in _execute_internal
2026-09-10T18:39:14.752391040Z     conn = self._connection_for_bind(bind)
2026-09-10T18:39:14.752392954Z   File "/usr/local/lib/python3.13/site-packages/sqlalchemy/orm/session.py", line 2112, in _connection_for_bind
2026-09-10T18:39:14.752394838Z     return trans._connection_for_bind(engine, execution_options)
2026-09-10T18:39:14.752396721Z            ~~~~~~~~~~~~~~~~~~~~~~~~~~^^^^^^^^^^^^^^^^^^^^^^^^^^^
2026-09-10T18:39:14.752398685Z   File "<string>", line 2, in _connection_for_bind
2026-09-10T18:39:14.752400579Z   File "/usr/local/lib/python3.13/site-packages/sqlalchemy/orm/state_changes.py", line 137, in _go
2026-09-10T18:39:14.752402483Z     ret_value = fn(self, *arg, **kw)
2026-09-10T18:39:14.752404366Z   File "/usr/local/lib/python3.13/site-packages/sqlalchemy/orm/session.py", line 1191, in _connection_for_bind
2026-09-10T18:39:14.752406250Z     conn = bind.connect()
2026-09-10T18:39:14.752408585Z   File "/usr/local/lib/python3.13/site-packages/opentelemetry/instrumentation/sqlalchemy/engine.py", line 200, in _wrap_connect_internal
2026-09-10T18:39:14.752410488Z     return func(*args, **kwargs)
2026-09-10T18:39:14.752412372Z   File "/usr/local/lib/python3.13/site-packages/sqlalchemy/engine/base.py", line 3295, in connect
2026-09-10T18:39:14.752414336Z     return self._connection_cls(self)
2026-09-10T18:39:14.752416240Z            ~~~~~~~~~~~~~~~~~~~~^^^^^^
2026-09-10T18:39:14.752418143Z   File "/usr/local/lib/python3.13/site-packages/sqlalchemy/engine/base.py", line 144, in __init__
2026-09-10T18:39:14.752420037Z     self._dbapi_connection = engine.raw_connection()
2026-09-10T18:39:14.752421911Z                              ~~~~~~~~~~~~~~~~~~~~~^^
2026-09-10T18:39:14.752428894Z   File "/usr/local/lib/python3.13/site-packages/sqlalchemy/engine/base.py", line 3319, in raw_connection
2026-09-10T18:39:14.752430828Z     return self.pool.connect()
2026-09-10T18:39:14.752432712Z            ~~~~~~~~~~~~~~~~~^^
2026-09-10T18:39:14.752434626Z   File "/usr/local/lib/python3.13/site-packages/sqlalchemy/pool/base.py", line 448, in connect
2026-09-10T18:39:14.752436519Z     return _ConnectionFairy._checkout(self)
2026-09-10T18:39:14.752438393Z            ~~~~~~~~~~~~~~~~~~~~~~~~~~^^^^^^
2026-09-10T18:39:14.752440277Z   File "/usr/local/lib/python3.13/site-packages/sqlalchemy/pool/base.py", line 1272, in _checkout
2026-09-10T18:39:14.752442361Z     fairy = _ConnectionRecord.checkout(pool)
2026-09-10T18:39:14.752444245Z   File "/usr/local/lib/python3.13/site-packages/sqlalchemy/pool/base.py", line 712, in checkout
2026-09-10T18:39:14.752446148Z     rec = pool._do_get()
2026-09-10T18:39:14.752448052Z   File "/usr/local/lib/python3.13/site-packages/sqlalchemy/pool/impl.py", line 167, in _do_get
2026-09-10T18:39:14.752449966Z     raise exc.TimeoutError(
2026-09-10T18:39:14.752451870Z     ...<4 lines>...
2026-09-10T18:39:14.752453783Z     )
2026-09-10T18:39:14.752456258Z sqlalchemy.exc.TimeoutError: QueuePool limit of size 5 overflow 10 reached, connection timed out, timeout 30.00 (Background on this error at: https://sqlalche.me/e/20/3o7r)
2026-09-10T18:39:14.930513487Z ERROR:    Exception in ASGI application
2026-09-10T18:39:14.930552915Z Traceback (most recent call last):
2026-09-10T18:39:14.930558856Z   File "/usr/local/lib/python3.13/site-packages/uvicorn/protocols/http/httptools_impl.py", line 421, in run_asgi
2026-09-10T18:39:14.930564758Z     result = await app(  # type: ignore[func-returns-value]
2026-09-10T18:39:14.930569066Z              ^^^^^^^^^^^^^^^^^^^^^^^^^^^^^^^^^^^^^^^^^^^^^^
2026-09-10T18:39:14.930573355Z         self.scope, self.receive, self.send
2026-09-10T18:39:14.930577643Z         ^^^^^^^^^^^^^^^^^^^^^^^^^^^^^^^^^^^
2026-09-10T18:39:14.930581962Z     )
2026-09-10T18:39:14.930586350Z     ^
2026-09-10T18:39:14.930590689Z   File "/usr/local/lib/python3.13/site-packages/uvicorn/middleware/proxy_headers.py", line 63, in __call__
2026-09-10T18:39:14.930595017Z     return await self.app(scope, receive, send)
2026-09-10T18:39:14.930599336Z            ^^^^^^^^^^^^^^^^^^^^^^^^^^^^^^^^^^^^
2026-09-10T18:39:14.930604135Z   File "/usr/local/lib/python3.13/site-packages/fastapi/applications.py", line 1159, in __call__
2026-09-10T18:39:14.930608464Z     await super().__call__(scope, receive, send)
2026-09-10T18:39:14.930612732Z   File "/usr/local/lib/python3.13/site-packages/starlette/applications.py", line 107, in __call__
2026-09-10T18:39:14.930617040Z     await self.middleware_stack(scope, receive, send)
2026-09-10T18:39:14.930621289Z   File "/usr/local/lib/python3.13/site-packages/starlette/middleware/errors.py", line 186, in __call__
2026-09-10T18:39:14.930625677Z     raise exc
2026-09-10T18:39:14.930629976Z   File "/usr/local/lib/python3.13/site-packages/starlette/middleware/errors.py", line 164, in __call__
2026-09-10T18:39:14.930634354Z     await self.app(scope, receive, _send)
2026-09-10T18:39:14.930639354Z   File "/usr/local/lib/python3.13/site-packages/opentelemetry/instrumentation/asgi/__init__.py", line 806, in __call__
2026-09-10T18:39:14.930643673Z     await self.app(scope, otel_receive, otel_send)
2026-09-10T18:39:14.930647981Z   File "/usr/local/lib/python3.13/site-packages/starlette/middleware/errors.py", line 186, in __call__
2026-09-10T18:39:14.930652290Z     raise exc
2026-09-10T18:39:14.930656628Z   File "/usr/local/lib/python3.13/site-packages/starlette/middleware/errors.py", line 164, in __call__
2026-09-10T18:39:14.930688150Z     await self.app(scope, receive, _send)
2026-09-10T18:39:14.930692739Z   File "/usr/local/lib/python3.13/site-packages/opentelemetry/instrumentation/fastapi/__init__.py", line 305, in __call__
2026-09-10T18:39:14.930697118Z     await self.app(scope, receive, send)
2026-09-10T18:39:14.930701416Z   File "/usr/local/lib/python3.13/site-packages/prometheus_fastapi_instrumentator/middleware.py", line 177, in __call__
2026-09-10T18:39:14.930705724Z     raise exc
2026-09-10T18:39:14.930710063Z   File "/usr/local/lib/python3.13/site-packages/prometheus_fastapi_instrumentator/middleware.py", line 175, in __call__
2026-09-10T18:39:14.930714361Z     await self.app(scope, receive, send_wrapper)
2026-09-10T18:39:14.930718670Z   File "/usr/local/lib/python3.13/site-packages/starlette/middleware/exceptions.py", line 63, in __call__
2026-09-10T18:39:14.930723640Z     await wrap_app_handling_exceptions(self.app, conn)(scope, receive, send)
2026-09-10T18:39:14.930727968Z   File "/usr/local/lib/python3.13/site-packages/starlette/_exception_handler.py", line 53, in wrapped_app
2026-09-10T18:39:14.930732276Z     raise exc
2026-09-10T18:39:14.930736825Z   File "/usr/local/lib/python3.13/site-packages/starlette/_exception_handler.py", line 42, in wrapped_app
2026-09-10T18:39:14.930741124Z     await app(scope, receive, sender)
2026-09-10T18:39:14.930745382Z   File "/usr/local/lib/python3.13/site-packages/fastapi/middleware/asyncexitstack.py", line 18, in __call__
2026-09-10T18:39:14.930749661Z     await self.app(scope, receive, send)
2026-09-10T18:39:14.930753969Z   File "/usr/local/lib/python3.13/site-packages/starlette/routing.py", line 716, in __call__
2026-09-10T18:39:14.930758267Z     await self.middleware_stack(scope, receive, send)
2026-09-10T18:39:14.930762736Z   File "/usr/local/lib/python3.13/site-packages/starlette/routing.py", line 736, in app
2026-09-10T18:39:14.930767125Z     await route.handle(scope, receive, send)
2026-09-10T18:39:14.930771443Z   File "/usr/local/lib/python3.13/site-packages/starlette/routing.py", line 290, in handle
2026-09-10T18:39:14.930775842Z     await self.app(scope, receive, send)
2026-09-10T18:39:14.930780120Z   File "/usr/local/lib/python3.13/site-packages/fastapi/routing.py", line 134, in app
2026-09-10T18:39:14.930784409Z     await wrap_app_handling_exceptions(app, request)(scope, receive, send)
2026-09-10T18:39:14.930788707Z   File "/usr/local/lib/python3.13/site-packages/starlette/_exception_handler.py", line 53, in wrapped_app
2026-09-10T18:39:14.930792966Z     raise exc
2026-09-10T18:39:14.930797184Z   File "/usr/local/lib/python3.13/site-packages/starlette/_exception_handler.py", line 42, in wrapped_app
2026-09-10T18:39:14.930801542Z     await app(scope, receive, sender)
2026-09-10T18:39:14.930805811Z   File "/usr/local/lib/python3.13/site-packages/fastapi/routing.py", line 120, in app
2026-09-10T18:39:14.930810700Z     response = await f(request)
2026-09-10T18:39:14.930815039Z                ^^^^^^^^^^^^^^^^
2026-09-10T18:39:14.930819337Z   File "/usr/local/lib/python3.13/site-packages/fastapi/routing.py", line 674, in app
2026-09-10T18:39:14.930823626Z     raw_response = await run_endpoint_function(
2026-09-10T18:39:14.930827914Z                    ^^^^^^^^^^^^^^^^^^^^^^^^^^^^
2026-09-10T18:39:14.930832824Z     ...<3 lines>...
2026-09-10T18:39:14.930837152Z     )
2026-09-10T18:39:14.930841481Z     ^
2026-09-10T18:39:14.930845739Z   File "/usr/local/lib/python3.13/site-packages/fastapi/routing.py", line 330, in run_endpoint_function
2026-09-10T18:39:14.930968660Z     return await run_in_threadpool(dependant.call, **values)
2026-09-10T18:39:14.930987016Z            ^^^^^^^^^^^^^^^^^^^^^^^^^^^^^^^^^^^^^^^^^^^^^^^^^
2026-09-10T18:39:14.931072765Z   File "/usr/local/lib/python3.13/site-packages/starlette/concurrency.py", line 32, in run_in_threadpool
2026-09-10T18:39:14.931082684Z     return await anyio.to_thread.run_sync(func)
2026-09-10T18:39:14.931087323Z            ^^^^^^^^^^^^^^^^^^^^^^^^^^^^^^^^^^^^
2026-09-10T18:39:14.931091611Z   File "/usr/local/lib/python3.13/site-packages/anyio/to_thread.py", line 63, in run_sync
2026-09-10T18:39:14.931095960Z     return await get_async_backend().run_sync_in_worker_thread(
2026-09-10T18:39:14.931100289Z            ^^^^^^^^^^^^^^^^^^^^^^^^^^^^^^^^^^^^^^^^^^^^^^^^^^^^
2026-09-10T18:39:14.931104637Z         func, args, abandon_on_cancel=abandon_on_cancel, limiter=limiter
2026-09-10T18:39:14.931108885Z         ^^^^^^^^^^^^^^^^^^^^^^^^^^^^^^^^^^^^^^^^^^^^^^^^^^^^^^^^^^^^^^^^
2026-09-10T18:39:14.931113134Z     )
2026-09-10T18:39:14.931117462Z     ^
2026-09-10T18:39:14.931121961Z   File "/usr/local/lib/python3.13/site-packages/anyio/_backends/_asyncio.py", line 2518, in run_sync_in_worker_thread
2026-09-10T18:39:14.931126280Z     return await future
2026-09-10T18:39:14.931130047Z            ^^^^^^^^^^^^
2026-09-10T18:39:14.931131961Z   File "/usr/local/lib/python3.13/site-packages/anyio/_backends/_asyncio.py", line 1002, in run
2026-09-10T18:39:14.931133874Z     result = context.run(func, *args)
2026-09-10T18:39:14.931135768Z   File "/app/app/routers/orders.py", line 36, in checkout
2026-09-10T18:39:14.931137682Z     return create_order(
2026-09-10T18:39:14.931139636Z         db=db,
2026-09-10T18:39:14.931141559Z     ...<2 lines>...
2026-09-10T18:39:14.931143483Z         correlation_id=correlation_id,
2026-09-10T18:39:14.931145437Z     )
2026-09-10T18:39:14.931147381Z   File "/app/app/services/order_service.py", line 42, in create_order
2026-09-10T18:39:14.931149295Z     result = db.execute(
2026-09-10T18:39:14.931151188Z         select(ProductModel).where(ProductModel.id == product_id)
2026-09-10T18:39:14.931153112Z     )
2026-09-10T18:39:14.931155016Z   File "/usr/local/lib/python3.13/site-packages/sqlalchemy/orm/session.py", line 2372, in execute
2026-09-10T18:39:14.931156920Z     return self._execute_internal(
2026-09-10T18:39:14.931158833Z            ~~~~~~~~~~~~~~~~~~~~~~^
2026-09-10T18:39:14.931160737Z         statement,
2026-09-10T18:39:14.931162651Z         ^^^^^^^^^^
2026-09-10T18:39:14.931164535Z     ...<4 lines>...
2026-09-10T18:39:14.931166468Z         _add_event=_add_event,
2026-09-10T18:39:14.931168362Z         ^^^^^^^^^^^^^^^^^^^^^^
2026-09-10T18:39:14.931170246Z     )
2026-09-10T18:39:14.931172149Z     ^
2026-09-10T18:39:14.931174063Z   File "/usr/local/lib/python3.13/site-packages/sqlalchemy/orm/session.py", line 2260, in _execute_internal
2026-09-10T18:39:14.931178492Z     conn = self._connection_for_bind(bind)
2026-09-10T18:39:14.931180466Z   File "/usr/local/lib/python3.13/site-packages/sqlalchemy/orm/session.py", line 2112, in _connection_for_bind
2026-09-10T18:39:14.931182400Z     return trans._connection_for_bind(engine, execution_options)
2026-09-10T18:39:14.931184353Z            ~~~~~~~~~~~~~~~~~~~~~~~~~~^^^^^^^^^^^^^^^^^^^^^^^^^^^
2026-09-10T18:39:14.931186267Z   File "<string>", line 2, in _connection_for_bind
2026-09-10T18:39:14.931188181Z   File "/usr/local/lib/python3.13/site-packages/sqlalchemy/orm/state_changes.py", line 137, in _go
2026-09-10T18:39:14.931190135Z     ret_value = fn(self, *arg, **kw)
2026-09-10T18:39:14.931194153Z   File "/usr/local/lib/python3.13/site-packages/sqlalchemy/orm/session.py", line 1191, in _connection_for_bind
2026-09-10T18:39:14.931196086Z     conn = bind.connect()
2026-09-10T18:39:14.931198301Z   File "/usr/local/lib/python3.13/site-packages/opentelemetry/instrumentation/sqlalchemy/engine.py", line 200, in _wrap_connect_internal
2026-09-10T18:39:14.931208571Z     return func(*args, **kwargs)
2026-09-10T18:39:14.931210545Z   File "/usr/local/lib/python3.13/site-packages/sqlalchemy/engine/base.py", line 3295, in connect
2026-09-10T18:39:14.931212489Z     return self._connection_cls(self)
2026-09-10T18:39:14.931214402Z            ~~~~~~~~~~~~~~~~~~~~^^^^^^
2026-09-10T18:39:14.931216316Z   File "/usr/local/lib/python3.13/site-packages/sqlalchemy/engine/base.py", line 144, in __init__
2026-09-10T18:39:14.931218220Z     self._dbapi_connection = engine.raw_connection()
2026-09-10T18:39:14.931220134Z                              ~~~~~~~~~~~~~~~~~~~~~^^
2026-09-10T18:39:14.931222027Z   File "/usr/local/lib/python3.13/site-packages/sqlalchemy/engine/base.py", line 3319, in raw_connection
2026-09-10T18:39:14.931223911Z     return self.pool.connect()
2026-09-10T18:39:14.931225805Z            ~~~~~~~~~~~~~~~~~^^
2026-09-10T18:39:14.931227708Z   File "/usr/local/lib/python3.13/site-packages/sqlalchemy/pool/base.py", line 448, in connect
2026-09-10T18:39:14.931229602Z     return _ConnectionFairy._checkout(self)
2026-09-10T18:39:14.931231496Z            ~~~~~~~~~~~~~~~~~~~~~~~~~~^^^^^^
2026-09-10T18:39:14.931233380Z   File "/usr/local/lib/python3.13/site-packages/sqlalchemy/pool/base.py", line 1272, in _checkout
2026-09-10T18:39:14.931235273Z     fairy = _ConnectionRecord.checkout(pool)
2026-09-10T18:39:14.931237177Z   File "/usr/local/lib/python3.13/site-packages/sqlalchemy/pool/base.py", line 712, in checkout
2026-09-10T18:39:14.931239141Z     rec = pool._do_get()
2026-09-10T18:39:14.931241055Z   File "/usr/local/lib/python3.13/site-packages/sqlalchemy/pool/impl.py", line 167, in _do_get
2026-09-10T18:39:14.931242948Z     raise exc.TimeoutError(
2026-09-10T18:39:14.931244862Z     ...<4 lines>...
2026-09-10T18:39:14.931246776Z     )
2026-09-10T18:39:14.931249391Z sqlalchemy.exc.TimeoutError: QueuePool limit of size 5 overflow 10 reached, connection timed out, timeout 30.00 (Background on this error at: https://sqlalche.me/e/20/3o7r)
2026-09-10T18:39:15.061182404Z ERROR:    Exception in ASGI application
2026-09-10T18:39:15.061216461Z Traceback (most recent call last):
2026-09-10T18:39:15.061219637Z   File "/usr/local/lib/python3.13/site-packages/uvicorn/protocols/http/httptools_impl.py", line 421, in run_asgi
2026-09-10T18:39:15.061222382Z     result = await app(  # type: ignore[func-returns-value]
2026-09-10T18:39:15.061224306Z              ^^^^^^^^^^^^^^^^^^^^^^^^^^^^^^^^^^^^^^^^^^^^^^
2026-09-10T18:39:15.061226400Z         self.scope, self.receive, self.send
2026-09-10T18:39:15.061228334Z         ^^^^^^^^^^^^^^^^^^^^^^^^^^^^^^^^^^^
2026-09-10T18:39:15.061230258Z     )
2026-09-10T18:39:15.061232212Z     ^
2026-09-10T18:39:15.061234135Z   File "/usr/local/lib/python3.13/site-packages/uvicorn/middleware/proxy_headers.py", line 63, in __call__
2026-09-10T18:39:15.061236079Z     return await self.app(scope, receive, send)
2026-09-10T18:39:15.061238133Z            ^^^^^^^^^^^^^^^^^^^^^^^^^^^^^^^^^^^^
2026-09-10T18:39:15.061240778Z   File "/usr/local/lib/python3.13/site-packages/fastapi/applications.py", line 1159, in __call__
2026-09-10T18:39:15.061242812Z     await super().__call__(scope, receive, send)
2026-09-10T18:39:15.061244716Z   File "/usr/local/lib/python3.13/site-packages/starlette/applications.py", line 107, in __call__
2026-09-10T18:39:15.061246710Z     await self.middleware_stack(scope, receive, send)
2026-09-10T18:39:15.061248634Z   File "/usr/local/lib/python3.13/site-packages/starlette/middleware/errors.py", line 186, in __call__
2026-09-10T18:39:15.061250578Z     raise exc
2026-09-10T18:39:15.061269625Z   File "/usr/local/lib/python3.13/site-packages/starlette/middleware/errors.py", line 164, in __call__
2026-09-10T18:39:15.061271679Z     await self.app(scope, receive, _send)
2026-09-10T18:39:15.061274234Z   File "/usr/local/lib/python3.13/site-packages/opentelemetry/instrumentation/asgi/__init__.py", line 806, in __call__
2026-09-10T18:39:15.061276168Z     await self.app(scope, otel_receive, otel_send)
2026-09-10T18:39:15.061278092Z   File "/usr/local/lib/python3.13/site-packages/starlette/middleware/errors.py", line 186, in __call__
2026-09-10T18:39:15.061280045Z     raise exc
2026-09-10T18:39:15.061282019Z   File "/usr/local/lib/python3.13/site-packages/starlette/middleware/errors.py", line 164, in __call__
2026-09-10T18:39:15.061283923Z     await self.app(scope, receive, _send)
2026-09-10T18:39:15.061285817Z   File "/usr/local/lib/python3.13/site-packages/opentelemetry/instrumentation/fastapi/__init__.py", line 305, in __call__
2026-09-10T18:39:15.061287721Z     await self.app(scope, receive, send)
2026-09-10T18:39:15.061289624Z   File "/usr/local/lib/python3.13/site-packages/prometheus_fastapi_instrumentator/middleware.py", line 177, in __call__
2026-09-10T18:39:15.061291538Z     raise exc
2026-09-10T18:39:15.061293432Z   File "/usr/local/lib/python3.13/site-packages/prometheus_fastapi_instrumentator/middleware.py", line 175, in __call__
2026-09-10T18:39:15.061320926Z     await self.app(scope, receive, send_wrapper)
2026-09-10T18:39:15.061339833Z   File "/usr/local/lib/python3.13/site-packages/starlette/middleware/exceptions.py", line 63, in __call__
2026-09-10T18:39:15.061343219Z     await wrap_app_handling_exceptions(self.app, conn)(scope, receive, send)
2026-09-10T18:39:15.061345173Z   File "/usr/local/lib/python3.13/site-packages/starlette/_exception_handler.py", line 53, in wrapped_app
2026-09-10T18:39:15.061347117Z     raise exc
2026-09-10T18:39:15.061349061Z   File "/usr/local/lib/python3.13/site-packages/starlette/_exception_handler.py", line 42, in wrapped_app
2026-09-10T18:39:15.061351055Z     await app(scope, receive, sender)
2026-09-10T18:39:15.061352959Z   File "/usr/local/lib/python3.13/site-packages/fastapi/middleware/asyncexitstack.py", line 18, in __call__
2026-09-10T18:39:15.061354892Z     await self.app(scope, receive, send)
2026-09-10T18:39:15.061356816Z   File "/usr/local/lib/python3.13/site-packages/starlette/routing.py", line 716, in __call__
2026-09-10T18:39:15.061358770Z     await self.middleware_stack(scope, receive, send)
2026-09-10T18:39:15.061360694Z   File "/usr/local/lib/python3.13/site-packages/starlette/routing.py", line 736, in app
2026-09-10T18:39:15.061362658Z     await route.handle(scope, receive, send)
2026-09-10T18:39:15.061364551Z   File "/usr/local/lib/python3.13/site-packages/starlette/routing.py", line 290, in handle
2026-09-10T18:39:15.061367096Z     await self.app(scope, receive, send)
2026-09-10T18:39:15.061369361Z   File "/usr/local/lib/python3.13/site-packages/fastapi/routing.py", line 134, in app
2026-09-10T18:39:15.061371274Z     await wrap_app_handling_exceptions(app, request)(scope, receive, send)
2026-09-10T18:39:15.061373178Z   File "/usr/local/lib/python3.13/site-packages/starlette/_exception_handler.py", line 53, in wrapped_app
2026-09-10T18:39:15.061375102Z     raise exc
2026-09-10T18:39:15.061376986Z   File "/usr/local/lib/python3.13/site-packages/starlette/_exception_handler.py", line 42, in wrapped_app
2026-09-10T18:39:15.061378879Z     await app(scope, receive, sender)
2026-09-10T18:39:15.061380783Z   File "/usr/local/lib/python3.13/site-packages/fastapi/routing.py", line 120, in app
2026-09-10T18:39:15.061383438Z     response = await f(request)
2026-09-10T18:39:15.061385352Z                ^^^^^^^^^^^^^^^^
2026-09-10T18:39:15.061395532Z   File "/usr/local/lib/python3.13/site-packages/fastapi/routing.py", line 674, in app
2026-09-10T18:39:15.061397546Z     raw_response = await run_endpoint_function(
2026-09-10T18:39:15.061399450Z                    ^^^^^^^^^^^^^^^^^^^^^^^^^^^^
2026-09-10T18:39:15.061402015Z     ...<3 lines>...
2026-09-10T18:39:15.061403939Z     )
2026-09-10T18:39:15.061405842Z     ^
2026-09-10T18:39:15.061407776Z   File "/usr/local/lib/python3.13/site-packages/fastapi/routing.py", line 330, in run_endpoint_function
2026-09-10T18:39:15.061421513Z     return await run_in_threadpool(dependant.call, **values)
2026-09-10T18:39:15.061425641Z            ^^^^^^^^^^^^^^^^^^^^^^^^^^^^^^^^^^^^^^^^^^^^^^^^^
2026-09-10T18:39:15.061458285Z   File "/usr/local/lib/python3.13/site-packages/starlette/concurrency.py", line 32, in run_in_threadpool
2026-09-10T18:39:15.061462804Z     return await anyio.to_thread.run_sync(func)
2026-09-10T18:39:15.061464788Z            ^^^^^^^^^^^^^^^^^^^^^^^^^^^^^^^^^^^^
2026-09-10T18:39:15.061466732Z   File "/usr/local/lib/python3.13/site-packages/anyio/to_thread.py", line 63, in run_sync
2026-09-10T18:39:15.061468726Z     return await get_async_backend().run_sync_in_worker_thread(
2026-09-10T18:39:15.061470639Z            ^^^^^^^^^^^^^^^^^^^^^^^^^^^^^^^^^^^^^^^^^^^^^^^^^^^^
2026-09-10T18:39:15.061472533Z         func, args, abandon_on_cancel=abandon_on_cancel, limiter=limiter
2026-09-10T18:39:15.061474427Z         ^^^^^^^^^^^^^^^^^^^^^^^^^^^^^^^^^^^^^^^^^^^^^^^^^^^^^^^^^^^^^^^^
2026-09-10T18:39:15.061476331Z     )
2026-09-10T18:39:15.061478284Z     ^
2026-09-10T18:39:15.061480178Z   File "/usr/local/lib/python3.13/site-packages/anyio/_backends/_asyncio.py", line 2518, in run_sync_in_worker_thread
2026-09-10T18:39:15.061482072Z     return await future
2026-09-10T18:39:15.061484006Z            ^^^^^^^^^^^^
2026-09-10T18:39:15.061485899Z   File "/usr/local/lib/python3.13/site-packages/anyio/_backends/_asyncio.py", line 1002, in run
2026-09-10T18:39:15.061487803Z     result = context.run(func, *args)
2026-09-10T18:39:15.061489717Z   File "/app/app/routers/orders.py", line 36, in checkout
2026-09-10T18:39:15.061491671Z     return create_order(
2026-09-10T18:39:15.061493635Z         db=db,
2026-09-10T18:39:15.061495578Z     ...<2 lines>...
2026-09-10T18:39:15.061497482Z         correlation_id=correlation_id,
2026-09-10T18:39:15.061499396Z     )
2026-09-10T18:39:15.061501350Z   File "/app/app/services/order_service.py", line 42, in create_order
2026-09-10T18:39:15.061503273Z     result = db.execute(
2026-09-10T18:39:15.061505187Z         select(ProductModel).where(ProductModel.id == product_id)
2026-09-10T18:39:15.061507091Z     )
2026-09-10T18:39:15.061508995Z   File "/usr/local/lib/python3.13/site-packages/sqlalchemy/orm/session.py", line 2372, in execute
2026-09-10T18:39:15.061510908Z     return self._execute_internal(
2026-09-10T18:39:15.061512792Z            ~~~~~~~~~~~~~~~~~~~~~~^
2026-09-10T18:39:15.061514706Z         statement,
2026-09-10T18:39:15.061516610Z         ^^^^^^^^^^
2026-09-10T18:39:15.061518523Z     ...<4 lines>...
2026-09-10T18:39:15.061520527Z         _add_event=_add_event,
2026-09-10T18:39:15.061522712Z         ^^^^^^^^^^^^^^^^^^^^^^
2026-09-10T18:39:15.061524595Z     )
2026-09-10T18:39:15.061526489Z     ^
2026-09-10T18:39:15.061528433Z   File "/usr/local/lib/python3.13/site-packages/sqlalchemy/orm/session.py", line 2260, in _execute_internal
2026-09-10T18:39:15.061530387Z     conn = self._connection_for_bind(bind)
2026-09-10T18:39:15.061532320Z   File "/usr/local/lib/python3.13/site-packages/sqlalchemy/orm/session.py", line 2112, in _connection_for_bind
2026-09-10T18:39:15.061542340Z     return trans._connection_for_bind(engine, execution_options)
2026-09-10T18:39:15.061544314Z            ~~~~~~~~~~~~~~~~~~~~~~~~~~^^^^^^^^^^^^^^^^^^^^^^^^^^^
2026-09-10T18:39:15.061546258Z   File "<string>", line 2, in _connection_for_bind
2026-09-10T18:39:15.061548152Z   File "/usr/local/lib/python3.13/site-packages/sqlalchemy/orm/state_changes.py", line 137, in _go
2026-09-10T18:39:15.061550065Z     ret_value = fn(self, *arg, **kw)
2026-09-10T18:39:15.061551989Z   File "/usr/local/lib/python3.13/site-packages/sqlalchemy/orm/session.py", line 1191, in _connection_for_bind
2026-09-10T18:39:15.061553903Z     conn = bind.connect()
2026-09-10T18:39:15.061556668Z   File "/usr/local/lib/python3.13/site-packages/opentelemetry/instrumentation/sqlalchemy/engine.py", line 200, in _wrap_connect_internal
2026-09-10T18:39:15.061558752Z     return func(*args, **kwargs)
2026-09-10T18:39:15.061560686Z   File "/usr/local/lib/python3.13/site-packages/sqlalchemy/engine/base.py", line 3295, in connect
2026-09-10T18:39:15.061562590Z     return self._connection_cls(self)
2026-09-10T18:39:15.061564484Z            ~~~~~~~~~~~~~~~~~~~~^^^^^^
2026-09-10T18:39:15.061566367Z   File "/usr/local/lib/python3.13/site-packages/sqlalchemy/engine/base.py", line 144, in __init__
2026-09-10T18:39:15.061568251Z     self._dbapi_connection = engine.raw_connection()
2026-09-10T18:39:15.061570175Z                              ~~~~~~~~~~~~~~~~~~~~~^^
2026-09-10T18:39:15.061572068Z   File "/usr/local/lib/python3.13/site-packages/sqlalchemy/engine/base.py", line 3319, in raw_connection
2026-09-10T18:39:15.061573952Z     return self.pool.connect()
2026-09-10T18:39:15.061575866Z            ~~~~~~~~~~~~~~~~~^^
2026-09-10T18:39:15.061577770Z   File "/usr/local/lib/python3.13/site-packages/sqlalchemy/pool/base.py", line 448, in connect
2026-09-10T18:39:15.061579683Z     return _ConnectionFairy._checkout(self)
2026-09-10T18:39:15.061581577Z            ~~~~~~~~~~~~~~~~~~~~~~~~~~^^^^^^
2026-09-10T18:39:15.061583491Z   File "/usr/local/lib/python3.13/site-packages/sqlalchemy/pool/base.py", line 1272, in _checkout
2026-09-10T18:39:15.061585695Z     fairy = _ConnectionRecord.checkout(pool)
2026-09-10T18:39:15.061587599Z   File "/usr/local/lib/python3.13/site-packages/sqlalchemy/pool/base.py", line 712, in checkout
2026-09-10T18:39:15.061589493Z     rec = pool._do_get()
2026-09-10T18:39:15.061591386Z   File "/usr/local/lib/python3.13/site-packages/sqlalchemy/pool/impl.py", line 167, in _do_get
2026-09-10T18:39:15.061593270Z     raise exc.TimeoutError(
2026-09-10T18:39:15.061595174Z     ...<4 lines>...
2026-09-10T18:39:15.061597108Z     )
2026-09-10T18:39:15.061600174Z sqlalchemy.exc.TimeoutError: QueuePool limit of size 5 overflow 10 reached, connection timed out, timeout 30.00 (Background on this error at: https://sqlalche.me/e/20/3o7r)
2026-09-10T18:39:15.154952616Z ERROR:    Exception in ASGI application
2026-09-10T18:39:15.154998757Z Traceback (most recent call last):
2026-09-10T18:39:15.155001813Z   File "/usr/local/lib/python3.13/site-packages/uvicorn/protocols/http/httptools_impl.py", line 421, in run_asgi
2026-09-10T18:39:15.155004568Z     result = await app(  # type: ignore[func-returns-value]
2026-09-10T18:39:15.155006502Z              ^^^^^^^^^^^^^^^^^^^^^^^^^^^^^^^^^^^^^^^^^^^^^^
2026-09-10T18:39:15.155008426Z         self.scope, self.receive, self.send
2026-09-10T18:39:15.155010329Z         ^^^^^^^^^^^^^^^^^^^^^^^^^^^^^^^^^^^
2026-09-10T18:39:15.155012353Z     )
2026-09-10T18:39:15.155014327Z     ^
2026-09-10T18:39:15.155016271Z   File "/usr/local/lib/python3.13/site-packages/uvicorn/middleware/proxy_headers.py", line 63, in __call__
2026-09-10T18:39:15.155018205Z     return await self.app(scope, receive, send)
2026-09-10T18:39:15.155040258Z            ^^^^^^^^^^^^^^^^^^^^^^^^^^^^^^^^^^^^
2026-09-10T18:39:15.155043695Z   File "/usr/local/lib/python3.13/site-packages/fastapi/applications.py", line 1159, in __call__
2026-09-10T18:39:15.155045619Z     await super().__call__(scope, receive, send)
2026-09-10T18:39:15.155047532Z   File "/usr/local/lib/python3.13/site-packages/starlette/applications.py", line 107, in __call__
2026-09-10T18:39:15.155049516Z     await self.middleware_stack(scope, receive, send)
2026-09-10T18:39:15.155051440Z   File "/usr/local/lib/python3.13/site-packages/starlette/middleware/errors.py", line 186, in __call__
2026-09-10T18:39:15.155053384Z     raise exc
2026-09-10T18:39:15.155055308Z   File "/usr/local/lib/python3.13/site-packages/starlette/middleware/errors.py", line 164, in __call__
2026-09-10T18:39:15.155057252Z     await self.app(scope, receive, _send)
2026-09-10T18:39:15.155059626Z   File "/usr/local/lib/python3.13/site-packages/opentelemetry/instrumentation/asgi/__init__.py", line 806, in __call__
2026-09-10T18:39:15.155061640Z     await self.app(scope, otel_receive, otel_send)
2026-09-10T18:39:15.155063564Z   File "/usr/local/lib/python3.13/site-packages/starlette/middleware/errors.py", line 186, in __call__
2026-09-10T18:39:15.155065518Z     raise exc
2026-09-10T18:39:15.155067582Z   File "/usr/local/lib/python3.13/site-packages/starlette/middleware/errors.py", line 164, in __call__
2026-09-10T18:39:15.155069506Z     await self.app(scope, receive, _send)
2026-09-10T18:39:15.155071449Z   File "/usr/local/lib/python3.13/site-packages/opentelemetry/instrumentation/fastapi/__init__.py", line 305, in __call__
2026-09-10T18:39:15.155073383Z     await self.app(scope, receive, send)
2026-09-10T18:39:15.155075357Z   File "/usr/local/lib/python3.13/site-packages/prometheus_fastapi_instrumentator/middleware.py", line 177, in __call__
2026-09-10T18:39:15.155077271Z     raise exc
2026-09-10T18:39:15.155079175Z   File "/usr/local/lib/python3.13/site-packages/prometheus_fastapi_instrumentator/middleware.py", line 175, in __call__
2026-09-10T18:39:15.155081118Z     await self.app(scope, receive, send_wrapper)
2026-09-10T18:39:15.155083032Z   File "/usr/local/lib/python3.13/site-packages/starlette/middleware/exceptions.py", line 63, in __call__
2026-09-10T18:39:15.155085828Z     await wrap_app_handling_exceptions(self.app, conn)(scope, receive, send)
2026-09-10T18:39:15.155087751Z   File "/usr/local/lib/python3.13/site-packages/starlette/_exception_handler.py", line 53, in wrapped_app
2026-09-10T18:39:15.155089665Z     raise exc
2026-09-10T18:39:15.155091569Z   File "/usr/local/lib/python3.13/site-packages/starlette/_exception_handler.py", line 42, in wrapped_app
2026-09-10T18:39:15.155093483Z     await app(scope, receive, sender)
2026-09-10T18:39:15.155095386Z   File "/usr/local/lib/python3.13/site-packages/fastapi/middleware/asyncexitstack.py", line 18, in __call__
2026-09-10T18:39:15.155097310Z     await self.app(scope, receive, send)
2026-09-10T18:39:15.155099234Z   File "/usr/local/lib/python3.13/site-packages/starlette/routing.py", line 716, in __call__
2026-09-10T18:39:15.155101148Z     await self.middleware_stack(scope, receive, send)
2026-09-10T18:39:15.155103132Z   File "/usr/local/lib/python3.13/site-packages/starlette/routing.py", line 736, in app
2026-09-10T18:39:15.155105055Z     await route.handle(scope, receive, send)
2026-09-10T18:39:15.155106999Z   File "/usr/local/lib/python3.13/site-packages/starlette/routing.py", line 290, in handle
2026-09-10T18:39:15.155108923Z     await self.app(scope, receive, send)
2026-09-10T18:39:15.155110897Z   File "/usr/local/lib/python3.13/site-packages/fastapi/routing.py", line 134, in app
2026-09-10T18:39:15.155118201Z     await wrap_app_handling_exceptions(app, request)(scope, receive, send)
2026-09-10T18:39:15.155120355Z   File "/usr/local/lib/python3.13/site-packages/starlette/_exception_handler.py", line 53, in wrapped_app
2026-09-10T18:39:15.155122269Z     raise exc
2026-09-10T18:39:15.155126547Z   File "/usr/local/lib/python3.13/site-packages/starlette/_exception_handler.py", line 42, in wrapped_app
2026-09-10T18:39:15.155128602Z     await app(scope, receive, sender)
2026-09-10T18:39:15.155130696Z   File "/usr/local/lib/python3.13/site-packages/fastapi/routing.py", line 120, in app
2026-09-10T18:39:15.155133201Z     response = await f(request)
2026-09-10T18:39:15.155135134Z                ^^^^^^^^^^^^^^^^
2026-09-10T18:39:15.155137108Z   File "/usr/local/lib/python3.13/site-packages/fastapi/routing.py", line 674, in app
2026-09-10T18:39:15.155139012Z     raw_response = await run_endpoint_function(
2026-09-10T18:39:15.155140926Z                    ^^^^^^^^^^^^^^^^^^^^^^^^^^^^
2026-09-10T18:39:15.155143431Z     ...<3 lines>...
2026-09-10T18:39:15.155145485Z     )
2026-09-10T18:39:15.155147489Z     ^
2026-09-10T18:39:15.155149432Z   File "/usr/local/lib/python3.13/site-packages/fastapi/routing.py", line 330, in run_endpoint_function
2026-09-10T18:39:15.155151366Z     return await run_in_threadpool(dependant.call, **values)
2026-09-10T18:39:15.155153310Z            ^^^^^^^^^^^^^^^^^^^^^^^^^^^^^^^^^^^^^^^^^^^^^^^^^
2026-09-10T18:39:15.155170474Z   File "/usr/local/lib/python3.13/site-packages/starlette/concurrency.py", line 32, in run_in_threadpool
2026-09-10T18:39:15.155210031Z     return await anyio.to_thread.run_sync(func)
2026-09-10T18:39:15.155230281Z            ^^^^^^^^^^^^^^^^^^^^^^^^^^^^^^^^^^^^
2026-09-10T18:39:15.155233587Z   File "/usr/local/lib/python3.13/site-packages/anyio/to_thread.py", line 63, in run_sync
2026-09-10T18:39:15.155236263Z     return await get_async_backend().run_sync_in_worker_thread(
2026-09-10T18:39:15.155238187Z            ^^^^^^^^^^^^^^^^^^^^^^^^^^^^^^^^^^^^^^^^^^^^^^^^^^^^
2026-09-10T18:39:15.155240772Z         func, args, abandon_on_cancel=abandon_on_cancel, limiter=limiter
2026-09-10T18:39:15.155242705Z         ^^^^^^^^^^^^^^^^^^^^^^^^^^^^^^^^^^^^^^^^^^^^^^^^^^^^^^^^^^^^^^^^
2026-09-10T18:39:15.155244629Z     )
2026-09-10T18:39:15.155246573Z     ^
2026-09-10T18:39:15.155249639Z   File "/usr/local/lib/python3.13/site-packages/anyio/_backends/_asyncio.py", line 2518, in run_sync_in_worker_thread
2026-09-10T18:39:15.155252174Z     return await future
2026-09-10T18:39:15.155254068Z            ^^^^^^^^^^^^
2026-09-10T18:39:15.155255941Z   File "/usr/local/lib/python3.13/site-packages/anyio/_backends/_asyncio.py", line 1002, in run
2026-09-10T18:39:15.155257885Z     result = context.run(func, *args)
2026-09-10T18:39:15.155259799Z   File "/app/app/routers/orders.py", line 36, in checkout
2026-09-10T18:39:15.155261683Z     return create_order(
2026-09-10T18:39:15.155263626Z         db=db,
2026-09-10T18:39:15.155265540Z     ...<2 lines>...
2026-09-10T18:39:15.155267474Z         correlation_id=correlation_id,
2026-09-10T18:39:15.155269388Z     )
2026-09-10T18:39:15.155271752Z   File "/app/app/services/order_service.py", line 42, in create_order
2026-09-10T18:39:15.155273686Z     result = db.execute(
2026-09-10T18:39:15.155275640Z         select(ProductModel).where(ProductModel.id == product_id)
2026-09-10T18:39:15.155277574Z     )
2026-09-10T18:39:15.155279658Z   File "/usr/local/lib/python3.13/site-packages/sqlalchemy/orm/session.py", line 2372, in execute
2026-09-10T18:39:15.155281542Z     return self._execute_internal(
2026-09-10T18:39:15.155283425Z            ~~~~~~~~~~~~~~~~~~~~~~^
2026-09-10T18:39:15.155304356Z         statement,
2026-09-10T18:39:15.155306450Z         ^^^^^^^^^^
2026-09-10T18:39:15.155308444Z     ...<4 lines>...
2026-09-10T18:39:15.155310939Z         _add_event=_add_event,
2026-09-10T18:39:15.155312863Z         ^^^^^^^^^^^^^^^^^^^^^^
2026-09-10T18:39:15.155314737Z     )
2026-09-10T18:39:15.155316660Z     ^
2026-09-10T18:39:15.155318604Z   File "/usr/local/lib/python3.13/site-packages/sqlalchemy/orm/session.py", line 2260, in _execute_internal
2026-09-10T18:39:15.155320528Z     conn = self._connection_for_bind(bind)
2026-09-10T18:39:15.155322442Z   File "/usr/local/lib/python3.13/site-packages/sqlalchemy/orm/session.py", line 2112, in _connection_for_bind
2026-09-10T18:39:15.155324386Z     return trans._connection_for_bind(engine, execution_options)
2026-09-10T18:39:15.155326289Z            ~~~~~~~~~~~~~~~~~~~~~~~~~~^^^^^^^^^^^^^^^^^^^^^^^^^^^
2026-09-10T18:39:15.155328193Z   File "<string>", line 2, in _connection_for_bind
2026-09-10T18:39:15.155330067Z   File "/usr/local/lib/python3.13/site-packages/sqlalchemy/orm/state_changes.py", line 137, in _go
2026-09-10T18:39:15.155331950Z     ret_value = fn(self, *arg, **kw)
2026-09-10T18:39:15.155333904Z   File "/usr/local/lib/python3.13/site-packages/sqlalchemy/orm/session.py", line 1191, in _connection_for_bind
2026-09-10T18:39:15.155349044Z     conn = bind.connect()
2026-09-10T18:39:15.155351489Z   File "/usr/local/lib/python3.13/site-packages/opentelemetry/instrumentation/sqlalchemy/engine.py", line 200, in _wrap_connect_internal
2026-09-10T18:39:15.155353423Z     return func(*args, **kwargs)
2026-09-10T18:39:15.155355346Z   File "/usr/local/lib/python3.13/site-packages/sqlalchemy/engine/base.py", line 3295, in connect
2026-09-10T18:39:15.155357270Z     return self._connection_cls(self)
2026-09-10T18:39:15.155359224Z            ~~~~~~~~~~~~~~~~~~~~^^^^^^
2026-09-10T18:39:15.155361108Z   File "/usr/local/lib/python3.13/site-packages/sqlalchemy/engine/base.py", line 144, in __init__
2026-09-10T18:39:15.155363031Z     self._dbapi_connection = engine.raw_connection()
2026-09-10T18:39:15.155364935Z                              ~~~~~~~~~~~~~~~~~~~~~^^
2026-09-10T18:39:15.155366839Z   File "/usr/local/lib/python3.13/site-packages/sqlalchemy/engine/base.py", line 3319, in raw_connection
2026-09-10T18:39:15.155368963Z     return self.pool.connect()
2026-09-10T18:39:15.155370887Z            ~~~~~~~~~~~~~~~~~^^
2026-09-10T18:39:15.155372901Z   File "/usr/local/lib/python3.13/site-packages/sqlalchemy/pool/base.py", line 448, in connect
2026-09-10T18:39:15.155374825Z     return _ConnectionFairy._checkout(self)
2026-09-10T18:39:15.155376728Z            ~~~~~~~~~~~~~~~~~~~~~~~~~~^^^^^^
2026-09-10T18:39:15.155378632Z   File "/usr/local/lib/python3.13/site-packages/sqlalchemy/pool/base.py", line 1272, in _checkout
2026-09-10T18:39:15.155380526Z     fairy = _ConnectionRecord.checkout(pool)
2026-09-10T18:39:15.155382550Z   File "/usr/local/lib/python3.13/site-packages/sqlalchemy/pool/base.py", line 712, in checkout
2026-09-10T18:39:15.155384564Z     rec = pool._do_get()
2026-09-10T18:39:15.155386457Z   File "/usr/local/lib/python3.13/site-packages/sqlalchemy/pool/impl.py", line 167, in _do_get
2026-09-10T18:39:15.155388361Z     raise exc.TimeoutError(
2026-09-10T18:39:15.155390335Z     ...<4 lines>...
2026-09-10T18:39:15.155392239Z     )
2026-09-10T18:39:15.155395295Z sqlalchemy.exc.TimeoutError: QueuePool limit of size 5 overflow 10 reached, connection timed out, timeout 30.00 (Background on this error at: https://sqlalche.me/e/20/3o7r)
2026-09-10T18:39:15.234334749Z ERROR:    Exception in ASGI application
2026-09-10T18:39:15.234372784Z Traceback (most recent call last):
2026-09-10T18:39:15.234404406Z   File "/usr/local/lib/python3.13/site-packages/uvicorn/protocols/http/httptools_impl.py", line 421, in run_asgi
2026-09-10T18:39:15.234409676Z     result = await app(  # type: ignore[func-returns-value]
2026-09-10T18:39:15.234413965Z              ^^^^^^^^^^^^^^^^^^^^^^^^^^^^^^^^^^^^^^^^^^^^^^
2026-09-10T18:39:15.234418293Z         self.scope, self.receive, self.send
2026-09-10T18:39:15.234422582Z         ^^^^^^^^^^^^^^^^^^^^^^^^^^^^^^^^^^^
2026-09-10T18:39:15.234426910Z     )
2026-09-10T18:39:15.234431289Z     ^
2026-09-10T18:39:15.234435687Z   File "/usr/local/lib/python3.13/site-packages/uvicorn/middleware/proxy_headers.py", line 63, in __call__
2026-09-10T18:39:15.234439996Z     return await self.app(scope, receive, send)
2026-09-10T18:39:15.234444214Z            ^^^^^^^^^^^^^^^^^^^^^^^^^^^^^^^^^^^^
2026-09-10T18:39:15.234448903Z   File "/usr/local/lib/python3.13/site-packages/fastapi/applications.py", line 1159, in __call__
2026-09-10T18:39:15.234453172Z     await super().__call__(scope, receive, send)
2026-09-10T18:39:15.234457460Z   File "/usr/local/lib/python3.13/site-packages/starlette/applications.py", line 107, in __call__
2026-09-10T18:39:15.234461719Z     await self.middleware_stack(scope, receive, send)
2026-09-10T18:39:15.234465977Z   File "/usr/local/lib/python3.13/site-packages/starlette/middleware/errors.py", line 186, in __call__
2026-09-10T18:39:15.234470856Z     raise exc
2026-09-10T18:39:15.234475225Z   File "/usr/local/lib/python3.13/site-packages/starlette/middleware/errors.py", line 164, in __call__
2026-09-10T18:39:15.234479543Z     await self.app(scope, receive, _send)
2026-09-10T18:39:15.234484233Z   File "/usr/local/lib/python3.13/site-packages/opentelemetry/instrumentation/asgi/__init__.py", line 806, in __call__
2026-09-10T18:39:15.234488581Z     await self.app(scope, otel_receive, otel_send)
2026-09-10T18:39:15.234492890Z   File "/usr/local/lib/python3.13/site-packages/starlette/middleware/errors.py", line 186, in __call__
2026-09-10T18:39:15.234497258Z     raise exc
2026-09-10T18:39:15.234501547Z   File "/usr/local/lib/python3.13/site-packages/starlette/middleware/errors.py", line 164, in __call__
2026-09-10T18:39:15.234505865Z     await self.app(scope, receive, _send)
2026-09-10T18:39:15.234510474Z   File "/usr/local/lib/python3.13/site-packages/opentelemetry/instrumentation/fastapi/__init__.py", line 305, in __call__
2026-09-10T18:39:15.234514803Z     await self.app(scope, receive, send)
2026-09-10T18:39:15.234519061Z   File "/usr/local/lib/python3.13/site-packages/prometheus_fastapi_instrumentator/middleware.py", line 177, in __call__
2026-09-10T18:39:15.234523319Z     raise exc
2026-09-10T18:39:15.234527548Z   File "/usr/local/lib/python3.13/site-packages/prometheus_fastapi_instrumentator/middleware.py", line 175, in __call__
2026-09-10T18:39:15.234531786Z     await self.app(scope, receive, send_wrapper)
2026-09-10T18:39:15.234536024Z   File "/usr/local/lib/python3.13/site-packages/starlette/middleware/exceptions.py", line 63, in __call__
2026-09-10T18:39:15.234540804Z     await wrap_app_handling_exceptions(self.app, conn)(scope, receive, send)
2026-09-10T18:39:15.234545062Z   File "/usr/local/lib/python3.13/site-packages/starlette/_exception_handler.py", line 53, in wrapped_app
2026-09-10T18:39:15.234549320Z     raise exc
2026-09-10T18:39:15.234553609Z   File "/usr/local/lib/python3.13/site-packages/starlette/_exception_handler.py", line 42, in wrapped_app
2026-09-10T18:39:15.234557857Z     await app(scope, receive, sender)
2026-09-10T18:39:15.234562115Z   File "/usr/local/lib/python3.13/site-packages/fastapi/middleware/asyncexitstack.py", line 18, in __call__
2026-09-10T18:39:15.234566364Z     await self.app(scope, receive, send)
2026-09-10T18:39:15.234581353Z   File "/usr/local/lib/python3.13/site-packages/starlette/routing.py", line 716, in __call__
2026-09-10T18:39:15.234585752Z     await self.middleware_stack(scope, receive, send)
2026-09-10T18:39:15.234590020Z   File "/usr/local/lib/python3.13/site-packages/starlette/routing.py", line 736, in app
2026-09-10T18:39:15.234594319Z     await route.handle(scope, receive, send)
2026-09-10T18:39:15.234598597Z   File "/usr/local/lib/python3.13/site-packages/starlette/routing.py", line 290, in handle
2026-09-10T18:39:15.234602865Z     await self.app(scope, receive, send)
2026-09-10T18:39:15.234607164Z   File "/usr/local/lib/python3.13/site-packages/fastapi/routing.py", line 134, in app
2026-09-10T18:39:15.234611412Z     await wrap_app_handling_exceptions(app, request)(scope, receive, send)
2026-09-10T18:39:15.234615691Z   File "/usr/local/lib/python3.13/site-packages/starlette/_exception_handler.py", line 53, in wrapped_app
2026-09-10T18:39:15.234619969Z     raise exc
2026-09-10T18:39:15.234624267Z   File "/usr/local/lib/python3.13/site-packages/starlette/_exception_handler.py", line 42, in wrapped_app
2026-09-10T18:39:15.234628556Z     await app(scope, receive, sender)
2026-09-10T18:39:15.234632804Z   File "/usr/local/lib/python3.13/site-packages/fastapi/routing.py", line 120, in app
2026-09-10T18:39:15.234637654Z     response = await f(request)
2026-09-10T18:39:15.234641992Z                ^^^^^^^^^^^^^^^^
2026-09-10T18:39:15.234646241Z   File "/usr/local/lib/python3.13/site-packages/fastapi/routing.py", line 674, in app
2026-09-10T18:39:15.234650499Z     raw_response = await run_endpoint_function(
2026-09-10T18:39:15.234655028Z                    ^^^^^^^^^^^^^^^^^^^^^^^^^^^^
2026-09-10T18:39:15.234660008Z     ...<3 lines>...
2026-09-10T18:39:15.234664336Z     )
2026-09-10T18:39:15.234668604Z     ^
2026-09-10T18:39:15.234672983Z   File "/usr/local/lib/python3.13/site-packages/fastapi/routing.py", line 330, in run_endpoint_function
2026-09-10T18:39:15.234677281Z     return await run_in_threadpool(dependant.call, **values)
2026-09-10T18:39:15.234681580Z            ^^^^^^^^^^^^^^^^^^^^^^^^^^^^^^^^^^^^^^^^^^^^^^^^^
2026-09-10T18:39:15.234747830Z   File "/usr/local/lib/python3.13/site-packages/starlette/concurrency.py", line 32, in run_in_threadpool
2026-09-10T18:39:15.234757870Z     return await anyio.to_thread.run_sync(func)
2026-09-10T18:39:15.234762418Z            ^^^^^^^^^^^^^^^^^^^^^^^^^^^^^^^^^^^^
2026-09-10T18:39:15.234766727Z   File "/usr/local/lib/python3.13/site-packages/anyio/to_thread.py", line 63, in run_sync
2026-09-10T18:39:15.234771035Z     return await get_async_backend().run_sync_in_worker_thread(
2026-09-10T18:39:15.234775384Z            ^^^^^^^^^^^^^^^^^^^^^^^^^^^^^^^^^^^^^^^^^^^^^^^^^^^^
2026-09-10T18:39:15.234779672Z         func, args, abandon_on_cancel=abandon_on_cancel, limiter=limiter
2026-09-10T18:39:15.234783921Z         ^^^^^^^^^^^^^^^^^^^^^^^^^^^^^^^^^^^^^^^^^^^^^^^^^^^^^^^^^^^^^^^^
2026-09-10T18:39:15.234788319Z     )
2026-09-10T18:39:15.234792628Z     ^
2026-09-10T18:39:15.234797056Z   File "/usr/local/lib/python3.13/site-packages/anyio/_backends/_asyncio.py", line 2518, in run_sync_in_worker_thread
2026-09-10T18:39:15.234801355Z     return await future
2026-09-10T18:39:15.234805633Z            ^^^^^^^^^^^^
2026-09-10T18:39:15.234809892Z   File "/usr/local/lib/python3.13/site-packages/anyio/_backends/_asyncio.py", line 1002, in run
2026-09-10T18:39:15.234814130Z     result = context.run(func, *args)
2026-09-10T18:39:15.234818438Z   File "/app/app/routers/orders.py", line 36, in checkout
2026-09-10T18:39:15.234822777Z     return create_order(
2026-09-10T18:39:15.234827095Z         db=db,
2026-09-10T18:39:15.234847986Z     ...<2 lines>...
2026-09-10T18:39:15.234945778Z         correlation_id=correlation_id,
2026-09-10T18:39:15.234953774Z     )
2026-09-10T18:39:15.234958263Z   File "/app/app/services/order_service.py", line 42, in create_order
2026-09-10T18:39:15.234962601Z     result = db.execute(
2026-09-10T18:39:15.234966990Z         select(ProductModel).where(ProductModel.id == product_id)
2026-09-10T18:39:15.234971459Z     )
2026-09-10T18:39:15.234975767Z   File "/usr/local/lib/python3.13/site-packages/sqlalchemy/orm/session.py", line 2372, in execute
2026-09-10T18:39:15.234980226Z     return self._execute_internal(
2026-09-10T18:39:15.234984574Z            ~~~~~~~~~~~~~~~~~~~~~~^
2026-09-10T18:39:15.234988883Z         statement,
2026-09-10T18:39:15.234993231Z         ^^^^^^^^^^
2026-09-10T18:39:15.234997530Z     ...<4 lines>...
2026-09-10T18:39:15.235001808Z         _add_event=_add_event,
2026-09-10T18:39:15.235006157Z         ^^^^^^^^^^^^^^^^^^^^^^
2026-09-10T18:39:15.235010445Z     )
2026-09-10T18:39:15.235014723Z     ^
2026-09-10T18:39:15.235019032Z   File "/usr/local/lib/python3.13/site-packages/sqlalchemy/orm/session.py", line 2260, in _execute_internal
2026-09-10T18:39:15.235023380Z     conn = self._connection_for_bind(bind)
2026-09-10T18:39:15.235027689Z   File "/usr/local/lib/python3.13/site-packages/sqlalchemy/orm/session.py", line 2112, in _connection_for_bind
2026-09-10T18:39:15.235032017Z     return trans._connection_for_bind(engine, execution_options)
2026-09-10T18:39:15.235036346Z            ~~~~~~~~~~~~~~~~~~~~~~~~~~^^^^^^^^^^^^^^^^^^^^^^^^^^^
2026-09-10T18:39:15.235040684Z   File "<string>", line 2, in _connection_for_bind
2026-09-10T18:39:15.235044973Z   File "/usr/local/lib/python3.13/site-packages/sqlalchemy/orm/state_changes.py", line 137, in _go
2026-09-10T18:39:15.235049231Z     ret_value = fn(self, *arg, **kw)
2026-09-10T18:39:15.235053510Z   File "/usr/local/lib/python3.13/site-packages/sqlalchemy/orm/session.py", line 1191, in _connection_for_bind
2026-09-10T18:39:15.235057878Z     conn = bind.connect()
2026-09-10T18:39:15.235062858Z   File "/usr/local/lib/python3.13/site-packages/opentelemetry/instrumentation/sqlalchemy/engine.py", line 200, in _wrap_connect_internal
2026-09-10T18:39:15.235067196Z     return func(*args, **kwargs)
2026-09-10T18:39:15.235071625Z   File "/usr/local/lib/python3.13/site-packages/sqlalchemy/engine/base.py", line 3295, in connect
2026-09-10T18:39:15.235075954Z     return self._connection_cls(self)
2026-09-10T18:39:15.235080282Z            ~~~~~~~~~~~~~~~~~~~~^^^^^^
2026-09-10T18:39:15.235084561Z   File "/usr/local/lib/python3.13/site-packages/sqlalchemy/engine/base.py", line 144, in __init__
2026-09-10T18:39:15.235088859Z     self._dbapi_connection = engine.raw_connection()
2026-09-10T18:39:15.235093187Z                              ~~~~~~~~~~~~~~~~~~~~~^^
2026-09-10T18:39:15.235097486Z   File "/usr/local/lib/python3.13/site-packages/sqlalchemy/engine/base.py", line 3319, in raw_connection
2026-09-10T18:39:15.235101794Z     return self.pool.connect()
2026-09-10T18:39:15.235106103Z            ~~~~~~~~~~~~~~~~~^^
2026-09-10T18:39:15.235110461Z   File "/usr/local/lib/python3.13/site-packages/sqlalchemy/pool/base.py", line 448, in connect
2026-09-10T18:39:15.235114780Z     return _ConnectionFairy._checkout(self)
2026-09-10T18:39:15.235119088Z            ~~~~~~~~~~~~~~~~~~~~~~~~~~^^^^^^
2026-09-10T18:39:15.235126974Z   File "/usr/local/lib/python3.13/site-packages/sqlalchemy/pool/base.py", line 1272, in _checkout
2026-09-10T18:39:15.235131412Z     fairy = _ConnectionRecord.checkout(pool)
2026-09-10T18:39:15.235135701Z   File "/usr/local/lib/python3.13/site-packages/sqlalchemy/pool/base.py", line 712, in checkout
2026-09-10T18:39:15.235155730Z     rec = pool._do_get()
2026-09-10T18:39:15.235160139Z   File "/usr/local/lib/python3.13/site-packages/sqlalchemy/pool/impl.py", line 167, in _do_get
2026-09-10T18:39:15.235164497Z     raise exc.TimeoutError(
2026-09-10T18:39:15.235168816Z     ...<4 lines>...
2026-09-10T18:39:15.235173184Z     )
2026-09-10T18:39:15.235178174Z sqlalchemy.exc.TimeoutError: QueuePool limit of size 5 overflow 10 reached, connection timed out, timeout 30.00 (Background on this error at: https://sqlalche.me/e/20/3o7r)
2026-09-10T18:39:15.647378386Z ERROR:    Exception in ASGI application
2026-09-10T18:39:15.647426951Z Traceback (most recent call last):
2026-09-10T18:39:15.647432382Z   File "/usr/local/lib/python3.13/site-packages/uvicorn/protocols/http/httptools_impl.py", line 421, in run_asgi
2026-09-10T18:39:15.647437743Z     result = await app(  # type: ignore[func-returns-value]
2026-09-10T18:39:15.647442061Z              ^^^^^^^^^^^^^^^^^^^^^^^^^^^^^^^^^^^^^^^^^^^^^^
2026-09-10T18:39:15.647446400Z         self.scope, self.receive, self.send
2026-09-10T18:39:15.647450718Z         ^^^^^^^^^^^^^^^^^^^^^^^^^^^^^^^^^^^
2026-09-10T18:39:15.647455297Z     )
2026-09-10T18:39:15.647459696Z     ^
2026-09-10T18:39:15.647463994Z   File "/usr/local/lib/python3.13/site-packages/uvicorn/middleware/proxy_headers.py", line 63, in __call__
2026-09-10T18:39:15.647468333Z     return await self.app(scope, receive, send)
2026-09-10T18:39:15.647472791Z            ^^^^^^^^^^^^^^^^^^^^^^^^^^^^^^^^^^^^
2026-09-10T18:39:15.647477721Z   File "/usr/local/lib/python3.13/site-packages/fastapi/applications.py", line 1159, in __call__
2026-09-10T18:39:15.647482009Z     await super().__call__(scope, receive, send)
2026-09-10T18:39:15.647486298Z   File "/usr/local/lib/python3.13/site-packages/starlette/applications.py", line 107, in __call__
2026-09-10T18:39:15.647490596Z     await self.middleware_stack(scope, receive, send)
2026-09-10T18:39:15.647494885Z   File "/usr/local/lib/python3.13/site-packages/starlette/middleware/errors.py", line 186, in __call__
2026-09-10T18:39:15.647499283Z     raise exc
2026-09-10T18:39:15.647503562Z   File "/usr/local/lib/python3.13/site-packages/starlette/middleware/errors.py", line 164, in __call__
2026-09-10T18:39:15.647507860Z     await self.app(scope, receive, _send)
2026-09-10T18:39:15.647512820Z   File "/usr/local/lib/python3.13/site-packages/opentelemetry/instrumentation/asgi/__init__.py", line 806, in __call__
2026-09-10T18:39:15.647517148Z     await self.app(scope, otel_receive, otel_send)
2026-09-10T18:39:15.647521427Z   File "/usr/local/lib/python3.13/site-packages/starlette/middleware/errors.py", line 186, in __call__
2026-09-10T18:39:15.647525715Z     raise exc
2026-09-10T18:39:15.647529943Z   File "/usr/local/lib/python3.13/site-packages/starlette/middleware/errors.py", line 164, in __call__
2026-09-10T18:39:15.647534222Z     await self.app(scope, receive, _send)
2026-09-10T18:39:15.647538490Z   File "/usr/local/lib/python3.13/site-packages/opentelemetry/instrumentation/fastapi/__init__.py", line 305, in __call__
2026-09-10T18:39:15.647542799Z     await self.app(scope, receive, send)
2026-09-10T18:39:15.647547057Z   File "/usr/local/lib/python3.13/site-packages/prometheus_fastapi_instrumentator/middleware.py", line 177, in __call__
2026-09-10T18:39:15.647551355Z     raise exc
2026-09-10T18:39:15.647555604Z   File "/usr/local/lib/python3.13/site-packages/prometheus_fastapi_instrumentator/middleware.py", line 175, in __call__
2026-09-10T18:39:15.647560604Z     await self.app(scope, receive, send_wrapper)
2026-09-10T18:39:15.647564882Z   File "/usr/local/lib/python3.13/site-packages/starlette/middleware/exceptions.py", line 63, in __call__
2026-09-10T18:39:15.647595051Z     await wrap_app_handling_exceptions(self.app, conn)(scope, receive, send)
2026-09-10T18:39:15.647599600Z   File "/usr/local/lib/python3.13/site-packages/starlette/_exception_handler.py", line 53, in wrapped_app
2026-09-10T18:39:15.647603979Z     raise exc
2026-09-10T18:39:15.647608197Z   File "/usr/local/lib/python3.13/site-packages/starlette/_exception_handler.py", line 42, in wrapped_app
2026-09-10T18:39:15.647612435Z     await app(scope, receive, sender)
2026-09-10T18:39:15.647616674Z   File "/usr/local/lib/python3.13/site-packages/fastapi/middleware/asyncexitstack.py", line 18, in __call__
2026-09-10T18:39:15.647620952Z     await self.app(scope, receive, send)
2026-09-10T18:39:15.647625240Z   File "/usr/local/lib/python3.13/site-packages/starlette/routing.py", line 716, in __call__
2026-09-10T18:39:15.647629539Z     await self.middleware_stack(scope, receive, send)
2026-09-10T18:39:15.647633827Z   File "/usr/local/lib/python3.13/site-packages/starlette/routing.py", line 736, in app
2026-09-10T18:39:15.647638126Z     await route.handle(scope, receive, send)
2026-09-10T18:39:15.647642414Z   File "/usr/local/lib/python3.13/site-packages/starlette/routing.py", line 290, in handle
2026-09-10T18:39:15.647646703Z     await self.app(scope, receive, send)
2026-09-10T18:39:15.647651442Z   File "/usr/local/lib/python3.13/site-packages/fastapi/routing.py", line 134, in app
2026-09-10T18:39:15.647655770Z     await wrap_app_handling_exceptions(app, request)(scope, receive, send)
2026-09-10T18:39:15.647660049Z   File "/usr/local/lib/python3.13/site-packages/starlette/_exception_handler.py", line 53, in wrapped_app
2026-09-10T18:39:15.647664297Z     raise exc
2026-09-10T18:39:15.647668545Z   File "/usr/local/lib/python3.13/site-packages/starlette/_exception_handler.py", line 42, in wrapped_app
2026-09-10T18:39:15.647672824Z     await app(scope, receive, sender)
2026-09-10T18:39:15.647677102Z   File "/usr/local/lib/python3.13/site-packages/fastapi/routing.py", line 120, in app
2026-09-10T18:39:15.647682342Z     response = await f(request)
2026-09-10T18:39:15.647686972Z                ^^^^^^^^^^^^^^^^
2026-09-10T18:39:15.647691280Z   File "/usr/local/lib/python3.13/site-packages/fastapi/routing.py", line 674, in app
2026-09-10T18:39:15.647695568Z     raw_response = await run_endpoint_function(
2026-09-10T18:39:15.647699827Z                    ^^^^^^^^^^^^^^^^^^^^^^^^^^^^
2026-09-10T18:39:15.647704546Z     ...<3 lines>...
2026-09-10T18:39:15.647708854Z     )
2026-09-10T18:39:15.647713213Z     ^
2026-09-10T18:39:15.647717572Z   File "/usr/local/lib/python3.13/site-packages/fastapi/routing.py", line 330, in run_endpoint_function
2026-09-10T18:39:15.647721830Z     return await run_in_threadpool(dependant.call, **values)
2026-09-10T18:39:15.647726128Z            ^^^^^^^^^^^^^^^^^^^^^^^^^^^^^^^^^^^^^^^^^^^^^^^^^
2026-09-10T18:39:15.647740887Z   File "/usr/local/lib/python3.13/site-packages/starlette/concurrency.py", line 32, in run_in_threadpool
2026-09-10T18:39:15.647745516Z     return await anyio.to_thread.run_sync(func)
2026-09-10T18:39:15.647749875Z            ^^^^^^^^^^^^^^^^^^^^^^^^^^^^^^^^^^^^
2026-09-10T18:39:15.647754163Z   File "/usr/local/lib/python3.13/site-packages/anyio/to_thread.py", line 63, in run_sync
2026-09-10T18:39:15.647758462Z     return await get_async_backend().run_sync_in_worker_thread(
2026-09-10T18:39:15.647762850Z            ^^^^^^^^^^^^^^^^^^^^^^^^^^^^^^^^^^^^^^^^^^^^^^^^^^^^
2026-09-10T18:39:15.647767109Z         func, args, abandon_on_cancel=abandon_on_cancel, limiter=limiter
2026-09-10T18:39:15.647771357Z         ^^^^^^^^^^^^^^^^^^^^^^^^^^^^^^^^^^^^^^^^^^^^^^^^^^^^^^^^^^^^^^^^
2026-09-10T18:39:15.647775615Z     )
2026-09-10T18:39:15.647790374Z     ^
2026-09-10T18:39:15.647794803Z   File "/usr/local/lib/python3.13/site-packages/anyio/_backends/_asyncio.py", line 2518, in run_sync_in_worker_thread
2026-09-10T18:39:15.647799102Z     return await future
2026-09-10T18:39:15.647803410Z            ^^^^^^^^^^^^
2026-09-10T18:39:15.647807728Z   File "/usr/local/lib/python3.13/site-packages/anyio/_backends/_asyncio.py", line 1002, in run
2026-09-10T18:39:15.647812077Z     result = context.run(func, *args)
2026-09-10T18:39:15.647816295Z   File "/app/app/routers/orders.py", line 36, in checkout
2026-09-10T18:39:15.647820604Z     return create_order(
2026-09-10T18:39:15.647824932Z         db=db,
2026-09-10T18:39:15.647829331Z     ...<2 lines>...
2026-09-10T18:39:15.647833609Z         correlation_id=correlation_id,
2026-09-10T18:39:15.647837918Z     )
2026-09-10T18:39:15.647842286Z   File "/app/app/services/order_service.py", line 42, in create_order
2026-09-10T18:39:15.647846575Z     result = db.execute(
2026-09-10T18:39:15.647850853Z         select(ProductModel).where(ProductModel.id == product_id)
2026-09-10T18:39:15.647855212Z     )
2026-09-10T18:39:15.647859530Z   File "/usr/local/lib/python3.13/site-packages/sqlalchemy/orm/session.py", line 2372, in execute
2026-09-10T18:39:15.647863818Z     return self._execute_internal(
2026-09-10T18:39:15.647868057Z            ~~~~~~~~~~~~~~~~~~~~~~^
2026-09-10T18:39:15.647872365Z         statement,
2026-09-10T18:39:15.647876654Z         ^^^^^^^^^^
2026-09-10T18:39:15.647880952Z     ...<4 lines>...
2026-09-10T18:39:15.647885220Z         _add_event=_add_event,
2026-09-10T18:39:15.647889529Z         ^^^^^^^^^^^^^^^^^^^^^^
2026-09-10T18:39:15.647893777Z     )
2026-09-10T18:39:15.647898116Z     ^
2026-09-10T18:39:15.647902454Z   File "/usr/local/lib/python3.13/site-packages/sqlalchemy/orm/session.py", line 2260, in _execute_internal
2026-09-10T18:39:15.647906763Z     conn = self._connection_for_bind(bind)
2026-09-10T18:39:15.647911071Z   File "/usr/local/lib/python3.13/site-packages/sqlalchemy/orm/session.py", line 2112, in _connection_for_bind
2026-09-10T18:39:15.647915390Z     return trans._connection_for_bind(engine, execution_options)
2026-09-10T18:39:15.647919728Z            ~~~~~~~~~~~~~~~~~~~~~~~~~~^^^^^^^^^^^^^^^^^^^^^^^^^^^
2026-09-10T18:39:15.647924017Z   File "<string>", line 2, in _connection_for_bind
2026-09-10T18:39:15.647928295Z   File "/usr/local/lib/python3.13/site-packages/sqlalchemy/orm/state_changes.py", line 137, in _go
2026-09-10T18:39:15.647932623Z     ret_value = fn(self, *arg, **kw)
2026-09-10T18:39:15.647936902Z   File "/usr/local/lib/python3.13/site-packages/sqlalchemy/orm/session.py", line 1191, in _connection_for_bind
2026-09-10T18:39:15.647941190Z     conn = bind.connect()
2026-09-10T18:39:15.647945990Z   File "/usr/local/lib/python3.13/site-packages/opentelemetry/instrumentation/sqlalchemy/engine.py", line 200, in _wrap_connect_internal
2026-09-10T18:39:15.647950338Z     return func(*args, **kwargs)
2026-09-10T18:39:15.647954607Z   File "/usr/local/lib/python3.13/site-packages/sqlalchemy/engine/base.py", line 3295, in connect
2026-09-10T18:39:15.647958925Z     return self._connection_cls(self)
2026-09-10T18:39:15.647963203Z            ~~~~~~~~~~~~~~~~~~~~^^^^^^
2026-09-10T18:39:15.647967552Z   File "/usr/local/lib/python3.13/site-packages/sqlalchemy/engine/base.py", line 144, in __init__
2026-09-10T18:39:15.647971830Z     self._dbapi_connection = engine.raw_connection()
2026-09-10T18:39:15.647976139Z                              ~~~~~~~~~~~~~~~~~~~~~^^
2026-09-10T18:39:15.647980407Z   File "/usr/local/lib/python3.13/site-packages/sqlalchemy/engine/base.py", line 3319, in raw_connection
2026-09-10T18:39:15.647994445Z     return self.pool.connect()
2026-09-10T18:39:15.647998803Z            ~~~~~~~~~~~~~~~~~^^
2026-09-10T18:39:15.648003102Z   File "/usr/local/lib/python3.13/site-packages/sqlalchemy/pool/base.py", line 448, in connect
2026-09-10T18:39:15.648007390Z     return _ConnectionFairy._checkout(self)
2026-09-10T18:39:15.648011699Z            ~~~~~~~~~~~~~~~~~~~~~~~~~~^^^^^^
2026-09-10T18:39:15.648015997Z   File "/usr/local/lib/python3.13/site-packages/sqlalchemy/pool/base.py", line 1272, in _checkout
2026-09-10T18:39:15.648020285Z     fairy = _ConnectionRecord.checkout(pool)
2026-09-10T18:39:15.648024554Z   File "/usr/local/lib/python3.13/site-packages/sqlalchemy/pool/base.py", line 712, in checkout
2026-09-10T18:39:15.648032109Z     rec = pool._do_get()
2026-09-10T18:39:15.648036477Z   File "/usr/local/lib/python3.13/site-packages/sqlalchemy/pool/impl.py", line 167, in _do_get
2026-09-10T18:39:15.648040806Z     raise exc.TimeoutError(
2026-09-10T18:39:15.648045064Z     ...<4 lines>...
2026-09-10T18:39:15.648049403Z     )
2026-09-10T18:39:15.648054503Z sqlalchemy.exc.TimeoutError: QueuePool limit of size 5 overflow 10 reached, connection timed out, timeout 30.00 (Background on this error at: https://sqlalche.me/e/20/3o7r)
2026-09-10T18:39:15.733331723Z ERROR:    Exception in ASGI application
2026-09-10T18:39:15.733370970Z Traceback (most recent call last):
2026-09-10T18:39:15.733376421Z   File "/usr/local/lib/python3.13/site-packages/uvicorn/protocols/http/httptools_impl.py", line 421, in run_asgi
2026-09-10T18:39:15.733381080Z     result = await app(  # type: ignore[func-returns-value]
2026-09-10T18:39:15.733385328Z              ^^^^^^^^^^^^^^^^^^^^^^^^^^^^^^^^^^^^^^^^^^^^^^
2026-09-10T18:39:15.733389346Z         self.scope, self.receive, self.send
2026-09-10T18:39:15.733393444Z         ^^^^^^^^^^^^^^^^^^^^^^^^^^^^^^^^^^^
2026-09-10T18:39:15.733397412Z     )
2026-09-10T18:39:15.733401410Z     ^
2026-09-10T18:39:15.733405428Z   File "/usr/local/lib/python3.13/site-packages/uvicorn/middleware/proxy_headers.py", line 63, in __call__
2026-09-10T18:39:15.733409576Z     return await self.app(scope, receive, send)
2026-09-10T18:39:15.733413534Z            ^^^^^^^^^^^^^^^^^^^^^^^^^^^^^^^^^^^^
2026-09-10T18:39:15.733418173Z   File "/usr/local/lib/python3.13/site-packages/fastapi/applications.py", line 1159, in __call__
2026-09-10T18:39:15.733422411Z     await super().__call__(scope, receive, send)
2026-09-10T18:39:15.733426389Z   File "/usr/local/lib/python3.13/site-packages/starlette/applications.py", line 107, in __call__
2026-09-10T18:39:15.733430347Z     await self.middleware_stack(scope, receive, send)
2026-09-10T18:39:15.733434314Z   File "/usr/local/lib/python3.13/site-packages/starlette/middleware/errors.py", line 186, in __call__
2026-09-10T18:39:15.733438322Z     raise exc
2026-09-10T18:39:15.733442280Z   File "/usr/local/lib/python3.13/site-packages/starlette/middleware/errors.py", line 164, in __call__
2026-09-10T18:39:15.733446328Z     await self.app(scope, receive, _send)
2026-09-10T18:39:15.733451037Z   File "/usr/local/lib/python3.13/site-packages/opentelemetry/instrumentation/asgi/__init__.py", line 806, in __call__
2026-09-10T18:39:15.733454995Z     await self.app(scope, otel_receive, otel_send)
2026-09-10T18:39:15.733458953Z   File "/usr/local/lib/python3.13/site-packages/starlette/middleware/errors.py", line 186, in __call__
2026-09-10T18:39:15.733462910Z     raise exc
2026-09-10T18:39:15.733466828Z   File "/usr/local/lib/python3.13/site-packages/starlette/middleware/errors.py", line 164, in __call__
2026-09-10T18:39:15.733470776Z     await self.app(scope, receive, _send)
2026-09-10T18:39:15.733474684Z   File "/usr/local/lib/python3.13/site-packages/opentelemetry/instrumentation/fastapi/__init__.py", line 305, in __call__
2026-09-10T18:39:15.733516415Z     await self.app(scope, receive, send)
2026-09-10T18:39:15.733520634Z   File "/usr/local/lib/python3.13/site-packages/prometheus_fastapi_instrumentator/middleware.py", line 177, in __call__
2026-09-10T18:39:15.733524612Z     raise exc
2026-09-10T18:39:15.733529631Z   File "/usr/local/lib/python3.13/site-packages/prometheus_fastapi_instrumentator/middleware.py", line 175, in __call__
2026-09-10T18:39:15.733534972Z     await self.app(scope, receive, send_wrapper)
2026-09-10T18:39:15.733622514Z   File "/usr/local/lib/python3.13/site-packages/starlette/middleware/exceptions.py", line 63, in __call__
2026-09-10T18:39:15.733637493Z     await wrap_app_handling_exceptions(self.app, conn)(scope, receive, send)
2026-09-10T18:39:15.733643214Z   File "/usr/local/lib/python3.13/site-packages/starlette/_exception_handler.py", line 53, in wrapped_app
2026-09-10T18:39:15.733648805Z     raise exc
2026-09-10T18:39:15.733654416Z   File "/usr/local/lib/python3.13/site-packages/starlette/_exception_handler.py", line 42, in wrapped_app
2026-09-10T18:39:15.733736597Z     await app(scope, receive, sender)
2026-09-10T18:39:15.733748821Z   File "/usr/local/lib/python3.13/site-packages/fastapi/middleware/asyncexitstack.py", line 18, in __call__
2026-09-10T18:39:15.733754503Z     await self.app(scope, receive, send)
2026-09-10T18:39:15.733760114Z   File "/usr/local/lib/python3.13/site-packages/starlette/routing.py", line 716, in __call__
2026-09-10T18:39:15.733765644Z     await self.middleware_stack(scope, receive, send)
2026-09-10T18:39:15.733771165Z   File "/usr/local/lib/python3.13/site-packages/starlette/routing.py", line 736, in app
2026-09-10T18:39:15.733776726Z     await route.handle(scope, receive, send)
2026-09-10T18:39:15.733782267Z   File "/usr/local/lib/python3.13/site-packages/starlette/routing.py", line 290, in handle
2026-09-10T18:39:15.733787888Z     await self.app(scope, receive, send)
2026-09-10T18:39:15.733793409Z   File "/usr/local/lib/python3.13/site-packages/fastapi/routing.py", line 134, in app
2026-09-10T18:39:15.733798910Z     await wrap_app_handling_exceptions(app, request)(scope, receive, send)
2026-09-10T18:39:15.733804471Z   File "/usr/local/lib/python3.13/site-packages/starlette/_exception_handler.py", line 53, in wrapped_app
2026-09-10T18:39:15.733810032Z     raise exc
2026-09-10T18:39:15.733815582Z   File "/usr/local/lib/python3.13/site-packages/starlette/_exception_handler.py", line 42, in wrapped_app
2026-09-10T18:39:15.733821143Z     await app(scope, receive, sender)
2026-09-10T18:39:15.733826644Z   File "/usr/local/lib/python3.13/site-packages/fastapi/routing.py", line 120, in app
2026-09-10T18:39:15.733832846Z     response = await f(request)
2026-09-10T18:39:15.733838367Z                ^^^^^^^^^^^^^^^^
2026-09-10T18:39:15.733844359Z   File "/usr/local/lib/python3.13/site-packages/fastapi/routing.py", line 674, in app
2026-09-10T18:39:15.733849930Z     raw_response = await run_endpoint_function(
2026-09-10T18:39:15.733855531Z                    ^^^^^^^^^^^^^^^^^^^^^^^^^^^^
2026-09-10T18:39:15.733862013Z     ...<3 lines>...
2026-09-10T18:39:15.733867564Z     )
2026-09-10T18:39:15.733873085Z     ^
2026-09-10T18:39:15.733878937Z   File "/usr/local/lib/python3.13/site-packages/fastapi/routing.py", line 330, in run_endpoint_function
2026-09-10T18:39:15.733884518Z     return await run_in_threadpool(dependant.call, **values)
2026-09-10T18:39:15.733890028Z            ^^^^^^^^^^^^^^^^^^^^^^^^^^^^^^^^^^^^^^^^^^^^^^^^^
2026-09-10T18:39:15.734019652Z   File "/usr/local/lib/python3.13/site-packages/starlette/concurrency.py", line 32, in run_in_threadpool
2026-09-10T18:39:15.734054040Z     return await anyio.to_thread.run_sync(func)
2026-09-10T18:39:15.734056324Z            ^^^^^^^^^^^^^^^^^^^^^^^^^^^^^^^^^^^^
2026-09-10T18:39:15.734058679Z   File "/usr/local/lib/python3.13/site-packages/anyio/to_thread.py", line 63, in run_sync
2026-09-10T18:39:15.734061294Z     return await get_async_backend().run_sync_in_worker_thread(
2026-09-10T18:39:15.734063218Z            ^^^^^^^^^^^^^^^^^^^^^^^^^^^^^^^^^^^^^^^^^^^^^^^^^^^^
2026-09-10T18:39:15.734065793Z         func, args, abandon_on_cancel=abandon_on_cancel, limiter=limiter
2026-09-10T18:39:15.734067706Z         ^^^^^^^^^^^^^^^^^^^^^^^^^^^^^^^^^^^^^^^^^^^^^^^^^^^^^^^^^^^^^^^^
2026-09-10T18:39:15.734069630Z     )
2026-09-10T18:39:15.734071574Z     ^
2026-09-10T18:39:15.734074019Z   File "/usr/local/lib/python3.13/site-packages/anyio/_backends/_asyncio.py", line 2518, in run_sync_in_worker_thread
2026-09-10T18:39:15.734076384Z     return await future
2026-09-10T18:39:15.734078297Z            ^^^^^^^^^^^^
2026-09-10T18:39:15.734080291Z   File "/usr/local/lib/python3.13/site-packages/anyio/_backends/_asyncio.py", line 1002, in run
2026-09-10T18:39:15.734082205Z     result = context.run(func, *args)
2026-09-10T18:39:15.734084119Z   File "/app/app/routers/orders.py", line 36, in checkout
2026-09-10T18:39:15.734086022Z     return create_order(
2026-09-10T18:39:15.734087966Z         db=db,
2026-09-10T18:39:15.734089890Z     ...<2 lines>...
2026-09-10T18:39:15.734091814Z         correlation_id=correlation_id,
2026-09-10T18:39:15.734093758Z     )
2026-09-10T18:39:15.734095691Z   File "/app/app/services/order_service.py", line 42, in create_order
2026-09-10T18:39:15.734097605Z     result = db.execute(
2026-09-10T18:39:15.734100080Z         select(ProductModel).where(ProductModel.id == product_id)
2026-09-10T18:39:15.734114128Z     )
2026-09-10T18:39:15.734116172Z   File "/usr/local/lib/python3.13/site-packages/sqlalchemy/orm/session.py", line 2372, in execute
2026-09-10T18:39:15.734118095Z     return self._execute_internal(
2026-09-10T18:39:15.734119999Z            ~~~~~~~~~~~~~~~~~~~~~~^
2026-09-10T18:39:15.734121913Z         statement,
2026-09-10T18:39:15.734123837Z         ^^^^^^^^^^
2026-09-10T18:39:15.734125750Z     ...<4 lines>...
2026-09-10T18:39:15.734128436Z         _add_event=_add_event,
2026-09-10T18:39:15.734130339Z         ^^^^^^^^^^^^^^^^^^^^^^
2026-09-10T18:39:15.734132243Z     )
2026-09-10T18:39:15.734134457Z     ^
2026-09-10T18:39:15.734136401Z   File "/usr/local/lib/python3.13/site-packages/sqlalchemy/orm/session.py", line 2260, in _execute_internal
2026-09-10T18:39:15.734138335Z     conn = self._connection_for_bind(bind)
2026-09-10T18:39:15.734140249Z   File "/usr/local/lib/python3.13/site-packages/sqlalchemy/orm/session.py", line 2112, in _connection_for_bind
2026-09-10T18:39:15.734142183Z     return trans._connection_for_bind(engine, execution_options)
2026-09-10T18:39:15.734144086Z            ~~~~~~~~~~~~~~~~~~~~~~~~~~^^^^^^^^^^^^^^^^^^^^^^^^^^^
2026-09-10T18:39:15.734146010Z   File "<string>", line 2, in _connection_for_bind
2026-09-10T18:39:15.734147924Z   File "/usr/local/lib/python3.13/site-packages/sqlalchemy/orm/state_changes.py", line 137, in _go
2026-09-10T18:39:15.734149818Z     ret_value = fn(self, *arg, **kw)
2026-09-10T18:39:15.734151771Z   File "/usr/local/lib/python3.13/site-packages/sqlalchemy/orm/session.py", line 1191, in _connection_for_bind
2026-09-10T18:39:15.734153695Z     conn = bind.connect()
2026-09-10T18:39:15.734156150Z   File "/usr/local/lib/python3.13/site-packages/opentelemetry/instrumentation/sqlalchemy/engine.py", line 200, in _wrap_connect_internal
2026-09-10T18:39:15.734158104Z     return func(*args, **kwargs)
2026-09-10T18:39:15.734165017Z   File "/usr/local/lib/python3.13/site-packages/sqlalchemy/engine/base.py", line 3295, in connect
2026-09-10T18:39:15.734166981Z     return self._connection_cls(self)
2026-09-10T18:39:15.734168875Z            ~~~~~~~~~~~~~~~~~~~~^^^^^^
2026-09-10T18:39:15.734170759Z   File "/usr/local/lib/python3.13/site-packages/sqlalchemy/engine/base.py", line 144, in __init__
2026-09-10T18:39:15.734172662Z     self._dbapi_connection = engine.raw_connection()
2026-09-10T18:39:15.734174576Z                              ~~~~~~~~~~~~~~~~~~~~~^^
2026-09-10T18:39:15.734176480Z   File "/usr/local/lib/python3.13/site-packages/sqlalchemy/engine/base.py", line 3319, in raw_connection
2026-09-10T18:39:15.734178394Z     return self.pool.connect()
2026-09-10T18:39:15.734180337Z            ~~~~~~~~~~~~~~~~~^^
2026-09-10T18:39:15.734182241Z   File "/usr/local/lib/python3.13/site-packages/sqlalchemy/pool/base.py", line 448, in connect
2026-09-10T18:39:15.734184145Z     return _ConnectionFairy._checkout(self)
2026-09-10T18:39:15.734186039Z            ~~~~~~~~~~~~~~~~~~~~~~~~~~^^^^^^
2026-09-10T18:39:15.734187942Z   File "/usr/local/lib/python3.13/site-packages/sqlalchemy/pool/base.py", line 1272, in _checkout
2026-09-10T18:39:15.734189926Z     fairy = _ConnectionRecord.checkout(pool)
2026-09-10T18:39:15.734191830Z   File "/usr/local/lib/python3.13/site-packages/sqlalchemy/pool/base.py", line 712, in checkout
2026-09-10T18:39:15.734193764Z     rec = pool._do_get()
2026-09-10T18:39:15.734195658Z   File "/usr/local/lib/python3.13/site-packages/sqlalchemy/pool/impl.py", line 167, in _do_get
2026-09-10T18:39:15.734197581Z     raise exc.TimeoutError(
2026-09-10T18:39:15.734199485Z     ...<4 lines>...
2026-09-10T18:39:15.734201399Z     )
2026-09-10T18:39:15.734226598Z sqlalchemy.exc.TimeoutError: QueuePool limit of size 5 overflow 10 reached, connection timed out, timeout 30.00 (Background on this error at: https://sqlalche.me/e/20/3o7r)
2026-09-10T18:39:16.251196308Z ERROR:    Exception in ASGI application
2026-09-10T18:39:16.251231838Z Traceback (most recent call last):
2026-09-10T18:39:16.251234753Z   File "/usr/local/lib/python3.13/site-packages/uvicorn/protocols/http/httptools_impl.py", line 421, in run_asgi
2026-09-10T18:39:16.251237499Z     result = await app(  # type: ignore[func-returns-value]
2026-09-10T18:39:16.251239422Z              ^^^^^^^^^^^^^^^^^^^^^^^^^^^^^^^^^^^^^^^^^^^^^^
2026-09-10T18:39:16.251241356Z         self.scope, self.receive, self.send
2026-09-10T18:39:16.251243280Z         ^^^^^^^^^^^^^^^^^^^^^^^^^^^^^^^^^^^
2026-09-10T18:39:16.251245454Z     )
2026-09-10T18:39:16.251247438Z     ^
2026-09-10T18:39:16.251249402Z   File "/usr/local/lib/python3.13/site-packages/uvicorn/middleware/proxy_headers.py", line 63, in __call__
2026-09-10T18:39:16.251251396Z     return await self.app(scope, receive, send)
2026-09-10T18:39:16.251253320Z            ^^^^^^^^^^^^^^^^^^^^^^^^^^^^^^^^^^^^
2026-09-10T18:39:16.251256015Z   File "/usr/local/lib/python3.13/site-packages/fastapi/applications.py", line 1159, in __call__
2026-09-10T18:39:16.251257919Z     await super().__call__(scope, receive, send)
2026-09-10T18:39:16.251259843Z   File "/usr/local/lib/python3.13/site-packages/starlette/applications.py", line 107, in __call__
2026-09-10T18:39:16.251261776Z     await self.middleware_stack(scope, receive, send)
2026-09-10T18:39:16.251263750Z   File "/usr/local/lib/python3.13/site-packages/starlette/middleware/errors.py", line 186, in __call__
2026-09-10T18:39:16.251265694Z     raise exc
2026-09-10T18:39:16.251267608Z   File "/usr/local/lib/python3.13/site-packages/starlette/middleware/errors.py", line 164, in __call__
2026-09-10T18:39:16.251269762Z     await self.app(scope, receive, _send)
2026-09-10T18:39:16.251292527Z   File "/usr/local/lib/python3.13/site-packages/opentelemetry/instrumentation/asgi/__init__.py", line 806, in __call__
2026-09-10T18:39:16.251294581Z     await self.app(scope, otel_receive, otel_send)
2026-09-10T18:39:16.251296494Z   File "/usr/local/lib/python3.13/site-packages/starlette/middleware/errors.py", line 186, in __call__
2026-09-10T18:39:16.251298418Z     raise exc
2026-09-10T18:39:16.251300332Z   File "/usr/local/lib/python3.13/site-packages/starlette/middleware/errors.py", line 164, in __call__
2026-09-10T18:39:16.251302256Z     await self.app(scope, receive, _send)
2026-09-10T18:39:16.251304300Z   File "/usr/local/lib/python3.13/site-packages/opentelemetry/instrumentation/fastapi/__init__.py", line 305, in __call__
2026-09-10T18:39:16.251306264Z     await self.app(scope, receive, send)
2026-09-10T18:39:16.251308237Z   File "/usr/local/lib/python3.13/site-packages/prometheus_fastapi_instrumentator/middleware.py", line 177, in __call__
2026-09-10T18:39:16.251310161Z     raise exc
2026-09-10T18:39:16.251312065Z   File "/usr/local/lib/python3.13/site-packages/prometheus_fastapi_instrumentator/middleware.py", line 175, in __call__
2026-09-10T18:39:16.251313999Z     await self.app(scope, receive, send_wrapper)
2026-09-10T18:39:16.251315903Z   File "/usr/local/lib/python3.13/site-packages/starlette/middleware/exceptions.py", line 63, in __call__
2026-09-10T18:39:16.251318397Z     await wrap_app_handling_exceptions(self.app, conn)(scope, receive, send)
2026-09-10T18:39:16.251320311Z   File "/usr/local/lib/python3.13/site-packages/starlette/_exception_handler.py", line 53, in wrapped_app
2026-09-10T18:39:16.251322225Z     raise exc
2026-09-10T18:39:16.251324129Z   File "/usr/local/lib/python3.13/site-packages/starlette/_exception_handler.py", line 42, in wrapped_app
2026-09-10T18:39:16.251326042Z     await app(scope, receive, sender)
2026-09-10T18:39:16.251328006Z   File "/usr/local/lib/python3.13/site-packages/fastapi/middleware/asyncexitstack.py", line 18, in __call__
2026-09-10T18:39:16.251329940Z     await self.app(scope, receive, send)
2026-09-10T18:39:16.251331894Z   File "/usr/local/lib/python3.13/site-packages/starlette/routing.py", line 716, in __call__
2026-09-10T18:39:16.251333808Z     await self.middleware_stack(scope, receive, send)
2026-09-10T18:39:16.251335711Z   File "/usr/local/lib/python3.13/site-packages/starlette/routing.py", line 736, in app
2026-09-10T18:39:16.251337625Z     await route.handle(scope, receive, send)
2026-09-10T18:39:16.251339529Z   File "/usr/local/lib/python3.13/site-packages/starlette/routing.py", line 290, in handle
2026-09-10T18:39:16.251341433Z     await self.app(scope, receive, send)
2026-09-10T18:39:16.251343326Z   File "/usr/local/lib/python3.13/site-packages/fastapi/routing.py", line 134, in app
2026-09-10T18:39:16.251345250Z     await wrap_app_handling_exceptions(app, request)(scope, receive, send)
2026-09-10T18:39:16.251347194Z   File "/usr/local/lib/python3.13/site-packages/starlette/_exception_handler.py", line 53, in wrapped_app
2026-09-10T18:39:16.251349118Z     raise exc
2026-09-10T18:39:16.251351041Z   File "/usr/local/lib/python3.13/site-packages/starlette/_exception_handler.py", line 42, in wrapped_app
2026-09-10T18:39:16.251352945Z     await app(scope, receive, sender)
2026-09-10T18:39:16.251354859Z   File "/usr/local/lib/python3.13/site-packages/fastapi/routing.py", line 120, in app
2026-09-10T18:39:16.251357344Z     response = await f(request)
2026-09-10T18:39:16.251359248Z                ^^^^^^^^^^^^^^^^
2026-09-10T18:39:16.251361191Z   File "/usr/local/lib/python3.13/site-packages/fastapi/routing.py", line 674, in app
2026-09-10T18:39:16.251363105Z     raw_response = await run_endpoint_function(
2026-09-10T18:39:16.251369969Z                    ^^^^^^^^^^^^^^^^^^^^^^^^^^^^
2026-09-10T18:39:16.251372604Z     ...<3 lines>...
2026-09-10T18:39:16.251374518Z     )
2026-09-10T18:39:16.251376451Z     ^
2026-09-10T18:39:16.251378365Z   File "/usr/local/lib/python3.13/site-packages/fastapi/routing.py", line 330, in run_endpoint_function
2026-09-10T18:39:16.251380299Z     return await run_in_threadpool(dependant.call, **values)
2026-09-10T18:39:16.251385449Z            ^^^^^^^^^^^^^^^^^^^^^^^^^^^^^^^^^^^^^^^^^^^^^^^^^
2026-09-10T18:39:16.251390459Z   File "/usr/local/lib/python3.13/site-packages/starlette/concurrency.py", line 32, in run_in_threadpool
2026-09-10T18:39:16.251392493Z     return await anyio.to_thread.run_sync(func)
2026-09-10T18:39:16.251394427Z            ^^^^^^^^^^^^^^^^^^^^^^^^^^^^^^^^^^^^
2026-09-10T18:39:16.251396370Z   File "/usr/local/lib/python3.13/site-packages/anyio/to_thread.py", line 63, in run_sync
2026-09-10T18:39:16.251398344Z     return await get_async_backend().run_sync_in_worker_thread(
2026-09-10T18:39:16.251400348Z            ^^^^^^^^^^^^^^^^^^^^^^^^^^^^^^^^^^^^^^^^^^^^^^^^^^^^
2026-09-10T18:39:16.251402282Z         func, args, abandon_on_cancel=abandon_on_cancel, limiter=limiter
2026-09-10T18:39:16.251404216Z         ^^^^^^^^^^^^^^^^^^^^^^^^^^^^^^^^^^^^^^^^^^^^^^^^^^^^^^^^^^^^^^^^
2026-09-10T18:39:16.251406140Z     )
2026-09-10T18:39:16.251408073Z     ^
2026-09-10T18:39:16.251410027Z   File "/usr/local/lib/python3.13/site-packages/anyio/_backends/_asyncio.py", line 2518, in run_sync_in_worker_thread
2026-09-10T18:39:16.251411971Z     return await future
2026-09-10T18:39:16.251413905Z            ^^^^^^^^^^^^
2026-09-10T18:39:16.251415809Z   File "/usr/local/lib/python3.13/site-packages/anyio/_backends/_asyncio.py", line 1002, in run
2026-09-10T18:39:16.251417772Z     result = context.run(func, *args)
2026-09-10T18:39:16.251419736Z   File "/app/app/routers/orders.py", line 36, in checkout
2026-09-10T18:39:16.251421630Z     return create_order(
2026-09-10T18:39:16.251423564Z         db=db,
2026-09-10T18:39:16.251425508Z     ...<2 lines>...
2026-09-10T18:39:16.251427441Z         correlation_id=correlation_id,
2026-09-10T18:39:16.251429385Z     )
2026-09-10T18:39:16.251431379Z   File "/app/app/services/order_service.py", line 42, in create_order
2026-09-10T18:39:16.251433323Z     result = db.execute(
2026-09-10T18:39:16.251435267Z         select(ProductModel).where(ProductModel.id == product_id)
2026-09-10T18:39:16.251437180Z     )
2026-09-10T18:39:16.251439094Z   File "/usr/local/lib/python3.13/site-packages/sqlalchemy/orm/session.py", line 2372, in execute
2026-09-10T18:39:16.251441028Z     return self._execute_internal(
2026-09-10T18:39:16.251442942Z            ~~~~~~~~~~~~~~~~~~~~~~^
2026-09-10T18:39:16.251444856Z         statement,
2026-09-10T18:39:16.251446779Z         ^^^^^^^^^^
2026-09-10T18:39:16.251448723Z     ...<4 lines>...
2026-09-10T18:39:16.251450647Z         _add_event=_add_event,
2026-09-10T18:39:16.251452571Z         ^^^^^^^^^^^^^^^^^^^^^^
2026-09-10T18:39:16.251454474Z     )
2026-09-10T18:39:16.251456398Z     ^
2026-09-10T18:39:16.251458322Z   File "/usr/local/lib/python3.13/site-packages/sqlalchemy/orm/session.py", line 2260, in _execute_internal
2026-09-10T18:39:16.251460246Z     conn = self._connection_for_bind(bind)
2026-09-10T18:39:16.251462169Z   File "/usr/local/lib/python3.13/site-packages/sqlalchemy/orm/session.py", line 2112, in _connection_for_bind
2026-09-10T18:39:16.251464133Z     return trans._connection_for_bind(engine, execution_options)
2026-09-10T18:39:16.251466057Z            ~~~~~~~~~~~~~~~~~~~~~~~~~~^^^^^^^^^^^^^^^^^^^^^^^^^^^
2026-09-10T18:39:16.251472680Z   File "<string>", line 2, in _connection_for_bind
2026-09-10T18:39:16.251474654Z   File "/usr/local/lib/python3.13/site-packages/sqlalchemy/orm/state_changes.py", line 137, in _go
2026-09-10T18:39:16.251476578Z     ret_value = fn(self, *arg, **kw)
2026-09-10T18:39:16.251480515Z   File "/usr/local/lib/python3.13/site-packages/sqlalchemy/orm/session.py", line 1191, in _connection_for_bind
2026-09-10T18:39:16.251482469Z     conn = bind.connect()
2026-09-10T18:39:16.251484744Z   File "/usr/local/lib/python3.13/site-packages/opentelemetry/instrumentation/sqlalchemy/engine.py", line 200, in _wrap_connect_internal
2026-09-10T18:39:16.251486678Z     return func(*args, **kwargs)
2026-09-10T18:39:16.251488621Z   File "/usr/local/lib/python3.13/site-packages/sqlalchemy/engine/base.py", line 3295, in connect
2026-09-10T18:39:16.251490565Z     return self._connection_cls(self)
2026-09-10T18:39:16.251492489Z            ~~~~~~~~~~~~~~~~~~~~^^^^^^
2026-09-10T18:39:16.251494403Z   File "/usr/local/lib/python3.13/site-packages/sqlalchemy/engine/base.py", line 144, in __init__
2026-09-10T18:39:16.251496747Z     self._dbapi_connection = engine.raw_connection()
2026-09-10T18:39:16.251498661Z                              ~~~~~~~~~~~~~~~~~~~~~^^
2026-09-10T18:39:16.251500565Z   File "/usr/local/lib/python3.13/site-packages/sqlalchemy/engine/base.py", line 3319, in raw_connection
2026-09-10T18:39:16.251502479Z     return self.pool.connect()
2026-09-10T18:39:16.251504392Z            ~~~~~~~~~~~~~~~~~^^
2026-09-10T18:39:16.251506306Z   File "/usr/local/lib/python3.13/site-packages/sqlalchemy/pool/base.py", line 448, in connect
2026-09-10T18:39:16.251508230Z     return _ConnectionFairy._checkout(self)
2026-09-10T18:39:16.251510154Z            ~~~~~~~~~~~~~~~~~~~~~~~~~~^^^^^^
2026-09-10T18:39:16.251512087Z   File "/usr/local/lib/python3.13/site-packages/sqlalchemy/pool/base.py", line 1272, in _checkout
2026-09-10T18:39:16.251513981Z     fairy = _ConnectionRecord.checkout(pool)
2026-09-10T18:39:16.251515915Z   File "/usr/local/lib/python3.13/site-packages/sqlalchemy/pool/base.py", line 712, in checkout
2026-09-10T18:39:16.251517849Z     rec = pool._do_get()
2026-09-10T18:39:16.251519783Z   File "/usr/local/lib/python3.13/site-packages/sqlalchemy/pool/impl.py", line 167, in _do_get
2026-09-10T18:39:16.251521716Z     raise exc.TimeoutError(
2026-09-10T18:39:16.251523660Z     ...<4 lines>...
2026-09-10T18:39:16.251525654Z     )
2026-09-10T18:39:16.251528139Z sqlalchemy.exc.TimeoutError: QueuePool limit of size 5 overflow 10 reached, connection timed out, timeout 30.00 (Background on this error at: https://sqlalche.me/e/20/3o7r)
2026-09-10T18:39:16.340473344Z ERROR:    Exception in ASGI application
2026-09-10T18:39:16.340506248Z Traceback (most recent call last):
2026-09-10T18:39:16.340509194Z   File "/usr/local/lib/python3.13/site-packages/uvicorn/protocols/http/httptools_impl.py", line 421, in run_asgi
2026-09-10T18:39:16.340511799Z     result = await app(  # type: ignore[func-returns-value]
2026-09-10T18:39:16.340513813Z              ^^^^^^^^^^^^^^^^^^^^^^^^^^^^^^^^^^^^^^^^^^^^^^
2026-09-10T18:39:16.340515787Z         self.scope, self.receive, self.send
2026-09-10T18:39:16.340517781Z         ^^^^^^^^^^^^^^^^^^^^^^^^^^^^^^^^^^^
2026-09-10T18:39:16.340519865Z     )
2026-09-10T18:39:16.340521919Z     ^
2026-09-10T18:39:16.340523963Z   File "/usr/local/lib/python3.13/site-packages/uvicorn/middleware/proxy_headers.py", line 63, in __call__
2026-09-10T18:39:16.340526869Z     return await self.app(scope, receive, send)
2026-09-10T18:39:16.340528883Z            ^^^^^^^^^^^^^^^^^^^^^^^^^^^^^^^^^^^^
2026-09-10T18:39:16.340532019Z   File "/usr/local/lib/python3.13/site-packages/fastapi/applications.py", line 1159, in __call__
2026-09-10T18:39:16.340552669Z     await super().__call__(scope, receive, send)
2026-09-10T18:39:16.340555074Z   File "/usr/local/lib/python3.13/site-packages/starlette/applications.py", line 107, in __call__
2026-09-10T18:39:16.340557459Z     await self.middleware_stack(scope, receive, send)
2026-09-10T18:39:16.340559443Z   File "/usr/local/lib/python3.13/site-packages/starlette/middleware/errors.py", line 186, in __call__
2026-09-10T18:39:16.340561467Z     raise exc
2026-09-10T18:39:16.340563521Z   File "/usr/local/lib/python3.13/site-packages/starlette/middleware/errors.py", line 164, in __call__
2026-09-10T18:39:16.340565545Z     await self.app(scope, receive, _send)
2026-09-10T18:39:16.340568250Z   File "/usr/local/lib/python3.13/site-packages/opentelemetry/instrumentation/asgi/__init__.py", line 806, in __call__
2026-09-10T18:39:16.340570254Z     await self.app(scope, otel_receive, otel_send)
2026-09-10T18:39:16.340572248Z   File "/usr/local/lib/python3.13/site-packages/starlette/middleware/errors.py", line 186, in __call__
2026-09-10T18:39:16.340574212Z     raise exc
2026-09-10T18:39:16.340576256Z   File "/usr/local/lib/python3.13/site-packages/starlette/middleware/errors.py", line 164, in __call__
2026-09-10T18:39:16.340578260Z     await self.app(scope, receive, _send)
2026-09-10T18:39:16.340580253Z   File "/usr/local/lib/python3.13/site-packages/opentelemetry/instrumentation/fastapi/__init__.py", line 305, in __call__
2026-09-10T18:39:16.340582257Z     await self.app(scope, receive, send)
2026-09-10T18:39:16.340584231Z   File "/usr/local/lib/python3.13/site-packages/prometheus_fastapi_instrumentator/middleware.py", line 177, in __call__
2026-09-10T18:39:16.340586205Z     raise exc
2026-09-10T18:39:16.340588189Z   File "/usr/local/lib/python3.13/site-packages/prometheus_fastapi_instrumentator/middleware.py", line 175, in __call__
2026-09-10T18:39:16.340590163Z     await self.app(scope, receive, send_wrapper)
2026-09-10T18:39:16.340592197Z   File "/usr/local/lib/python3.13/site-packages/starlette/middleware/exceptions.py", line 63, in __call__
2026-09-10T18:39:16.340594672Z     await wrap_app_handling_exceptions(self.app, conn)(scope, receive, send)
2026-09-10T18:39:16.340632967Z   File "/usr/local/lib/python3.13/site-packages/starlette/_exception_handler.py", line 53, in wrapped_app
2026-09-10T18:39:16.340635031Z     raise exc
2026-09-10T18:39:16.340637005Z   File "/usr/local/lib/python3.13/site-packages/starlette/_exception_handler.py", line 42, in wrapped_app
2026-09-10T18:39:16.340639199Z     await app(scope, receive, sender)
2026-09-10T18:39:16.340641173Z   File "/usr/local/lib/python3.13/site-packages/fastapi/middleware/asyncexitstack.py", line 18, in __call__
2026-09-10T18:39:16.340643127Z     await self.app(scope, receive, send)
2026-09-10T18:39:16.340645121Z   File "/usr/local/lib/python3.13/site-packages/starlette/routing.py", line 716, in __call__
2026-09-10T18:39:16.340647505Z     await self.middleware_stack(scope, receive, send)
2026-09-10T18:39:16.340649499Z   File "/usr/local/lib/python3.13/site-packages/starlette/routing.py", line 736, in app
2026-09-10T18:39:16.340651483Z     await route.handle(scope, receive, send)
2026-09-10T18:39:16.340653557Z   File "/usr/local/lib/python3.13/site-packages/starlette/routing.py", line 290, in handle
2026-09-10T18:39:16.340655541Z     await self.app(scope, receive, send)
2026-09-10T18:39:16.340657525Z   File "/usr/local/lib/python3.13/site-packages/fastapi/routing.py", line 134, in app
2026-09-10T18:39:16.340659489Z     await wrap_app_handling_exceptions(app, request)(scope, receive, send)
2026-09-10T18:39:16.340661453Z   File "/usr/local/lib/python3.13/site-packages/starlette/_exception_handler.py", line 53, in wrapped_app
2026-09-10T18:39:16.340673907Z     raise exc
2026-09-10T18:39:16.340676021Z   File "/usr/local/lib/python3.13/site-packages/starlette/_exception_handler.py", line 42, in wrapped_app
2026-09-10T18:39:16.340678025Z     await app(scope, receive, sender)
2026-09-10T18:39:16.340680019Z   File "/usr/local/lib/python3.13/site-packages/fastapi/routing.py", line 120, in app
2026-09-10T18:39:16.340682284Z     response = await f(request)
2026-09-10T18:39:16.340684268Z                ^^^^^^^^^^^^^^^^
2026-09-10T18:39:16.340686231Z   File "/usr/local/lib/python3.13/site-packages/fastapi/routing.py", line 674, in app
2026-09-10T18:39:16.340688215Z     raw_response = await run_endpoint_function(
2026-09-10T18:39:16.340690209Z                    ^^^^^^^^^^^^^^^^^^^^^^^^^^^^
2026-09-10T18:39:16.340692744Z     ...<3 lines>...
2026-09-10T18:39:16.340694758Z     )
2026-09-10T18:39:16.340696742Z     ^
2026-09-10T18:39:16.340698806Z   File "/usr/local/lib/python3.13/site-packages/fastapi/routing.py", line 330, in run_endpoint_function
2026-09-10T18:39:16.340701030Z     return await run_in_threadpool(dependant.call, **values)
2026-09-10T18:39:16.340703004Z            ^^^^^^^^^^^^^^^^^^^^^^^^^^^^^^^^^^^^^^^^^^^^^^^^^
2026-09-10T18:39:16.340730148Z   File "/usr/local/lib/python3.13/site-packages/starlette/concurrency.py", line 32, in run_in_threadpool
2026-09-10T18:39:16.340755488Z     return await anyio.to_thread.run_sync(func)
2026-09-10T18:39:16.340757702Z            ^^^^^^^^^^^^^^^^^^^^^^^^^^^^^^^^^^^^
2026-09-10T18:39:16.340760438Z   File "/usr/local/lib/python3.13/site-packages/anyio/to_thread.py", line 63, in run_sync
2026-09-10T18:39:16.340762692Z     return await get_async_backend().run_sync_in_worker_thread(
2026-09-10T18:39:16.340764616Z            ^^^^^^^^^^^^^^^^^^^^^^^^^^^^^^^^^^^^^^^^^^^^^^^^^^^^
2026-09-10T18:39:16.340767020Z         func, args, abandon_on_cancel=abandon_on_cancel, limiter=limiter
2026-09-10T18:39:16.340769275Z         ^^^^^^^^^^^^^^^^^^^^^^^^^^^^^^^^^^^^^^^^^^^^^^^^^^^^^^^^^^^^^^^^
2026-09-10T18:39:16.340771259Z     )
2026-09-10T18:39:16.340773213Z     ^
2026-09-10T18:39:16.340775708Z   File "/usr/local/lib/python3.13/site-packages/anyio/_backends/_asyncio.py", line 2518, in run_sync_in_worker_thread
2026-09-10T18:39:16.340778172Z     return await future
2026-09-10T18:39:16.340780076Z            ^^^^^^^^^^^^
2026-09-10T18:39:16.340782000Z   File "/usr/local/lib/python3.13/site-packages/anyio/_backends/_asyncio.py", line 1002, in run
2026-09-10T18:39:16.340786689Z     result = context.run(func, *args)
2026-09-10T18:39:16.340788703Z   File "/app/app/routers/orders.py", line 36, in checkout
2026-09-10T18:39:16.340790677Z     return create_order(
2026-09-10T18:39:16.340792641Z         db=db,
2026-09-10T18:39:16.340794565Z     ...<2 lines>...
2026-09-10T18:39:16.340796478Z         correlation_id=correlation_id,
2026-09-10T18:39:16.340798382Z     )
2026-09-10T18:39:16.340800296Z   File "/app/app/services/order_service.py", line 42, in create_order
2026-09-10T18:39:16.340802199Z     result = db.execute(
2026-09-10T18:39:16.340804093Z         select(ProductModel).where(ProductModel.id == product_id)
2026-09-10T18:39:16.340806127Z     )
2026-09-10T18:39:16.340808031Z   File "/usr/local/lib/python3.13/site-packages/sqlalchemy/orm/session.py", line 2372, in execute
2026-09-10T18:39:16.340809915Z     return self._execute_internal(
2026-09-10T18:39:16.340811828Z            ~~~~~~~~~~~~~~~~~~~~~~^
2026-09-10T18:39:16.340813742Z         statement,
2026-09-10T18:39:16.340815656Z         ^^^^^^^^^^
2026-09-10T18:39:16.340817520Z     ...<4 lines>...
2026-09-10T18:39:16.340819914Z         _add_event=_add_event,
2026-09-10T18:39:16.340841326Z         ^^^^^^^^^^^^^^^^^^^^^^
2026-09-10T18:39:16.340843310Z     )
2026-09-10T18:39:16.340845224Z     ^
2026-09-10T18:39:16.340847128Z   File "/usr/local/lib/python3.13/site-packages/sqlalchemy/orm/session.py", line 2260, in _execute_internal
2026-09-10T18:39:16.340849061Z     conn = self._connection_for_bind(bind)
2026-09-10T18:39:16.340851246Z   File "/usr/local/lib/python3.13/site-packages/sqlalchemy/orm/session.py", line 2112, in _connection_for_bind
2026-09-10T18:39:16.340853210Z     return trans._connection_for_bind(engine, execution_options)
2026-09-10T18:39:16.340855133Z            ~~~~~~~~~~~~~~~~~~~~~~~~~~^^^^^^^^^^^^^^^^^^^^^^^^^^^
2026-09-10T18:39:16.340857057Z   File "<string>", line 2, in _connection_for_bind
2026-09-10T18:39:16.340858971Z   File "/usr/local/lib/python3.13/site-packages/sqlalchemy/orm/state_changes.py", line 137, in _go
2026-09-10T18:39:16.340860875Z     ret_value = fn(self, *arg, **kw)
2026-09-10T18:39:16.340862778Z   File "/usr/local/lib/python3.13/site-packages/sqlalchemy/orm/session.py", line 1191, in _connection_for_bind
2026-09-10T18:39:16.340864672Z     conn = bind.connect()
2026-09-10T18:39:16.340867077Z   File "/usr/local/lib/python3.13/site-packages/opentelemetry/instrumentation/sqlalchemy/engine.py", line 200, in _wrap_connect_internal
2026-09-10T18:39:16.340868970Z     return func(*args, **kwargs)
2026-09-10T18:39:16.340870884Z   File "/usr/local/lib/python3.13/site-packages/sqlalchemy/engine/base.py", line 3295, in connect
2026-09-10T18:39:16.340872818Z     return self._connection_cls(self)
2026-09-10T18:39:16.340874722Z            ~~~~~~~~~~~~~~~~~~~~^^^^^^
2026-09-10T18:39:16.340876626Z   File "/usr/local/lib/python3.13/site-packages/sqlalchemy/engine/base.py", line 144, in __init__
2026-09-10T18:39:16.340878529Z     self._dbapi_connection = engine.raw_connection()
2026-09-10T18:39:16.340880433Z                              ~~~~~~~~~~~~~~~~~~~~~^^
2026-09-10T18:39:16.340882307Z   File "/usr/local/lib/python3.13/site-packages/sqlalchemy/engine/base.py", line 3319, in raw_connection
2026-09-10T18:39:16.340884220Z     return self.pool.connect()
2026-09-10T18:39:16.340886144Z            ~~~~~~~~~~~~~~~~~^^
2026-09-10T18:39:16.340888058Z   File "/usr/local/lib/python3.13/site-packages/sqlalchemy/pool/base.py", line 448, in connect
2026-09-10T18:39:16.340889962Z     return _ConnectionFairy._checkout(self)
2026-09-10T18:39:16.340891865Z            ~~~~~~~~~~~~~~~~~~~~~~~~~~^^^^^^
2026-09-10T18:39:16.340893799Z   File "/usr/local/lib/python3.13/site-packages/sqlalchemy/pool/base.py", line 1272, in _checkout
2026-09-10T18:39:16.340895713Z     fairy = _ConnectionRecord.checkout(pool)
2026-09-10T18:39:16.340897627Z   File "/usr/local/lib/python3.13/site-packages/sqlalchemy/pool/base.py", line 712, in checkout
2026-09-10T18:39:16.340899530Z     rec = pool._do_get()
2026-09-10T18:39:16.340901434Z   File "/usr/local/lib/python3.13/site-packages/sqlalchemy/pool/impl.py", line 167, in _do_get
2026-09-10T18:39:16.340903388Z     raise exc.TimeoutError(
2026-09-10T18:39:16.340905292Z     ...<4 lines>...
2026-09-10T18:39:16.340907175Z     )
2026-09-10T18:39:16.340909580Z sqlalchemy.exc.TimeoutError: QueuePool limit of size 5 overflow 10 reached, connection timed out, timeout 30.00 (Background on this error at: https://sqlalche.me/e/20/3o7r)
2026-09-10T18:39:16.536157518Z ERROR:    Exception in ASGI application
2026-09-10T18:39:16.536201174Z Traceback (most recent call last):
2026-09-10T18:39:16.536206885Z   File "/usr/local/lib/python3.13/site-packages/uvicorn/protocols/http/httptools_impl.py", line 421, in run_asgi
2026-09-10T18:39:16.536212166Z     result = await app(  # type: ignore[func-returns-value]
2026-09-10T18:39:16.536244048Z              ^^^^^^^^^^^^^^^^^^^^^^^^^^^^^^^^^^^^^^^^^^^^^^
2026-09-10T18:39:16.536248537Z         self.scope, self.receive, self.send
2026-09-10T18:39:16.536253296Z         ^^^^^^^^^^^^^^^^^^^^^^^^^^^^^^^^^^^
2026-09-10T18:39:16.536257675Z     )
2026-09-10T18:39:16.536261943Z     ^
2026-09-10T18:39:16.536266212Z   File "/usr/local/lib/python3.13/site-packages/uvicorn/middleware/proxy_headers.py", line 63, in __call__
2026-09-10T18:39:16.536270590Z     return await self.app(scope, receive, send)
2026-09-10T18:39:16.536274969Z            ^^^^^^^^^^^^^^^^^^^^^^^^^^^^^^^^^^^^
2026-09-10T18:39:16.536280299Z   File "/usr/local/lib/python3.13/site-packages/fastapi/applications.py", line 1159, in __call__
2026-09-10T18:39:16.536284768Z     await super().__call__(scope, receive, send)
2026-09-10T18:39:16.536289026Z   File "/usr/local/lib/python3.13/site-packages/starlette/applications.py", line 107, in __call__
2026-09-10T18:39:16.536293285Z     await self.middleware_stack(scope, receive, send)
2026-09-10T18:39:16.536297794Z   File "/usr/local/lib/python3.13/site-packages/starlette/middleware/errors.py", line 186, in __call__
2026-09-10T18:39:16.536302142Z     raise exc
2026-09-10T18:39:16.536306441Z   File "/usr/local/lib/python3.13/site-packages/starlette/middleware/errors.py", line 164, in __call__
2026-09-10T18:39:16.536310789Z     await self.app(scope, receive, _send)
2026-09-10T18:39:16.536316290Z   File "/usr/local/lib/python3.13/site-packages/opentelemetry/instrumentation/asgi/__init__.py", line 806, in __call__
2026-09-10T18:39:16.536320628Z     await self.app(scope, otel_receive, otel_send)
2026-09-10T18:39:16.536324897Z   File "/usr/local/lib/python3.13/site-packages/starlette/middleware/errors.py", line 186, in __call__
2026-09-10T18:39:16.536329215Z     raise exc
2026-09-10T18:39:16.536333454Z   File "/usr/local/lib/python3.13/site-packages/starlette/middleware/errors.py", line 164, in __call__
2026-09-10T18:39:16.536337742Z     await self.app(scope, receive, _send)
2026-09-10T18:39:16.536342050Z   File "/usr/local/lib/python3.13/site-packages/opentelemetry/instrumentation/fastapi/__init__.py", line 305, in __call__
2026-09-10T18:39:16.536346409Z     await self.app(scope, receive, send)
2026-09-10T18:39:16.536350747Z   File "/usr/local/lib/python3.13/site-packages/prometheus_fastapi_instrumentator/middleware.py", line 177, in __call__
2026-09-10T18:39:16.536355026Z     raise exc
2026-09-10T18:39:16.536362831Z   File "/usr/local/lib/python3.13/site-packages/prometheus_fastapi_instrumentator/middleware.py", line 175, in __call__
2026-09-10T18:39:16.536367250Z     await self.app(scope, receive, send_wrapper)
2026-09-10T18:39:16.536371558Z   File "/usr/local/lib/python3.13/site-packages/starlette/middleware/exceptions.py", line 63, in __call__
2026-09-10T18:39:16.536376458Z     await wrap_app_handling_exceptions(self.app, conn)(scope, receive, send)
2026-09-10T18:39:16.536380726Z   File "/usr/local/lib/python3.13/site-packages/starlette/_exception_handler.py", line 53, in wrapped_app
2026-09-10T18:39:16.536385015Z     raise exc
2026-09-10T18:39:16.536389283Z   File "/usr/local/lib/python3.13/site-packages/starlette/_exception_handler.py", line 42, in wrapped_app
2026-09-10T18:39:16.536393541Z     await app(scope, receive, sender)
2026-09-10T18:39:16.536397800Z   File "/usr/local/lib/python3.13/site-packages/fastapi/middleware/asyncexitstack.py", line 18, in __call__
2026-09-10T18:39:16.536402148Z     await self.app(scope, receive, send)
2026-09-10T18:39:16.536406457Z   File "/usr/local/lib/python3.13/site-packages/starlette/routing.py", line 716, in __call__
2026-09-10T18:39:16.536410765Z     await self.middleware_stack(scope, receive, send)
2026-09-10T18:39:16.536425945Z   File "/usr/local/lib/python3.13/site-packages/starlette/routing.py", line 736, in app
2026-09-10T18:39:16.536430314Z     await route.handle(scope, receive, send)
2026-09-10T18:39:16.536434602Z   File "/usr/local/lib/python3.13/site-packages/starlette/routing.py", line 290, in handle
2026-09-10T18:39:16.536438880Z     await self.app(scope, receive, send)
2026-09-10T18:39:16.536443129Z   File "/usr/local/lib/python3.13/site-packages/fastapi/routing.py", line 134, in app
2026-09-10T18:39:16.536447397Z     await wrap_app_handling_exceptions(app, request)(scope, receive, send)
2026-09-10T18:39:16.536451665Z   File "/usr/local/lib/python3.13/site-packages/starlette/_exception_handler.py", line 53, in wrapped_app
2026-09-10T18:39:16.536455924Z     raise exc
2026-09-10T18:39:16.536460172Z   File "/usr/local/lib/python3.13/site-packages/starlette/_exception_handler.py", line 42, in wrapped_app
2026-09-10T18:39:16.536464461Z     await app(scope, receive, sender)
2026-09-10T18:39:16.536468759Z   File "/usr/local/lib/python3.13/site-packages/fastapi/routing.py", line 120, in app
2026-09-10T18:39:16.536473598Z     response = await f(request)
2026-09-10T18:39:16.536477877Z                ^^^^^^^^^^^^^^^^
2026-09-10T18:39:16.536482125Z   File "/usr/local/lib/python3.13/site-packages/fastapi/routing.py", line 674, in app
2026-09-10T18:39:16.536486394Z     raw_response = await run_endpoint_function(
2026-09-10T18:39:16.536490662Z                    ^^^^^^^^^^^^^^^^^^^^^^^^^^^^
2026-09-10T18:39:16.536495451Z     ...<3 lines>...
2026-09-10T18:39:16.536499800Z     )
2026-09-10T18:39:16.536504128Z     ^
2026-09-10T18:39:16.536510321Z   File "/usr/local/lib/python3.13/site-packages/fastapi/routing.py", line 330, in run_endpoint_function
2026-09-10T18:39:16.536514689Z     return await run_in_threadpool(dependant.call, **values)
2026-09-10T18:39:16.536518988Z            ^^^^^^^^^^^^^^^^^^^^^^^^^^^^^^^^^^^^^^^^^^^^^^^^^
2026-09-10T18:39:16.536544558Z   File "/usr/local/lib/python3.13/site-packages/starlette/concurrency.py", line 32, in run_in_threadpool
2026-09-10T18:39:16.536549377Z     return await anyio.to_thread.run_sync(func)
2026-09-10T18:39:16.536553766Z            ^^^^^^^^^^^^^^^^^^^^^^^^^^^^^^^^^^^^
2026-09-10T18:39:16.536558164Z   File "/usr/local/lib/python3.13/site-packages/anyio/to_thread.py", line 63, in run_sync
2026-09-10T18:39:16.536562463Z     return await get_async_backend().run_sync_in_worker_thread(
2026-09-10T18:39:16.536566781Z            ^^^^^^^^^^^^^^^^^^^^^^^^^^^^^^^^^^^^^^^^^^^^^^^^^^^^
2026-09-10T18:39:16.536571060Z         func, args, abandon_on_cancel=abandon_on_cancel, limiter=limiter
2026-09-10T18:39:16.536575418Z         ^^^^^^^^^^^^^^^^^^^^^^^^^^^^^^^^^^^^^^^^^^^^^^^^^^^^^^^^^^^^^^^^
2026-09-10T18:39:16.536579697Z     )
2026-09-10T18:39:16.536584055Z     ^
2026-09-10T18:39:16.536588424Z   File "/usr/local/lib/python3.13/site-packages/anyio/_backends/_asyncio.py", line 2518, in run_sync_in_worker_thread
2026-09-10T18:39:16.536592752Z     return await future
2026-09-10T18:39:16.536646979Z            ^^^^^^^^^^^^
2026-09-10T18:39:16.536656698Z   File "/usr/local/lib/python3.13/site-packages/anyio/_backends/_asyncio.py", line 1002, in run
2026-09-10T18:39:16.536661066Z     result = context.run(func, *args)
2026-09-10T18:39:16.536665405Z   File "/app/app/routers/orders.py", line 36, in checkout
2026-09-10T18:39:16.536669723Z     return create_order(
2026-09-10T18:39:16.536674062Z         db=db,
2026-09-10T18:39:16.536678450Z     ...<2 lines>...
2026-09-10T18:39:16.536682749Z         correlation_id=correlation_id,
2026-09-10T18:39:16.536687037Z     )
2026-09-10T18:39:16.536691376Z   File "/app/app/services/order_service.py", line 42, in create_order
2026-09-10T18:39:16.536707187Z     result = db.execute(
2026-09-10T18:39:16.536711565Z         select(ProductModel).where(ProductModel.id == product_id)
2026-09-10T18:39:16.536715904Z     )
2026-09-10T18:39:16.536720282Z   File "/usr/local/lib/python3.13/site-packages/sqlalchemy/orm/session.py", line 2372, in execute
2026-09-10T18:39:16.536724561Z     return self._execute_internal(
2026-09-10T18:39:16.536728809Z            ~~~~~~~~~~~~~~~~~~~~~~^
2026-09-10T18:39:16.536733078Z         statement,
2026-09-10T18:39:16.536737376Z         ^^^^^^^^^^
2026-09-10T18:39:16.536741745Z     ...<4 lines>...
2026-09-10T18:39:16.536746083Z         _add_event=_add_event,
2026-09-10T18:39:16.536750361Z         ^^^^^^^^^^^^^^^^^^^^^^
2026-09-10T18:39:16.536754600Z     )
2026-09-10T18:39:16.536758978Z     ^
2026-09-10T18:39:16.536763337Z   File "/usr/local/lib/python3.13/site-packages/sqlalchemy/orm/session.py", line 2260, in _execute_internal
2026-09-10T18:39:16.536767635Z     conn = self._connection_for_bind(bind)
2026-09-10T18:39:16.536772004Z   File "/usr/local/lib/python3.13/site-packages/sqlalchemy/orm/session.py", line 2112, in _connection_for_bind
2026-09-10T18:39:16.536776583Z     return trans._connection_for_bind(engine, execution_options)
2026-09-10T18:39:16.536780891Z            ~~~~~~~~~~~~~~~~~~~~~~~~~~^^^^^^^^^^^^^^^^^^^^^^^^^^^
2026-09-10T18:39:16.536785170Z   File "<string>", line 2, in _connection_for_bind
2026-09-10T18:39:16.536789488Z   File "/usr/local/lib/python3.13/site-packages/sqlalchemy/orm/state_changes.py", line 137, in _go
2026-09-10T18:39:16.536793787Z     ret_value = fn(self, *arg, **kw)
2026-09-10T18:39:16.536798065Z   File "/usr/local/lib/python3.13/site-packages/sqlalchemy/orm/session.py", line 1191, in _connection_for_bind
2026-09-10T18:39:16.536802384Z     conn = bind.connect()
2026-09-10T18:39:16.536808806Z   File "/usr/local/lib/python3.13/site-packages/opentelemetry/instrumentation/sqlalchemy/engine.py", line 200, in _wrap_connect_internal
2026-09-10T18:39:16.536813155Z     return func(*args, **kwargs)
2026-09-10T18:39:16.536817453Z   File "/usr/local/lib/python3.13/site-packages/sqlalchemy/engine/base.py", line 3295, in connect
2026-09-10T18:39:16.536821711Z     return self._connection_cls(self)
2026-09-10T18:39:16.536825960Z            ~~~~~~~~~~~~~~~~~~~~^^^^^^
2026-09-10T18:39:16.536830288Z   File "/usr/local/lib/python3.13/site-packages/sqlalchemy/engine/base.py", line 144, in __init__
2026-09-10T18:39:16.536834587Z     self._dbapi_connection = engine.raw_connection()
2026-09-10T18:39:16.536838885Z                              ~~~~~~~~~~~~~~~~~~~~~^^
2026-09-10T18:39:16.536843174Z   File "/usr/local/lib/python3.13/site-packages/sqlalchemy/engine/base.py", line 3319, in raw_connection
2026-09-10T18:39:16.536847432Z     return self.pool.connect()
2026-09-10T18:39:16.536851730Z            ~~~~~~~~~~~~~~~~~^^
2026-09-10T18:39:16.536856039Z   File "/usr/local/lib/python3.13/site-packages/sqlalchemy/pool/base.py", line 448, in connect
2026-09-10T18:39:16.536860377Z     return _ConnectionFairy._checkout(self)
2026-09-10T18:39:16.536864706Z            ~~~~~~~~~~~~~~~~~~~~~~~~~~^^^^^^
2026-09-10T18:39:16.536868974Z   File "/usr/local/lib/python3.13/site-packages/sqlalchemy/pool/base.py", line 1272, in _checkout
2026-09-10T18:39:16.536873253Z     fairy = _ConnectionRecord.checkout(pool)
2026-09-10T18:39:16.536877671Z   File "/usr/local/lib/python3.13/site-packages/sqlalchemy/pool/base.py", line 712, in checkout
2026-09-10T18:39:16.536881970Z     rec = pool._do_get()
2026-09-10T18:39:16.536886238Z   File "/usr/local/lib/python3.13/site-packages/sqlalchemy/pool/impl.py", line 167, in _do_get
2026-09-10T18:39:16.536900616Z     raise exc.TimeoutError(
2026-09-10T18:39:16.536904995Z     ...<4 lines>...
2026-09-10T18:39:16.536909303Z     )
2026-09-10T18:39:16.536914664Z sqlalchemy.exc.TimeoutError: QueuePool limit of size 5 overflow 10 reached, connection timed out, timeout 30.00 (Background on this error at: https://sqlalche.me/e/20/3o7r)
2026-09-10T18:39:16.553771014Z ERROR:    Exception in ASGI application
2026-09-10T18:39:16.553822254Z Traceback (most recent call last):
2026-09-10T18:39:16.553829288Z   File "/usr/local/lib/python3.13/site-packages/uvicorn/protocols/http/httptools_impl.py", line 421, in run_asgi
2026-09-10T18:39:16.553835480Z     result = await app(  # type: ignore[func-returns-value]
2026-09-10T18:39:16.553841151Z              ^^^^^^^^^^^^^^^^^^^^^^^^^^^^^^^^^^^^^^^^^^^^^^
2026-09-10T18:39:16.553847273Z         self.scope, self.receive, self.send
2026-09-10T18:39:16.553852864Z         ^^^^^^^^^^^^^^^^^^^^^^^^^^^^^^^^^^^
2026-09-10T18:39:16.553858475Z     )
2026-09-10T18:39:16.553864116Z     ^
2026-09-10T18:39:16.553869747Z   File "/usr/local/lib/python3.13/site-packages/uvicorn/middleware/proxy_headers.py", line 63, in __call__
2026-09-10T18:39:16.553875338Z     return await self.app(scope, receive, send)
2026-09-10T18:39:16.553880889Z            ^^^^^^^^^^^^^^^^^^^^^^^^^^^^^^^^^^^^
2026-09-10T18:39:16.553887702Z   File "/usr/local/lib/python3.13/site-packages/fastapi/applications.py", line 1159, in __call__
2026-09-10T18:39:16.553893293Z     await super().__call__(scope, receive, send)
2026-09-10T18:39:16.553898884Z   File "/usr/local/lib/python3.13/site-packages/starlette/applications.py", line 107, in __call__
2026-09-10T18:39:16.553904445Z     await self.middleware_stack(scope, receive, send)
2026-09-10T18:39:16.553909946Z   File "/usr/local/lib/python3.13/site-packages/starlette/middleware/errors.py", line 186, in __call__
2026-09-10T18:39:16.553915597Z     raise exc
2026-09-10T18:39:16.553921158Z   File "/usr/local/lib/python3.13/site-packages/starlette/middleware/errors.py", line 164, in __call__
2026-09-10T18:39:16.553926929Z     await self.app(scope, receive, _send)
2026-09-10T18:39:16.553933041Z   File "/usr/local/lib/python3.13/site-packages/opentelemetry/instrumentation/asgi/__init__.py", line 806, in __call__
2026-09-10T18:39:16.553938743Z     await self.app(scope, otel_receive, otel_send)
2026-09-10T18:39:16.553944324Z   File "/usr/local/lib/python3.13/site-packages/starlette/middleware/errors.py", line 186, in __call__
2026-09-10T18:39:16.553949935Z     raise exc
2026-09-10T18:39:16.553955465Z   File "/usr/local/lib/python3.13/site-packages/starlette/middleware/errors.py", line 164, in __call__
2026-09-10T18:39:16.553961728Z     await self.app(scope, receive, _send)
2026-09-10T18:39:16.553967339Z   File "/usr/local/lib/python3.13/site-packages/opentelemetry/instrumentation/fastapi/__init__.py", line 305, in __call__
2026-09-10T18:39:16.553972880Z     await self.app(scope, receive, send)
2026-09-10T18:39:16.553978420Z   File "/usr/local/lib/python3.13/site-packages/prometheus_fastapi_instrumentator/middleware.py", line 177, in __call__
2026-09-10T18:39:16.553984051Z     raise exc
2026-09-10T18:39:16.553989572Z   File "/usr/local/lib/python3.13/site-packages/prometheus_fastapi_instrumentator/middleware.py", line 175, in __call__
2026-09-10T18:39:16.553995143Z     await self.app(scope, receive, send_wrapper)
2026-09-10T18:39:16.554000694Z   File "/usr/local/lib/python3.13/site-packages/starlette/middleware/exceptions.py", line 63, in __call__
2026-09-10T18:39:16.554007047Z     await wrap_app_handling_exceptions(self.app, conn)(scope, receive, send)
2026-09-10T18:39:16.554012597Z   File "/usr/local/lib/python3.13/site-packages/starlette/_exception_handler.py", line 53, in wrapped_app
2026-09-10T18:39:16.554050201Z     raise exc
2026-09-10T18:39:16.554056013Z   File "/usr/local/lib/python3.13/site-packages/starlette/_exception_handler.py", line 42, in wrapped_app
2026-09-10T18:39:16.554061634Z     await app(scope, receive, sender)
2026-09-10T18:39:16.554067225Z   File "/usr/local/lib/python3.13/site-packages/fastapi/middleware/asyncexitstack.py", line 18, in __call__
2026-09-10T18:39:16.554072766Z     await self.app(scope, receive, send)
2026-09-10T18:39:16.554078326Z   File "/usr/local/lib/python3.13/site-packages/starlette/routing.py", line 716, in __call__
2026-09-10T18:39:16.554083947Z     await self.middleware_stack(scope, receive, send)
2026-09-10T18:39:16.554089528Z   File "/usr/local/lib/python3.13/site-packages/starlette/routing.py", line 736, in app
2026-09-10T18:39:16.554095079Z     await route.handle(scope, receive, send)
2026-09-10T18:39:16.554100630Z   File "/usr/local/lib/python3.13/site-packages/starlette/routing.py", line 290, in handle
2026-09-10T18:39:16.554106241Z     await self.app(scope, receive, send)
2026-09-10T18:39:16.554111852Z   File "/usr/local/lib/python3.13/site-packages/fastapi/routing.py", line 134, in app
2026-09-10T18:39:16.554118104Z     await wrap_app_handling_exceptions(app, request)(scope, receive, send)
2026-09-10T18:39:16.554123766Z   File "/usr/local/lib/python3.13/site-packages/starlette/_exception_handler.py", line 53, in wrapped_app
2026-09-10T18:39:16.554129306Z     raise exc
2026-09-10T18:39:16.554134847Z   File "/usr/local/lib/python3.13/site-packages/starlette/_exception_handler.py", line 42, in wrapped_app
2026-09-10T18:39:16.554140398Z     await app(scope, receive, sender)
2026-09-10T18:39:16.554145919Z   File "/usr/local/lib/python3.13/site-packages/fastapi/routing.py", line 120, in app
2026-09-10T18:39:16.554152141Z     response = await f(request)
2026-09-10T18:39:16.554157752Z                ^^^^^^^^^^^^^^^^
2026-09-10T18:39:16.554163273Z   File "/usr/local/lib/python3.13/site-packages/fastapi/routing.py", line 674, in app
2026-09-10T18:39:16.554169165Z     raw_response = await run_endpoint_function(
2026-09-10T18:39:16.554174716Z                    ^^^^^^^^^^^^^^^^^^^^^^^^^^^^
2026-09-10T18:39:16.554181128Z     ...<3 lines>...
2026-09-10T18:39:16.554186509Z     )
2026-09-10T18:39:16.554190226Z     ^
2026-09-10T18:39:16.554193963Z   File "/usr/local/lib/python3.13/site-packages/fastapi/routing.py", line 330, in run_endpoint_function
2026-09-10T18:39:16.554197691Z     return await run_in_threadpool(dependant.call, **values)
2026-09-10T18:39:16.554200977Z            ^^^^^^^^^^^^^^^^^^^^^^^^^^^^^^^^^^^^^^^^^^^^^^^^^
2026-09-10T18:39:16.554233421Z   File "/usr/local/lib/python3.13/site-packages/starlette/concurrency.py", line 32, in run_in_threadpool
2026-09-10T18:39:16.554240485Z     return await anyio.to_thread.run_sync(func)
2026-09-10T18:39:16.554242549Z            ^^^^^^^^^^^^^^^^^^^^^^^^^^^^^^^^^^^^
2026-09-10T18:39:16.554244452Z   File "/usr/local/lib/python3.13/site-packages/anyio/to_thread.py", line 63, in run_sync
2026-09-10T18:39:16.554246496Z     return await get_async_backend().run_sync_in_worker_thread(
2026-09-10T18:39:16.554248410Z            ^^^^^^^^^^^^^^^^^^^^^^^^^^^^^^^^^^^^^^^^^^^^^^^^^^^^
2026-09-10T18:39:16.554250334Z         func, args, abandon_on_cancel=abandon_on_cancel, limiter=limiter
2026-09-10T18:39:16.554252228Z         ^^^^^^^^^^^^^^^^^^^^^^^^^^^^^^^^^^^^^^^^^^^^^^^^^^^^^^^^^^^^^^^^
2026-09-10T18:39:16.554254131Z     )
2026-09-10T18:39:16.554256045Z     ^
2026-09-10T18:39:16.554257959Z   File "/usr/local/lib/python3.13/site-packages/anyio/_backends/_asyncio.py", line 2518, in run_sync_in_worker_thread
2026-09-10T18:39:16.554267778Z     return await future
2026-09-10T18:39:16.554270073Z            ^^^^^^^^^^^^
2026-09-10T18:39:16.554271996Z   File "/usr/local/lib/python3.13/site-packages/anyio/_backends/_asyncio.py", line 1002, in run
2026-09-10T18:39:16.554273890Z     result = context.run(func, *args)
2026-09-10T18:39:16.554275794Z   File "/app/app/routers/orders.py", line 36, in checkout
2026-09-10T18:39:16.554277688Z     return create_order(
2026-09-10T18:39:16.554328638Z         db=db,
2026-09-10T18:39:16.554333136Z     ...<2 lines>...
2026-09-10T18:39:16.554335110Z         correlation_id=correlation_id,
2026-09-10T18:39:16.554337114Z     )
2026-09-10T18:39:16.554339088Z   File "/app/app/services/order_service.py", line 42, in create_order
2026-09-10T18:39:16.554341002Z     result = db.execute(
2026-09-10T18:39:16.554342926Z         select(ProductModel).where(ProductModel.id == product_id)
2026-09-10T18:39:16.554344829Z     )
2026-09-10T18:39:16.554346823Z   File "/usr/local/lib/python3.13/site-packages/sqlalchemy/orm/session.py", line 2372, in execute
2026-09-10T18:39:16.554348727Z     return self._execute_internal(
2026-09-10T18:39:16.554350651Z            ~~~~~~~~~~~~~~~~~~~~~~^
2026-09-10T18:39:16.554352585Z         statement,
2026-09-10T18:39:16.554354498Z         ^^^^^^^^^^
2026-09-10T18:39:16.554356402Z     ...<4 lines>...
2026-09-10T18:39:16.554358336Z         _add_event=_add_event,
2026-09-10T18:39:16.554360250Z         ^^^^^^^^^^^^^^^^^^^^^^
2026-09-10T18:39:16.554362143Z     )
2026-09-10T18:39:16.554364037Z     ^
2026-09-10T18:39:16.554366181Z   File "/usr/local/lib/python3.13/site-packages/sqlalchemy/orm/session.py", line 2260, in _execute_internal
2026-09-10T18:39:16.554368125Z     conn = self._connection_for_bind(bind)
2026-09-10T18:39:16.554370049Z   File "/usr/local/lib/python3.13/site-packages/sqlalchemy/orm/session.py", line 2112, in _connection_for_bind
2026-09-10T18:39:16.554371963Z     return trans._connection_for_bind(engine, execution_options)
2026-09-10T18:39:16.554373876Z            ~~~~~~~~~~~~~~~~~~~~~~~~~~^^^^^^^^^^^^^^^^^^^^^^^^^^^
2026-09-10T18:39:16.554375790Z   File "<string>", line 2, in _connection_for_bind
2026-09-10T18:39:16.554377794Z   File "/usr/local/lib/python3.13/site-packages/sqlalchemy/orm/state_changes.py", line 137, in _go
2026-09-10T18:39:16.554381772Z     ret_value = fn(self, *arg, **kw)
2026-09-10T18:39:16.554383746Z   File "/usr/local/lib/python3.13/site-packages/sqlalchemy/orm/session.py", line 1191, in _connection_for_bind
2026-09-10T18:39:16.554385699Z     conn = bind.connect()
2026-09-10T18:39:16.554388064Z   File "/usr/local/lib/python3.13/site-packages/opentelemetry/instrumentation/sqlalchemy/engine.py", line 200, in _wrap_connect_internal
2026-09-10T18:39:16.554389988Z     return func(*args, **kwargs)
2026-09-10T18:39:16.554391902Z   File "/usr/local/lib/python3.13/site-packages/sqlalchemy/engine/base.py", line 3295, in connect
2026-09-10T18:39:16.554393845Z     return self._connection_cls(self)
2026-09-10T18:39:16.554395739Z            ~~~~~~~~~~~~~~~~~~~~^^^^^^
2026-09-10T18:39:16.554399837Z   File "/usr/local/lib/python3.13/site-packages/sqlalchemy/engine/base.py", line 144, in __init__
2026-09-10T18:39:16.554401781Z     self._dbapi_connection = engine.raw_connection()
2026-09-10T18:39:16.554403705Z                              ~~~~~~~~~~~~~~~~~~~~~^^
2026-09-10T18:39:16.554405629Z   File "/usr/local/lib/python3.13/site-packages/sqlalchemy/engine/base.py", line 3319, in raw_connection
2026-09-10T18:39:16.554407542Z     return self.pool.connect()
2026-09-10T18:39:16.554409456Z            ~~~~~~~~~~~~~~~~~^^
2026-09-10T18:39:16.554411360Z   File "/usr/local/lib/python3.13/site-packages/sqlalchemy/pool/base.py", line 448, in connect
2026-09-10T18:39:16.554421480Z     return _ConnectionFairy._checkout(self)
2026-09-10T18:39:16.554423484Z            ~~~~~~~~~~~~~~~~~~~~~~~~~~^^^^^^
2026-09-10T18:39:16.554425377Z   File "/usr/local/lib/python3.13/site-packages/sqlalchemy/pool/base.py", line 1272, in _checkout
2026-09-10T18:39:16.554427281Z     fairy = _ConnectionRecord.checkout(pool)
2026-09-10T18:39:16.554429155Z   File "/usr/local/lib/python3.13/site-packages/sqlalchemy/pool/base.py", line 712, in checkout
2026-09-10T18:39:16.554431028Z     rec = pool._do_get()
2026-09-10T18:39:16.554432942Z   File "/usr/local/lib/python3.13/site-packages/sqlalchemy/pool/impl.py", line 167, in _do_get
2026-09-10T18:39:16.554434836Z     raise exc.TimeoutError(
2026-09-10T18:39:16.554436740Z     ...<4 lines>...
2026-09-10T18:39:16.554438643Z     )
2026-09-10T18:39:16.554441048Z sqlalchemy.exc.TimeoutError: QueuePool limit of size 5 overflow 10 reached, connection timed out, timeout 30.00 (Background on this error at: https://sqlalche.me/e/20/3o7r)
2026-09-10T18:39:16.749843337Z ERROR:    Exception in ASGI application
2026-09-10T18:39:16.749896822Z Traceback (most recent call last):
2026-09-10T18:39:16.749899778Z   File "/usr/local/lib/python3.13/site-packages/uvicorn/protocols/http/httptools_impl.py", line 421, in run_asgi
2026-09-10T18:39:16.749903114Z     result = await app(  # type: ignore[func-returns-value]
2026-09-10T18:39:16.749905078Z              ^^^^^^^^^^^^^^^^^^^^^^^^^^^^^^^^^^^^^^^^^^^^^^
2026-09-10T18:39:16.749907072Z         self.scope, self.receive, self.send
2026-09-10T18:39:16.749908996Z         ^^^^^^^^^^^^^^^^^^^^^^^^^^^^^^^^^^^
2026-09-10T18:39:16.749911020Z     )
2026-09-10T18:39:16.749913014Z     ^
2026-09-10T18:39:16.749915037Z   File "/usr/local/lib/python3.13/site-packages/uvicorn/middleware/proxy_headers.py", line 63, in __call__
2026-09-10T18:39:16.749917011Z     return await self.app(scope, receive, send)
2026-09-10T18:39:16.749918925Z            ^^^^^^^^^^^^^^^^^^^^^^^^^^^^^^^^^^^^
2026-09-10T18:39:16.749921671Z   File "/usr/local/lib/python3.13/site-packages/fastapi/applications.py", line 1159, in __call__
2026-09-10T18:39:16.749923584Z     await super().__call__(scope, receive, send)
2026-09-10T18:39:16.749925578Z   File "/usr/local/lib/python3.13/site-packages/starlette/applications.py", line 107, in __call__
2026-09-10T18:39:16.749927582Z     await self.middleware_stack(scope, receive, send)
2026-09-10T18:39:16.749929516Z   File "/usr/local/lib/python3.13/site-packages/starlette/middleware/errors.py", line 186, in __call__
2026-09-10T18:39:16.749931450Z     raise exc
2026-09-10T18:39:16.749933714Z   File "/usr/local/lib/python3.13/site-packages/starlette/middleware/errors.py", line 164, in __call__
2026-09-10T18:39:16.749935678Z     await self.app(scope, receive, _send)
2026-09-10T18:39:16.749938664Z   File "/usr/local/lib/python3.13/site-packages/opentelemetry/instrumentation/asgi/__init__.py", line 806, in __call__
2026-09-10T18:39:16.749940608Z     await self.app(scope, otel_receive, otel_send)
2026-09-10T18:39:16.749942822Z   File "/usr/local/lib/python3.13/site-packages/starlette/middleware/errors.py", line 186, in __call__
2026-09-10T18:39:16.749944786Z     raise exc
2026-09-10T18:39:16.749946840Z   File "/usr/local/lib/python3.13/site-packages/starlette/middleware/errors.py", line 164, in __call__
2026-09-10T18:39:16.749948804Z     await self.app(scope, receive, _send)
2026-09-10T18:39:16.749950717Z   File "/usr/local/lib/python3.13/site-packages/opentelemetry/instrumentation/fastapi/__init__.py", line 305, in __call__
2026-09-10T18:39:16.749952661Z     await self.app(scope, receive, send)
2026-09-10T18:39:16.749954625Z   File "/usr/local/lib/python3.13/site-packages/prometheus_fastapi_instrumentator/middleware.py", line 177, in __call__
2026-09-10T18:39:16.749974845Z     raise exc
2026-09-10T18:39:16.749976849Z   File "/usr/local/lib/python3.13/site-packages/prometheus_fastapi_instrumentator/middleware.py", line 175, in __call__
2026-09-10T18:39:16.749978803Z     await self.app(scope, receive, send_wrapper)
2026-09-10T18:39:16.749980726Z   File "/usr/local/lib/python3.13/site-packages/starlette/middleware/exceptions.py", line 63, in __call__
2026-09-10T18:39:16.749983101Z     await wrap_app_handling_exceptions(self.app, conn)(scope, receive, send)
2026-09-10T18:39:16.749985005Z   File "/usr/local/lib/python3.13/site-packages/starlette/_exception_handler.py", line 53, in wrapped_app
2026-09-10T18:39:16.749987129Z     raise exc
2026-09-10T18:39:16.749989213Z   File "/usr/local/lib/python3.13/site-packages/starlette/_exception_handler.py", line 42, in wrapped_app
2026-09-10T18:39:16.749991127Z     await app(scope, receive, sender)
2026-09-10T18:39:16.749993020Z   File "/usr/local/lib/python3.13/site-packages/fastapi/middleware/asyncexitstack.py", line 18, in __call__
2026-09-10T18:39:16.749994954Z     await self.app(scope, receive, send)
2026-09-10T18:39:16.749996868Z   File "/usr/local/lib/python3.13/site-packages/starlette/routing.py", line 716, in __call__
2026-09-10T18:39:16.749998772Z     await self.middleware_stack(scope, receive, send)
2026-09-10T18:39:16.750000776Z   File "/usr/local/lib/python3.13/site-packages/starlette/routing.py", line 736, in app
2026-09-10T18:39:16.750002689Z     await route.handle(scope, receive, send)
2026-09-10T18:39:16.750004653Z   File "/usr/local/lib/python3.13/site-packages/starlette/routing.py", line 290, in handle
2026-09-10T18:39:16.750006557Z     await self.app(scope, receive, send)
2026-09-10T18:39:16.750008521Z   File "/usr/local/lib/python3.13/site-packages/fastapi/routing.py", line 134, in app
2026-09-10T18:39:16.750010545Z     await wrap_app_handling_exceptions(app, request)(scope, receive, send)
2026-09-10T18:39:16.750012579Z   File "/usr/local/lib/python3.13/site-packages/starlette/_exception_handler.py", line 53, in wrapped_app
2026-09-10T18:39:16.750014483Z     raise exc
2026-09-10T18:39:16.750016487Z   File "/usr/local/lib/python3.13/site-packages/starlette/_exception_handler.py", line 42, in wrapped_app
2026-09-10T18:39:16.750018380Z     await app(scope, receive, sender)
2026-09-10T18:39:16.750020344Z   File "/usr/local/lib/python3.13/site-packages/fastapi/routing.py", line 120, in app
2026-09-10T18:39:16.750022759Z     response = await f(request)
2026-09-10T18:39:16.750024693Z                ^^^^^^^^^^^^^^^^
2026-09-10T18:39:16.750026677Z   File "/usr/local/lib/python3.13/site-packages/fastapi/routing.py", line 674, in app
2026-09-10T18:39:16.750028731Z     raw_response = await run_endpoint_function(
2026-09-10T18:39:16.750034412Z                    ^^^^^^^^^^^^^^^^^^^^^^^^^^^^
2026-09-10T18:39:16.750036917Z     ...<3 lines>...
2026-09-10T18:39:16.750038860Z     )
2026-09-10T18:39:16.750040814Z     ^
2026-09-10T18:39:16.750042928Z   File "/usr/local/lib/python3.13/site-packages/fastapi/routing.py", line 330, in run_endpoint_function
2026-09-10T18:39:16.750044912Z     return await run_in_threadpool(dependant.call, **values)
2026-09-10T18:39:16.750046926Z            ^^^^^^^^^^^^^^^^^^^^^^^^^^^^^^^^^^^^^^^^^^^^^^^^^
2026-09-10T18:39:16.750088638Z   File "/usr/local/lib/python3.13/site-packages/starlette/concurrency.py", line 32, in run_in_threadpool
2026-09-10T18:39:16.750093448Z     return await anyio.to_thread.run_sync(func)
2026-09-10T18:39:16.750095431Z            ^^^^^^^^^^^^^^^^^^^^^^^^^^^^^^^^^^^^
2026-09-10T18:39:16.750097385Z   File "/usr/local/lib/python3.13/site-packages/anyio/to_thread.py", line 63, in run_sync
2026-09-10T18:39:16.750108327Z     return await get_async_backend().run_sync_in_worker_thread(
2026-09-10T18:39:16.750110301Z            ^^^^^^^^^^^^^^^^^^^^^^^^^^^^^^^^^^^^^^^^^^^^^^^^^^^^
2026-09-10T18:39:16.750112345Z         func, args, abandon_on_cancel=abandon_on_cancel, limiter=limiter
2026-09-10T18:39:16.750114308Z         ^^^^^^^^^^^^^^^^^^^^^^^^^^^^^^^^^^^^^^^^^^^^^^^^^^^^^^^^^^^^^^^^
2026-09-10T18:39:16.750116222Z     )
2026-09-10T18:39:16.750118116Z     ^
2026-09-10T18:39:16.750120010Z   File "/usr/local/lib/python3.13/site-packages/anyio/_backends/_asyncio.py", line 2518, in run_sync_in_worker_thread
2026-09-10T18:39:16.750121953Z     return await future
2026-09-10T18:39:16.750123887Z            ^^^^^^^^^^^^
2026-09-10T18:39:16.750127945Z   File "/usr/local/lib/python3.13/site-packages/anyio/_backends/_asyncio.py", line 1002, in run
2026-09-10T18:39:16.750130059Z     result = context.run(func, *args)
2026-09-10T18:39:16.750132063Z   File "/app/app/routers/orders.py", line 36, in checkout
2026-09-10T18:39:16.750134047Z     return create_order(
2026-09-10T18:39:16.750136051Z         db=db,
2026-09-10T18:39:16.750137975Z     ...<2 lines>...
2026-09-10T18:39:16.750139879Z         correlation_id=correlation_id,
2026-09-10T18:39:16.750141802Z     )
2026-09-10T18:39:16.750143746Z   File "/app/app/services/order_service.py", line 42, in create_order
2026-09-10T18:39:16.750145680Z     result = db.execute(
2026-09-10T18:39:16.750147654Z         select(ProductModel).where(ProductModel.id == product_id)
2026-09-10T18:39:16.750149568Z     )
2026-09-10T18:39:16.750151481Z   File "/usr/local/lib/python3.13/site-packages/sqlalchemy/orm/session.py", line 2372, in execute
2026-09-10T18:39:16.750153415Z     return self._execute_internal(
2026-09-10T18:39:16.750155379Z            ~~~~~~~~~~~~~~~~~~~~~~^
2026-09-10T18:39:16.750157283Z         statement,
2026-09-10T18:39:16.750159207Z         ^^^^^^^^^^
2026-09-10T18:39:16.750161130Z     ...<4 lines>...
2026-09-10T18:39:16.750163034Z         _add_event=_add_event,
2026-09-10T18:39:16.750164928Z         ^^^^^^^^^^^^^^^^^^^^^^
2026-09-10T18:39:16.750166822Z     )
2026-09-10T18:39:16.750168705Z     ^
2026-09-10T18:39:16.750173214Z   File "/usr/local/lib/python3.13/site-packages/sqlalchemy/orm/session.py", line 2260, in _execute_internal
2026-09-10T18:39:16.750175168Z     conn = self._connection_for_bind(bind)
2026-09-10T18:39:16.750177082Z   File "/usr/local/lib/python3.13/site-packages/sqlalchemy/orm/session.py", line 2112, in _connection_for_bind
2026-09-10T18:39:16.750179056Z     return trans._connection_for_bind(engine, execution_options)
2026-09-10T18:39:16.750181019Z            ~~~~~~~~~~~~~~~~~~~~~~~~~~^^^^^^^^^^^^^^^^^^^^^^^^^^^
2026-09-10T18:39:16.750182943Z   File "<string>", line 2, in _connection_for_bind
2026-09-10T18:39:16.750184907Z   File "/usr/local/lib/python3.13/site-packages/sqlalchemy/orm/state_changes.py", line 137, in _go
2026-09-10T18:39:16.750186811Z     ret_value = fn(self, *arg, **kw)
2026-09-10T18:39:16.750188704Z   File "/usr/local/lib/python3.13/site-packages/sqlalchemy/orm/session.py", line 1191, in _connection_for_bind
2026-09-10T18:39:16.750190608Z     conn = bind.connect()
2026-09-10T18:39:16.750192993Z   File "/usr/local/lib/python3.13/site-packages/opentelemetry/instrumentation/sqlalchemy/engine.py", line 200, in _wrap_connect_internal
2026-09-10T18:39:16.750194927Z     return func(*args, **kwargs)
2026-09-10T18:39:16.750196820Z   File "/usr/local/lib/python3.13/site-packages/sqlalchemy/engine/base.py", line 3295, in connect
2026-09-10T18:39:16.750198744Z     return self._connection_cls(self)
2026-09-10T18:39:16.750205387Z            ~~~~~~~~~~~~~~~~~~~~^^^^^^
2026-09-10T18:39:16.750207311Z   File "/usr/local/lib/python3.13/site-packages/sqlalchemy/engine/base.py", line 144, in __init__
2026-09-10T18:39:16.750209205Z     self._dbapi_connection = engine.raw_connection()
2026-09-10T18:39:16.750211419Z                              ~~~~~~~~~~~~~~~~~~~~~^^
2026-09-10T18:39:16.750213323Z   File "/usr/local/lib/python3.13/site-packages/sqlalchemy/engine/base.py", line 3319, in raw_connection
2026-09-10T18:39:16.750215257Z     return self.pool.connect()
2026-09-10T18:39:16.750217170Z            ~~~~~~~~~~~~~~~~~^^
2026-09-10T18:39:16.750219074Z   File "/usr/local/lib/python3.13/site-packages/sqlalchemy/pool/base.py", line 448, in connect
2026-09-10T18:39:16.750221018Z     return _ConnectionFairy._checkout(self)
2026-09-10T18:39:16.750222902Z            ~~~~~~~~~~~~~~~~~~~~~~~~~~^^^^^^
2026-09-10T18:39:16.750224795Z   File "/usr/local/lib/python3.13/site-packages/sqlalchemy/pool/base.py", line 1272, in _checkout
2026-09-10T18:39:16.750226689Z     fairy = _ConnectionRecord.checkout(pool)
2026-09-10T18:39:16.750228593Z   File "/usr/local/lib/python3.13/site-packages/sqlalchemy/pool/base.py", line 712, in checkout
2026-09-10T18:39:16.750230496Z     rec = pool._do_get()
2026-09-10T18:39:16.750232410Z   File "/usr/local/lib/python3.13/site-packages/sqlalchemy/pool/impl.py", line 167, in _do_get
2026-09-10T18:39:16.750234324Z     raise exc.TimeoutError(
2026-09-10T18:39:16.750236218Z     ...<4 lines>...
2026-09-10T18:39:16.750238151Z     )
2026-09-10T18:39:16.750240566Z sqlalchemy.exc.TimeoutError: QueuePool limit of size 5 overflow 10 reached, connection timed out, timeout 30.00 (Background on this error at: https://sqlalche.me/e/20/3o7r)
2026-09-10T18:39:16.762852913Z ERROR:    Exception in ASGI application
2026-09-10T18:39:16.762881869Z Traceback (most recent call last):
2026-09-10T18:39:16.762884465Z   File "/usr/local/lib/python3.13/site-packages/uvicorn/protocols/http/httptools_impl.py", line 421, in run_asgi
2026-09-10T18:39:16.762886979Z     result = await app(  # type: ignore[func-returns-value]
2026-09-10T18:39:16.762888913Z              ^^^^^^^^^^^^^^^^^^^^^^^^^^^^^^^^^^^^^^^^^^^^^^
2026-09-10T18:39:16.762890827Z         self.scope, self.receive, self.send
2026-09-10T18:39:16.762892731Z         ^^^^^^^^^^^^^^^^^^^^^^^^^^^^^^^^^^^
2026-09-10T18:39:16.762894785Z     )
2026-09-10T18:39:16.762896719Z     ^
2026-09-10T18:39:16.762898692Z   File "/usr/local/lib/python3.13/site-packages/uvicorn/middleware/proxy_headers.py", line 63, in __call__
2026-09-10T18:39:16.762900676Z     return await self.app(scope, receive, send)
2026-09-10T18:39:16.762902610Z            ^^^^^^^^^^^^^^^^^^^^^^^^^^^^^^^^^^^^
2026-09-10T18:39:16.762905155Z   File "/usr/local/lib/python3.13/site-packages/fastapi/applications.py", line 1159, in __call__
2026-09-10T18:39:16.762907079Z     await super().__call__(scope, receive, send)
2026-09-10T18:39:16.762909003Z   File "/usr/local/lib/python3.13/site-packages/starlette/applications.py", line 107, in __call__
2026-09-10T18:39:16.762910916Z     await self.middleware_stack(scope, receive, send)
2026-09-10T18:39:16.762912830Z   File "/usr/local/lib/python3.13/site-packages/starlette/middleware/errors.py", line 186, in __call__
2026-09-10T18:39:16.762915265Z     raise exc
2026-09-10T18:39:16.762917229Z   File "/usr/local/lib/python3.13/site-packages/starlette/middleware/errors.py", line 164, in __call__
2026-09-10T18:39:16.762919143Z     await self.app(scope, receive, _send)
2026-09-10T18:39:16.762922309Z   File "/usr/local/lib/python3.13/site-packages/opentelemetry/instrumentation/asgi/__init__.py", line 806, in __call__
2026-09-10T18:39:16.762941476Z     await self.app(scope, otel_receive, otel_send)
2026-09-10T18:39:16.762943560Z   File "/usr/local/lib/python3.13/site-packages/starlette/middleware/errors.py", line 186, in __call__
2026-09-10T18:39:16.762945494Z     raise exc
2026-09-10T18:39:16.762947378Z   File "/usr/local/lib/python3.13/site-packages/starlette/middleware/errors.py", line 164, in __call__
2026-09-10T18:39:16.762949312Z     await self.app(scope, receive, _send)
2026-09-10T18:39:16.762951205Z   File "/usr/local/lib/python3.13/site-packages/opentelemetry/instrumentation/fastapi/__init__.py", line 305, in __call__
2026-09-10T18:39:16.762953129Z     await self.app(scope, receive, send)
2026-09-10T18:39:16.762955043Z   File "/usr/local/lib/python3.13/site-packages/prometheus_fastapi_instrumentator/middleware.py", line 177, in __call__
2026-09-10T18:39:16.762956947Z     raise exc
2026-09-10T18:39:16.762958860Z   File "/usr/local/lib/python3.13/site-packages/prometheus_fastapi_instrumentator/middleware.py", line 175, in __call__
2026-09-10T18:39:16.762963780Z     await self.app(scope, receive, send_wrapper)
2026-09-10T18:39:16.762965734Z   File "/usr/local/lib/python3.13/site-packages/starlette/middleware/exceptions.py", line 63, in __call__
2026-09-10T18:39:16.762968109Z     await wrap_app_handling_exceptions(self.app, conn)(scope, receive, send)
2026-09-10T18:39:16.762970002Z   File "/usr/local/lib/python3.13/site-packages/starlette/_exception_handler.py", line 53, in wrapped_app
2026-09-10T18:39:16.762971916Z     raise exc
2026-09-10T18:39:16.762973810Z   File "/usr/local/lib/python3.13/site-packages/starlette/_exception_handler.py", line 42, in wrapped_app
2026-09-10T18:39:16.762975724Z     await app(scope, receive, sender)
2026-09-10T18:39:16.762977617Z   File "/usr/local/lib/python3.13/site-packages/fastapi/middleware/asyncexitstack.py", line 18, in __call__
2026-09-10T18:39:16.762979521Z     await self.app(scope, receive, send)
2026-09-10T18:39:16.762981425Z   File "/usr/local/lib/python3.13/site-packages/starlette/routing.py", line 716, in __call__
2026-09-10T18:39:16.762983359Z     await self.middleware_stack(scope, receive, send)
2026-09-10T18:39:16.762985272Z   File "/usr/local/lib/python3.13/site-packages/starlette/routing.py", line 736, in app
2026-09-10T18:39:16.762987186Z     await route.handle(scope, receive, send)
2026-09-10T18:39:16.762989080Z   File "/usr/local/lib/python3.13/site-packages/starlette/routing.py", line 290, in handle
2026-09-10T18:39:16.762991004Z     await self.app(scope, receive, send)
2026-09-10T18:39:16.762992917Z   File "/usr/local/lib/python3.13/site-packages/fastapi/routing.py", line 134, in app
2026-09-10T18:39:16.762994811Z     await wrap_app_handling_exceptions(app, request)(scope, receive, send)
2026-09-10T18:39:16.762996725Z   File "/usr/local/lib/python3.13/site-packages/starlette/_exception_handler.py", line 53, in wrapped_app
2026-09-10T18:39:16.762998899Z     raise exc
2026-09-10T18:39:16.763000853Z   File "/usr/local/lib/python3.13/site-packages/starlette/_exception_handler.py", line 42, in wrapped_app
2026-09-10T18:39:16.763002787Z     await app(scope, receive, sender)
2026-09-10T18:39:16.763004690Z   File "/usr/local/lib/python3.13/site-packages/fastapi/routing.py", line 120, in app
2026-09-10T18:39:16.763007075Z     response = await f(request)
2026-09-10T18:39:16.763008989Z                ^^^^^^^^^^^^^^^^
2026-09-10T18:39:16.763010893Z   File "/usr/local/lib/python3.13/site-packages/fastapi/routing.py", line 674, in app
2026-09-10T18:39:16.763012846Z     raw_response = await run_endpoint_function(
2026-09-10T18:39:16.763014780Z                    ^^^^^^^^^^^^^^^^^^^^^^^^^^^^
2026-09-10T18:39:16.763017506Z     ...<3 lines>...
2026-09-10T18:39:16.763019419Z     )
2026-09-10T18:39:16.763026062Z     ^
2026-09-10T18:39:16.763028036Z   File "/usr/local/lib/python3.13/site-packages/fastapi/routing.py", line 330, in run_endpoint_function
2026-09-10T18:39:16.763029960Z     return await run_in_threadpool(dependant.call, **values)
2026-09-10T18:39:16.763031884Z            ^^^^^^^^^^^^^^^^^^^^^^^^^^^^^^^^^^^^^^^^^^^^^^^^^
2026-09-10T18:39:16.763040250Z   File "/usr/local/lib/python3.13/site-packages/starlette/concurrency.py", line 32, in run_in_threadpool
2026-09-10T18:39:16.763042284Z     return await anyio.to_thread.run_sync(func)
2026-09-10T18:39:16.763045861Z            ^^^^^^^^^^^^^^^^^^^^^^^^^^^^^^^^^^^^
2026-09-10T18:39:16.763047855Z   File "/usr/local/lib/python3.13/site-packages/anyio/to_thread.py", line 63, in run_sync
2026-09-10T18:39:16.763049809Z     return await get_async_backend().run_sync_in_worker_thread(
2026-09-10T18:39:16.763051713Z            ^^^^^^^^^^^^^^^^^^^^^^^^^^^^^^^^^^^^^^^^^^^^^^^^^^^^
2026-09-10T18:39:16.763053636Z         func, args, abandon_on_cancel=abandon_on_cancel, limiter=limiter
2026-09-10T18:39:16.763055550Z         ^^^^^^^^^^^^^^^^^^^^^^^^^^^^^^^^^^^^^^^^^^^^^^^^^^^^^^^^^^^^^^^^
2026-09-10T18:39:16.763057534Z     )
2026-09-10T18:39:16.763059458Z     ^
2026-09-10T18:39:16.763061392Z   File "/usr/local/lib/python3.13/site-packages/anyio/_backends/_asyncio.py", line 2518, in run_sync_in_worker_thread
2026-09-10T18:39:16.763063335Z     return await future
2026-09-10T18:39:16.763065259Z            ^^^^^^^^^^^^
2026-09-10T18:39:16.763067163Z   File "/usr/local/lib/python3.13/site-packages/anyio/_backends/_asyncio.py", line 1002, in run
2026-09-10T18:39:16.763069067Z     result = context.run(func, *args)
2026-09-10T18:39:16.763070980Z   File "/app/app/routers/orders.py", line 36, in checkout
2026-09-10T18:39:16.763073024Z     return create_order(
2026-09-10T18:39:16.763074948Z         db=db,
2026-09-10T18:39:16.763076882Z     ...<2 lines>...
2026-09-10T18:39:16.763078796Z         correlation_id=correlation_id,
2026-09-10T18:39:16.763080720Z     )
2026-09-10T18:39:16.763082673Z   File "/app/app/services/order_service.py", line 42, in create_order
2026-09-10T18:39:16.763084577Z     result = db.execute(
2026-09-10T18:39:16.763086501Z         select(ProductModel).where(ProductModel.id == product_id)
2026-09-10T18:39:16.763088405Z     )
2026-09-10T18:39:16.763090328Z   File "/usr/local/lib/python3.13/site-packages/sqlalchemy/orm/session.py", line 2372, in execute
2026-09-10T18:39:16.763092212Z     return self._execute_internal(
2026-09-10T18:39:16.763094116Z            ~~~~~~~~~~~~~~~~~~~~~~^
2026-09-10T18:39:16.763096020Z         statement,
2026-09-10T18:39:16.763097943Z         ^^^^^^^^^^
2026-09-10T18:39:16.763099857Z     ...<4 lines>...
2026-09-10T18:39:16.763101771Z         _add_event=_add_event,
2026-09-10T18:39:16.763103705Z         ^^^^^^^^^^^^^^^^^^^^^^
2026-09-10T18:39:16.763105608Z     )
2026-09-10T18:39:16.763107512Z     ^
2026-09-10T18:39:16.763109436Z   File "/usr/local/lib/python3.13/site-packages/sqlalchemy/orm/session.py", line 2260, in _execute_internal
2026-09-10T18:39:16.763111360Z     conn = self._connection_for_bind(bind)
2026-09-10T18:39:16.763113303Z   File "/usr/local/lib/python3.13/site-packages/sqlalchemy/orm/session.py", line 2112, in _connection_for_bind
2026-09-10T18:39:16.763115247Z     return trans._connection_for_bind(engine, execution_options)
2026-09-10T18:39:16.763117161Z            ~~~~~~~~~~~~~~~~~~~~~~~~~~^^^^^^^^^^^^^^^^^^^^^^^^^^^
2026-09-10T18:39:16.763119075Z   File "<string>", line 2, in _connection_for_bind
2026-09-10T18:39:16.763120999Z   File "/usr/local/lib/python3.13/site-packages/sqlalchemy/orm/state_changes.py", line 137, in _go
2026-09-10T18:39:16.763134325Z     ret_value = fn(self, *arg, **kw)
2026-09-10T18:39:16.763136279Z   File "/usr/local/lib/python3.13/site-packages/sqlalchemy/orm/session.py", line 1191, in _connection_for_bind
2026-09-10T18:39:16.763138192Z     conn = bind.connect()
2026-09-10T18:39:16.763140617Z   File "/usr/local/lib/python3.13/site-packages/opentelemetry/instrumentation/sqlalchemy/engine.py", line 200, in _wrap_connect_internal
2026-09-10T18:39:16.763216877Z     return func(*args, **kwargs)
2026-09-10T18:39:16.763233519Z   File "/usr/local/lib/python3.13/site-packages/sqlalchemy/engine/base.py", line 3295, in connect
2026-09-10T18:39:16.763236225Z     return self._connection_cls(self)
2026-09-10T18:39:16.763241415Z            ~~~~~~~~~~~~~~~~~~~~^^^^^^
2026-09-10T18:39:16.763243529Z   File "/usr/local/lib/python3.13/site-packages/sqlalchemy/engine/base.py", line 144, in __init__
2026-09-10T18:39:16.763246024Z     self._dbapi_connection = engine.raw_connection()
2026-09-10T18:39:16.763247978Z                              ~~~~~~~~~~~~~~~~~~~~~^^
2026-09-10T18:39:16.763249912Z   File "/usr/local/lib/python3.13/site-packages/sqlalchemy/engine/base.py", line 3319, in raw_connection
2026-09-10T18:39:16.763251905Z     return self.pool.connect()
2026-09-10T18:39:16.763253839Z            ~~~~~~~~~~~~~~~~~^^
2026-09-10T18:39:16.763256204Z   File "/usr/local/lib/python3.13/site-packages/sqlalchemy/pool/base.py", line 448, in connect
2026-09-10T18:39:16.763258138Z     return _ConnectionFairy._checkout(self)
2026-09-10T18:39:16.763260132Z            ~~~~~~~~~~~~~~~~~~~~~~~~~~^^^^^^
2026-09-10T18:39:16.763262075Z   File "/usr/local/lib/python3.13/site-packages/sqlalchemy/pool/base.py", line 1272, in _checkout
2026-09-10T18:39:16.763264019Z     fairy = _ConnectionRecord.checkout(pool)
2026-09-10T18:39:16.763265963Z   File "/usr/local/lib/python3.13/site-packages/sqlalchemy/pool/base.py", line 712, in checkout
2026-09-10T18:39:16.763268398Z     rec = pool._do_get()
2026-09-10T18:39:16.763270362Z   File "/usr/local/lib/python3.13/site-packages/sqlalchemy/pool/impl.py", line 167, in _do_get
2026-09-10T18:39:16.763272315Z     raise exc.TimeoutError(
2026-09-10T18:39:16.763274400Z     ...<4 lines>...
2026-09-10T18:39:16.763276454Z     )
2026-09-10T18:39:16.763279029Z sqlalchemy.exc.TimeoutError: QueuePool limit of size 5 overflow 10 reached, connection timed out, timeout 30.00 (Background on this error at: https://sqlalche.me/e/20/3o7r)
2026-09-10T18:39:16.773137571Z ERROR:    Exception in ASGI application
2026-09-10T18:39:16.773171818Z Traceback (most recent call last):
2026-09-10T18:39:16.773174403Z   File "/usr/local/lib/python3.13/site-packages/uvicorn/protocols/http/httptools_impl.py", line 421, in run_asgi
2026-09-10T18:39:16.773177319Z     result = await app(  # type: ignore[func-returns-value]
2026-09-10T18:39:16.773179273Z              ^^^^^^^^^^^^^^^^^^^^^^^^^^^^^^^^^^^^^^^^^^^^^^
2026-09-10T18:39:16.773181176Z         self.scope, self.receive, self.send
2026-09-10T18:39:16.773183190Z         ^^^^^^^^^^^^^^^^^^^^^^^^^^^^^^^^^^^
2026-09-10T18:39:16.773185204Z     )
2026-09-10T18:39:16.773187228Z     ^
2026-09-10T18:39:16.773189382Z   File "/usr/local/lib/python3.13/site-packages/uvicorn/middleware/proxy_headers.py", line 63, in __call__
2026-09-10T18:39:16.773191336Z     return await self.app(scope, receive, send)
2026-09-10T18:39:16.773193511Z            ^^^^^^^^^^^^^^^^^^^^^^^^^^^^^^^^^^^^
2026-09-10T18:39:16.773196046Z   File "/usr/local/lib/python3.13/site-packages/fastapi/applications.py", line 1159, in __call__
2026-09-10T18:39:16.773198029Z     await super().__call__(scope, receive, send)
2026-09-10T18:39:16.773200003Z   File "/usr/local/lib/python3.13/site-packages/starlette/applications.py", line 107, in __call__
2026-09-10T18:39:16.773219261Z     await self.middleware_stack(scope, receive, send)
2026-09-10T18:39:16.773221305Z   File "/usr/local/lib/python3.13/site-packages/starlette/middleware/errors.py", line 186, in __call__
2026-09-10T18:39:16.773223229Z     raise exc
2026-09-10T18:39:16.773225163Z   File "/usr/local/lib/python3.13/site-packages/starlette/middleware/errors.py", line 164, in __call__
2026-09-10T18:39:16.773227137Z     await self.app(scope, receive, _send)
2026-09-10T18:39:16.773229912Z   File "/usr/local/lib/python3.13/site-packages/opentelemetry/instrumentation/asgi/__init__.py", line 806, in __call__
2026-09-10T18:39:16.773231916Z     await self.app(scope, otel_receive, otel_send)
2026-09-10T18:39:16.773233820Z   File "/usr/local/lib/python3.13/site-packages/starlette/middleware/errors.py", line 186, in __call__
2026-09-10T18:39:16.773235733Z     raise exc
2026-09-10T18:39:16.773237838Z   File "/usr/local/lib/python3.13/site-packages/starlette/middleware/errors.py", line 164, in __call__
2026-09-10T18:39:16.773239751Z     await self.app(scope, receive, _send)
2026-09-10T18:39:16.773241645Z   File "/usr/local/lib/python3.13/site-packages/opentelemetry/instrumentation/fastapi/__init__.py", line 305, in __call__
2026-09-10T18:39:16.773243779Z     await self.app(scope, receive, send)
2026-09-10T18:39:16.773245673Z   File "/usr/local/lib/python3.13/site-packages/prometheus_fastapi_instrumentator/middleware.py", line 177, in __call__
2026-09-10T18:39:16.773247577Z     raise exc
2026-09-10T18:39:16.773249591Z   File "/usr/local/lib/python3.13/site-packages/prometheus_fastapi_instrumentator/middleware.py", line 175, in __call__
2026-09-10T18:39:16.773251494Z     await self.app(scope, receive, send_wrapper)
2026-09-10T18:39:16.773253538Z   File "/usr/local/lib/python3.13/site-packages/starlette/middleware/exceptions.py", line 63, in __call__
2026-09-10T18:39:16.773256394Z     await wrap_app_handling_exceptions(self.app, conn)(scope, receive, send)
2026-09-10T18:39:16.773259400Z   File "/usr/local/lib/python3.13/site-packages/starlette/_exception_handler.py", line 53, in wrapped_app
2026-09-10T18:39:16.773261344Z     raise exc
2026-09-10T18:39:16.773263277Z   File "/usr/local/lib/python3.13/site-packages/starlette/_exception_handler.py", line 42, in wrapped_app
2026-09-10T18:39:16.773265181Z     await app(scope, receive, sender)
2026-09-10T18:39:16.773267105Z   File "/usr/local/lib/python3.13/site-packages/fastapi/middleware/asyncexitstack.py", line 18, in __call__
2026-09-10T18:39:16.773269039Z     await self.app(scope, receive, send)
2026-09-10T18:39:16.773274850Z   File "/usr/local/lib/python3.13/site-packages/starlette/routing.py", line 716, in __call__
2026-09-10T18:39:16.773276834Z     await self.middleware_stack(scope, receive, send)
2026-09-10T18:39:16.773278748Z   File "/usr/local/lib/python3.13/site-packages/starlette/routing.py", line 736, in app
2026-09-10T18:39:16.773280682Z     await route.handle(scope, receive, send)
2026-09-10T18:39:16.773282655Z   File "/usr/local/lib/python3.13/site-packages/starlette/routing.py", line 290, in handle
2026-09-10T18:39:16.773284820Z     await self.app(scope, receive, send)
2026-09-10T18:39:16.773286794Z   File "/usr/local/lib/python3.13/site-packages/fastapi/routing.py", line 134, in app
2026-09-10T18:39:16.773288677Z     await wrap_app_handling_exceptions(app, request)(scope, receive, send)
2026-09-10T18:39:16.773290591Z   File "/usr/local/lib/python3.13/site-packages/starlette/_exception_handler.py", line 53, in wrapped_app
2026-09-10T18:39:16.773292495Z     raise exc
2026-09-10T18:39:16.773294639Z   File "/usr/local/lib/python3.13/site-packages/starlette/_exception_handler.py", line 42, in wrapped_app
2026-09-10T18:39:16.773302524Z     await app(scope, receive, sender)
2026-09-10T18:39:16.773304498Z   File "/usr/local/lib/python3.13/site-packages/fastapi/routing.py", line 120, in app
2026-09-10T18:39:16.773306933Z     response = await f(request)
2026-09-10T18:39:16.773308837Z                ^^^^^^^^^^^^^^^^
2026-09-10T18:39:16.773310731Z   File "/usr/local/lib/python3.13/site-packages/fastapi/routing.py", line 674, in app
2026-09-10T18:39:16.773312644Z     raw_response = await run_endpoint_function(
2026-09-10T18:39:16.773314558Z                    ^^^^^^^^^^^^^^^^^^^^^^^^^^^^
2026-09-10T18:39:16.773317524Z     ...<3 lines>...
2026-09-10T18:39:16.773319458Z     )
2026-09-10T18:39:16.773321361Z     ^
2026-09-10T18:39:16.773323526Z   File "/usr/local/lib/python3.13/site-packages/fastapi/routing.py", line 330, in run_endpoint_function
2026-09-10T18:39:16.773325439Z     return await run_in_threadpool(dependant.call, **values)
2026-09-10T18:39:16.773327343Z            ^^^^^^^^^^^^^^^^^^^^^^^^^^^^^^^^^^^^^^^^^^^^^^^^^
2026-09-10T18:39:16.773372572Z   File "/usr/local/lib/python3.13/site-packages/starlette/concurrency.py", line 32, in run_in_threadpool
2026-09-10T18:39:16.773377732Z     return await anyio.to_thread.run_sync(func)
2026-09-10T18:39:16.773379976Z            ^^^^^^^^^^^^^^^^^^^^^^^^^^^^^^^^^^^^
2026-09-10T18:39:16.773382060Z   File "/usr/local/lib/python3.13/site-packages/anyio/to_thread.py", line 63, in run_sync
2026-09-10T18:39:16.773384195Z     return await get_async_backend().run_sync_in_worker_thread(
2026-09-10T18:39:16.773386299Z            ^^^^^^^^^^^^^^^^^^^^^^^^^^^^^^^^^^^^^^^^^^^^^^^^^^^^
2026-09-10T18:39:16.773388704Z         func, args, abandon_on_cancel=abandon_on_cancel, limiter=limiter
2026-09-10T18:39:16.773390828Z         ^^^^^^^^^^^^^^^^^^^^^^^^^^^^^^^^^^^^^^^^^^^^^^^^^^^^^^^^^^^^^^^^
2026-09-10T18:39:16.773392962Z     )
2026-09-10T18:39:16.773395156Z     ^
2026-09-10T18:39:16.773397471Z   File "/usr/local/lib/python3.13/site-packages/anyio/_backends/_asyncio.py", line 2518, in run_sync_in_worker_thread
2026-09-10T18:39:16.773399785Z     return await future
2026-09-10T18:39:16.773402350Z            ^^^^^^^^^^^^
2026-09-10T18:39:16.773404765Z   File "/usr/local/lib/python3.13/site-packages/anyio/_backends/_asyncio.py", line 1002, in run
2026-09-10T18:39:16.773407250Z     result = context.run(func, *args)
2026-09-10T18:39:16.773409484Z   File "/app/app/routers/orders.py", line 36, in checkout
2026-09-10T18:39:16.773411538Z     return create_order(
2026-09-10T18:39:16.773413492Z         db=db,
2026-09-10T18:39:16.773415526Z     ...<2 lines>...
2026-09-10T18:39:16.773417470Z         correlation_id=correlation_id,
2026-09-10T18:39:16.773419404Z     )
2026-09-10T18:39:16.773421348Z   File "/app/app/services/order_service.py", line 42, in create_order
2026-09-10T18:39:16.773423271Z     result = db.execute(
2026-09-10T18:39:16.773425185Z         select(ProductModel).where(ProductModel.id == product_id)
2026-09-10T18:39:16.773427079Z     )
2026-09-10T18:39:16.773429023Z   File "/usr/local/lib/python3.13/site-packages/sqlalchemy/orm/session.py", line 2372, in execute
2026-09-10T18:39:16.773430996Z     return self._execute_internal(
2026-09-10T18:39:16.773432920Z            ~~~~~~~~~~~~~~~~~~~~~~^
2026-09-10T18:39:16.773434924Z         statement,
2026-09-10T18:39:16.773436828Z         ^^^^^^^^^^
2026-09-10T18:39:16.773438822Z     ...<4 lines>...
2026-09-10T18:39:16.773440856Z         _add_event=_add_event,
2026-09-10T18:39:16.773442750Z         ^^^^^^^^^^^^^^^^^^^^^^
2026-09-10T18:39:16.773444663Z     )
2026-09-10T18:39:16.773446557Z     ^
2026-09-10T18:39:16.773458951Z   File "/usr/local/lib/python3.13/site-packages/sqlalchemy/orm/session.py", line 2260, in _execute_internal
2026-09-10T18:39:16.773460945Z     conn = self._connection_for_bind(bind)
2026-09-10T18:39:16.773462869Z   File "/usr/local/lib/python3.13/site-packages/sqlalchemy/orm/session.py", line 2112, in _connection_for_bind
2026-09-10T18:39:16.773464813Z     return trans._connection_for_bind(engine, execution_options)
2026-09-10T18:39:16.773469372Z            ~~~~~~~~~~~~~~~~~~~~~~~~~~^^^^^^^^^^^^^^^^^^^^^^^^^^^
2026-09-10T18:39:16.773471426Z   File "<string>", line 2, in _connection_for_bind
2026-09-10T18:39:16.773475203Z   File "/usr/local/lib/python3.13/site-packages/sqlalchemy/orm/state_changes.py", line 137, in _go
2026-09-10T18:39:16.773477177Z     ret_value = fn(self, *arg, **kw)
2026-09-10T18:39:16.773479161Z   File "/usr/local/lib/python3.13/site-packages/sqlalchemy/orm/session.py", line 1191, in _connection_for_bind
2026-09-10T18:39:16.773481085Z     conn = bind.connect()
2026-09-10T18:39:16.773484071Z   File "/usr/local/lib/python3.13/site-packages/opentelemetry/instrumentation/sqlalchemy/engine.py", line 200, in _wrap_connect_internal
2026-09-10T18:39:16.773485974Z     return func(*args, **kwargs)
2026-09-10T18:39:16.773487998Z   File "/usr/local/lib/python3.13/site-packages/sqlalchemy/engine/base.py", line 3295, in connect
2026-09-10T18:39:16.773489912Z     return self._connection_cls(self)
2026-09-10T18:39:16.773491806Z            ~~~~~~~~~~~~~~~~~~~~^^^^^^
2026-09-10T18:39:16.773493730Z   File "/usr/local/lib/python3.13/site-packages/sqlalchemy/engine/base.py", line 144, in __init__
2026-09-10T18:39:16.773495683Z     self._dbapi_connection = engine.raw_connection()
2026-09-10T18:39:16.773497587Z                              ~~~~~~~~~~~~~~~~~~~~~^^
2026-09-10T18:39:16.773499491Z   File "/usr/local/lib/python3.13/site-packages/sqlalchemy/engine/base.py", line 3319, in raw_connection
2026-09-10T18:39:16.773501405Z     return self.pool.connect()
2026-09-10T18:39:16.773503328Z            ~~~~~~~~~~~~~~~~~^^
2026-09-10T18:39:16.773505332Z   File "/usr/local/lib/python3.13/site-packages/sqlalchemy/pool/base.py", line 448, in connect
2026-09-10T18:39:16.773507376Z     return _ConnectionFairy._checkout(self)
2026-09-10T18:39:16.773509310Z            ~~~~~~~~~~~~~~~~~~~~~~~~~~^^^^^^
2026-09-10T18:39:16.773511204Z   File "/usr/local/lib/python3.13/site-packages/sqlalchemy/pool/base.py", line 1272, in _checkout
2026-09-10T18:39:16.773513138Z     fairy = _ConnectionRecord.checkout(pool)
2026-09-10T18:39:16.773515051Z   File "/usr/local/lib/python3.13/site-packages/sqlalchemy/pool/base.py", line 712, in checkout
2026-09-10T18:39:16.773516955Z     rec = pool._do_get()
2026-09-10T18:39:16.773518859Z   File "/usr/local/lib/python3.13/site-packages/sqlalchemy/pool/impl.py", line 167, in _do_get
2026-09-10T18:39:16.773520773Z     raise exc.TimeoutError(
2026-09-10T18:39:16.773522676Z     ...<4 lines>...
2026-09-10T18:39:16.773524590Z     )
2026-09-10T18:39:16.773527035Z sqlalchemy.exc.TimeoutError: QueuePool limit of size 5 overflow 10 reached, connection timed out, timeout 30.00 (Background on this error at: https://sqlalche.me/e/20/3o7r)
