timestamp,pod,pod_uid,app,phase,pod_ready,ready_containers,total_containers,restart_count,container_restarts,container_states,api_pod_count,worker_pod_count,gateway_pod_count,node,all_nodes_ready,node_states
2026-09-20T23:30:10.347Z,api-5974b5bb7-lqxg5,b7340985-75b6-4ee6-94ae-219edb88b3cb,api,Running,True,1,1,0,"{""api"": 0}","{""api"": ""running""}",1,1,1,desktop-control-plane,True,"{""desktop-control-plane"": true}"
2026-09-20T23:30:10.347Z,flash-sale-image-loader,d97aac4b-6036-49d3-84fa-1eb65b06be9d,,Succeeded,False,0,1,0,"{""flash-sale-image-loader"": 0}","{""flash-sale-image-loader"": ""terminated""}",1,1,1,desktop-control-plane,True,"{""desktop-control-plane"": true}"
2026-09-20T23:30:10.347Z,gateway-d5b8cd646-k2t2j,73e11660-27e2-4f01-af00-a676bdd92091,gateway,Running,True,1,1,0,"{""gateway"": 0}","{""gateway"": ""running""}",1,1,1,desktop-control-plane,True,"{""desktop-control-plane"": true}"
2026-09-20T23:30:10.347Z,jaeger-7cc9b664cc-dkxmr,5f30629b-2b5b-4fec-9f8e-dd3583fe5c69,jaeger,Running,True,1,1,0,"{""jaeger"": 0}","{""jaeger"": ""running""}",1,1,1,desktop-control-plane,True,"{""desktop-control-plane"": true}"
2026-09-20T23:30:10.347Z,otel-collector-7c765745bf-hnzqr,5640ea7c-d391-4d91-a081-fdee2e1b37db,otel-collector,Running,True,1,1,0,"{""otel-collector"": 0}","{""otel-collector"": ""running""}",1,1,1,desktop-control-plane,True,"{""desktop-control-plane"": true}"
2026-09-20T23:30:10.347Z,postgres-676cc4986c-6s5kh,42b5b5b1-da74-46d8-bf66-d12e14fa3676,postgres,Running,True,1,1,0,"{""postgres"": 0}","{""postgres"": ""running""}",1,1,1,desktop-control-plane,True,"{""desktop-control-plane"": true}"
2026-09-20T23:30:10.347Z,prometheus-59f5cf7468-fksrh,de98abcd-712d-4d81-8fb2-59b3011304c6,prometheus,Running,True,1,1,0,"{""prometheus"": 0}","{""prometheus"": ""running""}",1,1,1,desktop-control-plane,True,"{""desktop-control-plane"": true}"
2026-09-20T23:30:10.347Z,rabbitmq-5cdf8f76b7-kdf8p,f02b29f9-8329-460a-9c69-31b755066885,rabbitmq,Running,True,1,1,0,"{""rabbitmq"": 0}","{""rabbitmq"": ""running""}",1,1,1,desktop-control-plane,True,"{""desktop-control-plane"": true}"
2026-09-20T23:30:10.347Z,worker-5799d849c5-66d8m,8d0e460a-5d59-44a2-9b1b-ce0d6f27aa11,worker,Running,True,1,1,0,"{""worker"": 0}","{""worker"": ""running""}",1,1,1,desktop-control-plane,True,"{""desktop-control-plane"": true}"
2026-09-20T23:30:15.348Z,api-5974b5bb7-lqxg5,b7340985-75b6-4ee6-94ae-219edb88b3cb,api,Running,True,1,1,0,"{""api"": 0}","{""api"": ""running""}",1,1,1,desktop-control-plane,True,"{""desktop-control-plane"": true}"
2026-09-20T23:30:15.348Z,flash-sale-image-loader,d97aac4b-6036-49d3-84fa-1eb65b06be9d,,Succeeded,False,0,1,0,"{""flash-sale-image-loader"": 0}","{""flash-sale-image-loader"": ""terminated""}",1,1,1,desktop-control-plane,True,"{""desktop-control-plane"": true}"
2026-09-20T23:30:15.348Z,gateway-d5b8cd646-k2t2j,73e11660-27e2-4f01-af00-a676bdd92091,gateway,Running,True,1,1,0,"{""gateway"": 0}","{""gateway"": ""running""}",1,1,1,desktop-control-plane,True,"{""desktop-control-plane"": true}"
2026-09-20T23:30:15.348Z,jaeger-7cc9b664cc-dkxmr,5f30629b-2b5b-4fec-9f8e-dd3583fe5c69,jaeger,Running,True,1,1,0,"{""jaeger"": 0}","{""jaeger"": ""running""}",1,1,1,desktop-control-plane,True,"{""desktop-control-plane"": true}"
2026-09-20T23:30:15.348Z,otel-collector-7c765745bf-hnzqr,5640ea7c-d391-4d91-a081-fdee2e1b37db,otel-collector,Running,True,1,1,0,"{""otel-collector"": 0}","{""otel-collector"": ""running""}",1,1,1,desktop-control-plane,True,"{""desktop-control-plane"": true}"
2026-09-20T23:30:15.348Z,postgres-676cc4986c-6s5kh,42b5b5b1-da74-46d8-bf66-d12e14fa3676,postgres,Running,True,1,1,0,"{""postgres"": 0}","{""postgres"": ""running""}",1,1,1,desktop-control-plane,True,"{""desktop-control-plane"": true}"
2026-09-20T23:30:15.348Z,prometheus-59f5cf7468-fksrh,de98abcd-712d-4d81-8fb2-59b3011304c6,prometheus,Running,True,1,1,0,"{""prometheus"": 0}","{""prometheus"": ""running""}",1,1,1,desktop-control-plane,True,"{""desktop-control-plane"": true}"
2026-09-20T23:30:15.348Z,rabbitmq-5cdf8f76b7-kdf8p,f02b29f9-8329-460a-9c69-31b755066885,rabbitmq,Running,True,1,1,0,"{""rabbitmq"": 0}","{""rabbitmq"": ""running""}",1,1,1,desktop-control-plane,True,"{""desktop-control-plane"": true}"
2026-09-20T23:30:15.348Z,worker-5799d849c5-66d8m,8d0e460a-5d59-44a2-9b1b-ce0d6f27aa11,worker,Running,True,1,1,0,"{""worker"": 0}","{""worker"": ""running""}",1,1,1,desktop-control-plane,True,"{""desktop-control-plane"": true}"
2026-09-20T23:30:20.348Z,api-5974b5bb7-lqxg5,b7340985-75b6-4ee6-94ae-219edb88b3cb,api,Running,True,1,1,0,"{""api"": 0}","{""api"": ""running""}",1,1,1,desktop-control-plane,True,"{""desktop-control-plane"": true}"
2026-09-20T23:30:20.348Z,flash-sale-image-loader,d97aac4b-6036-49d3-84fa-1eb65b06be9d,,Succeeded,False,0,1,0,"{""flash-sale-image-loader"": 0}","{""flash-sale-image-loader"": ""terminated""}",1,1,1,desktop-control-plane,True,"{""desktop-control-plane"": true}"
2026-09-20T23:30:20.348Z,gateway-d5b8cd646-k2t2j,73e11660-27e2-4f01-af00-a676bdd92091,gateway,Running,True,1,1,0,"{""gateway"": 0}","{""gateway"": ""running""}",1,1,1,desktop-control-plane,True,"{""desktop-control-plane"": true}"
2026-09-20T23:30:20.348Z,jaeger-7cc9b664cc-dkxmr,5f30629b-2b5b-4fec-9f8e-dd3583fe5c69,jaeger,Running,True,1,1,0,"{""jaeger"": 0}","{""jaeger"": ""running""}",1,1,1,desktop-control-plane,True,"{""desktop-control-plane"": true}"
2026-09-20T23:30:20.348Z,otel-collector-7c765745bf-hnzqr,5640ea7c-d391-4d91-a081-fdee2e1b37db,otel-collector,Running,True,1,1,0,"{""otel-collector"": 0}","{""otel-collector"": ""running""}",1,1,1,desktop-control-plane,True,"{""desktop-control-plane"": true}"
2026-09-20T23:30:20.348Z,postgres-676cc4986c-6s5kh,42b5b5b1-da74-46d8-bf66-d12e14fa3676,postgres,Running,True,1,1,0,"{""postgres"": 0}","{""postgres"": ""running""}",1,1,1,desktop-control-plane,True,"{""desktop-control-plane"": true}"
2026-09-20T23:30:20.348Z,prometheus-59f5cf7468-fksrh,de98abcd-712d-4d81-8fb2-59b3011304c6,prometheus,Running,True,1,1,0,"{""prometheus"": 0}","{""prometheus"": ""running""}",1,1,1,desktop-control-plane,True,"{""desktop-control-plane"": true}"
2026-09-20T23:30:20.348Z,rabbitmq-5cdf8f76b7-kdf8p,f02b29f9-8329-460a-9c69-31b755066885,rabbitmq,Running,True,1,1,0,"{""rabbitmq"": 0}","{""rabbitmq"": ""running""}",1,1,1,desktop-control-plane,True,"{""desktop-control-plane"": true}"
2026-09-20T23:30:20.348Z,worker-5799d849c5-66d8m,8d0e460a-5d59-44a2-9b1b-ce0d6f27aa11,worker,Running,True,1,1,0,"{""worker"": 0}","{""worker"": ""running""}",1,1,1,desktop-control-plane,True,"{""desktop-control-plane"": true}"
2026-09-20T23:30:25.348Z,api-5974b5bb7-lqxg5,b7340985-75b6-4ee6-94ae-219edb88b3cb,api,Running,True,1,1,0,"{""api"": 0}","{""api"": ""running""}",1,1,1,desktop-control-plane,True,"{""desktop-control-plane"": true}"
2026-09-20T23:30:25.348Z,flash-sale-image-loader,d97aac4b-6036-49d3-84fa-1eb65b06be9d,,Succeeded,False,0,1,0,"{""flash-sale-image-loader"": 0}","{""flash-sale-image-loader"": ""terminated""}",1,1,1,desktop-control-plane,True,"{""desktop-control-plane"": true}"
2026-09-20T23:30:25.348Z,gateway-d5b8cd646-k2t2j,73e11660-27e2-4f01-af00-a676bdd92091,gateway,Running,True,1,1,0,"{""gateway"": 0}","{""gateway"": ""running""}",1,1,1,desktop-control-plane,True,"{""desktop-control-plane"": true}"
2026-09-20T23:30:25.348Z,jaeger-7cc9b664cc-dkxmr,5f30629b-2b5b-4fec-9f8e-dd3583fe5c69,jaeger,Running,True,1,1,0,"{""jaeger"": 0}","{""jaeger"": ""running""}",1,1,1,desktop-control-plane,True,"{""desktop-control-plane"": true}"
2026-09-20T23:30:25.348Z,otel-collector-7c765745bf-hnzqr,5640ea7c-d391-4d91-a081-fdee2e1b37db,otel-collector,Running,True,1,1,0,"{""otel-collector"": 0}","{""otel-collector"": ""running""}",1,1,1,desktop-control-plane,True,"{""desktop-control-plane"": true}"
2026-09-20T23:30:25.348Z,postgres-676cc4986c-6s5kh,42b5b5b1-da74-46d8-bf66-d12e14fa3676,postgres,Running,True,1,1,0,"{""postgres"": 0}","{""postgres"": ""running""}",1,1,1,desktop-control-plane,True,"{""desktop-control-plane"": true}"
2026-09-20T23:30:25.348Z,prometheus-59f5cf7468-fksrh,de98abcd-712d-4d81-8fb2-59b3011304c6,prometheus,Running,True,1,1,0,"{""prometheus"": 0}","{""prometheus"": ""running""}",1,1,1,desktop-control-plane,True,"{""desktop-control-plane"": true}"
2026-09-20T23:30:25.348Z,rabbitmq-5cdf8f76b7-kdf8p,f02b29f9-8329-460a-9c69-31b755066885,rabbitmq,Running,True,1,1,0,"{""rabbitmq"": 0}","{""rabbitmq"": ""running""}",1,1,1,desktop-control-plane,True,"{""desktop-control-plane"": true}"
2026-09-20T23:30:25.348Z,worker-5799d849c5-66d8m,8d0e460a-5d59-44a2-9b1b-ce0d6f27aa11,worker,Running,True,1,1,0,"{""worker"": 0}","{""worker"": ""running""}",1,1,1,desktop-control-plane,True,"{""desktop-control-plane"": true}"
2026-09-20T23:30:30.349Z,api-5974b5bb7-lqxg5,b7340985-75b6-4ee6-94ae-219edb88b3cb,api,Running,True,1,1,0,"{""api"": 0}","{""api"": ""running""}",1,1,1,desktop-control-plane,True,"{""desktop-control-plane"": true}"
2026-09-20T23:30:30.349Z,flash-sale-image-loader,d97aac4b-6036-49d3-84fa-1eb65b06be9d,,Succeeded,False,0,1,0,"{""flash-sale-image-loader"": 0}","{""flash-sale-image-loader"": ""terminated""}",1,1,1,desktop-control-plane,True,"{""desktop-control-plane"": true}"
2026-09-20T23:30:30.349Z,gateway-d5b8cd646-k2t2j,73e11660-27e2-4f01-af00-a676bdd92091,gateway,Running,True,1,1,0,"{""gateway"": 0}","{""gateway"": ""running""}",1,1,1,desktop-control-plane,True,"{""desktop-control-plane"": true}"
2026-09-20T23:30:30.349Z,jaeger-7cc9b664cc-dkxmr,5f30629b-2b5b-4fec-9f8e-dd3583fe5c69,jaeger,Running,True,1,1,0,"{""jaeger"": 0}","{""jaeger"": ""running""}",1,1,1,desktop-control-plane,True,"{""desktop-control-plane"": true}"
2026-09-20T23:30:30.349Z,otel-collector-7c765745bf-hnzqr,5640ea7c-d391-4d91-a081-fdee2e1b37db,otel-collector,Running,True,1,1,0,"{""otel-collector"": 0}","{""otel-collector"": ""running""}",1,1,1,desktop-control-plane,True,"{""desktop-control-plane"": true}"
2026-09-20T23:30:30.349Z,postgres-676cc4986c-6s5kh,42b5b5b1-da74-46d8-bf66-d12e14fa3676,postgres,Running,True,1,1,0,"{""postgres"": 0}","{""postgres"": ""running""}",1,1,1,desktop-control-plane,True,"{""desktop-control-plane"": true}"
2026-09-20T23:30:30.349Z,prometheus-59f5cf7468-fksrh,de98abcd-712d-4d81-8fb2-59b3011304c6,prometheus,Running,True,1,1,0,"{""prometheus"": 0}","{""prometheus"": ""running""}",1,1,1,desktop-control-plane,True,"{""desktop-control-plane"": true}"
2026-09-20T23:30:30.349Z,rabbitmq-5cdf8f76b7-kdf8p,f02b29f9-8329-460a-9c69-31b755066885,rabbitmq,Running,True,1,1,0,"{""rabbitmq"": 0}","{""rabbitmq"": ""running""}",1,1,1,desktop-control-plane,True,"{""desktop-control-plane"": true}"
2026-09-20T23:30:30.349Z,worker-5799d849c5-66d8m,8d0e460a-5d59-44a2-9b1b-ce0d6f27aa11,worker,Running,True,1,1,0,"{""worker"": 0}","{""worker"": ""running""}",1,1,1,desktop-control-plane,True,"{""desktop-control-plane"": true}"
2026-09-20T23:30:35.349Z,api-5974b5bb7-lqxg5,b7340985-75b6-4ee6-94ae-219edb88b3cb,api,Running,True,1,1,0,"{""api"": 0}","{""api"": ""running""}",1,1,1,desktop-control-plane,True,"{""desktop-control-plane"": true}"
2026-09-20T23:30:35.349Z,flash-sale-image-loader,d97aac4b-6036-49d3-84fa-1eb65b06be9d,,Succeeded,False,0,1,0,"{""flash-sale-image-loader"": 0}","{""flash-sale-image-loader"": ""terminated""}",1,1,1,desktop-control-plane,True,"{""desktop-control-plane"": true}"
2026-09-20T23:30:35.349Z,gateway-d5b8cd646-k2t2j,73e11660-27e2-4f01-af00-a676bdd92091,gateway,Running,True,1,1,0,"{""gateway"": 0}","{""gateway"": ""running""}",1,1,1,desktop-control-plane,True,"{""desktop-control-plane"": true}"
2026-09-20T23:30:35.349Z,jaeger-7cc9b664cc-dkxmr,5f30629b-2b5b-4fec-9f8e-dd3583fe5c69,jaeger,Running,True,1,1,0,"{""jaeger"": 0}","{""jaeger"": ""running""}",1,1,1,desktop-control-plane,True,"{""desktop-control-plane"": true}"
2026-09-20T23:30:35.349Z,otel-collector-7c765745bf-hnzqr,5640ea7c-d391-4d91-a081-fdee2e1b37db,otel-collector,Running,True,1,1,0,"{""otel-collector"": 0}","{""otel-collector"": ""running""}",1,1,1,desktop-control-plane,True,"{""desktop-control-plane"": true}"
2026-09-20T23:30:35.349Z,postgres-676cc4986c-6s5kh,42b5b5b1-da74-46d8-bf66-d12e14fa3676,postgres,Running,True,1,1,0,"{""postgres"": 0}","{""postgres"": ""running""}",1,1,1,desktop-control-plane,True,"{""desktop-control-plane"": true}"
2026-09-20T23:30:35.349Z,prometheus-59f5cf7468-fksrh,de98abcd-712d-4d81-8fb2-59b3011304c6,prometheus,Running,True,1,1,0,"{""prometheus"": 0}","{""prometheus"": ""running""}",1,1,1,desktop-control-plane,True,"{""desktop-control-plane"": true}"
2026-09-20T23:30:35.349Z,rabbitmq-5cdf8f76b7-kdf8p,f02b29f9-8329-460a-9c69-31b755066885,rabbitmq,Running,True,1,1,0,"{""rabbitmq"": 0}","{""rabbitmq"": ""running""}",1,1,1,desktop-control-plane,True,"{""desktop-control-plane"": true}"
2026-09-20T23:30:35.349Z,worker-5799d849c5-66d8m,8d0e460a-5d59-44a2-9b1b-ce0d6f27aa11,worker,Running,True,1,1,0,"{""worker"": 0}","{""worker"": ""running""}",1,1,1,desktop-control-plane,True,"{""desktop-control-plane"": true}"
2026-09-20T23:30:40.350Z,api-5974b5bb7-lqxg5,b7340985-75b6-4ee6-94ae-219edb88b3cb,api,Running,True,1,1,0,"{""api"": 0}","{""api"": ""running""}",1,1,1,desktop-control-plane,True,"{""desktop-control-plane"": true}"
2026-09-20T23:30:40.350Z,flash-sale-image-loader,d97aac4b-6036-49d3-84fa-1eb65b06be9d,,Succeeded,False,0,1,0,"{""flash-sale-image-loader"": 0}","{""flash-sale-image-loader"": ""terminated""}",1,1,1,desktop-control-plane,True,"{""desktop-control-plane"": true}"
2026-09-20T23:30:40.350Z,gateway-d5b8cd646-k2t2j,73e11660-27e2-4f01-af00-a676bdd92091,gateway,Running,True,1,1,0,"{""gateway"": 0}","{""gateway"": ""running""}",1,1,1,desktop-control-plane,True,"{""desktop-control-plane"": true}"
2026-09-20T23:30:40.350Z,jaeger-7cc9b664cc-dkxmr,5f30629b-2b5b-4fec-9f8e-dd3583fe5c69,jaeger,Running,True,1,1,0,"{""jaeger"": 0}","{""jaeger"": ""running""}",1,1,1,desktop-control-plane,True,"{""desktop-control-plane"": true}"
2026-09-20T23:30:40.350Z,otel-collector-7c765745bf-hnzqr,5640ea7c-d391-4d91-a081-fdee2e1b37db,otel-collector,Running,True,1,1,0,"{""otel-collector"": 0}","{""otel-collector"": ""running""}",1,1,1,desktop-control-plane,True,"{""desktop-control-plane"": true}"
2026-09-20T23:30:40.350Z,postgres-676cc4986c-6s5kh,42b5b5b1-da74-46d8-bf66-d12e14fa3676,postgres,Running,True,1,1,0,"{""postgres"": 0}","{""postgres"": ""running""}",1,1,1,desktop-control-plane,True,"{""desktop-control-plane"": true}"
2026-09-20T23:30:40.350Z,prometheus-59f5cf7468-fksrh,de98abcd-712d-4d81-8fb2-59b3011304c6,prometheus,Running,True,1,1,0,"{""prometheus"": 0}","{""prometheus"": ""running""}",1,1,1,desktop-control-plane,True,"{""desktop-control-plane"": true}"
2026-09-20T23:30:40.350Z,rabbitmq-5cdf8f76b7-kdf8p,f02b29f9-8329-460a-9c69-31b755066885,rabbitmq,Running,True,1,1,0,"{""rabbitmq"": 0}","{""rabbitmq"": ""running""}",1,1,1,desktop-control-plane,True,"{""desktop-control-plane"": true}"
2026-09-20T23:30:40.350Z,worker-5799d849c5-66d8m,8d0e460a-5d59-44a2-9b1b-ce0d6f27aa11,worker,Running,True,1,1,0,"{""worker"": 0}","{""worker"": ""running""}",1,1,1,desktop-control-plane,True,"{""desktop-control-plane"": true}"
2026-09-20T23:30:45.350Z,api-5974b5bb7-lqxg5,b7340985-75b6-4ee6-94ae-219edb88b3cb,api,Running,True,1,1,0,"{""api"": 0}","{""api"": ""running""}",1,1,1,desktop-control-plane,True,"{""desktop-control-plane"": true}"
2026-09-20T23:30:45.350Z,flash-sale-image-loader,d97aac4b-6036-49d3-84fa-1eb65b06be9d,,Succeeded,False,0,1,0,"{""flash-sale-image-loader"": 0}","{""flash-sale-image-loader"": ""terminated""}",1,1,1,desktop-control-plane,True,"{""desktop-control-plane"": true}"
2026-09-20T23:30:45.350Z,gateway-d5b8cd646-k2t2j,73e11660-27e2-4f01-af00-a676bdd92091,gateway,Running,True,1,1,0,"{""gateway"": 0}","{""gateway"": ""running""}",1,1,1,desktop-control-plane,True,"{""desktop-control-plane"": true}"
2026-09-20T23:30:45.350Z,jaeger-7cc9b664cc-dkxmr,5f30629b-2b5b-4fec-9f8e-dd3583fe5c69,jaeger,Running,True,1,1,0,"{""jaeger"": 0}","{""jaeger"": ""running""}",1,1,1,desktop-control-plane,True,"{""desktop-control-plane"": true}"
2026-09-20T23:30:45.350Z,otel-collector-7c765745bf-hnzqr,5640ea7c-d391-4d91-a081-fdee2e1b37db,otel-collector,Running,True,1,1,0,"{""otel-collector"": 0}","{""otel-collector"": ""running""}",1,1,1,desktop-control-plane,True,"{""desktop-control-plane"": true}"
2026-09-20T23:30:45.350Z,postgres-676cc4986c-6s5kh,42b5b5b1-da74-46d8-bf66-d12e14fa3676,postgres,Running,True,1,1,0,"{""postgres"": 0}","{""postgres"": ""running""}",1,1,1,desktop-control-plane,True,"{""desktop-control-plane"": true}"
2026-09-20T23:30:45.350Z,prometheus-59f5cf7468-fksrh,de98abcd-712d-4d81-8fb2-59b3011304c6,prometheus,Running,True,1,1,0,"{""prometheus"": 0}","{""prometheus"": ""running""}",1,1,1,desktop-control-plane,True,"{""desktop-control-plane"": true}"
2026-09-20T23:30:45.350Z,rabbitmq-5cdf8f76b7-kdf8p,f02b29f9-8329-460a-9c69-31b755066885,rabbitmq,Running,True,1,1,0,"{""rabbitmq"": 0}","{""rabbitmq"": ""running""}",1,1,1,desktop-control-plane,True,"{""desktop-control-plane"": true}"
2026-09-20T23:30:45.350Z,worker-5799d849c5-66d8m,8d0e460a-5d59-44a2-9b1b-ce0d6f27aa11,worker,Running,True,1,1,0,"{""worker"": 0}","{""worker"": ""running""}",1,1,1,desktop-control-plane,True,"{""desktop-control-plane"": true}"
2026-09-20T23:30:50.350Z,api-5974b5bb7-lqxg5,b7340985-75b6-4ee6-94ae-219edb88b3cb,api,Running,True,1,1,0,"{""api"": 0}","{""api"": ""running""}",1,1,1,desktop-control-plane,True,"{""desktop-control-plane"": true}"
2026-09-20T23:30:50.350Z,flash-sale-image-loader,d97aac4b-6036-49d3-84fa-1eb65b06be9d,,Succeeded,False,0,1,0,"{""flash-sale-image-loader"": 0}","{""flash-sale-image-loader"": ""terminated""}",1,1,1,desktop-control-plane,True,"{""desktop-control-plane"": true}"
2026-09-20T23:30:50.350Z,gateway-d5b8cd646-k2t2j,73e11660-27e2-4f01-af00-a676bdd92091,gateway,Running,True,1,1,0,"{""gateway"": 0}","{""gateway"": ""running""}",1,1,1,desktop-control-plane,True,"{""desktop-control-plane"": true}"
2026-09-20T23:30:50.350Z,jaeger-7cc9b664cc-dkxmr,5f30629b-2b5b-4fec-9f8e-dd3583fe5c69,jaeger,Running,True,1,1,0,"{""jaeger"": 0}","{""jaeger"": ""running""}",1,1,1,desktop-control-plane,True,"{""desktop-control-plane"": true}"
2026-09-20T23:30:50.350Z,otel-collector-7c765745bf-hnzqr,5640ea7c-d391-4d91-a081-fdee2e1b37db,otel-collector,Running,True,1,1,0,"{""otel-collector"": 0}","{""otel-collector"": ""running""}",1,1,1,desktop-control-plane,True,"{""desktop-control-plane"": true}"
2026-09-20T23:30:50.350Z,postgres-676cc4986c-6s5kh,42b5b5b1-da74-46d8-bf66-d12e14fa3676,postgres,Running,True,1,1,0,"{""postgres"": 0}","{""postgres"": ""running""}",1,1,1,desktop-control-plane,True,"{""desktop-control-plane"": true}"
2026-09-20T23:30:50.350Z,prometheus-59f5cf7468-fksrh,de98abcd-712d-4d81-8fb2-59b3011304c6,prometheus,Running,True,1,1,0,"{""prometheus"": 0}","{""prometheus"": ""running""}",1,1,1,desktop-control-plane,True,"{""desktop-control-plane"": true}"
2026-09-20T23:30:50.350Z,rabbitmq-5cdf8f76b7-kdf8p,f02b29f9-8329-460a-9c69-31b755066885,rabbitmq,Running,True,1,1,0,"{""rabbitmq"": 0}","{""rabbitmq"": ""running""}",1,1,1,desktop-control-plane,True,"{""desktop-control-plane"": true}"
2026-09-20T23:30:50.350Z,worker-5799d849c5-66d8m,8d0e460a-5d59-44a2-9b1b-ce0d6f27aa11,worker,Running,True,1,1,0,"{""worker"": 0}","{""worker"": ""running""}",1,1,1,desktop-control-plane,True,"{""desktop-control-plane"": true}"
2026-09-20T23:30:55.350Z,api-5974b5bb7-lqxg5,b7340985-75b6-4ee6-94ae-219edb88b3cb,api,Running,True,1,1,0,"{""api"": 0}","{""api"": ""running""}",1,1,1,desktop-control-plane,True,"{""desktop-control-plane"": true}"
2026-09-20T23:30:55.350Z,flash-sale-image-loader,d97aac4b-6036-49d3-84fa-1eb65b06be9d,,Succeeded,False,0,1,0,"{""flash-sale-image-loader"": 0}","{""flash-sale-image-loader"": ""terminated""}",1,1,1,desktop-control-plane,True,"{""desktop-control-plane"": true}"
2026-09-20T23:30:55.350Z,gateway-d5b8cd646-k2t2j,73e11660-27e2-4f01-af00-a676bdd92091,gateway,Running,True,1,1,0,"{""gateway"": 0}","{""gateway"": ""running""}",1,1,1,desktop-control-plane,True,"{""desktop-control-plane"": true}"
2026-09-20T23:30:55.350Z,jaeger-7cc9b664cc-dkxmr,5f30629b-2b5b-4fec-9f8e-dd3583fe5c69,jaeger,Running,True,1,1,0,"{""jaeger"": 0}","{""jaeger"": ""running""}",1,1,1,desktop-control-plane,True,"{""desktop-control-plane"": true}"
2026-09-20T23:30:55.350Z,otel-collector-7c765745bf-hnzqr,5640ea7c-d391-4d91-a081-fdee2e1b37db,otel-collector,Running,True,1,1,0,"{""otel-collector"": 0}","{""otel-collector"": ""running""}",1,1,1,desktop-control-plane,True,"{""desktop-control-plane"": true}"
2026-09-20T23:30:55.350Z,postgres-676cc4986c-6s5kh,42b5b5b1-da74-46d8-bf66-d12e14fa3676,postgres,Running,True,1,1,0,"{""postgres"": 0}","{""postgres"": ""running""}",1,1,1,desktop-control-plane,True,"{""desktop-control-plane"": true}"
2026-09-20T23:30:55.350Z,prometheus-59f5cf7468-fksrh,de98abcd-712d-4d81-8fb2-59b3011304c6,prometheus,Running,True,1,1,0,"{""prometheus"": 0}","{""prometheus"": ""running""}",1,1,1,desktop-control-plane,True,"{""desktop-control-plane"": true}"
2026-09-20T23:30:55.350Z,rabbitmq-5cdf8f76b7-kdf8p,f02b29f9-8329-460a-9c69-31b755066885,rabbitmq,Running,True,1,1,0,"{""rabbitmq"": 0}","{""rabbitmq"": ""running""}",1,1,1,desktop-control-plane,True,"{""desktop-control-plane"": true}"
2026-09-20T23:30:55.350Z,worker-5799d849c5-66d8m,8d0e460a-5d59-44a2-9b1b-ce0d6f27aa11,worker,Running,True,1,1,0,"{""worker"": 0}","{""worker"": ""running""}",1,1,1,desktop-control-plane,True,"{""desktop-control-plane"": true}"
2026-09-20T23:31:00.351Z,api-5974b5bb7-lqxg5,b7340985-75b6-4ee6-94ae-219edb88b3cb,api,Running,True,1,1,0,"{""api"": 0}","{""api"": ""running""}",1,1,1,desktop-control-plane,True,"{""desktop-control-plane"": true}"
2026-09-20T23:31:00.351Z,flash-sale-image-loader,d97aac4b-6036-49d3-84fa-1eb65b06be9d,,Succeeded,False,0,1,0,"{""flash-sale-image-loader"": 0}","{""flash-sale-image-loader"": ""terminated""}",1,1,1,desktop-control-plane,True,"{""desktop-control-plane"": true}"
2026-09-20T23:31:00.351Z,gateway-d5b8cd646-k2t2j,73e11660-27e2-4f01-af00-a676bdd92091,gateway,Running,True,1,1,0,"{""gateway"": 0}","{""gateway"": ""running""}",1,1,1,desktop-control-plane,True,"{""desktop-control-plane"": true}"
2026-09-20T23:31:00.351Z,jaeger-7cc9b664cc-dkxmr,5f30629b-2b5b-4fec-9f8e-dd3583fe5c69,jaeger,Running,True,1,1,0,"{""jaeger"": 0}","{""jaeger"": ""running""}",1,1,1,desktop-control-plane,True,"{""desktop-control-plane"": true}"
2026-09-20T23:31:00.351Z,otel-collector-7c765745bf-hnzqr,5640ea7c-d391-4d91-a081-fdee2e1b37db,otel-collector,Running,True,1,1,0,"{""otel-collector"": 0}","{""otel-collector"": ""running""}",1,1,1,desktop-control-plane,True,"{""desktop-control-plane"": true}"
2026-09-20T23:31:00.351Z,postgres-676cc4986c-6s5kh,42b5b5b1-da74-46d8-bf66-d12e14fa3676,postgres,Running,True,1,1,0,"{""postgres"": 0}","{""postgres"": ""running""}",1,1,1,desktop-control-plane,True,"{""desktop-control-plane"": true}"
2026-09-20T23:31:00.351Z,prometheus-59f5cf7468-fksrh,de98abcd-712d-4d81-8fb2-59b3011304c6,prometheus,Running,True,1,1,0,"{""prometheus"": 0}","{""prometheus"": ""running""}",1,1,1,desktop-control-plane,True,"{""desktop-control-plane"": true}"
2026-09-20T23:31:00.351Z,rabbitmq-5cdf8f76b7-kdf8p,f02b29f9-8329-460a-9c69-31b755066885,rabbitmq,Running,True,1,1,0,"{""rabbitmq"": 0}","{""rabbitmq"": ""running""}",1,1,1,desktop-control-plane,True,"{""desktop-control-plane"": true}"
2026-09-20T23:31:00.351Z,worker-5799d849c5-66d8m,8d0e460a-5d59-44a2-9b1b-ce0d6f27aa11,worker,Running,True,1,1,0,"{""worker"": 0}","{""worker"": ""running""}",1,1,1,desktop-control-plane,True,"{""desktop-control-plane"": true}"
2026-09-20T23:31:05.351Z,api-5974b5bb7-lqxg5,b7340985-75b6-4ee6-94ae-219edb88b3cb,api,Running,True,1,1,0,"{""api"": 0}","{""api"": ""running""}",1,1,1,desktop-control-plane,True,"{""desktop-control-plane"": true}"
2026-09-20T23:31:05.351Z,flash-sale-image-loader,d97aac4b-6036-49d3-84fa-1eb65b06be9d,,Succeeded,False,0,1,0,"{""flash-sale-image-loader"": 0}","{""flash-sale-image-loader"": ""terminated""}",1,1,1,desktop-control-plane,True,"{""desktop-control-plane"": true}"
2026-09-20T23:31:05.351Z,gateway-d5b8cd646-k2t2j,73e11660-27e2-4f01-af00-a676bdd92091,gateway,Running,True,1,1,0,"{""gateway"": 0}","{""gateway"": ""running""}",1,1,1,desktop-control-plane,True,"{""desktop-control-plane"": true}"
2026-09-20T23:31:05.351Z,jaeger-7cc9b664cc-dkxmr,5f30629b-2b5b-4fec-9f8e-dd3583fe5c69,jaeger,Running,True,1,1,0,"{""jaeger"": 0}","{""jaeger"": ""running""}",1,1,1,desktop-control-plane,True,"{""desktop-control-plane"": true}"
2026-09-20T23:31:05.351Z,otel-collector-7c765745bf-hnzqr,5640ea7c-d391-4d91-a081-fdee2e1b37db,otel-collector,Running,True,1,1,0,"{""otel-collector"": 0}","{""otel-collector"": ""running""}",1,1,1,desktop-control-plane,True,"{""desktop-control-plane"": true}"
2026-09-20T23:31:05.351Z,postgres-676cc4986c-6s5kh,42b5b5b1-da74-46d8-bf66-d12e14fa3676,postgres,Running,True,1,1,0,"{""postgres"": 0}","{""postgres"": ""running""}",1,1,1,desktop-control-plane,True,"{""desktop-control-plane"": true}"
2026-09-20T23:31:05.351Z,prometheus-59f5cf7468-fksrh,de98abcd-712d-4d81-8fb2-59b3011304c6,prometheus,Running,True,1,1,0,"{""prometheus"": 0}","{""prometheus"": ""running""}",1,1,1,desktop-control-plane,True,"{""desktop-control-plane"": true}"
2026-09-20T23:31:05.351Z,rabbitmq-5cdf8f76b7-kdf8p,f02b29f9-8329-460a-9c69-31b755066885,rabbitmq,Running,True,1,1,0,"{""rabbitmq"": 0}","{""rabbitmq"": ""running""}",1,1,1,desktop-control-plane,True,"{""desktop-control-plane"": true}"
2026-09-20T23:31:05.351Z,worker-5799d849c5-66d8m,8d0e460a-5d59-44a2-9b1b-ce0d6f27aa11,worker,Running,True,1,1,0,"{""worker"": 0}","{""worker"": ""running""}",1,1,1,desktop-control-plane,True,"{""desktop-control-plane"": true}"
2026-09-20T23:31:10.351Z,api-5974b5bb7-lqxg5,b7340985-75b6-4ee6-94ae-219edb88b3cb,api,Running,True,1,1,0,"{""api"": 0}","{""api"": ""running""}",1,1,1,desktop-control-plane,True,"{""desktop-control-plane"": true}"
2026-09-20T23:31:10.351Z,flash-sale-image-loader,d97aac4b-6036-49d3-84fa-1eb65b06be9d,,Succeeded,False,0,1,0,"{""flash-sale-image-loader"": 0}","{""flash-sale-image-loader"": ""terminated""}",1,1,1,desktop-control-plane,True,"{""desktop-control-plane"": true}"
2026-09-20T23:31:10.351Z,gateway-d5b8cd646-k2t2j,73e11660-27e2-4f01-af00-a676bdd92091,gateway,Running,True,1,1,0,"{""gateway"": 0}","{""gateway"": ""running""}",1,1,1,desktop-control-plane,True,"{""desktop-control-plane"": true}"
2026-09-20T23:31:10.351Z,jaeger-7cc9b664cc-dkxmr,5f30629b-2b5b-4fec-9f8e-dd3583fe5c69,jaeger,Running,True,1,1,0,"{""jaeger"": 0}","{""jaeger"": ""running""}",1,1,1,desktop-control-plane,True,"{""desktop-control-plane"": true}"
2026-09-20T23:31:10.351Z,otel-collector-7c765745bf-hnzqr,5640ea7c-d391-4d91-a081-fdee2e1b37db,otel-collector,Running,True,1,1,0,"{""otel-collector"": 0}","{""otel-collector"": ""running""}",1,1,1,desktop-control-plane,True,"{""desktop-control-plane"": true}"
2026-09-20T23:31:10.351Z,postgres-676cc4986c-6s5kh,42b5b5b1-da74-46d8-bf66-d12e14fa3676,postgres,Running,True,1,1,0,"{""postgres"": 0}","{""postgres"": ""running""}",1,1,1,desktop-control-plane,True,"{""desktop-control-plane"": true}"
2026-09-20T23:31:10.351Z,prometheus-59f5cf7468-fksrh,de98abcd-712d-4d81-8fb2-59b3011304c6,prometheus,Running,True,1,1,0,"{""prometheus"": 0}","{""prometheus"": ""running""}",1,1,1,desktop-control-plane,True,"{""desktop-control-plane"": true}"
2026-09-20T23:31:10.351Z,rabbitmq-5cdf8f76b7-kdf8p,f02b29f9-8329-460a-9c69-31b755066885,rabbitmq,Running,True,1,1,0,"{""rabbitmq"": 0}","{""rabbitmq"": ""running""}",1,1,1,desktop-control-plane,True,"{""desktop-control-plane"": true}"
2026-09-20T23:31:10.351Z,worker-5799d849c5-66d8m,8d0e460a-5d59-44a2-9b1b-ce0d6f27aa11,worker,Running,True,1,1,0,"{""worker"": 0}","{""worker"": ""running""}",1,1,1,desktop-control-plane,True,"{""desktop-control-plane"": true}"
2026-09-20T23:31:15.352Z,api-5974b5bb7-lqxg5,b7340985-75b6-4ee6-94ae-219edb88b3cb,api,Running,True,1,1,0,"{""api"": 0}","{""api"": ""running""}",1,1,1,desktop-control-plane,True,"{""desktop-control-plane"": true}"
2026-09-20T23:31:15.352Z,flash-sale-image-loader,d97aac4b-6036-49d3-84fa-1eb65b06be9d,,Succeeded,False,0,1,0,"{""flash-sale-image-loader"": 0}","{""flash-sale-image-loader"": ""terminated""}",1,1,1,desktop-control-plane,True,"{""desktop-control-plane"": true}"
2026-09-20T23:31:15.352Z,gateway-d5b8cd646-k2t2j,73e11660-27e2-4f01-af00-a676bdd92091,gateway,Running,True,1,1,0,"{""gateway"": 0}","{""gateway"": ""running""}",1,1,1,desktop-control-plane,True,"{""desktop-control-plane"": true}"
2026-09-20T23:31:15.352Z,jaeger-7cc9b664cc-dkxmr,5f30629b-2b5b-4fec-9f8e-dd3583fe5c69,jaeger,Running,True,1,1,0,"{""jaeger"": 0}","{""jaeger"": ""running""}",1,1,1,desktop-control-plane,True,"{""desktop-control-plane"": true}"
2026-09-20T23:31:15.352Z,k6-c3-exploratory-001-9ls4d,7762c7d5-aafc-43f9-bf52-b3a0620fcc4c,k6,Running,True,1,1,0,"{""k6"": 0}","{""k6"": ""running""}",1,1,1,desktop-control-plane,True,"{""desktop-control-plane"": true}"
2026-09-20T23:31:15.352Z,otel-collector-7c765745bf-hnzqr,5640ea7c-d391-4d91-a081-fdee2e1b37db,otel-collector,Running,True,1,1,0,"{""otel-collector"": 0}","{""otel-collector"": ""running""}",1,1,1,desktop-control-plane,True,"{""desktop-control-plane"": true}"
2026-09-20T23:31:15.352Z,postgres-676cc4986c-6s5kh,42b5b5b1-da74-46d8-bf66-d12e14fa3676,postgres,Running,True,1,1,0,"{""postgres"": 0}","{""postgres"": ""running""}",1,1,1,desktop-control-plane,True,"{""desktop-control-plane"": true}"
2026-09-20T23:31:15.352Z,prometheus-59f5cf7468-fksrh,de98abcd-712d-4d81-8fb2-59b3011304c6,prometheus,Running,True,1,1,0,"{""prometheus"": 0}","{""prometheus"": ""running""}",1,1,1,desktop-control-plane,True,"{""desktop-control-plane"": true}"
2026-09-20T23:31:15.352Z,rabbitmq-5cdf8f76b7-kdf8p,f02b29f9-8329-460a-9c69-31b755066885,rabbitmq,Running,True,1,1,0,"{""rabbitmq"": 0}","{""rabbitmq"": ""running""}",1,1,1,desktop-control-plane,True,"{""desktop-control-plane"": true}"
2026-09-20T23:31:15.352Z,worker-5799d849c5-66d8m,8d0e460a-5d59-44a2-9b1b-ce0d6f27aa11,worker,Running,True,1,1,0,"{""worker"": 0}","{""worker"": ""running""}",1,1,1,desktop-control-plane,True,"{""desktop-control-plane"": true}"
2026-09-20T23:31:20.352Z,api-5974b5bb7-lqxg5,b7340985-75b6-4ee6-94ae-219edb88b3cb,api,Running,True,1,1,0,"{""api"": 0}","{""api"": ""running""}",1,1,1,desktop-control-plane,True,"{""desktop-control-plane"": true}"
2026-09-20T23:31:20.352Z,flash-sale-image-loader,d97aac4b-6036-49d3-84fa-1eb65b06be9d,,Succeeded,False,0,1,0,"{""flash-sale-image-loader"": 0}","{""flash-sale-image-loader"": ""terminated""}",1,1,1,desktop-control-plane,True,"{""desktop-control-plane"": true}"
2026-09-20T23:31:20.352Z,gateway-d5b8cd646-k2t2j,73e11660-27e2-4f01-af00-a676bdd92091,gateway,Running,True,1,1,0,"{""gateway"": 0}","{""gateway"": ""running""}",1,1,1,desktop-control-plane,True,"{""desktop-control-plane"": true}"
2026-09-20T23:31:20.352Z,jaeger-7cc9b664cc-dkxmr,5f30629b-2b5b-4fec-9f8e-dd3583fe5c69,jaeger,Running,True,1,1,0,"{""jaeger"": 0}","{""jaeger"": ""running""}",1,1,1,desktop-control-plane,True,"{""desktop-control-plane"": true}"
2026-09-20T23:31:20.352Z,k6-c3-exploratory-001-9ls4d,7762c7d5-aafc-43f9-bf52-b3a0620fcc4c,k6,Running,True,1,1,0,"{""k6"": 0}","{""k6"": ""running""}",1,1,1,desktop-control-plane,True,"{""desktop-control-plane"": true}"
2026-09-20T23:31:20.352Z,otel-collector-7c765745bf-hnzqr,5640ea7c-d391-4d91-a081-fdee2e1b37db,otel-collector,Running,True,1,1,0,"{""otel-collector"": 0}","{""otel-collector"": ""running""}",1,1,1,desktop-control-plane,True,"{""desktop-control-plane"": true}"
2026-09-20T23:31:20.352Z,postgres-676cc4986c-6s5kh,42b5b5b1-da74-46d8-bf66-d12e14fa3676,postgres,Running,True,1,1,0,"{""postgres"": 0}","{""postgres"": ""running""}",1,1,1,desktop-control-plane,True,"{""desktop-control-plane"": true}"
2026-09-20T23:31:20.352Z,prometheus-59f5cf7468-fksrh,de98abcd-712d-4d81-8fb2-59b3011304c6,prometheus,Running,True,1,1,0,"{""prometheus"": 0}","{""prometheus"": ""running""}",1,1,1,desktop-control-plane,True,"{""desktop-control-plane"": true}"
2026-09-20T23:31:20.352Z,rabbitmq-5cdf8f76b7-kdf8p,f02b29f9-8329-460a-9c69-31b755066885,rabbitmq,Running,True,1,1,0,"{""rabbitmq"": 0}","{""rabbitmq"": ""running""}",1,1,1,desktop-control-plane,True,"{""desktop-control-plane"": true}"
2026-09-20T23:31:20.352Z,worker-5799d849c5-66d8m,8d0e460a-5d59-44a2-9b1b-ce0d6f27aa11,worker,Running,True,1,1,0,"{""worker"": 0}","{""worker"": ""running""}",1,1,1,desktop-control-plane,True,"{""desktop-control-plane"": true}"
2026-09-20T23:31:25.352Z,api-5974b5bb7-lqxg5,b7340985-75b6-4ee6-94ae-219edb88b3cb,api,Running,True,1,1,0,"{""api"": 0}","{""api"": ""running""}",1,1,1,desktop-control-plane,True,"{""desktop-control-plane"": true}"
2026-09-20T23:31:25.352Z,flash-sale-image-loader,d97aac4b-6036-49d3-84fa-1eb65b06be9d,,Succeeded,False,0,1,0,"{""flash-sale-image-loader"": 0}","{""flash-sale-image-loader"": ""terminated""}",1,1,1,desktop-control-plane,True,"{""desktop-control-plane"": true}"
2026-09-20T23:31:25.352Z,gateway-d5b8cd646-k2t2j,73e11660-27e2-4f01-af00-a676bdd92091,gateway,Running,True,1,1,0,"{""gateway"": 0}","{""gateway"": ""running""}",1,1,1,desktop-control-plane,True,"{""desktop-control-plane"": true}"
2026-09-20T23:31:25.352Z,jaeger-7cc9b664cc-dkxmr,5f30629b-2b5b-4fec-9f8e-dd3583fe5c69,jaeger,Running,True,1,1,0,"{""jaeger"": 0}","{""jaeger"": ""running""}",1,1,1,desktop-control-plane,True,"{""desktop-control-plane"": true}"
2026-09-20T23:31:25.352Z,k6-c3-exploratory-001-9ls4d,7762c7d5-aafc-43f9-bf52-b3a0620fcc4c,k6,Running,True,1,1,0,"{""k6"": 0}","{""k6"": ""running""}",1,1,1,desktop-control-plane,True,"{""desktop-control-plane"": true}"
2026-09-20T23:31:25.352Z,otel-collector-7c765745bf-hnzqr,5640ea7c-d391-4d91-a081-fdee2e1b37db,otel-collector,Running,True,1,1,0,"{""otel-collector"": 0}","{""otel-collector"": ""running""}",1,1,1,desktop-control-plane,True,"{""desktop-control-plane"": true}"
2026-09-20T23:31:25.352Z,postgres-676cc4986c-6s5kh,42b5b5b1-da74-46d8-bf66-d12e14fa3676,postgres,Running,True,1,1,0,"{""postgres"": 0}","{""postgres"": ""running""}",1,1,1,desktop-control-plane,True,"{""desktop-control-plane"": true}"
2026-09-20T23:31:25.352Z,prometheus-59f5cf7468-fksrh,de98abcd-712d-4d81-8fb2-59b3011304c6,prometheus,Running,True,1,1,0,"{""prometheus"": 0}","{""prometheus"": ""running""}",1,1,1,desktop-control-plane,True,"{""desktop-control-plane"": true}"
2026-09-20T23:31:25.352Z,rabbitmq-5cdf8f76b7-kdf8p,f02b29f9-8329-460a-9c69-31b755066885,rabbitmq,Running,True,1,1,0,"{""rabbitmq"": 0}","{""rabbitmq"": ""running""}",1,1,1,desktop-control-plane,True,"{""desktop-control-plane"": true}"
2026-09-20T23:31:25.352Z,worker-5799d849c5-66d8m,8d0e460a-5d59-44a2-9b1b-ce0d6f27aa11,worker,Running,True,1,1,0,"{""worker"": 0}","{""worker"": ""running""}",1,1,1,desktop-control-plane,True,"{""desktop-control-plane"": true}"
2026-09-20T23:31:30.353Z,api-5974b5bb7-lqxg5,b7340985-75b6-4ee6-94ae-219edb88b3cb,api,Running,True,1,1,0,"{""api"": 0}","{""api"": ""running""}",1,1,1,desktop-control-plane,True,"{""desktop-control-plane"": true}"
2026-09-20T23:31:30.353Z,flash-sale-image-loader,d97aac4b-6036-49d3-84fa-1eb65b06be9d,,Succeeded,False,0,1,0,"{""flash-sale-image-loader"": 0}","{""flash-sale-image-loader"": ""terminated""}",1,1,1,desktop-control-plane,True,"{""desktop-control-plane"": true}"
2026-09-20T23:31:30.353Z,gateway-d5b8cd646-k2t2j,73e11660-27e2-4f01-af00-a676bdd92091,gateway,Running,True,1,1,0,"{""gateway"": 0}","{""gateway"": ""running""}",1,1,1,desktop-control-plane,True,"{""desktop-control-plane"": true}"
2026-09-20T23:31:30.353Z,jaeger-7cc9b664cc-dkxmr,5f30629b-2b5b-4fec-9f8e-dd3583fe5c69,jaeger,Running,True,1,1,0,"{""jaeger"": 0}","{""jaeger"": ""running""}",1,1,1,desktop-control-plane,True,"{""desktop-control-plane"": true}"
2026-09-20T23:31:30.353Z,k6-c3-exploratory-001-9ls4d,7762c7d5-aafc-43f9-bf52-b3a0620fcc4c,k6,Running,True,1,1,0,"{""k6"": 0}","{""k6"": ""running""}",1,1,1,desktop-control-plane,True,"{""desktop-control-plane"": true}"
2026-09-20T23:31:30.353Z,otel-collector-7c765745bf-hnzqr,5640ea7c-d391-4d91-a081-fdee2e1b37db,otel-collector,Running,True,1,1,0,"{""otel-collector"": 0}","{""otel-collector"": ""running""}",1,1,1,desktop-control-plane,True,"{""desktop-control-plane"": true}"
2026-09-20T23:31:30.353Z,postgres-676cc4986c-6s5kh,42b5b5b1-da74-46d8-bf66-d12e14fa3676,postgres,Running,True,1,1,0,"{""postgres"": 0}","{""postgres"": ""running""}",1,1,1,desktop-control-plane,True,"{""desktop-control-plane"": true}"
2026-09-20T23:31:30.353Z,prometheus-59f5cf7468-fksrh,de98abcd-712d-4d81-8fb2-59b3011304c6,prometheus,Running,True,1,1,0,"{""prometheus"": 0}","{""prometheus"": ""running""}",1,1,1,desktop-control-plane,True,"{""desktop-control-plane"": true}"
2026-09-20T23:31:30.353Z,rabbitmq-5cdf8f76b7-kdf8p,f02b29f9-8329-460a-9c69-31b755066885,rabbitmq,Running,True,1,1,0,"{""rabbitmq"": 0}","{""rabbitmq"": ""running""}",1,1,1,desktop-control-plane,True,"{""desktop-control-plane"": true}"
2026-09-20T23:31:30.353Z,worker-5799d849c5-66d8m,8d0e460a-5d59-44a2-9b1b-ce0d6f27aa11,worker,Running,True,1,1,0,"{""worker"": 0}","{""worker"": ""running""}",1,1,1,desktop-control-plane,True,"{""desktop-control-plane"": true}"
2026-09-20T23:31:35.353Z,api-5974b5bb7-lqxg5,b7340985-75b6-4ee6-94ae-219edb88b3cb,api,Running,True,1,1,0,"{""api"": 0}","{""api"": ""running""}",1,1,1,desktop-control-plane,True,"{""desktop-control-plane"": true}"
2026-09-20T23:31:35.353Z,flash-sale-image-loader,d97aac4b-6036-49d3-84fa-1eb65b06be9d,,Succeeded,False,0,1,0,"{""flash-sale-image-loader"": 0}","{""flash-sale-image-loader"": ""terminated""}",1,1,1,desktop-control-plane,True,"{""desktop-control-plane"": true}"
2026-09-20T23:31:35.353Z,gateway-d5b8cd646-k2t2j,73e11660-27e2-4f01-af00-a676bdd92091,gateway,Running,True,1,1,0,"{""gateway"": 0}","{""gateway"": ""running""}",1,1,1,desktop-control-plane,True,"{""desktop-control-plane"": true}"
2026-09-20T23:31:35.353Z,jaeger-7cc9b664cc-dkxmr,5f30629b-2b5b-4fec-9f8e-dd3583fe5c69,jaeger,Running,True,1,1,0,"{""jaeger"": 0}","{""jaeger"": ""running""}",1,1,1,desktop-control-plane,True,"{""desktop-control-plane"": true}"
2026-09-20T23:31:35.353Z,k6-c3-exploratory-001-9ls4d,7762c7d5-aafc-43f9-bf52-b3a0620fcc4c,k6,Running,True,1,1,0,"{""k6"": 0}","{""k6"": ""running""}",1,1,1,desktop-control-plane,True,"{""desktop-control-plane"": true}"
2026-09-20T23:31:35.353Z,otel-collector-7c765745bf-hnzqr,5640ea7c-d391-4d91-a081-fdee2e1b37db,otel-collector,Running,True,1,1,0,"{""otel-collector"": 0}","{""otel-collector"": ""running""}",1,1,1,desktop-control-plane,True,"{""desktop-control-plane"": true}"
2026-09-20T23:31:35.353Z,postgres-676cc4986c-6s5kh,42b5b5b1-da74-46d8-bf66-d12e14fa3676,postgres,Running,True,1,1,0,"{""postgres"": 0}","{""postgres"": ""running""}",1,1,1,desktop-control-plane,True,"{""desktop-control-plane"": true}"
2026-09-20T23:31:35.353Z,prometheus-59f5cf7468-fksrh,de98abcd-712d-4d81-8fb2-59b3011304c6,prometheus,Running,True,1,1,0,"{""prometheus"": 0}","{""prometheus"": ""running""}",1,1,1,desktop-control-plane,True,"{""desktop-control-plane"": true}"
2026-09-20T23:31:35.353Z,rabbitmq-5cdf8f76b7-kdf8p,f02b29f9-8329-460a-9c69-31b755066885,rabbitmq,Running,True,1,1,0,"{""rabbitmq"": 0}","{""rabbitmq"": ""running""}",1,1,1,desktop-control-plane,True,"{""desktop-control-plane"": true}"
2026-09-20T23:31:35.353Z,worker-5799d849c5-66d8m,8d0e460a-5d59-44a2-9b1b-ce0d6f27aa11,worker,Running,True,1,1,0,"{""worker"": 0}","{""worker"": ""running""}",1,1,1,desktop-control-plane,True,"{""desktop-control-plane"": true}"
2026-09-20T23:31:40.353Z,api-5974b5bb7-lqxg5,b7340985-75b6-4ee6-94ae-219edb88b3cb,api,Running,True,1,1,0,"{""api"": 0}","{""api"": ""running""}",1,1,1,desktop-control-plane,True,"{""desktop-control-plane"": true}"
2026-09-20T23:31:40.353Z,flash-sale-image-loader,d97aac4b-6036-49d3-84fa-1eb65b06be9d,,Succeeded,False,0,1,0,"{""flash-sale-image-loader"": 0}","{""flash-sale-image-loader"": ""terminated""}",1,1,1,desktop-control-plane,True,"{""desktop-control-plane"": true}"
2026-09-20T23:31:40.353Z,gateway-d5b8cd646-k2t2j,73e11660-27e2-4f01-af00-a676bdd92091,gateway,Running,True,1,1,0,"{""gateway"": 0}","{""gateway"": ""running""}",1,1,1,desktop-control-plane,True,"{""desktop-control-plane"": true}"
2026-09-20T23:31:40.353Z,jaeger-7cc9b664cc-dkxmr,5f30629b-2b5b-4fec-9f8e-dd3583fe5c69,jaeger,Running,True,1,1,0,"{""jaeger"": 0}","{""jaeger"": ""running""}",1,1,1,desktop-control-plane,True,"{""desktop-control-plane"": true}"
2026-09-20T23:31:40.353Z,k6-c3-exploratory-001-9ls4d,7762c7d5-aafc-43f9-bf52-b3a0620fcc4c,k6,Running,True,1,1,0,"{""k6"": 0}","{""k6"": ""running""}",1,1,1,desktop-control-plane,True,"{""desktop-control-plane"": true}"
2026-09-20T23:31:40.353Z,otel-collector-7c765745bf-hnzqr,5640ea7c-d391-4d91-a081-fdee2e1b37db,otel-collector,Running,True,1,1,0,"{""otel-collector"": 0}","{""otel-collector"": ""running""}",1,1,1,desktop-control-plane,True,"{""desktop-control-plane"": true}"
2026-09-20T23:31:40.353Z,postgres-676cc4986c-6s5kh,42b5b5b1-da74-46d8-bf66-d12e14fa3676,postgres,Running,True,1,1,0,"{""postgres"": 0}","{""postgres"": ""running""}",1,1,1,desktop-control-plane,True,"{""desktop-control-plane"": true}"
2026-09-20T23:31:40.353Z,prometheus-59f5cf7468-fksrh,de98abcd-712d-4d81-8fb2-59b3011304c6,prometheus,Running,True,1,1,0,"{""prometheus"": 0}","{""prometheus"": ""running""}",1,1,1,desktop-control-plane,True,"{""desktop-control-plane"": true}"
2026-09-20T23:31:40.353Z,rabbitmq-5cdf8f76b7-kdf8p,f02b29f9-8329-460a-9c69-31b755066885,rabbitmq,Running,True,1,1,0,"{""rabbitmq"": 0}","{""rabbitmq"": ""running""}",1,1,1,desktop-control-plane,True,"{""desktop-control-plane"": true}"
2026-09-20T23:31:40.353Z,worker-5799d849c5-66d8m,8d0e460a-5d59-44a2-9b1b-ce0d6f27aa11,worker,Running,True,1,1,0,"{""worker"": 0}","{""worker"": ""running""}",1,1,1,desktop-control-plane,True,"{""desktop-control-plane"": true}"
2026-09-20T23:31:45.354Z,api-5974b5bb7-lqxg5,b7340985-75b6-4ee6-94ae-219edb88b3cb,api,Running,True,1,1,0,"{""api"": 0}","{""api"": ""running""}",1,1,1,desktop-control-plane,True,"{""desktop-control-plane"": true}"
2026-09-20T23:31:45.354Z,flash-sale-image-loader,d97aac4b-6036-49d3-84fa-1eb65b06be9d,,Succeeded,False,0,1,0,"{""flash-sale-image-loader"": 0}","{""flash-sale-image-loader"": ""terminated""}",1,1,1,desktop-control-plane,True,"{""desktop-control-plane"": true}"
2026-09-20T23:31:45.354Z,gateway-d5b8cd646-k2t2j,73e11660-27e2-4f01-af00-a676bdd92091,gateway,Running,True,1,1,0,"{""gateway"": 0}","{""gateway"": ""running""}",1,1,1,desktop-control-plane,True,"{""desktop-control-plane"": true}"
2026-09-20T23:31:45.354Z,jaeger-7cc9b664cc-dkxmr,5f30629b-2b5b-4fec-9f8e-dd3583fe5c69,jaeger,Running,True,1,1,0,"{""jaeger"": 0}","{""jaeger"": ""running""}",1,1,1,desktop-control-plane,True,"{""desktop-control-plane"": true}"
2026-09-20T23:31:45.354Z,k6-c3-exploratory-001-9ls4d,7762c7d5-aafc-43f9-bf52-b3a0620fcc4c,k6,Running,True,1,1,0,"{""k6"": 0}","{""k6"": ""running""}",1,1,1,desktop-control-plane,True,"{""desktop-control-plane"": true}"
2026-09-20T23:31:45.354Z,otel-collector-7c765745bf-hnzqr,5640ea7c-d391-4d91-a081-fdee2e1b37db,otel-collector,Running,True,1,1,0,"{""otel-collector"": 0}","{""otel-collector"": ""running""}",1,1,1,desktop-control-plane,True,"{""desktop-control-plane"": true}"
2026-09-20T23:31:45.354Z,postgres-676cc4986c-6s5kh,42b5b5b1-da74-46d8-bf66-d12e14fa3676,postgres,Running,True,1,1,0,"{""postgres"": 0}","{""postgres"": ""running""}",1,1,1,desktop-control-plane,True,"{""desktop-control-plane"": true}"
2026-09-20T23:31:45.354Z,prometheus-59f5cf7468-fksrh,de98abcd-712d-4d81-8fb2-59b3011304c6,prometheus,Running,True,1,1,0,"{""prometheus"": 0}","{""prometheus"": ""running""}",1,1,1,desktop-control-plane,True,"{""desktop-control-plane"": true}"
2026-09-20T23:31:45.354Z,rabbitmq-5cdf8f76b7-kdf8p,f02b29f9-8329-460a-9c69-31b755066885,rabbitmq,Running,True,1,1,0,"{""rabbitmq"": 0}","{""rabbitmq"": ""running""}",1,1,1,desktop-control-plane,True,"{""desktop-control-plane"": true}"
2026-09-20T23:31:45.354Z,worker-5799d849c5-66d8m,8d0e460a-5d59-44a2-9b1b-ce0d6f27aa11,worker,Running,True,1,1,0,"{""worker"": 0}","{""worker"": ""running""}",1,1,1,desktop-control-plane,True,"{""desktop-control-plane"": true}"
2026-09-20T23:31:50.354Z,api-5974b5bb7-lqxg5,b7340985-75b6-4ee6-94ae-219edb88b3cb,api,Running,True,1,1,0,"{""api"": 0}","{""api"": ""running""}",1,1,1,desktop-control-plane,True,"{""desktop-control-plane"": true}"
2026-09-20T23:31:50.354Z,flash-sale-image-loader,d97aac4b-6036-49d3-84fa-1eb65b06be9d,,Succeeded,False,0,1,0,"{""flash-sale-image-loader"": 0}","{""flash-sale-image-loader"": ""terminated""}",1,1,1,desktop-control-plane,True,"{""desktop-control-plane"": true}"
2026-09-20T23:31:50.354Z,gateway-d5b8cd646-k2t2j,73e11660-27e2-4f01-af00-a676bdd92091,gateway,Running,True,1,1,0,"{""gateway"": 0}","{""gateway"": ""running""}",1,1,1,desktop-control-plane,True,"{""desktop-control-plane"": true}"
2026-09-20T23:31:50.354Z,jaeger-7cc9b664cc-dkxmr,5f30629b-2b5b-4fec-9f8e-dd3583fe5c69,jaeger,Running,True,1,1,0,"{""jaeger"": 0}","{""jaeger"": ""running""}",1,1,1,desktop-control-plane,True,"{""desktop-control-plane"": true}"
2026-09-20T23:31:50.354Z,k6-c3-exploratory-001-9ls4d,7762c7d5-aafc-43f9-bf52-b3a0620fcc4c,k6,Running,True,1,1,0,"{""k6"": 0}","{""k6"": ""running""}",1,1,1,desktop-control-plane,True,"{""desktop-control-plane"": true}"
2026-09-20T23:31:50.354Z,otel-collector-7c765745bf-hnzqr,5640ea7c-d391-4d91-a081-fdee2e1b37db,otel-collector,Running,True,1,1,0,"{""otel-collector"": 0}","{""otel-collector"": ""running""}",1,1,1,desktop-control-plane,True,"{""desktop-control-plane"": true}"
2026-09-20T23:31:50.354Z,postgres-676cc4986c-6s5kh,42b5b5b1-da74-46d8-bf66-d12e14fa3676,postgres,Running,True,1,1,0,"{""postgres"": 0}","{""postgres"": ""running""}",1,1,1,desktop-control-plane,True,"{""desktop-control-plane"": true}"
2026-09-20T23:31:50.354Z,prometheus-59f5cf7468-fksrh,de98abcd-712d-4d81-8fb2-59b3011304c6,prometheus,Running,True,1,1,0,"{""prometheus"": 0}","{""prometheus"": ""running""}",1,1,1,desktop-control-plane,True,"{""desktop-control-plane"": true}"
2026-09-20T23:31:50.354Z,rabbitmq-5cdf8f76b7-kdf8p,f02b29f9-8329-460a-9c69-31b755066885,rabbitmq,Running,True,1,1,0,"{""rabbitmq"": 0}","{""rabbitmq"": ""running""}",1,1,1,desktop-control-plane,True,"{""desktop-control-plane"": true}"
2026-09-20T23:31:50.354Z,worker-5799d849c5-66d8m,8d0e460a-5d59-44a2-9b1b-ce0d6f27aa11,worker,Running,True,1,1,0,"{""worker"": 0}","{""worker"": ""running""}",1,1,1,desktop-control-plane,True,"{""desktop-control-plane"": true}"
2026-09-20T23:31:55.354Z,api-5974b5bb7-lqxg5,b7340985-75b6-4ee6-94ae-219edb88b3cb,api,Running,True,1,1,0,"{""api"": 0}","{""api"": ""running""}",1,1,1,desktop-control-plane,True,"{""desktop-control-plane"": true}"
2026-09-20T23:31:55.354Z,flash-sale-image-loader,d97aac4b-6036-49d3-84fa-1eb65b06be9d,,Succeeded,False,0,1,0,"{""flash-sale-image-loader"": 0}","{""flash-sale-image-loader"": ""terminated""}",1,1,1,desktop-control-plane,True,"{""desktop-control-plane"": true}"
2026-09-20T23:31:55.354Z,gateway-d5b8cd646-k2t2j,73e11660-27e2-4f01-af00-a676bdd92091,gateway,Running,True,1,1,0,"{""gateway"": 0}","{""gateway"": ""running""}",1,1,1,desktop-control-plane,True,"{""desktop-control-plane"": true}"
2026-09-20T23:31:55.354Z,jaeger-7cc9b664cc-dkxmr,5f30629b-2b5b-4fec-9f8e-dd3583fe5c69,jaeger,Running,True,1,1,0,"{""jaeger"": 0}","{""jaeger"": ""running""}",1,1,1,desktop-control-plane,True,"{""desktop-control-plane"": true}"
2026-09-20T23:31:55.354Z,k6-c3-exploratory-001-9ls4d,7762c7d5-aafc-43f9-bf52-b3a0620fcc4c,k6,Running,True,1,1,0,"{""k6"": 0}","{""k6"": ""running""}",1,1,1,desktop-control-plane,True,"{""desktop-control-plane"": true}"
2026-09-20T23:31:55.354Z,otel-collector-7c765745bf-hnzqr,5640ea7c-d391-4d91-a081-fdee2e1b37db,otel-collector,Running,True,1,1,0,"{""otel-collector"": 0}","{""otel-collector"": ""running""}",1,1,1,desktop-control-plane,True,"{""desktop-control-plane"": true}"
2026-09-20T23:31:55.354Z,postgres-676cc4986c-6s5kh,42b5b5b1-da74-46d8-bf66-d12e14fa3676,postgres,Running,True,1,1,0,"{""postgres"": 0}","{""postgres"": ""running""}",1,1,1,desktop-control-plane,True,"{""desktop-control-plane"": true}"
2026-09-20T23:31:55.354Z,prometheus-59f5cf7468-fksrh,de98abcd-712d-4d81-8fb2-59b3011304c6,prometheus,Running,True,1,1,0,"{""prometheus"": 0}","{""prometheus"": ""running""}",1,1,1,desktop-control-plane,True,"{""desktop-control-plane"": true}"
2026-09-20T23:31:55.354Z,rabbitmq-5cdf8f76b7-kdf8p,f02b29f9-8329-460a-9c69-31b755066885,rabbitmq,Running,True,1,1,0,"{""rabbitmq"": 0}","{""rabbitmq"": ""running""}",1,1,1,desktop-control-plane,True,"{""desktop-control-plane"": true}"
2026-09-20T23:31:55.354Z,worker-5799d849c5-66d8m,8d0e460a-5d59-44a2-9b1b-ce0d6f27aa11,worker,Running,True,1,1,0,"{""worker"": 0}","{""worker"": ""running""}",1,1,1,desktop-control-plane,True,"{""desktop-control-plane"": true}"
2026-09-20T23:32:00.354Z,api-5974b5bb7-lqxg5,b7340985-75b6-4ee6-94ae-219edb88b3cb,api,Running,True,1,1,0,"{""api"": 0}","{""api"": ""running""}",1,1,1,desktop-control-plane,True,"{""desktop-control-plane"": true}"
2026-09-20T23:32:00.354Z,flash-sale-image-loader,d97aac4b-6036-49d3-84fa-1eb65b06be9d,,Succeeded,False,0,1,0,"{""flash-sale-image-loader"": 0}","{""flash-sale-image-loader"": ""terminated""}",1,1,1,desktop-control-plane,True,"{""desktop-control-plane"": true}"
2026-09-20T23:32:00.354Z,gateway-d5b8cd646-k2t2j,73e11660-27e2-4f01-af00-a676bdd92091,gateway,Running,True,1,1,0,"{""gateway"": 0}","{""gateway"": ""running""}",1,1,1,desktop-control-plane,True,"{""desktop-control-plane"": true}"
2026-09-20T23:32:00.354Z,jaeger-7cc9b664cc-dkxmr,5f30629b-2b5b-4fec-9f8e-dd3583fe5c69,jaeger,Running,True,1,1,0,"{""jaeger"": 0}","{""jaeger"": ""running""}",1,1,1,desktop-control-plane,True,"{""desktop-control-plane"": true}"
2026-09-20T23:32:00.354Z,k6-c3-exploratory-001-9ls4d,7762c7d5-aafc-43f9-bf52-b3a0620fcc4c,k6,Running,True,1,1,0,"{""k6"": 0}","{""k6"": ""running""}",1,1,1,desktop-control-plane,True,"{""desktop-control-plane"": true}"
2026-09-20T23:32:00.354Z,otel-collector-7c765745bf-hnzqr,5640ea7c-d391-4d91-a081-fdee2e1b37db,otel-collector,Running,True,1,1,0,"{""otel-collector"": 0}","{""otel-collector"": ""running""}",1,1,1,desktop-control-plane,True,"{""desktop-control-plane"": true}"
2026-09-20T23:32:00.354Z,postgres-676cc4986c-6s5kh,42b5b5b1-da74-46d8-bf66-d12e14fa3676,postgres,Running,True,1,1,0,"{""postgres"": 0}","{""postgres"": ""running""}",1,1,1,desktop-control-plane,True,"{""desktop-control-plane"": true}"
2026-09-20T23:32:00.354Z,prometheus-59f5cf7468-fksrh,de98abcd-712d-4d81-8fb2-59b3011304c6,prometheus,Running,True,1,1,0,"{""prometheus"": 0}","{""prometheus"": ""running""}",1,1,1,desktop-control-plane,True,"{""desktop-control-plane"": true}"
2026-09-20T23:32:00.354Z,rabbitmq-5cdf8f76b7-kdf8p,f02b29f9-8329-460a-9c69-31b755066885,rabbitmq,Running,True,1,1,0,"{""rabbitmq"": 0}","{""rabbitmq"": ""running""}",1,1,1,desktop-control-plane,True,"{""desktop-control-plane"": true}"
2026-09-20T23:32:00.354Z,worker-5799d849c5-66d8m,8d0e460a-5d59-44a2-9b1b-ce0d6f27aa11,worker,Running,True,1,1,0,"{""worker"": 0}","{""worker"": ""running""}",1,1,1,desktop-control-plane,True,"{""desktop-control-plane"": true}"
2026-09-20T23:32:05.355Z,api-5974b5bb7-lqxg5,b7340985-75b6-4ee6-94ae-219edb88b3cb,api,Running,True,1,1,0,"{""api"": 0}","{""api"": ""running""}",1,1,1,desktop-control-plane,True,"{""desktop-control-plane"": true}"
2026-09-20T23:32:05.355Z,flash-sale-image-loader,d97aac4b-6036-49d3-84fa-1eb65b06be9d,,Succeeded,False,0,1,0,"{""flash-sale-image-loader"": 0}","{""flash-sale-image-loader"": ""terminated""}",1,1,1,desktop-control-plane,True,"{""desktop-control-plane"": true}"
2026-09-20T23:32:05.355Z,gateway-d5b8cd646-k2t2j,73e11660-27e2-4f01-af00-a676bdd92091,gateway,Running,True,1,1,0,"{""gateway"": 0}","{""gateway"": ""running""}",1,1,1,desktop-control-plane,True,"{""desktop-control-plane"": true}"
2026-09-20T23:32:05.355Z,jaeger-7cc9b664cc-dkxmr,5f30629b-2b5b-4fec-9f8e-dd3583fe5c69,jaeger,Running,True,1,1,0,"{""jaeger"": 0}","{""jaeger"": ""running""}",1,1,1,desktop-control-plane,True,"{""desktop-control-plane"": true}"
2026-09-20T23:32:05.355Z,k6-c3-exploratory-001-9ls4d,7762c7d5-aafc-43f9-bf52-b3a0620fcc4c,k6,Running,True,1,1,0,"{""k6"": 0}","{""k6"": ""running""}",1,1,1,desktop-control-plane,True,"{""desktop-control-plane"": true}"
2026-09-20T23:32:05.355Z,otel-collector-7c765745bf-hnzqr,5640ea7c-d391-4d91-a081-fdee2e1b37db,otel-collector,Running,True,1,1,0,"{""otel-collector"": 0}","{""otel-collector"": ""running""}",1,1,1,desktop-control-plane,True,"{""desktop-control-plane"": true}"
2026-09-20T23:32:05.355Z,postgres-676cc4986c-6s5kh,42b5b5b1-da74-46d8-bf66-d12e14fa3676,postgres,Running,True,1,1,0,"{""postgres"": 0}","{""postgres"": ""running""}",1,1,1,desktop-control-plane,True,"{""desktop-control-plane"": true}"
2026-09-20T23:32:05.355Z,prometheus-59f5cf7468-fksrh,de98abcd-712d-4d81-8fb2-59b3011304c6,prometheus,Running,True,1,1,0,"{""prometheus"": 0}","{""prometheus"": ""running""}",1,1,1,desktop-control-plane,True,"{""desktop-control-plane"": true}"
2026-09-20T23:32:05.355Z,rabbitmq-5cdf8f76b7-kdf8p,f02b29f9-8329-460a-9c69-31b755066885,rabbitmq,Running,True,1,1,0,"{""rabbitmq"": 0}","{""rabbitmq"": ""running""}",1,1,1,desktop-control-plane,True,"{""desktop-control-plane"": true}"
2026-09-20T23:32:05.355Z,worker-5799d849c5-66d8m,8d0e460a-5d59-44a2-9b1b-ce0d6f27aa11,worker,Running,True,1,1,0,"{""worker"": 0}","{""worker"": ""running""}",1,1,1,desktop-control-plane,True,"{""desktop-control-plane"": true}"
2026-09-20T23:32:10.355Z,api-5974b5bb7-lqxg5,b7340985-75b6-4ee6-94ae-219edb88b3cb,api,Running,True,1,1,0,"{""api"": 0}","{""api"": ""running""}",1,1,1,desktop-control-plane,True,"{""desktop-control-plane"": true}"
2026-09-20T23:32:10.355Z,flash-sale-image-loader,d97aac4b-6036-49d3-84fa-1eb65b06be9d,,Succeeded,False,0,1,0,"{""flash-sale-image-loader"": 0}","{""flash-sale-image-loader"": ""terminated""}",1,1,1,desktop-control-plane,True,"{""desktop-control-plane"": true}"
2026-09-20T23:32:10.355Z,gateway-d5b8cd646-k2t2j,73e11660-27e2-4f01-af00-a676bdd92091,gateway,Running,True,1,1,0,"{""gateway"": 0}","{""gateway"": ""running""}",1,1,1,desktop-control-plane,True,"{""desktop-control-plane"": true}"
2026-09-20T23:32:10.355Z,jaeger-7cc9b664cc-dkxmr,5f30629b-2b5b-4fec-9f8e-dd3583fe5c69,jaeger,Running,True,1,1,0,"{""jaeger"": 0}","{""jaeger"": ""running""}",1,1,1,desktop-control-plane,True,"{""desktop-control-plane"": true}"
2026-09-20T23:32:10.355Z,k6-c3-exploratory-001-9ls4d,7762c7d5-aafc-43f9-bf52-b3a0620fcc4c,k6,Running,True,1,1,0,"{""k6"": 0}","{""k6"": ""running""}",1,1,1,desktop-control-plane,True,"{""desktop-control-plane"": true}"
2026-09-20T23:32:10.355Z,otel-collector-7c765745bf-hnzqr,5640ea7c-d391-4d91-a081-fdee2e1b37db,otel-collector,Running,True,1,1,0,"{""otel-collector"": 0}","{""otel-collector"": ""running""}",1,1,1,desktop-control-plane,True,"{""desktop-control-plane"": true}"
2026-09-20T23:32:10.355Z,postgres-676cc4986c-6s5kh,42b5b5b1-da74-46d8-bf66-d12e14fa3676,postgres,Running,True,1,1,0,"{""postgres"": 0}","{""postgres"": ""running""}",1,1,1,desktop-control-plane,True,"{""desktop-control-plane"": true}"
2026-09-20T23:32:10.355Z,prometheus-59f5cf7468-fksrh,de98abcd-712d-4d81-8fb2-59b3011304c6,prometheus,Running,True,1,1,0,"{""prometheus"": 0}","{""prometheus"": ""running""}",1,1,1,desktop-control-plane,True,"{""desktop-control-plane"": true}"
2026-09-20T23:32:10.355Z,rabbitmq-5cdf8f76b7-kdf8p,f02b29f9-8329-460a-9c69-31b755066885,rabbitmq,Running,True,1,1,0,"{""rabbitmq"": 0}","{""rabbitmq"": ""running""}",1,1,1,desktop-control-plane,True,"{""desktop-control-plane"": true}"
2026-09-20T23:32:10.355Z,worker-5799d849c5-66d8m,8d0e460a-5d59-44a2-9b1b-ce0d6f27aa11,worker,Running,True,1,1,0,"{""worker"": 0}","{""worker"": ""running""}",1,1,1,desktop-control-plane,True,"{""desktop-control-plane"": true}"
2026-09-20T23:32:15.356Z,api-5974b5bb7-lqxg5,b7340985-75b6-4ee6-94ae-219edb88b3cb,api,Running,True,1,1,0,"{""api"": 0}","{""api"": ""running""}",1,1,1,desktop-control-plane,True,"{""desktop-control-plane"": true}"
2026-09-20T23:32:15.356Z,flash-sale-image-loader,d97aac4b-6036-49d3-84fa-1eb65b06be9d,,Succeeded,False,0,1,0,"{""flash-sale-image-loader"": 0}","{""flash-sale-image-loader"": ""terminated""}",1,1,1,desktop-control-plane,True,"{""desktop-control-plane"": true}"
2026-09-20T23:32:15.356Z,gateway-d5b8cd646-k2t2j,73e11660-27e2-4f01-af00-a676bdd92091,gateway,Running,True,1,1,0,"{""gateway"": 0}","{""gateway"": ""running""}",1,1,1,desktop-control-plane,True,"{""desktop-control-plane"": true}"
2026-09-20T23:32:15.356Z,jaeger-7cc9b664cc-dkxmr,5f30629b-2b5b-4fec-9f8e-dd3583fe5c69,jaeger,Running,True,1,1,0,"{""jaeger"": 0}","{""jaeger"": ""running""}",1,1,1,desktop-control-plane,True,"{""desktop-control-plane"": true}"
2026-09-20T23:32:15.356Z,k6-c3-exploratory-001-9ls4d,7762c7d5-aafc-43f9-bf52-b3a0620fcc4c,k6,Running,True,1,1,0,"{""k6"": 0}","{""k6"": ""running""}",1,1,1,desktop-control-plane,True,"{""desktop-control-plane"": true}"
2026-09-20T23:32:15.356Z,otel-collector-7c765745bf-hnzqr,5640ea7c-d391-4d91-a081-fdee2e1b37db,otel-collector,Running,True,1,1,0,"{""otel-collector"": 0}","{""otel-collector"": ""running""}",1,1,1,desktop-control-plane,True,"{""desktop-control-plane"": true}"
2026-09-20T23:32:15.356Z,postgres-676cc4986c-6s5kh,42b5b5b1-da74-46d8-bf66-d12e14fa3676,postgres,Running,True,1,1,0,"{""postgres"": 0}","{""postgres"": ""running""}",1,1,1,desktop-control-plane,True,"{""desktop-control-plane"": true}"
2026-09-20T23:32:15.356Z,prometheus-59f5cf7468-fksrh,de98abcd-712d-4d81-8fb2-59b3011304c6,prometheus,Running,True,1,1,0,"{""prometheus"": 0}","{""prometheus"": ""running""}",1,1,1,desktop-control-plane,True,"{""desktop-control-plane"": true}"
2026-09-20T23:32:15.356Z,rabbitmq-5cdf8f76b7-kdf8p,f02b29f9-8329-460a-9c69-31b755066885,rabbitmq,Running,True,1,1,0,"{""rabbitmq"": 0}","{""rabbitmq"": ""running""}",1,1,1,desktop-control-plane,True,"{""desktop-control-plane"": true}"
2026-09-20T23:32:15.356Z,worker-5799d849c5-66d8m,8d0e460a-5d59-44a2-9b1b-ce0d6f27aa11,worker,Running,True,1,1,0,"{""worker"": 0}","{""worker"": ""running""}",1,1,1,desktop-control-plane,True,"{""desktop-control-plane"": true}"
2026-09-20T23:32:20.356Z,api-5974b5bb7-lqxg5,b7340985-75b6-4ee6-94ae-219edb88b3cb,api,Running,True,1,1,0,"{""api"": 0}","{""api"": ""running""}",1,1,1,desktop-control-plane,True,"{""desktop-control-plane"": true}"
2026-09-20T23:32:20.356Z,flash-sale-image-loader,d97aac4b-6036-49d3-84fa-1eb65b06be9d,,Succeeded,False,0,1,0,"{""flash-sale-image-loader"": 0}","{""flash-sale-image-loader"": ""terminated""}",1,1,1,desktop-control-plane,True,"{""desktop-control-plane"": true}"
2026-09-20T23:32:20.356Z,gateway-d5b8cd646-k2t2j,73e11660-27e2-4f01-af00-a676bdd92091,gateway,Running,True,1,1,0,"{""gateway"": 0}","{""gateway"": ""running""}",1,1,1,desktop-control-plane,True,"{""desktop-control-plane"": true}"
2026-09-20T23:32:20.356Z,jaeger-7cc9b664cc-dkxmr,5f30629b-2b5b-4fec-9f8e-dd3583fe5c69,jaeger,Running,True,1,1,0,"{""jaeger"": 0}","{""jaeger"": ""running""}",1,1,1,desktop-control-plane,True,"{""desktop-control-plane"": true}"
2026-09-20T23:32:20.356Z,k6-c3-exploratory-001-9ls4d,7762c7d5-aafc-43f9-bf52-b3a0620fcc4c,k6,Running,True,1,1,0,"{""k6"": 0}","{""k6"": ""running""}",1,1,1,desktop-control-plane,True,"{""desktop-control-plane"": true}"
2026-09-20T23:32:20.356Z,otel-collector-7c765745bf-hnzqr,5640ea7c-d391-4d91-a081-fdee2e1b37db,otel-collector,Running,True,1,1,0,"{""otel-collector"": 0}","{""otel-collector"": ""running""}",1,1,1,desktop-control-plane,True,"{""desktop-control-plane"": true}"
2026-09-20T23:32:20.356Z,postgres-676cc4986c-6s5kh,42b5b5b1-da74-46d8-bf66-d12e14fa3676,postgres,Running,True,1,1,0,"{""postgres"": 0}","{""postgres"": ""running""}",1,1,1,desktop-control-plane,True,"{""desktop-control-plane"": true}"
2026-09-20T23:32:20.356Z,prometheus-59f5cf7468-fksrh,de98abcd-712d-4d81-8fb2-59b3011304c6,prometheus,Running,True,1,1,0,"{""prometheus"": 0}","{""prometheus"": ""running""}",1,1,1,desktop-control-plane,True,"{""desktop-control-plane"": true}"
2026-09-20T23:32:20.356Z,rabbitmq-5cdf8f76b7-kdf8p,f02b29f9-8329-460a-9c69-31b755066885,rabbitmq,Running,True,1,1,0,"{""rabbitmq"": 0}","{""rabbitmq"": ""running""}",1,1,1,desktop-control-plane,True,"{""desktop-control-plane"": true}"
2026-09-20T23:32:20.356Z,worker-5799d849c5-66d8m,8d0e460a-5d59-44a2-9b1b-ce0d6f27aa11,worker,Running,True,1,1,0,"{""worker"": 0}","{""worker"": ""running""}",1,1,1,desktop-control-plane,True,"{""desktop-control-plane"": true}"
2026-09-20T23:32:25.356Z,api-5974b5bb7-lqxg5,b7340985-75b6-4ee6-94ae-219edb88b3cb,api,Running,True,1,1,0,"{""api"": 0}","{""api"": ""running""}",1,1,1,desktop-control-plane,True,"{""desktop-control-plane"": true}"
2026-09-20T23:32:25.356Z,flash-sale-image-loader,d97aac4b-6036-49d3-84fa-1eb65b06be9d,,Succeeded,False,0,1,0,"{""flash-sale-image-loader"": 0}","{""flash-sale-image-loader"": ""terminated""}",1,1,1,desktop-control-plane,True,"{""desktop-control-plane"": true}"
2026-09-20T23:32:25.356Z,gateway-d5b8cd646-k2t2j,73e11660-27e2-4f01-af00-a676bdd92091,gateway,Running,True,1,1,0,"{""gateway"": 0}","{""gateway"": ""running""}",1,1,1,desktop-control-plane,True,"{""desktop-control-plane"": true}"
2026-09-20T23:32:25.356Z,jaeger-7cc9b664cc-dkxmr,5f30629b-2b5b-4fec-9f8e-dd3583fe5c69,jaeger,Running,True,1,1,0,"{""jaeger"": 0}","{""jaeger"": ""running""}",1,1,1,desktop-control-plane,True,"{""desktop-control-plane"": true}"
2026-09-20T23:32:25.356Z,k6-c3-exploratory-001-9ls4d,7762c7d5-aafc-43f9-bf52-b3a0620fcc4c,k6,Running,True,1,1,0,"{""k6"": 0}","{""k6"": ""running""}",1,1,1,desktop-control-plane,True,"{""desktop-control-plane"": true}"
2026-09-20T23:32:25.356Z,otel-collector-7c765745bf-hnzqr,5640ea7c-d391-4d91-a081-fdee2e1b37db,otel-collector,Running,True,1,1,0,"{""otel-collector"": 0}","{""otel-collector"": ""running""}",1,1,1,desktop-control-plane,True,"{""desktop-control-plane"": true}"
2026-09-20T23:32:25.356Z,postgres-676cc4986c-6s5kh,42b5b5b1-da74-46d8-bf66-d12e14fa3676,postgres,Running,True,1,1,0,"{""postgres"": 0}","{""postgres"": ""running""}",1,1,1,desktop-control-plane,True,"{""desktop-control-plane"": true}"
2026-09-20T23:32:25.356Z,prometheus-59f5cf7468-fksrh,de98abcd-712d-4d81-8fb2-59b3011304c6,prometheus,Running,True,1,1,0,"{""prometheus"": 0}","{""prometheus"": ""running""}",1,1,1,desktop-control-plane,True,"{""desktop-control-plane"": true}"
2026-09-20T23:32:25.356Z,rabbitmq-5cdf8f76b7-kdf8p,f02b29f9-8329-460a-9c69-31b755066885,rabbitmq,Running,True,1,1,0,"{""rabbitmq"": 0}","{""rabbitmq"": ""running""}",1,1,1,desktop-control-plane,True,"{""desktop-control-plane"": true}"
2026-09-20T23:32:25.356Z,worker-5799d849c5-66d8m,8d0e460a-5d59-44a2-9b1b-ce0d6f27aa11,worker,Running,True,1,1,0,"{""worker"": 0}","{""worker"": ""running""}",1,1,1,desktop-control-plane,True,"{""desktop-control-plane"": true}"
2026-09-20T23:32:30.357Z,api-5974b5bb7-lqxg5,b7340985-75b6-4ee6-94ae-219edb88b3cb,api,Running,True,1,1,0,"{""api"": 0}","{""api"": ""running""}",1,1,1,desktop-control-plane,True,"{""desktop-control-plane"": true}"
2026-09-20T23:32:30.357Z,flash-sale-image-loader,d97aac4b-6036-49d3-84fa-1eb65b06be9d,,Succeeded,False,0,1,0,"{""flash-sale-image-loader"": 0}","{""flash-sale-image-loader"": ""terminated""}",1,1,1,desktop-control-plane,True,"{""desktop-control-plane"": true}"
2026-09-20T23:32:30.357Z,gateway-d5b8cd646-k2t2j,73e11660-27e2-4f01-af00-a676bdd92091,gateway,Running,True,1,1,0,"{""gateway"": 0}","{""gateway"": ""running""}",1,1,1,desktop-control-plane,True,"{""desktop-control-plane"": true}"
2026-09-20T23:32:30.357Z,jaeger-7cc9b664cc-dkxmr,5f30629b-2b5b-4fec-9f8e-dd3583fe5c69,jaeger,Running,True,1,1,0,"{""jaeger"": 0}","{""jaeger"": ""running""}",1,1,1,desktop-control-plane,True,"{""desktop-control-plane"": true}"
2026-09-20T23:32:30.357Z,k6-c3-exploratory-001-9ls4d,7762c7d5-aafc-43f9-bf52-b3a0620fcc4c,k6,Running,True,1,1,0,"{""k6"": 0}","{""k6"": ""running""}",1,1,1,desktop-control-plane,True,"{""desktop-control-plane"": true}"
2026-09-20T23:32:30.357Z,otel-collector-7c765745bf-hnzqr,5640ea7c-d391-4d91-a081-fdee2e1b37db,otel-collector,Running,True,1,1,0,"{""otel-collector"": 0}","{""otel-collector"": ""running""}",1,1,1,desktop-control-plane,True,"{""desktop-control-plane"": true}"
2026-09-20T23:32:30.357Z,postgres-676cc4986c-6s5kh,42b5b5b1-da74-46d8-bf66-d12e14fa3676,postgres,Running,True,1,1,0,"{""postgres"": 0}","{""postgres"": ""running""}",1,1,1,desktop-control-plane,True,"{""desktop-control-plane"": true}"
2026-09-20T23:32:30.357Z,prometheus-59f5cf7468-fksrh,de98abcd-712d-4d81-8fb2-59b3011304c6,prometheus,Running,True,1,1,0,"{""prometheus"": 0}","{""prometheus"": ""running""}",1,1,1,desktop-control-plane,True,"{""desktop-control-plane"": true}"
2026-09-20T23:32:30.357Z,rabbitmq-5cdf8f76b7-kdf8p,f02b29f9-8329-460a-9c69-31b755066885,rabbitmq,Running,True,1,1,0,"{""rabbitmq"": 0}","{""rabbitmq"": ""running""}",1,1,1,desktop-control-plane,True,"{""desktop-control-plane"": true}"
2026-09-20T23:32:30.357Z,worker-5799d849c5-66d8m,8d0e460a-5d59-44a2-9b1b-ce0d6f27aa11,worker,Running,True,1,1,0,"{""worker"": 0}","{""worker"": ""running""}",1,1,1,desktop-control-plane,True,"{""desktop-control-plane"": true}"
2026-09-20T23:32:35.357Z,api-5974b5bb7-lqxg5,b7340985-75b6-4ee6-94ae-219edb88b3cb,api,Running,True,1,1,0,"{""api"": 0}","{""api"": ""running""}",1,1,1,desktop-control-plane,True,"{""desktop-control-plane"": true}"
2026-09-20T23:32:35.357Z,flash-sale-image-loader,d97aac4b-6036-49d3-84fa-1eb65b06be9d,,Succeeded,False,0,1,0,"{""flash-sale-image-loader"": 0}","{""flash-sale-image-loader"": ""terminated""}",1,1,1,desktop-control-plane,True,"{""desktop-control-plane"": true}"
2026-09-20T23:32:35.357Z,gateway-d5b8cd646-k2t2j,73e11660-27e2-4f01-af00-a676bdd92091,gateway,Running,True,1,1,0,"{""gateway"": 0}","{""gateway"": ""running""}",1,1,1,desktop-control-plane,True,"{""desktop-control-plane"": true}"
2026-09-20T23:32:35.357Z,jaeger-7cc9b664cc-dkxmr,5f30629b-2b5b-4fec-9f8e-dd3583fe5c69,jaeger,Running,True,1,1,0,"{""jaeger"": 0}","{""jaeger"": ""running""}",1,1,1,desktop-control-plane,True,"{""desktop-control-plane"": true}"
2026-09-20T23:32:35.357Z,k6-c3-exploratory-001-9ls4d,7762c7d5-aafc-43f9-bf52-b3a0620fcc4c,k6,Running,True,1,1,0,"{""k6"": 0}","{""k6"": ""running""}",1,1,1,desktop-control-plane,True,"{""desktop-control-plane"": true}"
2026-09-20T23:32:35.357Z,otel-collector-7c765745bf-hnzqr,5640ea7c-d391-4d91-a081-fdee2e1b37db,otel-collector,Running,True,1,1,0,"{""otel-collector"": 0}","{""otel-collector"": ""running""}",1,1,1,desktop-control-plane,True,"{""desktop-control-plane"": true}"
2026-09-20T23:32:35.357Z,postgres-676cc4986c-6s5kh,42b5b5b1-da74-46d8-bf66-d12e14fa3676,postgres,Running,True,1,1,0,"{""postgres"": 0}","{""postgres"": ""running""}",1,1,1,desktop-control-plane,True,"{""desktop-control-plane"": true}"
2026-09-20T23:32:35.357Z,prometheus-59f5cf7468-fksrh,de98abcd-712d-4d81-8fb2-59b3011304c6,prometheus,Running,True,1,1,0,"{""prometheus"": 0}","{""prometheus"": ""running""}",1,1,1,desktop-control-plane,True,"{""desktop-control-plane"": true}"
2026-09-20T23:32:35.357Z,rabbitmq-5cdf8f76b7-kdf8p,f02b29f9-8329-460a-9c69-31b755066885,rabbitmq,Running,True,1,1,0,"{""rabbitmq"": 0}","{""rabbitmq"": ""running""}",1,1,1,desktop-control-plane,True,"{""desktop-control-plane"": true}"
2026-09-20T23:32:35.357Z,worker-5799d849c5-66d8m,8d0e460a-5d59-44a2-9b1b-ce0d6f27aa11,worker,Running,True,1,1,0,"{""worker"": 0}","{""worker"": ""running""}",1,1,1,desktop-control-plane,True,"{""desktop-control-plane"": true}"
2026-09-20T23:32:40.357Z,api-5974b5bb7-lqxg5,b7340985-75b6-4ee6-94ae-219edb88b3cb,api,Running,True,1,1,0,"{""api"": 0}","{""api"": ""running""}",1,1,1,desktop-control-plane,True,"{""desktop-control-plane"": true}"
2026-09-20T23:32:40.357Z,flash-sale-image-loader,d97aac4b-6036-49d3-84fa-1eb65b06be9d,,Succeeded,False,0,1,0,"{""flash-sale-image-loader"": 0}","{""flash-sale-image-loader"": ""terminated""}",1,1,1,desktop-control-plane,True,"{""desktop-control-plane"": true}"
2026-09-20T23:32:40.357Z,gateway-d5b8cd646-k2t2j,73e11660-27e2-4f01-af00-a676bdd92091,gateway,Running,True,1,1,0,"{""gateway"": 0}","{""gateway"": ""running""}",1,1,1,desktop-control-plane,True,"{""desktop-control-plane"": true}"
2026-09-20T23:32:40.357Z,jaeger-7cc9b664cc-dkxmr,5f30629b-2b5b-4fec-9f8e-dd3583fe5c69,jaeger,Running,True,1,1,0,"{""jaeger"": 0}","{""jaeger"": ""running""}",1,1,1,desktop-control-plane,True,"{""desktop-control-plane"": true}"
2026-09-20T23:32:40.357Z,k6-c3-exploratory-001-9ls4d,7762c7d5-aafc-43f9-bf52-b3a0620fcc4c,k6,Running,True,1,1,0,"{""k6"": 0}","{""k6"": ""running""}",1,1,1,desktop-control-plane,True,"{""desktop-control-plane"": true}"
2026-09-20T23:32:40.357Z,otel-collector-7c765745bf-hnzqr,5640ea7c-d391-4d91-a081-fdee2e1b37db,otel-collector,Running,True,1,1,0,"{""otel-collector"": 0}","{""otel-collector"": ""running""}",1,1,1,desktop-control-plane,True,"{""desktop-control-plane"": true}"
2026-09-20T23:32:40.357Z,postgres-676cc4986c-6s5kh,42b5b5b1-da74-46d8-bf66-d12e14fa3676,postgres,Running,True,1,1,0,"{""postgres"": 0}","{""postgres"": ""running""}",1,1,1,desktop-control-plane,True,"{""desktop-control-plane"": true}"
2026-09-20T23:32:40.357Z,prometheus-59f5cf7468-fksrh,de98abcd-712d-4d81-8fb2-59b3011304c6,prometheus,Running,True,1,1,0,"{""prometheus"": 0}","{""prometheus"": ""running""}",1,1,1,desktop-control-plane,True,"{""desktop-control-plane"": true}"
2026-09-20T23:32:40.357Z,rabbitmq-5cdf8f76b7-kdf8p,f02b29f9-8329-460a-9c69-31b755066885,rabbitmq,Running,True,1,1,0,"{""rabbitmq"": 0}","{""rabbitmq"": ""running""}",1,1,1,desktop-control-plane,True,"{""desktop-control-plane"": true}"
2026-09-20T23:32:40.357Z,worker-5799d849c5-66d8m,8d0e460a-5d59-44a2-9b1b-ce0d6f27aa11,worker,Running,True,1,1,0,"{""worker"": 0}","{""worker"": ""running""}",1,1,1,desktop-control-plane,True,"{""desktop-control-plane"": true}"
2026-09-20T23:32:45.358Z,api-5974b5bb7-lqxg5,b7340985-75b6-4ee6-94ae-219edb88b3cb,api,Running,True,1,1,0,"{""api"": 0}","{""api"": ""running""}",1,1,1,desktop-control-plane,True,"{""desktop-control-plane"": true}"
2026-09-20T23:32:45.358Z,flash-sale-image-loader,d97aac4b-6036-49d3-84fa-1eb65b06be9d,,Succeeded,False,0,1,0,"{""flash-sale-image-loader"": 0}","{""flash-sale-image-loader"": ""terminated""}",1,1,1,desktop-control-plane,True,"{""desktop-control-plane"": true}"
2026-09-20T23:32:45.358Z,gateway-d5b8cd646-k2t2j,73e11660-27e2-4f01-af00-a676bdd92091,gateway,Running,True,1,1,0,"{""gateway"": 0}","{""gateway"": ""running""}",1,1,1,desktop-control-plane,True,"{""desktop-control-plane"": true}"
2026-09-20T23:32:45.358Z,jaeger-7cc9b664cc-dkxmr,5f30629b-2b5b-4fec-9f8e-dd3583fe5c69,jaeger,Running,True,1,1,0,"{""jaeger"": 0}","{""jaeger"": ""running""}",1,1,1,desktop-control-plane,True,"{""desktop-control-plane"": true}"
2026-09-20T23:32:45.358Z,k6-c3-exploratory-001-9ls4d,7762c7d5-aafc-43f9-bf52-b3a0620fcc4c,k6,Running,True,1,1,0,"{""k6"": 0}","{""k6"": ""running""}",1,1,1,desktop-control-plane,True,"{""desktop-control-plane"": true}"
2026-09-20T23:32:45.358Z,otel-collector-7c765745bf-hnzqr,5640ea7c-d391-4d91-a081-fdee2e1b37db,otel-collector,Running,True,1,1,0,"{""otel-collector"": 0}","{""otel-collector"": ""running""}",1,1,1,desktop-control-plane,True,"{""desktop-control-plane"": true}"
2026-09-20T23:32:45.358Z,postgres-676cc4986c-6s5kh,42b5b5b1-da74-46d8-bf66-d12e14fa3676,postgres,Running,True,1,1,0,"{""postgres"": 0}","{""postgres"": ""running""}",1,1,1,desktop-control-plane,True,"{""desktop-control-plane"": true}"
2026-09-20T23:32:45.358Z,prometheus-59f5cf7468-fksrh,de98abcd-712d-4d81-8fb2-59b3011304c6,prometheus,Running,True,1,1,0,"{""prometheus"": 0}","{""prometheus"": ""running""}",1,1,1,desktop-control-plane,True,"{""desktop-control-plane"": true}"
2026-09-20T23:32:45.358Z,rabbitmq-5cdf8f76b7-kdf8p,f02b29f9-8329-460a-9c69-31b755066885,rabbitmq,Running,True,1,1,0,"{""rabbitmq"": 0}","{""rabbitmq"": ""running""}",1,1,1,desktop-control-plane,True,"{""desktop-control-plane"": true}"
2026-09-20T23:32:45.358Z,worker-5799d849c5-66d8m,8d0e460a-5d59-44a2-9b1b-ce0d6f27aa11,worker,Running,True,1,1,0,"{""worker"": 0}","{""worker"": ""running""}",1,1,1,desktop-control-plane,True,"{""desktop-control-plane"": true}"
2026-09-20T23:32:50.358Z,api-5974b5bb7-lqxg5,b7340985-75b6-4ee6-94ae-219edb88b3cb,api,Running,True,1,1,0,"{""api"": 0}","{""api"": ""running""}",1,1,1,desktop-control-plane,True,"{""desktop-control-plane"": true}"
2026-09-20T23:32:50.358Z,flash-sale-image-loader,d97aac4b-6036-49d3-84fa-1eb65b06be9d,,Succeeded,False,0,1,0,"{""flash-sale-image-loader"": 0}","{""flash-sale-image-loader"": ""terminated""}",1,1,1,desktop-control-plane,True,"{""desktop-control-plane"": true}"
2026-09-20T23:32:50.358Z,gateway-d5b8cd646-k2t2j,73e11660-27e2-4f01-af00-a676bdd92091,gateway,Running,True,1,1,0,"{""gateway"": 0}","{""gateway"": ""running""}",1,1,1,desktop-control-plane,True,"{""desktop-control-plane"": true}"
2026-09-20T23:32:50.358Z,jaeger-7cc9b664cc-dkxmr,5f30629b-2b5b-4fec-9f8e-dd3583fe5c69,jaeger,Running,True,1,1,0,"{""jaeger"": 0}","{""jaeger"": ""running""}",1,1,1,desktop-control-plane,True,"{""desktop-control-plane"": true}"
2026-09-20T23:32:50.358Z,otel-collector-7c765745bf-hnzqr,5640ea7c-d391-4d91-a081-fdee2e1b37db,otel-collector,Running,True,1,1,0,"{""otel-collector"": 0}","{""otel-collector"": ""running""}",1,1,1,desktop-control-plane,True,"{""desktop-control-plane"": true}"
2026-09-20T23:32:50.358Z,postgres-676cc4986c-6s5kh,42b5b5b1-da74-46d8-bf66-d12e14fa3676,postgres,Running,True,1,1,0,"{""postgres"": 0}","{""postgres"": ""running""}",1,1,1,desktop-control-plane,True,"{""desktop-control-plane"": true}"
2026-09-20T23:32:50.358Z,prometheus-59f5cf7468-fksrh,de98abcd-712d-4d81-8fb2-59b3011304c6,prometheus,Running,True,1,1,0,"{""prometheus"": 0}","{""prometheus"": ""running""}",1,1,1,desktop-control-plane,True,"{""desktop-control-plane"": true}"
2026-09-20T23:32:50.358Z,rabbitmq-5cdf8f76b7-kdf8p,f02b29f9-8329-460a-9c69-31b755066885,rabbitmq,Running,True,1,1,0,"{""rabbitmq"": 0}","{""rabbitmq"": ""running""}",1,1,1,desktop-control-plane,True,"{""desktop-control-plane"": true}"
2026-09-20T23:32:50.358Z,worker-5799d849c5-66d8m,8d0e460a-5d59-44a2-9b1b-ce0d6f27aa11,worker,Running,True,1,1,0,"{""worker"": 0}","{""worker"": ""running""}",1,1,1,desktop-control-plane,True,"{""desktop-control-plane"": true}"
2026-09-20T23:32:55.358Z,api-5974b5bb7-lqxg5,b7340985-75b6-4ee6-94ae-219edb88b3cb,api,Running,True,1,1,0,"{""api"": 0}","{""api"": ""running""}",1,1,1,desktop-control-plane,True,"{""desktop-control-plane"": true}"
2026-09-20T23:32:55.358Z,flash-sale-image-loader,d97aac4b-6036-49d3-84fa-1eb65b06be9d,,Succeeded,False,0,1,0,"{""flash-sale-image-loader"": 0}","{""flash-sale-image-loader"": ""terminated""}",1,1,1,desktop-control-plane,True,"{""desktop-control-plane"": true}"
2026-09-20T23:32:55.358Z,gateway-d5b8cd646-k2t2j,73e11660-27e2-4f01-af00-a676bdd92091,gateway,Running,True,1,1,0,"{""gateway"": 0}","{""gateway"": ""running""}",1,1,1,desktop-control-plane,True,"{""desktop-control-plane"": true}"
2026-09-20T23:32:55.358Z,jaeger-7cc9b664cc-dkxmr,5f30629b-2b5b-4fec-9f8e-dd3583fe5c69,jaeger,Running,True,1,1,0,"{""jaeger"": 0}","{""jaeger"": ""running""}",1,1,1,desktop-control-plane,True,"{""desktop-control-plane"": true}"
2026-09-20T23:32:55.358Z,otel-collector-7c765745bf-hnzqr,5640ea7c-d391-4d91-a081-fdee2e1b37db,otel-collector,Running,True,1,1,0,"{""otel-collector"": 0}","{""otel-collector"": ""running""}",1,1,1,desktop-control-plane,True,"{""desktop-control-plane"": true}"
2026-09-20T23:32:55.358Z,postgres-676cc4986c-6s5kh,42b5b5b1-da74-46d8-bf66-d12e14fa3676,postgres,Running,True,1,1,0,"{""postgres"": 0}","{""postgres"": ""running""}",1,1,1,desktop-control-plane,True,"{""desktop-control-plane"": true}"
2026-09-20T23:32:55.358Z,prometheus-59f5cf7468-fksrh,de98abcd-712d-4d81-8fb2-59b3011304c6,prometheus,Running,True,1,1,0,"{""prometheus"": 0}","{""prometheus"": ""running""}",1,1,1,desktop-control-plane,True,"{""desktop-control-plane"": true}"
2026-09-20T23:32:55.358Z,rabbitmq-5cdf8f76b7-kdf8p,f02b29f9-8329-460a-9c69-31b755066885,rabbitmq,Running,True,1,1,0,"{""rabbitmq"": 0}","{""rabbitmq"": ""running""}",1,1,1,desktop-control-plane,True,"{""desktop-control-plane"": true}"
2026-09-20T23:32:55.358Z,worker-5799d849c5-66d8m,8d0e460a-5d59-44a2-9b1b-ce0d6f27aa11,worker,Running,True,1,1,0,"{""worker"": 0}","{""worker"": ""running""}",1,1,1,desktop-control-plane,True,"{""desktop-control-plane"": true}"
2026-09-20T23:33:00.359Z,api-5974b5bb7-lqxg5,b7340985-75b6-4ee6-94ae-219edb88b3cb,api,Running,True,1,1,0,"{""api"": 0}","{""api"": ""running""}",1,1,1,desktop-control-plane,True,"{""desktop-control-plane"": true}"
2026-09-20T23:33:00.359Z,flash-sale-image-loader,d97aac4b-6036-49d3-84fa-1eb65b06be9d,,Succeeded,False,0,1,0,"{""flash-sale-image-loader"": 0}","{""flash-sale-image-loader"": ""terminated""}",1,1,1,desktop-control-plane,True,"{""desktop-control-plane"": true}"
2026-09-20T23:33:00.359Z,gateway-d5b8cd646-k2t2j,73e11660-27e2-4f01-af00-a676bdd92091,gateway,Running,True,1,1,0,"{""gateway"": 0}","{""gateway"": ""running""}",1,1,1,desktop-control-plane,True,"{""desktop-control-plane"": true}"
2026-09-20T23:33:00.359Z,jaeger-7cc9b664cc-dkxmr,5f30629b-2b5b-4fec-9f8e-dd3583fe5c69,jaeger,Running,True,1,1,0,"{""jaeger"": 0}","{""jaeger"": ""running""}",1,1,1,desktop-control-plane,True,"{""desktop-control-plane"": true}"
2026-09-20T23:33:00.359Z,otel-collector-7c765745bf-hnzqr,5640ea7c-d391-4d91-a081-fdee2e1b37db,otel-collector,Running,True,1,1,0,"{""otel-collector"": 0}","{""otel-collector"": ""running""}",1,1,1,desktop-control-plane,True,"{""desktop-control-plane"": true}"
2026-09-20T23:33:00.359Z,postgres-676cc4986c-6s5kh,42b5b5b1-da74-46d8-bf66-d12e14fa3676,postgres,Running,True,1,1,0,"{""postgres"": 0}","{""postgres"": ""running""}",1,1,1,desktop-control-plane,True,"{""desktop-control-plane"": true}"
2026-09-20T23:33:00.359Z,prometheus-59f5cf7468-fksrh,de98abcd-712d-4d81-8fb2-59b3011304c6,prometheus,Running,True,1,1,0,"{""prometheus"": 0}","{""prometheus"": ""running""}",1,1,1,desktop-control-plane,True,"{""desktop-control-plane"": true}"
2026-09-20T23:33:00.359Z,rabbitmq-5cdf8f76b7-kdf8p,f02b29f9-8329-460a-9c69-31b755066885,rabbitmq,Running,True,1,1,0,"{""rabbitmq"": 0}","{""rabbitmq"": ""running""}",1,1,1,desktop-control-plane,True,"{""desktop-control-plane"": true}"
2026-09-20T23:33:00.359Z,worker-5799d849c5-66d8m,8d0e460a-5d59-44a2-9b1b-ce0d6f27aa11,worker,Running,True,1,1,0,"{""worker"": 0}","{""worker"": ""running""}",1,1,1,desktop-control-plane,True,"{""desktop-control-plane"": true}"
2026-09-20T23:33:05.359Z,api-5974b5bb7-lqxg5,b7340985-75b6-4ee6-94ae-219edb88b3cb,api,Running,True,1,1,0,"{""api"": 0}","{""api"": ""running""}",1,1,1,desktop-control-plane,True,"{""desktop-control-plane"": true}"
2026-09-20T23:33:05.359Z,flash-sale-image-loader,d97aac4b-6036-49d3-84fa-1eb65b06be9d,,Succeeded,False,0,1,0,"{""flash-sale-image-loader"": 0}","{""flash-sale-image-loader"": ""terminated""}",1,1,1,desktop-control-plane,True,"{""desktop-control-plane"": true}"
2026-09-20T23:33:05.359Z,gateway-d5b8cd646-k2t2j,73e11660-27e2-4f01-af00-a676bdd92091,gateway,Running,True,1,1,0,"{""gateway"": 0}","{""gateway"": ""running""}",1,1,1,desktop-control-plane,True,"{""desktop-control-plane"": true}"
2026-09-20T23:33:05.359Z,jaeger-7cc9b664cc-dkxmr,5f30629b-2b5b-4fec-9f8e-dd3583fe5c69,jaeger,Running,True,1,1,0,"{""jaeger"": 0}","{""jaeger"": ""running""}",1,1,1,desktop-control-plane,True,"{""desktop-control-plane"": true}"
2026-09-20T23:33:05.359Z,otel-collector-7c765745bf-hnzqr,5640ea7c-d391-4d91-a081-fdee2e1b37db,otel-collector,Running,True,1,1,0,"{""otel-collector"": 0}","{""otel-collector"": ""running""}",1,1,1,desktop-control-plane,True,"{""desktop-control-plane"": true}"
2026-09-20T23:33:05.359Z,postgres-676cc4986c-6s5kh,42b5b5b1-da74-46d8-bf66-d12e14fa3676,postgres,Running,True,1,1,0,"{""postgres"": 0}","{""postgres"": ""running""}",1,1,1,desktop-control-plane,True,"{""desktop-control-plane"": true}"
2026-09-20T23:33:05.359Z,prometheus-59f5cf7468-fksrh,de98abcd-712d-4d81-8fb2-59b3011304c6,prometheus,Running,True,1,1,0,"{""prometheus"": 0}","{""prometheus"": ""running""}",1,1,1,desktop-control-plane,True,"{""desktop-control-plane"": true}"
2026-09-20T23:33:05.359Z,rabbitmq-5cdf8f76b7-kdf8p,f02b29f9-8329-460a-9c69-31b755066885,rabbitmq,Running,True,1,1,0,"{""rabbitmq"": 0}","{""rabbitmq"": ""running""}",1,1,1,desktop-control-plane,True,"{""desktop-control-plane"": true}"
2026-09-20T23:33:05.359Z,worker-5799d849c5-66d8m,8d0e460a-5d59-44a2-9b1b-ce0d6f27aa11,worker,Running,True,1,1,0,"{""worker"": 0}","{""worker"": ""running""}",1,1,1,desktop-control-plane,True,"{""desktop-control-plane"": true}"
2026-09-20T23:33:10.360Z,api-5974b5bb7-lqxg5,b7340985-75b6-4ee6-94ae-219edb88b3cb,api,Running,True,1,1,0,"{""api"": 0}","{""api"": ""running""}",1,1,1,desktop-control-plane,True,"{""desktop-control-plane"": true}"
2026-09-20T23:33:10.360Z,flash-sale-image-loader,d97aac4b-6036-49d3-84fa-1eb65b06be9d,,Succeeded,False,0,1,0,"{""flash-sale-image-loader"": 0}","{""flash-sale-image-loader"": ""terminated""}",1,1,1,desktop-control-plane,True,"{""desktop-control-plane"": true}"
2026-09-20T23:33:10.360Z,gateway-d5b8cd646-k2t2j,73e11660-27e2-4f01-af00-a676bdd92091,gateway,Running,True,1,1,0,"{""gateway"": 0}","{""gateway"": ""running""}",1,1,1,desktop-control-plane,True,"{""desktop-control-plane"": true}"
2026-09-20T23:33:10.360Z,jaeger-7cc9b664cc-dkxmr,5f30629b-2b5b-4fec-9f8e-dd3583fe5c69,jaeger,Running,True,1,1,0,"{""jaeger"": 0}","{""jaeger"": ""running""}",1,1,1,desktop-control-plane,True,"{""desktop-control-plane"": true}"
2026-09-20T23:33:10.360Z,otel-collector-7c765745bf-hnzqr,5640ea7c-d391-4d91-a081-fdee2e1b37db,otel-collector,Running,True,1,1,0,"{""otel-collector"": 0}","{""otel-collector"": ""running""}",1,1,1,desktop-control-plane,True,"{""desktop-control-plane"": true}"
2026-09-20T23:33:10.360Z,postgres-676cc4986c-6s5kh,42b5b5b1-da74-46d8-bf66-d12e14fa3676,postgres,Running,True,1,1,0,"{""postgres"": 0}","{""postgres"": ""running""}",1,1,1,desktop-control-plane,True,"{""desktop-control-plane"": true}"
2026-09-20T23:33:10.360Z,prometheus-59f5cf7468-fksrh,de98abcd-712d-4d81-8fb2-59b3011304c6,prometheus,Running,True,1,1,0,"{""prometheus"": 0}","{""prometheus"": ""running""}",1,1,1,desktop-control-plane,True,"{""desktop-control-plane"": true}"
2026-09-20T23:33:10.360Z,rabbitmq-5cdf8f76b7-kdf8p,f02b29f9-8329-460a-9c69-31b755066885,rabbitmq,Running,True,1,1,0,"{""rabbitmq"": 0}","{""rabbitmq"": ""running""}",1,1,1,desktop-control-plane,True,"{""desktop-control-plane"": true}"
2026-09-20T23:33:10.360Z,worker-5799d849c5-66d8m,8d0e460a-5d59-44a2-9b1b-ce0d6f27aa11,worker,Running,True,1,1,0,"{""worker"": 0}","{""worker"": ""running""}",1,1,1,desktop-control-plane,True,"{""desktop-control-plane"": true}"
2026-09-20T23:33:15.360Z,api-5974b5bb7-lqxg5,b7340985-75b6-4ee6-94ae-219edb88b3cb,api,Running,True,1,1,0,"{""api"": 0}","{""api"": ""running""}",1,1,1,desktop-control-plane,True,"{""desktop-control-plane"": true}"
2026-09-20T23:33:15.360Z,flash-sale-image-loader,d97aac4b-6036-49d3-84fa-1eb65b06be9d,,Succeeded,False,0,1,0,"{""flash-sale-image-loader"": 0}","{""flash-sale-image-loader"": ""terminated""}",1,1,1,desktop-control-plane,True,"{""desktop-control-plane"": true}"
2026-09-20T23:33:15.360Z,gateway-d5b8cd646-k2t2j,73e11660-27e2-4f01-af00-a676bdd92091,gateway,Running,True,1,1,0,"{""gateway"": 0}","{""gateway"": ""running""}",1,1,1,desktop-control-plane,True,"{""desktop-control-plane"": true}"
2026-09-20T23:33:15.360Z,jaeger-7cc9b664cc-dkxmr,5f30629b-2b5b-4fec-9f8e-dd3583fe5c69,jaeger,Running,True,1,1,0,"{""jaeger"": 0}","{""jaeger"": ""running""}",1,1,1,desktop-control-plane,True,"{""desktop-control-plane"": true}"
2026-09-20T23:33:15.360Z,otel-collector-7c765745bf-hnzqr,5640ea7c-d391-4d91-a081-fdee2e1b37db,otel-collector,Running,True,1,1,0,"{""otel-collector"": 0}","{""otel-collector"": ""running""}",1,1,1,desktop-control-plane,True,"{""desktop-control-plane"": true}"
2026-09-20T23:33:15.360Z,postgres-676cc4986c-6s5kh,42b5b5b1-da74-46d8-bf66-d12e14fa3676,postgres,Running,True,1,1,0,"{""postgres"": 0}","{""postgres"": ""running""}",1,1,1,desktop-control-plane,True,"{""desktop-control-plane"": true}"
2026-09-20T23:33:15.360Z,prometheus-59f5cf7468-fksrh,de98abcd-712d-4d81-8fb2-59b3011304c6,prometheus,Running,True,1,1,0,"{""prometheus"": 0}","{""prometheus"": ""running""}",1,1,1,desktop-control-plane,True,"{""desktop-control-plane"": true}"
2026-09-20T23:33:15.360Z,rabbitmq-5cdf8f76b7-kdf8p,f02b29f9-8329-460a-9c69-31b755066885,rabbitmq,Running,True,1,1,0,"{""rabbitmq"": 0}","{""rabbitmq"": ""running""}",1,1,1,desktop-control-plane,True,"{""desktop-control-plane"": true}"
2026-09-20T23:33:15.360Z,worker-5799d849c5-66d8m,8d0e460a-5d59-44a2-9b1b-ce0d6f27aa11,worker,Running,True,1,1,0,"{""worker"": 0}","{""worker"": ""running""}",1,1,1,desktop-control-plane,True,"{""desktop-control-plane"": true}"
2026-09-20T23:33:20.360Z,api-5974b5bb7-lqxg5,b7340985-75b6-4ee6-94ae-219edb88b3cb,api,Running,True,1,1,0,"{""api"": 0}","{""api"": ""running""}",1,1,1,desktop-control-plane,True,"{""desktop-control-plane"": true}"
2026-09-20T23:33:20.360Z,flash-sale-image-loader,d97aac4b-6036-49d3-84fa-1eb65b06be9d,,Succeeded,False,0,1,0,"{""flash-sale-image-loader"": 0}","{""flash-sale-image-loader"": ""terminated""}",1,1,1,desktop-control-plane,True,"{""desktop-control-plane"": true}"
2026-09-20T23:33:20.360Z,gateway-d5b8cd646-k2t2j,73e11660-27e2-4f01-af00-a676bdd92091,gateway,Running,True,1,1,0,"{""gateway"": 0}","{""gateway"": ""running""}",1,1,1,desktop-control-plane,True,"{""desktop-control-plane"": true}"
2026-09-20T23:33:20.360Z,jaeger-7cc9b664cc-dkxmr,5f30629b-2b5b-4fec-9f8e-dd3583fe5c69,jaeger,Running,True,1,1,0,"{""jaeger"": 0}","{""jaeger"": ""running""}",1,1,1,desktop-control-plane,True,"{""desktop-control-plane"": true}"
2026-09-20T23:33:20.360Z,otel-collector-7c765745bf-hnzqr,5640ea7c-d391-4d91-a081-fdee2e1b37db,otel-collector,Running,True,1,1,0,"{""otel-collector"": 0}","{""otel-collector"": ""running""}",1,1,1,desktop-control-plane,True,"{""desktop-control-plane"": true}"
2026-09-20T23:33:20.360Z,postgres-676cc4986c-6s5kh,42b5b5b1-da74-46d8-bf66-d12e14fa3676,postgres,Running,True,1,1,0,"{""postgres"": 0}","{""postgres"": ""running""}",1,1,1,desktop-control-plane,True,"{""desktop-control-plane"": true}"
2026-09-20T23:33:20.360Z,prometheus-59f5cf7468-fksrh,de98abcd-712d-4d81-8fb2-59b3011304c6,prometheus,Running,True,1,1,0,"{""prometheus"": 0}","{""prometheus"": ""running""}",1,1,1,desktop-control-plane,True,"{""desktop-control-plane"": true}"
2026-09-20T23:33:20.360Z,rabbitmq-5cdf8f76b7-kdf8p,f02b29f9-8329-460a-9c69-31b755066885,rabbitmq,Running,True,1,1,0,"{""rabbitmq"": 0}","{""rabbitmq"": ""running""}",1,1,1,desktop-control-plane,True,"{""desktop-control-plane"": true}"
2026-09-20T23:33:20.360Z,worker-5799d849c5-66d8m,8d0e460a-5d59-44a2-9b1b-ce0d6f27aa11,worker,Running,True,1,1,0,"{""worker"": 0}","{""worker"": ""running""}",1,1,1,desktop-control-plane,True,"{""desktop-control-plane"": true}"
2026-09-20T23:33:25.360Z,api-5974b5bb7-lqxg5,b7340985-75b6-4ee6-94ae-219edb88b3cb,api,Running,True,1,1,0,"{""api"": 0}","{""api"": ""running""}",1,1,1,desktop-control-plane,True,"{""desktop-control-plane"": true}"
2026-09-20T23:33:25.360Z,flash-sale-image-loader,d97aac4b-6036-49d3-84fa-1eb65b06be9d,,Succeeded,False,0,1,0,"{""flash-sale-image-loader"": 0}","{""flash-sale-image-loader"": ""terminated""}",1,1,1,desktop-control-plane,True,"{""desktop-control-plane"": true}"
2026-09-20T23:33:25.360Z,gateway-d5b8cd646-k2t2j,73e11660-27e2-4f01-af00-a676bdd92091,gateway,Running,True,1,1,0,"{""gateway"": 0}","{""gateway"": ""running""}",1,1,1,desktop-control-plane,True,"{""desktop-control-plane"": true}"
2026-09-20T23:33:25.360Z,jaeger-7cc9b664cc-dkxmr,5f30629b-2b5b-4fec-9f8e-dd3583fe5c69,jaeger,Running,True,1,1,0,"{""jaeger"": 0}","{""jaeger"": ""running""}",1,1,1,desktop-control-plane,True,"{""desktop-control-plane"": true}"
2026-09-20T23:33:25.360Z,otel-collector-7c765745bf-hnzqr,5640ea7c-d391-4d91-a081-fdee2e1b37db,otel-collector,Running,True,1,1,0,"{""otel-collector"": 0}","{""otel-collector"": ""running""}",1,1,1,desktop-control-plane,True,"{""desktop-control-plane"": true}"
2026-09-20T23:33:25.360Z,postgres-676cc4986c-6s5kh,42b5b5b1-da74-46d8-bf66-d12e14fa3676,postgres,Running,True,1,1,0,"{""postgres"": 0}","{""postgres"": ""running""}",1,1,1,desktop-control-plane,True,"{""desktop-control-plane"": true}"
2026-09-20T23:33:25.360Z,prometheus-59f5cf7468-fksrh,de98abcd-712d-4d81-8fb2-59b3011304c6,prometheus,Running,True,1,1,0,"{""prometheus"": 0}","{""prometheus"": ""running""}",1,1,1,desktop-control-plane,True,"{""desktop-control-plane"": true}"
2026-09-20T23:33:25.360Z,rabbitmq-5cdf8f76b7-kdf8p,f02b29f9-8329-460a-9c69-31b755066885,rabbitmq,Running,True,1,1,0,"{""rabbitmq"": 0}","{""rabbitmq"": ""running""}",1,1,1,desktop-control-plane,True,"{""desktop-control-plane"": true}"
2026-09-20T23:33:25.360Z,worker-5799d849c5-66d8m,8d0e460a-5d59-44a2-9b1b-ce0d6f27aa11,worker,Running,True,1,1,0,"{""worker"": 0}","{""worker"": ""running""}",1,1,1,desktop-control-plane,True,"{""desktop-control-plane"": true}"
2026-09-20T23:33:30.360Z,api-5974b5bb7-lqxg5,b7340985-75b6-4ee6-94ae-219edb88b3cb,api,Running,True,1,1,0,"{""api"": 0}","{""api"": ""running""}",1,1,1,desktop-control-plane,True,"{""desktop-control-plane"": true}"
2026-09-20T23:33:30.360Z,flash-sale-image-loader,d97aac4b-6036-49d3-84fa-1eb65b06be9d,,Succeeded,False,0,1,0,"{""flash-sale-image-loader"": 0}","{""flash-sale-image-loader"": ""terminated""}",1,1,1,desktop-control-plane,True,"{""desktop-control-plane"": true}"
2026-09-20T23:33:30.360Z,gateway-d5b8cd646-k2t2j,73e11660-27e2-4f01-af00-a676bdd92091,gateway,Running,True,1,1,0,"{""gateway"": 0}","{""gateway"": ""running""}",1,1,1,desktop-control-plane,True,"{""desktop-control-plane"": true}"
2026-09-20T23:33:30.360Z,jaeger-7cc9b664cc-dkxmr,5f30629b-2b5b-4fec-9f8e-dd3583fe5c69,jaeger,Running,True,1,1,0,"{""jaeger"": 0}","{""jaeger"": ""running""}",1,1,1,desktop-control-plane,True,"{""desktop-control-plane"": true}"
2026-09-20T23:33:30.360Z,otel-collector-7c765745bf-hnzqr,5640ea7c-d391-4d91-a081-fdee2e1b37db,otel-collector,Running,True,1,1,0,"{""otel-collector"": 0}","{""otel-collector"": ""running""}",1,1,1,desktop-control-plane,True,"{""desktop-control-plane"": true}"
2026-09-20T23:33:30.360Z,postgres-676cc4986c-6s5kh,42b5b5b1-da74-46d8-bf66-d12e14fa3676,postgres,Running,True,1,1,0,"{""postgres"": 0}","{""postgres"": ""running""}",1,1,1,desktop-control-plane,True,"{""desktop-control-plane"": true}"
2026-09-20T23:33:30.360Z,prometheus-59f5cf7468-fksrh,de98abcd-712d-4d81-8fb2-59b3011304c6,prometheus,Running,True,1,1,0,"{""prometheus"": 0}","{""prometheus"": ""running""}",1,1,1,desktop-control-plane,True,"{""desktop-control-plane"": true}"
2026-09-20T23:33:30.360Z,rabbitmq-5cdf8f76b7-kdf8p,f02b29f9-8329-460a-9c69-31b755066885,rabbitmq,Running,True,1,1,0,"{""rabbitmq"": 0}","{""rabbitmq"": ""running""}",1,1,1,desktop-control-plane,True,"{""desktop-control-plane"": true}"
2026-09-20T23:33:30.360Z,worker-5799d849c5-66d8m,8d0e460a-5d59-44a2-9b1b-ce0d6f27aa11,worker,Running,True,1,1,0,"{""worker"": 0}","{""worker"": ""running""}",1,1,1,desktop-control-plane,True,"{""desktop-control-plane"": true}"
2026-09-20T23:33:35.361Z,api-5974b5bb7-lqxg5,b7340985-75b6-4ee6-94ae-219edb88b3cb,api,Running,True,1,1,0,"{""api"": 0}","{""api"": ""running""}",1,1,1,desktop-control-plane,True,"{""desktop-control-plane"": true}"
2026-09-20T23:33:35.361Z,flash-sale-image-loader,d97aac4b-6036-49d3-84fa-1eb65b06be9d,,Succeeded,False,0,1,0,"{""flash-sale-image-loader"": 0}","{""flash-sale-image-loader"": ""terminated""}",1,1,1,desktop-control-plane,True,"{""desktop-control-plane"": true}"
2026-09-20T23:33:35.361Z,gateway-d5b8cd646-k2t2j,73e11660-27e2-4f01-af00-a676bdd92091,gateway,Running,True,1,1,0,"{""gateway"": 0}","{""gateway"": ""running""}",1,1,1,desktop-control-plane,True,"{""desktop-control-plane"": true}"
2026-09-20T23:33:35.361Z,jaeger-7cc9b664cc-dkxmr,5f30629b-2b5b-4fec-9f8e-dd3583fe5c69,jaeger,Running,True,1,1,0,"{""jaeger"": 0}","{""jaeger"": ""running""}",1,1,1,desktop-control-plane,True,"{""desktop-control-plane"": true}"
2026-09-20T23:33:35.361Z,otel-collector-7c765745bf-hnzqr,5640ea7c-d391-4d91-a081-fdee2e1b37db,otel-collector,Running,True,1,1,0,"{""otel-collector"": 0}","{""otel-collector"": ""running""}",1,1,1,desktop-control-plane,True,"{""desktop-control-plane"": true}"
2026-09-20T23:33:35.361Z,postgres-676cc4986c-6s5kh,42b5b5b1-da74-46d8-bf66-d12e14fa3676,postgres,Running,True,1,1,0,"{""postgres"": 0}","{""postgres"": ""running""}",1,1,1,desktop-control-plane,True,"{""desktop-control-plane"": true}"
2026-09-20T23:33:35.361Z,prometheus-59f5cf7468-fksrh,de98abcd-712d-4d81-8fb2-59b3011304c6,prometheus,Running,True,1,1,0,"{""prometheus"": 0}","{""prometheus"": ""running""}",1,1,1,desktop-control-plane,True,"{""desktop-control-plane"": true}"
2026-09-20T23:33:35.361Z,rabbitmq-5cdf8f76b7-kdf8p,f02b29f9-8329-460a-9c69-31b755066885,rabbitmq,Running,True,1,1,0,"{""rabbitmq"": 0}","{""rabbitmq"": ""running""}",1,1,1,desktop-control-plane,True,"{""desktop-control-plane"": true}"
2026-09-20T23:33:35.361Z,worker-5799d849c5-66d8m,8d0e460a-5d59-44a2-9b1b-ce0d6f27aa11,worker,Running,True,1,1,0,"{""worker"": 0}","{""worker"": ""running""}",1,1,1,desktop-control-plane,True,"{""desktop-control-plane"": true}"
2026-09-20T23:33:40.361Z,api-5974b5bb7-lqxg5,b7340985-75b6-4ee6-94ae-219edb88b3cb,api,Running,True,1,1,0,"{""api"": 0}","{""api"": ""running""}",1,1,1,desktop-control-plane,True,"{""desktop-control-plane"": true}"
2026-09-20T23:33:40.361Z,flash-sale-image-loader,d97aac4b-6036-49d3-84fa-1eb65b06be9d,,Succeeded,False,0,1,0,"{""flash-sale-image-loader"": 0}","{""flash-sale-image-loader"": ""terminated""}",1,1,1,desktop-control-plane,True,"{""desktop-control-plane"": true}"
2026-09-20T23:33:40.361Z,gateway-d5b8cd646-k2t2j,73e11660-27e2-4f01-af00-a676bdd92091,gateway,Running,True,1,1,0,"{""gateway"": 0}","{""gateway"": ""running""}",1,1,1,desktop-control-plane,True,"{""desktop-control-plane"": true}"
2026-09-20T23:33:40.361Z,jaeger-7cc9b664cc-dkxmr,5f30629b-2b5b-4fec-9f8e-dd3583fe5c69,jaeger,Running,True,1,1,0,"{""jaeger"": 0}","{""jaeger"": ""running""}",1,1,1,desktop-control-plane,True,"{""desktop-control-plane"": true}"
2026-09-20T23:33:40.361Z,otel-collector-7c765745bf-hnzqr,5640ea7c-d391-4d91-a081-fdee2e1b37db,otel-collector,Running,True,1,1,0,"{""otel-collector"": 0}","{""otel-collector"": ""running""}",1,1,1,desktop-control-plane,True,"{""desktop-control-plane"": true}"
2026-09-20T23:33:40.361Z,postgres-676cc4986c-6s5kh,42b5b5b1-da74-46d8-bf66-d12e14fa3676,postgres,Running,True,1,1,0,"{""postgres"": 0}","{""postgres"": ""running""}",1,1,1,desktop-control-plane,True,"{""desktop-control-plane"": true}"
2026-09-20T23:33:40.361Z,prometheus-59f5cf7468-fksrh,de98abcd-712d-4d81-8fb2-59b3011304c6,prometheus,Running,True,1,1,0,"{""prometheus"": 0}","{""prometheus"": ""running""}",1,1,1,desktop-control-plane,True,"{""desktop-control-plane"": true}"
2026-09-20T23:33:40.361Z,rabbitmq-5cdf8f76b7-kdf8p,f02b29f9-8329-460a-9c69-31b755066885,rabbitmq,Running,True,1,1,0,"{""rabbitmq"": 0}","{""rabbitmq"": ""running""}",1,1,1,desktop-control-plane,True,"{""desktop-control-plane"": true}"
2026-09-20T23:33:40.361Z,worker-5799d849c5-66d8m,8d0e460a-5d59-44a2-9b1b-ce0d6f27aa11,worker,Running,True,1,1,0,"{""worker"": 0}","{""worker"": ""running""}",1,1,1,desktop-control-plane,True,"{""desktop-control-plane"": true}"
2026-09-20T23:33:45.361Z,api-5974b5bb7-lqxg5,b7340985-75b6-4ee6-94ae-219edb88b3cb,api,Running,True,1,1,0,"{""api"": 0}","{""api"": ""running""}",1,1,1,desktop-control-plane,True,"{""desktop-control-plane"": true}"
2026-09-20T23:33:45.361Z,flash-sale-image-loader,d97aac4b-6036-49d3-84fa-1eb65b06be9d,,Succeeded,False,0,1,0,"{""flash-sale-image-loader"": 0}","{""flash-sale-image-loader"": ""terminated""}",1,1,1,desktop-control-plane,True,"{""desktop-control-plane"": true}"
2026-09-20T23:33:45.361Z,gateway-d5b8cd646-k2t2j,73e11660-27e2-4f01-af00-a676bdd92091,gateway,Running,True,1,1,0,"{""gateway"": 0}","{""gateway"": ""running""}",1,1,1,desktop-control-plane,True,"{""desktop-control-plane"": true}"
2026-09-20T23:33:45.361Z,jaeger-7cc9b664cc-dkxmr,5f30629b-2b5b-4fec-9f8e-dd3583fe5c69,jaeger,Running,True,1,1,0,"{""jaeger"": 0}","{""jaeger"": ""running""}",1,1,1,desktop-control-plane,True,"{""desktop-control-plane"": true}"
2026-09-20T23:33:45.361Z,otel-collector-7c765745bf-hnzqr,5640ea7c-d391-4d91-a081-fdee2e1b37db,otel-collector,Running,True,1,1,0,"{""otel-collector"": 0}","{""otel-collector"": ""running""}",1,1,1,desktop-control-plane,True,"{""desktop-control-plane"": true}"
2026-09-20T23:33:45.361Z,postgres-676cc4986c-6s5kh,42b5b5b1-da74-46d8-bf66-d12e14fa3676,postgres,Running,True,1,1,0,"{""postgres"": 0}","{""postgres"": ""running""}",1,1,1,desktop-control-plane,True,"{""desktop-control-plane"": true}"
2026-09-20T23:33:45.361Z,prometheus-59f5cf7468-fksrh,de98abcd-712d-4d81-8fb2-59b3011304c6,prometheus,Running,True,1,1,0,"{""prometheus"": 0}","{""prometheus"": ""running""}",1,1,1,desktop-control-plane,True,"{""desktop-control-plane"": true}"
2026-09-20T23:33:45.361Z,rabbitmq-5cdf8f76b7-kdf8p,f02b29f9-8329-460a-9c69-31b755066885,rabbitmq,Running,True,1,1,0,"{""rabbitmq"": 0}","{""rabbitmq"": ""running""}",1,1,1,desktop-control-plane,True,"{""desktop-control-plane"": true}"
2026-09-20T23:33:45.361Z,worker-5799d849c5-66d8m,8d0e460a-5d59-44a2-9b1b-ce0d6f27aa11,worker,Running,True,1,1,0,"{""worker"": 0}","{""worker"": ""running""}",1,1,1,desktop-control-plane,True,"{""desktop-control-plane"": true}"
2026-09-20T23:33:50.361Z,api-5974b5bb7-lqxg5,b7340985-75b6-4ee6-94ae-219edb88b3cb,api,Running,True,1,1,0,"{""api"": 0}","{""api"": ""running""}",1,1,1,desktop-control-plane,True,"{""desktop-control-plane"": true}"
2026-09-20T23:33:50.361Z,flash-sale-image-loader,d97aac4b-6036-49d3-84fa-1eb65b06be9d,,Succeeded,False,0,1,0,"{""flash-sale-image-loader"": 0}","{""flash-sale-image-loader"": ""terminated""}",1,1,1,desktop-control-plane,True,"{""desktop-control-plane"": true}"
2026-09-20T23:33:50.361Z,gateway-d5b8cd646-k2t2j,73e11660-27e2-4f01-af00-a676bdd92091,gateway,Running,True,1,1,0,"{""gateway"": 0}","{""gateway"": ""running""}",1,1,1,desktop-control-plane,True,"{""desktop-control-plane"": true}"
2026-09-20T23:33:50.361Z,jaeger-7cc9b664cc-dkxmr,5f30629b-2b5b-4fec-9f8e-dd3583fe5c69,jaeger,Running,True,1,1,0,"{""jaeger"": 0}","{""jaeger"": ""running""}",1,1,1,desktop-control-plane,True,"{""desktop-control-plane"": true}"
2026-09-20T23:33:50.361Z,otel-collector-7c765745bf-hnzqr,5640ea7c-d391-4d91-a081-fdee2e1b37db,otel-collector,Running,True,1,1,0,"{""otel-collector"": 0}","{""otel-collector"": ""running""}",1,1,1,desktop-control-plane,True,"{""desktop-control-plane"": true}"
2026-09-20T23:33:50.361Z,postgres-676cc4986c-6s5kh,42b5b5b1-da74-46d8-bf66-d12e14fa3676,postgres,Running,True,1,1,0,"{""postgres"": 0}","{""postgres"": ""running""}",1,1,1,desktop-control-plane,True,"{""desktop-control-plane"": true}"
2026-09-20T23:33:50.361Z,prometheus-59f5cf7468-fksrh,de98abcd-712d-4d81-8fb2-59b3011304c6,prometheus,Running,True,1,1,0,"{""prometheus"": 0}","{""prometheus"": ""running""}",1,1,1,desktop-control-plane,True,"{""desktop-control-plane"": true}"
2026-09-20T23:33:50.361Z,rabbitmq-5cdf8f76b7-kdf8p,f02b29f9-8329-460a-9c69-31b755066885,rabbitmq,Running,True,1,1,0,"{""rabbitmq"": 0}","{""rabbitmq"": ""running""}",1,1,1,desktop-control-plane,True,"{""desktop-control-plane"": true}"
2026-09-20T23:33:50.361Z,worker-5799d849c5-66d8m,8d0e460a-5d59-44a2-9b1b-ce0d6f27aa11,worker,Running,True,1,1,0,"{""worker"": 0}","{""worker"": ""running""}",1,1,1,desktop-control-plane,True,"{""desktop-control-plane"": true}"
2026-09-20T23:33:55.362Z,api-5974b5bb7-lqxg5,b7340985-75b6-4ee6-94ae-219edb88b3cb,api,Running,True,1,1,0,"{""api"": 0}","{""api"": ""running""}",1,1,1,desktop-control-plane,True,"{""desktop-control-plane"": true}"
2026-09-20T23:33:55.362Z,flash-sale-image-loader,d97aac4b-6036-49d3-84fa-1eb65b06be9d,,Succeeded,False,0,1,0,"{""flash-sale-image-loader"": 0}","{""flash-sale-image-loader"": ""terminated""}",1,1,1,desktop-control-plane,True,"{""desktop-control-plane"": true}"
2026-09-20T23:33:55.362Z,gateway-d5b8cd646-k2t2j,73e11660-27e2-4f01-af00-a676bdd92091,gateway,Running,True,1,1,0,"{""gateway"": 0}","{""gateway"": ""running""}",1,1,1,desktop-control-plane,True,"{""desktop-control-plane"": true}"
2026-09-20T23:33:55.362Z,jaeger-7cc9b664cc-dkxmr,5f30629b-2b5b-4fec-9f8e-dd3583fe5c69,jaeger,Running,True,1,1,0,"{""jaeger"": 0}","{""jaeger"": ""running""}",1,1,1,desktop-control-plane,True,"{""desktop-control-plane"": true}"
2026-09-20T23:33:55.362Z,otel-collector-7c765745bf-hnzqr,5640ea7c-d391-4d91-a081-fdee2e1b37db,otel-collector,Running,True,1,1,0,"{""otel-collector"": 0}","{""otel-collector"": ""running""}",1,1,1,desktop-control-plane,True,"{""desktop-control-plane"": true}"
2026-09-20T23:33:55.362Z,postgres-676cc4986c-6s5kh,42b5b5b1-da74-46d8-bf66-d12e14fa3676,postgres,Running,True,1,1,0,"{""postgres"": 0}","{""postgres"": ""running""}",1,1,1,desktop-control-plane,True,"{""desktop-control-plane"": true}"
2026-09-20T23:33:55.362Z,prometheus-59f5cf7468-fksrh,de98abcd-712d-4d81-8fb2-59b3011304c6,prometheus,Running,True,1,1,0,"{""prometheus"": 0}","{""prometheus"": ""running""}",1,1,1,desktop-control-plane,True,"{""desktop-control-plane"": true}"
2026-09-20T23:33:55.362Z,rabbitmq-5cdf8f76b7-kdf8p,f02b29f9-8329-460a-9c69-31b755066885,rabbitmq,Running,True,1,1,0,"{""rabbitmq"": 0}","{""rabbitmq"": ""running""}",1,1,1,desktop-control-plane,True,"{""desktop-control-plane"": true}"
2026-09-20T23:33:55.362Z,worker-5799d849c5-66d8m,8d0e460a-5d59-44a2-9b1b-ce0d6f27aa11,worker,Running,True,1,1,0,"{""worker"": 0}","{""worker"": ""running""}",1,1,1,desktop-control-plane,True,"{""desktop-control-plane"": true}"
