timestamp,pod,pod_uid,app,phase,pod_ready,ready_containers,total_containers,restart_count,container_restarts,container_states,api_pod_count,worker_pod_count,gateway_pod_count,node,all_nodes_ready,node_states
2026-09-22T00:05:02.361Z,api-5b87c4c9d-nfcrm,16a10e06-1c63-4416-be9b-df9e5b73aa2d,api,Running,True,1,1,0,"{""api"": 0}","{""api"": ""running""}",1,1,1,desktop-control-plane,True,"{""desktop-control-plane"": true}"
2026-09-22T00:05:02.361Z,gateway-856744bb66-hzcvr,cc510c63-0609-4870-b9ca-abd3e21ac480,gateway,Running,True,1,1,1,"{""gateway"": 1}","{""gateway"": ""running""}",1,1,1,desktop-control-plane,True,"{""desktop-control-plane"": true}"
2026-09-22T00:05:02.361Z,jaeger-7cc9b664cc-jt9fj,21942cdb-b601-447a-bf38-ba3b861fe91b,jaeger,Running,True,1,1,0,"{""jaeger"": 0}","{""jaeger"": ""running""}",1,1,1,desktop-control-plane,True,"{""desktop-control-plane"": true}"
2026-09-22T00:05:02.361Z,otel-collector-7c765745bf-q69jh,9ea6d084-d3d7-4c16-a0d5-9b1cc10530b3,otel-collector,Running,True,1,1,0,"{""otel-collector"": 0}","{""otel-collector"": ""running""}",1,1,1,desktop-control-plane,True,"{""desktop-control-plane"": true}"
2026-09-22T00:05:02.361Z,postgres-676cc4986c-65g8j,208c1990-5e96-493e-951b-3925c343082b,postgres,Running,True,1,1,0,"{""postgres"": 0}","{""postgres"": ""running""}",1,1,1,desktop-control-plane,True,"{""desktop-control-plane"": true}"
2026-09-22T00:05:02.361Z,prometheus-59f5cf7468-mtx8z,59cbbbaf-6dcc-47ec-97ed-1794e4b0c8e8,prometheus,Running,True,1,1,0,"{""prometheus"": 0}","{""prometheus"": ""running""}",1,1,1,desktop-control-plane,True,"{""desktop-control-plane"": true}"
2026-09-22T00:05:02.361Z,rabbitmq-5cdf8f76b7-bwghx,0ac06c65-14a9-4bd2-b5d4-7f2a22c1c4a6,rabbitmq,Running,True,1,1,3,"{""rabbitmq"": 3}","{""rabbitmq"": ""running""}",1,1,1,desktop-control-plane,True,"{""desktop-control-plane"": true}"
2026-09-22T00:05:02.361Z,worker-5b55666b44-rqchq,2dd0ad98-71ab-4a3b-b534-291680e82fe2,worker,Running,True,1,1,3,"{""worker"": 3}","{""worker"": ""running""}",1,1,1,desktop-control-plane,True,"{""desktop-control-plane"": true}"
2026-09-22T00:05:07.362Z,api-5b87c4c9d-nfcrm,16a10e06-1c63-4416-be9b-df9e5b73aa2d,api,Running,True,1,1,0,"{""api"": 0}","{""api"": ""running""}",1,1,1,desktop-control-plane,True,"{""desktop-control-plane"": true}"
2026-09-22T00:05:07.362Z,gateway-856744bb66-hzcvr,cc510c63-0609-4870-b9ca-abd3e21ac480,gateway,Running,True,1,1,1,"{""gateway"": 1}","{""gateway"": ""running""}",1,1,1,desktop-control-plane,True,"{""desktop-control-plane"": true}"
2026-09-22T00:05:07.362Z,jaeger-7cc9b664cc-jt9fj,21942cdb-b601-447a-bf38-ba3b861fe91b,jaeger,Running,True,1,1,0,"{""jaeger"": 0}","{""jaeger"": ""running""}",1,1,1,desktop-control-plane,True,"{""desktop-control-plane"": true}"
2026-09-22T00:05:07.362Z,otel-collector-7c765745bf-q69jh,9ea6d084-d3d7-4c16-a0d5-9b1cc10530b3,otel-collector,Running,True,1,1,0,"{""otel-collector"": 0}","{""otel-collector"": ""running""}",1,1,1,desktop-control-plane,True,"{""desktop-control-plane"": true}"
2026-09-22T00:05:07.362Z,postgres-676cc4986c-65g8j,208c1990-5e96-493e-951b-3925c343082b,postgres,Running,True,1,1,0,"{""postgres"": 0}","{""postgres"": ""running""}",1,1,1,desktop-control-plane,True,"{""desktop-control-plane"": true}"
2026-09-22T00:05:07.362Z,prometheus-59f5cf7468-mtx8z,59cbbbaf-6dcc-47ec-97ed-1794e4b0c8e8,prometheus,Running,True,1,1,0,"{""prometheus"": 0}","{""prometheus"": ""running""}",1,1,1,desktop-control-plane,True,"{""desktop-control-plane"": true}"
2026-09-22T00:05:07.362Z,rabbitmq-5cdf8f76b7-bwghx,0ac06c65-14a9-4bd2-b5d4-7f2a22c1c4a6,rabbitmq,Running,True,1,1,3,"{""rabbitmq"": 3}","{""rabbitmq"": ""running""}",1,1,1,desktop-control-plane,True,"{""desktop-control-plane"": true}"
2026-09-22T00:05:07.362Z,worker-5b55666b44-rqchq,2dd0ad98-71ab-4a3b-b534-291680e82fe2,worker,Running,True,1,1,3,"{""worker"": 3}","{""worker"": ""running""}",1,1,1,desktop-control-plane,True,"{""desktop-control-plane"": true}"
2026-09-22T00:05:12.362Z,api-5b87c4c9d-nfcrm,16a10e06-1c63-4416-be9b-df9e5b73aa2d,api,Running,True,1,1,0,"{""api"": 0}","{""api"": ""running""}",1,1,1,desktop-control-plane,True,"{""desktop-control-plane"": true}"
2026-09-22T00:05:12.362Z,gateway-856744bb66-hzcvr,cc510c63-0609-4870-b9ca-abd3e21ac480,gateway,Running,True,1,1,1,"{""gateway"": 1}","{""gateway"": ""running""}",1,1,1,desktop-control-plane,True,"{""desktop-control-plane"": true}"
2026-09-22T00:05:12.362Z,jaeger-7cc9b664cc-jt9fj,21942cdb-b601-447a-bf38-ba3b861fe91b,jaeger,Running,True,1,1,0,"{""jaeger"": 0}","{""jaeger"": ""running""}",1,1,1,desktop-control-plane,True,"{""desktop-control-plane"": true}"
2026-09-22T00:05:12.362Z,otel-collector-7c765745bf-q69jh,9ea6d084-d3d7-4c16-a0d5-9b1cc10530b3,otel-collector,Running,True,1,1,0,"{""otel-collector"": 0}","{""otel-collector"": ""running""}",1,1,1,desktop-control-plane,True,"{""desktop-control-plane"": true}"
2026-09-22T00:05:12.362Z,postgres-676cc4986c-65g8j,208c1990-5e96-493e-951b-3925c343082b,postgres,Running,True,1,1,0,"{""postgres"": 0}","{""postgres"": ""running""}",1,1,1,desktop-control-plane,True,"{""desktop-control-plane"": true}"
2026-09-22T00:05:12.362Z,prometheus-59f5cf7468-mtx8z,59cbbbaf-6dcc-47ec-97ed-1794e4b0c8e8,prometheus,Running,True,1,1,0,"{""prometheus"": 0}","{""prometheus"": ""running""}",1,1,1,desktop-control-plane,True,"{""desktop-control-plane"": true}"
2026-09-22T00:05:12.362Z,rabbitmq-5cdf8f76b7-bwghx,0ac06c65-14a9-4bd2-b5d4-7f2a22c1c4a6,rabbitmq,Running,True,1,1,3,"{""rabbitmq"": 3}","{""rabbitmq"": ""running""}",1,1,1,desktop-control-plane,True,"{""desktop-control-plane"": true}"
2026-09-22T00:05:12.362Z,worker-5b55666b44-rqchq,2dd0ad98-71ab-4a3b-b534-291680e82fe2,worker,Running,True,1,1,3,"{""worker"": 3}","{""worker"": ""running""}",1,1,1,desktop-control-plane,True,"{""desktop-control-plane"": true}"
2026-09-22T00:05:17.362Z,api-5b87c4c9d-nfcrm,16a10e06-1c63-4416-be9b-df9e5b73aa2d,api,Running,True,1,1,0,"{""api"": 0}","{""api"": ""running""}",1,1,1,desktop-control-plane,True,"{""desktop-control-plane"": true}"
2026-09-22T00:05:17.362Z,gateway-856744bb66-hzcvr,cc510c63-0609-4870-b9ca-abd3e21ac480,gateway,Running,True,1,1,1,"{""gateway"": 1}","{""gateway"": ""running""}",1,1,1,desktop-control-plane,True,"{""desktop-control-plane"": true}"
2026-09-22T00:05:17.362Z,jaeger-7cc9b664cc-jt9fj,21942cdb-b601-447a-bf38-ba3b861fe91b,jaeger,Running,True,1,1,0,"{""jaeger"": 0}","{""jaeger"": ""running""}",1,1,1,desktop-control-plane,True,"{""desktop-control-plane"": true}"
2026-09-22T00:05:17.362Z,otel-collector-7c765745bf-q69jh,9ea6d084-d3d7-4c16-a0d5-9b1cc10530b3,otel-collector,Running,True,1,1,0,"{""otel-collector"": 0}","{""otel-collector"": ""running""}",1,1,1,desktop-control-plane,True,"{""desktop-control-plane"": true}"
2026-09-22T00:05:17.362Z,postgres-676cc4986c-65g8j,208c1990-5e96-493e-951b-3925c343082b,postgres,Running,True,1,1,0,"{""postgres"": 0}","{""postgres"": ""running""}",1,1,1,desktop-control-plane,True,"{""desktop-control-plane"": true}"
2026-09-22T00:05:17.362Z,prometheus-59f5cf7468-mtx8z,59cbbbaf-6dcc-47ec-97ed-1794e4b0c8e8,prometheus,Running,True,1,1,0,"{""prometheus"": 0}","{""prometheus"": ""running""}",1,1,1,desktop-control-plane,True,"{""desktop-control-plane"": true}"
2026-09-22T00:05:17.362Z,rabbitmq-5cdf8f76b7-bwghx,0ac06c65-14a9-4bd2-b5d4-7f2a22c1c4a6,rabbitmq,Running,True,1,1,3,"{""rabbitmq"": 3}","{""rabbitmq"": ""running""}",1,1,1,desktop-control-plane,True,"{""desktop-control-plane"": true}"
2026-09-22T00:05:17.362Z,worker-5b55666b44-rqchq,2dd0ad98-71ab-4a3b-b534-291680e82fe2,worker,Running,True,1,1,3,"{""worker"": 3}","{""worker"": ""running""}",1,1,1,desktop-control-plane,True,"{""desktop-control-plane"": true}"
2026-09-22T00:05:22.362Z,api-5b87c4c9d-nfcrm,16a10e06-1c63-4416-be9b-df9e5b73aa2d,api,Running,True,1,1,0,"{""api"": 0}","{""api"": ""running""}",1,1,1,desktop-control-plane,True,"{""desktop-control-plane"": true}"
2026-09-22T00:05:22.362Z,gateway-856744bb66-hzcvr,cc510c63-0609-4870-b9ca-abd3e21ac480,gateway,Running,True,1,1,1,"{""gateway"": 1}","{""gateway"": ""running""}",1,1,1,desktop-control-plane,True,"{""desktop-control-plane"": true}"
2026-09-22T00:05:22.362Z,jaeger-7cc9b664cc-jt9fj,21942cdb-b601-447a-bf38-ba3b861fe91b,jaeger,Running,True,1,1,0,"{""jaeger"": 0}","{""jaeger"": ""running""}",1,1,1,desktop-control-plane,True,"{""desktop-control-plane"": true}"
2026-09-22T00:05:22.362Z,otel-collector-7c765745bf-q69jh,9ea6d084-d3d7-4c16-a0d5-9b1cc10530b3,otel-collector,Running,True,1,1,0,"{""otel-collector"": 0}","{""otel-collector"": ""running""}",1,1,1,desktop-control-plane,True,"{""desktop-control-plane"": true}"
2026-09-22T00:05:22.362Z,postgres-676cc4986c-65g8j,208c1990-5e96-493e-951b-3925c343082b,postgres,Running,True,1,1,0,"{""postgres"": 0}","{""postgres"": ""running""}",1,1,1,desktop-control-plane,True,"{""desktop-control-plane"": true}"
2026-09-22T00:05:22.362Z,prometheus-59f5cf7468-mtx8z,59cbbbaf-6dcc-47ec-97ed-1794e4b0c8e8,prometheus,Running,True,1,1,0,"{""prometheus"": 0}","{""prometheus"": ""running""}",1,1,1,desktop-control-plane,True,"{""desktop-control-plane"": true}"
2026-09-22T00:05:22.362Z,rabbitmq-5cdf8f76b7-bwghx,0ac06c65-14a9-4bd2-b5d4-7f2a22c1c4a6,rabbitmq,Running,True,1,1,3,"{""rabbitmq"": 3}","{""rabbitmq"": ""running""}",1,1,1,desktop-control-plane,True,"{""desktop-control-plane"": true}"
2026-09-22T00:05:22.362Z,worker-5b55666b44-rqchq,2dd0ad98-71ab-4a3b-b534-291680e82fe2,worker,Running,True,1,1,3,"{""worker"": 3}","{""worker"": ""running""}",1,1,1,desktop-control-plane,True,"{""desktop-control-plane"": true}"
2026-09-22T00:05:27.363Z,api-5b87c4c9d-nfcrm,16a10e06-1c63-4416-be9b-df9e5b73aa2d,api,Running,True,1,1,0,"{""api"": 0}","{""api"": ""running""}",1,1,1,desktop-control-plane,True,"{""desktop-control-plane"": true}"
2026-09-22T00:05:27.363Z,gateway-856744bb66-hzcvr,cc510c63-0609-4870-b9ca-abd3e21ac480,gateway,Running,True,1,1,1,"{""gateway"": 1}","{""gateway"": ""running""}",1,1,1,desktop-control-plane,True,"{""desktop-control-plane"": true}"
2026-09-22T00:05:27.363Z,jaeger-7cc9b664cc-jt9fj,21942cdb-b601-447a-bf38-ba3b861fe91b,jaeger,Running,True,1,1,0,"{""jaeger"": 0}","{""jaeger"": ""running""}",1,1,1,desktop-control-plane,True,"{""desktop-control-plane"": true}"
2026-09-22T00:05:27.363Z,otel-collector-7c765745bf-q69jh,9ea6d084-d3d7-4c16-a0d5-9b1cc10530b3,otel-collector,Running,True,1,1,0,"{""otel-collector"": 0}","{""otel-collector"": ""running""}",1,1,1,desktop-control-plane,True,"{""desktop-control-plane"": true}"
2026-09-22T00:05:27.363Z,postgres-676cc4986c-65g8j,208c1990-5e96-493e-951b-3925c343082b,postgres,Running,True,1,1,0,"{""postgres"": 0}","{""postgres"": ""running""}",1,1,1,desktop-control-plane,True,"{""desktop-control-plane"": true}"
2026-09-22T00:05:27.363Z,prometheus-59f5cf7468-mtx8z,59cbbbaf-6dcc-47ec-97ed-1794e4b0c8e8,prometheus,Running,True,1,1,0,"{""prometheus"": 0}","{""prometheus"": ""running""}",1,1,1,desktop-control-plane,True,"{""desktop-control-plane"": true}"
2026-09-22T00:05:27.363Z,rabbitmq-5cdf8f76b7-bwghx,0ac06c65-14a9-4bd2-b5d4-7f2a22c1c4a6,rabbitmq,Running,True,1,1,3,"{""rabbitmq"": 3}","{""rabbitmq"": ""running""}",1,1,1,desktop-control-plane,True,"{""desktop-control-plane"": true}"
2026-09-22T00:05:27.363Z,worker-5b55666b44-rqchq,2dd0ad98-71ab-4a3b-b534-291680e82fe2,worker,Running,True,1,1,3,"{""worker"": 3}","{""worker"": ""running""}",1,1,1,desktop-control-plane,True,"{""desktop-control-plane"": true}"
2026-09-22T00:05:32.364Z,api-5b87c4c9d-nfcrm,16a10e06-1c63-4416-be9b-df9e5b73aa2d,api,Running,True,1,1,0,"{""api"": 0}","{""api"": ""running""}",1,1,1,desktop-control-plane,True,"{""desktop-control-plane"": true}"
2026-09-22T00:05:32.364Z,gateway-856744bb66-hzcvr,cc510c63-0609-4870-b9ca-abd3e21ac480,gateway,Running,True,1,1,1,"{""gateway"": 1}","{""gateway"": ""running""}",1,1,1,desktop-control-plane,True,"{""desktop-control-plane"": true}"
2026-09-22T00:05:32.364Z,jaeger-7cc9b664cc-jt9fj,21942cdb-b601-447a-bf38-ba3b861fe91b,jaeger,Running,True,1,1,0,"{""jaeger"": 0}","{""jaeger"": ""running""}",1,1,1,desktop-control-plane,True,"{""desktop-control-plane"": true}"
2026-09-22T00:05:32.364Z,otel-collector-7c765745bf-q69jh,9ea6d084-d3d7-4c16-a0d5-9b1cc10530b3,otel-collector,Running,True,1,1,0,"{""otel-collector"": 0}","{""otel-collector"": ""running""}",1,1,1,desktop-control-plane,True,"{""desktop-control-plane"": true}"
2026-09-22T00:05:32.364Z,postgres-676cc4986c-65g8j,208c1990-5e96-493e-951b-3925c343082b,postgres,Running,True,1,1,0,"{""postgres"": 0}","{""postgres"": ""running""}",1,1,1,desktop-control-plane,True,"{""desktop-control-plane"": true}"
2026-09-22T00:05:32.364Z,prometheus-59f5cf7468-mtx8z,59cbbbaf-6dcc-47ec-97ed-1794e4b0c8e8,prometheus,Running,True,1,1,0,"{""prometheus"": 0}","{""prometheus"": ""running""}",1,1,1,desktop-control-plane,True,"{""desktop-control-plane"": true}"
2026-09-22T00:05:32.364Z,rabbitmq-5cdf8f76b7-bwghx,0ac06c65-14a9-4bd2-b5d4-7f2a22c1c4a6,rabbitmq,Running,True,1,1,3,"{""rabbitmq"": 3}","{""rabbitmq"": ""running""}",1,1,1,desktop-control-plane,True,"{""desktop-control-plane"": true}"
2026-09-22T00:05:32.364Z,worker-5b55666b44-rqchq,2dd0ad98-71ab-4a3b-b534-291680e82fe2,worker,Running,True,1,1,3,"{""worker"": 3}","{""worker"": ""running""}",1,1,1,desktop-control-plane,True,"{""desktop-control-plane"": true}"
2026-09-22T00:05:37.364Z,api-5b87c4c9d-nfcrm,16a10e06-1c63-4416-be9b-df9e5b73aa2d,api,Running,True,1,1,0,"{""api"": 0}","{""api"": ""running""}",1,1,1,desktop-control-plane,True,"{""desktop-control-plane"": true}"
2026-09-22T00:05:37.364Z,gateway-856744bb66-hzcvr,cc510c63-0609-4870-b9ca-abd3e21ac480,gateway,Running,True,1,1,1,"{""gateway"": 1}","{""gateway"": ""running""}",1,1,1,desktop-control-plane,True,"{""desktop-control-plane"": true}"
2026-09-22T00:05:37.364Z,jaeger-7cc9b664cc-jt9fj,21942cdb-b601-447a-bf38-ba3b861fe91b,jaeger,Running,True,1,1,0,"{""jaeger"": 0}","{""jaeger"": ""running""}",1,1,1,desktop-control-plane,True,"{""desktop-control-plane"": true}"
2026-09-22T00:05:37.364Z,otel-collector-7c765745bf-q69jh,9ea6d084-d3d7-4c16-a0d5-9b1cc10530b3,otel-collector,Running,True,1,1,0,"{""otel-collector"": 0}","{""otel-collector"": ""running""}",1,1,1,desktop-control-plane,True,"{""desktop-control-plane"": true}"
2026-09-22T00:05:37.364Z,postgres-676cc4986c-65g8j,208c1990-5e96-493e-951b-3925c343082b,postgres,Running,True,1,1,0,"{""postgres"": 0}","{""postgres"": ""running""}",1,1,1,desktop-control-plane,True,"{""desktop-control-plane"": true}"
2026-09-22T00:05:37.364Z,prometheus-59f5cf7468-mtx8z,59cbbbaf-6dcc-47ec-97ed-1794e4b0c8e8,prometheus,Running,True,1,1,0,"{""prometheus"": 0}","{""prometheus"": ""running""}",1,1,1,desktop-control-plane,True,"{""desktop-control-plane"": true}"
2026-09-22T00:05:37.364Z,rabbitmq-5cdf8f76b7-bwghx,0ac06c65-14a9-4bd2-b5d4-7f2a22c1c4a6,rabbitmq,Running,True,1,1,3,"{""rabbitmq"": 3}","{""rabbitmq"": ""running""}",1,1,1,desktop-control-plane,True,"{""desktop-control-plane"": true}"
2026-09-22T00:05:37.364Z,worker-5b55666b44-rqchq,2dd0ad98-71ab-4a3b-b534-291680e82fe2,worker,Running,True,1,1,3,"{""worker"": 3}","{""worker"": ""running""}",1,1,1,desktop-control-plane,True,"{""desktop-control-plane"": true}"
2026-09-22T00:05:42.365Z,api-5b87c4c9d-nfcrm,16a10e06-1c63-4416-be9b-df9e5b73aa2d,api,Running,True,1,1,0,"{""api"": 0}","{""api"": ""running""}",1,1,1,desktop-control-plane,True,"{""desktop-control-plane"": true}"
2026-09-22T00:05:42.365Z,gateway-856744bb66-hzcvr,cc510c63-0609-4870-b9ca-abd3e21ac480,gateway,Running,True,1,1,1,"{""gateway"": 1}","{""gateway"": ""running""}",1,1,1,desktop-control-plane,True,"{""desktop-control-plane"": true}"
2026-09-22T00:05:42.365Z,jaeger-7cc9b664cc-jt9fj,21942cdb-b601-447a-bf38-ba3b861fe91b,jaeger,Running,True,1,1,0,"{""jaeger"": 0}","{""jaeger"": ""running""}",1,1,1,desktop-control-plane,True,"{""desktop-control-plane"": true}"
2026-09-22T00:05:42.365Z,otel-collector-7c765745bf-q69jh,9ea6d084-d3d7-4c16-a0d5-9b1cc10530b3,otel-collector,Running,True,1,1,0,"{""otel-collector"": 0}","{""otel-collector"": ""running""}",1,1,1,desktop-control-plane,True,"{""desktop-control-plane"": true}"
2026-09-22T00:05:42.365Z,postgres-676cc4986c-65g8j,208c1990-5e96-493e-951b-3925c343082b,postgres,Running,True,1,1,0,"{""postgres"": 0}","{""postgres"": ""running""}",1,1,1,desktop-control-plane,True,"{""desktop-control-plane"": true}"
2026-09-22T00:05:42.365Z,prometheus-59f5cf7468-mtx8z,59cbbbaf-6dcc-47ec-97ed-1794e4b0c8e8,prometheus,Running,True,1,1,0,"{""prometheus"": 0}","{""prometheus"": ""running""}",1,1,1,desktop-control-plane,True,"{""desktop-control-plane"": true}"
2026-09-22T00:05:42.365Z,rabbitmq-5cdf8f76b7-bwghx,0ac06c65-14a9-4bd2-b5d4-7f2a22c1c4a6,rabbitmq,Running,True,1,1,3,"{""rabbitmq"": 3}","{""rabbitmq"": ""running""}",1,1,1,desktop-control-plane,True,"{""desktop-control-plane"": true}"
2026-09-22T00:05:42.365Z,worker-5b55666b44-rqchq,2dd0ad98-71ab-4a3b-b534-291680e82fe2,worker,Running,True,1,1,3,"{""worker"": 3}","{""worker"": ""running""}",1,1,1,desktop-control-plane,True,"{""desktop-control-plane"": true}"
2026-09-22T00:05:47.365Z,api-5b87c4c9d-nfcrm,16a10e06-1c63-4416-be9b-df9e5b73aa2d,api,Running,True,1,1,0,"{""api"": 0}","{""api"": ""running""}",1,1,1,desktop-control-plane,True,"{""desktop-control-plane"": true}"
2026-09-22T00:05:47.365Z,gateway-856744bb66-hzcvr,cc510c63-0609-4870-b9ca-abd3e21ac480,gateway,Running,True,1,1,1,"{""gateway"": 1}","{""gateway"": ""running""}",1,1,1,desktop-control-plane,True,"{""desktop-control-plane"": true}"
2026-09-22T00:05:47.365Z,jaeger-7cc9b664cc-jt9fj,21942cdb-b601-447a-bf38-ba3b861fe91b,jaeger,Running,True,1,1,0,"{""jaeger"": 0}","{""jaeger"": ""running""}",1,1,1,desktop-control-plane,True,"{""desktop-control-plane"": true}"
2026-09-22T00:05:47.365Z,otel-collector-7c765745bf-q69jh,9ea6d084-d3d7-4c16-a0d5-9b1cc10530b3,otel-collector,Running,True,1,1,0,"{""otel-collector"": 0}","{""otel-collector"": ""running""}",1,1,1,desktop-control-plane,True,"{""desktop-control-plane"": true}"
2026-09-22T00:05:47.365Z,postgres-676cc4986c-65g8j,208c1990-5e96-493e-951b-3925c343082b,postgres,Running,True,1,1,0,"{""postgres"": 0}","{""postgres"": ""running""}",1,1,1,desktop-control-plane,True,"{""desktop-control-plane"": true}"
2026-09-22T00:05:47.365Z,prometheus-59f5cf7468-mtx8z,59cbbbaf-6dcc-47ec-97ed-1794e4b0c8e8,prometheus,Running,True,1,1,0,"{""prometheus"": 0}","{""prometheus"": ""running""}",1,1,1,desktop-control-plane,True,"{""desktop-control-plane"": true}"
2026-09-22T00:05:47.365Z,rabbitmq-5cdf8f76b7-bwghx,0ac06c65-14a9-4bd2-b5d4-7f2a22c1c4a6,rabbitmq,Running,True,1,1,3,"{""rabbitmq"": 3}","{""rabbitmq"": ""running""}",1,1,1,desktop-control-plane,True,"{""desktop-control-plane"": true}"
2026-09-22T00:05:47.365Z,worker-5b55666b44-rqchq,2dd0ad98-71ab-4a3b-b534-291680e82fe2,worker,Running,True,1,1,3,"{""worker"": 3}","{""worker"": ""running""}",1,1,1,desktop-control-plane,True,"{""desktop-control-plane"": true}"
2026-09-22T00:05:52.365Z,api-5b87c4c9d-nfcrm,16a10e06-1c63-4416-be9b-df9e5b73aa2d,api,Running,True,1,1,0,"{""api"": 0}","{""api"": ""running""}",1,1,1,desktop-control-plane,True,"{""desktop-control-plane"": true}"
2026-09-22T00:05:52.365Z,gateway-856744bb66-hzcvr,cc510c63-0609-4870-b9ca-abd3e21ac480,gateway,Running,True,1,1,1,"{""gateway"": 1}","{""gateway"": ""running""}",1,1,1,desktop-control-plane,True,"{""desktop-control-plane"": true}"
2026-09-22T00:05:52.365Z,jaeger-7cc9b664cc-jt9fj,21942cdb-b601-447a-bf38-ba3b861fe91b,jaeger,Running,True,1,1,0,"{""jaeger"": 0}","{""jaeger"": ""running""}",1,1,1,desktop-control-plane,True,"{""desktop-control-plane"": true}"
2026-09-22T00:05:52.365Z,otel-collector-7c765745bf-q69jh,9ea6d084-d3d7-4c16-a0d5-9b1cc10530b3,otel-collector,Running,True,1,1,0,"{""otel-collector"": 0}","{""otel-collector"": ""running""}",1,1,1,desktop-control-plane,True,"{""desktop-control-plane"": true}"
2026-09-22T00:05:52.365Z,postgres-676cc4986c-65g8j,208c1990-5e96-493e-951b-3925c343082b,postgres,Running,True,1,1,0,"{""postgres"": 0}","{""postgres"": ""running""}",1,1,1,desktop-control-plane,True,"{""desktop-control-plane"": true}"
2026-09-22T00:05:52.365Z,prometheus-59f5cf7468-mtx8z,59cbbbaf-6dcc-47ec-97ed-1794e4b0c8e8,prometheus,Running,True,1,1,0,"{""prometheus"": 0}","{""prometheus"": ""running""}",1,1,1,desktop-control-plane,True,"{""desktop-control-plane"": true}"
2026-09-22T00:05:52.365Z,rabbitmq-5cdf8f76b7-bwghx,0ac06c65-14a9-4bd2-b5d4-7f2a22c1c4a6,rabbitmq,Running,True,1,1,3,"{""rabbitmq"": 3}","{""rabbitmq"": ""running""}",1,1,1,desktop-control-plane,True,"{""desktop-control-plane"": true}"
2026-09-22T00:05:52.365Z,worker-5b55666b44-rqchq,2dd0ad98-71ab-4a3b-b534-291680e82fe2,worker,Running,True,1,1,3,"{""worker"": 3}","{""worker"": ""running""}",1,1,1,desktop-control-plane,True,"{""desktop-control-plane"": true}"
2026-09-22T00:05:57.366Z,api-5b87c4c9d-nfcrm,16a10e06-1c63-4416-be9b-df9e5b73aa2d,api,Running,True,1,1,0,"{""api"": 0}","{""api"": ""running""}",1,1,1,desktop-control-plane,True,"{""desktop-control-plane"": true}"
2026-09-22T00:05:57.366Z,gateway-856744bb66-hzcvr,cc510c63-0609-4870-b9ca-abd3e21ac480,gateway,Running,True,1,1,1,"{""gateway"": 1}","{""gateway"": ""running""}",1,1,1,desktop-control-plane,True,"{""desktop-control-plane"": true}"
2026-09-22T00:05:57.366Z,jaeger-7cc9b664cc-jt9fj,21942cdb-b601-447a-bf38-ba3b861fe91b,jaeger,Running,True,1,1,0,"{""jaeger"": 0}","{""jaeger"": ""running""}",1,1,1,desktop-control-plane,True,"{""desktop-control-plane"": true}"
2026-09-22T00:05:57.366Z,otel-collector-7c765745bf-q69jh,9ea6d084-d3d7-4c16-a0d5-9b1cc10530b3,otel-collector,Running,True,1,1,0,"{""otel-collector"": 0}","{""otel-collector"": ""running""}",1,1,1,desktop-control-plane,True,"{""desktop-control-plane"": true}"
2026-09-22T00:05:57.366Z,postgres-676cc4986c-65g8j,208c1990-5e96-493e-951b-3925c343082b,postgres,Running,True,1,1,0,"{""postgres"": 0}","{""postgres"": ""running""}",1,1,1,desktop-control-plane,True,"{""desktop-control-plane"": true}"
2026-09-22T00:05:57.366Z,prometheus-59f5cf7468-mtx8z,59cbbbaf-6dcc-47ec-97ed-1794e4b0c8e8,prometheus,Running,True,1,1,0,"{""prometheus"": 0}","{""prometheus"": ""running""}",1,1,1,desktop-control-plane,True,"{""desktop-control-plane"": true}"
2026-09-22T00:05:57.366Z,rabbitmq-5cdf8f76b7-bwghx,0ac06c65-14a9-4bd2-b5d4-7f2a22c1c4a6,rabbitmq,Running,True,1,1,3,"{""rabbitmq"": 3}","{""rabbitmq"": ""running""}",1,1,1,desktop-control-plane,True,"{""desktop-control-plane"": true}"
2026-09-22T00:05:57.366Z,worker-5b55666b44-rqchq,2dd0ad98-71ab-4a3b-b534-291680e82fe2,worker,Running,True,1,1,3,"{""worker"": 3}","{""worker"": ""running""}",1,1,1,desktop-control-plane,True,"{""desktop-control-plane"": true}"
2026-09-22T00:06:02.366Z,api-5b87c4c9d-nfcrm,16a10e06-1c63-4416-be9b-df9e5b73aa2d,api,Running,True,1,1,0,"{""api"": 0}","{""api"": ""running""}",1,1,1,desktop-control-plane,True,"{""desktop-control-plane"": true}"
2026-09-22T00:06:02.366Z,gateway-856744bb66-hzcvr,cc510c63-0609-4870-b9ca-abd3e21ac480,gateway,Running,True,1,1,1,"{""gateway"": 1}","{""gateway"": ""running""}",1,1,1,desktop-control-plane,True,"{""desktop-control-plane"": true}"
2026-09-22T00:06:02.366Z,jaeger-7cc9b664cc-jt9fj,21942cdb-b601-447a-bf38-ba3b861fe91b,jaeger,Running,True,1,1,0,"{""jaeger"": 0}","{""jaeger"": ""running""}",1,1,1,desktop-control-plane,True,"{""desktop-control-plane"": true}"
2026-09-22T00:06:02.366Z,otel-collector-7c765745bf-q69jh,9ea6d084-d3d7-4c16-a0d5-9b1cc10530b3,otel-collector,Running,True,1,1,0,"{""otel-collector"": 0}","{""otel-collector"": ""running""}",1,1,1,desktop-control-plane,True,"{""desktop-control-plane"": true}"
2026-09-22T00:06:02.366Z,postgres-676cc4986c-65g8j,208c1990-5e96-493e-951b-3925c343082b,postgres,Running,True,1,1,0,"{""postgres"": 0}","{""postgres"": ""running""}",1,1,1,desktop-control-plane,True,"{""desktop-control-plane"": true}"
2026-09-22T00:06:02.366Z,prometheus-59f5cf7468-mtx8z,59cbbbaf-6dcc-47ec-97ed-1794e4b0c8e8,prometheus,Running,True,1,1,0,"{""prometheus"": 0}","{""prometheus"": ""running""}",1,1,1,desktop-control-plane,True,"{""desktop-control-plane"": true}"
2026-09-22T00:06:02.366Z,rabbitmq-5cdf8f76b7-bwghx,0ac06c65-14a9-4bd2-b5d4-7f2a22c1c4a6,rabbitmq,Running,True,1,1,3,"{""rabbitmq"": 3}","{""rabbitmq"": ""running""}",1,1,1,desktop-control-plane,True,"{""desktop-control-plane"": true}"
2026-09-22T00:06:02.366Z,worker-5b55666b44-rqchq,2dd0ad98-71ab-4a3b-b534-291680e82fe2,worker,Running,True,1,1,3,"{""worker"": 3}","{""worker"": ""running""}",1,1,1,desktop-control-plane,True,"{""desktop-control-plane"": true}"
2026-09-22T00:06:07.366Z,api-5b87c4c9d-nfcrm,16a10e06-1c63-4416-be9b-df9e5b73aa2d,api,Running,True,1,1,0,"{""api"": 0}","{""api"": ""running""}",1,1,1,desktop-control-plane,True,"{""desktop-control-plane"": true}"
2026-09-22T00:06:07.366Z,gateway-856744bb66-hzcvr,cc510c63-0609-4870-b9ca-abd3e21ac480,gateway,Running,True,1,1,1,"{""gateway"": 1}","{""gateway"": ""running""}",1,1,1,desktop-control-plane,True,"{""desktop-control-plane"": true}"
2026-09-22T00:06:07.366Z,jaeger-7cc9b664cc-jt9fj,21942cdb-b601-447a-bf38-ba3b861fe91b,jaeger,Running,True,1,1,0,"{""jaeger"": 0}","{""jaeger"": ""running""}",1,1,1,desktop-control-plane,True,"{""desktop-control-plane"": true}"
2026-09-22T00:06:07.366Z,k6-c4-run-3-t9hqx,b0794dc5-6163-44af-91f7-f560c8168343,k6,Running,True,1,1,0,"{""k6"": 0}","{""k6"": ""running""}",1,1,1,desktop-control-plane,True,"{""desktop-control-plane"": true}"
2026-09-22T00:06:07.366Z,otel-collector-7c765745bf-q69jh,9ea6d084-d3d7-4c16-a0d5-9b1cc10530b3,otel-collector,Running,True,1,1,0,"{""otel-collector"": 0}","{""otel-collector"": ""running""}",1,1,1,desktop-control-plane,True,"{""desktop-control-plane"": true}"
2026-09-22T00:06:07.366Z,postgres-676cc4986c-65g8j,208c1990-5e96-493e-951b-3925c343082b,postgres,Running,True,1,1,0,"{""postgres"": 0}","{""postgres"": ""running""}",1,1,1,desktop-control-plane,True,"{""desktop-control-plane"": true}"
2026-09-22T00:06:07.366Z,prometheus-59f5cf7468-mtx8z,59cbbbaf-6dcc-47ec-97ed-1794e4b0c8e8,prometheus,Running,True,1,1,0,"{""prometheus"": 0}","{""prometheus"": ""running""}",1,1,1,desktop-control-plane,True,"{""desktop-control-plane"": true}"
2026-09-22T00:06:07.366Z,rabbitmq-5cdf8f76b7-bwghx,0ac06c65-14a9-4bd2-b5d4-7f2a22c1c4a6,rabbitmq,Running,True,1,1,3,"{""rabbitmq"": 3}","{""rabbitmq"": ""running""}",1,1,1,desktop-control-plane,True,"{""desktop-control-plane"": true}"
2026-09-22T00:06:07.366Z,worker-5b55666b44-rqchq,2dd0ad98-71ab-4a3b-b534-291680e82fe2,worker,Running,True,1,1,3,"{""worker"": 3}","{""worker"": ""running""}",1,1,1,desktop-control-plane,True,"{""desktop-control-plane"": true}"
2026-09-22T00:06:12.367Z,api-5b87c4c9d-nfcrm,16a10e06-1c63-4416-be9b-df9e5b73aa2d,api,Running,True,1,1,0,"{""api"": 0}","{""api"": ""running""}",1,1,1,desktop-control-plane,True,"{""desktop-control-plane"": true}"
2026-09-22T00:06:12.367Z,gateway-856744bb66-hzcvr,cc510c63-0609-4870-b9ca-abd3e21ac480,gateway,Running,True,1,1,1,"{""gateway"": 1}","{""gateway"": ""running""}",1,1,1,desktop-control-plane,True,"{""desktop-control-plane"": true}"
2026-09-22T00:06:12.367Z,jaeger-7cc9b664cc-jt9fj,21942cdb-b601-447a-bf38-ba3b861fe91b,jaeger,Running,True,1,1,0,"{""jaeger"": 0}","{""jaeger"": ""running""}",1,1,1,desktop-control-plane,True,"{""desktop-control-plane"": true}"
2026-09-22T00:06:12.367Z,k6-c4-run-3-t9hqx,b0794dc5-6163-44af-91f7-f560c8168343,k6,Running,True,1,1,0,"{""k6"": 0}","{""k6"": ""running""}",1,1,1,desktop-control-plane,True,"{""desktop-control-plane"": true}"
2026-09-22T00:06:12.367Z,otel-collector-7c765745bf-q69jh,9ea6d084-d3d7-4c16-a0d5-9b1cc10530b3,otel-collector,Running,True,1,1,0,"{""otel-collector"": 0}","{""otel-collector"": ""running""}",1,1,1,desktop-control-plane,True,"{""desktop-control-plane"": true}"
2026-09-22T00:06:12.367Z,postgres-676cc4986c-65g8j,208c1990-5e96-493e-951b-3925c343082b,postgres,Running,True,1,1,0,"{""postgres"": 0}","{""postgres"": ""running""}",1,1,1,desktop-control-plane,True,"{""desktop-control-plane"": true}"
2026-09-22T00:06:12.367Z,prometheus-59f5cf7468-mtx8z,59cbbbaf-6dcc-47ec-97ed-1794e4b0c8e8,prometheus,Running,True,1,1,0,"{""prometheus"": 0}","{""prometheus"": ""running""}",1,1,1,desktop-control-plane,True,"{""desktop-control-plane"": true}"
2026-09-22T00:06:12.367Z,rabbitmq-5cdf8f76b7-bwghx,0ac06c65-14a9-4bd2-b5d4-7f2a22c1c4a6,rabbitmq,Running,True,1,1,3,"{""rabbitmq"": 3}","{""rabbitmq"": ""running""}",1,1,1,desktop-control-plane,True,"{""desktop-control-plane"": true}"
2026-09-22T00:06:12.367Z,worker-5b55666b44-rqchq,2dd0ad98-71ab-4a3b-b534-291680e82fe2,worker,Running,True,1,1,3,"{""worker"": 3}","{""worker"": ""running""}",1,1,1,desktop-control-plane,True,"{""desktop-control-plane"": true}"
2026-09-22T00:06:17.367Z,api-5b87c4c9d-nfcrm,16a10e06-1c63-4416-be9b-df9e5b73aa2d,api,Running,True,1,1,0,"{""api"": 0}","{""api"": ""running""}",1,1,1,desktop-control-plane,True,"{""desktop-control-plane"": true}"
2026-09-22T00:06:17.367Z,gateway-856744bb66-hzcvr,cc510c63-0609-4870-b9ca-abd3e21ac480,gateway,Running,True,1,1,1,"{""gateway"": 1}","{""gateway"": ""running""}",1,1,1,desktop-control-plane,True,"{""desktop-control-plane"": true}"
2026-09-22T00:06:17.367Z,jaeger-7cc9b664cc-jt9fj,21942cdb-b601-447a-bf38-ba3b861fe91b,jaeger,Running,True,1,1,0,"{""jaeger"": 0}","{""jaeger"": ""running""}",1,1,1,desktop-control-plane,True,"{""desktop-control-plane"": true}"
2026-09-22T00:06:17.367Z,k6-c4-run-3-t9hqx,b0794dc5-6163-44af-91f7-f560c8168343,k6,Running,True,1,1,0,"{""k6"": 0}","{""k6"": ""running""}",1,1,1,desktop-control-plane,True,"{""desktop-control-plane"": true}"
2026-09-22T00:06:17.367Z,otel-collector-7c765745bf-q69jh,9ea6d084-d3d7-4c16-a0d5-9b1cc10530b3,otel-collector,Running,True,1,1,0,"{""otel-collector"": 0}","{""otel-collector"": ""running""}",1,1,1,desktop-control-plane,True,"{""desktop-control-plane"": true}"
2026-09-22T00:06:17.367Z,postgres-676cc4986c-65g8j,208c1990-5e96-493e-951b-3925c343082b,postgres,Running,True,1,1,0,"{""postgres"": 0}","{""postgres"": ""running""}",1,1,1,desktop-control-plane,True,"{""desktop-control-plane"": true}"
2026-09-22T00:06:17.367Z,prometheus-59f5cf7468-mtx8z,59cbbbaf-6dcc-47ec-97ed-1794e4b0c8e8,prometheus,Running,True,1,1,0,"{""prometheus"": 0}","{""prometheus"": ""running""}",1,1,1,desktop-control-plane,True,"{""desktop-control-plane"": true}"
2026-09-22T00:06:17.367Z,rabbitmq-5cdf8f76b7-bwghx,0ac06c65-14a9-4bd2-b5d4-7f2a22c1c4a6,rabbitmq,Running,True,1,1,3,"{""rabbitmq"": 3}","{""rabbitmq"": ""running""}",1,1,1,desktop-control-plane,True,"{""desktop-control-plane"": true}"
2026-09-22T00:06:17.367Z,worker-5b55666b44-rqchq,2dd0ad98-71ab-4a3b-b534-291680e82fe2,worker,Running,True,1,1,3,"{""worker"": 3}","{""worker"": ""running""}",1,1,1,desktop-control-plane,True,"{""desktop-control-plane"": true}"
2026-09-22T00:06:22.367Z,api-5b87c4c9d-nfcrm,16a10e06-1c63-4416-be9b-df9e5b73aa2d,api,Running,True,1,1,0,"{""api"": 0}","{""api"": ""running""}",1,1,1,desktop-control-plane,True,"{""desktop-control-plane"": true}"
2026-09-22T00:06:22.367Z,gateway-856744bb66-hzcvr,cc510c63-0609-4870-b9ca-abd3e21ac480,gateway,Running,True,1,1,1,"{""gateway"": 1}","{""gateway"": ""running""}",1,1,1,desktop-control-plane,True,"{""desktop-control-plane"": true}"
2026-09-22T00:06:22.367Z,jaeger-7cc9b664cc-jt9fj,21942cdb-b601-447a-bf38-ba3b861fe91b,jaeger,Running,True,1,1,0,"{""jaeger"": 0}","{""jaeger"": ""running""}",1,1,1,desktop-control-plane,True,"{""desktop-control-plane"": true}"
2026-09-22T00:06:22.367Z,k6-c4-run-3-t9hqx,b0794dc5-6163-44af-91f7-f560c8168343,k6,Running,True,1,1,0,"{""k6"": 0}","{""k6"": ""running""}",1,1,1,desktop-control-plane,True,"{""desktop-control-plane"": true}"
2026-09-22T00:06:22.367Z,otel-collector-7c765745bf-q69jh,9ea6d084-d3d7-4c16-a0d5-9b1cc10530b3,otel-collector,Running,True,1,1,0,"{""otel-collector"": 0}","{""otel-collector"": ""running""}",1,1,1,desktop-control-plane,True,"{""desktop-control-plane"": true}"
2026-09-22T00:06:22.367Z,postgres-676cc4986c-65g8j,208c1990-5e96-493e-951b-3925c343082b,postgres,Running,True,1,1,0,"{""postgres"": 0}","{""postgres"": ""running""}",1,1,1,desktop-control-plane,True,"{""desktop-control-plane"": true}"
2026-09-22T00:06:22.367Z,prometheus-59f5cf7468-mtx8z,59cbbbaf-6dcc-47ec-97ed-1794e4b0c8e8,prometheus,Running,True,1,1,0,"{""prometheus"": 0}","{""prometheus"": ""running""}",1,1,1,desktop-control-plane,True,"{""desktop-control-plane"": true}"
2026-09-22T00:06:22.367Z,rabbitmq-5cdf8f76b7-bwghx,0ac06c65-14a9-4bd2-b5d4-7f2a22c1c4a6,rabbitmq,Running,True,1,1,3,"{""rabbitmq"": 3}","{""rabbitmq"": ""running""}",1,1,1,desktop-control-plane,True,"{""desktop-control-plane"": true}"
2026-09-22T00:06:22.367Z,worker-5b55666b44-rqchq,2dd0ad98-71ab-4a3b-b534-291680e82fe2,worker,Running,True,1,1,3,"{""worker"": 3}","{""worker"": ""running""}",1,1,1,desktop-control-plane,True,"{""desktop-control-plane"": true}"
2026-09-22T00:06:27.368Z,api-5b87c4c9d-nfcrm,16a10e06-1c63-4416-be9b-df9e5b73aa2d,api,Running,True,1,1,0,"{""api"": 0}","{""api"": ""running""}",1,1,1,desktop-control-plane,True,"{""desktop-control-plane"": true}"
2026-09-22T00:06:27.368Z,gateway-856744bb66-hzcvr,cc510c63-0609-4870-b9ca-abd3e21ac480,gateway,Running,True,1,1,1,"{""gateway"": 1}","{""gateway"": ""running""}",1,1,1,desktop-control-plane,True,"{""desktop-control-plane"": true}"
2026-09-22T00:06:27.368Z,jaeger-7cc9b664cc-jt9fj,21942cdb-b601-447a-bf38-ba3b861fe91b,jaeger,Running,True,1,1,0,"{""jaeger"": 0}","{""jaeger"": ""running""}",1,1,1,desktop-control-plane,True,"{""desktop-control-plane"": true}"
2026-09-22T00:06:27.368Z,k6-c4-run-3-t9hqx,b0794dc5-6163-44af-91f7-f560c8168343,k6,Running,True,1,1,0,"{""k6"": 0}","{""k6"": ""running""}",1,1,1,desktop-control-plane,True,"{""desktop-control-plane"": true}"
2026-09-22T00:06:27.368Z,otel-collector-7c765745bf-q69jh,9ea6d084-d3d7-4c16-a0d5-9b1cc10530b3,otel-collector,Running,True,1,1,0,"{""otel-collector"": 0}","{""otel-collector"": ""running""}",1,1,1,desktop-control-plane,True,"{""desktop-control-plane"": true}"
2026-09-22T00:06:27.368Z,postgres-676cc4986c-65g8j,208c1990-5e96-493e-951b-3925c343082b,postgres,Running,True,1,1,0,"{""postgres"": 0}","{""postgres"": ""running""}",1,1,1,desktop-control-plane,True,"{""desktop-control-plane"": true}"
2026-09-22T00:06:27.368Z,prometheus-59f5cf7468-mtx8z,59cbbbaf-6dcc-47ec-97ed-1794e4b0c8e8,prometheus,Running,True,1,1,0,"{""prometheus"": 0}","{""prometheus"": ""running""}",1,1,1,desktop-control-plane,True,"{""desktop-control-plane"": true}"
2026-09-22T00:06:27.368Z,rabbitmq-5cdf8f76b7-bwghx,0ac06c65-14a9-4bd2-b5d4-7f2a22c1c4a6,rabbitmq,Running,True,1,1,3,"{""rabbitmq"": 3}","{""rabbitmq"": ""running""}",1,1,1,desktop-control-plane,True,"{""desktop-control-plane"": true}"
2026-09-22T00:06:27.368Z,worker-5b55666b44-rqchq,2dd0ad98-71ab-4a3b-b534-291680e82fe2,worker,Running,True,1,1,3,"{""worker"": 3}","{""worker"": ""running""}",1,1,1,desktop-control-plane,True,"{""desktop-control-plane"": true}"
2026-09-22T00:06:32.368Z,api-5b87c4c9d-nfcrm,16a10e06-1c63-4416-be9b-df9e5b73aa2d,api,Running,True,1,1,0,"{""api"": 0}","{""api"": ""running""}",1,1,1,desktop-control-plane,True,"{""desktop-control-plane"": true}"
2026-09-22T00:06:32.368Z,gateway-856744bb66-hzcvr,cc510c63-0609-4870-b9ca-abd3e21ac480,gateway,Running,True,1,1,1,"{""gateway"": 1}","{""gateway"": ""running""}",1,1,1,desktop-control-plane,True,"{""desktop-control-plane"": true}"
2026-09-22T00:06:32.368Z,jaeger-7cc9b664cc-jt9fj,21942cdb-b601-447a-bf38-ba3b861fe91b,jaeger,Running,True,1,1,0,"{""jaeger"": 0}","{""jaeger"": ""running""}",1,1,1,desktop-control-plane,True,"{""desktop-control-plane"": true}"
2026-09-22T00:06:32.368Z,k6-c4-run-3-t9hqx,b0794dc5-6163-44af-91f7-f560c8168343,k6,Running,True,1,1,0,"{""k6"": 0}","{""k6"": ""running""}",1,1,1,desktop-control-plane,True,"{""desktop-control-plane"": true}"
2026-09-22T00:06:32.368Z,otel-collector-7c765745bf-q69jh,9ea6d084-d3d7-4c16-a0d5-9b1cc10530b3,otel-collector,Running,True,1,1,0,"{""otel-collector"": 0}","{""otel-collector"": ""running""}",1,1,1,desktop-control-plane,True,"{""desktop-control-plane"": true}"
2026-09-22T00:06:32.368Z,postgres-676cc4986c-65g8j,208c1990-5e96-493e-951b-3925c343082b,postgres,Running,True,1,1,0,"{""postgres"": 0}","{""postgres"": ""running""}",1,1,1,desktop-control-plane,True,"{""desktop-control-plane"": true}"
2026-09-22T00:06:32.368Z,prometheus-59f5cf7468-mtx8z,59cbbbaf-6dcc-47ec-97ed-1794e4b0c8e8,prometheus,Running,True,1,1,0,"{""prometheus"": 0}","{""prometheus"": ""running""}",1,1,1,desktop-control-plane,True,"{""desktop-control-plane"": true}"
2026-09-22T00:06:32.368Z,rabbitmq-5cdf8f76b7-bwghx,0ac06c65-14a9-4bd2-b5d4-7f2a22c1c4a6,rabbitmq,Running,True,1,1,3,"{""rabbitmq"": 3}","{""rabbitmq"": ""running""}",1,1,1,desktop-control-plane,True,"{""desktop-control-plane"": true}"
2026-09-22T00:06:32.368Z,worker-5b55666b44-rqchq,2dd0ad98-71ab-4a3b-b534-291680e82fe2,worker,Running,True,1,1,3,"{""worker"": 3}","{""worker"": ""running""}",1,1,1,desktop-control-plane,True,"{""desktop-control-plane"": true}"
2026-09-22T00:06:37.369Z,api-5b87c4c9d-nfcrm,16a10e06-1c63-4416-be9b-df9e5b73aa2d,api,Running,True,1,1,0,"{""api"": 0}","{""api"": ""running""}",1,1,1,desktop-control-plane,True,"{""desktop-control-plane"": true}"
2026-09-22T00:06:37.369Z,gateway-856744bb66-hzcvr,cc510c63-0609-4870-b9ca-abd3e21ac480,gateway,Running,True,1,1,1,"{""gateway"": 1}","{""gateway"": ""running""}",1,1,1,desktop-control-plane,True,"{""desktop-control-plane"": true}"
2026-09-22T00:06:37.369Z,jaeger-7cc9b664cc-jt9fj,21942cdb-b601-447a-bf38-ba3b861fe91b,jaeger,Running,True,1,1,0,"{""jaeger"": 0}","{""jaeger"": ""running""}",1,1,1,desktop-control-plane,True,"{""desktop-control-plane"": true}"
2026-09-22T00:06:37.369Z,k6-c4-run-3-t9hqx,b0794dc5-6163-44af-91f7-f560c8168343,k6,Running,True,1,1,0,"{""k6"": 0}","{""k6"": ""running""}",1,1,1,desktop-control-plane,True,"{""desktop-control-plane"": true}"
2026-09-22T00:06:37.369Z,otel-collector-7c765745bf-q69jh,9ea6d084-d3d7-4c16-a0d5-9b1cc10530b3,otel-collector,Running,True,1,1,0,"{""otel-collector"": 0}","{""otel-collector"": ""running""}",1,1,1,desktop-control-plane,True,"{""desktop-control-plane"": true}"
2026-09-22T00:06:37.369Z,postgres-676cc4986c-65g8j,208c1990-5e96-493e-951b-3925c343082b,postgres,Running,True,1,1,0,"{""postgres"": 0}","{""postgres"": ""running""}",1,1,1,desktop-control-plane,True,"{""desktop-control-plane"": true}"
2026-09-22T00:06:37.369Z,prometheus-59f5cf7468-mtx8z,59cbbbaf-6dcc-47ec-97ed-1794e4b0c8e8,prometheus,Running,True,1,1,0,"{""prometheus"": 0}","{""prometheus"": ""running""}",1,1,1,desktop-control-plane,True,"{""desktop-control-plane"": true}"
2026-09-22T00:06:37.369Z,rabbitmq-5cdf8f76b7-bwghx,0ac06c65-14a9-4bd2-b5d4-7f2a22c1c4a6,rabbitmq,Running,True,1,1,3,"{""rabbitmq"": 3}","{""rabbitmq"": ""running""}",1,1,1,desktop-control-plane,True,"{""desktop-control-plane"": true}"
2026-09-22T00:06:37.369Z,worker-5b55666b44-rqchq,2dd0ad98-71ab-4a3b-b534-291680e82fe2,worker,Running,True,1,1,3,"{""worker"": 3}","{""worker"": ""running""}",1,1,1,desktop-control-plane,True,"{""desktop-control-plane"": true}"
2026-09-22T00:06:42.369Z,api-5b87c4c9d-l5dcq,d2bb0830-6abd-4c90-89fe-b42e7e4974b8,api,Running,False,0,1,0,"{""api"": 0}","{""api"": ""running""}",4,1,1,desktop-control-plane,True,"{""desktop-control-plane"": true}"
2026-09-22T00:06:42.369Z,api-5b87c4c9d-lkfcs,246a845a-413b-471b-954f-b9223009799e,api,Running,False,0,1,0,"{""api"": 0}","{""api"": ""running""}",4,1,1,desktop-control-plane,True,"{""desktop-control-plane"": true}"
2026-09-22T00:06:42.369Z,api-5b87c4c9d-nfcrm,16a10e06-1c63-4416-be9b-df9e5b73aa2d,api,Running,True,1,1,0,"{""api"": 0}","{""api"": ""running""}",4,1,1,desktop-control-plane,True,"{""desktop-control-plane"": true}"
2026-09-22T00:06:42.369Z,api-5b87c4c9d-xskq8,be55cc32-5788-4560-936c-95b2ae957384,api,Running,False,0,1,0,"{""api"": 0}","{""api"": ""running""}",4,1,1,desktop-control-plane,True,"{""desktop-control-plane"": true}"
2026-09-22T00:06:42.369Z,gateway-856744bb66-hzcvr,cc510c63-0609-4870-b9ca-abd3e21ac480,gateway,Running,True,1,1,1,"{""gateway"": 1}","{""gateway"": ""running""}",4,1,1,desktop-control-plane,True,"{""desktop-control-plane"": true}"
2026-09-22T00:06:42.369Z,jaeger-7cc9b664cc-jt9fj,21942cdb-b601-447a-bf38-ba3b861fe91b,jaeger,Running,True,1,1,0,"{""jaeger"": 0}","{""jaeger"": ""running""}",4,1,1,desktop-control-plane,True,"{""desktop-control-plane"": true}"
2026-09-22T00:06:42.369Z,k6-c4-run-3-t9hqx,b0794dc5-6163-44af-91f7-f560c8168343,k6,Running,True,1,1,0,"{""k6"": 0}","{""k6"": ""running""}",4,1,1,desktop-control-plane,True,"{""desktop-control-plane"": true}"
2026-09-22T00:06:42.369Z,otel-collector-7c765745bf-q69jh,9ea6d084-d3d7-4c16-a0d5-9b1cc10530b3,otel-collector,Running,True,1,1,0,"{""otel-collector"": 0}","{""otel-collector"": ""running""}",4,1,1,desktop-control-plane,True,"{""desktop-control-plane"": true}"
2026-09-22T00:06:42.369Z,postgres-676cc4986c-65g8j,208c1990-5e96-493e-951b-3925c343082b,postgres,Running,True,1,1,0,"{""postgres"": 0}","{""postgres"": ""running""}",4,1,1,desktop-control-plane,True,"{""desktop-control-plane"": true}"
2026-09-22T00:06:42.369Z,prometheus-59f5cf7468-mtx8z,59cbbbaf-6dcc-47ec-97ed-1794e4b0c8e8,prometheus,Running,True,1,1,0,"{""prometheus"": 0}","{""prometheus"": ""running""}",4,1,1,desktop-control-plane,True,"{""desktop-control-plane"": true}"
2026-09-22T00:06:42.369Z,rabbitmq-5cdf8f76b7-bwghx,0ac06c65-14a9-4bd2-b5d4-7f2a22c1c4a6,rabbitmq,Running,True,1,1,3,"{""rabbitmq"": 3}","{""rabbitmq"": ""running""}",4,1,1,desktop-control-plane,True,"{""desktop-control-plane"": true}"
2026-09-22T00:06:42.369Z,worker-5b55666b44-rqchq,2dd0ad98-71ab-4a3b-b534-291680e82fe2,worker,Running,True,1,1,3,"{""worker"": 3}","{""worker"": ""running""}",4,1,1,desktop-control-plane,True,"{""desktop-control-plane"": true}"
2026-09-22T00:06:47.370Z,api-5b87c4c9d-l5dcq,d2bb0830-6abd-4c90-89fe-b42e7e4974b8,api,Running,False,0,1,0,"{""api"": 0}","{""api"": ""running""}",4,1,1,desktop-control-plane,True,"{""desktop-control-plane"": true}"
2026-09-22T00:06:47.370Z,api-5b87c4c9d-lkfcs,246a845a-413b-471b-954f-b9223009799e,api,Running,False,0,1,0,"{""api"": 0}","{""api"": ""running""}",4,1,1,desktop-control-plane,True,"{""desktop-control-plane"": true}"
2026-09-22T00:06:47.370Z,api-5b87c4c9d-nfcrm,16a10e06-1c63-4416-be9b-df9e5b73aa2d,api,Running,True,1,1,0,"{""api"": 0}","{""api"": ""running""}",4,1,1,desktop-control-plane,True,"{""desktop-control-plane"": true}"
2026-09-22T00:06:47.370Z,api-5b87c4c9d-xskq8,be55cc32-5788-4560-936c-95b2ae957384,api,Running,False,0,1,0,"{""api"": 0}","{""api"": ""running""}",4,1,1,desktop-control-plane,True,"{""desktop-control-plane"": true}"
2026-09-22T00:06:47.370Z,gateway-856744bb66-hzcvr,cc510c63-0609-4870-b9ca-abd3e21ac480,gateway,Running,True,1,1,1,"{""gateway"": 1}","{""gateway"": ""running""}",4,1,1,desktop-control-plane,True,"{""desktop-control-plane"": true}"
2026-09-22T00:06:47.370Z,jaeger-7cc9b664cc-jt9fj,21942cdb-b601-447a-bf38-ba3b861fe91b,jaeger,Running,True,1,1,0,"{""jaeger"": 0}","{""jaeger"": ""running""}",4,1,1,desktop-control-plane,True,"{""desktop-control-plane"": true}"
2026-09-22T00:06:47.370Z,k6-c4-run-3-t9hqx,b0794dc5-6163-44af-91f7-f560c8168343,k6,Running,True,1,1,0,"{""k6"": 0}","{""k6"": ""running""}",4,1,1,desktop-control-plane,True,"{""desktop-control-plane"": true}"
2026-09-22T00:06:47.370Z,otel-collector-7c765745bf-q69jh,9ea6d084-d3d7-4c16-a0d5-9b1cc10530b3,otel-collector,Running,True,1,1,0,"{""otel-collector"": 0}","{""otel-collector"": ""running""}",4,1,1,desktop-control-plane,True,"{""desktop-control-plane"": true}"
2026-09-22T00:06:47.370Z,postgres-676cc4986c-65g8j,208c1990-5e96-493e-951b-3925c343082b,postgres,Running,True,1,1,0,"{""postgres"": 0}","{""postgres"": ""running""}",4,1,1,desktop-control-plane,True,"{""desktop-control-plane"": true}"
2026-09-22T00:06:47.370Z,prometheus-59f5cf7468-mtx8z,59cbbbaf-6dcc-47ec-97ed-1794e4b0c8e8,prometheus,Running,True,1,1,0,"{""prometheus"": 0}","{""prometheus"": ""running""}",4,1,1,desktop-control-plane,True,"{""desktop-control-plane"": true}"
2026-09-22T00:06:47.370Z,rabbitmq-5cdf8f76b7-bwghx,0ac06c65-14a9-4bd2-b5d4-7f2a22c1c4a6,rabbitmq,Running,True,1,1,3,"{""rabbitmq"": 3}","{""rabbitmq"": ""running""}",4,1,1,desktop-control-plane,True,"{""desktop-control-plane"": true}"
2026-09-22T00:06:47.370Z,worker-5b55666b44-rqchq,2dd0ad98-71ab-4a3b-b534-291680e82fe2,worker,Running,True,1,1,3,"{""worker"": 3}","{""worker"": ""running""}",4,1,1,desktop-control-plane,True,"{""desktop-control-plane"": true}"
2026-09-22T00:06:52.370Z,api-5b87c4c9d-l5dcq,d2bb0830-6abd-4c90-89fe-b42e7e4974b8,api,Running,False,0,1,0,"{""api"": 0}","{""api"": ""running""}",4,1,1,desktop-control-plane,True,"{""desktop-control-plane"": true}"
2026-09-22T00:06:52.370Z,api-5b87c4c9d-lkfcs,246a845a-413b-471b-954f-b9223009799e,api,Running,False,0,1,0,"{""api"": 0}","{""api"": ""running""}",4,1,1,desktop-control-plane,True,"{""desktop-control-plane"": true}"
2026-09-22T00:06:52.370Z,api-5b87c4c9d-nfcrm,16a10e06-1c63-4416-be9b-df9e5b73aa2d,api,Running,True,1,1,0,"{""api"": 0}","{""api"": ""running""}",4,1,1,desktop-control-plane,True,"{""desktop-control-plane"": true}"
2026-09-22T00:06:52.370Z,api-5b87c4c9d-xskq8,be55cc32-5788-4560-936c-95b2ae957384,api,Running,False,0,1,0,"{""api"": 0}","{""api"": ""running""}",4,1,1,desktop-control-plane,True,"{""desktop-control-plane"": true}"
2026-09-22T00:06:52.370Z,gateway-856744bb66-hzcvr,cc510c63-0609-4870-b9ca-abd3e21ac480,gateway,Running,True,1,1,1,"{""gateway"": 1}","{""gateway"": ""running""}",4,1,1,desktop-control-plane,True,"{""desktop-control-plane"": true}"
2026-09-22T00:06:52.370Z,jaeger-7cc9b664cc-jt9fj,21942cdb-b601-447a-bf38-ba3b861fe91b,jaeger,Running,True,1,1,0,"{""jaeger"": 0}","{""jaeger"": ""running""}",4,1,1,desktop-control-plane,True,"{""desktop-control-plane"": true}"
2026-09-22T00:06:52.370Z,k6-c4-run-3-t9hqx,b0794dc5-6163-44af-91f7-f560c8168343,k6,Running,True,1,1,0,"{""k6"": 0}","{""k6"": ""running""}",4,1,1,desktop-control-plane,True,"{""desktop-control-plane"": true}"
2026-09-22T00:06:52.370Z,otel-collector-7c765745bf-q69jh,9ea6d084-d3d7-4c16-a0d5-9b1cc10530b3,otel-collector,Running,True,1,1,0,"{""otel-collector"": 0}","{""otel-collector"": ""running""}",4,1,1,desktop-control-plane,True,"{""desktop-control-plane"": true}"
2026-09-22T00:06:52.370Z,postgres-676cc4986c-65g8j,208c1990-5e96-493e-951b-3925c343082b,postgres,Running,True,1,1,0,"{""postgres"": 0}","{""postgres"": ""running""}",4,1,1,desktop-control-plane,True,"{""desktop-control-plane"": true}"
2026-09-22T00:06:52.370Z,prometheus-59f5cf7468-mtx8z,59cbbbaf-6dcc-47ec-97ed-1794e4b0c8e8,prometheus,Running,True,1,1,0,"{""prometheus"": 0}","{""prometheus"": ""running""}",4,1,1,desktop-control-plane,True,"{""desktop-control-plane"": true}"
2026-09-22T00:06:52.370Z,rabbitmq-5cdf8f76b7-bwghx,0ac06c65-14a9-4bd2-b5d4-7f2a22c1c4a6,rabbitmq,Running,True,1,1,3,"{""rabbitmq"": 3}","{""rabbitmq"": ""running""}",4,1,1,desktop-control-plane,True,"{""desktop-control-plane"": true}"
2026-09-22T00:06:52.370Z,worker-5b55666b44-rqchq,2dd0ad98-71ab-4a3b-b534-291680e82fe2,worker,Running,True,1,1,3,"{""worker"": 3}","{""worker"": ""running""}",4,1,1,desktop-control-plane,True,"{""desktop-control-plane"": true}"
2026-09-22T00:06:57.370Z,api-5b87c4c9d-57hh5,5501ddc6-9f14-4ffd-a093-f9b0a662c5d3,api,Running,False,0,1,0,"{""api"": 0}","{""api"": ""running""}",5,1,1,desktop-control-plane,True,"{""desktop-control-plane"": true}"
2026-09-22T00:06:57.370Z,api-5b87c4c9d-l5dcq,d2bb0830-6abd-4c90-89fe-b42e7e4974b8,api,Running,True,1,1,0,"{""api"": 0}","{""api"": ""running""}",5,1,1,desktop-control-plane,True,"{""desktop-control-plane"": true}"
2026-09-22T00:06:57.370Z,api-5b87c4c9d-lkfcs,246a845a-413b-471b-954f-b9223009799e,api,Running,True,1,1,0,"{""api"": 0}","{""api"": ""running""}",5,1,1,desktop-control-plane,True,"{""desktop-control-plane"": true}"
2026-09-22T00:06:57.370Z,api-5b87c4c9d-nfcrm,16a10e06-1c63-4416-be9b-df9e5b73aa2d,api,Running,True,1,1,0,"{""api"": 0}","{""api"": ""running""}",5,1,1,desktop-control-plane,True,"{""desktop-control-plane"": true}"
2026-09-22T00:06:57.370Z,api-5b87c4c9d-xskq8,be55cc32-5788-4560-936c-95b2ae957384,api,Running,True,1,1,0,"{""api"": 0}","{""api"": ""running""}",5,1,1,desktop-control-plane,True,"{""desktop-control-plane"": true}"
2026-09-22T00:06:57.370Z,gateway-856744bb66-hzcvr,cc510c63-0609-4870-b9ca-abd3e21ac480,gateway,Running,True,1,1,1,"{""gateway"": 1}","{""gateway"": ""running""}",5,1,1,desktop-control-plane,True,"{""desktop-control-plane"": true}"
2026-09-22T00:06:57.370Z,jaeger-7cc9b664cc-jt9fj,21942cdb-b601-447a-bf38-ba3b861fe91b,jaeger,Running,True,1,1,0,"{""jaeger"": 0}","{""jaeger"": ""running""}",5,1,1,desktop-control-plane,True,"{""desktop-control-plane"": true}"
2026-09-22T00:06:57.370Z,k6-c4-run-3-t9hqx,b0794dc5-6163-44af-91f7-f560c8168343,k6,Running,True,1,1,0,"{""k6"": 0}","{""k6"": ""running""}",5,1,1,desktop-control-plane,True,"{""desktop-control-plane"": true}"
2026-09-22T00:06:57.370Z,otel-collector-7c765745bf-q69jh,9ea6d084-d3d7-4c16-a0d5-9b1cc10530b3,otel-collector,Running,True,1,1,0,"{""otel-collector"": 0}","{""otel-collector"": ""running""}",5,1,1,desktop-control-plane,True,"{""desktop-control-plane"": true}"
2026-09-22T00:06:57.370Z,postgres-676cc4986c-65g8j,208c1990-5e96-493e-951b-3925c343082b,postgres,Running,True,1,1,0,"{""postgres"": 0}","{""postgres"": ""running""}",5,1,1,desktop-control-plane,True,"{""desktop-control-plane"": true}"
2026-09-22T00:06:57.370Z,prometheus-59f5cf7468-mtx8z,59cbbbaf-6dcc-47ec-97ed-1794e4b0c8e8,prometheus,Running,True,1,1,0,"{""prometheus"": 0}","{""prometheus"": ""running""}",5,1,1,desktop-control-plane,True,"{""desktop-control-plane"": true}"
2026-09-22T00:06:57.370Z,rabbitmq-5cdf8f76b7-bwghx,0ac06c65-14a9-4bd2-b5d4-7f2a22c1c4a6,rabbitmq,Running,True,1,1,3,"{""rabbitmq"": 3}","{""rabbitmq"": ""running""}",5,1,1,desktop-control-plane,True,"{""desktop-control-plane"": true}"
2026-09-22T00:06:57.370Z,worker-5b55666b44-rqchq,2dd0ad98-71ab-4a3b-b534-291680e82fe2,worker,Running,True,1,1,3,"{""worker"": 3}","{""worker"": ""running""}",5,1,1,desktop-control-plane,True,"{""desktop-control-plane"": true}"
2026-09-22T00:07:02.371Z,api-5b87c4c9d-57hh5,5501ddc6-9f14-4ffd-a093-f9b0a662c5d3,api,Running,False,0,1,0,"{""api"": 0}","{""api"": ""running""}",5,1,1,desktop-control-plane,True,"{""desktop-control-plane"": true}"
2026-09-22T00:07:02.371Z,api-5b87c4c9d-l5dcq,d2bb0830-6abd-4c90-89fe-b42e7e4974b8,api,Running,True,1,1,0,"{""api"": 0}","{""api"": ""running""}",5,1,1,desktop-control-plane,True,"{""desktop-control-plane"": true}"
2026-09-22T00:07:02.371Z,api-5b87c4c9d-lkfcs,246a845a-413b-471b-954f-b9223009799e,api,Running,True,1,1,0,"{""api"": 0}","{""api"": ""running""}",5,1,1,desktop-control-plane,True,"{""desktop-control-plane"": true}"
2026-09-22T00:07:02.371Z,api-5b87c4c9d-nfcrm,16a10e06-1c63-4416-be9b-df9e5b73aa2d,api,Running,True,1,1,0,"{""api"": 0}","{""api"": ""running""}",5,1,1,desktop-control-plane,True,"{""desktop-control-plane"": true}"
2026-09-22T00:07:02.371Z,api-5b87c4c9d-xskq8,be55cc32-5788-4560-936c-95b2ae957384,api,Running,True,1,1,0,"{""api"": 0}","{""api"": ""running""}",5,1,1,desktop-control-plane,True,"{""desktop-control-plane"": true}"
2026-09-22T00:07:02.371Z,gateway-856744bb66-hzcvr,cc510c63-0609-4870-b9ca-abd3e21ac480,gateway,Running,True,1,1,1,"{""gateway"": 1}","{""gateway"": ""running""}",5,1,1,desktop-control-plane,True,"{""desktop-control-plane"": true}"
2026-09-22T00:07:02.371Z,jaeger-7cc9b664cc-jt9fj,21942cdb-b601-447a-bf38-ba3b861fe91b,jaeger,Running,True,1,1,0,"{""jaeger"": 0}","{""jaeger"": ""running""}",5,1,1,desktop-control-plane,True,"{""desktop-control-plane"": true}"
2026-09-22T00:07:02.371Z,k6-c4-run-3-t9hqx,b0794dc5-6163-44af-91f7-f560c8168343,k6,Running,True,1,1,0,"{""k6"": 0}","{""k6"": ""running""}",5,1,1,desktop-control-plane,True,"{""desktop-control-plane"": true}"
2026-09-22T00:07:02.371Z,otel-collector-7c765745bf-q69jh,9ea6d084-d3d7-4c16-a0d5-9b1cc10530b3,otel-collector,Running,True,1,1,0,"{""otel-collector"": 0}","{""otel-collector"": ""running""}",5,1,1,desktop-control-plane,True,"{""desktop-control-plane"": true}"
2026-09-22T00:07:02.371Z,postgres-676cc4986c-65g8j,208c1990-5e96-493e-951b-3925c343082b,postgres,Running,True,1,1,0,"{""postgres"": 0}","{""postgres"": ""running""}",5,1,1,desktop-control-plane,True,"{""desktop-control-plane"": true}"
2026-09-22T00:07:02.371Z,prometheus-59f5cf7468-mtx8z,59cbbbaf-6dcc-47ec-97ed-1794e4b0c8e8,prometheus,Running,True,1,1,0,"{""prometheus"": 0}","{""prometheus"": ""running""}",5,1,1,desktop-control-plane,True,"{""desktop-control-plane"": true}"
2026-09-22T00:07:02.371Z,rabbitmq-5cdf8f76b7-bwghx,0ac06c65-14a9-4bd2-b5d4-7f2a22c1c4a6,rabbitmq,Running,True,1,1,3,"{""rabbitmq"": 3}","{""rabbitmq"": ""running""}",5,1,1,desktop-control-plane,True,"{""desktop-control-plane"": true}"
2026-09-22T00:07:02.371Z,worker-5b55666b44-rqchq,2dd0ad98-71ab-4a3b-b534-291680e82fe2,worker,Running,True,1,1,3,"{""worker"": 3}","{""worker"": ""running""}",5,1,1,desktop-control-plane,True,"{""desktop-control-plane"": true}"
2026-09-22T00:07:07.371Z,api-5b87c4c9d-57hh5,5501ddc6-9f14-4ffd-a093-f9b0a662c5d3,api,Running,True,1,1,0,"{""api"": 0}","{""api"": ""running""}",5,1,1,desktop-control-plane,True,"{""desktop-control-plane"": true}"
2026-09-22T00:07:07.371Z,api-5b87c4c9d-l5dcq,d2bb0830-6abd-4c90-89fe-b42e7e4974b8,api,Running,True,1,1,0,"{""api"": 0}","{""api"": ""running""}",5,1,1,desktop-control-plane,True,"{""desktop-control-plane"": true}"
2026-09-22T00:07:07.371Z,api-5b87c4c9d-lkfcs,246a845a-413b-471b-954f-b9223009799e,api,Running,True,1,1,0,"{""api"": 0}","{""api"": ""running""}",5,1,1,desktop-control-plane,True,"{""desktop-control-plane"": true}"
2026-09-22T00:07:07.371Z,api-5b87c4c9d-nfcrm,16a10e06-1c63-4416-be9b-df9e5b73aa2d,api,Running,True,1,1,0,"{""api"": 0}","{""api"": ""running""}",5,1,1,desktop-control-plane,True,"{""desktop-control-plane"": true}"
2026-09-22T00:07:07.371Z,api-5b87c4c9d-xskq8,be55cc32-5788-4560-936c-95b2ae957384,api,Running,True,1,1,0,"{""api"": 0}","{""api"": ""running""}",5,1,1,desktop-control-plane,True,"{""desktop-control-plane"": true}"
2026-09-22T00:07:07.371Z,gateway-856744bb66-hzcvr,cc510c63-0609-4870-b9ca-abd3e21ac480,gateway,Running,True,1,1,1,"{""gateway"": 1}","{""gateway"": ""running""}",5,1,1,desktop-control-plane,True,"{""desktop-control-plane"": true}"
2026-09-22T00:07:07.371Z,jaeger-7cc9b664cc-jt9fj,21942cdb-b601-447a-bf38-ba3b861fe91b,jaeger,Running,True,1,1,0,"{""jaeger"": 0}","{""jaeger"": ""running""}",5,1,1,desktop-control-plane,True,"{""desktop-control-plane"": true}"
2026-09-22T00:07:07.371Z,k6-c4-run-3-t9hqx,b0794dc5-6163-44af-91f7-f560c8168343,k6,Running,True,1,1,0,"{""k6"": 0}","{""k6"": ""running""}",5,1,1,desktop-control-plane,True,"{""desktop-control-plane"": true}"
2026-09-22T00:07:07.371Z,otel-collector-7c765745bf-q69jh,9ea6d084-d3d7-4c16-a0d5-9b1cc10530b3,otel-collector,Running,True,1,1,0,"{""otel-collector"": 0}","{""otel-collector"": ""running""}",5,1,1,desktop-control-plane,True,"{""desktop-control-plane"": true}"
2026-09-22T00:07:07.371Z,postgres-676cc4986c-65g8j,208c1990-5e96-493e-951b-3925c343082b,postgres,Running,True,1,1,0,"{""postgres"": 0}","{""postgres"": ""running""}",5,1,1,desktop-control-plane,True,"{""desktop-control-plane"": true}"
2026-09-22T00:07:07.371Z,prometheus-59f5cf7468-mtx8z,59cbbbaf-6dcc-47ec-97ed-1794e4b0c8e8,prometheus,Running,True,1,1,0,"{""prometheus"": 0}","{""prometheus"": ""running""}",5,1,1,desktop-control-plane,True,"{""desktop-control-plane"": true}"
2026-09-22T00:07:07.371Z,rabbitmq-5cdf8f76b7-bwghx,0ac06c65-14a9-4bd2-b5d4-7f2a22c1c4a6,rabbitmq,Running,True,1,1,3,"{""rabbitmq"": 3}","{""rabbitmq"": ""running""}",5,1,1,desktop-control-plane,True,"{""desktop-control-plane"": true}"
2026-09-22T00:07:07.371Z,worker-5b55666b44-rqchq,2dd0ad98-71ab-4a3b-b534-291680e82fe2,worker,Running,True,1,1,3,"{""worker"": 3}","{""worker"": ""running""}",5,1,1,desktop-control-plane,True,"{""desktop-control-plane"": true}"
2026-09-22T00:07:12.371Z,api-5b87c4c9d-57hh5,5501ddc6-9f14-4ffd-a093-f9b0a662c5d3,api,Running,True,1,1,0,"{""api"": 0}","{""api"": ""running""}",5,1,1,desktop-control-plane,True,"{""desktop-control-plane"": true}"
2026-09-22T00:07:12.371Z,api-5b87c4c9d-l5dcq,d2bb0830-6abd-4c90-89fe-b42e7e4974b8,api,Running,True,1,1,0,"{""api"": 0}","{""api"": ""running""}",5,1,1,desktop-control-plane,True,"{""desktop-control-plane"": true}"
2026-09-22T00:07:12.371Z,api-5b87c4c9d-lkfcs,246a845a-413b-471b-954f-b9223009799e,api,Running,True,1,1,0,"{""api"": 0}","{""api"": ""running""}",5,1,1,desktop-control-plane,True,"{""desktop-control-plane"": true}"
2026-09-22T00:07:12.371Z,api-5b87c4c9d-nfcrm,16a10e06-1c63-4416-be9b-df9e5b73aa2d,api,Running,True,1,1,0,"{""api"": 0}","{""api"": ""running""}",5,1,1,desktop-control-plane,True,"{""desktop-control-plane"": true}"
2026-09-22T00:07:12.371Z,api-5b87c4c9d-xskq8,be55cc32-5788-4560-936c-95b2ae957384,api,Running,True,1,1,0,"{""api"": 0}","{""api"": ""running""}",5,1,1,desktop-control-plane,True,"{""desktop-control-plane"": true}"
2026-09-22T00:07:12.371Z,gateway-856744bb66-hzcvr,cc510c63-0609-4870-b9ca-abd3e21ac480,gateway,Running,True,1,1,1,"{""gateway"": 1}","{""gateway"": ""running""}",5,1,1,desktop-control-plane,True,"{""desktop-control-plane"": true}"
2026-09-22T00:07:12.371Z,jaeger-7cc9b664cc-jt9fj,21942cdb-b601-447a-bf38-ba3b861fe91b,jaeger,Running,True,1,1,0,"{""jaeger"": 0}","{""jaeger"": ""running""}",5,1,1,desktop-control-plane,True,"{""desktop-control-plane"": true}"
2026-09-22T00:07:12.371Z,k6-c4-run-3-t9hqx,b0794dc5-6163-44af-91f7-f560c8168343,k6,Running,True,1,1,0,"{""k6"": 0}","{""k6"": ""running""}",5,1,1,desktop-control-plane,True,"{""desktop-control-plane"": true}"
2026-09-22T00:07:12.371Z,otel-collector-7c765745bf-q69jh,9ea6d084-d3d7-4c16-a0d5-9b1cc10530b3,otel-collector,Running,True,1,1,0,"{""otel-collector"": 0}","{""otel-collector"": ""running""}",5,1,1,desktop-control-plane,True,"{""desktop-control-plane"": true}"
2026-09-22T00:07:12.371Z,postgres-676cc4986c-65g8j,208c1990-5e96-493e-951b-3925c343082b,postgres,Running,True,1,1,0,"{""postgres"": 0}","{""postgres"": ""running""}",5,1,1,desktop-control-plane,True,"{""desktop-control-plane"": true}"
2026-09-22T00:07:12.371Z,prometheus-59f5cf7468-mtx8z,59cbbbaf-6dcc-47ec-97ed-1794e4b0c8e8,prometheus,Running,True,1,1,0,"{""prometheus"": 0}","{""prometheus"": ""running""}",5,1,1,desktop-control-plane,True,"{""desktop-control-plane"": true}"
2026-09-22T00:07:12.371Z,rabbitmq-5cdf8f76b7-bwghx,0ac06c65-14a9-4bd2-b5d4-7f2a22c1c4a6,rabbitmq,Running,True,1,1,3,"{""rabbitmq"": 3}","{""rabbitmq"": ""running""}",5,1,1,desktop-control-plane,True,"{""desktop-control-plane"": true}"
2026-09-22T00:07:12.371Z,worker-5b55666b44-rqchq,2dd0ad98-71ab-4a3b-b534-291680e82fe2,worker,Running,True,1,1,3,"{""worker"": 3}","{""worker"": ""running""}",5,1,1,desktop-control-plane,True,"{""desktop-control-plane"": true}"
2026-09-22T00:07:17.371Z,api-5b87c4c9d-57hh5,5501ddc6-9f14-4ffd-a093-f9b0a662c5d3,api,Running,True,1,1,0,"{""api"": 0}","{""api"": ""running""}",5,1,1,desktop-control-plane,True,"{""desktop-control-plane"": true}"
2026-09-22T00:07:17.371Z,api-5b87c4c9d-l5dcq,d2bb0830-6abd-4c90-89fe-b42e7e4974b8,api,Running,True,1,1,0,"{""api"": 0}","{""api"": ""running""}",5,1,1,desktop-control-plane,True,"{""desktop-control-plane"": true}"
2026-09-22T00:07:17.371Z,api-5b87c4c9d-lkfcs,246a845a-413b-471b-954f-b9223009799e,api,Running,True,1,1,0,"{""api"": 0}","{""api"": ""running""}",5,1,1,desktop-control-plane,True,"{""desktop-control-plane"": true}"
2026-09-22T00:07:17.371Z,api-5b87c4c9d-nfcrm,16a10e06-1c63-4416-be9b-df9e5b73aa2d,api,Running,True,1,1,0,"{""api"": 0}","{""api"": ""running""}",5,1,1,desktop-control-plane,True,"{""desktop-control-plane"": true}"
2026-09-22T00:07:17.371Z,api-5b87c4c9d-xskq8,be55cc32-5788-4560-936c-95b2ae957384,api,Running,True,1,1,0,"{""api"": 0}","{""api"": ""running""}",5,1,1,desktop-control-plane,True,"{""desktop-control-plane"": true}"
2026-09-22T00:07:17.371Z,gateway-856744bb66-hzcvr,cc510c63-0609-4870-b9ca-abd3e21ac480,gateway,Running,True,1,1,1,"{""gateway"": 1}","{""gateway"": ""running""}",5,1,1,desktop-control-plane,True,"{""desktop-control-plane"": true}"
2026-09-22T00:07:17.371Z,jaeger-7cc9b664cc-jt9fj,21942cdb-b601-447a-bf38-ba3b861fe91b,jaeger,Running,True,1,1,0,"{""jaeger"": 0}","{""jaeger"": ""running""}",5,1,1,desktop-control-plane,True,"{""desktop-control-plane"": true}"
2026-09-22T00:07:17.371Z,k6-c4-run-3-t9hqx,b0794dc5-6163-44af-91f7-f560c8168343,k6,Running,True,1,1,0,"{""k6"": 0}","{""k6"": ""running""}",5,1,1,desktop-control-plane,True,"{""desktop-control-plane"": true}"
2026-09-22T00:07:17.371Z,otel-collector-7c765745bf-q69jh,9ea6d084-d3d7-4c16-a0d5-9b1cc10530b3,otel-collector,Running,True,1,1,0,"{""otel-collector"": 0}","{""otel-collector"": ""running""}",5,1,1,desktop-control-plane,True,"{""desktop-control-plane"": true}"
2026-09-22T00:07:17.371Z,postgres-676cc4986c-65g8j,208c1990-5e96-493e-951b-3925c343082b,postgres,Running,True,1,1,0,"{""postgres"": 0}","{""postgres"": ""running""}",5,1,1,desktop-control-plane,True,"{""desktop-control-plane"": true}"
2026-09-22T00:07:17.371Z,prometheus-59f5cf7468-mtx8z,59cbbbaf-6dcc-47ec-97ed-1794e4b0c8e8,prometheus,Running,True,1,1,0,"{""prometheus"": 0}","{""prometheus"": ""running""}",5,1,1,desktop-control-plane,True,"{""desktop-control-plane"": true}"
2026-09-22T00:07:17.371Z,rabbitmq-5cdf8f76b7-bwghx,0ac06c65-14a9-4bd2-b5d4-7f2a22c1c4a6,rabbitmq,Running,True,1,1,3,"{""rabbitmq"": 3}","{""rabbitmq"": ""running""}",5,1,1,desktop-control-plane,True,"{""desktop-control-plane"": true}"
2026-09-22T00:07:17.371Z,worker-5b55666b44-rqchq,2dd0ad98-71ab-4a3b-b534-291680e82fe2,worker,Running,True,1,1,3,"{""worker"": 3}","{""worker"": ""running""}",5,1,1,desktop-control-plane,True,"{""desktop-control-plane"": true}"
2026-09-22T00:07:22.372Z,api-5b87c4c9d-57hh5,5501ddc6-9f14-4ffd-a093-f9b0a662c5d3,api,Running,True,1,1,0,"{""api"": 0}","{""api"": ""running""}",5,1,1,desktop-control-plane,True,"{""desktop-control-plane"": true}"
2026-09-22T00:07:22.372Z,api-5b87c4c9d-l5dcq,d2bb0830-6abd-4c90-89fe-b42e7e4974b8,api,Running,True,1,1,0,"{""api"": 0}","{""api"": ""running""}",5,1,1,desktop-control-plane,True,"{""desktop-control-plane"": true}"
2026-09-22T00:07:22.372Z,api-5b87c4c9d-lkfcs,246a845a-413b-471b-954f-b9223009799e,api,Running,True,1,1,0,"{""api"": 0}","{""api"": ""running""}",5,1,1,desktop-control-plane,True,"{""desktop-control-plane"": true}"
2026-09-22T00:07:22.372Z,api-5b87c4c9d-nfcrm,16a10e06-1c63-4416-be9b-df9e5b73aa2d,api,Running,True,1,1,0,"{""api"": 0}","{""api"": ""running""}",5,1,1,desktop-control-plane,True,"{""desktop-control-plane"": true}"
2026-09-22T00:07:22.372Z,api-5b87c4c9d-xskq8,be55cc32-5788-4560-936c-95b2ae957384,api,Running,True,1,1,0,"{""api"": 0}","{""api"": ""running""}",5,1,1,desktop-control-plane,True,"{""desktop-control-plane"": true}"
2026-09-22T00:07:22.372Z,gateway-856744bb66-hzcvr,cc510c63-0609-4870-b9ca-abd3e21ac480,gateway,Running,True,1,1,1,"{""gateway"": 1}","{""gateway"": ""running""}",5,1,1,desktop-control-plane,True,"{""desktop-control-plane"": true}"
2026-09-22T00:07:22.372Z,jaeger-7cc9b664cc-jt9fj,21942cdb-b601-447a-bf38-ba3b861fe91b,jaeger,Running,True,1,1,0,"{""jaeger"": 0}","{""jaeger"": ""running""}",5,1,1,desktop-control-plane,True,"{""desktop-control-plane"": true}"
2026-09-22T00:07:22.372Z,k6-c4-run-3-t9hqx,b0794dc5-6163-44af-91f7-f560c8168343,k6,Running,True,1,1,0,"{""k6"": 0}","{""k6"": ""running""}",5,1,1,desktop-control-plane,True,"{""desktop-control-plane"": true}"
2026-09-22T00:07:22.372Z,otel-collector-7c765745bf-q69jh,9ea6d084-d3d7-4c16-a0d5-9b1cc10530b3,otel-collector,Running,True,1,1,0,"{""otel-collector"": 0}","{""otel-collector"": ""running""}",5,1,1,desktop-control-plane,True,"{""desktop-control-plane"": true}"
2026-09-22T00:07:22.372Z,postgres-676cc4986c-65g8j,208c1990-5e96-493e-951b-3925c343082b,postgres,Running,True,1,1,0,"{""postgres"": 0}","{""postgres"": ""running""}",5,1,1,desktop-control-plane,True,"{""desktop-control-plane"": true}"
2026-09-22T00:07:22.372Z,prometheus-59f5cf7468-mtx8z,59cbbbaf-6dcc-47ec-97ed-1794e4b0c8e8,prometheus,Running,True,1,1,0,"{""prometheus"": 0}","{""prometheus"": ""running""}",5,1,1,desktop-control-plane,True,"{""desktop-control-plane"": true}"
2026-09-22T00:07:22.372Z,rabbitmq-5cdf8f76b7-bwghx,0ac06c65-14a9-4bd2-b5d4-7f2a22c1c4a6,rabbitmq,Running,True,1,1,3,"{""rabbitmq"": 3}","{""rabbitmq"": ""running""}",5,1,1,desktop-control-plane,True,"{""desktop-control-plane"": true}"
2026-09-22T00:07:22.372Z,worker-5b55666b44-rqchq,2dd0ad98-71ab-4a3b-b534-291680e82fe2,worker,Running,True,1,1,3,"{""worker"": 3}","{""worker"": ""running""}",5,1,1,desktop-control-plane,True,"{""desktop-control-plane"": true}"
2026-09-22T00:07:27.372Z,api-5b87c4c9d-57hh5,5501ddc6-9f14-4ffd-a093-f9b0a662c5d3,api,Running,True,1,1,0,"{""api"": 0}","{""api"": ""running""}",5,1,1,desktop-control-plane,True,"{""desktop-control-plane"": true}"
2026-09-22T00:07:27.372Z,api-5b87c4c9d-l5dcq,d2bb0830-6abd-4c90-89fe-b42e7e4974b8,api,Running,True,1,1,0,"{""api"": 0}","{""api"": ""running""}",5,1,1,desktop-control-plane,True,"{""desktop-control-plane"": true}"
2026-09-22T00:07:27.372Z,api-5b87c4c9d-lkfcs,246a845a-413b-471b-954f-b9223009799e,api,Running,True,1,1,0,"{""api"": 0}","{""api"": ""running""}",5,1,1,desktop-control-plane,True,"{""desktop-control-plane"": true}"
2026-09-22T00:07:27.372Z,api-5b87c4c9d-nfcrm,16a10e06-1c63-4416-be9b-df9e5b73aa2d,api,Running,True,1,1,0,"{""api"": 0}","{""api"": ""running""}",5,1,1,desktop-control-plane,True,"{""desktop-control-plane"": true}"
2026-09-22T00:07:27.372Z,api-5b87c4c9d-xskq8,be55cc32-5788-4560-936c-95b2ae957384,api,Running,True,1,1,0,"{""api"": 0}","{""api"": ""running""}",5,1,1,desktop-control-plane,True,"{""desktop-control-plane"": true}"
2026-09-22T00:07:27.372Z,gateway-856744bb66-hzcvr,cc510c63-0609-4870-b9ca-abd3e21ac480,gateway,Running,True,1,1,1,"{""gateway"": 1}","{""gateway"": ""running""}",5,1,1,desktop-control-plane,True,"{""desktop-control-plane"": true}"
2026-09-22T00:07:27.372Z,jaeger-7cc9b664cc-jt9fj,21942cdb-b601-447a-bf38-ba3b861fe91b,jaeger,Running,True,1,1,0,"{""jaeger"": 0}","{""jaeger"": ""running""}",5,1,1,desktop-control-plane,True,"{""desktop-control-plane"": true}"
2026-09-22T00:07:27.372Z,k6-c4-run-3-t9hqx,b0794dc5-6163-44af-91f7-f560c8168343,k6,Running,True,1,1,0,"{""k6"": 0}","{""k6"": ""running""}",5,1,1,desktop-control-plane,True,"{""desktop-control-plane"": true}"
2026-09-22T00:07:27.372Z,otel-collector-7c765745bf-q69jh,9ea6d084-d3d7-4c16-a0d5-9b1cc10530b3,otel-collector,Running,True,1,1,0,"{""otel-collector"": 0}","{""otel-collector"": ""running""}",5,1,1,desktop-control-plane,True,"{""desktop-control-plane"": true}"
2026-09-22T00:07:27.372Z,postgres-676cc4986c-65g8j,208c1990-5e96-493e-951b-3925c343082b,postgres,Running,True,1,1,0,"{""postgres"": 0}","{""postgres"": ""running""}",5,1,1,desktop-control-plane,True,"{""desktop-control-plane"": true}"
2026-09-22T00:07:27.372Z,prometheus-59f5cf7468-mtx8z,59cbbbaf-6dcc-47ec-97ed-1794e4b0c8e8,prometheus,Running,True,1,1,0,"{""prometheus"": 0}","{""prometheus"": ""running""}",5,1,1,desktop-control-plane,True,"{""desktop-control-plane"": true}"
2026-09-22T00:07:27.372Z,rabbitmq-5cdf8f76b7-bwghx,0ac06c65-14a9-4bd2-b5d4-7f2a22c1c4a6,rabbitmq,Running,True,1,1,3,"{""rabbitmq"": 3}","{""rabbitmq"": ""running""}",5,1,1,desktop-control-plane,True,"{""desktop-control-plane"": true}"
2026-09-22T00:07:27.372Z,worker-5b55666b44-rqchq,2dd0ad98-71ab-4a3b-b534-291680e82fe2,worker,Running,True,1,1,3,"{""worker"": 3}","{""worker"": ""running""}",5,1,1,desktop-control-plane,True,"{""desktop-control-plane"": true}"
2026-09-22T00:07:32.372Z,api-5b87c4c9d-57hh5,5501ddc6-9f14-4ffd-a093-f9b0a662c5d3,api,Running,True,1,1,0,"{""api"": 0}","{""api"": ""running""}",5,1,1,desktop-control-plane,True,"{""desktop-control-plane"": true}"
2026-09-22T00:07:32.372Z,api-5b87c4c9d-l5dcq,d2bb0830-6abd-4c90-89fe-b42e7e4974b8,api,Running,True,1,1,0,"{""api"": 0}","{""api"": ""running""}",5,1,1,desktop-control-plane,True,"{""desktop-control-plane"": true}"
2026-09-22T00:07:32.372Z,api-5b87c4c9d-lkfcs,246a845a-413b-471b-954f-b9223009799e,api,Running,True,1,1,0,"{""api"": 0}","{""api"": ""running""}",5,1,1,desktop-control-plane,True,"{""desktop-control-plane"": true}"
2026-09-22T00:07:32.372Z,api-5b87c4c9d-nfcrm,16a10e06-1c63-4416-be9b-df9e5b73aa2d,api,Running,True,1,1,0,"{""api"": 0}","{""api"": ""running""}",5,1,1,desktop-control-plane,True,"{""desktop-control-plane"": true}"
2026-09-22T00:07:32.372Z,api-5b87c4c9d-xskq8,be55cc32-5788-4560-936c-95b2ae957384,api,Running,True,1,1,0,"{""api"": 0}","{""api"": ""running""}",5,1,1,desktop-control-plane,True,"{""desktop-control-plane"": true}"
2026-09-22T00:07:32.372Z,gateway-856744bb66-hzcvr,cc510c63-0609-4870-b9ca-abd3e21ac480,gateway,Running,True,1,1,1,"{""gateway"": 1}","{""gateway"": ""running""}",5,1,1,desktop-control-plane,True,"{""desktop-control-plane"": true}"
2026-09-22T00:07:32.372Z,jaeger-7cc9b664cc-jt9fj,21942cdb-b601-447a-bf38-ba3b861fe91b,jaeger,Running,True,1,1,0,"{""jaeger"": 0}","{""jaeger"": ""running""}",5,1,1,desktop-control-plane,True,"{""desktop-control-plane"": true}"
2026-09-22T00:07:32.372Z,k6-c4-run-3-t9hqx,b0794dc5-6163-44af-91f7-f560c8168343,k6,Running,True,1,1,0,"{""k6"": 0}","{""k6"": ""running""}",5,1,1,desktop-control-plane,True,"{""desktop-control-plane"": true}"
2026-09-22T00:07:32.372Z,otel-collector-7c765745bf-q69jh,9ea6d084-d3d7-4c16-a0d5-9b1cc10530b3,otel-collector,Running,True,1,1,0,"{""otel-collector"": 0}","{""otel-collector"": ""running""}",5,1,1,desktop-control-plane,True,"{""desktop-control-plane"": true}"
2026-09-22T00:07:32.372Z,postgres-676cc4986c-65g8j,208c1990-5e96-493e-951b-3925c343082b,postgres,Running,True,1,1,0,"{""postgres"": 0}","{""postgres"": ""running""}",5,1,1,desktop-control-plane,True,"{""desktop-control-plane"": true}"
2026-09-22T00:07:32.372Z,prometheus-59f5cf7468-mtx8z,59cbbbaf-6dcc-47ec-97ed-1794e4b0c8e8,prometheus,Running,True,1,1,0,"{""prometheus"": 0}","{""prometheus"": ""running""}",5,1,1,desktop-control-plane,True,"{""desktop-control-plane"": true}"
2026-09-22T00:07:32.372Z,rabbitmq-5cdf8f76b7-bwghx,0ac06c65-14a9-4bd2-b5d4-7f2a22c1c4a6,rabbitmq,Running,True,1,1,3,"{""rabbitmq"": 3}","{""rabbitmq"": ""running""}",5,1,1,desktop-control-plane,True,"{""desktop-control-plane"": true}"
2026-09-22T00:07:32.372Z,worker-5b55666b44-rqchq,2dd0ad98-71ab-4a3b-b534-291680e82fe2,worker,Running,True,1,1,3,"{""worker"": 3}","{""worker"": ""running""}",5,1,1,desktop-control-plane,True,"{""desktop-control-plane"": true}"
2026-09-22T00:07:37.373Z,api-5b87c4c9d-57hh5,5501ddc6-9f14-4ffd-a093-f9b0a662c5d3,api,Running,True,1,1,0,"{""api"": 0}","{""api"": ""running""}",5,1,1,desktop-control-plane,True,"{""desktop-control-plane"": true}"
2026-09-22T00:07:37.373Z,api-5b87c4c9d-l5dcq,d2bb0830-6abd-4c90-89fe-b42e7e4974b8,api,Running,True,1,1,0,"{""api"": 0}","{""api"": ""running""}",5,1,1,desktop-control-plane,True,"{""desktop-control-plane"": true}"
2026-09-22T00:07:37.373Z,api-5b87c4c9d-lkfcs,246a845a-413b-471b-954f-b9223009799e,api,Running,True,1,1,0,"{""api"": 0}","{""api"": ""running""}",5,1,1,desktop-control-plane,True,"{""desktop-control-plane"": true}"
2026-09-22T00:07:37.373Z,api-5b87c4c9d-nfcrm,16a10e06-1c63-4416-be9b-df9e5b73aa2d,api,Running,True,1,1,0,"{""api"": 0}","{""api"": ""running""}",5,1,1,desktop-control-plane,True,"{""desktop-control-plane"": true}"
2026-09-22T00:07:37.373Z,api-5b87c4c9d-xskq8,be55cc32-5788-4560-936c-95b2ae957384,api,Running,True,1,1,0,"{""api"": 0}","{""api"": ""running""}",5,1,1,desktop-control-plane,True,"{""desktop-control-plane"": true}"
2026-09-22T00:07:37.373Z,gateway-856744bb66-hzcvr,cc510c63-0609-4870-b9ca-abd3e21ac480,gateway,Running,True,1,1,1,"{""gateway"": 1}","{""gateway"": ""running""}",5,1,1,desktop-control-plane,True,"{""desktop-control-plane"": true}"
2026-09-22T00:07:37.373Z,jaeger-7cc9b664cc-jt9fj,21942cdb-b601-447a-bf38-ba3b861fe91b,jaeger,Running,True,1,1,0,"{""jaeger"": 0}","{""jaeger"": ""running""}",5,1,1,desktop-control-plane,True,"{""desktop-control-plane"": true}"
2026-09-22T00:07:37.373Z,k6-c4-run-3-t9hqx,b0794dc5-6163-44af-91f7-f560c8168343,k6,Running,True,1,1,0,"{""k6"": 0}","{""k6"": ""running""}",5,1,1,desktop-control-plane,True,"{""desktop-control-plane"": true}"
2026-09-22T00:07:37.373Z,otel-collector-7c765745bf-q69jh,9ea6d084-d3d7-4c16-a0d5-9b1cc10530b3,otel-collector,Running,True,1,1,0,"{""otel-collector"": 0}","{""otel-collector"": ""running""}",5,1,1,desktop-control-plane,True,"{""desktop-control-plane"": true}"
2026-09-22T00:07:37.373Z,postgres-676cc4986c-65g8j,208c1990-5e96-493e-951b-3925c343082b,postgres,Running,True,1,1,0,"{""postgres"": 0}","{""postgres"": ""running""}",5,1,1,desktop-control-plane,True,"{""desktop-control-plane"": true}"
2026-09-22T00:07:37.373Z,prometheus-59f5cf7468-mtx8z,59cbbbaf-6dcc-47ec-97ed-1794e4b0c8e8,prometheus,Running,True,1,1,0,"{""prometheus"": 0}","{""prometheus"": ""running""}",5,1,1,desktop-control-plane,True,"{""desktop-control-plane"": true}"
2026-09-22T00:07:37.373Z,rabbitmq-5cdf8f76b7-bwghx,0ac06c65-14a9-4bd2-b5d4-7f2a22c1c4a6,rabbitmq,Running,True,1,1,3,"{""rabbitmq"": 3}","{""rabbitmq"": ""running""}",5,1,1,desktop-control-plane,True,"{""desktop-control-plane"": true}"
2026-09-22T00:07:37.373Z,worker-5b55666b44-rqchq,2dd0ad98-71ab-4a3b-b534-291680e82fe2,worker,Running,True,1,1,3,"{""worker"": 3}","{""worker"": ""running""}",5,1,1,desktop-control-plane,True,"{""desktop-control-plane"": true}"
2026-09-22T00:07:42.373Z,api-5b87c4c9d-57hh5,5501ddc6-9f14-4ffd-a093-f9b0a662c5d3,api,Running,True,1,1,0,"{""api"": 0}","{""api"": ""running""}",5,1,1,desktop-control-plane,True,"{""desktop-control-plane"": true}"
2026-09-22T00:07:42.373Z,api-5b87c4c9d-l5dcq,d2bb0830-6abd-4c90-89fe-b42e7e4974b8,api,Running,True,1,1,0,"{""api"": 0}","{""api"": ""running""}",5,1,1,desktop-control-plane,True,"{""desktop-control-plane"": true}"
2026-09-22T00:07:42.373Z,api-5b87c4c9d-lkfcs,246a845a-413b-471b-954f-b9223009799e,api,Running,True,1,1,0,"{""api"": 0}","{""api"": ""running""}",5,1,1,desktop-control-plane,True,"{""desktop-control-plane"": true}"
2026-09-22T00:07:42.373Z,api-5b87c4c9d-nfcrm,16a10e06-1c63-4416-be9b-df9e5b73aa2d,api,Running,True,1,1,0,"{""api"": 0}","{""api"": ""running""}",5,1,1,desktop-control-plane,True,"{""desktop-control-plane"": true}"
2026-09-22T00:07:42.373Z,api-5b87c4c9d-xskq8,be55cc32-5788-4560-936c-95b2ae957384,api,Running,True,1,1,0,"{""api"": 0}","{""api"": ""running""}",5,1,1,desktop-control-plane,True,"{""desktop-control-plane"": true}"
2026-09-22T00:07:42.373Z,gateway-856744bb66-hzcvr,cc510c63-0609-4870-b9ca-abd3e21ac480,gateway,Running,True,1,1,1,"{""gateway"": 1}","{""gateway"": ""running""}",5,1,1,desktop-control-plane,True,"{""desktop-control-plane"": true}"
2026-09-22T00:07:42.373Z,jaeger-7cc9b664cc-jt9fj,21942cdb-b601-447a-bf38-ba3b861fe91b,jaeger,Running,True,1,1,0,"{""jaeger"": 0}","{""jaeger"": ""running""}",5,1,1,desktop-control-plane,True,"{""desktop-control-plane"": true}"
2026-09-22T00:07:42.373Z,otel-collector-7c765745bf-q69jh,9ea6d084-d3d7-4c16-a0d5-9b1cc10530b3,otel-collector,Running,True,1,1,0,"{""otel-collector"": 0}","{""otel-collector"": ""running""}",5,1,1,desktop-control-plane,True,"{""desktop-control-plane"": true}"
2026-09-22T00:07:42.373Z,postgres-676cc4986c-65g8j,208c1990-5e96-493e-951b-3925c343082b,postgres,Running,True,1,1,0,"{""postgres"": 0}","{""postgres"": ""running""}",5,1,1,desktop-control-plane,True,"{""desktop-control-plane"": true}"
2026-09-22T00:07:42.373Z,prometheus-59f5cf7468-mtx8z,59cbbbaf-6dcc-47ec-97ed-1794e4b0c8e8,prometheus,Running,True,1,1,0,"{""prometheus"": 0}","{""prometheus"": ""running""}",5,1,1,desktop-control-plane,True,"{""desktop-control-plane"": true}"
2026-09-22T00:07:42.373Z,rabbitmq-5cdf8f76b7-bwghx,0ac06c65-14a9-4bd2-b5d4-7f2a22c1c4a6,rabbitmq,Running,True,1,1,3,"{""rabbitmq"": 3}","{""rabbitmq"": ""running""}",5,1,1,desktop-control-plane,True,"{""desktop-control-plane"": true}"
2026-09-22T00:07:42.373Z,worker-5b55666b44-rqchq,2dd0ad98-71ab-4a3b-b534-291680e82fe2,worker,Running,True,1,1,3,"{""worker"": 3}","{""worker"": ""running""}",5,1,1,desktop-control-plane,True,"{""desktop-control-plane"": true}"
2026-09-22T00:07:47.374Z,api-5b87c4c9d-57hh5,5501ddc6-9f14-4ffd-a093-f9b0a662c5d3,api,Running,True,1,1,0,"{""api"": 0}","{""api"": ""running""}",5,1,1,desktop-control-plane,True,"{""desktop-control-plane"": true}"
2026-09-22T00:07:47.374Z,api-5b87c4c9d-l5dcq,d2bb0830-6abd-4c90-89fe-b42e7e4974b8,api,Running,True,1,1,0,"{""api"": 0}","{""api"": ""running""}",5,1,1,desktop-control-plane,True,"{""desktop-control-plane"": true}"
2026-09-22T00:07:47.374Z,api-5b87c4c9d-lkfcs,246a845a-413b-471b-954f-b9223009799e,api,Running,True,1,1,0,"{""api"": 0}","{""api"": ""running""}",5,1,1,desktop-control-plane,True,"{""desktop-control-plane"": true}"
2026-09-22T00:07:47.374Z,api-5b87c4c9d-nfcrm,16a10e06-1c63-4416-be9b-df9e5b73aa2d,api,Running,True,1,1,0,"{""api"": 0}","{""api"": ""running""}",5,1,1,desktop-control-plane,True,"{""desktop-control-plane"": true}"
2026-09-22T00:07:47.374Z,api-5b87c4c9d-xskq8,be55cc32-5788-4560-936c-95b2ae957384,api,Running,True,1,1,0,"{""api"": 0}","{""api"": ""running""}",5,1,1,desktop-control-plane,True,"{""desktop-control-plane"": true}"
2026-09-22T00:07:47.374Z,gateway-856744bb66-hzcvr,cc510c63-0609-4870-b9ca-abd3e21ac480,gateway,Running,True,1,1,1,"{""gateway"": 1}","{""gateway"": ""running""}",5,1,1,desktop-control-plane,True,"{""desktop-control-plane"": true}"
2026-09-22T00:07:47.374Z,jaeger-7cc9b664cc-jt9fj,21942cdb-b601-447a-bf38-ba3b861fe91b,jaeger,Running,True,1,1,0,"{""jaeger"": 0}","{""jaeger"": ""running""}",5,1,1,desktop-control-plane,True,"{""desktop-control-plane"": true}"
2026-09-22T00:07:47.374Z,otel-collector-7c765745bf-q69jh,9ea6d084-d3d7-4c16-a0d5-9b1cc10530b3,otel-collector,Running,True,1,1,0,"{""otel-collector"": 0}","{""otel-collector"": ""running""}",5,1,1,desktop-control-plane,True,"{""desktop-control-plane"": true}"
2026-09-22T00:07:47.374Z,postgres-676cc4986c-65g8j,208c1990-5e96-493e-951b-3925c343082b,postgres,Running,True,1,1,0,"{""postgres"": 0}","{""postgres"": ""running""}",5,1,1,desktop-control-plane,True,"{""desktop-control-plane"": true}"
2026-09-22T00:07:47.374Z,prometheus-59f5cf7468-mtx8z,59cbbbaf-6dcc-47ec-97ed-1794e4b0c8e8,prometheus,Running,True,1,1,0,"{""prometheus"": 0}","{""prometheus"": ""running""}",5,1,1,desktop-control-plane,True,"{""desktop-control-plane"": true}"
2026-09-22T00:07:47.374Z,rabbitmq-5cdf8f76b7-bwghx,0ac06c65-14a9-4bd2-b5d4-7f2a22c1c4a6,rabbitmq,Running,True,1,1,3,"{""rabbitmq"": 3}","{""rabbitmq"": ""running""}",5,1,1,desktop-control-plane,True,"{""desktop-control-plane"": true}"
2026-09-22T00:07:47.374Z,worker-5b55666b44-rqchq,2dd0ad98-71ab-4a3b-b534-291680e82fe2,worker,Running,True,1,1,3,"{""worker"": 3}","{""worker"": ""running""}",5,1,1,desktop-control-plane,True,"{""desktop-control-plane"": true}"
2026-09-22T00:07:52.374Z,api-5b87c4c9d-57hh5,5501ddc6-9f14-4ffd-a093-f9b0a662c5d3,api,Running,True,1,1,0,"{""api"": 0}","{""api"": ""running""}",5,1,1,desktop-control-plane,True,"{""desktop-control-plane"": true}"
2026-09-22T00:07:52.374Z,api-5b87c4c9d-l5dcq,d2bb0830-6abd-4c90-89fe-b42e7e4974b8,api,Running,True,1,1,0,"{""api"": 0}","{""api"": ""running""}",5,1,1,desktop-control-plane,True,"{""desktop-control-plane"": true}"
2026-09-22T00:07:52.374Z,api-5b87c4c9d-lkfcs,246a845a-413b-471b-954f-b9223009799e,api,Running,True,1,1,0,"{""api"": 0}","{""api"": ""running""}",5,1,1,desktop-control-plane,True,"{""desktop-control-plane"": true}"
2026-09-22T00:07:52.374Z,api-5b87c4c9d-nfcrm,16a10e06-1c63-4416-be9b-df9e5b73aa2d,api,Running,True,1,1,0,"{""api"": 0}","{""api"": ""running""}",5,1,1,desktop-control-plane,True,"{""desktop-control-plane"": true}"
2026-09-22T00:07:52.374Z,api-5b87c4c9d-xskq8,be55cc32-5788-4560-936c-95b2ae957384,api,Running,True,1,1,0,"{""api"": 0}","{""api"": ""running""}",5,1,1,desktop-control-plane,True,"{""desktop-control-plane"": true}"
2026-09-22T00:07:52.374Z,gateway-856744bb66-hzcvr,cc510c63-0609-4870-b9ca-abd3e21ac480,gateway,Running,True,1,1,1,"{""gateway"": 1}","{""gateway"": ""running""}",5,1,1,desktop-control-plane,True,"{""desktop-control-plane"": true}"
2026-09-22T00:07:52.374Z,jaeger-7cc9b664cc-jt9fj,21942cdb-b601-447a-bf38-ba3b861fe91b,jaeger,Running,True,1,1,0,"{""jaeger"": 0}","{""jaeger"": ""running""}",5,1,1,desktop-control-plane,True,"{""desktop-control-plane"": true}"
2026-09-22T00:07:52.374Z,otel-collector-7c765745bf-q69jh,9ea6d084-d3d7-4c16-a0d5-9b1cc10530b3,otel-collector,Running,True,1,1,0,"{""otel-collector"": 0}","{""otel-collector"": ""running""}",5,1,1,desktop-control-plane,True,"{""desktop-control-plane"": true}"
2026-09-22T00:07:52.374Z,postgres-676cc4986c-65g8j,208c1990-5e96-493e-951b-3925c343082b,postgres,Running,True,1,1,0,"{""postgres"": 0}","{""postgres"": ""running""}",5,1,1,desktop-control-plane,True,"{""desktop-control-plane"": true}"
2026-09-22T00:07:52.374Z,prometheus-59f5cf7468-mtx8z,59cbbbaf-6dcc-47ec-97ed-1794e4b0c8e8,prometheus,Running,True,1,1,0,"{""prometheus"": 0}","{""prometheus"": ""running""}",5,1,1,desktop-control-plane,True,"{""desktop-control-plane"": true}"
2026-09-22T00:07:52.374Z,rabbitmq-5cdf8f76b7-bwghx,0ac06c65-14a9-4bd2-b5d4-7f2a22c1c4a6,rabbitmq,Running,True,1,1,3,"{""rabbitmq"": 3}","{""rabbitmq"": ""running""}",5,1,1,desktop-control-plane,True,"{""desktop-control-plane"": true}"
2026-09-22T00:07:52.374Z,worker-5b55666b44-rqchq,2dd0ad98-71ab-4a3b-b534-291680e82fe2,worker,Running,True,1,1,3,"{""worker"": 3}","{""worker"": ""running""}",5,1,1,desktop-control-plane,True,"{""desktop-control-plane"": true}"
2026-09-22T00:07:57.375Z,api-5b87c4c9d-57hh5,5501ddc6-9f14-4ffd-a093-f9b0a662c5d3,api,Running,True,1,1,0,"{""api"": 0}","{""api"": ""running""}",5,1,1,desktop-control-plane,True,"{""desktop-control-plane"": true}"
2026-09-22T00:07:57.375Z,api-5b87c4c9d-l5dcq,d2bb0830-6abd-4c90-89fe-b42e7e4974b8,api,Running,True,1,1,0,"{""api"": 0}","{""api"": ""running""}",5,1,1,desktop-control-plane,True,"{""desktop-control-plane"": true}"
2026-09-22T00:07:57.375Z,api-5b87c4c9d-lkfcs,246a845a-413b-471b-954f-b9223009799e,api,Running,True,1,1,0,"{""api"": 0}","{""api"": ""running""}",5,1,1,desktop-control-plane,True,"{""desktop-control-plane"": true}"
2026-09-22T00:07:57.375Z,api-5b87c4c9d-nfcrm,16a10e06-1c63-4416-be9b-df9e5b73aa2d,api,Running,True,1,1,0,"{""api"": 0}","{""api"": ""running""}",5,1,1,desktop-control-plane,True,"{""desktop-control-plane"": true}"
2026-09-22T00:07:57.375Z,api-5b87c4c9d-xskq8,be55cc32-5788-4560-936c-95b2ae957384,api,Running,True,1,1,0,"{""api"": 0}","{""api"": ""running""}",5,1,1,desktop-control-plane,True,"{""desktop-control-plane"": true}"
2026-09-22T00:07:57.375Z,gateway-856744bb66-hzcvr,cc510c63-0609-4870-b9ca-abd3e21ac480,gateway,Running,True,1,1,1,"{""gateway"": 1}","{""gateway"": ""running""}",5,1,1,desktop-control-plane,True,"{""desktop-control-plane"": true}"
2026-09-22T00:07:57.375Z,jaeger-7cc9b664cc-jt9fj,21942cdb-b601-447a-bf38-ba3b861fe91b,jaeger,Running,True,1,1,0,"{""jaeger"": 0}","{""jaeger"": ""running""}",5,1,1,desktop-control-plane,True,"{""desktop-control-plane"": true}"
2026-09-22T00:07:57.375Z,otel-collector-7c765745bf-q69jh,9ea6d084-d3d7-4c16-a0d5-9b1cc10530b3,otel-collector,Running,True,1,1,0,"{""otel-collector"": 0}","{""otel-collector"": ""running""}",5,1,1,desktop-control-plane,True,"{""desktop-control-plane"": true}"
2026-09-22T00:07:57.375Z,postgres-676cc4986c-65g8j,208c1990-5e96-493e-951b-3925c343082b,postgres,Running,True,1,1,0,"{""postgres"": 0}","{""postgres"": ""running""}",5,1,1,desktop-control-plane,True,"{""desktop-control-plane"": true}"
2026-09-22T00:07:57.375Z,prometheus-59f5cf7468-mtx8z,59cbbbaf-6dcc-47ec-97ed-1794e4b0c8e8,prometheus,Running,True,1,1,0,"{""prometheus"": 0}","{""prometheus"": ""running""}",5,1,1,desktop-control-plane,True,"{""desktop-control-plane"": true}"
2026-09-22T00:07:57.375Z,rabbitmq-5cdf8f76b7-bwghx,0ac06c65-14a9-4bd2-b5d4-7f2a22c1c4a6,rabbitmq,Running,True,1,1,3,"{""rabbitmq"": 3}","{""rabbitmq"": ""running""}",5,1,1,desktop-control-plane,True,"{""desktop-control-plane"": true}"
2026-09-22T00:07:57.375Z,worker-5b55666b44-rqchq,2dd0ad98-71ab-4a3b-b534-291680e82fe2,worker,Running,True,1,1,3,"{""worker"": 3}","{""worker"": ""running""}",5,1,1,desktop-control-plane,True,"{""desktop-control-plane"": true}"
2026-09-22T00:08:02.375Z,api-5b87c4c9d-57hh5,5501ddc6-9f14-4ffd-a093-f9b0a662c5d3,api,Running,True,1,1,0,"{""api"": 0}","{""api"": ""running""}",5,1,1,desktop-control-plane,True,"{""desktop-control-plane"": true}"
2026-09-22T00:08:02.375Z,api-5b87c4c9d-l5dcq,d2bb0830-6abd-4c90-89fe-b42e7e4974b8,api,Running,True,1,1,0,"{""api"": 0}","{""api"": ""running""}",5,1,1,desktop-control-plane,True,"{""desktop-control-plane"": true}"
2026-09-22T00:08:02.375Z,api-5b87c4c9d-lkfcs,246a845a-413b-471b-954f-b9223009799e,api,Running,True,1,1,0,"{""api"": 0}","{""api"": ""running""}",5,1,1,desktop-control-plane,True,"{""desktop-control-plane"": true}"
2026-09-22T00:08:02.375Z,api-5b87c4c9d-nfcrm,16a10e06-1c63-4416-be9b-df9e5b73aa2d,api,Running,True,1,1,0,"{""api"": 0}","{""api"": ""running""}",5,1,1,desktop-control-plane,True,"{""desktop-control-plane"": true}"
2026-09-22T00:08:02.375Z,api-5b87c4c9d-xskq8,be55cc32-5788-4560-936c-95b2ae957384,api,Running,True,1,1,0,"{""api"": 0}","{""api"": ""running""}",5,1,1,desktop-control-plane,True,"{""desktop-control-plane"": true}"
2026-09-22T00:08:02.375Z,gateway-856744bb66-hzcvr,cc510c63-0609-4870-b9ca-abd3e21ac480,gateway,Running,True,1,1,1,"{""gateway"": 1}","{""gateway"": ""running""}",5,1,1,desktop-control-plane,True,"{""desktop-control-plane"": true}"
2026-09-22T00:08:02.375Z,jaeger-7cc9b664cc-jt9fj,21942cdb-b601-447a-bf38-ba3b861fe91b,jaeger,Running,True,1,1,0,"{""jaeger"": 0}","{""jaeger"": ""running""}",5,1,1,desktop-control-plane,True,"{""desktop-control-plane"": true}"
2026-09-22T00:08:02.375Z,otel-collector-7c765745bf-q69jh,9ea6d084-d3d7-4c16-a0d5-9b1cc10530b3,otel-collector,Running,True,1,1,0,"{""otel-collector"": 0}","{""otel-collector"": ""running""}",5,1,1,desktop-control-plane,True,"{""desktop-control-plane"": true}"
2026-09-22T00:08:02.375Z,postgres-676cc4986c-65g8j,208c1990-5e96-493e-951b-3925c343082b,postgres,Running,True,1,1,0,"{""postgres"": 0}","{""postgres"": ""running""}",5,1,1,desktop-control-plane,True,"{""desktop-control-plane"": true}"
2026-09-22T00:08:02.375Z,prometheus-59f5cf7468-mtx8z,59cbbbaf-6dcc-47ec-97ed-1794e4b0c8e8,prometheus,Running,True,1,1,0,"{""prometheus"": 0}","{""prometheus"": ""running""}",5,1,1,desktop-control-plane,True,"{""desktop-control-plane"": true}"
2026-09-22T00:08:02.375Z,rabbitmq-5cdf8f76b7-bwghx,0ac06c65-14a9-4bd2-b5d4-7f2a22c1c4a6,rabbitmq,Running,True,1,1,3,"{""rabbitmq"": 3}","{""rabbitmq"": ""running""}",5,1,1,desktop-control-plane,True,"{""desktop-control-plane"": true}"
2026-09-22T00:08:02.375Z,worker-5b55666b44-rqchq,2dd0ad98-71ab-4a3b-b534-291680e82fe2,worker,Running,True,1,1,3,"{""worker"": 3}","{""worker"": ""running""}",5,1,1,desktop-control-plane,True,"{""desktop-control-plane"": true}"
2026-09-22T00:08:07.375Z,api-5b87c4c9d-57hh5,5501ddc6-9f14-4ffd-a093-f9b0a662c5d3,api,Running,True,1,1,0,"{""api"": 0}","{""api"": ""running""}",5,1,1,desktop-control-plane,True,"{""desktop-control-plane"": true}"
2026-09-22T00:08:07.375Z,api-5b87c4c9d-l5dcq,d2bb0830-6abd-4c90-89fe-b42e7e4974b8,api,Running,True,1,1,0,"{""api"": 0}","{""api"": ""running""}",5,1,1,desktop-control-plane,True,"{""desktop-control-plane"": true}"
2026-09-22T00:08:07.375Z,api-5b87c4c9d-lkfcs,246a845a-413b-471b-954f-b9223009799e,api,Running,True,1,1,0,"{""api"": 0}","{""api"": ""running""}",5,1,1,desktop-control-plane,True,"{""desktop-control-plane"": true}"
2026-09-22T00:08:07.375Z,api-5b87c4c9d-nfcrm,16a10e06-1c63-4416-be9b-df9e5b73aa2d,api,Running,True,1,1,0,"{""api"": 0}","{""api"": ""running""}",5,1,1,desktop-control-plane,True,"{""desktop-control-plane"": true}"
2026-09-22T00:08:07.375Z,api-5b87c4c9d-xskq8,be55cc32-5788-4560-936c-95b2ae957384,api,Running,True,1,1,0,"{""api"": 0}","{""api"": ""running""}",5,1,1,desktop-control-plane,True,"{""desktop-control-plane"": true}"
2026-09-22T00:08:07.375Z,gateway-856744bb66-hzcvr,cc510c63-0609-4870-b9ca-abd3e21ac480,gateway,Running,True,1,1,1,"{""gateway"": 1}","{""gateway"": ""running""}",5,1,1,desktop-control-plane,True,"{""desktop-control-plane"": true}"
2026-09-22T00:08:07.375Z,jaeger-7cc9b664cc-jt9fj,21942cdb-b601-447a-bf38-ba3b861fe91b,jaeger,Running,True,1,1,0,"{""jaeger"": 0}","{""jaeger"": ""running""}",5,1,1,desktop-control-plane,True,"{""desktop-control-plane"": true}"
2026-09-22T00:08:07.375Z,otel-collector-7c765745bf-q69jh,9ea6d084-d3d7-4c16-a0d5-9b1cc10530b3,otel-collector,Running,True,1,1,0,"{""otel-collector"": 0}","{""otel-collector"": ""running""}",5,1,1,desktop-control-plane,True,"{""desktop-control-plane"": true}"
2026-09-22T00:08:07.375Z,postgres-676cc4986c-65g8j,208c1990-5e96-493e-951b-3925c343082b,postgres,Running,True,1,1,0,"{""postgres"": 0}","{""postgres"": ""running""}",5,1,1,desktop-control-plane,True,"{""desktop-control-plane"": true}"
2026-09-22T00:08:07.375Z,prometheus-59f5cf7468-mtx8z,59cbbbaf-6dcc-47ec-97ed-1794e4b0c8e8,prometheus,Running,True,1,1,0,"{""prometheus"": 0}","{""prometheus"": ""running""}",5,1,1,desktop-control-plane,True,"{""desktop-control-plane"": true}"
2026-09-22T00:08:07.375Z,rabbitmq-5cdf8f76b7-bwghx,0ac06c65-14a9-4bd2-b5d4-7f2a22c1c4a6,rabbitmq,Running,True,1,1,3,"{""rabbitmq"": 3}","{""rabbitmq"": ""running""}",5,1,1,desktop-control-plane,True,"{""desktop-control-plane"": true}"
2026-09-22T00:08:07.375Z,worker-5b55666b44-rqchq,2dd0ad98-71ab-4a3b-b534-291680e82fe2,worker,Running,True,1,1,3,"{""worker"": 3}","{""worker"": ""running""}",5,1,1,desktop-control-plane,True,"{""desktop-control-plane"": true}"
2026-09-22T00:08:12.375Z,api-5b87c4c9d-57hh5,5501ddc6-9f14-4ffd-a093-f9b0a662c5d3,api,Running,True,1,1,0,"{""api"": 0}","{""api"": ""running""}",5,1,1,desktop-control-plane,True,"{""desktop-control-plane"": true}"
2026-09-22T00:08:12.375Z,api-5b87c4c9d-l5dcq,d2bb0830-6abd-4c90-89fe-b42e7e4974b8,api,Running,True,1,1,0,"{""api"": 0}","{""api"": ""running""}",5,1,1,desktop-control-plane,True,"{""desktop-control-plane"": true}"
2026-09-22T00:08:12.375Z,api-5b87c4c9d-lkfcs,246a845a-413b-471b-954f-b9223009799e,api,Running,True,1,1,0,"{""api"": 0}","{""api"": ""running""}",5,1,1,desktop-control-plane,True,"{""desktop-control-plane"": true}"
2026-09-22T00:08:12.375Z,api-5b87c4c9d-nfcrm,16a10e06-1c63-4416-be9b-df9e5b73aa2d,api,Running,True,1,1,0,"{""api"": 0}","{""api"": ""running""}",5,1,1,desktop-control-plane,True,"{""desktop-control-plane"": true}"
2026-09-22T00:08:12.375Z,api-5b87c4c9d-xskq8,be55cc32-5788-4560-936c-95b2ae957384,api,Running,True,1,1,0,"{""api"": 0}","{""api"": ""running""}",5,1,1,desktop-control-plane,True,"{""desktop-control-plane"": true}"
2026-09-22T00:08:12.375Z,gateway-856744bb66-hzcvr,cc510c63-0609-4870-b9ca-abd3e21ac480,gateway,Running,True,1,1,1,"{""gateway"": 1}","{""gateway"": ""running""}",5,1,1,desktop-control-plane,True,"{""desktop-control-plane"": true}"
2026-09-22T00:08:12.375Z,jaeger-7cc9b664cc-jt9fj,21942cdb-b601-447a-bf38-ba3b861fe91b,jaeger,Running,True,1,1,0,"{""jaeger"": 0}","{""jaeger"": ""running""}",5,1,1,desktop-control-plane,True,"{""desktop-control-plane"": true}"
2026-09-22T00:08:12.375Z,otel-collector-7c765745bf-q69jh,9ea6d084-d3d7-4c16-a0d5-9b1cc10530b3,otel-collector,Running,True,1,1,0,"{""otel-collector"": 0}","{""otel-collector"": ""running""}",5,1,1,desktop-control-plane,True,"{""desktop-control-plane"": true}"
2026-09-22T00:08:12.375Z,postgres-676cc4986c-65g8j,208c1990-5e96-493e-951b-3925c343082b,postgres,Running,True,1,1,0,"{""postgres"": 0}","{""postgres"": ""running""}",5,1,1,desktop-control-plane,True,"{""desktop-control-plane"": true}"
2026-09-22T00:08:12.375Z,prometheus-59f5cf7468-mtx8z,59cbbbaf-6dcc-47ec-97ed-1794e4b0c8e8,prometheus,Running,True,1,1,0,"{""prometheus"": 0}","{""prometheus"": ""running""}",5,1,1,desktop-control-plane,True,"{""desktop-control-plane"": true}"
2026-09-22T00:08:12.375Z,rabbitmq-5cdf8f76b7-bwghx,0ac06c65-14a9-4bd2-b5d4-7f2a22c1c4a6,rabbitmq,Running,True,1,1,3,"{""rabbitmq"": 3}","{""rabbitmq"": ""running""}",5,1,1,desktop-control-plane,True,"{""desktop-control-plane"": true}"
2026-09-22T00:08:12.375Z,worker-5b55666b44-rqchq,2dd0ad98-71ab-4a3b-b534-291680e82fe2,worker,Running,True,1,1,3,"{""worker"": 3}","{""worker"": ""running""}",5,1,1,desktop-control-plane,True,"{""desktop-control-plane"": true}"
2026-09-22T00:08:17.376Z,api-5b87c4c9d-57hh5,5501ddc6-9f14-4ffd-a093-f9b0a662c5d3,api,Running,True,1,1,0,"{""api"": 0}","{""api"": ""running""}",5,1,1,desktop-control-plane,True,"{""desktop-control-plane"": true}"
2026-09-22T00:08:17.376Z,api-5b87c4c9d-l5dcq,d2bb0830-6abd-4c90-89fe-b42e7e4974b8,api,Running,True,1,1,0,"{""api"": 0}","{""api"": ""running""}",5,1,1,desktop-control-plane,True,"{""desktop-control-plane"": true}"
2026-09-22T00:08:17.376Z,api-5b87c4c9d-lkfcs,246a845a-413b-471b-954f-b9223009799e,api,Running,True,1,1,0,"{""api"": 0}","{""api"": ""running""}",5,1,1,desktop-control-plane,True,"{""desktop-control-plane"": true}"
2026-09-22T00:08:17.376Z,api-5b87c4c9d-nfcrm,16a10e06-1c63-4416-be9b-df9e5b73aa2d,api,Running,True,1,1,0,"{""api"": 0}","{""api"": ""running""}",5,1,1,desktop-control-plane,True,"{""desktop-control-plane"": true}"
2026-09-22T00:08:17.376Z,api-5b87c4c9d-xskq8,be55cc32-5788-4560-936c-95b2ae957384,api,Running,True,1,1,0,"{""api"": 0}","{""api"": ""running""}",5,1,1,desktop-control-plane,True,"{""desktop-control-plane"": true}"
2026-09-22T00:08:17.376Z,gateway-856744bb66-hzcvr,cc510c63-0609-4870-b9ca-abd3e21ac480,gateway,Running,True,1,1,1,"{""gateway"": 1}","{""gateway"": ""running""}",5,1,1,desktop-control-plane,True,"{""desktop-control-plane"": true}"
2026-09-22T00:08:17.376Z,jaeger-7cc9b664cc-jt9fj,21942cdb-b601-447a-bf38-ba3b861fe91b,jaeger,Running,True,1,1,0,"{""jaeger"": 0}","{""jaeger"": ""running""}",5,1,1,desktop-control-plane,True,"{""desktop-control-plane"": true}"
2026-09-22T00:08:17.376Z,otel-collector-7c765745bf-q69jh,9ea6d084-d3d7-4c16-a0d5-9b1cc10530b3,otel-collector,Running,True,1,1,0,"{""otel-collector"": 0}","{""otel-collector"": ""running""}",5,1,1,desktop-control-plane,True,"{""desktop-control-plane"": true}"
2026-09-22T00:08:17.376Z,postgres-676cc4986c-65g8j,208c1990-5e96-493e-951b-3925c343082b,postgres,Running,True,1,1,0,"{""postgres"": 0}","{""postgres"": ""running""}",5,1,1,desktop-control-plane,True,"{""desktop-control-plane"": true}"
2026-09-22T00:08:17.376Z,prometheus-59f5cf7468-mtx8z,59cbbbaf-6dcc-47ec-97ed-1794e4b0c8e8,prometheus,Running,True,1,1,0,"{""prometheus"": 0}","{""prometheus"": ""running""}",5,1,1,desktop-control-plane,True,"{""desktop-control-plane"": true}"
2026-09-22T00:08:17.376Z,rabbitmq-5cdf8f76b7-bwghx,0ac06c65-14a9-4bd2-b5d4-7f2a22c1c4a6,rabbitmq,Running,True,1,1,3,"{""rabbitmq"": 3}","{""rabbitmq"": ""running""}",5,1,1,desktop-control-plane,True,"{""desktop-control-plane"": true}"
2026-09-22T00:08:17.376Z,worker-5b55666b44-rqchq,2dd0ad98-71ab-4a3b-b534-291680e82fe2,worker,Running,True,1,1,3,"{""worker"": 3}","{""worker"": ""running""}",5,1,1,desktop-control-plane,True,"{""desktop-control-plane"": true}"
2026-09-22T00:08:22.376Z,api-5b87c4c9d-57hh5,5501ddc6-9f14-4ffd-a093-f9b0a662c5d3,api,Running,True,1,1,0,"{""api"": 0}","{""api"": ""running""}",5,1,1,desktop-control-plane,True,"{""desktop-control-plane"": true}"
2026-09-22T00:08:22.376Z,api-5b87c4c9d-l5dcq,d2bb0830-6abd-4c90-89fe-b42e7e4974b8,api,Running,True,1,1,0,"{""api"": 0}","{""api"": ""running""}",5,1,1,desktop-control-plane,True,"{""desktop-control-plane"": true}"
2026-09-22T00:08:22.376Z,api-5b87c4c9d-lkfcs,246a845a-413b-471b-954f-b9223009799e,api,Running,True,1,1,0,"{""api"": 0}","{""api"": ""running""}",5,1,1,desktop-control-plane,True,"{""desktop-control-plane"": true}"
2026-09-22T00:08:22.376Z,api-5b87c4c9d-nfcrm,16a10e06-1c63-4416-be9b-df9e5b73aa2d,api,Running,True,1,1,0,"{""api"": 0}","{""api"": ""running""}",5,1,1,desktop-control-plane,True,"{""desktop-control-plane"": true}"
2026-09-22T00:08:22.376Z,api-5b87c4c9d-xskq8,be55cc32-5788-4560-936c-95b2ae957384,api,Running,True,1,1,0,"{""api"": 0}","{""api"": ""running""}",5,1,1,desktop-control-plane,True,"{""desktop-control-plane"": true}"
2026-09-22T00:08:22.376Z,gateway-856744bb66-hzcvr,cc510c63-0609-4870-b9ca-abd3e21ac480,gateway,Running,True,1,1,1,"{""gateway"": 1}","{""gateway"": ""running""}",5,1,1,desktop-control-plane,True,"{""desktop-control-plane"": true}"
2026-09-22T00:08:22.376Z,jaeger-7cc9b664cc-jt9fj,21942cdb-b601-447a-bf38-ba3b861fe91b,jaeger,Running,True,1,1,0,"{""jaeger"": 0}","{""jaeger"": ""running""}",5,1,1,desktop-control-plane,True,"{""desktop-control-plane"": true}"
2026-09-22T00:08:22.376Z,otel-collector-7c765745bf-q69jh,9ea6d084-d3d7-4c16-a0d5-9b1cc10530b3,otel-collector,Running,True,1,1,0,"{""otel-collector"": 0}","{""otel-collector"": ""running""}",5,1,1,desktop-control-plane,True,"{""desktop-control-plane"": true}"
2026-09-22T00:08:22.376Z,postgres-676cc4986c-65g8j,208c1990-5e96-493e-951b-3925c343082b,postgres,Running,True,1,1,0,"{""postgres"": 0}","{""postgres"": ""running""}",5,1,1,desktop-control-plane,True,"{""desktop-control-plane"": true}"
2026-09-22T00:08:22.376Z,prometheus-59f5cf7468-mtx8z,59cbbbaf-6dcc-47ec-97ed-1794e4b0c8e8,prometheus,Running,True,1,1,0,"{""prometheus"": 0}","{""prometheus"": ""running""}",5,1,1,desktop-control-plane,True,"{""desktop-control-plane"": true}"
2026-09-22T00:08:22.376Z,rabbitmq-5cdf8f76b7-bwghx,0ac06c65-14a9-4bd2-b5d4-7f2a22c1c4a6,rabbitmq,Running,True,1,1,3,"{""rabbitmq"": 3}","{""rabbitmq"": ""running""}",5,1,1,desktop-control-plane,True,"{""desktop-control-plane"": true}"
2026-09-22T00:08:22.376Z,worker-5b55666b44-rqchq,2dd0ad98-71ab-4a3b-b534-291680e82fe2,worker,Running,True,1,1,3,"{""worker"": 3}","{""worker"": ""running""}",5,1,1,desktop-control-plane,True,"{""desktop-control-plane"": true}"
2026-09-22T00:08:27.376Z,api-5b87c4c9d-57hh5,5501ddc6-9f14-4ffd-a093-f9b0a662c5d3,api,Running,True,1,1,0,"{""api"": 0}","{""api"": ""running""}",5,1,1,desktop-control-plane,True,"{""desktop-control-plane"": true}"
2026-09-22T00:08:27.376Z,api-5b87c4c9d-l5dcq,d2bb0830-6abd-4c90-89fe-b42e7e4974b8,api,Running,True,1,1,0,"{""api"": 0}","{""api"": ""running""}",5,1,1,desktop-control-plane,True,"{""desktop-control-plane"": true}"
2026-09-22T00:08:27.376Z,api-5b87c4c9d-lkfcs,246a845a-413b-471b-954f-b9223009799e,api,Running,True,1,1,0,"{""api"": 0}","{""api"": ""running""}",5,1,1,desktop-control-plane,True,"{""desktop-control-plane"": true}"
2026-09-22T00:08:27.376Z,api-5b87c4c9d-nfcrm,16a10e06-1c63-4416-be9b-df9e5b73aa2d,api,Running,True,1,1,0,"{""api"": 0}","{""api"": ""running""}",5,1,1,desktop-control-plane,True,"{""desktop-control-plane"": true}"
2026-09-22T00:08:27.376Z,api-5b87c4c9d-xskq8,be55cc32-5788-4560-936c-95b2ae957384,api,Running,True,1,1,0,"{""api"": 0}","{""api"": ""running""}",5,1,1,desktop-control-plane,True,"{""desktop-control-plane"": true}"
2026-09-22T00:08:27.376Z,gateway-856744bb66-hzcvr,cc510c63-0609-4870-b9ca-abd3e21ac480,gateway,Running,True,1,1,1,"{""gateway"": 1}","{""gateway"": ""running""}",5,1,1,desktop-control-plane,True,"{""desktop-control-plane"": true}"
2026-09-22T00:08:27.376Z,jaeger-7cc9b664cc-jt9fj,21942cdb-b601-447a-bf38-ba3b861fe91b,jaeger,Running,True,1,1,0,"{""jaeger"": 0}","{""jaeger"": ""running""}",5,1,1,desktop-control-plane,True,"{""desktop-control-plane"": true}"
2026-09-22T00:08:27.376Z,otel-collector-7c765745bf-q69jh,9ea6d084-d3d7-4c16-a0d5-9b1cc10530b3,otel-collector,Running,True,1,1,0,"{""otel-collector"": 0}","{""otel-collector"": ""running""}",5,1,1,desktop-control-plane,True,"{""desktop-control-plane"": true}"
2026-09-22T00:08:27.376Z,postgres-676cc4986c-65g8j,208c1990-5e96-493e-951b-3925c343082b,postgres,Running,True,1,1,0,"{""postgres"": 0}","{""postgres"": ""running""}",5,1,1,desktop-control-plane,True,"{""desktop-control-plane"": true}"
2026-09-22T00:08:27.376Z,prometheus-59f5cf7468-mtx8z,59cbbbaf-6dcc-47ec-97ed-1794e4b0c8e8,prometheus,Running,True,1,1,0,"{""prometheus"": 0}","{""prometheus"": ""running""}",5,1,1,desktop-control-plane,True,"{""desktop-control-plane"": true}"
2026-09-22T00:08:27.376Z,rabbitmq-5cdf8f76b7-bwghx,0ac06c65-14a9-4bd2-b5d4-7f2a22c1c4a6,rabbitmq,Running,True,1,1,3,"{""rabbitmq"": 3}","{""rabbitmq"": ""running""}",5,1,1,desktop-control-plane,True,"{""desktop-control-plane"": true}"
2026-09-22T00:08:27.376Z,worker-5b55666b44-rqchq,2dd0ad98-71ab-4a3b-b534-291680e82fe2,worker,Running,True,1,1,3,"{""worker"": 3}","{""worker"": ""running""}",5,1,1,desktop-control-plane,True,"{""desktop-control-plane"": true}"
2026-09-22T00:08:32.377Z,api-5b87c4c9d-57hh5,5501ddc6-9f14-4ffd-a093-f9b0a662c5d3,api,Running,True,1,1,0,"{""api"": 0}","{""api"": ""running""}",5,1,1,desktop-control-plane,True,"{""desktop-control-plane"": true}"
2026-09-22T00:08:32.377Z,api-5b87c4c9d-l5dcq,d2bb0830-6abd-4c90-89fe-b42e7e4974b8,api,Running,True,1,1,0,"{""api"": 0}","{""api"": ""running""}",5,1,1,desktop-control-plane,True,"{""desktop-control-plane"": true}"
2026-09-22T00:08:32.377Z,api-5b87c4c9d-lkfcs,246a845a-413b-471b-954f-b9223009799e,api,Running,True,1,1,0,"{""api"": 0}","{""api"": ""running""}",5,1,1,desktop-control-plane,True,"{""desktop-control-plane"": true}"
2026-09-22T00:08:32.377Z,api-5b87c4c9d-nfcrm,16a10e06-1c63-4416-be9b-df9e5b73aa2d,api,Running,True,1,1,0,"{""api"": 0}","{""api"": ""running""}",5,1,1,desktop-control-plane,True,"{""desktop-control-plane"": true}"
2026-09-22T00:08:32.377Z,api-5b87c4c9d-xskq8,be55cc32-5788-4560-936c-95b2ae957384,api,Running,True,1,1,0,"{""api"": 0}","{""api"": ""running""}",5,1,1,desktop-control-plane,True,"{""desktop-control-plane"": true}"
2026-09-22T00:08:32.377Z,gateway-856744bb66-hzcvr,cc510c63-0609-4870-b9ca-abd3e21ac480,gateway,Running,True,1,1,1,"{""gateway"": 1}","{""gateway"": ""running""}",5,1,1,desktop-control-plane,True,"{""desktop-control-plane"": true}"
2026-09-22T00:08:32.377Z,jaeger-7cc9b664cc-jt9fj,21942cdb-b601-447a-bf38-ba3b861fe91b,jaeger,Running,True,1,1,0,"{""jaeger"": 0}","{""jaeger"": ""running""}",5,1,1,desktop-control-plane,True,"{""desktop-control-plane"": true}"
2026-09-22T00:08:32.377Z,otel-collector-7c765745bf-q69jh,9ea6d084-d3d7-4c16-a0d5-9b1cc10530b3,otel-collector,Running,True,1,1,0,"{""otel-collector"": 0}","{""otel-collector"": ""running""}",5,1,1,desktop-control-plane,True,"{""desktop-control-plane"": true}"
2026-09-22T00:08:32.377Z,postgres-676cc4986c-65g8j,208c1990-5e96-493e-951b-3925c343082b,postgres,Running,True,1,1,0,"{""postgres"": 0}","{""postgres"": ""running""}",5,1,1,desktop-control-plane,True,"{""desktop-control-plane"": true}"
2026-09-22T00:08:32.377Z,prometheus-59f5cf7468-mtx8z,59cbbbaf-6dcc-47ec-97ed-1794e4b0c8e8,prometheus,Running,True,1,1,0,"{""prometheus"": 0}","{""prometheus"": ""running""}",5,1,1,desktop-control-plane,True,"{""desktop-control-plane"": true}"
2026-09-22T00:08:32.377Z,rabbitmq-5cdf8f76b7-bwghx,0ac06c65-14a9-4bd2-b5d4-7f2a22c1c4a6,rabbitmq,Running,True,1,1,3,"{""rabbitmq"": 3}","{""rabbitmq"": ""running""}",5,1,1,desktop-control-plane,True,"{""desktop-control-plane"": true}"
2026-09-22T00:08:32.377Z,worker-5b55666b44-rqchq,2dd0ad98-71ab-4a3b-b534-291680e82fe2,worker,Running,True,1,1,3,"{""worker"": 3}","{""worker"": ""running""}",5,1,1,desktop-control-plane,True,"{""desktop-control-plane"": true}"
2026-09-22T00:08:37.377Z,api-5b87c4c9d-57hh5,5501ddc6-9f14-4ffd-a093-f9b0a662c5d3,api,Running,True,1,1,0,"{""api"": 0}","{""api"": ""running""}",5,1,1,desktop-control-plane,True,"{""desktop-control-plane"": true}"
2026-09-22T00:08:37.377Z,api-5b87c4c9d-l5dcq,d2bb0830-6abd-4c90-89fe-b42e7e4974b8,api,Running,True,1,1,0,"{""api"": 0}","{""api"": ""running""}",5,1,1,desktop-control-plane,True,"{""desktop-control-plane"": true}"
2026-09-22T00:08:37.377Z,api-5b87c4c9d-lkfcs,246a845a-413b-471b-954f-b9223009799e,api,Running,True,1,1,0,"{""api"": 0}","{""api"": ""running""}",5,1,1,desktop-control-plane,True,"{""desktop-control-plane"": true}"
2026-09-22T00:08:37.377Z,api-5b87c4c9d-nfcrm,16a10e06-1c63-4416-be9b-df9e5b73aa2d,api,Running,True,1,1,0,"{""api"": 0}","{""api"": ""running""}",5,1,1,desktop-control-plane,True,"{""desktop-control-plane"": true}"
2026-09-22T00:08:37.377Z,api-5b87c4c9d-xskq8,be55cc32-5788-4560-936c-95b2ae957384,api,Running,True,1,1,0,"{""api"": 0}","{""api"": ""running""}",5,1,1,desktop-control-plane,True,"{""desktop-control-plane"": true}"
2026-09-22T00:08:37.377Z,gateway-856744bb66-hzcvr,cc510c63-0609-4870-b9ca-abd3e21ac480,gateway,Running,True,1,1,1,"{""gateway"": 1}","{""gateway"": ""running""}",5,1,1,desktop-control-plane,True,"{""desktop-control-plane"": true}"
2026-09-22T00:08:37.377Z,jaeger-7cc9b664cc-jt9fj,21942cdb-b601-447a-bf38-ba3b861fe91b,jaeger,Running,True,1,1,0,"{""jaeger"": 0}","{""jaeger"": ""running""}",5,1,1,desktop-control-plane,True,"{""desktop-control-plane"": true}"
2026-09-22T00:08:37.377Z,otel-collector-7c765745bf-q69jh,9ea6d084-d3d7-4c16-a0d5-9b1cc10530b3,otel-collector,Running,True,1,1,0,"{""otel-collector"": 0}","{""otel-collector"": ""running""}",5,1,1,desktop-control-plane,True,"{""desktop-control-plane"": true}"
2026-09-22T00:08:37.377Z,postgres-676cc4986c-65g8j,208c1990-5e96-493e-951b-3925c343082b,postgres,Running,True,1,1,0,"{""postgres"": 0}","{""postgres"": ""running""}",5,1,1,desktop-control-plane,True,"{""desktop-control-plane"": true}"
2026-09-22T00:08:37.377Z,prometheus-59f5cf7468-mtx8z,59cbbbaf-6dcc-47ec-97ed-1794e4b0c8e8,prometheus,Running,True,1,1,0,"{""prometheus"": 0}","{""prometheus"": ""running""}",5,1,1,desktop-control-plane,True,"{""desktop-control-plane"": true}"
2026-09-22T00:08:37.377Z,rabbitmq-5cdf8f76b7-bwghx,0ac06c65-14a9-4bd2-b5d4-7f2a22c1c4a6,rabbitmq,Running,True,1,1,3,"{""rabbitmq"": 3}","{""rabbitmq"": ""running""}",5,1,1,desktop-control-plane,True,"{""desktop-control-plane"": true}"
2026-09-22T00:08:37.377Z,worker-5b55666b44-rqchq,2dd0ad98-71ab-4a3b-b534-291680e82fe2,worker,Running,True,1,1,3,"{""worker"": 3}","{""worker"": ""running""}",5,1,1,desktop-control-plane,True,"{""desktop-control-plane"": true}"
2026-09-22T00:08:42.378Z,api-5b87c4c9d-57hh5,5501ddc6-9f14-4ffd-a093-f9b0a662c5d3,api,Running,True,1,1,0,"{""api"": 0}","{""api"": ""running""}",5,1,1,desktop-control-plane,True,"{""desktop-control-plane"": true}"
2026-09-22T00:08:42.378Z,api-5b87c4c9d-l5dcq,d2bb0830-6abd-4c90-89fe-b42e7e4974b8,api,Running,True,1,1,0,"{""api"": 0}","{""api"": ""running""}",5,1,1,desktop-control-plane,True,"{""desktop-control-plane"": true}"
2026-09-22T00:08:42.378Z,api-5b87c4c9d-lkfcs,246a845a-413b-471b-954f-b9223009799e,api,Running,True,1,1,0,"{""api"": 0}","{""api"": ""running""}",5,1,1,desktop-control-plane,True,"{""desktop-control-plane"": true}"
2026-09-22T00:08:42.378Z,api-5b87c4c9d-nfcrm,16a10e06-1c63-4416-be9b-df9e5b73aa2d,api,Running,True,1,1,0,"{""api"": 0}","{""api"": ""running""}",5,1,1,desktop-control-plane,True,"{""desktop-control-plane"": true}"
2026-09-22T00:08:42.378Z,api-5b87c4c9d-xskq8,be55cc32-5788-4560-936c-95b2ae957384,api,Running,True,1,1,0,"{""api"": 0}","{""api"": ""running""}",5,1,1,desktop-control-plane,True,"{""desktop-control-plane"": true}"
2026-09-22T00:08:42.378Z,gateway-856744bb66-hzcvr,cc510c63-0609-4870-b9ca-abd3e21ac480,gateway,Running,True,1,1,1,"{""gateway"": 1}","{""gateway"": ""running""}",5,1,1,desktop-control-plane,True,"{""desktop-control-plane"": true}"
2026-09-22T00:08:42.378Z,jaeger-7cc9b664cc-jt9fj,21942cdb-b601-447a-bf38-ba3b861fe91b,jaeger,Running,True,1,1,0,"{""jaeger"": 0}","{""jaeger"": ""running""}",5,1,1,desktop-control-plane,True,"{""desktop-control-plane"": true}"
2026-09-22T00:08:42.378Z,otel-collector-7c765745bf-q69jh,9ea6d084-d3d7-4c16-a0d5-9b1cc10530b3,otel-collector,Running,True,1,1,0,"{""otel-collector"": 0}","{""otel-collector"": ""running""}",5,1,1,desktop-control-plane,True,"{""desktop-control-plane"": true}"
2026-09-22T00:08:42.378Z,postgres-676cc4986c-65g8j,208c1990-5e96-493e-951b-3925c343082b,postgres,Running,True,1,1,0,"{""postgres"": 0}","{""postgres"": ""running""}",5,1,1,desktop-control-plane,True,"{""desktop-control-plane"": true}"
2026-09-22T00:08:42.378Z,prometheus-59f5cf7468-mtx8z,59cbbbaf-6dcc-47ec-97ed-1794e4b0c8e8,prometheus,Running,True,1,1,0,"{""prometheus"": 0}","{""prometheus"": ""running""}",5,1,1,desktop-control-plane,True,"{""desktop-control-plane"": true}"
2026-09-22T00:08:42.378Z,rabbitmq-5cdf8f76b7-bwghx,0ac06c65-14a9-4bd2-b5d4-7f2a22c1c4a6,rabbitmq,Running,True,1,1,3,"{""rabbitmq"": 3}","{""rabbitmq"": ""running""}",5,1,1,desktop-control-plane,True,"{""desktop-control-plane"": true}"
2026-09-22T00:08:42.378Z,worker-5b55666b44-rqchq,2dd0ad98-71ab-4a3b-b534-291680e82fe2,worker,Running,True,1,1,3,"{""worker"": 3}","{""worker"": ""running""}",5,1,1,desktop-control-plane,True,"{""desktop-control-plane"": true}"
2026-09-22T00:08:47.378Z,api-5b87c4c9d-57hh5,5501ddc6-9f14-4ffd-a093-f9b0a662c5d3,api,Running,True,1,1,0,"{""api"": 0}","{""api"": ""running""}",5,1,1,desktop-control-plane,True,"{""desktop-control-plane"": true}"
2026-09-22T00:08:47.378Z,api-5b87c4c9d-l5dcq,d2bb0830-6abd-4c90-89fe-b42e7e4974b8,api,Running,True,1,1,0,"{""api"": 0}","{""api"": ""running""}",5,1,1,desktop-control-plane,True,"{""desktop-control-plane"": true}"
2026-09-22T00:08:47.378Z,api-5b87c4c9d-lkfcs,246a845a-413b-471b-954f-b9223009799e,api,Running,True,1,1,0,"{""api"": 0}","{""api"": ""running""}",5,1,1,desktop-control-plane,True,"{""desktop-control-plane"": true}"
2026-09-22T00:08:47.378Z,api-5b87c4c9d-nfcrm,16a10e06-1c63-4416-be9b-df9e5b73aa2d,api,Running,True,1,1,0,"{""api"": 0}","{""api"": ""running""}",5,1,1,desktop-control-plane,True,"{""desktop-control-plane"": true}"
2026-09-22T00:08:47.378Z,api-5b87c4c9d-xskq8,be55cc32-5788-4560-936c-95b2ae957384,api,Running,True,1,1,0,"{""api"": 0}","{""api"": ""running""}",5,1,1,desktop-control-plane,True,"{""desktop-control-plane"": true}"
2026-09-22T00:08:47.378Z,gateway-856744bb66-hzcvr,cc510c63-0609-4870-b9ca-abd3e21ac480,gateway,Running,True,1,1,1,"{""gateway"": 1}","{""gateway"": ""running""}",5,1,1,desktop-control-plane,True,"{""desktop-control-plane"": true}"
2026-09-22T00:08:47.378Z,jaeger-7cc9b664cc-jt9fj,21942cdb-b601-447a-bf38-ba3b861fe91b,jaeger,Running,True,1,1,0,"{""jaeger"": 0}","{""jaeger"": ""running""}",5,1,1,desktop-control-plane,True,"{""desktop-control-plane"": true}"
2026-09-22T00:08:47.378Z,otel-collector-7c765745bf-q69jh,9ea6d084-d3d7-4c16-a0d5-9b1cc10530b3,otel-collector,Running,True,1,1,0,"{""otel-collector"": 0}","{""otel-collector"": ""running""}",5,1,1,desktop-control-plane,True,"{""desktop-control-plane"": true}"
2026-09-22T00:08:47.378Z,postgres-676cc4986c-65g8j,208c1990-5e96-493e-951b-3925c343082b,postgres,Running,True,1,1,0,"{""postgres"": 0}","{""postgres"": ""running""}",5,1,1,desktop-control-plane,True,"{""desktop-control-plane"": true}"
2026-09-22T00:08:47.378Z,prometheus-59f5cf7468-mtx8z,59cbbbaf-6dcc-47ec-97ed-1794e4b0c8e8,prometheus,Running,True,1,1,0,"{""prometheus"": 0}","{""prometheus"": ""running""}",5,1,1,desktop-control-plane,True,"{""desktop-control-plane"": true}"
2026-09-22T00:08:47.378Z,rabbitmq-5cdf8f76b7-bwghx,0ac06c65-14a9-4bd2-b5d4-7f2a22c1c4a6,rabbitmq,Running,True,1,1,3,"{""rabbitmq"": 3}","{""rabbitmq"": ""running""}",5,1,1,desktop-control-plane,True,"{""desktop-control-plane"": true}"
2026-09-22T00:08:47.378Z,worker-5b55666b44-rqchq,2dd0ad98-71ab-4a3b-b534-291680e82fe2,worker,Running,True,1,1,3,"{""worker"": 3}","{""worker"": ""running""}",5,1,1,desktop-control-plane,True,"{""desktop-control-plane"": true}"
