timestamp,pod,pod_uid,app,phase,pod_ready,ready_containers,total_containers,restart_count,container_restarts,container_states,api_pod_count,worker_pod_count,gateway_pod_count,node,all_nodes_ready,node_states
2026-09-21T23:28:15.442Z,api-5b87c4c9d-nfcrm,16a10e06-1c63-4416-be9b-df9e5b73aa2d,api,Running,True,1,1,0,"{""api"": 0}","{""api"": ""running""}",1,1,1,desktop-control-plane,True,"{""desktop-control-plane"": true}"
2026-09-21T23:28:15.442Z,gateway-856744bb66-hzcvr,cc510c63-0609-4870-b9ca-abd3e21ac480,gateway,Running,True,1,1,0,"{""gateway"": 0}","{""gateway"": ""running""}",1,1,1,desktop-control-plane,True,"{""desktop-control-plane"": true}"
2026-09-21T23:28:15.442Z,jaeger-7cc9b664cc-jt9fj,21942cdb-b601-447a-bf38-ba3b861fe91b,jaeger,Running,True,1,1,0,"{""jaeger"": 0}","{""jaeger"": ""running""}",1,1,1,desktop-control-plane,True,"{""desktop-control-plane"": true}"
2026-09-21T23:28:15.442Z,otel-collector-7c765745bf-q69jh,9ea6d084-d3d7-4c16-a0d5-9b1cc10530b3,otel-collector,Running,True,1,1,0,"{""otel-collector"": 0}","{""otel-collector"": ""running""}",1,1,1,desktop-control-plane,True,"{""desktop-control-plane"": true}"
2026-09-21T23:28:15.442Z,postgres-676cc4986c-65g8j,208c1990-5e96-493e-951b-3925c343082b,postgres,Running,True,1,1,0,"{""postgres"": 0}","{""postgres"": ""running""}",1,1,1,desktop-control-plane,True,"{""desktop-control-plane"": true}"
2026-09-21T23:28:15.442Z,prometheus-59f5cf7468-mtx8z,59cbbbaf-6dcc-47ec-97ed-1794e4b0c8e8,prometheus,Running,True,1,1,0,"{""prometheus"": 0}","{""prometheus"": ""running""}",1,1,1,desktop-control-plane,True,"{""desktop-control-plane"": true}"
2026-09-21T23:28:15.442Z,rabbitmq-5cdf8f76b7-bwghx,0ac06c65-14a9-4bd2-b5d4-7f2a22c1c4a6,rabbitmq,Running,True,1,1,3,"{""rabbitmq"": 3}","{""rabbitmq"": ""running""}",1,1,1,desktop-control-plane,True,"{""desktop-control-plane"": true}"
2026-09-21T23:28:15.442Z,worker-5b55666b44-rqchq,2dd0ad98-71ab-4a3b-b534-291680e82fe2,worker,Running,True,1,1,3,"{""worker"": 3}","{""worker"": ""running""}",1,1,1,desktop-control-plane,True,"{""desktop-control-plane"": true}"
2026-09-21T23:28:20.442Z,api-5b87c4c9d-nfcrm,16a10e06-1c63-4416-be9b-df9e5b73aa2d,api,Running,True,1,1,0,"{""api"": 0}","{""api"": ""running""}",1,1,1,desktop-control-plane,True,"{""desktop-control-plane"": true}"
2026-09-21T23:28:20.442Z,gateway-856744bb66-hzcvr,cc510c63-0609-4870-b9ca-abd3e21ac480,gateway,Running,True,1,1,0,"{""gateway"": 0}","{""gateway"": ""running""}",1,1,1,desktop-control-plane,True,"{""desktop-control-plane"": true}"
2026-09-21T23:28:20.442Z,jaeger-7cc9b664cc-jt9fj,21942cdb-b601-447a-bf38-ba3b861fe91b,jaeger,Running,True,1,1,0,"{""jaeger"": 0}","{""jaeger"": ""running""}",1,1,1,desktop-control-plane,True,"{""desktop-control-plane"": true}"
2026-09-21T23:28:20.442Z,otel-collector-7c765745bf-q69jh,9ea6d084-d3d7-4c16-a0d5-9b1cc10530b3,otel-collector,Running,True,1,1,0,"{""otel-collector"": 0}","{""otel-collector"": ""running""}",1,1,1,desktop-control-plane,True,"{""desktop-control-plane"": true}"
2026-09-21T23:28:20.442Z,postgres-676cc4986c-65g8j,208c1990-5e96-493e-951b-3925c343082b,postgres,Running,True,1,1,0,"{""postgres"": 0}","{""postgres"": ""running""}",1,1,1,desktop-control-plane,True,"{""desktop-control-plane"": true}"
2026-09-21T23:28:20.442Z,prometheus-59f5cf7468-mtx8z,59cbbbaf-6dcc-47ec-97ed-1794e4b0c8e8,prometheus,Running,True,1,1,0,"{""prometheus"": 0}","{""prometheus"": ""running""}",1,1,1,desktop-control-plane,True,"{""desktop-control-plane"": true}"
2026-09-21T23:28:20.442Z,rabbitmq-5cdf8f76b7-bwghx,0ac06c65-14a9-4bd2-b5d4-7f2a22c1c4a6,rabbitmq,Running,True,1,1,3,"{""rabbitmq"": 3}","{""rabbitmq"": ""running""}",1,1,1,desktop-control-plane,True,"{""desktop-control-plane"": true}"
2026-09-21T23:28:20.442Z,worker-5b55666b44-rqchq,2dd0ad98-71ab-4a3b-b534-291680e82fe2,worker,Running,True,1,1,3,"{""worker"": 3}","{""worker"": ""running""}",1,1,1,desktop-control-plane,True,"{""desktop-control-plane"": true}"
2026-09-21T23:28:25.443Z,api-5b87c4c9d-nfcrm,16a10e06-1c63-4416-be9b-df9e5b73aa2d,api,Running,True,1,1,0,"{""api"": 0}","{""api"": ""running""}",1,1,1,desktop-control-plane,True,"{""desktop-control-plane"": true}"
2026-09-21T23:28:25.443Z,gateway-856744bb66-hzcvr,cc510c63-0609-4870-b9ca-abd3e21ac480,gateway,Running,True,1,1,0,"{""gateway"": 0}","{""gateway"": ""running""}",1,1,1,desktop-control-plane,True,"{""desktop-control-plane"": true}"
2026-09-21T23:28:25.443Z,jaeger-7cc9b664cc-jt9fj,21942cdb-b601-447a-bf38-ba3b861fe91b,jaeger,Running,True,1,1,0,"{""jaeger"": 0}","{""jaeger"": ""running""}",1,1,1,desktop-control-plane,True,"{""desktop-control-plane"": true}"
2026-09-21T23:28:25.443Z,otel-collector-7c765745bf-q69jh,9ea6d084-d3d7-4c16-a0d5-9b1cc10530b3,otel-collector,Running,True,1,1,0,"{""otel-collector"": 0}","{""otel-collector"": ""running""}",1,1,1,desktop-control-plane,True,"{""desktop-control-plane"": true}"
2026-09-21T23:28:25.443Z,postgres-676cc4986c-65g8j,208c1990-5e96-493e-951b-3925c343082b,postgres,Running,True,1,1,0,"{""postgres"": 0}","{""postgres"": ""running""}",1,1,1,desktop-control-plane,True,"{""desktop-control-plane"": true}"
2026-09-21T23:28:25.443Z,prometheus-59f5cf7468-mtx8z,59cbbbaf-6dcc-47ec-97ed-1794e4b0c8e8,prometheus,Running,True,1,1,0,"{""prometheus"": 0}","{""prometheus"": ""running""}",1,1,1,desktop-control-plane,True,"{""desktop-control-plane"": true}"
2026-09-21T23:28:25.443Z,rabbitmq-5cdf8f76b7-bwghx,0ac06c65-14a9-4bd2-b5d4-7f2a22c1c4a6,rabbitmq,Running,True,1,1,3,"{""rabbitmq"": 3}","{""rabbitmq"": ""running""}",1,1,1,desktop-control-plane,True,"{""desktop-control-plane"": true}"
2026-09-21T23:28:25.443Z,worker-5b55666b44-rqchq,2dd0ad98-71ab-4a3b-b534-291680e82fe2,worker,Running,True,1,1,3,"{""worker"": 3}","{""worker"": ""running""}",1,1,1,desktop-control-plane,True,"{""desktop-control-plane"": true}"
2026-09-21T23:28:30.443Z,api-5b87c4c9d-nfcrm,16a10e06-1c63-4416-be9b-df9e5b73aa2d,api,Running,True,1,1,0,"{""api"": 0}","{""api"": ""running""}",1,1,1,desktop-control-plane,True,"{""desktop-control-plane"": true}"
2026-09-21T23:28:30.443Z,gateway-856744bb66-hzcvr,cc510c63-0609-4870-b9ca-abd3e21ac480,gateway,Running,True,1,1,0,"{""gateway"": 0}","{""gateway"": ""running""}",1,1,1,desktop-control-plane,True,"{""desktop-control-plane"": true}"
2026-09-21T23:28:30.443Z,jaeger-7cc9b664cc-jt9fj,21942cdb-b601-447a-bf38-ba3b861fe91b,jaeger,Running,True,1,1,0,"{""jaeger"": 0}","{""jaeger"": ""running""}",1,1,1,desktop-control-plane,True,"{""desktop-control-plane"": true}"
2026-09-21T23:28:30.443Z,otel-collector-7c765745bf-q69jh,9ea6d084-d3d7-4c16-a0d5-9b1cc10530b3,otel-collector,Running,True,1,1,0,"{""otel-collector"": 0}","{""otel-collector"": ""running""}",1,1,1,desktop-control-plane,True,"{""desktop-control-plane"": true}"
2026-09-21T23:28:30.443Z,postgres-676cc4986c-65g8j,208c1990-5e96-493e-951b-3925c343082b,postgres,Running,True,1,1,0,"{""postgres"": 0}","{""postgres"": ""running""}",1,1,1,desktop-control-plane,True,"{""desktop-control-plane"": true}"
2026-09-21T23:28:30.443Z,prometheus-59f5cf7468-mtx8z,59cbbbaf-6dcc-47ec-97ed-1794e4b0c8e8,prometheus,Running,True,1,1,0,"{""prometheus"": 0}","{""prometheus"": ""running""}",1,1,1,desktop-control-plane,True,"{""desktop-control-plane"": true}"
2026-09-21T23:28:30.443Z,rabbitmq-5cdf8f76b7-bwghx,0ac06c65-14a9-4bd2-b5d4-7f2a22c1c4a6,rabbitmq,Running,True,1,1,3,"{""rabbitmq"": 3}","{""rabbitmq"": ""running""}",1,1,1,desktop-control-plane,True,"{""desktop-control-plane"": true}"
2026-09-21T23:28:30.443Z,worker-5b55666b44-rqchq,2dd0ad98-71ab-4a3b-b534-291680e82fe2,worker,Running,True,1,1,3,"{""worker"": 3}","{""worker"": ""running""}",1,1,1,desktop-control-plane,True,"{""desktop-control-plane"": true}"
2026-09-21T23:28:35.443Z,api-5b87c4c9d-nfcrm,16a10e06-1c63-4416-be9b-df9e5b73aa2d,api,Running,True,1,1,0,"{""api"": 0}","{""api"": ""running""}",1,1,1,desktop-control-plane,True,"{""desktop-control-plane"": true}"
2026-09-21T23:28:35.443Z,gateway-856744bb66-hzcvr,cc510c63-0609-4870-b9ca-abd3e21ac480,gateway,Running,True,1,1,0,"{""gateway"": 0}","{""gateway"": ""running""}",1,1,1,desktop-control-plane,True,"{""desktop-control-plane"": true}"
2026-09-21T23:28:35.443Z,jaeger-7cc9b664cc-jt9fj,21942cdb-b601-447a-bf38-ba3b861fe91b,jaeger,Running,True,1,1,0,"{""jaeger"": 0}","{""jaeger"": ""running""}",1,1,1,desktop-control-plane,True,"{""desktop-control-plane"": true}"
2026-09-21T23:28:35.443Z,otel-collector-7c765745bf-q69jh,9ea6d084-d3d7-4c16-a0d5-9b1cc10530b3,otel-collector,Running,True,1,1,0,"{""otel-collector"": 0}","{""otel-collector"": ""running""}",1,1,1,desktop-control-plane,True,"{""desktop-control-plane"": true}"
2026-09-21T23:28:35.443Z,postgres-676cc4986c-65g8j,208c1990-5e96-493e-951b-3925c343082b,postgres,Running,True,1,1,0,"{""postgres"": 0}","{""postgres"": ""running""}",1,1,1,desktop-control-plane,True,"{""desktop-control-plane"": true}"
2026-09-21T23:28:35.443Z,prometheus-59f5cf7468-mtx8z,59cbbbaf-6dcc-47ec-97ed-1794e4b0c8e8,prometheus,Running,True,1,1,0,"{""prometheus"": 0}","{""prometheus"": ""running""}",1,1,1,desktop-control-plane,True,"{""desktop-control-plane"": true}"
2026-09-21T23:28:35.443Z,rabbitmq-5cdf8f76b7-bwghx,0ac06c65-14a9-4bd2-b5d4-7f2a22c1c4a6,rabbitmq,Running,True,1,1,3,"{""rabbitmq"": 3}","{""rabbitmq"": ""running""}",1,1,1,desktop-control-plane,True,"{""desktop-control-plane"": true}"
2026-09-21T23:28:35.443Z,worker-5b55666b44-rqchq,2dd0ad98-71ab-4a3b-b534-291680e82fe2,worker,Running,True,1,1,3,"{""worker"": 3}","{""worker"": ""running""}",1,1,1,desktop-control-plane,True,"{""desktop-control-plane"": true}"
2026-09-21T23:28:40.444Z,api-5b87c4c9d-nfcrm,16a10e06-1c63-4416-be9b-df9e5b73aa2d,api,Running,True,1,1,0,"{""api"": 0}","{""api"": ""running""}",1,1,1,desktop-control-plane,True,"{""desktop-control-plane"": true}"
2026-09-21T23:28:40.444Z,gateway-856744bb66-hzcvr,cc510c63-0609-4870-b9ca-abd3e21ac480,gateway,Running,True,1,1,0,"{""gateway"": 0}","{""gateway"": ""running""}",1,1,1,desktop-control-plane,True,"{""desktop-control-plane"": true}"
2026-09-21T23:28:40.444Z,jaeger-7cc9b664cc-jt9fj,21942cdb-b601-447a-bf38-ba3b861fe91b,jaeger,Running,True,1,1,0,"{""jaeger"": 0}","{""jaeger"": ""running""}",1,1,1,desktop-control-plane,True,"{""desktop-control-plane"": true}"
2026-09-21T23:28:40.444Z,otel-collector-7c765745bf-q69jh,9ea6d084-d3d7-4c16-a0d5-9b1cc10530b3,otel-collector,Running,True,1,1,0,"{""otel-collector"": 0}","{""otel-collector"": ""running""}",1,1,1,desktop-control-plane,True,"{""desktop-control-plane"": true}"
2026-09-21T23:28:40.444Z,postgres-676cc4986c-65g8j,208c1990-5e96-493e-951b-3925c343082b,postgres,Running,True,1,1,0,"{""postgres"": 0}","{""postgres"": ""running""}",1,1,1,desktop-control-plane,True,"{""desktop-control-plane"": true}"
2026-09-21T23:28:40.444Z,prometheus-59f5cf7468-mtx8z,59cbbbaf-6dcc-47ec-97ed-1794e4b0c8e8,prometheus,Running,True,1,1,0,"{""prometheus"": 0}","{""prometheus"": ""running""}",1,1,1,desktop-control-plane,True,"{""desktop-control-plane"": true}"
2026-09-21T23:28:40.444Z,rabbitmq-5cdf8f76b7-bwghx,0ac06c65-14a9-4bd2-b5d4-7f2a22c1c4a6,rabbitmq,Running,True,1,1,3,"{""rabbitmq"": 3}","{""rabbitmq"": ""running""}",1,1,1,desktop-control-plane,True,"{""desktop-control-plane"": true}"
2026-09-21T23:28:40.444Z,worker-5b55666b44-rqchq,2dd0ad98-71ab-4a3b-b534-291680e82fe2,worker,Running,True,1,1,3,"{""worker"": 3}","{""worker"": ""running""}",1,1,1,desktop-control-plane,True,"{""desktop-control-plane"": true}"
2026-09-21T23:28:45.445Z,api-5b87c4c9d-nfcrm,16a10e06-1c63-4416-be9b-df9e5b73aa2d,api,Running,True,1,1,0,"{""api"": 0}","{""api"": ""running""}",1,1,1,desktop-control-plane,True,"{""desktop-control-plane"": true}"
2026-09-21T23:28:45.445Z,gateway-856744bb66-hzcvr,cc510c63-0609-4870-b9ca-abd3e21ac480,gateway,Running,True,1,1,0,"{""gateway"": 0}","{""gateway"": ""running""}",1,1,1,desktop-control-plane,True,"{""desktop-control-plane"": true}"
2026-09-21T23:28:45.445Z,jaeger-7cc9b664cc-jt9fj,21942cdb-b601-447a-bf38-ba3b861fe91b,jaeger,Running,True,1,1,0,"{""jaeger"": 0}","{""jaeger"": ""running""}",1,1,1,desktop-control-plane,True,"{""desktop-control-plane"": true}"
2026-09-21T23:28:45.445Z,otel-collector-7c765745bf-q69jh,9ea6d084-d3d7-4c16-a0d5-9b1cc10530b3,otel-collector,Running,True,1,1,0,"{""otel-collector"": 0}","{""otel-collector"": ""running""}",1,1,1,desktop-control-plane,True,"{""desktop-control-plane"": true}"
2026-09-21T23:28:45.445Z,postgres-676cc4986c-65g8j,208c1990-5e96-493e-951b-3925c343082b,postgres,Running,True,1,1,0,"{""postgres"": 0}","{""postgres"": ""running""}",1,1,1,desktop-control-plane,True,"{""desktop-control-plane"": true}"
2026-09-21T23:28:45.445Z,prometheus-59f5cf7468-mtx8z,59cbbbaf-6dcc-47ec-97ed-1794e4b0c8e8,prometheus,Running,True,1,1,0,"{""prometheus"": 0}","{""prometheus"": ""running""}",1,1,1,desktop-control-plane,True,"{""desktop-control-plane"": true}"
2026-09-21T23:28:45.445Z,rabbitmq-5cdf8f76b7-bwghx,0ac06c65-14a9-4bd2-b5d4-7f2a22c1c4a6,rabbitmq,Running,True,1,1,3,"{""rabbitmq"": 3}","{""rabbitmq"": ""running""}",1,1,1,desktop-control-plane,True,"{""desktop-control-plane"": true}"
2026-09-21T23:28:45.445Z,worker-5b55666b44-rqchq,2dd0ad98-71ab-4a3b-b534-291680e82fe2,worker,Running,True,1,1,3,"{""worker"": 3}","{""worker"": ""running""}",1,1,1,desktop-control-plane,True,"{""desktop-control-plane"": true}"
2026-09-21T23:28:50.445Z,api-5b87c4c9d-nfcrm,16a10e06-1c63-4416-be9b-df9e5b73aa2d,api,Running,True,1,1,0,"{""api"": 0}","{""api"": ""running""}",1,1,1,desktop-control-plane,True,"{""desktop-control-plane"": true}"
2026-09-21T23:28:50.445Z,gateway-856744bb66-hzcvr,cc510c63-0609-4870-b9ca-abd3e21ac480,gateway,Running,True,1,1,0,"{""gateway"": 0}","{""gateway"": ""running""}",1,1,1,desktop-control-plane,True,"{""desktop-control-plane"": true}"
2026-09-21T23:28:50.445Z,jaeger-7cc9b664cc-jt9fj,21942cdb-b601-447a-bf38-ba3b861fe91b,jaeger,Running,True,1,1,0,"{""jaeger"": 0}","{""jaeger"": ""running""}",1,1,1,desktop-control-plane,True,"{""desktop-control-plane"": true}"
2026-09-21T23:28:50.445Z,otel-collector-7c765745bf-q69jh,9ea6d084-d3d7-4c16-a0d5-9b1cc10530b3,otel-collector,Running,True,1,1,0,"{""otel-collector"": 0}","{""otel-collector"": ""running""}",1,1,1,desktop-control-plane,True,"{""desktop-control-plane"": true}"
2026-09-21T23:28:50.445Z,postgres-676cc4986c-65g8j,208c1990-5e96-493e-951b-3925c343082b,postgres,Running,True,1,1,0,"{""postgres"": 0}","{""postgres"": ""running""}",1,1,1,desktop-control-plane,True,"{""desktop-control-plane"": true}"
2026-09-21T23:28:50.445Z,prometheus-59f5cf7468-mtx8z,59cbbbaf-6dcc-47ec-97ed-1794e4b0c8e8,prometheus,Running,True,1,1,0,"{""prometheus"": 0}","{""prometheus"": ""running""}",1,1,1,desktop-control-plane,True,"{""desktop-control-plane"": true}"
2026-09-21T23:28:50.445Z,rabbitmq-5cdf8f76b7-bwghx,0ac06c65-14a9-4bd2-b5d4-7f2a22c1c4a6,rabbitmq,Running,True,1,1,3,"{""rabbitmq"": 3}","{""rabbitmq"": ""running""}",1,1,1,desktop-control-plane,True,"{""desktop-control-plane"": true}"
2026-09-21T23:28:50.445Z,worker-5b55666b44-rqchq,2dd0ad98-71ab-4a3b-b534-291680e82fe2,worker,Running,True,1,1,3,"{""worker"": 3}","{""worker"": ""running""}",1,1,1,desktop-control-plane,True,"{""desktop-control-plane"": true}"
2026-09-21T23:28:55.445Z,api-5b87c4c9d-nfcrm,16a10e06-1c63-4416-be9b-df9e5b73aa2d,api,Running,True,1,1,0,"{""api"": 0}","{""api"": ""running""}",1,1,1,desktop-control-plane,True,"{""desktop-control-plane"": true}"
2026-09-21T23:28:55.445Z,gateway-856744bb66-hzcvr,cc510c63-0609-4870-b9ca-abd3e21ac480,gateway,Running,True,1,1,0,"{""gateway"": 0}","{""gateway"": ""running""}",1,1,1,desktop-control-plane,True,"{""desktop-control-plane"": true}"
2026-09-21T23:28:55.445Z,jaeger-7cc9b664cc-jt9fj,21942cdb-b601-447a-bf38-ba3b861fe91b,jaeger,Running,True,1,1,0,"{""jaeger"": 0}","{""jaeger"": ""running""}",1,1,1,desktop-control-plane,True,"{""desktop-control-plane"": true}"
2026-09-21T23:28:55.445Z,otel-collector-7c765745bf-q69jh,9ea6d084-d3d7-4c16-a0d5-9b1cc10530b3,otel-collector,Running,True,1,1,0,"{""otel-collector"": 0}","{""otel-collector"": ""running""}",1,1,1,desktop-control-plane,True,"{""desktop-control-plane"": true}"
2026-09-21T23:28:55.445Z,postgres-676cc4986c-65g8j,208c1990-5e96-493e-951b-3925c343082b,postgres,Running,True,1,1,0,"{""postgres"": 0}","{""postgres"": ""running""}",1,1,1,desktop-control-plane,True,"{""desktop-control-plane"": true}"
2026-09-21T23:28:55.445Z,prometheus-59f5cf7468-mtx8z,59cbbbaf-6dcc-47ec-97ed-1794e4b0c8e8,prometheus,Running,True,1,1,0,"{""prometheus"": 0}","{""prometheus"": ""running""}",1,1,1,desktop-control-plane,True,"{""desktop-control-plane"": true}"
2026-09-21T23:28:55.445Z,rabbitmq-5cdf8f76b7-bwghx,0ac06c65-14a9-4bd2-b5d4-7f2a22c1c4a6,rabbitmq,Running,True,1,1,3,"{""rabbitmq"": 3}","{""rabbitmq"": ""running""}",1,1,1,desktop-control-plane,True,"{""desktop-control-plane"": true}"
2026-09-21T23:28:55.445Z,worker-5b55666b44-rqchq,2dd0ad98-71ab-4a3b-b534-291680e82fe2,worker,Running,True,1,1,3,"{""worker"": 3}","{""worker"": ""running""}",1,1,1,desktop-control-plane,True,"{""desktop-control-plane"": true}"
2026-09-21T23:29:00.446Z,api-5b87c4c9d-nfcrm,16a10e06-1c63-4416-be9b-df9e5b73aa2d,api,Running,True,1,1,0,"{""api"": 0}","{""api"": ""running""}",1,1,1,desktop-control-plane,True,"{""desktop-control-plane"": true}"
2026-09-21T23:29:00.446Z,gateway-856744bb66-hzcvr,cc510c63-0609-4870-b9ca-abd3e21ac480,gateway,Running,True,1,1,0,"{""gateway"": 0}","{""gateway"": ""running""}",1,1,1,desktop-control-plane,True,"{""desktop-control-plane"": true}"
2026-09-21T23:29:00.446Z,jaeger-7cc9b664cc-jt9fj,21942cdb-b601-447a-bf38-ba3b861fe91b,jaeger,Running,True,1,1,0,"{""jaeger"": 0}","{""jaeger"": ""running""}",1,1,1,desktop-control-plane,True,"{""desktop-control-plane"": true}"
2026-09-21T23:29:00.446Z,otel-collector-7c765745bf-q69jh,9ea6d084-d3d7-4c16-a0d5-9b1cc10530b3,otel-collector,Running,True,1,1,0,"{""otel-collector"": 0}","{""otel-collector"": ""running""}",1,1,1,desktop-control-plane,True,"{""desktop-control-plane"": true}"
2026-09-21T23:29:00.446Z,postgres-676cc4986c-65g8j,208c1990-5e96-493e-951b-3925c343082b,postgres,Running,True,1,1,0,"{""postgres"": 0}","{""postgres"": ""running""}",1,1,1,desktop-control-plane,True,"{""desktop-control-plane"": true}"
2026-09-21T23:29:00.446Z,prometheus-59f5cf7468-mtx8z,59cbbbaf-6dcc-47ec-97ed-1794e4b0c8e8,prometheus,Running,True,1,1,0,"{""prometheus"": 0}","{""prometheus"": ""running""}",1,1,1,desktop-control-plane,True,"{""desktop-control-plane"": true}"
2026-09-21T23:29:00.446Z,rabbitmq-5cdf8f76b7-bwghx,0ac06c65-14a9-4bd2-b5d4-7f2a22c1c4a6,rabbitmq,Running,True,1,1,3,"{""rabbitmq"": 3}","{""rabbitmq"": ""running""}",1,1,1,desktop-control-plane,True,"{""desktop-control-plane"": true}"
2026-09-21T23:29:00.446Z,worker-5b55666b44-rqchq,2dd0ad98-71ab-4a3b-b534-291680e82fe2,worker,Running,True,1,1,3,"{""worker"": 3}","{""worker"": ""running""}",1,1,1,desktop-control-plane,True,"{""desktop-control-plane"": true}"
2026-09-21T23:29:05.446Z,api-5b87c4c9d-nfcrm,16a10e06-1c63-4416-be9b-df9e5b73aa2d,api,Running,True,1,1,0,"{""api"": 0}","{""api"": ""running""}",1,1,1,desktop-control-plane,True,"{""desktop-control-plane"": true}"
2026-09-21T23:29:05.446Z,gateway-856744bb66-hzcvr,cc510c63-0609-4870-b9ca-abd3e21ac480,gateway,Running,True,1,1,0,"{""gateway"": 0}","{""gateway"": ""running""}",1,1,1,desktop-control-plane,True,"{""desktop-control-plane"": true}"
2026-09-21T23:29:05.446Z,jaeger-7cc9b664cc-jt9fj,21942cdb-b601-447a-bf38-ba3b861fe91b,jaeger,Running,True,1,1,0,"{""jaeger"": 0}","{""jaeger"": ""running""}",1,1,1,desktop-control-plane,True,"{""desktop-control-plane"": true}"
2026-09-21T23:29:05.446Z,otel-collector-7c765745bf-q69jh,9ea6d084-d3d7-4c16-a0d5-9b1cc10530b3,otel-collector,Running,True,1,1,0,"{""otel-collector"": 0}","{""otel-collector"": ""running""}",1,1,1,desktop-control-plane,True,"{""desktop-control-plane"": true}"
2026-09-21T23:29:05.446Z,postgres-676cc4986c-65g8j,208c1990-5e96-493e-951b-3925c343082b,postgres,Running,True,1,1,0,"{""postgres"": 0}","{""postgres"": ""running""}",1,1,1,desktop-control-plane,True,"{""desktop-control-plane"": true}"
2026-09-21T23:29:05.446Z,prometheus-59f5cf7468-mtx8z,59cbbbaf-6dcc-47ec-97ed-1794e4b0c8e8,prometheus,Running,True,1,1,0,"{""prometheus"": 0}","{""prometheus"": ""running""}",1,1,1,desktop-control-plane,True,"{""desktop-control-plane"": true}"
2026-09-21T23:29:05.446Z,rabbitmq-5cdf8f76b7-bwghx,0ac06c65-14a9-4bd2-b5d4-7f2a22c1c4a6,rabbitmq,Running,True,1,1,3,"{""rabbitmq"": 3}","{""rabbitmq"": ""running""}",1,1,1,desktop-control-plane,True,"{""desktop-control-plane"": true}"
2026-09-21T23:29:05.446Z,worker-5b55666b44-rqchq,2dd0ad98-71ab-4a3b-b534-291680e82fe2,worker,Running,True,1,1,3,"{""worker"": 3}","{""worker"": ""running""}",1,1,1,desktop-control-plane,True,"{""desktop-control-plane"": true}"
2026-09-21T23:29:10.446Z,api-5b87c4c9d-nfcrm,16a10e06-1c63-4416-be9b-df9e5b73aa2d,api,Running,True,1,1,0,"{""api"": 0}","{""api"": ""running""}",1,1,1,desktop-control-plane,True,"{""desktop-control-plane"": true}"
2026-09-21T23:29:10.446Z,gateway-856744bb66-hzcvr,cc510c63-0609-4870-b9ca-abd3e21ac480,gateway,Running,True,1,1,0,"{""gateway"": 0}","{""gateway"": ""running""}",1,1,1,desktop-control-plane,True,"{""desktop-control-plane"": true}"
2026-09-21T23:29:10.446Z,jaeger-7cc9b664cc-jt9fj,21942cdb-b601-447a-bf38-ba3b861fe91b,jaeger,Running,True,1,1,0,"{""jaeger"": 0}","{""jaeger"": ""running""}",1,1,1,desktop-control-plane,True,"{""desktop-control-plane"": true}"
2026-09-21T23:29:10.446Z,otel-collector-7c765745bf-q69jh,9ea6d084-d3d7-4c16-a0d5-9b1cc10530b3,otel-collector,Running,True,1,1,0,"{""otel-collector"": 0}","{""otel-collector"": ""running""}",1,1,1,desktop-control-plane,True,"{""desktop-control-plane"": true}"
2026-09-21T23:29:10.446Z,postgres-676cc4986c-65g8j,208c1990-5e96-493e-951b-3925c343082b,postgres,Running,True,1,1,0,"{""postgres"": 0}","{""postgres"": ""running""}",1,1,1,desktop-control-plane,True,"{""desktop-control-plane"": true}"
2026-09-21T23:29:10.446Z,prometheus-59f5cf7468-mtx8z,59cbbbaf-6dcc-47ec-97ed-1794e4b0c8e8,prometheus,Running,True,1,1,0,"{""prometheus"": 0}","{""prometheus"": ""running""}",1,1,1,desktop-control-plane,True,"{""desktop-control-plane"": true}"
2026-09-21T23:29:10.446Z,rabbitmq-5cdf8f76b7-bwghx,0ac06c65-14a9-4bd2-b5d4-7f2a22c1c4a6,rabbitmq,Running,True,1,1,3,"{""rabbitmq"": 3}","{""rabbitmq"": ""running""}",1,1,1,desktop-control-plane,True,"{""desktop-control-plane"": true}"
2026-09-21T23:29:10.446Z,worker-5b55666b44-rqchq,2dd0ad98-71ab-4a3b-b534-291680e82fe2,worker,Running,True,1,1,3,"{""worker"": 3}","{""worker"": ""running""}",1,1,1,desktop-control-plane,True,"{""desktop-control-plane"": true}"
2026-09-21T23:29:15.447Z,api-5b87c4c9d-nfcrm,16a10e06-1c63-4416-be9b-df9e5b73aa2d,api,Running,True,1,1,0,"{""api"": 0}","{""api"": ""running""}",1,1,1,desktop-control-plane,True,"{""desktop-control-plane"": true}"
2026-09-21T23:29:15.447Z,gateway-856744bb66-hzcvr,cc510c63-0609-4870-b9ca-abd3e21ac480,gateway,Running,True,1,1,0,"{""gateway"": 0}","{""gateway"": ""running""}",1,1,1,desktop-control-plane,True,"{""desktop-control-plane"": true}"
2026-09-21T23:29:15.447Z,jaeger-7cc9b664cc-jt9fj,21942cdb-b601-447a-bf38-ba3b861fe91b,jaeger,Running,True,1,1,0,"{""jaeger"": 0}","{""jaeger"": ""running""}",1,1,1,desktop-control-plane,True,"{""desktop-control-plane"": true}"
2026-09-21T23:29:15.447Z,otel-collector-7c765745bf-q69jh,9ea6d084-d3d7-4c16-a0d5-9b1cc10530b3,otel-collector,Running,True,1,1,0,"{""otel-collector"": 0}","{""otel-collector"": ""running""}",1,1,1,desktop-control-plane,True,"{""desktop-control-plane"": true}"
2026-09-21T23:29:15.447Z,postgres-676cc4986c-65g8j,208c1990-5e96-493e-951b-3925c343082b,postgres,Running,True,1,1,0,"{""postgres"": 0}","{""postgres"": ""running""}",1,1,1,desktop-control-plane,True,"{""desktop-control-plane"": true}"
2026-09-21T23:29:15.447Z,prometheus-59f5cf7468-mtx8z,59cbbbaf-6dcc-47ec-97ed-1794e4b0c8e8,prometheus,Running,True,1,1,0,"{""prometheus"": 0}","{""prometheus"": ""running""}",1,1,1,desktop-control-plane,True,"{""desktop-control-plane"": true}"
2026-09-21T23:29:15.447Z,rabbitmq-5cdf8f76b7-bwghx,0ac06c65-14a9-4bd2-b5d4-7f2a22c1c4a6,rabbitmq,Running,True,1,1,3,"{""rabbitmq"": 3}","{""rabbitmq"": ""running""}",1,1,1,desktop-control-plane,True,"{""desktop-control-plane"": true}"
2026-09-21T23:29:15.447Z,worker-5b55666b44-rqchq,2dd0ad98-71ab-4a3b-b534-291680e82fe2,worker,Running,True,1,1,3,"{""worker"": 3}","{""worker"": ""running""}",1,1,1,desktop-control-plane,True,"{""desktop-control-plane"": true}"
2026-09-21T23:29:20.447Z,api-5b87c4c9d-nfcrm,16a10e06-1c63-4416-be9b-df9e5b73aa2d,api,Running,True,1,1,0,"{""api"": 0}","{""api"": ""running""}",1,1,1,desktop-control-plane,True,"{""desktop-control-plane"": true}"
2026-09-21T23:29:20.447Z,gateway-856744bb66-hzcvr,cc510c63-0609-4870-b9ca-abd3e21ac480,gateway,Running,True,1,1,0,"{""gateway"": 0}","{""gateway"": ""running""}",1,1,1,desktop-control-plane,True,"{""desktop-control-plane"": true}"
2026-09-21T23:29:20.447Z,jaeger-7cc9b664cc-jt9fj,21942cdb-b601-447a-bf38-ba3b861fe91b,jaeger,Running,True,1,1,0,"{""jaeger"": 0}","{""jaeger"": ""running""}",1,1,1,desktop-control-plane,True,"{""desktop-control-plane"": true}"
2026-09-21T23:29:20.447Z,k6-c4-exploratory-002-mtvvr,6c99d345-137f-4cb4-bb4d-f376374906a3,k6,Running,True,1,1,0,"{""k6"": 0}","{""k6"": ""running""}",1,1,1,desktop-control-plane,True,"{""desktop-control-plane"": true}"
2026-09-21T23:29:20.447Z,otel-collector-7c765745bf-q69jh,9ea6d084-d3d7-4c16-a0d5-9b1cc10530b3,otel-collector,Running,True,1,1,0,"{""otel-collector"": 0}","{""otel-collector"": ""running""}",1,1,1,desktop-control-plane,True,"{""desktop-control-plane"": true}"
2026-09-21T23:29:20.447Z,postgres-676cc4986c-65g8j,208c1990-5e96-493e-951b-3925c343082b,postgres,Running,True,1,1,0,"{""postgres"": 0}","{""postgres"": ""running""}",1,1,1,desktop-control-plane,True,"{""desktop-control-plane"": true}"
2026-09-21T23:29:20.447Z,prometheus-59f5cf7468-mtx8z,59cbbbaf-6dcc-47ec-97ed-1794e4b0c8e8,prometheus,Running,True,1,1,0,"{""prometheus"": 0}","{""prometheus"": ""running""}",1,1,1,desktop-control-plane,True,"{""desktop-control-plane"": true}"
2026-09-21T23:29:20.447Z,rabbitmq-5cdf8f76b7-bwghx,0ac06c65-14a9-4bd2-b5d4-7f2a22c1c4a6,rabbitmq,Running,True,1,1,3,"{""rabbitmq"": 3}","{""rabbitmq"": ""running""}",1,1,1,desktop-control-plane,True,"{""desktop-control-plane"": true}"
2026-09-21T23:29:20.447Z,worker-5b55666b44-rqchq,2dd0ad98-71ab-4a3b-b534-291680e82fe2,worker,Running,True,1,1,3,"{""worker"": 3}","{""worker"": ""running""}",1,1,1,desktop-control-plane,True,"{""desktop-control-plane"": true}"
2026-09-21T23:29:25.448Z,api-5b87c4c9d-nfcrm,16a10e06-1c63-4416-be9b-df9e5b73aa2d,api,Running,True,1,1,0,"{""api"": 0}","{""api"": ""running""}",1,1,1,desktop-control-plane,True,"{""desktop-control-plane"": true}"
2026-09-21T23:29:25.448Z,gateway-856744bb66-hzcvr,cc510c63-0609-4870-b9ca-abd3e21ac480,gateway,Running,True,1,1,0,"{""gateway"": 0}","{""gateway"": ""running""}",1,1,1,desktop-control-plane,True,"{""desktop-control-plane"": true}"
2026-09-21T23:29:25.448Z,jaeger-7cc9b664cc-jt9fj,21942cdb-b601-447a-bf38-ba3b861fe91b,jaeger,Running,True,1,1,0,"{""jaeger"": 0}","{""jaeger"": ""running""}",1,1,1,desktop-control-plane,True,"{""desktop-control-plane"": true}"
2026-09-21T23:29:25.448Z,k6-c4-exploratory-002-mtvvr,6c99d345-137f-4cb4-bb4d-f376374906a3,k6,Running,True,1,1,0,"{""k6"": 0}","{""k6"": ""running""}",1,1,1,desktop-control-plane,True,"{""desktop-control-plane"": true}"
2026-09-21T23:29:25.448Z,otel-collector-7c765745bf-q69jh,9ea6d084-d3d7-4c16-a0d5-9b1cc10530b3,otel-collector,Running,True,1,1,0,"{""otel-collector"": 0}","{""otel-collector"": ""running""}",1,1,1,desktop-control-plane,True,"{""desktop-control-plane"": true}"
2026-09-21T23:29:25.448Z,postgres-676cc4986c-65g8j,208c1990-5e96-493e-951b-3925c343082b,postgres,Running,True,1,1,0,"{""postgres"": 0}","{""postgres"": ""running""}",1,1,1,desktop-control-plane,True,"{""desktop-control-plane"": true}"
2026-09-21T23:29:25.448Z,prometheus-59f5cf7468-mtx8z,59cbbbaf-6dcc-47ec-97ed-1794e4b0c8e8,prometheus,Running,True,1,1,0,"{""prometheus"": 0}","{""prometheus"": ""running""}",1,1,1,desktop-control-plane,True,"{""desktop-control-plane"": true}"
2026-09-21T23:29:25.448Z,rabbitmq-5cdf8f76b7-bwghx,0ac06c65-14a9-4bd2-b5d4-7f2a22c1c4a6,rabbitmq,Running,True,1,1,3,"{""rabbitmq"": 3}","{""rabbitmq"": ""running""}",1,1,1,desktop-control-plane,True,"{""desktop-control-plane"": true}"
2026-09-21T23:29:25.448Z,worker-5b55666b44-rqchq,2dd0ad98-71ab-4a3b-b534-291680e82fe2,worker,Running,True,1,1,3,"{""worker"": 3}","{""worker"": ""running""}",1,1,1,desktop-control-plane,True,"{""desktop-control-plane"": true}"
2026-09-21T23:29:30.448Z,api-5b87c4c9d-nfcrm,16a10e06-1c63-4416-be9b-df9e5b73aa2d,api,Running,True,1,1,0,"{""api"": 0}","{""api"": ""running""}",1,1,1,desktop-control-plane,True,"{""desktop-control-plane"": true}"
2026-09-21T23:29:30.448Z,gateway-856744bb66-hzcvr,cc510c63-0609-4870-b9ca-abd3e21ac480,gateway,Running,True,1,1,0,"{""gateway"": 0}","{""gateway"": ""running""}",1,1,1,desktop-control-plane,True,"{""desktop-control-plane"": true}"
2026-09-21T23:29:30.448Z,jaeger-7cc9b664cc-jt9fj,21942cdb-b601-447a-bf38-ba3b861fe91b,jaeger,Running,True,1,1,0,"{""jaeger"": 0}","{""jaeger"": ""running""}",1,1,1,desktop-control-plane,True,"{""desktop-control-plane"": true}"
2026-09-21T23:29:30.448Z,k6-c4-exploratory-002-mtvvr,6c99d345-137f-4cb4-bb4d-f376374906a3,k6,Running,True,1,1,0,"{""k6"": 0}","{""k6"": ""running""}",1,1,1,desktop-control-plane,True,"{""desktop-control-plane"": true}"
2026-09-21T23:29:30.448Z,otel-collector-7c765745bf-q69jh,9ea6d084-d3d7-4c16-a0d5-9b1cc10530b3,otel-collector,Running,True,1,1,0,"{""otel-collector"": 0}","{""otel-collector"": ""running""}",1,1,1,desktop-control-plane,True,"{""desktop-control-plane"": true}"
2026-09-21T23:29:30.448Z,postgres-676cc4986c-65g8j,208c1990-5e96-493e-951b-3925c343082b,postgres,Running,True,1,1,0,"{""postgres"": 0}","{""postgres"": ""running""}",1,1,1,desktop-control-plane,True,"{""desktop-control-plane"": true}"
2026-09-21T23:29:30.448Z,prometheus-59f5cf7468-mtx8z,59cbbbaf-6dcc-47ec-97ed-1794e4b0c8e8,prometheus,Running,True,1,1,0,"{""prometheus"": 0}","{""prometheus"": ""running""}",1,1,1,desktop-control-plane,True,"{""desktop-control-plane"": true}"
2026-09-21T23:29:30.448Z,rabbitmq-5cdf8f76b7-bwghx,0ac06c65-14a9-4bd2-b5d4-7f2a22c1c4a6,rabbitmq,Running,True,1,1,3,"{""rabbitmq"": 3}","{""rabbitmq"": ""running""}",1,1,1,desktop-control-plane,True,"{""desktop-control-plane"": true}"
2026-09-21T23:29:30.448Z,worker-5b55666b44-rqchq,2dd0ad98-71ab-4a3b-b534-291680e82fe2,worker,Running,True,1,1,3,"{""worker"": 3}","{""worker"": ""running""}",1,1,1,desktop-control-plane,True,"{""desktop-control-plane"": true}"
2026-09-21T23:29:35.449Z,api-5b87c4c9d-nfcrm,16a10e06-1c63-4416-be9b-df9e5b73aa2d,api,Running,True,1,1,0,"{""api"": 0}","{""api"": ""running""}",1,1,1,desktop-control-plane,True,"{""desktop-control-plane"": true}"
2026-09-21T23:29:35.449Z,gateway-856744bb66-hzcvr,cc510c63-0609-4870-b9ca-abd3e21ac480,gateway,Running,True,1,1,0,"{""gateway"": 0}","{""gateway"": ""running""}",1,1,1,desktop-control-plane,True,"{""desktop-control-plane"": true}"
2026-09-21T23:29:35.449Z,jaeger-7cc9b664cc-jt9fj,21942cdb-b601-447a-bf38-ba3b861fe91b,jaeger,Running,True,1,1,0,"{""jaeger"": 0}","{""jaeger"": ""running""}",1,1,1,desktop-control-plane,True,"{""desktop-control-plane"": true}"
2026-09-21T23:29:35.449Z,k6-c4-exploratory-002-mtvvr,6c99d345-137f-4cb4-bb4d-f376374906a3,k6,Running,True,1,1,0,"{""k6"": 0}","{""k6"": ""running""}",1,1,1,desktop-control-plane,True,"{""desktop-control-plane"": true}"
2026-09-21T23:29:35.449Z,otel-collector-7c765745bf-q69jh,9ea6d084-d3d7-4c16-a0d5-9b1cc10530b3,otel-collector,Running,True,1,1,0,"{""otel-collector"": 0}","{""otel-collector"": ""running""}",1,1,1,desktop-control-plane,True,"{""desktop-control-plane"": true}"
2026-09-21T23:29:35.449Z,postgres-676cc4986c-65g8j,208c1990-5e96-493e-951b-3925c343082b,postgres,Running,True,1,1,0,"{""postgres"": 0}","{""postgres"": ""running""}",1,1,1,desktop-control-plane,True,"{""desktop-control-plane"": true}"
2026-09-21T23:29:35.449Z,prometheus-59f5cf7468-mtx8z,59cbbbaf-6dcc-47ec-97ed-1794e4b0c8e8,prometheus,Running,True,1,1,0,"{""prometheus"": 0}","{""prometheus"": ""running""}",1,1,1,desktop-control-plane,True,"{""desktop-control-plane"": true}"
2026-09-21T23:29:35.449Z,rabbitmq-5cdf8f76b7-bwghx,0ac06c65-14a9-4bd2-b5d4-7f2a22c1c4a6,rabbitmq,Running,True,1,1,3,"{""rabbitmq"": 3}","{""rabbitmq"": ""running""}",1,1,1,desktop-control-plane,True,"{""desktop-control-plane"": true}"
2026-09-21T23:29:35.449Z,worker-5b55666b44-rqchq,2dd0ad98-71ab-4a3b-b534-291680e82fe2,worker,Running,True,1,1,3,"{""worker"": 3}","{""worker"": ""running""}",1,1,1,desktop-control-plane,True,"{""desktop-control-plane"": true}"
2026-09-21T23:29:40.449Z,api-5b87c4c9d-nfcrm,16a10e06-1c63-4416-be9b-df9e5b73aa2d,api,Running,True,1,1,0,"{""api"": 0}","{""api"": ""running""}",1,1,1,desktop-control-plane,True,"{""desktop-control-plane"": true}"
2026-09-21T23:29:40.449Z,gateway-856744bb66-hzcvr,cc510c63-0609-4870-b9ca-abd3e21ac480,gateway,Running,True,1,1,0,"{""gateway"": 0}","{""gateway"": ""running""}",1,1,1,desktop-control-plane,True,"{""desktop-control-plane"": true}"
2026-09-21T23:29:40.449Z,jaeger-7cc9b664cc-jt9fj,21942cdb-b601-447a-bf38-ba3b861fe91b,jaeger,Running,True,1,1,0,"{""jaeger"": 0}","{""jaeger"": ""running""}",1,1,1,desktop-control-plane,True,"{""desktop-control-plane"": true}"
2026-09-21T23:29:40.449Z,k6-c4-exploratory-002-mtvvr,6c99d345-137f-4cb4-bb4d-f376374906a3,k6,Running,True,1,1,0,"{""k6"": 0}","{""k6"": ""running""}",1,1,1,desktop-control-plane,True,"{""desktop-control-plane"": true}"
2026-09-21T23:29:40.449Z,otel-collector-7c765745bf-q69jh,9ea6d084-d3d7-4c16-a0d5-9b1cc10530b3,otel-collector,Running,True,1,1,0,"{""otel-collector"": 0}","{""otel-collector"": ""running""}",1,1,1,desktop-control-plane,True,"{""desktop-control-plane"": true}"
2026-09-21T23:29:40.449Z,postgres-676cc4986c-65g8j,208c1990-5e96-493e-951b-3925c343082b,postgres,Running,True,1,1,0,"{""postgres"": 0}","{""postgres"": ""running""}",1,1,1,desktop-control-plane,True,"{""desktop-control-plane"": true}"
2026-09-21T23:29:40.449Z,prometheus-59f5cf7468-mtx8z,59cbbbaf-6dcc-47ec-97ed-1794e4b0c8e8,prometheus,Running,True,1,1,0,"{""prometheus"": 0}","{""prometheus"": ""running""}",1,1,1,desktop-control-plane,True,"{""desktop-control-plane"": true}"
2026-09-21T23:29:40.449Z,rabbitmq-5cdf8f76b7-bwghx,0ac06c65-14a9-4bd2-b5d4-7f2a22c1c4a6,rabbitmq,Running,True,1,1,3,"{""rabbitmq"": 3}","{""rabbitmq"": ""running""}",1,1,1,desktop-control-plane,True,"{""desktop-control-plane"": true}"
2026-09-21T23:29:40.449Z,worker-5b55666b44-rqchq,2dd0ad98-71ab-4a3b-b534-291680e82fe2,worker,Running,True,1,1,3,"{""worker"": 3}","{""worker"": ""running""}",1,1,1,desktop-control-plane,True,"{""desktop-control-plane"": true}"
2026-09-21T23:29:45.450Z,api-5b87c4c9d-nfcrm,16a10e06-1c63-4416-be9b-df9e5b73aa2d,api,Running,True,1,1,0,"{""api"": 0}","{""api"": ""running""}",1,1,1,desktop-control-plane,True,"{""desktop-control-plane"": true}"
2026-09-21T23:29:45.450Z,gateway-856744bb66-hzcvr,cc510c63-0609-4870-b9ca-abd3e21ac480,gateway,Running,True,1,1,0,"{""gateway"": 0}","{""gateway"": ""running""}",1,1,1,desktop-control-plane,True,"{""desktop-control-plane"": true}"
2026-09-21T23:29:45.450Z,jaeger-7cc9b664cc-jt9fj,21942cdb-b601-447a-bf38-ba3b861fe91b,jaeger,Running,True,1,1,0,"{""jaeger"": 0}","{""jaeger"": ""running""}",1,1,1,desktop-control-plane,True,"{""desktop-control-plane"": true}"
2026-09-21T23:29:45.450Z,k6-c4-exploratory-002-mtvvr,6c99d345-137f-4cb4-bb4d-f376374906a3,k6,Running,True,1,1,0,"{""k6"": 0}","{""k6"": ""running""}",1,1,1,desktop-control-plane,True,"{""desktop-control-plane"": true}"
2026-09-21T23:29:45.450Z,otel-collector-7c765745bf-q69jh,9ea6d084-d3d7-4c16-a0d5-9b1cc10530b3,otel-collector,Running,True,1,1,0,"{""otel-collector"": 0}","{""otel-collector"": ""running""}",1,1,1,desktop-control-plane,True,"{""desktop-control-plane"": true}"
2026-09-21T23:29:45.450Z,postgres-676cc4986c-65g8j,208c1990-5e96-493e-951b-3925c343082b,postgres,Running,True,1,1,0,"{""postgres"": 0}","{""postgres"": ""running""}",1,1,1,desktop-control-plane,True,"{""desktop-control-plane"": true}"
2026-09-21T23:29:45.450Z,prometheus-59f5cf7468-mtx8z,59cbbbaf-6dcc-47ec-97ed-1794e4b0c8e8,prometheus,Running,True,1,1,0,"{""prometheus"": 0}","{""prometheus"": ""running""}",1,1,1,desktop-control-plane,True,"{""desktop-control-plane"": true}"
2026-09-21T23:29:45.450Z,rabbitmq-5cdf8f76b7-bwghx,0ac06c65-14a9-4bd2-b5d4-7f2a22c1c4a6,rabbitmq,Running,True,1,1,3,"{""rabbitmq"": 3}","{""rabbitmq"": ""running""}",1,1,1,desktop-control-plane,True,"{""desktop-control-plane"": true}"
2026-09-21T23:29:45.450Z,worker-5b55666b44-rqchq,2dd0ad98-71ab-4a3b-b534-291680e82fe2,worker,Running,True,1,1,3,"{""worker"": 3}","{""worker"": ""running""}",1,1,1,desktop-control-plane,True,"{""desktop-control-plane"": true}"
2026-09-21T23:29:50.450Z,api-5b87c4c9d-nfcrm,16a10e06-1c63-4416-be9b-df9e5b73aa2d,api,Running,True,1,1,0,"{""api"": 0}","{""api"": ""running""}",1,1,1,desktop-control-plane,True,"{""desktop-control-plane"": true}"
2026-09-21T23:29:50.450Z,gateway-856744bb66-hzcvr,cc510c63-0609-4870-b9ca-abd3e21ac480,gateway,Running,True,1,1,0,"{""gateway"": 0}","{""gateway"": ""running""}",1,1,1,desktop-control-plane,True,"{""desktop-control-plane"": true}"
2026-09-21T23:29:50.450Z,jaeger-7cc9b664cc-jt9fj,21942cdb-b601-447a-bf38-ba3b861fe91b,jaeger,Running,True,1,1,0,"{""jaeger"": 0}","{""jaeger"": ""running""}",1,1,1,desktop-control-plane,True,"{""desktop-control-plane"": true}"
2026-09-21T23:29:50.450Z,k6-c4-exploratory-002-mtvvr,6c99d345-137f-4cb4-bb4d-f376374906a3,k6,Running,True,1,1,0,"{""k6"": 0}","{""k6"": ""running""}",1,1,1,desktop-control-plane,True,"{""desktop-control-plane"": true}"
2026-09-21T23:29:50.450Z,otel-collector-7c765745bf-q69jh,9ea6d084-d3d7-4c16-a0d5-9b1cc10530b3,otel-collector,Running,True,1,1,0,"{""otel-collector"": 0}","{""otel-collector"": ""running""}",1,1,1,desktop-control-plane,True,"{""desktop-control-plane"": true}"
2026-09-21T23:29:50.450Z,postgres-676cc4986c-65g8j,208c1990-5e96-493e-951b-3925c343082b,postgres,Running,True,1,1,0,"{""postgres"": 0}","{""postgres"": ""running""}",1,1,1,desktop-control-plane,True,"{""desktop-control-plane"": true}"
2026-09-21T23:29:50.450Z,prometheus-59f5cf7468-mtx8z,59cbbbaf-6dcc-47ec-97ed-1794e4b0c8e8,prometheus,Running,True,1,1,0,"{""prometheus"": 0}","{""prometheus"": ""running""}",1,1,1,desktop-control-plane,True,"{""desktop-control-plane"": true}"
2026-09-21T23:29:50.450Z,rabbitmq-5cdf8f76b7-bwghx,0ac06c65-14a9-4bd2-b5d4-7f2a22c1c4a6,rabbitmq,Running,True,1,1,3,"{""rabbitmq"": 3}","{""rabbitmq"": ""running""}",1,1,1,desktop-control-plane,True,"{""desktop-control-plane"": true}"
2026-09-21T23:29:50.450Z,worker-5b55666b44-rqchq,2dd0ad98-71ab-4a3b-b534-291680e82fe2,worker,Running,True,1,1,3,"{""worker"": 3}","{""worker"": ""running""}",1,1,1,desktop-control-plane,True,"{""desktop-control-plane"": true}"
2026-09-21T23:29:55.450Z,api-5b87c4c9d-blcpn,d3e9e705-d2d4-48da-a726-d7fd62783297,api,Running,False,0,1,0,"{""api"": 0}","{""api"": ""running""}",3,1,1,desktop-control-plane,True,"{""desktop-control-plane"": true}"
2026-09-21T23:29:55.450Z,api-5b87c4c9d-lvgtq,b74b4b13-3de3-4450-9f0c-897524c83444,api,Running,False,0,1,0,"{""api"": 0}","{""api"": ""running""}",3,1,1,desktop-control-plane,True,"{""desktop-control-plane"": true}"
2026-09-21T23:29:55.450Z,api-5b87c4c9d-nfcrm,16a10e06-1c63-4416-be9b-df9e5b73aa2d,api,Running,True,1,1,0,"{""api"": 0}","{""api"": ""running""}",3,1,1,desktop-control-plane,True,"{""desktop-control-plane"": true}"
2026-09-21T23:29:55.450Z,gateway-856744bb66-hzcvr,cc510c63-0609-4870-b9ca-abd3e21ac480,gateway,Running,True,1,1,0,"{""gateway"": 0}","{""gateway"": ""running""}",3,1,1,desktop-control-plane,True,"{""desktop-control-plane"": true}"
2026-09-21T23:29:55.450Z,jaeger-7cc9b664cc-jt9fj,21942cdb-b601-447a-bf38-ba3b861fe91b,jaeger,Running,True,1,1,0,"{""jaeger"": 0}","{""jaeger"": ""running""}",3,1,1,desktop-control-plane,True,"{""desktop-control-plane"": true}"
2026-09-21T23:29:55.450Z,k6-c4-exploratory-002-mtvvr,6c99d345-137f-4cb4-bb4d-f376374906a3,k6,Running,True,1,1,0,"{""k6"": 0}","{""k6"": ""running""}",3,1,1,desktop-control-plane,True,"{""desktop-control-plane"": true}"
2026-09-21T23:29:55.450Z,otel-collector-7c765745bf-q69jh,9ea6d084-d3d7-4c16-a0d5-9b1cc10530b3,otel-collector,Running,True,1,1,0,"{""otel-collector"": 0}","{""otel-collector"": ""running""}",3,1,1,desktop-control-plane,True,"{""desktop-control-plane"": true}"
2026-09-21T23:29:55.450Z,postgres-676cc4986c-65g8j,208c1990-5e96-493e-951b-3925c343082b,postgres,Running,True,1,1,0,"{""postgres"": 0}","{""postgres"": ""running""}",3,1,1,desktop-control-plane,True,"{""desktop-control-plane"": true}"
2026-09-21T23:29:55.450Z,prometheus-59f5cf7468-mtx8z,59cbbbaf-6dcc-47ec-97ed-1794e4b0c8e8,prometheus,Running,True,1,1,0,"{""prometheus"": 0}","{""prometheus"": ""running""}",3,1,1,desktop-control-plane,True,"{""desktop-control-plane"": true}"
2026-09-21T23:29:55.450Z,rabbitmq-5cdf8f76b7-bwghx,0ac06c65-14a9-4bd2-b5d4-7f2a22c1c4a6,rabbitmq,Running,True,1,1,3,"{""rabbitmq"": 3}","{""rabbitmq"": ""running""}",3,1,1,desktop-control-plane,True,"{""desktop-control-plane"": true}"
2026-09-21T23:29:55.450Z,worker-5b55666b44-rqchq,2dd0ad98-71ab-4a3b-b534-291680e82fe2,worker,Running,True,1,1,3,"{""worker"": 3}","{""worker"": ""running""}",3,1,1,desktop-control-plane,True,"{""desktop-control-plane"": true}"
2026-09-21T23:30:00.451Z,api-5b87c4c9d-blcpn,d3e9e705-d2d4-48da-a726-d7fd62783297,api,Running,False,0,1,0,"{""api"": 0}","{""api"": ""running""}",3,1,1,desktop-control-plane,True,"{""desktop-control-plane"": true}"
2026-09-21T23:30:00.451Z,api-5b87c4c9d-lvgtq,b74b4b13-3de3-4450-9f0c-897524c83444,api,Running,False,0,1,0,"{""api"": 0}","{""api"": ""running""}",3,1,1,desktop-control-plane,True,"{""desktop-control-plane"": true}"
2026-09-21T23:30:00.451Z,api-5b87c4c9d-nfcrm,16a10e06-1c63-4416-be9b-df9e5b73aa2d,api,Running,True,1,1,0,"{""api"": 0}","{""api"": ""running""}",3,1,1,desktop-control-plane,True,"{""desktop-control-plane"": true}"
2026-09-21T23:30:00.451Z,gateway-856744bb66-hzcvr,cc510c63-0609-4870-b9ca-abd3e21ac480,gateway,Running,True,1,1,0,"{""gateway"": 0}","{""gateway"": ""running""}",3,1,1,desktop-control-plane,True,"{""desktop-control-plane"": true}"
2026-09-21T23:30:00.451Z,jaeger-7cc9b664cc-jt9fj,21942cdb-b601-447a-bf38-ba3b861fe91b,jaeger,Running,True,1,1,0,"{""jaeger"": 0}","{""jaeger"": ""running""}",3,1,1,desktop-control-plane,True,"{""desktop-control-plane"": true}"
2026-09-21T23:30:00.451Z,k6-c4-exploratory-002-mtvvr,6c99d345-137f-4cb4-bb4d-f376374906a3,k6,Running,True,1,1,0,"{""k6"": 0}","{""k6"": ""running""}",3,1,1,desktop-control-plane,True,"{""desktop-control-plane"": true}"
2026-09-21T23:30:00.451Z,otel-collector-7c765745bf-q69jh,9ea6d084-d3d7-4c16-a0d5-9b1cc10530b3,otel-collector,Running,True,1,1,0,"{""otel-collector"": 0}","{""otel-collector"": ""running""}",3,1,1,desktop-control-plane,True,"{""desktop-control-plane"": true}"
2026-09-21T23:30:00.451Z,postgres-676cc4986c-65g8j,208c1990-5e96-493e-951b-3925c343082b,postgres,Running,True,1,1,0,"{""postgres"": 0}","{""postgres"": ""running""}",3,1,1,desktop-control-plane,True,"{""desktop-control-plane"": true}"
2026-09-21T23:30:00.451Z,prometheus-59f5cf7468-mtx8z,59cbbbaf-6dcc-47ec-97ed-1794e4b0c8e8,prometheus,Running,True,1,1,0,"{""prometheus"": 0}","{""prometheus"": ""running""}",3,1,1,desktop-control-plane,True,"{""desktop-control-plane"": true}"
2026-09-21T23:30:00.451Z,rabbitmq-5cdf8f76b7-bwghx,0ac06c65-14a9-4bd2-b5d4-7f2a22c1c4a6,rabbitmq,Running,True,1,1,3,"{""rabbitmq"": 3}","{""rabbitmq"": ""running""}",3,1,1,desktop-control-plane,True,"{""desktop-control-plane"": true}"
2026-09-21T23:30:00.451Z,worker-5b55666b44-rqchq,2dd0ad98-71ab-4a3b-b534-291680e82fe2,worker,Running,True,1,1,3,"{""worker"": 3}","{""worker"": ""running""}",3,1,1,desktop-control-plane,True,"{""desktop-control-plane"": true}"
2026-09-21T23:30:05.451Z,api-5b87c4c9d-blcpn,d3e9e705-d2d4-48da-a726-d7fd62783297,api,Running,False,0,1,0,"{""api"": 0}","{""api"": ""running""}",3,1,1,desktop-control-plane,True,"{""desktop-control-plane"": true}"
2026-09-21T23:30:05.451Z,api-5b87c4c9d-lvgtq,b74b4b13-3de3-4450-9f0c-897524c83444,api,Running,False,0,1,0,"{""api"": 0}","{""api"": ""running""}",3,1,1,desktop-control-plane,True,"{""desktop-control-plane"": true}"
2026-09-21T23:30:05.451Z,api-5b87c4c9d-nfcrm,16a10e06-1c63-4416-be9b-df9e5b73aa2d,api,Running,True,1,1,0,"{""api"": 0}","{""api"": ""running""}",3,1,1,desktop-control-plane,True,"{""desktop-control-plane"": true}"
2026-09-21T23:30:05.451Z,gateway-856744bb66-hzcvr,cc510c63-0609-4870-b9ca-abd3e21ac480,gateway,Running,True,1,1,0,"{""gateway"": 0}","{""gateway"": ""running""}",3,1,1,desktop-control-plane,True,"{""desktop-control-plane"": true}"
2026-09-21T23:30:05.451Z,jaeger-7cc9b664cc-jt9fj,21942cdb-b601-447a-bf38-ba3b861fe91b,jaeger,Running,True,1,1,0,"{""jaeger"": 0}","{""jaeger"": ""running""}",3,1,1,desktop-control-plane,True,"{""desktop-control-plane"": true}"
2026-09-21T23:30:05.451Z,k6-c4-exploratory-002-mtvvr,6c99d345-137f-4cb4-bb4d-f376374906a3,k6,Running,True,1,1,0,"{""k6"": 0}","{""k6"": ""running""}",3,1,1,desktop-control-plane,True,"{""desktop-control-plane"": true}"
2026-09-21T23:30:05.451Z,otel-collector-7c765745bf-q69jh,9ea6d084-d3d7-4c16-a0d5-9b1cc10530b3,otel-collector,Running,True,1,1,0,"{""otel-collector"": 0}","{""otel-collector"": ""running""}",3,1,1,desktop-control-plane,True,"{""desktop-control-plane"": true}"
2026-09-21T23:30:05.451Z,postgres-676cc4986c-65g8j,208c1990-5e96-493e-951b-3925c343082b,postgres,Running,True,1,1,0,"{""postgres"": 0}","{""postgres"": ""running""}",3,1,1,desktop-control-plane,True,"{""desktop-control-plane"": true}"
2026-09-21T23:30:05.451Z,prometheus-59f5cf7468-mtx8z,59cbbbaf-6dcc-47ec-97ed-1794e4b0c8e8,prometheus,Running,True,1,1,0,"{""prometheus"": 0}","{""prometheus"": ""running""}",3,1,1,desktop-control-plane,True,"{""desktop-control-plane"": true}"
2026-09-21T23:30:05.451Z,rabbitmq-5cdf8f76b7-bwghx,0ac06c65-14a9-4bd2-b5d4-7f2a22c1c4a6,rabbitmq,Running,True,1,1,3,"{""rabbitmq"": 3}","{""rabbitmq"": ""running""}",3,1,1,desktop-control-plane,True,"{""desktop-control-plane"": true}"
2026-09-21T23:30:05.451Z,worker-5b55666b44-rqchq,2dd0ad98-71ab-4a3b-b534-291680e82fe2,worker,Running,True,1,1,3,"{""worker"": 3}","{""worker"": ""running""}",3,1,1,desktop-control-plane,True,"{""desktop-control-plane"": true}"
2026-09-21T23:30:10.451Z,api-5b87c4c9d-blcpn,d3e9e705-d2d4-48da-a726-d7fd62783297,api,Running,True,1,1,0,"{""api"": 0}","{""api"": ""running""}",3,1,1,desktop-control-plane,True,"{""desktop-control-plane"": true}"
2026-09-21T23:30:10.451Z,api-5b87c4c9d-lvgtq,b74b4b13-3de3-4450-9f0c-897524c83444,api,Running,True,1,1,0,"{""api"": 0}","{""api"": ""running""}",3,1,1,desktop-control-plane,True,"{""desktop-control-plane"": true}"
2026-09-21T23:30:10.451Z,api-5b87c4c9d-nfcrm,16a10e06-1c63-4416-be9b-df9e5b73aa2d,api,Running,True,1,1,0,"{""api"": 0}","{""api"": ""running""}",3,1,1,desktop-control-plane,True,"{""desktop-control-plane"": true}"
2026-09-21T23:30:10.451Z,gateway-856744bb66-hzcvr,cc510c63-0609-4870-b9ca-abd3e21ac480,gateway,Running,True,1,1,0,"{""gateway"": 0}","{""gateway"": ""running""}",3,1,1,desktop-control-plane,True,"{""desktop-control-plane"": true}"
2026-09-21T23:30:10.451Z,jaeger-7cc9b664cc-jt9fj,21942cdb-b601-447a-bf38-ba3b861fe91b,jaeger,Running,True,1,1,0,"{""jaeger"": 0}","{""jaeger"": ""running""}",3,1,1,desktop-control-plane,True,"{""desktop-control-plane"": true}"
2026-09-21T23:30:10.451Z,k6-c4-exploratory-002-mtvvr,6c99d345-137f-4cb4-bb4d-f376374906a3,k6,Running,True,1,1,0,"{""k6"": 0}","{""k6"": ""running""}",3,1,1,desktop-control-plane,True,"{""desktop-control-plane"": true}"
2026-09-21T23:30:10.451Z,otel-collector-7c765745bf-q69jh,9ea6d084-d3d7-4c16-a0d5-9b1cc10530b3,otel-collector,Running,True,1,1,0,"{""otel-collector"": 0}","{""otel-collector"": ""running""}",3,1,1,desktop-control-plane,True,"{""desktop-control-plane"": true}"
2026-09-21T23:30:10.451Z,postgres-676cc4986c-65g8j,208c1990-5e96-493e-951b-3925c343082b,postgres,Running,True,1,1,0,"{""postgres"": 0}","{""postgres"": ""running""}",3,1,1,desktop-control-plane,True,"{""desktop-control-plane"": true}"
2026-09-21T23:30:10.451Z,prometheus-59f5cf7468-mtx8z,59cbbbaf-6dcc-47ec-97ed-1794e4b0c8e8,prometheus,Running,True,1,1,0,"{""prometheus"": 0}","{""prometheus"": ""running""}",3,1,1,desktop-control-plane,True,"{""desktop-control-plane"": true}"
2026-09-21T23:30:10.451Z,rabbitmq-5cdf8f76b7-bwghx,0ac06c65-14a9-4bd2-b5d4-7f2a22c1c4a6,rabbitmq,Running,True,1,1,3,"{""rabbitmq"": 3}","{""rabbitmq"": ""running""}",3,1,1,desktop-control-plane,True,"{""desktop-control-plane"": true}"
2026-09-21T23:30:10.451Z,worker-5b55666b44-rqchq,2dd0ad98-71ab-4a3b-b534-291680e82fe2,worker,Running,True,1,1,3,"{""worker"": 3}","{""worker"": ""running""}",3,1,1,desktop-control-plane,True,"{""desktop-control-plane"": true}"
2026-09-21T23:30:15.452Z,api-5b87c4c9d-blcpn,d3e9e705-d2d4-48da-a726-d7fd62783297,api,Running,True,1,1,0,"{""api"": 0}","{""api"": ""running""}",3,1,1,desktop-control-plane,True,"{""desktop-control-plane"": true}"
2026-09-21T23:30:15.452Z,api-5b87c4c9d-lvgtq,b74b4b13-3de3-4450-9f0c-897524c83444,api,Running,True,1,1,0,"{""api"": 0}","{""api"": ""running""}",3,1,1,desktop-control-plane,True,"{""desktop-control-plane"": true}"
2026-09-21T23:30:15.452Z,api-5b87c4c9d-nfcrm,16a10e06-1c63-4416-be9b-df9e5b73aa2d,api,Running,True,1,1,0,"{""api"": 0}","{""api"": ""running""}",3,1,1,desktop-control-plane,True,"{""desktop-control-plane"": true}"
2026-09-21T23:30:15.452Z,gateway-856744bb66-hzcvr,cc510c63-0609-4870-b9ca-abd3e21ac480,gateway,Running,True,1,1,0,"{""gateway"": 0}","{""gateway"": ""running""}",3,1,1,desktop-control-plane,True,"{""desktop-control-plane"": true}"
2026-09-21T23:30:15.452Z,jaeger-7cc9b664cc-jt9fj,21942cdb-b601-447a-bf38-ba3b861fe91b,jaeger,Running,True,1,1,0,"{""jaeger"": 0}","{""jaeger"": ""running""}",3,1,1,desktop-control-plane,True,"{""desktop-control-plane"": true}"
2026-09-21T23:30:15.452Z,k6-c4-exploratory-002-mtvvr,6c99d345-137f-4cb4-bb4d-f376374906a3,k6,Running,True,1,1,0,"{""k6"": 0}","{""k6"": ""running""}",3,1,1,desktop-control-plane,True,"{""desktop-control-plane"": true}"
2026-09-21T23:30:15.452Z,otel-collector-7c765745bf-q69jh,9ea6d084-d3d7-4c16-a0d5-9b1cc10530b3,otel-collector,Running,True,1,1,0,"{""otel-collector"": 0}","{""otel-collector"": ""running""}",3,1,1,desktop-control-plane,True,"{""desktop-control-plane"": true}"
2026-09-21T23:30:15.452Z,postgres-676cc4986c-65g8j,208c1990-5e96-493e-951b-3925c343082b,postgres,Running,True,1,1,0,"{""postgres"": 0}","{""postgres"": ""running""}",3,1,1,desktop-control-plane,True,"{""desktop-control-plane"": true}"
2026-09-21T23:30:15.452Z,prometheus-59f5cf7468-mtx8z,59cbbbaf-6dcc-47ec-97ed-1794e4b0c8e8,prometheus,Running,True,1,1,0,"{""prometheus"": 0}","{""prometheus"": ""running""}",3,1,1,desktop-control-plane,True,"{""desktop-control-plane"": true}"
2026-09-21T23:30:15.452Z,rabbitmq-5cdf8f76b7-bwghx,0ac06c65-14a9-4bd2-b5d4-7f2a22c1c4a6,rabbitmq,Running,True,1,1,3,"{""rabbitmq"": 3}","{""rabbitmq"": ""running""}",3,1,1,desktop-control-plane,True,"{""desktop-control-plane"": true}"
2026-09-21T23:30:15.452Z,worker-5b55666b44-rqchq,2dd0ad98-71ab-4a3b-b534-291680e82fe2,worker,Running,True,1,1,3,"{""worker"": 3}","{""worker"": ""running""}",3,1,1,desktop-control-plane,True,"{""desktop-control-plane"": true}"
2026-09-21T23:30:20.452Z,api-5b87c4c9d-blcpn,d3e9e705-d2d4-48da-a726-d7fd62783297,api,Running,True,1,1,0,"{""api"": 0}","{""api"": ""running""}",3,1,1,desktop-control-plane,True,"{""desktop-control-plane"": true}"
2026-09-21T23:30:20.452Z,api-5b87c4c9d-lvgtq,b74b4b13-3de3-4450-9f0c-897524c83444,api,Running,True,1,1,0,"{""api"": 0}","{""api"": ""running""}",3,1,1,desktop-control-plane,True,"{""desktop-control-plane"": true}"
2026-09-21T23:30:20.452Z,api-5b87c4c9d-nfcrm,16a10e06-1c63-4416-be9b-df9e5b73aa2d,api,Running,True,1,1,0,"{""api"": 0}","{""api"": ""running""}",3,1,1,desktop-control-plane,True,"{""desktop-control-plane"": true}"
2026-09-21T23:30:20.452Z,gateway-856744bb66-hzcvr,cc510c63-0609-4870-b9ca-abd3e21ac480,gateway,Running,True,1,1,0,"{""gateway"": 0}","{""gateway"": ""running""}",3,1,1,desktop-control-plane,True,"{""desktop-control-plane"": true}"
2026-09-21T23:30:20.452Z,jaeger-7cc9b664cc-jt9fj,21942cdb-b601-447a-bf38-ba3b861fe91b,jaeger,Running,True,1,1,0,"{""jaeger"": 0}","{""jaeger"": ""running""}",3,1,1,desktop-control-plane,True,"{""desktop-control-plane"": true}"
2026-09-21T23:30:20.452Z,k6-c4-exploratory-002-mtvvr,6c99d345-137f-4cb4-bb4d-f376374906a3,k6,Running,True,1,1,0,"{""k6"": 0}","{""k6"": ""running""}",3,1,1,desktop-control-plane,True,"{""desktop-control-plane"": true}"
2026-09-21T23:30:20.452Z,otel-collector-7c765745bf-q69jh,9ea6d084-d3d7-4c16-a0d5-9b1cc10530b3,otel-collector,Running,True,1,1,0,"{""otel-collector"": 0}","{""otel-collector"": ""running""}",3,1,1,desktop-control-plane,True,"{""desktop-control-plane"": true}"
2026-09-21T23:30:20.452Z,postgres-676cc4986c-65g8j,208c1990-5e96-493e-951b-3925c343082b,postgres,Running,True,1,1,0,"{""postgres"": 0}","{""postgres"": ""running""}",3,1,1,desktop-control-plane,True,"{""desktop-control-plane"": true}"
2026-09-21T23:30:20.452Z,prometheus-59f5cf7468-mtx8z,59cbbbaf-6dcc-47ec-97ed-1794e4b0c8e8,prometheus,Running,True,1,1,0,"{""prometheus"": 0}","{""prometheus"": ""running""}",3,1,1,desktop-control-plane,True,"{""desktop-control-plane"": true}"
2026-09-21T23:30:20.452Z,rabbitmq-5cdf8f76b7-bwghx,0ac06c65-14a9-4bd2-b5d4-7f2a22c1c4a6,rabbitmq,Running,True,1,1,3,"{""rabbitmq"": 3}","{""rabbitmq"": ""running""}",3,1,1,desktop-control-plane,True,"{""desktop-control-plane"": true}"
2026-09-21T23:30:20.452Z,worker-5b55666b44-rqchq,2dd0ad98-71ab-4a3b-b534-291680e82fe2,worker,Running,True,1,1,3,"{""worker"": 3}","{""worker"": ""running""}",3,1,1,desktop-control-plane,True,"{""desktop-control-plane"": true}"
2026-09-21T23:30:25.453Z,api-5b87c4c9d-blcpn,d3e9e705-d2d4-48da-a726-d7fd62783297,api,Running,True,1,1,0,"{""api"": 0}","{""api"": ""running""}",5,1,1,desktop-control-plane,True,"{""desktop-control-plane"": true}"
2026-09-21T23:30:25.453Z,api-5b87c4c9d-c7kjs,008f463c-bd43-46b5-a695-476bfc478f5f,api,Running,False,0,1,0,"{""api"": 0}","{""api"": ""running""}",5,1,1,desktop-control-plane,True,"{""desktop-control-plane"": true}"
2026-09-21T23:30:25.453Z,api-5b87c4c9d-h2npq,ee0fa801-325d-4550-8d28-68fe126895aa,api,Running,False,0,1,0,"{""api"": 0}","{""api"": ""running""}",5,1,1,desktop-control-plane,True,"{""desktop-control-plane"": true}"
2026-09-21T23:30:25.453Z,api-5b87c4c9d-lvgtq,b74b4b13-3de3-4450-9f0c-897524c83444,api,Running,True,1,1,0,"{""api"": 0}","{""api"": ""running""}",5,1,1,desktop-control-plane,True,"{""desktop-control-plane"": true}"
2026-09-21T23:30:25.453Z,api-5b87c4c9d-nfcrm,16a10e06-1c63-4416-be9b-df9e5b73aa2d,api,Running,True,1,1,0,"{""api"": 0}","{""api"": ""running""}",5,1,1,desktop-control-plane,True,"{""desktop-control-plane"": true}"
2026-09-21T23:30:25.453Z,gateway-856744bb66-hzcvr,cc510c63-0609-4870-b9ca-abd3e21ac480,gateway,Running,True,1,1,0,"{""gateway"": 0}","{""gateway"": ""running""}",5,1,1,desktop-control-plane,True,"{""desktop-control-plane"": true}"
2026-09-21T23:30:25.453Z,jaeger-7cc9b664cc-jt9fj,21942cdb-b601-447a-bf38-ba3b861fe91b,jaeger,Running,True,1,1,0,"{""jaeger"": 0}","{""jaeger"": ""running""}",5,1,1,desktop-control-plane,True,"{""desktop-control-plane"": true}"
2026-09-21T23:30:25.453Z,k6-c4-exploratory-002-mtvvr,6c99d345-137f-4cb4-bb4d-f376374906a3,k6,Running,True,1,1,0,"{""k6"": 0}","{""k6"": ""running""}",5,1,1,desktop-control-plane,True,"{""desktop-control-plane"": true}"
2026-09-21T23:30:25.453Z,otel-collector-7c765745bf-q69jh,9ea6d084-d3d7-4c16-a0d5-9b1cc10530b3,otel-collector,Running,True,1,1,0,"{""otel-collector"": 0}","{""otel-collector"": ""running""}",5,1,1,desktop-control-plane,True,"{""desktop-control-plane"": true}"
2026-09-21T23:30:25.453Z,postgres-676cc4986c-65g8j,208c1990-5e96-493e-951b-3925c343082b,postgres,Running,True,1,1,0,"{""postgres"": 0}","{""postgres"": ""running""}",5,1,1,desktop-control-plane,True,"{""desktop-control-plane"": true}"
2026-09-21T23:30:25.453Z,prometheus-59f5cf7468-mtx8z,59cbbbaf-6dcc-47ec-97ed-1794e4b0c8e8,prometheus,Running,True,1,1,0,"{""prometheus"": 0}","{""prometheus"": ""running""}",5,1,1,desktop-control-plane,True,"{""desktop-control-plane"": true}"
2026-09-21T23:30:25.453Z,rabbitmq-5cdf8f76b7-bwghx,0ac06c65-14a9-4bd2-b5d4-7f2a22c1c4a6,rabbitmq,Running,True,1,1,3,"{""rabbitmq"": 3}","{""rabbitmq"": ""running""}",5,1,1,desktop-control-plane,True,"{""desktop-control-plane"": true}"
2026-09-21T23:30:25.453Z,worker-5b55666b44-rqchq,2dd0ad98-71ab-4a3b-b534-291680e82fe2,worker,Running,True,1,1,3,"{""worker"": 3}","{""worker"": ""running""}",5,1,1,desktop-control-plane,True,"{""desktop-control-plane"": true}"
2026-09-21T23:30:30.453Z,api-5b87c4c9d-blcpn,d3e9e705-d2d4-48da-a726-d7fd62783297,api,Running,True,1,1,0,"{""api"": 0}","{""api"": ""running""}",5,1,1,desktop-control-plane,True,"{""desktop-control-plane"": true}"
2026-09-21T23:30:30.453Z,api-5b87c4c9d-c7kjs,008f463c-bd43-46b5-a695-476bfc478f5f,api,Running,False,0,1,0,"{""api"": 0}","{""api"": ""running""}",5,1,1,desktop-control-plane,True,"{""desktop-control-plane"": true}"
2026-09-21T23:30:30.453Z,api-5b87c4c9d-h2npq,ee0fa801-325d-4550-8d28-68fe126895aa,api,Running,False,0,1,0,"{""api"": 0}","{""api"": ""running""}",5,1,1,desktop-control-plane,True,"{""desktop-control-plane"": true}"
2026-09-21T23:30:30.453Z,api-5b87c4c9d-lvgtq,b74b4b13-3de3-4450-9f0c-897524c83444,api,Running,True,1,1,0,"{""api"": 0}","{""api"": ""running""}",5,1,1,desktop-control-plane,True,"{""desktop-control-plane"": true}"
2026-09-21T23:30:30.453Z,api-5b87c4c9d-nfcrm,16a10e06-1c63-4416-be9b-df9e5b73aa2d,api,Running,True,1,1,0,"{""api"": 0}","{""api"": ""running""}",5,1,1,desktop-control-plane,True,"{""desktop-control-plane"": true}"
2026-09-21T23:30:30.453Z,gateway-856744bb66-hzcvr,cc510c63-0609-4870-b9ca-abd3e21ac480,gateway,Running,True,1,1,0,"{""gateway"": 0}","{""gateway"": ""running""}",5,1,1,desktop-control-plane,True,"{""desktop-control-plane"": true}"
2026-09-21T23:30:30.453Z,jaeger-7cc9b664cc-jt9fj,21942cdb-b601-447a-bf38-ba3b861fe91b,jaeger,Running,True,1,1,0,"{""jaeger"": 0}","{""jaeger"": ""running""}",5,1,1,desktop-control-plane,True,"{""desktop-control-plane"": true}"
2026-09-21T23:30:30.453Z,k6-c4-exploratory-002-mtvvr,6c99d345-137f-4cb4-bb4d-f376374906a3,k6,Running,True,1,1,0,"{""k6"": 0}","{""k6"": ""running""}",5,1,1,desktop-control-plane,True,"{""desktop-control-plane"": true}"
2026-09-21T23:30:30.453Z,otel-collector-7c765745bf-q69jh,9ea6d084-d3d7-4c16-a0d5-9b1cc10530b3,otel-collector,Running,True,1,1,0,"{""otel-collector"": 0}","{""otel-collector"": ""running""}",5,1,1,desktop-control-plane,True,"{""desktop-control-plane"": true}"
2026-09-21T23:30:30.453Z,postgres-676cc4986c-65g8j,208c1990-5e96-493e-951b-3925c343082b,postgres,Running,True,1,1,0,"{""postgres"": 0}","{""postgres"": ""running""}",5,1,1,desktop-control-plane,True,"{""desktop-control-plane"": true}"
2026-09-21T23:30:30.453Z,prometheus-59f5cf7468-mtx8z,59cbbbaf-6dcc-47ec-97ed-1794e4b0c8e8,prometheus,Running,True,1,1,0,"{""prometheus"": 0}","{""prometheus"": ""running""}",5,1,1,desktop-control-plane,True,"{""desktop-control-plane"": true}"
2026-09-21T23:30:30.453Z,rabbitmq-5cdf8f76b7-bwghx,0ac06c65-14a9-4bd2-b5d4-7f2a22c1c4a6,rabbitmq,Running,True,1,1,3,"{""rabbitmq"": 3}","{""rabbitmq"": ""running""}",5,1,1,desktop-control-plane,True,"{""desktop-control-plane"": true}"
2026-09-21T23:30:30.453Z,worker-5b55666b44-rqchq,2dd0ad98-71ab-4a3b-b534-291680e82fe2,worker,Running,True,1,1,3,"{""worker"": 3}","{""worker"": ""running""}",5,1,1,desktop-control-plane,True,"{""desktop-control-plane"": true}"
2026-09-21T23:30:35.453Z,api-5b87c4c9d-blcpn,d3e9e705-d2d4-48da-a726-d7fd62783297,api,Running,True,1,1,0,"{""api"": 0}","{""api"": ""running""}",5,1,1,desktop-control-plane,True,"{""desktop-control-plane"": true}"
2026-09-21T23:30:35.453Z,api-5b87c4c9d-c7kjs,008f463c-bd43-46b5-a695-476bfc478f5f,api,Running,False,0,1,0,"{""api"": 0}","{""api"": ""running""}",5,1,1,desktop-control-plane,True,"{""desktop-control-plane"": true}"
2026-09-21T23:30:35.453Z,api-5b87c4c9d-h2npq,ee0fa801-325d-4550-8d28-68fe126895aa,api,Running,True,1,1,0,"{""api"": 0}","{""api"": ""running""}",5,1,1,desktop-control-plane,True,"{""desktop-control-plane"": true}"
2026-09-21T23:30:35.453Z,api-5b87c4c9d-lvgtq,b74b4b13-3de3-4450-9f0c-897524c83444,api,Running,True,1,1,0,"{""api"": 0}","{""api"": ""running""}",5,1,1,desktop-control-plane,True,"{""desktop-control-plane"": true}"
2026-09-21T23:30:35.453Z,api-5b87c4c9d-nfcrm,16a10e06-1c63-4416-be9b-df9e5b73aa2d,api,Running,True,1,1,0,"{""api"": 0}","{""api"": ""running""}",5,1,1,desktop-control-plane,True,"{""desktop-control-plane"": true}"
2026-09-21T23:30:35.453Z,gateway-856744bb66-hzcvr,cc510c63-0609-4870-b9ca-abd3e21ac480,gateway,Running,True,1,1,0,"{""gateway"": 0}","{""gateway"": ""running""}",5,1,1,desktop-control-plane,True,"{""desktop-control-plane"": true}"
2026-09-21T23:30:35.453Z,jaeger-7cc9b664cc-jt9fj,21942cdb-b601-447a-bf38-ba3b861fe91b,jaeger,Running,True,1,1,0,"{""jaeger"": 0}","{""jaeger"": ""running""}",5,1,1,desktop-control-plane,True,"{""desktop-control-plane"": true}"
2026-09-21T23:30:35.453Z,k6-c4-exploratory-002-mtvvr,6c99d345-137f-4cb4-bb4d-f376374906a3,k6,Running,True,1,1,0,"{""k6"": 0}","{""k6"": ""running""}",5,1,1,desktop-control-plane,True,"{""desktop-control-plane"": true}"
2026-09-21T23:30:35.453Z,otel-collector-7c765745bf-q69jh,9ea6d084-d3d7-4c16-a0d5-9b1cc10530b3,otel-collector,Running,True,1,1,0,"{""otel-collector"": 0}","{""otel-collector"": ""running""}",5,1,1,desktop-control-plane,True,"{""desktop-control-plane"": true}"
2026-09-21T23:30:35.453Z,postgres-676cc4986c-65g8j,208c1990-5e96-493e-951b-3925c343082b,postgres,Running,True,1,1,0,"{""postgres"": 0}","{""postgres"": ""running""}",5,1,1,desktop-control-plane,True,"{""desktop-control-plane"": true}"
2026-09-21T23:30:35.453Z,prometheus-59f5cf7468-mtx8z,59cbbbaf-6dcc-47ec-97ed-1794e4b0c8e8,prometheus,Running,True,1,1,0,"{""prometheus"": 0}","{""prometheus"": ""running""}",5,1,1,desktop-control-plane,True,"{""desktop-control-plane"": true}"
2026-09-21T23:30:35.453Z,rabbitmq-5cdf8f76b7-bwghx,0ac06c65-14a9-4bd2-b5d4-7f2a22c1c4a6,rabbitmq,Running,True,1,1,3,"{""rabbitmq"": 3}","{""rabbitmq"": ""running""}",5,1,1,desktop-control-plane,True,"{""desktop-control-plane"": true}"
2026-09-21T23:30:35.453Z,worker-5b55666b44-rqchq,2dd0ad98-71ab-4a3b-b534-291680e82fe2,worker,Running,True,1,1,3,"{""worker"": 3}","{""worker"": ""running""}",5,1,1,desktop-control-plane,True,"{""desktop-control-plane"": true}"
2026-09-21T23:30:40.454Z,api-5b87c4c9d-blcpn,d3e9e705-d2d4-48da-a726-d7fd62783297,api,Running,True,1,1,0,"{""api"": 0}","{""api"": ""running""}",5,1,1,desktop-control-plane,True,"{""desktop-control-plane"": true}"
2026-09-21T23:30:40.454Z,api-5b87c4c9d-c7kjs,008f463c-bd43-46b5-a695-476bfc478f5f,api,Running,True,1,1,0,"{""api"": 0}","{""api"": ""running""}",5,1,1,desktop-control-plane,True,"{""desktop-control-plane"": true}"
2026-09-21T23:30:40.454Z,api-5b87c4c9d-h2npq,ee0fa801-325d-4550-8d28-68fe126895aa,api,Running,True,1,1,0,"{""api"": 0}","{""api"": ""running""}",5,1,1,desktop-control-plane,True,"{""desktop-control-plane"": true}"
2026-09-21T23:30:40.454Z,api-5b87c4c9d-lvgtq,b74b4b13-3de3-4450-9f0c-897524c83444,api,Running,True,1,1,0,"{""api"": 0}","{""api"": ""running""}",5,1,1,desktop-control-plane,True,"{""desktop-control-plane"": true}"
2026-09-21T23:30:40.454Z,api-5b87c4c9d-nfcrm,16a10e06-1c63-4416-be9b-df9e5b73aa2d,api,Running,True,1,1,0,"{""api"": 0}","{""api"": ""running""}",5,1,1,desktop-control-plane,True,"{""desktop-control-plane"": true}"
2026-09-21T23:30:40.454Z,gateway-856744bb66-hzcvr,cc510c63-0609-4870-b9ca-abd3e21ac480,gateway,Running,True,1,1,0,"{""gateway"": 0}","{""gateway"": ""running""}",5,1,1,desktop-control-plane,True,"{""desktop-control-plane"": true}"
2026-09-21T23:30:40.454Z,jaeger-7cc9b664cc-jt9fj,21942cdb-b601-447a-bf38-ba3b861fe91b,jaeger,Running,True,1,1,0,"{""jaeger"": 0}","{""jaeger"": ""running""}",5,1,1,desktop-control-plane,True,"{""desktop-control-plane"": true}"
2026-09-21T23:30:40.454Z,k6-c4-exploratory-002-mtvvr,6c99d345-137f-4cb4-bb4d-f376374906a3,k6,Running,True,1,1,0,"{""k6"": 0}","{""k6"": ""running""}",5,1,1,desktop-control-plane,True,"{""desktop-control-plane"": true}"
2026-09-21T23:30:40.454Z,otel-collector-7c765745bf-q69jh,9ea6d084-d3d7-4c16-a0d5-9b1cc10530b3,otel-collector,Running,True,1,1,0,"{""otel-collector"": 0}","{""otel-collector"": ""running""}",5,1,1,desktop-control-plane,True,"{""desktop-control-plane"": true}"
2026-09-21T23:30:40.454Z,postgres-676cc4986c-65g8j,208c1990-5e96-493e-951b-3925c343082b,postgres,Running,True,1,1,0,"{""postgres"": 0}","{""postgres"": ""running""}",5,1,1,desktop-control-plane,True,"{""desktop-control-plane"": true}"
2026-09-21T23:30:40.454Z,prometheus-59f5cf7468-mtx8z,59cbbbaf-6dcc-47ec-97ed-1794e4b0c8e8,prometheus,Running,True,1,1,0,"{""prometheus"": 0}","{""prometheus"": ""running""}",5,1,1,desktop-control-plane,True,"{""desktop-control-plane"": true}"
2026-09-21T23:30:40.454Z,rabbitmq-5cdf8f76b7-bwghx,0ac06c65-14a9-4bd2-b5d4-7f2a22c1c4a6,rabbitmq,Running,True,1,1,3,"{""rabbitmq"": 3}","{""rabbitmq"": ""running""}",5,1,1,desktop-control-plane,True,"{""desktop-control-plane"": true}"
2026-09-21T23:30:40.454Z,worker-5b55666b44-rqchq,2dd0ad98-71ab-4a3b-b534-291680e82fe2,worker,Running,True,1,1,3,"{""worker"": 3}","{""worker"": ""running""}",5,1,1,desktop-control-plane,True,"{""desktop-control-plane"": true}"
2026-09-21T23:30:45.454Z,api-5b87c4c9d-blcpn,d3e9e705-d2d4-48da-a726-d7fd62783297,api,Running,True,1,1,0,"{""api"": 0}","{""api"": ""running""}",5,1,1,desktop-control-plane,True,"{""desktop-control-plane"": true}"
2026-09-21T23:30:45.454Z,api-5b87c4c9d-c7kjs,008f463c-bd43-46b5-a695-476bfc478f5f,api,Running,True,1,1,0,"{""api"": 0}","{""api"": ""running""}",5,1,1,desktop-control-plane,True,"{""desktop-control-plane"": true}"
2026-09-21T23:30:45.454Z,api-5b87c4c9d-h2npq,ee0fa801-325d-4550-8d28-68fe126895aa,api,Running,True,1,1,0,"{""api"": 0}","{""api"": ""running""}",5,1,1,desktop-control-plane,True,"{""desktop-control-plane"": true}"
2026-09-21T23:30:45.454Z,api-5b87c4c9d-lvgtq,b74b4b13-3de3-4450-9f0c-897524c83444,api,Running,True,1,1,0,"{""api"": 0}","{""api"": ""running""}",5,1,1,desktop-control-plane,True,"{""desktop-control-plane"": true}"
2026-09-21T23:30:45.454Z,api-5b87c4c9d-nfcrm,16a10e06-1c63-4416-be9b-df9e5b73aa2d,api,Running,True,1,1,0,"{""api"": 0}","{""api"": ""running""}",5,1,1,desktop-control-plane,True,"{""desktop-control-plane"": true}"
2026-09-21T23:30:45.454Z,gateway-856744bb66-hzcvr,cc510c63-0609-4870-b9ca-abd3e21ac480,gateway,Running,True,1,1,0,"{""gateway"": 0}","{""gateway"": ""running""}",5,1,1,desktop-control-plane,True,"{""desktop-control-plane"": true}"
2026-09-21T23:30:45.454Z,jaeger-7cc9b664cc-jt9fj,21942cdb-b601-447a-bf38-ba3b861fe91b,jaeger,Running,True,1,1,0,"{""jaeger"": 0}","{""jaeger"": ""running""}",5,1,1,desktop-control-plane,True,"{""desktop-control-plane"": true}"
2026-09-21T23:30:45.454Z,k6-c4-exploratory-002-mtvvr,6c99d345-137f-4cb4-bb4d-f376374906a3,k6,Running,True,1,1,0,"{""k6"": 0}","{""k6"": ""running""}",5,1,1,desktop-control-plane,True,"{""desktop-control-plane"": true}"
2026-09-21T23:30:45.454Z,otel-collector-7c765745bf-q69jh,9ea6d084-d3d7-4c16-a0d5-9b1cc10530b3,otel-collector,Running,True,1,1,0,"{""otel-collector"": 0}","{""otel-collector"": ""running""}",5,1,1,desktop-control-plane,True,"{""desktop-control-plane"": true}"
2026-09-21T23:30:45.454Z,postgres-676cc4986c-65g8j,208c1990-5e96-493e-951b-3925c343082b,postgres,Running,True,1,1,0,"{""postgres"": 0}","{""postgres"": ""running""}",5,1,1,desktop-control-plane,True,"{""desktop-control-plane"": true}"
2026-09-21T23:30:45.454Z,prometheus-59f5cf7468-mtx8z,59cbbbaf-6dcc-47ec-97ed-1794e4b0c8e8,prometheus,Running,True,1,1,0,"{""prometheus"": 0}","{""prometheus"": ""running""}",5,1,1,desktop-control-plane,True,"{""desktop-control-plane"": true}"
2026-09-21T23:30:45.454Z,rabbitmq-5cdf8f76b7-bwghx,0ac06c65-14a9-4bd2-b5d4-7f2a22c1c4a6,rabbitmq,Running,True,1,1,3,"{""rabbitmq"": 3}","{""rabbitmq"": ""running""}",5,1,1,desktop-control-plane,True,"{""desktop-control-plane"": true}"
2026-09-21T23:30:45.454Z,worker-5b55666b44-rqchq,2dd0ad98-71ab-4a3b-b534-291680e82fe2,worker,Running,True,1,1,3,"{""worker"": 3}","{""worker"": ""running""}",5,1,1,desktop-control-plane,True,"{""desktop-control-plane"": true}"
2026-09-21T23:30:50.454Z,api-5b87c4c9d-blcpn,d3e9e705-d2d4-48da-a726-d7fd62783297,api,Running,True,1,1,0,"{""api"": 0}","{""api"": ""running""}",5,1,1,desktop-control-plane,True,"{""desktop-control-plane"": true}"
2026-09-21T23:30:50.454Z,api-5b87c4c9d-c7kjs,008f463c-bd43-46b5-a695-476bfc478f5f,api,Running,True,1,1,0,"{""api"": 0}","{""api"": ""running""}",5,1,1,desktop-control-plane,True,"{""desktop-control-plane"": true}"
2026-09-21T23:30:50.454Z,api-5b87c4c9d-h2npq,ee0fa801-325d-4550-8d28-68fe126895aa,api,Running,True,1,1,0,"{""api"": 0}","{""api"": ""running""}",5,1,1,desktop-control-plane,True,"{""desktop-control-plane"": true}"
2026-09-21T23:30:50.454Z,api-5b87c4c9d-lvgtq,b74b4b13-3de3-4450-9f0c-897524c83444,api,Running,True,1,1,0,"{""api"": 0}","{""api"": ""running""}",5,1,1,desktop-control-plane,True,"{""desktop-control-plane"": true}"
2026-09-21T23:30:50.454Z,api-5b87c4c9d-nfcrm,16a10e06-1c63-4416-be9b-df9e5b73aa2d,api,Running,True,1,1,0,"{""api"": 0}","{""api"": ""running""}",5,1,1,desktop-control-plane,True,"{""desktop-control-plane"": true}"
2026-09-21T23:30:50.454Z,gateway-856744bb66-hzcvr,cc510c63-0609-4870-b9ca-abd3e21ac480,gateway,Running,True,1,1,0,"{""gateway"": 0}","{""gateway"": ""running""}",5,1,1,desktop-control-plane,True,"{""desktop-control-plane"": true}"
2026-09-21T23:30:50.454Z,jaeger-7cc9b664cc-jt9fj,21942cdb-b601-447a-bf38-ba3b861fe91b,jaeger,Running,True,1,1,0,"{""jaeger"": 0}","{""jaeger"": ""running""}",5,1,1,desktop-control-plane,True,"{""desktop-control-plane"": true}"
2026-09-21T23:30:50.454Z,k6-c4-exploratory-002-mtvvr,6c99d345-137f-4cb4-bb4d-f376374906a3,k6,Running,True,1,1,0,"{""k6"": 0}","{""k6"": ""running""}",5,1,1,desktop-control-plane,True,"{""desktop-control-plane"": true}"
2026-09-21T23:30:50.454Z,otel-collector-7c765745bf-q69jh,9ea6d084-d3d7-4c16-a0d5-9b1cc10530b3,otel-collector,Running,True,1,1,0,"{""otel-collector"": 0}","{""otel-collector"": ""running""}",5,1,1,desktop-control-plane,True,"{""desktop-control-plane"": true}"
2026-09-21T23:30:50.454Z,postgres-676cc4986c-65g8j,208c1990-5e96-493e-951b-3925c343082b,postgres,Running,True,1,1,0,"{""postgres"": 0}","{""postgres"": ""running""}",5,1,1,desktop-control-plane,True,"{""desktop-control-plane"": true}"
2026-09-21T23:30:50.454Z,prometheus-59f5cf7468-mtx8z,59cbbbaf-6dcc-47ec-97ed-1794e4b0c8e8,prometheus,Running,True,1,1,0,"{""prometheus"": 0}","{""prometheus"": ""running""}",5,1,1,desktop-control-plane,True,"{""desktop-control-plane"": true}"
2026-09-21T23:30:50.454Z,rabbitmq-5cdf8f76b7-bwghx,0ac06c65-14a9-4bd2-b5d4-7f2a22c1c4a6,rabbitmq,Running,True,1,1,3,"{""rabbitmq"": 3}","{""rabbitmq"": ""running""}",5,1,1,desktop-control-plane,True,"{""desktop-control-plane"": true}"
2026-09-21T23:30:50.454Z,worker-5b55666b44-rqchq,2dd0ad98-71ab-4a3b-b534-291680e82fe2,worker,Running,True,1,1,3,"{""worker"": 3}","{""worker"": ""running""}",5,1,1,desktop-control-plane,True,"{""desktop-control-plane"": true}"
2026-09-21T23:30:55.455Z,api-5b87c4c9d-blcpn,d3e9e705-d2d4-48da-a726-d7fd62783297,api,Running,True,1,1,0,"{""api"": 0}","{""api"": ""running""}",5,1,1,desktop-control-plane,True,"{""desktop-control-plane"": true}"
2026-09-21T23:30:55.455Z,api-5b87c4c9d-c7kjs,008f463c-bd43-46b5-a695-476bfc478f5f,api,Running,True,1,1,0,"{""api"": 0}","{""api"": ""running""}",5,1,1,desktop-control-plane,True,"{""desktop-control-plane"": true}"
2026-09-21T23:30:55.455Z,api-5b87c4c9d-h2npq,ee0fa801-325d-4550-8d28-68fe126895aa,api,Running,True,1,1,0,"{""api"": 0}","{""api"": ""running""}",5,1,1,desktop-control-plane,True,"{""desktop-control-plane"": true}"
2026-09-21T23:30:55.455Z,api-5b87c4c9d-lvgtq,b74b4b13-3de3-4450-9f0c-897524c83444,api,Running,True,1,1,0,"{""api"": 0}","{""api"": ""running""}",5,1,1,desktop-control-plane,True,"{""desktop-control-plane"": true}"
2026-09-21T23:30:55.455Z,api-5b87c4c9d-nfcrm,16a10e06-1c63-4416-be9b-df9e5b73aa2d,api,Running,True,1,1,0,"{""api"": 0}","{""api"": ""running""}",5,1,1,desktop-control-plane,True,"{""desktop-control-plane"": true}"
2026-09-21T23:30:55.455Z,gateway-856744bb66-hzcvr,cc510c63-0609-4870-b9ca-abd3e21ac480,gateway,Running,True,1,1,0,"{""gateway"": 0}","{""gateway"": ""running""}",5,1,1,desktop-control-plane,True,"{""desktop-control-plane"": true}"
2026-09-21T23:30:55.455Z,jaeger-7cc9b664cc-jt9fj,21942cdb-b601-447a-bf38-ba3b861fe91b,jaeger,Running,True,1,1,0,"{""jaeger"": 0}","{""jaeger"": ""running""}",5,1,1,desktop-control-plane,True,"{""desktop-control-plane"": true}"
2026-09-21T23:30:55.455Z,otel-collector-7c765745bf-q69jh,9ea6d084-d3d7-4c16-a0d5-9b1cc10530b3,otel-collector,Running,True,1,1,0,"{""otel-collector"": 0}","{""otel-collector"": ""running""}",5,1,1,desktop-control-plane,True,"{""desktop-control-plane"": true}"
2026-09-21T23:30:55.455Z,postgres-676cc4986c-65g8j,208c1990-5e96-493e-951b-3925c343082b,postgres,Running,True,1,1,0,"{""postgres"": 0}","{""postgres"": ""running""}",5,1,1,desktop-control-plane,True,"{""desktop-control-plane"": true}"
2026-09-21T23:30:55.455Z,prometheus-59f5cf7468-mtx8z,59cbbbaf-6dcc-47ec-97ed-1794e4b0c8e8,prometheus,Running,True,1,1,0,"{""prometheus"": 0}","{""prometheus"": ""running""}",5,1,1,desktop-control-plane,True,"{""desktop-control-plane"": true}"
2026-09-21T23:30:55.455Z,rabbitmq-5cdf8f76b7-bwghx,0ac06c65-14a9-4bd2-b5d4-7f2a22c1c4a6,rabbitmq,Running,True,1,1,3,"{""rabbitmq"": 3}","{""rabbitmq"": ""running""}",5,1,1,desktop-control-plane,True,"{""desktop-control-plane"": true}"
2026-09-21T23:30:55.455Z,worker-5b55666b44-rqchq,2dd0ad98-71ab-4a3b-b534-291680e82fe2,worker,Running,True,1,1,3,"{""worker"": 3}","{""worker"": ""running""}",5,1,1,desktop-control-plane,True,"{""desktop-control-plane"": true}"
2026-09-21T23:31:00.455Z,api-5b87c4c9d-blcpn,d3e9e705-d2d4-48da-a726-d7fd62783297,api,Running,True,1,1,0,"{""api"": 0}","{""api"": ""running""}",5,1,1,desktop-control-plane,True,"{""desktop-control-plane"": true}"
2026-09-21T23:31:00.455Z,api-5b87c4c9d-c7kjs,008f463c-bd43-46b5-a695-476bfc478f5f,api,Running,True,1,1,0,"{""api"": 0}","{""api"": ""running""}",5,1,1,desktop-control-plane,True,"{""desktop-control-plane"": true}"
2026-09-21T23:31:00.455Z,api-5b87c4c9d-h2npq,ee0fa801-325d-4550-8d28-68fe126895aa,api,Running,True,1,1,0,"{""api"": 0}","{""api"": ""running""}",5,1,1,desktop-control-plane,True,"{""desktop-control-plane"": true}"
2026-09-21T23:31:00.455Z,api-5b87c4c9d-lvgtq,b74b4b13-3de3-4450-9f0c-897524c83444,api,Running,True,1,1,0,"{""api"": 0}","{""api"": ""running""}",5,1,1,desktop-control-plane,True,"{""desktop-control-plane"": true}"
2026-09-21T23:31:00.455Z,api-5b87c4c9d-nfcrm,16a10e06-1c63-4416-be9b-df9e5b73aa2d,api,Running,True,1,1,0,"{""api"": 0}","{""api"": ""running""}",5,1,1,desktop-control-plane,True,"{""desktop-control-plane"": true}"
2026-09-21T23:31:00.455Z,gateway-856744bb66-hzcvr,cc510c63-0609-4870-b9ca-abd3e21ac480,gateway,Running,True,1,1,0,"{""gateway"": 0}","{""gateway"": ""running""}",5,1,1,desktop-control-plane,True,"{""desktop-control-plane"": true}"
2026-09-21T23:31:00.455Z,jaeger-7cc9b664cc-jt9fj,21942cdb-b601-447a-bf38-ba3b861fe91b,jaeger,Running,True,1,1,0,"{""jaeger"": 0}","{""jaeger"": ""running""}",5,1,1,desktop-control-plane,True,"{""desktop-control-plane"": true}"
2026-09-21T23:31:00.455Z,otel-collector-7c765745bf-q69jh,9ea6d084-d3d7-4c16-a0d5-9b1cc10530b3,otel-collector,Running,True,1,1,0,"{""otel-collector"": 0}","{""otel-collector"": ""running""}",5,1,1,desktop-control-plane,True,"{""desktop-control-plane"": true}"
2026-09-21T23:31:00.455Z,postgres-676cc4986c-65g8j,208c1990-5e96-493e-951b-3925c343082b,postgres,Running,True,1,1,0,"{""postgres"": 0}","{""postgres"": ""running""}",5,1,1,desktop-control-plane,True,"{""desktop-control-plane"": true}"
2026-09-21T23:31:00.455Z,prometheus-59f5cf7468-mtx8z,59cbbbaf-6dcc-47ec-97ed-1794e4b0c8e8,prometheus,Running,True,1,1,0,"{""prometheus"": 0}","{""prometheus"": ""running""}",5,1,1,desktop-control-plane,True,"{""desktop-control-plane"": true}"
2026-09-21T23:31:00.455Z,rabbitmq-5cdf8f76b7-bwghx,0ac06c65-14a9-4bd2-b5d4-7f2a22c1c4a6,rabbitmq,Running,True,1,1,3,"{""rabbitmq"": 3}","{""rabbitmq"": ""running""}",5,1,1,desktop-control-plane,True,"{""desktop-control-plane"": true}"
2026-09-21T23:31:00.455Z,worker-5b55666b44-rqchq,2dd0ad98-71ab-4a3b-b534-291680e82fe2,worker,Running,True,1,1,3,"{""worker"": 3}","{""worker"": ""running""}",5,1,1,desktop-control-plane,True,"{""desktop-control-plane"": true}"
2026-09-21T23:31:05.455Z,api-5b87c4c9d-blcpn,d3e9e705-d2d4-48da-a726-d7fd62783297,api,Running,True,1,1,0,"{""api"": 0}","{""api"": ""running""}",5,1,1,desktop-control-plane,True,"{""desktop-control-plane"": true}"
2026-09-21T23:31:05.455Z,api-5b87c4c9d-c7kjs,008f463c-bd43-46b5-a695-476bfc478f5f,api,Running,True,1,1,0,"{""api"": 0}","{""api"": ""running""}",5,1,1,desktop-control-plane,True,"{""desktop-control-plane"": true}"
2026-09-21T23:31:05.455Z,api-5b87c4c9d-h2npq,ee0fa801-325d-4550-8d28-68fe126895aa,api,Running,True,1,1,0,"{""api"": 0}","{""api"": ""running""}",5,1,1,desktop-control-plane,True,"{""desktop-control-plane"": true}"
2026-09-21T23:31:05.455Z,api-5b87c4c9d-lvgtq,b74b4b13-3de3-4450-9f0c-897524c83444,api,Running,True,1,1,0,"{""api"": 0}","{""api"": ""running""}",5,1,1,desktop-control-plane,True,"{""desktop-control-plane"": true}"
2026-09-21T23:31:05.455Z,api-5b87c4c9d-nfcrm,16a10e06-1c63-4416-be9b-df9e5b73aa2d,api,Running,True,1,1,0,"{""api"": 0}","{""api"": ""running""}",5,1,1,desktop-control-plane,True,"{""desktop-control-plane"": true}"
2026-09-21T23:31:05.455Z,gateway-856744bb66-hzcvr,cc510c63-0609-4870-b9ca-abd3e21ac480,gateway,Running,True,1,1,0,"{""gateway"": 0}","{""gateway"": ""running""}",5,1,1,desktop-control-plane,True,"{""desktop-control-plane"": true}"
2026-09-21T23:31:05.455Z,jaeger-7cc9b664cc-jt9fj,21942cdb-b601-447a-bf38-ba3b861fe91b,jaeger,Running,True,1,1,0,"{""jaeger"": 0}","{""jaeger"": ""running""}",5,1,1,desktop-control-plane,True,"{""desktop-control-plane"": true}"
2026-09-21T23:31:05.455Z,otel-collector-7c765745bf-q69jh,9ea6d084-d3d7-4c16-a0d5-9b1cc10530b3,otel-collector,Running,True,1,1,0,"{""otel-collector"": 0}","{""otel-collector"": ""running""}",5,1,1,desktop-control-plane,True,"{""desktop-control-plane"": true}"
2026-09-21T23:31:05.455Z,postgres-676cc4986c-65g8j,208c1990-5e96-493e-951b-3925c343082b,postgres,Running,True,1,1,0,"{""postgres"": 0}","{""postgres"": ""running""}",5,1,1,desktop-control-plane,True,"{""desktop-control-plane"": true}"
2026-09-21T23:31:05.455Z,prometheus-59f5cf7468-mtx8z,59cbbbaf-6dcc-47ec-97ed-1794e4b0c8e8,prometheus,Running,True,1,1,0,"{""prometheus"": 0}","{""prometheus"": ""running""}",5,1,1,desktop-control-plane,True,"{""desktop-control-plane"": true}"
2026-09-21T23:31:05.455Z,rabbitmq-5cdf8f76b7-bwghx,0ac06c65-14a9-4bd2-b5d4-7f2a22c1c4a6,rabbitmq,Running,True,1,1,3,"{""rabbitmq"": 3}","{""rabbitmq"": ""running""}",5,1,1,desktop-control-plane,True,"{""desktop-control-plane"": true}"
2026-09-21T23:31:05.455Z,worker-5b55666b44-rqchq,2dd0ad98-71ab-4a3b-b534-291680e82fe2,worker,Running,True,1,1,3,"{""worker"": 3}","{""worker"": ""running""}",5,1,1,desktop-control-plane,True,"{""desktop-control-plane"": true}"
2026-09-21T23:31:10.456Z,api-5b87c4c9d-blcpn,d3e9e705-d2d4-48da-a726-d7fd62783297,api,Running,True,1,1,0,"{""api"": 0}","{""api"": ""running""}",5,1,1,desktop-control-plane,True,"{""desktop-control-plane"": true}"
2026-09-21T23:31:10.456Z,api-5b87c4c9d-c7kjs,008f463c-bd43-46b5-a695-476bfc478f5f,api,Running,True,1,1,0,"{""api"": 0}","{""api"": ""running""}",5,1,1,desktop-control-plane,True,"{""desktop-control-plane"": true}"
2026-09-21T23:31:10.456Z,api-5b87c4c9d-h2npq,ee0fa801-325d-4550-8d28-68fe126895aa,api,Running,True,1,1,0,"{""api"": 0}","{""api"": ""running""}",5,1,1,desktop-control-plane,True,"{""desktop-control-plane"": true}"
2026-09-21T23:31:10.456Z,api-5b87c4c9d-lvgtq,b74b4b13-3de3-4450-9f0c-897524c83444,api,Running,True,1,1,0,"{""api"": 0}","{""api"": ""running""}",5,1,1,desktop-control-plane,True,"{""desktop-control-plane"": true}"
2026-09-21T23:31:10.456Z,api-5b87c4c9d-nfcrm,16a10e06-1c63-4416-be9b-df9e5b73aa2d,api,Running,True,1,1,0,"{""api"": 0}","{""api"": ""running""}",5,1,1,desktop-control-plane,True,"{""desktop-control-plane"": true}"
2026-09-21T23:31:10.456Z,gateway-856744bb66-hzcvr,cc510c63-0609-4870-b9ca-abd3e21ac480,gateway,Running,True,1,1,0,"{""gateway"": 0}","{""gateway"": ""running""}",5,1,1,desktop-control-plane,True,"{""desktop-control-plane"": true}"
2026-09-21T23:31:10.456Z,jaeger-7cc9b664cc-jt9fj,21942cdb-b601-447a-bf38-ba3b861fe91b,jaeger,Running,True,1,1,0,"{""jaeger"": 0}","{""jaeger"": ""running""}",5,1,1,desktop-control-plane,True,"{""desktop-control-plane"": true}"
2026-09-21T23:31:10.456Z,otel-collector-7c765745bf-q69jh,9ea6d084-d3d7-4c16-a0d5-9b1cc10530b3,otel-collector,Running,True,1,1,0,"{""otel-collector"": 0}","{""otel-collector"": ""running""}",5,1,1,desktop-control-plane,True,"{""desktop-control-plane"": true}"
2026-09-21T23:31:10.456Z,postgres-676cc4986c-65g8j,208c1990-5e96-493e-951b-3925c343082b,postgres,Running,True,1,1,0,"{""postgres"": 0}","{""postgres"": ""running""}",5,1,1,desktop-control-plane,True,"{""desktop-control-plane"": true}"
2026-09-21T23:31:10.456Z,prometheus-59f5cf7468-mtx8z,59cbbbaf-6dcc-47ec-97ed-1794e4b0c8e8,prometheus,Running,True,1,1,0,"{""prometheus"": 0}","{""prometheus"": ""running""}",5,1,1,desktop-control-plane,True,"{""desktop-control-plane"": true}"
2026-09-21T23:31:10.456Z,rabbitmq-5cdf8f76b7-bwghx,0ac06c65-14a9-4bd2-b5d4-7f2a22c1c4a6,rabbitmq,Running,True,1,1,3,"{""rabbitmq"": 3}","{""rabbitmq"": ""running""}",5,1,1,desktop-control-plane,True,"{""desktop-control-plane"": true}"
2026-09-21T23:31:10.456Z,worker-5b55666b44-rqchq,2dd0ad98-71ab-4a3b-b534-291680e82fe2,worker,Running,True,1,1,3,"{""worker"": 3}","{""worker"": ""running""}",5,1,1,desktop-control-plane,True,"{""desktop-control-plane"": true}"
2026-09-21T23:31:15.456Z,api-5b87c4c9d-blcpn,d3e9e705-d2d4-48da-a726-d7fd62783297,api,Running,True,1,1,0,"{""api"": 0}","{""api"": ""running""}",5,1,1,desktop-control-plane,True,"{""desktop-control-plane"": true}"
2026-09-21T23:31:15.456Z,api-5b87c4c9d-c7kjs,008f463c-bd43-46b5-a695-476bfc478f5f,api,Running,True,1,1,0,"{""api"": 0}","{""api"": ""running""}",5,1,1,desktop-control-plane,True,"{""desktop-control-plane"": true}"
2026-09-21T23:31:15.456Z,api-5b87c4c9d-h2npq,ee0fa801-325d-4550-8d28-68fe126895aa,api,Running,True,1,1,0,"{""api"": 0}","{""api"": ""running""}",5,1,1,desktop-control-plane,True,"{""desktop-control-plane"": true}"
2026-09-21T23:31:15.456Z,api-5b87c4c9d-lvgtq,b74b4b13-3de3-4450-9f0c-897524c83444,api,Running,True,1,1,0,"{""api"": 0}","{""api"": ""running""}",5,1,1,desktop-control-plane,True,"{""desktop-control-plane"": true}"
2026-09-21T23:31:15.456Z,api-5b87c4c9d-nfcrm,16a10e06-1c63-4416-be9b-df9e5b73aa2d,api,Running,True,1,1,0,"{""api"": 0}","{""api"": ""running""}",5,1,1,desktop-control-plane,True,"{""desktop-control-plane"": true}"
2026-09-21T23:31:15.456Z,gateway-856744bb66-hzcvr,cc510c63-0609-4870-b9ca-abd3e21ac480,gateway,Running,True,1,1,0,"{""gateway"": 0}","{""gateway"": ""running""}",5,1,1,desktop-control-plane,True,"{""desktop-control-plane"": true}"
2026-09-21T23:31:15.456Z,jaeger-7cc9b664cc-jt9fj,21942cdb-b601-447a-bf38-ba3b861fe91b,jaeger,Running,True,1,1,0,"{""jaeger"": 0}","{""jaeger"": ""running""}",5,1,1,desktop-control-plane,True,"{""desktop-control-plane"": true}"
2026-09-21T23:31:15.456Z,otel-collector-7c765745bf-q69jh,9ea6d084-d3d7-4c16-a0d5-9b1cc10530b3,otel-collector,Running,True,1,1,0,"{""otel-collector"": 0}","{""otel-collector"": ""running""}",5,1,1,desktop-control-plane,True,"{""desktop-control-plane"": true}"
2026-09-21T23:31:15.456Z,postgres-676cc4986c-65g8j,208c1990-5e96-493e-951b-3925c343082b,postgres,Running,True,1,1,0,"{""postgres"": 0}","{""postgres"": ""running""}",5,1,1,desktop-control-plane,True,"{""desktop-control-plane"": true}"
2026-09-21T23:31:15.456Z,prometheus-59f5cf7468-mtx8z,59cbbbaf-6dcc-47ec-97ed-1794e4b0c8e8,prometheus,Running,True,1,1,0,"{""prometheus"": 0}","{""prometheus"": ""running""}",5,1,1,desktop-control-plane,True,"{""desktop-control-plane"": true}"
2026-09-21T23:31:15.456Z,rabbitmq-5cdf8f76b7-bwghx,0ac06c65-14a9-4bd2-b5d4-7f2a22c1c4a6,rabbitmq,Running,True,1,1,3,"{""rabbitmq"": 3}","{""rabbitmq"": ""running""}",5,1,1,desktop-control-plane,True,"{""desktop-control-plane"": true}"
2026-09-21T23:31:15.456Z,worker-5b55666b44-rqchq,2dd0ad98-71ab-4a3b-b534-291680e82fe2,worker,Running,True,1,1,3,"{""worker"": 3}","{""worker"": ""running""}",5,1,1,desktop-control-plane,True,"{""desktop-control-plane"": true}"
2026-09-21T23:31:20.456Z,api-5b87c4c9d-blcpn,d3e9e705-d2d4-48da-a726-d7fd62783297,api,Running,True,1,1,0,"{""api"": 0}","{""api"": ""running""}",5,1,1,desktop-control-plane,True,"{""desktop-control-plane"": true}"
2026-09-21T23:31:20.456Z,api-5b87c4c9d-c7kjs,008f463c-bd43-46b5-a695-476bfc478f5f,api,Running,True,1,1,0,"{""api"": 0}","{""api"": ""running""}",5,1,1,desktop-control-plane,True,"{""desktop-control-plane"": true}"
2026-09-21T23:31:20.456Z,api-5b87c4c9d-h2npq,ee0fa801-325d-4550-8d28-68fe126895aa,api,Running,True,1,1,0,"{""api"": 0}","{""api"": ""running""}",5,1,1,desktop-control-plane,True,"{""desktop-control-plane"": true}"
2026-09-21T23:31:20.456Z,api-5b87c4c9d-lvgtq,b74b4b13-3de3-4450-9f0c-897524c83444,api,Running,True,1,1,0,"{""api"": 0}","{""api"": ""running""}",5,1,1,desktop-control-plane,True,"{""desktop-control-plane"": true}"
2026-09-21T23:31:20.456Z,api-5b87c4c9d-nfcrm,16a10e06-1c63-4416-be9b-df9e5b73aa2d,api,Running,True,1,1,0,"{""api"": 0}","{""api"": ""running""}",5,1,1,desktop-control-plane,True,"{""desktop-control-plane"": true}"
2026-09-21T23:31:20.456Z,gateway-856744bb66-hzcvr,cc510c63-0609-4870-b9ca-abd3e21ac480,gateway,Running,True,1,1,0,"{""gateway"": 0}","{""gateway"": ""running""}",5,1,1,desktop-control-plane,True,"{""desktop-control-plane"": true}"
2026-09-21T23:31:20.456Z,jaeger-7cc9b664cc-jt9fj,21942cdb-b601-447a-bf38-ba3b861fe91b,jaeger,Running,True,1,1,0,"{""jaeger"": 0}","{""jaeger"": ""running""}",5,1,1,desktop-control-plane,True,"{""desktop-control-plane"": true}"
2026-09-21T23:31:20.456Z,otel-collector-7c765745bf-q69jh,9ea6d084-d3d7-4c16-a0d5-9b1cc10530b3,otel-collector,Running,True,1,1,0,"{""otel-collector"": 0}","{""otel-collector"": ""running""}",5,1,1,desktop-control-plane,True,"{""desktop-control-plane"": true}"
2026-09-21T23:31:20.456Z,postgres-676cc4986c-65g8j,208c1990-5e96-493e-951b-3925c343082b,postgres,Running,True,1,1,0,"{""postgres"": 0}","{""postgres"": ""running""}",5,1,1,desktop-control-plane,True,"{""desktop-control-plane"": true}"
2026-09-21T23:31:20.456Z,prometheus-59f5cf7468-mtx8z,59cbbbaf-6dcc-47ec-97ed-1794e4b0c8e8,prometheus,Running,True,1,1,0,"{""prometheus"": 0}","{""prometheus"": ""running""}",5,1,1,desktop-control-plane,True,"{""desktop-control-plane"": true}"
2026-09-21T23:31:20.456Z,rabbitmq-5cdf8f76b7-bwghx,0ac06c65-14a9-4bd2-b5d4-7f2a22c1c4a6,rabbitmq,Running,True,1,1,3,"{""rabbitmq"": 3}","{""rabbitmq"": ""running""}",5,1,1,desktop-control-plane,True,"{""desktop-control-plane"": true}"
2026-09-21T23:31:20.456Z,worker-5b55666b44-rqchq,2dd0ad98-71ab-4a3b-b534-291680e82fe2,worker,Running,True,1,1,3,"{""worker"": 3}","{""worker"": ""running""}",5,1,1,desktop-control-plane,True,"{""desktop-control-plane"": true}"
2026-09-21T23:31:25.456Z,api-5b87c4c9d-blcpn,d3e9e705-d2d4-48da-a726-d7fd62783297,api,Running,True,1,1,0,"{""api"": 0}","{""api"": ""running""}",5,1,1,desktop-control-plane,True,"{""desktop-control-plane"": true}"
2026-09-21T23:31:25.456Z,api-5b87c4c9d-c7kjs,008f463c-bd43-46b5-a695-476bfc478f5f,api,Running,True,1,1,0,"{""api"": 0}","{""api"": ""running""}",5,1,1,desktop-control-plane,True,"{""desktop-control-plane"": true}"
2026-09-21T23:31:25.456Z,api-5b87c4c9d-h2npq,ee0fa801-325d-4550-8d28-68fe126895aa,api,Running,True,1,1,0,"{""api"": 0}","{""api"": ""running""}",5,1,1,desktop-control-plane,True,"{""desktop-control-plane"": true}"
2026-09-21T23:31:25.456Z,api-5b87c4c9d-lvgtq,b74b4b13-3de3-4450-9f0c-897524c83444,api,Running,True,1,1,0,"{""api"": 0}","{""api"": ""running""}",5,1,1,desktop-control-plane,True,"{""desktop-control-plane"": true}"
2026-09-21T23:31:25.456Z,api-5b87c4c9d-nfcrm,16a10e06-1c63-4416-be9b-df9e5b73aa2d,api,Running,True,1,1,0,"{""api"": 0}","{""api"": ""running""}",5,1,1,desktop-control-plane,True,"{""desktop-control-plane"": true}"
2026-09-21T23:31:25.456Z,gateway-856744bb66-hzcvr,cc510c63-0609-4870-b9ca-abd3e21ac480,gateway,Running,True,1,1,0,"{""gateway"": 0}","{""gateway"": ""running""}",5,1,1,desktop-control-plane,True,"{""desktop-control-plane"": true}"
2026-09-21T23:31:25.456Z,jaeger-7cc9b664cc-jt9fj,21942cdb-b601-447a-bf38-ba3b861fe91b,jaeger,Running,True,1,1,0,"{""jaeger"": 0}","{""jaeger"": ""running""}",5,1,1,desktop-control-plane,True,"{""desktop-control-plane"": true}"
2026-09-21T23:31:25.456Z,otel-collector-7c765745bf-q69jh,9ea6d084-d3d7-4c16-a0d5-9b1cc10530b3,otel-collector,Running,True,1,1,0,"{""otel-collector"": 0}","{""otel-collector"": ""running""}",5,1,1,desktop-control-plane,True,"{""desktop-control-plane"": true}"
2026-09-21T23:31:25.456Z,postgres-676cc4986c-65g8j,208c1990-5e96-493e-951b-3925c343082b,postgres,Running,True,1,1,0,"{""postgres"": 0}","{""postgres"": ""running""}",5,1,1,desktop-control-plane,True,"{""desktop-control-plane"": true}"
2026-09-21T23:31:25.456Z,prometheus-59f5cf7468-mtx8z,59cbbbaf-6dcc-47ec-97ed-1794e4b0c8e8,prometheus,Running,True,1,1,0,"{""prometheus"": 0}","{""prometheus"": ""running""}",5,1,1,desktop-control-plane,True,"{""desktop-control-plane"": true}"
2026-09-21T23:31:25.456Z,rabbitmq-5cdf8f76b7-bwghx,0ac06c65-14a9-4bd2-b5d4-7f2a22c1c4a6,rabbitmq,Running,True,1,1,3,"{""rabbitmq"": 3}","{""rabbitmq"": ""running""}",5,1,1,desktop-control-plane,True,"{""desktop-control-plane"": true}"
2026-09-21T23:31:25.456Z,worker-5b55666b44-rqchq,2dd0ad98-71ab-4a3b-b534-291680e82fe2,worker,Running,True,1,1,3,"{""worker"": 3}","{""worker"": ""running""}",5,1,1,desktop-control-plane,True,"{""desktop-control-plane"": true}"
2026-09-21T23:31:30.457Z,api-5b87c4c9d-blcpn,d3e9e705-d2d4-48da-a726-d7fd62783297,api,Running,True,1,1,0,"{""api"": 0}","{""api"": ""running""}",5,1,1,desktop-control-plane,True,"{""desktop-control-plane"": true}"
2026-09-21T23:31:30.457Z,api-5b87c4c9d-c7kjs,008f463c-bd43-46b5-a695-476bfc478f5f,api,Running,True,1,1,0,"{""api"": 0}","{""api"": ""running""}",5,1,1,desktop-control-plane,True,"{""desktop-control-plane"": true}"
2026-09-21T23:31:30.457Z,api-5b87c4c9d-h2npq,ee0fa801-325d-4550-8d28-68fe126895aa,api,Running,True,1,1,0,"{""api"": 0}","{""api"": ""running""}",5,1,1,desktop-control-plane,True,"{""desktop-control-plane"": true}"
2026-09-21T23:31:30.457Z,api-5b87c4c9d-lvgtq,b74b4b13-3de3-4450-9f0c-897524c83444,api,Running,True,1,1,0,"{""api"": 0}","{""api"": ""running""}",5,1,1,desktop-control-plane,True,"{""desktop-control-plane"": true}"
2026-09-21T23:31:30.457Z,api-5b87c4c9d-nfcrm,16a10e06-1c63-4416-be9b-df9e5b73aa2d,api,Running,True,1,1,0,"{""api"": 0}","{""api"": ""running""}",5,1,1,desktop-control-plane,True,"{""desktop-control-plane"": true}"
2026-09-21T23:31:30.457Z,gateway-856744bb66-hzcvr,cc510c63-0609-4870-b9ca-abd3e21ac480,gateway,Running,True,1,1,0,"{""gateway"": 0}","{""gateway"": ""running""}",5,1,1,desktop-control-plane,True,"{""desktop-control-plane"": true}"
2026-09-21T23:31:30.457Z,jaeger-7cc9b664cc-jt9fj,21942cdb-b601-447a-bf38-ba3b861fe91b,jaeger,Running,True,1,1,0,"{""jaeger"": 0}","{""jaeger"": ""running""}",5,1,1,desktop-control-plane,True,"{""desktop-control-plane"": true}"
2026-09-21T23:31:30.457Z,otel-collector-7c765745bf-q69jh,9ea6d084-d3d7-4c16-a0d5-9b1cc10530b3,otel-collector,Running,True,1,1,0,"{""otel-collector"": 0}","{""otel-collector"": ""running""}",5,1,1,desktop-control-plane,True,"{""desktop-control-plane"": true}"
2026-09-21T23:31:30.457Z,postgres-676cc4986c-65g8j,208c1990-5e96-493e-951b-3925c343082b,postgres,Running,True,1,1,0,"{""postgres"": 0}","{""postgres"": ""running""}",5,1,1,desktop-control-plane,True,"{""desktop-control-plane"": true}"
2026-09-21T23:31:30.457Z,prometheus-59f5cf7468-mtx8z,59cbbbaf-6dcc-47ec-97ed-1794e4b0c8e8,prometheus,Running,True,1,1,0,"{""prometheus"": 0}","{""prometheus"": ""running""}",5,1,1,desktop-control-plane,True,"{""desktop-control-plane"": true}"
2026-09-21T23:31:30.457Z,rabbitmq-5cdf8f76b7-bwghx,0ac06c65-14a9-4bd2-b5d4-7f2a22c1c4a6,rabbitmq,Running,True,1,1,3,"{""rabbitmq"": 3}","{""rabbitmq"": ""running""}",5,1,1,desktop-control-plane,True,"{""desktop-control-plane"": true}"
2026-09-21T23:31:30.457Z,worker-5b55666b44-rqchq,2dd0ad98-71ab-4a3b-b534-291680e82fe2,worker,Running,True,1,1,3,"{""worker"": 3}","{""worker"": ""running""}",5,1,1,desktop-control-plane,True,"{""desktop-control-plane"": true}"
2026-09-21T23:31:35.457Z,api-5b87c4c9d-blcpn,d3e9e705-d2d4-48da-a726-d7fd62783297,api,Running,True,1,1,0,"{""api"": 0}","{""api"": ""running""}",5,1,1,desktop-control-plane,True,"{""desktop-control-plane"": true}"
2026-09-21T23:31:35.457Z,api-5b87c4c9d-c7kjs,008f463c-bd43-46b5-a695-476bfc478f5f,api,Running,True,1,1,0,"{""api"": 0}","{""api"": ""running""}",5,1,1,desktop-control-plane,True,"{""desktop-control-plane"": true}"
2026-09-21T23:31:35.457Z,api-5b87c4c9d-h2npq,ee0fa801-325d-4550-8d28-68fe126895aa,api,Running,True,1,1,0,"{""api"": 0}","{""api"": ""running""}",5,1,1,desktop-control-plane,True,"{""desktop-control-plane"": true}"
2026-09-21T23:31:35.457Z,api-5b87c4c9d-lvgtq,b74b4b13-3de3-4450-9f0c-897524c83444,api,Running,True,1,1,0,"{""api"": 0}","{""api"": ""running""}",5,1,1,desktop-control-plane,True,"{""desktop-control-plane"": true}"
2026-09-21T23:31:35.457Z,api-5b87c4c9d-nfcrm,16a10e06-1c63-4416-be9b-df9e5b73aa2d,api,Running,True,1,1,0,"{""api"": 0}","{""api"": ""running""}",5,1,1,desktop-control-plane,True,"{""desktop-control-plane"": true}"
2026-09-21T23:31:35.457Z,gateway-856744bb66-hzcvr,cc510c63-0609-4870-b9ca-abd3e21ac480,gateway,Running,True,1,1,0,"{""gateway"": 0}","{""gateway"": ""running""}",5,1,1,desktop-control-plane,True,"{""desktop-control-plane"": true}"
2026-09-21T23:31:35.457Z,jaeger-7cc9b664cc-jt9fj,21942cdb-b601-447a-bf38-ba3b861fe91b,jaeger,Running,True,1,1,0,"{""jaeger"": 0}","{""jaeger"": ""running""}",5,1,1,desktop-control-plane,True,"{""desktop-control-plane"": true}"
2026-09-21T23:31:35.457Z,otel-collector-7c765745bf-q69jh,9ea6d084-d3d7-4c16-a0d5-9b1cc10530b3,otel-collector,Running,True,1,1,0,"{""otel-collector"": 0}","{""otel-collector"": ""running""}",5,1,1,desktop-control-plane,True,"{""desktop-control-plane"": true}"
2026-09-21T23:31:35.457Z,postgres-676cc4986c-65g8j,208c1990-5e96-493e-951b-3925c343082b,postgres,Running,True,1,1,0,"{""postgres"": 0}","{""postgres"": ""running""}",5,1,1,desktop-control-plane,True,"{""desktop-control-plane"": true}"
2026-09-21T23:31:35.457Z,prometheus-59f5cf7468-mtx8z,59cbbbaf-6dcc-47ec-97ed-1794e4b0c8e8,prometheus,Running,True,1,1,0,"{""prometheus"": 0}","{""prometheus"": ""running""}",5,1,1,desktop-control-plane,True,"{""desktop-control-plane"": true}"
2026-09-21T23:31:35.457Z,rabbitmq-5cdf8f76b7-bwghx,0ac06c65-14a9-4bd2-b5d4-7f2a22c1c4a6,rabbitmq,Running,True,1,1,3,"{""rabbitmq"": 3}","{""rabbitmq"": ""running""}",5,1,1,desktop-control-plane,True,"{""desktop-control-plane"": true}"
2026-09-21T23:31:35.457Z,worker-5b55666b44-rqchq,2dd0ad98-71ab-4a3b-b534-291680e82fe2,worker,Running,True,1,1,3,"{""worker"": 3}","{""worker"": ""running""}",5,1,1,desktop-control-plane,True,"{""desktop-control-plane"": true}"
2026-09-21T23:31:40.458Z,api-5b87c4c9d-blcpn,d3e9e705-d2d4-48da-a726-d7fd62783297,api,Running,True,1,1,0,"{""api"": 0}","{""api"": ""running""}",5,1,1,desktop-control-plane,True,"{""desktop-control-plane"": true}"
2026-09-21T23:31:40.458Z,api-5b87c4c9d-c7kjs,008f463c-bd43-46b5-a695-476bfc478f5f,api,Running,True,1,1,0,"{""api"": 0}","{""api"": ""running""}",5,1,1,desktop-control-plane,True,"{""desktop-control-plane"": true}"
2026-09-21T23:31:40.458Z,api-5b87c4c9d-h2npq,ee0fa801-325d-4550-8d28-68fe126895aa,api,Running,True,1,1,0,"{""api"": 0}","{""api"": ""running""}",5,1,1,desktop-control-plane,True,"{""desktop-control-plane"": true}"
2026-09-21T23:31:40.458Z,api-5b87c4c9d-lvgtq,b74b4b13-3de3-4450-9f0c-897524c83444,api,Running,True,1,1,0,"{""api"": 0}","{""api"": ""running""}",5,1,1,desktop-control-plane,True,"{""desktop-control-plane"": true}"
2026-09-21T23:31:40.458Z,api-5b87c4c9d-nfcrm,16a10e06-1c63-4416-be9b-df9e5b73aa2d,api,Running,True,1,1,0,"{""api"": 0}","{""api"": ""running""}",5,1,1,desktop-control-plane,True,"{""desktop-control-plane"": true}"
2026-09-21T23:31:40.458Z,gateway-856744bb66-hzcvr,cc510c63-0609-4870-b9ca-abd3e21ac480,gateway,Running,True,1,1,0,"{""gateway"": 0}","{""gateway"": ""running""}",5,1,1,desktop-control-plane,True,"{""desktop-control-plane"": true}"
2026-09-21T23:31:40.458Z,jaeger-7cc9b664cc-jt9fj,21942cdb-b601-447a-bf38-ba3b861fe91b,jaeger,Running,True,1,1,0,"{""jaeger"": 0}","{""jaeger"": ""running""}",5,1,1,desktop-control-plane,True,"{""desktop-control-plane"": true}"
2026-09-21T23:31:40.458Z,otel-collector-7c765745bf-q69jh,9ea6d084-d3d7-4c16-a0d5-9b1cc10530b3,otel-collector,Running,True,1,1,0,"{""otel-collector"": 0}","{""otel-collector"": ""running""}",5,1,1,desktop-control-plane,True,"{""desktop-control-plane"": true}"
2026-09-21T23:31:40.458Z,postgres-676cc4986c-65g8j,208c1990-5e96-493e-951b-3925c343082b,postgres,Running,True,1,1,0,"{""postgres"": 0}","{""postgres"": ""running""}",5,1,1,desktop-control-plane,True,"{""desktop-control-plane"": true}"
2026-09-21T23:31:40.458Z,prometheus-59f5cf7468-mtx8z,59cbbbaf-6dcc-47ec-97ed-1794e4b0c8e8,prometheus,Running,True,1,1,0,"{""prometheus"": 0}","{""prometheus"": ""running""}",5,1,1,desktop-control-plane,True,"{""desktop-control-plane"": true}"
2026-09-21T23:31:40.458Z,rabbitmq-5cdf8f76b7-bwghx,0ac06c65-14a9-4bd2-b5d4-7f2a22c1c4a6,rabbitmq,Running,True,1,1,3,"{""rabbitmq"": 3}","{""rabbitmq"": ""running""}",5,1,1,desktop-control-plane,True,"{""desktop-control-plane"": true}"
2026-09-21T23:31:40.458Z,worker-5b55666b44-rqchq,2dd0ad98-71ab-4a3b-b534-291680e82fe2,worker,Running,True,1,1,3,"{""worker"": 3}","{""worker"": ""running""}",5,1,1,desktop-control-plane,True,"{""desktop-control-plane"": true}"
2026-09-21T23:31:45.458Z,api-5b87c4c9d-blcpn,d3e9e705-d2d4-48da-a726-d7fd62783297,api,Running,True,1,1,0,"{""api"": 0}","{""api"": ""running""}",5,1,1,desktop-control-plane,True,"{""desktop-control-plane"": true}"
2026-09-21T23:31:45.458Z,api-5b87c4c9d-c7kjs,008f463c-bd43-46b5-a695-476bfc478f5f,api,Running,True,1,1,0,"{""api"": 0}","{""api"": ""running""}",5,1,1,desktop-control-plane,True,"{""desktop-control-plane"": true}"
2026-09-21T23:31:45.458Z,api-5b87c4c9d-h2npq,ee0fa801-325d-4550-8d28-68fe126895aa,api,Running,True,1,1,0,"{""api"": 0}","{""api"": ""running""}",5,1,1,desktop-control-plane,True,"{""desktop-control-plane"": true}"
2026-09-21T23:31:45.458Z,api-5b87c4c9d-lvgtq,b74b4b13-3de3-4450-9f0c-897524c83444,api,Running,True,1,1,0,"{""api"": 0}","{""api"": ""running""}",5,1,1,desktop-control-plane,True,"{""desktop-control-plane"": true}"
2026-09-21T23:31:45.458Z,api-5b87c4c9d-nfcrm,16a10e06-1c63-4416-be9b-df9e5b73aa2d,api,Running,True,1,1,0,"{""api"": 0}","{""api"": ""running""}",5,1,1,desktop-control-plane,True,"{""desktop-control-plane"": true}"
2026-09-21T23:31:45.458Z,gateway-856744bb66-hzcvr,cc510c63-0609-4870-b9ca-abd3e21ac480,gateway,Running,True,1,1,0,"{""gateway"": 0}","{""gateway"": ""running""}",5,1,1,desktop-control-plane,True,"{""desktop-control-plane"": true}"
2026-09-21T23:31:45.458Z,jaeger-7cc9b664cc-jt9fj,21942cdb-b601-447a-bf38-ba3b861fe91b,jaeger,Running,True,1,1,0,"{""jaeger"": 0}","{""jaeger"": ""running""}",5,1,1,desktop-control-plane,True,"{""desktop-control-plane"": true}"
2026-09-21T23:31:45.458Z,otel-collector-7c765745bf-q69jh,9ea6d084-d3d7-4c16-a0d5-9b1cc10530b3,otel-collector,Running,True,1,1,0,"{""otel-collector"": 0}","{""otel-collector"": ""running""}",5,1,1,desktop-control-plane,True,"{""desktop-control-plane"": true}"
2026-09-21T23:31:45.458Z,postgres-676cc4986c-65g8j,208c1990-5e96-493e-951b-3925c343082b,postgres,Running,True,1,1,0,"{""postgres"": 0}","{""postgres"": ""running""}",5,1,1,desktop-control-plane,True,"{""desktop-control-plane"": true}"
2026-09-21T23:31:45.458Z,prometheus-59f5cf7468-mtx8z,59cbbbaf-6dcc-47ec-97ed-1794e4b0c8e8,prometheus,Running,True,1,1,0,"{""prometheus"": 0}","{""prometheus"": ""running""}",5,1,1,desktop-control-plane,True,"{""desktop-control-plane"": true}"
2026-09-21T23:31:45.458Z,rabbitmq-5cdf8f76b7-bwghx,0ac06c65-14a9-4bd2-b5d4-7f2a22c1c4a6,rabbitmq,Running,True,1,1,3,"{""rabbitmq"": 3}","{""rabbitmq"": ""running""}",5,1,1,desktop-control-plane,True,"{""desktop-control-plane"": true}"
2026-09-21T23:31:45.458Z,worker-5b55666b44-rqchq,2dd0ad98-71ab-4a3b-b534-291680e82fe2,worker,Running,True,1,1,3,"{""worker"": 3}","{""worker"": ""running""}",5,1,1,desktop-control-plane,True,"{""desktop-control-plane"": true}"
2026-09-21T23:31:50.459Z,api-5b87c4c9d-blcpn,d3e9e705-d2d4-48da-a726-d7fd62783297,api,Running,True,1,1,0,"{""api"": 0}","{""api"": ""running""}",5,1,1,desktop-control-plane,True,"{""desktop-control-plane"": true}"
2026-09-21T23:31:50.459Z,api-5b87c4c9d-c7kjs,008f463c-bd43-46b5-a695-476bfc478f5f,api,Running,True,1,1,0,"{""api"": 0}","{""api"": ""running""}",5,1,1,desktop-control-plane,True,"{""desktop-control-plane"": true}"
2026-09-21T23:31:50.459Z,api-5b87c4c9d-h2npq,ee0fa801-325d-4550-8d28-68fe126895aa,api,Running,True,1,1,0,"{""api"": 0}","{""api"": ""running""}",5,1,1,desktop-control-plane,True,"{""desktop-control-plane"": true}"
2026-09-21T23:31:50.459Z,api-5b87c4c9d-lvgtq,b74b4b13-3de3-4450-9f0c-897524c83444,api,Running,True,1,1,0,"{""api"": 0}","{""api"": ""running""}",5,1,1,desktop-control-plane,True,"{""desktop-control-plane"": true}"
2026-09-21T23:31:50.459Z,api-5b87c4c9d-nfcrm,16a10e06-1c63-4416-be9b-df9e5b73aa2d,api,Running,True,1,1,0,"{""api"": 0}","{""api"": ""running""}",5,1,1,desktop-control-plane,True,"{""desktop-control-plane"": true}"
2026-09-21T23:31:50.459Z,gateway-856744bb66-hzcvr,cc510c63-0609-4870-b9ca-abd3e21ac480,gateway,Running,True,1,1,0,"{""gateway"": 0}","{""gateway"": ""running""}",5,1,1,desktop-control-plane,True,"{""desktop-control-plane"": true}"
2026-09-21T23:31:50.459Z,jaeger-7cc9b664cc-jt9fj,21942cdb-b601-447a-bf38-ba3b861fe91b,jaeger,Running,True,1,1,0,"{""jaeger"": 0}","{""jaeger"": ""running""}",5,1,1,desktop-control-plane,True,"{""desktop-control-plane"": true}"
2026-09-21T23:31:50.459Z,otel-collector-7c765745bf-q69jh,9ea6d084-d3d7-4c16-a0d5-9b1cc10530b3,otel-collector,Running,True,1,1,0,"{""otel-collector"": 0}","{""otel-collector"": ""running""}",5,1,1,desktop-control-plane,True,"{""desktop-control-plane"": true}"
2026-09-21T23:31:50.459Z,postgres-676cc4986c-65g8j,208c1990-5e96-493e-951b-3925c343082b,postgres,Running,True,1,1,0,"{""postgres"": 0}","{""postgres"": ""running""}",5,1,1,desktop-control-plane,True,"{""desktop-control-plane"": true}"
2026-09-21T23:31:50.459Z,prometheus-59f5cf7468-mtx8z,59cbbbaf-6dcc-47ec-97ed-1794e4b0c8e8,prometheus,Running,True,1,1,0,"{""prometheus"": 0}","{""prometheus"": ""running""}",5,1,1,desktop-control-plane,True,"{""desktop-control-plane"": true}"
2026-09-21T23:31:50.459Z,rabbitmq-5cdf8f76b7-bwghx,0ac06c65-14a9-4bd2-b5d4-7f2a22c1c4a6,rabbitmq,Running,True,1,1,3,"{""rabbitmq"": 3}","{""rabbitmq"": ""running""}",5,1,1,desktop-control-plane,True,"{""desktop-control-plane"": true}"
2026-09-21T23:31:50.459Z,worker-5b55666b44-rqchq,2dd0ad98-71ab-4a3b-b534-291680e82fe2,worker,Running,True,1,1,3,"{""worker"": 3}","{""worker"": ""running""}",5,1,1,desktop-control-plane,True,"{""desktop-control-plane"": true}"
2026-09-21T23:31:55.459Z,api-5b87c4c9d-blcpn,d3e9e705-d2d4-48da-a726-d7fd62783297,api,Running,True,1,1,0,"{""api"": 0}","{""api"": ""running""}",5,1,1,desktop-control-plane,True,"{""desktop-control-plane"": true}"
2026-09-21T23:31:55.459Z,api-5b87c4c9d-c7kjs,008f463c-bd43-46b5-a695-476bfc478f5f,api,Running,True,1,1,0,"{""api"": 0}","{""api"": ""running""}",5,1,1,desktop-control-plane,True,"{""desktop-control-plane"": true}"
2026-09-21T23:31:55.459Z,api-5b87c4c9d-h2npq,ee0fa801-325d-4550-8d28-68fe126895aa,api,Running,True,1,1,0,"{""api"": 0}","{""api"": ""running""}",5,1,1,desktop-control-plane,True,"{""desktop-control-plane"": true}"
2026-09-21T23:31:55.459Z,api-5b87c4c9d-lvgtq,b74b4b13-3de3-4450-9f0c-897524c83444,api,Running,True,1,1,0,"{""api"": 0}","{""api"": ""running""}",5,1,1,desktop-control-plane,True,"{""desktop-control-plane"": true}"
2026-09-21T23:31:55.459Z,api-5b87c4c9d-nfcrm,16a10e06-1c63-4416-be9b-df9e5b73aa2d,api,Running,True,1,1,0,"{""api"": 0}","{""api"": ""running""}",5,1,1,desktop-control-plane,True,"{""desktop-control-plane"": true}"
2026-09-21T23:31:55.459Z,gateway-856744bb66-hzcvr,cc510c63-0609-4870-b9ca-abd3e21ac480,gateway,Running,True,1,1,0,"{""gateway"": 0}","{""gateway"": ""running""}",5,1,1,desktop-control-plane,True,"{""desktop-control-plane"": true}"
2026-09-21T23:31:55.459Z,jaeger-7cc9b664cc-jt9fj,21942cdb-b601-447a-bf38-ba3b861fe91b,jaeger,Running,True,1,1,0,"{""jaeger"": 0}","{""jaeger"": ""running""}",5,1,1,desktop-control-plane,True,"{""desktop-control-plane"": true}"
2026-09-21T23:31:55.459Z,otel-collector-7c765745bf-q69jh,9ea6d084-d3d7-4c16-a0d5-9b1cc10530b3,otel-collector,Running,True,1,1,0,"{""otel-collector"": 0}","{""otel-collector"": ""running""}",5,1,1,desktop-control-plane,True,"{""desktop-control-plane"": true}"
2026-09-21T23:31:55.459Z,postgres-676cc4986c-65g8j,208c1990-5e96-493e-951b-3925c343082b,postgres,Running,True,1,1,0,"{""postgres"": 0}","{""postgres"": ""running""}",5,1,1,desktop-control-plane,True,"{""desktop-control-plane"": true}"
2026-09-21T23:31:55.459Z,prometheus-59f5cf7468-mtx8z,59cbbbaf-6dcc-47ec-97ed-1794e4b0c8e8,prometheus,Running,True,1,1,0,"{""prometheus"": 0}","{""prometheus"": ""running""}",5,1,1,desktop-control-plane,True,"{""desktop-control-plane"": true}"
2026-09-21T23:31:55.459Z,rabbitmq-5cdf8f76b7-bwghx,0ac06c65-14a9-4bd2-b5d4-7f2a22c1c4a6,rabbitmq,Running,True,1,1,3,"{""rabbitmq"": 3}","{""rabbitmq"": ""running""}",5,1,1,desktop-control-plane,True,"{""desktop-control-plane"": true}"
2026-09-21T23:31:55.459Z,worker-5b55666b44-rqchq,2dd0ad98-71ab-4a3b-b534-291680e82fe2,worker,Running,True,1,1,3,"{""worker"": 3}","{""worker"": ""running""}",5,1,1,desktop-control-plane,True,"{""desktop-control-plane"": true}"
