timestamp,pod,pod_uid,app,phase,pod_ready,ready_containers,total_containers,restart_count,container_restarts,container_states,api_pod_count,worker_pod_count,gateway_pod_count,node,all_nodes_ready,node_states
2026-09-21T23:42:29.340Z,api-5b87c4c9d-nfcrm,16a10e06-1c63-4416-be9b-df9e5b73aa2d,api,Running,True,1,1,0,"{""api"": 0}","{""api"": ""running""}",1,1,1,desktop-control-plane,True,"{""desktop-control-plane"": true}"
2026-09-21T23:42:29.340Z,gateway-856744bb66-hzcvr,cc510c63-0609-4870-b9ca-abd3e21ac480,gateway,Running,True,1,1,0,"{""gateway"": 0}","{""gateway"": ""running""}",1,1,1,desktop-control-plane,True,"{""desktop-control-plane"": true}"
2026-09-21T23:42:29.340Z,jaeger-7cc9b664cc-jt9fj,21942cdb-b601-447a-bf38-ba3b861fe91b,jaeger,Running,True,1,1,0,"{""jaeger"": 0}","{""jaeger"": ""running""}",1,1,1,desktop-control-plane,True,"{""desktop-control-plane"": true}"
2026-09-21T23:42:29.340Z,otel-collector-7c765745bf-q69jh,9ea6d084-d3d7-4c16-a0d5-9b1cc10530b3,otel-collector,Running,True,1,1,0,"{""otel-collector"": 0}","{""otel-collector"": ""running""}",1,1,1,desktop-control-plane,True,"{""desktop-control-plane"": true}"
2026-09-21T23:42:29.340Z,postgres-676cc4986c-65g8j,208c1990-5e96-493e-951b-3925c343082b,postgres,Running,True,1,1,0,"{""postgres"": 0}","{""postgres"": ""running""}",1,1,1,desktop-control-plane,True,"{""desktop-control-plane"": true}"
2026-09-21T23:42:29.340Z,prometheus-59f5cf7468-mtx8z,59cbbbaf-6dcc-47ec-97ed-1794e4b0c8e8,prometheus,Running,True,1,1,0,"{""prometheus"": 0}","{""prometheus"": ""running""}",1,1,1,desktop-control-plane,True,"{""desktop-control-plane"": true}"
2026-09-21T23:42:29.340Z,rabbitmq-5cdf8f76b7-bwghx,0ac06c65-14a9-4bd2-b5d4-7f2a22c1c4a6,rabbitmq,Running,True,1,1,3,"{""rabbitmq"": 3}","{""rabbitmq"": ""running""}",1,1,1,desktop-control-plane,True,"{""desktop-control-plane"": true}"
2026-09-21T23:42:29.340Z,worker-5b55666b44-rqchq,2dd0ad98-71ab-4a3b-b534-291680e82fe2,worker,Running,True,1,1,3,"{""worker"": 3}","{""worker"": ""running""}",1,1,1,desktop-control-plane,True,"{""desktop-control-plane"": true}"
2026-09-21T23:42:34.340Z,api-5b87c4c9d-nfcrm,16a10e06-1c63-4416-be9b-df9e5b73aa2d,api,Running,True,1,1,0,"{""api"": 0}","{""api"": ""running""}",1,1,1,desktop-control-plane,True,"{""desktop-control-plane"": true}"
2026-09-21T23:42:34.340Z,gateway-856744bb66-hzcvr,cc510c63-0609-4870-b9ca-abd3e21ac480,gateway,Running,False,0,1,0,"{""gateway"": 0}","{""gateway"": ""terminated""}",1,1,1,desktop-control-plane,True,"{""desktop-control-plane"": true}"
2026-09-21T23:42:34.340Z,jaeger-7cc9b664cc-jt9fj,21942cdb-b601-447a-bf38-ba3b861fe91b,jaeger,Running,True,1,1,0,"{""jaeger"": 0}","{""jaeger"": ""running""}",1,1,1,desktop-control-plane,True,"{""desktop-control-plane"": true}"
2026-09-21T23:42:34.340Z,otel-collector-7c765745bf-q69jh,9ea6d084-d3d7-4c16-a0d5-9b1cc10530b3,otel-collector,Running,True,1,1,0,"{""otel-collector"": 0}","{""otel-collector"": ""running""}",1,1,1,desktop-control-plane,True,"{""desktop-control-plane"": true}"
2026-09-21T23:42:34.340Z,postgres-676cc4986c-65g8j,208c1990-5e96-493e-951b-3925c343082b,postgres,Running,True,1,1,0,"{""postgres"": 0}","{""postgres"": ""running""}",1,1,1,desktop-control-plane,True,"{""desktop-control-plane"": true}"
2026-09-21T23:42:34.340Z,prometheus-59f5cf7468-mtx8z,59cbbbaf-6dcc-47ec-97ed-1794e4b0c8e8,prometheus,Running,True,1,1,0,"{""prometheus"": 0}","{""prometheus"": ""running""}",1,1,1,desktop-control-plane,True,"{""desktop-control-plane"": true}"
2026-09-21T23:42:34.340Z,rabbitmq-5cdf8f76b7-bwghx,0ac06c65-14a9-4bd2-b5d4-7f2a22c1c4a6,rabbitmq,Running,True,1,1,3,"{""rabbitmq"": 3}","{""rabbitmq"": ""running""}",1,1,1,desktop-control-plane,True,"{""desktop-control-plane"": true}"
2026-09-21T23:42:34.340Z,worker-5b55666b44-rqchq,2dd0ad98-71ab-4a3b-b534-291680e82fe2,worker,Running,True,1,1,3,"{""worker"": 3}","{""worker"": ""running""}",1,1,1,desktop-control-plane,True,"{""desktop-control-plane"": true}"
2026-09-21T23:42:39.341Z,api-5b87c4c9d-nfcrm,16a10e06-1c63-4416-be9b-df9e5b73aa2d,api,Running,True,1,1,0,"{""api"": 0}","{""api"": ""running""}",1,1,1,desktop-control-plane,True,"{""desktop-control-plane"": true}"
2026-09-21T23:42:39.341Z,gateway-856744bb66-hzcvr,cc510c63-0609-4870-b9ca-abd3e21ac480,gateway,Running,False,0,1,1,"{""gateway"": 1}","{""gateway"": ""running""}",1,1,1,desktop-control-plane,True,"{""desktop-control-plane"": true}"
2026-09-21T23:42:39.341Z,jaeger-7cc9b664cc-jt9fj,21942cdb-b601-447a-bf38-ba3b861fe91b,jaeger,Running,True,1,1,0,"{""jaeger"": 0}","{""jaeger"": ""running""}",1,1,1,desktop-control-plane,True,"{""desktop-control-plane"": true}"
2026-09-21T23:42:39.341Z,otel-collector-7c765745bf-q69jh,9ea6d084-d3d7-4c16-a0d5-9b1cc10530b3,otel-collector,Running,True,1,1,0,"{""otel-collector"": 0}","{""otel-collector"": ""running""}",1,1,1,desktop-control-plane,True,"{""desktop-control-plane"": true}"
2026-09-21T23:42:39.341Z,postgres-676cc4986c-65g8j,208c1990-5e96-493e-951b-3925c343082b,postgres,Running,True,1,1,0,"{""postgres"": 0}","{""postgres"": ""running""}",1,1,1,desktop-control-plane,True,"{""desktop-control-plane"": true}"
2026-09-21T23:42:39.341Z,prometheus-59f5cf7468-mtx8z,59cbbbaf-6dcc-47ec-97ed-1794e4b0c8e8,prometheus,Running,True,1,1,0,"{""prometheus"": 0}","{""prometheus"": ""running""}",1,1,1,desktop-control-plane,True,"{""desktop-control-plane"": true}"
2026-09-21T23:42:39.341Z,rabbitmq-5cdf8f76b7-bwghx,0ac06c65-14a9-4bd2-b5d4-7f2a22c1c4a6,rabbitmq,Running,True,1,1,3,"{""rabbitmq"": 3}","{""rabbitmq"": ""running""}",1,1,1,desktop-control-plane,True,"{""desktop-control-plane"": true}"
2026-09-21T23:42:39.341Z,worker-5b55666b44-rqchq,2dd0ad98-71ab-4a3b-b534-291680e82fe2,worker,Running,True,1,1,3,"{""worker"": 3}","{""worker"": ""running""}",1,1,1,desktop-control-plane,True,"{""desktop-control-plane"": true}"
2026-09-21T23:42:44.341Z,api-5b87c4c9d-nfcrm,16a10e06-1c63-4416-be9b-df9e5b73aa2d,api,Running,True,1,1,0,"{""api"": 0}","{""api"": ""running""}",1,1,1,desktop-control-plane,True,"{""desktop-control-plane"": true}"
2026-09-21T23:42:44.341Z,gateway-856744bb66-hzcvr,cc510c63-0609-4870-b9ca-abd3e21ac480,gateway,Running,False,0,1,1,"{""gateway"": 1}","{""gateway"": ""running""}",1,1,1,desktop-control-plane,True,"{""desktop-control-plane"": true}"
2026-09-21T23:42:44.341Z,jaeger-7cc9b664cc-jt9fj,21942cdb-b601-447a-bf38-ba3b861fe91b,jaeger,Running,True,1,1,0,"{""jaeger"": 0}","{""jaeger"": ""running""}",1,1,1,desktop-control-plane,True,"{""desktop-control-plane"": true}"
2026-09-21T23:42:44.341Z,otel-collector-7c765745bf-q69jh,9ea6d084-d3d7-4c16-a0d5-9b1cc10530b3,otel-collector,Running,True,1,1,0,"{""otel-collector"": 0}","{""otel-collector"": ""running""}",1,1,1,desktop-control-plane,True,"{""desktop-control-plane"": true}"
2026-09-21T23:42:44.341Z,postgres-676cc4986c-65g8j,208c1990-5e96-493e-951b-3925c343082b,postgres,Running,True,1,1,0,"{""postgres"": 0}","{""postgres"": ""running""}",1,1,1,desktop-control-plane,True,"{""desktop-control-plane"": true}"
2026-09-21T23:42:44.341Z,prometheus-59f5cf7468-mtx8z,59cbbbaf-6dcc-47ec-97ed-1794e4b0c8e8,prometheus,Running,True,1,1,0,"{""prometheus"": 0}","{""prometheus"": ""running""}",1,1,1,desktop-control-plane,True,"{""desktop-control-plane"": true}"
2026-09-21T23:42:44.341Z,rabbitmq-5cdf8f76b7-bwghx,0ac06c65-14a9-4bd2-b5d4-7f2a22c1c4a6,rabbitmq,Running,True,1,1,3,"{""rabbitmq"": 3}","{""rabbitmq"": ""running""}",1,1,1,desktop-control-plane,True,"{""desktop-control-plane"": true}"
2026-09-21T23:42:44.341Z,worker-5b55666b44-rqchq,2dd0ad98-71ab-4a3b-b534-291680e82fe2,worker,Running,True,1,1,3,"{""worker"": 3}","{""worker"": ""running""}",1,1,1,desktop-control-plane,True,"{""desktop-control-plane"": true}"
2026-09-21T23:42:49.341Z,api-5b87c4c9d-nfcrm,16a10e06-1c63-4416-be9b-df9e5b73aa2d,api,Running,True,1,1,0,"{""api"": 0}","{""api"": ""running""}",1,1,1,desktop-control-plane,True,"{""desktop-control-plane"": true}"
2026-09-21T23:42:49.341Z,gateway-856744bb66-hzcvr,cc510c63-0609-4870-b9ca-abd3e21ac480,gateway,Running,True,1,1,1,"{""gateway"": 1}","{""gateway"": ""running""}",1,1,1,desktop-control-plane,True,"{""desktop-control-plane"": true}"
2026-09-21T23:42:49.341Z,jaeger-7cc9b664cc-jt9fj,21942cdb-b601-447a-bf38-ba3b861fe91b,jaeger,Running,True,1,1,0,"{""jaeger"": 0}","{""jaeger"": ""running""}",1,1,1,desktop-control-plane,True,"{""desktop-control-plane"": true}"
2026-09-21T23:42:49.341Z,otel-collector-7c765745bf-q69jh,9ea6d084-d3d7-4c16-a0d5-9b1cc10530b3,otel-collector,Running,True,1,1,0,"{""otel-collector"": 0}","{""otel-collector"": ""running""}",1,1,1,desktop-control-plane,True,"{""desktop-control-plane"": true}"
2026-09-21T23:42:49.341Z,postgres-676cc4986c-65g8j,208c1990-5e96-493e-951b-3925c343082b,postgres,Running,True,1,1,0,"{""postgres"": 0}","{""postgres"": ""running""}",1,1,1,desktop-control-plane,True,"{""desktop-control-plane"": true}"
2026-09-21T23:42:49.341Z,prometheus-59f5cf7468-mtx8z,59cbbbaf-6dcc-47ec-97ed-1794e4b0c8e8,prometheus,Running,True,1,1,0,"{""prometheus"": 0}","{""prometheus"": ""running""}",1,1,1,desktop-control-plane,True,"{""desktop-control-plane"": true}"
2026-09-21T23:42:49.341Z,rabbitmq-5cdf8f76b7-bwghx,0ac06c65-14a9-4bd2-b5d4-7f2a22c1c4a6,rabbitmq,Running,True,1,1,3,"{""rabbitmq"": 3}","{""rabbitmq"": ""running""}",1,1,1,desktop-control-plane,True,"{""desktop-control-plane"": true}"
2026-09-21T23:42:49.341Z,worker-5b55666b44-rqchq,2dd0ad98-71ab-4a3b-b534-291680e82fe2,worker,Running,True,1,1,3,"{""worker"": 3}","{""worker"": ""running""}",1,1,1,desktop-control-plane,True,"{""desktop-control-plane"": true}"
2026-09-21T23:42:54.341Z,api-5b87c4c9d-nfcrm,16a10e06-1c63-4416-be9b-df9e5b73aa2d,api,Running,True,1,1,0,"{""api"": 0}","{""api"": ""running""}",1,1,1,desktop-control-plane,True,"{""desktop-control-plane"": true}"
2026-09-21T23:42:54.341Z,gateway-856744bb66-hzcvr,cc510c63-0609-4870-b9ca-abd3e21ac480,gateway,Running,True,1,1,1,"{""gateway"": 1}","{""gateway"": ""running""}",1,1,1,desktop-control-plane,True,"{""desktop-control-plane"": true}"
2026-09-21T23:42:54.341Z,jaeger-7cc9b664cc-jt9fj,21942cdb-b601-447a-bf38-ba3b861fe91b,jaeger,Running,True,1,1,0,"{""jaeger"": 0}","{""jaeger"": ""running""}",1,1,1,desktop-control-plane,True,"{""desktop-control-plane"": true}"
2026-09-21T23:42:54.341Z,otel-collector-7c765745bf-q69jh,9ea6d084-d3d7-4c16-a0d5-9b1cc10530b3,otel-collector,Running,True,1,1,0,"{""otel-collector"": 0}","{""otel-collector"": ""running""}",1,1,1,desktop-control-plane,True,"{""desktop-control-plane"": true}"
2026-09-21T23:42:54.341Z,postgres-676cc4986c-65g8j,208c1990-5e96-493e-951b-3925c343082b,postgres,Running,True,1,1,0,"{""postgres"": 0}","{""postgres"": ""running""}",1,1,1,desktop-control-plane,True,"{""desktop-control-plane"": true}"
2026-09-21T23:42:54.341Z,prometheus-59f5cf7468-mtx8z,59cbbbaf-6dcc-47ec-97ed-1794e4b0c8e8,prometheus,Running,True,1,1,0,"{""prometheus"": 0}","{""prometheus"": ""running""}",1,1,1,desktop-control-plane,True,"{""desktop-control-plane"": true}"
2026-09-21T23:42:54.341Z,rabbitmq-5cdf8f76b7-bwghx,0ac06c65-14a9-4bd2-b5d4-7f2a22c1c4a6,rabbitmq,Running,True,1,1,3,"{""rabbitmq"": 3}","{""rabbitmq"": ""running""}",1,1,1,desktop-control-plane,True,"{""desktop-control-plane"": true}"
2026-09-21T23:42:54.341Z,worker-5b55666b44-rqchq,2dd0ad98-71ab-4a3b-b534-291680e82fe2,worker,Running,True,1,1,3,"{""worker"": 3}","{""worker"": ""running""}",1,1,1,desktop-control-plane,True,"{""desktop-control-plane"": true}"
2026-09-21T23:42:59.342Z,api-5b87c4c9d-nfcrm,16a10e06-1c63-4416-be9b-df9e5b73aa2d,api,Running,True,1,1,0,"{""api"": 0}","{""api"": ""running""}",1,1,1,desktop-control-plane,True,"{""desktop-control-plane"": true}"
2026-09-21T23:42:59.342Z,gateway-856744bb66-hzcvr,cc510c63-0609-4870-b9ca-abd3e21ac480,gateway,Running,True,1,1,1,"{""gateway"": 1}","{""gateway"": ""running""}",1,1,1,desktop-control-plane,True,"{""desktop-control-plane"": true}"
2026-09-21T23:42:59.342Z,jaeger-7cc9b664cc-jt9fj,21942cdb-b601-447a-bf38-ba3b861fe91b,jaeger,Running,True,1,1,0,"{""jaeger"": 0}","{""jaeger"": ""running""}",1,1,1,desktop-control-plane,True,"{""desktop-control-plane"": true}"
2026-09-21T23:42:59.342Z,otel-collector-7c765745bf-q69jh,9ea6d084-d3d7-4c16-a0d5-9b1cc10530b3,otel-collector,Running,True,1,1,0,"{""otel-collector"": 0}","{""otel-collector"": ""running""}",1,1,1,desktop-control-plane,True,"{""desktop-control-plane"": true}"
2026-09-21T23:42:59.342Z,postgres-676cc4986c-65g8j,208c1990-5e96-493e-951b-3925c343082b,postgres,Running,True,1,1,0,"{""postgres"": 0}","{""postgres"": ""running""}",1,1,1,desktop-control-plane,True,"{""desktop-control-plane"": true}"
2026-09-21T23:42:59.342Z,prometheus-59f5cf7468-mtx8z,59cbbbaf-6dcc-47ec-97ed-1794e4b0c8e8,prometheus,Running,True,1,1,0,"{""prometheus"": 0}","{""prometheus"": ""running""}",1,1,1,desktop-control-plane,True,"{""desktop-control-plane"": true}"
2026-09-21T23:42:59.342Z,rabbitmq-5cdf8f76b7-bwghx,0ac06c65-14a9-4bd2-b5d4-7f2a22c1c4a6,rabbitmq,Running,True,1,1,3,"{""rabbitmq"": 3}","{""rabbitmq"": ""running""}",1,1,1,desktop-control-plane,True,"{""desktop-control-plane"": true}"
2026-09-21T23:42:59.342Z,worker-5b55666b44-rqchq,2dd0ad98-71ab-4a3b-b534-291680e82fe2,worker,Running,True,1,1,3,"{""worker"": 3}","{""worker"": ""running""}",1,1,1,desktop-control-plane,True,"{""desktop-control-plane"": true}"
2026-09-21T23:43:04.342Z,api-5b87c4c9d-nfcrm,16a10e06-1c63-4416-be9b-df9e5b73aa2d,api,Running,True,1,1,0,"{""api"": 0}","{""api"": ""running""}",1,1,1,desktop-control-plane,True,"{""desktop-control-plane"": true}"
2026-09-21T23:43:04.342Z,gateway-856744bb66-hzcvr,cc510c63-0609-4870-b9ca-abd3e21ac480,gateway,Running,True,1,1,1,"{""gateway"": 1}","{""gateway"": ""running""}",1,1,1,desktop-control-plane,True,"{""desktop-control-plane"": true}"
2026-09-21T23:43:04.342Z,jaeger-7cc9b664cc-jt9fj,21942cdb-b601-447a-bf38-ba3b861fe91b,jaeger,Running,True,1,1,0,"{""jaeger"": 0}","{""jaeger"": ""running""}",1,1,1,desktop-control-plane,True,"{""desktop-control-plane"": true}"
2026-09-21T23:43:04.342Z,otel-collector-7c765745bf-q69jh,9ea6d084-d3d7-4c16-a0d5-9b1cc10530b3,otel-collector,Running,True,1,1,0,"{""otel-collector"": 0}","{""otel-collector"": ""running""}",1,1,1,desktop-control-plane,True,"{""desktop-control-plane"": true}"
2026-09-21T23:43:04.342Z,postgres-676cc4986c-65g8j,208c1990-5e96-493e-951b-3925c343082b,postgres,Running,True,1,1,0,"{""postgres"": 0}","{""postgres"": ""running""}",1,1,1,desktop-control-plane,True,"{""desktop-control-plane"": true}"
2026-09-21T23:43:04.342Z,prometheus-59f5cf7468-mtx8z,59cbbbaf-6dcc-47ec-97ed-1794e4b0c8e8,prometheus,Running,True,1,1,0,"{""prometheus"": 0}","{""prometheus"": ""running""}",1,1,1,desktop-control-plane,True,"{""desktop-control-plane"": true}"
2026-09-21T23:43:04.342Z,rabbitmq-5cdf8f76b7-bwghx,0ac06c65-14a9-4bd2-b5d4-7f2a22c1c4a6,rabbitmq,Running,True,1,1,3,"{""rabbitmq"": 3}","{""rabbitmq"": ""running""}",1,1,1,desktop-control-plane,True,"{""desktop-control-plane"": true}"
2026-09-21T23:43:04.342Z,worker-5b55666b44-rqchq,2dd0ad98-71ab-4a3b-b534-291680e82fe2,worker,Running,True,1,1,3,"{""worker"": 3}","{""worker"": ""running""}",1,1,1,desktop-control-plane,True,"{""desktop-control-plane"": true}"
2026-09-21T23:43:09.342Z,api-5b87c4c9d-nfcrm,16a10e06-1c63-4416-be9b-df9e5b73aa2d,api,Running,True,1,1,0,"{""api"": 0}","{""api"": ""running""}",1,1,1,desktop-control-plane,True,"{""desktop-control-plane"": true}"
2026-09-21T23:43:09.342Z,gateway-856744bb66-hzcvr,cc510c63-0609-4870-b9ca-abd3e21ac480,gateway,Running,True,1,1,1,"{""gateway"": 1}","{""gateway"": ""running""}",1,1,1,desktop-control-plane,True,"{""desktop-control-plane"": true}"
2026-09-21T23:43:09.342Z,jaeger-7cc9b664cc-jt9fj,21942cdb-b601-447a-bf38-ba3b861fe91b,jaeger,Running,True,1,1,0,"{""jaeger"": 0}","{""jaeger"": ""running""}",1,1,1,desktop-control-plane,True,"{""desktop-control-plane"": true}"
2026-09-21T23:43:09.342Z,otel-collector-7c765745bf-q69jh,9ea6d084-d3d7-4c16-a0d5-9b1cc10530b3,otel-collector,Running,True,1,1,0,"{""otel-collector"": 0}","{""otel-collector"": ""running""}",1,1,1,desktop-control-plane,True,"{""desktop-control-plane"": true}"
2026-09-21T23:43:09.342Z,postgres-676cc4986c-65g8j,208c1990-5e96-493e-951b-3925c343082b,postgres,Running,True,1,1,0,"{""postgres"": 0}","{""postgres"": ""running""}",1,1,1,desktop-control-plane,True,"{""desktop-control-plane"": true}"
2026-09-21T23:43:09.342Z,prometheus-59f5cf7468-mtx8z,59cbbbaf-6dcc-47ec-97ed-1794e4b0c8e8,prometheus,Running,True,1,1,0,"{""prometheus"": 0}","{""prometheus"": ""running""}",1,1,1,desktop-control-plane,True,"{""desktop-control-plane"": true}"
2026-09-21T23:43:09.342Z,rabbitmq-5cdf8f76b7-bwghx,0ac06c65-14a9-4bd2-b5d4-7f2a22c1c4a6,rabbitmq,Running,True,1,1,3,"{""rabbitmq"": 3}","{""rabbitmq"": ""running""}",1,1,1,desktop-control-plane,True,"{""desktop-control-plane"": true}"
2026-09-21T23:43:09.342Z,worker-5b55666b44-rqchq,2dd0ad98-71ab-4a3b-b534-291680e82fe2,worker,Running,True,1,1,3,"{""worker"": 3}","{""worker"": ""running""}",1,1,1,desktop-control-plane,True,"{""desktop-control-plane"": true}"
2026-09-21T23:43:14.343Z,api-5b87c4c9d-nfcrm,16a10e06-1c63-4416-be9b-df9e5b73aa2d,api,Running,True,1,1,0,"{""api"": 0}","{""api"": ""running""}",1,1,1,desktop-control-plane,True,"{""desktop-control-plane"": true}"
2026-09-21T23:43:14.343Z,gateway-856744bb66-hzcvr,cc510c63-0609-4870-b9ca-abd3e21ac480,gateway,Running,True,1,1,1,"{""gateway"": 1}","{""gateway"": ""running""}",1,1,1,desktop-control-plane,True,"{""desktop-control-plane"": true}"
2026-09-21T23:43:14.343Z,jaeger-7cc9b664cc-jt9fj,21942cdb-b601-447a-bf38-ba3b861fe91b,jaeger,Running,True,1,1,0,"{""jaeger"": 0}","{""jaeger"": ""running""}",1,1,1,desktop-control-plane,True,"{""desktop-control-plane"": true}"
2026-09-21T23:43:14.343Z,otel-collector-7c765745bf-q69jh,9ea6d084-d3d7-4c16-a0d5-9b1cc10530b3,otel-collector,Running,True,1,1,0,"{""otel-collector"": 0}","{""otel-collector"": ""running""}",1,1,1,desktop-control-plane,True,"{""desktop-control-plane"": true}"
2026-09-21T23:43:14.343Z,postgres-676cc4986c-65g8j,208c1990-5e96-493e-951b-3925c343082b,postgres,Running,True,1,1,0,"{""postgres"": 0}","{""postgres"": ""running""}",1,1,1,desktop-control-plane,True,"{""desktop-control-plane"": true}"
2026-09-21T23:43:14.343Z,prometheus-59f5cf7468-mtx8z,59cbbbaf-6dcc-47ec-97ed-1794e4b0c8e8,prometheus,Running,True,1,1,0,"{""prometheus"": 0}","{""prometheus"": ""running""}",1,1,1,desktop-control-plane,True,"{""desktop-control-plane"": true}"
2026-09-21T23:43:14.343Z,rabbitmq-5cdf8f76b7-bwghx,0ac06c65-14a9-4bd2-b5d4-7f2a22c1c4a6,rabbitmq,Running,True,1,1,3,"{""rabbitmq"": 3}","{""rabbitmq"": ""running""}",1,1,1,desktop-control-plane,True,"{""desktop-control-plane"": true}"
2026-09-21T23:43:14.343Z,worker-5b55666b44-rqchq,2dd0ad98-71ab-4a3b-b534-291680e82fe2,worker,Running,True,1,1,3,"{""worker"": 3}","{""worker"": ""running""}",1,1,1,desktop-control-plane,True,"{""desktop-control-plane"": true}"
2026-09-21T23:43:19.343Z,api-5b87c4c9d-nfcrm,16a10e06-1c63-4416-be9b-df9e5b73aa2d,api,Running,True,1,1,0,"{""api"": 0}","{""api"": ""running""}",1,1,1,desktop-control-plane,True,"{""desktop-control-plane"": true}"
2026-09-21T23:43:19.343Z,gateway-856744bb66-hzcvr,cc510c63-0609-4870-b9ca-abd3e21ac480,gateway,Running,True,1,1,1,"{""gateway"": 1}","{""gateway"": ""running""}",1,1,1,desktop-control-plane,True,"{""desktop-control-plane"": true}"
2026-09-21T23:43:19.343Z,jaeger-7cc9b664cc-jt9fj,21942cdb-b601-447a-bf38-ba3b861fe91b,jaeger,Running,True,1,1,0,"{""jaeger"": 0}","{""jaeger"": ""running""}",1,1,1,desktop-control-plane,True,"{""desktop-control-plane"": true}"
2026-09-21T23:43:19.343Z,otel-collector-7c765745bf-q69jh,9ea6d084-d3d7-4c16-a0d5-9b1cc10530b3,otel-collector,Running,True,1,1,0,"{""otel-collector"": 0}","{""otel-collector"": ""running""}",1,1,1,desktop-control-plane,True,"{""desktop-control-plane"": true}"
2026-09-21T23:43:19.343Z,postgres-676cc4986c-65g8j,208c1990-5e96-493e-951b-3925c343082b,postgres,Running,True,1,1,0,"{""postgres"": 0}","{""postgres"": ""running""}",1,1,1,desktop-control-plane,True,"{""desktop-control-plane"": true}"
2026-09-21T23:43:19.343Z,prometheus-59f5cf7468-mtx8z,59cbbbaf-6dcc-47ec-97ed-1794e4b0c8e8,prometheus,Running,True,1,1,0,"{""prometheus"": 0}","{""prometheus"": ""running""}",1,1,1,desktop-control-plane,True,"{""desktop-control-plane"": true}"
2026-09-21T23:43:19.343Z,rabbitmq-5cdf8f76b7-bwghx,0ac06c65-14a9-4bd2-b5d4-7f2a22c1c4a6,rabbitmq,Running,True,1,1,3,"{""rabbitmq"": 3}","{""rabbitmq"": ""running""}",1,1,1,desktop-control-plane,True,"{""desktop-control-plane"": true}"
2026-09-21T23:43:19.343Z,worker-5b55666b44-rqchq,2dd0ad98-71ab-4a3b-b534-291680e82fe2,worker,Running,True,1,1,3,"{""worker"": 3}","{""worker"": ""running""}",1,1,1,desktop-control-plane,True,"{""desktop-control-plane"": true}"
2026-09-21T23:43:24.344Z,api-5b87c4c9d-nfcrm,16a10e06-1c63-4416-be9b-df9e5b73aa2d,api,Running,True,1,1,0,"{""api"": 0}","{""api"": ""running""}",1,1,1,desktop-control-plane,True,"{""desktop-control-plane"": true}"
2026-09-21T23:43:24.344Z,gateway-856744bb66-hzcvr,cc510c63-0609-4870-b9ca-abd3e21ac480,gateway,Running,True,1,1,1,"{""gateway"": 1}","{""gateway"": ""running""}",1,1,1,desktop-control-plane,True,"{""desktop-control-plane"": true}"
2026-09-21T23:43:24.344Z,jaeger-7cc9b664cc-jt9fj,21942cdb-b601-447a-bf38-ba3b861fe91b,jaeger,Running,True,1,1,0,"{""jaeger"": 0}","{""jaeger"": ""running""}",1,1,1,desktop-control-plane,True,"{""desktop-control-plane"": true}"
2026-09-21T23:43:24.344Z,otel-collector-7c765745bf-q69jh,9ea6d084-d3d7-4c16-a0d5-9b1cc10530b3,otel-collector,Running,True,1,1,0,"{""otel-collector"": 0}","{""otel-collector"": ""running""}",1,1,1,desktop-control-plane,True,"{""desktop-control-plane"": true}"
2026-09-21T23:43:24.344Z,postgres-676cc4986c-65g8j,208c1990-5e96-493e-951b-3925c343082b,postgres,Running,True,1,1,0,"{""postgres"": 0}","{""postgres"": ""running""}",1,1,1,desktop-control-plane,True,"{""desktop-control-plane"": true}"
2026-09-21T23:43:24.344Z,prometheus-59f5cf7468-mtx8z,59cbbbaf-6dcc-47ec-97ed-1794e4b0c8e8,prometheus,Running,True,1,1,0,"{""prometheus"": 0}","{""prometheus"": ""running""}",1,1,1,desktop-control-plane,True,"{""desktop-control-plane"": true}"
2026-09-21T23:43:24.344Z,rabbitmq-5cdf8f76b7-bwghx,0ac06c65-14a9-4bd2-b5d4-7f2a22c1c4a6,rabbitmq,Running,True,1,1,3,"{""rabbitmq"": 3}","{""rabbitmq"": ""running""}",1,1,1,desktop-control-plane,True,"{""desktop-control-plane"": true}"
2026-09-21T23:43:24.344Z,worker-5b55666b44-rqchq,2dd0ad98-71ab-4a3b-b534-291680e82fe2,worker,Running,True,1,1,3,"{""worker"": 3}","{""worker"": ""running""}",1,1,1,desktop-control-plane,True,"{""desktop-control-plane"": true}"
2026-09-21T23:43:29.344Z,api-5b87c4c9d-nfcrm,16a10e06-1c63-4416-be9b-df9e5b73aa2d,api,Running,True,1,1,0,"{""api"": 0}","{""api"": ""running""}",1,1,1,desktop-control-plane,True,"{""desktop-control-plane"": true}"
2026-09-21T23:43:29.344Z,gateway-856744bb66-hzcvr,cc510c63-0609-4870-b9ca-abd3e21ac480,gateway,Running,True,1,1,1,"{""gateway"": 1}","{""gateway"": ""running""}",1,1,1,desktop-control-plane,True,"{""desktop-control-plane"": true}"
2026-09-21T23:43:29.344Z,jaeger-7cc9b664cc-jt9fj,21942cdb-b601-447a-bf38-ba3b861fe91b,jaeger,Running,True,1,1,0,"{""jaeger"": 0}","{""jaeger"": ""running""}",1,1,1,desktop-control-plane,True,"{""desktop-control-plane"": true}"
2026-09-21T23:43:29.344Z,otel-collector-7c765745bf-q69jh,9ea6d084-d3d7-4c16-a0d5-9b1cc10530b3,otel-collector,Running,True,1,1,0,"{""otel-collector"": 0}","{""otel-collector"": ""running""}",1,1,1,desktop-control-plane,True,"{""desktop-control-plane"": true}"
2026-09-21T23:43:29.344Z,postgres-676cc4986c-65g8j,208c1990-5e96-493e-951b-3925c343082b,postgres,Running,True,1,1,0,"{""postgres"": 0}","{""postgres"": ""running""}",1,1,1,desktop-control-plane,True,"{""desktop-control-plane"": true}"
2026-09-21T23:43:29.344Z,prometheus-59f5cf7468-mtx8z,59cbbbaf-6dcc-47ec-97ed-1794e4b0c8e8,prometheus,Running,True,1,1,0,"{""prometheus"": 0}","{""prometheus"": ""running""}",1,1,1,desktop-control-plane,True,"{""desktop-control-plane"": true}"
2026-09-21T23:43:29.344Z,rabbitmq-5cdf8f76b7-bwghx,0ac06c65-14a9-4bd2-b5d4-7f2a22c1c4a6,rabbitmq,Running,True,1,1,3,"{""rabbitmq"": 3}","{""rabbitmq"": ""running""}",1,1,1,desktop-control-plane,True,"{""desktop-control-plane"": true}"
2026-09-21T23:43:29.344Z,worker-5b55666b44-rqchq,2dd0ad98-71ab-4a3b-b534-291680e82fe2,worker,Running,True,1,1,3,"{""worker"": 3}","{""worker"": ""running""}",1,1,1,desktop-control-plane,True,"{""desktop-control-plane"": true}"
2026-09-21T23:43:34.344Z,api-5b87c4c9d-nfcrm,16a10e06-1c63-4416-be9b-df9e5b73aa2d,api,Running,True,1,1,0,"{""api"": 0}","{""api"": ""running""}",1,1,1,desktop-control-plane,True,"{""desktop-control-plane"": true}"
2026-09-21T23:43:34.344Z,gateway-856744bb66-hzcvr,cc510c63-0609-4870-b9ca-abd3e21ac480,gateway,Running,True,1,1,1,"{""gateway"": 1}","{""gateway"": ""running""}",1,1,1,desktop-control-plane,True,"{""desktop-control-plane"": true}"
2026-09-21T23:43:34.344Z,jaeger-7cc9b664cc-jt9fj,21942cdb-b601-447a-bf38-ba3b861fe91b,jaeger,Running,True,1,1,0,"{""jaeger"": 0}","{""jaeger"": ""running""}",1,1,1,desktop-control-plane,True,"{""desktop-control-plane"": true}"
2026-09-21T23:43:34.344Z,k6-c4-run-1-gj295,8e7fe997-be2a-4f8b-b740-9159de429774,k6,Running,True,1,1,0,"{""k6"": 0}","{""k6"": ""running""}",1,1,1,desktop-control-plane,True,"{""desktop-control-plane"": true}"
2026-09-21T23:43:34.344Z,otel-collector-7c765745bf-q69jh,9ea6d084-d3d7-4c16-a0d5-9b1cc10530b3,otel-collector,Running,True,1,1,0,"{""otel-collector"": 0}","{""otel-collector"": ""running""}",1,1,1,desktop-control-plane,True,"{""desktop-control-plane"": true}"
2026-09-21T23:43:34.344Z,postgres-676cc4986c-65g8j,208c1990-5e96-493e-951b-3925c343082b,postgres,Running,True,1,1,0,"{""postgres"": 0}","{""postgres"": ""running""}",1,1,1,desktop-control-plane,True,"{""desktop-control-plane"": true}"
2026-09-21T23:43:34.344Z,prometheus-59f5cf7468-mtx8z,59cbbbaf-6dcc-47ec-97ed-1794e4b0c8e8,prometheus,Running,True,1,1,0,"{""prometheus"": 0}","{""prometheus"": ""running""}",1,1,1,desktop-control-plane,True,"{""desktop-control-plane"": true}"
2026-09-21T23:43:34.344Z,rabbitmq-5cdf8f76b7-bwghx,0ac06c65-14a9-4bd2-b5d4-7f2a22c1c4a6,rabbitmq,Running,True,1,1,3,"{""rabbitmq"": 3}","{""rabbitmq"": ""running""}",1,1,1,desktop-control-plane,True,"{""desktop-control-plane"": true}"
2026-09-21T23:43:34.344Z,worker-5b55666b44-rqchq,2dd0ad98-71ab-4a3b-b534-291680e82fe2,worker,Running,True,1,1,3,"{""worker"": 3}","{""worker"": ""running""}",1,1,1,desktop-control-plane,True,"{""desktop-control-plane"": true}"
2026-09-21T23:43:39.344Z,api-5b87c4c9d-nfcrm,16a10e06-1c63-4416-be9b-df9e5b73aa2d,api,Running,True,1,1,0,"{""api"": 0}","{""api"": ""running""}",1,1,1,desktop-control-plane,True,"{""desktop-control-plane"": true}"
2026-09-21T23:43:39.344Z,gateway-856744bb66-hzcvr,cc510c63-0609-4870-b9ca-abd3e21ac480,gateway,Running,True,1,1,1,"{""gateway"": 1}","{""gateway"": ""running""}",1,1,1,desktop-control-plane,True,"{""desktop-control-plane"": true}"
2026-09-21T23:43:39.344Z,jaeger-7cc9b664cc-jt9fj,21942cdb-b601-447a-bf38-ba3b861fe91b,jaeger,Running,True,1,1,0,"{""jaeger"": 0}","{""jaeger"": ""running""}",1,1,1,desktop-control-plane,True,"{""desktop-control-plane"": true}"
2026-09-21T23:43:39.344Z,k6-c4-run-1-gj295,8e7fe997-be2a-4f8b-b740-9159de429774,k6,Running,True,1,1,0,"{""k6"": 0}","{""k6"": ""running""}",1,1,1,desktop-control-plane,True,"{""desktop-control-plane"": true}"
2026-09-21T23:43:39.344Z,otel-collector-7c765745bf-q69jh,9ea6d084-d3d7-4c16-a0d5-9b1cc10530b3,otel-collector,Running,True,1,1,0,"{""otel-collector"": 0}","{""otel-collector"": ""running""}",1,1,1,desktop-control-plane,True,"{""desktop-control-plane"": true}"
2026-09-21T23:43:39.344Z,postgres-676cc4986c-65g8j,208c1990-5e96-493e-951b-3925c343082b,postgres,Running,True,1,1,0,"{""postgres"": 0}","{""postgres"": ""running""}",1,1,1,desktop-control-plane,True,"{""desktop-control-plane"": true}"
2026-09-21T23:43:39.344Z,prometheus-59f5cf7468-mtx8z,59cbbbaf-6dcc-47ec-97ed-1794e4b0c8e8,prometheus,Running,True,1,1,0,"{""prometheus"": 0}","{""prometheus"": ""running""}",1,1,1,desktop-control-plane,True,"{""desktop-control-plane"": true}"
2026-09-21T23:43:39.344Z,rabbitmq-5cdf8f76b7-bwghx,0ac06c65-14a9-4bd2-b5d4-7f2a22c1c4a6,rabbitmq,Running,True,1,1,3,"{""rabbitmq"": 3}","{""rabbitmq"": ""running""}",1,1,1,desktop-control-plane,True,"{""desktop-control-plane"": true}"
2026-09-21T23:43:39.344Z,worker-5b55666b44-rqchq,2dd0ad98-71ab-4a3b-b534-291680e82fe2,worker,Running,True,1,1,3,"{""worker"": 3}","{""worker"": ""running""}",1,1,1,desktop-control-plane,True,"{""desktop-control-plane"": true}"
2026-09-21T23:43:44.345Z,api-5b87c4c9d-nfcrm,16a10e06-1c63-4416-be9b-df9e5b73aa2d,api,Running,True,1,1,0,"{""api"": 0}","{""api"": ""running""}",1,1,1,desktop-control-plane,True,"{""desktop-control-plane"": true}"
2026-09-21T23:43:44.345Z,gateway-856744bb66-hzcvr,cc510c63-0609-4870-b9ca-abd3e21ac480,gateway,Running,True,1,1,1,"{""gateway"": 1}","{""gateway"": ""running""}",1,1,1,desktop-control-plane,True,"{""desktop-control-plane"": true}"
2026-09-21T23:43:44.345Z,jaeger-7cc9b664cc-jt9fj,21942cdb-b601-447a-bf38-ba3b861fe91b,jaeger,Running,True,1,1,0,"{""jaeger"": 0}","{""jaeger"": ""running""}",1,1,1,desktop-control-plane,True,"{""desktop-control-plane"": true}"
2026-09-21T23:43:44.345Z,k6-c4-run-1-gj295,8e7fe997-be2a-4f8b-b740-9159de429774,k6,Running,True,1,1,0,"{""k6"": 0}","{""k6"": ""running""}",1,1,1,desktop-control-plane,True,"{""desktop-control-plane"": true}"
2026-09-21T23:43:44.345Z,otel-collector-7c765745bf-q69jh,9ea6d084-d3d7-4c16-a0d5-9b1cc10530b3,otel-collector,Running,True,1,1,0,"{""otel-collector"": 0}","{""otel-collector"": ""running""}",1,1,1,desktop-control-plane,True,"{""desktop-control-plane"": true}"
2026-09-21T23:43:44.345Z,postgres-676cc4986c-65g8j,208c1990-5e96-493e-951b-3925c343082b,postgres,Running,True,1,1,0,"{""postgres"": 0}","{""postgres"": ""running""}",1,1,1,desktop-control-plane,True,"{""desktop-control-plane"": true}"
2026-09-21T23:43:44.345Z,prometheus-59f5cf7468-mtx8z,59cbbbaf-6dcc-47ec-97ed-1794e4b0c8e8,prometheus,Running,True,1,1,0,"{""prometheus"": 0}","{""prometheus"": ""running""}",1,1,1,desktop-control-plane,True,"{""desktop-control-plane"": true}"
2026-09-21T23:43:44.345Z,rabbitmq-5cdf8f76b7-bwghx,0ac06c65-14a9-4bd2-b5d4-7f2a22c1c4a6,rabbitmq,Running,True,1,1,3,"{""rabbitmq"": 3}","{""rabbitmq"": ""running""}",1,1,1,desktop-control-plane,True,"{""desktop-control-plane"": true}"
2026-09-21T23:43:44.345Z,worker-5b55666b44-rqchq,2dd0ad98-71ab-4a3b-b534-291680e82fe2,worker,Running,True,1,1,3,"{""worker"": 3}","{""worker"": ""running""}",1,1,1,desktop-control-plane,True,"{""desktop-control-plane"": true}"
2026-09-21T23:43:49.345Z,api-5b87c4c9d-nfcrm,16a10e06-1c63-4416-be9b-df9e5b73aa2d,api,Running,True,1,1,0,"{""api"": 0}","{""api"": ""running""}",1,1,1,desktop-control-plane,True,"{""desktop-control-plane"": true}"
2026-09-21T23:43:49.345Z,gateway-856744bb66-hzcvr,cc510c63-0609-4870-b9ca-abd3e21ac480,gateway,Running,True,1,1,1,"{""gateway"": 1}","{""gateway"": ""running""}",1,1,1,desktop-control-plane,True,"{""desktop-control-plane"": true}"
2026-09-21T23:43:49.345Z,jaeger-7cc9b664cc-jt9fj,21942cdb-b601-447a-bf38-ba3b861fe91b,jaeger,Running,True,1,1,0,"{""jaeger"": 0}","{""jaeger"": ""running""}",1,1,1,desktop-control-plane,True,"{""desktop-control-plane"": true}"
2026-09-21T23:43:49.345Z,k6-c4-run-1-gj295,8e7fe997-be2a-4f8b-b740-9159de429774,k6,Running,True,1,1,0,"{""k6"": 0}","{""k6"": ""running""}",1,1,1,desktop-control-plane,True,"{""desktop-control-plane"": true}"
2026-09-21T23:43:49.345Z,otel-collector-7c765745bf-q69jh,9ea6d084-d3d7-4c16-a0d5-9b1cc10530b3,otel-collector,Running,True,1,1,0,"{""otel-collector"": 0}","{""otel-collector"": ""running""}",1,1,1,desktop-control-plane,True,"{""desktop-control-plane"": true}"
2026-09-21T23:43:49.345Z,postgres-676cc4986c-65g8j,208c1990-5e96-493e-951b-3925c343082b,postgres,Running,True,1,1,0,"{""postgres"": 0}","{""postgres"": ""running""}",1,1,1,desktop-control-plane,True,"{""desktop-control-plane"": true}"
2026-09-21T23:43:49.345Z,prometheus-59f5cf7468-mtx8z,59cbbbaf-6dcc-47ec-97ed-1794e4b0c8e8,prometheus,Running,True,1,1,0,"{""prometheus"": 0}","{""prometheus"": ""running""}",1,1,1,desktop-control-plane,True,"{""desktop-control-plane"": true}"
2026-09-21T23:43:49.345Z,rabbitmq-5cdf8f76b7-bwghx,0ac06c65-14a9-4bd2-b5d4-7f2a22c1c4a6,rabbitmq,Running,True,1,1,3,"{""rabbitmq"": 3}","{""rabbitmq"": ""running""}",1,1,1,desktop-control-plane,True,"{""desktop-control-plane"": true}"
2026-09-21T23:43:49.345Z,worker-5b55666b44-rqchq,2dd0ad98-71ab-4a3b-b534-291680e82fe2,worker,Running,True,1,1,3,"{""worker"": 3}","{""worker"": ""running""}",1,1,1,desktop-control-plane,True,"{""desktop-control-plane"": true}"
2026-09-21T23:43:54.345Z,api-5b87c4c9d-nfcrm,16a10e06-1c63-4416-be9b-df9e5b73aa2d,api,Running,True,1,1,0,"{""api"": 0}","{""api"": ""running""}",1,1,1,desktop-control-plane,True,"{""desktop-control-plane"": true}"
2026-09-21T23:43:54.345Z,gateway-856744bb66-hzcvr,cc510c63-0609-4870-b9ca-abd3e21ac480,gateway,Running,True,1,1,1,"{""gateway"": 1}","{""gateway"": ""running""}",1,1,1,desktop-control-plane,True,"{""desktop-control-plane"": true}"
2026-09-21T23:43:54.345Z,jaeger-7cc9b664cc-jt9fj,21942cdb-b601-447a-bf38-ba3b861fe91b,jaeger,Running,True,1,1,0,"{""jaeger"": 0}","{""jaeger"": ""running""}",1,1,1,desktop-control-plane,True,"{""desktop-control-plane"": true}"
2026-09-21T23:43:54.345Z,k6-c4-run-1-gj295,8e7fe997-be2a-4f8b-b740-9159de429774,k6,Running,True,1,1,0,"{""k6"": 0}","{""k6"": ""running""}",1,1,1,desktop-control-plane,True,"{""desktop-control-plane"": true}"
2026-09-21T23:43:54.345Z,otel-collector-7c765745bf-q69jh,9ea6d084-d3d7-4c16-a0d5-9b1cc10530b3,otel-collector,Running,True,1,1,0,"{""otel-collector"": 0}","{""otel-collector"": ""running""}",1,1,1,desktop-control-plane,True,"{""desktop-control-plane"": true}"
2026-09-21T23:43:54.345Z,postgres-676cc4986c-65g8j,208c1990-5e96-493e-951b-3925c343082b,postgres,Running,True,1,1,0,"{""postgres"": 0}","{""postgres"": ""running""}",1,1,1,desktop-control-plane,True,"{""desktop-control-plane"": true}"
2026-09-21T23:43:54.345Z,prometheus-59f5cf7468-mtx8z,59cbbbaf-6dcc-47ec-97ed-1794e4b0c8e8,prometheus,Running,True,1,1,0,"{""prometheus"": 0}","{""prometheus"": ""running""}",1,1,1,desktop-control-plane,True,"{""desktop-control-plane"": true}"
2026-09-21T23:43:54.345Z,rabbitmq-5cdf8f76b7-bwghx,0ac06c65-14a9-4bd2-b5d4-7f2a22c1c4a6,rabbitmq,Running,True,1,1,3,"{""rabbitmq"": 3}","{""rabbitmq"": ""running""}",1,1,1,desktop-control-plane,True,"{""desktop-control-plane"": true}"
2026-09-21T23:43:54.345Z,worker-5b55666b44-rqchq,2dd0ad98-71ab-4a3b-b534-291680e82fe2,worker,Running,True,1,1,3,"{""worker"": 3}","{""worker"": ""running""}",1,1,1,desktop-control-plane,True,"{""desktop-control-plane"": true}"
2026-09-21T23:43:59.345Z,api-5b87c4c9d-nfcrm,16a10e06-1c63-4416-be9b-df9e5b73aa2d,api,Running,True,1,1,0,"{""api"": 0}","{""api"": ""running""}",1,1,1,desktop-control-plane,True,"{""desktop-control-plane"": true}"
2026-09-21T23:43:59.345Z,gateway-856744bb66-hzcvr,cc510c63-0609-4870-b9ca-abd3e21ac480,gateway,Running,True,1,1,1,"{""gateway"": 1}","{""gateway"": ""running""}",1,1,1,desktop-control-plane,True,"{""desktop-control-plane"": true}"
2026-09-21T23:43:59.345Z,jaeger-7cc9b664cc-jt9fj,21942cdb-b601-447a-bf38-ba3b861fe91b,jaeger,Running,True,1,1,0,"{""jaeger"": 0}","{""jaeger"": ""running""}",1,1,1,desktop-control-plane,True,"{""desktop-control-plane"": true}"
2026-09-21T23:43:59.345Z,k6-c4-run-1-gj295,8e7fe997-be2a-4f8b-b740-9159de429774,k6,Running,True,1,1,0,"{""k6"": 0}","{""k6"": ""running""}",1,1,1,desktop-control-plane,True,"{""desktop-control-plane"": true}"
2026-09-21T23:43:59.345Z,otel-collector-7c765745bf-q69jh,9ea6d084-d3d7-4c16-a0d5-9b1cc10530b3,otel-collector,Running,True,1,1,0,"{""otel-collector"": 0}","{""otel-collector"": ""running""}",1,1,1,desktop-control-plane,True,"{""desktop-control-plane"": true}"
2026-09-21T23:43:59.345Z,postgres-676cc4986c-65g8j,208c1990-5e96-493e-951b-3925c343082b,postgres,Running,True,1,1,0,"{""postgres"": 0}","{""postgres"": ""running""}",1,1,1,desktop-control-plane,True,"{""desktop-control-plane"": true}"
2026-09-21T23:43:59.345Z,prometheus-59f5cf7468-mtx8z,59cbbbaf-6dcc-47ec-97ed-1794e4b0c8e8,prometheus,Running,True,1,1,0,"{""prometheus"": 0}","{""prometheus"": ""running""}",1,1,1,desktop-control-plane,True,"{""desktop-control-plane"": true}"
2026-09-21T23:43:59.345Z,rabbitmq-5cdf8f76b7-bwghx,0ac06c65-14a9-4bd2-b5d4-7f2a22c1c4a6,rabbitmq,Running,True,1,1,3,"{""rabbitmq"": 3}","{""rabbitmq"": ""running""}",1,1,1,desktop-control-plane,True,"{""desktop-control-plane"": true}"
2026-09-21T23:43:59.345Z,worker-5b55666b44-rqchq,2dd0ad98-71ab-4a3b-b534-291680e82fe2,worker,Running,True,1,1,3,"{""worker"": 3}","{""worker"": ""running""}",1,1,1,desktop-control-plane,True,"{""desktop-control-plane"": true}"
2026-09-21T23:44:04.346Z,api-5b87c4c9d-nfcrm,16a10e06-1c63-4416-be9b-df9e5b73aa2d,api,Running,True,1,1,0,"{""api"": 0}","{""api"": ""running""}",1,1,1,desktop-control-plane,True,"{""desktop-control-plane"": true}"
2026-09-21T23:44:04.346Z,gateway-856744bb66-hzcvr,cc510c63-0609-4870-b9ca-abd3e21ac480,gateway,Running,True,1,1,1,"{""gateway"": 1}","{""gateway"": ""running""}",1,1,1,desktop-control-plane,True,"{""desktop-control-plane"": true}"
2026-09-21T23:44:04.346Z,jaeger-7cc9b664cc-jt9fj,21942cdb-b601-447a-bf38-ba3b861fe91b,jaeger,Running,True,1,1,0,"{""jaeger"": 0}","{""jaeger"": ""running""}",1,1,1,desktop-control-plane,True,"{""desktop-control-plane"": true}"
2026-09-21T23:44:04.346Z,k6-c4-run-1-gj295,8e7fe997-be2a-4f8b-b740-9159de429774,k6,Running,True,1,1,0,"{""k6"": 0}","{""k6"": ""running""}",1,1,1,desktop-control-plane,True,"{""desktop-control-plane"": true}"
2026-09-21T23:44:04.346Z,otel-collector-7c765745bf-q69jh,9ea6d084-d3d7-4c16-a0d5-9b1cc10530b3,otel-collector,Running,True,1,1,0,"{""otel-collector"": 0}","{""otel-collector"": ""running""}",1,1,1,desktop-control-plane,True,"{""desktop-control-plane"": true}"
2026-09-21T23:44:04.346Z,postgres-676cc4986c-65g8j,208c1990-5e96-493e-951b-3925c343082b,postgres,Running,True,1,1,0,"{""postgres"": 0}","{""postgres"": ""running""}",1,1,1,desktop-control-plane,True,"{""desktop-control-plane"": true}"
2026-09-21T23:44:04.346Z,prometheus-59f5cf7468-mtx8z,59cbbbaf-6dcc-47ec-97ed-1794e4b0c8e8,prometheus,Running,True,1,1,0,"{""prometheus"": 0}","{""prometheus"": ""running""}",1,1,1,desktop-control-plane,True,"{""desktop-control-plane"": true}"
2026-09-21T23:44:04.346Z,rabbitmq-5cdf8f76b7-bwghx,0ac06c65-14a9-4bd2-b5d4-7f2a22c1c4a6,rabbitmq,Running,True,1,1,3,"{""rabbitmq"": 3}","{""rabbitmq"": ""running""}",1,1,1,desktop-control-plane,True,"{""desktop-control-plane"": true}"
2026-09-21T23:44:04.346Z,worker-5b55666b44-rqchq,2dd0ad98-71ab-4a3b-b534-291680e82fe2,worker,Running,True,1,1,3,"{""worker"": 3}","{""worker"": ""running""}",1,1,1,desktop-control-plane,True,"{""desktop-control-plane"": true}"
2026-09-21T23:44:09.346Z,api-5b87c4c9d-644vx,4eb5e333-2c24-4f54-bc63-4cc555c7c170,api,Pending,False,0,1,0,"{""api"": 0}","{""api"": ""waiting""}",3,1,1,desktop-control-plane,True,"{""desktop-control-plane"": true}"
2026-09-21T23:44:09.346Z,api-5b87c4c9d-nfcrm,16a10e06-1c63-4416-be9b-df9e5b73aa2d,api,Running,True,1,1,0,"{""api"": 0}","{""api"": ""running""}",3,1,1,desktop-control-plane,True,"{""desktop-control-plane"": true}"
2026-09-21T23:44:09.346Z,api-5b87c4c9d-ngspb,ae2ab9e7-8f01-4ec7-8d1e-7ac88096a1c9,api,Pending,False,0,1,0,"{""api"": 0}","{""api"": ""waiting""}",3,1,1,desktop-control-plane,True,"{""desktop-control-plane"": true}"
2026-09-21T23:44:09.346Z,gateway-856744bb66-hzcvr,cc510c63-0609-4870-b9ca-abd3e21ac480,gateway,Running,True,1,1,1,"{""gateway"": 1}","{""gateway"": ""running""}",3,1,1,desktop-control-plane,True,"{""desktop-control-plane"": true}"
2026-09-21T23:44:09.346Z,jaeger-7cc9b664cc-jt9fj,21942cdb-b601-447a-bf38-ba3b861fe91b,jaeger,Running,True,1,1,0,"{""jaeger"": 0}","{""jaeger"": ""running""}",3,1,1,desktop-control-plane,True,"{""desktop-control-plane"": true}"
2026-09-21T23:44:09.346Z,k6-c4-run-1-gj295,8e7fe997-be2a-4f8b-b740-9159de429774,k6,Running,True,1,1,0,"{""k6"": 0}","{""k6"": ""running""}",3,1,1,desktop-control-plane,True,"{""desktop-control-plane"": true}"
2026-09-21T23:44:09.346Z,otel-collector-7c765745bf-q69jh,9ea6d084-d3d7-4c16-a0d5-9b1cc10530b3,otel-collector,Running,True,1,1,0,"{""otel-collector"": 0}","{""otel-collector"": ""running""}",3,1,1,desktop-control-plane,True,"{""desktop-control-plane"": true}"
2026-09-21T23:44:09.346Z,postgres-676cc4986c-65g8j,208c1990-5e96-493e-951b-3925c343082b,postgres,Running,True,1,1,0,"{""postgres"": 0}","{""postgres"": ""running""}",3,1,1,desktop-control-plane,True,"{""desktop-control-plane"": true}"
2026-09-21T23:44:09.346Z,prometheus-59f5cf7468-mtx8z,59cbbbaf-6dcc-47ec-97ed-1794e4b0c8e8,prometheus,Running,True,1,1,0,"{""prometheus"": 0}","{""prometheus"": ""running""}",3,1,1,desktop-control-plane,True,"{""desktop-control-plane"": true}"
2026-09-21T23:44:09.346Z,rabbitmq-5cdf8f76b7-bwghx,0ac06c65-14a9-4bd2-b5d4-7f2a22c1c4a6,rabbitmq,Running,True,1,1,3,"{""rabbitmq"": 3}","{""rabbitmq"": ""running""}",3,1,1,desktop-control-plane,True,"{""desktop-control-plane"": true}"
2026-09-21T23:44:09.346Z,worker-5b55666b44-rqchq,2dd0ad98-71ab-4a3b-b534-291680e82fe2,worker,Running,True,1,1,3,"{""worker"": 3}","{""worker"": ""running""}",3,1,1,desktop-control-plane,True,"{""desktop-control-plane"": true}"
2026-09-21T23:44:14.347Z,api-5b87c4c9d-644vx,4eb5e333-2c24-4f54-bc63-4cc555c7c170,api,Running,False,0,1,0,"{""api"": 0}","{""api"": ""running""}",3,1,1,desktop-control-plane,True,"{""desktop-control-plane"": true}"
2026-09-21T23:44:14.347Z,api-5b87c4c9d-nfcrm,16a10e06-1c63-4416-be9b-df9e5b73aa2d,api,Running,True,1,1,0,"{""api"": 0}","{""api"": ""running""}",3,1,1,desktop-control-plane,True,"{""desktop-control-plane"": true}"
2026-09-21T23:44:14.347Z,api-5b87c4c9d-ngspb,ae2ab9e7-8f01-4ec7-8d1e-7ac88096a1c9,api,Running,False,0,1,0,"{""api"": 0}","{""api"": ""running""}",3,1,1,desktop-control-plane,True,"{""desktop-control-plane"": true}"
2026-09-21T23:44:14.347Z,gateway-856744bb66-hzcvr,cc510c63-0609-4870-b9ca-abd3e21ac480,gateway,Running,True,1,1,1,"{""gateway"": 1}","{""gateway"": ""running""}",3,1,1,desktop-control-plane,True,"{""desktop-control-plane"": true}"
2026-09-21T23:44:14.347Z,jaeger-7cc9b664cc-jt9fj,21942cdb-b601-447a-bf38-ba3b861fe91b,jaeger,Running,True,1,1,0,"{""jaeger"": 0}","{""jaeger"": ""running""}",3,1,1,desktop-control-plane,True,"{""desktop-control-plane"": true}"
2026-09-21T23:44:14.347Z,k6-c4-run-1-gj295,8e7fe997-be2a-4f8b-b740-9159de429774,k6,Running,True,1,1,0,"{""k6"": 0}","{""k6"": ""running""}",3,1,1,desktop-control-plane,True,"{""desktop-control-plane"": true}"
2026-09-21T23:44:14.347Z,otel-collector-7c765745bf-q69jh,9ea6d084-d3d7-4c16-a0d5-9b1cc10530b3,otel-collector,Running,True,1,1,0,"{""otel-collector"": 0}","{""otel-collector"": ""running""}",3,1,1,desktop-control-plane,True,"{""desktop-control-plane"": true}"
2026-09-21T23:44:14.347Z,postgres-676cc4986c-65g8j,208c1990-5e96-493e-951b-3925c343082b,postgres,Running,True,1,1,0,"{""postgres"": 0}","{""postgres"": ""running""}",3,1,1,desktop-control-plane,True,"{""desktop-control-plane"": true}"
2026-09-21T23:44:14.347Z,prometheus-59f5cf7468-mtx8z,59cbbbaf-6dcc-47ec-97ed-1794e4b0c8e8,prometheus,Running,True,1,1,0,"{""prometheus"": 0}","{""prometheus"": ""running""}",3,1,1,desktop-control-plane,True,"{""desktop-control-plane"": true}"
2026-09-21T23:44:14.347Z,rabbitmq-5cdf8f76b7-bwghx,0ac06c65-14a9-4bd2-b5d4-7f2a22c1c4a6,rabbitmq,Running,True,1,1,3,"{""rabbitmq"": 3}","{""rabbitmq"": ""running""}",3,1,1,desktop-control-plane,True,"{""desktop-control-plane"": true}"
2026-09-21T23:44:14.347Z,worker-5b55666b44-rqchq,2dd0ad98-71ab-4a3b-b534-291680e82fe2,worker,Running,True,1,1,3,"{""worker"": 3}","{""worker"": ""running""}",3,1,1,desktop-control-plane,True,"{""desktop-control-plane"": true}"
2026-09-21T23:44:19.347Z,api-5b87c4c9d-644vx,4eb5e333-2c24-4f54-bc63-4cc555c7c170,api,Running,False,0,1,0,"{""api"": 0}","{""api"": ""running""}",3,1,1,desktop-control-plane,True,"{""desktop-control-plane"": true}"
2026-09-21T23:44:19.347Z,api-5b87c4c9d-nfcrm,16a10e06-1c63-4416-be9b-df9e5b73aa2d,api,Running,True,1,1,0,"{""api"": 0}","{""api"": ""running""}",3,1,1,desktop-control-plane,True,"{""desktop-control-plane"": true}"
2026-09-21T23:44:19.347Z,api-5b87c4c9d-ngspb,ae2ab9e7-8f01-4ec7-8d1e-7ac88096a1c9,api,Running,False,0,1,0,"{""api"": 0}","{""api"": ""running""}",3,1,1,desktop-control-plane,True,"{""desktop-control-plane"": true}"
2026-09-21T23:44:19.347Z,gateway-856744bb66-hzcvr,cc510c63-0609-4870-b9ca-abd3e21ac480,gateway,Running,True,1,1,1,"{""gateway"": 1}","{""gateway"": ""running""}",3,1,1,desktop-control-plane,True,"{""desktop-control-plane"": true}"
2026-09-21T23:44:19.347Z,jaeger-7cc9b664cc-jt9fj,21942cdb-b601-447a-bf38-ba3b861fe91b,jaeger,Running,True,1,1,0,"{""jaeger"": 0}","{""jaeger"": ""running""}",3,1,1,desktop-control-plane,True,"{""desktop-control-plane"": true}"
2026-09-21T23:44:19.347Z,k6-c4-run-1-gj295,8e7fe997-be2a-4f8b-b740-9159de429774,k6,Running,True,1,1,0,"{""k6"": 0}","{""k6"": ""running""}",3,1,1,desktop-control-plane,True,"{""desktop-control-plane"": true}"
2026-09-21T23:44:19.347Z,otel-collector-7c765745bf-q69jh,9ea6d084-d3d7-4c16-a0d5-9b1cc10530b3,otel-collector,Running,True,1,1,0,"{""otel-collector"": 0}","{""otel-collector"": ""running""}",3,1,1,desktop-control-plane,True,"{""desktop-control-plane"": true}"
2026-09-21T23:44:19.347Z,postgres-676cc4986c-65g8j,208c1990-5e96-493e-951b-3925c343082b,postgres,Running,True,1,1,0,"{""postgres"": 0}","{""postgres"": ""running""}",3,1,1,desktop-control-plane,True,"{""desktop-control-plane"": true}"
2026-09-21T23:44:19.347Z,prometheus-59f5cf7468-mtx8z,59cbbbaf-6dcc-47ec-97ed-1794e4b0c8e8,prometheus,Running,True,1,1,0,"{""prometheus"": 0}","{""prometheus"": ""running""}",3,1,1,desktop-control-plane,True,"{""desktop-control-plane"": true}"
2026-09-21T23:44:19.347Z,rabbitmq-5cdf8f76b7-bwghx,0ac06c65-14a9-4bd2-b5d4-7f2a22c1c4a6,rabbitmq,Running,True,1,1,3,"{""rabbitmq"": 3}","{""rabbitmq"": ""running""}",3,1,1,desktop-control-plane,True,"{""desktop-control-plane"": true}"
2026-09-21T23:44:19.347Z,worker-5b55666b44-rqchq,2dd0ad98-71ab-4a3b-b534-291680e82fe2,worker,Running,True,1,1,3,"{""worker"": 3}","{""worker"": ""running""}",3,1,1,desktop-control-plane,True,"{""desktop-control-plane"": true}"
2026-09-21T23:44:24.348Z,api-5b87c4c9d-644vx,4eb5e333-2c24-4f54-bc63-4cc555c7c170,api,Running,True,1,1,0,"{""api"": 0}","{""api"": ""running""}",5,1,1,desktop-control-plane,True,"{""desktop-control-plane"": true}"
2026-09-21T23:44:24.348Z,api-5b87c4c9d-fkxqr,6116bc15-fd28-488e-aa5c-1a8e94a4bd92,api,Pending,False,0,1,0,"{""api"": 0}","{""api"": ""waiting""}",5,1,1,desktop-control-plane,True,"{""desktop-control-plane"": true}"
2026-09-21T23:44:24.348Z,api-5b87c4c9d-m8nzf,90165a48-0ead-4be6-bdc9-0b16afb9b361,api,Pending,False,0,1,0,"{""api"": 0}","{""api"": ""waiting""}",5,1,1,desktop-control-plane,True,"{""desktop-control-plane"": true}"
2026-09-21T23:44:24.348Z,api-5b87c4c9d-nfcrm,16a10e06-1c63-4416-be9b-df9e5b73aa2d,api,Running,True,1,1,0,"{""api"": 0}","{""api"": ""running""}",5,1,1,desktop-control-plane,True,"{""desktop-control-plane"": true}"
2026-09-21T23:44:24.348Z,api-5b87c4c9d-ngspb,ae2ab9e7-8f01-4ec7-8d1e-7ac88096a1c9,api,Running,True,1,1,0,"{""api"": 0}","{""api"": ""running""}",5,1,1,desktop-control-plane,True,"{""desktop-control-plane"": true}"
2026-09-21T23:44:24.348Z,gateway-856744bb66-hzcvr,cc510c63-0609-4870-b9ca-abd3e21ac480,gateway,Running,True,1,1,1,"{""gateway"": 1}","{""gateway"": ""running""}",5,1,1,desktop-control-plane,True,"{""desktop-control-plane"": true}"
2026-09-21T23:44:24.348Z,jaeger-7cc9b664cc-jt9fj,21942cdb-b601-447a-bf38-ba3b861fe91b,jaeger,Running,True,1,1,0,"{""jaeger"": 0}","{""jaeger"": ""running""}",5,1,1,desktop-control-plane,True,"{""desktop-control-plane"": true}"
2026-09-21T23:44:24.348Z,k6-c4-run-1-gj295,8e7fe997-be2a-4f8b-b740-9159de429774,k6,Running,True,1,1,0,"{""k6"": 0}","{""k6"": ""running""}",5,1,1,desktop-control-plane,True,"{""desktop-control-plane"": true}"
2026-09-21T23:44:24.348Z,otel-collector-7c765745bf-q69jh,9ea6d084-d3d7-4c16-a0d5-9b1cc10530b3,otel-collector,Running,True,1,1,0,"{""otel-collector"": 0}","{""otel-collector"": ""running""}",5,1,1,desktop-control-plane,True,"{""desktop-control-plane"": true}"
2026-09-21T23:44:24.348Z,postgres-676cc4986c-65g8j,208c1990-5e96-493e-951b-3925c343082b,postgres,Running,True,1,1,0,"{""postgres"": 0}","{""postgres"": ""running""}",5,1,1,desktop-control-plane,True,"{""desktop-control-plane"": true}"
2026-09-21T23:44:24.348Z,prometheus-59f5cf7468-mtx8z,59cbbbaf-6dcc-47ec-97ed-1794e4b0c8e8,prometheus,Running,True,1,1,0,"{""prometheus"": 0}","{""prometheus"": ""running""}",5,1,1,desktop-control-plane,True,"{""desktop-control-plane"": true}"
2026-09-21T23:44:24.348Z,rabbitmq-5cdf8f76b7-bwghx,0ac06c65-14a9-4bd2-b5d4-7f2a22c1c4a6,rabbitmq,Running,True,1,1,3,"{""rabbitmq"": 3}","{""rabbitmq"": ""running""}",5,1,1,desktop-control-plane,True,"{""desktop-control-plane"": true}"
2026-09-21T23:44:24.348Z,worker-5b55666b44-rqchq,2dd0ad98-71ab-4a3b-b534-291680e82fe2,worker,Running,True,1,1,3,"{""worker"": 3}","{""worker"": ""running""}",5,1,1,desktop-control-plane,True,"{""desktop-control-plane"": true}"
2026-09-21T23:44:29.348Z,api-5b87c4c9d-644vx,4eb5e333-2c24-4f54-bc63-4cc555c7c170,api,Running,True,1,1,0,"{""api"": 0}","{""api"": ""running""}",5,1,1,desktop-control-plane,True,"{""desktop-control-plane"": true}"
2026-09-21T23:44:29.348Z,api-5b87c4c9d-fkxqr,6116bc15-fd28-488e-aa5c-1a8e94a4bd92,api,Running,False,0,1,0,"{""api"": 0}","{""api"": ""running""}",5,1,1,desktop-control-plane,True,"{""desktop-control-plane"": true}"
2026-09-21T23:44:29.348Z,api-5b87c4c9d-m8nzf,90165a48-0ead-4be6-bdc9-0b16afb9b361,api,Running,False,0,1,0,"{""api"": 0}","{""api"": ""running""}",5,1,1,desktop-control-plane,True,"{""desktop-control-plane"": true}"
2026-09-21T23:44:29.348Z,api-5b87c4c9d-nfcrm,16a10e06-1c63-4416-be9b-df9e5b73aa2d,api,Running,True,1,1,0,"{""api"": 0}","{""api"": ""running""}",5,1,1,desktop-control-plane,True,"{""desktop-control-plane"": true}"
2026-09-21T23:44:29.348Z,api-5b87c4c9d-ngspb,ae2ab9e7-8f01-4ec7-8d1e-7ac88096a1c9,api,Running,True,1,1,0,"{""api"": 0}","{""api"": ""running""}",5,1,1,desktop-control-plane,True,"{""desktop-control-plane"": true}"
2026-09-21T23:44:29.348Z,gateway-856744bb66-hzcvr,cc510c63-0609-4870-b9ca-abd3e21ac480,gateway,Running,True,1,1,1,"{""gateway"": 1}","{""gateway"": ""running""}",5,1,1,desktop-control-plane,True,"{""desktop-control-plane"": true}"
2026-09-21T23:44:29.348Z,jaeger-7cc9b664cc-jt9fj,21942cdb-b601-447a-bf38-ba3b861fe91b,jaeger,Running,True,1,1,0,"{""jaeger"": 0}","{""jaeger"": ""running""}",5,1,1,desktop-control-plane,True,"{""desktop-control-plane"": true}"
2026-09-21T23:44:29.348Z,k6-c4-run-1-gj295,8e7fe997-be2a-4f8b-b740-9159de429774,k6,Running,True,1,1,0,"{""k6"": 0}","{""k6"": ""running""}",5,1,1,desktop-control-plane,True,"{""desktop-control-plane"": true}"
2026-09-21T23:44:29.348Z,otel-collector-7c765745bf-q69jh,9ea6d084-d3d7-4c16-a0d5-9b1cc10530b3,otel-collector,Running,True,1,1,0,"{""otel-collector"": 0}","{""otel-collector"": ""running""}",5,1,1,desktop-control-plane,True,"{""desktop-control-plane"": true}"
2026-09-21T23:44:29.348Z,postgres-676cc4986c-65g8j,208c1990-5e96-493e-951b-3925c343082b,postgres,Running,True,1,1,0,"{""postgres"": 0}","{""postgres"": ""running""}",5,1,1,desktop-control-plane,True,"{""desktop-control-plane"": true}"
2026-09-21T23:44:29.348Z,prometheus-59f5cf7468-mtx8z,59cbbbaf-6dcc-47ec-97ed-1794e4b0c8e8,prometheus,Running,True,1,1,0,"{""prometheus"": 0}","{""prometheus"": ""running""}",5,1,1,desktop-control-plane,True,"{""desktop-control-plane"": true}"
2026-09-21T23:44:29.348Z,rabbitmq-5cdf8f76b7-bwghx,0ac06c65-14a9-4bd2-b5d4-7f2a22c1c4a6,rabbitmq,Running,True,1,1,3,"{""rabbitmq"": 3}","{""rabbitmq"": ""running""}",5,1,1,desktop-control-plane,True,"{""desktop-control-plane"": true}"
2026-09-21T23:44:29.348Z,worker-5b55666b44-rqchq,2dd0ad98-71ab-4a3b-b534-291680e82fe2,worker,Running,True,1,1,3,"{""worker"": 3}","{""worker"": ""running""}",5,1,1,desktop-control-plane,True,"{""desktop-control-plane"": true}"
2026-09-21T23:44:34.348Z,api-5b87c4c9d-644vx,4eb5e333-2c24-4f54-bc63-4cc555c7c170,api,Running,True,1,1,0,"{""api"": 0}","{""api"": ""running""}",5,1,1,desktop-control-plane,True,"{""desktop-control-plane"": true}"
2026-09-21T23:44:34.348Z,api-5b87c4c9d-fkxqr,6116bc15-fd28-488e-aa5c-1a8e94a4bd92,api,Running,True,1,1,0,"{""api"": 0}","{""api"": ""running""}",5,1,1,desktop-control-plane,True,"{""desktop-control-plane"": true}"
2026-09-21T23:44:34.348Z,api-5b87c4c9d-m8nzf,90165a48-0ead-4be6-bdc9-0b16afb9b361,api,Running,False,0,1,0,"{""api"": 0}","{""api"": ""running""}",5,1,1,desktop-control-plane,True,"{""desktop-control-plane"": true}"
2026-09-21T23:44:34.348Z,api-5b87c4c9d-nfcrm,16a10e06-1c63-4416-be9b-df9e5b73aa2d,api,Running,True,1,1,0,"{""api"": 0}","{""api"": ""running""}",5,1,1,desktop-control-plane,True,"{""desktop-control-plane"": true}"
2026-09-21T23:44:34.348Z,api-5b87c4c9d-ngspb,ae2ab9e7-8f01-4ec7-8d1e-7ac88096a1c9,api,Running,True,1,1,0,"{""api"": 0}","{""api"": ""running""}",5,1,1,desktop-control-plane,True,"{""desktop-control-plane"": true}"
2026-09-21T23:44:34.348Z,gateway-856744bb66-hzcvr,cc510c63-0609-4870-b9ca-abd3e21ac480,gateway,Running,True,1,1,1,"{""gateway"": 1}","{""gateway"": ""running""}",5,1,1,desktop-control-plane,True,"{""desktop-control-plane"": true}"
2026-09-21T23:44:34.348Z,jaeger-7cc9b664cc-jt9fj,21942cdb-b601-447a-bf38-ba3b861fe91b,jaeger,Running,True,1,1,0,"{""jaeger"": 0}","{""jaeger"": ""running""}",5,1,1,desktop-control-plane,True,"{""desktop-control-plane"": true}"
2026-09-21T23:44:34.348Z,k6-c4-run-1-gj295,8e7fe997-be2a-4f8b-b740-9159de429774,k6,Running,True,1,1,0,"{""k6"": 0}","{""k6"": ""running""}",5,1,1,desktop-control-plane,True,"{""desktop-control-plane"": true}"
2026-09-21T23:44:34.348Z,otel-collector-7c765745bf-q69jh,9ea6d084-d3d7-4c16-a0d5-9b1cc10530b3,otel-collector,Running,True,1,1,0,"{""otel-collector"": 0}","{""otel-collector"": ""running""}",5,1,1,desktop-control-plane,True,"{""desktop-control-plane"": true}"
2026-09-21T23:44:34.348Z,postgres-676cc4986c-65g8j,208c1990-5e96-493e-951b-3925c343082b,postgres,Running,True,1,1,0,"{""postgres"": 0}","{""postgres"": ""running""}",5,1,1,desktop-control-plane,True,"{""desktop-control-plane"": true}"
2026-09-21T23:44:34.348Z,prometheus-59f5cf7468-mtx8z,59cbbbaf-6dcc-47ec-97ed-1794e4b0c8e8,prometheus,Running,True,1,1,0,"{""prometheus"": 0}","{""prometheus"": ""running""}",5,1,1,desktop-control-plane,True,"{""desktop-control-plane"": true}"
2026-09-21T23:44:34.348Z,rabbitmq-5cdf8f76b7-bwghx,0ac06c65-14a9-4bd2-b5d4-7f2a22c1c4a6,rabbitmq,Running,True,1,1,3,"{""rabbitmq"": 3}","{""rabbitmq"": ""running""}",5,1,1,desktop-control-plane,True,"{""desktop-control-plane"": true}"
2026-09-21T23:44:34.348Z,worker-5b55666b44-rqchq,2dd0ad98-71ab-4a3b-b534-291680e82fe2,worker,Running,True,1,1,3,"{""worker"": 3}","{""worker"": ""running""}",5,1,1,desktop-control-plane,True,"{""desktop-control-plane"": true}"
2026-09-21T23:44:39.349Z,api-5b87c4c9d-644vx,4eb5e333-2c24-4f54-bc63-4cc555c7c170,api,Running,True,1,1,0,"{""api"": 0}","{""api"": ""running""}",5,1,1,desktop-control-plane,True,"{""desktop-control-plane"": true}"
2026-09-21T23:44:39.349Z,api-5b87c4c9d-fkxqr,6116bc15-fd28-488e-aa5c-1a8e94a4bd92,api,Running,True,1,1,0,"{""api"": 0}","{""api"": ""running""}",5,1,1,desktop-control-plane,True,"{""desktop-control-plane"": true}"
2026-09-21T23:44:39.349Z,api-5b87c4c9d-m8nzf,90165a48-0ead-4be6-bdc9-0b16afb9b361,api,Running,True,1,1,0,"{""api"": 0}","{""api"": ""running""}",5,1,1,desktop-control-plane,True,"{""desktop-control-plane"": true}"
2026-09-21T23:44:39.349Z,api-5b87c4c9d-nfcrm,16a10e06-1c63-4416-be9b-df9e5b73aa2d,api,Running,True,1,1,0,"{""api"": 0}","{""api"": ""running""}",5,1,1,desktop-control-plane,True,"{""desktop-control-plane"": true}"
2026-09-21T23:44:39.349Z,api-5b87c4c9d-ngspb,ae2ab9e7-8f01-4ec7-8d1e-7ac88096a1c9,api,Running,True,1,1,0,"{""api"": 0}","{""api"": ""running""}",5,1,1,desktop-control-plane,True,"{""desktop-control-plane"": true}"
2026-09-21T23:44:39.349Z,gateway-856744bb66-hzcvr,cc510c63-0609-4870-b9ca-abd3e21ac480,gateway,Running,True,1,1,1,"{""gateway"": 1}","{""gateway"": ""running""}",5,1,1,desktop-control-plane,True,"{""desktop-control-plane"": true}"
2026-09-21T23:44:39.349Z,jaeger-7cc9b664cc-jt9fj,21942cdb-b601-447a-bf38-ba3b861fe91b,jaeger,Running,True,1,1,0,"{""jaeger"": 0}","{""jaeger"": ""running""}",5,1,1,desktop-control-plane,True,"{""desktop-control-plane"": true}"
2026-09-21T23:44:39.349Z,k6-c4-run-1-gj295,8e7fe997-be2a-4f8b-b740-9159de429774,k6,Running,True,1,1,0,"{""k6"": 0}","{""k6"": ""running""}",5,1,1,desktop-control-plane,True,"{""desktop-control-plane"": true}"
2026-09-21T23:44:39.349Z,otel-collector-7c765745bf-q69jh,9ea6d084-d3d7-4c16-a0d5-9b1cc10530b3,otel-collector,Running,True,1,1,0,"{""otel-collector"": 0}","{""otel-collector"": ""running""}",5,1,1,desktop-control-plane,True,"{""desktop-control-plane"": true}"
2026-09-21T23:44:39.349Z,postgres-676cc4986c-65g8j,208c1990-5e96-493e-951b-3925c343082b,postgres,Running,True,1,1,0,"{""postgres"": 0}","{""postgres"": ""running""}",5,1,1,desktop-control-plane,True,"{""desktop-control-plane"": true}"
2026-09-21T23:44:39.349Z,prometheus-59f5cf7468-mtx8z,59cbbbaf-6dcc-47ec-97ed-1794e4b0c8e8,prometheus,Running,True,1,1,0,"{""prometheus"": 0}","{""prometheus"": ""running""}",5,1,1,desktop-control-plane,True,"{""desktop-control-plane"": true}"
2026-09-21T23:44:39.349Z,rabbitmq-5cdf8f76b7-bwghx,0ac06c65-14a9-4bd2-b5d4-7f2a22c1c4a6,rabbitmq,Running,True,1,1,3,"{""rabbitmq"": 3}","{""rabbitmq"": ""running""}",5,1,1,desktop-control-plane,True,"{""desktop-control-plane"": true}"
2026-09-21T23:44:39.349Z,worker-5b55666b44-rqchq,2dd0ad98-71ab-4a3b-b534-291680e82fe2,worker,Running,True,1,1,3,"{""worker"": 3}","{""worker"": ""running""}",5,1,1,desktop-control-plane,True,"{""desktop-control-plane"": true}"
2026-09-21T23:44:44.349Z,api-5b87c4c9d-644vx,4eb5e333-2c24-4f54-bc63-4cc555c7c170,api,Running,True,1,1,0,"{""api"": 0}","{""api"": ""running""}",5,1,1,desktop-control-plane,True,"{""desktop-control-plane"": true}"
2026-09-21T23:44:44.349Z,api-5b87c4c9d-fkxqr,6116bc15-fd28-488e-aa5c-1a8e94a4bd92,api,Running,True,1,1,0,"{""api"": 0}","{""api"": ""running""}",5,1,1,desktop-control-plane,True,"{""desktop-control-plane"": true}"
2026-09-21T23:44:44.349Z,api-5b87c4c9d-m8nzf,90165a48-0ead-4be6-bdc9-0b16afb9b361,api,Running,True,1,1,0,"{""api"": 0}","{""api"": ""running""}",5,1,1,desktop-control-plane,True,"{""desktop-control-plane"": true}"
2026-09-21T23:44:44.349Z,api-5b87c4c9d-nfcrm,16a10e06-1c63-4416-be9b-df9e5b73aa2d,api,Running,True,1,1,0,"{""api"": 0}","{""api"": ""running""}",5,1,1,desktop-control-plane,True,"{""desktop-control-plane"": true}"
2026-09-21T23:44:44.349Z,api-5b87c4c9d-ngspb,ae2ab9e7-8f01-4ec7-8d1e-7ac88096a1c9,api,Running,True,1,1,0,"{""api"": 0}","{""api"": ""running""}",5,1,1,desktop-control-plane,True,"{""desktop-control-plane"": true}"
2026-09-21T23:44:44.349Z,gateway-856744bb66-hzcvr,cc510c63-0609-4870-b9ca-abd3e21ac480,gateway,Running,True,1,1,1,"{""gateway"": 1}","{""gateway"": ""running""}",5,1,1,desktop-control-plane,True,"{""desktop-control-plane"": true}"
2026-09-21T23:44:44.349Z,jaeger-7cc9b664cc-jt9fj,21942cdb-b601-447a-bf38-ba3b861fe91b,jaeger,Running,True,1,1,0,"{""jaeger"": 0}","{""jaeger"": ""running""}",5,1,1,desktop-control-plane,True,"{""desktop-control-plane"": true}"
2026-09-21T23:44:44.349Z,k6-c4-run-1-gj295,8e7fe997-be2a-4f8b-b740-9159de429774,k6,Running,True,1,1,0,"{""k6"": 0}","{""k6"": ""running""}",5,1,1,desktop-control-plane,True,"{""desktop-control-plane"": true}"
2026-09-21T23:44:44.349Z,otel-collector-7c765745bf-q69jh,9ea6d084-d3d7-4c16-a0d5-9b1cc10530b3,otel-collector,Running,True,1,1,0,"{""otel-collector"": 0}","{""otel-collector"": ""running""}",5,1,1,desktop-control-plane,True,"{""desktop-control-plane"": true}"
2026-09-21T23:44:44.349Z,postgres-676cc4986c-65g8j,208c1990-5e96-493e-951b-3925c343082b,postgres,Running,True,1,1,0,"{""postgres"": 0}","{""postgres"": ""running""}",5,1,1,desktop-control-plane,True,"{""desktop-control-plane"": true}"
2026-09-21T23:44:44.349Z,prometheus-59f5cf7468-mtx8z,59cbbbaf-6dcc-47ec-97ed-1794e4b0c8e8,prometheus,Running,True,1,1,0,"{""prometheus"": 0}","{""prometheus"": ""running""}",5,1,1,desktop-control-plane,True,"{""desktop-control-plane"": true}"
2026-09-21T23:44:44.349Z,rabbitmq-5cdf8f76b7-bwghx,0ac06c65-14a9-4bd2-b5d4-7f2a22c1c4a6,rabbitmq,Running,True,1,1,3,"{""rabbitmq"": 3}","{""rabbitmq"": ""running""}",5,1,1,desktop-control-plane,True,"{""desktop-control-plane"": true}"
2026-09-21T23:44:44.349Z,worker-5b55666b44-rqchq,2dd0ad98-71ab-4a3b-b534-291680e82fe2,worker,Running,True,1,1,3,"{""worker"": 3}","{""worker"": ""running""}",5,1,1,desktop-control-plane,True,"{""desktop-control-plane"": true}"
2026-09-21T23:44:49.349Z,api-5b87c4c9d-644vx,4eb5e333-2c24-4f54-bc63-4cc555c7c170,api,Running,True,1,1,0,"{""api"": 0}","{""api"": ""running""}",5,1,1,desktop-control-plane,True,"{""desktop-control-plane"": true}"
2026-09-21T23:44:49.349Z,api-5b87c4c9d-fkxqr,6116bc15-fd28-488e-aa5c-1a8e94a4bd92,api,Running,True,1,1,0,"{""api"": 0}","{""api"": ""running""}",5,1,1,desktop-control-plane,True,"{""desktop-control-plane"": true}"
2026-09-21T23:44:49.349Z,api-5b87c4c9d-m8nzf,90165a48-0ead-4be6-bdc9-0b16afb9b361,api,Running,True,1,1,0,"{""api"": 0}","{""api"": ""running""}",5,1,1,desktop-control-plane,True,"{""desktop-control-plane"": true}"
2026-09-21T23:44:49.349Z,api-5b87c4c9d-nfcrm,16a10e06-1c63-4416-be9b-df9e5b73aa2d,api,Running,True,1,1,0,"{""api"": 0}","{""api"": ""running""}",5,1,1,desktop-control-plane,True,"{""desktop-control-plane"": true}"
2026-09-21T23:44:49.349Z,api-5b87c4c9d-ngspb,ae2ab9e7-8f01-4ec7-8d1e-7ac88096a1c9,api,Running,True,1,1,0,"{""api"": 0}","{""api"": ""running""}",5,1,1,desktop-control-plane,True,"{""desktop-control-plane"": true}"
2026-09-21T23:44:49.349Z,gateway-856744bb66-hzcvr,cc510c63-0609-4870-b9ca-abd3e21ac480,gateway,Running,True,1,1,1,"{""gateway"": 1}","{""gateway"": ""running""}",5,1,1,desktop-control-plane,True,"{""desktop-control-plane"": true}"
2026-09-21T23:44:49.349Z,jaeger-7cc9b664cc-jt9fj,21942cdb-b601-447a-bf38-ba3b861fe91b,jaeger,Running,True,1,1,0,"{""jaeger"": 0}","{""jaeger"": ""running""}",5,1,1,desktop-control-plane,True,"{""desktop-control-plane"": true}"
2026-09-21T23:44:49.349Z,k6-c4-run-1-gj295,8e7fe997-be2a-4f8b-b740-9159de429774,k6,Running,True,1,1,0,"{""k6"": 0}","{""k6"": ""running""}",5,1,1,desktop-control-plane,True,"{""desktop-control-plane"": true}"
2026-09-21T23:44:49.349Z,otel-collector-7c765745bf-q69jh,9ea6d084-d3d7-4c16-a0d5-9b1cc10530b3,otel-collector,Running,True,1,1,0,"{""otel-collector"": 0}","{""otel-collector"": ""running""}",5,1,1,desktop-control-plane,True,"{""desktop-control-plane"": true}"
2026-09-21T23:44:49.349Z,postgres-676cc4986c-65g8j,208c1990-5e96-493e-951b-3925c343082b,postgres,Running,True,1,1,0,"{""postgres"": 0}","{""postgres"": ""running""}",5,1,1,desktop-control-plane,True,"{""desktop-control-plane"": true}"
2026-09-21T23:44:49.349Z,prometheus-59f5cf7468-mtx8z,59cbbbaf-6dcc-47ec-97ed-1794e4b0c8e8,prometheus,Running,True,1,1,0,"{""prometheus"": 0}","{""prometheus"": ""running""}",5,1,1,desktop-control-plane,True,"{""desktop-control-plane"": true}"
2026-09-21T23:44:49.349Z,rabbitmq-5cdf8f76b7-bwghx,0ac06c65-14a9-4bd2-b5d4-7f2a22c1c4a6,rabbitmq,Running,True,1,1,3,"{""rabbitmq"": 3}","{""rabbitmq"": ""running""}",5,1,1,desktop-control-plane,True,"{""desktop-control-plane"": true}"
2026-09-21T23:44:49.349Z,worker-5b55666b44-rqchq,2dd0ad98-71ab-4a3b-b534-291680e82fe2,worker,Running,True,1,1,3,"{""worker"": 3}","{""worker"": ""running""}",5,1,1,desktop-control-plane,True,"{""desktop-control-plane"": true}"
2026-09-21T23:44:54.350Z,api-5b87c4c9d-644vx,4eb5e333-2c24-4f54-bc63-4cc555c7c170,api,Running,True,1,1,0,"{""api"": 0}","{""api"": ""running""}",5,1,1,desktop-control-plane,True,"{""desktop-control-plane"": true}"
2026-09-21T23:44:54.350Z,api-5b87c4c9d-fkxqr,6116bc15-fd28-488e-aa5c-1a8e94a4bd92,api,Running,True,1,1,0,"{""api"": 0}","{""api"": ""running""}",5,1,1,desktop-control-plane,True,"{""desktop-control-plane"": true}"
2026-09-21T23:44:54.350Z,api-5b87c4c9d-m8nzf,90165a48-0ead-4be6-bdc9-0b16afb9b361,api,Running,True,1,1,0,"{""api"": 0}","{""api"": ""running""}",5,1,1,desktop-control-plane,True,"{""desktop-control-plane"": true}"
2026-09-21T23:44:54.350Z,api-5b87c4c9d-nfcrm,16a10e06-1c63-4416-be9b-df9e5b73aa2d,api,Running,True,1,1,0,"{""api"": 0}","{""api"": ""running""}",5,1,1,desktop-control-plane,True,"{""desktop-control-plane"": true}"
2026-09-21T23:44:54.350Z,api-5b87c4c9d-ngspb,ae2ab9e7-8f01-4ec7-8d1e-7ac88096a1c9,api,Running,True,1,1,0,"{""api"": 0}","{""api"": ""running""}",5,1,1,desktop-control-plane,True,"{""desktop-control-plane"": true}"
2026-09-21T23:44:54.350Z,gateway-856744bb66-hzcvr,cc510c63-0609-4870-b9ca-abd3e21ac480,gateway,Running,True,1,1,1,"{""gateway"": 1}","{""gateway"": ""running""}",5,1,1,desktop-control-plane,True,"{""desktop-control-plane"": true}"
2026-09-21T23:44:54.350Z,jaeger-7cc9b664cc-jt9fj,21942cdb-b601-447a-bf38-ba3b861fe91b,jaeger,Running,True,1,1,0,"{""jaeger"": 0}","{""jaeger"": ""running""}",5,1,1,desktop-control-plane,True,"{""desktop-control-plane"": true}"
2026-09-21T23:44:54.350Z,k6-c4-run-1-gj295,8e7fe997-be2a-4f8b-b740-9159de429774,k6,Running,True,1,1,0,"{""k6"": 0}","{""k6"": ""running""}",5,1,1,desktop-control-plane,True,"{""desktop-control-plane"": true}"
2026-09-21T23:44:54.350Z,otel-collector-7c765745bf-q69jh,9ea6d084-d3d7-4c16-a0d5-9b1cc10530b3,otel-collector,Running,True,1,1,0,"{""otel-collector"": 0}","{""otel-collector"": ""running""}",5,1,1,desktop-control-plane,True,"{""desktop-control-plane"": true}"
2026-09-21T23:44:54.350Z,postgres-676cc4986c-65g8j,208c1990-5e96-493e-951b-3925c343082b,postgres,Running,True,1,1,0,"{""postgres"": 0}","{""postgres"": ""running""}",5,1,1,desktop-control-plane,True,"{""desktop-control-plane"": true}"
2026-09-21T23:44:54.350Z,prometheus-59f5cf7468-mtx8z,59cbbbaf-6dcc-47ec-97ed-1794e4b0c8e8,prometheus,Running,True,1,1,0,"{""prometheus"": 0}","{""prometheus"": ""running""}",5,1,1,desktop-control-plane,True,"{""desktop-control-plane"": true}"
2026-09-21T23:44:54.350Z,rabbitmq-5cdf8f76b7-bwghx,0ac06c65-14a9-4bd2-b5d4-7f2a22c1c4a6,rabbitmq,Running,True,1,1,3,"{""rabbitmq"": 3}","{""rabbitmq"": ""running""}",5,1,1,desktop-control-plane,True,"{""desktop-control-plane"": true}"
2026-09-21T23:44:54.350Z,worker-5b55666b44-rqchq,2dd0ad98-71ab-4a3b-b534-291680e82fe2,worker,Running,True,1,1,3,"{""worker"": 3}","{""worker"": ""running""}",5,1,1,desktop-control-plane,True,"{""desktop-control-plane"": true}"
2026-09-21T23:44:59.350Z,api-5b87c4c9d-644vx,4eb5e333-2c24-4f54-bc63-4cc555c7c170,api,Running,True,1,1,0,"{""api"": 0}","{""api"": ""running""}",5,1,1,desktop-control-plane,True,"{""desktop-control-plane"": true}"
2026-09-21T23:44:59.350Z,api-5b87c4c9d-fkxqr,6116bc15-fd28-488e-aa5c-1a8e94a4bd92,api,Running,True,1,1,0,"{""api"": 0}","{""api"": ""running""}",5,1,1,desktop-control-plane,True,"{""desktop-control-plane"": true}"
2026-09-21T23:44:59.350Z,api-5b87c4c9d-m8nzf,90165a48-0ead-4be6-bdc9-0b16afb9b361,api,Running,True,1,1,0,"{""api"": 0}","{""api"": ""running""}",5,1,1,desktop-control-plane,True,"{""desktop-control-plane"": true}"
2026-09-21T23:44:59.350Z,api-5b87c4c9d-nfcrm,16a10e06-1c63-4416-be9b-df9e5b73aa2d,api,Running,True,1,1,0,"{""api"": 0}","{""api"": ""running""}",5,1,1,desktop-control-plane,True,"{""desktop-control-plane"": true}"
2026-09-21T23:44:59.350Z,api-5b87c4c9d-ngspb,ae2ab9e7-8f01-4ec7-8d1e-7ac88096a1c9,api,Running,True,1,1,0,"{""api"": 0}","{""api"": ""running""}",5,1,1,desktop-control-plane,True,"{""desktop-control-plane"": true}"
2026-09-21T23:44:59.350Z,gateway-856744bb66-hzcvr,cc510c63-0609-4870-b9ca-abd3e21ac480,gateway,Running,True,1,1,1,"{""gateway"": 1}","{""gateway"": ""running""}",5,1,1,desktop-control-plane,True,"{""desktop-control-plane"": true}"
2026-09-21T23:44:59.350Z,jaeger-7cc9b664cc-jt9fj,21942cdb-b601-447a-bf38-ba3b861fe91b,jaeger,Running,True,1,1,0,"{""jaeger"": 0}","{""jaeger"": ""running""}",5,1,1,desktop-control-plane,True,"{""desktop-control-plane"": true}"
2026-09-21T23:44:59.350Z,k6-c4-run-1-gj295,8e7fe997-be2a-4f8b-b740-9159de429774,k6,Running,True,1,1,0,"{""k6"": 0}","{""k6"": ""running""}",5,1,1,desktop-control-plane,True,"{""desktop-control-plane"": true}"
2026-09-21T23:44:59.350Z,otel-collector-7c765745bf-q69jh,9ea6d084-d3d7-4c16-a0d5-9b1cc10530b3,otel-collector,Running,True,1,1,0,"{""otel-collector"": 0}","{""otel-collector"": ""running""}",5,1,1,desktop-control-plane,True,"{""desktop-control-plane"": true}"
2026-09-21T23:44:59.350Z,postgres-676cc4986c-65g8j,208c1990-5e96-493e-951b-3925c343082b,postgres,Running,True,1,1,0,"{""postgres"": 0}","{""postgres"": ""running""}",5,1,1,desktop-control-plane,True,"{""desktop-control-plane"": true}"
2026-09-21T23:44:59.350Z,prometheus-59f5cf7468-mtx8z,59cbbbaf-6dcc-47ec-97ed-1794e4b0c8e8,prometheus,Running,True,1,1,0,"{""prometheus"": 0}","{""prometheus"": ""running""}",5,1,1,desktop-control-plane,True,"{""desktop-control-plane"": true}"
2026-09-21T23:44:59.350Z,rabbitmq-5cdf8f76b7-bwghx,0ac06c65-14a9-4bd2-b5d4-7f2a22c1c4a6,rabbitmq,Running,True,1,1,3,"{""rabbitmq"": 3}","{""rabbitmq"": ""running""}",5,1,1,desktop-control-plane,True,"{""desktop-control-plane"": true}"
2026-09-21T23:44:59.350Z,worker-5b55666b44-rqchq,2dd0ad98-71ab-4a3b-b534-291680e82fe2,worker,Running,True,1,1,3,"{""worker"": 3}","{""worker"": ""running""}",5,1,1,desktop-control-plane,True,"{""desktop-control-plane"": true}"
2026-09-21T23:45:04.350Z,api-5b87c4c9d-644vx,4eb5e333-2c24-4f54-bc63-4cc555c7c170,api,Running,True,1,1,0,"{""api"": 0}","{""api"": ""running""}",5,1,1,desktop-control-plane,True,"{""desktop-control-plane"": true}"
2026-09-21T23:45:04.350Z,api-5b87c4c9d-fkxqr,6116bc15-fd28-488e-aa5c-1a8e94a4bd92,api,Running,True,1,1,0,"{""api"": 0}","{""api"": ""running""}",5,1,1,desktop-control-plane,True,"{""desktop-control-plane"": true}"
2026-09-21T23:45:04.350Z,api-5b87c4c9d-m8nzf,90165a48-0ead-4be6-bdc9-0b16afb9b361,api,Running,True,1,1,0,"{""api"": 0}","{""api"": ""running""}",5,1,1,desktop-control-plane,True,"{""desktop-control-plane"": true}"
2026-09-21T23:45:04.350Z,api-5b87c4c9d-nfcrm,16a10e06-1c63-4416-be9b-df9e5b73aa2d,api,Running,True,1,1,0,"{""api"": 0}","{""api"": ""running""}",5,1,1,desktop-control-plane,True,"{""desktop-control-plane"": true}"
2026-09-21T23:45:04.350Z,api-5b87c4c9d-ngspb,ae2ab9e7-8f01-4ec7-8d1e-7ac88096a1c9,api,Running,True,1,1,0,"{""api"": 0}","{""api"": ""running""}",5,1,1,desktop-control-plane,True,"{""desktop-control-plane"": true}"
2026-09-21T23:45:04.350Z,gateway-856744bb66-hzcvr,cc510c63-0609-4870-b9ca-abd3e21ac480,gateway,Running,True,1,1,1,"{""gateway"": 1}","{""gateway"": ""running""}",5,1,1,desktop-control-plane,True,"{""desktop-control-plane"": true}"
2026-09-21T23:45:04.350Z,jaeger-7cc9b664cc-jt9fj,21942cdb-b601-447a-bf38-ba3b861fe91b,jaeger,Running,True,1,1,0,"{""jaeger"": 0}","{""jaeger"": ""running""}",5,1,1,desktop-control-plane,True,"{""desktop-control-plane"": true}"
2026-09-21T23:45:04.350Z,k6-c4-run-1-gj295,8e7fe997-be2a-4f8b-b740-9159de429774,k6,Running,True,1,1,0,"{""k6"": 0}","{""k6"": ""running""}",5,1,1,desktop-control-plane,True,"{""desktop-control-plane"": true}"
2026-09-21T23:45:04.350Z,otel-collector-7c765745bf-q69jh,9ea6d084-d3d7-4c16-a0d5-9b1cc10530b3,otel-collector,Running,True,1,1,0,"{""otel-collector"": 0}","{""otel-collector"": ""running""}",5,1,1,desktop-control-plane,True,"{""desktop-control-plane"": true}"
2026-09-21T23:45:04.350Z,postgres-676cc4986c-65g8j,208c1990-5e96-493e-951b-3925c343082b,postgres,Running,True,1,1,0,"{""postgres"": 0}","{""postgres"": ""running""}",5,1,1,desktop-control-plane,True,"{""desktop-control-plane"": true}"
2026-09-21T23:45:04.350Z,prometheus-59f5cf7468-mtx8z,59cbbbaf-6dcc-47ec-97ed-1794e4b0c8e8,prometheus,Running,True,1,1,0,"{""prometheus"": 0}","{""prometheus"": ""running""}",5,1,1,desktop-control-plane,True,"{""desktop-control-plane"": true}"
2026-09-21T23:45:04.350Z,rabbitmq-5cdf8f76b7-bwghx,0ac06c65-14a9-4bd2-b5d4-7f2a22c1c4a6,rabbitmq,Running,True,1,1,3,"{""rabbitmq"": 3}","{""rabbitmq"": ""running""}",5,1,1,desktop-control-plane,True,"{""desktop-control-plane"": true}"
2026-09-21T23:45:04.350Z,worker-5b55666b44-rqchq,2dd0ad98-71ab-4a3b-b534-291680e82fe2,worker,Running,True,1,1,3,"{""worker"": 3}","{""worker"": ""running""}",5,1,1,desktop-control-plane,True,"{""desktop-control-plane"": true}"
2026-09-21T23:45:09.351Z,api-5b87c4c9d-644vx,4eb5e333-2c24-4f54-bc63-4cc555c7c170,api,Running,True,1,1,0,"{""api"": 0}","{""api"": ""running""}",5,1,1,desktop-control-plane,True,"{""desktop-control-plane"": true}"
2026-09-21T23:45:09.351Z,api-5b87c4c9d-fkxqr,6116bc15-fd28-488e-aa5c-1a8e94a4bd92,api,Running,True,1,1,0,"{""api"": 0}","{""api"": ""running""}",5,1,1,desktop-control-plane,True,"{""desktop-control-plane"": true}"
2026-09-21T23:45:09.351Z,api-5b87c4c9d-m8nzf,90165a48-0ead-4be6-bdc9-0b16afb9b361,api,Running,True,1,1,0,"{""api"": 0}","{""api"": ""running""}",5,1,1,desktop-control-plane,True,"{""desktop-control-plane"": true}"
2026-09-21T23:45:09.351Z,api-5b87c4c9d-nfcrm,16a10e06-1c63-4416-be9b-df9e5b73aa2d,api,Running,True,1,1,0,"{""api"": 0}","{""api"": ""running""}",5,1,1,desktop-control-plane,True,"{""desktop-control-plane"": true}"
2026-09-21T23:45:09.351Z,api-5b87c4c9d-ngspb,ae2ab9e7-8f01-4ec7-8d1e-7ac88096a1c9,api,Running,True,1,1,0,"{""api"": 0}","{""api"": ""running""}",5,1,1,desktop-control-plane,True,"{""desktop-control-plane"": true}"
2026-09-21T23:45:09.351Z,gateway-856744bb66-hzcvr,cc510c63-0609-4870-b9ca-abd3e21ac480,gateway,Running,True,1,1,1,"{""gateway"": 1}","{""gateway"": ""running""}",5,1,1,desktop-control-plane,True,"{""desktop-control-plane"": true}"
2026-09-21T23:45:09.351Z,jaeger-7cc9b664cc-jt9fj,21942cdb-b601-447a-bf38-ba3b861fe91b,jaeger,Running,True,1,1,0,"{""jaeger"": 0}","{""jaeger"": ""running""}",5,1,1,desktop-control-plane,True,"{""desktop-control-plane"": true}"
2026-09-21T23:45:09.351Z,otel-collector-7c765745bf-q69jh,9ea6d084-d3d7-4c16-a0d5-9b1cc10530b3,otel-collector,Running,True,1,1,0,"{""otel-collector"": 0}","{""otel-collector"": ""running""}",5,1,1,desktop-control-plane,True,"{""desktop-control-plane"": true}"
2026-09-21T23:45:09.351Z,postgres-676cc4986c-65g8j,208c1990-5e96-493e-951b-3925c343082b,postgres,Running,True,1,1,0,"{""postgres"": 0}","{""postgres"": ""running""}",5,1,1,desktop-control-plane,True,"{""desktop-control-plane"": true}"
2026-09-21T23:45:09.351Z,prometheus-59f5cf7468-mtx8z,59cbbbaf-6dcc-47ec-97ed-1794e4b0c8e8,prometheus,Running,True,1,1,0,"{""prometheus"": 0}","{""prometheus"": ""running""}",5,1,1,desktop-control-plane,True,"{""desktop-control-plane"": true}"
2026-09-21T23:45:09.351Z,rabbitmq-5cdf8f76b7-bwghx,0ac06c65-14a9-4bd2-b5d4-7f2a22c1c4a6,rabbitmq,Running,True,1,1,3,"{""rabbitmq"": 3}","{""rabbitmq"": ""running""}",5,1,1,desktop-control-plane,True,"{""desktop-control-plane"": true}"
2026-09-21T23:45:09.351Z,worker-5b55666b44-rqchq,2dd0ad98-71ab-4a3b-b534-291680e82fe2,worker,Running,True,1,1,3,"{""worker"": 3}","{""worker"": ""running""}",5,1,1,desktop-control-plane,True,"{""desktop-control-plane"": true}"
2026-09-21T23:45:14.351Z,api-5b87c4c9d-644vx,4eb5e333-2c24-4f54-bc63-4cc555c7c170,api,Running,True,1,1,0,"{""api"": 0}","{""api"": ""running""}",5,1,1,desktop-control-plane,True,"{""desktop-control-plane"": true}"
2026-09-21T23:45:14.351Z,api-5b87c4c9d-fkxqr,6116bc15-fd28-488e-aa5c-1a8e94a4bd92,api,Running,True,1,1,0,"{""api"": 0}","{""api"": ""running""}",5,1,1,desktop-control-plane,True,"{""desktop-control-plane"": true}"
2026-09-21T23:45:14.351Z,api-5b87c4c9d-m8nzf,90165a48-0ead-4be6-bdc9-0b16afb9b361,api,Running,True,1,1,0,"{""api"": 0}","{""api"": ""running""}",5,1,1,desktop-control-plane,True,"{""desktop-control-plane"": true}"
2026-09-21T23:45:14.351Z,api-5b87c4c9d-nfcrm,16a10e06-1c63-4416-be9b-df9e5b73aa2d,api,Running,True,1,1,0,"{""api"": 0}","{""api"": ""running""}",5,1,1,desktop-control-plane,True,"{""desktop-control-plane"": true}"
2026-09-21T23:45:14.351Z,api-5b87c4c9d-ngspb,ae2ab9e7-8f01-4ec7-8d1e-7ac88096a1c9,api,Running,True,1,1,0,"{""api"": 0}","{""api"": ""running""}",5,1,1,desktop-control-plane,True,"{""desktop-control-plane"": true}"
2026-09-21T23:45:14.351Z,gateway-856744bb66-hzcvr,cc510c63-0609-4870-b9ca-abd3e21ac480,gateway,Running,True,1,1,1,"{""gateway"": 1}","{""gateway"": ""running""}",5,1,1,desktop-control-plane,True,"{""desktop-control-plane"": true}"
2026-09-21T23:45:14.351Z,jaeger-7cc9b664cc-jt9fj,21942cdb-b601-447a-bf38-ba3b861fe91b,jaeger,Running,True,1,1,0,"{""jaeger"": 0}","{""jaeger"": ""running""}",5,1,1,desktop-control-plane,True,"{""desktop-control-plane"": true}"
2026-09-21T23:45:14.351Z,otel-collector-7c765745bf-q69jh,9ea6d084-d3d7-4c16-a0d5-9b1cc10530b3,otel-collector,Running,True,1,1,0,"{""otel-collector"": 0}","{""otel-collector"": ""running""}",5,1,1,desktop-control-plane,True,"{""desktop-control-plane"": true}"
2026-09-21T23:45:14.351Z,postgres-676cc4986c-65g8j,208c1990-5e96-493e-951b-3925c343082b,postgres,Running,True,1,1,0,"{""postgres"": 0}","{""postgres"": ""running""}",5,1,1,desktop-control-plane,True,"{""desktop-control-plane"": true}"
2026-09-21T23:45:14.351Z,prometheus-59f5cf7468-mtx8z,59cbbbaf-6dcc-47ec-97ed-1794e4b0c8e8,prometheus,Running,True,1,1,0,"{""prometheus"": 0}","{""prometheus"": ""running""}",5,1,1,desktop-control-plane,True,"{""desktop-control-plane"": true}"
2026-09-21T23:45:14.351Z,rabbitmq-5cdf8f76b7-bwghx,0ac06c65-14a9-4bd2-b5d4-7f2a22c1c4a6,rabbitmq,Running,True,1,1,3,"{""rabbitmq"": 3}","{""rabbitmq"": ""running""}",5,1,1,desktop-control-plane,True,"{""desktop-control-plane"": true}"
2026-09-21T23:45:14.351Z,worker-5b55666b44-rqchq,2dd0ad98-71ab-4a3b-b534-291680e82fe2,worker,Running,True,1,1,3,"{""worker"": 3}","{""worker"": ""running""}",5,1,1,desktop-control-plane,True,"{""desktop-control-plane"": true}"
2026-09-21T23:45:19.351Z,api-5b87c4c9d-644vx,4eb5e333-2c24-4f54-bc63-4cc555c7c170,api,Running,True,1,1,0,"{""api"": 0}","{""api"": ""running""}",5,1,1,desktop-control-plane,True,"{""desktop-control-plane"": true}"
2026-09-21T23:45:19.351Z,api-5b87c4c9d-fkxqr,6116bc15-fd28-488e-aa5c-1a8e94a4bd92,api,Running,True,1,1,0,"{""api"": 0}","{""api"": ""running""}",5,1,1,desktop-control-plane,True,"{""desktop-control-plane"": true}"
2026-09-21T23:45:19.351Z,api-5b87c4c9d-m8nzf,90165a48-0ead-4be6-bdc9-0b16afb9b361,api,Running,True,1,1,0,"{""api"": 0}","{""api"": ""running""}",5,1,1,desktop-control-plane,True,"{""desktop-control-plane"": true}"
2026-09-21T23:45:19.351Z,api-5b87c4c9d-nfcrm,16a10e06-1c63-4416-be9b-df9e5b73aa2d,api,Running,True,1,1,0,"{""api"": 0}","{""api"": ""running""}",5,1,1,desktop-control-plane,True,"{""desktop-control-plane"": true}"
2026-09-21T23:45:19.351Z,api-5b87c4c9d-ngspb,ae2ab9e7-8f01-4ec7-8d1e-7ac88096a1c9,api,Running,True,1,1,0,"{""api"": 0}","{""api"": ""running""}",5,1,1,desktop-control-plane,True,"{""desktop-control-plane"": true}"
2026-09-21T23:45:19.351Z,gateway-856744bb66-hzcvr,cc510c63-0609-4870-b9ca-abd3e21ac480,gateway,Running,True,1,1,1,"{""gateway"": 1}","{""gateway"": ""running""}",5,1,1,desktop-control-plane,True,"{""desktop-control-plane"": true}"
2026-09-21T23:45:19.351Z,jaeger-7cc9b664cc-jt9fj,21942cdb-b601-447a-bf38-ba3b861fe91b,jaeger,Running,True,1,1,0,"{""jaeger"": 0}","{""jaeger"": ""running""}",5,1,1,desktop-control-plane,True,"{""desktop-control-plane"": true}"
2026-09-21T23:45:19.351Z,otel-collector-7c765745bf-q69jh,9ea6d084-d3d7-4c16-a0d5-9b1cc10530b3,otel-collector,Running,True,1,1,0,"{""otel-collector"": 0}","{""otel-collector"": ""running""}",5,1,1,desktop-control-plane,True,"{""desktop-control-plane"": true}"
2026-09-21T23:45:19.351Z,postgres-676cc4986c-65g8j,208c1990-5e96-493e-951b-3925c343082b,postgres,Running,True,1,1,0,"{""postgres"": 0}","{""postgres"": ""running""}",5,1,1,desktop-control-plane,True,"{""desktop-control-plane"": true}"
2026-09-21T23:45:19.351Z,prometheus-59f5cf7468-mtx8z,59cbbbaf-6dcc-47ec-97ed-1794e4b0c8e8,prometheus,Running,True,1,1,0,"{""prometheus"": 0}","{""prometheus"": ""running""}",5,1,1,desktop-control-plane,True,"{""desktop-control-plane"": true}"
2026-09-21T23:45:19.351Z,rabbitmq-5cdf8f76b7-bwghx,0ac06c65-14a9-4bd2-b5d4-7f2a22c1c4a6,rabbitmq,Running,True,1,1,3,"{""rabbitmq"": 3}","{""rabbitmq"": ""running""}",5,1,1,desktop-control-plane,True,"{""desktop-control-plane"": true}"
2026-09-21T23:45:19.351Z,worker-5b55666b44-rqchq,2dd0ad98-71ab-4a3b-b534-291680e82fe2,worker,Running,True,1,1,3,"{""worker"": 3}","{""worker"": ""running""}",5,1,1,desktop-control-plane,True,"{""desktop-control-plane"": true}"
2026-09-21T23:45:24.352Z,api-5b87c4c9d-644vx,4eb5e333-2c24-4f54-bc63-4cc555c7c170,api,Running,True,1,1,0,"{""api"": 0}","{""api"": ""running""}",5,1,1,desktop-control-plane,True,"{""desktop-control-plane"": true}"
2026-09-21T23:45:24.352Z,api-5b87c4c9d-fkxqr,6116bc15-fd28-488e-aa5c-1a8e94a4bd92,api,Running,True,1,1,0,"{""api"": 0}","{""api"": ""running""}",5,1,1,desktop-control-plane,True,"{""desktop-control-plane"": true}"
2026-09-21T23:45:24.352Z,api-5b87c4c9d-m8nzf,90165a48-0ead-4be6-bdc9-0b16afb9b361,api,Running,True,1,1,0,"{""api"": 0}","{""api"": ""running""}",5,1,1,desktop-control-plane,True,"{""desktop-control-plane"": true}"
2026-09-21T23:45:24.352Z,api-5b87c4c9d-nfcrm,16a10e06-1c63-4416-be9b-df9e5b73aa2d,api,Running,True,1,1,0,"{""api"": 0}","{""api"": ""running""}",5,1,1,desktop-control-plane,True,"{""desktop-control-plane"": true}"
2026-09-21T23:45:24.352Z,api-5b87c4c9d-ngspb,ae2ab9e7-8f01-4ec7-8d1e-7ac88096a1c9,api,Running,True,1,1,0,"{""api"": 0}","{""api"": ""running""}",5,1,1,desktop-control-plane,True,"{""desktop-control-plane"": true}"
2026-09-21T23:45:24.352Z,gateway-856744bb66-hzcvr,cc510c63-0609-4870-b9ca-abd3e21ac480,gateway,Running,True,1,1,1,"{""gateway"": 1}","{""gateway"": ""running""}",5,1,1,desktop-control-plane,True,"{""desktop-control-plane"": true}"
2026-09-21T23:45:24.352Z,jaeger-7cc9b664cc-jt9fj,21942cdb-b601-447a-bf38-ba3b861fe91b,jaeger,Running,True,1,1,0,"{""jaeger"": 0}","{""jaeger"": ""running""}",5,1,1,desktop-control-plane,True,"{""desktop-control-plane"": true}"
2026-09-21T23:45:24.352Z,otel-collector-7c765745bf-q69jh,9ea6d084-d3d7-4c16-a0d5-9b1cc10530b3,otel-collector,Running,True,1,1,0,"{""otel-collector"": 0}","{""otel-collector"": ""running""}",5,1,1,desktop-control-plane,True,"{""desktop-control-plane"": true}"
2026-09-21T23:45:24.352Z,postgres-676cc4986c-65g8j,208c1990-5e96-493e-951b-3925c343082b,postgres,Running,True,1,1,0,"{""postgres"": 0}","{""postgres"": ""running""}",5,1,1,desktop-control-plane,True,"{""desktop-control-plane"": true}"
2026-09-21T23:45:24.352Z,prometheus-59f5cf7468-mtx8z,59cbbbaf-6dcc-47ec-97ed-1794e4b0c8e8,prometheus,Running,True,1,1,0,"{""prometheus"": 0}","{""prometheus"": ""running""}",5,1,1,desktop-control-plane,True,"{""desktop-control-plane"": true}"
2026-09-21T23:45:24.352Z,rabbitmq-5cdf8f76b7-bwghx,0ac06c65-14a9-4bd2-b5d4-7f2a22c1c4a6,rabbitmq,Running,True,1,1,3,"{""rabbitmq"": 3}","{""rabbitmq"": ""running""}",5,1,1,desktop-control-plane,True,"{""desktop-control-plane"": true}"
2026-09-21T23:45:24.352Z,worker-5b55666b44-rqchq,2dd0ad98-71ab-4a3b-b534-291680e82fe2,worker,Running,True,1,1,3,"{""worker"": 3}","{""worker"": ""running""}",5,1,1,desktop-control-plane,True,"{""desktop-control-plane"": true}"
2026-09-21T23:45:29.352Z,api-5b87c4c9d-644vx,4eb5e333-2c24-4f54-bc63-4cc555c7c170,api,Running,True,1,1,0,"{""api"": 0}","{""api"": ""running""}",5,1,1,desktop-control-plane,True,"{""desktop-control-plane"": true}"
2026-09-21T23:45:29.352Z,api-5b87c4c9d-fkxqr,6116bc15-fd28-488e-aa5c-1a8e94a4bd92,api,Running,True,1,1,0,"{""api"": 0}","{""api"": ""running""}",5,1,1,desktop-control-plane,True,"{""desktop-control-plane"": true}"
2026-09-21T23:45:29.352Z,api-5b87c4c9d-m8nzf,90165a48-0ead-4be6-bdc9-0b16afb9b361,api,Running,True,1,1,0,"{""api"": 0}","{""api"": ""running""}",5,1,1,desktop-control-plane,True,"{""desktop-control-plane"": true}"
2026-09-21T23:45:29.352Z,api-5b87c4c9d-nfcrm,16a10e06-1c63-4416-be9b-df9e5b73aa2d,api,Running,True,1,1,0,"{""api"": 0}","{""api"": ""running""}",5,1,1,desktop-control-plane,True,"{""desktop-control-plane"": true}"
2026-09-21T23:45:29.352Z,api-5b87c4c9d-ngspb,ae2ab9e7-8f01-4ec7-8d1e-7ac88096a1c9,api,Running,True,1,1,0,"{""api"": 0}","{""api"": ""running""}",5,1,1,desktop-control-plane,True,"{""desktop-control-plane"": true}"
2026-09-21T23:45:29.352Z,gateway-856744bb66-hzcvr,cc510c63-0609-4870-b9ca-abd3e21ac480,gateway,Running,True,1,1,1,"{""gateway"": 1}","{""gateway"": ""running""}",5,1,1,desktop-control-plane,True,"{""desktop-control-plane"": true}"
2026-09-21T23:45:29.352Z,jaeger-7cc9b664cc-jt9fj,21942cdb-b601-447a-bf38-ba3b861fe91b,jaeger,Running,True,1,1,0,"{""jaeger"": 0}","{""jaeger"": ""running""}",5,1,1,desktop-control-plane,True,"{""desktop-control-plane"": true}"
2026-09-21T23:45:29.352Z,otel-collector-7c765745bf-q69jh,9ea6d084-d3d7-4c16-a0d5-9b1cc10530b3,otel-collector,Running,True,1,1,0,"{""otel-collector"": 0}","{""otel-collector"": ""running""}",5,1,1,desktop-control-plane,True,"{""desktop-control-plane"": true}"
2026-09-21T23:45:29.352Z,postgres-676cc4986c-65g8j,208c1990-5e96-493e-951b-3925c343082b,postgres,Running,True,1,1,0,"{""postgres"": 0}","{""postgres"": ""running""}",5,1,1,desktop-control-plane,True,"{""desktop-control-plane"": true}"
2026-09-21T23:45:29.352Z,prometheus-59f5cf7468-mtx8z,59cbbbaf-6dcc-47ec-97ed-1794e4b0c8e8,prometheus,Running,True,1,1,0,"{""prometheus"": 0}","{""prometheus"": ""running""}",5,1,1,desktop-control-plane,True,"{""desktop-control-plane"": true}"
2026-09-21T23:45:29.352Z,rabbitmq-5cdf8f76b7-bwghx,0ac06c65-14a9-4bd2-b5d4-7f2a22c1c4a6,rabbitmq,Running,True,1,1,3,"{""rabbitmq"": 3}","{""rabbitmq"": ""running""}",5,1,1,desktop-control-plane,True,"{""desktop-control-plane"": true}"
2026-09-21T23:45:29.352Z,worker-5b55666b44-rqchq,2dd0ad98-71ab-4a3b-b534-291680e82fe2,worker,Running,True,1,1,3,"{""worker"": 3}","{""worker"": ""running""}",5,1,1,desktop-control-plane,True,"{""desktop-control-plane"": true}"
2026-09-21T23:45:34.352Z,api-5b87c4c9d-644vx,4eb5e333-2c24-4f54-bc63-4cc555c7c170,api,Running,True,1,1,0,"{""api"": 0}","{""api"": ""running""}",5,1,1,desktop-control-plane,True,"{""desktop-control-plane"": true}"
2026-09-21T23:45:34.352Z,api-5b87c4c9d-fkxqr,6116bc15-fd28-488e-aa5c-1a8e94a4bd92,api,Running,True,1,1,0,"{""api"": 0}","{""api"": ""running""}",5,1,1,desktop-control-plane,True,"{""desktop-control-plane"": true}"
2026-09-21T23:45:34.352Z,api-5b87c4c9d-m8nzf,90165a48-0ead-4be6-bdc9-0b16afb9b361,api,Running,True,1,1,0,"{""api"": 0}","{""api"": ""running""}",5,1,1,desktop-control-plane,True,"{""desktop-control-plane"": true}"
2026-09-21T23:45:34.352Z,api-5b87c4c9d-nfcrm,16a10e06-1c63-4416-be9b-df9e5b73aa2d,api,Running,True,1,1,0,"{""api"": 0}","{""api"": ""running""}",5,1,1,desktop-control-plane,True,"{""desktop-control-plane"": true}"
2026-09-21T23:45:34.352Z,api-5b87c4c9d-ngspb,ae2ab9e7-8f01-4ec7-8d1e-7ac88096a1c9,api,Running,True,1,1,0,"{""api"": 0}","{""api"": ""running""}",5,1,1,desktop-control-plane,True,"{""desktop-control-plane"": true}"
2026-09-21T23:45:34.352Z,gateway-856744bb66-hzcvr,cc510c63-0609-4870-b9ca-abd3e21ac480,gateway,Running,True,1,1,1,"{""gateway"": 1}","{""gateway"": ""running""}",5,1,1,desktop-control-plane,True,"{""desktop-control-plane"": true}"
2026-09-21T23:45:34.352Z,jaeger-7cc9b664cc-jt9fj,21942cdb-b601-447a-bf38-ba3b861fe91b,jaeger,Running,True,1,1,0,"{""jaeger"": 0}","{""jaeger"": ""running""}",5,1,1,desktop-control-plane,True,"{""desktop-control-plane"": true}"
2026-09-21T23:45:34.352Z,otel-collector-7c765745bf-q69jh,9ea6d084-d3d7-4c16-a0d5-9b1cc10530b3,otel-collector,Running,True,1,1,0,"{""otel-collector"": 0}","{""otel-collector"": ""running""}",5,1,1,desktop-control-plane,True,"{""desktop-control-plane"": true}"
2026-09-21T23:45:34.352Z,postgres-676cc4986c-65g8j,208c1990-5e96-493e-951b-3925c343082b,postgres,Running,True,1,1,0,"{""postgres"": 0}","{""postgres"": ""running""}",5,1,1,desktop-control-plane,True,"{""desktop-control-plane"": true}"
2026-09-21T23:45:34.352Z,prometheus-59f5cf7468-mtx8z,59cbbbaf-6dcc-47ec-97ed-1794e4b0c8e8,prometheus,Running,True,1,1,0,"{""prometheus"": 0}","{""prometheus"": ""running""}",5,1,1,desktop-control-plane,True,"{""desktop-control-plane"": true}"
2026-09-21T23:45:34.352Z,rabbitmq-5cdf8f76b7-bwghx,0ac06c65-14a9-4bd2-b5d4-7f2a22c1c4a6,rabbitmq,Running,True,1,1,3,"{""rabbitmq"": 3}","{""rabbitmq"": ""running""}",5,1,1,desktop-control-plane,True,"{""desktop-control-plane"": true}"
2026-09-21T23:45:34.352Z,worker-5b55666b44-rqchq,2dd0ad98-71ab-4a3b-b534-291680e82fe2,worker,Running,True,1,1,3,"{""worker"": 3}","{""worker"": ""running""}",5,1,1,desktop-control-plane,True,"{""desktop-control-plane"": true}"
2026-09-21T23:45:39.353Z,api-5b87c4c9d-644vx,4eb5e333-2c24-4f54-bc63-4cc555c7c170,api,Running,True,1,1,0,"{""api"": 0}","{""api"": ""running""}",5,1,1,desktop-control-plane,True,"{""desktop-control-plane"": true}"
2026-09-21T23:45:39.353Z,api-5b87c4c9d-fkxqr,6116bc15-fd28-488e-aa5c-1a8e94a4bd92,api,Running,True,1,1,0,"{""api"": 0}","{""api"": ""running""}",5,1,1,desktop-control-plane,True,"{""desktop-control-plane"": true}"
2026-09-21T23:45:39.353Z,api-5b87c4c9d-m8nzf,90165a48-0ead-4be6-bdc9-0b16afb9b361,api,Running,True,1,1,0,"{""api"": 0}","{""api"": ""running""}",5,1,1,desktop-control-plane,True,"{""desktop-control-plane"": true}"
2026-09-21T23:45:39.353Z,api-5b87c4c9d-nfcrm,16a10e06-1c63-4416-be9b-df9e5b73aa2d,api,Running,True,1,1,0,"{""api"": 0}","{""api"": ""running""}",5,1,1,desktop-control-plane,True,"{""desktop-control-plane"": true}"
2026-09-21T23:45:39.353Z,api-5b87c4c9d-ngspb,ae2ab9e7-8f01-4ec7-8d1e-7ac88096a1c9,api,Running,True,1,1,0,"{""api"": 0}","{""api"": ""running""}",5,1,1,desktop-control-plane,True,"{""desktop-control-plane"": true}"
2026-09-21T23:45:39.353Z,gateway-856744bb66-hzcvr,cc510c63-0609-4870-b9ca-abd3e21ac480,gateway,Running,True,1,1,1,"{""gateway"": 1}","{""gateway"": ""running""}",5,1,1,desktop-control-plane,True,"{""desktop-control-plane"": true}"
2026-09-21T23:45:39.353Z,jaeger-7cc9b664cc-jt9fj,21942cdb-b601-447a-bf38-ba3b861fe91b,jaeger,Running,True,1,1,0,"{""jaeger"": 0}","{""jaeger"": ""running""}",5,1,1,desktop-control-plane,True,"{""desktop-control-plane"": true}"
2026-09-21T23:45:39.353Z,otel-collector-7c765745bf-q69jh,9ea6d084-d3d7-4c16-a0d5-9b1cc10530b3,otel-collector,Running,True,1,1,0,"{""otel-collector"": 0}","{""otel-collector"": ""running""}",5,1,1,desktop-control-plane,True,"{""desktop-control-plane"": true}"
2026-09-21T23:45:39.353Z,postgres-676cc4986c-65g8j,208c1990-5e96-493e-951b-3925c343082b,postgres,Running,True,1,1,0,"{""postgres"": 0}","{""postgres"": ""running""}",5,1,1,desktop-control-plane,True,"{""desktop-control-plane"": true}"
2026-09-21T23:45:39.353Z,prometheus-59f5cf7468-mtx8z,59cbbbaf-6dcc-47ec-97ed-1794e4b0c8e8,prometheus,Running,True,1,1,0,"{""prometheus"": 0}","{""prometheus"": ""running""}",5,1,1,desktop-control-plane,True,"{""desktop-control-plane"": true}"
2026-09-21T23:45:39.353Z,rabbitmq-5cdf8f76b7-bwghx,0ac06c65-14a9-4bd2-b5d4-7f2a22c1c4a6,rabbitmq,Running,True,1,1,3,"{""rabbitmq"": 3}","{""rabbitmq"": ""running""}",5,1,1,desktop-control-plane,True,"{""desktop-control-plane"": true}"
2026-09-21T23:45:39.353Z,worker-5b55666b44-rqchq,2dd0ad98-71ab-4a3b-b534-291680e82fe2,worker,Running,True,1,1,3,"{""worker"": 3}","{""worker"": ""running""}",5,1,1,desktop-control-plane,True,"{""desktop-control-plane"": true}"
2026-09-21T23:45:44.353Z,api-5b87c4c9d-644vx,4eb5e333-2c24-4f54-bc63-4cc555c7c170,api,Running,True,1,1,0,"{""api"": 0}","{""api"": ""running""}",5,1,1,desktop-control-plane,True,"{""desktop-control-plane"": true}"
2026-09-21T23:45:44.353Z,api-5b87c4c9d-fkxqr,6116bc15-fd28-488e-aa5c-1a8e94a4bd92,api,Running,True,1,1,0,"{""api"": 0}","{""api"": ""running""}",5,1,1,desktop-control-plane,True,"{""desktop-control-plane"": true}"
2026-09-21T23:45:44.353Z,api-5b87c4c9d-m8nzf,90165a48-0ead-4be6-bdc9-0b16afb9b361,api,Running,True,1,1,0,"{""api"": 0}","{""api"": ""running""}",5,1,1,desktop-control-plane,True,"{""desktop-control-plane"": true}"
2026-09-21T23:45:44.353Z,api-5b87c4c9d-nfcrm,16a10e06-1c63-4416-be9b-df9e5b73aa2d,api,Running,True,1,1,0,"{""api"": 0}","{""api"": ""running""}",5,1,1,desktop-control-plane,True,"{""desktop-control-plane"": true}"
2026-09-21T23:45:44.353Z,api-5b87c4c9d-ngspb,ae2ab9e7-8f01-4ec7-8d1e-7ac88096a1c9,api,Running,True,1,1,0,"{""api"": 0}","{""api"": ""running""}",5,1,1,desktop-control-plane,True,"{""desktop-control-plane"": true}"
2026-09-21T23:45:44.353Z,gateway-856744bb66-hzcvr,cc510c63-0609-4870-b9ca-abd3e21ac480,gateway,Running,True,1,1,1,"{""gateway"": 1}","{""gateway"": ""running""}",5,1,1,desktop-control-plane,True,"{""desktop-control-plane"": true}"
2026-09-21T23:45:44.353Z,jaeger-7cc9b664cc-jt9fj,21942cdb-b601-447a-bf38-ba3b861fe91b,jaeger,Running,True,1,1,0,"{""jaeger"": 0}","{""jaeger"": ""running""}",5,1,1,desktop-control-plane,True,"{""desktop-control-plane"": true}"
2026-09-21T23:45:44.353Z,otel-collector-7c765745bf-q69jh,9ea6d084-d3d7-4c16-a0d5-9b1cc10530b3,otel-collector,Running,True,1,1,0,"{""otel-collector"": 0}","{""otel-collector"": ""running""}",5,1,1,desktop-control-plane,True,"{""desktop-control-plane"": true}"
2026-09-21T23:45:44.353Z,postgres-676cc4986c-65g8j,208c1990-5e96-493e-951b-3925c343082b,postgres,Running,True,1,1,0,"{""postgres"": 0}","{""postgres"": ""running""}",5,1,1,desktop-control-plane,True,"{""desktop-control-plane"": true}"
2026-09-21T23:45:44.353Z,prometheus-59f5cf7468-mtx8z,59cbbbaf-6dcc-47ec-97ed-1794e4b0c8e8,prometheus,Running,True,1,1,0,"{""prometheus"": 0}","{""prometheus"": ""running""}",5,1,1,desktop-control-plane,True,"{""desktop-control-plane"": true}"
2026-09-21T23:45:44.353Z,rabbitmq-5cdf8f76b7-bwghx,0ac06c65-14a9-4bd2-b5d4-7f2a22c1c4a6,rabbitmq,Running,True,1,1,3,"{""rabbitmq"": 3}","{""rabbitmq"": ""running""}",5,1,1,desktop-control-plane,True,"{""desktop-control-plane"": true}"
2026-09-21T23:45:44.353Z,worker-5b55666b44-rqchq,2dd0ad98-71ab-4a3b-b534-291680e82fe2,worker,Running,True,1,1,3,"{""worker"": 3}","{""worker"": ""running""}",5,1,1,desktop-control-plane,True,"{""desktop-control-plane"": true}"
2026-09-21T23:45:49.353Z,api-5b87c4c9d-644vx,4eb5e333-2c24-4f54-bc63-4cc555c7c170,api,Running,True,1,1,0,"{""api"": 0}","{""api"": ""running""}",5,1,1,desktop-control-plane,True,"{""desktop-control-plane"": true}"
2026-09-21T23:45:49.353Z,api-5b87c4c9d-fkxqr,6116bc15-fd28-488e-aa5c-1a8e94a4bd92,api,Running,True,1,1,0,"{""api"": 0}","{""api"": ""running""}",5,1,1,desktop-control-plane,True,"{""desktop-control-plane"": true}"
2026-09-21T23:45:49.353Z,api-5b87c4c9d-m8nzf,90165a48-0ead-4be6-bdc9-0b16afb9b361,api,Running,True,1,1,0,"{""api"": 0}","{""api"": ""running""}",5,1,1,desktop-control-plane,True,"{""desktop-control-plane"": true}"
2026-09-21T23:45:49.353Z,api-5b87c4c9d-nfcrm,16a10e06-1c63-4416-be9b-df9e5b73aa2d,api,Running,True,1,1,0,"{""api"": 0}","{""api"": ""running""}",5,1,1,desktop-control-plane,True,"{""desktop-control-plane"": true}"
2026-09-21T23:45:49.353Z,api-5b87c4c9d-ngspb,ae2ab9e7-8f01-4ec7-8d1e-7ac88096a1c9,api,Running,True,1,1,0,"{""api"": 0}","{""api"": ""running""}",5,1,1,desktop-control-plane,True,"{""desktop-control-plane"": true}"
2026-09-21T23:45:49.353Z,gateway-856744bb66-hzcvr,cc510c63-0609-4870-b9ca-abd3e21ac480,gateway,Running,True,1,1,1,"{""gateway"": 1}","{""gateway"": ""running""}",5,1,1,desktop-control-plane,True,"{""desktop-control-plane"": true}"
2026-09-21T23:45:49.353Z,jaeger-7cc9b664cc-jt9fj,21942cdb-b601-447a-bf38-ba3b861fe91b,jaeger,Running,True,1,1,0,"{""jaeger"": 0}","{""jaeger"": ""running""}",5,1,1,desktop-control-plane,True,"{""desktop-control-plane"": true}"
2026-09-21T23:45:49.353Z,otel-collector-7c765745bf-q69jh,9ea6d084-d3d7-4c16-a0d5-9b1cc10530b3,otel-collector,Running,True,1,1,0,"{""otel-collector"": 0}","{""otel-collector"": ""running""}",5,1,1,desktop-control-plane,True,"{""desktop-control-plane"": true}"
2026-09-21T23:45:49.353Z,postgres-676cc4986c-65g8j,208c1990-5e96-493e-951b-3925c343082b,postgres,Running,True,1,1,0,"{""postgres"": 0}","{""postgres"": ""running""}",5,1,1,desktop-control-plane,True,"{""desktop-control-plane"": true}"
2026-09-21T23:45:49.353Z,prometheus-59f5cf7468-mtx8z,59cbbbaf-6dcc-47ec-97ed-1794e4b0c8e8,prometheus,Running,True,1,1,0,"{""prometheus"": 0}","{""prometheus"": ""running""}",5,1,1,desktop-control-plane,True,"{""desktop-control-plane"": true}"
2026-09-21T23:45:49.353Z,rabbitmq-5cdf8f76b7-bwghx,0ac06c65-14a9-4bd2-b5d4-7f2a22c1c4a6,rabbitmq,Running,True,1,1,3,"{""rabbitmq"": 3}","{""rabbitmq"": ""running""}",5,1,1,desktop-control-plane,True,"{""desktop-control-plane"": true}"
2026-09-21T23:45:49.353Z,worker-5b55666b44-rqchq,2dd0ad98-71ab-4a3b-b534-291680e82fe2,worker,Running,True,1,1,3,"{""worker"": 3}","{""worker"": ""running""}",5,1,1,desktop-control-plane,True,"{""desktop-control-plane"": true}"
2026-09-21T23:45:54.353Z,api-5b87c4c9d-644vx,4eb5e333-2c24-4f54-bc63-4cc555c7c170,api,Running,True,1,1,0,"{""api"": 0}","{""api"": ""running""}",5,1,1,desktop-control-plane,True,"{""desktop-control-plane"": true}"
2026-09-21T23:45:54.353Z,api-5b87c4c9d-fkxqr,6116bc15-fd28-488e-aa5c-1a8e94a4bd92,api,Running,True,1,1,0,"{""api"": 0}","{""api"": ""running""}",5,1,1,desktop-control-plane,True,"{""desktop-control-plane"": true}"
2026-09-21T23:45:54.353Z,api-5b87c4c9d-m8nzf,90165a48-0ead-4be6-bdc9-0b16afb9b361,api,Running,True,1,1,0,"{""api"": 0}","{""api"": ""running""}",5,1,1,desktop-control-plane,True,"{""desktop-control-plane"": true}"
2026-09-21T23:45:54.353Z,api-5b87c4c9d-nfcrm,16a10e06-1c63-4416-be9b-df9e5b73aa2d,api,Running,True,1,1,0,"{""api"": 0}","{""api"": ""running""}",5,1,1,desktop-control-plane,True,"{""desktop-control-plane"": true}"
2026-09-21T23:45:54.353Z,api-5b87c4c9d-ngspb,ae2ab9e7-8f01-4ec7-8d1e-7ac88096a1c9,api,Running,True,1,1,0,"{""api"": 0}","{""api"": ""running""}",5,1,1,desktop-control-plane,True,"{""desktop-control-plane"": true}"
2026-09-21T23:45:54.353Z,gateway-856744bb66-hzcvr,cc510c63-0609-4870-b9ca-abd3e21ac480,gateway,Running,True,1,1,1,"{""gateway"": 1}","{""gateway"": ""running""}",5,1,1,desktop-control-plane,True,"{""desktop-control-plane"": true}"
2026-09-21T23:45:54.353Z,jaeger-7cc9b664cc-jt9fj,21942cdb-b601-447a-bf38-ba3b861fe91b,jaeger,Running,True,1,1,0,"{""jaeger"": 0}","{""jaeger"": ""running""}",5,1,1,desktop-control-plane,True,"{""desktop-control-plane"": true}"
2026-09-21T23:45:54.353Z,otel-collector-7c765745bf-q69jh,9ea6d084-d3d7-4c16-a0d5-9b1cc10530b3,otel-collector,Running,True,1,1,0,"{""otel-collector"": 0}","{""otel-collector"": ""running""}",5,1,1,desktop-control-plane,True,"{""desktop-control-plane"": true}"
2026-09-21T23:45:54.353Z,postgres-676cc4986c-65g8j,208c1990-5e96-493e-951b-3925c343082b,postgres,Running,True,1,1,0,"{""postgres"": 0}","{""postgres"": ""running""}",5,1,1,desktop-control-plane,True,"{""desktop-control-plane"": true}"
2026-09-21T23:45:54.353Z,prometheus-59f5cf7468-mtx8z,59cbbbaf-6dcc-47ec-97ed-1794e4b0c8e8,prometheus,Running,True,1,1,0,"{""prometheus"": 0}","{""prometheus"": ""running""}",5,1,1,desktop-control-plane,True,"{""desktop-control-plane"": true}"
2026-09-21T23:45:54.353Z,rabbitmq-5cdf8f76b7-bwghx,0ac06c65-14a9-4bd2-b5d4-7f2a22c1c4a6,rabbitmq,Running,True,1,1,3,"{""rabbitmq"": 3}","{""rabbitmq"": ""running""}",5,1,1,desktop-control-plane,True,"{""desktop-control-plane"": true}"
2026-09-21T23:45:54.353Z,worker-5b55666b44-rqchq,2dd0ad98-71ab-4a3b-b534-291680e82fe2,worker,Running,True,1,1,3,"{""worker"": 3}","{""worker"": ""running""}",5,1,1,desktop-control-plane,True,"{""desktop-control-plane"": true}"
2026-09-21T23:45:59.354Z,api-5b87c4c9d-644vx,4eb5e333-2c24-4f54-bc63-4cc555c7c170,api,Running,True,1,1,0,"{""api"": 0}","{""api"": ""running""}",5,1,1,desktop-control-plane,True,"{""desktop-control-plane"": true}"
2026-09-21T23:45:59.354Z,api-5b87c4c9d-fkxqr,6116bc15-fd28-488e-aa5c-1a8e94a4bd92,api,Running,True,1,1,0,"{""api"": 0}","{""api"": ""running""}",5,1,1,desktop-control-plane,True,"{""desktop-control-plane"": true}"
2026-09-21T23:45:59.354Z,api-5b87c4c9d-m8nzf,90165a48-0ead-4be6-bdc9-0b16afb9b361,api,Running,True,1,1,0,"{""api"": 0}","{""api"": ""running""}",5,1,1,desktop-control-plane,True,"{""desktop-control-plane"": true}"
2026-09-21T23:45:59.354Z,api-5b87c4c9d-nfcrm,16a10e06-1c63-4416-be9b-df9e5b73aa2d,api,Running,True,1,1,0,"{""api"": 0}","{""api"": ""running""}",5,1,1,desktop-control-plane,True,"{""desktop-control-plane"": true}"
2026-09-21T23:45:59.354Z,api-5b87c4c9d-ngspb,ae2ab9e7-8f01-4ec7-8d1e-7ac88096a1c9,api,Running,True,1,1,0,"{""api"": 0}","{""api"": ""running""}",5,1,1,desktop-control-plane,True,"{""desktop-control-plane"": true}"
2026-09-21T23:45:59.354Z,gateway-856744bb66-hzcvr,cc510c63-0609-4870-b9ca-abd3e21ac480,gateway,Running,True,1,1,1,"{""gateway"": 1}","{""gateway"": ""running""}",5,1,1,desktop-control-plane,True,"{""desktop-control-plane"": true}"
2026-09-21T23:45:59.354Z,jaeger-7cc9b664cc-jt9fj,21942cdb-b601-447a-bf38-ba3b861fe91b,jaeger,Running,True,1,1,0,"{""jaeger"": 0}","{""jaeger"": ""running""}",5,1,1,desktop-control-plane,True,"{""desktop-control-plane"": true}"
2026-09-21T23:45:59.354Z,otel-collector-7c765745bf-q69jh,9ea6d084-d3d7-4c16-a0d5-9b1cc10530b3,otel-collector,Running,True,1,1,0,"{""otel-collector"": 0}","{""otel-collector"": ""running""}",5,1,1,desktop-control-plane,True,"{""desktop-control-plane"": true}"
2026-09-21T23:45:59.354Z,postgres-676cc4986c-65g8j,208c1990-5e96-493e-951b-3925c343082b,postgres,Running,True,1,1,0,"{""postgres"": 0}","{""postgres"": ""running""}",5,1,1,desktop-control-plane,True,"{""desktop-control-plane"": true}"
2026-09-21T23:45:59.354Z,prometheus-59f5cf7468-mtx8z,59cbbbaf-6dcc-47ec-97ed-1794e4b0c8e8,prometheus,Running,True,1,1,0,"{""prometheus"": 0}","{""prometheus"": ""running""}",5,1,1,desktop-control-plane,True,"{""desktop-control-plane"": true}"
2026-09-21T23:45:59.354Z,rabbitmq-5cdf8f76b7-bwghx,0ac06c65-14a9-4bd2-b5d4-7f2a22c1c4a6,rabbitmq,Running,True,1,1,3,"{""rabbitmq"": 3}","{""rabbitmq"": ""running""}",5,1,1,desktop-control-plane,True,"{""desktop-control-plane"": true}"
2026-09-21T23:45:59.354Z,worker-5b55666b44-rqchq,2dd0ad98-71ab-4a3b-b534-291680e82fe2,worker,Running,True,1,1,3,"{""worker"": 3}","{""worker"": ""running""}",5,1,1,desktop-control-plane,True,"{""desktop-control-plane"": true}"
2026-09-21T23:46:04.354Z,api-5b87c4c9d-644vx,4eb5e333-2c24-4f54-bc63-4cc555c7c170,api,Running,True,1,1,0,"{""api"": 0}","{""api"": ""running""}",5,1,1,desktop-control-plane,True,"{""desktop-control-plane"": true}"
2026-09-21T23:46:04.354Z,api-5b87c4c9d-fkxqr,6116bc15-fd28-488e-aa5c-1a8e94a4bd92,api,Running,True,1,1,0,"{""api"": 0}","{""api"": ""running""}",5,1,1,desktop-control-plane,True,"{""desktop-control-plane"": true}"
2026-09-21T23:46:04.354Z,api-5b87c4c9d-m8nzf,90165a48-0ead-4be6-bdc9-0b16afb9b361,api,Running,True,1,1,0,"{""api"": 0}","{""api"": ""running""}",5,1,1,desktop-control-plane,True,"{""desktop-control-plane"": true}"
2026-09-21T23:46:04.354Z,api-5b87c4c9d-nfcrm,16a10e06-1c63-4416-be9b-df9e5b73aa2d,api,Running,True,1,1,0,"{""api"": 0}","{""api"": ""running""}",5,1,1,desktop-control-plane,True,"{""desktop-control-plane"": true}"
2026-09-21T23:46:04.354Z,api-5b87c4c9d-ngspb,ae2ab9e7-8f01-4ec7-8d1e-7ac88096a1c9,api,Running,True,1,1,0,"{""api"": 0}","{""api"": ""running""}",5,1,1,desktop-control-plane,True,"{""desktop-control-plane"": true}"
2026-09-21T23:46:04.354Z,gateway-856744bb66-hzcvr,cc510c63-0609-4870-b9ca-abd3e21ac480,gateway,Running,True,1,1,1,"{""gateway"": 1}","{""gateway"": ""running""}",5,1,1,desktop-control-plane,True,"{""desktop-control-plane"": true}"
2026-09-21T23:46:04.354Z,jaeger-7cc9b664cc-jt9fj,21942cdb-b601-447a-bf38-ba3b861fe91b,jaeger,Running,True,1,1,0,"{""jaeger"": 0}","{""jaeger"": ""running""}",5,1,1,desktop-control-plane,True,"{""desktop-control-plane"": true}"
2026-09-21T23:46:04.354Z,otel-collector-7c765745bf-q69jh,9ea6d084-d3d7-4c16-a0d5-9b1cc10530b3,otel-collector,Running,True,1,1,0,"{""otel-collector"": 0}","{""otel-collector"": ""running""}",5,1,1,desktop-control-plane,True,"{""desktop-control-plane"": true}"
2026-09-21T23:46:04.354Z,postgres-676cc4986c-65g8j,208c1990-5e96-493e-951b-3925c343082b,postgres,Running,True,1,1,0,"{""postgres"": 0}","{""postgres"": ""running""}",5,1,1,desktop-control-plane,True,"{""desktop-control-plane"": true}"
2026-09-21T23:46:04.354Z,prometheus-59f5cf7468-mtx8z,59cbbbaf-6dcc-47ec-97ed-1794e4b0c8e8,prometheus,Running,True,1,1,0,"{""prometheus"": 0}","{""prometheus"": ""running""}",5,1,1,desktop-control-plane,True,"{""desktop-control-plane"": true}"
2026-09-21T23:46:04.354Z,rabbitmq-5cdf8f76b7-bwghx,0ac06c65-14a9-4bd2-b5d4-7f2a22c1c4a6,rabbitmq,Running,True,1,1,3,"{""rabbitmq"": 3}","{""rabbitmq"": ""running""}",5,1,1,desktop-control-plane,True,"{""desktop-control-plane"": true}"
2026-09-21T23:46:04.354Z,worker-5b55666b44-rqchq,2dd0ad98-71ab-4a3b-b534-291680e82fe2,worker,Running,True,1,1,3,"{""worker"": 3}","{""worker"": ""running""}",5,1,1,desktop-control-plane,True,"{""desktop-control-plane"": true}"
2026-09-21T23:46:09.354Z,api-5b87c4c9d-644vx,4eb5e333-2c24-4f54-bc63-4cc555c7c170,api,Running,True,1,1,0,"{""api"": 0}","{""api"": ""running""}",5,1,1,desktop-control-plane,True,"{""desktop-control-plane"": true}"
2026-09-21T23:46:09.354Z,api-5b87c4c9d-fkxqr,6116bc15-fd28-488e-aa5c-1a8e94a4bd92,api,Running,True,1,1,0,"{""api"": 0}","{""api"": ""running""}",5,1,1,desktop-control-plane,True,"{""desktop-control-plane"": true}"
2026-09-21T23:46:09.354Z,api-5b87c4c9d-m8nzf,90165a48-0ead-4be6-bdc9-0b16afb9b361,api,Running,True,1,1,0,"{""api"": 0}","{""api"": ""running""}",5,1,1,desktop-control-plane,True,"{""desktop-control-plane"": true}"
2026-09-21T23:46:09.354Z,api-5b87c4c9d-nfcrm,16a10e06-1c63-4416-be9b-df9e5b73aa2d,api,Running,True,1,1,0,"{""api"": 0}","{""api"": ""running""}",5,1,1,desktop-control-plane,True,"{""desktop-control-plane"": true}"
2026-09-21T23:46:09.354Z,api-5b87c4c9d-ngspb,ae2ab9e7-8f01-4ec7-8d1e-7ac88096a1c9,api,Running,True,1,1,0,"{""api"": 0}","{""api"": ""running""}",5,1,1,desktop-control-plane,True,"{""desktop-control-plane"": true}"
2026-09-21T23:46:09.354Z,gateway-856744bb66-hzcvr,cc510c63-0609-4870-b9ca-abd3e21ac480,gateway,Running,True,1,1,1,"{""gateway"": 1}","{""gateway"": ""running""}",5,1,1,desktop-control-plane,True,"{""desktop-control-plane"": true}"
2026-09-21T23:46:09.354Z,jaeger-7cc9b664cc-jt9fj,21942cdb-b601-447a-bf38-ba3b861fe91b,jaeger,Running,True,1,1,0,"{""jaeger"": 0}","{""jaeger"": ""running""}",5,1,1,desktop-control-plane,True,"{""desktop-control-plane"": true}"
2026-09-21T23:46:09.354Z,otel-collector-7c765745bf-q69jh,9ea6d084-d3d7-4c16-a0d5-9b1cc10530b3,otel-collector,Running,True,1,1,0,"{""otel-collector"": 0}","{""otel-collector"": ""running""}",5,1,1,desktop-control-plane,True,"{""desktop-control-plane"": true}"
2026-09-21T23:46:09.354Z,postgres-676cc4986c-65g8j,208c1990-5e96-493e-951b-3925c343082b,postgres,Running,True,1,1,0,"{""postgres"": 0}","{""postgres"": ""running""}",5,1,1,desktop-control-plane,True,"{""desktop-control-plane"": true}"
2026-09-21T23:46:09.354Z,prometheus-59f5cf7468-mtx8z,59cbbbaf-6dcc-47ec-97ed-1794e4b0c8e8,prometheus,Running,True,1,1,0,"{""prometheus"": 0}","{""prometheus"": ""running""}",5,1,1,desktop-control-plane,True,"{""desktop-control-plane"": true}"
2026-09-21T23:46:09.354Z,rabbitmq-5cdf8f76b7-bwghx,0ac06c65-14a9-4bd2-b5d4-7f2a22c1c4a6,rabbitmq,Running,True,1,1,3,"{""rabbitmq"": 3}","{""rabbitmq"": ""running""}",5,1,1,desktop-control-plane,True,"{""desktop-control-plane"": true}"
2026-09-21T23:46:09.354Z,worker-5b55666b44-rqchq,2dd0ad98-71ab-4a3b-b534-291680e82fe2,worker,Running,True,1,1,3,"{""worker"": 3}","{""worker"": ""running""}",5,1,1,desktop-control-plane,True,"{""desktop-control-plane"": true}"
2026-09-21T23:46:14.355Z,api-5b87c4c9d-644vx,4eb5e333-2c24-4f54-bc63-4cc555c7c170,api,Running,True,1,1,0,"{""api"": 0}","{""api"": ""running""}",5,1,1,desktop-control-plane,True,"{""desktop-control-plane"": true}"
2026-09-21T23:46:14.355Z,api-5b87c4c9d-fkxqr,6116bc15-fd28-488e-aa5c-1a8e94a4bd92,api,Running,True,1,1,0,"{""api"": 0}","{""api"": ""running""}",5,1,1,desktop-control-plane,True,"{""desktop-control-plane"": true}"
2026-09-21T23:46:14.355Z,api-5b87c4c9d-m8nzf,90165a48-0ead-4be6-bdc9-0b16afb9b361,api,Running,True,1,1,0,"{""api"": 0}","{""api"": ""running""}",5,1,1,desktop-control-plane,True,"{""desktop-control-plane"": true}"
2026-09-21T23:46:14.355Z,api-5b87c4c9d-nfcrm,16a10e06-1c63-4416-be9b-df9e5b73aa2d,api,Running,True,1,1,0,"{""api"": 0}","{""api"": ""running""}",5,1,1,desktop-control-plane,True,"{""desktop-control-plane"": true}"
2026-09-21T23:46:14.355Z,api-5b87c4c9d-ngspb,ae2ab9e7-8f01-4ec7-8d1e-7ac88096a1c9,api,Running,True,1,1,0,"{""api"": 0}","{""api"": ""running""}",5,1,1,desktop-control-plane,True,"{""desktop-control-plane"": true}"
2026-09-21T23:46:14.355Z,gateway-856744bb66-hzcvr,cc510c63-0609-4870-b9ca-abd3e21ac480,gateway,Running,True,1,1,1,"{""gateway"": 1}","{""gateway"": ""running""}",5,1,1,desktop-control-plane,True,"{""desktop-control-plane"": true}"
2026-09-21T23:46:14.355Z,jaeger-7cc9b664cc-jt9fj,21942cdb-b601-447a-bf38-ba3b861fe91b,jaeger,Running,True,1,1,0,"{""jaeger"": 0}","{""jaeger"": ""running""}",5,1,1,desktop-control-plane,True,"{""desktop-control-plane"": true}"
2026-09-21T23:46:14.355Z,otel-collector-7c765745bf-q69jh,9ea6d084-d3d7-4c16-a0d5-9b1cc10530b3,otel-collector,Running,True,1,1,0,"{""otel-collector"": 0}","{""otel-collector"": ""running""}",5,1,1,desktop-control-plane,True,"{""desktop-control-plane"": true}"
2026-09-21T23:46:14.355Z,postgres-676cc4986c-65g8j,208c1990-5e96-493e-951b-3925c343082b,postgres,Running,True,1,1,0,"{""postgres"": 0}","{""postgres"": ""running""}",5,1,1,desktop-control-plane,True,"{""desktop-control-plane"": true}"
2026-09-21T23:46:14.355Z,prometheus-59f5cf7468-mtx8z,59cbbbaf-6dcc-47ec-97ed-1794e4b0c8e8,prometheus,Running,True,1,1,0,"{""prometheus"": 0}","{""prometheus"": ""running""}",5,1,1,desktop-control-plane,True,"{""desktop-control-plane"": true}"
2026-09-21T23:46:14.355Z,rabbitmq-5cdf8f76b7-bwghx,0ac06c65-14a9-4bd2-b5d4-7f2a22c1c4a6,rabbitmq,Running,True,1,1,3,"{""rabbitmq"": 3}","{""rabbitmq"": ""running""}",5,1,1,desktop-control-plane,True,"{""desktop-control-plane"": true}"
2026-09-21T23:46:14.355Z,worker-5b55666b44-rqchq,2dd0ad98-71ab-4a3b-b534-291680e82fe2,worker,Running,True,1,1,3,"{""worker"": 3}","{""worker"": ""running""}",5,1,1,desktop-control-plane,True,"{""desktop-control-plane"": true}"
2026-09-21T23:46:19.355Z,api-5b87c4c9d-644vx,4eb5e333-2c24-4f54-bc63-4cc555c7c170,api,Running,True,1,1,0,"{""api"": 0}","{""api"": ""running""}",5,1,1,desktop-control-plane,True,"{""desktop-control-plane"": true}"
2026-09-21T23:46:19.355Z,api-5b87c4c9d-fkxqr,6116bc15-fd28-488e-aa5c-1a8e94a4bd92,api,Running,True,1,1,0,"{""api"": 0}","{""api"": ""running""}",5,1,1,desktop-control-plane,True,"{""desktop-control-plane"": true}"
2026-09-21T23:46:19.355Z,api-5b87c4c9d-m8nzf,90165a48-0ead-4be6-bdc9-0b16afb9b361,api,Running,True,1,1,0,"{""api"": 0}","{""api"": ""running""}",5,1,1,desktop-control-plane,True,"{""desktop-control-plane"": true}"
2026-09-21T23:46:19.355Z,api-5b87c4c9d-nfcrm,16a10e06-1c63-4416-be9b-df9e5b73aa2d,api,Running,True,1,1,0,"{""api"": 0}","{""api"": ""running""}",5,1,1,desktop-control-plane,True,"{""desktop-control-plane"": true}"
2026-09-21T23:46:19.355Z,api-5b87c4c9d-ngspb,ae2ab9e7-8f01-4ec7-8d1e-7ac88096a1c9,api,Running,True,1,1,0,"{""api"": 0}","{""api"": ""running""}",5,1,1,desktop-control-plane,True,"{""desktop-control-plane"": true}"
2026-09-21T23:46:19.355Z,gateway-856744bb66-hzcvr,cc510c63-0609-4870-b9ca-abd3e21ac480,gateway,Running,True,1,1,1,"{""gateway"": 1}","{""gateway"": ""running""}",5,1,1,desktop-control-plane,True,"{""desktop-control-plane"": true}"
2026-09-21T23:46:19.355Z,jaeger-7cc9b664cc-jt9fj,21942cdb-b601-447a-bf38-ba3b861fe91b,jaeger,Running,True,1,1,0,"{""jaeger"": 0}","{""jaeger"": ""running""}",5,1,1,desktop-control-plane,True,"{""desktop-control-plane"": true}"
2026-09-21T23:46:19.355Z,otel-collector-7c765745bf-q69jh,9ea6d084-d3d7-4c16-a0d5-9b1cc10530b3,otel-collector,Running,True,1,1,0,"{""otel-collector"": 0}","{""otel-collector"": ""running""}",5,1,1,desktop-control-plane,True,"{""desktop-control-plane"": true}"
2026-09-21T23:46:19.355Z,postgres-676cc4986c-65g8j,208c1990-5e96-493e-951b-3925c343082b,postgres,Running,True,1,1,0,"{""postgres"": 0}","{""postgres"": ""running""}",5,1,1,desktop-control-plane,True,"{""desktop-control-plane"": true}"
2026-09-21T23:46:19.355Z,prometheus-59f5cf7468-mtx8z,59cbbbaf-6dcc-47ec-97ed-1794e4b0c8e8,prometheus,Running,True,1,1,0,"{""prometheus"": 0}","{""prometheus"": ""running""}",5,1,1,desktop-control-plane,True,"{""desktop-control-plane"": true}"
2026-09-21T23:46:19.355Z,rabbitmq-5cdf8f76b7-bwghx,0ac06c65-14a9-4bd2-b5d4-7f2a22c1c4a6,rabbitmq,Running,True,1,1,3,"{""rabbitmq"": 3}","{""rabbitmq"": ""running""}",5,1,1,desktop-control-plane,True,"{""desktop-control-plane"": true}"
2026-09-21T23:46:19.355Z,worker-5b55666b44-rqchq,2dd0ad98-71ab-4a3b-b534-291680e82fe2,worker,Running,True,1,1,3,"{""worker"": 3}","{""worker"": ""running""}",5,1,1,desktop-control-plane,True,"{""desktop-control-plane"": true}"
2026-09-21T23:46:24.355Z,api-5b87c4c9d-644vx,4eb5e333-2c24-4f54-bc63-4cc555c7c170,api,Running,True,1,1,0,"{""api"": 0}","{""api"": ""running""}",5,1,1,desktop-control-plane,True,"{""desktop-control-plane"": true}"
2026-09-21T23:46:24.355Z,api-5b87c4c9d-fkxqr,6116bc15-fd28-488e-aa5c-1a8e94a4bd92,api,Running,True,1,1,0,"{""api"": 0}","{""api"": ""running""}",5,1,1,desktop-control-plane,True,"{""desktop-control-plane"": true}"
2026-09-21T23:46:24.355Z,api-5b87c4c9d-m8nzf,90165a48-0ead-4be6-bdc9-0b16afb9b361,api,Running,True,1,1,0,"{""api"": 0}","{""api"": ""running""}",5,1,1,desktop-control-plane,True,"{""desktop-control-plane"": true}"
2026-09-21T23:46:24.355Z,api-5b87c4c9d-nfcrm,16a10e06-1c63-4416-be9b-df9e5b73aa2d,api,Running,True,1,1,0,"{""api"": 0}","{""api"": ""running""}",5,1,1,desktop-control-plane,True,"{""desktop-control-plane"": true}"
2026-09-21T23:46:24.355Z,api-5b87c4c9d-ngspb,ae2ab9e7-8f01-4ec7-8d1e-7ac88096a1c9,api,Running,True,1,1,0,"{""api"": 0}","{""api"": ""running""}",5,1,1,desktop-control-plane,True,"{""desktop-control-plane"": true}"
2026-09-21T23:46:24.355Z,gateway-856744bb66-hzcvr,cc510c63-0609-4870-b9ca-abd3e21ac480,gateway,Running,True,1,1,1,"{""gateway"": 1}","{""gateway"": ""running""}",5,1,1,desktop-control-plane,True,"{""desktop-control-plane"": true}"
2026-09-21T23:46:24.355Z,jaeger-7cc9b664cc-jt9fj,21942cdb-b601-447a-bf38-ba3b861fe91b,jaeger,Running,True,1,1,0,"{""jaeger"": 0}","{""jaeger"": ""running""}",5,1,1,desktop-control-plane,True,"{""desktop-control-plane"": true}"
2026-09-21T23:46:24.355Z,otel-collector-7c765745bf-q69jh,9ea6d084-d3d7-4c16-a0d5-9b1cc10530b3,otel-collector,Running,True,1,1,0,"{""otel-collector"": 0}","{""otel-collector"": ""running""}",5,1,1,desktop-control-plane,True,"{""desktop-control-plane"": true}"
2026-09-21T23:46:24.355Z,postgres-676cc4986c-65g8j,208c1990-5e96-493e-951b-3925c343082b,postgres,Running,True,1,1,0,"{""postgres"": 0}","{""postgres"": ""running""}",5,1,1,desktop-control-plane,True,"{""desktop-control-plane"": true}"
2026-09-21T23:46:24.355Z,prometheus-59f5cf7468-mtx8z,59cbbbaf-6dcc-47ec-97ed-1794e4b0c8e8,prometheus,Running,True,1,1,0,"{""prometheus"": 0}","{""prometheus"": ""running""}",5,1,1,desktop-control-plane,True,"{""desktop-control-plane"": true}"
2026-09-21T23:46:24.355Z,rabbitmq-5cdf8f76b7-bwghx,0ac06c65-14a9-4bd2-b5d4-7f2a22c1c4a6,rabbitmq,Running,True,1,1,3,"{""rabbitmq"": 3}","{""rabbitmq"": ""running""}",5,1,1,desktop-control-plane,True,"{""desktop-control-plane"": true}"
2026-09-21T23:46:24.355Z,worker-5b55666b44-rqchq,2dd0ad98-71ab-4a3b-b534-291680e82fe2,worker,Running,True,1,1,3,"{""worker"": 3}","{""worker"": ""running""}",5,1,1,desktop-control-plane,True,"{""desktop-control-plane"": true}"
2026-09-21T23:46:29.355Z,api-5b87c4c9d-644vx,4eb5e333-2c24-4f54-bc63-4cc555c7c170,api,Running,True,1,1,0,"{""api"": 0}","{""api"": ""running""}",5,1,1,desktop-control-plane,True,"{""desktop-control-plane"": true}"
2026-09-21T23:46:29.355Z,api-5b87c4c9d-fkxqr,6116bc15-fd28-488e-aa5c-1a8e94a4bd92,api,Running,True,1,1,0,"{""api"": 0}","{""api"": ""running""}",5,1,1,desktop-control-plane,True,"{""desktop-control-plane"": true}"
2026-09-21T23:46:29.355Z,api-5b87c4c9d-m8nzf,90165a48-0ead-4be6-bdc9-0b16afb9b361,api,Running,True,1,1,0,"{""api"": 0}","{""api"": ""running""}",5,1,1,desktop-control-plane,True,"{""desktop-control-plane"": true}"
2026-09-21T23:46:29.355Z,api-5b87c4c9d-nfcrm,16a10e06-1c63-4416-be9b-df9e5b73aa2d,api,Running,True,1,1,0,"{""api"": 0}","{""api"": ""running""}",5,1,1,desktop-control-plane,True,"{""desktop-control-plane"": true}"
2026-09-21T23:46:29.355Z,api-5b87c4c9d-ngspb,ae2ab9e7-8f01-4ec7-8d1e-7ac88096a1c9,api,Running,True,1,1,0,"{""api"": 0}","{""api"": ""running""}",5,1,1,desktop-control-plane,True,"{""desktop-control-plane"": true}"
2026-09-21T23:46:29.355Z,gateway-856744bb66-hzcvr,cc510c63-0609-4870-b9ca-abd3e21ac480,gateway,Running,True,1,1,1,"{""gateway"": 1}","{""gateway"": ""running""}",5,1,1,desktop-control-plane,True,"{""desktop-control-plane"": true}"
2026-09-21T23:46:29.355Z,jaeger-7cc9b664cc-jt9fj,21942cdb-b601-447a-bf38-ba3b861fe91b,jaeger,Running,True,1,1,0,"{""jaeger"": 0}","{""jaeger"": ""running""}",5,1,1,desktop-control-plane,True,"{""desktop-control-plane"": true}"
2026-09-21T23:46:29.355Z,otel-collector-7c765745bf-q69jh,9ea6d084-d3d7-4c16-a0d5-9b1cc10530b3,otel-collector,Running,True,1,1,0,"{""otel-collector"": 0}","{""otel-collector"": ""running""}",5,1,1,desktop-control-plane,True,"{""desktop-control-plane"": true}"
2026-09-21T23:46:29.355Z,postgres-676cc4986c-65g8j,208c1990-5e96-493e-951b-3925c343082b,postgres,Running,True,1,1,0,"{""postgres"": 0}","{""postgres"": ""running""}",5,1,1,desktop-control-plane,True,"{""desktop-control-plane"": true}"
2026-09-21T23:46:29.355Z,prometheus-59f5cf7468-mtx8z,59cbbbaf-6dcc-47ec-97ed-1794e4b0c8e8,prometheus,Running,True,1,1,0,"{""prometheus"": 0}","{""prometheus"": ""running""}",5,1,1,desktop-control-plane,True,"{""desktop-control-plane"": true}"
2026-09-21T23:46:29.355Z,rabbitmq-5cdf8f76b7-bwghx,0ac06c65-14a9-4bd2-b5d4-7f2a22c1c4a6,rabbitmq,Running,True,1,1,3,"{""rabbitmq"": 3}","{""rabbitmq"": ""running""}",5,1,1,desktop-control-plane,True,"{""desktop-control-plane"": true}"
2026-09-21T23:46:29.355Z,worker-5b55666b44-rqchq,2dd0ad98-71ab-4a3b-b534-291680e82fe2,worker,Running,True,1,1,3,"{""worker"": 3}","{""worker"": ""running""}",5,1,1,desktop-control-plane,True,"{""desktop-control-plane"": true}"
2026-09-21T23:46:34.355Z,api-5b87c4c9d-644vx,4eb5e333-2c24-4f54-bc63-4cc555c7c170,api,Running,True,1,1,0,"{""api"": 0}","{""api"": ""running""}",5,1,1,desktop-control-plane,True,"{""desktop-control-plane"": true}"
2026-09-21T23:46:34.355Z,api-5b87c4c9d-fkxqr,6116bc15-fd28-488e-aa5c-1a8e94a4bd92,api,Running,True,1,1,0,"{""api"": 0}","{""api"": ""running""}",5,1,1,desktop-control-plane,True,"{""desktop-control-plane"": true}"
2026-09-21T23:46:34.355Z,api-5b87c4c9d-m8nzf,90165a48-0ead-4be6-bdc9-0b16afb9b361,api,Running,True,1,1,0,"{""api"": 0}","{""api"": ""running""}",5,1,1,desktop-control-plane,True,"{""desktop-control-plane"": true}"
2026-09-21T23:46:34.355Z,api-5b87c4c9d-nfcrm,16a10e06-1c63-4416-be9b-df9e5b73aa2d,api,Running,True,1,1,0,"{""api"": 0}","{""api"": ""running""}",5,1,1,desktop-control-plane,True,"{""desktop-control-plane"": true}"
2026-09-21T23:46:34.355Z,api-5b87c4c9d-ngspb,ae2ab9e7-8f01-4ec7-8d1e-7ac88096a1c9,api,Running,True,1,1,0,"{""api"": 0}","{""api"": ""running""}",5,1,1,desktop-control-plane,True,"{""desktop-control-plane"": true}"
2026-09-21T23:46:34.355Z,gateway-856744bb66-hzcvr,cc510c63-0609-4870-b9ca-abd3e21ac480,gateway,Running,True,1,1,1,"{""gateway"": 1}","{""gateway"": ""running""}",5,1,1,desktop-control-plane,True,"{""desktop-control-plane"": true}"
2026-09-21T23:46:34.355Z,jaeger-7cc9b664cc-jt9fj,21942cdb-b601-447a-bf38-ba3b861fe91b,jaeger,Running,True,1,1,0,"{""jaeger"": 0}","{""jaeger"": ""running""}",5,1,1,desktop-control-plane,True,"{""desktop-control-plane"": true}"
2026-09-21T23:46:34.355Z,otel-collector-7c765745bf-q69jh,9ea6d084-d3d7-4c16-a0d5-9b1cc10530b3,otel-collector,Running,True,1,1,0,"{""otel-collector"": 0}","{""otel-collector"": ""running""}",5,1,1,desktop-control-plane,True,"{""desktop-control-plane"": true}"
2026-09-21T23:46:34.355Z,postgres-676cc4986c-65g8j,208c1990-5e96-493e-951b-3925c343082b,postgres,Running,True,1,1,0,"{""postgres"": 0}","{""postgres"": ""running""}",5,1,1,desktop-control-plane,True,"{""desktop-control-plane"": true}"
2026-09-21T23:46:34.355Z,prometheus-59f5cf7468-mtx8z,59cbbbaf-6dcc-47ec-97ed-1794e4b0c8e8,prometheus,Running,True,1,1,0,"{""prometheus"": 0}","{""prometheus"": ""running""}",5,1,1,desktop-control-plane,True,"{""desktop-control-plane"": true}"
2026-09-21T23:46:34.355Z,rabbitmq-5cdf8f76b7-bwghx,0ac06c65-14a9-4bd2-b5d4-7f2a22c1c4a6,rabbitmq,Running,True,1,1,3,"{""rabbitmq"": 3}","{""rabbitmq"": ""running""}",5,1,1,desktop-control-plane,True,"{""desktop-control-plane"": true}"
2026-09-21T23:46:34.355Z,worker-5b55666b44-rqchq,2dd0ad98-71ab-4a3b-b534-291680e82fe2,worker,Running,True,1,1,3,"{""worker"": 3}","{""worker"": ""running""}",5,1,1,desktop-control-plane,True,"{""desktop-control-plane"": true}"
2026-09-21T23:46:39.356Z,api-5b87c4c9d-644vx,4eb5e333-2c24-4f54-bc63-4cc555c7c170,api,Running,True,1,1,0,"{""api"": 0}","{""api"": ""running""}",5,1,1,desktop-control-plane,True,"{""desktop-control-plane"": true}"
2026-09-21T23:46:39.356Z,api-5b87c4c9d-fkxqr,6116bc15-fd28-488e-aa5c-1a8e94a4bd92,api,Running,True,1,1,0,"{""api"": 0}","{""api"": ""running""}",5,1,1,desktop-control-plane,True,"{""desktop-control-plane"": true}"
2026-09-21T23:46:39.356Z,api-5b87c4c9d-m8nzf,90165a48-0ead-4be6-bdc9-0b16afb9b361,api,Running,True,1,1,0,"{""api"": 0}","{""api"": ""running""}",5,1,1,desktop-control-plane,True,"{""desktop-control-plane"": true}"
2026-09-21T23:46:39.356Z,api-5b87c4c9d-nfcrm,16a10e06-1c63-4416-be9b-df9e5b73aa2d,api,Running,True,1,1,0,"{""api"": 0}","{""api"": ""running""}",5,1,1,desktop-control-plane,True,"{""desktop-control-plane"": true}"
2026-09-21T23:46:39.356Z,api-5b87c4c9d-ngspb,ae2ab9e7-8f01-4ec7-8d1e-7ac88096a1c9,api,Running,True,1,1,0,"{""api"": 0}","{""api"": ""running""}",5,1,1,desktop-control-plane,True,"{""desktop-control-plane"": true}"
2026-09-21T23:46:39.356Z,gateway-856744bb66-hzcvr,cc510c63-0609-4870-b9ca-abd3e21ac480,gateway,Running,True,1,1,1,"{""gateway"": 1}","{""gateway"": ""running""}",5,1,1,desktop-control-plane,True,"{""desktop-control-plane"": true}"
2026-09-21T23:46:39.356Z,jaeger-7cc9b664cc-jt9fj,21942cdb-b601-447a-bf38-ba3b861fe91b,jaeger,Running,True,1,1,0,"{""jaeger"": 0}","{""jaeger"": ""running""}",5,1,1,desktop-control-plane,True,"{""desktop-control-plane"": true}"
2026-09-21T23:46:39.356Z,otel-collector-7c765745bf-q69jh,9ea6d084-d3d7-4c16-a0d5-9b1cc10530b3,otel-collector,Running,True,1,1,0,"{""otel-collector"": 0}","{""otel-collector"": ""running""}",5,1,1,desktop-control-plane,True,"{""desktop-control-plane"": true}"
2026-09-21T23:46:39.356Z,postgres-676cc4986c-65g8j,208c1990-5e96-493e-951b-3925c343082b,postgres,Running,True,1,1,0,"{""postgres"": 0}","{""postgres"": ""running""}",5,1,1,desktop-control-plane,True,"{""desktop-control-plane"": true}"
2026-09-21T23:46:39.356Z,prometheus-59f5cf7468-mtx8z,59cbbbaf-6dcc-47ec-97ed-1794e4b0c8e8,prometheus,Running,True,1,1,0,"{""prometheus"": 0}","{""prometheus"": ""running""}",5,1,1,desktop-control-plane,True,"{""desktop-control-plane"": true}"
2026-09-21T23:46:39.356Z,rabbitmq-5cdf8f76b7-bwghx,0ac06c65-14a9-4bd2-b5d4-7f2a22c1c4a6,rabbitmq,Running,True,1,1,3,"{""rabbitmq"": 3}","{""rabbitmq"": ""running""}",5,1,1,desktop-control-plane,True,"{""desktop-control-plane"": true}"
2026-09-21T23:46:39.356Z,worker-5b55666b44-rqchq,2dd0ad98-71ab-4a3b-b534-291680e82fe2,worker,Running,True,1,1,3,"{""worker"": 3}","{""worker"": ""running""}",5,1,1,desktop-control-plane,True,"{""desktop-control-plane"": true}"
2026-09-21T23:46:44.356Z,api-5b87c4c9d-644vx,4eb5e333-2c24-4f54-bc63-4cc555c7c170,api,Running,True,1,1,0,"{""api"": 0}","{""api"": ""running""}",5,1,1,desktop-control-plane,True,"{""desktop-control-plane"": true}"
2026-09-21T23:46:44.356Z,api-5b87c4c9d-fkxqr,6116bc15-fd28-488e-aa5c-1a8e94a4bd92,api,Running,True,1,1,0,"{""api"": 0}","{""api"": ""running""}",5,1,1,desktop-control-plane,True,"{""desktop-control-plane"": true}"
2026-09-21T23:46:44.356Z,api-5b87c4c9d-m8nzf,90165a48-0ead-4be6-bdc9-0b16afb9b361,api,Running,True,1,1,0,"{""api"": 0}","{""api"": ""running""}",5,1,1,desktop-control-plane,True,"{""desktop-control-plane"": true}"
2026-09-21T23:46:44.356Z,api-5b87c4c9d-nfcrm,16a10e06-1c63-4416-be9b-df9e5b73aa2d,api,Running,True,1,1,0,"{""api"": 0}","{""api"": ""running""}",5,1,1,desktop-control-plane,True,"{""desktop-control-plane"": true}"
2026-09-21T23:46:44.356Z,api-5b87c4c9d-ngspb,ae2ab9e7-8f01-4ec7-8d1e-7ac88096a1c9,api,Running,True,1,1,0,"{""api"": 0}","{""api"": ""running""}",5,1,1,desktop-control-plane,True,"{""desktop-control-plane"": true}"
2026-09-21T23:46:44.356Z,gateway-856744bb66-hzcvr,cc510c63-0609-4870-b9ca-abd3e21ac480,gateway,Running,True,1,1,1,"{""gateway"": 1}","{""gateway"": ""running""}",5,1,1,desktop-control-plane,True,"{""desktop-control-plane"": true}"
2026-09-21T23:46:44.356Z,jaeger-7cc9b664cc-jt9fj,21942cdb-b601-447a-bf38-ba3b861fe91b,jaeger,Running,True,1,1,0,"{""jaeger"": 0}","{""jaeger"": ""running""}",5,1,1,desktop-control-plane,True,"{""desktop-control-plane"": true}"
2026-09-21T23:46:44.356Z,otel-collector-7c765745bf-q69jh,9ea6d084-d3d7-4c16-a0d5-9b1cc10530b3,otel-collector,Running,True,1,1,0,"{""otel-collector"": 0}","{""otel-collector"": ""running""}",5,1,1,desktop-control-plane,True,"{""desktop-control-plane"": true}"
2026-09-21T23:46:44.356Z,postgres-676cc4986c-65g8j,208c1990-5e96-493e-951b-3925c343082b,postgres,Running,True,1,1,0,"{""postgres"": 0}","{""postgres"": ""running""}",5,1,1,desktop-control-plane,True,"{""desktop-control-plane"": true}"
2026-09-21T23:46:44.356Z,prometheus-59f5cf7468-mtx8z,59cbbbaf-6dcc-47ec-97ed-1794e4b0c8e8,prometheus,Running,True,1,1,0,"{""prometheus"": 0}","{""prometheus"": ""running""}",5,1,1,desktop-control-plane,True,"{""desktop-control-plane"": true}"
2026-09-21T23:46:44.356Z,rabbitmq-5cdf8f76b7-bwghx,0ac06c65-14a9-4bd2-b5d4-7f2a22c1c4a6,rabbitmq,Running,True,1,1,3,"{""rabbitmq"": 3}","{""rabbitmq"": ""running""}",5,1,1,desktop-control-plane,True,"{""desktop-control-plane"": true}"
2026-09-21T23:46:44.356Z,worker-5b55666b44-rqchq,2dd0ad98-71ab-4a3b-b534-291680e82fe2,worker,Running,True,1,1,3,"{""worker"": 3}","{""worker"": ""running""}",5,1,1,desktop-control-plane,True,"{""desktop-control-plane"": true}"
2026-09-21T23:46:49.356Z,api-5b87c4c9d-644vx,4eb5e333-2c24-4f54-bc63-4cc555c7c170,api,Running,True,1,1,0,"{""api"": 0}","{""api"": ""running""}",5,1,1,desktop-control-plane,True,"{""desktop-control-plane"": true}"
2026-09-21T23:46:49.356Z,api-5b87c4c9d-fkxqr,6116bc15-fd28-488e-aa5c-1a8e94a4bd92,api,Running,True,1,1,0,"{""api"": 0}","{""api"": ""running""}",5,1,1,desktop-control-plane,True,"{""desktop-control-plane"": true}"
2026-09-21T23:46:49.356Z,api-5b87c4c9d-m8nzf,90165a48-0ead-4be6-bdc9-0b16afb9b361,api,Running,True,1,1,0,"{""api"": 0}","{""api"": ""running""}",5,1,1,desktop-control-plane,True,"{""desktop-control-plane"": true}"
2026-09-21T23:46:49.356Z,api-5b87c4c9d-nfcrm,16a10e06-1c63-4416-be9b-df9e5b73aa2d,api,Running,True,1,1,0,"{""api"": 0}","{""api"": ""running""}",5,1,1,desktop-control-plane,True,"{""desktop-control-plane"": true}"
2026-09-21T23:46:49.356Z,api-5b87c4c9d-ngspb,ae2ab9e7-8f01-4ec7-8d1e-7ac88096a1c9,api,Running,True,1,1,0,"{""api"": 0}","{""api"": ""running""}",5,1,1,desktop-control-plane,True,"{""desktop-control-plane"": true}"
2026-09-21T23:46:49.356Z,gateway-856744bb66-hzcvr,cc510c63-0609-4870-b9ca-abd3e21ac480,gateway,Running,True,1,1,1,"{""gateway"": 1}","{""gateway"": ""running""}",5,1,1,desktop-control-plane,True,"{""desktop-control-plane"": true}"
2026-09-21T23:46:49.356Z,jaeger-7cc9b664cc-jt9fj,21942cdb-b601-447a-bf38-ba3b861fe91b,jaeger,Running,True,1,1,0,"{""jaeger"": 0}","{""jaeger"": ""running""}",5,1,1,desktop-control-plane,True,"{""desktop-control-plane"": true}"
2026-09-21T23:46:49.356Z,otel-collector-7c765745bf-q69jh,9ea6d084-d3d7-4c16-a0d5-9b1cc10530b3,otel-collector,Running,True,1,1,0,"{""otel-collector"": 0}","{""otel-collector"": ""running""}",5,1,1,desktop-control-plane,True,"{""desktop-control-plane"": true}"
2026-09-21T23:46:49.356Z,postgres-676cc4986c-65g8j,208c1990-5e96-493e-951b-3925c343082b,postgres,Running,True,1,1,0,"{""postgres"": 0}","{""postgres"": ""running""}",5,1,1,desktop-control-plane,True,"{""desktop-control-plane"": true}"
2026-09-21T23:46:49.356Z,prometheus-59f5cf7468-mtx8z,59cbbbaf-6dcc-47ec-97ed-1794e4b0c8e8,prometheus,Running,True,1,1,0,"{""prometheus"": 0}","{""prometheus"": ""running""}",5,1,1,desktop-control-plane,True,"{""desktop-control-plane"": true}"
2026-09-21T23:46:49.356Z,rabbitmq-5cdf8f76b7-bwghx,0ac06c65-14a9-4bd2-b5d4-7f2a22c1c4a6,rabbitmq,Running,True,1,1,3,"{""rabbitmq"": 3}","{""rabbitmq"": ""running""}",5,1,1,desktop-control-plane,True,"{""desktop-control-plane"": true}"
2026-09-21T23:46:49.356Z,worker-5b55666b44-rqchq,2dd0ad98-71ab-4a3b-b534-291680e82fe2,worker,Running,True,1,1,3,"{""worker"": 3}","{""worker"": ""running""}",5,1,1,desktop-control-plane,True,"{""desktop-control-plane"": true}"
2026-09-21T23:46:54.357Z,api-5b87c4c9d-644vx,4eb5e333-2c24-4f54-bc63-4cc555c7c170,api,Running,True,1,1,0,"{""api"": 0}","{""api"": ""running""}",4,1,1,desktop-control-plane,True,"{""desktop-control-plane"": true}"
2026-09-21T23:46:54.357Z,api-5b87c4c9d-fkxqr,6116bc15-fd28-488e-aa5c-1a8e94a4bd92,api,Running,True,1,1,0,"{""api"": 0}","{""api"": ""running""}",4,1,1,desktop-control-plane,True,"{""desktop-control-plane"": true}"
2026-09-21T23:46:54.357Z,api-5b87c4c9d-nfcrm,16a10e06-1c63-4416-be9b-df9e5b73aa2d,api,Running,True,1,1,0,"{""api"": 0}","{""api"": ""running""}",4,1,1,desktop-control-plane,True,"{""desktop-control-plane"": true}"
2026-09-21T23:46:54.357Z,api-5b87c4c9d-ngspb,ae2ab9e7-8f01-4ec7-8d1e-7ac88096a1c9,api,Running,True,1,1,0,"{""api"": 0}","{""api"": ""running""}",4,1,1,desktop-control-plane,True,"{""desktop-control-plane"": true}"
2026-09-21T23:46:54.357Z,gateway-856744bb66-hzcvr,cc510c63-0609-4870-b9ca-abd3e21ac480,gateway,Running,True,1,1,1,"{""gateway"": 1}","{""gateway"": ""running""}",4,1,1,desktop-control-plane,True,"{""desktop-control-plane"": true}"
2026-09-21T23:46:54.357Z,jaeger-7cc9b664cc-jt9fj,21942cdb-b601-447a-bf38-ba3b861fe91b,jaeger,Running,True,1,1,0,"{""jaeger"": 0}","{""jaeger"": ""running""}",4,1,1,desktop-control-plane,True,"{""desktop-control-plane"": true}"
2026-09-21T23:46:54.357Z,otel-collector-7c765745bf-q69jh,9ea6d084-d3d7-4c16-a0d5-9b1cc10530b3,otel-collector,Running,True,1,1,0,"{""otel-collector"": 0}","{""otel-collector"": ""running""}",4,1,1,desktop-control-plane,True,"{""desktop-control-plane"": true}"
2026-09-21T23:46:54.357Z,postgres-676cc4986c-65g8j,208c1990-5e96-493e-951b-3925c343082b,postgres,Running,True,1,1,0,"{""postgres"": 0}","{""postgres"": ""running""}",4,1,1,desktop-control-plane,True,"{""desktop-control-plane"": true}"
2026-09-21T23:46:54.357Z,prometheus-59f5cf7468-mtx8z,59cbbbaf-6dcc-47ec-97ed-1794e4b0c8e8,prometheus,Running,True,1,1,0,"{""prometheus"": 0}","{""prometheus"": ""running""}",4,1,1,desktop-control-plane,True,"{""desktop-control-plane"": true}"
2026-09-21T23:46:54.357Z,rabbitmq-5cdf8f76b7-bwghx,0ac06c65-14a9-4bd2-b5d4-7f2a22c1c4a6,rabbitmq,Running,True,1,1,3,"{""rabbitmq"": 3}","{""rabbitmq"": ""running""}",4,1,1,desktop-control-plane,True,"{""desktop-control-plane"": true}"
2026-09-21T23:46:54.357Z,worker-5b55666b44-rqchq,2dd0ad98-71ab-4a3b-b534-291680e82fe2,worker,Running,True,1,1,3,"{""worker"": 3}","{""worker"": ""running""}",4,1,1,desktop-control-plane,True,"{""desktop-control-plane"": true}"
2026-09-21T23:46:59.357Z,api-5b87c4c9d-644vx,4eb5e333-2c24-4f54-bc63-4cc555c7c170,api,Running,True,1,1,0,"{""api"": 0}","{""api"": ""running""}",4,1,1,desktop-control-plane,True,"{""desktop-control-plane"": true}"
2026-09-21T23:46:59.357Z,api-5b87c4c9d-fkxqr,6116bc15-fd28-488e-aa5c-1a8e94a4bd92,api,Running,True,1,1,0,"{""api"": 0}","{""api"": ""running""}",4,1,1,desktop-control-plane,True,"{""desktop-control-plane"": true}"
2026-09-21T23:46:59.357Z,api-5b87c4c9d-nfcrm,16a10e06-1c63-4416-be9b-df9e5b73aa2d,api,Running,True,1,1,0,"{""api"": 0}","{""api"": ""running""}",4,1,1,desktop-control-plane,True,"{""desktop-control-plane"": true}"
2026-09-21T23:46:59.357Z,api-5b87c4c9d-ngspb,ae2ab9e7-8f01-4ec7-8d1e-7ac88096a1c9,api,Running,True,1,1,0,"{""api"": 0}","{""api"": ""running""}",4,1,1,desktop-control-plane,True,"{""desktop-control-plane"": true}"
2026-09-21T23:46:59.357Z,gateway-856744bb66-hzcvr,cc510c63-0609-4870-b9ca-abd3e21ac480,gateway,Running,True,1,1,1,"{""gateway"": 1}","{""gateway"": ""running""}",4,1,1,desktop-control-plane,True,"{""desktop-control-plane"": true}"
2026-09-21T23:46:59.357Z,jaeger-7cc9b664cc-jt9fj,21942cdb-b601-447a-bf38-ba3b861fe91b,jaeger,Running,True,1,1,0,"{""jaeger"": 0}","{""jaeger"": ""running""}",4,1,1,desktop-control-plane,True,"{""desktop-control-plane"": true}"
2026-09-21T23:46:59.357Z,otel-collector-7c765745bf-q69jh,9ea6d084-d3d7-4c16-a0d5-9b1cc10530b3,otel-collector,Running,True,1,1,0,"{""otel-collector"": 0}","{""otel-collector"": ""running""}",4,1,1,desktop-control-plane,True,"{""desktop-control-plane"": true}"
2026-09-21T23:46:59.357Z,postgres-676cc4986c-65g8j,208c1990-5e96-493e-951b-3925c343082b,postgres,Running,True,1,1,0,"{""postgres"": 0}","{""postgres"": ""running""}",4,1,1,desktop-control-plane,True,"{""desktop-control-plane"": true}"
2026-09-21T23:46:59.357Z,prometheus-59f5cf7468-mtx8z,59cbbbaf-6dcc-47ec-97ed-1794e4b0c8e8,prometheus,Running,True,1,1,0,"{""prometheus"": 0}","{""prometheus"": ""running""}",4,1,1,desktop-control-plane,True,"{""desktop-control-plane"": true}"
2026-09-21T23:46:59.357Z,rabbitmq-5cdf8f76b7-bwghx,0ac06c65-14a9-4bd2-b5d4-7f2a22c1c4a6,rabbitmq,Running,True,1,1,3,"{""rabbitmq"": 3}","{""rabbitmq"": ""running""}",4,1,1,desktop-control-plane,True,"{""desktop-control-plane"": true}"
2026-09-21T23:46:59.357Z,worker-5b55666b44-rqchq,2dd0ad98-71ab-4a3b-b534-291680e82fe2,worker,Running,True,1,1,3,"{""worker"": 3}","{""worker"": ""running""}",4,1,1,desktop-control-plane,True,"{""desktop-control-plane"": true}"
2026-09-21T23:47:04.358Z,api-5b87c4c9d-644vx,4eb5e333-2c24-4f54-bc63-4cc555c7c170,api,Running,True,1,1,0,"{""api"": 0}","{""api"": ""running""}",4,1,1,desktop-control-plane,True,"{""desktop-control-plane"": true}"
2026-09-21T23:47:04.358Z,api-5b87c4c9d-fkxqr,6116bc15-fd28-488e-aa5c-1a8e94a4bd92,api,Running,True,1,1,0,"{""api"": 0}","{""api"": ""running""}",4,1,1,desktop-control-plane,True,"{""desktop-control-plane"": true}"
2026-09-21T23:47:04.358Z,api-5b87c4c9d-nfcrm,16a10e06-1c63-4416-be9b-df9e5b73aa2d,api,Running,True,1,1,0,"{""api"": 0}","{""api"": ""running""}",4,1,1,desktop-control-plane,True,"{""desktop-control-plane"": true}"
2026-09-21T23:47:04.358Z,api-5b87c4c9d-ngspb,ae2ab9e7-8f01-4ec7-8d1e-7ac88096a1c9,api,Running,True,1,1,0,"{""api"": 0}","{""api"": ""running""}",4,1,1,desktop-control-plane,True,"{""desktop-control-plane"": true}"
2026-09-21T23:47:04.358Z,gateway-856744bb66-hzcvr,cc510c63-0609-4870-b9ca-abd3e21ac480,gateway,Running,True,1,1,1,"{""gateway"": 1}","{""gateway"": ""running""}",4,1,1,desktop-control-plane,True,"{""desktop-control-plane"": true}"
2026-09-21T23:47:04.358Z,jaeger-7cc9b664cc-jt9fj,21942cdb-b601-447a-bf38-ba3b861fe91b,jaeger,Running,True,1,1,0,"{""jaeger"": 0}","{""jaeger"": ""running""}",4,1,1,desktop-control-plane,True,"{""desktop-control-plane"": true}"
2026-09-21T23:47:04.358Z,otel-collector-7c765745bf-q69jh,9ea6d084-d3d7-4c16-a0d5-9b1cc10530b3,otel-collector,Running,True,1,1,0,"{""otel-collector"": 0}","{""otel-collector"": ""running""}",4,1,1,desktop-control-plane,True,"{""desktop-control-plane"": true}"
2026-09-21T23:47:04.358Z,postgres-676cc4986c-65g8j,208c1990-5e96-493e-951b-3925c343082b,postgres,Running,True,1,1,0,"{""postgres"": 0}","{""postgres"": ""running""}",4,1,1,desktop-control-plane,True,"{""desktop-control-plane"": true}"
2026-09-21T23:47:04.358Z,prometheus-59f5cf7468-mtx8z,59cbbbaf-6dcc-47ec-97ed-1794e4b0c8e8,prometheus,Running,True,1,1,0,"{""prometheus"": 0}","{""prometheus"": ""running""}",4,1,1,desktop-control-plane,True,"{""desktop-control-plane"": true}"
2026-09-21T23:47:04.358Z,rabbitmq-5cdf8f76b7-bwghx,0ac06c65-14a9-4bd2-b5d4-7f2a22c1c4a6,rabbitmq,Running,True,1,1,3,"{""rabbitmq"": 3}","{""rabbitmq"": ""running""}",4,1,1,desktop-control-plane,True,"{""desktop-control-plane"": true}"
2026-09-21T23:47:04.358Z,worker-5b55666b44-rqchq,2dd0ad98-71ab-4a3b-b534-291680e82fe2,worker,Running,True,1,1,3,"{""worker"": 3}","{""worker"": ""running""}",4,1,1,desktop-control-plane,True,"{""desktop-control-plane"": true}"
