timestamp,pod,pod_uid,app,phase,pod_ready,ready_containers,total_containers,restart_count,container_restarts,container_states,api_pod_count,worker_pod_count,gateway_pod_count,node,all_nodes_ready,node_states
2026-09-21T00:15:42.727Z,api-5974b5bb7-lqxg5,b7340985-75b6-4ee6-94ae-219edb88b3cb,api,Running,True,1,1,0,"{""api"": 0}","{""api"": ""running""}",1,1,1,desktop-control-plane,True,"{""desktop-control-plane"": true}"
2026-09-21T00:15:42.727Z,flash-sale-image-loader,d97aac4b-6036-49d3-84fa-1eb65b06be9d,,Succeeded,False,0,1,0,"{""flash-sale-image-loader"": 0}","{""flash-sale-image-loader"": ""terminated""}",1,1,1,desktop-control-plane,True,"{""desktop-control-plane"": true}"
2026-09-21T00:15:42.727Z,gateway-d5b8cd646-k2t2j,73e11660-27e2-4f01-af00-a676bdd92091,gateway,Running,True,1,1,1,"{""gateway"": 1}","{""gateway"": ""running""}",1,1,1,desktop-control-plane,True,"{""desktop-control-plane"": true}"
2026-09-21T00:15:42.727Z,jaeger-7cc9b664cc-dkxmr,5f30629b-2b5b-4fec-9f8e-dd3583fe5c69,jaeger,Running,True,1,1,0,"{""jaeger"": 0}","{""jaeger"": ""running""}",1,1,1,desktop-control-plane,True,"{""desktop-control-plane"": true}"
2026-09-21T00:15:42.727Z,otel-collector-7c765745bf-hnzqr,5640ea7c-d391-4d91-a081-fdee2e1b37db,otel-collector,Running,True,1,1,0,"{""otel-collector"": 0}","{""otel-collector"": ""running""}",1,1,1,desktop-control-plane,True,"{""desktop-control-plane"": true}"
2026-09-21T00:15:42.727Z,postgres-676cc4986c-6s5kh,42b5b5b1-da74-46d8-bf66-d12e14fa3676,postgres,Running,True,1,1,0,"{""postgres"": 0}","{""postgres"": ""running""}",1,1,1,desktop-control-plane,True,"{""desktop-control-plane"": true}"
2026-09-21T00:15:42.727Z,prometheus-59f5cf7468-fksrh,de98abcd-712d-4d81-8fb2-59b3011304c6,prometheus,Running,True,1,1,0,"{""prometheus"": 0}","{""prometheus"": ""running""}",1,1,1,desktop-control-plane,True,"{""desktop-control-plane"": true}"
2026-09-21T00:15:42.727Z,rabbitmq-5cdf8f76b7-kdf8p,f02b29f9-8329-460a-9c69-31b755066885,rabbitmq,Running,True,1,1,0,"{""rabbitmq"": 0}","{""rabbitmq"": ""running""}",1,1,1,desktop-control-plane,True,"{""desktop-control-plane"": true}"
2026-09-21T00:15:42.727Z,worker-5799d849c5-66d8m,8d0e460a-5d59-44a2-9b1b-ce0d6f27aa11,worker,Running,True,1,1,0,"{""worker"": 0}","{""worker"": ""running""}",1,1,1,desktop-control-plane,True,"{""desktop-control-plane"": true}"
2026-09-21T00:15:47.727Z,api-5974b5bb7-lqxg5,b7340985-75b6-4ee6-94ae-219edb88b3cb,api,Running,True,1,1,0,"{""api"": 0}","{""api"": ""running""}",1,1,1,desktop-control-plane,True,"{""desktop-control-plane"": true}"
2026-09-21T00:15:47.727Z,flash-sale-image-loader,d97aac4b-6036-49d3-84fa-1eb65b06be9d,,Succeeded,False,0,1,0,"{""flash-sale-image-loader"": 0}","{""flash-sale-image-loader"": ""terminated""}",1,1,1,desktop-control-plane,True,"{""desktop-control-plane"": true}"
2026-09-21T00:15:47.727Z,gateway-d5b8cd646-k2t2j,73e11660-27e2-4f01-af00-a676bdd92091,gateway,Running,True,1,1,1,"{""gateway"": 1}","{""gateway"": ""running""}",1,1,1,desktop-control-plane,True,"{""desktop-control-plane"": true}"
2026-09-21T00:15:47.727Z,jaeger-7cc9b664cc-dkxmr,5f30629b-2b5b-4fec-9f8e-dd3583fe5c69,jaeger,Running,True,1,1,0,"{""jaeger"": 0}","{""jaeger"": ""running""}",1,1,1,desktop-control-plane,True,"{""desktop-control-plane"": true}"
2026-09-21T00:15:47.727Z,otel-collector-7c765745bf-hnzqr,5640ea7c-d391-4d91-a081-fdee2e1b37db,otel-collector,Running,True,1,1,0,"{""otel-collector"": 0}","{""otel-collector"": ""running""}",1,1,1,desktop-control-plane,True,"{""desktop-control-plane"": true}"
2026-09-21T00:15:47.727Z,postgres-676cc4986c-6s5kh,42b5b5b1-da74-46d8-bf66-d12e14fa3676,postgres,Running,True,1,1,0,"{""postgres"": 0}","{""postgres"": ""running""}",1,1,1,desktop-control-plane,True,"{""desktop-control-plane"": true}"
2026-09-21T00:15:47.727Z,prometheus-59f5cf7468-fksrh,de98abcd-712d-4d81-8fb2-59b3011304c6,prometheus,Running,True,1,1,0,"{""prometheus"": 0}","{""prometheus"": ""running""}",1,1,1,desktop-control-plane,True,"{""desktop-control-plane"": true}"
2026-09-21T00:15:47.727Z,rabbitmq-5cdf8f76b7-kdf8p,f02b29f9-8329-460a-9c69-31b755066885,rabbitmq,Running,True,1,1,0,"{""rabbitmq"": 0}","{""rabbitmq"": ""running""}",1,1,1,desktop-control-plane,True,"{""desktop-control-plane"": true}"
2026-09-21T00:15:47.727Z,worker-5799d849c5-66d8m,8d0e460a-5d59-44a2-9b1b-ce0d6f27aa11,worker,Running,True,1,1,0,"{""worker"": 0}","{""worker"": ""running""}",1,1,1,desktop-control-plane,True,"{""desktop-control-plane"": true}"
2026-09-21T00:15:52.727Z,api-5974b5bb7-lqxg5,b7340985-75b6-4ee6-94ae-219edb88b3cb,api,Running,True,1,1,0,"{""api"": 0}","{""api"": ""running""}",1,1,1,desktop-control-plane,True,"{""desktop-control-plane"": true}"
2026-09-21T00:15:52.727Z,flash-sale-image-loader,d97aac4b-6036-49d3-84fa-1eb65b06be9d,,Succeeded,False,0,1,0,"{""flash-sale-image-loader"": 0}","{""flash-sale-image-loader"": ""terminated""}",1,1,1,desktop-control-plane,True,"{""desktop-control-plane"": true}"
2026-09-21T00:15:52.727Z,gateway-d5b8cd646-k2t2j,73e11660-27e2-4f01-af00-a676bdd92091,gateway,Running,True,1,1,1,"{""gateway"": 1}","{""gateway"": ""running""}",1,1,1,desktop-control-plane,True,"{""desktop-control-plane"": true}"
2026-09-21T00:15:52.727Z,jaeger-7cc9b664cc-dkxmr,5f30629b-2b5b-4fec-9f8e-dd3583fe5c69,jaeger,Running,True,1,1,0,"{""jaeger"": 0}","{""jaeger"": ""running""}",1,1,1,desktop-control-plane,True,"{""desktop-control-plane"": true}"
2026-09-21T00:15:52.727Z,otel-collector-7c765745bf-hnzqr,5640ea7c-d391-4d91-a081-fdee2e1b37db,otel-collector,Running,True,1,1,0,"{""otel-collector"": 0}","{""otel-collector"": ""running""}",1,1,1,desktop-control-plane,True,"{""desktop-control-plane"": true}"
2026-09-21T00:15:52.727Z,postgres-676cc4986c-6s5kh,42b5b5b1-da74-46d8-bf66-d12e14fa3676,postgres,Running,True,1,1,0,"{""postgres"": 0}","{""postgres"": ""running""}",1,1,1,desktop-control-plane,True,"{""desktop-control-plane"": true}"
2026-09-21T00:15:52.727Z,prometheus-59f5cf7468-fksrh,de98abcd-712d-4d81-8fb2-59b3011304c6,prometheus,Running,True,1,1,0,"{""prometheus"": 0}","{""prometheus"": ""running""}",1,1,1,desktop-control-plane,True,"{""desktop-control-plane"": true}"
2026-09-21T00:15:52.727Z,rabbitmq-5cdf8f76b7-kdf8p,f02b29f9-8329-460a-9c69-31b755066885,rabbitmq,Running,True,1,1,0,"{""rabbitmq"": 0}","{""rabbitmq"": ""running""}",1,1,1,desktop-control-plane,True,"{""desktop-control-plane"": true}"
2026-09-21T00:15:52.727Z,worker-5799d849c5-66d8m,8d0e460a-5d59-44a2-9b1b-ce0d6f27aa11,worker,Running,True,1,1,0,"{""worker"": 0}","{""worker"": ""running""}",1,1,1,desktop-control-plane,True,"{""desktop-control-plane"": true}"
2026-09-21T00:15:57.728Z,api-5974b5bb7-lqxg5,b7340985-75b6-4ee6-94ae-219edb88b3cb,api,Running,True,1,1,0,"{""api"": 0}","{""api"": ""running""}",1,1,1,desktop-control-plane,True,"{""desktop-control-plane"": true}"
2026-09-21T00:15:57.728Z,flash-sale-image-loader,d97aac4b-6036-49d3-84fa-1eb65b06be9d,,Succeeded,False,0,1,0,"{""flash-sale-image-loader"": 0}","{""flash-sale-image-loader"": ""terminated""}",1,1,1,desktop-control-plane,True,"{""desktop-control-plane"": true}"
2026-09-21T00:15:57.728Z,gateway-d5b8cd646-k2t2j,73e11660-27e2-4f01-af00-a676bdd92091,gateway,Running,True,1,1,1,"{""gateway"": 1}","{""gateway"": ""running""}",1,1,1,desktop-control-plane,True,"{""desktop-control-plane"": true}"
2026-09-21T00:15:57.728Z,jaeger-7cc9b664cc-dkxmr,5f30629b-2b5b-4fec-9f8e-dd3583fe5c69,jaeger,Running,True,1,1,0,"{""jaeger"": 0}","{""jaeger"": ""running""}",1,1,1,desktop-control-plane,True,"{""desktop-control-plane"": true}"
2026-09-21T00:15:57.728Z,otel-collector-7c765745bf-hnzqr,5640ea7c-d391-4d91-a081-fdee2e1b37db,otel-collector,Running,True,1,1,0,"{""otel-collector"": 0}","{""otel-collector"": ""running""}",1,1,1,desktop-control-plane,True,"{""desktop-control-plane"": true}"
2026-09-21T00:15:57.728Z,postgres-676cc4986c-6s5kh,42b5b5b1-da74-46d8-bf66-d12e14fa3676,postgres,Running,True,1,1,0,"{""postgres"": 0}","{""postgres"": ""running""}",1,1,1,desktop-control-plane,True,"{""desktop-control-plane"": true}"
2026-09-21T00:15:57.728Z,prometheus-59f5cf7468-fksrh,de98abcd-712d-4d81-8fb2-59b3011304c6,prometheus,Running,True,1,1,0,"{""prometheus"": 0}","{""prometheus"": ""running""}",1,1,1,desktop-control-plane,True,"{""desktop-control-plane"": true}"
2026-09-21T00:15:57.728Z,rabbitmq-5cdf8f76b7-kdf8p,f02b29f9-8329-460a-9c69-31b755066885,rabbitmq,Running,True,1,1,0,"{""rabbitmq"": 0}","{""rabbitmq"": ""running""}",1,1,1,desktop-control-plane,True,"{""desktop-control-plane"": true}"
2026-09-21T00:15:57.728Z,worker-5799d849c5-66d8m,8d0e460a-5d59-44a2-9b1b-ce0d6f27aa11,worker,Running,True,1,1,0,"{""worker"": 0}","{""worker"": ""running""}",1,1,1,desktop-control-plane,True,"{""desktop-control-plane"": true}"
2026-09-21T00:16:02.728Z,api-5974b5bb7-lqxg5,b7340985-75b6-4ee6-94ae-219edb88b3cb,api,Running,True,1,1,0,"{""api"": 0}","{""api"": ""running""}",1,1,1,desktop-control-plane,True,"{""desktop-control-plane"": true}"
2026-09-21T00:16:02.728Z,flash-sale-image-loader,d97aac4b-6036-49d3-84fa-1eb65b06be9d,,Succeeded,False,0,1,0,"{""flash-sale-image-loader"": 0}","{""flash-sale-image-loader"": ""terminated""}",1,1,1,desktop-control-plane,True,"{""desktop-control-plane"": true}"
2026-09-21T00:16:02.728Z,gateway-d5b8cd646-k2t2j,73e11660-27e2-4f01-af00-a676bdd92091,gateway,Running,True,1,1,1,"{""gateway"": 1}","{""gateway"": ""running""}",1,1,1,desktop-control-plane,True,"{""desktop-control-plane"": true}"
2026-09-21T00:16:02.728Z,jaeger-7cc9b664cc-dkxmr,5f30629b-2b5b-4fec-9f8e-dd3583fe5c69,jaeger,Running,True,1,1,0,"{""jaeger"": 0}","{""jaeger"": ""running""}",1,1,1,desktop-control-plane,True,"{""desktop-control-plane"": true}"
2026-09-21T00:16:02.728Z,otel-collector-7c765745bf-hnzqr,5640ea7c-d391-4d91-a081-fdee2e1b37db,otel-collector,Running,True,1,1,0,"{""otel-collector"": 0}","{""otel-collector"": ""running""}",1,1,1,desktop-control-plane,True,"{""desktop-control-plane"": true}"
2026-09-21T00:16:02.728Z,postgres-676cc4986c-6s5kh,42b5b5b1-da74-46d8-bf66-d12e14fa3676,postgres,Running,True,1,1,0,"{""postgres"": 0}","{""postgres"": ""running""}",1,1,1,desktop-control-plane,True,"{""desktop-control-plane"": true}"
2026-09-21T00:16:02.728Z,prometheus-59f5cf7468-fksrh,de98abcd-712d-4d81-8fb2-59b3011304c6,prometheus,Running,True,1,1,0,"{""prometheus"": 0}","{""prometheus"": ""running""}",1,1,1,desktop-control-plane,True,"{""desktop-control-plane"": true}"
2026-09-21T00:16:02.728Z,rabbitmq-5cdf8f76b7-kdf8p,f02b29f9-8329-460a-9c69-31b755066885,rabbitmq,Running,True,1,1,0,"{""rabbitmq"": 0}","{""rabbitmq"": ""running""}",1,1,1,desktop-control-plane,True,"{""desktop-control-plane"": true}"
2026-09-21T00:16:02.728Z,worker-5799d849c5-66d8m,8d0e460a-5d59-44a2-9b1b-ce0d6f27aa11,worker,Running,True,1,1,0,"{""worker"": 0}","{""worker"": ""running""}",1,1,1,desktop-control-plane,True,"{""desktop-control-plane"": true}"
2026-09-21T00:16:07.729Z,api-5974b5bb7-lqxg5,b7340985-75b6-4ee6-94ae-219edb88b3cb,api,Running,True,1,1,0,"{""api"": 0}","{""api"": ""running""}",1,1,1,desktop-control-plane,True,"{""desktop-control-plane"": true}"
2026-09-21T00:16:07.729Z,flash-sale-image-loader,d97aac4b-6036-49d3-84fa-1eb65b06be9d,,Succeeded,False,0,1,0,"{""flash-sale-image-loader"": 0}","{""flash-sale-image-loader"": ""terminated""}",1,1,1,desktop-control-plane,True,"{""desktop-control-plane"": true}"
2026-09-21T00:16:07.729Z,gateway-d5b8cd646-k2t2j,73e11660-27e2-4f01-af00-a676bdd92091,gateway,Running,True,1,1,1,"{""gateway"": 1}","{""gateway"": ""running""}",1,1,1,desktop-control-plane,True,"{""desktop-control-plane"": true}"
2026-09-21T00:16:07.729Z,jaeger-7cc9b664cc-dkxmr,5f30629b-2b5b-4fec-9f8e-dd3583fe5c69,jaeger,Running,True,1,1,0,"{""jaeger"": 0}","{""jaeger"": ""running""}",1,1,1,desktop-control-plane,True,"{""desktop-control-plane"": true}"
2026-09-21T00:16:07.729Z,otel-collector-7c765745bf-hnzqr,5640ea7c-d391-4d91-a081-fdee2e1b37db,otel-collector,Running,True,1,1,0,"{""otel-collector"": 0}","{""otel-collector"": ""running""}",1,1,1,desktop-control-plane,True,"{""desktop-control-plane"": true}"
2026-09-21T00:16:07.729Z,postgres-676cc4986c-6s5kh,42b5b5b1-da74-46d8-bf66-d12e14fa3676,postgres,Running,True,1,1,0,"{""postgres"": 0}","{""postgres"": ""running""}",1,1,1,desktop-control-plane,True,"{""desktop-control-plane"": true}"
2026-09-21T00:16:07.729Z,prometheus-59f5cf7468-fksrh,de98abcd-712d-4d81-8fb2-59b3011304c6,prometheus,Running,True,1,1,0,"{""prometheus"": 0}","{""prometheus"": ""running""}",1,1,1,desktop-control-plane,True,"{""desktop-control-plane"": true}"
2026-09-21T00:16:07.729Z,rabbitmq-5cdf8f76b7-kdf8p,f02b29f9-8329-460a-9c69-31b755066885,rabbitmq,Running,True,1,1,0,"{""rabbitmq"": 0}","{""rabbitmq"": ""running""}",1,1,1,desktop-control-plane,True,"{""desktop-control-plane"": true}"
2026-09-21T00:16:07.729Z,worker-5799d849c5-66d8m,8d0e460a-5d59-44a2-9b1b-ce0d6f27aa11,worker,Running,True,1,1,0,"{""worker"": 0}","{""worker"": ""running""}",1,1,1,desktop-control-plane,True,"{""desktop-control-plane"": true}"
2026-09-21T00:16:12.729Z,api-5974b5bb7-lqxg5,b7340985-75b6-4ee6-94ae-219edb88b3cb,api,Running,True,1,1,0,"{""api"": 0}","{""api"": ""running""}",1,1,1,desktop-control-plane,True,"{""desktop-control-plane"": true}"
2026-09-21T00:16:12.729Z,flash-sale-image-loader,d97aac4b-6036-49d3-84fa-1eb65b06be9d,,Succeeded,False,0,1,0,"{""flash-sale-image-loader"": 0}","{""flash-sale-image-loader"": ""terminated""}",1,1,1,desktop-control-plane,True,"{""desktop-control-plane"": true}"
2026-09-21T00:16:12.729Z,gateway-d5b8cd646-k2t2j,73e11660-27e2-4f01-af00-a676bdd92091,gateway,Running,True,1,1,1,"{""gateway"": 1}","{""gateway"": ""running""}",1,1,1,desktop-control-plane,True,"{""desktop-control-plane"": true}"
2026-09-21T00:16:12.729Z,jaeger-7cc9b664cc-dkxmr,5f30629b-2b5b-4fec-9f8e-dd3583fe5c69,jaeger,Running,True,1,1,0,"{""jaeger"": 0}","{""jaeger"": ""running""}",1,1,1,desktop-control-plane,True,"{""desktop-control-plane"": true}"
2026-09-21T00:16:12.729Z,otel-collector-7c765745bf-hnzqr,5640ea7c-d391-4d91-a081-fdee2e1b37db,otel-collector,Running,True,1,1,0,"{""otel-collector"": 0}","{""otel-collector"": ""running""}",1,1,1,desktop-control-plane,True,"{""desktop-control-plane"": true}"
2026-09-21T00:16:12.729Z,postgres-676cc4986c-6s5kh,42b5b5b1-da74-46d8-bf66-d12e14fa3676,postgres,Running,True,1,1,0,"{""postgres"": 0}","{""postgres"": ""running""}",1,1,1,desktop-control-plane,True,"{""desktop-control-plane"": true}"
2026-09-21T00:16:12.729Z,prometheus-59f5cf7468-fksrh,de98abcd-712d-4d81-8fb2-59b3011304c6,prometheus,Running,True,1,1,0,"{""prometheus"": 0}","{""prometheus"": ""running""}",1,1,1,desktop-control-plane,True,"{""desktop-control-plane"": true}"
2026-09-21T00:16:12.729Z,rabbitmq-5cdf8f76b7-kdf8p,f02b29f9-8329-460a-9c69-31b755066885,rabbitmq,Running,True,1,1,0,"{""rabbitmq"": 0}","{""rabbitmq"": ""running""}",1,1,1,desktop-control-plane,True,"{""desktop-control-plane"": true}"
2026-09-21T00:16:12.729Z,worker-5799d849c5-66d8m,8d0e460a-5d59-44a2-9b1b-ce0d6f27aa11,worker,Running,True,1,1,0,"{""worker"": 0}","{""worker"": ""running""}",1,1,1,desktop-control-plane,True,"{""desktop-control-plane"": true}"
2026-09-21T00:16:17.730Z,api-5974b5bb7-lqxg5,b7340985-75b6-4ee6-94ae-219edb88b3cb,api,Running,True,1,1,0,"{""api"": 0}","{""api"": ""running""}",1,1,1,desktop-control-plane,True,"{""desktop-control-plane"": true}"
2026-09-21T00:16:17.730Z,flash-sale-image-loader,d97aac4b-6036-49d3-84fa-1eb65b06be9d,,Succeeded,False,0,1,0,"{""flash-sale-image-loader"": 0}","{""flash-sale-image-loader"": ""terminated""}",1,1,1,desktop-control-plane,True,"{""desktop-control-plane"": true}"
2026-09-21T00:16:17.730Z,gateway-d5b8cd646-k2t2j,73e11660-27e2-4f01-af00-a676bdd92091,gateway,Running,True,1,1,1,"{""gateway"": 1}","{""gateway"": ""running""}",1,1,1,desktop-control-plane,True,"{""desktop-control-plane"": true}"
2026-09-21T00:16:17.730Z,jaeger-7cc9b664cc-dkxmr,5f30629b-2b5b-4fec-9f8e-dd3583fe5c69,jaeger,Running,True,1,1,0,"{""jaeger"": 0}","{""jaeger"": ""running""}",1,1,1,desktop-control-plane,True,"{""desktop-control-plane"": true}"
2026-09-21T00:16:17.730Z,otel-collector-7c765745bf-hnzqr,5640ea7c-d391-4d91-a081-fdee2e1b37db,otel-collector,Running,True,1,1,0,"{""otel-collector"": 0}","{""otel-collector"": ""running""}",1,1,1,desktop-control-plane,True,"{""desktop-control-plane"": true}"
2026-09-21T00:16:17.730Z,postgres-676cc4986c-6s5kh,42b5b5b1-da74-46d8-bf66-d12e14fa3676,postgres,Running,True,1,1,0,"{""postgres"": 0}","{""postgres"": ""running""}",1,1,1,desktop-control-plane,True,"{""desktop-control-plane"": true}"
2026-09-21T00:16:17.730Z,prometheus-59f5cf7468-fksrh,de98abcd-712d-4d81-8fb2-59b3011304c6,prometheus,Running,True,1,1,0,"{""prometheus"": 0}","{""prometheus"": ""running""}",1,1,1,desktop-control-plane,True,"{""desktop-control-plane"": true}"
2026-09-21T00:16:17.730Z,rabbitmq-5cdf8f76b7-kdf8p,f02b29f9-8329-460a-9c69-31b755066885,rabbitmq,Running,True,1,1,0,"{""rabbitmq"": 0}","{""rabbitmq"": ""running""}",1,1,1,desktop-control-plane,True,"{""desktop-control-plane"": true}"
2026-09-21T00:16:17.730Z,worker-5799d849c5-66d8m,8d0e460a-5d59-44a2-9b1b-ce0d6f27aa11,worker,Running,True,1,1,0,"{""worker"": 0}","{""worker"": ""running""}",1,1,1,desktop-control-plane,True,"{""desktop-control-plane"": true}"
2026-09-21T00:16:22.730Z,api-5974b5bb7-lqxg5,b7340985-75b6-4ee6-94ae-219edb88b3cb,api,Running,True,1,1,0,"{""api"": 0}","{""api"": ""running""}",1,1,1,desktop-control-plane,True,"{""desktop-control-plane"": true}"
2026-09-21T00:16:22.730Z,flash-sale-image-loader,d97aac4b-6036-49d3-84fa-1eb65b06be9d,,Succeeded,False,0,1,0,"{""flash-sale-image-loader"": 0}","{""flash-sale-image-loader"": ""terminated""}",1,1,1,desktop-control-plane,True,"{""desktop-control-plane"": true}"
2026-09-21T00:16:22.730Z,gateway-d5b8cd646-k2t2j,73e11660-27e2-4f01-af00-a676bdd92091,gateway,Running,True,1,1,1,"{""gateway"": 1}","{""gateway"": ""running""}",1,1,1,desktop-control-plane,True,"{""desktop-control-plane"": true}"
2026-09-21T00:16:22.730Z,jaeger-7cc9b664cc-dkxmr,5f30629b-2b5b-4fec-9f8e-dd3583fe5c69,jaeger,Running,True,1,1,0,"{""jaeger"": 0}","{""jaeger"": ""running""}",1,1,1,desktop-control-plane,True,"{""desktop-control-plane"": true}"
2026-09-21T00:16:22.730Z,otel-collector-7c765745bf-hnzqr,5640ea7c-d391-4d91-a081-fdee2e1b37db,otel-collector,Running,True,1,1,0,"{""otel-collector"": 0}","{""otel-collector"": ""running""}",1,1,1,desktop-control-plane,True,"{""desktop-control-plane"": true}"
2026-09-21T00:16:22.730Z,postgres-676cc4986c-6s5kh,42b5b5b1-da74-46d8-bf66-d12e14fa3676,postgres,Running,True,1,1,0,"{""postgres"": 0}","{""postgres"": ""running""}",1,1,1,desktop-control-plane,True,"{""desktop-control-plane"": true}"
2026-09-21T00:16:22.730Z,prometheus-59f5cf7468-fksrh,de98abcd-712d-4d81-8fb2-59b3011304c6,prometheus,Running,True,1,1,0,"{""prometheus"": 0}","{""prometheus"": ""running""}",1,1,1,desktop-control-plane,True,"{""desktop-control-plane"": true}"
2026-09-21T00:16:22.730Z,rabbitmq-5cdf8f76b7-kdf8p,f02b29f9-8329-460a-9c69-31b755066885,rabbitmq,Running,True,1,1,0,"{""rabbitmq"": 0}","{""rabbitmq"": ""running""}",1,1,1,desktop-control-plane,True,"{""desktop-control-plane"": true}"
2026-09-21T00:16:22.730Z,worker-5799d849c5-66d8m,8d0e460a-5d59-44a2-9b1b-ce0d6f27aa11,worker,Running,True,1,1,0,"{""worker"": 0}","{""worker"": ""running""}",1,1,1,desktop-control-plane,True,"{""desktop-control-plane"": true}"
2026-09-21T00:16:27.730Z,api-5974b5bb7-lqxg5,b7340985-75b6-4ee6-94ae-219edb88b3cb,api,Running,True,1,1,0,"{""api"": 0}","{""api"": ""running""}",1,1,1,desktop-control-plane,True,"{""desktop-control-plane"": true}"
2026-09-21T00:16:27.730Z,flash-sale-image-loader,d97aac4b-6036-49d3-84fa-1eb65b06be9d,,Succeeded,False,0,1,0,"{""flash-sale-image-loader"": 0}","{""flash-sale-image-loader"": ""terminated""}",1,1,1,desktop-control-plane,True,"{""desktop-control-plane"": true}"
2026-09-21T00:16:27.730Z,gateway-d5b8cd646-k2t2j,73e11660-27e2-4f01-af00-a676bdd92091,gateway,Running,True,1,1,1,"{""gateway"": 1}","{""gateway"": ""running""}",1,1,1,desktop-control-plane,True,"{""desktop-control-plane"": true}"
2026-09-21T00:16:27.730Z,jaeger-7cc9b664cc-dkxmr,5f30629b-2b5b-4fec-9f8e-dd3583fe5c69,jaeger,Running,True,1,1,0,"{""jaeger"": 0}","{""jaeger"": ""running""}",1,1,1,desktop-control-plane,True,"{""desktop-control-plane"": true}"
2026-09-21T00:16:27.730Z,otel-collector-7c765745bf-hnzqr,5640ea7c-d391-4d91-a081-fdee2e1b37db,otel-collector,Running,True,1,1,0,"{""otel-collector"": 0}","{""otel-collector"": ""running""}",1,1,1,desktop-control-plane,True,"{""desktop-control-plane"": true}"
2026-09-21T00:16:27.730Z,postgres-676cc4986c-6s5kh,42b5b5b1-da74-46d8-bf66-d12e14fa3676,postgres,Running,True,1,1,0,"{""postgres"": 0}","{""postgres"": ""running""}",1,1,1,desktop-control-plane,True,"{""desktop-control-plane"": true}"
2026-09-21T00:16:27.730Z,prometheus-59f5cf7468-fksrh,de98abcd-712d-4d81-8fb2-59b3011304c6,prometheus,Running,True,1,1,0,"{""prometheus"": 0}","{""prometheus"": ""running""}",1,1,1,desktop-control-plane,True,"{""desktop-control-plane"": true}"
2026-09-21T00:16:27.730Z,rabbitmq-5cdf8f76b7-kdf8p,f02b29f9-8329-460a-9c69-31b755066885,rabbitmq,Running,True,1,1,0,"{""rabbitmq"": 0}","{""rabbitmq"": ""running""}",1,1,1,desktop-control-plane,True,"{""desktop-control-plane"": true}"
2026-09-21T00:16:27.730Z,worker-5799d849c5-66d8m,8d0e460a-5d59-44a2-9b1b-ce0d6f27aa11,worker,Running,True,1,1,0,"{""worker"": 0}","{""worker"": ""running""}",1,1,1,desktop-control-plane,True,"{""desktop-control-plane"": true}"
2026-09-21T00:16:32.730Z,api-5974b5bb7-lqxg5,b7340985-75b6-4ee6-94ae-219edb88b3cb,api,Running,True,1,1,0,"{""api"": 0}","{""api"": ""running""}",1,1,1,desktop-control-plane,True,"{""desktop-control-plane"": true}"
2026-09-21T00:16:32.730Z,flash-sale-image-loader,d97aac4b-6036-49d3-84fa-1eb65b06be9d,,Succeeded,False,0,1,0,"{""flash-sale-image-loader"": 0}","{""flash-sale-image-loader"": ""terminated""}",1,1,1,desktop-control-plane,True,"{""desktop-control-plane"": true}"
2026-09-21T00:16:32.730Z,gateway-d5b8cd646-k2t2j,73e11660-27e2-4f01-af00-a676bdd92091,gateway,Running,True,1,1,1,"{""gateway"": 1}","{""gateway"": ""running""}",1,1,1,desktop-control-plane,True,"{""desktop-control-plane"": true}"
2026-09-21T00:16:32.730Z,jaeger-7cc9b664cc-dkxmr,5f30629b-2b5b-4fec-9f8e-dd3583fe5c69,jaeger,Running,True,1,1,0,"{""jaeger"": 0}","{""jaeger"": ""running""}",1,1,1,desktop-control-plane,True,"{""desktop-control-plane"": true}"
2026-09-21T00:16:32.730Z,otel-collector-7c765745bf-hnzqr,5640ea7c-d391-4d91-a081-fdee2e1b37db,otel-collector,Running,True,1,1,0,"{""otel-collector"": 0}","{""otel-collector"": ""running""}",1,1,1,desktop-control-plane,True,"{""desktop-control-plane"": true}"
2026-09-21T00:16:32.730Z,postgres-676cc4986c-6s5kh,42b5b5b1-da74-46d8-bf66-d12e14fa3676,postgres,Running,True,1,1,0,"{""postgres"": 0}","{""postgres"": ""running""}",1,1,1,desktop-control-plane,True,"{""desktop-control-plane"": true}"
2026-09-21T00:16:32.730Z,prometheus-59f5cf7468-fksrh,de98abcd-712d-4d81-8fb2-59b3011304c6,prometheus,Running,True,1,1,0,"{""prometheus"": 0}","{""prometheus"": ""running""}",1,1,1,desktop-control-plane,True,"{""desktop-control-plane"": true}"
2026-09-21T00:16:32.730Z,rabbitmq-5cdf8f76b7-kdf8p,f02b29f9-8329-460a-9c69-31b755066885,rabbitmq,Running,True,1,1,0,"{""rabbitmq"": 0}","{""rabbitmq"": ""running""}",1,1,1,desktop-control-plane,True,"{""desktop-control-plane"": true}"
2026-09-21T00:16:32.730Z,worker-5799d849c5-66d8m,8d0e460a-5d59-44a2-9b1b-ce0d6f27aa11,worker,Running,True,1,1,0,"{""worker"": 0}","{""worker"": ""running""}",1,1,1,desktop-control-plane,True,"{""desktop-control-plane"": true}"
2026-09-21T00:16:37.731Z,api-5974b5bb7-lqxg5,b7340985-75b6-4ee6-94ae-219edb88b3cb,api,Running,True,1,1,0,"{""api"": 0}","{""api"": ""running""}",1,1,1,desktop-control-plane,True,"{""desktop-control-plane"": true}"
2026-09-21T00:16:37.731Z,flash-sale-image-loader,d97aac4b-6036-49d3-84fa-1eb65b06be9d,,Succeeded,False,0,1,0,"{""flash-sale-image-loader"": 0}","{""flash-sale-image-loader"": ""terminated""}",1,1,1,desktop-control-plane,True,"{""desktop-control-plane"": true}"
2026-09-21T00:16:37.731Z,gateway-d5b8cd646-k2t2j,73e11660-27e2-4f01-af00-a676bdd92091,gateway,Running,True,1,1,1,"{""gateway"": 1}","{""gateway"": ""running""}",1,1,1,desktop-control-plane,True,"{""desktop-control-plane"": true}"
2026-09-21T00:16:37.731Z,jaeger-7cc9b664cc-dkxmr,5f30629b-2b5b-4fec-9f8e-dd3583fe5c69,jaeger,Running,True,1,1,0,"{""jaeger"": 0}","{""jaeger"": ""running""}",1,1,1,desktop-control-plane,True,"{""desktop-control-plane"": true}"
2026-09-21T00:16:37.731Z,otel-collector-7c765745bf-hnzqr,5640ea7c-d391-4d91-a081-fdee2e1b37db,otel-collector,Running,True,1,1,0,"{""otel-collector"": 0}","{""otel-collector"": ""running""}",1,1,1,desktop-control-plane,True,"{""desktop-control-plane"": true}"
2026-09-21T00:16:37.731Z,postgres-676cc4986c-6s5kh,42b5b5b1-da74-46d8-bf66-d12e14fa3676,postgres,Running,True,1,1,0,"{""postgres"": 0}","{""postgres"": ""running""}",1,1,1,desktop-control-plane,True,"{""desktop-control-plane"": true}"
2026-09-21T00:16:37.731Z,prometheus-59f5cf7468-fksrh,de98abcd-712d-4d81-8fb2-59b3011304c6,prometheus,Running,True,1,1,0,"{""prometheus"": 0}","{""prometheus"": ""running""}",1,1,1,desktop-control-plane,True,"{""desktop-control-plane"": true}"
2026-09-21T00:16:37.731Z,rabbitmq-5cdf8f76b7-kdf8p,f02b29f9-8329-460a-9c69-31b755066885,rabbitmq,Running,True,1,1,0,"{""rabbitmq"": 0}","{""rabbitmq"": ""running""}",1,1,1,desktop-control-plane,True,"{""desktop-control-plane"": true}"
2026-09-21T00:16:37.731Z,worker-5799d849c5-66d8m,8d0e460a-5d59-44a2-9b1b-ce0d6f27aa11,worker,Running,True,1,1,0,"{""worker"": 0}","{""worker"": ""running""}",1,1,1,desktop-control-plane,True,"{""desktop-control-plane"": true}"
2026-09-21T00:16:42.731Z,api-5974b5bb7-lqxg5,b7340985-75b6-4ee6-94ae-219edb88b3cb,api,Running,True,1,1,0,"{""api"": 0}","{""api"": ""running""}",1,1,1,desktop-control-plane,True,"{""desktop-control-plane"": true}"
2026-09-21T00:16:42.731Z,flash-sale-image-loader,d97aac4b-6036-49d3-84fa-1eb65b06be9d,,Succeeded,False,0,1,0,"{""flash-sale-image-loader"": 0}","{""flash-sale-image-loader"": ""terminated""}",1,1,1,desktop-control-plane,True,"{""desktop-control-plane"": true}"
2026-09-21T00:16:42.731Z,gateway-d5b8cd646-k2t2j,73e11660-27e2-4f01-af00-a676bdd92091,gateway,Running,True,1,1,1,"{""gateway"": 1}","{""gateway"": ""running""}",1,1,1,desktop-control-plane,True,"{""desktop-control-plane"": true}"
2026-09-21T00:16:42.731Z,jaeger-7cc9b664cc-dkxmr,5f30629b-2b5b-4fec-9f8e-dd3583fe5c69,jaeger,Running,True,1,1,0,"{""jaeger"": 0}","{""jaeger"": ""running""}",1,1,1,desktop-control-plane,True,"{""desktop-control-plane"": true}"
2026-09-21T00:16:42.731Z,otel-collector-7c765745bf-hnzqr,5640ea7c-d391-4d91-a081-fdee2e1b37db,otel-collector,Running,True,1,1,0,"{""otel-collector"": 0}","{""otel-collector"": ""running""}",1,1,1,desktop-control-plane,True,"{""desktop-control-plane"": true}"
2026-09-21T00:16:42.731Z,postgres-676cc4986c-6s5kh,42b5b5b1-da74-46d8-bf66-d12e14fa3676,postgres,Running,True,1,1,0,"{""postgres"": 0}","{""postgres"": ""running""}",1,1,1,desktop-control-plane,True,"{""desktop-control-plane"": true}"
2026-09-21T00:16:42.731Z,prometheus-59f5cf7468-fksrh,de98abcd-712d-4d81-8fb2-59b3011304c6,prometheus,Running,True,1,1,0,"{""prometheus"": 0}","{""prometheus"": ""running""}",1,1,1,desktop-control-plane,True,"{""desktop-control-plane"": true}"
2026-09-21T00:16:42.731Z,rabbitmq-5cdf8f76b7-kdf8p,f02b29f9-8329-460a-9c69-31b755066885,rabbitmq,Running,True,1,1,0,"{""rabbitmq"": 0}","{""rabbitmq"": ""running""}",1,1,1,desktop-control-plane,True,"{""desktop-control-plane"": true}"
2026-09-21T00:16:42.731Z,worker-5799d849c5-66d8m,8d0e460a-5d59-44a2-9b1b-ce0d6f27aa11,worker,Running,True,1,1,0,"{""worker"": 0}","{""worker"": ""running""}",1,1,1,desktop-control-plane,True,"{""desktop-control-plane"": true}"
2026-09-21T00:16:47.731Z,api-5974b5bb7-lqxg5,b7340985-75b6-4ee6-94ae-219edb88b3cb,api,Running,True,1,1,0,"{""api"": 0}","{""api"": ""running""}",1,1,1,desktop-control-plane,True,"{""desktop-control-plane"": true}"
2026-09-21T00:16:47.731Z,flash-sale-image-loader,d97aac4b-6036-49d3-84fa-1eb65b06be9d,,Succeeded,False,0,1,0,"{""flash-sale-image-loader"": 0}","{""flash-sale-image-loader"": ""terminated""}",1,1,1,desktop-control-plane,True,"{""desktop-control-plane"": true}"
2026-09-21T00:16:47.731Z,gateway-d5b8cd646-k2t2j,73e11660-27e2-4f01-af00-a676bdd92091,gateway,Running,True,1,1,1,"{""gateway"": 1}","{""gateway"": ""running""}",1,1,1,desktop-control-plane,True,"{""desktop-control-plane"": true}"
2026-09-21T00:16:47.731Z,jaeger-7cc9b664cc-dkxmr,5f30629b-2b5b-4fec-9f8e-dd3583fe5c69,jaeger,Running,True,1,1,0,"{""jaeger"": 0}","{""jaeger"": ""running""}",1,1,1,desktop-control-plane,True,"{""desktop-control-plane"": true}"
2026-09-21T00:16:47.731Z,k6-c3-run-2-ppkvc,61cb9575-a19d-4767-8c15-1f06df619f1d,k6,Running,True,1,1,0,"{""k6"": 0}","{""k6"": ""running""}",1,1,1,desktop-control-plane,True,"{""desktop-control-plane"": true}"
2026-09-21T00:16:47.731Z,otel-collector-7c765745bf-hnzqr,5640ea7c-d391-4d91-a081-fdee2e1b37db,otel-collector,Running,True,1,1,0,"{""otel-collector"": 0}","{""otel-collector"": ""running""}",1,1,1,desktop-control-plane,True,"{""desktop-control-plane"": true}"
2026-09-21T00:16:47.731Z,postgres-676cc4986c-6s5kh,42b5b5b1-da74-46d8-bf66-d12e14fa3676,postgres,Running,True,1,1,0,"{""postgres"": 0}","{""postgres"": ""running""}",1,1,1,desktop-control-plane,True,"{""desktop-control-plane"": true}"
2026-09-21T00:16:47.731Z,prometheus-59f5cf7468-fksrh,de98abcd-712d-4d81-8fb2-59b3011304c6,prometheus,Running,True,1,1,0,"{""prometheus"": 0}","{""prometheus"": ""running""}",1,1,1,desktop-control-plane,True,"{""desktop-control-plane"": true}"
2026-09-21T00:16:47.731Z,rabbitmq-5cdf8f76b7-kdf8p,f02b29f9-8329-460a-9c69-31b755066885,rabbitmq,Running,True,1,1,0,"{""rabbitmq"": 0}","{""rabbitmq"": ""running""}",1,1,1,desktop-control-plane,True,"{""desktop-control-plane"": true}"
2026-09-21T00:16:47.731Z,worker-5799d849c5-66d8m,8d0e460a-5d59-44a2-9b1b-ce0d6f27aa11,worker,Running,True,1,1,0,"{""worker"": 0}","{""worker"": ""running""}",1,1,1,desktop-control-plane,True,"{""desktop-control-plane"": true}"
2026-09-21T00:16:52.731Z,api-5974b5bb7-lqxg5,b7340985-75b6-4ee6-94ae-219edb88b3cb,api,Running,True,1,1,0,"{""api"": 0}","{""api"": ""running""}",1,1,1,desktop-control-plane,True,"{""desktop-control-plane"": true}"
2026-09-21T00:16:52.731Z,flash-sale-image-loader,d97aac4b-6036-49d3-84fa-1eb65b06be9d,,Succeeded,False,0,1,0,"{""flash-sale-image-loader"": 0}","{""flash-sale-image-loader"": ""terminated""}",1,1,1,desktop-control-plane,True,"{""desktop-control-plane"": true}"
2026-09-21T00:16:52.731Z,gateway-d5b8cd646-k2t2j,73e11660-27e2-4f01-af00-a676bdd92091,gateway,Running,True,1,1,1,"{""gateway"": 1}","{""gateway"": ""running""}",1,1,1,desktop-control-plane,True,"{""desktop-control-plane"": true}"
2026-09-21T00:16:52.731Z,jaeger-7cc9b664cc-dkxmr,5f30629b-2b5b-4fec-9f8e-dd3583fe5c69,jaeger,Running,True,1,1,0,"{""jaeger"": 0}","{""jaeger"": ""running""}",1,1,1,desktop-control-plane,True,"{""desktop-control-plane"": true}"
2026-09-21T00:16:52.731Z,k6-c3-run-2-ppkvc,61cb9575-a19d-4767-8c15-1f06df619f1d,k6,Running,True,1,1,0,"{""k6"": 0}","{""k6"": ""running""}",1,1,1,desktop-control-plane,True,"{""desktop-control-plane"": true}"
2026-09-21T00:16:52.731Z,otel-collector-7c765745bf-hnzqr,5640ea7c-d391-4d91-a081-fdee2e1b37db,otel-collector,Running,True,1,1,0,"{""otel-collector"": 0}","{""otel-collector"": ""running""}",1,1,1,desktop-control-plane,True,"{""desktop-control-plane"": true}"
2026-09-21T00:16:52.731Z,postgres-676cc4986c-6s5kh,42b5b5b1-da74-46d8-bf66-d12e14fa3676,postgres,Running,True,1,1,0,"{""postgres"": 0}","{""postgres"": ""running""}",1,1,1,desktop-control-plane,True,"{""desktop-control-plane"": true}"
2026-09-21T00:16:52.731Z,prometheus-59f5cf7468-fksrh,de98abcd-712d-4d81-8fb2-59b3011304c6,prometheus,Running,True,1,1,0,"{""prometheus"": 0}","{""prometheus"": ""running""}",1,1,1,desktop-control-plane,True,"{""desktop-control-plane"": true}"
2026-09-21T00:16:52.731Z,rabbitmq-5cdf8f76b7-kdf8p,f02b29f9-8329-460a-9c69-31b755066885,rabbitmq,Running,True,1,1,0,"{""rabbitmq"": 0}","{""rabbitmq"": ""running""}",1,1,1,desktop-control-plane,True,"{""desktop-control-plane"": true}"
2026-09-21T00:16:52.731Z,worker-5799d849c5-66d8m,8d0e460a-5d59-44a2-9b1b-ce0d6f27aa11,worker,Running,True,1,1,0,"{""worker"": 0}","{""worker"": ""running""}",1,1,1,desktop-control-plane,True,"{""desktop-control-plane"": true}"
2026-09-21T00:16:57.732Z,api-5974b5bb7-lqxg5,b7340985-75b6-4ee6-94ae-219edb88b3cb,api,Running,True,1,1,0,"{""api"": 0}","{""api"": ""running""}",1,1,1,desktop-control-plane,True,"{""desktop-control-plane"": true}"
2026-09-21T00:16:57.732Z,flash-sale-image-loader,d97aac4b-6036-49d3-84fa-1eb65b06be9d,,Succeeded,False,0,1,0,"{""flash-sale-image-loader"": 0}","{""flash-sale-image-loader"": ""terminated""}",1,1,1,desktop-control-plane,True,"{""desktop-control-plane"": true}"
2026-09-21T00:16:57.732Z,gateway-d5b8cd646-k2t2j,73e11660-27e2-4f01-af00-a676bdd92091,gateway,Running,True,1,1,1,"{""gateway"": 1}","{""gateway"": ""running""}",1,1,1,desktop-control-plane,True,"{""desktop-control-plane"": true}"
2026-09-21T00:16:57.732Z,jaeger-7cc9b664cc-dkxmr,5f30629b-2b5b-4fec-9f8e-dd3583fe5c69,jaeger,Running,True,1,1,0,"{""jaeger"": 0}","{""jaeger"": ""running""}",1,1,1,desktop-control-plane,True,"{""desktop-control-plane"": true}"
2026-09-21T00:16:57.732Z,k6-c3-run-2-ppkvc,61cb9575-a19d-4767-8c15-1f06df619f1d,k6,Running,True,1,1,0,"{""k6"": 0}","{""k6"": ""running""}",1,1,1,desktop-control-plane,True,"{""desktop-control-plane"": true}"
2026-09-21T00:16:57.732Z,otel-collector-7c765745bf-hnzqr,5640ea7c-d391-4d91-a081-fdee2e1b37db,otel-collector,Running,True,1,1,0,"{""otel-collector"": 0}","{""otel-collector"": ""running""}",1,1,1,desktop-control-plane,True,"{""desktop-control-plane"": true}"
2026-09-21T00:16:57.732Z,postgres-676cc4986c-6s5kh,42b5b5b1-da74-46d8-bf66-d12e14fa3676,postgres,Running,True,1,1,0,"{""postgres"": 0}","{""postgres"": ""running""}",1,1,1,desktop-control-plane,True,"{""desktop-control-plane"": true}"
2026-09-21T00:16:57.732Z,prometheus-59f5cf7468-fksrh,de98abcd-712d-4d81-8fb2-59b3011304c6,prometheus,Running,True,1,1,0,"{""prometheus"": 0}","{""prometheus"": ""running""}",1,1,1,desktop-control-plane,True,"{""desktop-control-plane"": true}"
2026-09-21T00:16:57.732Z,rabbitmq-5cdf8f76b7-kdf8p,f02b29f9-8329-460a-9c69-31b755066885,rabbitmq,Running,True,1,1,0,"{""rabbitmq"": 0}","{""rabbitmq"": ""running""}",1,1,1,desktop-control-plane,True,"{""desktop-control-plane"": true}"
2026-09-21T00:16:57.732Z,worker-5799d849c5-66d8m,8d0e460a-5d59-44a2-9b1b-ce0d6f27aa11,worker,Running,True,1,1,0,"{""worker"": 0}","{""worker"": ""running""}",1,1,1,desktop-control-plane,True,"{""desktop-control-plane"": true}"
2026-09-21T00:17:02.732Z,api-5974b5bb7-lqxg5,b7340985-75b6-4ee6-94ae-219edb88b3cb,api,Running,True,1,1,0,"{""api"": 0}","{""api"": ""running""}",1,1,1,desktop-control-plane,True,"{""desktop-control-plane"": true}"
2026-09-21T00:17:02.732Z,flash-sale-image-loader,d97aac4b-6036-49d3-84fa-1eb65b06be9d,,Succeeded,False,0,1,0,"{""flash-sale-image-loader"": 0}","{""flash-sale-image-loader"": ""terminated""}",1,1,1,desktop-control-plane,True,"{""desktop-control-plane"": true}"
2026-09-21T00:17:02.732Z,gateway-d5b8cd646-k2t2j,73e11660-27e2-4f01-af00-a676bdd92091,gateway,Running,True,1,1,1,"{""gateway"": 1}","{""gateway"": ""running""}",1,1,1,desktop-control-plane,True,"{""desktop-control-plane"": true}"
2026-09-21T00:17:02.732Z,jaeger-7cc9b664cc-dkxmr,5f30629b-2b5b-4fec-9f8e-dd3583fe5c69,jaeger,Running,True,1,1,0,"{""jaeger"": 0}","{""jaeger"": ""running""}",1,1,1,desktop-control-plane,True,"{""desktop-control-plane"": true}"
2026-09-21T00:17:02.732Z,k6-c3-run-2-ppkvc,61cb9575-a19d-4767-8c15-1f06df619f1d,k6,Running,True,1,1,0,"{""k6"": 0}","{""k6"": ""running""}",1,1,1,desktop-control-plane,True,"{""desktop-control-plane"": true}"
2026-09-21T00:17:02.732Z,otel-collector-7c765745bf-hnzqr,5640ea7c-d391-4d91-a081-fdee2e1b37db,otel-collector,Running,True,1,1,0,"{""otel-collector"": 0}","{""otel-collector"": ""running""}",1,1,1,desktop-control-plane,True,"{""desktop-control-plane"": true}"
2026-09-21T00:17:02.732Z,postgres-676cc4986c-6s5kh,42b5b5b1-da74-46d8-bf66-d12e14fa3676,postgres,Running,True,1,1,0,"{""postgres"": 0}","{""postgres"": ""running""}",1,1,1,desktop-control-plane,True,"{""desktop-control-plane"": true}"
2026-09-21T00:17:02.732Z,prometheus-59f5cf7468-fksrh,de98abcd-712d-4d81-8fb2-59b3011304c6,prometheus,Running,True,1,1,0,"{""prometheus"": 0}","{""prometheus"": ""running""}",1,1,1,desktop-control-plane,True,"{""desktop-control-plane"": true}"
2026-09-21T00:17:02.732Z,rabbitmq-5cdf8f76b7-kdf8p,f02b29f9-8329-460a-9c69-31b755066885,rabbitmq,Running,True,1,1,0,"{""rabbitmq"": 0}","{""rabbitmq"": ""running""}",1,1,1,desktop-control-plane,True,"{""desktop-control-plane"": true}"
2026-09-21T00:17:02.732Z,worker-5799d849c5-66d8m,8d0e460a-5d59-44a2-9b1b-ce0d6f27aa11,worker,Running,True,1,1,0,"{""worker"": 0}","{""worker"": ""running""}",1,1,1,desktop-control-plane,True,"{""desktop-control-plane"": true}"
2026-09-21T00:17:07.732Z,api-5974b5bb7-lqxg5,b7340985-75b6-4ee6-94ae-219edb88b3cb,api,Running,True,1,1,0,"{""api"": 0}","{""api"": ""running""}",1,1,1,desktop-control-plane,True,"{""desktop-control-plane"": true}"
2026-09-21T00:17:07.732Z,flash-sale-image-loader,d97aac4b-6036-49d3-84fa-1eb65b06be9d,,Succeeded,False,0,1,0,"{""flash-sale-image-loader"": 0}","{""flash-sale-image-loader"": ""terminated""}",1,1,1,desktop-control-plane,True,"{""desktop-control-plane"": true}"
2026-09-21T00:17:07.732Z,gateway-d5b8cd646-k2t2j,73e11660-27e2-4f01-af00-a676bdd92091,gateway,Running,True,1,1,1,"{""gateway"": 1}","{""gateway"": ""running""}",1,1,1,desktop-control-plane,True,"{""desktop-control-plane"": true}"
2026-09-21T00:17:07.732Z,jaeger-7cc9b664cc-dkxmr,5f30629b-2b5b-4fec-9f8e-dd3583fe5c69,jaeger,Running,True,1,1,0,"{""jaeger"": 0}","{""jaeger"": ""running""}",1,1,1,desktop-control-plane,True,"{""desktop-control-plane"": true}"
2026-09-21T00:17:07.732Z,k6-c3-run-2-ppkvc,61cb9575-a19d-4767-8c15-1f06df619f1d,k6,Running,True,1,1,0,"{""k6"": 0}","{""k6"": ""running""}",1,1,1,desktop-control-plane,True,"{""desktop-control-plane"": true}"
2026-09-21T00:17:07.732Z,otel-collector-7c765745bf-hnzqr,5640ea7c-d391-4d91-a081-fdee2e1b37db,otel-collector,Running,True,1,1,0,"{""otel-collector"": 0}","{""otel-collector"": ""running""}",1,1,1,desktop-control-plane,True,"{""desktop-control-plane"": true}"
2026-09-21T00:17:07.732Z,postgres-676cc4986c-6s5kh,42b5b5b1-da74-46d8-bf66-d12e14fa3676,postgres,Running,True,1,1,0,"{""postgres"": 0}","{""postgres"": ""running""}",1,1,1,desktop-control-plane,True,"{""desktop-control-plane"": true}"
2026-09-21T00:17:07.732Z,prometheus-59f5cf7468-fksrh,de98abcd-712d-4d81-8fb2-59b3011304c6,prometheus,Running,True,1,1,0,"{""prometheus"": 0}","{""prometheus"": ""running""}",1,1,1,desktop-control-plane,True,"{""desktop-control-plane"": true}"
2026-09-21T00:17:07.732Z,rabbitmq-5cdf8f76b7-kdf8p,f02b29f9-8329-460a-9c69-31b755066885,rabbitmq,Running,True,1,1,0,"{""rabbitmq"": 0}","{""rabbitmq"": ""running""}",1,1,1,desktop-control-plane,True,"{""desktop-control-plane"": true}"
2026-09-21T00:17:07.732Z,worker-5799d849c5-66d8m,8d0e460a-5d59-44a2-9b1b-ce0d6f27aa11,worker,Running,True,1,1,0,"{""worker"": 0}","{""worker"": ""running""}",1,1,1,desktop-control-plane,True,"{""desktop-control-plane"": true}"
2026-09-21T00:17:12.732Z,api-5974b5bb7-lqxg5,b7340985-75b6-4ee6-94ae-219edb88b3cb,api,Running,True,1,1,0,"{""api"": 0}","{""api"": ""running""}",1,1,1,desktop-control-plane,True,"{""desktop-control-plane"": true}"
2026-09-21T00:17:12.732Z,flash-sale-image-loader,d97aac4b-6036-49d3-84fa-1eb65b06be9d,,Succeeded,False,0,1,0,"{""flash-sale-image-loader"": 0}","{""flash-sale-image-loader"": ""terminated""}",1,1,1,desktop-control-plane,True,"{""desktop-control-plane"": true}"
2026-09-21T00:17:12.732Z,gateway-d5b8cd646-k2t2j,73e11660-27e2-4f01-af00-a676bdd92091,gateway,Running,True,1,1,1,"{""gateway"": 1}","{""gateway"": ""running""}",1,1,1,desktop-control-plane,True,"{""desktop-control-plane"": true}"
2026-09-21T00:17:12.732Z,jaeger-7cc9b664cc-dkxmr,5f30629b-2b5b-4fec-9f8e-dd3583fe5c69,jaeger,Running,True,1,1,0,"{""jaeger"": 0}","{""jaeger"": ""running""}",1,1,1,desktop-control-plane,True,"{""desktop-control-plane"": true}"
2026-09-21T00:17:12.732Z,k6-c3-run-2-ppkvc,61cb9575-a19d-4767-8c15-1f06df619f1d,k6,Running,True,1,1,0,"{""k6"": 0}","{""k6"": ""running""}",1,1,1,desktop-control-plane,True,"{""desktop-control-plane"": true}"
2026-09-21T00:17:12.732Z,otel-collector-7c765745bf-hnzqr,5640ea7c-d391-4d91-a081-fdee2e1b37db,otel-collector,Running,True,1,1,0,"{""otel-collector"": 0}","{""otel-collector"": ""running""}",1,1,1,desktop-control-plane,True,"{""desktop-control-plane"": true}"
2026-09-21T00:17:12.732Z,postgres-676cc4986c-6s5kh,42b5b5b1-da74-46d8-bf66-d12e14fa3676,postgres,Running,True,1,1,0,"{""postgres"": 0}","{""postgres"": ""running""}",1,1,1,desktop-control-plane,True,"{""desktop-control-plane"": true}"
2026-09-21T00:17:12.732Z,prometheus-59f5cf7468-fksrh,de98abcd-712d-4d81-8fb2-59b3011304c6,prometheus,Running,True,1,1,0,"{""prometheus"": 0}","{""prometheus"": ""running""}",1,1,1,desktop-control-plane,True,"{""desktop-control-plane"": true}"
2026-09-21T00:17:12.732Z,rabbitmq-5cdf8f76b7-kdf8p,f02b29f9-8329-460a-9c69-31b755066885,rabbitmq,Running,True,1,1,0,"{""rabbitmq"": 0}","{""rabbitmq"": ""running""}",1,1,1,desktop-control-plane,True,"{""desktop-control-plane"": true}"
2026-09-21T00:17:12.732Z,worker-5799d849c5-66d8m,8d0e460a-5d59-44a2-9b1b-ce0d6f27aa11,worker,Running,True,1,1,0,"{""worker"": 0}","{""worker"": ""running""}",1,1,1,desktop-control-plane,True,"{""desktop-control-plane"": true}"
2026-09-21T00:17:17.733Z,api-5974b5bb7-lqxg5,b7340985-75b6-4ee6-94ae-219edb88b3cb,api,Running,True,1,1,0,"{""api"": 0}","{""api"": ""running""}",1,1,1,desktop-control-plane,True,"{""desktop-control-plane"": true}"
2026-09-21T00:17:17.733Z,flash-sale-image-loader,d97aac4b-6036-49d3-84fa-1eb65b06be9d,,Succeeded,False,0,1,0,"{""flash-sale-image-loader"": 0}","{""flash-sale-image-loader"": ""terminated""}",1,1,1,desktop-control-plane,True,"{""desktop-control-plane"": true}"
2026-09-21T00:17:17.733Z,gateway-d5b8cd646-k2t2j,73e11660-27e2-4f01-af00-a676bdd92091,gateway,Running,True,1,1,1,"{""gateway"": 1}","{""gateway"": ""running""}",1,1,1,desktop-control-plane,True,"{""desktop-control-plane"": true}"
2026-09-21T00:17:17.733Z,jaeger-7cc9b664cc-dkxmr,5f30629b-2b5b-4fec-9f8e-dd3583fe5c69,jaeger,Running,True,1,1,0,"{""jaeger"": 0}","{""jaeger"": ""running""}",1,1,1,desktop-control-plane,True,"{""desktop-control-plane"": true}"
2026-09-21T00:17:17.733Z,k6-c3-run-2-ppkvc,61cb9575-a19d-4767-8c15-1f06df619f1d,k6,Running,True,1,1,0,"{""k6"": 0}","{""k6"": ""running""}",1,1,1,desktop-control-plane,True,"{""desktop-control-plane"": true}"
2026-09-21T00:17:17.733Z,otel-collector-7c765745bf-hnzqr,5640ea7c-d391-4d91-a081-fdee2e1b37db,otel-collector,Running,True,1,1,0,"{""otel-collector"": 0}","{""otel-collector"": ""running""}",1,1,1,desktop-control-plane,True,"{""desktop-control-plane"": true}"
2026-09-21T00:17:17.733Z,postgres-676cc4986c-6s5kh,42b5b5b1-da74-46d8-bf66-d12e14fa3676,postgres,Running,True,1,1,0,"{""postgres"": 0}","{""postgres"": ""running""}",1,1,1,desktop-control-plane,True,"{""desktop-control-plane"": true}"
2026-09-21T00:17:17.733Z,prometheus-59f5cf7468-fksrh,de98abcd-712d-4d81-8fb2-59b3011304c6,prometheus,Running,True,1,1,0,"{""prometheus"": 0}","{""prometheus"": ""running""}",1,1,1,desktop-control-plane,True,"{""desktop-control-plane"": true}"
2026-09-21T00:17:17.733Z,rabbitmq-5cdf8f76b7-kdf8p,f02b29f9-8329-460a-9c69-31b755066885,rabbitmq,Running,True,1,1,0,"{""rabbitmq"": 0}","{""rabbitmq"": ""running""}",1,1,1,desktop-control-plane,True,"{""desktop-control-plane"": true}"
2026-09-21T00:17:17.733Z,worker-5799d849c5-66d8m,8d0e460a-5d59-44a2-9b1b-ce0d6f27aa11,worker,Running,True,1,1,0,"{""worker"": 0}","{""worker"": ""running""}",1,1,1,desktop-control-plane,True,"{""desktop-control-plane"": true}"
2026-09-21T00:17:22.733Z,api-5974b5bb7-lqxg5,b7340985-75b6-4ee6-94ae-219edb88b3cb,api,Running,True,1,1,0,"{""api"": 0}","{""api"": ""running""}",1,1,1,desktop-control-plane,True,"{""desktop-control-plane"": true}"
2026-09-21T00:17:22.733Z,flash-sale-image-loader,d97aac4b-6036-49d3-84fa-1eb65b06be9d,,Succeeded,False,0,1,0,"{""flash-sale-image-loader"": 0}","{""flash-sale-image-loader"": ""terminated""}",1,1,1,desktop-control-plane,True,"{""desktop-control-plane"": true}"
2026-09-21T00:17:22.733Z,gateway-d5b8cd646-k2t2j,73e11660-27e2-4f01-af00-a676bdd92091,gateway,Running,True,1,1,1,"{""gateway"": 1}","{""gateway"": ""running""}",1,1,1,desktop-control-plane,True,"{""desktop-control-plane"": true}"
2026-09-21T00:17:22.733Z,jaeger-7cc9b664cc-dkxmr,5f30629b-2b5b-4fec-9f8e-dd3583fe5c69,jaeger,Running,True,1,1,0,"{""jaeger"": 0}","{""jaeger"": ""running""}",1,1,1,desktop-control-plane,True,"{""desktop-control-plane"": true}"
2026-09-21T00:17:22.733Z,k6-c3-run-2-ppkvc,61cb9575-a19d-4767-8c15-1f06df619f1d,k6,Running,True,1,1,0,"{""k6"": 0}","{""k6"": ""running""}",1,1,1,desktop-control-plane,True,"{""desktop-control-plane"": true}"
2026-09-21T00:17:22.733Z,otel-collector-7c765745bf-hnzqr,5640ea7c-d391-4d91-a081-fdee2e1b37db,otel-collector,Running,True,1,1,0,"{""otel-collector"": 0}","{""otel-collector"": ""running""}",1,1,1,desktop-control-plane,True,"{""desktop-control-plane"": true}"
2026-09-21T00:17:22.733Z,postgres-676cc4986c-6s5kh,42b5b5b1-da74-46d8-bf66-d12e14fa3676,postgres,Running,True,1,1,0,"{""postgres"": 0}","{""postgres"": ""running""}",1,1,1,desktop-control-plane,True,"{""desktop-control-plane"": true}"
2026-09-21T00:17:22.733Z,prometheus-59f5cf7468-fksrh,de98abcd-712d-4d81-8fb2-59b3011304c6,prometheus,Running,True,1,1,0,"{""prometheus"": 0}","{""prometheus"": ""running""}",1,1,1,desktop-control-plane,True,"{""desktop-control-plane"": true}"
2026-09-21T00:17:22.733Z,rabbitmq-5cdf8f76b7-kdf8p,f02b29f9-8329-460a-9c69-31b755066885,rabbitmq,Running,True,1,1,0,"{""rabbitmq"": 0}","{""rabbitmq"": ""running""}",1,1,1,desktop-control-plane,True,"{""desktop-control-plane"": true}"
2026-09-21T00:17:22.733Z,worker-5799d849c5-66d8m,8d0e460a-5d59-44a2-9b1b-ce0d6f27aa11,worker,Running,True,1,1,0,"{""worker"": 0}","{""worker"": ""running""}",1,1,1,desktop-control-plane,True,"{""desktop-control-plane"": true}"
2026-09-21T00:17:27.733Z,api-5974b5bb7-lqxg5,b7340985-75b6-4ee6-94ae-219edb88b3cb,api,Running,True,1,1,0,"{""api"": 0}","{""api"": ""running""}",1,1,1,desktop-control-plane,True,"{""desktop-control-plane"": true}"
2026-09-21T00:17:27.733Z,flash-sale-image-loader,d97aac4b-6036-49d3-84fa-1eb65b06be9d,,Succeeded,False,0,1,0,"{""flash-sale-image-loader"": 0}","{""flash-sale-image-loader"": ""terminated""}",1,1,1,desktop-control-plane,True,"{""desktop-control-plane"": true}"
2026-09-21T00:17:27.733Z,gateway-d5b8cd646-k2t2j,73e11660-27e2-4f01-af00-a676bdd92091,gateway,Running,True,1,1,1,"{""gateway"": 1}","{""gateway"": ""running""}",1,1,1,desktop-control-plane,True,"{""desktop-control-plane"": true}"
2026-09-21T00:17:27.733Z,jaeger-7cc9b664cc-dkxmr,5f30629b-2b5b-4fec-9f8e-dd3583fe5c69,jaeger,Running,True,1,1,0,"{""jaeger"": 0}","{""jaeger"": ""running""}",1,1,1,desktop-control-plane,True,"{""desktop-control-plane"": true}"
2026-09-21T00:17:27.733Z,k6-c3-run-2-ppkvc,61cb9575-a19d-4767-8c15-1f06df619f1d,k6,Running,True,1,1,0,"{""k6"": 0}","{""k6"": ""running""}",1,1,1,desktop-control-plane,True,"{""desktop-control-plane"": true}"
2026-09-21T00:17:27.733Z,otel-collector-7c765745bf-hnzqr,5640ea7c-d391-4d91-a081-fdee2e1b37db,otel-collector,Running,True,1,1,0,"{""otel-collector"": 0}","{""otel-collector"": ""running""}",1,1,1,desktop-control-plane,True,"{""desktop-control-plane"": true}"
2026-09-21T00:17:27.733Z,postgres-676cc4986c-6s5kh,42b5b5b1-da74-46d8-bf66-d12e14fa3676,postgres,Running,True,1,1,0,"{""postgres"": 0}","{""postgres"": ""running""}",1,1,1,desktop-control-plane,True,"{""desktop-control-plane"": true}"
2026-09-21T00:17:27.733Z,prometheus-59f5cf7468-fksrh,de98abcd-712d-4d81-8fb2-59b3011304c6,prometheus,Running,True,1,1,0,"{""prometheus"": 0}","{""prometheus"": ""running""}",1,1,1,desktop-control-plane,True,"{""desktop-control-plane"": true}"
2026-09-21T00:17:27.733Z,rabbitmq-5cdf8f76b7-kdf8p,f02b29f9-8329-460a-9c69-31b755066885,rabbitmq,Running,True,1,1,0,"{""rabbitmq"": 0}","{""rabbitmq"": ""running""}",1,1,1,desktop-control-plane,True,"{""desktop-control-plane"": true}"
2026-09-21T00:17:27.733Z,worker-5799d849c5-66d8m,8d0e460a-5d59-44a2-9b1b-ce0d6f27aa11,worker,Running,True,1,1,0,"{""worker"": 0}","{""worker"": ""running""}",1,1,1,desktop-control-plane,True,"{""desktop-control-plane"": true}"
2026-09-21T00:17:32.734Z,api-5974b5bb7-lqxg5,b7340985-75b6-4ee6-94ae-219edb88b3cb,api,Running,True,1,1,0,"{""api"": 0}","{""api"": ""running""}",1,1,1,desktop-control-plane,True,"{""desktop-control-plane"": true}"
2026-09-21T00:17:32.734Z,flash-sale-image-loader,d97aac4b-6036-49d3-84fa-1eb65b06be9d,,Succeeded,False,0,1,0,"{""flash-sale-image-loader"": 0}","{""flash-sale-image-loader"": ""terminated""}",1,1,1,desktop-control-plane,True,"{""desktop-control-plane"": true}"
2026-09-21T00:17:32.734Z,gateway-d5b8cd646-k2t2j,73e11660-27e2-4f01-af00-a676bdd92091,gateway,Running,True,1,1,1,"{""gateway"": 1}","{""gateway"": ""running""}",1,1,1,desktop-control-plane,True,"{""desktop-control-plane"": true}"
2026-09-21T00:17:32.734Z,jaeger-7cc9b664cc-dkxmr,5f30629b-2b5b-4fec-9f8e-dd3583fe5c69,jaeger,Running,True,1,1,0,"{""jaeger"": 0}","{""jaeger"": ""running""}",1,1,1,desktop-control-plane,True,"{""desktop-control-plane"": true}"
2026-09-21T00:17:32.734Z,k6-c3-run-2-ppkvc,61cb9575-a19d-4767-8c15-1f06df619f1d,k6,Running,True,1,1,0,"{""k6"": 0}","{""k6"": ""running""}",1,1,1,desktop-control-plane,True,"{""desktop-control-plane"": true}"
2026-09-21T00:17:32.734Z,otel-collector-7c765745bf-hnzqr,5640ea7c-d391-4d91-a081-fdee2e1b37db,otel-collector,Running,True,1,1,0,"{""otel-collector"": 0}","{""otel-collector"": ""running""}",1,1,1,desktop-control-plane,True,"{""desktop-control-plane"": true}"
2026-09-21T00:17:32.734Z,postgres-676cc4986c-6s5kh,42b5b5b1-da74-46d8-bf66-d12e14fa3676,postgres,Running,True,1,1,0,"{""postgres"": 0}","{""postgres"": ""running""}",1,1,1,desktop-control-plane,True,"{""desktop-control-plane"": true}"
2026-09-21T00:17:32.734Z,prometheus-59f5cf7468-fksrh,de98abcd-712d-4d81-8fb2-59b3011304c6,prometheus,Running,True,1,1,0,"{""prometheus"": 0}","{""prometheus"": ""running""}",1,1,1,desktop-control-plane,True,"{""desktop-control-plane"": true}"
2026-09-21T00:17:32.734Z,rabbitmq-5cdf8f76b7-kdf8p,f02b29f9-8329-460a-9c69-31b755066885,rabbitmq,Running,True,1,1,0,"{""rabbitmq"": 0}","{""rabbitmq"": ""running""}",1,1,1,desktop-control-plane,True,"{""desktop-control-plane"": true}"
2026-09-21T00:17:32.734Z,worker-5799d849c5-66d8m,8d0e460a-5d59-44a2-9b1b-ce0d6f27aa11,worker,Running,True,1,1,0,"{""worker"": 0}","{""worker"": ""running""}",1,1,1,desktop-control-plane,True,"{""desktop-control-plane"": true}"
2026-09-21T00:17:37.734Z,api-5974b5bb7-lqxg5,b7340985-75b6-4ee6-94ae-219edb88b3cb,api,Running,True,1,1,0,"{""api"": 0}","{""api"": ""running""}",1,1,1,desktop-control-plane,True,"{""desktop-control-plane"": true}"
2026-09-21T00:17:37.734Z,flash-sale-image-loader,d97aac4b-6036-49d3-84fa-1eb65b06be9d,,Succeeded,False,0,1,0,"{""flash-sale-image-loader"": 0}","{""flash-sale-image-loader"": ""terminated""}",1,1,1,desktop-control-plane,True,"{""desktop-control-plane"": true}"
2026-09-21T00:17:37.734Z,gateway-d5b8cd646-k2t2j,73e11660-27e2-4f01-af00-a676bdd92091,gateway,Running,True,1,1,1,"{""gateway"": 1}","{""gateway"": ""running""}",1,1,1,desktop-control-plane,True,"{""desktop-control-plane"": true}"
2026-09-21T00:17:37.734Z,jaeger-7cc9b664cc-dkxmr,5f30629b-2b5b-4fec-9f8e-dd3583fe5c69,jaeger,Running,True,1,1,0,"{""jaeger"": 0}","{""jaeger"": ""running""}",1,1,1,desktop-control-plane,True,"{""desktop-control-plane"": true}"
2026-09-21T00:17:37.734Z,k6-c3-run-2-ppkvc,61cb9575-a19d-4767-8c15-1f06df619f1d,k6,Running,True,1,1,0,"{""k6"": 0}","{""k6"": ""running""}",1,1,1,desktop-control-plane,True,"{""desktop-control-plane"": true}"
2026-09-21T00:17:37.734Z,otel-collector-7c765745bf-hnzqr,5640ea7c-d391-4d91-a081-fdee2e1b37db,otel-collector,Running,True,1,1,0,"{""otel-collector"": 0}","{""otel-collector"": ""running""}",1,1,1,desktop-control-plane,True,"{""desktop-control-plane"": true}"
2026-09-21T00:17:37.734Z,postgres-676cc4986c-6s5kh,42b5b5b1-da74-46d8-bf66-d12e14fa3676,postgres,Running,True,1,1,0,"{""postgres"": 0}","{""postgres"": ""running""}",1,1,1,desktop-control-plane,True,"{""desktop-control-plane"": true}"
2026-09-21T00:17:37.734Z,prometheus-59f5cf7468-fksrh,de98abcd-712d-4d81-8fb2-59b3011304c6,prometheus,Running,True,1,1,0,"{""prometheus"": 0}","{""prometheus"": ""running""}",1,1,1,desktop-control-plane,True,"{""desktop-control-plane"": true}"
2026-09-21T00:17:37.734Z,rabbitmq-5cdf8f76b7-kdf8p,f02b29f9-8329-460a-9c69-31b755066885,rabbitmq,Running,True,1,1,0,"{""rabbitmq"": 0}","{""rabbitmq"": ""running""}",1,1,1,desktop-control-plane,True,"{""desktop-control-plane"": true}"
2026-09-21T00:17:37.734Z,worker-5799d849c5-66d8m,8d0e460a-5d59-44a2-9b1b-ce0d6f27aa11,worker,Running,True,1,1,0,"{""worker"": 0}","{""worker"": ""running""}",1,1,1,desktop-control-plane,True,"{""desktop-control-plane"": true}"
2026-09-21T00:17:42.735Z,api-5974b5bb7-lqxg5,b7340985-75b6-4ee6-94ae-219edb88b3cb,api,Running,True,1,1,0,"{""api"": 0}","{""api"": ""running""}",1,1,1,desktop-control-plane,True,"{""desktop-control-plane"": true}"
2026-09-21T00:17:42.735Z,flash-sale-image-loader,d97aac4b-6036-49d3-84fa-1eb65b06be9d,,Succeeded,False,0,1,0,"{""flash-sale-image-loader"": 0}","{""flash-sale-image-loader"": ""terminated""}",1,1,1,desktop-control-plane,True,"{""desktop-control-plane"": true}"
2026-09-21T00:17:42.735Z,gateway-d5b8cd646-k2t2j,73e11660-27e2-4f01-af00-a676bdd92091,gateway,Running,True,1,1,1,"{""gateway"": 1}","{""gateway"": ""running""}",1,1,1,desktop-control-plane,True,"{""desktop-control-plane"": true}"
2026-09-21T00:17:42.735Z,jaeger-7cc9b664cc-dkxmr,5f30629b-2b5b-4fec-9f8e-dd3583fe5c69,jaeger,Running,True,1,1,0,"{""jaeger"": 0}","{""jaeger"": ""running""}",1,1,1,desktop-control-plane,True,"{""desktop-control-plane"": true}"
2026-09-21T00:17:42.735Z,k6-c3-run-2-ppkvc,61cb9575-a19d-4767-8c15-1f06df619f1d,k6,Running,True,1,1,0,"{""k6"": 0}","{""k6"": ""running""}",1,1,1,desktop-control-plane,True,"{""desktop-control-plane"": true}"
2026-09-21T00:17:42.735Z,otel-collector-7c765745bf-hnzqr,5640ea7c-d391-4d91-a081-fdee2e1b37db,otel-collector,Running,True,1,1,0,"{""otel-collector"": 0}","{""otel-collector"": ""running""}",1,1,1,desktop-control-plane,True,"{""desktop-control-plane"": true}"
2026-09-21T00:17:42.735Z,postgres-676cc4986c-6s5kh,42b5b5b1-da74-46d8-bf66-d12e14fa3676,postgres,Running,True,1,1,0,"{""postgres"": 0}","{""postgres"": ""running""}",1,1,1,desktop-control-plane,True,"{""desktop-control-plane"": true}"
2026-09-21T00:17:42.735Z,prometheus-59f5cf7468-fksrh,de98abcd-712d-4d81-8fb2-59b3011304c6,prometheus,Running,True,1,1,0,"{""prometheus"": 0}","{""prometheus"": ""running""}",1,1,1,desktop-control-plane,True,"{""desktop-control-plane"": true}"
2026-09-21T00:17:42.735Z,rabbitmq-5cdf8f76b7-kdf8p,f02b29f9-8329-460a-9c69-31b755066885,rabbitmq,Running,True,1,1,0,"{""rabbitmq"": 0}","{""rabbitmq"": ""running""}",1,1,1,desktop-control-plane,True,"{""desktop-control-plane"": true}"
2026-09-21T00:17:42.735Z,worker-5799d849c5-66d8m,8d0e460a-5d59-44a2-9b1b-ce0d6f27aa11,worker,Running,True,1,1,0,"{""worker"": 0}","{""worker"": ""running""}",1,1,1,desktop-control-plane,True,"{""desktop-control-plane"": true}"
2026-09-21T00:17:47.735Z,api-5974b5bb7-lqxg5,b7340985-75b6-4ee6-94ae-219edb88b3cb,api,Running,True,1,1,0,"{""api"": 0}","{""api"": ""running""}",1,1,1,desktop-control-plane,True,"{""desktop-control-plane"": true}"
2026-09-21T00:17:47.735Z,flash-sale-image-loader,d97aac4b-6036-49d3-84fa-1eb65b06be9d,,Succeeded,False,0,1,0,"{""flash-sale-image-loader"": 0}","{""flash-sale-image-loader"": ""terminated""}",1,1,1,desktop-control-plane,True,"{""desktop-control-plane"": true}"
2026-09-21T00:17:47.735Z,gateway-d5b8cd646-k2t2j,73e11660-27e2-4f01-af00-a676bdd92091,gateway,Running,True,1,1,1,"{""gateway"": 1}","{""gateway"": ""running""}",1,1,1,desktop-control-plane,True,"{""desktop-control-plane"": true}"
2026-09-21T00:17:47.735Z,jaeger-7cc9b664cc-dkxmr,5f30629b-2b5b-4fec-9f8e-dd3583fe5c69,jaeger,Running,True,1,1,0,"{""jaeger"": 0}","{""jaeger"": ""running""}",1,1,1,desktop-control-plane,True,"{""desktop-control-plane"": true}"
2026-09-21T00:17:47.735Z,k6-c3-run-2-ppkvc,61cb9575-a19d-4767-8c15-1f06df619f1d,k6,Running,True,1,1,0,"{""k6"": 0}","{""k6"": ""running""}",1,1,1,desktop-control-plane,True,"{""desktop-control-plane"": true}"
2026-09-21T00:17:47.735Z,otel-collector-7c765745bf-hnzqr,5640ea7c-d391-4d91-a081-fdee2e1b37db,otel-collector,Running,True,1,1,0,"{""otel-collector"": 0}","{""otel-collector"": ""running""}",1,1,1,desktop-control-plane,True,"{""desktop-control-plane"": true}"
2026-09-21T00:17:47.735Z,postgres-676cc4986c-6s5kh,42b5b5b1-da74-46d8-bf66-d12e14fa3676,postgres,Running,True,1,1,0,"{""postgres"": 0}","{""postgres"": ""running""}",1,1,1,desktop-control-plane,True,"{""desktop-control-plane"": true}"
2026-09-21T00:17:47.735Z,prometheus-59f5cf7468-fksrh,de98abcd-712d-4d81-8fb2-59b3011304c6,prometheus,Running,True,1,1,0,"{""prometheus"": 0}","{""prometheus"": ""running""}",1,1,1,desktop-control-plane,True,"{""desktop-control-plane"": true}"
2026-09-21T00:17:47.735Z,rabbitmq-5cdf8f76b7-kdf8p,f02b29f9-8329-460a-9c69-31b755066885,rabbitmq,Running,True,1,1,0,"{""rabbitmq"": 0}","{""rabbitmq"": ""running""}",1,1,1,desktop-control-plane,True,"{""desktop-control-plane"": true}"
2026-09-21T00:17:47.735Z,worker-5799d849c5-66d8m,8d0e460a-5d59-44a2-9b1b-ce0d6f27aa11,worker,Running,True,1,1,0,"{""worker"": 0}","{""worker"": ""running""}",1,1,1,desktop-control-plane,True,"{""desktop-control-plane"": true}"
2026-09-21T00:17:52.735Z,api-5974b5bb7-lqxg5,b7340985-75b6-4ee6-94ae-219edb88b3cb,api,Running,True,1,1,0,"{""api"": 0}","{""api"": ""running""}",1,1,1,desktop-control-plane,True,"{""desktop-control-plane"": true}"
2026-09-21T00:17:52.735Z,flash-sale-image-loader,d97aac4b-6036-49d3-84fa-1eb65b06be9d,,Succeeded,False,0,1,0,"{""flash-sale-image-loader"": 0}","{""flash-sale-image-loader"": ""terminated""}",1,1,1,desktop-control-plane,True,"{""desktop-control-plane"": true}"
2026-09-21T00:17:52.735Z,gateway-d5b8cd646-k2t2j,73e11660-27e2-4f01-af00-a676bdd92091,gateway,Running,True,1,1,1,"{""gateway"": 1}","{""gateway"": ""running""}",1,1,1,desktop-control-plane,True,"{""desktop-control-plane"": true}"
2026-09-21T00:17:52.735Z,jaeger-7cc9b664cc-dkxmr,5f30629b-2b5b-4fec-9f8e-dd3583fe5c69,jaeger,Running,True,1,1,0,"{""jaeger"": 0}","{""jaeger"": ""running""}",1,1,1,desktop-control-plane,True,"{""desktop-control-plane"": true}"
2026-09-21T00:17:52.735Z,k6-c3-run-2-ppkvc,61cb9575-a19d-4767-8c15-1f06df619f1d,k6,Running,True,1,1,0,"{""k6"": 0}","{""k6"": ""running""}",1,1,1,desktop-control-plane,True,"{""desktop-control-plane"": true}"
2026-09-21T00:17:52.735Z,otel-collector-7c765745bf-hnzqr,5640ea7c-d391-4d91-a081-fdee2e1b37db,otel-collector,Running,True,1,1,0,"{""otel-collector"": 0}","{""otel-collector"": ""running""}",1,1,1,desktop-control-plane,True,"{""desktop-control-plane"": true}"
2026-09-21T00:17:52.735Z,postgres-676cc4986c-6s5kh,42b5b5b1-da74-46d8-bf66-d12e14fa3676,postgres,Running,True,1,1,0,"{""postgres"": 0}","{""postgres"": ""running""}",1,1,1,desktop-control-plane,True,"{""desktop-control-plane"": true}"
2026-09-21T00:17:52.735Z,prometheus-59f5cf7468-fksrh,de98abcd-712d-4d81-8fb2-59b3011304c6,prometheus,Running,True,1,1,0,"{""prometheus"": 0}","{""prometheus"": ""running""}",1,1,1,desktop-control-plane,True,"{""desktop-control-plane"": true}"
2026-09-21T00:17:52.735Z,rabbitmq-5cdf8f76b7-kdf8p,f02b29f9-8329-460a-9c69-31b755066885,rabbitmq,Running,True,1,1,0,"{""rabbitmq"": 0}","{""rabbitmq"": ""running""}",1,1,1,desktop-control-plane,True,"{""desktop-control-plane"": true}"
2026-09-21T00:17:52.735Z,worker-5799d849c5-66d8m,8d0e460a-5d59-44a2-9b1b-ce0d6f27aa11,worker,Running,True,1,1,0,"{""worker"": 0}","{""worker"": ""running""}",1,1,1,desktop-control-plane,True,"{""desktop-control-plane"": true}"
2026-09-21T00:17:57.735Z,api-5974b5bb7-lqxg5,b7340985-75b6-4ee6-94ae-219edb88b3cb,api,Running,True,1,1,0,"{""api"": 0}","{""api"": ""running""}",1,1,1,desktop-control-plane,True,"{""desktop-control-plane"": true}"
2026-09-21T00:17:57.735Z,flash-sale-image-loader,d97aac4b-6036-49d3-84fa-1eb65b06be9d,,Succeeded,False,0,1,0,"{""flash-sale-image-loader"": 0}","{""flash-sale-image-loader"": ""terminated""}",1,1,1,desktop-control-plane,True,"{""desktop-control-plane"": true}"
2026-09-21T00:17:57.735Z,gateway-d5b8cd646-k2t2j,73e11660-27e2-4f01-af00-a676bdd92091,gateway,Running,True,1,1,1,"{""gateway"": 1}","{""gateway"": ""running""}",1,1,1,desktop-control-plane,True,"{""desktop-control-plane"": true}"
2026-09-21T00:17:57.735Z,jaeger-7cc9b664cc-dkxmr,5f30629b-2b5b-4fec-9f8e-dd3583fe5c69,jaeger,Running,True,1,1,0,"{""jaeger"": 0}","{""jaeger"": ""running""}",1,1,1,desktop-control-plane,True,"{""desktop-control-plane"": true}"
2026-09-21T00:17:57.735Z,k6-c3-run-2-ppkvc,61cb9575-a19d-4767-8c15-1f06df619f1d,k6,Running,True,1,1,0,"{""k6"": 0}","{""k6"": ""running""}",1,1,1,desktop-control-plane,True,"{""desktop-control-plane"": true}"
2026-09-21T00:17:57.735Z,otel-collector-7c765745bf-hnzqr,5640ea7c-d391-4d91-a081-fdee2e1b37db,otel-collector,Running,True,1,1,0,"{""otel-collector"": 0}","{""otel-collector"": ""running""}",1,1,1,desktop-control-plane,True,"{""desktop-control-plane"": true}"
2026-09-21T00:17:57.735Z,postgres-676cc4986c-6s5kh,42b5b5b1-da74-46d8-bf66-d12e14fa3676,postgres,Running,True,1,1,0,"{""postgres"": 0}","{""postgres"": ""running""}",1,1,1,desktop-control-plane,True,"{""desktop-control-plane"": true}"
2026-09-21T00:17:57.735Z,prometheus-59f5cf7468-fksrh,de98abcd-712d-4d81-8fb2-59b3011304c6,prometheus,Running,True,1,1,0,"{""prometheus"": 0}","{""prometheus"": ""running""}",1,1,1,desktop-control-plane,True,"{""desktop-control-plane"": true}"
2026-09-21T00:17:57.735Z,rabbitmq-5cdf8f76b7-kdf8p,f02b29f9-8329-460a-9c69-31b755066885,rabbitmq,Running,True,1,1,0,"{""rabbitmq"": 0}","{""rabbitmq"": ""running""}",1,1,1,desktop-control-plane,True,"{""desktop-control-plane"": true}"
2026-09-21T00:17:57.735Z,worker-5799d849c5-66d8m,8d0e460a-5d59-44a2-9b1b-ce0d6f27aa11,worker,Running,True,1,1,0,"{""worker"": 0}","{""worker"": ""running""}",1,1,1,desktop-control-plane,True,"{""desktop-control-plane"": true}"
2026-09-21T00:18:02.736Z,api-5974b5bb7-lqxg5,b7340985-75b6-4ee6-94ae-219edb88b3cb,api,Running,True,1,1,0,"{""api"": 0}","{""api"": ""running""}",1,1,1,desktop-control-plane,True,"{""desktop-control-plane"": true}"
2026-09-21T00:18:02.736Z,flash-sale-image-loader,d97aac4b-6036-49d3-84fa-1eb65b06be9d,,Succeeded,False,0,1,0,"{""flash-sale-image-loader"": 0}","{""flash-sale-image-loader"": ""terminated""}",1,1,1,desktop-control-plane,True,"{""desktop-control-plane"": true}"
2026-09-21T00:18:02.736Z,gateway-d5b8cd646-k2t2j,73e11660-27e2-4f01-af00-a676bdd92091,gateway,Running,True,1,1,1,"{""gateway"": 1}","{""gateway"": ""running""}",1,1,1,desktop-control-plane,True,"{""desktop-control-plane"": true}"
2026-09-21T00:18:02.736Z,jaeger-7cc9b664cc-dkxmr,5f30629b-2b5b-4fec-9f8e-dd3583fe5c69,jaeger,Running,True,1,1,0,"{""jaeger"": 0}","{""jaeger"": ""running""}",1,1,1,desktop-control-plane,True,"{""desktop-control-plane"": true}"
2026-09-21T00:18:02.736Z,k6-c3-run-2-ppkvc,61cb9575-a19d-4767-8c15-1f06df619f1d,k6,Running,True,1,1,0,"{""k6"": 0}","{""k6"": ""running""}",1,1,1,desktop-control-plane,True,"{""desktop-control-plane"": true}"
2026-09-21T00:18:02.736Z,otel-collector-7c765745bf-hnzqr,5640ea7c-d391-4d91-a081-fdee2e1b37db,otel-collector,Running,True,1,1,0,"{""otel-collector"": 0}","{""otel-collector"": ""running""}",1,1,1,desktop-control-plane,True,"{""desktop-control-plane"": true}"
2026-09-21T00:18:02.736Z,postgres-676cc4986c-6s5kh,42b5b5b1-da74-46d8-bf66-d12e14fa3676,postgres,Running,True,1,1,0,"{""postgres"": 0}","{""postgres"": ""running""}",1,1,1,desktop-control-plane,True,"{""desktop-control-plane"": true}"
2026-09-21T00:18:02.736Z,prometheus-59f5cf7468-fksrh,de98abcd-712d-4d81-8fb2-59b3011304c6,prometheus,Running,True,1,1,0,"{""prometheus"": 0}","{""prometheus"": ""running""}",1,1,1,desktop-control-plane,True,"{""desktop-control-plane"": true}"
2026-09-21T00:18:02.736Z,rabbitmq-5cdf8f76b7-kdf8p,f02b29f9-8329-460a-9c69-31b755066885,rabbitmq,Running,True,1,1,0,"{""rabbitmq"": 0}","{""rabbitmq"": ""running""}",1,1,1,desktop-control-plane,True,"{""desktop-control-plane"": true}"
2026-09-21T00:18:02.736Z,worker-5799d849c5-66d8m,8d0e460a-5d59-44a2-9b1b-ce0d6f27aa11,worker,Running,True,1,1,0,"{""worker"": 0}","{""worker"": ""running""}",1,1,1,desktop-control-plane,True,"{""desktop-control-plane"": true}"
2026-09-21T00:18:07.736Z,api-5974b5bb7-lqxg5,b7340985-75b6-4ee6-94ae-219edb88b3cb,api,Running,True,1,1,0,"{""api"": 0}","{""api"": ""running""}",1,1,1,desktop-control-plane,True,"{""desktop-control-plane"": true}"
2026-09-21T00:18:07.736Z,flash-sale-image-loader,d97aac4b-6036-49d3-84fa-1eb65b06be9d,,Succeeded,False,0,1,0,"{""flash-sale-image-loader"": 0}","{""flash-sale-image-loader"": ""terminated""}",1,1,1,desktop-control-plane,True,"{""desktop-control-plane"": true}"
2026-09-21T00:18:07.736Z,gateway-d5b8cd646-k2t2j,73e11660-27e2-4f01-af00-a676bdd92091,gateway,Running,True,1,1,1,"{""gateway"": 1}","{""gateway"": ""running""}",1,1,1,desktop-control-plane,True,"{""desktop-control-plane"": true}"
2026-09-21T00:18:07.736Z,jaeger-7cc9b664cc-dkxmr,5f30629b-2b5b-4fec-9f8e-dd3583fe5c69,jaeger,Running,True,1,1,0,"{""jaeger"": 0}","{""jaeger"": ""running""}",1,1,1,desktop-control-plane,True,"{""desktop-control-plane"": true}"
2026-09-21T00:18:07.736Z,k6-c3-run-2-ppkvc,61cb9575-a19d-4767-8c15-1f06df619f1d,k6,Running,True,1,1,0,"{""k6"": 0}","{""k6"": ""running""}",1,1,1,desktop-control-plane,True,"{""desktop-control-plane"": true}"
2026-09-21T00:18:07.736Z,otel-collector-7c765745bf-hnzqr,5640ea7c-d391-4d91-a081-fdee2e1b37db,otel-collector,Running,True,1,1,0,"{""otel-collector"": 0}","{""otel-collector"": ""running""}",1,1,1,desktop-control-plane,True,"{""desktop-control-plane"": true}"
2026-09-21T00:18:07.736Z,postgres-676cc4986c-6s5kh,42b5b5b1-da74-46d8-bf66-d12e14fa3676,postgres,Running,True,1,1,0,"{""postgres"": 0}","{""postgres"": ""running""}",1,1,1,desktop-control-plane,True,"{""desktop-control-plane"": true}"
2026-09-21T00:18:07.736Z,prometheus-59f5cf7468-fksrh,de98abcd-712d-4d81-8fb2-59b3011304c6,prometheus,Running,True,1,1,0,"{""prometheus"": 0}","{""prometheus"": ""running""}",1,1,1,desktop-control-plane,True,"{""desktop-control-plane"": true}"
2026-09-21T00:18:07.736Z,rabbitmq-5cdf8f76b7-kdf8p,f02b29f9-8329-460a-9c69-31b755066885,rabbitmq,Running,True,1,1,0,"{""rabbitmq"": 0}","{""rabbitmq"": ""running""}",1,1,1,desktop-control-plane,True,"{""desktop-control-plane"": true}"
2026-09-21T00:18:07.736Z,worker-5799d849c5-66d8m,8d0e460a-5d59-44a2-9b1b-ce0d6f27aa11,worker,Running,True,1,1,0,"{""worker"": 0}","{""worker"": ""running""}",1,1,1,desktop-control-plane,True,"{""desktop-control-plane"": true}"
2026-09-21T00:18:12.736Z,api-5974b5bb7-lqxg5,b7340985-75b6-4ee6-94ae-219edb88b3cb,api,Running,True,1,1,0,"{""api"": 0}","{""api"": ""running""}",1,1,1,desktop-control-plane,True,"{""desktop-control-plane"": true}"
2026-09-21T00:18:12.736Z,flash-sale-image-loader,d97aac4b-6036-49d3-84fa-1eb65b06be9d,,Succeeded,False,0,1,0,"{""flash-sale-image-loader"": 0}","{""flash-sale-image-loader"": ""terminated""}",1,1,1,desktop-control-plane,True,"{""desktop-control-plane"": true}"
2026-09-21T00:18:12.736Z,gateway-d5b8cd646-k2t2j,73e11660-27e2-4f01-af00-a676bdd92091,gateway,Running,True,1,1,1,"{""gateway"": 1}","{""gateway"": ""running""}",1,1,1,desktop-control-plane,True,"{""desktop-control-plane"": true}"
2026-09-21T00:18:12.736Z,jaeger-7cc9b664cc-dkxmr,5f30629b-2b5b-4fec-9f8e-dd3583fe5c69,jaeger,Running,True,1,1,0,"{""jaeger"": 0}","{""jaeger"": ""running""}",1,1,1,desktop-control-plane,True,"{""desktop-control-plane"": true}"
2026-09-21T00:18:12.736Z,k6-c3-run-2-ppkvc,61cb9575-a19d-4767-8c15-1f06df619f1d,k6,Running,True,1,1,0,"{""k6"": 0}","{""k6"": ""running""}",1,1,1,desktop-control-plane,True,"{""desktop-control-plane"": true}"
2026-09-21T00:18:12.736Z,otel-collector-7c765745bf-hnzqr,5640ea7c-d391-4d91-a081-fdee2e1b37db,otel-collector,Running,True,1,1,0,"{""otel-collector"": 0}","{""otel-collector"": ""running""}",1,1,1,desktop-control-plane,True,"{""desktop-control-plane"": true}"
2026-09-21T00:18:12.736Z,postgres-676cc4986c-6s5kh,42b5b5b1-da74-46d8-bf66-d12e14fa3676,postgres,Running,True,1,1,0,"{""postgres"": 0}","{""postgres"": ""running""}",1,1,1,desktop-control-plane,True,"{""desktop-control-plane"": true}"
2026-09-21T00:18:12.736Z,prometheus-59f5cf7468-fksrh,de98abcd-712d-4d81-8fb2-59b3011304c6,prometheus,Running,True,1,1,0,"{""prometheus"": 0}","{""prometheus"": ""running""}",1,1,1,desktop-control-plane,True,"{""desktop-control-plane"": true}"
2026-09-21T00:18:12.736Z,rabbitmq-5cdf8f76b7-kdf8p,f02b29f9-8329-460a-9c69-31b755066885,rabbitmq,Running,True,1,1,0,"{""rabbitmq"": 0}","{""rabbitmq"": ""running""}",1,1,1,desktop-control-plane,True,"{""desktop-control-plane"": true}"
2026-09-21T00:18:12.736Z,worker-5799d849c5-66d8m,8d0e460a-5d59-44a2-9b1b-ce0d6f27aa11,worker,Running,True,1,1,0,"{""worker"": 0}","{""worker"": ""running""}",1,1,1,desktop-control-plane,True,"{""desktop-control-plane"": true}"
2026-09-21T00:18:17.736Z,api-5974b5bb7-lqxg5,b7340985-75b6-4ee6-94ae-219edb88b3cb,api,Running,True,1,1,0,"{""api"": 0}","{""api"": ""running""}",1,1,1,desktop-control-plane,True,"{""desktop-control-plane"": true}"
2026-09-21T00:18:17.736Z,flash-sale-image-loader,d97aac4b-6036-49d3-84fa-1eb65b06be9d,,Succeeded,False,0,1,0,"{""flash-sale-image-loader"": 0}","{""flash-sale-image-loader"": ""terminated""}",1,1,1,desktop-control-plane,True,"{""desktop-control-plane"": true}"
2026-09-21T00:18:17.736Z,gateway-d5b8cd646-k2t2j,73e11660-27e2-4f01-af00-a676bdd92091,gateway,Running,True,1,1,1,"{""gateway"": 1}","{""gateway"": ""running""}",1,1,1,desktop-control-plane,True,"{""desktop-control-plane"": true}"
2026-09-21T00:18:17.736Z,jaeger-7cc9b664cc-dkxmr,5f30629b-2b5b-4fec-9f8e-dd3583fe5c69,jaeger,Running,True,1,1,0,"{""jaeger"": 0}","{""jaeger"": ""running""}",1,1,1,desktop-control-plane,True,"{""desktop-control-plane"": true}"
2026-09-21T00:18:17.736Z,k6-c3-run-2-ppkvc,61cb9575-a19d-4767-8c15-1f06df619f1d,k6,Running,True,1,1,0,"{""k6"": 0}","{""k6"": ""running""}",1,1,1,desktop-control-plane,True,"{""desktop-control-plane"": true}"
2026-09-21T00:18:17.736Z,otel-collector-7c765745bf-hnzqr,5640ea7c-d391-4d91-a081-fdee2e1b37db,otel-collector,Running,True,1,1,0,"{""otel-collector"": 0}","{""otel-collector"": ""running""}",1,1,1,desktop-control-plane,True,"{""desktop-control-plane"": true}"
2026-09-21T00:18:17.736Z,postgres-676cc4986c-6s5kh,42b5b5b1-da74-46d8-bf66-d12e14fa3676,postgres,Running,True,1,1,0,"{""postgres"": 0}","{""postgres"": ""running""}",1,1,1,desktop-control-plane,True,"{""desktop-control-plane"": true}"
2026-09-21T00:18:17.736Z,prometheus-59f5cf7468-fksrh,de98abcd-712d-4d81-8fb2-59b3011304c6,prometheus,Running,True,1,1,0,"{""prometheus"": 0}","{""prometheus"": ""running""}",1,1,1,desktop-control-plane,True,"{""desktop-control-plane"": true}"
2026-09-21T00:18:17.736Z,rabbitmq-5cdf8f76b7-kdf8p,f02b29f9-8329-460a-9c69-31b755066885,rabbitmq,Running,True,1,1,0,"{""rabbitmq"": 0}","{""rabbitmq"": ""running""}",1,1,1,desktop-control-plane,True,"{""desktop-control-plane"": true}"
2026-09-21T00:18:17.736Z,worker-5799d849c5-66d8m,8d0e460a-5d59-44a2-9b1b-ce0d6f27aa11,worker,Running,True,1,1,0,"{""worker"": 0}","{""worker"": ""running""}",1,1,1,desktop-control-plane,True,"{""desktop-control-plane"": true}"
2026-09-21T00:18:22.736Z,api-5974b5bb7-lqxg5,b7340985-75b6-4ee6-94ae-219edb88b3cb,api,Running,True,1,1,0,"{""api"": 0}","{""api"": ""running""}",1,1,1,desktop-control-plane,True,"{""desktop-control-plane"": true}"
2026-09-21T00:18:22.736Z,flash-sale-image-loader,d97aac4b-6036-49d3-84fa-1eb65b06be9d,,Succeeded,False,0,1,0,"{""flash-sale-image-loader"": 0}","{""flash-sale-image-loader"": ""terminated""}",1,1,1,desktop-control-plane,True,"{""desktop-control-plane"": true}"
2026-09-21T00:18:22.736Z,gateway-d5b8cd646-k2t2j,73e11660-27e2-4f01-af00-a676bdd92091,gateway,Running,True,1,1,1,"{""gateway"": 1}","{""gateway"": ""running""}",1,1,1,desktop-control-plane,True,"{""desktop-control-plane"": true}"
2026-09-21T00:18:22.736Z,jaeger-7cc9b664cc-dkxmr,5f30629b-2b5b-4fec-9f8e-dd3583fe5c69,jaeger,Running,True,1,1,0,"{""jaeger"": 0}","{""jaeger"": ""running""}",1,1,1,desktop-control-plane,True,"{""desktop-control-plane"": true}"
2026-09-21T00:18:22.736Z,otel-collector-7c765745bf-hnzqr,5640ea7c-d391-4d91-a081-fdee2e1b37db,otel-collector,Running,True,1,1,0,"{""otel-collector"": 0}","{""otel-collector"": ""running""}",1,1,1,desktop-control-plane,True,"{""desktop-control-plane"": true}"
2026-09-21T00:18:22.736Z,postgres-676cc4986c-6s5kh,42b5b5b1-da74-46d8-bf66-d12e14fa3676,postgres,Running,True,1,1,0,"{""postgres"": 0}","{""postgres"": ""running""}",1,1,1,desktop-control-plane,True,"{""desktop-control-plane"": true}"
2026-09-21T00:18:22.736Z,prometheus-59f5cf7468-fksrh,de98abcd-712d-4d81-8fb2-59b3011304c6,prometheus,Running,True,1,1,0,"{""prometheus"": 0}","{""prometheus"": ""running""}",1,1,1,desktop-control-plane,True,"{""desktop-control-plane"": true}"
2026-09-21T00:18:22.736Z,rabbitmq-5cdf8f76b7-kdf8p,f02b29f9-8329-460a-9c69-31b755066885,rabbitmq,Running,True,1,1,0,"{""rabbitmq"": 0}","{""rabbitmq"": ""running""}",1,1,1,desktop-control-plane,True,"{""desktop-control-plane"": true}"
2026-09-21T00:18:22.736Z,worker-5799d849c5-66d8m,8d0e460a-5d59-44a2-9b1b-ce0d6f27aa11,worker,Running,True,1,1,0,"{""worker"": 0}","{""worker"": ""running""}",1,1,1,desktop-control-plane,True,"{""desktop-control-plane"": true}"
2026-09-21T00:18:27.737Z,api-5974b5bb7-lqxg5,b7340985-75b6-4ee6-94ae-219edb88b3cb,api,Running,True,1,1,0,"{""api"": 0}","{""api"": ""running""}",1,1,1,desktop-control-plane,True,"{""desktop-control-plane"": true}"
2026-09-21T00:18:27.737Z,flash-sale-image-loader,d97aac4b-6036-49d3-84fa-1eb65b06be9d,,Succeeded,False,0,1,0,"{""flash-sale-image-loader"": 0}","{""flash-sale-image-loader"": ""terminated""}",1,1,1,desktop-control-plane,True,"{""desktop-control-plane"": true}"
2026-09-21T00:18:27.737Z,gateway-d5b8cd646-k2t2j,73e11660-27e2-4f01-af00-a676bdd92091,gateway,Running,True,1,1,1,"{""gateway"": 1}","{""gateway"": ""running""}",1,1,1,desktop-control-plane,True,"{""desktop-control-plane"": true}"
2026-09-21T00:18:27.737Z,jaeger-7cc9b664cc-dkxmr,5f30629b-2b5b-4fec-9f8e-dd3583fe5c69,jaeger,Running,True,1,1,0,"{""jaeger"": 0}","{""jaeger"": ""running""}",1,1,1,desktop-control-plane,True,"{""desktop-control-plane"": true}"
2026-09-21T00:18:27.737Z,otel-collector-7c765745bf-hnzqr,5640ea7c-d391-4d91-a081-fdee2e1b37db,otel-collector,Running,True,1,1,0,"{""otel-collector"": 0}","{""otel-collector"": ""running""}",1,1,1,desktop-control-plane,True,"{""desktop-control-plane"": true}"
2026-09-21T00:18:27.737Z,postgres-676cc4986c-6s5kh,42b5b5b1-da74-46d8-bf66-d12e14fa3676,postgres,Running,True,1,1,0,"{""postgres"": 0}","{""postgres"": ""running""}",1,1,1,desktop-control-plane,True,"{""desktop-control-plane"": true}"
2026-09-21T00:18:27.737Z,prometheus-59f5cf7468-fksrh,de98abcd-712d-4d81-8fb2-59b3011304c6,prometheus,Running,True,1,1,0,"{""prometheus"": 0}","{""prometheus"": ""running""}",1,1,1,desktop-control-plane,True,"{""desktop-control-plane"": true}"
2026-09-21T00:18:27.737Z,rabbitmq-5cdf8f76b7-kdf8p,f02b29f9-8329-460a-9c69-31b755066885,rabbitmq,Running,True,1,1,0,"{""rabbitmq"": 0}","{""rabbitmq"": ""running""}",1,1,1,desktop-control-plane,True,"{""desktop-control-plane"": true}"
2026-09-21T00:18:27.737Z,worker-5799d849c5-66d8m,8d0e460a-5d59-44a2-9b1b-ce0d6f27aa11,worker,Running,True,1,1,0,"{""worker"": 0}","{""worker"": ""running""}",1,1,1,desktop-control-plane,True,"{""desktop-control-plane"": true}"
2026-09-21T00:18:32.737Z,api-5974b5bb7-lqxg5,b7340985-75b6-4ee6-94ae-219edb88b3cb,api,Running,True,1,1,0,"{""api"": 0}","{""api"": ""running""}",1,1,1,desktop-control-plane,True,"{""desktop-control-plane"": true}"
2026-09-21T00:18:32.737Z,flash-sale-image-loader,d97aac4b-6036-49d3-84fa-1eb65b06be9d,,Succeeded,False,0,1,0,"{""flash-sale-image-loader"": 0}","{""flash-sale-image-loader"": ""terminated""}",1,1,1,desktop-control-plane,True,"{""desktop-control-plane"": true}"
2026-09-21T00:18:32.737Z,gateway-d5b8cd646-k2t2j,73e11660-27e2-4f01-af00-a676bdd92091,gateway,Running,True,1,1,1,"{""gateway"": 1}","{""gateway"": ""running""}",1,1,1,desktop-control-plane,True,"{""desktop-control-plane"": true}"
2026-09-21T00:18:32.737Z,jaeger-7cc9b664cc-dkxmr,5f30629b-2b5b-4fec-9f8e-dd3583fe5c69,jaeger,Running,True,1,1,0,"{""jaeger"": 0}","{""jaeger"": ""running""}",1,1,1,desktop-control-plane,True,"{""desktop-control-plane"": true}"
2026-09-21T00:18:32.737Z,otel-collector-7c765745bf-hnzqr,5640ea7c-d391-4d91-a081-fdee2e1b37db,otel-collector,Running,True,1,1,0,"{""otel-collector"": 0}","{""otel-collector"": ""running""}",1,1,1,desktop-control-plane,True,"{""desktop-control-plane"": true}"
2026-09-21T00:18:32.737Z,postgres-676cc4986c-6s5kh,42b5b5b1-da74-46d8-bf66-d12e14fa3676,postgres,Running,True,1,1,0,"{""postgres"": 0}","{""postgres"": ""running""}",1,1,1,desktop-control-plane,True,"{""desktop-control-plane"": true}"
2026-09-21T00:18:32.737Z,prometheus-59f5cf7468-fksrh,de98abcd-712d-4d81-8fb2-59b3011304c6,prometheus,Running,True,1,1,0,"{""prometheus"": 0}","{""prometheus"": ""running""}",1,1,1,desktop-control-plane,True,"{""desktop-control-plane"": true}"
2026-09-21T00:18:32.737Z,rabbitmq-5cdf8f76b7-kdf8p,f02b29f9-8329-460a-9c69-31b755066885,rabbitmq,Running,True,1,1,0,"{""rabbitmq"": 0}","{""rabbitmq"": ""running""}",1,1,1,desktop-control-plane,True,"{""desktop-control-plane"": true}"
2026-09-21T00:18:32.737Z,worker-5799d849c5-66d8m,8d0e460a-5d59-44a2-9b1b-ce0d6f27aa11,worker,Running,True,1,1,0,"{""worker"": 0}","{""worker"": ""running""}",1,1,1,desktop-control-plane,True,"{""desktop-control-plane"": true}"
2026-09-21T00:18:37.737Z,api-5974b5bb7-lqxg5,b7340985-75b6-4ee6-94ae-219edb88b3cb,api,Running,True,1,1,0,"{""api"": 0}","{""api"": ""running""}",1,1,1,desktop-control-plane,True,"{""desktop-control-plane"": true}"
2026-09-21T00:18:37.737Z,flash-sale-image-loader,d97aac4b-6036-49d3-84fa-1eb65b06be9d,,Succeeded,False,0,1,0,"{""flash-sale-image-loader"": 0}","{""flash-sale-image-loader"": ""terminated""}",1,1,1,desktop-control-plane,True,"{""desktop-control-plane"": true}"
2026-09-21T00:18:37.737Z,gateway-d5b8cd646-k2t2j,73e11660-27e2-4f01-af00-a676bdd92091,gateway,Running,True,1,1,1,"{""gateway"": 1}","{""gateway"": ""running""}",1,1,1,desktop-control-plane,True,"{""desktop-control-plane"": true}"
2026-09-21T00:18:37.737Z,jaeger-7cc9b664cc-dkxmr,5f30629b-2b5b-4fec-9f8e-dd3583fe5c69,jaeger,Running,True,1,1,0,"{""jaeger"": 0}","{""jaeger"": ""running""}",1,1,1,desktop-control-plane,True,"{""desktop-control-plane"": true}"
2026-09-21T00:18:37.737Z,otel-collector-7c765745bf-hnzqr,5640ea7c-d391-4d91-a081-fdee2e1b37db,otel-collector,Running,True,1,1,0,"{""otel-collector"": 0}","{""otel-collector"": ""running""}",1,1,1,desktop-control-plane,True,"{""desktop-control-plane"": true}"
2026-09-21T00:18:37.737Z,postgres-676cc4986c-6s5kh,42b5b5b1-da74-46d8-bf66-d12e14fa3676,postgres,Running,True,1,1,0,"{""postgres"": 0}","{""postgres"": ""running""}",1,1,1,desktop-control-plane,True,"{""desktop-control-plane"": true}"
2026-09-21T00:18:37.737Z,prometheus-59f5cf7468-fksrh,de98abcd-712d-4d81-8fb2-59b3011304c6,prometheus,Running,True,1,1,0,"{""prometheus"": 0}","{""prometheus"": ""running""}",1,1,1,desktop-control-plane,True,"{""desktop-control-plane"": true}"
2026-09-21T00:18:37.737Z,rabbitmq-5cdf8f76b7-kdf8p,f02b29f9-8329-460a-9c69-31b755066885,rabbitmq,Running,True,1,1,0,"{""rabbitmq"": 0}","{""rabbitmq"": ""running""}",1,1,1,desktop-control-plane,True,"{""desktop-control-plane"": true}"
2026-09-21T00:18:37.737Z,worker-5799d849c5-66d8m,8d0e460a-5d59-44a2-9b1b-ce0d6f27aa11,worker,Running,True,1,1,0,"{""worker"": 0}","{""worker"": ""running""}",1,1,1,desktop-control-plane,True,"{""desktop-control-plane"": true}"
2026-09-21T00:18:42.738Z,api-5974b5bb7-lqxg5,b7340985-75b6-4ee6-94ae-219edb88b3cb,api,Running,True,1,1,0,"{""api"": 0}","{""api"": ""running""}",1,1,1,desktop-control-plane,True,"{""desktop-control-plane"": true}"
2026-09-21T00:18:42.738Z,flash-sale-image-loader,d97aac4b-6036-49d3-84fa-1eb65b06be9d,,Succeeded,False,0,1,0,"{""flash-sale-image-loader"": 0}","{""flash-sale-image-loader"": ""terminated""}",1,1,1,desktop-control-plane,True,"{""desktop-control-plane"": true}"
2026-09-21T00:18:42.738Z,gateway-d5b8cd646-k2t2j,73e11660-27e2-4f01-af00-a676bdd92091,gateway,Running,True,1,1,1,"{""gateway"": 1}","{""gateway"": ""running""}",1,1,1,desktop-control-plane,True,"{""desktop-control-plane"": true}"
2026-09-21T00:18:42.738Z,jaeger-7cc9b664cc-dkxmr,5f30629b-2b5b-4fec-9f8e-dd3583fe5c69,jaeger,Running,True,1,1,0,"{""jaeger"": 0}","{""jaeger"": ""running""}",1,1,1,desktop-control-plane,True,"{""desktop-control-plane"": true}"
2026-09-21T00:18:42.738Z,otel-collector-7c765745bf-hnzqr,5640ea7c-d391-4d91-a081-fdee2e1b37db,otel-collector,Running,True,1,1,0,"{""otel-collector"": 0}","{""otel-collector"": ""running""}",1,1,1,desktop-control-plane,True,"{""desktop-control-plane"": true}"
2026-09-21T00:18:42.738Z,postgres-676cc4986c-6s5kh,42b5b5b1-da74-46d8-bf66-d12e14fa3676,postgres,Running,True,1,1,0,"{""postgres"": 0}","{""postgres"": ""running""}",1,1,1,desktop-control-plane,True,"{""desktop-control-plane"": true}"
2026-09-21T00:18:42.738Z,prometheus-59f5cf7468-fksrh,de98abcd-712d-4d81-8fb2-59b3011304c6,prometheus,Running,True,1,1,0,"{""prometheus"": 0}","{""prometheus"": ""running""}",1,1,1,desktop-control-plane,True,"{""desktop-control-plane"": true}"
2026-09-21T00:18:42.738Z,rabbitmq-5cdf8f76b7-kdf8p,f02b29f9-8329-460a-9c69-31b755066885,rabbitmq,Running,True,1,1,0,"{""rabbitmq"": 0}","{""rabbitmq"": ""running""}",1,1,1,desktop-control-plane,True,"{""desktop-control-plane"": true}"
2026-09-21T00:18:42.738Z,worker-5799d849c5-66d8m,8d0e460a-5d59-44a2-9b1b-ce0d6f27aa11,worker,Running,True,1,1,0,"{""worker"": 0}","{""worker"": ""running""}",1,1,1,desktop-control-plane,True,"{""desktop-control-plane"": true}"
2026-09-21T00:18:47.738Z,api-5974b5bb7-lqxg5,b7340985-75b6-4ee6-94ae-219edb88b3cb,api,Running,True,1,1,0,"{""api"": 0}","{""api"": ""running""}",1,1,1,desktop-control-plane,True,"{""desktop-control-plane"": true}"
2026-09-21T00:18:47.738Z,flash-sale-image-loader,d97aac4b-6036-49d3-84fa-1eb65b06be9d,,Succeeded,False,0,1,0,"{""flash-sale-image-loader"": 0}","{""flash-sale-image-loader"": ""terminated""}",1,1,1,desktop-control-plane,True,"{""desktop-control-plane"": true}"
2026-09-21T00:18:47.738Z,gateway-d5b8cd646-k2t2j,73e11660-27e2-4f01-af00-a676bdd92091,gateway,Running,True,1,1,1,"{""gateway"": 1}","{""gateway"": ""running""}",1,1,1,desktop-control-plane,True,"{""desktop-control-plane"": true}"
2026-09-21T00:18:47.738Z,jaeger-7cc9b664cc-dkxmr,5f30629b-2b5b-4fec-9f8e-dd3583fe5c69,jaeger,Running,True,1,1,0,"{""jaeger"": 0}","{""jaeger"": ""running""}",1,1,1,desktop-control-plane,True,"{""desktop-control-plane"": true}"
2026-09-21T00:18:47.738Z,otel-collector-7c765745bf-hnzqr,5640ea7c-d391-4d91-a081-fdee2e1b37db,otel-collector,Running,True,1,1,0,"{""otel-collector"": 0}","{""otel-collector"": ""running""}",1,1,1,desktop-control-plane,True,"{""desktop-control-plane"": true}"
2026-09-21T00:18:47.738Z,postgres-676cc4986c-6s5kh,42b5b5b1-da74-46d8-bf66-d12e14fa3676,postgres,Running,True,1,1,0,"{""postgres"": 0}","{""postgres"": ""running""}",1,1,1,desktop-control-plane,True,"{""desktop-control-plane"": true}"
2026-09-21T00:18:47.738Z,prometheus-59f5cf7468-fksrh,de98abcd-712d-4d81-8fb2-59b3011304c6,prometheus,Running,True,1,1,0,"{""prometheus"": 0}","{""prometheus"": ""running""}",1,1,1,desktop-control-plane,True,"{""desktop-control-plane"": true}"
2026-09-21T00:18:47.738Z,rabbitmq-5cdf8f76b7-kdf8p,f02b29f9-8329-460a-9c69-31b755066885,rabbitmq,Running,True,1,1,0,"{""rabbitmq"": 0}","{""rabbitmq"": ""running""}",1,1,1,desktop-control-plane,True,"{""desktop-control-plane"": true}"
2026-09-21T00:18:47.738Z,worker-5799d849c5-66d8m,8d0e460a-5d59-44a2-9b1b-ce0d6f27aa11,worker,Running,True,1,1,0,"{""worker"": 0}","{""worker"": ""running""}",1,1,1,desktop-control-plane,True,"{""desktop-control-plane"": true}"
2026-09-21T00:18:52.739Z,api-5974b5bb7-lqxg5,b7340985-75b6-4ee6-94ae-219edb88b3cb,api,Running,True,1,1,0,"{""api"": 0}","{""api"": ""running""}",1,1,1,desktop-control-plane,True,"{""desktop-control-plane"": true}"
2026-09-21T00:18:52.739Z,flash-sale-image-loader,d97aac4b-6036-49d3-84fa-1eb65b06be9d,,Succeeded,False,0,1,0,"{""flash-sale-image-loader"": 0}","{""flash-sale-image-loader"": ""terminated""}",1,1,1,desktop-control-plane,True,"{""desktop-control-plane"": true}"
2026-09-21T00:18:52.739Z,gateway-d5b8cd646-k2t2j,73e11660-27e2-4f01-af00-a676bdd92091,gateway,Running,True,1,1,1,"{""gateway"": 1}","{""gateway"": ""running""}",1,1,1,desktop-control-plane,True,"{""desktop-control-plane"": true}"
2026-09-21T00:18:52.739Z,jaeger-7cc9b664cc-dkxmr,5f30629b-2b5b-4fec-9f8e-dd3583fe5c69,jaeger,Running,True,1,1,0,"{""jaeger"": 0}","{""jaeger"": ""running""}",1,1,1,desktop-control-plane,True,"{""desktop-control-plane"": true}"
2026-09-21T00:18:52.739Z,otel-collector-7c765745bf-hnzqr,5640ea7c-d391-4d91-a081-fdee2e1b37db,otel-collector,Running,True,1,1,0,"{""otel-collector"": 0}","{""otel-collector"": ""running""}",1,1,1,desktop-control-plane,True,"{""desktop-control-plane"": true}"
2026-09-21T00:18:52.739Z,postgres-676cc4986c-6s5kh,42b5b5b1-da74-46d8-bf66-d12e14fa3676,postgres,Running,True,1,1,0,"{""postgres"": 0}","{""postgres"": ""running""}",1,1,1,desktop-control-plane,True,"{""desktop-control-plane"": true}"
2026-09-21T00:18:52.739Z,prometheus-59f5cf7468-fksrh,de98abcd-712d-4d81-8fb2-59b3011304c6,prometheus,Running,True,1,1,0,"{""prometheus"": 0}","{""prometheus"": ""running""}",1,1,1,desktop-control-plane,True,"{""desktop-control-plane"": true}"
2026-09-21T00:18:52.739Z,rabbitmq-5cdf8f76b7-kdf8p,f02b29f9-8329-460a-9c69-31b755066885,rabbitmq,Running,True,1,1,0,"{""rabbitmq"": 0}","{""rabbitmq"": ""running""}",1,1,1,desktop-control-plane,True,"{""desktop-control-plane"": true}"
2026-09-21T00:18:52.739Z,worker-5799d849c5-66d8m,8d0e460a-5d59-44a2-9b1b-ce0d6f27aa11,worker,Running,True,1,1,0,"{""worker"": 0}","{""worker"": ""running""}",1,1,1,desktop-control-plane,True,"{""desktop-control-plane"": true}"
2026-09-21T00:18:57.739Z,api-5974b5bb7-lqxg5,b7340985-75b6-4ee6-94ae-219edb88b3cb,api,Running,True,1,1,0,"{""api"": 0}","{""api"": ""running""}",1,1,1,desktop-control-plane,True,"{""desktop-control-plane"": true}"
2026-09-21T00:18:57.739Z,flash-sale-image-loader,d97aac4b-6036-49d3-84fa-1eb65b06be9d,,Succeeded,False,0,1,0,"{""flash-sale-image-loader"": 0}","{""flash-sale-image-loader"": ""terminated""}",1,1,1,desktop-control-plane,True,"{""desktop-control-plane"": true}"
2026-09-21T00:18:57.739Z,gateway-d5b8cd646-k2t2j,73e11660-27e2-4f01-af00-a676bdd92091,gateway,Running,True,1,1,1,"{""gateway"": 1}","{""gateway"": ""running""}",1,1,1,desktop-control-plane,True,"{""desktop-control-plane"": true}"
2026-09-21T00:18:57.739Z,jaeger-7cc9b664cc-dkxmr,5f30629b-2b5b-4fec-9f8e-dd3583fe5c69,jaeger,Running,True,1,1,0,"{""jaeger"": 0}","{""jaeger"": ""running""}",1,1,1,desktop-control-plane,True,"{""desktop-control-plane"": true}"
2026-09-21T00:18:57.739Z,otel-collector-7c765745bf-hnzqr,5640ea7c-d391-4d91-a081-fdee2e1b37db,otel-collector,Running,True,1,1,0,"{""otel-collector"": 0}","{""otel-collector"": ""running""}",1,1,1,desktop-control-plane,True,"{""desktop-control-plane"": true}"
2026-09-21T00:18:57.739Z,postgres-676cc4986c-6s5kh,42b5b5b1-da74-46d8-bf66-d12e14fa3676,postgres,Running,True,1,1,0,"{""postgres"": 0}","{""postgres"": ""running""}",1,1,1,desktop-control-plane,True,"{""desktop-control-plane"": true}"
2026-09-21T00:18:57.739Z,prometheus-59f5cf7468-fksrh,de98abcd-712d-4d81-8fb2-59b3011304c6,prometheus,Running,True,1,1,0,"{""prometheus"": 0}","{""prometheus"": ""running""}",1,1,1,desktop-control-plane,True,"{""desktop-control-plane"": true}"
2026-09-21T00:18:57.739Z,rabbitmq-5cdf8f76b7-kdf8p,f02b29f9-8329-460a-9c69-31b755066885,rabbitmq,Running,True,1,1,0,"{""rabbitmq"": 0}","{""rabbitmq"": ""running""}",1,1,1,desktop-control-plane,True,"{""desktop-control-plane"": true}"
2026-09-21T00:18:57.739Z,worker-5799d849c5-66d8m,8d0e460a-5d59-44a2-9b1b-ce0d6f27aa11,worker,Running,True,1,1,0,"{""worker"": 0}","{""worker"": ""running""}",1,1,1,desktop-control-plane,True,"{""desktop-control-plane"": true}"
2026-09-21T00:19:02.739Z,api-5974b5bb7-lqxg5,b7340985-75b6-4ee6-94ae-219edb88b3cb,api,Running,True,1,1,0,"{""api"": 0}","{""api"": ""running""}",1,1,1,desktop-control-plane,True,"{""desktop-control-plane"": true}"
2026-09-21T00:19:02.739Z,flash-sale-image-loader,d97aac4b-6036-49d3-84fa-1eb65b06be9d,,Succeeded,False,0,1,0,"{""flash-sale-image-loader"": 0}","{""flash-sale-image-loader"": ""terminated""}",1,1,1,desktop-control-plane,True,"{""desktop-control-plane"": true}"
2026-09-21T00:19:02.739Z,gateway-d5b8cd646-k2t2j,73e11660-27e2-4f01-af00-a676bdd92091,gateway,Running,True,1,1,1,"{""gateway"": 1}","{""gateway"": ""running""}",1,1,1,desktop-control-plane,True,"{""desktop-control-plane"": true}"
2026-09-21T00:19:02.739Z,jaeger-7cc9b664cc-dkxmr,5f30629b-2b5b-4fec-9f8e-dd3583fe5c69,jaeger,Running,True,1,1,0,"{""jaeger"": 0}","{""jaeger"": ""running""}",1,1,1,desktop-control-plane,True,"{""desktop-control-plane"": true}"
2026-09-21T00:19:02.739Z,otel-collector-7c765745bf-hnzqr,5640ea7c-d391-4d91-a081-fdee2e1b37db,otel-collector,Running,True,1,1,0,"{""otel-collector"": 0}","{""otel-collector"": ""running""}",1,1,1,desktop-control-plane,True,"{""desktop-control-plane"": true}"
2026-09-21T00:19:02.739Z,postgres-676cc4986c-6s5kh,42b5b5b1-da74-46d8-bf66-d12e14fa3676,postgres,Running,True,1,1,0,"{""postgres"": 0}","{""postgres"": ""running""}",1,1,1,desktop-control-plane,True,"{""desktop-control-plane"": true}"
2026-09-21T00:19:02.739Z,prometheus-59f5cf7468-fksrh,de98abcd-712d-4d81-8fb2-59b3011304c6,prometheus,Running,True,1,1,0,"{""prometheus"": 0}","{""prometheus"": ""running""}",1,1,1,desktop-control-plane,True,"{""desktop-control-plane"": true}"
2026-09-21T00:19:02.739Z,rabbitmq-5cdf8f76b7-kdf8p,f02b29f9-8329-460a-9c69-31b755066885,rabbitmq,Running,True,1,1,0,"{""rabbitmq"": 0}","{""rabbitmq"": ""running""}",1,1,1,desktop-control-plane,True,"{""desktop-control-plane"": true}"
2026-09-21T00:19:02.739Z,worker-5799d849c5-66d8m,8d0e460a-5d59-44a2-9b1b-ce0d6f27aa11,worker,Running,True,1,1,0,"{""worker"": 0}","{""worker"": ""running""}",1,1,1,desktop-control-plane,True,"{""desktop-control-plane"": true}"
2026-09-21T00:19:07.740Z,api-5974b5bb7-lqxg5,b7340985-75b6-4ee6-94ae-219edb88b3cb,api,Running,True,1,1,0,"{""api"": 0}","{""api"": ""running""}",1,1,1,desktop-control-plane,True,"{""desktop-control-plane"": true}"
2026-09-21T00:19:07.740Z,flash-sale-image-loader,d97aac4b-6036-49d3-84fa-1eb65b06be9d,,Succeeded,False,0,1,0,"{""flash-sale-image-loader"": 0}","{""flash-sale-image-loader"": ""terminated""}",1,1,1,desktop-control-plane,True,"{""desktop-control-plane"": true}"
2026-09-21T00:19:07.740Z,gateway-d5b8cd646-k2t2j,73e11660-27e2-4f01-af00-a676bdd92091,gateway,Running,True,1,1,1,"{""gateway"": 1}","{""gateway"": ""running""}",1,1,1,desktop-control-plane,True,"{""desktop-control-plane"": true}"
2026-09-21T00:19:07.740Z,jaeger-7cc9b664cc-dkxmr,5f30629b-2b5b-4fec-9f8e-dd3583fe5c69,jaeger,Running,True,1,1,0,"{""jaeger"": 0}","{""jaeger"": ""running""}",1,1,1,desktop-control-plane,True,"{""desktop-control-plane"": true}"
2026-09-21T00:19:07.740Z,otel-collector-7c765745bf-hnzqr,5640ea7c-d391-4d91-a081-fdee2e1b37db,otel-collector,Running,True,1,1,0,"{""otel-collector"": 0}","{""otel-collector"": ""running""}",1,1,1,desktop-control-plane,True,"{""desktop-control-plane"": true}"
2026-09-21T00:19:07.740Z,postgres-676cc4986c-6s5kh,42b5b5b1-da74-46d8-bf66-d12e14fa3676,postgres,Running,True,1,1,0,"{""postgres"": 0}","{""postgres"": ""running""}",1,1,1,desktop-control-plane,True,"{""desktop-control-plane"": true}"
2026-09-21T00:19:07.740Z,prometheus-59f5cf7468-fksrh,de98abcd-712d-4d81-8fb2-59b3011304c6,prometheus,Running,True,1,1,0,"{""prometheus"": 0}","{""prometheus"": ""running""}",1,1,1,desktop-control-plane,True,"{""desktop-control-plane"": true}"
2026-09-21T00:19:07.740Z,rabbitmq-5cdf8f76b7-kdf8p,f02b29f9-8329-460a-9c69-31b755066885,rabbitmq,Running,True,1,1,0,"{""rabbitmq"": 0}","{""rabbitmq"": ""running""}",1,1,1,desktop-control-plane,True,"{""desktop-control-plane"": true}"
2026-09-21T00:19:07.740Z,worker-5799d849c5-66d8m,8d0e460a-5d59-44a2-9b1b-ce0d6f27aa11,worker,Running,True,1,1,0,"{""worker"": 0}","{""worker"": ""running""}",1,1,1,desktop-control-plane,True,"{""desktop-control-plane"": true}"
2026-09-21T00:19:12.740Z,api-5974b5bb7-lqxg5,b7340985-75b6-4ee6-94ae-219edb88b3cb,api,Running,True,1,1,0,"{""api"": 0}","{""api"": ""running""}",1,1,1,desktop-control-plane,True,"{""desktop-control-plane"": true}"
2026-09-21T00:19:12.740Z,flash-sale-image-loader,d97aac4b-6036-49d3-84fa-1eb65b06be9d,,Succeeded,False,0,1,0,"{""flash-sale-image-loader"": 0}","{""flash-sale-image-loader"": ""terminated""}",1,1,1,desktop-control-plane,True,"{""desktop-control-plane"": true}"
2026-09-21T00:19:12.740Z,gateway-d5b8cd646-k2t2j,73e11660-27e2-4f01-af00-a676bdd92091,gateway,Running,True,1,1,1,"{""gateway"": 1}","{""gateway"": ""running""}",1,1,1,desktop-control-plane,True,"{""desktop-control-plane"": true}"
2026-09-21T00:19:12.740Z,jaeger-7cc9b664cc-dkxmr,5f30629b-2b5b-4fec-9f8e-dd3583fe5c69,jaeger,Running,True,1,1,0,"{""jaeger"": 0}","{""jaeger"": ""running""}",1,1,1,desktop-control-plane,True,"{""desktop-control-plane"": true}"
2026-09-21T00:19:12.740Z,otel-collector-7c765745bf-hnzqr,5640ea7c-d391-4d91-a081-fdee2e1b37db,otel-collector,Running,True,1,1,0,"{""otel-collector"": 0}","{""otel-collector"": ""running""}",1,1,1,desktop-control-plane,True,"{""desktop-control-plane"": true}"
2026-09-21T00:19:12.740Z,postgres-676cc4986c-6s5kh,42b5b5b1-da74-46d8-bf66-d12e14fa3676,postgres,Running,True,1,1,0,"{""postgres"": 0}","{""postgres"": ""running""}",1,1,1,desktop-control-plane,True,"{""desktop-control-plane"": true}"
2026-09-21T00:19:12.740Z,prometheus-59f5cf7468-fksrh,de98abcd-712d-4d81-8fb2-59b3011304c6,prometheus,Running,True,1,1,0,"{""prometheus"": 0}","{""prometheus"": ""running""}",1,1,1,desktop-control-plane,True,"{""desktop-control-plane"": true}"
2026-09-21T00:19:12.740Z,rabbitmq-5cdf8f76b7-kdf8p,f02b29f9-8329-460a-9c69-31b755066885,rabbitmq,Running,True,1,1,0,"{""rabbitmq"": 0}","{""rabbitmq"": ""running""}",1,1,1,desktop-control-plane,True,"{""desktop-control-plane"": true}"
2026-09-21T00:19:12.740Z,worker-5799d849c5-66d8m,8d0e460a-5d59-44a2-9b1b-ce0d6f27aa11,worker,Running,True,1,1,0,"{""worker"": 0}","{""worker"": ""running""}",1,1,1,desktop-control-plane,True,"{""desktop-control-plane"": true}"
2026-09-21T00:19:17.740Z,api-5974b5bb7-lqxg5,b7340985-75b6-4ee6-94ae-219edb88b3cb,api,Running,True,1,1,0,"{""api"": 0}","{""api"": ""running""}",1,1,1,desktop-control-plane,True,"{""desktop-control-plane"": true}"
2026-09-21T00:19:17.740Z,flash-sale-image-loader,d97aac4b-6036-49d3-84fa-1eb65b06be9d,,Succeeded,False,0,1,0,"{""flash-sale-image-loader"": 0}","{""flash-sale-image-loader"": ""terminated""}",1,1,1,desktop-control-plane,True,"{""desktop-control-plane"": true}"
2026-09-21T00:19:17.740Z,gateway-d5b8cd646-k2t2j,73e11660-27e2-4f01-af00-a676bdd92091,gateway,Running,True,1,1,1,"{""gateway"": 1}","{""gateway"": ""running""}",1,1,1,desktop-control-plane,True,"{""desktop-control-plane"": true}"
2026-09-21T00:19:17.740Z,jaeger-7cc9b664cc-dkxmr,5f30629b-2b5b-4fec-9f8e-dd3583fe5c69,jaeger,Running,True,1,1,0,"{""jaeger"": 0}","{""jaeger"": ""running""}",1,1,1,desktop-control-plane,True,"{""desktop-control-plane"": true}"
2026-09-21T00:19:17.740Z,otel-collector-7c765745bf-hnzqr,5640ea7c-d391-4d91-a081-fdee2e1b37db,otel-collector,Running,True,1,1,0,"{""otel-collector"": 0}","{""otel-collector"": ""running""}",1,1,1,desktop-control-plane,True,"{""desktop-control-plane"": true}"
2026-09-21T00:19:17.740Z,postgres-676cc4986c-6s5kh,42b5b5b1-da74-46d8-bf66-d12e14fa3676,postgres,Running,True,1,1,0,"{""postgres"": 0}","{""postgres"": ""running""}",1,1,1,desktop-control-plane,True,"{""desktop-control-plane"": true}"
2026-09-21T00:19:17.740Z,prometheus-59f5cf7468-fksrh,de98abcd-712d-4d81-8fb2-59b3011304c6,prometheus,Running,True,1,1,0,"{""prometheus"": 0}","{""prometheus"": ""running""}",1,1,1,desktop-control-plane,True,"{""desktop-control-plane"": true}"
2026-09-21T00:19:17.740Z,rabbitmq-5cdf8f76b7-kdf8p,f02b29f9-8329-460a-9c69-31b755066885,rabbitmq,Running,True,1,1,0,"{""rabbitmq"": 0}","{""rabbitmq"": ""running""}",1,1,1,desktop-control-plane,True,"{""desktop-control-plane"": true}"
2026-09-21T00:19:17.740Z,worker-5799d849c5-66d8m,8d0e460a-5d59-44a2-9b1b-ce0d6f27aa11,worker,Running,True,1,1,0,"{""worker"": 0}","{""worker"": ""running""}",1,1,1,desktop-control-plane,True,"{""desktop-control-plane"": true}"
2026-09-21T00:19:22.741Z,api-5974b5bb7-lqxg5,b7340985-75b6-4ee6-94ae-219edb88b3cb,api,Running,True,1,1,0,"{""api"": 0}","{""api"": ""running""}",1,1,1,desktop-control-plane,True,"{""desktop-control-plane"": true}"
2026-09-21T00:19:22.741Z,flash-sale-image-loader,d97aac4b-6036-49d3-84fa-1eb65b06be9d,,Succeeded,False,0,1,0,"{""flash-sale-image-loader"": 0}","{""flash-sale-image-loader"": ""terminated""}",1,1,1,desktop-control-plane,True,"{""desktop-control-plane"": true}"
2026-09-21T00:19:22.741Z,gateway-d5b8cd646-k2t2j,73e11660-27e2-4f01-af00-a676bdd92091,gateway,Running,True,1,1,1,"{""gateway"": 1}","{""gateway"": ""running""}",1,1,1,desktop-control-plane,True,"{""desktop-control-plane"": true}"
2026-09-21T00:19:22.741Z,jaeger-7cc9b664cc-dkxmr,5f30629b-2b5b-4fec-9f8e-dd3583fe5c69,jaeger,Running,True,1,1,0,"{""jaeger"": 0}","{""jaeger"": ""running""}",1,1,1,desktop-control-plane,True,"{""desktop-control-plane"": true}"
2026-09-21T00:19:22.741Z,otel-collector-7c765745bf-hnzqr,5640ea7c-d391-4d91-a081-fdee2e1b37db,otel-collector,Running,True,1,1,0,"{""otel-collector"": 0}","{""otel-collector"": ""running""}",1,1,1,desktop-control-plane,True,"{""desktop-control-plane"": true}"
2026-09-21T00:19:22.741Z,postgres-676cc4986c-6s5kh,42b5b5b1-da74-46d8-bf66-d12e14fa3676,postgres,Running,True,1,1,0,"{""postgres"": 0}","{""postgres"": ""running""}",1,1,1,desktop-control-plane,True,"{""desktop-control-plane"": true}"
2026-09-21T00:19:22.741Z,prometheus-59f5cf7468-fksrh,de98abcd-712d-4d81-8fb2-59b3011304c6,prometheus,Running,True,1,1,0,"{""prometheus"": 0}","{""prometheus"": ""running""}",1,1,1,desktop-control-plane,True,"{""desktop-control-plane"": true}"
2026-09-21T00:19:22.741Z,rabbitmq-5cdf8f76b7-kdf8p,f02b29f9-8329-460a-9c69-31b755066885,rabbitmq,Running,True,1,1,0,"{""rabbitmq"": 0}","{""rabbitmq"": ""running""}",1,1,1,desktop-control-plane,True,"{""desktop-control-plane"": true}"
2026-09-21T00:19:22.741Z,worker-5799d849c5-66d8m,8d0e460a-5d59-44a2-9b1b-ce0d6f27aa11,worker,Running,True,1,1,0,"{""worker"": 0}","{""worker"": ""running""}",1,1,1,desktop-control-plane,True,"{""desktop-control-plane"": true}"
2026-09-21T00:19:27.741Z,api-5974b5bb7-lqxg5,b7340985-75b6-4ee6-94ae-219edb88b3cb,api,Running,True,1,1,0,"{""api"": 0}","{""api"": ""running""}",1,1,1,desktop-control-plane,True,"{""desktop-control-plane"": true}"
2026-09-21T00:19:27.741Z,flash-sale-image-loader,d97aac4b-6036-49d3-84fa-1eb65b06be9d,,Succeeded,False,0,1,0,"{""flash-sale-image-loader"": 0}","{""flash-sale-image-loader"": ""terminated""}",1,1,1,desktop-control-plane,True,"{""desktop-control-plane"": true}"
2026-09-21T00:19:27.741Z,gateway-d5b8cd646-k2t2j,73e11660-27e2-4f01-af00-a676bdd92091,gateway,Running,True,1,1,1,"{""gateway"": 1}","{""gateway"": ""running""}",1,1,1,desktop-control-plane,True,"{""desktop-control-plane"": true}"
2026-09-21T00:19:27.741Z,jaeger-7cc9b664cc-dkxmr,5f30629b-2b5b-4fec-9f8e-dd3583fe5c69,jaeger,Running,True,1,1,0,"{""jaeger"": 0}","{""jaeger"": ""running""}",1,1,1,desktop-control-plane,True,"{""desktop-control-plane"": true}"
2026-09-21T00:19:27.741Z,otel-collector-7c765745bf-hnzqr,5640ea7c-d391-4d91-a081-fdee2e1b37db,otel-collector,Running,True,1,1,0,"{""otel-collector"": 0}","{""otel-collector"": ""running""}",1,1,1,desktop-control-plane,True,"{""desktop-control-plane"": true}"
2026-09-21T00:19:27.741Z,postgres-676cc4986c-6s5kh,42b5b5b1-da74-46d8-bf66-d12e14fa3676,postgres,Running,True,1,1,0,"{""postgres"": 0}","{""postgres"": ""running""}",1,1,1,desktop-control-plane,True,"{""desktop-control-plane"": true}"
2026-09-21T00:19:27.741Z,prometheus-59f5cf7468-fksrh,de98abcd-712d-4d81-8fb2-59b3011304c6,prometheus,Running,True,1,1,0,"{""prometheus"": 0}","{""prometheus"": ""running""}",1,1,1,desktop-control-plane,True,"{""desktop-control-plane"": true}"
2026-09-21T00:19:27.741Z,rabbitmq-5cdf8f76b7-kdf8p,f02b29f9-8329-460a-9c69-31b755066885,rabbitmq,Running,True,1,1,0,"{""rabbitmq"": 0}","{""rabbitmq"": ""running""}",1,1,1,desktop-control-plane,True,"{""desktop-control-plane"": true}"
2026-09-21T00:19:27.741Z,worker-5799d849c5-66d8m,8d0e460a-5d59-44a2-9b1b-ce0d6f27aa11,worker,Running,True,1,1,0,"{""worker"": 0}","{""worker"": ""running""}",1,1,1,desktop-control-plane,True,"{""desktop-control-plane"": true}"
