timestamp,pod,pod_uid,app,phase,pod_ready,ready_containers,total_containers,restart_count,container_restarts,container_states,api_pod_count,worker_pod_count,gateway_pod_count,node,all_nodes_ready,node_states
2026-09-21T23:52:43.509Z,api-5b87c4c9d-nfcrm,16a10e06-1c63-4416-be9b-df9e5b73aa2d,api,Running,True,1,1,0,"{""api"": 0}","{""api"": ""running""}",1,1,1,desktop-control-plane,True,"{""desktop-control-plane"": true}"
2026-09-21T23:52:43.509Z,gateway-856744bb66-hzcvr,cc510c63-0609-4870-b9ca-abd3e21ac480,gateway,Running,True,1,1,1,"{""gateway"": 1}","{""gateway"": ""running""}",1,1,1,desktop-control-plane,True,"{""desktop-control-plane"": true}"
2026-09-21T23:52:43.509Z,jaeger-7cc9b664cc-jt9fj,21942cdb-b601-447a-bf38-ba3b861fe91b,jaeger,Running,True,1,1,0,"{""jaeger"": 0}","{""jaeger"": ""running""}",1,1,1,desktop-control-plane,True,"{""desktop-control-plane"": true}"
2026-09-21T23:52:43.509Z,otel-collector-7c765745bf-q69jh,9ea6d084-d3d7-4c16-a0d5-9b1cc10530b3,otel-collector,Running,True,1,1,0,"{""otel-collector"": 0}","{""otel-collector"": ""running""}",1,1,1,desktop-control-plane,True,"{""desktop-control-plane"": true}"
2026-09-21T23:52:43.509Z,postgres-676cc4986c-65g8j,208c1990-5e96-493e-951b-3925c343082b,postgres,Running,True,1,1,0,"{""postgres"": 0}","{""postgres"": ""running""}",1,1,1,desktop-control-plane,True,"{""desktop-control-plane"": true}"
2026-09-21T23:52:43.509Z,prometheus-59f5cf7468-mtx8z,59cbbbaf-6dcc-47ec-97ed-1794e4b0c8e8,prometheus,Running,True,1,1,0,"{""prometheus"": 0}","{""prometheus"": ""running""}",1,1,1,desktop-control-plane,True,"{""desktop-control-plane"": true}"
2026-09-21T23:52:43.509Z,rabbitmq-5cdf8f76b7-bwghx,0ac06c65-14a9-4bd2-b5d4-7f2a22c1c4a6,rabbitmq,Running,True,1,1,3,"{""rabbitmq"": 3}","{""rabbitmq"": ""running""}",1,1,1,desktop-control-plane,True,"{""desktop-control-plane"": true}"
2026-09-21T23:52:43.509Z,worker-5b55666b44-rqchq,2dd0ad98-71ab-4a3b-b534-291680e82fe2,worker,Running,True,1,1,3,"{""worker"": 3}","{""worker"": ""running""}",1,1,1,desktop-control-plane,True,"{""desktop-control-plane"": true}"
2026-09-21T23:52:48.509Z,api-5b87c4c9d-nfcrm,16a10e06-1c63-4416-be9b-df9e5b73aa2d,api,Running,True,1,1,0,"{""api"": 0}","{""api"": ""running""}",1,1,1,desktop-control-plane,True,"{""desktop-control-plane"": true}"
2026-09-21T23:52:48.509Z,gateway-856744bb66-hzcvr,cc510c63-0609-4870-b9ca-abd3e21ac480,gateway,Running,True,1,1,1,"{""gateway"": 1}","{""gateway"": ""running""}",1,1,1,desktop-control-plane,True,"{""desktop-control-plane"": true}"
2026-09-21T23:52:48.509Z,jaeger-7cc9b664cc-jt9fj,21942cdb-b601-447a-bf38-ba3b861fe91b,jaeger,Running,True,1,1,0,"{""jaeger"": 0}","{""jaeger"": ""running""}",1,1,1,desktop-control-plane,True,"{""desktop-control-plane"": true}"
2026-09-21T23:52:48.509Z,otel-collector-7c765745bf-q69jh,9ea6d084-d3d7-4c16-a0d5-9b1cc10530b3,otel-collector,Running,True,1,1,0,"{""otel-collector"": 0}","{""otel-collector"": ""running""}",1,1,1,desktop-control-plane,True,"{""desktop-control-plane"": true}"
2026-09-21T23:52:48.509Z,postgres-676cc4986c-65g8j,208c1990-5e96-493e-951b-3925c343082b,postgres,Running,True,1,1,0,"{""postgres"": 0}","{""postgres"": ""running""}",1,1,1,desktop-control-plane,True,"{""desktop-control-plane"": true}"
2026-09-21T23:52:48.509Z,prometheus-59f5cf7468-mtx8z,59cbbbaf-6dcc-47ec-97ed-1794e4b0c8e8,prometheus,Running,True,1,1,0,"{""prometheus"": 0}","{""prometheus"": ""running""}",1,1,1,desktop-control-plane,True,"{""desktop-control-plane"": true}"
2026-09-21T23:52:48.509Z,rabbitmq-5cdf8f76b7-bwghx,0ac06c65-14a9-4bd2-b5d4-7f2a22c1c4a6,rabbitmq,Running,True,1,1,3,"{""rabbitmq"": 3}","{""rabbitmq"": ""running""}",1,1,1,desktop-control-plane,True,"{""desktop-control-plane"": true}"
2026-09-21T23:52:48.509Z,worker-5b55666b44-rqchq,2dd0ad98-71ab-4a3b-b534-291680e82fe2,worker,Running,True,1,1,3,"{""worker"": 3}","{""worker"": ""running""}",1,1,1,desktop-control-plane,True,"{""desktop-control-plane"": true}"
2026-09-21T23:52:53.509Z,api-5b87c4c9d-nfcrm,16a10e06-1c63-4416-be9b-df9e5b73aa2d,api,Running,True,1,1,0,"{""api"": 0}","{""api"": ""running""}",1,1,1,desktop-control-plane,True,"{""desktop-control-plane"": true}"
2026-09-21T23:52:53.509Z,gateway-856744bb66-hzcvr,cc510c63-0609-4870-b9ca-abd3e21ac480,gateway,Running,True,1,1,1,"{""gateway"": 1}","{""gateway"": ""running""}",1,1,1,desktop-control-plane,True,"{""desktop-control-plane"": true}"
2026-09-21T23:52:53.509Z,jaeger-7cc9b664cc-jt9fj,21942cdb-b601-447a-bf38-ba3b861fe91b,jaeger,Running,True,1,1,0,"{""jaeger"": 0}","{""jaeger"": ""running""}",1,1,1,desktop-control-plane,True,"{""desktop-control-plane"": true}"
2026-09-21T23:52:53.509Z,otel-collector-7c765745bf-q69jh,9ea6d084-d3d7-4c16-a0d5-9b1cc10530b3,otel-collector,Running,True,1,1,0,"{""otel-collector"": 0}","{""otel-collector"": ""running""}",1,1,1,desktop-control-plane,True,"{""desktop-control-plane"": true}"
2026-09-21T23:52:53.509Z,postgres-676cc4986c-65g8j,208c1990-5e96-493e-951b-3925c343082b,postgres,Running,True,1,1,0,"{""postgres"": 0}","{""postgres"": ""running""}",1,1,1,desktop-control-plane,True,"{""desktop-control-plane"": true}"
2026-09-21T23:52:53.509Z,prometheus-59f5cf7468-mtx8z,59cbbbaf-6dcc-47ec-97ed-1794e4b0c8e8,prometheus,Running,True,1,1,0,"{""prometheus"": 0}","{""prometheus"": ""running""}",1,1,1,desktop-control-plane,True,"{""desktop-control-plane"": true}"
2026-09-21T23:52:53.509Z,rabbitmq-5cdf8f76b7-bwghx,0ac06c65-14a9-4bd2-b5d4-7f2a22c1c4a6,rabbitmq,Running,True,1,1,3,"{""rabbitmq"": 3}","{""rabbitmq"": ""running""}",1,1,1,desktop-control-plane,True,"{""desktop-control-plane"": true}"
2026-09-21T23:52:53.509Z,worker-5b55666b44-rqchq,2dd0ad98-71ab-4a3b-b534-291680e82fe2,worker,Running,True,1,1,3,"{""worker"": 3}","{""worker"": ""running""}",1,1,1,desktop-control-plane,True,"{""desktop-control-plane"": true}"
2026-09-21T23:52:58.510Z,api-5b87c4c9d-nfcrm,16a10e06-1c63-4416-be9b-df9e5b73aa2d,api,Running,True,1,1,0,"{""api"": 0}","{""api"": ""running""}",1,1,1,desktop-control-plane,True,"{""desktop-control-plane"": true}"
2026-09-21T23:52:58.510Z,gateway-856744bb66-hzcvr,cc510c63-0609-4870-b9ca-abd3e21ac480,gateway,Running,True,1,1,1,"{""gateway"": 1}","{""gateway"": ""running""}",1,1,1,desktop-control-plane,True,"{""desktop-control-plane"": true}"
2026-09-21T23:52:58.510Z,jaeger-7cc9b664cc-jt9fj,21942cdb-b601-447a-bf38-ba3b861fe91b,jaeger,Running,True,1,1,0,"{""jaeger"": 0}","{""jaeger"": ""running""}",1,1,1,desktop-control-plane,True,"{""desktop-control-plane"": true}"
2026-09-21T23:52:58.510Z,otel-collector-7c765745bf-q69jh,9ea6d084-d3d7-4c16-a0d5-9b1cc10530b3,otel-collector,Running,True,1,1,0,"{""otel-collector"": 0}","{""otel-collector"": ""running""}",1,1,1,desktop-control-plane,True,"{""desktop-control-plane"": true}"
2026-09-21T23:52:58.510Z,postgres-676cc4986c-65g8j,208c1990-5e96-493e-951b-3925c343082b,postgres,Running,True,1,1,0,"{""postgres"": 0}","{""postgres"": ""running""}",1,1,1,desktop-control-plane,True,"{""desktop-control-plane"": true}"
2026-09-21T23:52:58.510Z,prometheus-59f5cf7468-mtx8z,59cbbbaf-6dcc-47ec-97ed-1794e4b0c8e8,prometheus,Running,True,1,1,0,"{""prometheus"": 0}","{""prometheus"": ""running""}",1,1,1,desktop-control-plane,True,"{""desktop-control-plane"": true}"
2026-09-21T23:52:58.510Z,rabbitmq-5cdf8f76b7-bwghx,0ac06c65-14a9-4bd2-b5d4-7f2a22c1c4a6,rabbitmq,Running,True,1,1,3,"{""rabbitmq"": 3}","{""rabbitmq"": ""running""}",1,1,1,desktop-control-plane,True,"{""desktop-control-plane"": true}"
2026-09-21T23:52:58.510Z,worker-5b55666b44-rqchq,2dd0ad98-71ab-4a3b-b534-291680e82fe2,worker,Running,True,1,1,3,"{""worker"": 3}","{""worker"": ""running""}",1,1,1,desktop-control-plane,True,"{""desktop-control-plane"": true}"
2026-09-21T23:53:03.510Z,api-5b87c4c9d-nfcrm,16a10e06-1c63-4416-be9b-df9e5b73aa2d,api,Running,True,1,1,0,"{""api"": 0}","{""api"": ""running""}",1,1,1,desktop-control-plane,True,"{""desktop-control-plane"": true}"
2026-09-21T23:53:03.510Z,gateway-856744bb66-hzcvr,cc510c63-0609-4870-b9ca-abd3e21ac480,gateway,Running,True,1,1,1,"{""gateway"": 1}","{""gateway"": ""running""}",1,1,1,desktop-control-plane,True,"{""desktop-control-plane"": true}"
2026-09-21T23:53:03.510Z,jaeger-7cc9b664cc-jt9fj,21942cdb-b601-447a-bf38-ba3b861fe91b,jaeger,Running,True,1,1,0,"{""jaeger"": 0}","{""jaeger"": ""running""}",1,1,1,desktop-control-plane,True,"{""desktop-control-plane"": true}"
2026-09-21T23:53:03.510Z,otel-collector-7c765745bf-q69jh,9ea6d084-d3d7-4c16-a0d5-9b1cc10530b3,otel-collector,Running,True,1,1,0,"{""otel-collector"": 0}","{""otel-collector"": ""running""}",1,1,1,desktop-control-plane,True,"{""desktop-control-plane"": true}"
2026-09-21T23:53:03.510Z,postgres-676cc4986c-65g8j,208c1990-5e96-493e-951b-3925c343082b,postgres,Running,True,1,1,0,"{""postgres"": 0}","{""postgres"": ""running""}",1,1,1,desktop-control-plane,True,"{""desktop-control-plane"": true}"
2026-09-21T23:53:03.510Z,prometheus-59f5cf7468-mtx8z,59cbbbaf-6dcc-47ec-97ed-1794e4b0c8e8,prometheus,Running,True,1,1,0,"{""prometheus"": 0}","{""prometheus"": ""running""}",1,1,1,desktop-control-plane,True,"{""desktop-control-plane"": true}"
2026-09-21T23:53:03.510Z,rabbitmq-5cdf8f76b7-bwghx,0ac06c65-14a9-4bd2-b5d4-7f2a22c1c4a6,rabbitmq,Running,True,1,1,3,"{""rabbitmq"": 3}","{""rabbitmq"": ""running""}",1,1,1,desktop-control-plane,True,"{""desktop-control-plane"": true}"
2026-09-21T23:53:03.510Z,worker-5b55666b44-rqchq,2dd0ad98-71ab-4a3b-b534-291680e82fe2,worker,Running,True,1,1,3,"{""worker"": 3}","{""worker"": ""running""}",1,1,1,desktop-control-plane,True,"{""desktop-control-plane"": true}"
2026-09-21T23:53:08.511Z,api-5b87c4c9d-nfcrm,16a10e06-1c63-4416-be9b-df9e5b73aa2d,api,Running,True,1,1,0,"{""api"": 0}","{""api"": ""running""}",1,1,1,desktop-control-plane,True,"{""desktop-control-plane"": true}"
2026-09-21T23:53:08.511Z,gateway-856744bb66-hzcvr,cc510c63-0609-4870-b9ca-abd3e21ac480,gateway,Running,True,1,1,1,"{""gateway"": 1}","{""gateway"": ""running""}",1,1,1,desktop-control-plane,True,"{""desktop-control-plane"": true}"
2026-09-21T23:53:08.511Z,jaeger-7cc9b664cc-jt9fj,21942cdb-b601-447a-bf38-ba3b861fe91b,jaeger,Running,True,1,1,0,"{""jaeger"": 0}","{""jaeger"": ""running""}",1,1,1,desktop-control-plane,True,"{""desktop-control-plane"": true}"
2026-09-21T23:53:08.511Z,otel-collector-7c765745bf-q69jh,9ea6d084-d3d7-4c16-a0d5-9b1cc10530b3,otel-collector,Running,True,1,1,0,"{""otel-collector"": 0}","{""otel-collector"": ""running""}",1,1,1,desktop-control-plane,True,"{""desktop-control-plane"": true}"
2026-09-21T23:53:08.511Z,postgres-676cc4986c-65g8j,208c1990-5e96-493e-951b-3925c343082b,postgres,Running,True,1,1,0,"{""postgres"": 0}","{""postgres"": ""running""}",1,1,1,desktop-control-plane,True,"{""desktop-control-plane"": true}"
2026-09-21T23:53:08.511Z,prometheus-59f5cf7468-mtx8z,59cbbbaf-6dcc-47ec-97ed-1794e4b0c8e8,prometheus,Running,True,1,1,0,"{""prometheus"": 0}","{""prometheus"": ""running""}",1,1,1,desktop-control-plane,True,"{""desktop-control-plane"": true}"
2026-09-21T23:53:08.511Z,rabbitmq-5cdf8f76b7-bwghx,0ac06c65-14a9-4bd2-b5d4-7f2a22c1c4a6,rabbitmq,Running,True,1,1,3,"{""rabbitmq"": 3}","{""rabbitmq"": ""running""}",1,1,1,desktop-control-plane,True,"{""desktop-control-plane"": true}"
2026-09-21T23:53:08.511Z,worker-5b55666b44-rqchq,2dd0ad98-71ab-4a3b-b534-291680e82fe2,worker,Running,True,1,1,3,"{""worker"": 3}","{""worker"": ""running""}",1,1,1,desktop-control-plane,True,"{""desktop-control-plane"": true}"
2026-09-21T23:53:13.511Z,api-5b87c4c9d-nfcrm,16a10e06-1c63-4416-be9b-df9e5b73aa2d,api,Running,True,1,1,0,"{""api"": 0}","{""api"": ""running""}",1,1,1,desktop-control-plane,True,"{""desktop-control-plane"": true}"
2026-09-21T23:53:13.511Z,gateway-856744bb66-hzcvr,cc510c63-0609-4870-b9ca-abd3e21ac480,gateway,Running,True,1,1,1,"{""gateway"": 1}","{""gateway"": ""running""}",1,1,1,desktop-control-plane,True,"{""desktop-control-plane"": true}"
2026-09-21T23:53:13.511Z,jaeger-7cc9b664cc-jt9fj,21942cdb-b601-447a-bf38-ba3b861fe91b,jaeger,Running,True,1,1,0,"{""jaeger"": 0}","{""jaeger"": ""running""}",1,1,1,desktop-control-plane,True,"{""desktop-control-plane"": true}"
2026-09-21T23:53:13.511Z,otel-collector-7c765745bf-q69jh,9ea6d084-d3d7-4c16-a0d5-9b1cc10530b3,otel-collector,Running,True,1,1,0,"{""otel-collector"": 0}","{""otel-collector"": ""running""}",1,1,1,desktop-control-plane,True,"{""desktop-control-plane"": true}"
2026-09-21T23:53:13.511Z,postgres-676cc4986c-65g8j,208c1990-5e96-493e-951b-3925c343082b,postgres,Running,True,1,1,0,"{""postgres"": 0}","{""postgres"": ""running""}",1,1,1,desktop-control-plane,True,"{""desktop-control-plane"": true}"
2026-09-21T23:53:13.511Z,prometheus-59f5cf7468-mtx8z,59cbbbaf-6dcc-47ec-97ed-1794e4b0c8e8,prometheus,Running,True,1,1,0,"{""prometheus"": 0}","{""prometheus"": ""running""}",1,1,1,desktop-control-plane,True,"{""desktop-control-plane"": true}"
2026-09-21T23:53:13.511Z,rabbitmq-5cdf8f76b7-bwghx,0ac06c65-14a9-4bd2-b5d4-7f2a22c1c4a6,rabbitmq,Running,True,1,1,3,"{""rabbitmq"": 3}","{""rabbitmq"": ""running""}",1,1,1,desktop-control-plane,True,"{""desktop-control-plane"": true}"
2026-09-21T23:53:13.511Z,worker-5b55666b44-rqchq,2dd0ad98-71ab-4a3b-b534-291680e82fe2,worker,Running,True,1,1,3,"{""worker"": 3}","{""worker"": ""running""}",1,1,1,desktop-control-plane,True,"{""desktop-control-plane"": true}"
2026-09-21T23:53:18.511Z,api-5b87c4c9d-nfcrm,16a10e06-1c63-4416-be9b-df9e5b73aa2d,api,Running,True,1,1,0,"{""api"": 0}","{""api"": ""running""}",1,1,1,desktop-control-plane,True,"{""desktop-control-plane"": true}"
2026-09-21T23:53:18.511Z,gateway-856744bb66-hzcvr,cc510c63-0609-4870-b9ca-abd3e21ac480,gateway,Running,True,1,1,1,"{""gateway"": 1}","{""gateway"": ""running""}",1,1,1,desktop-control-plane,True,"{""desktop-control-plane"": true}"
2026-09-21T23:53:18.511Z,jaeger-7cc9b664cc-jt9fj,21942cdb-b601-447a-bf38-ba3b861fe91b,jaeger,Running,True,1,1,0,"{""jaeger"": 0}","{""jaeger"": ""running""}",1,1,1,desktop-control-plane,True,"{""desktop-control-plane"": true}"
2026-09-21T23:53:18.511Z,otel-collector-7c765745bf-q69jh,9ea6d084-d3d7-4c16-a0d5-9b1cc10530b3,otel-collector,Running,True,1,1,0,"{""otel-collector"": 0}","{""otel-collector"": ""running""}",1,1,1,desktop-control-plane,True,"{""desktop-control-plane"": true}"
2026-09-21T23:53:18.511Z,postgres-676cc4986c-65g8j,208c1990-5e96-493e-951b-3925c343082b,postgres,Running,True,1,1,0,"{""postgres"": 0}","{""postgres"": ""running""}",1,1,1,desktop-control-plane,True,"{""desktop-control-plane"": true}"
2026-09-21T23:53:18.511Z,prometheus-59f5cf7468-mtx8z,59cbbbaf-6dcc-47ec-97ed-1794e4b0c8e8,prometheus,Running,True,1,1,0,"{""prometheus"": 0}","{""prometheus"": ""running""}",1,1,1,desktop-control-plane,True,"{""desktop-control-plane"": true}"
2026-09-21T23:53:18.511Z,rabbitmq-5cdf8f76b7-bwghx,0ac06c65-14a9-4bd2-b5d4-7f2a22c1c4a6,rabbitmq,Running,True,1,1,3,"{""rabbitmq"": 3}","{""rabbitmq"": ""running""}",1,1,1,desktop-control-plane,True,"{""desktop-control-plane"": true}"
2026-09-21T23:53:18.511Z,worker-5b55666b44-rqchq,2dd0ad98-71ab-4a3b-b534-291680e82fe2,worker,Running,True,1,1,3,"{""worker"": 3}","{""worker"": ""running""}",1,1,1,desktop-control-plane,True,"{""desktop-control-plane"": true}"
2026-09-21T23:53:23.512Z,api-5b87c4c9d-nfcrm,16a10e06-1c63-4416-be9b-df9e5b73aa2d,api,Running,True,1,1,0,"{""api"": 0}","{""api"": ""running""}",1,1,1,desktop-control-plane,True,"{""desktop-control-plane"": true}"
2026-09-21T23:53:23.512Z,gateway-856744bb66-hzcvr,cc510c63-0609-4870-b9ca-abd3e21ac480,gateway,Running,True,1,1,1,"{""gateway"": 1}","{""gateway"": ""running""}",1,1,1,desktop-control-plane,True,"{""desktop-control-plane"": true}"
2026-09-21T23:53:23.512Z,jaeger-7cc9b664cc-jt9fj,21942cdb-b601-447a-bf38-ba3b861fe91b,jaeger,Running,True,1,1,0,"{""jaeger"": 0}","{""jaeger"": ""running""}",1,1,1,desktop-control-plane,True,"{""desktop-control-plane"": true}"
2026-09-21T23:53:23.512Z,otel-collector-7c765745bf-q69jh,9ea6d084-d3d7-4c16-a0d5-9b1cc10530b3,otel-collector,Running,True,1,1,0,"{""otel-collector"": 0}","{""otel-collector"": ""running""}",1,1,1,desktop-control-plane,True,"{""desktop-control-plane"": true}"
2026-09-21T23:53:23.512Z,postgres-676cc4986c-65g8j,208c1990-5e96-493e-951b-3925c343082b,postgres,Running,True,1,1,0,"{""postgres"": 0}","{""postgres"": ""running""}",1,1,1,desktop-control-plane,True,"{""desktop-control-plane"": true}"
2026-09-21T23:53:23.512Z,prometheus-59f5cf7468-mtx8z,59cbbbaf-6dcc-47ec-97ed-1794e4b0c8e8,prometheus,Running,True,1,1,0,"{""prometheus"": 0}","{""prometheus"": ""running""}",1,1,1,desktop-control-plane,True,"{""desktop-control-plane"": true}"
2026-09-21T23:53:23.512Z,rabbitmq-5cdf8f76b7-bwghx,0ac06c65-14a9-4bd2-b5d4-7f2a22c1c4a6,rabbitmq,Running,True,1,1,3,"{""rabbitmq"": 3}","{""rabbitmq"": ""running""}",1,1,1,desktop-control-plane,True,"{""desktop-control-plane"": true}"
2026-09-21T23:53:23.512Z,worker-5b55666b44-rqchq,2dd0ad98-71ab-4a3b-b534-291680e82fe2,worker,Running,True,1,1,3,"{""worker"": 3}","{""worker"": ""running""}",1,1,1,desktop-control-plane,True,"{""desktop-control-plane"": true}"
2026-09-21T23:53:28.512Z,api-5b87c4c9d-nfcrm,16a10e06-1c63-4416-be9b-df9e5b73aa2d,api,Running,True,1,1,0,"{""api"": 0}","{""api"": ""running""}",1,1,1,desktop-control-plane,True,"{""desktop-control-plane"": true}"
2026-09-21T23:53:28.512Z,gateway-856744bb66-hzcvr,cc510c63-0609-4870-b9ca-abd3e21ac480,gateway,Running,True,1,1,1,"{""gateway"": 1}","{""gateway"": ""running""}",1,1,1,desktop-control-plane,True,"{""desktop-control-plane"": true}"
2026-09-21T23:53:28.512Z,jaeger-7cc9b664cc-jt9fj,21942cdb-b601-447a-bf38-ba3b861fe91b,jaeger,Running,True,1,1,0,"{""jaeger"": 0}","{""jaeger"": ""running""}",1,1,1,desktop-control-plane,True,"{""desktop-control-plane"": true}"
2026-09-21T23:53:28.512Z,otel-collector-7c765745bf-q69jh,9ea6d084-d3d7-4c16-a0d5-9b1cc10530b3,otel-collector,Running,True,1,1,0,"{""otel-collector"": 0}","{""otel-collector"": ""running""}",1,1,1,desktop-control-plane,True,"{""desktop-control-plane"": true}"
2026-09-21T23:53:28.512Z,postgres-676cc4986c-65g8j,208c1990-5e96-493e-951b-3925c343082b,postgres,Running,True,1,1,0,"{""postgres"": 0}","{""postgres"": ""running""}",1,1,1,desktop-control-plane,True,"{""desktop-control-plane"": true}"
2026-09-21T23:53:28.512Z,prometheus-59f5cf7468-mtx8z,59cbbbaf-6dcc-47ec-97ed-1794e4b0c8e8,prometheus,Running,True,1,1,0,"{""prometheus"": 0}","{""prometheus"": ""running""}",1,1,1,desktop-control-plane,True,"{""desktop-control-plane"": true}"
2026-09-21T23:53:28.512Z,rabbitmq-5cdf8f76b7-bwghx,0ac06c65-14a9-4bd2-b5d4-7f2a22c1c4a6,rabbitmq,Running,True,1,1,3,"{""rabbitmq"": 3}","{""rabbitmq"": ""running""}",1,1,1,desktop-control-plane,True,"{""desktop-control-plane"": true}"
2026-09-21T23:53:28.512Z,worker-5b55666b44-rqchq,2dd0ad98-71ab-4a3b-b534-291680e82fe2,worker,Running,True,1,1,3,"{""worker"": 3}","{""worker"": ""running""}",1,1,1,desktop-control-plane,True,"{""desktop-control-plane"": true}"
2026-09-21T23:53:33.512Z,api-5b87c4c9d-nfcrm,16a10e06-1c63-4416-be9b-df9e5b73aa2d,api,Running,True,1,1,0,"{""api"": 0}","{""api"": ""running""}",1,1,1,desktop-control-plane,True,"{""desktop-control-plane"": true}"
2026-09-21T23:53:33.512Z,gateway-856744bb66-hzcvr,cc510c63-0609-4870-b9ca-abd3e21ac480,gateway,Running,True,1,1,1,"{""gateway"": 1}","{""gateway"": ""running""}",1,1,1,desktop-control-plane,True,"{""desktop-control-plane"": true}"
2026-09-21T23:53:33.512Z,jaeger-7cc9b664cc-jt9fj,21942cdb-b601-447a-bf38-ba3b861fe91b,jaeger,Running,True,1,1,0,"{""jaeger"": 0}","{""jaeger"": ""running""}",1,1,1,desktop-control-plane,True,"{""desktop-control-plane"": true}"
2026-09-21T23:53:33.512Z,otel-collector-7c765745bf-q69jh,9ea6d084-d3d7-4c16-a0d5-9b1cc10530b3,otel-collector,Running,True,1,1,0,"{""otel-collector"": 0}","{""otel-collector"": ""running""}",1,1,1,desktop-control-plane,True,"{""desktop-control-plane"": true}"
2026-09-21T23:53:33.512Z,postgres-676cc4986c-65g8j,208c1990-5e96-493e-951b-3925c343082b,postgres,Running,True,1,1,0,"{""postgres"": 0}","{""postgres"": ""running""}",1,1,1,desktop-control-plane,True,"{""desktop-control-plane"": true}"
2026-09-21T23:53:33.512Z,prometheus-59f5cf7468-mtx8z,59cbbbaf-6dcc-47ec-97ed-1794e4b0c8e8,prometheus,Running,True,1,1,0,"{""prometheus"": 0}","{""prometheus"": ""running""}",1,1,1,desktop-control-plane,True,"{""desktop-control-plane"": true}"
2026-09-21T23:53:33.512Z,rabbitmq-5cdf8f76b7-bwghx,0ac06c65-14a9-4bd2-b5d4-7f2a22c1c4a6,rabbitmq,Running,True,1,1,3,"{""rabbitmq"": 3}","{""rabbitmq"": ""running""}",1,1,1,desktop-control-plane,True,"{""desktop-control-plane"": true}"
2026-09-21T23:53:33.512Z,worker-5b55666b44-rqchq,2dd0ad98-71ab-4a3b-b534-291680e82fe2,worker,Running,True,1,1,3,"{""worker"": 3}","{""worker"": ""running""}",1,1,1,desktop-control-plane,True,"{""desktop-control-plane"": true}"
2026-09-21T23:53:38.513Z,api-5b87c4c9d-nfcrm,16a10e06-1c63-4416-be9b-df9e5b73aa2d,api,Running,True,1,1,0,"{""api"": 0}","{""api"": ""running""}",1,1,1,desktop-control-plane,True,"{""desktop-control-plane"": true}"
2026-09-21T23:53:38.513Z,gateway-856744bb66-hzcvr,cc510c63-0609-4870-b9ca-abd3e21ac480,gateway,Running,True,1,1,1,"{""gateway"": 1}","{""gateway"": ""running""}",1,1,1,desktop-control-plane,True,"{""desktop-control-plane"": true}"
2026-09-21T23:53:38.513Z,jaeger-7cc9b664cc-jt9fj,21942cdb-b601-447a-bf38-ba3b861fe91b,jaeger,Running,True,1,1,0,"{""jaeger"": 0}","{""jaeger"": ""running""}",1,1,1,desktop-control-plane,True,"{""desktop-control-plane"": true}"
2026-09-21T23:53:38.513Z,otel-collector-7c765745bf-q69jh,9ea6d084-d3d7-4c16-a0d5-9b1cc10530b3,otel-collector,Running,True,1,1,0,"{""otel-collector"": 0}","{""otel-collector"": ""running""}",1,1,1,desktop-control-plane,True,"{""desktop-control-plane"": true}"
2026-09-21T23:53:38.513Z,postgres-676cc4986c-65g8j,208c1990-5e96-493e-951b-3925c343082b,postgres,Running,True,1,1,0,"{""postgres"": 0}","{""postgres"": ""running""}",1,1,1,desktop-control-plane,True,"{""desktop-control-plane"": true}"
2026-09-21T23:53:38.513Z,prometheus-59f5cf7468-mtx8z,59cbbbaf-6dcc-47ec-97ed-1794e4b0c8e8,prometheus,Running,True,1,1,0,"{""prometheus"": 0}","{""prometheus"": ""running""}",1,1,1,desktop-control-plane,True,"{""desktop-control-plane"": true}"
2026-09-21T23:53:38.513Z,rabbitmq-5cdf8f76b7-bwghx,0ac06c65-14a9-4bd2-b5d4-7f2a22c1c4a6,rabbitmq,Running,True,1,1,3,"{""rabbitmq"": 3}","{""rabbitmq"": ""running""}",1,1,1,desktop-control-plane,True,"{""desktop-control-plane"": true}"
2026-09-21T23:53:38.513Z,worker-5b55666b44-rqchq,2dd0ad98-71ab-4a3b-b534-291680e82fe2,worker,Running,True,1,1,3,"{""worker"": 3}","{""worker"": ""running""}",1,1,1,desktop-control-plane,True,"{""desktop-control-plane"": true}"
2026-09-21T23:53:43.513Z,api-5b87c4c9d-nfcrm,16a10e06-1c63-4416-be9b-df9e5b73aa2d,api,Running,True,1,1,0,"{""api"": 0}","{""api"": ""running""}",1,1,1,desktop-control-plane,True,"{""desktop-control-plane"": true}"
2026-09-21T23:53:43.513Z,gateway-856744bb66-hzcvr,cc510c63-0609-4870-b9ca-abd3e21ac480,gateway,Running,True,1,1,1,"{""gateway"": 1}","{""gateway"": ""running""}",1,1,1,desktop-control-plane,True,"{""desktop-control-plane"": true}"
2026-09-21T23:53:43.513Z,jaeger-7cc9b664cc-jt9fj,21942cdb-b601-447a-bf38-ba3b861fe91b,jaeger,Running,True,1,1,0,"{""jaeger"": 0}","{""jaeger"": ""running""}",1,1,1,desktop-control-plane,True,"{""desktop-control-plane"": true}"
2026-09-21T23:53:43.513Z,otel-collector-7c765745bf-q69jh,9ea6d084-d3d7-4c16-a0d5-9b1cc10530b3,otel-collector,Running,True,1,1,0,"{""otel-collector"": 0}","{""otel-collector"": ""running""}",1,1,1,desktop-control-plane,True,"{""desktop-control-plane"": true}"
2026-09-21T23:53:43.513Z,postgres-676cc4986c-65g8j,208c1990-5e96-493e-951b-3925c343082b,postgres,Running,True,1,1,0,"{""postgres"": 0}","{""postgres"": ""running""}",1,1,1,desktop-control-plane,True,"{""desktop-control-plane"": true}"
2026-09-21T23:53:43.513Z,prometheus-59f5cf7468-mtx8z,59cbbbaf-6dcc-47ec-97ed-1794e4b0c8e8,prometheus,Running,True,1,1,0,"{""prometheus"": 0}","{""prometheus"": ""running""}",1,1,1,desktop-control-plane,True,"{""desktop-control-plane"": true}"
2026-09-21T23:53:43.513Z,rabbitmq-5cdf8f76b7-bwghx,0ac06c65-14a9-4bd2-b5d4-7f2a22c1c4a6,rabbitmq,Running,True,1,1,3,"{""rabbitmq"": 3}","{""rabbitmq"": ""running""}",1,1,1,desktop-control-plane,True,"{""desktop-control-plane"": true}"
2026-09-21T23:53:43.513Z,worker-5b55666b44-rqchq,2dd0ad98-71ab-4a3b-b534-291680e82fe2,worker,Running,True,1,1,3,"{""worker"": 3}","{""worker"": ""running""}",1,1,1,desktop-control-plane,True,"{""desktop-control-plane"": true}"
2026-09-21T23:53:48.514Z,api-5b87c4c9d-nfcrm,16a10e06-1c63-4416-be9b-df9e5b73aa2d,api,Running,True,1,1,0,"{""api"": 0}","{""api"": ""running""}",1,1,1,desktop-control-plane,True,"{""desktop-control-plane"": true}"
2026-09-21T23:53:48.514Z,gateway-856744bb66-hzcvr,cc510c63-0609-4870-b9ca-abd3e21ac480,gateway,Running,True,1,1,1,"{""gateway"": 1}","{""gateway"": ""running""}",1,1,1,desktop-control-plane,True,"{""desktop-control-plane"": true}"
2026-09-21T23:53:48.514Z,jaeger-7cc9b664cc-jt9fj,21942cdb-b601-447a-bf38-ba3b861fe91b,jaeger,Running,True,1,1,0,"{""jaeger"": 0}","{""jaeger"": ""running""}",1,1,1,desktop-control-plane,True,"{""desktop-control-plane"": true}"
2026-09-21T23:53:48.514Z,k6-c4-run-2-kdst7,6c2bb38b-b7e5-4a5d-9099-83d4dcba6c7d,k6,Running,True,1,1,0,"{""k6"": 0}","{""k6"": ""running""}",1,1,1,desktop-control-plane,True,"{""desktop-control-plane"": true}"
2026-09-21T23:53:48.514Z,otel-collector-7c765745bf-q69jh,9ea6d084-d3d7-4c16-a0d5-9b1cc10530b3,otel-collector,Running,True,1,1,0,"{""otel-collector"": 0}","{""otel-collector"": ""running""}",1,1,1,desktop-control-plane,True,"{""desktop-control-plane"": true}"
2026-09-21T23:53:48.514Z,postgres-676cc4986c-65g8j,208c1990-5e96-493e-951b-3925c343082b,postgres,Running,True,1,1,0,"{""postgres"": 0}","{""postgres"": ""running""}",1,1,1,desktop-control-plane,True,"{""desktop-control-plane"": true}"
2026-09-21T23:53:48.514Z,prometheus-59f5cf7468-mtx8z,59cbbbaf-6dcc-47ec-97ed-1794e4b0c8e8,prometheus,Running,True,1,1,0,"{""prometheus"": 0}","{""prometheus"": ""running""}",1,1,1,desktop-control-plane,True,"{""desktop-control-plane"": true}"
2026-09-21T23:53:48.514Z,rabbitmq-5cdf8f76b7-bwghx,0ac06c65-14a9-4bd2-b5d4-7f2a22c1c4a6,rabbitmq,Running,True,1,1,3,"{""rabbitmq"": 3}","{""rabbitmq"": ""running""}",1,1,1,desktop-control-plane,True,"{""desktop-control-plane"": true}"
2026-09-21T23:53:48.514Z,worker-5b55666b44-rqchq,2dd0ad98-71ab-4a3b-b534-291680e82fe2,worker,Running,True,1,1,3,"{""worker"": 3}","{""worker"": ""running""}",1,1,1,desktop-control-plane,True,"{""desktop-control-plane"": true}"
2026-09-21T23:53:53.514Z,api-5b87c4c9d-nfcrm,16a10e06-1c63-4416-be9b-df9e5b73aa2d,api,Running,True,1,1,0,"{""api"": 0}","{""api"": ""running""}",1,1,1,desktop-control-plane,True,"{""desktop-control-plane"": true}"
2026-09-21T23:53:53.514Z,gateway-856744bb66-hzcvr,cc510c63-0609-4870-b9ca-abd3e21ac480,gateway,Running,True,1,1,1,"{""gateway"": 1}","{""gateway"": ""running""}",1,1,1,desktop-control-plane,True,"{""desktop-control-plane"": true}"
2026-09-21T23:53:53.514Z,jaeger-7cc9b664cc-jt9fj,21942cdb-b601-447a-bf38-ba3b861fe91b,jaeger,Running,True,1,1,0,"{""jaeger"": 0}","{""jaeger"": ""running""}",1,1,1,desktop-control-plane,True,"{""desktop-control-plane"": true}"
2026-09-21T23:53:53.514Z,k6-c4-run-2-kdst7,6c2bb38b-b7e5-4a5d-9099-83d4dcba6c7d,k6,Running,True,1,1,0,"{""k6"": 0}","{""k6"": ""running""}",1,1,1,desktop-control-plane,True,"{""desktop-control-plane"": true}"
2026-09-21T23:53:53.514Z,otel-collector-7c765745bf-q69jh,9ea6d084-d3d7-4c16-a0d5-9b1cc10530b3,otel-collector,Running,True,1,1,0,"{""otel-collector"": 0}","{""otel-collector"": ""running""}",1,1,1,desktop-control-plane,True,"{""desktop-control-plane"": true}"
2026-09-21T23:53:53.514Z,postgres-676cc4986c-65g8j,208c1990-5e96-493e-951b-3925c343082b,postgres,Running,True,1,1,0,"{""postgres"": 0}","{""postgres"": ""running""}",1,1,1,desktop-control-plane,True,"{""desktop-control-plane"": true}"
2026-09-21T23:53:53.514Z,prometheus-59f5cf7468-mtx8z,59cbbbaf-6dcc-47ec-97ed-1794e4b0c8e8,prometheus,Running,True,1,1,0,"{""prometheus"": 0}","{""prometheus"": ""running""}",1,1,1,desktop-control-plane,True,"{""desktop-control-plane"": true}"
2026-09-21T23:53:53.514Z,rabbitmq-5cdf8f76b7-bwghx,0ac06c65-14a9-4bd2-b5d4-7f2a22c1c4a6,rabbitmq,Running,True,1,1,3,"{""rabbitmq"": 3}","{""rabbitmq"": ""running""}",1,1,1,desktop-control-plane,True,"{""desktop-control-plane"": true}"
2026-09-21T23:53:53.514Z,worker-5b55666b44-rqchq,2dd0ad98-71ab-4a3b-b534-291680e82fe2,worker,Running,True,1,1,3,"{""worker"": 3}","{""worker"": ""running""}",1,1,1,desktop-control-plane,True,"{""desktop-control-plane"": true}"
2026-09-21T23:53:58.514Z,api-5b87c4c9d-nfcrm,16a10e06-1c63-4416-be9b-df9e5b73aa2d,api,Running,True,1,1,0,"{""api"": 0}","{""api"": ""running""}",1,1,1,desktop-control-plane,True,"{""desktop-control-plane"": true}"
2026-09-21T23:53:58.514Z,gateway-856744bb66-hzcvr,cc510c63-0609-4870-b9ca-abd3e21ac480,gateway,Running,True,1,1,1,"{""gateway"": 1}","{""gateway"": ""running""}",1,1,1,desktop-control-plane,True,"{""desktop-control-plane"": true}"
2026-09-21T23:53:58.514Z,jaeger-7cc9b664cc-jt9fj,21942cdb-b601-447a-bf38-ba3b861fe91b,jaeger,Running,True,1,1,0,"{""jaeger"": 0}","{""jaeger"": ""running""}",1,1,1,desktop-control-plane,True,"{""desktop-control-plane"": true}"
2026-09-21T23:53:58.514Z,k6-c4-run-2-kdst7,6c2bb38b-b7e5-4a5d-9099-83d4dcba6c7d,k6,Running,True,1,1,0,"{""k6"": 0}","{""k6"": ""running""}",1,1,1,desktop-control-plane,True,"{""desktop-control-plane"": true}"
2026-09-21T23:53:58.514Z,otel-collector-7c765745bf-q69jh,9ea6d084-d3d7-4c16-a0d5-9b1cc10530b3,otel-collector,Running,True,1,1,0,"{""otel-collector"": 0}","{""otel-collector"": ""running""}",1,1,1,desktop-control-plane,True,"{""desktop-control-plane"": true}"
2026-09-21T23:53:58.514Z,postgres-676cc4986c-65g8j,208c1990-5e96-493e-951b-3925c343082b,postgres,Running,True,1,1,0,"{""postgres"": 0}","{""postgres"": ""running""}",1,1,1,desktop-control-plane,True,"{""desktop-control-plane"": true}"
2026-09-21T23:53:58.514Z,prometheus-59f5cf7468-mtx8z,59cbbbaf-6dcc-47ec-97ed-1794e4b0c8e8,prometheus,Running,True,1,1,0,"{""prometheus"": 0}","{""prometheus"": ""running""}",1,1,1,desktop-control-plane,True,"{""desktop-control-plane"": true}"
2026-09-21T23:53:58.514Z,rabbitmq-5cdf8f76b7-bwghx,0ac06c65-14a9-4bd2-b5d4-7f2a22c1c4a6,rabbitmq,Running,True,1,1,3,"{""rabbitmq"": 3}","{""rabbitmq"": ""running""}",1,1,1,desktop-control-plane,True,"{""desktop-control-plane"": true}"
2026-09-21T23:53:58.514Z,worker-5b55666b44-rqchq,2dd0ad98-71ab-4a3b-b534-291680e82fe2,worker,Running,True,1,1,3,"{""worker"": 3}","{""worker"": ""running""}",1,1,1,desktop-control-plane,True,"{""desktop-control-plane"": true}"
2026-09-21T23:54:03.515Z,api-5b87c4c9d-nfcrm,16a10e06-1c63-4416-be9b-df9e5b73aa2d,api,Running,True,1,1,0,"{""api"": 0}","{""api"": ""running""}",1,1,1,desktop-control-plane,True,"{""desktop-control-plane"": true}"
2026-09-21T23:54:03.515Z,gateway-856744bb66-hzcvr,cc510c63-0609-4870-b9ca-abd3e21ac480,gateway,Running,True,1,1,1,"{""gateway"": 1}","{""gateway"": ""running""}",1,1,1,desktop-control-plane,True,"{""desktop-control-plane"": true}"
2026-09-21T23:54:03.515Z,jaeger-7cc9b664cc-jt9fj,21942cdb-b601-447a-bf38-ba3b861fe91b,jaeger,Running,True,1,1,0,"{""jaeger"": 0}","{""jaeger"": ""running""}",1,1,1,desktop-control-plane,True,"{""desktop-control-plane"": true}"
2026-09-21T23:54:03.515Z,k6-c4-run-2-kdst7,6c2bb38b-b7e5-4a5d-9099-83d4dcba6c7d,k6,Running,True,1,1,0,"{""k6"": 0}","{""k6"": ""running""}",1,1,1,desktop-control-plane,True,"{""desktop-control-plane"": true}"
2026-09-21T23:54:03.515Z,otel-collector-7c765745bf-q69jh,9ea6d084-d3d7-4c16-a0d5-9b1cc10530b3,otel-collector,Running,True,1,1,0,"{""otel-collector"": 0}","{""otel-collector"": ""running""}",1,1,1,desktop-control-plane,True,"{""desktop-control-plane"": true}"
2026-09-21T23:54:03.515Z,postgres-676cc4986c-65g8j,208c1990-5e96-493e-951b-3925c343082b,postgres,Running,True,1,1,0,"{""postgres"": 0}","{""postgres"": ""running""}",1,1,1,desktop-control-plane,True,"{""desktop-control-plane"": true}"
2026-09-21T23:54:03.515Z,prometheus-59f5cf7468-mtx8z,59cbbbaf-6dcc-47ec-97ed-1794e4b0c8e8,prometheus,Running,True,1,1,0,"{""prometheus"": 0}","{""prometheus"": ""running""}",1,1,1,desktop-control-plane,True,"{""desktop-control-plane"": true}"
2026-09-21T23:54:03.515Z,rabbitmq-5cdf8f76b7-bwghx,0ac06c65-14a9-4bd2-b5d4-7f2a22c1c4a6,rabbitmq,Running,True,1,1,3,"{""rabbitmq"": 3}","{""rabbitmq"": ""running""}",1,1,1,desktop-control-plane,True,"{""desktop-control-plane"": true}"
2026-09-21T23:54:03.515Z,worker-5b55666b44-rqchq,2dd0ad98-71ab-4a3b-b534-291680e82fe2,worker,Running,True,1,1,3,"{""worker"": 3}","{""worker"": ""running""}",1,1,1,desktop-control-plane,True,"{""desktop-control-plane"": true}"
2026-09-21T23:54:08.515Z,api-5b87c4c9d-nfcrm,16a10e06-1c63-4416-be9b-df9e5b73aa2d,api,Running,True,1,1,0,"{""api"": 0}","{""api"": ""running""}",1,1,1,desktop-control-plane,True,"{""desktop-control-plane"": true}"
2026-09-21T23:54:08.515Z,gateway-856744bb66-hzcvr,cc510c63-0609-4870-b9ca-abd3e21ac480,gateway,Running,True,1,1,1,"{""gateway"": 1}","{""gateway"": ""running""}",1,1,1,desktop-control-plane,True,"{""desktop-control-plane"": true}"
2026-09-21T23:54:08.515Z,jaeger-7cc9b664cc-jt9fj,21942cdb-b601-447a-bf38-ba3b861fe91b,jaeger,Running,True,1,1,0,"{""jaeger"": 0}","{""jaeger"": ""running""}",1,1,1,desktop-control-plane,True,"{""desktop-control-plane"": true}"
2026-09-21T23:54:08.515Z,k6-c4-run-2-kdst7,6c2bb38b-b7e5-4a5d-9099-83d4dcba6c7d,k6,Running,True,1,1,0,"{""k6"": 0}","{""k6"": ""running""}",1,1,1,desktop-control-plane,True,"{""desktop-control-plane"": true}"
2026-09-21T23:54:08.515Z,otel-collector-7c765745bf-q69jh,9ea6d084-d3d7-4c16-a0d5-9b1cc10530b3,otel-collector,Running,True,1,1,0,"{""otel-collector"": 0}","{""otel-collector"": ""running""}",1,1,1,desktop-control-plane,True,"{""desktop-control-plane"": true}"
2026-09-21T23:54:08.515Z,postgres-676cc4986c-65g8j,208c1990-5e96-493e-951b-3925c343082b,postgres,Running,True,1,1,0,"{""postgres"": 0}","{""postgres"": ""running""}",1,1,1,desktop-control-plane,True,"{""desktop-control-plane"": true}"
2026-09-21T23:54:08.515Z,prometheus-59f5cf7468-mtx8z,59cbbbaf-6dcc-47ec-97ed-1794e4b0c8e8,prometheus,Running,True,1,1,0,"{""prometheus"": 0}","{""prometheus"": ""running""}",1,1,1,desktop-control-plane,True,"{""desktop-control-plane"": true}"
2026-09-21T23:54:08.515Z,rabbitmq-5cdf8f76b7-bwghx,0ac06c65-14a9-4bd2-b5d4-7f2a22c1c4a6,rabbitmq,Running,True,1,1,3,"{""rabbitmq"": 3}","{""rabbitmq"": ""running""}",1,1,1,desktop-control-plane,True,"{""desktop-control-plane"": true}"
2026-09-21T23:54:08.515Z,worker-5b55666b44-rqchq,2dd0ad98-71ab-4a3b-b534-291680e82fe2,worker,Running,True,1,1,3,"{""worker"": 3}","{""worker"": ""running""}",1,1,1,desktop-control-plane,True,"{""desktop-control-plane"": true}"
2026-09-21T23:54:13.516Z,api-5b87c4c9d-nfcrm,16a10e06-1c63-4416-be9b-df9e5b73aa2d,api,Running,True,1,1,0,"{""api"": 0}","{""api"": ""running""}",1,1,1,desktop-control-plane,True,"{""desktop-control-plane"": true}"
2026-09-21T23:54:13.516Z,gateway-856744bb66-hzcvr,cc510c63-0609-4870-b9ca-abd3e21ac480,gateway,Running,True,1,1,1,"{""gateway"": 1}","{""gateway"": ""running""}",1,1,1,desktop-control-plane,True,"{""desktop-control-plane"": true}"
2026-09-21T23:54:13.516Z,jaeger-7cc9b664cc-jt9fj,21942cdb-b601-447a-bf38-ba3b861fe91b,jaeger,Running,True,1,1,0,"{""jaeger"": 0}","{""jaeger"": ""running""}",1,1,1,desktop-control-plane,True,"{""desktop-control-plane"": true}"
2026-09-21T23:54:13.516Z,k6-c4-run-2-kdst7,6c2bb38b-b7e5-4a5d-9099-83d4dcba6c7d,k6,Running,True,1,1,0,"{""k6"": 0}","{""k6"": ""running""}",1,1,1,desktop-control-plane,True,"{""desktop-control-plane"": true}"
2026-09-21T23:54:13.516Z,otel-collector-7c765745bf-q69jh,9ea6d084-d3d7-4c16-a0d5-9b1cc10530b3,otel-collector,Running,True,1,1,0,"{""otel-collector"": 0}","{""otel-collector"": ""running""}",1,1,1,desktop-control-plane,True,"{""desktop-control-plane"": true}"
2026-09-21T23:54:13.516Z,postgres-676cc4986c-65g8j,208c1990-5e96-493e-951b-3925c343082b,postgres,Running,True,1,1,0,"{""postgres"": 0}","{""postgres"": ""running""}",1,1,1,desktop-control-plane,True,"{""desktop-control-plane"": true}"
2026-09-21T23:54:13.516Z,prometheus-59f5cf7468-mtx8z,59cbbbaf-6dcc-47ec-97ed-1794e4b0c8e8,prometheus,Running,True,1,1,0,"{""prometheus"": 0}","{""prometheus"": ""running""}",1,1,1,desktop-control-plane,True,"{""desktop-control-plane"": true}"
2026-09-21T23:54:13.516Z,rabbitmq-5cdf8f76b7-bwghx,0ac06c65-14a9-4bd2-b5d4-7f2a22c1c4a6,rabbitmq,Running,True,1,1,3,"{""rabbitmq"": 3}","{""rabbitmq"": ""running""}",1,1,1,desktop-control-plane,True,"{""desktop-control-plane"": true}"
2026-09-21T23:54:13.516Z,worker-5b55666b44-rqchq,2dd0ad98-71ab-4a3b-b534-291680e82fe2,worker,Running,True,1,1,3,"{""worker"": 3}","{""worker"": ""running""}",1,1,1,desktop-control-plane,True,"{""desktop-control-plane"": true}"
2026-09-21T23:54:18.516Z,api-5b87c4c9d-nfcrm,16a10e06-1c63-4416-be9b-df9e5b73aa2d,api,Running,True,1,1,0,"{""api"": 0}","{""api"": ""running""}",1,1,1,desktop-control-plane,True,"{""desktop-control-plane"": true}"
2026-09-21T23:54:18.516Z,gateway-856744bb66-hzcvr,cc510c63-0609-4870-b9ca-abd3e21ac480,gateway,Running,True,1,1,1,"{""gateway"": 1}","{""gateway"": ""running""}",1,1,1,desktop-control-plane,True,"{""desktop-control-plane"": true}"
2026-09-21T23:54:18.516Z,jaeger-7cc9b664cc-jt9fj,21942cdb-b601-447a-bf38-ba3b861fe91b,jaeger,Running,True,1,1,0,"{""jaeger"": 0}","{""jaeger"": ""running""}",1,1,1,desktop-control-plane,True,"{""desktop-control-plane"": true}"
2026-09-21T23:54:18.516Z,k6-c4-run-2-kdst7,6c2bb38b-b7e5-4a5d-9099-83d4dcba6c7d,k6,Running,True,1,1,0,"{""k6"": 0}","{""k6"": ""running""}",1,1,1,desktop-control-plane,True,"{""desktop-control-plane"": true}"
2026-09-21T23:54:18.516Z,otel-collector-7c765745bf-q69jh,9ea6d084-d3d7-4c16-a0d5-9b1cc10530b3,otel-collector,Running,True,1,1,0,"{""otel-collector"": 0}","{""otel-collector"": ""running""}",1,1,1,desktop-control-plane,True,"{""desktop-control-plane"": true}"
2026-09-21T23:54:18.516Z,postgres-676cc4986c-65g8j,208c1990-5e96-493e-951b-3925c343082b,postgres,Running,True,1,1,0,"{""postgres"": 0}","{""postgres"": ""running""}",1,1,1,desktop-control-plane,True,"{""desktop-control-plane"": true}"
2026-09-21T23:54:18.516Z,prometheus-59f5cf7468-mtx8z,59cbbbaf-6dcc-47ec-97ed-1794e4b0c8e8,prometheus,Running,True,1,1,0,"{""prometheus"": 0}","{""prometheus"": ""running""}",1,1,1,desktop-control-plane,True,"{""desktop-control-plane"": true}"
2026-09-21T23:54:18.516Z,rabbitmq-5cdf8f76b7-bwghx,0ac06c65-14a9-4bd2-b5d4-7f2a22c1c4a6,rabbitmq,Running,True,1,1,3,"{""rabbitmq"": 3}","{""rabbitmq"": ""running""}",1,1,1,desktop-control-plane,True,"{""desktop-control-plane"": true}"
2026-09-21T23:54:18.516Z,worker-5b55666b44-rqchq,2dd0ad98-71ab-4a3b-b534-291680e82fe2,worker,Running,True,1,1,3,"{""worker"": 3}","{""worker"": ""running""}",1,1,1,desktop-control-plane,True,"{""desktop-control-plane"": true}"
2026-09-21T23:54:23.516Z,api-5b87c4c9d-nfcrm,16a10e06-1c63-4416-be9b-df9e5b73aa2d,api,Running,True,1,1,0,"{""api"": 0}","{""api"": ""running""}",1,1,1,desktop-control-plane,True,"{""desktop-control-plane"": true}"
2026-09-21T23:54:23.516Z,gateway-856744bb66-hzcvr,cc510c63-0609-4870-b9ca-abd3e21ac480,gateway,Running,True,1,1,1,"{""gateway"": 1}","{""gateway"": ""running""}",1,1,1,desktop-control-plane,True,"{""desktop-control-plane"": true}"
2026-09-21T23:54:23.516Z,jaeger-7cc9b664cc-jt9fj,21942cdb-b601-447a-bf38-ba3b861fe91b,jaeger,Running,True,1,1,0,"{""jaeger"": 0}","{""jaeger"": ""running""}",1,1,1,desktop-control-plane,True,"{""desktop-control-plane"": true}"
2026-09-21T23:54:23.516Z,k6-c4-run-2-kdst7,6c2bb38b-b7e5-4a5d-9099-83d4dcba6c7d,k6,Running,True,1,1,0,"{""k6"": 0}","{""k6"": ""running""}",1,1,1,desktop-control-plane,True,"{""desktop-control-plane"": true}"
2026-09-21T23:54:23.516Z,otel-collector-7c765745bf-q69jh,9ea6d084-d3d7-4c16-a0d5-9b1cc10530b3,otel-collector,Running,True,1,1,0,"{""otel-collector"": 0}","{""otel-collector"": ""running""}",1,1,1,desktop-control-plane,True,"{""desktop-control-plane"": true}"
2026-09-21T23:54:23.516Z,postgres-676cc4986c-65g8j,208c1990-5e96-493e-951b-3925c343082b,postgres,Running,True,1,1,0,"{""postgres"": 0}","{""postgres"": ""running""}",1,1,1,desktop-control-plane,True,"{""desktop-control-plane"": true}"
2026-09-21T23:54:23.516Z,prometheus-59f5cf7468-mtx8z,59cbbbaf-6dcc-47ec-97ed-1794e4b0c8e8,prometheus,Running,True,1,1,0,"{""prometheus"": 0}","{""prometheus"": ""running""}",1,1,1,desktop-control-plane,True,"{""desktop-control-plane"": true}"
2026-09-21T23:54:23.516Z,rabbitmq-5cdf8f76b7-bwghx,0ac06c65-14a9-4bd2-b5d4-7f2a22c1c4a6,rabbitmq,Running,True,1,1,3,"{""rabbitmq"": 3}","{""rabbitmq"": ""running""}",1,1,1,desktop-control-plane,True,"{""desktop-control-plane"": true}"
2026-09-21T23:54:23.516Z,worker-5b55666b44-rqchq,2dd0ad98-71ab-4a3b-b534-291680e82fe2,worker,Running,True,1,1,3,"{""worker"": 3}","{""worker"": ""running""}",1,1,1,desktop-control-plane,True,"{""desktop-control-plane"": true}"
2026-09-21T23:54:28.516Z,api-5b87c4c9d-4rdfr,0ba2a84e-7a64-4d6c-b069-c87fb163817e,api,Running,False,0,1,0,"{""api"": 0}","{""api"": ""running""}",5,1,1,desktop-control-plane,True,"{""desktop-control-plane"": true}"
2026-09-21T23:54:28.516Z,api-5b87c4c9d-bgjmc,58bf0b06-1756-41c9-8d31-da9f65bb9aa2,api,Running,False,0,1,0,"{""api"": 0}","{""api"": ""running""}",5,1,1,desktop-control-plane,True,"{""desktop-control-plane"": true}"
2026-09-21T23:54:28.516Z,api-5b87c4c9d-d8mjc,972b3be6-876b-4312-99a2-0275f53a45e4,api,Running,False,0,1,0,"{""api"": 0}","{""api"": ""running""}",5,1,1,desktop-control-plane,True,"{""desktop-control-plane"": true}"
2026-09-21T23:54:28.516Z,api-5b87c4c9d-nfcrm,16a10e06-1c63-4416-be9b-df9e5b73aa2d,api,Running,True,1,1,0,"{""api"": 0}","{""api"": ""running""}",5,1,1,desktop-control-plane,True,"{""desktop-control-plane"": true}"
2026-09-21T23:54:28.516Z,api-5b87c4c9d-t2rvj,a03004ba-9549-4635-936e-dfb50d84352f,api,Running,False,0,1,0,"{""api"": 0}","{""api"": ""running""}",5,1,1,desktop-control-plane,True,"{""desktop-control-plane"": true}"
2026-09-21T23:54:28.516Z,gateway-856744bb66-hzcvr,cc510c63-0609-4870-b9ca-abd3e21ac480,gateway,Running,True,1,1,1,"{""gateway"": 1}","{""gateway"": ""running""}",5,1,1,desktop-control-plane,True,"{""desktop-control-plane"": true}"
2026-09-21T23:54:28.516Z,jaeger-7cc9b664cc-jt9fj,21942cdb-b601-447a-bf38-ba3b861fe91b,jaeger,Running,True,1,1,0,"{""jaeger"": 0}","{""jaeger"": ""running""}",5,1,1,desktop-control-plane,True,"{""desktop-control-plane"": true}"
2026-09-21T23:54:28.516Z,k6-c4-run-2-kdst7,6c2bb38b-b7e5-4a5d-9099-83d4dcba6c7d,k6,Running,True,1,1,0,"{""k6"": 0}","{""k6"": ""running""}",5,1,1,desktop-control-plane,True,"{""desktop-control-plane"": true}"
2026-09-21T23:54:28.516Z,otel-collector-7c765745bf-q69jh,9ea6d084-d3d7-4c16-a0d5-9b1cc10530b3,otel-collector,Running,True,1,1,0,"{""otel-collector"": 0}","{""otel-collector"": ""running""}",5,1,1,desktop-control-plane,True,"{""desktop-control-plane"": true}"
2026-09-21T23:54:28.516Z,postgres-676cc4986c-65g8j,208c1990-5e96-493e-951b-3925c343082b,postgres,Running,True,1,1,0,"{""postgres"": 0}","{""postgres"": ""running""}",5,1,1,desktop-control-plane,True,"{""desktop-control-plane"": true}"
2026-09-21T23:54:28.516Z,prometheus-59f5cf7468-mtx8z,59cbbbaf-6dcc-47ec-97ed-1794e4b0c8e8,prometheus,Running,True,1,1,0,"{""prometheus"": 0}","{""prometheus"": ""running""}",5,1,1,desktop-control-plane,True,"{""desktop-control-plane"": true}"
2026-09-21T23:54:28.516Z,rabbitmq-5cdf8f76b7-bwghx,0ac06c65-14a9-4bd2-b5d4-7f2a22c1c4a6,rabbitmq,Running,True,1,1,3,"{""rabbitmq"": 3}","{""rabbitmq"": ""running""}",5,1,1,desktop-control-plane,True,"{""desktop-control-plane"": true}"
2026-09-21T23:54:28.516Z,worker-5b55666b44-rqchq,2dd0ad98-71ab-4a3b-b534-291680e82fe2,worker,Running,True,1,1,3,"{""worker"": 3}","{""worker"": ""running""}",5,1,1,desktop-control-plane,True,"{""desktop-control-plane"": true}"
2026-09-21T23:54:33.517Z,api-5b87c4c9d-4rdfr,0ba2a84e-7a64-4d6c-b069-c87fb163817e,api,Running,False,0,1,0,"{""api"": 0}","{""api"": ""running""}",5,1,1,desktop-control-plane,True,"{""desktop-control-plane"": true}"
2026-09-21T23:54:33.517Z,api-5b87c4c9d-bgjmc,58bf0b06-1756-41c9-8d31-da9f65bb9aa2,api,Running,False,0,1,0,"{""api"": 0}","{""api"": ""running""}",5,1,1,desktop-control-plane,True,"{""desktop-control-plane"": true}"
2026-09-21T23:54:33.517Z,api-5b87c4c9d-d8mjc,972b3be6-876b-4312-99a2-0275f53a45e4,api,Running,False,0,1,0,"{""api"": 0}","{""api"": ""running""}",5,1,1,desktop-control-plane,True,"{""desktop-control-plane"": true}"
2026-09-21T23:54:33.517Z,api-5b87c4c9d-nfcrm,16a10e06-1c63-4416-be9b-df9e5b73aa2d,api,Running,True,1,1,0,"{""api"": 0}","{""api"": ""running""}",5,1,1,desktop-control-plane,True,"{""desktop-control-plane"": true}"
2026-09-21T23:54:33.517Z,api-5b87c4c9d-t2rvj,a03004ba-9549-4635-936e-dfb50d84352f,api,Running,False,0,1,0,"{""api"": 0}","{""api"": ""running""}",5,1,1,desktop-control-plane,True,"{""desktop-control-plane"": true}"
2026-09-21T23:54:33.517Z,gateway-856744bb66-hzcvr,cc510c63-0609-4870-b9ca-abd3e21ac480,gateway,Running,True,1,1,1,"{""gateway"": 1}","{""gateway"": ""running""}",5,1,1,desktop-control-plane,True,"{""desktop-control-plane"": true}"
2026-09-21T23:54:33.517Z,jaeger-7cc9b664cc-jt9fj,21942cdb-b601-447a-bf38-ba3b861fe91b,jaeger,Running,True,1,1,0,"{""jaeger"": 0}","{""jaeger"": ""running""}",5,1,1,desktop-control-plane,True,"{""desktop-control-plane"": true}"
2026-09-21T23:54:33.517Z,k6-c4-run-2-kdst7,6c2bb38b-b7e5-4a5d-9099-83d4dcba6c7d,k6,Running,True,1,1,0,"{""k6"": 0}","{""k6"": ""running""}",5,1,1,desktop-control-plane,True,"{""desktop-control-plane"": true}"
2026-09-21T23:54:33.517Z,otel-collector-7c765745bf-q69jh,9ea6d084-d3d7-4c16-a0d5-9b1cc10530b3,otel-collector,Running,True,1,1,0,"{""otel-collector"": 0}","{""otel-collector"": ""running""}",5,1,1,desktop-control-plane,True,"{""desktop-control-plane"": true}"
2026-09-21T23:54:33.517Z,postgres-676cc4986c-65g8j,208c1990-5e96-493e-951b-3925c343082b,postgres,Running,True,1,1,0,"{""postgres"": 0}","{""postgres"": ""running""}",5,1,1,desktop-control-plane,True,"{""desktop-control-plane"": true}"
2026-09-21T23:54:33.517Z,prometheus-59f5cf7468-mtx8z,59cbbbaf-6dcc-47ec-97ed-1794e4b0c8e8,prometheus,Running,True,1,1,0,"{""prometheus"": 0}","{""prometheus"": ""running""}",5,1,1,desktop-control-plane,True,"{""desktop-control-plane"": true}"
2026-09-21T23:54:33.517Z,rabbitmq-5cdf8f76b7-bwghx,0ac06c65-14a9-4bd2-b5d4-7f2a22c1c4a6,rabbitmq,Running,True,1,1,3,"{""rabbitmq"": 3}","{""rabbitmq"": ""running""}",5,1,1,desktop-control-plane,True,"{""desktop-control-plane"": true}"
2026-09-21T23:54:33.517Z,worker-5b55666b44-rqchq,2dd0ad98-71ab-4a3b-b534-291680e82fe2,worker,Running,True,1,1,3,"{""worker"": 3}","{""worker"": ""running""}",5,1,1,desktop-control-plane,True,"{""desktop-control-plane"": true}"
2026-09-21T23:54:38.517Z,api-5b87c4c9d-4rdfr,0ba2a84e-7a64-4d6c-b069-c87fb163817e,api,Running,False,0,1,0,"{""api"": 0}","{""api"": ""running""}",5,1,1,desktop-control-plane,True,"{""desktop-control-plane"": true}"
2026-09-21T23:54:38.517Z,api-5b87c4c9d-bgjmc,58bf0b06-1756-41c9-8d31-da9f65bb9aa2,api,Running,False,0,1,0,"{""api"": 0}","{""api"": ""running""}",5,1,1,desktop-control-plane,True,"{""desktop-control-plane"": true}"
2026-09-21T23:54:38.517Z,api-5b87c4c9d-d8mjc,972b3be6-876b-4312-99a2-0275f53a45e4,api,Running,False,0,1,0,"{""api"": 0}","{""api"": ""running""}",5,1,1,desktop-control-plane,True,"{""desktop-control-plane"": true}"
2026-09-21T23:54:38.517Z,api-5b87c4c9d-nfcrm,16a10e06-1c63-4416-be9b-df9e5b73aa2d,api,Running,True,1,1,0,"{""api"": 0}","{""api"": ""running""}",5,1,1,desktop-control-plane,True,"{""desktop-control-plane"": true}"
2026-09-21T23:54:38.517Z,api-5b87c4c9d-t2rvj,a03004ba-9549-4635-936e-dfb50d84352f,api,Running,False,0,1,0,"{""api"": 0}","{""api"": ""running""}",5,1,1,desktop-control-plane,True,"{""desktop-control-plane"": true}"
2026-09-21T23:54:38.517Z,gateway-856744bb66-hzcvr,cc510c63-0609-4870-b9ca-abd3e21ac480,gateway,Running,True,1,1,1,"{""gateway"": 1}","{""gateway"": ""running""}",5,1,1,desktop-control-plane,True,"{""desktop-control-plane"": true}"
2026-09-21T23:54:38.517Z,jaeger-7cc9b664cc-jt9fj,21942cdb-b601-447a-bf38-ba3b861fe91b,jaeger,Running,True,1,1,0,"{""jaeger"": 0}","{""jaeger"": ""running""}",5,1,1,desktop-control-plane,True,"{""desktop-control-plane"": true}"
2026-09-21T23:54:38.517Z,k6-c4-run-2-kdst7,6c2bb38b-b7e5-4a5d-9099-83d4dcba6c7d,k6,Running,True,1,1,0,"{""k6"": 0}","{""k6"": ""running""}",5,1,1,desktop-control-plane,True,"{""desktop-control-plane"": true}"
2026-09-21T23:54:38.517Z,otel-collector-7c765745bf-q69jh,9ea6d084-d3d7-4c16-a0d5-9b1cc10530b3,otel-collector,Running,True,1,1,0,"{""otel-collector"": 0}","{""otel-collector"": ""running""}",5,1,1,desktop-control-plane,True,"{""desktop-control-plane"": true}"
2026-09-21T23:54:38.517Z,postgres-676cc4986c-65g8j,208c1990-5e96-493e-951b-3925c343082b,postgres,Running,True,1,1,0,"{""postgres"": 0}","{""postgres"": ""running""}",5,1,1,desktop-control-plane,True,"{""desktop-control-plane"": true}"
2026-09-21T23:54:38.517Z,prometheus-59f5cf7468-mtx8z,59cbbbaf-6dcc-47ec-97ed-1794e4b0c8e8,prometheus,Running,True,1,1,0,"{""prometheus"": 0}","{""prometheus"": ""running""}",5,1,1,desktop-control-plane,True,"{""desktop-control-plane"": true}"
2026-09-21T23:54:38.517Z,rabbitmq-5cdf8f76b7-bwghx,0ac06c65-14a9-4bd2-b5d4-7f2a22c1c4a6,rabbitmq,Running,True,1,1,3,"{""rabbitmq"": 3}","{""rabbitmq"": ""running""}",5,1,1,desktop-control-plane,True,"{""desktop-control-plane"": true}"
2026-09-21T23:54:38.517Z,worker-5b55666b44-rqchq,2dd0ad98-71ab-4a3b-b534-291680e82fe2,worker,Running,True,1,1,3,"{""worker"": 3}","{""worker"": ""running""}",5,1,1,desktop-control-plane,True,"{""desktop-control-plane"": true}"
2026-09-21T23:54:43.518Z,api-5b87c4c9d-4rdfr,0ba2a84e-7a64-4d6c-b069-c87fb163817e,api,Running,True,1,1,0,"{""api"": 0}","{""api"": ""running""}",5,1,1,desktop-control-plane,True,"{""desktop-control-plane"": true}"
2026-09-21T23:54:43.518Z,api-5b87c4c9d-bgjmc,58bf0b06-1756-41c9-8d31-da9f65bb9aa2,api,Running,True,1,1,0,"{""api"": 0}","{""api"": ""running""}",5,1,1,desktop-control-plane,True,"{""desktop-control-plane"": true}"
2026-09-21T23:54:43.518Z,api-5b87c4c9d-d8mjc,972b3be6-876b-4312-99a2-0275f53a45e4,api,Running,True,1,1,0,"{""api"": 0}","{""api"": ""running""}",5,1,1,desktop-control-plane,True,"{""desktop-control-plane"": true}"
2026-09-21T23:54:43.518Z,api-5b87c4c9d-nfcrm,16a10e06-1c63-4416-be9b-df9e5b73aa2d,api,Running,True,1,1,0,"{""api"": 0}","{""api"": ""running""}",5,1,1,desktop-control-plane,True,"{""desktop-control-plane"": true}"
2026-09-21T23:54:43.518Z,api-5b87c4c9d-t2rvj,a03004ba-9549-4635-936e-dfb50d84352f,api,Running,True,1,1,0,"{""api"": 0}","{""api"": ""running""}",5,1,1,desktop-control-plane,True,"{""desktop-control-plane"": true}"
2026-09-21T23:54:43.518Z,gateway-856744bb66-hzcvr,cc510c63-0609-4870-b9ca-abd3e21ac480,gateway,Running,True,1,1,1,"{""gateway"": 1}","{""gateway"": ""running""}",5,1,1,desktop-control-plane,True,"{""desktop-control-plane"": true}"
2026-09-21T23:54:43.518Z,jaeger-7cc9b664cc-jt9fj,21942cdb-b601-447a-bf38-ba3b861fe91b,jaeger,Running,True,1,1,0,"{""jaeger"": 0}","{""jaeger"": ""running""}",5,1,1,desktop-control-plane,True,"{""desktop-control-plane"": true}"
2026-09-21T23:54:43.518Z,k6-c4-run-2-kdst7,6c2bb38b-b7e5-4a5d-9099-83d4dcba6c7d,k6,Running,True,1,1,0,"{""k6"": 0}","{""k6"": ""running""}",5,1,1,desktop-control-plane,True,"{""desktop-control-plane"": true}"
2026-09-21T23:54:43.518Z,otel-collector-7c765745bf-q69jh,9ea6d084-d3d7-4c16-a0d5-9b1cc10530b3,otel-collector,Running,True,1,1,0,"{""otel-collector"": 0}","{""otel-collector"": ""running""}",5,1,1,desktop-control-plane,True,"{""desktop-control-plane"": true}"
2026-09-21T23:54:43.518Z,postgres-676cc4986c-65g8j,208c1990-5e96-493e-951b-3925c343082b,postgres,Running,True,1,1,0,"{""postgres"": 0}","{""postgres"": ""running""}",5,1,1,desktop-control-plane,True,"{""desktop-control-plane"": true}"
2026-09-21T23:54:43.518Z,prometheus-59f5cf7468-mtx8z,59cbbbaf-6dcc-47ec-97ed-1794e4b0c8e8,prometheus,Running,True,1,1,0,"{""prometheus"": 0}","{""prometheus"": ""running""}",5,1,1,desktop-control-plane,True,"{""desktop-control-plane"": true}"
2026-09-21T23:54:43.518Z,rabbitmq-5cdf8f76b7-bwghx,0ac06c65-14a9-4bd2-b5d4-7f2a22c1c4a6,rabbitmq,Running,True,1,1,3,"{""rabbitmq"": 3}","{""rabbitmq"": ""running""}",5,1,1,desktop-control-plane,True,"{""desktop-control-plane"": true}"
2026-09-21T23:54:43.518Z,worker-5b55666b44-rqchq,2dd0ad98-71ab-4a3b-b534-291680e82fe2,worker,Running,True,1,1,3,"{""worker"": 3}","{""worker"": ""running""}",5,1,1,desktop-control-plane,True,"{""desktop-control-plane"": true}"
2026-09-21T23:54:48.518Z,api-5b87c4c9d-4rdfr,0ba2a84e-7a64-4d6c-b069-c87fb163817e,api,Running,True,1,1,0,"{""api"": 0}","{""api"": ""running""}",5,1,1,desktop-control-plane,True,"{""desktop-control-plane"": true}"
2026-09-21T23:54:48.518Z,api-5b87c4c9d-bgjmc,58bf0b06-1756-41c9-8d31-da9f65bb9aa2,api,Running,True,1,1,0,"{""api"": 0}","{""api"": ""running""}",5,1,1,desktop-control-plane,True,"{""desktop-control-plane"": true}"
2026-09-21T23:54:48.518Z,api-5b87c4c9d-d8mjc,972b3be6-876b-4312-99a2-0275f53a45e4,api,Running,True,1,1,0,"{""api"": 0}","{""api"": ""running""}",5,1,1,desktop-control-plane,True,"{""desktop-control-plane"": true}"
2026-09-21T23:54:48.518Z,api-5b87c4c9d-nfcrm,16a10e06-1c63-4416-be9b-df9e5b73aa2d,api,Running,True,1,1,0,"{""api"": 0}","{""api"": ""running""}",5,1,1,desktop-control-plane,True,"{""desktop-control-plane"": true}"
2026-09-21T23:54:48.518Z,api-5b87c4c9d-t2rvj,a03004ba-9549-4635-936e-dfb50d84352f,api,Running,True,1,1,0,"{""api"": 0}","{""api"": ""running""}",5,1,1,desktop-control-plane,True,"{""desktop-control-plane"": true}"
2026-09-21T23:54:48.518Z,gateway-856744bb66-hzcvr,cc510c63-0609-4870-b9ca-abd3e21ac480,gateway,Running,True,1,1,1,"{""gateway"": 1}","{""gateway"": ""running""}",5,1,1,desktop-control-plane,True,"{""desktop-control-plane"": true}"
2026-09-21T23:54:48.518Z,jaeger-7cc9b664cc-jt9fj,21942cdb-b601-447a-bf38-ba3b861fe91b,jaeger,Running,True,1,1,0,"{""jaeger"": 0}","{""jaeger"": ""running""}",5,1,1,desktop-control-plane,True,"{""desktop-control-plane"": true}"
2026-09-21T23:54:48.518Z,k6-c4-run-2-kdst7,6c2bb38b-b7e5-4a5d-9099-83d4dcba6c7d,k6,Running,True,1,1,0,"{""k6"": 0}","{""k6"": ""running""}",5,1,1,desktop-control-plane,True,"{""desktop-control-plane"": true}"
2026-09-21T23:54:48.518Z,otel-collector-7c765745bf-q69jh,9ea6d084-d3d7-4c16-a0d5-9b1cc10530b3,otel-collector,Running,True,1,1,0,"{""otel-collector"": 0}","{""otel-collector"": ""running""}",5,1,1,desktop-control-plane,True,"{""desktop-control-plane"": true}"
2026-09-21T23:54:48.518Z,postgres-676cc4986c-65g8j,208c1990-5e96-493e-951b-3925c343082b,postgres,Running,True,1,1,0,"{""postgres"": 0}","{""postgres"": ""running""}",5,1,1,desktop-control-plane,True,"{""desktop-control-plane"": true}"
2026-09-21T23:54:48.518Z,prometheus-59f5cf7468-mtx8z,59cbbbaf-6dcc-47ec-97ed-1794e4b0c8e8,prometheus,Running,True,1,1,0,"{""prometheus"": 0}","{""prometheus"": ""running""}",5,1,1,desktop-control-plane,True,"{""desktop-control-plane"": true}"
2026-09-21T23:54:48.518Z,rabbitmq-5cdf8f76b7-bwghx,0ac06c65-14a9-4bd2-b5d4-7f2a22c1c4a6,rabbitmq,Running,True,1,1,3,"{""rabbitmq"": 3}","{""rabbitmq"": ""running""}",5,1,1,desktop-control-plane,True,"{""desktop-control-plane"": true}"
2026-09-21T23:54:48.518Z,worker-5b55666b44-rqchq,2dd0ad98-71ab-4a3b-b534-291680e82fe2,worker,Running,True,1,1,3,"{""worker"": 3}","{""worker"": ""running""}",5,1,1,desktop-control-plane,True,"{""desktop-control-plane"": true}"
2026-09-21T23:54:53.518Z,api-5b87c4c9d-4rdfr,0ba2a84e-7a64-4d6c-b069-c87fb163817e,api,Running,True,1,1,0,"{""api"": 0}","{""api"": ""running""}",5,1,1,desktop-control-plane,True,"{""desktop-control-plane"": true}"
2026-09-21T23:54:53.518Z,api-5b87c4c9d-bgjmc,58bf0b06-1756-41c9-8d31-da9f65bb9aa2,api,Running,True,1,1,0,"{""api"": 0}","{""api"": ""running""}",5,1,1,desktop-control-plane,True,"{""desktop-control-plane"": true}"
2026-09-21T23:54:53.518Z,api-5b87c4c9d-d8mjc,972b3be6-876b-4312-99a2-0275f53a45e4,api,Running,True,1,1,0,"{""api"": 0}","{""api"": ""running""}",5,1,1,desktop-control-plane,True,"{""desktop-control-plane"": true}"
2026-09-21T23:54:53.518Z,api-5b87c4c9d-nfcrm,16a10e06-1c63-4416-be9b-df9e5b73aa2d,api,Running,True,1,1,0,"{""api"": 0}","{""api"": ""running""}",5,1,1,desktop-control-plane,True,"{""desktop-control-plane"": true}"
2026-09-21T23:54:53.518Z,api-5b87c4c9d-t2rvj,a03004ba-9549-4635-936e-dfb50d84352f,api,Running,True,1,1,0,"{""api"": 0}","{""api"": ""running""}",5,1,1,desktop-control-plane,True,"{""desktop-control-plane"": true}"
2026-09-21T23:54:53.518Z,gateway-856744bb66-hzcvr,cc510c63-0609-4870-b9ca-abd3e21ac480,gateway,Running,True,1,1,1,"{""gateway"": 1}","{""gateway"": ""running""}",5,1,1,desktop-control-plane,True,"{""desktop-control-plane"": true}"
2026-09-21T23:54:53.518Z,jaeger-7cc9b664cc-jt9fj,21942cdb-b601-447a-bf38-ba3b861fe91b,jaeger,Running,True,1,1,0,"{""jaeger"": 0}","{""jaeger"": ""running""}",5,1,1,desktop-control-plane,True,"{""desktop-control-plane"": true}"
2026-09-21T23:54:53.518Z,k6-c4-run-2-kdst7,6c2bb38b-b7e5-4a5d-9099-83d4dcba6c7d,k6,Running,True,1,1,0,"{""k6"": 0}","{""k6"": ""running""}",5,1,1,desktop-control-plane,True,"{""desktop-control-plane"": true}"
2026-09-21T23:54:53.518Z,otel-collector-7c765745bf-q69jh,9ea6d084-d3d7-4c16-a0d5-9b1cc10530b3,otel-collector,Running,True,1,1,0,"{""otel-collector"": 0}","{""otel-collector"": ""running""}",5,1,1,desktop-control-plane,True,"{""desktop-control-plane"": true}"
2026-09-21T23:54:53.518Z,postgres-676cc4986c-65g8j,208c1990-5e96-493e-951b-3925c343082b,postgres,Running,True,1,1,0,"{""postgres"": 0}","{""postgres"": ""running""}",5,1,1,desktop-control-plane,True,"{""desktop-control-plane"": true}"
2026-09-21T23:54:53.518Z,prometheus-59f5cf7468-mtx8z,59cbbbaf-6dcc-47ec-97ed-1794e4b0c8e8,prometheus,Running,True,1,1,0,"{""prometheus"": 0}","{""prometheus"": ""running""}",5,1,1,desktop-control-plane,True,"{""desktop-control-plane"": true}"
2026-09-21T23:54:53.518Z,rabbitmq-5cdf8f76b7-bwghx,0ac06c65-14a9-4bd2-b5d4-7f2a22c1c4a6,rabbitmq,Running,True,1,1,3,"{""rabbitmq"": 3}","{""rabbitmq"": ""running""}",5,1,1,desktop-control-plane,True,"{""desktop-control-plane"": true}"
2026-09-21T23:54:53.518Z,worker-5b55666b44-rqchq,2dd0ad98-71ab-4a3b-b534-291680e82fe2,worker,Running,True,1,1,3,"{""worker"": 3}","{""worker"": ""running""}",5,1,1,desktop-control-plane,True,"{""desktop-control-plane"": true}"
2026-09-21T23:54:58.519Z,api-5b87c4c9d-4rdfr,0ba2a84e-7a64-4d6c-b069-c87fb163817e,api,Running,True,1,1,0,"{""api"": 0}","{""api"": ""running""}",5,1,1,desktop-control-plane,True,"{""desktop-control-plane"": true}"
2026-09-21T23:54:58.519Z,api-5b87c4c9d-bgjmc,58bf0b06-1756-41c9-8d31-da9f65bb9aa2,api,Running,True,1,1,0,"{""api"": 0}","{""api"": ""running""}",5,1,1,desktop-control-plane,True,"{""desktop-control-plane"": true}"
2026-09-21T23:54:58.519Z,api-5b87c4c9d-d8mjc,972b3be6-876b-4312-99a2-0275f53a45e4,api,Running,True,1,1,0,"{""api"": 0}","{""api"": ""running""}",5,1,1,desktop-control-plane,True,"{""desktop-control-plane"": true}"
2026-09-21T23:54:58.519Z,api-5b87c4c9d-nfcrm,16a10e06-1c63-4416-be9b-df9e5b73aa2d,api,Running,True,1,1,0,"{""api"": 0}","{""api"": ""running""}",5,1,1,desktop-control-plane,True,"{""desktop-control-plane"": true}"
2026-09-21T23:54:58.519Z,api-5b87c4c9d-t2rvj,a03004ba-9549-4635-936e-dfb50d84352f,api,Running,True,1,1,0,"{""api"": 0}","{""api"": ""running""}",5,1,1,desktop-control-plane,True,"{""desktop-control-plane"": true}"
2026-09-21T23:54:58.519Z,gateway-856744bb66-hzcvr,cc510c63-0609-4870-b9ca-abd3e21ac480,gateway,Running,True,1,1,1,"{""gateway"": 1}","{""gateway"": ""running""}",5,1,1,desktop-control-plane,True,"{""desktop-control-plane"": true}"
2026-09-21T23:54:58.519Z,jaeger-7cc9b664cc-jt9fj,21942cdb-b601-447a-bf38-ba3b861fe91b,jaeger,Running,True,1,1,0,"{""jaeger"": 0}","{""jaeger"": ""running""}",5,1,1,desktop-control-plane,True,"{""desktop-control-plane"": true}"
2026-09-21T23:54:58.519Z,k6-c4-run-2-kdst7,6c2bb38b-b7e5-4a5d-9099-83d4dcba6c7d,k6,Running,True,1,1,0,"{""k6"": 0}","{""k6"": ""running""}",5,1,1,desktop-control-plane,True,"{""desktop-control-plane"": true}"
2026-09-21T23:54:58.519Z,otel-collector-7c765745bf-q69jh,9ea6d084-d3d7-4c16-a0d5-9b1cc10530b3,otel-collector,Running,True,1,1,0,"{""otel-collector"": 0}","{""otel-collector"": ""running""}",5,1,1,desktop-control-plane,True,"{""desktop-control-plane"": true}"
2026-09-21T23:54:58.519Z,postgres-676cc4986c-65g8j,208c1990-5e96-493e-951b-3925c343082b,postgres,Running,True,1,1,0,"{""postgres"": 0}","{""postgres"": ""running""}",5,1,1,desktop-control-plane,True,"{""desktop-control-plane"": true}"
2026-09-21T23:54:58.519Z,prometheus-59f5cf7468-mtx8z,59cbbbaf-6dcc-47ec-97ed-1794e4b0c8e8,prometheus,Running,True,1,1,0,"{""prometheus"": 0}","{""prometheus"": ""running""}",5,1,1,desktop-control-plane,True,"{""desktop-control-plane"": true}"
2026-09-21T23:54:58.519Z,rabbitmq-5cdf8f76b7-bwghx,0ac06c65-14a9-4bd2-b5d4-7f2a22c1c4a6,rabbitmq,Running,True,1,1,3,"{""rabbitmq"": 3}","{""rabbitmq"": ""running""}",5,1,1,desktop-control-plane,True,"{""desktop-control-plane"": true}"
2026-09-21T23:54:58.519Z,worker-5b55666b44-rqchq,2dd0ad98-71ab-4a3b-b534-291680e82fe2,worker,Running,True,1,1,3,"{""worker"": 3}","{""worker"": ""running""}",5,1,1,desktop-control-plane,True,"{""desktop-control-plane"": true}"
2026-09-21T23:55:03.519Z,api-5b87c4c9d-4rdfr,0ba2a84e-7a64-4d6c-b069-c87fb163817e,api,Running,True,1,1,0,"{""api"": 0}","{""api"": ""running""}",5,1,1,desktop-control-plane,True,"{""desktop-control-plane"": true}"
2026-09-21T23:55:03.519Z,api-5b87c4c9d-bgjmc,58bf0b06-1756-41c9-8d31-da9f65bb9aa2,api,Running,True,1,1,0,"{""api"": 0}","{""api"": ""running""}",5,1,1,desktop-control-plane,True,"{""desktop-control-plane"": true}"
2026-09-21T23:55:03.519Z,api-5b87c4c9d-d8mjc,972b3be6-876b-4312-99a2-0275f53a45e4,api,Running,True,1,1,0,"{""api"": 0}","{""api"": ""running""}",5,1,1,desktop-control-plane,True,"{""desktop-control-plane"": true}"
2026-09-21T23:55:03.519Z,api-5b87c4c9d-nfcrm,16a10e06-1c63-4416-be9b-df9e5b73aa2d,api,Running,True,1,1,0,"{""api"": 0}","{""api"": ""running""}",5,1,1,desktop-control-plane,True,"{""desktop-control-plane"": true}"
2026-09-21T23:55:03.519Z,api-5b87c4c9d-t2rvj,a03004ba-9549-4635-936e-dfb50d84352f,api,Running,True,1,1,0,"{""api"": 0}","{""api"": ""running""}",5,1,1,desktop-control-plane,True,"{""desktop-control-plane"": true}"
2026-09-21T23:55:03.519Z,gateway-856744bb66-hzcvr,cc510c63-0609-4870-b9ca-abd3e21ac480,gateway,Running,True,1,1,1,"{""gateway"": 1}","{""gateway"": ""running""}",5,1,1,desktop-control-plane,True,"{""desktop-control-plane"": true}"
2026-09-21T23:55:03.519Z,jaeger-7cc9b664cc-jt9fj,21942cdb-b601-447a-bf38-ba3b861fe91b,jaeger,Running,True,1,1,0,"{""jaeger"": 0}","{""jaeger"": ""running""}",5,1,1,desktop-control-plane,True,"{""desktop-control-plane"": true}"
2026-09-21T23:55:03.519Z,k6-c4-run-2-kdst7,6c2bb38b-b7e5-4a5d-9099-83d4dcba6c7d,k6,Running,True,1,1,0,"{""k6"": 0}","{""k6"": ""running""}",5,1,1,desktop-control-plane,True,"{""desktop-control-plane"": true}"
2026-09-21T23:55:03.519Z,otel-collector-7c765745bf-q69jh,9ea6d084-d3d7-4c16-a0d5-9b1cc10530b3,otel-collector,Running,True,1,1,0,"{""otel-collector"": 0}","{""otel-collector"": ""running""}",5,1,1,desktop-control-plane,True,"{""desktop-control-plane"": true}"
2026-09-21T23:55:03.519Z,postgres-676cc4986c-65g8j,208c1990-5e96-493e-951b-3925c343082b,postgres,Running,True,1,1,0,"{""postgres"": 0}","{""postgres"": ""running""}",5,1,1,desktop-control-plane,True,"{""desktop-control-plane"": true}"
2026-09-21T23:55:03.519Z,prometheus-59f5cf7468-mtx8z,59cbbbaf-6dcc-47ec-97ed-1794e4b0c8e8,prometheus,Running,True,1,1,0,"{""prometheus"": 0}","{""prometheus"": ""running""}",5,1,1,desktop-control-plane,True,"{""desktop-control-plane"": true}"
2026-09-21T23:55:03.519Z,rabbitmq-5cdf8f76b7-bwghx,0ac06c65-14a9-4bd2-b5d4-7f2a22c1c4a6,rabbitmq,Running,True,1,1,3,"{""rabbitmq"": 3}","{""rabbitmq"": ""running""}",5,1,1,desktop-control-plane,True,"{""desktop-control-plane"": true}"
2026-09-21T23:55:03.519Z,worker-5b55666b44-rqchq,2dd0ad98-71ab-4a3b-b534-291680e82fe2,worker,Running,True,1,1,3,"{""worker"": 3}","{""worker"": ""running""}",5,1,1,desktop-control-plane,True,"{""desktop-control-plane"": true}"
2026-09-21T23:55:08.519Z,api-5b87c4c9d-4rdfr,0ba2a84e-7a64-4d6c-b069-c87fb163817e,api,Running,True,1,1,0,"{""api"": 0}","{""api"": ""running""}",5,1,1,desktop-control-plane,True,"{""desktop-control-plane"": true}"
2026-09-21T23:55:08.519Z,api-5b87c4c9d-bgjmc,58bf0b06-1756-41c9-8d31-da9f65bb9aa2,api,Running,True,1,1,0,"{""api"": 0}","{""api"": ""running""}",5,1,1,desktop-control-plane,True,"{""desktop-control-plane"": true}"
2026-09-21T23:55:08.519Z,api-5b87c4c9d-d8mjc,972b3be6-876b-4312-99a2-0275f53a45e4,api,Running,True,1,1,0,"{""api"": 0}","{""api"": ""running""}",5,1,1,desktop-control-plane,True,"{""desktop-control-plane"": true}"
2026-09-21T23:55:08.519Z,api-5b87c4c9d-nfcrm,16a10e06-1c63-4416-be9b-df9e5b73aa2d,api,Running,True,1,1,0,"{""api"": 0}","{""api"": ""running""}",5,1,1,desktop-control-plane,True,"{""desktop-control-plane"": true}"
2026-09-21T23:55:08.519Z,api-5b87c4c9d-t2rvj,a03004ba-9549-4635-936e-dfb50d84352f,api,Running,True,1,1,0,"{""api"": 0}","{""api"": ""running""}",5,1,1,desktop-control-plane,True,"{""desktop-control-plane"": true}"
2026-09-21T23:55:08.519Z,gateway-856744bb66-hzcvr,cc510c63-0609-4870-b9ca-abd3e21ac480,gateway,Running,True,1,1,1,"{""gateway"": 1}","{""gateway"": ""running""}",5,1,1,desktop-control-plane,True,"{""desktop-control-plane"": true}"
2026-09-21T23:55:08.519Z,jaeger-7cc9b664cc-jt9fj,21942cdb-b601-447a-bf38-ba3b861fe91b,jaeger,Running,True,1,1,0,"{""jaeger"": 0}","{""jaeger"": ""running""}",5,1,1,desktop-control-plane,True,"{""desktop-control-plane"": true}"
2026-09-21T23:55:08.519Z,k6-c4-run-2-kdst7,6c2bb38b-b7e5-4a5d-9099-83d4dcba6c7d,k6,Running,True,1,1,0,"{""k6"": 0}","{""k6"": ""running""}",5,1,1,desktop-control-plane,True,"{""desktop-control-plane"": true}"
2026-09-21T23:55:08.519Z,otel-collector-7c765745bf-q69jh,9ea6d084-d3d7-4c16-a0d5-9b1cc10530b3,otel-collector,Running,True,1,1,0,"{""otel-collector"": 0}","{""otel-collector"": ""running""}",5,1,1,desktop-control-plane,True,"{""desktop-control-plane"": true}"
2026-09-21T23:55:08.519Z,postgres-676cc4986c-65g8j,208c1990-5e96-493e-951b-3925c343082b,postgres,Running,True,1,1,0,"{""postgres"": 0}","{""postgres"": ""running""}",5,1,1,desktop-control-plane,True,"{""desktop-control-plane"": true}"
2026-09-21T23:55:08.519Z,prometheus-59f5cf7468-mtx8z,59cbbbaf-6dcc-47ec-97ed-1794e4b0c8e8,prometheus,Running,True,1,1,0,"{""prometheus"": 0}","{""prometheus"": ""running""}",5,1,1,desktop-control-plane,True,"{""desktop-control-plane"": true}"
2026-09-21T23:55:08.519Z,rabbitmq-5cdf8f76b7-bwghx,0ac06c65-14a9-4bd2-b5d4-7f2a22c1c4a6,rabbitmq,Running,True,1,1,3,"{""rabbitmq"": 3}","{""rabbitmq"": ""running""}",5,1,1,desktop-control-plane,True,"{""desktop-control-plane"": true}"
2026-09-21T23:55:08.519Z,worker-5b55666b44-rqchq,2dd0ad98-71ab-4a3b-b534-291680e82fe2,worker,Running,True,1,1,3,"{""worker"": 3}","{""worker"": ""running""}",5,1,1,desktop-control-plane,True,"{""desktop-control-plane"": true}"
2026-09-21T23:55:13.520Z,api-5b87c4c9d-4rdfr,0ba2a84e-7a64-4d6c-b069-c87fb163817e,api,Running,True,1,1,0,"{""api"": 0}","{""api"": ""running""}",5,1,1,desktop-control-plane,True,"{""desktop-control-plane"": true}"
2026-09-21T23:55:13.520Z,api-5b87c4c9d-bgjmc,58bf0b06-1756-41c9-8d31-da9f65bb9aa2,api,Running,True,1,1,0,"{""api"": 0}","{""api"": ""running""}",5,1,1,desktop-control-plane,True,"{""desktop-control-plane"": true}"
2026-09-21T23:55:13.520Z,api-5b87c4c9d-d8mjc,972b3be6-876b-4312-99a2-0275f53a45e4,api,Running,True,1,1,0,"{""api"": 0}","{""api"": ""running""}",5,1,1,desktop-control-plane,True,"{""desktop-control-plane"": true}"
2026-09-21T23:55:13.520Z,api-5b87c4c9d-nfcrm,16a10e06-1c63-4416-be9b-df9e5b73aa2d,api,Running,True,1,1,0,"{""api"": 0}","{""api"": ""running""}",5,1,1,desktop-control-plane,True,"{""desktop-control-plane"": true}"
2026-09-21T23:55:13.520Z,api-5b87c4c9d-t2rvj,a03004ba-9549-4635-936e-dfb50d84352f,api,Running,True,1,1,0,"{""api"": 0}","{""api"": ""running""}",5,1,1,desktop-control-plane,True,"{""desktop-control-plane"": true}"
2026-09-21T23:55:13.520Z,gateway-856744bb66-hzcvr,cc510c63-0609-4870-b9ca-abd3e21ac480,gateway,Running,True,1,1,1,"{""gateway"": 1}","{""gateway"": ""running""}",5,1,1,desktop-control-plane,True,"{""desktop-control-plane"": true}"
2026-09-21T23:55:13.520Z,jaeger-7cc9b664cc-jt9fj,21942cdb-b601-447a-bf38-ba3b861fe91b,jaeger,Running,True,1,1,0,"{""jaeger"": 0}","{""jaeger"": ""running""}",5,1,1,desktop-control-plane,True,"{""desktop-control-plane"": true}"
2026-09-21T23:55:13.520Z,k6-c4-run-2-kdst7,6c2bb38b-b7e5-4a5d-9099-83d4dcba6c7d,k6,Running,True,1,1,0,"{""k6"": 0}","{""k6"": ""running""}",5,1,1,desktop-control-plane,True,"{""desktop-control-plane"": true}"
2026-09-21T23:55:13.520Z,otel-collector-7c765745bf-q69jh,9ea6d084-d3d7-4c16-a0d5-9b1cc10530b3,otel-collector,Running,True,1,1,0,"{""otel-collector"": 0}","{""otel-collector"": ""running""}",5,1,1,desktop-control-plane,True,"{""desktop-control-plane"": true}"
2026-09-21T23:55:13.520Z,postgres-676cc4986c-65g8j,208c1990-5e96-493e-951b-3925c343082b,postgres,Running,True,1,1,0,"{""postgres"": 0}","{""postgres"": ""running""}",5,1,1,desktop-control-plane,True,"{""desktop-control-plane"": true}"
2026-09-21T23:55:13.520Z,prometheus-59f5cf7468-mtx8z,59cbbbaf-6dcc-47ec-97ed-1794e4b0c8e8,prometheus,Running,True,1,1,0,"{""prometheus"": 0}","{""prometheus"": ""running""}",5,1,1,desktop-control-plane,True,"{""desktop-control-plane"": true}"
2026-09-21T23:55:13.520Z,rabbitmq-5cdf8f76b7-bwghx,0ac06c65-14a9-4bd2-b5d4-7f2a22c1c4a6,rabbitmq,Running,True,1,1,3,"{""rabbitmq"": 3}","{""rabbitmq"": ""running""}",5,1,1,desktop-control-plane,True,"{""desktop-control-plane"": true}"
2026-09-21T23:55:13.520Z,worker-5b55666b44-rqchq,2dd0ad98-71ab-4a3b-b534-291680e82fe2,worker,Running,True,1,1,3,"{""worker"": 3}","{""worker"": ""running""}",5,1,1,desktop-control-plane,True,"{""desktop-control-plane"": true}"
2026-09-21T23:55:18.520Z,api-5b87c4c9d-4rdfr,0ba2a84e-7a64-4d6c-b069-c87fb163817e,api,Running,True,1,1,0,"{""api"": 0}","{""api"": ""running""}",5,1,1,desktop-control-plane,True,"{""desktop-control-plane"": true}"
2026-09-21T23:55:18.520Z,api-5b87c4c9d-bgjmc,58bf0b06-1756-41c9-8d31-da9f65bb9aa2,api,Running,True,1,1,0,"{""api"": 0}","{""api"": ""running""}",5,1,1,desktop-control-plane,True,"{""desktop-control-plane"": true}"
2026-09-21T23:55:18.520Z,api-5b87c4c9d-d8mjc,972b3be6-876b-4312-99a2-0275f53a45e4,api,Running,True,1,1,0,"{""api"": 0}","{""api"": ""running""}",5,1,1,desktop-control-plane,True,"{""desktop-control-plane"": true}"
2026-09-21T23:55:18.520Z,api-5b87c4c9d-nfcrm,16a10e06-1c63-4416-be9b-df9e5b73aa2d,api,Running,True,1,1,0,"{""api"": 0}","{""api"": ""running""}",5,1,1,desktop-control-plane,True,"{""desktop-control-plane"": true}"
2026-09-21T23:55:18.520Z,api-5b87c4c9d-t2rvj,a03004ba-9549-4635-936e-dfb50d84352f,api,Running,True,1,1,0,"{""api"": 0}","{""api"": ""running""}",5,1,1,desktop-control-plane,True,"{""desktop-control-plane"": true}"
2026-09-21T23:55:18.520Z,gateway-856744bb66-hzcvr,cc510c63-0609-4870-b9ca-abd3e21ac480,gateway,Running,True,1,1,1,"{""gateway"": 1}","{""gateway"": ""running""}",5,1,1,desktop-control-plane,True,"{""desktop-control-plane"": true}"
2026-09-21T23:55:18.520Z,jaeger-7cc9b664cc-jt9fj,21942cdb-b601-447a-bf38-ba3b861fe91b,jaeger,Running,True,1,1,0,"{""jaeger"": 0}","{""jaeger"": ""running""}",5,1,1,desktop-control-plane,True,"{""desktop-control-plane"": true}"
2026-09-21T23:55:18.520Z,k6-c4-run-2-kdst7,6c2bb38b-b7e5-4a5d-9099-83d4dcba6c7d,k6,Running,True,1,1,0,"{""k6"": 0}","{""k6"": ""running""}",5,1,1,desktop-control-plane,True,"{""desktop-control-plane"": true}"
2026-09-21T23:55:18.520Z,otel-collector-7c765745bf-q69jh,9ea6d084-d3d7-4c16-a0d5-9b1cc10530b3,otel-collector,Running,True,1,1,0,"{""otel-collector"": 0}","{""otel-collector"": ""running""}",5,1,1,desktop-control-plane,True,"{""desktop-control-plane"": true}"
2026-09-21T23:55:18.520Z,postgres-676cc4986c-65g8j,208c1990-5e96-493e-951b-3925c343082b,postgres,Running,True,1,1,0,"{""postgres"": 0}","{""postgres"": ""running""}",5,1,1,desktop-control-plane,True,"{""desktop-control-plane"": true}"
2026-09-21T23:55:18.520Z,prometheus-59f5cf7468-mtx8z,59cbbbaf-6dcc-47ec-97ed-1794e4b0c8e8,prometheus,Running,True,1,1,0,"{""prometheus"": 0}","{""prometheus"": ""running""}",5,1,1,desktop-control-plane,True,"{""desktop-control-plane"": true}"
2026-09-21T23:55:18.520Z,rabbitmq-5cdf8f76b7-bwghx,0ac06c65-14a9-4bd2-b5d4-7f2a22c1c4a6,rabbitmq,Running,True,1,1,3,"{""rabbitmq"": 3}","{""rabbitmq"": ""running""}",5,1,1,desktop-control-plane,True,"{""desktop-control-plane"": true}"
2026-09-21T23:55:18.520Z,worker-5b55666b44-rqchq,2dd0ad98-71ab-4a3b-b534-291680e82fe2,worker,Running,True,1,1,3,"{""worker"": 3}","{""worker"": ""running""}",5,1,1,desktop-control-plane,True,"{""desktop-control-plane"": true}"
2026-09-21T23:55:23.520Z,api-5b87c4c9d-4rdfr,0ba2a84e-7a64-4d6c-b069-c87fb163817e,api,Running,True,1,1,0,"{""api"": 0}","{""api"": ""running""}",5,1,1,desktop-control-plane,True,"{""desktop-control-plane"": true}"
2026-09-21T23:55:23.520Z,api-5b87c4c9d-bgjmc,58bf0b06-1756-41c9-8d31-da9f65bb9aa2,api,Running,True,1,1,0,"{""api"": 0}","{""api"": ""running""}",5,1,1,desktop-control-plane,True,"{""desktop-control-plane"": true}"
2026-09-21T23:55:23.520Z,api-5b87c4c9d-d8mjc,972b3be6-876b-4312-99a2-0275f53a45e4,api,Running,True,1,1,0,"{""api"": 0}","{""api"": ""running""}",5,1,1,desktop-control-plane,True,"{""desktop-control-plane"": true}"
2026-09-21T23:55:23.520Z,api-5b87c4c9d-nfcrm,16a10e06-1c63-4416-be9b-df9e5b73aa2d,api,Running,True,1,1,0,"{""api"": 0}","{""api"": ""running""}",5,1,1,desktop-control-plane,True,"{""desktop-control-plane"": true}"
2026-09-21T23:55:23.520Z,api-5b87c4c9d-t2rvj,a03004ba-9549-4635-936e-dfb50d84352f,api,Running,True,1,1,0,"{""api"": 0}","{""api"": ""running""}",5,1,1,desktop-control-plane,True,"{""desktop-control-plane"": true}"
2026-09-21T23:55:23.520Z,gateway-856744bb66-hzcvr,cc510c63-0609-4870-b9ca-abd3e21ac480,gateway,Running,True,1,1,1,"{""gateway"": 1}","{""gateway"": ""running""}",5,1,1,desktop-control-plane,True,"{""desktop-control-plane"": true}"
2026-09-21T23:55:23.520Z,jaeger-7cc9b664cc-jt9fj,21942cdb-b601-447a-bf38-ba3b861fe91b,jaeger,Running,True,1,1,0,"{""jaeger"": 0}","{""jaeger"": ""running""}",5,1,1,desktop-control-plane,True,"{""desktop-control-plane"": true}"
2026-09-21T23:55:23.520Z,otel-collector-7c765745bf-q69jh,9ea6d084-d3d7-4c16-a0d5-9b1cc10530b3,otel-collector,Running,True,1,1,0,"{""otel-collector"": 0}","{""otel-collector"": ""running""}",5,1,1,desktop-control-plane,True,"{""desktop-control-plane"": true}"
2026-09-21T23:55:23.520Z,postgres-676cc4986c-65g8j,208c1990-5e96-493e-951b-3925c343082b,postgres,Running,True,1,1,0,"{""postgres"": 0}","{""postgres"": ""running""}",5,1,1,desktop-control-plane,True,"{""desktop-control-plane"": true}"
2026-09-21T23:55:23.520Z,prometheus-59f5cf7468-mtx8z,59cbbbaf-6dcc-47ec-97ed-1794e4b0c8e8,prometheus,Running,True,1,1,0,"{""prometheus"": 0}","{""prometheus"": ""running""}",5,1,1,desktop-control-plane,True,"{""desktop-control-plane"": true}"
2026-09-21T23:55:23.520Z,rabbitmq-5cdf8f76b7-bwghx,0ac06c65-14a9-4bd2-b5d4-7f2a22c1c4a6,rabbitmq,Running,True,1,1,3,"{""rabbitmq"": 3}","{""rabbitmq"": ""running""}",5,1,1,desktop-control-plane,True,"{""desktop-control-plane"": true}"
2026-09-21T23:55:23.520Z,worker-5b55666b44-rqchq,2dd0ad98-71ab-4a3b-b534-291680e82fe2,worker,Running,True,1,1,3,"{""worker"": 3}","{""worker"": ""running""}",5,1,1,desktop-control-plane,True,"{""desktop-control-plane"": true}"
2026-09-21T23:55:28.521Z,api-5b87c4c9d-4rdfr,0ba2a84e-7a64-4d6c-b069-c87fb163817e,api,Running,True,1,1,0,"{""api"": 0}","{""api"": ""running""}",5,1,1,desktop-control-plane,True,"{""desktop-control-plane"": true}"
2026-09-21T23:55:28.521Z,api-5b87c4c9d-bgjmc,58bf0b06-1756-41c9-8d31-da9f65bb9aa2,api,Running,True,1,1,0,"{""api"": 0}","{""api"": ""running""}",5,1,1,desktop-control-plane,True,"{""desktop-control-plane"": true}"
2026-09-21T23:55:28.521Z,api-5b87c4c9d-d8mjc,972b3be6-876b-4312-99a2-0275f53a45e4,api,Running,True,1,1,0,"{""api"": 0}","{""api"": ""running""}",5,1,1,desktop-control-plane,True,"{""desktop-control-plane"": true}"
2026-09-21T23:55:28.521Z,api-5b87c4c9d-nfcrm,16a10e06-1c63-4416-be9b-df9e5b73aa2d,api,Running,True,1,1,0,"{""api"": 0}","{""api"": ""running""}",5,1,1,desktop-control-plane,True,"{""desktop-control-plane"": true}"
2026-09-21T23:55:28.521Z,api-5b87c4c9d-t2rvj,a03004ba-9549-4635-936e-dfb50d84352f,api,Running,True,1,1,0,"{""api"": 0}","{""api"": ""running""}",5,1,1,desktop-control-plane,True,"{""desktop-control-plane"": true}"
2026-09-21T23:55:28.521Z,gateway-856744bb66-hzcvr,cc510c63-0609-4870-b9ca-abd3e21ac480,gateway,Running,True,1,1,1,"{""gateway"": 1}","{""gateway"": ""running""}",5,1,1,desktop-control-plane,True,"{""desktop-control-plane"": true}"
2026-09-21T23:55:28.521Z,jaeger-7cc9b664cc-jt9fj,21942cdb-b601-447a-bf38-ba3b861fe91b,jaeger,Running,True,1,1,0,"{""jaeger"": 0}","{""jaeger"": ""running""}",5,1,1,desktop-control-plane,True,"{""desktop-control-plane"": true}"
2026-09-21T23:55:28.521Z,otel-collector-7c765745bf-q69jh,9ea6d084-d3d7-4c16-a0d5-9b1cc10530b3,otel-collector,Running,True,1,1,0,"{""otel-collector"": 0}","{""otel-collector"": ""running""}",5,1,1,desktop-control-plane,True,"{""desktop-control-plane"": true}"
2026-09-21T23:55:28.521Z,postgres-676cc4986c-65g8j,208c1990-5e96-493e-951b-3925c343082b,postgres,Running,True,1,1,0,"{""postgres"": 0}","{""postgres"": ""running""}",5,1,1,desktop-control-plane,True,"{""desktop-control-plane"": true}"
2026-09-21T23:55:28.521Z,prometheus-59f5cf7468-mtx8z,59cbbbaf-6dcc-47ec-97ed-1794e4b0c8e8,prometheus,Running,True,1,1,0,"{""prometheus"": 0}","{""prometheus"": ""running""}",5,1,1,desktop-control-plane,True,"{""desktop-control-plane"": true}"
2026-09-21T23:55:28.521Z,rabbitmq-5cdf8f76b7-bwghx,0ac06c65-14a9-4bd2-b5d4-7f2a22c1c4a6,rabbitmq,Running,True,1,1,3,"{""rabbitmq"": 3}","{""rabbitmq"": ""running""}",5,1,1,desktop-control-plane,True,"{""desktop-control-plane"": true}"
2026-09-21T23:55:28.521Z,worker-5b55666b44-rqchq,2dd0ad98-71ab-4a3b-b534-291680e82fe2,worker,Running,True,1,1,3,"{""worker"": 3}","{""worker"": ""running""}",5,1,1,desktop-control-plane,True,"{""desktop-control-plane"": true}"
2026-09-21T23:55:33.521Z,api-5b87c4c9d-4rdfr,0ba2a84e-7a64-4d6c-b069-c87fb163817e,api,Running,True,1,1,0,"{""api"": 0}","{""api"": ""running""}",5,1,1,desktop-control-plane,True,"{""desktop-control-plane"": true}"
2026-09-21T23:55:33.521Z,api-5b87c4c9d-bgjmc,58bf0b06-1756-41c9-8d31-da9f65bb9aa2,api,Running,True,1,1,0,"{""api"": 0}","{""api"": ""running""}",5,1,1,desktop-control-plane,True,"{""desktop-control-plane"": true}"
2026-09-21T23:55:33.521Z,api-5b87c4c9d-d8mjc,972b3be6-876b-4312-99a2-0275f53a45e4,api,Running,True,1,1,0,"{""api"": 0}","{""api"": ""running""}",5,1,1,desktop-control-plane,True,"{""desktop-control-plane"": true}"
2026-09-21T23:55:33.521Z,api-5b87c4c9d-nfcrm,16a10e06-1c63-4416-be9b-df9e5b73aa2d,api,Running,True,1,1,0,"{""api"": 0}","{""api"": ""running""}",5,1,1,desktop-control-plane,True,"{""desktop-control-plane"": true}"
2026-09-21T23:55:33.521Z,api-5b87c4c9d-t2rvj,a03004ba-9549-4635-936e-dfb50d84352f,api,Running,True,1,1,0,"{""api"": 0}","{""api"": ""running""}",5,1,1,desktop-control-plane,True,"{""desktop-control-plane"": true}"
2026-09-21T23:55:33.521Z,gateway-856744bb66-hzcvr,cc510c63-0609-4870-b9ca-abd3e21ac480,gateway,Running,True,1,1,1,"{""gateway"": 1}","{""gateway"": ""running""}",5,1,1,desktop-control-plane,True,"{""desktop-control-plane"": true}"
2026-09-21T23:55:33.521Z,jaeger-7cc9b664cc-jt9fj,21942cdb-b601-447a-bf38-ba3b861fe91b,jaeger,Running,True,1,1,0,"{""jaeger"": 0}","{""jaeger"": ""running""}",5,1,1,desktop-control-plane,True,"{""desktop-control-plane"": true}"
2026-09-21T23:55:33.521Z,otel-collector-7c765745bf-q69jh,9ea6d084-d3d7-4c16-a0d5-9b1cc10530b3,otel-collector,Running,True,1,1,0,"{""otel-collector"": 0}","{""otel-collector"": ""running""}",5,1,1,desktop-control-plane,True,"{""desktop-control-plane"": true}"
2026-09-21T23:55:33.521Z,postgres-676cc4986c-65g8j,208c1990-5e96-493e-951b-3925c343082b,postgres,Running,True,1,1,0,"{""postgres"": 0}","{""postgres"": ""running""}",5,1,1,desktop-control-plane,True,"{""desktop-control-plane"": true}"
2026-09-21T23:55:33.521Z,prometheus-59f5cf7468-mtx8z,59cbbbaf-6dcc-47ec-97ed-1794e4b0c8e8,prometheus,Running,True,1,1,0,"{""prometheus"": 0}","{""prometheus"": ""running""}",5,1,1,desktop-control-plane,True,"{""desktop-control-plane"": true}"
2026-09-21T23:55:33.521Z,rabbitmq-5cdf8f76b7-bwghx,0ac06c65-14a9-4bd2-b5d4-7f2a22c1c4a6,rabbitmq,Running,True,1,1,3,"{""rabbitmq"": 3}","{""rabbitmq"": ""running""}",5,1,1,desktop-control-plane,True,"{""desktop-control-plane"": true}"
2026-09-21T23:55:33.521Z,worker-5b55666b44-rqchq,2dd0ad98-71ab-4a3b-b534-291680e82fe2,worker,Running,True,1,1,3,"{""worker"": 3}","{""worker"": ""running""}",5,1,1,desktop-control-plane,True,"{""desktop-control-plane"": true}"
2026-09-21T23:55:38.521Z,api-5b87c4c9d-4rdfr,0ba2a84e-7a64-4d6c-b069-c87fb163817e,api,Running,True,1,1,0,"{""api"": 0}","{""api"": ""running""}",5,1,1,desktop-control-plane,True,"{""desktop-control-plane"": true}"
2026-09-21T23:55:38.521Z,api-5b87c4c9d-bgjmc,58bf0b06-1756-41c9-8d31-da9f65bb9aa2,api,Running,True,1,1,0,"{""api"": 0}","{""api"": ""running""}",5,1,1,desktop-control-plane,True,"{""desktop-control-plane"": true}"
2026-09-21T23:55:38.521Z,api-5b87c4c9d-d8mjc,972b3be6-876b-4312-99a2-0275f53a45e4,api,Running,True,1,1,0,"{""api"": 0}","{""api"": ""running""}",5,1,1,desktop-control-plane,True,"{""desktop-control-plane"": true}"
2026-09-21T23:55:38.521Z,api-5b87c4c9d-nfcrm,16a10e06-1c63-4416-be9b-df9e5b73aa2d,api,Running,True,1,1,0,"{""api"": 0}","{""api"": ""running""}",5,1,1,desktop-control-plane,True,"{""desktop-control-plane"": true}"
2026-09-21T23:55:38.521Z,api-5b87c4c9d-t2rvj,a03004ba-9549-4635-936e-dfb50d84352f,api,Running,True,1,1,0,"{""api"": 0}","{""api"": ""running""}",5,1,1,desktop-control-plane,True,"{""desktop-control-plane"": true}"
2026-09-21T23:55:38.521Z,gateway-856744bb66-hzcvr,cc510c63-0609-4870-b9ca-abd3e21ac480,gateway,Running,True,1,1,1,"{""gateway"": 1}","{""gateway"": ""running""}",5,1,1,desktop-control-plane,True,"{""desktop-control-plane"": true}"
2026-09-21T23:55:38.521Z,jaeger-7cc9b664cc-jt9fj,21942cdb-b601-447a-bf38-ba3b861fe91b,jaeger,Running,True,1,1,0,"{""jaeger"": 0}","{""jaeger"": ""running""}",5,1,1,desktop-control-plane,True,"{""desktop-control-plane"": true}"
2026-09-21T23:55:38.521Z,otel-collector-7c765745bf-q69jh,9ea6d084-d3d7-4c16-a0d5-9b1cc10530b3,otel-collector,Running,True,1,1,0,"{""otel-collector"": 0}","{""otel-collector"": ""running""}",5,1,1,desktop-control-plane,True,"{""desktop-control-plane"": true}"
2026-09-21T23:55:38.521Z,postgres-676cc4986c-65g8j,208c1990-5e96-493e-951b-3925c343082b,postgres,Running,True,1,1,0,"{""postgres"": 0}","{""postgres"": ""running""}",5,1,1,desktop-control-plane,True,"{""desktop-control-plane"": true}"
2026-09-21T23:55:38.521Z,prometheus-59f5cf7468-mtx8z,59cbbbaf-6dcc-47ec-97ed-1794e4b0c8e8,prometheus,Running,True,1,1,0,"{""prometheus"": 0}","{""prometheus"": ""running""}",5,1,1,desktop-control-plane,True,"{""desktop-control-plane"": true}"
2026-09-21T23:55:38.521Z,rabbitmq-5cdf8f76b7-bwghx,0ac06c65-14a9-4bd2-b5d4-7f2a22c1c4a6,rabbitmq,Running,True,1,1,3,"{""rabbitmq"": 3}","{""rabbitmq"": ""running""}",5,1,1,desktop-control-plane,True,"{""desktop-control-plane"": true}"
2026-09-21T23:55:38.521Z,worker-5b55666b44-rqchq,2dd0ad98-71ab-4a3b-b534-291680e82fe2,worker,Running,True,1,1,3,"{""worker"": 3}","{""worker"": ""running""}",5,1,1,desktop-control-plane,True,"{""desktop-control-plane"": true}"
2026-09-21T23:55:43.521Z,api-5b87c4c9d-4rdfr,0ba2a84e-7a64-4d6c-b069-c87fb163817e,api,Running,True,1,1,0,"{""api"": 0}","{""api"": ""running""}",5,1,1,desktop-control-plane,True,"{""desktop-control-plane"": true}"
2026-09-21T23:55:43.521Z,api-5b87c4c9d-bgjmc,58bf0b06-1756-41c9-8d31-da9f65bb9aa2,api,Running,True,1,1,0,"{""api"": 0}","{""api"": ""running""}",5,1,1,desktop-control-plane,True,"{""desktop-control-plane"": true}"
2026-09-21T23:55:43.521Z,api-5b87c4c9d-d8mjc,972b3be6-876b-4312-99a2-0275f53a45e4,api,Running,True,1,1,0,"{""api"": 0}","{""api"": ""running""}",5,1,1,desktop-control-plane,True,"{""desktop-control-plane"": true}"
2026-09-21T23:55:43.521Z,api-5b87c4c9d-nfcrm,16a10e06-1c63-4416-be9b-df9e5b73aa2d,api,Running,True,1,1,0,"{""api"": 0}","{""api"": ""running""}",5,1,1,desktop-control-plane,True,"{""desktop-control-plane"": true}"
2026-09-21T23:55:43.521Z,api-5b87c4c9d-t2rvj,a03004ba-9549-4635-936e-dfb50d84352f,api,Running,True,1,1,0,"{""api"": 0}","{""api"": ""running""}",5,1,1,desktop-control-plane,True,"{""desktop-control-plane"": true}"
2026-09-21T23:55:43.521Z,gateway-856744bb66-hzcvr,cc510c63-0609-4870-b9ca-abd3e21ac480,gateway,Running,True,1,1,1,"{""gateway"": 1}","{""gateway"": ""running""}",5,1,1,desktop-control-plane,True,"{""desktop-control-plane"": true}"
2026-09-21T23:55:43.521Z,jaeger-7cc9b664cc-jt9fj,21942cdb-b601-447a-bf38-ba3b861fe91b,jaeger,Running,True,1,1,0,"{""jaeger"": 0}","{""jaeger"": ""running""}",5,1,1,desktop-control-plane,True,"{""desktop-control-plane"": true}"
2026-09-21T23:55:43.521Z,otel-collector-7c765745bf-q69jh,9ea6d084-d3d7-4c16-a0d5-9b1cc10530b3,otel-collector,Running,True,1,1,0,"{""otel-collector"": 0}","{""otel-collector"": ""running""}",5,1,1,desktop-control-plane,True,"{""desktop-control-plane"": true}"
2026-09-21T23:55:43.521Z,postgres-676cc4986c-65g8j,208c1990-5e96-493e-951b-3925c343082b,postgres,Running,True,1,1,0,"{""postgres"": 0}","{""postgres"": ""running""}",5,1,1,desktop-control-plane,True,"{""desktop-control-plane"": true}"
2026-09-21T23:55:43.521Z,prometheus-59f5cf7468-mtx8z,59cbbbaf-6dcc-47ec-97ed-1794e4b0c8e8,prometheus,Running,True,1,1,0,"{""prometheus"": 0}","{""prometheus"": ""running""}",5,1,1,desktop-control-plane,True,"{""desktop-control-plane"": true}"
2026-09-21T23:55:43.521Z,rabbitmq-5cdf8f76b7-bwghx,0ac06c65-14a9-4bd2-b5d4-7f2a22c1c4a6,rabbitmq,Running,True,1,1,3,"{""rabbitmq"": 3}","{""rabbitmq"": ""running""}",5,1,1,desktop-control-plane,True,"{""desktop-control-plane"": true}"
2026-09-21T23:55:43.521Z,worker-5b55666b44-rqchq,2dd0ad98-71ab-4a3b-b534-291680e82fe2,worker,Running,True,1,1,3,"{""worker"": 3}","{""worker"": ""running""}",5,1,1,desktop-control-plane,True,"{""desktop-control-plane"": true}"
2026-09-21T23:55:48.522Z,api-5b87c4c9d-4rdfr,0ba2a84e-7a64-4d6c-b069-c87fb163817e,api,Running,True,1,1,0,"{""api"": 0}","{""api"": ""running""}",5,1,1,desktop-control-plane,True,"{""desktop-control-plane"": true}"
2026-09-21T23:55:48.522Z,api-5b87c4c9d-bgjmc,58bf0b06-1756-41c9-8d31-da9f65bb9aa2,api,Running,True,1,1,0,"{""api"": 0}","{""api"": ""running""}",5,1,1,desktop-control-plane,True,"{""desktop-control-plane"": true}"
2026-09-21T23:55:48.522Z,api-5b87c4c9d-d8mjc,972b3be6-876b-4312-99a2-0275f53a45e4,api,Running,True,1,1,0,"{""api"": 0}","{""api"": ""running""}",5,1,1,desktop-control-plane,True,"{""desktop-control-plane"": true}"
2026-09-21T23:55:48.522Z,api-5b87c4c9d-nfcrm,16a10e06-1c63-4416-be9b-df9e5b73aa2d,api,Running,True,1,1,0,"{""api"": 0}","{""api"": ""running""}",5,1,1,desktop-control-plane,True,"{""desktop-control-plane"": true}"
2026-09-21T23:55:48.522Z,api-5b87c4c9d-t2rvj,a03004ba-9549-4635-936e-dfb50d84352f,api,Running,True,1,1,0,"{""api"": 0}","{""api"": ""running""}",5,1,1,desktop-control-plane,True,"{""desktop-control-plane"": true}"
2026-09-21T23:55:48.522Z,gateway-856744bb66-hzcvr,cc510c63-0609-4870-b9ca-abd3e21ac480,gateway,Running,True,1,1,1,"{""gateway"": 1}","{""gateway"": ""running""}",5,1,1,desktop-control-plane,True,"{""desktop-control-plane"": true}"
2026-09-21T23:55:48.522Z,jaeger-7cc9b664cc-jt9fj,21942cdb-b601-447a-bf38-ba3b861fe91b,jaeger,Running,True,1,1,0,"{""jaeger"": 0}","{""jaeger"": ""running""}",5,1,1,desktop-control-plane,True,"{""desktop-control-plane"": true}"
2026-09-21T23:55:48.522Z,otel-collector-7c765745bf-q69jh,9ea6d084-d3d7-4c16-a0d5-9b1cc10530b3,otel-collector,Running,True,1,1,0,"{""otel-collector"": 0}","{""otel-collector"": ""running""}",5,1,1,desktop-control-plane,True,"{""desktop-control-plane"": true}"
2026-09-21T23:55:48.522Z,postgres-676cc4986c-65g8j,208c1990-5e96-493e-951b-3925c343082b,postgres,Running,True,1,1,0,"{""postgres"": 0}","{""postgres"": ""running""}",5,1,1,desktop-control-plane,True,"{""desktop-control-plane"": true}"
2026-09-21T23:55:48.522Z,prometheus-59f5cf7468-mtx8z,59cbbbaf-6dcc-47ec-97ed-1794e4b0c8e8,prometheus,Running,True,1,1,0,"{""prometheus"": 0}","{""prometheus"": ""running""}",5,1,1,desktop-control-plane,True,"{""desktop-control-plane"": true}"
2026-09-21T23:55:48.522Z,rabbitmq-5cdf8f76b7-bwghx,0ac06c65-14a9-4bd2-b5d4-7f2a22c1c4a6,rabbitmq,Running,True,1,1,3,"{""rabbitmq"": 3}","{""rabbitmq"": ""running""}",5,1,1,desktop-control-plane,True,"{""desktop-control-plane"": true}"
2026-09-21T23:55:48.522Z,worker-5b55666b44-rqchq,2dd0ad98-71ab-4a3b-b534-291680e82fe2,worker,Running,True,1,1,3,"{""worker"": 3}","{""worker"": ""running""}",5,1,1,desktop-control-plane,True,"{""desktop-control-plane"": true}"
2026-09-21T23:55:53.522Z,api-5b87c4c9d-4rdfr,0ba2a84e-7a64-4d6c-b069-c87fb163817e,api,Running,True,1,1,0,"{""api"": 0}","{""api"": ""running""}",5,1,1,desktop-control-plane,True,"{""desktop-control-plane"": true}"
2026-09-21T23:55:53.522Z,api-5b87c4c9d-bgjmc,58bf0b06-1756-41c9-8d31-da9f65bb9aa2,api,Running,True,1,1,0,"{""api"": 0}","{""api"": ""running""}",5,1,1,desktop-control-plane,True,"{""desktop-control-plane"": true}"
2026-09-21T23:55:53.522Z,api-5b87c4c9d-d8mjc,972b3be6-876b-4312-99a2-0275f53a45e4,api,Running,True,1,1,0,"{""api"": 0}","{""api"": ""running""}",5,1,1,desktop-control-plane,True,"{""desktop-control-plane"": true}"
2026-09-21T23:55:53.522Z,api-5b87c4c9d-nfcrm,16a10e06-1c63-4416-be9b-df9e5b73aa2d,api,Running,True,1,1,0,"{""api"": 0}","{""api"": ""running""}",5,1,1,desktop-control-plane,True,"{""desktop-control-plane"": true}"
2026-09-21T23:55:53.522Z,api-5b87c4c9d-t2rvj,a03004ba-9549-4635-936e-dfb50d84352f,api,Running,True,1,1,0,"{""api"": 0}","{""api"": ""running""}",5,1,1,desktop-control-plane,True,"{""desktop-control-plane"": true}"
2026-09-21T23:55:53.522Z,gateway-856744bb66-hzcvr,cc510c63-0609-4870-b9ca-abd3e21ac480,gateway,Running,True,1,1,1,"{""gateway"": 1}","{""gateway"": ""running""}",5,1,1,desktop-control-plane,True,"{""desktop-control-plane"": true}"
2026-09-21T23:55:53.522Z,jaeger-7cc9b664cc-jt9fj,21942cdb-b601-447a-bf38-ba3b861fe91b,jaeger,Running,True,1,1,0,"{""jaeger"": 0}","{""jaeger"": ""running""}",5,1,1,desktop-control-plane,True,"{""desktop-control-plane"": true}"
2026-09-21T23:55:53.522Z,otel-collector-7c765745bf-q69jh,9ea6d084-d3d7-4c16-a0d5-9b1cc10530b3,otel-collector,Running,True,1,1,0,"{""otel-collector"": 0}","{""otel-collector"": ""running""}",5,1,1,desktop-control-plane,True,"{""desktop-control-plane"": true}"
2026-09-21T23:55:53.522Z,postgres-676cc4986c-65g8j,208c1990-5e96-493e-951b-3925c343082b,postgres,Running,True,1,1,0,"{""postgres"": 0}","{""postgres"": ""running""}",5,1,1,desktop-control-plane,True,"{""desktop-control-plane"": true}"
2026-09-21T23:55:53.522Z,prometheus-59f5cf7468-mtx8z,59cbbbaf-6dcc-47ec-97ed-1794e4b0c8e8,prometheus,Running,True,1,1,0,"{""prometheus"": 0}","{""prometheus"": ""running""}",5,1,1,desktop-control-plane,True,"{""desktop-control-plane"": true}"
2026-09-21T23:55:53.522Z,rabbitmq-5cdf8f76b7-bwghx,0ac06c65-14a9-4bd2-b5d4-7f2a22c1c4a6,rabbitmq,Running,True,1,1,3,"{""rabbitmq"": 3}","{""rabbitmq"": ""running""}",5,1,1,desktop-control-plane,True,"{""desktop-control-plane"": true}"
2026-09-21T23:55:53.522Z,worker-5b55666b44-rqchq,2dd0ad98-71ab-4a3b-b534-291680e82fe2,worker,Running,True,1,1,3,"{""worker"": 3}","{""worker"": ""running""}",5,1,1,desktop-control-plane,True,"{""desktop-control-plane"": true}"
2026-09-21T23:55:58.522Z,api-5b87c4c9d-4rdfr,0ba2a84e-7a64-4d6c-b069-c87fb163817e,api,Running,True,1,1,0,"{""api"": 0}","{""api"": ""running""}",5,1,1,desktop-control-plane,True,"{""desktop-control-plane"": true}"
2026-09-21T23:55:58.522Z,api-5b87c4c9d-bgjmc,58bf0b06-1756-41c9-8d31-da9f65bb9aa2,api,Running,True,1,1,0,"{""api"": 0}","{""api"": ""running""}",5,1,1,desktop-control-plane,True,"{""desktop-control-plane"": true}"
2026-09-21T23:55:58.522Z,api-5b87c4c9d-d8mjc,972b3be6-876b-4312-99a2-0275f53a45e4,api,Running,True,1,1,0,"{""api"": 0}","{""api"": ""running""}",5,1,1,desktop-control-plane,True,"{""desktop-control-plane"": true}"
2026-09-21T23:55:58.522Z,api-5b87c4c9d-nfcrm,16a10e06-1c63-4416-be9b-df9e5b73aa2d,api,Running,True,1,1,0,"{""api"": 0}","{""api"": ""running""}",5,1,1,desktop-control-plane,True,"{""desktop-control-plane"": true}"
2026-09-21T23:55:58.522Z,api-5b87c4c9d-t2rvj,a03004ba-9549-4635-936e-dfb50d84352f,api,Running,True,1,1,0,"{""api"": 0}","{""api"": ""running""}",5,1,1,desktop-control-plane,True,"{""desktop-control-plane"": true}"
2026-09-21T23:55:58.522Z,gateway-856744bb66-hzcvr,cc510c63-0609-4870-b9ca-abd3e21ac480,gateway,Running,True,1,1,1,"{""gateway"": 1}","{""gateway"": ""running""}",5,1,1,desktop-control-plane,True,"{""desktop-control-plane"": true}"
2026-09-21T23:55:58.522Z,jaeger-7cc9b664cc-jt9fj,21942cdb-b601-447a-bf38-ba3b861fe91b,jaeger,Running,True,1,1,0,"{""jaeger"": 0}","{""jaeger"": ""running""}",5,1,1,desktop-control-plane,True,"{""desktop-control-plane"": true}"
2026-09-21T23:55:58.522Z,otel-collector-7c765745bf-q69jh,9ea6d084-d3d7-4c16-a0d5-9b1cc10530b3,otel-collector,Running,True,1,1,0,"{""otel-collector"": 0}","{""otel-collector"": ""running""}",5,1,1,desktop-control-plane,True,"{""desktop-control-plane"": true}"
2026-09-21T23:55:58.522Z,postgres-676cc4986c-65g8j,208c1990-5e96-493e-951b-3925c343082b,postgres,Running,True,1,1,0,"{""postgres"": 0}","{""postgres"": ""running""}",5,1,1,desktop-control-plane,True,"{""desktop-control-plane"": true}"
2026-09-21T23:55:58.522Z,prometheus-59f5cf7468-mtx8z,59cbbbaf-6dcc-47ec-97ed-1794e4b0c8e8,prometheus,Running,True,1,1,0,"{""prometheus"": 0}","{""prometheus"": ""running""}",5,1,1,desktop-control-plane,True,"{""desktop-control-plane"": true}"
2026-09-21T23:55:58.522Z,rabbitmq-5cdf8f76b7-bwghx,0ac06c65-14a9-4bd2-b5d4-7f2a22c1c4a6,rabbitmq,Running,True,1,1,3,"{""rabbitmq"": 3}","{""rabbitmq"": ""running""}",5,1,1,desktop-control-plane,True,"{""desktop-control-plane"": true}"
2026-09-21T23:55:58.522Z,worker-5b55666b44-rqchq,2dd0ad98-71ab-4a3b-b534-291680e82fe2,worker,Running,True,1,1,3,"{""worker"": 3}","{""worker"": ""running""}",5,1,1,desktop-control-plane,True,"{""desktop-control-plane"": true}"
2026-09-21T23:56:03.523Z,api-5b87c4c9d-4rdfr,0ba2a84e-7a64-4d6c-b069-c87fb163817e,api,Running,True,1,1,0,"{""api"": 0}","{""api"": ""running""}",5,1,1,desktop-control-plane,True,"{""desktop-control-plane"": true}"
2026-09-21T23:56:03.523Z,api-5b87c4c9d-bgjmc,58bf0b06-1756-41c9-8d31-da9f65bb9aa2,api,Running,True,1,1,0,"{""api"": 0}","{""api"": ""running""}",5,1,1,desktop-control-plane,True,"{""desktop-control-plane"": true}"
2026-09-21T23:56:03.523Z,api-5b87c4c9d-d8mjc,972b3be6-876b-4312-99a2-0275f53a45e4,api,Running,True,1,1,0,"{""api"": 0}","{""api"": ""running""}",5,1,1,desktop-control-plane,True,"{""desktop-control-plane"": true}"
2026-09-21T23:56:03.523Z,api-5b87c4c9d-nfcrm,16a10e06-1c63-4416-be9b-df9e5b73aa2d,api,Running,True,1,1,0,"{""api"": 0}","{""api"": ""running""}",5,1,1,desktop-control-plane,True,"{""desktop-control-plane"": true}"
2026-09-21T23:56:03.523Z,api-5b87c4c9d-t2rvj,a03004ba-9549-4635-936e-dfb50d84352f,api,Running,True,1,1,0,"{""api"": 0}","{""api"": ""running""}",5,1,1,desktop-control-plane,True,"{""desktop-control-plane"": true}"
2026-09-21T23:56:03.523Z,gateway-856744bb66-hzcvr,cc510c63-0609-4870-b9ca-abd3e21ac480,gateway,Running,True,1,1,1,"{""gateway"": 1}","{""gateway"": ""running""}",5,1,1,desktop-control-plane,True,"{""desktop-control-plane"": true}"
2026-09-21T23:56:03.523Z,jaeger-7cc9b664cc-jt9fj,21942cdb-b601-447a-bf38-ba3b861fe91b,jaeger,Running,True,1,1,0,"{""jaeger"": 0}","{""jaeger"": ""running""}",5,1,1,desktop-control-plane,True,"{""desktop-control-plane"": true}"
2026-09-21T23:56:03.523Z,otel-collector-7c765745bf-q69jh,9ea6d084-d3d7-4c16-a0d5-9b1cc10530b3,otel-collector,Running,True,1,1,0,"{""otel-collector"": 0}","{""otel-collector"": ""running""}",5,1,1,desktop-control-plane,True,"{""desktop-control-plane"": true}"
2026-09-21T23:56:03.523Z,postgres-676cc4986c-65g8j,208c1990-5e96-493e-951b-3925c343082b,postgres,Running,True,1,1,0,"{""postgres"": 0}","{""postgres"": ""running""}",5,1,1,desktop-control-plane,True,"{""desktop-control-plane"": true}"
2026-09-21T23:56:03.523Z,prometheus-59f5cf7468-mtx8z,59cbbbaf-6dcc-47ec-97ed-1794e4b0c8e8,prometheus,Running,True,1,1,0,"{""prometheus"": 0}","{""prometheus"": ""running""}",5,1,1,desktop-control-plane,True,"{""desktop-control-plane"": true}"
2026-09-21T23:56:03.523Z,rabbitmq-5cdf8f76b7-bwghx,0ac06c65-14a9-4bd2-b5d4-7f2a22c1c4a6,rabbitmq,Running,True,1,1,3,"{""rabbitmq"": 3}","{""rabbitmq"": ""running""}",5,1,1,desktop-control-plane,True,"{""desktop-control-plane"": true}"
2026-09-21T23:56:03.523Z,worker-5b55666b44-rqchq,2dd0ad98-71ab-4a3b-b534-291680e82fe2,worker,Running,True,1,1,3,"{""worker"": 3}","{""worker"": ""running""}",5,1,1,desktop-control-plane,True,"{""desktop-control-plane"": true}"
2026-09-21T23:56:08.523Z,api-5b87c4c9d-4rdfr,0ba2a84e-7a64-4d6c-b069-c87fb163817e,api,Running,True,1,1,0,"{""api"": 0}","{""api"": ""running""}",5,1,1,desktop-control-plane,True,"{""desktop-control-plane"": true}"
2026-09-21T23:56:08.523Z,api-5b87c4c9d-bgjmc,58bf0b06-1756-41c9-8d31-da9f65bb9aa2,api,Running,True,1,1,0,"{""api"": 0}","{""api"": ""running""}",5,1,1,desktop-control-plane,True,"{""desktop-control-plane"": true}"
2026-09-21T23:56:08.523Z,api-5b87c4c9d-d8mjc,972b3be6-876b-4312-99a2-0275f53a45e4,api,Running,True,1,1,0,"{""api"": 0}","{""api"": ""running""}",5,1,1,desktop-control-plane,True,"{""desktop-control-plane"": true}"
2026-09-21T23:56:08.523Z,api-5b87c4c9d-nfcrm,16a10e06-1c63-4416-be9b-df9e5b73aa2d,api,Running,True,1,1,0,"{""api"": 0}","{""api"": ""running""}",5,1,1,desktop-control-plane,True,"{""desktop-control-plane"": true}"
2026-09-21T23:56:08.523Z,api-5b87c4c9d-t2rvj,a03004ba-9549-4635-936e-dfb50d84352f,api,Running,True,1,1,0,"{""api"": 0}","{""api"": ""running""}",5,1,1,desktop-control-plane,True,"{""desktop-control-plane"": true}"
2026-09-21T23:56:08.523Z,gateway-856744bb66-hzcvr,cc510c63-0609-4870-b9ca-abd3e21ac480,gateway,Running,True,1,1,1,"{""gateway"": 1}","{""gateway"": ""running""}",5,1,1,desktop-control-plane,True,"{""desktop-control-plane"": true}"
2026-09-21T23:56:08.523Z,jaeger-7cc9b664cc-jt9fj,21942cdb-b601-447a-bf38-ba3b861fe91b,jaeger,Running,True,1,1,0,"{""jaeger"": 0}","{""jaeger"": ""running""}",5,1,1,desktop-control-plane,True,"{""desktop-control-plane"": true}"
2026-09-21T23:56:08.523Z,otel-collector-7c765745bf-q69jh,9ea6d084-d3d7-4c16-a0d5-9b1cc10530b3,otel-collector,Running,True,1,1,0,"{""otel-collector"": 0}","{""otel-collector"": ""running""}",5,1,1,desktop-control-plane,True,"{""desktop-control-plane"": true}"
2026-09-21T23:56:08.523Z,postgres-676cc4986c-65g8j,208c1990-5e96-493e-951b-3925c343082b,postgres,Running,True,1,1,0,"{""postgres"": 0}","{""postgres"": ""running""}",5,1,1,desktop-control-plane,True,"{""desktop-control-plane"": true}"
2026-09-21T23:56:08.523Z,prometheus-59f5cf7468-mtx8z,59cbbbaf-6dcc-47ec-97ed-1794e4b0c8e8,prometheus,Running,True,1,1,0,"{""prometheus"": 0}","{""prometheus"": ""running""}",5,1,1,desktop-control-plane,True,"{""desktop-control-plane"": true}"
2026-09-21T23:56:08.523Z,rabbitmq-5cdf8f76b7-bwghx,0ac06c65-14a9-4bd2-b5d4-7f2a22c1c4a6,rabbitmq,Running,True,1,1,3,"{""rabbitmq"": 3}","{""rabbitmq"": ""running""}",5,1,1,desktop-control-plane,True,"{""desktop-control-plane"": true}"
2026-09-21T23:56:08.523Z,worker-5b55666b44-rqchq,2dd0ad98-71ab-4a3b-b534-291680e82fe2,worker,Running,True,1,1,3,"{""worker"": 3}","{""worker"": ""running""}",5,1,1,desktop-control-plane,True,"{""desktop-control-plane"": true}"
2026-09-21T23:56:13.523Z,api-5b87c4c9d-4rdfr,0ba2a84e-7a64-4d6c-b069-c87fb163817e,api,Running,True,1,1,0,"{""api"": 0}","{""api"": ""running""}",5,1,1,desktop-control-plane,True,"{""desktop-control-plane"": true}"
2026-09-21T23:56:13.523Z,api-5b87c4c9d-bgjmc,58bf0b06-1756-41c9-8d31-da9f65bb9aa2,api,Running,True,1,1,0,"{""api"": 0}","{""api"": ""running""}",5,1,1,desktop-control-plane,True,"{""desktop-control-plane"": true}"
2026-09-21T23:56:13.523Z,api-5b87c4c9d-d8mjc,972b3be6-876b-4312-99a2-0275f53a45e4,api,Running,True,1,1,0,"{""api"": 0}","{""api"": ""running""}",5,1,1,desktop-control-plane,True,"{""desktop-control-plane"": true}"
2026-09-21T23:56:13.523Z,api-5b87c4c9d-nfcrm,16a10e06-1c63-4416-be9b-df9e5b73aa2d,api,Running,True,1,1,0,"{""api"": 0}","{""api"": ""running""}",5,1,1,desktop-control-plane,True,"{""desktop-control-plane"": true}"
2026-09-21T23:56:13.523Z,api-5b87c4c9d-t2rvj,a03004ba-9549-4635-936e-dfb50d84352f,api,Running,True,1,1,0,"{""api"": 0}","{""api"": ""running""}",5,1,1,desktop-control-plane,True,"{""desktop-control-plane"": true}"
2026-09-21T23:56:13.523Z,gateway-856744bb66-hzcvr,cc510c63-0609-4870-b9ca-abd3e21ac480,gateway,Running,True,1,1,1,"{""gateway"": 1}","{""gateway"": ""running""}",5,1,1,desktop-control-plane,True,"{""desktop-control-plane"": true}"
2026-09-21T23:56:13.523Z,jaeger-7cc9b664cc-jt9fj,21942cdb-b601-447a-bf38-ba3b861fe91b,jaeger,Running,True,1,1,0,"{""jaeger"": 0}","{""jaeger"": ""running""}",5,1,1,desktop-control-plane,True,"{""desktop-control-plane"": true}"
2026-09-21T23:56:13.523Z,otel-collector-7c765745bf-q69jh,9ea6d084-d3d7-4c16-a0d5-9b1cc10530b3,otel-collector,Running,True,1,1,0,"{""otel-collector"": 0}","{""otel-collector"": ""running""}",5,1,1,desktop-control-plane,True,"{""desktop-control-plane"": true}"
2026-09-21T23:56:13.523Z,postgres-676cc4986c-65g8j,208c1990-5e96-493e-951b-3925c343082b,postgres,Running,True,1,1,0,"{""postgres"": 0}","{""postgres"": ""running""}",5,1,1,desktop-control-plane,True,"{""desktop-control-plane"": true}"
2026-09-21T23:56:13.523Z,prometheus-59f5cf7468-mtx8z,59cbbbaf-6dcc-47ec-97ed-1794e4b0c8e8,prometheus,Running,True,1,1,0,"{""prometheus"": 0}","{""prometheus"": ""running""}",5,1,1,desktop-control-plane,True,"{""desktop-control-plane"": true}"
2026-09-21T23:56:13.523Z,rabbitmq-5cdf8f76b7-bwghx,0ac06c65-14a9-4bd2-b5d4-7f2a22c1c4a6,rabbitmq,Running,True,1,1,3,"{""rabbitmq"": 3}","{""rabbitmq"": ""running""}",5,1,1,desktop-control-plane,True,"{""desktop-control-plane"": true}"
2026-09-21T23:56:13.523Z,worker-5b55666b44-rqchq,2dd0ad98-71ab-4a3b-b534-291680e82fe2,worker,Running,True,1,1,3,"{""worker"": 3}","{""worker"": ""running""}",5,1,1,desktop-control-plane,True,"{""desktop-control-plane"": true}"
2026-09-21T23:56:18.524Z,api-5b87c4c9d-4rdfr,0ba2a84e-7a64-4d6c-b069-c87fb163817e,api,Running,True,1,1,0,"{""api"": 0}","{""api"": ""running""}",5,1,1,desktop-control-plane,True,"{""desktop-control-plane"": true}"
2026-09-21T23:56:18.524Z,api-5b87c4c9d-bgjmc,58bf0b06-1756-41c9-8d31-da9f65bb9aa2,api,Running,True,1,1,0,"{""api"": 0}","{""api"": ""running""}",5,1,1,desktop-control-plane,True,"{""desktop-control-plane"": true}"
2026-09-21T23:56:18.524Z,api-5b87c4c9d-d8mjc,972b3be6-876b-4312-99a2-0275f53a45e4,api,Running,True,1,1,0,"{""api"": 0}","{""api"": ""running""}",5,1,1,desktop-control-plane,True,"{""desktop-control-plane"": true}"
2026-09-21T23:56:18.524Z,api-5b87c4c9d-nfcrm,16a10e06-1c63-4416-be9b-df9e5b73aa2d,api,Running,True,1,1,0,"{""api"": 0}","{""api"": ""running""}",5,1,1,desktop-control-plane,True,"{""desktop-control-plane"": true}"
2026-09-21T23:56:18.524Z,api-5b87c4c9d-t2rvj,a03004ba-9549-4635-936e-dfb50d84352f,api,Running,True,1,1,0,"{""api"": 0}","{""api"": ""running""}",5,1,1,desktop-control-plane,True,"{""desktop-control-plane"": true}"
2026-09-21T23:56:18.524Z,gateway-856744bb66-hzcvr,cc510c63-0609-4870-b9ca-abd3e21ac480,gateway,Running,True,1,1,1,"{""gateway"": 1}","{""gateway"": ""running""}",5,1,1,desktop-control-plane,True,"{""desktop-control-plane"": true}"
2026-09-21T23:56:18.524Z,jaeger-7cc9b664cc-jt9fj,21942cdb-b601-447a-bf38-ba3b861fe91b,jaeger,Running,True,1,1,0,"{""jaeger"": 0}","{""jaeger"": ""running""}",5,1,1,desktop-control-plane,True,"{""desktop-control-plane"": true}"
2026-09-21T23:56:18.524Z,otel-collector-7c765745bf-q69jh,9ea6d084-d3d7-4c16-a0d5-9b1cc10530b3,otel-collector,Running,True,1,1,0,"{""otel-collector"": 0}","{""otel-collector"": ""running""}",5,1,1,desktop-control-plane,True,"{""desktop-control-plane"": true}"
2026-09-21T23:56:18.524Z,postgres-676cc4986c-65g8j,208c1990-5e96-493e-951b-3925c343082b,postgres,Running,True,1,1,0,"{""postgres"": 0}","{""postgres"": ""running""}",5,1,1,desktop-control-plane,True,"{""desktop-control-plane"": true}"
2026-09-21T23:56:18.524Z,prometheus-59f5cf7468-mtx8z,59cbbbaf-6dcc-47ec-97ed-1794e4b0c8e8,prometheus,Running,True,1,1,0,"{""prometheus"": 0}","{""prometheus"": ""running""}",5,1,1,desktop-control-plane,True,"{""desktop-control-plane"": true}"
2026-09-21T23:56:18.524Z,rabbitmq-5cdf8f76b7-bwghx,0ac06c65-14a9-4bd2-b5d4-7f2a22c1c4a6,rabbitmq,Running,True,1,1,3,"{""rabbitmq"": 3}","{""rabbitmq"": ""running""}",5,1,1,desktop-control-plane,True,"{""desktop-control-plane"": true}"
2026-09-21T23:56:18.524Z,worker-5b55666b44-rqchq,2dd0ad98-71ab-4a3b-b534-291680e82fe2,worker,Running,True,1,1,3,"{""worker"": 3}","{""worker"": ""running""}",5,1,1,desktop-control-plane,True,"{""desktop-control-plane"": true}"
2026-09-21T23:56:23.524Z,api-5b87c4c9d-4rdfr,0ba2a84e-7a64-4d6c-b069-c87fb163817e,api,Running,True,1,1,0,"{""api"": 0}","{""api"": ""running""}",5,1,1,desktop-control-plane,True,"{""desktop-control-plane"": true}"
2026-09-21T23:56:23.524Z,api-5b87c4c9d-bgjmc,58bf0b06-1756-41c9-8d31-da9f65bb9aa2,api,Running,True,1,1,0,"{""api"": 0}","{""api"": ""running""}",5,1,1,desktop-control-plane,True,"{""desktop-control-plane"": true}"
2026-09-21T23:56:23.524Z,api-5b87c4c9d-d8mjc,972b3be6-876b-4312-99a2-0275f53a45e4,api,Running,True,1,1,0,"{""api"": 0}","{""api"": ""running""}",5,1,1,desktop-control-plane,True,"{""desktop-control-plane"": true}"
2026-09-21T23:56:23.524Z,api-5b87c4c9d-nfcrm,16a10e06-1c63-4416-be9b-df9e5b73aa2d,api,Running,True,1,1,0,"{""api"": 0}","{""api"": ""running""}",5,1,1,desktop-control-plane,True,"{""desktop-control-plane"": true}"
2026-09-21T23:56:23.524Z,api-5b87c4c9d-t2rvj,a03004ba-9549-4635-936e-dfb50d84352f,api,Running,True,1,1,0,"{""api"": 0}","{""api"": ""running""}",5,1,1,desktop-control-plane,True,"{""desktop-control-plane"": true}"
2026-09-21T23:56:23.524Z,gateway-856744bb66-hzcvr,cc510c63-0609-4870-b9ca-abd3e21ac480,gateway,Running,True,1,1,1,"{""gateway"": 1}","{""gateway"": ""running""}",5,1,1,desktop-control-plane,True,"{""desktop-control-plane"": true}"
2026-09-21T23:56:23.524Z,jaeger-7cc9b664cc-jt9fj,21942cdb-b601-447a-bf38-ba3b861fe91b,jaeger,Running,True,1,1,0,"{""jaeger"": 0}","{""jaeger"": ""running""}",5,1,1,desktop-control-plane,True,"{""desktop-control-plane"": true}"
2026-09-21T23:56:23.524Z,otel-collector-7c765745bf-q69jh,9ea6d084-d3d7-4c16-a0d5-9b1cc10530b3,otel-collector,Running,True,1,1,0,"{""otel-collector"": 0}","{""otel-collector"": ""running""}",5,1,1,desktop-control-plane,True,"{""desktop-control-plane"": true}"
2026-09-21T23:56:23.524Z,postgres-676cc4986c-65g8j,208c1990-5e96-493e-951b-3925c343082b,postgres,Running,True,1,1,0,"{""postgres"": 0}","{""postgres"": ""running""}",5,1,1,desktop-control-plane,True,"{""desktop-control-plane"": true}"
2026-09-21T23:56:23.524Z,prometheus-59f5cf7468-mtx8z,59cbbbaf-6dcc-47ec-97ed-1794e4b0c8e8,prometheus,Running,True,1,1,0,"{""prometheus"": 0}","{""prometheus"": ""running""}",5,1,1,desktop-control-plane,True,"{""desktop-control-plane"": true}"
2026-09-21T23:56:23.524Z,rabbitmq-5cdf8f76b7-bwghx,0ac06c65-14a9-4bd2-b5d4-7f2a22c1c4a6,rabbitmq,Running,True,1,1,3,"{""rabbitmq"": 3}","{""rabbitmq"": ""running""}",5,1,1,desktop-control-plane,True,"{""desktop-control-plane"": true}"
2026-09-21T23:56:23.524Z,worker-5b55666b44-rqchq,2dd0ad98-71ab-4a3b-b534-291680e82fe2,worker,Running,True,1,1,3,"{""worker"": 3}","{""worker"": ""running""}",5,1,1,desktop-control-plane,True,"{""desktop-control-plane"": true}"
