2026-09-21T00:40:33.379409504Z ERROR:    Exception in ASGI application
2026-09-21T00:40:33.379551976Z Traceback (most recent call last):
2026-09-21T00:40:33.379570633Z   File "/usr/local/lib/python3.13/site-packages/uvicorn/protocols/http/httptools_impl.py", line 421, in run_asgi
2026-09-21T00:40:33.379583227Z     result = await app(  # type: ignore[func-returns-value]
2026-09-21T00:40:33.379593027Z              ^^^^^^^^^^^^^^^^^^^^^^^^^^^^^^^^^^^^^^^^^^^^^^
2026-09-21T00:40:33.379602706Z         self.scope, self.receive, self.send
2026-09-21T00:40:33.379612315Z         ^^^^^^^^^^^^^^^^^^^^^^^^^^^^^^^^^^^
2026-09-21T00:40:33.379622184Z     )
2026-09-21T00:40:33.379632034Z     ^
2026-09-21T00:40:33.379641943Z   File "/usr/local/lib/python3.13/site-packages/uvicorn/middleware/proxy_headers.py", line 63, in __call__
2026-09-21T00:40:33.379687022Z     return await self.app(scope, receive, send)
2026-09-21T00:40:33.379697423Z            ^^^^^^^^^^^^^^^^^^^^^^^^^^^^^^^^^^^^
2026-09-21T00:40:33.379707883Z   File "/usr/local/lib/python3.13/site-packages/fastapi/applications.py", line 1159, in __call__
2026-09-21T00:40:33.379717703Z     await super().__call__(scope, receive, send)
2026-09-21T00:40:33.379727773Z   File "/usr/local/lib/python3.13/site-packages/starlette/applications.py", line 107, in __call__
2026-09-21T00:40:33.379737402Z     await self.middleware_stack(scope, receive, send)
2026-09-21T00:40:33.379744907Z   File "/usr/local/lib/python3.13/site-packages/starlette/middleware/errors.py", line 186, in __call__
2026-09-21T00:40:33.379750808Z     raise exc
2026-09-21T00:40:33.379755047Z   File "/usr/local/lib/python3.13/site-packages/starlette/middleware/errors.py", line 164, in __call__
2026-09-21T00:40:33.379758594Z     await self.app(scope, receive, _send)
2026-09-21T00:40:33.379762712Z   File "/usr/local/lib/python3.13/site-packages/opentelemetry/instrumentation/asgi/__init__.py", line 806, in __call__
2026-09-21T00:40:33.379766038Z     await self.app(scope, otel_receive, otel_send)
2026-09-21T00:40:33.379769345Z   File "/usr/local/lib/python3.13/site-packages/starlette/middleware/errors.py", line 186, in __call__
2026-09-21T00:40:33.379772671Z     raise exc
2026-09-21T00:40:33.379775988Z   File "/usr/local/lib/python3.13/site-packages/starlette/middleware/errors.py", line 164, in __call__
2026-09-21T00:40:33.379779325Z     await self.app(scope, receive, _send)
2026-09-21T00:40:33.379782641Z   File "/usr/local/lib/python3.13/site-packages/opentelemetry/instrumentation/fastapi/__init__.py", line 305, in __call__
2026-09-21T00:40:33.379785978Z     await self.app(scope, receive, send)
2026-09-21T00:40:33.379789314Z   File "/usr/local/lib/python3.13/site-packages/prometheus_fastapi_instrumentator/middleware.py", line 177, in __call__
2026-09-21T00:40:33.379792631Z     raise exc
2026-09-21T00:40:33.379795937Z   File "/usr/local/lib/python3.13/site-packages/prometheus_fastapi_instrumentator/middleware.py", line 175, in __call__
2026-09-21T00:40:33.379818732Z     await self.app(scope, receive, send_wrapper)
2026-09-21T00:40:33.379820836Z   File "/usr/local/lib/python3.13/site-packages/starlette/middleware/exceptions.py", line 63, in __call__
2026-09-21T00:40:33.379823452Z     await wrap_app_handling_exceptions(self.app, conn)(scope, receive, send)
2026-09-21T00:40:33.379825345Z   File "/usr/local/lib/python3.13/site-packages/starlette/_exception_handler.py", line 53, in wrapped_app
2026-09-21T00:40:33.379827239Z     raise exc
2026-09-21T00:40:33.379829123Z   File "/usr/local/lib/python3.13/site-packages/starlette/_exception_handler.py", line 42, in wrapped_app
2026-09-21T00:40:33.379831007Z     await app(scope, receive, sender)
2026-09-21T00:40:33.379832910Z   File "/usr/local/lib/python3.13/site-packages/fastapi/middleware/asyncexitstack.py", line 18, in __call__
2026-09-21T00:40:33.379834844Z     await self.app(scope, receive, send)
2026-09-21T00:40:33.379836888Z   File "/usr/local/lib/python3.13/site-packages/starlette/routing.py", line 716, in __call__
2026-09-21T00:40:33.379838822Z     await self.middleware_stack(scope, receive, send)
2026-09-21T00:40:33.379840726Z   File "/usr/local/lib/python3.13/site-packages/starlette/routing.py", line 736, in app
2026-09-21T00:40:33.379842619Z     await route.handle(scope, receive, send)
2026-09-21T00:40:33.379844523Z   File "/usr/local/lib/python3.13/site-packages/starlette/routing.py", line 290, in handle
2026-09-21T00:40:33.379846397Z     await self.app(scope, receive, send)
2026-09-21T00:40:33.379848291Z   File "/usr/local/lib/python3.13/site-packages/fastapi/routing.py", line 134, in app
2026-09-21T00:40:33.379850174Z     await wrap_app_handling_exceptions(app, request)(scope, receive, send)
2026-09-21T00:40:33.379852078Z   File "/usr/local/lib/python3.13/site-packages/starlette/_exception_handler.py", line 53, in wrapped_app
2026-09-21T00:40:33.379854072Z     raise exc
2026-09-21T00:40:33.379855996Z   File "/usr/local/lib/python3.13/site-packages/starlette/_exception_handler.py", line 42, in wrapped_app
2026-09-21T00:40:33.379857880Z     await app(scope, receive, sender)
2026-09-21T00:40:33.379859904Z   File "/usr/local/lib/python3.13/site-packages/fastapi/routing.py", line 120, in app
2026-09-21T00:40:33.379862278Z     response = await f(request)
2026-09-21T00:40:33.379864192Z                ^^^^^^^^^^^^^^^^
2026-09-21T00:40:33.379866086Z   File "/usr/local/lib/python3.13/site-packages/fastapi/routing.py", line 674, in app
2026-09-21T00:40:33.379867990Z     raw_response = await run_endpoint_function(
2026-09-21T00:40:33.379869913Z                    ^^^^^^^^^^^^^^^^^^^^^^^^^^^^
2026-09-21T00:40:33.379872168Z     ...<3 lines>...
2026-09-21T00:40:33.379874082Z     )
2026-09-21T00:40:33.379875985Z     ^
2026-09-21T00:40:33.379877949Z   File "/usr/local/lib/python3.13/site-packages/fastapi/routing.py", line 330, in run_endpoint_function
2026-09-21T00:40:33.379879843Z     return await run_in_threadpool(dependant.call, **values)
2026-09-21T00:40:33.379881737Z            ^^^^^^^^^^^^^^^^^^^^^^^^^^^^^^^^^^^^^^^^^^^^^^^^^
2026-09-21T00:40:33.379895784Z   File "/usr/local/lib/python3.13/site-packages/starlette/concurrency.py", line 32, in run_in_threadpool
2026-09-21T00:40:33.379897949Z     return await anyio.to_thread.run_sync(func)
2026-09-21T00:40:33.379899872Z            ^^^^^^^^^^^^^^^^^^^^^^^^^^^^^^^^^^^^
2026-09-21T00:40:33.379901776Z   File "/usr/local/lib/python3.13/site-packages/anyio/to_thread.py", line 63, in run_sync
2026-09-21T00:40:33.379903700Z     return await get_async_backend().run_sync_in_worker_thread(
2026-09-21T00:40:33.379905604Z            ^^^^^^^^^^^^^^^^^^^^^^^^^^^^^^^^^^^^^^^^^^^^^^^^^^^^
2026-09-21T00:40:33.379907498Z         func, args, abandon_on_cancel=abandon_on_cancel, limiter=limiter
2026-09-21T00:40:33.379914301Z         ^^^^^^^^^^^^^^^^^^^^^^^^^^^^^^^^^^^^^^^^^^^^^^^^^^^^^^^^^^^^^^^^
2026-09-21T00:40:33.379916315Z     )
2026-09-21T00:40:33.379918239Z     ^
2026-09-21T00:40:33.379920173Z   File "/usr/local/lib/python3.13/site-packages/anyio/_backends/_asyncio.py", line 2518, in run_sync_in_worker_thread
2026-09-21T00:40:33.379922367Z     return await future
2026-09-21T00:40:33.379924271Z            ^^^^^^^^^^^^
2026-09-21T00:40:33.379926154Z   File "/usr/local/lib/python3.13/site-packages/anyio/_backends/_asyncio.py", line 1002, in run
2026-09-21T00:40:33.379928048Z     result = context.run(func, *args)
2026-09-21T00:40:33.379929942Z   File "/app/app/routers/orders.py", line 36, in checkout
2026-09-21T00:40:33.379931946Z     return create_order(
2026-09-21T00:40:33.379933850Z         db=db,
2026-09-21T00:40:33.379935793Z     ...<2 lines>...
2026-09-21T00:40:33.379937687Z         correlation_id=correlation_id,
2026-09-21T00:40:33.379939571Z     )
2026-09-21T00:40:33.379941495Z   File "/app/app/services/order_service.py", line 42, in create_order
2026-09-21T00:40:33.379943398Z     result = db.execute(
2026-09-21T00:40:33.379945312Z         select(ProductModel).where(ProductModel.id == product_id)
2026-09-21T00:40:33.379947256Z     )
2026-09-21T00:40:33.379949150Z   File "/usr/local/lib/python3.13/site-packages/sqlalchemy/orm/session.py", line 2372, in execute
2026-09-21T00:40:33.379951054Z     return self._execute_internal(
2026-09-21T00:40:33.379952937Z            ~~~~~~~~~~~~~~~~~~~~~~^
2026-09-21T00:40:33.379954831Z         statement,
2026-09-21T00:40:33.379956735Z         ^^^^^^^^^^
2026-09-21T00:40:33.379958628Z     ...<4 lines>...
2026-09-21T00:40:33.379960532Z         _add_event=_add_event,
2026-09-21T00:40:33.379962456Z         ^^^^^^^^^^^^^^^^^^^^^^
2026-09-21T00:40:33.379964330Z     )
2026-09-21T00:40:33.379966234Z     ^
2026-09-21T00:40:33.379968137Z   File "/usr/local/lib/python3.13/site-packages/sqlalchemy/orm/session.py", line 2260, in _execute_internal
2026-09-21T00:40:33.379970061Z     conn = self._connection_for_bind(bind)
2026-09-21T00:40:33.379972075Z   File "/usr/local/lib/python3.13/site-packages/sqlalchemy/orm/session.py", line 2112, in _connection_for_bind
2026-09-21T00:40:33.379973989Z     return trans._connection_for_bind(engine, execution_options)
2026-09-21T00:40:33.379975893Z            ~~~~~~~~~~~~~~~~~~~~~~~~~~^^^^^^^^^^^^^^^^^^^^^^^^^^^
2026-09-21T00:40:33.379977806Z   File "<string>", line 2, in _connection_for_bind
2026-09-21T00:40:33.379979890Z   File "/usr/local/lib/python3.13/site-packages/sqlalchemy/orm/state_changes.py", line 137, in _go
2026-09-21T00:40:33.379981894Z     ret_value = fn(self, *arg, **kw)
2026-09-21T00:40:33.379983838Z   File "/usr/local/lib/python3.13/site-packages/sqlalchemy/orm/session.py", line 1191, in _connection_for_bind
2026-09-21T00:40:33.379985742Z     conn = bind.connect()
2026-09-21T00:40:33.379988247Z   File "/usr/local/lib/python3.13/site-packages/opentelemetry/instrumentation/sqlalchemy/engine.py", line 200, in _wrap_connect_internal
2026-09-21T00:40:33.379990161Z     return func(*args, **kwargs)
2026-09-21T00:40:33.379992065Z   File "/usr/local/lib/python3.13/site-packages/sqlalchemy/engine/base.py", line 3295, in connect
2026-09-21T00:40:33.379994078Z     return self._connection_cls(self)
2026-09-21T00:40:33.379996012Z            ~~~~~~~~~~~~~~~~~~~~^^^^^^
2026-09-21T00:40:33.379997896Z   File "/usr/local/lib/python3.13/site-packages/sqlalchemy/engine/base.py", line 144, in __init__
2026-09-21T00:40:33.379999790Z     self._dbapi_connection = engine.raw_connection()
2026-09-21T00:40:33.380006283Z                              ~~~~~~~~~~~~~~~~~~~~~^^
2026-09-21T00:40:33.380008216Z   File "/usr/local/lib/python3.13/site-packages/sqlalchemy/engine/base.py", line 3319, in raw_connection
2026-09-21T00:40:33.380010120Z     return self.pool.connect()
2026-09-21T00:40:33.380012004Z            ~~~~~~~~~~~~~~~~~^^
2026-09-21T00:40:33.380013928Z   File "/usr/local/lib/python3.13/site-packages/sqlalchemy/pool/base.py", line 448, in connect
2026-09-21T00:40:33.380015821Z     return _ConnectionFairy._checkout(self)
2026-09-21T00:40:33.380017695Z            ~~~~~~~~~~~~~~~~~~~~~~~~~~^^^^^^
2026-09-21T00:40:33.380019589Z   File "/usr/local/lib/python3.13/site-packages/sqlalchemy/pool/base.py", line 1272, in _checkout
2026-09-21T00:40:33.380021513Z     fairy = _ConnectionRecord.checkout(pool)
2026-09-21T00:40:33.380023416Z   File "/usr/local/lib/python3.13/site-packages/sqlalchemy/pool/base.py", line 712, in checkout
2026-09-21T00:40:33.380025310Z     rec = pool._do_get()
2026-09-21T00:40:33.380027284Z   File "/usr/local/lib/python3.13/site-packages/sqlalchemy/pool/impl.py", line 167, in _do_get
2026-09-21T00:40:33.380029228Z     raise exc.TimeoutError(
2026-09-21T00:40:33.380031112Z     ...<4 lines>...
2026-09-21T00:40:33.380033005Z     )
2026-09-21T00:40:33.380037053Z sqlalchemy.exc.TimeoutError: QueuePool limit of size 5 overflow 10 reached, connection timed out, timeout 30.00 (Background on this error at: https://sqlalche.me/e/20/3o7r)
2026-09-21T00:40:34.156317165Z ERROR:    Exception in ASGI application
2026-09-21T00:40:34.156352034Z Traceback (most recent call last):
2026-09-21T00:40:34.156354689Z   File "/usr/local/lib/python3.13/site-packages/uvicorn/protocols/http/httptools_impl.py", line 421, in run_asgi
2026-09-21T00:40:34.156357514Z     result = await app(  # type: ignore[func-returns-value]
2026-09-21T00:40:34.156359568Z              ^^^^^^^^^^^^^^^^^^^^^^^^^^^^^^^^^^^^^^^^^^^^^^
2026-09-21T00:40:34.156361472Z         self.scope, self.receive, self.send
2026-09-21T00:40:34.156363426Z         ^^^^^^^^^^^^^^^^^^^^^^^^^^^^^^^^^^^
2026-09-21T00:40:34.156365570Z     )
2026-09-21T00:40:34.156367685Z     ^
2026-09-21T00:40:34.156369598Z   File "/usr/local/lib/python3.13/site-packages/uvicorn/middleware/proxy_headers.py", line 63, in __call__
2026-09-21T00:40:34.156371823Z     return await self.app(scope, receive, send)
2026-09-21T00:40:34.156373827Z            ^^^^^^^^^^^^^^^^^^^^^^^^^^^^^^^^^^^^
2026-09-21T00:40:34.156376552Z   File "/usr/local/lib/python3.13/site-packages/fastapi/applications.py", line 1159, in __call__
2026-09-21T00:40:34.156378506Z     await super().__call__(scope, receive, send)
2026-09-21T00:40:34.156380480Z   File "/usr/local/lib/python3.13/site-packages/starlette/applications.py", line 107, in __call__
2026-09-21T00:40:34.156382363Z     await self.middleware_stack(scope, receive, send)
2026-09-21T00:40:34.156384227Z   File "/usr/local/lib/python3.13/site-packages/starlette/middleware/errors.py", line 186, in __call__
2026-09-21T00:40:34.156386141Z     raise exc
2026-09-21T00:40:34.156388075Z   File "/usr/local/lib/python3.13/site-packages/starlette/middleware/errors.py", line 164, in __call__
2026-09-21T00:40:34.156390009Z     await self.app(scope, receive, _send)
2026-09-21T00:40:34.156392724Z   File "/usr/local/lib/python3.13/site-packages/opentelemetry/instrumentation/asgi/__init__.py", line 806, in __call__
2026-09-21T00:40:34.156394608Z     await self.app(scope, otel_receive, otel_send)
2026-09-21T00:40:34.156396491Z   File "/usr/local/lib/python3.13/site-packages/starlette/middleware/errors.py", line 186, in __call__
2026-09-21T00:40:34.156398395Z     raise exc
2026-09-21T00:40:34.156400279Z   File "/usr/local/lib/python3.13/site-packages/starlette/middleware/errors.py", line 164, in __call__
2026-09-21T00:40:34.156420108Z     await self.app(scope, receive, _send)
2026-09-21T00:40:34.156422122Z   File "/usr/local/lib/python3.13/site-packages/opentelemetry/instrumentation/fastapi/__init__.py", line 305, in __call__
2026-09-21T00:40:34.156424046Z     await self.app(scope, receive, send)
2026-09-21T00:40:34.156425940Z   File "/usr/local/lib/python3.13/site-packages/prometheus_fastapi_instrumentator/middleware.py", line 177, in __call__
2026-09-21T00:40:34.156427843Z     raise exc
2026-09-21T00:40:34.156429727Z   File "/usr/local/lib/python3.13/site-packages/prometheus_fastapi_instrumentator/middleware.py", line 175, in __call__
2026-09-21T00:40:34.156431611Z     await self.app(scope, receive, send_wrapper)
2026-09-21T00:40:34.156433494Z   File "/usr/local/lib/python3.13/site-packages/starlette/middleware/exceptions.py", line 63, in __call__
2026-09-21T00:40:34.156436080Z     await wrap_app_handling_exceptions(self.app, conn)(scope, receive, send)
2026-09-21T00:40:34.156437963Z   File "/usr/local/lib/python3.13/site-packages/starlette/_exception_handler.py", line 53, in wrapped_app
2026-09-21T00:40:34.156439867Z     raise exc
2026-09-21T00:40:34.156441741Z   File "/usr/local/lib/python3.13/site-packages/starlette/_exception_handler.py", line 42, in wrapped_app
2026-09-21T00:40:34.156446260Z     await app(scope, receive, sender)
2026-09-21T00:40:34.156448213Z   File "/usr/local/lib/python3.13/site-packages/fastapi/middleware/asyncexitstack.py", line 18, in __call__
2026-09-21T00:40:34.156450107Z     await self.app(scope, receive, send)
2026-09-21T00:40:34.156451981Z   File "/usr/local/lib/python3.13/site-packages/starlette/routing.py", line 716, in __call__
2026-09-21T00:40:34.156453855Z     await self.middleware_stack(scope, receive, send)
2026-09-21T00:40:34.156455738Z   File "/usr/local/lib/python3.13/site-packages/starlette/routing.py", line 736, in app
2026-09-21T00:40:34.156457632Z     await route.handle(scope, receive, send)
2026-09-21T00:40:34.156459556Z   File "/usr/local/lib/python3.13/site-packages/starlette/routing.py", line 290, in handle
2026-09-21T00:40:34.156461440Z     await self.app(scope, receive, send)
2026-09-21T00:40:34.156463323Z   File "/usr/local/lib/python3.13/site-packages/fastapi/routing.py", line 134, in app
2026-09-21T00:40:34.156465187Z     await wrap_app_handling_exceptions(app, request)(scope, receive, send)
2026-09-21T00:40:34.156467141Z   File "/usr/local/lib/python3.13/site-packages/starlette/_exception_handler.py", line 53, in wrapped_app
2026-09-21T00:40:34.156469025Z     raise exc
2026-09-21T00:40:34.156470898Z   File "/usr/local/lib/python3.13/site-packages/starlette/_exception_handler.py", line 42, in wrapped_app
2026-09-21T00:40:34.156472792Z     await app(scope, receive, sender)
2026-09-21T00:40:34.156474706Z   File "/usr/local/lib/python3.13/site-packages/fastapi/routing.py", line 120, in app
2026-09-21T00:40:34.156477161Z     response = await f(request)
2026-09-21T00:40:34.156479034Z                ^^^^^^^^^^^^^^^^
2026-09-21T00:40:34.156480888Z   File "/usr/local/lib/python3.13/site-packages/fastapi/routing.py", line 674, in app
2026-09-21T00:40:34.156482762Z     raw_response = await run_endpoint_function(
2026-09-21T00:40:34.156484645Z                    ^^^^^^^^^^^^^^^^^^^^^^^^^^^^
2026-09-21T00:40:34.156487190Z     ...<3 lines>...
2026-09-21T00:40:34.156489104Z     )
2026-09-21T00:40:34.156490998Z     ^
2026-09-21T00:40:34.156492882Z   File "/usr/local/lib/python3.13/site-packages/fastapi/routing.py", line 330, in run_endpoint_function
2026-09-21T00:40:34.156494775Z     return await run_in_threadpool(dependant.call, **values)
2026-09-21T00:40:34.156501629Z            ^^^^^^^^^^^^^^^^^^^^^^^^^^^^^^^^^^^^^^^^^^^^^^^^^
2026-09-21T00:40:34.156505947Z   File "/usr/local/lib/python3.13/site-packages/starlette/concurrency.py", line 32, in run_in_threadpool
2026-09-21T00:40:34.156508032Z     return await anyio.to_thread.run_sync(func)
2026-09-21T00:40:34.156509945Z            ^^^^^^^^^^^^^^^^^^^^^^^^^^^^^^^^^^^^
2026-09-21T00:40:34.156511849Z   File "/usr/local/lib/python3.13/site-packages/anyio/to_thread.py", line 63, in run_sync
2026-09-21T00:40:34.156513763Z     return await get_async_backend().run_sync_in_worker_thread(
2026-09-21T00:40:34.156515657Z            ^^^^^^^^^^^^^^^^^^^^^^^^^^^^^^^^^^^^^^^^^^^^^^^^^^^^
2026-09-21T00:40:34.156517550Z         func, args, abandon_on_cancel=abandon_on_cancel, limiter=limiter
2026-09-21T00:40:34.156519454Z         ^^^^^^^^^^^^^^^^^^^^^^^^^^^^^^^^^^^^^^^^^^^^^^^^^^^^^^^^^^^^^^^^
2026-09-21T00:40:34.156521358Z     )
2026-09-21T00:40:34.156523262Z     ^
2026-09-21T00:40:34.156525175Z   File "/usr/local/lib/python3.13/site-packages/anyio/_backends/_asyncio.py", line 2518, in run_sync_in_worker_thread
2026-09-21T00:40:34.156527089Z     return await future
2026-09-21T00:40:34.156528973Z            ^^^^^^^^^^^^
2026-09-21T00:40:34.156530837Z   File "/usr/local/lib/python3.13/site-packages/anyio/_backends/_asyncio.py", line 1002, in run
2026-09-21T00:40:34.156532740Z     result = context.run(func, *args)
2026-09-21T00:40:34.156534634Z   File "/app/app/routers/orders.py", line 36, in checkout
2026-09-21T00:40:34.156536538Z     return create_order(
2026-09-21T00:40:34.156538432Z         db=db,
2026-09-21T00:40:34.156540416Z     ...<2 lines>...
2026-09-21T00:40:34.156542299Z         correlation_id=correlation_id,
2026-09-21T00:40:34.156544213Z     )
2026-09-21T00:40:34.156546147Z   File "/app/app/services/order_service.py", line 42, in create_order
2026-09-21T00:40:34.156548111Z     result = db.execute(
2026-09-21T00:40:34.156550024Z         select(ProductModel).where(ProductModel.id == product_id)
2026-09-21T00:40:34.156551938Z     )
2026-09-21T00:40:34.156553842Z   File "/usr/local/lib/python3.13/site-packages/sqlalchemy/orm/session.py", line 2372, in execute
2026-09-21T00:40:34.156555746Z     return self._execute_internal(
2026-09-21T00:40:34.156557619Z            ~~~~~~~~~~~~~~~~~~~~~~^
2026-09-21T00:40:34.156559503Z         statement,
2026-09-21T00:40:34.156561397Z         ^^^^^^^^^^
2026-09-21T00:40:34.156563271Z     ...<4 lines>...
2026-09-21T00:40:34.156565164Z         _add_event=_add_event,
2026-09-21T00:40:34.156567048Z         ^^^^^^^^^^^^^^^^^^^^^^
2026-09-21T00:40:34.156568912Z     )
2026-09-21T00:40:34.156570826Z     ^
2026-09-21T00:40:34.156572739Z   File "/usr/local/lib/python3.13/site-packages/sqlalchemy/orm/session.py", line 2260, in _execute_internal
2026-09-21T00:40:34.156574633Z     conn = self._connection_for_bind(bind)
2026-09-21T00:40:34.156576557Z   File "/usr/local/lib/python3.13/site-packages/sqlalchemy/orm/session.py", line 2112, in _connection_for_bind
2026-09-21T00:40:34.156578461Z     return trans._connection_for_bind(engine, execution_options)
2026-09-21T00:40:34.156580344Z            ~~~~~~~~~~~~~~~~~~~~~~~~~~^^^^^^^^^^^^^^^^^^^^^^^^^^^
2026-09-21T00:40:34.156582228Z   File "<string>", line 2, in _connection_for_bind
2026-09-21T00:40:34.156584112Z   File "/usr/local/lib/python3.13/site-packages/sqlalchemy/orm/state_changes.py", line 137, in _go
2026-09-21T00:40:34.156586196Z     ret_value = fn(self, *arg, **kw)
2026-09-21T00:40:34.156588080Z   File "/usr/local/lib/python3.13/site-packages/sqlalchemy/orm/session.py", line 1191, in _connection_for_bind
2026-09-21T00:40:34.156589973Z     conn = bind.connect()
2026-09-21T00:40:34.156596747Z   File "/usr/local/lib/python3.13/site-packages/opentelemetry/instrumentation/sqlalchemy/engine.py", line 200, in _wrap_connect_internal
2026-09-21T00:40:34.156598691Z     return func(*args, **kwargs)
2026-09-21T00:40:34.156600624Z   File "/usr/local/lib/python3.13/site-packages/sqlalchemy/engine/base.py", line 3295, in connect
2026-09-21T00:40:34.156602538Z     return self._connection_cls(self)
2026-09-21T00:40:34.156604462Z            ~~~~~~~~~~~~~~~~~~~~^^^^^^
2026-09-21T00:40:34.156606686Z   File "/usr/local/lib/python3.13/site-packages/sqlalchemy/engine/base.py", line 144, in __init__
2026-09-21T00:40:34.156608881Z     self._dbapi_connection = engine.raw_connection()
2026-09-21T00:40:34.156610935Z                              ~~~~~~~~~~~~~~~~~~~~~^^
2026-09-21T00:40:34.156612839Z   File "/usr/local/lib/python3.13/site-packages/sqlalchemy/engine/base.py", line 3319, in raw_connection
2026-09-21T00:40:34.156614742Z     return self.pool.connect()
2026-09-21T00:40:34.156616626Z            ~~~~~~~~~~~~~~~~~^^
2026-09-21T00:40:34.156618520Z   File "/usr/local/lib/python3.13/site-packages/sqlalchemy/pool/base.py", line 448, in connect
2026-09-21T00:40:34.156620423Z     return _ConnectionFairy._checkout(self)
2026-09-21T00:40:34.156622327Z            ~~~~~~~~~~~~~~~~~~~~~~~~~~^^^^^^
2026-09-21T00:40:34.156624281Z   File "/usr/local/lib/python3.13/site-packages/sqlalchemy/pool/base.py", line 1272, in _checkout
2026-09-21T00:40:34.156626175Z     fairy = _ConnectionRecord.checkout(pool)
2026-09-21T00:40:34.156628069Z   File "/usr/local/lib/python3.13/site-packages/sqlalchemy/pool/base.py", line 712, in checkout
2026-09-21T00:40:34.156629962Z     rec = pool._do_get()
2026-09-21T00:40:34.156631876Z   File "/usr/local/lib/python3.13/site-packages/sqlalchemy/pool/impl.py", line 167, in _do_get
2026-09-21T00:40:34.156633770Z     raise exc.TimeoutError(
2026-09-21T00:40:34.156635664Z     ...<4 lines>...
2026-09-21T00:40:34.156637587Z     )
2026-09-21T00:40:34.156640142Z sqlalchemy.exc.TimeoutError: QueuePool limit of size 5 overflow 10 reached, connection timed out, timeout 30.00 (Background on this error at: https://sqlalche.me/e/20/3o7r)
2026-09-21T00:40:36.051639525Z ERROR:    Exception in ASGI application
2026-09-21T00:40:36.051685887Z Traceback (most recent call last):
2026-09-21T00:40:36.051691708Z   File "/usr/local/lib/python3.13/site-packages/uvicorn/protocols/http/httptools_impl.py", line 421, in run_asgi
2026-09-21T00:40:36.051697049Z     result = await app(  # type: ignore[func-returns-value]
2026-09-21T00:40:36.051700957Z              ^^^^^^^^^^^^^^^^^^^^^^^^^^^^^^^^^^^^^^^^^^^^^^
2026-09-21T00:40:36.051705025Z         self.scope, self.receive, self.send
2026-09-21T00:40:36.051708952Z         ^^^^^^^^^^^^^^^^^^^^^^^^^^^^^^^^^^^
2026-09-21T00:40:36.051712880Z     )
2026-09-21T00:40:36.051716908Z     ^
2026-09-21T00:40:36.051720966Z   File "/usr/local/lib/python3.13/site-packages/uvicorn/middleware/proxy_headers.py", line 63, in __call__
2026-09-21T00:40:36.051724884Z     return await self.app(scope, receive, send)
2026-09-21T00:40:36.051728721Z            ^^^^^^^^^^^^^^^^^^^^^^^^^^^^^^^^^^^^
2026-09-21T00:40:36.051732960Z   File "/usr/local/lib/python3.13/site-packages/fastapi/applications.py", line 1159, in __call__
2026-09-21T00:40:36.051737028Z     await super().__call__(scope, receive, send)
2026-09-21T00:40:36.051741156Z   File "/usr/local/lib/python3.13/site-packages/starlette/applications.py", line 107, in __call__
2026-09-21T00:40:36.051745124Z     await self.middleware_stack(scope, receive, send)
2026-09-21T00:40:36.051749052Z   File "/usr/local/lib/python3.13/site-packages/starlette/middleware/errors.py", line 186, in __call__
2026-09-21T00:40:36.051774863Z     raise exc
2026-09-21T00:40:36.051779071Z   File "/usr/local/lib/python3.13/site-packages/starlette/middleware/errors.py", line 164, in __call__
2026-09-21T00:40:36.051783019Z     await self.app(scope, receive, _send)
2026-09-21T00:40:36.051787317Z   File "/usr/local/lib/python3.13/site-packages/opentelemetry/instrumentation/asgi/__init__.py", line 806, in __call__
2026-09-21T00:40:36.051791265Z     await self.app(scope, otel_receive, otel_send)
2026-09-21T00:40:36.051795153Z   File "/usr/local/lib/python3.13/site-packages/starlette/middleware/errors.py", line 186, in __call__
2026-09-21T00:40:36.051799100Z     raise exc
2026-09-21T00:40:36.051803068Z   File "/usr/local/lib/python3.13/site-packages/starlette/middleware/errors.py", line 164, in __call__
2026-09-21T00:40:36.051806946Z     await self.app(scope, receive, _send)
2026-09-21T00:40:36.051810944Z   File "/usr/local/lib/python3.13/site-packages/opentelemetry/instrumentation/fastapi/__init__.py", line 305, in __call__
2026-09-21T00:40:36.051814811Z     await self.app(scope, receive, send)
2026-09-21T00:40:36.051818679Z   File "/usr/local/lib/python3.13/site-packages/prometheus_fastapi_instrumentator/middleware.py", line 177, in __call__
2026-09-21T00:40:36.051822577Z     raise exc
2026-09-21T00:40:36.051826434Z   File "/usr/local/lib/python3.13/site-packages/prometheus_fastapi_instrumentator/middleware.py", line 175, in __call__
2026-09-21T00:40:36.051830292Z     await self.app(scope, receive, send_wrapper)
2026-09-21T00:40:36.051834140Z   File "/usr/local/lib/python3.13/site-packages/starlette/middleware/exceptions.py", line 63, in __call__
2026-09-21T00:40:36.051838709Z     await wrap_app_handling_exceptions(self.app, conn)(scope, receive, send)
2026-09-21T00:40:36.051842556Z   File "/usr/local/lib/python3.13/site-packages/starlette/_exception_handler.py", line 53, in wrapped_app
2026-09-21T00:40:36.051846835Z     raise exc
2026-09-21T00:40:36.051850712Z   File "/usr/local/lib/python3.13/site-packages/starlette/_exception_handler.py", line 42, in wrapped_app
2026-09-21T00:40:36.051899889Z     await app(scope, receive, sender)
2026-09-21T00:40:36.051908967Z   File "/usr/local/lib/python3.13/site-packages/fastapi/middleware/asyncexitstack.py", line 18, in __call__
2026-09-21T00:40:36.051912945Z     await self.app(scope, receive, send)
2026-09-21T00:40:36.051916833Z   File "/usr/local/lib/python3.13/site-packages/starlette/routing.py", line 716, in __call__
2026-09-21T00:40:36.051920710Z     await self.middleware_stack(scope, receive, send)
2026-09-21T00:40:36.051924638Z   File "/usr/local/lib/python3.13/site-packages/starlette/routing.py", line 736, in app
2026-09-21T00:40:36.051928526Z     await route.handle(scope, receive, send)
2026-09-21T00:40:36.051932404Z   File "/usr/local/lib/python3.13/site-packages/starlette/routing.py", line 290, in handle
2026-09-21T00:40:36.051936311Z     await self.app(scope, receive, send)
2026-09-21T00:40:36.051940179Z   File "/usr/local/lib/python3.13/site-packages/fastapi/routing.py", line 134, in app
2026-09-21T00:40:36.051944307Z     await wrap_app_handling_exceptions(app, request)(scope, receive, send)
2026-09-21T00:40:36.051948255Z   File "/usr/local/lib/python3.13/site-packages/starlette/_exception_handler.py", line 53, in wrapped_app
2026-09-21T00:40:36.051952142Z     raise exc
2026-09-21T00:40:36.051956040Z   File "/usr/local/lib/python3.13/site-packages/starlette/_exception_handler.py", line 42, in wrapped_app
2026-09-21T00:40:36.051959918Z     await app(scope, receive, sender)
2026-09-21T00:40:36.051963806Z   File "/usr/local/lib/python3.13/site-packages/fastapi/routing.py", line 120, in app
2026-09-21T00:40:36.051968314Z     response = await f(request)
2026-09-21T00:40:36.051982112Z                ^^^^^^^^^^^^^^^^
2026-09-21T00:40:36.051986100Z   File "/usr/local/lib/python3.13/site-packages/fastapi/routing.py", line 674, in app
2026-09-21T00:40:36.051990017Z     raw_response = await run_endpoint_function(
2026-09-21T00:40:36.051993935Z                    ^^^^^^^^^^^^^^^^^^^^^^^^^^^^
2026-09-21T00:40:36.051998244Z     ...<3 lines>...
2026-09-21T00:40:36.052002151Z     )
2026-09-21T00:40:36.052006069Z     ^
2026-09-21T00:40:36.052010007Z   File "/usr/local/lib/python3.13/site-packages/fastapi/routing.py", line 330, in run_endpoint_function
2026-09-21T00:40:36.052013894Z     return await run_in_threadpool(dependant.call, **values)
2026-09-21T00:40:36.052017802Z            ^^^^^^^^^^^^^^^^^^^^^^^^^^^^^^^^^^^^^^^^^^^^^^^^^
2026-09-21T00:40:36.052084724Z   File "/usr/local/lib/python3.13/site-packages/starlette/concurrency.py", line 32, in run_in_threadpool
2026-09-21T00:40:36.052094734Z     return await anyio.to_thread.run_sync(func)
2026-09-21T00:40:36.052098812Z            ^^^^^^^^^^^^^^^^^^^^^^^^^^^^^^^^^^^^
2026-09-21T00:40:36.052102680Z   File "/usr/local/lib/python3.13/site-packages/anyio/to_thread.py", line 63, in run_sync
2026-09-21T00:40:36.052106748Z     return await get_async_backend().run_sync_in_worker_thread(
2026-09-21T00:40:36.052110696Z            ^^^^^^^^^^^^^^^^^^^^^^^^^^^^^^^^^^^^^^^^^^^^^^^^^^^^
2026-09-21T00:40:36.052114573Z         func, args, abandon_on_cancel=abandon_on_cancel, limiter=limiter
2026-09-21T00:40:36.052118441Z         ^^^^^^^^^^^^^^^^^^^^^^^^^^^^^^^^^^^^^^^^^^^^^^^^^^^^^^^^^^^^^^^^
2026-09-21T00:40:36.052122359Z     )
2026-09-21T00:40:36.052126276Z     ^
2026-09-21T00:40:36.052130134Z   File "/usr/local/lib/python3.13/site-packages/anyio/_backends/_asyncio.py", line 2518, in run_sync_in_worker_thread
2026-09-21T00:40:36.052134032Z     return await future
2026-09-21T00:40:36.052137969Z            ^^^^^^^^^^^^
2026-09-21T00:40:36.052141857Z   File "/usr/local/lib/python3.13/site-packages/anyio/_backends/_asyncio.py", line 1002, in run
2026-09-21T00:40:36.052145705Z     result = context.run(func, *args)
2026-09-21T00:40:36.052149612Z   File "/app/app/routers/orders.py", line 36, in checkout
2026-09-21T00:40:36.052153510Z     return create_order(
2026-09-21T00:40:36.052157428Z         db=db,
2026-09-21T00:40:36.052161346Z     ...<2 lines>...
2026-09-21T00:40:36.052165263Z         correlation_id=correlation_id,
2026-09-21T00:40:36.052169211Z     )
2026-09-21T00:40:36.052173209Z   File "/app/app/services/order_service.py", line 42, in create_order
2026-09-21T00:40:36.052177127Z     result = db.execute(
2026-09-21T00:40:36.052181034Z         select(ProductModel).where(ProductModel.id == product_id)
2026-09-21T00:40:36.052184902Z     )
2026-09-21T00:40:36.052188810Z   File "/usr/local/lib/python3.13/site-packages/sqlalchemy/orm/session.py", line 2372, in execute
2026-09-21T00:40:36.052192888Z     return self._execute_internal(
2026-09-21T00:40:36.052196775Z            ~~~~~~~~~~~~~~~~~~~~~~^
2026-09-21T00:40:36.052200713Z         statement,
2026-09-21T00:40:36.052204641Z         ^^^^^^^^^^
2026-09-21T00:40:36.052208519Z     ...<4 lines>...
2026-09-21T00:40:36.052212396Z         _add_event=_add_event,
2026-09-21T00:40:36.052216274Z         ^^^^^^^^^^^^^^^^^^^^^^
2026-09-21T00:40:36.052220132Z     )
2026-09-21T00:40:36.052224009Z     ^
2026-09-21T00:40:36.052227967Z   File "/usr/local/lib/python3.13/site-packages/sqlalchemy/orm/session.py", line 2260, in _execute_internal
2026-09-21T00:40:36.052231885Z     conn = self._connection_for_bind(bind)
2026-09-21T00:40:36.052235782Z   File "/usr/local/lib/python3.13/site-packages/sqlalchemy/orm/session.py", line 2112, in _connection_for_bind
2026-09-21T00:40:36.052255261Z     return trans._connection_for_bind(engine, execution_options)
2026-09-21T00:40:36.052259359Z            ~~~~~~~~~~~~~~~~~~~~~~~~~~^^^^^^^^^^^^^^^^^^^^^^^^^^^
2026-09-21T00:40:36.052263237Z   File "<string>", line 2, in _connection_for_bind
2026-09-21T00:40:36.052267074Z   File "/usr/local/lib/python3.13/site-packages/sqlalchemy/orm/state_changes.py", line 137, in _go
2026-09-21T00:40:36.052270952Z     ret_value = fn(self, *arg, **kw)
2026-09-21T00:40:36.052274779Z   File "/usr/local/lib/python3.13/site-packages/sqlalchemy/orm/session.py", line 1191, in _connection_for_bind
2026-09-21T00:40:36.052278677Z     conn = bind.connect()
2026-09-21T00:40:36.052282956Z   File "/usr/local/lib/python3.13/site-packages/opentelemetry/instrumentation/sqlalchemy/engine.py", line 200, in _wrap_connect_internal
2026-09-21T00:40:36.052286833Z     return func(*args, **kwargs)
2026-09-21T00:40:36.052290681Z   File "/usr/local/lib/python3.13/site-packages/sqlalchemy/engine/base.py", line 3295, in connect
2026-09-21T00:40:36.052294548Z     return self._connection_cls(self)
2026-09-21T00:40:36.052298406Z            ~~~~~~~~~~~~~~~~~~~~^^^^^^
2026-09-21T00:40:36.052302284Z   File "/usr/local/lib/python3.13/site-packages/sqlalchemy/engine/base.py", line 144, in __init__
2026-09-21T00:40:36.052306151Z     self._dbapi_connection = engine.raw_connection()
2026-09-21T00:40:36.052310069Z                              ~~~~~~~~~~~~~~~~~~~~~^^
2026-09-21T00:40:36.052313917Z   File "/usr/local/lib/python3.13/site-packages/sqlalchemy/engine/base.py", line 3319, in raw_connection
2026-09-21T00:40:36.052317794Z     return self.pool.connect()
2026-09-21T00:40:36.052321642Z            ~~~~~~~~~~~~~~~~~^^
2026-09-21T00:40:36.052325510Z   File "/usr/local/lib/python3.13/site-packages/sqlalchemy/pool/base.py", line 448, in connect
2026-09-21T00:40:36.052329427Z     return _ConnectionFairy._checkout(self)
2026-09-21T00:40:36.052333305Z            ~~~~~~~~~~~~~~~~~~~~~~~~~~^^^^^^
2026-09-21T00:40:36.052337173Z   File "/usr/local/lib/python3.13/site-packages/sqlalchemy/pool/base.py", line 1272, in _checkout
2026-09-21T00:40:36.052341100Z     fairy = _ConnectionRecord.checkout(pool)
2026-09-21T00:40:36.052344998Z   File "/usr/local/lib/python3.13/site-packages/sqlalchemy/pool/base.py", line 712, in checkout
2026-09-21T00:40:36.052348856Z     rec = pool._do_get()
2026-09-21T00:40:36.052352753Z   File "/usr/local/lib/python3.13/site-packages/sqlalchemy/pool/impl.py", line 167, in _do_get
2026-09-21T00:40:36.052356831Z     raise exc.TimeoutError(
2026-09-21T00:40:36.052360669Z     ...<4 lines>...
2026-09-21T00:40:36.052364537Z     )
2026-09-21T00:40:36.052368995Z sqlalchemy.exc.TimeoutError: QueuePool limit of size 5 overflow 10 reached, connection timed out, timeout 30.00 (Background on this error at: https://sqlalche.me/e/20/3o7r)
2026-09-21T00:40:36.665715649Z ERROR:    Exception in ASGI application
2026-09-21T00:40:36.665749486Z Traceback (most recent call last):
2026-09-21T00:40:36.665752762Z   File "/usr/local/lib/python3.13/site-packages/uvicorn/protocols/http/httptools_impl.py", line 421, in run_asgi
2026-09-21T00:40:36.665755347Z     result = await app(  # type: ignore[func-returns-value]
2026-09-21T00:40:36.665757261Z              ^^^^^^^^^^^^^^^^^^^^^^^^^^^^^^^^^^^^^^^^^^^^^^
2026-09-21T00:40:36.665759175Z         self.scope, self.receive, self.send
2026-09-21T00:40:36.665761079Z         ^^^^^^^^^^^^^^^^^^^^^^^^^^^^^^^^^^^
2026-09-21T00:40:36.665763223Z     )
2026-09-21T00:40:36.665765217Z     ^
2026-09-21T00:40:36.665767161Z   File "/usr/local/lib/python3.13/site-packages/uvicorn/middleware/proxy_headers.py", line 63, in __call__
2026-09-21T00:40:36.665783313Z     return await self.app(scope, receive, send)
2026-09-21T00:40:36.665785347Z            ^^^^^^^^^^^^^^^^^^^^^^^^^^^^^^^^^^^^
2026-09-21T00:40:36.665787761Z   File "/usr/local/lib/python3.13/site-packages/fastapi/applications.py", line 1159, in __call__
2026-09-21T00:40:36.665789675Z     await super().__call__(scope, receive, send)
2026-09-21T00:40:36.665791589Z   File "/usr/local/lib/python3.13/site-packages/starlette/applications.py", line 107, in __call__
2026-09-21T00:40:36.665793603Z     await self.middleware_stack(scope, receive, send)
2026-09-21T00:40:36.665795507Z   File "/usr/local/lib/python3.13/site-packages/starlette/middleware/errors.py", line 186, in __call__
2026-09-21T00:40:36.665797471Z     raise exc
2026-09-21T00:40:36.665799454Z   File "/usr/local/lib/python3.13/site-packages/starlette/middleware/errors.py", line 164, in __call__
2026-09-21T00:40:36.665801368Z     await self.app(scope, receive, _send)
2026-09-21T00:40:36.665803733Z   File "/usr/local/lib/python3.13/site-packages/opentelemetry/instrumentation/asgi/__init__.py", line 806, in __call__
2026-09-21T00:40:36.665805657Z     await self.app(scope, otel_receive, otel_send)
2026-09-21T00:40:36.665807580Z   File "/usr/local/lib/python3.13/site-packages/starlette/middleware/errors.py", line 186, in __call__
2026-09-21T00:40:36.665809524Z     raise exc
2026-09-21T00:40:36.665811448Z   File "/usr/local/lib/python3.13/site-packages/starlette/middleware/errors.py", line 164, in __call__
2026-09-21T00:40:36.665813352Z     await self.app(scope, receive, _send)
2026-09-21T00:40:36.665815246Z   File "/usr/local/lib/python3.13/site-packages/opentelemetry/instrumentation/fastapi/__init__.py", line 305, in __call__
2026-09-21T00:40:36.665817159Z     await self.app(scope, receive, send)
2026-09-21T00:40:36.665819173Z   File "/usr/local/lib/python3.13/site-packages/prometheus_fastapi_instrumentator/middleware.py", line 177, in __call__
2026-09-21T00:40:36.665821077Z     raise exc
2026-09-21T00:40:36.665822991Z   File "/usr/local/lib/python3.13/site-packages/prometheus_fastapi_instrumentator/middleware.py", line 175, in __call__
2026-09-21T00:40:36.665824925Z     await self.app(scope, receive, send_wrapper)
2026-09-21T00:40:36.665826838Z   File "/usr/local/lib/python3.13/site-packages/starlette/middleware/exceptions.py", line 63, in __call__
2026-09-21T00:40:36.665829333Z     await wrap_app_handling_exceptions(self.app, conn)(scope, receive, send)
2026-09-21T00:40:36.665831227Z   File "/usr/local/lib/python3.13/site-packages/starlette/_exception_handler.py", line 53, in wrapped_app
2026-09-21T00:40:36.665833111Z     raise exc
2026-09-21T00:40:36.665835005Z   File "/usr/local/lib/python3.13/site-packages/starlette/_exception_handler.py", line 42, in wrapped_app
2026-09-21T00:40:36.665837169Z     await app(scope, receive, sender)
2026-09-21T00:40:36.665839093Z   File "/usr/local/lib/python3.13/site-packages/fastapi/middleware/asyncexitstack.py", line 18, in __call__
2026-09-21T00:40:36.665841016Z     await self.app(scope, receive, send)
2026-09-21T00:40:36.665844784Z   File "/usr/local/lib/python3.13/site-packages/starlette/routing.py", line 716, in __call__
2026-09-21T00:40:36.665846708Z     await self.middleware_stack(scope, receive, send)
2026-09-21T00:40:36.665848631Z   File "/usr/local/lib/python3.13/site-packages/starlette/routing.py", line 736, in app
2026-09-21T00:40:36.665850545Z     await route.handle(scope, receive, send)
2026-09-21T00:40:36.665852459Z   File "/usr/local/lib/python3.13/site-packages/starlette/routing.py", line 290, in handle
2026-09-21T00:40:36.665854363Z     await self.app(scope, receive, send)
2026-09-21T00:40:36.665856267Z   File "/usr/local/lib/python3.13/site-packages/fastapi/routing.py", line 134, in app
2026-09-21T00:40:36.665863411Z     await wrap_app_handling_exceptions(app, request)(scope, receive, send)
2026-09-21T00:40:36.665865405Z   File "/usr/local/lib/python3.13/site-packages/starlette/_exception_handler.py", line 53, in wrapped_app
2026-09-21T00:40:36.665867429Z     raise exc
2026-09-21T00:40:36.665869372Z   File "/usr/local/lib/python3.13/site-packages/starlette/_exception_handler.py", line 42, in wrapped_app
2026-09-21T00:40:36.665871286Z     await app(scope, receive, sender)
2026-09-21T00:40:36.665873190Z   File "/usr/local/lib/python3.13/site-packages/fastapi/routing.py", line 120, in app
2026-09-21T00:40:36.665875905Z     response = await f(request)
2026-09-21T00:40:36.665877839Z                ^^^^^^^^^^^^^^^^
2026-09-21T00:40:36.665879753Z   File "/usr/local/lib/python3.13/site-packages/fastapi/routing.py", line 674, in app
2026-09-21T00:40:36.665881677Z     raw_response = await run_endpoint_function(
2026-09-21T00:40:36.665883580Z                    ^^^^^^^^^^^^^^^^^^^^^^^^^^^^
2026-09-21T00:40:36.665885995Z     ...<3 lines>...
2026-09-21T00:40:36.665887909Z     )
2026-09-21T00:40:36.665889853Z     ^
2026-09-21T00:40:36.665891777Z   File "/usr/local/lib/python3.13/site-packages/fastapi/routing.py", line 330, in run_endpoint_function
2026-09-21T00:40:36.665893680Z     return await run_in_threadpool(dependant.call, **values)
2026-09-21T00:40:36.665895614Z            ^^^^^^^^^^^^^^^^^^^^^^^^^^^^^^^^^^^^^^^^^^^^^^^^^
2026-09-21T00:40:36.665899642Z   File "/usr/local/lib/python3.13/site-packages/starlette/concurrency.py", line 32, in run_in_threadpool
2026-09-21T00:40:36.665901676Z     return await anyio.to_thread.run_sync(func)
2026-09-21T00:40:36.665903600Z            ^^^^^^^^^^^^^^^^^^^^^^^^^^^^^^^^^^^^
2026-09-21T00:40:36.665905514Z   File "/usr/local/lib/python3.13/site-packages/anyio/to_thread.py", line 63, in run_sync
2026-09-21T00:40:36.665907417Z     return await get_async_backend().run_sync_in_worker_thread(
2026-09-21T00:40:36.665909321Z            ^^^^^^^^^^^^^^^^^^^^^^^^^^^^^^^^^^^^^^^^^^^^^^^^^^^^
2026-09-21T00:40:36.665911235Z         func, args, abandon_on_cancel=abandon_on_cancel, limiter=limiter
2026-09-21T00:40:36.665913169Z         ^^^^^^^^^^^^^^^^^^^^^^^^^^^^^^^^^^^^^^^^^^^^^^^^^^^^^^^^^^^^^^^^
2026-09-21T00:40:36.665915103Z     )
2026-09-21T00:40:36.665917016Z     ^
2026-09-21T00:40:36.665919060Z   File "/usr/local/lib/python3.13/site-packages/anyio/_backends/_asyncio.py", line 2518, in run_sync_in_worker_thread
2026-09-21T00:40:36.665921024Z     return await future
2026-09-21T00:40:36.665922948Z            ^^^^^^^^^^^^
2026-09-21T00:40:36.665924842Z   File "/usr/local/lib/python3.13/site-packages/anyio/_backends/_asyncio.py", line 1002, in run
2026-09-21T00:40:36.665926886Z     result = context.run(func, *args)
2026-09-21T00:40:36.665928840Z   File "/app/app/routers/orders.py", line 36, in checkout
2026-09-21T00:40:36.665930764Z     return create_order(
2026-09-21T00:40:36.665932677Z         db=db,
2026-09-21T00:40:36.665934631Z     ...<2 lines>...
2026-09-21T00:40:36.665936545Z         correlation_id=correlation_id,
2026-09-21T00:40:36.665938479Z     )
2026-09-21T00:40:36.665940423Z   File "/app/app/services/order_service.py", line 42, in create_order
2026-09-21T00:40:36.665942346Z     result = db.execute(
2026-09-21T00:40:36.665944280Z         select(ProductModel).where(ProductModel.id == product_id)
2026-09-21T00:40:36.665946194Z     )
2026-09-21T00:40:36.665948128Z   File "/usr/local/lib/python3.13/site-packages/sqlalchemy/orm/session.py", line 2372, in execute
2026-09-21T00:40:36.665950032Z     return self._execute_internal(
2026-09-21T00:40:36.665952005Z            ~~~~~~~~~~~~~~~~~~~~~~^
2026-09-21T00:40:36.665958659Z         statement,
2026-09-21T00:40:36.665960632Z         ^^^^^^^^^^
2026-09-21T00:40:36.665962566Z     ...<4 lines>...
2026-09-21T00:40:36.665964490Z         _add_event=_add_event,
2026-09-21T00:40:36.665966404Z         ^^^^^^^^^^^^^^^^^^^^^^
2026-09-21T00:40:36.665968288Z     )
2026-09-21T00:40:36.665970201Z     ^
2026-09-21T00:40:36.665972145Z   File "/usr/local/lib/python3.13/site-packages/sqlalchemy/orm/session.py", line 2260, in _execute_internal
2026-09-21T00:40:36.665974119Z     conn = self._connection_for_bind(bind)
2026-09-21T00:40:36.665976083Z   File "/usr/local/lib/python3.13/site-packages/sqlalchemy/orm/session.py", line 2112, in _connection_for_bind
2026-09-21T00:40:36.665978027Z     return trans._connection_for_bind(engine, execution_options)
2026-09-21T00:40:36.665979961Z            ~~~~~~~~~~~~~~~~~~~~~~~~~~^^^^^^^^^^^^^^^^^^^^^^^^^^^
2026-09-21T00:40:36.665981884Z   File "<string>", line 2, in _connection_for_bind
2026-09-21T00:40:36.665983808Z   File "/usr/local/lib/python3.13/site-packages/sqlalchemy/orm/state_changes.py", line 137, in _go
2026-09-21T00:40:36.665985732Z     ret_value = fn(self, *arg, **kw)
2026-09-21T00:40:36.665987626Z   File "/usr/local/lib/python3.13/site-packages/sqlalchemy/orm/session.py", line 1191, in _connection_for_bind
2026-09-21T00:40:36.665989550Z     conn = bind.connect()
2026-09-21T00:40:36.665992054Z   File "/usr/local/lib/python3.13/site-packages/opentelemetry/instrumentation/sqlalchemy/engine.py", line 200, in _wrap_connect_internal
2026-09-21T00:40:36.665994068Z     return func(*args, **kwargs)
2026-09-21T00:40:36.665995982Z   File "/usr/local/lib/python3.13/site-packages/sqlalchemy/engine/base.py", line 3295, in connect
2026-09-21T00:40:36.665997926Z     return self._connection_cls(self)
2026-09-21T00:40:36.665999860Z            ~~~~~~~~~~~~~~~~~~~~^^^^^^
2026-09-21T00:40:36.666001784Z   File "/usr/local/lib/python3.13/site-packages/sqlalchemy/engine/base.py", line 144, in __init__
2026-09-21T00:40:36.666003758Z     self._dbapi_connection = engine.raw_connection()
2026-09-21T00:40:36.666005671Z                              ~~~~~~~~~~~~~~~~~~~~~^^
2026-09-21T00:40:36.666007585Z   File "/usr/local/lib/python3.13/site-packages/sqlalchemy/engine/base.py", line 3319, in raw_connection
2026-09-21T00:40:36.666009519Z     return self.pool.connect()
2026-09-21T00:40:36.666011613Z            ~~~~~~~~~~~~~~~~~^^
2026-09-21T00:40:36.666016342Z   File "/usr/local/lib/python3.13/site-packages/sqlalchemy/pool/base.py", line 448, in connect
2026-09-21T00:40:36.666018326Z     return _ConnectionFairy._checkout(self)
2026-09-21T00:40:36.666020250Z            ~~~~~~~~~~~~~~~~~~~~~~~~~~^^^^^^
2026-09-21T00:40:36.666022154Z   File "/usr/local/lib/python3.13/site-packages/sqlalchemy/pool/base.py", line 1272, in _checkout
2026-09-21T00:40:36.666024088Z     fairy = _ConnectionRecord.checkout(pool)
2026-09-21T00:40:36.666025991Z   File "/usr/local/lib/python3.13/site-packages/sqlalchemy/pool/base.py", line 712, in checkout
2026-09-21T00:40:36.666027925Z     rec = pool._do_get()
2026-09-21T00:40:36.666029849Z   File "/usr/local/lib/python3.13/site-packages/sqlalchemy/pool/impl.py", line 167, in _do_get
2026-09-21T00:40:36.666031753Z     raise exc.TimeoutError(
2026-09-21T00:40:36.666033667Z     ...<4 lines>...
2026-09-21T00:40:36.666035570Z     )
2026-09-21T00:40:36.666037995Z sqlalchemy.exc.TimeoutError: QueuePool limit of size 5 overflow 10 reached, connection timed out, timeout 30.00 (Background on this error at: https://sqlalche.me/e/20/3o7r)
2026-09-21T00:40:36.758088990Z ERROR:    Exception in ASGI application
2026-09-21T00:40:36.758135412Z Traceback (most recent call last):
2026-09-21T00:40:36.758167144Z   File "/usr/local/lib/python3.13/site-packages/uvicorn/protocols/http/httptools_impl.py", line 421, in run_asgi
2026-09-21T00:40:36.758172475Z     result = await app(  # type: ignore[func-returns-value]
2026-09-21T00:40:36.758176753Z              ^^^^^^^^^^^^^^^^^^^^^^^^^^^^^^^^^^^^^^^^^^^^^^
2026-09-21T00:40:36.758180972Z         self.scope, self.receive, self.send
2026-09-21T00:40:36.758185160Z         ^^^^^^^^^^^^^^^^^^^^^^^^^^^^^^^^^^^
2026-09-21T00:40:36.758189488Z     )
2026-09-21T00:40:36.758193837Z     ^
2026-09-21T00:40:36.758198206Z   File "/usr/local/lib/python3.13/site-packages/uvicorn/middleware/proxy_headers.py", line 63, in __call__
2026-09-21T00:40:36.758202474Z     return await self.app(scope, receive, send)
2026-09-21T00:40:36.758206712Z            ^^^^^^^^^^^^^^^^^^^^^^^^^^^^^^^^^^^^
2026-09-21T00:40:36.758211772Z   File "/usr/local/lib/python3.13/site-packages/fastapi/applications.py", line 1159, in __call__
2026-09-21T00:40:36.758216091Z     await super().__call__(scope, receive, send)
2026-09-21T00:40:36.758220490Z   File "/usr/local/lib/python3.13/site-packages/starlette/applications.py", line 107, in __call__
2026-09-21T00:40:36.758224758Z     await self.middleware_stack(scope, receive, send)
2026-09-21T00:40:36.758229127Z   File "/usr/local/lib/python3.13/site-packages/starlette/middleware/errors.py", line 186, in __call__
2026-09-21T00:40:36.758233495Z     raise exc
2026-09-21T00:40:36.758237764Z   File "/usr/local/lib/python3.13/site-packages/starlette/middleware/errors.py", line 164, in __call__
2026-09-21T00:40:36.758242082Z     await self.app(scope, receive, _send)
2026-09-21T00:40:36.758246942Z   File "/usr/local/lib/python3.13/site-packages/opentelemetry/instrumentation/asgi/__init__.py", line 806, in __call__
2026-09-21T00:40:36.758251210Z     await self.app(scope, otel_receive, otel_send)
2026-09-21T00:40:36.758255669Z   File "/usr/local/lib/python3.13/site-packages/starlette/middleware/errors.py", line 186, in __call__
2026-09-21T00:40:36.758259897Z     raise exc
2026-09-21T00:40:36.758264096Z   File "/usr/local/lib/python3.13/site-packages/starlette/middleware/errors.py", line 164, in __call__
2026-09-21T00:40:36.758268394Z     await self.app(scope, receive, _send)
2026-09-21T00:40:36.758272612Z   File "/usr/local/lib/python3.13/site-packages/opentelemetry/instrumentation/fastapi/__init__.py", line 305, in __call__
2026-09-21T00:40:36.758276841Z     await self.app(scope, receive, send)
2026-09-21T00:40:36.758281039Z   File "/usr/local/lib/python3.13/site-packages/prometheus_fastapi_instrumentator/middleware.py", line 177, in __call__
2026-09-21T00:40:36.758285558Z     raise exc
2026-09-21T00:40:36.758289756Z   File "/usr/local/lib/python3.13/site-packages/prometheus_fastapi_instrumentator/middleware.py", line 175, in __call__
2026-09-21T00:40:36.758293995Z     await self.app(scope, receive, send_wrapper)
2026-09-21T00:40:36.758298193Z   File "/usr/local/lib/python3.13/site-packages/starlette/middleware/exceptions.py", line 63, in __call__
2026-09-21T00:40:36.758303063Z     await wrap_app_handling_exceptions(self.app, conn)(scope, receive, send)
2026-09-21T00:40:36.758307261Z   File "/usr/local/lib/python3.13/site-packages/starlette/_exception_handler.py", line 53, in wrapped_app
2026-09-21T00:40:36.758311509Z     raise exc
2026-09-21T00:40:36.758315717Z   File "/usr/local/lib/python3.13/site-packages/starlette/_exception_handler.py", line 42, in wrapped_app
2026-09-21T00:40:36.758319936Z     await app(scope, receive, sender)
2026-09-21T00:40:36.758324164Z   File "/usr/local/lib/python3.13/site-packages/fastapi/middleware/asyncexitstack.py", line 18, in __call__
2026-09-21T00:40:36.758328423Z     await self.app(scope, receive, send)
2026-09-21T00:40:36.758343192Z   File "/usr/local/lib/python3.13/site-packages/starlette/routing.py", line 716, in __call__
2026-09-21T00:40:36.758347801Z     await self.middleware_stack(scope, receive, send)
2026-09-21T00:40:36.758352109Z   File "/usr/local/lib/python3.13/site-packages/starlette/routing.py", line 736, in app
2026-09-21T00:40:36.758356398Z     await route.handle(scope, receive, send)
2026-09-21T00:40:36.758360656Z   File "/usr/local/lib/python3.13/site-packages/starlette/routing.py", line 290, in handle
2026-09-21T00:40:36.758364874Z     await self.app(scope, receive, send)
2026-09-21T00:40:36.758369083Z   File "/usr/local/lib/python3.13/site-packages/fastapi/routing.py", line 134, in app
2026-09-21T00:40:36.758373301Z     await wrap_app_handling_exceptions(app, request)(scope, receive, send)
2026-09-21T00:40:36.758377529Z   File "/usr/local/lib/python3.13/site-packages/starlette/_exception_handler.py", line 53, in wrapped_app
2026-09-21T00:40:36.758381798Z     raise exc
2026-09-21T00:40:36.758386036Z   File "/usr/local/lib/python3.13/site-packages/starlette/_exception_handler.py", line 42, in wrapped_app
2026-09-21T00:40:36.758390275Z     await app(scope, receive, sender)
2026-09-21T00:40:36.758394483Z   File "/usr/local/lib/python3.13/site-packages/fastapi/routing.py", line 120, in app
2026-09-21T00:40:36.758399202Z     response = await f(request)
2026-09-21T00:40:36.758403451Z                ^^^^^^^^^^^^^^^^
2026-09-21T00:40:36.758410915Z   File "/usr/local/lib/python3.13/site-packages/fastapi/routing.py", line 674, in app
2026-09-21T00:40:36.758415334Z     raw_response = await run_endpoint_function(
2026-09-21T00:40:36.758419683Z                    ^^^^^^^^^^^^^^^^^^^^^^^^^^^^
2026-09-21T00:40:36.758424462Z     ...<3 lines>...
2026-09-21T00:40:36.758428761Z     )
2026-09-21T00:40:36.758433079Z     ^
2026-09-21T00:40:36.758437388Z   File "/usr/local/lib/python3.13/site-packages/fastapi/routing.py", line 330, in run_endpoint_function
2026-09-21T00:40:36.758441676Z     return await run_in_threadpool(dependant.call, **values)
2026-09-21T00:40:36.758445914Z            ^^^^^^^^^^^^^^^^^^^^^^^^^^^^^^^^^^^^^^^^^^^^^^^^^
2026-09-21T00:40:36.758518999Z   File "/usr/local/lib/python3.13/site-packages/starlette/concurrency.py", line 32, in run_in_threadpool
2026-09-21T00:40:36.758529229Z     return await anyio.to_thread.run_sync(func)
2026-09-21T00:40:36.758533708Z            ^^^^^^^^^^^^^^^^^^^^^^^^^^^^^^^^^^^^
2026-09-21T00:40:36.758538166Z   File "/usr/local/lib/python3.13/site-packages/anyio/to_thread.py", line 63, in run_sync
2026-09-21T00:40:36.758542415Z     return await get_async_backend().run_sync_in_worker_thread(
2026-09-21T00:40:36.758546663Z            ^^^^^^^^^^^^^^^^^^^^^^^^^^^^^^^^^^^^^^^^^^^^^^^^^^^^
2026-09-21T00:40:36.758550922Z         func, args, abandon_on_cancel=abandon_on_cancel, limiter=limiter
2026-09-21T00:40:36.758555150Z         ^^^^^^^^^^^^^^^^^^^^^^^^^^^^^^^^^^^^^^^^^^^^^^^^^^^^^^^^^^^^^^^^
2026-09-21T00:40:36.758559599Z     )
2026-09-21T00:40:36.758563897Z     ^
2026-09-21T00:40:36.758568146Z   File "/usr/local/lib/python3.13/site-packages/anyio/_backends/_asyncio.py", line 2518, in run_sync_in_worker_thread
2026-09-21T00:40:36.758572394Z     return await future
2026-09-21T00:40:36.758576693Z            ^^^^^^^^^^^^
2026-09-21T00:40:36.758580911Z   File "/usr/local/lib/python3.13/site-packages/anyio/_backends/_asyncio.py", line 1002, in run
2026-09-21T00:40:36.758585149Z     result = context.run(func, *args)
2026-09-21T00:40:36.758589508Z   File "/app/app/routers/orders.py", line 36, in checkout
2026-09-21T00:40:36.758593917Z     return create_order(
2026-09-21T00:40:36.758598225Z         db=db,
2026-09-21T00:40:36.758619637Z     ...<2 lines>...
2026-09-21T00:40:36.758624196Z         correlation_id=correlation_id,
2026-09-21T00:40:36.758628455Z     )
2026-09-21T00:40:36.758632773Z   File "/app/app/services/order_service.py", line 42, in create_order
2026-09-21T00:40:36.758637162Z     result = db.execute(
2026-09-21T00:40:36.758641470Z         select(ProductModel).where(ProductModel.id == product_id)
2026-09-21T00:40:36.758645829Z     )
2026-09-21T00:40:36.758650057Z   File "/usr/local/lib/python3.13/site-packages/sqlalchemy/orm/session.py", line 2372, in execute
2026-09-21T00:40:36.758654296Z     return self._execute_internal(
2026-09-21T00:40:36.758658504Z            ~~~~~~~~~~~~~~~~~~~~~~^
2026-09-21T00:40:36.758662762Z         statement,
2026-09-21T00:40:36.758667001Z         ^^^^^^^^^^
2026-09-21T00:40:36.758671229Z     ...<4 lines>...
2026-09-21T00:40:36.758675467Z         _add_event=_add_event,
2026-09-21T00:40:36.758679756Z         ^^^^^^^^^^^^^^^^^^^^^^
2026-09-21T00:40:36.758683994Z     )
2026-09-21T00:40:36.758688183Z     ^
2026-09-21T00:40:36.758692441Z   File "/usr/local/lib/python3.13/site-packages/sqlalchemy/orm/session.py", line 2260, in _execute_internal
2026-09-21T00:40:36.758696699Z     conn = self._connection_for_bind(bind)
2026-09-21T00:40:36.758700968Z   File "/usr/local/lib/python3.13/site-packages/sqlalchemy/orm/session.py", line 2112, in _connection_for_bind
2026-09-21T00:40:36.758705186Z     return trans._connection_for_bind(engine, execution_options)
2026-09-21T00:40:36.758709444Z            ~~~~~~~~~~~~~~~~~~~~~~~~~~^^^^^^^^^^^^^^^^^^^^^^^^^^^
2026-09-21T00:40:36.758713713Z   File "<string>", line 2, in _connection_for_bind
2026-09-21T00:40:36.758718202Z   File "/usr/local/lib/python3.13/site-packages/sqlalchemy/orm/state_changes.py", line 137, in _go
2026-09-21T00:40:36.758722450Z     ret_value = fn(self, *arg, **kw)
2026-09-21T00:40:36.758726729Z   File "/usr/local/lib/python3.13/site-packages/sqlalchemy/orm/session.py", line 1191, in _connection_for_bind
2026-09-21T00:40:36.758731248Z     conn = bind.connect()
2026-09-21T00:40:36.758736167Z   File "/usr/local/lib/python3.13/site-packages/opentelemetry/instrumentation/sqlalchemy/engine.py", line 200, in _wrap_connect_internal
2026-09-21T00:40:36.758740436Z     return func(*args, **kwargs)
2026-09-21T00:40:36.758744654Z   File "/usr/local/lib/python3.13/site-packages/sqlalchemy/engine/base.py", line 3295, in connect
2026-09-21T00:40:36.758748942Z     return self._connection_cls(self)
2026-09-21T00:40:36.758753161Z            ~~~~~~~~~~~~~~~~~~~~^^^^^^
2026-09-21T00:40:36.758757379Z   File "/usr/local/lib/python3.13/site-packages/sqlalchemy/engine/base.py", line 144, in __init__
2026-09-21T00:40:36.758761567Z     self._dbapi_connection = engine.raw_connection()
2026-09-21T00:40:36.758763441Z                              ~~~~~~~~~~~~~~~~~~~~~^^
2026-09-21T00:40:36.758765315Z   File "/usr/local/lib/python3.13/site-packages/sqlalchemy/engine/base.py", line 3319, in raw_connection
2026-09-21T00:40:36.758767239Z     return self.pool.connect()
2026-09-21T00:40:36.758769132Z            ~~~~~~~~~~~~~~~~~^^
2026-09-21T00:40:36.758771046Z   File "/usr/local/lib/python3.13/site-packages/sqlalchemy/pool/base.py", line 448, in connect
2026-09-21T00:40:36.758772930Z     return _ConnectionFairy._checkout(self)
2026-09-21T00:40:36.758775304Z            ~~~~~~~~~~~~~~~~~~~~~~~~~~^^^^^^
2026-09-21T00:40:36.758777689Z   File "/usr/local/lib/python3.13/site-packages/sqlalchemy/pool/base.py", line 1272, in _checkout
2026-09-21T00:40:36.758780274Z     fairy = _ConnectionRecord.checkout(pool)
2026-09-21T00:40:36.758782388Z   File "/usr/local/lib/python3.13/site-packages/sqlalchemy/pool/base.py", line 712, in checkout
2026-09-21T00:40:36.758790785Z     rec = pool._do_get()
2026-09-21T00:40:36.758793210Z   File "/usr/local/lib/python3.13/site-packages/sqlalchemy/pool/impl.py", line 167, in _do_get
2026-09-21T00:40:36.758795584Z     raise exc.TimeoutError(
2026-09-21T00:40:36.758797458Z     ...<4 lines>...
2026-09-21T00:40:36.758799362Z     )
2026-09-21T00:40:36.758801807Z sqlalchemy.exc.TimeoutError: QueuePool limit of size 5 overflow 10 reached, connection timed out, timeout 30.00 (Background on this error at: https://sqlalche.me/e/20/3o7r)
2026-09-21T00:40:37.955099048Z INFO:     Shutting down
2026-09-21T00:40:38.056676084Z INFO:     Waiting for connections to close. (CTRL+C to force quit)
2026-09-21T00:40:38.141185711Z ERROR:    Exception in ASGI application
2026-09-21T00:40:38.141232033Z Traceback (most recent call last):
2026-09-21T00:40:38.141237243Z   File "/usr/local/lib/python3.13/site-packages/uvicorn/protocols/http/httptools_impl.py", line 421, in run_asgi
2026-09-21T00:40:38.141241952Z     result = await app(  # type: ignore[func-returns-value]
2026-09-21T00:40:38.141245860Z              ^^^^^^^^^^^^^^^^^^^^^^^^^^^^^^^^^^^^^^^^^^^^^^
2026-09-21T00:40:38.141249788Z         self.scope, self.receive, self.send
2026-09-21T00:40:38.141253706Z         ^^^^^^^^^^^^^^^^^^^^^^^^^^^^^^^^^^^
2026-09-21T00:40:38.141257944Z     )
2026-09-21T00:40:38.141261972Z     ^
2026-09-21T00:40:38.141265900Z   File "/usr/local/lib/python3.13/site-packages/uvicorn/middleware/proxy_headers.py", line 63, in __call__
2026-09-21T00:40:38.141270128Z     return await self.app(scope, receive, send)
2026-09-21T00:40:38.141274196Z            ^^^^^^^^^^^^^^^^^^^^^^^^^^^^^^^^^^^^
2026-09-21T00:40:38.141278735Z   File "/usr/local/lib/python3.13/site-packages/fastapi/applications.py", line 1159, in __call__
2026-09-21T00:40:38.141282633Z     await super().__call__(scope, receive, send)
2026-09-21T00:40:38.141286520Z   File "/usr/local/lib/python3.13/site-packages/starlette/applications.py", line 107, in __call__
2026-09-21T00:40:38.141290538Z     await self.middleware_stack(scope, receive, send)
2026-09-21T00:40:38.141294787Z   File "/usr/local/lib/python3.13/site-packages/starlette/middleware/errors.py", line 186, in __call__
2026-09-21T00:40:38.141298764Z     raise exc
2026-09-21T00:40:38.141302722Z   File "/usr/local/lib/python3.13/site-packages/starlette/middleware/errors.py", line 164, in __call__
2026-09-21T00:40:38.141306660Z     await self.app(scope, receive, _send)
2026-09-21T00:40:38.141311199Z   File "/usr/local/lib/python3.13/site-packages/opentelemetry/instrumentation/asgi/__init__.py", line 806, in __call__
2026-09-21T00:40:38.141315137Z     await self.app(scope, otel_receive, otel_send)
2026-09-21T00:40:38.141319034Z   File "/usr/local/lib/python3.13/site-packages/starlette/middleware/errors.py", line 186, in __call__
2026-09-21T00:40:38.141322992Z     raise exc
2026-09-21T00:40:38.141326880Z   File "/usr/local/lib/python3.13/site-packages/starlette/middleware/errors.py", line 164, in __call__
2026-09-21T00:40:38.141330788Z     await self.app(scope, receive, _send)
2026-09-21T00:40:38.141334685Z   File "/usr/local/lib/python3.13/site-packages/opentelemetry/instrumentation/fastapi/__init__.py", line 305, in __call__
2026-09-21T00:40:38.141338593Z     await self.app(scope, receive, send)
2026-09-21T00:40:38.141342471Z   File "/usr/local/lib/python3.13/site-packages/prometheus_fastapi_instrumentator/middleware.py", line 177, in __call__
2026-09-21T00:40:38.141346358Z     raise exc
2026-09-21T00:40:38.141350266Z   File "/usr/local/lib/python3.13/site-packages/prometheus_fastapi_instrumentator/middleware.py", line 175, in __call__
2026-09-21T00:40:38.141379965Z     await self.app(scope, receive, send_wrapper)
2026-09-21T00:40:38.141384413Z   File "/usr/local/lib/python3.13/site-packages/starlette/middleware/exceptions.py", line 63, in __call__
2026-09-21T00:40:38.141389193Z     await wrap_app_handling_exceptions(self.app, conn)(scope, receive, send)
2026-09-21T00:40:38.141393061Z   File "/usr/local/lib/python3.13/site-packages/starlette/_exception_handler.py", line 53, in wrapped_app
2026-09-21T00:40:38.141396928Z     raise exc
2026-09-21T00:40:38.141400886Z   File "/usr/local/lib/python3.13/site-packages/starlette/_exception_handler.py", line 42, in wrapped_app
2026-09-21T00:40:38.141404764Z     await app(scope, receive, sender)
2026-09-21T00:40:38.141408651Z   File "/usr/local/lib/python3.13/site-packages/fastapi/middleware/asyncexitstack.py", line 18, in __call__
2026-09-21T00:40:38.141412569Z     await self.app(scope, receive, send)
2026-09-21T00:40:38.141416467Z   File "/usr/local/lib/python3.13/site-packages/starlette/routing.py", line 716, in __call__
2026-09-21T00:40:38.141420334Z     await self.middleware_stack(scope, receive, send)
2026-09-21T00:40:38.141424222Z   File "/usr/local/lib/python3.13/site-packages/starlette/routing.py", line 736, in app
2026-09-21T00:40:38.141428070Z     await route.handle(scope, receive, send)
2026-09-21T00:40:38.141431957Z   File "/usr/local/lib/python3.13/site-packages/starlette/routing.py", line 290, in handle
2026-09-21T00:40:38.141436717Z     await self.app(scope, receive, send)
2026-09-21T00:40:38.141441807Z   File "/usr/local/lib/python3.13/site-packages/fastapi/routing.py", line 134, in app
2026-09-21T00:40:38.141500162Z     await wrap_app_handling_exceptions(app, request)(scope, receive, send)
2026-09-21T00:40:38.141505362Z   File "/usr/local/lib/python3.13/site-packages/starlette/_exception_handler.py", line 53, in wrapped_app
2026-09-21T00:40:38.141509751Z     raise exc
2026-09-21T00:40:38.141513969Z   File "/usr/local/lib/python3.13/site-packages/starlette/_exception_handler.py", line 42, in wrapped_app
2026-09-21T00:40:38.141517967Z     await app(scope, receive, sender)
2026-09-21T00:40:38.141521885Z   File "/usr/local/lib/python3.13/site-packages/fastapi/routing.py", line 120, in app
2026-09-21T00:40:38.141526564Z     response = await f(request)
2026-09-21T00:40:38.141530452Z                ^^^^^^^^^^^^^^^^
2026-09-21T00:40:38.141534419Z   File "/usr/local/lib/python3.13/site-packages/fastapi/routing.py", line 674, in app
2026-09-21T00:40:38.141538347Z     raw_response = await run_endpoint_function(
2026-09-21T00:40:38.141542235Z                    ^^^^^^^^^^^^^^^^^^^^^^^^^^^^
2026-09-21T00:40:38.141546724Z     ...<3 lines>...
2026-09-21T00:40:38.141550682Z     )
2026-09-21T00:40:38.141554579Z     ^
2026-09-21T00:40:38.141558467Z   File "/usr/local/lib/python3.13/site-packages/fastapi/routing.py", line 330, in run_endpoint_function
2026-09-21T00:40:38.141562385Z     return await run_in_threadpool(dependant.call, **values)
2026-09-21T00:40:38.141566342Z            ^^^^^^^^^^^^^^^^^^^^^^^^^^^^^^^^^^^^^^^^^^^^^^^^^
2026-09-21T00:40:38.141598867Z   File "/usr/local/lib/python3.13/site-packages/starlette/concurrency.py", line 32, in run_in_threadpool
2026-09-21T00:40:38.141603686Z     return await anyio.to_thread.run_sync(func)
2026-09-21T00:40:38.141607975Z            ^^^^^^^^^^^^^^^^^^^^^^^^^^^^^^^^^^^^
2026-09-21T00:40:38.141612223Z   File "/usr/local/lib/python3.13/site-packages/anyio/to_thread.py", line 63, in run_sync
2026-09-21T00:40:38.141616461Z     return await get_async_backend().run_sync_in_worker_thread(
2026-09-21T00:40:38.141620700Z            ^^^^^^^^^^^^^^^^^^^^^^^^^^^^^^^^^^^^^^^^^^^^^^^^^^^^
2026-09-21T00:40:38.141625058Z         func, args, abandon_on_cancel=abandon_on_cancel, limiter=limiter
2026-09-21T00:40:38.141663113Z         ^^^^^^^^^^^^^^^^^^^^^^^^^^^^^^^^^^^^^^^^^^^^^^^^^^^^^^^^^^^^^^^^
2026-09-21T00:40:38.141667713Z     )
2026-09-21T00:40:38.141672021Z     ^
2026-09-21T00:40:38.141676289Z   File "/usr/local/lib/python3.13/site-packages/anyio/_backends/_asyncio.py", line 2518, in run_sync_in_worker_thread
2026-09-21T00:40:38.141680518Z     return await future
2026-09-21T00:40:38.141684746Z            ^^^^^^^^^^^^
2026-09-21T00:40:38.141688954Z   File "/usr/local/lib/python3.13/site-packages/anyio/_backends/_asyncio.py", line 1002, in run
2026-09-21T00:40:38.141693263Z     result = context.run(func, *args)
2026-09-21T00:40:38.141697521Z   File "/app/app/routers/orders.py", line 36, in checkout
2026-09-21T00:40:38.141701750Z     return create_order(
2026-09-21T00:40:38.141706068Z         db=db,
2026-09-21T00:40:38.141710397Z     ...<2 lines>...
2026-09-21T00:40:38.141714655Z         correlation_id=correlation_id,
2026-09-21T00:40:38.141718884Z     )
2026-09-21T00:40:38.141723192Z   File "/app/app/services/order_service.py", line 42, in create_order
2026-09-21T00:40:38.141727521Z     result = db.execute(
2026-09-21T00:40:38.141731769Z         select(ProductModel).where(ProductModel.id == product_id)
2026-09-21T00:40:38.141736037Z     )
2026-09-21T00:40:38.141740256Z   File "/usr/local/lib/python3.13/site-packages/sqlalchemy/orm/session.py", line 2372, in execute
2026-09-21T00:40:38.141744504Z     return self._execute_internal(
2026-09-21T00:40:38.141748722Z            ~~~~~~~~~~~~~~~~~~~~~~^
2026-09-21T00:40:38.141753091Z         statement,
2026-09-21T00:40:38.141757349Z         ^^^^^^^^^^
2026-09-21T00:40:38.141761688Z     ...<4 lines>...
2026-09-21T00:40:38.141765916Z         _add_event=_add_event,
2026-09-21T00:40:38.141770115Z         ^^^^^^^^^^^^^^^^^^^^^^
2026-09-21T00:40:38.141774293Z     )
2026-09-21T00:40:38.141778591Z     ^
2026-09-21T00:40:38.141782830Z   File "/usr/local/lib/python3.13/site-packages/sqlalchemy/orm/session.py", line 2260, in _execute_internal
2026-09-21T00:40:38.141787088Z     conn = self._connection_for_bind(bind)
2026-09-21T00:40:38.141791306Z   File "/usr/local/lib/python3.13/site-packages/sqlalchemy/orm/session.py", line 2112, in _connection_for_bind
2026-09-21T00:40:38.141795595Z     return trans._connection_for_bind(engine, execution_options)
2026-09-21T00:40:38.141799853Z            ~~~~~~~~~~~~~~~~~~~~~~~~~~^^^^^^^^^^^^^^^^^^^^^^^^^^^
2026-09-21T00:40:38.141808721Z   File "<string>", line 2, in _connection_for_bind
2026-09-21T00:40:38.141813099Z   File "/usr/local/lib/python3.13/site-packages/sqlalchemy/orm/state_changes.py", line 137, in _go
2026-09-21T00:40:38.141817338Z     ret_value = fn(self, *arg, **kw)
2026-09-21T00:40:38.141821566Z   File "/usr/local/lib/python3.13/site-packages/sqlalchemy/orm/session.py", line 1191, in _connection_for_bind
2026-09-21T00:40:38.141825825Z     conn = bind.connect()
2026-09-21T00:40:38.141830744Z   File "/usr/local/lib/python3.13/site-packages/opentelemetry/instrumentation/sqlalchemy/engine.py", line 200, in _wrap_connect_internal
2026-09-21T00:40:38.141835053Z     return func(*args, **kwargs)
2026-09-21T00:40:38.141839281Z   File "/usr/local/lib/python3.13/site-packages/sqlalchemy/engine/base.py", line 3295, in connect
2026-09-21T00:40:38.141843530Z     return self._connection_cls(self)
2026-09-21T00:40:38.141847778Z            ~~~~~~~~~~~~~~~~~~~~^^^^^^
2026-09-21T00:40:38.141852046Z   File "/usr/local/lib/python3.13/site-packages/sqlalchemy/engine/base.py", line 144, in __init__
2026-09-21T00:40:38.141856305Z     self._dbapi_connection = engine.raw_connection()
2026-09-21T00:40:38.141860513Z                              ~~~~~~~~~~~~~~~~~~~~~^^
2026-09-21T00:40:38.141874200Z   File "/usr/local/lib/python3.13/site-packages/sqlalchemy/engine/base.py", line 3319, in raw_connection
2026-09-21T00:40:38.141878749Z     return self.pool.connect()
2026-09-21T00:40:38.141883027Z            ~~~~~~~~~~~~~~~~~^^
2026-09-21T00:40:38.141926343Z   File "/usr/local/lib/python3.13/site-packages/sqlalchemy/pool/base.py", line 448, in connect
2026-09-21T00:40:38.141932635Z     return _ConnectionFairy._checkout(self)
2026-09-21T00:40:38.141937014Z            ~~~~~~~~~~~~~~~~~~~~~~~~~~^^^^^^
2026-09-21T00:40:38.141941272Z   File "/usr/local/lib/python3.13/site-packages/sqlalchemy/pool/base.py", line 1272, in _checkout
2026-09-21T00:40:38.141945531Z     fairy = _ConnectionRecord.checkout(pool)
2026-09-21T00:40:38.141949829Z   File "/usr/local/lib/python3.13/site-packages/sqlalchemy/pool/base.py", line 712, in checkout
2026-09-21T00:40:38.141954208Z     rec = pool._do_get()
2026-09-21T00:40:38.141958456Z   File "/usr/local/lib/python3.13/site-packages/sqlalchemy/pool/impl.py", line 167, in _do_get
2026-09-21T00:40:38.141962685Z     raise exc.TimeoutError(
2026-09-21T00:40:38.141966903Z     ...<4 lines>...
2026-09-21T00:40:38.141971211Z     )
2026-09-21T00:40:38.141976602Z sqlalchemy.exc.TimeoutError: QueuePool limit of size 5 overflow 10 reached, connection timed out, timeout 30.00 (Background on this error at: https://sqlalche.me/e/20/3o7r)
2026-09-21T00:40:38.546448767Z ERROR:    Exception in ASGI application
2026-09-21T00:40:38.546478005Z Traceback (most recent call last):
2026-09-21T00:40:38.546480560Z   File "/usr/local/lib/python3.13/site-packages/uvicorn/protocols/http/httptools_impl.py", line 421, in run_asgi
2026-09-21T00:40:38.546482935Z     result = await app(  # type: ignore[func-returns-value]
2026-09-21T00:40:38.546484909Z              ^^^^^^^^^^^^^^^^^^^^^^^^^^^^^^^^^^^^^^^^^^^^^^
2026-09-21T00:40:38.546487073Z         self.scope, self.receive, self.send
2026-09-21T00:40:38.546489027Z         ^^^^^^^^^^^^^^^^^^^^^^^^^^^^^^^^^^^
2026-09-21T00:40:38.546490930Z     )
2026-09-21T00:40:38.546492944Z     ^
2026-09-21T00:40:38.546494898Z   File "/usr/local/lib/python3.13/site-packages/uvicorn/middleware/proxy_headers.py", line 63, in __call__
2026-09-21T00:40:38.546496812Z     return await self.app(scope, receive, send)
2026-09-21T00:40:38.546498686Z            ^^^^^^^^^^^^^^^^^^^^^^^^^^^^^^^^^^^^
2026-09-21T00:40:38.546501251Z   File "/usr/local/lib/python3.13/site-packages/fastapi/applications.py", line 1159, in __call__
2026-09-21T00:40:38.546503155Z     await super().__call__(scope, receive, send)
2026-09-21T00:40:38.546505078Z   File "/usr/local/lib/python3.13/site-packages/starlette/applications.py", line 107, in __call__
2026-09-21T00:40:38.546507022Z     await self.middleware_stack(scope, receive, send)
2026-09-21T00:40:38.546508926Z   File "/usr/local/lib/python3.13/site-packages/starlette/middleware/errors.py", line 186, in __call__
2026-09-21T00:40:38.546510880Z     raise exc
2026-09-21T00:40:38.546512794Z   File "/usr/local/lib/python3.13/site-packages/starlette/middleware/errors.py", line 164, in __call__
2026-09-21T00:40:38.546514707Z     await self.app(scope, receive, _send)
2026-09-21T00:40:38.546517112Z   File "/usr/local/lib/python3.13/site-packages/opentelemetry/instrumentation/asgi/__init__.py", line 806, in __call__
2026-09-21T00:40:38.546519046Z     await self.app(scope, otel_receive, otel_send)
2026-09-21T00:40:38.546521000Z   File "/usr/local/lib/python3.13/site-packages/starlette/middleware/errors.py", line 186, in __call__
2026-09-21T00:40:38.546522934Z     raise exc
2026-09-21T00:40:38.546524857Z   File "/usr/local/lib/python3.13/site-packages/starlette/middleware/errors.py", line 164, in __call__
2026-09-21T00:40:38.546556750Z     await self.app(scope, receive, _send)
2026-09-21T00:40:38.546561279Z   File "/usr/local/lib/python3.13/site-packages/opentelemetry/instrumentation/fastapi/__init__.py", line 305, in __call__
2026-09-21T00:40:38.546563223Z     await self.app(scope, receive, send)
2026-09-21T00:40:38.546565117Z   File "/usr/local/lib/python3.13/site-packages/prometheus_fastapi_instrumentator/middleware.py", line 177, in __call__
2026-09-21T00:40:38.546567031Z     raise exc
2026-09-21T00:40:38.546569295Z   File "/usr/local/lib/python3.13/site-packages/prometheus_fastapi_instrumentator/middleware.py", line 175, in __call__
2026-09-21T00:40:38.546571269Z     await self.app(scope, receive, send_wrapper)
2026-09-21T00:40:38.546573153Z   File "/usr/local/lib/python3.13/site-packages/starlette/middleware/exceptions.py", line 63, in __call__
2026-09-21T00:40:38.546575688Z     await wrap_app_handling_exceptions(self.app, conn)(scope, receive, send)
2026-09-21T00:40:38.546577611Z   File "/usr/local/lib/python3.13/site-packages/starlette/_exception_handler.py", line 53, in wrapped_app
2026-09-21T00:40:38.546579495Z     raise exc
2026-09-21T00:40:38.546581399Z   File "/usr/local/lib/python3.13/site-packages/starlette/_exception_handler.py", line 42, in wrapped_app
2026-09-21T00:40:38.546583283Z     await app(scope, receive, sender)
2026-09-21T00:40:38.546585156Z   File "/usr/local/lib/python3.13/site-packages/fastapi/middleware/asyncexitstack.py", line 18, in __call__
2026-09-21T00:40:38.546587050Z     await self.app(scope, receive, send)
2026-09-21T00:40:38.546588934Z   File "/usr/local/lib/python3.13/site-packages/starlette/routing.py", line 716, in __call__
2026-09-21T00:40:38.546590838Z     await self.middleware_stack(scope, receive, send)
2026-09-21T00:40:38.546592731Z   File "/usr/local/lib/python3.13/site-packages/starlette/routing.py", line 736, in app
2026-09-21T00:40:38.546594625Z     await route.handle(scope, receive, send)
2026-09-21T00:40:38.546596529Z   File "/usr/local/lib/python3.13/site-packages/starlette/routing.py", line 290, in handle
2026-09-21T00:40:38.546598503Z     await self.app(scope, receive, send)
2026-09-21T00:40:38.546600376Z   File "/usr/local/lib/python3.13/site-packages/fastapi/routing.py", line 134, in app
2026-09-21T00:40:38.546602240Z     await wrap_app_handling_exceptions(app, request)(scope, receive, send)
2026-09-21T00:40:38.546604134Z   File "/usr/local/lib/python3.13/site-packages/starlette/_exception_handler.py", line 53, in wrapped_app
2026-09-21T00:40:38.546606038Z     raise exc
2026-09-21T00:40:38.546607911Z   File "/usr/local/lib/python3.13/site-packages/starlette/_exception_handler.py", line 42, in wrapped_app
2026-09-21T00:40:38.546609795Z     await app(scope, receive, sender)
2026-09-21T00:40:38.546611669Z   File "/usr/local/lib/python3.13/site-packages/fastapi/routing.py", line 120, in app
2026-09-21T00:40:38.546614464Z     response = await f(request)
2026-09-21T00:40:38.546616358Z                ^^^^^^^^^^^^^^^^
2026-09-21T00:40:38.546618232Z   File "/usr/local/lib/python3.13/site-packages/fastapi/routing.py", line 674, in app
2026-09-21T00:40:38.546620105Z     raw_response = await run_endpoint_function(
2026-09-21T00:40:38.546622019Z                    ^^^^^^^^^^^^^^^^^^^^^^^^^^^^
2026-09-21T00:40:38.546624724Z     ...<3 lines>...
2026-09-21T00:40:38.546626598Z     )
2026-09-21T00:40:38.546628512Z     ^
2026-09-21T00:40:38.546630386Z   File "/usr/local/lib/python3.13/site-packages/fastapi/routing.py", line 330, in run_endpoint_function
2026-09-21T00:40:38.546632259Z     return await run_in_threadpool(dependant.call, **values)
2026-09-21T00:40:38.546634133Z            ^^^^^^^^^^^^^^^^^^^^^^^^^^^^^^^^^^^^^^^^^^^^^^^^^
2026-09-21T00:40:38.546662449Z   File "/usr/local/lib/python3.13/site-packages/starlette/concurrency.py", line 32, in run_in_threadpool
2026-09-21T00:40:38.546664693Z     return await anyio.to_thread.run_sync(func)
2026-09-21T00:40:38.546666617Z            ^^^^^^^^^^^^^^^^^^^^^^^^^^^^^^^^^^^^
2026-09-21T00:40:38.546668511Z   File "/usr/local/lib/python3.13/site-packages/anyio/to_thread.py", line 63, in run_sync
2026-09-21T00:40:38.546670795Z     return await get_async_backend().run_sync_in_worker_thread(
2026-09-21T00:40:38.546672669Z            ^^^^^^^^^^^^^^^^^^^^^^^^^^^^^^^^^^^^^^^^^^^^^^^^^^^^
2026-09-21T00:40:38.546674563Z         func, args, abandon_on_cancel=abandon_on_cancel, limiter=limiter
2026-09-21T00:40:38.546676446Z         ^^^^^^^^^^^^^^^^^^^^^^^^^^^^^^^^^^^^^^^^^^^^^^^^^^^^^^^^^^^^^^^^
2026-09-21T00:40:38.546678380Z     )
2026-09-21T00:40:38.546680284Z     ^
2026-09-21T00:40:38.546685314Z   File "/usr/local/lib/python3.13/site-packages/anyio/_backends/_asyncio.py", line 2518, in run_sync_in_worker_thread
2026-09-21T00:40:38.546687278Z     return await future
2026-09-21T00:40:38.546689182Z            ^^^^^^^^^^^^
2026-09-21T00:40:38.546691045Z   File "/usr/local/lib/python3.13/site-packages/anyio/_backends/_asyncio.py", line 1002, in run
2026-09-21T00:40:38.546692929Z     result = context.run(func, *args)
2026-09-21T00:40:38.546694883Z   File "/app/app/routers/orders.py", line 36, in checkout
2026-09-21T00:40:38.546696877Z     return create_order(
2026-09-21T00:40:38.546698791Z         db=db,
2026-09-21T00:40:38.546700764Z     ...<2 lines>...
2026-09-21T00:40:38.546702668Z         correlation_id=correlation_id,
2026-09-21T00:40:38.546704562Z     )
2026-09-21T00:40:38.546706496Z   File "/app/app/services/order_service.py", line 42, in create_order
2026-09-21T00:40:38.546708390Z     result = db.execute(
2026-09-21T00:40:38.546710293Z         select(ProductModel).where(ProductModel.id == product_id)
2026-09-21T00:40:38.546712217Z     )
2026-09-21T00:40:38.546714261Z   File "/usr/local/lib/python3.13/site-packages/sqlalchemy/orm/session.py", line 2372, in execute
2026-09-21T00:40:38.546716165Z     return self._execute_internal(
2026-09-21T00:40:38.546718049Z            ~~~~~~~~~~~~~~~~~~~~~~^
2026-09-21T00:40:38.546719942Z         statement,
2026-09-21T00:40:38.546721816Z         ^^^^^^^^^^
2026-09-21T00:40:38.546723690Z     ...<4 lines>...
2026-09-21T00:40:38.546725573Z         _add_event=_add_event,
2026-09-21T00:40:38.546727477Z         ^^^^^^^^^^^^^^^^^^^^^^
2026-09-21T00:40:38.546729341Z     )
2026-09-21T00:40:38.546731215Z     ^
2026-09-21T00:40:38.546733168Z   File "/usr/local/lib/python3.13/site-packages/sqlalchemy/orm/session.py", line 2260, in _execute_internal
2026-09-21T00:40:38.546735072Z     conn = self._connection_for_bind(bind)
2026-09-21T00:40:38.546739291Z   File "/usr/local/lib/python3.13/site-packages/sqlalchemy/orm/session.py", line 2112, in _connection_for_bind
2026-09-21T00:40:38.546741224Z     return trans._connection_for_bind(engine, execution_options)
2026-09-21T00:40:38.546743138Z            ~~~~~~~~~~~~~~~~~~~~~~~~~~^^^^^^^^^^^^^^^^^^^^^^^^^^^
2026-09-21T00:40:38.546746986Z   File "<string>", line 2, in _connection_for_bind
2026-09-21T00:40:38.546748920Z   File "/usr/local/lib/python3.13/site-packages/sqlalchemy/orm/state_changes.py", line 137, in _go
2026-09-21T00:40:38.546750813Z     ret_value = fn(self, *arg, **kw)
2026-09-21T00:40:38.546752687Z   File "/usr/local/lib/python3.13/site-packages/sqlalchemy/orm/session.py", line 1191, in _connection_for_bind
2026-09-21T00:40:38.546754571Z     conn = bind.connect()
2026-09-21T00:40:38.546761875Z   File "/usr/local/lib/python3.13/site-packages/opentelemetry/instrumentation/sqlalchemy/engine.py", line 200, in _wrap_connect_internal
2026-09-21T00:40:38.546763859Z     return func(*args, **kwargs)
2026-09-21T00:40:38.546765753Z   File "/usr/local/lib/python3.13/site-packages/sqlalchemy/engine/base.py", line 3295, in connect
2026-09-21T00:40:38.546767677Z     return self._connection_cls(self)
2026-09-21T00:40:38.546769560Z            ~~~~~~~~~~~~~~~~~~~~^^^^^^
2026-09-21T00:40:38.546771444Z   File "/usr/local/lib/python3.13/site-packages/sqlalchemy/engine/base.py", line 144, in __init__
2026-09-21T00:40:38.546773318Z     self._dbapi_connection = engine.raw_connection()
2026-09-21T00:40:38.546775191Z                              ~~~~~~~~~~~~~~~~~~~~~^^
2026-09-21T00:40:38.546777075Z   File "/usr/local/lib/python3.13/site-packages/sqlalchemy/engine/base.py", line 3319, in raw_connection
2026-09-21T00:40:38.546778969Z     return self.pool.connect()
2026-09-21T00:40:38.546780953Z            ~~~~~~~~~~~~~~~~~^^
2026-09-21T00:40:38.546782877Z   File "/usr/local/lib/python3.13/site-packages/sqlalchemy/pool/base.py", line 448, in connect
2026-09-21T00:40:38.546784750Z     return _ConnectionFairy._checkout(self)
2026-09-21T00:40:38.546786624Z            ~~~~~~~~~~~~~~~~~~~~~~~~~~^^^^^^
2026-09-21T00:40:38.546788508Z   File "/usr/local/lib/python3.13/site-packages/sqlalchemy/pool/base.py", line 1272, in _checkout
2026-09-21T00:40:38.546790371Z     fairy = _ConnectionRecord.checkout(pool)
2026-09-21T00:40:38.546792265Z   File "/usr/local/lib/python3.13/site-packages/sqlalchemy/pool/base.py", line 712, in checkout
2026-09-21T00:40:38.546794149Z     rec = pool._do_get()
2026-09-21T00:40:38.546796043Z   File "/usr/local/lib/python3.13/site-packages/sqlalchemy/pool/impl.py", line 167, in _do_get
2026-09-21T00:40:38.546797936Z     raise exc.TimeoutError(
2026-09-21T00:40:38.546799850Z     ...<4 lines>...
2026-09-21T00:40:38.546801734Z     )
2026-09-21T00:40:38.546804279Z sqlalchemy.exc.TimeoutError: QueuePool limit of size 5 overflow 10 reached, connection timed out, timeout 30.00 (Background on this error at: https://sqlalche.me/e/20/3o7r)
2026-09-21T00:40:38.559730849Z ERROR:    Exception in ASGI application
2026-09-21T00:40:38.559767581Z Traceback (most recent call last):
2026-09-21T00:40:38.559774265Z   File "/usr/local/lib/python3.13/site-packages/uvicorn/protocols/http/httptools_impl.py", line 421, in run_asgi
2026-09-21T00:40:38.559777080Z     result = await app(  # type: ignore[func-returns-value]
2026-09-21T00:40:38.559779014Z              ^^^^^^^^^^^^^^^^^^^^^^^^^^^^^^^^^^^^^^^^^^^^^^
2026-09-21T00:40:38.559781008Z         self.scope, self.receive, self.send
2026-09-21T00:40:38.559782892Z         ^^^^^^^^^^^^^^^^^^^^^^^^^^^^^^^^^^^
2026-09-21T00:40:38.559784795Z     )
2026-09-21T00:40:38.559786749Z     ^
2026-09-21T00:40:38.559788803Z   File "/usr/local/lib/python3.13/site-packages/uvicorn/middleware/proxy_headers.py", line 63, in __call__
2026-09-21T00:40:38.559790747Z     return await self.app(scope, receive, send)
2026-09-21T00:40:38.559792811Z            ^^^^^^^^^^^^^^^^^^^^^^^^^^^^^^^^^^^^
2026-09-21T00:40:38.559795306Z   File "/usr/local/lib/python3.13/site-packages/fastapi/applications.py", line 1159, in __call__
2026-09-21T00:40:38.559797611Z     await super().__call__(scope, receive, send)
2026-09-21T00:40:38.559799705Z   File "/usr/local/lib/python3.13/site-packages/starlette/applications.py", line 107, in __call__
2026-09-21T00:40:38.559801659Z     await self.middleware_stack(scope, receive, send)
2026-09-21T00:40:38.559803542Z   File "/usr/local/lib/python3.13/site-packages/starlette/middleware/errors.py", line 186, in __call__
2026-09-21T00:40:38.559805466Z     raise exc
2026-09-21T00:40:38.559825315Z   File "/usr/local/lib/python3.13/site-packages/starlette/middleware/errors.py", line 164, in __call__
2026-09-21T00:40:38.559827379Z     await self.app(scope, receive, _send)
2026-09-21T00:40:38.559829864Z   File "/usr/local/lib/python3.13/site-packages/opentelemetry/instrumentation/asgi/__init__.py", line 806, in __call__
2026-09-21T00:40:38.559831778Z     await self.app(scope, otel_receive, otel_send)
2026-09-21T00:40:38.559833672Z   File "/usr/local/lib/python3.13/site-packages/starlette/middleware/errors.py", line 186, in __call__
2026-09-21T00:40:38.559835565Z     raise exc
2026-09-21T00:40:38.559837429Z   File "/usr/local/lib/python3.13/site-packages/starlette/middleware/errors.py", line 164, in __call__
2026-09-21T00:40:38.559839313Z     await self.app(scope, receive, _send)
2026-09-21T00:40:38.559841197Z   File "/usr/local/lib/python3.13/site-packages/opentelemetry/instrumentation/fastapi/__init__.py", line 305, in __call__
2026-09-21T00:40:38.559843100Z     await self.app(scope, receive, send)
2026-09-21T00:40:38.559845014Z   File "/usr/local/lib/python3.13/site-packages/prometheus_fastapi_instrumentator/middleware.py", line 177, in __call__
2026-09-21T00:40:38.559847058Z     raise exc
2026-09-21T00:40:38.559848952Z   File "/usr/local/lib/python3.13/site-packages/prometheus_fastapi_instrumentator/middleware.py", line 175, in __call__
2026-09-21T00:40:38.559850836Z     await self.app(scope, receive, send_wrapper)
2026-09-21T00:40:38.559852719Z   File "/usr/local/lib/python3.13/site-packages/starlette/middleware/exceptions.py", line 63, in __call__
2026-09-21T00:40:38.559896396Z     await wrap_app_handling_exceptions(self.app, conn)(scope, receive, send)
2026-09-21T00:40:38.559906445Z   File "/usr/local/lib/python3.13/site-packages/starlette/_exception_handler.py", line 53, in wrapped_app
2026-09-21T00:40:38.559908570Z     raise exc
2026-09-21T00:40:38.559910543Z   File "/usr/local/lib/python3.13/site-packages/starlette/_exception_handler.py", line 42, in wrapped_app
2026-09-21T00:40:38.559912457Z     await app(scope, receive, sender)
2026-09-21T00:40:38.559914491Z   File "/usr/local/lib/python3.13/site-packages/fastapi/middleware/asyncexitstack.py", line 18, in __call__
2026-09-21T00:40:38.559916405Z     await self.app(scope, receive, send)
2026-09-21T00:40:38.559918299Z   File "/usr/local/lib/python3.13/site-packages/starlette/routing.py", line 716, in __call__
2026-09-21T00:40:38.559920192Z     await self.middleware_stack(scope, receive, send)
2026-09-21T00:40:38.559922096Z   File "/usr/local/lib/python3.13/site-packages/starlette/routing.py", line 736, in app
2026-09-21T00:40:38.559924010Z     await route.handle(scope, receive, send)
2026-09-21T00:40:38.559926305Z   File "/usr/local/lib/python3.13/site-packages/starlette/routing.py", line 290, in handle
2026-09-21T00:40:38.559928198Z     await self.app(scope, receive, send)
2026-09-21T00:40:38.559930072Z   File "/usr/local/lib/python3.13/site-packages/fastapi/routing.py", line 134, in app
2026-09-21T00:40:38.559932056Z     await wrap_app_handling_exceptions(app, request)(scope, receive, send)
2026-09-21T00:40:38.559933930Z   File "/usr/local/lib/python3.13/site-packages/starlette/_exception_handler.py", line 53, in wrapped_app
2026-09-21T00:40:38.559935813Z     raise exc
2026-09-21T00:40:38.559937707Z   File "/usr/local/lib/python3.13/site-packages/starlette/_exception_handler.py", line 42, in wrapped_app
2026-09-21T00:40:38.559939601Z     await app(scope, receive, sender)
2026-09-21T00:40:38.559941485Z   File "/usr/local/lib/python3.13/site-packages/fastapi/routing.py", line 120, in app
2026-09-21T00:40:38.559944781Z     response = await f(request)
2026-09-21T00:40:38.559946655Z                ^^^^^^^^^^^^^^^^
2026-09-21T00:40:38.559957727Z   File "/usr/local/lib/python3.13/site-packages/fastapi/routing.py", line 674, in app
2026-09-21T00:40:38.559959690Z     raw_response = await run_endpoint_function(
2026-09-21T00:40:38.559961584Z                    ^^^^^^^^^^^^^^^^^^^^^^^^^^^^
2026-09-21T00:40:38.559966324Z     ...<3 lines>...
2026-09-21T00:40:38.559968718Z     )
2026-09-21T00:40:38.559970642Z     ^
2026-09-21T00:40:38.559972676Z   File "/usr/local/lib/python3.13/site-packages/fastapi/routing.py", line 330, in run_endpoint_function
2026-09-21T00:40:38.559974660Z     return await run_in_threadpool(dependant.call, **values)
2026-09-21T00:40:38.559976564Z            ^^^^^^^^^^^^^^^^^^^^^^^^^^^^^^^^^^^^^^^^^^^^^^^^^
2026-09-21T00:40:38.559986323Z   File "/usr/local/lib/python3.13/site-packages/starlette/concurrency.py", line 32, in run_in_threadpool
2026-09-21T00:40:38.559988407Z     return await anyio.to_thread.run_sync(func)
2026-09-21T00:40:38.559990331Z            ^^^^^^^^^^^^^^^^^^^^^^^^^^^^^^^^^^^^
2026-09-21T00:40:38.559992275Z   File "/usr/local/lib/python3.13/site-packages/anyio/to_thread.py", line 63, in run_sync
2026-09-21T00:40:38.559994158Z     return await get_async_backend().run_sync_in_worker_thread(
2026-09-21T00:40:38.559996042Z            ^^^^^^^^^^^^^^^^^^^^^^^^^^^^^^^^^^^^^^^^^^^^^^^^^^^^
2026-09-21T00:40:38.559997916Z         func, args, abandon_on_cancel=abandon_on_cancel, limiter=limiter
2026-09-21T00:40:38.559999800Z         ^^^^^^^^^^^^^^^^^^^^^^^^^^^^^^^^^^^^^^^^^^^^^^^^^^^^^^^^^^^^^^^^
2026-09-21T00:40:38.560001854Z     )
2026-09-21T00:40:38.560003757Z     ^
2026-09-21T00:40:38.560005741Z   File "/usr/local/lib/python3.13/site-packages/anyio/_backends/_asyncio.py", line 2518, in run_sync_in_worker_thread
2026-09-21T00:40:38.560007625Z     return await future
2026-09-21T00:40:38.560009509Z            ^^^^^^^^^^^^
2026-09-21T00:40:38.560011382Z   File "/usr/local/lib/python3.13/site-packages/anyio/_backends/_asyncio.py", line 1002, in run
2026-09-21T00:40:38.560013296Z     result = context.run(func, *args)
2026-09-21T00:40:38.560015430Z   File "/app/app/routers/orders.py", line 36, in checkout
2026-09-21T00:40:38.560017494Z     return create_order(
2026-09-21T00:40:38.560019508Z         db=db,
2026-09-21T00:40:38.560021542Z     ...<2 lines>...
2026-09-21T00:40:38.560023436Z         correlation_id=correlation_id,
2026-09-21T00:40:38.560025320Z     )
2026-09-21T00:40:38.560027244Z   File "/app/app/services/order_service.py", line 42, in create_order
2026-09-21T00:40:38.560029168Z     result = db.execute(
2026-09-21T00:40:38.560031192Z         select(ProductModel).where(ProductModel.id == product_id)
2026-09-21T00:40:38.560033065Z     )
2026-09-21T00:40:38.560034949Z   File "/usr/local/lib/python3.13/site-packages/sqlalchemy/orm/session.py", line 2372, in execute
2026-09-21T00:40:38.560036823Z     return self._execute_internal(
2026-09-21T00:40:38.560038716Z            ~~~~~~~~~~~~~~~~~~~~~~^
2026-09-21T00:40:38.560040590Z         statement,
2026-09-21T00:40:38.560042474Z         ^^^^^^^^^^
2026-09-21T00:40:38.560044438Z     ...<4 lines>...
2026-09-21T00:40:38.560046311Z         _add_event=_add_event,
2026-09-21T00:40:38.560048195Z         ^^^^^^^^^^^^^^^^^^^^^^
2026-09-21T00:40:38.560050059Z     )
2026-09-21T00:40:38.560051963Z     ^
2026-09-21T00:40:38.560053866Z   File "/usr/local/lib/python3.13/site-packages/sqlalchemy/orm/session.py", line 2260, in _execute_internal
2026-09-21T00:40:38.560055750Z     conn = self._connection_for_bind(bind)
2026-09-21T00:40:38.560057664Z   File "/usr/local/lib/python3.13/site-packages/sqlalchemy/orm/session.py", line 2112, in _connection_for_bind
2026-09-21T00:40:38.560064417Z     return trans._connection_for_bind(engine, execution_options)
2026-09-21T00:40:38.560066351Z            ~~~~~~~~~~~~~~~~~~~~~~~~~~^^^^^^^^^^^^^^^^^^^^^^^^^^^
2026-09-21T00:40:38.560068225Z   File "<string>", line 2, in _connection_for_bind
2026-09-21T00:40:38.560070118Z   File "/usr/local/lib/python3.13/site-packages/sqlalchemy/orm/state_changes.py", line 137, in _go
2026-09-21T00:40:38.560072152Z     ret_value = fn(self, *arg, **kw)
2026-09-21T00:40:38.560074036Z   File "/usr/local/lib/python3.13/site-packages/sqlalchemy/orm/session.py", line 1191, in _connection_for_bind
2026-09-21T00:40:38.560075930Z     conn = bind.connect()
2026-09-21T00:40:38.560078785Z   File "/usr/local/lib/python3.13/site-packages/opentelemetry/instrumentation/sqlalchemy/engine.py", line 200, in _wrap_connect_internal
2026-09-21T00:40:38.560080699Z     return func(*args, **kwargs)
2026-09-21T00:40:38.560082773Z   File "/usr/local/lib/python3.13/site-packages/sqlalchemy/engine/base.py", line 3295, in connect
2026-09-21T00:40:38.560084657Z     return self._connection_cls(self)
2026-09-21T00:40:38.560086541Z            ~~~~~~~~~~~~~~~~~~~~^^^^^^
2026-09-21T00:40:38.560088434Z   File "/usr/local/lib/python3.13/site-packages/sqlalchemy/engine/base.py", line 144, in __init__
2026-09-21T00:40:38.560090338Z     self._dbapi_connection = engine.raw_connection()
2026-09-21T00:40:38.560092212Z                              ~~~~~~~~~~~~~~~~~~~~~^^
2026-09-21T00:40:38.560094416Z   File "/usr/local/lib/python3.13/site-packages/sqlalchemy/engine/base.py", line 3319, in raw_connection
2026-09-21T00:40:38.560096290Z     return self.pool.connect()
2026-09-21T00:40:38.560098174Z            ~~~~~~~~~~~~~~~~~^^
2026-09-21T00:40:38.560100098Z   File "/usr/local/lib/python3.13/site-packages/sqlalchemy/pool/base.py", line 448, in connect
2026-09-21T00:40:38.560101981Z     return _ConnectionFairy._checkout(self)
2026-09-21T00:40:38.560103885Z            ~~~~~~~~~~~~~~~~~~~~~~~~~~^^^^^^
2026-09-21T00:40:38.560105779Z   File "/usr/local/lib/python3.13/site-packages/sqlalchemy/pool/base.py", line 1272, in _checkout
2026-09-21T00:40:38.560107652Z     fairy = _ConnectionRecord.checkout(pool)
2026-09-21T00:40:38.560109526Z   File "/usr/local/lib/python3.13/site-packages/sqlalchemy/pool/base.py", line 712, in checkout
2026-09-21T00:40:38.560111400Z     rec = pool._do_get()
2026-09-21T00:40:38.560113374Z   File "/usr/local/lib/python3.13/site-packages/sqlalchemy/pool/impl.py", line 167, in _do_get
2026-09-21T00:40:38.560115257Z     raise exc.TimeoutError(
2026-09-21T00:40:38.560117131Z     ...<4 lines>...
2026-09-21T00:40:38.560119055Z     )
2026-09-21T00:40:38.560121610Z sqlalchemy.exc.TimeoutError: QueuePool limit of size 5 overflow 10 reached, connection timed out, timeout 30.00 (Background on this error at: https://sqlalche.me/e/20/3o7r)
2026-09-21T00:40:38.814416182Z ERROR:    Exception in ASGI application
2026-09-21T00:40:38.814448315Z Traceback (most recent call last):
2026-09-21T00:40:38.814451121Z   File "/usr/local/lib/python3.13/site-packages/uvicorn/protocols/http/httptools_impl.py", line 421, in run_asgi
2026-09-21T00:40:38.814457794Z     result = await app(  # type: ignore[func-returns-value]
2026-09-21T00:40:38.814459758Z              ^^^^^^^^^^^^^^^^^^^^^^^^^^^^^^^^^^^^^^^^^^^^^^
2026-09-21T00:40:38.814461822Z         self.scope, self.receive, self.send
2026-09-21T00:40:38.814463726Z         ^^^^^^^^^^^^^^^^^^^^^^^^^^^^^^^^^^^
2026-09-21T00:40:38.814465630Z     )
2026-09-21T00:40:38.814467563Z     ^
2026-09-21T00:40:38.814469497Z   File "/usr/local/lib/python3.13/site-packages/uvicorn/middleware/proxy_headers.py", line 63, in __call__
2026-09-21T00:40:38.814471421Z     return await self.app(scope, receive, send)
2026-09-21T00:40:38.814488906Z            ^^^^^^^^^^^^^^^^^^^^^^^^^^^^^^^^^^^^
2026-09-21T00:40:38.814491561Z   File "/usr/local/lib/python3.13/site-packages/fastapi/applications.py", line 1159, in __call__
2026-09-21T00:40:38.814493505Z     await super().__call__(scope, receive, send)
2026-09-21T00:40:38.814495388Z   File "/usr/local/lib/python3.13/site-packages/starlette/applications.py", line 107, in __call__
2026-09-21T00:40:38.814497472Z     await self.middleware_stack(scope, receive, send)
2026-09-21T00:40:38.814499356Z   File "/usr/local/lib/python3.13/site-packages/starlette/middleware/errors.py", line 186, in __call__
2026-09-21T00:40:38.814501280Z     raise exc
2026-09-21T00:40:38.814503224Z   File "/usr/local/lib/python3.13/site-packages/starlette/middleware/errors.py", line 164, in __call__
2026-09-21T00:40:38.814505158Z     await self.app(scope, receive, _send)
2026-09-21T00:40:38.814507522Z   File "/usr/local/lib/python3.13/site-packages/opentelemetry/instrumentation/asgi/__init__.py", line 806, in __call__
2026-09-21T00:40:38.814509667Z     await self.app(scope, otel_receive, otel_send)
2026-09-21T00:40:38.814511590Z   File "/usr/local/lib/python3.13/site-packages/starlette/middleware/errors.py", line 186, in __call__
2026-09-21T00:40:38.814513494Z     raise exc
2026-09-21T00:40:38.814515398Z   File "/usr/local/lib/python3.13/site-packages/starlette/middleware/errors.py", line 164, in __call__
2026-09-21T00:40:38.814517282Z     await self.app(scope, receive, _send)
2026-09-21T00:40:38.814519155Z   File "/usr/local/lib/python3.13/site-packages/opentelemetry/instrumentation/fastapi/__init__.py", line 305, in __call__
2026-09-21T00:40:38.814521119Z     await self.app(scope, receive, send)
2026-09-21T00:40:38.814523093Z   File "/usr/local/lib/python3.13/site-packages/prometheus_fastapi_instrumentator/middleware.py", line 177, in __call__
2026-09-21T00:40:38.814524997Z     raise exc
2026-09-21T00:40:38.814526891Z   File "/usr/local/lib/python3.13/site-packages/prometheus_fastapi_instrumentator/middleware.py", line 175, in __call__
2026-09-21T00:40:38.814528784Z     await self.app(scope, receive, send_wrapper)
2026-09-21T00:40:38.814530668Z   File "/usr/local/lib/python3.13/site-packages/starlette/middleware/exceptions.py", line 63, in __call__
2026-09-21T00:40:38.814533724Z     await wrap_app_handling_exceptions(self.app, conn)(scope, receive, send)
2026-09-21T00:40:38.814535608Z   File "/usr/local/lib/python3.13/site-packages/starlette/_exception_handler.py", line 53, in wrapped_app
2026-09-21T00:40:38.814620605Z     raise exc
2026-09-21T00:40:38.814627479Z   File "/usr/local/lib/python3.13/site-packages/starlette/_exception_handler.py", line 42, in wrapped_app
2026-09-21T00:40:38.814629673Z     await app(scope, receive, sender)
2026-09-21T00:40:38.814631637Z   File "/usr/local/lib/python3.13/site-packages/fastapi/middleware/asyncexitstack.py", line 18, in __call__
2026-09-21T00:40:38.814633581Z     await self.app(scope, receive, send)
2026-09-21T00:40:38.814635495Z   File "/usr/local/lib/python3.13/site-packages/starlette/routing.py", line 716, in __call__
2026-09-21T00:40:38.814637439Z     await self.middleware_stack(scope, receive, send)
2026-09-21T00:40:38.814639332Z   File "/usr/local/lib/python3.13/site-packages/starlette/routing.py", line 736, in app
2026-09-21T00:40:38.814641256Z     await route.handle(scope, receive, send)
2026-09-21T00:40:38.814643160Z   File "/usr/local/lib/python3.13/site-packages/starlette/routing.py", line 290, in handle
2026-09-21T00:40:38.814645094Z     await self.app(scope, receive, send)
2026-09-21T00:40:38.814647008Z   File "/usr/local/lib/python3.13/site-packages/fastapi/routing.py", line 134, in app
2026-09-21T00:40:38.814657158Z     await wrap_app_handling_exceptions(app, request)(scope, receive, send)
2026-09-21T00:40:38.814659162Z   File "/usr/local/lib/python3.13/site-packages/starlette/_exception_handler.py", line 53, in wrapped_app
2026-09-21T00:40:38.814661055Z     raise exc
2026-09-21T00:40:38.814662969Z   File "/usr/local/lib/python3.13/site-packages/starlette/_exception_handler.py", line 42, in wrapped_app
2026-09-21T00:40:38.814664853Z     await app(scope, receive, sender)
2026-09-21T00:40:38.814666767Z   File "/usr/local/lib/python3.13/site-packages/fastapi/routing.py", line 120, in app
2026-09-21T00:40:38.814669221Z     response = await f(request)
2026-09-21T00:40:38.814671105Z                ^^^^^^^^^^^^^^^^
2026-09-21T00:40:38.814672979Z   File "/usr/local/lib/python3.13/site-packages/fastapi/routing.py", line 674, in app
2026-09-21T00:40:38.814674873Z     raw_response = await run_endpoint_function(
2026-09-21T00:40:38.814676766Z                    ^^^^^^^^^^^^^^^^^^^^^^^^^^^^
2026-09-21T00:40:38.814679722Z     ...<3 lines>...
2026-09-21T00:40:38.814681666Z     )
2026-09-21T00:40:38.814683600Z     ^
2026-09-21T00:40:38.814685544Z   File "/usr/local/lib/python3.13/site-packages/fastapi/routing.py", line 330, in run_endpoint_function
2026-09-21T00:40:38.814687467Z     return await run_in_threadpool(dependant.call, **values)
2026-09-21T00:40:38.814689381Z            ^^^^^^^^^^^^^^^^^^^^^^^^^^^^^^^^^^^^^^^^^^^^^^^^^
2026-09-21T00:40:38.814723859Z   File "/usr/local/lib/python3.13/site-packages/starlette/concurrency.py", line 32, in run_in_threadpool
2026-09-21T00:40:38.814728558Z     return await anyio.to_thread.run_sync(func)
2026-09-21T00:40:38.814730512Z            ^^^^^^^^^^^^^^^^^^^^^^^^^^^^^^^^^^^^
2026-09-21T00:40:38.814732436Z   File "/usr/local/lib/python3.13/site-packages/anyio/to_thread.py", line 63, in run_sync
2026-09-21T00:40:38.814734390Z     return await get_async_backend().run_sync_in_worker_thread(
2026-09-21T00:40:38.814736294Z            ^^^^^^^^^^^^^^^^^^^^^^^^^^^^^^^^^^^^^^^^^^^^^^^^^^^^
2026-09-21T00:40:38.814738438Z         func, args, abandon_on_cancel=abandon_on_cancel, limiter=limiter
2026-09-21T00:40:38.814740352Z         ^^^^^^^^^^^^^^^^^^^^^^^^^^^^^^^^^^^^^^^^^^^^^^^^^^^^^^^^^^^^^^^^
2026-09-21T00:40:38.814742246Z     )
2026-09-21T00:40:38.814744280Z     ^
2026-09-21T00:40:38.814746354Z   File "/usr/local/lib/python3.13/site-packages/anyio/_backends/_asyncio.py", line 2518, in run_sync_in_worker_thread
2026-09-21T00:40:38.814748257Z     return await future
2026-09-21T00:40:38.814750311Z            ^^^^^^^^^^^^
2026-09-21T00:40:38.814752195Z   File "/usr/local/lib/python3.13/site-packages/anyio/_backends/_asyncio.py", line 1002, in run
2026-09-21T00:40:38.814754079Z     result = context.run(func, *args)
2026-09-21T00:40:38.814756013Z   File "/app/app/routers/orders.py", line 36, in checkout
2026-09-21T00:40:38.814757906Z     return create_order(
2026-09-21T00:40:38.814759830Z         db=db,
2026-09-21T00:40:38.814761744Z     ...<2 lines>...
2026-09-21T00:40:38.814763738Z         correlation_id=correlation_id,
2026-09-21T00:40:38.814765662Z     )
2026-09-21T00:40:38.814767596Z   File "/app/app/services/order_service.py", line 42, in create_order
2026-09-21T00:40:38.814769489Z     result = db.execute(
2026-09-21T00:40:38.814771393Z         select(ProductModel).where(ProductModel.id == product_id)
2026-09-21T00:40:38.814773257Z     )
2026-09-21T00:40:38.814775150Z   File "/usr/local/lib/python3.13/site-packages/sqlalchemy/orm/session.py", line 2372, in execute
2026-09-21T00:40:38.814777074Z     return self._execute_internal(
2026-09-21T00:40:38.814778988Z            ~~~~~~~~~~~~~~~~~~~~~~^
2026-09-21T00:40:38.814788968Z         statement,
2026-09-21T00:40:38.814791072Z         ^^^^^^^^^^
2026-09-21T00:40:38.814792936Z     ...<4 lines>...
2026-09-21T00:40:38.814794859Z         _add_event=_add_event,
2026-09-21T00:40:38.814796743Z         ^^^^^^^^^^^^^^^^^^^^^^
2026-09-21T00:40:38.814798617Z     )
2026-09-21T00:40:38.814800490Z     ^
2026-09-21T00:40:38.814802404Z   File "/usr/local/lib/python3.13/site-packages/sqlalchemy/orm/session.py", line 2260, in _execute_internal
2026-09-21T00:40:38.814804318Z     conn = self._connection_for_bind(bind)
2026-09-21T00:40:38.814806212Z   File "/usr/local/lib/python3.13/site-packages/sqlalchemy/orm/session.py", line 2112, in _connection_for_bind
2026-09-21T00:40:38.814808085Z     return trans._connection_for_bind(engine, execution_options)
2026-09-21T00:40:38.814809959Z            ~~~~~~~~~~~~~~~~~~~~~~~~~~^^^^^^^^^^^^^^^^^^^^^^^^^^^
2026-09-21T00:40:38.814811843Z   File "<string>", line 2, in _connection_for_bind
2026-09-21T00:40:38.814813727Z   File "/usr/local/lib/python3.13/site-packages/sqlalchemy/orm/state_changes.py", line 137, in _go
2026-09-21T00:40:38.814815600Z     ret_value = fn(self, *arg, **kw)
2026-09-21T00:40:38.814817534Z   File "/usr/local/lib/python3.13/site-packages/sqlalchemy/orm/session.py", line 1191, in _connection_for_bind
2026-09-21T00:40:38.814819428Z     conn = bind.connect()
2026-09-21T00:40:38.814822123Z   File "/usr/local/lib/python3.13/site-packages/opentelemetry/instrumentation/sqlalchemy/engine.py", line 200, in _wrap_connect_internal
2026-09-21T00:40:38.814824017Z     return func(*args, **kwargs)
2026-09-21T00:40:38.814825901Z   File "/usr/local/lib/python3.13/site-packages/sqlalchemy/engine/base.py", line 3295, in connect
2026-09-21T00:40:38.814827774Z     return self._connection_cls(self)
2026-09-21T00:40:38.814829648Z            ~~~~~~~~~~~~~~~~~~~~^^^^^^
2026-09-21T00:40:38.814831582Z   File "/usr/local/lib/python3.13/site-packages/sqlalchemy/engine/base.py", line 144, in __init__
2026-09-21T00:40:38.814833456Z     self._dbapi_connection = engine.raw_connection()
2026-09-21T00:40:38.814835379Z                              ~~~~~~~~~~~~~~~~~~~~~^^
2026-09-21T00:40:38.814837253Z   File "/usr/local/lib/python3.13/site-packages/sqlalchemy/engine/base.py", line 3319, in raw_connection
2026-09-21T00:40:38.814839137Z     return self.pool.connect()
2026-09-21T00:40:38.814841030Z            ~~~~~~~~~~~~~~~~~^^
2026-09-21T00:40:38.814842914Z   File "/usr/local/lib/python3.13/site-packages/sqlalchemy/pool/base.py", line 448, in connect
2026-09-21T00:40:38.814844798Z     return _ConnectionFairy._checkout(self)
2026-09-21T00:40:38.814846672Z            ~~~~~~~~~~~~~~~~~~~~~~~~~~^^^^^^
2026-09-21T00:40:38.814848545Z   File "/usr/local/lib/python3.13/site-packages/sqlalchemy/pool/base.py", line 1272, in _checkout
2026-09-21T00:40:38.814850439Z     fairy = _ConnectionRecord.checkout(pool)
2026-09-21T00:40:38.814852313Z   File "/usr/local/lib/python3.13/site-packages/sqlalchemy/pool/base.py", line 712, in checkout
2026-09-21T00:40:38.814854216Z     rec = pool._do_get()
2026-09-21T00:40:38.814856090Z   File "/usr/local/lib/python3.13/site-packages/sqlalchemy/pool/impl.py", line 167, in _do_get
2026-09-21T00:40:38.814857974Z     raise exc.TimeoutError(
2026-09-21T00:40:38.814859848Z     ...<4 lines>...
2026-09-21T00:40:38.814861721Z     )
2026-09-21T00:40:38.814864236Z sqlalchemy.exc.TimeoutError: QueuePool limit of size 5 overflow 10 reached, connection timed out, timeout 30.00 (Background on this error at: https://sqlalche.me/e/20/3o7r)
2026-09-21T00:40:38.948314230Z ERROR:    Exception in ASGI application
2026-09-21T00:40:38.948352455Z Traceback (most recent call last):
2026-09-21T00:40:38.948371904Z   File "/usr/local/lib/python3.13/site-packages/uvicorn/protocols/http/httptools_impl.py", line 421, in run_asgi
2026-09-21T00:40:38.948374529Z     result = await app(  # type: ignore[func-returns-value]
2026-09-21T00:40:38.948376493Z              ^^^^^^^^^^^^^^^^^^^^^^^^^^^^^^^^^^^^^^^^^^^^^^
2026-09-21T00:40:38.948378386Z         self.scope, self.receive, self.send
2026-09-21T00:40:38.948380280Z         ^^^^^^^^^^^^^^^^^^^^^^^^^^^^^^^^^^^
2026-09-21T00:40:38.948382424Z     )
2026-09-21T00:40:38.948384398Z     ^
2026-09-21T00:40:38.948386342Z   File "/usr/local/lib/python3.13/site-packages/uvicorn/middleware/proxy_headers.py", line 63, in __call__
2026-09-21T00:40:38.948388266Z     return await self.app(scope, receive, send)
2026-09-21T00:40:38.948390170Z            ^^^^^^^^^^^^^^^^^^^^^^^^^^^^^^^^^^^^
2026-09-21T00:40:38.948394789Z   File "/usr/local/lib/python3.13/site-packages/fastapi/applications.py", line 1159, in __call__
2026-09-21T00:40:38.948396733Z     await super().__call__(scope, receive, send)
2026-09-21T00:40:38.948398636Z   File "/usr/local/lib/python3.13/site-packages/starlette/applications.py", line 107, in __call__
2026-09-21T00:40:38.948400670Z     await self.middleware_stack(scope, receive, send)
2026-09-21T00:40:38.948402805Z   File "/usr/local/lib/python3.13/site-packages/starlette/middleware/errors.py", line 186, in __call__
2026-09-21T00:40:38.948404758Z     raise exc
2026-09-21T00:40:38.948406702Z   File "/usr/local/lib/python3.13/site-packages/starlette/middleware/errors.py", line 164, in __call__
2026-09-21T00:40:38.948408636Z     await self.app(scope, receive, _send)
2026-09-21T00:40:38.948411301Z   File "/usr/local/lib/python3.13/site-packages/opentelemetry/instrumentation/asgi/__init__.py", line 806, in __call__
2026-09-21T00:40:38.948413225Z     await self.app(scope, otel_receive, otel_send)
2026-09-21T00:40:38.948415129Z   File "/usr/local/lib/python3.13/site-packages/starlette/middleware/errors.py", line 186, in __call__
2026-09-21T00:40:38.948417974Z     raise exc
2026-09-21T00:40:38.948419908Z   File "/usr/local/lib/python3.13/site-packages/starlette/middleware/errors.py", line 164, in __call__
2026-09-21T00:40:38.948421822Z     await self.app(scope, receive, _send)
2026-09-21T00:40:38.948423726Z   File "/usr/local/lib/python3.13/site-packages/opentelemetry/instrumentation/fastapi/__init__.py", line 305, in __call__
2026-09-21T00:40:38.948425640Z     await self.app(scope, receive, send)
2026-09-21T00:40:38.948427563Z   File "/usr/local/lib/python3.13/site-packages/prometheus_fastapi_instrumentator/middleware.py", line 177, in __call__
2026-09-21T00:40:38.948429467Z     raise exc
2026-09-21T00:40:38.948431381Z   File "/usr/local/lib/python3.13/site-packages/prometheus_fastapi_instrumentator/middleware.py", line 175, in __call__
2026-09-21T00:40:38.948433555Z     await self.app(scope, receive, send_wrapper)
2026-09-21T00:40:38.948435559Z   File "/usr/local/lib/python3.13/site-packages/starlette/middleware/exceptions.py", line 63, in __call__
2026-09-21T00:40:38.948438064Z     await wrap_app_handling_exceptions(self.app, conn)(scope, receive, send)
2026-09-21T00:40:38.948439968Z   File "/usr/local/lib/python3.13/site-packages/starlette/_exception_handler.py", line 53, in wrapped_app
2026-09-21T00:40:38.948441872Z     raise exc
2026-09-21T00:40:38.948443916Z   File "/usr/local/lib/python3.13/site-packages/starlette/_exception_handler.py", line 42, in wrapped_app
2026-09-21T00:40:38.948445819Z     await app(scope, receive, sender)
2026-09-21T00:40:38.948447733Z   File "/usr/local/lib/python3.13/site-packages/fastapi/middleware/asyncexitstack.py", line 18, in __call__
2026-09-21T00:40:38.948449647Z     await self.app(scope, receive, send)
2026-09-21T00:40:38.948456190Z   File "/usr/local/lib/python3.13/site-packages/starlette/routing.py", line 716, in __call__
2026-09-21T00:40:38.948458194Z     await self.middleware_stack(scope, receive, send)
2026-09-21T00:40:38.948460108Z   File "/usr/local/lib/python3.13/site-packages/starlette/routing.py", line 736, in app
2026-09-21T00:40:38.948462021Z     await route.handle(scope, receive, send)
2026-09-21T00:40:38.948463945Z   File "/usr/local/lib/python3.13/site-packages/starlette/routing.py", line 290, in handle
2026-09-21T00:40:38.948465859Z     await self.app(scope, receive, send)
2026-09-21T00:40:38.948467773Z   File "/usr/local/lib/python3.13/site-packages/fastapi/routing.py", line 134, in app
2026-09-21T00:40:38.948469707Z     await wrap_app_handling_exceptions(app, request)(scope, receive, send)
2026-09-21T00:40:38.948471630Z   File "/usr/local/lib/python3.13/site-packages/starlette/_exception_handler.py", line 53, in wrapped_app
2026-09-21T00:40:38.948473544Z     raise exc
2026-09-21T00:40:38.948475438Z   File "/usr/local/lib/python3.13/site-packages/starlette/_exception_handler.py", line 42, in wrapped_app
2026-09-21T00:40:38.948477422Z     await app(scope, receive, sender)
2026-09-21T00:40:38.948479326Z   File "/usr/local/lib/python3.13/site-packages/fastapi/routing.py", line 120, in app
2026-09-21T00:40:38.948482231Z     response = await f(request)
2026-09-21T00:40:38.948484155Z                ^^^^^^^^^^^^^^^^
2026-09-21T00:40:38.948486089Z   File "/usr/local/lib/python3.13/site-packages/fastapi/routing.py", line 674, in app
2026-09-21T00:40:38.948487993Z     raw_response = await run_endpoint_function(
2026-09-21T00:40:38.948489906Z                    ^^^^^^^^^^^^^^^^^^^^^^^^^^^^
2026-09-21T00:40:38.948492261Z     ...<3 lines>...
2026-09-21T00:40:38.948494175Z     )
2026-09-21T00:40:38.948496089Z     ^
2026-09-21T00:40:38.948497992Z   File "/usr/local/lib/python3.13/site-packages/fastapi/routing.py", line 330, in run_endpoint_function
2026-09-21T00:40:38.948499916Z     return await run_in_threadpool(dependant.call, **values)
2026-09-21T00:40:38.948501910Z            ^^^^^^^^^^^^^^^^^^^^^^^^^^^^^^^^^^^^^^^^^^^^^^^^^
2026-09-21T00:40:38.948505928Z   File "/usr/local/lib/python3.13/site-packages/starlette/concurrency.py", line 32, in run_in_threadpool
2026-09-21T00:40:38.948507982Z     return await anyio.to_thread.run_sync(func)
2026-09-21T00:40:38.948509906Z            ^^^^^^^^^^^^^^^^^^^^^^^^^^^^^^^^^^^^
2026-09-21T00:40:38.948511830Z   File "/usr/local/lib/python3.13/site-packages/anyio/to_thread.py", line 63, in run_sync
2026-09-21T00:40:38.948513784Z     return await get_async_backend().run_sync_in_worker_thread(
2026-09-21T00:40:38.948515697Z            ^^^^^^^^^^^^^^^^^^^^^^^^^^^^^^^^^^^^^^^^^^^^^^^^^^^^
2026-09-21T00:40:38.948517621Z         func, args, abandon_on_cancel=abandon_on_cancel, limiter=limiter
2026-09-21T00:40:38.948519575Z         ^^^^^^^^^^^^^^^^^^^^^^^^^^^^^^^^^^^^^^^^^^^^^^^^^^^^^^^^^^^^^^^^
2026-09-21T00:40:38.948521469Z     )
2026-09-21T00:40:38.948523393Z     ^
2026-09-21T00:40:38.948525296Z   File "/usr/local/lib/python3.13/site-packages/anyio/_backends/_asyncio.py", line 2518, in run_sync_in_worker_thread
2026-09-21T00:40:38.948527240Z     return await future
2026-09-21T00:40:38.948529174Z            ^^^^^^^^^^^^
2026-09-21T00:40:38.948531118Z   File "/usr/local/lib/python3.13/site-packages/anyio/_backends/_asyncio.py", line 1002, in run
2026-09-21T00:40:38.948533062Z     result = context.run(func, *args)
2026-09-21T00:40:38.948534985Z   File "/app/app/routers/orders.py", line 36, in checkout
2026-09-21T00:40:38.948536899Z     return create_order(
2026-09-21T00:40:38.948538863Z         db=db,
2026-09-21T00:40:38.948540827Z     ...<2 lines>...
2026-09-21T00:40:38.948547430Z         correlation_id=correlation_id,
2026-09-21T00:40:38.948549404Z     )
2026-09-21T00:40:38.948551348Z   File "/app/app/services/order_service.py", line 42, in create_order
2026-09-21T00:40:38.948553302Z     result = db.execute(
2026-09-21T00:40:38.948555235Z         select(ProductModel).where(ProductModel.id == product_id)
2026-09-21T00:40:38.948557169Z     )
2026-09-21T00:40:38.948559093Z   File "/usr/local/lib/python3.13/site-packages/sqlalchemy/orm/session.py", line 2372, in execute
2026-09-21T00:40:38.948561017Z     return self._execute_internal(
2026-09-21T00:40:38.948562931Z            ~~~~~~~~~~~~~~~~~~~~~~^
2026-09-21T00:40:38.948564874Z         statement,
2026-09-21T00:40:38.948566788Z         ^^^^^^^^^^
2026-09-21T00:40:38.948568752Z     ...<4 lines>...
2026-09-21T00:40:38.948570716Z         _add_event=_add_event,
2026-09-21T00:40:38.948572650Z         ^^^^^^^^^^^^^^^^^^^^^^
2026-09-21T00:40:38.948574553Z     )
2026-09-21T00:40:38.948576467Z     ^
2026-09-21T00:40:38.948578391Z   File "/usr/local/lib/python3.13/site-packages/sqlalchemy/orm/session.py", line 2260, in _execute_internal
2026-09-21T00:40:38.948580325Z     conn = self._connection_for_bind(bind)
2026-09-21T00:40:38.948582239Z   File "/usr/local/lib/python3.13/site-packages/sqlalchemy/orm/session.py", line 2112, in _connection_for_bind
2026-09-21T00:40:38.948584182Z     return trans._connection_for_bind(engine, execution_options)
2026-09-21T00:40:38.948586106Z            ~~~~~~~~~~~~~~~~~~~~~~~~~~^^^^^^^^^^^^^^^^^^^^^^^^^^^
2026-09-21T00:40:38.948588010Z   File "<string>", line 2, in _connection_for_bind
2026-09-21T00:40:38.948589934Z   File "/usr/local/lib/python3.13/site-packages/sqlalchemy/orm/state_changes.py", line 137, in _go
2026-09-21T00:40:38.948591858Z     ret_value = fn(self, *arg, **kw)
2026-09-21T00:40:38.948593761Z   File "/usr/local/lib/python3.13/site-packages/sqlalchemy/orm/session.py", line 1191, in _connection_for_bind
2026-09-21T00:40:38.948595685Z     conn = bind.connect()
2026-09-21T00:40:38.948598130Z   File "/usr/local/lib/python3.13/site-packages/opentelemetry/instrumentation/sqlalchemy/engine.py", line 200, in _wrap_connect_internal
2026-09-21T00:40:38.948600084Z     return func(*args, **kwargs)
2026-09-21T00:40:38.948602018Z   File "/usr/local/lib/python3.13/site-packages/sqlalchemy/engine/base.py", line 3295, in connect
2026-09-21T00:40:38.948603951Z     return self._connection_cls(self)
2026-09-21T00:40:38.948605865Z            ~~~~~~~~~~~~~~~~~~~~^^^^^^
2026-09-21T00:40:38.948607769Z   File "/usr/local/lib/python3.13/site-packages/sqlalchemy/engine/base.py", line 144, in __init__
2026-09-21T00:40:38.948609683Z     self._dbapi_connection = engine.raw_connection()
2026-09-21T00:40:38.948611677Z                              ~~~~~~~~~~~~~~~~~~~~~^^
2026-09-21T00:40:38.948613591Z   File "/usr/local/lib/python3.13/site-packages/sqlalchemy/engine/base.py", line 3319, in raw_connection
2026-09-21T00:40:38.948615524Z     return self.pool.connect()
2026-09-21T00:40:38.948617448Z            ~~~~~~~~~~~~~~~~~^^
2026-09-21T00:40:38.948619372Z   File "/usr/local/lib/python3.13/site-packages/sqlalchemy/pool/base.py", line 448, in connect
2026-09-21T00:40:38.948621306Z     return _ConnectionFairy._checkout(self)
2026-09-21T00:40:38.948623209Z            ~~~~~~~~~~~~~~~~~~~~~~~~~~^^^^^^
2026-09-21T00:40:38.948625113Z   File "/usr/local/lib/python3.13/site-packages/sqlalchemy/pool/base.py", line 1272, in _checkout
2026-09-21T00:40:38.948627127Z     fairy = _ConnectionRecord.checkout(pool)
2026-09-21T00:40:38.948629031Z   File "/usr/local/lib/python3.13/site-packages/sqlalchemy/pool/base.py", line 712, in checkout
2026-09-21T00:40:38.948797133Z     rec = pool._do_get()
2026-09-21T00:40:38.948799788Z   File "/usr/local/lib/python3.13/site-packages/sqlalchemy/pool/impl.py", line 167, in _do_get
2026-09-21T00:40:38.948801752Z     raise exc.TimeoutError(
2026-09-21T00:40:38.948803686Z     ...<4 lines>...
2026-09-21T00:40:38.948805609Z     )
2026-09-21T00:40:38.948811341Z sqlalchemy.exc.TimeoutError: QueuePool limit of size 5 overflow 10 reached, connection timed out, timeout 30.00 (Background on this error at: https://sqlalche.me/e/20/3o7r)
2026-09-21T00:40:39.238991745Z ERROR:    Exception in ASGI application
2026-09-21T00:40:39.239025221Z Traceback (most recent call last):
2026-09-21T00:40:39.239027986Z   File "/usr/local/lib/python3.13/site-packages/uvicorn/protocols/http/httptools_impl.py", line 421, in run_asgi
2026-09-21T00:40:39.239030561Z     result = await app(  # type: ignore[func-returns-value]
2026-09-21T00:40:39.239032465Z              ^^^^^^^^^^^^^^^^^^^^^^^^^^^^^^^^^^^^^^^^^^^^^^
2026-09-21T00:40:39.239034569Z         self.scope, self.receive, self.send
2026-09-21T00:40:39.239036453Z         ^^^^^^^^^^^^^^^^^^^^^^^^^^^^^^^^^^^
2026-09-21T00:40:39.239038387Z     )
2026-09-21T00:40:39.239040340Z     ^
2026-09-21T00:40:39.239042374Z   File "/usr/local/lib/python3.13/site-packages/uvicorn/middleware/proxy_headers.py", line 63, in __call__
2026-09-21T00:40:39.239044308Z     return await self.app(scope, receive, send)
2026-09-21T00:40:39.239046212Z            ^^^^^^^^^^^^^^^^^^^^^^^^^^^^^^^^^^^^
2026-09-21T00:40:39.239048827Z   File "/usr/local/lib/python3.13/site-packages/fastapi/applications.py", line 1159, in __call__
2026-09-21T00:40:39.239050741Z     await super().__call__(scope, receive, send)
2026-09-21T00:40:39.239052625Z   File "/usr/local/lib/python3.13/site-packages/starlette/applications.py", line 107, in __call__
2026-09-21T00:40:39.239054589Z     await self.middleware_stack(scope, receive, send)
2026-09-21T00:40:39.239056472Z   File "/usr/local/lib/python3.13/site-packages/starlette/middleware/errors.py", line 186, in __call__
2026-09-21T00:40:39.239058436Z     raise exc
2026-09-21T00:40:39.239060410Z   File "/usr/local/lib/python3.13/site-packages/starlette/middleware/errors.py", line 164, in __call__
2026-09-21T00:40:39.239062504Z     await self.app(scope, receive, _send)
2026-09-21T00:40:39.239064979Z   File "/usr/local/lib/python3.13/site-packages/opentelemetry/instrumentation/asgi/__init__.py", line 806, in __call__
2026-09-21T00:40:39.239066913Z     await self.app(scope, otel_receive, otel_send)
2026-09-21T00:40:39.239068817Z   File "/usr/local/lib/python3.13/site-packages/starlette/middleware/errors.py", line 186, in __call__
2026-09-21T00:40:39.239070720Z     raise exc
2026-09-21T00:40:39.239072624Z   File "/usr/local/lib/python3.13/site-packages/starlette/middleware/errors.py", line 164, in __call__
2026-09-21T00:40:39.239074548Z     await self.app(scope, receive, _send)
2026-09-21T00:40:39.239076442Z   File "/usr/local/lib/python3.13/site-packages/opentelemetry/instrumentation/fastapi/__init__.py", line 305, in __call__
2026-09-21T00:40:39.239078596Z     await self.app(scope, receive, send)
2026-09-21T00:40:39.239080510Z   File "/usr/local/lib/python3.13/site-packages/prometheus_fastapi_instrumentator/middleware.py", line 177, in __call__
2026-09-21T00:40:39.239082413Z     raise exc
2026-09-21T00:40:39.239084317Z   File "/usr/local/lib/python3.13/site-packages/prometheus_fastapi_instrumentator/middleware.py", line 175, in __call__
2026-09-21T00:40:39.239086231Z     await self.app(scope, receive, send_wrapper)
2026-09-21T00:40:39.239088155Z   File "/usr/local/lib/python3.13/site-packages/starlette/middleware/exceptions.py", line 63, in __call__
2026-09-21T00:40:39.239108876Z     await wrap_app_handling_exceptions(self.app, conn)(scope, receive, send)
2026-09-21T00:40:39.239110910Z   File "/usr/local/lib/python3.13/site-packages/starlette/_exception_handler.py", line 53, in wrapped_app
2026-09-21T00:40:39.239112793Z     raise exc
2026-09-21T00:40:39.239114677Z   File "/usr/local/lib/python3.13/site-packages/starlette/_exception_handler.py", line 42, in wrapped_app
2026-09-21T00:40:39.239116571Z     await app(scope, receive, sender)
2026-09-21T00:40:39.239118475Z   File "/usr/local/lib/python3.13/site-packages/fastapi/middleware/asyncexitstack.py", line 18, in __call__
2026-09-21T00:40:39.239120358Z     await self.app(scope, receive, send)
2026-09-21T00:40:39.239122252Z   File "/usr/local/lib/python3.13/site-packages/starlette/routing.py", line 716, in __call__
2026-09-21T00:40:39.239124206Z     await self.middleware_stack(scope, receive, send)
2026-09-21T00:40:39.239126230Z   File "/usr/local/lib/python3.13/site-packages/starlette/routing.py", line 736, in app
2026-09-21T00:40:39.239128444Z     await route.handle(scope, receive, send)
2026-09-21T00:40:39.239130338Z   File "/usr/local/lib/python3.13/site-packages/starlette/routing.py", line 290, in handle
2026-09-21T00:40:39.239132242Z     await self.app(scope, receive, send)
2026-09-21T00:40:39.239134136Z   File "/usr/local/lib/python3.13/site-packages/fastapi/routing.py", line 134, in app
2026-09-21T00:40:39.239136019Z     await wrap_app_handling_exceptions(app, request)(scope, receive, send)
2026-09-21T00:40:39.239137923Z   File "/usr/local/lib/python3.13/site-packages/starlette/_exception_handler.py", line 53, in wrapped_app
2026-09-21T00:40:39.239139847Z     raise exc
2026-09-21T00:40:39.239141771Z   File "/usr/local/lib/python3.13/site-packages/starlette/_exception_handler.py", line 42, in wrapped_app
2026-09-21T00:40:39.239143654Z     await app(scope, receive, sender)
2026-09-21T00:40:39.239145538Z   File "/usr/local/lib/python3.13/site-packages/fastapi/routing.py", line 120, in app
2026-09-21T00:40:39.239147933Z     response = await f(request)
2026-09-21T00:40:39.239149836Z                ^^^^^^^^^^^^^^^^
2026-09-21T00:40:39.239151730Z   File "/usr/local/lib/python3.13/site-packages/fastapi/routing.py", line 674, in app
2026-09-21T00:40:39.239153624Z     raw_response = await run_endpoint_function(
2026-09-21T00:40:39.239155638Z                    ^^^^^^^^^^^^^^^^^^^^^^^^^^^^
2026-09-21T00:40:39.239158123Z     ...<3 lines>...
2026-09-21T00:40:39.239160027Z     )
2026-09-21T00:40:39.239162011Z     ^
2026-09-21T00:40:39.239163934Z   File "/usr/local/lib/python3.13/site-packages/fastapi/routing.py", line 330, in run_endpoint_function
2026-09-21T00:40:39.239165838Z     return await run_in_threadpool(dependant.call, **values)
2026-09-21T00:40:39.239167892Z            ^^^^^^^^^^^^^^^^^^^^^^^^^^^^^^^^^^^^^^^^^^^^^^^^^
2026-09-21T00:40:39.239171930Z   File "/usr/local/lib/python3.13/site-packages/starlette/concurrency.py", line 32, in run_in_threadpool
2026-09-21T00:40:39.239173984Z     return await anyio.to_thread.run_sync(func)
2026-09-21T00:40:39.239175898Z            ^^^^^^^^^^^^^^^^^^^^^^^^^^^^^^^^^^^^
2026-09-21T00:40:39.239177792Z   File "/usr/local/lib/python3.13/site-packages/anyio/to_thread.py", line 63, in run_sync
2026-09-21T00:40:39.239179705Z     return await get_async_backend().run_sync_in_worker_thread(
2026-09-21T00:40:39.239181589Z            ^^^^^^^^^^^^^^^^^^^^^^^^^^^^^^^^^^^^^^^^^^^^^^^^^^^^
2026-09-21T00:40:39.239183473Z         func, args, abandon_on_cancel=abandon_on_cancel, limiter=limiter
2026-09-21T00:40:39.239185367Z         ^^^^^^^^^^^^^^^^^^^^^^^^^^^^^^^^^^^^^^^^^^^^^^^^^^^^^^^^^^^^^^^^
2026-09-21T00:40:39.239187290Z     )
2026-09-21T00:40:39.239193903Z     ^
2026-09-21T00:40:39.239195877Z   File "/usr/local/lib/python3.13/site-packages/anyio/_backends/_asyncio.py", line 2518, in run_sync_in_worker_thread
2026-09-21T00:40:39.239197791Z     return await future
2026-09-21T00:40:39.239199715Z            ^^^^^^^^^^^^
2026-09-21T00:40:39.239201599Z   File "/usr/local/lib/python3.13/site-packages/anyio/_backends/_asyncio.py", line 1002, in run
2026-09-21T00:40:39.239203502Z     result = context.run(func, *args)
2026-09-21T00:40:39.239205396Z   File "/app/app/routers/orders.py", line 36, in checkout
2026-09-21T00:40:39.239207410Z     return create_order(
2026-09-21T00:40:39.239209464Z         db=db,
2026-09-21T00:40:39.239211438Z     ...<2 lines>...
2026-09-21T00:40:39.239213382Z         correlation_id=correlation_id,
2026-09-21T00:40:39.239215336Z     )
2026-09-21T00:40:39.239217420Z   File "/app/app/services/order_service.py", line 42, in create_order
2026-09-21T00:40:39.239219324Z     result = db.execute(
2026-09-21T00:40:39.239221358Z         select(ProductModel).where(ProductModel.id == product_id)
2026-09-21T00:40:39.239223311Z     )
2026-09-21T00:40:39.239225225Z   File "/usr/local/lib/python3.13/site-packages/sqlalchemy/orm/session.py", line 2372, in execute
2026-09-21T00:40:39.239227109Z     return self._execute_internal(
2026-09-21T00:40:39.239229013Z            ~~~~~~~~~~~~~~~~~~~~~~^
2026-09-21T00:40:39.239230906Z         statement,
2026-09-21T00:40:39.239232820Z         ^^^^^^^^^^
2026-09-21T00:40:39.239234724Z     ...<4 lines>...
2026-09-21T00:40:39.239237109Z         _add_event=_add_event,
2026-09-21T00:40:39.239239534Z         ^^^^^^^^^^^^^^^^^^^^^^
2026-09-21T00:40:39.239242038Z     )
2026-09-21T00:40:39.239244273Z     ^
2026-09-21T00:40:39.239246798Z   File "/usr/local/lib/python3.13/site-packages/sqlalchemy/orm/session.py", line 2260, in _execute_internal
2026-09-21T00:40:39.239249513Z     conn = self._connection_for_bind(bind)
2026-09-21T00:40:39.239252088Z   File "/usr/local/lib/python3.13/site-packages/sqlalchemy/orm/session.py", line 2112, in _connection_for_bind
2026-09-21T00:40:39.239254914Z     return trans._connection_for_bind(engine, execution_options)
2026-09-21T00:40:39.239257218Z            ~~~~~~~~~~~~~~~~~~~~~~~~~~^^^^^^^^^^^^^^^^^^^^^^^^^^^
2026-09-21T00:40:39.239259303Z   File "<string>", line 2, in _connection_for_bind
2026-09-21T00:40:39.239261256Z   File "/usr/local/lib/python3.13/site-packages/sqlalchemy/orm/state_changes.py", line 137, in _go
2026-09-21T00:40:39.239263180Z     ret_value = fn(self, *arg, **kw)
2026-09-21T00:40:39.239265094Z   File "/usr/local/lib/python3.13/site-packages/sqlalchemy/orm/session.py", line 1191, in _connection_for_bind
2026-09-21T00:40:39.239267028Z     conn = bind.connect()
2026-09-21T00:40:39.239269322Z   File "/usr/local/lib/python3.13/site-packages/opentelemetry/instrumentation/sqlalchemy/engine.py", line 200, in _wrap_connect_internal
2026-09-21T00:40:39.239271246Z     return func(*args, **kwargs)
2026-09-21T00:40:39.239273140Z   File "/usr/local/lib/python3.13/site-packages/sqlalchemy/engine/base.py", line 3295, in connect
2026-09-21T00:40:39.239275074Z     return self._connection_cls(self)
2026-09-21T00:40:39.239277058Z            ~~~~~~~~~~~~~~~~~~~~^^^^^^
2026-09-21T00:40:39.239278941Z   File "/usr/local/lib/python3.13/site-packages/sqlalchemy/engine/base.py", line 144, in __init__
2026-09-21T00:40:39.239280845Z     self._dbapi_connection = engine.raw_connection()
2026-09-21T00:40:39.239282769Z                              ~~~~~~~~~~~~~~~~~~~~~^^
2026-09-21T00:40:39.239284693Z   File "/usr/local/lib/python3.13/site-packages/sqlalchemy/engine/base.py", line 3319, in raw_connection
2026-09-21T00:40:39.239291616Z     return self.pool.connect()
2026-09-21T00:40:39.239293590Z            ~~~~~~~~~~~~~~~~~^^
2026-09-21T00:40:39.239295534Z   File "/usr/local/lib/python3.13/site-packages/sqlalchemy/pool/base.py", line 448, in connect
2026-09-21T00:40:39.239297458Z     return _ConnectionFairy._checkout(self)
2026-09-21T00:40:39.239299352Z            ~~~~~~~~~~~~~~~~~~~~~~~~~~^^^^^^
2026-09-21T00:40:39.239301265Z   File "/usr/local/lib/python3.13/site-packages/sqlalchemy/pool/base.py", line 1272, in _checkout
2026-09-21T00:40:39.239303169Z     fairy = _ConnectionRecord.checkout(pool)
2026-09-21T00:40:39.239305063Z   File "/usr/local/lib/python3.13/site-packages/sqlalchemy/pool/base.py", line 712, in checkout
2026-09-21T00:40:39.239306977Z     rec = pool._do_get()
2026-09-21T00:40:39.239308880Z   File "/usr/local/lib/python3.13/site-packages/sqlalchemy/pool/impl.py", line 167, in _do_get
2026-09-21T00:40:39.239310814Z     raise exc.TimeoutError(
2026-09-21T00:40:39.239312708Z     ...<4 lines>...
2026-09-21T00:40:39.239314602Z     )
2026-09-21T00:40:39.239318920Z sqlalchemy.exc.TimeoutError: QueuePool limit of size 5 overflow 10 reached, connection timed out, timeout 30.00 (Background on this error at: https://sqlalche.me/e/20/3o7r)
2026-09-21T00:40:39.340733897Z ERROR:    Exception in ASGI application
2026-09-21T00:40:39.340777503Z Traceback (most recent call last):
2026-09-21T00:40:39.340783525Z   File "/usr/local/lib/python3.13/site-packages/uvicorn/protocols/http/httptools_impl.py", line 421, in run_asgi
2026-09-21T00:40:39.340788965Z     result = await app(  # type: ignore[func-returns-value]
2026-09-21T00:40:39.340793324Z              ^^^^^^^^^^^^^^^^^^^^^^^^^^^^^^^^^^^^^^^^^^^^^^
2026-09-21T00:40:39.340797582Z         self.scope, self.receive, self.send
2026-09-21T00:40:39.340801841Z         ^^^^^^^^^^^^^^^^^^^^^^^^^^^^^^^^^^^
2026-09-21T00:40:39.340806179Z     )
2026-09-21T00:40:39.340810548Z     ^
2026-09-21T00:40:39.340814896Z   File "/usr/local/lib/python3.13/site-packages/uvicorn/middleware/proxy_headers.py", line 63, in __call__
2026-09-21T00:40:39.340819205Z     return await self.app(scope, receive, send)
2026-09-21T00:40:39.340823533Z            ^^^^^^^^^^^^^^^^^^^^^^^^^^^^^^^^^^^^
2026-09-21T00:40:39.340828263Z   File "/usr/local/lib/python3.13/site-packages/fastapi/applications.py", line 1159, in __call__
2026-09-21T00:40:39.340832491Z     await super().__call__(scope, receive, send)
2026-09-21T00:40:39.340836730Z   File "/usr/local/lib/python3.13/site-packages/starlette/applications.py", line 107, in __call__
2026-09-21T00:40:39.340841038Z     await self.middleware_stack(scope, receive, send)
2026-09-21T00:40:39.340845296Z   File "/usr/local/lib/python3.13/site-packages/starlette/middleware/errors.py", line 186, in __call__
2026-09-21T00:40:39.340849595Z     raise exc
2026-09-21T00:40:39.340853903Z   File "/usr/local/lib/python3.13/site-packages/starlette/middleware/errors.py", line 164, in __call__
2026-09-21T00:40:39.340858282Z     await self.app(scope, receive, _send)
2026-09-21T00:40:39.340863292Z   File "/usr/local/lib/python3.13/site-packages/opentelemetry/instrumentation/asgi/__init__.py", line 806, in __call__
2026-09-21T00:40:39.340901087Z     await self.app(scope, otel_receive, otel_send)
2026-09-21T00:40:39.340912469Z   File "/usr/local/lib/python3.13/site-packages/starlette/middleware/errors.py", line 186, in __call__
2026-09-21T00:40:39.340916878Z     raise exc
2026-09-21T00:40:39.340921256Z   File "/usr/local/lib/python3.13/site-packages/starlette/middleware/errors.py", line 164, in __call__
2026-09-21T00:40:39.340925535Z     await self.app(scope, receive, _send)
2026-09-21T00:40:39.340929793Z   File "/usr/local/lib/python3.13/site-packages/opentelemetry/instrumentation/fastapi/__init__.py", line 305, in __call__
2026-09-21T00:40:39.340960043Z     await self.app(scope, receive, send)
2026-09-21T00:40:39.340962067Z   File "/usr/local/lib/python3.13/site-packages/prometheus_fastapi_instrumentator/middleware.py", line 177, in __call__
2026-09-21T00:40:39.340964011Z     raise exc
2026-09-21T00:40:39.340966165Z   File "/usr/local/lib/python3.13/site-packages/prometheus_fastapi_instrumentator/middleware.py", line 175, in __call__
2026-09-21T00:40:39.340968029Z     await self.app(scope, receive, send_wrapper)
2026-09-21T00:40:39.340969882Z   File "/usr/local/lib/python3.13/site-packages/starlette/middleware/exceptions.py", line 63, in __call__
2026-09-21T00:40:39.340973970Z     await wrap_app_handling_exceptions(self.app, conn)(scope, receive, send)
2026-09-21T00:40:39.340976085Z   File "/usr/local/lib/python3.13/site-packages/starlette/_exception_handler.py", line 53, in wrapped_app
2026-09-21T00:40:39.340978099Z     raise exc
2026-09-21T00:40:39.340979972Z   File "/usr/local/lib/python3.13/site-packages/starlette/_exception_handler.py", line 42, in wrapped_app
2026-09-21T00:40:39.340981846Z     await app(scope, receive, sender)
2026-09-21T00:40:39.340983770Z   File "/usr/local/lib/python3.13/site-packages/fastapi/middleware/asyncexitstack.py", line 18, in __call__
2026-09-21T00:40:39.340985643Z     await self.app(scope, receive, send)
2026-09-21T00:40:39.340987637Z   File "/usr/local/lib/python3.13/site-packages/starlette/routing.py", line 716, in __call__
2026-09-21T00:40:39.340989531Z     await self.middleware_stack(scope, receive, send)
2026-09-21T00:40:39.340991435Z   File "/usr/local/lib/python3.13/site-packages/starlette/routing.py", line 736, in app
2026-09-21T00:40:39.340993319Z     await route.handle(scope, receive, send)
2026-09-21T00:40:39.340995192Z   File "/usr/local/lib/python3.13/site-packages/starlette/routing.py", line 290, in handle
2026-09-21T00:40:39.340997206Z     await self.app(scope, receive, send)
2026-09-21T00:40:39.340999090Z   File "/usr/local/lib/python3.13/site-packages/fastapi/routing.py", line 134, in app
2026-09-21T00:40:39.341000964Z     await wrap_app_handling_exceptions(app, request)(scope, receive, send)
2026-09-21T00:40:39.341002827Z   File "/usr/local/lib/python3.13/site-packages/starlette/_exception_handler.py", line 53, in wrapped_app
2026-09-21T00:40:39.341004701Z     raise exc
2026-09-21T00:40:39.341006575Z   File "/usr/local/lib/python3.13/site-packages/starlette/_exception_handler.py", line 42, in wrapped_app
2026-09-21T00:40:39.341008458Z     await app(scope, receive, sender)
2026-09-21T00:40:39.341010322Z   File "/usr/local/lib/python3.13/site-packages/fastapi/routing.py", line 120, in app
2026-09-21T00:40:39.341013238Z     response = await f(request)
2026-09-21T00:40:39.341015142Z                ^^^^^^^^^^^^^^^^
2026-09-21T00:40:39.341017015Z   File "/usr/local/lib/python3.13/site-packages/fastapi/routing.py", line 674, in app
2026-09-21T00:40:39.341018899Z     raw_response = await run_endpoint_function(
2026-09-21T00:40:39.341020813Z                    ^^^^^^^^^^^^^^^^^^^^^^^^^^^^
2026-09-21T00:40:39.341023408Z     ...<3 lines>...
2026-09-21T00:40:39.341025352Z     )
2026-09-21T00:40:39.341027256Z     ^
2026-09-21T00:40:39.341029149Z   File "/usr/local/lib/python3.13/site-packages/fastapi/routing.py", line 330, in run_endpoint_function
2026-09-21T00:40:39.341031033Z     return await run_in_threadpool(dependant.call, **values)
2026-09-21T00:40:39.341032907Z            ^^^^^^^^^^^^^^^^^^^^^^^^^^^^^^^^^^^^^^^^^^^^^^^^^
2026-09-21T00:40:39.341068597Z   File "/usr/local/lib/python3.13/site-packages/starlette/concurrency.py", line 32, in run_in_threadpool
2026-09-21T00:40:39.341080972Z     return await anyio.to_thread.run_sync(func)
2026-09-21T00:40:39.341083056Z            ^^^^^^^^^^^^^^^^^^^^^^^^^^^^^^^^^^^^
2026-09-21T00:40:39.341084939Z   File "/usr/local/lib/python3.13/site-packages/anyio/to_thread.py", line 63, in run_sync
2026-09-21T00:40:39.341086823Z     return await get_async_backend().run_sync_in_worker_thread(
2026-09-21T00:40:39.341088717Z            ^^^^^^^^^^^^^^^^^^^^^^^^^^^^^^^^^^^^^^^^^^^^^^^^^^^^
2026-09-21T00:40:39.341090591Z         func, args, abandon_on_cancel=abandon_on_cancel, limiter=limiter
2026-09-21T00:40:39.341092474Z         ^^^^^^^^^^^^^^^^^^^^^^^^^^^^^^^^^^^^^^^^^^^^^^^^^^^^^^^^^^^^^^^^
2026-09-21T00:40:39.341094358Z     )
2026-09-21T00:40:39.341096262Z     ^
2026-09-21T00:40:39.341098175Z   File "/usr/local/lib/python3.13/site-packages/anyio/_backends/_asyncio.py", line 2518, in run_sync_in_worker_thread
2026-09-21T00:40:39.341100079Z     return await future
2026-09-21T00:40:39.341101983Z            ^^^^^^^^^^^^
2026-09-21T00:40:39.341103857Z   File "/usr/local/lib/python3.13/site-packages/anyio/_backends/_asyncio.py", line 1002, in run
2026-09-21T00:40:39.341105750Z     result = context.run(func, *args)
2026-09-21T00:40:39.341107644Z   File "/app/app/routers/orders.py", line 36, in checkout
2026-09-21T00:40:39.341109558Z     return create_order(
2026-09-21T00:40:39.341111462Z         db=db,
2026-09-21T00:40:39.341113596Z     ...<2 lines>...
2026-09-21T00:40:39.341115510Z         correlation_id=correlation_id,
2026-09-21T00:40:39.341117544Z     )
2026-09-21T00:40:39.341119468Z   File "/app/app/services/order_service.py", line 42, in create_order
2026-09-21T00:40:39.341121361Z     result = db.execute(
2026-09-21T00:40:39.341123265Z         select(ProductModel).where(ProductModel.id == product_id)
2026-09-21T00:40:39.341125129Z     )
2026-09-21T00:40:39.341127002Z   File "/usr/local/lib/python3.13/site-packages/sqlalchemy/orm/session.py", line 2372, in execute
2026-09-21T00:40:39.341128986Z     return self._execute_internal(
2026-09-21T00:40:39.341130980Z            ~~~~~~~~~~~~~~~~~~~~~~^
2026-09-21T00:40:39.341132884Z         statement,
2026-09-21T00:40:39.341134788Z         ^^^^^^^^^^
2026-09-21T00:40:39.341136671Z     ...<4 lines>...
2026-09-21T00:40:39.341138565Z         _add_event=_add_event,
2026-09-21T00:40:39.341140429Z         ^^^^^^^^^^^^^^^^^^^^^^
2026-09-21T00:40:39.341142293Z     )
2026-09-21T00:40:39.341144216Z     ^
2026-09-21T00:40:39.341146110Z   File "/usr/local/lib/python3.13/site-packages/sqlalchemy/orm/session.py", line 2260, in _execute_internal
2026-09-21T00:40:39.341148064Z     conn = self._connection_for_bind(bind)
2026-09-21T00:40:39.341149968Z   File "/usr/local/lib/python3.13/site-packages/sqlalchemy/orm/session.py", line 2112, in _connection_for_bind
2026-09-21T00:40:39.341151851Z     return trans._connection_for_bind(engine, execution_options)
2026-09-21T00:40:39.341153735Z            ~~~~~~~~~~~~~~~~~~~~~~~~~~^^^^^^^^^^^^^^^^^^^^^^^^^^^
2026-09-21T00:40:39.341155679Z   File "<string>", line 2, in _connection_for_bind
2026-09-21T00:40:39.341157633Z   File "/usr/local/lib/python3.13/site-packages/sqlalchemy/orm/state_changes.py", line 137, in _go
2026-09-21T00:40:39.341159557Z     ret_value = fn(self, *arg, **kw)
2026-09-21T00:40:39.341161440Z   File "/usr/local/lib/python3.13/site-packages/sqlalchemy/orm/session.py", line 1191, in _connection_for_bind
2026-09-21T00:40:39.341163324Z     conn = bind.connect()
2026-09-21T00:40:39.341166440Z   File "/usr/local/lib/python3.13/site-packages/opentelemetry/instrumentation/sqlalchemy/engine.py", line 200, in _wrap_connect_internal
2026-09-21T00:40:39.341168364Z     return func(*args, **kwargs)
2026-09-21T00:40:39.341204425Z   File "/usr/local/lib/python3.13/site-packages/sqlalchemy/engine/base.py", line 3295, in connect
2026-09-21T00:40:39.341209555Z     return self._connection_cls(self)
2026-09-21T00:40:39.341211509Z            ~~~~~~~~~~~~~~~~~~~~^^^^^^
2026-09-21T00:40:39.341213613Z   File "/usr/local/lib/python3.13/site-packages/sqlalchemy/engine/base.py", line 144, in __init__
2026-09-21T00:40:39.341215527Z     self._dbapi_connection = engine.raw_connection()
2026-09-21T00:40:39.341217431Z                              ~~~~~~~~~~~~~~~~~~~~~^^
2026-09-21T00:40:39.341219325Z   File "/usr/local/lib/python3.13/site-packages/sqlalchemy/engine/base.py", line 3319, in raw_connection
2026-09-21T00:40:39.341221238Z     return self.pool.connect()
2026-09-21T00:40:39.341223132Z            ~~~~~~~~~~~~~~~~~^^
2026-09-21T00:40:39.341225046Z   File "/usr/local/lib/python3.13/site-packages/sqlalchemy/pool/base.py", line 448, in connect
2026-09-21T00:40:39.341226950Z     return _ConnectionFairy._checkout(self)
2026-09-21T00:40:39.341229044Z            ~~~~~~~~~~~~~~~~~~~~~~~~~~^^^^^^
2026-09-21T00:40:39.341230927Z   File "/usr/local/lib/python3.13/site-packages/sqlalchemy/pool/base.py", line 1272, in _checkout
2026-09-21T00:40:39.341232831Z     fairy = _ConnectionRecord.checkout(pool)
2026-09-21T00:40:39.341234725Z   File "/usr/local/lib/python3.13/site-packages/sqlalchemy/pool/base.py", line 712, in checkout
2026-09-21T00:40:39.341236629Z     rec = pool._do_get()
2026-09-21T00:40:39.341238522Z   File "/usr/local/lib/python3.13/site-packages/sqlalchemy/pool/impl.py", line 167, in _do_get
2026-09-21T00:40:39.341240416Z     raise exc.TimeoutError(
2026-09-21T00:40:39.341242310Z     ...<4 lines>...
2026-09-21T00:40:39.341244264Z     )
2026-09-21T00:40:39.341248071Z sqlalchemy.exc.TimeoutError: QueuePool limit of size 5 overflow 10 reached, connection timed out, timeout 30.00 (Background on this error at: https://sqlalche.me/e/20/3o7r)
2026-09-21T00:40:39.366925236Z ERROR:    Exception in ASGI application
2026-09-21T00:40:39.366961527Z Traceback (most recent call last):
2026-09-21T00:40:39.366964373Z   File "/usr/local/lib/python3.13/site-packages/uvicorn/protocols/http/httptools_impl.py", line 421, in run_asgi
2026-09-21T00:40:39.366967058Z     result = await app(  # type: ignore[func-returns-value]
2026-09-21T00:40:39.366968962Z              ^^^^^^^^^^^^^^^^^^^^^^^^^^^^^^^^^^^^^^^^^^^^^^
2026-09-21T00:40:39.366971066Z         self.scope, self.receive, self.send
2026-09-21T00:40:39.366973060Z         ^^^^^^^^^^^^^^^^^^^^^^^^^^^^^^^^^^^
2026-09-21T00:40:39.366975385Z     )
2026-09-21T00:40:39.366977439Z     ^
2026-09-21T00:40:39.366979373Z   File "/usr/local/lib/python3.13/site-packages/uvicorn/middleware/proxy_headers.py", line 63, in __call__
2026-09-21T00:40:39.366981286Z     return await self.app(scope, receive, send)
2026-09-21T00:40:39.366983210Z            ^^^^^^^^^^^^^^^^^^^^^^^^^^^^^^^^^^^^
2026-09-21T00:40:39.366985675Z   File "/usr/local/lib/python3.13/site-packages/fastapi/applications.py", line 1159, in __call__
2026-09-21T00:40:39.366987649Z     await super().__call__(scope, receive, send)
2026-09-21T00:40:39.366989873Z   File "/usr/local/lib/python3.13/site-packages/starlette/applications.py", line 107, in __call__
2026-09-21T00:40:39.366991787Z     await self.middleware_stack(scope, receive, send)
2026-09-21T00:40:39.367003420Z   File "/usr/local/lib/python3.13/site-packages/starlette/middleware/errors.py", line 186, in __call__
2026-09-21T00:40:39.367010634Z     raise exc
2026-09-21T00:40:39.367012698Z   File "/usr/local/lib/python3.13/site-packages/starlette/middleware/errors.py", line 164, in __call__
2026-09-21T00:40:39.367014712Z     await self.app(scope, receive, _send)
2026-09-21T00:40:39.367038149Z   File "/usr/local/lib/python3.13/site-packages/opentelemetry/instrumentation/asgi/__init__.py", line 806, in __call__
2026-09-21T00:40:39.367040283Z     await self.app(scope, otel_receive, otel_send)
2026-09-21T00:40:39.367042167Z   File "/usr/local/lib/python3.13/site-packages/starlette/middleware/errors.py", line 186, in __call__
2026-09-21T00:40:39.367044060Z     raise exc
2026-09-21T00:40:39.367045964Z   File "/usr/local/lib/python3.13/site-packages/starlette/middleware/errors.py", line 164, in __call__
2026-09-21T00:40:39.367047828Z     await self.app(scope, receive, _send)
2026-09-21T00:40:39.367049842Z   File "/usr/local/lib/python3.13/site-packages/opentelemetry/instrumentation/fastapi/__init__.py", line 305, in __call__
2026-09-21T00:40:39.367054892Z     await self.app(scope, receive, send)
2026-09-21T00:40:39.367058629Z   File "/usr/local/lib/python3.13/site-packages/prometheus_fastapi_instrumentator/middleware.py", line 177, in __call__
2026-09-21T00:40:39.367060593Z     raise exc
2026-09-21T00:40:39.367062517Z   File "/usr/local/lib/python3.13/site-packages/prometheus_fastapi_instrumentator/middleware.py", line 175, in __call__
2026-09-21T00:40:39.367064411Z     await self.app(scope, receive, send_wrapper)
2026-09-21T00:40:39.367066264Z   File "/usr/local/lib/python3.13/site-packages/starlette/middleware/exceptions.py", line 63, in __call__
2026-09-21T00:40:39.367068779Z     await wrap_app_handling_exceptions(self.app, conn)(scope, receive, send)
2026-09-21T00:40:39.367070663Z   File "/usr/local/lib/python3.13/site-packages/starlette/_exception_handler.py", line 53, in wrapped_app
2026-09-21T00:40:39.367072517Z     raise exc
2026-09-21T00:40:39.367074400Z   File "/usr/local/lib/python3.13/site-packages/starlette/_exception_handler.py", line 42, in wrapped_app
2026-09-21T00:40:39.367076304Z     await app(scope, receive, sender)
2026-09-21T00:40:39.367078278Z   File "/usr/local/lib/python3.13/site-packages/fastapi/middleware/asyncexitstack.py", line 18, in __call__
2026-09-21T00:40:39.367080182Z     await self.app(scope, receive, send)
2026-09-21T00:40:39.367082206Z   File "/usr/local/lib/python3.13/site-packages/starlette/routing.py", line 716, in __call__
2026-09-21T00:40:39.367084089Z     await self.middleware_stack(scope, receive, send)
2026-09-21T00:40:39.367085963Z   File "/usr/local/lib/python3.13/site-packages/starlette/routing.py", line 736, in app
2026-09-21T00:40:39.367087837Z     await route.handle(scope, receive, send)
2026-09-21T00:40:39.367089700Z   File "/usr/local/lib/python3.13/site-packages/starlette/routing.py", line 290, in handle
2026-09-21T00:40:39.367091594Z     await self.app(scope, receive, send)
2026-09-21T00:40:39.367093468Z   File "/usr/local/lib/python3.13/site-packages/fastapi/routing.py", line 134, in app
2026-09-21T00:40:39.367095332Z     await wrap_app_handling_exceptions(app, request)(scope, receive, send)
2026-09-21T00:40:39.367097205Z   File "/usr/local/lib/python3.13/site-packages/starlette/_exception_handler.py", line 53, in wrapped_app
2026-09-21T00:40:39.367099069Z     raise exc
2026-09-21T00:40:39.367100963Z   File "/usr/local/lib/python3.13/site-packages/starlette/_exception_handler.py", line 42, in wrapped_app
2026-09-21T00:40:39.367102826Z     await app(scope, receive, sender)
2026-09-21T00:40:39.367104680Z   File "/usr/local/lib/python3.13/site-packages/fastapi/routing.py", line 120, in app
2026-09-21T00:40:39.367107065Z     response = await f(request)
2026-09-21T00:40:39.367108938Z                ^^^^^^^^^^^^^^^^
2026-09-21T00:40:39.367110802Z   File "/usr/local/lib/python3.13/site-packages/fastapi/routing.py", line 674, in app
2026-09-21T00:40:39.367112676Z     raw_response = await run_endpoint_function(
2026-09-21T00:40:39.367121513Z                    ^^^^^^^^^^^^^^^^^^^^^^^^^^^^
2026-09-21T00:40:39.367124058Z     ...<3 lines>...
2026-09-21T00:40:39.367125962Z     )
2026-09-21T00:40:39.367127856Z     ^
2026-09-21T00:40:39.367129800Z   File "/usr/local/lib/python3.13/site-packages/fastapi/routing.py", line 330, in run_endpoint_function
2026-09-21T00:40:39.367131733Z     return await run_in_threadpool(dependant.call, **values)
2026-09-21T00:40:39.367133637Z            ^^^^^^^^^^^^^^^^^^^^^^^^^^^^^^^^^^^^^^^^^^^^^^^^^
2026-09-21T00:40:39.367169137Z   File "/usr/local/lib/python3.13/site-packages/starlette/concurrency.py", line 32, in run_in_threadpool
2026-09-21T00:40:39.367173756Z     return await anyio.to_thread.run_sync(func)
2026-09-21T00:40:39.367175730Z            ^^^^^^^^^^^^^^^^^^^^^^^^^^^^^^^^^^^^
2026-09-21T00:40:39.367177624Z   File "/usr/local/lib/python3.13/site-packages/anyio/to_thread.py", line 63, in run_sync
2026-09-21T00:40:39.367179578Z     return await get_async_backend().run_sync_in_worker_thread(
2026-09-21T00:40:39.367181552Z            ^^^^^^^^^^^^^^^^^^^^^^^^^^^^^^^^^^^^^^^^^^^^^^^^^^^^
2026-09-21T00:40:39.367183445Z         func, args, abandon_on_cancel=abandon_on_cancel, limiter=limiter
2026-09-21T00:40:39.367185349Z         ^^^^^^^^^^^^^^^^^^^^^^^^^^^^^^^^^^^^^^^^^^^^^^^^^^^^^^^^^^^^^^^^
2026-09-21T00:40:39.367187243Z     )
2026-09-21T00:40:39.367189157Z     ^
2026-09-21T00:40:39.367191060Z   File "/usr/local/lib/python3.13/site-packages/anyio/_backends/_asyncio.py", line 2518, in run_sync_in_worker_thread
2026-09-21T00:40:39.367192954Z     return await future
2026-09-21T00:40:39.367194868Z            ^^^^^^^^^^^^
2026-09-21T00:40:39.367196812Z   File "/usr/local/lib/python3.13/site-packages/anyio/_backends/_asyncio.py", line 1002, in run
2026-09-21T00:40:39.367198706Z     result = context.run(func, *args)
2026-09-21T00:40:39.367200589Z   File "/app/app/routers/orders.py", line 36, in checkout
2026-09-21T00:40:39.367202473Z     return create_order(
2026-09-21T00:40:39.367204397Z         db=db,
2026-09-21T00:40:39.367206321Z     ...<2 lines>...
2026-09-21T00:40:39.367208254Z         correlation_id=correlation_id,
2026-09-21T00:40:39.367210178Z     )
2026-09-21T00:40:39.367212132Z   File "/app/app/services/order_service.py", line 42, in create_order
2026-09-21T00:40:39.367215599Z     result = db.execute(
2026-09-21T00:40:39.367217643Z         select(ProductModel).where(ProductModel.id == product_id)
2026-09-21T00:40:39.367219577Z     )
2026-09-21T00:40:39.367221501Z   File "/usr/local/lib/python3.13/site-packages/sqlalchemy/orm/session.py", line 2372, in execute
2026-09-21T00:40:39.367223434Z     return self._execute_internal(
2026-09-21T00:40:39.367225348Z            ~~~~~~~~~~~~~~~~~~~~~~^
2026-09-21T00:40:39.367227282Z         statement,
2026-09-21T00:40:39.367229166Z         ^^^^^^^^^^
2026-09-21T00:40:39.367231049Z     ...<4 lines>...
2026-09-21T00:40:39.367232933Z         _add_event=_add_event,
2026-09-21T00:40:39.367234807Z         ^^^^^^^^^^^^^^^^^^^^^^
2026-09-21T00:40:39.367236680Z     )
2026-09-21T00:40:39.367238594Z     ^
2026-09-21T00:40:39.367240558Z   File "/usr/local/lib/python3.13/site-packages/sqlalchemy/orm/session.py", line 2260, in _execute_internal
2026-09-21T00:40:39.367242492Z     conn = self._connection_for_bind(bind)
2026-09-21T00:40:39.367244406Z   File "/usr/local/lib/python3.13/site-packages/sqlalchemy/orm/session.py", line 2112, in _connection_for_bind
2026-09-21T00:40:39.367246319Z     return trans._connection_for_bind(engine, execution_options)
2026-09-21T00:40:39.367248203Z            ~~~~~~~~~~~~~~~~~~~~~~~~~~^^^^^^^^^^^^^^^^^^^^^^^^^^^
2026-09-21T00:40:39.367258243Z   File "<string>", line 2, in _connection_for_bind
2026-09-21T00:40:39.367260267Z   File "/usr/local/lib/python3.13/site-packages/sqlalchemy/orm/state_changes.py", line 137, in _go
2026-09-21T00:40:39.367262151Z     ret_value = fn(self, *arg, **kw)
2026-09-21T00:40:39.367264024Z   File "/usr/local/lib/python3.13/site-packages/sqlalchemy/orm/session.py", line 1191, in _connection_for_bind
2026-09-21T00:40:39.367265928Z     conn = bind.connect()
2026-09-21T00:40:39.367268283Z   File "/usr/local/lib/python3.13/site-packages/opentelemetry/instrumentation/sqlalchemy/engine.py", line 200, in _wrap_connect_internal
2026-09-21T00:40:39.367270177Z     return func(*args, **kwargs)
2026-09-21T00:40:39.367273764Z   File "/usr/local/lib/python3.13/site-packages/sqlalchemy/engine/base.py", line 3295, in connect
2026-09-21T00:40:39.367275707Z     return self._connection_cls(self)
2026-09-21T00:40:39.367277601Z            ~~~~~~~~~~~~~~~~~~~~^^^^^^
2026-09-21T00:40:39.367279495Z   File "/usr/local/lib/python3.13/site-packages/sqlalchemy/engine/base.py", line 144, in __init__
2026-09-21T00:40:39.367281379Z     self._dbapi_connection = engine.raw_connection()
2026-09-21T00:40:39.367283302Z                              ~~~~~~~~~~~~~~~~~~~~~^^
2026-09-21T00:40:39.367285156Z   File "/usr/local/lib/python3.13/site-packages/sqlalchemy/engine/base.py", line 3319, in raw_connection
2026-09-21T00:40:39.367287150Z     return self.pool.connect()
2026-09-21T00:40:39.367289074Z            ~~~~~~~~~~~~~~~~~^^
2026-09-21T00:40:39.367290958Z   File "/usr/local/lib/python3.13/site-packages/sqlalchemy/pool/base.py", line 448, in connect
2026-09-21T00:40:39.367292911Z     return _ConnectionFairy._checkout(self)
2026-09-21T00:40:39.367294765Z            ~~~~~~~~~~~~~~~~~~~~~~~~~~^^^^^^
2026-09-21T00:40:39.367296629Z   File "/usr/local/lib/python3.13/site-packages/sqlalchemy/pool/base.py", line 1272, in _checkout
2026-09-21T00:40:39.367298512Z     fairy = _ConnectionRecord.checkout(pool)
2026-09-21T00:40:39.367300406Z   File "/usr/local/lib/python3.13/site-packages/sqlalchemy/pool/base.py", line 712, in checkout
2026-09-21T00:40:39.367302300Z     rec = pool._do_get()
2026-09-21T00:40:39.367304204Z   File "/usr/local/lib/python3.13/site-packages/sqlalchemy/pool/impl.py", line 167, in _do_get
2026-09-21T00:40:39.367306138Z     raise exc.TimeoutError(
2026-09-21T00:40:39.367308021Z     ...<4 lines>...
2026-09-21T00:40:39.367309885Z     )
2026-09-21T00:40:39.367312370Z sqlalchemy.exc.TimeoutError: QueuePool limit of size 5 overflow 10 reached, connection timed out, timeout 30.00 (Background on this error at: https://sqlalche.me/e/20/3o7r)
2026-09-21T00:40:39.445272848Z ERROR:    Exception in ASGI application
2026-09-21T00:40:39.445307246Z Traceback (most recent call last):
2026-09-21T00:40:39.445312607Z   File "/usr/local/lib/python3.13/site-packages/uvicorn/protocols/http/httptools_impl.py", line 421, in run_asgi
2026-09-21T00:40:39.445317606Z     result = await app(  # type: ignore[func-returns-value]
2026-09-21T00:40:39.445321875Z              ^^^^^^^^^^^^^^^^^^^^^^^^^^^^^^^^^^^^^^^^^^^^^^
2026-09-21T00:40:39.445326113Z         self.scope, self.receive, self.send
2026-09-21T00:40:39.445330342Z         ^^^^^^^^^^^^^^^^^^^^^^^^^^^^^^^^^^^
2026-09-21T00:40:39.445335031Z     )
2026-09-21T00:40:39.445339470Z     ^
2026-09-21T00:40:39.445343838Z   File "/usr/local/lib/python3.13/site-packages/uvicorn/middleware/proxy_headers.py", line 63, in __call__
2026-09-21T00:40:39.445348197Z     return await self.app(scope, receive, send)
2026-09-21T00:40:39.445352445Z            ^^^^^^^^^^^^^^^^^^^^^^^^^^^^^^^^^^^^
2026-09-21T00:40:39.445357034Z   File "/usr/local/lib/python3.13/site-packages/fastapi/applications.py", line 1159, in __call__
2026-09-21T00:40:39.445387013Z     await super().__call__(scope, receive, send)
2026-09-21T00:40:39.445391472Z   File "/usr/local/lib/python3.13/site-packages/starlette/applications.py", line 107, in __call__
2026-09-21T00:40:39.445395891Z     await self.middleware_stack(scope, receive, send)
2026-09-21T00:40:39.445400169Z   File "/usr/local/lib/python3.13/site-packages/starlette/middleware/errors.py", line 186, in __call__
2026-09-21T00:40:39.445404548Z     raise exc
2026-09-21T00:40:39.445408866Z   File "/usr/local/lib/python3.13/site-packages/starlette/middleware/errors.py", line 164, in __call__
2026-09-21T00:40:39.445413165Z     await self.app(scope, receive, _send)
2026-09-21T00:40:39.445418245Z   File "/usr/local/lib/python3.13/site-packages/opentelemetry/instrumentation/asgi/__init__.py", line 806, in __call__
2026-09-21T00:40:39.445422734Z     await self.app(scope, otel_receive, otel_send)
2026-09-21T00:40:39.445426992Z   File "/usr/local/lib/python3.13/site-packages/starlette/middleware/errors.py", line 186, in __call__
2026-09-21T00:40:39.445431331Z     raise exc
2026-09-21T00:40:39.445435599Z   File "/usr/local/lib/python3.13/site-packages/starlette/middleware/errors.py", line 164, in __call__
2026-09-21T00:40:39.445439938Z     await self.app(scope, receive, _send)
2026-09-21T00:40:39.445444457Z   File "/usr/local/lib/python3.13/site-packages/opentelemetry/instrumentation/fastapi/__init__.py", line 305, in __call__
2026-09-21T00:40:39.445448715Z     await self.app(scope, receive, send)
2026-09-21T00:40:39.445452964Z   File "/usr/local/lib/python3.13/site-packages/prometheus_fastapi_instrumentator/middleware.py", line 177, in __call__
2026-09-21T00:40:39.445457202Z     raise exc
2026-09-21T00:40:39.445461450Z   File "/usr/local/lib/python3.13/site-packages/prometheus_fastapi_instrumentator/middleware.py", line 175, in __call__
2026-09-21T00:40:39.445466180Z     await self.app(scope, receive, send_wrapper)
2026-09-21T00:40:39.445470478Z   File "/usr/local/lib/python3.13/site-packages/starlette/middleware/exceptions.py", line 63, in __call__
2026-09-21T00:40:39.445475308Z     await wrap_app_handling_exceptions(self.app, conn)(scope, receive, send)
2026-09-21T00:40:39.445479556Z   File "/usr/local/lib/python3.13/site-packages/starlette/_exception_handler.py", line 53, in wrapped_app
2026-09-21T00:40:39.445484015Z     raise exc
2026-09-21T00:40:39.445488293Z   File "/usr/local/lib/python3.13/site-packages/starlette/_exception_handler.py", line 42, in wrapped_app
2026-09-21T00:40:39.445492542Z     await app(scope, receive, sender)
2026-09-21T00:40:39.445496780Z   File "/usr/local/lib/python3.13/site-packages/fastapi/middleware/asyncexitstack.py", line 18, in __call__
2026-09-21T00:40:39.445501078Z     await self.app(scope, receive, send)
2026-09-21T00:40:39.445505297Z   File "/usr/local/lib/python3.13/site-packages/starlette/routing.py", line 716, in __call__
2026-09-21T00:40:39.445509525Z     await self.middleware_stack(scope, receive, send)
2026-09-21T00:40:39.445513774Z   File "/usr/local/lib/python3.13/site-packages/starlette/routing.py", line 736, in app
2026-09-21T00:40:39.445518082Z     await route.handle(scope, receive, send)
2026-09-21T00:40:39.445522330Z   File "/usr/local/lib/python3.13/site-packages/starlette/routing.py", line 290, in handle
2026-09-21T00:40:39.445526699Z     await self.app(scope, receive, send)
2026-09-21T00:40:39.445530967Z   File "/usr/local/lib/python3.13/site-packages/fastapi/routing.py", line 134, in app
2026-09-21T00:40:39.445535276Z     await wrap_app_handling_exceptions(app, request)(scope, receive, send)
2026-09-21T00:40:39.445539534Z   File "/usr/local/lib/python3.13/site-packages/starlette/_exception_handler.py", line 53, in wrapped_app
2026-09-21T00:40:39.445553843Z     raise exc
2026-09-21T00:40:39.445558251Z   File "/usr/local/lib/python3.13/site-packages/starlette/_exception_handler.py", line 42, in wrapped_app
2026-09-21T00:40:39.445562530Z     await app(scope, receive, sender)
2026-09-21T00:40:39.445566848Z   File "/usr/local/lib/python3.13/site-packages/fastapi/routing.py", line 120, in app
2026-09-21T00:40:39.445571848Z     response = await f(request)
2026-09-21T00:40:39.445576127Z                ^^^^^^^^^^^^^^^^
2026-09-21T00:40:39.445580485Z   File "/usr/local/lib/python3.13/site-packages/fastapi/routing.py", line 674, in app
2026-09-21T00:40:39.445584784Z     raw_response = await run_endpoint_function(
2026-09-21T00:40:39.445589072Z                    ^^^^^^^^^^^^^^^^^^^^^^^^^^^^
2026-09-21T00:40:39.445594042Z     ...<3 lines>...
2026-09-21T00:40:39.445598340Z     )
2026-09-21T00:40:39.445602659Z     ^
2026-09-21T00:40:39.445606937Z   File "/usr/local/lib/python3.13/site-packages/fastapi/routing.py", line 330, in run_endpoint_function
2026-09-21T00:40:39.445611246Z     return await run_in_threadpool(dependant.call, **values)
2026-09-21T00:40:39.445615665Z            ^^^^^^^^^^^^^^^^^^^^^^^^^^^^^^^^^^^^^^^^^^^^^^^^^
2026-09-21T00:40:39.445690322Z   File "/usr/local/lib/python3.13/site-packages/starlette/concurrency.py", line 32, in run_in_threadpool
2026-09-21T00:40:39.445701033Z     return await anyio.to_thread.run_sync(func)
2026-09-21T00:40:39.445705462Z            ^^^^^^^^^^^^^^^^^^^^^^^^^^^^^^^^^^^^
2026-09-21T00:40:39.445709750Z   File "/usr/local/lib/python3.13/site-packages/anyio/to_thread.py", line 63, in run_sync
2026-09-21T00:40:39.445714039Z     return await get_async_backend().run_sync_in_worker_thread(
2026-09-21T00:40:39.445718357Z            ^^^^^^^^^^^^^^^^^^^^^^^^^^^^^^^^^^^^^^^^^^^^^^^^^^^^
2026-09-21T00:40:39.445722756Z         func, args, abandon_on_cancel=abandon_on_cancel, limiter=limiter
2026-09-21T00:40:39.445727054Z         ^^^^^^^^^^^^^^^^^^^^^^^^^^^^^^^^^^^^^^^^^^^^^^^^^^^^^^^^^^^^^^^^
2026-09-21T00:40:39.445731463Z     )
2026-09-21T00:40:39.445735752Z     ^
2026-09-21T00:40:39.445740000Z   File "/usr/local/lib/python3.13/site-packages/anyio/_backends/_asyncio.py", line 2518, in run_sync_in_worker_thread
2026-09-21T00:40:39.445744308Z     return await future
2026-09-21T00:40:39.445748577Z            ^^^^^^^^^^^^
2026-09-21T00:40:39.445752815Z   File "/usr/local/lib/python3.13/site-packages/anyio/_backends/_asyncio.py", line 1002, in run
2026-09-21T00:40:39.445757194Z     result = context.run(func, *args)
2026-09-21T00:40:39.445761482Z   File "/app/app/routers/orders.py", line 36, in checkout
2026-09-21T00:40:39.445765751Z     return create_order(
2026-09-21T00:40:39.445770069Z         db=db,
2026-09-21T00:40:39.445774348Z     ...<2 lines>...
2026-09-21T00:40:39.445778626Z         correlation_id=correlation_id,
2026-09-21T00:40:39.445782895Z     )
2026-09-21T00:40:39.445787243Z   File "/app/app/services/order_service.py", line 42, in create_order
2026-09-21T00:40:39.445791602Z     result = db.execute(
2026-09-21T00:40:39.445795860Z         select(ProductModel).where(ProductModel.id == product_id)
2026-09-21T00:40:39.445800159Z     )
2026-09-21T00:40:39.445804407Z   File "/usr/local/lib/python3.13/site-packages/sqlalchemy/orm/session.py", line 2372, in execute
2026-09-21T00:40:39.445808655Z     return self._execute_internal(
2026-09-21T00:40:39.445812904Z            ~~~~~~~~~~~~~~~~~~~~~~^
2026-09-21T00:40:39.445817293Z         statement,
2026-09-21T00:40:39.445821621Z         ^^^^^^^^^^
2026-09-21T00:40:39.445825990Z     ...<4 lines>...
2026-09-21T00:40:39.445830228Z         _add_event=_add_event,
2026-09-21T00:40:39.445852722Z         ^^^^^^^^^^^^^^^^^^^^^^
2026-09-21T00:40:39.445857141Z     )
2026-09-21T00:40:39.445861410Z     ^
2026-09-21T00:40:39.445865658Z   File "/usr/local/lib/python3.13/site-packages/sqlalchemy/orm/session.py", line 2260, in _execute_internal
2026-09-21T00:40:39.445869906Z     conn = self._connection_for_bind(bind)
2026-09-21T00:40:39.445874145Z   File "/usr/local/lib/python3.13/site-packages/sqlalchemy/orm/session.py", line 2112, in _connection_for_bind
2026-09-21T00:40:39.445878413Z     return trans._connection_for_bind(engine, execution_options)
2026-09-21T00:40:39.445882662Z            ~~~~~~~~~~~~~~~~~~~~~~~~~~^^^^^^^^^^^^^^^^^^^^^^^^^^^
2026-09-21T00:40:39.445886880Z   File "<string>", line 2, in _connection_for_bind
2026-09-21T00:40:39.445891128Z   File "/usr/local/lib/python3.13/site-packages/sqlalchemy/orm/state_changes.py", line 137, in _go
2026-09-21T00:40:39.445895347Z     ret_value = fn(self, *arg, **kw)
2026-09-21T00:40:39.445899575Z   File "/usr/local/lib/python3.13/site-packages/sqlalchemy/orm/session.py", line 1191, in _connection_for_bind
2026-09-21T00:40:39.445907290Z     conn = bind.connect()
2026-09-21T00:40:39.445912440Z   File "/usr/local/lib/python3.13/site-packages/opentelemetry/instrumentation/sqlalchemy/engine.py", line 200, in _wrap_connect_internal
2026-09-21T00:40:39.445916809Z     return func(*args, **kwargs)
2026-09-21T00:40:39.445921097Z   File "/usr/local/lib/python3.13/site-packages/sqlalchemy/engine/base.py", line 3295, in connect
2026-09-21T00:40:39.445925376Z     return self._connection_cls(self)
2026-09-21T00:40:39.445929634Z            ~~~~~~~~~~~~~~~~~~~~^^^^^^
2026-09-21T00:40:39.445933883Z   File "/usr/local/lib/python3.13/site-packages/sqlalchemy/engine/base.py", line 144, in __init__
2026-09-21T00:40:39.445938131Z     self._dbapi_connection = engine.raw_connection()
2026-09-21T00:40:39.445942359Z                              ~~~~~~~~~~~~~~~~~~~~~^^
2026-09-21T00:40:39.445946598Z   File "/usr/local/lib/python3.13/site-packages/sqlalchemy/engine/base.py", line 3319, in raw_connection
2026-09-21T00:40:39.445950936Z     return self.pool.connect()
2026-09-21T00:40:39.445955235Z            ~~~~~~~~~~~~~~~~~^^
2026-09-21T00:40:39.445959493Z   File "/usr/local/lib/python3.13/site-packages/sqlalchemy/pool/base.py", line 448, in connect
2026-09-21T00:40:39.445963772Z     return _ConnectionFairy._checkout(self)
2026-09-21T00:40:39.445968000Z            ~~~~~~~~~~~~~~~~~~~~~~~~~~^^^^^^
2026-09-21T00:40:39.445972278Z   File "/usr/local/lib/python3.13/site-packages/sqlalchemy/pool/base.py", line 1272, in _checkout
2026-09-21T00:40:39.445976527Z     fairy = _ConnectionRecord.checkout(pool)
2026-09-21T00:40:39.445980765Z   File "/usr/local/lib/python3.13/site-packages/sqlalchemy/pool/base.py", line 712, in checkout
2026-09-21T00:40:39.445985074Z     rec = pool._do_get()
2026-09-21T00:40:39.445989322Z   File "/usr/local/lib/python3.13/site-packages/sqlalchemy/pool/impl.py", line 167, in _do_get
2026-09-21T00:40:39.445993510Z     raise exc.TimeoutError(
2026-09-21T00:40:39.445997779Z     ...<4 lines>...
2026-09-21T00:40:39.446002057Z     )
2026-09-21T00:40:39.446006957Z sqlalchemy.exc.TimeoutError: QueuePool limit of size 5 overflow 10 reached, connection timed out, timeout 30.00 (Background on this error at: https://sqlalche.me/e/20/3o7r)
2026-09-21T00:40:39.513084881Z ERROR:    Exception in ASGI application
2026-09-21T00:40:39.513111183Z Traceback (most recent call last):
2026-09-21T00:40:39.513114079Z   File "/usr/local/lib/python3.13/site-packages/uvicorn/protocols/http/httptools_impl.py", line 421, in run_asgi
2026-09-21T00:40:39.513116614Z     result = await app(  # type: ignore[func-returns-value]
2026-09-21T00:40:39.513136062Z              ^^^^^^^^^^^^^^^^^^^^^^^^^^^^^^^^^^^^^^^^^^^^^^
2026-09-21T00:40:39.513138136Z         self.scope, self.receive, self.send
2026-09-21T00:40:39.513140030Z         ^^^^^^^^^^^^^^^^^^^^^^^^^^^^^^^^^^^
2026-09-21T00:40:39.513141944Z     )
2026-09-21T00:40:39.513143838Z     ^
2026-09-21T00:40:39.513145781Z   File "/usr/local/lib/python3.13/site-packages/uvicorn/middleware/proxy_headers.py", line 63, in __call__
2026-09-21T00:40:39.513147695Z     return await self.app(scope, receive, send)
2026-09-21T00:40:39.513149589Z            ^^^^^^^^^^^^^^^^^^^^^^^^^^^^^^^^^^^^
2026-09-21T00:40:39.513152394Z   File "/usr/local/lib/python3.13/site-packages/fastapi/applications.py", line 1159, in __call__
2026-09-21T00:40:39.513154288Z     await super().__call__(scope, receive, send)
2026-09-21T00:40:39.513156152Z   File "/usr/local/lib/python3.13/site-packages/starlette/applications.py", line 107, in __call__
2026-09-21T00:40:39.513158046Z     await self.middleware_stack(scope, receive, send)
2026-09-21T00:40:39.513160080Z   File "/usr/local/lib/python3.13/site-packages/starlette/middleware/errors.py", line 186, in __call__
2026-09-21T00:40:39.513162033Z     raise exc
2026-09-21T00:40:39.513163937Z   File "/usr/local/lib/python3.13/site-packages/starlette/middleware/errors.py", line 164, in __call__
2026-09-21T00:40:39.513165851Z     await self.app(scope, receive, _send)
2026-09-21T00:40:39.513168506Z   File "/usr/local/lib/python3.13/site-packages/opentelemetry/instrumentation/asgi/__init__.py", line 806, in __call__
2026-09-21T00:40:39.513170390Z     await self.app(scope, otel_receive, otel_send)
2026-09-21T00:40:39.513172294Z   File "/usr/local/lib/python3.13/site-packages/starlette/middleware/errors.py", line 186, in __call__
2026-09-21T00:40:39.513174187Z     raise exc
2026-09-21T00:40:39.513176061Z   File "/usr/local/lib/python3.13/site-packages/starlette/middleware/errors.py", line 164, in __call__
2026-09-21T00:40:39.513177995Z     await self.app(scope, receive, _send)
2026-09-21T00:40:39.513179879Z   File "/usr/local/lib/python3.13/site-packages/opentelemetry/instrumentation/fastapi/__init__.py", line 305, in __call__
2026-09-21T00:40:39.513181762Z     await self.app(scope, receive, send)
2026-09-21T00:40:39.513183646Z   File "/usr/local/lib/python3.13/site-packages/prometheus_fastapi_instrumentator/middleware.py", line 177, in __call__
2026-09-21T00:40:39.513185550Z     raise exc
2026-09-21T00:40:39.513187444Z   File "/usr/local/lib/python3.13/site-packages/prometheus_fastapi_instrumentator/middleware.py", line 175, in __call__
2026-09-21T00:40:39.513189327Z     await self.app(scope, receive, send_wrapper)
2026-09-21T00:40:39.513191211Z   File "/usr/local/lib/python3.13/site-packages/starlette/middleware/exceptions.py", line 63, in __call__
2026-09-21T00:40:39.513196171Z     await wrap_app_handling_exceptions(self.app, conn)(scope, receive, send)
2026-09-21T00:40:39.513198105Z   File "/usr/local/lib/python3.13/site-packages/starlette/_exception_handler.py", line 53, in wrapped_app
2026-09-21T00:40:39.513200179Z     raise exc
2026-09-21T00:40:39.513202062Z   File "/usr/local/lib/python3.13/site-packages/starlette/_exception_handler.py", line 42, in wrapped_app
2026-09-21T00:40:39.513203956Z     await app(scope, receive, sender)
2026-09-21T00:40:39.513205830Z   File "/usr/local/lib/python3.13/site-packages/fastapi/middleware/asyncexitstack.py", line 18, in __call__
2026-09-21T00:40:39.513207724Z     await self.app(scope, receive, send)
2026-09-21T00:40:39.513209617Z   File "/usr/local/lib/python3.13/site-packages/starlette/routing.py", line 716, in __call__
2026-09-21T00:40:39.513211531Z     await self.middleware_stack(scope, receive, send)
2026-09-21T00:40:39.513288503Z   File "/usr/local/lib/python3.13/site-packages/starlette/routing.py", line 736, in app
2026-09-21T00:40:39.513292952Z     await route.handle(scope, receive, send)
2026-09-21T00:40:39.513294886Z   File "/usr/local/lib/python3.13/site-packages/starlette/routing.py", line 290, in handle
2026-09-21T00:40:39.513296779Z     await self.app(scope, receive, send)
2026-09-21T00:40:39.513298673Z   File "/usr/local/lib/python3.13/site-packages/fastapi/routing.py", line 134, in app
2026-09-21T00:40:39.513300557Z     await wrap_app_handling_exceptions(app, request)(scope, receive, send)
2026-09-21T00:40:39.513302851Z   File "/usr/local/lib/python3.13/site-packages/starlette/_exception_handler.py", line 53, in wrapped_app
2026-09-21T00:40:39.513305376Z     raise exc
2026-09-21T00:40:39.513307801Z   File "/usr/local/lib/python3.13/site-packages/starlette/_exception_handler.py", line 42, in wrapped_app
2026-09-21T00:40:39.513310146Z     await app(scope, receive, sender)
2026-09-21T00:40:39.513312060Z   File "/usr/local/lib/python3.13/site-packages/fastapi/routing.py", line 120, in app
2026-09-21T00:40:39.513314554Z     response = await f(request)
2026-09-21T00:40:39.513316649Z                ^^^^^^^^^^^^^^^^
2026-09-21T00:40:39.513319073Z   File "/usr/local/lib/python3.13/site-packages/fastapi/routing.py", line 674, in app
2026-09-21T00:40:39.513321448Z     raw_response = await run_endpoint_function(
2026-09-21T00:40:39.513323883Z                    ^^^^^^^^^^^^^^^^^^^^^^^^^^^^
2026-09-21T00:40:39.513326498Z     ...<3 lines>...
2026-09-21T00:40:39.513328392Z     )
2026-09-21T00:40:39.513330306Z     ^
2026-09-21T00:40:39.513332199Z   File "/usr/local/lib/python3.13/site-packages/fastapi/routing.py", line 330, in run_endpoint_function
2026-09-21T00:40:39.513334113Z     return await run_in_threadpool(dependant.call, **values)
2026-09-21T00:40:39.513336027Z            ^^^^^^^^^^^^^^^^^^^^^^^^^^^^^^^^^^^^^^^^^^^^^^^^^
2026-09-21T00:40:39.513369353Z   File "/usr/local/lib/python3.13/site-packages/starlette/concurrency.py", line 32, in run_in_threadpool
2026-09-21T00:40:39.513373942Z     return await anyio.to_thread.run_sync(func)
2026-09-21T00:40:39.513375916Z            ^^^^^^^^^^^^^^^^^^^^^^^^^^^^^^^^^^^^
2026-09-21T00:40:39.513377799Z   File "/usr/local/lib/python3.13/site-packages/anyio/to_thread.py", line 63, in run_sync
2026-09-21T00:40:39.513379683Z     return await get_async_backend().run_sync_in_worker_thread(
2026-09-21T00:40:39.513381577Z            ^^^^^^^^^^^^^^^^^^^^^^^^^^^^^^^^^^^^^^^^^^^^^^^^^^^^
2026-09-21T00:40:39.513383460Z         func, args, abandon_on_cancel=abandon_on_cancel, limiter=limiter
2026-09-21T00:40:39.513385354Z         ^^^^^^^^^^^^^^^^^^^^^^^^^^^^^^^^^^^^^^^^^^^^^^^^^^^^^^^^^^^^^^^^
2026-09-21T00:40:39.513387388Z     )
2026-09-21T00:40:39.513389392Z     ^
2026-09-21T00:40:39.513391276Z   File "/usr/local/lib/python3.13/site-packages/anyio/_backends/_asyncio.py", line 2518, in run_sync_in_worker_thread
2026-09-21T00:40:39.513393230Z     return await future
2026-09-21T00:40:39.513395144Z            ^^^^^^^^^^^^
2026-09-21T00:40:39.513397037Z   File "/usr/local/lib/python3.13/site-packages/anyio/_backends/_asyncio.py", line 1002, in run
2026-09-21T00:40:39.513398931Z     result = context.run(func, *args)
2026-09-21T00:40:39.513400805Z   File "/app/app/routers/orders.py", line 36, in checkout
2026-09-21T00:40:39.513402738Z     return create_order(
2026-09-21T00:40:39.513404672Z         db=db,
2026-09-21T00:40:39.513406586Z     ...<2 lines>...
2026-09-21T00:40:39.513408510Z         correlation_id=correlation_id,
2026-09-21T00:40:39.513410404Z     )
2026-09-21T00:40:39.513412347Z   File "/app/app/services/order_service.py", line 42, in create_order
2026-09-21T00:40:39.513422748Z     result = db.execute(
2026-09-21T00:40:39.513424782Z         select(ProductModel).where(ProductModel.id == product_id)
2026-09-21T00:40:39.513426706Z     )
2026-09-21T00:40:39.513428590Z   File "/usr/local/lib/python3.13/site-packages/sqlalchemy/orm/session.py", line 2372, in execute
2026-09-21T00:40:39.513430463Z     return self._execute_internal(
2026-09-21T00:40:39.513432327Z            ~~~~~~~~~~~~~~~~~~~~~~^
2026-09-21T00:40:39.513434201Z         statement,
2026-09-21T00:40:39.513436094Z         ^^^^^^^^^^
2026-09-21T00:40:39.513438048Z     ...<4 lines>...
2026-09-21T00:40:39.513439952Z         _add_event=_add_event,
2026-09-21T00:40:39.513441876Z         ^^^^^^^^^^^^^^^^^^^^^^
2026-09-21T00:40:39.513443739Z     )
2026-09-21T00:40:39.513445623Z     ^
2026-09-21T00:40:39.513447527Z   File "/usr/local/lib/python3.13/site-packages/sqlalchemy/orm/session.py", line 2260, in _execute_internal
2026-09-21T00:40:39.513449411Z     conn = self._connection_for_bind(bind)
2026-09-21T00:40:39.513451304Z   File "/usr/local/lib/python3.13/site-packages/sqlalchemy/orm/session.py", line 2112, in _connection_for_bind
2026-09-21T00:40:39.513453208Z     return trans._connection_for_bind(engine, execution_options)
2026-09-21T00:40:39.513455102Z            ~~~~~~~~~~~~~~~~~~~~~~~~~~^^^^^^^^^^^^^^^^^^^^^^^^^^^
2026-09-21T00:40:39.513457006Z   File "<string>", line 2, in _connection_for_bind
2026-09-21T00:40:39.513458899Z   File "/usr/local/lib/python3.13/site-packages/sqlalchemy/orm/state_changes.py", line 137, in _go
2026-09-21T00:40:39.513460793Z     ret_value = fn(self, *arg, **kw)
2026-09-21T00:40:39.513462677Z   File "/usr/local/lib/python3.13/site-packages/sqlalchemy/orm/session.py", line 1191, in _connection_for_bind
2026-09-21T00:40:39.513464560Z     conn = bind.connect()
2026-09-21T00:40:39.513466935Z   File "/usr/local/lib/python3.13/site-packages/opentelemetry/instrumentation/sqlalchemy/engine.py", line 200, in _wrap_connect_internal
2026-09-21T00:40:39.513468839Z     return func(*args, **kwargs)
2026-09-21T00:40:39.513470723Z   File "/usr/local/lib/python3.13/site-packages/sqlalchemy/engine/base.py", line 3295, in connect
2026-09-21T00:40:39.513472636Z     return self._connection_cls(self)
2026-09-21T00:40:39.513474510Z            ~~~~~~~~~~~~~~~~~~~~^^^^^^
2026-09-21T00:40:39.513476384Z   File "/usr/local/lib/python3.13/site-packages/sqlalchemy/engine/base.py", line 144, in __init__
2026-09-21T00:40:39.513478258Z     self._dbapi_connection = engine.raw_connection()
2026-09-21T00:40:39.513480141Z                              ~~~~~~~~~~~~~~~~~~~~~^^
2026-09-21T00:40:39.513482005Z   File "/usr/local/lib/python3.13/site-packages/sqlalchemy/engine/base.py", line 3319, in raw_connection
2026-09-21T00:40:39.513483889Z     return self.pool.connect()
2026-09-21T00:40:39.513485782Z            ~~~~~~~~~~~~~~~~~^^
2026-09-21T00:40:39.513487676Z   File "/usr/local/lib/python3.13/site-packages/sqlalchemy/pool/base.py", line 448, in connect
2026-09-21T00:40:39.513489570Z     return _ConnectionFairy._checkout(self)
2026-09-21T00:40:39.513491444Z            ~~~~~~~~~~~~~~~~~~~~~~~~~~^^^^^^
2026-09-21T00:40:39.513493327Z   File "/usr/local/lib/python3.13/site-packages/sqlalchemy/pool/base.py", line 1272, in _checkout
2026-09-21T00:40:39.513495211Z     fairy = _ConnectionRecord.checkout(pool)
2026-09-21T00:40:39.513497095Z   File "/usr/local/lib/python3.13/site-packages/sqlalchemy/pool/base.py", line 712, in checkout
2026-09-21T00:40:39.513498978Z     rec = pool._do_get()
2026-09-21T00:40:39.513500852Z   File "/usr/local/lib/python3.13/site-packages/sqlalchemy/pool/impl.py", line 167, in _do_get
2026-09-21T00:40:39.513507535Z     raise exc.TimeoutError(
2026-09-21T00:40:39.513509479Z     ...<4 lines>...
2026-09-21T00:40:39.513511383Z     )
2026-09-21T00:40:39.513515120Z sqlalchemy.exc.TimeoutError: QueuePool limit of size 5 overflow 10 reached, connection timed out, timeout 30.00 (Background on this error at: https://sqlalche.me/e/20/3o7r)
2026-09-21T00:40:39.614004340Z ERROR:    Exception in ASGI application
2026-09-21T00:40:39.614035181Z Traceback (most recent call last):
2026-09-21T00:40:39.614038437Z   File "/usr/local/lib/python3.13/site-packages/uvicorn/protocols/http/httptools_impl.py", line 421, in run_asgi
2026-09-21T00:40:39.614041112Z     result = await app(  # type: ignore[func-returns-value]
2026-09-21T00:40:39.614043046Z              ^^^^^^^^^^^^^^^^^^^^^^^^^^^^^^^^^^^^^^^^^^^^^^
2026-09-21T00:40:39.614044930Z         self.scope, self.receive, self.send
2026-09-21T00:40:39.614046824Z         ^^^^^^^^^^^^^^^^^^^^^^^^^^^^^^^^^^^
2026-09-21T00:40:39.614048738Z     )
2026-09-21T00:40:39.614050661Z     ^
2026-09-21T00:40:39.614052595Z   File "/usr/local/lib/python3.13/site-packages/uvicorn/middleware/proxy_headers.py", line 63, in __call__
2026-09-21T00:40:39.614054609Z     return await self.app(scope, receive, send)
2026-09-21T00:40:39.614056753Z            ^^^^^^^^^^^^^^^^^^^^^^^^^^^^^^^^^^^^
2026-09-21T00:40:39.614059068Z   File "/usr/local/lib/python3.13/site-packages/fastapi/applications.py", line 1159, in __call__
2026-09-21T00:40:39.614060962Z     await super().__call__(scope, receive, send)
2026-09-21T00:40:39.614062986Z   File "/usr/local/lib/python3.13/site-packages/starlette/applications.py", line 107, in __call__
2026-09-21T00:40:39.614064919Z     await self.middleware_stack(scope, receive, send)
2026-09-21T00:40:39.614066803Z   File "/usr/local/lib/python3.13/site-packages/starlette/middleware/errors.py", line 186, in __call__
2026-09-21T00:40:39.614068707Z     raise exc
2026-09-21T00:40:39.614070601Z   File "/usr/local/lib/python3.13/site-packages/starlette/middleware/errors.py", line 164, in __call__
2026-09-21T00:40:39.614072524Z     await self.app(scope, receive, _send)
2026-09-21T00:40:39.614074969Z   File "/usr/local/lib/python3.13/site-packages/opentelemetry/instrumentation/asgi/__init__.py", line 806, in __call__
2026-09-21T00:40:39.614076883Z     await self.app(scope, otel_receive, otel_send)
2026-09-21T00:40:39.614078767Z   File "/usr/local/lib/python3.13/site-packages/starlette/middleware/errors.py", line 186, in __call__
2026-09-21T00:40:39.614080640Z     raise exc
2026-09-21T00:40:39.614082544Z   File "/usr/local/lib/python3.13/site-packages/starlette/middleware/errors.py", line 164, in __call__
2026-09-21T00:40:39.614084438Z     await self.app(scope, receive, _send)
2026-09-21T00:40:39.614086322Z   File "/usr/local/lib/python3.13/site-packages/opentelemetry/instrumentation/fastapi/__init__.py", line 305, in __call__
2026-09-21T00:40:39.614088225Z     await self.app(scope, receive, send)
2026-09-21T00:40:39.614090119Z   File "/usr/local/lib/python3.13/site-packages/prometheus_fastapi_instrumentator/middleware.py", line 177, in __call__
2026-09-21T00:40:39.614111702Z     raise exc
2026-09-21T00:40:39.614117974Z   File "/usr/local/lib/python3.13/site-packages/prometheus_fastapi_instrumentator/middleware.py", line 175, in __call__
2026-09-21T00:40:39.614119938Z     await self.app(scope, receive, send_wrapper)
2026-09-21T00:40:39.614121952Z   File "/usr/local/lib/python3.13/site-packages/starlette/middleware/exceptions.py", line 63, in __call__
2026-09-21T00:40:39.614124858Z     await wrap_app_handling_exceptions(self.app, conn)(scope, receive, send)
2026-09-21T00:40:39.614126872Z   File "/usr/local/lib/python3.13/site-packages/starlette/_exception_handler.py", line 53, in wrapped_app
2026-09-21T00:40:39.614145619Z     raise exc
2026-09-21T00:40:39.614147623Z   File "/usr/local/lib/python3.13/site-packages/starlette/_exception_handler.py", line 42, in wrapped_app
2026-09-21T00:40:39.614149496Z     await app(scope, receive, sender)
2026-09-21T00:40:39.614151370Z   File "/usr/local/lib/python3.13/site-packages/fastapi/middleware/asyncexitstack.py", line 18, in __call__
2026-09-21T00:40:39.614153244Z     await self.app(scope, receive, send)
2026-09-21T00:40:39.614155127Z   File "/usr/local/lib/python3.13/site-packages/starlette/routing.py", line 716, in __call__
2026-09-21T00:40:39.614157031Z     await self.middleware_stack(scope, receive, send)
2026-09-21T00:40:39.614158985Z   File "/usr/local/lib/python3.13/site-packages/starlette/routing.py", line 736, in app
2026-09-21T00:40:39.614160899Z     await route.handle(scope, receive, send)
2026-09-21T00:40:39.614162763Z   File "/usr/local/lib/python3.13/site-packages/starlette/routing.py", line 290, in handle
2026-09-21T00:40:39.614164606Z     await self.app(scope, receive, send)
2026-09-21T00:40:39.614166450Z   File "/usr/local/lib/python3.13/site-packages/fastapi/routing.py", line 134, in app
2026-09-21T00:40:39.614168303Z     await wrap_app_handling_exceptions(app, request)(scope, receive, send)
2026-09-21T00:40:39.614170187Z   File "/usr/local/lib/python3.13/site-packages/starlette/_exception_handler.py", line 53, in wrapped_app
2026-09-21T00:40:39.614172051Z     raise exc
2026-09-21T00:40:39.614174005Z   File "/usr/local/lib/python3.13/site-packages/starlette/_exception_handler.py", line 42, in wrapped_app
2026-09-21T00:40:39.614175888Z     await app(scope, receive, sender)
2026-09-21T00:40:39.614177742Z   File "/usr/local/lib/python3.13/site-packages/fastapi/routing.py", line 120, in app
2026-09-21T00:40:39.614180117Z     response = await f(request)
2026-09-21T00:40:39.614181990Z                ^^^^^^^^^^^^^^^^
2026-09-21T00:40:39.614183844Z   File "/usr/local/lib/python3.13/site-packages/fastapi/routing.py", line 674, in app
2026-09-21T00:40:39.614185708Z     raw_response = await run_endpoint_function(
2026-09-21T00:40:39.614187582Z                    ^^^^^^^^^^^^^^^^^^^^^^^^^^^^
2026-09-21T00:40:39.614190026Z     ...<3 lines>...
2026-09-21T00:40:39.614191920Z     )
2026-09-21T00:40:39.614193804Z     ^
2026-09-21T00:40:39.614195688Z   File "/usr/local/lib/python3.13/site-packages/fastapi/routing.py", line 330, in run_endpoint_function
2026-09-21T00:40:39.614197541Z     return await run_in_threadpool(dependant.call, **values)
2026-09-21T00:40:39.614199405Z            ^^^^^^^^^^^^^^^^^^^^^^^^^^^^^^^^^^^^^^^^^^^^^^^^^
2026-09-21T00:40:39.614204575Z   File "/usr/local/lib/python3.13/site-packages/starlette/concurrency.py", line 32, in run_in_threadpool
2026-09-21T00:40:39.614206609Z     return await anyio.to_thread.run_sync(func)
2026-09-21T00:40:39.614227190Z            ^^^^^^^^^^^^^^^^^^^^^^^^^^^^^^^^^^^^
2026-09-21T00:40:39.614230156Z   File "/usr/local/lib/python3.13/site-packages/anyio/to_thread.py", line 63, in run_sync
2026-09-21T00:40:39.614232129Z     return await get_async_backend().run_sync_in_worker_thread(
2026-09-21T00:40:39.614234023Z            ^^^^^^^^^^^^^^^^^^^^^^^^^^^^^^^^^^^^^^^^^^^^^^^^^^^^
2026-09-21T00:40:39.614235897Z         func, args, abandon_on_cancel=abandon_on_cancel, limiter=limiter
2026-09-21T00:40:39.614237791Z         ^^^^^^^^^^^^^^^^^^^^^^^^^^^^^^^^^^^^^^^^^^^^^^^^^^^^^^^^^^^^^^^^
2026-09-21T00:40:39.614239674Z     )
2026-09-21T00:40:39.614241558Z     ^
2026-09-21T00:40:39.614243482Z   File "/usr/local/lib/python3.13/site-packages/anyio/_backends/_asyncio.py", line 2518, in run_sync_in_worker_thread
2026-09-21T00:40:39.614245356Z     return await future
2026-09-21T00:40:39.614255465Z            ^^^^^^^^^^^^
2026-09-21T00:40:39.614257590Z   File "/usr/local/lib/python3.13/site-packages/anyio/_backends/_asyncio.py", line 1002, in run
2026-09-21T00:40:39.614259513Z     result = context.run(func, *args)
2026-09-21T00:40:39.614261397Z   File "/app/app/routers/orders.py", line 36, in checkout
2026-09-21T00:40:39.614263281Z     return create_order(
2026-09-21T00:40:39.614265165Z         db=db,
2026-09-21T00:40:39.614267339Z     ...<2 lines>...
2026-09-21T00:40:39.614269223Z         correlation_id=correlation_id,
2026-09-21T00:40:39.614271217Z     )
2026-09-21T00:40:39.614273120Z   File "/app/app/services/order_service.py", line 42, in create_order
2026-09-21T00:40:39.614275004Z     result = db.execute(
2026-09-21T00:40:39.614276888Z         select(ProductModel).where(ProductModel.id == product_id)
2026-09-21T00:40:39.614278741Z     )
2026-09-21T00:40:39.614280625Z   File "/usr/local/lib/python3.13/site-packages/sqlalchemy/orm/session.py", line 2372, in execute
2026-09-21T00:40:39.614282489Z     return self._execute_internal(
2026-09-21T00:40:39.614284363Z            ~~~~~~~~~~~~~~~~~~~~~~^
2026-09-21T00:40:39.614286236Z         statement,
2026-09-21T00:40:39.614288110Z         ^^^^^^^^^^
2026-09-21T00:40:39.614290124Z     ...<4 lines>...
2026-09-21T00:40:39.614292018Z         _add_event=_add_event,
2026-09-21T00:40:39.614293881Z         ^^^^^^^^^^^^^^^^^^^^^^
2026-09-21T00:40:39.614295745Z     )
2026-09-21T00:40:39.614297639Z     ^
2026-09-21T00:40:39.614299522Z   File "/usr/local/lib/python3.13/site-packages/sqlalchemy/orm/session.py", line 2260, in _execute_internal
2026-09-21T00:40:39.614301406Z     conn = self._connection_for_bind(bind)
2026-09-21T00:40:39.614303300Z   File "/usr/local/lib/python3.13/site-packages/sqlalchemy/orm/session.py", line 2112, in _connection_for_bind
2026-09-21T00:40:39.614305174Z     return trans._connection_for_bind(engine, execution_options)
2026-09-21T00:40:39.614307057Z            ~~~~~~~~~~~~~~~~~~~~~~~~~~^^^^^^^^^^^^^^^^^^^^^^^^^^^
2026-09-21T00:40:39.614308921Z   File "<string>", line 2, in _connection_for_bind
2026-09-21T00:40:39.614310785Z   File "/usr/local/lib/python3.13/site-packages/sqlalchemy/orm/state_changes.py", line 137, in _go
2026-09-21T00:40:39.614312688Z     ret_value = fn(self, *arg, **kw)
2026-09-21T00:40:39.614314542Z   File "/usr/local/lib/python3.13/site-packages/sqlalchemy/orm/session.py", line 1191, in _connection_for_bind
2026-09-21T00:40:39.614319392Z     conn = bind.connect()
2026-09-21T00:40:39.614321566Z   File "/usr/local/lib/python3.13/site-packages/opentelemetry/instrumentation/sqlalchemy/engine.py", line 200, in _wrap_connect_internal
2026-09-21T00:40:39.614323500Z     return func(*args, **kwargs)
2026-09-21T00:40:39.614325393Z   File "/usr/local/lib/python3.13/site-packages/sqlalchemy/engine/base.py", line 3295, in connect
2026-09-21T00:40:39.614327297Z     return self._connection_cls(self)
2026-09-21T00:40:39.614329161Z            ~~~~~~~~~~~~~~~~~~~~^^^^^^
2026-09-21T00:40:39.614331035Z   File "/usr/local/lib/python3.13/site-packages/sqlalchemy/engine/base.py", line 144, in __init__
2026-09-21T00:40:39.614332958Z     self._dbapi_connection = engine.raw_connection()
2026-09-21T00:40:39.614334862Z                              ~~~~~~~~~~~~~~~~~~~~~^^
2026-09-21T00:40:39.614336736Z   File "/usr/local/lib/python3.13/site-packages/sqlalchemy/engine/base.py", line 3319, in raw_connection
2026-09-21T00:40:39.614338620Z     return self.pool.connect()
2026-09-21T00:40:39.614340493Z            ~~~~~~~~~~~~~~~~~^^
2026-09-21T00:40:39.614342377Z   File "/usr/local/lib/python3.13/site-packages/sqlalchemy/pool/base.py", line 448, in connect
2026-09-21T00:40:39.614348679Z     return _ConnectionFairy._checkout(self)
2026-09-21T00:40:39.614350623Z            ~~~~~~~~~~~~~~~~~~~~~~~~~~^^^^^^
2026-09-21T00:40:39.614352507Z   File "/usr/local/lib/python3.13/site-packages/sqlalchemy/pool/base.py", line 1272, in _checkout
2026-09-21T00:40:39.614354391Z     fairy = _ConnectionRecord.checkout(pool)
2026-09-21T00:40:39.614356264Z   File "/usr/local/lib/python3.13/site-packages/sqlalchemy/pool/base.py", line 712, in checkout
2026-09-21T00:40:39.614358138Z     rec = pool._do_get()
2026-09-21T00:40:39.614360012Z   File "/usr/local/lib/python3.13/site-packages/sqlalchemy/pool/impl.py", line 167, in _do_get
2026-09-21T00:40:39.614361916Z     raise exc.TimeoutError(
2026-09-21T00:40:39.614364010Z     ...<4 lines>...
2026-09-21T00:40:39.614365903Z     )
2026-09-21T00:40:39.614368529Z sqlalchemy.exc.TimeoutError: QueuePool limit of size 5 overflow 10 reached, connection timed out, timeout 30.00 (Background on this error at: https://sqlalche.me/e/20/3o7r)
2026-09-21T00:40:39.660188983Z ERROR:    Exception in ASGI application
2026-09-21T00:40:39.660224102Z Traceback (most recent call last):
2026-09-21T00:40:39.660229633Z   File "/usr/local/lib/python3.13/site-packages/uvicorn/protocols/http/httptools_impl.py", line 421, in run_asgi
2026-09-21T00:40:39.660234873Z     result = await app(  # type: ignore[func-returns-value]
2026-09-21T00:40:39.660239152Z              ^^^^^^^^^^^^^^^^^^^^^^^^^^^^^^^^^^^^^^^^^^^^^^
2026-09-21T00:40:39.660243650Z         self.scope, self.receive, self.send
2026-09-21T00:40:39.660247899Z         ^^^^^^^^^^^^^^^^^^^^^^^^^^^^^^^^^^^
2026-09-21T00:40:39.660252197Z     )
2026-09-21T00:40:39.660256556Z     ^
2026-09-21T00:40:39.660260874Z   File "/usr/local/lib/python3.13/site-packages/uvicorn/middleware/proxy_headers.py", line 63, in __call__
2026-09-21T00:40:39.660265193Z     return await self.app(scope, receive, send)
2026-09-21T00:40:39.660269451Z            ^^^^^^^^^^^^^^^^^^^^^^^^^^^^^^^^^^^^
2026-09-21T00:40:39.660273990Z   File "/usr/local/lib/python3.13/site-packages/fastapi/applications.py", line 1159, in __call__
2026-09-21T00:40:39.660278319Z     await super().__call__(scope, receive, send)
2026-09-21T00:40:39.660282557Z   File "/usr/local/lib/python3.13/site-packages/starlette/applications.py", line 107, in __call__
2026-09-21T00:40:39.660286806Z     await self.middleware_stack(scope, receive, send)
2026-09-21T00:40:39.660291054Z   File "/usr/local/lib/python3.13/site-packages/starlette/middleware/errors.py", line 186, in __call__
2026-09-21T00:40:39.660295373Z     raise exc
2026-09-21T00:40:39.660299651Z   File "/usr/local/lib/python3.13/site-packages/starlette/middleware/errors.py", line 164, in __call__
2026-09-21T00:40:39.660303939Z     await self.app(scope, receive, _send)
2026-09-21T00:40:39.660308879Z   File "/usr/local/lib/python3.13/site-packages/opentelemetry/instrumentation/asgi/__init__.py", line 806, in __call__
2026-09-21T00:40:39.660313188Z     await self.app(scope, otel_receive, otel_send)
2026-09-21T00:40:39.660317656Z   File "/usr/local/lib/python3.13/site-packages/starlette/middleware/errors.py", line 186, in __call__
2026-09-21T00:40:39.660321945Z     raise exc
2026-09-21T00:40:39.660326183Z   File "/usr/local/lib/python3.13/site-packages/starlette/middleware/errors.py", line 164, in __call__
2026-09-21T00:40:39.660330412Z     await self.app(scope, receive, _send)
2026-09-21T00:40:39.660334640Z   File "/usr/local/lib/python3.13/site-packages/opentelemetry/instrumentation/fastapi/__init__.py", line 305, in __call__
2026-09-21T00:40:39.660338928Z     await self.app(scope, receive, send)
2026-09-21T00:40:39.660343147Z   File "/usr/local/lib/python3.13/site-packages/prometheus_fastapi_instrumentator/middleware.py", line 177, in __call__
2026-09-21T00:40:39.660373597Z     raise exc
2026-09-21T00:40:39.660378116Z   File "/usr/local/lib/python3.13/site-packages/prometheus_fastapi_instrumentator/middleware.py", line 175, in __call__
2026-09-21T00:40:39.660382384Z     await self.app(scope, receive, send_wrapper)
2026-09-21T00:40:39.660386583Z   File "/usr/local/lib/python3.13/site-packages/starlette/middleware/exceptions.py", line 63, in __call__
2026-09-21T00:40:39.660391522Z     await wrap_app_handling_exceptions(self.app, conn)(scope, receive, send)
2026-09-21T00:40:39.660395741Z   File "/usr/local/lib/python3.13/site-packages/starlette/_exception_handler.py", line 53, in wrapped_app
2026-09-21T00:40:39.660399899Z     raise exc
2026-09-21T00:40:39.660404117Z   File "/usr/local/lib/python3.13/site-packages/starlette/_exception_handler.py", line 42, in wrapped_app
2026-09-21T00:40:39.660408355Z     await app(scope, receive, sender)
2026-09-21T00:40:39.660416201Z   File "/usr/local/lib/python3.13/site-packages/fastapi/middleware/asyncexitstack.py", line 18, in __call__
2026-09-21T00:40:39.660420600Z     await self.app(scope, receive, send)
2026-09-21T00:40:39.660424928Z   File "/usr/local/lib/python3.13/site-packages/starlette/routing.py", line 716, in __call__
2026-09-21T00:40:39.660429167Z     await self.middleware_stack(scope, receive, send)
2026-09-21T00:40:39.660433385Z   File "/usr/local/lib/python3.13/site-packages/starlette/routing.py", line 736, in app
2026-09-21T00:40:39.660437653Z     await route.handle(scope, receive, send)
2026-09-21T00:40:39.660441902Z   File "/usr/local/lib/python3.13/site-packages/starlette/routing.py", line 290, in handle
2026-09-21T00:40:39.660446180Z     await self.app(scope, receive, send)
2026-09-21T00:40:39.660450439Z   File "/usr/local/lib/python3.13/site-packages/fastapi/routing.py", line 134, in app
2026-09-21T00:40:39.660454627Z     await wrap_app_handling_exceptions(app, request)(scope, receive, send)
2026-09-21T00:40:39.660458865Z   File "/usr/local/lib/python3.13/site-packages/starlette/_exception_handler.py", line 53, in wrapped_app
2026-09-21T00:40:39.660463053Z     raise exc
2026-09-21T00:40:39.660467252Z   File "/usr/local/lib/python3.13/site-packages/starlette/_exception_handler.py", line 42, in wrapped_app
2026-09-21T00:40:39.660471460Z     await app(scope, receive, sender)
2026-09-21T00:40:39.660475668Z   File "/usr/local/lib/python3.13/site-packages/fastapi/routing.py", line 120, in app
2026-09-21T00:40:39.660480598Z     response = await f(request)
2026-09-21T00:40:39.660484826Z                ^^^^^^^^^^^^^^^^
2026-09-21T00:40:39.660489025Z   File "/usr/local/lib/python3.13/site-packages/fastapi/routing.py", line 674, in app
2026-09-21T00:40:39.660493213Z     raw_response = await run_endpoint_function(
2026-09-21T00:40:39.660497411Z                    ^^^^^^^^^^^^^^^^^^^^^^^^^^^^
2026-09-21T00:40:39.660502301Z     ...<3 lines>...
2026-09-21T00:40:39.660506579Z     )
2026-09-21T00:40:39.660510818Z     ^
2026-09-21T00:40:39.660515136Z   File "/usr/local/lib/python3.13/site-packages/fastapi/routing.py", line 330, in run_endpoint_function
2026-09-21T00:40:39.660519355Z     return await run_in_threadpool(dependant.call, **values)
2026-09-21T00:40:39.660523593Z            ^^^^^^^^^^^^^^^^^^^^^^^^^^^^^^^^^^^^^^^^^^^^^^^^^
2026-09-21T00:40:39.660590004Z   File "/usr/local/lib/python3.13/site-packages/starlette/concurrency.py", line 32, in run_in_threadpool
2026-09-21T00:40:39.660600184Z     return await anyio.to_thread.run_sync(func)
2026-09-21T00:40:39.660604593Z            ^^^^^^^^^^^^^^^^^^^^^^^^^^^^^^^^^^^^
2026-09-21T00:40:39.660608851Z   File "/usr/local/lib/python3.13/site-packages/anyio/to_thread.py", line 63, in run_sync
2026-09-21T00:40:39.660630564Z     return await get_async_backend().run_sync_in_worker_thread(
2026-09-21T00:40:39.660635083Z            ^^^^^^^^^^^^^^^^^^^^^^^^^^^^^^^^^^^^^^^^^^^^^^^^^^^^
2026-09-21T00:40:39.660639321Z         func, args, abandon_on_cancel=abandon_on_cancel, limiter=limiter
2026-09-21T00:40:39.660643540Z         ^^^^^^^^^^^^^^^^^^^^^^^^^^^^^^^^^^^^^^^^^^^^^^^^^^^^^^^^^^^^^^^^
2026-09-21T00:40:39.660647808Z     )
2026-09-21T00:40:39.660651806Z     ^
2026-09-21T00:40:39.660653700Z   File "/usr/local/lib/python3.13/site-packages/anyio/_backends/_asyncio.py", line 2518, in run_sync_in_worker_thread
2026-09-21T00:40:39.660655593Z     return await future
2026-09-21T00:40:39.660657527Z            ^^^^^^^^^^^^
2026-09-21T00:40:39.660659411Z   File "/usr/local/lib/python3.13/site-packages/anyio/_backends/_asyncio.py", line 1002, in run
2026-09-21T00:40:39.660661505Z     result = context.run(func, *args)
2026-09-21T00:40:39.660663870Z   File "/app/app/routers/orders.py", line 36, in checkout
2026-09-21T00:40:39.660666264Z     return create_order(
2026-09-21T00:40:39.660670753Z         db=db,
2026-09-21T00:40:39.660672737Z     ...<2 lines>...
2026-09-21T00:40:39.660674721Z         correlation_id=correlation_id,
2026-09-21T00:40:39.660677156Z     )
2026-09-21T00:40:39.660679571Z   File "/app/app/services/order_service.py", line 42, in create_order
2026-09-21T00:40:39.660681955Z     result = db.execute(
2026-09-21T00:40:39.660683969Z         select(ProductModel).where(ProductModel.id == product_id)
2026-09-21T00:40:39.660685853Z     )
2026-09-21T00:40:39.660687737Z   File "/usr/local/lib/python3.13/site-packages/sqlalchemy/orm/session.py", line 2372, in execute
2026-09-21T00:40:39.660691715Z     return self._execute_internal(
2026-09-21T00:40:39.660693618Z            ~~~~~~~~~~~~~~~~~~~~~~^
2026-09-21T00:40:39.660695542Z         statement,
2026-09-21T00:40:39.660697436Z         ^^^^^^^^^^
2026-09-21T00:40:39.660699320Z     ...<4 lines>...
2026-09-21T00:40:39.660701213Z         _add_event=_add_event,
2026-09-21T00:40:39.660703077Z         ^^^^^^^^^^^^^^^^^^^^^^
2026-09-21T00:40:39.660705111Z     )
2026-09-21T00:40:39.660706985Z     ^
2026-09-21T00:40:39.660708939Z   File "/usr/local/lib/python3.13/site-packages/sqlalchemy/orm/session.py", line 2260, in _execute_internal
2026-09-21T00:40:39.660710852Z     conn = self._connection_for_bind(bind)
2026-09-21T00:40:39.660712756Z   File "/usr/local/lib/python3.13/site-packages/sqlalchemy/orm/session.py", line 2112, in _connection_for_bind
2026-09-21T00:40:39.660714670Z     return trans._connection_for_bind(engine, execution_options)
2026-09-21T00:40:39.660716554Z            ~~~~~~~~~~~~~~~~~~~~~~~~~~^^^^^^^^^^^^^^^^^^^^^^^^^^^
2026-09-21T00:40:39.660718447Z   File "<string>", line 2, in _connection_for_bind
2026-09-21T00:40:39.660720371Z   File "/usr/local/lib/python3.13/site-packages/sqlalchemy/orm/state_changes.py", line 137, in _go
2026-09-21T00:40:39.660722305Z     ret_value = fn(self, *arg, **kw)
2026-09-21T00:40:39.660724229Z   File "/usr/local/lib/python3.13/site-packages/sqlalchemy/orm/session.py", line 1191, in _connection_for_bind
2026-09-21T00:40:39.660726133Z     conn = bind.connect()
2026-09-21T00:40:39.660728708Z   File "/usr/local/lib/python3.13/site-packages/opentelemetry/instrumentation/sqlalchemy/engine.py", line 200, in _wrap_connect_internal
2026-09-21T00:40:39.660730601Z     return func(*args, **kwargs)
2026-09-21T00:40:39.660732485Z   File "/usr/local/lib/python3.13/site-packages/sqlalchemy/engine/base.py", line 3295, in connect
2026-09-21T00:40:39.660734359Z     return self._connection_cls(self)
2026-09-21T00:40:39.660740802Z            ~~~~~~~~~~~~~~~~~~~~^^^^^^
2026-09-21T00:40:39.660742735Z   File "/usr/local/lib/python3.13/site-packages/sqlalchemy/engine/base.py", line 144, in __init__
2026-09-21T00:40:39.660744619Z     self._dbapi_connection = engine.raw_connection()
2026-09-21T00:40:39.660746523Z                              ~~~~~~~~~~~~~~~~~~~~~^^
2026-09-21T00:40:39.660748396Z   File "/usr/local/lib/python3.13/site-packages/sqlalchemy/engine/base.py", line 3319, in raw_connection
2026-09-21T00:40:39.660750280Z     return self.pool.connect()
2026-09-21T00:40:39.660752184Z            ~~~~~~~~~~~~~~~~~^^
2026-09-21T00:40:39.660754078Z   File "/usr/local/lib/python3.13/site-packages/sqlalchemy/pool/base.py", line 448, in connect
2026-09-21T00:40:39.660755961Z     return _ConnectionFairy._checkout(self)
2026-09-21T00:40:39.660757885Z            ~~~~~~~~~~~~~~~~~~~~~~~~~~^^^^^^
2026-09-21T00:40:39.660759769Z   File "/usr/local/lib/python3.13/site-packages/sqlalchemy/pool/base.py", line 1272, in _checkout
2026-09-21T00:40:39.660761663Z     fairy = _ConnectionRecord.checkout(pool)
2026-09-21T00:40:39.660763536Z   File "/usr/local/lib/python3.13/site-packages/sqlalchemy/pool/base.py", line 712, in checkout
2026-09-21T00:40:39.660765410Z     rec = pool._do_get()
2026-09-21T00:40:39.660767284Z   File "/usr/local/lib/python3.13/site-packages/sqlalchemy/pool/impl.py", line 167, in _do_get
2026-09-21T00:40:39.660769157Z     raise exc.TimeoutError(
2026-09-21T00:40:39.660771021Z     ...<4 lines>...
2026-09-21T00:40:39.660772925Z     )
2026-09-21T00:40:39.660775470Z sqlalchemy.exc.TimeoutError: QueuePool limit of size 5 overflow 10 reached, connection timed out, timeout 30.00 (Background on this error at: https://sqlalche.me/e/20/3o7r)
2026-09-21T00:40:39.676371017Z ERROR:    Exception in ASGI application
2026-09-21T00:40:39.676415835Z Traceback (most recent call last):
2026-09-21T00:40:39.676422929Z   File "/usr/local/lib/python3.13/site-packages/uvicorn/protocols/http/httptools_impl.py", line 421, in run_asgi
2026-09-21T00:40:39.676429322Z     result = await app(  # type: ignore[func-returns-value]
2026-09-21T00:40:39.676434822Z              ^^^^^^^^^^^^^^^^^^^^^^^^^^^^^^^^^^^^^^^^^^^^^^
2026-09-21T00:40:39.676440253Z         self.scope, self.receive, self.send
2026-09-21T00:40:39.676445654Z         ^^^^^^^^^^^^^^^^^^^^^^^^^^^^^^^^^^^
2026-09-21T00:40:39.676451525Z     )
2026-09-21T00:40:39.676457187Z     ^
2026-09-21T00:40:39.676462717Z   File "/usr/local/lib/python3.13/site-packages/uvicorn/middleware/proxy_headers.py", line 63, in __call__
2026-09-21T00:40:39.676468278Z     return await self.app(scope, receive, send)
2026-09-21T00:40:39.676473749Z            ^^^^^^^^^^^^^^^^^^^^^^^^^^^^^^^^^^^^
2026-09-21T00:40:39.676480192Z   File "/usr/local/lib/python3.13/site-packages/fastapi/applications.py", line 1159, in __call__
2026-09-21T00:40:39.676485653Z     await super().__call__(scope, receive, send)
2026-09-21T00:40:39.676491114Z   File "/usr/local/lib/python3.13/site-packages/starlette/applications.py", line 107, in __call__
2026-09-21T00:40:39.676496695Z     await self.middleware_stack(scope, receive, send)
2026-09-21T00:40:39.676502245Z   File "/usr/local/lib/python3.13/site-packages/starlette/middleware/errors.py", line 186, in __call__
2026-09-21T00:40:39.676507877Z     raise exc
2026-09-21T00:40:39.676513458Z   File "/usr/local/lib/python3.13/site-packages/starlette/middleware/errors.py", line 164, in __call__
2026-09-21T00:40:39.676519009Z     await self.app(scope, receive, _send)
2026-09-21T00:40:39.676525131Z   File "/usr/local/lib/python3.13/site-packages/opentelemetry/instrumentation/asgi/__init__.py", line 806, in __call__
2026-09-21T00:40:39.676530642Z     await self.app(scope, otel_receive, otel_send)
2026-09-21T00:40:39.676569258Z   File "/usr/local/lib/python3.13/site-packages/starlette/middleware/errors.py", line 186, in __call__
2026-09-21T00:40:39.676575199Z     raise exc
2026-09-21T00:40:39.676580680Z   File "/usr/local/lib/python3.13/site-packages/starlette/middleware/errors.py", line 164, in __call__
2026-09-21T00:40:39.676586251Z     await self.app(scope, receive, _send)
2026-09-21T00:40:39.676591732Z   File "/usr/local/lib/python3.13/site-packages/opentelemetry/instrumentation/fastapi/__init__.py", line 305, in __call__
2026-09-21T00:40:39.676597223Z     await self.app(scope, receive, send)
2026-09-21T00:40:39.676602684Z   File "/usr/local/lib/python3.13/site-packages/prometheus_fastapi_instrumentator/middleware.py", line 177, in __call__
2026-09-21T00:40:39.676608144Z     raise exc
2026-09-21T00:40:39.676613605Z   File "/usr/local/lib/python3.13/site-packages/prometheus_fastapi_instrumentator/middleware.py", line 175, in __call__
2026-09-21T00:40:39.676619096Z     await self.app(scope, receive, send_wrapper)
2026-09-21T00:40:39.676624557Z   File "/usr/local/lib/python3.13/site-packages/starlette/middleware/exceptions.py", line 63, in __call__
2026-09-21T00:40:39.676631250Z     await wrap_app_handling_exceptions(self.app, conn)(scope, receive, send)
2026-09-21T00:40:39.676636821Z   File "/usr/local/lib/python3.13/site-packages/starlette/_exception_handler.py", line 53, in wrapped_app
2026-09-21T00:40:39.676642282Z     raise exc
2026-09-21T00:40:39.676647733Z   File "/usr/local/lib/python3.13/site-packages/starlette/_exception_handler.py", line 42, in wrapped_app
2026-09-21T00:40:39.676653153Z     await app(scope, receive, sender)
2026-09-21T00:40:39.676658594Z   File "/usr/local/lib/python3.13/site-packages/fastapi/middleware/asyncexitstack.py", line 18, in __call__
2026-09-21T00:40:39.676664095Z     await self.app(scope, receive, send)
2026-09-21T00:40:39.676671499Z   File "/usr/local/lib/python3.13/site-packages/starlette/routing.py", line 716, in __call__
2026-09-21T00:40:39.676678884Z     await self.middleware_stack(scope, receive, send)
2026-09-21T00:40:39.676683573Z   File "/usr/local/lib/python3.13/site-packages/starlette/routing.py", line 736, in app
2026-09-21T00:40:39.676687892Z     await route.handle(scope, receive, send)
2026-09-21T00:40:39.676692140Z   File "/usr/local/lib/python3.13/site-packages/starlette/routing.py", line 290, in handle
2026-09-21T00:40:39.676696379Z     await self.app(scope, receive, send)
2026-09-21T00:40:39.676700587Z   File "/usr/local/lib/python3.13/site-packages/fastapi/routing.py", line 134, in app
2026-09-21T00:40:39.676704865Z     await wrap_app_handling_exceptions(app, request)(scope, receive, send)
2026-09-21T00:40:39.676709104Z   File "/usr/local/lib/python3.13/site-packages/starlette/_exception_handler.py", line 53, in wrapped_app
2026-09-21T00:40:39.676713312Z     raise exc
2026-09-21T00:40:39.676717540Z   File "/usr/local/lib/python3.13/site-packages/starlette/_exception_handler.py", line 42, in wrapped_app
2026-09-21T00:40:39.676721779Z     await app(scope, receive, sender)
2026-09-21T00:40:39.676726147Z   File "/usr/local/lib/python3.13/site-packages/fastapi/routing.py", line 120, in app
2026-09-21T00:40:39.676730967Z     response = await f(request)
2026-09-21T00:40:39.676735225Z                ^^^^^^^^^^^^^^^^
2026-09-21T00:40:39.676739514Z   File "/usr/local/lib/python3.13/site-packages/fastapi/routing.py", line 674, in app
2026-09-21T00:40:39.676743762Z     raw_response = await run_endpoint_function(
2026-09-21T00:40:39.676748010Z                    ^^^^^^^^^^^^^^^^^^^^^^^^^^^^
2026-09-21T00:40:39.676752910Z     ...<3 lines>...
2026-09-21T00:40:39.676757199Z     )
2026-09-21T00:40:39.676771597Z     ^
2026-09-21T00:40:39.676776016Z   File "/usr/local/lib/python3.13/site-packages/fastapi/routing.py", line 330, in run_endpoint_function
2026-09-21T00:40:39.676780274Z     return await run_in_threadpool(dependant.call, **values)
2026-09-21T00:40:39.676813249Z            ^^^^^^^^^^^^^^^^^^^^^^^^^^^^^^^^^^^^^^^^^^^^^^^^^
2026-09-21T00:40:39.676849972Z   File "/usr/local/lib/python3.13/site-packages/starlette/concurrency.py", line 32, in run_in_threadpool
2026-09-21T00:40:39.676854781Z     return await anyio.to_thread.run_sync(func)
2026-09-21T00:40:39.676859060Z            ^^^^^^^^^^^^^^^^^^^^^^^^^^^^^^^^^^^^
2026-09-21T00:40:39.676863328Z   File "/usr/local/lib/python3.13/site-packages/anyio/to_thread.py", line 63, in run_sync
2026-09-21T00:40:39.676867566Z     return await get_async_backend().run_sync_in_worker_thread(
2026-09-21T00:40:39.676871765Z            ^^^^^^^^^^^^^^^^^^^^^^^^^^^^^^^^^^^^^^^^^^^^^^^^^^^^
2026-09-21T00:40:39.676876063Z         func, args, abandon_on_cancel=abandon_on_cancel, limiter=limiter
2026-09-21T00:40:39.676880332Z         ^^^^^^^^^^^^^^^^^^^^^^^^^^^^^^^^^^^^^^^^^^^^^^^^^^^^^^^^^^^^^^^^
2026-09-21T00:40:39.676884580Z     )
2026-09-21T00:40:39.676888868Z     ^
2026-09-21T00:40:39.676893327Z   File "/usr/local/lib/python3.13/site-packages/anyio/_backends/_asyncio.py", line 2518, in run_sync_in_worker_thread
2026-09-21T00:40:39.676897626Z     return await future
2026-09-21T00:40:39.676902185Z            ^^^^^^^^^^^^
2026-09-21T00:40:39.676906513Z   File "/usr/local/lib/python3.13/site-packages/anyio/_backends/_asyncio.py", line 1002, in run
2026-09-21T00:40:39.676910812Z     result = context.run(func, *args)
2026-09-21T00:40:39.676919369Z   File "/app/app/routers/orders.py", line 36, in checkout
2026-09-21T00:40:39.676923747Z     return create_order(
2026-09-21T00:40:39.676928096Z         db=db,
2026-09-21T00:40:39.676932444Z     ...<2 lines>...
2026-09-21T00:40:39.676936723Z         correlation_id=correlation_id,
2026-09-21T00:40:39.676940961Z     )
2026-09-21T00:40:39.676945270Z   File "/app/app/services/order_service.py", line 42, in create_order
2026-09-21T00:40:39.676949628Z     result = db.execute(
2026-09-21T00:40:39.676953887Z         select(ProductModel).where(ProductModel.id == product_id)
2026-09-21T00:40:39.676958145Z     )
2026-09-21T00:40:39.676962394Z   File "/usr/local/lib/python3.13/site-packages/sqlalchemy/orm/session.py", line 2372, in execute
2026-09-21T00:40:39.676966592Z     return self._execute_internal(
2026-09-21T00:40:39.676970780Z            ~~~~~~~~~~~~~~~~~~~~~~^
2026-09-21T00:40:39.676975008Z         statement,
2026-09-21T00:40:39.676979237Z         ^^^^^^^^^^
2026-09-21T00:40:39.676983525Z     ...<4 lines>...
2026-09-21T00:40:39.676989567Z         _add_event=_add_event,
2026-09-21T00:40:39.676993896Z         ^^^^^^^^^^^^^^^^^^^^^^
2026-09-21T00:40:39.676998094Z     )
2026-09-21T00:40:39.677002312Z     ^
2026-09-21T00:40:39.677006631Z   File "/usr/local/lib/python3.13/site-packages/sqlalchemy/orm/session.py", line 2260, in _execute_internal
2026-09-21T00:40:39.677010909Z     conn = self._connection_for_bind(bind)
2026-09-21T00:40:39.677015178Z   File "/usr/local/lib/python3.13/site-packages/sqlalchemy/orm/session.py", line 2112, in _connection_for_bind
2026-09-21T00:40:39.677019506Z     return trans._connection_for_bind(engine, execution_options)
2026-09-21T00:40:39.677023775Z            ~~~~~~~~~~~~~~~~~~~~~~~~~~^^^^^^^^^^^^^^^^^^^^^^^^^^^
2026-09-21T00:40:39.677028003Z   File "<string>", line 2, in _connection_for_bind
2026-09-21T00:40:39.677032211Z   File "/usr/local/lib/python3.13/site-packages/sqlalchemy/orm/state_changes.py", line 137, in _go
2026-09-21T00:40:39.677056028Z     ret_value = fn(self, *arg, **kw)
2026-09-21T00:40:39.677062742Z   File "/usr/local/lib/python3.13/site-packages/sqlalchemy/orm/session.py", line 1191, in _connection_for_bind
2026-09-21T00:40:39.677068072Z     conn = bind.connect()
2026-09-21T00:40:39.677074886Z   File "/usr/local/lib/python3.13/site-packages/opentelemetry/instrumentation/sqlalchemy/engine.py", line 200, in _wrap_connect_internal
2026-09-21T00:40:39.677080096Z     return func(*args, **kwargs)
2026-09-21T00:40:39.677085156Z   File "/usr/local/lib/python3.13/site-packages/sqlalchemy/engine/base.py", line 3295, in connect
2026-09-21T00:40:39.677089815Z     return self._connection_cls(self)
2026-09-21T00:40:39.677094755Z            ~~~~~~~~~~~~~~~~~~~~^^^^^^
2026-09-21T00:40:39.677099765Z   File "/usr/local/lib/python3.13/site-packages/sqlalchemy/engine/base.py", line 144, in __init__
2026-09-21T00:40:39.677104654Z     self._dbapi_connection = engine.raw_connection()
2026-09-21T00:40:39.677109614Z                              ~~~~~~~~~~~~~~~~~~~~~^^
2026-09-21T00:40:39.677114854Z   File "/usr/local/lib/python3.13/site-packages/sqlalchemy/engine/base.py", line 3319, in raw_connection
2026-09-21T00:40:39.677120886Z     return self.pool.connect()
2026-09-21T00:40:39.677126026Z            ~~~~~~~~~~~~~~~~~^^
2026-09-21T00:40:39.677131327Z   File "/usr/local/lib/python3.13/site-packages/sqlalchemy/pool/base.py", line 448, in connect
2026-09-21T00:40:39.677136167Z     return _ConnectionFairy._checkout(self)
2026-09-21T00:40:39.677141247Z            ~~~~~~~~~~~~~~~~~~~~~~~~~~^^^^^^
2026-09-21T00:40:39.677147228Z   File "/usr/local/lib/python3.13/site-packages/sqlalchemy/pool/base.py", line 1272, in _checkout
2026-09-21T00:40:39.677152649Z     fairy = _ConnectionRecord.checkout(pool)
2026-09-21T00:40:39.677157879Z   File "/usr/local/lib/python3.13/site-packages/sqlalchemy/pool/base.py", line 712, in checkout
2026-09-21T00:40:39.677163771Z     rec = pool._do_get()
2026-09-21T00:40:39.677169432Z   File "/usr/local/lib/python3.13/site-packages/sqlalchemy/pool/impl.py", line 167, in _do_get
2026-09-21T00:40:39.677174192Z     raise exc.TimeoutError(
2026-09-21T00:40:39.677178480Z     ...<4 lines>...
2026-09-21T00:40:39.677182748Z     )
2026-09-21T00:40:39.677188089Z sqlalchemy.exc.TimeoutError: QueuePool limit of size 5 overflow 10 reached, connection timed out, timeout 30.00 (Background on this error at: https://sqlalche.me/e/20/3o7r)
2026-09-21T00:41:03.651500062Z ERROR:    Exception in ASGI application
2026-09-21T00:41:03.651540893Z Traceback (most recent call last):
2026-09-21T00:41:03.651545031Z   File "/usr/local/lib/python3.13/site-packages/uvicorn/protocols/http/httptools_impl.py", line 421, in run_asgi
2026-09-21T00:41:03.651548718Z     result = await app(  # type: ignore[func-returns-value]
2026-09-21T00:41:03.651552095Z              ^^^^^^^^^^^^^^^^^^^^^^^^^^^^^^^^^^^^^^^^^^^^^^
2026-09-21T00:41:03.651555481Z         self.scope, self.receive, self.send
2026-09-21T00:41:03.651558808Z         ^^^^^^^^^^^^^^^^^^^^^^^^^^^^^^^^^^^
2026-09-21T00:41:03.651562155Z     )
2026-09-21T00:41:03.651565521Z     ^
2026-09-21T00:41:03.651568898Z   File "/usr/local/lib/python3.13/site-packages/uvicorn/middleware/proxy_headers.py", line 63, in __call__
2026-09-21T00:41:03.651572224Z     return await self.app(scope, receive, send)
2026-09-21T00:41:03.651575551Z            ^^^^^^^^^^^^^^^^^^^^^^^^^^^^^^^^^^^^
2026-09-21T00:41:03.651579379Z   File "/usr/local/lib/python3.13/site-packages/fastapi/applications.py", line 1159, in __call__
2026-09-21T00:41:03.651582996Z     await super().__call__(scope, receive, send)
2026-09-21T00:41:03.651586352Z   File "/usr/local/lib/python3.13/site-packages/starlette/applications.py", line 107, in __call__
2026-09-21T00:41:03.651606873Z     await self.middleware_stack(scope, receive, send)
2026-09-21T00:41:03.651608877Z   File "/usr/local/lib/python3.13/site-packages/starlette/middleware/errors.py", line 186, in __call__
2026-09-21T00:41:03.651610811Z     raise exc
2026-09-21T00:41:03.651612724Z   File "/usr/local/lib/python3.13/site-packages/starlette/middleware/errors.py", line 164, in __call__
2026-09-21T00:41:03.651614628Z     await self.app(scope, receive, _send)
2026-09-21T00:41:03.651617153Z   File "/usr/local/lib/python3.13/site-packages/opentelemetry/instrumentation/asgi/__init__.py", line 806, in __call__
2026-09-21T00:41:03.651619057Z     await self.app(scope, otel_receive, otel_send)
2026-09-21T00:41:03.651620951Z   File "/usr/local/lib/python3.13/site-packages/starlette/middleware/errors.py", line 186, in __call__
2026-09-21T00:41:03.651622844Z     raise exc
2026-09-21T00:41:03.651624718Z   File "/usr/local/lib/python3.13/site-packages/starlette/middleware/errors.py", line 164, in __call__
2026-09-21T00:41:03.651626632Z     await self.app(scope, receive, _send)
2026-09-21T00:41:03.651628526Z   File "/usr/local/lib/python3.13/site-packages/opentelemetry/instrumentation/fastapi/__init__.py", line 305, in __call__
2026-09-21T00:41:03.651630409Z     await self.app(scope, receive, send)
2026-09-21T00:41:03.651632383Z   File "/usr/local/lib/python3.13/site-packages/prometheus_fastapi_instrumentator/middleware.py", line 177, in __call__
2026-09-21T00:41:03.651634277Z     raise exc
2026-09-21T00:41:03.651636161Z   File "/usr/local/lib/python3.13/site-packages/prometheus_fastapi_instrumentator/middleware.py", line 175, in __call__
2026-09-21T00:41:03.651638044Z     await self.app(scope, receive, send_wrapper)
2026-09-21T00:41:03.651639938Z   File "/usr/local/lib/python3.13/site-packages/starlette/middleware/exceptions.py", line 63, in __call__
2026-09-21T00:41:03.651642283Z     await wrap_app_handling_exceptions(self.app, conn)(scope, receive, send)
2026-09-21T00:41:03.651644176Z   File "/usr/local/lib/python3.13/site-packages/starlette/_exception_handler.py", line 53, in wrapped_app
2026-09-21T00:41:03.651646050Z     raise exc
2026-09-21T00:41:03.651647964Z   File "/usr/local/lib/python3.13/site-packages/starlette/_exception_handler.py", line 42, in wrapped_app
2026-09-21T00:41:03.651649858Z     await app(scope, receive, sender)
2026-09-21T00:41:03.651651761Z   File "/usr/local/lib/python3.13/site-packages/fastapi/middleware/asyncexitstack.py", line 18, in __call__
2026-09-21T00:41:03.651653665Z     await self.app(scope, receive, send)
2026-09-21T00:41:03.651655549Z   File "/usr/local/lib/python3.13/site-packages/starlette/routing.py", line 716, in __call__
2026-09-21T00:41:03.651657473Z     await self.middleware_stack(scope, receive, send)
2026-09-21T00:41:03.651659366Z   File "/usr/local/lib/python3.13/site-packages/starlette/routing.py", line 736, in app
2026-09-21T00:41:03.651661260Z     await route.handle(scope, receive, send)
2026-09-21T00:41:03.651663164Z   File "/usr/local/lib/python3.13/site-packages/starlette/routing.py", line 290, in handle
2026-09-21T00:41:03.651665048Z     await self.app(scope, receive, send)
2026-09-21T00:41:03.651666971Z   File "/usr/local/lib/python3.13/site-packages/fastapi/routing.py", line 134, in app
2026-09-21T00:41:03.651669035Z     await wrap_app_handling_exceptions(app, request)(scope, receive, send)
2026-09-21T00:41:03.651670949Z   File "/usr/local/lib/python3.13/site-packages/starlette/_exception_handler.py", line 53, in wrapped_app
2026-09-21T00:41:03.651672863Z     raise exc
2026-09-21T00:41:03.651674757Z   File "/usr/local/lib/python3.13/site-packages/starlette/_exception_handler.py", line 42, in wrapped_app
2026-09-21T00:41:03.651681931Z     await app(scope, receive, sender)
2026-09-21T00:41:03.651684165Z   File "/usr/local/lib/python3.13/site-packages/fastapi/routing.py", line 120, in app
2026-09-21T00:41:03.651686791Z     response = await f(request)
2026-09-21T00:41:03.651688694Z                ^^^^^^^^^^^^^^^^
2026-09-21T00:41:03.651690648Z   File "/usr/local/lib/python3.13/site-packages/fastapi/routing.py", line 674, in app
2026-09-21T00:41:03.651692542Z     raw_response = await run_endpoint_function(
2026-09-21T00:41:03.651694516Z                    ^^^^^^^^^^^^^^^^^^^^^^^^^^^^
2026-09-21T00:41:03.651696941Z     ...<3 lines>...
2026-09-21T00:41:03.651698844Z     )
2026-09-21T00:41:03.651700748Z     ^
2026-09-21T00:41:03.651702642Z   File "/usr/local/lib/python3.13/site-packages/fastapi/routing.py", line 330, in run_endpoint_function
2026-09-21T00:41:03.651704536Z     return await run_in_threadpool(dependant.call, **values)
2026-09-21T00:41:03.651706439Z            ^^^^^^^^^^^^^^^^^^^^^^^^^^^^^^^^^^^^^^^^^^^^^^^^^
2026-09-21T00:41:03.651723232Z   File "/usr/local/lib/python3.13/site-packages/starlette/concurrency.py", line 32, in run_in_threadpool
2026-09-21T00:41:03.651725397Z     return await anyio.to_thread.run_sync(func)
2026-09-21T00:41:03.651727331Z            ^^^^^^^^^^^^^^^^^^^^^^^^^^^^^^^^^^^^
2026-09-21T00:41:03.651729244Z   File "/usr/local/lib/python3.13/site-packages/anyio/to_thread.py", line 63, in run_sync
2026-09-21T00:41:03.651731158Z     return await get_async_backend().run_sync_in_worker_thread(
2026-09-21T00:41:03.651733202Z            ^^^^^^^^^^^^^^^^^^^^^^^^^^^^^^^^^^^^^^^^^^^^^^^^^^^^
2026-09-21T00:41:03.651735186Z         func, args, abandon_on_cancel=abandon_on_cancel, limiter=limiter
2026-09-21T00:41:03.651737260Z         ^^^^^^^^^^^^^^^^^^^^^^^^^^^^^^^^^^^^^^^^^^^^^^^^^^^^^^^^^^^^^^^^
2026-09-21T00:41:03.651739505Z     )
2026-09-21T00:41:03.651741428Z     ^
2026-09-21T00:41:03.651743352Z   File "/usr/local/lib/python3.13/site-packages/anyio/_backends/_asyncio.py", line 2518, in run_sync_in_worker_thread
2026-09-21T00:41:03.651745276Z     return await future
2026-09-21T00:41:03.651747200Z            ^^^^^^^^^^^^
2026-09-21T00:41:03.651749124Z   File "/usr/local/lib/python3.13/site-packages/anyio/_backends/_asyncio.py", line 1002, in run
2026-09-21T00:41:03.651751037Z     result = context.run(func, *args)
2026-09-21T00:41:03.651752941Z   File "/app/app/routers/orders.py", line 36, in checkout
2026-09-21T00:41:03.651754875Z     return create_order(
2026-09-21T00:41:03.651756799Z         db=db,
2026-09-21T00:41:03.651758733Z     ...<2 lines>...
2026-09-21T00:41:03.651760636Z         correlation_id=correlation_id,
2026-09-21T00:41:03.651762540Z     )
2026-09-21T00:41:03.651764514Z   File "/app/app/services/order_service.py", line 42, in create_order
2026-09-21T00:41:03.651766438Z     result = db.execute(
2026-09-21T00:41:03.651768362Z         select(ProductModel).where(ProductModel.id == product_id)
2026-09-21T00:41:03.651770305Z     )
2026-09-21T00:41:03.651772249Z   File "/usr/local/lib/python3.13/site-packages/sqlalchemy/orm/session.py", line 2372, in execute
2026-09-21T00:41:03.651774163Z     return self._execute_internal(
2026-09-21T00:41:03.651776067Z            ~~~~~~~~~~~~~~~~~~~~~~^
2026-09-21T00:41:03.651777970Z         statement,
2026-09-21T00:41:03.651779894Z         ^^^^^^^^^^
2026-09-21T00:41:03.651781788Z     ...<4 lines>...
2026-09-21T00:41:03.651783682Z         _add_event=_add_event,
2026-09-21T00:41:03.651785626Z         ^^^^^^^^^^^^^^^^^^^^^^
2026-09-21T00:41:03.651787529Z     )
2026-09-21T00:41:03.651789413Z     ^
2026-09-21T00:41:03.651791337Z   File "/usr/local/lib/python3.13/site-packages/sqlalchemy/orm/session.py", line 2260, in _execute_internal
2026-09-21T00:41:03.651797339Z     conn = self._connection_for_bind(bind)
2026-09-21T00:41:03.651799303Z   File "/usr/local/lib/python3.13/site-packages/sqlalchemy/orm/session.py", line 2112, in _connection_for_bind
2026-09-21T00:41:03.651801206Z     return trans._connection_for_bind(engine, execution_options)
2026-09-21T00:41:03.651803100Z            ~~~~~~~~~~~~~~~~~~~~~~~~~~^^^^^^^^^^^^^^^^^^^^^^^^^^^
2026-09-21T00:41:03.651805054Z   File "<string>", line 2, in _connection_for_bind
2026-09-21T00:41:03.651806948Z   File "/usr/local/lib/python3.13/site-packages/sqlalchemy/orm/state_changes.py", line 137, in _go
2026-09-21T00:41:03.651808861Z     ret_value = fn(self, *arg, **kw)
2026-09-21T00:41:03.651810755Z   File "/usr/local/lib/python3.13/site-packages/sqlalchemy/orm/session.py", line 1191, in _connection_for_bind
2026-09-21T00:41:03.651812669Z     conn = bind.connect()
2026-09-21T00:41:03.651815434Z   File "/usr/local/lib/python3.13/site-packages/opentelemetry/instrumentation/sqlalchemy/engine.py", line 200, in _wrap_connect_internal
2026-09-21T00:41:03.651817348Z     return func(*args, **kwargs)
2026-09-21T00:41:03.651819232Z   File "/usr/local/lib/python3.13/site-packages/sqlalchemy/engine/base.py", line 3295, in connect
2026-09-21T00:41:03.651821166Z     return self._connection_cls(self)
2026-09-21T00:41:03.651823059Z            ~~~~~~~~~~~~~~~~~~~~^^^^^^
2026-09-21T00:41:03.651824943Z   File "/usr/local/lib/python3.13/site-packages/sqlalchemy/engine/base.py", line 144, in __init__
2026-09-21T00:41:03.651826837Z     self._dbapi_connection = engine.raw_connection()
2026-09-21T00:41:03.651828711Z                              ~~~~~~~~~~~~~~~~~~~~~^^
2026-09-21T00:41:03.651830604Z   File "/usr/local/lib/python3.13/site-packages/sqlalchemy/engine/base.py", line 3319, in raw_connection
2026-09-21T00:41:03.651832508Z     return self.pool.connect()
2026-09-21T00:41:03.651834462Z            ~~~~~~~~~~~~~~~~~^^
2026-09-21T00:41:03.651836386Z   File "/usr/local/lib/python3.13/site-packages/sqlalchemy/pool/base.py", line 448, in connect
2026-09-21T00:41:03.651838280Z     return _ConnectionFairy._checkout(self)
2026-09-21T00:41:03.651840163Z            ~~~~~~~~~~~~~~~~~~~~~~~~~~^^^^^^
2026-09-21T00:41:03.651842057Z   File "/usr/local/lib/python3.13/site-packages/sqlalchemy/pool/base.py", line 1272, in _checkout
2026-09-21T00:41:03.651843951Z     fairy = _ConnectionRecord.checkout(pool)
2026-09-21T00:41:03.651845834Z   File "/usr/local/lib/python3.13/site-packages/sqlalchemy/pool/base.py", line 712, in checkout
2026-09-21T00:41:03.651847738Z     rec = pool._do_get()
2026-09-21T00:41:03.651849672Z   File "/usr/local/lib/python3.13/site-packages/sqlalchemy/pool/impl.py", line 167, in _do_get
2026-09-21T00:41:03.651900552Z     raise exc.TimeoutError(
2026-09-21T00:41:03.651906805Z     ...<4 lines>...
2026-09-21T00:41:03.651908819Z     )
2026-09-21T00:41:03.651911304Z sqlalchemy.exc.TimeoutError: QueuePool limit of size 5 overflow 10 reached, connection timed out, timeout 30.00 (Background on this error at: https://sqlalche.me/e/20/3o7r)
2026-09-21T00:41:03.748203900Z ERROR:    Exception in ASGI application
2026-09-21T00:41:03.748234630Z Traceback (most recent call last):
2026-09-21T00:41:03.748237476Z   File "/usr/local/lib/python3.13/site-packages/uvicorn/protocols/http/httptools_impl.py", line 421, in run_asgi
2026-09-21T00:41:03.748240221Z     result = await app(  # type: ignore[func-returns-value]
2026-09-21T00:41:03.748242135Z              ^^^^^^^^^^^^^^^^^^^^^^^^^^^^^^^^^^^^^^^^^^^^^^
2026-09-21T00:41:03.748244039Z         self.scope, self.receive, self.send
2026-09-21T00:41:03.748262175Z         ^^^^^^^^^^^^^^^^^^^^^^^^^^^^^^^^^^^
2026-09-21T00:41:03.748264199Z     )
2026-09-21T00:41:03.748266132Z     ^
2026-09-21T00:41:03.748268427Z   File "/usr/local/lib/python3.13/site-packages/uvicorn/middleware/proxy_headers.py", line 63, in __call__
2026-09-21T00:41:03.748270351Z     return await self.app(scope, receive, send)
2026-09-21T00:41:03.748272285Z            ^^^^^^^^^^^^^^^^^^^^^^^^^^^^^^^^^^^^
2026-09-21T00:41:03.748274799Z   File "/usr/local/lib/python3.13/site-packages/fastapi/applications.py", line 1159, in __call__
2026-09-21T00:41:03.748276703Z     await super().__call__(scope, receive, send)
2026-09-21T00:41:03.748278667Z   File "/usr/local/lib/python3.13/site-packages/starlette/applications.py", line 107, in __call__
2026-09-21T00:41:03.748280561Z     await self.middleware_stack(scope, receive, send)
2026-09-21T00:41:03.748282455Z   File "/usr/local/lib/python3.13/site-packages/starlette/middleware/errors.py", line 186, in __call__
2026-09-21T00:41:03.748284378Z     raise exc
2026-09-21T00:41:03.748286292Z   File "/usr/local/lib/python3.13/site-packages/starlette/middleware/errors.py", line 164, in __call__
2026-09-21T00:41:03.748288216Z     await self.app(scope, receive, _send)
2026-09-21T00:41:03.748290671Z   File "/usr/local/lib/python3.13/site-packages/opentelemetry/instrumentation/asgi/__init__.py", line 806, in __call__
2026-09-21T00:41:03.748292705Z     await self.app(scope, otel_receive, otel_send)
2026-09-21T00:41:03.748294599Z   File "/usr/local/lib/python3.13/site-packages/starlette/middleware/errors.py", line 186, in __call__
2026-09-21T00:41:03.748296532Z     raise exc
2026-09-21T00:41:03.748301943Z   File "/usr/local/lib/python3.13/site-packages/starlette/middleware/errors.py", line 164, in __call__
2026-09-21T00:41:03.748303957Z     await self.app(scope, receive, _send)
2026-09-21T00:41:03.748306081Z   File "/usr/local/lib/python3.13/site-packages/opentelemetry/instrumentation/fastapi/__init__.py", line 305, in __call__
2026-09-21T00:41:03.748308255Z     await self.app(scope, receive, send)
2026-09-21T00:41:03.748310139Z   File "/usr/local/lib/python3.13/site-packages/prometheus_fastapi_instrumentator/middleware.py", line 177, in __call__
2026-09-21T00:41:03.748312043Z     raise exc
2026-09-21T00:41:03.748315700Z   File "/usr/local/lib/python3.13/site-packages/prometheus_fastapi_instrumentator/middleware.py", line 175, in __call__
2026-09-21T00:41:03.748317644Z     await self.app(scope, receive, send_wrapper)
2026-09-21T00:41:03.748319528Z   File "/usr/local/lib/python3.13/site-packages/starlette/middleware/exceptions.py", line 63, in __call__
2026-09-21T00:41:03.748321762Z     await wrap_app_handling_exceptions(self.app, conn)(scope, receive, send)
2026-09-21T00:41:03.748323886Z   File "/usr/local/lib/python3.13/site-packages/starlette/_exception_handler.py", line 53, in wrapped_app
2026-09-21T00:41:03.748325790Z     raise exc
2026-09-21T00:41:03.748327694Z   File "/usr/local/lib/python3.13/site-packages/starlette/_exception_handler.py", line 42, in wrapped_app
2026-09-21T00:41:03.748329578Z     await app(scope, receive, sender)
2026-09-21T00:41:03.748331461Z   File "/usr/local/lib/python3.13/site-packages/fastapi/middleware/asyncexitstack.py", line 18, in __call__
2026-09-21T00:41:03.748333345Z     await self.app(scope, receive, send)
2026-09-21T00:41:03.748335239Z   File "/usr/local/lib/python3.13/site-packages/starlette/routing.py", line 716, in __call__
2026-09-21T00:41:03.748337173Z     await self.middleware_stack(scope, receive, send)
2026-09-21T00:41:03.748339056Z   File "/usr/local/lib/python3.13/site-packages/starlette/routing.py", line 736, in app
2026-09-21T00:41:03.748342774Z     await route.handle(scope, receive, send)
2026-09-21T00:41:03.748349687Z   File "/usr/local/lib/python3.13/site-packages/starlette/routing.py", line 290, in handle
2026-09-21T00:41:03.748351681Z     await self.app(scope, receive, send)
2026-09-21T00:41:03.748353585Z   File "/usr/local/lib/python3.13/site-packages/fastapi/routing.py", line 134, in app
2026-09-21T00:41:03.748355479Z     await wrap_app_handling_exceptions(app, request)(scope, receive, send)
2026-09-21T00:41:03.748357382Z   File "/usr/local/lib/python3.13/site-packages/starlette/_exception_handler.py", line 53, in wrapped_app
2026-09-21T00:41:03.748359296Z     raise exc
2026-09-21T00:41:03.748361240Z   File "/usr/local/lib/python3.13/site-packages/starlette/_exception_handler.py", line 42, in wrapped_app
2026-09-21T00:41:03.748363184Z     await app(scope, receive, sender)
2026-09-21T00:41:03.748365078Z   File "/usr/local/lib/python3.13/site-packages/fastapi/routing.py", line 120, in app
2026-09-21T00:41:03.748367472Z     response = await f(request)
2026-09-21T00:41:03.748369376Z                ^^^^^^^^^^^^^^^^
2026-09-21T00:41:03.748371260Z   File "/usr/local/lib/python3.13/site-packages/fastapi/routing.py", line 674, in app
2026-09-21T00:41:03.748373214Z     raw_response = await run_endpoint_function(
2026-09-21T00:41:03.748375117Z                    ^^^^^^^^^^^^^^^^^^^^^^^^^^^^
2026-09-21T00:41:03.748377552Z     ...<3 lines>...
2026-09-21T00:41:03.748379516Z     )
2026-09-21T00:41:03.748381430Z     ^
2026-09-21T00:41:03.748383394Z   File "/usr/local/lib/python3.13/site-packages/fastapi/routing.py", line 330, in run_endpoint_function
2026-09-21T00:41:03.748385288Z     return await run_in_threadpool(dependant.call, **values)
2026-09-21T00:41:03.748387181Z            ^^^^^^^^^^^^^^^^^^^^^^^^^^^^^^^^^^^^^^^^^^^^^^^^^
2026-09-21T00:41:03.748421870Z   File "/usr/local/lib/python3.13/site-packages/starlette/concurrency.py", line 32, in run_in_threadpool
2026-09-21T00:41:03.748426499Z     return await anyio.to_thread.run_sync(func)
2026-09-21T00:41:03.748428473Z            ^^^^^^^^^^^^^^^^^^^^^^^^^^^^^^^^^^^^
2026-09-21T00:41:03.748430346Z   File "/usr/local/lib/python3.13/site-packages/anyio/to_thread.py", line 63, in run_sync
2026-09-21T00:41:03.748432401Z     return await get_async_backend().run_sync_in_worker_thread(
2026-09-21T00:41:03.748434425Z            ^^^^^^^^^^^^^^^^^^^^^^^^^^^^^^^^^^^^^^^^^^^^^^^^^^^^
2026-09-21T00:41:03.748436298Z         func, args, abandon_on_cancel=abandon_on_cancel, limiter=limiter
2026-09-21T00:41:03.748438192Z         ^^^^^^^^^^^^^^^^^^^^^^^^^^^^^^^^^^^^^^^^^^^^^^^^^^^^^^^^^^^^^^^^
2026-09-21T00:41:03.748440066Z     )
2026-09-21T00:41:03.748441969Z     ^
2026-09-21T00:41:03.748443893Z   File "/usr/local/lib/python3.13/site-packages/anyio/_backends/_asyncio.py", line 2518, in run_sync_in_worker_thread
2026-09-21T00:41:03.748445777Z     return await future
2026-09-21T00:41:03.748447651Z            ^^^^^^^^^^^^
2026-09-21T00:41:03.748449524Z   File "/usr/local/lib/python3.13/site-packages/anyio/_backends/_asyncio.py", line 1002, in run
2026-09-21T00:41:03.748451388Z     result = context.run(func, *args)
2026-09-21T00:41:03.748453262Z   File "/app/app/routers/orders.py", line 36, in checkout
2026-09-21T00:41:03.748455145Z     return create_order(
2026-09-21T00:41:03.748457059Z         db=db,
2026-09-21T00:41:03.748458983Z     ...<2 lines>...
2026-09-21T00:41:03.748460897Z         correlation_id=correlation_id,
2026-09-21T00:41:03.748462841Z     )
2026-09-21T00:41:03.748464794Z   File "/app/app/services/order_service.py", line 42, in create_order
2026-09-21T00:41:03.748466708Z     result = db.execute(
2026-09-21T00:41:03.748468592Z         select(ProductModel).where(ProductModel.id == product_id)
2026-09-21T00:41:03.748478471Z     )
2026-09-21T00:41:03.748480586Z   File "/usr/local/lib/python3.13/site-packages/sqlalchemy/orm/session.py", line 2372, in execute
2026-09-21T00:41:03.748482479Z     return self._execute_internal(
2026-09-21T00:41:03.748484373Z            ~~~~~~~~~~~~~~~~~~~~~~^
2026-09-21T00:41:03.748486257Z         statement,
2026-09-21T00:41:03.748488161Z         ^^^^^^^^^^
2026-09-21T00:41:03.748490034Z     ...<4 lines>...
2026-09-21T00:41:03.748491938Z         _add_event=_add_event,
2026-09-21T00:41:03.748493812Z         ^^^^^^^^^^^^^^^^^^^^^^
2026-09-21T00:41:03.748495665Z     )
2026-09-21T00:41:03.748497579Z     ^
2026-09-21T00:41:03.748499473Z   File "/usr/local/lib/python3.13/site-packages/sqlalchemy/orm/session.py", line 2260, in _execute_internal
2026-09-21T00:41:03.748501377Z     conn = self._connection_for_bind(bind)
2026-09-21T00:41:03.748503260Z   File "/usr/local/lib/python3.13/site-packages/sqlalchemy/orm/session.py", line 2112, in _connection_for_bind
2026-09-21T00:41:03.748505154Z     return trans._connection_for_bind(engine, execution_options)
2026-09-21T00:41:03.748507078Z            ~~~~~~~~~~~~~~~~~~~~~~~~~~^^^^^^^^^^^^^^^^^^^^^^^^^^^
2026-09-21T00:41:03.748508992Z   File "<string>", line 2, in _connection_for_bind
2026-09-21T00:41:03.748510855Z   File "/usr/local/lib/python3.13/site-packages/sqlalchemy/orm/state_changes.py", line 137, in _go
2026-09-21T00:41:03.748512829Z     ret_value = fn(self, *arg, **kw)
2026-09-21T00:41:03.748514783Z   File "/usr/local/lib/python3.13/site-packages/sqlalchemy/orm/session.py", line 1191, in _connection_for_bind
2026-09-21T00:41:03.748516677Z     conn = bind.connect()
2026-09-21T00:41:03.748518961Z   File "/usr/local/lib/python3.13/site-packages/opentelemetry/instrumentation/sqlalchemy/engine.py", line 200, in _wrap_connect_internal
2026-09-21T00:41:03.748520845Z     return func(*args, **kwargs)
2026-09-21T00:41:03.748522789Z   File "/usr/local/lib/python3.13/site-packages/sqlalchemy/engine/base.py", line 3295, in connect
2026-09-21T00:41:03.748524663Z     return self._connection_cls(self)
2026-09-21T00:41:03.748526536Z            ~~~~~~~~~~~~~~~~~~~~^^^^^^
2026-09-21T00:41:03.748528490Z   File "/usr/local/lib/python3.13/site-packages/sqlalchemy/engine/base.py", line 144, in __init__
2026-09-21T00:41:03.748530374Z     self._dbapi_connection = engine.raw_connection()
2026-09-21T00:41:03.748532238Z                              ~~~~~~~~~~~~~~~~~~~~~^^
2026-09-21T00:41:03.748534101Z   File "/usr/local/lib/python3.13/site-packages/sqlalchemy/engine/base.py", line 3319, in raw_connection
2026-09-21T00:41:03.748535965Z     return self.pool.connect()
2026-09-21T00:41:03.748537849Z            ~~~~~~~~~~~~~~~~~^^
2026-09-21T00:41:03.748539742Z   File "/usr/local/lib/python3.13/site-packages/sqlalchemy/pool/base.py", line 448, in connect
2026-09-21T00:41:03.748541626Z     return _ConnectionFairy._checkout(self)
2026-09-21T00:41:03.748543520Z            ~~~~~~~~~~~~~~~~~~~~~~~~~~^^^^^^
2026-09-21T00:41:03.748545404Z   File "/usr/local/lib/python3.13/site-packages/sqlalchemy/pool/base.py", line 1272, in _checkout
2026-09-21T00:41:03.748547277Z     fairy = _ConnectionRecord.checkout(pool)
2026-09-21T00:41:03.748549141Z   File "/usr/local/lib/python3.13/site-packages/sqlalchemy/pool/base.py", line 712, in checkout
2026-09-21T00:41:03.748551015Z     rec = pool._do_get()
2026-09-21T00:41:03.748552888Z   File "/usr/local/lib/python3.13/site-packages/sqlalchemy/pool/impl.py", line 167, in _do_get
2026-09-21T00:41:03.748554782Z     raise exc.TimeoutError(
2026-09-21T00:41:03.748556656Z     ...<4 lines>...
2026-09-21T00:41:03.748558560Z     )
2026-09-21T00:41:03.748562327Z sqlalchemy.exc.TimeoutError: QueuePool limit of size 5 overflow 10 reached, connection timed out, timeout 30.00 (Background on this error at: https://sqlalche.me/e/20/3o7r)
2026-09-21T00:41:03.759379997Z ERROR:    Exception in ASGI application
2026-09-21T00:41:03.759427581Z Traceback (most recent call last):
2026-09-21T00:41:03.759433092Z   File "/usr/local/lib/python3.13/site-packages/uvicorn/protocols/http/httptools_impl.py", line 421, in run_asgi
2026-09-21T00:41:03.759437911Z     result = await app(  # type: ignore[func-returns-value]
2026-09-21T00:41:03.759442570Z              ^^^^^^^^^^^^^^^^^^^^^^^^^^^^^^^^^^^^^^^^^^^^^^
2026-09-21T00:41:03.759447290Z         self.scope, self.receive, self.send
2026-09-21T00:41:03.759451578Z         ^^^^^^^^^^^^^^^^^^^^^^^^^^^^^^^^^^^
2026-09-21T00:41:03.759455917Z     )
2026-09-21T00:41:03.759460335Z     ^
2026-09-21T00:41:03.759464664Z   File "/usr/local/lib/python3.13/site-packages/uvicorn/middleware/proxy_headers.py", line 63, in __call__
2026-09-21T00:41:03.759469033Z     return await self.app(scope, receive, send)
2026-09-21T00:41:03.759473311Z            ^^^^^^^^^^^^^^^^^^^^^^^^^^^^^^^^^^^^
2026-09-21T00:41:03.759478121Z   File "/usr/local/lib/python3.13/site-packages/fastapi/applications.py", line 1159, in __call__
2026-09-21T00:41:03.759482489Z     await super().__call__(scope, receive, send)
2026-09-21T00:41:03.759486758Z   File "/usr/local/lib/python3.13/site-packages/starlette/applications.py", line 107, in __call__
2026-09-21T00:41:03.759491116Z     await self.middleware_stack(scope, receive, send)
2026-09-21T00:41:03.759495395Z   File "/usr/local/lib/python3.13/site-packages/starlette/middleware/errors.py", line 186, in __call__
2026-09-21T00:41:03.759499753Z     raise exc
2026-09-21T00:41:03.759504052Z   File "/usr/local/lib/python3.13/site-packages/starlette/middleware/errors.py", line 164, in __call__
2026-09-21T00:41:03.759508400Z     await self.app(scope, receive, _send)
2026-09-21T00:41:03.759513350Z   File "/usr/local/lib/python3.13/site-packages/opentelemetry/instrumentation/asgi/__init__.py", line 806, in __call__
2026-09-21T00:41:03.759517759Z     await self.app(scope, otel_receive, otel_send)
2026-09-21T00:41:03.759522067Z   File "/usr/local/lib/python3.13/site-packages/starlette/middleware/errors.py", line 186, in __call__
2026-09-21T00:41:03.759526376Z     raise exc
2026-09-21T00:41:03.759530644Z   File "/usr/local/lib/python3.13/site-packages/starlette/middleware/errors.py", line 164, in __call__
2026-09-21T00:41:03.759534923Z     await self.app(scope, receive, _send)
2026-09-21T00:41:03.759539201Z   File "/usr/local/lib/python3.13/site-packages/opentelemetry/instrumentation/fastapi/__init__.py", line 305, in __call__
2026-09-21T00:41:03.759544171Z     await self.app(scope, receive, send)
2026-09-21T00:41:03.759548469Z   File "/usr/local/lib/python3.13/site-packages/prometheus_fastapi_instrumentator/middleware.py", line 177, in __call__
2026-09-21T00:41:03.759552858Z     raise exc
2026-09-21T00:41:03.759557297Z   File "/usr/local/lib/python3.13/site-packages/prometheus_fastapi_instrumentator/middleware.py", line 175, in __call__
2026-09-21T00:41:03.759561575Z     await self.app(scope, receive, send_wrapper)
2026-09-21T00:41:03.759565844Z   File "/usr/local/lib/python3.13/site-packages/starlette/middleware/exceptions.py", line 63, in __call__
2026-09-21T00:41:03.759570733Z     await wrap_app_handling_exceptions(self.app, conn)(scope, receive, send)
2026-09-21T00:41:03.759575022Z   File "/usr/local/lib/python3.13/site-packages/starlette/_exception_handler.py", line 53, in wrapped_app
2026-09-21T00:41:03.759579300Z     raise exc
2026-09-21T00:41:03.759583589Z   File "/usr/local/lib/python3.13/site-packages/starlette/_exception_handler.py", line 42, in wrapped_app
2026-09-21T00:41:03.759619039Z     await app(scope, receive, sender)
2026-09-21T00:41:03.759628688Z   File "/usr/local/lib/python3.13/site-packages/fastapi/middleware/asyncexitstack.py", line 18, in __call__
2026-09-21T00:41:03.759633086Z     await self.app(scope, receive, send)
2026-09-21T00:41:03.759637415Z   File "/usr/local/lib/python3.13/site-packages/starlette/routing.py", line 716, in __call__
2026-09-21T00:41:03.759641744Z     await self.middleware_stack(scope, receive, send)
2026-09-21T00:41:03.759646072Z   File "/usr/local/lib/python3.13/site-packages/starlette/routing.py", line 736, in app
2026-09-21T00:41:03.759650391Z     await route.handle(scope, receive, send)
2026-09-21T00:41:03.759654659Z   File "/usr/local/lib/python3.13/site-packages/starlette/routing.py", line 290, in handle
2026-09-21T00:41:03.759659008Z     await self.app(scope, receive, send)
2026-09-21T00:41:03.759663286Z   File "/usr/local/lib/python3.13/site-packages/fastapi/routing.py", line 134, in app
2026-09-21T00:41:03.759667534Z     await wrap_app_handling_exceptions(app, request)(scope, receive, send)
2026-09-21T00:41:03.759671833Z   File "/usr/local/lib/python3.13/site-packages/starlette/_exception_handler.py", line 53, in wrapped_app
2026-09-21T00:41:03.759676101Z     raise exc
2026-09-21T00:41:03.759680420Z   File "/usr/local/lib/python3.13/site-packages/starlette/_exception_handler.py", line 42, in wrapped_app
2026-09-21T00:41:03.759684718Z     await app(scope, receive, sender)
2026-09-21T00:41:03.759689017Z   File "/usr/local/lib/python3.13/site-packages/fastapi/routing.py", line 120, in app
2026-09-21T00:41:03.759693766Z     response = await f(request)
2026-09-21T00:41:03.759698025Z                ^^^^^^^^^^^^^^^^
2026-09-21T00:41:03.759702403Z   File "/usr/local/lib/python3.13/site-packages/fastapi/routing.py", line 674, in app
2026-09-21T00:41:03.759706702Z     raw_response = await run_endpoint_function(
2026-09-21T00:41:03.759710970Z                    ^^^^^^^^^^^^^^^^^^^^^^^^^^^^
2026-09-21T00:41:03.759716080Z     ...<3 lines>...
2026-09-21T00:41:03.759756670Z     )
2026-09-21T00:41:03.759764586Z     ^
2026-09-21T00:41:03.759769355Z   File "/usr/local/lib/python3.13/site-packages/fastapi/routing.py", line 330, in run_endpoint_function
2026-09-21T00:41:03.759773704Z     return await run_in_threadpool(dependant.call, **values)
2026-09-21T00:41:03.759778133Z            ^^^^^^^^^^^^^^^^^^^^^^^^^^^^^^^^^^^^^^^^^^^^^^^^^
2026-09-21T00:41:03.759831117Z   File "/usr/local/lib/python3.13/site-packages/starlette/concurrency.py", line 32, in run_in_threadpool
2026-09-21T00:41:03.759840897Z     return await anyio.to_thread.run_sync(func)
2026-09-21T00:41:03.759845325Z            ^^^^^^^^^^^^^^^^^^^^^^^^^^^^^^^^^^^^
2026-09-21T00:41:03.759849574Z   File "/usr/local/lib/python3.13/site-packages/anyio/to_thread.py", line 63, in run_sync
2026-09-21T00:41:03.759902198Z     return await get_async_backend().run_sync_in_worker_thread(
2026-09-21T00:41:03.759917327Z            ^^^^^^^^^^^^^^^^^^^^^^^^^^^^^^^^^^^^^^^^^^^^^^^^^^^^
2026-09-21T00:41:03.759921726Z         func, args, abandon_on_cancel=abandon_on_cancel, limiter=limiter
2026-09-21T00:41:03.759925995Z         ^^^^^^^^^^^^^^^^^^^^^^^^^^^^^^^^^^^^^^^^^^^^^^^^^^^^^^^^^^^^^^^^
2026-09-21T00:41:03.759930283Z     )
2026-09-21T00:41:03.759934602Z     ^
2026-09-21T00:41:03.759938860Z   File "/usr/local/lib/python3.13/site-packages/anyio/_backends/_asyncio.py", line 2518, in run_sync_in_worker_thread
2026-09-21T00:41:03.759943178Z     return await future
2026-09-21T00:41:03.759947487Z            ^^^^^^^^^^^^
2026-09-21T00:41:03.759951795Z   File "/usr/local/lib/python3.13/site-packages/anyio/_backends/_asyncio.py", line 1002, in run
2026-09-21T00:41:03.759973729Z     result = context.run(func, *args)
2026-09-21T00:41:03.759978428Z   File "/app/app/routers/orders.py", line 36, in checkout
2026-09-21T00:41:03.759982706Z     return create_order(
2026-09-21T00:41:03.759987065Z         db=db,
2026-09-21T00:41:03.759991374Z     ...<2 lines>...
2026-09-21T00:41:03.759995692Z         correlation_id=correlation_id,
2026-09-21T00:41:03.760000151Z     )
2026-09-21T00:41:03.760004550Z   File "/app/app/services/order_service.py", line 42, in create_order
2026-09-21T00:41:03.760008868Z     result = db.execute(
2026-09-21T00:41:03.760013127Z         select(ProductModel).where(ProductModel.id == product_id)
2026-09-21T00:41:03.760017445Z     )
2026-09-21T00:41:03.760021854Z   File "/usr/local/lib/python3.13/site-packages/sqlalchemy/orm/session.py", line 2372, in execute
2026-09-21T00:41:03.760026122Z     return self._execute_internal(
2026-09-21T00:41:03.760030361Z            ~~~~~~~~~~~~~~~~~~~~~~^
2026-09-21T00:41:03.760034679Z         statement,
2026-09-21T00:41:03.760038948Z         ^^^^^^^^^^
2026-09-21T00:41:03.760043196Z     ...<4 lines>...
2026-09-21T00:41:03.760047474Z         _add_event=_add_event,
2026-09-21T00:41:03.760051713Z         ^^^^^^^^^^^^^^^^^^^^^^
2026-09-21T00:41:03.760055941Z     )
2026-09-21T00:41:03.760060199Z     ^
2026-09-21T00:41:03.760064518Z   File "/usr/local/lib/python3.13/site-packages/sqlalchemy/orm/session.py", line 2260, in _execute_internal
2026-09-21T00:41:03.760068816Z     conn = self._connection_for_bind(bind)
2026-09-21T00:41:03.760073125Z   File "/usr/local/lib/python3.13/site-packages/sqlalchemy/orm/session.py", line 2112, in _connection_for_bind
2026-09-21T00:41:03.760080469Z     return trans._connection_for_bind(engine, execution_options)
2026-09-21T00:41:03.760084848Z            ~~~~~~~~~~~~~~~~~~~~~~~~~~^^^^^^^^^^^^^^^^^^^^^^^^^^^
2026-09-21T00:41:03.760089137Z   File "<string>", line 2, in _connection_for_bind
2026-09-21T00:41:03.760093605Z   File "/usr/local/lib/python3.13/site-packages/sqlalchemy/orm/state_changes.py", line 137, in _go
2026-09-21T00:41:03.760097874Z     ret_value = fn(self, *arg, **kw)
2026-09-21T00:41:03.760102152Z   File "/usr/local/lib/python3.13/site-packages/sqlalchemy/orm/session.py", line 1191, in _connection_for_bind
2026-09-21T00:41:03.760106471Z     conn = bind.connect()
2026-09-21T00:41:03.760111090Z   File "/usr/local/lib/python3.13/site-packages/opentelemetry/instrumentation/sqlalchemy/engine.py", line 200, in _wrap_connect_internal
2026-09-21T00:41:03.760115368Z     return func(*args, **kwargs)
2026-09-21T00:41:03.760154295Z   File "/usr/local/lib/python3.13/site-packages/sqlalchemy/engine/base.py", line 3295, in connect
2026-09-21T00:41:03.760167551Z     return self._connection_cls(self)
2026-09-21T00:41:03.760172070Z            ~~~~~~~~~~~~~~~~~~~~^^^^^^
2026-09-21T00:41:03.760176389Z   File "/usr/local/lib/python3.13/site-packages/sqlalchemy/engine/base.py", line 144, in __init__
2026-09-21T00:41:03.760180677Z     self._dbapi_connection = engine.raw_connection()
2026-09-21T00:41:03.760185086Z                              ~~~~~~~~~~~~~~~~~~~~~^^
2026-09-21T00:41:03.760189294Z   File "/usr/local/lib/python3.13/site-packages/sqlalchemy/engine/base.py", line 3319, in raw_connection
2026-09-21T00:41:03.760191218Z     return self.pool.connect()
2026-09-21T00:41:03.760193342Z            ~~~~~~~~~~~~~~~~~^^
2026-09-21T00:41:03.760195276Z   File "/usr/local/lib/python3.13/site-packages/sqlalchemy/pool/base.py", line 448, in connect
2026-09-21T00:41:03.760197210Z     return _ConnectionFairy._checkout(self)
2026-09-21T00:41:03.760199615Z            ~~~~~~~~~~~~~~~~~~~~~~~~~~^^^^^^
2026-09-21T00:41:03.760210546Z   File "/usr/local/lib/python3.13/site-packages/sqlalchemy/pool/base.py", line 1272, in _checkout
2026-09-21T00:41:03.760213051Z     fairy = _ConnectionRecord.checkout(pool)
2026-09-21T00:41:03.760215426Z   File "/usr/local/lib/python3.13/site-packages/sqlalchemy/pool/base.py", line 712, in checkout
2026-09-21T00:41:03.760217791Z     rec = pool._do_get()
2026-09-21T00:41:03.760219895Z   File "/usr/local/lib/python3.13/site-packages/sqlalchemy/pool/impl.py", line 167, in _do_get
2026-09-21T00:41:03.760221788Z     raise exc.TimeoutError(
2026-09-21T00:41:03.760223682Z     ...<4 lines>...
2026-09-21T00:41:03.760225576Z     )
2026-09-21T00:41:03.760228071Z sqlalchemy.exc.TimeoutError: QueuePool limit of size 5 overflow 10 reached, connection timed out, timeout 30.00 (Background on this error at: https://sqlalche.me/e/20/3o7r)
2026-09-21T00:41:03.843795319Z ERROR:    Exception in ASGI application
2026-09-21T00:41:03.843828504Z Traceback (most recent call last):
2026-09-21T00:41:03.843831290Z   File "/usr/local/lib/python3.13/site-packages/uvicorn/protocols/http/httptools_impl.py", line 421, in run_asgi
2026-09-21T00:41:03.843833804Z     result = await app(  # type: ignore[func-returns-value]
2026-09-21T00:41:03.843835728Z              ^^^^^^^^^^^^^^^^^^^^^^^^^^^^^^^^^^^^^^^^^^^^^^
2026-09-21T00:41:03.843837622Z         self.scope, self.receive, self.send
2026-09-21T00:41:03.843839516Z         ^^^^^^^^^^^^^^^^^^^^^^^^^^^^^^^^^^^
2026-09-21T00:41:03.843841640Z     )
2026-09-21T00:41:03.843843614Z     ^
2026-09-21T00:41:03.843845548Z   File "/usr/local/lib/python3.13/site-packages/uvicorn/middleware/proxy_headers.py", line 63, in __call__
2026-09-21T00:41:03.843847471Z     return await self.app(scope, receive, send)
2026-09-21T00:41:03.843849656Z            ^^^^^^^^^^^^^^^^^^^^^^^^^^^^^^^^^^^^
2026-09-21T00:41:03.843852071Z   File "/usr/local/lib/python3.13/site-packages/fastapi/applications.py", line 1159, in __call__
2026-09-21T00:41:03.843901368Z     await super().__call__(scope, receive, send)
2026-09-21T00:41:03.843911869Z   File "/usr/local/lib/python3.13/site-packages/starlette/applications.py", line 107, in __call__
2026-09-21T00:41:03.843914564Z     await self.middleware_stack(scope, receive, send)
2026-09-21T00:41:03.843916528Z   File "/usr/local/lib/python3.13/site-packages/starlette/middleware/errors.py", line 186, in __call__
2026-09-21T00:41:03.843918482Z     raise exc
2026-09-21T00:41:03.843920435Z   File "/usr/local/lib/python3.13/site-packages/starlette/middleware/errors.py", line 164, in __call__
2026-09-21T00:41:03.843922389Z     await self.app(scope, receive, _send)
2026-09-21T00:41:03.843925145Z   File "/usr/local/lib/python3.13/site-packages/opentelemetry/instrumentation/asgi/__init__.py", line 806, in __call__
2026-09-21T00:41:03.843927069Z     await self.app(scope, otel_receive, otel_send)
2026-09-21T00:41:03.843929002Z   File "/usr/local/lib/python3.13/site-packages/starlette/middleware/errors.py", line 186, in __call__
2026-09-21T00:41:03.843930956Z     raise exc
2026-09-21T00:41:03.843932860Z   File "/usr/local/lib/python3.13/site-packages/starlette/middleware/errors.py", line 164, in __call__
2026-09-21T00:41:03.843934784Z     await self.app(scope, receive, _send)
2026-09-21T00:41:03.843936708Z   File "/usr/local/lib/python3.13/site-packages/opentelemetry/instrumentation/fastapi/__init__.py", line 305, in __call__
2026-09-21T00:41:03.843938621Z     await self.app(scope, receive, send)
2026-09-21T00:41:03.843940545Z   File "/usr/local/lib/python3.13/site-packages/prometheus_fastapi_instrumentator/middleware.py", line 177, in __call__
2026-09-21T00:41:03.843942449Z     raise exc
2026-09-21T00:41:03.843944383Z   File "/usr/local/lib/python3.13/site-packages/prometheus_fastapi_instrumentator/middleware.py", line 175, in __call__
2026-09-21T00:41:03.843963200Z     await self.app(scope, receive, send_wrapper)
2026-09-21T00:41:03.843965314Z   File "/usr/local/lib/python3.13/site-packages/starlette/middleware/exceptions.py", line 63, in __call__
2026-09-21T00:41:03.843967699Z     await wrap_app_handling_exceptions(self.app, conn)(scope, receive, send)
2026-09-21T00:41:03.843969603Z   File "/usr/local/lib/python3.13/site-packages/starlette/_exception_handler.py", line 53, in wrapped_app
2026-09-21T00:41:03.843971496Z     raise exc
2026-09-21T00:41:03.843973400Z   File "/usr/local/lib/python3.13/site-packages/starlette/_exception_handler.py", line 42, in wrapped_app
2026-09-21T00:41:03.843975334Z     await app(scope, receive, sender)
2026-09-21T00:41:03.843977358Z   File "/usr/local/lib/python3.13/site-packages/fastapi/middleware/asyncexitstack.py", line 18, in __call__
2026-09-21T00:41:03.843979272Z     await self.app(scope, receive, send)
2026-09-21T00:41:03.843981286Z   File "/usr/local/lib/python3.13/site-packages/starlette/routing.py", line 716, in __call__
2026-09-21T00:41:03.843983169Z     await self.middleware_stack(scope, receive, send)
2026-09-21T00:41:03.843985083Z   File "/usr/local/lib/python3.13/site-packages/starlette/routing.py", line 736, in app
2026-09-21T00:41:03.843986987Z     await route.handle(scope, receive, send)
2026-09-21T00:41:03.843989011Z   File "/usr/local/lib/python3.13/site-packages/starlette/routing.py", line 290, in handle
2026-09-21T00:41:03.843990905Z     await self.app(scope, receive, send)
2026-09-21T00:41:03.843992788Z   File "/usr/local/lib/python3.13/site-packages/fastapi/routing.py", line 134, in app
2026-09-21T00:41:03.843994692Z     await wrap_app_handling_exceptions(app, request)(scope, receive, send)
2026-09-21T00:41:03.843996636Z   File "/usr/local/lib/python3.13/site-packages/starlette/_exception_handler.py", line 53, in wrapped_app
2026-09-21T00:41:03.843998620Z     raise exc
2026-09-21T00:41:03.844000554Z   File "/usr/local/lib/python3.13/site-packages/starlette/_exception_handler.py", line 42, in wrapped_app
2026-09-21T00:41:03.844002447Z     await app(scope, receive, sender)
2026-09-21T00:41:03.844004361Z   File "/usr/local/lib/python3.13/site-packages/fastapi/routing.py", line 120, in app
2026-09-21T00:41:03.844006676Z     response = await f(request)
2026-09-21T00:41:03.844008589Z                ^^^^^^^^^^^^^^^^
2026-09-21T00:41:03.844010513Z   File "/usr/local/lib/python3.13/site-packages/fastapi/routing.py", line 674, in app
2026-09-21T00:41:03.844012437Z     raw_response = await run_endpoint_function(
2026-09-21T00:41:03.844014341Z                    ^^^^^^^^^^^^^^^^^^^^^^^^^^^^
2026-09-21T00:41:03.844016866Z     ...<3 lines>...
2026-09-21T00:41:03.844018780Z     )
2026-09-21T00:41:03.844020693Z     ^
2026-09-21T00:41:03.844022607Z   File "/usr/local/lib/python3.13/site-packages/fastapi/routing.py", line 330, in run_endpoint_function
2026-09-21T00:41:03.844024511Z     return await run_in_threadpool(dependant.call, **values)
2026-09-21T00:41:03.844026455Z            ^^^^^^^^^^^^^^^^^^^^^^^^^^^^^^^^^^^^^^^^^^^^^^^^^
2026-09-21T00:41:03.844041264Z   File "/usr/local/lib/python3.13/site-packages/starlette/concurrency.py", line 32, in run_in_threadpool
2026-09-21T00:41:03.844043609Z     return await anyio.to_thread.run_sync(func)
2026-09-21T00:41:03.844045542Z            ^^^^^^^^^^^^^^^^^^^^^^^^^^^^^^^^^^^^
2026-09-21T00:41:03.844047516Z   File "/usr/local/lib/python3.13/site-packages/anyio/to_thread.py", line 63, in run_sync
2026-09-21T00:41:03.844049440Z     return await get_async_backend().run_sync_in_worker_thread(
2026-09-21T00:41:03.844051354Z            ^^^^^^^^^^^^^^^^^^^^^^^^^^^^^^^^^^^^^^^^^^^^^^^^^^^^
2026-09-21T00:41:03.844058448Z         func, args, abandon_on_cancel=abandon_on_cancel, limiter=limiter
2026-09-21T00:41:03.844060492Z         ^^^^^^^^^^^^^^^^^^^^^^^^^^^^^^^^^^^^^^^^^^^^^^^^^^^^^^^^^^^^^^^^
2026-09-21T00:41:03.844065582Z     )
2026-09-21T00:41:03.844067566Z     ^
2026-09-21T00:41:03.844069510Z   File "/usr/local/lib/python3.13/site-packages/anyio/_backends/_asyncio.py", line 2518, in run_sync_in_worker_thread
2026-09-21T00:41:03.844071464Z     return await future
2026-09-21T00:41:03.844073387Z            ^^^^^^^^^^^^
2026-09-21T00:41:03.844075321Z   File "/usr/local/lib/python3.13/site-packages/anyio/_backends/_asyncio.py", line 1002, in run
2026-09-21T00:41:03.844077265Z     result = context.run(func, *args)
2026-09-21T00:41:03.844079179Z   File "/app/app/routers/orders.py", line 36, in checkout
2026-09-21T00:41:03.844081093Z     return create_order(
2026-09-21T00:41:03.844083036Z         db=db,
2026-09-21T00:41:03.844084970Z     ...<2 lines>...
2026-09-21T00:41:03.844086894Z         correlation_id=correlation_id,
2026-09-21T00:41:03.844088818Z     )
2026-09-21T00:41:03.844090772Z   File "/app/app/services/order_service.py", line 42, in create_order
2026-09-21T00:41:03.844092716Z     result = db.execute(
2026-09-21T00:41:03.844094649Z         select(ProductModel).where(ProductModel.id == product_id)
2026-09-21T00:41:03.844096573Z     )
2026-09-21T00:41:03.844098487Z   File "/usr/local/lib/python3.13/site-packages/sqlalchemy/orm/session.py", line 2372, in execute
2026-09-21T00:41:03.844100391Z     return self._execute_internal(
2026-09-21T00:41:03.844102314Z            ~~~~~~~~~~~~~~~~~~~~~~^
2026-09-21T00:41:03.844104238Z         statement,
2026-09-21T00:41:03.844106162Z         ^^^^^^^^^^
2026-09-21T00:41:03.844108136Z     ...<4 lines>...
2026-09-21T00:41:03.844110110Z         _add_event=_add_event,
2026-09-21T00:41:03.844112034Z         ^^^^^^^^^^^^^^^^^^^^^^
2026-09-21T00:41:03.844113937Z     )
2026-09-21T00:41:03.844115851Z     ^
2026-09-21T00:41:03.844117785Z   File "/usr/local/lib/python3.13/site-packages/sqlalchemy/orm/session.py", line 2260, in _execute_internal
2026-09-21T00:41:03.844119719Z     conn = self._connection_for_bind(bind)
2026-09-21T00:41:03.844121623Z   File "/usr/local/lib/python3.13/site-packages/sqlalchemy/orm/session.py", line 2112, in _connection_for_bind
2026-09-21T00:41:03.844123566Z     return trans._connection_for_bind(engine, execution_options)
2026-09-21T00:41:03.844125490Z            ~~~~~~~~~~~~~~~~~~~~~~~~~~^^^^^^^^^^^^^^^^^^^^^^^^^^^
2026-09-21T00:41:03.844127444Z   File "<string>", line 2, in _connection_for_bind
2026-09-21T00:41:03.844129358Z   File "/usr/local/lib/python3.13/site-packages/sqlalchemy/orm/state_changes.py", line 137, in _go
2026-09-21T00:41:03.844131262Z     ret_value = fn(self, *arg, **kw)
2026-09-21T00:41:03.844133175Z   File "/usr/local/lib/python3.13/site-packages/sqlalchemy/orm/session.py", line 1191, in _connection_for_bind
2026-09-21T00:41:03.844135430Z     conn = bind.connect()
2026-09-21T00:41:03.844137724Z   File "/usr/local/lib/python3.13/site-packages/opentelemetry/instrumentation/sqlalchemy/engine.py", line 200, in _wrap_connect_internal
2026-09-21T00:41:03.844139698Z     return func(*args, **kwargs)
2026-09-21T00:41:03.844141692Z   File "/usr/local/lib/python3.13/site-packages/sqlalchemy/engine/base.py", line 3295, in connect
2026-09-21T00:41:03.844143636Z     return self._connection_cls(self)
2026-09-21T00:41:03.844145560Z            ~~~~~~~~~~~~~~~~~~~~^^^^^^
2026-09-21T00:41:03.844147484Z   File "/usr/local/lib/python3.13/site-packages/sqlalchemy/engine/base.py", line 144, in __init__
2026-09-21T00:41:03.844198635Z     self._dbapi_connection = engine.raw_connection()
2026-09-21T00:41:03.844203544Z                              ~~~~~~~~~~~~~~~~~~~~~^^
2026-09-21T00:41:03.844206300Z   File "/usr/local/lib/python3.13/site-packages/sqlalchemy/engine/base.py", line 3319, in raw_connection
2026-09-21T00:41:03.844208514Z     return self.pool.connect()
2026-09-21T00:41:03.844210748Z            ~~~~~~~~~~~~~~~~~^^
2026-09-21T00:41:03.844213273Z   File "/usr/local/lib/python3.13/site-packages/sqlalchemy/pool/base.py", line 448, in connect
2026-09-21T00:41:03.844215538Z     return _ConnectionFairy._checkout(self)
2026-09-21T00:41:03.844218414Z            ~~~~~~~~~~~~~~~~~~~~~~~~~~^^^^^^
2026-09-21T00:41:03.844220738Z   File "/usr/local/lib/python3.13/site-packages/sqlalchemy/pool/base.py", line 1272, in _checkout
2026-09-21T00:41:03.844223033Z     fairy = _ConnectionRecord.checkout(pool)
2026-09-21T00:41:03.844225277Z   File "/usr/local/lib/python3.13/site-packages/sqlalchemy/pool/base.py", line 712, in checkout
2026-09-21T00:41:03.844227572Z     rec = pool._do_get()
2026-09-21T00:41:03.844230247Z   File "/usr/local/lib/python3.13/site-packages/sqlalchemy/pool/impl.py", line 167, in _do_get
2026-09-21T00:41:03.844232852Z     raise exc.TimeoutError(
2026-09-21T00:41:03.844237020Z     ...<4 lines>...
2026-09-21T00:41:03.844239155Z     )
2026-09-21T00:41:03.844241720Z sqlalchemy.exc.TimeoutError: QueuePool limit of size 5 overflow 10 reached, connection timed out, timeout 30.00 (Background on this error at: https://sqlalche.me/e/20/3o7r)
2026-09-21T00:41:04.452722533Z ERROR:    Exception in ASGI application
2026-09-21T00:41:04.452766180Z Traceback (most recent call last):
2026-09-21T00:41:04.452771871Z   File "/usr/local/lib/python3.13/site-packages/uvicorn/protocols/http/httptools_impl.py", line 421, in run_asgi
2026-09-21T00:41:04.452776800Z     result = await app(  # type: ignore[func-returns-value]
2026-09-21T00:41:04.452781139Z              ^^^^^^^^^^^^^^^^^^^^^^^^^^^^^^^^^^^^^^^^^^^^^^
2026-09-21T00:41:04.452785407Z         self.scope, self.receive, self.send
2026-09-21T00:41:04.452789666Z         ^^^^^^^^^^^^^^^^^^^^^^^^^^^^^^^^^^^
2026-09-21T00:41:04.452794024Z     )
2026-09-21T00:41:04.452798423Z     ^
2026-09-21T00:41:04.452802822Z   File "/usr/local/lib/python3.13/site-packages/uvicorn/middleware/proxy_headers.py", line 63, in __call__
2026-09-21T00:41:04.452807170Z     return await self.app(scope, receive, send)
2026-09-21T00:41:04.452811479Z            ^^^^^^^^^^^^^^^^^^^^^^^^^^^^^^^^^^^^
2026-09-21T00:41:04.452816218Z   File "/usr/local/lib/python3.13/site-packages/fastapi/applications.py", line 1159, in __call__
2026-09-21T00:41:04.452820467Z     await super().__call__(scope, receive, send)
2026-09-21T00:41:04.452824885Z   File "/usr/local/lib/python3.13/site-packages/starlette/applications.py", line 107, in __call__
2026-09-21T00:41:04.452829134Z     await self.middleware_stack(scope, receive, send)
2026-09-21T00:41:04.452833392Z   File "/usr/local/lib/python3.13/site-packages/starlette/middleware/errors.py", line 186, in __call__
2026-09-21T00:41:04.452837761Z     raise exc
2026-09-21T00:41:04.452842059Z   File "/usr/local/lib/python3.13/site-packages/starlette/middleware/errors.py", line 164, in __call__
2026-09-21T00:41:04.452846378Z     await self.app(scope, receive, _send)
2026-09-21T00:41:04.452851247Z   File "/usr/local/lib/python3.13/site-packages/opentelemetry/instrumentation/asgi/__init__.py", line 806, in __call__
2026-09-21T00:41:04.452855606Z     await self.app(scope, otel_receive, otel_send)
2026-09-21T00:41:04.452859874Z   File "/usr/local/lib/python3.13/site-packages/starlette/middleware/errors.py", line 186, in __call__
2026-09-21T00:41:04.452950203Z     raise exc
2026-09-21T00:41:04.452959631Z   File "/usr/local/lib/python3.13/site-packages/starlette/middleware/errors.py", line 164, in __call__
2026-09-21T00:41:04.452964200Z     await self.app(scope, receive, _send)
2026-09-21T00:41:04.452968569Z   File "/usr/local/lib/python3.13/site-packages/opentelemetry/instrumentation/fastapi/__init__.py", line 305, in __call__
2026-09-21T00:41:04.452972908Z     await self.app(scope, receive, send)
2026-09-21T00:41:04.452977206Z   File "/usr/local/lib/python3.13/site-packages/prometheus_fastapi_instrumentator/middleware.py", line 177, in __call__
2026-09-21T00:41:04.452981494Z     raise exc
2026-09-21T00:41:04.452985813Z   File "/usr/local/lib/python3.13/site-packages/prometheus_fastapi_instrumentator/middleware.py", line 175, in __call__
2026-09-21T00:41:04.452990091Z     await self.app(scope, receive, send_wrapper)
2026-09-21T00:41:04.452994370Z   File "/usr/local/lib/python3.13/site-packages/starlette/middleware/exceptions.py", line 63, in __call__
2026-09-21T00:41:04.452999590Z     await wrap_app_handling_exceptions(self.app, conn)(scope, receive, send)
2026-09-21T00:41:04.453003999Z   File "/usr/local/lib/python3.13/site-packages/starlette/_exception_handler.py", line 53, in wrapped_app
2026-09-21T00:41:04.453008327Z     raise exc
2026-09-21T00:41:04.453012616Z   File "/usr/local/lib/python3.13/site-packages/starlette/_exception_handler.py", line 42, in wrapped_app
2026-09-21T00:41:04.453016894Z     await app(scope, receive, sender)
2026-09-21T00:41:04.453021143Z   File "/usr/local/lib/python3.13/site-packages/fastapi/middleware/asyncexitstack.py", line 18, in __call__
2026-09-21T00:41:04.453025401Z     await self.app(scope, receive, send)
2026-09-21T00:41:04.453029700Z   File "/usr/local/lib/python3.13/site-packages/starlette/routing.py", line 716, in __call__
2026-09-21T00:41:04.453034048Z     await self.middleware_stack(scope, receive, send)
2026-09-21T00:41:04.453038417Z   File "/usr/local/lib/python3.13/site-packages/starlette/routing.py", line 736, in app
2026-09-21T00:41:04.453042675Z     await route.handle(scope, receive, send)
2026-09-21T00:41:04.453046994Z   File "/usr/local/lib/python3.13/site-packages/starlette/routing.py", line 290, in handle
2026-09-21T00:41:04.453051242Z     await self.app(scope, receive, send)
2026-09-21T00:41:04.453055521Z   File "/usr/local/lib/python3.13/site-packages/fastapi/routing.py", line 134, in app
2026-09-21T00:41:04.453059799Z     await wrap_app_handling_exceptions(app, request)(scope, receive, send)
2026-09-21T00:41:04.453064087Z   File "/usr/local/lib/python3.13/site-packages/starlette/_exception_handler.py", line 53, in wrapped_app
2026-09-21T00:41:04.453068406Z     raise exc
2026-09-21T00:41:04.453072684Z   File "/usr/local/lib/python3.13/site-packages/starlette/_exception_handler.py", line 42, in wrapped_app
2026-09-21T00:41:04.453076943Z     await app(scope, receive, sender)
2026-09-21T00:41:04.453081201Z   File "/usr/local/lib/python3.13/site-packages/fastapi/routing.py", line 120, in app
2026-09-21T00:41:04.453086061Z     response = await f(request)
2026-09-21T00:41:04.453090339Z                ^^^^^^^^^^^^^^^^
2026-09-21T00:41:04.453094588Z   File "/usr/local/lib/python3.13/site-packages/fastapi/routing.py", line 674, in app
2026-09-21T00:41:04.453098866Z     raw_response = await run_endpoint_function(
2026-09-21T00:41:04.453103215Z                    ^^^^^^^^^^^^^^^^^^^^^^^^^^^^
2026-09-21T00:41:04.453108004Z     ...<3 lines>...
2026-09-21T00:41:04.453112293Z     )
2026-09-21T00:41:04.453116551Z     ^
2026-09-21T00:41:04.453121020Z   File "/usr/local/lib/python3.13/site-packages/fastapi/routing.py", line 330, in run_endpoint_function
2026-09-21T00:41:04.453125318Z     return await run_in_threadpool(dependant.call, **values)
2026-09-21T00:41:04.453143324Z            ^^^^^^^^^^^^^^^^^^^^^^^^^^^^^^^^^^^^^^^^^^^^^^^^^
2026-09-21T00:41:04.453208903Z   File "/usr/local/lib/python3.13/site-packages/starlette/concurrency.py", line 32, in run_in_threadpool
2026-09-21T00:41:04.453219294Z     return await anyio.to_thread.run_sync(func)
2026-09-21T00:41:04.453223763Z            ^^^^^^^^^^^^^^^^^^^^^^^^^^^^^^^^^^^^
2026-09-21T00:41:04.453228081Z   File "/usr/local/lib/python3.13/site-packages/anyio/to_thread.py", line 63, in run_sync
2026-09-21T00:41:04.453232400Z     return await get_async_backend().run_sync_in_worker_thread(
2026-09-21T00:41:04.453236748Z            ^^^^^^^^^^^^^^^^^^^^^^^^^^^^^^^^^^^^^^^^^^^^^^^^^^^^
2026-09-21T00:41:04.453241047Z         func, args, abandon_on_cancel=abandon_on_cancel, limiter=limiter
2026-09-21T00:41:04.453245325Z         ^^^^^^^^^^^^^^^^^^^^^^^^^^^^^^^^^^^^^^^^^^^^^^^^^^^^^^^^^^^^^^^^
2026-09-21T00:41:04.453249774Z     )
2026-09-21T00:41:04.453254103Z     ^
2026-09-21T00:41:04.453258401Z   File "/usr/local/lib/python3.13/site-packages/anyio/_backends/_asyncio.py", line 2518, in run_sync_in_worker_thread
2026-09-21T00:41:04.453262679Z     return await future
2026-09-21T00:41:04.453267008Z            ^^^^^^^^^^^^
2026-09-21T00:41:04.453271246Z   File "/usr/local/lib/python3.13/site-packages/anyio/_backends/_asyncio.py", line 1002, in run
2026-09-21T00:41:04.453275595Z     result = context.run(func, *args)
2026-09-21T00:41:04.453280004Z   File "/app/app/routers/orders.py", line 36, in checkout
2026-09-21T00:41:04.453284442Z     return create_order(
2026-09-21T00:41:04.453288781Z         db=db,
2026-09-21T00:41:04.453316015Z     ...<2 lines>...
2026-09-21T00:41:04.453325022Z         correlation_id=correlation_id,
2026-09-21T00:41:04.453329421Z     )
2026-09-21T00:41:04.453333920Z   File "/app/app/services/order_service.py", line 42, in create_order
2026-09-21T00:41:04.453338209Z     result = db.execute(
2026-09-21T00:41:04.453342527Z         select(ProductModel).where(ProductModel.id == product_id)
2026-09-21T00:41:04.453346926Z     )
2026-09-21T00:41:04.453351214Z   File "/usr/local/lib/python3.13/site-packages/sqlalchemy/orm/session.py", line 2372, in execute
2026-09-21T00:41:04.453355483Z     return self._execute_internal(
2026-09-21T00:41:04.453359741Z            ~~~~~~~~~~~~~~~~~~~~~~^
2026-09-21T00:41:04.453364150Z         statement,
2026-09-21T00:41:04.453368498Z         ^^^^^^^^^^
2026-09-21T00:41:04.453372807Z     ...<4 lines>...
2026-09-21T00:41:04.453377045Z         _add_event=_add_event,
2026-09-21T00:41:04.453381364Z         ^^^^^^^^^^^^^^^^^^^^^^
2026-09-21T00:41:04.453385652Z     )
2026-09-21T00:41:04.453389840Z     ^
2026-09-21T00:41:04.453394139Z   File "/usr/local/lib/python3.13/site-packages/sqlalchemy/orm/session.py", line 2260, in _execute_internal
2026-09-21T00:41:04.453398508Z     conn = self._connection_for_bind(bind)
2026-09-21T00:41:04.453402766Z   File "/usr/local/lib/python3.13/site-packages/sqlalchemy/orm/session.py", line 2112, in _connection_for_bind
2026-09-21T00:41:04.453406984Z     return trans._connection_for_bind(engine, execution_options)
2026-09-21T00:41:04.453411173Z            ~~~~~~~~~~~~~~~~~~~~~~~~~~^^^^^^^^^^^^^^^^^^^^^^^^^^^
2026-09-21T00:41:04.453415531Z   File "<string>", line 2, in _connection_for_bind
2026-09-21T00:41:04.453419729Z   File "/usr/local/lib/python3.13/site-packages/sqlalchemy/orm/state_changes.py", line 137, in _go
2026-09-21T00:41:04.453423948Z     ret_value = fn(self, *arg, **kw)
2026-09-21T00:41:04.453428136Z   File "/usr/local/lib/python3.13/site-packages/sqlalchemy/orm/session.py", line 1191, in _connection_for_bind
2026-09-21T00:41:04.453450921Z     conn = bind.connect()
2026-09-21T00:41:04.453455761Z   File "/usr/local/lib/python3.13/site-packages/opentelemetry/instrumentation/sqlalchemy/engine.py", line 200, in _wrap_connect_internal
2026-09-21T00:41:04.453460029Z     return func(*args, **kwargs)
2026-09-21T00:41:04.453464267Z   File "/usr/local/lib/python3.13/site-packages/sqlalchemy/engine/base.py", line 3295, in connect
2026-09-21T00:41:04.453468566Z     return self._connection_cls(self)
2026-09-21T00:41:04.453472894Z            ~~~~~~~~~~~~~~~~~~~~^^^^^^
2026-09-21T00:41:04.453477133Z   File "/usr/local/lib/python3.13/site-packages/sqlalchemy/engine/base.py", line 144, in __init__
2026-09-21T00:41:04.453481391Z     self._dbapi_connection = engine.raw_connection()
2026-09-21T00:41:04.453485609Z                              ~~~~~~~~~~~~~~~~~~~~~^^
2026-09-21T00:41:04.453489818Z   File "/usr/local/lib/python3.13/site-packages/sqlalchemy/engine/base.py", line 3319, in raw_connection
2026-09-21T00:41:04.453494066Z     return self.pool.connect()
2026-09-21T00:41:04.453498294Z            ~~~~~~~~~~~~~~~~~^^
2026-09-21T00:41:04.453502603Z   File "/usr/local/lib/python3.13/site-packages/sqlalchemy/pool/base.py", line 448, in connect
2026-09-21T00:41:04.453506861Z     return _ConnectionFairy._checkout(self)
2026-09-21T00:41:04.453511100Z            ~~~~~~~~~~~~~~~~~~~~~~~~~~^^^^^^
2026-09-21T00:41:04.453515488Z   File "/usr/local/lib/python3.13/site-packages/sqlalchemy/pool/base.py", line 1272, in _checkout
2026-09-21T00:41:04.453519757Z     fairy = _ConnectionRecord.checkout(pool)
2026-09-21T00:41:04.453524095Z   File "/usr/local/lib/python3.13/site-packages/sqlalchemy/pool/base.py", line 712, in checkout
2026-09-21T00:41:04.453528344Z     rec = pool._do_get()
2026-09-21T00:41:04.453532632Z   File "/usr/local/lib/python3.13/site-packages/sqlalchemy/pool/impl.py", line 167, in _do_get
2026-09-21T00:41:04.453536911Z     raise exc.TimeoutError(
2026-09-21T00:41:04.453541149Z     ...<4 lines>...
2026-09-21T00:41:04.453545397Z     )
2026-09-21T00:41:04.453550447Z sqlalchemy.exc.TimeoutError: QueuePool limit of size 5 overflow 10 reached, connection timed out, timeout 30.00 (Background on this error at: https://sqlalche.me/e/20/3o7r)
2026-09-21T00:41:04.458766694Z ERROR:    Exception in ASGI application
2026-09-21T00:41:04.458794038Z Traceback (most recent call last):
2026-09-21T00:41:04.458796793Z   File "/usr/local/lib/python3.13/site-packages/uvicorn/protocols/http/httptools_impl.py", line 421, in run_asgi
2026-09-21T00:41:04.458799348Z     result = await app(  # type: ignore[func-returns-value]
2026-09-21T00:41:04.458801352Z              ^^^^^^^^^^^^^^^^^^^^^^^^^^^^^^^^^^^^^^^^^^^^^^
2026-09-21T00:41:04.458803336Z         self.scope, self.receive, self.send
2026-09-21T00:41:04.458805230Z         ^^^^^^^^^^^^^^^^^^^^^^^^^^^^^^^^^^^
2026-09-21T00:41:04.458807174Z     )
2026-09-21T00:41:04.458809158Z     ^
2026-09-21T00:41:04.458811202Z   File "/usr/local/lib/python3.13/site-packages/uvicorn/middleware/proxy_headers.py", line 63, in __call__
2026-09-21T00:41:04.458813506Z     return await self.app(scope, receive, send)
2026-09-21T00:41:04.458815480Z            ^^^^^^^^^^^^^^^^^^^^^^^^^^^^^^^^^^^^
2026-09-21T00:41:04.458818125Z   File "/usr/local/lib/python3.13/site-packages/fastapi/applications.py", line 1159, in __call__
2026-09-21T00:41:04.458820029Z     await super().__call__(scope, receive, send)
2026-09-21T00:41:04.458821933Z   File "/usr/local/lib/python3.13/site-packages/starlette/applications.py", line 107, in __call__
2026-09-21T00:41:04.458823837Z     await self.middleware_stack(scope, receive, send)
2026-09-21T00:41:04.458825750Z   File "/usr/local/lib/python3.13/site-packages/starlette/middleware/errors.py", line 186, in __call__
2026-09-21T00:41:04.458842002Z     raise exc
2026-09-21T00:41:04.458844097Z   File "/usr/local/lib/python3.13/site-packages/starlette/middleware/errors.py", line 164, in __call__
2026-09-21T00:41:04.458846120Z     await self.app(scope, receive, _send)
2026-09-21T00:41:04.458851501Z   File "/usr/local/lib/python3.13/site-packages/opentelemetry/instrumentation/asgi/__init__.py", line 806, in __call__
2026-09-21T00:41:04.458853505Z     await self.app(scope, otel_receive, otel_send)
2026-09-21T00:41:04.458855429Z   File "/usr/local/lib/python3.13/site-packages/starlette/middleware/errors.py", line 186, in __call__
2026-09-21T00:41:04.458857343Z     raise exc
2026-09-21T00:41:04.458859276Z   File "/usr/local/lib/python3.13/site-packages/starlette/middleware/errors.py", line 164, in __call__
2026-09-21T00:41:04.458861180Z     await self.app(scope, receive, _send)
2026-09-21T00:41:04.458863094Z   File "/usr/local/lib/python3.13/site-packages/opentelemetry/instrumentation/fastapi/__init__.py", line 305, in __call__
2026-09-21T00:41:04.458865028Z     await self.app(scope, receive, send)
2026-09-21T00:41:04.458866922Z   File "/usr/local/lib/python3.13/site-packages/prometheus_fastapi_instrumentator/middleware.py", line 177, in __call__
2026-09-21T00:41:04.458868815Z     raise exc
2026-09-21T00:41:04.458870749Z   File "/usr/local/lib/python3.13/site-packages/prometheus_fastapi_instrumentator/middleware.py", line 175, in __call__
2026-09-21T00:41:04.458872653Z     await self.app(scope, receive, send_wrapper)
2026-09-21T00:41:04.458874567Z   File "/usr/local/lib/python3.13/site-packages/starlette/middleware/exceptions.py", line 63, in __call__
2026-09-21T00:41:04.458877052Z     await wrap_app_handling_exceptions(self.app, conn)(scope, receive, send)
2026-09-21T00:41:04.458878945Z   File "/usr/local/lib/python3.13/site-packages/starlette/_exception_handler.py", line 53, in wrapped_app
2026-09-21T00:41:04.458880869Z     raise exc
2026-09-21T00:41:04.458882783Z   File "/usr/local/lib/python3.13/site-packages/starlette/_exception_handler.py", line 42, in wrapped_app
2026-09-21T00:41:04.458884677Z     await app(scope, receive, sender)
2026-09-21T00:41:04.458886600Z   File "/usr/local/lib/python3.13/site-packages/fastapi/middleware/asyncexitstack.py", line 18, in __call__
2026-09-21T00:41:04.458888574Z     await self.app(scope, receive, send)
2026-09-21T00:41:04.458890478Z   File "/usr/local/lib/python3.13/site-packages/starlette/routing.py", line 716, in __call__
2026-09-21T00:41:04.458892412Z     await self.middleware_stack(scope, receive, send)
2026-09-21T00:41:04.458894316Z   File "/usr/local/lib/python3.13/site-packages/starlette/routing.py", line 736, in app
2026-09-21T00:41:04.458896229Z     await route.handle(scope, receive, send)
2026-09-21T00:41:04.458898153Z   File "/usr/local/lib/python3.13/site-packages/starlette/routing.py", line 290, in handle
2026-09-21T00:41:04.458900067Z     await self.app(scope, receive, send)
2026-09-21T00:41:04.458901951Z   File "/usr/local/lib/python3.13/site-packages/fastapi/routing.py", line 134, in app
2026-09-21T00:41:04.458903844Z     await wrap_app_handling_exceptions(app, request)(scope, receive, send)
2026-09-21T00:41:04.458905748Z   File "/usr/local/lib/python3.13/site-packages/starlette/_exception_handler.py", line 53, in wrapped_app
2026-09-21T00:41:04.458907642Z     raise exc
2026-09-21T00:41:04.458909536Z   File "/usr/local/lib/python3.13/site-packages/starlette/_exception_handler.py", line 42, in wrapped_app
2026-09-21T00:41:04.458911580Z     await app(scope, receive, sender)
2026-09-21T00:41:04.458913584Z   File "/usr/local/lib/python3.13/site-packages/fastapi/routing.py", line 120, in app
2026-09-21T00:41:04.458921219Z     response = await f(request)
2026-09-21T00:41:04.458923233Z                ^^^^^^^^^^^^^^^^
2026-09-21T00:41:04.458925136Z   File "/usr/local/lib/python3.13/site-packages/fastapi/routing.py", line 674, in app
2026-09-21T00:41:04.458927040Z     raw_response = await run_endpoint_function(
2026-09-21T00:41:04.458928944Z                    ^^^^^^^^^^^^^^^^^^^^^^^^^^^^
2026-09-21T00:41:04.458931218Z     ...<3 lines>...
2026-09-21T00:41:04.458933192Z     )
2026-09-21T00:41:04.458935126Z     ^
2026-09-21T00:41:04.458937190Z   File "/usr/local/lib/python3.13/site-packages/fastapi/routing.py", line 330, in run_endpoint_function
2026-09-21T00:41:04.458939114Z     return await run_in_threadpool(dependant.call, **values)
2026-09-21T00:41:04.458941028Z            ^^^^^^^^^^^^^^^^^^^^^^^^^^^^^^^^^^^^^^^^^^^^^^^^^
2026-09-21T00:41:04.458955674Z   File "/usr/local/lib/python3.13/site-packages/starlette/concurrency.py", line 32, in run_in_threadpool
2026-09-21T00:41:04.458973309Z     return await anyio.to_thread.run_sync(func)
2026-09-21T00:41:04.458975614Z            ^^^^^^^^^^^^^^^^^^^^^^^^^^^^^^^^^^^^
2026-09-21T00:41:04.458978429Z   File "/usr/local/lib/python3.13/site-packages/anyio/to_thread.py", line 63, in run_sync
2026-09-21T00:41:04.458980914Z     return await get_async_backend().run_sync_in_worker_thread(
2026-09-21T00:41:04.458983209Z            ^^^^^^^^^^^^^^^^^^^^^^^^^^^^^^^^^^^^^^^^^^^^^^^^^^^^
2026-09-21T00:41:04.458985764Z         func, args, abandon_on_cancel=abandon_on_cancel, limiter=limiter
2026-09-21T00:41:04.458987668Z         ^^^^^^^^^^^^^^^^^^^^^^^^^^^^^^^^^^^^^^^^^^^^^^^^^^^^^^^^^^^^^^^^
2026-09-21T00:41:04.458989581Z     )
2026-09-21T00:41:04.458991525Z     ^
2026-09-21T00:41:04.458994120Z   File "/usr/local/lib/python3.13/site-packages/anyio/_backends/_asyncio.py", line 2518, in run_sync_in_worker_thread
2026-09-21T00:41:04.458996215Z     return await future
2026-09-21T00:41:04.458998098Z            ^^^^^^^^^^^^
2026-09-21T00:41:04.458999992Z   File "/usr/local/lib/python3.13/site-packages/anyio/_backends/_asyncio.py", line 1002, in run
2026-09-21T00:41:04.459001886Z     result = context.run(func, *args)
2026-09-21T00:41:04.459003789Z   File "/app/app/routers/orders.py", line 36, in checkout
2026-09-21T00:41:04.459005683Z     return create_order(
2026-09-21T00:41:04.459007597Z         db=db,
2026-09-21T00:41:04.459009541Z     ...<2 lines>...
2026-09-21T00:41:04.459011455Z         correlation_id=correlation_id,
2026-09-21T00:41:04.459013348Z     )
2026-09-21T00:41:04.459015272Z   File "/app/app/services/order_service.py", line 42, in create_order
2026-09-21T00:41:04.459017186Z     result = db.execute(
2026-09-21T00:41:04.459019100Z         select(ProductModel).where(ProductModel.id == product_id)
2026-09-21T00:41:04.459021013Z     )
2026-09-21T00:41:04.459023068Z   File "/usr/local/lib/python3.13/site-packages/sqlalchemy/orm/session.py", line 2372, in execute
2026-09-21T00:41:04.459025242Z     return self._execute_internal(
2026-09-21T00:41:04.459027166Z            ~~~~~~~~~~~~~~~~~~~~~~^
2026-09-21T00:41:04.459029059Z         statement,
2026-09-21T00:41:04.459030953Z         ^^^^^^^^^^
2026-09-21T00:41:04.459032837Z     ...<4 lines>...
2026-09-21T00:41:04.459035262Z         _add_event=_add_event,
2026-09-21T00:41:04.459037566Z         ^^^^^^^^^^^^^^^^^^^^^^
2026-09-21T00:41:04.459039460Z     )
2026-09-21T00:41:04.459041394Z     ^
2026-09-21T00:41:04.459043358Z   File "/usr/local/lib/python3.13/site-packages/sqlalchemy/orm/session.py", line 2260, in _execute_internal
2026-09-21T00:41:04.459045261Z     conn = self._connection_for_bind(bind)
2026-09-21T00:41:04.459061634Z   File "/usr/local/lib/python3.13/site-packages/sqlalchemy/orm/session.py", line 2112, in _connection_for_bind
2026-09-21T00:41:04.459063738Z     return trans._connection_for_bind(engine, execution_options)
2026-09-21T00:41:04.459065652Z            ~~~~~~~~~~~~~~~~~~~~~~~~~~^^^^^^^^^^^^^^^^^^^^^^^^^^^
2026-09-21T00:41:04.459067555Z   File "<string>", line 2, in _connection_for_bind
2026-09-21T00:41:04.459069479Z   File "/usr/local/lib/python3.13/site-packages/sqlalchemy/orm/state_changes.py", line 137, in _go
2026-09-21T00:41:04.459071403Z     ret_value = fn(self, *arg, **kw)
2026-09-21T00:41:04.459073277Z   File "/usr/local/lib/python3.13/site-packages/sqlalchemy/orm/session.py", line 1191, in _connection_for_bind
2026-09-21T00:41:04.459075170Z     conn = bind.connect()
2026-09-21T00:41:04.459077585Z   File "/usr/local/lib/python3.13/site-packages/opentelemetry/instrumentation/sqlalchemy/engine.py", line 200, in _wrap_connect_internal
2026-09-21T00:41:04.459079499Z     return func(*args, **kwargs)
2026-09-21T00:41:04.459081733Z   File "/usr/local/lib/python3.13/site-packages/sqlalchemy/engine/base.py", line 3295, in connect
2026-09-21T00:41:04.459083657Z     return self._connection_cls(self)
2026-09-21T00:41:04.459085551Z            ~~~~~~~~~~~~~~~~~~~~^^^^^^
2026-09-21T00:41:04.459087475Z   File "/usr/local/lib/python3.13/site-packages/sqlalchemy/engine/base.py", line 144, in __init__
2026-09-21T00:41:04.459089368Z     self._dbapi_connection = engine.raw_connection()
2026-09-21T00:41:04.459091252Z                              ~~~~~~~~~~~~~~~~~~~~~^^
2026-09-21T00:41:04.459093146Z   File "/usr/local/lib/python3.13/site-packages/sqlalchemy/engine/base.py", line 3319, in raw_connection
2026-09-21T00:41:04.459095050Z     return self.pool.connect()
2026-09-21T00:41:04.459096943Z            ~~~~~~~~~~~~~~~~~^^
2026-09-21T00:41:04.459098877Z   File "/usr/local/lib/python3.13/site-packages/sqlalchemy/pool/base.py", line 448, in connect
2026-09-21T00:41:04.459100771Z     return _ConnectionFairy._checkout(self)
2026-09-21T00:41:04.459102695Z            ~~~~~~~~~~~~~~~~~~~~~~~~~~^^^^^^
2026-09-21T00:41:04.459104588Z   File "/usr/local/lib/python3.13/site-packages/sqlalchemy/pool/base.py", line 1272, in _checkout
2026-09-21T00:41:04.459106482Z     fairy = _ConnectionRecord.checkout(pool)
2026-09-21T00:41:04.459108386Z   File "/usr/local/lib/python3.13/site-packages/sqlalchemy/pool/base.py", line 712, in checkout
2026-09-21T00:41:04.459110280Z     rec = pool._do_get()
2026-09-21T00:41:04.459112183Z   File "/usr/local/lib/python3.13/site-packages/sqlalchemy/pool/impl.py", line 167, in _do_get
2026-09-21T00:41:04.459114187Z     raise exc.TimeoutError(
2026-09-21T00:41:04.459116081Z     ...<4 lines>...
2026-09-21T00:41:04.459118025Z     )
2026-09-21T00:41:04.459124608Z sqlalchemy.exc.TimeoutError: QueuePool limit of size 5 overflow 10 reached, connection timed out, timeout 30.00 (Background on this error at: https://sqlalche.me/e/20/3o7r)
2026-09-21T00:41:04.467176556Z ERROR:    Exception in ASGI application
2026-09-21T00:41:04.467216144Z Traceback (most recent call last):
2026-09-21T00:41:04.467221855Z   File "/usr/local/lib/python3.13/site-packages/uvicorn/protocols/http/httptools_impl.py", line 421, in run_asgi
2026-09-21T00:41:04.467227276Z     result = await app(  # type: ignore[func-returns-value]
2026-09-21T00:41:04.467231554Z              ^^^^^^^^^^^^^^^^^^^^^^^^^^^^^^^^^^^^^^^^^^^^^^
2026-09-21T00:41:04.467236113Z         self.scope, self.receive, self.send
2026-09-21T00:41:04.467240422Z         ^^^^^^^^^^^^^^^^^^^^^^^^^^^^^^^^^^^
2026-09-21T00:41:04.467244730Z     )
2026-09-21T00:41:04.467249199Z     ^
2026-09-21T00:41:04.467253568Z   File "/usr/local/lib/python3.13/site-packages/uvicorn/middleware/proxy_headers.py", line 63, in __call__
2026-09-21T00:41:04.467284138Z     return await self.app(scope, receive, send)
2026-09-21T00:41:04.467288727Z            ^^^^^^^^^^^^^^^^^^^^^^^^^^^^^^^^^^^^
2026-09-21T00:41:04.467293547Z   File "/usr/local/lib/python3.13/site-packages/fastapi/applications.py", line 1159, in __call__
2026-09-21T00:41:04.467297905Z     await super().__call__(scope, receive, send)
2026-09-21T00:41:04.467302144Z   File "/usr/local/lib/python3.13/site-packages/starlette/applications.py", line 107, in __call__
2026-09-21T00:41:04.467306422Z     await self.middleware_stack(scope, receive, send)
2026-09-21T00:41:04.467310671Z   File "/usr/local/lib/python3.13/site-packages/starlette/middleware/errors.py", line 186, in __call__
2026-09-21T00:41:04.467315019Z     raise exc
2026-09-21T00:41:04.467319368Z   File "/usr/local/lib/python3.13/site-packages/starlette/middleware/errors.py", line 164, in __call__
2026-09-21T00:41:04.467323696Z     await self.app(scope, receive, _send)
2026-09-21T00:41:04.467328386Z   File "/usr/local/lib/python3.13/site-packages/opentelemetry/instrumentation/asgi/__init__.py", line 806, in __call__
2026-09-21T00:41:04.467333155Z     await self.app(scope, otel_receive, otel_send)
2026-09-21T00:41:04.467337484Z   File "/usr/local/lib/python3.13/site-packages/starlette/middleware/errors.py", line 186, in __call__
2026-09-21T00:41:04.467341772Z     raise exc
2026-09-21T00:41:04.467346020Z   File "/usr/local/lib/python3.13/site-packages/starlette/middleware/errors.py", line 164, in __call__
2026-09-21T00:41:04.467350339Z     await self.app(scope, receive, _send)
2026-09-21T00:41:04.467354617Z   File "/usr/local/lib/python3.13/site-packages/opentelemetry/instrumentation/fastapi/__init__.py", line 305, in __call__
2026-09-21T00:41:04.467358926Z     await self.app(scope, receive, send)
2026-09-21T00:41:04.467363194Z   File "/usr/local/lib/python3.13/site-packages/prometheus_fastapi_instrumentator/middleware.py", line 177, in __call__
2026-09-21T00:41:04.467367533Z     raise exc
2026-09-21T00:41:04.467371811Z   File "/usr/local/lib/python3.13/site-packages/prometheus_fastapi_instrumentator/middleware.py", line 175, in __call__
2026-09-21T00:41:04.467376090Z     await self.app(scope, receive, send_wrapper)
2026-09-21T00:41:04.467380368Z   File "/usr/local/lib/python3.13/site-packages/starlette/middleware/exceptions.py", line 63, in __call__
2026-09-21T00:41:04.467447701Z     await wrap_app_handling_exceptions(self.app, conn)(scope, receive, send)
2026-09-21T00:41:04.467456418Z   File "/usr/local/lib/python3.13/site-packages/starlette/_exception_handler.py", line 53, in wrapped_app
2026-09-21T00:41:04.467460917Z     raise exc
2026-09-21T00:41:04.467465286Z   File "/usr/local/lib/python3.13/site-packages/starlette/_exception_handler.py", line 42, in wrapped_app
2026-09-21T00:41:04.467469765Z     await app(scope, receive, sender)
2026-09-21T00:41:04.467474023Z   File "/usr/local/lib/python3.13/site-packages/fastapi/middleware/asyncexitstack.py", line 18, in __call__
2026-09-21T00:41:04.467478321Z     await self.app(scope, receive, send)
2026-09-21T00:41:04.467486197Z   File "/usr/local/lib/python3.13/site-packages/starlette/routing.py", line 716, in __call__
2026-09-21T00:41:04.467490646Z     await self.middleware_stack(scope, receive, send)
2026-09-21T00:41:04.467494964Z   File "/usr/local/lib/python3.13/site-packages/starlette/routing.py", line 736, in app
2026-09-21T00:41:04.467499283Z     await route.handle(scope, receive, send)
2026-09-21T00:41:04.467503561Z   File "/usr/local/lib/python3.13/site-packages/starlette/routing.py", line 290, in handle
2026-09-21T00:41:04.467507890Z     await self.app(scope, receive, send)
2026-09-21T00:41:04.467531226Z   File "/usr/local/lib/python3.13/site-packages/fastapi/routing.py", line 134, in app
2026-09-21T00:41:04.467535625Z     await wrap_app_handling_exceptions(app, request)(scope, receive, send)
2026-09-21T00:41:04.467539933Z   File "/usr/local/lib/python3.13/site-packages/starlette/_exception_handler.py", line 53, in wrapped_app
2026-09-21T00:41:04.467544191Z     raise exc
2026-09-21T00:41:04.467548841Z   File "/usr/local/lib/python3.13/site-packages/starlette/_exception_handler.py", line 42, in wrapped_app
2026-09-21T00:41:04.467553149Z     await app(scope, receive, sender)
2026-09-21T00:41:04.467557668Z   File "/usr/local/lib/python3.13/site-packages/fastapi/routing.py", line 120, in app
2026-09-21T00:41:04.467562718Z     response = await f(request)
2026-09-21T00:41:04.467566997Z                ^^^^^^^^^^^^^^^^
2026-09-21T00:41:04.467571235Z   File "/usr/local/lib/python3.13/site-packages/fastapi/routing.py", line 674, in app
2026-09-21T00:41:04.467575513Z     raw_response = await run_endpoint_function(
2026-09-21T00:41:04.467579772Z                    ^^^^^^^^^^^^^^^^^^^^^^^^^^^^
2026-09-21T00:41:04.467584681Z     ...<3 lines>...
2026-09-21T00:41:04.467588960Z     )
2026-09-21T00:41:04.467593308Z     ^
2026-09-21T00:41:04.467597717Z   File "/usr/local/lib/python3.13/site-packages/fastapi/routing.py", line 330, in run_endpoint_function
2026-09-21T00:41:04.467601976Z     return await run_in_threadpool(dependant.call, **values)
2026-09-21T00:41:04.467606244Z            ^^^^^^^^^^^^^^^^^^^^^^^^^^^^^^^^^^^^^^^^^^^^^^^^^
2026-09-21T00:41:04.467623588Z   File "/usr/local/lib/python3.13/site-packages/starlette/concurrency.py", line 32, in run_in_threadpool
2026-09-21T00:41:04.467626905Z     return await anyio.to_thread.run_sync(func)
2026-09-21T00:41:04.467628819Z            ^^^^^^^^^^^^^^^^^^^^^^^^^^^^^^^^^^^^
2026-09-21T00:41:04.467630692Z   File "/usr/local/lib/python3.13/site-packages/anyio/to_thread.py", line 63, in run_sync
2026-09-21T00:41:04.467632646Z     return await get_async_backend().run_sync_in_worker_thread(
2026-09-21T00:41:04.467634530Z            ^^^^^^^^^^^^^^^^^^^^^^^^^^^^^^^^^^^^^^^^^^^^^^^^^^^^
2026-09-21T00:41:04.467636444Z         func, args, abandon_on_cancel=abandon_on_cancel, limiter=limiter
2026-09-21T00:41:04.467638337Z         ^^^^^^^^^^^^^^^^^^^^^^^^^^^^^^^^^^^^^^^^^^^^^^^^^^^^^^^^^^^^^^^^
2026-09-21T00:41:04.467640251Z     )
2026-09-21T00:41:04.467642145Z     ^
2026-09-21T00:41:04.467644069Z   File "/usr/local/lib/python3.13/site-packages/anyio/_backends/_asyncio.py", line 2518, in run_sync_in_worker_thread
2026-09-21T00:41:04.467645972Z     return await future
2026-09-21T00:41:04.467647896Z            ^^^^^^^^^^^^
2026-09-21T00:41:04.467649790Z   File "/usr/local/lib/python3.13/site-packages/anyio/_backends/_asyncio.py", line 1002, in run
2026-09-21T00:41:04.467651704Z     result = context.run(func, *args)
2026-09-21T00:41:04.467653617Z   File "/app/app/routers/orders.py", line 36, in checkout
2026-09-21T00:41:04.467655511Z     return create_order(
2026-09-21T00:41:04.467657425Z         db=db,
2026-09-21T00:41:04.467659339Z     ...<2 lines>...
2026-09-21T00:41:04.467661263Z         correlation_id=correlation_id,
2026-09-21T00:41:04.467663267Z     )
2026-09-21T00:41:04.467665180Z   File "/app/app/services/order_service.py", line 42, in create_order
2026-09-21T00:41:04.467667084Z     result = db.execute(
2026-09-21T00:41:04.467668978Z         select(ProductModel).where(ProductModel.id == product_id)
2026-09-21T00:41:04.467670862Z     )
2026-09-21T00:41:04.467672845Z   File "/usr/local/lib/python3.13/site-packages/sqlalchemy/orm/session.py", line 2372, in execute
2026-09-21T00:41:04.467674729Z     return self._execute_internal(
2026-09-21T00:41:04.467690240Z            ~~~~~~~~~~~~~~~~~~~~~~^
2026-09-21T00:41:04.467692234Z         statement,
2026-09-21T00:41:04.467694178Z         ^^^^^^^^^^
2026-09-21T00:41:04.467696091Z     ...<4 lines>...
2026-09-21T00:41:04.467698015Z         _add_event=_add_event,
2026-09-21T00:41:04.467699899Z         ^^^^^^^^^^^^^^^^^^^^^^
2026-09-21T00:41:04.467701783Z     )
2026-09-21T00:41:04.467703686Z     ^
2026-09-21T00:41:04.467705600Z   File "/usr/local/lib/python3.13/site-packages/sqlalchemy/orm/session.py", line 2260, in _execute_internal
2026-09-21T00:41:04.467707534Z     conn = self._connection_for_bind(bind)
2026-09-21T00:41:04.467709538Z   File "/usr/local/lib/python3.13/site-packages/sqlalchemy/orm/session.py", line 2112, in _connection_for_bind
2026-09-21T00:41:04.467711452Z     return trans._connection_for_bind(engine, execution_options)
2026-09-21T00:41:04.467713345Z            ~~~~~~~~~~~~~~~~~~~~~~~~~~^^^^^^^^^^^^^^^^^^^^^^^^^^^
2026-09-21T00:41:04.467715239Z   File "<string>", line 2, in _connection_for_bind
2026-09-21T00:41:04.467717123Z   File "/usr/local/lib/python3.13/site-packages/sqlalchemy/orm/state_changes.py", line 137, in _go
2026-09-21T00:41:04.467719017Z     ret_value = fn(self, *arg, **kw)
2026-09-21T00:41:04.467720930Z   File "/usr/local/lib/python3.13/site-packages/sqlalchemy/orm/session.py", line 1191, in _connection_for_bind
2026-09-21T00:41:04.467722864Z     conn = bind.connect()
2026-09-21T00:41:04.467725620Z   File "/usr/local/lib/python3.13/site-packages/opentelemetry/instrumentation/sqlalchemy/engine.py", line 200, in _wrap_connect_internal
2026-09-21T00:41:04.467727533Z     return func(*args, **kwargs)
2026-09-21T00:41:04.467729447Z   File "/usr/local/lib/python3.13/site-packages/sqlalchemy/engine/base.py", line 3295, in connect
2026-09-21T00:41:04.467731371Z     return self._connection_cls(self)
2026-09-21T00:41:04.467733265Z            ~~~~~~~~~~~~~~~~~~~~^^^^^^
2026-09-21T00:41:04.467735219Z   File "/usr/local/lib/python3.13/site-packages/sqlalchemy/engine/base.py", line 144, in __init__
2026-09-21T00:41:04.467737122Z     self._dbapi_connection = engine.raw_connection()
2026-09-21T00:41:04.467739046Z                              ~~~~~~~~~~~~~~~~~~~~~^^
2026-09-21T00:41:04.467740950Z   File "/usr/local/lib/python3.13/site-packages/sqlalchemy/engine/base.py", line 3319, in raw_connection
2026-09-21T00:41:04.467742854Z     return self.pool.connect()
2026-09-21T00:41:04.467744757Z            ~~~~~~~~~~~~~~~~~^^
2026-09-21T00:41:04.467746661Z   File "/usr/local/lib/python3.13/site-packages/sqlalchemy/pool/base.py", line 448, in connect
2026-09-21T00:41:04.467748725Z     return _ConnectionFairy._checkout(self)
2026-09-21T00:41:04.467750629Z            ~~~~~~~~~~~~~~~~~~~~~~~~~~^^^^^^
2026-09-21T00:41:04.467752523Z   File "/usr/local/lib/python3.13/site-packages/sqlalchemy/pool/base.py", line 1272, in _checkout
2026-09-21T00:41:04.467754446Z     fairy = _ConnectionRecord.checkout(pool)
2026-09-21T00:41:04.467756340Z   File "/usr/local/lib/python3.13/site-packages/sqlalchemy/pool/base.py", line 712, in checkout
2026-09-21T00:41:04.467758224Z     rec = pool._do_get()
2026-09-21T00:41:04.467760128Z   File "/usr/local/lib/python3.13/site-packages/sqlalchemy/pool/impl.py", line 167, in _do_get
2026-09-21T00:41:04.467762031Z     raise exc.TimeoutError(
2026-09-21T00:41:04.467763925Z     ...<4 lines>...
2026-09-21T00:41:04.467765839Z     )
2026-09-21T00:41:04.467771330Z sqlalchemy.exc.TimeoutError: QueuePool limit of size 5 overflow 10 reached, connection timed out, timeout 30.00 (Background on this error at: https://sqlalche.me/e/20/3o7r)
2026-09-21T00:41:04.471752331Z ERROR:    Exception in ASGI application
2026-09-21T00:41:04.471791619Z Traceback (most recent call last):
2026-09-21T00:41:04.471795657Z   File "/usr/local/lib/python3.13/site-packages/uvicorn/protocols/http/httptools_impl.py", line 421, in run_asgi
2026-09-21T00:41:04.471798673Z     result = await app(  # type: ignore[func-returns-value]
2026-09-21T00:41:04.471800607Z              ^^^^^^^^^^^^^^^^^^^^^^^^^^^^^^^^^^^^^^^^^^^^^^
2026-09-21T00:41:04.471802511Z         self.scope, self.receive, self.send
2026-09-21T00:41:04.471806849Z         ^^^^^^^^^^^^^^^^^^^^^^^^^^^^^^^^^^^
2026-09-21T00:41:04.471808933Z     )
2026-09-21T00:41:04.471810887Z     ^
2026-09-21T00:41:04.471813051Z   File "/usr/local/lib/python3.13/site-packages/uvicorn/middleware/proxy_headers.py", line 63, in __call__
2026-09-21T00:41:04.471814995Z     return await self.app(scope, receive, send)
2026-09-21T00:41:04.471816899Z            ^^^^^^^^^^^^^^^^^^^^^^^^^^^^^^^^^^^^
2026-09-21T00:41:04.471819334Z   File "/usr/local/lib/python3.13/site-packages/fastapi/applications.py", line 1159, in __call__
2026-09-21T00:41:04.471821247Z     await super().__call__(scope, receive, send)
2026-09-21T00:41:04.471823151Z   File "/usr/local/lib/python3.13/site-packages/starlette/applications.py", line 107, in __call__
2026-09-21T00:41:04.471825095Z     await self.middleware_stack(scope, receive, send)
2026-09-21T00:41:04.471826999Z   File "/usr/local/lib/python3.13/site-packages/starlette/middleware/errors.py", line 186, in __call__
2026-09-21T00:41:04.471828943Z     raise exc
2026-09-21T00:41:04.471830856Z   File "/usr/local/lib/python3.13/site-packages/starlette/middleware/errors.py", line 164, in __call__
2026-09-21T00:41:04.471832800Z     await self.app(scope, receive, _send)
2026-09-21T00:41:04.471835115Z   File "/usr/local/lib/python3.13/site-packages/opentelemetry/instrumentation/asgi/__init__.py", line 806, in __call__
2026-09-21T00:41:04.471837029Z     await self.app(scope, otel_receive, otel_send)
2026-09-21T00:41:04.471838932Z   File "/usr/local/lib/python3.13/site-packages/starlette/middleware/errors.py", line 186, in __call__
2026-09-21T00:41:04.471840876Z     raise exc
2026-09-21T00:41:04.471842760Z   File "/usr/local/lib/python3.13/site-packages/starlette/middleware/errors.py", line 164, in __call__
2026-09-21T00:41:04.471844684Z     await self.app(scope, receive, _send)
2026-09-21T00:41:04.471846598Z   File "/usr/local/lib/python3.13/site-packages/opentelemetry/instrumentation/fastapi/__init__.py", line 305, in __call__
2026-09-21T00:41:04.471848551Z     await self.app(scope, receive, send)
2026-09-21T00:41:04.471850455Z   File "/usr/local/lib/python3.13/site-packages/prometheus_fastapi_instrumentator/middleware.py", line 177, in __call__
2026-09-21T00:41:04.471852349Z     raise exc
2026-09-21T00:41:04.471854653Z   File "/usr/local/lib/python3.13/site-packages/prometheus_fastapi_instrumentator/middleware.py", line 175, in __call__
2026-09-21T00:41:04.471932768Z     await self.app(scope, receive, send_wrapper)
2026-09-21T00:41:04.471938309Z   File "/usr/local/lib/python3.13/site-packages/starlette/middleware/exceptions.py", line 63, in __call__
2026-09-21T00:41:04.471942958Z     await wrap_app_handling_exceptions(self.app, conn)(scope, receive, send)
2026-09-21T00:41:04.471944962Z   File "/usr/local/lib/python3.13/site-packages/starlette/_exception_handler.py", line 53, in wrapped_app
2026-09-21T00:41:04.471946895Z     raise exc
2026-09-21T00:41:04.471948799Z   File "/usr/local/lib/python3.13/site-packages/starlette/_exception_handler.py", line 42, in wrapped_app
2026-09-21T00:41:04.471950773Z     await app(scope, receive, sender)
2026-09-21T00:41:04.471954340Z   File "/usr/local/lib/python3.13/site-packages/fastapi/middleware/asyncexitstack.py", line 18, in __call__
2026-09-21T00:41:04.471963949Z     await self.app(scope, receive, send)
2026-09-21T00:41:04.471965943Z   File "/usr/local/lib/python3.13/site-packages/starlette/routing.py", line 716, in __call__
2026-09-21T00:41:04.471968238Z     await self.middleware_stack(scope, receive, send)
2026-09-21T00:41:04.471970141Z   File "/usr/local/lib/python3.13/site-packages/starlette/routing.py", line 736, in app
2026-09-21T00:41:04.471972065Z     await route.handle(scope, receive, send)
2026-09-21T00:41:04.471973989Z   File "/usr/local/lib/python3.13/site-packages/starlette/routing.py", line 290, in handle
2026-09-21T00:41:04.471975933Z     await self.app(scope, receive, send)
2026-09-21T00:41:04.471977857Z   File "/usr/local/lib/python3.13/site-packages/fastapi/routing.py", line 134, in app
2026-09-21T00:41:04.471979881Z     await wrap_app_handling_exceptions(app, request)(scope, receive, send)
2026-09-21T00:41:04.471981804Z   File "/usr/local/lib/python3.13/site-packages/starlette/_exception_handler.py", line 53, in wrapped_app
2026-09-21T00:41:04.471983718Z     raise exc
2026-09-21T00:41:04.471985632Z   File "/usr/local/lib/python3.13/site-packages/starlette/_exception_handler.py", line 42, in wrapped_app
2026-09-21T00:41:04.471987556Z     await app(scope, receive, sender)
2026-09-21T00:41:04.471989480Z   File "/usr/local/lib/python3.13/site-packages/fastapi/routing.py", line 120, in app
2026-09-21T00:41:04.471992516Z     response = await f(request)
2026-09-21T00:41:04.471997355Z                ^^^^^^^^^^^^^^^^
2026-09-21T00:41:04.471999399Z   File "/usr/local/lib/python3.13/site-packages/fastapi/routing.py", line 674, in app
2026-09-21T00:41:04.472001423Z     raw_response = await run_endpoint_function(
2026-09-21T00:41:04.472003407Z                    ^^^^^^^^^^^^^^^^^^^^^^^^^^^^
2026-09-21T00:41:04.472005641Z     ...<3 lines>...
2026-09-21T00:41:04.472007605Z     )
2026-09-21T00:41:04.472009559Z     ^
2026-09-21T00:41:04.472011493Z   File "/usr/local/lib/python3.13/site-packages/fastapi/routing.py", line 330, in run_endpoint_function
2026-09-21T00:41:04.472013467Z     return await run_in_threadpool(dependant.call, **values)
2026-09-21T00:41:04.472015411Z            ^^^^^^^^^^^^^^^^^^^^^^^^^^^^^^^^^^^^^^^^^^^^^^^^^
2026-09-21T00:41:04.472048215Z   File "/usr/local/lib/python3.13/site-packages/starlette/concurrency.py", line 32, in run_in_threadpool
2026-09-21T00:41:04.472052955Z     return await anyio.to_thread.run_sync(func)
2026-09-21T00:41:04.472054949Z            ^^^^^^^^^^^^^^^^^^^^^^^^^^^^^^^^^^^^
2026-09-21T00:41:04.472056873Z   File "/usr/local/lib/python3.13/site-packages/anyio/to_thread.py", line 63, in run_sync
2026-09-21T00:41:04.472058786Z     return await get_async_backend().run_sync_in_worker_thread(
2026-09-21T00:41:04.472060690Z            ^^^^^^^^^^^^^^^^^^^^^^^^^^^^^^^^^^^^^^^^^^^^^^^^^^^^
2026-09-21T00:41:04.472062674Z         func, args, abandon_on_cancel=abandon_on_cancel, limiter=limiter
2026-09-21T00:41:04.472064598Z         ^^^^^^^^^^^^^^^^^^^^^^^^^^^^^^^^^^^^^^^^^^^^^^^^^^^^^^^^^^^^^^^^
2026-09-21T00:41:04.472066522Z     )
2026-09-21T00:41:04.472068445Z     ^
2026-09-21T00:41:04.472070379Z   File "/usr/local/lib/python3.13/site-packages/anyio/_backends/_asyncio.py", line 2518, in run_sync_in_worker_thread
2026-09-21T00:41:04.472072283Z     return await future
2026-09-21T00:41:04.472074177Z            ^^^^^^^^^^^^
2026-09-21T00:41:04.472076070Z   File "/usr/local/lib/python3.13/site-packages/anyio/_backends/_asyncio.py", line 1002, in run
2026-09-21T00:41:04.472078074Z     result = context.run(func, *args)
2026-09-21T00:41:04.472080179Z   File "/app/app/routers/orders.py", line 36, in checkout
2026-09-21T00:41:04.472082213Z     return create_order(
2026-09-21T00:41:04.472092333Z         db=db,
2026-09-21T00:41:04.472094367Z     ...<2 lines>...
2026-09-21T00:41:04.472096501Z         correlation_id=correlation_id,
2026-09-21T00:41:04.472098415Z     )
2026-09-21T00:41:04.472100358Z   File "/app/app/services/order_service.py", line 42, in create_order
2026-09-21T00:41:04.472102392Z     result = db.execute(
2026-09-21T00:41:04.472104316Z         select(ProductModel).where(ProductModel.id == product_id)
2026-09-21T00:41:04.472106220Z     )
2026-09-21T00:41:04.472108174Z   File "/usr/local/lib/python3.13/site-packages/sqlalchemy/orm/session.py", line 2372, in execute
2026-09-21T00:41:04.472110138Z     return self._execute_internal(
2026-09-21T00:41:04.472112051Z            ~~~~~~~~~~~~~~~~~~~~~~^
2026-09-21T00:41:04.472113975Z         statement,
2026-09-21T00:41:04.472115899Z         ^^^^^^^^^^
2026-09-21T00:41:04.472117833Z     ...<4 lines>...
2026-09-21T00:41:04.472119737Z         _add_event=_add_event,
2026-09-21T00:41:04.472121620Z         ^^^^^^^^^^^^^^^^^^^^^^
2026-09-21T00:41:04.472123524Z     )
2026-09-21T00:41:04.472125418Z     ^
2026-09-21T00:41:04.472127322Z   File "/usr/local/lib/python3.13/site-packages/sqlalchemy/orm/session.py", line 2260, in _execute_internal
2026-09-21T00:41:04.472129225Z     conn = self._connection_for_bind(bind)
2026-09-21T00:41:04.472131139Z   File "/usr/local/lib/python3.13/site-packages/sqlalchemy/orm/session.py", line 2112, in _connection_for_bind
2026-09-21T00:41:04.472133073Z     return trans._connection_for_bind(engine, execution_options)
2026-09-21T00:41:04.472134977Z            ~~~~~~~~~~~~~~~~~~~~~~~~~~^^^^^^^^^^^^^^^^^^^^^^^^^^^
2026-09-21T00:41:04.472136870Z   File "<string>", line 2, in _connection_for_bind
2026-09-21T00:41:04.472138784Z   File "/usr/local/lib/python3.13/site-packages/sqlalchemy/orm/state_changes.py", line 137, in _go
2026-09-21T00:41:04.472140688Z     ret_value = fn(self, *arg, **kw)
2026-09-21T00:41:04.472142592Z   File "/usr/local/lib/python3.13/site-packages/sqlalchemy/orm/session.py", line 1191, in _connection_for_bind
2026-09-21T00:41:04.472144496Z     conn = bind.connect()
2026-09-21T00:41:04.472146790Z   File "/usr/local/lib/python3.13/site-packages/opentelemetry/instrumentation/sqlalchemy/engine.py", line 200, in _wrap_connect_internal
2026-09-21T00:41:04.472148714Z     return func(*args, **kwargs)
2026-09-21T00:41:04.472150638Z   File "/usr/local/lib/python3.13/site-packages/sqlalchemy/engine/base.py", line 3295, in connect
2026-09-21T00:41:04.472152551Z     return self._connection_cls(self)
2026-09-21T00:41:04.472154475Z            ~~~~~~~~~~~~~~~~~~~~^^^^^^
2026-09-21T00:41:04.472156389Z   File "/usr/local/lib/python3.13/site-packages/sqlalchemy/engine/base.py", line 144, in __init__
2026-09-21T00:41:04.472158313Z     self._dbapi_connection = engine.raw_connection()
2026-09-21T00:41:04.472160217Z                              ~~~~~~~~~~~~~~~~~~~~~^^
2026-09-21T00:41:04.472162130Z   File "/usr/local/lib/python3.13/site-packages/sqlalchemy/engine/base.py", line 3319, in raw_connection
2026-09-21T00:41:04.472164074Z     return self.pool.connect()
2026-09-21T00:41:04.472165988Z            ~~~~~~~~~~~~~~~~~^^
2026-09-21T00:41:04.472167912Z   File "/usr/local/lib/python3.13/site-packages/sqlalchemy/pool/base.py", line 448, in connect
2026-09-21T00:41:04.472169815Z     return _ConnectionFairy._checkout(self)
2026-09-21T00:41:04.472171709Z            ~~~~~~~~~~~~~~~~~~~~~~~~~~^^^^^^
2026-09-21T00:41:04.472173613Z   File "/usr/local/lib/python3.13/site-packages/sqlalchemy/pool/base.py", line 1272, in _checkout
2026-09-21T00:41:04.472175527Z     fairy = _ConnectionRecord.checkout(pool)
2026-09-21T00:41:04.472182941Z   File "/usr/local/lib/python3.13/site-packages/sqlalchemy/pool/base.py", line 712, in checkout
2026-09-21T00:41:04.472185005Z     rec = pool._do_get()
2026-09-21T00:41:04.472186909Z   File "/usr/local/lib/python3.13/site-packages/sqlalchemy/pool/impl.py", line 167, in _do_get
2026-09-21T00:41:04.472188803Z     raise exc.TimeoutError(
2026-09-21T00:41:04.472190687Z     ...<4 lines>...
2026-09-21T00:41:04.472192610Z     )
2026-09-21T00:41:04.472194995Z sqlalchemy.exc.TimeoutError: QueuePool limit of size 5 overflow 10 reached, connection timed out, timeout 30.00 (Background on this error at: https://sqlalche.me/e/20/3o7r)
2026-09-21T00:41:04.530171777Z ERROR:    Exception in ASGI application
2026-09-21T00:41:04.530213800Z Traceback (most recent call last):
2026-09-21T00:41:04.530219040Z   File "/usr/local/lib/python3.13/site-packages/uvicorn/protocols/http/httptools_impl.py", line 421, in run_asgi
2026-09-21T00:41:04.530223789Z     result = await app(  # type: ignore[func-returns-value]
2026-09-21T00:41:04.530227757Z              ^^^^^^^^^^^^^^^^^^^^^^^^^^^^^^^^^^^^^^^^^^^^^^
2026-09-21T00:41:04.530231685Z         self.scope, self.receive, self.send
2026-09-21T00:41:04.530235813Z         ^^^^^^^^^^^^^^^^^^^^^^^^^^^^^^^^^^^
2026-09-21T00:41:04.530271093Z     )
2026-09-21T00:41:04.530276573Z     ^
2026-09-21T00:41:04.530280922Z   File "/usr/local/lib/python3.13/site-packages/uvicorn/middleware/proxy_headers.py", line 63, in __call__
2026-09-21T00:41:04.530284890Z     return await self.app(scope, receive, send)
2026-09-21T00:41:04.530288828Z            ^^^^^^^^^^^^^^^^^^^^^^^^^^^^^^^^^^^^
2026-09-21T00:41:04.530293316Z   File "/usr/local/lib/python3.13/site-packages/fastapi/applications.py", line 1159, in __call__
2026-09-21T00:41:04.530297214Z     await super().__call__(scope, receive, send)
2026-09-21T00:41:04.530301132Z   File "/usr/local/lib/python3.13/site-packages/starlette/applications.py", line 107, in __call__
2026-09-21T00:41:04.530305030Z     await self.middleware_stack(scope, receive, send)
2026-09-21T00:41:04.530308957Z   File "/usr/local/lib/python3.13/site-packages/starlette/middleware/errors.py", line 186, in __call__
2026-09-21T00:41:04.530313506Z     raise exc
2026-09-21T00:41:04.530317524Z   File "/usr/local/lib/python3.13/site-packages/starlette/middleware/errors.py", line 164, in __call__
2026-09-21T00:41:04.530321512Z     await self.app(scope, receive, _send)
2026-09-21T00:41:04.530326051Z   File "/usr/local/lib/python3.13/site-packages/opentelemetry/instrumentation/asgi/__init__.py", line 806, in __call__
2026-09-21T00:41:04.530329989Z     await self.app(scope, otel_receive, otel_send)
2026-09-21T00:41:04.530333917Z   File "/usr/local/lib/python3.13/site-packages/starlette/middleware/errors.py", line 186, in __call__
2026-09-21T00:41:04.530337854Z     raise exc
2026-09-21T00:41:04.530341772Z   File "/usr/local/lib/python3.13/site-packages/starlette/middleware/errors.py", line 164, in __call__
2026-09-21T00:41:04.530345760Z     await self.app(scope, receive, _send)
2026-09-21T00:41:04.530349688Z   File "/usr/local/lib/python3.13/site-packages/opentelemetry/instrumentation/fastapi/__init__.py", line 305, in __call__
2026-09-21T00:41:04.530353565Z     await self.app(scope, receive, send)
2026-09-21T00:41:04.530357453Z   File "/usr/local/lib/python3.13/site-packages/prometheus_fastapi_instrumentator/middleware.py", line 177, in __call__
2026-09-21T00:41:04.530361681Z     raise exc
2026-09-21T00:41:04.530365599Z   File "/usr/local/lib/python3.13/site-packages/prometheus_fastapi_instrumentator/middleware.py", line 175, in __call__
2026-09-21T00:41:04.530369477Z     await self.app(scope, receive, send_wrapper)
2026-09-21T00:41:04.530373445Z   File "/usr/local/lib/python3.13/site-packages/starlette/middleware/exceptions.py", line 63, in __call__
2026-09-21T00:41:04.530408995Z     await wrap_app_handling_exceptions(self.app, conn)(scope, receive, send)
2026-09-21T00:41:04.530413414Z   File "/usr/local/lib/python3.13/site-packages/starlette/_exception_handler.py", line 53, in wrapped_app
2026-09-21T00:41:04.530417331Z     raise exc
2026-09-21T00:41:04.530421239Z   File "/usr/local/lib/python3.13/site-packages/starlette/_exception_handler.py", line 42, in wrapped_app
2026-09-21T00:41:04.530425137Z     await app(scope, receive, sender)
2026-09-21T00:41:04.530429034Z   File "/usr/local/lib/python3.13/site-packages/fastapi/middleware/asyncexitstack.py", line 18, in __call__
2026-09-21T00:41:04.530432962Z     await self.app(scope, receive, send)
2026-09-21T00:41:04.530436910Z   File "/usr/local/lib/python3.13/site-packages/starlette/routing.py", line 716, in __call__
2026-09-21T00:41:04.530440898Z     await self.middleware_stack(scope, receive, send)
2026-09-21T00:41:04.530444836Z   File "/usr/local/lib/python3.13/site-packages/starlette/routing.py", line 736, in app
2026-09-21T00:41:04.530448753Z     await route.handle(scope, receive, send)
2026-09-21T00:41:04.530452681Z   File "/usr/local/lib/python3.13/site-packages/starlette/routing.py", line 290, in handle
2026-09-21T00:41:04.530456569Z     await self.app(scope, receive, send)
2026-09-21T00:41:04.530460456Z   File "/usr/local/lib/python3.13/site-packages/fastapi/routing.py", line 134, in app
2026-09-21T00:41:04.530464324Z     await wrap_app_handling_exceptions(app, request)(scope, receive, send)
2026-09-21T00:41:04.530468212Z   File "/usr/local/lib/python3.13/site-packages/starlette/_exception_handler.py", line 53, in wrapped_app
2026-09-21T00:41:04.530472129Z     raise exc
2026-09-21T00:41:04.530476027Z   File "/usr/local/lib/python3.13/site-packages/starlette/_exception_handler.py", line 42, in wrapped_app
2026-09-21T00:41:04.530479915Z     await app(scope, receive, sender)
2026-09-21T00:41:04.530483812Z   File "/usr/local/lib/python3.13/site-packages/fastapi/routing.py", line 120, in app
2026-09-21T00:41:04.530488512Z     response = await f(request)
2026-09-21T00:41:04.530492429Z                ^^^^^^^^^^^^^^^^
2026-09-21T00:41:04.530496307Z   File "/usr/local/lib/python3.13/site-packages/fastapi/routing.py", line 674, in app
2026-09-21T00:41:04.530500245Z     raw_response = await run_endpoint_function(
2026-09-21T00:41:04.530504213Z                    ^^^^^^^^^^^^^^^^^^^^^^^^^^^^
2026-09-21T00:41:04.530508792Z     ...<3 lines>...
2026-09-21T00:41:04.530512720Z     )
2026-09-21T00:41:04.530516667Z     ^
2026-09-21T00:41:04.530520605Z   File "/usr/local/lib/python3.13/site-packages/fastapi/routing.py", line 330, in run_endpoint_function
2026-09-21T00:41:04.530524513Z     return await run_in_threadpool(dependant.call, **values)
2026-09-21T00:41:04.530528531Z            ^^^^^^^^^^^^^^^^^^^^^^^^^^^^^^^^^^^^^^^^^^^^^^^^^
2026-09-21T00:41:04.530557428Z   File "/usr/local/lib/python3.13/site-packages/starlette/concurrency.py", line 32, in run_in_threadpool
2026-09-21T00:41:04.530561917Z     return await anyio.to_thread.run_sync(func)
2026-09-21T00:41:04.530565844Z            ^^^^^^^^^^^^^^^^^^^^^^^^^^^^^^^^^^^^
2026-09-21T00:41:04.530569762Z   File "/usr/local/lib/python3.13/site-packages/anyio/to_thread.py", line 63, in run_sync
2026-09-21T00:41:04.530573680Z     return await get_async_backend().run_sync_in_worker_thread(
2026-09-21T00:41:04.530577568Z            ^^^^^^^^^^^^^^^^^^^^^^^^^^^^^^^^^^^^^^^^^^^^^^^^^^^^
2026-09-21T00:41:04.530581475Z         func, args, abandon_on_cancel=abandon_on_cancel, limiter=limiter
2026-09-21T00:41:04.530585363Z         ^^^^^^^^^^^^^^^^^^^^^^^^^^^^^^^^^^^^^^^^^^^^^^^^^^^^^^^^^^^^^^^^
2026-09-21T00:41:04.530601344Z     )
2026-09-21T00:41:04.530605362Z     ^
2026-09-21T00:41:04.530609290Z   File "/usr/local/lib/python3.13/site-packages/anyio/_backends/_asyncio.py", line 2518, in run_sync_in_worker_thread
2026-09-21T00:41:04.530613328Z     return await future
2026-09-21T00:41:04.530617306Z            ^^^^^^^^^^^^
2026-09-21T00:41:04.530621244Z   File "/usr/local/lib/python3.13/site-packages/anyio/_backends/_asyncio.py", line 1002, in run
2026-09-21T00:41:04.530625161Z     result = context.run(func, *args)
2026-09-21T00:41:04.530629069Z   File "/app/app/routers/orders.py", line 36, in checkout
2026-09-21T00:41:04.530633047Z     return create_order(
2026-09-21T00:41:04.530637035Z         db=db,
2026-09-21T00:41:04.530641013Z     ...<2 lines>...
2026-09-21T00:41:04.530644951Z         correlation_id=correlation_id,
2026-09-21T00:41:04.530648848Z     )
2026-09-21T00:41:04.530652896Z   File "/app/app/services/order_service.py", line 42, in create_order
2026-09-21T00:41:04.530656844Z     result = db.execute(
2026-09-21T00:41:04.530660772Z         select(ProductModel).where(ProductModel.id == product_id)
2026-09-21T00:41:04.530664850Z     )
2026-09-21T00:41:04.530668798Z   File "/usr/local/lib/python3.13/site-packages/sqlalchemy/orm/session.py", line 2372, in execute
2026-09-21T00:41:04.530672705Z     return self._execute_internal(
2026-09-21T00:41:04.530676894Z            ~~~~~~~~~~~~~~~~~~~~~~^
2026-09-21T00:41:04.530680921Z         statement,
2026-09-21T00:41:04.530684899Z         ^^^^^^^^^^
2026-09-21T00:41:04.530689027Z     ...<4 lines>...
2026-09-21T00:41:04.530692955Z         _add_event=_add_event,
2026-09-21T00:41:04.530697063Z         ^^^^^^^^^^^^^^^^^^^^^^
2026-09-21T00:41:04.530700931Z     )
2026-09-21T00:41:04.530704829Z     ^
2026-09-21T00:41:04.530708766Z   File "/usr/local/lib/python3.13/site-packages/sqlalchemy/orm/session.py", line 2260, in _execute_internal
2026-09-21T00:41:04.530712694Z     conn = self._connection_for_bind(bind)
2026-09-21T00:41:04.530716622Z   File "/usr/local/lib/python3.13/site-packages/sqlalchemy/orm/session.py", line 2112, in _connection_for_bind
2026-09-21T00:41:04.530720580Z     return trans._connection_for_bind(engine, execution_options)
2026-09-21T00:41:04.530724487Z            ~~~~~~~~~~~~~~~~~~~~~~~~~~^^^^^^^^^^^^^^^^^^^^^^^^^^^
2026-09-21T00:41:04.530728566Z   File "<string>", line 2, in _connection_for_bind
2026-09-21T00:41:04.530732573Z   File "/usr/local/lib/python3.13/site-packages/sqlalchemy/orm/state_changes.py", line 137, in _go
2026-09-21T00:41:04.530736491Z     ret_value = fn(self, *arg, **kw)
2026-09-21T00:41:04.530740409Z   File "/usr/local/lib/python3.13/site-packages/sqlalchemy/orm/session.py", line 1191, in _connection_for_bind
2026-09-21T00:41:04.530744317Z     conn = bind.connect()
2026-09-21T00:41:04.530748735Z   File "/usr/local/lib/python3.13/site-packages/opentelemetry/instrumentation/sqlalchemy/engine.py", line 200, in _wrap_connect_internal
2026-09-21T00:41:04.530752683Z     return func(*args, **kwargs)
2026-09-21T00:41:04.530756591Z   File "/usr/local/lib/python3.13/site-packages/sqlalchemy/engine/base.py", line 3295, in connect
2026-09-21T00:41:04.530760849Z     return self._connection_cls(self)
2026-09-21T00:41:04.530764767Z            ~~~~~~~~~~~~~~~~~~~~^^^^^^
2026-09-21T00:41:04.530768935Z   File "/usr/local/lib/python3.13/site-packages/sqlalchemy/engine/base.py", line 144, in __init__
2026-09-21T00:41:04.530772382Z     self._dbapi_connection = engine.raw_connection()
2026-09-21T00:41:04.530775488Z                              ~~~~~~~~~~~~~~~~~~~~~^^
2026-09-21T00:41:04.530778634Z   File "/usr/local/lib/python3.13/site-packages/sqlalchemy/engine/base.py", line 3319, in raw_connection
2026-09-21T00:41:04.530791019Z     return self.pool.connect()
2026-09-21T00:41:04.530793023Z            ~~~~~~~~~~~~~~~~~^^
2026-09-21T00:41:04.530794987Z   File "/usr/local/lib/python3.13/site-packages/sqlalchemy/pool/base.py", line 448, in connect
2026-09-21T00:41:04.530796890Z     return _ConnectionFairy._checkout(self)
2026-09-21T00:41:04.530798794Z            ~~~~~~~~~~~~~~~~~~~~~~~~~~^^^^^^
2026-09-21T00:41:04.530800708Z   File "/usr/local/lib/python3.13/site-packages/sqlalchemy/pool/base.py", line 1272, in _checkout
2026-09-21T00:41:04.530802602Z     fairy = _ConnectionRecord.checkout(pool)
2026-09-21T00:41:04.530804485Z   File "/usr/local/lib/python3.13/site-packages/sqlalchemy/pool/base.py", line 712, in checkout
2026-09-21T00:41:04.530818273Z     rec = pool._do_get()
2026-09-21T00:41:04.530822842Z   File "/usr/local/lib/python3.13/site-packages/sqlalchemy/pool/impl.py", line 167, in _do_get
2026-09-21T00:41:04.530824856Z     raise exc.TimeoutError(
2026-09-21T00:41:04.530826749Z     ...<4 lines>...
2026-09-21T00:41:04.530828683Z     )
2026-09-21T00:41:04.530831128Z sqlalchemy.exc.TimeoutError: QueuePool limit of size 5 overflow 10 reached, connection timed out, timeout 30.00 (Background on this error at: https://sqlalche.me/e/20/3o7r)
2026-09-21T00:41:04.536457753Z ERROR:    Exception in ASGI application
2026-09-21T00:41:04.536499826Z Traceback (most recent call last):
2026-09-21T00:41:04.536508854Z   File "/usr/local/lib/python3.13/site-packages/uvicorn/protocols/http/httptools_impl.py", line 421, in run_asgi
2026-09-21T00:41:04.536514575Z     result = await app(  # type: ignore[func-returns-value]
2026-09-21T00:41:04.536518924Z              ^^^^^^^^^^^^^^^^^^^^^^^^^^^^^^^^^^^^^^^^^^^^^^
2026-09-21T00:41:04.536523172Z         self.scope, self.receive, self.send
2026-09-21T00:41:04.536527431Z         ^^^^^^^^^^^^^^^^^^^^^^^^^^^^^^^^^^^
2026-09-21T00:41:04.536531759Z     )
2026-09-21T00:41:04.536536118Z     ^
2026-09-21T00:41:04.536540406Z   File "/usr/local/lib/python3.13/site-packages/uvicorn/middleware/proxy_headers.py", line 63, in __call__
2026-09-21T00:41:04.536544715Z     return await self.app(scope, receive, send)
2026-09-21T00:41:04.536549023Z            ^^^^^^^^^^^^^^^^^^^^^^^^^^^^^^^^^^^^
2026-09-21T00:41:04.536553713Z   File "/usr/local/lib/python3.13/site-packages/fastapi/applications.py", line 1159, in __call__
2026-09-21T00:41:04.536557961Z     await super().__call__(scope, receive, send)
2026-09-21T00:41:04.536562199Z   File "/usr/local/lib/python3.13/site-packages/starlette/applications.py", line 107, in __call__
2026-09-21T00:41:04.536566508Z     await self.middleware_stack(scope, receive, send)
2026-09-21T00:41:04.536570746Z   File "/usr/local/lib/python3.13/site-packages/starlette/middleware/errors.py", line 186, in __call__
2026-09-21T00:41:04.536575015Z     raise exc
2026-09-21T00:41:04.536579293Z   File "/usr/local/lib/python3.13/site-packages/starlette/middleware/errors.py", line 164, in __call__
2026-09-21T00:41:04.536583622Z     await self.app(scope, receive, _send)
2026-09-21T00:41:04.536588591Z   File "/usr/local/lib/python3.13/site-packages/opentelemetry/instrumentation/asgi/__init__.py", line 806, in __call__
2026-09-21T00:41:04.536592970Z     await self.app(scope, otel_receive, otel_send)
2026-09-21T00:41:04.536597299Z   File "/usr/local/lib/python3.13/site-packages/starlette/middleware/errors.py", line 186, in __call__
2026-09-21T00:41:04.536601597Z     raise exc
2026-09-21T00:41:04.536605856Z   File "/usr/local/lib/python3.13/site-packages/starlette/middleware/errors.py", line 164, in __call__
2026-09-21T00:41:04.536610114Z     await self.app(scope, receive, _send)
2026-09-21T00:41:04.536639181Z   File "/usr/local/lib/python3.13/site-packages/opentelemetry/instrumentation/fastapi/__init__.py", line 305, in __call__
2026-09-21T00:41:04.536643690Z     await self.app(scope, receive, send)
2026-09-21T00:41:04.536647959Z   File "/usr/local/lib/python3.13/site-packages/prometheus_fastapi_instrumentator/middleware.py", line 177, in __call__
2026-09-21T00:41:04.536652237Z     raise exc
2026-09-21T00:41:04.536656546Z   File "/usr/local/lib/python3.13/site-packages/prometheus_fastapi_instrumentator/middleware.py", line 175, in __call__
2026-09-21T00:41:04.536660864Z     await self.app(scope, receive, send_wrapper)
2026-09-21T00:41:04.536665123Z   File "/usr/local/lib/python3.13/site-packages/starlette/middleware/exceptions.py", line 63, in __call__
2026-09-21T00:41:04.536670433Z     await wrap_app_handling_exceptions(self.app, conn)(scope, receive, send)
2026-09-21T00:41:04.536674671Z   File "/usr/local/lib/python3.13/site-packages/starlette/_exception_handler.py", line 53, in wrapped_app
2026-09-21T00:41:04.536679300Z     raise exc
2026-09-21T00:41:04.536683609Z   File "/usr/local/lib/python3.13/site-packages/starlette/_exception_handler.py", line 42, in wrapped_app
2026-09-21T00:41:04.536687867Z     await app(scope, receive, sender)
2026-09-21T00:41:04.536692126Z   File "/usr/local/lib/python3.13/site-packages/fastapi/middleware/asyncexitstack.py", line 18, in __call__
2026-09-21T00:41:04.536696374Z     await self.app(scope, receive, send)
2026-09-21T00:41:04.536700663Z   File "/usr/local/lib/python3.13/site-packages/starlette/routing.py", line 716, in __call__
2026-09-21T00:41:04.536704911Z     await self.middleware_stack(scope, receive, send)
2026-09-21T00:41:04.536709200Z   File "/usr/local/lib/python3.13/site-packages/starlette/routing.py", line 736, in app
2026-09-21T00:41:04.536713558Z     await route.handle(scope, receive, send)
2026-09-21T00:41:04.536717827Z   File "/usr/local/lib/python3.13/site-packages/starlette/routing.py", line 290, in handle
2026-09-21T00:41:04.536722075Z     await self.app(scope, receive, send)
2026-09-21T00:41:04.536726343Z   File "/usr/local/lib/python3.13/site-packages/fastapi/routing.py", line 134, in app
2026-09-21T00:41:04.536730852Z     await wrap_app_handling_exceptions(app, request)(scope, receive, send)
2026-09-21T00:41:04.536735181Z   File "/usr/local/lib/python3.13/site-packages/starlette/_exception_handler.py", line 53, in wrapped_app
2026-09-21T00:41:04.536739479Z     raise exc
2026-09-21T00:41:04.536743838Z   File "/usr/local/lib/python3.13/site-packages/starlette/_exception_handler.py", line 42, in wrapped_app
2026-09-21T00:41:04.536745962Z     await app(scope, receive, sender)
2026-09-21T00:41:04.536747866Z   File "/usr/local/lib/python3.13/site-packages/fastapi/routing.py", line 120, in app
2026-09-21T00:41:04.536750731Z     response = await f(request)
2026-09-21T00:41:04.536752635Z                ^^^^^^^^^^^^^^^^
2026-09-21T00:41:04.536754890Z   File "/usr/local/lib/python3.13/site-packages/fastapi/routing.py", line 674, in app
2026-09-21T00:41:04.536757294Z     raw_response = await run_endpoint_function(
2026-09-21T00:41:04.536759689Z                    ^^^^^^^^^^^^^^^^^^^^^^^^^^^^
2026-09-21T00:41:04.536762314Z     ...<3 lines>...
2026-09-21T00:41:04.536764288Z     )
2026-09-21T00:41:04.536766182Z     ^
2026-09-21T00:41:04.536768336Z   File "/usr/local/lib/python3.13/site-packages/fastapi/routing.py", line 330, in run_endpoint_function
2026-09-21T00:41:04.536770711Z     return await run_in_threadpool(dependant.call, **values)
2026-09-21T00:41:04.536773096Z            ^^^^^^^^^^^^^^^^^^^^^^^^^^^^^^^^^^^^^^^^^^^^^^^^^
2026-09-21T00:41:04.536810610Z   File "/usr/local/lib/python3.13/site-packages/starlette/concurrency.py", line 32, in run_in_threadpool
2026-09-21T00:41:04.536823886Z     return await anyio.to_thread.run_sync(func)
2026-09-21T00:41:04.536826000Z            ^^^^^^^^^^^^^^^^^^^^^^^^^^^^^^^^^^^^
2026-09-21T00:41:04.536828064Z   File "/usr/local/lib/python3.13/site-packages/anyio/to_thread.py", line 63, in run_sync
2026-09-21T00:41:04.536830148Z     return await get_async_backend().run_sync_in_worker_thread(
2026-09-21T00:41:04.536832282Z            ^^^^^^^^^^^^^^^^^^^^^^^^^^^^^^^^^^^^^^^^^^^^^^^^^^^^
2026-09-21T00:41:04.536834196Z         func, args, abandon_on_cancel=abandon_on_cancel, limiter=limiter
2026-09-21T00:41:04.536836090Z         ^^^^^^^^^^^^^^^^^^^^^^^^^^^^^^^^^^^^^^^^^^^^^^^^^^^^^^^^^^^^^^^^
2026-09-21T00:41:04.536838034Z     )
2026-09-21T00:41:04.536839998Z     ^
2026-09-21T00:41:04.536841952Z   File "/usr/local/lib/python3.13/site-packages/anyio/_backends/_asyncio.py", line 2518, in run_sync_in_worker_thread
2026-09-21T00:41:04.536843935Z     return await future
2026-09-21T00:41:04.536845879Z            ^^^^^^^^^^^^
2026-09-21T00:41:04.536847783Z   File "/usr/local/lib/python3.13/site-packages/anyio/_backends/_asyncio.py", line 1002, in run
2026-09-21T00:41:04.536849687Z     result = context.run(func, *args)
2026-09-21T00:41:04.536851581Z   File "/app/app/routers/orders.py", line 36, in checkout
2026-09-21T00:41:04.536853504Z     return create_order(
2026-09-21T00:41:04.536855438Z         db=db,
2026-09-21T00:41:04.536857382Z     ...<2 lines>...
2026-09-21T00:41:04.536859286Z         correlation_id=correlation_id,
2026-09-21T00:41:04.536861189Z     )
2026-09-21T00:41:04.536863133Z   File "/app/app/services/order_service.py", line 42, in create_order
2026-09-21T00:41:04.536865047Z     result = db.execute(
2026-09-21T00:41:04.536866951Z         select(ProductModel).where(ProductModel.id == product_id)
2026-09-21T00:41:04.536868875Z     )
2026-09-21T00:41:04.536870798Z   File "/usr/local/lib/python3.13/site-packages/sqlalchemy/orm/session.py", line 2372, in execute
2026-09-21T00:41:04.536872732Z     return self._execute_internal(
2026-09-21T00:41:04.536874696Z            ~~~~~~~~~~~~~~~~~~~~~~^
2026-09-21T00:41:04.536876610Z         statement,
2026-09-21T00:41:04.536878634Z         ^^^^^^^^^^
2026-09-21T00:41:04.536880558Z     ...<4 lines>...
2026-09-21T00:41:04.536882542Z         _add_event=_add_event,
2026-09-21T00:41:04.536884435Z         ^^^^^^^^^^^^^^^^^^^^^^
2026-09-21T00:41:04.536886339Z     )
2026-09-21T00:41:04.536888283Z     ^
2026-09-21T00:41:04.536890207Z   File "/usr/local/lib/python3.13/site-packages/sqlalchemy/orm/session.py", line 2260, in _execute_internal
2026-09-21T00:41:04.536892171Z     conn = self._connection_for_bind(bind)
2026-09-21T00:41:04.536894145Z   File "/usr/local/lib/python3.13/site-packages/sqlalchemy/orm/session.py", line 2112, in _connection_for_bind
2026-09-21T00:41:04.536896068Z     return trans._connection_for_bind(engine, execution_options)
2026-09-21T00:41:04.536899896Z            ~~~~~~~~~~~~~~~~~~~~~~~~~~^^^^^^^^^^^^^^^^^^^^^^^^^^^
2026-09-21T00:41:04.536901850Z   File "<string>", line 2, in _connection_for_bind
2026-09-21T00:41:04.536903774Z   File "/usr/local/lib/python3.13/site-packages/sqlalchemy/orm/state_changes.py", line 137, in _go
2026-09-21T00:41:04.536905727Z     ret_value = fn(self, *arg, **kw)
2026-09-21T00:41:04.536907641Z   File "/usr/local/lib/python3.13/site-packages/sqlalchemy/orm/session.py", line 1191, in _connection_for_bind
2026-09-21T00:41:04.536909545Z     conn = bind.connect()
2026-09-21T00:41:04.536911950Z   File "/usr/local/lib/python3.13/site-packages/opentelemetry/instrumentation/sqlalchemy/engine.py", line 200, in _wrap_connect_internal
2026-09-21T00:41:04.536918954Z     return func(*args, **kwargs)
2026-09-21T00:41:04.536920917Z   File "/usr/local/lib/python3.13/site-packages/sqlalchemy/engine/base.py", line 3295, in connect
2026-09-21T00:41:04.536922861Z     return self._connection_cls(self)
2026-09-21T00:41:04.536924775Z            ~~~~~~~~~~~~~~~~~~~~^^^^^^
2026-09-21T00:41:04.536926709Z   File "/usr/local/lib/python3.13/site-packages/sqlalchemy/engine/base.py", line 144, in __init__
2026-09-21T00:41:04.536928673Z     self._dbapi_connection = engine.raw_connection()
2026-09-21T00:41:04.536930607Z                              ~~~~~~~~~~~~~~~~~~~~~^^
2026-09-21T00:41:04.536932500Z   File "/usr/local/lib/python3.13/site-packages/sqlalchemy/engine/base.py", line 3319, in raw_connection
2026-09-21T00:41:04.536934434Z     return self.pool.connect()
2026-09-21T00:41:04.536936348Z            ~~~~~~~~~~~~~~~~~^^
2026-09-21T00:41:04.536938262Z   File "/usr/local/lib/python3.13/site-packages/sqlalchemy/pool/base.py", line 448, in connect
2026-09-21T00:41:04.536940266Z     return _ConnectionFairy._checkout(self)
2026-09-21T00:41:04.536942179Z            ~~~~~~~~~~~~~~~~~~~~~~~~~~^^^^^^
2026-09-21T00:41:04.536944073Z   File "/usr/local/lib/python3.13/site-packages/sqlalchemy/pool/base.py", line 1272, in _checkout
2026-09-21T00:41:04.536945967Z     fairy = _ConnectionRecord.checkout(pool)
2026-09-21T00:41:04.536947871Z   File "/usr/local/lib/python3.13/site-packages/sqlalchemy/pool/base.py", line 712, in checkout
2026-09-21T00:41:04.536949774Z     rec = pool._do_get()
2026-09-21T00:41:04.536951678Z   File "/usr/local/lib/python3.13/site-packages/sqlalchemy/pool/impl.py", line 167, in _do_get
2026-09-21T00:41:04.536953582Z     raise exc.TimeoutError(
2026-09-21T00:41:04.536955486Z     ...<4 lines>...
2026-09-21T00:41:04.536957439Z     )
2026-09-21T00:41:04.536960245Z sqlalchemy.exc.TimeoutError: QueuePool limit of size 5 overflow 10 reached, connection timed out, timeout 30.00 (Background on this error at: https://sqlalche.me/e/20/3o7r)
2026-09-21T00:41:04.547320388Z ERROR:    Exception in ASGI application
2026-09-21T00:41:04.547362631Z Traceback (most recent call last):
2026-09-21T00:41:04.547368352Z   File "/usr/local/lib/python3.13/site-packages/uvicorn/protocols/http/httptools_impl.py", line 421, in run_asgi
2026-09-21T00:41:04.547373302Z     result = await app(  # type: ignore[func-returns-value]
2026-09-21T00:41:04.547377651Z              ^^^^^^^^^^^^^^^^^^^^^^^^^^^^^^^^^^^^^^^^^^^^^^
2026-09-21T00:41:04.547386388Z         self.scope, self.receive, self.send
2026-09-21T00:41:04.547390907Z         ^^^^^^^^^^^^^^^^^^^^^^^^^^^^^^^^^^^
2026-09-21T00:41:04.547395296Z     )
2026-09-21T00:41:04.547399835Z     ^
2026-09-21T00:41:04.547404213Z   File "/usr/local/lib/python3.13/site-packages/uvicorn/middleware/proxy_headers.py", line 63, in __call__
2026-09-21T00:41:04.547408622Z     return await self.app(scope, receive, send)
2026-09-21T00:41:04.547412920Z            ^^^^^^^^^^^^^^^^^^^^^^^^^^^^^^^^^^^^
2026-09-21T00:41:04.547440485Z   File "/usr/local/lib/python3.13/site-packages/fastapi/applications.py", line 1159, in __call__
2026-09-21T00:41:04.547445034Z     await super().__call__(scope, receive, send)
2026-09-21T00:41:04.547449753Z   File "/usr/local/lib/python3.13/site-packages/starlette/applications.py", line 107, in __call__
2026-09-21T00:41:04.547454122Z     await self.middleware_stack(scope, receive, send)
2026-09-21T00:41:04.547458460Z   File "/usr/local/lib/python3.13/site-packages/starlette/middleware/errors.py", line 186, in __call__
2026-09-21T00:41:04.547462899Z     raise exc
2026-09-21T00:41:04.547470214Z   File "/usr/local/lib/python3.13/site-packages/starlette/middleware/errors.py", line 164, in __call__
2026-09-21T00:41:04.547504481Z     await self.app(scope, receive, _send)
2026-09-21T00:41:04.547509992Z   File "/usr/local/lib/python3.13/site-packages/opentelemetry/instrumentation/asgi/__init__.py", line 806, in __call__
2026-09-21T00:41:04.547514441Z     await self.app(scope, otel_receive, otel_send)
2026-09-21T00:41:04.547518809Z   File "/usr/local/lib/python3.13/site-packages/starlette/middleware/errors.py", line 186, in __call__
2026-09-21T00:41:04.547523268Z     raise exc
2026-09-21T00:41:04.547527637Z   File "/usr/local/lib/python3.13/site-packages/starlette/middleware/errors.py", line 164, in __call__
2026-09-21T00:41:04.547531975Z     await self.app(scope, receive, _send)
2026-09-21T00:41:04.547539150Z   File "/usr/local/lib/python3.13/site-packages/opentelemetry/instrumentation/fastapi/__init__.py", line 305, in __call__
2026-09-21T00:41:04.547543689Z     await self.app(scope, receive, send)
2026-09-21T00:41:04.547548097Z   File "/usr/local/lib/python3.13/site-packages/prometheus_fastapi_instrumentator/middleware.py", line 177, in __call__
2026-09-21T00:41:04.547552476Z     raise exc
2026-09-21T00:41:04.547556804Z   File "/usr/local/lib/python3.13/site-packages/prometheus_fastapi_instrumentator/middleware.py", line 175, in __call__
2026-09-21T00:41:04.547561143Z     await self.app(scope, receive, send_wrapper)
2026-09-21T00:41:04.547565482Z   File "/usr/local/lib/python3.13/site-packages/starlette/middleware/exceptions.py", line 63, in __call__
2026-09-21T00:41:04.547570251Z     await wrap_app_handling_exceptions(self.app, conn)(scope, receive, send)
2026-09-21T00:41:04.547574580Z   File "/usr/local/lib/python3.13/site-packages/starlette/_exception_handler.py", line 53, in wrapped_app
2026-09-21T00:41:04.547578908Z     raise exc
2026-09-21T00:41:04.547583227Z   File "/usr/local/lib/python3.13/site-packages/starlette/_exception_handler.py", line 42, in wrapped_app
2026-09-21T00:41:04.547587585Z     await app(scope, receive, sender)
2026-09-21T00:41:04.547591984Z   File "/usr/local/lib/python3.13/site-packages/fastapi/middleware/asyncexitstack.py", line 18, in __call__
2026-09-21T00:41:04.547596312Z     await self.app(scope, receive, send)
2026-09-21T00:41:04.547600621Z   File "/usr/local/lib/python3.13/site-packages/starlette/routing.py", line 716, in __call__
2026-09-21T00:41:04.547604919Z     await self.middleware_stack(scope, receive, send)
2026-09-21T00:41:04.547609248Z   File "/usr/local/lib/python3.13/site-packages/starlette/routing.py", line 736, in app
2026-09-21T00:41:04.547613867Z     await route.handle(scope, receive, send)
2026-09-21T00:41:04.547618246Z   File "/usr/local/lib/python3.13/site-packages/starlette/routing.py", line 290, in handle
2026-09-21T00:41:04.547622604Z     await self.app(scope, receive, send)
2026-09-21T00:41:04.547626933Z   File "/usr/local/lib/python3.13/site-packages/fastapi/routing.py", line 134, in app
2026-09-21T00:41:04.547631221Z     await wrap_app_handling_exceptions(app, request)(scope, receive, send)
2026-09-21T00:41:04.547635550Z   File "/usr/local/lib/python3.13/site-packages/starlette/_exception_handler.py", line 53, in wrapped_app
2026-09-21T00:41:04.547639868Z     raise exc
2026-09-21T00:41:04.547644197Z   File "/usr/local/lib/python3.13/site-packages/starlette/_exception_handler.py", line 42, in wrapped_app
2026-09-21T00:41:04.547648525Z     await app(scope, receive, sender)
2026-09-21T00:41:04.547652864Z   File "/usr/local/lib/python3.13/site-packages/fastapi/routing.py", line 120, in app
2026-09-21T00:41:04.547657764Z     response = await f(request)
2026-09-21T00:41:04.547662092Z                ^^^^^^^^^^^^^^^^
2026-09-21T00:41:04.547666401Z   File "/usr/local/lib/python3.13/site-packages/fastapi/routing.py", line 674, in app
2026-09-21T00:41:04.547682422Z     raw_response = await run_endpoint_function(
2026-09-21T00:41:04.547686881Z                    ^^^^^^^^^^^^^^^^^^^^^^^^^^^^
2026-09-21T00:41:04.547691631Z     ...<3 lines>...
2026-09-21T00:41:04.547696009Z     )
2026-09-21T00:41:04.547700418Z     ^
2026-09-21T00:41:04.547704897Z   File "/usr/local/lib/python3.13/site-packages/fastapi/routing.py", line 330, in run_endpoint_function
2026-09-21T00:41:04.547709245Z     return await run_in_threadpool(dependant.call, **values)
2026-09-21T00:41:04.547713584Z            ^^^^^^^^^^^^^^^^^^^^^^^^^^^^^^^^^^^^^^^^^^^^^^^^^
2026-09-21T00:41:04.547799443Z   File "/usr/local/lib/python3.13/site-packages/starlette/concurrency.py", line 32, in run_in_threadpool
2026-09-21T00:41:04.547804583Z     return await anyio.to_thread.run_sync(func)
2026-09-21T00:41:04.547806577Z            ^^^^^^^^^^^^^^^^^^^^^^^^^^^^^^^^^^^^
2026-09-21T00:41:04.547808762Z   File "/usr/local/lib/python3.13/site-packages/anyio/to_thread.py", line 63, in run_sync
2026-09-21T00:41:04.547811227Z     return await get_async_backend().run_sync_in_worker_thread(
2026-09-21T00:41:04.547813621Z            ^^^^^^^^^^^^^^^^^^^^^^^^^^^^^^^^^^^^^^^^^^^^^^^^^^^^
2026-09-21T00:41:04.547816988Z         func, args, abandon_on_cancel=abandon_on_cancel, limiter=limiter
2026-09-21T00:41:04.547818932Z         ^^^^^^^^^^^^^^^^^^^^^^^^^^^^^^^^^^^^^^^^^^^^^^^^^^^^^^^^^^^^^^^^
2026-09-21T00:41:04.547820846Z     )
2026-09-21T00:41:04.547822769Z     ^
2026-09-21T00:41:04.547824683Z   File "/usr/local/lib/python3.13/site-packages/anyio/_backends/_asyncio.py", line 2518, in run_sync_in_worker_thread
2026-09-21T00:41:04.547826617Z     return await future
2026-09-21T00:41:04.547828551Z            ^^^^^^^^^^^^
2026-09-21T00:41:04.547830475Z   File "/usr/local/lib/python3.13/site-packages/anyio/_backends/_asyncio.py", line 1002, in run
2026-09-21T00:41:04.547832388Z     result = context.run(func, *args)
2026-09-21T00:41:04.547834332Z   File "/app/app/routers/orders.py", line 36, in checkout
2026-09-21T00:41:04.547836236Z     return create_order(
2026-09-21T00:41:04.547838170Z         db=db,
2026-09-21T00:41:04.547840124Z     ...<2 lines>...
2026-09-21T00:41:04.547842047Z         correlation_id=correlation_id,
2026-09-21T00:41:04.547843981Z     )
2026-09-21T00:41:04.547845915Z   File "/app/app/services/order_service.py", line 42, in create_order
2026-09-21T00:41:04.547847839Z     result = db.execute(
2026-09-21T00:41:04.547849743Z         select(ProductModel).where(ProductModel.id == product_id)
2026-09-21T00:41:04.547851656Z     )
2026-09-21T00:41:04.547867397Z   File "/usr/local/lib/python3.13/site-packages/sqlalchemy/orm/session.py", line 2372, in execute
2026-09-21T00:41:04.547869502Z     return self._execute_internal(
2026-09-21T00:41:04.547871405Z            ~~~~~~~~~~~~~~~~~~~~~~^
2026-09-21T00:41:04.547873339Z         statement,
2026-09-21T00:41:04.547875243Z         ^^^^^^^^^^
2026-09-21T00:41:04.547877117Z     ...<4 lines>...
2026-09-21T00:41:04.547879101Z         _add_event=_add_event,
2026-09-21T00:41:04.547880984Z         ^^^^^^^^^^^^^^^^^^^^^^
2026-09-21T00:41:04.547882858Z     )
2026-09-21T00:41:04.547884742Z     ^
2026-09-21T00:41:04.547886706Z   File "/usr/local/lib/python3.13/site-packages/sqlalchemy/orm/session.py", line 2260, in _execute_internal
2026-09-21T00:41:04.547888619Z     conn = self._connection_for_bind(bind)
2026-09-21T00:41:04.547890523Z   File "/usr/local/lib/python3.13/site-packages/sqlalchemy/orm/session.py", line 2112, in _connection_for_bind
2026-09-21T00:41:04.547892407Z     return trans._connection_for_bind(engine, execution_options)
2026-09-21T00:41:04.547903839Z            ~~~~~~~~~~~~~~~~~~~~~~~~~~^^^^^^^^^^^^^^^^^^^^^^^^^^^
2026-09-21T00:41:04.547905843Z   File "<string>", line 2, in _connection_for_bind
2026-09-21T00:41:04.547907747Z   File "/usr/local/lib/python3.13/site-packages/sqlalchemy/orm/state_changes.py", line 137, in _go
2026-09-21T00:41:04.547909661Z     ret_value = fn(self, *arg, **kw)
2026-09-21T00:41:04.547911615Z   File "/usr/local/lib/python3.13/site-packages/sqlalchemy/orm/session.py", line 1191, in _connection_for_bind
2026-09-21T00:41:04.547913549Z     conn = bind.connect()
2026-09-21T00:41:04.547915913Z   File "/usr/local/lib/python3.13/site-packages/opentelemetry/instrumentation/sqlalchemy/engine.py", line 200, in _wrap_connect_internal
2026-09-21T00:41:04.547920011Z     return func(*args, **kwargs)
2026-09-21T00:41:04.547929079Z   File "/usr/local/lib/python3.13/site-packages/sqlalchemy/engine/base.py", line 3295, in connect
2026-09-21T00:41:04.547931023Z     return self._connection_cls(self)
2026-09-21T00:41:04.547932917Z            ~~~~~~~~~~~~~~~~~~~~^^^^^^
2026-09-21T00:41:04.547934981Z   File "/usr/local/lib/python3.13/site-packages/sqlalchemy/engine/base.py", line 144, in __init__
2026-09-21T00:41:04.547936865Z     self._dbapi_connection = engine.raw_connection()
2026-09-21T00:41:04.547938788Z                              ~~~~~~~~~~~~~~~~~~~~~^^
2026-09-21T00:41:04.547940692Z   File "/usr/local/lib/python3.13/site-packages/sqlalchemy/engine/base.py", line 3319, in raw_connection
2026-09-21T00:41:04.547942596Z     return self.pool.connect()
2026-09-21T00:41:04.547944500Z            ~~~~~~~~~~~~~~~~~^^
2026-09-21T00:41:04.547946423Z   File "/usr/local/lib/python3.13/site-packages/sqlalchemy/pool/base.py", line 448, in connect
2026-09-21T00:41:04.547948317Z     return _ConnectionFairy._checkout(self)
2026-09-21T00:41:04.547950221Z            ~~~~~~~~~~~~~~~~~~~~~~~~~~^^^^^^
2026-09-21T00:41:04.547952125Z   File "/usr/local/lib/python3.13/site-packages/sqlalchemy/pool/base.py", line 1272, in _checkout
2026-09-21T00:41:04.547954038Z     fairy = _ConnectionRecord.checkout(pool)
2026-09-21T00:41:04.547955932Z   File "/usr/local/lib/python3.13/site-packages/sqlalchemy/pool/base.py", line 712, in checkout
2026-09-21T00:41:04.547957846Z     rec = pool._do_get()
2026-09-21T00:41:04.547959890Z   File "/usr/local/lib/python3.13/site-packages/sqlalchemy/pool/impl.py", line 167, in _do_get
2026-09-21T00:41:04.547961794Z     raise exc.TimeoutError(
2026-09-21T00:41:04.547963728Z     ...<4 lines>...
2026-09-21T00:41:04.547965641Z     )
2026-09-21T00:41:04.547968096Z sqlalchemy.exc.TimeoutError: QueuePool limit of size 5 overflow 10 reached, connection timed out, timeout 30.00 (Background on this error at: https://sqlalche.me/e/20/3o7r)
2026-09-21T00:41:04.554300300Z ERROR:    Exception in ASGI application
2026-09-21T00:41:04.554330128Z Traceback (most recent call last):
2026-09-21T00:41:04.554332854Z   File "/usr/local/lib/python3.13/site-packages/uvicorn/protocols/http/httptools_impl.py", line 421, in run_asgi
2026-09-21T00:41:04.554335930Z     result = await app(  # type: ignore[func-returns-value]
2026-09-21T00:41:04.554337884Z              ^^^^^^^^^^^^^^^^^^^^^^^^^^^^^^^^^^^^^^^^^^^^^^
2026-09-21T00:41:04.554339787Z         self.scope, self.receive, self.send
2026-09-21T00:41:04.554341801Z         ^^^^^^^^^^^^^^^^^^^^^^^^^^^^^^^^^^^
2026-09-21T00:41:04.554344106Z     )
2026-09-21T00:41:04.554346050Z     ^
2026-09-21T00:41:04.554347994Z   File "/usr/local/lib/python3.13/site-packages/uvicorn/middleware/proxy_headers.py", line 63, in __call__
2026-09-21T00:41:04.554350008Z     return await self.app(scope, receive, send)
2026-09-21T00:41:04.554352332Z            ^^^^^^^^^^^^^^^^^^^^^^^^^^^^^^^^^^^^
2026-09-21T00:41:04.554375428Z   File "/usr/local/lib/python3.13/site-packages/fastapi/applications.py", line 1159, in __call__
2026-09-21T00:41:04.554377482Z     await super().__call__(scope, receive, send)
2026-09-21T00:41:04.554379386Z   File "/usr/local/lib/python3.13/site-packages/starlette/applications.py", line 107, in __call__
2026-09-21T00:41:04.554381470Z     await self.middleware_stack(scope, receive, send)
2026-09-21T00:41:04.554383384Z   File "/usr/local/lib/python3.13/site-packages/starlette/middleware/errors.py", line 186, in __call__
2026-09-21T00:41:04.554385468Z     raise exc
2026-09-21T00:41:04.554387411Z   File "/usr/local/lib/python3.13/site-packages/starlette/middleware/errors.py", line 164, in __call__
2026-09-21T00:41:04.554389325Z     await self.app(scope, receive, _send)
2026-09-21T00:41:04.554391890Z   File "/usr/local/lib/python3.13/site-packages/opentelemetry/instrumentation/asgi/__init__.py", line 806, in __call__
2026-09-21T00:41:04.554393804Z     await self.app(scope, otel_receive, otel_send)
2026-09-21T00:41:04.554395698Z   File "/usr/local/lib/python3.13/site-packages/starlette/middleware/errors.py", line 186, in __call__
2026-09-21T00:41:04.554397712Z     raise exc
2026-09-21T00:41:04.554399656Z   File "/usr/local/lib/python3.13/site-packages/starlette/middleware/errors.py", line 164, in __call__
2026-09-21T00:41:04.554401559Z     await self.app(scope, receive, _send)
2026-09-21T00:41:04.554403473Z   File "/usr/local/lib/python3.13/site-packages/opentelemetry/instrumentation/fastapi/__init__.py", line 305, in __call__
2026-09-21T00:41:04.554405367Z     await self.app(scope, receive, send)
2026-09-21T00:41:04.554407271Z   File "/usr/local/lib/python3.13/site-packages/prometheus_fastapi_instrumentator/middleware.py", line 177, in __call__
2026-09-21T00:41:04.554409164Z     raise exc
2026-09-21T00:41:04.554411058Z   File "/usr/local/lib/python3.13/site-packages/prometheus_fastapi_instrumentator/middleware.py", line 175, in __call__
2026-09-21T00:41:04.554444745Z     await self.app(scope, receive, send_wrapper)
2026-09-21T00:41:04.554450025Z   File "/usr/local/lib/python3.13/site-packages/starlette/middleware/exceptions.py", line 63, in __call__
2026-09-21T00:41:04.554453081Z     await wrap_app_handling_exceptions(self.app, conn)(scope, receive, send)
2026-09-21T00:41:04.554454995Z   File "/usr/local/lib/python3.13/site-packages/starlette/_exception_handler.py", line 53, in wrapped_app
2026-09-21T00:41:04.554456939Z     raise exc
2026-09-21T00:41:04.554459303Z   File "/usr/local/lib/python3.13/site-packages/starlette/_exception_handler.py", line 42, in wrapped_app
2026-09-21T00:41:04.554461247Z     await app(scope, receive, sender)
2026-09-21T00:41:04.554463181Z   File "/usr/local/lib/python3.13/site-packages/fastapi/middleware/asyncexitstack.py", line 18, in __call__
2026-09-21T00:41:04.554465135Z     await self.app(scope, receive, send)
2026-09-21T00:41:04.554467059Z   File "/usr/local/lib/python3.13/site-packages/starlette/routing.py", line 716, in __call__
2026-09-21T00:41:04.554468972Z     await self.middleware_stack(scope, receive, send)
2026-09-21T00:41:04.554470886Z   File "/usr/local/lib/python3.13/site-packages/starlette/routing.py", line 736, in app
2026-09-21T00:41:04.554472830Z     await route.handle(scope, receive, send)
2026-09-21T00:41:04.554474754Z   File "/usr/local/lib/python3.13/site-packages/starlette/routing.py", line 290, in handle
2026-09-21T00:41:04.554476658Z     await self.app(scope, receive, send)
2026-09-21T00:41:04.554478601Z   File "/usr/local/lib/python3.13/site-packages/fastapi/routing.py", line 134, in app
2026-09-21T00:41:04.554480525Z     await wrap_app_handling_exceptions(app, request)(scope, receive, send)
2026-09-21T00:41:04.554490896Z   File "/usr/local/lib/python3.13/site-packages/starlette/_exception_handler.py", line 53, in wrapped_app
2026-09-21T00:41:04.554492880Z     raise exc
2026-09-21T00:41:04.554494803Z   File "/usr/local/lib/python3.13/site-packages/starlette/_exception_handler.py", line 42, in wrapped_app
2026-09-21T00:41:04.554496697Z     await app(scope, receive, sender)
2026-09-21T00:41:04.554498591Z   File "/usr/local/lib/python3.13/site-packages/fastapi/routing.py", line 120, in app
2026-09-21T00:41:04.554500926Z     response = await f(request)
2026-09-21T00:41:04.554502829Z                ^^^^^^^^^^^^^^^^
2026-09-21T00:41:04.554504743Z   File "/usr/local/lib/python3.13/site-packages/fastapi/routing.py", line 674, in app
2026-09-21T00:41:04.554506667Z     raw_response = await run_endpoint_function(
2026-09-21T00:41:04.554508561Z                    ^^^^^^^^^^^^^^^^^^^^^^^^^^^^
2026-09-21T00:41:04.554510635Z     ...<3 lines>...
2026-09-21T00:41:04.554512528Z     )
2026-09-21T00:41:04.554514442Z     ^
2026-09-21T00:41:04.554516346Z   File "/usr/local/lib/python3.13/site-packages/fastapi/routing.py", line 330, in run_endpoint_function
2026-09-21T00:41:04.554518300Z     return await run_in_threadpool(dependant.call, **values)
2026-09-21T00:41:04.554520314Z            ^^^^^^^^^^^^^^^^^^^^^^^^^^^^^^^^^^^^^^^^^^^^^^^^^
2026-09-21T00:41:04.554565543Z   File "/usr/local/lib/python3.13/site-packages/starlette/concurrency.py", line 32, in run_in_threadpool
2026-09-21T00:41:04.554567667Z     return await anyio.to_thread.run_sync(func)
2026-09-21T00:41:04.554569641Z            ^^^^^^^^^^^^^^^^^^^^^^^^^^^^^^^^^^^^
2026-09-21T00:41:04.554571605Z   File "/usr/local/lib/python3.13/site-packages/anyio/to_thread.py", line 63, in run_sync
2026-09-21T00:41:04.554573509Z     return await get_async_backend().run_sync_in_worker_thread(
2026-09-21T00:41:04.554575413Z            ^^^^^^^^^^^^^^^^^^^^^^^^^^^^^^^^^^^^^^^^^^^^^^^^^^^^
2026-09-21T00:41:04.554577336Z         func, args, abandon_on_cancel=abandon_on_cancel, limiter=limiter
2026-09-21T00:41:04.554579240Z         ^^^^^^^^^^^^^^^^^^^^^^^^^^^^^^^^^^^^^^^^^^^^^^^^^^^^^^^^^^^^^^^^
2026-09-21T00:41:04.554581164Z     )
2026-09-21T00:41:04.554583058Z     ^
2026-09-21T00:41:04.554584971Z   File "/usr/local/lib/python3.13/site-packages/anyio/_backends/_asyncio.py", line 2518, in run_sync_in_worker_thread
2026-09-21T00:41:04.554586875Z     return await future
2026-09-21T00:41:04.554588779Z            ^^^^^^^^^^^^
2026-09-21T00:41:04.554590663Z   File "/usr/local/lib/python3.13/site-packages/anyio/_backends/_asyncio.py", line 1002, in run
2026-09-21T00:41:04.554592596Z     result = context.run(func, *args)
2026-09-21T00:41:04.554594500Z   File "/app/app/routers/orders.py", line 36, in checkout
2026-09-21T00:41:04.554596434Z     return create_order(
2026-09-21T00:41:04.554598358Z         db=db,
2026-09-21T00:41:04.554600282Z     ...<2 lines>...
2026-09-21T00:41:04.554602175Z         correlation_id=correlation_id,
2026-09-21T00:41:04.554604089Z     )
2026-09-21T00:41:04.554606033Z   File "/app/app/services/order_service.py", line 42, in create_order
2026-09-21T00:41:04.554607957Z     result = db.execute(
2026-09-21T00:41:04.554609871Z         select(ProductModel).where(ProductModel.id == product_id)
2026-09-21T00:41:04.554611764Z     )
2026-09-21T00:41:04.554613678Z   File "/usr/local/lib/python3.13/site-packages/sqlalchemy/orm/session.py", line 2372, in execute
2026-09-21T00:41:04.554615642Z     return self._execute_internal(
2026-09-21T00:41:04.554617546Z            ~~~~~~~~~~~~~~~~~~~~~~^
2026-09-21T00:41:04.554619459Z         statement,
2026-09-21T00:41:04.554621373Z         ^^^^^^^^^^
2026-09-21T00:41:04.554630461Z     ...<4 lines>...
2026-09-21T00:41:04.554632465Z         _add_event=_add_event,
2026-09-21T00:41:04.554634379Z         ^^^^^^^^^^^^^^^^^^^^^^
2026-09-21T00:41:04.554636273Z     )
2026-09-21T00:41:04.554638186Z     ^
2026-09-21T00:41:04.554640100Z   File "/usr/local/lib/python3.13/site-packages/sqlalchemy/orm/session.py", line 2260, in _execute_internal
2026-09-21T00:41:04.554642044Z     conn = self._connection_for_bind(bind)
2026-09-21T00:41:04.554643968Z   File "/usr/local/lib/python3.13/site-packages/sqlalchemy/orm/session.py", line 2112, in _connection_for_bind
2026-09-21T00:41:04.554645912Z     return trans._connection_for_bind(engine, execution_options)
2026-09-21T00:41:04.554647835Z            ~~~~~~~~~~~~~~~~~~~~~~~~~~^^^^^^^^^^^^^^^^^^^^^^^^^^^
2026-09-21T00:41:04.554649759Z   File "<string>", line 2, in _connection_for_bind
2026-09-21T00:41:04.554651663Z   File "/usr/local/lib/python3.13/site-packages/sqlalchemy/orm/state_changes.py", line 137, in _go
2026-09-21T00:41:04.554653577Z     ret_value = fn(self, *arg, **kw)
2026-09-21T00:41:04.554658446Z   File "/usr/local/lib/python3.13/site-packages/sqlalchemy/orm/session.py", line 1191, in _connection_for_bind
2026-09-21T00:41:04.554660430Z     conn = bind.connect()
2026-09-21T00:41:04.554663005Z   File "/usr/local/lib/python3.13/site-packages/opentelemetry/instrumentation/sqlalchemy/engine.py", line 200, in _wrap_connect_internal
2026-09-21T00:41:04.554665340Z     return func(*args, **kwargs)
2026-09-21T00:41:04.554667274Z   File "/usr/local/lib/python3.13/site-packages/sqlalchemy/engine/base.py", line 3295, in connect
2026-09-21T00:41:04.554669228Z     return self._connection_cls(self)
2026-09-21T00:41:04.554671151Z            ~~~~~~~~~~~~~~~~~~~~^^^^^^
2026-09-21T00:41:04.554673055Z   File "/usr/local/lib/python3.13/site-packages/sqlalchemy/engine/base.py", line 144, in __init__
2026-09-21T00:41:04.554674999Z     self._dbapi_connection = engine.raw_connection()
2026-09-21T00:41:04.554676983Z                              ~~~~~~~~~~~~~~~~~~~~~^^
2026-09-21T00:41:04.554678907Z   File "/usr/local/lib/python3.13/site-packages/sqlalchemy/engine/base.py", line 3319, in raw_connection
2026-09-21T00:41:04.554681011Z     return self.pool.connect()
2026-09-21T00:41:04.554682945Z            ~~~~~~~~~~~~~~~~~^^
2026-09-21T00:41:04.554684879Z   File "/usr/local/lib/python3.13/site-packages/sqlalchemy/pool/base.py", line 448, in connect
2026-09-21T00:41:04.554686812Z     return _ConnectionFairy._checkout(self)
2026-09-21T00:41:04.554688726Z            ~~~~~~~~~~~~~~~~~~~~~~~~~~^^^^^^
2026-09-21T00:41:04.554690670Z   File "/usr/local/lib/python3.13/site-packages/sqlalchemy/pool/base.py", line 1272, in _checkout
2026-09-21T00:41:04.554692604Z     fairy = _ConnectionRecord.checkout(pool)
2026-09-21T00:41:04.554724437Z   File "/usr/local/lib/python3.13/site-packages/sqlalchemy/pool/base.py", line 712, in checkout
2026-09-21T00:41:04.554730248Z     rec = pool._do_get()
2026-09-21T00:41:04.554732272Z   File "/usr/local/lib/python3.13/site-packages/sqlalchemy/pool/impl.py", line 167, in _do_get
2026-09-21T00:41:04.554734186Z     raise exc.TimeoutError(
2026-09-21T00:41:04.554736100Z     ...<4 lines>...
2026-09-21T00:41:04.554738084Z     )
2026-09-21T00:41:04.554740709Z sqlalchemy.exc.TimeoutError: QueuePool limit of size 5 overflow 10 reached, connection timed out, timeout 30.00 (Background on this error at: https://sqlalche.me/e/20/3o7r)
2026-09-21T00:41:04.561796555Z ERROR:    Exception in ASGI application
2026-09-21T00:41:04.561830001Z Traceback (most recent call last):
2026-09-21T00:41:04.561832887Z   File "/usr/local/lib/python3.13/site-packages/uvicorn/protocols/http/httptools_impl.py", line 421, in run_asgi
2026-09-21T00:41:04.561853157Z     result = await app(  # type: ignore[func-returns-value]
2026-09-21T00:41:04.561855341Z              ^^^^^^^^^^^^^^^^^^^^^^^^^^^^^^^^^^^^^^^^^^^^^^
2026-09-21T00:41:04.561857265Z         self.scope, self.receive, self.send
2026-09-21T00:41:04.561859509Z         ^^^^^^^^^^^^^^^^^^^^^^^^^^^^^^^^^^^
2026-09-21T00:41:04.561861443Z     )
2026-09-21T00:41:04.561863387Z     ^
2026-09-21T00:41:04.561865652Z   File "/usr/local/lib/python3.13/site-packages/uvicorn/middleware/proxy_headers.py", line 63, in __call__
2026-09-21T00:41:04.561867565Z     return await self.app(scope, receive, send)
2026-09-21T00:41:04.561869459Z            ^^^^^^^^^^^^^^^^^^^^^^^^^^^^^^^^^^^^
2026-09-21T00:41:04.561871844Z   File "/usr/local/lib/python3.13/site-packages/fastapi/applications.py", line 1159, in __call__
2026-09-21T00:41:04.561873748Z     await super().__call__(scope, receive, send)
2026-09-21T00:41:04.561875661Z   File "/usr/local/lib/python3.13/site-packages/starlette/applications.py", line 107, in __call__
2026-09-21T00:41:04.561877565Z     await self.middleware_stack(scope, receive, send)
2026-09-21T00:41:04.561879459Z   File "/usr/local/lib/python3.13/site-packages/starlette/middleware/errors.py", line 186, in __call__
2026-09-21T00:41:04.561881433Z     raise exc
2026-09-21T00:41:04.561883357Z   File "/usr/local/lib/python3.13/site-packages/starlette/middleware/errors.py", line 164, in __call__
2026-09-21T00:41:04.561885290Z     await self.app(scope, receive, _send)
2026-09-21T00:41:04.561887845Z   File "/usr/local/lib/python3.13/site-packages/opentelemetry/instrumentation/asgi/__init__.py", line 806, in __call__
2026-09-21T00:41:04.561889759Z     await self.app(scope, otel_receive, otel_send)
2026-09-21T00:41:04.561891763Z   File "/usr/local/lib/python3.13/site-packages/starlette/middleware/errors.py", line 186, in __call__
2026-09-21T00:41:04.561893657Z     raise exc
2026-09-21T00:41:04.561895571Z   File "/usr/local/lib/python3.13/site-packages/starlette/middleware/errors.py", line 164, in __call__
2026-09-21T00:41:04.561897535Z     await self.app(scope, receive, _send)
2026-09-21T00:41:04.561899468Z   File "/usr/local/lib/python3.13/site-packages/opentelemetry/instrumentation/fastapi/__init__.py", line 305, in __call__
2026-09-21T00:41:04.561901392Z     await self.app(scope, receive, send)
2026-09-21T00:41:04.561903306Z   File "/usr/local/lib/python3.13/site-packages/prometheus_fastapi_instrumentator/middleware.py", line 177, in __call__
2026-09-21T00:41:04.561905220Z     raise exc
2026-09-21T00:41:04.561907133Z   File "/usr/local/lib/python3.13/site-packages/prometheus_fastapi_instrumentator/middleware.py", line 175, in __call__
2026-09-21T00:41:04.561909037Z     await self.app(scope, receive, send_wrapper)
2026-09-21T00:41:04.561910931Z   File "/usr/local/lib/python3.13/site-packages/starlette/middleware/exceptions.py", line 63, in __call__
2026-09-21T00:41:04.561916322Z     await wrap_app_handling_exceptions(self.app, conn)(scope, receive, send)
2026-09-21T00:41:04.561918306Z   File "/usr/local/lib/python3.13/site-packages/starlette/_exception_handler.py", line 53, in wrapped_app
2026-09-21T00:41:04.561920219Z     raise exc
2026-09-21T00:41:04.561922163Z   File "/usr/local/lib/python3.13/site-packages/starlette/_exception_handler.py", line 42, in wrapped_app
2026-09-21T00:41:04.561926041Z     await app(scope, receive, sender)
2026-09-21T00:41:04.561927995Z   File "/usr/local/lib/python3.13/site-packages/fastapi/middleware/asyncexitstack.py", line 18, in __call__
2026-09-21T00:41:04.561929918Z     await self.app(scope, receive, send)
2026-09-21T00:41:04.561931852Z   File "/usr/local/lib/python3.13/site-packages/starlette/routing.py", line 716, in __call__
2026-09-21T00:41:04.562017742Z     await self.middleware_stack(scope, receive, send)
2026-09-21T00:41:04.562022601Z   File "/usr/local/lib/python3.13/site-packages/starlette/routing.py", line 736, in app
2026-09-21T00:41:04.562024665Z     await route.handle(scope, receive, send)
2026-09-21T00:41:04.562026780Z   File "/usr/local/lib/python3.13/site-packages/starlette/routing.py", line 290, in handle
2026-09-21T00:41:04.562028703Z     await self.app(scope, receive, send)
2026-09-21T00:41:04.562030617Z   File "/usr/local/lib/python3.13/site-packages/fastapi/routing.py", line 134, in app
2026-09-21T00:41:04.562032641Z     await wrap_app_handling_exceptions(app, request)(scope, receive, send)
2026-09-21T00:41:04.562034775Z   File "/usr/local/lib/python3.13/site-packages/starlette/_exception_handler.py", line 53, in wrapped_app
2026-09-21T00:41:04.562036829Z     raise exc
2026-09-21T00:41:04.562038763Z   File "/usr/local/lib/python3.13/site-packages/starlette/_exception_handler.py", line 42, in wrapped_app
2026-09-21T00:41:04.562040687Z     await app(scope, receive, sender)
2026-09-21T00:41:04.562042811Z   File "/usr/local/lib/python3.13/site-packages/fastapi/routing.py", line 120, in app
2026-09-21T00:41:04.562045988Z     response = await f(request)
2026-09-21T00:41:04.562047901Z                ^^^^^^^^^^^^^^^^
2026-09-21T00:41:04.562049885Z   File "/usr/local/lib/python3.13/site-packages/fastapi/routing.py", line 674, in app
2026-09-21T00:41:04.562051799Z     raw_response = await run_endpoint_function(
2026-09-21T00:41:04.562053723Z                    ^^^^^^^^^^^^^^^^^^^^^^^^^^^^
2026-09-21T00:41:04.562056128Z     ...<3 lines>...
2026-09-21T00:41:04.562058051Z     )
2026-09-21T00:41:04.562059965Z     ^
2026-09-21T00:41:04.562061889Z   File "/usr/local/lib/python3.13/site-packages/fastapi/routing.py", line 330, in run_endpoint_function
2026-09-21T00:41:04.562063803Z     return await run_in_threadpool(dependant.call, **values)
2026-09-21T00:41:04.562065706Z            ^^^^^^^^^^^^^^^^^^^^^^^^^^^^^^^^^^^^^^^^^^^^^^^^^
2026-09-21T00:41:04.562107659Z   File "/usr/local/lib/python3.13/site-packages/starlette/concurrency.py", line 32, in run_in_threadpool
2026-09-21T00:41:04.562112519Z     return await anyio.to_thread.run_sync(func)
2026-09-21T00:41:04.562114603Z            ^^^^^^^^^^^^^^^^^^^^^^^^^^^^^^^^^^^^
2026-09-21T00:41:04.562116497Z   File "/usr/local/lib/python3.13/site-packages/anyio/to_thread.py", line 63, in run_sync
2026-09-21T00:41:04.562118451Z     return await get_async_backend().run_sync_in_worker_thread(
2026-09-21T00:41:04.562120675Z            ^^^^^^^^^^^^^^^^^^^^^^^^^^^^^^^^^^^^^^^^^^^^^^^^^^^^
2026-09-21T00:41:04.562122599Z         func, args, abandon_on_cancel=abandon_on_cancel, limiter=limiter
2026-09-21T00:41:04.562124492Z         ^^^^^^^^^^^^^^^^^^^^^^^^^^^^^^^^^^^^^^^^^^^^^^^^^^^^^^^^^^^^^^^^
2026-09-21T00:41:04.562126496Z     )
2026-09-21T00:41:04.562128430Z     ^
2026-09-21T00:41:04.562130414Z   File "/usr/local/lib/python3.13/site-packages/anyio/_backends/_asyncio.py", line 2518, in run_sync_in_worker_thread
2026-09-21T00:41:04.562132328Z     return await future
2026-09-21T00:41:04.562134222Z            ^^^^^^^^^^^^
2026-09-21T00:41:04.562136105Z   File "/usr/local/lib/python3.13/site-packages/anyio/_backends/_asyncio.py", line 1002, in run
2026-09-21T00:41:04.562138009Z     result = context.run(func, *args)
2026-09-21T00:41:04.562139913Z   File "/app/app/routers/orders.py", line 36, in checkout
2026-09-21T00:41:04.562141847Z     return create_order(
2026-09-21T00:41:04.562143811Z         db=db,
2026-09-21T00:41:04.562145724Z     ...<2 lines>...
2026-09-21T00:41:04.562147638Z         correlation_id=correlation_id,
2026-09-21T00:41:04.562225061Z     )
2026-09-21T00:41:04.562229480Z   File "/app/app/services/order_service.py", line 42, in create_order
2026-09-21T00:41:04.562231534Z     result = db.execute(
2026-09-21T00:41:04.562233468Z         select(ProductModel).where(ProductModel.id == product_id)
2026-09-21T00:41:04.562235451Z     )
2026-09-21T00:41:04.562237375Z   File "/usr/local/lib/python3.13/site-packages/sqlalchemy/orm/session.py", line 2372, in execute
2026-09-21T00:41:04.562239319Z     return self._execute_internal(
2026-09-21T00:41:04.562241253Z            ~~~~~~~~~~~~~~~~~~~~~~^
2026-09-21T00:41:04.562243147Z         statement,
2026-09-21T00:41:04.562245070Z         ^^^^^^^^^^
2026-09-21T00:41:04.562247004Z     ...<4 lines>...
2026-09-21T00:41:04.562249048Z         _add_event=_add_event,
2026-09-21T00:41:04.562251012Z         ^^^^^^^^^^^^^^^^^^^^^^
2026-09-21T00:41:04.562252906Z     )
2026-09-21T00:41:04.562254800Z     ^
2026-09-21T00:41:04.562256764Z   File "/usr/local/lib/python3.13/site-packages/sqlalchemy/orm/session.py", line 2260, in _execute_internal
2026-09-21T00:41:04.562258697Z     conn = self._connection_for_bind(bind)
2026-09-21T00:41:04.562260641Z   File "/usr/local/lib/python3.13/site-packages/sqlalchemy/orm/session.py", line 2112, in _connection_for_bind
2026-09-21T00:41:04.562262785Z     return trans._connection_for_bind(engine, execution_options)
2026-09-21T00:41:04.562264699Z            ~~~~~~~~~~~~~~~~~~~~~~~~~~^^^^^^^^^^^^^^^^^^^^^^^^^^^
2026-09-21T00:41:04.562266633Z   File "<string>", line 2, in _connection_for_bind
2026-09-21T00:41:04.562268557Z   File "/usr/local/lib/python3.13/site-packages/sqlalchemy/orm/state_changes.py", line 137, in _go
2026-09-21T00:41:04.562270461Z     ret_value = fn(self, *arg, **kw)
2026-09-21T00:41:04.562272364Z   File "/usr/local/lib/python3.13/site-packages/sqlalchemy/orm/session.py", line 1191, in _connection_for_bind
2026-09-21T00:41:04.562274278Z     conn = bind.connect()
2026-09-21T00:41:04.562276713Z   File "/usr/local/lib/python3.13/site-packages/opentelemetry/instrumentation/sqlalchemy/engine.py", line 200, in _wrap_connect_internal
2026-09-21T00:41:04.562278627Z     return func(*args, **kwargs)
2026-09-21T00:41:04.562280520Z   File "/usr/local/lib/python3.13/site-packages/sqlalchemy/engine/base.py", line 3295, in connect
2026-09-21T00:41:04.562282454Z     return self._connection_cls(self)
2026-09-21T00:41:04.562284368Z            ~~~~~~~~~~~~~~~~~~~~^^^^^^
2026-09-21T00:41:04.562286272Z   File "/usr/local/lib/python3.13/site-packages/sqlalchemy/engine/base.py", line 144, in __init__
2026-09-21T00:41:04.562288176Z     self._dbapi_connection = engine.raw_connection()
2026-09-21T00:41:04.562290139Z                              ~~~~~~~~~~~~~~~~~~~~~^^
2026-09-21T00:41:04.562292043Z   File "/usr/local/lib/python3.13/site-packages/sqlalchemy/engine/base.py", line 3319, in raw_connection
2026-09-21T00:41:04.562293957Z     return self.pool.connect()
2026-09-21T00:41:04.562295871Z            ~~~~~~~~~~~~~~~~~^^
2026-09-21T00:41:04.562297805Z   File "/usr/local/lib/python3.13/site-packages/sqlalchemy/pool/base.py", line 448, in connect
2026-09-21T00:41:04.562299879Z     return _ConnectionFairy._checkout(self)
2026-09-21T00:41:04.562301802Z            ~~~~~~~~~~~~~~~~~~~~~~~~~~^^^^^^
2026-09-21T00:41:04.562303716Z   File "/usr/local/lib/python3.13/site-packages/sqlalchemy/pool/base.py", line 1272, in _checkout
2026-09-21T00:41:04.562305640Z     fairy = _ConnectionRecord.checkout(pool)
2026-09-21T00:41:04.562307564Z   File "/usr/local/lib/python3.13/site-packages/sqlalchemy/pool/base.py", line 712, in checkout
2026-09-21T00:41:04.562309478Z     rec = pool._do_get()
2026-09-21T00:41:04.562319668Z   File "/usr/local/lib/python3.13/site-packages/sqlalchemy/pool/impl.py", line 167, in _do_get
2026-09-21T00:41:04.562321722Z     raise exc.TimeoutError(
2026-09-21T00:41:04.562323646Z     ...<4 lines>...
2026-09-21T00:41:04.562325609Z     )
2026-09-21T00:41:04.562327974Z sqlalchemy.exc.TimeoutError: QueuePool limit of size 5 overflow 10 reached, connection timed out, timeout 30.00 (Background on this error at: https://sqlalche.me/e/20/3o7r)
2026-09-21T00:41:04.568163423Z ERROR:    Exception in ASGI application
2026-09-21T00:41:04.568209013Z Traceback (most recent call last):
2026-09-21T00:41:04.568214924Z   File "/usr/local/lib/python3.13/site-packages/uvicorn/protocols/http/httptools_impl.py", line 421, in run_asgi
2026-09-21T00:41:04.568220335Z     result = await app(  # type: ignore[func-returns-value]
2026-09-21T00:41:04.568224673Z              ^^^^^^^^^^^^^^^^^^^^^^^^^^^^^^^^^^^^^^^^^^^^^^
2026-09-21T00:41:04.568228982Z         self.scope, self.receive, self.send
2026-09-21T00:41:04.568233280Z         ^^^^^^^^^^^^^^^^^^^^^^^^^^^^^^^^^^^
2026-09-21T00:41:04.568237649Z     )
2026-09-21T00:41:04.568242008Z     ^
2026-09-21T00:41:04.568246386Z   File "/usr/local/lib/python3.13/site-packages/uvicorn/middleware/proxy_headers.py", line 63, in __call__
2026-09-21T00:41:04.568250715Z     return await self.app(scope, receive, send)
2026-09-21T00:41:04.568255033Z            ^^^^^^^^^^^^^^^^^^^^^^^^^^^^^^^^^^^^
2026-09-21T00:41:04.568259713Z   File "/usr/local/lib/python3.13/site-packages/fastapi/applications.py", line 1159, in __call__
2026-09-21T00:41:04.568264031Z     await super().__call__(scope, receive, send)
2026-09-21T00:41:04.568268320Z   File "/usr/local/lib/python3.13/site-packages/starlette/applications.py", line 107, in __call__
2026-09-21T00:41:04.568272698Z     await self.middleware_stack(scope, receive, send)
2026-09-21T00:41:04.568277007Z   File "/usr/local/lib/python3.13/site-packages/starlette/middleware/errors.py", line 186, in __call__
2026-09-21T00:41:04.568281365Z     raise exc
2026-09-21T00:41:04.568285684Z   File "/usr/local/lib/python3.13/site-packages/starlette/middleware/errors.py", line 164, in __call__
2026-09-21T00:41:04.568290062Z     await self.app(scope, receive, _send)
2026-09-21T00:41:04.568295373Z   File "/usr/local/lib/python3.13/site-packages/opentelemetry/instrumentation/asgi/__init__.py", line 806, in __call__
2026-09-21T00:41:04.568299842Z     await self.app(scope, otel_receive, otel_send)
2026-09-21T00:41:04.568304120Z   File "/usr/local/lib/python3.13/site-packages/starlette/middleware/errors.py", line 186, in __call__
2026-09-21T00:41:04.568308419Z     raise exc
2026-09-21T00:41:04.568312717Z   File "/usr/local/lib/python3.13/site-packages/starlette/middleware/errors.py", line 164, in __call__
2026-09-21T00:41:04.568317046Z     await self.app(scope, receive, _send)
2026-09-21T00:41:04.568321324Z   File "/usr/local/lib/python3.13/site-packages/opentelemetry/instrumentation/fastapi/__init__.py", line 305, in __call__
2026-09-21T00:41:04.568325823Z     await self.app(scope, receive, send)
2026-09-21T00:41:04.568330102Z   File "/usr/local/lib/python3.13/site-packages/prometheus_fastapi_instrumentator/middleware.py", line 177, in __call__
2026-09-21T00:41:04.568334550Z     raise exc
2026-09-21T00:41:04.568338839Z   File "/usr/local/lib/python3.13/site-packages/prometheus_fastapi_instrumentator/middleware.py", line 175, in __call__
2026-09-21T00:41:04.568343127Z     await self.app(scope, receive, send_wrapper)
2026-09-21T00:41:04.568347546Z   File "/usr/local/lib/python3.13/site-packages/starlette/middleware/exceptions.py", line 63, in __call__
2026-09-21T00:41:04.568352275Z     await wrap_app_handling_exceptions(self.app, conn)(scope, receive, send)
2026-09-21T00:41:04.568384288Z   File "/usr/local/lib/python3.13/site-packages/starlette/_exception_handler.py", line 53, in wrapped_app
2026-09-21T00:41:04.568388978Z     raise exc
2026-09-21T00:41:04.568393637Z   File "/usr/local/lib/python3.13/site-packages/starlette/_exception_handler.py", line 42, in wrapped_app
2026-09-21T00:41:04.568397975Z     await app(scope, receive, sender)
2026-09-21T00:41:04.568402254Z   File "/usr/local/lib/python3.13/site-packages/fastapi/middleware/asyncexitstack.py", line 18, in __call__
2026-09-21T00:41:04.568406532Z     await self.app(scope, receive, send)
2026-09-21T00:41:04.568410831Z   File "/usr/local/lib/python3.13/site-packages/starlette/routing.py", line 716, in __call__
2026-09-21T00:41:04.568415099Z     await self.middleware_stack(scope, receive, send)
2026-09-21T00:41:04.568419388Z   File "/usr/local/lib/python3.13/site-packages/starlette/routing.py", line 736, in app
2026-09-21T00:41:04.568423756Z     await route.handle(scope, receive, send)
2026-09-21T00:41:04.568428055Z   File "/usr/local/lib/python3.13/site-packages/starlette/routing.py", line 290, in handle
2026-09-21T00:41:04.568432343Z     await self.app(scope, receive, send)
2026-09-21T00:41:04.568436602Z   File "/usr/local/lib/python3.13/site-packages/fastapi/routing.py", line 134, in app
2026-09-21T00:41:04.568440890Z     await wrap_app_handling_exceptions(app, request)(scope, receive, send)
2026-09-21T00:41:04.568445209Z   File "/usr/local/lib/python3.13/site-packages/starlette/_exception_handler.py", line 53, in wrapped_app
2026-09-21T00:41:04.568449447Z     raise exc
2026-09-21T00:41:04.568453705Z   File "/usr/local/lib/python3.13/site-packages/starlette/_exception_handler.py", line 42, in wrapped_app
2026-09-21T00:41:04.568458014Z     await app(scope, receive, sender)
2026-09-21T00:41:04.568462292Z   File "/usr/local/lib/python3.13/site-packages/fastapi/routing.py", line 120, in app
2026-09-21T00:41:04.568467413Z     response = await f(request)
2026-09-21T00:41:04.568471781Z                ^^^^^^^^^^^^^^^^
2026-09-21T00:41:04.568476070Z   File "/usr/local/lib/python3.13/site-packages/fastapi/routing.py", line 674, in app
2026-09-21T00:41:04.568480378Z     raw_response = await run_endpoint_function(
2026-09-21T00:41:04.568484677Z                    ^^^^^^^^^^^^^^^^^^^^^^^^^^^^
2026-09-21T00:41:04.568489336Z     ...<3 lines>...
2026-09-21T00:41:04.568493724Z     )
2026-09-21T00:41:04.568498043Z     ^
2026-09-21T00:41:04.568502331Z   File "/usr/local/lib/python3.13/site-packages/fastapi/routing.py", line 330, in run_endpoint_function
2026-09-21T00:41:04.568506600Z     return await run_in_threadpool(dependant.call, **values)
2026-09-21T00:41:04.568510948Z            ^^^^^^^^^^^^^^^^^^^^^^^^^^^^^^^^^^^^^^^^^^^^^^^^^
2026-09-21T00:41:04.568541569Z   File "/usr/local/lib/python3.13/site-packages/starlette/concurrency.py", line 32, in run_in_threadpool
2026-09-21T00:41:04.568546408Z     return await anyio.to_thread.run_sync(func)
2026-09-21T00:41:04.568550807Z            ^^^^^^^^^^^^^^^^^^^^^^^^^^^^^^^^^^^^
2026-09-21T00:41:04.568555146Z   File "/usr/local/lib/python3.13/site-packages/anyio/to_thread.py", line 63, in run_sync
2026-09-21T00:41:04.568559474Z     return await get_async_backend().run_sync_in_worker_thread(
2026-09-21T00:41:04.568563723Z            ^^^^^^^^^^^^^^^^^^^^^^^^^^^^^^^^^^^^^^^^^^^^^^^^^^^^
2026-09-21T00:41:04.568568021Z         func, args, abandon_on_cancel=abandon_on_cancel, limiter=limiter
2026-09-21T00:41:04.568572310Z         ^^^^^^^^^^^^^^^^^^^^^^^^^^^^^^^^^^^^^^^^^^^^^^^^^^^^^^^^^^^^^^^^
2026-09-21T00:41:04.568576618Z     )
2026-09-21T00:41:04.568580917Z     ^
2026-09-21T00:41:04.568585285Z   File "/usr/local/lib/python3.13/site-packages/anyio/_backends/_asyncio.py", line 2518, in run_sync_in_worker_thread
2026-09-21T00:41:04.568602299Z     return await future
2026-09-21T00:41:04.568606728Z            ^^^^^^^^^^^^
2026-09-21T00:41:04.568615214Z   File "/usr/local/lib/python3.13/site-packages/anyio/_backends/_asyncio.py", line 1002, in run
2026-09-21T00:41:04.568619643Z     result = context.run(func, *args)
2026-09-21T00:41:04.568623962Z   File "/app/app/routers/orders.py", line 36, in checkout
2026-09-21T00:41:04.568628330Z     return create_order(
2026-09-21T00:41:04.568632869Z         db=db,
2026-09-21T00:41:04.568637298Z     ...<2 lines>...
2026-09-21T00:41:04.568641586Z         correlation_id=correlation_id,
2026-09-21T00:41:04.568645925Z     )
2026-09-21T00:41:04.568650314Z   File "/app/app/services/order_service.py", line 42, in create_order
2026-09-21T00:41:04.568654632Z     result = db.execute(
2026-09-21T00:41:04.568658971Z         select(ProductModel).where(ProductModel.id == product_id)
2026-09-21T00:41:04.568663339Z     )
2026-09-21T00:41:04.568667658Z   File "/usr/local/lib/python3.13/site-packages/sqlalchemy/orm/session.py", line 2372, in execute
2026-09-21T00:41:04.568671976Z     return self._execute_internal(
2026-09-21T00:41:04.568676585Z            ~~~~~~~~~~~~~~~~~~~~~~^
2026-09-21T00:41:04.568680914Z         statement,
2026-09-21T00:41:04.568685232Z         ^^^^^^^^^^
2026-09-21T00:41:04.568689501Z     ...<4 lines>...
2026-09-21T00:41:04.568693880Z         _add_event=_add_event,
2026-09-21T00:41:04.568698188Z         ^^^^^^^^^^^^^^^^^^^^^^
2026-09-21T00:41:04.568702446Z     )
2026-09-21T00:41:04.568706865Z     ^
2026-09-21T00:41:04.568711224Z   File "/usr/local/lib/python3.13/site-packages/sqlalchemy/orm/session.py", line 2260, in _execute_internal
2026-09-21T00:41:04.568715552Z     conn = self._connection_for_bind(bind)
2026-09-21T00:41:04.568719911Z   File "/usr/local/lib/python3.13/site-packages/sqlalchemy/orm/session.py", line 2112, in _connection_for_bind
2026-09-21T00:41:04.568753678Z     return trans._connection_for_bind(engine, execution_options)
2026-09-21T00:41:04.568761563Z            ~~~~~~~~~~~~~~~~~~~~~~~~~~^^^^^^^^^^^^^^^^^^^^^^^^^^^
2026-09-21T00:41:04.568765912Z   File "<string>", line 2, in _connection_for_bind
2026-09-21T00:41:04.568770220Z   File "/usr/local/lib/python3.13/site-packages/sqlalchemy/orm/state_changes.py", line 137, in _go
2026-09-21T00:41:04.568774699Z     ret_value = fn(self, *arg, **kw)
2026-09-21T00:41:04.568779038Z   File "/usr/local/lib/python3.13/site-packages/sqlalchemy/orm/session.py", line 1191, in _connection_for_bind
2026-09-21T00:41:04.568783336Z     conn = bind.connect()
2026-09-21T00:41:04.568788035Z   File "/usr/local/lib/python3.13/site-packages/opentelemetry/instrumentation/sqlalchemy/engine.py", line 200, in _wrap_connect_internal
2026-09-21T00:41:04.568791643Z     return func(*args, **kwargs)
2026-09-21T00:41:04.568793586Z   File "/usr/local/lib/python3.13/site-packages/sqlalchemy/engine/base.py", line 3295, in connect
2026-09-21T00:41:04.568795600Z     return self._connection_cls(self)
2026-09-21T00:41:04.568797534Z            ~~~~~~~~~~~~~~~~~~~~^^^^^^
2026-09-21T00:41:04.568799488Z   File "/usr/local/lib/python3.13/site-packages/sqlalchemy/engine/base.py", line 144, in __init__
2026-09-21T00:41:04.568801362Z     self._dbapi_connection = engine.raw_connection()
2026-09-21T00:41:04.568803496Z                              ~~~~~~~~~~~~~~~~~~~~~^^
2026-09-21T00:41:04.568805971Z   File "/usr/local/lib/python3.13/site-packages/sqlalchemy/engine/base.py", line 3319, in raw_connection
2026-09-21T00:41:04.568808376Z     return self.pool.connect()
2026-09-21T00:41:04.568810720Z            ~~~~~~~~~~~~~~~~~^^
2026-09-21T00:41:04.568821982Z   File "/usr/local/lib/python3.13/site-packages/sqlalchemy/pool/base.py", line 448, in connect
2026-09-21T00:41:04.568824447Z     return _ConnectionFairy._checkout(self)
2026-09-21T00:41:04.568826411Z            ~~~~~~~~~~~~~~~~~~~~~~~~~~^^^^^^
2026-09-21T00:41:04.568828305Z   File "/usr/local/lib/python3.13/site-packages/sqlalchemy/pool/base.py", line 1272, in _checkout
2026-09-21T00:41:04.568830199Z     fairy = _ConnectionRecord.checkout(pool)
2026-09-21T00:41:04.568832092Z   File "/usr/local/lib/python3.13/site-packages/sqlalchemy/pool/base.py", line 712, in checkout
2026-09-21T00:41:04.568833986Z     rec = pool._do_get()
2026-09-21T00:41:04.568835870Z   File "/usr/local/lib/python3.13/site-packages/sqlalchemy/pool/impl.py", line 167, in _do_get
2026-09-21T00:41:04.568837764Z     raise exc.TimeoutError(
2026-09-21T00:41:04.568839657Z     ...<4 lines>...
2026-09-21T00:41:04.568841611Z     )
2026-09-21T00:41:04.568844447Z sqlalchemy.exc.TimeoutError: QueuePool limit of size 5 overflow 10 reached, connection timed out, timeout 30.00 (Background on this error at: https://sqlalche.me/e/20/3o7r)
2026-09-21T00:41:04.634629088Z ERROR:    Exception in ASGI application
2026-09-21T00:41:04.634672724Z Traceback (most recent call last):
2026-09-21T00:41:04.634677714Z   File "/usr/local/lib/python3.13/site-packages/uvicorn/protocols/http/httptools_impl.py", line 421, in run_asgi
2026-09-21T00:41:04.634682383Z     result = await app(  # type: ignore[func-returns-value]
2026-09-21T00:41:04.634686451Z              ^^^^^^^^^^^^^^^^^^^^^^^^^^^^^^^^^^^^^^^^^^^^^^
2026-09-21T00:41:04.634690910Z         self.scope, self.receive, self.send
2026-09-21T00:41:04.634694998Z         ^^^^^^^^^^^^^^^^^^^^^^^^^^^^^^^^^^^
2026-09-21T00:41:04.634699116Z     )
2026-09-21T00:41:04.634703254Z     ^
2026-09-21T00:41:04.634707372Z   File "/usr/local/lib/python3.13/site-packages/uvicorn/middleware/proxy_headers.py", line 63, in __call__
2026-09-21T00:41:04.634711480Z     return await self.app(scope, receive, send)
2026-09-21T00:41:04.634715578Z            ^^^^^^^^^^^^^^^^^^^^^^^^^^^^^^^^^^^^
2026-09-21T00:41:04.634720478Z   File "/usr/local/lib/python3.13/site-packages/fastapi/applications.py", line 1159, in __call__
2026-09-21T00:41:04.634724606Z     await super().__call__(scope, receive, send)
2026-09-21T00:41:04.634728694Z   File "/usr/local/lib/python3.13/site-packages/starlette/applications.py", line 107, in __call__
2026-09-21T00:41:04.634732762Z     await self.middleware_stack(scope, receive, send)
2026-09-21T00:41:04.634736790Z   File "/usr/local/lib/python3.13/site-packages/starlette/middleware/errors.py", line 186, in __call__
2026-09-21T00:41:04.634740878Z     raise exc
2026-09-21T00:41:04.634744946Z   File "/usr/local/lib/python3.13/site-packages/starlette/middleware/errors.py", line 164, in __call__
2026-09-21T00:41:04.634749014Z     await self.app(scope, receive, _send)
2026-09-21T00:41:04.634753634Z   File "/usr/local/lib/python3.13/site-packages/opentelemetry/instrumentation/asgi/__init__.py", line 806, in __call__
2026-09-21T00:41:04.634757752Z     await self.app(scope, otel_receive, otel_send)
2026-09-21T00:41:04.634761860Z   File "/usr/local/lib/python3.13/site-packages/starlette/middleware/errors.py", line 186, in __call__
2026-09-21T00:41:04.634770797Z     raise exc
2026-09-21T00:41:04.634774966Z   File "/usr/local/lib/python3.13/site-packages/starlette/middleware/errors.py", line 164, in __call__
2026-09-21T00:41:04.634779024Z     await self.app(scope, receive, _send)
2026-09-21T00:41:04.634783222Z   File "/usr/local/lib/python3.13/site-packages/opentelemetry/instrumentation/fastapi/__init__.py", line 305, in __call__
2026-09-21T00:41:04.634816297Z     await self.app(scope, receive, send)
2026-09-21T00:41:04.634820576Z   File "/usr/local/lib/python3.13/site-packages/prometheus_fastapi_instrumentator/middleware.py", line 177, in __call__
2026-09-21T00:41:04.634824674Z     raise exc
2026-09-21T00:41:04.634828702Z   File "/usr/local/lib/python3.13/site-packages/prometheus_fastapi_instrumentator/middleware.py", line 175, in __call__
2026-09-21T00:41:04.634832700Z     await self.app(scope, receive, send_wrapper)
2026-09-21T00:41:04.634837249Z   File "/usr/local/lib/python3.13/site-packages/starlette/middleware/exceptions.py", line 63, in __call__
2026-09-21T00:41:04.634841737Z     await wrap_app_handling_exceptions(self.app, conn)(scope, receive, send)
2026-09-21T00:41:04.634845755Z   File "/usr/local/lib/python3.13/site-packages/starlette/_exception_handler.py", line 53, in wrapped_app
2026-09-21T00:41:04.634849753Z     raise exc
2026-09-21T00:41:04.634853761Z   File "/usr/local/lib/python3.13/site-packages/starlette/_exception_handler.py", line 42, in wrapped_app
2026-09-21T00:41:04.634857849Z     await app(scope, receive, sender)
2026-09-21T00:41:04.634861867Z   File "/usr/local/lib/python3.13/site-packages/fastapi/middleware/asyncexitstack.py", line 18, in __call__
2026-09-21T00:41:04.634865895Z     await self.app(scope, receive, send)
2026-09-21T00:41:04.634869953Z   File "/usr/local/lib/python3.13/site-packages/starlette/routing.py", line 716, in __call__
2026-09-21T00:41:04.634876506Z     await self.middleware_stack(scope, receive, send)
2026-09-21T00:41:04.634880684Z   File "/usr/local/lib/python3.13/site-packages/starlette/routing.py", line 736, in app
2026-09-21T00:41:04.634884792Z     await route.handle(scope, receive, send)
2026-09-21T00:41:04.634888850Z   File "/usr/local/lib/python3.13/site-packages/starlette/routing.py", line 290, in handle
2026-09-21T00:41:04.634892979Z     await self.app(scope, receive, send)
2026-09-21T00:41:04.634897027Z   File "/usr/local/lib/python3.13/site-packages/fastapi/routing.py", line 134, in app
2026-09-21T00:41:04.634901075Z     await wrap_app_handling_exceptions(app, request)(scope, receive, send)
2026-09-21T00:41:04.634905133Z   File "/usr/local/lib/python3.13/site-packages/starlette/_exception_handler.py", line 53, in wrapped_app
2026-09-21T00:41:04.634909211Z     raise exc
2026-09-21T00:41:04.634913239Z   File "/usr/local/lib/python3.13/site-packages/starlette/_exception_handler.py", line 42, in wrapped_app
2026-09-21T00:41:04.634917337Z     await app(scope, receive, sender)
2026-09-21T00:41:04.634921375Z   File "/usr/local/lib/python3.13/site-packages/fastapi/routing.py", line 120, in app
2026-09-21T00:41:04.634925934Z     response = await f(request)
2026-09-21T00:41:04.634929992Z                ^^^^^^^^^^^^^^^^
2026-09-21T00:41:04.634934020Z   File "/usr/local/lib/python3.13/site-packages/fastapi/routing.py", line 674, in app
2026-09-21T00:41:04.634939250Z     raw_response = await run_endpoint_function(
2026-09-21T00:41:04.634944460Z                    ^^^^^^^^^^^^^^^^^^^^^^^^^^^^
2026-09-21T00:41:04.634950472Z     ...<3 lines>...
2026-09-21T00:41:04.634955702Z     )
2026-09-21T00:41:04.634960592Z     ^
2026-09-21T00:41:04.634965562Z   File "/usr/local/lib/python3.13/site-packages/fastapi/routing.py", line 330, in run_endpoint_function
2026-09-21T00:41:04.634970452Z     return await run_in_threadpool(dependant.call, **values)
2026-09-21T00:41:04.634975311Z            ^^^^^^^^^^^^^^^^^^^^^^^^^^^^^^^^^^^^^^^^^^^^^^^^^
2026-09-21T00:41:04.635053896Z   File "/usr/local/lib/python3.13/site-packages/starlette/concurrency.py", line 32, in run_in_threadpool
2026-09-21T00:41:04.635065569Z     return await anyio.to_thread.run_sync(func)
2026-09-21T00:41:04.635070689Z            ^^^^^^^^^^^^^^^^^^^^^^^^^^^^^^^^^^^^
2026-09-21T00:41:04.635094907Z   File "/usr/local/lib/python3.13/site-packages/anyio/to_thread.py", line 63, in run_sync
2026-09-21T00:41:04.635100127Z     return await get_async_backend().run_sync_in_worker_thread(
2026-09-21T00:41:04.635104997Z            ^^^^^^^^^^^^^^^^^^^^^^^^^^^^^^^^^^^^^^^^^^^^^^^^^^^^
2026-09-21T00:41:04.635109857Z         func, args, abandon_on_cancel=abandon_on_cancel, limiter=limiter
2026-09-21T00:41:04.635114706Z         ^^^^^^^^^^^^^^^^^^^^^^^^^^^^^^^^^^^^^^^^^^^^^^^^^^^^^^^^^^^^^^^^
2026-09-21T00:41:04.635119606Z     )
2026-09-21T00:41:04.635124496Z     ^
2026-09-21T00:41:04.635129425Z   File "/usr/local/lib/python3.13/site-packages/anyio/_backends/_asyncio.py", line 2518, in run_sync_in_worker_thread
2026-09-21T00:41:04.635134295Z     return await future
2026-09-21T00:41:04.635139245Z            ^^^^^^^^^^^^
2026-09-21T00:41:04.635144094Z   File "/usr/local/lib/python3.13/site-packages/anyio/_backends/_asyncio.py", line 1002, in run
2026-09-21T00:41:04.635148954Z     result = context.run(func, *args)
2026-09-21T00:41:04.635153884Z   File "/app/app/routers/orders.py", line 36, in checkout
2026-09-21T00:41:04.635158893Z     return create_order(
2026-09-21T00:41:04.635163923Z         db=db,
2026-09-21T00:41:04.635168883Z     ...<2 lines>...
2026-09-21T00:41:04.635173773Z         correlation_id=correlation_id,
2026-09-21T00:41:04.635178823Z     )
2026-09-21T00:41:04.635183833Z   File "/app/app/services/order_service.py", line 42, in create_order
2026-09-21T00:41:04.635188752Z     result = db.execute(
2026-09-21T00:41:04.635193642Z         select(ProductModel).where(ProductModel.id == product_id)
2026-09-21T00:41:04.635198522Z     )
2026-09-21T00:41:04.635203421Z   File "/usr/local/lib/python3.13/site-packages/sqlalchemy/orm/session.py", line 2372, in execute
2026-09-21T00:41:04.635208301Z     return self._execute_internal(
2026-09-21T00:41:04.635213171Z            ~~~~~~~~~~~~~~~~~~~~~~^
2026-09-21T00:41:04.635218130Z         statement,
2026-09-21T00:41:04.635223070Z         ^^^^^^^^^^
2026-09-21T00:41:04.635227930Z     ...<4 lines>...
2026-09-21T00:41:04.635232819Z         _add_event=_add_event,
2026-09-21T00:41:04.635237659Z         ^^^^^^^^^^^^^^^^^^^^^^
2026-09-21T00:41:04.635242529Z     )
2026-09-21T00:41:04.635247378Z     ^
2026-09-21T00:41:04.635252368Z   File "/usr/local/lib/python3.13/site-packages/sqlalchemy/orm/session.py", line 2260, in _execute_internal
2026-09-21T00:41:04.635257358Z     conn = self._connection_for_bind(bind)
2026-09-21T00:41:04.635262308Z   File "/usr/local/lib/python3.13/site-packages/sqlalchemy/orm/session.py", line 2112, in _connection_for_bind
2026-09-21T00:41:04.635267257Z     return trans._connection_for_bind(engine, execution_options)
2026-09-21T00:41:04.635272197Z            ~~~~~~~~~~~~~~~~~~~~~~~~~~^^^^^^^^^^^^^^^^^^^^^^^^^^^
2026-09-21T00:41:04.635277097Z   File "<string>", line 2, in _connection_for_bind
2026-09-21T00:41:04.635281996Z   File "/usr/local/lib/python3.13/site-packages/sqlalchemy/orm/state_changes.py", line 137, in _go
2026-09-21T00:41:04.635286896Z     ret_value = fn(self, *arg, **kw)
2026-09-21T00:41:04.635291756Z   File "/usr/local/lib/python3.13/site-packages/sqlalchemy/orm/session.py", line 1191, in _connection_for_bind
2026-09-21T00:41:04.635296736Z     conn = bind.connect()
2026-09-21T00:41:04.635302407Z   File "/usr/local/lib/python3.13/site-packages/opentelemetry/instrumentation/sqlalchemy/engine.py", line 200, in _wrap_connect_internal
2026-09-21T00:41:04.635307356Z     return func(*args, **kwargs)
2026-09-21T00:41:04.635312246Z   File "/usr/local/lib/python3.13/site-packages/sqlalchemy/engine/base.py", line 3295, in connect
2026-09-21T00:41:04.635330552Z     return self._connection_cls(self)
2026-09-21T00:41:04.635335572Z            ~~~~~~~~~~~~~~~~~~~~^^^^^^
2026-09-21T00:41:04.635340492Z   File "/usr/local/lib/python3.13/site-packages/sqlalchemy/engine/base.py", line 144, in __init__
2026-09-21T00:41:04.635345392Z     self._dbapi_connection = engine.raw_connection()
2026-09-21T00:41:04.635350361Z                              ~~~~~~~~~~~~~~~~~~~~~^^
2026-09-21T00:41:04.635355281Z   File "/usr/local/lib/python3.13/site-packages/sqlalchemy/engine/base.py", line 3319, in raw_connection
2026-09-21T00:41:04.635360171Z     return self.pool.connect()
2026-09-21T00:41:04.635365050Z            ~~~~~~~~~~~~~~~~~^^
2026-09-21T00:41:04.635370000Z   File "/usr/local/lib/python3.13/site-packages/sqlalchemy/pool/base.py", line 448, in connect
2026-09-21T00:41:04.635375010Z     return _ConnectionFairy._checkout(self)
2026-09-21T00:41:04.635379910Z            ~~~~~~~~~~~~~~~~~~~~~~~~~~^^^^^^
2026-09-21T00:41:04.635384819Z   File "/usr/local/lib/python3.13/site-packages/sqlalchemy/pool/base.py", line 1272, in _checkout
2026-09-21T00:41:04.635393537Z     fairy = _ConnectionRecord.checkout(pool)
2026-09-21T00:41:04.635398627Z   File "/usr/local/lib/python3.13/site-packages/sqlalchemy/pool/base.py", line 712, in checkout
2026-09-21T00:41:04.635403657Z     rec = pool._do_get()
2026-09-21T00:41:04.635408606Z   File "/usr/local/lib/python3.13/site-packages/sqlalchemy/pool/impl.py", line 167, in _do_get
2026-09-21T00:41:04.635413486Z     raise exc.TimeoutError(
2026-09-21T00:41:04.635418376Z     ...<4 lines>...
2026-09-21T00:41:04.635423315Z     )
2026-09-21T00:41:04.635428926Z sqlalchemy.exc.TimeoutError: QueuePool limit of size 5 overflow 10 reached, connection timed out, timeout 30.00 (Background on this error at: https://sqlalche.me/e/20/3o7r)
2026-09-21T00:41:04.659576565Z ERROR:    Exception in ASGI application
2026-09-21T00:41:04.659615802Z Traceback (most recent call last):
2026-09-21T00:41:04.659621874Z   File "/usr/local/lib/python3.13/site-packages/uvicorn/protocols/http/httptools_impl.py", line 421, in run_asgi
2026-09-21T00:41:04.659626734Z     result = await app(  # type: ignore[func-returns-value]
2026-09-21T00:41:04.659631002Z              ^^^^^^^^^^^^^^^^^^^^^^^^^^^^^^^^^^^^^^^^^^^^^^
2026-09-21T00:41:04.659635251Z         self.scope, self.receive, self.send
2026-09-21T00:41:04.659639459Z         ^^^^^^^^^^^^^^^^^^^^^^^^^^^^^^^^^^^
2026-09-21T00:41:04.659644188Z     )
2026-09-21T00:41:04.659648587Z     ^
2026-09-21T00:41:04.659652956Z   File "/usr/local/lib/python3.13/site-packages/uvicorn/middleware/proxy_headers.py", line 63, in __call__
2026-09-21T00:41:04.659657294Z     return await self.app(scope, receive, send)
2026-09-21T00:41:04.659661553Z            ^^^^^^^^^^^^^^^^^^^^^^^^^^^^^^^^^^^^
2026-09-21T00:41:04.659666172Z   File "/usr/local/lib/python3.13/site-packages/fastapi/applications.py", line 1159, in __call__
2026-09-21T00:41:04.659670420Z     await super().__call__(scope, receive, send)
2026-09-21T00:41:04.659674659Z   File "/usr/local/lib/python3.13/site-packages/starlette/applications.py", line 107, in __call__
2026-09-21T00:41:04.659678987Z     await self.middleware_stack(scope, receive, send)
2026-09-21T00:41:04.659683235Z   File "/usr/local/lib/python3.13/site-packages/starlette/middleware/errors.py", line 186, in __call__
2026-09-21T00:41:04.659687534Z     raise exc
2026-09-21T00:41:04.659691792Z   File "/usr/local/lib/python3.13/site-packages/starlette/middleware/errors.py", line 164, in __call__
2026-09-21T00:41:04.659696061Z     await self.app(scope, receive, _send)
2026-09-21T00:41:04.659701011Z   File "/usr/local/lib/python3.13/site-packages/opentelemetry/instrumentation/asgi/__init__.py", line 806, in __call__
2026-09-21T00:41:04.659733064Z     await self.app(scope, otel_receive, otel_send)
2026-09-21T00:41:04.659737523Z   File "/usr/local/lib/python3.13/site-packages/starlette/middleware/errors.py", line 186, in __call__
2026-09-21T00:41:04.659741861Z     raise exc
2026-09-21T00:41:04.659746130Z   File "/usr/local/lib/python3.13/site-packages/starlette/middleware/errors.py", line 164, in __call__
2026-09-21T00:41:04.659750438Z     await self.app(scope, receive, _send)
2026-09-21T00:41:04.659754717Z   File "/usr/local/lib/python3.13/site-packages/opentelemetry/instrumentation/fastapi/__init__.py", line 305, in __call__
2026-09-21T00:41:04.659758995Z     await self.app(scope, receive, send)
2026-09-21T00:41:04.659763233Z   File "/usr/local/lib/python3.13/site-packages/prometheus_fastapi_instrumentator/middleware.py", line 177, in __call__
2026-09-21T00:41:04.659767502Z     raise exc
2026-09-21T00:41:04.659771760Z   File "/usr/local/lib/python3.13/site-packages/prometheus_fastapi_instrumentator/middleware.py", line 175, in __call__
2026-09-21T00:41:04.659776089Z     await self.app(scope, receive, send_wrapper)
2026-09-21T00:41:04.659780357Z   File "/usr/local/lib/python3.13/site-packages/starlette/middleware/exceptions.py", line 63, in __call__
2026-09-21T00:41:04.659785127Z     await wrap_app_handling_exceptions(self.app, conn)(scope, receive, send)
2026-09-21T00:41:04.659789375Z   File "/usr/local/lib/python3.13/site-packages/starlette/_exception_handler.py", line 53, in wrapped_app
2026-09-21T00:41:04.659793603Z     raise exc
2026-09-21T00:41:04.659797822Z   File "/usr/local/lib/python3.13/site-packages/starlette/_exception_handler.py", line 42, in wrapped_app
2026-09-21T00:41:04.659802661Z     await app(scope, receive, sender)
2026-09-21T00:41:04.659807060Z   File "/usr/local/lib/python3.13/site-packages/fastapi/middleware/asyncexitstack.py", line 18, in __call__
2026-09-21T00:41:04.659811449Z     await self.app(scope, receive, send)
2026-09-21T00:41:04.659815727Z   File "/usr/local/lib/python3.13/site-packages/starlette/routing.py", line 716, in __call__
2026-09-21T00:41:04.659819985Z     await self.middleware_stack(scope, receive, send)
2026-09-21T00:41:04.659824244Z   File "/usr/local/lib/python3.13/site-packages/starlette/routing.py", line 736, in app
2026-09-21T00:41:04.659828512Z     await route.handle(scope, receive, send)
2026-09-21T00:41:04.659832761Z   File "/usr/local/lib/python3.13/site-packages/starlette/routing.py", line 290, in handle
2026-09-21T00:41:04.659837009Z     await self.app(scope, receive, send)
2026-09-21T00:41:04.659841267Z   File "/usr/local/lib/python3.13/site-packages/fastapi/routing.py", line 134, in app
2026-09-21T00:41:04.659845586Z     await wrap_app_handling_exceptions(app, request)(scope, receive, send)
2026-09-21T00:41:04.659850075Z   File "/usr/local/lib/python3.13/site-packages/starlette/_exception_handler.py", line 53, in wrapped_app
2026-09-21T00:41:04.659935804Z     raise exc
2026-09-21T00:41:04.659954661Z   File "/usr/local/lib/python3.13/site-packages/starlette/_exception_handler.py", line 42, in wrapped_app
2026-09-21T00:41:04.659959300Z     await app(scope, receive, sender)
2026-09-21T00:41:04.659963659Z   File "/usr/local/lib/python3.13/site-packages/fastapi/routing.py", line 120, in app
2026-09-21T00:41:04.659968519Z     response = await f(request)
2026-09-21T00:41:04.659972827Z                ^^^^^^^^^^^^^^^^
2026-09-21T00:41:04.659977256Z   File "/usr/local/lib/python3.13/site-packages/fastapi/routing.py", line 674, in app
2026-09-21T00:41:04.659981574Z     raw_response = await run_endpoint_function(
2026-09-21T00:41:04.659985843Z                    ^^^^^^^^^^^^^^^^^^^^^^^^^^^^
2026-09-21T00:41:04.660033938Z     ...<3 lines>...
2026-09-21T00:41:04.660038727Z     )
2026-09-21T00:41:04.660041192Z     ^
2026-09-21T00:41:04.660043907Z   File "/usr/local/lib/python3.13/site-packages/fastapi/routing.py", line 330, in run_endpoint_function
2026-09-21T00:41:04.660049118Z     return await run_in_threadpool(dependant.call, **values)
2026-09-21T00:41:04.660051532Z            ^^^^^^^^^^^^^^^^^^^^^^^^^^^^^^^^^^^^^^^^^^^^^^^^^
2026-09-21T00:41:04.660066382Z   File "/usr/local/lib/python3.13/site-packages/starlette/concurrency.py", line 32, in run_in_threadpool
2026-09-21T00:41:04.660068576Z     return await anyio.to_thread.run_sync(func)
2026-09-21T00:41:04.660070510Z            ^^^^^^^^^^^^^^^^^^^^^^^^^^^^^^^^^^^^
2026-09-21T00:41:04.660072444Z   File "/usr/local/lib/python3.13/site-packages/anyio/to_thread.py", line 63, in run_sync
2026-09-21T00:41:04.660074989Z     return await get_async_backend().run_sync_in_worker_thread(
2026-09-21T00:41:04.660077013Z            ^^^^^^^^^^^^^^^^^^^^^^^^^^^^^^^^^^^^^^^^^^^^^^^^^^^^
2026-09-21T00:41:04.660078936Z         func, args, abandon_on_cancel=abandon_on_cancel, limiter=limiter
2026-09-21T00:41:04.660080830Z         ^^^^^^^^^^^^^^^^^^^^^^^^^^^^^^^^^^^^^^^^^^^^^^^^^^^^^^^^^^^^^^^^
2026-09-21T00:41:04.660082734Z     )
2026-09-21T00:41:04.660084648Z     ^
2026-09-21T00:41:04.660086602Z   File "/usr/local/lib/python3.13/site-packages/anyio/_backends/_asyncio.py", line 2518, in run_sync_in_worker_thread
2026-09-21T00:41:04.660088505Z     return await future
2026-09-21T00:41:04.660090399Z            ^^^^^^^^^^^^
2026-09-21T00:41:04.660092283Z   File "/usr/local/lib/python3.13/site-packages/anyio/_backends/_asyncio.py", line 1002, in run
2026-09-21T00:41:04.660094187Z     result = context.run(func, *args)
2026-09-21T00:41:04.660096090Z   File "/app/app/routers/orders.py", line 36, in checkout
2026-09-21T00:41:04.660098004Z     return create_order(
2026-09-21T00:41:04.660099908Z         db=db,
2026-09-21T00:41:04.660101822Z     ...<2 lines>...
2026-09-21T00:41:04.660103745Z         correlation_id=correlation_id,
2026-09-21T00:41:04.660105629Z     )
2026-09-21T00:41:04.660107563Z   File "/app/app/services/order_service.py", line 42, in create_order
2026-09-21T00:41:04.660109507Z     result = db.execute(
2026-09-21T00:41:04.660111411Z         select(ProductModel).where(ProductModel.id == product_id)
2026-09-21T00:41:04.660113304Z     )
2026-09-21T00:41:04.660115268Z   File "/usr/local/lib/python3.13/site-packages/sqlalchemy/orm/session.py", line 2372, in execute
2026-09-21T00:41:04.660117312Z     return self._execute_internal(
2026-09-21T00:41:04.660119206Z            ~~~~~~~~~~~~~~~~~~~~~~^
2026-09-21T00:41:04.660121110Z         statement,
2026-09-21T00:41:04.660123013Z         ^^^^^^^^^^
2026-09-21T00:41:04.660124967Z     ...<4 lines>...
2026-09-21T00:41:04.660126941Z         _add_event=_add_event,
2026-09-21T00:41:04.660128835Z         ^^^^^^^^^^^^^^^^^^^^^^
2026-09-21T00:41:04.660130719Z     )
2026-09-21T00:41:04.660132622Z     ^
2026-09-21T00:41:04.660134536Z   File "/usr/local/lib/python3.13/site-packages/sqlalchemy/orm/session.py", line 2260, in _execute_internal
2026-09-21T00:41:04.660136440Z     conn = self._connection_for_bind(bind)
2026-09-21T00:41:04.660138364Z   File "/usr/local/lib/python3.13/site-packages/sqlalchemy/orm/session.py", line 2112, in _connection_for_bind
2026-09-21T00:41:04.660140288Z     return trans._connection_for_bind(engine, execution_options)
2026-09-21T00:41:04.660142211Z            ~~~~~~~~~~~~~~~~~~~~~~~~~~^^^^^^^^^^^^^^^^^^^^^^^^^^^
2026-09-21T00:41:04.660144105Z   File "<string>", line 2, in _connection_for_bind
2026-09-21T00:41:04.660151670Z   File "/usr/local/lib/python3.13/site-packages/sqlalchemy/orm/state_changes.py", line 137, in _go
2026-09-21T00:41:04.660153644Z     ret_value = fn(self, *arg, **kw)
2026-09-21T00:41:04.660155538Z   File "/usr/local/lib/python3.13/site-packages/sqlalchemy/orm/session.py", line 1191, in _connection_for_bind
2026-09-21T00:41:04.660157441Z     conn = bind.connect()
2026-09-21T00:41:04.660159906Z   File "/usr/local/lib/python3.13/site-packages/opentelemetry/instrumentation/sqlalchemy/engine.py", line 200, in _wrap_connect_internal
2026-09-21T00:41:04.660161840Z     return func(*args, **kwargs)
2026-09-21T00:41:04.660163734Z   File "/usr/local/lib/python3.13/site-packages/sqlalchemy/engine/base.py", line 3295, in connect
2026-09-21T00:41:04.660165638Z     return self._connection_cls(self)
2026-09-21T00:41:04.660167541Z            ~~~~~~~~~~~~~~~~~~~~^^^^^^
2026-09-21T00:41:04.660169425Z   File "/usr/local/lib/python3.13/site-packages/sqlalchemy/engine/base.py", line 144, in __init__
2026-09-21T00:41:04.660171319Z     self._dbapi_connection = engine.raw_connection()
2026-09-21T00:41:04.660173203Z                              ~~~~~~~~~~~~~~~~~~~~~^^
2026-09-21T00:41:04.660175096Z   File "/usr/local/lib/python3.13/site-packages/sqlalchemy/engine/base.py", line 3319, in raw_connection
2026-09-21T00:41:04.660177020Z     return self.pool.connect()
2026-09-21T00:41:04.660178924Z            ~~~~~~~~~~~~~~~~~^^
2026-09-21T00:41:04.660180828Z   File "/usr/local/lib/python3.13/site-packages/sqlalchemy/pool/base.py", line 448, in connect
2026-09-21T00:41:04.660182721Z     return _ConnectionFairy._checkout(self)
2026-09-21T00:41:04.660186409Z            ~~~~~~~~~~~~~~~~~~~~~~~~~~^^^^^^
2026-09-21T00:41:04.660190196Z   File "/usr/local/lib/python3.13/site-packages/sqlalchemy/pool/base.py", line 1272, in _checkout
2026-09-21T00:41:04.660192150Z     fairy = _ConnectionRecord.checkout(pool)
2026-09-21T00:41:04.660194104Z   File "/usr/local/lib/python3.13/site-packages/sqlalchemy/pool/base.py", line 712, in checkout
2026-09-21T00:41:04.660196068Z     rec = pool._do_get()
2026-09-21T00:41:04.660198001Z   File "/usr/local/lib/python3.13/site-packages/sqlalchemy/pool/impl.py", line 167, in _do_get
2026-09-21T00:41:04.660199905Z     raise exc.TimeoutError(
2026-09-21T00:41:04.660201809Z     ...<4 lines>...
2026-09-21T00:41:04.660203703Z     )
2026-09-21T00:41:04.660206037Z sqlalchemy.exc.TimeoutError: QueuePool limit of size 5 overflow 10 reached, connection timed out, timeout 30.00 (Background on this error at: https://sqlalche.me/e/20/3o7r)
2026-09-21T00:41:04.748423565Z ERROR:    Exception in ASGI application
2026-09-21T00:41:04.748453815Z Traceback (most recent call last):
2026-09-21T00:41:04.748456561Z   File "/usr/local/lib/python3.13/site-packages/uvicorn/protocols/http/httptools_impl.py", line 421, in run_asgi
2026-09-21T00:41:04.748459076Z     result = await app(  # type: ignore[func-returns-value]
2026-09-21T00:41:04.748460989Z              ^^^^^^^^^^^^^^^^^^^^^^^^^^^^^^^^^^^^^^^^^^^^^^
2026-09-21T00:41:04.748462933Z         self.scope, self.receive, self.send
2026-09-21T00:41:04.748464827Z         ^^^^^^^^^^^^^^^^^^^^^^^^^^^^^^^^^^^
2026-09-21T00:41:04.748467141Z     )
2026-09-21T00:41:04.748469095Z     ^
2026-09-21T00:41:04.748471079Z   File "/usr/local/lib/python3.13/site-packages/uvicorn/middleware/proxy_headers.py", line 63, in __call__
2026-09-21T00:41:04.748473023Z     return await self.app(scope, receive, send)
2026-09-21T00:41:04.748474917Z            ^^^^^^^^^^^^^^^^^^^^^^^^^^^^^^^^^^^^
2026-09-21T00:41:04.748477442Z   File "/usr/local/lib/python3.13/site-packages/fastapi/applications.py", line 1159, in __call__
2026-09-21T00:41:04.748479376Z     await super().__call__(scope, receive, send)
2026-09-21T00:41:04.748497862Z   File "/usr/local/lib/python3.13/site-packages/starlette/applications.py", line 107, in __call__
2026-09-21T00:41:04.748499916Z     await self.middleware_stack(scope, receive, send)
2026-09-21T00:41:04.748501810Z   File "/usr/local/lib/python3.13/site-packages/starlette/middleware/errors.py", line 186, in __call__
2026-09-21T00:41:04.748503804Z     raise exc
2026-09-21T00:41:04.748505758Z   File "/usr/local/lib/python3.13/site-packages/starlette/middleware/errors.py", line 164, in __call__
2026-09-21T00:41:04.748507671Z     await self.app(scope, receive, _send)
2026-09-21T00:41:04.748510537Z   File "/usr/local/lib/python3.13/site-packages/opentelemetry/instrumentation/asgi/__init__.py", line 806, in __call__
2026-09-21T00:41:04.748512451Z     await self.app(scope, otel_receive, otel_send)
2026-09-21T00:41:04.748514405Z   File "/usr/local/lib/python3.13/site-packages/starlette/middleware/errors.py", line 186, in __call__
2026-09-21T00:41:04.748516288Z     raise exc
2026-09-21T00:41:04.748518202Z   File "/usr/local/lib/python3.13/site-packages/starlette/middleware/errors.py", line 164, in __call__
2026-09-21T00:41:04.748520166Z     await self.app(scope, receive, _send)
2026-09-21T00:41:04.748522060Z   File "/usr/local/lib/python3.13/site-packages/opentelemetry/instrumentation/fastapi/__init__.py", line 305, in __call__
2026-09-21T00:41:04.748523974Z     await self.app(scope, receive, send)
2026-09-21T00:41:04.748525867Z   File "/usr/local/lib/python3.13/site-packages/prometheus_fastapi_instrumentator/middleware.py", line 177, in __call__
2026-09-21T00:41:04.748527962Z     raise exc
2026-09-21T00:41:04.748529875Z   File "/usr/local/lib/python3.13/site-packages/prometheus_fastapi_instrumentator/middleware.py", line 175, in __call__
2026-09-21T00:41:04.748531789Z     await self.app(scope, receive, send_wrapper)
2026-09-21T00:41:04.748533713Z   File "/usr/local/lib/python3.13/site-packages/starlette/middleware/exceptions.py", line 63, in __call__
2026-09-21T00:41:04.748536248Z     await wrap_app_handling_exceptions(self.app, conn)(scope, receive, send)
2026-09-21T00:41:04.748538152Z   File "/usr/local/lib/python3.13/site-packages/starlette/_exception_handler.py", line 53, in wrapped_app
2026-09-21T00:41:04.748540186Z     raise exc
2026-09-21T00:41:04.748542079Z   File "/usr/local/lib/python3.13/site-packages/starlette/_exception_handler.py", line 42, in wrapped_app
2026-09-21T00:41:04.748543973Z     await app(scope, receive, sender)
2026-09-21T00:41:04.748545947Z   File "/usr/local/lib/python3.13/site-packages/fastapi/middleware/asyncexitstack.py", line 18, in __call__
2026-09-21T00:41:04.748547851Z     await self.app(scope, receive, send)
2026-09-21T00:41:04.748549775Z   File "/usr/local/lib/python3.13/site-packages/starlette/routing.py", line 716, in __call__
2026-09-21T00:41:04.748551698Z     await self.middleware_stack(scope, receive, send)
2026-09-21T00:41:04.748553612Z   File "/usr/local/lib/python3.13/site-packages/starlette/routing.py", line 736, in app
2026-09-21T00:41:04.748555556Z     await route.handle(scope, receive, send)
2026-09-21T00:41:04.748557460Z   File "/usr/local/lib/python3.13/site-packages/starlette/routing.py", line 290, in handle
2026-09-21T00:41:04.748559364Z     await self.app(scope, receive, send)
2026-09-21T00:41:04.748561247Z   File "/usr/local/lib/python3.13/site-packages/fastapi/routing.py", line 134, in app
2026-09-21T00:41:04.748563141Z     await wrap_app_handling_exceptions(app, request)(scope, receive, send)
2026-09-21T00:41:04.748565135Z   File "/usr/local/lib/python3.13/site-packages/starlette/_exception_handler.py", line 53, in wrapped_app
2026-09-21T00:41:04.748567039Z     raise exc
2026-09-21T00:41:04.748573832Z   File "/usr/local/lib/python3.13/site-packages/starlette/_exception_handler.py", line 42, in wrapped_app
2026-09-21T00:41:04.748575876Z     await app(scope, receive, sender)
2026-09-21T00:41:04.748577770Z   File "/usr/local/lib/python3.13/site-packages/fastapi/routing.py", line 120, in app
2026-09-21T00:41:04.748580124Z     response = await f(request)
2026-09-21T00:41:04.748582038Z                ^^^^^^^^^^^^^^^^
2026-09-21T00:41:04.748583942Z   File "/usr/local/lib/python3.13/site-packages/fastapi/routing.py", line 674, in app
2026-09-21T00:41:04.748585836Z     raw_response = await run_endpoint_function(
2026-09-21T00:41:04.748587770Z                    ^^^^^^^^^^^^^^^^^^^^^^^^^^^^
2026-09-21T00:41:04.748590134Z     ...<3 lines>...
2026-09-21T00:41:04.748592058Z     )
2026-09-21T00:41:04.748593992Z     ^
2026-09-21T00:41:04.748595906Z   File "/usr/local/lib/python3.13/site-packages/fastapi/routing.py", line 330, in run_endpoint_function
2026-09-21T00:41:04.748597849Z     return await run_in_threadpool(dependant.call, **values)
2026-09-21T00:41:04.748599773Z            ^^^^^^^^^^^^^^^^^^^^^^^^^^^^^^^^^^^^^^^^^^^^^^^^^
2026-09-21T00:41:04.748603982Z   File "/usr/local/lib/python3.13/site-packages/starlette/concurrency.py", line 32, in run_in_threadpool
2026-09-21T00:41:04.748606056Z     return await anyio.to_thread.run_sync(func)
2026-09-21T00:41:04.748607989Z            ^^^^^^^^^^^^^^^^^^^^^^^^^^^^^^^^^^^^
2026-09-21T00:41:04.748609893Z   File "/usr/local/lib/python3.13/site-packages/anyio/to_thread.py", line 63, in run_sync
2026-09-21T00:41:04.748611807Z     return await get_async_backend().run_sync_in_worker_thread(
2026-09-21T00:41:04.748613721Z            ^^^^^^^^^^^^^^^^^^^^^^^^^^^^^^^^^^^^^^^^^^^^^^^^^^^^
2026-09-21T00:41:04.748615625Z         func, args, abandon_on_cancel=abandon_on_cancel, limiter=limiter
2026-09-21T00:41:04.748617538Z         ^^^^^^^^^^^^^^^^^^^^^^^^^^^^^^^^^^^^^^^^^^^^^^^^^^^^^^^^^^^^^^^^
2026-09-21T00:41:04.748619502Z     )
2026-09-21T00:41:04.748621416Z     ^
2026-09-21T00:41:04.748623320Z   File "/usr/local/lib/python3.13/site-packages/anyio/_backends/_asyncio.py", line 2518, in run_sync_in_worker_thread
2026-09-21T00:41:04.748625234Z     return await future
2026-09-21T00:41:04.748627147Z            ^^^^^^^^^^^^
2026-09-21T00:41:04.748629061Z   File "/usr/local/lib/python3.13/site-packages/anyio/_backends/_asyncio.py", line 1002, in run
2026-09-21T00:41:04.748630975Z     result = context.run(func, *args)
2026-09-21T00:41:04.748632889Z   File "/app/app/routers/orders.py", line 36, in checkout
2026-09-21T00:41:04.748634853Z     return create_order(
2026-09-21T00:41:04.748636786Z         db=db,
2026-09-21T00:41:04.748638720Z     ...<2 lines>...
2026-09-21T00:41:04.748640674Z         correlation_id=correlation_id,
2026-09-21T00:41:04.748642598Z     )
2026-09-21T00:41:04.748644552Z   File "/app/app/services/order_service.py", line 42, in create_order
2026-09-21T00:41:04.748646465Z     result = db.execute(
2026-09-21T00:41:04.748648379Z         select(ProductModel).where(ProductModel.id == product_id)
2026-09-21T00:41:04.748650333Z     )
2026-09-21T00:41:04.748652237Z   File "/usr/local/lib/python3.13/site-packages/sqlalchemy/orm/session.py", line 2372, in execute
2026-09-21T00:41:04.748654141Z     return self._execute_internal(
2026-09-21T00:41:04.748656074Z            ~~~~~~~~~~~~~~~~~~~~~~^
2026-09-21T00:41:04.748657988Z         statement,
2026-09-21T00:41:04.748659892Z         ^^^^^^^^^^
2026-09-21T00:41:04.748661816Z     ...<4 lines>...
2026-09-21T00:41:04.748663740Z         _add_event=_add_event,
2026-09-21T00:41:04.748665683Z         ^^^^^^^^^^^^^^^^^^^^^^
2026-09-21T00:41:04.748672316Z     )
2026-09-21T00:41:04.748674300Z     ^
2026-09-21T00:41:04.748676244Z   File "/usr/local/lib/python3.13/site-packages/sqlalchemy/orm/session.py", line 2260, in _execute_internal
2026-09-21T00:41:04.748678198Z     conn = self._connection_for_bind(bind)
2026-09-21T00:41:04.748680132Z   File "/usr/local/lib/python3.13/site-packages/sqlalchemy/orm/session.py", line 2112, in _connection_for_bind
2026-09-21T00:41:04.748682046Z     return trans._connection_for_bind(engine, execution_options)
2026-09-21T00:41:04.748683959Z            ~~~~~~~~~~~~~~~~~~~~~~~~~~^^^^^^^^^^^^^^^^^^^^^^^^^^^
2026-09-21T00:41:04.748685893Z   File "<string>", line 2, in _connection_for_bind
2026-09-21T00:41:04.748688058Z   File "/usr/local/lib/python3.13/site-packages/sqlalchemy/orm/state_changes.py", line 137, in _go
2026-09-21T00:41:04.748689981Z     ret_value = fn(self, *arg, **kw)
2026-09-21T00:41:04.748691965Z   File "/usr/local/lib/python3.13/site-packages/sqlalchemy/orm/session.py", line 1191, in _connection_for_bind
2026-09-21T00:41:04.748693879Z     conn = bind.connect()
2026-09-21T00:41:04.748696374Z   File "/usr/local/lib/python3.13/site-packages/opentelemetry/instrumentation/sqlalchemy/engine.py", line 200, in _wrap_connect_internal
2026-09-21T00:41:04.748698288Z     return func(*args, **kwargs)
2026-09-21T00:41:04.748700201Z   File "/usr/local/lib/python3.13/site-packages/sqlalchemy/engine/base.py", line 3295, in connect
2026-09-21T00:41:04.748702145Z     return self._connection_cls(self)
2026-09-21T00:41:04.748704119Z            ~~~~~~~~~~~~~~~~~~~~^^^^^^
2026-09-21T00:41:04.748706023Z   File "/usr/local/lib/python3.13/site-packages/sqlalchemy/engine/base.py", line 144, in __init__
2026-09-21T00:41:04.748707937Z     self._dbapi_connection = engine.raw_connection()
2026-09-21T00:41:04.748709911Z                              ~~~~~~~~~~~~~~~~~~~~~^^
2026-09-21T00:41:04.748711804Z   File "/usr/local/lib/python3.13/site-packages/sqlalchemy/engine/base.py", line 3319, in raw_connection
2026-09-21T00:41:04.748713828Z     return self.pool.connect()
2026-09-21T00:41:04.748715762Z            ~~~~~~~~~~~~~~~~~^^
2026-09-21T00:41:04.748717716Z   File "/usr/local/lib/python3.13/site-packages/sqlalchemy/pool/base.py", line 448, in connect
2026-09-21T00:41:04.748719640Z     return _ConnectionFairy._checkout(self)
2026-09-21T00:41:04.748721574Z            ~~~~~~~~~~~~~~~~~~~~~~~~~~^^^^^^
2026-09-21T00:41:04.748723487Z   File "/usr/local/lib/python3.13/site-packages/sqlalchemy/pool/base.py", line 1272, in _checkout
2026-09-21T00:41:04.748725411Z     fairy = _ConnectionRecord.checkout(pool)
2026-09-21T00:41:04.748727345Z   File "/usr/local/lib/python3.13/site-packages/sqlalchemy/pool/base.py", line 712, in checkout
2026-09-21T00:41:04.748729259Z     rec = pool._do_get()
2026-09-21T00:41:04.748731183Z   File "/usr/local/lib/python3.13/site-packages/sqlalchemy/pool/impl.py", line 167, in _do_get
2026-09-21T00:41:04.748733136Z     raise exc.TimeoutError(
2026-09-21T00:41:04.748735030Z     ...<4 lines>...
2026-09-21T00:41:04.748736944Z     )
2026-09-21T00:41:04.748739409Z sqlalchemy.exc.TimeoutError: QueuePool limit of size 5 overflow 10 reached, connection timed out, timeout 30.00 (Background on this error at: https://sqlalche.me/e/20/3o7r)
2026-09-21T00:41:04.754544873Z ERROR:    Exception in ASGI application
2026-09-21T00:41:04.754577417Z Traceback (most recent call last):
2026-09-21T00:41:04.754584641Z   File "/usr/local/lib/python3.13/site-packages/uvicorn/protocols/http/httptools_impl.py", line 421, in run_asgi
2026-09-21T00:41:04.754591555Z     result = await app(  # type: ignore[func-returns-value]
2026-09-21T00:41:04.754597156Z              ^^^^^^^^^^^^^^^^^^^^^^^^^^^^^^^^^^^^^^^^^^^^^^
2026-09-21T00:41:04.754639239Z         self.scope, self.receive, self.send
2026-09-21T00:41:04.754645241Z         ^^^^^^^^^^^^^^^^^^^^^^^^^^^^^^^^^^^
2026-09-21T00:41:04.754650842Z     )
2026-09-21T00:41:04.754656553Z     ^
2026-09-21T00:41:04.754662204Z   File "/usr/local/lib/python3.13/site-packages/uvicorn/middleware/proxy_headers.py", line 63, in __call__
2026-09-21T00:41:04.754667805Z     return await self.app(scope, receive, send)
2026-09-21T00:41:04.754673396Z            ^^^^^^^^^^^^^^^^^^^^^^^^^^^^^^^^^^^^
2026-09-21T00:41:04.754680170Z   File "/usr/local/lib/python3.13/site-packages/fastapi/applications.py", line 1159, in __call__
2026-09-21T00:41:04.754685741Z     await super().__call__(scope, receive, send)
2026-09-21T00:41:04.754691322Z   File "/usr/local/lib/python3.13/site-packages/starlette/applications.py", line 107, in __call__
2026-09-21T00:41:04.754697013Z     await self.middleware_stack(scope, receive, send)
2026-09-21T00:41:04.754702935Z   File "/usr/local/lib/python3.13/site-packages/starlette/middleware/errors.py", line 186, in __call__
2026-09-21T00:41:04.754708576Z     raise exc
2026-09-21T00:41:04.754714237Z   File "/usr/local/lib/python3.13/site-packages/starlette/middleware/errors.py", line 164, in __call__
2026-09-21T00:41:04.754719908Z     await self.app(scope, receive, _send)
2026-09-21T00:41:04.754726171Z   File "/usr/local/lib/python3.13/site-packages/opentelemetry/instrumentation/asgi/__init__.py", line 806, in __call__
2026-09-21T00:41:04.754736240Z     await self.app(scope, otel_receive, otel_send)
2026-09-21T00:41:04.754742082Z   File "/usr/local/lib/python3.13/site-packages/starlette/middleware/errors.py", line 186, in __call__
2026-09-21T00:41:04.754747683Z     raise exc
2026-09-21T00:41:04.754756250Z   File "/usr/local/lib/python3.13/site-packages/starlette/middleware/errors.py", line 164, in __call__
2026-09-21T00:41:04.754761991Z     await self.app(scope, receive, _send)
2026-09-21T00:41:04.754767632Z   File "/usr/local/lib/python3.13/site-packages/opentelemetry/instrumentation/fastapi/__init__.py", line 305, in __call__
2026-09-21T00:41:04.754773314Z     await self.app(scope, receive, send)
2026-09-21T00:41:04.754778915Z   File "/usr/local/lib/python3.13/site-packages/prometheus_fastapi_instrumentator/middleware.py", line 177, in __call__
2026-09-21T00:41:04.754785147Z     raise exc
2026-09-21T00:41:04.754790778Z   File "/usr/local/lib/python3.13/site-packages/prometheus_fastapi_instrumentator/middleware.py", line 175, in __call__
2026-09-21T00:41:04.754796349Z     await self.app(scope, receive, send_wrapper)
2026-09-21T00:41:04.754801890Z   File "/usr/local/lib/python3.13/site-packages/starlette/middleware/exceptions.py", line 63, in __call__
2026-09-21T00:41:04.754807962Z     await wrap_app_handling_exceptions(self.app, conn)(scope, receive, send)
2026-09-21T00:41:04.754813533Z   File "/usr/local/lib/python3.13/site-packages/starlette/_exception_handler.py", line 53, in wrapped_app
2026-09-21T00:41:04.754819174Z     raise exc
2026-09-21T00:41:04.754824705Z   File "/usr/local/lib/python3.13/site-packages/starlette/_exception_handler.py", line 42, in wrapped_app
2026-09-21T00:41:04.754830617Z     await app(scope, receive, sender)
2026-09-21T00:41:04.754836198Z   File "/usr/local/lib/python3.13/site-packages/fastapi/middleware/asyncexitstack.py", line 18, in __call__
2026-09-21T00:41:04.754841749Z     await self.app(scope, receive, send)
2026-09-21T00:41:04.754847320Z   File "/usr/local/lib/python3.13/site-packages/starlette/routing.py", line 716, in __call__
2026-09-21T00:41:04.754852871Z     await self.middleware_stack(scope, receive, send)
2026-09-21T00:41:04.754858462Z   File "/usr/local/lib/python3.13/site-packages/starlette/routing.py", line 736, in app
2026-09-21T00:41:04.754877650Z     await route.handle(scope, receive, send)
2026-09-21T00:41:04.754883401Z   File "/usr/local/lib/python3.13/site-packages/starlette/routing.py", line 290, in handle
2026-09-21T00:41:04.754888992Z     await self.app(scope, receive, send)
2026-09-21T00:41:04.754897539Z   File "/usr/local/lib/python3.13/site-packages/fastapi/routing.py", line 134, in app
2026-09-21T00:41:04.754903190Z     await wrap_app_handling_exceptions(app, request)(scope, receive, send)
2026-09-21T00:41:04.754908841Z   File "/usr/local/lib/python3.13/site-packages/starlette/_exception_handler.py", line 53, in wrapped_app
2026-09-21T00:41:04.754914512Z     raise exc
2026-09-21T00:41:04.754920113Z   File "/usr/local/lib/python3.13/site-packages/starlette/_exception_handler.py", line 42, in wrapped_app
2026-09-21T00:41:04.754925764Z     await app(scope, receive, sender)
2026-09-21T00:41:04.754931335Z   File "/usr/local/lib/python3.13/site-packages/fastapi/routing.py", line 120, in app
2026-09-21T00:41:04.754937698Z     response = await f(request)
2026-09-21T00:41:04.754943499Z                ^^^^^^^^^^^^^^^^
2026-09-21T00:41:04.754949131Z   File "/usr/local/lib/python3.13/site-packages/fastapi/routing.py", line 674, in app
2026-09-21T00:41:04.754954672Z     raw_response = await run_endpoint_function(
2026-09-21T00:41:04.754960263Z                    ^^^^^^^^^^^^^^^^^^^^^^^^^^^^
2026-09-21T00:41:04.754966264Z     ...<3 lines>...
2026-09-21T00:41:04.754971976Z     )
2026-09-21T00:41:04.754977627Z     ^
2026-09-21T00:41:04.754983208Z   File "/usr/local/lib/python3.13/site-packages/fastapi/routing.py", line 330, in run_endpoint_function
2026-09-21T00:41:04.754988739Z     return await run_in_threadpool(dependant.call, **values)
2026-09-21T00:41:04.754994360Z            ^^^^^^^^^^^^^^^^^^^^^^^^^^^^^^^^^^^^^^^^^^^^^^^^^
2026-09-21T00:41:04.755078797Z   File "/usr/local/lib/python3.13/site-packages/starlette/concurrency.py", line 32, in run_in_threadpool
2026-09-21T00:41:04.755092644Z     return await anyio.to_thread.run_sync(func)
2026-09-21T00:41:04.755098535Z            ^^^^^^^^^^^^^^^^^^^^^^^^^^^^^^^^^^^^
2026-09-21T00:41:04.755104167Z   File "/usr/local/lib/python3.13/site-packages/anyio/to_thread.py", line 63, in run_sync
2026-09-21T00:41:04.755109718Z     return await get_async_backend().run_sync_in_worker_thread(
2026-09-21T00:41:04.755115279Z            ^^^^^^^^^^^^^^^^^^^^^^^^^^^^^^^^^^^^^^^^^^^^^^^^^^^^
2026-09-21T00:41:04.755120819Z         func, args, abandon_on_cancel=abandon_on_cancel, limiter=limiter
2026-09-21T00:41:04.755126370Z         ^^^^^^^^^^^^^^^^^^^^^^^^^^^^^^^^^^^^^^^^^^^^^^^^^^^^^^^^^^^^^^^^
2026-09-21T00:41:04.755131971Z     )
2026-09-21T00:41:04.755137573Z     ^
2026-09-21T00:41:04.755143464Z   File "/usr/local/lib/python3.13/site-packages/anyio/_backends/_asyncio.py", line 2518, in run_sync_in_worker_thread
2026-09-21T00:41:04.755149005Z     return await future
2026-09-21T00:41:04.755154576Z            ^^^^^^^^^^^^
2026-09-21T00:41:04.755160087Z   File "/usr/local/lib/python3.13/site-packages/anyio/_backends/_asyncio.py", line 1002, in run
2026-09-21T00:41:04.755165628Z     result = context.run(func, *args)
2026-09-21T00:41:04.755171209Z   File "/app/app/routers/orders.py", line 36, in checkout
2026-09-21T00:41:04.755176770Z     return create_order(
2026-09-21T00:41:04.755182431Z         db=db,
2026-09-21T00:41:04.755188132Z     ...<2 lines>...
2026-09-21T00:41:04.755193723Z         correlation_id=correlation_id,
2026-09-21T00:41:04.755199264Z     )
2026-09-21T00:41:04.755204956Z   File "/app/app/services/order_service.py", line 42, in create_order
2026-09-21T00:41:04.755210567Z     result = db.execute(
2026-09-21T00:41:04.755240556Z         select(ProductModel).where(ProductModel.id == product_id)
2026-09-21T00:41:04.755246397Z     )
2026-09-21T00:41:04.755252038Z   File "/usr/local/lib/python3.13/site-packages/sqlalchemy/orm/session.py", line 2372, in execute
2026-09-21T00:41:04.755257629Z     return self._execute_internal(
2026-09-21T00:41:04.755263190Z            ~~~~~~~~~~~~~~~~~~~~~~^
2026-09-21T00:41:04.755268792Z         statement,
2026-09-21T00:41:04.755274403Z         ^^^^^^^^^^
2026-09-21T00:41:04.755279934Z     ...<4 lines>...
2026-09-21T00:41:04.755285484Z         _add_event=_add_event,
2026-09-21T00:41:04.755291156Z         ^^^^^^^^^^^^^^^^^^^^^^
2026-09-21T00:41:04.755296667Z     )
2026-09-21T00:41:04.755302258Z     ^
2026-09-21T00:41:04.755307829Z   File "/usr/local/lib/python3.13/site-packages/sqlalchemy/orm/session.py", line 2260, in _execute_internal
2026-09-21T00:41:04.755313380Z     conn = self._connection_for_bind(bind)
2026-09-21T00:41:04.755318971Z   File "/usr/local/lib/python3.13/site-packages/sqlalchemy/orm/session.py", line 2112, in _connection_for_bind
2026-09-21T00:41:04.755324542Z     return trans._connection_for_bind(engine, execution_options)
2026-09-21T00:41:04.755330072Z            ~~~~~~~~~~~~~~~~~~~~~~~~~~^^^^^^^^^^^^^^^^^^^^^^^^^^^
2026-09-21T00:41:04.755335593Z   File "<string>", line 2, in _connection_for_bind
2026-09-21T00:41:04.755341114Z   File "/usr/local/lib/python3.13/site-packages/sqlalchemy/orm/state_changes.py", line 137, in _go
2026-09-21T00:41:04.755346685Z     ret_value = fn(self, *arg, **kw)
2026-09-21T00:41:04.755352226Z   File "/usr/local/lib/python3.13/site-packages/sqlalchemy/orm/session.py", line 1191, in _connection_for_bind
2026-09-21T00:41:04.755357737Z     conn = bind.connect()
2026-09-21T00:41:04.755363619Z   File "/usr/local/lib/python3.13/site-packages/opentelemetry/instrumentation/sqlalchemy/engine.py", line 200, in _wrap_connect_internal
2026-09-21T00:41:04.755369190Z     return func(*args, **kwargs)
2026-09-21T00:41:04.755374761Z   File "/usr/local/lib/python3.13/site-packages/sqlalchemy/engine/base.py", line 3295, in connect
2026-09-21T00:41:04.755380342Z     return self._connection_cls(self)
2026-09-21T00:41:04.755385863Z            ~~~~~~~~~~~~~~~~~~~~^^^^^^
2026-09-21T00:41:04.755391504Z   File "/usr/local/lib/python3.13/site-packages/sqlalchemy/engine/base.py", line 144, in __init__
2026-09-21T00:41:04.755397045Z     self._dbapi_connection = engine.raw_connection()
2026-09-21T00:41:04.755402596Z                              ~~~~~~~~~~~~~~~~~~~~~^^
2026-09-21T00:41:04.755408127Z   File "/usr/local/lib/python3.13/site-packages/sqlalchemy/engine/base.py", line 3319, in raw_connection
2026-09-21T00:41:04.755413718Z     return self.pool.connect()
2026-09-21T00:41:04.755419279Z            ~~~~~~~~~~~~~~~~~^^
2026-09-21T00:41:04.755424819Z   File "/usr/local/lib/python3.13/site-packages/sqlalchemy/pool/base.py", line 448, in connect
2026-09-21T00:41:04.755430330Z     return _ConnectionFairy._checkout(self)
2026-09-21T00:41:04.755435871Z            ~~~~~~~~~~~~~~~~~~~~~~~~~~^^^^^^
2026-09-21T00:41:04.755441382Z   File "/usr/local/lib/python3.13/site-packages/sqlalchemy/pool/base.py", line 1272, in _checkout
2026-09-21T00:41:04.755446883Z     fairy = _ConnectionRecord.checkout(pool)
2026-09-21T00:41:04.755452424Z   File "/usr/local/lib/python3.13/site-packages/sqlalchemy/pool/base.py", line 712, in checkout
2026-09-21T00:41:04.755457955Z     rec = pool._do_get()
2026-09-21T00:41:04.755463907Z   File "/usr/local/lib/python3.13/site-packages/sqlalchemy/pool/impl.py", line 167, in _do_get
2026-09-21T00:41:04.755472143Z     raise exc.TimeoutError(
2026-09-21T00:41:04.755489116Z     ...<4 lines>...
2026-09-21T00:41:04.755493565Z     )
2026-09-21T00:41:04.755498615Z sqlalchemy.exc.TimeoutError: QueuePool limit of size 5 overflow 10 reached, connection timed out, timeout 30.00 (Background on this error at: https://sqlalche.me/e/20/3o7r)
2026-09-21T00:41:04.761077466Z ERROR:    Exception in ASGI application
2026-09-21T00:41:04.761113397Z Traceback (most recent call last):
2026-09-21T00:41:04.761118407Z   File "/usr/local/lib/python3.13/site-packages/uvicorn/protocols/http/httptools_impl.py", line 421, in run_asgi
2026-09-21T00:41:04.761122886Z     result = await app(  # type: ignore[func-returns-value]
2026-09-21T00:41:04.761126804Z              ^^^^^^^^^^^^^^^^^^^^^^^^^^^^^^^^^^^^^^^^^^^^^^
2026-09-21T00:41:04.761131002Z         self.scope, self.receive, self.send
2026-09-21T00:41:04.761135010Z         ^^^^^^^^^^^^^^^^^^^^^^^^^^^^^^^^^^^
2026-09-21T00:41:04.761138998Z     )
2026-09-21T00:41:04.761143076Z     ^
2026-09-21T00:41:04.761147074Z   File "/usr/local/lib/python3.13/site-packages/uvicorn/middleware/proxy_headers.py", line 63, in __call__
2026-09-21T00:41:04.761151162Z     return await self.app(scope, receive, send)
2026-09-21T00:41:04.761155691Z            ^^^^^^^^^^^^^^^^^^^^^^^^^^^^^^^^^^^^
2026-09-21T00:41:04.761161061Z   File "/usr/local/lib/python3.13/site-packages/fastapi/applications.py", line 1159, in __call__
2026-09-21T00:41:04.761165129Z     await super().__call__(scope, receive, send)
2026-09-21T00:41:04.761169177Z   File "/usr/local/lib/python3.13/site-packages/starlette/applications.py", line 107, in __call__
2026-09-21T00:41:04.761173145Z     await self.middleware_stack(scope, receive, send)
2026-09-21T00:41:04.761177073Z   File "/usr/local/lib/python3.13/site-packages/starlette/middleware/errors.py", line 186, in __call__
2026-09-21T00:41:04.761181091Z     raise exc
2026-09-21T00:41:04.761185049Z   File "/usr/local/lib/python3.13/site-packages/starlette/middleware/errors.py", line 164, in __call__
2026-09-21T00:41:04.761189016Z     await self.app(scope, receive, _send)
2026-09-21T00:41:04.761193836Z   File "/usr/local/lib/python3.13/site-packages/opentelemetry/instrumentation/asgi/__init__.py", line 806, in __call__
2026-09-21T00:41:04.761197854Z     await self.app(scope, otel_receive, otel_send)
2026-09-21T00:41:04.761201862Z   File "/usr/local/lib/python3.13/site-packages/starlette/middleware/errors.py", line 186, in __call__
2026-09-21T00:41:04.761205810Z     raise exc
2026-09-21T00:41:04.761209787Z   File "/usr/local/lib/python3.13/site-packages/starlette/middleware/errors.py", line 164, in __call__
2026-09-21T00:41:04.761213785Z     await self.app(scope, receive, _send)
2026-09-21T00:41:04.761217713Z   File "/usr/local/lib/python3.13/site-packages/opentelemetry/instrumentation/fastapi/__init__.py", line 305, in __call__
2026-09-21T00:41:04.761221671Z     await self.app(scope, receive, send)
2026-09-21T00:41:04.761225609Z   File "/usr/local/lib/python3.13/site-packages/prometheus_fastapi_instrumentator/middleware.py", line 177, in __call__
2026-09-21T00:41:04.761229707Z     raise exc
2026-09-21T00:41:04.761233815Z   File "/usr/local/lib/python3.13/site-packages/prometheus_fastapi_instrumentator/middleware.py", line 175, in __call__
2026-09-21T00:41:04.761237843Z     await self.app(scope, receive, send_wrapper)
2026-09-21T00:41:04.761241781Z   File "/usr/local/lib/python3.13/site-packages/starlette/middleware/exceptions.py", line 63, in __call__
2026-09-21T00:41:04.761246280Z     await wrap_app_handling_exceptions(self.app, conn)(scope, receive, send)
2026-09-21T00:41:04.761250217Z   File "/usr/local/lib/python3.13/site-packages/starlette/_exception_handler.py", line 53, in wrapped_app
2026-09-21T00:41:04.761254145Z     raise exc
2026-09-21T00:41:04.761287932Z   File "/usr/local/lib/python3.13/site-packages/starlette/_exception_handler.py", line 42, in wrapped_app
2026-09-21T00:41:04.761292190Z     await app(scope, receive, sender)
2026-09-21T00:41:04.761296188Z   File "/usr/local/lib/python3.13/site-packages/fastapi/middleware/asyncexitstack.py", line 18, in __call__
2026-09-21T00:41:04.761300126Z     await self.app(scope, receive, send)
2026-09-21T00:41:04.761307741Z   File "/usr/local/lib/python3.13/site-packages/starlette/routing.py", line 716, in __call__
2026-09-21T00:41:04.761311959Z     await self.middleware_stack(scope, receive, send)
2026-09-21T00:41:04.761315917Z   File "/usr/local/lib/python3.13/site-packages/starlette/routing.py", line 736, in app
2026-09-21T00:41:04.761319865Z     await route.handle(scope, receive, send)
2026-09-21T00:41:04.761323813Z   File "/usr/local/lib/python3.13/site-packages/starlette/routing.py", line 290, in handle
2026-09-21T00:41:04.761327770Z     await self.app(scope, receive, send)
2026-09-21T00:41:04.761331718Z   File "/usr/local/lib/python3.13/site-packages/fastapi/routing.py", line 134, in app
2026-09-21T00:41:04.761335666Z     await wrap_app_handling_exceptions(app, request)(scope, receive, send)
2026-09-21T00:41:04.761339624Z   File "/usr/local/lib/python3.13/site-packages/starlette/_exception_handler.py", line 53, in wrapped_app
2026-09-21T00:41:04.761343782Z     raise exc
2026-09-21T00:41:04.761347770Z   File "/usr/local/lib/python3.13/site-packages/starlette/_exception_handler.py", line 42, in wrapped_app
2026-09-21T00:41:04.761351748Z     await app(scope, receive, sender)
2026-09-21T00:41:04.761355706Z   File "/usr/local/lib/python3.13/site-packages/fastapi/routing.py", line 120, in app
2026-09-21T00:41:04.761360305Z     response = await f(request)
2026-09-21T00:41:04.761364262Z                ^^^^^^^^^^^^^^^^
2026-09-21T00:41:04.761368180Z   File "/usr/local/lib/python3.13/site-packages/fastapi/routing.py", line 674, in app
2026-09-21T00:41:04.761372128Z     raw_response = await run_endpoint_function(
2026-09-21T00:41:04.761376056Z                    ^^^^^^^^^^^^^^^^^^^^^^^^^^^^
2026-09-21T00:41:04.761380334Z     ...<3 lines>...
2026-09-21T00:41:04.761384332Z     )
2026-09-21T00:41:04.761388320Z     ^
2026-09-21T00:41:04.761392338Z   File "/usr/local/lib/python3.13/site-packages/fastapi/routing.py", line 330, in run_endpoint_function
2026-09-21T00:41:04.761396306Z     return await run_in_threadpool(dependant.call, **values)
2026-09-21T00:41:04.761400243Z            ^^^^^^^^^^^^^^^^^^^^^^^^^^^^^^^^^^^^^^^^^^^^^^^^^
2026-09-21T00:41:04.761459160Z   File "/usr/local/lib/python3.13/site-packages/starlette/concurrency.py", line 32, in run_in_threadpool
2026-09-21T00:41:04.761472817Z     return await anyio.to_thread.run_sync(func)
2026-09-21T00:41:04.761479370Z            ^^^^^^^^^^^^^^^^^^^^^^^^^^^^^^^^^^^^
2026-09-21T00:41:04.761485702Z   File "/usr/local/lib/python3.13/site-packages/anyio/to_thread.py", line 63, in run_sync
2026-09-21T00:41:04.761492165Z     return await get_async_backend().run_sync_in_worker_thread(
2026-09-21T00:41:04.761498598Z            ^^^^^^^^^^^^^^^^^^^^^^^^^^^^^^^^^^^^^^^^^^^^^^^^^^^^
2026-09-21T00:41:04.761504930Z         func, args, abandon_on_cancel=abandon_on_cancel, limiter=limiter
2026-09-21T00:41:04.761511212Z         ^^^^^^^^^^^^^^^^^^^^^^^^^^^^^^^^^^^^^^^^^^^^^^^^^^^^^^^^^^^^^^^^
2026-09-21T00:41:04.761517505Z     )
2026-09-21T00:41:04.761523857Z     ^
2026-09-21T00:41:04.761530170Z   File "/usr/local/lib/python3.13/site-packages/anyio/_backends/_asyncio.py", line 2518, in run_sync_in_worker_thread
2026-09-21T00:41:04.761536532Z     return await future
2026-09-21T00:41:04.761542995Z            ^^^^^^^^^^^^
2026-09-21T00:41:04.761574507Z   File "/usr/local/lib/python3.13/site-packages/anyio/_backends/_asyncio.py", line 1002, in run
2026-09-21T00:41:04.761581100Z     result = context.run(func, *args)
2026-09-21T00:41:04.761587383Z   File "/app/app/routers/orders.py", line 36, in checkout
2026-09-21T00:41:04.761593625Z     return create_order(
2026-09-21T00:41:04.761599988Z         db=db,
2026-09-21T00:41:04.761606320Z     ...<2 lines>...
2026-09-21T00:41:04.761612643Z         correlation_id=correlation_id,
2026-09-21T00:41:04.761619005Z     )
2026-09-21T00:41:04.761625418Z   File "/app/app/services/order_service.py", line 42, in create_order
2026-09-21T00:41:04.761631710Z     result = db.execute(
2026-09-21T00:41:04.761637953Z         select(ProductModel).where(ProductModel.id == product_id)
2026-09-21T00:41:04.761644225Z     )
2026-09-21T00:41:04.761650567Z   File "/usr/local/lib/python3.13/site-packages/sqlalchemy/orm/session.py", line 2372, in execute
2026-09-21T00:41:04.761656800Z     return self._execute_internal(
2026-09-21T00:41:04.761663313Z            ~~~~~~~~~~~~~~~~~~~~~~^
2026-09-21T00:41:04.761669675Z         statement,
2026-09-21T00:41:04.761675928Z         ^^^^^^^^^^
2026-09-21T00:41:04.761682200Z     ...<4 lines>...
2026-09-21T00:41:04.761688492Z         _add_event=_add_event,
2026-09-21T00:41:04.761694725Z         ^^^^^^^^^^^^^^^^^^^^^^
2026-09-21T00:41:04.761700957Z     )
2026-09-21T00:41:04.761707199Z     ^
2026-09-21T00:41:04.761713552Z   File "/usr/local/lib/python3.13/site-packages/sqlalchemy/orm/session.py", line 2260, in _execute_internal
2026-09-21T00:41:04.761719944Z     conn = self._connection_for_bind(bind)
2026-09-21T00:41:04.761726257Z   File "/usr/local/lib/python3.13/site-packages/sqlalchemy/orm/session.py", line 2112, in _connection_for_bind
2026-09-21T00:41:04.761732509Z     return trans._connection_for_bind(engine, execution_options)
2026-09-21T00:41:04.761738752Z            ~~~~~~~~~~~~~~~~~~~~~~~~~~^^^^^^^^^^^^^^^^^^^^^^^^^^^
2026-09-21T00:41:04.761744994Z   File "<string>", line 2, in _connection_for_bind
2026-09-21T00:41:04.761751276Z   File "/usr/local/lib/python3.13/site-packages/sqlalchemy/orm/state_changes.py", line 137, in _go
2026-09-21T00:41:04.761757529Z     ret_value = fn(self, *arg, **kw)
2026-09-21T00:41:04.761763781Z   File "/usr/local/lib/python3.13/site-packages/sqlalchemy/orm/session.py", line 1191, in _connection_for_bind
2026-09-21T00:41:04.761770194Z     conn = bind.connect()
2026-09-21T00:41:04.761777187Z   File "/usr/local/lib/python3.13/site-packages/opentelemetry/instrumentation/sqlalchemy/engine.py", line 200, in _wrap_connect_internal
2026-09-21T00:41:04.761783550Z     return func(*args, **kwargs)
2026-09-21T00:41:04.761789832Z   File "/usr/local/lib/python3.13/site-packages/sqlalchemy/engine/base.py", line 3295, in connect
2026-09-21T00:41:04.761796095Z     return self._connection_cls(self)
2026-09-21T00:41:04.761802347Z            ~~~~~~~~~~~~~~~~~~~~^^^^^^
2026-09-21T00:41:04.761808559Z   File "/usr/local/lib/python3.13/site-packages/sqlalchemy/engine/base.py", line 144, in __init__
2026-09-21T00:41:04.761814802Z     self._dbapi_connection = engine.raw_connection()
2026-09-21T00:41:04.761821154Z                              ~~~~~~~~~~~~~~~~~~~~~^^
2026-09-21T00:41:04.761827417Z   File "/usr/local/lib/python3.13/site-packages/sqlalchemy/engine/base.py", line 3319, in raw_connection
2026-09-21T00:41:04.761833829Z     return self.pool.connect()
2026-09-21T00:41:04.761840172Z            ~~~~~~~~~~~~~~~~~^^
2026-09-21T00:41:04.761846464Z   File "/usr/local/lib/python3.13/site-packages/sqlalchemy/pool/base.py", line 448, in connect
2026-09-21T00:41:04.761852706Z     return _ConnectionFairy._checkout(self)
2026-09-21T00:41:04.761873948Z            ~~~~~~~~~~~~~~~~~~~~~~~~~~^^^^^^
2026-09-21T00:41:04.761880461Z   File "/usr/local/lib/python3.13/site-packages/sqlalchemy/pool/base.py", line 1272, in _checkout
2026-09-21T00:41:04.761886764Z     fairy = _ConnectionRecord.checkout(pool)
2026-09-21T00:41:04.761893056Z   File "/usr/local/lib/python3.13/site-packages/sqlalchemy/pool/base.py", line 712, in checkout
2026-09-21T00:41:04.761901112Z     rec = pool._do_get()
2026-09-21T00:41:04.761909268Z   File "/usr/local/lib/python3.13/site-packages/sqlalchemy/pool/impl.py", line 167, in _do_get
2026-09-21T00:41:04.761917875Z     raise exc.TimeoutError(
2026-09-21T00:41:04.761927374Z     ...<4 lines>...
2026-09-21T00:41:04.761935891Z     )
2026-09-21T00:41:04.761946061Z sqlalchemy.exc.TimeoutError: QueuePool limit of size 5 overflow 10 reached, connection timed out, timeout 30.00 (Background on this error at: https://sqlalche.me/e/20/3o7r)
2026-09-21T00:41:04.767013112Z ERROR:    Exception in ASGI application
2026-09-21T00:41:04.767051507Z Traceback (most recent call last):
2026-09-21T00:41:04.767056888Z   File "/usr/local/lib/python3.13/site-packages/uvicorn/protocols/http/httptools_impl.py", line 421, in run_asgi
2026-09-21T00:41:04.767061707Z     result = await app(  # type: ignore[func-returns-value]
2026-09-21T00:41:04.767066347Z              ^^^^^^^^^^^^^^^^^^^^^^^^^^^^^^^^^^^^^^^^^^^^^^
2026-09-21T00:41:04.767070615Z         self.scope, self.receive, self.send
2026-09-21T00:41:04.767074873Z         ^^^^^^^^^^^^^^^^^^^^^^^^^^^^^^^^^^^
2026-09-21T00:41:04.767079412Z     )
2026-09-21T00:41:04.767083821Z     ^
2026-09-21T00:41:04.767088130Z   File "/usr/local/lib/python3.13/site-packages/uvicorn/middleware/proxy_headers.py", line 63, in __call__
2026-09-21T00:41:04.767092498Z     return await self.app(scope, receive, send)
2026-09-21T00:41:04.767096757Z            ^^^^^^^^^^^^^^^^^^^^^^^^^^^^^^^^^^^^
2026-09-21T00:41:04.767101746Z   File "/usr/local/lib/python3.13/site-packages/fastapi/applications.py", line 1159, in __call__
2026-09-21T00:41:04.767106035Z     await super().__call__(scope, receive, send)
2026-09-21T00:41:04.767110293Z   File "/usr/local/lib/python3.13/site-packages/starlette/applications.py", line 107, in __call__
2026-09-21T00:41:04.767114642Z     await self.middleware_stack(scope, receive, send)
2026-09-21T00:41:04.767118910Z   File "/usr/local/lib/python3.13/site-packages/starlette/middleware/errors.py", line 186, in __call__
2026-09-21T00:41:04.767123299Z     raise exc
2026-09-21T00:41:04.767127798Z   File "/usr/local/lib/python3.13/site-packages/starlette/middleware/errors.py", line 164, in __call__
2026-09-21T00:41:04.767132096Z     await self.app(scope, receive, _send)
2026-09-21T00:41:04.767137657Z   File "/usr/local/lib/python3.13/site-packages/opentelemetry/instrumentation/asgi/__init__.py", line 806, in __call__
2026-09-21T00:41:04.767141916Z     await self.app(scope, otel_receive, otel_send)
2026-09-21T00:41:04.767146204Z   File "/usr/local/lib/python3.13/site-packages/starlette/middleware/errors.py", line 186, in __call__
2026-09-21T00:41:04.767150573Z     raise exc
2026-09-21T00:41:04.767154831Z   File "/usr/local/lib/python3.13/site-packages/starlette/middleware/errors.py", line 164, in __call__
2026-09-21T00:41:04.767159100Z     await self.app(scope, receive, _send)
2026-09-21T00:41:04.767163398Z   File "/usr/local/lib/python3.13/site-packages/opentelemetry/instrumentation/fastapi/__init__.py", line 305, in __call__
2026-09-21T00:41:04.767167657Z     await self.app(scope, receive, send)
2026-09-21T00:41:04.767171885Z   File "/usr/local/lib/python3.13/site-packages/prometheus_fastapi_instrumentator/middleware.py", line 177, in __call__
2026-09-21T00:41:04.767201654Z     raise exc
2026-09-21T00:41:04.767206273Z   File "/usr/local/lib/python3.13/site-packages/prometheus_fastapi_instrumentator/middleware.py", line 175, in __call__
2026-09-21T00:41:04.767210601Z     await self.app(scope, receive, send_wrapper)
2026-09-21T00:41:04.767214880Z   File "/usr/local/lib/python3.13/site-packages/starlette/middleware/exceptions.py", line 63, in __call__
2026-09-21T00:41:04.767220040Z     await wrap_app_handling_exceptions(self.app, conn)(scope, receive, send)
2026-09-21T00:41:04.767224328Z   File "/usr/local/lib/python3.13/site-packages/starlette/_exception_handler.py", line 53, in wrapped_app
2026-09-21T00:41:04.767228587Z     raise exc
2026-09-21T00:41:04.767232845Z   File "/usr/local/lib/python3.13/site-packages/starlette/_exception_handler.py", line 42, in wrapped_app
2026-09-21T00:41:04.767237104Z     await app(scope, receive, sender)
2026-09-21T00:41:04.767241362Z   File "/usr/local/lib/python3.13/site-packages/fastapi/middleware/asyncexitstack.py", line 18, in __call__
2026-09-21T00:41:04.767245650Z     await self.app(scope, receive, send)
2026-09-21T00:41:04.767249919Z   File "/usr/local/lib/python3.13/site-packages/starlette/routing.py", line 716, in __call__
2026-09-21T00:41:04.767254608Z     await self.middleware_stack(scope, receive, send)
2026-09-21T00:41:04.767258967Z   File "/usr/local/lib/python3.13/site-packages/starlette/routing.py", line 736, in app
2026-09-21T00:41:04.767263265Z     await route.handle(scope, receive, send)
2026-09-21T00:41:04.767267594Z   File "/usr/local/lib/python3.13/site-packages/starlette/routing.py", line 290, in handle
2026-09-21T00:41:04.767275419Z     await self.app(scope, receive, send)
2026-09-21T00:41:04.767279838Z   File "/usr/local/lib/python3.13/site-packages/fastapi/routing.py", line 134, in app
2026-09-21T00:41:04.767284247Z     await wrap_app_handling_exceptions(app, request)(scope, receive, send)
2026-09-21T00:41:04.767288565Z   File "/usr/local/lib/python3.13/site-packages/starlette/_exception_handler.py", line 53, in wrapped_app
2026-09-21T00:41:04.767292844Z     raise exc
2026-09-21T00:41:04.767297152Z   File "/usr/local/lib/python3.13/site-packages/starlette/_exception_handler.py", line 42, in wrapped_app
2026-09-21T00:41:04.767301411Z     await app(scope, receive, sender)
2026-09-21T00:41:04.767305699Z   File "/usr/local/lib/python3.13/site-packages/fastapi/routing.py", line 120, in app
2026-09-21T00:41:04.767310609Z     response = await f(request)
2026-09-21T00:41:04.767314917Z                ^^^^^^^^^^^^^^^^
2026-09-21T00:41:04.767319246Z   File "/usr/local/lib/python3.13/site-packages/fastapi/routing.py", line 674, in app
2026-09-21T00:41:04.767323544Z     raw_response = await run_endpoint_function(
2026-09-21T00:41:04.767327813Z                    ^^^^^^^^^^^^^^^^^^^^^^^^^^^^
2026-09-21T00:41:04.767332422Z     ...<3 lines>...
2026-09-21T00:41:04.767336720Z     )
2026-09-21T00:41:04.767341019Z     ^
2026-09-21T00:41:04.767345317Z   File "/usr/local/lib/python3.13/site-packages/fastapi/routing.py", line 330, in run_endpoint_function
2026-09-21T00:41:04.767349586Z     return await run_in_threadpool(dependant.call, **values)
2026-09-21T00:41:04.767353964Z            ^^^^^^^^^^^^^^^^^^^^^^^^^^^^^^^^^^^^^^^^^^^^^^^^^
2026-09-21T00:41:04.767417159Z   File "/usr/local/lib/python3.13/site-packages/starlette/concurrency.py", line 32, in run_in_threadpool
2026-09-21T00:41:04.767427439Z     return await anyio.to_thread.run_sync(func)
2026-09-21T00:41:04.767431938Z            ^^^^^^^^^^^^^^^^^^^^^^^^^^^^^^^^^^^^
2026-09-21T00:41:04.767436227Z   File "/usr/local/lib/python3.13/site-packages/anyio/to_thread.py", line 63, in run_sync
2026-09-21T00:41:04.767440525Z     return await get_async_backend().run_sync_in_worker_thread(
2026-09-21T00:41:04.767463631Z            ^^^^^^^^^^^^^^^^^^^^^^^^^^^^^^^^^^^^^^^^^^^^^^^^^^^^
2026-09-21T00:41:04.767468290Z         func, args, abandon_on_cancel=abandon_on_cancel, limiter=limiter
2026-09-21T00:41:04.767472628Z         ^^^^^^^^^^^^^^^^^^^^^^^^^^^^^^^^^^^^^^^^^^^^^^^^^^^^^^^^^^^^^^^^
2026-09-21T00:41:04.767476937Z     )
2026-09-21T00:41:04.767481225Z     ^
2026-09-21T00:41:04.767485474Z   File "/usr/local/lib/python3.13/site-packages/anyio/_backends/_asyncio.py", line 2518, in run_sync_in_worker_thread
2026-09-21T00:41:04.767489782Z     return await future
2026-09-21T00:41:04.767494091Z            ^^^^^^^^^^^^
2026-09-21T00:41:04.767498379Z   File "/usr/local/lib/python3.13/site-packages/anyio/_backends/_asyncio.py", line 1002, in run
2026-09-21T00:41:04.767502718Z     result = context.run(func, *args)
2026-09-21T00:41:04.767506986Z   File "/app/app/routers/orders.py", line 36, in checkout
2026-09-21T00:41:04.767511325Z     return create_order(
2026-09-21T00:41:04.767515663Z         db=db,
2026-09-21T00:41:04.767519972Z     ...<2 lines>...
2026-09-21T00:41:04.767524411Z         correlation_id=correlation_id,
2026-09-21T00:41:04.767531946Z     )
2026-09-21T00:41:04.767539170Z   File "/app/app/services/order_service.py", line 42, in create_order
2026-09-21T00:41:04.767546364Z     result = db.execute(
2026-09-21T00:41:04.767553228Z         select(ProductModel).where(ProductModel.id == product_id)
2026-09-21T00:41:04.767559490Z     )
2026-09-21T00:41:04.767565762Z   File "/usr/local/lib/python3.13/site-packages/sqlalchemy/orm/session.py", line 2372, in execute
2026-09-21T00:41:04.767572015Z     return self._execute_internal(
2026-09-21T00:41:04.767579069Z            ~~~~~~~~~~~~~~~~~~~~~~^
2026-09-21T00:41:04.767585561Z         statement,
2026-09-21T00:41:04.767592515Z         ^^^^^^^^^^
2026-09-21T00:41:04.767599078Z     ...<4 lines>...
2026-09-21T00:41:04.767605330Z         _add_event=_add_event,
2026-09-21T00:41:04.767611583Z         ^^^^^^^^^^^^^^^^^^^^^^
2026-09-21T00:41:04.767617795Z     )
2026-09-21T00:41:04.767624017Z     ^
2026-09-21T00:41:04.767630310Z   File "/usr/local/lib/python3.13/site-packages/sqlalchemy/orm/session.py", line 2260, in _execute_internal
2026-09-21T00:41:04.767636612Z     conn = self._connection_for_bind(bind)
2026-09-21T00:41:04.767643115Z   File "/usr/local/lib/python3.13/site-packages/sqlalchemy/orm/session.py", line 2112, in _connection_for_bind
2026-09-21T00:41:04.767649528Z     return trans._connection_for_bind(engine, execution_options)
2026-09-21T00:41:04.767655950Z            ~~~~~~~~~~~~~~~~~~~~~~~~~~^^^^^^^^^^^^^^^^^^^^^^^^^^^
2026-09-21T00:41:04.767662283Z   File "<string>", line 2, in _connection_for_bind
2026-09-21T00:41:04.767668525Z   File "/usr/local/lib/python3.13/site-packages/sqlalchemy/orm/state_changes.py", line 137, in _go
2026-09-21T00:41:04.767674717Z     ret_value = fn(self, *arg, **kw)
2026-09-21T00:41:04.767681000Z   File "/usr/local/lib/python3.13/site-packages/sqlalchemy/orm/session.py", line 1191, in _connection_for_bind
2026-09-21T00:41:04.767687312Z     conn = bind.connect()
2026-09-21T00:41:04.767694226Z   File "/usr/local/lib/python3.13/site-packages/opentelemetry/instrumentation/sqlalchemy/engine.py", line 200, in _wrap_connect_internal
2026-09-21T00:41:04.767700628Z     return func(*args, **kwargs)
2026-09-21T00:41:04.767706881Z   File "/usr/local/lib/python3.13/site-packages/sqlalchemy/engine/base.py", line 3295, in connect
2026-09-21T00:41:04.767713143Z     return self._connection_cls(self)
2026-09-21T00:41:04.767719385Z            ~~~~~~~~~~~~~~~~~~~~^^^^^^
2026-09-21T00:41:04.767741710Z   File "/usr/local/lib/python3.13/site-packages/sqlalchemy/engine/base.py", line 144, in __init__
2026-09-21T00:41:04.767748152Z     self._dbapi_connection = engine.raw_connection()
2026-09-21T00:41:04.767754324Z                              ~~~~~~~~~~~~~~~~~~~~~^^
2026-09-21T00:41:04.767760527Z   File "/usr/local/lib/python3.13/site-packages/sqlalchemy/engine/base.py", line 3319, in raw_connection
2026-09-21T00:41:04.767766869Z     return self.pool.connect()
2026-09-21T00:41:04.767773132Z            ~~~~~~~~~~~~~~~~~^^
2026-09-21T00:41:04.767783231Z   File "/usr/local/lib/python3.13/site-packages/sqlalchemy/pool/base.py", line 448, in connect
2026-09-21T00:41:04.767789634Z     return _ConnectionFairy._checkout(self)
2026-09-21T00:41:04.767795907Z            ~~~~~~~~~~~~~~~~~~~~~~~~~~^^^^^^
2026-09-21T00:41:04.767802189Z   File "/usr/local/lib/python3.13/site-packages/sqlalchemy/pool/base.py", line 1272, in _checkout
2026-09-21T00:41:04.767808461Z     fairy = _ConnectionRecord.checkout(pool)
2026-09-21T00:41:04.767814774Z   File "/usr/local/lib/python3.13/site-packages/sqlalchemy/pool/base.py", line 712, in checkout
2026-09-21T00:41:04.767821186Z     rec = pool._do_get()
2026-09-21T00:41:04.767827519Z   File "/usr/local/lib/python3.13/site-packages/sqlalchemy/pool/impl.py", line 167, in _do_get
2026-09-21T00:41:04.767833841Z     raise exc.TimeoutError(
2026-09-21T00:41:04.767840104Z     ...<4 lines>...
2026-09-21T00:41:04.767846406Z     )
2026-09-21T00:41:04.767853660Z sqlalchemy.exc.TimeoutError: QueuePool limit of size 5 overflow 10 reached, connection timed out, timeout 30.00 (Background on this error at: https://sqlalche.me/e/20/3o7r)
2026-09-21T00:41:04.855759116Z ERROR:    Exception in ASGI application
2026-09-21T00:41:04.855800237Z Traceback (most recent call last):
2026-09-21T00:41:04.855809796Z   File "/usr/local/lib/python3.13/site-packages/uvicorn/protocols/http/httptools_impl.py", line 421, in run_asgi
2026-09-21T00:41:04.855814876Z     result = await app(  # type: ignore[func-returns-value]
2026-09-21T00:41:04.855819205Z              ^^^^^^^^^^^^^^^^^^^^^^^^^^^^^^^^^^^^^^^^^^^^^^
2026-09-21T00:41:04.855823443Z         self.scope, self.receive, self.send
2026-09-21T00:41:04.855828122Z         ^^^^^^^^^^^^^^^^^^^^^^^^^^^^^^^^^^^
2026-09-21T00:41:04.855832461Z     )
2026-09-21T00:41:04.855836779Z     ^
2026-09-21T00:41:04.855841178Z   File "/usr/local/lib/python3.13/site-packages/uvicorn/middleware/proxy_headers.py", line 63, in __call__
2026-09-21T00:41:04.855845486Z     return await self.app(scope, receive, send)
2026-09-21T00:41:04.855849735Z            ^^^^^^^^^^^^^^^^^^^^^^^^^^^^^^^^^^^^
2026-09-21T00:41:04.855854604Z   File "/usr/local/lib/python3.13/site-packages/fastapi/applications.py", line 1159, in __call__
2026-09-21T00:41:04.855858843Z     await super().__call__(scope, receive, send)
2026-09-21T00:41:04.855863121Z   File "/usr/local/lib/python3.13/site-packages/starlette/applications.py", line 107, in __call__
2026-09-21T00:41:04.855867460Z     await self.middleware_stack(scope, receive, send)
2026-09-21T00:41:04.855871768Z   File "/usr/local/lib/python3.13/site-packages/starlette/middleware/errors.py", line 186, in __call__
2026-09-21T00:41:04.855876227Z     raise exc
2026-09-21T00:41:04.855880536Z   File "/usr/local/lib/python3.13/site-packages/starlette/middleware/errors.py", line 164, in __call__
2026-09-21T00:41:04.855884874Z     await self.app(scope, receive, _send)
2026-09-21T00:41:04.855889804Z   File "/usr/local/lib/python3.13/site-packages/opentelemetry/instrumentation/asgi/__init__.py", line 806, in __call__
2026-09-21T00:41:04.855894142Z     await self.app(scope, otel_receive, otel_send)
2026-09-21T00:41:04.855898782Z   File "/usr/local/lib/python3.13/site-packages/starlette/middleware/errors.py", line 186, in __call__
2026-09-21T00:41:04.855928891Z     raise exc
2026-09-21T00:41:04.855933460Z   File "/usr/local/lib/python3.13/site-packages/starlette/middleware/errors.py", line 164, in __call__
2026-09-21T00:41:04.855937859Z     await self.app(scope, receive, _send)
2026-09-21T00:41:04.855942117Z   File "/usr/local/lib/python3.13/site-packages/opentelemetry/instrumentation/fastapi/__init__.py", line 305, in __call__
2026-09-21T00:41:04.855946386Z     await self.app(scope, receive, send)
2026-09-21T00:41:04.855950644Z   File "/usr/local/lib/python3.13/site-packages/prometheus_fastapi_instrumentator/middleware.py", line 177, in __call__
2026-09-21T00:41:04.855954912Z     raise exc
2026-09-21T00:41:04.855959171Z   File "/usr/local/lib/python3.13/site-packages/prometheus_fastapi_instrumentator/middleware.py", line 175, in __call__
2026-09-21T00:41:04.855963439Z     await self.app(scope, receive, send_wrapper)
2026-09-21T00:41:04.855967688Z   File "/usr/local/lib/python3.13/site-packages/starlette/middleware/exceptions.py", line 63, in __call__
2026-09-21T00:41:04.855972958Z     await wrap_app_handling_exceptions(self.app, conn)(scope, receive, send)
2026-09-21T00:41:04.855977206Z   File "/usr/local/lib/python3.13/site-packages/starlette/_exception_handler.py", line 53, in wrapped_app
2026-09-21T00:41:04.855981445Z     raise exc
2026-09-21T00:41:04.855985693Z   File "/usr/local/lib/python3.13/site-packages/starlette/_exception_handler.py", line 42, in wrapped_app
2026-09-21T00:41:04.855989942Z     await app(scope, receive, sender)
2026-09-21T00:41:04.855994190Z   File "/usr/local/lib/python3.13/site-packages/fastapi/middleware/asyncexitstack.py", line 18, in __call__
2026-09-21T00:41:04.855998498Z     await self.app(scope, receive, send)
2026-09-21T00:41:04.856002767Z   File "/usr/local/lib/python3.13/site-packages/starlette/routing.py", line 716, in __call__
2026-09-21T00:41:04.856007085Z     await self.middleware_stack(scope, receive, send)
2026-09-21T00:41:04.856011674Z   File "/usr/local/lib/python3.13/site-packages/starlette/routing.py", line 736, in app
2026-09-21T00:41:04.856015983Z     await route.handle(scope, receive, send)
2026-09-21T00:41:04.856020251Z   File "/usr/local/lib/python3.13/site-packages/starlette/routing.py", line 290, in handle
2026-09-21T00:41:04.856024520Z     await self.app(scope, receive, send)
2026-09-21T00:41:04.856028788Z   File "/usr/local/lib/python3.13/site-packages/fastapi/routing.py", line 134, in app
2026-09-21T00:41:04.856033027Z     await wrap_app_handling_exceptions(app, request)(scope, receive, send)
2026-09-21T00:41:04.856037295Z   File "/usr/local/lib/python3.13/site-packages/starlette/_exception_handler.py", line 53, in wrapped_app
2026-09-21T00:41:04.856041604Z     raise exc
2026-09-21T00:41:04.856045862Z   File "/usr/local/lib/python3.13/site-packages/starlette/_exception_handler.py", line 42, in wrapped_app
2026-09-21T00:41:04.856050110Z     await app(scope, receive, sender)
2026-09-21T00:41:04.856054369Z   File "/usr/local/lib/python3.13/site-packages/fastapi/routing.py", line 120, in app
2026-09-21T00:41:04.856059178Z     response = await f(request)
2026-09-21T00:41:04.856063467Z                ^^^^^^^^^^^^^^^^
2026-09-21T00:41:04.856067745Z   File "/usr/local/lib/python3.13/site-packages/fastapi/routing.py", line 674, in app
2026-09-21T00:41:04.856072014Z     raw_response = await run_endpoint_function(
2026-09-21T00:41:04.856076593Z                    ^^^^^^^^^^^^^^^^^^^^^^^^^^^^
2026-09-21T00:41:04.856081422Z     ...<3 lines>...
2026-09-21T00:41:04.856085721Z     )
2026-09-21T00:41:04.856089989Z     ^
2026-09-21T00:41:04.856094277Z   File "/usr/local/lib/python3.13/site-packages/fastapi/routing.py", line 330, in run_endpoint_function
2026-09-21T00:41:04.856109167Z     return await run_in_threadpool(dependant.call, **values)
2026-09-21T00:41:04.856113646Z            ^^^^^^^^^^^^^^^^^^^^^^^^^^^^^^^^^^^^^^^^^^^^^^^^^
2026-09-21T00:41:04.856177281Z   File "/usr/local/lib/python3.13/site-packages/starlette/concurrency.py", line 32, in run_in_threadpool
2026-09-21T00:41:04.856187522Z     return await anyio.to_thread.run_sync(func)
2026-09-21T00:41:04.856192000Z            ^^^^^^^^^^^^^^^^^^^^^^^^^^^^^^^^^^^^
2026-09-21T00:41:04.856196359Z   File "/usr/local/lib/python3.13/site-packages/anyio/to_thread.py", line 63, in run_sync
2026-09-21T00:41:04.856203353Z     return await get_async_backend().run_sync_in_worker_thread(
2026-09-21T00:41:04.856207761Z            ^^^^^^^^^^^^^^^^^^^^^^^^^^^^^^^^^^^^^^^^^^^^^^^^^^^^
2026-09-21T00:41:04.856212040Z         func, args, abandon_on_cancel=abandon_on_cancel, limiter=limiter
2026-09-21T00:41:04.856216348Z         ^^^^^^^^^^^^^^^^^^^^^^^^^^^^^^^^^^^^^^^^^^^^^^^^^^^^^^^^^^^^^^^^
2026-09-21T00:41:04.856220777Z     )
2026-09-21T00:41:04.856247750Z     ^
2026-09-21T00:41:04.856257009Z   File "/usr/local/lib/python3.13/site-packages/anyio/_backends/_asyncio.py", line 2518, in run_sync_in_worker_thread
2026-09-21T00:41:04.856261417Z     return await future
2026-09-21T00:41:04.856265676Z            ^^^^^^^^^^^^
2026-09-21T00:41:04.856269914Z   File "/usr/local/lib/python3.13/site-packages/anyio/_backends/_asyncio.py", line 1002, in run
2026-09-21T00:41:04.856274213Z     result = context.run(func, *args)
2026-09-21T00:41:04.856278481Z   File "/app/app/routers/orders.py", line 36, in checkout
2026-09-21T00:41:04.856282880Z     return create_order(
2026-09-21T00:41:04.856287198Z         db=db,
2026-09-21T00:41:04.856291507Z     ...<2 lines>...
2026-09-21T00:41:04.856295795Z         correlation_id=correlation_id,
2026-09-21T00:41:04.856300294Z     )
2026-09-21T00:41:04.856304683Z   File "/app/app/services/order_service.py", line 42, in create_order
2026-09-21T00:41:04.856309021Z     result = db.execute(
2026-09-21T00:41:04.856313320Z         select(ProductModel).where(ProductModel.id == product_id)
2026-09-21T00:41:04.856317658Z     )
2026-09-21T00:41:04.856321967Z   File "/usr/local/lib/python3.13/site-packages/sqlalchemy/orm/session.py", line 2372, in execute
2026-09-21T00:41:04.856326225Z     return self._execute_internal(
2026-09-21T00:41:04.856330494Z            ~~~~~~~~~~~~~~~~~~~~~~^
2026-09-21T00:41:04.856334752Z         statement,
2026-09-21T00:41:04.856339051Z         ^^^^^^^^^^
2026-09-21T00:41:04.856343339Z     ...<4 lines>...
2026-09-21T00:41:04.856347587Z         _add_event=_add_event,
2026-09-21T00:41:04.856351916Z         ^^^^^^^^^^^^^^^^^^^^^^
2026-09-21T00:41:04.856356215Z     )
2026-09-21T00:41:04.856360483Z     ^
2026-09-21T00:41:04.856364811Z   File "/usr/local/lib/python3.13/site-packages/sqlalchemy/orm/session.py", line 2260, in _execute_internal
2026-09-21T00:41:04.856369120Z     conn = self._connection_for_bind(bind)
2026-09-21T00:41:04.856376224Z   File "/usr/local/lib/python3.13/site-packages/sqlalchemy/orm/session.py", line 2112, in _connection_for_bind
2026-09-21T00:41:04.856380863Z     return trans._connection_for_bind(engine, execution_options)
2026-09-21T00:41:04.856385102Z            ~~~~~~~~~~~~~~~~~~~~~~~~~~^^^^^^^^^^^^^^^^^^^^^^^^^^^
2026-09-21T00:41:04.856389400Z   File "<string>", line 2, in _connection_for_bind
2026-09-21T00:41:04.856393719Z   File "/usr/local/lib/python3.13/site-packages/sqlalchemy/orm/state_changes.py", line 137, in _go
2026-09-21T00:41:04.856397997Z     ret_value = fn(self, *arg, **kw)
2026-09-21T00:41:04.856435782Z   File "/usr/local/lib/python3.13/site-packages/sqlalchemy/orm/session.py", line 1191, in _connection_for_bind
2026-09-21T00:41:04.856440300Z     conn = bind.connect()
2026-09-21T00:41:04.856445360Z   File "/usr/local/lib/python3.13/site-packages/opentelemetry/instrumentation/sqlalchemy/engine.py", line 200, in _wrap_connect_internal
2026-09-21T00:41:04.856449699Z     return func(*args, **kwargs)
2026-09-21T00:41:04.856454038Z   File "/usr/local/lib/python3.13/site-packages/sqlalchemy/engine/base.py", line 3295, in connect
2026-09-21T00:41:04.856458376Z     return self._connection_cls(self)
2026-09-21T00:41:04.856462625Z            ~~~~~~~~~~~~~~~~~~~~^^^^^^
2026-09-21T00:41:04.856466923Z   File "/usr/local/lib/python3.13/site-packages/sqlalchemy/engine/base.py", line 144, in __init__
2026-09-21T00:41:04.856471201Z     self._dbapi_connection = engine.raw_connection()
2026-09-21T00:41:04.856475450Z                              ~~~~~~~~~~~~~~~~~~~~~^^
2026-09-21T00:41:04.856479758Z   File "/usr/local/lib/python3.13/site-packages/sqlalchemy/engine/base.py", line 3319, in raw_connection
2026-09-21T00:41:04.856484037Z     return self.pool.connect()
2026-09-21T00:41:04.856488526Z            ~~~~~~~~~~~~~~~~~^^
2026-09-21T00:41:04.856492854Z   File "/usr/local/lib/python3.13/site-packages/sqlalchemy/pool/base.py", line 448, in connect
2026-09-21T00:41:04.856497133Z     return _ConnectionFairy._checkout(self)
2026-09-21T00:41:04.856501371Z            ~~~~~~~~~~~~~~~~~~~~~~~~~~^^^^^^
2026-09-21T00:41:04.856505639Z   File "/usr/local/lib/python3.13/site-packages/sqlalchemy/pool/base.py", line 1272, in _checkout
2026-09-21T00:41:04.856509888Z     fairy = _ConnectionRecord.checkout(pool)
2026-09-21T00:41:04.856514136Z   File "/usr/local/lib/python3.13/site-packages/sqlalchemy/pool/base.py", line 712, in checkout
2026-09-21T00:41:04.856518385Z     rec = pool._do_get()
2026-09-21T00:41:04.856522673Z   File "/usr/local/lib/python3.13/site-packages/sqlalchemy/pool/impl.py", line 167, in _do_get
2026-09-21T00:41:04.856526992Z     raise exc.TimeoutError(
2026-09-21T00:41:04.856585687Z     ...<4 lines>...
2026-09-21T00:41:04.856597491Z     )
2026-09-21T00:41:04.856602601Z sqlalchemy.exc.TimeoutError: QueuePool limit of size 5 overflow 10 reached, connection timed out, timeout 30.00 (Background on this error at: https://sqlalche.me/e/20/3o7r)
2026-09-21T00:41:04.862900927Z ERROR:    Exception in ASGI application
2026-09-21T00:41:04.862996045Z Traceback (most recent call last):
2026-09-21T00:41:04.863005043Z   File "/usr/local/lib/python3.13/site-packages/uvicorn/protocols/http/httptools_impl.py", line 421, in run_asgi
2026-09-21T00:41:04.863010945Z     result = await app(  # type: ignore[func-returns-value]
2026-09-21T00:41:04.863015313Z              ^^^^^^^^^^^^^^^^^^^^^^^^^^^^^^^^^^^^^^^^^^^^^^
2026-09-21T00:41:04.863019622Z         self.scope, self.receive, self.send
2026-09-21T00:41:04.863023890Z         ^^^^^^^^^^^^^^^^^^^^^^^^^^^^^^^^^^^
2026-09-21T00:41:04.863028249Z     )
2026-09-21T00:41:04.863032637Z     ^
2026-09-21T00:41:04.863036996Z   File "/usr/local/lib/python3.13/site-packages/uvicorn/middleware/proxy_headers.py", line 63, in __call__
2026-09-21T00:41:04.863046635Z     return await self.app(scope, receive, send)
2026-09-21T00:41:04.863051134Z            ^^^^^^^^^^^^^^^^^^^^^^^^^^^^^^^^^^^^
2026-09-21T00:41:04.863055743Z   File "/usr/local/lib/python3.13/site-packages/fastapi/applications.py", line 1159, in __call__
2026-09-21T00:41:04.863060072Z     await super().__call__(scope, receive, send)
2026-09-21T00:41:04.863064330Z   File "/usr/local/lib/python3.13/site-packages/starlette/applications.py", line 107, in __call__
2026-09-21T00:41:04.863068658Z     await self.middleware_stack(scope, receive, send)
2026-09-21T00:41:04.863099980Z   File "/usr/local/lib/python3.13/site-packages/starlette/middleware/errors.py", line 186, in __call__
2026-09-21T00:41:04.863104629Z     raise exc
2026-09-21T00:41:04.863108978Z   File "/usr/local/lib/python3.13/site-packages/starlette/middleware/errors.py", line 164, in __call__
2026-09-21T00:41:04.863113367Z     await self.app(scope, receive, _send)
2026-09-21T00:41:04.863118266Z   File "/usr/local/lib/python3.13/site-packages/opentelemetry/instrumentation/asgi/__init__.py", line 806, in __call__
2026-09-21T00:41:04.863122545Z     await self.app(scope, otel_receive, otel_send)
2026-09-21T00:41:04.863126833Z   File "/usr/local/lib/python3.13/site-packages/starlette/middleware/errors.py", line 186, in __call__
2026-09-21T00:41:04.863131372Z     raise exc
2026-09-21T00:41:04.863135661Z   File "/usr/local/lib/python3.13/site-packages/starlette/middleware/errors.py", line 164, in __call__
2026-09-21T00:41:04.863140029Z     await self.app(scope, receive, _send)
2026-09-21T00:41:04.863144608Z   File "/usr/local/lib/python3.13/site-packages/opentelemetry/instrumentation/fastapi/__init__.py", line 305, in __call__
2026-09-21T00:41:04.863149027Z     await self.app(scope, receive, send)
2026-09-21T00:41:04.863153326Z   File "/usr/local/lib/python3.13/site-packages/prometheus_fastapi_instrumentator/middleware.py", line 177, in __call__
2026-09-21T00:41:04.863157664Z     raise exc
2026-09-21T00:41:04.863161923Z   File "/usr/local/lib/python3.13/site-packages/prometheus_fastapi_instrumentator/middleware.py", line 175, in __call__
2026-09-21T00:41:04.863166181Z     await self.app(scope, receive, send_wrapper)
2026-09-21T00:41:04.863170449Z   File "/usr/local/lib/python3.13/site-packages/starlette/middleware/exceptions.py", line 63, in __call__
2026-09-21T00:41:04.863175389Z     await wrap_app_handling_exceptions(self.app, conn)(scope, receive, send)
2026-09-21T00:41:04.863179688Z   File "/usr/local/lib/python3.13/site-packages/starlette/_exception_handler.py", line 53, in wrapped_app
2026-09-21T00:41:04.863184006Z     raise exc
2026-09-21T00:41:04.863188295Z   File "/usr/local/lib/python3.13/site-packages/starlette/_exception_handler.py", line 42, in wrapped_app
2026-09-21T00:41:04.863192553Z     await app(scope, receive, sender)
2026-09-21T00:41:04.863196811Z   File "/usr/local/lib/python3.13/site-packages/fastapi/middleware/asyncexitstack.py", line 18, in __call__
2026-09-21T00:41:04.863201100Z     await self.app(scope, receive, send)
2026-09-21T00:41:04.863205579Z   File "/usr/local/lib/python3.13/site-packages/starlette/routing.py", line 716, in __call__
2026-09-21T00:41:04.863209877Z     await self.middleware_stack(scope, receive, send)
2026-09-21T00:41:04.863214156Z   File "/usr/local/lib/python3.13/site-packages/starlette/routing.py", line 736, in app
2026-09-21T00:41:04.863218464Z     await route.handle(scope, receive, send)
2026-09-21T00:41:04.863222743Z   File "/usr/local/lib/python3.13/site-packages/starlette/routing.py", line 290, in handle
2026-09-21T00:41:04.863227001Z     await self.app(scope, receive, send)
2026-09-21T00:41:04.863231310Z   File "/usr/local/lib/python3.13/site-packages/fastapi/routing.py", line 134, in app
2026-09-21T00:41:04.863235608Z     await wrap_app_handling_exceptions(app, request)(scope, receive, send)
2026-09-21T00:41:04.863239896Z   File "/usr/local/lib/python3.13/site-packages/starlette/_exception_handler.py", line 53, in wrapped_app
2026-09-21T00:41:04.863244155Z     raise exc
2026-09-21T00:41:04.863248433Z   File "/usr/local/lib/python3.13/site-packages/starlette/_exception_handler.py", line 42, in wrapped_app
2026-09-21T00:41:04.863252752Z     await app(scope, receive, sender)
2026-09-21T00:41:04.863267311Z   File "/usr/local/lib/python3.13/site-packages/fastapi/routing.py", line 120, in app
2026-09-21T00:41:04.863272240Z     response = await f(request)
2026-09-21T00:41:04.863276559Z                ^^^^^^^^^^^^^^^^
2026-09-21T00:41:04.863280827Z   File "/usr/local/lib/python3.13/site-packages/fastapi/routing.py", line 674, in app
2026-09-21T00:41:04.863285116Z     raw_response = await run_endpoint_function(
2026-09-21T00:41:04.863289404Z                    ^^^^^^^^^^^^^^^^^^^^^^^^^^^^
2026-09-21T00:41:04.863294184Z     ...<3 lines>...
2026-09-21T00:41:04.863298532Z     )
2026-09-21T00:41:04.863302811Z     ^
2026-09-21T00:41:04.863307109Z   File "/usr/local/lib/python3.13/site-packages/fastapi/routing.py", line 330, in run_endpoint_function
2026-09-21T00:41:04.863311388Z     return await run_in_threadpool(dependant.call, **values)
2026-09-21T00:41:04.863315686Z            ^^^^^^^^^^^^^^^^^^^^^^^^^^^^^^^^^^^^^^^^^^^^^^^^^
2026-09-21T00:41:04.863342078Z   File "/usr/local/lib/python3.13/site-packages/starlette/concurrency.py", line 32, in run_in_threadpool
2026-09-21T00:41:04.863346918Z     return await anyio.to_thread.run_sync(func)
2026-09-21T00:41:04.863351226Z            ^^^^^^^^^^^^^^^^^^^^^^^^^^^^^^^^^^^^
2026-09-21T00:41:04.863355505Z   File "/usr/local/lib/python3.13/site-packages/anyio/to_thread.py", line 63, in run_sync
2026-09-21T00:41:04.863359803Z     return await get_async_backend().run_sync_in_worker_thread(
2026-09-21T00:41:04.863364062Z            ^^^^^^^^^^^^^^^^^^^^^^^^^^^^^^^^^^^^^^^^^^^^^^^^^^^^
2026-09-21T00:41:04.863368310Z         func, args, abandon_on_cancel=abandon_on_cancel, limiter=limiter
2026-09-21T00:41:04.863372608Z         ^^^^^^^^^^^^^^^^^^^^^^^^^^^^^^^^^^^^^^^^^^^^^^^^^^^^^^^^^^^^^^^^
2026-09-21T00:41:04.863376897Z     )
2026-09-21T00:41:04.863381165Z     ^
2026-09-21T00:41:04.863385524Z   File "/usr/local/lib/python3.13/site-packages/anyio/_backends/_asyncio.py", line 2518, in run_sync_in_worker_thread
2026-09-21T00:41:04.863389842Z     return await future
2026-09-21T00:41:04.863394131Z            ^^^^^^^^^^^^
2026-09-21T00:41:04.863398389Z   File "/usr/local/lib/python3.13/site-packages/anyio/_backends/_asyncio.py", line 1002, in run
2026-09-21T00:41:04.863402748Z     result = context.run(func, *args)
2026-09-21T00:41:04.863407046Z   File "/app/app/routers/orders.py", line 36, in checkout
2026-09-21T00:41:04.863411305Z     return create_order(
2026-09-21T00:41:04.863415693Z         db=db,
2026-09-21T00:41:04.863420182Z     ...<2 lines>...
2026-09-21T00:41:04.863424491Z         correlation_id=correlation_id,
2026-09-21T00:41:04.863428769Z     )
2026-09-21T00:41:04.863433148Z   File "/app/app/services/order_service.py", line 42, in create_order
2026-09-21T00:41:04.863437506Z     result = db.execute(
2026-09-21T00:41:04.863441785Z         select(ProductModel).where(ProductModel.id == product_id)
2026-09-21T00:41:04.863446043Z     )
2026-09-21T00:41:04.863450322Z   File "/usr/local/lib/python3.13/site-packages/sqlalchemy/orm/session.py", line 2372, in execute
2026-09-21T00:41:04.863454640Z     return self._execute_internal(
2026-09-21T00:41:04.863458949Z            ~~~~~~~~~~~~~~~~~~~~~~^
2026-09-21T00:41:04.863463267Z         statement,
2026-09-21T00:41:04.863467566Z         ^^^^^^^^^^
2026-09-21T00:41:04.863471874Z     ...<4 lines>...
2026-09-21T00:41:04.863476163Z         _add_event=_add_event,
2026-09-21T00:41:04.863480431Z         ^^^^^^^^^^^^^^^^^^^^^^
2026-09-21T00:41:04.863484690Z     )
2026-09-21T00:41:04.863489178Z     ^
2026-09-21T00:41:04.863493497Z   File "/usr/local/lib/python3.13/site-packages/sqlalchemy/orm/session.py", line 2260, in _execute_internal
2026-09-21T00:41:04.863508497Z     conn = self._connection_for_bind(bind)
2026-09-21T00:41:04.863512935Z   File "/usr/local/lib/python3.13/site-packages/sqlalchemy/orm/session.py", line 2112, in _connection_for_bind
2026-09-21T00:41:04.863517214Z     return trans._connection_for_bind(engine, execution_options)
2026-09-21T00:41:04.863521532Z            ~~~~~~~~~~~~~~~~~~~~~~~~~~^^^^^^^^^^^^^^^^^^^^^^^^^^^
2026-09-21T00:41:04.863525851Z   File "<string>", line 2, in _connection_for_bind
2026-09-21T00:41:04.863530129Z   File "/usr/local/lib/python3.13/site-packages/sqlalchemy/orm/state_changes.py", line 137, in _go
2026-09-21T00:41:04.863534598Z     ret_value = fn(self, *arg, **kw)
2026-09-21T00:41:04.863539047Z   File "/usr/local/lib/python3.13/site-packages/sqlalchemy/orm/session.py", line 1191, in _connection_for_bind
2026-09-21T00:41:04.863543315Z     conn = bind.connect()
2026-09-21T00:41:04.863548095Z   File "/usr/local/lib/python3.13/site-packages/opentelemetry/instrumentation/sqlalchemy/engine.py", line 200, in _wrap_connect_internal
2026-09-21T00:41:04.863552363Z     return func(*args, **kwargs)
2026-09-21T00:41:04.863556602Z   File "/usr/local/lib/python3.13/site-packages/sqlalchemy/engine/base.py", line 3295, in connect
2026-09-21T00:41:04.863560890Z     return self._connection_cls(self)
2026-09-21T00:41:04.863565168Z            ~~~~~~~~~~~~~~~~~~~~^^^^^^
2026-09-21T00:41:04.863569497Z   File "/usr/local/lib/python3.13/site-packages/sqlalchemy/engine/base.py", line 144, in __init__
2026-09-21T00:41:04.863573755Z     self._dbapi_connection = engine.raw_connection()
2026-09-21T00:41:04.863578014Z                              ~~~~~~~~~~~~~~~~~~~~~^^
2026-09-21T00:41:04.863582282Z   File "/usr/local/lib/python3.13/site-packages/sqlalchemy/engine/base.py", line 3319, in raw_connection
2026-09-21T00:41:04.863586531Z     return self.pool.connect()
2026-09-21T00:41:04.863590769Z            ~~~~~~~~~~~~~~~~~^^
2026-09-21T00:41:04.863595057Z   File "/usr/local/lib/python3.13/site-packages/sqlalchemy/pool/base.py", line 448, in connect
2026-09-21T00:41:04.863599296Z     return _ConnectionFairy._checkout(self)
2026-09-21T00:41:04.863603604Z            ~~~~~~~~~~~~~~~~~~~~~~~~~~^^^^^^
2026-09-21T00:41:04.863607853Z   File "/usr/local/lib/python3.13/site-packages/sqlalchemy/pool/base.py", line 1272, in _checkout
2026-09-21T00:41:04.863612101Z     fairy = _ConnectionRecord.checkout(pool)
2026-09-21T00:41:04.863616380Z   File "/usr/local/lib/python3.13/site-packages/sqlalchemy/pool/base.py", line 712, in checkout
2026-09-21T00:41:04.863620658Z     rec = pool._do_get()
2026-09-21T00:41:04.863624926Z   File "/usr/local/lib/python3.13/site-packages/sqlalchemy/pool/impl.py", line 167, in _do_get
2026-09-21T00:41:04.863629205Z     raise exc.TimeoutError(
2026-09-21T00:41:04.863633493Z     ...<4 lines>...
2026-09-21T00:41:04.863640176Z     )
2026-09-21T00:41:04.863645257Z sqlalchemy.exc.TimeoutError: QueuePool limit of size 5 overflow 10 reached, connection timed out, timeout 30.00 (Background on this error at: https://sqlalche.me/e/20/3o7r)
2026-09-21T00:41:04.867560208Z ERROR:    Exception in ASGI application
2026-09-21T00:41:04.867589506Z Traceback (most recent call last):
2026-09-21T00:41:04.867592682Z   File "/usr/local/lib/python3.13/site-packages/uvicorn/protocols/http/httptools_impl.py", line 421, in run_asgi
2026-09-21T00:41:04.867595127Z     result = await app(  # type: ignore[func-returns-value]
2026-09-21T00:41:04.867597061Z              ^^^^^^^^^^^^^^^^^^^^^^^^^^^^^^^^^^^^^^^^^^^^^^
2026-09-21T00:41:04.867599205Z         self.scope, self.receive, self.send
2026-09-21T00:41:04.867601129Z         ^^^^^^^^^^^^^^^^^^^^^^^^^^^^^^^^^^^
2026-09-21T00:41:04.867603183Z     )
2026-09-21T00:41:04.867620757Z     ^
2026-09-21T00:41:04.867622842Z   File "/usr/local/lib/python3.13/site-packages/uvicorn/middleware/proxy_headers.py", line 63, in __call__
2026-09-21T00:41:04.867624805Z     return await self.app(scope, receive, send)
2026-09-21T00:41:04.867626709Z            ^^^^^^^^^^^^^^^^^^^^^^^^^^^^^^^^^^^^
2026-09-21T00:41:04.867629274Z   File "/usr/local/lib/python3.13/site-packages/fastapi/applications.py", line 1159, in __call__
2026-09-21T00:41:04.867631238Z     await super().__call__(scope, receive, send)
2026-09-21T00:41:04.867633142Z   File "/usr/local/lib/python3.13/site-packages/starlette/applications.py", line 107, in __call__
2026-09-21T00:41:04.867635066Z     await self.middleware_stack(scope, receive, send)
2026-09-21T00:41:04.867636969Z   File "/usr/local/lib/python3.13/site-packages/starlette/middleware/errors.py", line 186, in __call__
2026-09-21T00:41:04.867638903Z     raise exc
2026-09-21T00:41:04.867640817Z   File "/usr/local/lib/python3.13/site-packages/starlette/middleware/errors.py", line 164, in __call__
2026-09-21T00:41:04.867642741Z     await self.app(scope, receive, _send)
2026-09-21T00:41:04.867645346Z   File "/usr/local/lib/python3.13/site-packages/opentelemetry/instrumentation/asgi/__init__.py", line 806, in __call__
2026-09-21T00:41:04.867647290Z     await self.app(scope, otel_receive, otel_send)
2026-09-21T00:41:04.867649214Z   File "/usr/local/lib/python3.13/site-packages/starlette/middleware/errors.py", line 186, in __call__
2026-09-21T00:41:04.867651127Z     raise exc
2026-09-21T00:41:04.867653171Z   File "/usr/local/lib/python3.13/site-packages/starlette/middleware/errors.py", line 164, in __call__
2026-09-21T00:41:04.867655326Z     await self.app(scope, receive, _send)
2026-09-21T00:41:04.867657219Z   File "/usr/local/lib/python3.13/site-packages/opentelemetry/instrumentation/fastapi/__init__.py", line 305, in __call__
2026-09-21T00:41:04.867659163Z     await self.app(scope, receive, send)
2026-09-21T00:41:04.867661077Z   File "/usr/local/lib/python3.13/site-packages/prometheus_fastapi_instrumentator/middleware.py", line 177, in __call__
2026-09-21T00:41:04.867662991Z     raise exc
2026-09-21T00:41:04.867667750Z   File "/usr/local/lib/python3.13/site-packages/prometheus_fastapi_instrumentator/middleware.py", line 175, in __call__
2026-09-21T00:41:04.867669734Z     await self.app(scope, receive, send_wrapper)
2026-09-21T00:41:04.867671668Z   File "/usr/local/lib/python3.13/site-packages/starlette/middleware/exceptions.py", line 63, in __call__
2026-09-21T00:41:04.867674093Z     await wrap_app_handling_exceptions(self.app, conn)(scope, receive, send)
2026-09-21T00:41:04.867676077Z   File "/usr/local/lib/python3.13/site-packages/starlette/_exception_handler.py", line 53, in wrapped_app
2026-09-21T00:41:04.867677990Z     raise exc
2026-09-21T00:41:04.867679894Z   File "/usr/local/lib/python3.13/site-packages/starlette/_exception_handler.py", line 42, in wrapped_app
2026-09-21T00:41:04.867681888Z     await app(scope, receive, sender)
2026-09-21T00:41:04.867683782Z   File "/usr/local/lib/python3.13/site-packages/fastapi/middleware/asyncexitstack.py", line 18, in __call__
2026-09-21T00:41:04.867685686Z     await self.app(scope, receive, send)
2026-09-21T00:41:04.867687579Z   File "/usr/local/lib/python3.13/site-packages/starlette/routing.py", line 716, in __call__
2026-09-21T00:41:04.867689473Z     await self.middleware_stack(scope, receive, send)
2026-09-21T00:41:04.867691397Z   File "/usr/local/lib/python3.13/site-packages/starlette/routing.py", line 736, in app
2026-09-21T00:41:04.867693291Z     await route.handle(scope, receive, send)
2026-09-21T00:41:04.867695194Z   File "/usr/local/lib/python3.13/site-packages/starlette/routing.py", line 290, in handle
2026-09-21T00:41:04.867713110Z     await self.app(scope, receive, send)
2026-09-21T00:41:04.867715284Z   File "/usr/local/lib/python3.13/site-packages/fastapi/routing.py", line 134, in app
2026-09-21T00:41:04.867717188Z     await wrap_app_handling_exceptions(app, request)(scope, receive, send)
2026-09-21T00:41:04.867719222Z   File "/usr/local/lib/python3.13/site-packages/starlette/_exception_handler.py", line 53, in wrapped_app
2026-09-21T00:41:04.867721136Z     raise exc
2026-09-21T00:41:04.867723059Z   File "/usr/local/lib/python3.13/site-packages/starlette/_exception_handler.py", line 42, in wrapped_app
2026-09-21T00:41:04.867724973Z     await app(scope, receive, sender)
2026-09-21T00:41:04.867726877Z   File "/usr/local/lib/python3.13/site-packages/fastapi/routing.py", line 120, in app
2026-09-21T00:41:04.867729342Z     response = await f(request)
2026-09-21T00:41:04.867731266Z                ^^^^^^^^^^^^^^^^
2026-09-21T00:41:04.867735344Z   File "/usr/local/lib/python3.13/site-packages/fastapi/routing.py", line 674, in app
2026-09-21T00:41:04.867739692Z     raw_response = await run_endpoint_function(
2026-09-21T00:41:04.867744011Z                    ^^^^^^^^^^^^^^^^^^^^^^^^^^^^
2026-09-21T00:41:04.867749051Z     ...<3 lines>...
2026-09-21T00:41:04.867753489Z     )
2026-09-21T00:41:04.867757898Z     ^
2026-09-21T00:41:04.867762387Z   File "/usr/local/lib/python3.13/site-packages/fastapi/routing.py", line 330, in run_endpoint_function
2026-09-21T00:41:04.867767176Z     return await run_in_threadpool(dependant.call, **values)
2026-09-21T00:41:04.867771746Z            ^^^^^^^^^^^^^^^^^^^^^^^^^^^^^^^^^^^^^^^^^^^^^^^^^
2026-09-21T00:41:04.867839589Z   File "/usr/local/lib/python3.13/site-packages/starlette/concurrency.py", line 32, in run_in_threadpool
2026-09-21T00:41:04.867849689Z     return await anyio.to_thread.run_sync(func)
2026-09-21T00:41:04.867854168Z            ^^^^^^^^^^^^^^^^^^^^^^^^^^^^^^^^^^^^
2026-09-21T00:41:04.867858477Z   File "/usr/local/lib/python3.13/site-packages/anyio/to_thread.py", line 63, in run_sync
2026-09-21T00:41:04.867862885Z     return await get_async_backend().run_sync_in_worker_thread(
2026-09-21T00:41:04.867867224Z            ^^^^^^^^^^^^^^^^^^^^^^^^^^^^^^^^^^^^^^^^^^^^^^^^^^^^
2026-09-21T00:41:04.867871573Z         func, args, abandon_on_cancel=abandon_on_cancel, limiter=limiter
2026-09-21T00:41:04.867875871Z         ^^^^^^^^^^^^^^^^^^^^^^^^^^^^^^^^^^^^^^^^^^^^^^^^^^^^^^^^^^^^^^^^
2026-09-21T00:41:04.867880149Z     )
2026-09-21T00:41:04.867884488Z     ^
2026-09-21T00:41:04.867888797Z   File "/usr/local/lib/python3.13/site-packages/anyio/_backends/_asyncio.py", line 2518, in run_sync_in_worker_thread
2026-09-21T00:41:04.867893085Z     return await future
2026-09-21T00:41:04.867897464Z            ^^^^^^^^^^^^
2026-09-21T00:41:04.867901792Z   File "/usr/local/lib/python3.13/site-packages/anyio/_backends/_asyncio.py", line 1002, in run
2026-09-21T00:41:04.867906081Z     result = context.run(func, *args)
2026-09-21T00:41:04.867910389Z   File "/app/app/routers/orders.py", line 36, in checkout
2026-09-21T00:41:04.867914668Z     return create_order(
2026-09-21T00:41:04.867919066Z         db=db,
2026-09-21T00:41:04.867923405Z     ...<2 lines>...
2026-09-21T00:41:04.867927723Z         correlation_id=correlation_id,
2026-09-21T00:41:04.867932112Z     )
2026-09-21T00:41:04.867936511Z   File "/app/app/services/order_service.py", line 42, in create_order
2026-09-21T00:41:04.867940829Z     result = db.execute(
2026-09-21T00:41:04.867945118Z         select(ProductModel).where(ProductModel.id == product_id)
2026-09-21T00:41:04.867949416Z     )
2026-09-21T00:41:04.867953975Z   File "/usr/local/lib/python3.13/site-packages/sqlalchemy/orm/session.py", line 2372, in execute
2026-09-21T00:41:04.867975898Z     return self._execute_internal(
2026-09-21T00:41:04.867980377Z            ~~~~~~~~~~~~~~~~~~~~~~^
2026-09-21T00:41:04.867984696Z         statement,
2026-09-21T00:41:04.867988984Z         ^^^^^^^^^^
2026-09-21T00:41:04.867993213Z     ...<4 lines>...
2026-09-21T00:41:04.867997451Z         _add_event=_add_event,
2026-09-21T00:41:04.868001689Z         ^^^^^^^^^^^^^^^^^^^^^^
2026-09-21T00:41:04.868005888Z     )
2026-09-21T00:41:04.868010206Z     ^
2026-09-21T00:41:04.868014545Z   File "/usr/local/lib/python3.13/site-packages/sqlalchemy/orm/session.py", line 2260, in _execute_internal
2026-09-21T00:41:04.868018873Z     conn = self._connection_for_bind(bind)
2026-09-21T00:41:04.868023172Z   File "/usr/local/lib/python3.13/site-packages/sqlalchemy/orm/session.py", line 2112, in _connection_for_bind
2026-09-21T00:41:04.868027460Z     return trans._connection_for_bind(engine, execution_options)
2026-09-21T00:41:04.868031749Z            ~~~~~~~~~~~~~~~~~~~~~~~~~~^^^^^^^^^^^^^^^^^^^^^^^^^^^
2026-09-21T00:41:04.868036007Z   File "<string>", line 2, in _connection_for_bind
2026-09-21T00:41:04.868040245Z   File "/usr/local/lib/python3.13/site-packages/sqlalchemy/orm/state_changes.py", line 137, in _go
2026-09-21T00:41:04.868044604Z     ret_value = fn(self, *arg, **kw)
2026-09-21T00:41:04.868048862Z   File "/usr/local/lib/python3.13/site-packages/sqlalchemy/orm/session.py", line 1191, in _connection_for_bind
2026-09-21T00:41:04.868053161Z     conn = bind.connect()
2026-09-21T00:41:04.868127738Z   File "/usr/local/lib/python3.13/site-packages/opentelemetry/instrumentation/sqlalchemy/engine.py", line 200, in _wrap_connect_internal
2026-09-21T00:41:04.868135033Z     return func(*args, **kwargs)
2026-09-21T00:41:04.868139431Z   File "/usr/local/lib/python3.13/site-packages/sqlalchemy/engine/base.py", line 3295, in connect
2026-09-21T00:41:04.868143750Z     return self._connection_cls(self)
2026-09-21T00:41:04.868148199Z            ~~~~~~~~~~~~~~~~~~~~^^^^^^
2026-09-21T00:41:04.868152537Z   File "/usr/local/lib/python3.13/site-packages/sqlalchemy/engine/base.py", line 144, in __init__
2026-09-21T00:41:04.868159501Z     self._dbapi_connection = engine.raw_connection()
2026-09-21T00:41:04.868164110Z                              ~~~~~~~~~~~~~~~~~~~~~^^
2026-09-21T00:41:04.868168439Z   File "/usr/local/lib/python3.13/site-packages/sqlalchemy/engine/base.py", line 3319, in raw_connection
2026-09-21T00:41:04.868172797Z     return self.pool.connect()
2026-09-21T00:41:04.868177086Z            ~~~~~~~~~~~~~~~~~^^
2026-09-21T00:41:04.868181364Z   File "/usr/local/lib/python3.13/site-packages/sqlalchemy/pool/base.py", line 448, in connect
2026-09-21T00:41:04.868185632Z     return _ConnectionFairy._checkout(self)
2026-09-21T00:41:04.868189901Z            ~~~~~~~~~~~~~~~~~~~~~~~~~~^^^^^^
2026-09-21T00:41:04.868194159Z   File "/usr/local/lib/python3.13/site-packages/sqlalchemy/pool/base.py", line 1272, in _checkout
2026-09-21T00:41:04.868198468Z     fairy = _ConnectionRecord.checkout(pool)
2026-09-21T00:41:04.868202766Z   File "/usr/local/lib/python3.13/site-packages/sqlalchemy/pool/base.py", line 712, in checkout
2026-09-21T00:41:04.868207025Z     rec = pool._do_get()
2026-09-21T00:41:04.868211373Z   File "/usr/local/lib/python3.13/site-packages/sqlalchemy/pool/impl.py", line 167, in _do_get
2026-09-21T00:41:04.868215662Z     raise exc.TimeoutError(
2026-09-21T00:41:04.868222355Z     ...<4 lines>...
2026-09-21T00:41:04.868226744Z     )
2026-09-21T00:41:04.868231854Z sqlalchemy.exc.TimeoutError: QueuePool limit of size 5 overflow 10 reached, connection timed out, timeout 30.00 (Background on this error at: https://sqlalche.me/e/20/3o7r)
2026-09-21T00:41:04.883137919Z ERROR:    Exception in ASGI application
2026-09-21T00:41:04.883186214Z Traceback (most recent call last):
2026-09-21T00:41:04.883253557Z   File "/usr/local/lib/python3.13/site-packages/uvicorn/protocols/http/httptools_impl.py", line 421, in run_asgi
2026-09-21T00:41:04.883261202Z     result = await app(  # type: ignore[func-returns-value]
2026-09-21T00:41:04.883265631Z              ^^^^^^^^^^^^^^^^^^^^^^^^^^^^^^^^^^^^^^^^^^^^^^
2026-09-21T00:41:04.883269999Z         self.scope, self.receive, self.send
2026-09-21T00:41:04.883274268Z         ^^^^^^^^^^^^^^^^^^^^^^^^^^^^^^^^^^^
2026-09-21T00:41:04.883278877Z     )
2026-09-21T00:41:04.883283296Z     ^
2026-09-21T00:41:04.883287704Z   File "/usr/local/lib/python3.13/site-packages/uvicorn/middleware/proxy_headers.py", line 63, in __call__
2026-09-21T00:41:04.883291993Z     return await self.app(scope, receive, send)
2026-09-21T00:41:04.883296251Z            ^^^^^^^^^^^^^^^^^^^^^^^^^^^^^^^^^^^^
2026-09-21T00:41:04.883301011Z   File "/usr/local/lib/python3.13/site-packages/fastapi/applications.py", line 1159, in __call__
2026-09-21T00:41:04.883305249Z     await super().__call__(scope, receive, send)
2026-09-21T00:41:04.883309547Z   File "/usr/local/lib/python3.13/site-packages/starlette/applications.py", line 107, in __call__
2026-09-21T00:41:04.883314016Z     await self.middleware_stack(scope, receive, send)
2026-09-21T00:41:04.883318275Z   File "/usr/local/lib/python3.13/site-packages/starlette/middleware/errors.py", line 186, in __call__
2026-09-21T00:41:04.883322673Z     raise exc
2026-09-21T00:41:04.883326982Z   File "/usr/local/lib/python3.13/site-packages/starlette/middleware/errors.py", line 164, in __call__
2026-09-21T00:41:04.883331300Z     await self.app(scope, receive, _send)
2026-09-21T00:41:04.883336140Z   File "/usr/local/lib/python3.13/site-packages/opentelemetry/instrumentation/asgi/__init__.py", line 806, in __call__
2026-09-21T00:41:04.883340438Z     await self.app(scope, otel_receive, otel_send)
2026-09-21T00:41:04.883345178Z   File "/usr/local/lib/python3.13/site-packages/starlette/middleware/errors.py", line 186, in __call__
2026-09-21T00:41:04.883353334Z     raise exc
2026-09-21T00:41:04.883357682Z   File "/usr/local/lib/python3.13/site-packages/starlette/middleware/errors.py", line 164, in __call__
2026-09-21T00:41:04.883361921Z     await self.app(scope, receive, _send)
2026-09-21T00:41:04.883366179Z   File "/usr/local/lib/python3.13/site-packages/opentelemetry/instrumentation/fastapi/__init__.py", line 305, in __call__
2026-09-21T00:41:04.883370448Z     await self.app(scope, receive, send)
2026-09-21T00:41:04.883374756Z   File "/usr/local/lib/python3.13/site-packages/prometheus_fastapi_instrumentator/middleware.py", line 177, in __call__
2026-09-21T00:41:04.883379024Z     raise exc
2026-09-21T00:41:04.883383263Z   File "/usr/local/lib/python3.13/site-packages/prometheus_fastapi_instrumentator/middleware.py", line 175, in __call__
2026-09-21T00:41:04.883387601Z     await self.app(scope, receive, send_wrapper)
2026-09-21T00:41:04.883391880Z   File "/usr/local/lib/python3.13/site-packages/starlette/middleware/exceptions.py", line 63, in __call__
2026-09-21T00:41:04.883397160Z     await wrap_app_handling_exceptions(self.app, conn)(scope, receive, send)
2026-09-21T00:41:04.883401429Z   File "/usr/local/lib/python3.13/site-packages/starlette/_exception_handler.py", line 53, in wrapped_app
2026-09-21T00:41:04.883405697Z     raise exc
2026-09-21T00:41:04.883409946Z   File "/usr/local/lib/python3.13/site-packages/starlette/_exception_handler.py", line 42, in wrapped_app
2026-09-21T00:41:04.883414184Z     await app(scope, receive, sender)
2026-09-21T00:41:04.883454063Z   File "/usr/local/lib/python3.13/site-packages/fastapi/middleware/asyncexitstack.py", line 18, in __call__
2026-09-21T00:41:04.883458692Z     await self.app(scope, receive, send)
2026-09-21T00:41:04.883463251Z   File "/usr/local/lib/python3.13/site-packages/starlette/routing.py", line 716, in __call__
2026-09-21T00:41:04.883467529Z     await self.middleware_stack(scope, receive, send)
2026-09-21T00:41:04.883471808Z   File "/usr/local/lib/python3.13/site-packages/starlette/routing.py", line 736, in app
2026-09-21T00:41:04.883476106Z     await route.handle(scope, receive, send)
2026-09-21T00:41:04.883480405Z   File "/usr/local/lib/python3.13/site-packages/starlette/routing.py", line 290, in handle
2026-09-21T00:41:04.883484693Z     await self.app(scope, receive, send)
2026-09-21T00:41:04.883488951Z   File "/usr/local/lib/python3.13/site-packages/fastapi/routing.py", line 134, in app
2026-09-21T00:41:04.883493300Z     await wrap_app_handling_exceptions(app, request)(scope, receive, send)
2026-09-21T00:41:04.883497829Z   File "/usr/local/lib/python3.13/site-packages/starlette/_exception_handler.py", line 53, in wrapped_app
2026-09-21T00:41:04.883502067Z     raise exc
2026-09-21T00:41:04.883506366Z   File "/usr/local/lib/python3.13/site-packages/starlette/_exception_handler.py", line 42, in wrapped_app
2026-09-21T00:41:04.883510614Z     await app(scope, receive, sender)
2026-09-21T00:41:04.883514903Z   File "/usr/local/lib/python3.13/site-packages/fastapi/routing.py", line 120, in app
2026-09-21T00:41:04.883520133Z     response = await f(request)
2026-09-21T00:41:04.883524401Z                ^^^^^^^^^^^^^^^^
2026-09-21T00:41:04.883528690Z   File "/usr/local/lib/python3.13/site-packages/fastapi/routing.py", line 674, in app
2026-09-21T00:41:04.883533018Z     raw_response = await run_endpoint_function(
2026-09-21T00:41:04.883537307Z                    ^^^^^^^^^^^^^^^^^^^^^^^^^^^^
2026-09-21T00:41:04.883541946Z     ...<3 lines>...
2026-09-21T00:41:04.883546204Z     )
2026-09-21T00:41:04.883550503Z     ^
2026-09-21T00:41:04.883554761Z   File "/usr/local/lib/python3.13/site-packages/fastapi/routing.py", line 330, in run_endpoint_function
2026-09-21T00:41:04.883559020Z     return await run_in_threadpool(dependant.call, **values)
2026-09-21T00:41:04.883563348Z            ^^^^^^^^^^^^^^^^^^^^^^^^^^^^^^^^^^^^^^^^^^^^^^^^^
2026-09-21T00:41:04.883629840Z   File "/usr/local/lib/python3.13/site-packages/starlette/concurrency.py", line 32, in run_in_threadpool
2026-09-21T00:41:04.883640110Z     return await anyio.to_thread.run_sync(func)
2026-09-21T00:41:04.883644609Z            ^^^^^^^^^^^^^^^^^^^^^^^^^^^^^^^^^^^^
2026-09-21T00:41:04.883648917Z   File "/usr/local/lib/python3.13/site-packages/anyio/to_thread.py", line 63, in run_sync
2026-09-21T00:41:04.883653186Z     return await get_async_backend().run_sync_in_worker_thread(
2026-09-21T00:41:04.883657454Z            ^^^^^^^^^^^^^^^^^^^^^^^^^^^^^^^^^^^^^^^^^^^^^^^^^^^^
2026-09-21T00:41:04.883661873Z         func, args, abandon_on_cancel=abandon_on_cancel, limiter=limiter
2026-09-21T00:41:04.883666161Z         ^^^^^^^^^^^^^^^^^^^^^^^^^^^^^^^^^^^^^^^^^^^^^^^^^^^^^^^^^^^^^^^^
2026-09-21T00:41:04.883670440Z     )
2026-09-21T00:41:04.883674778Z     ^
2026-09-21T00:41:04.883679117Z   File "/usr/local/lib/python3.13/site-packages/anyio/_backends/_asyncio.py", line 2518, in run_sync_in_worker_thread
2026-09-21T00:41:04.883683415Z     return await future
2026-09-21T00:41:04.883687714Z            ^^^^^^^^^^^^
2026-09-21T00:41:04.883691812Z   File "/usr/local/lib/python3.13/site-packages/anyio/_backends/_asyncio.py", line 1002, in run
2026-09-21T00:41:04.883693746Z     result = context.run(func, *args)
2026-09-21T00:41:04.883703485Z   File "/app/app/routers/orders.py", line 36, in checkout
2026-09-21T00:41:04.883705759Z     return create_order(
2026-09-21T00:41:04.883708304Z         db=db,
2026-09-21T00:41:04.883710879Z     ...<2 lines>...
2026-09-21T00:41:04.883713264Z         correlation_id=correlation_id,
2026-09-21T00:41:04.883715198Z     )
2026-09-21T00:41:04.883717402Z   File "/app/app/services/order_service.py", line 42, in create_order
2026-09-21T00:41:04.883719496Z     result = db.execute(
2026-09-21T00:41:04.883721881Z         select(ProductModel).where(ProductModel.id == product_id)
2026-09-21T00:41:04.883724286Z     )
2026-09-21T00:41:04.883726691Z   File "/usr/local/lib/python3.13/site-packages/sqlalchemy/orm/session.py", line 2372, in execute
2026-09-21T00:41:04.883728655Z     return self._execute_internal(
2026-09-21T00:41:04.883730558Z            ~~~~~~~~~~~~~~~~~~~~~~^
2026-09-21T00:41:04.883732452Z         statement,
2026-09-21T00:41:04.883734366Z         ^^^^^^^^^^
2026-09-21T00:41:04.883736280Z     ...<4 lines>...
2026-09-21T00:41:04.883738193Z         _add_event=_add_event,
2026-09-21T00:41:04.883740087Z         ^^^^^^^^^^^^^^^^^^^^^^
2026-09-21T00:41:04.883741961Z     )
2026-09-21T00:41:04.883743865Z     ^
2026-09-21T00:41:04.883745788Z   File "/usr/local/lib/python3.13/site-packages/sqlalchemy/orm/session.py", line 2260, in _execute_internal
2026-09-21T00:41:04.883747692Z     conn = self._connection_for_bind(bind)
2026-09-21T00:41:04.883749606Z   File "/usr/local/lib/python3.13/site-packages/sqlalchemy/orm/session.py", line 2112, in _connection_for_bind
2026-09-21T00:41:04.883751540Z     return trans._connection_for_bind(engine, execution_options)
2026-09-21T00:41:04.883753464Z            ~~~~~~~~~~~~~~~~~~~~~~~~~~^^^^^^^^^^^^^^^^^^^^^^^^^^^
2026-09-21T00:41:04.883755347Z   File "<string>", line 2, in _connection_for_bind
2026-09-21T00:41:04.883757241Z   File "/usr/local/lib/python3.13/site-packages/sqlalchemy/orm/state_changes.py", line 137, in _go
2026-09-21T00:41:04.883759135Z     ret_value = fn(self, *arg, **kw)
2026-09-21T00:41:04.883761018Z   File "/usr/local/lib/python3.13/site-packages/sqlalchemy/orm/session.py", line 1191, in _connection_for_bind
2026-09-21T00:41:04.883762942Z     conn = bind.connect()
2026-09-21T00:41:04.883765818Z   File "/usr/local/lib/python3.13/site-packages/opentelemetry/instrumentation/sqlalchemy/engine.py", line 200, in _wrap_connect_internal
2026-09-21T00:41:04.883767842Z     return func(*args, **kwargs)
2026-09-21T00:41:04.883769736Z   File "/usr/local/lib/python3.13/site-packages/sqlalchemy/engine/base.py", line 3295, in connect
2026-09-21T00:41:04.883771619Z     return self._connection_cls(self)
2026-09-21T00:41:04.883773503Z            ~~~~~~~~~~~~~~~~~~~~^^^^^^
2026-09-21T00:41:04.883779074Z   File "/usr/local/lib/python3.13/site-packages/sqlalchemy/engine/base.py", line 144, in __init__
2026-09-21T00:41:04.883781098Z     self._dbapi_connection = engine.raw_connection()
2026-09-21T00:41:04.883783002Z                              ~~~~~~~~~~~~~~~~~~~~~^^
2026-09-21T00:41:04.883784906Z   File "/usr/local/lib/python3.13/site-packages/sqlalchemy/engine/base.py", line 3319, in raw_connection
2026-09-21T00:41:04.883786849Z     return self.pool.connect()
2026-09-21T00:41:04.883788753Z            ~~~~~~~~~~~~~~~~~^^
2026-09-21T00:41:04.883790667Z   File "/usr/local/lib/python3.13/site-packages/sqlalchemy/pool/base.py", line 448, in connect
2026-09-21T00:41:04.883792581Z     return _ConnectionFairy._checkout(self)
2026-09-21T00:41:04.883794484Z            ~~~~~~~~~~~~~~~~~~~~~~~~~~^^^^^^
2026-09-21T00:41:04.883796388Z   File "/usr/local/lib/python3.13/site-packages/sqlalchemy/pool/base.py", line 1272, in _checkout
2026-09-21T00:41:04.883803001Z     fairy = _ConnectionRecord.checkout(pool)
2026-09-21T00:41:04.883804975Z   File "/usr/local/lib/python3.13/site-packages/sqlalchemy/pool/base.py", line 712, in checkout
2026-09-21T00:41:04.883806899Z     rec = pool._do_get()
2026-09-21T00:41:04.883808813Z   File "/usr/local/lib/python3.13/site-packages/sqlalchemy/pool/impl.py", line 167, in _do_get
2026-09-21T00:41:04.883810727Z     raise exc.TimeoutError(
2026-09-21T00:41:04.883812620Z     ...<4 lines>...
2026-09-21T00:41:04.883814514Z     )
2026-09-21T00:41:04.883817129Z sqlalchemy.exc.TimeoutError: QueuePool limit of size 5 overflow 10 reached, connection timed out, timeout 30.00 (Background on this error at: https://sqlalche.me/e/20/3o7r)
2026-09-21T00:41:06.054245290Z ERROR:    Exception in ASGI application
2026-09-21T00:41:06.054278205Z Traceback (most recent call last):
2026-09-21T00:41:06.054281382Z   File "/usr/local/lib/python3.13/site-packages/uvicorn/protocols/http/httptools_impl.py", line 421, in run_asgi
2026-09-21T00:41:06.054283866Z     result = await app(  # type: ignore[func-returns-value]
2026-09-21T00:41:06.054285780Z              ^^^^^^^^^^^^^^^^^^^^^^^^^^^^^^^^^^^^^^^^^^^^^^
2026-09-21T00:41:06.054287684Z         self.scope, self.receive, self.send
2026-09-21T00:41:06.054289578Z         ^^^^^^^^^^^^^^^^^^^^^^^^^^^^^^^^^^^
2026-09-21T00:41:06.054291582Z     )
2026-09-21T00:41:06.054293495Z     ^
2026-09-21T00:41:06.054295620Z   File "/usr/local/lib/python3.13/site-packages/uvicorn/middleware/proxy_headers.py", line 63, in __call__
2026-09-21T00:41:06.054297574Z     return await self.app(scope, receive, send)
2026-09-21T00:41:06.054299678Z            ^^^^^^^^^^^^^^^^^^^^^^^^^^^^^^^^^^^^
2026-09-21T00:41:06.054302433Z   File "/usr/local/lib/python3.13/site-packages/fastapi/applications.py", line 1159, in __call__
2026-09-21T00:41:06.054304337Z     await super().__call__(scope, receive, send)
2026-09-21T00:41:06.054306221Z   File "/usr/local/lib/python3.13/site-packages/starlette/applications.py", line 107, in __call__
2026-09-21T00:41:06.054308104Z     await self.middleware_stack(scope, receive, send)
2026-09-21T00:41:06.054309998Z   File "/usr/local/lib/python3.13/site-packages/starlette/middleware/errors.py", line 186, in __call__
2026-09-21T00:41:06.054311942Z     raise exc
2026-09-21T00:41:06.054313866Z   File "/usr/local/lib/python3.13/site-packages/starlette/middleware/errors.py", line 164, in __call__
2026-09-21T00:41:06.054315809Z     await self.app(scope, receive, _send)
2026-09-21T00:41:06.054318194Z   File "/usr/local/lib/python3.13/site-packages/opentelemetry/instrumentation/asgi/__init__.py", line 806, in __call__
2026-09-21T00:41:06.054320128Z     await self.app(scope, otel_receive, otel_send)
2026-09-21T00:41:06.054322032Z   File "/usr/local/lib/python3.13/site-packages/starlette/middleware/errors.py", line 186, in __call__
2026-09-21T00:41:06.054323946Z     raise exc
2026-09-21T00:41:06.054325909Z   File "/usr/local/lib/python3.13/site-packages/starlette/middleware/errors.py", line 164, in __call__
2026-09-21T00:41:06.054327873Z     await self.app(scope, receive, _send)
2026-09-21T00:41:06.054329767Z   File "/usr/local/lib/python3.13/site-packages/opentelemetry/instrumentation/fastapi/__init__.py", line 305, in __call__
2026-09-21T00:41:06.054331691Z     await self.app(scope, receive, send)
2026-09-21T00:41:06.054333605Z   File "/usr/local/lib/python3.13/site-packages/prometheus_fastapi_instrumentator/middleware.py", line 177, in __call__
2026-09-21T00:41:06.054335508Z     raise exc
2026-09-21T00:41:06.054337402Z   File "/usr/local/lib/python3.13/site-packages/prometheus_fastapi_instrumentator/middleware.py", line 175, in __call__
2026-09-21T00:41:06.054355608Z     await self.app(scope, receive, send_wrapper)
2026-09-21T00:41:06.054357722Z   File "/usr/local/lib/python3.13/site-packages/starlette/middleware/exceptions.py", line 63, in __call__
2026-09-21T00:41:06.054360498Z     await wrap_app_handling_exceptions(self.app, conn)(scope, receive, send)
2026-09-21T00:41:06.054362552Z   File "/usr/local/lib/python3.13/site-packages/starlette/_exception_handler.py", line 53, in wrapped_app
2026-09-21T00:41:06.054364445Z     raise exc
2026-09-21T00:41:06.054366379Z   File "/usr/local/lib/python3.13/site-packages/starlette/_exception_handler.py", line 42, in wrapped_app
2026-09-21T00:41:06.054368283Z     await app(scope, receive, sender)
2026-09-21T00:41:06.054370177Z   File "/usr/local/lib/python3.13/site-packages/fastapi/middleware/asyncexitstack.py", line 18, in __call__
2026-09-21T00:41:06.054372091Z     await self.app(scope, receive, send)
2026-09-21T00:41:06.054374014Z   File "/usr/local/lib/python3.13/site-packages/starlette/routing.py", line 716, in __call__
2026-09-21T00:41:06.054376068Z     await self.middleware_stack(scope, receive, send)
2026-09-21T00:41:06.054378373Z   File "/usr/local/lib/python3.13/site-packages/starlette/routing.py", line 736, in app
2026-09-21T00:41:06.054380307Z     await route.handle(scope, receive, send)
2026-09-21T00:41:06.054382261Z   File "/usr/local/lib/python3.13/site-packages/starlette/routing.py", line 290, in handle
2026-09-21T00:41:06.054384315Z     await self.app(scope, receive, send)
2026-09-21T00:41:06.054386218Z   File "/usr/local/lib/python3.13/site-packages/fastapi/routing.py", line 134, in app
2026-09-21T00:41:06.054388112Z     await wrap_app_handling_exceptions(app, request)(scope, receive, send)
2026-09-21T00:41:06.054390026Z   File "/usr/local/lib/python3.13/site-packages/starlette/_exception_handler.py", line 53, in wrapped_app
2026-09-21T00:41:06.054392020Z     raise exc
2026-09-21T00:41:06.054393964Z   File "/usr/local/lib/python3.13/site-packages/starlette/_exception_handler.py", line 42, in wrapped_app
2026-09-21T00:41:06.054395857Z     await app(scope, receive, sender)
2026-09-21T00:41:06.054397761Z   File "/usr/local/lib/python3.13/site-packages/fastapi/routing.py", line 120, in app
2026-09-21T00:41:06.054400076Z     response = await f(request)
2026-09-21T00:41:06.054402000Z                ^^^^^^^^^^^^^^^^
2026-09-21T00:41:06.054403933Z   File "/usr/local/lib/python3.13/site-packages/fastapi/routing.py", line 674, in app
2026-09-21T00:41:06.054405827Z     raw_response = await run_endpoint_function(
2026-09-21T00:41:06.054407741Z                    ^^^^^^^^^^^^^^^^^^^^^^^^^^^^
2026-09-21T00:41:06.054410045Z     ...<3 lines>...
2026-09-21T00:41:06.054411969Z     )
2026-09-21T00:41:06.054413893Z     ^
2026-09-21T00:41:06.054415827Z   File "/usr/local/lib/python3.13/site-packages/fastapi/routing.py", line 330, in run_endpoint_function
2026-09-21T00:41:06.054417791Z     return await run_in_threadpool(dependant.call, **values)
2026-09-21T00:41:06.054419705Z            ^^^^^^^^^^^^^^^^^^^^^^^^^^^^^^^^^^^^^^^^^^^^^^^^^
2026-09-21T00:41:06.054432610Z   File "/usr/local/lib/python3.13/site-packages/starlette/concurrency.py", line 32, in run_in_threadpool
2026-09-21T00:41:06.054434794Z     return await anyio.to_thread.run_sync(func)
2026-09-21T00:41:06.054436718Z            ^^^^^^^^^^^^^^^^^^^^^^^^^^^^^^^^^^^^
2026-09-21T00:41:06.054438622Z   File "/usr/local/lib/python3.13/site-packages/anyio/to_thread.py", line 63, in run_sync
2026-09-21T00:41:06.054440556Z     return await get_async_backend().run_sync_in_worker_thread(
2026-09-21T00:41:06.054442469Z            ^^^^^^^^^^^^^^^^^^^^^^^^^^^^^^^^^^^^^^^^^^^^^^^^^^^^
2026-09-21T00:41:06.054444373Z         func, args, abandon_on_cancel=abandon_on_cancel, limiter=limiter
2026-09-21T00:41:06.054451638Z         ^^^^^^^^^^^^^^^^^^^^^^^^^^^^^^^^^^^^^^^^^^^^^^^^^^^^^^^^^^^^^^^^
2026-09-21T00:41:06.054453652Z     )
2026-09-21T00:41:06.054455575Z     ^
2026-09-21T00:41:06.054457509Z   File "/usr/local/lib/python3.13/site-packages/anyio/_backends/_asyncio.py", line 2518, in run_sync_in_worker_thread
2026-09-21T00:41:06.054459463Z     return await future
2026-09-21T00:41:06.054461377Z            ^^^^^^^^^^^^
2026-09-21T00:41:06.054463271Z   File "/usr/local/lib/python3.13/site-packages/anyio/_backends/_asyncio.py", line 1002, in run
2026-09-21T00:41:06.054465174Z     result = context.run(func, *args)
2026-09-21T00:41:06.054467108Z   File "/app/app/routers/orders.py", line 36, in checkout
2026-09-21T00:41:06.054469052Z     return create_order(
2026-09-21T00:41:06.054470966Z         db=db,
2026-09-21T00:41:06.054472900Z     ...<2 lines>...
2026-09-21T00:41:06.054474823Z         correlation_id=correlation_id,
2026-09-21T00:41:06.054476747Z     )
2026-09-21T00:41:06.054478711Z   File "/app/app/services/order_service.py", line 42, in create_order
2026-09-21T00:41:06.054480635Z     result = db.execute(
2026-09-21T00:41:06.054482559Z         select(ProductModel).where(ProductModel.id == product_id)
2026-09-21T00:41:06.054484482Z     )
2026-09-21T00:41:06.054486396Z   File "/usr/local/lib/python3.13/site-packages/sqlalchemy/orm/session.py", line 2372, in execute
2026-09-21T00:41:06.054488300Z     return self._execute_internal(
2026-09-21T00:41:06.054490204Z            ~~~~~~~~~~~~~~~~~~~~~~^
2026-09-21T00:41:06.054492127Z         statement,
2026-09-21T00:41:06.054494041Z         ^^^^^^^^^^
2026-09-21T00:41:06.054495945Z     ...<4 lines>...
2026-09-21T00:41:06.054497849Z         _add_event=_add_event,
2026-09-21T00:41:06.054500274Z         ^^^^^^^^^^^^^^^^^^^^^^
2026-09-21T00:41:06.054502237Z     )
2026-09-21T00:41:06.054504141Z     ^
2026-09-21T00:41:06.054506075Z   File "/usr/local/lib/python3.13/site-packages/sqlalchemy/orm/session.py", line 2260, in _execute_internal
2026-09-21T00:41:06.054507999Z     conn = self._connection_for_bind(bind)
2026-09-21T00:41:06.054509913Z   File "/usr/local/lib/python3.13/site-packages/sqlalchemy/orm/session.py", line 2112, in _connection_for_bind
2026-09-21T00:41:06.054511816Z     return trans._connection_for_bind(engine, execution_options)
2026-09-21T00:41:06.054513720Z            ~~~~~~~~~~~~~~~~~~~~~~~~~~^^^^^^^^^^^^^^^^^^^^^^^^^^^
2026-09-21T00:41:06.054515654Z   File "<string>", line 2, in _connection_for_bind
2026-09-21T00:41:06.054517608Z   File "/usr/local/lib/python3.13/site-packages/sqlalchemy/orm/state_changes.py", line 137, in _go
2026-09-21T00:41:06.054519572Z     ret_value = fn(self, *arg, **kw)
2026-09-21T00:41:06.054521505Z   File "/usr/local/lib/python3.13/site-packages/sqlalchemy/orm/session.py", line 1191, in _connection_for_bind
2026-09-21T00:41:06.054526545Z     conn = bind.connect()
2026-09-21T00:41:06.054529131Z   File "/usr/local/lib/python3.13/site-packages/opentelemetry/instrumentation/sqlalchemy/engine.py", line 200, in _wrap_connect_internal
2026-09-21T00:41:06.054531074Z     return func(*args, **kwargs)
2026-09-21T00:41:06.054532988Z   File "/usr/local/lib/python3.13/site-packages/sqlalchemy/engine/base.py", line 3295, in connect
2026-09-21T00:41:06.054534942Z     return self._connection_cls(self)
2026-09-21T00:41:06.054536846Z            ~~~~~~~~~~~~~~~~~~~~^^^^^^
2026-09-21T00:41:06.054538750Z   File "/usr/local/lib/python3.13/site-packages/sqlalchemy/engine/base.py", line 144, in __init__
2026-09-21T00:41:06.054540663Z     self._dbapi_connection = engine.raw_connection()
2026-09-21T00:41:06.054547276Z                              ~~~~~~~~~~~~~~~~~~~~~^^
2026-09-21T00:41:06.054549240Z   File "/usr/local/lib/python3.13/site-packages/sqlalchemy/engine/base.py", line 3319, in raw_connection
2026-09-21T00:41:06.054551164Z     return self.pool.connect()
2026-09-21T00:41:06.054553088Z            ~~~~~~~~~~~~~~~~~^^
2026-09-21T00:41:06.054555032Z   File "/usr/local/lib/python3.13/site-packages/sqlalchemy/pool/base.py", line 448, in connect
2026-09-21T00:41:06.054556945Z     return _ConnectionFairy._checkout(self)
2026-09-21T00:41:06.054558859Z            ~~~~~~~~~~~~~~~~~~~~~~~~~~^^^^^^
2026-09-21T00:41:06.054562817Z   File "/usr/local/lib/python3.13/site-packages/sqlalchemy/pool/base.py", line 1272, in _checkout
2026-09-21T00:41:06.054564781Z     fairy = _ConnectionRecord.checkout(pool)
2026-09-21T00:41:06.054566715Z   File "/usr/local/lib/python3.13/site-packages/sqlalchemy/pool/base.py", line 712, in checkout
2026-09-21T00:41:06.054568649Z     rec = pool._do_get()
2026-09-21T00:41:06.054570572Z   File "/usr/local/lib/python3.13/site-packages/sqlalchemy/pool/impl.py", line 167, in _do_get
2026-09-21T00:41:06.054572506Z     raise exc.TimeoutError(
2026-09-21T00:41:06.054574500Z     ...<4 lines>...
2026-09-21T00:41:06.054576444Z     )
2026-09-21T00:41:06.054579470Z sqlalchemy.exc.TimeoutError: QueuePool limit of size 5 overflow 10 reached, connection timed out, timeout 30.00 (Background on this error at: https://sqlalche.me/e/20/3o7r)
2026-09-21T00:41:06.666310439Z ERROR:    Exception in ASGI application
2026-09-21T00:41:06.666351049Z Traceback (most recent call last):
2026-09-21T00:41:06.666354235Z   File "/usr/local/lib/python3.13/site-packages/uvicorn/protocols/http/httptools_impl.py", line 421, in run_asgi
2026-09-21T00:41:06.666357261Z     result = await app(  # type: ignore[func-returns-value]
2026-09-21T00:41:06.666359175Z              ^^^^^^^^^^^^^^^^^^^^^^^^^^^^^^^^^^^^^^^^^^^^^^
2026-09-21T00:41:06.666361069Z         self.scope, self.receive, self.send
2026-09-21T00:41:06.666362943Z         ^^^^^^^^^^^^^^^^^^^^^^^^^^^^^^^^^^^
2026-09-21T00:41:06.666364856Z     )
2026-09-21T00:41:06.666366800Z     ^
2026-09-21T00:41:06.666368734Z   File "/usr/local/lib/python3.13/site-packages/uvicorn/middleware/proxy_headers.py", line 63, in __call__
2026-09-21T00:41:06.666370658Z     return await self.app(scope, receive, send)
2026-09-21T00:41:06.666372572Z            ^^^^^^^^^^^^^^^^^^^^^^^^^^^^^^^^^^^^
2026-09-21T00:41:06.666375217Z   File "/usr/local/lib/python3.13/site-packages/fastapi/applications.py", line 1159, in __call__
2026-09-21T00:41:06.666377121Z     await super().__call__(scope, receive, send)
2026-09-21T00:41:06.666379014Z   File "/usr/local/lib/python3.13/site-packages/starlette/applications.py", line 107, in __call__
2026-09-21T00:41:06.666380928Z     await self.middleware_stack(scope, receive, send)
2026-09-21T00:41:06.666382852Z   File "/usr/local/lib/python3.13/site-packages/starlette/middleware/errors.py", line 186, in __call__
2026-09-21T00:41:06.666384816Z     raise exc
2026-09-21T00:41:06.666386990Z   File "/usr/local/lib/python3.13/site-packages/starlette/middleware/errors.py", line 164, in __call__
2026-09-21T00:41:06.666389395Z     await self.app(scope, receive, _send)
2026-09-21T00:41:06.666391990Z   File "/usr/local/lib/python3.13/site-packages/opentelemetry/instrumentation/asgi/__init__.py", line 806, in __call__
2026-09-21T00:41:06.666393914Z     await self.app(scope, otel_receive, otel_send)
2026-09-21T00:41:06.666395838Z   File "/usr/local/lib/python3.13/site-packages/starlette/middleware/errors.py", line 186, in __call__
2026-09-21T00:41:06.666397811Z     raise exc
2026-09-21T00:41:06.666399775Z   File "/usr/local/lib/python3.13/site-packages/starlette/middleware/errors.py", line 164, in __call__
2026-09-21T00:41:06.666420697Z     await self.app(scope, receive, _send)
2026-09-21T00:41:06.666422771Z   File "/usr/local/lib/python3.13/site-packages/opentelemetry/instrumentation/fastapi/__init__.py", line 305, in __call__
2026-09-21T00:41:06.666424715Z     await self.app(scope, receive, send)
2026-09-21T00:41:06.666426598Z   File "/usr/local/lib/python3.13/site-packages/prometheus_fastapi_instrumentator/middleware.py", line 177, in __call__
2026-09-21T00:41:06.666428542Z     raise exc
2026-09-21T00:41:06.666430516Z   File "/usr/local/lib/python3.13/site-packages/prometheus_fastapi_instrumentator/middleware.py", line 175, in __call__
2026-09-21T00:41:06.666432670Z     await self.app(scope, receive, send_wrapper)
2026-09-21T00:41:06.666438452Z   File "/usr/local/lib/python3.13/site-packages/starlette/middleware/exceptions.py", line 63, in __call__
2026-09-21T00:41:06.666441187Z     await wrap_app_handling_exceptions(self.app, conn)(scope, receive, send)
2026-09-21T00:41:06.666443091Z   File "/usr/local/lib/python3.13/site-packages/starlette/_exception_handler.py", line 53, in wrapped_app
2026-09-21T00:41:06.666445005Z     raise exc
2026-09-21T00:41:06.666447129Z   File "/usr/local/lib/python3.13/site-packages/starlette/_exception_handler.py", line 42, in wrapped_app
2026-09-21T00:41:06.666449053Z     await app(scope, receive, sender)
2026-09-21T00:41:06.666450936Z   File "/usr/local/lib/python3.13/site-packages/fastapi/middleware/asyncexitstack.py", line 18, in __call__
2026-09-21T00:41:06.666452840Z     await self.app(scope, receive, send)
2026-09-21T00:41:06.666454744Z   File "/usr/local/lib/python3.13/site-packages/starlette/routing.py", line 716, in __call__
2026-09-21T00:41:06.666456648Z     await self.middleware_stack(scope, receive, send)
2026-09-21T00:41:06.666458551Z   File "/usr/local/lib/python3.13/site-packages/starlette/routing.py", line 736, in app
2026-09-21T00:41:06.666460465Z     await route.handle(scope, receive, send)
2026-09-21T00:41:06.666462359Z   File "/usr/local/lib/python3.13/site-packages/starlette/routing.py", line 290, in handle
2026-09-21T00:41:06.666475154Z     await self.app(scope, receive, send)
2026-09-21T00:41:06.666479984Z   File "/usr/local/lib/python3.13/site-packages/fastapi/routing.py", line 134, in app
2026-09-21T00:41:06.666481927Z     await wrap_app_handling_exceptions(app, request)(scope, receive, send)
2026-09-21T00:41:06.666483811Z   File "/usr/local/lib/python3.13/site-packages/starlette/_exception_handler.py", line 53, in wrapped_app
2026-09-21T00:41:06.666485705Z     raise exc
2026-09-21T00:41:06.666487619Z   File "/usr/local/lib/python3.13/site-packages/starlette/_exception_handler.py", line 42, in wrapped_app
2026-09-21T00:41:06.666489562Z     await app(scope, receive, sender)
2026-09-21T00:41:06.666491456Z   File "/usr/local/lib/python3.13/site-packages/fastapi/routing.py", line 120, in app
2026-09-21T00:41:06.666493811Z     response = await f(request)
2026-09-21T00:41:06.666495755Z                ^^^^^^^^^^^^^^^^
2026-09-21T00:41:06.666497618Z   File "/usr/local/lib/python3.13/site-packages/fastapi/routing.py", line 674, in app
2026-09-21T00:41:06.666499522Z     raw_response = await run_endpoint_function(
2026-09-21T00:41:06.666501436Z                    ^^^^^^^^^^^^^^^^^^^^^^^^^^^^
2026-09-21T00:41:06.666503881Z     ...<3 lines>...
2026-09-21T00:41:06.666505835Z     )
2026-09-21T00:41:06.666507718Z     ^
2026-09-21T00:41:06.666509622Z   File "/usr/local/lib/python3.13/site-packages/fastapi/routing.py", line 330, in run_endpoint_function
2026-09-21T00:41:06.666511516Z     return await run_in_threadpool(dependant.call, **values)
2026-09-21T00:41:06.666521375Z            ^^^^^^^^^^^^^^^^^^^^^^^^^^^^^^^^^^^^^^^^^^^^^^^^^
2026-09-21T00:41:06.666554881Z   File "/usr/local/lib/python3.13/site-packages/starlette/concurrency.py", line 32, in run_in_threadpool
2026-09-21T00:41:06.666559611Z     return await anyio.to_thread.run_sync(func)
2026-09-21T00:41:06.666561605Z            ^^^^^^^^^^^^^^^^^^^^^^^^^^^^^^^^^^^^
2026-09-21T00:41:06.666563498Z   File "/usr/local/lib/python3.13/site-packages/anyio/to_thread.py", line 63, in run_sync
2026-09-21T00:41:06.666565412Z     return await get_async_backend().run_sync_in_worker_thread(
2026-09-21T00:41:06.666567356Z            ^^^^^^^^^^^^^^^^^^^^^^^^^^^^^^^^^^^^^^^^^^^^^^^^^^^^
2026-09-21T00:41:06.666569260Z         func, args, abandon_on_cancel=abandon_on_cancel, limiter=limiter
2026-09-21T00:41:06.666571174Z         ^^^^^^^^^^^^^^^^^^^^^^^^^^^^^^^^^^^^^^^^^^^^^^^^^^^^^^^^^^^^^^^^
2026-09-21T00:41:06.666573087Z     )
2026-09-21T00:41:06.666574991Z     ^
2026-09-21T00:41:06.666576995Z   File "/usr/local/lib/python3.13/site-packages/anyio/_backends/_asyncio.py", line 2518, in run_sync_in_worker_thread
2026-09-21T00:41:06.666579029Z     return await future
2026-09-21T00:41:06.666581103Z            ^^^^^^^^^^^^
2026-09-21T00:41:06.666583057Z   File "/usr/local/lib/python3.13/site-packages/anyio/_backends/_asyncio.py", line 1002, in run
2026-09-21T00:41:06.666584981Z     result = context.run(func, *args)
2026-09-21T00:41:06.666586885Z   File "/app/app/routers/orders.py", line 36, in checkout
2026-09-21T00:41:06.666588788Z     return create_order(
2026-09-21T00:41:06.666590702Z         db=db,
2026-09-21T00:41:06.666592646Z     ...<2 lines>...
2026-09-21T00:41:06.666594560Z         correlation_id=correlation_id,
2026-09-21T00:41:06.666596474Z     )
2026-09-21T00:41:06.666598417Z   File "/app/app/services/order_service.py", line 42, in create_order
2026-09-21T00:41:06.666600331Z     result = db.execute(
2026-09-21T00:41:06.666602245Z         select(ProductModel).where(ProductModel.id == product_id)
2026-09-21T00:41:06.666604129Z     )
2026-09-21T00:41:06.666606042Z   File "/usr/local/lib/python3.13/site-packages/sqlalchemy/orm/session.py", line 2372, in execute
2026-09-21T00:41:06.666607956Z     return self._execute_internal(
2026-09-21T00:41:06.666609870Z            ~~~~~~~~~~~~~~~~~~~~~~^
2026-09-21T00:41:06.666611784Z         statement,
2026-09-21T00:41:06.666613697Z         ^^^^^^^^^^
2026-09-21T00:41:06.666615591Z     ...<4 lines>...
2026-09-21T00:41:06.666617495Z         _add_event=_add_event,
2026-09-21T00:41:06.666619399Z         ^^^^^^^^^^^^^^^^^^^^^^
2026-09-21T00:41:06.666621313Z     )
2026-09-21T00:41:06.666623246Z     ^
2026-09-21T00:41:06.666625180Z   File "/usr/local/lib/python3.13/site-packages/sqlalchemy/orm/session.py", line 2260, in _execute_internal
2026-09-21T00:41:06.666627184Z     conn = self._connection_for_bind(bind)
2026-09-21T00:41:06.666629098Z   File "/usr/local/lib/python3.13/site-packages/sqlalchemy/orm/session.py", line 2112, in _connection_for_bind
2026-09-21T00:41:06.666631012Z     return trans._connection_for_bind(engine, execution_options)
2026-09-21T00:41:06.666632895Z            ~~~~~~~~~~~~~~~~~~~~~~~~~~^^^^^^^^^^^^^^^^^^^^^^^^^^^
2026-09-21T00:41:06.666634789Z   File "<string>", line 2, in _connection_for_bind
2026-09-21T00:41:06.666636673Z   File "/usr/local/lib/python3.13/site-packages/sqlalchemy/orm/state_changes.py", line 137, in _go
2026-09-21T00:41:06.666638597Z     ret_value = fn(self, *arg, **kw)
2026-09-21T00:41:06.666640500Z   File "/usr/local/lib/python3.13/site-packages/sqlalchemy/orm/session.py", line 1191, in _connection_for_bind
2026-09-21T00:41:06.666642414Z     conn = bind.connect()
2026-09-21T00:41:06.666730418Z   File "/usr/local/lib/python3.13/site-packages/opentelemetry/instrumentation/sqlalchemy/engine.py", line 200, in _wrap_connect_internal
2026-09-21T00:41:06.666735007Z     return func(*args, **kwargs)
2026-09-21T00:41:06.666736991Z   File "/usr/local/lib/python3.13/site-packages/sqlalchemy/engine/base.py", line 3295, in connect
2026-09-21T00:41:06.666738895Z     return self._connection_cls(self)
2026-09-21T00:41:06.666740798Z            ~~~~~~~~~~~~~~~~~~~~^^^^^^
2026-09-21T00:41:06.666742772Z   File "/usr/local/lib/python3.13/site-packages/sqlalchemy/engine/base.py", line 144, in __init__
2026-09-21T00:41:06.666744686Z     self._dbapi_connection = engine.raw_connection()
2026-09-21T00:41:06.666746580Z                              ~~~~~~~~~~~~~~~~~~~~~^^
2026-09-21T00:41:06.666748484Z   File "/usr/local/lib/python3.13/site-packages/sqlalchemy/engine/base.py", line 3319, in raw_connection
2026-09-21T00:41:06.666750397Z     return self.pool.connect()
2026-09-21T00:41:06.666752311Z            ~~~~~~~~~~~~~~~~~^^
2026-09-21T00:41:06.666754235Z   File "/usr/local/lib/python3.13/site-packages/sqlalchemy/pool/base.py", line 448, in connect
2026-09-21T00:41:06.666756149Z     return _ConnectionFairy._checkout(self)
2026-09-21T00:41:06.666758062Z            ~~~~~~~~~~~~~~~~~~~~~~~~~~^^^^^^
2026-09-21T00:41:06.666759956Z   File "/usr/local/lib/python3.13/site-packages/sqlalchemy/pool/base.py", line 1272, in _checkout
2026-09-21T00:41:06.666761880Z     fairy = _ConnectionRecord.checkout(pool)
2026-09-21T00:41:06.666763794Z   File "/usr/local/lib/python3.13/site-packages/sqlalchemy/pool/base.py", line 712, in checkout
2026-09-21T00:41:06.666765718Z     rec = pool._do_get()
2026-09-21T00:41:06.666767611Z   File "/usr/local/lib/python3.13/site-packages/sqlalchemy/pool/impl.py", line 167, in _do_get
2026-09-21T00:41:06.666769515Z     raise exc.TimeoutError(
2026-09-21T00:41:06.666771419Z     ...<4 lines>...
2026-09-21T00:41:06.666773363Z     )
2026-09-21T00:41:06.666775968Z sqlalchemy.exc.TimeoutError: QueuePool limit of size 5 overflow 10 reached, connection timed out, timeout 30.00 (Background on this error at: https://sqlalche.me/e/20/3o7r)
2026-09-21T00:41:06.758163904Z ERROR:    Exception in ASGI application
2026-09-21T00:41:06.758192099Z Traceback (most recent call last):
2026-09-21T00:41:06.758194775Z   File "/usr/local/lib/python3.13/site-packages/uvicorn/protocols/http/httptools_impl.py", line 421, in run_asgi
2026-09-21T00:41:06.758197380Z     result = await app(  # type: ignore[func-returns-value]
2026-09-21T00:41:06.758199293Z              ^^^^^^^^^^^^^^^^^^^^^^^^^^^^^^^^^^^^^^^^^^^^^^
2026-09-21T00:41:06.758201448Z         self.scope, self.receive, self.send
2026-09-21T00:41:06.758203412Z         ^^^^^^^^^^^^^^^^^^^^^^^^^^^^^^^^^^^
2026-09-21T00:41:06.758205345Z     )
2026-09-21T00:41:06.758207379Z     ^
2026-09-21T00:41:06.758209343Z   File "/usr/local/lib/python3.13/site-packages/uvicorn/middleware/proxy_headers.py", line 63, in __call__
2026-09-21T00:41:06.758211277Z     return await self.app(scope, receive, send)
2026-09-21T00:41:06.758213481Z            ^^^^^^^^^^^^^^^^^^^^^^^^^^^^^^^^^^^^
2026-09-21T00:41:06.758215956Z   File "/usr/local/lib/python3.13/site-packages/fastapi/applications.py", line 1159, in __call__
2026-09-21T00:41:06.758218111Z     await super().__call__(scope, receive, send)
2026-09-21T00:41:06.758220044Z   File "/usr/local/lib/python3.13/site-packages/starlette/applications.py", line 107, in __call__
2026-09-21T00:41:06.758221978Z     await self.middleware_stack(scope, receive, send)
2026-09-21T00:41:06.758223892Z   File "/usr/local/lib/python3.13/site-packages/starlette/middleware/errors.py", line 186, in __call__
2026-09-21T00:41:06.758241477Z     raise exc
2026-09-21T00:41:06.758243551Z   File "/usr/local/lib/python3.13/site-packages/starlette/middleware/errors.py", line 164, in __call__
2026-09-21T00:41:06.758245485Z     await self.app(scope, receive, _send)
2026-09-21T00:41:06.758248040Z   File "/usr/local/lib/python3.13/site-packages/opentelemetry/instrumentation/asgi/__init__.py", line 806, in __call__
2026-09-21T00:41:06.758249983Z     await self.app(scope, otel_receive, otel_send)
2026-09-21T00:41:06.758251907Z   File "/usr/local/lib/python3.13/site-packages/starlette/middleware/errors.py", line 186, in __call__
2026-09-21T00:41:06.758253811Z     raise exc
2026-09-21T00:41:06.758255825Z   File "/usr/local/lib/python3.13/site-packages/starlette/middleware/errors.py", line 164, in __call__
2026-09-21T00:41:06.758257729Z     await self.app(scope, receive, _send)
2026-09-21T00:41:06.758259622Z   File "/usr/local/lib/python3.13/site-packages/opentelemetry/instrumentation/fastapi/__init__.py", line 305, in __call__
2026-09-21T00:41:06.758261526Z     await self.app(scope, receive, send)
2026-09-21T00:41:06.758263430Z   File "/usr/local/lib/python3.13/site-packages/prometheus_fastapi_instrumentator/middleware.py", line 177, in __call__
2026-09-21T00:41:06.758265464Z     raise exc
2026-09-21T00:41:06.758267568Z   File "/usr/local/lib/python3.13/site-packages/prometheus_fastapi_instrumentator/middleware.py", line 175, in __call__
2026-09-21T00:41:06.758269522Z     await self.app(scope, receive, send_wrapper)
2026-09-21T00:41:06.758271436Z   File "/usr/local/lib/python3.13/site-packages/starlette/middleware/exceptions.py", line 63, in __call__
2026-09-21T00:41:06.758273951Z     await wrap_app_handling_exceptions(self.app, conn)(scope, receive, send)
2026-09-21T00:41:06.758275905Z   File "/usr/local/lib/python3.13/site-packages/starlette/_exception_handler.py", line 53, in wrapped_app
2026-09-21T00:41:06.758277858Z     raise exc
2026-09-21T00:41:06.758279762Z   File "/usr/local/lib/python3.13/site-packages/starlette/_exception_handler.py", line 42, in wrapped_app
2026-09-21T00:41:06.758281686Z     await app(scope, receive, sender)
2026-09-21T00:41:06.758283600Z   File "/usr/local/lib/python3.13/site-packages/fastapi/middleware/asyncexitstack.py", line 18, in __call__
2026-09-21T00:41:06.758285514Z     await self.app(scope, receive, send)
2026-09-21T00:41:06.758287498Z   File "/usr/local/lib/python3.13/site-packages/starlette/routing.py", line 716, in __call__
2026-09-21T00:41:06.758289401Z     await self.middleware_stack(scope, receive, send)
2026-09-21T00:41:06.758291315Z   File "/usr/local/lib/python3.13/site-packages/starlette/routing.py", line 736, in app
2026-09-21T00:41:06.758353237Z     await route.handle(scope, receive, send)
2026-09-21T00:41:06.758357426Z   File "/usr/local/lib/python3.13/site-packages/starlette/routing.py", line 290, in handle
2026-09-21T00:41:06.758359470Z     await self.app(scope, receive, send)
2026-09-21T00:41:06.758361383Z   File "/usr/local/lib/python3.13/site-packages/fastapi/routing.py", line 134, in app
2026-09-21T00:41:06.758363337Z     await wrap_app_handling_exceptions(app, request)(scope, receive, send)
2026-09-21T00:41:06.758365421Z   File "/usr/local/lib/python3.13/site-packages/starlette/_exception_handler.py", line 53, in wrapped_app
2026-09-21T00:41:06.758367355Z     raise exc
2026-09-21T00:41:06.758369299Z   File "/usr/local/lib/python3.13/site-packages/starlette/_exception_handler.py", line 42, in wrapped_app
2026-09-21T00:41:06.758371253Z     await app(scope, receive, sender)
2026-09-21T00:41:06.758373157Z   File "/usr/local/lib/python3.13/site-packages/fastapi/routing.py", line 120, in app
2026-09-21T00:41:06.758375471Z     response = await f(request)
2026-09-21T00:41:06.758385792Z                ^^^^^^^^^^^^^^^^
2026-09-21T00:41:06.758387755Z   File "/usr/local/lib/python3.13/site-packages/fastapi/routing.py", line 674, in app
2026-09-21T00:41:06.758389669Z     raw_response = await run_endpoint_function(
2026-09-21T00:41:06.758391583Z                    ^^^^^^^^^^^^^^^^^^^^^^^^^^^^
2026-09-21T00:41:06.758393898Z     ...<3 lines>...
2026-09-21T00:41:06.758395791Z     )
2026-09-21T00:41:06.758397715Z     ^
2026-09-21T00:41:06.758399739Z   File "/usr/local/lib/python3.13/site-packages/fastapi/routing.py", line 330, in run_endpoint_function
2026-09-21T00:41:06.758401653Z     return await run_in_threadpool(dependant.call, **values)
2026-09-21T00:41:06.758403547Z            ^^^^^^^^^^^^^^^^^^^^^^^^^^^^^^^^^^^^^^^^^^^^^^^^^
2026-09-21T00:41:06.758439888Z   File "/usr/local/lib/python3.13/site-packages/starlette/concurrency.py", line 32, in run_in_threadpool
2026-09-21T00:41:06.758445099Z     return await anyio.to_thread.run_sync(func)
2026-09-21T00:41:06.758447082Z            ^^^^^^^^^^^^^^^^^^^^^^^^^^^^^^^^^^^^
2026-09-21T00:41:06.758448986Z   File "/usr/local/lib/python3.13/site-packages/anyio/to_thread.py", line 63, in run_sync
2026-09-21T00:41:06.758450990Z     return await get_async_backend().run_sync_in_worker_thread(
2026-09-21T00:41:06.758452914Z            ^^^^^^^^^^^^^^^^^^^^^^^^^^^^^^^^^^^^^^^^^^^^^^^^^^^^
2026-09-21T00:41:06.758454828Z         func, args, abandon_on_cancel=abandon_on_cancel, limiter=limiter
2026-09-21T00:41:06.758456922Z         ^^^^^^^^^^^^^^^^^^^^^^^^^^^^^^^^^^^^^^^^^^^^^^^^^^^^^^^^^^^^^^^^
2026-09-21T00:41:06.758459317Z     )
2026-09-21T00:41:06.758461751Z     ^
2026-09-21T00:41:06.758464156Z   File "/usr/local/lib/python3.13/site-packages/anyio/_backends/_asyncio.py", line 2518, in run_sync_in_worker_thread
2026-09-21T00:41:06.758466080Z     return await future
2026-09-21T00:41:06.758468054Z            ^^^^^^^^^^^^
2026-09-21T00:41:06.758469978Z   File "/usr/local/lib/python3.13/site-packages/anyio/_backends/_asyncio.py", line 1002, in run
2026-09-21T00:41:06.758472382Z     result = context.run(func, *args)
2026-09-21T00:41:06.758474897Z   File "/app/app/routers/orders.py", line 36, in checkout
2026-09-21T00:41:06.758477282Z     return create_order(
2026-09-21T00:41:06.758479426Z         db=db,
2026-09-21T00:41:06.758481340Z     ...<2 lines>...
2026-09-21T00:41:06.758483284Z         correlation_id=correlation_id,
2026-09-21T00:41:06.758485228Z     )
2026-09-21T00:41:06.758487202Z   File "/app/app/services/order_service.py", line 42, in create_order
2026-09-21T00:41:06.758489115Z     result = db.execute(
2026-09-21T00:41:06.758494416Z         select(ProductModel).where(ProductModel.id == product_id)
2026-09-21T00:41:06.758496350Z     )
2026-09-21T00:41:06.758498324Z   File "/usr/local/lib/python3.13/site-packages/sqlalchemy/orm/session.py", line 2372, in execute
2026-09-21T00:41:06.758500257Z     return self._execute_internal(
2026-09-21T00:41:06.758502161Z            ~~~~~~~~~~~~~~~~~~~~~~^
2026-09-21T00:41:06.758504125Z         statement,
2026-09-21T00:41:06.758506069Z         ^^^^^^^^^^
2026-09-21T00:41:06.758507983Z     ...<4 lines>...
2026-09-21T00:41:06.758509987Z         _add_event=_add_event,
2026-09-21T00:41:06.758512001Z         ^^^^^^^^^^^^^^^^^^^^^^
2026-09-21T00:41:06.758513884Z     )
2026-09-21T00:41:06.758515788Z     ^
2026-09-21T00:41:06.758517712Z   File "/usr/local/lib/python3.13/site-packages/sqlalchemy/orm/session.py", line 2260, in _execute_internal
2026-09-21T00:41:06.758519656Z     conn = self._connection_for_bind(bind)
2026-09-21T00:41:06.758521630Z   File "/usr/local/lib/python3.13/site-packages/sqlalchemy/orm/session.py", line 2112, in _connection_for_bind
2026-09-21T00:41:06.758531659Z     return trans._connection_for_bind(engine, execution_options)
2026-09-21T00:41:06.758533653Z            ~~~~~~~~~~~~~~~~~~~~~~~~~~^^^^^^^^^^^^^^^^^^^^^^^^^^^
2026-09-21T00:41:06.758535557Z   File "<string>", line 2, in _connection_for_bind
2026-09-21T00:41:06.758537521Z   File "/usr/local/lib/python3.13/site-packages/sqlalchemy/orm/state_changes.py", line 137, in _go
2026-09-21T00:41:06.758539445Z     ret_value = fn(self, *arg, **kw)
2026-09-21T00:41:06.758541339Z   File "/usr/local/lib/python3.13/site-packages/sqlalchemy/orm/session.py", line 1191, in _connection_for_bind
2026-09-21T00:41:06.758543262Z     conn = bind.connect()
2026-09-21T00:41:06.758546188Z   File "/usr/local/lib/python3.13/site-packages/opentelemetry/instrumentation/sqlalchemy/engine.py", line 200, in _wrap_connect_internal
2026-09-21T00:41:06.758548112Z     return func(*args, **kwargs)
2026-09-21T00:41:06.758550026Z   File "/usr/local/lib/python3.13/site-packages/sqlalchemy/engine/base.py", line 3295, in connect
2026-09-21T00:41:06.758551949Z     return self._connection_cls(self)
2026-09-21T00:41:06.758553873Z            ~~~~~~~~~~~~~~~~~~~~^^^^^^
2026-09-21T00:41:06.758555777Z   File "/usr/local/lib/python3.13/site-packages/sqlalchemy/engine/base.py", line 144, in __init__
2026-09-21T00:41:06.758557691Z     self._dbapi_connection = engine.raw_connection()
2026-09-21T00:41:06.758559605Z                              ~~~~~~~~~~~~~~~~~~~~~^^
2026-09-21T00:41:06.758561488Z   File "/usr/local/lib/python3.13/site-packages/sqlalchemy/engine/base.py", line 3319, in raw_connection
2026-09-21T00:41:06.758563402Z     return self.pool.connect()
2026-09-21T00:41:06.758565296Z            ~~~~~~~~~~~~~~~~~^^
2026-09-21T00:41:06.758567210Z   File "/usr/local/lib/python3.13/site-packages/sqlalchemy/pool/base.py", line 448, in connect
2026-09-21T00:41:06.758569113Z     return _ConnectionFairy._checkout(self)
2026-09-21T00:41:06.758571017Z            ~~~~~~~~~~~~~~~~~~~~~~~~~~^^^^^^
2026-09-21T00:41:06.758572921Z   File "/usr/local/lib/python3.13/site-packages/sqlalchemy/pool/base.py", line 1272, in _checkout
2026-09-21T00:41:06.758574855Z     fairy = _ConnectionRecord.checkout(pool)
2026-09-21T00:41:06.758576748Z   File "/usr/local/lib/python3.13/site-packages/sqlalchemy/pool/base.py", line 712, in checkout
2026-09-21T00:41:06.758578652Z     rec = pool._do_get()
2026-09-21T00:41:06.758580546Z   File "/usr/local/lib/python3.13/site-packages/sqlalchemy/pool/impl.py", line 167, in _do_get
2026-09-21T00:41:06.758582460Z     raise exc.TimeoutError(
2026-09-21T00:41:06.758584373Z     ...<4 lines>...
2026-09-21T00:41:06.758586267Z     )
2026-09-21T00:41:06.758588662Z sqlalchemy.exc.TimeoutError: QueuePool limit of size 5 overflow 10 reached, connection timed out, timeout 30.00 (Background on this error at: https://sqlalche.me/e/20/3o7r)
2026-09-21T00:41:07.449757987Z INFO:     Waiting for background tasks to complete. (CTRL+C to force quit)
