timestamp,pod,pod_uid,app,phase,pod_ready,ready_containers,total_containers,restart_count,container_restarts,container_states,api_pod_count,node,all_nodes_ready,node_states
2026-09-17T16:48:21.236Z,api-5446dc8d87-6l9mv,9246cf39-f267-4f44-bc84-2767b1b72c59,api,Running,True,1,1,0,"{""api"": 0}","{""api"": ""running""}",1,desktop-control-plane,True,"{""desktop-control-plane"": true}"
2026-09-17T16:48:21.236Z,jaeger-7cc9b664cc-8zts5,66d6c19f-d2b0-40bb-bf1f-41667edf8656,jaeger,Running,True,1,1,0,"{""jaeger"": 0}","{""jaeger"": ""running""}",1,desktop-control-plane,True,"{""desktop-control-plane"": true}"
2026-09-17T16:48:21.236Z,otel-collector-7c765745bf-d64nd,e1d10cbf-afc3-415e-b996-9a271df63bf2,otel-collector,Running,True,1,1,0,"{""otel-collector"": 0}","{""otel-collector"": ""running""}",1,desktop-control-plane,True,"{""desktop-control-plane"": true}"
2026-09-17T16:48:21.236Z,postgres-676cc4986c-v8qxn,1bf14322-2c6f-423c-b80e-860c302c8460,postgres,Running,True,1,1,0,"{""postgres"": 0}","{""postgres"": ""running""}",1,desktop-control-plane,True,"{""desktop-control-plane"": true}"
2026-09-17T16:48:21.236Z,prometheus-59f5cf7468-7zcq5,e2dfb979-47ef-4b38-9873-7fc3eee70142,prometheus,Running,True,1,1,0,"{""prometheus"": 0}","{""prometheus"": ""running""}",1,desktop-control-plane,True,"{""desktop-control-plane"": true}"
2026-09-17T16:48:21.236Z,rabbitmq-5cdf8f76b7-bkvlg,6390bb39-0727-4ae9-88b4-23eb06cf28be,rabbitmq,Running,True,1,1,0,"{""rabbitmq"": 0}","{""rabbitmq"": ""running""}",1,desktop-control-plane,True,"{""desktop-control-plane"": true}"
2026-09-17T16:48:21.236Z,worker-57dcf48f69-tpt7l,05eef36a-55a7-4727-a795-7740fdc24f97,worker,Running,True,1,1,0,"{""worker"": 0}","{""worker"": ""running""}",1,desktop-control-plane,True,"{""desktop-control-plane"": true}"
2026-09-17T16:48:26.236Z,api-5446dc8d87-6l9mv,9246cf39-f267-4f44-bc84-2767b1b72c59,api,Running,True,1,1,0,"{""api"": 0}","{""api"": ""running""}",1,desktop-control-plane,True,"{""desktop-control-plane"": true}"
2026-09-17T16:48:26.236Z,jaeger-7cc9b664cc-8zts5,66d6c19f-d2b0-40bb-bf1f-41667edf8656,jaeger,Running,True,1,1,0,"{""jaeger"": 0}","{""jaeger"": ""running""}",1,desktop-control-plane,True,"{""desktop-control-plane"": true}"
2026-09-17T16:48:26.236Z,otel-collector-7c765745bf-d64nd,e1d10cbf-afc3-415e-b996-9a271df63bf2,otel-collector,Running,True,1,1,0,"{""otel-collector"": 0}","{""otel-collector"": ""running""}",1,desktop-control-plane,True,"{""desktop-control-plane"": true}"
2026-09-17T16:48:26.236Z,postgres-676cc4986c-v8qxn,1bf14322-2c6f-423c-b80e-860c302c8460,postgres,Running,True,1,1,0,"{""postgres"": 0}","{""postgres"": ""running""}",1,desktop-control-plane,True,"{""desktop-control-plane"": true}"
2026-09-17T16:48:26.236Z,prometheus-59f5cf7468-7zcq5,e2dfb979-47ef-4b38-9873-7fc3eee70142,prometheus,Running,True,1,1,0,"{""prometheus"": 0}","{""prometheus"": ""running""}",1,desktop-control-plane,True,"{""desktop-control-plane"": true}"
2026-09-17T16:48:26.236Z,rabbitmq-5cdf8f76b7-bkvlg,6390bb39-0727-4ae9-88b4-23eb06cf28be,rabbitmq,Running,True,1,1,0,"{""rabbitmq"": 0}","{""rabbitmq"": ""running""}",1,desktop-control-plane,True,"{""desktop-control-plane"": true}"
2026-09-17T16:48:26.236Z,worker-57dcf48f69-tpt7l,05eef36a-55a7-4727-a795-7740fdc24f97,worker,Running,True,1,1,0,"{""worker"": 0}","{""worker"": ""running""}",1,desktop-control-plane,True,"{""desktop-control-plane"": true}"
2026-09-17T16:48:31.236Z,api-5446dc8d87-6l9mv,9246cf39-f267-4f44-bc84-2767b1b72c59,api,Running,True,1,1,0,"{""api"": 0}","{""api"": ""running""}",1,desktop-control-plane,True,"{""desktop-control-plane"": true}"
2026-09-17T16:48:31.236Z,jaeger-7cc9b664cc-8zts5,66d6c19f-d2b0-40bb-bf1f-41667edf8656,jaeger,Running,True,1,1,0,"{""jaeger"": 0}","{""jaeger"": ""running""}",1,desktop-control-plane,True,"{""desktop-control-plane"": true}"
2026-09-17T16:48:31.236Z,otel-collector-7c765745bf-d64nd,e1d10cbf-afc3-415e-b996-9a271df63bf2,otel-collector,Running,True,1,1,0,"{""otel-collector"": 0}","{""otel-collector"": ""running""}",1,desktop-control-plane,True,"{""desktop-control-plane"": true}"
2026-09-17T16:48:31.236Z,postgres-676cc4986c-v8qxn,1bf14322-2c6f-423c-b80e-860c302c8460,postgres,Running,True,1,1,0,"{""postgres"": 0}","{""postgres"": ""running""}",1,desktop-control-plane,True,"{""desktop-control-plane"": true}"
2026-09-17T16:48:31.236Z,prometheus-59f5cf7468-7zcq5,e2dfb979-47ef-4b38-9873-7fc3eee70142,prometheus,Running,True,1,1,0,"{""prometheus"": 0}","{""prometheus"": ""running""}",1,desktop-control-plane,True,"{""desktop-control-plane"": true}"
2026-09-17T16:48:31.236Z,rabbitmq-5cdf8f76b7-bkvlg,6390bb39-0727-4ae9-88b4-23eb06cf28be,rabbitmq,Running,True,1,1,0,"{""rabbitmq"": 0}","{""rabbitmq"": ""running""}",1,desktop-control-plane,True,"{""desktop-control-plane"": true}"
2026-09-17T16:48:31.236Z,worker-57dcf48f69-tpt7l,05eef36a-55a7-4727-a795-7740fdc24f97,worker,Running,True,1,1,0,"{""worker"": 0}","{""worker"": ""running""}",1,desktop-control-plane,True,"{""desktop-control-plane"": true}"
2026-09-17T16:48:36.237Z,api-5446dc8d87-6l9mv,9246cf39-f267-4f44-bc84-2767b1b72c59,api,Running,True,1,1,0,"{""api"": 0}","{""api"": ""running""}",5,desktop-control-plane,True,"{""desktop-control-plane"": true}"
2026-09-17T16:48:36.237Z,api-5446dc8d87-fhljf,49d57088-dd32-4f1c-a991-51b5d68dc0b7,api,Running,False,0,1,0,"{""api"": 0}","{""api"": ""running""}",5,desktop-control-plane,True,"{""desktop-control-plane"": true}"
2026-09-17T16:48:36.237Z,api-5446dc8d87-pd8xz,590a50a1-1613-4ea6-bdab-2f0b49230964,api,Running,False,0,1,0,"{""api"": 0}","{""api"": ""running""}",5,desktop-control-plane,True,"{""desktop-control-plane"": true}"
2026-09-17T16:48:36.237Z,api-5446dc8d87-z5fmg,955b8ef4-49ab-4d42-b47e-3b056100fcdd,api,Running,False,0,1,0,"{""api"": 0}","{""api"": ""running""}",5,desktop-control-plane,True,"{""desktop-control-plane"": true}"
2026-09-17T16:48:36.237Z,api-5446dc8d87-zv2xv,5d285df4-103f-4756-9250-4fab2ff3b637,api,Running,False,0,1,0,"{""api"": 0}","{""api"": ""running""}",5,desktop-control-plane,True,"{""desktop-control-plane"": true}"
2026-09-17T16:48:36.237Z,jaeger-7cc9b664cc-8zts5,66d6c19f-d2b0-40bb-bf1f-41667edf8656,jaeger,Running,True,1,1,0,"{""jaeger"": 0}","{""jaeger"": ""running""}",5,desktop-control-plane,True,"{""desktop-control-plane"": true}"
2026-09-17T16:48:36.237Z,otel-collector-7c765745bf-d64nd,e1d10cbf-afc3-415e-b996-9a271df63bf2,otel-collector,Running,True,1,1,0,"{""otel-collector"": 0}","{""otel-collector"": ""running""}",5,desktop-control-plane,True,"{""desktop-control-plane"": true}"
2026-09-17T16:48:36.237Z,postgres-676cc4986c-v8qxn,1bf14322-2c6f-423c-b80e-860c302c8460,postgres,Running,True,1,1,0,"{""postgres"": 0}","{""postgres"": ""running""}",5,desktop-control-plane,True,"{""desktop-control-plane"": true}"
2026-09-17T16:48:36.237Z,prometheus-59f5cf7468-7zcq5,e2dfb979-47ef-4b38-9873-7fc3eee70142,prometheus,Running,True,1,1,0,"{""prometheus"": 0}","{""prometheus"": ""running""}",5,desktop-control-plane,True,"{""desktop-control-plane"": true}"
2026-09-17T16:48:36.237Z,rabbitmq-5cdf8f76b7-bkvlg,6390bb39-0727-4ae9-88b4-23eb06cf28be,rabbitmq,Running,True,1,1,0,"{""rabbitmq"": 0}","{""rabbitmq"": ""running""}",5,desktop-control-plane,True,"{""desktop-control-plane"": true}"
2026-09-17T16:48:36.237Z,worker-57dcf48f69-tpt7l,05eef36a-55a7-4727-a795-7740fdc24f97,worker,Running,True,1,1,0,"{""worker"": 0}","{""worker"": ""running""}",5,desktop-control-plane,True,"{""desktop-control-plane"": true}"
2026-09-17T16:48:41.237Z,api-5446dc8d87-6l9mv,9246cf39-f267-4f44-bc84-2767b1b72c59,api,Running,True,1,1,0,"{""api"": 0}","{""api"": ""running""}",5,desktop-control-plane,True,"{""desktop-control-plane"": true}"
2026-09-17T16:48:41.237Z,api-5446dc8d87-fhljf,49d57088-dd32-4f1c-a991-51b5d68dc0b7,api,Running,False,0,1,0,"{""api"": 0}","{""api"": ""running""}",5,desktop-control-plane,True,"{""desktop-control-plane"": true}"
2026-09-17T16:48:41.237Z,api-5446dc8d87-pd8xz,590a50a1-1613-4ea6-bdab-2f0b49230964,api,Running,False,0,1,0,"{""api"": 0}","{""api"": ""running""}",5,desktop-control-plane,True,"{""desktop-control-plane"": true}"
2026-09-17T16:48:41.237Z,api-5446dc8d87-z5fmg,955b8ef4-49ab-4d42-b47e-3b056100fcdd,api,Running,False,0,1,0,"{""api"": 0}","{""api"": ""running""}",5,desktop-control-plane,True,"{""desktop-control-plane"": true}"
2026-09-17T16:48:41.237Z,api-5446dc8d87-zv2xv,5d285df4-103f-4756-9250-4fab2ff3b637,api,Running,False,0,1,0,"{""api"": 0}","{""api"": ""running""}",5,desktop-control-plane,True,"{""desktop-control-plane"": true}"
2026-09-17T16:48:41.237Z,jaeger-7cc9b664cc-8zts5,66d6c19f-d2b0-40bb-bf1f-41667edf8656,jaeger,Running,True,1,1,0,"{""jaeger"": 0}","{""jaeger"": ""running""}",5,desktop-control-plane,True,"{""desktop-control-plane"": true}"
2026-09-17T16:48:41.237Z,otel-collector-7c765745bf-d64nd,e1d10cbf-afc3-415e-b996-9a271df63bf2,otel-collector,Running,True,1,1,0,"{""otel-collector"": 0}","{""otel-collector"": ""running""}",5,desktop-control-plane,True,"{""desktop-control-plane"": true}"
2026-09-17T16:48:41.237Z,postgres-676cc4986c-v8qxn,1bf14322-2c6f-423c-b80e-860c302c8460,postgres,Running,True,1,1,0,"{""postgres"": 0}","{""postgres"": ""running""}",5,desktop-control-plane,True,"{""desktop-control-plane"": true}"
2026-09-17T16:48:41.237Z,prometheus-59f5cf7468-7zcq5,e2dfb979-47ef-4b38-9873-7fc3eee70142,prometheus,Running,True,1,1,0,"{""prometheus"": 0}","{""prometheus"": ""running""}",5,desktop-control-plane,True,"{""desktop-control-plane"": true}"
2026-09-17T16:48:41.237Z,rabbitmq-5cdf8f76b7-bkvlg,6390bb39-0727-4ae9-88b4-23eb06cf28be,rabbitmq,Running,True,1,1,0,"{""rabbitmq"": 0}","{""rabbitmq"": ""running""}",5,desktop-control-plane,True,"{""desktop-control-plane"": true}"
2026-09-17T16:48:41.237Z,worker-57dcf48f69-tpt7l,05eef36a-55a7-4727-a795-7740fdc24f97,worker,Running,True,1,1,0,"{""worker"": 0}","{""worker"": ""running""}",5,desktop-control-plane,True,"{""desktop-control-plane"": true}"
2026-09-17T16:48:46.237Z,api-5446dc8d87-6l9mv,9246cf39-f267-4f44-bc84-2767b1b72c59,api,Running,True,1,1,0,"{""api"": 0}","{""api"": ""running""}",5,desktop-control-plane,True,"{""desktop-control-plane"": true}"
2026-09-17T16:48:46.237Z,api-5446dc8d87-fhljf,49d57088-dd32-4f1c-a991-51b5d68dc0b7,api,Running,True,1,1,0,"{""api"": 0}","{""api"": ""running""}",5,desktop-control-plane,True,"{""desktop-control-plane"": true}"
2026-09-17T16:48:46.237Z,api-5446dc8d87-pd8xz,590a50a1-1613-4ea6-bdab-2f0b49230964,api,Running,False,0,1,0,"{""api"": 0}","{""api"": ""running""}",5,desktop-control-plane,True,"{""desktop-control-plane"": true}"
2026-09-17T16:48:46.237Z,api-5446dc8d87-z5fmg,955b8ef4-49ab-4d42-b47e-3b056100fcdd,api,Running,False,0,1,0,"{""api"": 0}","{""api"": ""running""}",5,desktop-control-plane,True,"{""desktop-control-plane"": true}"
2026-09-17T16:48:46.237Z,api-5446dc8d87-zv2xv,5d285df4-103f-4756-9250-4fab2ff3b637,api,Running,False,0,1,0,"{""api"": 0}","{""api"": ""running""}",5,desktop-control-plane,True,"{""desktop-control-plane"": true}"
2026-09-17T16:48:46.237Z,jaeger-7cc9b664cc-8zts5,66d6c19f-d2b0-40bb-bf1f-41667edf8656,jaeger,Running,True,1,1,0,"{""jaeger"": 0}","{""jaeger"": ""running""}",5,desktop-control-plane,True,"{""desktop-control-plane"": true}"
2026-09-17T16:48:46.237Z,otel-collector-7c765745bf-d64nd,e1d10cbf-afc3-415e-b996-9a271df63bf2,otel-collector,Running,True,1,1,0,"{""otel-collector"": 0}","{""otel-collector"": ""running""}",5,desktop-control-plane,True,"{""desktop-control-plane"": true}"
2026-09-17T16:48:46.237Z,postgres-676cc4986c-v8qxn,1bf14322-2c6f-423c-b80e-860c302c8460,postgres,Running,True,1,1,0,"{""postgres"": 0}","{""postgres"": ""running""}",5,desktop-control-plane,True,"{""desktop-control-plane"": true}"
2026-09-17T16:48:46.237Z,prometheus-59f5cf7468-7zcq5,e2dfb979-47ef-4b38-9873-7fc3eee70142,prometheus,Running,True,1,1,0,"{""prometheus"": 0}","{""prometheus"": ""running""}",5,desktop-control-plane,True,"{""desktop-control-plane"": true}"
2026-09-17T16:48:46.237Z,rabbitmq-5cdf8f76b7-bkvlg,6390bb39-0727-4ae9-88b4-23eb06cf28be,rabbitmq,Running,True,1,1,0,"{""rabbitmq"": 0}","{""rabbitmq"": ""running""}",5,desktop-control-plane,True,"{""desktop-control-plane"": true}"
2026-09-17T16:48:46.237Z,worker-57dcf48f69-tpt7l,05eef36a-55a7-4727-a795-7740fdc24f97,worker,Running,True,1,1,0,"{""worker"": 0}","{""worker"": ""running""}",5,desktop-control-plane,True,"{""desktop-control-plane"": true}"
2026-09-17T16:48:51.237Z,api-5446dc8d87-6l9mv,9246cf39-f267-4f44-bc84-2767b1b72c59,api,Running,True,1,1,0,"{""api"": 0}","{""api"": ""running""}",5,desktop-control-plane,True,"{""desktop-control-plane"": true}"
2026-09-17T16:48:51.237Z,api-5446dc8d87-fhljf,49d57088-dd32-4f1c-a991-51b5d68dc0b7,api,Running,True,1,1,0,"{""api"": 0}","{""api"": ""running""}",5,desktop-control-plane,True,"{""desktop-control-plane"": true}"
2026-09-17T16:48:51.237Z,api-5446dc8d87-pd8xz,590a50a1-1613-4ea6-bdab-2f0b49230964,api,Running,True,1,1,0,"{""api"": 0}","{""api"": ""running""}",5,desktop-control-plane,True,"{""desktop-control-plane"": true}"
2026-09-17T16:48:51.237Z,api-5446dc8d87-z5fmg,955b8ef4-49ab-4d42-b47e-3b056100fcdd,api,Running,True,1,1,0,"{""api"": 0}","{""api"": ""running""}",5,desktop-control-plane,True,"{""desktop-control-plane"": true}"
2026-09-17T16:48:51.237Z,api-5446dc8d87-zv2xv,5d285df4-103f-4756-9250-4fab2ff3b637,api,Running,True,1,1,0,"{""api"": 0}","{""api"": ""running""}",5,desktop-control-plane,True,"{""desktop-control-plane"": true}"
2026-09-17T16:48:51.237Z,jaeger-7cc9b664cc-8zts5,66d6c19f-d2b0-40bb-bf1f-41667edf8656,jaeger,Running,True,1,1,0,"{""jaeger"": 0}","{""jaeger"": ""running""}",5,desktop-control-plane,True,"{""desktop-control-plane"": true}"
2026-09-17T16:48:51.237Z,otel-collector-7c765745bf-d64nd,e1d10cbf-afc3-415e-b996-9a271df63bf2,otel-collector,Running,True,1,1,0,"{""otel-collector"": 0}","{""otel-collector"": ""running""}",5,desktop-control-plane,True,"{""desktop-control-plane"": true}"
2026-09-17T16:48:51.237Z,postgres-676cc4986c-v8qxn,1bf14322-2c6f-423c-b80e-860c302c8460,postgres,Running,True,1,1,0,"{""postgres"": 0}","{""postgres"": ""running""}",5,desktop-control-plane,True,"{""desktop-control-plane"": true}"
2026-09-17T16:48:51.237Z,prometheus-59f5cf7468-7zcq5,e2dfb979-47ef-4b38-9873-7fc3eee70142,prometheus,Running,True,1,1,0,"{""prometheus"": 0}","{""prometheus"": ""running""}",5,desktop-control-plane,True,"{""desktop-control-plane"": true}"
2026-09-17T16:48:51.237Z,rabbitmq-5cdf8f76b7-bkvlg,6390bb39-0727-4ae9-88b4-23eb06cf28be,rabbitmq,Running,True,1,1,0,"{""rabbitmq"": 0}","{""rabbitmq"": ""running""}",5,desktop-control-plane,True,"{""desktop-control-plane"": true}"
2026-09-17T16:48:51.237Z,worker-57dcf48f69-tpt7l,05eef36a-55a7-4727-a795-7740fdc24f97,worker,Running,True,1,1,0,"{""worker"": 0}","{""worker"": ""running""}",5,desktop-control-plane,True,"{""desktop-control-plane"": true}"
2026-09-17T16:48:56.238Z,api-5446dc8d87-6l9mv,9246cf39-f267-4f44-bc84-2767b1b72c59,api,Running,True,1,1,0,"{""api"": 0}","{""api"": ""running""}",5,desktop-control-plane,True,"{""desktop-control-plane"": true}"
2026-09-17T16:48:56.238Z,api-5446dc8d87-fhljf,49d57088-dd32-4f1c-a991-51b5d68dc0b7,api,Running,True,1,1,0,"{""api"": 0}","{""api"": ""running""}",5,desktop-control-plane,True,"{""desktop-control-plane"": true}"
2026-09-17T16:48:56.238Z,api-5446dc8d87-pd8xz,590a50a1-1613-4ea6-bdab-2f0b49230964,api,Running,True,1,1,0,"{""api"": 0}","{""api"": ""running""}",5,desktop-control-plane,True,"{""desktop-control-plane"": true}"
2026-09-17T16:48:56.238Z,api-5446dc8d87-z5fmg,955b8ef4-49ab-4d42-b47e-3b056100fcdd,api,Running,True,1,1,0,"{""api"": 0}","{""api"": ""running""}",5,desktop-control-plane,True,"{""desktop-control-plane"": true}"
2026-09-17T16:48:56.238Z,api-5446dc8d87-zv2xv,5d285df4-103f-4756-9250-4fab2ff3b637,api,Running,True,1,1,0,"{""api"": 0}","{""api"": ""running""}",5,desktop-control-plane,True,"{""desktop-control-plane"": true}"
2026-09-17T16:48:56.238Z,jaeger-7cc9b664cc-8zts5,66d6c19f-d2b0-40bb-bf1f-41667edf8656,jaeger,Running,True,1,1,0,"{""jaeger"": 0}","{""jaeger"": ""running""}",5,desktop-control-plane,True,"{""desktop-control-plane"": true}"
2026-09-17T16:48:56.238Z,otel-collector-7c765745bf-d64nd,e1d10cbf-afc3-415e-b996-9a271df63bf2,otel-collector,Running,True,1,1,0,"{""otel-collector"": 0}","{""otel-collector"": ""running""}",5,desktop-control-plane,True,"{""desktop-control-plane"": true}"
2026-09-17T16:48:56.238Z,postgres-676cc4986c-v8qxn,1bf14322-2c6f-423c-b80e-860c302c8460,postgres,Running,True,1,1,0,"{""postgres"": 0}","{""postgres"": ""running""}",5,desktop-control-plane,True,"{""desktop-control-plane"": true}"
2026-09-17T16:48:56.238Z,prometheus-59f5cf7468-7zcq5,e2dfb979-47ef-4b38-9873-7fc3eee70142,prometheus,Running,True,1,1,0,"{""prometheus"": 0}","{""prometheus"": ""running""}",5,desktop-control-plane,True,"{""desktop-control-plane"": true}"
2026-09-17T16:48:56.238Z,rabbitmq-5cdf8f76b7-bkvlg,6390bb39-0727-4ae9-88b4-23eb06cf28be,rabbitmq,Running,True,1,1,0,"{""rabbitmq"": 0}","{""rabbitmq"": ""running""}",5,desktop-control-plane,True,"{""desktop-control-plane"": true}"
2026-09-17T16:48:56.238Z,worker-57dcf48f69-tpt7l,05eef36a-55a7-4727-a795-7740fdc24f97,worker,Running,True,1,1,0,"{""worker"": 0}","{""worker"": ""running""}",5,desktop-control-plane,True,"{""desktop-control-plane"": true}"
2026-09-17T16:49:01.238Z,api-5446dc8d87-6l9mv,9246cf39-f267-4f44-bc84-2767b1b72c59,api,Running,True,1,1,0,"{""api"": 0}","{""api"": ""running""}",5,desktop-control-plane,True,"{""desktop-control-plane"": true}"
2026-09-17T16:49:01.238Z,api-5446dc8d87-fhljf,49d57088-dd32-4f1c-a991-51b5d68dc0b7,api,Running,True,1,1,0,"{""api"": 0}","{""api"": ""running""}",5,desktop-control-plane,True,"{""desktop-control-plane"": true}"
2026-09-17T16:49:01.238Z,api-5446dc8d87-pd8xz,590a50a1-1613-4ea6-bdab-2f0b49230964,api,Running,True,1,1,0,"{""api"": 0}","{""api"": ""running""}",5,desktop-control-plane,True,"{""desktop-control-plane"": true}"
2026-09-17T16:49:01.238Z,api-5446dc8d87-z5fmg,955b8ef4-49ab-4d42-b47e-3b056100fcdd,api,Running,True,1,1,0,"{""api"": 0}","{""api"": ""running""}",5,desktop-control-plane,True,"{""desktop-control-plane"": true}"
2026-09-17T16:49:01.238Z,api-5446dc8d87-zv2xv,5d285df4-103f-4756-9250-4fab2ff3b637,api,Running,True,1,1,0,"{""api"": 0}","{""api"": ""running""}",5,desktop-control-plane,True,"{""desktop-control-plane"": true}"
2026-09-17T16:49:01.238Z,jaeger-7cc9b664cc-8zts5,66d6c19f-d2b0-40bb-bf1f-41667edf8656,jaeger,Running,True,1,1,0,"{""jaeger"": 0}","{""jaeger"": ""running""}",5,desktop-control-plane,True,"{""desktop-control-plane"": true}"
2026-09-17T16:49:01.238Z,otel-collector-7c765745bf-d64nd,e1d10cbf-afc3-415e-b996-9a271df63bf2,otel-collector,Running,True,1,1,0,"{""otel-collector"": 0}","{""otel-collector"": ""running""}",5,desktop-control-plane,True,"{""desktop-control-plane"": true}"
2026-09-17T16:49:01.238Z,postgres-676cc4986c-v8qxn,1bf14322-2c6f-423c-b80e-860c302c8460,postgres,Running,True,1,1,0,"{""postgres"": 0}","{""postgres"": ""running""}",5,desktop-control-plane,True,"{""desktop-control-plane"": true}"
2026-09-17T16:49:01.238Z,prometheus-59f5cf7468-7zcq5,e2dfb979-47ef-4b38-9873-7fc3eee70142,prometheus,Running,True,1,1,0,"{""prometheus"": 0}","{""prometheus"": ""running""}",5,desktop-control-plane,True,"{""desktop-control-plane"": true}"
2026-09-17T16:49:01.238Z,rabbitmq-5cdf8f76b7-bkvlg,6390bb39-0727-4ae9-88b4-23eb06cf28be,rabbitmq,Running,True,1,1,0,"{""rabbitmq"": 0}","{""rabbitmq"": ""running""}",5,desktop-control-plane,True,"{""desktop-control-plane"": true}"
2026-09-17T16:49:01.238Z,worker-57dcf48f69-tpt7l,05eef36a-55a7-4727-a795-7740fdc24f97,worker,Running,True,1,1,0,"{""worker"": 0}","{""worker"": ""running""}",5,desktop-control-plane,True,"{""desktop-control-plane"": true}"
2026-09-17T16:49:06.238Z,api-5446dc8d87-6l9mv,9246cf39-f267-4f44-bc84-2767b1b72c59,api,Running,True,1,1,0,"{""api"": 0}","{""api"": ""running""}",5,desktop-control-plane,True,"{""desktop-control-plane"": true}"
2026-09-17T16:49:06.238Z,api-5446dc8d87-fhljf,49d57088-dd32-4f1c-a991-51b5d68dc0b7,api,Running,True,1,1,0,"{""api"": 0}","{""api"": ""running""}",5,desktop-control-plane,True,"{""desktop-control-plane"": true}"
2026-09-17T16:49:06.238Z,api-5446dc8d87-pd8xz,590a50a1-1613-4ea6-bdab-2f0b49230964,api,Running,True,1,1,0,"{""api"": 0}","{""api"": ""running""}",5,desktop-control-plane,True,"{""desktop-control-plane"": true}"
2026-09-17T16:49:06.238Z,api-5446dc8d87-z5fmg,955b8ef4-49ab-4d42-b47e-3b056100fcdd,api,Running,True,1,1,0,"{""api"": 0}","{""api"": ""running""}",5,desktop-control-plane,True,"{""desktop-control-plane"": true}"
2026-09-17T16:49:06.238Z,api-5446dc8d87-zv2xv,5d285df4-103f-4756-9250-4fab2ff3b637,api,Running,True,1,1,0,"{""api"": 0}","{""api"": ""running""}",5,desktop-control-plane,True,"{""desktop-control-plane"": true}"
2026-09-17T16:49:06.238Z,jaeger-7cc9b664cc-8zts5,66d6c19f-d2b0-40bb-bf1f-41667edf8656,jaeger,Running,True,1,1,0,"{""jaeger"": 0}","{""jaeger"": ""running""}",5,desktop-control-plane,True,"{""desktop-control-plane"": true}"
2026-09-17T16:49:06.238Z,otel-collector-7c765745bf-d64nd,e1d10cbf-afc3-415e-b996-9a271df63bf2,otel-collector,Running,True,1,1,0,"{""otel-collector"": 0}","{""otel-collector"": ""running""}",5,desktop-control-plane,True,"{""desktop-control-plane"": true}"
2026-09-17T16:49:06.238Z,postgres-676cc4986c-v8qxn,1bf14322-2c6f-423c-b80e-860c302c8460,postgres,Running,True,1,1,0,"{""postgres"": 0}","{""postgres"": ""running""}",5,desktop-control-plane,True,"{""desktop-control-plane"": true}"
2026-09-17T16:49:06.238Z,prometheus-59f5cf7468-7zcq5,e2dfb979-47ef-4b38-9873-7fc3eee70142,prometheus,Running,True,1,1,0,"{""prometheus"": 0}","{""prometheus"": ""running""}",5,desktop-control-plane,True,"{""desktop-control-plane"": true}"
2026-09-17T16:49:06.238Z,rabbitmq-5cdf8f76b7-bkvlg,6390bb39-0727-4ae9-88b4-23eb06cf28be,rabbitmq,Running,True,1,1,0,"{""rabbitmq"": 0}","{""rabbitmq"": ""running""}",5,desktop-control-plane,True,"{""desktop-control-plane"": true}"
2026-09-17T16:49:06.238Z,worker-57dcf48f69-tpt7l,05eef36a-55a7-4727-a795-7740fdc24f97,worker,Running,True,1,1,0,"{""worker"": 0}","{""worker"": ""running""}",5,desktop-control-plane,True,"{""desktop-control-plane"": true}"
2026-09-17T16:49:11.239Z,api-5446dc8d87-6l9mv,9246cf39-f267-4f44-bc84-2767b1b72c59,api,Running,True,1,1,0,"{""api"": 0}","{""api"": ""running""}",5,desktop-control-plane,True,"{""desktop-control-plane"": true}"
2026-09-17T16:49:11.239Z,api-5446dc8d87-fhljf,49d57088-dd32-4f1c-a991-51b5d68dc0b7,api,Running,True,1,1,0,"{""api"": 0}","{""api"": ""running""}",5,desktop-control-plane,True,"{""desktop-control-plane"": true}"
2026-09-17T16:49:11.239Z,api-5446dc8d87-pd8xz,590a50a1-1613-4ea6-bdab-2f0b49230964,api,Running,True,1,1,0,"{""api"": 0}","{""api"": ""running""}",5,desktop-control-plane,True,"{""desktop-control-plane"": true}"
2026-09-17T16:49:11.239Z,api-5446dc8d87-z5fmg,955b8ef4-49ab-4d42-b47e-3b056100fcdd,api,Running,True,1,1,0,"{""api"": 0}","{""api"": ""running""}",5,desktop-control-plane,True,"{""desktop-control-plane"": true}"
2026-09-17T16:49:11.239Z,api-5446dc8d87-zv2xv,5d285df4-103f-4756-9250-4fab2ff3b637,api,Running,True,1,1,0,"{""api"": 0}","{""api"": ""running""}",5,desktop-control-plane,True,"{""desktop-control-plane"": true}"
2026-09-17T16:49:11.239Z,jaeger-7cc9b664cc-8zts5,66d6c19f-d2b0-40bb-bf1f-41667edf8656,jaeger,Running,True,1,1,0,"{""jaeger"": 0}","{""jaeger"": ""running""}",5,desktop-control-plane,True,"{""desktop-control-plane"": true}"
2026-09-17T16:49:11.239Z,otel-collector-7c765745bf-d64nd,e1d10cbf-afc3-415e-b996-9a271df63bf2,otel-collector,Running,True,1,1,0,"{""otel-collector"": 0}","{""otel-collector"": ""running""}",5,desktop-control-plane,True,"{""desktop-control-plane"": true}"
2026-09-17T16:49:11.239Z,postgres-676cc4986c-v8qxn,1bf14322-2c6f-423c-b80e-860c302c8460,postgres,Running,True,1,1,0,"{""postgres"": 0}","{""postgres"": ""running""}",5,desktop-control-plane,True,"{""desktop-control-plane"": true}"
2026-09-17T16:49:11.239Z,prometheus-59f5cf7468-7zcq5,e2dfb979-47ef-4b38-9873-7fc3eee70142,prometheus,Running,True,1,1,0,"{""prometheus"": 0}","{""prometheus"": ""running""}",5,desktop-control-plane,True,"{""desktop-control-plane"": true}"
2026-09-17T16:49:11.239Z,rabbitmq-5cdf8f76b7-bkvlg,6390bb39-0727-4ae9-88b4-23eb06cf28be,rabbitmq,Running,True,1,1,0,"{""rabbitmq"": 0}","{""rabbitmq"": ""running""}",5,desktop-control-plane,True,"{""desktop-control-plane"": true}"
2026-09-17T16:49:11.239Z,worker-57dcf48f69-tpt7l,05eef36a-55a7-4727-a795-7740fdc24f97,worker,Running,True,1,1,0,"{""worker"": 0}","{""worker"": ""running""}",5,desktop-control-plane,True,"{""desktop-control-plane"": true}"
2026-09-17T16:49:16.239Z,api-5446dc8d87-6l9mv,9246cf39-f267-4f44-bc84-2767b1b72c59,api,Running,True,1,1,0,"{""api"": 0}","{""api"": ""running""}",5,desktop-control-plane,True,"{""desktop-control-plane"": true}"
2026-09-17T16:49:16.239Z,api-5446dc8d87-fhljf,49d57088-dd32-4f1c-a991-51b5d68dc0b7,api,Running,True,1,1,0,"{""api"": 0}","{""api"": ""running""}",5,desktop-control-plane,True,"{""desktop-control-plane"": true}"
2026-09-17T16:49:16.239Z,api-5446dc8d87-pd8xz,590a50a1-1613-4ea6-bdab-2f0b49230964,api,Running,True,1,1,0,"{""api"": 0}","{""api"": ""running""}",5,desktop-control-plane,True,"{""desktop-control-plane"": true}"
2026-09-17T16:49:16.239Z,api-5446dc8d87-z5fmg,955b8ef4-49ab-4d42-b47e-3b056100fcdd,api,Running,True,1,1,0,"{""api"": 0}","{""api"": ""running""}",5,desktop-control-plane,True,"{""desktop-control-plane"": true}"
2026-09-17T16:49:16.239Z,api-5446dc8d87-zv2xv,5d285df4-103f-4756-9250-4fab2ff3b637,api,Running,True,1,1,0,"{""api"": 0}","{""api"": ""running""}",5,desktop-control-plane,True,"{""desktop-control-plane"": true}"
2026-09-17T16:49:16.239Z,jaeger-7cc9b664cc-8zts5,66d6c19f-d2b0-40bb-bf1f-41667edf8656,jaeger,Running,True,1,1,0,"{""jaeger"": 0}","{""jaeger"": ""running""}",5,desktop-control-plane,True,"{""desktop-control-plane"": true}"
2026-09-17T16:49:16.239Z,otel-collector-7c765745bf-d64nd,e1d10cbf-afc3-415e-b996-9a271df63bf2,otel-collector,Running,True,1,1,0,"{""otel-collector"": 0}","{""otel-collector"": ""running""}",5,desktop-control-plane,True,"{""desktop-control-plane"": true}"
2026-09-17T16:49:16.239Z,postgres-676cc4986c-v8qxn,1bf14322-2c6f-423c-b80e-860c302c8460,postgres,Running,True,1,1,0,"{""postgres"": 0}","{""postgres"": ""running""}",5,desktop-control-plane,True,"{""desktop-control-plane"": true}"
2026-09-17T16:49:16.239Z,prometheus-59f5cf7468-7zcq5,e2dfb979-47ef-4b38-9873-7fc3eee70142,prometheus,Running,True,1,1,0,"{""prometheus"": 0}","{""prometheus"": ""running""}",5,desktop-control-plane,True,"{""desktop-control-plane"": true}"
2026-09-17T16:49:16.239Z,rabbitmq-5cdf8f76b7-bkvlg,6390bb39-0727-4ae9-88b4-23eb06cf28be,rabbitmq,Running,True,1,1,0,"{""rabbitmq"": 0}","{""rabbitmq"": ""running""}",5,desktop-control-plane,True,"{""desktop-control-plane"": true}"
2026-09-17T16:49:16.239Z,worker-57dcf48f69-tpt7l,05eef36a-55a7-4727-a795-7740fdc24f97,worker,Running,True,1,1,0,"{""worker"": 0}","{""worker"": ""running""}",5,desktop-control-plane,True,"{""desktop-control-plane"": true}"
2026-09-17T16:49:21.239Z,api-5446dc8d87-6l9mv,9246cf39-f267-4f44-bc84-2767b1b72c59,api,Running,True,1,1,0,"{""api"": 0}","{""api"": ""running""}",5,desktop-control-plane,True,"{""desktop-control-plane"": true}"
2026-09-17T16:49:21.239Z,api-5446dc8d87-fhljf,49d57088-dd32-4f1c-a991-51b5d68dc0b7,api,Running,True,1,1,0,"{""api"": 0}","{""api"": ""running""}",5,desktop-control-plane,True,"{""desktop-control-plane"": true}"
2026-09-17T16:49:21.239Z,api-5446dc8d87-pd8xz,590a50a1-1613-4ea6-bdab-2f0b49230964,api,Running,True,1,1,0,"{""api"": 0}","{""api"": ""running""}",5,desktop-control-plane,True,"{""desktop-control-plane"": true}"
2026-09-17T16:49:21.239Z,api-5446dc8d87-z5fmg,955b8ef4-49ab-4d42-b47e-3b056100fcdd,api,Running,True,1,1,0,"{""api"": 0}","{""api"": ""running""}",5,desktop-control-plane,True,"{""desktop-control-plane"": true}"
2026-09-17T16:49:21.239Z,api-5446dc8d87-zv2xv,5d285df4-103f-4756-9250-4fab2ff3b637,api,Running,True,1,1,0,"{""api"": 0}","{""api"": ""running""}",5,desktop-control-plane,True,"{""desktop-control-plane"": true}"
2026-09-17T16:49:21.239Z,jaeger-7cc9b664cc-8zts5,66d6c19f-d2b0-40bb-bf1f-41667edf8656,jaeger,Running,True,1,1,0,"{""jaeger"": 0}","{""jaeger"": ""running""}",5,desktop-control-plane,True,"{""desktop-control-plane"": true}"
2026-09-17T16:49:21.239Z,otel-collector-7c765745bf-d64nd,e1d10cbf-afc3-415e-b996-9a271df63bf2,otel-collector,Running,True,1,1,0,"{""otel-collector"": 0}","{""otel-collector"": ""running""}",5,desktop-control-plane,True,"{""desktop-control-plane"": true}"
2026-09-17T16:49:21.239Z,postgres-676cc4986c-v8qxn,1bf14322-2c6f-423c-b80e-860c302c8460,postgres,Running,True,1,1,0,"{""postgres"": 0}","{""postgres"": ""running""}",5,desktop-control-plane,True,"{""desktop-control-plane"": true}"
2026-09-17T16:49:21.239Z,prometheus-59f5cf7468-7zcq5,e2dfb979-47ef-4b38-9873-7fc3eee70142,prometheus,Running,True,1,1,0,"{""prometheus"": 0}","{""prometheus"": ""running""}",5,desktop-control-plane,True,"{""desktop-control-plane"": true}"
2026-09-17T16:49:21.239Z,rabbitmq-5cdf8f76b7-bkvlg,6390bb39-0727-4ae9-88b4-23eb06cf28be,rabbitmq,Running,True,1,1,0,"{""rabbitmq"": 0}","{""rabbitmq"": ""running""}",5,desktop-control-plane,True,"{""desktop-control-plane"": true}"
2026-09-17T16:49:21.239Z,worker-57dcf48f69-tpt7l,05eef36a-55a7-4727-a795-7740fdc24f97,worker,Running,True,1,1,0,"{""worker"": 0}","{""worker"": ""running""}",5,desktop-control-plane,True,"{""desktop-control-plane"": true}"
2026-09-17T16:49:26.239Z,api-5446dc8d87-6l9mv,9246cf39-f267-4f44-bc84-2767b1b72c59,api,Running,True,1,1,0,"{""api"": 0}","{""api"": ""running""}",5,desktop-control-plane,True,"{""desktop-control-plane"": true}"
2026-09-17T16:49:26.239Z,api-5446dc8d87-fhljf,49d57088-dd32-4f1c-a991-51b5d68dc0b7,api,Running,True,1,1,0,"{""api"": 0}","{""api"": ""running""}",5,desktop-control-plane,True,"{""desktop-control-plane"": true}"
2026-09-17T16:49:26.239Z,api-5446dc8d87-pd8xz,590a50a1-1613-4ea6-bdab-2f0b49230964,api,Running,True,1,1,0,"{""api"": 0}","{""api"": ""running""}",5,desktop-control-plane,True,"{""desktop-control-plane"": true}"
2026-09-17T16:49:26.239Z,api-5446dc8d87-z5fmg,955b8ef4-49ab-4d42-b47e-3b056100fcdd,api,Running,True,1,1,0,"{""api"": 0}","{""api"": ""running""}",5,desktop-control-plane,True,"{""desktop-control-plane"": true}"
2026-09-17T16:49:26.239Z,api-5446dc8d87-zv2xv,5d285df4-103f-4756-9250-4fab2ff3b637,api,Running,True,1,1,0,"{""api"": 0}","{""api"": ""running""}",5,desktop-control-plane,True,"{""desktop-control-plane"": true}"
2026-09-17T16:49:26.239Z,jaeger-7cc9b664cc-8zts5,66d6c19f-d2b0-40bb-bf1f-41667edf8656,jaeger,Running,True,1,1,0,"{""jaeger"": 0}","{""jaeger"": ""running""}",5,desktop-control-plane,True,"{""desktop-control-plane"": true}"
2026-09-17T16:49:26.239Z,k6-c2-exploratory-001-stj6p,f383d921-b55a-4659-ae9b-e73981437f71,k6,Pending,False,0,1,0,"{""k6"": 0}","{""k6"": ""waiting""}",5,desktop-control-plane,True,"{""desktop-control-plane"": true}"
2026-09-17T16:49:26.239Z,otel-collector-7c765745bf-d64nd,e1d10cbf-afc3-415e-b996-9a271df63bf2,otel-collector,Running,True,1,1,0,"{""otel-collector"": 0}","{""otel-collector"": ""running""}",5,desktop-control-plane,True,"{""desktop-control-plane"": true}"
2026-09-17T16:49:26.239Z,postgres-676cc4986c-v8qxn,1bf14322-2c6f-423c-b80e-860c302c8460,postgres,Running,True,1,1,0,"{""postgres"": 0}","{""postgres"": ""running""}",5,desktop-control-plane,True,"{""desktop-control-plane"": true}"
2026-09-17T16:49:26.239Z,prometheus-59f5cf7468-7zcq5,e2dfb979-47ef-4b38-9873-7fc3eee70142,prometheus,Running,True,1,1,0,"{""prometheus"": 0}","{""prometheus"": ""running""}",5,desktop-control-plane,True,"{""desktop-control-plane"": true}"
2026-09-17T16:49:26.239Z,rabbitmq-5cdf8f76b7-bkvlg,6390bb39-0727-4ae9-88b4-23eb06cf28be,rabbitmq,Running,True,1,1,0,"{""rabbitmq"": 0}","{""rabbitmq"": ""running""}",5,desktop-control-plane,True,"{""desktop-control-plane"": true}"
2026-09-17T16:49:26.239Z,worker-57dcf48f69-tpt7l,05eef36a-55a7-4727-a795-7740fdc24f97,worker,Running,True,1,1,0,"{""worker"": 0}","{""worker"": ""running""}",5,desktop-control-plane,True,"{""desktop-control-plane"": true}"
2026-09-17T16:49:31.239Z,api-5446dc8d87-6l9mv,9246cf39-f267-4f44-bc84-2767b1b72c59,api,Running,True,1,1,0,"{""api"": 0}","{""api"": ""running""}",5,desktop-control-plane,True,"{""desktop-control-plane"": true}"
2026-09-17T16:49:31.239Z,api-5446dc8d87-fhljf,49d57088-dd32-4f1c-a991-51b5d68dc0b7,api,Running,True,1,1,0,"{""api"": 0}","{""api"": ""running""}",5,desktop-control-plane,True,"{""desktop-control-plane"": true}"
2026-09-17T16:49:31.239Z,api-5446dc8d87-pd8xz,590a50a1-1613-4ea6-bdab-2f0b49230964,api,Running,True,1,1,0,"{""api"": 0}","{""api"": ""running""}",5,desktop-control-plane,True,"{""desktop-control-plane"": true}"
2026-09-17T16:49:31.239Z,api-5446dc8d87-z5fmg,955b8ef4-49ab-4d42-b47e-3b056100fcdd,api,Running,True,1,1,0,"{""api"": 0}","{""api"": ""running""}",5,desktop-control-plane,True,"{""desktop-control-plane"": true}"
2026-09-17T16:49:31.239Z,api-5446dc8d87-zv2xv,5d285df4-103f-4756-9250-4fab2ff3b637,api,Running,True,1,1,0,"{""api"": 0}","{""api"": ""running""}",5,desktop-control-plane,True,"{""desktop-control-plane"": true}"
2026-09-17T16:49:31.239Z,jaeger-7cc9b664cc-8zts5,66d6c19f-d2b0-40bb-bf1f-41667edf8656,jaeger,Running,True,1,1,0,"{""jaeger"": 0}","{""jaeger"": ""running""}",5,desktop-control-plane,True,"{""desktop-control-plane"": true}"
2026-09-17T16:49:31.239Z,k6-c2-exploratory-001-stj6p,f383d921-b55a-4659-ae9b-e73981437f71,k6,Running,True,1,1,0,"{""k6"": 0}","{""k6"": ""running""}",5,desktop-control-plane,True,"{""desktop-control-plane"": true}"
2026-09-17T16:49:31.239Z,otel-collector-7c765745bf-d64nd,e1d10cbf-afc3-415e-b996-9a271df63bf2,otel-collector,Running,True,1,1,0,"{""otel-collector"": 0}","{""otel-collector"": ""running""}",5,desktop-control-plane,True,"{""desktop-control-plane"": true}"
2026-09-17T16:49:31.239Z,postgres-676cc4986c-v8qxn,1bf14322-2c6f-423c-b80e-860c302c8460,postgres,Running,True,1,1,0,"{""postgres"": 0}","{""postgres"": ""running""}",5,desktop-control-plane,True,"{""desktop-control-plane"": true}"
2026-09-17T16:49:31.239Z,prometheus-59f5cf7468-7zcq5,e2dfb979-47ef-4b38-9873-7fc3eee70142,prometheus,Running,True,1,1,0,"{""prometheus"": 0}","{""prometheus"": ""running""}",5,desktop-control-plane,True,"{""desktop-control-plane"": true}"
2026-09-17T16:49:31.239Z,rabbitmq-5cdf8f76b7-bkvlg,6390bb39-0727-4ae9-88b4-23eb06cf28be,rabbitmq,Running,True,1,1,0,"{""rabbitmq"": 0}","{""rabbitmq"": ""running""}",5,desktop-control-plane,True,"{""desktop-control-plane"": true}"
2026-09-17T16:49:31.239Z,worker-57dcf48f69-tpt7l,05eef36a-55a7-4727-a795-7740fdc24f97,worker,Running,True,1,1,0,"{""worker"": 0}","{""worker"": ""running""}",5,desktop-control-plane,True,"{""desktop-control-plane"": true}"
2026-09-17T16:49:36.239Z,api-5446dc8d87-6l9mv,9246cf39-f267-4f44-bc84-2767b1b72c59,api,Running,True,1,1,0,"{""api"": 0}","{""api"": ""running""}",5,desktop-control-plane,True,"{""desktop-control-plane"": true}"
2026-09-17T16:49:36.239Z,api-5446dc8d87-fhljf,49d57088-dd32-4f1c-a991-51b5d68dc0b7,api,Running,True,1,1,0,"{""api"": 0}","{""api"": ""running""}",5,desktop-control-plane,True,"{""desktop-control-plane"": true}"
2026-09-17T16:49:36.239Z,api-5446dc8d87-pd8xz,590a50a1-1613-4ea6-bdab-2f0b49230964,api,Running,True,1,1,0,"{""api"": 0}","{""api"": ""running""}",5,desktop-control-plane,True,"{""desktop-control-plane"": true}"
2026-09-17T16:49:36.239Z,api-5446dc8d87-z5fmg,955b8ef4-49ab-4d42-b47e-3b056100fcdd,api,Running,True,1,1,0,"{""api"": 0}","{""api"": ""running""}",5,desktop-control-plane,True,"{""desktop-control-plane"": true}"
2026-09-17T16:49:36.239Z,api-5446dc8d87-zv2xv,5d285df4-103f-4756-9250-4fab2ff3b637,api,Running,True,1,1,0,"{""api"": 0}","{""api"": ""running""}",5,desktop-control-plane,True,"{""desktop-control-plane"": true}"
2026-09-17T16:49:36.239Z,jaeger-7cc9b664cc-8zts5,66d6c19f-d2b0-40bb-bf1f-41667edf8656,jaeger,Running,True,1,1,0,"{""jaeger"": 0}","{""jaeger"": ""running""}",5,desktop-control-plane,True,"{""desktop-control-plane"": true}"
2026-09-17T16:49:36.239Z,k6-c2-exploratory-001-stj6p,f383d921-b55a-4659-ae9b-e73981437f71,k6,Running,True,1,1,0,"{""k6"": 0}","{""k6"": ""running""}",5,desktop-control-plane,True,"{""desktop-control-plane"": true}"
2026-09-17T16:49:36.239Z,otel-collector-7c765745bf-d64nd,e1d10cbf-afc3-415e-b996-9a271df63bf2,otel-collector,Running,True,1,1,0,"{""otel-collector"": 0}","{""otel-collector"": ""running""}",5,desktop-control-plane,True,"{""desktop-control-plane"": true}"
2026-09-17T16:49:36.239Z,postgres-676cc4986c-v8qxn,1bf14322-2c6f-423c-b80e-860c302c8460,postgres,Running,True,1,1,0,"{""postgres"": 0}","{""postgres"": ""running""}",5,desktop-control-plane,True,"{""desktop-control-plane"": true}"
2026-09-17T16:49:36.239Z,prometheus-59f5cf7468-7zcq5,e2dfb979-47ef-4b38-9873-7fc3eee70142,prometheus,Running,True,1,1,0,"{""prometheus"": 0}","{""prometheus"": ""running""}",5,desktop-control-plane,True,"{""desktop-control-plane"": true}"
2026-09-17T16:49:36.239Z,rabbitmq-5cdf8f76b7-bkvlg,6390bb39-0727-4ae9-88b4-23eb06cf28be,rabbitmq,Running,True,1,1,0,"{""rabbitmq"": 0}","{""rabbitmq"": ""running""}",5,desktop-control-plane,True,"{""desktop-control-plane"": true}"
2026-09-17T16:49:36.239Z,worker-57dcf48f69-tpt7l,05eef36a-55a7-4727-a795-7740fdc24f97,worker,Running,True,1,1,0,"{""worker"": 0}","{""worker"": ""running""}",5,desktop-control-plane,True,"{""desktop-control-plane"": true}"
2026-09-17T16:49:41.240Z,api-5446dc8d87-6l9mv,9246cf39-f267-4f44-bc84-2767b1b72c59,api,Running,True,1,1,0,"{""api"": 0}","{""api"": ""running""}",5,desktop-control-plane,True,"{""desktop-control-plane"": true}"
2026-09-17T16:49:41.240Z,api-5446dc8d87-fhljf,49d57088-dd32-4f1c-a991-51b5d68dc0b7,api,Running,True,1,1,0,"{""api"": 0}","{""api"": ""running""}",5,desktop-control-plane,True,"{""desktop-control-plane"": true}"
2026-09-17T16:49:41.240Z,api-5446dc8d87-pd8xz,590a50a1-1613-4ea6-bdab-2f0b49230964,api,Running,True,1,1,0,"{""api"": 0}","{""api"": ""running""}",5,desktop-control-plane,True,"{""desktop-control-plane"": true}"
2026-09-17T16:49:41.240Z,api-5446dc8d87-z5fmg,955b8ef4-49ab-4d42-b47e-3b056100fcdd,api,Running,True,1,1,0,"{""api"": 0}","{""api"": ""running""}",5,desktop-control-plane,True,"{""desktop-control-plane"": true}"
2026-09-17T16:49:41.240Z,api-5446dc8d87-zv2xv,5d285df4-103f-4756-9250-4fab2ff3b637,api,Running,True,1,1,0,"{""api"": 0}","{""api"": ""running""}",5,desktop-control-plane,True,"{""desktop-control-plane"": true}"
2026-09-17T16:49:41.240Z,jaeger-7cc9b664cc-8zts5,66d6c19f-d2b0-40bb-bf1f-41667edf8656,jaeger,Running,True,1,1,0,"{""jaeger"": 0}","{""jaeger"": ""running""}",5,desktop-control-plane,True,"{""desktop-control-plane"": true}"
2026-09-17T16:49:41.240Z,k6-c2-exploratory-001-stj6p,f383d921-b55a-4659-ae9b-e73981437f71,k6,Running,True,1,1,0,"{""k6"": 0}","{""k6"": ""running""}",5,desktop-control-plane,True,"{""desktop-control-plane"": true}"
2026-09-17T16:49:41.240Z,otel-collector-7c765745bf-d64nd,e1d10cbf-afc3-415e-b996-9a271df63bf2,otel-collector,Running,True,1,1,0,"{""otel-collector"": 0}","{""otel-collector"": ""running""}",5,desktop-control-plane,True,"{""desktop-control-plane"": true}"
2026-09-17T16:49:41.240Z,postgres-676cc4986c-v8qxn,1bf14322-2c6f-423c-b80e-860c302c8460,postgres,Running,True,1,1,0,"{""postgres"": 0}","{""postgres"": ""running""}",5,desktop-control-plane,True,"{""desktop-control-plane"": true}"
2026-09-17T16:49:41.240Z,prometheus-59f5cf7468-7zcq5,e2dfb979-47ef-4b38-9873-7fc3eee70142,prometheus,Running,True,1,1,0,"{""prometheus"": 0}","{""prometheus"": ""running""}",5,desktop-control-plane,True,"{""desktop-control-plane"": true}"
2026-09-17T16:49:41.240Z,rabbitmq-5cdf8f76b7-bkvlg,6390bb39-0727-4ae9-88b4-23eb06cf28be,rabbitmq,Running,True,1,1,0,"{""rabbitmq"": 0}","{""rabbitmq"": ""running""}",5,desktop-control-plane,True,"{""desktop-control-plane"": true}"
2026-09-17T16:49:41.240Z,worker-57dcf48f69-tpt7l,05eef36a-55a7-4727-a795-7740fdc24f97,worker,Running,True,1,1,0,"{""worker"": 0}","{""worker"": ""running""}",5,desktop-control-plane,True,"{""desktop-control-plane"": true}"
2026-09-17T16:49:46.240Z,api-5446dc8d87-6l9mv,9246cf39-f267-4f44-bc84-2767b1b72c59,api,Running,True,1,1,0,"{""api"": 0}","{""api"": ""running""}",5,desktop-control-plane,True,"{""desktop-control-plane"": true}"
2026-09-17T16:49:46.240Z,api-5446dc8d87-fhljf,49d57088-dd32-4f1c-a991-51b5d68dc0b7,api,Running,True,1,1,0,"{""api"": 0}","{""api"": ""running""}",5,desktop-control-plane,True,"{""desktop-control-plane"": true}"
2026-09-17T16:49:46.240Z,api-5446dc8d87-pd8xz,590a50a1-1613-4ea6-bdab-2f0b49230964,api,Running,True,1,1,0,"{""api"": 0}","{""api"": ""running""}",5,desktop-control-plane,True,"{""desktop-control-plane"": true}"
2026-09-17T16:49:46.240Z,api-5446dc8d87-z5fmg,955b8ef4-49ab-4d42-b47e-3b056100fcdd,api,Running,True,1,1,0,"{""api"": 0}","{""api"": ""running""}",5,desktop-control-plane,True,"{""desktop-control-plane"": true}"
2026-09-17T16:49:46.240Z,api-5446dc8d87-zv2xv,5d285df4-103f-4756-9250-4fab2ff3b637,api,Running,True,1,1,0,"{""api"": 0}","{""api"": ""running""}",5,desktop-control-plane,True,"{""desktop-control-plane"": true}"
2026-09-17T16:49:46.240Z,jaeger-7cc9b664cc-8zts5,66d6c19f-d2b0-40bb-bf1f-41667edf8656,jaeger,Running,True,1,1,0,"{""jaeger"": 0}","{""jaeger"": ""running""}",5,desktop-control-plane,True,"{""desktop-control-plane"": true}"
2026-09-17T16:49:46.240Z,k6-c2-exploratory-001-stj6p,f383d921-b55a-4659-ae9b-e73981437f71,k6,Running,True,1,1,0,"{""k6"": 0}","{""k6"": ""running""}",5,desktop-control-plane,True,"{""desktop-control-plane"": true}"
2026-09-17T16:49:46.240Z,otel-collector-7c765745bf-d64nd,e1d10cbf-afc3-415e-b996-9a271df63bf2,otel-collector,Running,True,1,1,0,"{""otel-collector"": 0}","{""otel-collector"": ""running""}",5,desktop-control-plane,True,"{""desktop-control-plane"": true}"
2026-09-17T16:49:46.240Z,postgres-676cc4986c-v8qxn,1bf14322-2c6f-423c-b80e-860c302c8460,postgres,Running,True,1,1,0,"{""postgres"": 0}","{""postgres"": ""running""}",5,desktop-control-plane,True,"{""desktop-control-plane"": true}"
2026-09-17T16:49:46.240Z,prometheus-59f5cf7468-7zcq5,e2dfb979-47ef-4b38-9873-7fc3eee70142,prometheus,Running,True,1,1,0,"{""prometheus"": 0}","{""prometheus"": ""running""}",5,desktop-control-plane,True,"{""desktop-control-plane"": true}"
2026-09-17T16:49:46.240Z,rabbitmq-5cdf8f76b7-bkvlg,6390bb39-0727-4ae9-88b4-23eb06cf28be,rabbitmq,Running,True,1,1,0,"{""rabbitmq"": 0}","{""rabbitmq"": ""running""}",5,desktop-control-plane,True,"{""desktop-control-plane"": true}"
2026-09-17T16:49:46.240Z,worker-57dcf48f69-tpt7l,05eef36a-55a7-4727-a795-7740fdc24f97,worker,Running,True,1,1,0,"{""worker"": 0}","{""worker"": ""running""}",5,desktop-control-plane,True,"{""desktop-control-plane"": true}"
2026-09-17T16:49:51.241Z,api-5446dc8d87-6l9mv,9246cf39-f267-4f44-bc84-2767b1b72c59,api,Running,True,1,1,0,"{""api"": 0}","{""api"": ""running""}",5,desktop-control-plane,True,"{""desktop-control-plane"": true}"
2026-09-17T16:49:51.241Z,api-5446dc8d87-fhljf,49d57088-dd32-4f1c-a991-51b5d68dc0b7,api,Running,True,1,1,0,"{""api"": 0}","{""api"": ""running""}",5,desktop-control-plane,True,"{""desktop-control-plane"": true}"
2026-09-17T16:49:51.241Z,api-5446dc8d87-pd8xz,590a50a1-1613-4ea6-bdab-2f0b49230964,api,Running,True,1,1,0,"{""api"": 0}","{""api"": ""running""}",5,desktop-control-plane,True,"{""desktop-control-plane"": true}"
2026-09-17T16:49:51.241Z,api-5446dc8d87-z5fmg,955b8ef4-49ab-4d42-b47e-3b056100fcdd,api,Running,True,1,1,0,"{""api"": 0}","{""api"": ""running""}",5,desktop-control-plane,True,"{""desktop-control-plane"": true}"
2026-09-17T16:49:51.241Z,api-5446dc8d87-zv2xv,5d285df4-103f-4756-9250-4fab2ff3b637,api,Running,True,1,1,0,"{""api"": 0}","{""api"": ""running""}",5,desktop-control-plane,True,"{""desktop-control-plane"": true}"
2026-09-17T16:49:51.241Z,jaeger-7cc9b664cc-8zts5,66d6c19f-d2b0-40bb-bf1f-41667edf8656,jaeger,Running,True,1,1,0,"{""jaeger"": 0}","{""jaeger"": ""running""}",5,desktop-control-plane,True,"{""desktop-control-plane"": true}"
2026-09-17T16:49:51.241Z,k6-c2-exploratory-001-stj6p,f383d921-b55a-4659-ae9b-e73981437f71,k6,Running,True,1,1,0,"{""k6"": 0}","{""k6"": ""running""}",5,desktop-control-plane,True,"{""desktop-control-plane"": true}"
2026-09-17T16:49:51.241Z,otel-collector-7c765745bf-d64nd,e1d10cbf-afc3-415e-b996-9a271df63bf2,otel-collector,Running,True,1,1,0,"{""otel-collector"": 0}","{""otel-collector"": ""running""}",5,desktop-control-plane,True,"{""desktop-control-plane"": true}"
2026-09-17T16:49:51.241Z,postgres-676cc4986c-v8qxn,1bf14322-2c6f-423c-b80e-860c302c8460,postgres,Running,True,1,1,0,"{""postgres"": 0}","{""postgres"": ""running""}",5,desktop-control-plane,True,"{""desktop-control-plane"": true}"
2026-09-17T16:49:51.241Z,prometheus-59f5cf7468-7zcq5,e2dfb979-47ef-4b38-9873-7fc3eee70142,prometheus,Running,True,1,1,0,"{""prometheus"": 0}","{""prometheus"": ""running""}",5,desktop-control-plane,True,"{""desktop-control-plane"": true}"
2026-09-17T16:49:51.241Z,rabbitmq-5cdf8f76b7-bkvlg,6390bb39-0727-4ae9-88b4-23eb06cf28be,rabbitmq,Running,True,1,1,0,"{""rabbitmq"": 0}","{""rabbitmq"": ""running""}",5,desktop-control-plane,True,"{""desktop-control-plane"": true}"
2026-09-17T16:49:51.241Z,worker-57dcf48f69-tpt7l,05eef36a-55a7-4727-a795-7740fdc24f97,worker,Running,True,1,1,0,"{""worker"": 0}","{""worker"": ""running""}",5,desktop-control-plane,True,"{""desktop-control-plane"": true}"
2026-09-17T16:49:56.241Z,api-5446dc8d87-6l9mv,9246cf39-f267-4f44-bc84-2767b1b72c59,api,Running,True,1,1,0,"{""api"": 0}","{""api"": ""running""}",5,desktop-control-plane,True,"{""desktop-control-plane"": true}"
2026-09-17T16:49:56.241Z,api-5446dc8d87-fhljf,49d57088-dd32-4f1c-a991-51b5d68dc0b7,api,Running,True,1,1,0,"{""api"": 0}","{""api"": ""running""}",5,desktop-control-plane,True,"{""desktop-control-plane"": true}"
2026-09-17T16:49:56.241Z,api-5446dc8d87-pd8xz,590a50a1-1613-4ea6-bdab-2f0b49230964,api,Running,True,1,1,0,"{""api"": 0}","{""api"": ""running""}",5,desktop-control-plane,True,"{""desktop-control-plane"": true}"
2026-09-17T16:49:56.241Z,api-5446dc8d87-z5fmg,955b8ef4-49ab-4d42-b47e-3b056100fcdd,api,Running,True,1,1,0,"{""api"": 0}","{""api"": ""running""}",5,desktop-control-plane,True,"{""desktop-control-plane"": true}"
2026-09-17T16:49:56.241Z,api-5446dc8d87-zv2xv,5d285df4-103f-4756-9250-4fab2ff3b637,api,Running,True,1,1,0,"{""api"": 0}","{""api"": ""running""}",5,desktop-control-plane,True,"{""desktop-control-plane"": true}"
2026-09-17T16:49:56.241Z,jaeger-7cc9b664cc-8zts5,66d6c19f-d2b0-40bb-bf1f-41667edf8656,jaeger,Running,True,1,1,0,"{""jaeger"": 0}","{""jaeger"": ""running""}",5,desktop-control-plane,True,"{""desktop-control-plane"": true}"
2026-09-17T16:49:56.241Z,k6-c2-exploratory-001-stj6p,f383d921-b55a-4659-ae9b-e73981437f71,k6,Running,True,1,1,0,"{""k6"": 0}","{""k6"": ""running""}",5,desktop-control-plane,True,"{""desktop-control-plane"": true}"
2026-09-17T16:49:56.241Z,otel-collector-7c765745bf-d64nd,e1d10cbf-afc3-415e-b996-9a271df63bf2,otel-collector,Running,True,1,1,0,"{""otel-collector"": 0}","{""otel-collector"": ""running""}",5,desktop-control-plane,True,"{""desktop-control-plane"": true}"
2026-09-17T16:49:56.241Z,postgres-676cc4986c-v8qxn,1bf14322-2c6f-423c-b80e-860c302c8460,postgres,Running,True,1,1,0,"{""postgres"": 0}","{""postgres"": ""running""}",5,desktop-control-plane,True,"{""desktop-control-plane"": true}"
2026-09-17T16:49:56.241Z,prometheus-59f5cf7468-7zcq5,e2dfb979-47ef-4b38-9873-7fc3eee70142,prometheus,Running,True,1,1,0,"{""prometheus"": 0}","{""prometheus"": ""running""}",5,desktop-control-plane,True,"{""desktop-control-plane"": true}"
2026-09-17T16:49:56.241Z,rabbitmq-5cdf8f76b7-bkvlg,6390bb39-0727-4ae9-88b4-23eb06cf28be,rabbitmq,Running,True,1,1,0,"{""rabbitmq"": 0}","{""rabbitmq"": ""running""}",5,desktop-control-plane,True,"{""desktop-control-plane"": true}"
2026-09-17T16:49:56.241Z,worker-57dcf48f69-tpt7l,05eef36a-55a7-4727-a795-7740fdc24f97,worker,Running,True,1,1,0,"{""worker"": 0}","{""worker"": ""running""}",5,desktop-control-plane,True,"{""desktop-control-plane"": true}"
2026-09-17T16:50:01.242Z,api-5446dc8d87-6l9mv,9246cf39-f267-4f44-bc84-2767b1b72c59,api,Running,True,1,1,0,"{""api"": 0}","{""api"": ""running""}",5,desktop-control-plane,True,"{""desktop-control-plane"": true}"
2026-09-17T16:50:01.242Z,api-5446dc8d87-fhljf,49d57088-dd32-4f1c-a991-51b5d68dc0b7,api,Running,True,1,1,0,"{""api"": 0}","{""api"": ""running""}",5,desktop-control-plane,True,"{""desktop-control-plane"": true}"
2026-09-17T16:50:01.242Z,api-5446dc8d87-pd8xz,590a50a1-1613-4ea6-bdab-2f0b49230964,api,Running,True,1,1,0,"{""api"": 0}","{""api"": ""running""}",5,desktop-control-plane,True,"{""desktop-control-plane"": true}"
2026-09-17T16:50:01.242Z,api-5446dc8d87-z5fmg,955b8ef4-49ab-4d42-b47e-3b056100fcdd,api,Running,True,1,1,0,"{""api"": 0}","{""api"": ""running""}",5,desktop-control-plane,True,"{""desktop-control-plane"": true}"
2026-09-17T16:50:01.242Z,api-5446dc8d87-zv2xv,5d285df4-103f-4756-9250-4fab2ff3b637,api,Running,True,1,1,0,"{""api"": 0}","{""api"": ""running""}",5,desktop-control-plane,True,"{""desktop-control-plane"": true}"
2026-09-17T16:50:01.242Z,jaeger-7cc9b664cc-8zts5,66d6c19f-d2b0-40bb-bf1f-41667edf8656,jaeger,Running,True,1,1,0,"{""jaeger"": 0}","{""jaeger"": ""running""}",5,desktop-control-plane,True,"{""desktop-control-plane"": true}"
2026-09-17T16:50:01.242Z,k6-c2-exploratory-001-stj6p,f383d921-b55a-4659-ae9b-e73981437f71,k6,Running,True,1,1,0,"{""k6"": 0}","{""k6"": ""running""}",5,desktop-control-plane,True,"{""desktop-control-plane"": true}"
2026-09-17T16:50:01.242Z,otel-collector-7c765745bf-d64nd,e1d10cbf-afc3-415e-b996-9a271df63bf2,otel-collector,Running,True,1,1,0,"{""otel-collector"": 0}","{""otel-collector"": ""running""}",5,desktop-control-plane,True,"{""desktop-control-plane"": true}"
2026-09-17T16:50:01.242Z,postgres-676cc4986c-v8qxn,1bf14322-2c6f-423c-b80e-860c302c8460,postgres,Running,True,1,1,0,"{""postgres"": 0}","{""postgres"": ""running""}",5,desktop-control-plane,True,"{""desktop-control-plane"": true}"
2026-09-17T16:50:01.242Z,prometheus-59f5cf7468-7zcq5,e2dfb979-47ef-4b38-9873-7fc3eee70142,prometheus,Running,True,1,1,0,"{""prometheus"": 0}","{""prometheus"": ""running""}",5,desktop-control-plane,True,"{""desktop-control-plane"": true}"
2026-09-17T16:50:01.242Z,rabbitmq-5cdf8f76b7-bkvlg,6390bb39-0727-4ae9-88b4-23eb06cf28be,rabbitmq,Running,True,1,1,0,"{""rabbitmq"": 0}","{""rabbitmq"": ""running""}",5,desktop-control-plane,True,"{""desktop-control-plane"": true}"
2026-09-17T16:50:01.242Z,worker-57dcf48f69-tpt7l,05eef36a-55a7-4727-a795-7740fdc24f97,worker,Running,True,1,1,0,"{""worker"": 0}","{""worker"": ""running""}",5,desktop-control-plane,True,"{""desktop-control-plane"": true}"
2026-09-17T16:50:06.242Z,api-5446dc8d87-6l9mv,9246cf39-f267-4f44-bc84-2767b1b72c59,api,Running,True,1,1,0,"{""api"": 0}","{""api"": ""running""}",5,desktop-control-plane,True,"{""desktop-control-plane"": true}"
2026-09-17T16:50:06.242Z,api-5446dc8d87-fhljf,49d57088-dd32-4f1c-a991-51b5d68dc0b7,api,Running,True,1,1,0,"{""api"": 0}","{""api"": ""running""}",5,desktop-control-plane,True,"{""desktop-control-plane"": true}"
2026-09-17T16:50:06.242Z,api-5446dc8d87-pd8xz,590a50a1-1613-4ea6-bdab-2f0b49230964,api,Running,True,1,1,0,"{""api"": 0}","{""api"": ""running""}",5,desktop-control-plane,True,"{""desktop-control-plane"": true}"
2026-09-17T16:50:06.242Z,api-5446dc8d87-z5fmg,955b8ef4-49ab-4d42-b47e-3b056100fcdd,api,Running,True,1,1,0,"{""api"": 0}","{""api"": ""running""}",5,desktop-control-plane,True,"{""desktop-control-plane"": true}"
2026-09-17T16:50:06.242Z,api-5446dc8d87-zv2xv,5d285df4-103f-4756-9250-4fab2ff3b637,api,Running,True,1,1,0,"{""api"": 0}","{""api"": ""running""}",5,desktop-control-plane,True,"{""desktop-control-plane"": true}"
2026-09-17T16:50:06.242Z,jaeger-7cc9b664cc-8zts5,66d6c19f-d2b0-40bb-bf1f-41667edf8656,jaeger,Running,True,1,1,0,"{""jaeger"": 0}","{""jaeger"": ""running""}",5,desktop-control-plane,True,"{""desktop-control-plane"": true}"
2026-09-17T16:50:06.242Z,k6-c2-exploratory-001-stj6p,f383d921-b55a-4659-ae9b-e73981437f71,k6,Running,True,1,1,0,"{""k6"": 0}","{""k6"": ""running""}",5,desktop-control-plane,True,"{""desktop-control-plane"": true}"
2026-09-17T16:50:06.242Z,otel-collector-7c765745bf-d64nd,e1d10cbf-afc3-415e-b996-9a271df63bf2,otel-collector,Running,True,1,1,0,"{""otel-collector"": 0}","{""otel-collector"": ""running""}",5,desktop-control-plane,True,"{""desktop-control-plane"": true}"
2026-09-17T16:50:06.242Z,postgres-676cc4986c-v8qxn,1bf14322-2c6f-423c-b80e-860c302c8460,postgres,Running,True,1,1,0,"{""postgres"": 0}","{""postgres"": ""running""}",5,desktop-control-plane,True,"{""desktop-control-plane"": true}"
2026-09-17T16:50:06.242Z,prometheus-59f5cf7468-7zcq5,e2dfb979-47ef-4b38-9873-7fc3eee70142,prometheus,Running,True,1,1,0,"{""prometheus"": 0}","{""prometheus"": ""running""}",5,desktop-control-plane,True,"{""desktop-control-plane"": true}"
2026-09-17T16:50:06.242Z,rabbitmq-5cdf8f76b7-bkvlg,6390bb39-0727-4ae9-88b4-23eb06cf28be,rabbitmq,Running,True,1,1,0,"{""rabbitmq"": 0}","{""rabbitmq"": ""running""}",5,desktop-control-plane,True,"{""desktop-control-plane"": true}"
2026-09-17T16:50:06.242Z,worker-57dcf48f69-tpt7l,05eef36a-55a7-4727-a795-7740fdc24f97,worker,Running,True,1,1,0,"{""worker"": 0}","{""worker"": ""running""}",5,desktop-control-plane,True,"{""desktop-control-plane"": true}"
2026-09-17T16:50:11.242Z,api-5446dc8d87-6l9mv,9246cf39-f267-4f44-bc84-2767b1b72c59,api,Running,True,1,1,0,"{""api"": 0}","{""api"": ""running""}",5,desktop-control-plane,True,"{""desktop-control-plane"": true}"
2026-09-17T16:50:11.242Z,api-5446dc8d87-fhljf,49d57088-dd32-4f1c-a991-51b5d68dc0b7,api,Running,True,1,1,0,"{""api"": 0}","{""api"": ""running""}",5,desktop-control-plane,True,"{""desktop-control-plane"": true}"
2026-09-17T16:50:11.242Z,api-5446dc8d87-pd8xz,590a50a1-1613-4ea6-bdab-2f0b49230964,api,Running,True,1,1,0,"{""api"": 0}","{""api"": ""running""}",5,desktop-control-plane,True,"{""desktop-control-plane"": true}"
2026-09-17T16:50:11.242Z,api-5446dc8d87-z5fmg,955b8ef4-49ab-4d42-b47e-3b056100fcdd,api,Running,True,1,1,0,"{""api"": 0}","{""api"": ""running""}",5,desktop-control-plane,True,"{""desktop-control-plane"": true}"
2026-09-17T16:50:11.242Z,api-5446dc8d87-zv2xv,5d285df4-103f-4756-9250-4fab2ff3b637,api,Running,True,1,1,0,"{""api"": 0}","{""api"": ""running""}",5,desktop-control-plane,True,"{""desktop-control-plane"": true}"
2026-09-17T16:50:11.242Z,jaeger-7cc9b664cc-8zts5,66d6c19f-d2b0-40bb-bf1f-41667edf8656,jaeger,Running,True,1,1,0,"{""jaeger"": 0}","{""jaeger"": ""running""}",5,desktop-control-plane,True,"{""desktop-control-plane"": true}"
2026-09-17T16:50:11.242Z,k6-c2-exploratory-001-stj6p,f383d921-b55a-4659-ae9b-e73981437f71,k6,Running,True,1,1,0,"{""k6"": 0}","{""k6"": ""running""}",5,desktop-control-plane,True,"{""desktop-control-plane"": true}"
2026-09-17T16:50:11.242Z,otel-collector-7c765745bf-d64nd,e1d10cbf-afc3-415e-b996-9a271df63bf2,otel-collector,Running,True,1,1,0,"{""otel-collector"": 0}","{""otel-collector"": ""running""}",5,desktop-control-plane,True,"{""desktop-control-plane"": true}"
2026-09-17T16:50:11.242Z,postgres-676cc4986c-v8qxn,1bf14322-2c6f-423c-b80e-860c302c8460,postgres,Running,True,1,1,0,"{""postgres"": 0}","{""postgres"": ""running""}",5,desktop-control-plane,True,"{""desktop-control-plane"": true}"
2026-09-17T16:50:11.242Z,prometheus-59f5cf7468-7zcq5,e2dfb979-47ef-4b38-9873-7fc3eee70142,prometheus,Running,True,1,1,0,"{""prometheus"": 0}","{""prometheus"": ""running""}",5,desktop-control-plane,True,"{""desktop-control-plane"": true}"
2026-09-17T16:50:11.242Z,rabbitmq-5cdf8f76b7-bkvlg,6390bb39-0727-4ae9-88b4-23eb06cf28be,rabbitmq,Running,True,1,1,0,"{""rabbitmq"": 0}","{""rabbitmq"": ""running""}",5,desktop-control-plane,True,"{""desktop-control-plane"": true}"
2026-09-17T16:50:11.242Z,worker-57dcf48f69-tpt7l,05eef36a-55a7-4727-a795-7740fdc24f97,worker,Running,True,1,1,0,"{""worker"": 0}","{""worker"": ""running""}",5,desktop-control-plane,True,"{""desktop-control-plane"": true}"
2026-09-17T16:50:16.242Z,api-5446dc8d87-6l9mv,9246cf39-f267-4f44-bc84-2767b1b72c59,api,Running,True,1,1,0,"{""api"": 0}","{""api"": ""running""}",5,desktop-control-plane,True,"{""desktop-control-plane"": true}"
2026-09-17T16:50:16.242Z,api-5446dc8d87-fhljf,49d57088-dd32-4f1c-a991-51b5d68dc0b7,api,Running,True,1,1,0,"{""api"": 0}","{""api"": ""running""}",5,desktop-control-plane,True,"{""desktop-control-plane"": true}"
2026-09-17T16:50:16.242Z,api-5446dc8d87-pd8xz,590a50a1-1613-4ea6-bdab-2f0b49230964,api,Running,True,1,1,0,"{""api"": 0}","{""api"": ""running""}",5,desktop-control-plane,True,"{""desktop-control-plane"": true}"
2026-09-17T16:50:16.242Z,api-5446dc8d87-z5fmg,955b8ef4-49ab-4d42-b47e-3b056100fcdd,api,Running,True,1,1,0,"{""api"": 0}","{""api"": ""running""}",5,desktop-control-plane,True,"{""desktop-control-plane"": true}"
2026-09-17T16:50:16.242Z,api-5446dc8d87-zv2xv,5d285df4-103f-4756-9250-4fab2ff3b637,api,Running,True,1,1,0,"{""api"": 0}","{""api"": ""running""}",5,desktop-control-plane,True,"{""desktop-control-plane"": true}"
2026-09-17T16:50:16.242Z,jaeger-7cc9b664cc-8zts5,66d6c19f-d2b0-40bb-bf1f-41667edf8656,jaeger,Running,True,1,1,0,"{""jaeger"": 0}","{""jaeger"": ""running""}",5,desktop-control-plane,True,"{""desktop-control-plane"": true}"
2026-09-17T16:50:16.242Z,k6-c2-exploratory-001-stj6p,f383d921-b55a-4659-ae9b-e73981437f71,k6,Running,True,1,1,0,"{""k6"": 0}","{""k6"": ""running""}",5,desktop-control-plane,True,"{""desktop-control-plane"": true}"
2026-09-17T16:50:16.242Z,otel-collector-7c765745bf-d64nd,e1d10cbf-afc3-415e-b996-9a271df63bf2,otel-collector,Running,True,1,1,0,"{""otel-collector"": 0}","{""otel-collector"": ""running""}",5,desktop-control-plane,True,"{""desktop-control-plane"": true}"
2026-09-17T16:50:16.242Z,postgres-676cc4986c-v8qxn,1bf14322-2c6f-423c-b80e-860c302c8460,postgres,Running,True,1,1,0,"{""postgres"": 0}","{""postgres"": ""running""}",5,desktop-control-plane,True,"{""desktop-control-plane"": true}"
2026-09-17T16:50:16.242Z,prometheus-59f5cf7468-7zcq5,e2dfb979-47ef-4b38-9873-7fc3eee70142,prometheus,Running,True,1,1,0,"{""prometheus"": 0}","{""prometheus"": ""running""}",5,desktop-control-plane,True,"{""desktop-control-plane"": true}"
2026-09-17T16:50:16.242Z,rabbitmq-5cdf8f76b7-bkvlg,6390bb39-0727-4ae9-88b4-23eb06cf28be,rabbitmq,Running,True,1,1,0,"{""rabbitmq"": 0}","{""rabbitmq"": ""running""}",5,desktop-control-plane,True,"{""desktop-control-plane"": true}"
2026-09-17T16:50:16.242Z,worker-57dcf48f69-tpt7l,05eef36a-55a7-4727-a795-7740fdc24f97,worker,Running,True,1,1,0,"{""worker"": 0}","{""worker"": ""running""}",5,desktop-control-plane,True,"{""desktop-control-plane"": true}"
2026-09-17T16:50:21.242Z,api-5446dc8d87-6l9mv,9246cf39-f267-4f44-bc84-2767b1b72c59,api,Running,True,1,1,0,"{""api"": 0}","{""api"": ""running""}",5,desktop-control-plane,True,"{""desktop-control-plane"": true}"
2026-09-17T16:50:21.242Z,api-5446dc8d87-fhljf,49d57088-dd32-4f1c-a991-51b5d68dc0b7,api,Running,True,1,1,0,"{""api"": 0}","{""api"": ""running""}",5,desktop-control-plane,True,"{""desktop-control-plane"": true}"
2026-09-17T16:50:21.242Z,api-5446dc8d87-pd8xz,590a50a1-1613-4ea6-bdab-2f0b49230964,api,Running,True,1,1,0,"{""api"": 0}","{""api"": ""running""}",5,desktop-control-plane,True,"{""desktop-control-plane"": true}"
2026-09-17T16:50:21.242Z,api-5446dc8d87-z5fmg,955b8ef4-49ab-4d42-b47e-3b056100fcdd,api,Running,True,1,1,0,"{""api"": 0}","{""api"": ""running""}",5,desktop-control-plane,True,"{""desktop-control-plane"": true}"
2026-09-17T16:50:21.242Z,api-5446dc8d87-zv2xv,5d285df4-103f-4756-9250-4fab2ff3b637,api,Running,True,1,1,0,"{""api"": 0}","{""api"": ""running""}",5,desktop-control-plane,True,"{""desktop-control-plane"": true}"
2026-09-17T16:50:21.242Z,jaeger-7cc9b664cc-8zts5,66d6c19f-d2b0-40bb-bf1f-41667edf8656,jaeger,Running,True,1,1,0,"{""jaeger"": 0}","{""jaeger"": ""running""}",5,desktop-control-plane,True,"{""desktop-control-plane"": true}"
2026-09-17T16:50:21.242Z,k6-c2-exploratory-001-stj6p,f383d921-b55a-4659-ae9b-e73981437f71,k6,Running,True,1,1,0,"{""k6"": 0}","{""k6"": ""running""}",5,desktop-control-plane,True,"{""desktop-control-plane"": true}"
2026-09-17T16:50:21.242Z,otel-collector-7c765745bf-d64nd,e1d10cbf-afc3-415e-b996-9a271df63bf2,otel-collector,Running,True,1,1,0,"{""otel-collector"": 0}","{""otel-collector"": ""running""}",5,desktop-control-plane,True,"{""desktop-control-plane"": true}"
2026-09-17T16:50:21.242Z,postgres-676cc4986c-v8qxn,1bf14322-2c6f-423c-b80e-860c302c8460,postgres,Running,True,1,1,0,"{""postgres"": 0}","{""postgres"": ""running""}",5,desktop-control-plane,True,"{""desktop-control-plane"": true}"
2026-09-17T16:50:21.242Z,prometheus-59f5cf7468-7zcq5,e2dfb979-47ef-4b38-9873-7fc3eee70142,prometheus,Running,True,1,1,0,"{""prometheus"": 0}","{""prometheus"": ""running""}",5,desktop-control-plane,True,"{""desktop-control-plane"": true}"
2026-09-17T16:50:21.242Z,rabbitmq-5cdf8f76b7-bkvlg,6390bb39-0727-4ae9-88b4-23eb06cf28be,rabbitmq,Running,True,1,1,0,"{""rabbitmq"": 0}","{""rabbitmq"": ""running""}",5,desktop-control-plane,True,"{""desktop-control-plane"": true}"
2026-09-17T16:50:21.242Z,worker-57dcf48f69-tpt7l,05eef36a-55a7-4727-a795-7740fdc24f97,worker,Running,True,1,1,0,"{""worker"": 0}","{""worker"": ""running""}",5,desktop-control-plane,True,"{""desktop-control-plane"": true}"
2026-09-17T16:50:26.243Z,api-5446dc8d87-6l9mv,9246cf39-f267-4f44-bc84-2767b1b72c59,api,Running,True,1,1,0,"{""api"": 0}","{""api"": ""running""}",5,desktop-control-plane,True,"{""desktop-control-plane"": true}"
2026-09-17T16:50:26.243Z,api-5446dc8d87-fhljf,49d57088-dd32-4f1c-a991-51b5d68dc0b7,api,Running,True,1,1,0,"{""api"": 0}","{""api"": ""running""}",5,desktop-control-plane,True,"{""desktop-control-plane"": true}"
2026-09-17T16:50:26.243Z,api-5446dc8d87-pd8xz,590a50a1-1613-4ea6-bdab-2f0b49230964,api,Running,True,1,1,0,"{""api"": 0}","{""api"": ""running""}",5,desktop-control-plane,True,"{""desktop-control-plane"": true}"
2026-09-17T16:50:26.243Z,api-5446dc8d87-z5fmg,955b8ef4-49ab-4d42-b47e-3b056100fcdd,api,Running,True,1,1,0,"{""api"": 0}","{""api"": ""running""}",5,desktop-control-plane,True,"{""desktop-control-plane"": true}"
2026-09-17T16:50:26.243Z,api-5446dc8d87-zv2xv,5d285df4-103f-4756-9250-4fab2ff3b637,api,Running,True,1,1,0,"{""api"": 0}","{""api"": ""running""}",5,desktop-control-plane,True,"{""desktop-control-plane"": true}"
2026-09-17T16:50:26.243Z,jaeger-7cc9b664cc-8zts5,66d6c19f-d2b0-40bb-bf1f-41667edf8656,jaeger,Running,True,1,1,0,"{""jaeger"": 0}","{""jaeger"": ""running""}",5,desktop-control-plane,True,"{""desktop-control-plane"": true}"
2026-09-17T16:50:26.243Z,k6-c2-exploratory-001-stj6p,f383d921-b55a-4659-ae9b-e73981437f71,k6,Running,True,1,1,0,"{""k6"": 0}","{""k6"": ""running""}",5,desktop-control-plane,True,"{""desktop-control-plane"": true}"
2026-09-17T16:50:26.243Z,otel-collector-7c765745bf-d64nd,e1d10cbf-afc3-415e-b996-9a271df63bf2,otel-collector,Running,True,1,1,0,"{""otel-collector"": 0}","{""otel-collector"": ""running""}",5,desktop-control-plane,True,"{""desktop-control-plane"": true}"
2026-09-17T16:50:26.243Z,postgres-676cc4986c-v8qxn,1bf14322-2c6f-423c-b80e-860c302c8460,postgres,Running,True,1,1,0,"{""postgres"": 0}","{""postgres"": ""running""}",5,desktop-control-plane,True,"{""desktop-control-plane"": true}"
2026-09-17T16:50:26.243Z,prometheus-59f5cf7468-7zcq5,e2dfb979-47ef-4b38-9873-7fc3eee70142,prometheus,Running,True,1,1,0,"{""prometheus"": 0}","{""prometheus"": ""running""}",5,desktop-control-plane,True,"{""desktop-control-plane"": true}"
2026-09-17T16:50:26.243Z,rabbitmq-5cdf8f76b7-bkvlg,6390bb39-0727-4ae9-88b4-23eb06cf28be,rabbitmq,Running,True,1,1,0,"{""rabbitmq"": 0}","{""rabbitmq"": ""running""}",5,desktop-control-plane,True,"{""desktop-control-plane"": true}"
2026-09-17T16:50:26.243Z,worker-57dcf48f69-tpt7l,05eef36a-55a7-4727-a795-7740fdc24f97,worker,Running,True,1,1,0,"{""worker"": 0}","{""worker"": ""running""}",5,desktop-control-plane,True,"{""desktop-control-plane"": true}"
2026-09-17T16:50:31.243Z,api-5446dc8d87-6l9mv,9246cf39-f267-4f44-bc84-2767b1b72c59,api,Running,True,1,1,0,"{""api"": 0}","{""api"": ""running""}",5,desktop-control-plane,True,"{""desktop-control-plane"": true}"
2026-09-17T16:50:31.243Z,api-5446dc8d87-fhljf,49d57088-dd32-4f1c-a991-51b5d68dc0b7,api,Running,True,1,1,0,"{""api"": 0}","{""api"": ""running""}",5,desktop-control-plane,True,"{""desktop-control-plane"": true}"
2026-09-17T16:50:31.243Z,api-5446dc8d87-pd8xz,590a50a1-1613-4ea6-bdab-2f0b49230964,api,Running,True,1,1,0,"{""api"": 0}","{""api"": ""running""}",5,desktop-control-plane,True,"{""desktop-control-plane"": true}"
2026-09-17T16:50:31.243Z,api-5446dc8d87-z5fmg,955b8ef4-49ab-4d42-b47e-3b056100fcdd,api,Running,True,1,1,0,"{""api"": 0}","{""api"": ""running""}",5,desktop-control-plane,True,"{""desktop-control-plane"": true}"
2026-09-17T16:50:31.243Z,api-5446dc8d87-zv2xv,5d285df4-103f-4756-9250-4fab2ff3b637,api,Running,True,1,1,0,"{""api"": 0}","{""api"": ""running""}",5,desktop-control-plane,True,"{""desktop-control-plane"": true}"
2026-09-17T16:50:31.243Z,jaeger-7cc9b664cc-8zts5,66d6c19f-d2b0-40bb-bf1f-41667edf8656,jaeger,Running,True,1,1,0,"{""jaeger"": 0}","{""jaeger"": ""running""}",5,desktop-control-plane,True,"{""desktop-control-plane"": true}"
2026-09-17T16:50:31.243Z,k6-c2-exploratory-001-stj6p,f383d921-b55a-4659-ae9b-e73981437f71,k6,Running,True,1,1,0,"{""k6"": 0}","{""k6"": ""running""}",5,desktop-control-plane,True,"{""desktop-control-plane"": true}"
2026-09-17T16:50:31.243Z,otel-collector-7c765745bf-d64nd,e1d10cbf-afc3-415e-b996-9a271df63bf2,otel-collector,Running,True,1,1,0,"{""otel-collector"": 0}","{""otel-collector"": ""running""}",5,desktop-control-plane,True,"{""desktop-control-plane"": true}"
2026-09-17T16:50:31.243Z,postgres-676cc4986c-v8qxn,1bf14322-2c6f-423c-b80e-860c302c8460,postgres,Running,True,1,1,0,"{""postgres"": 0}","{""postgres"": ""running""}",5,desktop-control-plane,True,"{""desktop-control-plane"": true}"
2026-09-17T16:50:31.243Z,prometheus-59f5cf7468-7zcq5,e2dfb979-47ef-4b38-9873-7fc3eee70142,prometheus,Running,True,1,1,0,"{""prometheus"": 0}","{""prometheus"": ""running""}",5,desktop-control-plane,True,"{""desktop-control-plane"": true}"
2026-09-17T16:50:31.243Z,rabbitmq-5cdf8f76b7-bkvlg,6390bb39-0727-4ae9-88b4-23eb06cf28be,rabbitmq,Running,True,1,1,0,"{""rabbitmq"": 0}","{""rabbitmq"": ""running""}",5,desktop-control-plane,True,"{""desktop-control-plane"": true}"
2026-09-17T16:50:31.243Z,worker-57dcf48f69-tpt7l,05eef36a-55a7-4727-a795-7740fdc24f97,worker,Running,True,1,1,0,"{""worker"": 0}","{""worker"": ""running""}",5,desktop-control-plane,True,"{""desktop-control-plane"": true}"
2026-09-17T16:50:36.244Z,api-5446dc8d87-6l9mv,9246cf39-f267-4f44-bc84-2767b1b72c59,api,Running,True,1,1,0,"{""api"": 0}","{""api"": ""running""}",5,desktop-control-plane,True,"{""desktop-control-plane"": true}"
2026-09-17T16:50:36.244Z,api-5446dc8d87-fhljf,49d57088-dd32-4f1c-a991-51b5d68dc0b7,api,Running,True,1,1,0,"{""api"": 0}","{""api"": ""running""}",5,desktop-control-plane,True,"{""desktop-control-plane"": true}"
2026-09-17T16:50:36.244Z,api-5446dc8d87-pd8xz,590a50a1-1613-4ea6-bdab-2f0b49230964,api,Running,True,1,1,0,"{""api"": 0}","{""api"": ""running""}",5,desktop-control-plane,True,"{""desktop-control-plane"": true}"
2026-09-17T16:50:36.244Z,api-5446dc8d87-z5fmg,955b8ef4-49ab-4d42-b47e-3b056100fcdd,api,Running,True,1,1,0,"{""api"": 0}","{""api"": ""running""}",5,desktop-control-plane,True,"{""desktop-control-plane"": true}"
2026-09-17T16:50:36.244Z,api-5446dc8d87-zv2xv,5d285df4-103f-4756-9250-4fab2ff3b637,api,Running,True,1,1,0,"{""api"": 0}","{""api"": ""running""}",5,desktop-control-plane,True,"{""desktop-control-plane"": true}"
2026-09-17T16:50:36.244Z,jaeger-7cc9b664cc-8zts5,66d6c19f-d2b0-40bb-bf1f-41667edf8656,jaeger,Running,True,1,1,0,"{""jaeger"": 0}","{""jaeger"": ""running""}",5,desktop-control-plane,True,"{""desktop-control-plane"": true}"
2026-09-17T16:50:36.244Z,k6-c2-exploratory-001-stj6p,f383d921-b55a-4659-ae9b-e73981437f71,k6,Running,True,1,1,0,"{""k6"": 0}","{""k6"": ""running""}",5,desktop-control-plane,True,"{""desktop-control-plane"": true}"
2026-09-17T16:50:36.244Z,otel-collector-7c765745bf-d64nd,e1d10cbf-afc3-415e-b996-9a271df63bf2,otel-collector,Running,True,1,1,0,"{""otel-collector"": 0}","{""otel-collector"": ""running""}",5,desktop-control-plane,True,"{""desktop-control-plane"": true}"
2026-09-17T16:50:36.244Z,postgres-676cc4986c-v8qxn,1bf14322-2c6f-423c-b80e-860c302c8460,postgres,Running,True,1,1,0,"{""postgres"": 0}","{""postgres"": ""running""}",5,desktop-control-plane,True,"{""desktop-control-plane"": true}"
2026-09-17T16:50:36.244Z,prometheus-59f5cf7468-7zcq5,e2dfb979-47ef-4b38-9873-7fc3eee70142,prometheus,Running,True,1,1,0,"{""prometheus"": 0}","{""prometheus"": ""running""}",5,desktop-control-plane,True,"{""desktop-control-plane"": true}"
2026-09-17T16:50:36.244Z,rabbitmq-5cdf8f76b7-bkvlg,6390bb39-0727-4ae9-88b4-23eb06cf28be,rabbitmq,Running,True,1,1,0,"{""rabbitmq"": 0}","{""rabbitmq"": ""running""}",5,desktop-control-plane,True,"{""desktop-control-plane"": true}"
2026-09-17T16:50:36.244Z,worker-57dcf48f69-tpt7l,05eef36a-55a7-4727-a795-7740fdc24f97,worker,Running,True,1,1,0,"{""worker"": 0}","{""worker"": ""running""}",5,desktop-control-plane,True,"{""desktop-control-plane"": true}"
2026-09-17T16:50:41.244Z,api-5446dc8d87-6l9mv,9246cf39-f267-4f44-bc84-2767b1b72c59,api,Running,True,1,1,0,"{""api"": 0}","{""api"": ""running""}",5,desktop-control-plane,True,"{""desktop-control-plane"": true}"
2026-09-17T16:50:41.244Z,api-5446dc8d87-fhljf,49d57088-dd32-4f1c-a991-51b5d68dc0b7,api,Running,True,1,1,0,"{""api"": 0}","{""api"": ""running""}",5,desktop-control-plane,True,"{""desktop-control-plane"": true}"
2026-09-17T16:50:41.244Z,api-5446dc8d87-pd8xz,590a50a1-1613-4ea6-bdab-2f0b49230964,api,Running,True,1,1,0,"{""api"": 0}","{""api"": ""running""}",5,desktop-control-plane,True,"{""desktop-control-plane"": true}"
2026-09-17T16:50:41.244Z,api-5446dc8d87-z5fmg,955b8ef4-49ab-4d42-b47e-3b056100fcdd,api,Running,True,1,1,0,"{""api"": 0}","{""api"": ""running""}",5,desktop-control-plane,True,"{""desktop-control-plane"": true}"
2026-09-17T16:50:41.244Z,api-5446dc8d87-zv2xv,5d285df4-103f-4756-9250-4fab2ff3b637,api,Running,True,1,1,0,"{""api"": 0}","{""api"": ""running""}",5,desktop-control-plane,True,"{""desktop-control-plane"": true}"
2026-09-17T16:50:41.244Z,jaeger-7cc9b664cc-8zts5,66d6c19f-d2b0-40bb-bf1f-41667edf8656,jaeger,Running,True,1,1,0,"{""jaeger"": 0}","{""jaeger"": ""running""}",5,desktop-control-plane,True,"{""desktop-control-plane"": true}"
2026-09-17T16:50:41.244Z,k6-c2-exploratory-001-stj6p,f383d921-b55a-4659-ae9b-e73981437f71,k6,Running,True,1,1,0,"{""k6"": 0}","{""k6"": ""running""}",5,desktop-control-plane,True,"{""desktop-control-plane"": true}"
2026-09-17T16:50:41.244Z,otel-collector-7c765745bf-d64nd,e1d10cbf-afc3-415e-b996-9a271df63bf2,otel-collector,Running,True,1,1,0,"{""otel-collector"": 0}","{""otel-collector"": ""running""}",5,desktop-control-plane,True,"{""desktop-control-plane"": true}"
2026-09-17T16:50:41.244Z,postgres-676cc4986c-v8qxn,1bf14322-2c6f-423c-b80e-860c302c8460,postgres,Running,True,1,1,0,"{""postgres"": 0}","{""postgres"": ""running""}",5,desktop-control-plane,True,"{""desktop-control-plane"": true}"
2026-09-17T16:50:41.244Z,prometheus-59f5cf7468-7zcq5,e2dfb979-47ef-4b38-9873-7fc3eee70142,prometheus,Running,True,1,1,0,"{""prometheus"": 0}","{""prometheus"": ""running""}",5,desktop-control-plane,True,"{""desktop-control-plane"": true}"
2026-09-17T16:50:41.244Z,rabbitmq-5cdf8f76b7-bkvlg,6390bb39-0727-4ae9-88b4-23eb06cf28be,rabbitmq,Running,True,1,1,0,"{""rabbitmq"": 0}","{""rabbitmq"": ""running""}",5,desktop-control-plane,True,"{""desktop-control-plane"": true}"
2026-09-17T16:50:41.244Z,worker-57dcf48f69-tpt7l,05eef36a-55a7-4727-a795-7740fdc24f97,worker,Running,True,1,1,0,"{""worker"": 0}","{""worker"": ""running""}",5,desktop-control-plane,True,"{""desktop-control-plane"": true}"
2026-09-17T16:50:46.244Z,api-5446dc8d87-6l9mv,9246cf39-f267-4f44-bc84-2767b1b72c59,api,Running,True,1,1,0,"{""api"": 0}","{""api"": ""running""}",5,desktop-control-plane,True,"{""desktop-control-plane"": true}"
2026-09-17T16:50:46.244Z,api-5446dc8d87-fhljf,49d57088-dd32-4f1c-a991-51b5d68dc0b7,api,Running,True,1,1,0,"{""api"": 0}","{""api"": ""running""}",5,desktop-control-plane,True,"{""desktop-control-plane"": true}"
2026-09-17T16:50:46.244Z,api-5446dc8d87-pd8xz,590a50a1-1613-4ea6-bdab-2f0b49230964,api,Running,True,1,1,0,"{""api"": 0}","{""api"": ""running""}",5,desktop-control-plane,True,"{""desktop-control-plane"": true}"
2026-09-17T16:50:46.244Z,api-5446dc8d87-z5fmg,955b8ef4-49ab-4d42-b47e-3b056100fcdd,api,Running,True,1,1,0,"{""api"": 0}","{""api"": ""running""}",5,desktop-control-plane,True,"{""desktop-control-plane"": true}"
2026-09-17T16:50:46.244Z,api-5446dc8d87-zv2xv,5d285df4-103f-4756-9250-4fab2ff3b637,api,Running,True,1,1,0,"{""api"": 0}","{""api"": ""running""}",5,desktop-control-plane,True,"{""desktop-control-plane"": true}"
2026-09-17T16:50:46.244Z,jaeger-7cc9b664cc-8zts5,66d6c19f-d2b0-40bb-bf1f-41667edf8656,jaeger,Running,True,1,1,0,"{""jaeger"": 0}","{""jaeger"": ""running""}",5,desktop-control-plane,True,"{""desktop-control-plane"": true}"
2026-09-17T16:50:46.244Z,k6-c2-exploratory-001-stj6p,f383d921-b55a-4659-ae9b-e73981437f71,k6,Running,True,1,1,0,"{""k6"": 0}","{""k6"": ""running""}",5,desktop-control-plane,True,"{""desktop-control-plane"": true}"
2026-09-17T16:50:46.244Z,otel-collector-7c765745bf-d64nd,e1d10cbf-afc3-415e-b996-9a271df63bf2,otel-collector,Running,True,1,1,0,"{""otel-collector"": 0}","{""otel-collector"": ""running""}",5,desktop-control-plane,True,"{""desktop-control-plane"": true}"
2026-09-17T16:50:46.244Z,postgres-676cc4986c-v8qxn,1bf14322-2c6f-423c-b80e-860c302c8460,postgres,Running,True,1,1,0,"{""postgres"": 0}","{""postgres"": ""running""}",5,desktop-control-plane,True,"{""desktop-control-plane"": true}"
2026-09-17T16:50:46.244Z,prometheus-59f5cf7468-7zcq5,e2dfb979-47ef-4b38-9873-7fc3eee70142,prometheus,Running,True,1,1,0,"{""prometheus"": 0}","{""prometheus"": ""running""}",5,desktop-control-plane,True,"{""desktop-control-plane"": true}"
2026-09-17T16:50:46.244Z,rabbitmq-5cdf8f76b7-bkvlg,6390bb39-0727-4ae9-88b4-23eb06cf28be,rabbitmq,Running,True,1,1,0,"{""rabbitmq"": 0}","{""rabbitmq"": ""running""}",5,desktop-control-plane,True,"{""desktop-control-plane"": true}"
2026-09-17T16:50:46.244Z,worker-57dcf48f69-tpt7l,05eef36a-55a7-4727-a795-7740fdc24f97,worker,Running,True,1,1,0,"{""worker"": 0}","{""worker"": ""running""}",5,desktop-control-plane,True,"{""desktop-control-plane"": true}"
2026-09-17T16:50:51.245Z,api-5446dc8d87-6l9mv,9246cf39-f267-4f44-bc84-2767b1b72c59,api,Running,True,1,1,0,"{""api"": 0}","{""api"": ""running""}",5,desktop-control-plane,True,"{""desktop-control-plane"": true}"
2026-09-17T16:50:51.245Z,api-5446dc8d87-fhljf,49d57088-dd32-4f1c-a991-51b5d68dc0b7,api,Running,True,1,1,0,"{""api"": 0}","{""api"": ""running""}",5,desktop-control-plane,True,"{""desktop-control-plane"": true}"
2026-09-17T16:50:51.245Z,api-5446dc8d87-pd8xz,590a50a1-1613-4ea6-bdab-2f0b49230964,api,Running,True,1,1,0,"{""api"": 0}","{""api"": ""running""}",5,desktop-control-plane,True,"{""desktop-control-plane"": true}"
2026-09-17T16:50:51.245Z,api-5446dc8d87-z5fmg,955b8ef4-49ab-4d42-b47e-3b056100fcdd,api,Running,True,1,1,0,"{""api"": 0}","{""api"": ""running""}",5,desktop-control-plane,True,"{""desktop-control-plane"": true}"
2026-09-17T16:50:51.245Z,api-5446dc8d87-zv2xv,5d285df4-103f-4756-9250-4fab2ff3b637,api,Running,True,1,1,0,"{""api"": 0}","{""api"": ""running""}",5,desktop-control-plane,True,"{""desktop-control-plane"": true}"
2026-09-17T16:50:51.245Z,jaeger-7cc9b664cc-8zts5,66d6c19f-d2b0-40bb-bf1f-41667edf8656,jaeger,Running,True,1,1,0,"{""jaeger"": 0}","{""jaeger"": ""running""}",5,desktop-control-plane,True,"{""desktop-control-plane"": true}"
2026-09-17T16:50:51.245Z,k6-c2-exploratory-001-stj6p,f383d921-b55a-4659-ae9b-e73981437f71,k6,Running,True,1,1,0,"{""k6"": 0}","{""k6"": ""running""}",5,desktop-control-plane,True,"{""desktop-control-plane"": true}"
2026-09-17T16:50:51.245Z,otel-collector-7c765745bf-d64nd,e1d10cbf-afc3-415e-b996-9a271df63bf2,otel-collector,Running,True,1,1,0,"{""otel-collector"": 0}","{""otel-collector"": ""running""}",5,desktop-control-plane,True,"{""desktop-control-plane"": true}"
2026-09-17T16:50:51.245Z,postgres-676cc4986c-v8qxn,1bf14322-2c6f-423c-b80e-860c302c8460,postgres,Running,True,1,1,0,"{""postgres"": 0}","{""postgres"": ""running""}",5,desktop-control-plane,True,"{""desktop-control-plane"": true}"
2026-09-17T16:50:51.245Z,prometheus-59f5cf7468-7zcq5,e2dfb979-47ef-4b38-9873-7fc3eee70142,prometheus,Running,True,1,1,0,"{""prometheus"": 0}","{""prometheus"": ""running""}",5,desktop-control-plane,True,"{""desktop-control-plane"": true}"
2026-09-17T16:50:51.245Z,rabbitmq-5cdf8f76b7-bkvlg,6390bb39-0727-4ae9-88b4-23eb06cf28be,rabbitmq,Running,True,1,1,0,"{""rabbitmq"": 0}","{""rabbitmq"": ""running""}",5,desktop-control-plane,True,"{""desktop-control-plane"": true}"
2026-09-17T16:50:51.245Z,worker-57dcf48f69-tpt7l,05eef36a-55a7-4727-a795-7740fdc24f97,worker,Running,True,1,1,0,"{""worker"": 0}","{""worker"": ""running""}",5,desktop-control-plane,True,"{""desktop-control-plane"": true}"
2026-09-17T16:50:56.245Z,api-5446dc8d87-6l9mv,9246cf39-f267-4f44-bc84-2767b1b72c59,api,Running,True,1,1,0,"{""api"": 0}","{""api"": ""running""}",5,desktop-control-plane,True,"{""desktop-control-plane"": true}"
2026-09-17T16:50:56.245Z,api-5446dc8d87-fhljf,49d57088-dd32-4f1c-a991-51b5d68dc0b7,api,Running,True,1,1,0,"{""api"": 0}","{""api"": ""running""}",5,desktop-control-plane,True,"{""desktop-control-plane"": true}"
2026-09-17T16:50:56.245Z,api-5446dc8d87-pd8xz,590a50a1-1613-4ea6-bdab-2f0b49230964,api,Running,True,1,1,0,"{""api"": 0}","{""api"": ""running""}",5,desktop-control-plane,True,"{""desktop-control-plane"": true}"
2026-09-17T16:50:56.245Z,api-5446dc8d87-z5fmg,955b8ef4-49ab-4d42-b47e-3b056100fcdd,api,Running,True,1,1,0,"{""api"": 0}","{""api"": ""running""}",5,desktop-control-plane,True,"{""desktop-control-plane"": true}"
2026-09-17T16:50:56.245Z,api-5446dc8d87-zv2xv,5d285df4-103f-4756-9250-4fab2ff3b637,api,Running,True,1,1,0,"{""api"": 0}","{""api"": ""running""}",5,desktop-control-plane,True,"{""desktop-control-plane"": true}"
2026-09-17T16:50:56.245Z,jaeger-7cc9b664cc-8zts5,66d6c19f-d2b0-40bb-bf1f-41667edf8656,jaeger,Running,True,1,1,0,"{""jaeger"": 0}","{""jaeger"": ""running""}",5,desktop-control-plane,True,"{""desktop-control-plane"": true}"
2026-09-17T16:50:56.245Z,k6-c2-exploratory-001-stj6p,f383d921-b55a-4659-ae9b-e73981437f71,k6,Running,True,1,1,0,"{""k6"": 0}","{""k6"": ""running""}",5,desktop-control-plane,True,"{""desktop-control-plane"": true}"
2026-09-17T16:50:56.245Z,otel-collector-7c765745bf-d64nd,e1d10cbf-afc3-415e-b996-9a271df63bf2,otel-collector,Running,True,1,1,0,"{""otel-collector"": 0}","{""otel-collector"": ""running""}",5,desktop-control-plane,True,"{""desktop-control-plane"": true}"
2026-09-17T16:50:56.245Z,postgres-676cc4986c-v8qxn,1bf14322-2c6f-423c-b80e-860c302c8460,postgres,Running,True,1,1,0,"{""postgres"": 0}","{""postgres"": ""running""}",5,desktop-control-plane,True,"{""desktop-control-plane"": true}"
2026-09-17T16:50:56.245Z,prometheus-59f5cf7468-7zcq5,e2dfb979-47ef-4b38-9873-7fc3eee70142,prometheus,Running,True,1,1,0,"{""prometheus"": 0}","{""prometheus"": ""running""}",5,desktop-control-plane,True,"{""desktop-control-plane"": true}"
2026-09-17T16:50:56.245Z,rabbitmq-5cdf8f76b7-bkvlg,6390bb39-0727-4ae9-88b4-23eb06cf28be,rabbitmq,Running,True,1,1,0,"{""rabbitmq"": 0}","{""rabbitmq"": ""running""}",5,desktop-control-plane,True,"{""desktop-control-plane"": true}"
2026-09-17T16:50:56.245Z,worker-57dcf48f69-tpt7l,05eef36a-55a7-4727-a795-7740fdc24f97,worker,Running,True,1,1,0,"{""worker"": 0}","{""worker"": ""running""}",5,desktop-control-plane,True,"{""desktop-control-plane"": true}"
2026-09-17T16:51:01.245Z,api-5446dc8d87-6l9mv,9246cf39-f267-4f44-bc84-2767b1b72c59,api,Running,True,1,1,0,"{""api"": 0}","{""api"": ""running""}",5,desktop-control-plane,True,"{""desktop-control-plane"": true}"
2026-09-17T16:51:01.245Z,api-5446dc8d87-fhljf,49d57088-dd32-4f1c-a991-51b5d68dc0b7,api,Running,True,1,1,0,"{""api"": 0}","{""api"": ""running""}",5,desktop-control-plane,True,"{""desktop-control-plane"": true}"
2026-09-17T16:51:01.245Z,api-5446dc8d87-pd8xz,590a50a1-1613-4ea6-bdab-2f0b49230964,api,Running,True,1,1,0,"{""api"": 0}","{""api"": ""running""}",5,desktop-control-plane,True,"{""desktop-control-plane"": true}"
2026-09-17T16:51:01.245Z,api-5446dc8d87-z5fmg,955b8ef4-49ab-4d42-b47e-3b056100fcdd,api,Running,True,1,1,0,"{""api"": 0}","{""api"": ""running""}",5,desktop-control-plane,True,"{""desktop-control-plane"": true}"
2026-09-17T16:51:01.245Z,api-5446dc8d87-zv2xv,5d285df4-103f-4756-9250-4fab2ff3b637,api,Running,True,1,1,0,"{""api"": 0}","{""api"": ""running""}",5,desktop-control-plane,True,"{""desktop-control-plane"": true}"
2026-09-17T16:51:01.245Z,jaeger-7cc9b664cc-8zts5,66d6c19f-d2b0-40bb-bf1f-41667edf8656,jaeger,Running,True,1,1,0,"{""jaeger"": 0}","{""jaeger"": ""running""}",5,desktop-control-plane,True,"{""desktop-control-plane"": true}"
2026-09-17T16:51:01.245Z,k6-c2-exploratory-001-stj6p,f383d921-b55a-4659-ae9b-e73981437f71,k6,Running,True,1,1,0,"{""k6"": 0}","{""k6"": ""running""}",5,desktop-control-plane,True,"{""desktop-control-plane"": true}"
2026-09-17T16:51:01.245Z,otel-collector-7c765745bf-d64nd,e1d10cbf-afc3-415e-b996-9a271df63bf2,otel-collector,Running,True,1,1,0,"{""otel-collector"": 0}","{""otel-collector"": ""running""}",5,desktop-control-plane,True,"{""desktop-control-plane"": true}"
2026-09-17T16:51:01.245Z,postgres-676cc4986c-v8qxn,1bf14322-2c6f-423c-b80e-860c302c8460,postgres,Running,True,1,1,0,"{""postgres"": 0}","{""postgres"": ""running""}",5,desktop-control-plane,True,"{""desktop-control-plane"": true}"
2026-09-17T16:51:01.245Z,prometheus-59f5cf7468-7zcq5,e2dfb979-47ef-4b38-9873-7fc3eee70142,prometheus,Running,True,1,1,0,"{""prometheus"": 0}","{""prometheus"": ""running""}",5,desktop-control-plane,True,"{""desktop-control-plane"": true}"
2026-09-17T16:51:01.245Z,rabbitmq-5cdf8f76b7-bkvlg,6390bb39-0727-4ae9-88b4-23eb06cf28be,rabbitmq,Running,True,1,1,0,"{""rabbitmq"": 0}","{""rabbitmq"": ""running""}",5,desktop-control-plane,True,"{""desktop-control-plane"": true}"
2026-09-17T16:51:01.245Z,worker-57dcf48f69-tpt7l,05eef36a-55a7-4727-a795-7740fdc24f97,worker,Running,True,1,1,0,"{""worker"": 0}","{""worker"": ""running""}",5,desktop-control-plane,True,"{""desktop-control-plane"": true}"
2026-09-17T16:51:06.245Z,api-5446dc8d87-6l9mv,9246cf39-f267-4f44-bc84-2767b1b72c59,api,Running,True,1,1,0,"{""api"": 0}","{""api"": ""running""}",5,desktop-control-plane,True,"{""desktop-control-plane"": true}"
2026-09-17T16:51:06.245Z,api-5446dc8d87-fhljf,49d57088-dd32-4f1c-a991-51b5d68dc0b7,api,Running,True,1,1,0,"{""api"": 0}","{""api"": ""running""}",5,desktop-control-plane,True,"{""desktop-control-plane"": true}"
2026-09-17T16:51:06.245Z,api-5446dc8d87-pd8xz,590a50a1-1613-4ea6-bdab-2f0b49230964,api,Running,True,1,1,0,"{""api"": 0}","{""api"": ""running""}",5,desktop-control-plane,True,"{""desktop-control-plane"": true}"
2026-09-17T16:51:06.245Z,api-5446dc8d87-z5fmg,955b8ef4-49ab-4d42-b47e-3b056100fcdd,api,Running,True,1,1,0,"{""api"": 0}","{""api"": ""running""}",5,desktop-control-plane,True,"{""desktop-control-plane"": true}"
2026-09-17T16:51:06.245Z,api-5446dc8d87-zv2xv,5d285df4-103f-4756-9250-4fab2ff3b637,api,Running,True,1,1,0,"{""api"": 0}","{""api"": ""running""}",5,desktop-control-plane,True,"{""desktop-control-plane"": true}"
2026-09-17T16:51:06.245Z,jaeger-7cc9b664cc-8zts5,66d6c19f-d2b0-40bb-bf1f-41667edf8656,jaeger,Running,True,1,1,0,"{""jaeger"": 0}","{""jaeger"": ""running""}",5,desktop-control-plane,True,"{""desktop-control-plane"": true}"
2026-09-17T16:51:06.245Z,otel-collector-7c765745bf-d64nd,e1d10cbf-afc3-415e-b996-9a271df63bf2,otel-collector,Running,True,1,1,0,"{""otel-collector"": 0}","{""otel-collector"": ""running""}",5,desktop-control-plane,True,"{""desktop-control-plane"": true}"
2026-09-17T16:51:06.245Z,postgres-676cc4986c-v8qxn,1bf14322-2c6f-423c-b80e-860c302c8460,postgres,Running,True,1,1,0,"{""postgres"": 0}","{""postgres"": ""running""}",5,desktop-control-plane,True,"{""desktop-control-plane"": true}"
2026-09-17T16:51:06.245Z,prometheus-59f5cf7468-7zcq5,e2dfb979-47ef-4b38-9873-7fc3eee70142,prometheus,Running,True,1,1,0,"{""prometheus"": 0}","{""prometheus"": ""running""}",5,desktop-control-plane,True,"{""desktop-control-plane"": true}"
2026-09-17T16:51:06.245Z,rabbitmq-5cdf8f76b7-bkvlg,6390bb39-0727-4ae9-88b4-23eb06cf28be,rabbitmq,Running,True,1,1,0,"{""rabbitmq"": 0}","{""rabbitmq"": ""running""}",5,desktop-control-plane,True,"{""desktop-control-plane"": true}"
2026-09-17T16:51:06.245Z,worker-57dcf48f69-tpt7l,05eef36a-55a7-4727-a795-7740fdc24f97,worker,Running,True,1,1,0,"{""worker"": 0}","{""worker"": ""running""}",5,desktop-control-plane,True,"{""desktop-control-plane"": true}"
2026-09-17T16:51:11.246Z,api-5446dc8d87-6l9mv,9246cf39-f267-4f44-bc84-2767b1b72c59,api,Running,True,1,1,0,"{""api"": 0}","{""api"": ""running""}",5,desktop-control-plane,True,"{""desktop-control-plane"": true}"
2026-09-17T16:51:11.246Z,api-5446dc8d87-fhljf,49d57088-dd32-4f1c-a991-51b5d68dc0b7,api,Running,True,1,1,0,"{""api"": 0}","{""api"": ""running""}",5,desktop-control-plane,True,"{""desktop-control-plane"": true}"
2026-09-17T16:51:11.246Z,api-5446dc8d87-pd8xz,590a50a1-1613-4ea6-bdab-2f0b49230964,api,Running,True,1,1,0,"{""api"": 0}","{""api"": ""running""}",5,desktop-control-plane,True,"{""desktop-control-plane"": true}"
2026-09-17T16:51:11.246Z,api-5446dc8d87-z5fmg,955b8ef4-49ab-4d42-b47e-3b056100fcdd,api,Running,True,1,1,0,"{""api"": 0}","{""api"": ""running""}",5,desktop-control-plane,True,"{""desktop-control-plane"": true}"
2026-09-17T16:51:11.246Z,api-5446dc8d87-zv2xv,5d285df4-103f-4756-9250-4fab2ff3b637,api,Running,True,1,1,0,"{""api"": 0}","{""api"": ""running""}",5,desktop-control-plane,True,"{""desktop-control-plane"": true}"
2026-09-17T16:51:11.246Z,jaeger-7cc9b664cc-8zts5,66d6c19f-d2b0-40bb-bf1f-41667edf8656,jaeger,Running,True,1,1,0,"{""jaeger"": 0}","{""jaeger"": ""running""}",5,desktop-control-plane,True,"{""desktop-control-plane"": true}"
2026-09-17T16:51:11.246Z,otel-collector-7c765745bf-d64nd,e1d10cbf-afc3-415e-b996-9a271df63bf2,otel-collector,Running,True,1,1,0,"{""otel-collector"": 0}","{""otel-collector"": ""running""}",5,desktop-control-plane,True,"{""desktop-control-plane"": true}"
2026-09-17T16:51:11.246Z,postgres-676cc4986c-v8qxn,1bf14322-2c6f-423c-b80e-860c302c8460,postgres,Running,True,1,1,0,"{""postgres"": 0}","{""postgres"": ""running""}",5,desktop-control-plane,True,"{""desktop-control-plane"": true}"
2026-09-17T16:51:11.246Z,prometheus-59f5cf7468-7zcq5,e2dfb979-47ef-4b38-9873-7fc3eee70142,prometheus,Running,True,1,1,0,"{""prometheus"": 0}","{""prometheus"": ""running""}",5,desktop-control-plane,True,"{""desktop-control-plane"": true}"
2026-09-17T16:51:11.246Z,rabbitmq-5cdf8f76b7-bkvlg,6390bb39-0727-4ae9-88b4-23eb06cf28be,rabbitmq,Running,True,1,1,0,"{""rabbitmq"": 0}","{""rabbitmq"": ""running""}",5,desktop-control-plane,True,"{""desktop-control-plane"": true}"
2026-09-17T16:51:11.246Z,worker-57dcf48f69-tpt7l,05eef36a-55a7-4727-a795-7740fdc24f97,worker,Running,True,1,1,0,"{""worker"": 0}","{""worker"": ""running""}",5,desktop-control-plane,True,"{""desktop-control-plane"": true}"
2026-09-17T16:51:16.246Z,api-5446dc8d87-6l9mv,9246cf39-f267-4f44-bc84-2767b1b72c59,api,Running,True,1,1,0,"{""api"": 0}","{""api"": ""running""}",5,desktop-control-plane,True,"{""desktop-control-plane"": true}"
2026-09-17T16:51:16.246Z,api-5446dc8d87-fhljf,49d57088-dd32-4f1c-a991-51b5d68dc0b7,api,Running,True,1,1,0,"{""api"": 0}","{""api"": ""running""}",5,desktop-control-plane,True,"{""desktop-control-plane"": true}"
2026-09-17T16:51:16.246Z,api-5446dc8d87-pd8xz,590a50a1-1613-4ea6-bdab-2f0b49230964,api,Running,True,1,1,0,"{""api"": 0}","{""api"": ""running""}",5,desktop-control-plane,True,"{""desktop-control-plane"": true}"
2026-09-17T16:51:16.246Z,api-5446dc8d87-z5fmg,955b8ef4-49ab-4d42-b47e-3b056100fcdd,api,Running,True,1,1,0,"{""api"": 0}","{""api"": ""running""}",5,desktop-control-plane,True,"{""desktop-control-plane"": true}"
2026-09-17T16:51:16.246Z,api-5446dc8d87-zv2xv,5d285df4-103f-4756-9250-4fab2ff3b637,api,Running,True,1,1,0,"{""api"": 0}","{""api"": ""running""}",5,desktop-control-plane,True,"{""desktop-control-plane"": true}"
2026-09-17T16:51:16.246Z,jaeger-7cc9b664cc-8zts5,66d6c19f-d2b0-40bb-bf1f-41667edf8656,jaeger,Running,True,1,1,0,"{""jaeger"": 0}","{""jaeger"": ""running""}",5,desktop-control-plane,True,"{""desktop-control-plane"": true}"
2026-09-17T16:51:16.246Z,otel-collector-7c765745bf-d64nd,e1d10cbf-afc3-415e-b996-9a271df63bf2,otel-collector,Running,True,1,1,0,"{""otel-collector"": 0}","{""otel-collector"": ""running""}",5,desktop-control-plane,True,"{""desktop-control-plane"": true}"
2026-09-17T16:51:16.246Z,postgres-676cc4986c-v8qxn,1bf14322-2c6f-423c-b80e-860c302c8460,postgres,Running,True,1,1,0,"{""postgres"": 0}","{""postgres"": ""running""}",5,desktop-control-plane,True,"{""desktop-control-plane"": true}"
2026-09-17T16:51:16.246Z,prometheus-59f5cf7468-7zcq5,e2dfb979-47ef-4b38-9873-7fc3eee70142,prometheus,Running,True,1,1,0,"{""prometheus"": 0}","{""prometheus"": ""running""}",5,desktop-control-plane,True,"{""desktop-control-plane"": true}"
2026-09-17T16:51:16.246Z,rabbitmq-5cdf8f76b7-bkvlg,6390bb39-0727-4ae9-88b4-23eb06cf28be,rabbitmq,Running,True,1,1,0,"{""rabbitmq"": 0}","{""rabbitmq"": ""running""}",5,desktop-control-plane,True,"{""desktop-control-plane"": true}"
2026-09-17T16:51:16.246Z,worker-57dcf48f69-tpt7l,05eef36a-55a7-4727-a795-7740fdc24f97,worker,Running,True,1,1,0,"{""worker"": 0}","{""worker"": ""running""}",5,desktop-control-plane,True,"{""desktop-control-plane"": true}"
2026-09-17T16:51:21.246Z,api-5446dc8d87-6l9mv,9246cf39-f267-4f44-bc84-2767b1b72c59,api,Running,True,1,1,0,"{""api"": 0}","{""api"": ""running""}",5,desktop-control-plane,True,"{""desktop-control-plane"": true}"
2026-09-17T16:51:21.246Z,api-5446dc8d87-fhljf,49d57088-dd32-4f1c-a991-51b5d68dc0b7,api,Running,True,1,1,0,"{""api"": 0}","{""api"": ""running""}",5,desktop-control-plane,True,"{""desktop-control-plane"": true}"
2026-09-17T16:51:21.246Z,api-5446dc8d87-pd8xz,590a50a1-1613-4ea6-bdab-2f0b49230964,api,Running,True,1,1,0,"{""api"": 0}","{""api"": ""running""}",5,desktop-control-plane,True,"{""desktop-control-plane"": true}"
2026-09-17T16:51:21.246Z,api-5446dc8d87-z5fmg,955b8ef4-49ab-4d42-b47e-3b056100fcdd,api,Running,True,1,1,0,"{""api"": 0}","{""api"": ""running""}",5,desktop-control-plane,True,"{""desktop-control-plane"": true}"
2026-09-17T16:51:21.246Z,api-5446dc8d87-zv2xv,5d285df4-103f-4756-9250-4fab2ff3b637,api,Running,True,1,1,0,"{""api"": 0}","{""api"": ""running""}",5,desktop-control-plane,True,"{""desktop-control-plane"": true}"
2026-09-17T16:51:21.246Z,jaeger-7cc9b664cc-8zts5,66d6c19f-d2b0-40bb-bf1f-41667edf8656,jaeger,Running,True,1,1,0,"{""jaeger"": 0}","{""jaeger"": ""running""}",5,desktop-control-plane,True,"{""desktop-control-plane"": true}"
2026-09-17T16:51:21.246Z,otel-collector-7c765745bf-d64nd,e1d10cbf-afc3-415e-b996-9a271df63bf2,otel-collector,Running,True,1,1,0,"{""otel-collector"": 0}","{""otel-collector"": ""running""}",5,desktop-control-plane,True,"{""desktop-control-plane"": true}"
2026-09-17T16:51:21.246Z,postgres-676cc4986c-v8qxn,1bf14322-2c6f-423c-b80e-860c302c8460,postgres,Running,True,1,1,0,"{""postgres"": 0}","{""postgres"": ""running""}",5,desktop-control-plane,True,"{""desktop-control-plane"": true}"
2026-09-17T16:51:21.246Z,prometheus-59f5cf7468-7zcq5,e2dfb979-47ef-4b38-9873-7fc3eee70142,prometheus,Running,True,1,1,0,"{""prometheus"": 0}","{""prometheus"": ""running""}",5,desktop-control-plane,True,"{""desktop-control-plane"": true}"
2026-09-17T16:51:21.246Z,rabbitmq-5cdf8f76b7-bkvlg,6390bb39-0727-4ae9-88b4-23eb06cf28be,rabbitmq,Running,True,1,1,0,"{""rabbitmq"": 0}","{""rabbitmq"": ""running""}",5,desktop-control-plane,True,"{""desktop-control-plane"": true}"
2026-09-17T16:51:21.246Z,worker-57dcf48f69-tpt7l,05eef36a-55a7-4727-a795-7740fdc24f97,worker,Running,True,1,1,0,"{""worker"": 0}","{""worker"": ""running""}",5,desktop-control-plane,True,"{""desktop-control-plane"": true}"
2026-09-17T16:51:26.246Z,api-5446dc8d87-6l9mv,9246cf39-f267-4f44-bc84-2767b1b72c59,api,Running,True,1,1,0,"{""api"": 0}","{""api"": ""running""}",5,desktop-control-plane,True,"{""desktop-control-plane"": true}"
2026-09-17T16:51:26.246Z,api-5446dc8d87-fhljf,49d57088-dd32-4f1c-a991-51b5d68dc0b7,api,Running,True,1,1,0,"{""api"": 0}","{""api"": ""running""}",5,desktop-control-plane,True,"{""desktop-control-plane"": true}"
2026-09-17T16:51:26.246Z,api-5446dc8d87-pd8xz,590a50a1-1613-4ea6-bdab-2f0b49230964,api,Running,True,1,1,0,"{""api"": 0}","{""api"": ""running""}",5,desktop-control-plane,True,"{""desktop-control-plane"": true}"
2026-09-17T16:51:26.246Z,api-5446dc8d87-z5fmg,955b8ef4-49ab-4d42-b47e-3b056100fcdd,api,Running,True,1,1,0,"{""api"": 0}","{""api"": ""running""}",5,desktop-control-plane,True,"{""desktop-control-plane"": true}"
2026-09-17T16:51:26.246Z,api-5446dc8d87-zv2xv,5d285df4-103f-4756-9250-4fab2ff3b637,api,Running,True,1,1,0,"{""api"": 0}","{""api"": ""running""}",5,desktop-control-plane,True,"{""desktop-control-plane"": true}"
2026-09-17T16:51:26.246Z,jaeger-7cc9b664cc-8zts5,66d6c19f-d2b0-40bb-bf1f-41667edf8656,jaeger,Running,True,1,1,0,"{""jaeger"": 0}","{""jaeger"": ""running""}",5,desktop-control-plane,True,"{""desktop-control-plane"": true}"
2026-09-17T16:51:26.246Z,otel-collector-7c765745bf-d64nd,e1d10cbf-afc3-415e-b996-9a271df63bf2,otel-collector,Running,True,1,1,0,"{""otel-collector"": 0}","{""otel-collector"": ""running""}",5,desktop-control-plane,True,"{""desktop-control-plane"": true}"
2026-09-17T16:51:26.246Z,postgres-676cc4986c-v8qxn,1bf14322-2c6f-423c-b80e-860c302c8460,postgres,Running,True,1,1,0,"{""postgres"": 0}","{""postgres"": ""running""}",5,desktop-control-plane,True,"{""desktop-control-plane"": true}"
2026-09-17T16:51:26.246Z,prometheus-59f5cf7468-7zcq5,e2dfb979-47ef-4b38-9873-7fc3eee70142,prometheus,Running,True,1,1,0,"{""prometheus"": 0}","{""prometheus"": ""running""}",5,desktop-control-plane,True,"{""desktop-control-plane"": true}"
2026-09-17T16:51:26.246Z,rabbitmq-5cdf8f76b7-bkvlg,6390bb39-0727-4ae9-88b4-23eb06cf28be,rabbitmq,Running,True,1,1,0,"{""rabbitmq"": 0}","{""rabbitmq"": ""running""}",5,desktop-control-plane,True,"{""desktop-control-plane"": true}"
2026-09-17T16:51:26.246Z,worker-57dcf48f69-tpt7l,05eef36a-55a7-4727-a795-7740fdc24f97,worker,Running,True,1,1,0,"{""worker"": 0}","{""worker"": ""running""}",5,desktop-control-plane,True,"{""desktop-control-plane"": true}"
2026-09-17T16:51:31.246Z,api-5446dc8d87-6l9mv,9246cf39-f267-4f44-bc84-2767b1b72c59,api,Running,True,1,1,0,"{""api"": 0}","{""api"": ""running""}",5,desktop-control-plane,True,"{""desktop-control-plane"": true}"
2026-09-17T16:51:31.246Z,api-5446dc8d87-fhljf,49d57088-dd32-4f1c-a991-51b5d68dc0b7,api,Running,True,1,1,0,"{""api"": 0}","{""api"": ""running""}",5,desktop-control-plane,True,"{""desktop-control-plane"": true}"
2026-09-17T16:51:31.246Z,api-5446dc8d87-pd8xz,590a50a1-1613-4ea6-bdab-2f0b49230964,api,Running,True,1,1,0,"{""api"": 0}","{""api"": ""running""}",5,desktop-control-plane,True,"{""desktop-control-plane"": true}"
2026-09-17T16:51:31.246Z,api-5446dc8d87-z5fmg,955b8ef4-49ab-4d42-b47e-3b056100fcdd,api,Running,True,1,1,0,"{""api"": 0}","{""api"": ""running""}",5,desktop-control-plane,True,"{""desktop-control-plane"": true}"
2026-09-17T16:51:31.246Z,api-5446dc8d87-zv2xv,5d285df4-103f-4756-9250-4fab2ff3b637,api,Running,True,1,1,0,"{""api"": 0}","{""api"": ""running""}",5,desktop-control-plane,True,"{""desktop-control-plane"": true}"
2026-09-17T16:51:31.246Z,jaeger-7cc9b664cc-8zts5,66d6c19f-d2b0-40bb-bf1f-41667edf8656,jaeger,Running,True,1,1,0,"{""jaeger"": 0}","{""jaeger"": ""running""}",5,desktop-control-plane,True,"{""desktop-control-plane"": true}"
2026-09-17T16:51:31.246Z,otel-collector-7c765745bf-d64nd,e1d10cbf-afc3-415e-b996-9a271df63bf2,otel-collector,Running,True,1,1,0,"{""otel-collector"": 0}","{""otel-collector"": ""running""}",5,desktop-control-plane,True,"{""desktop-control-plane"": true}"
2026-09-17T16:51:31.246Z,postgres-676cc4986c-v8qxn,1bf14322-2c6f-423c-b80e-860c302c8460,postgres,Running,True,1,1,0,"{""postgres"": 0}","{""postgres"": ""running""}",5,desktop-control-plane,True,"{""desktop-control-plane"": true}"
2026-09-17T16:51:31.246Z,prometheus-59f5cf7468-7zcq5,e2dfb979-47ef-4b38-9873-7fc3eee70142,prometheus,Running,True,1,1,0,"{""prometheus"": 0}","{""prometheus"": ""running""}",5,desktop-control-plane,True,"{""desktop-control-plane"": true}"
2026-09-17T16:51:31.246Z,rabbitmq-5cdf8f76b7-bkvlg,6390bb39-0727-4ae9-88b4-23eb06cf28be,rabbitmq,Running,True,1,1,0,"{""rabbitmq"": 0}","{""rabbitmq"": ""running""}",5,desktop-control-plane,True,"{""desktop-control-plane"": true}"
2026-09-17T16:51:31.246Z,worker-57dcf48f69-tpt7l,05eef36a-55a7-4727-a795-7740fdc24f97,worker,Running,True,1,1,0,"{""worker"": 0}","{""worker"": ""running""}",5,desktop-control-plane,True,"{""desktop-control-plane"": true}"
2026-09-17T16:51:36.247Z,api-5446dc8d87-6l9mv,9246cf39-f267-4f44-bc84-2767b1b72c59,api,Running,True,1,1,0,"{""api"": 0}","{""api"": ""running""}",5,desktop-control-plane,True,"{""desktop-control-plane"": true}"
2026-09-17T16:51:36.247Z,api-5446dc8d87-fhljf,49d57088-dd32-4f1c-a991-51b5d68dc0b7,api,Running,True,1,1,0,"{""api"": 0}","{""api"": ""running""}",5,desktop-control-plane,True,"{""desktop-control-plane"": true}"
2026-09-17T16:51:36.247Z,api-5446dc8d87-pd8xz,590a50a1-1613-4ea6-bdab-2f0b49230964,api,Running,True,1,1,0,"{""api"": 0}","{""api"": ""running""}",5,desktop-control-plane,True,"{""desktop-control-plane"": true}"
2026-09-17T16:51:36.247Z,api-5446dc8d87-z5fmg,955b8ef4-49ab-4d42-b47e-3b056100fcdd,api,Running,True,1,1,0,"{""api"": 0}","{""api"": ""running""}",5,desktop-control-plane,True,"{""desktop-control-plane"": true}"
2026-09-17T16:51:36.247Z,api-5446dc8d87-zv2xv,5d285df4-103f-4756-9250-4fab2ff3b637,api,Running,True,1,1,0,"{""api"": 0}","{""api"": ""running""}",5,desktop-control-plane,True,"{""desktop-control-plane"": true}"
2026-09-17T16:51:36.247Z,jaeger-7cc9b664cc-8zts5,66d6c19f-d2b0-40bb-bf1f-41667edf8656,jaeger,Running,True,1,1,0,"{""jaeger"": 0}","{""jaeger"": ""running""}",5,desktop-control-plane,True,"{""desktop-control-plane"": true}"
2026-09-17T16:51:36.247Z,otel-collector-7c765745bf-d64nd,e1d10cbf-afc3-415e-b996-9a271df63bf2,otel-collector,Running,True,1,1,0,"{""otel-collector"": 0}","{""otel-collector"": ""running""}",5,desktop-control-plane,True,"{""desktop-control-plane"": true}"
2026-09-17T16:51:36.247Z,postgres-676cc4986c-v8qxn,1bf14322-2c6f-423c-b80e-860c302c8460,postgres,Running,True,1,1,0,"{""postgres"": 0}","{""postgres"": ""running""}",5,desktop-control-plane,True,"{""desktop-control-plane"": true}"
2026-09-17T16:51:36.247Z,prometheus-59f5cf7468-7zcq5,e2dfb979-47ef-4b38-9873-7fc3eee70142,prometheus,Running,True,1,1,0,"{""prometheus"": 0}","{""prometheus"": ""running""}",5,desktop-control-plane,True,"{""desktop-control-plane"": true}"
2026-09-17T16:51:36.247Z,rabbitmq-5cdf8f76b7-bkvlg,6390bb39-0727-4ae9-88b4-23eb06cf28be,rabbitmq,Running,True,1,1,0,"{""rabbitmq"": 0}","{""rabbitmq"": ""running""}",5,desktop-control-plane,True,"{""desktop-control-plane"": true}"
2026-09-17T16:51:36.247Z,worker-57dcf48f69-tpt7l,05eef36a-55a7-4727-a795-7740fdc24f97,worker,Running,True,1,1,0,"{""worker"": 0}","{""worker"": ""running""}",5,desktop-control-plane,True,"{""desktop-control-plane"": true}"
2026-09-17T16:51:41.247Z,api-5446dc8d87-6l9mv,9246cf39-f267-4f44-bc84-2767b1b72c59,api,Running,True,1,1,0,"{""api"": 0}","{""api"": ""running""}",5,desktop-control-plane,True,"{""desktop-control-plane"": true}"
2026-09-17T16:51:41.247Z,api-5446dc8d87-fhljf,49d57088-dd32-4f1c-a991-51b5d68dc0b7,api,Running,True,1,1,0,"{""api"": 0}","{""api"": ""running""}",5,desktop-control-plane,True,"{""desktop-control-plane"": true}"
2026-09-17T16:51:41.247Z,api-5446dc8d87-pd8xz,590a50a1-1613-4ea6-bdab-2f0b49230964,api,Running,True,1,1,0,"{""api"": 0}","{""api"": ""running""}",5,desktop-control-plane,True,"{""desktop-control-plane"": true}"
2026-09-17T16:51:41.247Z,api-5446dc8d87-z5fmg,955b8ef4-49ab-4d42-b47e-3b056100fcdd,api,Running,True,1,1,0,"{""api"": 0}","{""api"": ""running""}",5,desktop-control-plane,True,"{""desktop-control-plane"": true}"
2026-09-17T16:51:41.247Z,api-5446dc8d87-zv2xv,5d285df4-103f-4756-9250-4fab2ff3b637,api,Running,True,1,1,0,"{""api"": 0}","{""api"": ""running""}",5,desktop-control-plane,True,"{""desktop-control-plane"": true}"
2026-09-17T16:51:41.247Z,jaeger-7cc9b664cc-8zts5,66d6c19f-d2b0-40bb-bf1f-41667edf8656,jaeger,Running,True,1,1,0,"{""jaeger"": 0}","{""jaeger"": ""running""}",5,desktop-control-plane,True,"{""desktop-control-plane"": true}"
2026-09-17T16:51:41.247Z,otel-collector-7c765745bf-d64nd,e1d10cbf-afc3-415e-b996-9a271df63bf2,otel-collector,Running,True,1,1,0,"{""otel-collector"": 0}","{""otel-collector"": ""running""}",5,desktop-control-plane,True,"{""desktop-control-plane"": true}"
2026-09-17T16:51:41.247Z,postgres-676cc4986c-v8qxn,1bf14322-2c6f-423c-b80e-860c302c8460,postgres,Running,True,1,1,0,"{""postgres"": 0}","{""postgres"": ""running""}",5,desktop-control-plane,True,"{""desktop-control-plane"": true}"
2026-09-17T16:51:41.247Z,prometheus-59f5cf7468-7zcq5,e2dfb979-47ef-4b38-9873-7fc3eee70142,prometheus,Running,True,1,1,0,"{""prometheus"": 0}","{""prometheus"": ""running""}",5,desktop-control-plane,True,"{""desktop-control-plane"": true}"
2026-09-17T16:51:41.247Z,rabbitmq-5cdf8f76b7-bkvlg,6390bb39-0727-4ae9-88b4-23eb06cf28be,rabbitmq,Running,True,1,1,0,"{""rabbitmq"": 0}","{""rabbitmq"": ""running""}",5,desktop-control-plane,True,"{""desktop-control-plane"": true}"
2026-09-17T16:51:41.247Z,worker-57dcf48f69-tpt7l,05eef36a-55a7-4727-a795-7740fdc24f97,worker,Running,True,1,1,0,"{""worker"": 0}","{""worker"": ""running""}",5,desktop-control-plane,True,"{""desktop-control-plane"": true}"
2026-09-17T16:51:46.247Z,api-5446dc8d87-6l9mv,9246cf39-f267-4f44-bc84-2767b1b72c59,api,Running,True,1,1,0,"{""api"": 0}","{""api"": ""running""}",5,desktop-control-plane,True,"{""desktop-control-plane"": true}"
2026-09-17T16:51:46.247Z,api-5446dc8d87-fhljf,49d57088-dd32-4f1c-a991-51b5d68dc0b7,api,Running,True,1,1,0,"{""api"": 0}","{""api"": ""running""}",5,desktop-control-plane,True,"{""desktop-control-plane"": true}"
2026-09-17T16:51:46.247Z,api-5446dc8d87-pd8xz,590a50a1-1613-4ea6-bdab-2f0b49230964,api,Running,True,1,1,0,"{""api"": 0}","{""api"": ""running""}",5,desktop-control-plane,True,"{""desktop-control-plane"": true}"
2026-09-17T16:51:46.247Z,api-5446dc8d87-z5fmg,955b8ef4-49ab-4d42-b47e-3b056100fcdd,api,Running,True,1,1,0,"{""api"": 0}","{""api"": ""running""}",5,desktop-control-plane,True,"{""desktop-control-plane"": true}"
2026-09-17T16:51:46.247Z,api-5446dc8d87-zv2xv,5d285df4-103f-4756-9250-4fab2ff3b637,api,Running,True,1,1,0,"{""api"": 0}","{""api"": ""running""}",5,desktop-control-plane,True,"{""desktop-control-plane"": true}"
2026-09-17T16:51:46.247Z,jaeger-7cc9b664cc-8zts5,66d6c19f-d2b0-40bb-bf1f-41667edf8656,jaeger,Running,True,1,1,0,"{""jaeger"": 0}","{""jaeger"": ""running""}",5,desktop-control-plane,True,"{""desktop-control-plane"": true}"
2026-09-17T16:51:46.247Z,otel-collector-7c765745bf-d64nd,e1d10cbf-afc3-415e-b996-9a271df63bf2,otel-collector,Running,True,1,1,0,"{""otel-collector"": 0}","{""otel-collector"": ""running""}",5,desktop-control-plane,True,"{""desktop-control-plane"": true}"
2026-09-17T16:51:46.247Z,postgres-676cc4986c-v8qxn,1bf14322-2c6f-423c-b80e-860c302c8460,postgres,Running,True,1,1,0,"{""postgres"": 0}","{""postgres"": ""running""}",5,desktop-control-plane,True,"{""desktop-control-plane"": true}"
2026-09-17T16:51:46.247Z,prometheus-59f5cf7468-7zcq5,e2dfb979-47ef-4b38-9873-7fc3eee70142,prometheus,Running,True,1,1,0,"{""prometheus"": 0}","{""prometheus"": ""running""}",5,desktop-control-plane,True,"{""desktop-control-plane"": true}"
2026-09-17T16:51:46.247Z,rabbitmq-5cdf8f76b7-bkvlg,6390bb39-0727-4ae9-88b4-23eb06cf28be,rabbitmq,Running,True,1,1,0,"{""rabbitmq"": 0}","{""rabbitmq"": ""running""}",5,desktop-control-plane,True,"{""desktop-control-plane"": true}"
2026-09-17T16:51:46.247Z,worker-57dcf48f69-tpt7l,05eef36a-55a7-4727-a795-7740fdc24f97,worker,Running,True,1,1,0,"{""worker"": 0}","{""worker"": ""running""}",5,desktop-control-plane,True,"{""desktop-control-plane"": true}"
2026-09-17T16:51:51.247Z,api-5446dc8d87-6l9mv,9246cf39-f267-4f44-bc84-2767b1b72c59,api,Running,True,1,1,0,"{""api"": 0}","{""api"": ""running""}",5,desktop-control-plane,True,"{""desktop-control-plane"": true}"
2026-09-17T16:51:51.247Z,api-5446dc8d87-fhljf,49d57088-dd32-4f1c-a991-51b5d68dc0b7,api,Running,True,1,1,0,"{""api"": 0}","{""api"": ""running""}",5,desktop-control-plane,True,"{""desktop-control-plane"": true}"
2026-09-17T16:51:51.247Z,api-5446dc8d87-pd8xz,590a50a1-1613-4ea6-bdab-2f0b49230964,api,Running,True,1,1,0,"{""api"": 0}","{""api"": ""running""}",5,desktop-control-plane,True,"{""desktop-control-plane"": true}"
2026-09-17T16:51:51.247Z,api-5446dc8d87-z5fmg,955b8ef4-49ab-4d42-b47e-3b056100fcdd,api,Running,True,1,1,0,"{""api"": 0}","{""api"": ""running""}",5,desktop-control-plane,True,"{""desktop-control-plane"": true}"
2026-09-17T16:51:51.247Z,api-5446dc8d87-zv2xv,5d285df4-103f-4756-9250-4fab2ff3b637,api,Running,True,1,1,0,"{""api"": 0}","{""api"": ""running""}",5,desktop-control-plane,True,"{""desktop-control-plane"": true}"
2026-09-17T16:51:51.247Z,jaeger-7cc9b664cc-8zts5,66d6c19f-d2b0-40bb-bf1f-41667edf8656,jaeger,Running,True,1,1,0,"{""jaeger"": 0}","{""jaeger"": ""running""}",5,desktop-control-plane,True,"{""desktop-control-plane"": true}"
2026-09-17T16:51:51.247Z,otel-collector-7c765745bf-d64nd,e1d10cbf-afc3-415e-b996-9a271df63bf2,otel-collector,Running,True,1,1,0,"{""otel-collector"": 0}","{""otel-collector"": ""running""}",5,desktop-control-plane,True,"{""desktop-control-plane"": true}"
2026-09-17T16:51:51.247Z,postgres-676cc4986c-v8qxn,1bf14322-2c6f-423c-b80e-860c302c8460,postgres,Running,True,1,1,0,"{""postgres"": 0}","{""postgres"": ""running""}",5,desktop-control-plane,True,"{""desktop-control-plane"": true}"
2026-09-17T16:51:51.247Z,prometheus-59f5cf7468-7zcq5,e2dfb979-47ef-4b38-9873-7fc3eee70142,prometheus,Running,True,1,1,0,"{""prometheus"": 0}","{""prometheus"": ""running""}",5,desktop-control-plane,True,"{""desktop-control-plane"": true}"
2026-09-17T16:51:51.247Z,rabbitmq-5cdf8f76b7-bkvlg,6390bb39-0727-4ae9-88b4-23eb06cf28be,rabbitmq,Running,True,1,1,0,"{""rabbitmq"": 0}","{""rabbitmq"": ""running""}",5,desktop-control-plane,True,"{""desktop-control-plane"": true}"
2026-09-17T16:51:51.247Z,worker-57dcf48f69-tpt7l,05eef36a-55a7-4727-a795-7740fdc24f97,worker,Running,True,1,1,0,"{""worker"": 0}","{""worker"": ""running""}",5,desktop-control-plane,True,"{""desktop-control-plane"": true}"
2026-09-17T16:51:56.247Z,api-5446dc8d87-6l9mv,9246cf39-f267-4f44-bc84-2767b1b72c59,api,Running,True,1,1,0,"{""api"": 0}","{""api"": ""running""}",5,desktop-control-plane,True,"{""desktop-control-plane"": true}"
2026-09-17T16:51:56.247Z,api-5446dc8d87-fhljf,49d57088-dd32-4f1c-a991-51b5d68dc0b7,api,Running,True,1,1,0,"{""api"": 0}","{""api"": ""running""}",5,desktop-control-plane,True,"{""desktop-control-plane"": true}"
2026-09-17T16:51:56.247Z,api-5446dc8d87-pd8xz,590a50a1-1613-4ea6-bdab-2f0b49230964,api,Running,True,1,1,0,"{""api"": 0}","{""api"": ""running""}",5,desktop-control-plane,True,"{""desktop-control-plane"": true}"
2026-09-17T16:51:56.247Z,api-5446dc8d87-z5fmg,955b8ef4-49ab-4d42-b47e-3b056100fcdd,api,Running,True,1,1,0,"{""api"": 0}","{""api"": ""running""}",5,desktop-control-plane,True,"{""desktop-control-plane"": true}"
2026-09-17T16:51:56.247Z,api-5446dc8d87-zv2xv,5d285df4-103f-4756-9250-4fab2ff3b637,api,Running,True,1,1,0,"{""api"": 0}","{""api"": ""running""}",5,desktop-control-plane,True,"{""desktop-control-plane"": true}"
2026-09-17T16:51:56.247Z,jaeger-7cc9b664cc-8zts5,66d6c19f-d2b0-40bb-bf1f-41667edf8656,jaeger,Running,True,1,1,0,"{""jaeger"": 0}","{""jaeger"": ""running""}",5,desktop-control-plane,True,"{""desktop-control-plane"": true}"
2026-09-17T16:51:56.247Z,otel-collector-7c765745bf-d64nd,e1d10cbf-afc3-415e-b996-9a271df63bf2,otel-collector,Running,True,1,1,0,"{""otel-collector"": 0}","{""otel-collector"": ""running""}",5,desktop-control-plane,True,"{""desktop-control-plane"": true}"
2026-09-17T16:51:56.247Z,postgres-676cc4986c-v8qxn,1bf14322-2c6f-423c-b80e-860c302c8460,postgres,Running,True,1,1,0,"{""postgres"": 0}","{""postgres"": ""running""}",5,desktop-control-plane,True,"{""desktop-control-plane"": true}"
2026-09-17T16:51:56.247Z,prometheus-59f5cf7468-7zcq5,e2dfb979-47ef-4b38-9873-7fc3eee70142,prometheus,Running,True,1,1,0,"{""prometheus"": 0}","{""prometheus"": ""running""}",5,desktop-control-plane,True,"{""desktop-control-plane"": true}"
2026-09-17T16:51:56.247Z,rabbitmq-5cdf8f76b7-bkvlg,6390bb39-0727-4ae9-88b4-23eb06cf28be,rabbitmq,Running,True,1,1,0,"{""rabbitmq"": 0}","{""rabbitmq"": ""running""}",5,desktop-control-plane,True,"{""desktop-control-plane"": true}"
2026-09-17T16:51:56.247Z,worker-57dcf48f69-tpt7l,05eef36a-55a7-4727-a795-7740fdc24f97,worker,Running,True,1,1,0,"{""worker"": 0}","{""worker"": ""running""}",5,desktop-control-plane,True,"{""desktop-control-plane"": true}"
2026-09-17T16:52:01.247Z,api-5446dc8d87-6l9mv,9246cf39-f267-4f44-bc84-2767b1b72c59,api,Running,True,1,1,0,"{""api"": 0}","{""api"": ""running""}",5,desktop-control-plane,True,"{""desktop-control-plane"": true}"
2026-09-17T16:52:01.247Z,api-5446dc8d87-fhljf,49d57088-dd32-4f1c-a991-51b5d68dc0b7,api,Running,True,1,1,0,"{""api"": 0}","{""api"": ""running""}",5,desktop-control-plane,True,"{""desktop-control-plane"": true}"
2026-09-17T16:52:01.247Z,api-5446dc8d87-pd8xz,590a50a1-1613-4ea6-bdab-2f0b49230964,api,Running,True,1,1,0,"{""api"": 0}","{""api"": ""running""}",5,desktop-control-plane,True,"{""desktop-control-plane"": true}"
2026-09-17T16:52:01.247Z,api-5446dc8d87-z5fmg,955b8ef4-49ab-4d42-b47e-3b056100fcdd,api,Running,True,1,1,0,"{""api"": 0}","{""api"": ""running""}",5,desktop-control-plane,True,"{""desktop-control-plane"": true}"
2026-09-17T16:52:01.247Z,api-5446dc8d87-zv2xv,5d285df4-103f-4756-9250-4fab2ff3b637,api,Running,True,1,1,0,"{""api"": 0}","{""api"": ""running""}",5,desktop-control-plane,True,"{""desktop-control-plane"": true}"
2026-09-17T16:52:01.247Z,jaeger-7cc9b664cc-8zts5,66d6c19f-d2b0-40bb-bf1f-41667edf8656,jaeger,Running,True,1,1,0,"{""jaeger"": 0}","{""jaeger"": ""running""}",5,desktop-control-plane,True,"{""desktop-control-plane"": true}"
2026-09-17T16:52:01.247Z,otel-collector-7c765745bf-d64nd,e1d10cbf-afc3-415e-b996-9a271df63bf2,otel-collector,Running,True,1,1,0,"{""otel-collector"": 0}","{""otel-collector"": ""running""}",5,desktop-control-plane,True,"{""desktop-control-plane"": true}"
2026-09-17T16:52:01.247Z,postgres-676cc4986c-v8qxn,1bf14322-2c6f-423c-b80e-860c302c8460,postgres,Running,True,1,1,0,"{""postgres"": 0}","{""postgres"": ""running""}",5,desktop-control-plane,True,"{""desktop-control-plane"": true}"
2026-09-17T16:52:01.247Z,prometheus-59f5cf7468-7zcq5,e2dfb979-47ef-4b38-9873-7fc3eee70142,prometheus,Running,True,1,1,0,"{""prometheus"": 0}","{""prometheus"": ""running""}",5,desktop-control-plane,True,"{""desktop-control-plane"": true}"
2026-09-17T16:52:01.247Z,rabbitmq-5cdf8f76b7-bkvlg,6390bb39-0727-4ae9-88b4-23eb06cf28be,rabbitmq,Running,True,1,1,0,"{""rabbitmq"": 0}","{""rabbitmq"": ""running""}",5,desktop-control-plane,True,"{""desktop-control-plane"": true}"
2026-09-17T16:52:01.247Z,worker-57dcf48f69-tpt7l,05eef36a-55a7-4727-a795-7740fdc24f97,worker,Running,True,1,1,0,"{""worker"": 0}","{""worker"": ""running""}",5,desktop-control-plane,True,"{""desktop-control-plane"": true}"
2026-09-17T16:52:06.248Z,api-5446dc8d87-6l9mv,9246cf39-f267-4f44-bc84-2767b1b72c59,api,Running,True,1,1,0,"{""api"": 0}","{""api"": ""running""}",5,desktop-control-plane,True,"{""desktop-control-plane"": true}"
2026-09-17T16:52:06.248Z,api-5446dc8d87-fhljf,49d57088-dd32-4f1c-a991-51b5d68dc0b7,api,Running,True,1,1,0,"{""api"": 0}","{""api"": ""running""}",5,desktop-control-plane,True,"{""desktop-control-plane"": true}"
2026-09-17T16:52:06.248Z,api-5446dc8d87-pd8xz,590a50a1-1613-4ea6-bdab-2f0b49230964,api,Running,True,1,1,0,"{""api"": 0}","{""api"": ""running""}",5,desktop-control-plane,True,"{""desktop-control-plane"": true}"
2026-09-17T16:52:06.248Z,api-5446dc8d87-z5fmg,955b8ef4-49ab-4d42-b47e-3b056100fcdd,api,Running,True,1,1,0,"{""api"": 0}","{""api"": ""running""}",5,desktop-control-plane,True,"{""desktop-control-plane"": true}"
2026-09-17T16:52:06.248Z,api-5446dc8d87-zv2xv,5d285df4-103f-4756-9250-4fab2ff3b637,api,Running,True,1,1,0,"{""api"": 0}","{""api"": ""running""}",5,desktop-control-plane,True,"{""desktop-control-plane"": true}"
2026-09-17T16:52:06.248Z,jaeger-7cc9b664cc-8zts5,66d6c19f-d2b0-40bb-bf1f-41667edf8656,jaeger,Running,True,1,1,0,"{""jaeger"": 0}","{""jaeger"": ""running""}",5,desktop-control-plane,True,"{""desktop-control-plane"": true}"
2026-09-17T16:52:06.248Z,otel-collector-7c765745bf-d64nd,e1d10cbf-afc3-415e-b996-9a271df63bf2,otel-collector,Running,True,1,1,0,"{""otel-collector"": 0}","{""otel-collector"": ""running""}",5,desktop-control-plane,True,"{""desktop-control-plane"": true}"
2026-09-17T16:52:06.248Z,postgres-676cc4986c-v8qxn,1bf14322-2c6f-423c-b80e-860c302c8460,postgres,Running,True,1,1,0,"{""postgres"": 0}","{""postgres"": ""running""}",5,desktop-control-plane,True,"{""desktop-control-plane"": true}"
2026-09-17T16:52:06.248Z,prometheus-59f5cf7468-7zcq5,e2dfb979-47ef-4b38-9873-7fc3eee70142,prometheus,Running,True,1,1,0,"{""prometheus"": 0}","{""prometheus"": ""running""}",5,desktop-control-plane,True,"{""desktop-control-plane"": true}"
2026-09-17T16:52:06.248Z,rabbitmq-5cdf8f76b7-bkvlg,6390bb39-0727-4ae9-88b4-23eb06cf28be,rabbitmq,Running,True,1,1,0,"{""rabbitmq"": 0}","{""rabbitmq"": ""running""}",5,desktop-control-plane,True,"{""desktop-control-plane"": true}"
2026-09-17T16:52:06.248Z,worker-57dcf48f69-tpt7l,05eef36a-55a7-4727-a795-7740fdc24f97,worker,Running,True,1,1,0,"{""worker"": 0}","{""worker"": ""running""}",5,desktop-control-plane,True,"{""desktop-control-plane"": true}"
