timestamp,pod,app,phase,pod_ready,ready_containers,total_containers,restart_count,container_restarts,container_states,api_pod_count,node,all_nodes_ready,node_states
2026-09-09T17:40:09.361Z,api-6b9869b78-28xn9,api,Running,True,1,1,0,"{""api"": 0}","{""api"": ""running""}",1,desktop-control-plane,True,"{""desktop-control-plane"": true}"
2026-09-09T17:40:09.361Z,jaeger-7cc9b664cc-6bwgk,jaeger,Running,True,1,1,0,"{""jaeger"": 0}","{""jaeger"": ""running""}",1,desktop-control-plane,True,"{""desktop-control-plane"": true}"
2026-09-09T17:40:09.361Z,otel-collector-7c765745bf-x2wsq,otel-collector,Running,True,1,1,0,"{""otel-collector"": 0}","{""otel-collector"": ""running""}",1,desktop-control-plane,True,"{""desktop-control-plane"": true}"
2026-09-09T17:40:09.361Z,postgres-676cc4986c-8r7v5,postgres,Running,True,1,1,0,"{""postgres"": 0}","{""postgres"": ""running""}",1,desktop-control-plane,True,"{""desktop-control-plane"": true}"
2026-09-09T17:40:09.361Z,prometheus-59f5cf7468-qk6t6,prometheus,Running,True,1,1,0,"{""prometheus"": 0}","{""prometheus"": ""running""}",1,desktop-control-plane,True,"{""desktop-control-plane"": true}"
2026-09-09T17:40:09.361Z,rabbitmq-5cdf8f76b7-ftmdd,rabbitmq,Running,True,1,1,0,"{""rabbitmq"": 0}","{""rabbitmq"": ""running""}",1,desktop-control-plane,True,"{""desktop-control-plane"": true}"
2026-09-09T17:40:09.361Z,worker-56d7bdf6b4-8hz8f,worker,Running,True,1,1,0,"{""worker"": 0}","{""worker"": ""running""}",1,desktop-control-plane,True,"{""desktop-control-plane"": true}"
2026-09-09T17:40:14.361Z,api-6b9869b78-28xn9,api,Running,True,1,1,0,"{""api"": 0}","{""api"": ""running""}",1,desktop-control-plane,True,"{""desktop-control-plane"": true}"
2026-09-09T17:40:14.361Z,jaeger-7cc9b664cc-6bwgk,jaeger,Running,True,1,1,0,"{""jaeger"": 0}","{""jaeger"": ""running""}",1,desktop-control-plane,True,"{""desktop-control-plane"": true}"
2026-09-09T17:40:14.361Z,otel-collector-7c765745bf-x2wsq,otel-collector,Running,True,1,1,0,"{""otel-collector"": 0}","{""otel-collector"": ""running""}",1,desktop-control-plane,True,"{""desktop-control-plane"": true}"
2026-09-09T17:40:14.361Z,postgres-676cc4986c-8r7v5,postgres,Running,True,1,1,0,"{""postgres"": 0}","{""postgres"": ""running""}",1,desktop-control-plane,True,"{""desktop-control-plane"": true}"
2026-09-09T17:40:14.361Z,prometheus-59f5cf7468-qk6t6,prometheus,Running,True,1,1,0,"{""prometheus"": 0}","{""prometheus"": ""running""}",1,desktop-control-plane,True,"{""desktop-control-plane"": true}"
2026-09-09T17:40:14.361Z,rabbitmq-5cdf8f76b7-ftmdd,rabbitmq,Running,True,1,1,0,"{""rabbitmq"": 0}","{""rabbitmq"": ""running""}",1,desktop-control-plane,True,"{""desktop-control-plane"": true}"
2026-09-09T17:40:14.361Z,worker-56d7bdf6b4-8hz8f,worker,Running,True,1,1,0,"{""worker"": 0}","{""worker"": ""running""}",1,desktop-control-plane,True,"{""desktop-control-plane"": true}"
2026-09-09T17:40:19.362Z,api-6b9869b78-28xn9,api,Running,True,1,1,0,"{""api"": 0}","{""api"": ""running""}",1,desktop-control-plane,True,"{""desktop-control-plane"": true}"
2026-09-09T17:40:19.362Z,jaeger-7cc9b664cc-6bwgk,jaeger,Running,True,1,1,0,"{""jaeger"": 0}","{""jaeger"": ""running""}",1,desktop-control-plane,True,"{""desktop-control-plane"": true}"
2026-09-09T17:40:19.362Z,otel-collector-7c765745bf-x2wsq,otel-collector,Running,True,1,1,0,"{""otel-collector"": 0}","{""otel-collector"": ""running""}",1,desktop-control-plane,True,"{""desktop-control-plane"": true}"
2026-09-09T17:40:19.362Z,postgres-676cc4986c-8r7v5,postgres,Running,True,1,1,0,"{""postgres"": 0}","{""postgres"": ""running""}",1,desktop-control-plane,True,"{""desktop-control-plane"": true}"
2026-09-09T17:40:19.362Z,prometheus-59f5cf7468-qk6t6,prometheus,Running,True,1,1,0,"{""prometheus"": 0}","{""prometheus"": ""running""}",1,desktop-control-plane,True,"{""desktop-control-plane"": true}"
2026-09-09T17:40:19.362Z,rabbitmq-5cdf8f76b7-ftmdd,rabbitmq,Running,True,1,1,0,"{""rabbitmq"": 0}","{""rabbitmq"": ""running""}",1,desktop-control-plane,True,"{""desktop-control-plane"": true}"
2026-09-09T17:40:19.362Z,worker-56d7bdf6b4-8hz8f,worker,Running,True,1,1,0,"{""worker"": 0}","{""worker"": ""running""}",1,desktop-control-plane,True,"{""desktop-control-plane"": true}"
2026-09-09T17:40:24.362Z,api-6b9869b78-28xn9,api,Running,True,1,1,0,"{""api"": 0}","{""api"": ""running""}",1,desktop-control-plane,True,"{""desktop-control-plane"": true}"
2026-09-09T17:40:24.362Z,jaeger-7cc9b664cc-6bwgk,jaeger,Running,True,1,1,0,"{""jaeger"": 0}","{""jaeger"": ""running""}",1,desktop-control-plane,True,"{""desktop-control-plane"": true}"
2026-09-09T17:40:24.362Z,otel-collector-7c765745bf-x2wsq,otel-collector,Running,True,1,1,0,"{""otel-collector"": 0}","{""otel-collector"": ""running""}",1,desktop-control-plane,True,"{""desktop-control-plane"": true}"
2026-09-09T17:40:24.362Z,postgres-676cc4986c-8r7v5,postgres,Running,True,1,1,0,"{""postgres"": 0}","{""postgres"": ""running""}",1,desktop-control-plane,True,"{""desktop-control-plane"": true}"
2026-09-09T17:40:24.362Z,prometheus-59f5cf7468-qk6t6,prometheus,Running,True,1,1,0,"{""prometheus"": 0}","{""prometheus"": ""running""}",1,desktop-control-plane,True,"{""desktop-control-plane"": true}"
2026-09-09T17:40:24.362Z,rabbitmq-5cdf8f76b7-ftmdd,rabbitmq,Running,True,1,1,0,"{""rabbitmq"": 0}","{""rabbitmq"": ""running""}",1,desktop-control-plane,True,"{""desktop-control-plane"": true}"
2026-09-09T17:40:24.362Z,worker-56d7bdf6b4-8hz8f,worker,Running,True,1,1,0,"{""worker"": 0}","{""worker"": ""running""}",1,desktop-control-plane,True,"{""desktop-control-plane"": true}"
2026-09-09T17:40:29.362Z,api-6b9869b78-28xn9,api,Running,True,1,1,0,"{""api"": 0}","{""api"": ""running""}",1,desktop-control-plane,True,"{""desktop-control-plane"": true}"
2026-09-09T17:40:29.362Z,jaeger-7cc9b664cc-6bwgk,jaeger,Running,True,1,1,0,"{""jaeger"": 0}","{""jaeger"": ""running""}",1,desktop-control-plane,True,"{""desktop-control-plane"": true}"
2026-09-09T17:40:29.362Z,otel-collector-7c765745bf-x2wsq,otel-collector,Running,True,1,1,0,"{""otel-collector"": 0}","{""otel-collector"": ""running""}",1,desktop-control-plane,True,"{""desktop-control-plane"": true}"
2026-09-09T17:40:29.362Z,postgres-676cc4986c-8r7v5,postgres,Running,True,1,1,0,"{""postgres"": 0}","{""postgres"": ""running""}",1,desktop-control-plane,True,"{""desktop-control-plane"": true}"
2026-09-09T17:40:29.362Z,prometheus-59f5cf7468-qk6t6,prometheus,Running,True,1,1,0,"{""prometheus"": 0}","{""prometheus"": ""running""}",1,desktop-control-plane,True,"{""desktop-control-plane"": true}"
2026-09-09T17:40:29.362Z,rabbitmq-5cdf8f76b7-ftmdd,rabbitmq,Running,True,1,1,0,"{""rabbitmq"": 0}","{""rabbitmq"": ""running""}",1,desktop-control-plane,True,"{""desktop-control-plane"": true}"
2026-09-09T17:40:29.362Z,worker-56d7bdf6b4-8hz8f,worker,Running,True,1,1,0,"{""worker"": 0}","{""worker"": ""running""}",1,desktop-control-plane,True,"{""desktop-control-plane"": true}"
2026-09-09T17:40:34.363Z,api-6b9869b78-28xn9,api,Running,True,1,1,0,"{""api"": 0}","{""api"": ""running""}",1,desktop-control-plane,True,"{""desktop-control-plane"": true}"
2026-09-09T17:40:34.363Z,jaeger-7cc9b664cc-6bwgk,jaeger,Running,True,1,1,0,"{""jaeger"": 0}","{""jaeger"": ""running""}",1,desktop-control-plane,True,"{""desktop-control-plane"": true}"
2026-09-09T17:40:34.363Z,otel-collector-7c765745bf-x2wsq,otel-collector,Running,True,1,1,0,"{""otel-collector"": 0}","{""otel-collector"": ""running""}",1,desktop-control-plane,True,"{""desktop-control-plane"": true}"
2026-09-09T17:40:34.363Z,postgres-676cc4986c-8r7v5,postgres,Running,True,1,1,0,"{""postgres"": 0}","{""postgres"": ""running""}",1,desktop-control-plane,True,"{""desktop-control-plane"": true}"
2026-09-09T17:40:34.363Z,prometheus-59f5cf7468-qk6t6,prometheus,Running,True,1,1,0,"{""prometheus"": 0}","{""prometheus"": ""running""}",1,desktop-control-plane,True,"{""desktop-control-plane"": true}"
2026-09-09T17:40:34.363Z,rabbitmq-5cdf8f76b7-ftmdd,rabbitmq,Running,True,1,1,0,"{""rabbitmq"": 0}","{""rabbitmq"": ""running""}",1,desktop-control-plane,True,"{""desktop-control-plane"": true}"
2026-09-09T17:40:34.363Z,worker-56d7bdf6b4-8hz8f,worker,Running,True,1,1,0,"{""worker"": 0}","{""worker"": ""running""}",1,desktop-control-plane,True,"{""desktop-control-plane"": true}"
2026-09-09T17:40:39.364Z,api-6b9869b78-28xn9,api,Running,True,1,1,0,"{""api"": 0}","{""api"": ""running""}",1,desktop-control-plane,True,"{""desktop-control-plane"": true}"
2026-09-09T17:40:39.364Z,jaeger-7cc9b664cc-6bwgk,jaeger,Running,True,1,1,0,"{""jaeger"": 0}","{""jaeger"": ""running""}",1,desktop-control-plane,True,"{""desktop-control-plane"": true}"
2026-09-09T17:40:39.364Z,otel-collector-7c765745bf-x2wsq,otel-collector,Running,True,1,1,0,"{""otel-collector"": 0}","{""otel-collector"": ""running""}",1,desktop-control-plane,True,"{""desktop-control-plane"": true}"
2026-09-09T17:40:39.364Z,postgres-676cc4986c-8r7v5,postgres,Running,True,1,1,0,"{""postgres"": 0}","{""postgres"": ""running""}",1,desktop-control-plane,True,"{""desktop-control-plane"": true}"
2026-09-09T17:40:39.364Z,prometheus-59f5cf7468-qk6t6,prometheus,Running,True,1,1,0,"{""prometheus"": 0}","{""prometheus"": ""running""}",1,desktop-control-plane,True,"{""desktop-control-plane"": true}"
2026-09-09T17:40:39.364Z,rabbitmq-5cdf8f76b7-ftmdd,rabbitmq,Running,True,1,1,0,"{""rabbitmq"": 0}","{""rabbitmq"": ""running""}",1,desktop-control-plane,True,"{""desktop-control-plane"": true}"
2026-09-09T17:40:39.364Z,worker-56d7bdf6b4-8hz8f,worker,Running,True,1,1,0,"{""worker"": 0}","{""worker"": ""running""}",1,desktop-control-plane,True,"{""desktop-control-plane"": true}"
2026-09-09T17:40:44.364Z,api-6b9869b78-28xn9,api,Running,True,1,1,0,"{""api"": 0}","{""api"": ""running""}",1,desktop-control-plane,True,"{""desktop-control-plane"": true}"
2026-09-09T17:40:44.364Z,jaeger-7cc9b664cc-6bwgk,jaeger,Running,True,1,1,0,"{""jaeger"": 0}","{""jaeger"": ""running""}",1,desktop-control-plane,True,"{""desktop-control-plane"": true}"
2026-09-09T17:40:44.364Z,otel-collector-7c765745bf-x2wsq,otel-collector,Running,True,1,1,0,"{""otel-collector"": 0}","{""otel-collector"": ""running""}",1,desktop-control-plane,True,"{""desktop-control-plane"": true}"
2026-09-09T17:40:44.364Z,postgres-676cc4986c-8r7v5,postgres,Running,True,1,1,0,"{""postgres"": 0}","{""postgres"": ""running""}",1,desktop-control-plane,True,"{""desktop-control-plane"": true}"
2026-09-09T17:40:44.364Z,prometheus-59f5cf7468-qk6t6,prometheus,Running,True,1,1,0,"{""prometheus"": 0}","{""prometheus"": ""running""}",1,desktop-control-plane,True,"{""desktop-control-plane"": true}"
2026-09-09T17:40:44.364Z,rabbitmq-5cdf8f76b7-ftmdd,rabbitmq,Running,True,1,1,0,"{""rabbitmq"": 0}","{""rabbitmq"": ""running""}",1,desktop-control-plane,True,"{""desktop-control-plane"": true}"
2026-09-09T17:40:44.364Z,worker-56d7bdf6b4-8hz8f,worker,Running,True,1,1,0,"{""worker"": 0}","{""worker"": ""running""}",1,desktop-control-plane,True,"{""desktop-control-plane"": true}"
2026-09-09T17:40:49.364Z,api-6b9869b78-28xn9,api,Running,True,1,1,0,"{""api"": 0}","{""api"": ""running""}",1,desktop-control-plane,True,"{""desktop-control-plane"": true}"
2026-09-09T17:40:49.364Z,jaeger-7cc9b664cc-6bwgk,jaeger,Running,True,1,1,0,"{""jaeger"": 0}","{""jaeger"": ""running""}",1,desktop-control-plane,True,"{""desktop-control-plane"": true}"
2026-09-09T17:40:49.364Z,otel-collector-7c765745bf-x2wsq,otel-collector,Running,True,1,1,0,"{""otel-collector"": 0}","{""otel-collector"": ""running""}",1,desktop-control-plane,True,"{""desktop-control-plane"": true}"
2026-09-09T17:40:49.364Z,postgres-676cc4986c-8r7v5,postgres,Running,True,1,1,0,"{""postgres"": 0}","{""postgres"": ""running""}",1,desktop-control-plane,True,"{""desktop-control-plane"": true}"
2026-09-09T17:40:49.364Z,prometheus-59f5cf7468-qk6t6,prometheus,Running,True,1,1,0,"{""prometheus"": 0}","{""prometheus"": ""running""}",1,desktop-control-plane,True,"{""desktop-control-plane"": true}"
2026-09-09T17:40:49.364Z,rabbitmq-5cdf8f76b7-ftmdd,rabbitmq,Running,True,1,1,0,"{""rabbitmq"": 0}","{""rabbitmq"": ""running""}",1,desktop-control-plane,True,"{""desktop-control-plane"": true}"
2026-09-09T17:40:49.364Z,worker-56d7bdf6b4-8hz8f,worker,Running,True,1,1,0,"{""worker"": 0}","{""worker"": ""running""}",1,desktop-control-plane,True,"{""desktop-control-plane"": true}"
2026-09-09T17:40:54.365Z,api-6b9869b78-28xn9,api,Running,True,1,1,0,"{""api"": 0}","{""api"": ""running""}",1,desktop-control-plane,True,"{""desktop-control-plane"": true}"
2026-09-09T17:40:54.365Z,jaeger-7cc9b664cc-6bwgk,jaeger,Running,True,1,1,0,"{""jaeger"": 0}","{""jaeger"": ""running""}",1,desktop-control-plane,True,"{""desktop-control-plane"": true}"
2026-09-09T17:40:54.365Z,otel-collector-7c765745bf-x2wsq,otel-collector,Running,True,1,1,0,"{""otel-collector"": 0}","{""otel-collector"": ""running""}",1,desktop-control-plane,True,"{""desktop-control-plane"": true}"
2026-09-09T17:40:54.365Z,postgres-676cc4986c-8r7v5,postgres,Running,True,1,1,0,"{""postgres"": 0}","{""postgres"": ""running""}",1,desktop-control-plane,True,"{""desktop-control-plane"": true}"
2026-09-09T17:40:54.365Z,prometheus-59f5cf7468-qk6t6,prometheus,Running,True,1,1,0,"{""prometheus"": 0}","{""prometheus"": ""running""}",1,desktop-control-plane,True,"{""desktop-control-plane"": true}"
2026-09-09T17:40:54.365Z,rabbitmq-5cdf8f76b7-ftmdd,rabbitmq,Running,True,1,1,0,"{""rabbitmq"": 0}","{""rabbitmq"": ""running""}",1,desktop-control-plane,True,"{""desktop-control-plane"": true}"
2026-09-09T17:40:54.365Z,worker-56d7bdf6b4-8hz8f,worker,Running,True,1,1,0,"{""worker"": 0}","{""worker"": ""running""}",1,desktop-control-plane,True,"{""desktop-control-plane"": true}"
2026-09-09T17:40:59.365Z,api-6b9869b78-28xn9,api,Running,True,1,1,0,"{""api"": 0}","{""api"": ""running""}",1,desktop-control-plane,True,"{""desktop-control-plane"": true}"
2026-09-09T17:40:59.365Z,jaeger-7cc9b664cc-6bwgk,jaeger,Running,True,1,1,0,"{""jaeger"": 0}","{""jaeger"": ""running""}",1,desktop-control-plane,True,"{""desktop-control-plane"": true}"
2026-09-09T17:40:59.365Z,otel-collector-7c765745bf-x2wsq,otel-collector,Running,True,1,1,0,"{""otel-collector"": 0}","{""otel-collector"": ""running""}",1,desktop-control-plane,True,"{""desktop-control-plane"": true}"
2026-09-09T17:40:59.365Z,postgres-676cc4986c-8r7v5,postgres,Running,True,1,1,0,"{""postgres"": 0}","{""postgres"": ""running""}",1,desktop-control-plane,True,"{""desktop-control-plane"": true}"
2026-09-09T17:40:59.365Z,prometheus-59f5cf7468-qk6t6,prometheus,Running,True,1,1,0,"{""prometheus"": 0}","{""prometheus"": ""running""}",1,desktop-control-plane,True,"{""desktop-control-plane"": true}"
2026-09-09T17:40:59.365Z,rabbitmq-5cdf8f76b7-ftmdd,rabbitmq,Running,True,1,1,0,"{""rabbitmq"": 0}","{""rabbitmq"": ""running""}",1,desktop-control-plane,True,"{""desktop-control-plane"": true}"
2026-09-09T17:40:59.365Z,worker-56d7bdf6b4-8hz8f,worker,Running,True,1,1,0,"{""worker"": 0}","{""worker"": ""running""}",1,desktop-control-plane,True,"{""desktop-control-plane"": true}"
2026-09-09T17:41:04.365Z,api-6b9869b78-28xn9,api,Running,True,1,1,0,"{""api"": 0}","{""api"": ""running""}",1,desktop-control-plane,True,"{""desktop-control-plane"": true}"
2026-09-09T17:41:04.365Z,jaeger-7cc9b664cc-6bwgk,jaeger,Running,True,1,1,0,"{""jaeger"": 0}","{""jaeger"": ""running""}",1,desktop-control-plane,True,"{""desktop-control-plane"": true}"
2026-09-09T17:41:04.365Z,otel-collector-7c765745bf-x2wsq,otel-collector,Running,True,1,1,0,"{""otel-collector"": 0}","{""otel-collector"": ""running""}",1,desktop-control-plane,True,"{""desktop-control-plane"": true}"
2026-09-09T17:41:04.365Z,postgres-676cc4986c-8r7v5,postgres,Running,True,1,1,0,"{""postgres"": 0}","{""postgres"": ""running""}",1,desktop-control-plane,True,"{""desktop-control-plane"": true}"
2026-09-09T17:41:04.365Z,prometheus-59f5cf7468-qk6t6,prometheus,Running,True,1,1,0,"{""prometheus"": 0}","{""prometheus"": ""running""}",1,desktop-control-plane,True,"{""desktop-control-plane"": true}"
2026-09-09T17:41:04.365Z,rabbitmq-5cdf8f76b7-ftmdd,rabbitmq,Running,True,1,1,0,"{""rabbitmq"": 0}","{""rabbitmq"": ""running""}",1,desktop-control-plane,True,"{""desktop-control-plane"": true}"
2026-09-09T17:41:04.365Z,worker-56d7bdf6b4-8hz8f,worker,Running,True,1,1,0,"{""worker"": 0}","{""worker"": ""running""}",1,desktop-control-plane,True,"{""desktop-control-plane"": true}"
2026-09-09T17:41:09.366Z,api-6b9869b78-28xn9,api,Running,True,1,1,0,"{""api"": 0}","{""api"": ""running""}",1,desktop-control-plane,True,"{""desktop-control-plane"": true}"
2026-09-09T17:41:09.366Z,jaeger-7cc9b664cc-6bwgk,jaeger,Running,True,1,1,0,"{""jaeger"": 0}","{""jaeger"": ""running""}",1,desktop-control-plane,True,"{""desktop-control-plane"": true}"
2026-09-09T17:41:09.366Z,otel-collector-7c765745bf-x2wsq,otel-collector,Running,True,1,1,0,"{""otel-collector"": 0}","{""otel-collector"": ""running""}",1,desktop-control-plane,True,"{""desktop-control-plane"": true}"
2026-09-09T17:41:09.366Z,postgres-676cc4986c-8r7v5,postgres,Running,True,1,1,0,"{""postgres"": 0}","{""postgres"": ""running""}",1,desktop-control-plane,True,"{""desktop-control-plane"": true}"
2026-09-09T17:41:09.366Z,prometheus-59f5cf7468-qk6t6,prometheus,Running,True,1,1,0,"{""prometheus"": 0}","{""prometheus"": ""running""}",1,desktop-control-plane,True,"{""desktop-control-plane"": true}"
2026-09-09T17:41:09.366Z,rabbitmq-5cdf8f76b7-ftmdd,rabbitmq,Running,True,1,1,0,"{""rabbitmq"": 0}","{""rabbitmq"": ""running""}",1,desktop-control-plane,True,"{""desktop-control-plane"": true}"
2026-09-09T17:41:09.366Z,worker-56d7bdf6b4-8hz8f,worker,Running,True,1,1,0,"{""worker"": 0}","{""worker"": ""running""}",1,desktop-control-plane,True,"{""desktop-control-plane"": true}"
2026-09-09T17:41:14.366Z,api-6b9869b78-28xn9,api,Running,True,1,1,0,"{""api"": 0}","{""api"": ""running""}",1,desktop-control-plane,True,"{""desktop-control-plane"": true}"
2026-09-09T17:41:14.366Z,jaeger-7cc9b664cc-6bwgk,jaeger,Running,True,1,1,0,"{""jaeger"": 0}","{""jaeger"": ""running""}",1,desktop-control-plane,True,"{""desktop-control-plane"": true}"
2026-09-09T17:41:14.366Z,k6-c1-exploratory-001-l7j5d,k6,Running,True,1,1,0,"{""k6"": 0}","{""k6"": ""running""}",1,desktop-control-plane,True,"{""desktop-control-plane"": true}"
2026-09-09T17:41:14.366Z,otel-collector-7c765745bf-x2wsq,otel-collector,Running,True,1,1,0,"{""otel-collector"": 0}","{""otel-collector"": ""running""}",1,desktop-control-plane,True,"{""desktop-control-plane"": true}"
2026-09-09T17:41:14.366Z,postgres-676cc4986c-8r7v5,postgres,Running,True,1,1,0,"{""postgres"": 0}","{""postgres"": ""running""}",1,desktop-control-plane,True,"{""desktop-control-plane"": true}"
2026-09-09T17:41:14.366Z,prometheus-59f5cf7468-qk6t6,prometheus,Running,True,1,1,0,"{""prometheus"": 0}","{""prometheus"": ""running""}",1,desktop-control-plane,True,"{""desktop-control-plane"": true}"
2026-09-09T17:41:14.366Z,rabbitmq-5cdf8f76b7-ftmdd,rabbitmq,Running,True,1,1,0,"{""rabbitmq"": 0}","{""rabbitmq"": ""running""}",1,desktop-control-plane,True,"{""desktop-control-plane"": true}"
2026-09-09T17:41:14.366Z,worker-56d7bdf6b4-8hz8f,worker,Running,True,1,1,0,"{""worker"": 0}","{""worker"": ""running""}",1,desktop-control-plane,True,"{""desktop-control-plane"": true}"
2026-09-09T17:41:19.366Z,api-6b9869b78-28xn9,api,Running,True,1,1,0,"{""api"": 0}","{""api"": ""running""}",1,desktop-control-plane,True,"{""desktop-control-plane"": true}"
2026-09-09T17:41:19.366Z,jaeger-7cc9b664cc-6bwgk,jaeger,Running,True,1,1,0,"{""jaeger"": 0}","{""jaeger"": ""running""}",1,desktop-control-plane,True,"{""desktop-control-plane"": true}"
2026-09-09T17:41:19.366Z,k6-c1-exploratory-001-l7j5d,k6,Running,True,1,1,0,"{""k6"": 0}","{""k6"": ""running""}",1,desktop-control-plane,True,"{""desktop-control-plane"": true}"
2026-09-09T17:41:19.366Z,otel-collector-7c765745bf-x2wsq,otel-collector,Running,True,1,1,0,"{""otel-collector"": 0}","{""otel-collector"": ""running""}",1,desktop-control-plane,True,"{""desktop-control-plane"": true}"
2026-09-09T17:41:19.366Z,postgres-676cc4986c-8r7v5,postgres,Running,True,1,1,0,"{""postgres"": 0}","{""postgres"": ""running""}",1,desktop-control-plane,True,"{""desktop-control-plane"": true}"
2026-09-09T17:41:19.366Z,prometheus-59f5cf7468-qk6t6,prometheus,Running,True,1,1,0,"{""prometheus"": 0}","{""prometheus"": ""running""}",1,desktop-control-plane,True,"{""desktop-control-plane"": true}"
2026-09-09T17:41:19.366Z,rabbitmq-5cdf8f76b7-ftmdd,rabbitmq,Running,True,1,1,0,"{""rabbitmq"": 0}","{""rabbitmq"": ""running""}",1,desktop-control-plane,True,"{""desktop-control-plane"": true}"
2026-09-09T17:41:19.366Z,worker-56d7bdf6b4-8hz8f,worker,Running,True,1,1,0,"{""worker"": 0}","{""worker"": ""running""}",1,desktop-control-plane,True,"{""desktop-control-plane"": true}"
2026-09-09T17:41:24.367Z,api-6b9869b78-28xn9,api,Running,True,1,1,0,"{""api"": 0}","{""api"": ""running""}",1,desktop-control-plane,True,"{""desktop-control-plane"": true}"
2026-09-09T17:41:24.367Z,jaeger-7cc9b664cc-6bwgk,jaeger,Running,True,1,1,0,"{""jaeger"": 0}","{""jaeger"": ""running""}",1,desktop-control-plane,True,"{""desktop-control-plane"": true}"
2026-09-09T17:41:24.367Z,k6-c1-exploratory-001-l7j5d,k6,Running,True,1,1,0,"{""k6"": 0}","{""k6"": ""running""}",1,desktop-control-plane,True,"{""desktop-control-plane"": true}"
2026-09-09T17:41:24.367Z,otel-collector-7c765745bf-x2wsq,otel-collector,Running,True,1,1,0,"{""otel-collector"": 0}","{""otel-collector"": ""running""}",1,desktop-control-plane,True,"{""desktop-control-plane"": true}"
2026-09-09T17:41:24.367Z,postgres-676cc4986c-8r7v5,postgres,Running,True,1,1,0,"{""postgres"": 0}","{""postgres"": ""running""}",1,desktop-control-plane,True,"{""desktop-control-plane"": true}"
2026-09-09T17:41:24.367Z,prometheus-59f5cf7468-qk6t6,prometheus,Running,True,1,1,0,"{""prometheus"": 0}","{""prometheus"": ""running""}",1,desktop-control-plane,True,"{""desktop-control-plane"": true}"
2026-09-09T17:41:24.367Z,rabbitmq-5cdf8f76b7-ftmdd,rabbitmq,Running,True,1,1,0,"{""rabbitmq"": 0}","{""rabbitmq"": ""running""}",1,desktop-control-plane,True,"{""desktop-control-plane"": true}"
2026-09-09T17:41:24.367Z,worker-56d7bdf6b4-8hz8f,worker,Running,True,1,1,0,"{""worker"": 0}","{""worker"": ""running""}",1,desktop-control-plane,True,"{""desktop-control-plane"": true}"
2026-09-09T17:41:29.368Z,api-6b9869b78-28xn9,api,Running,True,1,1,0,"{""api"": 0}","{""api"": ""running""}",1,desktop-control-plane,True,"{""desktop-control-plane"": true}"
2026-09-09T17:41:29.368Z,jaeger-7cc9b664cc-6bwgk,jaeger,Running,True,1,1,0,"{""jaeger"": 0}","{""jaeger"": ""running""}",1,desktop-control-plane,True,"{""desktop-control-plane"": true}"
2026-09-09T17:41:29.368Z,k6-c1-exploratory-001-l7j5d,k6,Running,True,1,1,0,"{""k6"": 0}","{""k6"": ""running""}",1,desktop-control-plane,True,"{""desktop-control-plane"": true}"
2026-09-09T17:41:29.368Z,otel-collector-7c765745bf-x2wsq,otel-collector,Running,True,1,1,0,"{""otel-collector"": 0}","{""otel-collector"": ""running""}",1,desktop-control-plane,True,"{""desktop-control-plane"": true}"
2026-09-09T17:41:29.368Z,postgres-676cc4986c-8r7v5,postgres,Running,True,1,1,0,"{""postgres"": 0}","{""postgres"": ""running""}",1,desktop-control-plane,True,"{""desktop-control-plane"": true}"
2026-09-09T17:41:29.368Z,prometheus-59f5cf7468-qk6t6,prometheus,Running,True,1,1,0,"{""prometheus"": 0}","{""prometheus"": ""running""}",1,desktop-control-plane,True,"{""desktop-control-plane"": true}"
2026-09-09T17:41:29.368Z,rabbitmq-5cdf8f76b7-ftmdd,rabbitmq,Running,True,1,1,0,"{""rabbitmq"": 0}","{""rabbitmq"": ""running""}",1,desktop-control-plane,True,"{""desktop-control-plane"": true}"
2026-09-09T17:41:29.368Z,worker-56d7bdf6b4-8hz8f,worker,Running,True,1,1,0,"{""worker"": 0}","{""worker"": ""running""}",1,desktop-control-plane,True,"{""desktop-control-plane"": true}"
2026-09-09T17:41:34.368Z,api-6b9869b78-28xn9,api,Running,True,1,1,0,"{""api"": 0}","{""api"": ""running""}",1,desktop-control-plane,True,"{""desktop-control-plane"": true}"
2026-09-09T17:41:34.368Z,jaeger-7cc9b664cc-6bwgk,jaeger,Running,True,1,1,0,"{""jaeger"": 0}","{""jaeger"": ""running""}",1,desktop-control-plane,True,"{""desktop-control-plane"": true}"
2026-09-09T17:41:34.368Z,k6-c1-exploratory-001-l7j5d,k6,Running,True,1,1,0,"{""k6"": 0}","{""k6"": ""running""}",1,desktop-control-plane,True,"{""desktop-control-plane"": true}"
2026-09-09T17:41:34.368Z,otel-collector-7c765745bf-x2wsq,otel-collector,Running,True,1,1,0,"{""otel-collector"": 0}","{""otel-collector"": ""running""}",1,desktop-control-plane,True,"{""desktop-control-plane"": true}"
2026-09-09T17:41:34.368Z,postgres-676cc4986c-8r7v5,postgres,Running,True,1,1,0,"{""postgres"": 0}","{""postgres"": ""running""}",1,desktop-control-plane,True,"{""desktop-control-plane"": true}"
2026-09-09T17:41:34.368Z,prometheus-59f5cf7468-qk6t6,prometheus,Running,True,1,1,0,"{""prometheus"": 0}","{""prometheus"": ""running""}",1,desktop-control-plane,True,"{""desktop-control-plane"": true}"
2026-09-09T17:41:34.368Z,rabbitmq-5cdf8f76b7-ftmdd,rabbitmq,Running,True,1,1,0,"{""rabbitmq"": 0}","{""rabbitmq"": ""running""}",1,desktop-control-plane,True,"{""desktop-control-plane"": true}"
2026-09-09T17:41:34.368Z,worker-56d7bdf6b4-8hz8f,worker,Running,True,1,1,0,"{""worker"": 0}","{""worker"": ""running""}",1,desktop-control-plane,True,"{""desktop-control-plane"": true}"
2026-09-09T17:41:39.368Z,api-6b9869b78-28xn9,api,Running,True,1,1,0,"{""api"": 0}","{""api"": ""running""}",1,desktop-control-plane,True,"{""desktop-control-plane"": true}"
2026-09-09T17:41:39.368Z,jaeger-7cc9b664cc-6bwgk,jaeger,Running,True,1,1,0,"{""jaeger"": 0}","{""jaeger"": ""running""}",1,desktop-control-plane,True,"{""desktop-control-plane"": true}"
2026-09-09T17:41:39.368Z,k6-c1-exploratory-001-l7j5d,k6,Running,True,1,1,0,"{""k6"": 0}","{""k6"": ""running""}",1,desktop-control-plane,True,"{""desktop-control-plane"": true}"
2026-09-09T17:41:39.368Z,otel-collector-7c765745bf-x2wsq,otel-collector,Running,True,1,1,0,"{""otel-collector"": 0}","{""otel-collector"": ""running""}",1,desktop-control-plane,True,"{""desktop-control-plane"": true}"
2026-09-09T17:41:39.368Z,postgres-676cc4986c-8r7v5,postgres,Running,True,1,1,0,"{""postgres"": 0}","{""postgres"": ""running""}",1,desktop-control-plane,True,"{""desktop-control-plane"": true}"
2026-09-09T17:41:39.368Z,prometheus-59f5cf7468-qk6t6,prometheus,Running,True,1,1,0,"{""prometheus"": 0}","{""prometheus"": ""running""}",1,desktop-control-plane,True,"{""desktop-control-plane"": true}"
2026-09-09T17:41:39.368Z,rabbitmq-5cdf8f76b7-ftmdd,rabbitmq,Running,True,1,1,0,"{""rabbitmq"": 0}","{""rabbitmq"": ""running""}",1,desktop-control-plane,True,"{""desktop-control-plane"": true}"
2026-09-09T17:41:39.368Z,worker-56d7bdf6b4-8hz8f,worker,Running,True,1,1,0,"{""worker"": 0}","{""worker"": ""running""}",1,desktop-control-plane,True,"{""desktop-control-plane"": true}"
2026-09-09T17:41:44.369Z,api-6b9869b78-28xn9,api,Running,True,1,1,0,"{""api"": 0}","{""api"": ""running""}",1,desktop-control-plane,True,"{""desktop-control-plane"": true}"
2026-09-09T17:41:44.369Z,jaeger-7cc9b664cc-6bwgk,jaeger,Running,True,1,1,0,"{""jaeger"": 0}","{""jaeger"": ""running""}",1,desktop-control-plane,True,"{""desktop-control-plane"": true}"
2026-09-09T17:41:44.369Z,k6-c1-exploratory-001-l7j5d,k6,Running,True,1,1,0,"{""k6"": 0}","{""k6"": ""running""}",1,desktop-control-plane,True,"{""desktop-control-plane"": true}"
2026-09-09T17:41:44.369Z,otel-collector-7c765745bf-x2wsq,otel-collector,Running,True,1,1,0,"{""otel-collector"": 0}","{""otel-collector"": ""running""}",1,desktop-control-plane,True,"{""desktop-control-plane"": true}"
2026-09-09T17:41:44.369Z,postgres-676cc4986c-8r7v5,postgres,Running,True,1,1,0,"{""postgres"": 0}","{""postgres"": ""running""}",1,desktop-control-plane,True,"{""desktop-control-plane"": true}"
2026-09-09T17:41:44.369Z,prometheus-59f5cf7468-qk6t6,prometheus,Running,True,1,1,0,"{""prometheus"": 0}","{""prometheus"": ""running""}",1,desktop-control-plane,True,"{""desktop-control-plane"": true}"
2026-09-09T17:41:44.369Z,rabbitmq-5cdf8f76b7-ftmdd,rabbitmq,Running,True,1,1,0,"{""rabbitmq"": 0}","{""rabbitmq"": ""running""}",1,desktop-control-plane,True,"{""desktop-control-plane"": true}"
2026-09-09T17:41:44.369Z,worker-56d7bdf6b4-8hz8f,worker,Running,True,1,1,0,"{""worker"": 0}","{""worker"": ""running""}",1,desktop-control-plane,True,"{""desktop-control-plane"": true}"
2026-09-09T17:41:49.369Z,api-6b9869b78-28xn9,api,Running,True,1,1,0,"{""api"": 0}","{""api"": ""running""}",1,desktop-control-plane,True,"{""desktop-control-plane"": true}"
2026-09-09T17:41:49.369Z,jaeger-7cc9b664cc-6bwgk,jaeger,Running,True,1,1,0,"{""jaeger"": 0}","{""jaeger"": ""running""}",1,desktop-control-plane,True,"{""desktop-control-plane"": true}"
2026-09-09T17:41:49.369Z,k6-c1-exploratory-001-l7j5d,k6,Running,True,1,1,0,"{""k6"": 0}","{""k6"": ""running""}",1,desktop-control-plane,True,"{""desktop-control-plane"": true}"
2026-09-09T17:41:49.369Z,otel-collector-7c765745bf-x2wsq,otel-collector,Running,True,1,1,0,"{""otel-collector"": 0}","{""otel-collector"": ""running""}",1,desktop-control-plane,True,"{""desktop-control-plane"": true}"
2026-09-09T17:41:49.369Z,postgres-676cc4986c-8r7v5,postgres,Running,True,1,1,0,"{""postgres"": 0}","{""postgres"": ""running""}",1,desktop-control-plane,True,"{""desktop-control-plane"": true}"
2026-09-09T17:41:49.369Z,prometheus-59f5cf7468-qk6t6,prometheus,Running,True,1,1,0,"{""prometheus"": 0}","{""prometheus"": ""running""}",1,desktop-control-plane,True,"{""desktop-control-plane"": true}"
2026-09-09T17:41:49.369Z,rabbitmq-5cdf8f76b7-ftmdd,rabbitmq,Running,True,1,1,0,"{""rabbitmq"": 0}","{""rabbitmq"": ""running""}",1,desktop-control-plane,True,"{""desktop-control-plane"": true}"
2026-09-09T17:41:49.369Z,worker-56d7bdf6b4-8hz8f,worker,Running,True,1,1,0,"{""worker"": 0}","{""worker"": ""running""}",1,desktop-control-plane,True,"{""desktop-control-plane"": true}"
2026-09-09T17:41:54.369Z,api-6b9869b78-28xn9,api,Running,True,1,1,0,"{""api"": 0}","{""api"": ""running""}",1,desktop-control-plane,True,"{""desktop-control-plane"": true}"
2026-09-09T17:41:54.369Z,jaeger-7cc9b664cc-6bwgk,jaeger,Running,True,1,1,0,"{""jaeger"": 0}","{""jaeger"": ""running""}",1,desktop-control-plane,True,"{""desktop-control-plane"": true}"
2026-09-09T17:41:54.369Z,k6-c1-exploratory-001-l7j5d,k6,Running,True,1,1,0,"{""k6"": 0}","{""k6"": ""running""}",1,desktop-control-plane,True,"{""desktop-control-plane"": true}"
2026-09-09T17:41:54.369Z,otel-collector-7c765745bf-x2wsq,otel-collector,Running,True,1,1,0,"{""otel-collector"": 0}","{""otel-collector"": ""running""}",1,desktop-control-plane,True,"{""desktop-control-plane"": true}"
2026-09-09T17:41:54.369Z,postgres-676cc4986c-8r7v5,postgres,Running,True,1,1,0,"{""postgres"": 0}","{""postgres"": ""running""}",1,desktop-control-plane,True,"{""desktop-control-plane"": true}"
2026-09-09T17:41:54.369Z,prometheus-59f5cf7468-qk6t6,prometheus,Running,True,1,1,0,"{""prometheus"": 0}","{""prometheus"": ""running""}",1,desktop-control-plane,True,"{""desktop-control-plane"": true}"
2026-09-09T17:41:54.369Z,rabbitmq-5cdf8f76b7-ftmdd,rabbitmq,Running,True,1,1,0,"{""rabbitmq"": 0}","{""rabbitmq"": ""running""}",1,desktop-control-plane,True,"{""desktop-control-plane"": true}"
2026-09-09T17:41:54.369Z,worker-56d7bdf6b4-8hz8f,worker,Running,True,1,1,0,"{""worker"": 0}","{""worker"": ""running""}",1,desktop-control-plane,True,"{""desktop-control-plane"": true}"
2026-09-09T17:41:59.370Z,api-6b9869b78-28xn9,api,Running,True,1,1,0,"{""api"": 0}","{""api"": ""running""}",1,desktop-control-plane,True,"{""desktop-control-plane"": true}"
2026-09-09T17:41:59.370Z,jaeger-7cc9b664cc-6bwgk,jaeger,Running,True,1,1,0,"{""jaeger"": 0}","{""jaeger"": ""running""}",1,desktop-control-plane,True,"{""desktop-control-plane"": true}"
2026-09-09T17:41:59.370Z,k6-c1-exploratory-001-l7j5d,k6,Running,True,1,1,0,"{""k6"": 0}","{""k6"": ""running""}",1,desktop-control-plane,True,"{""desktop-control-plane"": true}"
2026-09-09T17:41:59.370Z,otel-collector-7c765745bf-x2wsq,otel-collector,Running,True,1,1,0,"{""otel-collector"": 0}","{""otel-collector"": ""running""}",1,desktop-control-plane,True,"{""desktop-control-plane"": true}"
2026-09-09T17:41:59.370Z,postgres-676cc4986c-8r7v5,postgres,Running,True,1,1,0,"{""postgres"": 0}","{""postgres"": ""running""}",1,desktop-control-plane,True,"{""desktop-control-plane"": true}"
2026-09-09T17:41:59.370Z,prometheus-59f5cf7468-qk6t6,prometheus,Running,True,1,1,0,"{""prometheus"": 0}","{""prometheus"": ""running""}",1,desktop-control-plane,True,"{""desktop-control-plane"": true}"
2026-09-09T17:41:59.370Z,rabbitmq-5cdf8f76b7-ftmdd,rabbitmq,Running,True,1,1,0,"{""rabbitmq"": 0}","{""rabbitmq"": ""running""}",1,desktop-control-plane,True,"{""desktop-control-plane"": true}"
2026-09-09T17:41:59.370Z,worker-56d7bdf6b4-8hz8f,worker,Running,True,1,1,0,"{""worker"": 0}","{""worker"": ""running""}",1,desktop-control-plane,True,"{""desktop-control-plane"": true}"
2026-09-09T17:42:04.370Z,api-6b9869b78-28xn9,api,Running,True,1,1,0,"{""api"": 0}","{""api"": ""running""}",1,desktop-control-plane,True,"{""desktop-control-plane"": true}"
2026-09-09T17:42:04.370Z,jaeger-7cc9b664cc-6bwgk,jaeger,Running,True,1,1,0,"{""jaeger"": 0}","{""jaeger"": ""running""}",1,desktop-control-plane,True,"{""desktop-control-plane"": true}"
2026-09-09T17:42:04.370Z,k6-c1-exploratory-001-l7j5d,k6,Running,True,1,1,0,"{""k6"": 0}","{""k6"": ""running""}",1,desktop-control-plane,True,"{""desktop-control-plane"": true}"
2026-09-09T17:42:04.370Z,otel-collector-7c765745bf-x2wsq,otel-collector,Running,True,1,1,0,"{""otel-collector"": 0}","{""otel-collector"": ""running""}",1,desktop-control-plane,True,"{""desktop-control-plane"": true}"
2026-09-09T17:42:04.370Z,postgres-676cc4986c-8r7v5,postgres,Running,True,1,1,0,"{""postgres"": 0}","{""postgres"": ""running""}",1,desktop-control-plane,True,"{""desktop-control-plane"": true}"
2026-09-09T17:42:04.370Z,prometheus-59f5cf7468-qk6t6,prometheus,Running,True,1,1,0,"{""prometheus"": 0}","{""prometheus"": ""running""}",1,desktop-control-plane,True,"{""desktop-control-plane"": true}"
2026-09-09T17:42:04.370Z,rabbitmq-5cdf8f76b7-ftmdd,rabbitmq,Running,True,1,1,0,"{""rabbitmq"": 0}","{""rabbitmq"": ""running""}",1,desktop-control-plane,True,"{""desktop-control-plane"": true}"
2026-09-09T17:42:04.370Z,worker-56d7bdf6b4-8hz8f,worker,Running,True,1,1,0,"{""worker"": 0}","{""worker"": ""running""}",1,desktop-control-plane,True,"{""desktop-control-plane"": true}"
2026-09-09T17:42:09.371Z,api-6b9869b78-28xn9,api,Running,False,0,1,0,"{""api"": 0}","{""api"": ""running""}",1,desktop-control-plane,True,"{""desktop-control-plane"": true}"
2026-09-09T17:42:09.371Z,jaeger-7cc9b664cc-6bwgk,jaeger,Running,True,1,1,0,"{""jaeger"": 0}","{""jaeger"": ""running""}",1,desktop-control-plane,True,"{""desktop-control-plane"": true}"
2026-09-09T17:42:09.371Z,k6-c1-exploratory-001-l7j5d,k6,Running,True,1,1,0,"{""k6"": 0}","{""k6"": ""running""}",1,desktop-control-plane,True,"{""desktop-control-plane"": true}"
2026-09-09T17:42:09.371Z,otel-collector-7c765745bf-x2wsq,otel-collector,Running,True,1,1,0,"{""otel-collector"": 0}","{""otel-collector"": ""running""}",1,desktop-control-plane,True,"{""desktop-control-plane"": true}"
2026-09-09T17:42:09.371Z,postgres-676cc4986c-8r7v5,postgres,Running,True,1,1,0,"{""postgres"": 0}","{""postgres"": ""running""}",1,desktop-control-plane,True,"{""desktop-control-plane"": true}"
2026-09-09T17:42:09.371Z,prometheus-59f5cf7468-qk6t6,prometheus,Running,True,1,1,0,"{""prometheus"": 0}","{""prometheus"": ""running""}",1,desktop-control-plane,True,"{""desktop-control-plane"": true}"
2026-09-09T17:42:09.371Z,rabbitmq-5cdf8f76b7-ftmdd,rabbitmq,Running,True,1,1,0,"{""rabbitmq"": 0}","{""rabbitmq"": ""running""}",1,desktop-control-plane,True,"{""desktop-control-plane"": true}"
2026-09-09T17:42:09.371Z,worker-56d7bdf6b4-8hz8f,worker,Running,True,1,1,0,"{""worker"": 0}","{""worker"": ""running""}",1,desktop-control-plane,True,"{""desktop-control-plane"": true}"
2026-09-09T17:42:14.371Z,api-6b9869b78-28xn9,api,Running,False,0,1,0,"{""api"": 0}","{""api"": ""running""}",1,desktop-control-plane,True,"{""desktop-control-plane"": true}"
2026-09-09T17:42:14.371Z,jaeger-7cc9b664cc-6bwgk,jaeger,Running,True,1,1,0,"{""jaeger"": 0}","{""jaeger"": ""running""}",1,desktop-control-plane,True,"{""desktop-control-plane"": true}"
2026-09-09T17:42:14.371Z,k6-c1-exploratory-001-l7j5d,k6,Running,True,1,1,0,"{""k6"": 0}","{""k6"": ""running""}",1,desktop-control-plane,True,"{""desktop-control-plane"": true}"
2026-09-09T17:42:14.371Z,otel-collector-7c765745bf-x2wsq,otel-collector,Running,True,1,1,0,"{""otel-collector"": 0}","{""otel-collector"": ""running""}",1,desktop-control-plane,True,"{""desktop-control-plane"": true}"
2026-09-09T17:42:14.371Z,postgres-676cc4986c-8r7v5,postgres,Running,True,1,1,0,"{""postgres"": 0}","{""postgres"": ""running""}",1,desktop-control-plane,True,"{""desktop-control-plane"": true}"
2026-09-09T17:42:14.371Z,prometheus-59f5cf7468-qk6t6,prometheus,Running,True,1,1,0,"{""prometheus"": 0}","{""prometheus"": ""running""}",1,desktop-control-plane,True,"{""desktop-control-plane"": true}"
2026-09-09T17:42:14.371Z,rabbitmq-5cdf8f76b7-ftmdd,rabbitmq,Running,True,1,1,0,"{""rabbitmq"": 0}","{""rabbitmq"": ""running""}",1,desktop-control-plane,True,"{""desktop-control-plane"": true}"
2026-09-09T17:42:14.371Z,worker-56d7bdf6b4-8hz8f,worker,Running,True,1,1,0,"{""worker"": 0}","{""worker"": ""running""}",1,desktop-control-plane,True,"{""desktop-control-plane"": true}"
2026-09-09T17:42:19.371Z,api-6b9869b78-28xn9,api,Running,True,1,1,0,"{""api"": 0}","{""api"": ""running""}",1,desktop-control-plane,True,"{""desktop-control-plane"": true}"
2026-09-09T17:42:19.371Z,jaeger-7cc9b664cc-6bwgk,jaeger,Running,True,1,1,0,"{""jaeger"": 0}","{""jaeger"": ""running""}",1,desktop-control-plane,True,"{""desktop-control-plane"": true}"
2026-09-09T17:42:19.371Z,k6-c1-exploratory-001-l7j5d,k6,Running,True,1,1,0,"{""k6"": 0}","{""k6"": ""running""}",1,desktop-control-plane,True,"{""desktop-control-plane"": true}"
2026-09-09T17:42:19.371Z,otel-collector-7c765745bf-x2wsq,otel-collector,Running,True,1,1,0,"{""otel-collector"": 0}","{""otel-collector"": ""running""}",1,desktop-control-plane,True,"{""desktop-control-plane"": true}"
2026-09-09T17:42:19.371Z,postgres-676cc4986c-8r7v5,postgres,Running,True,1,1,0,"{""postgres"": 0}","{""postgres"": ""running""}",1,desktop-control-plane,True,"{""desktop-control-plane"": true}"
2026-09-09T17:42:19.371Z,prometheus-59f5cf7468-qk6t6,prometheus,Running,True,1,1,0,"{""prometheus"": 0}","{""prometheus"": ""running""}",1,desktop-control-plane,True,"{""desktop-control-plane"": true}"
2026-09-09T17:42:19.371Z,rabbitmq-5cdf8f76b7-ftmdd,rabbitmq,Running,True,1,1,0,"{""rabbitmq"": 0}","{""rabbitmq"": ""running""}",1,desktop-control-plane,True,"{""desktop-control-plane"": true}"
2026-09-09T17:42:19.371Z,worker-56d7bdf6b4-8hz8f,worker,Running,True,1,1,0,"{""worker"": 0}","{""worker"": ""running""}",1,desktop-control-plane,True,"{""desktop-control-plane"": true}"
2026-09-09T17:42:24.371Z,api-6b9869b78-28xn9,api,Running,True,1,1,0,"{""api"": 0}","{""api"": ""running""}",1,desktop-control-plane,True,"{""desktop-control-plane"": true}"
2026-09-09T17:42:24.371Z,jaeger-7cc9b664cc-6bwgk,jaeger,Running,True,1,1,0,"{""jaeger"": 0}","{""jaeger"": ""running""}",1,desktop-control-plane,True,"{""desktop-control-plane"": true}"
2026-09-09T17:42:24.371Z,k6-c1-exploratory-001-l7j5d,k6,Running,True,1,1,0,"{""k6"": 0}","{""k6"": ""running""}",1,desktop-control-plane,True,"{""desktop-control-plane"": true}"
2026-09-09T17:42:24.371Z,otel-collector-7c765745bf-x2wsq,otel-collector,Running,True,1,1,0,"{""otel-collector"": 0}","{""otel-collector"": ""running""}",1,desktop-control-plane,True,"{""desktop-control-plane"": true}"
2026-09-09T17:42:24.371Z,postgres-676cc4986c-8r7v5,postgres,Running,True,1,1,0,"{""postgres"": 0}","{""postgres"": ""running""}",1,desktop-control-plane,True,"{""desktop-control-plane"": true}"
2026-09-09T17:42:24.371Z,prometheus-59f5cf7468-qk6t6,prometheus,Running,True,1,1,0,"{""prometheus"": 0}","{""prometheus"": ""running""}",1,desktop-control-plane,True,"{""desktop-control-plane"": true}"
2026-09-09T17:42:24.371Z,rabbitmq-5cdf8f76b7-ftmdd,rabbitmq,Running,True,1,1,0,"{""rabbitmq"": 0}","{""rabbitmq"": ""running""}",1,desktop-control-plane,True,"{""desktop-control-plane"": true}"
2026-09-09T17:42:24.371Z,worker-56d7bdf6b4-8hz8f,worker,Running,True,1,1,0,"{""worker"": 0}","{""worker"": ""running""}",1,desktop-control-plane,True,"{""desktop-control-plane"": true}"
2026-09-09T17:42:29.372Z,api-6b9869b78-28xn9,api,Running,True,1,1,0,"{""api"": 0}","{""api"": ""running""}",1,desktop-control-plane,True,"{""desktop-control-plane"": true}"
2026-09-09T17:42:29.372Z,jaeger-7cc9b664cc-6bwgk,jaeger,Running,True,1,1,0,"{""jaeger"": 0}","{""jaeger"": ""running""}",1,desktop-control-plane,True,"{""desktop-control-plane"": true}"
2026-09-09T17:42:29.372Z,k6-c1-exploratory-001-l7j5d,k6,Running,True,1,1,0,"{""k6"": 0}","{""k6"": ""running""}",1,desktop-control-plane,True,"{""desktop-control-plane"": true}"
2026-09-09T17:42:29.372Z,otel-collector-7c765745bf-x2wsq,otel-collector,Running,True,1,1,0,"{""otel-collector"": 0}","{""otel-collector"": ""running""}",1,desktop-control-plane,True,"{""desktop-control-plane"": true}"
2026-09-09T17:42:29.372Z,postgres-676cc4986c-8r7v5,postgres,Running,True,1,1,0,"{""postgres"": 0}","{""postgres"": ""running""}",1,desktop-control-plane,True,"{""desktop-control-plane"": true}"
2026-09-09T17:42:29.372Z,prometheus-59f5cf7468-qk6t6,prometheus,Running,True,1,1,0,"{""prometheus"": 0}","{""prometheus"": ""running""}",1,desktop-control-plane,True,"{""desktop-control-plane"": true}"
2026-09-09T17:42:29.372Z,rabbitmq-5cdf8f76b7-ftmdd,rabbitmq,Running,True,1,1,0,"{""rabbitmq"": 0}","{""rabbitmq"": ""running""}",1,desktop-control-plane,True,"{""desktop-control-plane"": true}"
2026-09-09T17:42:29.372Z,worker-56d7bdf6b4-8hz8f,worker,Running,True,1,1,0,"{""worker"": 0}","{""worker"": ""running""}",1,desktop-control-plane,True,"{""desktop-control-plane"": true}"
2026-09-09T17:42:34.372Z,api-6b9869b78-28xn9,api,Running,False,0,1,0,"{""api"": 0}","{""api"": ""running""}",1,desktop-control-plane,True,"{""desktop-control-plane"": true}"
2026-09-09T17:42:34.372Z,jaeger-7cc9b664cc-6bwgk,jaeger,Running,True,1,1,0,"{""jaeger"": 0}","{""jaeger"": ""running""}",1,desktop-control-plane,True,"{""desktop-control-plane"": true}"
2026-09-09T17:42:34.372Z,k6-c1-exploratory-001-l7j5d,k6,Running,True,1,1,0,"{""k6"": 0}","{""k6"": ""running""}",1,desktop-control-plane,True,"{""desktop-control-plane"": true}"
2026-09-09T17:42:34.372Z,otel-collector-7c765745bf-x2wsq,otel-collector,Running,True,1,1,0,"{""otel-collector"": 0}","{""otel-collector"": ""running""}",1,desktop-control-plane,True,"{""desktop-control-plane"": true}"
2026-09-09T17:42:34.372Z,postgres-676cc4986c-8r7v5,postgres,Running,True,1,1,0,"{""postgres"": 0}","{""postgres"": ""running""}",1,desktop-control-plane,True,"{""desktop-control-plane"": true}"
2026-09-09T17:42:34.372Z,prometheus-59f5cf7468-qk6t6,prometheus,Running,True,1,1,0,"{""prometheus"": 0}","{""prometheus"": ""running""}",1,desktop-control-plane,True,"{""desktop-control-plane"": true}"
2026-09-09T17:42:34.372Z,rabbitmq-5cdf8f76b7-ftmdd,rabbitmq,Running,True,1,1,0,"{""rabbitmq"": 0}","{""rabbitmq"": ""running""}",1,desktop-control-plane,True,"{""desktop-control-plane"": true}"
2026-09-09T17:42:34.372Z,worker-56d7bdf6b4-8hz8f,worker,Running,True,1,1,0,"{""worker"": 0}","{""worker"": ""running""}",1,desktop-control-plane,True,"{""desktop-control-plane"": true}"
2026-09-09T17:42:39.372Z,api-6b9869b78-28xn9,api,Running,False,0,1,0,"{""api"": 0}","{""api"": ""running""}",1,desktop-control-plane,True,"{""desktop-control-plane"": true}"
2026-09-09T17:42:39.372Z,jaeger-7cc9b664cc-6bwgk,jaeger,Running,True,1,1,0,"{""jaeger"": 0}","{""jaeger"": ""running""}",1,desktop-control-plane,True,"{""desktop-control-plane"": true}"
2026-09-09T17:42:39.372Z,k6-c1-exploratory-001-l7j5d,k6,Running,True,1,1,0,"{""k6"": 0}","{""k6"": ""running""}",1,desktop-control-plane,True,"{""desktop-control-plane"": true}"
2026-09-09T17:42:39.372Z,otel-collector-7c765745bf-x2wsq,otel-collector,Running,True,1,1,0,"{""otel-collector"": 0}","{""otel-collector"": ""running""}",1,desktop-control-plane,True,"{""desktop-control-plane"": true}"
2026-09-09T17:42:39.372Z,postgres-676cc4986c-8r7v5,postgres,Running,True,1,1,0,"{""postgres"": 0}","{""postgres"": ""running""}",1,desktop-control-plane,True,"{""desktop-control-plane"": true}"
2026-09-09T17:42:39.372Z,prometheus-59f5cf7468-qk6t6,prometheus,Running,True,1,1,0,"{""prometheus"": 0}","{""prometheus"": ""running""}",1,desktop-control-plane,True,"{""desktop-control-plane"": true}"
2026-09-09T17:42:39.372Z,rabbitmq-5cdf8f76b7-ftmdd,rabbitmq,Running,True,1,1,0,"{""rabbitmq"": 0}","{""rabbitmq"": ""running""}",1,desktop-control-plane,True,"{""desktop-control-plane"": true}"
2026-09-09T17:42:39.372Z,worker-56d7bdf6b4-8hz8f,worker,Running,True,1,1,0,"{""worker"": 0}","{""worker"": ""running""}",1,desktop-control-plane,True,"{""desktop-control-plane"": true}"
2026-09-09T17:42:44.373Z,api-6b9869b78-28xn9,api,Running,False,0,1,0,"{""api"": 0}","{""api"": ""running""}",1,desktop-control-plane,True,"{""desktop-control-plane"": true}"
2026-09-09T17:42:44.373Z,jaeger-7cc9b664cc-6bwgk,jaeger,Running,True,1,1,0,"{""jaeger"": 0}","{""jaeger"": ""running""}",1,desktop-control-plane,True,"{""desktop-control-plane"": true}"
2026-09-09T17:42:44.373Z,k6-c1-exploratory-001-l7j5d,k6,Running,True,1,1,0,"{""k6"": 0}","{""k6"": ""running""}",1,desktop-control-plane,True,"{""desktop-control-plane"": true}"
2026-09-09T17:42:44.373Z,otel-collector-7c765745bf-x2wsq,otel-collector,Running,True,1,1,0,"{""otel-collector"": 0}","{""otel-collector"": ""running""}",1,desktop-control-plane,True,"{""desktop-control-plane"": true}"
2026-09-09T17:42:44.373Z,postgres-676cc4986c-8r7v5,postgres,Running,True,1,1,0,"{""postgres"": 0}","{""postgres"": ""running""}",1,desktop-control-plane,True,"{""desktop-control-plane"": true}"
2026-09-09T17:42:44.373Z,prometheus-59f5cf7468-qk6t6,prometheus,Running,True,1,1,0,"{""prometheus"": 0}","{""prometheus"": ""running""}",1,desktop-control-plane,True,"{""desktop-control-plane"": true}"
2026-09-09T17:42:44.373Z,rabbitmq-5cdf8f76b7-ftmdd,rabbitmq,Running,True,1,1,0,"{""rabbitmq"": 0}","{""rabbitmq"": ""running""}",1,desktop-control-plane,True,"{""desktop-control-plane"": true}"
2026-09-09T17:42:44.373Z,worker-56d7bdf6b4-8hz8f,worker,Running,True,1,1,0,"{""worker"": 0}","{""worker"": ""running""}",1,desktop-control-plane,True,"{""desktop-control-plane"": true}"
2026-09-09T17:42:49.373Z,api-6b9869b78-28xn9,api,Running,False,0,1,1,"{""api"": 1}","{""api"": ""running""}",1,desktop-control-plane,True,"{""desktop-control-plane"": true}"
2026-09-09T17:42:49.373Z,jaeger-7cc9b664cc-6bwgk,jaeger,Running,True,1,1,0,"{""jaeger"": 0}","{""jaeger"": ""running""}",1,desktop-control-plane,True,"{""desktop-control-plane"": true}"
2026-09-09T17:42:49.373Z,k6-c1-exploratory-001-l7j5d,k6,Running,True,1,1,0,"{""k6"": 0}","{""k6"": ""running""}",1,desktop-control-plane,True,"{""desktop-control-plane"": true}"
2026-09-09T17:42:49.373Z,otel-collector-7c765745bf-x2wsq,otel-collector,Running,True,1,1,0,"{""otel-collector"": 0}","{""otel-collector"": ""running""}",1,desktop-control-plane,True,"{""desktop-control-plane"": true}"
2026-09-09T17:42:49.373Z,postgres-676cc4986c-8r7v5,postgres,Running,True,1,1,0,"{""postgres"": 0}","{""postgres"": ""running""}",1,desktop-control-plane,True,"{""desktop-control-plane"": true}"
2026-09-09T17:42:49.373Z,prometheus-59f5cf7468-qk6t6,prometheus,Running,True,1,1,0,"{""prometheus"": 0}","{""prometheus"": ""running""}",1,desktop-control-plane,True,"{""desktop-control-plane"": true}"
2026-09-09T17:42:49.373Z,rabbitmq-5cdf8f76b7-ftmdd,rabbitmq,Running,True,1,1,0,"{""rabbitmq"": 0}","{""rabbitmq"": ""running""}",1,desktop-control-plane,True,"{""desktop-control-plane"": true}"
2026-09-09T17:42:49.373Z,worker-56d7bdf6b4-8hz8f,worker,Running,True,1,1,0,"{""worker"": 0}","{""worker"": ""running""}",1,desktop-control-plane,True,"{""desktop-control-plane"": true}"
2026-09-09T17:42:54.373Z,api-6b9869b78-28xn9,api,Running,False,0,1,1,"{""api"": 1}","{""api"": ""running""}",1,desktop-control-plane,True,"{""desktop-control-plane"": true}"
2026-09-09T17:42:54.373Z,jaeger-7cc9b664cc-6bwgk,jaeger,Running,True,1,1,0,"{""jaeger"": 0}","{""jaeger"": ""running""}",1,desktop-control-plane,True,"{""desktop-control-plane"": true}"
2026-09-09T17:42:54.373Z,k6-c1-exploratory-001-l7j5d,k6,Running,True,1,1,0,"{""k6"": 0}","{""k6"": ""running""}",1,desktop-control-plane,True,"{""desktop-control-plane"": true}"
2026-09-09T17:42:54.373Z,otel-collector-7c765745bf-x2wsq,otel-collector,Running,True,1,1,0,"{""otel-collector"": 0}","{""otel-collector"": ""running""}",1,desktop-control-plane,True,"{""desktop-control-plane"": true}"
2026-09-09T17:42:54.373Z,postgres-676cc4986c-8r7v5,postgres,Running,True,1,1,0,"{""postgres"": 0}","{""postgres"": ""running""}",1,desktop-control-plane,True,"{""desktop-control-plane"": true}"
2026-09-09T17:42:54.373Z,prometheus-59f5cf7468-qk6t6,prometheus,Running,True,1,1,0,"{""prometheus"": 0}","{""prometheus"": ""running""}",1,desktop-control-plane,True,"{""desktop-control-plane"": true}"
2026-09-09T17:42:54.373Z,rabbitmq-5cdf8f76b7-ftmdd,rabbitmq,Running,True,1,1,0,"{""rabbitmq"": 0}","{""rabbitmq"": ""running""}",1,desktop-control-plane,True,"{""desktop-control-plane"": true}"
2026-09-09T17:42:54.373Z,worker-56d7bdf6b4-8hz8f,worker,Running,True,1,1,0,"{""worker"": 0}","{""worker"": ""running""}",1,desktop-control-plane,True,"{""desktop-control-plane"": true}"
2026-09-09T17:42:59.374Z,api-6b9869b78-28xn9,api,Running,True,1,1,1,"{""api"": 1}","{""api"": ""running""}",1,desktop-control-plane,True,"{""desktop-control-plane"": true}"
2026-09-09T17:42:59.374Z,jaeger-7cc9b664cc-6bwgk,jaeger,Running,True,1,1,0,"{""jaeger"": 0}","{""jaeger"": ""running""}",1,desktop-control-plane,True,"{""desktop-control-plane"": true}"
2026-09-09T17:42:59.374Z,k6-c1-exploratory-001-l7j5d,k6,Running,True,1,1,0,"{""k6"": 0}","{""k6"": ""running""}",1,desktop-control-plane,True,"{""desktop-control-plane"": true}"
2026-09-09T17:42:59.374Z,otel-collector-7c765745bf-x2wsq,otel-collector,Running,True,1,1,0,"{""otel-collector"": 0}","{""otel-collector"": ""running""}",1,desktop-control-plane,True,"{""desktop-control-plane"": true}"
2026-09-09T17:42:59.374Z,postgres-676cc4986c-8r7v5,postgres,Running,True,1,1,0,"{""postgres"": 0}","{""postgres"": ""running""}",1,desktop-control-plane,True,"{""desktop-control-plane"": true}"
2026-09-09T17:42:59.374Z,prometheus-59f5cf7468-qk6t6,prometheus,Running,True,1,1,0,"{""prometheus"": 0}","{""prometheus"": ""running""}",1,desktop-control-plane,True,"{""desktop-control-plane"": true}"
2026-09-09T17:42:59.374Z,rabbitmq-5cdf8f76b7-ftmdd,rabbitmq,Running,True,1,1,0,"{""rabbitmq"": 0}","{""rabbitmq"": ""running""}",1,desktop-control-plane,True,"{""desktop-control-plane"": true}"
2026-09-09T17:42:59.374Z,worker-56d7bdf6b4-8hz8f,worker,Running,True,1,1,0,"{""worker"": 0}","{""worker"": ""running""}",1,desktop-control-plane,True,"{""desktop-control-plane"": true}"
2026-09-09T17:43:04.374Z,api-6b9869b78-28xn9,api,Running,True,1,1,1,"{""api"": 1}","{""api"": ""running""}",1,desktop-control-plane,True,"{""desktop-control-plane"": true}"
2026-09-09T17:43:04.374Z,jaeger-7cc9b664cc-6bwgk,jaeger,Running,True,1,1,0,"{""jaeger"": 0}","{""jaeger"": ""running""}",1,desktop-control-plane,True,"{""desktop-control-plane"": true}"
2026-09-09T17:43:04.374Z,k6-c1-exploratory-001-l7j5d,k6,Running,True,1,1,0,"{""k6"": 0}","{""k6"": ""running""}",1,desktop-control-plane,True,"{""desktop-control-plane"": true}"
2026-09-09T17:43:04.374Z,otel-collector-7c765745bf-x2wsq,otel-collector,Running,True,1,1,0,"{""otel-collector"": 0}","{""otel-collector"": ""running""}",1,desktop-control-plane,True,"{""desktop-control-plane"": true}"
2026-09-09T17:43:04.374Z,postgres-676cc4986c-8r7v5,postgres,Running,True,1,1,0,"{""postgres"": 0}","{""postgres"": ""running""}",1,desktop-control-plane,True,"{""desktop-control-plane"": true}"
2026-09-09T17:43:04.374Z,prometheus-59f5cf7468-qk6t6,prometheus,Running,True,1,1,0,"{""prometheus"": 0}","{""prometheus"": ""running""}",1,desktop-control-plane,True,"{""desktop-control-plane"": true}"
2026-09-09T17:43:04.374Z,rabbitmq-5cdf8f76b7-ftmdd,rabbitmq,Running,True,1,1,0,"{""rabbitmq"": 0}","{""rabbitmq"": ""running""}",1,desktop-control-plane,True,"{""desktop-control-plane"": true}"
2026-09-09T17:43:04.374Z,worker-56d7bdf6b4-8hz8f,worker,Running,True,1,1,0,"{""worker"": 0}","{""worker"": ""running""}",1,desktop-control-plane,True,"{""desktop-control-plane"": true}"
2026-09-09T17:43:09.375Z,api-6b9869b78-28xn9,api,Running,True,1,1,1,"{""api"": 1}","{""api"": ""running""}",1,desktop-control-plane,True,"{""desktop-control-plane"": true}"
2026-09-09T17:43:09.375Z,jaeger-7cc9b664cc-6bwgk,jaeger,Running,True,1,1,0,"{""jaeger"": 0}","{""jaeger"": ""running""}",1,desktop-control-plane,True,"{""desktop-control-plane"": true}"
2026-09-09T17:43:09.375Z,otel-collector-7c765745bf-x2wsq,otel-collector,Running,True,1,1,0,"{""otel-collector"": 0}","{""otel-collector"": ""running""}",1,desktop-control-plane,True,"{""desktop-control-plane"": true}"
2026-09-09T17:43:09.375Z,postgres-676cc4986c-8r7v5,postgres,Running,True,1,1,0,"{""postgres"": 0}","{""postgres"": ""running""}",1,desktop-control-plane,True,"{""desktop-control-plane"": true}"
2026-09-09T17:43:09.375Z,prometheus-59f5cf7468-qk6t6,prometheus,Running,True,1,1,0,"{""prometheus"": 0}","{""prometheus"": ""running""}",1,desktop-control-plane,True,"{""desktop-control-plane"": true}"
2026-09-09T17:43:09.375Z,rabbitmq-5cdf8f76b7-ftmdd,rabbitmq,Running,True,1,1,0,"{""rabbitmq"": 0}","{""rabbitmq"": ""running""}",1,desktop-control-plane,True,"{""desktop-control-plane"": true}"
2026-09-09T17:43:09.375Z,worker-56d7bdf6b4-8hz8f,worker,Running,True,1,1,0,"{""worker"": 0}","{""worker"": ""running""}",1,desktop-control-plane,True,"{""desktop-control-plane"": true}"
2026-09-09T17:43:14.375Z,api-6b9869b78-28xn9,api,Running,True,1,1,1,"{""api"": 1}","{""api"": ""running""}",1,desktop-control-plane,True,"{""desktop-control-plane"": true}"
2026-09-09T17:43:14.375Z,jaeger-7cc9b664cc-6bwgk,jaeger,Running,True,1,1,0,"{""jaeger"": 0}","{""jaeger"": ""running""}",1,desktop-control-plane,True,"{""desktop-control-plane"": true}"
2026-09-09T17:43:14.375Z,otel-collector-7c765745bf-x2wsq,otel-collector,Running,True,1,1,0,"{""otel-collector"": 0}","{""otel-collector"": ""running""}",1,desktop-control-plane,True,"{""desktop-control-plane"": true}"
2026-09-09T17:43:14.375Z,postgres-676cc4986c-8r7v5,postgres,Running,True,1,1,0,"{""postgres"": 0}","{""postgres"": ""running""}",1,desktop-control-plane,True,"{""desktop-control-plane"": true}"
2026-09-09T17:43:14.375Z,prometheus-59f5cf7468-qk6t6,prometheus,Running,True,1,1,0,"{""prometheus"": 0}","{""prometheus"": ""running""}",1,desktop-control-plane,True,"{""desktop-control-plane"": true}"
2026-09-09T17:43:14.375Z,rabbitmq-5cdf8f76b7-ftmdd,rabbitmq,Running,True,1,1,0,"{""rabbitmq"": 0}","{""rabbitmq"": ""running""}",1,desktop-control-plane,True,"{""desktop-control-plane"": true}"
2026-09-09T17:43:14.375Z,worker-56d7bdf6b4-8hz8f,worker,Running,True,1,1,0,"{""worker"": 0}","{""worker"": ""running""}",1,desktop-control-plane,True,"{""desktop-control-plane"": true}"
2026-09-09T17:43:19.376Z,api-6b9869b78-28xn9,api,Running,True,1,1,1,"{""api"": 1}","{""api"": ""running""}",1,desktop-control-plane,True,"{""desktop-control-plane"": true}"
2026-09-09T17:43:19.376Z,jaeger-7cc9b664cc-6bwgk,jaeger,Running,True,1,1,0,"{""jaeger"": 0}","{""jaeger"": ""running""}",1,desktop-control-plane,True,"{""desktop-control-plane"": true}"
2026-09-09T17:43:19.376Z,otel-collector-7c765745bf-x2wsq,otel-collector,Running,True,1,1,0,"{""otel-collector"": 0}","{""otel-collector"": ""running""}",1,desktop-control-plane,True,"{""desktop-control-plane"": true}"
2026-09-09T17:43:19.376Z,postgres-676cc4986c-8r7v5,postgres,Running,True,1,1,0,"{""postgres"": 0}","{""postgres"": ""running""}",1,desktop-control-plane,True,"{""desktop-control-plane"": true}"
2026-09-09T17:43:19.376Z,prometheus-59f5cf7468-qk6t6,prometheus,Running,True,1,1,0,"{""prometheus"": 0}","{""prometheus"": ""running""}",1,desktop-control-plane,True,"{""desktop-control-plane"": true}"
2026-09-09T17:43:19.376Z,rabbitmq-5cdf8f76b7-ftmdd,rabbitmq,Running,True,1,1,0,"{""rabbitmq"": 0}","{""rabbitmq"": ""running""}",1,desktop-control-plane,True,"{""desktop-control-plane"": true}"
2026-09-09T17:43:19.376Z,worker-56d7bdf6b4-8hz8f,worker,Running,True,1,1,0,"{""worker"": 0}","{""worker"": ""running""}",1,desktop-control-plane,True,"{""desktop-control-plane"": true}"
2026-09-09T17:43:24.376Z,api-6b9869b78-28xn9,api,Running,True,1,1,1,"{""api"": 1}","{""api"": ""running""}",1,desktop-control-plane,True,"{""desktop-control-plane"": true}"
2026-09-09T17:43:24.376Z,jaeger-7cc9b664cc-6bwgk,jaeger,Running,True,1,1,0,"{""jaeger"": 0}","{""jaeger"": ""running""}",1,desktop-control-plane,True,"{""desktop-control-plane"": true}"
2026-09-09T17:43:24.376Z,otel-collector-7c765745bf-x2wsq,otel-collector,Running,True,1,1,0,"{""otel-collector"": 0}","{""otel-collector"": ""running""}",1,desktop-control-plane,True,"{""desktop-control-plane"": true}"
2026-09-09T17:43:24.376Z,postgres-676cc4986c-8r7v5,postgres,Running,True,1,1,0,"{""postgres"": 0}","{""postgres"": ""running""}",1,desktop-control-plane,True,"{""desktop-control-plane"": true}"
2026-09-09T17:43:24.376Z,prometheus-59f5cf7468-qk6t6,prometheus,Running,True,1,1,0,"{""prometheus"": 0}","{""prometheus"": ""running""}",1,desktop-control-plane,True,"{""desktop-control-plane"": true}"
2026-09-09T17:43:24.376Z,rabbitmq-5cdf8f76b7-ftmdd,rabbitmq,Running,True,1,1,0,"{""rabbitmq"": 0}","{""rabbitmq"": ""running""}",1,desktop-control-plane,True,"{""desktop-control-plane"": true}"
2026-09-09T17:43:24.376Z,worker-56d7bdf6b4-8hz8f,worker,Running,True,1,1,0,"{""worker"": 0}","{""worker"": ""running""}",1,desktop-control-plane,True,"{""desktop-control-plane"": true}"
2026-09-09T17:43:29.376Z,api-6b9869b78-28xn9,api,Running,True,1,1,1,"{""api"": 1}","{""api"": ""running""}",1,desktop-control-plane,True,"{""desktop-control-plane"": true}"
2026-09-09T17:43:29.376Z,jaeger-7cc9b664cc-6bwgk,jaeger,Running,True,1,1,0,"{""jaeger"": 0}","{""jaeger"": ""running""}",1,desktop-control-plane,True,"{""desktop-control-plane"": true}"
2026-09-09T17:43:29.376Z,otel-collector-7c765745bf-x2wsq,otel-collector,Running,True,1,1,0,"{""otel-collector"": 0}","{""otel-collector"": ""running""}",1,desktop-control-plane,True,"{""desktop-control-plane"": true}"
2026-09-09T17:43:29.376Z,postgres-676cc4986c-8r7v5,postgres,Running,True,1,1,0,"{""postgres"": 0}","{""postgres"": ""running""}",1,desktop-control-plane,True,"{""desktop-control-plane"": true}"
2026-09-09T17:43:29.376Z,prometheus-59f5cf7468-qk6t6,prometheus,Running,True,1,1,0,"{""prometheus"": 0}","{""prometheus"": ""running""}",1,desktop-control-plane,True,"{""desktop-control-plane"": true}"
2026-09-09T17:43:29.376Z,rabbitmq-5cdf8f76b7-ftmdd,rabbitmq,Running,True,1,1,0,"{""rabbitmq"": 0}","{""rabbitmq"": ""running""}",1,desktop-control-plane,True,"{""desktop-control-plane"": true}"
2026-09-09T17:43:29.376Z,worker-56d7bdf6b4-8hz8f,worker,Running,True,1,1,0,"{""worker"": 0}","{""worker"": ""running""}",1,desktop-control-plane,True,"{""desktop-control-plane"": true}"
2026-09-09T17:43:34.377Z,api-6b9869b78-28xn9,api,Running,True,1,1,1,"{""api"": 1}","{""api"": ""running""}",1,desktop-control-plane,True,"{""desktop-control-plane"": true}"
2026-09-09T17:43:34.377Z,jaeger-7cc9b664cc-6bwgk,jaeger,Running,True,1,1,0,"{""jaeger"": 0}","{""jaeger"": ""running""}",1,desktop-control-plane,True,"{""desktop-control-plane"": true}"
2026-09-09T17:43:34.377Z,otel-collector-7c765745bf-x2wsq,otel-collector,Running,True,1,1,0,"{""otel-collector"": 0}","{""otel-collector"": ""running""}",1,desktop-control-plane,True,"{""desktop-control-plane"": true}"
2026-09-09T17:43:34.377Z,postgres-676cc4986c-8r7v5,postgres,Running,True,1,1,0,"{""postgres"": 0}","{""postgres"": ""running""}",1,desktop-control-plane,True,"{""desktop-control-plane"": true}"
2026-09-09T17:43:34.377Z,prometheus-59f5cf7468-qk6t6,prometheus,Running,True,1,1,0,"{""prometheus"": 0}","{""prometheus"": ""running""}",1,desktop-control-plane,True,"{""desktop-control-plane"": true}"
2026-09-09T17:43:34.377Z,rabbitmq-5cdf8f76b7-ftmdd,rabbitmq,Running,True,1,1,0,"{""rabbitmq"": 0}","{""rabbitmq"": ""running""}",1,desktop-control-plane,True,"{""desktop-control-plane"": true}"
2026-09-09T17:43:34.377Z,worker-56d7bdf6b4-8hz8f,worker,Running,True,1,1,0,"{""worker"": 0}","{""worker"": ""running""}",1,desktop-control-plane,True,"{""desktop-control-plane"": true}"
2026-09-09T17:43:39.377Z,api-6b9869b78-28xn9,api,Running,True,1,1,1,"{""api"": 1}","{""api"": ""running""}",1,desktop-control-plane,True,"{""desktop-control-plane"": true}"
2026-09-09T17:43:39.377Z,jaeger-7cc9b664cc-6bwgk,jaeger,Running,True,1,1,0,"{""jaeger"": 0}","{""jaeger"": ""running""}",1,desktop-control-plane,True,"{""desktop-control-plane"": true}"
2026-09-09T17:43:39.377Z,otel-collector-7c765745bf-x2wsq,otel-collector,Running,True,1,1,0,"{""otel-collector"": 0}","{""otel-collector"": ""running""}",1,desktop-control-plane,True,"{""desktop-control-plane"": true}"
2026-09-09T17:43:39.377Z,postgres-676cc4986c-8r7v5,postgres,Running,True,1,1,0,"{""postgres"": 0}","{""postgres"": ""running""}",1,desktop-control-plane,True,"{""desktop-control-plane"": true}"
2026-09-09T17:43:39.377Z,prometheus-59f5cf7468-qk6t6,prometheus,Running,True,1,1,0,"{""prometheus"": 0}","{""prometheus"": ""running""}",1,desktop-control-plane,True,"{""desktop-control-plane"": true}"
2026-09-09T17:43:39.377Z,rabbitmq-5cdf8f76b7-ftmdd,rabbitmq,Running,True,1,1,0,"{""rabbitmq"": 0}","{""rabbitmq"": ""running""}",1,desktop-control-plane,True,"{""desktop-control-plane"": true}"
2026-09-09T17:43:39.377Z,worker-56d7bdf6b4-8hz8f,worker,Running,True,1,1,0,"{""worker"": 0}","{""worker"": ""running""}",1,desktop-control-plane,True,"{""desktop-control-plane"": true}"
2026-09-09T17:43:44.377Z,api-6b9869b78-28xn9,api,Running,True,1,1,1,"{""api"": 1}","{""api"": ""running""}",1,desktop-control-plane,True,"{""desktop-control-plane"": true}"
2026-09-09T17:43:44.377Z,jaeger-7cc9b664cc-6bwgk,jaeger,Running,True,1,1,0,"{""jaeger"": 0}","{""jaeger"": ""running""}",1,desktop-control-plane,True,"{""desktop-control-plane"": true}"
2026-09-09T17:43:44.377Z,otel-collector-7c765745bf-x2wsq,otel-collector,Running,True,1,1,0,"{""otel-collector"": 0}","{""otel-collector"": ""running""}",1,desktop-control-plane,True,"{""desktop-control-plane"": true}"
2026-09-09T17:43:44.377Z,postgres-676cc4986c-8r7v5,postgres,Running,True,1,1,0,"{""postgres"": 0}","{""postgres"": ""running""}",1,desktop-control-plane,True,"{""desktop-control-plane"": true}"
2026-09-09T17:43:44.377Z,prometheus-59f5cf7468-qk6t6,prometheus,Running,True,1,1,0,"{""prometheus"": 0}","{""prometheus"": ""running""}",1,desktop-control-plane,True,"{""desktop-control-plane"": true}"
2026-09-09T17:43:44.377Z,rabbitmq-5cdf8f76b7-ftmdd,rabbitmq,Running,True,1,1,0,"{""rabbitmq"": 0}","{""rabbitmq"": ""running""}",1,desktop-control-plane,True,"{""desktop-control-plane"": true}"
2026-09-09T17:43:44.377Z,worker-56d7bdf6b4-8hz8f,worker,Running,True,1,1,0,"{""worker"": 0}","{""worker"": ""running""}",1,desktop-control-plane,True,"{""desktop-control-plane"": true}"
2026-09-09T17:43:49.377Z,api-6b9869b78-28xn9,api,Running,True,1,1,1,"{""api"": 1}","{""api"": ""running""}",1,desktop-control-plane,True,"{""desktop-control-plane"": true}"
2026-09-09T17:43:49.377Z,jaeger-7cc9b664cc-6bwgk,jaeger,Running,True,1,1,0,"{""jaeger"": 0}","{""jaeger"": ""running""}",1,desktop-control-plane,True,"{""desktop-control-plane"": true}"
2026-09-09T17:43:49.377Z,otel-collector-7c765745bf-x2wsq,otel-collector,Running,True,1,1,0,"{""otel-collector"": 0}","{""otel-collector"": ""running""}",1,desktop-control-plane,True,"{""desktop-control-plane"": true}"
2026-09-09T17:43:49.377Z,postgres-676cc4986c-8r7v5,postgres,Running,True,1,1,0,"{""postgres"": 0}","{""postgres"": ""running""}",1,desktop-control-plane,True,"{""desktop-control-plane"": true}"
2026-09-09T17:43:49.377Z,prometheus-59f5cf7468-qk6t6,prometheus,Running,True,1,1,0,"{""prometheus"": 0}","{""prometheus"": ""running""}",1,desktop-control-plane,True,"{""desktop-control-plane"": true}"
2026-09-09T17:43:49.377Z,rabbitmq-5cdf8f76b7-ftmdd,rabbitmq,Running,True,1,1,0,"{""rabbitmq"": 0}","{""rabbitmq"": ""running""}",1,desktop-control-plane,True,"{""desktop-control-plane"": true}"
2026-09-09T17:43:49.377Z,worker-56d7bdf6b4-8hz8f,worker,Running,True,1,1,0,"{""worker"": 0}","{""worker"": ""running""}",1,desktop-control-plane,True,"{""desktop-control-plane"": true}"
2026-09-09T17:43:54.378Z,api-6b9869b78-28xn9,api,Running,True,1,1,1,"{""api"": 1}","{""api"": ""running""}",1,desktop-control-plane,True,"{""desktop-control-plane"": true}"
2026-09-09T17:43:54.378Z,jaeger-7cc9b664cc-6bwgk,jaeger,Running,True,1,1,0,"{""jaeger"": 0}","{""jaeger"": ""running""}",1,desktop-control-plane,True,"{""desktop-control-plane"": true}"
2026-09-09T17:43:54.378Z,otel-collector-7c765745bf-x2wsq,otel-collector,Running,True,1,1,0,"{""otel-collector"": 0}","{""otel-collector"": ""running""}",1,desktop-control-plane,True,"{""desktop-control-plane"": true}"
2026-09-09T17:43:54.378Z,postgres-676cc4986c-8r7v5,postgres,Running,True,1,1,0,"{""postgres"": 0}","{""postgres"": ""running""}",1,desktop-control-plane,True,"{""desktop-control-plane"": true}"
2026-09-09T17:43:54.378Z,prometheus-59f5cf7468-qk6t6,prometheus,Running,True,1,1,0,"{""prometheus"": 0}","{""prometheus"": ""running""}",1,desktop-control-plane,True,"{""desktop-control-plane"": true}"
2026-09-09T17:43:54.378Z,rabbitmq-5cdf8f76b7-ftmdd,rabbitmq,Running,True,1,1,0,"{""rabbitmq"": 0}","{""rabbitmq"": ""running""}",1,desktop-control-plane,True,"{""desktop-control-plane"": true}"
2026-09-09T17:43:54.378Z,worker-56d7bdf6b4-8hz8f,worker,Running,True,1,1,0,"{""worker"": 0}","{""worker"": ""running""}",1,desktop-control-plane,True,"{""desktop-control-plane"": true}"
2026-09-09T17:43:59.378Z,api-6b9869b78-28xn9,api,Running,True,1,1,1,"{""api"": 1}","{""api"": ""running""}",1,desktop-control-plane,True,"{""desktop-control-plane"": true}"
2026-09-09T17:43:59.378Z,jaeger-7cc9b664cc-6bwgk,jaeger,Running,True,1,1,0,"{""jaeger"": 0}","{""jaeger"": ""running""}",1,desktop-control-plane,True,"{""desktop-control-plane"": true}"
2026-09-09T17:43:59.378Z,otel-collector-7c765745bf-x2wsq,otel-collector,Running,True,1,1,0,"{""otel-collector"": 0}","{""otel-collector"": ""running""}",1,desktop-control-plane,True,"{""desktop-control-plane"": true}"
2026-09-09T17:43:59.378Z,postgres-676cc4986c-8r7v5,postgres,Running,True,1,1,0,"{""postgres"": 0}","{""postgres"": ""running""}",1,desktop-control-plane,True,"{""desktop-control-plane"": true}"
2026-09-09T17:43:59.378Z,prometheus-59f5cf7468-qk6t6,prometheus,Running,True,1,1,0,"{""prometheus"": 0}","{""prometheus"": ""running""}",1,desktop-control-plane,True,"{""desktop-control-plane"": true}"
2026-09-09T17:43:59.378Z,rabbitmq-5cdf8f76b7-ftmdd,rabbitmq,Running,True,1,1,0,"{""rabbitmq"": 0}","{""rabbitmq"": ""running""}",1,desktop-control-plane,True,"{""desktop-control-plane"": true}"
2026-09-09T17:43:59.378Z,worker-56d7bdf6b4-8hz8f,worker,Running,True,1,1,0,"{""worker"": 0}","{""worker"": ""running""}",1,desktop-control-plane,True,"{""desktop-control-plane"": true}"
2026-09-09T17:44:04.379Z,api-6b9869b78-28xn9,api,Running,True,1,1,1,"{""api"": 1}","{""api"": ""running""}",1,desktop-control-plane,True,"{""desktop-control-plane"": true}"
2026-09-09T17:44:04.379Z,jaeger-7cc9b664cc-6bwgk,jaeger,Running,True,1,1,0,"{""jaeger"": 0}","{""jaeger"": ""running""}",1,desktop-control-plane,True,"{""desktop-control-plane"": true}"
2026-09-09T17:44:04.379Z,otel-collector-7c765745bf-x2wsq,otel-collector,Running,True,1,1,0,"{""otel-collector"": 0}","{""otel-collector"": ""running""}",1,desktop-control-plane,True,"{""desktop-control-plane"": true}"
2026-09-09T17:44:04.379Z,postgres-676cc4986c-8r7v5,postgres,Running,True,1,1,0,"{""postgres"": 0}","{""postgres"": ""running""}",1,desktop-control-plane,True,"{""desktop-control-plane"": true}"
2026-09-09T17:44:04.379Z,prometheus-59f5cf7468-qk6t6,prometheus,Running,True,1,1,0,"{""prometheus"": 0}","{""prometheus"": ""running""}",1,desktop-control-plane,True,"{""desktop-control-plane"": true}"
2026-09-09T17:44:04.379Z,rabbitmq-5cdf8f76b7-ftmdd,rabbitmq,Running,True,1,1,0,"{""rabbitmq"": 0}","{""rabbitmq"": ""running""}",1,desktop-control-plane,True,"{""desktop-control-plane"": true}"
2026-09-09T17:44:04.379Z,worker-56d7bdf6b4-8hz8f,worker,Running,True,1,1,0,"{""worker"": 0}","{""worker"": ""running""}",1,desktop-control-plane,True,"{""desktop-control-plane"": true}"
2026-09-09T17:44:09.379Z,api-6b9869b78-28xn9,api,Running,True,1,1,1,"{""api"": 1}","{""api"": ""running""}",1,desktop-control-plane,True,"{""desktop-control-plane"": true}"
2026-09-09T17:44:09.379Z,jaeger-7cc9b664cc-6bwgk,jaeger,Running,True,1,1,0,"{""jaeger"": 0}","{""jaeger"": ""running""}",1,desktop-control-plane,True,"{""desktop-control-plane"": true}"
2026-09-09T17:44:09.379Z,otel-collector-7c765745bf-x2wsq,otel-collector,Running,True,1,1,0,"{""otel-collector"": 0}","{""otel-collector"": ""running""}",1,desktop-control-plane,True,"{""desktop-control-plane"": true}"
2026-09-09T17:44:09.379Z,postgres-676cc4986c-8r7v5,postgres,Running,True,1,1,0,"{""postgres"": 0}","{""postgres"": ""running""}",1,desktop-control-plane,True,"{""desktop-control-plane"": true}"
2026-09-09T17:44:09.379Z,prometheus-59f5cf7468-qk6t6,prometheus,Running,True,1,1,0,"{""prometheus"": 0}","{""prometheus"": ""running""}",1,desktop-control-plane,True,"{""desktop-control-plane"": true}"
2026-09-09T17:44:09.379Z,rabbitmq-5cdf8f76b7-ftmdd,rabbitmq,Running,True,1,1,0,"{""rabbitmq"": 0}","{""rabbitmq"": ""running""}",1,desktop-control-plane,True,"{""desktop-control-plane"": true}"
2026-09-09T17:44:09.379Z,worker-56d7bdf6b4-8hz8f,worker,Running,True,1,1,0,"{""worker"": 0}","{""worker"": ""running""}",1,desktop-control-plane,True,"{""desktop-control-plane"": true}"
2026-09-09T17:44:14.379Z,api-6b9869b78-28xn9,api,Running,True,1,1,1,"{""api"": 1}","{""api"": ""running""}",1,desktop-control-plane,True,"{""desktop-control-plane"": true}"
2026-09-09T17:44:14.379Z,jaeger-7cc9b664cc-6bwgk,jaeger,Running,True,1,1,0,"{""jaeger"": 0}","{""jaeger"": ""running""}",1,desktop-control-plane,True,"{""desktop-control-plane"": true}"
2026-09-09T17:44:14.379Z,otel-collector-7c765745bf-x2wsq,otel-collector,Running,True,1,1,0,"{""otel-collector"": 0}","{""otel-collector"": ""running""}",1,desktop-control-plane,True,"{""desktop-control-plane"": true}"
2026-09-09T17:44:14.379Z,postgres-676cc4986c-8r7v5,postgres,Running,True,1,1,0,"{""postgres"": 0}","{""postgres"": ""running""}",1,desktop-control-plane,True,"{""desktop-control-plane"": true}"
2026-09-09T17:44:14.379Z,prometheus-59f5cf7468-qk6t6,prometheus,Running,True,1,1,0,"{""prometheus"": 0}","{""prometheus"": ""running""}",1,desktop-control-plane,True,"{""desktop-control-plane"": true}"
2026-09-09T17:44:14.379Z,rabbitmq-5cdf8f76b7-ftmdd,rabbitmq,Running,True,1,1,0,"{""rabbitmq"": 0}","{""rabbitmq"": ""running""}",1,desktop-control-plane,True,"{""desktop-control-plane"": true}"
2026-09-09T17:44:14.379Z,worker-56d7bdf6b4-8hz8f,worker,Running,True,1,1,0,"{""worker"": 0}","{""worker"": ""running""}",1,desktop-control-plane,True,"{""desktop-control-plane"": true}"
2026-09-09T17:44:19.379Z,api-6b9869b78-28xn9,api,Running,True,1,1,1,"{""api"": 1}","{""api"": ""running""}",1,desktop-control-plane,True,"{""desktop-control-plane"": true}"
2026-09-09T17:44:19.379Z,jaeger-7cc9b664cc-6bwgk,jaeger,Running,True,1,1,0,"{""jaeger"": 0}","{""jaeger"": ""running""}",1,desktop-control-plane,True,"{""desktop-control-plane"": true}"
2026-09-09T17:44:19.379Z,otel-collector-7c765745bf-x2wsq,otel-collector,Running,True,1,1,0,"{""otel-collector"": 0}","{""otel-collector"": ""running""}",1,desktop-control-plane,True,"{""desktop-control-plane"": true}"
2026-09-09T17:44:19.379Z,postgres-676cc4986c-8r7v5,postgres,Running,True,1,1,0,"{""postgres"": 0}","{""postgres"": ""running""}",1,desktop-control-plane,True,"{""desktop-control-plane"": true}"
2026-09-09T17:44:19.379Z,prometheus-59f5cf7468-qk6t6,prometheus,Running,True,1,1,0,"{""prometheus"": 0}","{""prometheus"": ""running""}",1,desktop-control-plane,True,"{""desktop-control-plane"": true}"
2026-09-09T17:44:19.379Z,rabbitmq-5cdf8f76b7-ftmdd,rabbitmq,Running,True,1,1,0,"{""rabbitmq"": 0}","{""rabbitmq"": ""running""}",1,desktop-control-plane,True,"{""desktop-control-plane"": true}"
2026-09-09T17:44:19.379Z,worker-56d7bdf6b4-8hz8f,worker,Running,True,1,1,0,"{""worker"": 0}","{""worker"": ""running""}",1,desktop-control-plane,True,"{""desktop-control-plane"": true}"
2026-09-09T17:44:24.380Z,api-6b9869b78-28xn9,api,Running,True,1,1,1,"{""api"": 1}","{""api"": ""running""}",1,desktop-control-plane,True,"{""desktop-control-plane"": true}"
2026-09-09T17:44:24.380Z,jaeger-7cc9b664cc-6bwgk,jaeger,Running,True,1,1,0,"{""jaeger"": 0}","{""jaeger"": ""running""}",1,desktop-control-plane,True,"{""desktop-control-plane"": true}"
2026-09-09T17:44:24.380Z,otel-collector-7c765745bf-x2wsq,otel-collector,Running,True,1,1,0,"{""otel-collector"": 0}","{""otel-collector"": ""running""}",1,desktop-control-plane,True,"{""desktop-control-plane"": true}"
2026-09-09T17:44:24.380Z,postgres-676cc4986c-8r7v5,postgres,Running,True,1,1,0,"{""postgres"": 0}","{""postgres"": ""running""}",1,desktop-control-plane,True,"{""desktop-control-plane"": true}"
2026-09-09T17:44:24.380Z,prometheus-59f5cf7468-qk6t6,prometheus,Running,True,1,1,0,"{""prometheus"": 0}","{""prometheus"": ""running""}",1,desktop-control-plane,True,"{""desktop-control-plane"": true}"
2026-09-09T17:44:24.380Z,rabbitmq-5cdf8f76b7-ftmdd,rabbitmq,Running,True,1,1,0,"{""rabbitmq"": 0}","{""rabbitmq"": ""running""}",1,desktop-control-plane,True,"{""desktop-control-plane"": true}"
2026-09-09T17:44:24.380Z,worker-56d7bdf6b4-8hz8f,worker,Running,True,1,1,0,"{""worker"": 0}","{""worker"": ""running""}",1,desktop-control-plane,True,"{""desktop-control-plane"": true}"
2026-09-09T17:44:29.380Z,api-6b9869b78-28xn9,api,Running,True,1,1,1,"{""api"": 1}","{""api"": ""running""}",1,desktop-control-plane,True,"{""desktop-control-plane"": true}"
2026-09-09T17:44:29.380Z,jaeger-7cc9b664cc-6bwgk,jaeger,Running,True,1,1,0,"{""jaeger"": 0}","{""jaeger"": ""running""}",1,desktop-control-plane,True,"{""desktop-control-plane"": true}"
2026-09-09T17:44:29.380Z,otel-collector-7c765745bf-x2wsq,otel-collector,Running,True,1,1,0,"{""otel-collector"": 0}","{""otel-collector"": ""running""}",1,desktop-control-plane,True,"{""desktop-control-plane"": true}"
2026-09-09T17:44:29.380Z,postgres-676cc4986c-8r7v5,postgres,Running,True,1,1,0,"{""postgres"": 0}","{""postgres"": ""running""}",1,desktop-control-plane,True,"{""desktop-control-plane"": true}"
2026-09-09T17:44:29.380Z,prometheus-59f5cf7468-qk6t6,prometheus,Running,True,1,1,0,"{""prometheus"": 0}","{""prometheus"": ""running""}",1,desktop-control-plane,True,"{""desktop-control-plane"": true}"
2026-09-09T17:44:29.380Z,rabbitmq-5cdf8f76b7-ftmdd,rabbitmq,Running,True,1,1,0,"{""rabbitmq"": 0}","{""rabbitmq"": ""running""}",1,desktop-control-plane,True,"{""desktop-control-plane"": true}"
2026-09-09T17:44:29.380Z,worker-56d7bdf6b4-8hz8f,worker,Running,True,1,1,0,"{""worker"": 0}","{""worker"": ""running""}",1,desktop-control-plane,True,"{""desktop-control-plane"": true}"
2026-09-09T17:44:34.381Z,api-6b9869b78-28xn9,api,Running,True,1,1,1,"{""api"": 1}","{""api"": ""running""}",1,desktop-control-plane,True,"{""desktop-control-plane"": true}"
2026-09-09T17:44:34.381Z,jaeger-7cc9b664cc-6bwgk,jaeger,Running,True,1,1,0,"{""jaeger"": 0}","{""jaeger"": ""running""}",1,desktop-control-plane,True,"{""desktop-control-plane"": true}"
2026-09-09T17:44:34.381Z,otel-collector-7c765745bf-x2wsq,otel-collector,Running,True,1,1,0,"{""otel-collector"": 0}","{""otel-collector"": ""running""}",1,desktop-control-plane,True,"{""desktop-control-plane"": true}"
2026-09-09T17:44:34.381Z,postgres-676cc4986c-8r7v5,postgres,Running,True,1,1,0,"{""postgres"": 0}","{""postgres"": ""running""}",1,desktop-control-plane,True,"{""desktop-control-plane"": true}"
2026-09-09T17:44:34.381Z,prometheus-59f5cf7468-qk6t6,prometheus,Running,True,1,1,0,"{""prometheus"": 0}","{""prometheus"": ""running""}",1,desktop-control-plane,True,"{""desktop-control-plane"": true}"
2026-09-09T17:44:34.381Z,rabbitmq-5cdf8f76b7-ftmdd,rabbitmq,Running,True,1,1,0,"{""rabbitmq"": 0}","{""rabbitmq"": ""running""}",1,desktop-control-plane,True,"{""desktop-control-plane"": true}"
2026-09-09T17:44:34.381Z,worker-56d7bdf6b4-8hz8f,worker,Running,True,1,1,0,"{""worker"": 0}","{""worker"": ""running""}",1,desktop-control-plane,True,"{""desktop-control-plane"": true}"
2026-09-09T17:44:39.381Z,api-6b9869b78-28xn9,api,Running,True,1,1,1,"{""api"": 1}","{""api"": ""running""}",1,desktop-control-plane,True,"{""desktop-control-plane"": true}"
2026-09-09T17:44:39.381Z,jaeger-7cc9b664cc-6bwgk,jaeger,Running,True,1,1,0,"{""jaeger"": 0}","{""jaeger"": ""running""}",1,desktop-control-plane,True,"{""desktop-control-plane"": true}"
2026-09-09T17:44:39.381Z,otel-collector-7c765745bf-x2wsq,otel-collector,Running,True,1,1,0,"{""otel-collector"": 0}","{""otel-collector"": ""running""}",1,desktop-control-plane,True,"{""desktop-control-plane"": true}"
2026-09-09T17:44:39.381Z,postgres-676cc4986c-8r7v5,postgres,Running,True,1,1,0,"{""postgres"": 0}","{""postgres"": ""running""}",1,desktop-control-plane,True,"{""desktop-control-plane"": true}"
2026-09-09T17:44:39.381Z,prometheus-59f5cf7468-qk6t6,prometheus,Running,True,1,1,0,"{""prometheus"": 0}","{""prometheus"": ""running""}",1,desktop-control-plane,True,"{""desktop-control-plane"": true}"
2026-09-09T17:44:39.381Z,rabbitmq-5cdf8f76b7-ftmdd,rabbitmq,Running,True,1,1,0,"{""rabbitmq"": 0}","{""rabbitmq"": ""running""}",1,desktop-control-plane,True,"{""desktop-control-plane"": true}"
2026-09-09T17:44:39.381Z,worker-56d7bdf6b4-8hz8f,worker,Running,True,1,1,0,"{""worker"": 0}","{""worker"": ""running""}",1,desktop-control-plane,True,"{""desktop-control-plane"": true}"
2026-09-09T17:44:44.381Z,api-6b9869b78-28xn9,api,Running,True,1,1,1,"{""api"": 1}","{""api"": ""running""}",1,desktop-control-plane,True,"{""desktop-control-plane"": true}"
2026-09-09T17:44:44.381Z,jaeger-7cc9b664cc-6bwgk,jaeger,Running,True,1,1,0,"{""jaeger"": 0}","{""jaeger"": ""running""}",1,desktop-control-plane,True,"{""desktop-control-plane"": true}"
2026-09-09T17:44:44.381Z,otel-collector-7c765745bf-x2wsq,otel-collector,Running,True,1,1,0,"{""otel-collector"": 0}","{""otel-collector"": ""running""}",1,desktop-control-plane,True,"{""desktop-control-plane"": true}"
2026-09-09T17:44:44.381Z,postgres-676cc4986c-8r7v5,postgres,Running,True,1,1,0,"{""postgres"": 0}","{""postgres"": ""running""}",1,desktop-control-plane,True,"{""desktop-control-plane"": true}"
2026-09-09T17:44:44.381Z,prometheus-59f5cf7468-qk6t6,prometheus,Running,True,1,1,0,"{""prometheus"": 0}","{""prometheus"": ""running""}",1,desktop-control-plane,True,"{""desktop-control-plane"": true}"
2026-09-09T17:44:44.381Z,rabbitmq-5cdf8f76b7-ftmdd,rabbitmq,Running,True,1,1,0,"{""rabbitmq"": 0}","{""rabbitmq"": ""running""}",1,desktop-control-plane,True,"{""desktop-control-plane"": true}"
2026-09-09T17:44:44.381Z,worker-56d7bdf6b4-8hz8f,worker,Running,True,1,1,0,"{""worker"": 0}","{""worker"": ""running""}",1,desktop-control-plane,True,"{""desktop-control-plane"": true}"
2026-09-09T17:44:49.381Z,api-6b9869b78-28xn9,api,Running,True,1,1,1,"{""api"": 1}","{""api"": ""running""}",1,desktop-control-plane,True,"{""desktop-control-plane"": true}"
2026-09-09T17:44:49.381Z,jaeger-7cc9b664cc-6bwgk,jaeger,Running,True,1,1,0,"{""jaeger"": 0}","{""jaeger"": ""running""}",1,desktop-control-plane,True,"{""desktop-control-plane"": true}"
2026-09-09T17:44:49.381Z,otel-collector-7c765745bf-x2wsq,otel-collector,Running,True,1,1,0,"{""otel-collector"": 0}","{""otel-collector"": ""running""}",1,desktop-control-plane,True,"{""desktop-control-plane"": true}"
2026-09-09T17:44:49.381Z,postgres-676cc4986c-8r7v5,postgres,Running,True,1,1,0,"{""postgres"": 0}","{""postgres"": ""running""}",1,desktop-control-plane,True,"{""desktop-control-plane"": true}"
2026-09-09T17:44:49.381Z,prometheus-59f5cf7468-qk6t6,prometheus,Running,True,1,1,0,"{""prometheus"": 0}","{""prometheus"": ""running""}",1,desktop-control-plane,True,"{""desktop-control-plane"": true}"
2026-09-09T17:44:49.381Z,rabbitmq-5cdf8f76b7-ftmdd,rabbitmq,Running,True,1,1,0,"{""rabbitmq"": 0}","{""rabbitmq"": ""running""}",1,desktop-control-plane,True,"{""desktop-control-plane"": true}"
2026-09-09T17:44:49.381Z,worker-56d7bdf6b4-8hz8f,worker,Running,True,1,1,0,"{""worker"": 0}","{""worker"": ""running""}",1,desktop-control-plane,True,"{""desktop-control-plane"": true}"
2026-09-09T17:44:54.382Z,api-6b9869b78-28xn9,api,Running,True,1,1,1,"{""api"": 1}","{""api"": ""running""}",1,desktop-control-plane,True,"{""desktop-control-plane"": true}"
2026-09-09T17:44:54.382Z,jaeger-7cc9b664cc-6bwgk,jaeger,Running,True,1,1,0,"{""jaeger"": 0}","{""jaeger"": ""running""}",1,desktop-control-plane,True,"{""desktop-control-plane"": true}"
2026-09-09T17:44:54.382Z,otel-collector-7c765745bf-x2wsq,otel-collector,Running,True,1,1,0,"{""otel-collector"": 0}","{""otel-collector"": ""running""}",1,desktop-control-plane,True,"{""desktop-control-plane"": true}"
2026-09-09T17:44:54.382Z,postgres-676cc4986c-8r7v5,postgres,Running,True,1,1,0,"{""postgres"": 0}","{""postgres"": ""running""}",1,desktop-control-plane,True,"{""desktop-control-plane"": true}"
2026-09-09T17:44:54.382Z,prometheus-59f5cf7468-qk6t6,prometheus,Running,True,1,1,0,"{""prometheus"": 0}","{""prometheus"": ""running""}",1,desktop-control-plane,True,"{""desktop-control-plane"": true}"
2026-09-09T17:44:54.382Z,rabbitmq-5cdf8f76b7-ftmdd,rabbitmq,Running,True,1,1,0,"{""rabbitmq"": 0}","{""rabbitmq"": ""running""}",1,desktop-control-plane,True,"{""desktop-control-plane"": true}"
2026-09-09T17:44:54.382Z,worker-56d7bdf6b4-8hz8f,worker,Running,True,1,1,0,"{""worker"": 0}","{""worker"": ""running""}",1,desktop-control-plane,True,"{""desktop-control-plane"": true}"
2026-09-09T17:44:59.382Z,api-6b9869b78-28xn9,api,Running,True,1,1,1,"{""api"": 1}","{""api"": ""running""}",1,desktop-control-plane,True,"{""desktop-control-plane"": true}"
2026-09-09T17:44:59.382Z,jaeger-7cc9b664cc-6bwgk,jaeger,Running,True,1,1,0,"{""jaeger"": 0}","{""jaeger"": ""running""}",1,desktop-control-plane,True,"{""desktop-control-plane"": true}"
2026-09-09T17:44:59.382Z,otel-collector-7c765745bf-x2wsq,otel-collector,Running,True,1,1,0,"{""otel-collector"": 0}","{""otel-collector"": ""running""}",1,desktop-control-plane,True,"{""desktop-control-plane"": true}"
2026-09-09T17:44:59.382Z,postgres-676cc4986c-8r7v5,postgres,Running,True,1,1,0,"{""postgres"": 0}","{""postgres"": ""running""}",1,desktop-control-plane,True,"{""desktop-control-plane"": true}"
2026-09-09T17:44:59.382Z,prometheus-59f5cf7468-qk6t6,prometheus,Running,True,1,1,0,"{""prometheus"": 0}","{""prometheus"": ""running""}",1,desktop-control-plane,True,"{""desktop-control-plane"": true}"
2026-09-09T17:44:59.382Z,rabbitmq-5cdf8f76b7-ftmdd,rabbitmq,Running,True,1,1,0,"{""rabbitmq"": 0}","{""rabbitmq"": ""running""}",1,desktop-control-plane,True,"{""desktop-control-plane"": true}"
2026-09-09T17:44:59.382Z,worker-56d7bdf6b4-8hz8f,worker,Running,True,1,1,0,"{""worker"": 0}","{""worker"": ""running""}",1,desktop-control-plane,True,"{""desktop-control-plane"": true}"
2026-09-09T17:45:04.382Z,api-6b9869b78-28xn9,api,Running,True,1,1,1,"{""api"": 1}","{""api"": ""running""}",1,desktop-control-plane,True,"{""desktop-control-plane"": true}"
2026-09-09T17:45:04.382Z,jaeger-7cc9b664cc-6bwgk,jaeger,Running,True,1,1,0,"{""jaeger"": 0}","{""jaeger"": ""running""}",1,desktop-control-plane,True,"{""desktop-control-plane"": true}"
2026-09-09T17:45:04.382Z,otel-collector-7c765745bf-x2wsq,otel-collector,Running,True,1,1,0,"{""otel-collector"": 0}","{""otel-collector"": ""running""}",1,desktop-control-plane,True,"{""desktop-control-plane"": true}"
2026-09-09T17:45:04.382Z,postgres-676cc4986c-8r7v5,postgres,Running,True,1,1,0,"{""postgres"": 0}","{""postgres"": ""running""}",1,desktop-control-plane,True,"{""desktop-control-plane"": true}"
2026-09-09T17:45:04.382Z,prometheus-59f5cf7468-qk6t6,prometheus,Running,True,1,1,0,"{""prometheus"": 0}","{""prometheus"": ""running""}",1,desktop-control-plane,True,"{""desktop-control-plane"": true}"
2026-09-09T17:45:04.382Z,rabbitmq-5cdf8f76b7-ftmdd,rabbitmq,Running,True,1,1,0,"{""rabbitmq"": 0}","{""rabbitmq"": ""running""}",1,desktop-control-plane,True,"{""desktop-control-plane"": true}"
2026-09-09T17:45:04.382Z,worker-56d7bdf6b4-8hz8f,worker,Running,True,1,1,0,"{""worker"": 0}","{""worker"": ""running""}",1,desktop-control-plane,True,"{""desktop-control-plane"": true}"
2026-09-09T17:45:09.383Z,api-6b9869b78-28xn9,api,Running,True,1,1,1,"{""api"": 1}","{""api"": ""running""}",1,desktop-control-plane,True,"{""desktop-control-plane"": true}"
2026-09-09T17:45:09.383Z,jaeger-7cc9b664cc-6bwgk,jaeger,Running,True,1,1,0,"{""jaeger"": 0}","{""jaeger"": ""running""}",1,desktop-control-plane,True,"{""desktop-control-plane"": true}"
2026-09-09T17:45:09.383Z,otel-collector-7c765745bf-x2wsq,otel-collector,Running,True,1,1,0,"{""otel-collector"": 0}","{""otel-collector"": ""running""}",1,desktop-control-plane,True,"{""desktop-control-plane"": true}"
2026-09-09T17:45:09.383Z,postgres-676cc4986c-8r7v5,postgres,Running,True,1,1,0,"{""postgres"": 0}","{""postgres"": ""running""}",1,desktop-control-plane,True,"{""desktop-control-plane"": true}"
2026-09-09T17:45:09.383Z,prometheus-59f5cf7468-qk6t6,prometheus,Running,True,1,1,0,"{""prometheus"": 0}","{""prometheus"": ""running""}",1,desktop-control-plane,True,"{""desktop-control-plane"": true}"
2026-09-09T17:45:09.383Z,rabbitmq-5cdf8f76b7-ftmdd,rabbitmq,Running,True,1,1,0,"{""rabbitmq"": 0}","{""rabbitmq"": ""running""}",1,desktop-control-plane,True,"{""desktop-control-plane"": true}"
2026-09-09T17:45:09.383Z,worker-56d7bdf6b4-8hz8f,worker,Running,True,1,1,0,"{""worker"": 0}","{""worker"": ""running""}",1,desktop-control-plane,True,"{""desktop-control-plane"": true}"
2026-09-09T17:45:14.383Z,api-6b9869b78-28xn9,api,Running,True,1,1,1,"{""api"": 1}","{""api"": ""running""}",1,desktop-control-plane,True,"{""desktop-control-plane"": true}"
2026-09-09T17:45:14.383Z,jaeger-7cc9b664cc-6bwgk,jaeger,Running,True,1,1,0,"{""jaeger"": 0}","{""jaeger"": ""running""}",1,desktop-control-plane,True,"{""desktop-control-plane"": true}"
2026-09-09T17:45:14.383Z,otel-collector-7c765745bf-x2wsq,otel-collector,Running,True,1,1,0,"{""otel-collector"": 0}","{""otel-collector"": ""running""}",1,desktop-control-plane,True,"{""desktop-control-plane"": true}"
2026-09-09T17:45:14.383Z,postgres-676cc4986c-8r7v5,postgres,Running,True,1,1,0,"{""postgres"": 0}","{""postgres"": ""running""}",1,desktop-control-plane,True,"{""desktop-control-plane"": true}"
2026-09-09T17:45:14.383Z,prometheus-59f5cf7468-qk6t6,prometheus,Running,True,1,1,0,"{""prometheus"": 0}","{""prometheus"": ""running""}",1,desktop-control-plane,True,"{""desktop-control-plane"": true}"
2026-09-09T17:45:14.383Z,rabbitmq-5cdf8f76b7-ftmdd,rabbitmq,Running,True,1,1,0,"{""rabbitmq"": 0}","{""rabbitmq"": ""running""}",1,desktop-control-plane,True,"{""desktop-control-plane"": true}"
2026-09-09T17:45:14.383Z,worker-56d7bdf6b4-8hz8f,worker,Running,True,1,1,0,"{""worker"": 0}","{""worker"": ""running""}",1,desktop-control-plane,True,"{""desktop-control-plane"": true}"
2026-09-09T17:45:19.384Z,api-6b9869b78-28xn9,api,Running,True,1,1,1,"{""api"": 1}","{""api"": ""running""}",1,desktop-control-plane,True,"{""desktop-control-plane"": true}"
2026-09-09T17:45:19.384Z,jaeger-7cc9b664cc-6bwgk,jaeger,Running,True,1,1,0,"{""jaeger"": 0}","{""jaeger"": ""running""}",1,desktop-control-plane,True,"{""desktop-control-plane"": true}"
2026-09-09T17:45:19.384Z,otel-collector-7c765745bf-x2wsq,otel-collector,Running,True,1,1,0,"{""otel-collector"": 0}","{""otel-collector"": ""running""}",1,desktop-control-plane,True,"{""desktop-control-plane"": true}"
2026-09-09T17:45:19.384Z,postgres-676cc4986c-8r7v5,postgres,Running,True,1,1,0,"{""postgres"": 0}","{""postgres"": ""running""}",1,desktop-control-plane,True,"{""desktop-control-plane"": true}"
2026-09-09T17:45:19.384Z,prometheus-59f5cf7468-qk6t6,prometheus,Running,True,1,1,0,"{""prometheus"": 0}","{""prometheus"": ""running""}",1,desktop-control-plane,True,"{""desktop-control-plane"": true}"
2026-09-09T17:45:19.384Z,rabbitmq-5cdf8f76b7-ftmdd,rabbitmq,Running,True,1,1,0,"{""rabbitmq"": 0}","{""rabbitmq"": ""running""}",1,desktop-control-plane,True,"{""desktop-control-plane"": true}"
2026-09-09T17:45:19.384Z,worker-56d7bdf6b4-8hz8f,worker,Running,True,1,1,0,"{""worker"": 0}","{""worker"": ""running""}",1,desktop-control-plane,True,"{""desktop-control-plane"": true}"
2026-09-09T17:45:24.384Z,api-6b9869b78-28xn9,api,Running,True,1,1,1,"{""api"": 1}","{""api"": ""running""}",1,desktop-control-plane,True,"{""desktop-control-plane"": true}"
2026-09-09T17:45:24.384Z,jaeger-7cc9b664cc-6bwgk,jaeger,Running,True,1,1,0,"{""jaeger"": 0}","{""jaeger"": ""running""}",1,desktop-control-plane,True,"{""desktop-control-plane"": true}"
2026-09-09T17:45:24.384Z,otel-collector-7c765745bf-x2wsq,otel-collector,Running,True,1,1,0,"{""otel-collector"": 0}","{""otel-collector"": ""running""}",1,desktop-control-plane,True,"{""desktop-control-plane"": true}"
2026-09-09T17:45:24.384Z,postgres-676cc4986c-8r7v5,postgres,Running,True,1,1,0,"{""postgres"": 0}","{""postgres"": ""running""}",1,desktop-control-plane,True,"{""desktop-control-plane"": true}"
2026-09-09T17:45:24.384Z,prometheus-59f5cf7468-qk6t6,prometheus,Running,True,1,1,0,"{""prometheus"": 0}","{""prometheus"": ""running""}",1,desktop-control-plane,True,"{""desktop-control-plane"": true}"
2026-09-09T17:45:24.384Z,rabbitmq-5cdf8f76b7-ftmdd,rabbitmq,Running,True,1,1,0,"{""rabbitmq"": 0}","{""rabbitmq"": ""running""}",1,desktop-control-plane,True,"{""desktop-control-plane"": true}"
2026-09-09T17:45:24.384Z,worker-56d7bdf6b4-8hz8f,worker,Running,True,1,1,0,"{""worker"": 0}","{""worker"": ""running""}",1,desktop-control-plane,True,"{""desktop-control-plane"": true}"
2026-09-09T17:45:29.384Z,api-6b9869b78-28xn9,api,Running,True,1,1,1,"{""api"": 1}","{""api"": ""running""}",1,desktop-control-plane,True,"{""desktop-control-plane"": true}"
2026-09-09T17:45:29.384Z,jaeger-7cc9b664cc-6bwgk,jaeger,Running,True,1,1,0,"{""jaeger"": 0}","{""jaeger"": ""running""}",1,desktop-control-plane,True,"{""desktop-control-plane"": true}"
2026-09-09T17:45:29.384Z,otel-collector-7c765745bf-x2wsq,otel-collector,Running,True,1,1,0,"{""otel-collector"": 0}","{""otel-collector"": ""running""}",1,desktop-control-plane,True,"{""desktop-control-plane"": true}"
2026-09-09T17:45:29.384Z,postgres-676cc4986c-8r7v5,postgres,Running,True,1,1,0,"{""postgres"": 0}","{""postgres"": ""running""}",1,desktop-control-plane,True,"{""desktop-control-plane"": true}"
2026-09-09T17:45:29.384Z,prometheus-59f5cf7468-qk6t6,prometheus,Running,True,1,1,0,"{""prometheus"": 0}","{""prometheus"": ""running""}",1,desktop-control-plane,True,"{""desktop-control-plane"": true}"
2026-09-09T17:45:29.384Z,rabbitmq-5cdf8f76b7-ftmdd,rabbitmq,Running,True,1,1,0,"{""rabbitmq"": 0}","{""rabbitmq"": ""running""}",1,desktop-control-plane,True,"{""desktop-control-plane"": true}"
2026-09-09T17:45:29.384Z,worker-56d7bdf6b4-8hz8f,worker,Running,True,1,1,0,"{""worker"": 0}","{""worker"": ""running""}",1,desktop-control-plane,True,"{""desktop-control-plane"": true}"
2026-09-09T17:45:34.385Z,api-6b9869b78-28xn9,api,Running,True,1,1,1,"{""api"": 1}","{""api"": ""running""}",1,desktop-control-plane,True,"{""desktop-control-plane"": true}"
2026-09-09T17:45:34.385Z,jaeger-7cc9b664cc-6bwgk,jaeger,Running,True,1,1,0,"{""jaeger"": 0}","{""jaeger"": ""running""}",1,desktop-control-plane,True,"{""desktop-control-plane"": true}"
2026-09-09T17:45:34.385Z,otel-collector-7c765745bf-x2wsq,otel-collector,Running,True,1,1,0,"{""otel-collector"": 0}","{""otel-collector"": ""running""}",1,desktop-control-plane,True,"{""desktop-control-plane"": true}"
2026-09-09T17:45:34.385Z,postgres-676cc4986c-8r7v5,postgres,Running,True,1,1,0,"{""postgres"": 0}","{""postgres"": ""running""}",1,desktop-control-plane,True,"{""desktop-control-plane"": true}"
2026-09-09T17:45:34.385Z,prometheus-59f5cf7468-qk6t6,prometheus,Running,True,1,1,0,"{""prometheus"": 0}","{""prometheus"": ""running""}",1,desktop-control-plane,True,"{""desktop-control-plane"": true}"
2026-09-09T17:45:34.385Z,rabbitmq-5cdf8f76b7-ftmdd,rabbitmq,Running,True,1,1,0,"{""rabbitmq"": 0}","{""rabbitmq"": ""running""}",1,desktop-control-plane,True,"{""desktop-control-plane"": true}"
2026-09-09T17:45:34.385Z,worker-56d7bdf6b4-8hz8f,worker,Running,True,1,1,0,"{""worker"": 0}","{""worker"": ""running""}",1,desktop-control-plane,True,"{""desktop-control-plane"": true}"
2026-09-09T17:45:39.385Z,api-6b9869b78-28xn9,api,Running,True,1,1,1,"{""api"": 1}","{""api"": ""running""}",1,desktop-control-plane,True,"{""desktop-control-plane"": true}"
2026-09-09T17:45:39.385Z,jaeger-7cc9b664cc-6bwgk,jaeger,Running,True,1,1,0,"{""jaeger"": 0}","{""jaeger"": ""running""}",1,desktop-control-plane,True,"{""desktop-control-plane"": true}"
2026-09-09T17:45:39.385Z,otel-collector-7c765745bf-x2wsq,otel-collector,Running,True,1,1,0,"{""otel-collector"": 0}","{""otel-collector"": ""running""}",1,desktop-control-plane,True,"{""desktop-control-plane"": true}"
2026-09-09T17:45:39.385Z,postgres-676cc4986c-8r7v5,postgres,Running,True,1,1,0,"{""postgres"": 0}","{""postgres"": ""running""}",1,desktop-control-plane,True,"{""desktop-control-plane"": true}"
2026-09-09T17:45:39.385Z,prometheus-59f5cf7468-qk6t6,prometheus,Running,True,1,1,0,"{""prometheus"": 0}","{""prometheus"": ""running""}",1,desktop-control-plane,True,"{""desktop-control-plane"": true}"
2026-09-09T17:45:39.385Z,rabbitmq-5cdf8f76b7-ftmdd,rabbitmq,Running,True,1,1,0,"{""rabbitmq"": 0}","{""rabbitmq"": ""running""}",1,desktop-control-plane,True,"{""desktop-control-plane"": true}"
2026-09-09T17:45:39.385Z,worker-56d7bdf6b4-8hz8f,worker,Running,True,1,1,0,"{""worker"": 0}","{""worker"": ""running""}",1,desktop-control-plane,True,"{""desktop-control-plane"": true}"
2026-09-09T17:45:44.385Z,api-6b9869b78-28xn9,api,Running,True,1,1,1,"{""api"": 1}","{""api"": ""running""}",1,desktop-control-plane,True,"{""desktop-control-plane"": true}"
2026-09-09T17:45:44.385Z,jaeger-7cc9b664cc-6bwgk,jaeger,Running,True,1,1,0,"{""jaeger"": 0}","{""jaeger"": ""running""}",1,desktop-control-plane,True,"{""desktop-control-plane"": true}"
2026-09-09T17:45:44.385Z,otel-collector-7c765745bf-x2wsq,otel-collector,Running,True,1,1,0,"{""otel-collector"": 0}","{""otel-collector"": ""running""}",1,desktop-control-plane,True,"{""desktop-control-plane"": true}"
2026-09-09T17:45:44.385Z,postgres-676cc4986c-8r7v5,postgres,Running,True,1,1,0,"{""postgres"": 0}","{""postgres"": ""running""}",1,desktop-control-plane,True,"{""desktop-control-plane"": true}"
2026-09-09T17:45:44.385Z,prometheus-59f5cf7468-qk6t6,prometheus,Running,True,1,1,0,"{""prometheus"": 0}","{""prometheus"": ""running""}",1,desktop-control-plane,True,"{""desktop-control-plane"": true}"
2026-09-09T17:45:44.385Z,rabbitmq-5cdf8f76b7-ftmdd,rabbitmq,Running,True,1,1,0,"{""rabbitmq"": 0}","{""rabbitmq"": ""running""}",1,desktop-control-plane,True,"{""desktop-control-plane"": true}"
2026-09-09T17:45:44.385Z,worker-56d7bdf6b4-8hz8f,worker,Running,True,1,1,0,"{""worker"": 0}","{""worker"": ""running""}",1,desktop-control-plane,True,"{""desktop-control-plane"": true}"
2026-09-09T17:45:49.386Z,api-6b9869b78-28xn9,api,Running,True,1,1,1,"{""api"": 1}","{""api"": ""running""}",1,desktop-control-plane,True,"{""desktop-control-plane"": true}"
2026-09-09T17:45:49.386Z,jaeger-7cc9b664cc-6bwgk,jaeger,Running,True,1,1,0,"{""jaeger"": 0}","{""jaeger"": ""running""}",1,desktop-control-plane,True,"{""desktop-control-plane"": true}"
2026-09-09T17:45:49.386Z,otel-collector-7c765745bf-x2wsq,otel-collector,Running,True,1,1,0,"{""otel-collector"": 0}","{""otel-collector"": ""running""}",1,desktop-control-plane,True,"{""desktop-control-plane"": true}"
2026-09-09T17:45:49.386Z,postgres-676cc4986c-8r7v5,postgres,Running,True,1,1,0,"{""postgres"": 0}","{""postgres"": ""running""}",1,desktop-control-plane,True,"{""desktop-control-plane"": true}"
2026-09-09T17:45:49.386Z,prometheus-59f5cf7468-qk6t6,prometheus,Running,True,1,1,0,"{""prometheus"": 0}","{""prometheus"": ""running""}",1,desktop-control-plane,True,"{""desktop-control-plane"": true}"
2026-09-09T17:45:49.386Z,rabbitmq-5cdf8f76b7-ftmdd,rabbitmq,Running,True,1,1,0,"{""rabbitmq"": 0}","{""rabbitmq"": ""running""}",1,desktop-control-plane,True,"{""desktop-control-plane"": true}"
2026-09-09T17:45:49.386Z,worker-56d7bdf6b4-8hz8f,worker,Running,True,1,1,0,"{""worker"": 0}","{""worker"": ""running""}",1,desktop-control-plane,True,"{""desktop-control-plane"": true}"
2026-09-09T17:45:54.386Z,api-6b9869b78-28xn9,api,Running,True,1,1,1,"{""api"": 1}","{""api"": ""running""}",1,desktop-control-plane,True,"{""desktop-control-plane"": true}"
2026-09-09T17:45:54.386Z,jaeger-7cc9b664cc-6bwgk,jaeger,Running,True,1,1,0,"{""jaeger"": 0}","{""jaeger"": ""running""}",1,desktop-control-plane,True,"{""desktop-control-plane"": true}"
2026-09-09T17:45:54.386Z,otel-collector-7c765745bf-x2wsq,otel-collector,Running,True,1,1,0,"{""otel-collector"": 0}","{""otel-collector"": ""running""}",1,desktop-control-plane,True,"{""desktop-control-plane"": true}"
2026-09-09T17:45:54.386Z,postgres-676cc4986c-8r7v5,postgres,Running,True,1,1,0,"{""postgres"": 0}","{""postgres"": ""running""}",1,desktop-control-plane,True,"{""desktop-control-plane"": true}"
2026-09-09T17:45:54.386Z,prometheus-59f5cf7468-qk6t6,prometheus,Running,True,1,1,0,"{""prometheus"": 0}","{""prometheus"": ""running""}",1,desktop-control-plane,True,"{""desktop-control-plane"": true}"
2026-09-09T17:45:54.386Z,rabbitmq-5cdf8f76b7-ftmdd,rabbitmq,Running,True,1,1,0,"{""rabbitmq"": 0}","{""rabbitmq"": ""running""}",1,desktop-control-plane,True,"{""desktop-control-plane"": true}"
2026-09-09T17:45:54.386Z,worker-56d7bdf6b4-8hz8f,worker,Running,True,1,1,0,"{""worker"": 0}","{""worker"": ""running""}",1,desktop-control-plane,True,"{""desktop-control-plane"": true}"
2026-09-09T17:45:59.386Z,api-6b9869b78-28xn9,api,Running,True,1,1,1,"{""api"": 1}","{""api"": ""running""}",1,desktop-control-plane,True,"{""desktop-control-plane"": true}"
2026-09-09T17:45:59.386Z,jaeger-7cc9b664cc-6bwgk,jaeger,Running,True,1,1,0,"{""jaeger"": 0}","{""jaeger"": ""running""}",1,desktop-control-plane,True,"{""desktop-control-plane"": true}"
2026-09-09T17:45:59.386Z,otel-collector-7c765745bf-x2wsq,otel-collector,Running,True,1,1,0,"{""otel-collector"": 0}","{""otel-collector"": ""running""}",1,desktop-control-plane,True,"{""desktop-control-plane"": true}"
2026-09-09T17:45:59.386Z,postgres-676cc4986c-8r7v5,postgres,Running,True,1,1,0,"{""postgres"": 0}","{""postgres"": ""running""}",1,desktop-control-plane,True,"{""desktop-control-plane"": true}"
2026-09-09T17:45:59.386Z,prometheus-59f5cf7468-qk6t6,prometheus,Running,True,1,1,0,"{""prometheus"": 0}","{""prometheus"": ""running""}",1,desktop-control-plane,True,"{""desktop-control-plane"": true}"
2026-09-09T17:45:59.386Z,rabbitmq-5cdf8f76b7-ftmdd,rabbitmq,Running,True,1,1,0,"{""rabbitmq"": 0}","{""rabbitmq"": ""running""}",1,desktop-control-plane,True,"{""desktop-control-plane"": true}"
2026-09-09T17:45:59.386Z,worker-56d7bdf6b4-8hz8f,worker,Running,True,1,1,0,"{""worker"": 0}","{""worker"": ""running""}",1,desktop-control-plane,True,"{""desktop-control-plane"": true}"
2026-09-09T17:46:04.387Z,api-6b9869b78-28xn9,api,Running,True,1,1,1,"{""api"": 1}","{""api"": ""running""}",1,desktop-control-plane,True,"{""desktop-control-plane"": true}"
2026-09-09T17:46:04.387Z,jaeger-7cc9b664cc-6bwgk,jaeger,Running,True,1,1,0,"{""jaeger"": 0}","{""jaeger"": ""running""}",1,desktop-control-plane,True,"{""desktop-control-plane"": true}"
2026-09-09T17:46:04.387Z,otel-collector-7c765745bf-x2wsq,otel-collector,Running,True,1,1,0,"{""otel-collector"": 0}","{""otel-collector"": ""running""}",1,desktop-control-plane,True,"{""desktop-control-plane"": true}"
2026-09-09T17:46:04.387Z,postgres-676cc4986c-8r7v5,postgres,Running,True,1,1,0,"{""postgres"": 0}","{""postgres"": ""running""}",1,desktop-control-plane,True,"{""desktop-control-plane"": true}"
2026-09-09T17:46:04.387Z,prometheus-59f5cf7468-qk6t6,prometheus,Running,True,1,1,0,"{""prometheus"": 0}","{""prometheus"": ""running""}",1,desktop-control-plane,True,"{""desktop-control-plane"": true}"
2026-09-09T17:46:04.387Z,rabbitmq-5cdf8f76b7-ftmdd,rabbitmq,Running,True,1,1,0,"{""rabbitmq"": 0}","{""rabbitmq"": ""running""}",1,desktop-control-plane,True,"{""desktop-control-plane"": true}"
2026-09-09T17:46:04.387Z,worker-56d7bdf6b4-8hz8f,worker,Running,True,1,1,0,"{""worker"": 0}","{""worker"": ""running""}",1,desktop-control-plane,True,"{""desktop-control-plane"": true}"
2026-09-09T17:46:09.387Z,api-6b9869b78-28xn9,api,Running,True,1,1,1,"{""api"": 1}","{""api"": ""running""}",1,desktop-control-plane,True,"{""desktop-control-plane"": true}"
2026-09-09T17:46:09.387Z,jaeger-7cc9b664cc-6bwgk,jaeger,Running,True,1,1,0,"{""jaeger"": 0}","{""jaeger"": ""running""}",1,desktop-control-plane,True,"{""desktop-control-plane"": true}"
2026-09-09T17:46:09.387Z,otel-collector-7c765745bf-x2wsq,otel-collector,Running,True,1,1,0,"{""otel-collector"": 0}","{""otel-collector"": ""running""}",1,desktop-control-plane,True,"{""desktop-control-plane"": true}"
2026-09-09T17:46:09.387Z,postgres-676cc4986c-8r7v5,postgres,Running,True,1,1,0,"{""postgres"": 0}","{""postgres"": ""running""}",1,desktop-control-plane,True,"{""desktop-control-plane"": true}"
2026-09-09T17:46:09.387Z,prometheus-59f5cf7468-qk6t6,prometheus,Running,True,1,1,0,"{""prometheus"": 0}","{""prometheus"": ""running""}",1,desktop-control-plane,True,"{""desktop-control-plane"": true}"
2026-09-09T17:46:09.387Z,rabbitmq-5cdf8f76b7-ftmdd,rabbitmq,Running,True,1,1,0,"{""rabbitmq"": 0}","{""rabbitmq"": ""running""}",1,desktop-control-plane,True,"{""desktop-control-plane"": true}"
2026-09-09T17:46:09.387Z,worker-56d7bdf6b4-8hz8f,worker,Running,True,1,1,0,"{""worker"": 0}","{""worker"": ""running""}",1,desktop-control-plane,True,"{""desktop-control-plane"": true}"
2026-09-09T17:46:14.387Z,api-6b9869b78-28xn9,api,Running,True,1,1,1,"{""api"": 1}","{""api"": ""running""}",1,desktop-control-plane,True,"{""desktop-control-plane"": true}"
2026-09-09T17:46:14.387Z,jaeger-7cc9b664cc-6bwgk,jaeger,Running,True,1,1,0,"{""jaeger"": 0}","{""jaeger"": ""running""}",1,desktop-control-plane,True,"{""desktop-control-plane"": true}"
2026-09-09T17:46:14.387Z,otel-collector-7c765745bf-x2wsq,otel-collector,Running,True,1,1,0,"{""otel-collector"": 0}","{""otel-collector"": ""running""}",1,desktop-control-plane,True,"{""desktop-control-plane"": true}"
2026-09-09T17:46:14.387Z,postgres-676cc4986c-8r7v5,postgres,Running,True,1,1,0,"{""postgres"": 0}","{""postgres"": ""running""}",1,desktop-control-plane,True,"{""desktop-control-plane"": true}"
2026-09-09T17:46:14.387Z,prometheus-59f5cf7468-qk6t6,prometheus,Running,True,1,1,0,"{""prometheus"": 0}","{""prometheus"": ""running""}",1,desktop-control-plane,True,"{""desktop-control-plane"": true}"
2026-09-09T17:46:14.387Z,rabbitmq-5cdf8f76b7-ftmdd,rabbitmq,Running,True,1,1,0,"{""rabbitmq"": 0}","{""rabbitmq"": ""running""}",1,desktop-control-plane,True,"{""desktop-control-plane"": true}"
2026-09-09T17:46:14.387Z,worker-56d7bdf6b4-8hz8f,worker,Running,True,1,1,0,"{""worker"": 0}","{""worker"": ""running""}",1,desktop-control-plane,True,"{""desktop-control-plane"": true}"
2026-09-09T17:46:19.388Z,api-6b9869b78-28xn9,api,Running,True,1,1,1,"{""api"": 1}","{""api"": ""running""}",1,desktop-control-plane,True,"{""desktop-control-plane"": true}"
2026-09-09T17:46:19.388Z,jaeger-7cc9b664cc-6bwgk,jaeger,Running,True,1,1,0,"{""jaeger"": 0}","{""jaeger"": ""running""}",1,desktop-control-plane,True,"{""desktop-control-plane"": true}"
2026-09-09T17:46:19.388Z,otel-collector-7c765745bf-x2wsq,otel-collector,Running,True,1,1,0,"{""otel-collector"": 0}","{""otel-collector"": ""running""}",1,desktop-control-plane,True,"{""desktop-control-plane"": true}"
2026-09-09T17:46:19.388Z,postgres-676cc4986c-8r7v5,postgres,Running,True,1,1,0,"{""postgres"": 0}","{""postgres"": ""running""}",1,desktop-control-plane,True,"{""desktop-control-plane"": true}"
2026-09-09T17:46:19.388Z,prometheus-59f5cf7468-qk6t6,prometheus,Running,True,1,1,0,"{""prometheus"": 0}","{""prometheus"": ""running""}",1,desktop-control-plane,True,"{""desktop-control-plane"": true}"
2026-09-09T17:46:19.388Z,rabbitmq-5cdf8f76b7-ftmdd,rabbitmq,Running,True,1,1,0,"{""rabbitmq"": 0}","{""rabbitmq"": ""running""}",1,desktop-control-plane,True,"{""desktop-control-plane"": true}"
2026-09-09T17:46:19.388Z,worker-56d7bdf6b4-8hz8f,worker,Running,True,1,1,0,"{""worker"": 0}","{""worker"": ""running""}",1,desktop-control-plane,True,"{""desktop-control-plane"": true}"
2026-09-09T17:46:24.388Z,api-6b9869b78-28xn9,api,Running,True,1,1,1,"{""api"": 1}","{""api"": ""running""}",1,desktop-control-plane,True,"{""desktop-control-plane"": true}"
2026-09-09T17:46:24.388Z,jaeger-7cc9b664cc-6bwgk,jaeger,Running,True,1,1,0,"{""jaeger"": 0}","{""jaeger"": ""running""}",1,desktop-control-plane,True,"{""desktop-control-plane"": true}"
2026-09-09T17:46:24.388Z,otel-collector-7c765745bf-x2wsq,otel-collector,Running,True,1,1,0,"{""otel-collector"": 0}","{""otel-collector"": ""running""}",1,desktop-control-plane,True,"{""desktop-control-plane"": true}"
2026-09-09T17:46:24.388Z,postgres-676cc4986c-8r7v5,postgres,Running,True,1,1,0,"{""postgres"": 0}","{""postgres"": ""running""}",1,desktop-control-plane,True,"{""desktop-control-plane"": true}"
2026-09-09T17:46:24.388Z,prometheus-59f5cf7468-qk6t6,prometheus,Running,True,1,1,0,"{""prometheus"": 0}","{""prometheus"": ""running""}",1,desktop-control-plane,True,"{""desktop-control-plane"": true}"
2026-09-09T17:46:24.388Z,rabbitmq-5cdf8f76b7-ftmdd,rabbitmq,Running,True,1,1,0,"{""rabbitmq"": 0}","{""rabbitmq"": ""running""}",1,desktop-control-plane,True,"{""desktop-control-plane"": true}"
2026-09-09T17:46:24.388Z,worker-56d7bdf6b4-8hz8f,worker,Running,True,1,1,0,"{""worker"": 0}","{""worker"": ""running""}",1,desktop-control-plane,True,"{""desktop-control-plane"": true}"
2026-09-09T17:46:29.388Z,api-6b9869b78-28xn9,api,Running,True,1,1,1,"{""api"": 1}","{""api"": ""running""}",1,desktop-control-plane,True,"{""desktop-control-plane"": true}"
2026-09-09T17:46:29.388Z,jaeger-7cc9b664cc-6bwgk,jaeger,Running,True,1,1,0,"{""jaeger"": 0}","{""jaeger"": ""running""}",1,desktop-control-plane,True,"{""desktop-control-plane"": true}"
2026-09-09T17:46:29.388Z,otel-collector-7c765745bf-x2wsq,otel-collector,Running,True,1,1,0,"{""otel-collector"": 0}","{""otel-collector"": ""running""}",1,desktop-control-plane,True,"{""desktop-control-plane"": true}"
2026-09-09T17:46:29.388Z,postgres-676cc4986c-8r7v5,postgres,Running,True,1,1,0,"{""postgres"": 0}","{""postgres"": ""running""}",1,desktop-control-plane,True,"{""desktop-control-plane"": true}"
2026-09-09T17:46:29.388Z,prometheus-59f5cf7468-qk6t6,prometheus,Running,True,1,1,0,"{""prometheus"": 0}","{""prometheus"": ""running""}",1,desktop-control-plane,True,"{""desktop-control-plane"": true}"
2026-09-09T17:46:29.388Z,rabbitmq-5cdf8f76b7-ftmdd,rabbitmq,Running,True,1,1,0,"{""rabbitmq"": 0}","{""rabbitmq"": ""running""}",1,desktop-control-plane,True,"{""desktop-control-plane"": true}"
2026-09-09T17:46:29.388Z,worker-56d7bdf6b4-8hz8f,worker,Running,True,1,1,0,"{""worker"": 0}","{""worker"": ""running""}",1,desktop-control-plane,True,"{""desktop-control-plane"": true}"
2026-09-09T17:46:34.389Z,api-6b9869b78-28xn9,api,Running,True,1,1,1,"{""api"": 1}","{""api"": ""running""}",1,desktop-control-plane,True,"{""desktop-control-plane"": true}"
2026-09-09T17:46:34.389Z,jaeger-7cc9b664cc-6bwgk,jaeger,Running,True,1,1,0,"{""jaeger"": 0}","{""jaeger"": ""running""}",1,desktop-control-plane,True,"{""desktop-control-plane"": true}"
2026-09-09T17:46:34.389Z,otel-collector-7c765745bf-x2wsq,otel-collector,Running,True,1,1,0,"{""otel-collector"": 0}","{""otel-collector"": ""running""}",1,desktop-control-plane,True,"{""desktop-control-plane"": true}"
2026-09-09T17:46:34.389Z,postgres-676cc4986c-8r7v5,postgres,Running,True,1,1,0,"{""postgres"": 0}","{""postgres"": ""running""}",1,desktop-control-plane,True,"{""desktop-control-plane"": true}"
2026-09-09T17:46:34.389Z,prometheus-59f5cf7468-qk6t6,prometheus,Running,True,1,1,0,"{""prometheus"": 0}","{""prometheus"": ""running""}",1,desktop-control-plane,True,"{""desktop-control-plane"": true}"
2026-09-09T17:46:34.389Z,rabbitmq-5cdf8f76b7-ftmdd,rabbitmq,Running,True,1,1,0,"{""rabbitmq"": 0}","{""rabbitmq"": ""running""}",1,desktop-control-plane,True,"{""desktop-control-plane"": true}"
2026-09-09T17:46:34.389Z,worker-56d7bdf6b4-8hz8f,worker,Running,True,1,1,0,"{""worker"": 0}","{""worker"": ""running""}",1,desktop-control-plane,True,"{""desktop-control-plane"": true}"
2026-09-09T17:46:39.389Z,api-6b9869b78-28xn9,api,Running,True,1,1,1,"{""api"": 1}","{""api"": ""running""}",1,desktop-control-plane,True,"{""desktop-control-plane"": true}"
2026-09-09T17:46:39.389Z,jaeger-7cc9b664cc-6bwgk,jaeger,Running,True,1,1,0,"{""jaeger"": 0}","{""jaeger"": ""running""}",1,desktop-control-plane,True,"{""desktop-control-plane"": true}"
2026-09-09T17:46:39.389Z,otel-collector-7c765745bf-x2wsq,otel-collector,Running,True,1,1,0,"{""otel-collector"": 0}","{""otel-collector"": ""running""}",1,desktop-control-plane,True,"{""desktop-control-plane"": true}"
2026-09-09T17:46:39.389Z,postgres-676cc4986c-8r7v5,postgres,Running,True,1,1,0,"{""postgres"": 0}","{""postgres"": ""running""}",1,desktop-control-plane,True,"{""desktop-control-plane"": true}"
2026-09-09T17:46:39.389Z,prometheus-59f5cf7468-qk6t6,prometheus,Running,True,1,1,0,"{""prometheus"": 0}","{""prometheus"": ""running""}",1,desktop-control-plane,True,"{""desktop-control-plane"": true}"
2026-09-09T17:46:39.389Z,rabbitmq-5cdf8f76b7-ftmdd,rabbitmq,Running,True,1,1,0,"{""rabbitmq"": 0}","{""rabbitmq"": ""running""}",1,desktop-control-plane,True,"{""desktop-control-plane"": true}"
2026-09-09T17:46:39.389Z,worker-56d7bdf6b4-8hz8f,worker,Running,True,1,1,0,"{""worker"": 0}","{""worker"": ""running""}",1,desktop-control-plane,True,"{""desktop-control-plane"": true}"
2026-09-09T17:46:44.389Z,api-6b9869b78-28xn9,api,Running,True,1,1,1,"{""api"": 1}","{""api"": ""running""}",1,desktop-control-plane,True,"{""desktop-control-plane"": true}"
2026-09-09T17:46:44.389Z,jaeger-7cc9b664cc-6bwgk,jaeger,Running,True,1,1,0,"{""jaeger"": 0}","{""jaeger"": ""running""}",1,desktop-control-plane,True,"{""desktop-control-plane"": true}"
2026-09-09T17:46:44.389Z,otel-collector-7c765745bf-x2wsq,otel-collector,Running,True,1,1,0,"{""otel-collector"": 0}","{""otel-collector"": ""running""}",1,desktop-control-plane,True,"{""desktop-control-plane"": true}"
2026-09-09T17:46:44.389Z,postgres-676cc4986c-8r7v5,postgres,Running,True,1,1,0,"{""postgres"": 0}","{""postgres"": ""running""}",1,desktop-control-plane,True,"{""desktop-control-plane"": true}"
2026-09-09T17:46:44.389Z,prometheus-59f5cf7468-qk6t6,prometheus,Running,True,1,1,0,"{""prometheus"": 0}","{""prometheus"": ""running""}",1,desktop-control-plane,True,"{""desktop-control-plane"": true}"
2026-09-09T17:46:44.389Z,rabbitmq-5cdf8f76b7-ftmdd,rabbitmq,Running,True,1,1,0,"{""rabbitmq"": 0}","{""rabbitmq"": ""running""}",1,desktop-control-plane,True,"{""desktop-control-plane"": true}"
2026-09-09T17:46:44.389Z,worker-56d7bdf6b4-8hz8f,worker,Running,True,1,1,0,"{""worker"": 0}","{""worker"": ""running""}",1,desktop-control-plane,True,"{""desktop-control-plane"": true}"
2026-09-09T17:46:49.390Z,api-6b9869b78-28xn9,api,Running,True,1,1,1,"{""api"": 1}","{""api"": ""running""}",1,desktop-control-plane,True,"{""desktop-control-plane"": true}"
2026-09-09T17:46:49.390Z,jaeger-7cc9b664cc-6bwgk,jaeger,Running,True,1,1,0,"{""jaeger"": 0}","{""jaeger"": ""running""}",1,desktop-control-plane,True,"{""desktop-control-plane"": true}"
2026-09-09T17:46:49.390Z,otel-collector-7c765745bf-x2wsq,otel-collector,Running,True,1,1,0,"{""otel-collector"": 0}","{""otel-collector"": ""running""}",1,desktop-control-plane,True,"{""desktop-control-plane"": true}"
2026-09-09T17:46:49.390Z,postgres-676cc4986c-8r7v5,postgres,Running,True,1,1,0,"{""postgres"": 0}","{""postgres"": ""running""}",1,desktop-control-plane,True,"{""desktop-control-plane"": true}"
2026-09-09T17:46:49.390Z,prometheus-59f5cf7468-qk6t6,prometheus,Running,True,1,1,0,"{""prometheus"": 0}","{""prometheus"": ""running""}",1,desktop-control-plane,True,"{""desktop-control-plane"": true}"
2026-09-09T17:46:49.390Z,rabbitmq-5cdf8f76b7-ftmdd,rabbitmq,Running,True,1,1,0,"{""rabbitmq"": 0}","{""rabbitmq"": ""running""}",1,desktop-control-plane,True,"{""desktop-control-plane"": true}"
2026-09-09T17:46:49.390Z,worker-56d7bdf6b4-8hz8f,worker,Running,True,1,1,0,"{""worker"": 0}","{""worker"": ""running""}",1,desktop-control-plane,True,"{""desktop-control-plane"": true}"
2026-09-09T17:46:54.390Z,api-6b9869b78-28xn9,api,Running,True,1,1,1,"{""api"": 1}","{""api"": ""running""}",1,desktop-control-plane,True,"{""desktop-control-plane"": true}"
2026-09-09T17:46:54.390Z,jaeger-7cc9b664cc-6bwgk,jaeger,Running,True,1,1,0,"{""jaeger"": 0}","{""jaeger"": ""running""}",1,desktop-control-plane,True,"{""desktop-control-plane"": true}"
2026-09-09T17:46:54.390Z,otel-collector-7c765745bf-x2wsq,otel-collector,Running,True,1,1,0,"{""otel-collector"": 0}","{""otel-collector"": ""running""}",1,desktop-control-plane,True,"{""desktop-control-plane"": true}"
2026-09-09T17:46:54.390Z,postgres-676cc4986c-8r7v5,postgres,Running,True,1,1,0,"{""postgres"": 0}","{""postgres"": ""running""}",1,desktop-control-plane,True,"{""desktop-control-plane"": true}"
2026-09-09T17:46:54.390Z,prometheus-59f5cf7468-qk6t6,prometheus,Running,True,1,1,0,"{""prometheus"": 0}","{""prometheus"": ""running""}",1,desktop-control-plane,True,"{""desktop-control-plane"": true}"
2026-09-09T17:46:54.390Z,rabbitmq-5cdf8f76b7-ftmdd,rabbitmq,Running,True,1,1,0,"{""rabbitmq"": 0}","{""rabbitmq"": ""running""}",1,desktop-control-plane,True,"{""desktop-control-plane"": true}"
2026-09-09T17:46:54.390Z,worker-56d7bdf6b4-8hz8f,worker,Running,True,1,1,0,"{""worker"": 0}","{""worker"": ""running""}",1,desktop-control-plane,True,"{""desktop-control-plane"": true}"
2026-09-09T17:46:59.390Z,api-6b9869b78-28xn9,api,Running,True,1,1,1,"{""api"": 1}","{""api"": ""running""}",1,desktop-control-plane,True,"{""desktop-control-plane"": true}"
2026-09-09T17:46:59.390Z,jaeger-7cc9b664cc-6bwgk,jaeger,Running,True,1,1,0,"{""jaeger"": 0}","{""jaeger"": ""running""}",1,desktop-control-plane,True,"{""desktop-control-plane"": true}"
2026-09-09T17:46:59.390Z,otel-collector-7c765745bf-x2wsq,otel-collector,Running,True,1,1,0,"{""otel-collector"": 0}","{""otel-collector"": ""running""}",1,desktop-control-plane,True,"{""desktop-control-plane"": true}"
2026-09-09T17:46:59.390Z,postgres-676cc4986c-8r7v5,postgres,Running,True,1,1,0,"{""postgres"": 0}","{""postgres"": ""running""}",1,desktop-control-plane,True,"{""desktop-control-plane"": true}"
2026-09-09T17:46:59.390Z,prometheus-59f5cf7468-qk6t6,prometheus,Running,True,1,1,0,"{""prometheus"": 0}","{""prometheus"": ""running""}",1,desktop-control-plane,True,"{""desktop-control-plane"": true}"
2026-09-09T17:46:59.390Z,rabbitmq-5cdf8f76b7-ftmdd,rabbitmq,Running,True,1,1,0,"{""rabbitmq"": 0}","{""rabbitmq"": ""running""}",1,desktop-control-plane,True,"{""desktop-control-plane"": true}"
2026-09-09T17:46:59.390Z,worker-56d7bdf6b4-8hz8f,worker,Running,True,1,1,0,"{""worker"": 0}","{""worker"": ""running""}",1,desktop-control-plane,True,"{""desktop-control-plane"": true}"
2026-09-09T17:47:04.390Z,api-6b9869b78-28xn9,api,Running,True,1,1,1,"{""api"": 1}","{""api"": ""running""}",1,desktop-control-plane,True,"{""desktop-control-plane"": true}"
2026-09-09T17:47:04.390Z,jaeger-7cc9b664cc-6bwgk,jaeger,Running,True,1,1,0,"{""jaeger"": 0}","{""jaeger"": ""running""}",1,desktop-control-plane,True,"{""desktop-control-plane"": true}"
2026-09-09T17:47:04.390Z,otel-collector-7c765745bf-x2wsq,otel-collector,Running,True,1,1,0,"{""otel-collector"": 0}","{""otel-collector"": ""running""}",1,desktop-control-plane,True,"{""desktop-control-plane"": true}"
2026-09-09T17:47:04.390Z,postgres-676cc4986c-8r7v5,postgres,Running,True,1,1,0,"{""postgres"": 0}","{""postgres"": ""running""}",1,desktop-control-plane,True,"{""desktop-control-plane"": true}"
2026-09-09T17:47:04.390Z,prometheus-59f5cf7468-qk6t6,prometheus,Running,True,1,1,0,"{""prometheus"": 0}","{""prometheus"": ""running""}",1,desktop-control-plane,True,"{""desktop-control-plane"": true}"
2026-09-09T17:47:04.390Z,rabbitmq-5cdf8f76b7-ftmdd,rabbitmq,Running,True,1,1,0,"{""rabbitmq"": 0}","{""rabbitmq"": ""running""}",1,desktop-control-plane,True,"{""desktop-control-plane"": true}"
2026-09-09T17:47:04.390Z,worker-56d7bdf6b4-8hz8f,worker,Running,True,1,1,0,"{""worker"": 0}","{""worker"": ""running""}",1,desktop-control-plane,True,"{""desktop-control-plane"": true}"
2026-09-09T17:47:09.391Z,api-6b9869b78-28xn9,api,Running,True,1,1,1,"{""api"": 1}","{""api"": ""running""}",1,desktop-control-plane,True,"{""desktop-control-plane"": true}"
2026-09-09T17:47:09.391Z,jaeger-7cc9b664cc-6bwgk,jaeger,Running,True,1,1,0,"{""jaeger"": 0}","{""jaeger"": ""running""}",1,desktop-control-plane,True,"{""desktop-control-plane"": true}"
2026-09-09T17:47:09.391Z,otel-collector-7c765745bf-x2wsq,otel-collector,Running,True,1,1,0,"{""otel-collector"": 0}","{""otel-collector"": ""running""}",1,desktop-control-plane,True,"{""desktop-control-plane"": true}"
2026-09-09T17:47:09.391Z,postgres-676cc4986c-8r7v5,postgres,Running,True,1,1,0,"{""postgres"": 0}","{""postgres"": ""running""}",1,desktop-control-plane,True,"{""desktop-control-plane"": true}"
2026-09-09T17:47:09.391Z,prometheus-59f5cf7468-qk6t6,prometheus,Running,True,1,1,0,"{""prometheus"": 0}","{""prometheus"": ""running""}",1,desktop-control-plane,True,"{""desktop-control-plane"": true}"
2026-09-09T17:47:09.391Z,rabbitmq-5cdf8f76b7-ftmdd,rabbitmq,Running,True,1,1,0,"{""rabbitmq"": 0}","{""rabbitmq"": ""running""}",1,desktop-control-plane,True,"{""desktop-control-plane"": true}"
2026-09-09T17:47:09.391Z,worker-56d7bdf6b4-8hz8f,worker,Running,True,1,1,0,"{""worker"": 0}","{""worker"": ""running""}",1,desktop-control-plane,True,"{""desktop-control-plane"": true}"
2026-09-09T17:47:14.391Z,api-6b9869b78-28xn9,api,Running,True,1,1,1,"{""api"": 1}","{""api"": ""running""}",1,desktop-control-plane,True,"{""desktop-control-plane"": true}"
2026-09-09T17:47:14.391Z,jaeger-7cc9b664cc-6bwgk,jaeger,Running,True,1,1,0,"{""jaeger"": 0}","{""jaeger"": ""running""}",1,desktop-control-plane,True,"{""desktop-control-plane"": true}"
2026-09-09T17:47:14.391Z,otel-collector-7c765745bf-x2wsq,otel-collector,Running,True,1,1,0,"{""otel-collector"": 0}","{""otel-collector"": ""running""}",1,desktop-control-plane,True,"{""desktop-control-plane"": true}"
2026-09-09T17:47:14.391Z,postgres-676cc4986c-8r7v5,postgres,Running,True,1,1,0,"{""postgres"": 0}","{""postgres"": ""running""}",1,desktop-control-plane,True,"{""desktop-control-plane"": true}"
2026-09-09T17:47:14.391Z,prometheus-59f5cf7468-qk6t6,prometheus,Running,True,1,1,0,"{""prometheus"": 0}","{""prometheus"": ""running""}",1,desktop-control-plane,True,"{""desktop-control-plane"": true}"
2026-09-09T17:47:14.391Z,rabbitmq-5cdf8f76b7-ftmdd,rabbitmq,Running,True,1,1,0,"{""rabbitmq"": 0}","{""rabbitmq"": ""running""}",1,desktop-control-plane,True,"{""desktop-control-plane"": true}"
2026-09-09T17:47:14.391Z,worker-56d7bdf6b4-8hz8f,worker,Running,True,1,1,0,"{""worker"": 0}","{""worker"": ""running""}",1,desktop-control-plane,True,"{""desktop-control-plane"": true}"
2026-09-09T17:47:19.391Z,api-6b9869b78-28xn9,api,Running,True,1,1,1,"{""api"": 1}","{""api"": ""running""}",1,desktop-control-plane,True,"{""desktop-control-plane"": true}"
2026-09-09T17:47:19.391Z,jaeger-7cc9b664cc-6bwgk,jaeger,Running,True,1,1,0,"{""jaeger"": 0}","{""jaeger"": ""running""}",1,desktop-control-plane,True,"{""desktop-control-plane"": true}"
2026-09-09T17:47:19.391Z,otel-collector-7c765745bf-x2wsq,otel-collector,Running,True,1,1,0,"{""otel-collector"": 0}","{""otel-collector"": ""running""}",1,desktop-control-plane,True,"{""desktop-control-plane"": true}"
2026-09-09T17:47:19.391Z,postgres-676cc4986c-8r7v5,postgres,Running,True,1,1,0,"{""postgres"": 0}","{""postgres"": ""running""}",1,desktop-control-plane,True,"{""desktop-control-plane"": true}"
2026-09-09T17:47:19.391Z,prometheus-59f5cf7468-qk6t6,prometheus,Running,True,1,1,0,"{""prometheus"": 0}","{""prometheus"": ""running""}",1,desktop-control-plane,True,"{""desktop-control-plane"": true}"
2026-09-09T17:47:19.391Z,rabbitmq-5cdf8f76b7-ftmdd,rabbitmq,Running,True,1,1,0,"{""rabbitmq"": 0}","{""rabbitmq"": ""running""}",1,desktop-control-plane,True,"{""desktop-control-plane"": true}"
2026-09-09T17:47:19.391Z,worker-56d7bdf6b4-8hz8f,worker,Running,True,1,1,0,"{""worker"": 0}","{""worker"": ""running""}",1,desktop-control-plane,True,"{""desktop-control-plane"": true}"
2026-09-09T17:47:24.391Z,api-6b9869b78-28xn9,api,Running,True,1,1,1,"{""api"": 1}","{""api"": ""running""}",1,desktop-control-plane,True,"{""desktop-control-plane"": true}"
2026-09-09T17:47:24.391Z,jaeger-7cc9b664cc-6bwgk,jaeger,Running,True,1,1,0,"{""jaeger"": 0}","{""jaeger"": ""running""}",1,desktop-control-plane,True,"{""desktop-control-plane"": true}"
2026-09-09T17:47:24.391Z,otel-collector-7c765745bf-x2wsq,otel-collector,Running,True,1,1,0,"{""otel-collector"": 0}","{""otel-collector"": ""running""}",1,desktop-control-plane,True,"{""desktop-control-plane"": true}"
2026-09-09T17:47:24.391Z,postgres-676cc4986c-8r7v5,postgres,Running,True,1,1,0,"{""postgres"": 0}","{""postgres"": ""running""}",1,desktop-control-plane,True,"{""desktop-control-plane"": true}"
2026-09-09T17:47:24.391Z,prometheus-59f5cf7468-qk6t6,prometheus,Running,True,1,1,0,"{""prometheus"": 0}","{""prometheus"": ""running""}",1,desktop-control-plane,True,"{""desktop-control-plane"": true}"
2026-09-09T17:47:24.391Z,rabbitmq-5cdf8f76b7-ftmdd,rabbitmq,Running,True,1,1,0,"{""rabbitmq"": 0}","{""rabbitmq"": ""running""}",1,desktop-control-plane,True,"{""desktop-control-plane"": true}"
2026-09-09T17:47:24.391Z,worker-56d7bdf6b4-8hz8f,worker,Running,True,1,1,0,"{""worker"": 0}","{""worker"": ""running""}",1,desktop-control-plane,True,"{""desktop-control-plane"": true}"
2026-09-09T17:47:29.391Z,api-6b9869b78-28xn9,api,Running,True,1,1,1,"{""api"": 1}","{""api"": ""running""}",1,desktop-control-plane,True,"{""desktop-control-plane"": true}"
2026-09-09T17:47:29.391Z,jaeger-7cc9b664cc-6bwgk,jaeger,Running,True,1,1,0,"{""jaeger"": 0}","{""jaeger"": ""running""}",1,desktop-control-plane,True,"{""desktop-control-plane"": true}"
2026-09-09T17:47:29.391Z,otel-collector-7c765745bf-x2wsq,otel-collector,Running,True,1,1,0,"{""otel-collector"": 0}","{""otel-collector"": ""running""}",1,desktop-control-plane,True,"{""desktop-control-plane"": true}"
2026-09-09T17:47:29.391Z,postgres-676cc4986c-8r7v5,postgres,Running,True,1,1,0,"{""postgres"": 0}","{""postgres"": ""running""}",1,desktop-control-plane,True,"{""desktop-control-plane"": true}"
2026-09-09T17:47:29.391Z,prometheus-59f5cf7468-qk6t6,prometheus,Running,True,1,1,0,"{""prometheus"": 0}","{""prometheus"": ""running""}",1,desktop-control-plane,True,"{""desktop-control-plane"": true}"
2026-09-09T17:47:29.391Z,rabbitmq-5cdf8f76b7-ftmdd,rabbitmq,Running,True,1,1,0,"{""rabbitmq"": 0}","{""rabbitmq"": ""running""}",1,desktop-control-plane,True,"{""desktop-control-plane"": true}"
2026-09-09T17:47:29.391Z,worker-56d7bdf6b4-8hz8f,worker,Running,True,1,1,0,"{""worker"": 0}","{""worker"": ""running""}",1,desktop-control-plane,True,"{""desktop-control-plane"": true}"
2026-09-09T17:47:34.392Z,api-6b9869b78-28xn9,api,Running,True,1,1,1,"{""api"": 1}","{""api"": ""running""}",1,desktop-control-plane,True,"{""desktop-control-plane"": true}"
2026-09-09T17:47:34.392Z,jaeger-7cc9b664cc-6bwgk,jaeger,Running,True,1,1,0,"{""jaeger"": 0}","{""jaeger"": ""running""}",1,desktop-control-plane,True,"{""desktop-control-plane"": true}"
2026-09-09T17:47:34.392Z,otel-collector-7c765745bf-x2wsq,otel-collector,Running,True,1,1,0,"{""otel-collector"": 0}","{""otel-collector"": ""running""}",1,desktop-control-plane,True,"{""desktop-control-plane"": true}"
2026-09-09T17:47:34.392Z,postgres-676cc4986c-8r7v5,postgres,Running,True,1,1,0,"{""postgres"": 0}","{""postgres"": ""running""}",1,desktop-control-plane,True,"{""desktop-control-plane"": true}"
2026-09-09T17:47:34.392Z,prometheus-59f5cf7468-qk6t6,prometheus,Running,True,1,1,0,"{""prometheus"": 0}","{""prometheus"": ""running""}",1,desktop-control-plane,True,"{""desktop-control-plane"": true}"
2026-09-09T17:47:34.392Z,rabbitmq-5cdf8f76b7-ftmdd,rabbitmq,Running,True,1,1,0,"{""rabbitmq"": 0}","{""rabbitmq"": ""running""}",1,desktop-control-plane,True,"{""desktop-control-plane"": true}"
2026-09-09T17:47:34.392Z,worker-56d7bdf6b4-8hz8f,worker,Running,True,1,1,0,"{""worker"": 0}","{""worker"": ""running""}",1,desktop-control-plane,True,"{""desktop-control-plane"": true}"
2026-09-09T17:47:39.392Z,api-6b9869b78-28xn9,api,Running,True,1,1,1,"{""api"": 1}","{""api"": ""running""}",1,desktop-control-plane,True,"{""desktop-control-plane"": true}"
2026-09-09T17:47:39.392Z,jaeger-7cc9b664cc-6bwgk,jaeger,Running,True,1,1,0,"{""jaeger"": 0}","{""jaeger"": ""running""}",1,desktop-control-plane,True,"{""desktop-control-plane"": true}"
2026-09-09T17:47:39.392Z,otel-collector-7c765745bf-x2wsq,otel-collector,Running,True,1,1,0,"{""otel-collector"": 0}","{""otel-collector"": ""running""}",1,desktop-control-plane,True,"{""desktop-control-plane"": true}"
2026-09-09T17:47:39.392Z,postgres-676cc4986c-8r7v5,postgres,Running,True,1,1,0,"{""postgres"": 0}","{""postgres"": ""running""}",1,desktop-control-plane,True,"{""desktop-control-plane"": true}"
2026-09-09T17:47:39.392Z,prometheus-59f5cf7468-qk6t6,prometheus,Running,True,1,1,0,"{""prometheus"": 0}","{""prometheus"": ""running""}",1,desktop-control-plane,True,"{""desktop-control-plane"": true}"
2026-09-09T17:47:39.392Z,rabbitmq-5cdf8f76b7-ftmdd,rabbitmq,Running,True,1,1,0,"{""rabbitmq"": 0}","{""rabbitmq"": ""running""}",1,desktop-control-plane,True,"{""desktop-control-plane"": true}"
2026-09-09T17:47:39.392Z,worker-56d7bdf6b4-8hz8f,worker,Running,True,1,1,0,"{""worker"": 0}","{""worker"": ""running""}",1,desktop-control-plane,True,"{""desktop-control-plane"": true}"
2026-09-09T17:47:44.392Z,api-6b9869b78-28xn9,api,Running,True,1,1,1,"{""api"": 1}","{""api"": ""running""}",1,desktop-control-plane,True,"{""desktop-control-plane"": true}"
2026-09-09T17:47:44.392Z,jaeger-7cc9b664cc-6bwgk,jaeger,Running,True,1,1,0,"{""jaeger"": 0}","{""jaeger"": ""running""}",1,desktop-control-plane,True,"{""desktop-control-plane"": true}"
2026-09-09T17:47:44.392Z,otel-collector-7c765745bf-x2wsq,otel-collector,Running,True,1,1,0,"{""otel-collector"": 0}","{""otel-collector"": ""running""}",1,desktop-control-plane,True,"{""desktop-control-plane"": true}"
2026-09-09T17:47:44.392Z,postgres-676cc4986c-8r7v5,postgres,Running,True,1,1,0,"{""postgres"": 0}","{""postgres"": ""running""}",1,desktop-control-plane,True,"{""desktop-control-plane"": true}"
2026-09-09T17:47:44.392Z,prometheus-59f5cf7468-qk6t6,prometheus,Running,True,1,1,0,"{""prometheus"": 0}","{""prometheus"": ""running""}",1,desktop-control-plane,True,"{""desktop-control-plane"": true}"
2026-09-09T17:47:44.392Z,rabbitmq-5cdf8f76b7-ftmdd,rabbitmq,Running,True,1,1,0,"{""rabbitmq"": 0}","{""rabbitmq"": ""running""}",1,desktop-control-plane,True,"{""desktop-control-plane"": true}"
2026-09-09T17:47:44.392Z,worker-56d7bdf6b4-8hz8f,worker,Running,True,1,1,0,"{""worker"": 0}","{""worker"": ""running""}",1,desktop-control-plane,True,"{""desktop-control-plane"": true}"
2026-09-09T17:47:49.393Z,api-6b9869b78-28xn9,api,Running,True,1,1,1,"{""api"": 1}","{""api"": ""running""}",1,desktop-control-plane,True,"{""desktop-control-plane"": true}"
2026-09-09T17:47:49.393Z,jaeger-7cc9b664cc-6bwgk,jaeger,Running,True,1,1,0,"{""jaeger"": 0}","{""jaeger"": ""running""}",1,desktop-control-plane,True,"{""desktop-control-plane"": true}"
2026-09-09T17:47:49.393Z,otel-collector-7c765745bf-x2wsq,otel-collector,Running,True,1,1,0,"{""otel-collector"": 0}","{""otel-collector"": ""running""}",1,desktop-control-plane,True,"{""desktop-control-plane"": true}"
2026-09-09T17:47:49.393Z,postgres-676cc4986c-8r7v5,postgres,Running,True,1,1,0,"{""postgres"": 0}","{""postgres"": ""running""}",1,desktop-control-plane,True,"{""desktop-control-plane"": true}"
2026-09-09T17:47:49.393Z,prometheus-59f5cf7468-qk6t6,prometheus,Running,True,1,1,0,"{""prometheus"": 0}","{""prometheus"": ""running""}",1,desktop-control-plane,True,"{""desktop-control-plane"": true}"
2026-09-09T17:47:49.393Z,rabbitmq-5cdf8f76b7-ftmdd,rabbitmq,Running,True,1,1,0,"{""rabbitmq"": 0}","{""rabbitmq"": ""running""}",1,desktop-control-plane,True,"{""desktop-control-plane"": true}"
2026-09-09T17:47:49.393Z,worker-56d7bdf6b4-8hz8f,worker,Running,True,1,1,0,"{""worker"": 0}","{""worker"": ""running""}",1,desktop-control-plane,True,"{""desktop-control-plane"": true}"
2026-09-09T17:47:54.393Z,api-6b9869b78-28xn9,api,Running,True,1,1,1,"{""api"": 1}","{""api"": ""running""}",1,desktop-control-plane,True,"{""desktop-control-plane"": true}"
2026-09-09T17:47:54.393Z,jaeger-7cc9b664cc-6bwgk,jaeger,Running,True,1,1,0,"{""jaeger"": 0}","{""jaeger"": ""running""}",1,desktop-control-plane,True,"{""desktop-control-plane"": true}"
2026-09-09T17:47:54.393Z,otel-collector-7c765745bf-x2wsq,otel-collector,Running,True,1,1,0,"{""otel-collector"": 0}","{""otel-collector"": ""running""}",1,desktop-control-plane,True,"{""desktop-control-plane"": true}"
2026-09-09T17:47:54.393Z,postgres-676cc4986c-8r7v5,postgres,Running,True,1,1,0,"{""postgres"": 0}","{""postgres"": ""running""}",1,desktop-control-plane,True,"{""desktop-control-plane"": true}"
2026-09-09T17:47:54.393Z,prometheus-59f5cf7468-qk6t6,prometheus,Running,True,1,1,0,"{""prometheus"": 0}","{""prometheus"": ""running""}",1,desktop-control-plane,True,"{""desktop-control-plane"": true}"
2026-09-09T17:47:54.393Z,rabbitmq-5cdf8f76b7-ftmdd,rabbitmq,Running,True,1,1,0,"{""rabbitmq"": 0}","{""rabbitmq"": ""running""}",1,desktop-control-plane,True,"{""desktop-control-plane"": true}"
2026-09-09T17:47:54.393Z,worker-56d7bdf6b4-8hz8f,worker,Running,True,1,1,0,"{""worker"": 0}","{""worker"": ""running""}",1,desktop-control-plane,True,"{""desktop-control-plane"": true}"
2026-09-09T17:47:59.393Z,api-6b9869b78-28xn9,api,Running,True,1,1,1,"{""api"": 1}","{""api"": ""running""}",1,desktop-control-plane,True,"{""desktop-control-plane"": true}"
2026-09-09T17:47:59.393Z,jaeger-7cc9b664cc-6bwgk,jaeger,Running,True,1,1,0,"{""jaeger"": 0}","{""jaeger"": ""running""}",1,desktop-control-plane,True,"{""desktop-control-plane"": true}"
2026-09-09T17:47:59.393Z,otel-collector-7c765745bf-x2wsq,otel-collector,Running,True,1,1,0,"{""otel-collector"": 0}","{""otel-collector"": ""running""}",1,desktop-control-plane,True,"{""desktop-control-plane"": true}"
2026-09-09T17:47:59.393Z,postgres-676cc4986c-8r7v5,postgres,Running,True,1,1,0,"{""postgres"": 0}","{""postgres"": ""running""}",1,desktop-control-plane,True,"{""desktop-control-plane"": true}"
2026-09-09T17:47:59.393Z,prometheus-59f5cf7468-qk6t6,prometheus,Running,True,1,1,0,"{""prometheus"": 0}","{""prometheus"": ""running""}",1,desktop-control-plane,True,"{""desktop-control-plane"": true}"
2026-09-09T17:47:59.393Z,rabbitmq-5cdf8f76b7-ftmdd,rabbitmq,Running,True,1,1,0,"{""rabbitmq"": 0}","{""rabbitmq"": ""running""}",1,desktop-control-plane,True,"{""desktop-control-plane"": true}"
2026-09-09T17:47:59.393Z,worker-56d7bdf6b4-8hz8f,worker,Running,True,1,1,0,"{""worker"": 0}","{""worker"": ""running""}",1,desktop-control-plane,True,"{""desktop-control-plane"": true}"
2026-09-09T17:48:04.394Z,api-6b9869b78-28xn9,api,Running,True,1,1,1,"{""api"": 1}","{""api"": ""running""}",1,desktop-control-plane,True,"{""desktop-control-plane"": true}"
2026-09-09T17:48:04.394Z,jaeger-7cc9b664cc-6bwgk,jaeger,Running,True,1,1,0,"{""jaeger"": 0}","{""jaeger"": ""running""}",1,desktop-control-plane,True,"{""desktop-control-plane"": true}"
2026-09-09T17:48:04.394Z,otel-collector-7c765745bf-x2wsq,otel-collector,Running,True,1,1,0,"{""otel-collector"": 0}","{""otel-collector"": ""running""}",1,desktop-control-plane,True,"{""desktop-control-plane"": true}"
2026-09-09T17:48:04.394Z,postgres-676cc4986c-8r7v5,postgres,Running,True,1,1,0,"{""postgres"": 0}","{""postgres"": ""running""}",1,desktop-control-plane,True,"{""desktop-control-plane"": true}"
2026-09-09T17:48:04.394Z,prometheus-59f5cf7468-qk6t6,prometheus,Running,True,1,1,0,"{""prometheus"": 0}","{""prometheus"": ""running""}",1,desktop-control-plane,True,"{""desktop-control-plane"": true}"
2026-09-09T17:48:04.394Z,rabbitmq-5cdf8f76b7-ftmdd,rabbitmq,Running,True,1,1,0,"{""rabbitmq"": 0}","{""rabbitmq"": ""running""}",1,desktop-control-plane,True,"{""desktop-control-plane"": true}"
2026-09-09T17:48:04.394Z,worker-56d7bdf6b4-8hz8f,worker,Running,True,1,1,0,"{""worker"": 0}","{""worker"": ""running""}",1,desktop-control-plane,True,"{""desktop-control-plane"": true}"
2026-09-09T17:48:09.395Z,api-6b9869b78-28xn9,api,Running,True,1,1,1,"{""api"": 1}","{""api"": ""running""}",1,desktop-control-plane,True,"{""desktop-control-plane"": true}"
2026-09-09T17:48:09.395Z,jaeger-7cc9b664cc-6bwgk,jaeger,Running,True,1,1,0,"{""jaeger"": 0}","{""jaeger"": ""running""}",1,desktop-control-plane,True,"{""desktop-control-plane"": true}"
2026-09-09T17:48:09.395Z,otel-collector-7c765745bf-x2wsq,otel-collector,Running,True,1,1,0,"{""otel-collector"": 0}","{""otel-collector"": ""running""}",1,desktop-control-plane,True,"{""desktop-control-plane"": true}"
2026-09-09T17:48:09.395Z,postgres-676cc4986c-8r7v5,postgres,Running,True,1,1,0,"{""postgres"": 0}","{""postgres"": ""running""}",1,desktop-control-plane,True,"{""desktop-control-plane"": true}"
2026-09-09T17:48:09.395Z,prometheus-59f5cf7468-qk6t6,prometheus,Running,True,1,1,0,"{""prometheus"": 0}","{""prometheus"": ""running""}",1,desktop-control-plane,True,"{""desktop-control-plane"": true}"
2026-09-09T17:48:09.395Z,rabbitmq-5cdf8f76b7-ftmdd,rabbitmq,Running,True,1,1,0,"{""rabbitmq"": 0}","{""rabbitmq"": ""running""}",1,desktop-control-plane,True,"{""desktop-control-plane"": true}"
2026-09-09T17:48:09.395Z,worker-56d7bdf6b4-8hz8f,worker,Running,True,1,1,0,"{""worker"": 0}","{""worker"": ""running""}",1,desktop-control-plane,True,"{""desktop-control-plane"": true}"
2026-09-09T17:48:14.395Z,api-6b9869b78-28xn9,api,Running,True,1,1,1,"{""api"": 1}","{""api"": ""running""}",1,desktop-control-plane,True,"{""desktop-control-plane"": true}"
2026-09-09T17:48:14.395Z,jaeger-7cc9b664cc-6bwgk,jaeger,Running,True,1,1,0,"{""jaeger"": 0}","{""jaeger"": ""running""}",1,desktop-control-plane,True,"{""desktop-control-plane"": true}"
2026-09-09T17:48:14.395Z,otel-collector-7c765745bf-x2wsq,otel-collector,Running,True,1,1,0,"{""otel-collector"": 0}","{""otel-collector"": ""running""}",1,desktop-control-plane,True,"{""desktop-control-plane"": true}"
2026-09-09T17:48:14.395Z,postgres-676cc4986c-8r7v5,postgres,Running,True,1,1,0,"{""postgres"": 0}","{""postgres"": ""running""}",1,desktop-control-plane,True,"{""desktop-control-plane"": true}"
2026-09-09T17:48:14.395Z,prometheus-59f5cf7468-qk6t6,prometheus,Running,True,1,1,0,"{""prometheus"": 0}","{""prometheus"": ""running""}",1,desktop-control-plane,True,"{""desktop-control-plane"": true}"
2026-09-09T17:48:14.395Z,rabbitmq-5cdf8f76b7-ftmdd,rabbitmq,Running,True,1,1,0,"{""rabbitmq"": 0}","{""rabbitmq"": ""running""}",1,desktop-control-plane,True,"{""desktop-control-plane"": true}"
2026-09-09T17:48:14.395Z,worker-56d7bdf6b4-8hz8f,worker,Running,True,1,1,0,"{""worker"": 0}","{""worker"": ""running""}",1,desktop-control-plane,True,"{""desktop-control-plane"": true}"
2026-09-09T17:48:19.395Z,api-6b9869b78-28xn9,api,Running,True,1,1,1,"{""api"": 1}","{""api"": ""running""}",1,desktop-control-plane,True,"{""desktop-control-plane"": true}"
2026-09-09T17:48:19.395Z,jaeger-7cc9b664cc-6bwgk,jaeger,Running,True,1,1,0,"{""jaeger"": 0}","{""jaeger"": ""running""}",1,desktop-control-plane,True,"{""desktop-control-plane"": true}"
2026-09-09T17:48:19.395Z,otel-collector-7c765745bf-x2wsq,otel-collector,Running,True,1,1,0,"{""otel-collector"": 0}","{""otel-collector"": ""running""}",1,desktop-control-plane,True,"{""desktop-control-plane"": true}"
2026-09-09T17:48:19.395Z,postgres-676cc4986c-8r7v5,postgres,Running,True,1,1,0,"{""postgres"": 0}","{""postgres"": ""running""}",1,desktop-control-plane,True,"{""desktop-control-plane"": true}"
2026-09-09T17:48:19.395Z,prometheus-59f5cf7468-qk6t6,prometheus,Running,True,1,1,0,"{""prometheus"": 0}","{""prometheus"": ""running""}",1,desktop-control-plane,True,"{""desktop-control-plane"": true}"
2026-09-09T17:48:19.395Z,rabbitmq-5cdf8f76b7-ftmdd,rabbitmq,Running,True,1,1,0,"{""rabbitmq"": 0}","{""rabbitmq"": ""running""}",1,desktop-control-plane,True,"{""desktop-control-plane"": true}"
2026-09-09T17:48:19.395Z,worker-56d7bdf6b4-8hz8f,worker,Running,True,1,1,0,"{""worker"": 0}","{""worker"": ""running""}",1,desktop-control-plane,True,"{""desktop-control-plane"": true}"
2026-09-09T17:48:24.395Z,api-6b9869b78-28xn9,api,Running,True,1,1,1,"{""api"": 1}","{""api"": ""running""}",1,desktop-control-plane,True,"{""desktop-control-plane"": true}"
2026-09-09T17:48:24.395Z,jaeger-7cc9b664cc-6bwgk,jaeger,Running,True,1,1,0,"{""jaeger"": 0}","{""jaeger"": ""running""}",1,desktop-control-plane,True,"{""desktop-control-plane"": true}"
2026-09-09T17:48:24.395Z,otel-collector-7c765745bf-x2wsq,otel-collector,Running,True,1,1,0,"{""otel-collector"": 0}","{""otel-collector"": ""running""}",1,desktop-control-plane,True,"{""desktop-control-plane"": true}"
2026-09-09T17:48:24.395Z,postgres-676cc4986c-8r7v5,postgres,Running,True,1,1,0,"{""postgres"": 0}","{""postgres"": ""running""}",1,desktop-control-plane,True,"{""desktop-control-plane"": true}"
2026-09-09T17:48:24.395Z,prometheus-59f5cf7468-qk6t6,prometheus,Running,True,1,1,0,"{""prometheus"": 0}","{""prometheus"": ""running""}",1,desktop-control-plane,True,"{""desktop-control-plane"": true}"
2026-09-09T17:48:24.395Z,rabbitmq-5cdf8f76b7-ftmdd,rabbitmq,Running,True,1,1,0,"{""rabbitmq"": 0}","{""rabbitmq"": ""running""}",1,desktop-control-plane,True,"{""desktop-control-plane"": true}"
2026-09-09T17:48:24.395Z,worker-56d7bdf6b4-8hz8f,worker,Running,True,1,1,0,"{""worker"": 0}","{""worker"": ""running""}",1,desktop-control-plane,True,"{""desktop-control-plane"": true}"
2026-09-09T17:48:29.396Z,api-6b9869b78-28xn9,api,Running,True,1,1,1,"{""api"": 1}","{""api"": ""running""}",1,desktop-control-plane,True,"{""desktop-control-plane"": true}"
2026-09-09T17:48:29.396Z,jaeger-7cc9b664cc-6bwgk,jaeger,Running,True,1,1,0,"{""jaeger"": 0}","{""jaeger"": ""running""}",1,desktop-control-plane,True,"{""desktop-control-plane"": true}"
2026-09-09T17:48:29.396Z,otel-collector-7c765745bf-x2wsq,otel-collector,Running,True,1,1,0,"{""otel-collector"": 0}","{""otel-collector"": ""running""}",1,desktop-control-plane,True,"{""desktop-control-plane"": true}"
2026-09-09T17:48:29.396Z,postgres-676cc4986c-8r7v5,postgres,Running,True,1,1,0,"{""postgres"": 0}","{""postgres"": ""running""}",1,desktop-control-plane,True,"{""desktop-control-plane"": true}"
2026-09-09T17:48:29.396Z,prometheus-59f5cf7468-qk6t6,prometheus,Running,True,1,1,0,"{""prometheus"": 0}","{""prometheus"": ""running""}",1,desktop-control-plane,True,"{""desktop-control-plane"": true}"
2026-09-09T17:48:29.396Z,rabbitmq-5cdf8f76b7-ftmdd,rabbitmq,Running,True,1,1,0,"{""rabbitmq"": 0}","{""rabbitmq"": ""running""}",1,desktop-control-plane,True,"{""desktop-control-plane"": true}"
2026-09-09T17:48:29.396Z,worker-56d7bdf6b4-8hz8f,worker,Running,True,1,1,0,"{""worker"": 0}","{""worker"": ""running""}",1,desktop-control-plane,True,"{""desktop-control-plane"": true}"
2026-09-09T17:48:34.396Z,api-6b9869b78-28xn9,api,Running,True,1,1,1,"{""api"": 1}","{""api"": ""running""}",1,desktop-control-plane,True,"{""desktop-control-plane"": true}"
2026-09-09T17:48:34.396Z,jaeger-7cc9b664cc-6bwgk,jaeger,Running,True,1,1,0,"{""jaeger"": 0}","{""jaeger"": ""running""}",1,desktop-control-plane,True,"{""desktop-control-plane"": true}"
2026-09-09T17:48:34.396Z,otel-collector-7c765745bf-x2wsq,otel-collector,Running,True,1,1,0,"{""otel-collector"": 0}","{""otel-collector"": ""running""}",1,desktop-control-plane,True,"{""desktop-control-plane"": true}"
2026-09-09T17:48:34.396Z,postgres-676cc4986c-8r7v5,postgres,Running,True,1,1,0,"{""postgres"": 0}","{""postgres"": ""running""}",1,desktop-control-plane,True,"{""desktop-control-plane"": true}"
2026-09-09T17:48:34.396Z,prometheus-59f5cf7468-qk6t6,prometheus,Running,True,1,1,0,"{""prometheus"": 0}","{""prometheus"": ""running""}",1,desktop-control-plane,True,"{""desktop-control-plane"": true}"
2026-09-09T17:48:34.396Z,rabbitmq-5cdf8f76b7-ftmdd,rabbitmq,Running,True,1,1,0,"{""rabbitmq"": 0}","{""rabbitmq"": ""running""}",1,desktop-control-plane,True,"{""desktop-control-plane"": true}"
2026-09-09T17:48:34.396Z,worker-56d7bdf6b4-8hz8f,worker,Running,True,1,1,0,"{""worker"": 0}","{""worker"": ""running""}",1,desktop-control-plane,True,"{""desktop-control-plane"": true}"
2026-09-09T17:48:39.397Z,api-6b9869b78-28xn9,api,Running,True,1,1,1,"{""api"": 1}","{""api"": ""running""}",1,desktop-control-plane,True,"{""desktop-control-plane"": true}"
2026-09-09T17:48:39.397Z,jaeger-7cc9b664cc-6bwgk,jaeger,Running,True,1,1,0,"{""jaeger"": 0}","{""jaeger"": ""running""}",1,desktop-control-plane,True,"{""desktop-control-plane"": true}"
2026-09-09T17:48:39.397Z,otel-collector-7c765745bf-x2wsq,otel-collector,Running,True,1,1,0,"{""otel-collector"": 0}","{""otel-collector"": ""running""}",1,desktop-control-plane,True,"{""desktop-control-plane"": true}"
2026-09-09T17:48:39.397Z,postgres-676cc4986c-8r7v5,postgres,Running,True,1,1,0,"{""postgres"": 0}","{""postgres"": ""running""}",1,desktop-control-plane,True,"{""desktop-control-plane"": true}"
2026-09-09T17:48:39.397Z,prometheus-59f5cf7468-qk6t6,prometheus,Running,True,1,1,0,"{""prometheus"": 0}","{""prometheus"": ""running""}",1,desktop-control-plane,True,"{""desktop-control-plane"": true}"
2026-09-09T17:48:39.397Z,rabbitmq-5cdf8f76b7-ftmdd,rabbitmq,Running,True,1,1,0,"{""rabbitmq"": 0}","{""rabbitmq"": ""running""}",1,desktop-control-plane,True,"{""desktop-control-plane"": true}"
2026-09-09T17:48:39.397Z,worker-56d7bdf6b4-8hz8f,worker,Running,True,1,1,0,"{""worker"": 0}","{""worker"": ""running""}",1,desktop-control-plane,True,"{""desktop-control-plane"": true}"
2026-09-09T17:48:44.397Z,api-6b9869b78-28xn9,api,Running,True,1,1,1,"{""api"": 1}","{""api"": ""running""}",1,desktop-control-plane,True,"{""desktop-control-plane"": true}"
2026-09-09T17:48:44.397Z,jaeger-7cc9b664cc-6bwgk,jaeger,Running,True,1,1,0,"{""jaeger"": 0}","{""jaeger"": ""running""}",1,desktop-control-plane,True,"{""desktop-control-plane"": true}"
2026-09-09T17:48:44.397Z,otel-collector-7c765745bf-x2wsq,otel-collector,Running,True,1,1,0,"{""otel-collector"": 0}","{""otel-collector"": ""running""}",1,desktop-control-plane,True,"{""desktop-control-plane"": true}"
2026-09-09T17:48:44.397Z,postgres-676cc4986c-8r7v5,postgres,Running,True,1,1,0,"{""postgres"": 0}","{""postgres"": ""running""}",1,desktop-control-plane,True,"{""desktop-control-plane"": true}"
2026-09-09T17:48:44.397Z,prometheus-59f5cf7468-qk6t6,prometheus,Running,True,1,1,0,"{""prometheus"": 0}","{""prometheus"": ""running""}",1,desktop-control-plane,True,"{""desktop-control-plane"": true}"
2026-09-09T17:48:44.397Z,rabbitmq-5cdf8f76b7-ftmdd,rabbitmq,Running,True,1,1,0,"{""rabbitmq"": 0}","{""rabbitmq"": ""running""}",1,desktop-control-plane,True,"{""desktop-control-plane"": true}"
2026-09-09T17:48:44.397Z,worker-56d7bdf6b4-8hz8f,worker,Running,True,1,1,0,"{""worker"": 0}","{""worker"": ""running""}",1,desktop-control-plane,True,"{""desktop-control-plane"": true}"
2026-09-09T17:48:49.397Z,api-6b9869b78-28xn9,api,Running,True,1,1,1,"{""api"": 1}","{""api"": ""running""}",1,desktop-control-plane,True,"{""desktop-control-plane"": true}"
2026-09-09T17:48:49.397Z,jaeger-7cc9b664cc-6bwgk,jaeger,Running,True,1,1,0,"{""jaeger"": 0}","{""jaeger"": ""running""}",1,desktop-control-plane,True,"{""desktop-control-plane"": true}"
2026-09-09T17:48:49.397Z,otel-collector-7c765745bf-x2wsq,otel-collector,Running,True,1,1,0,"{""otel-collector"": 0}","{""otel-collector"": ""running""}",1,desktop-control-plane,True,"{""desktop-control-plane"": true}"
2026-09-09T17:48:49.397Z,postgres-676cc4986c-8r7v5,postgres,Running,True,1,1,0,"{""postgres"": 0}","{""postgres"": ""running""}",1,desktop-control-plane,True,"{""desktop-control-plane"": true}"
2026-09-09T17:48:49.397Z,prometheus-59f5cf7468-qk6t6,prometheus,Running,True,1,1,0,"{""prometheus"": 0}","{""prometheus"": ""running""}",1,desktop-control-plane,True,"{""desktop-control-plane"": true}"
2026-09-09T17:48:49.397Z,rabbitmq-5cdf8f76b7-ftmdd,rabbitmq,Running,True,1,1,0,"{""rabbitmq"": 0}","{""rabbitmq"": ""running""}",1,desktop-control-plane,True,"{""desktop-control-plane"": true}"
2026-09-09T17:48:49.397Z,worker-56d7bdf6b4-8hz8f,worker,Running,True,1,1,0,"{""worker"": 0}","{""worker"": ""running""}",1,desktop-control-plane,True,"{""desktop-control-plane"": true}"
2026-09-09T17:48:54.397Z,api-6b9869b78-28xn9,api,Running,True,1,1,1,"{""api"": 1}","{""api"": ""running""}",1,desktop-control-plane,True,"{""desktop-control-plane"": true}"
2026-09-09T17:48:54.397Z,jaeger-7cc9b664cc-6bwgk,jaeger,Running,True,1,1,0,"{""jaeger"": 0}","{""jaeger"": ""running""}",1,desktop-control-plane,True,"{""desktop-control-plane"": true}"
2026-09-09T17:48:54.397Z,otel-collector-7c765745bf-x2wsq,otel-collector,Running,True,1,1,0,"{""otel-collector"": 0}","{""otel-collector"": ""running""}",1,desktop-control-plane,True,"{""desktop-control-plane"": true}"
2026-09-09T17:48:54.397Z,postgres-676cc4986c-8r7v5,postgres,Running,True,1,1,0,"{""postgres"": 0}","{""postgres"": ""running""}",1,desktop-control-plane,True,"{""desktop-control-plane"": true}"
2026-09-09T17:48:54.397Z,prometheus-59f5cf7468-qk6t6,prometheus,Running,True,1,1,0,"{""prometheus"": 0}","{""prometheus"": ""running""}",1,desktop-control-plane,True,"{""desktop-control-plane"": true}"
2026-09-09T17:48:54.397Z,rabbitmq-5cdf8f76b7-ftmdd,rabbitmq,Running,True,1,1,0,"{""rabbitmq"": 0}","{""rabbitmq"": ""running""}",1,desktop-control-plane,True,"{""desktop-control-plane"": true}"
2026-09-09T17:48:54.397Z,worker-56d7bdf6b4-8hz8f,worker,Running,True,1,1,0,"{""worker"": 0}","{""worker"": ""running""}",1,desktop-control-plane,True,"{""desktop-control-plane"": true}"
2026-09-09T17:48:59.397Z,api-6b9869b78-28xn9,api,Running,True,1,1,1,"{""api"": 1}","{""api"": ""running""}",1,desktop-control-plane,True,"{""desktop-control-plane"": true}"
2026-09-09T17:48:59.397Z,jaeger-7cc9b664cc-6bwgk,jaeger,Running,True,1,1,0,"{""jaeger"": 0}","{""jaeger"": ""running""}",1,desktop-control-plane,True,"{""desktop-control-plane"": true}"
2026-09-09T17:48:59.397Z,otel-collector-7c765745bf-x2wsq,otel-collector,Running,True,1,1,0,"{""otel-collector"": 0}","{""otel-collector"": ""running""}",1,desktop-control-plane,True,"{""desktop-control-plane"": true}"
2026-09-09T17:48:59.397Z,postgres-676cc4986c-8r7v5,postgres,Running,True,1,1,0,"{""postgres"": 0}","{""postgres"": ""running""}",1,desktop-control-plane,True,"{""desktop-control-plane"": true}"
2026-09-09T17:48:59.397Z,prometheus-59f5cf7468-qk6t6,prometheus,Running,True,1,1,0,"{""prometheus"": 0}","{""prometheus"": ""running""}",1,desktop-control-plane,True,"{""desktop-control-plane"": true}"
2026-09-09T17:48:59.397Z,rabbitmq-5cdf8f76b7-ftmdd,rabbitmq,Running,True,1,1,0,"{""rabbitmq"": 0}","{""rabbitmq"": ""running""}",1,desktop-control-plane,True,"{""desktop-control-plane"": true}"
2026-09-09T17:48:59.397Z,worker-56d7bdf6b4-8hz8f,worker,Running,True,1,1,0,"{""worker"": 0}","{""worker"": ""running""}",1,desktop-control-plane,True,"{""desktop-control-plane"": true}"
2026-09-09T17:49:04.398Z,api-6b9869b78-28xn9,api,Running,True,1,1,1,"{""api"": 1}","{""api"": ""running""}",1,desktop-control-plane,True,"{""desktop-control-plane"": true}"
2026-09-09T17:49:04.398Z,jaeger-7cc9b664cc-6bwgk,jaeger,Running,True,1,1,0,"{""jaeger"": 0}","{""jaeger"": ""running""}",1,desktop-control-plane,True,"{""desktop-control-plane"": true}"
2026-09-09T17:49:04.398Z,otel-collector-7c765745bf-x2wsq,otel-collector,Running,True,1,1,0,"{""otel-collector"": 0}","{""otel-collector"": ""running""}",1,desktop-control-plane,True,"{""desktop-control-plane"": true}"
2026-09-09T17:49:04.398Z,postgres-676cc4986c-8r7v5,postgres,Running,True,1,1,0,"{""postgres"": 0}","{""postgres"": ""running""}",1,desktop-control-plane,True,"{""desktop-control-plane"": true}"
2026-09-09T17:49:04.398Z,prometheus-59f5cf7468-qk6t6,prometheus,Running,True,1,1,0,"{""prometheus"": 0}","{""prometheus"": ""running""}",1,desktop-control-plane,True,"{""desktop-control-plane"": true}"
2026-09-09T17:49:04.398Z,rabbitmq-5cdf8f76b7-ftmdd,rabbitmq,Running,True,1,1,0,"{""rabbitmq"": 0}","{""rabbitmq"": ""running""}",1,desktop-control-plane,True,"{""desktop-control-plane"": true}"
2026-09-09T17:49:04.398Z,worker-56d7bdf6b4-8hz8f,worker,Running,True,1,1,0,"{""worker"": 0}","{""worker"": ""running""}",1,desktop-control-plane,True,"{""desktop-control-plane"": true}"
2026-09-09T17:49:09.398Z,api-6b9869b78-28xn9,api,Running,True,1,1,1,"{""api"": 1}","{""api"": ""running""}",1,desktop-control-plane,True,"{""desktop-control-plane"": true}"
2026-09-09T17:49:09.398Z,jaeger-7cc9b664cc-6bwgk,jaeger,Running,True,1,1,0,"{""jaeger"": 0}","{""jaeger"": ""running""}",1,desktop-control-plane,True,"{""desktop-control-plane"": true}"
2026-09-09T17:49:09.398Z,otel-collector-7c765745bf-x2wsq,otel-collector,Running,True,1,1,0,"{""otel-collector"": 0}","{""otel-collector"": ""running""}",1,desktop-control-plane,True,"{""desktop-control-plane"": true}"
2026-09-09T17:49:09.398Z,postgres-676cc4986c-8r7v5,postgres,Running,True,1,1,0,"{""postgres"": 0}","{""postgres"": ""running""}",1,desktop-control-plane,True,"{""desktop-control-plane"": true}"
2026-09-09T17:49:09.398Z,prometheus-59f5cf7468-qk6t6,prometheus,Running,True,1,1,0,"{""prometheus"": 0}","{""prometheus"": ""running""}",1,desktop-control-plane,True,"{""desktop-control-plane"": true}"
2026-09-09T17:49:09.398Z,rabbitmq-5cdf8f76b7-ftmdd,rabbitmq,Running,True,1,1,0,"{""rabbitmq"": 0}","{""rabbitmq"": ""running""}",1,desktop-control-plane,True,"{""desktop-control-plane"": true}"
2026-09-09T17:49:09.398Z,worker-56d7bdf6b4-8hz8f,worker,Running,True,1,1,0,"{""worker"": 0}","{""worker"": ""running""}",1,desktop-control-plane,True,"{""desktop-control-plane"": true}"
2026-09-09T17:49:14.399Z,api-6b9869b78-28xn9,api,Running,True,1,1,1,"{""api"": 1}","{""api"": ""running""}",1,desktop-control-plane,True,"{""desktop-control-plane"": true}"
2026-09-09T17:49:14.399Z,jaeger-7cc9b664cc-6bwgk,jaeger,Running,True,1,1,0,"{""jaeger"": 0}","{""jaeger"": ""running""}",1,desktop-control-plane,True,"{""desktop-control-plane"": true}"
2026-09-09T17:49:14.399Z,otel-collector-7c765745bf-x2wsq,otel-collector,Running,True,1,1,0,"{""otel-collector"": 0}","{""otel-collector"": ""running""}",1,desktop-control-plane,True,"{""desktop-control-plane"": true}"
2026-09-09T17:49:14.399Z,postgres-676cc4986c-8r7v5,postgres,Running,True,1,1,0,"{""postgres"": 0}","{""postgres"": ""running""}",1,desktop-control-plane,True,"{""desktop-control-plane"": true}"
2026-09-09T17:49:14.399Z,prometheus-59f5cf7468-qk6t6,prometheus,Running,True,1,1,0,"{""prometheus"": 0}","{""prometheus"": ""running""}",1,desktop-control-plane,True,"{""desktop-control-plane"": true}"
2026-09-09T17:49:14.399Z,rabbitmq-5cdf8f76b7-ftmdd,rabbitmq,Running,True,1,1,0,"{""rabbitmq"": 0}","{""rabbitmq"": ""running""}",1,desktop-control-plane,True,"{""desktop-control-plane"": true}"
2026-09-09T17:49:14.399Z,worker-56d7bdf6b4-8hz8f,worker,Running,True,1,1,0,"{""worker"": 0}","{""worker"": ""running""}",1,desktop-control-plane,True,"{""desktop-control-plane"": true}"
2026-09-09T17:49:19.399Z,api-6b9869b78-28xn9,api,Running,True,1,1,1,"{""api"": 1}","{""api"": ""running""}",1,desktop-control-plane,True,"{""desktop-control-plane"": true}"
2026-09-09T17:49:19.399Z,jaeger-7cc9b664cc-6bwgk,jaeger,Running,True,1,1,0,"{""jaeger"": 0}","{""jaeger"": ""running""}",1,desktop-control-plane,True,"{""desktop-control-plane"": true}"
2026-09-09T17:49:19.399Z,otel-collector-7c765745bf-x2wsq,otel-collector,Running,True,1,1,0,"{""otel-collector"": 0}","{""otel-collector"": ""running""}",1,desktop-control-plane,True,"{""desktop-control-plane"": true}"
2026-09-09T17:49:19.399Z,postgres-676cc4986c-8r7v5,postgres,Running,True,1,1,0,"{""postgres"": 0}","{""postgres"": ""running""}",1,desktop-control-plane,True,"{""desktop-control-plane"": true}"
2026-09-09T17:49:19.399Z,prometheus-59f5cf7468-qk6t6,prometheus,Running,True,1,1,0,"{""prometheus"": 0}","{""prometheus"": ""running""}",1,desktop-control-plane,True,"{""desktop-control-plane"": true}"
2026-09-09T17:49:19.399Z,rabbitmq-5cdf8f76b7-ftmdd,rabbitmq,Running,True,1,1,0,"{""rabbitmq"": 0}","{""rabbitmq"": ""running""}",1,desktop-control-plane,True,"{""desktop-control-plane"": true}"
2026-09-09T17:49:19.399Z,worker-56d7bdf6b4-8hz8f,worker,Running,True,1,1,0,"{""worker"": 0}","{""worker"": ""running""}",1,desktop-control-plane,True,"{""desktop-control-plane"": true}"
2026-09-09T17:49:24.399Z,api-6b9869b78-28xn9,api,Running,True,1,1,1,"{""api"": 1}","{""api"": ""running""}",1,desktop-control-plane,True,"{""desktop-control-plane"": true}"
2026-09-09T17:49:24.399Z,jaeger-7cc9b664cc-6bwgk,jaeger,Running,True,1,1,0,"{""jaeger"": 0}","{""jaeger"": ""running""}",1,desktop-control-plane,True,"{""desktop-control-plane"": true}"
2026-09-09T17:49:24.399Z,otel-collector-7c765745bf-x2wsq,otel-collector,Running,True,1,1,0,"{""otel-collector"": 0}","{""otel-collector"": ""running""}",1,desktop-control-plane,True,"{""desktop-control-plane"": true}"
2026-09-09T17:49:24.399Z,postgres-676cc4986c-8r7v5,postgres,Running,True,1,1,0,"{""postgres"": 0}","{""postgres"": ""running""}",1,desktop-control-plane,True,"{""desktop-control-plane"": true}"
2026-09-09T17:49:24.399Z,prometheus-59f5cf7468-qk6t6,prometheus,Running,True,1,1,0,"{""prometheus"": 0}","{""prometheus"": ""running""}",1,desktop-control-plane,True,"{""desktop-control-plane"": true}"
2026-09-09T17:49:24.399Z,rabbitmq-5cdf8f76b7-ftmdd,rabbitmq,Running,True,1,1,0,"{""rabbitmq"": 0}","{""rabbitmq"": ""running""}",1,desktop-control-plane,True,"{""desktop-control-plane"": true}"
2026-09-09T17:49:24.399Z,worker-56d7bdf6b4-8hz8f,worker,Running,True,1,1,0,"{""worker"": 0}","{""worker"": ""running""}",1,desktop-control-plane,True,"{""desktop-control-plane"": true}"
2026-09-09T17:49:29.400Z,api-6b9869b78-28xn9,api,Running,True,1,1,1,"{""api"": 1}","{""api"": ""running""}",1,desktop-control-plane,True,"{""desktop-control-plane"": true}"
2026-09-09T17:49:29.400Z,jaeger-7cc9b664cc-6bwgk,jaeger,Running,True,1,1,0,"{""jaeger"": 0}","{""jaeger"": ""running""}",1,desktop-control-plane,True,"{""desktop-control-plane"": true}"
2026-09-09T17:49:29.400Z,otel-collector-7c765745bf-x2wsq,otel-collector,Running,True,1,1,0,"{""otel-collector"": 0}","{""otel-collector"": ""running""}",1,desktop-control-plane,True,"{""desktop-control-plane"": true}"
2026-09-09T17:49:29.400Z,postgres-676cc4986c-8r7v5,postgres,Running,True,1,1,0,"{""postgres"": 0}","{""postgres"": ""running""}",1,desktop-control-plane,True,"{""desktop-control-plane"": true}"
2026-09-09T17:49:29.400Z,prometheus-59f5cf7468-qk6t6,prometheus,Running,True,1,1,0,"{""prometheus"": 0}","{""prometheus"": ""running""}",1,desktop-control-plane,True,"{""desktop-control-plane"": true}"
2026-09-09T17:49:29.400Z,rabbitmq-5cdf8f76b7-ftmdd,rabbitmq,Running,True,1,1,0,"{""rabbitmq"": 0}","{""rabbitmq"": ""running""}",1,desktop-control-plane,True,"{""desktop-control-plane"": true}"
2026-09-09T17:49:29.400Z,worker-56d7bdf6b4-8hz8f,worker,Running,True,1,1,0,"{""worker"": 0}","{""worker"": ""running""}",1,desktop-control-plane,True,"{""desktop-control-plane"": true}"
2026-09-09T17:49:34.400Z,api-6b9869b78-28xn9,api,Running,True,1,1,1,"{""api"": 1}","{""api"": ""running""}",1,desktop-control-plane,True,"{""desktop-control-plane"": true}"
2026-09-09T17:49:34.400Z,jaeger-7cc9b664cc-6bwgk,jaeger,Running,True,1,1,0,"{""jaeger"": 0}","{""jaeger"": ""running""}",1,desktop-control-plane,True,"{""desktop-control-plane"": true}"
2026-09-09T17:49:34.400Z,otel-collector-7c765745bf-x2wsq,otel-collector,Running,True,1,1,0,"{""otel-collector"": 0}","{""otel-collector"": ""running""}",1,desktop-control-plane,True,"{""desktop-control-plane"": true}"
2026-09-09T17:49:34.400Z,postgres-676cc4986c-8r7v5,postgres,Running,True,1,1,0,"{""postgres"": 0}","{""postgres"": ""running""}",1,desktop-control-plane,True,"{""desktop-control-plane"": true}"
2026-09-09T17:49:34.400Z,prometheus-59f5cf7468-qk6t6,prometheus,Running,True,1,1,0,"{""prometheus"": 0}","{""prometheus"": ""running""}",1,desktop-control-plane,True,"{""desktop-control-plane"": true}"
2026-09-09T17:49:34.400Z,rabbitmq-5cdf8f76b7-ftmdd,rabbitmq,Running,True,1,1,0,"{""rabbitmq"": 0}","{""rabbitmq"": ""running""}",1,desktop-control-plane,True,"{""desktop-control-plane"": true}"
2026-09-09T17:49:34.400Z,worker-56d7bdf6b4-8hz8f,worker,Running,True,1,1,0,"{""worker"": 0}","{""worker"": ""running""}",1,desktop-control-plane,True,"{""desktop-control-plane"": true}"
2026-09-09T17:49:39.401Z,api-6b9869b78-28xn9,api,Running,True,1,1,1,"{""api"": 1}","{""api"": ""running""}",1,desktop-control-plane,True,"{""desktop-control-plane"": true}"
2026-09-09T17:49:39.401Z,jaeger-7cc9b664cc-6bwgk,jaeger,Running,True,1,1,0,"{""jaeger"": 0}","{""jaeger"": ""running""}",1,desktop-control-plane,True,"{""desktop-control-plane"": true}"
2026-09-09T17:49:39.401Z,otel-collector-7c765745bf-x2wsq,otel-collector,Running,True,1,1,0,"{""otel-collector"": 0}","{""otel-collector"": ""running""}",1,desktop-control-plane,True,"{""desktop-control-plane"": true}"
2026-09-09T17:49:39.401Z,postgres-676cc4986c-8r7v5,postgres,Running,True,1,1,0,"{""postgres"": 0}","{""postgres"": ""running""}",1,desktop-control-plane,True,"{""desktop-control-plane"": true}"
2026-09-09T17:49:39.401Z,prometheus-59f5cf7468-qk6t6,prometheus,Running,True,1,1,0,"{""prometheus"": 0}","{""prometheus"": ""running""}",1,desktop-control-plane,True,"{""desktop-control-plane"": true}"
2026-09-09T17:49:39.401Z,rabbitmq-5cdf8f76b7-ftmdd,rabbitmq,Running,True,1,1,0,"{""rabbitmq"": 0}","{""rabbitmq"": ""running""}",1,desktop-control-plane,True,"{""desktop-control-plane"": true}"
2026-09-09T17:49:39.401Z,worker-56d7bdf6b4-8hz8f,worker,Running,True,1,1,0,"{""worker"": 0}","{""worker"": ""running""}",1,desktop-control-plane,True,"{""desktop-control-plane"": true}"
2026-09-09T17:49:44.401Z,api-6b9869b78-28xn9,api,Running,True,1,1,1,"{""api"": 1}","{""api"": ""running""}",1,desktop-control-plane,True,"{""desktop-control-plane"": true}"
2026-09-09T17:49:44.401Z,jaeger-7cc9b664cc-6bwgk,jaeger,Running,True,1,1,0,"{""jaeger"": 0}","{""jaeger"": ""running""}",1,desktop-control-plane,True,"{""desktop-control-plane"": true}"
2026-09-09T17:49:44.401Z,otel-collector-7c765745bf-x2wsq,otel-collector,Running,True,1,1,0,"{""otel-collector"": 0}","{""otel-collector"": ""running""}",1,desktop-control-plane,True,"{""desktop-control-plane"": true}"
2026-09-09T17:49:44.401Z,postgres-676cc4986c-8r7v5,postgres,Running,True,1,1,0,"{""postgres"": 0}","{""postgres"": ""running""}",1,desktop-control-plane,True,"{""desktop-control-plane"": true}"
2026-09-09T17:49:44.401Z,prometheus-59f5cf7468-qk6t6,prometheus,Running,True,1,1,0,"{""prometheus"": 0}","{""prometheus"": ""running""}",1,desktop-control-plane,True,"{""desktop-control-plane"": true}"
2026-09-09T17:49:44.401Z,rabbitmq-5cdf8f76b7-ftmdd,rabbitmq,Running,True,1,1,0,"{""rabbitmq"": 0}","{""rabbitmq"": ""running""}",1,desktop-control-plane,True,"{""desktop-control-plane"": true}"
2026-09-09T17:49:44.401Z,worker-56d7bdf6b4-8hz8f,worker,Running,True,1,1,0,"{""worker"": 0}","{""worker"": ""running""}",1,desktop-control-plane,True,"{""desktop-control-plane"": true}"
2026-09-09T17:49:49.401Z,api-6b9869b78-28xn9,api,Running,True,1,1,1,"{""api"": 1}","{""api"": ""running""}",1,desktop-control-plane,True,"{""desktop-control-plane"": true}"
2026-09-09T17:49:49.401Z,jaeger-7cc9b664cc-6bwgk,jaeger,Running,True,1,1,0,"{""jaeger"": 0}","{""jaeger"": ""running""}",1,desktop-control-plane,True,"{""desktop-control-plane"": true}"
2026-09-09T17:49:49.401Z,otel-collector-7c765745bf-x2wsq,otel-collector,Running,True,1,1,0,"{""otel-collector"": 0}","{""otel-collector"": ""running""}",1,desktop-control-plane,True,"{""desktop-control-plane"": true}"
2026-09-09T17:49:49.401Z,postgres-676cc4986c-8r7v5,postgres,Running,True,1,1,0,"{""postgres"": 0}","{""postgres"": ""running""}",1,desktop-control-plane,True,"{""desktop-control-plane"": true}"
2026-09-09T17:49:49.401Z,prometheus-59f5cf7468-qk6t6,prometheus,Running,True,1,1,0,"{""prometheus"": 0}","{""prometheus"": ""running""}",1,desktop-control-plane,True,"{""desktop-control-plane"": true}"
2026-09-09T17:49:49.401Z,rabbitmq-5cdf8f76b7-ftmdd,rabbitmq,Running,True,1,1,0,"{""rabbitmq"": 0}","{""rabbitmq"": ""running""}",1,desktop-control-plane,True,"{""desktop-control-plane"": true}"
2026-09-09T17:49:49.401Z,worker-56d7bdf6b4-8hz8f,worker,Running,True,1,1,0,"{""worker"": 0}","{""worker"": ""running""}",1,desktop-control-plane,True,"{""desktop-control-plane"": true}"
2026-09-09T17:49:54.402Z,api-6b9869b78-28xn9,api,Running,True,1,1,1,"{""api"": 1}","{""api"": ""running""}",1,desktop-control-plane,True,"{""desktop-control-plane"": true}"
2026-09-09T17:49:54.402Z,jaeger-7cc9b664cc-6bwgk,jaeger,Running,True,1,1,0,"{""jaeger"": 0}","{""jaeger"": ""running""}",1,desktop-control-plane,True,"{""desktop-control-plane"": true}"
2026-09-09T17:49:54.402Z,otel-collector-7c765745bf-x2wsq,otel-collector,Running,True,1,1,0,"{""otel-collector"": 0}","{""otel-collector"": ""running""}",1,desktop-control-plane,True,"{""desktop-control-plane"": true}"
2026-09-09T17:49:54.402Z,postgres-676cc4986c-8r7v5,postgres,Running,True,1,1,0,"{""postgres"": 0}","{""postgres"": ""running""}",1,desktop-control-plane,True,"{""desktop-control-plane"": true}"
2026-09-09T17:49:54.402Z,prometheus-59f5cf7468-qk6t6,prometheus,Running,True,1,1,0,"{""prometheus"": 0}","{""prometheus"": ""running""}",1,desktop-control-plane,True,"{""desktop-control-plane"": true}"
2026-09-09T17:49:54.402Z,rabbitmq-5cdf8f76b7-ftmdd,rabbitmq,Running,True,1,1,0,"{""rabbitmq"": 0}","{""rabbitmq"": ""running""}",1,desktop-control-plane,True,"{""desktop-control-plane"": true}"
2026-09-09T17:49:54.402Z,worker-56d7bdf6b4-8hz8f,worker,Running,True,1,1,0,"{""worker"": 0}","{""worker"": ""running""}",1,desktop-control-plane,True,"{""desktop-control-plane"": true}"
2026-09-09T17:49:59.402Z,api-6b9869b78-28xn9,api,Running,True,1,1,1,"{""api"": 1}","{""api"": ""running""}",1,desktop-control-plane,True,"{""desktop-control-plane"": true}"
2026-09-09T17:49:59.402Z,jaeger-7cc9b664cc-6bwgk,jaeger,Running,True,1,1,0,"{""jaeger"": 0}","{""jaeger"": ""running""}",1,desktop-control-plane,True,"{""desktop-control-plane"": true}"
2026-09-09T17:49:59.402Z,otel-collector-7c765745bf-x2wsq,otel-collector,Running,True,1,1,0,"{""otel-collector"": 0}","{""otel-collector"": ""running""}",1,desktop-control-plane,True,"{""desktop-control-plane"": true}"
2026-09-09T17:49:59.402Z,postgres-676cc4986c-8r7v5,postgres,Running,True,1,1,0,"{""postgres"": 0}","{""postgres"": ""running""}",1,desktop-control-plane,True,"{""desktop-control-plane"": true}"
2026-09-09T17:49:59.402Z,prometheus-59f5cf7468-qk6t6,prometheus,Running,True,1,1,0,"{""prometheus"": 0}","{""prometheus"": ""running""}",1,desktop-control-plane,True,"{""desktop-control-plane"": true}"
2026-09-09T17:49:59.402Z,rabbitmq-5cdf8f76b7-ftmdd,rabbitmq,Running,True,1,1,0,"{""rabbitmq"": 0}","{""rabbitmq"": ""running""}",1,desktop-control-plane,True,"{""desktop-control-plane"": true}"
2026-09-09T17:49:59.402Z,worker-56d7bdf6b4-8hz8f,worker,Running,True,1,1,0,"{""worker"": 0}","{""worker"": ""running""}",1,desktop-control-plane,True,"{""desktop-control-plane"": true}"
2026-09-09T17:50:04.403Z,api-6b9869b78-28xn9,api,Running,True,1,1,1,"{""api"": 1}","{""api"": ""running""}",1,desktop-control-plane,True,"{""desktop-control-plane"": true}"
2026-09-09T17:50:04.403Z,jaeger-7cc9b664cc-6bwgk,jaeger,Running,True,1,1,0,"{""jaeger"": 0}","{""jaeger"": ""running""}",1,desktop-control-plane,True,"{""desktop-control-plane"": true}"
2026-09-09T17:50:04.403Z,otel-collector-7c765745bf-x2wsq,otel-collector,Running,True,1,1,0,"{""otel-collector"": 0}","{""otel-collector"": ""running""}",1,desktop-control-plane,True,"{""desktop-control-plane"": true}"
2026-09-09T17:50:04.403Z,postgres-676cc4986c-8r7v5,postgres,Running,True,1,1,0,"{""postgres"": 0}","{""postgres"": ""running""}",1,desktop-control-plane,True,"{""desktop-control-plane"": true}"
2026-09-09T17:50:04.403Z,prometheus-59f5cf7468-qk6t6,prometheus,Running,True,1,1,0,"{""prometheus"": 0}","{""prometheus"": ""running""}",1,desktop-control-plane,True,"{""desktop-control-plane"": true}"
2026-09-09T17:50:04.403Z,rabbitmq-5cdf8f76b7-ftmdd,rabbitmq,Running,True,1,1,0,"{""rabbitmq"": 0}","{""rabbitmq"": ""running""}",1,desktop-control-plane,True,"{""desktop-control-plane"": true}"
2026-09-09T17:50:04.403Z,worker-56d7bdf6b4-8hz8f,worker,Running,True,1,1,0,"{""worker"": 0}","{""worker"": ""running""}",1,desktop-control-plane,True,"{""desktop-control-plane"": true}"
2026-09-09T17:50:09.403Z,api-6b9869b78-28xn9,api,Running,True,1,1,1,"{""api"": 1}","{""api"": ""running""}",1,desktop-control-plane,True,"{""desktop-control-plane"": true}"
2026-09-09T17:50:09.403Z,jaeger-7cc9b664cc-6bwgk,jaeger,Running,True,1,1,0,"{""jaeger"": 0}","{""jaeger"": ""running""}",1,desktop-control-plane,True,"{""desktop-control-plane"": true}"
2026-09-09T17:50:09.403Z,otel-collector-7c765745bf-x2wsq,otel-collector,Running,True,1,1,0,"{""otel-collector"": 0}","{""otel-collector"": ""running""}",1,desktop-control-plane,True,"{""desktop-control-plane"": true}"
2026-09-09T17:50:09.403Z,postgres-676cc4986c-8r7v5,postgres,Running,True,1,1,0,"{""postgres"": 0}","{""postgres"": ""running""}",1,desktop-control-plane,True,"{""desktop-control-plane"": true}"
2026-09-09T17:50:09.403Z,prometheus-59f5cf7468-qk6t6,prometheus,Running,True,1,1,0,"{""prometheus"": 0}","{""prometheus"": ""running""}",1,desktop-control-plane,True,"{""desktop-control-plane"": true}"
2026-09-09T17:50:09.403Z,rabbitmq-5cdf8f76b7-ftmdd,rabbitmq,Running,True,1,1,0,"{""rabbitmq"": 0}","{""rabbitmq"": ""running""}",1,desktop-control-plane,True,"{""desktop-control-plane"": true}"
2026-09-09T17:50:09.403Z,worker-56d7bdf6b4-8hz8f,worker,Running,True,1,1,0,"{""worker"": 0}","{""worker"": ""running""}",1,desktop-control-plane,True,"{""desktop-control-plane"": true}"
2026-09-09T17:50:14.403Z,api-6b9869b78-28xn9,api,Running,True,1,1,1,"{""api"": 1}","{""api"": ""running""}",1,desktop-control-plane,True,"{""desktop-control-plane"": true}"
2026-09-09T17:50:14.403Z,jaeger-7cc9b664cc-6bwgk,jaeger,Running,True,1,1,0,"{""jaeger"": 0}","{""jaeger"": ""running""}",1,desktop-control-plane,True,"{""desktop-control-plane"": true}"
2026-09-09T17:50:14.403Z,otel-collector-7c765745bf-x2wsq,otel-collector,Running,True,1,1,0,"{""otel-collector"": 0}","{""otel-collector"": ""running""}",1,desktop-control-plane,True,"{""desktop-control-plane"": true}"
2026-09-09T17:50:14.403Z,postgres-676cc4986c-8r7v5,postgres,Running,True,1,1,0,"{""postgres"": 0}","{""postgres"": ""running""}",1,desktop-control-plane,True,"{""desktop-control-plane"": true}"
2026-09-09T17:50:14.403Z,prometheus-59f5cf7468-qk6t6,prometheus,Running,True,1,1,0,"{""prometheus"": 0}","{""prometheus"": ""running""}",1,desktop-control-plane,True,"{""desktop-control-plane"": true}"
2026-09-09T17:50:14.403Z,rabbitmq-5cdf8f76b7-ftmdd,rabbitmq,Running,True,1,1,0,"{""rabbitmq"": 0}","{""rabbitmq"": ""running""}",1,desktop-control-plane,True,"{""desktop-control-plane"": true}"
2026-09-09T17:50:14.403Z,worker-56d7bdf6b4-8hz8f,worker,Running,True,1,1,0,"{""worker"": 0}","{""worker"": ""running""}",1,desktop-control-plane,True,"{""desktop-control-plane"": true}"
2026-09-09T17:50:19.403Z,api-6b9869b78-28xn9,api,Running,True,1,1,1,"{""api"": 1}","{""api"": ""running""}",1,desktop-control-plane,True,"{""desktop-control-plane"": true}"
2026-09-09T17:50:19.403Z,jaeger-7cc9b664cc-6bwgk,jaeger,Running,True,1,1,0,"{""jaeger"": 0}","{""jaeger"": ""running""}",1,desktop-control-plane,True,"{""desktop-control-plane"": true}"
2026-09-09T17:50:19.403Z,otel-collector-7c765745bf-x2wsq,otel-collector,Running,True,1,1,0,"{""otel-collector"": 0}","{""otel-collector"": ""running""}",1,desktop-control-plane,True,"{""desktop-control-plane"": true}"
2026-09-09T17:50:19.403Z,postgres-676cc4986c-8r7v5,postgres,Running,True,1,1,0,"{""postgres"": 0}","{""postgres"": ""running""}",1,desktop-control-plane,True,"{""desktop-control-plane"": true}"
2026-09-09T17:50:19.403Z,prometheus-59f5cf7468-qk6t6,prometheus,Running,True,1,1,0,"{""prometheus"": 0}","{""prometheus"": ""running""}",1,desktop-control-plane,True,"{""desktop-control-plane"": true}"
2026-09-09T17:50:19.403Z,rabbitmq-5cdf8f76b7-ftmdd,rabbitmq,Running,True,1,1,0,"{""rabbitmq"": 0}","{""rabbitmq"": ""running""}",1,desktop-control-plane,True,"{""desktop-control-plane"": true}"
2026-09-09T17:50:19.403Z,worker-56d7bdf6b4-8hz8f,worker,Running,True,1,1,0,"{""worker"": 0}","{""worker"": ""running""}",1,desktop-control-plane,True,"{""desktop-control-plane"": true}"
2026-09-09T17:50:24.404Z,api-6b9869b78-28xn9,api,Running,True,1,1,1,"{""api"": 1}","{""api"": ""running""}",1,desktop-control-plane,True,"{""desktop-control-plane"": true}"
2026-09-09T17:50:24.404Z,jaeger-7cc9b664cc-6bwgk,jaeger,Running,True,1,1,0,"{""jaeger"": 0}","{""jaeger"": ""running""}",1,desktop-control-plane,True,"{""desktop-control-plane"": true}"
2026-09-09T17:50:24.404Z,otel-collector-7c765745bf-x2wsq,otel-collector,Running,True,1,1,0,"{""otel-collector"": 0}","{""otel-collector"": ""running""}",1,desktop-control-plane,True,"{""desktop-control-plane"": true}"
2026-09-09T17:50:24.404Z,postgres-676cc4986c-8r7v5,postgres,Running,True,1,1,0,"{""postgres"": 0}","{""postgres"": ""running""}",1,desktop-control-plane,True,"{""desktop-control-plane"": true}"
2026-09-09T17:50:24.404Z,prometheus-59f5cf7468-qk6t6,prometheus,Running,True,1,1,0,"{""prometheus"": 0}","{""prometheus"": ""running""}",1,desktop-control-plane,True,"{""desktop-control-plane"": true}"
2026-09-09T17:50:24.404Z,rabbitmq-5cdf8f76b7-ftmdd,rabbitmq,Running,True,1,1,0,"{""rabbitmq"": 0}","{""rabbitmq"": ""running""}",1,desktop-control-plane,True,"{""desktop-control-plane"": true}"
2026-09-09T17:50:24.404Z,worker-56d7bdf6b4-8hz8f,worker,Running,True,1,1,0,"{""worker"": 0}","{""worker"": ""running""}",1,desktop-control-plane,True,"{""desktop-control-plane"": true}"
2026-09-09T17:50:29.404Z,api-6b9869b78-28xn9,api,Running,True,1,1,1,"{""api"": 1}","{""api"": ""running""}",1,desktop-control-plane,True,"{""desktop-control-plane"": true}"
2026-09-09T17:50:29.404Z,jaeger-7cc9b664cc-6bwgk,jaeger,Running,True,1,1,0,"{""jaeger"": 0}","{""jaeger"": ""running""}",1,desktop-control-plane,True,"{""desktop-control-plane"": true}"
2026-09-09T17:50:29.404Z,otel-collector-7c765745bf-x2wsq,otel-collector,Running,True,1,1,0,"{""otel-collector"": 0}","{""otel-collector"": ""running""}",1,desktop-control-plane,True,"{""desktop-control-plane"": true}"
2026-09-09T17:50:29.404Z,postgres-676cc4986c-8r7v5,postgres,Running,True,1,1,0,"{""postgres"": 0}","{""postgres"": ""running""}",1,desktop-control-plane,True,"{""desktop-control-plane"": true}"
2026-09-09T17:50:29.404Z,prometheus-59f5cf7468-qk6t6,prometheus,Running,True,1,1,0,"{""prometheus"": 0}","{""prometheus"": ""running""}",1,desktop-control-plane,True,"{""desktop-control-plane"": true}"
2026-09-09T17:50:29.404Z,rabbitmq-5cdf8f76b7-ftmdd,rabbitmq,Running,True,1,1,0,"{""rabbitmq"": 0}","{""rabbitmq"": ""running""}",1,desktop-control-plane,True,"{""desktop-control-plane"": true}"
2026-09-09T17:50:29.404Z,worker-56d7bdf6b4-8hz8f,worker,Running,True,1,1,0,"{""worker"": 0}","{""worker"": ""running""}",1,desktop-control-plane,True,"{""desktop-control-plane"": true}"
2026-09-09T17:50:34.405Z,api-6b9869b78-28xn9,api,Running,True,1,1,1,"{""api"": 1}","{""api"": ""running""}",1,desktop-control-plane,True,"{""desktop-control-plane"": true}"
2026-09-09T17:50:34.405Z,jaeger-7cc9b664cc-6bwgk,jaeger,Running,True,1,1,0,"{""jaeger"": 0}","{""jaeger"": ""running""}",1,desktop-control-plane,True,"{""desktop-control-plane"": true}"
2026-09-09T17:50:34.405Z,otel-collector-7c765745bf-x2wsq,otel-collector,Running,True,1,1,0,"{""otel-collector"": 0}","{""otel-collector"": ""running""}",1,desktop-control-plane,True,"{""desktop-control-plane"": true}"
2026-09-09T17:50:34.405Z,postgres-676cc4986c-8r7v5,postgres,Running,True,1,1,0,"{""postgres"": 0}","{""postgres"": ""running""}",1,desktop-control-plane,True,"{""desktop-control-plane"": true}"
2026-09-09T17:50:34.405Z,prometheus-59f5cf7468-qk6t6,prometheus,Running,True,1,1,0,"{""prometheus"": 0}","{""prometheus"": ""running""}",1,desktop-control-plane,True,"{""desktop-control-plane"": true}"
2026-09-09T17:50:34.405Z,rabbitmq-5cdf8f76b7-ftmdd,rabbitmq,Running,True,1,1,0,"{""rabbitmq"": 0}","{""rabbitmq"": ""running""}",1,desktop-control-plane,True,"{""desktop-control-plane"": true}"
2026-09-09T17:50:34.405Z,worker-56d7bdf6b4-8hz8f,worker,Running,True,1,1,0,"{""worker"": 0}","{""worker"": ""running""}",1,desktop-control-plane,True,"{""desktop-control-plane"": true}"
2026-09-09T17:50:39.405Z,api-6b9869b78-28xn9,api,Running,True,1,1,1,"{""api"": 1}","{""api"": ""running""}",1,desktop-control-plane,True,"{""desktop-control-plane"": true}"
2026-09-09T17:50:39.405Z,jaeger-7cc9b664cc-6bwgk,jaeger,Running,True,1,1,0,"{""jaeger"": 0}","{""jaeger"": ""running""}",1,desktop-control-plane,True,"{""desktop-control-plane"": true}"
2026-09-09T17:50:39.405Z,otel-collector-7c765745bf-x2wsq,otel-collector,Running,True,1,1,0,"{""otel-collector"": 0}","{""otel-collector"": ""running""}",1,desktop-control-plane,True,"{""desktop-control-plane"": true}"
2026-09-09T17:50:39.405Z,postgres-676cc4986c-8r7v5,postgres,Running,True,1,1,0,"{""postgres"": 0}","{""postgres"": ""running""}",1,desktop-control-plane,True,"{""desktop-control-plane"": true}"
2026-09-09T17:50:39.405Z,prometheus-59f5cf7468-qk6t6,prometheus,Running,True,1,1,0,"{""prometheus"": 0}","{""prometheus"": ""running""}",1,desktop-control-plane,True,"{""desktop-control-plane"": true}"
2026-09-09T17:50:39.405Z,rabbitmq-5cdf8f76b7-ftmdd,rabbitmq,Running,True,1,1,0,"{""rabbitmq"": 0}","{""rabbitmq"": ""running""}",1,desktop-control-plane,True,"{""desktop-control-plane"": true}"
2026-09-09T17:50:39.405Z,worker-56d7bdf6b4-8hz8f,worker,Running,True,1,1,0,"{""worker"": 0}","{""worker"": ""running""}",1,desktop-control-plane,True,"{""desktop-control-plane"": true}"
2026-09-09T17:50:44.405Z,api-6b9869b78-28xn9,api,Running,True,1,1,1,"{""api"": 1}","{""api"": ""running""}",1,desktop-control-plane,True,"{""desktop-control-plane"": true}"
2026-09-09T17:50:44.405Z,jaeger-7cc9b664cc-6bwgk,jaeger,Running,True,1,1,0,"{""jaeger"": 0}","{""jaeger"": ""running""}",1,desktop-control-plane,True,"{""desktop-control-plane"": true}"
2026-09-09T17:50:44.405Z,otel-collector-7c765745bf-x2wsq,otel-collector,Running,True,1,1,0,"{""otel-collector"": 0}","{""otel-collector"": ""running""}",1,desktop-control-plane,True,"{""desktop-control-plane"": true}"
2026-09-09T17:50:44.405Z,postgres-676cc4986c-8r7v5,postgres,Running,True,1,1,0,"{""postgres"": 0}","{""postgres"": ""running""}",1,desktop-control-plane,True,"{""desktop-control-plane"": true}"
2026-09-09T17:50:44.405Z,prometheus-59f5cf7468-qk6t6,prometheus,Running,True,1,1,0,"{""prometheus"": 0}","{""prometheus"": ""running""}",1,desktop-control-plane,True,"{""desktop-control-plane"": true}"
2026-09-09T17:50:44.405Z,rabbitmq-5cdf8f76b7-ftmdd,rabbitmq,Running,True,1,1,0,"{""rabbitmq"": 0}","{""rabbitmq"": ""running""}",1,desktop-control-plane,True,"{""desktop-control-plane"": true}"
2026-09-09T17:50:44.405Z,worker-56d7bdf6b4-8hz8f,worker,Running,True,1,1,0,"{""worker"": 0}","{""worker"": ""running""}",1,desktop-control-plane,True,"{""desktop-control-plane"": true}"
2026-09-09T17:50:49.405Z,api-6b9869b78-28xn9,api,Running,True,1,1,1,"{""api"": 1}","{""api"": ""running""}",1,desktop-control-plane,True,"{""desktop-control-plane"": true}"
2026-09-09T17:50:49.405Z,jaeger-7cc9b664cc-6bwgk,jaeger,Running,True,1,1,0,"{""jaeger"": 0}","{""jaeger"": ""running""}",1,desktop-control-plane,True,"{""desktop-control-plane"": true}"
2026-09-09T17:50:49.405Z,otel-collector-7c765745bf-x2wsq,otel-collector,Running,True,1,1,0,"{""otel-collector"": 0}","{""otel-collector"": ""running""}",1,desktop-control-plane,True,"{""desktop-control-plane"": true}"
2026-09-09T17:50:49.405Z,postgres-676cc4986c-8r7v5,postgres,Running,True,1,1,0,"{""postgres"": 0}","{""postgres"": ""running""}",1,desktop-control-plane,True,"{""desktop-control-plane"": true}"
2026-09-09T17:50:49.405Z,prometheus-59f5cf7468-qk6t6,prometheus,Running,True,1,1,0,"{""prometheus"": 0}","{""prometheus"": ""running""}",1,desktop-control-plane,True,"{""desktop-control-plane"": true}"
2026-09-09T17:50:49.405Z,rabbitmq-5cdf8f76b7-ftmdd,rabbitmq,Running,True,1,1,0,"{""rabbitmq"": 0}","{""rabbitmq"": ""running""}",1,desktop-control-plane,True,"{""desktop-control-plane"": true}"
2026-09-09T17:50:49.405Z,worker-56d7bdf6b4-8hz8f,worker,Running,True,1,1,0,"{""worker"": 0}","{""worker"": ""running""}",1,desktop-control-plane,True,"{""desktop-control-plane"": true}"
2026-09-09T17:50:54.406Z,api-6b9869b78-28xn9,api,Running,True,1,1,1,"{""api"": 1}","{""api"": ""running""}",1,desktop-control-plane,True,"{""desktop-control-plane"": true}"
2026-09-09T17:50:54.406Z,jaeger-7cc9b664cc-6bwgk,jaeger,Running,True,1,1,0,"{""jaeger"": 0}","{""jaeger"": ""running""}",1,desktop-control-plane,True,"{""desktop-control-plane"": true}"
2026-09-09T17:50:54.406Z,otel-collector-7c765745bf-x2wsq,otel-collector,Running,True,1,1,0,"{""otel-collector"": 0}","{""otel-collector"": ""running""}",1,desktop-control-plane,True,"{""desktop-control-plane"": true}"
2026-09-09T17:50:54.406Z,postgres-676cc4986c-8r7v5,postgres,Running,True,1,1,0,"{""postgres"": 0}","{""postgres"": ""running""}",1,desktop-control-plane,True,"{""desktop-control-plane"": true}"
2026-09-09T17:50:54.406Z,prometheus-59f5cf7468-qk6t6,prometheus,Running,True,1,1,0,"{""prometheus"": 0}","{""prometheus"": ""running""}",1,desktop-control-plane,True,"{""desktop-control-plane"": true}"
2026-09-09T17:50:54.406Z,rabbitmq-5cdf8f76b7-ftmdd,rabbitmq,Running,True,1,1,0,"{""rabbitmq"": 0}","{""rabbitmq"": ""running""}",1,desktop-control-plane,True,"{""desktop-control-plane"": true}"
2026-09-09T17:50:54.406Z,worker-56d7bdf6b4-8hz8f,worker,Running,True,1,1,0,"{""worker"": 0}","{""worker"": ""running""}",1,desktop-control-plane,True,"{""desktop-control-plane"": true}"
2026-09-09T17:50:59.406Z,api-6b9869b78-28xn9,api,Running,True,1,1,1,"{""api"": 1}","{""api"": ""running""}",1,desktop-control-plane,True,"{""desktop-control-plane"": true}"
2026-09-09T17:50:59.406Z,jaeger-7cc9b664cc-6bwgk,jaeger,Running,True,1,1,0,"{""jaeger"": 0}","{""jaeger"": ""running""}",1,desktop-control-plane,True,"{""desktop-control-plane"": true}"
2026-09-09T17:50:59.406Z,otel-collector-7c765745bf-x2wsq,otel-collector,Running,True,1,1,0,"{""otel-collector"": 0}","{""otel-collector"": ""running""}",1,desktop-control-plane,True,"{""desktop-control-plane"": true}"
2026-09-09T17:50:59.406Z,postgres-676cc4986c-8r7v5,postgres,Running,True,1,1,0,"{""postgres"": 0}","{""postgres"": ""running""}",1,desktop-control-plane,True,"{""desktop-control-plane"": true}"
2026-09-09T17:50:59.406Z,prometheus-59f5cf7468-qk6t6,prometheus,Running,True,1,1,0,"{""prometheus"": 0}","{""prometheus"": ""running""}",1,desktop-control-plane,True,"{""desktop-control-plane"": true}"
2026-09-09T17:50:59.406Z,rabbitmq-5cdf8f76b7-ftmdd,rabbitmq,Running,True,1,1,0,"{""rabbitmq"": 0}","{""rabbitmq"": ""running""}",1,desktop-control-plane,True,"{""desktop-control-plane"": true}"
2026-09-09T17:50:59.406Z,worker-56d7bdf6b4-8hz8f,worker,Running,True,1,1,0,"{""worker"": 0}","{""worker"": ""running""}",1,desktop-control-plane,True,"{""desktop-control-plane"": true}"
2026-09-09T17:51:04.406Z,api-6b9869b78-28xn9,api,Running,True,1,1,1,"{""api"": 1}","{""api"": ""running""}",1,desktop-control-plane,True,"{""desktop-control-plane"": true}"
2026-09-09T17:51:04.406Z,jaeger-7cc9b664cc-6bwgk,jaeger,Running,True,1,1,0,"{""jaeger"": 0}","{""jaeger"": ""running""}",1,desktop-control-plane,True,"{""desktop-control-plane"": true}"
2026-09-09T17:51:04.406Z,otel-collector-7c765745bf-x2wsq,otel-collector,Running,True,1,1,0,"{""otel-collector"": 0}","{""otel-collector"": ""running""}",1,desktop-control-plane,True,"{""desktop-control-plane"": true}"
2026-09-09T17:51:04.406Z,postgres-676cc4986c-8r7v5,postgres,Running,True,1,1,0,"{""postgres"": 0}","{""postgres"": ""running""}",1,desktop-control-plane,True,"{""desktop-control-plane"": true}"
2026-09-09T17:51:04.406Z,prometheus-59f5cf7468-qk6t6,prometheus,Running,True,1,1,0,"{""prometheus"": 0}","{""prometheus"": ""running""}",1,desktop-control-plane,True,"{""desktop-control-plane"": true}"
2026-09-09T17:51:04.406Z,rabbitmq-5cdf8f76b7-ftmdd,rabbitmq,Running,True,1,1,0,"{""rabbitmq"": 0}","{""rabbitmq"": ""running""}",1,desktop-control-plane,True,"{""desktop-control-plane"": true}"
2026-09-09T17:51:04.406Z,worker-56d7bdf6b4-8hz8f,worker,Running,True,1,1,0,"{""worker"": 0}","{""worker"": ""running""}",1,desktop-control-plane,True,"{""desktop-control-plane"": true}"
2026-09-09T17:51:09.407Z,api-6b9869b78-28xn9,api,Running,True,1,1,1,"{""api"": 1}","{""api"": ""running""}",1,desktop-control-plane,True,"{""desktop-control-plane"": true}"
2026-09-09T17:51:09.407Z,jaeger-7cc9b664cc-6bwgk,jaeger,Running,True,1,1,0,"{""jaeger"": 0}","{""jaeger"": ""running""}",1,desktop-control-plane,True,"{""desktop-control-plane"": true}"
2026-09-09T17:51:09.407Z,otel-collector-7c765745bf-x2wsq,otel-collector,Running,True,1,1,0,"{""otel-collector"": 0}","{""otel-collector"": ""running""}",1,desktop-control-plane,True,"{""desktop-control-plane"": true}"
2026-09-09T17:51:09.407Z,postgres-676cc4986c-8r7v5,postgres,Running,True,1,1,0,"{""postgres"": 0}","{""postgres"": ""running""}",1,desktop-control-plane,True,"{""desktop-control-plane"": true}"
2026-09-09T17:51:09.407Z,prometheus-59f5cf7468-qk6t6,prometheus,Running,True,1,1,0,"{""prometheus"": 0}","{""prometheus"": ""running""}",1,desktop-control-plane,True,"{""desktop-control-plane"": true}"
2026-09-09T17:51:09.407Z,rabbitmq-5cdf8f76b7-ftmdd,rabbitmq,Running,True,1,1,0,"{""rabbitmq"": 0}","{""rabbitmq"": ""running""}",1,desktop-control-plane,True,"{""desktop-control-plane"": true}"
2026-09-09T17:51:09.407Z,worker-56d7bdf6b4-8hz8f,worker,Running,True,1,1,0,"{""worker"": 0}","{""worker"": ""running""}",1,desktop-control-plane,True,"{""desktop-control-plane"": true}"
2026-09-09T17:51:14.407Z,api-6b9869b78-28xn9,api,Running,True,1,1,1,"{""api"": 1}","{""api"": ""running""}",1,desktop-control-plane,True,"{""desktop-control-plane"": true}"
2026-09-09T17:51:14.407Z,jaeger-7cc9b664cc-6bwgk,jaeger,Running,True,1,1,0,"{""jaeger"": 0}","{""jaeger"": ""running""}",1,desktop-control-plane,True,"{""desktop-control-plane"": true}"
2026-09-09T17:51:14.407Z,otel-collector-7c765745bf-x2wsq,otel-collector,Running,True,1,1,0,"{""otel-collector"": 0}","{""otel-collector"": ""running""}",1,desktop-control-plane,True,"{""desktop-control-plane"": true}"
2026-09-09T17:51:14.407Z,postgres-676cc4986c-8r7v5,postgres,Running,True,1,1,0,"{""postgres"": 0}","{""postgres"": ""running""}",1,desktop-control-plane,True,"{""desktop-control-plane"": true}"
2026-09-09T17:51:14.407Z,prometheus-59f5cf7468-qk6t6,prometheus,Running,True,1,1,0,"{""prometheus"": 0}","{""prometheus"": ""running""}",1,desktop-control-plane,True,"{""desktop-control-plane"": true}"
2026-09-09T17:51:14.407Z,rabbitmq-5cdf8f76b7-ftmdd,rabbitmq,Running,True,1,1,0,"{""rabbitmq"": 0}","{""rabbitmq"": ""running""}",1,desktop-control-plane,True,"{""desktop-control-plane"": true}"
2026-09-09T17:51:14.407Z,worker-56d7bdf6b4-8hz8f,worker,Running,True,1,1,0,"{""worker"": 0}","{""worker"": ""running""}",1,desktop-control-plane,True,"{""desktop-control-plane"": true}"
2026-09-09T17:51:19.407Z,api-6b9869b78-28xn9,api,Running,True,1,1,1,"{""api"": 1}","{""api"": ""running""}",1,desktop-control-plane,True,"{""desktop-control-plane"": true}"
2026-09-09T17:51:19.407Z,jaeger-7cc9b664cc-6bwgk,jaeger,Running,True,1,1,0,"{""jaeger"": 0}","{""jaeger"": ""running""}",1,desktop-control-plane,True,"{""desktop-control-plane"": true}"
2026-09-09T17:51:19.407Z,otel-collector-7c765745bf-x2wsq,otel-collector,Running,True,1,1,0,"{""otel-collector"": 0}","{""otel-collector"": ""running""}",1,desktop-control-plane,True,"{""desktop-control-plane"": true}"
2026-09-09T17:51:19.407Z,postgres-676cc4986c-8r7v5,postgres,Running,True,1,1,0,"{""postgres"": 0}","{""postgres"": ""running""}",1,desktop-control-plane,True,"{""desktop-control-plane"": true}"
2026-09-09T17:51:19.407Z,prometheus-59f5cf7468-qk6t6,prometheus,Running,True,1,1,0,"{""prometheus"": 0}","{""prometheus"": ""running""}",1,desktop-control-plane,True,"{""desktop-control-plane"": true}"
2026-09-09T17:51:19.407Z,rabbitmq-5cdf8f76b7-ftmdd,rabbitmq,Running,True,1,1,0,"{""rabbitmq"": 0}","{""rabbitmq"": ""running""}",1,desktop-control-plane,True,"{""desktop-control-plane"": true}"
2026-09-09T17:51:19.407Z,worker-56d7bdf6b4-8hz8f,worker,Running,True,1,1,0,"{""worker"": 0}","{""worker"": ""running""}",1,desktop-control-plane,True,"{""desktop-control-plane"": true}"
2026-09-09T17:51:24.408Z,api-6b9869b78-28xn9,api,Running,True,1,1,1,"{""api"": 1}","{""api"": ""running""}",1,desktop-control-plane,True,"{""desktop-control-plane"": true}"
2026-09-09T17:51:24.408Z,jaeger-7cc9b664cc-6bwgk,jaeger,Running,True,1,1,0,"{""jaeger"": 0}","{""jaeger"": ""running""}",1,desktop-control-plane,True,"{""desktop-control-plane"": true}"
2026-09-09T17:51:24.408Z,otel-collector-7c765745bf-x2wsq,otel-collector,Running,True,1,1,0,"{""otel-collector"": 0}","{""otel-collector"": ""running""}",1,desktop-control-plane,True,"{""desktop-control-plane"": true}"
2026-09-09T17:51:24.408Z,postgres-676cc4986c-8r7v5,postgres,Running,True,1,1,0,"{""postgres"": 0}","{""postgres"": ""running""}",1,desktop-control-plane,True,"{""desktop-control-plane"": true}"
2026-09-09T17:51:24.408Z,prometheus-59f5cf7468-qk6t6,prometheus,Running,True,1,1,0,"{""prometheus"": 0}","{""prometheus"": ""running""}",1,desktop-control-plane,True,"{""desktop-control-plane"": true}"
2026-09-09T17:51:24.408Z,rabbitmq-5cdf8f76b7-ftmdd,rabbitmq,Running,True,1,1,0,"{""rabbitmq"": 0}","{""rabbitmq"": ""running""}",1,desktop-control-plane,True,"{""desktop-control-plane"": true}"
2026-09-09T17:51:24.408Z,worker-56d7bdf6b4-8hz8f,worker,Running,True,1,1,0,"{""worker"": 0}","{""worker"": ""running""}",1,desktop-control-plane,True,"{""desktop-control-plane"": true}"
2026-09-09T17:51:29.408Z,api-6b9869b78-28xn9,api,Running,True,1,1,1,"{""api"": 1}","{""api"": ""running""}",1,desktop-control-plane,True,"{""desktop-control-plane"": true}"
2026-09-09T17:51:29.408Z,jaeger-7cc9b664cc-6bwgk,jaeger,Running,True,1,1,0,"{""jaeger"": 0}","{""jaeger"": ""running""}",1,desktop-control-plane,True,"{""desktop-control-plane"": true}"
2026-09-09T17:51:29.408Z,otel-collector-7c765745bf-x2wsq,otel-collector,Running,True,1,1,0,"{""otel-collector"": 0}","{""otel-collector"": ""running""}",1,desktop-control-plane,True,"{""desktop-control-plane"": true}"
2026-09-09T17:51:29.408Z,postgres-676cc4986c-8r7v5,postgres,Running,True,1,1,0,"{""postgres"": 0}","{""postgres"": ""running""}",1,desktop-control-plane,True,"{""desktop-control-plane"": true}"
2026-09-09T17:51:29.408Z,prometheus-59f5cf7468-qk6t6,prometheus,Running,True,1,1,0,"{""prometheus"": 0}","{""prometheus"": ""running""}",1,desktop-control-plane,True,"{""desktop-control-plane"": true}"
2026-09-09T17:51:29.408Z,rabbitmq-5cdf8f76b7-ftmdd,rabbitmq,Running,True,1,1,0,"{""rabbitmq"": 0}","{""rabbitmq"": ""running""}",1,desktop-control-plane,True,"{""desktop-control-plane"": true}"
2026-09-09T17:51:29.408Z,worker-56d7bdf6b4-8hz8f,worker,Running,True,1,1,0,"{""worker"": 0}","{""worker"": ""running""}",1,desktop-control-plane,True,"{""desktop-control-plane"": true}"
2026-09-09T17:51:34.408Z,api-6b9869b78-28xn9,api,Running,True,1,1,1,"{""api"": 1}","{""api"": ""running""}",1,desktop-control-plane,True,"{""desktop-control-plane"": true}"
2026-09-09T17:51:34.408Z,jaeger-7cc9b664cc-6bwgk,jaeger,Running,True,1,1,0,"{""jaeger"": 0}","{""jaeger"": ""running""}",1,desktop-control-plane,True,"{""desktop-control-plane"": true}"
2026-09-09T17:51:34.408Z,otel-collector-7c765745bf-x2wsq,otel-collector,Running,True,1,1,0,"{""otel-collector"": 0}","{""otel-collector"": ""running""}",1,desktop-control-plane,True,"{""desktop-control-plane"": true}"
2026-09-09T17:51:34.408Z,postgres-676cc4986c-8r7v5,postgres,Running,True,1,1,0,"{""postgres"": 0}","{""postgres"": ""running""}",1,desktop-control-plane,True,"{""desktop-control-plane"": true}"
2026-09-09T17:51:34.408Z,prometheus-59f5cf7468-qk6t6,prometheus,Running,True,1,1,0,"{""prometheus"": 0}","{""prometheus"": ""running""}",1,desktop-control-plane,True,"{""desktop-control-plane"": true}"
2026-09-09T17:51:34.408Z,rabbitmq-5cdf8f76b7-ftmdd,rabbitmq,Running,True,1,1,0,"{""rabbitmq"": 0}","{""rabbitmq"": ""running""}",1,desktop-control-plane,True,"{""desktop-control-plane"": true}"
2026-09-09T17:51:34.408Z,worker-56d7bdf6b4-8hz8f,worker,Running,True,1,1,0,"{""worker"": 0}","{""worker"": ""running""}",1,desktop-control-plane,True,"{""desktop-control-plane"": true}"
2026-09-09T17:51:39.409Z,api-6b9869b78-28xn9,api,Running,True,1,1,1,"{""api"": 1}","{""api"": ""running""}",1,desktop-control-plane,True,"{""desktop-control-plane"": true}"
2026-09-09T17:51:39.409Z,jaeger-7cc9b664cc-6bwgk,jaeger,Running,True,1,1,0,"{""jaeger"": 0}","{""jaeger"": ""running""}",1,desktop-control-plane,True,"{""desktop-control-plane"": true}"
2026-09-09T17:51:39.409Z,otel-collector-7c765745bf-x2wsq,otel-collector,Running,True,1,1,0,"{""otel-collector"": 0}","{""otel-collector"": ""running""}",1,desktop-control-plane,True,"{""desktop-control-plane"": true}"
2026-09-09T17:51:39.409Z,postgres-676cc4986c-8r7v5,postgres,Running,True,1,1,0,"{""postgres"": 0}","{""postgres"": ""running""}",1,desktop-control-plane,True,"{""desktop-control-plane"": true}"
2026-09-09T17:51:39.409Z,prometheus-59f5cf7468-qk6t6,prometheus,Running,True,1,1,0,"{""prometheus"": 0}","{""prometheus"": ""running""}",1,desktop-control-plane,True,"{""desktop-control-plane"": true}"
2026-09-09T17:51:39.409Z,rabbitmq-5cdf8f76b7-ftmdd,rabbitmq,Running,True,1,1,0,"{""rabbitmq"": 0}","{""rabbitmq"": ""running""}",1,desktop-control-plane,True,"{""desktop-control-plane"": true}"
2026-09-09T17:51:39.409Z,worker-56d7bdf6b4-8hz8f,worker,Running,True,1,1,0,"{""worker"": 0}","{""worker"": ""running""}",1,desktop-control-plane,True,"{""desktop-control-plane"": true}"
2026-09-09T17:51:44.409Z,api-6b9869b78-28xn9,api,Running,True,1,1,1,"{""api"": 1}","{""api"": ""running""}",1,desktop-control-plane,True,"{""desktop-control-plane"": true}"
2026-09-09T17:51:44.409Z,jaeger-7cc9b664cc-6bwgk,jaeger,Running,True,1,1,0,"{""jaeger"": 0}","{""jaeger"": ""running""}",1,desktop-control-plane,True,"{""desktop-control-plane"": true}"
2026-09-09T17:51:44.409Z,otel-collector-7c765745bf-x2wsq,otel-collector,Running,True,1,1,0,"{""otel-collector"": 0}","{""otel-collector"": ""running""}",1,desktop-control-plane,True,"{""desktop-control-plane"": true}"
2026-09-09T17:51:44.409Z,postgres-676cc4986c-8r7v5,postgres,Running,True,1,1,0,"{""postgres"": 0}","{""postgres"": ""running""}",1,desktop-control-plane,True,"{""desktop-control-plane"": true}"
2026-09-09T17:51:44.409Z,prometheus-59f5cf7468-qk6t6,prometheus,Running,True,1,1,0,"{""prometheus"": 0}","{""prometheus"": ""running""}",1,desktop-control-plane,True,"{""desktop-control-plane"": true}"
2026-09-09T17:51:44.409Z,rabbitmq-5cdf8f76b7-ftmdd,rabbitmq,Running,True,1,1,0,"{""rabbitmq"": 0}","{""rabbitmq"": ""running""}",1,desktop-control-plane,True,"{""desktop-control-plane"": true}"
2026-09-09T17:51:44.409Z,worker-56d7bdf6b4-8hz8f,worker,Running,True,1,1,0,"{""worker"": 0}","{""worker"": ""running""}",1,desktop-control-plane,True,"{""desktop-control-plane"": true}"
2026-09-09T17:51:49.409Z,api-6b9869b78-28xn9,api,Running,True,1,1,1,"{""api"": 1}","{""api"": ""running""}",1,desktop-control-plane,True,"{""desktop-control-plane"": true}"
2026-09-09T17:51:49.409Z,jaeger-7cc9b664cc-6bwgk,jaeger,Running,True,1,1,0,"{""jaeger"": 0}","{""jaeger"": ""running""}",1,desktop-control-plane,True,"{""desktop-control-plane"": true}"
2026-09-09T17:51:49.409Z,otel-collector-7c765745bf-x2wsq,otel-collector,Running,True,1,1,0,"{""otel-collector"": 0}","{""otel-collector"": ""running""}",1,desktop-control-plane,True,"{""desktop-control-plane"": true}"
2026-09-09T17:51:49.409Z,postgres-676cc4986c-8r7v5,postgres,Running,True,1,1,0,"{""postgres"": 0}","{""postgres"": ""running""}",1,desktop-control-plane,True,"{""desktop-control-plane"": true}"
2026-09-09T17:51:49.409Z,prometheus-59f5cf7468-qk6t6,prometheus,Running,True,1,1,0,"{""prometheus"": 0}","{""prometheus"": ""running""}",1,desktop-control-plane,True,"{""desktop-control-plane"": true}"
2026-09-09T17:51:49.409Z,rabbitmq-5cdf8f76b7-ftmdd,rabbitmq,Running,True,1,1,0,"{""rabbitmq"": 0}","{""rabbitmq"": ""running""}",1,desktop-control-plane,True,"{""desktop-control-plane"": true}"
2026-09-09T17:51:49.409Z,worker-56d7bdf6b4-8hz8f,worker,Running,True,1,1,0,"{""worker"": 0}","{""worker"": ""running""}",1,desktop-control-plane,True,"{""desktop-control-plane"": true}"
2026-09-09T17:51:54.410Z,api-6b9869b78-28xn9,api,Running,True,1,1,1,"{""api"": 1}","{""api"": ""running""}",1,desktop-control-plane,True,"{""desktop-control-plane"": true}"
2026-09-09T17:51:54.410Z,jaeger-7cc9b664cc-6bwgk,jaeger,Running,True,1,1,0,"{""jaeger"": 0}","{""jaeger"": ""running""}",1,desktop-control-plane,True,"{""desktop-control-plane"": true}"
2026-09-09T17:51:54.410Z,otel-collector-7c765745bf-x2wsq,otel-collector,Running,True,1,1,0,"{""otel-collector"": 0}","{""otel-collector"": ""running""}",1,desktop-control-plane,True,"{""desktop-control-plane"": true}"
2026-09-09T17:51:54.410Z,postgres-676cc4986c-8r7v5,postgres,Running,True,1,1,0,"{""postgres"": 0}","{""postgres"": ""running""}",1,desktop-control-plane,True,"{""desktop-control-plane"": true}"
2026-09-09T17:51:54.410Z,prometheus-59f5cf7468-qk6t6,prometheus,Running,True,1,1,0,"{""prometheus"": 0}","{""prometheus"": ""running""}",1,desktop-control-plane,True,"{""desktop-control-plane"": true}"
2026-09-09T17:51:54.410Z,rabbitmq-5cdf8f76b7-ftmdd,rabbitmq,Running,True,1,1,0,"{""rabbitmq"": 0}","{""rabbitmq"": ""running""}",1,desktop-control-plane,True,"{""desktop-control-plane"": true}"
2026-09-09T17:51:54.410Z,worker-56d7bdf6b4-8hz8f,worker,Running,True,1,1,0,"{""worker"": 0}","{""worker"": ""running""}",1,desktop-control-plane,True,"{""desktop-control-plane"": true}"
2026-09-09T17:51:59.410Z,api-6b9869b78-28xn9,api,Running,True,1,1,1,"{""api"": 1}","{""api"": ""running""}",1,desktop-control-plane,True,"{""desktop-control-plane"": true}"
2026-09-09T17:51:59.410Z,jaeger-7cc9b664cc-6bwgk,jaeger,Running,True,1,1,0,"{""jaeger"": 0}","{""jaeger"": ""running""}",1,desktop-control-plane,True,"{""desktop-control-plane"": true}"
2026-09-09T17:51:59.410Z,otel-collector-7c765745bf-x2wsq,otel-collector,Running,True,1,1,0,"{""otel-collector"": 0}","{""otel-collector"": ""running""}",1,desktop-control-plane,True,"{""desktop-control-plane"": true}"
2026-09-09T17:51:59.410Z,postgres-676cc4986c-8r7v5,postgres,Running,True,1,1,0,"{""postgres"": 0}","{""postgres"": ""running""}",1,desktop-control-plane,True,"{""desktop-control-plane"": true}"
2026-09-09T17:51:59.410Z,prometheus-59f5cf7468-qk6t6,prometheus,Running,True,1,1,0,"{""prometheus"": 0}","{""prometheus"": ""running""}",1,desktop-control-plane,True,"{""desktop-control-plane"": true}"
2026-09-09T17:51:59.410Z,rabbitmq-5cdf8f76b7-ftmdd,rabbitmq,Running,True,1,1,0,"{""rabbitmq"": 0}","{""rabbitmq"": ""running""}",1,desktop-control-plane,True,"{""desktop-control-plane"": true}"
2026-09-09T17:51:59.410Z,worker-56d7bdf6b4-8hz8f,worker,Running,True,1,1,0,"{""worker"": 0}","{""worker"": ""running""}",1,desktop-control-plane,True,"{""desktop-control-plane"": true}"
2026-09-09T17:52:04.410Z,api-6b9869b78-28xn9,api,Running,True,1,1,1,"{""api"": 1}","{""api"": ""running""}",1,desktop-control-plane,True,"{""desktop-control-plane"": true}"
2026-09-09T17:52:04.410Z,jaeger-7cc9b664cc-6bwgk,jaeger,Running,True,1,1,0,"{""jaeger"": 0}","{""jaeger"": ""running""}",1,desktop-control-plane,True,"{""desktop-control-plane"": true}"
2026-09-09T17:52:04.410Z,otel-collector-7c765745bf-x2wsq,otel-collector,Running,True,1,1,0,"{""otel-collector"": 0}","{""otel-collector"": ""running""}",1,desktop-control-plane,True,"{""desktop-control-plane"": true}"
2026-09-09T17:52:04.410Z,postgres-676cc4986c-8r7v5,postgres,Running,True,1,1,0,"{""postgres"": 0}","{""postgres"": ""running""}",1,desktop-control-plane,True,"{""desktop-control-plane"": true}"
2026-09-09T17:52:04.410Z,prometheus-59f5cf7468-qk6t6,prometheus,Running,True,1,1,0,"{""prometheus"": 0}","{""prometheus"": ""running""}",1,desktop-control-plane,True,"{""desktop-control-plane"": true}"
2026-09-09T17:52:04.410Z,rabbitmq-5cdf8f76b7-ftmdd,rabbitmq,Running,True,1,1,0,"{""rabbitmq"": 0}","{""rabbitmq"": ""running""}",1,desktop-control-plane,True,"{""desktop-control-plane"": true}"
2026-09-09T17:52:04.410Z,worker-56d7bdf6b4-8hz8f,worker,Running,True,1,1,0,"{""worker"": 0}","{""worker"": ""running""}",1,desktop-control-plane,True,"{""desktop-control-plane"": true}"
2026-09-09T17:52:09.411Z,api-6b9869b78-28xn9,api,Running,True,1,1,1,"{""api"": 1}","{""api"": ""running""}",1,desktop-control-plane,True,"{""desktop-control-plane"": true}"
2026-09-09T17:52:09.411Z,jaeger-7cc9b664cc-6bwgk,jaeger,Running,True,1,1,0,"{""jaeger"": 0}","{""jaeger"": ""running""}",1,desktop-control-plane,True,"{""desktop-control-plane"": true}"
2026-09-09T17:52:09.411Z,otel-collector-7c765745bf-x2wsq,otel-collector,Running,True,1,1,0,"{""otel-collector"": 0}","{""otel-collector"": ""running""}",1,desktop-control-plane,True,"{""desktop-control-plane"": true}"
2026-09-09T17:52:09.411Z,postgres-676cc4986c-8r7v5,postgres,Running,True,1,1,0,"{""postgres"": 0}","{""postgres"": ""running""}",1,desktop-control-plane,True,"{""desktop-control-plane"": true}"
2026-09-09T17:52:09.411Z,prometheus-59f5cf7468-qk6t6,prometheus,Running,True,1,1,0,"{""prometheus"": 0}","{""prometheus"": ""running""}",1,desktop-control-plane,True,"{""desktop-control-plane"": true}"
2026-09-09T17:52:09.411Z,rabbitmq-5cdf8f76b7-ftmdd,rabbitmq,Running,True,1,1,0,"{""rabbitmq"": 0}","{""rabbitmq"": ""running""}",1,desktop-control-plane,True,"{""desktop-control-plane"": true}"
2026-09-09T17:52:09.411Z,worker-56d7bdf6b4-8hz8f,worker,Running,True,1,1,0,"{""worker"": 0}","{""worker"": ""running""}",1,desktop-control-plane,True,"{""desktop-control-plane"": true}"
2026-09-09T17:52:14.411Z,api-6b9869b78-28xn9,api,Running,True,1,1,1,"{""api"": 1}","{""api"": ""running""}",1,desktop-control-plane,True,"{""desktop-control-plane"": true}"
2026-09-09T17:52:14.411Z,jaeger-7cc9b664cc-6bwgk,jaeger,Running,True,1,1,0,"{""jaeger"": 0}","{""jaeger"": ""running""}",1,desktop-control-plane,True,"{""desktop-control-plane"": true}"
2026-09-09T17:52:14.411Z,otel-collector-7c765745bf-x2wsq,otel-collector,Running,True,1,1,0,"{""otel-collector"": 0}","{""otel-collector"": ""running""}",1,desktop-control-plane,True,"{""desktop-control-plane"": true}"
2026-09-09T17:52:14.411Z,postgres-676cc4986c-8r7v5,postgres,Running,True,1,1,0,"{""postgres"": 0}","{""postgres"": ""running""}",1,desktop-control-plane,True,"{""desktop-control-plane"": true}"
2026-09-09T17:52:14.411Z,prometheus-59f5cf7468-qk6t6,prometheus,Running,True,1,1,0,"{""prometheus"": 0}","{""prometheus"": ""running""}",1,desktop-control-plane,True,"{""desktop-control-plane"": true}"
2026-09-09T17:52:14.411Z,rabbitmq-5cdf8f76b7-ftmdd,rabbitmq,Running,True,1,1,0,"{""rabbitmq"": 0}","{""rabbitmq"": ""running""}",1,desktop-control-plane,True,"{""desktop-control-plane"": true}"
2026-09-09T17:52:14.411Z,worker-56d7bdf6b4-8hz8f,worker,Running,True,1,1,0,"{""worker"": 0}","{""worker"": ""running""}",1,desktop-control-plane,True,"{""desktop-control-plane"": true}"
2026-09-09T17:52:19.411Z,api-6b9869b78-28xn9,api,Running,True,1,1,1,"{""api"": 1}","{""api"": ""running""}",1,desktop-control-plane,True,"{""desktop-control-plane"": true}"
2026-09-09T17:52:19.411Z,jaeger-7cc9b664cc-6bwgk,jaeger,Running,True,1,1,0,"{""jaeger"": 0}","{""jaeger"": ""running""}",1,desktop-control-plane,True,"{""desktop-control-plane"": true}"
2026-09-09T17:52:19.411Z,otel-collector-7c765745bf-x2wsq,otel-collector,Running,True,1,1,0,"{""otel-collector"": 0}","{""otel-collector"": ""running""}",1,desktop-control-plane,True,"{""desktop-control-plane"": true}"
2026-09-09T17:52:19.411Z,postgres-676cc4986c-8r7v5,postgres,Running,True,1,1,0,"{""postgres"": 0}","{""postgres"": ""running""}",1,desktop-control-plane,True,"{""desktop-control-plane"": true}"
2026-09-09T17:52:19.411Z,prometheus-59f5cf7468-qk6t6,prometheus,Running,True,1,1,0,"{""prometheus"": 0}","{""prometheus"": ""running""}",1,desktop-control-plane,True,"{""desktop-control-plane"": true}"
2026-09-09T17:52:19.411Z,rabbitmq-5cdf8f76b7-ftmdd,rabbitmq,Running,True,1,1,0,"{""rabbitmq"": 0}","{""rabbitmq"": ""running""}",1,desktop-control-plane,True,"{""desktop-control-plane"": true}"
2026-09-09T17:52:19.411Z,worker-56d7bdf6b4-8hz8f,worker,Running,True,1,1,0,"{""worker"": 0}","{""worker"": ""running""}",1,desktop-control-plane,True,"{""desktop-control-plane"": true}"
2026-09-09T17:52:24.412Z,api-6b9869b78-28xn9,api,Running,True,1,1,1,"{""api"": 1}","{""api"": ""running""}",1,desktop-control-plane,True,"{""desktop-control-plane"": true}"
2026-09-09T17:52:24.412Z,jaeger-7cc9b664cc-6bwgk,jaeger,Running,True,1,1,0,"{""jaeger"": 0}","{""jaeger"": ""running""}",1,desktop-control-plane,True,"{""desktop-control-plane"": true}"
2026-09-09T17:52:24.412Z,otel-collector-7c765745bf-x2wsq,otel-collector,Running,True,1,1,0,"{""otel-collector"": 0}","{""otel-collector"": ""running""}",1,desktop-control-plane,True,"{""desktop-control-plane"": true}"
2026-09-09T17:52:24.412Z,postgres-676cc4986c-8r7v5,postgres,Running,True,1,1,0,"{""postgres"": 0}","{""postgres"": ""running""}",1,desktop-control-plane,True,"{""desktop-control-plane"": true}"
2026-09-09T17:52:24.412Z,prometheus-59f5cf7468-qk6t6,prometheus,Running,True,1,1,0,"{""prometheus"": 0}","{""prometheus"": ""running""}",1,desktop-control-plane,True,"{""desktop-control-plane"": true}"
2026-09-09T17:52:24.412Z,rabbitmq-5cdf8f76b7-ftmdd,rabbitmq,Running,True,1,1,0,"{""rabbitmq"": 0}","{""rabbitmq"": ""running""}",1,desktop-control-plane,True,"{""desktop-control-plane"": true}"
2026-09-09T17:52:24.412Z,worker-56d7bdf6b4-8hz8f,worker,Running,True,1,1,0,"{""worker"": 0}","{""worker"": ""running""}",1,desktop-control-plane,True,"{""desktop-control-plane"": true}"
2026-09-09T17:52:29.412Z,api-6b9869b78-28xn9,api,Running,True,1,1,1,"{""api"": 1}","{""api"": ""running""}",1,desktop-control-plane,True,"{""desktop-control-plane"": true}"
2026-09-09T17:52:29.412Z,jaeger-7cc9b664cc-6bwgk,jaeger,Running,True,1,1,0,"{""jaeger"": 0}","{""jaeger"": ""running""}",1,desktop-control-plane,True,"{""desktop-control-plane"": true}"
2026-09-09T17:52:29.412Z,otel-collector-7c765745bf-x2wsq,otel-collector,Running,True,1,1,0,"{""otel-collector"": 0}","{""otel-collector"": ""running""}",1,desktop-control-plane,True,"{""desktop-control-plane"": true}"
2026-09-09T17:52:29.412Z,postgres-676cc4986c-8r7v5,postgres,Running,True,1,1,0,"{""postgres"": 0}","{""postgres"": ""running""}",1,desktop-control-plane,True,"{""desktop-control-plane"": true}"
2026-09-09T17:52:29.412Z,prometheus-59f5cf7468-qk6t6,prometheus,Running,True,1,1,0,"{""prometheus"": 0}","{""prometheus"": ""running""}",1,desktop-control-plane,True,"{""desktop-control-plane"": true}"
2026-09-09T17:52:29.412Z,rabbitmq-5cdf8f76b7-ftmdd,rabbitmq,Running,True,1,1,0,"{""rabbitmq"": 0}","{""rabbitmq"": ""running""}",1,desktop-control-plane,True,"{""desktop-control-plane"": true}"
2026-09-09T17:52:29.412Z,worker-56d7bdf6b4-8hz8f,worker,Running,True,1,1,0,"{""worker"": 0}","{""worker"": ""running""}",1,desktop-control-plane,True,"{""desktop-control-plane"": true}"
2026-09-09T17:52:34.412Z,api-6b9869b78-28xn9,api,Running,True,1,1,1,"{""api"": 1}","{""api"": ""running""}",1,desktop-control-plane,True,"{""desktop-control-plane"": true}"
2026-09-09T17:52:34.412Z,jaeger-7cc9b664cc-6bwgk,jaeger,Running,True,1,1,0,"{""jaeger"": 0}","{""jaeger"": ""running""}",1,desktop-control-plane,True,"{""desktop-control-plane"": true}"
2026-09-09T17:52:34.412Z,otel-collector-7c765745bf-x2wsq,otel-collector,Running,True,1,1,0,"{""otel-collector"": 0}","{""otel-collector"": ""running""}",1,desktop-control-plane,True,"{""desktop-control-plane"": true}"
2026-09-09T17:52:34.412Z,postgres-676cc4986c-8r7v5,postgres,Running,True,1,1,0,"{""postgres"": 0}","{""postgres"": ""running""}",1,desktop-control-plane,True,"{""desktop-control-plane"": true}"
2026-09-09T17:52:34.412Z,prometheus-59f5cf7468-qk6t6,prometheus,Running,True,1,1,0,"{""prometheus"": 0}","{""prometheus"": ""running""}",1,desktop-control-plane,True,"{""desktop-control-plane"": true}"
2026-09-09T17:52:34.412Z,rabbitmq-5cdf8f76b7-ftmdd,rabbitmq,Running,True,1,1,0,"{""rabbitmq"": 0}","{""rabbitmq"": ""running""}",1,desktop-control-plane,True,"{""desktop-control-plane"": true}"
2026-09-09T17:52:34.412Z,worker-56d7bdf6b4-8hz8f,worker,Running,True,1,1,0,"{""worker"": 0}","{""worker"": ""running""}",1,desktop-control-plane,True,"{""desktop-control-plane"": true}"
2026-09-09T17:52:39.413Z,api-6b9869b78-28xn9,api,Running,True,1,1,1,"{""api"": 1}","{""api"": ""running""}",1,desktop-control-plane,True,"{""desktop-control-plane"": true}"
2026-09-09T17:52:39.413Z,jaeger-7cc9b664cc-6bwgk,jaeger,Running,True,1,1,0,"{""jaeger"": 0}","{""jaeger"": ""running""}",1,desktop-control-plane,True,"{""desktop-control-plane"": true}"
2026-09-09T17:52:39.413Z,otel-collector-7c765745bf-x2wsq,otel-collector,Running,True,1,1,0,"{""otel-collector"": 0}","{""otel-collector"": ""running""}",1,desktop-control-plane,True,"{""desktop-control-plane"": true}"
2026-09-09T17:52:39.413Z,postgres-676cc4986c-8r7v5,postgres,Running,True,1,1,0,"{""postgres"": 0}","{""postgres"": ""running""}",1,desktop-control-plane,True,"{""desktop-control-plane"": true}"
2026-09-09T17:52:39.413Z,prometheus-59f5cf7468-qk6t6,prometheus,Running,True,1,1,0,"{""prometheus"": 0}","{""prometheus"": ""running""}",1,desktop-control-plane,True,"{""desktop-control-plane"": true}"
2026-09-09T17:52:39.413Z,rabbitmq-5cdf8f76b7-ftmdd,rabbitmq,Running,True,1,1,0,"{""rabbitmq"": 0}","{""rabbitmq"": ""running""}",1,desktop-control-plane,True,"{""desktop-control-plane"": true}"
2026-09-09T17:52:39.413Z,worker-56d7bdf6b4-8hz8f,worker,Running,True,1,1,0,"{""worker"": 0}","{""worker"": ""running""}",1,desktop-control-plane,True,"{""desktop-control-plane"": true}"
2026-09-09T17:52:44.413Z,api-6b9869b78-28xn9,api,Running,True,1,1,1,"{""api"": 1}","{""api"": ""running""}",1,desktop-control-plane,True,"{""desktop-control-plane"": true}"
2026-09-09T17:52:44.413Z,jaeger-7cc9b664cc-6bwgk,jaeger,Running,True,1,1,0,"{""jaeger"": 0}","{""jaeger"": ""running""}",1,desktop-control-plane,True,"{""desktop-control-plane"": true}"
2026-09-09T17:52:44.413Z,otel-collector-7c765745bf-x2wsq,otel-collector,Running,True,1,1,0,"{""otel-collector"": 0}","{""otel-collector"": ""running""}",1,desktop-control-plane,True,"{""desktop-control-plane"": true}"
2026-09-09T17:52:44.413Z,postgres-676cc4986c-8r7v5,postgres,Running,True,1,1,0,"{""postgres"": 0}","{""postgres"": ""running""}",1,desktop-control-plane,True,"{""desktop-control-plane"": true}"
2026-09-09T17:52:44.413Z,prometheus-59f5cf7468-qk6t6,prometheus,Running,True,1,1,0,"{""prometheus"": 0}","{""prometheus"": ""running""}",1,desktop-control-plane,True,"{""desktop-control-plane"": true}"
2026-09-09T17:52:44.413Z,rabbitmq-5cdf8f76b7-ftmdd,rabbitmq,Running,True,1,1,0,"{""rabbitmq"": 0}","{""rabbitmq"": ""running""}",1,desktop-control-plane,True,"{""desktop-control-plane"": true}"
2026-09-09T17:52:44.413Z,worker-56d7bdf6b4-8hz8f,worker,Running,True,1,1,0,"{""worker"": 0}","{""worker"": ""running""}",1,desktop-control-plane,True,"{""desktop-control-plane"": true}"
2026-09-09T17:52:49.413Z,api-6b9869b78-28xn9,api,Running,True,1,1,1,"{""api"": 1}","{""api"": ""running""}",1,desktop-control-plane,True,"{""desktop-control-plane"": true}"
2026-09-09T17:52:49.413Z,jaeger-7cc9b664cc-6bwgk,jaeger,Running,True,1,1,0,"{""jaeger"": 0}","{""jaeger"": ""running""}",1,desktop-control-plane,True,"{""desktop-control-plane"": true}"
2026-09-09T17:52:49.413Z,otel-collector-7c765745bf-x2wsq,otel-collector,Running,True,1,1,0,"{""otel-collector"": 0}","{""otel-collector"": ""running""}",1,desktop-control-plane,True,"{""desktop-control-plane"": true}"
2026-09-09T17:52:49.413Z,postgres-676cc4986c-8r7v5,postgres,Running,True,1,1,0,"{""postgres"": 0}","{""postgres"": ""running""}",1,desktop-control-plane,True,"{""desktop-control-plane"": true}"
2026-09-09T17:52:49.413Z,prometheus-59f5cf7468-qk6t6,prometheus,Running,True,1,1,0,"{""prometheus"": 0}","{""prometheus"": ""running""}",1,desktop-control-plane,True,"{""desktop-control-plane"": true}"
2026-09-09T17:52:49.413Z,rabbitmq-5cdf8f76b7-ftmdd,rabbitmq,Running,True,1,1,0,"{""rabbitmq"": 0}","{""rabbitmq"": ""running""}",1,desktop-control-plane,True,"{""desktop-control-plane"": true}"
2026-09-09T17:52:49.413Z,worker-56d7bdf6b4-8hz8f,worker,Running,True,1,1,0,"{""worker"": 0}","{""worker"": ""running""}",1,desktop-control-plane,True,"{""desktop-control-plane"": true}"
2026-09-09T17:52:54.413Z,api-6b9869b78-28xn9,api,Running,True,1,1,1,"{""api"": 1}","{""api"": ""running""}",1,desktop-control-plane,True,"{""desktop-control-plane"": true}"
2026-09-09T17:52:54.413Z,jaeger-7cc9b664cc-6bwgk,jaeger,Running,True,1,1,0,"{""jaeger"": 0}","{""jaeger"": ""running""}",1,desktop-control-plane,True,"{""desktop-control-plane"": true}"
2026-09-09T17:52:54.413Z,otel-collector-7c765745bf-x2wsq,otel-collector,Running,True,1,1,0,"{""otel-collector"": 0}","{""otel-collector"": ""running""}",1,desktop-control-plane,True,"{""desktop-control-plane"": true}"
2026-09-09T17:52:54.413Z,postgres-676cc4986c-8r7v5,postgres,Running,True,1,1,0,"{""postgres"": 0}","{""postgres"": ""running""}",1,desktop-control-plane,True,"{""desktop-control-plane"": true}"
2026-09-09T17:52:54.413Z,prometheus-59f5cf7468-qk6t6,prometheus,Running,True,1,1,0,"{""prometheus"": 0}","{""prometheus"": ""running""}",1,desktop-control-plane,True,"{""desktop-control-plane"": true}"
2026-09-09T17:52:54.413Z,rabbitmq-5cdf8f76b7-ftmdd,rabbitmq,Running,True,1,1,0,"{""rabbitmq"": 0}","{""rabbitmq"": ""running""}",1,desktop-control-plane,True,"{""desktop-control-plane"": true}"
2026-09-09T17:52:54.413Z,worker-56d7bdf6b4-8hz8f,worker,Running,True,1,1,0,"{""worker"": 0}","{""worker"": ""running""}",1,desktop-control-plane,True,"{""desktop-control-plane"": true}"
2026-09-09T17:52:59.414Z,api-6b9869b78-28xn9,api,Running,True,1,1,1,"{""api"": 1}","{""api"": ""running""}",1,desktop-control-plane,True,"{""desktop-control-plane"": true}"
2026-09-09T17:52:59.414Z,jaeger-7cc9b664cc-6bwgk,jaeger,Running,True,1,1,0,"{""jaeger"": 0}","{""jaeger"": ""running""}",1,desktop-control-plane,True,"{""desktop-control-plane"": true}"
2026-09-09T17:52:59.414Z,otel-collector-7c765745bf-x2wsq,otel-collector,Running,True,1,1,0,"{""otel-collector"": 0}","{""otel-collector"": ""running""}",1,desktop-control-plane,True,"{""desktop-control-plane"": true}"
2026-09-09T17:52:59.414Z,postgres-676cc4986c-8r7v5,postgres,Running,True,1,1,0,"{""postgres"": 0}","{""postgres"": ""running""}",1,desktop-control-plane,True,"{""desktop-control-plane"": true}"
2026-09-09T17:52:59.414Z,prometheus-59f5cf7468-qk6t6,prometheus,Running,True,1,1,0,"{""prometheus"": 0}","{""prometheus"": ""running""}",1,desktop-control-plane,True,"{""desktop-control-plane"": true}"
2026-09-09T17:52:59.414Z,rabbitmq-5cdf8f76b7-ftmdd,rabbitmq,Running,True,1,1,0,"{""rabbitmq"": 0}","{""rabbitmq"": ""running""}",1,desktop-control-plane,True,"{""desktop-control-plane"": true}"
2026-09-09T17:52:59.414Z,worker-56d7bdf6b4-8hz8f,worker,Running,True,1,1,0,"{""worker"": 0}","{""worker"": ""running""}",1,desktop-control-plane,True,"{""desktop-control-plane"": true}"
2026-09-09T17:53:04.414Z,api-6b9869b78-28xn9,api,Running,True,1,1,1,"{""api"": 1}","{""api"": ""running""}",1,desktop-control-plane,True,"{""desktop-control-plane"": true}"
2026-09-09T17:53:04.414Z,jaeger-7cc9b664cc-6bwgk,jaeger,Running,True,1,1,0,"{""jaeger"": 0}","{""jaeger"": ""running""}",1,desktop-control-plane,True,"{""desktop-control-plane"": true}"
2026-09-09T17:53:04.414Z,otel-collector-7c765745bf-x2wsq,otel-collector,Running,True,1,1,0,"{""otel-collector"": 0}","{""otel-collector"": ""running""}",1,desktop-control-plane,True,"{""desktop-control-plane"": true}"
2026-09-09T17:53:04.414Z,postgres-676cc4986c-8r7v5,postgres,Running,True,1,1,0,"{""postgres"": 0}","{""postgres"": ""running""}",1,desktop-control-plane,True,"{""desktop-control-plane"": true}"
2026-09-09T17:53:04.414Z,prometheus-59f5cf7468-qk6t6,prometheus,Running,True,1,1,0,"{""prometheus"": 0}","{""prometheus"": ""running""}",1,desktop-control-plane,True,"{""desktop-control-plane"": true}"
2026-09-09T17:53:04.414Z,rabbitmq-5cdf8f76b7-ftmdd,rabbitmq,Running,True,1,1,0,"{""rabbitmq"": 0}","{""rabbitmq"": ""running""}",1,desktop-control-plane,True,"{""desktop-control-plane"": true}"
2026-09-09T17:53:04.414Z,worker-56d7bdf6b4-8hz8f,worker,Running,True,1,1,0,"{""worker"": 0}","{""worker"": ""running""}",1,desktop-control-plane,True,"{""desktop-control-plane"": true}"
2026-09-09T17:53:09.414Z,api-6b9869b78-28xn9,api,Running,True,1,1,1,"{""api"": 1}","{""api"": ""running""}",1,desktop-control-plane,True,"{""desktop-control-plane"": true}"
2026-09-09T17:53:09.414Z,jaeger-7cc9b664cc-6bwgk,jaeger,Running,True,1,1,0,"{""jaeger"": 0}","{""jaeger"": ""running""}",1,desktop-control-plane,True,"{""desktop-control-plane"": true}"
2026-09-09T17:53:09.414Z,otel-collector-7c765745bf-x2wsq,otel-collector,Running,True,1,1,0,"{""otel-collector"": 0}","{""otel-collector"": ""running""}",1,desktop-control-plane,True,"{""desktop-control-plane"": true}"
2026-09-09T17:53:09.414Z,postgres-676cc4986c-8r7v5,postgres,Running,True,1,1,0,"{""postgres"": 0}","{""postgres"": ""running""}",1,desktop-control-plane,True,"{""desktop-control-plane"": true}"
2026-09-09T17:53:09.414Z,prometheus-59f5cf7468-qk6t6,prometheus,Running,True,1,1,0,"{""prometheus"": 0}","{""prometheus"": ""running""}",1,desktop-control-plane,True,"{""desktop-control-plane"": true}"
2026-09-09T17:53:09.414Z,rabbitmq-5cdf8f76b7-ftmdd,rabbitmq,Running,True,1,1,0,"{""rabbitmq"": 0}","{""rabbitmq"": ""running""}",1,desktop-control-plane,True,"{""desktop-control-plane"": true}"
2026-09-09T17:53:09.414Z,worker-56d7bdf6b4-8hz8f,worker,Running,True,1,1,0,"{""worker"": 0}","{""worker"": ""running""}",1,desktop-control-plane,True,"{""desktop-control-plane"": true}"
2026-09-09T17:53:14.415Z,api-6b9869b78-28xn9,api,Running,True,1,1,1,"{""api"": 1}","{""api"": ""running""}",1,desktop-control-plane,True,"{""desktop-control-plane"": true}"
2026-09-09T17:53:14.415Z,jaeger-7cc9b664cc-6bwgk,jaeger,Running,True,1,1,0,"{""jaeger"": 0}","{""jaeger"": ""running""}",1,desktop-control-plane,True,"{""desktop-control-plane"": true}"
2026-09-09T17:53:14.415Z,otel-collector-7c765745bf-x2wsq,otel-collector,Running,True,1,1,0,"{""otel-collector"": 0}","{""otel-collector"": ""running""}",1,desktop-control-plane,True,"{""desktop-control-plane"": true}"
2026-09-09T17:53:14.415Z,postgres-676cc4986c-8r7v5,postgres,Running,True,1,1,0,"{""postgres"": 0}","{""postgres"": ""running""}",1,desktop-control-plane,True,"{""desktop-control-plane"": true}"
2026-09-09T17:53:14.415Z,prometheus-59f5cf7468-qk6t6,prometheus,Running,True,1,1,0,"{""prometheus"": 0}","{""prometheus"": ""running""}",1,desktop-control-plane,True,"{""desktop-control-plane"": true}"
2026-09-09T17:53:14.415Z,rabbitmq-5cdf8f76b7-ftmdd,rabbitmq,Running,True,1,1,0,"{""rabbitmq"": 0}","{""rabbitmq"": ""running""}",1,desktop-control-plane,True,"{""desktop-control-plane"": true}"
2026-09-09T17:53:14.415Z,worker-56d7bdf6b4-8hz8f,worker,Running,True,1,1,0,"{""worker"": 0}","{""worker"": ""running""}",1,desktop-control-plane,True,"{""desktop-control-plane"": true}"
2026-09-09T17:53:19.415Z,api-6b9869b78-28xn9,api,Running,True,1,1,1,"{""api"": 1}","{""api"": ""running""}",1,desktop-control-plane,True,"{""desktop-control-plane"": true}"
2026-09-09T17:53:19.415Z,jaeger-7cc9b664cc-6bwgk,jaeger,Running,True,1,1,0,"{""jaeger"": 0}","{""jaeger"": ""running""}",1,desktop-control-plane,True,"{""desktop-control-plane"": true}"
2026-09-09T17:53:19.415Z,otel-collector-7c765745bf-x2wsq,otel-collector,Running,True,1,1,0,"{""otel-collector"": 0}","{""otel-collector"": ""running""}",1,desktop-control-plane,True,"{""desktop-control-plane"": true}"
2026-09-09T17:53:19.415Z,postgres-676cc4986c-8r7v5,postgres,Running,True,1,1,0,"{""postgres"": 0}","{""postgres"": ""running""}",1,desktop-control-plane,True,"{""desktop-control-plane"": true}"
2026-09-09T17:53:19.415Z,prometheus-59f5cf7468-qk6t6,prometheus,Running,True,1,1,0,"{""prometheus"": 0}","{""prometheus"": ""running""}",1,desktop-control-plane,True,"{""desktop-control-plane"": true}"
2026-09-09T17:53:19.415Z,rabbitmq-5cdf8f76b7-ftmdd,rabbitmq,Running,True,1,1,0,"{""rabbitmq"": 0}","{""rabbitmq"": ""running""}",1,desktop-control-plane,True,"{""desktop-control-plane"": true}"
2026-09-09T17:53:19.415Z,worker-56d7bdf6b4-8hz8f,worker,Running,True,1,1,0,"{""worker"": 0}","{""worker"": ""running""}",1,desktop-control-plane,True,"{""desktop-control-plane"": true}"
2026-09-09T17:53:24.415Z,api-6b9869b78-28xn9,api,Running,True,1,1,1,"{""api"": 1}","{""api"": ""running""}",1,desktop-control-plane,True,"{""desktop-control-plane"": true}"
2026-09-09T17:53:24.415Z,jaeger-7cc9b664cc-6bwgk,jaeger,Running,True,1,1,0,"{""jaeger"": 0}","{""jaeger"": ""running""}",1,desktop-control-plane,True,"{""desktop-control-plane"": true}"
2026-09-09T17:53:24.415Z,otel-collector-7c765745bf-x2wsq,otel-collector,Running,True,1,1,0,"{""otel-collector"": 0}","{""otel-collector"": ""running""}",1,desktop-control-plane,True,"{""desktop-control-plane"": true}"
2026-09-09T17:53:24.415Z,postgres-676cc4986c-8r7v5,postgres,Running,True,1,1,0,"{""postgres"": 0}","{""postgres"": ""running""}",1,desktop-control-plane,True,"{""desktop-control-plane"": true}"
2026-09-09T17:53:24.415Z,prometheus-59f5cf7468-qk6t6,prometheus,Running,True,1,1,0,"{""prometheus"": 0}","{""prometheus"": ""running""}",1,desktop-control-plane,True,"{""desktop-control-plane"": true}"
2026-09-09T17:53:24.415Z,rabbitmq-5cdf8f76b7-ftmdd,rabbitmq,Running,True,1,1,0,"{""rabbitmq"": 0}","{""rabbitmq"": ""running""}",1,desktop-control-plane,True,"{""desktop-control-plane"": true}"
2026-09-09T17:53:24.415Z,worker-56d7bdf6b4-8hz8f,worker,Running,True,1,1,0,"{""worker"": 0}","{""worker"": ""running""}",1,desktop-control-plane,True,"{""desktop-control-plane"": true}"
2026-09-09T17:53:29.415Z,api-6b9869b78-28xn9,api,Running,True,1,1,1,"{""api"": 1}","{""api"": ""running""}",1,desktop-control-plane,True,"{""desktop-control-plane"": true}"
2026-09-09T17:53:29.415Z,jaeger-7cc9b664cc-6bwgk,jaeger,Running,True,1,1,0,"{""jaeger"": 0}","{""jaeger"": ""running""}",1,desktop-control-plane,True,"{""desktop-control-plane"": true}"
2026-09-09T17:53:29.415Z,otel-collector-7c765745bf-x2wsq,otel-collector,Running,True,1,1,0,"{""otel-collector"": 0}","{""otel-collector"": ""running""}",1,desktop-control-plane,True,"{""desktop-control-plane"": true}"
2026-09-09T17:53:29.415Z,postgres-676cc4986c-8r7v5,postgres,Running,True,1,1,0,"{""postgres"": 0}","{""postgres"": ""running""}",1,desktop-control-plane,True,"{""desktop-control-plane"": true}"
2026-09-09T17:53:29.415Z,prometheus-59f5cf7468-qk6t6,prometheus,Running,True,1,1,0,"{""prometheus"": 0}","{""prometheus"": ""running""}",1,desktop-control-plane,True,"{""desktop-control-plane"": true}"
2026-09-09T17:53:29.415Z,rabbitmq-5cdf8f76b7-ftmdd,rabbitmq,Running,True,1,1,0,"{""rabbitmq"": 0}","{""rabbitmq"": ""running""}",1,desktop-control-plane,True,"{""desktop-control-plane"": true}"
2026-09-09T17:53:29.415Z,worker-56d7bdf6b4-8hz8f,worker,Running,True,1,1,0,"{""worker"": 0}","{""worker"": ""running""}",1,desktop-control-plane,True,"{""desktop-control-plane"": true}"
2026-09-09T17:53:34.416Z,api-6b9869b78-28xn9,api,Running,True,1,1,1,"{""api"": 1}","{""api"": ""running""}",1,desktop-control-plane,True,"{""desktop-control-plane"": true}"
2026-09-09T17:53:34.416Z,jaeger-7cc9b664cc-6bwgk,jaeger,Running,True,1,1,0,"{""jaeger"": 0}","{""jaeger"": ""running""}",1,desktop-control-plane,True,"{""desktop-control-plane"": true}"
2026-09-09T17:53:34.416Z,otel-collector-7c765745bf-x2wsq,otel-collector,Running,True,1,1,0,"{""otel-collector"": 0}","{""otel-collector"": ""running""}",1,desktop-control-plane,True,"{""desktop-control-plane"": true}"
2026-09-09T17:53:34.416Z,postgres-676cc4986c-8r7v5,postgres,Running,True,1,1,0,"{""postgres"": 0}","{""postgres"": ""running""}",1,desktop-control-plane,True,"{""desktop-control-plane"": true}"
2026-09-09T17:53:34.416Z,prometheus-59f5cf7468-qk6t6,prometheus,Running,True,1,1,0,"{""prometheus"": 0}","{""prometheus"": ""running""}",1,desktop-control-plane,True,"{""desktop-control-plane"": true}"
2026-09-09T17:53:34.416Z,rabbitmq-5cdf8f76b7-ftmdd,rabbitmq,Running,True,1,1,0,"{""rabbitmq"": 0}","{""rabbitmq"": ""running""}",1,desktop-control-plane,True,"{""desktop-control-plane"": true}"
2026-09-09T17:53:34.416Z,worker-56d7bdf6b4-8hz8f,worker,Running,True,1,1,0,"{""worker"": 0}","{""worker"": ""running""}",1,desktop-control-plane,True,"{""desktop-control-plane"": true}"
2026-09-09T17:53:39.416Z,api-6b9869b78-28xn9,api,Running,True,1,1,1,"{""api"": 1}","{""api"": ""running""}",1,desktop-control-plane,True,"{""desktop-control-plane"": true}"
2026-09-09T17:53:39.416Z,jaeger-7cc9b664cc-6bwgk,jaeger,Running,True,1,1,0,"{""jaeger"": 0}","{""jaeger"": ""running""}",1,desktop-control-plane,True,"{""desktop-control-plane"": true}"
2026-09-09T17:53:39.416Z,otel-collector-7c765745bf-x2wsq,otel-collector,Running,True,1,1,0,"{""otel-collector"": 0}","{""otel-collector"": ""running""}",1,desktop-control-plane,True,"{""desktop-control-plane"": true}"
2026-09-09T17:53:39.416Z,postgres-676cc4986c-8r7v5,postgres,Running,True,1,1,0,"{""postgres"": 0}","{""postgres"": ""running""}",1,desktop-control-plane,True,"{""desktop-control-plane"": true}"
2026-09-09T17:53:39.416Z,prometheus-59f5cf7468-qk6t6,prometheus,Running,True,1,1,0,"{""prometheus"": 0}","{""prometheus"": ""running""}",1,desktop-control-plane,True,"{""desktop-control-plane"": true}"
2026-09-09T17:53:39.416Z,rabbitmq-5cdf8f76b7-ftmdd,rabbitmq,Running,True,1,1,0,"{""rabbitmq"": 0}","{""rabbitmq"": ""running""}",1,desktop-control-plane,True,"{""desktop-control-plane"": true}"
2026-09-09T17:53:39.416Z,worker-56d7bdf6b4-8hz8f,worker,Running,True,1,1,0,"{""worker"": 0}","{""worker"": ""running""}",1,desktop-control-plane,True,"{""desktop-control-plane"": true}"
2026-09-09T17:53:44.416Z,api-6b9869b78-28xn9,api,Running,True,1,1,1,"{""api"": 1}","{""api"": ""running""}",1,desktop-control-plane,True,"{""desktop-control-plane"": true}"
2026-09-09T17:53:44.416Z,jaeger-7cc9b664cc-6bwgk,jaeger,Running,True,1,1,0,"{""jaeger"": 0}","{""jaeger"": ""running""}",1,desktop-control-plane,True,"{""desktop-control-plane"": true}"
2026-09-09T17:53:44.416Z,otel-collector-7c765745bf-x2wsq,otel-collector,Running,True,1,1,0,"{""otel-collector"": 0}","{""otel-collector"": ""running""}",1,desktop-control-plane,True,"{""desktop-control-plane"": true}"
2026-09-09T17:53:44.416Z,postgres-676cc4986c-8r7v5,postgres,Running,True,1,1,0,"{""postgres"": 0}","{""postgres"": ""running""}",1,desktop-control-plane,True,"{""desktop-control-plane"": true}"
2026-09-09T17:53:44.416Z,prometheus-59f5cf7468-qk6t6,prometheus,Running,True,1,1,0,"{""prometheus"": 0}","{""prometheus"": ""running""}",1,desktop-control-plane,True,"{""desktop-control-plane"": true}"
2026-09-09T17:53:44.416Z,rabbitmq-5cdf8f76b7-ftmdd,rabbitmq,Running,True,1,1,0,"{""rabbitmq"": 0}","{""rabbitmq"": ""running""}",1,desktop-control-plane,True,"{""desktop-control-plane"": true}"
2026-09-09T17:53:44.416Z,worker-56d7bdf6b4-8hz8f,worker,Running,True,1,1,0,"{""worker"": 0}","{""worker"": ""running""}",1,desktop-control-plane,True,"{""desktop-control-plane"": true}"
2026-09-09T17:53:49.416Z,api-6b9869b78-28xn9,api,Running,True,1,1,1,"{""api"": 1}","{""api"": ""running""}",1,desktop-control-plane,True,"{""desktop-control-plane"": true}"
2026-09-09T17:53:49.416Z,jaeger-7cc9b664cc-6bwgk,jaeger,Running,True,1,1,0,"{""jaeger"": 0}","{""jaeger"": ""running""}",1,desktop-control-plane,True,"{""desktop-control-plane"": true}"
2026-09-09T17:53:49.416Z,otel-collector-7c765745bf-x2wsq,otel-collector,Running,True,1,1,0,"{""otel-collector"": 0}","{""otel-collector"": ""running""}",1,desktop-control-plane,True,"{""desktop-control-plane"": true}"
2026-09-09T17:53:49.416Z,postgres-676cc4986c-8r7v5,postgres,Running,True,1,1,0,"{""postgres"": 0}","{""postgres"": ""running""}",1,desktop-control-plane,True,"{""desktop-control-plane"": true}"
2026-09-09T17:53:49.416Z,prometheus-59f5cf7468-qk6t6,prometheus,Running,True,1,1,0,"{""prometheus"": 0}","{""prometheus"": ""running""}",1,desktop-control-plane,True,"{""desktop-control-plane"": true}"
2026-09-09T17:53:49.416Z,rabbitmq-5cdf8f76b7-ftmdd,rabbitmq,Running,True,1,1,0,"{""rabbitmq"": 0}","{""rabbitmq"": ""running""}",1,desktop-control-plane,True,"{""desktop-control-plane"": true}"
2026-09-09T17:53:49.416Z,worker-56d7bdf6b4-8hz8f,worker,Running,True,1,1,0,"{""worker"": 0}","{""worker"": ""running""}",1,desktop-control-plane,True,"{""desktop-control-plane"": true}"
2026-09-09T17:53:54.417Z,api-6b9869b78-28xn9,api,Running,True,1,1,1,"{""api"": 1}","{""api"": ""running""}",1,desktop-control-plane,True,"{""desktop-control-plane"": true}"
2026-09-09T17:53:54.417Z,jaeger-7cc9b664cc-6bwgk,jaeger,Running,True,1,1,0,"{""jaeger"": 0}","{""jaeger"": ""running""}",1,desktop-control-plane,True,"{""desktop-control-plane"": true}"
2026-09-09T17:53:54.417Z,otel-collector-7c765745bf-x2wsq,otel-collector,Running,True,1,1,0,"{""otel-collector"": 0}","{""otel-collector"": ""running""}",1,desktop-control-plane,True,"{""desktop-control-plane"": true}"
2026-09-09T17:53:54.417Z,postgres-676cc4986c-8r7v5,postgres,Running,True,1,1,0,"{""postgres"": 0}","{""postgres"": ""running""}",1,desktop-control-plane,True,"{""desktop-control-plane"": true}"
2026-09-09T17:53:54.417Z,prometheus-59f5cf7468-qk6t6,prometheus,Running,True,1,1,0,"{""prometheus"": 0}","{""prometheus"": ""running""}",1,desktop-control-plane,True,"{""desktop-control-plane"": true}"
2026-09-09T17:53:54.417Z,rabbitmq-5cdf8f76b7-ftmdd,rabbitmq,Running,True,1,1,0,"{""rabbitmq"": 0}","{""rabbitmq"": ""running""}",1,desktop-control-plane,True,"{""desktop-control-plane"": true}"
2026-09-09T17:53:54.417Z,worker-56d7bdf6b4-8hz8f,worker,Running,True,1,1,0,"{""worker"": 0}","{""worker"": ""running""}",1,desktop-control-plane,True,"{""desktop-control-plane"": true}"
2026-09-09T17:53:59.417Z,api-6b9869b78-28xn9,api,Running,True,1,1,1,"{""api"": 1}","{""api"": ""running""}",1,desktop-control-plane,True,"{""desktop-control-plane"": true}"
2026-09-09T17:53:59.417Z,jaeger-7cc9b664cc-6bwgk,jaeger,Running,True,1,1,0,"{""jaeger"": 0}","{""jaeger"": ""running""}",1,desktop-control-plane,True,"{""desktop-control-plane"": true}"
2026-09-09T17:53:59.417Z,otel-collector-7c765745bf-x2wsq,otel-collector,Running,True,1,1,0,"{""otel-collector"": 0}","{""otel-collector"": ""running""}",1,desktop-control-plane,True,"{""desktop-control-plane"": true}"
2026-09-09T17:53:59.417Z,postgres-676cc4986c-8r7v5,postgres,Running,True,1,1,0,"{""postgres"": 0}","{""postgres"": ""running""}",1,desktop-control-plane,True,"{""desktop-control-plane"": true}"
2026-09-09T17:53:59.417Z,prometheus-59f5cf7468-qk6t6,prometheus,Running,True,1,1,0,"{""prometheus"": 0}","{""prometheus"": ""running""}",1,desktop-control-plane,True,"{""desktop-control-plane"": true}"
2026-09-09T17:53:59.417Z,rabbitmq-5cdf8f76b7-ftmdd,rabbitmq,Running,True,1,1,0,"{""rabbitmq"": 0}","{""rabbitmq"": ""running""}",1,desktop-control-plane,True,"{""desktop-control-plane"": true}"
2026-09-09T17:53:59.417Z,worker-56d7bdf6b4-8hz8f,worker,Running,True,1,1,0,"{""worker"": 0}","{""worker"": ""running""}",1,desktop-control-plane,True,"{""desktop-control-plane"": true}"
2026-09-09T17:54:04.418Z,api-6b9869b78-28xn9,api,Running,True,1,1,1,"{""api"": 1}","{""api"": ""running""}",1,desktop-control-plane,True,"{""desktop-control-plane"": true}"
2026-09-09T17:54:04.418Z,jaeger-7cc9b664cc-6bwgk,jaeger,Running,True,1,1,0,"{""jaeger"": 0}","{""jaeger"": ""running""}",1,desktop-control-plane,True,"{""desktop-control-plane"": true}"
2026-09-09T17:54:04.418Z,otel-collector-7c765745bf-x2wsq,otel-collector,Running,True,1,1,0,"{""otel-collector"": 0}","{""otel-collector"": ""running""}",1,desktop-control-plane,True,"{""desktop-control-plane"": true}"
2026-09-09T17:54:04.418Z,postgres-676cc4986c-8r7v5,postgres,Running,True,1,1,0,"{""postgres"": 0}","{""postgres"": ""running""}",1,desktop-control-plane,True,"{""desktop-control-plane"": true}"
2026-09-09T17:54:04.418Z,prometheus-59f5cf7468-qk6t6,prometheus,Running,True,1,1,0,"{""prometheus"": 0}","{""prometheus"": ""running""}",1,desktop-control-plane,True,"{""desktop-control-plane"": true}"
2026-09-09T17:54:04.418Z,rabbitmq-5cdf8f76b7-ftmdd,rabbitmq,Running,True,1,1,0,"{""rabbitmq"": 0}","{""rabbitmq"": ""running""}",1,desktop-control-plane,True,"{""desktop-control-plane"": true}"
2026-09-09T17:54:04.418Z,worker-56d7bdf6b4-8hz8f,worker,Running,True,1,1,0,"{""worker"": 0}","{""worker"": ""running""}",1,desktop-control-plane,True,"{""desktop-control-plane"": true}"
2026-09-09T17:54:09.418Z,api-6b9869b78-28xn9,api,Running,True,1,1,1,"{""api"": 1}","{""api"": ""running""}",1,desktop-control-plane,True,"{""desktop-control-plane"": true}"
2026-09-09T17:54:09.418Z,jaeger-7cc9b664cc-6bwgk,jaeger,Running,True,1,1,0,"{""jaeger"": 0}","{""jaeger"": ""running""}",1,desktop-control-plane,True,"{""desktop-control-plane"": true}"
2026-09-09T17:54:09.418Z,otel-collector-7c765745bf-x2wsq,otel-collector,Running,True,1,1,0,"{""otel-collector"": 0}","{""otel-collector"": ""running""}",1,desktop-control-plane,True,"{""desktop-control-plane"": true}"
2026-09-09T17:54:09.418Z,postgres-676cc4986c-8r7v5,postgres,Running,True,1,1,0,"{""postgres"": 0}","{""postgres"": ""running""}",1,desktop-control-plane,True,"{""desktop-control-plane"": true}"
2026-09-09T17:54:09.418Z,prometheus-59f5cf7468-qk6t6,prometheus,Running,True,1,1,0,"{""prometheus"": 0}","{""prometheus"": ""running""}",1,desktop-control-plane,True,"{""desktop-control-plane"": true}"
2026-09-09T17:54:09.418Z,rabbitmq-5cdf8f76b7-ftmdd,rabbitmq,Running,True,1,1,0,"{""rabbitmq"": 0}","{""rabbitmq"": ""running""}",1,desktop-control-plane,True,"{""desktop-control-plane"": true}"
2026-09-09T17:54:09.418Z,worker-56d7bdf6b4-8hz8f,worker,Running,True,1,1,0,"{""worker"": 0}","{""worker"": ""running""}",1,desktop-control-plane,True,"{""desktop-control-plane"": true}"
2026-09-09T17:54:14.418Z,api-6b9869b78-28xn9,api,Running,True,1,1,1,"{""api"": 1}","{""api"": ""running""}",1,desktop-control-plane,True,"{""desktop-control-plane"": true}"
2026-09-09T17:54:14.418Z,jaeger-7cc9b664cc-6bwgk,jaeger,Running,True,1,1,0,"{""jaeger"": 0}","{""jaeger"": ""running""}",1,desktop-control-plane,True,"{""desktop-control-plane"": true}"
2026-09-09T17:54:14.418Z,otel-collector-7c765745bf-x2wsq,otel-collector,Running,True,1,1,0,"{""otel-collector"": 0}","{""otel-collector"": ""running""}",1,desktop-control-plane,True,"{""desktop-control-plane"": true}"
2026-09-09T17:54:14.418Z,postgres-676cc4986c-8r7v5,postgres,Running,True,1,1,0,"{""postgres"": 0}","{""postgres"": ""running""}",1,desktop-control-plane,True,"{""desktop-control-plane"": true}"
2026-09-09T17:54:14.418Z,prometheus-59f5cf7468-qk6t6,prometheus,Running,True,1,1,0,"{""prometheus"": 0}","{""prometheus"": ""running""}",1,desktop-control-plane,True,"{""desktop-control-plane"": true}"
2026-09-09T17:54:14.418Z,rabbitmq-5cdf8f76b7-ftmdd,rabbitmq,Running,True,1,1,0,"{""rabbitmq"": 0}","{""rabbitmq"": ""running""}",1,desktop-control-plane,True,"{""desktop-control-plane"": true}"
2026-09-09T17:54:14.418Z,worker-56d7bdf6b4-8hz8f,worker,Running,True,1,1,0,"{""worker"": 0}","{""worker"": ""running""}",1,desktop-control-plane,True,"{""desktop-control-plane"": true}"
