2026-09-17T17:43:19.913678690Z INFO:     Shutting down
2026-09-17T17:43:20.013979180Z INFO:     Waiting for connections to close. (CTRL+C to force quit)
2026-09-17T17:43:23.145522019Z ERROR:    Exception in ASGI application
2026-09-17T17:43:23.145565645Z Traceback (most recent call last):
2026-09-17T17:43:23.145570004Z   File "/usr/local/lib/python3.13/site-packages/uvicorn/protocols/http/httptools_impl.py", line 421, in run_asgi
2026-09-17T17:43:23.145575414Z     result = await app(  # type: ignore[func-returns-value]
2026-09-17T17:43:23.145579663Z              ^^^^^^^^^^^^^^^^^^^^^^^^^^^^^^^^^^^^^^^^^^^^^^
2026-09-17T17:43:23.145583029Z         self.scope, self.receive, self.send
2026-09-17T17:43:23.145586356Z         ^^^^^^^^^^^^^^^^^^^^^^^^^^^^^^^^^^^
2026-09-17T17:43:23.145589733Z     )
2026-09-17T17:43:23.145593089Z     ^
2026-09-17T17:43:23.145596596Z   File "/usr/local/lib/python3.13/site-packages/uvicorn/middleware/proxy_headers.py", line 63, in __call__
2026-09-17T17:43:23.145599943Z     return await self.app(scope, receive, send)
2026-09-17T17:43:23.145603259Z            ^^^^^^^^^^^^^^^^^^^^^^^^^^^^^^^^^^^^
2026-09-17T17:43:23.145607197Z   File "/usr/local/lib/python3.13/site-packages/fastapi/applications.py", line 1159, in __call__
2026-09-17T17:43:23.145610524Z     await super().__call__(scope, receive, send)
2026-09-17T17:43:23.145613850Z   File "/usr/local/lib/python3.13/site-packages/starlette/applications.py", line 107, in __call__
2026-09-17T17:43:23.145617347Z     await self.middleware_stack(scope, receive, send)
2026-09-17T17:43:23.145620684Z   File "/usr/local/lib/python3.13/site-packages/starlette/middleware/errors.py", line 186, in __call__
2026-09-17T17:43:23.145624030Z     raise exc
2026-09-17T17:43:23.145627397Z   File "/usr/local/lib/python3.13/site-packages/starlette/middleware/errors.py", line 164, in __call__
2026-09-17T17:43:23.145630754Z     await self.app(scope, receive, _send)
2026-09-17T17:43:23.145634902Z   File "/usr/local/lib/python3.13/site-packages/opentelemetry/instrumentation/asgi/__init__.py", line 806, in __call__
2026-09-17T17:43:23.145638289Z     await self.app(scope, otel_receive, otel_send)
2026-09-17T17:43:23.145641615Z   File "/usr/local/lib/python3.13/site-packages/starlette/middleware/errors.py", line 186, in __call__
2026-09-17T17:43:23.145644932Z     raise exc
2026-09-17T17:43:23.145648278Z   File "/usr/local/lib/python3.13/site-packages/starlette/middleware/errors.py", line 164, in __call__
2026-09-17T17:43:23.145651635Z     await self.app(scope, receive, _send)
2026-09-17T17:43:23.145654972Z   File "/usr/local/lib/python3.13/site-packages/opentelemetry/instrumentation/fastapi/__init__.py", line 305, in __call__
2026-09-17T17:43:23.145658338Z     await self.app(scope, receive, send)
2026-09-17T17:43:23.145661675Z   File "/usr/local/lib/python3.13/site-packages/prometheus_fastapi_instrumentator/middleware.py", line 177, in __call__
2026-09-17T17:43:23.145665001Z     raise exc
2026-09-17T17:43:23.145698087Z   File "/usr/local/lib/python3.13/site-packages/prometheus_fastapi_instrumentator/middleware.py", line 175, in __call__
2026-09-17T17:43:23.145700161Z     await self.app(scope, receive, send_wrapper)
2026-09-17T17:43:23.145702075Z   File "/usr/local/lib/python3.13/site-packages/starlette/middleware/exceptions.py", line 63, in __call__
2026-09-17T17:43:23.145705131Z     await wrap_app_handling_exceptions(self.app, conn)(scope, receive, send)
2026-09-17T17:43:23.145707055Z   File "/usr/local/lib/python3.13/site-packages/starlette/_exception_handler.py", line 53, in wrapped_app
2026-09-17T17:43:23.145709049Z     raise exc
2026-09-17T17:43:23.145710982Z   File "/usr/local/lib/python3.13/site-packages/starlette/_exception_handler.py", line 42, in wrapped_app
2026-09-17T17:43:23.145712886Z     await app(scope, receive, sender)
2026-09-17T17:43:23.145714820Z   File "/usr/local/lib/python3.13/site-packages/fastapi/middleware/asyncexitstack.py", line 18, in __call__
2026-09-17T17:43:23.145716764Z     await self.app(scope, receive, send)
2026-09-17T17:43:23.145718708Z   File "/usr/local/lib/python3.13/site-packages/starlette/routing.py", line 716, in __call__
2026-09-17T17:43:23.145720621Z     await self.middleware_stack(scope, receive, send)
2026-09-17T17:43:23.145722555Z   File "/usr/local/lib/python3.13/site-packages/starlette/routing.py", line 736, in app
2026-09-17T17:43:23.145724469Z     await route.handle(scope, receive, send)
2026-09-17T17:43:23.145726393Z   File "/usr/local/lib/python3.13/site-packages/starlette/routing.py", line 290, in handle
2026-09-17T17:43:23.145728327Z     await self.app(scope, receive, send)
2026-09-17T17:43:23.145730270Z   File "/usr/local/lib/python3.13/site-packages/fastapi/routing.py", line 134, in app
2026-09-17T17:43:23.145732194Z     await wrap_app_handling_exceptions(app, request)(scope, receive, send)
2026-09-17T17:43:23.145734118Z   File "/usr/local/lib/python3.13/site-packages/starlette/_exception_handler.py", line 53, in wrapped_app
2026-09-17T17:43:23.145736032Z     raise exc
2026-09-17T17:43:23.145737956Z   File "/usr/local/lib/python3.13/site-packages/starlette/_exception_handler.py", line 42, in wrapped_app
2026-09-17T17:43:23.145739859Z     await app(scope, receive, sender)
2026-09-17T17:43:23.145741783Z   File "/usr/local/lib/python3.13/site-packages/fastapi/routing.py", line 120, in app
2026-09-17T17:43:23.145744338Z     response = await f(request)
2026-09-17T17:43:23.145746262Z                ^^^^^^^^^^^^^^^^
2026-09-17T17:43:23.145748166Z   File "/usr/local/lib/python3.13/site-packages/fastapi/routing.py", line 674, in app
2026-09-17T17:43:23.145750470Z     raw_response = await run_endpoint_function(
2026-09-17T17:43:23.145752434Z                    ^^^^^^^^^^^^^^^^^^^^^^^^^^^^
2026-09-17T17:43:23.145755240Z     ...<3 lines>...
2026-09-17T17:43:23.145757174Z     )
2026-09-17T17:43:23.145759158Z     ^
2026-09-17T17:43:23.145761091Z   File "/usr/local/lib/python3.13/site-packages/fastapi/routing.py", line 330, in run_endpoint_function
2026-09-17T17:43:23.145763005Z     return await run_in_threadpool(dependant.call, **values)
2026-09-17T17:43:23.145764969Z            ^^^^^^^^^^^^^^^^^^^^^^^^^^^^^^^^^^^^^^^^^^^^^^^^^
2026-09-17T17:43:23.145797854Z   File "/usr/local/lib/python3.13/site-packages/starlette/concurrency.py", line 32, in run_in_threadpool
2026-09-17T17:43:23.145802624Z     return await anyio.to_thread.run_sync(func)
2026-09-17T17:43:23.145804658Z            ^^^^^^^^^^^^^^^^^^^^^^^^^^^^^^^^^^^^
2026-09-17T17:43:23.145806662Z   File "/usr/local/lib/python3.13/site-packages/anyio/to_thread.py", line 63, in run_sync
2026-09-17T17:43:23.145808595Z     return await get_async_backend().run_sync_in_worker_thread(
2026-09-17T17:43:23.145835869Z            ^^^^^^^^^^^^^^^^^^^^^^^^^^^^^^^^^^^^^^^^^^^^^^^^^^^^
2026-09-17T17:43:23.145840037Z         func, args, abandon_on_cancel=abandon_on_cancel, limiter=limiter
2026-09-17T17:43:23.145841991Z         ^^^^^^^^^^^^^^^^^^^^^^^^^^^^^^^^^^^^^^^^^^^^^^^^^^^^^^^^^^^^^^^^
2026-09-17T17:43:23.145847302Z     )
2026-09-17T17:43:23.145849296Z     ^
2026-09-17T17:43:23.145851250Z   File "/usr/local/lib/python3.13/site-packages/anyio/_backends/_asyncio.py", line 2518, in run_sync_in_worker_thread
2026-09-17T17:43:23.145853284Z     return await future
2026-09-17T17:43:23.145855217Z            ^^^^^^^^^^^^
2026-09-17T17:43:23.145857131Z   File "/usr/local/lib/python3.13/site-packages/anyio/_backends/_asyncio.py", line 1002, in run
2026-09-17T17:43:23.145859065Z     result = context.run(func, *args)
2026-09-17T17:43:23.145860999Z   File "/app/app/routers/orders.py", line 36, in checkout
2026-09-17T17:43:23.145862913Z     return create_order(
2026-09-17T17:43:23.145864826Z         db=db,
2026-09-17T17:43:23.145866760Z     ...<2 lines>...
2026-09-17T17:43:23.145868744Z         correlation_id=correlation_id,
2026-09-17T17:43:23.145870678Z     )
2026-09-17T17:43:23.145872612Z   File "/app/app/services/order_service.py", line 42, in create_order
2026-09-17T17:43:23.145874536Z     result = db.execute(
2026-09-17T17:43:23.145876459Z         select(ProductModel).where(ProductModel.id == product_id)
2026-09-17T17:43:23.145878373Z     )
2026-09-17T17:43:23.145880287Z   File "/usr/local/lib/python3.13/site-packages/sqlalchemy/orm/session.py", line 2372, in execute
2026-09-17T17:43:23.145882311Z     return self._execute_internal(
2026-09-17T17:43:23.145884235Z            ~~~~~~~~~~~~~~~~~~~~~~^
2026-09-17T17:43:23.145886159Z         statement,
2026-09-17T17:43:23.145888092Z         ^^^^^^^^^^
2026-09-17T17:43:23.145889986Z     ...<4 lines>...
2026-09-17T17:43:23.145891890Z         _add_event=_add_event,
2026-09-17T17:43:23.145893794Z         ^^^^^^^^^^^^^^^^^^^^^^
2026-09-17T17:43:23.145895688Z     )
2026-09-17T17:43:23.145897571Z     ^
2026-09-17T17:43:23.145899515Z   File "/usr/local/lib/python3.13/site-packages/sqlalchemy/orm/session.py", line 2260, in _execute_internal
2026-09-17T17:43:23.145901459Z     conn = self._connection_for_bind(bind)
2026-09-17T17:43:23.145903373Z   File "/usr/local/lib/python3.13/site-packages/sqlalchemy/orm/session.py", line 2112, in _connection_for_bind
2026-09-17T17:43:23.145905296Z     return trans._connection_for_bind(engine, execution_options)
2026-09-17T17:43:23.145907210Z            ~~~~~~~~~~~~~~~~~~~~~~~~~~^^^^^^^^^^^^^^^^^^^^^^^^^^^
2026-09-17T17:43:23.145909114Z   File "<string>", line 2, in _connection_for_bind
2026-09-17T17:43:23.145911018Z   File "/usr/local/lib/python3.13/site-packages/sqlalchemy/orm/state_changes.py", line 137, in _go
2026-09-17T17:43:23.145912912Z     ret_value = fn(self, *arg, **kw)
2026-09-17T17:43:23.145914835Z   File "/usr/local/lib/python3.13/site-packages/sqlalchemy/orm/session.py", line 1191, in _connection_for_bind
2026-09-17T17:43:23.145916739Z     conn = bind.connect()
2026-09-17T17:43:23.145919264Z   File "/usr/local/lib/python3.13/site-packages/opentelemetry/instrumentation/sqlalchemy/engine.py", line 200, in _wrap_connect_internal
2026-09-17T17:43:23.145921188Z     return func(*args, **kwargs)
2026-09-17T17:43:23.145923102Z   File "/usr/local/lib/python3.13/site-packages/sqlalchemy/engine/base.py", line 3295, in connect
2026-09-17T17:43:23.145924995Z     return self._connection_cls(self)
2026-09-17T17:43:23.145926909Z            ~~~~~~~~~~~~~~~~~~~~^^^^^^
2026-09-17T17:43:23.145928823Z   File "/usr/local/lib/python3.13/site-packages/sqlalchemy/engine/base.py", line 144, in __init__
2026-09-17T17:43:23.145949654Z     self._dbapi_connection = engine.raw_connection()
2026-09-17T17:43:23.145951648Z                              ~~~~~~~~~~~~~~~~~~~~~^^
2026-09-17T17:43:23.145953552Z   File "/usr/local/lib/python3.13/site-packages/sqlalchemy/engine/base.py", line 3319, in raw_connection
2026-09-17T17:43:23.145955486Z     return self.pool.connect()
2026-09-17T17:43:23.145957410Z            ~~~~~~~~~~~~~~~~~^^
2026-09-17T17:43:23.145959393Z   File "/usr/local/lib/python3.13/site-packages/sqlalchemy/pool/base.py", line 448, in connect
2026-09-17T17:43:23.145961959Z     return _ConnectionFairy._checkout(self)
2026-09-17T17:43:23.145963882Z            ~~~~~~~~~~~~~~~~~~~~~~~~~~^^^^^^
2026-09-17T17:43:23.145965806Z   File "/usr/local/lib/python3.13/site-packages/sqlalchemy/pool/base.py", line 1272, in _checkout
2026-09-17T17:43:23.145967720Z     fairy = _ConnectionRecord.checkout(pool)
2026-09-17T17:43:23.145969654Z   File "/usr/local/lib/python3.13/site-packages/sqlalchemy/pool/base.py", line 712, in checkout
2026-09-17T17:43:23.145971608Z     rec = pool._do_get()
2026-09-17T17:43:23.145973531Z   File "/usr/local/lib/python3.13/site-packages/sqlalchemy/pool/impl.py", line 167, in _do_get
2026-09-17T17:43:23.145978090Z     raise exc.TimeoutError(
2026-09-17T17:43:23.145980134Z     ...<4 lines>...
2026-09-17T17:43:23.145982068Z     )
2026-09-17T17:43:23.145984563Z sqlalchemy.exc.TimeoutError: QueuePool limit of size 5 overflow 10 reached, connection timed out, timeout 30.00 (Background on this error at: https://sqlalche.me/e/20/3o7r)
2026-09-17T17:43:23.683930786Z ERROR:    Exception in ASGI application
2026-09-17T17:43:23.683989642Z Traceback (most recent call last):
2026-09-17T17:43:23.683996786Z   File "/usr/local/lib/python3.13/site-packages/uvicorn/protocols/http/httptools_impl.py", line 421, in run_asgi
2026-09-17T17:43:23.684003069Z     result = await app(  # type: ignore[func-returns-value]
2026-09-17T17:43:23.684008750Z              ^^^^^^^^^^^^^^^^^^^^^^^^^^^^^^^^^^^^^^^^^^^^^^
2026-09-17T17:43:23.684014341Z         self.scope, self.receive, self.send
2026-09-17T17:43:23.684020193Z         ^^^^^^^^^^^^^^^^^^^^^^^^^^^^^^^^^^^
2026-09-17T17:43:23.684025884Z     )
2026-09-17T17:43:23.684031605Z     ^
2026-09-17T17:43:23.684037216Z   File "/usr/local/lib/python3.13/site-packages/uvicorn/middleware/proxy_headers.py", line 63, in __call__
2026-09-17T17:43:23.684042827Z     return await self.app(scope, receive, send)
2026-09-17T17:43:23.684048408Z            ^^^^^^^^^^^^^^^^^^^^^^^^^^^^^^^^^^^^
2026-09-17T17:43:23.684054881Z   File "/usr/local/lib/python3.13/site-packages/fastapi/applications.py", line 1159, in __call__
2026-09-17T17:43:23.684060442Z     await super().__call__(scope, receive, send)
2026-09-17T17:43:23.684066153Z   File "/usr/local/lib/python3.13/site-packages/starlette/applications.py", line 107, in __call__
2026-09-17T17:43:23.684071755Z     await self.middleware_stack(scope, receive, send)
2026-09-17T17:43:23.684077316Z   File "/usr/local/lib/python3.13/site-packages/starlette/middleware/errors.py", line 186, in __call__
2026-09-17T17:43:23.684082977Z     raise exc
2026-09-17T17:43:23.684088578Z   File "/usr/local/lib/python3.13/site-packages/starlette/middleware/errors.py", line 164, in __call__
2026-09-17T17:43:23.684094149Z     await self.app(scope, receive, _send)
2026-09-17T17:43:23.684100341Z   File "/usr/local/lib/python3.13/site-packages/opentelemetry/instrumentation/asgi/__init__.py", line 806, in __call__
2026-09-17T17:43:23.684105912Z     await self.app(scope, otel_receive, otel_send)
2026-09-17T17:43:23.684111533Z   File "/usr/local/lib/python3.13/site-packages/starlette/middleware/errors.py", line 186, in __call__
2026-09-17T17:43:23.684152093Z     raise exc
2026-09-17T17:43:23.684158125Z   File "/usr/local/lib/python3.13/site-packages/starlette/middleware/errors.py", line 164, in __call__
2026-09-17T17:43:23.684163696Z     await self.app(scope, receive, _send)
2026-09-17T17:43:23.684169848Z   File "/usr/local/lib/python3.13/site-packages/opentelemetry/instrumentation/fastapi/__init__.py", line 305, in __call__
2026-09-17T17:43:23.684175500Z     await self.app(scope, receive, send)
2026-09-17T17:43:23.684181191Z   File "/usr/local/lib/python3.13/site-packages/prometheus_fastapi_instrumentator/middleware.py", line 177, in __call__
2026-09-17T17:43:23.684186762Z     raise exc
2026-09-17T17:43:23.684192433Z   File "/usr/local/lib/python3.13/site-packages/prometheus_fastapi_instrumentator/middleware.py", line 175, in __call__
2026-09-17T17:43:23.684198044Z     await self.app(scope, receive, send_wrapper)
2026-09-17T17:43:23.684237773Z   File "/usr/local/lib/python3.13/site-packages/starlette/middleware/exceptions.py", line 63, in __call__
2026-09-17T17:43:23.684249877Z     await wrap_app_handling_exceptions(self.app, conn)(scope, receive, send)
2026-09-17T17:43:23.684255548Z   File "/usr/local/lib/python3.13/site-packages/starlette/_exception_handler.py", line 53, in wrapped_app
2026-09-17T17:43:23.684261249Z     raise exc
2026-09-17T17:43:23.684271399Z   File "/usr/local/lib/python3.13/site-packages/starlette/_exception_handler.py", line 42, in wrapped_app
2026-09-17T17:43:23.684277181Z     await app(scope, receive, sender)
2026-09-17T17:43:23.684282982Z   File "/usr/local/lib/python3.13/site-packages/fastapi/middleware/asyncexitstack.py", line 18, in __call__
2026-09-17T17:43:23.684288603Z     await self.app(scope, receive, send)
2026-09-17T17:43:23.684294194Z   File "/usr/local/lib/python3.13/site-packages/starlette/routing.py", line 716, in __call__
2026-09-17T17:43:23.684299805Z     await self.middleware_stack(scope, receive, send)
2026-09-17T17:43:23.684305346Z   File "/usr/local/lib/python3.13/site-packages/starlette/routing.py", line 736, in app
2026-09-17T17:43:23.684310867Z     await route.handle(scope, receive, send)
2026-09-17T17:43:23.684316408Z   File "/usr/local/lib/python3.13/site-packages/starlette/routing.py", line 290, in handle
2026-09-17T17:43:23.684321919Z     await self.app(scope, receive, send)
2026-09-17T17:43:23.684327610Z   File "/usr/local/lib/python3.13/site-packages/fastapi/routing.py", line 134, in app
2026-09-17T17:43:23.684333181Z     await wrap_app_handling_exceptions(app, request)(scope, receive, send)
2026-09-17T17:43:23.684338853Z   File "/usr/local/lib/python3.13/site-packages/starlette/_exception_handler.py", line 53, in wrapped_app
2026-09-17T17:43:23.684344383Z     raise exc
2026-09-17T17:43:23.684350045Z   File "/usr/local/lib/python3.13/site-packages/starlette/_exception_handler.py", line 42, in wrapped_app
2026-09-17T17:43:23.684355646Z     await app(scope, receive, sender)
2026-09-17T17:43:23.684361187Z   File "/usr/local/lib/python3.13/site-packages/fastapi/routing.py", line 120, in app
2026-09-17T17:43:23.684367349Z     response = await f(request)
2026-09-17T17:43:23.684372970Z                ^^^^^^^^^^^^^^^^
2026-09-17T17:43:23.684378551Z   File "/usr/local/lib/python3.13/site-packages/fastapi/routing.py", line 674, in app
2026-09-17T17:43:23.684384102Z     raw_response = await run_endpoint_function(
2026-09-17T17:43:23.684389903Z                    ^^^^^^^^^^^^^^^^^^^^^^^^^^^^
2026-09-17T17:43:23.684396286Z     ...<3 lines>...
2026-09-17T17:43:23.684401887Z     )
2026-09-17T17:43:23.684407498Z     ^
2026-09-17T17:43:23.684413260Z   File "/usr/local/lib/python3.13/site-packages/fastapi/routing.py", line 330, in run_endpoint_function
2026-09-17T17:43:23.684435924Z     return await run_in_threadpool(dependant.call, **values)
2026-09-17T17:43:23.684439341Z            ^^^^^^^^^^^^^^^^^^^^^^^^^^^^^^^^^^^^^^^^^^^^^^^^^
2026-09-17T17:43:23.684473088Z   File "/usr/local/lib/python3.13/site-packages/starlette/concurrency.py", line 32, in run_in_threadpool
2026-09-17T17:43:23.684477707Z     return await anyio.to_thread.run_sync(func)
2026-09-17T17:43:23.684479711Z            ^^^^^^^^^^^^^^^^^^^^^^^^^^^^^^^^^^^^
2026-09-17T17:43:23.684481685Z   File "/usr/local/lib/python3.13/site-packages/anyio/to_thread.py", line 63, in run_sync
2026-09-17T17:43:23.684483619Z     return await get_async_backend().run_sync_in_worker_thread(
2026-09-17T17:43:23.684485613Z            ^^^^^^^^^^^^^^^^^^^^^^^^^^^^^^^^^^^^^^^^^^^^^^^^^^^^
2026-09-17T17:43:23.684487557Z         func, args, abandon_on_cancel=abandon_on_cancel, limiter=limiter
2026-09-17T17:43:23.684489480Z         ^^^^^^^^^^^^^^^^^^^^^^^^^^^^^^^^^^^^^^^^^^^^^^^^^^^^^^^^^^^^^^^^
2026-09-17T17:43:23.684491424Z     )
2026-09-17T17:43:23.684493358Z     ^
2026-09-17T17:43:23.684495322Z   File "/usr/local/lib/python3.13/site-packages/anyio/_backends/_asyncio.py", line 2518, in run_sync_in_worker_thread
2026-09-17T17:43:23.684497266Z     return await future
2026-09-17T17:43:23.684499180Z            ^^^^^^^^^^^^
2026-09-17T17:43:23.684501173Z   File "/usr/local/lib/python3.13/site-packages/anyio/_backends/_asyncio.py", line 1002, in run
2026-09-17T17:43:23.684503398Z     result = context.run(func, *args)
2026-09-17T17:43:23.684505302Z   File "/app/app/routers/orders.py", line 36, in checkout
2026-09-17T17:43:23.684507215Z     return create_order(
2026-09-17T17:43:23.684509179Z         db=db,
2026-09-17T17:43:23.684511103Z     ...<2 lines>...
2026-09-17T17:43:23.684513037Z         correlation_id=correlation_id,
2026-09-17T17:43:23.684514961Z     )
2026-09-17T17:43:23.684516935Z   File "/app/app/services/order_service.py", line 42, in create_order
2026-09-17T17:43:23.684518878Z     result = db.execute(
2026-09-17T17:43:23.684520862Z         select(ProductModel).where(ProductModel.id == product_id)
2026-09-17T17:43:23.684522796Z     )
2026-09-17T17:43:23.684524740Z   File "/usr/local/lib/python3.13/site-packages/sqlalchemy/orm/session.py", line 2372, in execute
2026-09-17T17:43:23.684526694Z     return self._execute_internal(
2026-09-17T17:43:23.684528618Z            ~~~~~~~~~~~~~~~~~~~~~~^
2026-09-17T17:43:23.684530542Z         statement,
2026-09-17T17:43:23.684532505Z         ^^^^^^^^^^
2026-09-17T17:43:23.684534429Z     ...<4 lines>...
2026-09-17T17:43:23.684536353Z         _add_event=_add_event,
2026-09-17T17:43:23.684538247Z         ^^^^^^^^^^^^^^^^^^^^^^
2026-09-17T17:43:23.684540171Z     )
2026-09-17T17:43:23.684542074Z     ^
2026-09-17T17:43:23.684544008Z   File "/usr/local/lib/python3.13/site-packages/sqlalchemy/orm/session.py", line 2260, in _execute_internal
2026-09-17T17:43:23.684545942Z     conn = self._connection_for_bind(bind)
2026-09-17T17:43:23.684547886Z   File "/usr/local/lib/python3.13/site-packages/sqlalchemy/orm/session.py", line 2112, in _connection_for_bind
2026-09-17T17:43:23.684549840Z     return trans._connection_for_bind(engine, execution_options)
2026-09-17T17:43:23.684551773Z            ~~~~~~~~~~~~~~~~~~~~~~~~~~^^^^^^^^^^^^^^^^^^^^^^^^^^^
2026-09-17T17:43:23.684553687Z   File "<string>", line 2, in _connection_for_bind
2026-09-17T17:43:23.684555611Z   File "/usr/local/lib/python3.13/site-packages/sqlalchemy/orm/state_changes.py", line 137, in _go
2026-09-17T17:43:23.684557535Z     ret_value = fn(self, *arg, **kw)
2026-09-17T17:43:23.684559459Z   File "/usr/local/lib/python3.13/site-packages/sqlalchemy/orm/session.py", line 1191, in _connection_for_bind
2026-09-17T17:43:23.684569068Z     conn = bind.connect()
2026-09-17T17:43:23.684571733Z   File "/usr/local/lib/python3.13/site-packages/opentelemetry/instrumentation/sqlalchemy/engine.py", line 200, in _wrap_connect_internal
2026-09-17T17:43:23.684573717Z     return func(*args, **kwargs)
2026-09-17T17:43:23.684575711Z   File "/usr/local/lib/python3.13/site-packages/sqlalchemy/engine/base.py", line 3295, in connect
2026-09-17T17:43:23.684577725Z     return self._connection_cls(self)
2026-09-17T17:43:23.684579649Z            ~~~~~~~~~~~~~~~~~~~~^^^^^^
2026-09-17T17:43:23.684581562Z   File "/usr/local/lib/python3.13/site-packages/sqlalchemy/engine/base.py", line 144, in __init__
2026-09-17T17:43:23.684583476Z     self._dbapi_connection = engine.raw_connection()
2026-09-17T17:43:23.684585380Z                              ~~~~~~~~~~~~~~~~~~~~~^^
2026-09-17T17:43:23.684587334Z   File "/usr/local/lib/python3.13/site-packages/sqlalchemy/engine/base.py", line 3319, in raw_connection
2026-09-17T17:43:23.684589248Z     return self.pool.connect()
2026-09-17T17:43:23.684591161Z            ~~~~~~~~~~~~~~~~~^^
2026-09-17T17:43:23.684593085Z   File "/usr/local/lib/python3.13/site-packages/sqlalchemy/pool/base.py", line 448, in connect
2026-09-17T17:43:23.684594999Z     return _ConnectionFairy._checkout(self)
2026-09-17T17:43:23.684596903Z            ~~~~~~~~~~~~~~~~~~~~~~~~~~^^^^^^
2026-09-17T17:43:23.684598816Z   File "/usr/local/lib/python3.13/site-packages/sqlalchemy/pool/base.py", line 1272, in _checkout
2026-09-17T17:43:23.684600720Z     fairy = _ConnectionRecord.checkout(pool)
2026-09-17T17:43:23.684602664Z   File "/usr/local/lib/python3.13/site-packages/sqlalchemy/pool/base.py", line 712, in checkout
2026-09-17T17:43:23.684604588Z     rec = pool._do_get()
2026-09-17T17:43:23.684606502Z   File "/usr/local/lib/python3.13/site-packages/sqlalchemy/pool/impl.py", line 167, in _do_get
2026-09-17T17:43:23.684608466Z     raise exc.TimeoutError(
2026-09-17T17:43:23.684610369Z     ...<4 lines>...
2026-09-17T17:43:23.684612283Z     )
2026-09-17T17:43:23.684614828Z sqlalchemy.exc.TimeoutError: QueuePool limit of size 5 overflow 10 reached, connection timed out, timeout 30.00 (Background on this error at: https://sqlalche.me/e/20/3o7r)
2026-09-17T17:43:24.304047855Z ERROR:    Exception in ASGI application
2026-09-17T17:43:24.304094297Z Traceback (most recent call last):
2026-09-17T17:43:24.304100248Z   File "/usr/local/lib/python3.13/site-packages/uvicorn/protocols/http/httptools_impl.py", line 421, in run_asgi
2026-09-17T17:43:24.304105148Z     result = await app(  # type: ignore[func-returns-value]
2026-09-17T17:43:24.304109537Z              ^^^^^^^^^^^^^^^^^^^^^^^^^^^^^^^^^^^^^^^^^^^^^^
2026-09-17T17:43:24.304113885Z         self.scope, self.receive, self.send
2026-09-17T17:43:24.304118364Z         ^^^^^^^^^^^^^^^^^^^^^^^^^^^^^^^^^^^
2026-09-17T17:43:24.304122713Z     )
2026-09-17T17:43:24.304127322Z     ^
2026-09-17T17:43:24.304131761Z   File "/usr/local/lib/python3.13/site-packages/uvicorn/middleware/proxy_headers.py", line 63, in __call__
2026-09-17T17:43:24.304136129Z     return await self.app(scope, receive, send)
2026-09-17T17:43:24.304145207Z            ^^^^^^^^^^^^^^^^^^^^^^^^^^^^^^^^^^^^
2026-09-17T17:43:24.304150668Z   File "/usr/local/lib/python3.13/site-packages/fastapi/applications.py", line 1159, in __call__
2026-09-17T17:43:24.304155087Z     await super().__call__(scope, receive, send)
2026-09-17T17:43:24.304159456Z   File "/usr/local/lib/python3.13/site-packages/starlette/applications.py", line 107, in __call__
2026-09-17T17:43:24.304163804Z     await self.middleware_stack(scope, receive, send)
2026-09-17T17:43:24.304195467Z   File "/usr/local/lib/python3.13/site-packages/starlette/middleware/errors.py", line 186, in __call__
2026-09-17T17:43:24.304200096Z     raise exc
2026-09-17T17:43:24.304204475Z   File "/usr/local/lib/python3.13/site-packages/starlette/middleware/errors.py", line 164, in __call__
2026-09-17T17:43:24.304209184Z     await self.app(scope, receive, _send)
2026-09-17T17:43:24.304214134Z   File "/usr/local/lib/python3.13/site-packages/opentelemetry/instrumentation/asgi/__init__.py", line 806, in __call__
2026-09-17T17:43:24.304218472Z     await self.app(scope, otel_receive, otel_send)
2026-09-17T17:43:24.304222801Z   File "/usr/local/lib/python3.13/site-packages/starlette/middleware/errors.py", line 186, in __call__
2026-09-17T17:43:24.304227139Z     raise exc
2026-09-17T17:43:24.304231528Z   File "/usr/local/lib/python3.13/site-packages/starlette/middleware/errors.py", line 164, in __call__
2026-09-17T17:43:24.304235837Z     await self.app(scope, receive, _send)
2026-09-17T17:43:24.304240165Z   File "/usr/local/lib/python3.13/site-packages/opentelemetry/instrumentation/fastapi/__init__.py", line 305, in __call__
2026-09-17T17:43:24.304244474Z     await self.app(scope, receive, send)
2026-09-17T17:43:24.304248792Z   File "/usr/local/lib/python3.13/site-packages/prometheus_fastapi_instrumentator/middleware.py", line 177, in __call__
2026-09-17T17:43:24.304253101Z     raise exc
2026-09-17T17:43:24.304257399Z   File "/usr/local/lib/python3.13/site-packages/prometheus_fastapi_instrumentator/middleware.py", line 175, in __call__
2026-09-17T17:43:24.304261668Z     await self.app(scope, receive, send_wrapper)
2026-09-17T17:43:24.304266046Z   File "/usr/local/lib/python3.13/site-packages/starlette/middleware/exceptions.py", line 63, in __call__
2026-09-17T17:43:24.304271036Z     await wrap_app_handling_exceptions(self.app, conn)(scope, receive, send)
2026-09-17T17:43:24.304275345Z   File "/usr/local/lib/python3.13/site-packages/starlette/_exception_handler.py", line 53, in wrapped_app
2026-09-17T17:43:24.304279623Z     raise exc
2026-09-17T17:43:24.304283892Z   File "/usr/local/lib/python3.13/site-packages/starlette/_exception_handler.py", line 42, in wrapped_app
2026-09-17T17:43:24.304288170Z     await app(scope, receive, sender)
2026-09-17T17:43:24.304292519Z   File "/usr/local/lib/python3.13/site-packages/fastapi/middleware/asyncexitstack.py", line 18, in __call__
2026-09-17T17:43:24.304296857Z     await self.app(scope, receive, send)
2026-09-17T17:43:24.304301236Z   File "/usr/local/lib/python3.13/site-packages/starlette/routing.py", line 716, in __call__
2026-09-17T17:43:24.304305534Z     await self.middleware_stack(scope, receive, send)
2026-09-17T17:43:24.304309813Z   File "/usr/local/lib/python3.13/site-packages/starlette/routing.py", line 736, in app
2026-09-17T17:43:24.304314282Z     await route.handle(scope, receive, send)
2026-09-17T17:43:24.304318640Z   File "/usr/local/lib/python3.13/site-packages/starlette/routing.py", line 290, in handle
2026-09-17T17:43:24.304322969Z     await self.app(scope, receive, send)
2026-09-17T17:43:24.304327317Z   File "/usr/local/lib/python3.13/site-packages/fastapi/routing.py", line 134, in app
2026-09-17T17:43:24.304331596Z     await wrap_app_handling_exceptions(app, request)(scope, receive, send)
2026-09-17T17:43:24.304335964Z   File "/usr/local/lib/python3.13/site-packages/starlette/_exception_handler.py", line 53, in wrapped_app
2026-09-17T17:43:24.304369250Z     raise exc
2026-09-17T17:43:24.304380132Z   File "/usr/local/lib/python3.13/site-packages/starlette/_exception_handler.py", line 42, in wrapped_app
2026-09-17T17:43:24.304384701Z     await app(scope, receive, sender)
2026-09-17T17:43:24.304389039Z   File "/usr/local/lib/python3.13/site-packages/fastapi/routing.py", line 120, in app
2026-09-17T17:43:24.304410402Z     response = await f(request)
2026-09-17T17:43:24.304414880Z                ^^^^^^^^^^^^^^^^
2026-09-17T17:43:24.304419199Z   File "/usr/local/lib/python3.13/site-packages/fastapi/routing.py", line 674, in app
2026-09-17T17:43:24.304423668Z     raw_response = await run_endpoint_function(
2026-09-17T17:43:24.304427966Z                    ^^^^^^^^^^^^^^^^^^^^^^^^^^^^
2026-09-17T17:43:24.304432816Z     ...<3 lines>...
2026-09-17T17:43:24.304440090Z     )
2026-09-17T17:43:24.304444589Z     ^
2026-09-17T17:43:24.304448988Z   File "/usr/local/lib/python3.13/site-packages/fastapi/routing.py", line 330, in run_endpoint_function
2026-09-17T17:43:24.304453397Z     return await run_in_threadpool(dependant.call, **values)
2026-09-17T17:43:24.304457685Z            ^^^^^^^^^^^^^^^^^^^^^^^^^^^^^^^^^^^^^^^^^^^^^^^^^
2026-09-17T17:43:24.304484228Z   File "/usr/local/lib/python3.13/site-packages/starlette/concurrency.py", line 32, in run_in_threadpool
2026-09-17T17:43:24.304489057Z     return await anyio.to_thread.run_sync(func)
2026-09-17T17:43:24.304493456Z            ^^^^^^^^^^^^^^^^^^^^^^^^^^^^^^^^^^^^
2026-09-17T17:43:24.304497794Z   File "/usr/local/lib/python3.13/site-packages/anyio/to_thread.py", line 63, in run_sync
2026-09-17T17:43:24.304502093Z     return await get_async_backend().run_sync_in_worker_thread(
2026-09-17T17:43:24.304506361Z            ^^^^^^^^^^^^^^^^^^^^^^^^^^^^^^^^^^^^^^^^^^^^^^^^^^^^
2026-09-17T17:43:24.304510660Z         func, args, abandon_on_cancel=abandon_on_cancel, limiter=limiter
2026-09-17T17:43:24.304515069Z         ^^^^^^^^^^^^^^^^^^^^^^^^^^^^^^^^^^^^^^^^^^^^^^^^^^^^^^^^^^^^^^^^
2026-09-17T17:43:24.304519377Z     )
2026-09-17T17:43:24.304523686Z     ^
2026-09-17T17:43:24.304527994Z   File "/usr/local/lib/python3.13/site-packages/anyio/_backends/_asyncio.py", line 2518, in run_sync_in_worker_thread
2026-09-17T17:43:24.304532333Z     return await future
2026-09-17T17:43:24.304536651Z            ^^^^^^^^^^^^
2026-09-17T17:43:24.304540970Z   File "/usr/local/lib/python3.13/site-packages/anyio/_backends/_asyncio.py", line 1002, in run
2026-09-17T17:43:24.304547603Z     result = context.run(func, *args)
2026-09-17T17:43:24.304552082Z   File "/app/app/routers/orders.py", line 36, in checkout
2026-09-17T17:43:24.304556460Z     return create_order(
2026-09-17T17:43:24.304560879Z         db=db,
2026-09-17T17:43:24.304565268Z     ...<2 lines>...
2026-09-17T17:43:24.304569616Z         correlation_id=correlation_id,
2026-09-17T17:43:24.304573935Z     )
2026-09-17T17:43:24.304578364Z   File "/app/app/services/order_service.py", line 42, in create_order
2026-09-17T17:43:24.304582722Z     result = db.execute(
2026-09-17T17:43:24.304587101Z         select(ProductModel).where(ProductModel.id == product_id)
2026-09-17T17:43:24.304591470Z     )
2026-09-17T17:43:24.304595838Z   File "/usr/local/lib/python3.13/site-packages/sqlalchemy/orm/session.py", line 2372, in execute
2026-09-17T17:43:24.304600167Z     return self._execute_internal(
2026-09-17T17:43:24.304604475Z            ~~~~~~~~~~~~~~~~~~~~~~^
2026-09-17T17:43:24.304608754Z         statement,
2026-09-17T17:43:24.304613122Z         ^^^^^^^^^^
2026-09-17T17:43:24.304617421Z     ...<4 lines>...
2026-09-17T17:43:24.304621780Z         _add_event=_add_event,
2026-09-17T17:43:24.304626108Z         ^^^^^^^^^^^^^^^^^^^^^^
2026-09-17T17:43:24.304630447Z     )
2026-09-17T17:43:24.304634755Z     ^
2026-09-17T17:43:24.304639114Z   File "/usr/local/lib/python3.13/site-packages/sqlalchemy/orm/session.py", line 2260, in _execute_internal
2026-09-17T17:43:24.304654154Z     conn = self._connection_for_bind(bind)
2026-09-17T17:43:24.304656719Z   File "/usr/local/lib/python3.13/site-packages/sqlalchemy/orm/session.py", line 2112, in _connection_for_bind
2026-09-17T17:43:24.304658652Z     return trans._connection_for_bind(engine, execution_options)
2026-09-17T17:43:24.304660737Z            ~~~~~~~~~~~~~~~~~~~~~~~~~~^^^^^^^^^^^^^^^^^^^^^^^^^^^
2026-09-17T17:43:24.304662710Z   File "<string>", line 2, in _connection_for_bind
2026-09-17T17:43:24.304664694Z   File "/usr/local/lib/python3.13/site-packages/sqlalchemy/orm/state_changes.py", line 137, in _go
2026-09-17T17:43:24.304666698Z     ret_value = fn(self, *arg, **kw)
2026-09-17T17:43:24.304669263Z   File "/usr/local/lib/python3.13/site-packages/sqlalchemy/orm/session.py", line 1191, in _connection_for_bind
2026-09-17T17:43:24.304671748Z     conn = bind.connect()
2026-09-17T17:43:24.304674754Z   File "/usr/local/lib/python3.13/site-packages/opentelemetry/instrumentation/sqlalchemy/engine.py", line 200, in _wrap_connect_internal
2026-09-17T17:43:24.304676698Z     return func(*args, **kwargs)
2026-09-17T17:43:24.304678662Z   File "/usr/local/lib/python3.13/site-packages/sqlalchemy/engine/base.py", line 3295, in connect
2026-09-17T17:43:24.304680606Z     return self._connection_cls(self)
2026-09-17T17:43:24.304682991Z            ~~~~~~~~~~~~~~~~~~~~^^^^^^
2026-09-17T17:43:24.304685375Z   File "/usr/local/lib/python3.13/site-packages/sqlalchemy/engine/base.py", line 144, in __init__
2026-09-17T17:43:24.304690175Z     self._dbapi_connection = engine.raw_connection()
2026-09-17T17:43:24.304692129Z                              ~~~~~~~~~~~~~~~~~~~~~^^
2026-09-17T17:43:24.304694042Z   File "/usr/local/lib/python3.13/site-packages/sqlalchemy/engine/base.py", line 3319, in raw_connection
2026-09-17T17:43:24.304695966Z     return self.pool.connect()
2026-09-17T17:43:24.304697900Z            ~~~~~~~~~~~~~~~~~^^
2026-09-17T17:43:24.304699854Z   File "/usr/local/lib/python3.13/site-packages/sqlalchemy/pool/base.py", line 448, in connect
2026-09-17T17:43:24.304701748Z     return _ConnectionFairy._checkout(self)
2026-09-17T17:43:24.304703722Z            ~~~~~~~~~~~~~~~~~~~~~~~~~~^^^^^^
2026-09-17T17:43:24.304707719Z   File "/usr/local/lib/python3.13/site-packages/sqlalchemy/pool/base.py", line 1272, in _checkout
2026-09-17T17:43:24.304709673Z     fairy = _ConnectionRecord.checkout(pool)
2026-09-17T17:43:24.304711607Z   File "/usr/local/lib/python3.13/site-packages/sqlalchemy/pool/base.py", line 712, in checkout
2026-09-17T17:43:24.304713551Z     rec = pool._do_get()
2026-09-17T17:43:24.304715495Z   File "/usr/local/lib/python3.13/site-packages/sqlalchemy/pool/impl.py", line 167, in _do_get
2026-09-17T17:43:24.304717409Z     raise exc.TimeoutError(
2026-09-17T17:43:24.304719322Z     ...<4 lines>...
2026-09-17T17:43:24.304721286Z     )
2026-09-17T17:43:24.304724022Z sqlalchemy.exc.TimeoutError: QueuePool limit of size 5 overflow 10 reached, connection timed out, timeout 30.00 (Background on this error at: https://sqlalche.me/e/20/3o7r)
2026-09-17T17:43:24.601985148Z ERROR:    Exception in ASGI application
2026-09-17T17:43:24.602021981Z Traceback (most recent call last):
2026-09-17T17:43:24.602025087Z   File "/usr/local/lib/python3.13/site-packages/uvicorn/protocols/http/httptools_impl.py", line 421, in run_asgi
2026-09-17T17:43:24.602027582Z     result = await app(  # type: ignore[func-returns-value]
2026-09-17T17:43:24.602029516Z              ^^^^^^^^^^^^^^^^^^^^^^^^^^^^^^^^^^^^^^^^^^^^^^
2026-09-17T17:43:24.602031480Z         self.scope, self.receive, self.send
2026-09-17T17:43:24.602033384Z         ^^^^^^^^^^^^^^^^^^^^^^^^^^^^^^^^^^^
2026-09-17T17:43:24.602035308Z     )
2026-09-17T17:43:24.602057341Z     ^
2026-09-17T17:43:24.602059586Z   File "/usr/local/lib/python3.13/site-packages/uvicorn/middleware/proxy_headers.py", line 63, in __call__
2026-09-17T17:43:24.602061950Z     return await self.app(scope, receive, send)
2026-09-17T17:43:24.602064395Z            ^^^^^^^^^^^^^^^^^^^^^^^^^^^^^^^^^^^^
2026-09-17T17:43:24.602066860Z   File "/usr/local/lib/python3.13/site-packages/fastapi/applications.py", line 1159, in __call__
2026-09-17T17:43:24.602068794Z     await super().__call__(scope, receive, send)
2026-09-17T17:43:24.602070698Z   File "/usr/local/lib/python3.13/site-packages/starlette/applications.py", line 107, in __call__
2026-09-17T17:43:24.602072641Z     await self.middleware_stack(scope, receive, send)
2026-09-17T17:43:24.602074545Z   File "/usr/local/lib/python3.13/site-packages/starlette/middleware/errors.py", line 186, in __call__
2026-09-17T17:43:24.602076539Z     raise exc
2026-09-17T17:43:24.602078543Z   File "/usr/local/lib/python3.13/site-packages/starlette/middleware/errors.py", line 164, in __call__
2026-09-17T17:43:24.602080487Z     await self.app(scope, receive, _send)
2026-09-17T17:43:24.602082912Z   File "/usr/local/lib/python3.13/site-packages/opentelemetry/instrumentation/asgi/__init__.py", line 806, in __call__
2026-09-17T17:43:24.602084846Z     await self.app(scope, otel_receive, otel_send)
2026-09-17T17:43:24.602086769Z   File "/usr/local/lib/python3.13/site-packages/starlette/middleware/errors.py", line 186, in __call__
2026-09-17T17:43:24.602088683Z     raise exc
2026-09-17T17:43:24.602090587Z   File "/usr/local/lib/python3.13/site-packages/starlette/middleware/errors.py", line 164, in __call__
2026-09-17T17:43:24.602092491Z     await self.app(scope, receive, _send)
2026-09-17T17:43:24.602094414Z   File "/usr/local/lib/python3.13/site-packages/opentelemetry/instrumentation/fastapi/__init__.py", line 305, in __call__
2026-09-17T17:43:24.602096569Z     await self.app(scope, receive, send)
2026-09-17T17:43:24.602098472Z   File "/usr/local/lib/python3.13/site-packages/prometheus_fastapi_instrumentator/middleware.py", line 177, in __call__
2026-09-17T17:43:24.602100436Z     raise exc
2026-09-17T17:43:24.602102340Z   File "/usr/local/lib/python3.13/site-packages/prometheus_fastapi_instrumentator/middleware.py", line 175, in __call__
2026-09-17T17:43:24.602104264Z     await self.app(scope, receive, send_wrapper)
2026-09-17T17:43:24.602106168Z   File "/usr/local/lib/python3.13/site-packages/starlette/middleware/exceptions.py", line 63, in __call__
2026-09-17T17:43:24.602109033Z     await wrap_app_handling_exceptions(self.app, conn)(scope, receive, send)
2026-09-17T17:43:24.602111057Z   File "/usr/local/lib/python3.13/site-packages/starlette/_exception_handler.py", line 53, in wrapped_app
2026-09-17T17:43:24.602112961Z     raise exc
2026-09-17T17:43:24.602114855Z   File "/usr/local/lib/python3.13/site-packages/starlette/_exception_handler.py", line 42, in wrapped_app
2026-09-17T17:43:24.602116759Z     await app(scope, receive, sender)
2026-09-17T17:43:24.602118662Z   File "/usr/local/lib/python3.13/site-packages/fastapi/middleware/asyncexitstack.py", line 18, in __call__
2026-09-17T17:43:24.602120576Z     await self.app(scope, receive, send)
2026-09-17T17:43:24.602122480Z   File "/usr/local/lib/python3.13/site-packages/starlette/routing.py", line 716, in __call__
2026-09-17T17:43:24.602124434Z     await self.middleware_stack(scope, receive, send)
2026-09-17T17:43:24.602126358Z   File "/usr/local/lib/python3.13/site-packages/starlette/routing.py", line 736, in app
2026-09-17T17:43:24.602128482Z     await route.handle(scope, receive, send)
2026-09-17T17:43:24.602130416Z   File "/usr/local/lib/python3.13/site-packages/starlette/routing.py", line 290, in handle
2026-09-17T17:43:24.602137359Z     await self.app(scope, receive, send)
2026-09-17T17:43:24.602139333Z   File "/usr/local/lib/python3.13/site-packages/fastapi/routing.py", line 134, in app
2026-09-17T17:43:24.602141247Z     await wrap_app_handling_exceptions(app, request)(scope, receive, send)
2026-09-17T17:43:24.602143161Z   File "/usr/local/lib/python3.13/site-packages/starlette/_exception_handler.py", line 53, in wrapped_app
2026-09-17T17:43:24.602145075Z     raise exc
2026-09-17T17:43:24.602147049Z   File "/usr/local/lib/python3.13/site-packages/starlette/_exception_handler.py", line 42, in wrapped_app
2026-09-17T17:43:24.602148962Z     await app(scope, receive, sender)
2026-09-17T17:43:24.602151087Z   File "/usr/local/lib/python3.13/site-packages/fastapi/routing.py", line 120, in app
2026-09-17T17:43:24.602153461Z     response = await f(request)
2026-09-17T17:43:24.602155375Z                ^^^^^^^^^^^^^^^^
2026-09-17T17:43:24.602157289Z   File "/usr/local/lib/python3.13/site-packages/fastapi/routing.py", line 674, in app
2026-09-17T17:43:24.602159203Z     raw_response = await run_endpoint_function(
2026-09-17T17:43:24.602161116Z                    ^^^^^^^^^^^^^^^^^^^^^^^^^^^^
2026-09-17T17:43:24.602163912Z     ...<3 lines>...
2026-09-17T17:43:24.602165866Z     )
2026-09-17T17:43:24.602167810Z     ^
2026-09-17T17:43:24.602169753Z   File "/usr/local/lib/python3.13/site-packages/fastapi/routing.py", line 330, in run_endpoint_function
2026-09-17T17:43:24.602171667Z     return await run_in_threadpool(dependant.call, **values)
2026-09-17T17:43:24.602173591Z            ^^^^^^^^^^^^^^^^^^^^^^^^^^^^^^^^^^^^^^^^^^^^^^^^^
2026-09-17T17:43:24.602178310Z   File "/usr/local/lib/python3.13/site-packages/starlette/concurrency.py", line 32, in run_in_threadpool
2026-09-17T17:43:24.602180455Z     return await anyio.to_thread.run_sync(func)
2026-09-17T17:43:24.602182428Z            ^^^^^^^^^^^^^^^^^^^^^^^^^^^^^^^^^^^^
2026-09-17T17:43:24.602184623Z   File "/usr/local/lib/python3.13/site-packages/anyio/to_thread.py", line 63, in run_sync
2026-09-17T17:43:24.602186557Z     return await get_async_backend().run_sync_in_worker_thread(
2026-09-17T17:43:24.602188480Z            ^^^^^^^^^^^^^^^^^^^^^^^^^^^^^^^^^^^^^^^^^^^^^^^^^^^^
2026-09-17T17:43:24.602190414Z         func, args, abandon_on_cancel=abandon_on_cancel, limiter=limiter
2026-09-17T17:43:24.602192328Z         ^^^^^^^^^^^^^^^^^^^^^^^^^^^^^^^^^^^^^^^^^^^^^^^^^^^^^^^^^^^^^^^^
2026-09-17T17:43:24.602194232Z     )
2026-09-17T17:43:24.602196166Z     ^
2026-09-17T17:43:24.602198079Z   File "/usr/local/lib/python3.13/site-packages/anyio/_backends/_asyncio.py", line 2518, in run_sync_in_worker_thread
2026-09-17T17:43:24.602200003Z     return await future
2026-09-17T17:43:24.602202047Z            ^^^^^^^^^^^^
2026-09-17T17:43:24.602203951Z   File "/usr/local/lib/python3.13/site-packages/anyio/_backends/_asyncio.py", line 1002, in run
2026-09-17T17:43:24.602205875Z     result = context.run(func, *args)
2026-09-17T17:43:24.602207779Z   File "/app/app/routers/orders.py", line 36, in checkout
2026-09-17T17:43:24.602209682Z     return create_order(
2026-09-17T17:43:24.602211636Z         db=db,
2026-09-17T17:43:24.602213580Z     ...<2 lines>...
2026-09-17T17:43:24.602215514Z         correlation_id=correlation_id,
2026-09-17T17:43:24.602217428Z     )
2026-09-17T17:43:24.602219371Z   File "/app/app/services/order_service.py", line 42, in create_order
2026-09-17T17:43:24.602221365Z     result = db.execute(
2026-09-17T17:43:24.602223289Z         select(ProductModel).where(ProductModel.id == product_id)
2026-09-17T17:43:24.602225203Z     )
2026-09-17T17:43:24.602227147Z   File "/usr/local/lib/python3.13/site-packages/sqlalchemy/orm/session.py", line 2372, in execute
2026-09-17T17:43:24.602437342Z     return self._execute_internal(
2026-09-17T17:43:24.602440980Z            ~~~~~~~~~~~~~~~~~~~~~~^
2026-09-17T17:43:24.602443344Z         statement,
2026-09-17T17:43:24.602445288Z         ^^^^^^^^^^
2026-09-17T17:43:24.602447262Z     ...<4 lines>...
2026-09-17T17:43:24.602449166Z         _add_event=_add_event,
2026-09-17T17:43:24.602451070Z         ^^^^^^^^^^^^^^^^^^^^^^
2026-09-17T17:43:24.602453104Z     )
2026-09-17T17:43:24.602455027Z     ^
2026-09-17T17:43:24.602457051Z   File "/usr/local/lib/python3.13/site-packages/sqlalchemy/orm/session.py", line 2260, in _execute_internal
2026-09-17T17:43:24.602458975Z     conn = self._connection_for_bind(bind)
2026-09-17T17:43:24.602460999Z   File "/usr/local/lib/python3.13/site-packages/sqlalchemy/orm/session.py", line 2112, in _connection_for_bind
2026-09-17T17:43:24.602462943Z     return trans._connection_for_bind(engine, execution_options)
2026-09-17T17:43:24.602464867Z            ~~~~~~~~~~~~~~~~~~~~~~~~~~^^^^^^^^^^^^^^^^^^^^^^^^^^^
2026-09-17T17:43:24.602466791Z   File "<string>", line 2, in _connection_for_bind
2026-09-17T17:43:24.602468714Z   File "/usr/local/lib/python3.13/site-packages/sqlalchemy/orm/state_changes.py", line 137, in _go
2026-09-17T17:43:24.602470648Z     ret_value = fn(self, *arg, **kw)
2026-09-17T17:43:24.602473053Z   File "/usr/local/lib/python3.13/site-packages/sqlalchemy/orm/session.py", line 1191, in _connection_for_bind
2026-09-17T17:43:24.602474977Z     conn = bind.connect()
2026-09-17T17:43:24.602477672Z   File "/usr/local/lib/python3.13/site-packages/opentelemetry/instrumentation/sqlalchemy/engine.py", line 200, in _wrap_connect_internal
2026-09-17T17:43:24.602479606Z     return func(*args, **kwargs)
2026-09-17T17:43:24.602481620Z   File "/usr/local/lib/python3.13/site-packages/sqlalchemy/engine/base.py", line 3295, in connect
2026-09-17T17:43:24.602483564Z     return self._connection_cls(self)
2026-09-17T17:43:24.602485498Z            ~~~~~~~~~~~~~~~~~~~~^^^^^^
2026-09-17T17:43:24.602487421Z   File "/usr/local/lib/python3.13/site-packages/sqlalchemy/engine/base.py", line 144, in __init__
2026-09-17T17:43:24.602489345Z     self._dbapi_connection = engine.raw_connection()
2026-09-17T17:43:24.602491229Z                              ~~~~~~~~~~~~~~~~~~~~~^^
2026-09-17T17:43:24.602493143Z   File "/usr/local/lib/python3.13/site-packages/sqlalchemy/engine/base.py", line 3319, in raw_connection
2026-09-17T17:43:24.602495056Z     return self.pool.connect()
2026-09-17T17:43:24.602497040Z            ~~~~~~~~~~~~~~~~~^^
2026-09-17T17:43:24.602498974Z   File "/usr/local/lib/python3.13/site-packages/sqlalchemy/pool/base.py", line 448, in connect
2026-09-17T17:43:24.602500908Z     return _ConnectionFairy._checkout(self)
2026-09-17T17:43:24.602502822Z            ~~~~~~~~~~~~~~~~~~~~~~~~~~^^^^^^
2026-09-17T17:43:24.602504756Z   File "/usr/local/lib/python3.13/site-packages/sqlalchemy/pool/base.py", line 1272, in _checkout
2026-09-17T17:43:24.602506679Z     fairy = _ConnectionRecord.checkout(pool)
2026-09-17T17:43:24.602508583Z   File "/usr/local/lib/python3.13/site-packages/sqlalchemy/pool/base.py", line 712, in checkout
2026-09-17T17:43:24.602510507Z     rec = pool._do_get()
2026-09-17T17:43:24.602512431Z   File "/usr/local/lib/python3.13/site-packages/sqlalchemy/pool/impl.py", line 167, in _do_get
2026-09-17T17:43:24.602514365Z     raise exc.TimeoutError(
2026-09-17T17:43:24.602516339Z     ...<4 lines>...
2026-09-17T17:43:24.602518252Z     )
2026-09-17T17:43:24.602520767Z sqlalchemy.exc.TimeoutError: QueuePool limit of size 5 overflow 10 reached, connection timed out, timeout 30.00 (Background on this error at: https://sqlalche.me/e/20/3o7r)
2026-09-17T17:43:24.777939625Z ERROR:    Exception in ASGI application
2026-09-17T17:43:24.777982219Z Traceback (most recent call last):
2026-09-17T17:43:24.777987630Z   File "/usr/local/lib/python3.13/site-packages/uvicorn/protocols/http/httptools_impl.py", line 421, in run_asgi
2026-09-17T17:43:24.777992239Z     result = await app(  # type: ignore[func-returns-value]
2026-09-17T17:43:24.777996498Z              ^^^^^^^^^^^^^^^^^^^^^^^^^^^^^^^^^^^^^^^^^^^^^^
2026-09-17T17:43:24.778000486Z         self.scope, self.receive, self.send
2026-09-17T17:43:24.778004433Z         ^^^^^^^^^^^^^^^^^^^^^^^^^^^^^^^^^^^
2026-09-17T17:43:24.778008381Z     )
2026-09-17T17:43:24.778012339Z     ^
2026-09-17T17:43:24.778016337Z   File "/usr/local/lib/python3.13/site-packages/uvicorn/middleware/proxy_headers.py", line 63, in __call__
2026-09-17T17:43:24.778020305Z     return await self.app(scope, receive, send)
2026-09-17T17:43:24.778024463Z            ^^^^^^^^^^^^^^^^^^^^^^^^^^^^^^^^^^^^
2026-09-17T17:43:24.778029252Z   File "/usr/local/lib/python3.13/site-packages/fastapi/applications.py", line 1159, in __call__
2026-09-17T17:43:24.778033210Z     await super().__call__(scope, receive, send)
2026-09-17T17:43:24.778037168Z   File "/usr/local/lib/python3.13/site-packages/starlette/applications.py", line 107, in __call__
2026-09-17T17:43:24.778041116Z     await self.middleware_stack(scope, receive, send)
2026-09-17T17:43:24.778045054Z   File "/usr/local/lib/python3.13/site-packages/starlette/middleware/errors.py", line 186, in __call__
2026-09-17T17:43:24.778049052Z     raise exc
2026-09-17T17:43:24.778053029Z   File "/usr/local/lib/python3.13/site-packages/starlette/middleware/errors.py", line 164, in __call__
2026-09-17T17:43:24.778057017Z     await self.app(scope, receive, _send)
2026-09-17T17:43:24.778061757Z   File "/usr/local/lib/python3.13/site-packages/opentelemetry/instrumentation/asgi/__init__.py", line 806, in __call__
2026-09-17T17:43:24.778065725Z     await self.app(scope, otel_receive, otel_send)
2026-09-17T17:43:24.778073249Z   File "/usr/local/lib/python3.13/site-packages/starlette/middleware/errors.py", line 186, in __call__
2026-09-17T17:43:24.778077488Z     raise exc
2026-09-17T17:43:24.778081526Z   File "/usr/local/lib/python3.13/site-packages/starlette/middleware/errors.py", line 164, in __call__
2026-09-17T17:43:24.778085454Z     await self.app(scope, receive, _send)
2026-09-17T17:43:24.778089421Z   File "/usr/local/lib/python3.13/site-packages/opentelemetry/instrumentation/fastapi/__init__.py", line 305, in __call__
2026-09-17T17:43:24.778093379Z     await self.app(scope, receive, send)
2026-09-17T17:43:24.778097387Z   File "/usr/local/lib/python3.13/site-packages/prometheus_fastapi_instrumentator/middleware.py", line 177, in __call__
2026-09-17T17:43:24.778101315Z     raise exc
2026-09-17T17:43:24.778105233Z   File "/usr/local/lib/python3.13/site-packages/prometheus_fastapi_instrumentator/middleware.py", line 175, in __call__
2026-09-17T17:43:24.778109160Z     await self.app(scope, receive, send_wrapper)
2026-09-17T17:43:24.778113148Z   File "/usr/local/lib/python3.13/site-packages/starlette/middleware/exceptions.py", line 63, in __call__
2026-09-17T17:43:24.778117647Z     await wrap_app_handling_exceptions(self.app, conn)(scope, receive, send)
2026-09-17T17:43:24.778121595Z   File "/usr/local/lib/python3.13/site-packages/starlette/_exception_handler.py", line 53, in wrapped_app
2026-09-17T17:43:24.778125493Z     raise exc
2026-09-17T17:43:24.778129440Z   File "/usr/local/lib/python3.13/site-packages/starlette/_exception_handler.py", line 42, in wrapped_app
2026-09-17T17:43:24.778133408Z     await app(scope, receive, sender)
2026-09-17T17:43:24.778163358Z   File "/usr/local/lib/python3.13/site-packages/fastapi/middleware/asyncexitstack.py", line 18, in __call__
2026-09-17T17:43:24.778167466Z     await self.app(scope, receive, send)
2026-09-17T17:43:24.778171413Z   File "/usr/local/lib/python3.13/site-packages/starlette/routing.py", line 716, in __call__
2026-09-17T17:43:24.778175351Z     await self.middleware_stack(scope, receive, send)
2026-09-17T17:43:24.778179319Z   File "/usr/local/lib/python3.13/site-packages/starlette/routing.py", line 736, in app
2026-09-17T17:43:24.778183237Z     await route.handle(scope, receive, send)
2026-09-17T17:43:24.778187305Z   File "/usr/local/lib/python3.13/site-packages/starlette/routing.py", line 290, in handle
2026-09-17T17:43:24.778191233Z     await self.app(scope, receive, send)
2026-09-17T17:43:24.778195381Z   File "/usr/local/lib/python3.13/site-packages/fastapi/routing.py", line 134, in app
2026-09-17T17:43:24.778199349Z     await wrap_app_handling_exceptions(app, request)(scope, receive, send)
2026-09-17T17:43:24.778203437Z   File "/usr/local/lib/python3.13/site-packages/starlette/_exception_handler.py", line 53, in wrapped_app
2026-09-17T17:43:24.778207355Z     raise exc
2026-09-17T17:43:24.778212304Z   File "/usr/local/lib/python3.13/site-packages/starlette/_exception_handler.py", line 42, in wrapped_app
2026-09-17T17:43:24.778216302Z     await app(scope, receive, sender)
2026-09-17T17:43:24.778220280Z   File "/usr/local/lib/python3.13/site-packages/fastapi/routing.py", line 120, in app
2026-09-17T17:43:24.778224769Z     response = await f(request)
2026-09-17T17:43:24.778228707Z                ^^^^^^^^^^^^^^^^
2026-09-17T17:43:24.778232645Z   File "/usr/local/lib/python3.13/site-packages/fastapi/routing.py", line 674, in app
2026-09-17T17:43:24.778236602Z     raw_response = await run_endpoint_function(
2026-09-17T17:43:24.778240550Z                    ^^^^^^^^^^^^^^^^^^^^^^^^^^^^
2026-09-17T17:43:24.778245249Z     ...<3 lines>...
2026-09-17T17:43:24.778249197Z     )
2026-09-17T17:43:24.778253245Z     ^
2026-09-17T17:43:24.778257213Z   File "/usr/local/lib/python3.13/site-packages/fastapi/routing.py", line 330, in run_endpoint_function
2026-09-17T17:43:24.778261131Z     return await run_in_threadpool(dependant.call, **values)
2026-09-17T17:43:24.778267253Z            ^^^^^^^^^^^^^^^^^^^^^^^^^^^^^^^^^^^^^^^^^^^^^^^^^
2026-09-17T17:43:24.778327612Z   File "/usr/local/lib/python3.13/site-packages/starlette/concurrency.py", line 32, in run_in_threadpool
2026-09-17T17:43:24.778337261Z     return await anyio.to_thread.run_sync(func)
2026-09-17T17:43:24.778341480Z            ^^^^^^^^^^^^^^^^^^^^^^^^^^^^^^^^^^^^
2026-09-17T17:43:24.778345668Z   File "/usr/local/lib/python3.13/site-packages/anyio/to_thread.py", line 63, in run_sync
2026-09-17T17:43:24.778352501Z     return await get_async_backend().run_sync_in_worker_thread(
2026-09-17T17:43:24.778356730Z            ^^^^^^^^^^^^^^^^^^^^^^^^^^^^^^^^^^^^^^^^^^^^^^^^^^^^
2026-09-17T17:43:24.778360738Z         func, args, abandon_on_cancel=abandon_on_cancel, limiter=limiter
2026-09-17T17:43:24.778364696Z         ^^^^^^^^^^^^^^^^^^^^^^^^^^^^^^^^^^^^^^^^^^^^^^^^^^^^^^^^^^^^^^^^
2026-09-17T17:43:24.778368683Z     )
2026-09-17T17:43:24.778372631Z     ^
2026-09-17T17:43:24.778376619Z   File "/usr/local/lib/python3.13/site-packages/anyio/_backends/_asyncio.py", line 2518, in run_sync_in_worker_thread
2026-09-17T17:43:24.778380717Z     return await future
2026-09-17T17:43:24.778384715Z            ^^^^^^^^^^^^
2026-09-17T17:43:24.778388673Z   File "/usr/local/lib/python3.13/site-packages/anyio/_backends/_asyncio.py", line 1002, in run
2026-09-17T17:43:24.778392601Z     result = context.run(func, *args)
2026-09-17T17:43:24.778396669Z   File "/app/app/routers/orders.py", line 36, in checkout
2026-09-17T17:43:24.778415947Z     return create_order(
2026-09-17T17:43:24.778420075Z         db=db,
2026-09-17T17:43:24.778424073Z     ...<2 lines>...
2026-09-17T17:43:24.778428091Z         correlation_id=correlation_id,
2026-09-17T17:43:24.778432069Z     )
2026-09-17T17:43:24.778436097Z   File "/app/app/services/order_service.py", line 42, in create_order
2026-09-17T17:43:24.778440065Z     result = db.execute(
2026-09-17T17:43:24.778444093Z         select(ProductModel).where(ProductModel.id == product_id)
2026-09-17T17:43:24.778448030Z     )
2026-09-17T17:43:24.778452028Z   File "/usr/local/lib/python3.13/site-packages/sqlalchemy/orm/session.py", line 2372, in execute
2026-09-17T17:43:24.778455966Z     return self._execute_internal(
2026-09-17T17:43:24.778459974Z            ~~~~~~~~~~~~~~~~~~~~~~^
2026-09-17T17:43:24.778463952Z         statement,
2026-09-17T17:43:24.778467890Z         ^^^^^^^^^^
2026-09-17T17:43:24.778471817Z     ...<4 lines>...
2026-09-17T17:43:24.778475785Z         _add_event=_add_event,
2026-09-17T17:43:24.778479703Z         ^^^^^^^^^^^^^^^^^^^^^^
2026-09-17T17:43:24.778483611Z     )
2026-09-17T17:43:24.778487538Z     ^
2026-09-17T17:43:24.778491526Z   File "/usr/local/lib/python3.13/site-packages/sqlalchemy/orm/session.py", line 2260, in _execute_internal
2026-09-17T17:43:24.778495504Z     conn = self._connection_for_bind(bind)
2026-09-17T17:43:24.778499442Z   File "/usr/local/lib/python3.13/site-packages/sqlalchemy/orm/session.py", line 2112, in _connection_for_bind
2026-09-17T17:43:24.778503410Z     return trans._connection_for_bind(engine, execution_options)
2026-09-17T17:43:24.778507388Z            ~~~~~~~~~~~~~~~~~~~~~~~~~~^^^^^^^^^^^^^^^^^^^^^^^^^^^
2026-09-17T17:43:24.778511346Z   File "<string>", line 2, in _connection_for_bind
2026-09-17T17:43:24.778515283Z   File "/usr/local/lib/python3.13/site-packages/sqlalchemy/orm/state_changes.py", line 137, in _go
2026-09-17T17:43:24.778519351Z     ret_value = fn(self, *arg, **kw)
2026-09-17T17:43:24.778523399Z   File "/usr/local/lib/python3.13/site-packages/sqlalchemy/orm/session.py", line 1191, in _connection_for_bind
2026-09-17T17:43:24.778527347Z     conn = bind.connect()
2026-09-17T17:43:24.778532137Z   File "/usr/local/lib/python3.13/site-packages/opentelemetry/instrumentation/sqlalchemy/engine.py", line 200, in _wrap_connect_internal
2026-09-17T17:43:24.778536084Z     return func(*args, **kwargs)
2026-09-17T17:43:24.778540022Z   File "/usr/local/lib/python3.13/site-packages/sqlalchemy/engine/base.py", line 3295, in connect
2026-09-17T17:43:24.778544130Z     return self._connection_cls(self)
2026-09-17T17:43:24.778548078Z            ~~~~~~~~~~~~~~~~~~~~^^^^^^
2026-09-17T17:43:24.778552026Z   File "/usr/local/lib/python3.13/site-packages/sqlalchemy/engine/base.py", line 144, in __init__
2026-09-17T17:43:24.778556004Z     self._dbapi_connection = engine.raw_connection()
2026-09-17T17:43:24.778559922Z                              ~~~~~~~~~~~~~~~~~~~~~^^
2026-09-17T17:43:24.778563809Z   File "/usr/local/lib/python3.13/site-packages/sqlalchemy/engine/base.py", line 3319, in raw_connection
2026-09-17T17:43:24.778567747Z     return self.pool.connect()
2026-09-17T17:43:24.778571675Z            ~~~~~~~~~~~~~~~~~^^
2026-09-17T17:43:24.778575633Z   File "/usr/local/lib/python3.13/site-packages/sqlalchemy/pool/base.py", line 448, in connect
2026-09-17T17:43:24.778579620Z     return _ConnectionFairy._checkout(self)
2026-09-17T17:43:24.778583558Z            ~~~~~~~~~~~~~~~~~~~~~~~~~~^^^^^^
2026-09-17T17:43:24.778587496Z   File "/usr/local/lib/python3.13/site-packages/sqlalchemy/pool/base.py", line 1272, in _checkout
2026-09-17T17:43:24.778600141Z     fairy = _ConnectionRecord.checkout(pool)
2026-09-17T17:43:24.778604169Z   File "/usr/local/lib/python3.13/site-packages/sqlalchemy/pool/base.py", line 712, in checkout
2026-09-17T17:43:24.778608157Z     rec = pool._do_get()
2026-09-17T17:43:24.778612135Z   File "/usr/local/lib/python3.13/site-packages/sqlalchemy/pool/impl.py", line 167, in _do_get
2026-09-17T17:43:24.778616093Z     raise exc.TimeoutError(
2026-09-17T17:43:24.778620060Z     ...<4 lines>...
2026-09-17T17:43:24.778624008Z     )
2026-09-17T17:43:24.778629700Z sqlalchemy.exc.TimeoutError: QueuePool limit of size 5 overflow 10 reached, connection timed out, timeout 30.00 (Background on this error at: https://sqlalche.me/e/20/3o7r)
2026-09-17T17:43:25.008870456Z ERROR:    Exception in ASGI application
2026-09-17T17:43:25.008910324Z Traceback (most recent call last):
2026-09-17T17:43:25.008915915Z   File "/usr/local/lib/python3.13/site-packages/uvicorn/protocols/http/httptools_impl.py", line 421, in run_asgi
2026-09-17T17:43:25.008921156Z     result = await app(  # type: ignore[func-returns-value]
2026-09-17T17:43:25.008925524Z              ^^^^^^^^^^^^^^^^^^^^^^^^^^^^^^^^^^^^^^^^^^^^^^
2026-09-17T17:43:25.008930274Z         self.scope, self.receive, self.send
2026-09-17T17:43:25.008934923Z         ^^^^^^^^^^^^^^^^^^^^^^^^^^^^^^^^^^^
2026-09-17T17:43:25.008939372Z     )
2026-09-17T17:43:25.008944031Z     ^
2026-09-17T17:43:25.008948390Z   File "/usr/local/lib/python3.13/site-packages/uvicorn/middleware/proxy_headers.py", line 63, in __call__
2026-09-17T17:43:25.008952748Z     return await self.app(scope, receive, send)
2026-09-17T17:43:25.008957037Z            ^^^^^^^^^^^^^^^^^^^^^^^^^^^^^^^^^^^^
2026-09-17T17:43:25.008962237Z   File "/usr/local/lib/python3.13/site-packages/fastapi/applications.py", line 1159, in __call__
2026-09-17T17:43:25.008966545Z     await super().__call__(scope, receive, send)
2026-09-17T17:43:25.008970944Z   File "/usr/local/lib/python3.13/site-packages/starlette/applications.py", line 107, in __call__
2026-09-17T17:43:25.008975503Z     await self.middleware_stack(scope, receive, send)
2026-09-17T17:43:25.008979852Z   File "/usr/local/lib/python3.13/site-packages/starlette/middleware/errors.py", line 186, in __call__
2026-09-17T17:43:25.008984250Z     raise exc
2026-09-17T17:43:25.008988609Z   File "/usr/local/lib/python3.13/site-packages/starlette/middleware/errors.py", line 164, in __call__
2026-09-17T17:43:25.008992968Z     await self.app(scope, receive, _send)
2026-09-17T17:43:25.008998298Z   File "/usr/local/lib/python3.13/site-packages/opentelemetry/instrumentation/asgi/__init__.py", line 806, in __call__
2026-09-17T17:43:25.009002637Z     await self.app(scope, otel_receive, otel_send)
2026-09-17T17:43:25.009007026Z   File "/usr/local/lib/python3.13/site-packages/starlette/middleware/errors.py", line 186, in __call__
2026-09-17T17:43:25.009011384Z     raise exc
2026-09-17T17:43:25.009015683Z   File "/usr/local/lib/python3.13/site-packages/starlette/middleware/errors.py", line 164, in __call__
2026-09-17T17:43:25.009020081Z     await self.app(scope, receive, _send)
2026-09-17T17:43:25.009024450Z   File "/usr/local/lib/python3.13/site-packages/opentelemetry/instrumentation/fastapi/__init__.py", line 305, in __call__
2026-09-17T17:43:25.009028809Z     await self.app(scope, receive, send)
2026-09-17T17:43:25.009033167Z   File "/usr/local/lib/python3.13/site-packages/prometheus_fastapi_instrumentator/middleware.py", line 177, in __call__
2026-09-17T17:43:25.009037476Z     raise exc
2026-09-17T17:43:25.009041844Z   File "/usr/local/lib/python3.13/site-packages/prometheus_fastapi_instrumentator/middleware.py", line 175, in __call__
2026-09-17T17:43:25.009072024Z     await self.app(scope, receive, send_wrapper)
2026-09-17T17:43:25.009076743Z   File "/usr/local/lib/python3.13/site-packages/starlette/middleware/exceptions.py", line 63, in __call__
2026-09-17T17:43:25.009081733Z     await wrap_app_handling_exceptions(self.app, conn)(scope, receive, send)
2026-09-17T17:43:25.009086122Z   File "/usr/local/lib/python3.13/site-packages/starlette/_exception_handler.py", line 53, in wrapped_app
2026-09-17T17:43:25.009090440Z     raise exc
2026-09-17T17:43:25.009094759Z   File "/usr/local/lib/python3.13/site-packages/starlette/_exception_handler.py", line 42, in wrapped_app
2026-09-17T17:43:25.009099067Z     await app(scope, receive, sender)
2026-09-17T17:43:25.009103406Z   File "/usr/local/lib/python3.13/site-packages/fastapi/middleware/asyncexitstack.py", line 18, in __call__
2026-09-17T17:43:25.009107715Z     await self.app(scope, receive, send)
2026-09-17T17:43:25.009112033Z   File "/usr/local/lib/python3.13/site-packages/starlette/routing.py", line 716, in __call__
2026-09-17T17:43:25.009116352Z     await self.middleware_stack(scope, receive, send)
2026-09-17T17:43:25.009120650Z   File "/usr/local/lib/python3.13/site-packages/starlette/routing.py", line 736, in app
2026-09-17T17:43:25.009124969Z     await route.handle(scope, receive, send)
2026-09-17T17:43:25.009129297Z   File "/usr/local/lib/python3.13/site-packages/starlette/routing.py", line 290, in handle
2026-09-17T17:43:25.009133616Z     await self.app(scope, receive, send)
2026-09-17T17:43:25.009138004Z   File "/usr/local/lib/python3.13/site-packages/fastapi/routing.py", line 134, in app
2026-09-17T17:43:25.009142353Z     await wrap_app_handling_exceptions(app, request)(scope, receive, send)
2026-09-17T17:43:25.009146682Z   File "/usr/local/lib/python3.13/site-packages/starlette/_exception_handler.py", line 53, in wrapped_app
2026-09-17T17:43:25.009150980Z     raise exc
2026-09-17T17:43:25.009155309Z   File "/usr/local/lib/python3.13/site-packages/starlette/_exception_handler.py", line 42, in wrapped_app
2026-09-17T17:43:25.009159647Z     await app(scope, receive, sender)
2026-09-17T17:43:25.009163936Z   File "/usr/local/lib/python3.13/site-packages/fastapi/routing.py", line 120, in app
2026-09-17T17:43:25.009168725Z     response = await f(request)
2026-09-17T17:43:25.009173084Z                ^^^^^^^^^^^^^^^^
2026-09-17T17:43:25.009177382Z   File "/usr/local/lib/python3.13/site-packages/fastapi/routing.py", line 674, in app
2026-09-17T17:43:25.009181671Z     raw_response = await run_endpoint_function(
2026-09-17T17:43:25.009185979Z                    ^^^^^^^^^^^^^^^^^^^^^^^^^^^^
2026-09-17T17:43:25.009190849Z     ...<3 lines>...
2026-09-17T17:43:25.009195177Z     )
2026-09-17T17:43:25.009199546Z     ^
2026-09-17T17:43:25.009203855Z   File "/usr/local/lib/python3.13/site-packages/fastapi/routing.py", line 330, in run_endpoint_function
2026-09-17T17:43:25.009208203Z     return await run_in_threadpool(dependant.call, **values)
2026-09-17T17:43:25.009212542Z            ^^^^^^^^^^^^^^^^^^^^^^^^^^^^^^^^^^^^^^^^^^^^^^^^^
2026-09-17T17:43:25.009253282Z   File "/usr/local/lib/python3.13/site-packages/starlette/concurrency.py", line 32, in run_in_threadpool
2026-09-17T17:43:25.009258934Z     return await anyio.to_thread.run_sync(func)
2026-09-17T17:43:25.009261178Z            ^^^^^^^^^^^^^^^^^^^^^^^^^^^^^^^^^^^^
2026-09-17T17:43:25.009263082Z   File "/usr/local/lib/python3.13/site-packages/anyio/to_thread.py", line 63, in run_sync
2026-09-17T17:43:25.009265066Z     return await get_async_backend().run_sync_in_worker_thread(
2026-09-17T17:43:25.009267070Z            ^^^^^^^^^^^^^^^^^^^^^^^^^^^^^^^^^^^^^^^^^^^^^^^^^^^^
2026-09-17T17:43:25.009269023Z         func, args, abandon_on_cancel=abandon_on_cancel, limiter=limiter
2026-09-17T17:43:25.009278953Z         ^^^^^^^^^^^^^^^^^^^^^^^^^^^^^^^^^^^^^^^^^^^^^^^^^^^^^^^^^^^^^^^^
2026-09-17T17:43:25.009280937Z     )
2026-09-17T17:43:25.009282901Z     ^
2026-09-17T17:43:25.009284855Z   File "/usr/local/lib/python3.13/site-packages/anyio/_backends/_asyncio.py", line 2518, in run_sync_in_worker_thread
2026-09-17T17:43:25.009286769Z     return await future
2026-09-17T17:43:25.009288652Z            ^^^^^^^^^^^^
2026-09-17T17:43:25.009290566Z   File "/usr/local/lib/python3.13/site-packages/anyio/_backends/_asyncio.py", line 1002, in run
2026-09-17T17:43:25.009292510Z     result = context.run(func, *args)
2026-09-17T17:43:25.009297540Z   File "/app/app/routers/orders.py", line 36, in checkout
2026-09-17T17:43:25.009299534Z     return create_order(
2026-09-17T17:43:25.009301528Z         db=db,
2026-09-17T17:43:25.009303502Z     ...<2 lines>...
2026-09-17T17:43:25.009305435Z         correlation_id=correlation_id,
2026-09-17T17:43:25.009307339Z     )
2026-09-17T17:43:25.009309333Z   File "/app/app/services/order_service.py", line 42, in create_order
2026-09-17T17:43:25.009311247Z     result = db.execute(
2026-09-17T17:43:25.009313151Z         select(ProductModel).where(ProductModel.id == product_id)
2026-09-17T17:43:25.009315044Z     )
2026-09-17T17:43:25.009316968Z   File "/usr/local/lib/python3.13/site-packages/sqlalchemy/orm/session.py", line 2372, in execute
2026-09-17T17:43:25.009318892Z     return self._execute_internal(
2026-09-17T17:43:25.009320786Z            ~~~~~~~~~~~~~~~~~~~~~~^
2026-09-17T17:43:25.009322690Z         statement,
2026-09-17T17:43:25.009324623Z         ^^^^^^^^^^
2026-09-17T17:43:25.009326537Z     ...<4 lines>...
2026-09-17T17:43:25.009328431Z         _add_event=_add_event,
2026-09-17T17:43:25.009330335Z         ^^^^^^^^^^^^^^^^^^^^^^
2026-09-17T17:43:25.009332218Z     )
2026-09-17T17:43:25.009334112Z     ^
2026-09-17T17:43:25.009336026Z   File "/usr/local/lib/python3.13/site-packages/sqlalchemy/orm/session.py", line 2260, in _execute_internal
2026-09-17T17:43:25.009337930Z     conn = self._connection_for_bind(bind)
2026-09-17T17:43:25.009339874Z   File "/usr/local/lib/python3.13/site-packages/sqlalchemy/orm/session.py", line 2112, in _connection_for_bind
2026-09-17T17:43:25.009341807Z     return trans._connection_for_bind(engine, execution_options)
2026-09-17T17:43:25.009343761Z            ~~~~~~~~~~~~~~~~~~~~~~~~~~^^^^^^^^^^^^^^^^^^^^^^^^^^^
2026-09-17T17:43:25.009345665Z   File "<string>", line 2, in _connection_for_bind
2026-09-17T17:43:25.009347629Z   File "/usr/local/lib/python3.13/site-packages/sqlalchemy/orm/state_changes.py", line 137, in _go
2026-09-17T17:43:25.009349533Z     ret_value = fn(self, *arg, **kw)
2026-09-17T17:43:25.009351436Z   File "/usr/local/lib/python3.13/site-packages/sqlalchemy/orm/session.py", line 1191, in _connection_for_bind
2026-09-17T17:43:25.009353340Z     conn = bind.connect()
2026-09-17T17:43:25.009355805Z   File "/usr/local/lib/python3.13/site-packages/opentelemetry/instrumentation/sqlalchemy/engine.py", line 200, in _wrap_connect_internal
2026-09-17T17:43:25.009357769Z     return func(*args, **kwargs)
2026-09-17T17:43:25.009359683Z   File "/usr/local/lib/python3.13/site-packages/sqlalchemy/engine/base.py", line 3295, in connect
2026-09-17T17:43:25.009361596Z     return self._connection_cls(self)
2026-09-17T17:43:25.009363500Z            ~~~~~~~~~~~~~~~~~~~~^^^^^^
2026-09-17T17:43:25.009365424Z   File "/usr/local/lib/python3.13/site-packages/sqlalchemy/engine/base.py", line 144, in __init__
2026-09-17T17:43:25.009367408Z     self._dbapi_connection = engine.raw_connection()
2026-09-17T17:43:25.009369302Z                              ~~~~~~~~~~~~~~~~~~~~~^^
2026-09-17T17:43:25.009376125Z   File "/usr/local/lib/python3.13/site-packages/sqlalchemy/engine/base.py", line 3319, in raw_connection
2026-09-17T17:43:25.009378069Z     return self.pool.connect()
2026-09-17T17:43:25.009379983Z            ~~~~~~~~~~~~~~~~~^^
2026-09-17T17:43:25.009381907Z   File "/usr/local/lib/python3.13/site-packages/sqlalchemy/pool/base.py", line 448, in connect
2026-09-17T17:43:25.009383800Z     return _ConnectionFairy._checkout(self)
2026-09-17T17:43:25.009385724Z            ~~~~~~~~~~~~~~~~~~~~~~~~~~^^^^^^
2026-09-17T17:43:25.009387688Z   File "/usr/local/lib/python3.13/site-packages/sqlalchemy/pool/base.py", line 1272, in _checkout
2026-09-17T17:43:25.009389592Z     fairy = _ConnectionRecord.checkout(pool)
2026-09-17T17:43:25.009391506Z   File "/usr/local/lib/python3.13/site-packages/sqlalchemy/pool/base.py", line 712, in checkout
2026-09-17T17:43:25.009393459Z     rec = pool._do_get()
2026-09-17T17:43:25.009395373Z   File "/usr/local/lib/python3.13/site-packages/sqlalchemy/pool/impl.py", line 167, in _do_get
2026-09-17T17:43:25.009397287Z     raise exc.TimeoutError(
2026-09-17T17:43:25.009399191Z     ...<4 lines>...
2026-09-17T17:43:25.009401095Z     )
2026-09-17T17:43:25.009403940Z sqlalchemy.exc.TimeoutError: QueuePool limit of size 5 overflow 10 reached, connection timed out, timeout 30.00 (Background on this error at: https://sqlalche.me/e/20/3o7r)
2026-09-17T17:43:25.111861752Z ERROR:    Exception in ASGI application
2026-09-17T17:43:25.111913885Z Traceback (most recent call last):
2026-09-17T17:43:25.111919697Z   File "/usr/local/lib/python3.13/site-packages/uvicorn/protocols/http/httptools_impl.py", line 421, in run_asgi
2026-09-17T17:43:25.111924777Z     result = await app(  # type: ignore[func-returns-value]
2026-09-17T17:43:25.111929176Z              ^^^^^^^^^^^^^^^^^^^^^^^^^^^^^^^^^^^^^^^^^^^^^^
2026-09-17T17:43:25.111933544Z         self.scope, self.receive, self.send
2026-09-17T17:43:25.111937903Z         ^^^^^^^^^^^^^^^^^^^^^^^^^^^^^^^^^^^
2026-09-17T17:43:25.111942322Z     )
2026-09-17T17:43:25.111946971Z     ^
2026-09-17T17:43:25.111956189Z   File "/usr/local/lib/python3.13/site-packages/uvicorn/middleware/proxy_headers.py", line 63, in __call__
2026-09-17T17:43:25.111960738Z     return await self.app(scope, receive, send)
2026-09-17T17:43:25.111965137Z            ^^^^^^^^^^^^^^^^^^^^^^^^^^^^^^^^^^^^
2026-09-17T17:43:25.111970116Z   File "/usr/local/lib/python3.13/site-packages/fastapi/applications.py", line 1159, in __call__
2026-09-17T17:43:25.111974465Z     await super().__call__(scope, receive, send)
2026-09-17T17:43:25.111978804Z   File "/usr/local/lib/python3.13/site-packages/starlette/applications.py", line 107, in __call__
2026-09-17T17:43:25.111983152Z     await self.middleware_stack(scope, receive, send)
2026-09-17T17:43:25.111987621Z   File "/usr/local/lib/python3.13/site-packages/starlette/middleware/errors.py", line 186, in __call__
2026-09-17T17:43:25.111992080Z     raise exc
2026-09-17T17:43:25.111996589Z   File "/usr/local/lib/python3.13/site-packages/starlette/middleware/errors.py", line 164, in __call__
2026-09-17T17:43:25.112001048Z     await self.app(scope, receive, _send)
2026-09-17T17:43:25.112005997Z   File "/usr/local/lib/python3.13/site-packages/opentelemetry/instrumentation/asgi/__init__.py", line 806, in __call__
2026-09-17T17:43:25.112010386Z     await self.app(scope, otel_receive, otel_send)
2026-09-17T17:43:25.112014795Z   File "/usr/local/lib/python3.13/site-packages/starlette/middleware/errors.py", line 186, in __call__
2026-09-17T17:43:25.112019404Z     raise exc
2026-09-17T17:43:25.112024043Z   File "/usr/local/lib/python3.13/site-packages/starlette/middleware/errors.py", line 164, in __call__
2026-09-17T17:43:25.112097909Z     await self.app(scope, receive, _send)
2026-09-17T17:43:25.112107859Z   File "/usr/local/lib/python3.13/site-packages/opentelemetry/instrumentation/fastapi/__init__.py", line 305, in __call__
2026-09-17T17:43:25.112112257Z     await self.app(scope, receive, send)
2026-09-17T17:43:25.112116556Z   File "/usr/local/lib/python3.13/site-packages/prometheus_fastapi_instrumentator/middleware.py", line 177, in __call__
2026-09-17T17:43:25.112120925Z     raise exc
2026-09-17T17:43:25.112125383Z   File "/usr/local/lib/python3.13/site-packages/prometheus_fastapi_instrumentator/middleware.py", line 175, in __call__
2026-09-17T17:43:25.112129772Z     await self.app(scope, receive, send_wrapper)
2026-09-17T17:43:25.112134221Z   File "/usr/local/lib/python3.13/site-packages/starlette/middleware/exceptions.py", line 63, in __call__
2026-09-17T17:43:25.112139822Z     await wrap_app_handling_exceptions(self.app, conn)(scope, receive, send)
2026-09-17T17:43:25.112144151Z   File "/usr/local/lib/python3.13/site-packages/starlette/_exception_handler.py", line 53, in wrapped_app
2026-09-17T17:43:25.112148439Z     raise exc
2026-09-17T17:43:25.112152727Z   File "/usr/local/lib/python3.13/site-packages/starlette/_exception_handler.py", line 42, in wrapped_app
2026-09-17T17:43:25.112157036Z     await app(scope, receive, sender)
2026-09-17T17:43:25.112161304Z   File "/usr/local/lib/python3.13/site-packages/fastapi/middleware/asyncexitstack.py", line 18, in __call__
2026-09-17T17:43:25.112165613Z     await self.app(scope, receive, send)
2026-09-17T17:43:25.112170342Z   File "/usr/local/lib/python3.13/site-packages/starlette/routing.py", line 716, in __call__
2026-09-17T17:43:25.112174711Z     await self.middleware_stack(scope, receive, send)
2026-09-17T17:43:25.112179040Z   File "/usr/local/lib/python3.13/site-packages/starlette/routing.py", line 736, in app
2026-09-17T17:43:25.112183398Z     await route.handle(scope, receive, send)
2026-09-17T17:43:25.112244078Z   File "/usr/local/lib/python3.13/site-packages/starlette/routing.py", line 290, in handle
2026-09-17T17:43:25.112255992Z     await self.app(scope, receive, send)
2026-09-17T17:43:25.112260470Z   File "/usr/local/lib/python3.13/site-packages/fastapi/routing.py", line 134, in app
2026-09-17T17:43:25.112264829Z     await wrap_app_handling_exceptions(app, request)(scope, receive, send)
2026-09-17T17:43:25.112269328Z   File "/usr/local/lib/python3.13/site-packages/starlette/_exception_handler.py", line 53, in wrapped_app
2026-09-17T17:43:25.112273767Z     raise exc
2026-09-17T17:43:25.112278226Z   File "/usr/local/lib/python3.13/site-packages/starlette/_exception_handler.py", line 42, in wrapped_app
2026-09-17T17:43:25.112282584Z     await app(scope, receive, sender)
2026-09-17T17:43:25.112286903Z   File "/usr/local/lib/python3.13/site-packages/fastapi/routing.py", line 120, in app
2026-09-17T17:43:25.112291993Z     response = await f(request)
2026-09-17T17:43:25.112296321Z                ^^^^^^^^^^^^^^^^
2026-09-17T17:43:25.112300620Z   File "/usr/local/lib/python3.13/site-packages/fastapi/routing.py", line 674, in app
2026-09-17T17:43:25.112305129Z     raw_response = await run_endpoint_function(
2026-09-17T17:43:25.112309507Z                    ^^^^^^^^^^^^^^^^^^^^^^^^^^^^
2026-09-17T17:43:25.112314858Z     ...<3 lines>...
2026-09-17T17:43:25.112319187Z     )
2026-09-17T17:43:25.112323555Z     ^
2026-09-17T17:43:25.112327874Z   File "/usr/local/lib/python3.13/site-packages/fastapi/routing.py", line 330, in run_endpoint_function
2026-09-17T17:43:25.112332232Z     return await run_in_threadpool(dependant.call, **values)
2026-09-17T17:43:25.112336531Z            ^^^^^^^^^^^^^^^^^^^^^^^^^^^^^^^^^^^^^^^^^^^^^^^^^
2026-09-17T17:43:25.112434495Z   File "/usr/local/lib/python3.13/site-packages/starlette/concurrency.py", line 32, in run_in_threadpool
2026-09-17T17:43:25.112444554Z     return await anyio.to_thread.run_sync(func)
2026-09-17T17:43:25.112449153Z            ^^^^^^^^^^^^^^^^^^^^^^^^^^^^^^^^^^^^
2026-09-17T17:43:25.112453502Z   File "/usr/local/lib/python3.13/site-packages/anyio/to_thread.py", line 63, in run_sync
2026-09-17T17:43:25.112457861Z     return await get_async_backend().run_sync_in_worker_thread(
2026-09-17T17:43:25.112462450Z            ^^^^^^^^^^^^^^^^^^^^^^^^^^^^^^^^^^^^^^^^^^^^^^^^^^^^
2026-09-17T17:43:25.112467049Z         func, args, abandon_on_cancel=abandon_on_cancel, limiter=limiter
2026-09-17T17:43:25.112471518Z         ^^^^^^^^^^^^^^^^^^^^^^^^^^^^^^^^^^^^^^^^^^^^^^^^^^^^^^^^^^^^^^^^
2026-09-17T17:43:25.112476267Z     )
2026-09-17T17:43:25.112480656Z     ^
2026-09-17T17:43:25.112485255Z   File "/usr/local/lib/python3.13/site-packages/anyio/_backends/_asyncio.py", line 2518, in run_sync_in_worker_thread
2026-09-17T17:43:25.112489573Z     return await future
2026-09-17T17:43:25.112493872Z            ^^^^^^^^^^^^
2026-09-17T17:43:25.112498180Z   File "/usr/local/lib/python3.13/site-packages/anyio/_backends/_asyncio.py", line 1002, in run
2026-09-17T17:43:25.112502559Z     result = context.run(func, *args)
2026-09-17T17:43:25.112506938Z   File "/app/app/routers/orders.py", line 36, in checkout
2026-09-17T17:43:25.112511397Z     return create_order(
2026-09-17T17:43:25.112515755Z         db=db,
2026-09-17T17:43:25.112520104Z     ...<2 lines>...
2026-09-17T17:43:25.112524442Z         correlation_id=correlation_id,
2026-09-17T17:43:25.112528781Z     )
2026-09-17T17:43:25.112533170Z   File "/app/app/services/order_service.py", line 42, in create_order
2026-09-17T17:43:25.112537538Z     result = db.execute(
2026-09-17T17:43:25.112541907Z         select(ProductModel).where(ProductModel.id == product_id)
2026-09-17T17:43:25.112546205Z     )
2026-09-17T17:43:25.112550544Z   File "/usr/local/lib/python3.13/site-packages/sqlalchemy/orm/session.py", line 2372, in execute
2026-09-17T17:43:25.112554983Z     return self._execute_internal(
2026-09-17T17:43:25.112559351Z            ~~~~~~~~~~~~~~~~~~~~~~^
2026-09-17T17:43:25.112563670Z         statement,
2026-09-17T17:43:25.112568049Z         ^^^^^^^^^^
2026-09-17T17:43:25.112572377Z     ...<4 lines>...
2026-09-17T17:43:25.112576776Z         _add_event=_add_event,
2026-09-17T17:43:25.112581124Z         ^^^^^^^^^^^^^^^^^^^^^^
2026-09-17T17:43:25.112585373Z     )
2026-09-17T17:43:25.112589701Z     ^
2026-09-17T17:43:25.112594020Z   File "/usr/local/lib/python3.13/site-packages/sqlalchemy/orm/session.py", line 2260, in _execute_internal
2026-09-17T17:43:25.112598378Z     conn = self._connection_for_bind(bind)
2026-09-17T17:43:25.112602657Z   File "/usr/local/lib/python3.13/site-packages/sqlalchemy/orm/session.py", line 2112, in _connection_for_bind
2026-09-17T17:43:25.112607016Z     return trans._connection_for_bind(engine, execution_options)
2026-09-17T17:43:25.112611364Z            ~~~~~~~~~~~~~~~~~~~~~~~~~~^^^^^^^^^^^^^^^^^^^^^^^^^^^
2026-09-17T17:43:25.112615673Z   File "<string>", line 2, in _connection_for_bind
2026-09-17T17:43:25.112619951Z   File "/usr/local/lib/python3.13/site-packages/sqlalchemy/orm/state_changes.py", line 137, in _go
2026-09-17T17:43:25.112624270Z     ret_value = fn(self, *arg, **kw)
2026-09-17T17:43:25.112628568Z   File "/usr/local/lib/python3.13/site-packages/sqlalchemy/orm/session.py", line 1191, in _connection_for_bind
2026-09-17T17:43:25.112632877Z     conn = bind.connect()
2026-09-17T17:43:25.112638097Z   File "/usr/local/lib/python3.13/site-packages/opentelemetry/instrumentation/sqlalchemy/engine.py", line 200, in _wrap_connect_internal
2026-09-17T17:43:25.112665010Z     return func(*args, **kwargs)
2026-09-17T17:43:25.112669659Z   File "/usr/local/lib/python3.13/site-packages/sqlalchemy/engine/base.py", line 3295, in connect
2026-09-17T17:43:25.112674018Z     return self._connection_cls(self)
2026-09-17T17:43:25.112678337Z            ~~~~~~~~~~~~~~~~~~~~^^^^^^
2026-09-17T17:43:25.112682625Z   File "/usr/local/lib/python3.13/site-packages/sqlalchemy/engine/base.py", line 144, in __init__
2026-09-17T17:43:25.112686944Z     self._dbapi_connection = engine.raw_connection()
2026-09-17T17:43:25.112691242Z                              ~~~~~~~~~~~~~~~~~~~~~^^
2026-09-17T17:43:25.112695541Z   File "/usr/local/lib/python3.13/site-packages/sqlalchemy/engine/base.py", line 3319, in raw_connection
2026-09-17T17:43:25.112699839Z     return self.pool.connect()
2026-09-17T17:43:25.112704198Z            ~~~~~~~~~~~~~~~~~^^
2026-09-17T17:43:25.112708526Z   File "/usr/local/lib/python3.13/site-packages/sqlalchemy/pool/base.py", line 448, in connect
2026-09-17T17:43:25.112712855Z     return _ConnectionFairy._checkout(self)
2026-09-17T17:43:25.112717143Z            ~~~~~~~~~~~~~~~~~~~~~~~~~~^^^^^^
2026-09-17T17:43:25.112721442Z   File "/usr/local/lib/python3.13/site-packages/sqlalchemy/pool/base.py", line 1272, in _checkout
2026-09-17T17:43:25.112725740Z     fairy = _ConnectionRecord.checkout(pool)
2026-09-17T17:43:25.112730059Z   File "/usr/local/lib/python3.13/site-packages/sqlalchemy/pool/base.py", line 712, in checkout
2026-09-17T17:43:25.112734357Z     rec = pool._do_get()
2026-09-17T17:43:25.112738686Z   File "/usr/local/lib/python3.13/site-packages/sqlalchemy/pool/impl.py", line 167, in _do_get
2026-09-17T17:43:25.112742994Z     raise exc.TimeoutError(
2026-09-17T17:43:25.112747293Z     ...<4 lines>...
2026-09-17T17:43:25.112751571Z     )
2026-09-17T17:43:25.112756641Z sqlalchemy.exc.TimeoutError: QueuePool limit of size 5 overflow 10 reached, connection timed out, timeout 30.00 (Background on this error at: https://sqlalche.me/e/20/3o7r)
2026-09-17T17:43:25.119246559Z ERROR:    Exception in ASGI application
2026-09-17T17:43:25.119278092Z Traceback (most recent call last):
2026-09-17T17:43:25.119281458Z   File "/usr/local/lib/python3.13/site-packages/uvicorn/protocols/http/httptools_impl.py", line 421, in run_asgi
2026-09-17T17:43:25.119284184Z     result = await app(  # type: ignore[func-returns-value]
2026-09-17T17:43:25.119286569Z              ^^^^^^^^^^^^^^^^^^^^^^^^^^^^^^^^^^^^^^^^^^^^^^
2026-09-17T17:43:25.119288542Z         self.scope, self.receive, self.send
2026-09-17T17:43:25.119290466Z         ^^^^^^^^^^^^^^^^^^^^^^^^^^^^^^^^^^^
2026-09-17T17:43:25.119292430Z     )
2026-09-17T17:43:25.119294414Z     ^
2026-09-17T17:43:25.119296408Z   File "/usr/local/lib/python3.13/site-packages/uvicorn/middleware/proxy_headers.py", line 63, in __call__
2026-09-17T17:43:25.119298402Z     return await self.app(scope, receive, send)
2026-09-17T17:43:25.119300336Z            ^^^^^^^^^^^^^^^^^^^^^^^^^^^^^^^^^^^^
2026-09-17T17:43:25.119302781Z   File "/usr/local/lib/python3.13/site-packages/fastapi/applications.py", line 1159, in __call__
2026-09-17T17:43:25.119304734Z     await super().__call__(scope, receive, send)
2026-09-17T17:43:25.119306668Z   File "/usr/local/lib/python3.13/site-packages/starlette/applications.py", line 107, in __call__
2026-09-17T17:43:25.119308612Z     await self.middleware_stack(scope, receive, send)
2026-09-17T17:43:25.119310676Z   File "/usr/local/lib/python3.13/site-packages/starlette/middleware/errors.py", line 186, in __call__
2026-09-17T17:43:25.119312640Z     raise exc
2026-09-17T17:43:25.119331958Z   File "/usr/local/lib/python3.13/site-packages/starlette/middleware/errors.py", line 164, in __call__
2026-09-17T17:43:25.119334052Z     await self.app(scope, receive, _send)
2026-09-17T17:43:25.119336427Z   File "/usr/local/lib/python3.13/site-packages/opentelemetry/instrumentation/asgi/__init__.py", line 806, in __call__
2026-09-17T17:43:25.119338611Z     await self.app(scope, otel_receive, otel_send)
2026-09-17T17:43:25.119340555Z   File "/usr/local/lib/python3.13/site-packages/starlette/middleware/errors.py", line 186, in __call__
2026-09-17T17:43:25.119342489Z     raise exc
2026-09-17T17:43:25.119344433Z   File "/usr/local/lib/python3.13/site-packages/starlette/middleware/errors.py", line 164, in __call__
2026-09-17T17:43:25.119346367Z     await self.app(scope, receive, _send)
2026-09-17T17:43:25.119348311Z   File "/usr/local/lib/python3.13/site-packages/opentelemetry/instrumentation/fastapi/__init__.py", line 305, in __call__
2026-09-17T17:43:25.119350545Z     await self.app(scope, receive, send)
2026-09-17T17:43:25.119352509Z   File "/usr/local/lib/python3.13/site-packages/prometheus_fastapi_instrumentator/middleware.py", line 177, in __call__
2026-09-17T17:43:25.119354483Z     raise exc
2026-09-17T17:43:25.119356387Z   File "/usr/local/lib/python3.13/site-packages/prometheus_fastapi_instrumentator/middleware.py", line 175, in __call__
2026-09-17T17:43:25.119358310Z     await self.app(scope, receive, send_wrapper)
2026-09-17T17:43:25.119360374Z   File "/usr/local/lib/python3.13/site-packages/starlette/middleware/exceptions.py", line 63, in __call__
2026-09-17T17:43:25.119363100Z     await wrap_app_handling_exceptions(self.app, conn)(scope, receive, send)
2026-09-17T17:43:25.119365074Z   File "/usr/local/lib/python3.13/site-packages/starlette/_exception_handler.py", line 53, in wrapped_app
2026-09-17T17:43:25.119366998Z     raise exc
2026-09-17T17:43:25.119368901Z   File "/usr/local/lib/python3.13/site-packages/starlette/_exception_handler.py", line 42, in wrapped_app
2026-09-17T17:43:25.119370835Z     await app(scope, receive, sender)
2026-09-17T17:43:25.119373120Z   File "/usr/local/lib/python3.13/site-packages/fastapi/middleware/asyncexitstack.py", line 18, in __call__
2026-09-17T17:43:25.119375053Z     await self.app(scope, receive, send)
2026-09-17T17:43:25.119376997Z   File "/usr/local/lib/python3.13/site-packages/starlette/routing.py", line 716, in __call__
2026-09-17T17:43:25.119378911Z     await self.middleware_stack(scope, receive, send)
2026-09-17T17:43:25.119380855Z   File "/usr/local/lib/python3.13/site-packages/starlette/routing.py", line 736, in app
2026-09-17T17:43:25.119382769Z     await route.handle(scope, receive, send)
2026-09-17T17:43:25.119384692Z   File "/usr/local/lib/python3.13/site-packages/starlette/routing.py", line 290, in handle
2026-09-17T17:43:25.119386606Z     await self.app(scope, receive, send)
2026-09-17T17:43:25.119388580Z   File "/usr/local/lib/python3.13/site-packages/fastapi/routing.py", line 134, in app
2026-09-17T17:43:25.119390494Z     await wrap_app_handling_exceptions(app, request)(scope, receive, send)
2026-09-17T17:43:25.119392498Z   File "/usr/local/lib/python3.13/site-packages/starlette/_exception_handler.py", line 53, in wrapped_app
2026-09-17T17:43:25.119394422Z     raise exc
2026-09-17T17:43:25.119396356Z   File "/usr/local/lib/python3.13/site-packages/starlette/_exception_handler.py", line 42, in wrapped_app
2026-09-17T17:43:25.119398329Z     await app(scope, receive, sender)
2026-09-17T17:43:25.119400243Z   File "/usr/local/lib/python3.13/site-packages/fastapi/routing.py", line 120, in app
2026-09-17T17:43:25.119402808Z     response = await f(request)
2026-09-17T17:43:25.119404732Z                ^^^^^^^^^^^^^^^^
2026-09-17T17:43:25.119411215Z   File "/usr/local/lib/python3.13/site-packages/fastapi/routing.py", line 674, in app
2026-09-17T17:43:25.119413199Z     raw_response = await run_endpoint_function(
2026-09-17T17:43:25.119415133Z                    ^^^^^^^^^^^^^^^^^^^^^^^^^^^^
2026-09-17T17:43:25.119417708Z     ...<3 lines>...
2026-09-17T17:43:25.119419692Z     )
2026-09-17T17:43:25.119421666Z     ^
2026-09-17T17:43:25.119423650Z   File "/usr/local/lib/python3.13/site-packages/fastapi/routing.py", line 330, in run_endpoint_function
2026-09-17T17:43:25.119425593Z     return await run_in_threadpool(dependant.call, **values)
2026-09-17T17:43:25.119427527Z            ^^^^^^^^^^^^^^^^^^^^^^^^^^^^^^^^^^^^^^^^^^^^^^^^^
2026-09-17T17:43:25.119462196Z   File "/usr/local/lib/python3.13/site-packages/starlette/concurrency.py", line 32, in run_in_threadpool
2026-09-17T17:43:25.119467025Z     return await anyio.to_thread.run_sync(func)
2026-09-17T17:43:25.119469039Z            ^^^^^^^^^^^^^^^^^^^^^^^^^^^^^^^^^^^^
2026-09-17T17:43:25.119470953Z   File "/usr/local/lib/python3.13/site-packages/anyio/to_thread.py", line 63, in run_sync
2026-09-17T17:43:25.119472897Z     return await get_async_backend().run_sync_in_worker_thread(
2026-09-17T17:43:25.119474821Z            ^^^^^^^^^^^^^^^^^^^^^^^^^^^^^^^^^^^^^^^^^^^^^^^^^^^^
2026-09-17T17:43:25.119476815Z         func, args, abandon_on_cancel=abandon_on_cancel, limiter=limiter
2026-09-17T17:43:25.119478758Z         ^^^^^^^^^^^^^^^^^^^^^^^^^^^^^^^^^^^^^^^^^^^^^^^^^^^^^^^^^^^^^^^^
2026-09-17T17:43:25.119480672Z     )
2026-09-17T17:43:25.119482616Z     ^
2026-09-17T17:43:25.119484610Z   File "/usr/local/lib/python3.13/site-packages/anyio/_backends/_asyncio.py", line 2518, in run_sync_in_worker_thread
2026-09-17T17:43:25.119486754Z     return await future
2026-09-17T17:43:25.119489009Z            ^^^^^^^^^^^^
2026-09-17T17:43:25.119490922Z   File "/usr/local/lib/python3.13/site-packages/anyio/_backends/_asyncio.py", line 1002, in run
2026-09-17T17:43:25.119492816Z     result = context.run(func, *args)
2026-09-17T17:43:25.119494720Z   File "/app/app/routers/orders.py", line 36, in checkout
2026-09-17T17:43:25.119496644Z     return create_order(
2026-09-17T17:43:25.119498598Z         db=db,
2026-09-17T17:43:25.119500542Z     ...<2 lines>...
2026-09-17T17:43:25.119502475Z         correlation_id=correlation_id,
2026-09-17T17:43:25.119504399Z     )
2026-09-17T17:43:25.119506333Z   File "/app/app/services/order_service.py", line 42, in create_order
2026-09-17T17:43:25.119508267Z     result = db.execute(
2026-09-17T17:43:25.119510191Z         select(ProductModel).where(ProductModel.id == product_id)
2026-09-17T17:43:25.119512084Z     )
2026-09-17T17:43:25.119514018Z   File "/usr/local/lib/python3.13/site-packages/sqlalchemy/orm/session.py", line 2372, in execute
2026-09-17T17:43:25.119515922Z     return self._execute_internal(
2026-09-17T17:43:25.119517816Z            ~~~~~~~~~~~~~~~~~~~~~~^
2026-09-17T17:43:25.119519729Z         statement,
2026-09-17T17:43:25.119521653Z         ^^^^^^^^^^
2026-09-17T17:43:25.119523858Z     ...<4 lines>...
2026-09-17T17:43:25.119525811Z         _add_event=_add_event,
2026-09-17T17:43:25.119527695Z         ^^^^^^^^^^^^^^^^^^^^^^
2026-09-17T17:43:25.119529619Z     )
2026-09-17T17:43:25.119531523Z     ^
2026-09-17T17:43:25.119536312Z   File "/usr/local/lib/python3.13/site-packages/sqlalchemy/orm/session.py", line 2260, in _execute_internal
2026-09-17T17:43:25.119538296Z     conn = self._connection_for_bind(bind)
2026-09-17T17:43:25.119540300Z   File "/usr/local/lib/python3.13/site-packages/sqlalchemy/orm/session.py", line 2112, in _connection_for_bind
2026-09-17T17:43:25.119549869Z     return trans._connection_for_bind(engine, execution_options)
2026-09-17T17:43:25.119551863Z            ~~~~~~~~~~~~~~~~~~~~~~~~~~^^^^^^^^^^^^^^^^^^^^^^^^^^^
2026-09-17T17:43:25.119553827Z   File "<string>", line 2, in _connection_for_bind
2026-09-17T17:43:25.119555801Z   File "/usr/local/lib/python3.13/site-packages/sqlalchemy/orm/state_changes.py", line 137, in _go
2026-09-17T17:43:25.119557715Z     ret_value = fn(self, *arg, **kw)
2026-09-17T17:43:25.119559648Z   File "/usr/local/lib/python3.13/site-packages/sqlalchemy/orm/session.py", line 1191, in _connection_for_bind
2026-09-17T17:43:25.119561572Z     conn = bind.connect()
2026-09-17T17:43:25.119563917Z   File "/usr/local/lib/python3.13/site-packages/opentelemetry/instrumentation/sqlalchemy/engine.py", line 200, in _wrap_connect_internal
2026-09-17T17:43:25.119565861Z     return func(*args, **kwargs)
2026-09-17T17:43:25.119567815Z   File "/usr/local/lib/python3.13/site-packages/sqlalchemy/engine/base.py", line 3295, in connect
2026-09-17T17:43:25.119569738Z     return self._connection_cls(self)
2026-09-17T17:43:25.119571672Z            ~~~~~~~~~~~~~~~~~~~~^^^^^^
2026-09-17T17:43:25.119573626Z   File "/usr/local/lib/python3.13/site-packages/sqlalchemy/engine/base.py", line 144, in __init__
2026-09-17T17:43:25.119575580Z     self._dbapi_connection = engine.raw_connection()
2026-09-17T17:43:25.119577484Z                              ~~~~~~~~~~~~~~~~~~~~~^^
2026-09-17T17:43:25.119579387Z   File "/usr/local/lib/python3.13/site-packages/sqlalchemy/engine/base.py", line 3319, in raw_connection
2026-09-17T17:43:25.119581311Z     return self.pool.connect()
2026-09-17T17:43:25.119583215Z            ~~~~~~~~~~~~~~~~~^^
2026-09-17T17:43:25.119585199Z   File "/usr/local/lib/python3.13/site-packages/sqlalchemy/pool/base.py", line 448, in connect
2026-09-17T17:43:25.119587143Z     return _ConnectionFairy._checkout(self)
2026-09-17T17:43:25.119589077Z            ~~~~~~~~~~~~~~~~~~~~~~~~~~^^^^^^
2026-09-17T17:43:25.119590960Z   File "/usr/local/lib/python3.13/site-packages/sqlalchemy/pool/base.py", line 1272, in _checkout
2026-09-17T17:43:25.119592874Z     fairy = _ConnectionRecord.checkout(pool)
2026-09-17T17:43:25.119594818Z   File "/usr/local/lib/python3.13/site-packages/sqlalchemy/pool/base.py", line 712, in checkout
2026-09-17T17:43:25.119596752Z     rec = pool._do_get()
2026-09-17T17:43:25.119598726Z   File "/usr/local/lib/python3.13/site-packages/sqlalchemy/pool/impl.py", line 167, in _do_get
2026-09-17T17:43:25.119600639Z     raise exc.TimeoutError(
2026-09-17T17:43:25.119602703Z     ...<4 lines>...
2026-09-17T17:43:25.119604627Z     )
2026-09-17T17:43:25.119607022Z sqlalchemy.exc.TimeoutError: QueuePool limit of size 5 overflow 10 reached, connection timed out, timeout 30.00 (Background on this error at: https://sqlalche.me/e/20/3o7r)
2026-09-17T17:43:25.218796932Z ERROR:    Exception in ASGI application
2026-09-17T17:43:25.218833464Z Traceback (most recent call last):
2026-09-17T17:43:25.218839135Z   File "/usr/local/lib/python3.13/site-packages/uvicorn/protocols/http/httptools_impl.py", line 421, in run_asgi
2026-09-17T17:43:25.218843794Z     result = await app(  # type: ignore[func-returns-value]
2026-09-17T17:43:25.218848133Z              ^^^^^^^^^^^^^^^^^^^^^^^^^^^^^^^^^^^^^^^^^^^^^^
2026-09-17T17:43:25.218852161Z         self.scope, self.receive, self.send
2026-09-17T17:43:25.218856249Z         ^^^^^^^^^^^^^^^^^^^^^^^^^^^^^^^^^^^
2026-09-17T17:43:25.218860257Z     )
2026-09-17T17:43:25.218864295Z     ^
2026-09-17T17:43:25.218868313Z   File "/usr/local/lib/python3.13/site-packages/uvicorn/middleware/proxy_headers.py", line 63, in __call__
2026-09-17T17:43:25.218872341Z     return await self.app(scope, receive, send)
2026-09-17T17:43:25.218904985Z            ^^^^^^^^^^^^^^^^^^^^^^^^^^^^^^^^^^^^
2026-09-17T17:43:25.218909795Z   File "/usr/local/lib/python3.13/site-packages/fastapi/applications.py", line 1159, in __call__
2026-09-17T17:43:25.218913763Z     await super().__call__(scope, receive, send)
2026-09-17T17:43:25.218917730Z   File "/usr/local/lib/python3.13/site-packages/starlette/applications.py", line 107, in __call__
2026-09-17T17:43:25.218921728Z     await self.middleware_stack(scope, receive, send)
2026-09-17T17:43:25.218925716Z   File "/usr/local/lib/python3.13/site-packages/starlette/middleware/errors.py", line 186, in __call__
2026-09-17T17:43:25.218929794Z     raise exc
2026-09-17T17:43:25.218933832Z   File "/usr/local/lib/python3.13/site-packages/starlette/middleware/errors.py", line 164, in __call__
2026-09-17T17:43:25.218937850Z     await self.app(scope, receive, _send)
2026-09-17T17:43:25.218943111Z   File "/usr/local/lib/python3.13/site-packages/opentelemetry/instrumentation/asgi/__init__.py", line 806, in __call__
2026-09-17T17:43:25.218947129Z     await self.app(scope, otel_receive, otel_send)
2026-09-17T17:43:25.218951086Z   File "/usr/local/lib/python3.13/site-packages/starlette/middleware/errors.py", line 186, in __call__
2026-09-17T17:43:25.218955054Z     raise exc
2026-09-17T17:43:25.218959012Z   File "/usr/local/lib/python3.13/site-packages/starlette/middleware/errors.py", line 164, in __call__
2026-09-17T17:43:25.218963010Z     await self.app(scope, receive, _send)
2026-09-17T17:43:25.218967028Z   File "/usr/local/lib/python3.13/site-packages/opentelemetry/instrumentation/fastapi/__init__.py", line 305, in __call__
2026-09-17T17:43:25.218971006Z     await self.app(scope, receive, send)
2026-09-17T17:43:25.218975014Z   File "/usr/local/lib/python3.13/site-packages/prometheus_fastapi_instrumentator/middleware.py", line 177, in __call__
2026-09-17T17:43:25.218978951Z     raise exc
2026-09-17T17:43:25.218982899Z   File "/usr/local/lib/python3.13/site-packages/prometheus_fastapi_instrumentator/middleware.py", line 175, in __call__
2026-09-17T17:43:25.218986867Z     await self.app(scope, receive, send_wrapper)
2026-09-17T17:43:25.218990885Z   File "/usr/local/lib/python3.13/site-packages/starlette/middleware/exceptions.py", line 63, in __call__
2026-09-17T17:43:25.218995725Z     await wrap_app_handling_exceptions(self.app, conn)(scope, receive, send)
2026-09-17T17:43:25.218999672Z   File "/usr/local/lib/python3.13/site-packages/starlette/_exception_handler.py", line 53, in wrapped_app
2026-09-17T17:43:25.219003620Z     raise exc
2026-09-17T17:43:25.219007798Z   File "/usr/local/lib/python3.13/site-packages/starlette/_exception_handler.py", line 42, in wrapped_app
2026-09-17T17:43:25.219011776Z     await app(scope, receive, sender)
2026-09-17T17:43:25.219015754Z   File "/usr/local/lib/python3.13/site-packages/fastapi/middleware/asyncexitstack.py", line 18, in __call__
2026-09-17T17:43:25.219019712Z     await self.app(scope, receive, send)
2026-09-17T17:43:25.219023700Z   File "/usr/local/lib/python3.13/site-packages/starlette/routing.py", line 716, in __call__
2026-09-17T17:43:25.219028830Z     await self.middleware_stack(scope, receive, send)
2026-09-17T17:43:25.219032878Z   File "/usr/local/lib/python3.13/site-packages/starlette/routing.py", line 736, in app
2026-09-17T17:43:25.219036836Z     await route.handle(scope, receive, send)
2026-09-17T17:43:25.219040844Z   File "/usr/local/lib/python3.13/site-packages/starlette/routing.py", line 290, in handle
2026-09-17T17:43:25.219044802Z     await self.app(scope, receive, send)
2026-09-17T17:43:25.219048749Z   File "/usr/local/lib/python3.13/site-packages/fastapi/routing.py", line 134, in app
2026-09-17T17:43:25.219062797Z     await wrap_app_handling_exceptions(app, request)(scope, receive, send)
2026-09-17T17:43:25.219066845Z   File "/usr/local/lib/python3.13/site-packages/starlette/_exception_handler.py", line 53, in wrapped_app
2026-09-17T17:43:25.219070843Z     raise exc
2026-09-17T17:43:25.219074931Z   File "/usr/local/lib/python3.13/site-packages/starlette/_exception_handler.py", line 42, in wrapped_app
2026-09-17T17:43:25.219078939Z     await app(scope, receive, sender)
2026-09-17T17:43:25.219083097Z   File "/usr/local/lib/python3.13/site-packages/fastapi/routing.py", line 120, in app
2026-09-17T17:43:25.219087616Z     response = await f(request)
2026-09-17T17:43:25.219091634Z                ^^^^^^^^^^^^^^^^
2026-09-17T17:43:25.219095652Z   File "/usr/local/lib/python3.13/site-packages/fastapi/routing.py", line 674, in app
2026-09-17T17:43:25.219099630Z     raw_response = await run_endpoint_function(
2026-09-17T17:43:25.219103638Z                    ^^^^^^^^^^^^^^^^^^^^^^^^^^^^
2026-09-17T17:43:25.219108167Z     ...<3 lines>...
2026-09-17T17:43:25.219112225Z     )
2026-09-17T17:43:25.219116323Z     ^
2026-09-17T17:43:25.219120341Z   File "/usr/local/lib/python3.13/site-packages/fastapi/routing.py", line 330, in run_endpoint_function
2026-09-17T17:43:25.219124309Z     return await run_in_threadpool(dependant.call, **values)
2026-09-17T17:43:25.219128357Z            ^^^^^^^^^^^^^^^^^^^^^^^^^^^^^^^^^^^^^^^^^^^^^^^^^
2026-09-17T17:43:25.219196662Z   File "/usr/local/lib/python3.13/site-packages/starlette/concurrency.py", line 32, in run_in_threadpool
2026-09-17T17:43:25.219206050Z     return await anyio.to_thread.run_sync(func)
2026-09-17T17:43:25.219210379Z            ^^^^^^^^^^^^^^^^^^^^^^^^^^^^^^^^^^^^
2026-09-17T17:43:25.219214537Z   File "/usr/local/lib/python3.13/site-packages/anyio/to_thread.py", line 63, in run_sync
2026-09-17T17:43:25.219218535Z     return await get_async_backend().run_sync_in_worker_thread(
2026-09-17T17:43:25.219226441Z            ^^^^^^^^^^^^^^^^^^^^^^^^^^^^^^^^^^^^^^^^^^^^^^^^^^^^
2026-09-17T17:43:25.219234266Z         func, args, abandon_on_cancel=abandon_on_cancel, limiter=limiter
2026-09-17T17:43:25.219238364Z         ^^^^^^^^^^^^^^^^^^^^^^^^^^^^^^^^^^^^^^^^^^^^^^^^^^^^^^^^^^^^^^^^
2026-09-17T17:43:25.219242362Z     )
2026-09-17T17:43:25.219246380Z     ^
2026-09-17T17:43:25.219250458Z   File "/usr/local/lib/python3.13/site-packages/anyio/_backends/_asyncio.py", line 2518, in run_sync_in_worker_thread
2026-09-17T17:43:25.219254526Z     return await future
2026-09-17T17:43:25.219258544Z            ^^^^^^^^^^^^
2026-09-17T17:43:25.219262512Z   File "/usr/local/lib/python3.13/site-packages/anyio/_backends/_asyncio.py", line 1002, in run
2026-09-17T17:43:25.219266470Z     result = context.run(func, *args)
2026-09-17T17:43:25.219270508Z   File "/app/app/routers/orders.py", line 36, in checkout
2026-09-17T17:43:25.219274516Z     return create_order(
2026-09-17T17:43:25.219278504Z         db=db,
2026-09-17T17:43:25.219282522Z     ...<2 lines>...
2026-09-17T17:43:25.219286610Z         correlation_id=correlation_id,
2026-09-17T17:43:25.219290628Z     )
2026-09-17T17:43:25.219294676Z   File "/app/app/services/order_service.py", line 42, in create_order
2026-09-17T17:43:25.219298643Z     result = db.execute(
2026-09-17T17:43:25.219302591Z         select(ProductModel).where(ProductModel.id == product_id)
2026-09-17T17:43:25.219306509Z     )
2026-09-17T17:43:25.219310567Z   File "/usr/local/lib/python3.13/site-packages/sqlalchemy/orm/session.py", line 2372, in execute
2026-09-17T17:43:25.219314505Z     return self._execute_internal(
2026-09-17T17:43:25.219318523Z            ~~~~~~~~~~~~~~~~~~~~~~^
2026-09-17T17:43:25.219338322Z         statement,
2026-09-17T17:43:25.219342450Z         ^^^^^^^^^^
2026-09-17T17:43:25.219346438Z     ...<4 lines>...
2026-09-17T17:43:25.219350426Z         _add_event=_add_event,
2026-09-17T17:43:25.219354334Z         ^^^^^^^^^^^^^^^^^^^^^^
2026-09-17T17:43:25.219358221Z     )
2026-09-17T17:43:25.219362139Z     ^
2026-09-17T17:43:25.219366107Z   File "/usr/local/lib/python3.13/site-packages/sqlalchemy/orm/session.py", line 2260, in _execute_internal
2026-09-17T17:43:25.219373722Z     conn = self._connection_for_bind(bind)
2026-09-17T17:43:25.219377850Z   File "/usr/local/lib/python3.13/site-packages/sqlalchemy/orm/session.py", line 2112, in _connection_for_bind
2026-09-17T17:43:25.219384543Z     return trans._connection_for_bind(engine, execution_options)
2026-09-17T17:43:25.219388742Z            ~~~~~~~~~~~~~~~~~~~~~~~~~~^^^^^^^^^^^^^^^^^^^^^^^^^^^
2026-09-17T17:43:25.219392689Z   File "<string>", line 2, in _connection_for_bind
2026-09-17T17:43:25.219396587Z   File "/usr/local/lib/python3.13/site-packages/sqlalchemy/orm/state_changes.py", line 137, in _go
2026-09-17T17:43:25.219400525Z     ret_value = fn(self, *arg, **kw)
2026-09-17T17:43:25.219404503Z   File "/usr/local/lib/python3.13/site-packages/sqlalchemy/orm/session.py", line 1191, in _connection_for_bind
2026-09-17T17:43:25.219408952Z     conn = bind.connect()
2026-09-17T17:43:25.219413410Z   File "/usr/local/lib/python3.13/site-packages/opentelemetry/instrumentation/sqlalchemy/engine.py", line 200, in _wrap_connect_internal
2026-09-17T17:43:25.219417388Z     return func(*args, **kwargs)
2026-09-17T17:43:25.219421456Z   File "/usr/local/lib/python3.13/site-packages/sqlalchemy/engine/base.py", line 3295, in connect
2026-09-17T17:43:25.219425444Z     return self._connection_cls(self)
2026-09-17T17:43:25.219429372Z            ~~~~~~~~~~~~~~~~~~~~^^^^^^
2026-09-17T17:43:25.219433310Z   File "/usr/local/lib/python3.13/site-packages/sqlalchemy/engine/base.py", line 144, in __init__
2026-09-17T17:43:25.219437298Z     self._dbapi_connection = engine.raw_connection()
2026-09-17T17:43:25.219441215Z                              ~~~~~~~~~~~~~~~~~~~~~^^
2026-09-17T17:43:25.219445133Z   File "/usr/local/lib/python3.13/site-packages/sqlalchemy/engine/base.py", line 3319, in raw_connection
2026-09-17T17:43:25.219449101Z     return self.pool.connect()
2026-09-17T17:43:25.219453049Z            ~~~~~~~~~~~~~~~~~^^
2026-09-17T17:43:25.219457037Z   File "/usr/local/lib/python3.13/site-packages/sqlalchemy/pool/base.py", line 448, in connect
2026-09-17T17:43:25.219461034Z     return _ConnectionFairy._checkout(self)
2026-09-17T17:43:25.219464952Z            ~~~~~~~~~~~~~~~~~~~~~~~~~~^^^^^^
2026-09-17T17:43:25.219468930Z   File "/usr/local/lib/python3.13/site-packages/sqlalchemy/pool/base.py", line 1272, in _checkout
2026-09-17T17:43:25.219472898Z     fairy = _ConnectionRecord.checkout(pool)
2026-09-17T17:43:25.219476866Z   File "/usr/local/lib/python3.13/site-packages/sqlalchemy/pool/base.py", line 712, in checkout
2026-09-17T17:43:25.219480814Z     rec = pool._do_get()
2026-09-17T17:43:25.219484761Z   File "/usr/local/lib/python3.13/site-packages/sqlalchemy/pool/impl.py", line 167, in _do_get
2026-09-17T17:43:25.219488699Z     raise exc.TimeoutError(
2026-09-17T17:43:25.219492627Z     ...<4 lines>...
2026-09-17T17:43:25.219496555Z     )
2026-09-17T17:43:25.219501184Z sqlalchemy.exc.TimeoutError: QueuePool limit of size 5 overflow 10 reached, connection timed out, timeout 30.00 (Background on this error at: https://sqlalche.me/e/20/3o7r)
2026-09-17T17:43:25.225013020Z ERROR:    Exception in ASGI application
2026-09-17T17:43:25.225054001Z Traceback (most recent call last):
2026-09-17T17:43:25.225090353Z   File "/usr/local/lib/python3.13/site-packages/uvicorn/protocols/http/httptools_impl.py", line 421, in run_asgi
2026-09-17T17:43:25.225095764Z     result = await app(  # type: ignore[func-returns-value]
2026-09-17T17:43:25.225100152Z              ^^^^^^^^^^^^^^^^^^^^^^^^^^^^^^^^^^^^^^^^^^^^^^
2026-09-17T17:43:25.225104641Z         self.scope, self.receive, self.send
2026-09-17T17:43:25.225109170Z         ^^^^^^^^^^^^^^^^^^^^^^^^^^^^^^^^^^^
2026-09-17T17:43:25.225113639Z     )
2026-09-17T17:43:25.225118068Z     ^
2026-09-17T17:43:25.225122477Z   File "/usr/local/lib/python3.13/site-packages/uvicorn/middleware/proxy_headers.py", line 63, in __call__
2026-09-17T17:43:25.225126845Z     return await self.app(scope, receive, send)
2026-09-17T17:43:25.225131184Z            ^^^^^^^^^^^^^^^^^^^^^^^^^^^^^^^^^^^^
2026-09-17T17:43:25.225136624Z   File "/usr/local/lib/python3.13/site-packages/fastapi/applications.py", line 1159, in __call__
2026-09-17T17:43:25.225140943Z     await super().__call__(scope, receive, send)
2026-09-17T17:43:25.225145342Z   File "/usr/local/lib/python3.13/site-packages/starlette/applications.py", line 107, in __call__
2026-09-17T17:43:25.225149680Z     await self.middleware_stack(scope, receive, send)
2026-09-17T17:43:25.225153989Z   File "/usr/local/lib/python3.13/site-packages/starlette/middleware/errors.py", line 186, in __call__
2026-09-17T17:43:25.225158367Z     raise exc
2026-09-17T17:43:25.225162736Z   File "/usr/local/lib/python3.13/site-packages/starlette/middleware/errors.py", line 164, in __call__
2026-09-17T17:43:25.225167075Z     await self.app(scope, receive, _send)
2026-09-17T17:43:25.225171894Z   File "/usr/local/lib/python3.13/site-packages/opentelemetry/instrumentation/asgi/__init__.py", line 806, in __call__
2026-09-17T17:43:25.225176233Z     await self.app(scope, otel_receive, otel_send)
2026-09-17T17:43:25.225180611Z   File "/usr/local/lib/python3.13/site-packages/starlette/middleware/errors.py", line 186, in __call__
2026-09-17T17:43:25.225184950Z     raise exc
2026-09-17T17:43:25.225189329Z   File "/usr/local/lib/python3.13/site-packages/starlette/middleware/errors.py", line 164, in __call__
2026-09-17T17:43:25.225193657Z     await self.app(scope, receive, _send)
2026-09-17T17:43:25.225198096Z   File "/usr/local/lib/python3.13/site-packages/opentelemetry/instrumentation/fastapi/__init__.py", line 305, in __call__
2026-09-17T17:43:25.225202465Z     await self.app(scope, receive, send)
2026-09-17T17:43:25.225206773Z   File "/usr/local/lib/python3.13/site-packages/prometheus_fastapi_instrumentator/middleware.py", line 177, in __call__
2026-09-17T17:43:25.225211072Z     raise exc
2026-09-17T17:43:25.225215420Z   File "/usr/local/lib/python3.13/site-packages/prometheus_fastapi_instrumentator/middleware.py", line 175, in __call__
2026-09-17T17:43:25.225219779Z     await self.app(scope, receive, send_wrapper)
2026-09-17T17:43:25.225224097Z   File "/usr/local/lib/python3.13/site-packages/starlette/middleware/exceptions.py", line 63, in __call__
2026-09-17T17:43:25.225229829Z     await wrap_app_handling_exceptions(self.app, conn)(scope, receive, send)
2026-09-17T17:43:25.225234177Z   File "/usr/local/lib/python3.13/site-packages/starlette/_exception_handler.py", line 53, in wrapped_app
2026-09-17T17:43:25.225238496Z     raise exc
2026-09-17T17:43:25.225242784Z   File "/usr/local/lib/python3.13/site-packages/starlette/_exception_handler.py", line 42, in wrapped_app
2026-09-17T17:43:25.225247133Z     await app(scope, receive, sender)
2026-09-17T17:43:25.225251482Z   File "/usr/local/lib/python3.13/site-packages/fastapi/middleware/asyncexitstack.py", line 18, in __call__
2026-09-17T17:43:25.225255820Z     await self.app(scope, receive, send)
2026-09-17T17:43:25.225270148Z   File "/usr/local/lib/python3.13/site-packages/starlette/routing.py", line 716, in __call__
2026-09-17T17:43:25.225274617Z     await self.middleware_stack(scope, receive, send)
2026-09-17T17:43:25.225279016Z   File "/usr/local/lib/python3.13/site-packages/starlette/routing.py", line 736, in app
2026-09-17T17:43:25.225283335Z     await route.handle(scope, receive, send)
2026-09-17T17:43:25.225287683Z   File "/usr/local/lib/python3.13/site-packages/starlette/routing.py", line 290, in handle
2026-09-17T17:43:25.225292012Z     await self.app(scope, receive, send)
2026-09-17T17:43:25.225296380Z   File "/usr/local/lib/python3.13/site-packages/fastapi/routing.py", line 134, in app
2026-09-17T17:43:25.225300799Z     await wrap_app_handling_exceptions(app, request)(scope, receive, send)
2026-09-17T17:43:25.225305138Z   File "/usr/local/lib/python3.13/site-packages/starlette/_exception_handler.py", line 53, in wrapped_app
2026-09-17T17:43:25.225309466Z     raise exc
2026-09-17T17:43:25.225313945Z   File "/usr/local/lib/python3.13/site-packages/starlette/_exception_handler.py", line 42, in wrapped_app
2026-09-17T17:43:25.225318324Z     await app(scope, receive, sender)
2026-09-17T17:43:25.225322712Z   File "/usr/local/lib/python3.13/site-packages/fastapi/routing.py", line 120, in app
2026-09-17T17:43:25.225327732Z     response = await f(request)
2026-09-17T17:43:25.225332201Z                ^^^^^^^^^^^^^^^^
2026-09-17T17:43:25.225336620Z   File "/usr/local/lib/python3.13/site-packages/fastapi/routing.py", line 674, in app
2026-09-17T17:43:25.225340988Z     raw_response = await run_endpoint_function(
2026-09-17T17:43:25.225345337Z                    ^^^^^^^^^^^^^^^^^^^^^^^^^^^^
2026-09-17T17:43:25.225350417Z     ...<3 lines>...
2026-09-17T17:43:25.225354756Z     )
2026-09-17T17:43:25.225359104Z     ^
2026-09-17T17:43:25.225363443Z   File "/usr/local/lib/python3.13/site-packages/fastapi/routing.py", line 330, in run_endpoint_function
2026-09-17T17:43:25.225367822Z     return await run_in_threadpool(dependant.call, **values)
2026-09-17T17:43:25.225372150Z            ^^^^^^^^^^^^^^^^^^^^^^^^^^^^^^^^^^^^^^^^^^^^^^^^^
2026-09-17T17:43:25.225436197Z   File "/usr/local/lib/python3.13/site-packages/starlette/concurrency.py", line 32, in run_in_threadpool
2026-09-17T17:43:25.225446457Z     return await anyio.to_thread.run_sync(func)
2026-09-17T17:43:25.225451056Z            ^^^^^^^^^^^^^^^^^^^^^^^^^^^^^^^^^^^^
2026-09-17T17:43:25.225455395Z   File "/usr/local/lib/python3.13/site-packages/anyio/to_thread.py", line 63, in run_sync
2026-09-17T17:43:25.225459843Z     return await get_async_backend().run_sync_in_worker_thread(
2026-09-17T17:43:25.225464352Z            ^^^^^^^^^^^^^^^^^^^^^^^^^^^^^^^^^^^^^^^^^^^^^^^^^^^^
2026-09-17T17:43:25.225468741Z         func, args, abandon_on_cancel=abandon_on_cancel, limiter=limiter
2026-09-17T17:43:25.225473080Z         ^^^^^^^^^^^^^^^^^^^^^^^^^^^^^^^^^^^^^^^^^^^^^^^^^^^^^^^^^^^^^^^^
2026-09-17T17:43:25.225477468Z     )
2026-09-17T17:43:25.225481867Z     ^
2026-09-17T17:43:25.225486165Z   File "/usr/local/lib/python3.13/site-packages/anyio/_backends/_asyncio.py", line 2518, in run_sync_in_worker_thread
2026-09-17T17:43:25.225490484Z     return await future
2026-09-17T17:43:25.225494793Z            ^^^^^^^^^^^^
2026-09-17T17:43:25.225499171Z   File "/usr/local/lib/python3.13/site-packages/anyio/_backends/_asyncio.py", line 1002, in run
2026-09-17T17:43:25.225503500Z     result = context.run(func, *args)
2026-09-17T17:43:25.225507868Z   File "/app/app/routers/orders.py", line 36, in checkout
2026-09-17T17:43:25.225512197Z     return create_order(
2026-09-17T17:43:25.225516566Z         db=db,
2026-09-17T17:43:25.225520914Z     ...<2 lines>...
2026-09-17T17:43:25.225542327Z         correlation_id=correlation_id,
2026-09-17T17:43:25.225547006Z     )
2026-09-17T17:43:25.225551485Z   File "/app/app/services/order_service.py", line 42, in create_order
2026-09-17T17:43:25.225555823Z     result = db.execute(
2026-09-17T17:43:25.225560172Z         select(ProductModel).where(ProductModel.id == product_id)
2026-09-17T17:43:25.225564450Z     )
2026-09-17T17:43:25.225568839Z   File "/usr/local/lib/python3.13/site-packages/sqlalchemy/orm/session.py", line 2372, in execute
2026-09-17T17:43:25.225573147Z     return self._execute_internal(
2026-09-17T17:43:25.225577446Z            ~~~~~~~~~~~~~~~~~~~~~~^
2026-09-17T17:43:25.225581724Z         statement,
2026-09-17T17:43:25.225586133Z         ^^^^^^^^^^
2026-09-17T17:43:25.225590452Z     ...<4 lines>...
2026-09-17T17:43:25.225594790Z         _add_event=_add_event,
2026-09-17T17:43:25.225599129Z         ^^^^^^^^^^^^^^^^^^^^^^
2026-09-17T17:43:25.225603427Z     )
2026-09-17T17:43:25.225607706Z     ^
2026-09-17T17:43:25.225612064Z   File "/usr/local/lib/python3.13/site-packages/sqlalchemy/orm/session.py", line 2260, in _execute_internal
2026-09-17T17:43:25.225616423Z     conn = self._connection_for_bind(bind)
2026-09-17T17:43:25.225620782Z   File "/usr/local/lib/python3.13/site-packages/sqlalchemy/orm/session.py", line 2112, in _connection_for_bind
2026-09-17T17:43:25.225625160Z     return trans._connection_for_bind(engine, execution_options)
2026-09-17T17:43:25.225629509Z            ~~~~~~~~~~~~~~~~~~~~~~~~~~^^^^^^^^^^^^^^^^^^^^^^^^^^^
2026-09-17T17:43:25.225633827Z   File "<string>", line 2, in _connection_for_bind
2026-09-17T17:43:25.225638106Z   File "/usr/local/lib/python3.13/site-packages/sqlalchemy/orm/state_changes.py", line 137, in _go
2026-09-17T17:43:25.225642434Z     ret_value = fn(self, *arg, **kw)
2026-09-17T17:43:25.225646723Z   File "/usr/local/lib/python3.13/site-packages/sqlalchemy/orm/session.py", line 1191, in _connection_for_bind
2026-09-17T17:43:25.225651092Z     conn = bind.connect()
2026-09-17T17:43:25.225656342Z   File "/usr/local/lib/python3.13/site-packages/opentelemetry/instrumentation/sqlalchemy/engine.py", line 200, in _wrap_connect_internal
2026-09-17T17:43:25.225660731Z     return func(*args, **kwargs)
2026-09-17T17:43:25.225665089Z   File "/usr/local/lib/python3.13/site-packages/sqlalchemy/engine/base.py", line 3295, in connect
2026-09-17T17:43:25.225669438Z     return self._connection_cls(self)
2026-09-17T17:43:25.225673746Z            ~~~~~~~~~~~~~~~~~~~~^^^^^^
2026-09-17T17:43:25.225678065Z   File "/usr/local/lib/python3.13/site-packages/sqlalchemy/engine/base.py", line 144, in __init__
2026-09-17T17:43:25.225682393Z     self._dbapi_connection = engine.raw_connection()
2026-09-17T17:43:25.225686742Z                              ~~~~~~~~~~~~~~~~~~~~~^^
2026-09-17T17:43:25.225691071Z   File "/usr/local/lib/python3.13/site-packages/sqlalchemy/engine/base.py", line 3319, in raw_connection
2026-09-17T17:43:25.225695469Z     return self.pool.connect()
2026-09-17T17:43:25.225699778Z            ~~~~~~~~~~~~~~~~~^^
2026-09-17T17:43:25.225704116Z   File "/usr/local/lib/python3.13/site-packages/sqlalchemy/pool/base.py", line 448, in connect
2026-09-17T17:43:25.225708415Z     return _ConnectionFairy._checkout(self)
2026-09-17T17:43:25.225712713Z            ~~~~~~~~~~~~~~~~~~~~~~~~~~^^^^^^
2026-09-17T17:43:25.225717002Z   File "/usr/local/lib/python3.13/site-packages/sqlalchemy/pool/base.py", line 1272, in _checkout
2026-09-17T17:43:25.225721290Z     fairy = _ConnectionRecord.checkout(pool)
2026-09-17T17:43:25.225725649Z   File "/usr/local/lib/python3.13/site-packages/sqlalchemy/pool/base.py", line 712, in checkout
2026-09-17T17:43:25.225739536Z     rec = pool._do_get()
2026-09-17T17:43:25.225743975Z   File "/usr/local/lib/python3.13/site-packages/sqlalchemy/pool/impl.py", line 167, in _do_get
2026-09-17T17:43:25.225748294Z     raise exc.TimeoutError(
2026-09-17T17:43:25.225752602Z     ...<4 lines>...
2026-09-17T17:43:25.225756921Z     )
2026-09-17T17:43:25.225761951Z sqlalchemy.exc.TimeoutError: QueuePool limit of size 5 overflow 10 reached, connection timed out, timeout 30.00 (Background on this error at: https://sqlalche.me/e/20/3o7r)
2026-09-17T17:43:25.472688663Z ERROR:    Exception in ASGI application
2026-09-17T17:43:25.472732850Z Traceback (most recent call last):
2026-09-17T17:43:25.472738351Z   File "/usr/local/lib/python3.13/site-packages/uvicorn/protocols/http/httptools_impl.py", line 421, in run_asgi
2026-09-17T17:43:25.472744343Z     result = await app(  # type: ignore[func-returns-value]
2026-09-17T17:43:25.472748391Z              ^^^^^^^^^^^^^^^^^^^^^^^^^^^^^^^^^^^^^^^^^^^^^^
2026-09-17T17:43:25.472752379Z         self.scope, self.receive, self.send
2026-09-17T17:43:25.472756357Z         ^^^^^^^^^^^^^^^^^^^^^^^^^^^^^^^^^^^
2026-09-17T17:43:25.472760375Z     )
2026-09-17T17:43:25.472764563Z     ^
2026-09-17T17:43:25.472768631Z   File "/usr/local/lib/python3.13/site-packages/uvicorn/middleware/proxy_headers.py", line 63, in __call__
2026-09-17T17:43:25.472772649Z     return await self.app(scope, receive, send)
2026-09-17T17:43:25.472776607Z            ^^^^^^^^^^^^^^^^^^^^^^^^^^^^^^^^^^^^
2026-09-17T17:43:25.472781246Z   File "/usr/local/lib/python3.13/site-packages/fastapi/applications.py", line 1159, in __call__
2026-09-17T17:43:25.472785174Z     await super().__call__(scope, receive, send)
2026-09-17T17:43:25.472789142Z   File "/usr/local/lib/python3.13/site-packages/starlette/applications.py", line 107, in __call__
2026-09-17T17:43:25.472793220Z     await self.middleware_stack(scope, receive, send)
2026-09-17T17:43:25.472797278Z   File "/usr/local/lib/python3.13/site-packages/starlette/middleware/errors.py", line 186, in __call__
2026-09-17T17:43:25.472801346Z     raise exc
2026-09-17T17:43:25.472805334Z   File "/usr/local/lib/python3.13/site-packages/starlette/middleware/errors.py", line 164, in __call__
2026-09-17T17:43:25.472809322Z     await self.app(scope, receive, _send)
2026-09-17T17:43:25.472814071Z   File "/usr/local/lib/python3.13/site-packages/opentelemetry/instrumentation/asgi/__init__.py", line 806, in __call__
2026-09-17T17:43:25.472818079Z     await self.app(scope, otel_receive, otel_send)
2026-09-17T17:43:25.472822077Z   File "/usr/local/lib/python3.13/site-packages/starlette/middleware/errors.py", line 186, in __call__
2026-09-17T17:43:25.472826275Z     raise exc
2026-09-17T17:43:25.472830323Z   File "/usr/local/lib/python3.13/site-packages/starlette/middleware/errors.py", line 164, in __call__
2026-09-17T17:43:25.472834281Z     await self.app(scope, receive, _send)
2026-09-17T17:43:25.472838259Z   File "/usr/local/lib/python3.13/site-packages/opentelemetry/instrumentation/fastapi/__init__.py", line 305, in __call__
2026-09-17T17:43:25.472842207Z     await self.app(scope, receive, send)
2026-09-17T17:43:25.472846174Z   File "/usr/local/lib/python3.13/site-packages/prometheus_fastapi_instrumentator/middleware.py", line 177, in __call__
2026-09-17T17:43:25.472850182Z     raise exc
2026-09-17T17:43:25.472854210Z   File "/usr/local/lib/python3.13/site-packages/prometheus_fastapi_instrumentator/middleware.py", line 175, in __call__
2026-09-17T17:43:25.472858228Z     await self.app(scope, receive, send_wrapper)
2026-09-17T17:43:25.472862577Z   File "/usr/local/lib/python3.13/site-packages/starlette/middleware/exceptions.py", line 63, in __call__
2026-09-17T17:43:25.472898428Z     await wrap_app_handling_exceptions(self.app, conn)(scope, receive, send)
2026-09-17T17:43:25.472902636Z   File "/usr/local/lib/python3.13/site-packages/starlette/_exception_handler.py", line 53, in wrapped_app
2026-09-17T17:43:25.472906594Z     raise exc
2026-09-17T17:43:25.472910522Z   File "/usr/local/lib/python3.13/site-packages/starlette/_exception_handler.py", line 42, in wrapped_app
2026-09-17T17:43:25.472914469Z     await app(scope, receive, sender)
2026-09-17T17:43:25.472918387Z   File "/usr/local/lib/python3.13/site-packages/fastapi/middleware/asyncexitstack.py", line 18, in __call__
2026-09-17T17:43:25.472922365Z     await self.app(scope, receive, send)
2026-09-17T17:43:25.472926393Z   File "/usr/local/lib/python3.13/site-packages/starlette/routing.py", line 716, in __call__
2026-09-17T17:43:25.472930341Z     await self.middleware_stack(scope, receive, send)
2026-09-17T17:43:25.472934319Z   File "/usr/local/lib/python3.13/site-packages/starlette/routing.py", line 736, in app
2026-09-17T17:43:25.472938287Z     await route.handle(scope, receive, send)
2026-09-17T17:43:25.472942254Z   File "/usr/local/lib/python3.13/site-packages/starlette/routing.py", line 290, in handle
2026-09-17T17:43:25.472946202Z     await self.app(scope, receive, send)
2026-09-17T17:43:25.472950150Z   File "/usr/local/lib/python3.13/site-packages/fastapi/routing.py", line 134, in app
2026-09-17T17:43:25.472954118Z     await wrap_app_handling_exceptions(app, request)(scope, receive, send)
2026-09-17T17:43:25.472958206Z   File "/usr/local/lib/python3.13/site-packages/starlette/_exception_handler.py", line 53, in wrapped_app
2026-09-17T17:43:25.472962164Z     raise exc
2026-09-17T17:43:25.472966112Z   File "/usr/local/lib/python3.13/site-packages/starlette/_exception_handler.py", line 42, in wrapped_app
2026-09-17T17:43:25.472970069Z     await app(scope, receive, sender)
2026-09-17T17:43:25.472974859Z   File "/usr/local/lib/python3.13/site-packages/fastapi/routing.py", line 120, in app
2026-09-17T17:43:25.472980450Z     response = await f(request)
2026-09-17T17:43:25.472985720Z                ^^^^^^^^^^^^^^^^
2026-09-17T17:43:25.472991371Z   File "/usr/local/lib/python3.13/site-packages/fastapi/routing.py", line 674, in app
2026-09-17T17:43:25.473046500Z     raw_response = await run_endpoint_function(
2026-09-17T17:43:25.473049997Z                    ^^^^^^^^^^^^^^^^^^^^^^^^^^^^
2026-09-17T17:43:25.473052552Z     ...<3 lines>...
2026-09-17T17:43:25.473054526Z     )
2026-09-17T17:43:25.473056520Z     ^
2026-09-17T17:43:25.473058484Z   File "/usr/local/lib/python3.13/site-packages/fastapi/routing.py", line 330, in run_endpoint_function
2026-09-17T17:43:25.473060418Z     return await run_in_threadpool(dependant.call, **values)
2026-09-17T17:43:25.473062342Z            ^^^^^^^^^^^^^^^^^^^^^^^^^^^^^^^^^^^^^^^^^^^^^^^^^
2026-09-17T17:43:25.473101098Z   File "/usr/local/lib/python3.13/site-packages/starlette/concurrency.py", line 32, in run_in_threadpool
2026-09-17T17:43:25.473105848Z     return await anyio.to_thread.run_sync(func)
2026-09-17T17:43:25.473107852Z            ^^^^^^^^^^^^^^^^^^^^^^^^^^^^^^^^^^^^
2026-09-17T17:43:25.473109806Z   File "/usr/local/lib/python3.13/site-packages/anyio/to_thread.py", line 63, in run_sync
2026-09-17T17:43:25.473111739Z     return await get_async_backend().run_sync_in_worker_thread(
2026-09-17T17:43:25.473113683Z            ^^^^^^^^^^^^^^^^^^^^^^^^^^^^^^^^^^^^^^^^^^^^^^^^^^^^
2026-09-17T17:43:25.473115617Z         func, args, abandon_on_cancel=abandon_on_cancel, limiter=limiter
2026-09-17T17:43:25.473117571Z         ^^^^^^^^^^^^^^^^^^^^^^^^^^^^^^^^^^^^^^^^^^^^^^^^^^^^^^^^^^^^^^^^
2026-09-17T17:43:25.473119495Z     )
2026-09-17T17:43:25.473130296Z     ^
2026-09-17T17:43:25.473135486Z   File "/usr/local/lib/python3.13/site-packages/anyio/_backends/_asyncio.py", line 2518, in run_sync_in_worker_thread
2026-09-17T17:43:25.473137510Z     return await future
2026-09-17T17:43:25.473139524Z            ^^^^^^^^^^^^
2026-09-17T17:43:25.473141468Z   File "/usr/local/lib/python3.13/site-packages/anyio/_backends/_asyncio.py", line 1002, in run
2026-09-17T17:43:25.473143462Z     result = context.run(func, *args)
2026-09-17T17:43:25.473145446Z   File "/app/app/routers/orders.py", line 36, in checkout
2026-09-17T17:43:25.473147400Z     return create_order(
2026-09-17T17:43:25.473149384Z         db=db,
2026-09-17T17:43:25.473151318Z     ...<2 lines>...
2026-09-17T17:43:25.473153272Z         correlation_id=correlation_id,
2026-09-17T17:43:25.473155195Z     )
2026-09-17T17:43:25.473157149Z   File "/app/app/services/order_service.py", line 42, in create_order
2026-09-17T17:43:25.473159093Z     result = db.execute(
2026-09-17T17:43:25.473161077Z         select(ProductModel).where(ProductModel.id == product_id)
2026-09-17T17:43:25.473163011Z     )
2026-09-17T17:43:25.473164955Z   File "/usr/local/lib/python3.13/site-packages/sqlalchemy/orm/session.py", line 2372, in execute
2026-09-17T17:43:25.473166858Z     return self._execute_internal(
2026-09-17T17:43:25.473168782Z            ~~~~~~~~~~~~~~~~~~~~~~^
2026-09-17T17:43:25.473170696Z         statement,
2026-09-17T17:43:25.473174654Z         ^^^^^^^^^^
2026-09-17T17:43:25.473176638Z     ...<4 lines>...
2026-09-17T17:43:25.473178612Z         _add_event=_add_event,
2026-09-17T17:43:25.473180535Z         ^^^^^^^^^^^^^^^^^^^^^^
2026-09-17T17:43:25.473182459Z     )
2026-09-17T17:43:25.473184403Z     ^
2026-09-17T17:43:25.473186367Z   File "/usr/local/lib/python3.13/site-packages/sqlalchemy/orm/session.py", line 2260, in _execute_internal
2026-09-17T17:43:25.473188331Z     conn = self._connection_for_bind(bind)
2026-09-17T17:43:25.473190285Z   File "/usr/local/lib/python3.13/site-packages/sqlalchemy/orm/session.py", line 2112, in _connection_for_bind
2026-09-17T17:43:25.473192239Z     return trans._connection_for_bind(engine, execution_options)
2026-09-17T17:43:25.473194202Z            ~~~~~~~~~~~~~~~~~~~~~~~~~~^^^^^^^^^^^^^^^^^^^^^^^^^^^
2026-09-17T17:43:25.473196136Z   File "<string>", line 2, in _connection_for_bind
2026-09-17T17:43:25.473198060Z   File "/usr/local/lib/python3.13/site-packages/sqlalchemy/orm/state_changes.py", line 137, in _go
2026-09-17T17:43:25.473202298Z     ret_value = fn(self, *arg, **kw)
2026-09-17T17:43:25.473204433Z   File "/usr/local/lib/python3.13/site-packages/sqlalchemy/orm/session.py", line 1191, in _connection_for_bind
2026-09-17T17:43:25.473206387Z     conn = bind.connect()
2026-09-17T17:43:25.473209022Z   File "/usr/local/lib/python3.13/site-packages/opentelemetry/instrumentation/sqlalchemy/engine.py", line 200, in _wrap_connect_internal
2026-09-17T17:43:25.473210976Z     return func(*args, **kwargs)
2026-09-17T17:43:25.473213010Z   File "/usr/local/lib/python3.13/site-packages/sqlalchemy/engine/base.py", line 3295, in connect
2026-09-17T17:43:25.473214973Z     return self._connection_cls(self)
2026-09-17T17:43:25.473216917Z            ~~~~~~~~~~~~~~~~~~~~^^^^^^
2026-09-17T17:43:25.473218841Z   File "/usr/local/lib/python3.13/site-packages/sqlalchemy/engine/base.py", line 144, in __init__
2026-09-17T17:43:25.473220765Z     self._dbapi_connection = engine.raw_connection()
2026-09-17T17:43:25.473222699Z                              ~~~~~~~~~~~~~~~~~~~~~^^
2026-09-17T17:43:25.473224613Z   File "/usr/local/lib/python3.13/site-packages/sqlalchemy/engine/base.py", line 3319, in raw_connection
2026-09-17T17:43:25.473231236Z     return self.pool.connect()
2026-09-17T17:43:25.473233220Z            ~~~~~~~~~~~~~~~~~^^
2026-09-17T17:43:25.473235224Z   File "/usr/local/lib/python3.13/site-packages/sqlalchemy/pool/base.py", line 448, in connect
2026-09-17T17:43:25.473237167Z     return _ConnectionFairy._checkout(self)
2026-09-17T17:43:25.473239081Z            ~~~~~~~~~~~~~~~~~~~~~~~~~~^^^^^^
2026-09-17T17:43:25.473241005Z   File "/usr/local/lib/python3.13/site-packages/sqlalchemy/pool/base.py", line 1272, in _checkout
2026-09-17T17:43:25.473242929Z     fairy = _ConnectionRecord.checkout(pool)
2026-09-17T17:43:25.473244873Z   File "/usr/local/lib/python3.13/site-packages/sqlalchemy/pool/base.py", line 712, in checkout
2026-09-17T17:43:25.473246867Z     rec = pool._do_get()
2026-09-17T17:43:25.473248830Z   File "/usr/local/lib/python3.13/site-packages/sqlalchemy/pool/impl.py", line 167, in _do_get
2026-09-17T17:43:25.473250754Z     raise exc.TimeoutError(
2026-09-17T17:43:25.473252688Z     ...<4 lines>...
2026-09-17T17:43:25.473254612Z     )
2026-09-17T17:43:25.473257257Z sqlalchemy.exc.TimeoutError: QueuePool limit of size 5 overflow 10 reached, connection timed out, timeout 30.00 (Background on this error at: https://sqlalche.me/e/20/3o7r)
2026-09-17T17:43:25.580845690Z ERROR:    Exception in ASGI application
2026-09-17T17:43:25.580898014Z Traceback (most recent call last):
2026-09-17T17:43:25.580901691Z   File "/usr/local/lib/python3.13/site-packages/uvicorn/protocols/http/httptools_impl.py", line 421, in run_asgi
2026-09-17T17:43:25.580904546Z     result = await app(  # type: ignore[func-returns-value]
2026-09-17T17:43:25.580906490Z              ^^^^^^^^^^^^^^^^^^^^^^^^^^^^^^^^^^^^^^^^^^^^^^
2026-09-17T17:43:25.580908424Z         self.scope, self.receive, self.send
2026-09-17T17:43:25.580910368Z         ^^^^^^^^^^^^^^^^^^^^^^^^^^^^^^^^^^^
2026-09-17T17:43:25.580912302Z     )
2026-09-17T17:43:25.580914266Z     ^
2026-09-17T17:43:25.580916189Z   File "/usr/local/lib/python3.13/site-packages/uvicorn/middleware/proxy_headers.py", line 63, in __call__
2026-09-17T17:43:25.580918203Z     return await self.app(scope, receive, send)
2026-09-17T17:43:25.580920548Z            ^^^^^^^^^^^^^^^^^^^^^^^^^^^^^^^^^^^^
2026-09-17T17:43:25.580924025Z   File "/usr/local/lib/python3.13/site-packages/fastapi/applications.py", line 1159, in __call__
2026-09-17T17:43:25.580926931Z     await super().__call__(scope, receive, send)
2026-09-17T17:43:25.580929546Z   File "/usr/local/lib/python3.13/site-packages/starlette/applications.py", line 107, in __call__
2026-09-17T17:43:25.580931820Z     await self.middleware_stack(scope, receive, send)
2026-09-17T17:43:25.580934255Z   File "/usr/local/lib/python3.13/site-packages/starlette/middleware/errors.py", line 186, in __call__
2026-09-17T17:43:25.580936590Z     raise exc
2026-09-17T17:43:25.580939355Z   File "/usr/local/lib/python3.13/site-packages/starlette/middleware/errors.py", line 164, in __call__
2026-09-17T17:43:25.580941690Z     await self.app(scope, receive, _send)
2026-09-17T17:43:25.580947922Z   File "/usr/local/lib/python3.13/site-packages/opentelemetry/instrumentation/asgi/__init__.py", line 806, in __call__
2026-09-17T17:43:25.580950447Z     await self.app(scope, otel_receive, otel_send)
2026-09-17T17:43:25.580952742Z   File "/usr/local/lib/python3.13/site-packages/starlette/middleware/errors.py", line 186, in __call__
2026-09-17T17:43:25.580955026Z     raise exc
2026-09-17T17:43:25.580957401Z   File "/usr/local/lib/python3.13/site-packages/starlette/middleware/errors.py", line 164, in __call__
2026-09-17T17:43:25.580960357Z     await self.app(scope, receive, _send)
2026-09-17T17:43:25.580962842Z   File "/usr/local/lib/python3.13/site-packages/opentelemetry/instrumentation/fastapi/__init__.py", line 305, in __call__
2026-09-17T17:43:25.580991859Z     await self.app(scope, receive, send)
2026-09-17T17:43:25.580995556Z   File "/usr/local/lib/python3.13/site-packages/prometheus_fastapi_instrumentator/middleware.py", line 177, in __call__
2026-09-17T17:43:25.580997520Z     raise exc
2026-09-17T17:43:25.580999474Z   File "/usr/local/lib/python3.13/site-packages/prometheus_fastapi_instrumentator/middleware.py", line 175, in __call__
2026-09-17T17:43:25.581001899Z     await self.app(scope, receive, send_wrapper)
2026-09-17T17:43:25.581037610Z   File "/usr/local/lib/python3.13/site-packages/starlette/middleware/exceptions.py", line 63, in __call__
2026-09-17T17:43:25.581044694Z     await wrap_app_handling_exceptions(self.app, conn)(scope, receive, send)
2026-09-17T17:43:25.581046938Z   File "/usr/local/lib/python3.13/site-packages/starlette/_exception_handler.py", line 53, in wrapped_app
2026-09-17T17:43:25.581048902Z     raise exc
2026-09-17T17:43:25.581050876Z   File "/usr/local/lib/python3.13/site-packages/starlette/_exception_handler.py", line 42, in wrapped_app
2026-09-17T17:43:25.581052830Z     await app(scope, receive, sender)
2026-09-17T17:43:25.581054814Z   File "/usr/local/lib/python3.13/site-packages/fastapi/middleware/asyncexitstack.py", line 18, in __call__
2026-09-17T17:43:25.581056747Z     await self.app(scope, receive, send)
2026-09-17T17:43:25.581059012Z   File "/usr/local/lib/python3.13/site-packages/starlette/routing.py", line 716, in __call__
2026-09-17T17:43:25.581061036Z     await self.middleware_stack(scope, receive, send)
2026-09-17T17:43:25.581063030Z   File "/usr/local/lib/python3.13/site-packages/starlette/routing.py", line 736, in app
2026-09-17T17:43:25.581064984Z     await route.handle(scope, receive, send)
2026-09-17T17:43:25.581066907Z   File "/usr/local/lib/python3.13/site-packages/starlette/routing.py", line 290, in handle
2026-09-17T17:43:25.581068821Z     await self.app(scope, receive, send)
2026-09-17T17:43:25.581070745Z   File "/usr/local/lib/python3.13/site-packages/fastapi/routing.py", line 134, in app
2026-09-17T17:43:25.581072659Z     await wrap_app_handling_exceptions(app, request)(scope, receive, send)
2026-09-17T17:43:25.581074643Z   File "/usr/local/lib/python3.13/site-packages/starlette/_exception_handler.py", line 53, in wrapped_app
2026-09-17T17:43:25.581076556Z     raise exc
2026-09-17T17:43:25.581078500Z   File "/usr/local/lib/python3.13/site-packages/starlette/_exception_handler.py", line 42, in wrapped_app
2026-09-17T17:43:25.581080454Z     await app(scope, receive, sender)
2026-09-17T17:43:25.581082388Z   File "/usr/local/lib/python3.13/site-packages/fastapi/routing.py", line 120, in app
2026-09-17T17:43:25.581085063Z     response = await f(request)
2026-09-17T17:43:25.581086997Z                ^^^^^^^^^^^^^^^^
2026-09-17T17:43:25.581088911Z   File "/usr/local/lib/python3.13/site-packages/fastapi/routing.py", line 674, in app
2026-09-17T17:43:25.581090835Z     raw_response = await run_endpoint_function(
2026-09-17T17:43:25.581092759Z                    ^^^^^^^^^^^^^^^^^^^^^^^^^^^^
2026-09-17T17:43:25.581095263Z     ...<3 lines>...
2026-09-17T17:43:25.581097207Z     )
2026-09-17T17:43:25.581099131Z     ^
2026-09-17T17:43:25.581101075Z   File "/usr/local/lib/python3.13/site-packages/fastapi/routing.py", line 330, in run_endpoint_function
2026-09-17T17:43:25.581102999Z     return await run_in_threadpool(dependant.call, **values)
2026-09-17T17:43:25.581105003Z            ^^^^^^^^^^^^^^^^^^^^^^^^^^^^^^^^^^^^^^^^^^^^^^^^^
2026-09-17T17:43:25.581143278Z   File "/usr/local/lib/python3.13/site-packages/starlette/concurrency.py", line 32, in run_in_threadpool
2026-09-17T17:43:25.581147988Z     return await anyio.to_thread.run_sync(func)
2026-09-17T17:43:25.581161244Z            ^^^^^^^^^^^^^^^^^^^^^^^^^^^^^^^^^^^^
2026-09-17T17:43:25.581163268Z   File "/usr/local/lib/python3.13/site-packages/anyio/to_thread.py", line 63, in run_sync
2026-09-17T17:43:25.581165192Z     return await get_async_backend().run_sync_in_worker_thread(
2026-09-17T17:43:25.581167146Z            ^^^^^^^^^^^^^^^^^^^^^^^^^^^^^^^^^^^^^^^^^^^^^^^^^^^^
2026-09-17T17:43:25.581169590Z         func, args, abandon_on_cancel=abandon_on_cancel, limiter=limiter
2026-09-17T17:43:25.581172236Z         ^^^^^^^^^^^^^^^^^^^^^^^^^^^^^^^^^^^^^^^^^^^^^^^^^^^^^^^^^^^^^^^^
2026-09-17T17:43:25.581174600Z     )
2026-09-17T17:43:25.581177095Z     ^
2026-09-17T17:43:25.581179640Z   File "/usr/local/lib/python3.13/site-packages/anyio/_backends/_asyncio.py", line 2518, in run_sync_in_worker_thread
2026-09-17T17:43:25.581182496Z     return await future
2026-09-17T17:43:25.581184851Z            ^^^^^^^^^^^^
2026-09-17T17:43:25.581187275Z   File "/usr/local/lib/python3.13/site-packages/anyio/_backends/_asyncio.py", line 1002, in run
2026-09-17T17:43:25.581189951Z     result = context.run(func, *args)
2026-09-17T17:43:25.581192295Z   File "/app/app/routers/orders.py", line 36, in checkout
2026-09-17T17:43:25.581194640Z     return create_order(
2026-09-17T17:43:25.581197005Z         db=db,
2026-09-17T17:43:25.581199510Z     ...<2 lines>...
2026-09-17T17:43:25.581201694Z         correlation_id=correlation_id,
2026-09-17T17:43:25.581203988Z     )
2026-09-17T17:43:25.581206914Z   File "/app/app/services/order_service.py", line 42, in create_order
2026-09-17T17:43:25.581209289Z     result = db.execute(
2026-09-17T17:43:25.581211674Z         select(ProductModel).where(ProductModel.id == product_id)
2026-09-17T17:43:25.581214169Z     )
2026-09-17T17:43:25.581218036Z   File "/usr/local/lib/python3.13/site-packages/sqlalchemy/orm/session.py", line 2372, in execute
2026-09-17T17:43:25.581223096Z     return self._execute_internal(
2026-09-17T17:43:25.581225822Z            ~~~~~~~~~~~~~~~~~~~~~~^
2026-09-17T17:43:25.581228086Z         statement,
2026-09-17T17:43:25.581230190Z         ^^^^^^^^^^
2026-09-17T17:43:25.581232144Z     ...<4 lines>...
2026-09-17T17:43:25.581234068Z         _add_event=_add_event,
2026-09-17T17:43:25.581235982Z         ^^^^^^^^^^^^^^^^^^^^^^
2026-09-17T17:43:25.581237966Z     )
2026-09-17T17:43:25.581239879Z     ^
2026-09-17T17:43:25.581241813Z   File "/usr/local/lib/python3.13/site-packages/sqlalchemy/orm/session.py", line 2260, in _execute_internal
2026-09-17T17:43:25.581243737Z     conn = self._connection_for_bind(bind)
2026-09-17T17:43:25.581245661Z   File "/usr/local/lib/python3.13/site-packages/sqlalchemy/orm/session.py", line 2112, in _connection_for_bind
2026-09-17T17:43:25.581247715Z     return trans._connection_for_bind(engine, execution_options)
2026-09-17T17:43:25.581249669Z            ~~~~~~~~~~~~~~~~~~~~~~~~~~^^^^^^^^^^^^^^^^^^^^^^^^^^^
2026-09-17T17:43:25.581251603Z   File "<string>", line 2, in _connection_for_bind
2026-09-17T17:43:25.581253556Z   File "/usr/local/lib/python3.13/site-packages/sqlalchemy/orm/state_changes.py", line 137, in _go
2026-09-17T17:43:25.581255480Z     ret_value = fn(self, *arg, **kw)
2026-09-17T17:43:25.581257745Z   File "/usr/local/lib/python3.13/site-packages/sqlalchemy/orm/session.py", line 1191, in _connection_for_bind
2026-09-17T17:43:25.581259668Z     conn = bind.connect()
2026-09-17T17:43:25.581262193Z   File "/usr/local/lib/python3.13/site-packages/opentelemetry/instrumentation/sqlalchemy/engine.py", line 200, in _wrap_connect_internal
2026-09-17T17:43:25.581264177Z     return func(*args, **kwargs)
2026-09-17T17:43:25.581273776Z   File "/usr/local/lib/python3.13/site-packages/sqlalchemy/engine/base.py", line 3295, in connect
2026-09-17T17:43:25.581276361Z     return self._connection_cls(self)
2026-09-17T17:43:25.581278756Z            ~~~~~~~~~~~~~~~~~~~~^^^^^^
2026-09-17T17:43:25.581281341Z   File "/usr/local/lib/python3.13/site-packages/sqlalchemy/engine/base.py", line 144, in __init__
2026-09-17T17:43:25.581283826Z     self._dbapi_connection = engine.raw_connection()
2026-09-17T17:43:25.581286231Z                              ~~~~~~~~~~~~~~~~~~~~~^^
2026-09-17T17:43:25.581291441Z   File "/usr/local/lib/python3.13/site-packages/sqlalchemy/engine/base.py", line 3319, in raw_connection
2026-09-17T17:43:25.581295800Z     return self.pool.connect()
2026-09-17T17:43:25.581297824Z            ~~~~~~~~~~~~~~~~~^^
2026-09-17T17:43:25.581299798Z   File "/usr/local/lib/python3.13/site-packages/sqlalchemy/pool/base.py", line 448, in connect
2026-09-17T17:43:25.581301762Z     return _ConnectionFairy._checkout(self)
2026-09-17T17:43:25.581303716Z            ~~~~~~~~~~~~~~~~~~~~~~~~~~^^^^^^
2026-09-17T17:43:25.581305710Z   File "/usr/local/lib/python3.13/site-packages/sqlalchemy/pool/base.py", line 1272, in _checkout
2026-09-17T17:43:25.581307683Z     fairy = _ConnectionRecord.checkout(pool)
2026-09-17T17:43:25.581309637Z   File "/usr/local/lib/python3.13/site-packages/sqlalchemy/pool/base.py", line 712, in checkout
2026-09-17T17:43:25.581311591Z     rec = pool._do_get()
2026-09-17T17:43:25.581313535Z   File "/usr/local/lib/python3.13/site-packages/sqlalchemy/pool/impl.py", line 167, in _do_get
2026-09-17T17:43:25.581315449Z     raise exc.TimeoutError(
2026-09-17T17:43:25.581317393Z     ...<4 lines>...
2026-09-17T17:43:25.581319336Z     )
2026-09-17T17:43:25.581321881Z sqlalchemy.exc.TimeoutError: QueuePool limit of size 5 overflow 10 reached, connection timed out, timeout 30.00 (Background on this error at: https://sqlalche.me/e/20/3o7r)
2026-09-17T17:43:25.607898120Z ERROR:    Exception in ASGI application
2026-09-17T17:43:25.607935013Z Traceback (most recent call last):
2026-09-17T17:43:25.607937819Z   File "/usr/local/lib/python3.13/site-packages/uvicorn/protocols/http/httptools_impl.py", line 421, in run_asgi
2026-09-17T17:43:25.607940705Z     result = await app(  # type: ignore[func-returns-value]
2026-09-17T17:43:25.607942859Z              ^^^^^^^^^^^^^^^^^^^^^^^^^^^^^^^^^^^^^^^^^^^^^^
2026-09-17T17:43:25.607944913Z         self.scope, self.receive, self.send
2026-09-17T17:43:25.607946887Z         ^^^^^^^^^^^^^^^^^^^^^^^^^^^^^^^^^^^
2026-09-17T17:43:25.607949141Z     )
2026-09-17T17:43:25.607951215Z     ^
2026-09-17T17:43:25.607953139Z   File "/usr/local/lib/python3.13/site-packages/uvicorn/middleware/proxy_headers.py", line 63, in __call__
2026-09-17T17:43:25.607955083Z     return await self.app(scope, receive, send)
2026-09-17T17:43:25.607956997Z            ^^^^^^^^^^^^^^^^^^^^^^^^^^^^^^^^^^^^
2026-09-17T17:43:25.607959502Z   File "/usr/local/lib/python3.13/site-packages/fastapi/applications.py", line 1159, in __call__
2026-09-17T17:43:25.607961486Z     await super().__call__(scope, receive, send)
2026-09-17T17:43:25.607963399Z   File "/usr/local/lib/python3.13/site-packages/starlette/applications.py", line 107, in __call__
2026-09-17T17:43:25.607965323Z     await self.middleware_stack(scope, receive, send)
2026-09-17T17:43:25.607967237Z   File "/usr/local/lib/python3.13/site-packages/starlette/middleware/errors.py", line 186, in __call__
2026-09-17T17:43:25.607969181Z     raise exc
2026-09-17T17:43:25.607971115Z   File "/usr/local/lib/python3.13/site-packages/starlette/middleware/errors.py", line 164, in __call__
2026-09-17T17:43:25.607973018Z     await self.app(scope, receive, _send)
2026-09-17T17:43:25.607993569Z   File "/usr/local/lib/python3.13/site-packages/opentelemetry/instrumentation/asgi/__init__.py", line 806, in __call__
2026-09-17T17:43:25.607995613Z     await self.app(scope, otel_receive, otel_send)
2026-09-17T17:43:25.607997537Z   File "/usr/local/lib/python3.13/site-packages/starlette/middleware/errors.py", line 186, in __call__
2026-09-17T17:43:25.607999461Z     raise exc
2026-09-17T17:43:25.608001394Z   File "/usr/local/lib/python3.13/site-packages/starlette/middleware/errors.py", line 164, in __call__
2026-09-17T17:43:25.608003338Z     await self.app(scope, receive, _send)
2026-09-17T17:43:25.608005252Z   File "/usr/local/lib/python3.13/site-packages/opentelemetry/instrumentation/fastapi/__init__.py", line 305, in __call__
2026-09-17T17:43:25.608007176Z     await self.app(scope, receive, send)
2026-09-17T17:43:25.608009130Z   File "/usr/local/lib/python3.13/site-packages/prometheus_fastapi_instrumentator/middleware.py", line 177, in __call__
2026-09-17T17:43:25.608011064Z     raise exc
2026-09-17T17:43:25.608012997Z   File "/usr/local/lib/python3.13/site-packages/prometheus_fastapi_instrumentator/middleware.py", line 175, in __call__
2026-09-17T17:43:25.608014921Z     await self.app(scope, receive, send_wrapper)
2026-09-17T17:43:25.608016835Z   File "/usr/local/lib/python3.13/site-packages/starlette/middleware/exceptions.py", line 63, in __call__
2026-09-17T17:43:25.608019460Z     await wrap_app_handling_exceptions(self.app, conn)(scope, receive, send)
2026-09-17T17:43:25.608021394Z   File "/usr/local/lib/python3.13/site-packages/starlette/_exception_handler.py", line 53, in wrapped_app
2026-09-17T17:43:25.608023308Z     raise exc
2026-09-17T17:43:25.608025282Z   File "/usr/local/lib/python3.13/site-packages/starlette/_exception_handler.py", line 42, in wrapped_app
2026-09-17T17:43:25.608027196Z     await app(scope, receive, sender)
2026-09-17T17:43:25.608029099Z   File "/usr/local/lib/python3.13/site-packages/fastapi/middleware/asyncexitstack.py", line 18, in __call__
2026-09-17T17:43:25.608031013Z     await self.app(scope, receive, send)
2026-09-17T17:43:25.608032937Z   File "/usr/local/lib/python3.13/site-packages/starlette/routing.py", line 716, in __call__
2026-09-17T17:43:25.608034851Z     await self.middleware_stack(scope, receive, send)
2026-09-17T17:43:25.608036764Z   File "/usr/local/lib/python3.13/site-packages/starlette/routing.py", line 736, in app
2026-09-17T17:43:25.608038879Z     await route.handle(scope, receive, send)
2026-09-17T17:43:25.608040873Z   File "/usr/local/lib/python3.13/site-packages/starlette/routing.py", line 290, in handle
2026-09-17T17:43:25.608042786Z     await self.app(scope, receive, send)
2026-09-17T17:43:25.608044700Z   File "/usr/local/lib/python3.13/site-packages/fastapi/routing.py", line 134, in app
2026-09-17T17:43:25.608046634Z     await wrap_app_handling_exceptions(app, request)(scope, receive, send)
2026-09-17T17:43:25.608048568Z   File "/usr/local/lib/python3.13/site-packages/starlette/_exception_handler.py", line 53, in wrapped_app
2026-09-17T17:43:25.608050672Z     raise exc
2026-09-17T17:43:25.608052656Z   File "/usr/local/lib/python3.13/site-packages/starlette/_exception_handler.py", line 42, in wrapped_app
2026-09-17T17:43:25.608054590Z     await app(scope, receive, sender)
2026-09-17T17:43:25.608056554Z   File "/usr/local/lib/python3.13/site-packages/fastapi/routing.py", line 120, in app
2026-09-17T17:43:25.608059008Z     response = await f(request)
2026-09-17T17:43:25.608060932Z                ^^^^^^^^^^^^^^^^
2026-09-17T17:43:25.608062896Z   File "/usr/local/lib/python3.13/site-packages/fastapi/routing.py", line 674, in app
2026-09-17T17:43:25.608065110Z     raw_response = await run_endpoint_function(
2026-09-17T17:43:25.608071673Z                    ^^^^^^^^^^^^^^^^^^^^^^^^^^^^
2026-09-17T17:43:25.608074359Z     ...<3 lines>...
2026-09-17T17:43:25.608076283Z     )
2026-09-17T17:43:25.608078226Z     ^
2026-09-17T17:43:25.608080180Z   File "/usr/local/lib/python3.13/site-packages/fastapi/routing.py", line 330, in run_endpoint_function
2026-09-17T17:43:25.608082114Z     return await run_in_threadpool(dependant.call, **values)
2026-09-17T17:43:25.608084038Z            ^^^^^^^^^^^^^^^^^^^^^^^^^^^^^^^^^^^^^^^^^^^^^^^^^
2026-09-17T17:43:25.608119097Z   File "/usr/local/lib/python3.13/site-packages/starlette/concurrency.py", line 32, in run_in_threadpool
2026-09-17T17:43:25.608123887Z     return await anyio.to_thread.run_sync(func)
2026-09-17T17:43:25.608125911Z            ^^^^^^^^^^^^^^^^^^^^^^^^^^^^^^^^^^^^
2026-09-17T17:43:25.608127905Z   File "/usr/local/lib/python3.13/site-packages/anyio/to_thread.py", line 63, in run_sync
2026-09-17T17:43:25.608129848Z     return await get_async_backend().run_sync_in_worker_thread(
2026-09-17T17:43:25.608131782Z            ^^^^^^^^^^^^^^^^^^^^^^^^^^^^^^^^^^^^^^^^^^^^^^^^^^^^
2026-09-17T17:43:25.608133716Z         func, args, abandon_on_cancel=abandon_on_cancel, limiter=limiter
2026-09-17T17:43:25.608135650Z         ^^^^^^^^^^^^^^^^^^^^^^^^^^^^^^^^^^^^^^^^^^^^^^^^^^^^^^^^^^^^^^^^
2026-09-17T17:43:25.608137574Z     )
2026-09-17T17:43:25.608139508Z     ^
2026-09-17T17:43:25.608141471Z   File "/usr/local/lib/python3.13/site-packages/anyio/_backends/_asyncio.py", line 2518, in run_sync_in_worker_thread
2026-09-17T17:43:25.608143576Z     return await future
2026-09-17T17:43:25.608145499Z            ^^^^^^^^^^^^
2026-09-17T17:43:25.608147513Z   File "/usr/local/lib/python3.13/site-packages/anyio/_backends/_asyncio.py", line 1002, in run
2026-09-17T17:43:25.608149457Z     result = context.run(func, *args)
2026-09-17T17:43:25.608151531Z   File "/app/app/routers/orders.py", line 36, in checkout
2026-09-17T17:43:25.608153766Z     return create_order(
2026-09-17T17:43:25.608155730Z         db=db,
2026-09-17T17:43:25.608157653Z     ...<2 lines>...
2026-09-17T17:43:25.608159627Z         correlation_id=correlation_id,
2026-09-17T17:43:25.608161551Z     )
2026-09-17T17:43:25.608163495Z   File "/app/app/services/order_service.py", line 42, in create_order
2026-09-17T17:43:25.608165439Z     result = db.execute(
2026-09-17T17:43:25.608167353Z         select(ProductModel).where(ProductModel.id == product_id)
2026-09-17T17:43:25.608169276Z     )
2026-09-17T17:43:25.608171200Z   File "/usr/local/lib/python3.13/site-packages/sqlalchemy/orm/session.py", line 2372, in execute
2026-09-17T17:43:25.608173124Z     return self._execute_internal(
2026-09-17T17:43:25.608175068Z            ~~~~~~~~~~~~~~~~~~~~~~^
2026-09-17T17:43:25.608177012Z         statement,
2026-09-17T17:43:25.608178935Z         ^^^^^^^^^^
2026-09-17T17:43:25.608180849Z     ...<4 lines>...
2026-09-17T17:43:25.608182753Z         _add_event=_add_event,
2026-09-17T17:43:25.608184657Z         ^^^^^^^^^^^^^^^^^^^^^^
2026-09-17T17:43:25.608186551Z     )
2026-09-17T17:43:25.608188464Z     ^
2026-09-17T17:43:25.608190398Z   File "/usr/local/lib/python3.13/site-packages/sqlalchemy/orm/session.py", line 2260, in _execute_internal
2026-09-17T17:43:25.608192322Z     conn = self._connection_for_bind(bind)
2026-09-17T17:43:25.608194266Z   File "/usr/local/lib/python3.13/site-packages/sqlalchemy/orm/session.py", line 2112, in _connection_for_bind
2026-09-17T17:43:25.608196210Z     return trans._connection_for_bind(engine, execution_options)
2026-09-17T17:43:25.608198194Z            ~~~~~~~~~~~~~~~~~~~~~~~~~~^^^^^^^^^^^^^^^^^^^^^^^^^^^
2026-09-17T17:43:25.608207752Z   File "<string>", line 2, in _connection_for_bind
2026-09-17T17:43:25.608209746Z   File "/usr/local/lib/python3.13/site-packages/sqlalchemy/orm/state_changes.py", line 137, in _go
2026-09-17T17:43:25.608211670Z     ret_value = fn(self, *arg, **kw)
2026-09-17T17:43:25.608213604Z   File "/usr/local/lib/python3.13/site-packages/sqlalchemy/orm/session.py", line 1191, in _connection_for_bind
2026-09-17T17:43:25.608215548Z     conn = bind.connect()
2026-09-17T17:43:25.608218023Z   File "/usr/local/lib/python3.13/site-packages/opentelemetry/instrumentation/sqlalchemy/engine.py", line 200, in _wrap_connect_internal
2026-09-17T17:43:25.608219957Z     return func(*args, **kwargs)
2026-09-17T17:43:25.608221890Z   File "/usr/local/lib/python3.13/site-packages/sqlalchemy/engine/base.py", line 3295, in connect
2026-09-17T17:43:25.608223824Z     return self._connection_cls(self)
2026-09-17T17:43:25.608225798Z            ~~~~~~~~~~~~~~~~~~~~^^^^^^
2026-09-17T17:43:25.608228033Z   File "/usr/local/lib/python3.13/site-packages/sqlalchemy/engine/base.py", line 144, in __init__
2026-09-17T17:43:25.608230016Z     self._dbapi_connection = engine.raw_connection()
2026-09-17T17:43:25.608231940Z                              ~~~~~~~~~~~~~~~~~~~~~^^
2026-09-17T17:43:25.608233884Z   File "/usr/local/lib/python3.13/site-packages/sqlalchemy/engine/base.py", line 3319, in raw_connection
2026-09-17T17:43:25.608235808Z     return self.pool.connect()
2026-09-17T17:43:25.608237722Z            ~~~~~~~~~~~~~~~~~^^
2026-09-17T17:43:25.608239756Z   File "/usr/local/lib/python3.13/site-packages/sqlalchemy/pool/base.py", line 448, in connect
2026-09-17T17:43:25.608241720Z     return _ConnectionFairy._checkout(self)
2026-09-17T17:43:25.608243643Z            ~~~~~~~~~~~~~~~~~~~~~~~~~~^^^^^^
2026-09-17T17:43:25.608245597Z   File "/usr/local/lib/python3.13/site-packages/sqlalchemy/pool/base.py", line 1272, in _checkout
2026-09-17T17:43:25.608247531Z     fairy = _ConnectionRecord.checkout(pool)
2026-09-17T17:43:25.608249455Z   File "/usr/local/lib/python3.13/site-packages/sqlalchemy/pool/base.py", line 712, in checkout
2026-09-17T17:43:25.608251369Z     rec = pool._do_get()
2026-09-17T17:43:25.608253292Z   File "/usr/local/lib/python3.13/site-packages/sqlalchemy/pool/impl.py", line 167, in _do_get
2026-09-17T17:43:25.608255206Z     raise exc.TimeoutError(
2026-09-17T17:43:25.608257110Z     ...<4 lines>...
2026-09-17T17:43:25.608259034Z     )
2026-09-17T17:43:25.608261549Z sqlalchemy.exc.TimeoutError: QueuePool limit of size 5 overflow 10 reached, connection timed out, timeout 30.00 (Background on this error at: https://sqlalche.me/e/20/3o7r)
2026-09-17T17:43:25.728873979Z ERROR:    Exception in ASGI application
2026-09-17T17:43:25.728916012Z Traceback (most recent call last):
2026-09-17T17:43:25.728921222Z   File "/usr/local/lib/python3.13/site-packages/uvicorn/protocols/http/httptools_impl.py", line 421, in run_asgi
2026-09-17T17:43:25.728925952Z     result = await app(  # type: ignore[func-returns-value]
2026-09-17T17:43:25.728930030Z              ^^^^^^^^^^^^^^^^^^^^^^^^^^^^^^^^^^^^^^^^^^^^^^
2026-09-17T17:43:25.728933998Z         self.scope, self.receive, self.send
2026-09-17T17:43:25.728938236Z         ^^^^^^^^^^^^^^^^^^^^^^^^^^^^^^^^^^^
2026-09-17T17:43:25.728942244Z     )
2026-09-17T17:43:25.728946222Z     ^
2026-09-17T17:43:25.728950230Z   File "/usr/local/lib/python3.13/site-packages/uvicorn/middleware/proxy_headers.py", line 63, in __call__
2026-09-17T17:43:25.728954238Z     return await self.app(scope, receive, send)
2026-09-17T17:43:25.728958176Z            ^^^^^^^^^^^^^^^^^^^^^^^^^^^^^^^^^^^^
2026-09-17T17:43:25.728962775Z   File "/usr/local/lib/python3.13/site-packages/fastapi/applications.py", line 1159, in __call__
2026-09-17T17:43:25.728994237Z     await super().__call__(scope, receive, send)
2026-09-17T17:43:25.728998495Z   File "/usr/local/lib/python3.13/site-packages/starlette/applications.py", line 107, in __call__
2026-09-17T17:43:25.729002463Z     await self.middleware_stack(scope, receive, send)
2026-09-17T17:43:25.729006421Z   File "/usr/local/lib/python3.13/site-packages/starlette/middleware/errors.py", line 186, in __call__
2026-09-17T17:43:25.729010429Z     raise exc
2026-09-17T17:43:25.729014437Z   File "/usr/local/lib/python3.13/site-packages/starlette/middleware/errors.py", line 164, in __call__
2026-09-17T17:43:25.729018405Z     await self.app(scope, receive, _send)
2026-09-17T17:43:25.729023304Z   File "/usr/local/lib/python3.13/site-packages/opentelemetry/instrumentation/asgi/__init__.py", line 806, in __call__
2026-09-17T17:43:25.729027282Z     await self.app(scope, otel_receive, otel_send)
2026-09-17T17:43:25.729032072Z   File "/usr/local/lib/python3.13/site-packages/starlette/middleware/errors.py", line 186, in __call__
2026-09-17T17:43:25.729036070Z     raise exc
2026-09-17T17:43:25.729040108Z   File "/usr/local/lib/python3.13/site-packages/starlette/middleware/errors.py", line 164, in __call__
2026-09-17T17:43:25.729044075Z     await self.app(scope, receive, _send)
2026-09-17T17:43:25.729048033Z   File "/usr/local/lib/python3.13/site-packages/opentelemetry/instrumentation/fastapi/__init__.py", line 305, in __call__
2026-09-17T17:43:25.729051961Z     await self.app(scope, receive, send)
2026-09-17T17:43:25.729055919Z   File "/usr/local/lib/python3.13/site-packages/prometheus_fastapi_instrumentator/middleware.py", line 177, in __call__
2026-09-17T17:43:25.729059857Z     raise exc
2026-09-17T17:43:25.729063864Z   File "/usr/local/lib/python3.13/site-packages/prometheus_fastapi_instrumentator/middleware.py", line 175, in __call__
2026-09-17T17:43:25.729067792Z     await self.app(scope, receive, send_wrapper)
2026-09-17T17:43:25.729071720Z   File "/usr/local/lib/python3.13/site-packages/starlette/middleware/exceptions.py", line 63, in __call__
2026-09-17T17:43:25.729076700Z     await wrap_app_handling_exceptions(self.app, conn)(scope, receive, send)
2026-09-17T17:43:25.729084245Z   File "/usr/local/lib/python3.13/site-packages/starlette/_exception_handler.py", line 53, in wrapped_app
2026-09-17T17:43:25.729088293Z     raise exc
2026-09-17T17:43:25.729092461Z   File "/usr/local/lib/python3.13/site-packages/starlette/_exception_handler.py", line 42, in wrapped_app
2026-09-17T17:43:25.729096439Z     await app(scope, receive, sender)
2026-09-17T17:43:25.729100467Z   File "/usr/local/lib/python3.13/site-packages/fastapi/middleware/asyncexitstack.py", line 18, in __call__
2026-09-17T17:43:25.729104425Z     await self.app(scope, receive, send)
2026-09-17T17:43:25.729108362Z   File "/usr/local/lib/python3.13/site-packages/starlette/routing.py", line 716, in __call__
2026-09-17T17:43:25.729112310Z     await self.middleware_stack(scope, receive, send)
2026-09-17T17:43:25.729116288Z   File "/usr/local/lib/python3.13/site-packages/starlette/routing.py", line 736, in app
2026-09-17T17:43:25.729120266Z     await route.handle(scope, receive, send)
2026-09-17T17:43:25.729124554Z   File "/usr/local/lib/python3.13/site-packages/starlette/routing.py", line 290, in handle
2026-09-17T17:43:25.729128552Z     await self.app(scope, receive, send)
2026-09-17T17:43:25.729132590Z   File "/usr/local/lib/python3.13/site-packages/fastapi/routing.py", line 134, in app
2026-09-17T17:43:25.729136708Z     await wrap_app_handling_exceptions(app, request)(scope, receive, send)
2026-09-17T17:43:25.729140736Z   File "/usr/local/lib/python3.13/site-packages/starlette/_exception_handler.py", line 53, in wrapped_app
2026-09-17T17:43:25.729154133Z     raise exc
2026-09-17T17:43:25.729158221Z   File "/usr/local/lib/python3.13/site-packages/starlette/_exception_handler.py", line 42, in wrapped_app
2026-09-17T17:43:25.729162179Z     await app(scope, receive, sender)
2026-09-17T17:43:25.729166107Z   File "/usr/local/lib/python3.13/site-packages/fastapi/routing.py", line 120, in app
2026-09-17T17:43:25.729170585Z     response = await f(request)
2026-09-17T17:43:25.729197569Z                ^^^^^^^^^^^^^^^^
2026-09-17T17:43:25.729206106Z   File "/usr/local/lib/python3.13/site-packages/fastapi/routing.py", line 674, in app
2026-09-17T17:43:25.729210164Z     raw_response = await run_endpoint_function(
2026-09-17T17:43:25.729214111Z                    ^^^^^^^^^^^^^^^^^^^^^^^^^^^^
2026-09-17T17:43:25.729219342Z     ...<3 lines>...
2026-09-17T17:43:25.729223360Z     )
2026-09-17T17:43:25.729227328Z     ^
2026-09-17T17:43:25.729231295Z   File "/usr/local/lib/python3.13/site-packages/fastapi/routing.py", line 330, in run_endpoint_function
2026-09-17T17:43:25.729235343Z     return await run_in_threadpool(dependant.call, **values)
2026-09-17T17:43:25.729239341Z            ^^^^^^^^^^^^^^^^^^^^^^^^^^^^^^^^^^^^^^^^^^^^^^^^^
2026-09-17T17:43:25.729301514Z   File "/usr/local/lib/python3.13/site-packages/starlette/concurrency.py", line 32, in run_in_threadpool
2026-09-17T17:43:25.729311203Z     return await anyio.to_thread.run_sync(func)
2026-09-17T17:43:25.729315402Z            ^^^^^^^^^^^^^^^^^^^^^^^^^^^^^^^^^^^^
2026-09-17T17:43:25.729319350Z   File "/usr/local/lib/python3.13/site-packages/anyio/to_thread.py", line 63, in run_sync
2026-09-17T17:43:25.729323398Z     return await get_async_backend().run_sync_in_worker_thread(
2026-09-17T17:43:25.729327526Z            ^^^^^^^^^^^^^^^^^^^^^^^^^^^^^^^^^^^^^^^^^^^^^^^^^^^^
2026-09-17T17:43:25.729331514Z         func, args, abandon_on_cancel=abandon_on_cancel, limiter=limiter
2026-09-17T17:43:25.729335471Z         ^^^^^^^^^^^^^^^^^^^^^^^^^^^^^^^^^^^^^^^^^^^^^^^^^^^^^^^^^^^^^^^^
2026-09-17T17:43:25.729339419Z     )
2026-09-17T17:43:25.729343367Z     ^
2026-09-17T17:43:25.729347275Z   File "/usr/local/lib/python3.13/site-packages/anyio/_backends/_asyncio.py", line 2518, in run_sync_in_worker_thread
2026-09-17T17:43:25.729351243Z     return await future
2026-09-17T17:43:25.729355230Z            ^^^^^^^^^^^^
2026-09-17T17:43:25.729359278Z   File "/usr/local/lib/python3.13/site-packages/anyio/_backends/_asyncio.py", line 1002, in run
2026-09-17T17:43:25.729363407Z     result = context.run(func, *args)
2026-09-17T17:43:25.729367455Z   File "/app/app/routers/orders.py", line 36, in checkout
2026-09-17T17:43:25.729371443Z     return create_order(
2026-09-17T17:43:25.729375440Z         db=db,
2026-09-17T17:43:25.729379428Z     ...<2 lines>...
2026-09-17T17:43:25.729383406Z         correlation_id=correlation_id,
2026-09-17T17:43:25.729387364Z     )
2026-09-17T17:43:25.729391592Z   File "/app/app/services/order_service.py", line 42, in create_order
2026-09-17T17:43:25.729395650Z     result = db.execute(
2026-09-17T17:43:25.729399648Z         select(ProductModel).where(ProductModel.id == product_id)
2026-09-17T17:43:25.729403536Z     )
2026-09-17T17:43:25.729407514Z   File "/usr/local/lib/python3.13/site-packages/sqlalchemy/orm/session.py", line 2372, in execute
2026-09-17T17:43:25.729411482Z     return self._execute_internal(
2026-09-17T17:43:25.729415429Z            ~~~~~~~~~~~~~~~~~~~~~~^
2026-09-17T17:43:25.729419788Z         statement,
2026-09-17T17:43:25.729423836Z         ^^^^^^^^^^
2026-09-17T17:43:25.729427814Z     ...<4 lines>...
2026-09-17T17:43:25.729431772Z         _add_event=_add_event,
2026-09-17T17:43:25.729480398Z         ^^^^^^^^^^^^^^^^^^^^^^
2026-09-17T17:43:25.729488784Z     )
2026-09-17T17:43:25.729492732Z     ^
2026-09-17T17:43:25.729498784Z   File "/usr/local/lib/python3.13/site-packages/sqlalchemy/orm/session.py", line 2260, in _execute_internal
2026-09-17T17:43:25.729502862Z     conn = self._connection_for_bind(bind)
2026-09-17T17:43:25.729507171Z   File "/usr/local/lib/python3.13/site-packages/sqlalchemy/orm/session.py", line 2112, in _connection_for_bind
2026-09-17T17:43:25.729511179Z     return trans._connection_for_bind(engine, execution_options)
2026-09-17T17:43:25.729515117Z            ~~~~~~~~~~~~~~~~~~~~~~~~~~^^^^^^^^^^^^^^^^^^^^^^^^^^^
2026-09-17T17:43:25.729519145Z   File "<string>", line 2, in _connection_for_bind
2026-09-17T17:43:25.729523092Z   File "/usr/local/lib/python3.13/site-packages/sqlalchemy/orm/state_changes.py", line 137, in _go
2026-09-17T17:43:25.729527000Z     ret_value = fn(self, *arg, **kw)
2026-09-17T17:43:25.729530978Z   File "/usr/local/lib/python3.13/site-packages/sqlalchemy/orm/session.py", line 1191, in _connection_for_bind
2026-09-17T17:43:25.729534996Z     conn = bind.connect()
2026-09-17T17:43:25.729539916Z   File "/usr/local/lib/python3.13/site-packages/opentelemetry/instrumentation/sqlalchemy/engine.py", line 200, in _wrap_connect_internal
2026-09-17T17:43:25.729543903Z     return func(*args, **kwargs)
2026-09-17T17:43:25.729547861Z   File "/usr/local/lib/python3.13/site-packages/sqlalchemy/engine/base.py", line 3295, in connect
2026-09-17T17:43:25.729551799Z     return self._connection_cls(self)
2026-09-17T17:43:25.729555757Z            ~~~~~~~~~~~~~~~~~~~~^^^^^^
2026-09-17T17:43:25.729559655Z   File "/usr/local/lib/python3.13/site-packages/sqlalchemy/engine/base.py", line 144, in __init__
2026-09-17T17:43:25.729563843Z     self._dbapi_connection = engine.raw_connection()
2026-09-17T17:43:25.729567771Z                              ~~~~~~~~~~~~~~~~~~~~~^^
2026-09-17T17:43:25.729571718Z   File "/usr/local/lib/python3.13/site-packages/sqlalchemy/engine/base.py", line 3319, in raw_connection
2026-09-17T17:43:25.729575696Z     return self.pool.connect()
2026-09-17T17:43:25.729579644Z            ~~~~~~~~~~~~~~~~~^^
2026-09-17T17:43:25.729583592Z   File "/usr/local/lib/python3.13/site-packages/sqlalchemy/pool/base.py", line 448, in connect
2026-09-17T17:43:25.729587530Z     return _ConnectionFairy._checkout(self)
2026-09-17T17:43:25.729591437Z            ~~~~~~~~~~~~~~~~~~~~~~~~~~^^^^^^
2026-09-17T17:43:25.729595365Z   File "/usr/local/lib/python3.13/site-packages/sqlalchemy/pool/base.py", line 1272, in _checkout
2026-09-17T17:43:25.729599283Z     fairy = _ConnectionRecord.checkout(pool)
2026-09-17T17:43:25.729603241Z   File "/usr/local/lib/python3.13/site-packages/sqlalchemy/pool/base.py", line 712, in checkout
2026-09-17T17:43:25.729607209Z     rec = pool._do_get()
2026-09-17T17:43:25.729611146Z   File "/usr/local/lib/python3.13/site-packages/sqlalchemy/pool/impl.py", line 167, in _do_get
2026-09-17T17:43:25.729615074Z     raise exc.TimeoutError(
2026-09-17T17:43:25.729619313Z     ...<4 lines>...
2026-09-17T17:43:25.729624853Z     )
2026-09-17T17:43:25.729631697Z sqlalchemy.exc.TimeoutError: QueuePool limit of size 5 overflow 10 reached, connection timed out, timeout 30.00 (Background on this error at: https://sqlalche.me/e/20/3o7r)
2026-09-17T17:43:26.205687588Z ERROR:    Exception in ASGI application
2026-09-17T17:43:26.205785021Z Traceback (most recent call last):
2026-09-17T17:43:26.205791994Z   File "/usr/local/lib/python3.13/site-packages/uvicorn/protocols/http/httptools_impl.py", line 421, in run_asgi
2026-09-17T17:43:26.205797295Z     result = await app(  # type: ignore[func-returns-value]
2026-09-17T17:43:26.205828346Z              ^^^^^^^^^^^^^^^^^^^^^^^^^^^^^^^^^^^^^^^^^^^^^^
2026-09-17T17:43:26.205832865Z         self.scope, self.receive, self.send
2026-09-17T17:43:26.205837224Z         ^^^^^^^^^^^^^^^^^^^^^^^^^^^^^^^^^^^
2026-09-17T17:43:26.205841572Z     )
2026-09-17T17:43:26.205846242Z     ^
2026-09-17T17:43:26.205850931Z   File "/usr/local/lib/python3.13/site-packages/uvicorn/middleware/proxy_headers.py", line 63, in __call__
2026-09-17T17:43:26.205855390Z     return await self.app(scope, receive, send)
2026-09-17T17:43:26.205859798Z            ^^^^^^^^^^^^^^^^^^^^^^^^^^^^^^^^^^^^
2026-09-17T17:43:26.205864808Z   File "/usr/local/lib/python3.13/site-packages/fastapi/applications.py", line 1159, in __call__
2026-09-17T17:43:26.205869177Z     await super().__call__(scope, receive, send)
2026-09-17T17:43:26.205873536Z   File "/usr/local/lib/python3.13/site-packages/starlette/applications.py", line 107, in __call__
2026-09-17T17:43:26.205877884Z     await self.middleware_stack(scope, receive, send)
2026-09-17T17:43:26.205882363Z   File "/usr/local/lib/python3.13/site-packages/starlette/middleware/errors.py", line 186, in __call__
2026-09-17T17:43:26.205886842Z     raise exc
2026-09-17T17:43:26.205891251Z   File "/usr/local/lib/python3.13/site-packages/starlette/middleware/errors.py", line 164, in __call__
2026-09-17T17:43:26.205895629Z     await self.app(scope, receive, _send)
2026-09-17T17:43:26.205900629Z   File "/usr/local/lib/python3.13/site-packages/opentelemetry/instrumentation/asgi/__init__.py", line 806, in __call__
2026-09-17T17:43:26.205904998Z     await self.app(scope, otel_receive, otel_send)
2026-09-17T17:43:26.205909346Z   File "/usr/local/lib/python3.13/site-packages/starlette/middleware/errors.py", line 186, in __call__
2026-09-17T17:43:26.205913815Z     raise exc
2026-09-17T17:43:26.205918224Z   File "/usr/local/lib/python3.13/site-packages/starlette/middleware/errors.py", line 164, in __call__
2026-09-17T17:43:26.205922613Z     await self.app(scope, receive, _send)
2026-09-17T17:43:26.205947602Z   File "/usr/local/lib/python3.13/site-packages/opentelemetry/instrumentation/fastapi/__init__.py", line 305, in __call__
2026-09-17T17:43:26.205952241Z     await self.app(scope, receive, send)
2026-09-17T17:43:26.205956660Z   File "/usr/local/lib/python3.13/site-packages/prometheus_fastapi_instrumentator/middleware.py", line 177, in __call__
2026-09-17T17:43:26.205961089Z     raise exc
2026-09-17T17:43:26.205965417Z   File "/usr/local/lib/python3.13/site-packages/prometheus_fastapi_instrumentator/middleware.py", line 175, in __call__
2026-09-17T17:43:26.205969806Z     await self.app(scope, receive, send_wrapper)
2026-09-17T17:43:26.205974245Z   File "/usr/local/lib/python3.13/site-packages/starlette/middleware/exceptions.py", line 63, in __call__
2026-09-17T17:43:26.205979455Z     await wrap_app_handling_exceptions(self.app, conn)(scope, receive, send)
2026-09-17T17:43:26.205983814Z   File "/usr/local/lib/python3.13/site-packages/starlette/_exception_handler.py", line 53, in wrapped_app
2026-09-17T17:43:26.205988152Z     raise exc
2026-09-17T17:43:26.205992471Z   File "/usr/local/lib/python3.13/site-packages/starlette/_exception_handler.py", line 42, in wrapped_app
2026-09-17T17:43:26.205996869Z     await app(scope, receive, sender)
2026-09-17T17:43:26.206158840Z   File "/usr/local/lib/python3.13/site-packages/fastapi/middleware/asyncexitstack.py", line 18, in __call__
2026-09-17T17:43:26.206165483Z     await self.app(scope, receive, send)
2026-09-17T17:43:26.206170102Z   File "/usr/local/lib/python3.13/site-packages/starlette/routing.py", line 716, in __call__
2026-09-17T17:43:26.206174500Z     await self.middleware_stack(scope, receive, send)
2026-09-17T17:43:26.206198037Z   File "/usr/local/lib/python3.13/site-packages/starlette/routing.py", line 736, in app
2026-09-17T17:43:26.206202486Z     await route.handle(scope, receive, send)
2026-09-17T17:43:26.206206844Z   File "/usr/local/lib/python3.13/site-packages/starlette/routing.py", line 290, in handle
2026-09-17T17:43:26.206211494Z     await self.app(scope, receive, send)
2026-09-17T17:43:26.206215852Z   File "/usr/local/lib/python3.13/site-packages/fastapi/routing.py", line 134, in app
2026-09-17T17:43:26.206220161Z     await wrap_app_handling_exceptions(app, request)(scope, receive, send)
2026-09-17T17:43:26.206224519Z   File "/usr/local/lib/python3.13/site-packages/starlette/_exception_handler.py", line 53, in wrapped_app
2026-09-17T17:43:26.206228918Z     raise exc
2026-09-17T17:43:26.206233317Z   File "/usr/local/lib/python3.13/site-packages/starlette/_exception_handler.py", line 42, in wrapped_app
2026-09-17T17:43:26.206237625Z     await app(scope, receive, sender)
2026-09-17T17:43:26.206241944Z   File "/usr/local/lib/python3.13/site-packages/fastapi/routing.py", line 120, in app
2026-09-17T17:43:26.206246723Z     response = await f(request)
2026-09-17T17:43:26.206251032Z                ^^^^^^^^^^^^^^^^
2026-09-17T17:43:26.206255290Z   File "/usr/local/lib/python3.13/site-packages/fastapi/routing.py", line 674, in app
2026-09-17T17:43:26.206259659Z     raw_response = await run_endpoint_function(
2026-09-17T17:43:26.206263967Z                    ^^^^^^^^^^^^^^^^^^^^^^^^^^^^
2026-09-17T17:43:26.206269148Z     ...<3 lines>...
2026-09-17T17:43:26.206273606Z     )
2026-09-17T17:43:26.206277925Z     ^
2026-09-17T17:43:26.206282223Z   File "/usr/local/lib/python3.13/site-packages/fastapi/routing.py", line 330, in run_endpoint_function
2026-09-17T17:43:26.206286562Z     return await run_in_threadpool(dependant.call, **values)
2026-09-17T17:43:26.206290881Z            ^^^^^^^^^^^^^^^^^^^^^^^^^^^^^^^^^^^^^^^^^^^^^^^^^
2026-09-17T17:43:26.206358023Z   File "/usr/local/lib/python3.13/site-packages/starlette/concurrency.py", line 32, in run_in_threadpool
2026-09-17T17:43:26.206368013Z     return await anyio.to_thread.run_sync(func)
2026-09-17T17:43:26.206372632Z            ^^^^^^^^^^^^^^^^^^^^^^^^^^^^^^^^^^^^
2026-09-17T17:43:26.206377051Z   File "/usr/local/lib/python3.13/site-packages/anyio/to_thread.py", line 63, in run_sync
2026-09-17T17:43:26.206381550Z     return await get_async_backend().run_sync_in_worker_thread(
2026-09-17T17:43:26.206385959Z            ^^^^^^^^^^^^^^^^^^^^^^^^^^^^^^^^^^^^^^^^^^^^^^^^^^^^
2026-09-17T17:43:26.206390447Z         func, args, abandon_on_cancel=abandon_on_cancel, limiter=limiter
2026-09-17T17:43:26.206430416Z         ^^^^^^^^^^^^^^^^^^^^^^^^^^^^^^^^^^^^^^^^^^^^^^^^^^^^^^^^^^^^^^^^
2026-09-17T17:43:26.206437460Z     )
2026-09-17T17:43:26.206441919Z     ^
2026-09-17T17:43:26.206446288Z   File "/usr/local/lib/python3.13/site-packages/anyio/_backends/_asyncio.py", line 2518, in run_sync_in_worker_thread
2026-09-17T17:43:26.206450616Z     return await future
2026-09-17T17:43:26.206454925Z            ^^^^^^^^^^^^
2026-09-17T17:43:26.206459233Z   File "/usr/local/lib/python3.13/site-packages/anyio/_backends/_asyncio.py", line 1002, in run
2026-09-17T17:43:26.206463572Z     result = context.run(func, *args)
2026-09-17T17:43:26.206467981Z   File "/app/app/routers/orders.py", line 36, in checkout
2026-09-17T17:43:26.206472269Z     return create_order(
2026-09-17T17:43:26.206476608Z         db=db,
2026-09-17T17:43:26.206480966Z     ...<2 lines>...
2026-09-17T17:43:26.206485285Z         correlation_id=correlation_id,
2026-09-17T17:43:26.206489593Z     )
2026-09-17T17:43:26.206493992Z   File "/app/app/services/order_service.py", line 42, in create_order
2026-09-17T17:43:26.206515004Z     result = db.execute(
2026-09-17T17:43:26.206519513Z         select(ProductModel).where(ProductModel.id == product_id)
2026-09-17T17:43:26.206523791Z     )
2026-09-17T17:43:26.206528190Z   File "/usr/local/lib/python3.13/site-packages/sqlalchemy/orm/session.py", line 2372, in execute
2026-09-17T17:43:26.206532548Z     return self._execute_internal(
2026-09-17T17:43:26.206536817Z            ~~~~~~~~~~~~~~~~~~~~~~^
2026-09-17T17:43:26.206541095Z         statement,
2026-09-17T17:43:26.206545474Z         ^^^^^^^^^^
2026-09-17T17:43:26.206549802Z     ...<4 lines>...
2026-09-17T17:43:26.206554181Z         _add_event=_add_event,
2026-09-17T17:43:26.206558419Z         ^^^^^^^^^^^^^^^^^^^^^^
2026-09-17T17:43:26.206562668Z     )
2026-09-17T17:43:26.206566936Z     ^
2026-09-17T17:43:26.206571235Z   File "/usr/local/lib/python3.13/site-packages/sqlalchemy/orm/session.py", line 2260, in _execute_internal
2026-09-17T17:43:26.206575563Z     conn = self._connection_for_bind(bind)
2026-09-17T17:43:26.206580032Z   File "/usr/local/lib/python3.13/site-packages/sqlalchemy/orm/session.py", line 2112, in _connection_for_bind
2026-09-17T17:43:26.206584401Z     return trans._connection_for_bind(engine, execution_options)
2026-09-17T17:43:26.206588749Z            ~~~~~~~~~~~~~~~~~~~~~~~~~~^^^^^^^^^^^^^^^^^^^^^^^^^^^
2026-09-17T17:43:26.206593008Z   File "<string>", line 2, in _connection_for_bind
2026-09-17T17:43:26.206597286Z   File "/usr/local/lib/python3.13/site-packages/sqlalchemy/orm/state_changes.py", line 137, in _go
2026-09-17T17:43:26.206601575Z     ret_value = fn(self, *arg, **kw)
2026-09-17T17:43:26.206606164Z   File "/usr/local/lib/python3.13/site-packages/sqlalchemy/orm/session.py", line 1191, in _connection_for_bind
2026-09-17T17:43:26.206610532Z     conn = bind.connect()
2026-09-17T17:43:26.206615452Z   File "/usr/local/lib/python3.13/site-packages/opentelemetry/instrumentation/sqlalchemy/engine.py", line 200, in _wrap_connect_internal
2026-09-17T17:43:26.206619871Z     return func(*args, **kwargs)
2026-09-17T17:43:26.206624350Z   File "/usr/local/lib/python3.13/site-packages/sqlalchemy/engine/base.py", line 3295, in connect
2026-09-17T17:43:26.206628698Z     return self._connection_cls(self)
2026-09-17T17:43:26.206632977Z            ~~~~~~~~~~~~~~~~~~~~^^^^^^
2026-09-17T17:43:26.206637255Z   File "/usr/local/lib/python3.13/site-packages/sqlalchemy/engine/base.py", line 144, in __init__
2026-09-17T17:43:26.206641544Z     self._dbapi_connection = engine.raw_connection()
2026-09-17T17:43:26.206645822Z                              ~~~~~~~~~~~~~~~~~~~~~^^
2026-09-17T17:43:26.206650091Z   File "/usr/local/lib/python3.13/site-packages/sqlalchemy/engine/base.py", line 3319, in raw_connection
2026-09-17T17:43:26.206654489Z     return self.pool.connect()
2026-09-17T17:43:26.206658878Z            ~~~~~~~~~~~~~~~~~^^
2026-09-17T17:43:26.206713787Z   File "/usr/local/lib/python3.13/site-packages/sqlalchemy/pool/base.py", line 448, in connect
2026-09-17T17:43:26.206728005Z     return _ConnectionFairy._checkout(self)
2026-09-17T17:43:26.206732383Z            ~~~~~~~~~~~~~~~~~~~~~~~~~~^^^^^^
2026-09-17T17:43:26.206740539Z   File "/usr/local/lib/python3.13/site-packages/sqlalchemy/pool/base.py", line 1272, in _checkout
2026-09-17T17:43:26.206744988Z     fairy = _ConnectionRecord.checkout(pool)
2026-09-17T17:43:26.206749377Z   File "/usr/local/lib/python3.13/site-packages/sqlalchemy/pool/base.py", line 712, in checkout
2026-09-17T17:43:26.206753776Z     rec = pool._do_get()
2026-09-17T17:43:26.206758164Z   File "/usr/local/lib/python3.13/site-packages/sqlalchemy/pool/impl.py", line 167, in _do_get
2026-09-17T17:43:26.206773795Z     raise exc.TimeoutError(
2026-09-17T17:43:26.206778234Z     ...<4 lines>...
2026-09-17T17:43:26.206782553Z     )
2026-09-17T17:43:26.206787603Z sqlalchemy.exc.TimeoutError: QueuePool limit of size 5 overflow 10 reached, connection timed out, timeout 30.00 (Background on this error at: https://sqlalche.me/e/20/3o7r)
2026-09-17T17:43:26.374023493Z ERROR:    Exception in ASGI application
2026-09-17T17:43:26.374058052Z Traceback (most recent call last):
2026-09-17T17:43:26.374060937Z   File "/usr/local/lib/python3.13/site-packages/uvicorn/protocols/http/httptools_impl.py", line 421, in run_asgi
2026-09-17T17:43:26.374063703Z     result = await app(  # type: ignore[func-returns-value]
2026-09-17T17:43:26.374065637Z              ^^^^^^^^^^^^^^^^^^^^^^^^^^^^^^^^^^^^^^^^^^^^^^
2026-09-17T17:43:26.374067550Z         self.scope, self.receive, self.send
2026-09-17T17:43:26.374069514Z         ^^^^^^^^^^^^^^^^^^^^^^^^^^^^^^^^^^^
2026-09-17T17:43:26.374071819Z     )
2026-09-17T17:43:26.374073813Z     ^
2026-09-17T17:43:26.374075747Z   File "/usr/local/lib/python3.13/site-packages/uvicorn/middleware/proxy_headers.py", line 63, in __call__
2026-09-17T17:43:26.374077720Z     return await self.app(scope, receive, send)
2026-09-17T17:43:26.374079664Z            ^^^^^^^^^^^^^^^^^^^^^^^^^^^^^^^^^^^^
2026-09-17T17:43:26.374082520Z   File "/usr/local/lib/python3.13/site-packages/fastapi/applications.py", line 1159, in __call__
2026-09-17T17:43:26.374084444Z     await super().__call__(scope, receive, send)
2026-09-17T17:43:26.374086758Z   File "/usr/local/lib/python3.13/site-packages/starlette/applications.py", line 107, in __call__
2026-09-17T17:43:26.374088792Z     await self.middleware_stack(scope, receive, send)
2026-09-17T17:43:26.374090776Z   File "/usr/local/lib/python3.13/site-packages/starlette/middleware/errors.py", line 186, in __call__
2026-09-17T17:43:26.374096688Z     raise exc
2026-09-17T17:43:26.374098752Z   File "/usr/local/lib/python3.13/site-packages/starlette/middleware/errors.py", line 164, in __call__
2026-09-17T17:43:26.374100726Z     await self.app(scope, receive, _send)
2026-09-17T17:43:26.374103421Z   File "/usr/local/lib/python3.13/site-packages/opentelemetry/instrumentation/asgi/__init__.py", line 806, in __call__
2026-09-17T17:43:26.374105395Z     await self.app(scope, otel_receive, otel_send)
2026-09-17T17:43:26.374107309Z   File "/usr/local/lib/python3.13/site-packages/starlette/middleware/errors.py", line 186, in __call__
2026-09-17T17:43:26.374109313Z     raise exc
2026-09-17T17:43:26.374111327Z   File "/usr/local/lib/python3.13/site-packages/starlette/middleware/errors.py", line 164, in __call__
2026-09-17T17:43:26.374113251Z     await self.app(scope, receive, _send)
2026-09-17T17:43:26.374115265Z   File "/usr/local/lib/python3.13/site-packages/opentelemetry/instrumentation/fastapi/__init__.py", line 305, in __call__
2026-09-17T17:43:26.374117189Z     await self.app(scope, receive, send)
2026-09-17T17:43:26.374119112Z   File "/usr/local/lib/python3.13/site-packages/prometheus_fastapi_instrumentator/middleware.py", line 177, in __call__
2026-09-17T17:43:26.374121126Z     raise exc
2026-09-17T17:43:26.374123030Z   File "/usr/local/lib/python3.13/site-packages/prometheus_fastapi_instrumentator/middleware.py", line 175, in __call__
2026-09-17T17:43:26.374125044Z     await self.app(scope, receive, send_wrapper)
2026-09-17T17:43:26.374126948Z   File "/usr/local/lib/python3.13/site-packages/starlette/middleware/exceptions.py", line 63, in __call__
2026-09-17T17:43:26.374129302Z     await wrap_app_handling_exceptions(self.app, conn)(scope, receive, send)
2026-09-17T17:43:26.374131326Z   File "/usr/local/lib/python3.13/site-packages/starlette/_exception_handler.py", line 53, in wrapped_app
2026-09-17T17:43:26.374151086Z     raise exc
2026-09-17T17:43:26.374153089Z   File "/usr/local/lib/python3.13/site-packages/starlette/_exception_handler.py", line 42, in wrapped_app
2026-09-17T17:43:26.374155164Z     await app(scope, receive, sender)
2026-09-17T17:43:26.374157067Z   File "/usr/local/lib/python3.13/site-packages/fastapi/middleware/asyncexitstack.py", line 18, in __call__
2026-09-17T17:43:26.374158981Z     await self.app(scope, receive, send)
2026-09-17T17:43:26.374160905Z   File "/usr/local/lib/python3.13/site-packages/starlette/routing.py", line 716, in __call__
2026-09-17T17:43:26.374162829Z     await self.middleware_stack(scope, receive, send)
2026-09-17T17:43:26.374164793Z   File "/usr/local/lib/python3.13/site-packages/starlette/routing.py", line 736, in app
2026-09-17T17:43:26.374166716Z     await route.handle(scope, receive, send)
2026-09-17T17:43:26.374168670Z   File "/usr/local/lib/python3.13/site-packages/starlette/routing.py", line 290, in handle
2026-09-17T17:43:26.374170584Z     await self.app(scope, receive, send)
2026-09-17T17:43:26.374172488Z   File "/usr/local/lib/python3.13/site-packages/fastapi/routing.py", line 134, in app
2026-09-17T17:43:26.374174392Z     await wrap_app_handling_exceptions(app, request)(scope, receive, send)
2026-09-17T17:43:26.374178700Z   File "/usr/local/lib/python3.13/site-packages/starlette/_exception_handler.py", line 53, in wrapped_app
2026-09-17T17:43:26.374180654Z     raise exc
2026-09-17T17:43:26.374182608Z   File "/usr/local/lib/python3.13/site-packages/starlette/_exception_handler.py", line 42, in wrapped_app
2026-09-17T17:43:26.374184542Z     await app(scope, receive, sender)
2026-09-17T17:43:26.374186475Z   File "/usr/local/lib/python3.13/site-packages/fastapi/routing.py", line 120, in app
2026-09-17T17:43:26.374189121Z     response = await f(request)
2026-09-17T17:43:26.374191045Z                ^^^^^^^^^^^^^^^^
2026-09-17T17:43:26.374192958Z   File "/usr/local/lib/python3.13/site-packages/fastapi/routing.py", line 674, in app
2026-09-17T17:43:26.374194882Z     raw_response = await run_endpoint_function(
2026-09-17T17:43:26.374196826Z                    ^^^^^^^^^^^^^^^^^^^^^^^^^^^^
2026-09-17T17:43:26.374199321Z     ...<3 lines>...
2026-09-17T17:43:26.374201265Z     )
2026-09-17T17:43:26.374203189Z     ^
2026-09-17T17:43:26.374205122Z   File "/usr/local/lib/python3.13/site-packages/fastapi/routing.py", line 330, in run_endpoint_function
2026-09-17T17:43:26.374207046Z     return await run_in_threadpool(dependant.call, **values)
2026-09-17T17:43:26.374208970Z            ^^^^^^^^^^^^^^^^^^^^^^^^^^^^^^^^^^^^^^^^^^^^^^^^^
2026-09-17T17:43:26.374244230Z   File "/usr/local/lib/python3.13/site-packages/starlette/concurrency.py", line 32, in run_in_threadpool
2026-09-17T17:43:26.374248999Z     return await anyio.to_thread.run_sync(func)
2026-09-17T17:43:26.374252967Z            ^^^^^^^^^^^^^^^^^^^^^^^^^^^^^^^^^^^^
2026-09-17T17:43:26.374255011Z   File "/usr/local/lib/python3.13/site-packages/anyio/to_thread.py", line 63, in run_sync
2026-09-17T17:43:26.374257035Z     return await get_async_backend().run_sync_in_worker_thread(
2026-09-17T17:43:26.374259019Z            ^^^^^^^^^^^^^^^^^^^^^^^^^^^^^^^^^^^^^^^^^^^^^^^^^^^^
2026-09-17T17:43:26.374260973Z         func, args, abandon_on_cancel=abandon_on_cancel, limiter=limiter
2026-09-17T17:43:26.374262887Z         ^^^^^^^^^^^^^^^^^^^^^^^^^^^^^^^^^^^^^^^^^^^^^^^^^^^^^^^^^^^^^^^^
2026-09-17T17:43:26.374264820Z     )
2026-09-17T17:43:26.374266874Z     ^
2026-09-17T17:43:26.374268838Z   File "/usr/local/lib/python3.13/site-packages/anyio/_backends/_asyncio.py", line 2518, in run_sync_in_worker_thread
2026-09-17T17:43:26.374270782Z     return await future
2026-09-17T17:43:26.374280982Z            ^^^^^^^^^^^^
2026-09-17T17:43:26.374283006Z   File "/usr/local/lib/python3.13/site-packages/anyio/_backends/_asyncio.py", line 1002, in run
2026-09-17T17:43:26.374285221Z     result = context.run(func, *args)
2026-09-17T17:43:26.374287255Z   File "/app/app/routers/orders.py", line 36, in checkout
2026-09-17T17:43:26.374289179Z     return create_order(
2026-09-17T17:43:26.374291172Z         db=db,
2026-09-17T17:43:26.374293126Z     ...<2 lines>...
2026-09-17T17:43:26.374295060Z         correlation_id=correlation_id,
2026-09-17T17:43:26.374296994Z     )
2026-09-17T17:43:26.374298968Z   File "/app/app/services/order_service.py", line 42, in create_order
2026-09-17T17:43:26.374300902Z     result = db.execute(
2026-09-17T17:43:26.374302825Z         select(ProductModel).where(ProductModel.id == product_id)
2026-09-17T17:43:26.374304779Z     )
2026-09-17T17:43:26.374306743Z   File "/usr/local/lib/python3.13/site-packages/sqlalchemy/orm/session.py", line 2372, in execute
2026-09-17T17:43:26.374308657Z     return self._execute_internal(
2026-09-17T17:43:26.374310651Z            ~~~~~~~~~~~~~~~~~~~~~~^
2026-09-17T17:43:26.374312555Z         statement,
2026-09-17T17:43:26.374314458Z         ^^^^^^^^^^
2026-09-17T17:43:26.374316362Z     ...<4 lines>...
2026-09-17T17:43:26.374318266Z         _add_event=_add_event,
2026-09-17T17:43:26.374320180Z         ^^^^^^^^^^^^^^^^^^^^^^
2026-09-17T17:43:26.374322134Z     )
2026-09-17T17:43:26.374324047Z     ^
2026-09-17T17:43:26.374326011Z   File "/usr/local/lib/python3.13/site-packages/sqlalchemy/orm/session.py", line 2260, in _execute_internal
2026-09-17T17:43:26.374327935Z     conn = self._connection_for_bind(bind)
2026-09-17T17:43:26.374329879Z   File "/usr/local/lib/python3.13/site-packages/sqlalchemy/orm/session.py", line 2112, in _connection_for_bind
2026-09-17T17:43:26.374331803Z     return trans._connection_for_bind(engine, execution_options)
2026-09-17T17:43:26.374333717Z            ~~~~~~~~~~~~~~~~~~~~~~~~~~^^^^^^^^^^^^^^^^^^^^^^^^^^^
2026-09-17T17:43:26.374335630Z   File "<string>", line 2, in _connection_for_bind
2026-09-17T17:43:26.374337584Z   File "/usr/local/lib/python3.13/site-packages/sqlalchemy/orm/state_changes.py", line 137, in _go
2026-09-17T17:43:26.374339498Z     ret_value = fn(self, *arg, **kw)
2026-09-17T17:43:26.374341402Z   File "/usr/local/lib/python3.13/site-packages/sqlalchemy/orm/session.py", line 1191, in _connection_for_bind
2026-09-17T17:43:26.374343326Z     conn = bind.connect()
2026-09-17T17:43:26.374345700Z   File "/usr/local/lib/python3.13/site-packages/opentelemetry/instrumentation/sqlalchemy/engine.py", line 200, in _wrap_connect_internal
2026-09-17T17:43:26.374347654Z     return func(*args, **kwargs)
2026-09-17T17:43:26.374349568Z   File "/usr/local/lib/python3.13/site-packages/sqlalchemy/engine/base.py", line 3295, in connect
2026-09-17T17:43:26.374351482Z     return self._connection_cls(self)
2026-09-17T17:43:26.374353416Z            ~~~~~~~~~~~~~~~~~~~~^^^^^^
2026-09-17T17:43:26.374355319Z   File "/usr/local/lib/python3.13/site-packages/sqlalchemy/engine/base.py", line 144, in __init__
2026-09-17T17:43:26.374357223Z     self._dbapi_connection = engine.raw_connection()
2026-09-17T17:43:26.374359117Z                              ~~~~~~~~~~~~~~~~~~~~~^^
2026-09-17T17:43:26.374361011Z   File "/usr/local/lib/python3.13/site-packages/sqlalchemy/engine/base.py", line 3319, in raw_connection
2026-09-17T17:43:26.374362944Z     return self.pool.connect()
2026-09-17T17:43:26.374364848Z            ~~~~~~~~~~~~~~~~~^^
2026-09-17T17:43:26.374366772Z   File "/usr/local/lib/python3.13/site-packages/sqlalchemy/pool/base.py", line 448, in connect
2026-09-17T17:43:26.374380569Z     return _ConnectionFairy._checkout(self)
2026-09-17T17:43:26.374382533Z            ~~~~~~~~~~~~~~~~~~~~~~~~~~^^^^^^
2026-09-17T17:43:26.374384447Z   File "/usr/local/lib/python3.13/site-packages/sqlalchemy/pool/base.py", line 1272, in _checkout
2026-09-17T17:43:26.374386361Z     fairy = _ConnectionRecord.checkout(pool)
2026-09-17T17:43:26.374388264Z   File "/usr/local/lib/python3.13/site-packages/sqlalchemy/pool/base.py", line 712, in checkout
2026-09-17T17:43:26.374390178Z     rec = pool._do_get()
2026-09-17T17:43:26.374392102Z   File "/usr/local/lib/python3.13/site-packages/sqlalchemy/pool/impl.py", line 167, in _do_get
2026-09-17T17:43:26.374394006Z     raise exc.TimeoutError(
2026-09-17T17:43:26.374395940Z     ...<4 lines>...
2026-09-17T17:43:26.374397883Z     )
2026-09-17T17:43:26.374400469Z sqlalchemy.exc.TimeoutError: QueuePool limit of size 5 overflow 10 reached, connection timed out, timeout 30.00 (Background on this error at: https://sqlalche.me/e/20/3o7r)
2026-09-17T17:43:26.422841554Z ERROR:    Exception in ASGI application
2026-09-17T17:43:26.422877425Z Traceback (most recent call last):
2026-09-17T17:43:26.422880551Z   File "/usr/local/lib/python3.13/site-packages/uvicorn/protocols/http/httptools_impl.py", line 421, in run_asgi
2026-09-17T17:43:26.422883427Z     result = await app(  # type: ignore[func-returns-value]
2026-09-17T17:43:26.422885672Z              ^^^^^^^^^^^^^^^^^^^^^^^^^^^^^^^^^^^^^^^^^^^^^^
2026-09-17T17:43:26.422887675Z         self.scope, self.receive, self.send
2026-09-17T17:43:26.422889750Z         ^^^^^^^^^^^^^^^^^^^^^^^^^^^^^^^^^^^
2026-09-17T17:43:26.422891693Z     )
2026-09-17T17:43:26.422894188Z     ^
2026-09-17T17:43:26.422896282Z   File "/usr/local/lib/python3.13/site-packages/uvicorn/middleware/proxy_headers.py", line 63, in __call__
2026-09-17T17:43:26.422898387Z     return await self.app(scope, receive, send)
2026-09-17T17:43:26.422900561Z            ^^^^^^^^^^^^^^^^^^^^^^^^^^^^^^^^^^^^
2026-09-17T17:43:26.422903046Z   File "/usr/local/lib/python3.13/site-packages/fastapi/applications.py", line 1159, in __call__
2026-09-17T17:43:26.422905220Z     await super().__call__(scope, receive, send)
2026-09-17T17:43:26.422907334Z   File "/usr/local/lib/python3.13/site-packages/starlette/applications.py", line 107, in __call__
2026-09-17T17:43:26.422914328Z     await self.middleware_stack(scope, receive, send)
2026-09-17T17:43:26.422916392Z   File "/usr/local/lib/python3.13/site-packages/starlette/middleware/errors.py", line 186, in __call__
2026-09-17T17:43:26.422918456Z     raise exc
2026-09-17T17:43:26.422920380Z   File "/usr/local/lib/python3.13/site-packages/starlette/middleware/errors.py", line 164, in __call__
2026-09-17T17:43:26.422922855Z     await self.app(scope, receive, _send)
2026-09-17T17:43:26.422926101Z   File "/usr/local/lib/python3.13/site-packages/opentelemetry/instrumentation/asgi/__init__.py", line 806, in __call__
2026-09-17T17:43:26.422928586Z     await self.app(scope, otel_receive, otel_send)
2026-09-17T17:43:26.422930721Z   File "/usr/local/lib/python3.13/site-packages/starlette/middleware/errors.py", line 186, in __call__
2026-09-17T17:43:26.422932654Z     raise exc
2026-09-17T17:43:26.422934578Z   File "/usr/local/lib/python3.13/site-packages/starlette/middleware/errors.py", line 164, in __call__
2026-09-17T17:43:26.422936943Z     await self.app(scope, receive, _send)
2026-09-17T17:43:26.422939368Z   File "/usr/local/lib/python3.13/site-packages/opentelemetry/instrumentation/fastapi/__init__.py", line 305, in __call__
2026-09-17T17:43:26.422941823Z     await self.app(scope, receive, send)
2026-09-17T17:43:26.422943987Z   File "/usr/local/lib/python3.13/site-packages/prometheus_fastapi_instrumentator/middleware.py", line 177, in __call__
2026-09-17T17:43:26.422968515Z     raise exc
2026-09-17T17:43:26.422970609Z   File "/usr/local/lib/python3.13/site-packages/prometheus_fastapi_instrumentator/middleware.py", line 175, in __call__
2026-09-17T17:43:26.422972553Z     await self.app(scope, receive, send_wrapper)
2026-09-17T17:43:26.422974467Z   File "/usr/local/lib/python3.13/site-packages/starlette/middleware/exceptions.py", line 63, in __call__
2026-09-17T17:43:26.422977032Z     await wrap_app_handling_exceptions(self.app, conn)(scope, receive, send)
2026-09-17T17:43:26.422979036Z   File "/usr/local/lib/python3.13/site-packages/starlette/_exception_handler.py", line 53, in wrapped_app
2026-09-17T17:43:26.422981000Z     raise exc
2026-09-17T17:43:26.422983114Z   File "/usr/local/lib/python3.13/site-packages/starlette/_exception_handler.py", line 42, in wrapped_app
2026-09-17T17:43:26.422985028Z     await app(scope, receive, sender)
2026-09-17T17:43:26.422987082Z   File "/usr/local/lib/python3.13/site-packages/fastapi/middleware/asyncexitstack.py", line 18, in __call__
2026-09-17T17:43:26.422989006Z     await self.app(scope, receive, send)
2026-09-17T17:43:26.422990960Z   File "/usr/local/lib/python3.13/site-packages/starlette/routing.py", line 716, in __call__
2026-09-17T17:43:26.422992984Z     await self.middleware_stack(scope, receive, send)
2026-09-17T17:43:26.422994968Z   File "/usr/local/lib/python3.13/site-packages/starlette/routing.py", line 736, in app
2026-09-17T17:43:26.422999967Z     await route.handle(scope, receive, send)
2026-09-17T17:43:26.423002042Z   File "/usr/local/lib/python3.13/site-packages/starlette/routing.py", line 290, in handle
2026-09-17T17:43:26.423004025Z     await self.app(scope, receive, send)
2026-09-17T17:43:26.423006150Z   File "/usr/local/lib/python3.13/site-packages/fastapi/routing.py", line 134, in app
2026-09-17T17:43:26.423008084Z     await wrap_app_handling_exceptions(app, request)(scope, receive, send)
2026-09-17T17:43:26.423010057Z   File "/usr/local/lib/python3.13/site-packages/starlette/_exception_handler.py", line 53, in wrapped_app
2026-09-17T17:43:26.423011961Z     raise exc
2026-09-17T17:43:26.423013885Z   File "/usr/local/lib/python3.13/site-packages/starlette/_exception_handler.py", line 42, in wrapped_app
2026-09-17T17:43:26.423015919Z     await app(scope, receive, sender)
2026-09-17T17:43:26.423017993Z   File "/usr/local/lib/python3.13/site-packages/fastapi/routing.py", line 120, in app
2026-09-17T17:43:26.423020458Z     response = await f(request)
2026-09-17T17:43:26.423022472Z                ^^^^^^^^^^^^^^^^
2026-09-17T17:43:26.423024456Z   File "/usr/local/lib/python3.13/site-packages/fastapi/routing.py", line 674, in app
2026-09-17T17:43:26.423026370Z     raw_response = await run_endpoint_function(
2026-09-17T17:43:26.423028303Z                    ^^^^^^^^^^^^^^^^^^^^^^^^^^^^
2026-09-17T17:43:26.423031039Z     ...<3 lines>...
2026-09-17T17:43:26.423033033Z     )
2026-09-17T17:43:26.423034967Z     ^
2026-09-17T17:43:26.423036921Z   File "/usr/local/lib/python3.13/site-packages/fastapi/routing.py", line 330, in run_endpoint_function
2026-09-17T17:43:26.423038955Z     return await run_in_threadpool(dependant.call, **values)
2026-09-17T17:43:26.423040898Z            ^^^^^^^^^^^^^^^^^^^^^^^^^^^^^^^^^^^^^^^^^^^^^^^^^
2026-09-17T17:43:26.423056339Z   File "/usr/local/lib/python3.13/site-packages/starlette/concurrency.py", line 32, in run_in_threadpool
2026-09-17T17:43:26.423058563Z     return await anyio.to_thread.run_sync(func)
2026-09-17T17:43:26.423060497Z            ^^^^^^^^^^^^^^^^^^^^^^^^^^^^^^^^^^^^
2026-09-17T17:43:26.423062491Z   File "/usr/local/lib/python3.13/site-packages/anyio/to_thread.py", line 63, in run_sync
2026-09-17T17:43:26.423070317Z     return await get_async_backend().run_sync_in_worker_thread(
2026-09-17T17:43:26.423072290Z            ^^^^^^^^^^^^^^^^^^^^^^^^^^^^^^^^^^^^^^^^^^^^^^^^^^^^
2026-09-17T17:43:26.423074314Z         func, args, abandon_on_cancel=abandon_on_cancel, limiter=limiter
2026-09-17T17:43:26.423076278Z         ^^^^^^^^^^^^^^^^^^^^^^^^^^^^^^^^^^^^^^^^^^^^^^^^^^^^^^^^^^^^^^^^
2026-09-17T17:43:26.423078252Z     )
2026-09-17T17:43:26.423080256Z     ^
2026-09-17T17:43:26.423082170Z   File "/usr/local/lib/python3.13/site-packages/anyio/_backends/_asyncio.py", line 2518, in run_sync_in_worker_thread
2026-09-17T17:43:26.423084114Z     return await future
2026-09-17T17:43:26.423086038Z            ^^^^^^^^^^^^
2026-09-17T17:43:26.423088092Z   File "/usr/local/lib/python3.13/site-packages/anyio/_backends/_asyncio.py", line 1002, in run
2026-09-17T17:43:26.423090056Z     result = context.run(func, *args)
2026-09-17T17:43:26.423092019Z   File "/app/app/routers/orders.py", line 36, in checkout
2026-09-17T17:43:26.423093983Z     return create_order(
2026-09-17T17:43:26.423095987Z         db=db,
2026-09-17T17:43:26.423097941Z     ...<2 lines>...
2026-09-17T17:43:26.423100005Z         correlation_id=correlation_id,
2026-09-17T17:43:26.423101949Z     )
2026-09-17T17:43:26.423103973Z   File "/app/app/services/order_service.py", line 42, in create_order
2026-09-17T17:43:26.423106007Z     result = db.execute(
2026-09-17T17:43:26.423107991Z         select(ProductModel).where(ProductModel.id == product_id)
2026-09-17T17:43:26.423109925Z     )
2026-09-17T17:43:26.423111939Z   File "/usr/local/lib/python3.13/site-packages/sqlalchemy/orm/session.py", line 2372, in execute
2026-09-17T17:43:26.423113973Z     return self._execute_internal(
2026-09-17T17:43:26.423115977Z            ~~~~~~~~~~~~~~~~~~~~~~^
2026-09-17T17:43:26.423117931Z         statement,
2026-09-17T17:43:26.423119865Z         ^^^^^^^^^^
2026-09-17T17:43:26.423121828Z     ...<4 lines>...
2026-09-17T17:43:26.423123752Z         _add_event=_add_event,
2026-09-17T17:43:26.423125666Z         ^^^^^^^^^^^^^^^^^^^^^^
2026-09-17T17:43:26.423127620Z     )
2026-09-17T17:43:26.423129544Z     ^
2026-09-17T17:43:26.423131688Z   File "/usr/local/lib/python3.13/site-packages/sqlalchemy/orm/session.py", line 2260, in _execute_internal
2026-09-17T17:43:26.423133722Z     conn = self._connection_for_bind(bind)
2026-09-17T17:43:26.423135776Z   File "/usr/local/lib/python3.13/site-packages/sqlalchemy/orm/session.py", line 2112, in _connection_for_bind
2026-09-17T17:43:26.423138281Z     return trans._connection_for_bind(engine, execution_options)
2026-09-17T17:43:26.423140205Z            ~~~~~~~~~~~~~~~~~~~~~~~~~~^^^^^^^^^^^^^^^^^^^^^^^^^^^
2026-09-17T17:43:26.423142119Z   File "<string>", line 2, in _connection_for_bind
2026-09-17T17:43:26.423144102Z   File "/usr/local/lib/python3.13/site-packages/sqlalchemy/orm/state_changes.py", line 137, in _go
2026-09-17T17:43:26.423146026Z     ret_value = fn(self, *arg, **kw)
2026-09-17T17:43:26.423147960Z   File "/usr/local/lib/python3.13/site-packages/sqlalchemy/orm/session.py", line 1191, in _connection_for_bind
2026-09-17T17:43:26.423149914Z     conn = bind.connect()
2026-09-17T17:43:26.423152850Z   File "/usr/local/lib/python3.13/site-packages/opentelemetry/instrumentation/sqlalchemy/engine.py", line 200, in _wrap_connect_internal
2026-09-17T17:43:26.423154774Z     return func(*args, **kwargs)
2026-09-17T17:43:26.423156707Z   File "/usr/local/lib/python3.13/site-packages/sqlalchemy/engine/base.py", line 3295, in connect
2026-09-17T17:43:26.423158641Z     return self._connection_cls(self)
2026-09-17T17:43:26.423166026Z            ~~~~~~~~~~~~~~~~~~~~^^^^^^
2026-09-17T17:43:26.423167990Z   File "/usr/local/lib/python3.13/site-packages/sqlalchemy/engine/base.py", line 144, in __init__
2026-09-17T17:43:26.423169954Z     self._dbapi_connection = engine.raw_connection()
2026-09-17T17:43:26.423171857Z                              ~~~~~~~~~~~~~~~~~~~~~^^
2026-09-17T17:43:26.423174072Z   File "/usr/local/lib/python3.13/site-packages/sqlalchemy/engine/base.py", line 3319, in raw_connection
2026-09-17T17:43:26.423176016Z     return self.pool.connect()
2026-09-17T17:43:26.423178220Z            ~~~~~~~~~~~~~~~~~^^
2026-09-17T17:43:26.423180234Z   File "/usr/local/lib/python3.13/site-packages/sqlalchemy/pool/base.py", line 448, in connect
2026-09-17T17:43:26.423182168Z     return _ConnectionFairy._checkout(self)
2026-09-17T17:43:26.423184102Z            ~~~~~~~~~~~~~~~~~~~~~~~~~~^^^^^^
2026-09-17T17:43:26.423186095Z   File "/usr/local/lib/python3.13/site-packages/sqlalchemy/pool/base.py", line 1272, in _checkout
2026-09-17T17:43:26.423191466Z     fairy = _ConnectionRecord.checkout(pool)
2026-09-17T17:43:26.423193450Z   File "/usr/local/lib/python3.13/site-packages/sqlalchemy/pool/base.py", line 712, in checkout
2026-09-17T17:43:26.423195404Z     rec = pool._do_get()
2026-09-17T17:43:26.423197438Z   File "/usr/local/lib/python3.13/site-packages/sqlalchemy/pool/impl.py", line 167, in _do_get
2026-09-17T17:43:26.423199382Z     raise exc.TimeoutError(
2026-09-17T17:43:26.423201316Z     ...<4 lines>...
2026-09-17T17:43:26.423203229Z     )
2026-09-17T17:43:26.423206115Z sqlalchemy.exc.TimeoutError: QueuePool limit of size 5 overflow 10 reached, connection timed out, timeout 30.00 (Background on this error at: https://sqlalche.me/e/20/3o7r)
2026-09-17T17:43:26.429825429Z ERROR:    Exception in ASGI application
2026-09-17T17:43:26.429879125Z Traceback (most recent call last):
2026-09-17T17:43:26.429887752Z   File "/usr/local/lib/python3.13/site-packages/uvicorn/protocols/http/httptools_impl.py", line 421, in run_asgi
2026-09-17T17:43:26.429895247Z     result = await app(  # type: ignore[func-returns-value]
2026-09-17T17:43:26.429901549Z              ^^^^^^^^^^^^^^^^^^^^^^^^^^^^^^^^^^^^^^^^^^^^^^
2026-09-17T17:43:26.429907822Z         self.scope, self.receive, self.send
2026-09-17T17:43:26.429914435Z         ^^^^^^^^^^^^^^^^^^^^^^^^^^^^^^^^^^^
2026-09-17T17:43:26.429920837Z     )
2026-09-17T17:43:26.429927230Z     ^
2026-09-17T17:43:26.429933643Z   File "/usr/local/lib/python3.13/site-packages/uvicorn/middleware/proxy_headers.py", line 63, in __call__
2026-09-17T17:43:26.429940045Z     return await self.app(scope, receive, send)
2026-09-17T17:43:26.429947811Z            ^^^^^^^^^^^^^^^^^^^^^^^^^^^^^^^^^^^^
2026-09-17T17:43:26.429955426Z   File "/usr/local/lib/python3.13/site-packages/fastapi/applications.py", line 1159, in __call__
2026-09-17T17:43:26.429960967Z     await super().__call__(scope, receive, send)
2026-09-17T17:43:26.429966588Z   File "/usr/local/lib/python3.13/site-packages/starlette/applications.py", line 107, in __call__
2026-09-17T17:43:26.429972470Z     await self.middleware_stack(scope, receive, send)
2026-09-17T17:43:26.429978061Z   File "/usr/local/lib/python3.13/site-packages/starlette/middleware/errors.py", line 186, in __call__
2026-09-17T17:43:26.429983682Z     raise exc
2026-09-17T17:43:26.429989283Z   File "/usr/local/lib/python3.13/site-packages/starlette/middleware/errors.py", line 164, in __call__
2026-09-17T17:43:26.429994894Z     await self.app(scope, receive, _send)
2026-09-17T17:43:26.430001076Z   File "/usr/local/lib/python3.13/site-packages/opentelemetry/instrumentation/asgi/__init__.py", line 806, in __call__
2026-09-17T17:43:26.430006637Z     await self.app(scope, otel_receive, otel_send)
2026-09-17T17:43:26.430047538Z   File "/usr/local/lib/python3.13/site-packages/starlette/middleware/errors.py", line 186, in __call__
2026-09-17T17:43:26.430053740Z     raise exc
2026-09-17T17:43:26.430059451Z   File "/usr/local/lib/python3.13/site-packages/starlette/middleware/errors.py", line 164, in __call__
2026-09-17T17:43:26.430065022Z     await self.app(scope, receive, _send)
2026-09-17T17:43:26.430070563Z   File "/usr/local/lib/python3.13/site-packages/opentelemetry/instrumentation/fastapi/__init__.py", line 305, in __call__
2026-09-17T17:43:26.430076124Z     await self.app(scope, receive, send)
2026-09-17T17:43:26.430081685Z   File "/usr/local/lib/python3.13/site-packages/prometheus_fastapi_instrumentator/middleware.py", line 177, in __call__
2026-09-17T17:43:26.430087236Z     raise exc
2026-09-17T17:43:26.430092817Z   File "/usr/local/lib/python3.13/site-packages/prometheus_fastapi_instrumentator/middleware.py", line 175, in __call__
2026-09-17T17:43:26.430098398Z     await self.app(scope, receive, send_wrapper)
2026-09-17T17:43:26.430103980Z   File "/usr/local/lib/python3.13/site-packages/starlette/middleware/exceptions.py", line 63, in __call__
2026-09-17T17:43:26.430110202Z     await wrap_app_handling_exceptions(self.app, conn)(scope, receive, send)
2026-09-17T17:43:26.430115753Z   File "/usr/local/lib/python3.13/site-packages/starlette/_exception_handler.py", line 53, in wrapped_app
2026-09-17T17:43:26.430121244Z     raise exc
2026-09-17T17:43:26.430126775Z   File "/usr/local/lib/python3.13/site-packages/starlette/_exception_handler.py", line 42, in wrapped_app
2026-09-17T17:43:26.430132295Z     await app(scope, receive, sender)
2026-09-17T17:43:26.430137856Z   File "/usr/local/lib/python3.13/site-packages/fastapi/middleware/asyncexitstack.py", line 18, in __call__
2026-09-17T17:43:26.430143417Z     await self.app(scope, receive, send)
2026-09-17T17:43:26.430148938Z   File "/usr/local/lib/python3.13/site-packages/starlette/routing.py", line 716, in __call__
2026-09-17T17:43:26.430154640Z     await self.middleware_stack(scope, receive, send)
2026-09-17T17:43:26.430160221Z   File "/usr/local/lib/python3.13/site-packages/starlette/routing.py", line 736, in app
2026-09-17T17:43:26.430165772Z     await route.handle(scope, receive, send)
2026-09-17T17:43:26.430171333Z   File "/usr/local/lib/python3.13/site-packages/starlette/routing.py", line 290, in handle
2026-09-17T17:43:26.430177034Z     await self.app(scope, receive, send)
2026-09-17T17:43:26.430182635Z   File "/usr/local/lib/python3.13/site-packages/fastapi/routing.py", line 134, in app
2026-09-17T17:43:26.430188537Z     await wrap_app_handling_exceptions(app, request)(scope, receive, send)
2026-09-17T17:43:26.430194168Z   File "/usr/local/lib/python3.13/site-packages/starlette/_exception_handler.py", line 53, in wrapped_app
2026-09-17T17:43:26.430199719Z     raise exc
2026-09-17T17:43:26.430205250Z   File "/usr/local/lib/python3.13/site-packages/starlette/_exception_handler.py", line 42, in wrapped_app
2026-09-17T17:43:26.430210831Z     await app(scope, receive, sender)
2026-09-17T17:43:26.430216342Z   File "/usr/local/lib/python3.13/site-packages/fastapi/routing.py", line 120, in app
2026-09-17T17:43:26.430222945Z     response = await f(request)
2026-09-17T17:43:26.430228576Z                ^^^^^^^^^^^^^^^^
2026-09-17T17:43:26.430234147Z   File "/usr/local/lib/python3.13/site-packages/fastapi/routing.py", line 674, in app
2026-09-17T17:43:26.430239718Z     raw_response = await run_endpoint_function(
2026-09-17T17:43:26.430245289Z                    ^^^^^^^^^^^^^^^^^^^^^^^^^^^^
2026-09-17T17:43:26.430251661Z     ...<3 lines>...
2026-09-17T17:43:26.430257212Z     )
2026-09-17T17:43:26.430276150Z     ^
2026-09-17T17:43:26.430282031Z   File "/usr/local/lib/python3.13/site-packages/fastapi/routing.py", line 330, in run_endpoint_function
2026-09-17T17:43:26.430287733Z     return await run_in_threadpool(dependant.call, **values)
2026-09-17T17:43:26.430293354Z            ^^^^^^^^^^^^^^^^^^^^^^^^^^^^^^^^^^^^^^^^^^^^^^^^^
2026-09-17T17:43:26.430379705Z   File "/usr/local/lib/python3.13/site-packages/starlette/concurrency.py", line 32, in run_in_threadpool
2026-09-17T17:43:26.430397891Z     return await anyio.to_thread.run_sync(func)
2026-09-17T17:43:26.430404033Z            ^^^^^^^^^^^^^^^^^^^^^^^^^^^^^^^^^^^^
2026-09-17T17:43:26.430409744Z   File "/usr/local/lib/python3.13/site-packages/anyio/to_thread.py", line 63, in run_sync
2026-09-17T17:43:26.430415425Z     return await get_async_backend().run_sync_in_worker_thread(
2026-09-17T17:43:26.430421257Z            ^^^^^^^^^^^^^^^^^^^^^^^^^^^^^^^^^^^^^^^^^^^^^^^^^^^^
2026-09-17T17:43:26.430426888Z         func, args, abandon_on_cancel=abandon_on_cancel, limiter=limiter
2026-09-17T17:43:26.430432479Z         ^^^^^^^^^^^^^^^^^^^^^^^^^^^^^^^^^^^^^^^^^^^^^^^^^^^^^^^^^^^^^^^^
2026-09-17T17:43:26.430438110Z     )
2026-09-17T17:43:26.430443771Z     ^
2026-09-17T17:43:26.430449422Z   File "/usr/local/lib/python3.13/site-packages/anyio/_backends/_asyncio.py", line 2518, in run_sync_in_worker_thread
2026-09-17T17:43:26.430455474Z     return await future
2026-09-17T17:43:26.430461095Z            ^^^^^^^^^^^^
2026-09-17T17:43:26.430466757Z   File "/usr/local/lib/python3.13/site-packages/anyio/_backends/_asyncio.py", line 1002, in run
2026-09-17T17:43:26.430472358Z     result = context.run(func, *args)
2026-09-17T17:43:26.430477939Z   File "/app/app/routers/orders.py", line 36, in checkout
2026-09-17T17:43:26.430483490Z     return create_order(
2026-09-17T17:43:26.430489181Z         db=db,
2026-09-17T17:43:26.430494782Z     ...<2 lines>...
2026-09-17T17:43:26.430500343Z         correlation_id=correlation_id,
2026-09-17T17:43:26.430506044Z     )
2026-09-17T17:43:26.430511806Z   File "/app/app/services/order_service.py", line 42, in create_order
2026-09-17T17:43:26.430517517Z     result = db.execute(
2026-09-17T17:43:26.430523138Z         select(ProductModel).where(ProductModel.id == product_id)
2026-09-17T17:43:26.430528689Z     )
2026-09-17T17:43:26.430534320Z   File "/usr/local/lib/python3.13/site-packages/sqlalchemy/orm/session.py", line 2372, in execute
2026-09-17T17:43:26.430539961Z     return self._execute_internal(
2026-09-17T17:43:26.430545562Z            ~~~~~~~~~~~~~~~~~~~~~~^
2026-09-17T17:43:26.430551143Z         statement,
2026-09-17T17:43:26.430556805Z         ^^^^^^^^^^
2026-09-17T17:43:26.430562386Z     ...<4 lines>...
2026-09-17T17:43:26.430567977Z         _add_event=_add_event,
2026-09-17T17:43:26.430573508Z         ^^^^^^^^^^^^^^^^^^^^^^
2026-09-17T17:43:26.430579059Z     )
2026-09-17T17:43:26.430584590Z     ^
2026-09-17T17:43:26.430590261Z   File "/usr/local/lib/python3.13/site-packages/sqlalchemy/orm/session.py", line 2260, in _execute_internal
2026-09-17T17:43:26.430595902Z     conn = self._connection_for_bind(bind)
2026-09-17T17:43:26.430601563Z   File "/usr/local/lib/python3.13/site-packages/sqlalchemy/orm/session.py", line 2112, in _connection_for_bind
2026-09-17T17:43:26.430607244Z     return trans._connection_for_bind(engine, execution_options)
2026-09-17T17:43:26.430612775Z            ~~~~~~~~~~~~~~~~~~~~~~~~~~^^^^^^^^^^^^^^^^^^^^^^^^^^^
2026-09-17T17:43:26.430618336Z   File "<string>", line 2, in _connection_for_bind
2026-09-17T17:43:26.430623897Z   File "/usr/local/lib/python3.13/site-packages/sqlalchemy/orm/state_changes.py", line 137, in _go
2026-09-17T17:43:26.430651362Z     ret_value = fn(self, *arg, **kw)
2026-09-17T17:43:26.430657183Z   File "/usr/local/lib/python3.13/site-packages/sqlalchemy/orm/session.py", line 1191, in _connection_for_bind
2026-09-17T17:43:26.430843123Z     conn = bind.connect()
2026-09-17T17:43:26.430881429Z   File "/usr/local/lib/python3.13/site-packages/opentelemetry/instrumentation/sqlalchemy/engine.py", line 200, in _wrap_connect_internal
2026-09-17T17:43:26.430886378Z     return func(*args, **kwargs)
2026-09-17T17:43:26.430891779Z   File "/usr/local/lib/python3.13/site-packages/sqlalchemy/engine/base.py", line 3295, in connect
2026-09-17T17:43:26.430896659Z     return self._connection_cls(self)
2026-09-17T17:43:26.430901047Z            ~~~~~~~~~~~~~~~~~~~~^^^^^^
2026-09-17T17:43:26.430905446Z   File "/usr/local/lib/python3.13/site-packages/sqlalchemy/engine/base.py", line 144, in __init__
2026-09-17T17:43:26.430910436Z     self._dbapi_connection = engine.raw_connection()
2026-09-17T17:43:26.430914845Z                              ~~~~~~~~~~~~~~~~~~~~~^^
2026-09-17T17:43:26.430919283Z   File "/usr/local/lib/python3.13/site-packages/sqlalchemy/engine/base.py", line 3319, in raw_connection
2026-09-17T17:43:26.430924053Z     return self.pool.connect()
2026-09-17T17:43:26.430928462Z            ~~~~~~~~~~~~~~~~~^^
2026-09-17T17:43:26.430933602Z   File "/usr/local/lib/python3.13/site-packages/sqlalchemy/pool/base.py", line 448, in connect
2026-09-17T17:43:26.430937990Z     return _ConnectionFairy._checkout(self)
2026-09-17T17:43:26.430942359Z            ~~~~~~~~~~~~~~~~~~~~~~~~~~^^^^^^
2026-09-17T17:43:26.430947139Z   File "/usr/local/lib/python3.13/site-packages/sqlalchemy/pool/base.py", line 1272, in _checkout
2026-09-17T17:43:26.430951557Z     fairy = _ConnectionRecord.checkout(pool)
2026-09-17T17:43:26.430955996Z   File "/usr/local/lib/python3.13/site-packages/sqlalchemy/pool/base.py", line 712, in checkout
2026-09-17T17:43:26.430960956Z     rec = pool._do_get()
2026-09-17T17:43:26.430965385Z   File "/usr/local/lib/python3.13/site-packages/sqlalchemy/pool/impl.py", line 167, in _do_get
2026-09-17T17:43:26.430967719Z     raise exc.TimeoutError(
2026-09-17T17:43:26.430969703Z     ...<4 lines>...
2026-09-17T17:43:26.430971697Z     )
2026-09-17T17:43:26.430974302Z sqlalchemy.exc.TimeoutError: QueuePool limit of size 5 overflow 10 reached, connection timed out, timeout 30.00 (Background on this error at: https://sqlalche.me/e/20/3o7r)
2026-09-17T17:43:26.620547432Z ERROR:    Exception in ASGI application
2026-09-17T17:43:26.620592751Z Traceback (most recent call last):
2026-09-17T17:43:26.620598994Z   File "/usr/local/lib/python3.13/site-packages/uvicorn/protocols/http/httptools_impl.py", line 421, in run_asgi
2026-09-17T17:43:26.620604645Z     result = await app(  # type: ignore[func-returns-value]
2026-09-17T17:43:26.620608983Z              ^^^^^^^^^^^^^^^^^^^^^^^^^^^^^^^^^^^^^^^^^^^^^^
2026-09-17T17:43:26.620616448Z         self.scope, self.receive, self.send
2026-09-17T17:43:26.620620817Z         ^^^^^^^^^^^^^^^^^^^^^^^^^^^^^^^^^^^
2026-09-17T17:43:26.620625215Z     )
2026-09-17T17:43:26.620629865Z     ^
2026-09-17T17:43:26.620634293Z   File "/usr/local/lib/python3.13/site-packages/uvicorn/middleware/proxy_headers.py", line 63, in __call__
2026-09-17T17:43:26.620638692Z     return await self.app(scope, receive, send)
2026-09-17T17:43:26.620643001Z            ^^^^^^^^^^^^^^^^^^^^^^^^^^^^^^^^^^^^
2026-09-17T17:43:26.620647940Z   File "/usr/local/lib/python3.13/site-packages/fastapi/applications.py", line 1159, in __call__
2026-09-17T17:43:26.620652269Z     await super().__call__(scope, receive, send)
2026-09-17T17:43:26.620656607Z   File "/usr/local/lib/python3.13/site-packages/starlette/applications.py", line 107, in __call__
2026-09-17T17:43:26.620688511Z     await self.middleware_stack(scope, receive, send)
2026-09-17T17:43:26.620693470Z   File "/usr/local/lib/python3.13/site-packages/starlette/middleware/errors.py", line 186, in __call__
2026-09-17T17:43:26.620697929Z     raise exc
2026-09-17T17:43:26.620702338Z   File "/usr/local/lib/python3.13/site-packages/starlette/middleware/errors.py", line 164, in __call__
2026-09-17T17:43:26.620706676Z     await self.app(scope, receive, _send)
2026-09-17T17:43:26.620711536Z   File "/usr/local/lib/python3.13/site-packages/opentelemetry/instrumentation/asgi/__init__.py", line 806, in __call__
2026-09-17T17:43:26.620715885Z     await self.app(scope, otel_receive, otel_send)
2026-09-17T17:43:26.620720243Z   File "/usr/local/lib/python3.13/site-packages/starlette/middleware/errors.py", line 186, in __call__
2026-09-17T17:43:26.620724562Z     raise exc
2026-09-17T17:43:26.620732918Z   File "/usr/local/lib/python3.13/site-packages/starlette/middleware/errors.py", line 164, in __call__
2026-09-17T17:43:26.620737337Z     await self.app(scope, receive, _send)
2026-09-17T17:43:26.620741676Z   File "/usr/local/lib/python3.13/site-packages/opentelemetry/instrumentation/fastapi/__init__.py", line 305, in __call__
2026-09-17T17:43:26.620745974Z     await self.app(scope, receive, send)
2026-09-17T17:43:26.620750273Z   File "/usr/local/lib/python3.13/site-packages/prometheus_fastapi_instrumentator/middleware.py", line 177, in __call__
2026-09-17T17:43:26.620754531Z     raise exc
2026-09-17T17:43:26.620758840Z   File "/usr/local/lib/python3.13/site-packages/prometheus_fastapi_instrumentator/middleware.py", line 175, in __call__
2026-09-17T17:43:26.620763148Z     await self.app(scope, receive, send_wrapper)
2026-09-17T17:43:26.620767477Z   File "/usr/local/lib/python3.13/site-packages/starlette/middleware/exceptions.py", line 63, in __call__
2026-09-17T17:43:26.620772507Z     await wrap_app_handling_exceptions(self.app, conn)(scope, receive, send)
2026-09-17T17:43:26.620776925Z   File "/usr/local/lib/python3.13/site-packages/starlette/_exception_handler.py", line 53, in wrapped_app
2026-09-17T17:43:26.620781384Z     raise exc
2026-09-17T17:43:26.620785643Z   File "/usr/local/lib/python3.13/site-packages/starlette/_exception_handler.py", line 42, in wrapped_app
2026-09-17T17:43:26.620789931Z     await app(scope, receive, sender)
2026-09-17T17:43:26.620794199Z   File "/usr/local/lib/python3.13/site-packages/fastapi/middleware/asyncexitstack.py", line 18, in __call__
2026-09-17T17:43:26.620798518Z     await self.app(scope, receive, send)
2026-09-17T17:43:26.620802877Z   File "/usr/local/lib/python3.13/site-packages/starlette/routing.py", line 716, in __call__
2026-09-17T17:43:26.620807185Z     await self.middleware_stack(scope, receive, send)
2026-09-17T17:43:26.620811514Z   File "/usr/local/lib/python3.13/site-packages/starlette/routing.py", line 736, in app
2026-09-17T17:43:26.620815782Z     await route.handle(scope, receive, send)
2026-09-17T17:43:26.620822896Z   File "/usr/local/lib/python3.13/site-packages/starlette/routing.py", line 290, in handle
2026-09-17T17:43:26.620827305Z     await self.app(scope, receive, send)
2026-09-17T17:43:26.620831664Z   File "/usr/local/lib/python3.13/site-packages/fastapi/routing.py", line 134, in app
2026-09-17T17:43:26.620835962Z     await wrap_app_handling_exceptions(app, request)(scope, receive, send)
2026-09-17T17:43:26.620840341Z   File "/usr/local/lib/python3.13/site-packages/starlette/_exception_handler.py", line 53, in wrapped_app
2026-09-17T17:43:26.620844649Z     raise exc
2026-09-17T17:43:26.620848928Z   File "/usr/local/lib/python3.13/site-packages/starlette/_exception_handler.py", line 42, in wrapped_app
2026-09-17T17:43:26.620863577Z     await app(scope, receive, sender)
2026-09-17T17:43:26.620868096Z   File "/usr/local/lib/python3.13/site-packages/fastapi/routing.py", line 120, in app
2026-09-17T17:43:26.620872925Z     response = await f(request)
2026-09-17T17:43:26.620877234Z                ^^^^^^^^^^^^^^^^
2026-09-17T17:43:26.620881522Z   File "/usr/local/lib/python3.13/site-packages/fastapi/routing.py", line 674, in app
2026-09-17T17:43:26.620885861Z     raw_response = await run_endpoint_function(
2026-09-17T17:43:26.620890169Z                    ^^^^^^^^^^^^^^^^^^^^^^^^^^^^
2026-09-17T17:43:26.620895009Z     ...<3 lines>...
2026-09-17T17:43:26.620899407Z     )
2026-09-17T17:43:26.620903716Z     ^
2026-09-17T17:43:26.620908045Z   File "/usr/local/lib/python3.13/site-packages/fastapi/routing.py", line 330, in run_endpoint_function
2026-09-17T17:43:26.620912353Z     return await run_in_threadpool(dependant.call, **values)
2026-09-17T17:43:26.620916682Z            ^^^^^^^^^^^^^^^^^^^^^^^^^^^^^^^^^^^^^^^^^^^^^^^^^
2026-09-17T17:43:26.620932543Z   File "/usr/local/lib/python3.13/site-packages/starlette/concurrency.py", line 32, in run_in_threadpool
2026-09-17T17:43:26.620937242Z     return await anyio.to_thread.run_sync(func)
2026-09-17T17:43:26.620941631Z            ^^^^^^^^^^^^^^^^^^^^^^^^^^^^^^^^^^^^
2026-09-17T17:43:26.620945939Z   File "/usr/local/lib/python3.13/site-packages/anyio/to_thread.py", line 63, in run_sync
2026-09-17T17:43:26.620950258Z     return await get_async_backend().run_sync_in_worker_thread(
2026-09-17T17:43:26.620954546Z            ^^^^^^^^^^^^^^^^^^^^^^^^^^^^^^^^^^^^^^^^^^^^^^^^^^^^
2026-09-17T17:43:26.620958845Z         func, args, abandon_on_cancel=abandon_on_cancel, limiter=limiter
2026-09-17T17:43:26.620963254Z         ^^^^^^^^^^^^^^^^^^^^^^^^^^^^^^^^^^^^^^^^^^^^^^^^^^^^^^^^^^^^^^^^
2026-09-17T17:43:26.620967672Z     )
2026-09-17T17:43:26.620971991Z     ^
2026-09-17T17:43:26.620976320Z   File "/usr/local/lib/python3.13/site-packages/anyio/_backends/_asyncio.py", line 2518, in run_sync_in_worker_thread
2026-09-17T17:43:26.620980728Z     return await future
2026-09-17T17:43:26.620985067Z            ^^^^^^^^^^^^
2026-09-17T17:43:26.620989325Z   File "/usr/local/lib/python3.13/site-packages/anyio/_backends/_asyncio.py", line 1002, in run
2026-09-17T17:43:26.620993694Z     result = context.run(func, *args)
2026-09-17T17:43:26.620998093Z   File "/app/app/routers/orders.py", line 36, in checkout
2026-09-17T17:43:26.621002421Z     return create_order(
2026-09-17T17:43:26.621006780Z         db=db,
2026-09-17T17:43:26.621011188Z     ...<2 lines>...
2026-09-17T17:43:26.621015537Z         correlation_id=correlation_id,
2026-09-17T17:43:26.621019936Z     )
2026-09-17T17:43:26.621024294Z   File "/app/app/services/order_service.py", line 42, in create_order
2026-09-17T17:43:26.621029234Z     result = db.execute(
2026-09-17T17:43:26.621033753Z         select(ProductModel).where(ProductModel.id == product_id)
2026-09-17T17:43:26.621038092Z     )
2026-09-17T17:43:26.621042440Z   File "/usr/local/lib/python3.13/site-packages/sqlalchemy/orm/session.py", line 2372, in execute
2026-09-17T17:43:26.621046809Z     return self._execute_internal(
2026-09-17T17:43:26.621051137Z            ~~~~~~~~~~~~~~~~~~~~~~^
2026-09-17T17:43:26.621055436Z         statement,
2026-09-17T17:43:26.621059775Z         ^^^^^^^^^^
2026-09-17T17:43:26.621064113Z     ...<4 lines>...
2026-09-17T17:43:26.621068732Z         _add_event=_add_event,
2026-09-17T17:43:26.621073101Z         ^^^^^^^^^^^^^^^^^^^^^^
2026-09-17T17:43:26.621077389Z     )
2026-09-17T17:43:26.621081728Z     ^
2026-09-17T17:43:26.621086076Z   File "/usr/local/lib/python3.13/site-packages/sqlalchemy/orm/session.py", line 2260, in _execute_internal
2026-09-17T17:43:26.621100114Z     conn = self._connection_for_bind(bind)
2026-09-17T17:43:26.621104603Z   File "/usr/local/lib/python3.13/site-packages/sqlalchemy/orm/session.py", line 2112, in _connection_for_bind
2026-09-17T17:43:26.621108952Z     return trans._connection_for_bind(engine, execution_options)
2026-09-17T17:43:26.621113320Z            ~~~~~~~~~~~~~~~~~~~~~~~~~~^^^^^^^^^^^^^^^^^^^^^^^^^^^
2026-09-17T17:43:26.621117669Z   File "<string>", line 2, in _connection_for_bind
2026-09-17T17:43:26.621121947Z   File "/usr/local/lib/python3.13/site-packages/sqlalchemy/orm/state_changes.py", line 137, in _go
2026-09-17T17:43:26.621126266Z     ret_value = fn(self, *arg, **kw)
2026-09-17T17:43:26.621130534Z   File "/usr/local/lib/python3.13/site-packages/sqlalchemy/orm/session.py", line 1191, in _connection_for_bind
2026-09-17T17:43:26.621134823Z     conn = bind.connect()
2026-09-17T17:43:26.621139713Z   File "/usr/local/lib/python3.13/site-packages/opentelemetry/instrumentation/sqlalchemy/engine.py", line 200, in _wrap_connect_internal
2026-09-17T17:43:26.621144071Z     return func(*args, **kwargs)
2026-09-17T17:43:26.621148460Z   File "/usr/local/lib/python3.13/site-packages/sqlalchemy/engine/base.py", line 3295, in connect
2026-09-17T17:43:26.621152808Z     return self._connection_cls(self)
2026-09-17T17:43:26.621157237Z            ~~~~~~~~~~~~~~~~~~~~^^^^^^
2026-09-17T17:43:26.621161556Z   File "/usr/local/lib/python3.13/site-packages/sqlalchemy/engine/base.py", line 144, in __init__
2026-09-17T17:43:26.621165894Z     self._dbapi_connection = engine.raw_connection()
2026-09-17T17:43:26.621170183Z                              ~~~~~~~~~~~~~~~~~~~~~^^
2026-09-17T17:43:26.621174491Z   File "/usr/local/lib/python3.13/site-packages/sqlalchemy/engine/base.py", line 3319, in raw_connection
2026-09-17T17:43:26.621178800Z     return self.pool.connect()
2026-09-17T17:43:26.621183289Z            ~~~~~~~~~~~~~~~~~^^
2026-09-17T17:43:26.621187627Z   File "/usr/local/lib/python3.13/site-packages/sqlalchemy/pool/base.py", line 448, in connect
2026-09-17T17:43:26.621191936Z     return _ConnectionFairy._checkout(self)
2026-09-17T17:43:26.621196184Z            ~~~~~~~~~~~~~~~~~~~~~~~~~~^^^^^^
2026-09-17T17:43:26.621200493Z   File "/usr/local/lib/python3.13/site-packages/sqlalchemy/pool/base.py", line 1272, in _checkout
2026-09-17T17:43:26.621204801Z     fairy = _ConnectionRecord.checkout(pool)
2026-09-17T17:43:26.621209130Z   File "/usr/local/lib/python3.13/site-packages/sqlalchemy/pool/base.py", line 712, in checkout
2026-09-17T17:43:26.621213559Z     rec = pool._do_get()
2026-09-17T17:43:26.621217957Z   File "/usr/local/lib/python3.13/site-packages/sqlalchemy/pool/impl.py", line 167, in _do_get
2026-09-17T17:43:26.621222296Z     raise exc.TimeoutError(
2026-09-17T17:43:26.621226604Z     ...<4 lines>...
2026-09-17T17:43:26.621230923Z     )
2026-09-17T17:43:26.621235873Z sqlalchemy.exc.TimeoutError: QueuePool limit of size 5 overflow 10 reached, connection timed out, timeout 30.00 (Background on this error at: https://sqlalche.me/e/20/3o7r)
2026-09-17T17:43:26.626966409Z ERROR:    Exception in ASGI application
2026-09-17T17:43:26.627009023Z Traceback (most recent call last):
2026-09-17T17:43:26.627014785Z   File "/usr/local/lib/python3.13/site-packages/uvicorn/protocols/http/httptools_impl.py", line 421, in run_asgi
2026-09-17T17:43:26.627019895Z     result = await app(  # type: ignore[func-returns-value]
2026-09-17T17:43:26.627024283Z              ^^^^^^^^^^^^^^^^^^^^^^^^^^^^^^^^^^^^^^^^^^^^^^
2026-09-17T17:43:26.627028572Z         self.scope, self.receive, self.send
2026-09-17T17:43:26.627314517Z         ^^^^^^^^^^^^^^^^^^^^^^^^^^^^^^^^^^^
2026-09-17T17:43:26.627320158Z     )
2026-09-17T17:43:26.627324637Z     ^
2026-09-17T17:43:26.627332563Z   File "/usr/local/lib/python3.13/site-packages/uvicorn/middleware/proxy_headers.py", line 63, in __call__
2026-09-17T17:43:26.627334627Z     return await self.app(scope, receive, send)
2026-09-17T17:43:26.627336581Z            ^^^^^^^^^^^^^^^^^^^^^^^^^^^^^^^^^^^^
2026-09-17T17:43:26.627339196Z   File "/usr/local/lib/python3.13/site-packages/fastapi/applications.py", line 1159, in __call__
2026-09-17T17:43:26.627341130Z     await super().__call__(scope, receive, send)
2026-09-17T17:43:26.627343054Z   File "/usr/local/lib/python3.13/site-packages/starlette/applications.py", line 107, in __call__
2026-09-17T17:43:26.627345118Z     await self.middleware_stack(scope, receive, send)
2026-09-17T17:43:26.627347352Z   File "/usr/local/lib/python3.13/site-packages/starlette/middleware/errors.py", line 186, in __call__
2026-09-17T17:43:26.627349807Z     raise exc
2026-09-17T17:43:26.627352302Z   File "/usr/local/lib/python3.13/site-packages/starlette/middleware/errors.py", line 164, in __call__
2026-09-17T17:43:26.627354616Z     await self.app(scope, receive, _send)
2026-09-17T17:43:26.627357222Z   File "/usr/local/lib/python3.13/site-packages/opentelemetry/instrumentation/asgi/__init__.py", line 806, in __call__
2026-09-17T17:43:26.627359175Z     await self.app(scope, otel_receive, otel_send)
2026-09-17T17:43:26.627361470Z   File "/usr/local/lib/python3.13/site-packages/starlette/middleware/errors.py", line 186, in __call__
2026-09-17T17:43:26.627363915Z     raise exc
2026-09-17T17:43:26.627366330Z   File "/usr/local/lib/python3.13/site-packages/starlette/middleware/errors.py", line 164, in __call__
2026-09-17T17:43:26.627368624Z     await self.app(scope, receive, _send)
2026-09-17T17:43:26.627370568Z   File "/usr/local/lib/python3.13/site-packages/opentelemetry/instrumentation/fastapi/__init__.py", line 305, in __call__
2026-09-17T17:43:26.627372492Z     await self.app(scope, receive, send)
2026-09-17T17:43:26.627374426Z   File "/usr/local/lib/python3.13/site-packages/prometheus_fastapi_instrumentator/middleware.py", line 177, in __call__
2026-09-17T17:43:26.627376359Z     raise exc
2026-09-17T17:43:26.627378273Z   File "/usr/local/lib/python3.13/site-packages/prometheus_fastapi_instrumentator/middleware.py", line 175, in __call__
2026-09-17T17:43:26.627380207Z     await self.app(scope, receive, send_wrapper)
2026-09-17T17:43:26.627382121Z   File "/usr/local/lib/python3.13/site-packages/starlette/middleware/exceptions.py", line 63, in __call__
2026-09-17T17:43:26.627384556Z     await wrap_app_handling_exceptions(self.app, conn)(scope, receive, send)
2026-09-17T17:43:26.627386500Z   File "/usr/local/lib/python3.13/site-packages/starlette/_exception_handler.py", line 53, in wrapped_app
2026-09-17T17:43:26.627388453Z     raise exc
2026-09-17T17:43:26.627390377Z   File "/usr/local/lib/python3.13/site-packages/starlette/_exception_handler.py", line 42, in wrapped_app
2026-09-17T17:43:26.627392301Z     await app(scope, receive, sender)
2026-09-17T17:43:26.627394245Z   File "/usr/local/lib/python3.13/site-packages/fastapi/middleware/asyncexitstack.py", line 18, in __call__
2026-09-17T17:43:26.627396179Z     await self.app(scope, receive, send)
2026-09-17T17:43:26.627398112Z   File "/usr/local/lib/python3.13/site-packages/starlette/routing.py", line 716, in __call__
2026-09-17T17:43:26.627400036Z     await self.middleware_stack(scope, receive, send)
2026-09-17T17:43:26.627401990Z   File "/usr/local/lib/python3.13/site-packages/starlette/routing.py", line 736, in app
2026-09-17T17:43:26.627403944Z     await route.handle(scope, receive, send)
2026-09-17T17:43:26.627492800Z   File "/usr/local/lib/python3.13/site-packages/starlette/routing.py", line 290, in handle
2026-09-17T17:43:26.627497389Z     await self.app(scope, receive, send)
2026-09-17T17:43:26.627499383Z   File "/usr/local/lib/python3.13/site-packages/fastapi/routing.py", line 134, in app
2026-09-17T17:43:26.627501316Z     await wrap_app_handling_exceptions(app, request)(scope, receive, send)
2026-09-17T17:43:26.627503230Z   File "/usr/local/lib/python3.13/site-packages/starlette/_exception_handler.py", line 53, in wrapped_app
2026-09-17T17:43:26.627505214Z     raise exc
2026-09-17T17:43:26.627507278Z   File "/usr/local/lib/python3.13/site-packages/starlette/_exception_handler.py", line 42, in wrapped_app
2026-09-17T17:43:26.627509212Z     await app(scope, receive, sender)
2026-09-17T17:43:26.627511136Z   File "/usr/local/lib/python3.13/site-packages/fastapi/routing.py", line 120, in app
2026-09-17T17:43:26.627513861Z     response = await f(request)
2026-09-17T17:43:26.627515765Z                ^^^^^^^^^^^^^^^^
2026-09-17T17:43:26.627517669Z   File "/usr/local/lib/python3.13/site-packages/fastapi/routing.py", line 674, in app
2026-09-17T17:43:26.627519593Z     raw_response = await run_endpoint_function(
2026-09-17T17:43:26.627521506Z                    ^^^^^^^^^^^^^^^^^^^^^^^^^^^^
2026-09-17T17:43:26.627524422Z     ...<3 lines>...
2026-09-17T17:43:26.627526366Z     )
2026-09-17T17:43:26.627528300Z     ^
2026-09-17T17:43:26.627530264Z   File "/usr/local/lib/python3.13/site-packages/fastapi/routing.py", line 330, in run_endpoint_function
2026-09-17T17:43:26.627532208Z     return await run_in_threadpool(dependant.call, **values)
2026-09-17T17:43:26.627534131Z            ^^^^^^^^^^^^^^^^^^^^^^^^^^^^^^^^^^^^^^^^^^^^^^^^^
2026-09-17T17:43:26.627572126Z   File "/usr/local/lib/python3.13/site-packages/starlette/concurrency.py", line 32, in run_in_threadpool
2026-09-17T17:43:26.627576786Z     return await anyio.to_thread.run_sync(func)
2026-09-17T17:43:26.627578790Z            ^^^^^^^^^^^^^^^^^^^^^^^^^^^^^^^^^^^^
2026-09-17T17:43:26.627580713Z   File "/usr/local/lib/python3.13/site-packages/anyio/to_thread.py", line 63, in run_sync
2026-09-17T17:43:26.627582647Z     return await get_async_backend().run_sync_in_worker_thread(
2026-09-17T17:43:26.627584571Z            ^^^^^^^^^^^^^^^^^^^^^^^^^^^^^^^^^^^^^^^^^^^^^^^^^^^^
2026-09-17T17:43:26.627586515Z         func, args, abandon_on_cancel=abandon_on_cancel, limiter=limiter
2026-09-17T17:43:26.627588439Z         ^^^^^^^^^^^^^^^^^^^^^^^^^^^^^^^^^^^^^^^^^^^^^^^^^^^^^^^^^^^^^^^^
2026-09-17T17:43:26.627590363Z     )
2026-09-17T17:43:26.627592316Z     ^
2026-09-17T17:43:26.627594260Z   File "/usr/local/lib/python3.13/site-packages/anyio/_backends/_asyncio.py", line 2518, in run_sync_in_worker_thread
2026-09-17T17:43:26.627596174Z     return await future
2026-09-17T17:43:26.627598088Z            ^^^^^^^^^^^^
2026-09-17T17:43:26.627600002Z   File "/usr/local/lib/python3.13/site-packages/anyio/_backends/_asyncio.py", line 1002, in run
2026-09-17T17:43:26.627601925Z     result = context.run(func, *args)
2026-09-17T17:43:26.627603839Z   File "/app/app/routers/orders.py", line 36, in checkout
2026-09-17T17:43:26.627605743Z     return create_order(
2026-09-17T17:43:26.627607727Z         db=db,
2026-09-17T17:43:26.627609691Z     ...<2 lines>...
2026-09-17T17:43:26.627611655Z         correlation_id=correlation_id,
2026-09-17T17:43:26.627613578Z     )
2026-09-17T17:43:26.627615512Z   File "/app/app/services/order_service.py", line 42, in create_order
2026-09-17T17:43:26.627617436Z     result = db.execute(
2026-09-17T17:43:26.627619350Z         select(ProductModel).where(ProductModel.id == product_id)
2026-09-17T17:43:26.627628859Z     )
2026-09-17T17:43:26.627631013Z   File "/usr/local/lib/python3.13/site-packages/sqlalchemy/orm/session.py", line 2372, in execute
2026-09-17T17:43:26.627632967Z     return self._execute_internal(
2026-09-17T17:43:26.627634921Z            ~~~~~~~~~~~~~~~~~~~~~~^
2026-09-17T17:43:26.627636834Z         statement,
2026-09-17T17:43:26.627638738Z         ^^^^^^^^^^
2026-09-17T17:43:26.627640642Z     ...<4 lines>...
2026-09-17T17:43:26.627642586Z         _add_event=_add_event,
2026-09-17T17:43:26.627644480Z         ^^^^^^^^^^^^^^^^^^^^^^
2026-09-17T17:43:26.627646403Z     )
2026-09-17T17:43:26.627648317Z     ^
2026-09-17T17:43:26.627650231Z   File "/usr/local/lib/python3.13/site-packages/sqlalchemy/orm/session.py", line 2260, in _execute_internal
2026-09-17T17:43:26.627652135Z     conn = self._connection_for_bind(bind)
2026-09-17T17:43:26.627654048Z   File "/usr/local/lib/python3.13/site-packages/sqlalchemy/orm/session.py", line 2112, in _connection_for_bind
2026-09-17T17:43:26.627655962Z     return trans._connection_for_bind(engine, execution_options)
2026-09-17T17:43:26.627657896Z            ~~~~~~~~~~~~~~~~~~~~~~~~~~^^^^^^^^^^^^^^^^^^^^^^^^^^^
2026-09-17T17:43:26.627662094Z   File "<string>", line 2, in _connection_for_bind
2026-09-17T17:43:26.627664118Z   File "/usr/local/lib/python3.13/site-packages/sqlalchemy/orm/state_changes.py", line 137, in _go
2026-09-17T17:43:26.627666072Z     ret_value = fn(self, *arg, **kw)
2026-09-17T17:43:26.627668036Z   File "/usr/local/lib/python3.13/site-packages/sqlalchemy/orm/session.py", line 1191, in _connection_for_bind
2026-09-17T17:43:26.627669970Z     conn = bind.connect()
2026-09-17T17:43:26.627672896Z   File "/usr/local/lib/python3.13/site-packages/opentelemetry/instrumentation/sqlalchemy/engine.py", line 200, in _wrap_connect_internal
2026-09-17T17:43:26.627674830Z     return func(*args, **kwargs)
2026-09-17T17:43:26.627676773Z   File "/usr/local/lib/python3.13/site-packages/sqlalchemy/engine/base.py", line 3295, in connect
2026-09-17T17:43:26.627678787Z     return self._connection_cls(self)
2026-09-17T17:43:26.627680871Z            ~~~~~~~~~~~~~~~~~~~~^^^^^^
2026-09-17T17:43:26.627682795Z   File "/usr/local/lib/python3.13/site-packages/sqlalchemy/engine/base.py", line 144, in __init__
2026-09-17T17:43:26.627684759Z     self._dbapi_connection = engine.raw_connection()
2026-09-17T17:43:26.627686653Z                              ~~~~~~~~~~~~~~~~~~~~~^^
2026-09-17T17:43:26.627688547Z   File "/usr/local/lib/python3.13/site-packages/sqlalchemy/engine/base.py", line 3319, in raw_connection
2026-09-17T17:43:26.627690511Z     return self.pool.connect()
2026-09-17T17:43:26.627692424Z            ~~~~~~~~~~~~~~~~~^^
2026-09-17T17:43:26.627694368Z   File "/usr/local/lib/python3.13/site-packages/sqlalchemy/pool/base.py", line 448, in connect
2026-09-17T17:43:26.627696292Z     return _ConnectionFairy._checkout(self)
2026-09-17T17:43:26.627698186Z            ~~~~~~~~~~~~~~~~~~~~~~~~~~^^^^^^
2026-09-17T17:43:26.627700079Z   File "/usr/local/lib/python3.13/site-packages/sqlalchemy/pool/base.py", line 1272, in _checkout
2026-09-17T17:43:26.627701983Z     fairy = _ConnectionRecord.checkout(pool)
2026-09-17T17:43:26.627703937Z   File "/usr/local/lib/python3.13/site-packages/sqlalchemy/pool/base.py", line 712, in checkout
2026-09-17T17:43:26.627705851Z     rec = pool._do_get()
2026-09-17T17:43:26.627707795Z   File "/usr/local/lib/python3.13/site-packages/sqlalchemy/pool/impl.py", line 167, in _do_get
2026-09-17T17:43:26.627709718Z     raise exc.TimeoutError(
2026-09-17T17:43:26.627711632Z     ...<4 lines>...
2026-09-17T17:43:26.627713546Z     )
2026-09-17T17:43:26.627716131Z sqlalchemy.exc.TimeoutError: QueuePool limit of size 5 overflow 10 reached, connection timed out, timeout 30.00 (Background on this error at: https://sqlalche.me/e/20/3o7r)
