timestamp,pod,pod_uid,app,phase,pod_ready,ready_containers,total_containers,restart_count,container_restarts,container_states,api_pod_count,worker_pod_count,gateway_pod_count,node,all_nodes_ready,node_states
2026-09-21T00:06:03.480Z,api-5974b5bb7-lqxg5,b7340985-75b6-4ee6-94ae-219edb88b3cb,api,Running,True,1,1,0,"{""api"": 0}","{""api"": ""running""}",1,1,1,desktop-control-plane,True,"{""desktop-control-plane"": true}"
2026-09-21T00:06:03.480Z,flash-sale-image-loader,d97aac4b-6036-49d3-84fa-1eb65b06be9d,,Succeeded,False,0,1,0,"{""flash-sale-image-loader"": 0}","{""flash-sale-image-loader"": ""terminated""}",1,1,1,desktop-control-plane,True,"{""desktop-control-plane"": true}"
2026-09-21T00:06:03.480Z,gateway-d5b8cd646-k2t2j,73e11660-27e2-4f01-af00-a676bdd92091,gateway,Running,True,1,1,1,"{""gateway"": 1}","{""gateway"": ""running""}",1,1,1,desktop-control-plane,True,"{""desktop-control-plane"": true}"
2026-09-21T00:06:03.480Z,jaeger-7cc9b664cc-dkxmr,5f30629b-2b5b-4fec-9f8e-dd3583fe5c69,jaeger,Running,True,1,1,0,"{""jaeger"": 0}","{""jaeger"": ""running""}",1,1,1,desktop-control-plane,True,"{""desktop-control-plane"": true}"
2026-09-21T00:06:03.480Z,otel-collector-7c765745bf-hnzqr,5640ea7c-d391-4d91-a081-fdee2e1b37db,otel-collector,Running,True,1,1,0,"{""otel-collector"": 0}","{""otel-collector"": ""running""}",1,1,1,desktop-control-plane,True,"{""desktop-control-plane"": true}"
2026-09-21T00:06:03.480Z,postgres-676cc4986c-6s5kh,42b5b5b1-da74-46d8-bf66-d12e14fa3676,postgres,Running,True,1,1,0,"{""postgres"": 0}","{""postgres"": ""running""}",1,1,1,desktop-control-plane,True,"{""desktop-control-plane"": true}"
2026-09-21T00:06:03.480Z,prometheus-59f5cf7468-fksrh,de98abcd-712d-4d81-8fb2-59b3011304c6,prometheus,Running,True,1,1,0,"{""prometheus"": 0}","{""prometheus"": ""running""}",1,1,1,desktop-control-plane,True,"{""desktop-control-plane"": true}"
2026-09-21T00:06:03.480Z,rabbitmq-5cdf8f76b7-kdf8p,f02b29f9-8329-460a-9c69-31b755066885,rabbitmq,Running,True,1,1,0,"{""rabbitmq"": 0}","{""rabbitmq"": ""running""}",1,1,1,desktop-control-plane,True,"{""desktop-control-plane"": true}"
2026-09-21T00:06:03.480Z,worker-5799d849c5-66d8m,8d0e460a-5d59-44a2-9b1b-ce0d6f27aa11,worker,Running,True,1,1,0,"{""worker"": 0}","{""worker"": ""running""}",1,1,1,desktop-control-plane,True,"{""desktop-control-plane"": true}"
2026-09-21T00:06:08.480Z,api-5974b5bb7-lqxg5,b7340985-75b6-4ee6-94ae-219edb88b3cb,api,Running,True,1,1,0,"{""api"": 0}","{""api"": ""running""}",1,1,1,desktop-control-plane,True,"{""desktop-control-plane"": true}"
2026-09-21T00:06:08.480Z,flash-sale-image-loader,d97aac4b-6036-49d3-84fa-1eb65b06be9d,,Succeeded,False,0,1,0,"{""flash-sale-image-loader"": 0}","{""flash-sale-image-loader"": ""terminated""}",1,1,1,desktop-control-plane,True,"{""desktop-control-plane"": true}"
2026-09-21T00:06:08.480Z,gateway-d5b8cd646-k2t2j,73e11660-27e2-4f01-af00-a676bdd92091,gateway,Running,True,1,1,1,"{""gateway"": 1}","{""gateway"": ""running""}",1,1,1,desktop-control-plane,True,"{""desktop-control-plane"": true}"
2026-09-21T00:06:08.480Z,jaeger-7cc9b664cc-dkxmr,5f30629b-2b5b-4fec-9f8e-dd3583fe5c69,jaeger,Running,True,1,1,0,"{""jaeger"": 0}","{""jaeger"": ""running""}",1,1,1,desktop-control-plane,True,"{""desktop-control-plane"": true}"
2026-09-21T00:06:08.480Z,otel-collector-7c765745bf-hnzqr,5640ea7c-d391-4d91-a081-fdee2e1b37db,otel-collector,Running,True,1,1,0,"{""otel-collector"": 0}","{""otel-collector"": ""running""}",1,1,1,desktop-control-plane,True,"{""desktop-control-plane"": true}"
2026-09-21T00:06:08.480Z,postgres-676cc4986c-6s5kh,42b5b5b1-da74-46d8-bf66-d12e14fa3676,postgres,Running,True,1,1,0,"{""postgres"": 0}","{""postgres"": ""running""}",1,1,1,desktop-control-plane,True,"{""desktop-control-plane"": true}"
2026-09-21T00:06:08.480Z,prometheus-59f5cf7468-fksrh,de98abcd-712d-4d81-8fb2-59b3011304c6,prometheus,Running,True,1,1,0,"{""prometheus"": 0}","{""prometheus"": ""running""}",1,1,1,desktop-control-plane,True,"{""desktop-control-plane"": true}"
2026-09-21T00:06:08.480Z,rabbitmq-5cdf8f76b7-kdf8p,f02b29f9-8329-460a-9c69-31b755066885,rabbitmq,Running,True,1,1,0,"{""rabbitmq"": 0}","{""rabbitmq"": ""running""}",1,1,1,desktop-control-plane,True,"{""desktop-control-plane"": true}"
2026-09-21T00:06:08.480Z,worker-5799d849c5-66d8m,8d0e460a-5d59-44a2-9b1b-ce0d6f27aa11,worker,Running,True,1,1,0,"{""worker"": 0}","{""worker"": ""running""}",1,1,1,desktop-control-plane,True,"{""desktop-control-plane"": true}"
2026-09-21T00:06:13.480Z,api-5974b5bb7-lqxg5,b7340985-75b6-4ee6-94ae-219edb88b3cb,api,Running,True,1,1,0,"{""api"": 0}","{""api"": ""running""}",1,1,1,desktop-control-plane,True,"{""desktop-control-plane"": true}"
2026-09-21T00:06:13.480Z,flash-sale-image-loader,d97aac4b-6036-49d3-84fa-1eb65b06be9d,,Succeeded,False,0,1,0,"{""flash-sale-image-loader"": 0}","{""flash-sale-image-loader"": ""terminated""}",1,1,1,desktop-control-plane,True,"{""desktop-control-plane"": true}"
2026-09-21T00:06:13.480Z,gateway-d5b8cd646-k2t2j,73e11660-27e2-4f01-af00-a676bdd92091,gateway,Running,True,1,1,1,"{""gateway"": 1}","{""gateway"": ""running""}",1,1,1,desktop-control-plane,True,"{""desktop-control-plane"": true}"
2026-09-21T00:06:13.480Z,jaeger-7cc9b664cc-dkxmr,5f30629b-2b5b-4fec-9f8e-dd3583fe5c69,jaeger,Running,True,1,1,0,"{""jaeger"": 0}","{""jaeger"": ""running""}",1,1,1,desktop-control-plane,True,"{""desktop-control-plane"": true}"
2026-09-21T00:06:13.480Z,otel-collector-7c765745bf-hnzqr,5640ea7c-d391-4d91-a081-fdee2e1b37db,otel-collector,Running,True,1,1,0,"{""otel-collector"": 0}","{""otel-collector"": ""running""}",1,1,1,desktop-control-plane,True,"{""desktop-control-plane"": true}"
2026-09-21T00:06:13.480Z,postgres-676cc4986c-6s5kh,42b5b5b1-da74-46d8-bf66-d12e14fa3676,postgres,Running,True,1,1,0,"{""postgres"": 0}","{""postgres"": ""running""}",1,1,1,desktop-control-plane,True,"{""desktop-control-plane"": true}"
2026-09-21T00:06:13.480Z,prometheus-59f5cf7468-fksrh,de98abcd-712d-4d81-8fb2-59b3011304c6,prometheus,Running,True,1,1,0,"{""prometheus"": 0}","{""prometheus"": ""running""}",1,1,1,desktop-control-plane,True,"{""desktop-control-plane"": true}"
2026-09-21T00:06:13.480Z,rabbitmq-5cdf8f76b7-kdf8p,f02b29f9-8329-460a-9c69-31b755066885,rabbitmq,Running,True,1,1,0,"{""rabbitmq"": 0}","{""rabbitmq"": ""running""}",1,1,1,desktop-control-plane,True,"{""desktop-control-plane"": true}"
2026-09-21T00:06:13.480Z,worker-5799d849c5-66d8m,8d0e460a-5d59-44a2-9b1b-ce0d6f27aa11,worker,Running,True,1,1,0,"{""worker"": 0}","{""worker"": ""running""}",1,1,1,desktop-control-plane,True,"{""desktop-control-plane"": true}"
2026-09-21T00:06:18.480Z,api-5974b5bb7-lqxg5,b7340985-75b6-4ee6-94ae-219edb88b3cb,api,Running,True,1,1,0,"{""api"": 0}","{""api"": ""running""}",1,1,1,desktop-control-plane,True,"{""desktop-control-plane"": true}"
2026-09-21T00:06:18.480Z,flash-sale-image-loader,d97aac4b-6036-49d3-84fa-1eb65b06be9d,,Succeeded,False,0,1,0,"{""flash-sale-image-loader"": 0}","{""flash-sale-image-loader"": ""terminated""}",1,1,1,desktop-control-plane,True,"{""desktop-control-plane"": true}"
2026-09-21T00:06:18.480Z,gateway-d5b8cd646-k2t2j,73e11660-27e2-4f01-af00-a676bdd92091,gateway,Running,True,1,1,1,"{""gateway"": 1}","{""gateway"": ""running""}",1,1,1,desktop-control-plane,True,"{""desktop-control-plane"": true}"
2026-09-21T00:06:18.480Z,jaeger-7cc9b664cc-dkxmr,5f30629b-2b5b-4fec-9f8e-dd3583fe5c69,jaeger,Running,True,1,1,0,"{""jaeger"": 0}","{""jaeger"": ""running""}",1,1,1,desktop-control-plane,True,"{""desktop-control-plane"": true}"
2026-09-21T00:06:18.480Z,otel-collector-7c765745bf-hnzqr,5640ea7c-d391-4d91-a081-fdee2e1b37db,otel-collector,Running,True,1,1,0,"{""otel-collector"": 0}","{""otel-collector"": ""running""}",1,1,1,desktop-control-plane,True,"{""desktop-control-plane"": true}"
2026-09-21T00:06:18.480Z,postgres-676cc4986c-6s5kh,42b5b5b1-da74-46d8-bf66-d12e14fa3676,postgres,Running,True,1,1,0,"{""postgres"": 0}","{""postgres"": ""running""}",1,1,1,desktop-control-plane,True,"{""desktop-control-plane"": true}"
2026-09-21T00:06:18.480Z,prometheus-59f5cf7468-fksrh,de98abcd-712d-4d81-8fb2-59b3011304c6,prometheus,Running,True,1,1,0,"{""prometheus"": 0}","{""prometheus"": ""running""}",1,1,1,desktop-control-plane,True,"{""desktop-control-plane"": true}"
2026-09-21T00:06:18.480Z,rabbitmq-5cdf8f76b7-kdf8p,f02b29f9-8329-460a-9c69-31b755066885,rabbitmq,Running,True,1,1,0,"{""rabbitmq"": 0}","{""rabbitmq"": ""running""}",1,1,1,desktop-control-plane,True,"{""desktop-control-plane"": true}"
2026-09-21T00:06:18.480Z,worker-5799d849c5-66d8m,8d0e460a-5d59-44a2-9b1b-ce0d6f27aa11,worker,Running,True,1,1,0,"{""worker"": 0}","{""worker"": ""running""}",1,1,1,desktop-control-plane,True,"{""desktop-control-plane"": true}"
2026-09-21T00:06:23.481Z,api-5974b5bb7-lqxg5,b7340985-75b6-4ee6-94ae-219edb88b3cb,api,Running,True,1,1,0,"{""api"": 0}","{""api"": ""running""}",1,1,1,desktop-control-plane,True,"{""desktop-control-plane"": true}"
2026-09-21T00:06:23.481Z,flash-sale-image-loader,d97aac4b-6036-49d3-84fa-1eb65b06be9d,,Succeeded,False,0,1,0,"{""flash-sale-image-loader"": 0}","{""flash-sale-image-loader"": ""terminated""}",1,1,1,desktop-control-plane,True,"{""desktop-control-plane"": true}"
2026-09-21T00:06:23.481Z,gateway-d5b8cd646-k2t2j,73e11660-27e2-4f01-af00-a676bdd92091,gateway,Running,True,1,1,1,"{""gateway"": 1}","{""gateway"": ""running""}",1,1,1,desktop-control-plane,True,"{""desktop-control-plane"": true}"
2026-09-21T00:06:23.481Z,jaeger-7cc9b664cc-dkxmr,5f30629b-2b5b-4fec-9f8e-dd3583fe5c69,jaeger,Running,True,1,1,0,"{""jaeger"": 0}","{""jaeger"": ""running""}",1,1,1,desktop-control-plane,True,"{""desktop-control-plane"": true}"
2026-09-21T00:06:23.481Z,otel-collector-7c765745bf-hnzqr,5640ea7c-d391-4d91-a081-fdee2e1b37db,otel-collector,Running,True,1,1,0,"{""otel-collector"": 0}","{""otel-collector"": ""running""}",1,1,1,desktop-control-plane,True,"{""desktop-control-plane"": true}"
2026-09-21T00:06:23.481Z,postgres-676cc4986c-6s5kh,42b5b5b1-da74-46d8-bf66-d12e14fa3676,postgres,Running,True,1,1,0,"{""postgres"": 0}","{""postgres"": ""running""}",1,1,1,desktop-control-plane,True,"{""desktop-control-plane"": true}"
2026-09-21T00:06:23.481Z,prometheus-59f5cf7468-fksrh,de98abcd-712d-4d81-8fb2-59b3011304c6,prometheus,Running,True,1,1,0,"{""prometheus"": 0}","{""prometheus"": ""running""}",1,1,1,desktop-control-plane,True,"{""desktop-control-plane"": true}"
2026-09-21T00:06:23.481Z,rabbitmq-5cdf8f76b7-kdf8p,f02b29f9-8329-460a-9c69-31b755066885,rabbitmq,Running,True,1,1,0,"{""rabbitmq"": 0}","{""rabbitmq"": ""running""}",1,1,1,desktop-control-plane,True,"{""desktop-control-plane"": true}"
2026-09-21T00:06:23.481Z,worker-5799d849c5-66d8m,8d0e460a-5d59-44a2-9b1b-ce0d6f27aa11,worker,Running,True,1,1,0,"{""worker"": 0}","{""worker"": ""running""}",1,1,1,desktop-control-plane,True,"{""desktop-control-plane"": true}"
2026-09-21T00:06:28.481Z,api-5974b5bb7-lqxg5,b7340985-75b6-4ee6-94ae-219edb88b3cb,api,Running,True,1,1,0,"{""api"": 0}","{""api"": ""running""}",1,1,1,desktop-control-plane,True,"{""desktop-control-plane"": true}"
2026-09-21T00:06:28.481Z,flash-sale-image-loader,d97aac4b-6036-49d3-84fa-1eb65b06be9d,,Succeeded,False,0,1,0,"{""flash-sale-image-loader"": 0}","{""flash-sale-image-loader"": ""terminated""}",1,1,1,desktop-control-plane,True,"{""desktop-control-plane"": true}"
2026-09-21T00:06:28.481Z,gateway-d5b8cd646-k2t2j,73e11660-27e2-4f01-af00-a676bdd92091,gateway,Running,True,1,1,1,"{""gateway"": 1}","{""gateway"": ""running""}",1,1,1,desktop-control-plane,True,"{""desktop-control-plane"": true}"
2026-09-21T00:06:28.481Z,jaeger-7cc9b664cc-dkxmr,5f30629b-2b5b-4fec-9f8e-dd3583fe5c69,jaeger,Running,True,1,1,0,"{""jaeger"": 0}","{""jaeger"": ""running""}",1,1,1,desktop-control-plane,True,"{""desktop-control-plane"": true}"
2026-09-21T00:06:28.481Z,otel-collector-7c765745bf-hnzqr,5640ea7c-d391-4d91-a081-fdee2e1b37db,otel-collector,Running,True,1,1,0,"{""otel-collector"": 0}","{""otel-collector"": ""running""}",1,1,1,desktop-control-plane,True,"{""desktop-control-plane"": true}"
2026-09-21T00:06:28.481Z,postgres-676cc4986c-6s5kh,42b5b5b1-da74-46d8-bf66-d12e14fa3676,postgres,Running,True,1,1,0,"{""postgres"": 0}","{""postgres"": ""running""}",1,1,1,desktop-control-plane,True,"{""desktop-control-plane"": true}"
2026-09-21T00:06:28.481Z,prometheus-59f5cf7468-fksrh,de98abcd-712d-4d81-8fb2-59b3011304c6,prometheus,Running,True,1,1,0,"{""prometheus"": 0}","{""prometheus"": ""running""}",1,1,1,desktop-control-plane,True,"{""desktop-control-plane"": true}"
2026-09-21T00:06:28.481Z,rabbitmq-5cdf8f76b7-kdf8p,f02b29f9-8329-460a-9c69-31b755066885,rabbitmq,Running,True,1,1,0,"{""rabbitmq"": 0}","{""rabbitmq"": ""running""}",1,1,1,desktop-control-plane,True,"{""desktop-control-plane"": true}"
2026-09-21T00:06:28.481Z,worker-5799d849c5-66d8m,8d0e460a-5d59-44a2-9b1b-ce0d6f27aa11,worker,Running,True,1,1,0,"{""worker"": 0}","{""worker"": ""running""}",1,1,1,desktop-control-plane,True,"{""desktop-control-plane"": true}"
2026-09-21T00:06:33.482Z,api-5974b5bb7-lqxg5,b7340985-75b6-4ee6-94ae-219edb88b3cb,api,Running,True,1,1,0,"{""api"": 0}","{""api"": ""running""}",1,1,1,desktop-control-plane,True,"{""desktop-control-plane"": true}"
2026-09-21T00:06:33.482Z,flash-sale-image-loader,d97aac4b-6036-49d3-84fa-1eb65b06be9d,,Succeeded,False,0,1,0,"{""flash-sale-image-loader"": 0}","{""flash-sale-image-loader"": ""terminated""}",1,1,1,desktop-control-plane,True,"{""desktop-control-plane"": true}"
2026-09-21T00:06:33.482Z,gateway-d5b8cd646-k2t2j,73e11660-27e2-4f01-af00-a676bdd92091,gateway,Running,True,1,1,1,"{""gateway"": 1}","{""gateway"": ""running""}",1,1,1,desktop-control-plane,True,"{""desktop-control-plane"": true}"
2026-09-21T00:06:33.482Z,jaeger-7cc9b664cc-dkxmr,5f30629b-2b5b-4fec-9f8e-dd3583fe5c69,jaeger,Running,True,1,1,0,"{""jaeger"": 0}","{""jaeger"": ""running""}",1,1,1,desktop-control-plane,True,"{""desktop-control-plane"": true}"
2026-09-21T00:06:33.482Z,otel-collector-7c765745bf-hnzqr,5640ea7c-d391-4d91-a081-fdee2e1b37db,otel-collector,Running,True,1,1,0,"{""otel-collector"": 0}","{""otel-collector"": ""running""}",1,1,1,desktop-control-plane,True,"{""desktop-control-plane"": true}"
2026-09-21T00:06:33.482Z,postgres-676cc4986c-6s5kh,42b5b5b1-da74-46d8-bf66-d12e14fa3676,postgres,Running,True,1,1,0,"{""postgres"": 0}","{""postgres"": ""running""}",1,1,1,desktop-control-plane,True,"{""desktop-control-plane"": true}"
2026-09-21T00:06:33.482Z,prometheus-59f5cf7468-fksrh,de98abcd-712d-4d81-8fb2-59b3011304c6,prometheus,Running,True,1,1,0,"{""prometheus"": 0}","{""prometheus"": ""running""}",1,1,1,desktop-control-plane,True,"{""desktop-control-plane"": true}"
2026-09-21T00:06:33.482Z,rabbitmq-5cdf8f76b7-kdf8p,f02b29f9-8329-460a-9c69-31b755066885,rabbitmq,Running,True,1,1,0,"{""rabbitmq"": 0}","{""rabbitmq"": ""running""}",1,1,1,desktop-control-plane,True,"{""desktop-control-plane"": true}"
2026-09-21T00:06:33.482Z,worker-5799d849c5-66d8m,8d0e460a-5d59-44a2-9b1b-ce0d6f27aa11,worker,Running,True,1,1,0,"{""worker"": 0}","{""worker"": ""running""}",1,1,1,desktop-control-plane,True,"{""desktop-control-plane"": true}"
2026-09-21T00:06:38.482Z,api-5974b5bb7-lqxg5,b7340985-75b6-4ee6-94ae-219edb88b3cb,api,Running,True,1,1,0,"{""api"": 0}","{""api"": ""running""}",1,1,1,desktop-control-plane,True,"{""desktop-control-plane"": true}"
2026-09-21T00:06:38.482Z,flash-sale-image-loader,d97aac4b-6036-49d3-84fa-1eb65b06be9d,,Succeeded,False,0,1,0,"{""flash-sale-image-loader"": 0}","{""flash-sale-image-loader"": ""terminated""}",1,1,1,desktop-control-plane,True,"{""desktop-control-plane"": true}"
2026-09-21T00:06:38.482Z,gateway-d5b8cd646-k2t2j,73e11660-27e2-4f01-af00-a676bdd92091,gateway,Running,True,1,1,1,"{""gateway"": 1}","{""gateway"": ""running""}",1,1,1,desktop-control-plane,True,"{""desktop-control-plane"": true}"
2026-09-21T00:06:38.482Z,jaeger-7cc9b664cc-dkxmr,5f30629b-2b5b-4fec-9f8e-dd3583fe5c69,jaeger,Running,True,1,1,0,"{""jaeger"": 0}","{""jaeger"": ""running""}",1,1,1,desktop-control-plane,True,"{""desktop-control-plane"": true}"
2026-09-21T00:06:38.482Z,otel-collector-7c765745bf-hnzqr,5640ea7c-d391-4d91-a081-fdee2e1b37db,otel-collector,Running,True,1,1,0,"{""otel-collector"": 0}","{""otel-collector"": ""running""}",1,1,1,desktop-control-plane,True,"{""desktop-control-plane"": true}"
2026-09-21T00:06:38.482Z,postgres-676cc4986c-6s5kh,42b5b5b1-da74-46d8-bf66-d12e14fa3676,postgres,Running,True,1,1,0,"{""postgres"": 0}","{""postgres"": ""running""}",1,1,1,desktop-control-plane,True,"{""desktop-control-plane"": true}"
2026-09-21T00:06:38.482Z,prometheus-59f5cf7468-fksrh,de98abcd-712d-4d81-8fb2-59b3011304c6,prometheus,Running,True,1,1,0,"{""prometheus"": 0}","{""prometheus"": ""running""}",1,1,1,desktop-control-plane,True,"{""desktop-control-plane"": true}"
2026-09-21T00:06:38.482Z,rabbitmq-5cdf8f76b7-kdf8p,f02b29f9-8329-460a-9c69-31b755066885,rabbitmq,Running,True,1,1,0,"{""rabbitmq"": 0}","{""rabbitmq"": ""running""}",1,1,1,desktop-control-plane,True,"{""desktop-control-plane"": true}"
2026-09-21T00:06:38.482Z,worker-5799d849c5-66d8m,8d0e460a-5d59-44a2-9b1b-ce0d6f27aa11,worker,Running,True,1,1,0,"{""worker"": 0}","{""worker"": ""running""}",1,1,1,desktop-control-plane,True,"{""desktop-control-plane"": true}"
2026-09-21T00:06:43.482Z,api-5974b5bb7-lqxg5,b7340985-75b6-4ee6-94ae-219edb88b3cb,api,Running,True,1,1,0,"{""api"": 0}","{""api"": ""running""}",1,1,1,desktop-control-plane,True,"{""desktop-control-plane"": true}"
2026-09-21T00:06:43.482Z,flash-sale-image-loader,d97aac4b-6036-49d3-84fa-1eb65b06be9d,,Succeeded,False,0,1,0,"{""flash-sale-image-loader"": 0}","{""flash-sale-image-loader"": ""terminated""}",1,1,1,desktop-control-plane,True,"{""desktop-control-plane"": true}"
2026-09-21T00:06:43.482Z,gateway-d5b8cd646-k2t2j,73e11660-27e2-4f01-af00-a676bdd92091,gateway,Running,True,1,1,1,"{""gateway"": 1}","{""gateway"": ""running""}",1,1,1,desktop-control-plane,True,"{""desktop-control-plane"": true}"
2026-09-21T00:06:43.482Z,jaeger-7cc9b664cc-dkxmr,5f30629b-2b5b-4fec-9f8e-dd3583fe5c69,jaeger,Running,True,1,1,0,"{""jaeger"": 0}","{""jaeger"": ""running""}",1,1,1,desktop-control-plane,True,"{""desktop-control-plane"": true}"
2026-09-21T00:06:43.482Z,otel-collector-7c765745bf-hnzqr,5640ea7c-d391-4d91-a081-fdee2e1b37db,otel-collector,Running,True,1,1,0,"{""otel-collector"": 0}","{""otel-collector"": ""running""}",1,1,1,desktop-control-plane,True,"{""desktop-control-plane"": true}"
2026-09-21T00:06:43.482Z,postgres-676cc4986c-6s5kh,42b5b5b1-da74-46d8-bf66-d12e14fa3676,postgres,Running,True,1,1,0,"{""postgres"": 0}","{""postgres"": ""running""}",1,1,1,desktop-control-plane,True,"{""desktop-control-plane"": true}"
2026-09-21T00:06:43.482Z,prometheus-59f5cf7468-fksrh,de98abcd-712d-4d81-8fb2-59b3011304c6,prometheus,Running,True,1,1,0,"{""prometheus"": 0}","{""prometheus"": ""running""}",1,1,1,desktop-control-plane,True,"{""desktop-control-plane"": true}"
2026-09-21T00:06:43.482Z,rabbitmq-5cdf8f76b7-kdf8p,f02b29f9-8329-460a-9c69-31b755066885,rabbitmq,Running,True,1,1,0,"{""rabbitmq"": 0}","{""rabbitmq"": ""running""}",1,1,1,desktop-control-plane,True,"{""desktop-control-plane"": true}"
2026-09-21T00:06:43.482Z,worker-5799d849c5-66d8m,8d0e460a-5d59-44a2-9b1b-ce0d6f27aa11,worker,Running,True,1,1,0,"{""worker"": 0}","{""worker"": ""running""}",1,1,1,desktop-control-plane,True,"{""desktop-control-plane"": true}"
2026-09-21T00:06:48.483Z,api-5974b5bb7-lqxg5,b7340985-75b6-4ee6-94ae-219edb88b3cb,api,Running,True,1,1,0,"{""api"": 0}","{""api"": ""running""}",1,1,1,desktop-control-plane,True,"{""desktop-control-plane"": true}"
2026-09-21T00:06:48.483Z,flash-sale-image-loader,d97aac4b-6036-49d3-84fa-1eb65b06be9d,,Succeeded,False,0,1,0,"{""flash-sale-image-loader"": 0}","{""flash-sale-image-loader"": ""terminated""}",1,1,1,desktop-control-plane,True,"{""desktop-control-plane"": true}"
2026-09-21T00:06:48.483Z,gateway-d5b8cd646-k2t2j,73e11660-27e2-4f01-af00-a676bdd92091,gateway,Running,True,1,1,1,"{""gateway"": 1}","{""gateway"": ""running""}",1,1,1,desktop-control-plane,True,"{""desktop-control-plane"": true}"
2026-09-21T00:06:48.483Z,jaeger-7cc9b664cc-dkxmr,5f30629b-2b5b-4fec-9f8e-dd3583fe5c69,jaeger,Running,True,1,1,0,"{""jaeger"": 0}","{""jaeger"": ""running""}",1,1,1,desktop-control-plane,True,"{""desktop-control-plane"": true}"
2026-09-21T00:06:48.483Z,otel-collector-7c765745bf-hnzqr,5640ea7c-d391-4d91-a081-fdee2e1b37db,otel-collector,Running,True,1,1,0,"{""otel-collector"": 0}","{""otel-collector"": ""running""}",1,1,1,desktop-control-plane,True,"{""desktop-control-plane"": true}"
2026-09-21T00:06:48.483Z,postgres-676cc4986c-6s5kh,42b5b5b1-da74-46d8-bf66-d12e14fa3676,postgres,Running,True,1,1,0,"{""postgres"": 0}","{""postgres"": ""running""}",1,1,1,desktop-control-plane,True,"{""desktop-control-plane"": true}"
2026-09-21T00:06:48.483Z,prometheus-59f5cf7468-fksrh,de98abcd-712d-4d81-8fb2-59b3011304c6,prometheus,Running,True,1,1,0,"{""prometheus"": 0}","{""prometheus"": ""running""}",1,1,1,desktop-control-plane,True,"{""desktop-control-plane"": true}"
2026-09-21T00:06:48.483Z,rabbitmq-5cdf8f76b7-kdf8p,f02b29f9-8329-460a-9c69-31b755066885,rabbitmq,Running,True,1,1,0,"{""rabbitmq"": 0}","{""rabbitmq"": ""running""}",1,1,1,desktop-control-plane,True,"{""desktop-control-plane"": true}"
2026-09-21T00:06:48.483Z,worker-5799d849c5-66d8m,8d0e460a-5d59-44a2-9b1b-ce0d6f27aa11,worker,Running,True,1,1,0,"{""worker"": 0}","{""worker"": ""running""}",1,1,1,desktop-control-plane,True,"{""desktop-control-plane"": true}"
2026-09-21T00:06:53.483Z,api-5974b5bb7-lqxg5,b7340985-75b6-4ee6-94ae-219edb88b3cb,api,Running,True,1,1,0,"{""api"": 0}","{""api"": ""running""}",1,1,1,desktop-control-plane,True,"{""desktop-control-plane"": true}"
2026-09-21T00:06:53.483Z,flash-sale-image-loader,d97aac4b-6036-49d3-84fa-1eb65b06be9d,,Succeeded,False,0,1,0,"{""flash-sale-image-loader"": 0}","{""flash-sale-image-loader"": ""terminated""}",1,1,1,desktop-control-plane,True,"{""desktop-control-plane"": true}"
2026-09-21T00:06:53.483Z,gateway-d5b8cd646-k2t2j,73e11660-27e2-4f01-af00-a676bdd92091,gateway,Running,True,1,1,1,"{""gateway"": 1}","{""gateway"": ""running""}",1,1,1,desktop-control-plane,True,"{""desktop-control-plane"": true}"
2026-09-21T00:06:53.483Z,jaeger-7cc9b664cc-dkxmr,5f30629b-2b5b-4fec-9f8e-dd3583fe5c69,jaeger,Running,True,1,1,0,"{""jaeger"": 0}","{""jaeger"": ""running""}",1,1,1,desktop-control-plane,True,"{""desktop-control-plane"": true}"
2026-09-21T00:06:53.483Z,otel-collector-7c765745bf-hnzqr,5640ea7c-d391-4d91-a081-fdee2e1b37db,otel-collector,Running,True,1,1,0,"{""otel-collector"": 0}","{""otel-collector"": ""running""}",1,1,1,desktop-control-plane,True,"{""desktop-control-plane"": true}"
2026-09-21T00:06:53.483Z,postgres-676cc4986c-6s5kh,42b5b5b1-da74-46d8-bf66-d12e14fa3676,postgres,Running,True,1,1,0,"{""postgres"": 0}","{""postgres"": ""running""}",1,1,1,desktop-control-plane,True,"{""desktop-control-plane"": true}"
2026-09-21T00:06:53.483Z,prometheus-59f5cf7468-fksrh,de98abcd-712d-4d81-8fb2-59b3011304c6,prometheus,Running,True,1,1,0,"{""prometheus"": 0}","{""prometheus"": ""running""}",1,1,1,desktop-control-plane,True,"{""desktop-control-plane"": true}"
2026-09-21T00:06:53.483Z,rabbitmq-5cdf8f76b7-kdf8p,f02b29f9-8329-460a-9c69-31b755066885,rabbitmq,Running,True,1,1,0,"{""rabbitmq"": 0}","{""rabbitmq"": ""running""}",1,1,1,desktop-control-plane,True,"{""desktop-control-plane"": true}"
2026-09-21T00:06:53.483Z,worker-5799d849c5-66d8m,8d0e460a-5d59-44a2-9b1b-ce0d6f27aa11,worker,Running,True,1,1,0,"{""worker"": 0}","{""worker"": ""running""}",1,1,1,desktop-control-plane,True,"{""desktop-control-plane"": true}"
2026-09-21T00:06:58.483Z,api-5974b5bb7-lqxg5,b7340985-75b6-4ee6-94ae-219edb88b3cb,api,Running,True,1,1,0,"{""api"": 0}","{""api"": ""running""}",1,1,1,desktop-control-plane,True,"{""desktop-control-plane"": true}"
2026-09-21T00:06:58.483Z,flash-sale-image-loader,d97aac4b-6036-49d3-84fa-1eb65b06be9d,,Succeeded,False,0,1,0,"{""flash-sale-image-loader"": 0}","{""flash-sale-image-loader"": ""terminated""}",1,1,1,desktop-control-plane,True,"{""desktop-control-plane"": true}"
2026-09-21T00:06:58.483Z,gateway-d5b8cd646-k2t2j,73e11660-27e2-4f01-af00-a676bdd92091,gateway,Running,True,1,1,1,"{""gateway"": 1}","{""gateway"": ""running""}",1,1,1,desktop-control-plane,True,"{""desktop-control-plane"": true}"
2026-09-21T00:06:58.483Z,jaeger-7cc9b664cc-dkxmr,5f30629b-2b5b-4fec-9f8e-dd3583fe5c69,jaeger,Running,True,1,1,0,"{""jaeger"": 0}","{""jaeger"": ""running""}",1,1,1,desktop-control-plane,True,"{""desktop-control-plane"": true}"
2026-09-21T00:06:58.483Z,otel-collector-7c765745bf-hnzqr,5640ea7c-d391-4d91-a081-fdee2e1b37db,otel-collector,Running,True,1,1,0,"{""otel-collector"": 0}","{""otel-collector"": ""running""}",1,1,1,desktop-control-plane,True,"{""desktop-control-plane"": true}"
2026-09-21T00:06:58.483Z,postgres-676cc4986c-6s5kh,42b5b5b1-da74-46d8-bf66-d12e14fa3676,postgres,Running,True,1,1,0,"{""postgres"": 0}","{""postgres"": ""running""}",1,1,1,desktop-control-plane,True,"{""desktop-control-plane"": true}"
2026-09-21T00:06:58.483Z,prometheus-59f5cf7468-fksrh,de98abcd-712d-4d81-8fb2-59b3011304c6,prometheus,Running,True,1,1,0,"{""prometheus"": 0}","{""prometheus"": ""running""}",1,1,1,desktop-control-plane,True,"{""desktop-control-plane"": true}"
2026-09-21T00:06:58.483Z,rabbitmq-5cdf8f76b7-kdf8p,f02b29f9-8329-460a-9c69-31b755066885,rabbitmq,Running,True,1,1,0,"{""rabbitmq"": 0}","{""rabbitmq"": ""running""}",1,1,1,desktop-control-plane,True,"{""desktop-control-plane"": true}"
2026-09-21T00:06:58.483Z,worker-5799d849c5-66d8m,8d0e460a-5d59-44a2-9b1b-ce0d6f27aa11,worker,Running,True,1,1,0,"{""worker"": 0}","{""worker"": ""running""}",1,1,1,desktop-control-plane,True,"{""desktop-control-plane"": true}"
2026-09-21T00:07:03.484Z,api-5974b5bb7-lqxg5,b7340985-75b6-4ee6-94ae-219edb88b3cb,api,Running,True,1,1,0,"{""api"": 0}","{""api"": ""running""}",1,1,1,desktop-control-plane,True,"{""desktop-control-plane"": true}"
2026-09-21T00:07:03.484Z,flash-sale-image-loader,d97aac4b-6036-49d3-84fa-1eb65b06be9d,,Succeeded,False,0,1,0,"{""flash-sale-image-loader"": 0}","{""flash-sale-image-loader"": ""terminated""}",1,1,1,desktop-control-plane,True,"{""desktop-control-plane"": true}"
2026-09-21T00:07:03.484Z,gateway-d5b8cd646-k2t2j,73e11660-27e2-4f01-af00-a676bdd92091,gateway,Running,True,1,1,1,"{""gateway"": 1}","{""gateway"": ""running""}",1,1,1,desktop-control-plane,True,"{""desktop-control-plane"": true}"
2026-09-21T00:07:03.484Z,jaeger-7cc9b664cc-dkxmr,5f30629b-2b5b-4fec-9f8e-dd3583fe5c69,jaeger,Running,True,1,1,0,"{""jaeger"": 0}","{""jaeger"": ""running""}",1,1,1,desktop-control-plane,True,"{""desktop-control-plane"": true}"
2026-09-21T00:07:03.484Z,otel-collector-7c765745bf-hnzqr,5640ea7c-d391-4d91-a081-fdee2e1b37db,otel-collector,Running,True,1,1,0,"{""otel-collector"": 0}","{""otel-collector"": ""running""}",1,1,1,desktop-control-plane,True,"{""desktop-control-plane"": true}"
2026-09-21T00:07:03.484Z,postgres-676cc4986c-6s5kh,42b5b5b1-da74-46d8-bf66-d12e14fa3676,postgres,Running,True,1,1,0,"{""postgres"": 0}","{""postgres"": ""running""}",1,1,1,desktop-control-plane,True,"{""desktop-control-plane"": true}"
2026-09-21T00:07:03.484Z,prometheus-59f5cf7468-fksrh,de98abcd-712d-4d81-8fb2-59b3011304c6,prometheus,Running,True,1,1,0,"{""prometheus"": 0}","{""prometheus"": ""running""}",1,1,1,desktop-control-plane,True,"{""desktop-control-plane"": true}"
2026-09-21T00:07:03.484Z,rabbitmq-5cdf8f76b7-kdf8p,f02b29f9-8329-460a-9c69-31b755066885,rabbitmq,Running,True,1,1,0,"{""rabbitmq"": 0}","{""rabbitmq"": ""running""}",1,1,1,desktop-control-plane,True,"{""desktop-control-plane"": true}"
2026-09-21T00:07:03.484Z,worker-5799d849c5-66d8m,8d0e460a-5d59-44a2-9b1b-ce0d6f27aa11,worker,Running,True,1,1,0,"{""worker"": 0}","{""worker"": ""running""}",1,1,1,desktop-control-plane,True,"{""desktop-control-plane"": true}"
2026-09-21T00:07:08.484Z,api-5974b5bb7-lqxg5,b7340985-75b6-4ee6-94ae-219edb88b3cb,api,Running,True,1,1,0,"{""api"": 0}","{""api"": ""running""}",1,1,1,desktop-control-plane,True,"{""desktop-control-plane"": true}"
2026-09-21T00:07:08.484Z,flash-sale-image-loader,d97aac4b-6036-49d3-84fa-1eb65b06be9d,,Succeeded,False,0,1,0,"{""flash-sale-image-loader"": 0}","{""flash-sale-image-loader"": ""terminated""}",1,1,1,desktop-control-plane,True,"{""desktop-control-plane"": true}"
2026-09-21T00:07:08.484Z,gateway-d5b8cd646-k2t2j,73e11660-27e2-4f01-af00-a676bdd92091,gateway,Running,True,1,1,1,"{""gateway"": 1}","{""gateway"": ""running""}",1,1,1,desktop-control-plane,True,"{""desktop-control-plane"": true}"
2026-09-21T00:07:08.484Z,jaeger-7cc9b664cc-dkxmr,5f30629b-2b5b-4fec-9f8e-dd3583fe5c69,jaeger,Running,True,1,1,0,"{""jaeger"": 0}","{""jaeger"": ""running""}",1,1,1,desktop-control-plane,True,"{""desktop-control-plane"": true}"
2026-09-21T00:07:08.484Z,k6-c3-run-1-7gthb,a1d7e8fe-d778-488f-b737-78f831b6892f,k6,Running,True,1,1,0,"{""k6"": 0}","{""k6"": ""running""}",1,1,1,desktop-control-plane,True,"{""desktop-control-plane"": true}"
2026-09-21T00:07:08.484Z,otel-collector-7c765745bf-hnzqr,5640ea7c-d391-4d91-a081-fdee2e1b37db,otel-collector,Running,True,1,1,0,"{""otel-collector"": 0}","{""otel-collector"": ""running""}",1,1,1,desktop-control-plane,True,"{""desktop-control-plane"": true}"
2026-09-21T00:07:08.484Z,postgres-676cc4986c-6s5kh,42b5b5b1-da74-46d8-bf66-d12e14fa3676,postgres,Running,True,1,1,0,"{""postgres"": 0}","{""postgres"": ""running""}",1,1,1,desktop-control-plane,True,"{""desktop-control-plane"": true}"
2026-09-21T00:07:08.484Z,prometheus-59f5cf7468-fksrh,de98abcd-712d-4d81-8fb2-59b3011304c6,prometheus,Running,True,1,1,0,"{""prometheus"": 0}","{""prometheus"": ""running""}",1,1,1,desktop-control-plane,True,"{""desktop-control-plane"": true}"
2026-09-21T00:07:08.484Z,rabbitmq-5cdf8f76b7-kdf8p,f02b29f9-8329-460a-9c69-31b755066885,rabbitmq,Running,True,1,1,0,"{""rabbitmq"": 0}","{""rabbitmq"": ""running""}",1,1,1,desktop-control-plane,True,"{""desktop-control-plane"": true}"
2026-09-21T00:07:08.484Z,worker-5799d849c5-66d8m,8d0e460a-5d59-44a2-9b1b-ce0d6f27aa11,worker,Running,True,1,1,0,"{""worker"": 0}","{""worker"": ""running""}",1,1,1,desktop-control-plane,True,"{""desktop-control-plane"": true}"
2026-09-21T00:07:13.484Z,api-5974b5bb7-lqxg5,b7340985-75b6-4ee6-94ae-219edb88b3cb,api,Running,True,1,1,0,"{""api"": 0}","{""api"": ""running""}",1,1,1,desktop-control-plane,True,"{""desktop-control-plane"": true}"
2026-09-21T00:07:13.484Z,flash-sale-image-loader,d97aac4b-6036-49d3-84fa-1eb65b06be9d,,Succeeded,False,0,1,0,"{""flash-sale-image-loader"": 0}","{""flash-sale-image-loader"": ""terminated""}",1,1,1,desktop-control-plane,True,"{""desktop-control-plane"": true}"
2026-09-21T00:07:13.484Z,gateway-d5b8cd646-k2t2j,73e11660-27e2-4f01-af00-a676bdd92091,gateway,Running,True,1,1,1,"{""gateway"": 1}","{""gateway"": ""running""}",1,1,1,desktop-control-plane,True,"{""desktop-control-plane"": true}"
2026-09-21T00:07:13.484Z,jaeger-7cc9b664cc-dkxmr,5f30629b-2b5b-4fec-9f8e-dd3583fe5c69,jaeger,Running,True,1,1,0,"{""jaeger"": 0}","{""jaeger"": ""running""}",1,1,1,desktop-control-plane,True,"{""desktop-control-plane"": true}"
2026-09-21T00:07:13.484Z,k6-c3-run-1-7gthb,a1d7e8fe-d778-488f-b737-78f831b6892f,k6,Running,True,1,1,0,"{""k6"": 0}","{""k6"": ""running""}",1,1,1,desktop-control-plane,True,"{""desktop-control-plane"": true}"
2026-09-21T00:07:13.484Z,otel-collector-7c765745bf-hnzqr,5640ea7c-d391-4d91-a081-fdee2e1b37db,otel-collector,Running,True,1,1,0,"{""otel-collector"": 0}","{""otel-collector"": ""running""}",1,1,1,desktop-control-plane,True,"{""desktop-control-plane"": true}"
2026-09-21T00:07:13.484Z,postgres-676cc4986c-6s5kh,42b5b5b1-da74-46d8-bf66-d12e14fa3676,postgres,Running,True,1,1,0,"{""postgres"": 0}","{""postgres"": ""running""}",1,1,1,desktop-control-plane,True,"{""desktop-control-plane"": true}"
2026-09-21T00:07:13.484Z,prometheus-59f5cf7468-fksrh,de98abcd-712d-4d81-8fb2-59b3011304c6,prometheus,Running,True,1,1,0,"{""prometheus"": 0}","{""prometheus"": ""running""}",1,1,1,desktop-control-plane,True,"{""desktop-control-plane"": true}"
2026-09-21T00:07:13.484Z,rabbitmq-5cdf8f76b7-kdf8p,f02b29f9-8329-460a-9c69-31b755066885,rabbitmq,Running,True,1,1,0,"{""rabbitmq"": 0}","{""rabbitmq"": ""running""}",1,1,1,desktop-control-plane,True,"{""desktop-control-plane"": true}"
2026-09-21T00:07:13.484Z,worker-5799d849c5-66d8m,8d0e460a-5d59-44a2-9b1b-ce0d6f27aa11,worker,Running,True,1,1,0,"{""worker"": 0}","{""worker"": ""running""}",1,1,1,desktop-control-plane,True,"{""desktop-control-plane"": true}"
2026-09-21T00:07:18.484Z,api-5974b5bb7-lqxg5,b7340985-75b6-4ee6-94ae-219edb88b3cb,api,Running,True,1,1,0,"{""api"": 0}","{""api"": ""running""}",1,1,1,desktop-control-plane,True,"{""desktop-control-plane"": true}"
2026-09-21T00:07:18.484Z,flash-sale-image-loader,d97aac4b-6036-49d3-84fa-1eb65b06be9d,,Succeeded,False,0,1,0,"{""flash-sale-image-loader"": 0}","{""flash-sale-image-loader"": ""terminated""}",1,1,1,desktop-control-plane,True,"{""desktop-control-plane"": true}"
2026-09-21T00:07:18.484Z,gateway-d5b8cd646-k2t2j,73e11660-27e2-4f01-af00-a676bdd92091,gateway,Running,True,1,1,1,"{""gateway"": 1}","{""gateway"": ""running""}",1,1,1,desktop-control-plane,True,"{""desktop-control-plane"": true}"
2026-09-21T00:07:18.484Z,jaeger-7cc9b664cc-dkxmr,5f30629b-2b5b-4fec-9f8e-dd3583fe5c69,jaeger,Running,True,1,1,0,"{""jaeger"": 0}","{""jaeger"": ""running""}",1,1,1,desktop-control-plane,True,"{""desktop-control-plane"": true}"
2026-09-21T00:07:18.484Z,k6-c3-run-1-7gthb,a1d7e8fe-d778-488f-b737-78f831b6892f,k6,Running,True,1,1,0,"{""k6"": 0}","{""k6"": ""running""}",1,1,1,desktop-control-plane,True,"{""desktop-control-plane"": true}"
2026-09-21T00:07:18.484Z,otel-collector-7c765745bf-hnzqr,5640ea7c-d391-4d91-a081-fdee2e1b37db,otel-collector,Running,True,1,1,0,"{""otel-collector"": 0}","{""otel-collector"": ""running""}",1,1,1,desktop-control-plane,True,"{""desktop-control-plane"": true}"
2026-09-21T00:07:18.484Z,postgres-676cc4986c-6s5kh,42b5b5b1-da74-46d8-bf66-d12e14fa3676,postgres,Running,True,1,1,0,"{""postgres"": 0}","{""postgres"": ""running""}",1,1,1,desktop-control-plane,True,"{""desktop-control-plane"": true}"
2026-09-21T00:07:18.484Z,prometheus-59f5cf7468-fksrh,de98abcd-712d-4d81-8fb2-59b3011304c6,prometheus,Running,True,1,1,0,"{""prometheus"": 0}","{""prometheus"": ""running""}",1,1,1,desktop-control-plane,True,"{""desktop-control-plane"": true}"
2026-09-21T00:07:18.484Z,rabbitmq-5cdf8f76b7-kdf8p,f02b29f9-8329-460a-9c69-31b755066885,rabbitmq,Running,True,1,1,0,"{""rabbitmq"": 0}","{""rabbitmq"": ""running""}",1,1,1,desktop-control-plane,True,"{""desktop-control-plane"": true}"
2026-09-21T00:07:18.484Z,worker-5799d849c5-66d8m,8d0e460a-5d59-44a2-9b1b-ce0d6f27aa11,worker,Running,True,1,1,0,"{""worker"": 0}","{""worker"": ""running""}",1,1,1,desktop-control-plane,True,"{""desktop-control-plane"": true}"
2026-09-21T00:07:23.485Z,api-5974b5bb7-lqxg5,b7340985-75b6-4ee6-94ae-219edb88b3cb,api,Running,True,1,1,0,"{""api"": 0}","{""api"": ""running""}",1,1,1,desktop-control-plane,True,"{""desktop-control-plane"": true}"
2026-09-21T00:07:23.485Z,flash-sale-image-loader,d97aac4b-6036-49d3-84fa-1eb65b06be9d,,Succeeded,False,0,1,0,"{""flash-sale-image-loader"": 0}","{""flash-sale-image-loader"": ""terminated""}",1,1,1,desktop-control-plane,True,"{""desktop-control-plane"": true}"
2026-09-21T00:07:23.485Z,gateway-d5b8cd646-k2t2j,73e11660-27e2-4f01-af00-a676bdd92091,gateway,Running,True,1,1,1,"{""gateway"": 1}","{""gateway"": ""running""}",1,1,1,desktop-control-plane,True,"{""desktop-control-plane"": true}"
2026-09-21T00:07:23.485Z,jaeger-7cc9b664cc-dkxmr,5f30629b-2b5b-4fec-9f8e-dd3583fe5c69,jaeger,Running,True,1,1,0,"{""jaeger"": 0}","{""jaeger"": ""running""}",1,1,1,desktop-control-plane,True,"{""desktop-control-plane"": true}"
2026-09-21T00:07:23.485Z,k6-c3-run-1-7gthb,a1d7e8fe-d778-488f-b737-78f831b6892f,k6,Running,True,1,1,0,"{""k6"": 0}","{""k6"": ""running""}",1,1,1,desktop-control-plane,True,"{""desktop-control-plane"": true}"
2026-09-21T00:07:23.485Z,otel-collector-7c765745bf-hnzqr,5640ea7c-d391-4d91-a081-fdee2e1b37db,otel-collector,Running,True,1,1,0,"{""otel-collector"": 0}","{""otel-collector"": ""running""}",1,1,1,desktop-control-plane,True,"{""desktop-control-plane"": true}"
2026-09-21T00:07:23.485Z,postgres-676cc4986c-6s5kh,42b5b5b1-da74-46d8-bf66-d12e14fa3676,postgres,Running,True,1,1,0,"{""postgres"": 0}","{""postgres"": ""running""}",1,1,1,desktop-control-plane,True,"{""desktop-control-plane"": true}"
2026-09-21T00:07:23.485Z,prometheus-59f5cf7468-fksrh,de98abcd-712d-4d81-8fb2-59b3011304c6,prometheus,Running,True,1,1,0,"{""prometheus"": 0}","{""prometheus"": ""running""}",1,1,1,desktop-control-plane,True,"{""desktop-control-plane"": true}"
2026-09-21T00:07:23.485Z,rabbitmq-5cdf8f76b7-kdf8p,f02b29f9-8329-460a-9c69-31b755066885,rabbitmq,Running,True,1,1,0,"{""rabbitmq"": 0}","{""rabbitmq"": ""running""}",1,1,1,desktop-control-plane,True,"{""desktop-control-plane"": true}"
2026-09-21T00:07:23.485Z,worker-5799d849c5-66d8m,8d0e460a-5d59-44a2-9b1b-ce0d6f27aa11,worker,Running,True,1,1,0,"{""worker"": 0}","{""worker"": ""running""}",1,1,1,desktop-control-plane,True,"{""desktop-control-plane"": true}"
2026-09-21T00:07:28.485Z,api-5974b5bb7-lqxg5,b7340985-75b6-4ee6-94ae-219edb88b3cb,api,Running,True,1,1,0,"{""api"": 0}","{""api"": ""running""}",1,1,1,desktop-control-plane,True,"{""desktop-control-plane"": true}"
2026-09-21T00:07:28.485Z,flash-sale-image-loader,d97aac4b-6036-49d3-84fa-1eb65b06be9d,,Succeeded,False,0,1,0,"{""flash-sale-image-loader"": 0}","{""flash-sale-image-loader"": ""terminated""}",1,1,1,desktop-control-plane,True,"{""desktop-control-plane"": true}"
2026-09-21T00:07:28.485Z,gateway-d5b8cd646-k2t2j,73e11660-27e2-4f01-af00-a676bdd92091,gateway,Running,True,1,1,1,"{""gateway"": 1}","{""gateway"": ""running""}",1,1,1,desktop-control-plane,True,"{""desktop-control-plane"": true}"
2026-09-21T00:07:28.485Z,jaeger-7cc9b664cc-dkxmr,5f30629b-2b5b-4fec-9f8e-dd3583fe5c69,jaeger,Running,True,1,1,0,"{""jaeger"": 0}","{""jaeger"": ""running""}",1,1,1,desktop-control-plane,True,"{""desktop-control-plane"": true}"
2026-09-21T00:07:28.485Z,k6-c3-run-1-7gthb,a1d7e8fe-d778-488f-b737-78f831b6892f,k6,Running,True,1,1,0,"{""k6"": 0}","{""k6"": ""running""}",1,1,1,desktop-control-plane,True,"{""desktop-control-plane"": true}"
2026-09-21T00:07:28.485Z,otel-collector-7c765745bf-hnzqr,5640ea7c-d391-4d91-a081-fdee2e1b37db,otel-collector,Running,True,1,1,0,"{""otel-collector"": 0}","{""otel-collector"": ""running""}",1,1,1,desktop-control-plane,True,"{""desktop-control-plane"": true}"
2026-09-21T00:07:28.485Z,postgres-676cc4986c-6s5kh,42b5b5b1-da74-46d8-bf66-d12e14fa3676,postgres,Running,True,1,1,0,"{""postgres"": 0}","{""postgres"": ""running""}",1,1,1,desktop-control-plane,True,"{""desktop-control-plane"": true}"
2026-09-21T00:07:28.485Z,prometheus-59f5cf7468-fksrh,de98abcd-712d-4d81-8fb2-59b3011304c6,prometheus,Running,True,1,1,0,"{""prometheus"": 0}","{""prometheus"": ""running""}",1,1,1,desktop-control-plane,True,"{""desktop-control-plane"": true}"
2026-09-21T00:07:28.485Z,rabbitmq-5cdf8f76b7-kdf8p,f02b29f9-8329-460a-9c69-31b755066885,rabbitmq,Running,True,1,1,0,"{""rabbitmq"": 0}","{""rabbitmq"": ""running""}",1,1,1,desktop-control-plane,True,"{""desktop-control-plane"": true}"
2026-09-21T00:07:28.485Z,worker-5799d849c5-66d8m,8d0e460a-5d59-44a2-9b1b-ce0d6f27aa11,worker,Running,True,1,1,0,"{""worker"": 0}","{""worker"": ""running""}",1,1,1,desktop-control-plane,True,"{""desktop-control-plane"": true}"
2026-09-21T00:07:33.486Z,api-5974b5bb7-lqxg5,b7340985-75b6-4ee6-94ae-219edb88b3cb,api,Running,True,1,1,0,"{""api"": 0}","{""api"": ""running""}",1,1,1,desktop-control-plane,True,"{""desktop-control-plane"": true}"
2026-09-21T00:07:33.486Z,flash-sale-image-loader,d97aac4b-6036-49d3-84fa-1eb65b06be9d,,Succeeded,False,0,1,0,"{""flash-sale-image-loader"": 0}","{""flash-sale-image-loader"": ""terminated""}",1,1,1,desktop-control-plane,True,"{""desktop-control-plane"": true}"
2026-09-21T00:07:33.486Z,gateway-d5b8cd646-k2t2j,73e11660-27e2-4f01-af00-a676bdd92091,gateway,Running,True,1,1,1,"{""gateway"": 1}","{""gateway"": ""running""}",1,1,1,desktop-control-plane,True,"{""desktop-control-plane"": true}"
2026-09-21T00:07:33.486Z,jaeger-7cc9b664cc-dkxmr,5f30629b-2b5b-4fec-9f8e-dd3583fe5c69,jaeger,Running,True,1,1,0,"{""jaeger"": 0}","{""jaeger"": ""running""}",1,1,1,desktop-control-plane,True,"{""desktop-control-plane"": true}"
2026-09-21T00:07:33.486Z,k6-c3-run-1-7gthb,a1d7e8fe-d778-488f-b737-78f831b6892f,k6,Running,True,1,1,0,"{""k6"": 0}","{""k6"": ""running""}",1,1,1,desktop-control-plane,True,"{""desktop-control-plane"": true}"
2026-09-21T00:07:33.486Z,otel-collector-7c765745bf-hnzqr,5640ea7c-d391-4d91-a081-fdee2e1b37db,otel-collector,Running,True,1,1,0,"{""otel-collector"": 0}","{""otel-collector"": ""running""}",1,1,1,desktop-control-plane,True,"{""desktop-control-plane"": true}"
2026-09-21T00:07:33.486Z,postgres-676cc4986c-6s5kh,42b5b5b1-da74-46d8-bf66-d12e14fa3676,postgres,Running,True,1,1,0,"{""postgres"": 0}","{""postgres"": ""running""}",1,1,1,desktop-control-plane,True,"{""desktop-control-plane"": true}"
2026-09-21T00:07:33.486Z,prometheus-59f5cf7468-fksrh,de98abcd-712d-4d81-8fb2-59b3011304c6,prometheus,Running,True,1,1,0,"{""prometheus"": 0}","{""prometheus"": ""running""}",1,1,1,desktop-control-plane,True,"{""desktop-control-plane"": true}"
2026-09-21T00:07:33.486Z,rabbitmq-5cdf8f76b7-kdf8p,f02b29f9-8329-460a-9c69-31b755066885,rabbitmq,Running,True,1,1,0,"{""rabbitmq"": 0}","{""rabbitmq"": ""running""}",1,1,1,desktop-control-plane,True,"{""desktop-control-plane"": true}"
2026-09-21T00:07:33.486Z,worker-5799d849c5-66d8m,8d0e460a-5d59-44a2-9b1b-ce0d6f27aa11,worker,Running,True,1,1,0,"{""worker"": 0}","{""worker"": ""running""}",1,1,1,desktop-control-plane,True,"{""desktop-control-plane"": true}"
2026-09-21T00:07:38.486Z,api-5974b5bb7-lqxg5,b7340985-75b6-4ee6-94ae-219edb88b3cb,api,Running,True,1,1,0,"{""api"": 0}","{""api"": ""running""}",1,1,1,desktop-control-plane,True,"{""desktop-control-plane"": true}"
2026-09-21T00:07:38.486Z,flash-sale-image-loader,d97aac4b-6036-49d3-84fa-1eb65b06be9d,,Succeeded,False,0,1,0,"{""flash-sale-image-loader"": 0}","{""flash-sale-image-loader"": ""terminated""}",1,1,1,desktop-control-plane,True,"{""desktop-control-plane"": true}"
2026-09-21T00:07:38.486Z,gateway-d5b8cd646-k2t2j,73e11660-27e2-4f01-af00-a676bdd92091,gateway,Running,True,1,1,1,"{""gateway"": 1}","{""gateway"": ""running""}",1,1,1,desktop-control-plane,True,"{""desktop-control-plane"": true}"
2026-09-21T00:07:38.486Z,jaeger-7cc9b664cc-dkxmr,5f30629b-2b5b-4fec-9f8e-dd3583fe5c69,jaeger,Running,True,1,1,0,"{""jaeger"": 0}","{""jaeger"": ""running""}",1,1,1,desktop-control-plane,True,"{""desktop-control-plane"": true}"
2026-09-21T00:07:38.486Z,k6-c3-run-1-7gthb,a1d7e8fe-d778-488f-b737-78f831b6892f,k6,Running,True,1,1,0,"{""k6"": 0}","{""k6"": ""running""}",1,1,1,desktop-control-plane,True,"{""desktop-control-plane"": true}"
2026-09-21T00:07:38.486Z,otel-collector-7c765745bf-hnzqr,5640ea7c-d391-4d91-a081-fdee2e1b37db,otel-collector,Running,True,1,1,0,"{""otel-collector"": 0}","{""otel-collector"": ""running""}",1,1,1,desktop-control-plane,True,"{""desktop-control-plane"": true}"
2026-09-21T00:07:38.486Z,postgres-676cc4986c-6s5kh,42b5b5b1-da74-46d8-bf66-d12e14fa3676,postgres,Running,True,1,1,0,"{""postgres"": 0}","{""postgres"": ""running""}",1,1,1,desktop-control-plane,True,"{""desktop-control-plane"": true}"
2026-09-21T00:07:38.486Z,prometheus-59f5cf7468-fksrh,de98abcd-712d-4d81-8fb2-59b3011304c6,prometheus,Running,True,1,1,0,"{""prometheus"": 0}","{""prometheus"": ""running""}",1,1,1,desktop-control-plane,True,"{""desktop-control-plane"": true}"
2026-09-21T00:07:38.486Z,rabbitmq-5cdf8f76b7-kdf8p,f02b29f9-8329-460a-9c69-31b755066885,rabbitmq,Running,True,1,1,0,"{""rabbitmq"": 0}","{""rabbitmq"": ""running""}",1,1,1,desktop-control-plane,True,"{""desktop-control-plane"": true}"
2026-09-21T00:07:38.486Z,worker-5799d849c5-66d8m,8d0e460a-5d59-44a2-9b1b-ce0d6f27aa11,worker,Running,True,1,1,0,"{""worker"": 0}","{""worker"": ""running""}",1,1,1,desktop-control-plane,True,"{""desktop-control-plane"": true}"
2026-09-21T00:07:43.486Z,api-5974b5bb7-lqxg5,b7340985-75b6-4ee6-94ae-219edb88b3cb,api,Running,True,1,1,0,"{""api"": 0}","{""api"": ""running""}",1,1,1,desktop-control-plane,True,"{""desktop-control-plane"": true}"
2026-09-21T00:07:43.486Z,flash-sale-image-loader,d97aac4b-6036-49d3-84fa-1eb65b06be9d,,Succeeded,False,0,1,0,"{""flash-sale-image-loader"": 0}","{""flash-sale-image-loader"": ""terminated""}",1,1,1,desktop-control-plane,True,"{""desktop-control-plane"": true}"
2026-09-21T00:07:43.486Z,gateway-d5b8cd646-k2t2j,73e11660-27e2-4f01-af00-a676bdd92091,gateway,Running,True,1,1,1,"{""gateway"": 1}","{""gateway"": ""running""}",1,1,1,desktop-control-plane,True,"{""desktop-control-plane"": true}"
2026-09-21T00:07:43.486Z,jaeger-7cc9b664cc-dkxmr,5f30629b-2b5b-4fec-9f8e-dd3583fe5c69,jaeger,Running,True,1,1,0,"{""jaeger"": 0}","{""jaeger"": ""running""}",1,1,1,desktop-control-plane,True,"{""desktop-control-plane"": true}"
2026-09-21T00:07:43.486Z,k6-c3-run-1-7gthb,a1d7e8fe-d778-488f-b737-78f831b6892f,k6,Running,True,1,1,0,"{""k6"": 0}","{""k6"": ""running""}",1,1,1,desktop-control-plane,True,"{""desktop-control-plane"": true}"
2026-09-21T00:07:43.486Z,otel-collector-7c765745bf-hnzqr,5640ea7c-d391-4d91-a081-fdee2e1b37db,otel-collector,Running,True,1,1,0,"{""otel-collector"": 0}","{""otel-collector"": ""running""}",1,1,1,desktop-control-plane,True,"{""desktop-control-plane"": true}"
2026-09-21T00:07:43.486Z,postgres-676cc4986c-6s5kh,42b5b5b1-da74-46d8-bf66-d12e14fa3676,postgres,Running,True,1,1,0,"{""postgres"": 0}","{""postgres"": ""running""}",1,1,1,desktop-control-plane,True,"{""desktop-control-plane"": true}"
2026-09-21T00:07:43.486Z,prometheus-59f5cf7468-fksrh,de98abcd-712d-4d81-8fb2-59b3011304c6,prometheus,Running,True,1,1,0,"{""prometheus"": 0}","{""prometheus"": ""running""}",1,1,1,desktop-control-plane,True,"{""desktop-control-plane"": true}"
2026-09-21T00:07:43.486Z,rabbitmq-5cdf8f76b7-kdf8p,f02b29f9-8329-460a-9c69-31b755066885,rabbitmq,Running,True,1,1,0,"{""rabbitmq"": 0}","{""rabbitmq"": ""running""}",1,1,1,desktop-control-plane,True,"{""desktop-control-plane"": true}"
2026-09-21T00:07:43.486Z,worker-5799d849c5-66d8m,8d0e460a-5d59-44a2-9b1b-ce0d6f27aa11,worker,Running,True,1,1,0,"{""worker"": 0}","{""worker"": ""running""}",1,1,1,desktop-control-plane,True,"{""desktop-control-plane"": true}"
2026-09-21T00:07:48.486Z,api-5974b5bb7-lqxg5,b7340985-75b6-4ee6-94ae-219edb88b3cb,api,Running,True,1,1,0,"{""api"": 0}","{""api"": ""running""}",1,1,1,desktop-control-plane,True,"{""desktop-control-plane"": true}"
2026-09-21T00:07:48.486Z,flash-sale-image-loader,d97aac4b-6036-49d3-84fa-1eb65b06be9d,,Succeeded,False,0,1,0,"{""flash-sale-image-loader"": 0}","{""flash-sale-image-loader"": ""terminated""}",1,1,1,desktop-control-plane,True,"{""desktop-control-plane"": true}"
2026-09-21T00:07:48.486Z,gateway-d5b8cd646-k2t2j,73e11660-27e2-4f01-af00-a676bdd92091,gateway,Running,True,1,1,1,"{""gateway"": 1}","{""gateway"": ""running""}",1,1,1,desktop-control-plane,True,"{""desktop-control-plane"": true}"
2026-09-21T00:07:48.486Z,jaeger-7cc9b664cc-dkxmr,5f30629b-2b5b-4fec-9f8e-dd3583fe5c69,jaeger,Running,True,1,1,0,"{""jaeger"": 0}","{""jaeger"": ""running""}",1,1,1,desktop-control-plane,True,"{""desktop-control-plane"": true}"
2026-09-21T00:07:48.486Z,k6-c3-run-1-7gthb,a1d7e8fe-d778-488f-b737-78f831b6892f,k6,Running,True,1,1,0,"{""k6"": 0}","{""k6"": ""running""}",1,1,1,desktop-control-plane,True,"{""desktop-control-plane"": true}"
2026-09-21T00:07:48.486Z,otel-collector-7c765745bf-hnzqr,5640ea7c-d391-4d91-a081-fdee2e1b37db,otel-collector,Running,True,1,1,0,"{""otel-collector"": 0}","{""otel-collector"": ""running""}",1,1,1,desktop-control-plane,True,"{""desktop-control-plane"": true}"
2026-09-21T00:07:48.486Z,postgres-676cc4986c-6s5kh,42b5b5b1-da74-46d8-bf66-d12e14fa3676,postgres,Running,True,1,1,0,"{""postgres"": 0}","{""postgres"": ""running""}",1,1,1,desktop-control-plane,True,"{""desktop-control-plane"": true}"
2026-09-21T00:07:48.486Z,prometheus-59f5cf7468-fksrh,de98abcd-712d-4d81-8fb2-59b3011304c6,prometheus,Running,True,1,1,0,"{""prometheus"": 0}","{""prometheus"": ""running""}",1,1,1,desktop-control-plane,True,"{""desktop-control-plane"": true}"
2026-09-21T00:07:48.486Z,rabbitmq-5cdf8f76b7-kdf8p,f02b29f9-8329-460a-9c69-31b755066885,rabbitmq,Running,True,1,1,0,"{""rabbitmq"": 0}","{""rabbitmq"": ""running""}",1,1,1,desktop-control-plane,True,"{""desktop-control-plane"": true}"
2026-09-21T00:07:48.486Z,worker-5799d849c5-66d8m,8d0e460a-5d59-44a2-9b1b-ce0d6f27aa11,worker,Running,True,1,1,0,"{""worker"": 0}","{""worker"": ""running""}",1,1,1,desktop-control-plane,True,"{""desktop-control-plane"": true}"
2026-09-21T00:07:53.487Z,api-5974b5bb7-lqxg5,b7340985-75b6-4ee6-94ae-219edb88b3cb,api,Running,True,1,1,0,"{""api"": 0}","{""api"": ""running""}",1,1,1,desktop-control-plane,True,"{""desktop-control-plane"": true}"
2026-09-21T00:07:53.487Z,flash-sale-image-loader,d97aac4b-6036-49d3-84fa-1eb65b06be9d,,Succeeded,False,0,1,0,"{""flash-sale-image-loader"": 0}","{""flash-sale-image-loader"": ""terminated""}",1,1,1,desktop-control-plane,True,"{""desktop-control-plane"": true}"
2026-09-21T00:07:53.487Z,gateway-d5b8cd646-k2t2j,73e11660-27e2-4f01-af00-a676bdd92091,gateway,Running,True,1,1,1,"{""gateway"": 1}","{""gateway"": ""running""}",1,1,1,desktop-control-plane,True,"{""desktop-control-plane"": true}"
2026-09-21T00:07:53.487Z,jaeger-7cc9b664cc-dkxmr,5f30629b-2b5b-4fec-9f8e-dd3583fe5c69,jaeger,Running,True,1,1,0,"{""jaeger"": 0}","{""jaeger"": ""running""}",1,1,1,desktop-control-plane,True,"{""desktop-control-plane"": true}"
2026-09-21T00:07:53.487Z,k6-c3-run-1-7gthb,a1d7e8fe-d778-488f-b737-78f831b6892f,k6,Running,True,1,1,0,"{""k6"": 0}","{""k6"": ""running""}",1,1,1,desktop-control-plane,True,"{""desktop-control-plane"": true}"
2026-09-21T00:07:53.487Z,otel-collector-7c765745bf-hnzqr,5640ea7c-d391-4d91-a081-fdee2e1b37db,otel-collector,Running,True,1,1,0,"{""otel-collector"": 0}","{""otel-collector"": ""running""}",1,1,1,desktop-control-plane,True,"{""desktop-control-plane"": true}"
2026-09-21T00:07:53.487Z,postgres-676cc4986c-6s5kh,42b5b5b1-da74-46d8-bf66-d12e14fa3676,postgres,Running,True,1,1,0,"{""postgres"": 0}","{""postgres"": ""running""}",1,1,1,desktop-control-plane,True,"{""desktop-control-plane"": true}"
2026-09-21T00:07:53.487Z,prometheus-59f5cf7468-fksrh,de98abcd-712d-4d81-8fb2-59b3011304c6,prometheus,Running,True,1,1,0,"{""prometheus"": 0}","{""prometheus"": ""running""}",1,1,1,desktop-control-plane,True,"{""desktop-control-plane"": true}"
2026-09-21T00:07:53.487Z,rabbitmq-5cdf8f76b7-kdf8p,f02b29f9-8329-460a-9c69-31b755066885,rabbitmq,Running,True,1,1,0,"{""rabbitmq"": 0}","{""rabbitmq"": ""running""}",1,1,1,desktop-control-plane,True,"{""desktop-control-plane"": true}"
2026-09-21T00:07:53.487Z,worker-5799d849c5-66d8m,8d0e460a-5d59-44a2-9b1b-ce0d6f27aa11,worker,Running,True,1,1,0,"{""worker"": 0}","{""worker"": ""running""}",1,1,1,desktop-control-plane,True,"{""desktop-control-plane"": true}"
2026-09-21T00:07:58.487Z,api-5974b5bb7-lqxg5,b7340985-75b6-4ee6-94ae-219edb88b3cb,api,Running,True,1,1,0,"{""api"": 0}","{""api"": ""running""}",1,1,1,desktop-control-plane,True,"{""desktop-control-plane"": true}"
2026-09-21T00:07:58.487Z,flash-sale-image-loader,d97aac4b-6036-49d3-84fa-1eb65b06be9d,,Succeeded,False,0,1,0,"{""flash-sale-image-loader"": 0}","{""flash-sale-image-loader"": ""terminated""}",1,1,1,desktop-control-plane,True,"{""desktop-control-plane"": true}"
2026-09-21T00:07:58.487Z,gateway-d5b8cd646-k2t2j,73e11660-27e2-4f01-af00-a676bdd92091,gateway,Running,True,1,1,1,"{""gateway"": 1}","{""gateway"": ""running""}",1,1,1,desktop-control-plane,True,"{""desktop-control-plane"": true}"
2026-09-21T00:07:58.487Z,jaeger-7cc9b664cc-dkxmr,5f30629b-2b5b-4fec-9f8e-dd3583fe5c69,jaeger,Running,True,1,1,0,"{""jaeger"": 0}","{""jaeger"": ""running""}",1,1,1,desktop-control-plane,True,"{""desktop-control-plane"": true}"
2026-09-21T00:07:58.487Z,k6-c3-run-1-7gthb,a1d7e8fe-d778-488f-b737-78f831b6892f,k6,Running,True,1,1,0,"{""k6"": 0}","{""k6"": ""running""}",1,1,1,desktop-control-plane,True,"{""desktop-control-plane"": true}"
2026-09-21T00:07:58.487Z,otel-collector-7c765745bf-hnzqr,5640ea7c-d391-4d91-a081-fdee2e1b37db,otel-collector,Running,True,1,1,0,"{""otel-collector"": 0}","{""otel-collector"": ""running""}",1,1,1,desktop-control-plane,True,"{""desktop-control-plane"": true}"
2026-09-21T00:07:58.487Z,postgres-676cc4986c-6s5kh,42b5b5b1-da74-46d8-bf66-d12e14fa3676,postgres,Running,True,1,1,0,"{""postgres"": 0}","{""postgres"": ""running""}",1,1,1,desktop-control-plane,True,"{""desktop-control-plane"": true}"
2026-09-21T00:07:58.487Z,prometheus-59f5cf7468-fksrh,de98abcd-712d-4d81-8fb2-59b3011304c6,prometheus,Running,True,1,1,0,"{""prometheus"": 0}","{""prometheus"": ""running""}",1,1,1,desktop-control-plane,True,"{""desktop-control-plane"": true}"
2026-09-21T00:07:58.487Z,rabbitmq-5cdf8f76b7-kdf8p,f02b29f9-8329-460a-9c69-31b755066885,rabbitmq,Running,True,1,1,0,"{""rabbitmq"": 0}","{""rabbitmq"": ""running""}",1,1,1,desktop-control-plane,True,"{""desktop-control-plane"": true}"
2026-09-21T00:07:58.487Z,worker-5799d849c5-66d8m,8d0e460a-5d59-44a2-9b1b-ce0d6f27aa11,worker,Running,True,1,1,0,"{""worker"": 0}","{""worker"": ""running""}",1,1,1,desktop-control-plane,True,"{""desktop-control-plane"": true}"
2026-09-21T00:08:03.488Z,api-5974b5bb7-lqxg5,b7340985-75b6-4ee6-94ae-219edb88b3cb,api,Running,True,1,1,0,"{""api"": 0}","{""api"": ""running""}",1,1,1,desktop-control-plane,True,"{""desktop-control-plane"": true}"
2026-09-21T00:08:03.488Z,flash-sale-image-loader,d97aac4b-6036-49d3-84fa-1eb65b06be9d,,Succeeded,False,0,1,0,"{""flash-sale-image-loader"": 0}","{""flash-sale-image-loader"": ""terminated""}",1,1,1,desktop-control-plane,True,"{""desktop-control-plane"": true}"
2026-09-21T00:08:03.488Z,gateway-d5b8cd646-k2t2j,73e11660-27e2-4f01-af00-a676bdd92091,gateway,Running,True,1,1,1,"{""gateway"": 1}","{""gateway"": ""running""}",1,1,1,desktop-control-plane,True,"{""desktop-control-plane"": true}"
2026-09-21T00:08:03.488Z,jaeger-7cc9b664cc-dkxmr,5f30629b-2b5b-4fec-9f8e-dd3583fe5c69,jaeger,Running,True,1,1,0,"{""jaeger"": 0}","{""jaeger"": ""running""}",1,1,1,desktop-control-plane,True,"{""desktop-control-plane"": true}"
2026-09-21T00:08:03.488Z,k6-c3-run-1-7gthb,a1d7e8fe-d778-488f-b737-78f831b6892f,k6,Running,True,1,1,0,"{""k6"": 0}","{""k6"": ""running""}",1,1,1,desktop-control-plane,True,"{""desktop-control-plane"": true}"
2026-09-21T00:08:03.488Z,otel-collector-7c765745bf-hnzqr,5640ea7c-d391-4d91-a081-fdee2e1b37db,otel-collector,Running,True,1,1,0,"{""otel-collector"": 0}","{""otel-collector"": ""running""}",1,1,1,desktop-control-plane,True,"{""desktop-control-plane"": true}"
2026-09-21T00:08:03.488Z,postgres-676cc4986c-6s5kh,42b5b5b1-da74-46d8-bf66-d12e14fa3676,postgres,Running,True,1,1,0,"{""postgres"": 0}","{""postgres"": ""running""}",1,1,1,desktop-control-plane,True,"{""desktop-control-plane"": true}"
2026-09-21T00:08:03.488Z,prometheus-59f5cf7468-fksrh,de98abcd-712d-4d81-8fb2-59b3011304c6,prometheus,Running,True,1,1,0,"{""prometheus"": 0}","{""prometheus"": ""running""}",1,1,1,desktop-control-plane,True,"{""desktop-control-plane"": true}"
2026-09-21T00:08:03.488Z,rabbitmq-5cdf8f76b7-kdf8p,f02b29f9-8329-460a-9c69-31b755066885,rabbitmq,Running,True,1,1,0,"{""rabbitmq"": 0}","{""rabbitmq"": ""running""}",1,1,1,desktop-control-plane,True,"{""desktop-control-plane"": true}"
2026-09-21T00:08:03.488Z,worker-5799d849c5-66d8m,8d0e460a-5d59-44a2-9b1b-ce0d6f27aa11,worker,Running,True,1,1,0,"{""worker"": 0}","{""worker"": ""running""}",1,1,1,desktop-control-plane,True,"{""desktop-control-plane"": true}"
2026-09-21T00:08:08.488Z,api-5974b5bb7-lqxg5,b7340985-75b6-4ee6-94ae-219edb88b3cb,api,Running,True,1,1,0,"{""api"": 0}","{""api"": ""running""}",1,1,1,desktop-control-plane,True,"{""desktop-control-plane"": true}"
2026-09-21T00:08:08.488Z,flash-sale-image-loader,d97aac4b-6036-49d3-84fa-1eb65b06be9d,,Succeeded,False,0,1,0,"{""flash-sale-image-loader"": 0}","{""flash-sale-image-loader"": ""terminated""}",1,1,1,desktop-control-plane,True,"{""desktop-control-plane"": true}"
2026-09-21T00:08:08.488Z,gateway-d5b8cd646-k2t2j,73e11660-27e2-4f01-af00-a676bdd92091,gateway,Running,True,1,1,1,"{""gateway"": 1}","{""gateway"": ""running""}",1,1,1,desktop-control-plane,True,"{""desktop-control-plane"": true}"
2026-09-21T00:08:08.488Z,jaeger-7cc9b664cc-dkxmr,5f30629b-2b5b-4fec-9f8e-dd3583fe5c69,jaeger,Running,True,1,1,0,"{""jaeger"": 0}","{""jaeger"": ""running""}",1,1,1,desktop-control-plane,True,"{""desktop-control-plane"": true}"
2026-09-21T00:08:08.488Z,k6-c3-run-1-7gthb,a1d7e8fe-d778-488f-b737-78f831b6892f,k6,Running,True,1,1,0,"{""k6"": 0}","{""k6"": ""running""}",1,1,1,desktop-control-plane,True,"{""desktop-control-plane"": true}"
2026-09-21T00:08:08.488Z,otel-collector-7c765745bf-hnzqr,5640ea7c-d391-4d91-a081-fdee2e1b37db,otel-collector,Running,True,1,1,0,"{""otel-collector"": 0}","{""otel-collector"": ""running""}",1,1,1,desktop-control-plane,True,"{""desktop-control-plane"": true}"
2026-09-21T00:08:08.488Z,postgres-676cc4986c-6s5kh,42b5b5b1-da74-46d8-bf66-d12e14fa3676,postgres,Running,True,1,1,0,"{""postgres"": 0}","{""postgres"": ""running""}",1,1,1,desktop-control-plane,True,"{""desktop-control-plane"": true}"
2026-09-21T00:08:08.488Z,prometheus-59f5cf7468-fksrh,de98abcd-712d-4d81-8fb2-59b3011304c6,prometheus,Running,True,1,1,0,"{""prometheus"": 0}","{""prometheus"": ""running""}",1,1,1,desktop-control-plane,True,"{""desktop-control-plane"": true}"
2026-09-21T00:08:08.488Z,rabbitmq-5cdf8f76b7-kdf8p,f02b29f9-8329-460a-9c69-31b755066885,rabbitmq,Running,True,1,1,0,"{""rabbitmq"": 0}","{""rabbitmq"": ""running""}",1,1,1,desktop-control-plane,True,"{""desktop-control-plane"": true}"
2026-09-21T00:08:08.488Z,worker-5799d849c5-66d8m,8d0e460a-5d59-44a2-9b1b-ce0d6f27aa11,worker,Running,True,1,1,0,"{""worker"": 0}","{""worker"": ""running""}",1,1,1,desktop-control-plane,True,"{""desktop-control-plane"": true}"
2026-09-21T00:08:13.488Z,api-5974b5bb7-lqxg5,b7340985-75b6-4ee6-94ae-219edb88b3cb,api,Running,True,1,1,0,"{""api"": 0}","{""api"": ""running""}",1,1,1,desktop-control-plane,True,"{""desktop-control-plane"": true}"
2026-09-21T00:08:13.488Z,flash-sale-image-loader,d97aac4b-6036-49d3-84fa-1eb65b06be9d,,Succeeded,False,0,1,0,"{""flash-sale-image-loader"": 0}","{""flash-sale-image-loader"": ""terminated""}",1,1,1,desktop-control-plane,True,"{""desktop-control-plane"": true}"
2026-09-21T00:08:13.488Z,gateway-d5b8cd646-k2t2j,73e11660-27e2-4f01-af00-a676bdd92091,gateway,Running,True,1,1,1,"{""gateway"": 1}","{""gateway"": ""running""}",1,1,1,desktop-control-plane,True,"{""desktop-control-plane"": true}"
2026-09-21T00:08:13.488Z,jaeger-7cc9b664cc-dkxmr,5f30629b-2b5b-4fec-9f8e-dd3583fe5c69,jaeger,Running,True,1,1,0,"{""jaeger"": 0}","{""jaeger"": ""running""}",1,1,1,desktop-control-plane,True,"{""desktop-control-plane"": true}"
2026-09-21T00:08:13.488Z,k6-c3-run-1-7gthb,a1d7e8fe-d778-488f-b737-78f831b6892f,k6,Running,True,1,1,0,"{""k6"": 0}","{""k6"": ""running""}",1,1,1,desktop-control-plane,True,"{""desktop-control-plane"": true}"
2026-09-21T00:08:13.488Z,otel-collector-7c765745bf-hnzqr,5640ea7c-d391-4d91-a081-fdee2e1b37db,otel-collector,Running,True,1,1,0,"{""otel-collector"": 0}","{""otel-collector"": ""running""}",1,1,1,desktop-control-plane,True,"{""desktop-control-plane"": true}"
2026-09-21T00:08:13.488Z,postgres-676cc4986c-6s5kh,42b5b5b1-da74-46d8-bf66-d12e14fa3676,postgres,Running,True,1,1,0,"{""postgres"": 0}","{""postgres"": ""running""}",1,1,1,desktop-control-plane,True,"{""desktop-control-plane"": true}"
2026-09-21T00:08:13.488Z,prometheus-59f5cf7468-fksrh,de98abcd-712d-4d81-8fb2-59b3011304c6,prometheus,Running,True,1,1,0,"{""prometheus"": 0}","{""prometheus"": ""running""}",1,1,1,desktop-control-plane,True,"{""desktop-control-plane"": true}"
2026-09-21T00:08:13.488Z,rabbitmq-5cdf8f76b7-kdf8p,f02b29f9-8329-460a-9c69-31b755066885,rabbitmq,Running,True,1,1,0,"{""rabbitmq"": 0}","{""rabbitmq"": ""running""}",1,1,1,desktop-control-plane,True,"{""desktop-control-plane"": true}"
2026-09-21T00:08:13.488Z,worker-5799d849c5-66d8m,8d0e460a-5d59-44a2-9b1b-ce0d6f27aa11,worker,Running,True,1,1,0,"{""worker"": 0}","{""worker"": ""running""}",1,1,1,desktop-control-plane,True,"{""desktop-control-plane"": true}"
2026-09-21T00:08:18.489Z,api-5974b5bb7-lqxg5,b7340985-75b6-4ee6-94ae-219edb88b3cb,api,Running,True,1,1,0,"{""api"": 0}","{""api"": ""running""}",1,1,1,desktop-control-plane,True,"{""desktop-control-plane"": true}"
2026-09-21T00:08:18.489Z,flash-sale-image-loader,d97aac4b-6036-49d3-84fa-1eb65b06be9d,,Succeeded,False,0,1,0,"{""flash-sale-image-loader"": 0}","{""flash-sale-image-loader"": ""terminated""}",1,1,1,desktop-control-plane,True,"{""desktop-control-plane"": true}"
2026-09-21T00:08:18.489Z,gateway-d5b8cd646-k2t2j,73e11660-27e2-4f01-af00-a676bdd92091,gateway,Running,True,1,1,1,"{""gateway"": 1}","{""gateway"": ""running""}",1,1,1,desktop-control-plane,True,"{""desktop-control-plane"": true}"
2026-09-21T00:08:18.489Z,jaeger-7cc9b664cc-dkxmr,5f30629b-2b5b-4fec-9f8e-dd3583fe5c69,jaeger,Running,True,1,1,0,"{""jaeger"": 0}","{""jaeger"": ""running""}",1,1,1,desktop-control-plane,True,"{""desktop-control-plane"": true}"
2026-09-21T00:08:18.489Z,k6-c3-run-1-7gthb,a1d7e8fe-d778-488f-b737-78f831b6892f,k6,Running,True,1,1,0,"{""k6"": 0}","{""k6"": ""running""}",1,1,1,desktop-control-plane,True,"{""desktop-control-plane"": true}"
2026-09-21T00:08:18.489Z,otel-collector-7c765745bf-hnzqr,5640ea7c-d391-4d91-a081-fdee2e1b37db,otel-collector,Running,True,1,1,0,"{""otel-collector"": 0}","{""otel-collector"": ""running""}",1,1,1,desktop-control-plane,True,"{""desktop-control-plane"": true}"
2026-09-21T00:08:18.489Z,postgres-676cc4986c-6s5kh,42b5b5b1-da74-46d8-bf66-d12e14fa3676,postgres,Running,True,1,1,0,"{""postgres"": 0}","{""postgres"": ""running""}",1,1,1,desktop-control-plane,True,"{""desktop-control-plane"": true}"
2026-09-21T00:08:18.489Z,prometheus-59f5cf7468-fksrh,de98abcd-712d-4d81-8fb2-59b3011304c6,prometheus,Running,True,1,1,0,"{""prometheus"": 0}","{""prometheus"": ""running""}",1,1,1,desktop-control-plane,True,"{""desktop-control-plane"": true}"
2026-09-21T00:08:18.489Z,rabbitmq-5cdf8f76b7-kdf8p,f02b29f9-8329-460a-9c69-31b755066885,rabbitmq,Running,True,1,1,0,"{""rabbitmq"": 0}","{""rabbitmq"": ""running""}",1,1,1,desktop-control-plane,True,"{""desktop-control-plane"": true}"
2026-09-21T00:08:18.489Z,worker-5799d849c5-66d8m,8d0e460a-5d59-44a2-9b1b-ce0d6f27aa11,worker,Running,True,1,1,0,"{""worker"": 0}","{""worker"": ""running""}",1,1,1,desktop-control-plane,True,"{""desktop-control-plane"": true}"
2026-09-21T00:08:23.489Z,api-5974b5bb7-lqxg5,b7340985-75b6-4ee6-94ae-219edb88b3cb,api,Running,True,1,1,0,"{""api"": 0}","{""api"": ""running""}",1,1,1,desktop-control-plane,True,"{""desktop-control-plane"": true}"
2026-09-21T00:08:23.489Z,flash-sale-image-loader,d97aac4b-6036-49d3-84fa-1eb65b06be9d,,Succeeded,False,0,1,0,"{""flash-sale-image-loader"": 0}","{""flash-sale-image-loader"": ""terminated""}",1,1,1,desktop-control-plane,True,"{""desktop-control-plane"": true}"
2026-09-21T00:08:23.489Z,gateway-d5b8cd646-k2t2j,73e11660-27e2-4f01-af00-a676bdd92091,gateway,Running,True,1,1,1,"{""gateway"": 1}","{""gateway"": ""running""}",1,1,1,desktop-control-plane,True,"{""desktop-control-plane"": true}"
2026-09-21T00:08:23.489Z,jaeger-7cc9b664cc-dkxmr,5f30629b-2b5b-4fec-9f8e-dd3583fe5c69,jaeger,Running,True,1,1,0,"{""jaeger"": 0}","{""jaeger"": ""running""}",1,1,1,desktop-control-plane,True,"{""desktop-control-plane"": true}"
2026-09-21T00:08:23.489Z,k6-c3-run-1-7gthb,a1d7e8fe-d778-488f-b737-78f831b6892f,k6,Running,True,1,1,0,"{""k6"": 0}","{""k6"": ""running""}",1,1,1,desktop-control-plane,True,"{""desktop-control-plane"": true}"
2026-09-21T00:08:23.489Z,otel-collector-7c765745bf-hnzqr,5640ea7c-d391-4d91-a081-fdee2e1b37db,otel-collector,Running,True,1,1,0,"{""otel-collector"": 0}","{""otel-collector"": ""running""}",1,1,1,desktop-control-plane,True,"{""desktop-control-plane"": true}"
2026-09-21T00:08:23.489Z,postgres-676cc4986c-6s5kh,42b5b5b1-da74-46d8-bf66-d12e14fa3676,postgres,Running,True,1,1,0,"{""postgres"": 0}","{""postgres"": ""running""}",1,1,1,desktop-control-plane,True,"{""desktop-control-plane"": true}"
2026-09-21T00:08:23.489Z,prometheus-59f5cf7468-fksrh,de98abcd-712d-4d81-8fb2-59b3011304c6,prometheus,Running,True,1,1,0,"{""prometheus"": 0}","{""prometheus"": ""running""}",1,1,1,desktop-control-plane,True,"{""desktop-control-plane"": true}"
2026-09-21T00:08:23.489Z,rabbitmq-5cdf8f76b7-kdf8p,f02b29f9-8329-460a-9c69-31b755066885,rabbitmq,Running,True,1,1,0,"{""rabbitmq"": 0}","{""rabbitmq"": ""running""}",1,1,1,desktop-control-plane,True,"{""desktop-control-plane"": true}"
2026-09-21T00:08:23.489Z,worker-5799d849c5-66d8m,8d0e460a-5d59-44a2-9b1b-ce0d6f27aa11,worker,Running,True,1,1,0,"{""worker"": 0}","{""worker"": ""running""}",1,1,1,desktop-control-plane,True,"{""desktop-control-plane"": true}"
2026-09-21T00:08:28.490Z,api-5974b5bb7-lqxg5,b7340985-75b6-4ee6-94ae-219edb88b3cb,api,Running,True,1,1,0,"{""api"": 0}","{""api"": ""running""}",1,1,1,desktop-control-plane,True,"{""desktop-control-plane"": true}"
2026-09-21T00:08:28.490Z,flash-sale-image-loader,d97aac4b-6036-49d3-84fa-1eb65b06be9d,,Succeeded,False,0,1,0,"{""flash-sale-image-loader"": 0}","{""flash-sale-image-loader"": ""terminated""}",1,1,1,desktop-control-plane,True,"{""desktop-control-plane"": true}"
2026-09-21T00:08:28.490Z,gateway-d5b8cd646-k2t2j,73e11660-27e2-4f01-af00-a676bdd92091,gateway,Running,True,1,1,1,"{""gateway"": 1}","{""gateway"": ""running""}",1,1,1,desktop-control-plane,True,"{""desktop-control-plane"": true}"
2026-09-21T00:08:28.490Z,jaeger-7cc9b664cc-dkxmr,5f30629b-2b5b-4fec-9f8e-dd3583fe5c69,jaeger,Running,True,1,1,0,"{""jaeger"": 0}","{""jaeger"": ""running""}",1,1,1,desktop-control-plane,True,"{""desktop-control-plane"": true}"
2026-09-21T00:08:28.490Z,k6-c3-run-1-7gthb,a1d7e8fe-d778-488f-b737-78f831b6892f,k6,Running,True,1,1,0,"{""k6"": 0}","{""k6"": ""running""}",1,1,1,desktop-control-plane,True,"{""desktop-control-plane"": true}"
2026-09-21T00:08:28.490Z,otel-collector-7c765745bf-hnzqr,5640ea7c-d391-4d91-a081-fdee2e1b37db,otel-collector,Running,True,1,1,0,"{""otel-collector"": 0}","{""otel-collector"": ""running""}",1,1,1,desktop-control-plane,True,"{""desktop-control-plane"": true}"
2026-09-21T00:08:28.490Z,postgres-676cc4986c-6s5kh,42b5b5b1-da74-46d8-bf66-d12e14fa3676,postgres,Running,True,1,1,0,"{""postgres"": 0}","{""postgres"": ""running""}",1,1,1,desktop-control-plane,True,"{""desktop-control-plane"": true}"
2026-09-21T00:08:28.490Z,prometheus-59f5cf7468-fksrh,de98abcd-712d-4d81-8fb2-59b3011304c6,prometheus,Running,True,1,1,0,"{""prometheus"": 0}","{""prometheus"": ""running""}",1,1,1,desktop-control-plane,True,"{""desktop-control-plane"": true}"
2026-09-21T00:08:28.490Z,rabbitmq-5cdf8f76b7-kdf8p,f02b29f9-8329-460a-9c69-31b755066885,rabbitmq,Running,True,1,1,0,"{""rabbitmq"": 0}","{""rabbitmq"": ""running""}",1,1,1,desktop-control-plane,True,"{""desktop-control-plane"": true}"
2026-09-21T00:08:28.490Z,worker-5799d849c5-66d8m,8d0e460a-5d59-44a2-9b1b-ce0d6f27aa11,worker,Running,True,1,1,0,"{""worker"": 0}","{""worker"": ""running""}",1,1,1,desktop-control-plane,True,"{""desktop-control-plane"": true}"
2026-09-21T00:08:33.490Z,api-5974b5bb7-lqxg5,b7340985-75b6-4ee6-94ae-219edb88b3cb,api,Running,True,1,1,0,"{""api"": 0}","{""api"": ""running""}",1,1,1,desktop-control-plane,True,"{""desktop-control-plane"": true}"
2026-09-21T00:08:33.490Z,flash-sale-image-loader,d97aac4b-6036-49d3-84fa-1eb65b06be9d,,Succeeded,False,0,1,0,"{""flash-sale-image-loader"": 0}","{""flash-sale-image-loader"": ""terminated""}",1,1,1,desktop-control-plane,True,"{""desktop-control-plane"": true}"
2026-09-21T00:08:33.490Z,gateway-d5b8cd646-k2t2j,73e11660-27e2-4f01-af00-a676bdd92091,gateway,Running,True,1,1,1,"{""gateway"": 1}","{""gateway"": ""running""}",1,1,1,desktop-control-plane,True,"{""desktop-control-plane"": true}"
2026-09-21T00:08:33.490Z,jaeger-7cc9b664cc-dkxmr,5f30629b-2b5b-4fec-9f8e-dd3583fe5c69,jaeger,Running,True,1,1,0,"{""jaeger"": 0}","{""jaeger"": ""running""}",1,1,1,desktop-control-plane,True,"{""desktop-control-plane"": true}"
2026-09-21T00:08:33.490Z,k6-c3-run-1-7gthb,a1d7e8fe-d778-488f-b737-78f831b6892f,k6,Running,True,1,1,0,"{""k6"": 0}","{""k6"": ""running""}",1,1,1,desktop-control-plane,True,"{""desktop-control-plane"": true}"
2026-09-21T00:08:33.490Z,otel-collector-7c765745bf-hnzqr,5640ea7c-d391-4d91-a081-fdee2e1b37db,otel-collector,Running,True,1,1,0,"{""otel-collector"": 0}","{""otel-collector"": ""running""}",1,1,1,desktop-control-plane,True,"{""desktop-control-plane"": true}"
2026-09-21T00:08:33.490Z,postgres-676cc4986c-6s5kh,42b5b5b1-da74-46d8-bf66-d12e14fa3676,postgres,Running,True,1,1,0,"{""postgres"": 0}","{""postgres"": ""running""}",1,1,1,desktop-control-plane,True,"{""desktop-control-plane"": true}"
2026-09-21T00:08:33.490Z,prometheus-59f5cf7468-fksrh,de98abcd-712d-4d81-8fb2-59b3011304c6,prometheus,Running,True,1,1,0,"{""prometheus"": 0}","{""prometheus"": ""running""}",1,1,1,desktop-control-plane,True,"{""desktop-control-plane"": true}"
2026-09-21T00:08:33.490Z,rabbitmq-5cdf8f76b7-kdf8p,f02b29f9-8329-460a-9c69-31b755066885,rabbitmq,Running,True,1,1,0,"{""rabbitmq"": 0}","{""rabbitmq"": ""running""}",1,1,1,desktop-control-plane,True,"{""desktop-control-plane"": true}"
2026-09-21T00:08:33.490Z,worker-5799d849c5-66d8m,8d0e460a-5d59-44a2-9b1b-ce0d6f27aa11,worker,Running,True,1,1,0,"{""worker"": 0}","{""worker"": ""running""}",1,1,1,desktop-control-plane,True,"{""desktop-control-plane"": true}"
2026-09-21T00:08:38.491Z,api-5974b5bb7-lqxg5,b7340985-75b6-4ee6-94ae-219edb88b3cb,api,Running,True,1,1,0,"{""api"": 0}","{""api"": ""running""}",1,1,1,desktop-control-plane,True,"{""desktop-control-plane"": true}"
2026-09-21T00:08:38.491Z,flash-sale-image-loader,d97aac4b-6036-49d3-84fa-1eb65b06be9d,,Succeeded,False,0,1,0,"{""flash-sale-image-loader"": 0}","{""flash-sale-image-loader"": ""terminated""}",1,1,1,desktop-control-plane,True,"{""desktop-control-plane"": true}"
2026-09-21T00:08:38.491Z,gateway-d5b8cd646-k2t2j,73e11660-27e2-4f01-af00-a676bdd92091,gateway,Running,True,1,1,1,"{""gateway"": 1}","{""gateway"": ""running""}",1,1,1,desktop-control-plane,True,"{""desktop-control-plane"": true}"
2026-09-21T00:08:38.491Z,jaeger-7cc9b664cc-dkxmr,5f30629b-2b5b-4fec-9f8e-dd3583fe5c69,jaeger,Running,True,1,1,0,"{""jaeger"": 0}","{""jaeger"": ""running""}",1,1,1,desktop-control-plane,True,"{""desktop-control-plane"": true}"
2026-09-21T00:08:38.491Z,k6-c3-run-1-7gthb,a1d7e8fe-d778-488f-b737-78f831b6892f,k6,Running,True,1,1,0,"{""k6"": 0}","{""k6"": ""running""}",1,1,1,desktop-control-plane,True,"{""desktop-control-plane"": true}"
2026-09-21T00:08:38.491Z,otel-collector-7c765745bf-hnzqr,5640ea7c-d391-4d91-a081-fdee2e1b37db,otel-collector,Running,True,1,1,0,"{""otel-collector"": 0}","{""otel-collector"": ""running""}",1,1,1,desktop-control-plane,True,"{""desktop-control-plane"": true}"
2026-09-21T00:08:38.491Z,postgres-676cc4986c-6s5kh,42b5b5b1-da74-46d8-bf66-d12e14fa3676,postgres,Running,True,1,1,0,"{""postgres"": 0}","{""postgres"": ""running""}",1,1,1,desktop-control-plane,True,"{""desktop-control-plane"": true}"
2026-09-21T00:08:38.491Z,prometheus-59f5cf7468-fksrh,de98abcd-712d-4d81-8fb2-59b3011304c6,prometheus,Running,True,1,1,0,"{""prometheus"": 0}","{""prometheus"": ""running""}",1,1,1,desktop-control-plane,True,"{""desktop-control-plane"": true}"
2026-09-21T00:08:38.491Z,rabbitmq-5cdf8f76b7-kdf8p,f02b29f9-8329-460a-9c69-31b755066885,rabbitmq,Running,True,1,1,0,"{""rabbitmq"": 0}","{""rabbitmq"": ""running""}",1,1,1,desktop-control-plane,True,"{""desktop-control-plane"": true}"
2026-09-21T00:08:38.491Z,worker-5799d849c5-66d8m,8d0e460a-5d59-44a2-9b1b-ce0d6f27aa11,worker,Running,True,1,1,0,"{""worker"": 0}","{""worker"": ""running""}",1,1,1,desktop-control-plane,True,"{""desktop-control-plane"": true}"
2026-09-21T00:08:43.491Z,api-5974b5bb7-lqxg5,b7340985-75b6-4ee6-94ae-219edb88b3cb,api,Running,True,1,1,0,"{""api"": 0}","{""api"": ""running""}",1,1,1,desktop-control-plane,True,"{""desktop-control-plane"": true}"
2026-09-21T00:08:43.491Z,flash-sale-image-loader,d97aac4b-6036-49d3-84fa-1eb65b06be9d,,Succeeded,False,0,1,0,"{""flash-sale-image-loader"": 0}","{""flash-sale-image-loader"": ""terminated""}",1,1,1,desktop-control-plane,True,"{""desktop-control-plane"": true}"
2026-09-21T00:08:43.491Z,gateway-d5b8cd646-k2t2j,73e11660-27e2-4f01-af00-a676bdd92091,gateway,Running,True,1,1,1,"{""gateway"": 1}","{""gateway"": ""running""}",1,1,1,desktop-control-plane,True,"{""desktop-control-plane"": true}"
2026-09-21T00:08:43.491Z,jaeger-7cc9b664cc-dkxmr,5f30629b-2b5b-4fec-9f8e-dd3583fe5c69,jaeger,Running,True,1,1,0,"{""jaeger"": 0}","{""jaeger"": ""running""}",1,1,1,desktop-control-plane,True,"{""desktop-control-plane"": true}"
2026-09-21T00:08:43.491Z,otel-collector-7c765745bf-hnzqr,5640ea7c-d391-4d91-a081-fdee2e1b37db,otel-collector,Running,True,1,1,0,"{""otel-collector"": 0}","{""otel-collector"": ""running""}",1,1,1,desktop-control-plane,True,"{""desktop-control-plane"": true}"
2026-09-21T00:08:43.491Z,postgres-676cc4986c-6s5kh,42b5b5b1-da74-46d8-bf66-d12e14fa3676,postgres,Running,True,1,1,0,"{""postgres"": 0}","{""postgres"": ""running""}",1,1,1,desktop-control-plane,True,"{""desktop-control-plane"": true}"
2026-09-21T00:08:43.491Z,prometheus-59f5cf7468-fksrh,de98abcd-712d-4d81-8fb2-59b3011304c6,prometheus,Running,True,1,1,0,"{""prometheus"": 0}","{""prometheus"": ""running""}",1,1,1,desktop-control-plane,True,"{""desktop-control-plane"": true}"
2026-09-21T00:08:43.491Z,rabbitmq-5cdf8f76b7-kdf8p,f02b29f9-8329-460a-9c69-31b755066885,rabbitmq,Running,True,1,1,0,"{""rabbitmq"": 0}","{""rabbitmq"": ""running""}",1,1,1,desktop-control-plane,True,"{""desktop-control-plane"": true}"
2026-09-21T00:08:43.491Z,worker-5799d849c5-66d8m,8d0e460a-5d59-44a2-9b1b-ce0d6f27aa11,worker,Running,True,1,1,0,"{""worker"": 0}","{""worker"": ""running""}",1,1,1,desktop-control-plane,True,"{""desktop-control-plane"": true}"
2026-09-21T00:08:48.491Z,api-5974b5bb7-lqxg5,b7340985-75b6-4ee6-94ae-219edb88b3cb,api,Running,True,1,1,0,"{""api"": 0}","{""api"": ""running""}",1,1,1,desktop-control-plane,True,"{""desktop-control-plane"": true}"
2026-09-21T00:08:48.491Z,flash-sale-image-loader,d97aac4b-6036-49d3-84fa-1eb65b06be9d,,Succeeded,False,0,1,0,"{""flash-sale-image-loader"": 0}","{""flash-sale-image-loader"": ""terminated""}",1,1,1,desktop-control-plane,True,"{""desktop-control-plane"": true}"
2026-09-21T00:08:48.491Z,gateway-d5b8cd646-k2t2j,73e11660-27e2-4f01-af00-a676bdd92091,gateway,Running,True,1,1,1,"{""gateway"": 1}","{""gateway"": ""running""}",1,1,1,desktop-control-plane,True,"{""desktop-control-plane"": true}"
2026-09-21T00:08:48.491Z,jaeger-7cc9b664cc-dkxmr,5f30629b-2b5b-4fec-9f8e-dd3583fe5c69,jaeger,Running,True,1,1,0,"{""jaeger"": 0}","{""jaeger"": ""running""}",1,1,1,desktop-control-plane,True,"{""desktop-control-plane"": true}"
2026-09-21T00:08:48.491Z,otel-collector-7c765745bf-hnzqr,5640ea7c-d391-4d91-a081-fdee2e1b37db,otel-collector,Running,True,1,1,0,"{""otel-collector"": 0}","{""otel-collector"": ""running""}",1,1,1,desktop-control-plane,True,"{""desktop-control-plane"": true}"
2026-09-21T00:08:48.491Z,postgres-676cc4986c-6s5kh,42b5b5b1-da74-46d8-bf66-d12e14fa3676,postgres,Running,True,1,1,0,"{""postgres"": 0}","{""postgres"": ""running""}",1,1,1,desktop-control-plane,True,"{""desktop-control-plane"": true}"
2026-09-21T00:08:48.491Z,prometheus-59f5cf7468-fksrh,de98abcd-712d-4d81-8fb2-59b3011304c6,prometheus,Running,True,1,1,0,"{""prometheus"": 0}","{""prometheus"": ""running""}",1,1,1,desktop-control-plane,True,"{""desktop-control-plane"": true}"
2026-09-21T00:08:48.491Z,rabbitmq-5cdf8f76b7-kdf8p,f02b29f9-8329-460a-9c69-31b755066885,rabbitmq,Running,True,1,1,0,"{""rabbitmq"": 0}","{""rabbitmq"": ""running""}",1,1,1,desktop-control-plane,True,"{""desktop-control-plane"": true}"
2026-09-21T00:08:48.491Z,worker-5799d849c5-66d8m,8d0e460a-5d59-44a2-9b1b-ce0d6f27aa11,worker,Running,True,1,1,0,"{""worker"": 0}","{""worker"": ""running""}",1,1,1,desktop-control-plane,True,"{""desktop-control-plane"": true}"
2026-09-21T00:08:53.492Z,api-5974b5bb7-lqxg5,b7340985-75b6-4ee6-94ae-219edb88b3cb,api,Running,True,1,1,0,"{""api"": 0}","{""api"": ""running""}",1,1,1,desktop-control-plane,True,"{""desktop-control-plane"": true}"
2026-09-21T00:08:53.492Z,flash-sale-image-loader,d97aac4b-6036-49d3-84fa-1eb65b06be9d,,Succeeded,False,0,1,0,"{""flash-sale-image-loader"": 0}","{""flash-sale-image-loader"": ""terminated""}",1,1,1,desktop-control-plane,True,"{""desktop-control-plane"": true}"
2026-09-21T00:08:53.492Z,gateway-d5b8cd646-k2t2j,73e11660-27e2-4f01-af00-a676bdd92091,gateway,Running,True,1,1,1,"{""gateway"": 1}","{""gateway"": ""running""}",1,1,1,desktop-control-plane,True,"{""desktop-control-plane"": true}"
2026-09-21T00:08:53.492Z,jaeger-7cc9b664cc-dkxmr,5f30629b-2b5b-4fec-9f8e-dd3583fe5c69,jaeger,Running,True,1,1,0,"{""jaeger"": 0}","{""jaeger"": ""running""}",1,1,1,desktop-control-plane,True,"{""desktop-control-plane"": true}"
2026-09-21T00:08:53.492Z,otel-collector-7c765745bf-hnzqr,5640ea7c-d391-4d91-a081-fdee2e1b37db,otel-collector,Running,True,1,1,0,"{""otel-collector"": 0}","{""otel-collector"": ""running""}",1,1,1,desktop-control-plane,True,"{""desktop-control-plane"": true}"
2026-09-21T00:08:53.492Z,postgres-676cc4986c-6s5kh,42b5b5b1-da74-46d8-bf66-d12e14fa3676,postgres,Running,True,1,1,0,"{""postgres"": 0}","{""postgres"": ""running""}",1,1,1,desktop-control-plane,True,"{""desktop-control-plane"": true}"
2026-09-21T00:08:53.492Z,prometheus-59f5cf7468-fksrh,de98abcd-712d-4d81-8fb2-59b3011304c6,prometheus,Running,True,1,1,0,"{""prometheus"": 0}","{""prometheus"": ""running""}",1,1,1,desktop-control-plane,True,"{""desktop-control-plane"": true}"
2026-09-21T00:08:53.492Z,rabbitmq-5cdf8f76b7-kdf8p,f02b29f9-8329-460a-9c69-31b755066885,rabbitmq,Running,True,1,1,0,"{""rabbitmq"": 0}","{""rabbitmq"": ""running""}",1,1,1,desktop-control-plane,True,"{""desktop-control-plane"": true}"
2026-09-21T00:08:53.492Z,worker-5799d849c5-66d8m,8d0e460a-5d59-44a2-9b1b-ce0d6f27aa11,worker,Running,True,1,1,0,"{""worker"": 0}","{""worker"": ""running""}",1,1,1,desktop-control-plane,True,"{""desktop-control-plane"": true}"
2026-09-21T00:08:58.492Z,api-5974b5bb7-lqxg5,b7340985-75b6-4ee6-94ae-219edb88b3cb,api,Running,True,1,1,0,"{""api"": 0}","{""api"": ""running""}",1,1,1,desktop-control-plane,True,"{""desktop-control-plane"": true}"
2026-09-21T00:08:58.492Z,flash-sale-image-loader,d97aac4b-6036-49d3-84fa-1eb65b06be9d,,Succeeded,False,0,1,0,"{""flash-sale-image-loader"": 0}","{""flash-sale-image-loader"": ""terminated""}",1,1,1,desktop-control-plane,True,"{""desktop-control-plane"": true}"
2026-09-21T00:08:58.492Z,gateway-d5b8cd646-k2t2j,73e11660-27e2-4f01-af00-a676bdd92091,gateway,Running,True,1,1,1,"{""gateway"": 1}","{""gateway"": ""running""}",1,1,1,desktop-control-plane,True,"{""desktop-control-plane"": true}"
2026-09-21T00:08:58.492Z,jaeger-7cc9b664cc-dkxmr,5f30629b-2b5b-4fec-9f8e-dd3583fe5c69,jaeger,Running,True,1,1,0,"{""jaeger"": 0}","{""jaeger"": ""running""}",1,1,1,desktop-control-plane,True,"{""desktop-control-plane"": true}"
2026-09-21T00:08:58.492Z,otel-collector-7c765745bf-hnzqr,5640ea7c-d391-4d91-a081-fdee2e1b37db,otel-collector,Running,True,1,1,0,"{""otel-collector"": 0}","{""otel-collector"": ""running""}",1,1,1,desktop-control-plane,True,"{""desktop-control-plane"": true}"
2026-09-21T00:08:58.492Z,postgres-676cc4986c-6s5kh,42b5b5b1-da74-46d8-bf66-d12e14fa3676,postgres,Running,True,1,1,0,"{""postgres"": 0}","{""postgres"": ""running""}",1,1,1,desktop-control-plane,True,"{""desktop-control-plane"": true}"
2026-09-21T00:08:58.492Z,prometheus-59f5cf7468-fksrh,de98abcd-712d-4d81-8fb2-59b3011304c6,prometheus,Running,True,1,1,0,"{""prometheus"": 0}","{""prometheus"": ""running""}",1,1,1,desktop-control-plane,True,"{""desktop-control-plane"": true}"
2026-09-21T00:08:58.492Z,rabbitmq-5cdf8f76b7-kdf8p,f02b29f9-8329-460a-9c69-31b755066885,rabbitmq,Running,True,1,1,0,"{""rabbitmq"": 0}","{""rabbitmq"": ""running""}",1,1,1,desktop-control-plane,True,"{""desktop-control-plane"": true}"
2026-09-21T00:08:58.492Z,worker-5799d849c5-66d8m,8d0e460a-5d59-44a2-9b1b-ce0d6f27aa11,worker,Running,True,1,1,0,"{""worker"": 0}","{""worker"": ""running""}",1,1,1,desktop-control-plane,True,"{""desktop-control-plane"": true}"
2026-09-21T00:09:03.492Z,api-5974b5bb7-lqxg5,b7340985-75b6-4ee6-94ae-219edb88b3cb,api,Running,True,1,1,0,"{""api"": 0}","{""api"": ""running""}",1,1,1,desktop-control-plane,True,"{""desktop-control-plane"": true}"
2026-09-21T00:09:03.492Z,flash-sale-image-loader,d97aac4b-6036-49d3-84fa-1eb65b06be9d,,Succeeded,False,0,1,0,"{""flash-sale-image-loader"": 0}","{""flash-sale-image-loader"": ""terminated""}",1,1,1,desktop-control-plane,True,"{""desktop-control-plane"": true}"
2026-09-21T00:09:03.492Z,gateway-d5b8cd646-k2t2j,73e11660-27e2-4f01-af00-a676bdd92091,gateway,Running,True,1,1,1,"{""gateway"": 1}","{""gateway"": ""running""}",1,1,1,desktop-control-plane,True,"{""desktop-control-plane"": true}"
2026-09-21T00:09:03.492Z,jaeger-7cc9b664cc-dkxmr,5f30629b-2b5b-4fec-9f8e-dd3583fe5c69,jaeger,Running,True,1,1,0,"{""jaeger"": 0}","{""jaeger"": ""running""}",1,1,1,desktop-control-plane,True,"{""desktop-control-plane"": true}"
2026-09-21T00:09:03.492Z,otel-collector-7c765745bf-hnzqr,5640ea7c-d391-4d91-a081-fdee2e1b37db,otel-collector,Running,True,1,1,0,"{""otel-collector"": 0}","{""otel-collector"": ""running""}",1,1,1,desktop-control-plane,True,"{""desktop-control-plane"": true}"
2026-09-21T00:09:03.492Z,postgres-676cc4986c-6s5kh,42b5b5b1-da74-46d8-bf66-d12e14fa3676,postgres,Running,True,1,1,0,"{""postgres"": 0}","{""postgres"": ""running""}",1,1,1,desktop-control-plane,True,"{""desktop-control-plane"": true}"
2026-09-21T00:09:03.492Z,prometheus-59f5cf7468-fksrh,de98abcd-712d-4d81-8fb2-59b3011304c6,prometheus,Running,True,1,1,0,"{""prometheus"": 0}","{""prometheus"": ""running""}",1,1,1,desktop-control-plane,True,"{""desktop-control-plane"": true}"
2026-09-21T00:09:03.492Z,rabbitmq-5cdf8f76b7-kdf8p,f02b29f9-8329-460a-9c69-31b755066885,rabbitmq,Running,True,1,1,0,"{""rabbitmq"": 0}","{""rabbitmq"": ""running""}",1,1,1,desktop-control-plane,True,"{""desktop-control-plane"": true}"
2026-09-21T00:09:03.492Z,worker-5799d849c5-66d8m,8d0e460a-5d59-44a2-9b1b-ce0d6f27aa11,worker,Running,True,1,1,0,"{""worker"": 0}","{""worker"": ""running""}",1,1,1,desktop-control-plane,True,"{""desktop-control-plane"": true}"
2026-09-21T00:09:08.492Z,api-5974b5bb7-lqxg5,b7340985-75b6-4ee6-94ae-219edb88b3cb,api,Running,True,1,1,0,"{""api"": 0}","{""api"": ""running""}",1,1,1,desktop-control-plane,True,"{""desktop-control-plane"": true}"
2026-09-21T00:09:08.492Z,flash-sale-image-loader,d97aac4b-6036-49d3-84fa-1eb65b06be9d,,Succeeded,False,0,1,0,"{""flash-sale-image-loader"": 0}","{""flash-sale-image-loader"": ""terminated""}",1,1,1,desktop-control-plane,True,"{""desktop-control-plane"": true}"
2026-09-21T00:09:08.492Z,gateway-d5b8cd646-k2t2j,73e11660-27e2-4f01-af00-a676bdd92091,gateway,Running,True,1,1,1,"{""gateway"": 1}","{""gateway"": ""running""}",1,1,1,desktop-control-plane,True,"{""desktop-control-plane"": true}"
2026-09-21T00:09:08.492Z,jaeger-7cc9b664cc-dkxmr,5f30629b-2b5b-4fec-9f8e-dd3583fe5c69,jaeger,Running,True,1,1,0,"{""jaeger"": 0}","{""jaeger"": ""running""}",1,1,1,desktop-control-plane,True,"{""desktop-control-plane"": true}"
2026-09-21T00:09:08.492Z,otel-collector-7c765745bf-hnzqr,5640ea7c-d391-4d91-a081-fdee2e1b37db,otel-collector,Running,True,1,1,0,"{""otel-collector"": 0}","{""otel-collector"": ""running""}",1,1,1,desktop-control-plane,True,"{""desktop-control-plane"": true}"
2026-09-21T00:09:08.492Z,postgres-676cc4986c-6s5kh,42b5b5b1-da74-46d8-bf66-d12e14fa3676,postgres,Running,True,1,1,0,"{""postgres"": 0}","{""postgres"": ""running""}",1,1,1,desktop-control-plane,True,"{""desktop-control-plane"": true}"
2026-09-21T00:09:08.492Z,prometheus-59f5cf7468-fksrh,de98abcd-712d-4d81-8fb2-59b3011304c6,prometheus,Running,True,1,1,0,"{""prometheus"": 0}","{""prometheus"": ""running""}",1,1,1,desktop-control-plane,True,"{""desktop-control-plane"": true}"
2026-09-21T00:09:08.492Z,rabbitmq-5cdf8f76b7-kdf8p,f02b29f9-8329-460a-9c69-31b755066885,rabbitmq,Running,True,1,1,0,"{""rabbitmq"": 0}","{""rabbitmq"": ""running""}",1,1,1,desktop-control-plane,True,"{""desktop-control-plane"": true}"
2026-09-21T00:09:08.492Z,worker-5799d849c5-66d8m,8d0e460a-5d59-44a2-9b1b-ce0d6f27aa11,worker,Running,True,1,1,0,"{""worker"": 0}","{""worker"": ""running""}",1,1,1,desktop-control-plane,True,"{""desktop-control-plane"": true}"
2026-09-21T00:09:13.493Z,api-5974b5bb7-lqxg5,b7340985-75b6-4ee6-94ae-219edb88b3cb,api,Running,True,1,1,0,"{""api"": 0}","{""api"": ""running""}",1,1,1,desktop-control-plane,True,"{""desktop-control-plane"": true}"
2026-09-21T00:09:13.493Z,flash-sale-image-loader,d97aac4b-6036-49d3-84fa-1eb65b06be9d,,Succeeded,False,0,1,0,"{""flash-sale-image-loader"": 0}","{""flash-sale-image-loader"": ""terminated""}",1,1,1,desktop-control-plane,True,"{""desktop-control-plane"": true}"
2026-09-21T00:09:13.493Z,gateway-d5b8cd646-k2t2j,73e11660-27e2-4f01-af00-a676bdd92091,gateway,Running,True,1,1,1,"{""gateway"": 1}","{""gateway"": ""running""}",1,1,1,desktop-control-plane,True,"{""desktop-control-plane"": true}"
2026-09-21T00:09:13.493Z,jaeger-7cc9b664cc-dkxmr,5f30629b-2b5b-4fec-9f8e-dd3583fe5c69,jaeger,Running,True,1,1,0,"{""jaeger"": 0}","{""jaeger"": ""running""}",1,1,1,desktop-control-plane,True,"{""desktop-control-plane"": true}"
2026-09-21T00:09:13.493Z,otel-collector-7c765745bf-hnzqr,5640ea7c-d391-4d91-a081-fdee2e1b37db,otel-collector,Running,True,1,1,0,"{""otel-collector"": 0}","{""otel-collector"": ""running""}",1,1,1,desktop-control-plane,True,"{""desktop-control-plane"": true}"
2026-09-21T00:09:13.493Z,postgres-676cc4986c-6s5kh,42b5b5b1-da74-46d8-bf66-d12e14fa3676,postgres,Running,True,1,1,0,"{""postgres"": 0}","{""postgres"": ""running""}",1,1,1,desktop-control-plane,True,"{""desktop-control-plane"": true}"
2026-09-21T00:09:13.493Z,prometheus-59f5cf7468-fksrh,de98abcd-712d-4d81-8fb2-59b3011304c6,prometheus,Running,True,1,1,0,"{""prometheus"": 0}","{""prometheus"": ""running""}",1,1,1,desktop-control-plane,True,"{""desktop-control-plane"": true}"
2026-09-21T00:09:13.493Z,rabbitmq-5cdf8f76b7-kdf8p,f02b29f9-8329-460a-9c69-31b755066885,rabbitmq,Running,True,1,1,0,"{""rabbitmq"": 0}","{""rabbitmq"": ""running""}",1,1,1,desktop-control-plane,True,"{""desktop-control-plane"": true}"
2026-09-21T00:09:13.493Z,worker-5799d849c5-66d8m,8d0e460a-5d59-44a2-9b1b-ce0d6f27aa11,worker,Running,True,1,1,0,"{""worker"": 0}","{""worker"": ""running""}",1,1,1,desktop-control-plane,True,"{""desktop-control-plane"": true}"
2026-09-21T00:09:18.493Z,api-5974b5bb7-lqxg5,b7340985-75b6-4ee6-94ae-219edb88b3cb,api,Running,True,1,1,0,"{""api"": 0}","{""api"": ""running""}",1,1,1,desktop-control-plane,True,"{""desktop-control-plane"": true}"
2026-09-21T00:09:18.493Z,flash-sale-image-loader,d97aac4b-6036-49d3-84fa-1eb65b06be9d,,Succeeded,False,0,1,0,"{""flash-sale-image-loader"": 0}","{""flash-sale-image-loader"": ""terminated""}",1,1,1,desktop-control-plane,True,"{""desktop-control-plane"": true}"
2026-09-21T00:09:18.493Z,gateway-d5b8cd646-k2t2j,73e11660-27e2-4f01-af00-a676bdd92091,gateway,Running,True,1,1,1,"{""gateway"": 1}","{""gateway"": ""running""}",1,1,1,desktop-control-plane,True,"{""desktop-control-plane"": true}"
2026-09-21T00:09:18.493Z,jaeger-7cc9b664cc-dkxmr,5f30629b-2b5b-4fec-9f8e-dd3583fe5c69,jaeger,Running,True,1,1,0,"{""jaeger"": 0}","{""jaeger"": ""running""}",1,1,1,desktop-control-plane,True,"{""desktop-control-plane"": true}"
2026-09-21T00:09:18.493Z,otel-collector-7c765745bf-hnzqr,5640ea7c-d391-4d91-a081-fdee2e1b37db,otel-collector,Running,True,1,1,0,"{""otel-collector"": 0}","{""otel-collector"": ""running""}",1,1,1,desktop-control-plane,True,"{""desktop-control-plane"": true}"
2026-09-21T00:09:18.493Z,postgres-676cc4986c-6s5kh,42b5b5b1-da74-46d8-bf66-d12e14fa3676,postgres,Running,True,1,1,0,"{""postgres"": 0}","{""postgres"": ""running""}",1,1,1,desktop-control-plane,True,"{""desktop-control-plane"": true}"
2026-09-21T00:09:18.493Z,prometheus-59f5cf7468-fksrh,de98abcd-712d-4d81-8fb2-59b3011304c6,prometheus,Running,True,1,1,0,"{""prometheus"": 0}","{""prometheus"": ""running""}",1,1,1,desktop-control-plane,True,"{""desktop-control-plane"": true}"
2026-09-21T00:09:18.493Z,rabbitmq-5cdf8f76b7-kdf8p,f02b29f9-8329-460a-9c69-31b755066885,rabbitmq,Running,True,1,1,0,"{""rabbitmq"": 0}","{""rabbitmq"": ""running""}",1,1,1,desktop-control-plane,True,"{""desktop-control-plane"": true}"
2026-09-21T00:09:18.493Z,worker-5799d849c5-66d8m,8d0e460a-5d59-44a2-9b1b-ce0d6f27aa11,worker,Running,True,1,1,0,"{""worker"": 0}","{""worker"": ""running""}",1,1,1,desktop-control-plane,True,"{""desktop-control-plane"": true}"
2026-09-21T00:09:23.494Z,api-5974b5bb7-lqxg5,b7340985-75b6-4ee6-94ae-219edb88b3cb,api,Running,True,1,1,0,"{""api"": 0}","{""api"": ""running""}",1,1,1,desktop-control-plane,True,"{""desktop-control-plane"": true}"
2026-09-21T00:09:23.494Z,flash-sale-image-loader,d97aac4b-6036-49d3-84fa-1eb65b06be9d,,Succeeded,False,0,1,0,"{""flash-sale-image-loader"": 0}","{""flash-sale-image-loader"": ""terminated""}",1,1,1,desktop-control-plane,True,"{""desktop-control-plane"": true}"
2026-09-21T00:09:23.494Z,gateway-d5b8cd646-k2t2j,73e11660-27e2-4f01-af00-a676bdd92091,gateway,Running,True,1,1,1,"{""gateway"": 1}","{""gateway"": ""running""}",1,1,1,desktop-control-plane,True,"{""desktop-control-plane"": true}"
2026-09-21T00:09:23.494Z,jaeger-7cc9b664cc-dkxmr,5f30629b-2b5b-4fec-9f8e-dd3583fe5c69,jaeger,Running,True,1,1,0,"{""jaeger"": 0}","{""jaeger"": ""running""}",1,1,1,desktop-control-plane,True,"{""desktop-control-plane"": true}"
2026-09-21T00:09:23.494Z,otel-collector-7c765745bf-hnzqr,5640ea7c-d391-4d91-a081-fdee2e1b37db,otel-collector,Running,True,1,1,0,"{""otel-collector"": 0}","{""otel-collector"": ""running""}",1,1,1,desktop-control-plane,True,"{""desktop-control-plane"": true}"
2026-09-21T00:09:23.494Z,postgres-676cc4986c-6s5kh,42b5b5b1-da74-46d8-bf66-d12e14fa3676,postgres,Running,True,1,1,0,"{""postgres"": 0}","{""postgres"": ""running""}",1,1,1,desktop-control-plane,True,"{""desktop-control-plane"": true}"
2026-09-21T00:09:23.494Z,prometheus-59f5cf7468-fksrh,de98abcd-712d-4d81-8fb2-59b3011304c6,prometheus,Running,True,1,1,0,"{""prometheus"": 0}","{""prometheus"": ""running""}",1,1,1,desktop-control-plane,True,"{""desktop-control-plane"": true}"
2026-09-21T00:09:23.494Z,rabbitmq-5cdf8f76b7-kdf8p,f02b29f9-8329-460a-9c69-31b755066885,rabbitmq,Running,True,1,1,0,"{""rabbitmq"": 0}","{""rabbitmq"": ""running""}",1,1,1,desktop-control-plane,True,"{""desktop-control-plane"": true}"
2026-09-21T00:09:23.494Z,worker-5799d849c5-66d8m,8d0e460a-5d59-44a2-9b1b-ce0d6f27aa11,worker,Running,True,1,1,0,"{""worker"": 0}","{""worker"": ""running""}",1,1,1,desktop-control-plane,True,"{""desktop-control-plane"": true}"
2026-09-21T00:09:28.494Z,api-5974b5bb7-lqxg5,b7340985-75b6-4ee6-94ae-219edb88b3cb,api,Running,True,1,1,0,"{""api"": 0}","{""api"": ""running""}",1,1,1,desktop-control-plane,True,"{""desktop-control-plane"": true}"
2026-09-21T00:09:28.494Z,flash-sale-image-loader,d97aac4b-6036-49d3-84fa-1eb65b06be9d,,Succeeded,False,0,1,0,"{""flash-sale-image-loader"": 0}","{""flash-sale-image-loader"": ""terminated""}",1,1,1,desktop-control-plane,True,"{""desktop-control-plane"": true}"
2026-09-21T00:09:28.494Z,gateway-d5b8cd646-k2t2j,73e11660-27e2-4f01-af00-a676bdd92091,gateway,Running,True,1,1,1,"{""gateway"": 1}","{""gateway"": ""running""}",1,1,1,desktop-control-plane,True,"{""desktop-control-plane"": true}"
2026-09-21T00:09:28.494Z,jaeger-7cc9b664cc-dkxmr,5f30629b-2b5b-4fec-9f8e-dd3583fe5c69,jaeger,Running,True,1,1,0,"{""jaeger"": 0}","{""jaeger"": ""running""}",1,1,1,desktop-control-plane,True,"{""desktop-control-plane"": true}"
2026-09-21T00:09:28.494Z,otel-collector-7c765745bf-hnzqr,5640ea7c-d391-4d91-a081-fdee2e1b37db,otel-collector,Running,True,1,1,0,"{""otel-collector"": 0}","{""otel-collector"": ""running""}",1,1,1,desktop-control-plane,True,"{""desktop-control-plane"": true}"
2026-09-21T00:09:28.494Z,postgres-676cc4986c-6s5kh,42b5b5b1-da74-46d8-bf66-d12e14fa3676,postgres,Running,True,1,1,0,"{""postgres"": 0}","{""postgres"": ""running""}",1,1,1,desktop-control-plane,True,"{""desktop-control-plane"": true}"
2026-09-21T00:09:28.494Z,prometheus-59f5cf7468-fksrh,de98abcd-712d-4d81-8fb2-59b3011304c6,prometheus,Running,True,1,1,0,"{""prometheus"": 0}","{""prometheus"": ""running""}",1,1,1,desktop-control-plane,True,"{""desktop-control-plane"": true}"
2026-09-21T00:09:28.494Z,rabbitmq-5cdf8f76b7-kdf8p,f02b29f9-8329-460a-9c69-31b755066885,rabbitmq,Running,True,1,1,0,"{""rabbitmq"": 0}","{""rabbitmq"": ""running""}",1,1,1,desktop-control-plane,True,"{""desktop-control-plane"": true}"
2026-09-21T00:09:28.494Z,worker-5799d849c5-66d8m,8d0e460a-5d59-44a2-9b1b-ce0d6f27aa11,worker,Running,True,1,1,0,"{""worker"": 0}","{""worker"": ""running""}",1,1,1,desktop-control-plane,True,"{""desktop-control-plane"": true}"
2026-09-21T00:09:33.494Z,api-5974b5bb7-lqxg5,b7340985-75b6-4ee6-94ae-219edb88b3cb,api,Running,True,1,1,0,"{""api"": 0}","{""api"": ""running""}",1,1,1,desktop-control-plane,True,"{""desktop-control-plane"": true}"
2026-09-21T00:09:33.494Z,flash-sale-image-loader,d97aac4b-6036-49d3-84fa-1eb65b06be9d,,Succeeded,False,0,1,0,"{""flash-sale-image-loader"": 0}","{""flash-sale-image-loader"": ""terminated""}",1,1,1,desktop-control-plane,True,"{""desktop-control-plane"": true}"
2026-09-21T00:09:33.494Z,gateway-d5b8cd646-k2t2j,73e11660-27e2-4f01-af00-a676bdd92091,gateway,Running,True,1,1,1,"{""gateway"": 1}","{""gateway"": ""running""}",1,1,1,desktop-control-plane,True,"{""desktop-control-plane"": true}"
2026-09-21T00:09:33.494Z,jaeger-7cc9b664cc-dkxmr,5f30629b-2b5b-4fec-9f8e-dd3583fe5c69,jaeger,Running,True,1,1,0,"{""jaeger"": 0}","{""jaeger"": ""running""}",1,1,1,desktop-control-plane,True,"{""desktop-control-plane"": true}"
2026-09-21T00:09:33.494Z,otel-collector-7c765745bf-hnzqr,5640ea7c-d391-4d91-a081-fdee2e1b37db,otel-collector,Running,True,1,1,0,"{""otel-collector"": 0}","{""otel-collector"": ""running""}",1,1,1,desktop-control-plane,True,"{""desktop-control-plane"": true}"
2026-09-21T00:09:33.494Z,postgres-676cc4986c-6s5kh,42b5b5b1-da74-46d8-bf66-d12e14fa3676,postgres,Running,True,1,1,0,"{""postgres"": 0}","{""postgres"": ""running""}",1,1,1,desktop-control-plane,True,"{""desktop-control-plane"": true}"
2026-09-21T00:09:33.494Z,prometheus-59f5cf7468-fksrh,de98abcd-712d-4d81-8fb2-59b3011304c6,prometheus,Running,True,1,1,0,"{""prometheus"": 0}","{""prometheus"": ""running""}",1,1,1,desktop-control-plane,True,"{""desktop-control-plane"": true}"
2026-09-21T00:09:33.494Z,rabbitmq-5cdf8f76b7-kdf8p,f02b29f9-8329-460a-9c69-31b755066885,rabbitmq,Running,True,1,1,0,"{""rabbitmq"": 0}","{""rabbitmq"": ""running""}",1,1,1,desktop-control-plane,True,"{""desktop-control-plane"": true}"
2026-09-21T00:09:33.494Z,worker-5799d849c5-66d8m,8d0e460a-5d59-44a2-9b1b-ce0d6f27aa11,worker,Running,True,1,1,0,"{""worker"": 0}","{""worker"": ""running""}",1,1,1,desktop-control-plane,True,"{""desktop-control-plane"": true}"
2026-09-21T00:09:38.495Z,api-5974b5bb7-lqxg5,b7340985-75b6-4ee6-94ae-219edb88b3cb,api,Running,True,1,1,0,"{""api"": 0}","{""api"": ""running""}",1,1,1,desktop-control-plane,True,"{""desktop-control-plane"": true}"
2026-09-21T00:09:38.495Z,flash-sale-image-loader,d97aac4b-6036-49d3-84fa-1eb65b06be9d,,Succeeded,False,0,1,0,"{""flash-sale-image-loader"": 0}","{""flash-sale-image-loader"": ""terminated""}",1,1,1,desktop-control-plane,True,"{""desktop-control-plane"": true}"
2026-09-21T00:09:38.495Z,gateway-d5b8cd646-k2t2j,73e11660-27e2-4f01-af00-a676bdd92091,gateway,Running,True,1,1,1,"{""gateway"": 1}","{""gateway"": ""running""}",1,1,1,desktop-control-plane,True,"{""desktop-control-plane"": true}"
2026-09-21T00:09:38.495Z,jaeger-7cc9b664cc-dkxmr,5f30629b-2b5b-4fec-9f8e-dd3583fe5c69,jaeger,Running,True,1,1,0,"{""jaeger"": 0}","{""jaeger"": ""running""}",1,1,1,desktop-control-plane,True,"{""desktop-control-plane"": true}"
2026-09-21T00:09:38.495Z,otel-collector-7c765745bf-hnzqr,5640ea7c-d391-4d91-a081-fdee2e1b37db,otel-collector,Running,True,1,1,0,"{""otel-collector"": 0}","{""otel-collector"": ""running""}",1,1,1,desktop-control-plane,True,"{""desktop-control-plane"": true}"
2026-09-21T00:09:38.495Z,postgres-676cc4986c-6s5kh,42b5b5b1-da74-46d8-bf66-d12e14fa3676,postgres,Running,True,1,1,0,"{""postgres"": 0}","{""postgres"": ""running""}",1,1,1,desktop-control-plane,True,"{""desktop-control-plane"": true}"
2026-09-21T00:09:38.495Z,prometheus-59f5cf7468-fksrh,de98abcd-712d-4d81-8fb2-59b3011304c6,prometheus,Running,True,1,1,0,"{""prometheus"": 0}","{""prometheus"": ""running""}",1,1,1,desktop-control-plane,True,"{""desktop-control-plane"": true}"
2026-09-21T00:09:38.495Z,rabbitmq-5cdf8f76b7-kdf8p,f02b29f9-8329-460a-9c69-31b755066885,rabbitmq,Running,True,1,1,0,"{""rabbitmq"": 0}","{""rabbitmq"": ""running""}",1,1,1,desktop-control-plane,True,"{""desktop-control-plane"": true}"
2026-09-21T00:09:38.495Z,worker-5799d849c5-66d8m,8d0e460a-5d59-44a2-9b1b-ce0d6f27aa11,worker,Running,True,1,1,0,"{""worker"": 0}","{""worker"": ""running""}",1,1,1,desktop-control-plane,True,"{""desktop-control-plane"": true}"
2026-09-21T00:09:43.495Z,api-5974b5bb7-lqxg5,b7340985-75b6-4ee6-94ae-219edb88b3cb,api,Running,True,1,1,0,"{""api"": 0}","{""api"": ""running""}",1,1,1,desktop-control-plane,True,"{""desktop-control-plane"": true}"
2026-09-21T00:09:43.495Z,flash-sale-image-loader,d97aac4b-6036-49d3-84fa-1eb65b06be9d,,Succeeded,False,0,1,0,"{""flash-sale-image-loader"": 0}","{""flash-sale-image-loader"": ""terminated""}",1,1,1,desktop-control-plane,True,"{""desktop-control-plane"": true}"
2026-09-21T00:09:43.495Z,gateway-d5b8cd646-k2t2j,73e11660-27e2-4f01-af00-a676bdd92091,gateway,Running,True,1,1,1,"{""gateway"": 1}","{""gateway"": ""running""}",1,1,1,desktop-control-plane,True,"{""desktop-control-plane"": true}"
2026-09-21T00:09:43.495Z,jaeger-7cc9b664cc-dkxmr,5f30629b-2b5b-4fec-9f8e-dd3583fe5c69,jaeger,Running,True,1,1,0,"{""jaeger"": 0}","{""jaeger"": ""running""}",1,1,1,desktop-control-plane,True,"{""desktop-control-plane"": true}"
2026-09-21T00:09:43.495Z,otel-collector-7c765745bf-hnzqr,5640ea7c-d391-4d91-a081-fdee2e1b37db,otel-collector,Running,True,1,1,0,"{""otel-collector"": 0}","{""otel-collector"": ""running""}",1,1,1,desktop-control-plane,True,"{""desktop-control-plane"": true}"
2026-09-21T00:09:43.495Z,postgres-676cc4986c-6s5kh,42b5b5b1-da74-46d8-bf66-d12e14fa3676,postgres,Running,True,1,1,0,"{""postgres"": 0}","{""postgres"": ""running""}",1,1,1,desktop-control-plane,True,"{""desktop-control-plane"": true}"
2026-09-21T00:09:43.495Z,prometheus-59f5cf7468-fksrh,de98abcd-712d-4d81-8fb2-59b3011304c6,prometheus,Running,True,1,1,0,"{""prometheus"": 0}","{""prometheus"": ""running""}",1,1,1,desktop-control-plane,True,"{""desktop-control-plane"": true}"
2026-09-21T00:09:43.495Z,rabbitmq-5cdf8f76b7-kdf8p,f02b29f9-8329-460a-9c69-31b755066885,rabbitmq,Running,True,1,1,0,"{""rabbitmq"": 0}","{""rabbitmq"": ""running""}",1,1,1,desktop-control-plane,True,"{""desktop-control-plane"": true}"
2026-09-21T00:09:43.495Z,worker-5799d849c5-66d8m,8d0e460a-5d59-44a2-9b1b-ce0d6f27aa11,worker,Running,True,1,1,0,"{""worker"": 0}","{""worker"": ""running""}",1,1,1,desktop-control-plane,True,"{""desktop-control-plane"": true}"
